timestamp,station_id,temperature_c,humidity_percent,pressure_hpa,wind_speed_mps,hour,day_of_year,sin_hour,cos_hour,sin_day,cos_day,target_temperature_1h_c,target_temperature_6h_c,target_temperature_24h_c
2026-01-01T00:00:00Z,BRT,6.31,86.1,980.5,15.81,0,1,0.0,1.0,0.0172,0.99985,7.67,7.65,6.07
2026-01-01T01:00:00Z,BRT,7.67,81.3,983.0,14.42,1,1,0.25882,0.96593,0.0172,0.99985,6.67,7.93,5.84
2026-01-01T02:00:00Z,BRT,6.67,80.4,984.6,15.66,2,1,0.5,0.86603,0.0172,0.99985,6.84,6.73,6.51
2026-01-01T03:00:00Z,BRT,6.84,87.0,984.8,14.14,3,1,0.70711,0.70711,0.0172,0.99985,7.39,5.91,8.23
2026-01-01T04:00:00Z,BRT,7.39,82.2,985.2,9.99,4,1,0.86603,0.5,0.0172,0.99985,8.03,5.65,8.92
2026-01-01T05:00:00Z,BRT,8.03,79.9,985.5,10.55,5,1,0.96593,0.25882,0.0172,0.99985,7.65,4.88,8.93
2026-01-01T06:00:00Z,BRT,7.65,77.5,989.2,11.57,6,1,1.0,0.0,0.0172,0.99985,7.93,5.03,8.29
2026-01-01T07:00:00Z,BRT,7.93,71.6,992.4,9.94,7,1,0.96593,-0.25882,0.0172,0.99985,6.73,6.06,8.79
2026-01-01T08:00:00Z,BRT,6.73,78.4,992.4,12.82,8,1,0.86603,-0.5,0.0172,0.99985,5.91,7.36,8.97
2026-01-01T09:00:00Z,BRT,5.91,85.2,992.4,14.91,9,1,0.70711,-0.70711,0.0172,0.99985,5.65,5.48,8.3
2026-01-01T10:00:00Z,BRT,5.65,75.2,994.2,10.83,10,1,0.5,-0.86603,0.0172,0.99985,4.88,6.0,7.98
2026-01-01T11:00:00Z,BRT,4.88,73.7,994.6,8.19,11,1,0.25882,-0.96593,0.0172,0.99985,5.03,5.62,6.83
2026-01-01T12:00:00Z,BRT,5.03,74.5,994.3,11.53,12,1,0.0,-1.0,0.0172,0.99985,6.06,5.07,5.92
2026-01-01T13:00:00Z,BRT,6.06,71.8,997.2,9.77,13,1,-0.25882,-0.96593,0.0172,0.99985,7.36,4.65,5.4
2026-01-01T14:00:00Z,BRT,7.36,71.9,998.7,9.43,14,1,-0.5,-0.86603,0.0172,0.99985,5.48,4.35,4.6
2026-01-01T15:00:00Z,BRT,5.48,75.2,997.5,10.55,15,1,-0.70711,-0.70711,0.0172,0.99985,6.0,5.08,5.42
2026-01-01T16:00:00Z,BRT,6.0,77.5,1002.0,6.6,16,1,-0.86603,-0.5,0.0172,0.99985,5.62,5.64,8.04
2026-01-01T17:00:00Z,BRT,5.62,74.4,1003.8,9.02,17,1,-0.96593,-0.25882,0.0172,0.99985,5.07,5.75,7.01
2026-01-01T18:00:00Z,BRT,5.07,60.5,1005.2,11.75,18,1,-1.0,-0.0,0.0172,0.99985,4.65,6.07,7.43
2026-01-01T19:00:00Z,BRT,4.65,60.2,1006.8,6.14,19,1,-0.96593,0.25882,0.0172,0.99985,4.35,5.84,9.74
2026-01-01T20:00:00Z,BRT,4.35,60.0,1010.8,4.25,20,1,-0.86603,0.5,0.0172,0.99985,5.08,6.51,10.0
2026-01-01T21:00:00Z,BRT,5.08,46.4,1016.1,0.67,21,1,-0.70711,0.70711,0.0172,0.99985,5.64,8.23,9.2
2026-01-01T22:00:00Z,BRT,5.64,60.4,1013.9,5.18,22,1,-0.5,0.86603,0.0172,0.99985,5.75,8.92,7.97
2026-01-01T23:00:00Z,BRT,5.75,60.1,1014.7,5.61,23,1,-0.25882,0.96593,0.0172,0.99985,6.07,8.93,8.83
2026-01-02T00:00:00Z,BRT,6.07,50.1,1018.1,3.75,0,2,0.0,1.0,0.0344,0.99941,5.84,8.29,9.33
2026-01-02T01:00:00Z,BRT,5.84,44.6,1019.1,3.41,1,2,0.25882,0.96593,0.0344,0.99941,6.51,8.79,10.0
2026-01-02T02:00:00Z,BRT,6.51,53.3,1021.9,5.2,2,2,0.5,0.86603,0.0344,0.99941,8.23,8.97,10.0
2026-01-02T03:00:00Z,BRT,8.23,51.7,1022.7,2.09,3,2,0.70711,0.70711,0.0344,0.99941,8.92,8.3,9.17
2026-01-02T04:00:00Z,BRT,8.92,51.6,1021.1,1.78,4,2,0.86603,0.5,0.0344,0.99941,8.93,7.98,10.0
2026-01-02T05:00:00Z,BRT,8.93,44.6,1020.1,3.16,5,2,0.96593,0.25882,0.0344,0.99941,8.29,6.83,10.0
2026-01-02T06:00:00Z,BRT,8.29,59.6,1021.2,1.48,6,2,1.0,0.0,0.0344,0.99941,8.79,5.92,10.0
2026-01-02T07:00:00Z,BRT,8.79,48.5,1020.6,7.11,7,2,0.96593,-0.25882,0.0344,0.99941,8.97,5.4,9.55
2026-01-02T08:00:00Z,BRT,8.97,49.3,1021.5,0.2,8,2,0.86603,-0.5,0.0344,0.99941,8.3,4.6,9.71
2026-01-02T09:00:00Z,BRT,8.3,46.9,1020.3,3.9,9,2,0.70711,-0.70711,0.0344,0.99941,7.98,5.42,9.42
2026-01-02T10:00:00Z,BRT,7.98,57.4,1021.6,4.95,10,2,0.5,-0.86603,0.0344,0.99941,6.83,8.04,8.66
2026-01-02T11:00:00Z,BRT,6.83,56.5,1015.1,4.9,11,2,0.25882,-0.96593,0.0344,0.99941,5.92,7.01,8.49
2026-01-02T12:00:00Z,BRT,5.92,53.3,1015.0,2.53,12,2,0.0,-1.0,0.0344,0.99941,5.4,7.43,8.94
2026-01-02T13:00:00Z,BRT,5.4,52.8,1013.0,8.36,13,2,-0.25882,-0.96593,0.0344,0.99941,4.6,9.74,7.35
2026-01-02T14:00:00Z,BRT,4.6,61.4,1009.1,9.61,14,2,-0.5,-0.86603,0.0344,0.99941,5.42,10.0,8.77
2026-01-02T15:00:00Z,BRT,5.42,67.2,1006.2,8.29,15,2,-0.70711,-0.70711,0.0344,0.99941,8.04,9.2,7.79
2026-01-02T16:00:00Z,BRT,8.04,75.5,1004.8,31.41,16,2,-0.86603,-0.5,0.0344,0.99941,7.01,7.97,7.6
2026-01-02T17:00:00Z,BRT,7.01,63.5,1006.2,26.54,17,2,-0.96593,-0.25882,0.0344,0.99941,7.43,8.83,8.05
2026-01-02T18:00:00Z,BRT,7.43,74.0,1005.8,28.11,18,2,-1.0,-0.0,0.0344,0.99941,9.74,9.33,10.0
2026-01-02T19:00:00Z,BRT,9.74,63.5,1002.5,35.76,19,2,-0.96593,0.25882,0.0344,0.99941,10.0,10.0,10.0
2026-01-02T20:00:00Z,BRT,10.0,71.8,1002.8,34.31,20,2,-0.86603,0.5,0.0344,0.99941,9.2,10.0,10.0
2026-01-02T21:00:00Z,BRT,9.2,75.7,1004.6,33.26,21,2,-0.70711,0.70711,0.0344,0.99941,7.97,9.17,9.88
2026-01-02T22:00:00Z,BRT,7.97,74.6,1002.9,29.81,22,2,-0.5,0.86603,0.0344,0.99941,8.83,10.0,8.9
2026-01-02T23:00:00Z,BRT,8.83,76.0,1000.9,33.57,23,2,-0.25882,0.96593,0.0344,0.99941,9.33,10.0,4.09
2026-01-03T00:00:00Z,BRT,9.33,74.2,996.6,35.02,0,3,0.0,1.0,0.05158,0.99867,10.0,10.0,4.21
2026-01-03T01:00:00Z,BRT,10.0,82.3,998.1,32.57,1,3,0.25882,0.96593,0.05158,0.99867,10.0,9.55,4.66
2026-01-03T02:00:00Z,BRT,10.0,78.3,993.2,33.06,2,3,0.5,0.86603,0.05158,0.99867,9.17,9.71,6.57
2026-01-03T03:00:00Z,BRT,9.17,85.0,992.5,30.43,3,3,0.70711,0.70711,0.05158,0.99867,10.0,9.42,6.53
2026-01-03T04:00:00Z,BRT,10.0,78.5,992.7,32.65,4,3,0.86603,0.5,0.05158,0.99867,10.0,8.66,7.1
2026-01-03T05:00:00Z,BRT,10.0,85.2,993.2,30.54,5,3,0.96593,0.25882,0.05158,0.99867,10.0,8.49,7.88
2026-01-03T06:00:00Z,BRT,10.0,73.3,995.2,34.91,6,3,1.0,0.0,0.05158,0.99867,9.55,8.94,7.37
2026-01-03T07:00:00Z,BRT,9.55,82.0,995.0,32.8,7,3,0.96593,-0.25882,0.05158,0.99867,9.71,7.35,8.01
2026-01-03T08:00:00Z,BRT,9.71,82.3,991.6,37.18,8,3,0.86603,-0.5,0.05158,0.99867,9.42,8.77,7.95
2026-01-03T09:00:00Z,BRT,9.42,83.2,989.2,33.91,9,3,0.70711,-0.70711,0.05158,0.99867,8.66,7.79,7.0
2026-01-03T10:00:00Z,BRT,8.66,81.4,985.7,34.58,10,3,0.5,-0.86603,0.05158,0.99867,8.49,7.6,6.92
2026-01-03T11:00:00Z,BRT,8.49,99.0,984.6,34.66,11,3,0.25882,-0.96593,0.05158,0.99867,8.94,8.05,6.84
2026-01-03T12:00:00Z,BRT,8.94,92.4,984.6,36.46,12,3,0.0,-1.0,0.05158,0.99867,7.35,10.0,7.43
2026-01-03T13:00:00Z,BRT,7.35,83.3,985.8,33.52,13,3,-0.25882,-0.96593,0.05158,0.99867,8.77,10.0,8.05
2026-01-03T14:00:00Z,BRT,8.77,90.7,985.0,37.33,14,3,-0.5,-0.86603,0.05158,0.99867,7.79,10.0,6.21
2026-01-03T15:00:00Z,BRT,7.79,96.3,985.0,35.65,15,3,-0.70711,-0.70711,0.05158,0.99867,7.6,9.88,6.08
2026-01-03T16:00:00Z,BRT,7.6,90.8,985.3,37.04,16,3,-0.86603,-0.5,0.05158,0.99867,8.05,8.9,6.58
2026-01-03T17:00:00Z,BRT,8.05,90.8,984.3,38.16,17,3,-0.96593,-0.25882,0.05158,0.99867,10.0,4.09,7.4
2026-01-03T18:00:00Z,BRT,10.0,87.0,985.9,36.36,18,3,-1.0,-0.0,0.05158,0.99867,10.0,4.21,7.4
2026-01-03T19:00:00Z,BRT,10.0,87.0,985.0,39.84,19,3,-0.96593,0.25882,0.05158,0.99867,10.0,4.66,8.3
2026-01-03T20:00:00Z,BRT,10.0,88.6,985.5,34.53,20,3,-0.86603,0.5,0.05158,0.99867,9.88,6.57,7.5
2026-01-03T21:00:00Z,BRT,9.88,85.9,987.7,36.44,21,3,-0.70711,0.70711,0.05158,0.99867,8.9,6.53,6.67
2026-01-03T22:00:00Z,BRT,8.9,79.6,989.5,33.9,22,3,-0.5,0.86603,0.05158,0.99867,4.09,7.1,6.87
2026-01-03T23:00:00Z,BRT,4.09,85.3,986.2,11.65,23,3,-0.25882,0.96593,0.05158,0.99867,4.21,7.88,6.9
2026-01-04T00:00:00Z,BRT,4.21,73.8,988.9,12.9,0,4,0.0,1.0,0.06876,0.99763,4.66,7.37,6.8
2026-01-04T01:00:00Z,BRT,4.66,74.9,988.4,10.78,1,4,0.25882,0.96593,0.06876,0.99763,6.57,8.01,7.78
2026-01-04T02:00:00Z,BRT,6.57,88.4,983.0,15.17,2,4,0.5,0.86603,0.06876,0.99763,6.53,7.95,7.63
2026-01-04T03:00:00Z,BRT,6.53,79.3,983.5,12.8,3,4,0.70711,0.70711,0.06876,0.99763,7.1,7.0,8.89
2026-01-04T04:00:00Z,BRT,7.1,89.4,984.9,15.99,4,4,0.86603,0.5,0.06876,0.99763,7.88,6.92,9.38
2026-01-04T05:00:00Z,BRT,7.88,84.3,986.2,16.26,5,4,0.96593,0.25882,0.06876,0.99763,7.37,6.84,10.0
2026-01-04T06:00:00Z,BRT,7.37,85.2,984.0,12.28,6,4,1.0,0.0,0.06876,0.99763,8.01,7.43,10.0
2026-01-04T07:00:00Z,BRT,8.01,83.1,989.9,13.94,7,4,0.96593,-0.25882,0.06876,0.99763,7.95,8.05,9.97
2026-01-04T08:00:00Z,BRT,7.95,81.1,990.2,12.76,8,4,0.86603,-0.5,0.06876,0.99763,7.0,6.21,8.67
2026-01-04T09:00:00Z,BRT,7.0,70.8,991.2,11.53,9,4,0.70711,-0.70711,0.06876,0.99763,6.92,6.08,10.0
2026-01-04T10:00:00Z,BRT,6.92,78.6,992.6,14.42,10,4,0.5,-0.86603,0.06876,0.99763,6.84,6.58,6.96
2026-01-04T11:00:00Z,BRT,6.84,78.8,989.0,9.08,11,4,0.25882,-0.96593,0.06876,0.99763,7.43,7.4,8.02
2026-01-04T12:00:00Z,BRT,7.43,71.1,991.1,8.3,12,4,0.0,-1.0,0.06876,0.99763,8.05,7.4,8.66
2026-01-04T13:00:00Z,BRT,8.05,79.0,988.1,10.86,13,4,-0.25882,-0.96593,0.06876,0.99763,6.21,8.3,8.59
2026-01-04T14:00:00Z,BRT,6.21,73.7,988.4,13.94,14,4,-0.5,-0.86603,0.06876,0.99763,6.08,7.5,10.0
2026-01-04T15:00:00Z,BRT,6.08,84.1,985.0,11.09,15,4,-0.70711,-0.70711,0.06876,0.99763,6.58,6.67,10.0
2026-01-04T16:00:00Z,BRT,6.58,86.8,985.7,11.2,16,4,-0.86603,-0.5,0.06876,0.99763,7.4,6.87,10.0
2026-01-04T17:00:00Z,BRT,7.4,74.7,985.9,13.1,17,4,-0.96593,-0.25882,0.06876,0.99763,7.4,6.9,10.0
2026-01-04T18:00:00Z,BRT,7.4,79.5,988.3,11.83,18,4,-1.0,-0.0,0.06876,0.99763,8.3,6.8,7.9
2026-01-04T19:00:00Z,BRT,8.3,77.4,990.2,9.26,19,4,-0.96593,0.25882,0.06876,0.99763,7.5,7.78,8.52
2026-01-04T20:00:00Z,BRT,7.5,87.6,990.0,13.23,20,4,-0.86603,0.5,0.06876,0.99763,6.67,7.63,8.59
2026-01-04T21:00:00Z,BRT,6.67,78.7,988.4,13.83,21,4,-0.70711,0.70711,0.06876,0.99763,6.87,8.89,7.94
2026-01-04T22:00:00Z,BRT,6.87,85.9,987.7,11.46,22,4,-0.5,0.86603,0.06876,0.99763,6.9,9.38,8.66
2026-01-04T23:00:00Z,BRT,6.9,80.2,988.8,9.36,23,4,-0.25882,0.96593,0.06876,0.99763,6.8,10.0,7.51
2026-01-05T00:00:00Z,BRT,6.8,81.5,987.9,11.91,0,5,0.0,1.0,0.08591,0.9963,7.78,10.0,7.84
2026-01-05T01:00:00Z,BRT,7.78,85.4,986.4,6.29,1,5,0.25882,0.96593,0.08591,0.9963,7.63,9.97,8.26
2026-01-05T02:00:00Z,BRT,7.63,84.6,987.2,11.34,2,5,0.5,0.86603,0.08591,0.9963,8.89,8.67,8.35
2026-01-05T03:00:00Z,BRT,8.89,77.2,985.5,13.88,3,5,0.70711,0.70711,0.08591,0.9963,9.38,10.0,8.35
2026-01-05T04:00:00Z,BRT,9.38,85.6,988.7,11.68,4,5,0.86603,0.5,0.08591,0.9963,10.0,6.96,7.72
2026-01-05T05:00:00Z,BRT,10.0,79.3,986.9,12.33,5,5,0.96593,0.25882,0.08591,0.9963,10.0,8.02,6.95
2026-01-05T06:00:00Z,BRT,10.0,72.9,984.0,12.69,6,5,1.0,0.0,0.08591,0.9963,9.97,8.66,7.57
2026-01-05T07:00:00Z,BRT,9.97,91.5,982.2,13.62,7,5,0.96593,-0.25882,0.08591,0.9963,8.67,8.59,7.38
2026-01-05T08:00:00Z,BRT,8.67,90.7,978.3,12.26,8,5,0.86603,-0.5,0.08591,0.9963,10.0,10.0,7.29
2026-01-05T09:00:00Z,BRT,10.0,92.7,977.5,17.29,9,5,0.70711,-0.70711,0.08591,0.9963,6.96,10.0,8.53
2026-01-05T10:00:00Z,BRT,6.96,99.0,978.4,16.16,10,5,0.5,-0.86603,0.08591,0.9963,8.02,10.0,8.88
2026-01-05T11:00:00Z,BRT,8.02,76.3,981.3,14.65,11,5,0.25882,-0.96593,0.08591,0.9963,8.66,10.0,8.8
2026-01-05T12:00:00Z,BRT,8.66,81.3,982.3,16.59,12,5,0.0,-1.0,0.08591,0.9963,8.59,7.9,8.63
2026-01-05T13:00:00Z,BRT,8.59,85.5,980.0,11.09,13,5,-0.25882,-0.96593,0.08591,0.9963,10.0,8.52,8.71
2026-01-05T14:00:00Z,BRT,10.0,92.6,977.8,16.56,14,5,-0.5,-0.86603,0.08591,0.9963,10.0,8.59,7.8
2026-01-05T15:00:00Z,BRT,10.0,84.9,977.6,11.35,15,5,-0.70711,-0.70711,0.08591,0.9963,10.0,7.94,8.5
2026-01-05T16:00:00Z,BRT,10.0,90.0,977.6,17.95,16,5,-0.86603,-0.5,0.08591,0.9963,10.0,8.66,8.26
2026-01-05T17:00:00Z,BRT,10.0,89.6,976.9,12.39,17,5,-0.96593,-0.25882,0.08591,0.9963,7.9,7.51,8.21
2026-01-05T18:00:00Z,BRT,7.9,80.0,980.5,14.58,18,5,-1.0,-0.0,0.08591,0.9963,8.52,7.84,7.66
2026-01-05T19:00:00Z,BRT,8.52,79.5,979.8,13.98,19,5,-0.96593,0.25882,0.08591,0.9963,8.59,8.26,7.36
2026-01-05T20:00:00Z,BRT,8.59,83.6,979.0,10.96,20,5,-0.86603,0.5,0.08591,0.9963,7.94,8.35,7.29
2026-01-05T21:00:00Z,BRT,7.94,89.7,979.4,16.97,21,5,-0.70711,0.70711,0.08591,0.9963,8.66,8.35,7.57
2026-01-05T22:00:00Z,BRT,8.66,87.1,978.8,18.06,22,5,-0.5,0.86603,0.08591,0.9963,7.51,7.72,7.91
2026-01-05T23:00:00Z,BRT,7.51,81.3,979.5,11.02,23,5,-0.25882,0.96593,0.08591,0.9963,7.84,6.95,8.55
2026-01-06T00:00:00Z,BRT,7.84,81.7,980.4,15.75,0,6,0.0,1.0,0.10303,0.99468,8.26,7.57,9.39
2026-01-06T01:00:00Z,BRT,8.26,83.9,982.4,12.9,1,6,0.25882,0.96593,0.10303,0.99468,8.35,7.38,9.29
2026-01-06T02:00:00Z,BRT,8.35,82.6,981.7,14.39,2,6,0.5,0.86603,0.10303,0.99468,8.35,7.29,7.9
2026-01-06T03:00:00Z,BRT,8.35,76.1,985.0,11.65,3,6,0.70711,0.70711,0.10303,0.99468,7.72,8.53,7.63
2026-01-06T04:00:00Z,BRT,7.72,76.9,985.3,10.3,4,6,0.86603,0.5,0.10303,0.99468,6.95,8.88,7.84
2026-01-06T05:00:00Z,BRT,6.95,78.0,985.5,16.32,5,6,0.96593,0.25882,0.10303,0.99468,7.57,8.8,6.83
2026-01-06T06:00:00Z,BRT,7.57,88.3,984.0,14.22,6,6,1.0,0.0,0.10303,0.99468,7.38,8.63,7.11
2026-01-06T07:00:00Z,BRT,7.38,74.1,987.2,15.43,7,6,0.96593,-0.25882,0.10303,0.99468,7.29,8.71,7.38
2026-01-06T08:00:00Z,BRT,7.29,69.3,987.8,11.86,8,6,0.86603,-0.5,0.10303,0.99468,8.53,7.8,6.1
2026-01-06T09:00:00Z,BRT,8.53,79.4,990.9,16.7,9,6,0.70711,-0.70711,0.10303,0.99468,8.88,8.5,6.35
2026-01-06T10:00:00Z,BRT,8.88,73.6,993.4,10.44,10,6,0.5,-0.86603,0.10303,0.99468,8.8,8.26,6.43
2026-01-06T11:00:00Z,BRT,8.8,75.8,994.6,13.19,11,6,0.25882,-0.96593,0.10303,0.99468,8.63,8.21,6.23
2026-01-06T12:00:00Z,BRT,8.63,82.1,994.3,10.44,12,6,0.0,-1.0,0.10303,0.99468,8.71,7.66,4.97
2026-01-06T13:00:00Z,BRT,8.71,64.9,995.2,14.01,13,6,-0.25882,-0.96593,0.10303,0.99468,7.8,7.36,4.86
2026-01-06T14:00:00Z,BRT,7.8,65.7,996.3,8.77,14,6,-0.5,-0.86603,0.10303,0.99468,8.5,7.29,4.67
2026-01-06T15:00:00Z,BRT,8.5,69.1,997.0,11.16,15,6,-0.70711,-0.70711,0.10303,0.99468,8.26,7.57,4.54
2026-01-06T16:00:00Z,BRT,8.26,68.4,1001.8,12.28,16,6,-0.86603,-0.5,0.10303,0.99468,8.21,7.91,3.95
2026-01-06T17:00:00Z,BRT,8.21,71.0,1000.9,9.53,17,6,-0.96593,-0.25882,0.10303,0.99468,7.66,8.55,4.39
2026-01-06T18:00:00Z,BRT,7.66,69.1,1000.8,11.88,18,6,-1.0,-0.0,0.10303,0.99468,7.36,9.39,4.1
2026-01-06T19:00:00Z,BRT,7.36,68.2,1004.5,6.93,19,6,-0.96593,0.25882,0.10303,0.99468,7.29,9.29,4.12
2026-01-06T20:00:00Z,BRT,7.29,63.3,1007.8,6.69,20,6,-0.86603,0.5,0.10303,0.99468,7.57,7.9,4.37
2026-01-06T21:00:00Z,BRT,7.57,57.2,1008.1,10.11,21,6,-0.70711,0.70711,0.10303,0.99468,7.91,7.63,5.47
2026-01-06T22:00:00Z,BRT,7.91,54.9,1009.7,11.29,22,6,-0.5,0.86603,0.10303,0.99468,8.55,7.84,4.81
2026-01-06T23:00:00Z,BRT,8.55,60.9,1010.4,5.5,23,6,-0.25882,0.96593,0.10303,0.99468,9.39,6.83,5.19
2026-01-07T00:00:00Z,BRT,9.39,59.9,1011.3,6.73,0,7,0.0,1.0,0.12013,0.99276,9.29,7.11,5.11
2026-01-07T01:00:00Z,BRT,9.29,57.6,1010.5,9.51,1,7,0.25882,0.96593,0.12013,0.99276,7.9,7.38,5.07
2026-01-07T02:00:00Z,BRT,7.9,64.0,1014.1,4.15,2,7,0.5,0.86603,0.12013,0.99276,7.63,6.1,5.5
2026-01-07T03:00:00Z,BRT,7.63,58.5,1014.5,4.21,3,7,0.70711,0.70711,0.12013,0.99276,7.84,6.35,5.12
2026-01-07T04:00:00Z,BRT,7.84,52.5,1017.4,3.91,4,7,0.86603,0.5,0.12013,0.99276,6.83,6.43,6.06
2026-01-07T05:00:00Z,BRT,6.83,58.5,1016.9,6.51,5,7,0.96593,0.25882,0.12013,0.99276,7.11,6.23,5.52
2026-01-07T06:00:00Z,BRT,7.11,50.4,1019.1,0.96,6,7,1.0,0.0,0.12013,0.99276,7.38,4.97,6.47
2026-01-07T07:00:00Z,BRT,7.38,53.3,1018.2,3.18,7,7,0.96593,-0.25882,0.12013,0.99276,6.1,4.86,6.85
2026-01-07T08:00:00Z,BRT,6.1,57.6,1014.3,5.34,8,7,0.86603,-0.5,0.12013,0.99276,6.35,4.67,3.51
2026-01-07T09:00:00Z,BRT,6.35,48.6,1016.0,7.52,9,7,0.70711,-0.70711,0.12013,0.99276,6.43,4.54,4.19
2026-01-07T10:00:00Z,BRT,6.43,49.4,1014.0,3.9,10,7,0.5,-0.86603,0.12013,0.99276,6.23,3.95,4.25
2026-01-07T11:00:00Z,BRT,6.23,64.0,1015.5,4.96,11,7,0.25882,-0.96593,0.12013,0.99276,4.97,4.39,4.76
2026-01-07T12:00:00Z,BRT,4.97,67.0,1012.7,6.79,12,7,0.0,-1.0,0.12013,0.99276,4.86,4.1,4.18
2026-01-07T13:00:00Z,BRT,4.86,66.9,1009.5,10.38,13,7,-0.25882,-0.96593,0.12013,0.99276,4.67,4.12,4.56
2026-01-07T14:00:00Z,BRT,4.67,65.9,1008.5,4.15,14,7,-0.5,-0.86603,0.12013,0.99276,4.54,4.37,3.95
2026-01-07T15:00:00Z,BRT,4.54,58.2,1007.1,6.89,15,7,-0.70711,-0.70711,0.12013,0.99276,3.95,5.47,4.51
2026-01-07T16:00:00Z,BRT,3.95,77.1,1004.8,12.46,16,7,-0.86603,-0.5,0.12013,0.99276,4.39,4.81,5.24
2026-01-07T17:00:00Z,BRT,4.39,60.4,1004.6,9.82,17,7,-0.96593,-0.25882,0.12013,0.99276,4.1,5.19,5.25
2026-01-07T18:00:00Z,BRT,4.1,64.3,1003.4,8.25,18,7,-1.0,-0.0,0.12013,0.99276,4.12,5.11,5.37
2026-01-07T19:00:00Z,BRT,4.12,60.4,1002.2,9.21,19,7,-0.96593,0.25882,0.12013,0.99276,4.37,5.07,4.6
2026-01-07T20:00:00Z,BRT,4.37,60.5,1007.0,3.87,20,7,-0.86603,0.5,0.12013,0.99276,5.47,5.5,6.74
2026-01-07T21:00:00Z,BRT,5.47,65.7,1008.7,7.9,21,7,-0.70711,0.70711,0.12013,0.99276,4.81,5.12,7.55
2026-01-07T22:00:00Z,BRT,4.81,58.4,1009.5,6.88,22,7,-0.5,0.86603,0.12013,0.99276,5.19,6.06,7.79
2026-01-07T23:00:00Z,BRT,5.19,61.1,1010.1,5.22,23,7,-0.25882,0.96593,0.12013,0.99276,5.11,5.52,7.51
2026-01-08T00:00:00Z,BRT,5.11,61.9,1009.4,6.57,0,8,0.0,1.0,0.13719,0.99055,5.07,6.47,8.71
2026-01-08T01:00:00Z,BRT,5.07,60.9,1010.6,5.65,1,8,0.25882,0.96593,0.13719,0.99055,5.5,6.85,8.81
2026-01-08T02:00:00Z,BRT,5.5,51.8,1008.8,4.81,2,8,0.5,0.86603,0.13719,0.99055,5.12,3.51,8.44
2026-01-08T03:00:00Z,BRT,5.12,55.5,1010.2,5.21,3,8,0.70711,0.70711,0.13719,0.99055,6.06,4.19,8.3
2026-01-08T04:00:00Z,BRT,6.06,68.5,1005.1,4.3,4,8,0.86603,0.5,0.13719,0.99055,5.52,4.25,9.89
2026-01-08T05:00:00Z,BRT,5.52,61.9,1007.1,8.85,5,8,0.96593,0.25882,0.13719,0.99055,6.47,4.76,9.14
2026-01-08T06:00:00Z,BRT,6.47,60.6,1005.3,7.72,6,8,1.0,0.0,0.13719,0.99055,6.85,4.18,8.06
2026-01-08T07:00:00Z,BRT,6.85,60.1,1005.8,3.24,7,8,0.96593,-0.25882,0.13719,0.99055,3.51,4.56,7.64
2026-01-08T08:00:00Z,BRT,3.51,77.3,1002.3,5.64,8,8,0.86603,-0.5,0.13719,0.99055,4.19,3.95,7.76
2026-01-08T09:00:00Z,BRT,4.19,73.5,1002.3,9.81,9,8,0.70711,-0.70711,0.13719,0.99055,4.25,4.51,6.86
2026-01-08T10:00:00Z,BRT,4.25,63.5,1003.2,10.61,10,8,0.5,-0.86603,0.13719,0.99055,4.76,5.24,8.69
2026-01-08T11:00:00Z,BRT,4.76,70.0,1003.3,9.67,11,8,0.25882,-0.96593,0.13719,0.99055,4.18,5.25,6.01
2026-01-08T12:00:00Z,BRT,4.18,50.4,1004.9,6.02,12,8,0.0,-1.0,0.13719,0.99055,4.56,5.37,6.35
2026-01-08T13:00:00Z,BRT,4.56,78.3,1002.5,12.49,13,8,-0.25882,-0.96593,0.13719,0.99055,3.95,4.6,4.7
2026-01-08T14:00:00Z,BRT,3.95,69.3,1004.1,7.94,14,8,-0.5,-0.86603,0.13719,0.99055,4.51,6.74,3.9
2026-01-08T15:00:00Z,BRT,4.51,69.8,1004.2,9.86,15,8,-0.70711,-0.70711,0.13719,0.99055,5.24,7.55,3.28
2026-01-08T16:00:00Z,BRT,5.24,81.2,998.0,11.26,16,8,-0.86603,-0.5,0.13719,0.99055,5.25,7.79,3.32
2026-01-08T17:00:00Z,BRT,5.25,72.1,995.4,9.75,17,8,-0.96593,-0.25882,0.13719,0.99055,5.37,7.51,4.17
2026-01-08T18:00:00Z,BRT,5.37,62.4,995.8,8.45,18,8,-1.0,-0.0,0.13719,0.99055,4.6,8.71,4.26
2026-01-08T19:00:00Z,BRT,4.6,81.3,993.6,10.55,19,8,-0.96593,0.25882,0.13719,0.99055,6.74,8.81,3.84
2026-01-08T20:00:00Z,BRT,6.74,88.9,992.6,13.53,20,8,-0.86603,0.5,0.13719,0.99055,7.55,8.44,2.68
2026-01-08T21:00:00Z,BRT,7.55,69.7,990.2,8.74,21,8,-0.70711,0.70711,0.13719,0.99055,7.79,8.3,3.86
2026-01-08T22:00:00Z,BRT,7.79,79.2,987.9,13.73,22,8,-0.5,0.86603,0.13719,0.99055,7.51,9.89,3.44
2026-01-08T23:00:00Z,BRT,7.51,82.6,986.0,14.5,23,8,-0.25882,0.96593,0.13719,0.99055,8.71,9.14,2.93
2026-01-09T00:00:00Z,BRT,8.71,84.6,985.2,13.87,0,9,0.0,1.0,0.1542,0.98804,8.81,8.06,3.44
2026-01-09T01:00:00Z,BRT,8.81,85.8,985.0,13.16,1,9,0.25882,0.96593,0.1542,0.98804,8.44,7.64,4.86
2026-01-09T02:00:00Z,BRT,8.44,87.5,981.6,16.99,2,9,0.5,0.86603,0.1542,0.98804,8.3,7.76,9.28
2026-01-09T03:00:00Z,BRT,8.3,82.1,983.6,14.84,3,9,0.70711,0.70711,0.1542,0.98804,9.89,6.86,4.22
2026-01-09T04:00:00Z,BRT,9.89,85.9,982.6,15.77,4,9,0.86603,0.5,0.1542,0.98804,9.14,8.69,4.01
2026-01-09T05:00:00Z,BRT,9.14,76.5,981.6,13.66,5,9,0.96593,0.25882,0.1542,0.98804,8.06,6.01,3.59
2026-01-09T06:00:00Z,BRT,8.06,87.3,980.5,17.29,6,9,1.0,0.0,0.1542,0.98804,7.64,6.35,3.55
2026-01-09T07:00:00Z,BRT,7.64,82.3,978.8,12.24,7,9,0.96593,-0.25882,0.1542,0.98804,7.76,4.7,4.16
2026-01-09T08:00:00Z,BRT,7.76,92.0,981.9,17.12,8,9,0.86603,-0.5,0.1542,0.98804,6.86,3.9,3.2
2026-01-09T09:00:00Z,BRT,6.86,85.7,980.7,12.84,9,9,0.70711,-0.70711,0.1542,0.98804,8.69,3.28,8.0
2026-01-09T10:00:00Z,BRT,8.69,95.0,983.0,17.21,10,9,0.5,-0.86603,0.1542,0.98804,6.01,3.32,2.93
2026-01-09T11:00:00Z,BRT,6.01,86.4,979.8,15.35,11,9,0.25882,-0.96593,0.1542,0.98804,6.35,4.17,4.0
2026-01-09T12:00:00Z,BRT,6.35,90.4,982.0,13.22,12,9,0.0,-1.0,0.1542,0.98804,4.7,4.26,8.73
2026-01-09T13:00:00Z,BRT,4.7,75.5,985.3,12.34,13,9,-0.25882,-0.96593,0.1542,0.98804,3.9,3.84,3.38
2026-01-09T14:00:00Z,BRT,3.9,79.6,985.0,12.4,14,9,-0.5,-0.86603,0.1542,0.98804,3.28,2.68,4.35
2026-01-09T15:00:00Z,BRT,3.28,92.6,984.2,16.41,15,9,-0.70711,-0.70711,0.1542,0.98804,3.32,3.86,4.99
2026-01-09T16:00:00Z,BRT,3.32,88.2,985.5,14.14,16,9,-0.86603,-0.5,0.1542,0.98804,4.17,3.44,4.8
2026-01-09T17:00:00Z,BRT,4.17,73.5,983.2,11.62,17,9,-0.96593,-0.25882,0.1542,0.98804,4.26,2.93,3.89
2026-01-09T18:00:00Z,BRT,4.26,83.7,983.1,16.71,18,9,-1.0,-0.0,0.1542,0.98804,3.84,3.44,4.78
2026-01-09T19:00:00Z,BRT,3.84,93.8,983.7,18.48,19,9,-0.96593,0.25882,0.1542,0.98804,2.68,4.86,3.56
2026-01-09T20:00:00Z,BRT,2.68,88.9,985.9,13.33,20,9,-0.86603,0.5,0.1542,0.98804,3.86,9.28,2.9
2026-01-09T21:00:00Z,BRT,3.86,79.3,986.4,12.25,21,9,-0.70711,0.70711,0.1542,0.98804,3.44,4.22,2.08
2026-01-09T22:00:00Z,BRT,3.44,87.3,986.9,12.82,22,9,-0.5,0.86603,0.1542,0.98804,2.93,4.01,2.57
2026-01-09T23:00:00Z,BRT,2.93,86.7,986.4,10.45,23,9,-0.25882,0.96593,0.1542,0.98804,3.44,3.59,3.09
2026-01-10T00:00:00Z,BRT,3.44,84.0,983.0,13.51,0,10,0.0,1.0,0.17118,0.98524,4.86,3.55,2.26
2026-01-10T01:00:00Z,BRT,4.86,86.8,978.8,12.66,1,10,0.25882,0.96593,0.17118,0.98524,9.28,4.16,2.17
2026-01-10T02:00:00Z,BRT,9.28,88.2,976.8,15.31,2,10,0.5,0.86603,0.17118,0.98524,4.22,3.2,2.21
2026-01-10T03:00:00Z,BRT,4.22,92.2,978.3,17.31,3,10,0.70711,0.70711,0.17118,0.98524,4.01,8.0,2.71
2026-01-10T04:00:00Z,BRT,4.01,96.8,978.6,12.49,4,10,0.86603,0.5,0.17118,0.98524,3.59,2.93,1.88
2026-01-10T05:00:00Z,BRT,3.59,80.9,979.9,14.8,5,10,0.96593,0.25882,0.17118,0.98524,3.55,4.0,2.22
2026-01-10T06:00:00Z,BRT,3.55,88.5,980.3,15.1,6,10,1.0,0.0,0.17118,0.98524,4.16,8.73,2.08
2026-01-10T07:00:00Z,BRT,4.16,95.3,980.0,14.88,7,10,0.96593,-0.25882,0.17118,0.98524,3.2,3.38,2.72
2026-01-10T08:00:00Z,BRT,3.2,87.6,979.2,14.33,8,10,0.86603,-0.5,0.17118,0.98524,8.0,4.35,3.22
2026-01-10T09:00:00Z,BRT,8.0,90.5,977.2,13.83,9,10,0.70711,-0.70711,0.17118,0.98524,2.93,4.99,3.03
2026-01-10T10:00:00Z,BRT,2.93,87.6,979.3,13.28,10,10,0.5,-0.86603,0.17118,0.98524,4.0,4.8,4.81
2026-01-10T11:00:00Z,BRT,4.0,86.0,978.9,12.77,11,10,0.25882,-0.96593,0.17118,0.98524,8.73,3.89,3.55
2026-01-10T12:00:00Z,BRT,8.73,92.5,976.4,15.39,12,10,0.0,-1.0,0.17118,0.98524,3.38,4.78,3.51
2026-01-10T13:00:00Z,BRT,3.38,85.7,982.5,11.72,13,10,-0.25882,-0.96593,0.17118,0.98524,4.35,3.56,2.82
2026-01-10T14:00:00Z,BRT,4.35,87.9,981.9,10.13,14,10,-0.5,-0.86603,0.17118,0.98524,4.99,2.9,2.19
2026-01-10T15:00:00Z,BRT,4.99,89.0,982.3,15.1,15,10,-0.70711,-0.70711,0.17118,0.98524,4.8,2.08,1.99
2026-01-10T16:00:00Z,BRT,4.8,86.6,986.6,12.51,16,10,-0.86603,-0.5,0.17118,0.98524,3.89,2.57,2.2
2026-01-10T17:00:00Z,BRT,3.89,92.2,983.4,15.01,17,10,-0.96593,-0.25882,0.17118,0.98524,4.78,3.09,1.39
2026-01-10T18:00:00Z,BRT,4.78,87.1,981.8,16.94,18,10,-1.0,-0.0,0.17118,0.98524,3.56,2.26,0.86
2026-01-10T19:00:00Z,BRT,3.56,83.8,982.7,14.06,19,10,-0.96593,0.25882,0.17118,0.98524,2.9,2.17,0.31
2026-01-10T20:00:00Z,BRT,2.9,82.0,985.5,15.82,20,10,-0.86603,0.5,0.17118,0.98524,2.08,2.21,1.17
2026-01-10T21:00:00Z,BRT,2.08,83.9,985.3,10.75,21,10,-0.70711,0.70711,0.17118,0.98524,2.57,2.71,1.58
2026-01-10T22:00:00Z,BRT,2.57,86.8,981.1,15.09,22,10,-0.5,0.86603,0.17118,0.98524,3.09,1.88,1.08
2026-01-10T23:00:00Z,BRT,3.09,84.5,980.3,12.77,23,10,-0.25882,0.96593,0.17118,0.98524,2.26,2.22,0.39
2026-01-11T00:00:00Z,BRT,2.26,78.1,981.9,14.51,0,11,0.0,1.0,0.1881,0.98215,2.17,2.08,0.05
2026-01-11T01:00:00Z,BRT,2.17,87.3,980.0,12.07,1,11,0.25882,0.96593,0.1881,0.98215,2.21,2.72,0.81
2026-01-11T02:00:00Z,BRT,2.21,88.6,981.5,15.64,2,11,0.5,0.86603,0.1881,0.98215,2.71,3.22,2.09
2026-01-11T03:00:00Z,BRT,2.71,81.9,986.0,16.23,3,11,0.70711,0.70711,0.1881,0.98215,1.88,3.03,3.16
2026-01-11T04:00:00Z,BRT,1.88,79.7,986.9,11.41,4,11,0.86603,0.5,0.1881,0.98215,2.22,4.81,4.12
2026-01-11T05:00:00Z,BRT,2.22,79.3,983.9,12.52,5,11,0.96593,0.25882,0.1881,0.98215,2.08,3.55,5.75
2026-01-11T06:00:00Z,BRT,2.08,84.2,985.8,11.78,6,11,1.0,0.0,0.1881,0.98215,2.72,3.51,6.41
2026-01-11T07:00:00Z,BRT,2.72,86.1,987.1,8.57,7,11,0.96593,-0.25882,0.1881,0.98215,3.22,2.82,6.91
2026-01-11T08:00:00Z,BRT,3.22,88.3,984.7,13.4,8,11,0.86603,-0.5,0.1881,0.98215,3.03,2.19,6.67
2026-01-11T09:00:00Z,BRT,3.03,72.8,985.8,12.58,9,11,0.70711,-0.70711,0.1881,0.98215,4.81,1.99,6.18
2026-01-11T10:00:00Z,BRT,4.81,73.6,985.7,18.62,10,11,0.5,-0.86603,0.1881,0.98215,3.55,2.2,5.2
2026-01-11T11:00:00Z,BRT,3.55,76.0,985.0,13.23,11,11,0.25882,-0.96593,0.1881,0.98215,3.51,1.39,4.61
2026-01-11T12:00:00Z,BRT,3.51,77.0,987.4,11.25,12,11,0.0,-1.0,0.1881,0.98215,2.82,0.86,4.13
2026-01-11T13:00:00Z,BRT,2.82,72.9,988.1,12.6,13,11,-0.25882,-0.96593,0.1881,0.98215,2.19,0.31,4.54
2026-01-11T14:00:00Z,BRT,2.19,71.4,987.4,9.51,14,11,-0.5,-0.86603,0.1881,0.98215,1.99,1.17,3.71
2026-01-11T15:00:00Z,BRT,1.99,75.2,988.8,11.01,15,11,-0.70711,-0.70711,0.1881,0.98215,2.2,1.58,2.58
2026-01-11T16:00:00Z,BRT,2.2,76.6,987.3,11.57,16,11,-0.86603,-0.5,0.1881,0.98215,1.39,1.08,2.2
2026-01-11T17:00:00Z,BRT,1.39,86.0,987.1,11.89,17,11,-0.96593,-0.25882,0.1881,0.98215,0.86,0.39,1.27
2026-01-11T18:00:00Z,BRT,0.86,83.8,986.9,11.8,18,11,-1.0,-0.0,0.1881,0.98215,0.31,0.05,1.12
2026-01-11T19:00:00Z,BRT,0.31,75.2,989.7,13.13,19,11,-0.96593,0.25882,0.1881,0.98215,1.17,0.81,1.09
2026-01-11T20:00:00Z,BRT,1.17,64.4,992.0,11.26,20,11,-0.86603,0.5,0.1881,0.98215,1.58,2.09,1.61
2026-01-11T21:00:00Z,BRT,1.58,81.9,995.9,8.85,21,11,-0.70711,0.70711,0.1881,0.98215,1.08,3.16,0.48
2026-01-11T22:00:00Z,BRT,1.08,76.9,994.8,9.45,22,11,-0.5,0.86603,0.1881,0.98215,0.39,4.12,0.74
2026-01-11T23:00:00Z,BRT,0.39,69.4,995.9,11.9,23,11,-0.25882,0.96593,0.1881,0.98215,0.05,5.75,1.93
2026-01-12T00:00:00Z,BRT,0.05,70.2,998.5,8.73,0,12,0.0,1.0,0.20497,0.97877,0.81,6.41,2.55
2026-01-12T01:00:00Z,BRT,0.81,67.9,1000.9,7.54,1,12,0.25882,0.96593,0.20497,0.97877,2.09,6.91,3.13
2026-01-12T02:00:00Z,BRT,2.09,58.1,1002.2,8.21,2,12,0.5,0.86603,0.20497,0.97877,3.16,6.67,5.13
2026-01-12T03:00:00Z,BRT,3.16,67.9,1001.3,7.59,3,12,0.70711,0.70711,0.20497,0.97877,4.12,6.18,5.95
2026-01-12T04:00:00Z,BRT,4.12,72.2,1001.5,6.65,4,12,0.86603,0.5,0.20497,0.97877,5.75,5.2,5.52
2026-01-12T05:00:00Z,BRT,5.75,57.4,1002.1,8.63,5,12,0.96593,0.25882,0.20497,0.97877,6.41,4.61,5.58
2026-01-12T06:00:00Z,BRT,6.41,70.3,1003.5,9.5,6,12,1.0,0.0,0.20497,0.97877,6.91,4.13,6.08
2026-01-12T07:00:00Z,BRT,6.91,64.5,1001.3,8.29,7,12,0.96593,-0.25882,0.20497,0.97877,6.67,4.54,5.91
2026-01-12T08:00:00Z,BRT,6.67,61.4,1006.1,8.51,8,12,0.86603,-0.5,0.20497,0.97877,6.18,3.71,6.16
2026-01-12T09:00:00Z,BRT,6.18,63.1,1009.9,5.62,9,12,0.70711,-0.70711,0.20497,0.97877,5.2,2.58,5.33
2026-01-12T10:00:00Z,BRT,5.2,56.4,1012.4,5.01,10,12,0.5,-0.86603,0.20497,0.97877,4.61,2.2,5.93
2026-01-12T11:00:00Z,BRT,4.61,66.0,1012.5,9.63,11,12,0.25882,-0.96593,0.20497,0.97877,4.13,1.27,5.1
2026-01-12T12:00:00Z,BRT,4.13,57.7,1013.4,4.3,12,12,0.0,-1.0,0.20497,0.97877,4.54,1.12,5.36
2026-01-12T13:00:00Z,BRT,4.54,56.8,1015.1,1.11,13,12,-0.25882,-0.96593,0.20497,0.97877,3.71,1.09,4.33
2026-01-12T14:00:00Z,BRT,3.71,53.0,1017.0,0.56,14,12,-0.5,-0.86603,0.20497,0.97877,2.58,1.61,4.33
2026-01-12T15:00:00Z,BRT,2.58,62.3,1015.2,8.53,15,12,-0.70711,-0.70711,0.20497,0.97877,2.2,0.48,4.0
2026-01-12T16:00:00Z,BRT,2.2,62.2,1011.9,7.1,16,12,-0.86603,-0.5,0.20497,0.97877,1.27,0.74,3.82
2026-01-12T17:00:00Z,BRT,1.27,49.1,1014.7,1.53,17,12,-0.96593,-0.25882,0.20497,0.97877,1.12,1.93,4.15
2026-01-12T18:00:00Z,BRT,1.12,64.9,1013.2,4.07,18,12,-1.0,-0.0,0.20497,0.97877,1.09,2.55,3.89
2026-01-12T19:00:00Z,BRT,1.09,62.6,1011.6,6.45,19,12,-0.96593,0.25882,0.20497,0.97877,1.61,3.13,2.79
2026-01-12T20:00:00Z,BRT,1.61,52.8,1011.1,4.75,20,12,-0.86603,0.5,0.20497,0.97877,0.48,5.13,1.97
2026-01-12T21:00:00Z,BRT,0.48,57.0,1012.3,7.52,21,12,-0.70711,0.70711,0.20497,0.97877,0.74,5.95,2.26
2026-01-12T22:00:00Z,BRT,0.74,57.9,1013.9,4.88,22,12,-0.5,0.86603,0.20497,0.97877,1.93,5.52,2.85
2026-01-12T23:00:00Z,BRT,1.93,49.6,1017.0,5.83,23,12,-0.25882,0.96593,0.20497,0.97877,2.55,5.58,3.16
2026-01-13T00:00:00Z,BRT,2.55,53.5,1018.4,2.87,0,13,0.0,1.0,0.22177,0.9751,3.13,6.08,4.39
2026-01-13T01:00:00Z,BRT,3.13,49.5,1017.9,0.86,1,13,0.25882,0.96593,0.22177,0.9751,5.13,5.91,4.79
2026-01-13T02:00:00Z,BRT,5.13,46.2,1020.0,4.9,2,13,0.5,0.86603,0.22177,0.9751,5.95,6.16,5.17
2026-01-13T03:00:00Z,BRT,5.95,57.1,1018.2,3.65,3,13,0.70711,0.70711,0.22177,0.9751,5.52,5.33,4.56
2026-01-13T04:00:00Z,BRT,5.52,50.8,1019.8,4.38,4,13,0.86603,0.5,0.22177,0.9751,5.58,5.93,4.27
2026-01-13T05:00:00Z,BRT,5.58,52.5,1020.6,4.33,5,13,0.96593,0.25882,0.22177,0.9751,6.08,5.1,4.97
2026-01-13T06:00:00Z,BRT,6.08,46.4,1018.2,5.14,6,13,1.0,0.0,0.22177,0.9751,5.91,5.36,4.48
2026-01-13T07:00:00Z,BRT,5.91,54.6,1017.9,2.89,7,13,0.96593,-0.25882,0.22177,0.9751,6.16,4.33,4.7
2026-01-13T08:00:00Z,BRT,6.16,48.5,1016.3,4.62,8,13,0.86603,-0.5,0.22177,0.9751,5.33,4.33,4.5
2026-01-13T09:00:00Z,BRT,5.33,58.4,1014.7,8.46,9,13,0.70711,-0.70711,0.22177,0.9751,5.93,4.0,3.6
2026-01-13T10:00:00Z,BRT,5.93,59.9,1016.0,4.66,10,13,0.5,-0.86603,0.22177,0.9751,5.1,3.82,4.3
2026-01-13T11:00:00Z,BRT,5.1,54.2,1016.4,5.63,11,13,0.25882,-0.96593,0.22177,0.9751,5.36,4.15,3.33
2026-01-13T12:00:00Z,BRT,5.36,53.2,1013.0,2.95,12,13,0.0,-1.0,0.22177,0.9751,4.33,3.89,3.73
2026-01-13T13:00:00Z,BRT,4.33,51.3,1014.9,5.86,13,13,-0.25882,-0.96593,0.22177,0.9751,4.33,2.79,2.69
2026-01-13T14:00:00Z,BRT,4.33,56.4,1015.1,4.69,14,13,-0.5,-0.86603,0.22177,0.9751,4.0,1.97,3.15
2026-01-13T15:00:00Z,BRT,4.0,53.9,1012.5,4.78,15,13,-0.70711,-0.70711,0.22177,0.9751,3.82,2.26,2.33
2026-01-13T16:00:00Z,BRT,3.82,69.9,1009.3,6.99,16,13,-0.86603,-0.5,0.22177,0.9751,4.15,2.85,2.1
2026-01-13T17:00:00Z,BRT,4.15,59.5,1005.6,4.05,17,13,-0.96593,-0.25882,0.22177,0.9751,3.89,3.16,0.89
2026-01-13T18:00:00Z,BRT,3.89,58.0,1008.2,9.4,18,13,-1.0,-0.0,0.22177,0.9751,2.79,4.39,1.71
2026-01-13T19:00:00Z,BRT,2.79,61.4,1007.0,5.18,19,13,-0.96593,0.25882,0.22177,0.9751,1.97,4.79,2.11
2026-01-13T20:00:00Z,BRT,1.97,66.1,1002.8,6.77,20,13,-0.86603,0.5,0.22177,0.9751,2.26,5.17,2.57
2026-01-13T21:00:00Z,BRT,2.26,58.5,1005.3,3.96,21,13,-0.70711,0.70711,0.22177,0.9751,2.85,4.56,2.3
2026-01-13T22:00:00Z,BRT,2.85,64.4,1003.2,6.67,22,13,-0.5,0.86603,0.22177,0.9751,3.16,4.27,1.43
2026-01-13T23:00:00Z,BRT,3.16,63.6,1000.7,8.62,23,13,-0.25882,0.96593,0.22177,0.9751,4.39,4.97,2.04
2026-01-14T00:00:00Z,BRT,4.39,59.1,1001.4,6.61,0,14,0.0,1.0,0.23851,0.97114,4.79,4.48,3.13
2026-01-14T01:00:00Z,BRT,4.79,72.3,1003.2,7.33,1,14,0.25882,0.96593,0.23851,0.97114,5.17,4.7,3.12
2026-01-14T02:00:00Z,BRT,5.17,67.3,1002.2,10.06,2,14,0.5,0.86603,0.23851,0.97114,4.56,4.5,2.81
2026-01-14T03:00:00Z,BRT,4.56,69.4,1002.0,13.23,3,14,0.70711,0.70711,0.23851,0.97114,4.27,3.6,3.65
2026-01-14T04:00:00Z,BRT,4.27,73.2,1000.9,14.16,4,14,0.86603,0.5,0.23851,0.97114,4.97,4.3,2.71
2026-01-14T05:00:00Z,BRT,4.97,80.6,1000.7,14.98,5,14,0.96593,0.25882,0.23851,0.97114,4.48,3.33,3.83
2026-01-14T06:00:00Z,BRT,4.48,69.9,998.4,8.74,6,14,1.0,0.0,0.23851,0.97114,4.7,3.73,4.13
2026-01-14T07:00:00Z,BRT,4.7,70.5,997.5,9.03,7,14,0.96593,-0.25882,0.23851,0.97114,4.5,2.69,4.93
2026-01-14T08:00:00Z,BRT,4.5,74.7,997.3,13.55,8,14,0.86603,-0.5,0.23851,0.97114,3.6,3.15,4.57
2026-01-14T09:00:00Z,BRT,3.6,79.2,992.8,10.31,9,14,0.70711,-0.70711,0.23851,0.97114,4.3,2.33,5.49
2026-01-14T10:00:00Z,BRT,4.3,87.4,991.8,10.55,10,14,0.5,-0.86603,0.23851,0.97114,3.33,2.1,3.81
2026-01-14T11:00:00Z,BRT,3.33,86.9,990.4,11.03,11,14,0.25882,-0.96593,0.23851,0.97114,3.73,0.89,3.44
2026-01-14T12:00:00Z,BRT,3.73,77.6,992.4,10.12,12,14,0.0,-1.0,0.23851,0.97114,2.69,1.71,3.63
2026-01-14T13:00:00Z,BRT,2.69,72.6,990.8,10.26,13,14,-0.25882,-0.96593,0.23851,0.97114,3.15,2.11,3.99
2026-01-14T14:00:00Z,BRT,3.15,74.0,988.0,12.77,14,14,-0.5,-0.86603,0.23851,0.97114,2.33,2.57,3.28
2026-01-14T15:00:00Z,BRT,2.33,84.9,986.9,11.62,15,14,-0.70711,-0.70711,0.23851,0.97114,2.1,2.3,4.17
2026-01-14T16:00:00Z,BRT,2.1,84.3,989.4,12.51,16,14,-0.86603,-0.5,0.23851,0.97114,0.89,1.43,3.51
2026-01-14T17:00:00Z,BRT,0.89,81.7,990.1,15.57,17,14,-0.96593,-0.25882,0.23851,0.97114,1.71,2.04,3.77
2026-01-14T18:00:00Z,BRT,1.71,75.8,992.5,10.81,18,14,-1.0,-0.0,0.23851,0.97114,2.11,3.13,3.46
2026-01-14T19:00:00Z,BRT,2.11,79.2,991.1,12.57,19,14,-0.96593,0.25882,0.23851,0.97114,2.57,3.12,3.21
2026-01-14T20:00:00Z,BRT,2.57,81.7,991.2,11.5,20,14,-0.86603,0.5,0.23851,0.97114,2.3,2.81,3.16
2026-01-14T21:00:00Z,BRT,2.3,82.6,992.1,12.76,21,14,-0.70711,0.70711,0.23851,0.97114,1.43,3.65,2.41
2026-01-14T22:00:00Z,BRT,1.43,70.3,993.2,11.42,22,14,-0.5,0.86603,0.23851,0.97114,2.04,2.71,3.19
2026-01-14T23:00:00Z,BRT,2.04,77.2,995.1,7.83,23,14,-0.25882,0.96593,0.23851,0.97114,3.13,3.83,4.82
2026-01-15T00:00:00Z,BRT,3.13,78.2,996.8,13.53,0,15,0.0,1.0,0.25518,0.96689,3.12,4.13,4.94
2026-01-15T01:00:00Z,BRT,3.12,62.5,997.5,7.94,1,15,0.25882,0.96593,0.25518,0.96689,2.81,4.93,4.63
2026-01-15T02:00:00Z,BRT,2.81,69.3,996.9,9.31,2,15,0.5,0.86603,0.25518,0.96689,3.65,4.57,3.52
2026-01-15T03:00:00Z,BRT,3.65,68.9,997.4,11.61,3,15,0.70711,0.70711,0.25518,0.96689,2.71,5.49,5.67
2026-01-15T04:00:00Z,BRT,2.71,73.5,999.5,15.19,4,15,0.86603,0.5,0.25518,0.96689,3.83,3.81,6.02
2026-01-15T05:00:00Z,BRT,3.83,74.3,1001.5,11.4,5,15,0.96593,0.25882,0.25518,0.96689,4.13,3.44,6.46
2026-01-15T06:00:00Z,BRT,4.13,67.3,998.1,9.92,6,15,1.0,0.0,0.25518,0.96689,4.93,3.63,7.03
2026-01-15T07:00:00Z,BRT,4.93,70.2,995.5,5.18,7,15,0.96593,-0.25882,0.25518,0.96689,4.57,3.99,6.63
2026-01-15T08:00:00Z,BRT,4.57,73.8,999.8,8.43,8,15,0.86603,-0.5,0.25518,0.96689,5.49,3.28,7.09
2026-01-15T09:00:00Z,BRT,5.49,79.4,998.0,11.57,9,15,0.70711,-0.70711,0.25518,0.96689,3.81,4.17,6.36
2026-01-15T10:00:00Z,BRT,3.81,71.9,995.5,10.81,10,15,0.5,-0.86603,0.25518,0.96689,3.44,3.51,6.39
2026-01-15T11:00:00Z,BRT,3.44,72.9,996.4,10.52,11,15,0.25882,-0.96593,0.25518,0.96689,3.63,3.77,6.93
2026-01-15T12:00:00Z,BRT,3.63,71.5,997.9,11.52,12,15,0.0,-1.0,0.25518,0.96689,3.99,3.46,6.4
2026-01-15T13:00:00Z,BRT,3.99,65.5,1001.3,9.57,13,15,-0.25882,-0.96593,0.25518,0.96689,3.28,3.21,4.74
2026-01-15T14:00:00Z,BRT,3.28,65.6,1001.5,10.07,14,15,-0.5,-0.86603,0.25518,0.96689,4.17,3.16,5.09
2026-01-15T15:00:00Z,BRT,4.17,62.2,1004.3,10.15,15,15,-0.70711,-0.70711,0.25518,0.96689,3.51,2.41,3.7
2026-01-15T16:00:00Z,BRT,3.51,65.8,1006.5,3.69,16,15,-0.86603,-0.5,0.25518,0.96689,3.77,3.19,3.17
2026-01-15T17:00:00Z,BRT,3.77,71.6,1004.9,7.96,17,15,-0.96593,-0.25882,0.25518,0.96689,3.46,4.82,2.83
2026-01-15T18:00:00Z,BRT,3.46,75.1,1004.6,9.12,18,15,-1.0,-0.0,0.25518,0.96689,3.21,4.94,3.45
2026-01-15T19:00:00Z,BRT,3.21,56.0,1006.9,7.36,19,15,-0.96593,0.25882,0.25518,0.96689,3.16,4.63,4.13
2026-01-15T20:00:00Z,BRT,3.16,70.8,1008.9,8.42,20,15,-0.86603,0.5,0.25518,0.96689,2.41,3.52,5.24
2026-01-15T21:00:00Z,BRT,2.41,63.1,1009.2,3.82,21,15,-0.70711,0.70711,0.25518,0.96689,3.19,5.67,6.01
2026-01-15T22:00:00Z,BRT,3.19,68.6,1008.9,5.68,22,15,-0.5,0.86603,0.25518,0.96689,4.82,6.02,5.68
2026-01-15T23:00:00Z,BRT,4.82,58.0,1005.1,7.74,23,15,-0.25882,0.96593,0.25518,0.96689,4.94,6.46,5.62
2026-01-16T00:00:00Z,BRT,4.94,64.7,1005.9,8.93,0,16,0.0,1.0,0.27178,0.96236,4.63,7.03,5.56
2026-01-16T01:00:00Z,BRT,4.63,67.3,1006.8,6.21,1,16,0.25882,0.96593,0.27178,0.96236,3.52,6.63,6.44
2026-01-16T02:00:00Z,BRT,3.52,63.7,1005.7,8.38,2,16,0.5,0.86603,0.27178,0.96236,5.67,7.09,7.08
2026-01-16T03:00:00Z,BRT,5.67,67.4,1002.5,9.8,3,16,0.70711,0.70711,0.27178,0.96236,6.02,6.36,7.37
2026-01-16T04:00:00Z,BRT,6.02,71.2,1000.1,6.48,4,16,0.86603,0.5,0.27178,0.96236,6.46,6.39,9.22
2026-01-16T05:00:00Z,BRT,6.46,68.9,998.8,10.97,5,16,0.96593,0.25882,0.27178,0.96236,7.03,6.93,9.03
2026-01-16T06:00:00Z,BRT,7.03,60.0,1000.3,8.0,6,16,1.0,0.0,0.27178,0.96236,6.63,6.4,9.17
2026-01-16T07:00:00Z,BRT,6.63,56.8,1002.6,6.74,7,16,0.96593,-0.25882,0.27178,0.96236,7.09,4.74,8.68
2026-01-16T08:00:00Z,BRT,7.09,75.9,1004.4,11.5,8,16,0.86603,-0.5,0.27178,0.96236,6.36,5.09,10.0
2026-01-16T09:00:00Z,BRT,6.36,64.4,1003.6,7.79,9,16,0.70711,-0.70711,0.27178,0.96236,6.39,3.7,9.44
2026-01-16T10:00:00Z,BRT,6.39,63.8,1002.4,9.52,10,16,0.5,-0.86603,0.27178,0.96236,6.93,3.17,10.0
2026-01-16T11:00:00Z,BRT,6.93,60.0,1003.3,7.07,11,16,0.25882,-0.96593,0.27178,0.96236,6.4,2.83,9.98
2026-01-16T12:00:00Z,BRT,6.4,68.9,1001.5,7.93,12,16,0.0,-1.0,0.27178,0.96236,4.74,3.45,10.0
2026-01-16T13:00:00Z,BRT,4.74,72.3,998.5,8.98,13,16,-0.25882,-0.96593,0.27178,0.96236,5.09,4.13,10.0
2026-01-16T14:00:00Z,BRT,5.09,66.3,999.3,11.1,14,16,-0.5,-0.86603,0.27178,0.96236,3.7,5.24,10.0
2026-01-16T15:00:00Z,BRT,3.7,65.3,999.5,8.7,15,16,-0.70711,-0.70711,0.27178,0.96236,3.17,6.01,8.65
2026-01-16T16:00:00Z,BRT,3.17,61.7,998.8,11.07,16,16,-0.86603,-0.5,0.27178,0.96236,2.83,5.68,7.75
2026-01-16T17:00:00Z,BRT,2.83,65.7,1001.1,12.22,17,16,-0.96593,-0.25882,0.27178,0.96236,3.45,5.62,6.65
2026-01-16T18:00:00Z,BRT,3.45,72.4,998.5,10.17,18,16,-1.0,-0.0,0.27178,0.96236,4.13,5.56,6.99
2026-01-16T19:00:00Z,BRT,4.13,62.2,1002.6,6.4,19,16,-0.96593,0.25882,0.27178,0.96236,5.24,6.44,6.42
2026-01-16T20:00:00Z,BRT,5.24,58.7,1003.1,7.02,20,16,-0.86603,0.5,0.27178,0.96236,6.01,7.08,6.09
2026-01-16T21:00:00Z,BRT,6.01,63.6,1003.2,8.47,21,16,-0.70711,0.70711,0.27178,0.96236,5.68,7.37,6.85
2026-01-16T22:00:00Z,BRT,5.68,68.4,1005.7,9.12,22,16,-0.5,0.86603,0.27178,0.96236,5.62,9.22,6.4
2026-01-16T23:00:00Z,BRT,5.62,68.1,1004.3,7.22,23,16,-0.25882,0.96593,0.27178,0.96236,5.56,9.03,6.86
2026-01-17T00:00:00Z,BRT,5.56,58.7,1003.6,10.53,0,17,0.0,1.0,0.28829,0.95754,6.44,9.17,7.52
2026-01-17T01:00:00Z,BRT,6.44,61.0,1004.4,5.73,1,17,0.25882,0.96593,0.28829,0.95754,7.08,8.68,6.64
2026-01-17T02:00:00Z,BRT,7.08,65.9,1000.9,6.08,2,17,0.5,0.86603,0.28829,0.95754,7.37,10.0,6.72
2026-01-17T03:00:00Z,BRT,7.37,72.8,999.6,8.81,3,17,0.70711,0.70711,0.28829,0.95754,9.22,9.44,6.14
2026-01-17T04:00:00Z,BRT,9.22,72.0,1002.6,9.9,4,17,0.86603,0.5,0.28829,0.95754,9.03,10.0,6.51
2026-01-17T05:00:00Z,BRT,9.03,66.0,1002.0,6.74,5,17,0.96593,0.25882,0.28829,0.95754,9.17,9.98,7.94
2026-01-17T06:00:00Z,BRT,9.17,78.4,1003.2,11.15,6,17,1.0,0.0,0.28829,0.95754,8.68,10.0,7.07
2026-01-17T07:00:00Z,BRT,8.68,76.1,1000.3,10.69,7,17,0.96593,-0.25882,0.28829,0.95754,10.0,10.0,7.4
2026-01-17T08:00:00Z,BRT,10.0,62.3,1002.5,8.62,8,17,0.86603,-0.5,0.28829,0.95754,9.44,10.0,7.52
2026-01-17T09:00:00Z,BRT,9.44,65.8,1002.7,9.77,9,17,0.70711,-0.70711,0.28829,0.95754,10.0,8.65,8.22
2026-01-17T10:00:00Z,BRT,10.0,67.5,1003.5,7.79,10,17,0.5,-0.86603,0.28829,0.95754,9.98,7.75,9.04
2026-01-17T11:00:00Z,BRT,9.98,69.3,1002.2,9.59,11,17,0.25882,-0.96593,0.28829,0.95754,10.0,6.65,7.88
2026-01-17T12:00:00Z,BRT,10.0,68.6,1005.0,7.22,12,17,0.0,-1.0,0.28829,0.95754,10.0,6.99,7.92
2026-01-17T13:00:00Z,BRT,10.0,62.4,1003.6,7.44,13,17,-0.25882,-0.96593,0.28829,0.95754,10.0,6.42,7.6
2026-01-17T14:00:00Z,BRT,10.0,58.6,1006.2,9.85,14,17,-0.5,-0.86603,0.28829,0.95754,8.65,6.09,7.6
2026-01-17T15:00:00Z,BRT,8.65,63.9,1007.1,7.84,15,17,-0.70711,-0.70711,0.28829,0.95754,7.75,6.85,6.71
2026-01-17T16:00:00Z,BRT,7.75,57.8,1005.7,7.5,16,17,-0.86603,-0.5,0.28829,0.95754,6.65,6.4,7.44
2026-01-17T17:00:00Z,BRT,6.65,64.6,1005.2,5.66,17,17,-0.96593,-0.25882,0.28829,0.95754,6.99,6.86,8.2
2026-01-17T18:00:00Z,BRT,6.99,62.2,1005.6,6.95,18,17,-1.0,-0.0,0.28829,0.95754,6.42,7.52,9.08
2026-01-17T19:00:00Z,BRT,6.42,68.3,1010.0,5.63,19,17,-0.96593,0.25882,0.28829,0.95754,6.09,6.64,7.97
2026-01-17T20:00:00Z,BRT,6.09,51.4,1011.4,4.31,20,17,-0.86603,0.5,0.28829,0.95754,6.85,6.72,7.38
2026-01-17T21:00:00Z,BRT,6.85,62.4,1010.9,7.79,21,17,-0.70711,0.70711,0.28829,0.95754,6.4,6.14,7.65
2026-01-17T22:00:00Z,BRT,6.4,54.6,1013.0,8.17,22,17,-0.5,0.86603,0.28829,0.95754,6.86,6.51,7.25
2026-01-17T23:00:00Z,BRT,6.86,65.2,1008.4,8.12,23,17,-0.25882,0.96593,0.28829,0.95754,7.52,7.94,7.27
2026-01-18T00:00:00Z,BRT,7.52,74.6,1005.6,8.72,0,18,0.0,1.0,0.30472,0.95244,6.64,7.07,7.84
2026-01-18T01:00:00Z,BRT,6.64,59.6,1006.8,4.68,1,18,0.25882,0.96593,0.30472,0.95244,6.72,7.4,8.55
2026-01-18T02:00:00Z,BRT,6.72,52.2,1008.6,5.62,2,18,0.5,0.86603,0.30472,0.95244,6.14,7.52,7.76
2026-01-18T03:00:00Z,BRT,6.14,51.7,1013.3,7.29,3,18,0.70711,0.70711,0.30472,0.95244,6.51,8.22,7.81
2026-01-18T04:00:00Z,BRT,6.51,57.0,1014.4,1.45,4,18,0.86603,0.5,0.30472,0.95244,7.94,9.04,7.8
2026-01-18T05:00:00Z,BRT,7.94,52.0,1013.0,3.34,5,18,0.96593,0.25882,0.30472,0.95244,7.07,7.88,8.83
2026-01-18T06:00:00Z,BRT,7.07,56.5,1015.1,5.48,6,18,1.0,0.0,0.30472,0.95244,7.4,7.92,7.43
2026-01-18T07:00:00Z,BRT,7.4,58.6,1012.7,4.34,7,18,0.96593,-0.25882,0.30472,0.95244,7.52,7.6,7.34
2026-01-18T08:00:00Z,BRT,7.52,62.4,1012.6,6.72,8,18,0.86603,-0.5,0.30472,0.95244,8.22,7.6,7.11
2026-01-18T09:00:00Z,BRT,8.22,57.3,1011.3,10.52,9,18,0.70711,-0.70711,0.30472,0.95244,9.04,6.71,7.16
2026-01-18T10:00:00Z,BRT,9.04,56.8,1011.3,4.68,10,18,0.5,-0.86603,0.30472,0.95244,7.88,7.44,7.9
2026-01-18T11:00:00Z,BRT,7.88,70.0,1009.3,6.29,11,18,0.25882,-0.96593,0.30472,0.95244,7.92,8.2,6.74
2026-01-18T12:00:00Z,BRT,7.92,61.7,1009.4,2.74,12,18,0.0,-1.0,0.30472,0.95244,7.6,9.08,10.0
2026-01-18T13:00:00Z,BRT,7.6,67.4,1006.3,9.47,13,18,-0.25882,-0.96593,0.30472,0.95244,7.6,7.97,8.79
2026-01-18T14:00:00Z,BRT,7.6,59.4,1002.9,4.2,14,18,-0.5,-0.86603,0.30472,0.95244,6.71,7.38,5.08
2026-01-18T15:00:00Z,BRT,6.71,71.1,1000.0,9.27,15,18,-0.70711,-0.70711,0.30472,0.95244,7.44,7.65,4.29
2026-01-18T16:00:00Z,BRT,7.44,69.5,998.3,8.36,16,18,-0.86603,-0.5,0.30472,0.95244,8.2,7.25,3.5
2026-01-18T17:00:00Z,BRT,8.2,73.1,999.0,7.96,17,18,-0.96593,-0.25882,0.30472,0.95244,9.08,7.27,4.02
2026-01-18T18:00:00Z,BRT,9.08,66.8,998.6,11.68,18,18,-1.0,-0.0,0.30472,0.95244,7.97,7.84,2.38
2026-01-18T19:00:00Z,BRT,7.97,75.7,994.6,14.61,19,18,-0.96593,0.25882,0.30472,0.95244,7.38,8.55,2.56
2026-01-18T20:00:00Z,BRT,7.38,80.3,993.5,12.79,20,18,-0.86603,0.5,0.30472,0.95244,7.65,7.76,2.61
2026-01-18T21:00:00Z,BRT,7.65,79.8,992.9,15.24,21,18,-0.70711,0.70711,0.30472,0.95244,7.25,7.81,3.43
2026-01-18T22:00:00Z,BRT,7.25,80.5,991.5,10.72,22,18,-0.5,0.86603,0.30472,0.95244,7.27,7.8,10.0
2026-01-18T23:00:00Z,BRT,7.27,85.7,991.6,11.11,23,18,-0.25882,0.96593,0.30472,0.95244,7.84,8.83,9.95
2026-01-19T00:00:00Z,BRT,7.84,70.8,992.0,10.47,0,19,0.0,1.0,0.32106,0.94706,8.55,7.43,10.0
2026-01-19T01:00:00Z,BRT,8.55,79.4,991.9,12.78,1,19,0.25882,0.96593,0.32106,0.94706,7.76,7.34,10.0
2026-01-19T02:00:00Z,BRT,7.76,76.4,991.7,8.98,2,19,0.5,0.86603,0.32106,0.94706,7.81,7.11,10.0
2026-01-19T03:00:00Z,BRT,7.81,73.9,988.9,9.55,3,19,0.70711,0.70711,0.32106,0.94706,7.8,7.16,10.0
2026-01-19T04:00:00Z,BRT,7.8,79.5,988.7,11.32,4,19,0.86603,0.5,0.32106,0.94706,8.83,7.9,10.0
2026-01-19T05:00:00Z,BRT,8.83,78.6,985.2,18.71,5,19,0.96593,0.25882,0.32106,0.94706,7.43,6.74,10.0
2026-01-19T06:00:00Z,BRT,7.43,87.4,984.4,13.13,6,19,1.0,0.0,0.32106,0.94706,7.34,10.0,10.0
2026-01-19T07:00:00Z,BRT,7.34,84.5,983.7,14.19,7,19,0.96593,-0.25882,0.32106,0.94706,7.11,8.79,10.0
2026-01-19T08:00:00Z,BRT,7.11,86.4,983.7,14.28,8,19,0.86603,-0.5,0.32106,0.94706,7.16,5.08,9.39
2026-01-19T09:00:00Z,BRT,7.16,78.0,983.4,14.9,9,19,0.70711,-0.70711,0.32106,0.94706,7.9,4.29,10.0
2026-01-19T10:00:00Z,BRT,7.9,87.6,981.8,12.42,10,19,0.5,-0.86603,0.32106,0.94706,6.74,3.5,10.0
2026-01-19T11:00:00Z,BRT,6.74,78.1,978.9,16.95,11,19,0.25882,-0.96593,0.32106,0.94706,10.0,4.02,9.83
2026-01-19T12:00:00Z,BRT,10.0,87.7,977.6,12.6,12,19,0.0,-1.0,0.32106,0.94706,8.79,2.38,9.92
2026-01-19T13:00:00Z,BRT,8.79,81.1,977.7,12.69,13,19,-0.25882,-0.96593,0.32106,0.94706,5.08,2.56,10.0
2026-01-19T14:00:00Z,BRT,5.08,89.2,980.4,13.24,14,19,-0.5,-0.86603,0.32106,0.94706,4.29,2.61,10.0
2026-01-19T15:00:00Z,BRT,4.29,87.1,979.1,12.43,15,19,-0.70711,-0.70711,0.32106,0.94706,3.5,3.43,10.0
2026-01-19T16:00:00Z,BRT,3.5,82.9,980.1,17.48,16,19,-0.86603,-0.5,0.32106,0.94706,4.02,10.0,10.0
2026-01-19T17:00:00Z,BRT,4.02,94.4,979.2,16.34,17,19,-0.96593,-0.25882,0.32106,0.94706,2.38,9.95,10.0
2026-01-19T18:00:00Z,BRT,2.38,83.3,978.5,16.48,18,19,-1.0,-0.0,0.32106,0.94706,2.56,10.0,10.0
2026-01-19T19:00:00Z,BRT,2.56,98.1,980.4,15.71,19,19,-0.96593,0.25882,0.32106,0.94706,2.61,10.0,10.0
2026-01-19T20:00:00Z,BRT,2.61,88.0,981.7,13.19,20,19,-0.86603,0.5,0.32106,0.94706,3.43,10.0,10.0
2026-01-19T21:00:00Z,BRT,3.43,89.0,982.1,14.58,21,19,-0.70711,0.70711,0.32106,0.94706,10.0,10.0,10.0
2026-01-19T22:00:00Z,BRT,10.0,98.5,981.3,45.15,22,19,-0.5,0.86603,0.32106,0.94706,9.95,10.0,10.0
2026-01-19T23:00:00Z,BRT,9.95,94.2,978.3,45.92,23,19,-0.25882,0.96593,0.32106,0.94706,10.0,10.0,10.0
2026-01-20T00:00:00Z,BRT,10.0,99.0,976.3,46.31,0,20,0.0,1.0,0.3373,0.9414,10.0,10.0,10.0
2026-01-20T01:00:00Z,BRT,10.0,90.9,975.8,45.01,1,20,0.25882,0.96593,0.3373,0.9414,10.0,10.0,10.0
2026-01-20T02:00:00Z,BRT,10.0,92.4,979.4,48.15,2,20,0.5,0.86603,0.3373,0.9414,10.0,9.39,10.0
2026-01-20T03:00:00Z,BRT,10.0,98.9,980.6,44.49,3,20,0.70711,0.70711,0.3373,0.9414,10.0,10.0,10.0
2026-01-20T04:00:00Z,BRT,10.0,92.5,982.9,43.19,4,20,0.86603,0.5,0.3373,0.9414,10.0,10.0,10.0
2026-01-20T05:00:00Z,BRT,10.0,89.0,986.3,44.09,5,20,0.96593,0.25882,0.3373,0.9414,10.0,9.83,10.0
2026-01-20T06:00:00Z,BRT,10.0,86.5,987.7,41.69,6,20,1.0,0.0,0.3373,0.9414,10.0,9.92,10.0
2026-01-20T07:00:00Z,BRT,10.0,95.8,986.5,43.84,7,20,0.96593,-0.25882,0.3373,0.9414,9.39,10.0,10.0
2026-01-20T08:00:00Z,BRT,9.39,87.8,989.0,41.06,8,20,0.86603,-0.5,0.3373,0.9414,10.0,10.0,10.0
2026-01-20T09:00:00Z,BRT,10.0,98.3,989.3,44.28,9,20,0.70711,-0.70711,0.3373,0.9414,10.0,10.0,10.0
2026-01-20T10:00:00Z,BRT,10.0,85.7,990.1,41.21,10,20,0.5,-0.86603,0.3373,0.9414,9.83,10.0,10.0
2026-01-20T11:00:00Z,BRT,9.83,94.1,988.6,42.65,11,20,0.25882,-0.96593,0.3373,0.9414,9.92,10.0,10.0
2026-01-20T12:00:00Z,BRT,9.92,88.9,987.5,43.58,12,20,0.0,-1.0,0.3373,0.9414,10.0,10.0,10.0
2026-01-20T13:00:00Z,BRT,10.0,97.4,986.5,46.15,13,20,-0.25882,-0.96593,0.3373,0.9414,10.0,10.0,10.0
2026-01-20T14:00:00Z,BRT,10.0,97.0,985.3,48.24,14,20,-0.5,-0.86603,0.3373,0.9414,10.0,10.0,10.0
2026-01-20T15:00:00Z,BRT,10.0,92.9,988.4,45.99,15,20,-0.70711,-0.70711,0.3373,0.9414,10.0,10.0,10.0
2026-01-20T16:00:00Z,BRT,10.0,77.3,991.2,42.14,16,20,-0.86603,-0.5,0.3373,0.9414,10.0,10.0,10.0
2026-01-20T17:00:00Z,BRT,10.0,89.6,991.0,40.34,17,20,-0.96593,-0.25882,0.3373,0.9414,10.0,10.0,10.0
2026-01-20T18:00:00Z,BRT,10.0,77.0,991.9,41.81,18,20,-1.0,-0.0,0.3373,0.9414,10.0,10.0,10.0
2026-01-20T19:00:00Z,BRT,10.0,95.6,989.3,47.26,19,20,-0.96593,0.25882,0.3373,0.9414,10.0,10.0,10.0
2026-01-20T20:00:00Z,BRT,10.0,82.6,990.6,43.01,20,20,-0.86603,0.5,0.3373,0.9414,10.0,10.0,10.0
2026-01-20T21:00:00Z,BRT,10.0,87.0,992.6,43.95,21,20,-0.70711,0.70711,0.3373,0.9414,10.0,10.0,10.0
2026-01-20T22:00:00Z,BRT,10.0,84.1,994.6,41.04,22,20,-0.5,0.86603,0.3373,0.9414,10.0,10.0,5.92
2026-01-20T23:00:00Z,BRT,10.0,84.2,995.0,43.02,23,20,-0.25882,0.96593,0.3373,0.9414,10.0,10.0,6.13
2026-01-21T00:00:00Z,BRT,10.0,95.9,992.1,45.22,0,21,0.0,1.0,0.35344,0.93546,10.0,10.0,5.72
2026-01-21T01:00:00Z,BRT,10.0,88.2,992.4,41.26,1,21,0.25882,0.96593,0.35344,0.93546,10.0,10.0,5.65
2026-01-21T02:00:00Z,BRT,10.0,82.9,990.4,39.82,2,21,0.5,0.86603,0.35344,0.93546,10.0,10.0,4.97
2026-01-21T03:00:00Z,BRT,10.0,82.9,991.5,41.22,3,21,0.70711,0.70711,0.35344,0.93546,10.0,10.0,4.8
2026-01-21T04:00:00Z,BRT,10.0,92.3,990.8,41.5,4,21,0.86603,0.5,0.35344,0.93546,10.0,10.0,7.29
2026-01-21T05:00:00Z,BRT,10.0,90.1,991.8,44.03,5,21,0.96593,0.25882,0.35344,0.93546,10.0,10.0,6.13
2026-01-21T06:00:00Z,BRT,10.0,89.2,993.4,41.52,6,21,1.0,0.0,0.35344,0.93546,10.0,10.0,6.22
2026-01-21T07:00:00Z,BRT,10.0,91.5,992.5,40.7,7,21,0.96593,-0.25882,0.35344,0.93546,10.0,10.0,6.72
2026-01-21T08:00:00Z,BRT,10.0,81.9,988.7,43.79,8,21,0.86603,-0.5,0.35344,0.93546,10.0,10.0,6.49
2026-01-21T09:00:00Z,BRT,10.0,84.4,990.9,43.79,9,21,0.70711,-0.70711,0.35344,0.93546,10.0,10.0,5.64
2026-01-21T10:00:00Z,BRT,10.0,85.2,992.6,43.45,10,21,0.5,-0.86603,0.35344,0.93546,10.0,10.0,6.01
2026-01-21T11:00:00Z,BRT,10.0,96.7,991.2,44.21,11,21,0.25882,-0.96593,0.35344,0.93546,10.0,10.0,6.91
2026-01-21T12:00:00Z,BRT,10.0,81.4,993.4,42.52,12,21,0.0,-1.0,0.35344,0.93546,10.0,10.0,8.26
2026-01-21T13:00:00Z,BRT,10.0,93.6,989.5,45.77,13,21,-0.25882,-0.96593,0.35344,0.93546,10.0,10.0,7.66
2026-01-21T14:00:00Z,BRT,10.0,85.9,991.6,42.2,14,21,-0.5,-0.86603,0.35344,0.93546,10.0,10.0,7.66
2026-01-21T15:00:00Z,BRT,10.0,82.9,992.1,39.24,15,21,-0.70711,-0.70711,0.35344,0.93546,10.0,10.0,7.13
2026-01-21T16:00:00Z,BRT,10.0,85.4,992.1,41.77,16,21,-0.86603,-0.5,0.35344,0.93546,10.0,5.92,6.08
2026-01-21T17:00:00Z,BRT,10.0,89.7,988.6,46.05,17,21,-0.96593,-0.25882,0.35344,0.93546,10.0,6.13,6.29
2026-01-21T18:00:00Z,BRT,10.0,87.6,986.9,41.11,18,21,-1.0,-0.0,0.35344,0.93546,10.0,5.72,6.64
2026-01-21T19:00:00Z,BRT,10.0,93.0,985.2,46.19,19,21,-0.96593,0.25882,0.35344,0.93546,10.0,5.65,6.04
2026-01-21T20:00:00Z,BRT,10.0,99.0,983.3,47.94,20,21,-0.86603,0.5,0.35344,0.93546,10.0,4.97,5.89
2026-01-21T21:00:00Z,BRT,10.0,81.8,985.2,41.94,21,21,-0.70711,0.70711,0.35344,0.93546,5.92,4.8,6.46
2026-01-21T22:00:00Z,BRT,5.92,78.5,983.9,10.59,22,21,-0.5,0.86603,0.35344,0.93546,6.13,7.29,6.96
2026-01-21T23:00:00Z,BRT,6.13,77.8,987.1,12.88,23,21,-0.25882,0.96593,0.35344,0.93546,5.72,6.13,7.43
2026-01-22T00:00:00Z,BRT,5.72,75.0,986.7,15.86,0,22,0.0,1.0,0.36948,0.92924,5.65,6.22,7.28
2026-01-22T01:00:00Z,BRT,5.65,79.3,988.9,12.61,1,22,0.25882,0.96593,0.36948,0.92924,4.97,6.72,7.5
2026-01-22T02:00:00Z,BRT,4.97,81.0,988.4,11.23,2,22,0.5,0.86603,0.36948,0.92924,4.8,6.49,7.45
2026-01-22T03:00:00Z,BRT,4.8,75.5,991.8,12.92,3,22,0.70711,0.70711,0.36948,0.92924,7.29,5.64,7.85
2026-01-22T04:00:00Z,BRT,7.29,72.6,991.2,10.78,4,22,0.86603,0.5,0.36948,0.92924,6.13,6.01,9.76
2026-01-22T05:00:00Z,BRT,6.13,72.3,992.4,7.74,5,22,0.96593,0.25882,0.36948,0.92924,6.22,6.91,10.0
2026-01-22T06:00:00Z,BRT,6.22,79.6,992.3,11.3,6,22,1.0,0.0,0.36948,0.92924,6.72,8.26,10.0
2026-01-22T07:00:00Z,BRT,6.72,67.4,994.3,7.23,7,22,0.96593,-0.25882,0.36948,0.92924,6.49,7.66,10.0
2026-01-22T08:00:00Z,BRT,6.49,76.8,994.6,11.91,8,22,0.86603,-0.5,0.36948,0.92924,5.64,7.66,10.0
2026-01-22T09:00:00Z,BRT,5.64,67.4,996.7,12.67,9,22,0.70711,-0.70711,0.36948,0.92924,6.01,7.13,10.0
2026-01-22T10:00:00Z,BRT,6.01,67.8,999.0,10.55,10,22,0.5,-0.86603,0.36948,0.92924,6.91,6.08,10.0
2026-01-22T11:00:00Z,BRT,6.91,75.3,1000.7,8.82,11,22,0.25882,-0.96593,0.36948,0.92924,8.26,6.29,10.0
2026-01-22T12:00:00Z,BRT,8.26,66.0,1001.3,10.44,12,22,0.0,-1.0,0.36948,0.92924,7.66,6.64,10.0
2026-01-22T13:00:00Z,BRT,7.66,70.5,1001.7,10.45,13,22,-0.25882,-0.96593,0.36948,0.92924,7.66,6.04,9.84
2026-01-22T14:00:00Z,BRT,7.66,66.7,1001.7,6.81,14,22,-0.5,-0.86603,0.36948,0.92924,7.13,5.89,9.19
2026-01-22T15:00:00Z,BRT,7.13,62.2,1003.5,12.8,15,22,-0.70711,-0.70711,0.36948,0.92924,6.08,6.46,8.1
2026-01-22T16:00:00Z,BRT,6.08,73.2,1004.8,4.14,16,22,-0.86603,-0.5,0.36948,0.92924,6.29,6.96,6.96
2026-01-22T17:00:00Z,BRT,6.29,60.5,1006.1,5.8,17,22,-0.96593,-0.25882,0.36948,0.92924,6.64,7.43,6.4
2026-01-22T18:00:00Z,BRT,6.64,73.6,1007.2,10.39,18,22,-1.0,-0.0,0.36948,0.92924,6.04,7.28,5.93
2026-01-22T19:00:00Z,BRT,6.04,63.5,1006.8,10.17,19,22,-0.96593,0.25882,0.36948,0.92924,5.89,7.5,4.66
2026-01-22T20:00:00Z,BRT,5.89,67.4,1006.3,9.09,20,22,-0.86603,0.5,0.36948,0.92924,6.46,7.45,4.97
2026-01-22T21:00:00Z,BRT,6.46,67.0,1004.2,6.94,21,22,-0.70711,0.70711,0.36948,0.92924,6.96,7.85,5.35
2026-01-22T22:00:00Z,BRT,6.96,65.6,1005.6,12.11,22,22,-0.5,0.86603,0.36948,0.92924,7.43,9.76,6.16
2026-01-22T23:00:00Z,BRT,7.43,64.3,1005.6,4.06,23,22,-0.25882,0.96593,0.36948,0.92924,7.28,10.0,5.81
2026-01-23T00:00:00Z,BRT,7.28,69.2,1003.1,9.24,0,23,0.0,1.0,0.38541,0.92274,7.5,10.0,6.65
2026-01-23T01:00:00Z,BRT,7.5,60.3,1002.6,6.86,1,23,0.25882,0.96593,0.38541,0.92274,7.45,10.0,7.53
2026-01-23T02:00:00Z,BRT,7.45,59.4,1005.0,5.01,2,23,0.5,0.86603,0.38541,0.92274,7.85,10.0,8.72
2026-01-23T03:00:00Z,BRT,7.85,66.7,1007.7,9.42,3,23,0.70711,0.70711,0.38541,0.92274,9.76,10.0,7.77
2026-01-23T04:00:00Z,BRT,9.76,62.5,1003.9,12.01,4,23,0.86603,0.5,0.38541,0.92274,10.0,10.0,8.05
2026-01-23T05:00:00Z,BRT,10.0,58.5,1005.2,7.26,5,23,0.96593,0.25882,0.38541,0.92274,10.0,10.0,8.81
2026-01-23T06:00:00Z,BRT,10.0,57.7,1008.4,5.41,6,23,1.0,0.0,0.38541,0.92274,10.0,10.0,10.0
2026-01-23T07:00:00Z,BRT,10.0,55.7,1006.9,4.51,7,23,0.96593,-0.25882,0.38541,0.92274,10.0,9.84,10.0
2026-01-23T08:00:00Z,BRT,10.0,63.5,1006.9,6.71,8,23,0.86603,-0.5,0.38541,0.92274,10.0,9.19,10.0
2026-01-23T09:00:00Z,BRT,10.0,62.9,1002.5,9.44,9,23,0.70711,-0.70711,0.38541,0.92274,10.0,8.1,10.0
2026-01-23T10:00:00Z,BRT,10.0,66.6,1001.2,9.32,10,23,0.5,-0.86603,0.38541,0.92274,10.0,6.96,10.0
2026-01-23T11:00:00Z,BRT,10.0,65.2,1002.4,8.69,11,23,0.25882,-0.96593,0.38541,0.92274,10.0,6.4,10.0
2026-01-23T12:00:00Z,BRT,10.0,62.9,1001.1,9.27,12,23,0.0,-1.0,0.38541,0.92274,9.84,5.93,10.0
2026-01-23T13:00:00Z,BRT,9.84,68.8,1001.6,11.3,13,23,-0.25882,-0.96593,0.38541,0.92274,9.19,4.66,10.0
2026-01-23T14:00:00Z,BRT,9.19,62.7,999.1,5.25,14,23,-0.5,-0.86603,0.38541,0.92274,8.1,4.97,10.0
2026-01-23T15:00:00Z,BRT,8.1,69.4,1000.1,11.39,15,23,-0.70711,-0.70711,0.38541,0.92274,6.96,5.35,10.0
2026-01-23T16:00:00Z,BRT,6.96,71.8,995.6,11.83,16,23,-0.86603,-0.5,0.38541,0.92274,6.4,6.16,10.0
2026-01-23T17:00:00Z,BRT,6.4,70.2,994.6,11.05,17,23,-0.96593,-0.25882,0.38541,0.92274,5.93,5.81,10.0
2026-01-23T18:00:00Z,BRT,5.93,74.3,993.6,15.87,18,23,-1.0,-0.0,0.38541,0.92274,4.66,6.65,10.0
2026-01-23T19:00:00Z,BRT,4.66,61.7,994.8,14.04,19,23,-0.96593,0.25882,0.38541,0.92274,4.97,7.53,10.0
2026-01-23T20:00:00Z,BRT,4.97,75.4,996.7,15.02,20,23,-0.86603,0.5,0.38541,0.92274,5.35,8.72,10.0
2026-01-23T21:00:00Z,BRT,5.35,75.0,995.1,13.26,21,23,-0.70711,0.70711,0.38541,0.92274,6.16,7.77,10.0
2026-01-23T22:00:00Z,BRT,6.16,71.5,991.6,10.99,22,23,-0.5,0.86603,0.38541,0.92274,5.81,8.05,10.0
2026-01-23T23:00:00Z,BRT,5.81,72.3,989.3,13.66,23,23,-0.25882,0.96593,0.38541,0.92274,6.65,8.81,10.0
2026-01-24T00:00:00Z,BRT,6.65,80.2,988.6,10.82,0,24,0.0,1.0,0.40123,0.91598,7.53,10.0,10.0
2026-01-24T01:00:00Z,BRT,7.53,70.0,988.2,12.17,1,24,0.25882,0.96593,0.40123,0.91598,8.72,10.0,10.0
2026-01-24T02:00:00Z,BRT,8.72,80.8,986.8,10.69,2,24,0.5,0.86603,0.40123,0.91598,7.77,10.0,10.0
2026-01-24T03:00:00Z,BRT,7.77,75.7,984.0,11.98,3,24,0.70711,0.70711,0.40123,0.91598,8.05,10.0,10.0
2026-01-24T04:00:00Z,BRT,8.05,89.1,982.9,11.41,4,24,0.86603,0.5,0.40123,0.91598,8.81,10.0,10.0
2026-01-24T05:00:00Z,BRT,8.81,87.2,981.0,17.05,5,24,0.96593,0.25882,0.40123,0.91598,10.0,10.0,10.0
2026-01-24T06:00:00Z,BRT,10.0,85.4,977.5,14.38,6,24,1.0,0.0,0.40123,0.91598,10.0,10.0,10.0
2026-01-24T07:00:00Z,BRT,10.0,87.7,977.0,10.3,7,24,0.96593,-0.25882,0.40123,0.91598,10.0,10.0,10.0
2026-01-24T08:00:00Z,BRT,10.0,88.4,978.3,20.74,8,24,0.86603,-0.5,0.40123,0.91598,10.0,10.0,10.0
2026-01-24T09:00:00Z,BRT,10.0,96.6,976.9,15.27,9,24,0.70711,-0.70711,0.40123,0.91598,10.0,10.0,10.0
2026-01-24T10:00:00Z,BRT,10.0,99.0,975.5,17.66,10,24,0.5,-0.86603,0.40123,0.91598,10.0,10.0,10.0
2026-01-24T11:00:00Z,BRT,10.0,92.0,974.3,14.77,11,24,0.25882,-0.96593,0.40123,0.91598,10.0,10.0,10.0
2026-01-24T12:00:00Z,BRT,10.0,96.3,973.5,15.26,12,24,0.0,-1.0,0.40123,0.91598,10.0,10.0,10.0
2026-01-24T13:00:00Z,BRT,10.0,89.8,974.5,16.1,13,24,-0.25882,-0.96593,0.40123,0.91598,10.0,10.0,10.0
2026-01-24T14:00:00Z,BRT,10.0,81.6,975.3,12.08,14,24,-0.5,-0.86603,0.40123,0.91598,10.0,10.0,10.0
2026-01-24T15:00:00Z,BRT,10.0,85.7,977.0,15.76,15,24,-0.70711,-0.70711,0.40123,0.91598,10.0,10.0,7.0
2026-01-24T16:00:00Z,BRT,10.0,90.4,974.7,14.82,16,24,-0.86603,-0.5,0.40123,0.91598,10.0,10.0,7.48
2026-01-24T17:00:00Z,BRT,10.0,90.6,975.4,18.51,17,24,-0.96593,-0.25882,0.40123,0.91598,10.0,10.0,5.76
2026-01-24T18:00:00Z,BRT,10.0,94.6,972.7,19.12,18,24,-1.0,-0.0,0.40123,0.91598,10.0,10.0,6.98
2026-01-24T19:00:00Z,BRT,10.0,99.0,972.3,21.56,19,24,-0.96593,0.25882,0.40123,0.91598,10.0,10.0,7.8
2026-01-24T20:00:00Z,BRT,10.0,95.4,970.3,19.19,20,24,-0.86603,0.5,0.40123,0.91598,10.0,10.0,10.0
2026-01-24T21:00:00Z,BRT,10.0,98.1,968.4,18.43,21,24,-0.70711,0.70711,0.40123,0.91598,10.0,10.0,8.96
2026-01-24T22:00:00Z,BRT,10.0,97.7,969.5,15.53,22,24,-0.5,0.86603,0.40123,0.91598,10.0,10.0,4.13
2026-01-24T23:00:00Z,BRT,10.0,99.0,970.3,16.61,23,24,-0.25882,0.96593,0.40123,0.91598,10.0,10.0,4.48
2026-01-25T00:00:00Z,BRT,10.0,95.8,968.2,16.48,0,25,0.0,1.0,0.41693,0.90894,10.0,10.0,5.69
2026-01-25T01:00:00Z,BRT,10.0,98.0,968.1,17.15,1,25,0.25882,0.96593,0.41693,0.90894,10.0,10.0,5.59
2026-01-25T02:00:00Z,BRT,10.0,95.3,969.8,12.87,2,25,0.5,0.86603,0.41693,0.90894,10.0,10.0,7.05
2026-01-25T03:00:00Z,BRT,10.0,99.0,967.5,19.59,3,25,0.70711,0.70711,0.41693,0.90894,10.0,10.0,6.22
2026-01-25T04:00:00Z,BRT,10.0,95.1,967.8,17.97,4,25,0.86603,0.5,0.41693,0.90894,10.0,10.0,6.63
2026-01-25T05:00:00Z,BRT,10.0,96.4,969.1,17.93,5,25,0.96593,0.25882,0.41693,0.90894,10.0,10.0,5.82
2026-01-25T06:00:00Z,BRT,10.0,99.0,968.4,18.09,6,25,1.0,0.0,0.41693,0.90894,10.0,10.0,5.86
2026-01-25T07:00:00Z,BRT,10.0,92.7,972.1,20.56,7,25,0.96593,-0.25882,0.41693,0.90894,10.0,10.0,5.98
2026-01-25T08:00:00Z,BRT,10.0,89.8,974.1,17.31,8,25,0.86603,-0.5,0.41693,0.90894,10.0,10.0,6.54
2026-01-25T09:00:00Z,BRT,10.0,83.6,973.9,12.54,9,25,0.70711,-0.70711,0.41693,0.90894,10.0,7.0,6.3
2026-01-25T10:00:00Z,BRT,10.0,86.3,972.5,18.09,10,25,0.5,-0.86603,0.41693,0.90894,10.0,7.48,6.05
2026-01-25T11:00:00Z,BRT,10.0,95.1,972.8,15.36,11,25,0.25882,-0.96593,0.41693,0.90894,10.0,5.76,4.25
2026-01-25T12:00:00Z,BRT,10.0,94.2,972.9,16.94,12,25,0.0,-1.0,0.41693,0.90894,10.0,6.98,3.78
2026-01-25T13:00:00Z,BRT,10.0,79.1,974.7,12.79,13,25,-0.25882,-0.96593,0.41693,0.90894,10.0,7.8,3.16
2026-01-25T14:00:00Z,BRT,10.0,86.9,975.7,14.32,14,25,-0.5,-0.86603,0.41693,0.90894,7.0,10.0,3.67
2026-01-25T15:00:00Z,BRT,7.0,97.0,978.3,15.5,15,25,-0.70711,-0.70711,0.41693,0.90894,7.48,8.96,3.52
2026-01-25T16:00:00Z,BRT,7.48,83.8,980.8,16.2,16,25,-0.86603,-0.5,0.41693,0.90894,5.76,4.13,3.04
2026-01-25T17:00:00Z,BRT,5.76,96.3,979.9,14.12,17,25,-0.96593,-0.25882,0.41693,0.90894,6.98,4.48,3.17
2026-01-25T18:00:00Z,BRT,6.98,88.1,980.7,18.39,18,25,-1.0,-0.0,0.41693,0.90894,7.8,5.69,2.32
2026-01-25T19:00:00Z,BRT,7.8,98.3,978.1,20.92,19,25,-0.96593,0.25882,0.41693,0.90894,10.0,5.59,3.37
2026-01-25T20:00:00Z,BRT,10.0,88.1,977.4,19.84,20,25,-0.86603,0.5,0.41693,0.90894,8.96,7.05,4.75
2026-01-25T21:00:00Z,BRT,8.96,88.1,977.1,15.56,21,25,-0.70711,0.70711,0.41693,0.90894,4.13,6.22,4.76
2026-01-25T22:00:00Z,BRT,4.13,90.5,979.9,17.99,22,25,-0.5,0.86603,0.41693,0.90894,4.48,6.63,5.1
2026-01-25T23:00:00Z,BRT,4.48,87.0,980.3,10.73,23,25,-0.25882,0.96593,0.41693,0.90894,5.69,5.82,3.9
2026-01-26T00:00:00Z,BRT,5.69,82.0,983.7,12.28,0,26,0.0,1.0,0.4325,0.90163,5.59,5.86,4.79
2026-01-26T01:00:00Z,BRT,5.59,85.2,986.1,14.77,1,26,0.25882,0.96593,0.4325,0.90163,7.05,5.98,5.08
2026-01-26T02:00:00Z,BRT,7.05,75.4,987.3,16.27,2,26,0.5,0.86603,0.4325,0.90163,6.22,6.54,6.43
2026-01-26T03:00:00Z,BRT,6.22,83.7,987.2,13.82,3,26,0.70711,0.70711,0.4325,0.90163,6.63,6.3,8.17
2026-01-26T04:00:00Z,BRT,6.63,79.0,986.9,11.12,4,26,0.86603,0.5,0.4325,0.90163,5.82,6.05,7.44
2026-01-26T05:00:00Z,BRT,5.82,81.8,989.2,12.43,5,26,0.96593,0.25882,0.4325,0.90163,5.86,4.25,7.39
2026-01-26T06:00:00Z,BRT,5.86,77.3,989.2,13.95,6,26,1.0,0.0,0.4325,0.90163,5.98,3.78,7.3
2026-01-26T07:00:00Z,BRT,5.98,82.4,993.0,11.56,7,26,0.96593,-0.25882,0.4325,0.90163,6.54,3.16,6.2
2026-01-26T08:00:00Z,BRT,6.54,77.3,994.7,10.88,8,26,0.86603,-0.5,0.4325,0.90163,6.3,3.67,5.49
2026-01-26T09:00:00Z,BRT,6.3,82.8,994.0,7.39,9,26,0.70711,-0.70711,0.4325,0.90163,6.05,3.52,4.97
2026-01-26T10:00:00Z,BRT,6.05,71.5,995.8,7.79,10,26,0.5,-0.86603,0.4325,0.90163,4.25,3.04,4.3
2026-01-26T11:00:00Z,BRT,4.25,72.5,995.5,11.58,11,26,0.25882,-0.96593,0.4325,0.90163,3.78,3.17,3.49
2026-01-26T12:00:00Z,BRT,3.78,63.3,996.8,9.16,12,26,0.0,-1.0,0.4325,0.90163,3.16,2.32,3.18
2026-01-26T13:00:00Z,BRT,3.16,74.0,997.7,8.75,13,26,-0.25882,-0.96593,0.4325,0.90163,3.67,3.37,3.15
2026-01-26T14:00:00Z,BRT,3.67,75.9,995.6,11.08,14,26,-0.5,-0.86603,0.4325,0.90163,3.52,4.75,2.9
2026-01-26T15:00:00Z,BRT,3.52,62.6,996.9,10.29,15,26,-0.70711,-0.70711,0.4325,0.90163,3.04,4.76,4.26
2026-01-26T16:00:00Z,BRT,3.04,78.2,996.0,5.19,16,26,-0.86603,-0.5,0.4325,0.90163,3.17,5.1,4.2
2026-01-26T17:00:00Z,BRT,3.17,80.8,993.3,10.97,17,26,-0.96593,-0.25882,0.4325,0.90163,2.32,3.9,5.78
2026-01-26T18:00:00Z,BRT,2.32,69.9,996.1,10.59,18,26,-1.0,-0.0,0.4325,0.90163,3.37,4.79,5.4
2026-01-26T19:00:00Z,BRT,3.37,78.3,996.2,12.33,19,26,-0.96593,0.25882,0.4325,0.90163,4.75,5.08,5.61
2026-01-26T20:00:00Z,BRT,4.75,80.3,998.9,11.99,20,26,-0.86603,0.5,0.4325,0.90163,4.76,6.43,6.22
2026-01-26T21:00:00Z,BRT,4.76,75.0,997.5,12.51,21,26,-0.70711,0.70711,0.4325,0.90163,5.1,8.17,6.97
2026-01-26T22:00:00Z,BRT,5.1,83.2,997.5,10.05,22,26,-0.5,0.86603,0.4325,0.90163,3.9,7.44,6.98
2026-01-26T23:00:00Z,BRT,3.9,83.5,996.7,9.78,23,26,-0.25882,0.96593,0.4325,0.90163,4.79,7.39,5.64
2026-01-27T00:00:00Z,BRT,4.79,68.1,996.2,10.76,0,27,0.0,1.0,0.44794,0.89406,5.08,7.3,5.42
2026-01-27T01:00:00Z,BRT,5.08,72.1,1000.1,8.02,1,27,0.25882,0.96593,0.44794,0.89406,6.43,6.2,5.96
2026-01-27T02:00:00Z,BRT,6.43,61.2,999.0,9.01,2,27,0.5,0.86603,0.44794,0.89406,8.17,5.49,3.76
2026-01-27T03:00:00Z,BRT,8.17,74.1,1001.0,11.29,3,27,0.70711,0.70711,0.44794,0.89406,7.44,4.97,3.94
2026-01-27T04:00:00Z,BRT,7.44,69.8,1001.3,7.98,4,27,0.86603,0.5,0.44794,0.89406,7.39,4.3,3.82
2026-01-27T05:00:00Z,BRT,7.39,61.8,1001.4,8.23,5,27,0.96593,0.25882,0.44794,0.89406,7.3,3.49,3.2
2026-01-27T06:00:00Z,BRT,7.3,72.8,1004.2,9.99,6,27,1.0,0.0,0.44794,0.89406,6.2,3.18,3.65
2026-01-27T07:00:00Z,BRT,6.2,66.8,1004.4,4.29,7,27,0.96593,-0.25882,0.44794,0.89406,5.49,3.15,4.27
2026-01-27T08:00:00Z,BRT,5.49,65.7,1002.3,11.36,8,27,0.86603,-0.5,0.44794,0.89406,4.97,2.9,2.97
2026-01-27T09:00:00Z,BRT,4.97,75.2,1000.6,12.28,9,27,0.70711,-0.70711,0.44794,0.89406,4.3,4.26,3.7
2026-01-27T10:00:00Z,BRT,4.3,72.7,1002.6,9.88,10,27,0.5,-0.86603,0.44794,0.89406,3.49,4.2,2.49
2026-01-27T11:00:00Z,BRT,3.49,75.0,1001.9,11.87,11,27,0.25882,-0.96593,0.44794,0.89406,3.18,5.78,3.04
2026-01-27T12:00:00Z,BRT,3.18,67.6,1000.2,9.49,12,27,0.0,-1.0,0.44794,0.89406,3.15,5.4,2.69
2026-01-27T13:00:00Z,BRT,3.15,67.4,1000.7,6.25,13,27,-0.25882,-0.96593,0.44794,0.89406,2.9,5.61,3.18
2026-01-27T14:00:00Z,BRT,2.9,61.8,1002.0,14.81,14,27,-0.5,-0.86603,0.44794,0.89406,4.26,6.22,3.77
2026-01-27T15:00:00Z,BRT,4.26,65.8,1001.4,9.88,15,27,-0.70711,-0.70711,0.44794,0.89406,4.2,6.97,5.29
2026-01-27T16:00:00Z,BRT,4.2,71.2,1002.3,11.88,16,27,-0.86603,-0.5,0.44794,0.89406,5.78,6.98,4.65
2026-01-27T17:00:00Z,BRT,5.78,56.5,1002.3,7.12,17,27,-0.96593,-0.25882,0.44794,0.89406,5.4,5.64,3.7
2026-01-27T18:00:00Z,BRT,5.4,72.6,1001.6,13.04,18,27,-1.0,-0.0,0.44794,0.89406,5.61,5.42,3.16
2026-01-27T19:00:00Z,BRT,5.61,68.8,1002.9,12.56,19,27,-0.96593,0.25882,0.44794,0.89406,6.22,5.96,3.67
2026-01-27T20:00:00Z,BRT,6.22,70.0,1003.5,13.32,20,27,-0.86603,0.5,0.44794,0.89406,6.97,3.76,3.52
2026-01-27T21:00:00Z,BRT,6.97,77.0,1006.7,8.64,21,27,-0.70711,0.70711,0.44794,0.89406,6.98,3.94,3.29
2026-01-27T22:00:00Z,BRT,6.98,62.1,1005.4,5.04,22,27,-0.5,0.86603,0.44794,0.89406,5.64,3.82,4.13
2026-01-27T23:00:00Z,BRT,5.64,63.4,1007.4,9.8,23,27,-0.25882,0.96593,0.44794,0.89406,5.42,3.2,4.97
2026-01-28T00:00:00Z,BRT,5.42,57.2,1008.6,3.15,0,28,0.0,1.0,0.46326,0.88622,5.96,3.65,3.99
2026-01-28T01:00:00Z,BRT,5.96,56.9,1009.4,5.97,1,28,0.25882,0.96593,0.46326,0.88622,3.76,4.27,4.33
2026-01-28T02:00:00Z,BRT,3.76,60.1,1010.5,4.52,2,28,0.5,0.86603,0.46326,0.88622,3.94,2.97,4.2
2026-01-28T03:00:00Z,BRT,3.94,55.4,1010.3,6.32,3,28,0.70711,0.70711,0.46326,0.88622,3.82,3.7,4.88
2026-01-28T04:00:00Z,BRT,3.82,66.2,1009.6,9.72,4,28,0.86603,0.5,0.46326,0.88622,3.2,2.49,5.36
2026-01-28T05:00:00Z,BRT,3.2,58.7,1009.5,8.8,5,28,0.96593,0.25882,0.46326,0.88622,3.65,3.04,4.99
2026-01-28T06:00:00Z,BRT,3.65,64.7,1007.4,7.92,6,28,1.0,0.0,0.46326,0.88622,4.27,2.69,4.8
2026-01-28T07:00:00Z,BRT,4.27,63.4,1005.9,10.24,7,28,0.96593,-0.25882,0.46326,0.88622,2.97,3.18,5.46
2026-01-28T08:00:00Z,BRT,2.97,62.5,1007.1,4.76,8,28,0.86603,-0.5,0.46326,0.88622,3.7,3.77,4.52
2026-01-28T09:00:00Z,BRT,3.7,47.1,1009.6,1.09,9,28,0.70711,-0.70711,0.46326,0.88622,2.49,5.29,4.36
2026-01-28T10:00:00Z,BRT,2.49,63.3,1010.6,5.29,10,28,0.5,-0.86603,0.46326,0.88622,3.04,4.65,4.05
2026-01-28T11:00:00Z,BRT,3.04,54.2,1009.3,8.76,11,28,0.25882,-0.96593,0.46326,0.88622,2.69,3.7,3.62
2026-01-28T12:00:00Z,BRT,2.69,63.1,1007.7,4.02,12,28,0.0,-1.0,0.46326,0.88622,3.18,3.16,3.6
2026-01-28T13:00:00Z,BRT,3.18,67.9,1006.1,7.61,13,28,-0.25882,-0.96593,0.46326,0.88622,3.77,3.67,4.13
2026-01-28T14:00:00Z,BRT,3.77,67.7,1004.0,8.46,14,28,-0.5,-0.86603,0.46326,0.88622,5.29,3.52,3.5
2026-01-28T15:00:00Z,BRT,5.29,58.1,1006.3,7.27,15,28,-0.70711,-0.70711,0.46326,0.88622,4.65,3.29,3.9
2026-01-28T16:00:00Z,BRT,4.65,56.7,1008.3,4.86,16,28,-0.86603,-0.5,0.46326,0.88622,3.7,4.13,4.24
2026-01-28T17:00:00Z,BRT,3.7,68.6,1006.2,7.32,17,28,-0.96593,-0.25882,0.46326,0.88622,3.16,4.97,3.82
2026-01-28T18:00:00Z,BRT,3.16,65.5,1008.1,11.58,18,28,-1.0,-0.0,0.46326,0.88622,3.67,3.99,3.13
2026-01-28T19:00:00Z,BRT,3.67,70.2,1007.4,8.16,19,28,-0.96593,0.25882,0.46326,0.88622,3.52,4.33,3.91
2026-01-28T20:00:00Z,BRT,3.52,67.6,1007.4,11.86,20,28,-0.86603,0.5,0.46326,0.88622,3.29,4.2,3.89
2026-01-28T21:00:00Z,BRT,3.29,61.7,1005.0,8.86,21,28,-0.70711,0.70711,0.46326,0.88622,4.13,4.88,8.84
2026-01-28T22:00:00Z,BRT,4.13,64.2,1006.5,9.11,22,28,-0.5,0.86603,0.46326,0.88622,4.97,5.36,9.0
2026-01-28T23:00:00Z,BRT,4.97,70.1,1006.5,7.0,23,28,-0.25882,0.96593,0.46326,0.88622,3.99,4.99,9.75
2026-01-29T00:00:00Z,BRT,3.99,67.2,1008.3,3.93,0,29,0.0,1.0,0.47843,0.87812,4.33,4.8,10.0
2026-01-29T01:00:00Z,BRT,4.33,68.0,1007.7,5.6,1,29,0.25882,0.96593,0.47843,0.87812,4.2,5.46,10.0
2026-01-29T02:00:00Z,BRT,4.2,63.2,1006.4,11.23,2,29,0.5,0.86603,0.47843,0.87812,4.88,4.52,10.0
2026-01-29T03:00:00Z,BRT,4.88,69.7,1004.6,9.34,3,29,0.70711,0.70711,0.47843,0.87812,5.36,4.36,10.0
2026-01-29T04:00:00Z,BRT,5.36,62.5,1002.6,2.92,4,29,0.86603,0.5,0.47843,0.87812,4.99,4.05,10.0
2026-01-29T05:00:00Z,BRT,4.99,58.1,1002.0,11.44,5,29,0.96593,0.25882,0.47843,0.87812,4.8,3.62,10.0
2026-01-29T06:00:00Z,BRT,4.8,62.2,998.4,10.89,6,29,1.0,0.0,0.47843,0.87812,5.46,3.6,10.0
2026-01-29T07:00:00Z,BRT,5.46,73.1,994.0,9.09,7,29,0.96593,-0.25882,0.47843,0.87812,4.52,4.13,10.0
2026-01-29T08:00:00Z,BRT,4.52,76.9,993.5,8.49,8,29,0.86603,-0.5,0.47843,0.87812,4.36,3.5,10.0
2026-01-29T09:00:00Z,BRT,4.36,76.4,992.1,10.42,9,29,0.70711,-0.70711,0.47843,0.87812,4.05,3.9,10.0
2026-01-29T10:00:00Z,BRT,4.05,76.6,992.0,9.67,10,29,0.5,-0.86603,0.47843,0.87812,3.62,4.24,10.0
2026-01-29T11:00:00Z,BRT,3.62,73.2,993.7,10.92,11,29,0.25882,-0.96593,0.47843,0.87812,3.6,3.82,10.0
2026-01-29T12:00:00Z,BRT,3.6,81.0,991.6,13.3,12,29,0.0,-1.0,0.47843,0.87812,4.13,3.13,6.33
2026-01-29T13:00:00Z,BRT,4.13,80.1,989.5,8.95,13,29,-0.25882,-0.96593,0.47843,0.87812,3.5,3.91,6.03
2026-01-29T14:00:00Z,BRT,3.5,78.5,990.4,13.12,14,29,-0.5,-0.86603,0.47843,0.87812,3.9,3.89,5.95
2026-01-29T15:00:00Z,BRT,3.9,75.6,991.5,10.74,15,29,-0.70711,-0.70711,0.47843,0.87812,4.24,8.84,5.57
2026-01-29T16:00:00Z,BRT,4.24,78.9,991.2,11.45,16,29,-0.86603,-0.5,0.47843,0.87812,3.82,9.0,5.28
2026-01-29T17:00:00Z,BRT,3.82,81.1,990.8,10.78,17,29,-0.96593,-0.25882,0.47843,0.87812,3.13,9.75,5.26
2026-01-29T18:00:00Z,BRT,3.13,79.2,988.8,14.83,18,29,-1.0,-0.0,0.47843,0.87812,3.91,10.0,3.4
2026-01-29T19:00:00Z,BRT,3.91,81.4,985.2,17.14,19,29,-0.96593,0.25882,0.47843,0.87812,3.89,10.0,3.65
2026-01-29T20:00:00Z,BRT,3.89,83.0,981.1,13.59,20,29,-0.86603,0.5,0.47843,0.87812,8.84,10.0,5.12
2026-01-29T21:00:00Z,BRT,8.84,82.8,976.7,18.2,21,29,-0.70711,0.70711,0.47843,0.87812,9.0,10.0,4.94
2026-01-29T22:00:00Z,BRT,9.0,86.6,976.5,16.11,22,29,-0.5,0.86603,0.47843,0.87812,9.75,10.0,5.87
2026-01-29T23:00:00Z,BRT,9.75,97.3,975.5,12.87,23,29,-0.25882,0.96593,0.47843,0.87812,10.0,10.0,5.36
2026-01-30T00:00:00Z,BRT,10.0,89.0,975.3,15.57,0,30,0.0,1.0,0.49347,0.86976,10.0,10.0,5.68
2026-01-30T01:00:00Z,BRT,10.0,87.8,974.7,15.46,1,30,0.25882,0.96593,0.49347,0.86976,10.0,10.0,6.1
2026-01-30T02:00:00Z,BRT,10.0,94.9,974.5,14.53,2,30,0.5,0.86603,0.49347,0.86976,10.0,10.0,6.82
2026-01-30T03:00:00Z,BRT,10.0,97.9,973.6,20.09,3,30,0.70711,0.70711,0.49347,0.86976,10.0,10.0,6.1
2026-01-30T04:00:00Z,BRT,10.0,77.7,972.9,18.36,4,30,0.86603,0.5,0.49347,0.86976,10.0,10.0,6.74
2026-01-30T05:00:00Z,BRT,10.0,87.4,974.6,14.92,5,30,0.96593,0.25882,0.49347,0.86976,10.0,10.0,5.7
2026-01-30T06:00:00Z,BRT,10.0,98.8,976.9,18.2,6,30,1.0,0.0,0.49347,0.86976,10.0,6.33,5.29
2026-01-30T07:00:00Z,BRT,10.0,95.4,975.7,14.75,7,30,0.96593,-0.25882,0.49347,0.86976,10.0,6.03,4.1
2026-01-30T08:00:00Z,BRT,10.0,87.8,975.3,16.68,8,30,0.86603,-0.5,0.49347,0.86976,10.0,5.95,4.48
2026-01-30T09:00:00Z,BRT,10.0,91.7,973.8,12.5,9,30,0.70711,-0.70711,0.49347,0.86976,10.0,5.57,5.37
2026-01-30T10:00:00Z,BRT,10.0,93.0,974.3,15.1,10,30,0.5,-0.86603,0.49347,0.86976,10.0,5.28,5.4
2026-01-30T11:00:00Z,BRT,10.0,85.7,976.3,17.72,11,30,0.25882,-0.96593,0.49347,0.86976,6.33,5.26,5.16
2026-01-30T12:00:00Z,BRT,6.33,83.9,979.6,15.36,12,30,0.0,-1.0,0.49347,0.86976,6.03,3.4,4.08
2026-01-30T13:00:00Z,BRT,6.03,78.3,980.7,13.72,13,30,-0.25882,-0.96593,0.49347,0.86976,5.95,3.65,3.59
2026-01-30T14:00:00Z,BRT,5.95,85.6,982.7,13.18,14,30,-0.5,-0.86603,0.49347,0.86976,5.57,5.12,4.23
2026-01-30T15:00:00Z,BRT,5.57,82.8,983.1,10.57,15,30,-0.70711,-0.70711,0.49347,0.86976,5.28,4.94,3.78
2026-01-30T16:00:00Z,BRT,5.28,83.2,981.2,11.77,16,30,-0.86603,-0.5,0.49347,0.86976,5.26,5.87,2.76
2026-01-30T17:00:00Z,BRT,5.26,83.2,985.3,19.02,17,30,-0.96593,-0.25882,0.49347,0.86976,3.4,5.36,2.13
2026-01-30T18:00:00Z,BRT,3.4,79.3,985.9,13.57,18,30,-1.0,-0.0,0.49347,0.86976,3.65,5.68,3.28
2026-01-30T19:00:00Z,BRT,3.65,83.1,988.9,14.75,19,30,-0.96593,0.25882,0.49347,0.86976,5.12,6.1,3.05
2026-01-30T20:00:00Z,BRT,5.12,80.0,993.1,15.74,20,30,-0.86603,0.5,0.49347,0.86976,4.94,6.82,3.67
2026-01-30T21:00:00Z,BRT,4.94,72.7,995.7,7.84,21,30,-0.70711,0.70711,0.49347,0.86976,5.87,6.1,2.94
2026-01-30T22:00:00Z,BRT,5.87,85.1,996.7,8.61,22,30,-0.5,0.86603,0.49347,0.86976,5.36,6.74,2.98
2026-01-30T23:00:00Z,BRT,5.36,76.3,998.2,11.35,23,30,-0.25882,0.96593,0.49347,0.86976,5.68,5.7,4.06
2026-01-31T00:00:00Z,BRT,5.68,70.0,999.5,6.77,0,31,0.0,1.0,0.50836,0.86115,6.1,5.29,4.57
2026-01-31T01:00:00Z,BRT,6.1,70.5,1001.0,11.59,1,31,0.25882,0.96593,0.50836,0.86115,6.82,4.1,5.64
2026-01-31T02:00:00Z,BRT,6.82,79.9,999.8,13.88,2,31,0.5,0.86603,0.50836,0.86115,6.1,4.48,4.65
2026-01-31T03:00:00Z,BRT,6.1,69.1,1001.6,11.18,3,31,0.70711,0.70711,0.50836,0.86115,6.74,5.37,6.08
2026-01-31T04:00:00Z,BRT,6.74,71.7,1000.1,11.26,4,31,0.86603,0.5,0.50836,0.86115,5.7,5.4,6.03
2026-01-31T05:00:00Z,BRT,5.7,73.1,1000.3,7.19,5,31,0.96593,0.25882,0.50836,0.86115,5.29,5.16,6.17
2026-01-31T06:00:00Z,BRT,5.29,58.1,1004.9,7.87,6,31,1.0,0.0,0.50836,0.86115,4.1,4.08,7.3
2026-01-31T07:00:00Z,BRT,4.1,72.1,1002.8,8.62,7,31,0.96593,-0.25882,0.50836,0.86115,4.48,3.59,8.38
2026-01-31T08:00:00Z,BRT,4.48,65.0,1005.6,11.78,8,31,0.86603,-0.5,0.50836,0.86115,5.37,4.23,9.62
2026-01-31T09:00:00Z,BRT,5.37,56.9,1005.9,6.63,9,31,0.70711,-0.70711,0.50836,0.86115,5.4,3.78,9.48
2026-01-31T10:00:00Z,BRT,5.4,64.9,1003.5,10.05,10,31,0.5,-0.86603,0.50836,0.86115,5.16,2.76,9.99
2026-01-31T11:00:00Z,BRT,5.16,63.4,1004.7,8.91,11,31,0.25882,-0.96593,0.50836,0.86115,4.08,2.13,9.29
2026-01-31T12:00:00Z,BRT,4.08,72.5,1005.3,8.44,12,31,0.0,-1.0,0.50836,0.86115,3.59,3.28,8.16
2026-01-31T13:00:00Z,BRT,3.59,62.3,1007.5,4.86,13,31,-0.25882,-0.96593,0.50836,0.86115,4.23,3.05,6.88
2026-01-31T14:00:00Z,BRT,4.23,68.4,1006.1,7.71,14,31,-0.5,-0.86603,0.50836,0.86115,3.78,3.67,5.51
2026-01-31T15:00:00Z,BRT,3.78,75.6,1006.2,8.42,15,31,-0.70711,-0.70711,0.50836,0.86115,2.76,2.94,6.31
2026-01-31T16:00:00Z,BRT,2.76,63.0,1006.3,8.84,16,31,-0.86603,-0.5,0.50836,0.86115,2.13,2.98,6.87
2026-01-31T17:00:00Z,BRT,2.13,67.9,1006.5,11.1,17,31,-0.96593,-0.25882,0.50836,0.86115,3.28,4.06,6.9
2026-01-31T18:00:00Z,BRT,3.28,58.6,1006.9,10.89,18,31,-1.0,-0.0,0.50836,0.86115,3.05,4.57,6.61
2026-01-31T19:00:00Z,BRT,3.05,61.7,1006.7,12.11,19,31,-0.96593,0.25882,0.50836,0.86115,3.67,5.64,6.5
2026-01-31T20:00:00Z,BRT,3.67,65.4,1006.2,8.21,20,31,-0.86603,0.5,0.50836,0.86115,2.94,4.65,5.19
2026-01-31T21:00:00Z,BRT,2.94,71.7,1004.4,9.63,21,31,-0.70711,0.70711,0.50836,0.86115,2.98,6.08,5.79
2026-01-31T22:00:00Z,BRT,2.98,63.0,1003.3,10.14,22,31,-0.5,0.86603,0.50836,0.86115,4.06,6.03,5.57
2026-01-31T23:00:00Z,BRT,4.06,60.4,1007.2,8.04,23,31,-0.25882,0.96593,0.50836,0.86115,4.57,6.17,5.28
2026-02-01T00:00:00Z,BRT,4.57,68.1,1003.8,7.6,0,32,0.0,1.0,0.52309,0.85227,5.64,7.3,5.37
2026-02-01T01:00:00Z,BRT,5.64,63.2,1003.1,6.75,1,32,0.25882,0.96593,0.52309,0.85227,4.65,8.38,4.95
2026-02-01T02:00:00Z,BRT,4.65,65.7,1001.8,10.17,2,32,0.5,0.86603,0.52309,0.85227,6.08,9.62,5.36
2026-02-01T03:00:00Z,BRT,6.08,68.9,1000.9,7.66,3,32,0.70711,0.70711,0.52309,0.85227,6.03,9.48,5.36
2026-02-01T04:00:00Z,BRT,6.03,63.1,1000.5,9.75,4,32,0.86603,0.5,0.52309,0.85227,6.17,9.99,7.34
2026-02-01T05:00:00Z,BRT,6.17,73.9,998.4,8.86,5,32,0.96593,0.25882,0.52309,0.85227,7.3,9.29,7.69
2026-02-01T06:00:00Z,BRT,7.3,62.4,997.5,9.13,6,32,1.0,0.0,0.52309,0.85227,8.38,8.16,5.95
2026-02-01T07:00:00Z,BRT,8.38,66.1,999.8,5.98,7,32,0.96593,-0.25882,0.52309,0.85227,9.62,6.88,4.43
2026-02-01T08:00:00Z,BRT,9.62,68.6,998.5,10.7,8,32,0.86603,-0.5,0.52309,0.85227,9.48,5.51,3.72
2026-02-01T09:00:00Z,BRT,9.48,72.4,1000.1,10.97,9,32,0.70711,-0.70711,0.52309,0.85227,9.99,6.31,3.9
2026-02-01T10:00:00Z,BRT,9.99,73.5,1000.7,10.65,10,32,0.5,-0.86603,0.52309,0.85227,9.29,6.87,2.38
2026-02-01T11:00:00Z,BRT,9.29,70.0,1000.9,9.61,11,32,0.25882,-0.96593,0.52309,0.85227,8.16,6.9,2.4
2026-02-01T12:00:00Z,BRT,8.16,63.8,1001.0,9.59,12,32,0.0,-1.0,0.52309,0.85227,6.88,6.61,3.2
2026-02-01T13:00:00Z,BRT,6.88,64.9,1002.9,7.51,13,32,-0.25882,-0.96593,0.52309,0.85227,5.51,6.5,2.27
2026-02-01T14:00:00Z,BRT,5.51,68.9,1002.3,9.07,14,32,-0.5,-0.86603,0.52309,0.85227,6.31,5.19,2.56
2026-02-01T15:00:00Z,BRT,6.31,72.9,1003.2,6.72,15,32,-0.70711,-0.70711,0.52309,0.85227,6.87,5.79,2.82
2026-02-01T16:00:00Z,BRT,6.87,69.1,1001.9,9.58,16,32,-0.86603,-0.5,0.52309,0.85227,6.9,5.57,2.83
2026-02-01T17:00:00Z,BRT,6.9,67.1,1002.4,12.35,17,32,-0.96593,-0.25882,0.52309,0.85227,6.61,5.28,2.29
2026-02-01T18:00:00Z,BRT,6.61,64.0,1004.2,12.82,18,32,-1.0,-0.0,0.52309,0.85227,6.5,5.37,3.52
2026-02-01T19:00:00Z,BRT,6.5,73.0,1004.1,14.25,19,32,-0.96593,0.25882,0.52309,0.85227,5.19,4.95,3.19
2026-02-01T20:00:00Z,BRT,5.19,58.6,1004.5,11.15,20,32,-0.86603,0.5,0.52309,0.85227,5.79,5.36,2.27
2026-02-01T21:00:00Z,BRT,5.79,59.8,1004.9,6.83,21,32,-0.70711,0.70711,0.52309,0.85227,5.57,5.36,2.28
2026-02-01T22:00:00Z,BRT,5.57,68.2,1005.4,5.81,22,32,-0.5,0.86603,0.52309,0.85227,5.28,7.34,1.58
2026-02-01T23:00:00Z,BRT,5.28,59.1,1006.3,5.49,23,32,-0.25882,0.96593,0.52309,0.85227,5.37,7.69,0.69
2026-02-02T00:00:00Z,BRT,5.37,57.2,1006.4,8.21,0,33,0.0,1.0,0.53768,0.84315,4.95,5.95,1.26
2026-02-02T01:00:00Z,BRT,4.95,62.5,1005.3,6.31,1,33,0.25882,0.96593,0.53768,0.84315,5.36,4.43,0.99
2026-02-02T02:00:00Z,BRT,5.36,64.3,1001.7,6.25,2,33,0.5,0.86603,0.53768,0.84315,5.36,3.72,2.15
2026-02-02T03:00:00Z,BRT,5.36,64.3,1001.7,10.42,3,33,0.70711,0.70711,0.53768,0.84315,7.34,3.9,2.31
2026-02-02T04:00:00Z,BRT,7.34,69.6,1002.3,10.52,4,33,0.86603,0.5,0.53768,0.84315,7.69,2.38,2.79
2026-02-02T05:00:00Z,BRT,7.69,76.6,1001.6,11.55,5,33,0.96593,0.25882,0.53768,0.84315,5.95,2.4,2.63
2026-02-02T06:00:00Z,BRT,5.95,65.6,1004.6,10.61,6,33,1.0,0.0,0.53768,0.84315,4.43,3.2,3.37
2026-02-02T07:00:00Z,BRT,4.43,60.4,1008.9,7.68,7,33,0.96593,-0.25882,0.53768,0.84315,3.72,2.27,2.82
2026-02-02T08:00:00Z,BRT,3.72,60.7,1006.0,9.11,8,33,0.86603,-0.5,0.53768,0.84315,3.9,2.56,2.65
2026-02-02T09:00:00Z,BRT,3.9,66.2,1008.8,6.46,9,33,0.70711,-0.70711,0.53768,0.84315,2.38,2.82,1.71
2026-02-02T10:00:00Z,BRT,2.38,62.8,1008.6,7.62,10,33,0.5,-0.86603,0.53768,0.84315,2.4,2.83,0.82
2026-02-02T11:00:00Z,BRT,2.4,59.7,1009.5,8.95,11,33,0.25882,-0.96593,0.53768,0.84315,3.2,2.29,1.32
2026-02-02T12:00:00Z,BRT,3.2,63.2,1009.4,3.82,12,33,0.0,-1.0,0.53768,0.84315,2.27,3.52,1.3
2026-02-02T13:00:00Z,BRT,2.27,61.3,1010.8,5.98,13,33,-0.25882,-0.96593,0.53768,0.84315,2.56,3.19,-0.75
2026-02-02T14:00:00Z,BRT,2.56,58.9,1008.8,5.74,14,33,-0.5,-0.86603,0.53768,0.84315,2.82,2.27,-1.15
2026-02-02T15:00:00Z,BRT,2.82,66.1,1009.3,7.02,15,33,-0.70711,-0.70711,0.53768,0.84315,2.83,2.28,-0.47
2026-02-02T16:00:00Z,BRT,2.83,61.7,1010.0,6.73,16,33,-0.86603,-0.5,0.53768,0.84315,2.29,1.58,-0.91
2026-02-02T17:00:00Z,BRT,2.29,60.4,1009.6,9.64,17,33,-0.96593,-0.25882,0.53768,0.84315,3.52,0.69,-0.18
2026-02-02T18:00:00Z,BRT,3.52,66.4,1009.7,10.19,18,33,-1.0,-0.0,0.53768,0.84315,3.19,1.26,-0.1
2026-02-02T19:00:00Z,BRT,3.19,66.6,1010.3,10.73,19,33,-0.96593,0.25882,0.53768,0.84315,2.27,0.99,0.55
2026-02-02T20:00:00Z,BRT,2.27,52.9,1011.2,10.54,20,33,-0.86603,0.5,0.53768,0.84315,2.28,2.15,1.16
2026-02-02T21:00:00Z,BRT,2.28,52.3,1011.0,8.46,21,33,-0.70711,0.70711,0.53768,0.84315,1.58,2.31,1.44
2026-02-02T22:00:00Z,BRT,1.58,54.4,1010.9,7.94,22,33,-0.5,0.86603,0.53768,0.84315,0.69,2.79,2.82
2026-02-02T23:00:00Z,BRT,0.69,67.8,1008.5,4.27,23,33,-0.25882,0.96593,0.53768,0.84315,1.26,2.63,3.73
2026-02-03T00:00:00Z,BRT,1.26,61.6,1008.3,7.27,0,34,0.0,1.0,0.5521,0.83378,0.99,3.37,4.76
2026-02-03T01:00:00Z,BRT,0.99,68.9,1007.4,8.14,1,34,0.25882,0.96593,0.5521,0.83378,2.15,2.82,6.05
2026-02-03T02:00:00Z,BRT,2.15,62.1,1007.0,8.83,2,34,0.5,0.86603,0.5521,0.83378,2.31,2.65,7.93
2026-02-03T03:00:00Z,BRT,2.31,73.4,1003.8,6.51,3,34,0.70711,0.70711,0.5521,0.83378,2.79,1.71,9.83
2026-02-03T04:00:00Z,BRT,2.79,67.7,1004.6,8.37,4,34,0.86603,0.5,0.5521,0.83378,2.63,0.82,10.0
2026-02-03T05:00:00Z,BRT,2.63,56.9,1005.5,6.69,5,34,0.96593,0.25882,0.5521,0.83378,3.37,1.32,10.0
2026-02-03T06:00:00Z,BRT,3.37,65.4,1002.4,8.77,6,34,1.0,0.0,0.5521,0.83378,2.82,1.3,9.86
2026-02-03T07:00:00Z,BRT,2.82,71.0,1001.8,7.24,7,34,0.96593,-0.25882,0.5521,0.83378,2.65,-0.75,10.0
2026-02-03T08:00:00Z,BRT,2.65,78.1,999.2,9.4,8,34,0.86603,-0.5,0.5521,0.83378,1.71,-1.15,10.0
2026-02-03T09:00:00Z,BRT,1.71,70.8,999.3,6.94,9,34,0.70711,-0.70711,0.5521,0.83378,0.82,-0.47,10.0
2026-02-03T10:00:00Z,BRT,0.82,69.3,998.4,10.88,10,34,0.5,-0.86603,0.5521,0.83378,1.32,-0.91,10.0
2026-02-03T11:00:00Z,BRT,1.32,67.0,1000.0,11.68,11,34,0.25882,-0.96593,0.5521,0.83378,1.3,-0.18,10.0
2026-02-03T12:00:00Z,BRT,1.3,71.9,997.3,7.48,12,34,0.0,-1.0,0.5521,0.83378,-0.75,-0.1,10.0
2026-02-03T13:00:00Z,BRT,-0.75,67.3,998.5,8.04,13,34,-0.25882,-0.96593,0.5521,0.83378,-1.15,0.55,10.0
2026-02-03T14:00:00Z,BRT,-1.15,68.2,997.1,9.61,14,34,-0.5,-0.86603,0.5521,0.83378,-0.47,1.16,10.0
2026-02-03T15:00:00Z,BRT,-0.47,66.6,996.4,10.64,15,34,-0.70711,-0.70711,0.5521,0.83378,-0.91,1.44,10.0
2026-02-03T16:00:00Z,BRT,-0.91,79.7,995.6,12.21,16,34,-0.86603,-0.5,0.5521,0.83378,-0.18,2.82,10.0
2026-02-03T17:00:00Z,BRT,-0.18,73.5,992.6,12.18,17,34,-0.96593,-0.25882,0.5521,0.83378,-0.1,3.73,10.0
2026-02-03T18:00:00Z,BRT,-0.1,76.8,989.2,15.58,18,34,-1.0,-0.0,0.5521,0.83378,0.55,4.76,7.34
2026-02-03T19:00:00Z,BRT,0.55,81.7,987.9,14.52,19,34,-0.96593,0.25882,0.5521,0.83378,1.16,6.05,7.07
2026-02-03T20:00:00Z,BRT,1.16,83.5,988.4,17.37,20,34,-0.86603,0.5,0.5521,0.83378,1.44,7.93,6.47
2026-02-03T21:00:00Z,BRT,1.44,73.4,988.5,14.38,21,34,-0.70711,0.70711,0.5521,0.83378,2.82,9.83,5.96
2026-02-03T22:00:00Z,BRT,2.82,84.2,988.9,9.46,22,34,-0.5,0.86603,0.5521,0.83378,3.73,10.0,4.51
2026-02-03T23:00:00Z,BRT,3.73,93.3,986.9,12.54,23,34,-0.25882,0.96593,0.5521,0.83378,4.76,10.0,5.06
2026-02-04T00:00:00Z,BRT,4.76,86.1,984.1,15.3,0,35,0.0,1.0,0.56636,0.82416,6.05,9.86,5.14
2026-02-04T01:00:00Z,BRT,6.05,84.7,980.4,13.69,1,35,0.25882,0.96593,0.56636,0.82416,7.93,10.0,6.31
2026-02-04T02:00:00Z,BRT,7.93,95.5,982.2,14.18,2,35,0.5,0.86603,0.56636,0.82416,9.83,10.0,6.57
2026-02-04T03:00:00Z,BRT,9.83,91.5,982.3,17.59,3,35,0.70711,0.70711,0.56636,0.82416,10.0,10.0,6.36
2026-02-04T04:00:00Z,BRT,10.0,80.6,982.4,13.25,4,35,0.86603,0.5,0.56636,0.82416,10.0,10.0,5.71
2026-02-04T05:00:00Z,BRT,10.0,87.1,977.4,11.65,5,35,0.96593,0.25882,0.56636,0.82416,9.86,10.0,6.07
2026-02-04T06:00:00Z,BRT,9.86,92.3,978.5,13.42,6,35,1.0,0.0,0.56636,0.82416,10.0,10.0,6.24
2026-02-04T07:00:00Z,BRT,10.0,94.3,975.3,17.75,7,35,0.96593,-0.25882,0.56636,0.82416,10.0,10.0,6.71
2026-02-04T08:00:00Z,BRT,10.0,95.5,972.6,17.0,8,35,0.86603,-0.5,0.56636,0.82416,10.0,10.0,6.94
2026-02-04T09:00:00Z,BRT,10.0,96.7,973.5,16.64,9,35,0.70711,-0.70711,0.56636,0.82416,10.0,10.0,8.29
2026-02-04T10:00:00Z,BRT,10.0,88.4,976.4,15.25,10,35,0.5,-0.86603,0.56636,0.82416,10.0,10.0,8.45
2026-02-04T11:00:00Z,BRT,10.0,89.6,977.0,14.71,11,35,0.25882,-0.96593,0.56636,0.82416,10.0,10.0,8.28
2026-02-04T12:00:00Z,BRT,10.0,84.2,976.4,17.1,12,35,0.0,-1.0,0.56636,0.82416,10.0,7.34,9.25
2026-02-04T13:00:00Z,BRT,10.0,95.1,975.4,12.65,13,35,-0.25882,-0.96593,0.56636,0.82416,10.0,7.07,8.47
2026-02-04T14:00:00Z,BRT,10.0,87.9,973.9,16.51,14,35,-0.5,-0.86603,0.56636,0.82416,10.0,6.47,7.5
2026-02-04T15:00:00Z,BRT,10.0,99.0,975.5,16.44,15,35,-0.70711,-0.70711,0.56636,0.82416,10.0,5.96,7.84
2026-02-04T16:00:00Z,BRT,10.0,90.8,973.4,17.07,16,35,-0.86603,-0.5,0.56636,0.82416,10.0,4.51,7.32
2026-02-04T17:00:00Z,BRT,10.0,94.6,975.6,16.39,17,35,-0.96593,-0.25882,0.56636,0.82416,7.34,5.06,8.44
2026-02-04T18:00:00Z,BRT,7.34,86.3,979.4,18.89,18,35,-1.0,-0.0,0.56636,0.82416,7.07,5.14,8.91
2026-02-04T19:00:00Z,BRT,7.07,96.0,979.7,18.78,19,35,-0.96593,0.25882,0.56636,0.82416,6.47,6.31,9.62
2026-02-04T20:00:00Z,BRT,6.47,87.6,979.0,17.37,20,35,-0.86603,0.5,0.56636,0.82416,5.96,6.57,10.0
2026-02-04T21:00:00Z,BRT,5.96,93.6,978.0,16.42,21,35,-0.70711,0.70711,0.56636,0.82416,4.51,6.36,10.0
2026-02-04T22:00:00Z,BRT,4.51,86.5,980.3,14.41,22,35,-0.5,0.86603,0.56636,0.82416,5.06,5.71,8.73
2026-02-04T23:00:00Z,BRT,5.06,83.6,982.7,13.09,23,35,-0.25882,0.96593,0.56636,0.82416,5.14,6.07,8.29
2026-02-05T00:00:00Z,BRT,5.14,84.8,983.3,14.42,0,36,0.0,1.0,0.58045,0.81429,6.31,6.24,8.85
2026-02-05T01:00:00Z,BRT,6.31,74.8,986.9,15.98,1,36,0.25882,0.96593,0.58045,0.81429,6.57,6.71,9.05
2026-02-05T02:00:00Z,BRT,6.57,83.6,986.3,12.62,2,36,0.5,0.86603,0.58045,0.81429,6.36,6.94,8.85
2026-02-05T03:00:00Z,BRT,6.36,84.1,988.8,12.08,3,36,0.70711,0.70711,0.58045,0.81429,5.71,8.29,8.97
2026-02-05T04:00:00Z,BRT,5.71,79.3,991.0,8.06,4,36,0.86603,0.5,0.58045,0.81429,6.07,8.45,7.86
2026-02-05T05:00:00Z,BRT,6.07,78.8,990.2,11.68,5,36,0.96593,0.25882,0.58045,0.81429,6.24,8.28,7.86
2026-02-05T06:00:00Z,BRT,6.24,82.3,991.6,14.93,6,36,1.0,0.0,0.58045,0.81429,6.71,9.25,7.4
2026-02-05T07:00:00Z,BRT,6.71,73.9,992.9,10.13,7,36,0.96593,-0.25882,0.58045,0.81429,6.94,8.47,8.8
2026-02-05T08:00:00Z,BRT,6.94,73.4,992.9,14.5,8,36,0.86603,-0.5,0.58045,0.81429,8.29,7.5,8.41
2026-02-05T09:00:00Z,BRT,8.29,77.7,992.8,10.65,9,36,0.70711,-0.70711,0.58045,0.81429,8.45,7.84,7.12
2026-02-05T10:00:00Z,BRT,8.45,73.7,996.0,12.54,10,36,0.5,-0.86603,0.58045,0.81429,8.28,7.32,6.78
2026-02-05T11:00:00Z,BRT,8.28,76.2,997.0,8.95,11,36,0.25882,-0.96593,0.58045,0.81429,9.25,8.44,6.74
2026-02-05T12:00:00Z,BRT,9.25,69.1,997.1,7.43,12,36,0.0,-1.0,0.58045,0.81429,8.47,8.91,6.98
2026-02-05T13:00:00Z,BRT,8.47,74.1,997.6,12.55,13,36,-0.25882,-0.96593,0.58045,0.81429,7.5,9.62,6.39
2026-02-05T14:00:00Z,BRT,7.5,68.8,996.7,10.12,14,36,-0.5,-0.86603,0.58045,0.81429,7.84,10.0,6.25
2026-02-05T15:00:00Z,BRT,7.84,72.5,998.3,11.55,15,36,-0.70711,-0.70711,0.58045,0.81429,7.32,10.0,6.17
2026-02-05T16:00:00Z,BRT,7.32,74.8,999.5,10.99,16,36,-0.86603,-0.5,0.58045,0.81429,8.44,8.73,6.18
2026-02-05T17:00:00Z,BRT,8.44,58.4,1001.0,13.1,17,36,-0.96593,-0.25882,0.58045,0.81429,8.91,8.29,5.21
2026-02-05T18:00:00Z,BRT,8.91,79.3,998.1,14.67,18,36,-1.0,-0.0,0.58045,0.81429,9.62,8.85,5.51
2026-02-05T19:00:00Z,BRT,9.62,81.4,999.5,16.85,19,36,-0.96593,0.25882,0.58045,0.81429,10.0,9.05,6.06
2026-02-05T20:00:00Z,BRT,10.0,77.6,996.7,10.03,20,36,-0.86603,0.5,0.58045,0.81429,10.0,8.85,4.3
2026-02-05T21:00:00Z,BRT,10.0,67.8,994.9,12.23,21,36,-0.70711,0.70711,0.58045,0.81429,8.73,8.97,4.23
2026-02-05T22:00:00Z,BRT,8.73,72.1,993.8,12.77,22,36,-0.5,0.86603,0.58045,0.81429,8.29,7.86,3.19
2026-02-05T23:00:00Z,BRT,8.29,78.7,994.6,12.08,23,36,-0.25882,0.96593,0.58045,0.81429,8.85,7.86,4.32
2026-02-06T00:00:00Z,BRT,8.85,79.0,994.7,10.96,0,37,0.0,1.0,0.59438,0.80419,9.05,7.4,4.61
2026-02-06T01:00:00Z,BRT,9.05,73.2,994.9,9.04,1,37,0.25882,0.96593,0.59438,0.80419,8.85,8.8,5.19
2026-02-06T02:00:00Z,BRT,8.85,68.2,997.6,7.4,2,37,0.5,0.86603,0.59438,0.80419,8.97,8.41,3.72
2026-02-06T03:00:00Z,BRT,8.97,80.4,997.6,12.97,3,37,0.70711,0.70711,0.59438,0.80419,7.86,7.12,4.99
2026-02-06T04:00:00Z,BRT,7.86,72.0,998.7,6.56,4,37,0.86603,0.5,0.59438,0.80419,7.86,6.78,6.16
2026-02-06T05:00:00Z,BRT,7.86,71.9,996.7,10.32,5,37,0.96593,0.25882,0.59438,0.80419,7.4,6.74,7.07
2026-02-06T06:00:00Z,BRT,7.4,72.1,994.1,11.23,6,37,1.0,0.0,0.59438,0.80419,8.8,6.98,7.01
2026-02-06T07:00:00Z,BRT,8.8,77.1,997.6,13.76,7,37,0.96593,-0.25882,0.59438,0.80419,8.41,6.39,6.46
2026-02-06T08:00:00Z,BRT,8.41,69.1,998.3,11.6,8,37,0.86603,-0.5,0.59438,0.80419,7.12,6.25,7.09
2026-02-06T09:00:00Z,BRT,7.12,69.1,1001.1,6.74,9,37,0.70711,-0.70711,0.59438,0.80419,6.78,6.17,6.66
2026-02-06T10:00:00Z,BRT,6.78,75.3,999.1,10.49,10,37,0.5,-0.86603,0.59438,0.80419,6.74,6.18,5.88
2026-02-06T11:00:00Z,BRT,6.74,68.6,1000.5,10.99,11,37,0.25882,-0.96593,0.59438,0.80419,6.98,5.21,6.42
2026-02-06T12:00:00Z,BRT,6.98,74.9,999.6,11.61,12,37,0.0,-1.0,0.59438,0.80419,6.39,5.51,6.52
2026-02-06T13:00:00Z,BRT,6.39,70.2,998.6,10.58,13,37,-0.25882,-0.96593,0.59438,0.80419,6.25,6.06,7.36
2026-02-06T14:00:00Z,BRT,6.25,62.8,999.4,9.11,14,37,-0.5,-0.86603,0.59438,0.80419,6.17,4.3,7.27
2026-02-06T15:00:00Z,BRT,6.17,64.4,1002.7,7.4,15,37,-0.70711,-0.70711,0.59438,0.80419,6.18,4.23,7.1
2026-02-06T16:00:00Z,BRT,6.18,64.5,1002.9,9.4,16,37,-0.86603,-0.5,0.59438,0.80419,5.21,3.19,6.9
2026-02-06T17:00:00Z,BRT,5.21,59.5,1001.6,10.24,17,37,-0.96593,-0.25882,0.59438,0.80419,5.51,4.32,7.94
2026-02-06T18:00:00Z,BRT,5.51,68.9,998.1,12.24,18,37,-1.0,-0.0,0.59438,0.80419,6.06,4.61,6.89
2026-02-06T19:00:00Z,BRT,6.06,79.9,997.9,11.61,19,37,-0.96593,0.25882,0.59438,0.80419,4.3,5.19,7.76
2026-02-06T20:00:00Z,BRT,4.3,65.3,997.8,8.96,20,37,-0.86603,0.5,0.59438,0.80419,4.23,3.72,7.92
2026-02-06T21:00:00Z,BRT,4.23,75.8,996.2,11.86,21,37,-0.70711,0.70711,0.59438,0.80419,3.19,4.99,7.17
2026-02-06T22:00:00Z,BRT,3.19,70.1,999.1,11.22,22,37,-0.5,0.86603,0.59438,0.80419,4.32,6.16,6.37
2026-02-06T23:00:00Z,BRT,4.32,77.5,994.9,10.77,23,37,-0.25882,0.96593,0.59438,0.80419,4.61,7.07,5.82
2026-02-07T00:00:00Z,BRT,4.61,70.7,995.3,8.59,0,38,0.0,1.0,0.60812,0.79384,5.19,7.01,6.15
2026-02-07T01:00:00Z,BRT,5.19,74.3,992.2,14.02,1,38,0.25882,0.96593,0.60812,0.79384,3.72,6.46,7.19
2026-02-07T02:00:00Z,BRT,3.72,79.9,989.6,13.3,2,38,0.5,0.86603,0.60812,0.79384,4.99,7.09,8.7
2026-02-07T03:00:00Z,BRT,4.99,72.8,990.9,14.39,3,38,0.70711,0.70711,0.60812,0.79384,6.16,6.66,8.52
2026-02-07T04:00:00Z,BRT,6.16,76.0,990.8,11.59,4,38,0.86603,0.5,0.60812,0.79384,7.07,5.88,9.21
2026-02-07T05:00:00Z,BRT,7.07,85.8,987.0,11.74,5,38,0.96593,0.25882,0.60812,0.79384,7.01,6.42,9.59
2026-02-07T06:00:00Z,BRT,7.01,85.8,985.3,12.18,6,38,1.0,0.0,0.60812,0.79384,6.46,6.52,8.59
2026-02-07T07:00:00Z,BRT,6.46,81.8,985.9,12.74,7,38,0.96593,-0.25882,0.60812,0.79384,7.09,7.36,8.54
2026-02-07T08:00:00Z,BRT,7.09,75.8,985.3,15.79,8,38,0.86603,-0.5,0.60812,0.79384,6.66,7.27,8.45
2026-02-07T09:00:00Z,BRT,6.66,69.3,988.6,9.67,9,38,0.70711,-0.70711,0.60812,0.79384,5.88,7.1,8.7
2026-02-07T10:00:00Z,BRT,5.88,78.5,991.4,13.65,10,38,0.5,-0.86603,0.60812,0.79384,6.42,6.9,9.22
2026-02-07T11:00:00Z,BRT,6.42,79.3,992.3,11.82,11,38,0.25882,-0.96593,0.60812,0.79384,6.52,7.94,9.81
2026-02-07T12:00:00Z,BRT,6.52,67.6,996.0,9.95,12,38,0.0,-1.0,0.60812,0.79384,7.36,6.89,9.67
2026-02-07T13:00:00Z,BRT,7.36,76.4,994.7,12.64,13,38,-0.25882,-0.96593,0.60812,0.79384,7.27,7.76,8.43
2026-02-07T14:00:00Z,BRT,7.27,79.2,994.8,10.34,14,38,-0.5,-0.86603,0.60812,0.79384,7.1,7.92,8.01
2026-02-07T15:00:00Z,BRT,7.1,72.8,996.7,10.37,15,38,-0.70711,-0.70711,0.60812,0.79384,6.9,7.17,6.99
2026-02-07T16:00:00Z,BRT,6.9,77.4,994.7,10.54,16,38,-0.86603,-0.5,0.60812,0.79384,7.94,6.37,6.43
2026-02-07T17:00:00Z,BRT,7.94,79.7,997.4,13.53,17,38,-0.96593,-0.25882,0.60812,0.79384,6.89,5.82,6.65
2026-02-07T18:00:00Z,BRT,6.89,67.4,997.6,12.91,18,38,-1.0,-0.0,0.60812,0.79384,7.76,6.15,6.76
2026-02-07T19:00:00Z,BRT,7.76,74.7,997.5,10.98,19,38,-0.96593,0.25882,0.60812,0.79384,7.92,7.19,6.45
2026-02-07T20:00:00Z,BRT,7.92,64.4,999.0,8.84,20,38,-0.86603,0.5,0.60812,0.79384,7.17,8.7,7.38
2026-02-07T21:00:00Z,BRT,7.17,68.3,998.8,9.9,21,38,-0.70711,0.70711,0.60812,0.79384,6.37,8.52,6.69
2026-02-07T22:00:00Z,BRT,6.37,70.7,995.9,5.24,22,38,-0.5,0.86603,0.60812,0.79384,5.82,9.21,6.55
2026-02-07T23:00:00Z,BRT,5.82,74.7,994.3,9.45,23,38,-0.25882,0.96593,0.60812,0.79384,6.15,9.59,7.06
2026-02-08T00:00:00Z,BRT,6.15,68.3,996.2,12.36,0,39,0.0,1.0,0.62169,0.78327,7.19,8.59,7.23
2026-02-08T01:00:00Z,BRT,7.19,66.3,998.1,8.31,1,39,0.25882,0.96593,0.62169,0.78327,8.7,8.54,8.09
2026-02-08T02:00:00Z,BRT,8.7,72.7,994.3,14.08,2,39,0.5,0.86603,0.62169,0.78327,8.52,8.45,8.04
2026-02-08T03:00:00Z,BRT,8.52,74.7,994.1,12.82,3,39,0.70711,0.70711,0.62169,0.78327,9.21,8.7,9.06
2026-02-08T04:00:00Z,BRT,9.21,74.0,995.3,12.24,4,39,0.86603,0.5,0.62169,0.78327,9.59,9.22,8.93
2026-02-08T05:00:00Z,BRT,9.59,77.3,994.2,10.76,5,39,0.96593,0.25882,0.62169,0.78327,8.59,9.81,8.5
2026-02-08T06:00:00Z,BRT,8.59,72.7,996.5,10.85,6,39,1.0,0.0,0.62169,0.78327,8.54,9.67,7.61
2026-02-08T07:00:00Z,BRT,8.54,77.4,997.5,9.79,7,39,0.96593,-0.25882,0.62169,0.78327,8.45,8.43,5.91
2026-02-08T08:00:00Z,BRT,8.45,70.6,997.4,10.1,8,39,0.86603,-0.5,0.62169,0.78327,8.7,8.01,5.58
2026-02-08T09:00:00Z,BRT,8.7,61.6,998.2,6.59,9,39,0.70711,-0.70711,0.62169,0.78327,9.22,6.99,6.07
2026-02-08T10:00:00Z,BRT,9.22,66.3,995.4,13.78,10,39,0.5,-0.86603,0.62169,0.78327,9.81,6.43,4.76
2026-02-08T11:00:00Z,BRT,9.81,79.3,991.7,13.96,11,39,0.25882,-0.96593,0.62169,0.78327,9.67,6.65,4.94
2026-02-08T12:00:00Z,BRT,9.67,85.3,989.2,10.17,12,39,0.0,-1.0,0.62169,0.78327,8.43,6.76,4.87
2026-02-08T13:00:00Z,BRT,8.43,67.3,989.5,10.36,13,39,-0.25882,-0.96593,0.62169,0.78327,8.01,6.45,9.09
2026-02-08T14:00:00Z,BRT,8.01,67.2,989.9,11.02,14,39,-0.5,-0.86603,0.62169,0.78327,6.99,7.38,4.23
2026-02-08T15:00:00Z,BRT,6.99,84.8,988.6,13.48,15,39,-0.70711,-0.70711,0.62169,0.78327,6.43,6.69,8.54
2026-02-08T16:00:00Z,BRT,6.43,90.7,987.9,11.96,16,39,-0.86603,-0.5,0.62169,0.78327,6.65,6.55,8.7
2026-02-08T17:00:00Z,BRT,6.65,78.1,989.1,11.36,17,39,-0.96593,-0.25882,0.62169,0.78327,6.76,7.06,8.91
2026-02-08T18:00:00Z,BRT,6.76,84.7,991.0,15.65,18,39,-1.0,-0.0,0.62169,0.78327,6.45,7.23,10.0
2026-02-08T19:00:00Z,BRT,6.45,74.6,991.9,16.75,19,39,-0.96593,0.25882,0.62169,0.78327,7.38,8.09,9.7
2026-02-08T20:00:00Z,BRT,7.38,74.6,993.9,12.7,20,39,-0.86603,0.5,0.62169,0.78327,6.69,8.04,9.5
2026-02-08T21:00:00Z,BRT,6.69,74.2,991.8,9.97,21,39,-0.70711,0.70711,0.62169,0.78327,6.55,9.06,4.56
2026-02-08T22:00:00Z,BRT,6.55,74.5,991.2,13.77,22,39,-0.5,0.86603,0.62169,0.78327,7.06,8.93,7.44
2026-02-08T23:00:00Z,BRT,7.06,77.3,990.4,11.71,23,39,-0.25882,0.96593,0.62169,0.78327,7.23,8.5,8.51
2026-02-09T00:00:00Z,BRT,7.23,71.4,988.9,12.17,0,40,0.0,1.0,0.63507,0.77246,8.09,7.61,8.0
2026-02-09T01:00:00Z,BRT,8.09,78.7,989.6,12.34,1,40,0.25882,0.96593,0.63507,0.77246,8.04,5.91,3.88
2026-02-09T02:00:00Z,BRT,8.04,84.5,987.5,14.63,2,40,0.5,0.86603,0.63507,0.77246,9.06,5.58,4.38
2026-02-09T03:00:00Z,BRT,9.06,79.1,987.5,10.25,3,40,0.70711,0.70711,0.63507,0.77246,8.93,6.07,4.83
2026-02-09T04:00:00Z,BRT,8.93,82.1,988.4,10.96,4,40,0.86603,0.5,0.63507,0.77246,8.5,4.76,10.0
2026-02-09T05:00:00Z,BRT,8.5,78.8,986.3,11.8,5,40,0.96593,0.25882,0.63507,0.77246,7.61,4.94,10.0
2026-02-09T06:00:00Z,BRT,7.61,88.5,985.4,14.85,6,40,1.0,0.0,0.63507,0.77246,5.91,4.87,5.33
2026-02-09T07:00:00Z,BRT,5.91,75.1,983.8,13.37,7,40,0.96593,-0.25882,0.63507,0.77246,5.58,9.09,4.85
2026-02-09T08:00:00Z,BRT,5.58,85.0,981.6,15.19,8,40,0.86603,-0.5,0.63507,0.77246,6.07,4.23,4.19
2026-02-09T09:00:00Z,BRT,6.07,93.9,980.6,13.6,9,40,0.70711,-0.70711,0.63507,0.77246,4.76,8.54,3.73
2026-02-09T10:00:00Z,BRT,4.76,85.6,980.9,13.42,10,40,0.5,-0.86603,0.63507,0.77246,4.94,8.7,3.72
2026-02-09T11:00:00Z,BRT,4.94,89.5,979.7,15.13,11,40,0.25882,-0.96593,0.63507,0.77246,4.87,8.91,3.37
2026-02-09T12:00:00Z,BRT,4.87,87.4,982.1,12.78,12,40,0.0,-1.0,0.63507,0.77246,9.09,10.0,2.24
2026-02-09T13:00:00Z,BRT,9.09,92.9,977.7,15.73,13,40,-0.25882,-0.96593,0.63507,0.77246,4.23,9.7,3.42
2026-02-09T14:00:00Z,BRT,4.23,92.5,978.2,14.62,14,40,-0.5,-0.86603,0.63507,0.77246,8.54,9.5,2.68
2026-02-09T15:00:00Z,BRT,8.54,86.5,976.3,16.92,15,40,-0.70711,-0.70711,0.63507,0.77246,8.7,4.56,2.36
2026-02-09T16:00:00Z,BRT,8.7,83.4,976.6,15.78,16,40,-0.86603,-0.5,0.63507,0.77246,8.91,7.44,1.33
2026-02-09T17:00:00Z,BRT,8.91,90.5,977.9,20.47,17,40,-0.96593,-0.25882,0.63507,0.77246,10.0,8.51,2.37
2026-02-09T18:00:00Z,BRT,10.0,93.9,975.8,19.1,18,40,-1.0,-0.0,0.63507,0.77246,9.7,8.0,2.67
2026-02-09T19:00:00Z,BRT,9.7,88.9,976.1,17.49,19,40,-0.96593,0.25882,0.63507,0.77246,9.5,3.88,3.09
2026-02-09T20:00:00Z,BRT,9.5,95.4,976.9,21.08,20,40,-0.86603,0.5,0.63507,0.77246,4.56,4.38,2.25
2026-02-09T21:00:00Z,BRT,4.56,99.0,978.1,20.57,21,40,-0.70711,0.70711,0.63507,0.77246,7.44,4.83,2.02
2026-02-09T22:00:00Z,BRT,7.44,83.1,977.9,16.58,22,40,-0.5,0.86603,0.63507,0.77246,8.51,10.0,1.59
2026-02-09T23:00:00Z,BRT,8.51,93.0,977.9,15.57,23,40,-0.25882,0.96593,0.63507,0.77246,8.0,10.0,2.66
2026-02-10T00:00:00Z,BRT,8.0,92.9,977.0,12.65,0,41,0.0,1.0,0.64826,0.76142,3.88,5.33,3.56
2026-02-10T01:00:00Z,BRT,3.88,86.9,980.0,9.46,1,41,0.25882,0.96593,0.64826,0.76142,4.38,4.85,3.31
2026-02-10T02:00:00Z,BRT,4.38,94.5,979.5,15.88,2,41,0.5,0.86603,0.64826,0.76142,4.83,4.19,3.79
2026-02-10T03:00:00Z,BRT,4.83,99.0,978.8,14.38,3,41,0.70711,0.70711,0.64826,0.76142,10.0,3.73,3.55
2026-02-10T04:00:00Z,BRT,10.0,97.0,976.1,18.13,4,41,0.86603,0.5,0.64826,0.76142,10.0,3.72,3.89
2026-02-10T05:00:00Z,BRT,10.0,90.0,974.2,16.35,5,41,0.96593,0.25882,0.64826,0.76142,5.33,3.37,5.65
2026-02-10T06:00:00Z,BRT,5.33,88.0,978.1,18.59,6,41,1.0,0.0,0.64826,0.76142,4.85,2.24,6.22
2026-02-10T07:00:00Z,BRT,4.85,85.5,979.1,18.83,7,41,0.96593,-0.25882,0.64826,0.76142,4.19,3.42,6.59
2026-02-10T08:00:00Z,BRT,4.19,91.7,980.2,14.76,8,41,0.86603,-0.5,0.64826,0.76142,3.73,2.68,5.59
2026-02-10T09:00:00Z,BRT,3.73,88.2,983.2,9.71,9,41,0.70711,-0.70711,0.64826,0.76142,3.72,2.36,6.68
2026-02-10T10:00:00Z,BRT,3.72,92.3,989.8,10.04,10,41,0.5,-0.86603,0.64826,0.76142,3.37,1.33,6.21
2026-02-10T11:00:00Z,BRT,3.37,80.2,987.2,11.19,11,41,0.25882,-0.96593,0.64826,0.76142,2.24,2.37,4.99
2026-02-10T12:00:00Z,BRT,2.24,82.3,985.4,10.98,12,41,0.0,-1.0,0.64826,0.76142,3.42,2.67,3.76
2026-02-10T13:00:00Z,BRT,3.42,76.2,989.8,6.71,13,41,-0.25882,-0.96593,0.64826,0.76142,2.68,3.09,3.2
2026-02-10T14:00:00Z,BRT,2.68,82.3,991.2,13.31,14,41,-0.5,-0.86603,0.64826,0.76142,2.36,2.25,2.96
2026-02-10T15:00:00Z,BRT,2.36,79.1,991.5,11.01,15,41,-0.70711,-0.70711,0.64826,0.76142,1.33,2.02,3.87
2026-02-10T16:00:00Z,BRT,1.33,71.5,991.9,10.21,16,41,-0.86603,-0.5,0.64826,0.76142,2.37,1.59,3.52
2026-02-10T17:00:00Z,BRT,2.37,82.7,993.6,13.68,17,41,-0.96593,-0.25882,0.64826,0.76142,2.67,2.66,5.2
2026-02-10T18:00:00Z,BRT,2.67,76.0,993.5,12.59,18,41,-1.0,-0.0,0.64826,0.76142,3.09,3.56,4.86
2026-02-10T19:00:00Z,BRT,3.09,68.2,997.0,15.06,19,41,-0.96593,0.25882,0.64826,0.76142,2.25,3.31,3.92
2026-02-10T20:00:00Z,BRT,2.25,72.4,999.3,10.75,20,41,-0.86603,0.5,0.64826,0.76142,2.02,3.79,3.89
2026-02-10T21:00:00Z,BRT,2.02,66.0,1003.1,12.75,21,41,-0.70711,0.70711,0.64826,0.76142,1.59,3.55,4.4
2026-02-10T22:00:00Z,BRT,1.59,60.1,1005.0,6.65,22,41,-0.5,0.86603,0.64826,0.76142,2.66,3.89,4.08
2026-02-10T23:00:00Z,BRT,2.66,60.9,1003.6,9.61,23,41,-0.25882,0.96593,0.64826,0.76142,3.56,5.65,3.37
2026-02-11T00:00:00Z,BRT,3.56,61.7,1004.1,6.46,0,42,0.0,1.0,0.66126,0.75015,3.31,6.22,2.86
2026-02-11T01:00:00Z,BRT,3.31,66.6,1003.6,4.52,1,42,0.25882,0.96593,0.66126,0.75015,3.79,6.59,3.39
2026-02-11T02:00:00Z,BRT,3.79,64.4,1005.4,6.36,2,42,0.5,0.86603,0.66126,0.75015,3.55,5.59,5.24
2026-02-11T03:00:00Z,BRT,3.55,66.9,1003.9,11.35,3,42,0.70711,0.70711,0.66126,0.75015,3.89,6.68,6.32
2026-02-11T04:00:00Z,BRT,3.89,72.9,1002.2,9.04,4,42,0.86603,0.5,0.66126,0.75015,5.65,6.21,6.35
2026-02-11T05:00:00Z,BRT,5.65,68.4,1002.6,6.66,5,42,0.96593,0.25882,0.66126,0.75015,6.22,4.99,8.09
2026-02-11T06:00:00Z,BRT,6.22,60.2,1002.0,7.7,6,42,1.0,0.0,0.66126,0.75015,6.59,3.76,7.72
2026-02-11T07:00:00Z,BRT,6.59,71.3,1001.9,9.47,7,42,0.96593,-0.25882,0.66126,0.75015,5.59,3.2,6.42
2026-02-11T08:00:00Z,BRT,5.59,66.9,1001.7,10.78,8,42,0.86603,-0.5,0.66126,0.75015,6.68,2.96,6.69
2026-02-11T09:00:00Z,BRT,6.68,56.8,1005.3,5.98,9,42,0.70711,-0.70711,0.66126,0.75015,6.21,3.87,6.58
2026-02-11T10:00:00Z,BRT,6.21,65.0,1003.2,10.5,10,42,0.5,-0.86603,0.66126,0.75015,4.99,3.52,8.0
2026-02-11T11:00:00Z,BRT,4.99,70.3,1001.4,8.2,11,42,0.25882,-0.96593,0.66126,0.75015,3.76,5.2,7.71
2026-02-11T12:00:00Z,BRT,3.76,64.9,1002.4,6.53,12,42,0.0,-1.0,0.66126,0.75015,3.2,4.86,7.35
2026-02-11T13:00:00Z,BRT,3.2,66.9,1001.6,10.31,13,42,-0.25882,-0.96593,0.66126,0.75015,2.96,3.92,6.67
2026-02-11T14:00:00Z,BRT,2.96,62.7,1001.2,10.64,14,42,-0.5,-0.86603,0.66126,0.75015,3.87,3.89,6.65
2026-02-11T15:00:00Z,BRT,3.87,65.5,1001.6,6.68,15,42,-0.70711,-0.70711,0.66126,0.75015,3.52,4.4,4.9
2026-02-11T16:00:00Z,BRT,3.52,73.4,999.5,14.9,16,42,-0.86603,-0.5,0.66126,0.75015,5.2,4.08,5.52
2026-02-11T17:00:00Z,BRT,5.2,82.9,1001.9,14.02,17,42,-0.96593,-0.25882,0.66126,0.75015,4.86,3.37,5.58
2026-02-11T18:00:00Z,BRT,4.86,71.6,1000.9,8.8,18,42,-1.0,-0.0,0.66126,0.75015,3.92,2.86,5.8
2026-02-11T19:00:00Z,BRT,3.92,70.2,999.5,13.73,19,42,-0.96593,0.25882,0.66126,0.75015,3.89,3.39,5.26
2026-02-11T20:00:00Z,BRT,3.89,81.3,999.0,12.59,20,42,-0.86603,0.5,0.66126,0.75015,4.4,5.24,5.33
2026-02-11T21:00:00Z,BRT,4.4,64.4,999.3,11.22,21,42,-0.70711,0.70711,0.66126,0.75015,4.08,6.32,2.75
2026-02-11T22:00:00Z,BRT,4.08,66.8,999.4,13.73,22,42,-0.5,0.86603,0.66126,0.75015,3.37,6.35,7.79
2026-02-11T23:00:00Z,BRT,3.37,66.2,999.5,8.53,23,42,-0.25882,0.96593,0.66126,0.75015,2.86,8.09,4.0
2026-02-12T00:00:00Z,BRT,2.86,70.2,999.4,9.37,0,43,0.0,1.0,0.67407,0.73867,3.39,7.72,4.15
2026-02-12T01:00:00Z,BRT,3.39,74.4,999.7,9.01,1,43,0.25882,0.96593,0.67407,0.73867,5.24,6.42,4.4
2026-02-12T02:00:00Z,BRT,5.24,77.1,997.3,10.54,2,43,0.5,0.86603,0.67407,0.73867,6.32,6.69,4.63
2026-02-12T03:00:00Z,BRT,6.32,72.7,995.2,9.54,3,43,0.70711,0.70711,0.67407,0.73867,6.35,6.58,4.72
2026-02-12T04:00:00Z,BRT,6.35,74.4,991.8,12.29,4,43,0.86603,0.5,0.67407,0.73867,8.09,8.0,6.7
2026-02-12T05:00:00Z,BRT,8.09,70.9,993.1,8.54,5,43,0.96593,0.25882,0.67407,0.73867,7.72,7.71,6.6
2026-02-12T06:00:00Z,BRT,7.72,76.6,994.5,10.51,6,43,1.0,0.0,0.67407,0.73867,6.42,7.35,6.66
2026-02-12T07:00:00Z,BRT,6.42,78.0,994.0,10.41,7,43,0.96593,-0.25882,0.67407,0.73867,6.69,6.67,6.91
2026-02-12T08:00:00Z,BRT,6.69,76.0,996.3,11.22,8,43,0.86603,-0.5,0.67407,0.73867,6.58,6.65,7.0
2026-02-12T09:00:00Z,BRT,6.58,67.7,992.1,8.68,9,43,0.70711,-0.70711,0.67407,0.73867,8.0,4.9,6.5
2026-02-12T10:00:00Z,BRT,8.0,85.3,992.2,12.07,10,43,0.5,-0.86603,0.67407,0.73867,7.71,5.52,6.35
2026-02-12T11:00:00Z,BRT,7.71,79.6,991.9,15.04,11,43,0.25882,-0.96593,0.67407,0.73867,7.35,5.58,6.49
2026-02-12T12:00:00Z,BRT,7.35,77.0,992.0,12.64,12,43,0.0,-1.0,0.67407,0.73867,6.67,5.8,6.32
2026-02-12T13:00:00Z,BRT,6.67,77.0,989.3,14.53,13,43,-0.25882,-0.96593,0.67407,0.73867,6.65,5.26,7.43
2026-02-12T14:00:00Z,BRT,6.65,75.7,986.9,9.75,14,43,-0.5,-0.86603,0.67407,0.73867,4.9,5.33,7.42
2026-02-12T15:00:00Z,BRT,4.9,87.1,984.9,9.88,15,43,-0.70711,-0.70711,0.67407,0.73867,5.52,2.75,6.78
2026-02-12T16:00:00Z,BRT,5.52,85.1,984.6,18.54,16,43,-0.86603,-0.5,0.67407,0.73867,5.58,7.79,6.33
2026-02-12T17:00:00Z,BRT,5.58,88.5,982.1,17.97,17,43,-0.96593,-0.25882,0.67407,0.73867,5.8,4.0,5.53
2026-02-12T18:00:00Z,BRT,5.8,81.2,981.6,17.73,18,43,-1.0,-0.0,0.67407,0.73867,5.26,4.15,6.16
2026-02-12T19:00:00Z,BRT,5.26,83.2,981.7,17.0,19,43,-0.96593,0.25882,0.67407,0.73867,5.33,4.4,8.98
2026-02-12T20:00:00Z,BRT,5.33,79.6,981.8,20.7,20,43,-0.86603,0.5,0.67407,0.73867,2.75,4.63,7.05
2026-02-12T21:00:00Z,BRT,2.75,90.1,979.5,16.01,21,43,-0.70711,0.70711,0.67407,0.73867,7.79,4.72,7.22
2026-02-12T22:00:00Z,BRT,7.79,95.5,976.3,17.26,22,43,-0.5,0.86603,0.67407,0.73867,4.0,6.7,5.79
2026-02-12T23:00:00Z,BRT,4.0,81.5,979.3,13.25,23,43,-0.25882,0.96593,0.67407,0.73867,4.15,6.6,6.47
2026-02-13T00:00:00Z,BRT,4.15,75.4,981.7,12.21,0,44,0.0,1.0,0.68668,0.72696,4.4,6.66,6.94
2026-02-13T01:00:00Z,BRT,4.4,85.4,982.0,17.08,1,44,0.25882,0.96593,0.68668,0.72696,4.63,6.91,6.4
2026-02-13T02:00:00Z,BRT,4.63,89.4,980.3,15.33,2,44,0.5,0.86603,0.68668,0.72696,4.72,7.0,5.63
2026-02-13T03:00:00Z,BRT,4.72,97.8,981.8,14.7,3,44,0.70711,0.70711,0.68668,0.72696,6.7,6.5,5.71
2026-02-13T04:00:00Z,BRT,6.7,84.3,981.5,18.59,4,44,0.86603,0.5,0.68668,0.72696,6.6,6.35,6.24
2026-02-13T05:00:00Z,BRT,6.6,82.2,981.6,11.84,5,44,0.96593,0.25882,0.68668,0.72696,6.66,6.49,4.45
2026-02-13T06:00:00Z,BRT,6.66,83.8,980.9,9.81,6,44,1.0,0.0,0.68668,0.72696,6.91,6.32,4.25
2026-02-13T07:00:00Z,BRT,6.91,86.6,981.4,13.49,7,44,0.96593,-0.25882,0.68668,0.72696,7.0,7.43,9.53
2026-02-13T08:00:00Z,BRT,7.0,80.0,984.2,13.29,8,44,0.86603,-0.5,0.68668,0.72696,6.5,7.42,8.49
2026-02-13T09:00:00Z,BRT,6.5,87.4,984.9,12.36,9,44,0.70711,-0.70711,0.68668,0.72696,6.35,6.78,4.35
2026-02-13T10:00:00Z,BRT,6.35,94.7,984.1,13.27,10,44,0.5,-0.86603,0.68668,0.72696,6.49,6.33,4.02
2026-02-13T11:00:00Z,BRT,6.49,74.7,985.1,13.49,11,44,0.25882,-0.96593,0.68668,0.72696,6.32,5.53,9.45
2026-02-13T12:00:00Z,BRT,6.32,80.7,986.9,12.19,12,44,0.0,-1.0,0.68668,0.72696,7.43,6.16,3.65
2026-02-13T13:00:00Z,BRT,7.43,76.0,989.1,13.91,13,44,-0.25882,-0.96593,0.68668,0.72696,7.42,8.98,8.67
2026-02-13T14:00:00Z,BRT,7.42,63.1,990.2,8.51,14,44,-0.5,-0.86603,0.68668,0.72696,6.78,7.05,9.02
2026-02-13T15:00:00Z,BRT,6.78,76.3,988.9,10.15,15,44,-0.70711,-0.70711,0.68668,0.72696,6.33,7.22,7.47
2026-02-13T16:00:00Z,BRT,6.33,81.5,989.7,15.81,16,44,-0.86603,-0.5,0.68668,0.72696,5.53,5.79,7.86
2026-02-13T17:00:00Z,BRT,5.53,74.4,988.5,14.01,17,44,-0.96593,-0.25882,0.68668,0.72696,6.16,6.47,8.03
2026-02-13T18:00:00Z,BRT,6.16,78.6,988.5,14.5,18,44,-1.0,-0.0,0.68668,0.72696,8.98,6.94,8.58
2026-02-13T19:00:00Z,BRT,8.98,86.0,986.0,18.8,19,44,-0.96593,0.25882,0.68668,0.72696,7.05,6.4,9.5
2026-02-13T20:00:00Z,BRT,7.05,90.4,984.4,15.0,20,44,-0.86603,0.5,0.68668,0.72696,7.22,5.63,9.44
2026-02-13T21:00:00Z,BRT,7.22,81.0,983.7,16.94,21,44,-0.70711,0.70711,0.68668,0.72696,5.79,5.71,8.12
2026-02-13T22:00:00Z,BRT,5.79,82.6,985.4,15.44,22,44,-0.5,0.86603,0.68668,0.72696,6.47,6.24,8.88
2026-02-13T23:00:00Z,BRT,6.47,82.1,984.2,14.5,23,44,-0.25882,0.96593,0.68668,0.72696,6.94,4.45,7.55
2026-02-14T00:00:00Z,BRT,6.94,77.0,984.9,10.75,0,45,0.0,1.0,0.69908,0.71504,6.4,4.25,9.01
2026-02-14T01:00:00Z,BRT,6.4,86.7,983.9,11.73,1,45,0.25882,0.96593,0.69908,0.71504,5.63,9.53,5.59
2026-02-14T02:00:00Z,BRT,5.63,92.2,982.3,14.17,2,45,0.5,0.86603,0.69908,0.71504,5.71,8.49,6.83
2026-02-14T03:00:00Z,BRT,5.71,86.6,981.1,16.07,3,45,0.70711,0.70711,0.69908,0.71504,6.24,4.35,2.6
2026-02-14T04:00:00Z,BRT,6.24,91.3,980.5,15.88,4,45,0.86603,0.5,0.69908,0.71504,4.45,4.02,2.61
2026-02-14T05:00:00Z,BRT,4.45,95.8,978.4,15.87,5,45,0.96593,0.25882,0.69908,0.71504,4.25,9.45,2.97
2026-02-14T06:00:00Z,BRT,4.25,82.5,979.5,14.45,6,45,1.0,0.0,0.69908,0.71504,9.53,3.65,2.48
2026-02-14T07:00:00Z,BRT,9.53,91.6,977.4,16.49,7,45,0.96593,-0.25882,0.69908,0.71504,8.49,8.67,2.15
2026-02-14T08:00:00Z,BRT,8.49,94.3,976.9,13.87,8,45,0.86603,-0.5,0.69908,0.71504,4.35,9.02,1.62
2026-02-14T09:00:00Z,BRT,4.35,87.0,979.2,15.64,9,45,0.70711,-0.70711,0.69908,0.71504,4.02,7.47,1.57
2026-02-14T10:00:00Z,BRT,4.02,91.3,978.3,14.07,10,45,0.5,-0.86603,0.69908,0.71504,9.45,7.86,2.87
2026-02-14T11:00:00Z,BRT,9.45,92.3,975.7,15.82,11,45,0.25882,-0.96593,0.69908,0.71504,3.65,8.03,2.74
2026-02-14T12:00:00Z,BRT,3.65,80.8,978.6,16.81,12,45,0.0,-1.0,0.69908,0.71504,8.67,8.58,3.35
2026-02-14T13:00:00Z,BRT,8.67,97.1,975.2,16.27,13,45,-0.25882,-0.96593,0.69908,0.71504,9.02,9.5,3.48
2026-02-14T14:00:00Z,BRT,9.02,90.4,972.6,13.8,14,45,-0.5,-0.86603,0.69908,0.71504,7.47,9.44,3.13
2026-02-14T15:00:00Z,BRT,7.47,90.9,976.3,15.32,15,45,-0.70711,-0.70711,0.69908,0.71504,7.86,8.12,3.7
2026-02-14T16:00:00Z,BRT,7.86,93.8,975.8,16.5,16,45,-0.86603,-0.5,0.69908,0.71504,8.03,8.88,3.56
2026-02-14T17:00:00Z,BRT,8.03,90.3,977.4,17.11,17,45,-0.96593,-0.25882,0.69908,0.71504,8.58,7.55,3.37
2026-02-14T18:00:00Z,BRT,8.58,93.3,974.6,17.94,18,45,-1.0,-0.0,0.69908,0.71504,9.5,9.01,3.77
2026-02-14T19:00:00Z,BRT,9.5,98.1,973.7,22.84,19,45,-0.96593,0.25882,0.69908,0.71504,9.44,5.59,4.07
2026-02-14T20:00:00Z,BRT,9.44,99.0,973.3,21.22,20,45,-0.86603,0.5,0.69908,0.71504,8.12,6.83,3.75
2026-02-14T21:00:00Z,BRT,8.12,96.4,973.3,14.67,21,45,-0.70711,0.70711,0.69908,0.71504,8.88,2.6,2.6
2026-02-14T22:00:00Z,BRT,8.88,90.1,974.1,17.78,22,45,-0.5,0.86603,0.69908,0.71504,7.55,2.61,2.33
2026-02-14T23:00:00Z,BRT,7.55,88.0,974.9,14.56,23,45,-0.25882,0.96593,0.69908,0.71504,9.01,2.97,2.15
2026-02-15T00:00:00Z,BRT,9.01,83.8,976.1,20.25,0,46,0.0,1.0,0.71128,0.70291,5.59,2.48,2.56
2026-02-15T01:00:00Z,BRT,5.59,90.7,977.1,13.36,1,46,0.25882,0.96593,0.71128,0.70291,6.83,2.15,1.99
2026-02-15T02:00:00Z,BRT,6.83,89.6,976.1,17.47,2,46,0.5,0.86603,0.71128,0.70291,2.6,1.62,1.75
2026-02-15T03:00:00Z,BRT,2.6,89.0,978.7,19.97,3,46,0.70711,0.70711,0.71128,0.70291,2.61,1.57,2.2
2026-02-15T04:00:00Z,BRT,2.61,91.9,978.1,17.48,4,46,0.86603,0.5,0.71128,0.70291,2.97,2.87,2.02
2026-02-15T05:00:00Z,BRT,2.97,77.6,981.3,17.75,5,46,0.96593,0.25882,0.71128,0.70291,2.48,2.74,2.88
2026-02-15T06:00:00Z,BRT,2.48,85.5,982.6,14.81,6,46,1.0,0.0,0.71128,0.70291,2.15,3.35,2.84
2026-02-15T07:00:00Z,BRT,2.15,87.2,987.7,14.57,7,46,0.96593,-0.25882,0.71128,0.70291,1.62,3.48,3.72
2026-02-15T08:00:00Z,BRT,1.62,78.4,990.4,13.49,8,46,0.86603,-0.5,0.71128,0.70291,1.57,3.13,2.88
2026-02-15T09:00:00Z,BRT,1.57,72.0,993.5,6.02,9,46,0.70711,-0.70711,0.71128,0.70291,2.87,3.7,2.13
2026-02-15T10:00:00Z,BRT,2.87,71.1,995.7,10.2,10,46,0.5,-0.86603,0.71128,0.70291,2.74,3.56,1.54
2026-02-15T11:00:00Z,BRT,2.74,77.1,996.1,11.83,11,46,0.25882,-0.96593,0.71128,0.70291,3.35,3.37,1.81
2026-02-15T12:00:00Z,BRT,3.35,74.5,993.7,13.04,12,46,0.0,-1.0,0.71128,0.70291,3.48,3.77,1.74
2026-02-15T13:00:00Z,BRT,3.48,81.3,994.6,9.03,13,46,-0.25882,-0.96593,0.71128,0.70291,3.13,4.07,1.33
2026-02-15T14:00:00Z,BRT,3.13,71.6,997.2,7.9,14,46,-0.5,-0.86603,0.71128,0.70291,3.7,3.75,2.07
2026-02-15T15:00:00Z,BRT,3.7,75.5,998.5,10.59,15,46,-0.70711,-0.70711,0.71128,0.70291,3.56,2.6,1.5
2026-02-15T16:00:00Z,BRT,3.56,70.3,998.2,12.55,16,46,-0.86603,-0.5,0.71128,0.70291,3.37,2.33,0.09
2026-02-15T17:00:00Z,BRT,3.37,71.7,1000.0,14.51,17,46,-0.96593,-0.25882,0.71128,0.70291,3.77,2.15,-0.8
2026-02-15T18:00:00Z,BRT,3.77,67.9,1001.2,14.87,18,46,-1.0,-0.0,0.71128,0.70291,4.07,2.56,0.4
2026-02-15T19:00:00Z,BRT,4.07,76.4,999.9,11.09,19,46,-0.96593,0.25882,0.71128,0.70291,3.75,1.99,0.25
2026-02-15T20:00:00Z,BRT,3.75,64.9,1004.7,10.52,20,46,-0.86603,0.5,0.71128,0.70291,2.6,1.75,0.08
2026-02-15T21:00:00Z,BRT,2.6,73.3,1003.4,12.03,21,46,-0.70711,0.70711,0.71128,0.70291,2.33,2.2,0.74
2026-02-15T22:00:00Z,BRT,2.33,62.2,1007.8,13.01,22,46,-0.5,0.86603,0.71128,0.70291,2.15,2.02,1.85
2026-02-15T23:00:00Z,BRT,2.15,49.2,1012.3,7.1,23,46,-0.25882,0.96593,0.71128,0.70291,2.56,2.88,1.42
2026-02-16T00:00:00Z,BRT,2.56,63.4,1013.2,5.64,0,47,0.0,1.0,0.72326,0.69057,1.99,2.84,0.83
2026-02-16T01:00:00Z,BRT,1.99,66.0,1011.7,3.77,1,47,0.25882,0.96593,0.72326,0.69057,1.75,3.72,2.06
2026-02-16T02:00:00Z,BRT,1.75,55.3,1014.0,6.79,2,47,0.5,0.86603,0.72326,0.69057,2.2,2.88,2.99
2026-02-16T03:00:00Z,BRT,2.2,60.9,1013.5,6.42,3,47,0.70711,0.70711,0.72326,0.69057,2.02,2.13,3.89
2026-02-16T04:00:00Z,BRT,2.02,52.7,1015.4,3.58,4,47,0.86603,0.5,0.72326,0.69057,2.88,1.54,5.09
2026-02-16T05:00:00Z,BRT,2.88,61.2,1015.4,8.34,5,47,0.96593,0.25882,0.72326,0.69057,2.84,1.81,5.41
2026-02-16T06:00:00Z,BRT,2.84,50.8,1018.6,1.02,6,47,1.0,0.0,0.72326,0.69057,3.72,1.74,5.68
2026-02-16T07:00:00Z,BRT,3.72,58.3,1019.9,0.83,7,47,0.96593,-0.25882,0.72326,0.69057,2.88,1.33,5.76
2026-02-16T08:00:00Z,BRT,2.88,56.9,1020.9,3.95,8,47,0.86603,-0.5,0.72326,0.69057,2.13,2.07,4.31
2026-02-16T09:00:00Z,BRT,2.13,58.2,1017.4,6.81,9,47,0.70711,-0.70711,0.72326,0.69057,1.54,1.5,3.47
2026-02-16T10:00:00Z,BRT,1.54,56.1,1017.3,3.66,10,47,0.5,-0.86603,0.72326,0.69057,1.81,0.09,3.21
2026-02-16T11:00:00Z,BRT,1.81,51.4,1015.3,4.77,11,47,0.25882,-0.96593,0.72326,0.69057,1.74,-0.8,3.38
2026-02-16T12:00:00Z,BRT,1.74,52.0,1015.8,4.74,12,47,0.0,-1.0,0.72326,0.69057,1.33,0.4,3.84
2026-02-16T13:00:00Z,BRT,1.33,63.8,1015.7,6.46,13,47,-0.25882,-0.96593,0.72326,0.69057,2.07,0.25,4.4
2026-02-16T14:00:00Z,BRT,2.07,54.5,1017.4,2.24,14,47,-0.5,-0.86603,0.72326,0.69057,1.5,0.08,5.07
2026-02-16T15:00:00Z,BRT,1.5,53.9,1016.0,4.05,15,47,-0.70711,-0.70711,0.72326,0.69057,0.09,0.74,4.37
2026-02-16T16:00:00Z,BRT,0.09,64.0,1014.0,8.13,16,47,-0.86603,-0.5,0.72326,0.69057,-0.8,1.85,3.08
2026-02-16T17:00:00Z,BRT,-0.8,58.7,1012.2,7.91,17,47,-0.96593,-0.25882,0.72326,0.69057,0.4,1.42,2.56
2026-02-16T18:00:00Z,BRT,0.4,64.4,1010.8,10.75,18,47,-1.0,-0.0,0.72326,0.69057,0.25,0.83,3.29
2026-02-16T19:00:00Z,BRT,0.25,73.0,1009.7,12.53,19,47,-0.96593,0.25882,0.72326,0.69057,0.08,2.06,4.36
2026-02-16T20:00:00Z,BRT,0.08,52.8,1010.8,7.92,20,47,-0.86603,0.5,0.72326,0.69057,0.74,2.99,4.4
2026-02-16T21:00:00Z,BRT,0.74,58.2,1013.2,8.71,21,47,-0.70711,0.70711,0.72326,0.69057,1.85,3.89,4.81
2026-02-16T22:00:00Z,BRT,1.85,57.2,1009.5,7.73,22,47,-0.5,0.86603,0.72326,0.69057,1.42,5.09,5.48
2026-02-16T23:00:00Z,BRT,1.42,57.6,1010.1,8.87,23,47,-0.25882,0.96593,0.72326,0.69057,0.83,5.41,6.41
2026-02-17T00:00:00Z,BRT,0.83,59.8,1010.1,3.15,0,48,0.0,1.0,0.73503,0.67803,2.06,5.68,5.46
2026-02-17T01:00:00Z,BRT,2.06,56.6,1010.2,5.62,1,48,0.25882,0.96593,0.73503,0.67803,2.99,5.76,4.59
2026-02-17T02:00:00Z,BRT,2.99,62.7,1008.3,7.24,2,48,0.5,0.86603,0.73503,0.67803,3.89,4.31,5.43
2026-02-17T03:00:00Z,BRT,3.89,65.8,1009.1,5.45,3,48,0.70711,0.70711,0.73503,0.67803,5.09,3.47,5.79
2026-02-17T04:00:00Z,BRT,5.09,63.5,1007.9,6.3,4,48,0.86603,0.5,0.73503,0.67803,5.41,3.21,10.0
2026-02-17T05:00:00Z,BRT,5.41,66.0,1004.2,9.81,5,48,0.96593,0.25882,0.73503,0.67803,5.68,3.38,5.11
2026-02-17T06:00:00Z,BRT,5.68,65.1,1000.1,9.32,6,48,1.0,0.0,0.73503,0.67803,5.76,3.84,4.08
2026-02-17T07:00:00Z,BRT,5.76,73.3,1000.7,9.14,7,48,0.96593,-0.25882,0.73503,0.67803,4.31,4.4,3.76
2026-02-17T08:00:00Z,BRT,4.31,65.1,998.3,9.34,8,48,0.86603,-0.5,0.73503,0.67803,3.47,5.07,4.28
2026-02-17T09:00:00Z,BRT,3.47,65.4,996.9,8.87,9,48,0.70711,-0.70711,0.73503,0.67803,3.21,4.37,4.05
2026-02-17T10:00:00Z,BRT,3.21,62.4,996.0,9.33,10,48,0.5,-0.86603,0.73503,0.67803,3.38,3.08,4.25
2026-02-17T11:00:00Z,BRT,3.38,76.0,995.9,9.33,11,48,0.25882,-0.96593,0.73503,0.67803,3.84,2.56,3.68
2026-02-17T12:00:00Z,BRT,3.84,77.3,994.0,10.64,12,48,0.0,-1.0,0.73503,0.67803,4.4,3.29,4.01
2026-02-17T13:00:00Z,BRT,4.4,79.9,991.1,12.72,13,48,-0.25882,-0.96593,0.73503,0.67803,5.07,4.36,3.74
2026-02-17T14:00:00Z,BRT,5.07,86.5,990.0,11.54,14,48,-0.5,-0.86603,0.73503,0.67803,4.37,4.4,3.92
2026-02-17T15:00:00Z,BRT,4.37,78.9,990.2,9.44,15,48,-0.70711,-0.70711,0.73503,0.67803,3.08,4.81,3.57
2026-02-17T16:00:00Z,BRT,3.08,83.4,989.5,15.64,16,48,-0.86603,-0.5,0.73503,0.67803,2.56,5.48,3.33
2026-02-17T17:00:00Z,BRT,2.56,86.4,989.7,16.69,17,48,-0.96593,-0.25882,0.73503,0.67803,3.29,6.41,1.88
2026-02-17T18:00:00Z,BRT,3.29,77.0,989.5,14.28,18,48,-1.0,-0.0,0.73503,0.67803,4.36,5.46,0.68
2026-02-17T19:00:00Z,BRT,4.36,76.9,988.4,15.52,19,48,-0.96593,0.25882,0.73503,0.67803,4.4,4.59,2.8
2026-02-17T20:00:00Z,BRT,4.4,77.7,988.4,17.05,20,48,-0.86603,0.5,0.73503,0.67803,4.81,5.43,3.15
2026-02-17T21:00:00Z,BRT,4.81,76.3,986.0,13.02,21,48,-0.70711,0.70711,0.73503,0.67803,5.48,5.79,1.31
2026-02-17T22:00:00Z,BRT,5.48,82.9,981.8,15.14,22,48,-0.5,0.86603,0.73503,0.67803,6.41,10.0,0.89
2026-02-17T23:00:00Z,BRT,6.41,90.0,980.5,15.58,23,48,-0.25882,0.96593,0.73503,0.67803,5.46,5.11,1.02
2026-02-18T00:00:00Z,BRT,5.46,83.3,979.4,16.02,0,49,0.0,1.0,0.74659,0.66529,4.59,4.08,0.55
2026-02-18T01:00:00Z,BRT,4.59,85.4,978.5,15.91,1,49,0.25882,0.96593,0.74659,0.66529,5.43,3.76,1.8
2026-02-18T02:00:00Z,BRT,5.43,80.5,980.7,11.08,2,49,0.5,0.86603,0.74659,0.66529,5.79,4.28,2.74
2026-02-18T03:00:00Z,BRT,5.79,94.9,979.9,14.43,3,49,0.70711,0.70711,0.74659,0.66529,10.0,4.05,2.81
2026-02-18T04:00:00Z,BRT,10.0,83.0,977.6,13.31,4,49,0.86603,0.5,0.74659,0.66529,5.11,4.25,1.86
2026-02-18T05:00:00Z,BRT,5.11,94.2,978.6,13.52,5,49,0.96593,0.25882,0.74659,0.66529,4.08,3.68,1.86
2026-02-18T06:00:00Z,BRT,4.08,79.7,981.7,13.69,6,49,1.0,0.0,0.74659,0.66529,3.76,4.01,2.36
2026-02-18T07:00:00Z,BRT,3.76,82.4,984.0,13.25,7,49,0.96593,-0.25882,0.74659,0.66529,4.28,3.74,2.13
2026-02-18T08:00:00Z,BRT,4.28,78.4,982.8,11.67,8,49,0.86603,-0.5,0.74659,0.66529,4.05,3.92,1.72
2026-02-18T09:00:00Z,BRT,4.05,81.2,984.1,8.21,9,49,0.70711,-0.70711,0.74659,0.66529,4.25,3.57,1.02
2026-02-18T10:00:00Z,BRT,4.25,79.1,984.1,16.84,10,49,0.5,-0.86603,0.74659,0.66529,3.68,3.33,1.2
2026-02-18T11:00:00Z,BRT,3.68,81.9,984.6,14.98,11,49,0.25882,-0.96593,0.74659,0.66529,4.01,1.88,2.17
2026-02-18T12:00:00Z,BRT,4.01,82.2,985.0,10.98,12,49,0.0,-1.0,0.74659,0.66529,3.74,0.68,1.62
2026-02-18T13:00:00Z,BRT,3.74,87.2,986.9,15.26,13,49,-0.25882,-0.96593,0.74659,0.66529,3.92,2.8,1.19
2026-02-18T14:00:00Z,BRT,3.92,72.9,989.4,12.71,14,49,-0.5,-0.86603,0.74659,0.66529,3.57,3.15,1.79
2026-02-18T15:00:00Z,BRT,3.57,82.2,986.4,12.51,15,49,-0.70711,-0.70711,0.74659,0.66529,3.33,1.31,1.15
2026-02-18T16:00:00Z,BRT,3.33,85.3,987.8,15.64,16,49,-0.86603,-0.5,0.74659,0.66529,1.88,0.89,0.51
2026-02-18T17:00:00Z,BRT,1.88,88.1,986.8,14.73,17,49,-0.96593,-0.25882,0.74659,0.66529,0.68,1.02,0.79
2026-02-18T18:00:00Z,BRT,0.68,79.7,987.8,15.68,18,49,-1.0,-0.0,0.74659,0.66529,2.8,0.55,1.22
2026-02-18T19:00:00Z,BRT,2.8,86.3,987.2,19.98,19,49,-0.96593,0.25882,0.74659,0.66529,3.15,1.8,1.24
2026-02-18T20:00:00Z,BRT,3.15,71.3,987.6,18.31,20,49,-0.86603,0.5,0.74659,0.66529,1.31,2.74,0.42
2026-02-18T21:00:00Z,BRT,1.31,81.7,988.9,12.35,21,49,-0.70711,0.70711,0.74659,0.66529,0.89,2.81,0.25
2026-02-18T22:00:00Z,BRT,0.89,78.7,992.1,11.44,22,49,-0.5,0.86603,0.74659,0.66529,1.02,1.86,-0.9
2026-02-18T23:00:00Z,BRT,1.02,78.9,991.5,14.15,23,49,-0.25882,0.96593,0.74659,0.66529,0.55,1.86,-0.46
2026-02-19T00:00:00Z,BRT,0.55,79.0,989.0,9.41,0,50,0.0,1.0,0.75792,0.65235,1.8,2.36,-0.36
2026-02-19T01:00:00Z,BRT,1.8,74.4,989.5,11.44,1,50,0.25882,0.96593,0.75792,0.65235,2.74,2.13,-0.26
2026-02-19T02:00:00Z,BRT,2.74,71.5,993.2,8.53,2,50,0.5,0.86603,0.75792,0.65235,2.81,1.72,-0.6
2026-02-19T03:00:00Z,BRT,2.81,79.1,991.2,12.3,3,50,0.70711,0.70711,0.75792,0.65235,1.86,1.02,0.87
2026-02-19T04:00:00Z,BRT,1.86,85.8,990.8,11.66,4,50,0.86603,0.5,0.75792,0.65235,1.86,1.2,0.95
2026-02-19T05:00:00Z,BRT,1.86,66.7,990.6,11.82,5,50,0.96593,0.25882,0.75792,0.65235,2.36,2.17,1.12
2026-02-19T06:00:00Z,BRT,2.36,73.8,988.8,14.26,6,50,1.0,0.0,0.75792,0.65235,2.13,1.62,2.15
2026-02-19T07:00:00Z,BRT,2.13,76.7,990.7,11.96,7,50,0.96593,-0.25882,0.75792,0.65235,1.72,1.19,2.0
2026-02-19T08:00:00Z,BRT,1.72,69.3,988.8,10.28,8,50,0.86603,-0.5,0.75792,0.65235,1.02,1.79,0.6
2026-02-19T09:00:00Z,BRT,1.02,70.5,992.4,11.92,9,50,0.70711,-0.70711,0.75792,0.65235,1.2,1.15,1.2
2026-02-19T10:00:00Z,BRT,1.2,82.4,993.3,7.91,10,50,0.5,-0.86603,0.75792,0.65235,2.17,0.51,1.72
2026-02-19T11:00:00Z,BRT,2.17,81.6,992.5,9.6,11,50,0.25882,-0.96593,0.75792,0.65235,1.62,0.79,1.75
2026-02-19T12:00:00Z,BRT,1.62,78.4,992.1,12.16,12,50,0.0,-1.0,0.75792,0.65235,1.19,1.22,2.23
2026-02-19T13:00:00Z,BRT,1.19,88.0,987.7,10.57,13,50,-0.25882,-0.96593,0.75792,0.65235,1.79,1.24,2.26
2026-02-19T14:00:00Z,BRT,1.79,80.4,989.3,10.6,14,50,-0.5,-0.86603,0.75792,0.65235,1.15,0.42,2.33
2026-02-19T15:00:00Z,BRT,1.15,80.7,989.3,12.6,15,50,-0.70711,-0.70711,0.75792,0.65235,0.51,0.25,1.54
2026-02-19T16:00:00Z,BRT,0.51,75.0,988.2,16.1,16,50,-0.86603,-0.5,0.75792,0.65235,0.79,-0.9,2.11
2026-02-19T17:00:00Z,BRT,0.79,67.7,987.3,16.35,17,50,-0.96593,-0.25882,0.75792,0.65235,1.22,-0.46,1.64
2026-02-19T18:00:00Z,BRT,1.22,82.4,988.2,17.21,18,50,-1.0,-0.0,0.75792,0.65235,1.24,-0.36,2.6
2026-02-19T19:00:00Z,BRT,1.24,78.4,988.7,15.74,19,50,-0.96593,0.25882,0.75792,0.65235,0.42,-0.26,2.43
2026-02-19T20:00:00Z,BRT,0.42,88.4,988.3,15.22,20,50,-0.86603,0.5,0.75792,0.65235,0.25,-0.6,2.1
2026-02-19T21:00:00Z,BRT,0.25,82.8,989.2,14.99,21,50,-0.70711,0.70711,0.75792,0.65235,-0.9,0.87,2.09
2026-02-19T22:00:00Z,BRT,-0.9,75.7,990.1,15.5,22,50,-0.5,0.86603,0.75792,0.65235,-0.46,0.95,2.56
2026-02-19T23:00:00Z,BRT,-0.46,72.5,992.4,8.18,23,50,-0.25882,0.96593,0.75792,0.65235,-0.36,1.12,2.23
2026-02-20T00:00:00Z,BRT,-0.36,76.1,990.3,14.47,0,51,0.0,1.0,0.76903,0.63921,-0.26,2.15,2.26
2026-02-20T01:00:00Z,BRT,-0.26,75.1,989.2,10.73,1,51,0.25882,0.96593,0.76903,0.63921,-0.6,2.0,3.17
2026-02-20T02:00:00Z,BRT,-0.6,73.4,988.2,14.4,2,51,0.5,0.86603,0.76903,0.63921,0.87,0.6,3.93
2026-02-20T03:00:00Z,BRT,0.87,73.3,984.8,12.19,3,51,0.70711,0.70711,0.76903,0.63921,0.95,1.2,3.59
2026-02-20T04:00:00Z,BRT,0.95,81.3,984.0,11.15,4,51,0.86603,0.5,0.76903,0.63921,1.12,1.72,4.04
2026-02-20T05:00:00Z,BRT,1.12,90.4,984.3,9.72,5,51,0.96593,0.25882,0.76903,0.63921,2.15,1.75,4.56
2026-02-20T06:00:00Z,BRT,2.15,79.7,983.2,14.94,6,51,1.0,0.0,0.76903,0.63921,2.0,2.23,4.15
2026-02-20T07:00:00Z,BRT,2.0,86.3,983.4,13.41,7,51,0.96593,-0.25882,0.76903,0.63921,0.6,2.26,3.75
2026-02-20T08:00:00Z,BRT,0.6,82.0,988.3,9.84,8,51,0.86603,-0.5,0.76903,0.63921,1.2,2.33,3.45
2026-02-20T09:00:00Z,BRT,1.2,74.7,987.1,12.11,9,51,0.70711,-0.70711,0.76903,0.63921,1.72,1.54,4.39
2026-02-20T10:00:00Z,BRT,1.72,85.8,986.3,14.36,10,51,0.5,-0.86603,0.76903,0.63921,1.75,2.11,4.52
2026-02-20T11:00:00Z,BRT,1.75,76.0,988.6,13.31,11,51,0.25882,-0.96593,0.76903,0.63921,2.23,1.64,4.19
2026-02-20T12:00:00Z,BRT,2.23,69.0,993.7,12.35,12,51,0.0,-1.0,0.76903,0.63921,2.26,2.6,3.81
2026-02-20T13:00:00Z,BRT,2.26,85.5,993.2,8.86,13,51,-0.25882,-0.96593,0.76903,0.63921,2.33,2.43,3.46
2026-02-20T14:00:00Z,BRT,2.33,73.2,991.6,9.15,14,51,-0.5,-0.86603,0.76903,0.63921,1.54,2.1,4.41
2026-02-20T15:00:00Z,BRT,1.54,73.4,990.1,12.02,15,51,-0.70711,-0.70711,0.76903,0.63921,2.11,2.09,4.51
2026-02-20T16:00:00Z,BRT,2.11,73.0,991.4,14.5,16,51,-0.86603,-0.5,0.76903,0.63921,1.64,2.56,4.86
2026-02-20T17:00:00Z,BRT,1.64,67.5,990.8,14.36,17,51,-0.96593,-0.25882,0.76903,0.63921,2.6,2.23,5.61
2026-02-20T18:00:00Z,BRT,2.6,76.7,992.2,16.24,18,51,-1.0,-0.0,0.76903,0.63921,2.43,2.26,4.23
2026-02-20T19:00:00Z,BRT,2.43,68.7,998.3,14.06,19,51,-0.96593,0.25882,0.76903,0.63921,2.1,3.17,2.93
2026-02-20T20:00:00Z,BRT,2.1,73.0,998.8,13.34,20,51,-0.86603,0.5,0.76903,0.63921,2.09,3.93,4.0
2026-02-20T21:00:00Z,BRT,2.09,65.4,1001.2,11.57,21,51,-0.70711,0.70711,0.76903,0.63921,2.56,3.59,4.92
2026-02-20T22:00:00Z,BRT,2.56,68.2,1001.1,13.56,22,51,-0.5,0.86603,0.76903,0.63921,2.23,4.04,5.41
2026-02-20T23:00:00Z,BRT,2.23,66.7,1002.0,10.6,23,51,-0.25882,0.96593,0.76903,0.63921,2.26,4.56,3.97
2026-02-21T00:00:00Z,BRT,2.26,66.9,1004.8,6.85,0,52,0.0,1.0,0.77991,0.62589,3.17,4.15,3.98
2026-02-21T01:00:00Z,BRT,3.17,53.8,1007.7,2.71,1,52,0.25882,0.96593,0.77991,0.62589,3.93,3.75,1.91
2026-02-21T02:00:00Z,BRT,3.93,61.8,1007.3,9.23,2,52,0.5,0.86603,0.77991,0.62589,3.59,3.45,2.87
2026-02-21T03:00:00Z,BRT,3.59,58.6,1008.1,8.62,3,52,0.70711,0.70711,0.77991,0.62589,4.04,4.39,3.33
2026-02-21T04:00:00Z,BRT,4.04,63.6,1009.4,7.22,4,52,0.86603,0.5,0.77991,0.62589,4.56,4.52,2.24
2026-02-21T05:00:00Z,BRT,4.56,62.6,1006.5,8.03,5,52,0.96593,0.25882,0.77991,0.62589,4.15,4.19,3.14
2026-02-21T06:00:00Z,BRT,4.15,72.1,1008.3,6.58,6,52,1.0,0.0,0.77991,0.62589,3.75,3.81,5.15
2026-02-21T07:00:00Z,BRT,3.75,56.4,1010.2,6.63,7,52,0.96593,-0.25882,0.77991,0.62589,3.45,3.46,5.27
2026-02-21T08:00:00Z,BRT,3.45,48.4,1008.8,5.22,8,52,0.86603,-0.5,0.77991,0.62589,4.39,4.41,4.87
2026-02-21T09:00:00Z,BRT,4.39,65.0,1007.0,6.66,9,52,0.70711,-0.70711,0.77991,0.62589,4.52,4.51,3.83
2026-02-21T10:00:00Z,BRT,4.52,66.7,1007.4,10.61,10,52,0.5,-0.86603,0.77991,0.62589,4.19,4.86,3.98
2026-02-21T11:00:00Z,BRT,4.19,62.3,1008.2,4.27,11,52,0.25882,-0.96593,0.77991,0.62589,3.81,5.61,3.95
2026-02-21T12:00:00Z,BRT,3.81,66.2,1007.9,6.95,12,52,0.0,-1.0,0.77991,0.62589,3.46,4.23,3.06
2026-02-21T13:00:00Z,BRT,3.46,60.2,1010.0,7.04,13,52,-0.25882,-0.96593,0.77991,0.62589,4.41,2.93,2.21
2026-02-21T14:00:00Z,BRT,4.41,59.5,1013.1,7.34,14,52,-0.5,-0.86603,0.77991,0.62589,4.51,4.0,2.32
2026-02-21T15:00:00Z,BRT,4.51,52.1,1014.7,4.19,15,52,-0.70711,-0.70711,0.77991,0.62589,4.86,4.92,2.02
2026-02-21T16:00:00Z,BRT,4.86,54.1,1012.1,12.59,16,52,-0.86603,-0.5,0.77991,0.62589,5.61,5.41,3.12
2026-02-21T17:00:00Z,BRT,5.61,60.4,1013.7,8.84,17,52,-0.96593,-0.25882,0.77991,0.62589,4.23,3.97,4.17
2026-02-21T18:00:00Z,BRT,4.23,61.6,1012.1,7.18,18,52,-1.0,-0.0,0.77991,0.62589,2.93,3.98,2.97
2026-02-21T19:00:00Z,BRT,2.93,60.6,1012.7,5.71,19,52,-0.96593,0.25882,0.77991,0.62589,4.0,1.91,2.57
2026-02-21T20:00:00Z,BRT,4.0,69.2,1011.1,12.28,20,52,-0.86603,0.5,0.77991,0.62589,4.92,2.87,3.63
2026-02-21T21:00:00Z,BRT,4.92,57.6,1011.3,10.73,21,52,-0.70711,0.70711,0.77991,0.62589,5.41,3.33,3.0
2026-02-21T22:00:00Z,BRT,5.41,60.1,1014.1,7.15,22,52,-0.5,0.86603,0.77991,0.62589,3.97,2.24,3.06
2026-02-21T23:00:00Z,BRT,3.97,50.7,1015.0,5.62,23,52,-0.25882,0.96593,0.77991,0.62589,3.98,3.14,3.9
2026-02-22T00:00:00Z,BRT,3.98,51.4,1015.8,5.84,0,53,0.0,1.0,0.79056,0.61238,1.91,5.15,4.12
2026-02-22T01:00:00Z,BRT,1.91,54.7,1015.8,4.35,1,53,0.25882,0.96593,0.79056,0.61238,2.87,5.27,5.06
2026-02-22T02:00:00Z,BRT,2.87,56.1,1016.7,2.49,2,53,0.5,0.86603,0.79056,0.61238,3.33,4.87,4.6
2026-02-22T03:00:00Z,BRT,3.33,53.6,1016.3,1.96,3,53,0.70711,0.70711,0.79056,0.61238,2.24,3.83,4.64
2026-02-22T04:00:00Z,BRT,2.24,58.5,1015.9,3.88,4,53,0.86603,0.5,0.79056,0.61238,3.14,3.98,5.21
2026-02-22T05:00:00Z,BRT,3.14,61.4,1009.7,8.0,5,53,0.96593,0.25882,0.79056,0.61238,5.15,3.95,5.04
2026-02-22T06:00:00Z,BRT,5.15,65.7,1005.5,5.92,6,53,1.0,0.0,0.79056,0.61238,5.27,3.06,4.44
2026-02-22T07:00:00Z,BRT,5.27,62.6,1004.3,5.76,7,53,0.96593,-0.25882,0.79056,0.61238,4.87,2.21,2.81
2026-02-22T08:00:00Z,BRT,4.87,71.5,1000.1,12.54,8,53,0.86603,-0.5,0.79056,0.61238,3.83,2.32,4.36
2026-02-22T09:00:00Z,BRT,3.83,64.7,1001.2,11.07,9,53,0.70711,-0.70711,0.79056,0.61238,3.98,2.02,5.47
2026-02-22T10:00:00Z,BRT,3.98,73.1,999.9,11.56,10,53,0.5,-0.86603,0.79056,0.61238,3.95,3.12,5.48
2026-02-22T11:00:00Z,BRT,3.95,66.4,998.9,6.77,11,53,0.25882,-0.96593,0.79056,0.61238,3.06,4.17,3.27
2026-02-22T12:00:00Z,BRT,3.06,80.2,995.5,11.2,12,53,0.0,-1.0,0.79056,0.61238,2.21,2.97,4.22
2026-02-22T13:00:00Z,BRT,2.21,70.7,997.2,8.43,13,53,-0.25882,-0.96593,0.79056,0.61238,2.32,2.57,4.05
2026-02-22T14:00:00Z,BRT,2.32,69.4,994.7,11.05,14,53,-0.5,-0.86603,0.79056,0.61238,2.02,3.63,2.41
2026-02-22T15:00:00Z,BRT,2.02,76.1,993.6,14.58,15,53,-0.70711,-0.70711,0.79056,0.61238,3.12,3.0,1.25
2026-02-22T16:00:00Z,BRT,3.12,78.6,992.6,12.17,16,53,-0.86603,-0.5,0.79056,0.61238,4.17,3.06,3.23
2026-02-22T17:00:00Z,BRT,4.17,84.1,991.0,16.99,17,53,-0.96593,-0.25882,0.79056,0.61238,2.97,3.9,2.07
2026-02-22T18:00:00Z,BRT,2.97,68.0,992.3,13.2,18,53,-1.0,-0.0,0.79056,0.61238,2.57,4.12,2.71
2026-02-22T19:00:00Z,BRT,2.57,71.9,990.5,15.69,19,53,-0.96593,0.25882,0.79056,0.61238,3.63,5.06,3.19
2026-02-22T20:00:00Z,BRT,3.63,72.6,991.4,14.91,20,53,-0.86603,0.5,0.79056,0.61238,3.0,4.6,1.87
2026-02-22T21:00:00Z,BRT,3.0,77.0,988.1,15.29,21,53,-0.70711,0.70711,0.79056,0.61238,3.06,4.64,3.68
2026-02-22T22:00:00Z,BRT,3.06,81.8,985.5,15.31,22,53,-0.5,0.86603,0.79056,0.61238,3.9,5.21,2.57
2026-02-22T23:00:00Z,BRT,3.9,97.2,984.2,13.45,23,53,-0.25882,0.96593,0.79056,0.61238,4.12,5.04,1.95
2026-02-23T00:00:00Z,BRT,4.12,93.0,982.9,13.12,0,54,0.0,1.0,0.80098,0.59869,5.06,4.44,3.34
2026-02-23T01:00:00Z,BRT,5.06,88.3,980.0,12.58,1,54,0.25882,0.96593,0.80098,0.59869,4.6,2.81,3.05
2026-02-23T02:00:00Z,BRT,4.6,88.5,980.6,15.54,2,54,0.5,0.86603,0.80098,0.59869,4.64,4.36,2.46
2026-02-23T03:00:00Z,BRT,4.64,86.6,982.2,12.71,3,54,0.70711,0.70711,0.80098,0.59869,5.21,5.47,3.59
2026-02-23T04:00:00Z,BRT,5.21,87.4,981.7,15.93,4,54,0.86603,0.5,0.80098,0.59869,5.04,5.48,4.54
2026-02-23T05:00:00Z,BRT,5.04,83.7,981.8,14.27,5,54,0.96593,0.25882,0.80098,0.59869,4.44,3.27,3.52
2026-02-23T06:00:00Z,BRT,4.44,91.3,978.8,13.35,6,54,1.0,0.0,0.80098,0.59869,2.81,4.22,2.79
2026-02-23T07:00:00Z,BRT,2.81,82.0,980.2,8.59,7,54,0.96593,-0.25882,0.80098,0.59869,4.36,4.05,3.86
2026-02-23T08:00:00Z,BRT,4.36,90.1,980.7,17.53,8,54,0.86603,-0.5,0.80098,0.59869,5.47,2.41,4.34
2026-02-23T09:00:00Z,BRT,5.47,86.1,980.6,15.88,9,54,0.70711,-0.70711,0.80098,0.59869,5.48,1.25,5.08
2026-02-23T10:00:00Z,BRT,5.48,84.3,982.0,15.95,10,54,0.5,-0.86603,0.80098,0.59869,3.27,3.23,4.15
2026-02-23T11:00:00Z,BRT,3.27,85.7,978.1,15.08,11,54,0.25882,-0.96593,0.80098,0.59869,4.22,2.07,3.92
2026-02-23T12:00:00Z,BRT,4.22,80.3,978.8,16.41,12,54,0.0,-1.0,0.80098,0.59869,4.05,2.71,3.67
2026-02-23T13:00:00Z,BRT,4.05,87.3,979.0,17.15,13,54,-0.25882,-0.96593,0.80098,0.59869,2.41,3.19,3.16
2026-02-23T14:00:00Z,BRT,2.41,83.1,978.6,16.07,14,54,-0.5,-0.86603,0.80098,0.59869,1.25,1.87,3.24
2026-02-23T15:00:00Z,BRT,1.25,84.0,981.6,16.34,15,54,-0.70711,-0.70711,0.80098,0.59869,3.23,3.68,3.7
2026-02-23T16:00:00Z,BRT,3.23,92.0,983.8,20.85,16,54,-0.86603,-0.5,0.80098,0.59869,2.07,2.57,2.42
2026-02-23T17:00:00Z,BRT,2.07,90.4,980.4,16.84,17,54,-0.96593,-0.25882,0.80098,0.59869,2.71,1.95,2.77
2026-02-23T18:00:00Z,BRT,2.71,92.5,979.5,16.06,18,54,-1.0,-0.0,0.80098,0.59869,3.19,3.34,3.96
2026-02-23T19:00:00Z,BRT,3.19,86.8,979.8,18.33,19,54,-0.96593,0.25882,0.80098,0.59869,1.87,3.05,2.57
2026-02-23T20:00:00Z,BRT,1.87,83.6,979.5,16.65,20,54,-0.86603,0.5,0.80098,0.59869,3.68,2.46,1.09
2026-02-23T21:00:00Z,BRT,3.68,82.5,981.1,20.07,21,54,-0.70711,0.70711,0.80098,0.59869,2.57,3.59,2.2
2026-02-23T22:00:00Z,BRT,2.57,83.7,984.7,16.39,22,54,-0.5,0.86603,0.80098,0.59869,1.95,4.54,2.46
2026-02-23T23:00:00Z,BRT,1.95,74.2,984.4,13.64,23,54,-0.25882,0.96593,0.80098,0.59869,3.34,3.52,3.25
2026-02-24T00:00:00Z,BRT,3.34,82.4,984.8,12.97,0,55,0.0,1.0,0.81116,0.58482,3.05,2.79,3.15
2026-02-24T01:00:00Z,BRT,3.05,80.0,990.4,9.64,1,55,0.25882,0.96593,0.81116,0.58482,2.46,3.86,1.38
2026-02-24T02:00:00Z,BRT,2.46,82.0,993.2,11.06,2,55,0.5,0.86603,0.81116,0.58482,3.59,4.34,1.31
2026-02-24T03:00:00Z,BRT,3.59,75.5,991.1,12.73,3,55,0.70711,0.70711,0.81116,0.58482,4.54,5.08,2.05
2026-02-24T04:00:00Z,BRT,4.54,75.1,991.0,13.64,4,55,0.86603,0.5,0.81116,0.58482,3.52,4.15,1.63
2026-02-24T05:00:00Z,BRT,3.52,69.0,992.1,10.64,5,55,0.96593,0.25882,0.81116,0.58482,2.79,3.92,2.28
2026-02-24T06:00:00Z,BRT,2.79,77.4,994.1,12.51,6,55,1.0,0.0,0.81116,0.58482,3.86,3.67,2.02
2026-02-24T07:00:00Z,BRT,3.86,76.9,992.1,12.09,7,55,0.96593,-0.25882,0.81116,0.58482,4.34,3.16,1.28
2026-02-24T08:00:00Z,BRT,4.34,83.7,989.1,12.28,8,55,0.86603,-0.5,0.81116,0.58482,5.08,3.24,1.31
2026-02-24T09:00:00Z,BRT,5.08,86.5,987.5,15.03,9,55,0.70711,-0.70711,0.81116,0.58482,4.15,3.7,2.51
2026-02-24T10:00:00Z,BRT,4.15,85.7,986.1,6.02,10,55,0.5,-0.86603,0.81116,0.58482,3.92,2.42,2.3
2026-02-24T11:00:00Z,BRT,3.92,89.7,985.1,11.34,11,55,0.25882,-0.96593,0.81116,0.58482,3.67,2.77,2.15
2026-02-24T12:00:00Z,BRT,3.67,86.2,985.9,13.29,12,55,0.0,-1.0,0.81116,0.58482,3.16,3.96,2.47
2026-02-24T13:00:00Z,BRT,3.16,81.4,988.8,14.04,13,55,-0.25882,-0.96593,0.81116,0.58482,3.24,2.57,3.21
2026-02-24T14:00:00Z,BRT,3.24,77.6,988.6,13.09,14,55,-0.5,-0.86603,0.81116,0.58482,3.7,1.09,1.63
2026-02-24T15:00:00Z,BRT,3.7,79.4,987.0,16.51,15,55,-0.70711,-0.70711,0.81116,0.58482,2.42,2.2,2.26
2026-02-24T16:00:00Z,BRT,2.42,89.6,986.3,14.81,16,55,-0.86603,-0.5,0.81116,0.58482,2.77,2.46,1.7
2026-02-24T17:00:00Z,BRT,2.77,81.0,986.2,15.97,17,55,-0.96593,-0.25882,0.81116,0.58482,3.96,3.25,1.79
2026-02-24T18:00:00Z,BRT,3.96,84.2,985.8,19.19,18,55,-1.0,-0.0,0.81116,0.58482,2.57,3.15,-0.1
2026-02-24T19:00:00Z,BRT,2.57,85.9,984.6,20.54,19,55,-0.96593,0.25882,0.81116,0.58482,1.09,1.38,0.68
2026-02-24T20:00:00Z,BRT,1.09,78.4,984.5,16.4,20,55,-0.86603,0.5,0.81116,0.58482,2.2,1.31,-0.63
2026-02-24T21:00:00Z,BRT,2.2,82.1,987.5,14.09,21,55,-0.70711,0.70711,0.81116,0.58482,2.46,2.05,-0.36
2026-02-24T22:00:00Z,BRT,2.46,76.5,988.2,14.08,22,55,-0.5,0.86603,0.81116,0.58482,3.25,1.63,0.05
2026-02-24T23:00:00Z,BRT,3.25,84.4,986.7,11.84,23,55,-0.25882,0.96593,0.81116,0.58482,3.15,2.28,-0.13
2026-02-25T00:00:00Z,BRT,3.15,83.5,986.7,7.67,0,56,0.0,1.0,0.8211,0.57078,1.38,2.02,0.35
2026-02-25T01:00:00Z,BRT,1.38,86.6,987.7,12.06,1,56,0.25882,0.96593,0.8211,0.57078,1.31,1.28,-0.39
2026-02-25T02:00:00Z,BRT,1.31,77.6,989.9,9.41,2,56,0.5,0.86603,0.8211,0.57078,2.05,1.31,-1.56
2026-02-25T03:00:00Z,BRT,2.05,94.0,988.2,15.05,3,56,0.70711,0.70711,0.8211,0.57078,1.63,2.51,-0.82
2026-02-25T04:00:00Z,BRT,1.63,89.3,988.1,12.77,4,56,0.86603,0.5,0.8211,0.57078,2.28,2.3,0.03
2026-02-25T05:00:00Z,BRT,2.28,75.9,991.7,9.82,5,56,0.96593,0.25882,0.8211,0.57078,2.02,2.15,0.75
2026-02-25T06:00:00Z,BRT,2.02,75.7,988.4,13.06,6,56,1.0,0.0,0.8211,0.57078,1.28,2.47,2.06
2026-02-25T07:00:00Z,BRT,1.28,91.5,988.6,14.51,7,56,0.96593,-0.25882,0.8211,0.57078,1.31,3.21,2.92
2026-02-25T08:00:00Z,BRT,1.31,82.0,986.0,14.15,8,56,0.86603,-0.5,0.8211,0.57078,2.51,1.63,3.13
2026-02-25T09:00:00Z,BRT,2.51,82.3,987.7,12.88,9,56,0.70711,-0.70711,0.8211,0.57078,2.3,2.26,1.92
2026-02-25T10:00:00Z,BRT,2.3,81.1,986.2,12.58,10,56,0.5,-0.86603,0.8211,0.57078,2.15,1.7,2.97
2026-02-25T11:00:00Z,BRT,2.15,82.6,984.4,13.34,11,56,0.25882,-0.96593,0.8211,0.57078,2.47,1.79,3.37
2026-02-25T12:00:00Z,BRT,2.47,87.7,985.1,14.13,12,56,0.0,-1.0,0.8211,0.57078,3.21,-0.1,2.11
2026-02-25T13:00:00Z,BRT,3.21,86.8,982.7,14.26,13,56,-0.25882,-0.96593,0.8211,0.57078,1.63,0.68,2.25
2026-02-25T14:00:00Z,BRT,1.63,75.7,984.3,13.0,14,56,-0.5,-0.86603,0.8211,0.57078,2.26,-0.63,1.54
2026-02-25T15:00:00Z,BRT,2.26,84.8,983.4,16.08,15,56,-0.70711,-0.70711,0.8211,0.57078,1.7,-0.36,1.18
2026-02-25T16:00:00Z,BRT,1.7,87.4,985.9,18.15,16,56,-0.86603,-0.5,0.8211,0.57078,1.79,0.05,1.61
2026-02-25T17:00:00Z,BRT,1.79,85.7,988.3,16.51,17,56,-0.96593,-0.25882,0.8211,0.57078,-0.1,-0.13,2.7
2026-02-25T18:00:00Z,BRT,-0.1,80.1,990.1,14.67,18,56,-1.0,-0.0,0.8211,0.57078,0.68,0.35,3.52
2026-02-25T19:00:00Z,BRT,0.68,84.3,991.5,16.86,19,56,-0.96593,0.25882,0.8211,0.57078,-0.63,-0.39,3.37
2026-02-25T20:00:00Z,BRT,-0.63,77.6,992.1,14.82,20,56,-0.86603,0.5,0.8211,0.57078,-0.36,-1.56,3.65
2026-02-25T21:00:00Z,BRT,-0.36,68.3,996.0,13.98,21,56,-0.70711,0.70711,0.8211,0.57078,0.05,-0.82,4.39
2026-02-25T22:00:00Z,BRT,0.05,72.1,994.5,13.31,22,56,-0.5,0.86603,0.8211,0.57078,-0.13,0.03,4.63
2026-02-25T23:00:00Z,BRT,-0.13,75.0,992.8,12.3,23,56,-0.25882,0.96593,0.8211,0.57078,0.35,0.75,4.26
2026-02-26T00:00:00Z,BRT,0.35,74.6,993.0,11.7,0,57,0.0,1.0,0.8308,0.55658,-0.39,2.06,4.5
2026-02-26T01:00:00Z,BRT,-0.39,70.8,993.4,9.97,1,57,0.25882,0.96593,0.8308,0.55658,-1.56,2.92,5.28
2026-02-26T02:00:00Z,BRT,-1.56,71.1,993.2,9.02,2,57,0.5,0.86603,0.8308,0.55658,-0.82,3.13,6.07
2026-02-26T03:00:00Z,BRT,-0.82,73.7,994.6,13.43,3,57,0.70711,0.70711,0.8308,0.55658,0.03,1.92,5.97
2026-02-26T04:00:00Z,BRT,0.03,70.1,995.7,3.99,4,57,0.86603,0.5,0.8308,0.55658,0.75,2.97,4.57
2026-02-26T05:00:00Z,BRT,0.75,75.6,991.9,9.67,5,57,0.96593,0.25882,0.8308,0.55658,2.06,3.37,5.67
2026-02-26T06:00:00Z,BRT,2.06,84.5,991.7,11.19,6,57,1.0,0.0,0.8308,0.55658,2.92,2.11,6.26
2026-02-26T07:00:00Z,BRT,2.92,73.0,994.4,8.55,7,57,0.96593,-0.25882,0.8308,0.55658,3.13,2.25,6.46
2026-02-26T08:00:00Z,BRT,3.13,76.6,994.6,13.35,8,57,0.86603,-0.5,0.8308,0.55658,1.92,1.54,5.95
2026-02-26T09:00:00Z,BRT,1.92,75.0,993.3,11.0,9,57,0.70711,-0.70711,0.8308,0.55658,2.97,1.18,6.97
2026-02-26T10:00:00Z,BRT,2.97,79.4,994.9,11.34,10,57,0.5,-0.86603,0.8308,0.55658,3.37,1.61,6.53
2026-02-26T11:00:00Z,BRT,3.37,74.0,998.5,11.83,11,57,0.25882,-0.96593,0.8308,0.55658,2.11,2.7,5.66
2026-02-26T12:00:00Z,BRT,2.11,77.8,994.8,9.77,12,57,0.0,-1.0,0.8308,0.55658,2.25,3.52,5.96
2026-02-26T13:00:00Z,BRT,2.25,72.2,993.9,9.0,13,57,-0.25882,-0.96593,0.8308,0.55658,1.54,3.37,5.42
2026-02-26T14:00:00Z,BRT,1.54,71.0,995.2,10.44,14,57,-0.5,-0.86603,0.8308,0.55658,1.18,3.65,5.02
2026-02-26T15:00:00Z,BRT,1.18,75.0,996.3,12.87,15,57,-0.70711,-0.70711,0.8308,0.55658,1.61,4.39,4.74
2026-02-26T16:00:00Z,BRT,1.61,66.5,998.2,9.78,16,57,-0.86603,-0.5,0.8308,0.55658,2.7,4.63,3.8
2026-02-26T17:00:00Z,BRT,2.7,80.3,998.1,8.39,17,57,-0.96593,-0.25882,0.8308,0.55658,3.52,4.26,4.22
2026-02-26T18:00:00Z,BRT,3.52,72.5,998.7,13.59,18,57,-1.0,-0.0,0.8308,0.55658,3.37,4.5,3.41
2026-02-26T19:00:00Z,BRT,3.37,57.5,1007.1,11.22,19,57,-0.96593,0.25882,0.8308,0.55658,3.65,5.28,1.63
2026-02-26T20:00:00Z,BRT,3.65,68.0,1007.1,11.91,20,57,-0.86603,0.5,0.8308,0.55658,4.39,6.07,1.49
2026-02-26T21:00:00Z,BRT,4.39,58.7,1005.7,12.22,21,57,-0.70711,0.70711,0.8308,0.55658,4.63,5.97,1.52
2026-02-26T22:00:00Z,BRT,4.63,68.0,1007.7,11.41,22,57,-0.5,0.86603,0.8308,0.55658,4.26,4.57,2.02
2026-02-26T23:00:00Z,BRT,4.26,71.8,1009.6,8.01,23,57,-0.25882,0.96593,0.8308,0.55658,4.5,5.67,1.59
2026-02-27T00:00:00Z,BRT,4.5,60.3,1009.9,7.68,0,58,0.0,1.0,0.84025,0.5422,5.28,6.26,1.53
2026-02-27T01:00:00Z,BRT,5.28,56.6,1013.1,5.81,1,58,0.25882,0.96593,0.84025,0.5422,6.07,6.46,0.98
2026-02-27T02:00:00Z,BRT,6.07,59.2,1012.8,4.39,2,58,0.5,0.86603,0.84025,0.5422,5.97,5.95,1.45
2026-02-27T03:00:00Z,BRT,5.97,57.1,1011.1,7.12,3,58,0.70711,0.70711,0.84025,0.5422,4.57,6.97,1.18
2026-02-27T04:00:00Z,BRT,4.57,49.7,1014.8,1.01,4,58,0.86603,0.5,0.84025,0.5422,5.67,6.53,2.19
2026-02-27T05:00:00Z,BRT,5.67,65.1,1014.5,7.0,5,58,0.96593,0.25882,0.84025,0.5422,6.26,5.66,2.48
2026-02-27T06:00:00Z,BRT,6.26,55.8,1012.4,6.74,6,58,1.0,0.0,0.84025,0.5422,6.46,5.96,2.68
2026-02-27T07:00:00Z,BRT,6.46,66.5,1010.9,1.64,7,58,0.96593,-0.25882,0.84025,0.5422,5.95,5.42,7.03
2026-02-27T08:00:00Z,BRT,5.95,64.3,1008.5,6.88,8,58,0.86603,-0.5,0.84025,0.5422,6.97,5.02,10.0
2026-02-27T09:00:00Z,BRT,6.97,60.9,1007.4,5.15,9,58,0.70711,-0.70711,0.84025,0.5422,6.53,4.74,8.81
2026-02-27T10:00:00Z,BRT,6.53,62.8,1006.3,5.53,10,58,0.5,-0.86603,0.84025,0.5422,5.66,3.8,8.41
2026-02-27T11:00:00Z,BRT,5.66,69.9,1007.2,7.56,11,58,0.25882,-0.96593,0.84025,0.5422,5.96,4.22,7.41
2026-02-27T12:00:00Z,BRT,5.96,65.4,1002.5,9.08,12,58,0.0,-1.0,0.84025,0.5422,5.42,3.41,1.15
2026-02-27T13:00:00Z,BRT,5.42,67.6,1002.8,8.83,13,58,-0.25882,-0.96593,0.84025,0.5422,5.02,1.63,-0.37
2026-02-27T14:00:00Z,BRT,5.02,61.6,1002.5,9.18,14,58,-0.5,-0.86603,0.84025,0.5422,4.74,1.49,-1.79
2026-02-27T15:00:00Z,BRT,4.74,67.4,1002.0,14.86,15,58,-0.70711,-0.70711,0.84025,0.5422,3.8,1.52,-0.6
2026-02-27T16:00:00Z,BRT,3.8,73.4,1002.4,11.36,16,58,-0.86603,-0.5,0.84025,0.5422,4.22,2.02,-0.94
2026-02-27T17:00:00Z,BRT,4.22,68.0,1001.5,12.74,17,58,-0.96593,-0.25882,0.84025,0.5422,3.41,1.59,-0.74
2026-02-27T18:00:00Z,BRT,3.41,67.9,1001.3,11.68,18,58,-1.0,-0.0,0.84025,0.5422,1.63,1.53,-1.15
2026-02-27T19:00:00Z,BRT,1.63,70.4,998.7,12.81,19,58,-0.96593,0.25882,0.84025,0.5422,1.49,0.98,-0.11
2026-02-27T20:00:00Z,BRT,1.49,81.2,994.6,15.94,20,58,-0.86603,0.5,0.84025,0.5422,1.52,1.45,-1.96
2026-02-27T21:00:00Z,BRT,1.52,81.6,989.3,10.81,21,58,-0.70711,0.70711,0.84025,0.5422,2.02,1.18,-1.36
2026-02-27T22:00:00Z,BRT,2.02,78.9,988.4,10.93,22,58,-0.5,0.86603,0.84025,0.5422,1.59,2.19,-0.15
2026-02-27T23:00:00Z,BRT,1.59,86.9,987.0,13.44,23,58,-0.25882,0.96593,0.84025,0.5422,1.53,2.48,1.52
2026-02-28T00:00:00Z,BRT,1.53,87.7,984.4,12.75,0,59,0.0,1.0,0.84945,0.52767,0.98,2.68,1.53
2026-02-28T01:00:00Z,BRT,0.98,84.2,981.3,14.19,1,59,0.25882,0.96593,0.84945,0.52767,1.45,7.03,1.89
2026-02-28T02:00:00Z,BRT,1.45,77.1,982.6,13.03,2,59,0.5,0.86603,0.84945,0.52767,1.18,10.0,3.53
2026-02-28T03:00:00Z,BRT,1.18,84.0,979.7,13.18,3,59,0.70711,0.70711,0.84945,0.52767,2.19,8.81,4.31
2026-02-28T04:00:00Z,BRT,2.19,85.6,980.3,14.02,4,59,0.86603,0.5,0.84945,0.52767,2.48,8.41,4.47
2026-02-28T05:00:00Z,BRT,2.48,83.0,979.7,11.99,5,59,0.96593,0.25882,0.84945,0.52767,2.68,7.41,3.38
2026-02-28T06:00:00Z,BRT,2.68,78.3,978.8,14.99,6,59,1.0,0.0,0.84945,0.52767,7.03,1.15,5.24
2026-02-28T07:00:00Z,BRT,7.03,87.8,977.7,14.28,7,59,0.96593,-0.25882,0.84945,0.52767,10.0,-0.37,4.15
2026-02-28T08:00:00Z,BRT,10.0,85.1,972.0,17.26,8,59,0.86603,-0.5,0.84945,0.52767,8.81,-1.79,3.07
2026-02-28T09:00:00Z,BRT,8.81,99.0,972.6,16.86,9,59,0.70711,-0.70711,0.84945,0.52767,8.41,-0.6,3.27
2026-02-28T10:00:00Z,BRT,8.41,92.7,973.7,16.03,10,59,0.5,-0.86603,0.84945,0.52767,7.41,-0.94,2.45
2026-02-28T11:00:00Z,BRT,7.41,87.9,975.9,15.68,11,59,0.25882,-0.96593,0.84945,0.52767,1.15,-0.74,0.49
2026-02-28T12:00:00Z,BRT,1.15,89.7,978.9,15.44,12,59,0.0,-1.0,0.84945,0.52767,-0.37,-1.15,0.96
2026-02-28T13:00:00Z,BRT,-0.37,84.4,978.2,16.1,13,59,-0.25882,-0.96593,0.84945,0.52767,-1.79,-0.11,1.11
2026-02-28T14:00:00Z,BRT,-1.79,94.2,979.6,13.97,14,59,-0.5,-0.86603,0.84945,0.52767,-0.6,-1.96,-0.11
2026-02-28T15:00:00Z,BRT,-0.6,87.3,980.5,18.4,15,59,-0.70711,-0.70711,0.84945,0.52767,-0.94,-1.36,-0.43
2026-02-28T16:00:00Z,BRT,-0.94,90.0,979.9,17.84,16,59,-0.86603,-0.5,0.84945,0.52767,-0.74,-0.15,-1.36
2026-02-28T17:00:00Z,BRT,-0.74,84.4,983.4,16.5,17,59,-0.96593,-0.25882,0.84945,0.52767,-1.15,1.52,-1.41
2026-02-28T18:00:00Z,BRT,-1.15,80.8,983.3,15.71,18,59,-1.0,-0.0,0.84945,0.52767,-0.11,1.53,-2.11
2026-02-28T19:00:00Z,BRT,-0.11,82.3,984.7,19.02,19,59,-0.96593,0.25882,0.84945,0.52767,-1.96,1.89,3.79
2026-02-28T20:00:00Z,BRT,-1.96,87.3,984.8,15.35,20,59,-0.86603,0.5,0.84945,0.52767,-1.36,3.53,3.03
2026-02-28T21:00:00Z,BRT,-1.36,82.7,986.8,14.74,21,59,-0.70711,0.70711,0.84945,0.52767,-0.15,4.31,1.23
2026-02-28T22:00:00Z,BRT,-0.15,82.3,987.1,13.43,22,59,-0.5,0.86603,0.84945,0.52767,1.52,4.47,2.14
2026-02-28T23:00:00Z,BRT,1.52,74.1,988.6,15.4,23,59,-0.25882,0.96593,0.84945,0.52767,1.53,3.38,2.71
2026-03-01T00:00:00Z,BRT,1.53,75.8,990.4,8.36,0,60,0.0,1.0,0.8584,0.51298,1.89,5.24,3.9
2026-03-01T01:00:00Z,BRT,1.89,78.9,988.6,13.83,1,60,0.25882,0.96593,0.8584,0.51298,3.53,4.15,2.9
2026-03-01T02:00:00Z,BRT,3.53,73.3,990.0,11.65,2,60,0.5,0.86603,0.8584,0.51298,4.31,3.07,2.44
2026-03-01T03:00:00Z,BRT,4.31,74.6,991.7,10.11,3,60,0.70711,0.70711,0.8584,0.51298,4.47,3.27,4.43
2026-03-01T04:00:00Z,BRT,4.47,79.6,991.4,13.78,4,60,0.86603,0.5,0.8584,0.51298,3.38,2.45,5.72
2026-03-01T05:00:00Z,BRT,3.38,82.1,992.0,10.71,5,60,0.96593,0.25882,0.8584,0.51298,5.24,0.49,7.31
2026-03-01T06:00:00Z,BRT,5.24,82.5,992.3,16.94,6,60,1.0,0.0,0.8584,0.51298,4.15,0.96,7.72
2026-03-01T07:00:00Z,BRT,4.15,75.9,993.7,11.98,7,60,0.96593,-0.25882,0.8584,0.51298,3.07,1.11,10.0
2026-03-01T08:00:00Z,BRT,3.07,76.2,994.1,9.99,8,60,0.86603,-0.5,0.8584,0.51298,3.27,-0.11,7.78
2026-03-01T09:00:00Z,BRT,3.27,76.8,994.1,10.32,9,60,0.70711,-0.70711,0.8584,0.51298,2.45,-0.43,9.04
2026-03-01T10:00:00Z,BRT,2.45,77.8,992.0,10.82,10,60,0.5,-0.86603,0.8584,0.51298,0.49,-1.36,7.85
2026-03-01T11:00:00Z,BRT,0.49,77.5,992.2,12.35,11,60,0.25882,-0.96593,0.8584,0.51298,0.96,-1.41,7.54
2026-03-01T12:00:00Z,BRT,0.96,69.8,991.9,11.45,12,60,0.0,-1.0,0.8584,0.51298,1.11,-2.11,7.71
2026-03-01T13:00:00Z,BRT,1.11,73.3,992.4,10.12,13,60,-0.25882,-0.96593,0.8584,0.51298,-0.11,3.79,7.14
2026-03-01T14:00:00Z,BRT,-0.11,79.5,993.8,7.13,14,60,-0.5,-0.86603,0.8584,0.51298,-0.43,3.03,7.01
2026-03-01T15:00:00Z,BRT,-0.43,77.8,996.7,14.67,15,60,-0.70711,-0.70711,0.8584,0.51298,-1.36,1.23,6.92
2026-03-01T16:00:00Z,BRT,-1.36,76.0,998.2,12.8,16,60,-0.86603,-0.5,0.8584,0.51298,-1.41,2.14,6.99
2026-03-01T17:00:00Z,BRT,-1.41,76.1,997.8,11.16,17,60,-0.96593,-0.25882,0.8584,0.51298,-2.11,2.71,9.45
2026-03-01T18:00:00Z,BRT,-2.11,72.0,999.5,13.0,18,60,-1.0,-0.0,0.8584,0.51298,3.79,3.9,6.18
2026-03-01T19:00:00Z,BRT,3.79,68.6,999.2,32.61,19,60,-0.96593,0.25882,0.8584,0.51298,3.03,2.9,5.11
2026-03-01T20:00:00Z,BRT,3.03,83.2,998.5,30.62,20,60,-0.86603,0.5,0.8584,0.51298,1.23,2.44,4.61
2026-03-01T21:00:00Z,BRT,1.23,81.6,997.5,26.01,21,60,-0.70711,0.70711,0.8584,0.51298,2.14,4.43,4.44
2026-03-01T22:00:00Z,BRT,2.14,74.1,995.3,27.73,22,60,-0.5,0.86603,0.8584,0.51298,2.71,5.72,4.44
2026-03-01T23:00:00Z,BRT,2.71,74.7,994.1,31.38,23,60,-0.25882,0.96593,0.8584,0.51298,3.9,7.31,4.44
2026-03-02T00:00:00Z,BRT,3.9,84.1,992.1,29.56,0,61,0.0,1.0,0.8671,0.49814,2.9,7.72,5.65
2026-03-02T01:00:00Z,BRT,2.9,80.7,994.4,27.32,1,61,0.25882,0.96593,0.8671,0.49814,2.44,10.0,5.43
2026-03-02T02:00:00Z,BRT,2.44,79.9,991.1,26.33,2,61,0.5,0.86603,0.8671,0.49814,4.43,7.78,6.12
2026-03-02T03:00:00Z,BRT,4.43,77.9,991.1,28.6,3,61,0.70711,0.70711,0.8671,0.49814,5.72,9.04,5.94
2026-03-02T04:00:00Z,BRT,5.72,78.8,990.8,26.99,4,61,0.86603,0.5,0.8671,0.49814,7.31,7.85,6.68
2026-03-02T05:00:00Z,BRT,7.31,81.4,996.2,29.52,5,61,0.96593,0.25882,0.8671,0.49814,7.72,7.54,5.64
2026-03-02T06:00:00Z,BRT,7.72,68.8,997.2,26.93,6,61,1.0,0.0,0.8671,0.49814,10.0,7.71,6.08
2026-03-02T07:00:00Z,BRT,10.0,75.7,996.8,32.71,7,61,0.96593,-0.25882,0.8671,0.49814,7.78,7.14,6.33
2026-03-02T08:00:00Z,BRT,7.78,71.5,992.9,25.74,8,61,0.86603,-0.5,0.8671,0.49814,9.04,7.01,6.65
2026-03-02T09:00:00Z,BRT,9.04,76.4,990.8,30.97,9,61,0.70711,-0.70711,0.8671,0.49814,7.85,6.92,5.25
2026-03-02T10:00:00Z,BRT,7.85,80.6,989.8,27.17,10,61,0.5,-0.86603,0.8671,0.49814,7.54,6.99,4.73
2026-03-02T11:00:00Z,BRT,7.54,79.3,987.6,30.97,11,61,0.25882,-0.96593,0.8671,0.49814,7.71,9.45,4.94
2026-03-02T12:00:00Z,BRT,7.71,85.0,988.8,33.05,12,61,0.0,-1.0,0.8671,0.49814,7.14,6.18,3.41
2026-03-02T13:00:00Z,BRT,7.14,85.9,985.5,29.48,13,61,-0.25882,-0.96593,0.8671,0.49814,7.01,5.11,2.31
2026-03-02T14:00:00Z,BRT,7.01,91.2,988.5,31.59,14,61,-0.5,-0.86603,0.8671,0.49814,6.92,4.61,2.54
2026-03-02T15:00:00Z,BRT,6.92,77.0,986.9,31.34,15,61,-0.70711,-0.70711,0.8671,0.49814,6.99,4.44,2.85
2026-03-02T16:00:00Z,BRT,6.99,83.5,989.2,29.51,16,61,-0.86603,-0.5,0.8671,0.49814,9.45,4.44,3.66
2026-03-02T17:00:00Z,BRT,9.45,82.5,987.1,33.09,17,61,-0.96593,-0.25882,0.8671,0.49814,6.18,4.44,3.48
2026-03-02T18:00:00Z,BRT,6.18,89.4,989.2,18.53,18,61,-1.0,-0.0,0.8671,0.49814,5.11,5.65,2.42
2026-03-02T19:00:00Z,BRT,5.11,75.7,989.2,12.22,19,61,-0.96593,0.25882,0.8671,0.49814,4.61,5.43,0.57
2026-03-02T20:00:00Z,BRT,4.61,80.8,988.5,14.61,20,61,-0.86603,0.5,0.8671,0.49814,4.44,6.12,0.33
2026-03-02T21:00:00Z,BRT,4.44,77.7,991.3,12.34,21,61,-0.70711,0.70711,0.8671,0.49814,4.44,5.94,-0.47
2026-03-02T22:00:00Z,BRT,4.44,77.5,989.9,15.29,22,61,-0.5,0.86603,0.8671,0.49814,4.44,6.68,-0.57
2026-03-02T23:00:00Z,BRT,4.44,85.2,989.8,13.53,23,61,-0.25882,0.96593,0.8671,0.49814,5.65,5.64,-0.26
2026-03-03T00:00:00Z,BRT,5.65,79.5,987.2,11.81,0,62,0.0,1.0,0.87554,0.48315,5.43,6.08,-0.15
2026-03-03T01:00:00Z,BRT,5.43,86.9,987.7,11.5,1,62,0.25882,0.96593,0.87554,0.48315,6.12,6.33,0.59
2026-03-03T02:00:00Z,BRT,6.12,88.2,987.3,13.02,2,62,0.5,0.86603,0.87554,0.48315,5.94,6.65,1.16
2026-03-03T03:00:00Z,BRT,5.94,68.1,994.6,13.28,3,62,0.70711,0.70711,0.87554,0.48315,6.68,5.25,2.63
2026-03-03T04:00:00Z,BRT,6.68,70.0,994.2,13.21,4,62,0.86603,0.5,0.87554,0.48315,5.64,4.73,3.83
2026-03-03T05:00:00Z,BRT,5.64,71.4,996.2,9.65,5,62,0.96593,0.25882,0.87554,0.48315,6.08,4.94,5.14
2026-03-03T06:00:00Z,BRT,6.08,72.8,997.3,10.33,6,62,1.0,0.0,0.87554,0.48315,6.33,3.41,5.37
2026-03-03T07:00:00Z,BRT,6.33,67.7,998.8,9.41,7,62,0.96593,-0.25882,0.87554,0.48315,6.65,2.31,4.86
2026-03-03T08:00:00Z,BRT,6.65,72.8,999.6,8.73,8,62,0.86603,-0.5,0.87554,0.48315,5.25,2.54,5.36
2026-03-03T09:00:00Z,BRT,5.25,61.9,999.0,4.25,9,62,0.70711,-0.70711,0.87554,0.48315,4.73,2.85,4.56
2026-03-03T10:00:00Z,BRT,4.73,70.0,999.8,7.34,10,62,0.5,-0.86603,0.87554,0.48315,4.94,3.66,4.23
2026-03-03T11:00:00Z,BRT,4.94,68.5,1001.2,8.41,11,62,0.25882,-0.96593,0.87554,0.48315,3.41,3.48,4.36
2026-03-03T12:00:00Z,BRT,3.41,65.0,1000.5,9.11,12,62,0.0,-1.0,0.87554,0.48315,2.31,2.42,4.4
2026-03-03T13:00:00Z,BRT,2.31,66.0,998.5,12.11,13,62,-0.25882,-0.96593,0.87554,0.48315,2.54,0.57,4.84
2026-03-03T14:00:00Z,BRT,2.54,71.9,996.1,8.96,14,62,-0.5,-0.86603,0.87554,0.48315,2.85,0.33,2.69
2026-03-03T15:00:00Z,BRT,2.85,77.3,997.9,13.07,15,62,-0.70711,-0.70711,0.87554,0.48315,3.66,-0.47,2.76
2026-03-03T16:00:00Z,BRT,3.66,80.8,994.9,13.39,16,62,-0.86603,-0.5,0.87554,0.48315,3.48,-0.57,3.09
2026-03-03T17:00:00Z,BRT,3.48,72.3,997.0,15.25,17,62,-0.96593,-0.25882,0.87554,0.48315,2.42,-0.26,3.46
2026-03-03T18:00:00Z,BRT,2.42,74.4,996.6,13.67,18,62,-1.0,-0.0,0.87554,0.48315,0.57,-0.15,2.95
2026-03-03T19:00:00Z,BRT,0.57,79.6,997.9,15.78,19,62,-0.96593,0.25882,0.87554,0.48315,0.33,0.59,1.25
2026-03-03T20:00:00Z,BRT,0.33,76.1,998.6,10.9,20,62,-0.86603,0.5,0.87554,0.48315,-0.47,1.16,1.13
2026-03-03T21:00:00Z,BRT,-0.47,62.9,999.3,12.25,21,62,-0.70711,0.70711,0.87554,0.48315,-0.57,2.63,2.11
2026-03-03T22:00:00Z,BRT,-0.57,66.9,999.5,10.51,22,62,-0.5,0.86603,0.87554,0.48315,-0.26,3.83,1.07
2026-03-03T23:00:00Z,BRT,-0.26,67.6,1000.9,7.15,23,62,-0.25882,0.96593,0.87554,0.48315,-0.15,5.14,0.43
2026-03-04T00:00:00Z,BRT,-0.15,68.5,1001.7,7.87,0,63,0.0,1.0,0.88372,0.46802,0.59,5.37,-0.01
2026-03-04T01:00:00Z,BRT,0.59,65.0,1005.3,5.95,1,63,0.25882,0.96593,0.88372,0.46802,1.16,4.86,1.33
2026-03-04T02:00:00Z,BRT,1.16,64.9,1008.6,5.1,2,63,0.5,0.86603,0.88372,0.46802,2.63,5.36,2.38
2026-03-04T03:00:00Z,BRT,2.63,53.7,1010.1,3.06,3,63,0.70711,0.70711,0.88372,0.46802,3.83,4.56,3.68
2026-03-04T04:00:00Z,BRT,3.83,63.1,1008.5,4.6,4,63,0.86603,0.5,0.88372,0.46802,5.14,4.23,4.71
2026-03-04T05:00:00Z,BRT,5.14,70.9,1006.6,8.56,5,63,0.96593,0.25882,0.88372,0.46802,5.37,4.36,3.87
2026-03-04T06:00:00Z,BRT,5.37,55.5,1008.0,8.24,6,63,1.0,0.0,0.88372,0.46802,4.86,4.4,4.57
2026-03-04T07:00:00Z,BRT,4.86,64.8,1004.7,6.19,7,63,0.96593,-0.25882,0.88372,0.46802,5.36,4.84,3.82
2026-03-04T08:00:00Z,BRT,5.36,73.5,1006.2,9.12,8,63,0.86603,-0.5,0.88372,0.46802,4.56,2.69,3.87
2026-03-04T09:00:00Z,BRT,4.56,72.3,1004.4,14.44,9,63,0.70711,-0.70711,0.88372,0.46802,4.23,2.76,3.62
2026-03-04T10:00:00Z,BRT,4.23,70.2,1002.6,10.35,10,63,0.5,-0.86603,0.88372,0.46802,4.36,3.09,2.01
2026-03-04T11:00:00Z,BRT,4.36,60.7,1002.6,6.8,11,63,0.25882,-0.96593,0.88372,0.46802,4.4,3.46,2.05
2026-03-04T12:00:00Z,BRT,4.4,70.6,1002.1,10.54,12,63,0.0,-1.0,0.88372,0.46802,4.84,2.95,1.72
2026-03-04T13:00:00Z,BRT,4.84,60.9,1001.9,8.81,13,63,-0.25882,-0.96593,0.88372,0.46802,2.69,1.25,1.72
2026-03-04T14:00:00Z,BRT,2.69,67.0,999.7,6.48,14,63,-0.5,-0.86603,0.88372,0.46802,2.76,1.13,2.08
2026-03-04T15:00:00Z,BRT,2.76,75.4,997.6,11.88,15,63,-0.70711,-0.70711,0.88372,0.46802,3.09,2.11,1.46
2026-03-04T16:00:00Z,BRT,3.09,80.8,996.1,15.29,16,63,-0.86603,-0.5,0.88372,0.46802,3.46,1.07,3.09
2026-03-04T17:00:00Z,BRT,3.46,72.2,997.2,13.78,17,63,-0.96593,-0.25882,0.88372,0.46802,2.95,0.43,2.5
2026-03-04T18:00:00Z,BRT,2.95,72.6,996.3,12.22,18,63,-1.0,-0.0,0.88372,0.46802,1.25,-0.01,1.94
2026-03-04T19:00:00Z,BRT,1.25,71.2,994.5,11.41,19,63,-0.96593,0.25882,0.88372,0.46802,1.13,1.33,1.0
2026-03-04T20:00:00Z,BRT,1.13,66.8,997.4,12.22,20,63,-0.86603,0.5,0.88372,0.46802,2.11,2.38,2.12
2026-03-04T21:00:00Z,BRT,2.11,70.3,995.7,15.59,21,63,-0.70711,0.70711,0.88372,0.46802,1.07,3.68,2.83
2026-03-04T22:00:00Z,BRT,1.07,71.8,996.1,13.29,22,63,-0.5,0.86603,0.88372,0.46802,0.43,4.71,1.75
2026-03-04T23:00:00Z,BRT,0.43,71.7,995.0,12.69,23,63,-0.25882,0.96593,0.88372,0.46802,-0.01,3.87,2.15
2026-03-05T00:00:00Z,BRT,-0.01,76.3,994.7,11.4,0,64,0.0,1.0,0.89164,0.45274,1.33,4.57,3.03
2026-03-05T01:00:00Z,BRT,1.33,70.9,994.7,10.75,1,64,0.25882,0.96593,0.89164,0.45274,2.38,3.82,2.71
2026-03-05T02:00:00Z,BRT,2.38,72.2,994.4,12.06,2,64,0.5,0.86603,0.89164,0.45274,3.68,3.87,3.11
2026-03-05T03:00:00Z,BRT,3.68,71.9,992.6,12.29,3,64,0.70711,0.70711,0.89164,0.45274,4.71,3.62,4.08
2026-03-05T04:00:00Z,BRT,4.71,91.3,993.0,12.35,4,64,0.86603,0.5,0.89164,0.45274,3.87,2.01,3.0
2026-03-05T05:00:00Z,BRT,3.87,71.0,995.4,8.99,5,64,0.96593,0.25882,0.89164,0.45274,4.57,2.05,7.95
2026-03-05T06:00:00Z,BRT,4.57,75.4,993.4,11.15,6,64,1.0,0.0,0.89164,0.45274,3.82,1.72,3.93
2026-03-05T07:00:00Z,BRT,3.82,71.6,992.3,12.53,7,64,0.96593,-0.25882,0.89164,0.45274,3.87,1.72,2.95
2026-03-05T08:00:00Z,BRT,3.87,73.7,990.6,11.49,8,64,0.86603,-0.5,0.89164,0.45274,3.62,2.08,3.8
2026-03-05T09:00:00Z,BRT,3.62,78.6,988.2,14.58,9,64,0.70711,-0.70711,0.89164,0.45274,2.01,1.46,3.25
2026-03-05T10:00:00Z,BRT,2.01,83.0,985.9,13.44,10,64,0.5,-0.86603,0.89164,0.45274,2.05,3.09,3.0
2026-03-05T11:00:00Z,BRT,2.05,73.3,987.2,8.77,11,64,0.25882,-0.96593,0.89164,0.45274,1.72,2.5,3.56
2026-03-05T12:00:00Z,BRT,1.72,80.5,986.8,11.37,12,64,0.0,-1.0,0.89164,0.45274,1.72,1.94,4.52
2026-03-05T13:00:00Z,BRT,1.72,73.3,986.0,10.26,13,64,-0.25882,-0.96593,0.89164,0.45274,2.08,1.0,3.62
2026-03-05T14:00:00Z,BRT,2.08,76.2,987.5,13.27,14,64,-0.5,-0.86603,0.89164,0.45274,1.46,2.12,1.63
2026-03-05T15:00:00Z,BRT,1.46,83.8,986.0,14.1,15,64,-0.70711,-0.70711,0.89164,0.45274,3.09,2.83,1.02
2026-03-05T16:00:00Z,BRT,3.09,77.3,984.8,20.18,16,64,-0.86603,-0.5,0.89164,0.45274,2.5,1.75,1.35
2026-03-05T17:00:00Z,BRT,2.5,98.5,982.7,18.87,17,64,-0.96593,-0.25882,0.89164,0.45274,1.94,2.15,8.01
2026-03-05T18:00:00Z,BRT,1.94,82.4,982.5,17.62,18,64,-1.0,-0.0,0.89164,0.45274,1.0,3.03,3.38
2026-03-05T19:00:00Z,BRT,1.0,92.1,984.3,16.24,19,64,-0.96593,0.25882,0.89164,0.45274,2.12,2.71,4.33
2026-03-05T20:00:00Z,BRT,2.12,91.9,983.9,13.53,20,64,-0.86603,0.5,0.89164,0.45274,2.83,3.11,2.83
2026-03-05T21:00:00Z,BRT,2.83,91.5,983.1,18.38,21,64,-0.70711,0.70711,0.89164,0.45274,1.75,4.08,3.63
2026-03-05T22:00:00Z,BRT,1.75,86.1,984.4,14.97,22,64,-0.5,0.86603,0.89164,0.45274,2.15,3.0,3.94
2026-03-05T23:00:00Z,BRT,2.15,87.4,982.0,15.38,23,64,-0.25882,0.96593,0.89164,0.45274,3.03,7.95,2.79
2026-03-06T00:00:00Z,BRT,3.03,86.1,979.9,13.47,0,65,0.0,1.0,0.8993,0.43734,2.71,3.93,2.42
2026-03-06T01:00:00Z,BRT,2.71,84.0,979.8,17.08,1,65,0.25882,0.96593,0.8993,0.43734,3.11,2.95,1.98
2026-03-06T02:00:00Z,BRT,3.11,87.9,980.0,13.31,2,65,0.5,0.86603,0.8993,0.43734,4.08,3.8,3.44
2026-03-06T03:00:00Z,BRT,4.08,86.7,979.7,15.98,3,65,0.70711,0.70711,0.8993,0.43734,3.0,3.25,3.24
2026-03-06T04:00:00Z,BRT,3.0,80.8,980.1,12.16,4,65,0.86603,0.5,0.8993,0.43734,7.95,3.0,3.83
2026-03-06T05:00:00Z,BRT,7.95,91.4,977.6,13.32,5,65,0.96593,0.25882,0.8993,0.43734,3.93,3.56,5.02
2026-03-06T06:00:00Z,BRT,3.93,95.4,980.9,13.96,6,65,1.0,0.0,0.8993,0.43734,2.95,4.52,4.31
2026-03-06T07:00:00Z,BRT,2.95,87.0,981.8,13.28,7,65,0.96593,-0.25882,0.8993,0.43734,3.8,3.62,3.4
2026-03-06T08:00:00Z,BRT,3.8,83.6,983.1,10.95,8,65,0.86603,-0.5,0.8993,0.43734,3.25,1.63,4.05
2026-03-06T09:00:00Z,BRT,3.25,79.7,984.4,12.16,9,65,0.70711,-0.70711,0.8993,0.43734,3.0,1.02,3.19
2026-03-06T10:00:00Z,BRT,3.0,78.3,983.7,11.89,10,65,0.5,-0.86603,0.8993,0.43734,3.56,1.35,3.67
2026-03-06T11:00:00Z,BRT,3.56,77.4,980.6,16.1,11,65,0.25882,-0.96593,0.8993,0.43734,4.52,8.01,3.76
2026-03-06T12:00:00Z,BRT,4.52,77.3,983.8,11.16,12,65,0.0,-1.0,0.8993,0.43734,3.62,3.38,3.38
2026-03-06T13:00:00Z,BRT,3.62,82.0,984.6,13.05,13,65,-0.25882,-0.96593,0.8993,0.43734,1.63,4.33,2.55
2026-03-06T14:00:00Z,BRT,1.63,86.8,982.2,12.77,14,65,-0.5,-0.86603,0.8993,0.43734,1.02,2.83,2.0
2026-03-06T15:00:00Z,BRT,1.02,95.9,981.1,16.07,15,65,-0.70711,-0.70711,0.8993,0.43734,1.35,3.63,1.65
2026-03-06T16:00:00Z,BRT,1.35,93.7,980.3,14.64,16,65,-0.86603,-0.5,0.8993,0.43734,8.01,3.94,1.24
2026-03-06T17:00:00Z,BRT,8.01,88.9,978.0,17.34,17,65,-0.96593,-0.25882,0.8993,0.43734,3.38,2.79,1.31
2026-03-06T18:00:00Z,BRT,3.38,88.3,980.9,16.28,18,65,-1.0,-0.0,0.8993,0.43734,4.33,2.42,1.98
2026-03-06T19:00:00Z,BRT,4.33,88.1,985.8,15.79,19,65,-0.96593,0.25882,0.8993,0.43734,2.83,1.98,2.58
2026-03-06T20:00:00Z,BRT,2.83,83.2,986.3,13.3,20,65,-0.86603,0.5,0.8993,0.43734,3.63,3.44,3.14
2026-03-06T21:00:00Z,BRT,3.63,81.9,988.6,15.32,21,65,-0.70711,0.70711,0.8993,0.43734,3.94,3.24,2.86
2026-03-06T22:00:00Z,BRT,3.94,82.9,986.8,13.97,22,65,-0.5,0.86603,0.8993,0.43734,2.79,3.83,2.69
2026-03-06T23:00:00Z,BRT,2.79,82.7,985.7,12.22,23,65,-0.25882,0.96593,0.8993,0.43734,2.42,5.02,1.33
2026-03-07T00:00:00Z,BRT,2.42,79.9,987.4,13.95,0,66,0.0,1.0,0.90669,0.42181,1.98,4.31,-0.15
2026-03-07T01:00:00Z,BRT,1.98,66.7,990.3,14.31,1,66,0.25882,0.96593,0.90669,0.42181,3.44,3.4,0.24
2026-03-07T02:00:00Z,BRT,3.44,79.1,988.8,10.33,2,66,0.5,0.86603,0.90669,0.42181,3.24,4.05,-0.64
2026-03-07T03:00:00Z,BRT,3.24,77.8,990.7,11.97,3,66,0.70711,0.70711,0.90669,0.42181,3.83,3.19,0.26
2026-03-07T04:00:00Z,BRT,3.83,78.6,989.3,9.71,4,66,0.86603,0.5,0.90669,0.42181,5.02,3.67,0.72
2026-03-07T05:00:00Z,BRT,5.02,82.2,989.9,11.86,5,66,0.96593,0.25882,0.90669,0.42181,4.31,3.76,1.38
2026-03-07T06:00:00Z,BRT,4.31,70.8,990.1,11.24,6,66,1.0,0.0,0.90669,0.42181,3.4,3.38,2.53
2026-03-07T07:00:00Z,BRT,3.4,81.5,989.6,11.76,7,66,0.96593,-0.25882,0.90669,0.42181,4.05,2.55,1.76
2026-03-07T08:00:00Z,BRT,4.05,79.0,994.1,6.68,8,66,0.86603,-0.5,0.90669,0.42181,3.19,2.0,2.03
2026-03-07T09:00:00Z,BRT,3.19,84.3,991.0,8.34,9,66,0.70711,-0.70711,0.90669,0.42181,3.67,1.65,3.77
2026-03-07T10:00:00Z,BRT,3.67,69.5,990.8,10.95,10,66,0.5,-0.86603,0.90669,0.42181,3.76,1.24,4.27
2026-03-07T11:00:00Z,BRT,3.76,81.7,990.9,12.08,11,66,0.25882,-0.96593,0.90669,0.42181,3.38,1.31,2.95
2026-03-07T12:00:00Z,BRT,3.38,75.1,995.3,12.43,12,66,0.0,-1.0,0.90669,0.42181,2.55,1.98,3.42
2026-03-07T13:00:00Z,BRT,2.55,71.7,995.7,10.07,13,66,-0.25882,-0.96593,0.90669,0.42181,2.0,2.58,2.84
2026-03-07T14:00:00Z,BRT,2.0,68.6,998.2,9.46,14,66,-0.5,-0.86603,0.90669,0.42181,1.65,3.14,2.55
2026-03-07T15:00:00Z,BRT,1.65,74.9,999.6,11.33,15,66,-0.70711,-0.70711,0.90669,0.42181,1.24,2.86,1.78
2026-03-07T16:00:00Z,BRT,1.24,71.1,998.4,13.99,16,66,-0.86603,-0.5,0.90669,0.42181,1.31,2.69,2.02
2026-03-07T17:00:00Z,BRT,1.31,75.2,1000.2,13.23,17,66,-0.96593,-0.25882,0.90669,0.42181,1.98,1.33,2.39
2026-03-07T18:00:00Z,BRT,1.98,66.4,1000.2,9.95,18,66,-1.0,-0.0,0.90669,0.42181,2.58,-0.15,2.98
2026-03-07T19:00:00Z,BRT,2.58,71.6,999.1,15.84,19,66,-0.96593,0.25882,0.90669,0.42181,3.14,0.24,2.78
2026-03-07T20:00:00Z,BRT,3.14,58.7,1000.5,13.08,20,66,-0.86603,0.5,0.90669,0.42181,2.86,-0.64,1.82
2026-03-07T21:00:00Z,BRT,2.86,73.6,999.6,11.16,21,66,-0.70711,0.70711,0.90669,0.42181,2.69,0.26,1.58
2026-03-07T22:00:00Z,BRT,2.69,65.9,998.6,14.57,22,66,-0.5,0.86603,0.90669,0.42181,1.33,0.72,0.84
2026-03-07T23:00:00Z,BRT,1.33,71.9,997.6,11.92,23,66,-0.25882,0.96593,0.90669,0.42181,-0.15,1.38,1.45
2026-03-08T00:00:00Z,BRT,-0.15,63.7,997.8,10.91,0,67,0.0,1.0,0.91381,0.40615,0.24,2.53,1.01
2026-03-08T01:00:00Z,BRT,0.24,73.8,994.7,8.39,1,67,0.25882,0.96593,0.91381,0.40615,-0.64,1.76,2.25
2026-03-08T02:00:00Z,BRT,-0.64,74.6,996.1,6.24,2,67,0.5,0.86603,0.91381,0.40615,0.26,2.03,2.49
2026-03-08T03:00:00Z,BRT,0.26,79.1,995.2,11.72,3,67,0.70711,0.70711,0.91381,0.40615,0.72,3.77,2.63
2026-03-08T04:00:00Z,BRT,0.72,83.0,993.4,10.28,4,67,0.86603,0.5,0.91381,0.40615,1.38,4.27,3.17
2026-03-08T05:00:00Z,BRT,1.38,81.1,996.1,9.48,5,67,0.96593,0.25882,0.91381,0.40615,2.53,2.95,3.38
2026-03-08T06:00:00Z,BRT,2.53,67.8,999.2,8.79,6,67,1.0,0.0,0.91381,0.40615,1.76,3.42,3.27
2026-03-08T07:00:00Z,BRT,1.76,68.6,999.6,12.35,7,67,0.96593,-0.25882,0.91381,0.40615,2.03,2.84,2.72
2026-03-08T08:00:00Z,BRT,2.03,67.5,998.6,7.93,8,67,0.86603,-0.5,0.91381,0.40615,3.77,2.55,2.56
2026-03-08T09:00:00Z,BRT,3.77,66.7,995.2,10.78,9,67,0.70711,-0.70711,0.91381,0.40615,4.27,1.78,2.48
2026-03-08T10:00:00Z,BRT,4.27,71.7,995.1,7.23,10,67,0.5,-0.86603,0.91381,0.40615,2.95,2.02,2.64
2026-03-08T11:00:00Z,BRT,2.95,78.5,993.2,12.3,11,67,0.25882,-0.96593,0.91381,0.40615,3.42,2.39,2.55
2026-03-08T12:00:00Z,BRT,3.42,80.8,994.2,10.06,12,67,0.0,-1.0,0.91381,0.40615,2.84,2.98,2.39
2026-03-08T13:00:00Z,BRT,2.84,69.0,992.3,11.61,13,67,-0.25882,-0.96593,0.91381,0.40615,2.55,2.78,3.46
2026-03-08T14:00:00Z,BRT,2.55,70.1,995.1,12.82,14,67,-0.5,-0.86603,0.91381,0.40615,1.78,1.82,4.34
2026-03-08T15:00:00Z,BRT,1.78,68.5,997.2,13.74,15,67,-0.70711,-0.70711,0.91381,0.40615,2.02,1.58,4.28
2026-03-08T16:00:00Z,BRT,2.02,75.8,998.2,10.75,16,67,-0.86603,-0.5,0.91381,0.40615,2.39,0.84,4.92
2026-03-08T17:00:00Z,BRT,2.39,68.9,999.6,9.26,17,67,-0.96593,-0.25882,0.91381,0.40615,2.98,1.45,4.32
2026-03-08T18:00:00Z,BRT,2.98,67.5,999.8,8.55,18,67,-1.0,-0.0,0.91381,0.40615,2.78,1.01,2.8
2026-03-08T19:00:00Z,BRT,2.78,68.5,999.3,14.94,19,67,-0.96593,0.25882,0.91381,0.40615,1.82,2.25,2.62
2026-03-08T20:00:00Z,BRT,1.82,65.3,998.1,13.88,20,67,-0.86603,0.5,0.91381,0.40615,1.58,2.49,2.09
2026-03-08T21:00:00Z,BRT,1.58,63.8,1000.6,11.46,21,67,-0.70711,0.70711,0.91381,0.40615,0.84,2.63,2.08
2026-03-08T22:00:00Z,BRT,0.84,69.4,1002.2,10.55,22,67,-0.5,0.86603,0.91381,0.40615,1.45,3.17,2.23
2026-03-08T23:00:00Z,BRT,1.45,65.0,1004.4,6.05,23,67,-0.25882,0.96593,0.91381,0.40615,1.01,3.38,1.91
2026-03-09T00:00:00Z,BRT,1.01,61.3,1004.4,7.29,0,68,0.0,1.0,0.92066,0.39037,2.25,3.27,1.61
2026-03-09T01:00:00Z,BRT,2.25,72.8,1005.3,6.92,1,68,0.25882,0.96593,0.92066,0.39037,2.49,2.72,3.43
2026-03-09T02:00:00Z,BRT,2.49,67.5,1005.5,4.45,2,68,0.5,0.86603,0.92066,0.39037,2.63,2.56,4.14
2026-03-09T03:00:00Z,BRT,2.63,67.3,1006.2,8.47,3,68,0.70711,0.70711,0.92066,0.39037,3.17,2.48,5.09
2026-03-09T04:00:00Z,BRT,3.17,59.3,1004.0,10.88,4,68,0.86603,0.5,0.92066,0.39037,3.38,2.64,6.03
2026-03-09T05:00:00Z,BRT,3.38,72.3,1003.3,10.07,5,68,0.96593,0.25882,0.92066,0.39037,3.27,2.55,5.62
2026-03-09T06:00:00Z,BRT,3.27,71.1,1004.4,10.35,6,68,1.0,0.0,0.92066,0.39037,2.72,2.39,5.3
2026-03-09T07:00:00Z,BRT,2.72,70.0,1003.4,9.2,7,68,0.96593,-0.25882,0.92066,0.39037,2.56,3.46,5.53
2026-03-09T08:00:00Z,BRT,2.56,69.2,1001.7,8.94,8,68,0.86603,-0.5,0.92066,0.39037,2.48,4.34,4.55
2026-03-09T09:00:00Z,BRT,2.48,73.5,1003.5,9.64,9,68,0.70711,-0.70711,0.92066,0.39037,2.64,4.28,4.61
2026-03-09T10:00:00Z,BRT,2.64,71.1,1003.5,5.43,10,68,0.5,-0.86603,0.92066,0.39037,2.55,4.92,4.4
2026-03-09T11:00:00Z,BRT,2.55,64.1,1005.4,7.45,11,68,0.25882,-0.96593,0.92066,0.39037,2.39,4.32,3.56
2026-03-09T12:00:00Z,BRT,2.39,71.0,1007.8,4.51,12,68,0.0,-1.0,0.92066,0.39037,3.46,2.8,3.49
2026-03-09T13:00:00Z,BRT,3.46,54.5,1007.3,8.3,13,68,-0.25882,-0.96593,0.92066,0.39037,4.34,2.62,3.6
2026-03-09T14:00:00Z,BRT,4.34,56.2,1008.1,7.52,14,68,-0.5,-0.86603,0.92066,0.39037,4.28,2.09,4.19
2026-03-09T15:00:00Z,BRT,4.28,69.7,1004.1,11.06,15,68,-0.70711,-0.70711,0.92066,0.39037,4.92,2.08,3.43
2026-03-09T16:00:00Z,BRT,4.92,71.9,1005.1,12.13,16,68,-0.86603,-0.5,0.92066,0.39037,4.32,2.23,2.59
2026-03-09T17:00:00Z,BRT,4.32,63.7,1004.0,12.96,17,68,-0.96593,-0.25882,0.92066,0.39037,2.8,1.91,2.62
2026-03-09T18:00:00Z,BRT,2.8,63.0,1003.9,8.23,18,68,-1.0,-0.0,0.92066,0.39037,2.62,1.61,3.22
2026-03-09T19:00:00Z,BRT,2.62,62.9,1002.9,9.63,19,68,-0.96593,0.25882,0.92066,0.39037,2.09,3.43,3.42
2026-03-09T20:00:00Z,BRT,2.09,76.4,998.6,7.95,20,68,-0.86603,0.5,0.92066,0.39037,2.08,4.14,1.87
2026-03-09T21:00:00Z,BRT,2.08,70.4,996.8,11.42,21,68,-0.70711,0.70711,0.92066,0.39037,2.23,5.09,1.76
2026-03-09T22:00:00Z,BRT,2.23,81.9,992.1,14.99,22,68,-0.5,0.86603,0.92066,0.39037,1.91,6.03,1.5
2026-03-09T23:00:00Z,BRT,1.91,80.3,992.5,10.29,23,68,-0.25882,0.96593,0.92066,0.39037,1.61,5.62,1.12
2026-03-10T00:00:00Z,BRT,1.61,83.5,990.7,12.62,0,69,0.0,1.0,0.92724,0.37447,3.43,5.3,6.73
2026-03-10T01:00:00Z,BRT,3.43,83.2,991.4,11.06,1,69,0.25882,0.96593,0.92724,0.37447,4.14,5.53,1.16
2026-03-10T02:00:00Z,BRT,4.14,78.7,992.0,11.15,2,69,0.5,0.86603,0.92724,0.37447,5.09,4.55,6.58
2026-03-10T03:00:00Z,BRT,5.09,73.6,993.6,9.53,3,69,0.70711,0.70711,0.92724,0.37447,6.03,4.61,5.75
2026-03-10T04:00:00Z,BRT,6.03,73.6,994.9,12.21,4,69,0.86603,0.5,0.92724,0.37447,5.62,4.4,6.61
2026-03-10T05:00:00Z,BRT,5.62,79.8,994.8,9.71,5,69,0.96593,0.25882,0.92724,0.37447,5.3,3.56,8.47
2026-03-10T06:00:00Z,BRT,5.3,84.2,995.9,13.47,6,69,1.0,0.0,0.92724,0.37447,5.53,3.49,8.22
2026-03-10T07:00:00Z,BRT,5.53,66.1,996.8,10.58,7,69,0.96593,-0.25882,0.92724,0.37447,4.55,3.6,4.87
2026-03-10T08:00:00Z,BRT,4.55,78.4,996.4,8.59,8,69,0.86603,-0.5,0.92724,0.37447,4.61,4.19,10.0
2026-03-10T09:00:00Z,BRT,4.61,70.6,993.9,10.6,9,69,0.70711,-0.70711,0.92724,0.37447,4.4,3.43,7.97
2026-03-10T10:00:00Z,BRT,4.4,80.0,995.3,12.46,10,69,0.5,-0.86603,0.92724,0.37447,3.56,2.59,7.75
2026-03-10T11:00:00Z,BRT,3.56,69.6,991.7,8.67,11,69,0.25882,-0.96593,0.92724,0.37447,3.49,2.62,7.25
2026-03-10T12:00:00Z,BRT,3.49,80.7,992.3,11.41,12,69,0.0,-1.0,0.92724,0.37447,3.6,3.22,7.24
2026-03-10T13:00:00Z,BRT,3.6,83.9,988.7,9.52,13,69,-0.25882,-0.96593,0.92724,0.37447,4.19,3.42,7.69
2026-03-10T14:00:00Z,BRT,4.19,85.9,988.3,10.57,14,69,-0.5,-0.86603,0.92724,0.37447,3.43,1.87,8.34
2026-03-10T15:00:00Z,BRT,3.43,81.4,987.6,13.6,15,69,-0.70711,-0.70711,0.92724,0.37447,2.59,1.76,8.04
2026-03-10T16:00:00Z,BRT,2.59,81.1,987.5,15.54,16,69,-0.86603,-0.5,0.92724,0.37447,2.62,1.5,9.2
2026-03-10T17:00:00Z,BRT,2.62,80.0,987.6,16.51,17,69,-0.96593,-0.25882,0.92724,0.37447,3.22,1.12,6.7
2026-03-10T18:00:00Z,BRT,3.22,79.3,985.4,18.24,18,69,-1.0,-0.0,0.92724,0.37447,3.42,6.73,7.83
2026-03-10T19:00:00Z,BRT,3.42,79.1,985.5,19.16,19,69,-0.96593,0.25882,0.92724,0.37447,1.87,1.16,2.5
2026-03-10T20:00:00Z,BRT,1.87,87.7,984.1,16.3,20,69,-0.86603,0.5,0.92724,0.37447,1.76,6.58,2.22
2026-03-10T21:00:00Z,BRT,1.76,84.7,981.9,13.71,21,69,-0.70711,0.70711,0.92724,0.37447,1.5,5.75,3.27
2026-03-10T22:00:00Z,BRT,1.5,82.4,979.9,14.4,22,69,-0.5,0.86603,0.92724,0.37447,1.12,6.61,2.41
2026-03-10T23:00:00Z,BRT,1.12,73.5,978.8,14.57,23,69,-0.25882,0.96593,0.92724,0.37447,6.73,8.47,0.84
2026-03-11T00:00:00Z,BRT,6.73,93.9,977.4,16.65,0,70,0.0,1.0,0.93354,0.35847,1.16,8.22,0.78
2026-03-11T01:00:00Z,BRT,1.16,85.8,978.2,12.76,1,70,0.25882,0.96593,0.93354,0.35847,6.58,4.87,1.21
2026-03-11T02:00:00Z,BRT,6.58,84.6,975.2,15.86,2,70,0.5,0.86603,0.93354,0.35847,5.75,10.0,1.78
2026-03-11T03:00:00Z,BRT,5.75,84.2,977.4,13.81,3,70,0.70711,0.70711,0.93354,0.35847,6.61,7.97,0.69
2026-03-11T04:00:00Z,BRT,6.61,90.2,977.4,15.35,4,70,0.86603,0.5,0.93354,0.35847,8.47,7.75,0.79
2026-03-11T05:00:00Z,BRT,8.47,90.0,976.7,17.22,5,70,0.96593,0.25882,0.93354,0.35847,8.22,7.25,1.04
2026-03-11T06:00:00Z,BRT,8.22,90.7,977.7,15.23,6,70,1.0,0.0,0.93354,0.35847,4.87,7.24,0.3
2026-03-11T07:00:00Z,BRT,4.87,90.5,978.6,14.22,7,70,0.96593,-0.25882,0.93354,0.35847,10.0,7.69,0.27
2026-03-11T08:00:00Z,BRT,10.0,91.7,975.9,13.08,8,70,0.86603,-0.5,0.93354,0.35847,7.97,8.34,0.89
2026-03-11T09:00:00Z,BRT,7.97,93.8,975.8,13.49,9,70,0.70711,-0.70711,0.93354,0.35847,7.75,8.04,1.89
2026-03-11T10:00:00Z,BRT,7.75,90.9,976.2,18.43,10,70,0.5,-0.86603,0.93354,0.35847,7.25,9.2,0.23
2026-03-11T11:00:00Z,BRT,7.25,90.9,975.2,17.58,11,70,0.25882,-0.96593,0.93354,0.35847,7.24,6.7,1.4
2026-03-11T12:00:00Z,BRT,7.24,85.8,977.6,15.11,12,70,0.0,-1.0,0.93354,0.35847,7.69,7.83,1.06
2026-03-11T13:00:00Z,BRT,7.69,85.4,976.2,14.97,13,70,-0.25882,-0.96593,0.93354,0.35847,8.34,2.5,1.44
2026-03-11T14:00:00Z,BRT,8.34,85.5,977.1,18.34,14,70,-0.5,-0.86603,0.93354,0.35847,8.04,2.22,0.81
2026-03-11T15:00:00Z,BRT,8.04,94.3,975.4,18.01,15,70,-0.70711,-0.70711,0.93354,0.35847,9.2,3.27,0.52
2026-03-11T16:00:00Z,BRT,9.2,89.4,975.8,21.27,16,70,-0.86603,-0.5,0.93354,0.35847,6.7,2.41,-0.88
2026-03-11T17:00:00Z,BRT,6.7,97.1,977.7,17.54,17,70,-0.96593,-0.25882,0.93354,0.35847,7.83,0.84,-0.88
2026-03-11T18:00:00Z,BRT,7.83,92.3,977.2,17.93,18,70,-1.0,-0.0,0.93354,0.35847,2.5,0.78,-0.64
2026-03-11T19:00:00Z,BRT,2.5,78.7,979.8,18.37,19,70,-0.96593,0.25882,0.93354,0.35847,2.22,1.21,-0.7
2026-03-11T20:00:00Z,BRT,2.22,87.6,981.0,19.35,20,70,-0.86603,0.5,0.93354,0.35847,3.27,1.78,-1.02
2026-03-11T21:00:00Z,BRT,3.27,87.6,982.8,19.5,21,70,-0.70711,0.70711,0.93354,0.35847,2.41,0.69,-1.66
2026-03-11T22:00:00Z,BRT,2.41,81.5,986.1,15.54,22,70,-0.5,0.86603,0.93354,0.35847,0.84,0.79,-1.79
2026-03-11T23:00:00Z,BRT,0.84,87.0,987.5,13.14,23,70,-0.25882,0.96593,0.93354,0.35847,0.78,1.04,-1.94
2026-03-12T00:00:00Z,BRT,0.78,74.9,990.1,13.76,0,71,0.0,1.0,0.93957,0.34236,1.21,0.3,-1.71
2026-03-12T01:00:00Z,BRT,1.21,83.0,988.2,13.65,1,71,0.25882,0.96593,0.93957,0.34236,1.78,0.27,-2.33
2026-03-12T02:00:00Z,BRT,1.78,86.6,990.4,11.24,2,71,0.5,0.86603,0.93957,0.34236,0.69,0.89,-1.0
2026-03-12T03:00:00Z,BRT,0.69,77.0,991.8,9.99,3,71,0.70711,0.70711,0.93957,0.34236,0.79,1.89,-0.71
2026-03-12T04:00:00Z,BRT,0.79,79.1,992.6,11.57,4,71,0.86603,0.5,0.93957,0.34236,1.04,0.23,-0.98
2026-03-12T05:00:00Z,BRT,1.04,71.0,991.4,13.75,5,71,0.96593,0.25882,0.93957,0.34236,0.3,1.4,-1.87
2026-03-12T06:00:00Z,BRT,0.3,75.4,994.7,10.31,6,71,1.0,0.0,0.93957,0.34236,0.27,1.06,-1.31
2026-03-12T07:00:00Z,BRT,0.27,65.9,997.8,9.54,7,71,0.96593,-0.25882,0.93957,0.34236,0.89,1.44,-1.81
2026-03-12T08:00:00Z,BRT,0.89,72.7,1000.2,10.34,8,71,0.86603,-0.5,0.93957,0.34236,1.89,0.81,-2.09
2026-03-12T09:00:00Z,BRT,1.89,77.2,999.1,11.55,9,71,0.70711,-0.70711,0.93957,0.34236,0.23,0.52,-2.02
2026-03-12T10:00:00Z,BRT,0.23,68.6,1001.3,9.28,10,71,0.5,-0.86603,0.93957,0.34236,1.4,-0.88,-2.29
2026-03-12T11:00:00Z,BRT,1.4,68.2,1001.0,7.19,11,71,0.25882,-0.96593,0.93957,0.34236,1.06,-0.88,-0.44
2026-03-12T12:00:00Z,BRT,1.06,70.4,1003.4,8.75,12,71,0.0,-1.0,0.93957,0.34236,1.44,-0.64,-1.47
2026-03-12T13:00:00Z,BRT,1.44,65.8,1002.2,8.57,13,71,-0.25882,-0.96593,0.93957,0.34236,0.81,-0.7,-0.69
2026-03-12T14:00:00Z,BRT,0.81,62.5,1006.3,12.25,14,71,-0.5,-0.86603,0.93957,0.34236,0.52,-1.02,0.78
2026-03-12T15:00:00Z,BRT,0.52,64.9,1009.2,7.13,15,71,-0.70711,-0.70711,0.93957,0.34236,-0.88,-1.66,1.56
2026-03-12T16:00:00Z,BRT,-0.88,53.7,1009.1,7.44,16,71,-0.86603,-0.5,0.93957,0.34236,-0.88,-1.79,0.92
2026-03-12T17:00:00Z,BRT,-0.88,66.3,1007.6,12.63,17,71,-0.96593,-0.25882,0.93957,0.34236,-0.64,-1.94,1.94
2026-03-12T18:00:00Z,BRT,-0.64,55.8,1007.6,12.5,18,71,-1.0,-0.0,0.93957,0.34236,-0.7,-1.71,1.67
2026-03-12T19:00:00Z,BRT,-0.7,68.1,1006.5,13.66,19,71,-0.96593,0.25882,0.93957,0.34236,-1.02,-2.33,1.76
2026-03-12T20:00:00Z,BRT,-1.02,60.2,1007.2,11.78,20,71,-0.86603,0.5,0.93957,0.34236,-1.66,-1.0,2.05
2026-03-12T21:00:00Z,BRT,-1.66,59.5,1006.7,9.28,21,71,-0.70711,0.70711,0.93957,0.34236,-1.79,-0.71,0.92
2026-03-12T22:00:00Z,BRT,-1.79,56.5,1007.5,11.07,22,71,-0.5,0.86603,0.93957,0.34236,-1.94,-0.98,-0.45
2026-03-12T23:00:00Z,BRT,-1.94,65.2,1008.6,9.54,23,71,-0.25882,0.96593,0.93957,0.34236,-1.71,-1.87,-0.55
2026-03-13T00:00:00Z,BRT,-1.71,65.3,1008.4,5.6,0,72,0.0,1.0,0.94532,0.32614,-2.33,-1.31,-0.46
2026-03-13T01:00:00Z,BRT,-2.33,67.6,1004.0,6.42,1,72,0.25882,0.96593,0.94532,0.32614,-1.0,-1.81,-0.76
2026-03-13T02:00:00Z,BRT,-1.0,71.5,1006.1,9.25,2,72,0.5,0.86603,0.94532,0.32614,-0.71,-2.09,0.05
2026-03-13T03:00:00Z,BRT,-0.71,57.2,1005.9,10.49,3,72,0.70711,0.70711,0.94532,0.32614,-0.98,-2.02,0.55
2026-03-13T04:00:00Z,BRT,-0.98,71.1,1006.7,6.35,4,72,0.86603,0.5,0.94532,0.32614,-1.87,-2.29,1.03
2026-03-13T05:00:00Z,BRT,-1.87,65.2,1005.9,6.74,5,72,0.96593,0.25882,0.94532,0.32614,-1.31,-0.44,1.54
2026-03-13T06:00:00Z,BRT,-1.31,63.7,1006.8,9.12,6,72,1.0,0.0,0.94532,0.32614,-1.81,-1.47,1.27
2026-03-13T07:00:00Z,BRT,-1.81,62.7,1005.6,7.19,7,72,0.96593,-0.25882,0.94532,0.32614,-2.09,-0.69,1.43
2026-03-13T08:00:00Z,BRT,-2.09,62.8,1007.6,7.11,8,72,0.86603,-0.5,0.94532,0.32614,-2.02,0.78,1.4
2026-03-13T09:00:00Z,BRT,-2.02,63.0,1003.6,8.89,9,72,0.70711,-0.70711,0.94532,0.32614,-2.29,1.56,2.19
2026-03-13T10:00:00Z,BRT,-2.29,71.3,1003.1,6.24,10,72,0.5,-0.86603,0.94532,0.32614,-0.44,0.92,2.37
2026-03-13T11:00:00Z,BRT,-0.44,74.6,999.6,10.6,11,72,0.25882,-0.96593,0.94532,0.32614,-1.47,1.94,2.08
2026-03-13T12:00:00Z,BRT,-1.47,75.1,996.4,13.31,12,72,0.0,-1.0,0.94532,0.32614,-0.69,1.67,0.92
2026-03-13T13:00:00Z,BRT,-0.69,68.3,997.2,7.48,13,72,-0.25882,-0.96593,0.94532,0.32614,0.78,1.76,1.08
2026-03-13T14:00:00Z,BRT,0.78,81.3,996.4,10.09,14,72,-0.5,-0.86603,0.94532,0.32614,1.56,2.05,0.66
2026-03-13T15:00:00Z,BRT,1.56,78.1,994.5,13.36,15,72,-0.70711,-0.70711,0.94532,0.32614,0.92,0.92,0.37
2026-03-13T16:00:00Z,BRT,0.92,76.0,995.4,15.02,16,72,-0.86603,-0.5,0.94532,0.32614,1.94,-0.45,0.72
2026-03-13T17:00:00Z,BRT,1.94,78.5,991.4,10.95,17,72,-0.96593,-0.25882,0.94532,0.32614,1.67,-0.55,1.7
2026-03-13T18:00:00Z,BRT,1.67,78.9,989.6,14.41,18,72,-1.0,-0.0,0.94532,0.32614,1.76,-0.46,1.78
2026-03-13T19:00:00Z,BRT,1.76,70.1,989.0,19.01,19,72,-0.96593,0.25882,0.94532,0.32614,2.05,-0.76,2.44
2026-03-13T20:00:00Z,BRT,2.05,78.3,987.9,17.5,20,72,-0.86603,0.5,0.94532,0.32614,0.92,0.05,1.86
2026-03-13T21:00:00Z,BRT,0.92,78.1,988.4,16.89,21,72,-0.70711,0.70711,0.94532,0.32614,-0.45,0.55,1.91
2026-03-13T22:00:00Z,BRT,-0.45,68.1,991.9,15.38,22,72,-0.5,0.86603,0.94532,0.32614,-0.55,1.03,1.53
2026-03-13T23:00:00Z,BRT,-0.55,78.6,989.7,12.92,23,72,-0.25882,0.96593,0.94532,0.32614,-0.46,1.54,2.32
2026-03-14T00:00:00Z,BRT,-0.46,79.5,990.3,13.31,0,73,0.0,1.0,0.95079,0.30983,-0.76,1.27,0.56
2026-03-14T01:00:00Z,BRT,-0.76,76.3,990.2,11.61,1,73,0.25882,0.96593,0.95079,0.30983,0.05,1.43,-0.3
2026-03-14T02:00:00Z,BRT,0.05,70.5,989.6,13.09,2,73,0.5,0.86603,0.95079,0.30983,0.55,1.4,0.33
2026-03-14T03:00:00Z,BRT,0.55,81.7,989.0,13.02,3,73,0.70711,0.70711,0.95079,0.30983,1.03,2.19,-0.48
2026-03-14T04:00:00Z,BRT,1.03,75.9,987.1,10.64,4,73,0.86603,0.5,0.95079,0.30983,1.54,2.37,-0.67
2026-03-14T05:00:00Z,BRT,1.54,73.3,985.5,11.2,5,73,0.96593,0.25882,0.95079,0.30983,1.27,2.08,-0.27
2026-03-14T06:00:00Z,BRT,1.27,79.3,985.7,10.18,6,73,1.0,0.0,0.95079,0.30983,1.43,0.92,-0.16
2026-03-14T07:00:00Z,BRT,1.43,85.6,985.4,13.91,7,73,0.96593,-0.25882,0.95079,0.30983,1.4,1.08,-0.17
2026-03-14T08:00:00Z,BRT,1.4,88.8,984.9,14.83,8,73,0.86603,-0.5,0.95079,0.30983,2.19,0.66,0.4
2026-03-14T09:00:00Z,BRT,2.19,82.5,982.8,14.01,9,73,0.70711,-0.70711,0.95079,0.30983,2.37,0.37,0.07
2026-03-14T10:00:00Z,BRT,2.37,87.9,985.3,13.76,10,73,0.5,-0.86603,0.95079,0.30983,2.08,0.72,1.3
2026-03-14T11:00:00Z,BRT,2.08,83.6,987.4,15.52,11,73,0.25882,-0.96593,0.95079,0.30983,0.92,1.7,0.21
2026-03-14T12:00:00Z,BRT,0.92,84.1,990.6,16.64,12,73,0.0,-1.0,0.95079,0.30983,1.08,1.78,-0.54
2026-03-14T13:00:00Z,BRT,1.08,75.2,990.5,12.11,13,73,-0.25882,-0.96593,0.95079,0.30983,0.66,2.44,-1.77
2026-03-14T14:00:00Z,BRT,0.66,82.8,991.7,12.25,14,73,-0.5,-0.86603,0.95079,0.30983,0.37,1.86,-1.73
2026-03-14T15:00:00Z,BRT,0.37,75.4,991.5,10.87,15,73,-0.70711,-0.70711,0.95079,0.30983,0.72,1.91,-1.43
2026-03-14T16:00:00Z,BRT,0.72,71.4,994.4,13.02,16,73,-0.86603,-0.5,0.95079,0.30983,1.7,1.53,3.09
2026-03-14T17:00:00Z,BRT,1.7,68.7,997.7,13.12,17,73,-0.96593,-0.25882,0.95079,0.30983,1.78,2.32,2.48
2026-03-14T18:00:00Z,BRT,1.78,59.4,1000.6,10.26,18,73,-1.0,-0.0,0.95079,0.30983,2.44,0.56,-2.52
2026-03-14T19:00:00Z,BRT,2.44,64.4,999.2,14.57,19,73,-0.96593,0.25882,0.95079,0.30983,1.86,-0.3,2.57
2026-03-14T20:00:00Z,BRT,1.86,69.9,999.0,13.46,20,73,-0.86603,0.5,0.95079,0.30983,1.91,0.33,3.21
2026-03-14T21:00:00Z,BRT,1.91,70.7,997.0,14.77,21,73,-0.70711,0.70711,0.95079,0.30983,1.53,-0.48,3.0
2026-03-14T22:00:00Z,BRT,1.53,65.7,995.8,11.13,22,73,-0.5,0.86603,0.95079,0.30983,2.32,-0.67,3.32
2026-03-14T23:00:00Z,BRT,2.32,85.2,996.3,11.14,23,73,-0.25882,0.96593,0.95079,0.30983,0.56,-0.27,5.37
2026-03-15T00:00:00Z,BRT,0.56,66.2,995.4,10.9,0,74,0.0,1.0,0.95598,0.29343,-0.3,-0.16,5.46
2026-03-15T01:00:00Z,BRT,-0.3,72.3,996.2,8.81,1,74,0.25882,0.96593,0.95598,0.29343,0.33,-0.17,5.11
2026-03-15T02:00:00Z,BRT,0.33,71.7,997.0,9.49,2,74,0.5,0.86603,0.95598,0.29343,-0.48,0.4,6.27
2026-03-15T03:00:00Z,BRT,-0.48,67.8,997.1,6.86,3,74,0.70711,0.70711,0.95598,0.29343,-0.67,0.07,4.59
2026-03-15T04:00:00Z,BRT,-0.67,61.8,993.5,12.59,4,74,0.86603,0.5,0.95598,0.29343,-0.27,1.3,6.74
2026-03-15T05:00:00Z,BRT,-0.27,80.9,992.0,10.26,5,74,0.96593,0.25882,0.95598,0.29343,-0.16,0.21,5.92
2026-03-15T06:00:00Z,BRT,-0.16,79.7,990.9,13.96,6,74,1.0,0.0,0.95598,0.29343,-0.17,-0.54,6.8
2026-03-15T07:00:00Z,BRT,-0.17,85.6,988.2,12.73,7,74,0.96593,-0.25882,0.95598,0.29343,0.4,-1.77,7.43
2026-03-15T08:00:00Z,BRT,0.4,76.7,988.6,7.95,8,74,0.86603,-0.5,0.95598,0.29343,0.07,-1.73,5.88
2026-03-15T09:00:00Z,BRT,0.07,75.6,989.7,13.02,9,74,0.70711,-0.70711,0.95598,0.29343,1.3,-1.43,6.43
2026-03-15T10:00:00Z,BRT,1.3,82.2,986.9,11.62,10,74,0.5,-0.86603,0.95598,0.29343,0.21,3.09,6.55
2026-03-15T11:00:00Z,BRT,0.21,75.2,986.2,12.87,11,74,0.25882,-0.96593,0.95598,0.29343,-0.54,2.48,4.83
2026-03-15T12:00:00Z,BRT,-0.54,82.7,982.4,16.51,12,74,0.0,-1.0,0.95598,0.29343,-1.77,-2.52,4.83
2026-03-15T13:00:00Z,BRT,-1.77,83.7,979.7,15.73,13,74,-0.25882,-0.96593,0.95598,0.29343,-1.73,2.57,3.71
2026-03-15T14:00:00Z,BRT,-1.73,90.1,979.4,16.79,14,74,-0.5,-0.86603,0.95598,0.29343,-1.43,3.21,5.5
2026-03-15T15:00:00Z,BRT,-1.43,87.1,980.8,18.32,15,74,-0.70711,-0.70711,0.95598,0.29343,3.09,3.0,5.88
2026-03-15T16:00:00Z,BRT,3.09,93.0,974.9,20.83,16,74,-0.86603,-0.5,0.95598,0.29343,2.48,3.32,5.75
2026-03-15T17:00:00Z,BRT,2.48,84.7,977.1,19.87,17,74,-0.96593,-0.25882,0.95598,0.29343,-2.52,5.37,6.58
2026-03-15T18:00:00Z,BRT,-2.52,98.3,978.0,19.4,18,74,-1.0,-0.0,0.95598,0.29343,2.57,5.46,6.43
2026-03-15T19:00:00Z,BRT,2.57,81.0,977.4,19.93,19,74,-0.96593,0.25882,0.95598,0.29343,3.21,5.11,4.97
2026-03-15T20:00:00Z,BRT,3.21,79.6,977.4,21.25,20,74,-0.86603,0.5,0.95598,0.29343,3.0,6.27,3.81
2026-03-15T21:00:00Z,BRT,3.0,99.0,974.1,15.38,21,74,-0.70711,0.70711,0.95598,0.29343,3.32,4.59,5.37
2026-03-15T22:00:00Z,BRT,3.32,93.3,975.0,12.52,22,74,-0.5,0.86603,0.95598,0.29343,5.37,6.74,3.99
2026-03-15T23:00:00Z,BRT,5.37,88.8,970.9,18.82,23,74,-0.25882,0.96593,0.95598,0.29343,5.46,5.92,1.81
2026-03-16T00:00:00Z,BRT,5.46,95.1,971.3,19.62,0,75,0.0,1.0,0.96089,0.27695,5.11,6.8,1.11
2026-03-16T01:00:00Z,BRT,5.11,92.5,973.2,12.74,1,75,0.25882,0.96593,0.96089,0.27695,6.27,7.43,0.44
2026-03-16T02:00:00Z,BRT,6.27,93.4,970.3,17.91,2,75,0.5,0.86603,0.96089,0.27695,4.59,5.88,2.3
2026-03-16T03:00:00Z,BRT,4.59,91.8,969.2,15.17,3,75,0.70711,0.70711,0.96089,0.27695,6.74,6.43,2.44
2026-03-16T04:00:00Z,BRT,6.74,99.0,966.0,18.42,4,75,0.86603,0.5,0.96089,0.27695,5.92,6.55,1.37
2026-03-16T05:00:00Z,BRT,5.92,88.9,967.5,16.31,5,75,0.96593,0.25882,0.96089,0.27695,6.8,4.83,-3.02
2026-03-16T06:00:00Z,BRT,6.8,94.2,963.7,19.09,6,75,1.0,0.0,0.96089,0.27695,7.43,4.83,-2.26
2026-03-16T07:00:00Z,BRT,7.43,99.0,962.8,17.66,7,75,0.96593,-0.25882,0.96089,0.27695,5.88,3.71,-2.75
2026-03-16T08:00:00Z,BRT,5.88,92.5,965.8,19.2,8,75,0.86603,-0.5,0.96089,0.27695,6.43,5.5,-2.55
2026-03-16T09:00:00Z,BRT,6.43,96.0,962.8,19.62,9,75,0.70711,-0.70711,0.96089,0.27695,6.55,5.88,-3.0
2026-03-16T10:00:00Z,BRT,6.55,99.0,962.0,20.0,10,75,0.5,-0.86603,0.96089,0.27695,4.83,5.75,-1.73
2026-03-16T11:00:00Z,BRT,4.83,91.7,966.2,17.09,11,75,0.25882,-0.96593,0.96089,0.27695,4.83,6.58,-1.87
2026-03-16T12:00:00Z,BRT,4.83,90.5,966.8,16.6,12,75,0.0,-1.0,0.96089,0.27695,3.71,6.43,-2.06
2026-03-16T13:00:00Z,BRT,3.71,93.3,968.5,15.57,13,75,-0.25882,-0.96593,0.96089,0.27695,5.5,4.97,-2.9
2026-03-16T14:00:00Z,BRT,5.5,92.8,968.3,22.74,14,75,-0.5,-0.86603,0.96089,0.27695,5.88,3.81,-2.75
2026-03-16T15:00:00Z,BRT,5.88,99.0,967.3,20.32,15,75,-0.70711,-0.70711,0.96089,0.27695,5.75,5.37,-2.07
2026-03-16T16:00:00Z,BRT,5.75,95.6,966.5,19.97,16,75,-0.86603,-0.5,0.96089,0.27695,6.58,3.99,-2.92
2026-03-16T17:00:00Z,BRT,6.58,89.2,965.6,19.68,17,75,-0.96593,-0.25882,0.96089,0.27695,6.43,1.81,-2.96
2026-03-16T18:00:00Z,BRT,6.43,99.0,968.2,22.32,18,75,-1.0,-0.0,0.96089,0.27695,4.97,1.11,-2.9
2026-03-16T19:00:00Z,BRT,4.97,90.5,971.7,22.54,19,75,-0.96593,0.25882,0.96089,0.27695,3.81,0.44,-2.49
2026-03-16T20:00:00Z,BRT,3.81,91.6,972.0,17.06,20,75,-0.86603,0.5,0.96089,0.27695,5.37,2.3,-2.22
2026-03-16T21:00:00Z,BRT,5.37,99.0,972.7,22.22,21,75,-0.70711,0.70711,0.96089,0.27695,3.99,2.44,-0.79
2026-03-16T22:00:00Z,BRT,3.99,94.4,972.2,16.41,22,75,-0.5,0.86603,0.96089,0.27695,1.81,1.37,-1.93
2026-03-16T23:00:00Z,BRT,1.81,94.1,976.3,12.1,23,75,-0.25882,0.96593,0.96089,0.27695,1.11,-3.02,-1.52
2026-03-17T00:00:00Z,BRT,1.11,82.9,976.1,15.74,0,76,0.0,1.0,0.96551,0.26038,0.44,-2.26,-2.41
2026-03-17T01:00:00Z,BRT,0.44,88.3,976.4,15.06,1,76,0.25882,0.96593,0.96551,0.26038,2.3,-2.75,-1.78
2026-03-17T02:00:00Z,BRT,2.3,86.8,975.1,15.37,2,76,0.5,0.86603,0.96551,0.26038,2.44,-2.55,-1.19
2026-03-17T03:00:00Z,BRT,2.44,90.2,975.6,12.33,3,76,0.70711,0.70711,0.96551,0.26038,1.37,-3.0,-0.42
2026-03-17T04:00:00Z,BRT,1.37,96.7,977.7,14.78,4,76,0.86603,0.5,0.96551,0.26038,-3.02,-1.73,-0.37
2026-03-17T05:00:00Z,BRT,-3.02,84.5,980.2,14.95,5,76,0.96593,0.25882,0.96551,0.26038,-2.26,-1.87,0.21
2026-03-17T06:00:00Z,BRT,-2.26,85.6,983.8,12.9,6,76,1.0,0.0,0.96551,0.26038,-2.75,-2.06,0.16
2026-03-17T07:00:00Z,BRT,-2.75,82.8,986.2,14.32,7,76,0.96593,-0.25882,0.96551,0.26038,-2.55,-2.9,0.64
2026-03-17T08:00:00Z,BRT,-2.55,85.6,990.2,15.16,8,76,0.86603,-0.5,0.96551,0.26038,-3.0,-2.75,-0.01
2026-03-17T09:00:00Z,BRT,-3.0,83.7,991.4,11.42,9,76,0.70711,-0.70711,0.96551,0.26038,-1.73,-2.07,-0.63
2026-03-17T10:00:00Z,BRT,-1.73,77.6,991.7,6.51,10,76,0.5,-0.86603,0.96551,0.26038,-1.87,-2.92,-0.91
2026-03-17T11:00:00Z,BRT,-1.87,76.9,996.5,11.9,11,76,0.25882,-0.96593,0.96551,0.26038,-2.06,-2.96,-2.1
2026-03-17T12:00:00Z,BRT,-2.06,70.3,999.9,10.69,12,76,0.0,-1.0,0.96551,0.26038,-2.9,-2.9,-1.51
2026-03-17T13:00:00Z,BRT,-2.9,61.7,1001.2,10.38,13,76,-0.25882,-0.96593,0.96551,0.26038,-2.75,-2.49,-2.71
2026-03-17T14:00:00Z,BRT,-2.75,80.5,1001.0,11.44,14,76,-0.5,-0.86603,0.96551,0.26038,-2.07,-2.22,-3.35
2026-03-17T15:00:00Z,BRT,-2.07,68.8,1004.6,10.91,15,76,-0.70711,-0.70711,0.96551,0.26038,-2.92,-0.79,-2.59
2026-03-17T16:00:00Z,BRT,-2.92,64.5,1004.9,9.61,16,76,-0.86603,-0.5,0.96551,0.26038,-2.96,-1.93,-1.29
2026-03-17T17:00:00Z,BRT,-2.96,58.5,1009.9,13.18,17,76,-0.96593,-0.25882,0.96551,0.26038,-2.9,-1.52,-1.07
2026-03-17T18:00:00Z,BRT,-2.9,61.7,1010.6,10.77,18,76,-1.0,-0.0,0.96551,0.26038,-2.49,-2.41,-1.76
2026-03-17T19:00:00Z,BRT,-2.49,56.8,1012.3,12.05,19,76,-0.96593,0.25882,0.96551,0.26038,-2.22,-1.78,-1.66
2026-03-17T20:00:00Z,BRT,-2.22,61.8,1012.5,6.35,20,76,-0.86603,0.5,0.96551,0.26038,-0.79,-1.19,-2.34
2026-03-17T21:00:00Z,BRT,-0.79,55.6,1011.2,8.72,21,76,-0.70711,0.70711,0.96551,0.26038,-1.93,-0.42,-2.17
2026-03-17T22:00:00Z,BRT,-1.93,55.4,1009.0,8.92,22,76,-0.5,0.86603,0.96551,0.26038,-1.52,-0.37,-2.19
2026-03-17T23:00:00Z,BRT,-1.52,61.1,1006.7,5.39,23,76,-0.25882,0.96593,0.96551,0.26038,-2.41,0.21,-2.68
2026-03-18T00:00:00Z,BRT,-2.41,55.5,1007.9,5.73,0,77,0.0,1.0,0.96984,0.24373,-1.78,0.16,-2.96
2026-03-18T01:00:00Z,BRT,-1.78,62.1,1004.7,8.23,1,77,0.25882,0.96593,0.96984,0.24373,-1.19,0.64,-3.38
2026-03-18T02:00:00Z,BRT,-1.19,59.8,1003.9,9.0,2,77,0.5,0.86603,0.96984,0.24373,-0.42,-0.01,-3.42
2026-03-18T03:00:00Z,BRT,-0.42,63.5,1003.8,7.7,3,77,0.70711,0.70711,0.96984,0.24373,-0.37,-0.63,-3.06
2026-03-18T04:00:00Z,BRT,-0.37,66.4,1005.0,6.65,4,77,0.86603,0.5,0.96984,0.24373,0.21,-0.91,-2.9
2026-03-18T05:00:00Z,BRT,0.21,72.3,1003.2,6.65,5,77,0.96593,0.25882,0.96984,0.24373,0.16,-2.1,-1.95
2026-03-18T06:00:00Z,BRT,0.16,63.2,1001.4,5.78,6,77,1.0,0.0,0.96984,0.24373,0.64,-1.51,-1.75
2026-03-18T07:00:00Z,BRT,0.64,74.2,1002.3,8.88,7,77,0.96593,-0.25882,0.96984,0.24373,-0.01,-2.71,-1.8
2026-03-18T08:00:00Z,BRT,-0.01,68.3,1005.3,8.95,8,77,0.86603,-0.5,0.96984,0.24373,-0.63,-3.35,-1.96
2026-03-18T09:00:00Z,BRT,-0.63,65.6,1007.1,7.56,9,77,0.70711,-0.70711,0.96984,0.24373,-0.91,-2.59,-1.39
2026-03-18T10:00:00Z,BRT,-0.91,68.6,1005.8,7.76,10,77,0.5,-0.86603,0.96984,0.24373,-2.1,-1.29,-0.41
2026-03-18T11:00:00Z,BRT,-2.1,65.8,1005.0,9.52,11,77,0.25882,-0.96593,0.96984,0.24373,-1.51,-1.07,-1.3
2026-03-18T12:00:00Z,BRT,-1.51,76.7,1003.1,9.36,12,77,0.0,-1.0,0.96984,0.24373,-2.71,-1.76,-1.47
2026-03-18T13:00:00Z,BRT,-2.71,62.6,999.5,9.71,13,77,-0.25882,-0.96593,0.96984,0.24373,-3.35,-1.66,-3.31
2026-03-18T14:00:00Z,BRT,-3.35,67.4,1001.9,7.11,14,77,-0.5,-0.86603,0.96984,0.24373,-2.59,-2.34,-3.24
2026-03-18T15:00:00Z,BRT,-2.59,64.5,1002.2,10.18,15,77,-0.70711,-0.70711,0.96984,0.24373,-1.29,-2.17,-3.61
2026-03-18T16:00:00Z,BRT,-1.29,69.3,1002.0,8.11,16,77,-0.86603,-0.5,0.96984,0.24373,-1.07,-2.19,-2.5
2026-03-18T17:00:00Z,BRT,-1.07,69.3,1001.3,6.78,17,77,-0.96593,-0.25882,0.96984,0.24373,-1.76,-2.68,-2.05
2026-03-18T18:00:00Z,BRT,-1.76,68.1,1000.2,13.14,18,77,-1.0,-0.0,0.96984,0.24373,-1.66,-2.96,-2.91
2026-03-18T19:00:00Z,BRT,-1.66,68.7,1000.3,14.19,19,77,-0.96593,0.25882,0.96984,0.24373,-2.34,-3.38,-2.71
2026-03-18T20:00:00Z,BRT,-2.34,73.8,998.7,12.38,20,77,-0.86603,0.5,0.96984,0.24373,-2.17,-3.42,-1.26
2026-03-18T21:00:00Z,BRT,-2.17,75.6,996.3,13.87,21,77,-0.70711,0.70711,0.96984,0.24373,-2.19,-3.06,-1.58
2026-03-18T22:00:00Z,BRT,-2.19,77.5,997.5,10.88,22,77,-0.5,0.86603,0.96984,0.24373,-2.68,-2.9,-0.03
2026-03-18T23:00:00Z,BRT,-2.68,70.9,1001.2,11.31,23,77,-0.25882,0.96593,0.96984,0.24373,-2.96,-1.95,-0.13
2026-03-19T00:00:00Z,BRT,-2.96,77.7,1001.7,7.73,0,78,0.0,1.0,0.97389,0.22701,-3.38,-1.75,-1.47
2026-03-19T01:00:00Z,BRT,-3.38,73.1,1001.7,9.37,1,78,0.25882,0.96593,0.97389,0.22701,-3.42,-1.8,-3.08
2026-03-19T02:00:00Z,BRT,-3.42,78.0,1000.6,11.08,2,78,0.5,0.86603,0.97389,0.22701,-3.06,-1.96,-2.36
2026-03-19T03:00:00Z,BRT,-3.06,67.4,999.0,7.51,3,78,0.70711,0.70711,0.97389,0.22701,-2.9,-1.39,-1.88
2026-03-19T04:00:00Z,BRT,-2.9,67.8,996.5,9.42,4,78,0.86603,0.5,0.97389,0.22701,-1.95,-0.41,-2.0
2026-03-19T05:00:00Z,BRT,-1.95,63.7,995.7,8.99,5,78,0.96593,0.25882,0.97389,0.22701,-1.75,-1.3,-1.33
2026-03-19T06:00:00Z,BRT,-1.75,78.1,993.2,10.83,6,78,1.0,0.0,0.97389,0.22701,-1.8,-1.47,-1.1
2026-03-19T07:00:00Z,BRT,-1.8,73.1,991.9,7.91,7,78,0.96593,-0.25882,0.97389,0.22701,-1.96,-3.31,-2.12
2026-03-19T08:00:00Z,BRT,-1.96,69.3,993.5,10.68,8,78,0.86603,-0.5,0.97389,0.22701,-1.39,-3.24,-3.18
2026-03-19T09:00:00Z,BRT,-1.39,71.4,989.2,14.58,9,78,0.70711,-0.70711,0.97389,0.22701,-0.41,-3.61,-4.46
2026-03-19T10:00:00Z,BRT,-0.41,79.8,992.1,9.73,10,78,0.5,-0.86603,0.97389,0.22701,-1.3,-2.5,-4.47
2026-03-19T11:00:00Z,BRT,-1.3,74.2,991.1,11.67,11,78,0.25882,-0.96593,0.97389,0.22701,-1.47,-2.05,-4.19
2026-03-19T12:00:00Z,BRT,-1.47,81.1,990.7,10.51,12,78,0.0,-1.0,0.97389,0.22701,-3.31,-2.91,-3.12
2026-03-19T13:00:00Z,BRT,-3.31,79.9,987.1,10.0,13,78,-0.25882,-0.96593,0.97389,0.22701,-3.24,-2.71,-3.94
2026-03-19T14:00:00Z,BRT,-3.24,81.3,989.2,12.99,14,78,-0.5,-0.86603,0.97389,0.22701,-3.61,-1.26,-3.46
2026-03-19T15:00:00Z,BRT,-3.61,81.8,989.3,14.98,15,78,-0.70711,-0.70711,0.97389,0.22701,-2.5,-1.58,-2.63
2026-03-19T16:00:00Z,BRT,-2.5,73.4,990.7,15.58,16,78,-0.86603,-0.5,0.97389,0.22701,-2.05,-0.03,-2.73
2026-03-19T17:00:00Z,BRT,-2.05,73.6,989.5,14.69,17,78,-0.96593,-0.25882,0.97389,0.22701,-2.91,-0.13,-1.77
2026-03-19T18:00:00Z,BRT,-2.91,85.1,989.3,14.15,18,78,-1.0,-0.0,0.97389,0.22701,-2.71,-1.47,-2.54
2026-03-19T19:00:00Z,BRT,-2.71,75.9,990.6,15.66,19,78,-0.96593,0.25882,0.97389,0.22701,-1.26,-3.08,-1.77
2026-03-19T20:00:00Z,BRT,-1.26,81.7,990.2,17.17,20,78,-0.86603,0.5,0.97389,0.22701,-1.58,-2.36,-1.62
2026-03-19T21:00:00Z,BRT,-1.58,76.5,990.3,12.57,21,78,-0.70711,0.70711,0.97389,0.22701,-0.03,-1.88,-1.09
2026-03-19T22:00:00Z,BRT,-0.03,81.1,991.5,13.99,22,78,-0.5,0.86603,0.97389,0.22701,-0.13,-2.0,-1.69
2026-03-19T23:00:00Z,BRT,-0.13,75.0,994.5,11.58,23,78,-0.25882,0.96593,0.97389,0.22701,-1.47,-1.33,-3.84
2026-03-20T00:00:00Z,BRT,-1.47,75.8,993.6,13.52,0,79,0.0,1.0,0.97765,0.21022,-3.08,-1.1,-4.26
2026-03-20T01:00:00Z,BRT,-3.08,77.5,993.8,12.01,1,79,0.25882,0.96593,0.97765,0.21022,-2.36,-2.12,-4.16
2026-03-20T02:00:00Z,BRT,-2.36,64.5,994.6,10.72,2,79,0.5,0.86603,0.97765,0.21022,-1.88,-3.18,-4.8
2026-03-20T03:00:00Z,BRT,-1.88,70.8,995.1,9.14,3,79,0.70711,0.70711,0.97765,0.21022,-2.0,-4.46,-4.56
2026-03-20T04:00:00Z,BRT,-2.0,76.2,994.1,10.96,4,79,0.86603,0.5,0.97765,0.21022,-1.33,-4.47,-4.19
2026-03-20T05:00:00Z,BRT,-1.33,72.2,993.7,9.76,5,79,0.96593,0.25882,0.97765,0.21022,-1.1,-4.19,-3.56
2026-03-20T06:00:00Z,BRT,-1.1,64.9,994.2,8.96,6,79,1.0,0.0,0.97765,0.21022,-2.12,-3.12,1.81
2026-03-20T07:00:00Z,BRT,-2.12,67.2,994.3,7.5,7,79,0.96593,-0.25882,0.97765,0.21022,-3.18,-3.94,1.18
2026-03-20T08:00:00Z,BRT,-3.18,80.3,994.9,10.35,8,79,0.86603,-0.5,0.97765,0.21022,-4.46,-3.46,0.95
2026-03-20T09:00:00Z,BRT,-4.46,78.3,992.0,12.48,9,79,0.70711,-0.70711,0.97765,0.21022,-4.47,-2.63,0.85
2026-03-20T10:00:00Z,BRT,-4.47,75.3,993.2,10.39,10,79,0.5,-0.86603,0.97765,0.21022,-4.19,-2.73,3.1
2026-03-20T11:00:00Z,BRT,-4.19,78.4,990.8,11.32,11,79,0.25882,-0.96593,0.97765,0.21022,-3.12,-1.77,2.37
2026-03-20T12:00:00Z,BRT,-3.12,78.0,990.1,12.14,12,79,0.0,-1.0,0.97765,0.21022,-3.94,-2.54,1.54
2026-03-20T13:00:00Z,BRT,-3.94,79.3,987.8,14.23,13,79,-0.25882,-0.96593,0.97765,0.21022,-3.46,-1.77,2.4
2026-03-20T14:00:00Z,BRT,-3.46,94.8,987.4,11.34,14,79,-0.5,-0.86603,0.97765,0.21022,-2.63,-1.62,3.04
2026-03-20T15:00:00Z,BRT,-2.63,81.3,987.7,17.64,15,79,-0.70711,-0.70711,0.97765,0.21022,-2.73,-1.09,0.87
2026-03-20T16:00:00Z,BRT,-2.73,73.7,987.3,15.54,16,79,-0.86603,-0.5,0.97765,0.21022,-1.77,-1.69,2.18
2026-03-20T17:00:00Z,BRT,-1.77,85.9,983.8,17.48,17,79,-0.96593,-0.25882,0.97765,0.21022,-2.54,-3.84,0.62
2026-03-20T18:00:00Z,BRT,-2.54,80.1,982.7,18.94,18,79,-1.0,-0.0,0.97765,0.21022,-1.77,-4.26,-4.44
2026-03-20T19:00:00Z,BRT,-1.77,83.8,983.0,14.78,19,79,-0.96593,0.25882,0.97765,0.21022,-1.62,-4.16,0.42
2026-03-20T20:00:00Z,BRT,-1.62,77.1,983.6,15.61,20,79,-0.86603,0.5,0.97765,0.21022,-1.09,-4.8,0.24
2026-03-20T21:00:00Z,BRT,-1.09,87.9,982.3,16.73,21,79,-0.70711,0.70711,0.97765,0.21022,-1.69,-4.56,0.69
2026-03-20T22:00:00Z,BRT,-1.69,88.3,984.3,16.83,22,79,-0.5,0.86603,0.97765,0.21022,-3.84,-4.19,2.54
2026-03-20T23:00:00Z,BRT,-3.84,80.7,986.4,9.6,23,79,-0.25882,0.96593,0.97765,0.21022,-4.26,-3.56,0.25
2026-03-21T00:00:00Z,BRT,-4.26,76.0,985.5,14.44,0,80,0.0,1.0,0.98112,0.19338,-4.16,1.81,1.89
2026-03-21T01:00:00Z,BRT,-4.16,87.8,985.4,9.34,1,80,0.25882,0.96593,0.98112,0.19338,-4.8,1.18,4.36
2026-03-21T02:00:00Z,BRT,-4.8,85.5,983.6,12.5,2,80,0.5,0.86603,0.98112,0.19338,-4.56,0.95,4.57
2026-03-21T03:00:00Z,BRT,-4.56,82.6,983.5,18.52,3,80,0.70711,0.70711,0.98112,0.19338,-4.19,0.85,6.11
2026-03-21T04:00:00Z,BRT,-4.19,90.6,979.7,15.9,4,80,0.86603,0.5,0.98112,0.19338,-3.56,3.1,3.41
2026-03-21T05:00:00Z,BRT,-3.56,89.0,978.5,17.45,5,80,0.96593,0.25882,0.98112,0.19338,1.81,2.37,-1.01
2026-03-21T06:00:00Z,BRT,1.81,92.5,976.6,17.2,6,80,1.0,0.0,0.98112,0.19338,1.18,1.54,-0.33
2026-03-21T07:00:00Z,BRT,1.18,88.6,977.6,16.11,7,80,0.96593,-0.25882,0.98112,0.19338,0.95,2.4,-2.48
2026-03-21T08:00:00Z,BRT,0.95,92.4,975.3,15.82,8,80,0.86603,-0.5,0.98112,0.19338,0.85,3.04,-2.75
2026-03-21T09:00:00Z,BRT,0.85,90.8,976.5,14.89,9,80,0.70711,-0.70711,0.98112,0.19338,3.1,0.87,-4.06
2026-03-21T10:00:00Z,BRT,3.1,92.9,973.3,19.62,10,80,0.5,-0.86603,0.98112,0.19338,2.37,2.18,-2.86
2026-03-21T11:00:00Z,BRT,2.37,95.0,973.1,14.67,11,80,0.25882,-0.96593,0.98112,0.19338,1.54,0.62,-3.99
2026-03-21T12:00:00Z,BRT,1.54,91.1,975.5,17.22,12,80,0.0,-1.0,0.98112,0.19338,2.4,-4.44,-3.5
2026-03-21T13:00:00Z,BRT,2.4,92.6,972.5,12.73,13,80,-0.25882,-0.96593,0.98112,0.19338,3.04,0.42,-3.97
2026-03-21T14:00:00Z,BRT,3.04,99.0,974.6,19.7,14,80,-0.5,-0.86603,0.98112,0.19338,0.87,0.24,-3.61
2026-03-21T15:00:00Z,BRT,0.87,90.6,976.6,14.96,15,80,-0.70711,-0.70711,0.98112,0.19338,2.18,0.69,-3.87
2026-03-21T16:00:00Z,BRT,2.18,91.6,976.0,18.98,16,80,-0.86603,-0.5,0.98112,0.19338,0.62,2.54,-1.96
2026-03-21T17:00:00Z,BRT,0.62,88.0,977.8,17.02,17,80,-0.96593,-0.25882,0.98112,0.19338,-4.44,0.25,0.01
2026-03-21T18:00:00Z,BRT,-4.44,90.5,979.0,17.43,18,80,-1.0,-0.0,0.98112,0.19338,0.42,1.89,1.09
2026-03-21T19:00:00Z,BRT,0.42,93.0,977.6,18.21,19,80,-0.96593,0.25882,0.98112,0.19338,0.24,4.36,1.15
2026-03-21T20:00:00Z,BRT,0.24,85.6,977.6,16.5,20,80,-0.86603,0.5,0.98112,0.19338,0.69,4.57,-0.39
2026-03-21T21:00:00Z,BRT,0.69,86.2,976.9,16.35,21,80,-0.70711,0.70711,0.98112,0.19338,2.54,6.11,-2.03
2026-03-21T22:00:00Z,BRT,2.54,97.1,975.7,19.65,22,80,-0.5,0.86603,0.98112,0.19338,0.25,3.41,-2.2
2026-03-21T23:00:00Z,BRT,0.25,92.9,976.7,15.45,23,80,-0.25882,0.96593,0.98112,0.19338,1.89,-1.01,-2.15
2026-03-22T00:00:00Z,BRT,1.89,89.9,976.4,16.51,0,81,0.0,1.0,0.98431,0.17647,4.36,-0.33,-1.61
2026-03-22T01:00:00Z,BRT,4.36,88.0,973.9,18.74,1,81,0.25882,0.96593,0.98431,0.17647,4.57,-2.48,-1.79
2026-03-22T02:00:00Z,BRT,4.57,98.1,973.8,16.85,2,81,0.5,0.86603,0.98431,0.17647,6.11,-2.75,-2.04
2026-03-22T03:00:00Z,BRT,6.11,88.9,973.6,19.6,3,81,0.70711,0.70711,0.98431,0.17647,3.41,-4.06,-2.06
2026-03-22T04:00:00Z,BRT,3.41,92.0,977.6,16.72,4,81,0.86603,0.5,0.98431,0.17647,-1.01,-2.86,-2.22
2026-03-22T05:00:00Z,BRT,-1.01,84.8,978.6,16.05,5,81,0.96593,0.25882,0.98431,0.17647,-0.33,-3.99,-1.62
2026-03-22T06:00:00Z,BRT,-0.33,83.6,979.2,20.08,6,81,1.0,0.0,0.98431,0.17647,-2.48,-3.5,-1.21
2026-03-22T07:00:00Z,BRT,-2.48,77.1,979.8,15.67,7,81,0.96593,-0.25882,0.98431,0.17647,-2.75,-3.97,-1.52
2026-03-22T08:00:00Z,BRT,-2.75,79.7,982.4,15.55,8,81,0.86603,-0.5,0.98431,0.17647,-4.06,-3.61,-0.96
2026-03-22T09:00:00Z,BRT,-4.06,79.1,985.7,13.19,9,81,0.70711,-0.70711,0.98431,0.17647,-2.86,-3.87,-1.16
2026-03-22T10:00:00Z,BRT,-2.86,76.8,989.3,10.71,10,81,0.5,-0.86603,0.98431,0.17647,-3.99,-1.96,-1.74
2026-03-22T11:00:00Z,BRT,-3.99,80.9,989.8,14.89,11,81,0.25882,-0.96593,0.98431,0.17647,-3.5,0.01,-0.88
2026-03-22T12:00:00Z,BRT,-3.5,79.6,989.5,10.01,12,81,0.0,-1.0,0.98431,0.17647,-3.97,1.09,-1.99
2026-03-22T13:00:00Z,BRT,-3.97,73.6,990.5,11.82,13,81,-0.25882,-0.96593,0.98431,0.17647,-3.61,1.15,-2.59
2026-03-22T14:00:00Z,BRT,-3.61,89.1,989.8,12.94,14,81,-0.5,-0.86603,0.98431,0.17647,-3.87,-0.39,-3.0
2026-03-22T15:00:00Z,BRT,-3.87,82.3,990.2,11.88,15,81,-0.70711,-0.70711,0.98431,0.17647,-1.96,-2.03,-3.6
2026-03-22T16:00:00Z,BRT,-1.96,66.5,992.8,11.81,16,81,-0.86603,-0.5,0.98431,0.17647,0.01,-2.2,-4.37
2026-03-22T17:00:00Z,BRT,0.01,73.8,995.6,15.52,17,81,-0.96593,-0.25882,0.98431,0.17647,1.09,-2.15,-4.49
2026-03-22T18:00:00Z,BRT,1.09,82.2,996.8,13.79,18,81,-1.0,-0.0,0.98431,0.17647,1.15,-1.61,-4.69
2026-03-22T19:00:00Z,BRT,1.15,82.7,996.4,14.35,19,81,-0.96593,0.25882,0.98431,0.17647,-0.39,-1.79,-5.25
2026-03-22T20:00:00Z,BRT,-0.39,75.7,996.9,11.4,20,81,-0.86603,0.5,0.98431,0.17647,-2.03,-2.04,-4.16
2026-03-22T21:00:00Z,BRT,-2.03,71.4,999.7,11.97,21,81,-0.70711,0.70711,0.98431,0.17647,-2.2,-2.06,-5.95
2026-03-22T22:00:00Z,BRT,-2.2,74.0,1000.0,12.45,22,81,-0.5,0.86603,0.98431,0.17647,-2.15,-2.22,-5.18
2026-03-22T23:00:00Z,BRT,-2.15,67.3,1006.6,5.71,23,81,-0.25882,0.96593,0.98431,0.17647,-1.61,-1.62,-4.61
2026-03-23T00:00:00Z,BRT,-1.61,60.7,1006.5,5.6,0,82,0.0,1.0,0.9872,0.15951,-1.79,-1.21,-4.9
2026-03-23T01:00:00Z,BRT,-1.79,76.7,1007.8,4.64,1,82,0.25882,0.96593,0.9872,0.15951,-2.04,-1.52,-5.41
2026-03-23T02:00:00Z,BRT,-2.04,64.1,1011.2,8.11,2,82,0.5,0.86603,0.9872,0.15951,-2.06,-0.96,-6.16
2026-03-23T03:00:00Z,BRT,-2.06,57.8,1011.0,5.61,3,82,0.70711,0.70711,0.9872,0.15951,-2.22,-1.16,-5.16
2026-03-23T04:00:00Z,BRT,-2.22,55.6,1009.7,8.52,4,82,0.86603,0.5,0.9872,0.15951,-1.62,-1.74,-5.8
2026-03-23T05:00:00Z,BRT,-1.62,64.7,1010.3,3.56,5,82,0.96593,0.25882,0.9872,0.15951,-1.21,-0.88,-6.19
2026-03-23T06:00:00Z,BRT,-1.21,60.5,1010.7,5.18,6,82,1.0,0.0,0.9872,0.15951,-1.52,-1.99,-6.04
2026-03-23T07:00:00Z,BRT,-1.52,52.5,1008.1,5.1,7,82,0.96593,-0.25882,0.9872,0.15951,-0.96,-2.59,-6.08
2026-03-23T08:00:00Z,BRT,-0.96,58.6,1009.6,10.28,8,82,0.86603,-0.5,0.9872,0.15951,-1.16,-3.0,-6.71
2026-03-23T09:00:00Z,BRT,-1.16,61.1,1009.6,6.02,9,82,0.70711,-0.70711,0.9872,0.15951,-1.74,-3.6,-7.02
2026-03-23T10:00:00Z,BRT,-1.74,56.4,1007.3,8.99,10,82,0.5,-0.86603,0.9872,0.15951,-0.88,-4.37,-5.68
2026-03-23T11:00:00Z,BRT,-0.88,65.4,1004.8,7.54,11,82,0.25882,-0.96593,0.9872,0.15951,-1.99,-4.49,-6.6
2026-03-23T12:00:00Z,BRT,-1.99,63.8,1006.5,9.11,12,82,0.0,-1.0,0.9872,0.15951,-2.59,-4.69,-8.9
2026-03-23T13:00:00Z,BRT,-2.59,62.4,1005.0,8.39,13,82,-0.25882,-0.96593,0.9872,0.15951,-3.0,-5.25,-7.67
2026-03-23T14:00:00Z,BRT,-3.0,72.7,1004.1,6.61,14,82,-0.5,-0.86603,0.9872,0.15951,-3.6,-4.16,-7.17
2026-03-23T15:00:00Z,BRT,-3.6,66.9,1005.3,12.27,15,82,-0.70711,-0.70711,0.9872,0.15951,-4.37,-5.95,-7.66
2026-03-23T16:00:00Z,BRT,-4.37,66.9,1005.0,6.75,16,82,-0.86603,-0.5,0.9872,0.15951,-4.49,-5.18,-8.0
2026-03-23T17:00:00Z,BRT,-4.49,68.8,1003.1,12.1,17,82,-0.96593,-0.25882,0.9872,0.15951,-4.69,-4.61,-5.96
2026-03-23T18:00:00Z,BRT,-4.69,64.3,1002.7,12.11,18,82,-1.0,-0.0,0.9872,0.15951,-5.25,-4.9,-6.6
2026-03-23T19:00:00Z,BRT,-5.25,73.7,998.6,14.34,19,82,-0.96593,0.25882,0.9872,0.15951,-4.16,-5.41,-6.73
2026-03-23T20:00:00Z,BRT,-4.16,71.4,1000.4,15.96,20,82,-0.86603,0.5,0.9872,0.15951,-5.95,-6.16,-7.19
2026-03-23T21:00:00Z,BRT,-5.95,56.1,1001.0,10.49,21,82,-0.70711,0.70711,0.9872,0.15951,-5.18,-5.16,-8.6
2026-03-23T22:00:00Z,BRT,-5.18,70.6,1002.1,9.26,22,82,-0.5,0.86603,0.9872,0.15951,-4.61,-5.8,-8.22
2026-03-23T23:00:00Z,BRT,-4.61,84.1,1001.0,10.58,23,82,-0.25882,0.96593,0.9872,0.15951,-4.9,-6.19,-7.7
2026-03-24T00:00:00Z,BRT,-4.9,58.0,1001.7,7.51,0,83,0.0,1.0,0.98979,0.14251,-5.41,-6.04,-8.32
2026-03-24T01:00:00Z,BRT,-5.41,66.1,1001.6,12.1,1,83,0.25882,0.96593,0.98979,0.14251,-6.16,-6.08,-6.98
2026-03-24T02:00:00Z,BRT,-6.16,68.9,1001.7,7.75,2,83,0.5,0.86603,0.98979,0.14251,-5.16,-6.71,-6.8
2026-03-24T03:00:00Z,BRT,-5.16,79.9,999.2,8.27,3,83,0.70711,0.70711,0.98979,0.14251,-5.8,-7.02,-5.95
2026-03-24T04:00:00Z,BRT,-5.8,76.1,997.0,7.28,4,83,0.86603,0.5,0.98979,0.14251,-6.19,-5.68,-5.81
2026-03-24T05:00:00Z,BRT,-6.19,73.3,994.2,9.89,5,83,0.96593,0.25882,0.98979,0.14251,-6.04,-6.6,-5.53
2026-03-24T06:00:00Z,BRT,-6.04,75.7,991.2,14.12,6,83,1.0,0.0,0.98979,0.14251,-6.08,-8.9,-6.1
2026-03-24T07:00:00Z,BRT,-6.08,74.3,988.9,12.89,7,83,0.96593,-0.25882,0.98979,0.14251,-6.71,-7.67,-5.67
2026-03-24T08:00:00Z,BRT,-6.71,80.1,990.7,12.7,8,83,0.86603,-0.5,0.98979,0.14251,-7.02,-7.17,-5.55
2026-03-24T09:00:00Z,BRT,-7.02,81.7,989.1,11.43,9,83,0.70711,-0.70711,0.98979,0.14251,-5.68,-7.66,-4.76
2026-03-24T10:00:00Z,BRT,-5.68,73.6,990.0,13.82,10,83,0.5,-0.86603,0.98979,0.14251,-6.6,-8.0,-5.13
2026-03-24T11:00:00Z,BRT,-6.6,82.2,992.2,13.13,11,83,0.25882,-0.96593,0.98979,0.14251,-8.9,-5.96,-4.42
2026-03-24T12:00:00Z,BRT,-8.9,78.4,990.5,7.89,12,83,0.0,-1.0,0.98979,0.14251,-7.67,-6.6,-4.31
2026-03-24T13:00:00Z,BRT,-7.67,72.6,991.7,11.05,13,83,-0.25882,-0.96593,0.98979,0.14251,-7.17,-6.73,-4.74
2026-03-24T14:00:00Z,BRT,-7.17,81.8,987.6,14.14,14,83,-0.5,-0.86603,0.98979,0.14251,-7.66,-7.19,-4.07
2026-03-24T15:00:00Z,BRT,-7.66,88.6,986.5,15.95,15,83,-0.70711,-0.70711,0.98979,0.14251,-8.0,-8.6,-5.9
2026-03-24T16:00:00Z,BRT,-8.0,78.7,985.5,15.59,16,83,-0.86603,-0.5,0.98979,0.14251,-5.96,-8.22,-5.65
2026-03-24T17:00:00Z,BRT,-5.96,80.9,985.4,19.3,17,83,-0.96593,-0.25882,0.98979,0.14251,-6.6,-7.7,-5.25
2026-03-24T18:00:00Z,BRT,-6.6,88.7,986.0,15.74,18,83,-1.0,-0.0,0.98979,0.14251,-6.73,-8.32,-5.49
2026-03-24T19:00:00Z,BRT,-6.73,72.1,986.5,17.01,19,83,-0.96593,0.25882,0.98979,0.14251,-7.19,-6.98,-6.74
2026-03-24T20:00:00Z,BRT,-7.19,81.9,987.8,16.43,20,83,-0.86603,0.5,0.98979,0.14251,-8.6,-6.8,-6.21
2026-03-24T21:00:00Z,BRT,-8.6,82.8,988.8,13.97,21,83,-0.70711,0.70711,0.98979,0.14251,-8.22,-5.95,-6.61
2026-03-24T22:00:00Z,BRT,-8.22,86.1,989.6,10.8,22,83,-0.5,0.86603,0.98979,0.14251,-7.7,-5.81,-6.34
2026-03-24T23:00:00Z,BRT,-7.7,77.4,990.3,13.44,23,83,-0.25882,0.96593,0.98979,0.14251,-8.32,-5.53,-6.39
2026-03-25T00:00:00Z,BRT,-8.32,77.7,991.1,9.43,0,84,0.0,1.0,0.9921,0.12546,-6.98,-6.1,-5.53
2026-03-25T01:00:00Z,BRT,-6.98,77.2,991.2,12.79,1,84,0.25882,0.96593,0.9921,0.12546,-6.8,-5.67,-6.12
2026-03-25T02:00:00Z,BRT,-6.8,81.3,990.6,8.32,2,84,0.5,0.86603,0.9921,0.12546,-5.95,-5.55,-5.72
2026-03-25T03:00:00Z,BRT,-5.95,77.1,990.4,13.92,3,84,0.70711,0.70711,0.9921,0.12546,-5.81,-4.76,-4.16
2026-03-25T04:00:00Z,BRT,-5.81,86.1,987.7,11.88,4,84,0.86603,0.5,0.9921,0.12546,-5.53,-5.13,-4.36
2026-03-25T05:00:00Z,BRT,-5.53,81.2,986.0,16.19,5,84,0.96593,0.25882,0.9921,0.12546,-6.1,-4.42,-3.45
2026-03-25T06:00:00Z,BRT,-6.1,79.2,985.1,14.74,6,84,1.0,0.0,0.9921,0.12546,-5.67,-4.31,-3.66
2026-03-25T07:00:00Z,BRT,-5.67,75.6,985.5,14.4,7,84,0.96593,-0.25882,0.9921,0.12546,-5.55,-4.74,-2.97
2026-03-25T08:00:00Z,BRT,-5.55,74.5,984.8,11.21,8,84,0.86603,-0.5,0.9921,0.12546,-4.76,-4.07,-4.03
2026-03-25T09:00:00Z,BRT,-4.76,84.1,986.0,11.54,9,84,0.70711,-0.70711,0.9921,0.12546,-5.13,-5.9,-3.13
2026-03-25T10:00:00Z,BRT,-5.13,90.8,984.7,13.7,10,84,0.5,-0.86603,0.9921,0.12546,-4.42,-5.65,-3.69
2026-03-25T11:00:00Z,BRT,-4.42,75.7,986.0,12.87,11,84,0.25882,-0.96593,0.9921,0.12546,-4.31,-5.25,-3.67
2026-03-25T12:00:00Z,BRT,-4.31,76.7,985.7,13.14,12,84,0.0,-1.0,0.9921,0.12546,-4.74,-5.49,-4.11
2026-03-25T13:00:00Z,BRT,-4.74,82.8,987.3,12.93,13,84,-0.25882,-0.96593,0.9921,0.12546,-4.07,-6.74,-3.35
2026-03-25T14:00:00Z,BRT,-4.07,80.1,985.1,16.6,14,84,-0.5,-0.86603,0.9921,0.12546,-5.9,-6.21,-2.51
2026-03-25T15:00:00Z,BRT,-5.9,80.8,986.7,14.04,15,84,-0.70711,-0.70711,0.9921,0.12546,-5.65,-6.61,-3.83
2026-03-25T16:00:00Z,BRT,-5.65,83.8,990.2,17.15,16,84,-0.86603,-0.5,0.9921,0.12546,-5.25,-6.34,-3.27
2026-03-25T17:00:00Z,BRT,-5.25,75.7,990.2,17.2,17,84,-0.96593,-0.25882,0.9921,0.12546,-5.49,-6.39,0.73
2026-03-25T18:00:00Z,BRT,-5.49,80.0,991.0,13.6,18,84,-1.0,-0.0,0.9921,0.12546,-6.74,-5.53,0.73
2026-03-25T19:00:00Z,BRT,-6.74,80.6,992.8,15.48,19,84,-0.96593,0.25882,0.9921,0.12546,-6.21,-6.12,-0.83
2026-03-25T20:00:00Z,BRT,-6.21,69.8,992.9,13.46,20,84,-0.86603,0.5,0.9921,0.12546,-6.61,-5.72,-0.39
2026-03-25T21:00:00Z,BRT,-6.61,73.8,994.7,12.39,21,84,-0.70711,0.70711,0.9921,0.12546,-6.34,-4.16,-1.74
2026-03-25T22:00:00Z,BRT,-6.34,75.5,994.6,15.32,22,84,-0.5,0.86603,0.9921,0.12546,-6.39,-4.36,-6.68
2026-03-25T23:00:00Z,BRT,-6.39,70.2,993.3,11.53,23,84,-0.25882,0.96593,0.9921,0.12546,-5.53,-3.45,-0.78
2026-03-26T00:00:00Z,BRT,-5.53,73.5,993.5,12.69,0,85,0.0,1.0,0.99411,0.10838,-6.12,-3.66,-0.49
2026-03-26T01:00:00Z,BRT,-6.12,74.5,993.5,8.57,1,85,0.25882,0.96593,0.99411,0.10838,-5.72,-2.97,-2.55
2026-03-26T02:00:00Z,BRT,-5.72,84.8,993.3,12.12,2,85,0.5,0.86603,0.99411,0.10838,-4.16,-4.03,-1.01
2026-03-26T03:00:00Z,BRT,-4.16,69.8,995.7,3.7,3,85,0.70711,0.70711,0.99411,0.10838,-4.36,-3.13,-0.45
2026-03-26T04:00:00Z,BRT,-4.36,66.6,992.4,13.75,4,85,0.86603,0.5,0.99411,0.10838,-3.45,-3.69,-5.7
2026-03-26T05:00:00Z,BRT,-3.45,83.1,987.7,11.95,5,85,0.96593,0.25882,0.99411,0.10838,-3.66,-3.67,-6.5
2026-03-26T06:00:00Z,BRT,-3.66,84.4,983.9,10.02,6,85,1.0,0.0,0.99411,0.10838,-2.97,-4.11,-6.45
2026-03-26T07:00:00Z,BRT,-2.97,84.9,982.3,15.96,7,85,0.96593,-0.25882,0.99411,0.10838,-4.03,-3.35,-6.78
2026-03-26T08:00:00Z,BRT,-4.03,86.9,983.3,14.23,8,85,0.86603,-0.5,0.99411,0.10838,-3.13,-2.51,-6.31
2026-03-26T09:00:00Z,BRT,-3.13,81.4,985.3,15.05,9,85,0.70711,-0.70711,0.99411,0.10838,-3.69,-3.83,-5.85
2026-03-26T10:00:00Z,BRT,-3.69,78.4,984.9,9.47,10,85,0.5,-0.86603,0.99411,0.10838,-3.67,-3.27,-6.99
2026-03-26T11:00:00Z,BRT,-3.67,83.5,982.1,14.69,11,85,0.25882,-0.96593,0.99411,0.10838,-4.11,0.73,-7.97
2026-03-26T12:00:00Z,BRT,-4.11,86.2,983.4,14.79,12,85,0.0,-1.0,0.99411,0.10838,-3.35,0.73,-7.46
2026-03-26T13:00:00Z,BRT,-3.35,85.4,981.1,17.28,13,85,-0.25882,-0.96593,0.99411,0.10838,-2.51,-0.83,-7.05
2026-03-26T14:00:00Z,BRT,-2.51,90.6,978.4,17.97,14,85,-0.5,-0.86603,0.99411,0.10838,-3.83,-0.39,-8.15
2026-03-26T15:00:00Z,BRT,-3.83,88.6,980.1,17.11,15,85,-0.70711,-0.70711,0.99411,0.10838,-3.27,-1.74,-6.75
2026-03-26T16:00:00Z,BRT,-3.27,95.2,978.0,19.39,16,85,-0.86603,-0.5,0.99411,0.10838,0.73,-6.68,-6.36
2026-03-26T17:00:00Z,BRT,0.73,89.6,976.1,18.5,17,85,-0.96593,-0.25882,0.99411,0.10838,0.73,-0.78,-4.57
2026-03-26T18:00:00Z,BRT,0.73,90.4,975.6,17.43,18,85,-1.0,-0.0,0.99411,0.10838,-0.83,-0.49,-3.97
2026-03-26T19:00:00Z,BRT,-0.83,98.4,973.9,15.39,19,85,-0.96593,0.25882,0.99411,0.10838,-0.39,-2.55,-4.08
2026-03-26T20:00:00Z,BRT,-0.39,87.2,977.5,21.0,20,85,-0.86603,0.5,0.99411,0.10838,-1.74,-1.01,-4.73
2026-03-26T21:00:00Z,BRT,-1.74,89.4,976.5,14.38,21,85,-0.70711,0.70711,0.99411,0.10838,-6.68,-0.45,-3.77
2026-03-26T22:00:00Z,BRT,-6.68,86.1,978.4,12.37,22,85,-0.5,0.86603,0.99411,0.10838,-0.78,-5.7,-3.66
2026-03-26T23:00:00Z,BRT,-0.78,91.4,976.6,15.86,23,85,-0.25882,0.96593,0.99411,0.10838,-0.49,-6.5,-3.33
2026-03-27T00:00:00Z,BRT,-0.49,99.0,977.8,17.43,0,86,0.0,1.0,0.99583,0.09126,-2.55,-6.45,-3.39
2026-03-27T01:00:00Z,BRT,-2.55,87.7,977.2,12.35,1,86,0.25882,0.96593,0.99583,0.09126,-1.01,-6.78,-4.19
2026-03-27T02:00:00Z,BRT,-1.01,82.9,976.7,16.22,2,86,0.5,0.86603,0.99583,0.09126,-0.45,-6.31,-5.36
2026-03-27T03:00:00Z,BRT,-0.45,87.6,977.1,18.14,3,86,0.70711,0.70711,0.99583,0.09126,-5.7,-5.85,-5.07
2026-03-27T04:00:00Z,BRT,-5.7,83.0,983.0,13.97,4,86,0.86603,0.5,0.99583,0.09126,-6.5,-6.99,-5.1
2026-03-27T05:00:00Z,BRT,-6.5,80.4,985.4,13.15,5,86,0.96593,0.25882,0.99583,0.09126,-6.45,-7.97,-5.71
2026-03-27T06:00:00Z,BRT,-6.45,77.8,984.5,10.37,6,86,1.0,0.0,0.99583,0.09126,-6.78,-7.46,-5.71
2026-03-27T07:00:00Z,BRT,-6.78,78.5,984.2,14.76,7,86,0.96593,-0.25882,0.99583,0.09126,-6.31,-7.05,-5.89
2026-03-27T08:00:00Z,BRT,-6.31,79.7,984.6,13.27,8,86,0.86603,-0.5,0.99583,0.09126,-5.85,-8.15,-5.72
2026-03-27T09:00:00Z,BRT,-5.85,81.8,986.9,12.0,9,86,0.70711,-0.70711,0.99583,0.09126,-6.99,-6.75,-5.25
2026-03-27T10:00:00Z,BRT,-6.99,76.0,986.3,14.39,10,86,0.5,-0.86603,0.99583,0.09126,-7.97,-6.36,-5.24
2026-03-27T11:00:00Z,BRT,-7.97,89.6,990.0,11.34,11,86,0.25882,-0.96593,0.99583,0.09126,-7.46,-4.57,-4.55
2026-03-27T12:00:00Z,BRT,-7.46,77.2,991.0,14.12,12,86,0.0,-1.0,0.99583,0.09126,-7.05,-3.97,-4.82
2026-03-27T13:00:00Z,BRT,-7.05,79.5,992.6,12.84,13,86,-0.25882,-0.96593,0.99583,0.09126,-8.15,-4.08,-4.83
2026-03-27T14:00:00Z,BRT,-8.15,72.1,994.6,9.74,14,86,-0.5,-0.86603,0.99583,0.09126,-6.75,-4.73,-3.67
2026-03-27T15:00:00Z,BRT,-6.75,73.3,992.1,12.97,15,86,-0.70711,-0.70711,0.99583,0.09126,-6.36,-3.77,-3.28
2026-03-27T16:00:00Z,BRT,-6.36,73.5,993.5,13.96,16,86,-0.86603,-0.5,0.99583,0.09126,-4.57,-3.66,-3.51
2026-03-27T17:00:00Z,BRT,-4.57,74.5,995.5,16.39,17,86,-0.96593,-0.25882,0.99583,0.09126,-3.97,-3.33,-3.99
2026-03-27T18:00:00Z,BRT,-3.97,75.4,994.1,15.42,18,86,-1.0,-0.0,0.99583,0.09126,-4.08,-3.39,-3.9
2026-03-27T19:00:00Z,BRT,-4.08,78.3,995.6,13.46,19,86,-0.96593,0.25882,0.99583,0.09126,-4.73,-4.19,-3.72
2026-03-27T20:00:00Z,BRT,-4.73,76.7,996.5,12.01,20,86,-0.86603,0.5,0.99583,0.09126,-3.77,-5.36,-3.87
2026-03-27T21:00:00Z,BRT,-3.77,69.4,998.3,9.81,21,86,-0.70711,0.70711,0.99583,0.09126,-3.66,-5.07,-3.59
2026-03-27T22:00:00Z,BRT,-3.66,67.6,998.7,13.91,22,86,-0.5,0.86603,0.99583,0.09126,-3.33,-5.1,-2.8
2026-03-27T23:00:00Z,BRT,-3.33,56.5,1001.3,8.5,23,86,-0.25882,0.96593,0.99583,0.09126,-3.39,-5.71,-3.18
2026-03-28T00:00:00Z,BRT,-3.39,61.1,1001.5,9.4,0,87,0.0,1.0,0.99725,0.07412,-4.19,-5.71,-3.17
2026-03-28T01:00:00Z,BRT,-4.19,74.9,1000.1,9.93,1,87,0.25882,0.96593,0.99725,0.07412,-5.36,-5.89,-3.38
2026-03-28T02:00:00Z,BRT,-5.36,56.9,1005.4,4.56,2,87,0.5,0.86603,0.99725,0.07412,-5.07,-5.72,-2.18
2026-03-28T03:00:00Z,BRT,-5.07,59.9,1003.2,10.0,3,87,0.70711,0.70711,0.99725,0.07412,-5.1,-5.25,-0.76
2026-03-28T04:00:00Z,BRT,-5.1,67.6,1002.8,7.31,4,87,0.86603,0.5,0.99725,0.07412,-5.71,-5.24,-0.81
2026-03-28T05:00:00Z,BRT,-5.71,63.8,1003.1,10.62,5,87,0.96593,0.25882,0.99725,0.07412,-5.71,-4.55,-0.18
2026-03-28T06:00:00Z,BRT,-5.71,69.1,1002.8,7.2,6,87,1.0,0.0,0.99725,0.07412,-5.89,-4.82,-0.25
2026-03-28T07:00:00Z,BRT,-5.89,61.5,1000.9,7.4,7,87,0.96593,-0.25882,0.99725,0.07412,-5.72,-4.83,0.81
2026-03-28T08:00:00Z,BRT,-5.72,61.4,1000.5,4.33,8,87,0.86603,-0.5,0.99725,0.07412,-5.25,-3.67,0.21
2026-03-28T09:00:00Z,BRT,-5.25,73.1,1006.4,6.34,9,87,0.70711,-0.70711,0.99725,0.07412,-5.24,-3.28,-1.08
2026-03-28T10:00:00Z,BRT,-5.24,51.6,1007.9,6.82,10,87,0.5,-0.86603,0.99725,0.07412,-4.55,-3.51,-1.51
2026-03-28T11:00:00Z,BRT,-4.55,63.3,1008.5,6.05,11,87,0.25882,-0.96593,0.99725,0.07412,-4.82,-3.99,-1.79
2026-03-28T12:00:00Z,BRT,-4.82,67.5,1008.4,8.55,12,87,0.0,-1.0,0.99725,0.07412,-4.83,-3.9,-2.37
2026-03-28T13:00:00Z,BRT,-4.83,68.4,1008.0,8.17,13,87,-0.25882,-0.96593,0.99725,0.07412,-3.67,-3.72,-3.11
2026-03-28T14:00:00Z,BRT,-3.67,52.5,1006.6,6.4,14,87,-0.5,-0.86603,0.99725,0.07412,-3.28,-3.87,-2.52
2026-03-28T15:00:00Z,BRT,-3.28,75.5,1005.5,6.83,15,87,-0.70711,-0.70711,0.99725,0.07412,-3.51,-3.59,-1.88
2026-03-28T16:00:00Z,BRT,-3.51,67.4,1005.4,8.85,16,87,-0.86603,-0.5,0.99725,0.07412,-3.99,-2.8,-3.02
2026-03-28T17:00:00Z,BRT,-3.99,53.7,1006.5,12.41,17,87,-0.96593,-0.25882,0.99725,0.07412,-3.9,-3.18,-2.91
2026-03-28T18:00:00Z,BRT,-3.9,63.5,1006.8,15.32,18,87,-1.0,-0.0,0.99725,0.07412,-3.72,-3.17,-4.53
2026-03-28T19:00:00Z,BRT,-3.72,65.0,1007.5,9.68,19,87,-0.96593,0.25882,0.99725,0.07412,-3.87,-3.38,-3.64
2026-03-28T20:00:00Z,BRT,-3.87,67.1,1005.8,12.81,20,87,-0.86603,0.5,0.99725,0.07412,-3.59,-2.18,-2.42
2026-03-28T21:00:00Z,BRT,-3.59,61.9,1005.3,11.93,21,87,-0.70711,0.70711,0.99725,0.07412,-2.8,-0.76,-0.55
2026-03-28T22:00:00Z,BRT,-2.8,71.3,1003.6,10.46,22,87,-0.5,0.86603,0.99725,0.07412,-3.18,-0.81,-0.98
2026-03-28T23:00:00Z,BRT,-3.18,69.0,1003.3,7.98,23,87,-0.25882,0.96593,0.99725,0.07412,-3.17,-0.18,-3.48
2026-03-29T00:00:00Z,BRT,-3.17,69.0,1001.6,8.94,0,88,0.0,1.0,0.99838,0.05695,-3.38,-0.25,-4.36
2026-03-29T01:00:00Z,BRT,-3.38,67.8,1001.2,11.73,1,88,0.25882,0.96593,0.99838,0.05695,-2.18,0.81,-4.16
2026-03-29T02:00:00Z,BRT,-2.18,66.6,1000.0,8.74,2,88,0.5,0.86603,0.99838,0.05695,-0.76,0.21,-3.39
2026-03-29T03:00:00Z,BRT,-0.76,64.0,999.9,12.58,3,88,0.70711,0.70711,0.99838,0.05695,-0.81,-1.08,-3.41
2026-03-29T04:00:00Z,BRT,-0.81,63.5,1000.4,9.03,4,88,0.86603,0.5,0.99838,0.05695,-0.18,-1.51,-3.23
2026-03-29T05:00:00Z,BRT,-0.18,70.1,1000.5,9.85,5,88,0.96593,0.25882,0.99838,0.05695,-0.25,-1.79,-3.63
2026-03-29T06:00:00Z,BRT,-0.25,70.3,999.6,7.58,6,88,1.0,0.0,0.99838,0.05695,0.81,-2.37,-3.06
2026-03-29T07:00:00Z,BRT,0.81,69.9,998.3,12.45,7,88,0.96593,-0.25882,0.99838,0.05695,0.21,-3.11,-3.76
2026-03-29T08:00:00Z,BRT,0.21,71.7,997.3,7.31,8,88,0.86603,-0.5,0.99838,0.05695,-1.08,-2.52,-2.7
2026-03-29T09:00:00Z,BRT,-1.08,72.3,994.0,9.77,9,88,0.70711,-0.70711,0.99838,0.05695,-1.51,-1.88,-3.83
2026-03-29T10:00:00Z,BRT,-1.51,81.3,992.2,13.97,10,88,0.5,-0.86603,0.99838,0.05695,-1.79,-3.02,-2.66
2026-03-29T11:00:00Z,BRT,-1.79,78.2,991.4,12.55,11,88,0.25882,-0.96593,0.99838,0.05695,-2.37,-2.91,-3.28
2026-03-29T12:00:00Z,BRT,-2.37,78.1,989.0,15.93,12,88,0.0,-1.0,0.99838,0.05695,-3.11,-4.53,-4.11
2026-03-29T13:00:00Z,BRT,-3.11,77.2,987.4,15.36,13,88,-0.25882,-0.96593,0.99838,0.05695,-2.52,-3.64,-3.84
2026-03-29T14:00:00Z,BRT,-2.52,86.0,985.6,14.1,14,88,-0.5,-0.86603,0.99838,0.05695,-1.88,-2.42,-3.67
2026-03-29T15:00:00Z,BRT,-1.88,72.0,987.9,17.66,15,88,-0.70711,-0.70711,0.99838,0.05695,-3.02,-0.55,-4.34
2026-03-29T16:00:00Z,BRT,-3.02,73.9,987.5,14.37,16,88,-0.86603,-0.5,0.99838,0.05695,-2.91,-0.98,-3.2
2026-03-29T17:00:00Z,BRT,-2.91,87.6,985.6,18.38,17,88,-0.96593,-0.25882,0.99838,0.05695,-4.53,-3.48,-3.25
2026-03-29T18:00:00Z,BRT,-4.53,83.9,986.6,13.91,18,88,-1.0,-0.0,0.99838,0.05695,-3.64,-4.36,-1.47
2026-03-29T19:00:00Z,BRT,-3.64,76.7,986.0,15.24,19,88,-0.96593,0.25882,0.99838,0.05695,-2.42,-4.16,-1.61
2026-03-29T20:00:00Z,BRT,-2.42,87.8,984.4,12.68,20,88,-0.86603,0.5,0.99838,0.05695,-0.55,-3.39,-2.56
2026-03-29T21:00:00Z,BRT,-0.55,78.4,986.7,13.93,21,88,-0.70711,0.70711,0.99838,0.05695,-0.98,-3.41,-2.86
2026-03-29T22:00:00Z,BRT,-0.98,81.8,988.1,16.22,22,88,-0.5,0.86603,0.99838,0.05695,-3.48,-3.23,-3.65
2026-03-29T23:00:00Z,BRT,-3.48,76.0,987.8,9.65,23,88,-0.25882,0.96593,0.99838,0.05695,-4.36,-3.63,-2.46
2026-03-30T00:00:00Z,BRT,-4.36,67.9,990.0,12.67,0,89,0.0,1.0,0.99921,0.03977,-4.16,-3.06,-2.08
2026-03-30T01:00:00Z,BRT,-4.16,71.0,990.7,14.68,1,89,0.25882,0.96593,0.99921,0.03977,-3.39,-3.76,-2.63
2026-03-30T02:00:00Z,BRT,-3.39,72.3,992.8,11.04,2,89,0.5,0.86603,0.99921,0.03977,-3.41,-2.7,-3.5
2026-03-30T03:00:00Z,BRT,-3.41,88.1,992.0,12.39,3,89,0.70711,0.70711,0.99921,0.03977,-3.23,-3.83,-4.25
2026-03-30T04:00:00Z,BRT,-3.23,82.4,987.9,12.79,4,89,0.86603,0.5,0.99921,0.03977,-3.63,-2.66,-2.83
2026-03-30T05:00:00Z,BRT,-3.63,81.1,988.7,14.41,5,89,0.96593,0.25882,0.99921,0.03977,-3.06,-3.28,-3.79
2026-03-30T06:00:00Z,BRT,-3.06,78.3,987.4,10.5,6,89,1.0,0.0,0.99921,0.03977,-3.76,-4.11,-4.64
2026-03-30T07:00:00Z,BRT,-3.76,84.3,987.2,10.05,7,89,0.96593,-0.25882,0.99921,0.03977,-2.7,-3.84,-4.2
2026-03-30T08:00:00Z,BRT,-2.7,78.3,990.0,12.84,8,89,0.86603,-0.5,0.99921,0.03977,-3.83,-3.67,-4.54
2026-03-30T09:00:00Z,BRT,-3.83,77.6,994.4,11.69,9,89,0.70711,-0.70711,0.99921,0.03977,-2.66,-4.34,-4.17
2026-03-30T10:00:00Z,BRT,-2.66,74.5,996.1,8.7,10,89,0.5,-0.86603,0.99921,0.03977,-3.28,-3.2,-2.96
2026-03-30T11:00:00Z,BRT,-3.28,75.0,997.0,6.68,11,89,0.25882,-0.96593,0.99921,0.03977,-4.11,-3.25,-3.41
2026-03-30T12:00:00Z,BRT,-4.11,70.6,995.5,6.9,12,89,0.0,-1.0,0.99921,0.03977,-3.84,-1.47,-3.85
2026-03-30T13:00:00Z,BRT,-3.84,71.6,995.1,9.3,13,89,-0.25882,-0.96593,0.99921,0.03977,-3.67,-1.61,-4.05
2026-03-30T14:00:00Z,BRT,-3.67,66.3,996.2,15.21,14,89,-0.5,-0.86603,0.99921,0.03977,-4.34,-2.56,-4.68
2026-03-30T15:00:00Z,BRT,-4.34,73.3,992.7,12.02,15,89,-0.70711,-0.70711,0.99921,0.03977,-3.2,-2.86,-6.21
2026-03-30T16:00:00Z,BRT,-3.2,77.2,991.3,13.82,16,89,-0.86603,-0.5,0.99921,0.03977,-3.25,-3.65,-6.28
2026-03-30T17:00:00Z,BRT,-3.25,77.9,991.4,15.23,17,89,-0.96593,-0.25882,0.99921,0.03977,-1.47,-2.46,-5.42
2026-03-30T18:00:00Z,BRT,-1.47,79.7,990.3,17.78,18,89,-1.0,-0.0,0.99921,0.03977,-1.61,-2.08,-4.67
2026-03-30T19:00:00Z,BRT,-1.61,87.0,991.6,16.28,19,89,-0.96593,0.25882,0.99921,0.03977,-2.56,-2.63,-5.65
2026-03-30T20:00:00Z,BRT,-2.56,76.9,991.6,13.66,20,89,-0.86603,0.5,0.99921,0.03977,-2.86,-3.5,-4.1
2026-03-30T21:00:00Z,BRT,-2.86,77.8,988.2,11.91,21,89,-0.70711,0.70711,0.99921,0.03977,-3.65,-4.25,-4.06
2026-03-30T22:00:00Z,BRT,-3.65,78.5,991.1,14.27,22,89,-0.5,0.86603,0.99921,0.03977,-2.46,-2.83,-5.05
2026-03-30T23:00:00Z,BRT,-2.46,70.8,991.7,15.96,23,89,-0.25882,0.96593,0.99921,0.03977,-2.08,-3.79,-4.58
2026-03-31T00:00:00Z,BRT,-2.08,86.8,989.1,13.91,0,90,0.0,1.0,0.99975,0.02258,-2.63,-4.64,-5.41
2026-03-31T01:00:00Z,BRT,-2.63,79.9,990.4,10.78,1,90,0.25882,0.96593,0.99975,0.02258,-3.5,-4.2,-5.41
2026-03-31T02:00:00Z,BRT,-3.5,86.8,990.4,11.68,2,90,0.5,0.86603,0.99975,0.02258,-4.25,-4.54,-5.82
2026-03-31T03:00:00Z,BRT,-4.25,70.9,991.7,7.87,3,90,0.70711,0.70711,0.99975,0.02258,-2.83,-4.17,-6.18
2026-03-31T04:00:00Z,BRT,-2.83,76.5,991.8,14.77,4,90,0.86603,0.5,0.99975,0.02258,-3.79,-2.96,-5.67
2026-03-31T05:00:00Z,BRT,-3.79,76.6,993.0,7.98,5,90,0.96593,0.25882,0.99975,0.02258,-4.64,-3.41,-4.98
2026-03-31T06:00:00Z,BRT,-4.64,73.2,990.0,11.78,6,90,1.0,0.0,0.99975,0.02258,-4.2,-3.85,-3.74
2026-03-31T07:00:00Z,BRT,-4.2,76.4,986.3,11.52,7,90,0.96593,-0.25882,0.99975,0.02258,-4.54,-4.05,-4.96
2026-03-31T08:00:00Z,BRT,-4.54,85.6,986.2,10.99,8,90,0.86603,-0.5,0.99975,0.02258,-4.17,-4.68,-4.99
2026-03-31T09:00:00Z,BRT,-4.17,80.6,986.3,14.7,9,90,0.70711,-0.70711,0.99975,0.02258,-2.96,-6.21,-4.03
2026-03-31T10:00:00Z,BRT,-2.96,85.7,984.8,14.23,10,90,0.5,-0.86603,0.99975,0.02258,-3.41,-6.28,-4.13
2026-03-31T11:00:00Z,BRT,-3.41,89.4,981.3,13.77,11,90,0.25882,-0.96593,0.99975,0.02258,-3.85,-5.42,-3.7
2026-03-31T12:00:00Z,BRT,-3.85,86.0,983.5,15.03,12,90,0.0,-1.0,0.99975,0.02258,-4.05,-4.67,-4.19
2026-03-31T13:00:00Z,BRT,-4.05,80.8,984.1,16.81,13,90,-0.25882,-0.96593,0.99975,0.02258,-4.68,-5.65,-4.03
2026-03-31T14:00:00Z,BRT,-4.68,85.2,980.7,17.36,14,90,-0.5,-0.86603,0.99975,0.02258,-6.21,-4.1,-3.47
2026-03-31T15:00:00Z,BRT,-6.21,78.5,982.5,16.72,15,90,-0.70711,-0.70711,0.99975,0.02258,-6.28,-4.06,-2.3
2026-03-31T16:00:00Z,BRT,-6.28,87.8,986.4,16.9,16,90,-0.86603,-0.5,0.99975,0.02258,-5.42,-5.05,-3.81
2026-03-31T17:00:00Z,BRT,-5.42,89.2,987.4,16.67,17,90,-0.96593,-0.25882,0.99975,0.02258,-4.67,-4.58,-5.26
2026-03-31T18:00:00Z,BRT,-4.67,82.9,986.7,14.02,18,90,-1.0,-0.0,0.99975,0.02258,-5.65,-5.41,-5.46
2026-03-31T19:00:00Z,BRT,-5.65,73.0,989.4,14.57,19,90,-0.96593,0.25882,0.99975,0.02258,-4.1,-5.41,-5.16
2026-03-31T20:00:00Z,BRT,-4.1,86.0,989.9,15.1,20,90,-0.86603,0.5,0.99975,0.02258,-4.06,-5.82,-4.86
2026-03-31T21:00:00Z,BRT,-4.06,88.3,987.8,14.06,21,90,-0.70711,0.70711,0.99975,0.02258,-5.05,-6.18,-5.52
2026-03-31T22:00:00Z,BRT,-5.05,83.5,989.2,14.51,22,90,-0.5,0.86603,0.99975,0.02258,-4.58,-5.67,-5.19
2026-03-31T23:00:00Z,BRT,-4.58,79.0,989.2,13.95,23,90,-0.25882,0.96593,0.99975,0.02258,-5.41,-4.98,-5.93
2026-04-01T00:00:00Z,BRT,-5.41,73.2,987.4,12.82,0,91,0.0,1.0,0.99999,0.00538,-5.41,-3.74,-7.16
2026-04-01T01:00:00Z,BRT,-5.41,85.0,988.6,14.71,1,91,0.25882,0.96593,0.99999,0.00538,-5.82,-4.96,-7.2
2026-04-01T02:00:00Z,BRT,-5.82,90.6,987.8,14.56,2,91,0.5,0.86603,0.99999,0.00538,-6.18,-4.99,-5.74
2026-04-01T03:00:00Z,BRT,-6.18,72.6,989.9,11.02,3,91,0.70711,0.70711,0.99999,0.00538,-5.67,-4.03,-4.83
2026-04-01T04:00:00Z,BRT,-5.67,78.4,992.0,13.23,4,91,0.86603,0.5,0.99999,0.00538,-4.98,-4.13,-4.24
2026-04-01T05:00:00Z,BRT,-4.98,82.3,990.8,13.4,5,91,0.96593,0.25882,0.99999,0.00538,-3.74,-3.7,-3.57
2026-04-01T06:00:00Z,BRT,-3.74,84.0,990.8,12.03,6,91,1.0,0.0,0.99999,0.00538,-4.96,-4.19,-2.56
2026-04-01T07:00:00Z,BRT,-4.96,74.2,990.8,9.97,7,91,0.96593,-0.25882,0.99999,0.00538,-4.99,-4.03,-2.33
2026-04-01T08:00:00Z,BRT,-4.99,76.1,992.9,10.86,8,91,0.86603,-0.5,0.99999,0.00538,-4.03,-3.47,-3.59
2026-04-01T09:00:00Z,BRT,-4.03,77.3,991.3,13.38,9,91,0.70711,-0.70711,0.99999,0.00538,-4.13,-2.3,-4.03
2026-04-01T10:00:00Z,BRT,-4.13,84.1,988.2,8.24,10,91,0.5,-0.86603,0.99999,0.00538,-3.7,-3.81,-3.86
2026-04-01T11:00:00Z,BRT,-3.7,77.3,990.3,12.11,11,91,0.25882,-0.96593,0.99999,0.00538,-4.19,-5.26,-4.45
2026-04-01T12:00:00Z,BRT,-4.19,69.2,993.8,11.62,12,91,0.0,-1.0,0.99999,0.00538,-4.03,-5.46,-5.95
2026-04-01T13:00:00Z,BRT,-4.03,71.2,995.2,4.5,13,91,-0.25882,-0.96593,0.99999,0.00538,-3.47,-5.16,-6.75
2026-04-01T14:00:00Z,BRT,-3.47,70.8,995.1,14.81,14,91,-0.5,-0.86603,0.99999,0.00538,-2.3,-4.86,-6.38
2026-04-01T15:00:00Z,BRT,-2.3,79.3,994.4,17.52,15,91,-0.70711,-0.70711,0.99999,0.00538,-3.81,-5.52,-7.42
2026-04-01T16:00:00Z,BRT,-3.81,73.0,997.2,10.37,16,91,-0.86603,-0.5,0.99999,0.00538,-5.26,-5.19,-8.0
2026-04-01T17:00:00Z,BRT,-5.26,67.7,995.5,13.93,17,91,-0.96593,-0.25882,0.99999,0.00538,-5.46,-5.93,-7.64
2026-04-01T18:00:00Z,BRT,-5.46,74.5,996.8,15.3,18,91,-1.0,-0.0,0.99999,0.00538,-5.16,-7.16,-7.47
2026-04-01T19:00:00Z,BRT,-5.16,71.7,1000.0,13.21,19,91,-0.96593,0.25882,0.99999,0.00538,-4.86,-7.2,-7.92
2026-04-01T20:00:00Z,BRT,-4.86,62.8,1001.7,10.77,20,91,-0.86603,0.5,0.99999,0.00538,-5.52,-5.74,-9.18
2026-04-01T21:00:00Z,BRT,-5.52,62.9,1004.0,9.38,21,91,-0.70711,0.70711,0.99999,0.00538,-5.19,-4.83,-9.06
2026-04-01T22:00:00Z,BRT,-5.19,62.1,1004.2,10.56,22,91,-0.5,0.86603,0.99999,0.00538,-5.93,-4.24,-9.13
2026-04-01T23:00:00Z,BRT,-5.93,71.1,1007.2,8.14,23,91,-0.25882,0.96593,0.99999,0.00538,-7.16,-3.57,-8.59
2026-04-02T00:00:00Z,BRT,-7.16,64.3,1011.1,5.22,0,92,0.0,1.0,0.99993,-0.01183,-7.2,-2.56,-8.3
2026-04-02T01:00:00Z,BRT,-7.2,54.0,1012.5,5.74,1,92,0.25882,0.96593,0.99993,-0.01183,-5.74,-2.33,-6.61
2026-04-02T02:00:00Z,BRT,-5.74,51.3,1012.0,5.06,2,92,0.5,0.86603,0.99993,-0.01183,-4.83,-3.59,-6.79
2026-04-02T03:00:00Z,BRT,-4.83,60.5,1014.0,4.09,3,92,0.70711,0.70711,0.99993,-0.01183,-4.24,-4.03,-7.29
2026-04-02T04:00:00Z,BRT,-4.24,54.8,1014.7,6.65,4,92,0.86603,0.5,0.99993,-0.01183,-3.57,-3.86,-6.31
2026-04-02T05:00:00Z,BRT,-3.57,61.6,1012.9,5.02,5,92,0.96593,0.25882,0.99993,-0.01183,-2.56,-4.45,-5.95
2026-04-02T06:00:00Z,BRT,-2.56,53.9,1016.2,4.92,6,92,1.0,0.0,0.99993,-0.01183,-2.33,-5.95,-7.28
2026-04-02T07:00:00Z,BRT,-2.33,52.3,1017.6,6.29,7,92,0.96593,-0.25882,0.99993,-0.01183,-3.59,-6.75,-6.83
2026-04-02T08:00:00Z,BRT,-3.59,56.1,1019.2,5.03,8,92,0.86603,-0.5,0.99993,-0.01183,-4.03,-6.38,-5.3
2026-04-02T09:00:00Z,BRT,-4.03,49.8,1018.8,2.15,9,92,0.70711,-0.70711,0.99993,-0.01183,-3.86,-7.42,-5.75
2026-04-02T10:00:00Z,BRT,-3.86,53.8,1019.2,3.55,10,92,0.5,-0.86603,0.99993,-0.01183,-4.45,-8.0,-6.17
2026-04-02T11:00:00Z,BRT,-4.45,55.8,1017.7,4.01,11,92,0.25882,-0.96593,0.99993,-0.01183,-5.95,-7.64,-6.56
2026-04-02T12:00:00Z,BRT,-5.95,49.1,1019.1,4.93,12,92,0.0,-1.0,0.99993,-0.01183,-6.75,-7.47,-6.27
2026-04-02T13:00:00Z,BRT,-6.75,44.1,1022.7,5.72,13,92,-0.25882,-0.96593,0.99993,-0.01183,-6.38,-7.92,-6.41
2026-04-02T14:00:00Z,BRT,-6.38,51.2,1019.5,10.68,14,92,-0.5,-0.86603,0.99993,-0.01183,-7.42,-9.18,-4.26
2026-04-02T15:00:00Z,BRT,-7.42,44.7,1019.2,8.01,15,92,-0.70711,-0.70711,0.99993,-0.01183,-8.0,-9.06,-3.69
2026-04-02T16:00:00Z,BRT,-8.0,60.2,1018.3,9.78,16,92,-0.86603,-0.5,0.99993,-0.01183,-7.64,-9.13,-3.18
2026-04-02T17:00:00Z,BRT,-7.64,63.2,1019.2,7.85,17,92,-0.96593,-0.25882,0.99993,-0.01183,-7.47,-8.59,-2.19
2026-04-02T18:00:00Z,BRT,-7.47,50.1,1017.6,7.39,18,92,-1.0,-0.0,0.99993,-0.01183,-7.92,-8.3,-3.33
2026-04-02T19:00:00Z,BRT,-7.92,50.6,1019.1,9.61,19,92,-0.96593,0.25882,0.99993,-0.01183,-9.18,-6.61,-3.4
2026-04-02T20:00:00Z,BRT,-9.18,48.6,1017.4,7.72,20,92,-0.86603,0.5,0.99993,-0.01183,-9.06,-6.79,-4.28
2026-04-02T21:00:00Z,BRT,-9.06,51.0,1016.9,4.86,21,92,-0.70711,0.70711,0.99993,-0.01183,-9.13,-7.29,-4.41
2026-04-02T22:00:00Z,BRT,-9.13,58.8,1013.8,7.14,22,92,-0.5,0.86603,0.99993,-0.01183,-8.59,-6.31,-4.14
2026-04-02T23:00:00Z,BRT,-8.59,56.4,1014.4,7.31,23,92,-0.25882,0.96593,0.99993,-0.01183,-8.3,-5.95,-4.5
2026-04-03T00:00:00Z,BRT,-8.3,57.3,1016.0,4.17,0,93,0.0,1.0,0.99958,-0.02903,-6.61,-7.28,-4.82
2026-04-03T01:00:00Z,BRT,-6.61,57.0,1014.3,3.63,1,93,0.25882,0.96593,0.99958,-0.02903,-6.79,-6.83,-3.65
2026-04-03T02:00:00Z,BRT,-6.79,55.4,1012.0,7.5,2,93,0.5,0.86603,0.99958,-0.02903,-7.29,-5.3,-4.48
2026-04-03T03:00:00Z,BRT,-7.29,54.9,1011.5,7.43,3,93,0.70711,0.70711,0.99958,-0.02903,-6.31,-5.75,-3.72
2026-04-03T04:00:00Z,BRT,-6.31,70.1,1008.6,7.95,4,93,0.86603,0.5,0.99958,-0.02903,-5.95,-6.17,-3.17
2026-04-03T05:00:00Z,BRT,-5.95,62.2,1004.8,8.63,5,93,0.96593,0.25882,0.99958,-0.02903,-7.28,-6.56,-2.89
2026-04-03T06:00:00Z,BRT,-7.28,65.4,1005.8,12.46,6,93,1.0,0.0,0.99958,-0.02903,-6.83,-6.27,-2.91
2026-04-03T07:00:00Z,BRT,-6.83,60.5,1003.0,7.55,7,93,0.96593,-0.25882,0.99958,-0.02903,-5.3,-6.41,-3.95
2026-04-03T08:00:00Z,BRT,-5.3,67.5,1002.6,6.65,8,93,0.86603,-0.5,0.99958,-0.02903,-5.75,-4.26,-4.7
2026-04-03T09:00:00Z,BRT,-5.75,64.8,1003.6,4.37,9,93,0.70711,-0.70711,0.99958,-0.02903,-6.17,-3.69,-4.62
2026-04-03T10:00:00Z,BRT,-6.17,67.2,1005.3,5.8,10,93,0.5,-0.86603,0.99958,-0.02903,-6.56,-3.18,-4.31
2026-04-03T11:00:00Z,BRT,-6.56,74.4,1003.1,6.82,11,93,0.25882,-0.96593,0.99958,-0.02903,-6.27,-2.19,-4.76
2026-04-03T12:00:00Z,BRT,-6.27,70.8,1003.4,8.51,12,93,0.0,-1.0,0.99958,-0.02903,-6.41,-3.33,-5.99
2026-04-03T13:00:00Z,BRT,-6.41,73.0,1001.8,9.55,13,93,-0.25882,-0.96593,0.99958,-0.02903,-4.26,-3.4,-7.51
2026-04-03T14:00:00Z,BRT,-4.26,65.6,997.2,10.01,14,93,-0.5,-0.86603,0.99958,-0.02903,-3.69,-4.28,-6.41
2026-04-03T15:00:00Z,BRT,-3.69,79.5,995.5,11.55,15,93,-0.70711,-0.70711,0.99958,-0.02903,-3.18,-4.41,-5.78
2026-04-03T16:00:00Z,BRT,-3.18,65.8,995.6,13.08,16,93,-0.86603,-0.5,0.99958,-0.02903,-2.19,-4.14,-5.61
2026-04-03T17:00:00Z,BRT,-2.19,78.2,993.3,17.29,17,93,-0.96593,-0.25882,0.99958,-0.02903,-3.33,-4.5,-6.28
2026-04-03T18:00:00Z,BRT,-3.33,85.5,992.9,15.09,18,93,-1.0,-0.0,0.99958,-0.02903,-3.4,-4.82,-6.36
2026-04-03T19:00:00Z,BRT,-3.4,82.0,994.1,17.19,19,93,-0.96593,0.25882,0.99958,-0.02903,-4.28,-3.65,-5.98
2026-04-03T20:00:00Z,BRT,-4.28,64.3,997.6,12.19,20,93,-0.86603,0.5,0.99958,-0.02903,-4.41,-4.48,-4.91
2026-04-03T21:00:00Z,BRT,-4.41,77.6,998.9,12.95,21,93,-0.70711,0.70711,0.99958,-0.02903,-4.14,-3.72,-5.09
2026-04-03T22:00:00Z,BRT,-4.14,77.6,993.2,13.56,22,93,-0.5,0.86603,0.99958,-0.02903,-4.5,-3.17,-4.68
2026-04-03T23:00:00Z,BRT,-4.5,70.7,992.6,12.2,23,93,-0.25882,0.96593,0.99958,-0.02903,-4.82,-2.89,-4.04
2026-04-04T00:00:00Z,BRT,-4.82,87.1,992.9,13.18,0,94,0.0,1.0,0.99893,-0.04622,-3.65,-2.91,-4.01
2026-04-04T01:00:00Z,BRT,-3.65,77.3,994.9,13.42,1,94,0.25882,0.96593,0.99893,-0.04622,-4.48,-3.95,-4.82
2026-04-04T02:00:00Z,BRT,-4.48,74.3,994.7,9.94,2,94,0.5,0.86603,0.99893,-0.04622,-3.72,-4.7,-5.2
2026-04-04T03:00:00Z,BRT,-3.72,80.6,992.5,13.89,3,94,0.70711,0.70711,0.99893,-0.04622,-3.17,-4.62,-5.8
2026-04-04T04:00:00Z,BRT,-3.17,68.3,993.6,13.97,4,94,0.86603,0.5,0.99893,-0.04622,-2.89,-4.31,-4.21
2026-04-04T05:00:00Z,BRT,-2.89,70.0,991.8,12.37,5,94,0.96593,0.25882,0.99893,-0.04622,-2.91,-4.76,-5.77
2026-04-04T06:00:00Z,BRT,-2.91,76.9,987.8,10.86,6,94,1.0,0.0,0.99893,-0.04622,-3.95,-5.99,-6.73
2026-04-04T07:00:00Z,BRT,-3.95,82.1,988.6,11.18,7,94,0.96593,-0.25882,0.99893,-0.04622,-4.7,-7.51,-7.3
2026-04-04T08:00:00Z,BRT,-4.7,79.9,986.7,13.09,8,94,0.86603,-0.5,0.99893,-0.04622,-4.62,-6.41,-6.77
2026-04-04T09:00:00Z,BRT,-4.62,76.8,987.3,11.3,9,94,0.70711,-0.70711,0.99893,-0.04622,-4.31,-5.78,-6.92
2026-04-04T10:00:00Z,BRT,-4.31,77.2,987.2,13.3,10,94,0.5,-0.86603,0.99893,-0.04622,-4.76,-5.61,-7.43
2026-04-04T11:00:00Z,BRT,-4.76,87.1,985.0,15.67,11,94,0.25882,-0.96593,0.99893,-0.04622,-5.99,-6.28,-7.36
2026-04-04T12:00:00Z,BRT,-5.99,74.4,985.9,11.83,12,94,0.0,-1.0,0.99893,-0.04622,-7.51,-6.36,-7.86
2026-04-04T13:00:00Z,BRT,-7.51,80.0,987.1,13.54,13,94,-0.25882,-0.96593,0.99893,-0.04622,-6.41,-5.98,-7.35
2026-04-04T14:00:00Z,BRT,-6.41,81.4,988.9,14.31,14,94,-0.5,-0.86603,0.99893,-0.04622,-5.78,-4.91,-6.29
2026-04-04T15:00:00Z,BRT,-5.78,81.0,986.8,12.33,15,94,-0.70711,-0.70711,0.99893,-0.04622,-5.61,-5.09,-5.77
2026-04-04T16:00:00Z,BRT,-5.61,81.0,985.6,11.91,16,94,-0.86603,-0.5,0.99893,-0.04622,-6.28,-4.68,-5.42
2026-04-04T17:00:00Z,BRT,-6.28,78.8,983.8,16.72,17,94,-0.96593,-0.25882,0.99893,-0.04622,-6.36,-4.04,-5.13
2026-04-04T18:00:00Z,BRT,-6.36,79.8,985.5,13.31,18,94,-1.0,-0.0,0.99893,-0.04622,-5.98,-4.01,-5.57
2026-04-04T19:00:00Z,BRT,-5.98,77.7,988.4,16.05,19,94,-0.96593,0.25882,0.99893,-0.04622,-4.91,-4.82,-4.74
2026-04-04T20:00:00Z,BRT,-4.91,82.6,986.4,18.7,20,94,-0.86603,0.5,0.99893,-0.04622,-5.09,-5.2,-4.23
2026-04-04T21:00:00Z,BRT,-5.09,85.8,984.6,16.81,21,94,-0.70711,0.70711,0.99893,-0.04622,-4.68,-5.8,-3.48
2026-04-04T22:00:00Z,BRT,-4.68,84.6,984.3,17.25,22,94,-0.5,0.86603,0.99893,-0.04622,-4.04,-4.21,-4.4
2026-04-04T23:00:00Z,BRT,-4.04,84.0,984.8,10.47,23,94,-0.25882,0.96593,0.99893,-0.04622,-4.01,-5.77,-4.92
2026-04-05T00:00:00Z,BRT,-4.01,82.1,984.5,14.95,0,95,0.0,1.0,0.99799,-0.06339,-4.82,-6.73,-5.53
2026-04-05T01:00:00Z,BRT,-4.82,84.2,984.8,12.22,1,95,0.25882,0.96593,0.99799,-0.06339,-5.2,-7.3,-4.81
2026-04-05T02:00:00Z,BRT,-5.2,76.2,987.3,15.19,2,95,0.5,0.86603,0.99799,-0.06339,-5.8,-6.77,-5.05
2026-04-05T03:00:00Z,BRT,-5.8,78.0,984.2,11.13,3,95,0.70711,0.70711,0.99799,-0.06339,-4.21,-6.92,-5.24
2026-04-05T04:00:00Z,BRT,-4.21,91.7,984.2,12.8,4,95,0.86603,0.5,0.99799,-0.06339,-5.77,-7.43,-4.86
2026-04-05T05:00:00Z,BRT,-5.77,78.3,983.3,14.28,5,95,0.96593,0.25882,0.99799,-0.06339,-6.73,-7.36,-4.72
2026-04-05T06:00:00Z,BRT,-6.73,78.6,985.6,13.8,6,95,1.0,0.0,0.99799,-0.06339,-7.3,-7.86,-4.82
2026-04-05T07:00:00Z,BRT,-7.3,84.7,987.1,10.55,7,95,0.96593,-0.25882,0.99799,-0.06339,-6.77,-7.35,-4.76
2026-04-05T08:00:00Z,BRT,-6.77,80.4,989.0,9.15,8,95,0.86603,-0.5,0.99799,-0.06339,-6.92,-6.29,-3.95
2026-04-05T09:00:00Z,BRT,-6.92,82.3,989.5,10.25,9,95,0.70711,-0.70711,0.99799,-0.06339,-7.43,-5.77,-3.22
2026-04-05T10:00:00Z,BRT,-7.43,85.3,988.3,15.38,10,95,0.5,-0.86603,0.99799,-0.06339,-7.36,-5.42,-3.53
2026-04-05T11:00:00Z,BRT,-7.36,75.6,988.4,10.28,11,95,0.25882,-0.96593,0.99799,-0.06339,-7.86,-5.13,-3.58
2026-04-05T12:00:00Z,BRT,-7.86,89.3,985.5,16.0,12,95,0.0,-1.0,0.99799,-0.06339,-7.35,-5.57,-4.06
2026-04-05T13:00:00Z,BRT,-7.35,78.5,983.8,13.38,13,95,-0.25882,-0.96593,0.99799,-0.06339,-6.29,-4.74,-4.33
2026-04-05T14:00:00Z,BRT,-6.29,81.2,981.8,18.65,14,95,-0.5,-0.86603,0.99799,-0.06339,-5.77,-4.23,-5.91
2026-04-05T15:00:00Z,BRT,-5.77,88.1,986.4,16.66,15,95,-0.70711,-0.70711,0.99799,-0.06339,-5.42,-3.48,-5.84
2026-04-05T16:00:00Z,BRT,-5.42,80.0,985.8,16.62,16,95,-0.86603,-0.5,0.99799,-0.06339,-5.13,-4.4,-5.43
2026-04-05T17:00:00Z,BRT,-5.13,83.4,985.0,17.58,17,95,-0.96593,-0.25882,0.99799,-0.06339,-5.57,-4.92,-5.95
2026-04-05T18:00:00Z,BRT,-5.57,73.0,990.4,16.13,18,95,-1.0,-0.0,0.99799,-0.06339,-4.74,-5.53,-6.64
2026-04-05T19:00:00Z,BRT,-4.74,75.4,989.2,15.82,19,95,-0.96593,0.25882,0.99799,-0.06339,-4.23,-4.81,-5.74
2026-04-05T20:00:00Z,BRT,-4.23,79.7,988.0,16.03,20,95,-0.86603,0.5,0.99799,-0.06339,-3.48,-5.05,-5.98
2026-04-05T21:00:00Z,BRT,-3.48,74.5,988.7,18.36,21,95,-0.70711,0.70711,0.99799,-0.06339,-4.4,-5.24,-6.08
2026-04-05T22:00:00Z,BRT,-4.4,83.3,988.2,12.13,22,95,-0.5,0.86603,0.99799,-0.06339,-4.92,-4.86,-6.03
2026-04-05T23:00:00Z,BRT,-4.92,79.3,987.5,13.74,23,95,-0.25882,0.96593,0.99799,-0.06339,-5.53,-4.72,-6.21
2026-04-06T00:00:00Z,BRT,-5.53,78.4,987.5,9.97,0,96,0.0,1.0,0.99675,-0.08055,-4.81,-4.82,-5.27
2026-04-06T01:00:00Z,BRT,-4.81,80.2,982.8,14.82,1,96,0.25882,0.96593,0.99675,-0.08055,-5.05,-4.76,-5.07
2026-04-06T02:00:00Z,BRT,-5.05,74.1,983.9,16.42,2,96,0.5,0.86603,0.99675,-0.08055,-5.24,-3.95,-5.65
2026-04-06T03:00:00Z,BRT,-5.24,85.5,984.7,15.16,3,96,0.70711,0.70711,0.99675,-0.08055,-4.86,-3.22,-6.08
2026-04-06T04:00:00Z,BRT,-4.86,77.7,985.1,9.51,4,96,0.86603,0.5,0.99675,-0.08055,-4.72,-3.53,-4.84
2026-04-06T05:00:00Z,BRT,-4.72,82.3,984.5,9.44,5,96,0.96593,0.25882,0.99675,-0.08055,-4.82,-3.58,-5.08
2026-04-06T06:00:00Z,BRT,-4.82,78.7,985.6,13.93,6,96,1.0,0.0,0.99675,-0.08055,-4.76,-4.06,-3.71
2026-04-06T07:00:00Z,BRT,-4.76,86.8,987.2,14.35,7,96,0.96593,-0.25882,0.99675,-0.08055,-3.95,-4.33,-3.96
2026-04-06T08:00:00Z,BRT,-3.95,80.2,986.2,12.88,8,96,0.86603,-0.5,0.99675,-0.08055,-3.22,-5.91,-5.29
2026-04-06T09:00:00Z,BRT,-3.22,85.9,985.3,11.96,9,96,0.70711,-0.70711,0.99675,-0.08055,-3.53,-5.84,-6.85
2026-04-06T10:00:00Z,BRT,-3.53,81.3,983.6,13.33,10,96,0.5,-0.86603,0.99675,-0.08055,-3.58,-5.43,-7.06
2026-04-06T11:00:00Z,BRT,-3.58,76.2,984.0,14.07,11,96,0.25882,-0.96593,0.99675,-0.08055,-4.06,-5.95,-7.52
2026-04-06T12:00:00Z,BRT,-4.06,79.7,985.4,11.8,12,96,0.0,-1.0,0.99675,-0.08055,-4.33,-6.64,-6.99
2026-04-06T13:00:00Z,BRT,-4.33,83.4,985.9,12.27,13,96,-0.25882,-0.96593,0.99675,-0.08055,-5.91,-5.74,-7.56
2026-04-06T14:00:00Z,BRT,-5.91,84.9,985.7,14.03,14,96,-0.5,-0.86603,0.99675,-0.08055,-5.84,-5.98,-8.61
2026-04-06T15:00:00Z,BRT,-5.84,79.5,987.9,14.83,15,96,-0.70711,-0.70711,0.99675,-0.08055,-5.43,-6.08,-5.9
2026-04-06T16:00:00Z,BRT,-5.43,90.9,990.3,14.02,16,96,-0.86603,-0.5,0.99675,-0.08055,-5.95,-6.03,-6.49
2026-04-06T17:00:00Z,BRT,-5.95,79.4,989.5,13.52,17,96,-0.96593,-0.25882,0.99675,-0.08055,-6.64,-6.21,-5.11
2026-04-06T18:00:00Z,BRT,-6.64,73.9,990.7,13.57,18,96,-1.0,-0.0,0.99675,-0.08055,-5.74,-5.27,-5.01
2026-04-06T19:00:00Z,BRT,-5.74,77.0,990.7,18.87,19,96,-0.96593,0.25882,0.99675,-0.08055,-5.98,-5.07,-3.36
2026-04-06T20:00:00Z,BRT,-5.98,71.4,993.1,17.8,20,96,-0.86603,0.5,0.99675,-0.08055,-6.08,-5.65,-2.95
2026-04-06T21:00:00Z,BRT,-6.08,88.2,991.6,12.74,21,96,-0.70711,0.70711,0.99675,-0.08055,-6.03,-6.08,-3.74
2026-04-06T22:00:00Z,BRT,-6.03,72.4,991.9,11.44,22,96,-0.5,0.86603,0.99675,-0.08055,-6.21,-4.84,-4.0
2026-04-06T23:00:00Z,BRT,-6.21,80.8,993.8,13.44,23,96,-0.25882,0.96593,0.99675,-0.08055,-5.27,-5.08,-3.23
2026-04-07T00:00:00Z,BRT,-5.27,71.5,996.3,7.78,0,97,0.0,1.0,0.99522,-0.09768,-5.07,-3.71,-2.72
2026-04-07T01:00:00Z,BRT,-5.07,76.1,999.8,9.67,1,97,0.25882,0.96593,0.99522,-0.09768,-5.65,-3.96,-3.52
2026-04-07T02:00:00Z,BRT,-5.65,70.8,997.9,8.11,2,97,0.5,0.86603,0.99522,-0.09768,-6.08,-5.29,-3.64
2026-04-07T03:00:00Z,BRT,-6.08,65.4,999.2,8.17,3,97,0.70711,0.70711,0.99522,-0.09768,-4.84,-6.85,-3.41
2026-04-07T04:00:00Z,BRT,-4.84,76.2,996.0,6.62,4,97,0.86603,0.5,0.99522,-0.09768,-5.08,-7.06,-3.66
2026-04-07T05:00:00Z,BRT,-5.08,71.0,995.5,11.22,5,97,0.96593,0.25882,0.99522,-0.09768,-3.71,-7.52,-3.94
2026-04-07T06:00:00Z,BRT,-3.71,67.2,998.5,10.77,6,97,1.0,0.0,0.99522,-0.09768,-3.96,-6.99,-5.1
2026-04-07T07:00:00Z,BRT,-3.96,69.4,998.6,10.02,7,97,0.96593,-0.25882,0.99522,-0.09768,-5.29,-7.56,-4.69
2026-04-07T08:00:00Z,BRT,-5.29,62.0,1001.0,9.78,8,97,0.86603,-0.5,0.99522,-0.09768,-6.85,-8.61,-4.35
2026-04-07T09:00:00Z,BRT,-6.85,63.7,1000.9,12.5,9,97,0.70711,-0.70711,0.99522,-0.09768,-7.06,-5.9,-4.25
2026-04-07T10:00:00Z,BRT,-7.06,64.7,1003.6,8.89,10,97,0.5,-0.86603,0.99522,-0.09768,-7.52,-6.49,-5.5
2026-04-07T11:00:00Z,BRT,-7.52,59.5,1004.9,7.78,11,97,0.25882,-0.96593,0.99522,-0.09768,-6.99,-5.11,-6.31
2026-04-07T12:00:00Z,BRT,-6.99,69.1,1004.5,8.34,12,97,0.0,-1.0,0.99522,-0.09768,-7.56,-5.01,-5.12
2026-04-07T13:00:00Z,BRT,-7.56,67.1,1006.3,8.92,13,97,-0.25882,-0.96593,0.99522,-0.09768,-8.61,-3.36,-5.98
2026-04-07T14:00:00Z,BRT,-8.61,59.1,1008.2,5.07,14,97,-0.5,-0.86603,0.99522,-0.09768,-5.9,-2.95,-6.31
2026-04-07T15:00:00Z,BRT,-5.9,68.9,1006.4,28.53,15,97,-0.70711,-0.70711,0.99522,-0.09768,-6.49,-3.74,-6.28
2026-04-07T16:00:00Z,BRT,-6.49,65.5,1008.6,23.41,16,97,-0.86603,-0.5,0.99522,-0.09768,-5.11,-4.0,-5.69
2026-04-07T17:00:00Z,BRT,-5.11,66.8,1006.5,25.26,17,97,-0.96593,-0.25882,0.99522,-0.09768,-5.01,-3.23,-5.62
2026-04-07T18:00:00Z,BRT,-5.01,63.7,1006.6,26.71,18,97,-1.0,-0.0,0.99522,-0.09768,-3.36,-2.72,-5.51
2026-04-07T19:00:00Z,BRT,-3.36,65.4,1006.2,26.59,19,97,-0.96593,0.25882,0.99522,-0.09768,-2.95,-3.52,-7.51
2026-04-07T20:00:00Z,BRT,-2.95,68.8,1006.0,24.78,20,97,-0.86603,0.5,0.99522,-0.09768,-3.74,-3.64,-6.79
2026-04-07T21:00:00Z,BRT,-3.74,67.4,1004.4,24.24,21,97,-0.70711,0.70711,0.99522,-0.09768,-4.0,-3.41,-7.26
2026-04-07T22:00:00Z,BRT,-4.0,61.8,1006.4,22.7,22,97,-0.5,0.86603,0.99522,-0.09768,-3.23,-3.66,-7.77
2026-04-07T23:00:00Z,BRT,-3.23,72.7,1005.4,22.89,23,97,-0.25882,0.96593,0.99522,-0.09768,-2.72,-3.94,-7.78
2026-04-08T00:00:00Z,BRT,-2.72,74.3,1006.7,25.0,0,98,0.0,1.0,0.99339,-0.11479,-3.52,-5.1,-8.73
2026-04-08T01:00:00Z,BRT,-3.52,66.2,1004.5,24.55,1,98,0.25882,0.96593,0.99339,-0.11479,-3.64,-4.69,-9.43
2026-04-08T02:00:00Z,BRT,-3.64,68.7,1003.5,26.04,2,98,0.5,0.86603,0.99339,-0.11479,-3.41,-4.35,-9.39
2026-04-08T03:00:00Z,BRT,-3.41,77.1,1004.9,22.92,3,98,0.70711,0.70711,0.99339,-0.11479,-3.66,-4.25,-8.47
2026-04-08T04:00:00Z,BRT,-3.66,62.0,1005.7,5.17,4,98,0.86603,0.5,0.99339,-0.11479,-3.94,-5.5,-8.23
2026-04-08T05:00:00Z,BRT,-3.94,65.4,1003.5,9.35,5,98,0.96593,0.25882,0.99339,-0.11479,-5.1,-6.31,-8.86
2026-04-08T06:00:00Z,BRT,-5.1,62.1,1003.8,6.58,6,98,1.0,0.0,0.99339,-0.11479,-4.69,-5.12,-8.12
2026-04-08T07:00:00Z,BRT,-4.69,63.0,1001.7,5.98,7,98,0.96593,-0.25882,0.99339,-0.11479,-4.35,-5.98,-8.18
2026-04-08T08:00:00Z,BRT,-4.35,58.8,1003.4,9.45,8,98,0.86603,-0.5,0.99339,-0.11479,-4.25,-6.31,-8.21
2026-04-08T09:00:00Z,BRT,-4.25,52.9,1002.4,9.99,9,98,0.70711,-0.70711,0.99339,-0.11479,-5.5,-6.28,-9.25
2026-04-08T10:00:00Z,BRT,-5.5,68.0,1001.6,5.32,10,98,0.5,-0.86603,0.99339,-0.11479,-6.31,-5.69,-8.87
2026-04-08T11:00:00Z,BRT,-6.31,75.2,999.7,7.53,11,98,0.25882,-0.96593,0.99339,-0.11479,-5.12,-5.62,-8.14
2026-04-08T12:00:00Z,BRT,-5.12,63.7,1000.5,11.79,12,98,0.0,-1.0,0.99339,-0.11479,-5.98,-5.51,-7.62
2026-04-08T13:00:00Z,BRT,-5.98,66.5,1001.0,10.48,13,98,-0.25882,-0.96593,0.99339,-0.11479,-6.31,-7.51,-7.93
2026-04-08T14:00:00Z,BRT,-6.31,59.0,1001.6,12.12,14,98,-0.5,-0.86603,0.99339,-0.11479,-6.28,-6.79,-7.53
2026-04-08T15:00:00Z,BRT,-6.28,67.4,1001.5,10.73,15,98,-0.70711,-0.70711,0.99339,-0.11479,-5.69,-7.26,-7.95
2026-04-08T16:00:00Z,BRT,-5.69,69.0,995.2,12.62,16,98,-0.86603,-0.5,0.99339,-0.11479,-5.62,-7.77,-5.87
2026-04-08T17:00:00Z,BRT,-5.62,73.8,996.2,12.51,17,98,-0.96593,-0.25882,0.99339,-0.11479,-5.51,-7.78,-5.46
2026-04-08T18:00:00Z,BRT,-5.51,66.3,995.2,18.18,18,98,-1.0,-0.0,0.99339,-0.11479,-7.51,-8.73,-6.47
2026-04-08T19:00:00Z,BRT,-7.51,69.0,995.1,14.41,19,98,-0.96593,0.25882,0.99339,-0.11479,-6.79,-9.43,-5.87
2026-04-08T20:00:00Z,BRT,-6.79,75.0,992.6,14.26,20,98,-0.86603,0.5,0.99339,-0.11479,-7.26,-9.39,-6.28
2026-04-08T21:00:00Z,BRT,-7.26,77.8,992.4,12.34,21,98,-0.70711,0.70711,0.99339,-0.11479,-7.77,-8.47,-7.54
2026-04-08T22:00:00Z,BRT,-7.77,80.4,992.6,10.39,22,98,-0.5,0.86603,0.99339,-0.11479,-7.78,-8.23,-7.6
2026-04-08T23:00:00Z,BRT,-7.78,80.8,991.2,15.46,23,98,-0.25882,0.96593,0.99339,-0.11479,-8.73,-8.86,-6.08
2026-04-09T00:00:00Z,BRT,-8.73,84.7,991.0,11.62,0,99,0.0,1.0,0.99127,-0.13186,-9.43,-8.12,-7.34
2026-04-09T01:00:00Z,BRT,-9.43,77.8,991.6,15.01,1,99,0.25882,0.96593,0.99127,-0.13186,-9.39,-8.18,-6.56
2026-04-09T02:00:00Z,BRT,-9.39,80.8,991.7,15.38,2,99,0.5,0.86603,0.99127,-0.13186,-8.47,-8.21,-7.27
2026-04-09T03:00:00Z,BRT,-8.47,70.9,993.2,10.22,3,99,0.70711,0.70711,0.99127,-0.13186,-8.23,-9.25,-6.95
2026-04-09T04:00:00Z,BRT,-8.23,77.2,991.1,9.85,4,99,0.86603,0.5,0.99127,-0.13186,-8.86,-8.87,-7.59
2026-04-09T05:00:00Z,BRT,-8.86,70.9,990.0,11.6,5,99,0.96593,0.25882,0.99127,-0.13186,-8.12,-8.14,-7.5
2026-04-09T06:00:00Z,BRT,-8.12,90.9,991.4,13.15,6,99,1.0,0.0,0.99127,-0.13186,-8.18,-7.62,-6.0
2026-04-09T07:00:00Z,BRT,-8.18,76.4,989.3,14.73,7,99,0.96593,-0.25882,0.99127,-0.13186,-8.21,-7.93,-5.46
2026-04-09T08:00:00Z,BRT,-8.21,81.0,988.5,13.3,8,99,0.86603,-0.5,0.99127,-0.13186,-9.25,-7.53,-4.39
2026-04-09T09:00:00Z,BRT,-9.25,75.4,989.1,12.42,9,99,0.70711,-0.70711,0.99127,-0.13186,-8.87,-7.95,-3.28
2026-04-09T10:00:00Z,BRT,-8.87,79.9,989.2,13.29,10,99,0.5,-0.86603,0.99127,-0.13186,-8.14,-5.87,-3.49
2026-04-09T11:00:00Z,BRT,-8.14,82.5,988.4,12.79,11,99,0.25882,-0.96593,0.99127,-0.13186,-7.62,-5.46,-4.87
2026-04-09T12:00:00Z,BRT,-7.62,76.1,989.4,12.14,12,99,0.0,-1.0,0.99127,-0.13186,-7.93,-6.47,-6.02
2026-04-09T13:00:00Z,BRT,-7.93,78.1,988.0,15.07,13,99,-0.25882,-0.96593,0.99127,-0.13186,-7.53,-5.87,-7.18
2026-04-09T14:00:00Z,BRT,-7.53,84.9,988.6,11.14,14,99,-0.5,-0.86603,0.99127,-0.13186,-7.95,-6.28,-6.28
2026-04-09T15:00:00Z,BRT,-7.95,77.4,988.3,13.66,15,99,-0.70711,-0.70711,0.99127,-0.13186,-5.87,-7.54,-5.92
2026-04-09T16:00:00Z,BRT,-5.87,91.6,985.6,13.25,16,99,-0.86603,-0.5,0.99127,-0.13186,-5.46,-7.6,-5.94
2026-04-09T17:00:00Z,BRT,-5.46,77.8,985.5,17.64,17,99,-0.96593,-0.25882,0.99127,-0.13186,-6.47,-6.08,-6.23
2026-04-09T18:00:00Z,BRT,-6.47,88.6,984.6,14.04,18,99,-1.0,-0.0,0.99127,-0.13186,-5.87,-7.34,-7.05
2026-04-09T19:00:00Z,BRT,-5.87,85.6,982.5,17.03,19,99,-0.96593,0.25882,0.99127,-0.13186,-6.28,-6.56,-6.88
2026-04-09T20:00:00Z,BRT,-6.28,88.7,980.2,18.79,20,99,-0.86603,0.5,0.99127,-0.13186,-7.54,-7.27,-6.41
2026-04-09T21:00:00Z,BRT,-7.54,88.7,982.8,18.0,21,99,-0.70711,0.70711,0.99127,-0.13186,-7.6,-6.95,-5.68
2026-04-09T22:00:00Z,BRT,-7.6,82.0,982.9,14.9,22,99,-0.5,0.86603,0.99127,-0.13186,-6.08,-7.59,-5.48
2026-04-09T23:00:00Z,BRT,-6.08,82.4,978.4,16.93,23,99,-0.25882,0.96593,0.99127,-0.13186,-7.34,-7.5,-6.61
2026-04-10T00:00:00Z,BRT,-7.34,84.1,979.5,9.52,0,100,0.0,1.0,0.98885,-0.14889,-6.56,-6.0,-6.74
2026-04-10T01:00:00Z,BRT,-6.56,81.2,981.4,13.53,1,100,0.25882,0.96593,0.98885,-0.14889,-7.27,-5.46,-6.18
2026-04-10T02:00:00Z,BRT,-7.27,82.3,983.3,15.77,2,100,0.5,0.86603,0.98885,-0.14889,-6.95,-4.39,-6.15
2026-04-10T03:00:00Z,BRT,-6.95,80.5,983.4,12.71,3,100,0.70711,0.70711,0.98885,-0.14889,-7.59,-3.28,-4.43
2026-04-10T04:00:00Z,BRT,-7.59,89.1,980.9,10.22,4,100,0.86603,0.5,0.98885,-0.14889,-7.5,-3.49,-4.65
2026-04-10T05:00:00Z,BRT,-7.5,84.5,981.2,9.47,5,100,0.96593,0.25882,0.98885,-0.14889,-6.0,-4.87,-4.54
2026-04-10T06:00:00Z,BRT,-6.0,91.8,981.5,16.26,6,100,1.0,0.0,0.98885,-0.14889,-5.46,-6.02,-4.37
2026-04-10T07:00:00Z,BRT,-5.46,94.4,980.3,14.26,7,100,0.96593,-0.25882,0.98885,-0.14889,-4.39,-7.18,-3.41
2026-04-10T08:00:00Z,BRT,-4.39,91.3,981.0,13.73,8,100,0.86603,-0.5,0.98885,-0.14889,-3.28,-6.28,-4.04
2026-04-10T09:00:00Z,BRT,-3.28,79.3,984.3,10.38,9,100,0.70711,-0.70711,0.98885,-0.14889,-3.49,-5.92,-4.66
2026-04-10T10:00:00Z,BRT,-3.49,87.5,983.8,11.43,10,100,0.5,-0.86603,0.98885,-0.14889,-4.87,-5.94,-6.44
2026-04-10T11:00:00Z,BRT,-4.87,82.3,985.6,12.36,11,100,0.25882,-0.96593,0.98885,-0.14889,-6.02,-6.23,-4.41
2026-04-10T12:00:00Z,BRT,-6.02,79.8,984.7,11.54,12,100,0.0,-1.0,0.98885,-0.14889,-7.18,-7.05,-5.22
2026-04-10T13:00:00Z,BRT,-7.18,89.6,985.8,11.96,13,100,-0.25882,-0.96593,0.98885,-0.14889,-6.28,-6.88,-5.03
2026-04-10T14:00:00Z,BRT,-6.28,78.9,987.1,16.07,14,100,-0.5,-0.86603,0.98885,-0.14889,-5.92,-6.41,-5.97
2026-04-10T15:00:00Z,BRT,-5.92,82.5,988.6,15.43,15,100,-0.70711,-0.70711,0.98885,-0.14889,-5.94,-5.68,-6.29
2026-04-10T16:00:00Z,BRT,-5.94,82.6,992.7,13.93,16,100,-0.86603,-0.5,0.98885,-0.14889,-6.23,-5.48,-7.12
2026-04-10T17:00:00Z,BRT,-6.23,72.0,993.8,14.89,17,100,-0.96593,-0.25882,0.98885,-0.14889,-7.05,-6.61,-7.48
2026-04-10T18:00:00Z,BRT,-7.05,69.9,992.3,12.95,18,100,-1.0,-0.0,0.98885,-0.14889,-6.88,-6.74,-7.63
2026-04-10T19:00:00Z,BRT,-6.88,86.8,991.7,15.57,19,100,-0.96593,0.25882,0.98885,-0.14889,-6.41,-6.18,-7.78
2026-04-10T20:00:00Z,BRT,-6.41,71.8,994.9,13.97,20,100,-0.86603,0.5,0.98885,-0.14889,-5.68,-6.15,-8.95
2026-04-10T21:00:00Z,BRT,-5.68,77.4,994.4,12.25,21,100,-0.70711,0.70711,0.98885,-0.14889,-5.48,-4.43,-9.56
2026-04-10T22:00:00Z,BRT,-5.48,73.1,994.0,13.62,22,100,-0.5,0.86603,0.98885,-0.14889,-6.61,-4.65,-8.94
2026-04-10T23:00:00Z,BRT,-6.61,77.1,994.0,10.09,23,100,-0.25882,0.96593,0.98885,-0.14889,-6.74,-4.54,-9.51
2026-04-11T00:00:00Z,BRT,-6.74,74.3,994.6,10.39,0,101,0.0,1.0,0.98615,-0.16588,-6.18,-4.37,-9.55
2026-04-11T01:00:00Z,BRT,-6.18,72.4,996.0,6.48,1,101,0.25882,0.96593,0.98615,-0.16588,-6.15,-3.41,-10.67
2026-04-11T02:00:00Z,BRT,-6.15,68.6,996.6,12.07,2,101,0.5,0.86603,0.98615,-0.16588,-4.43,-4.04,-10.73
2026-04-11T03:00:00Z,BRT,-4.43,78.1,994.5,9.92,3,101,0.70711,0.70711,0.98615,-0.16588,-4.65,-4.66,-10.16
2026-04-11T04:00:00Z,BRT,-4.65,75.3,993.4,14.86,4,101,0.86603,0.5,0.98615,-0.16588,-4.54,-6.44,-11.08
2026-04-11T05:00:00Z,BRT,-4.54,83.8,990.9,12.58,5,101,0.96593,0.25882,0.98615,-0.16588,-4.37,-4.41,-11.01
2026-04-11T06:00:00Z,BRT,-4.37,80.7,989.8,9.52,6,101,1.0,0.0,0.98615,-0.16588,-3.41,-5.22,-10.5
2026-04-11T07:00:00Z,BRT,-3.41,69.5,994.1,11.36,7,101,0.96593,-0.25882,0.98615,-0.16588,-4.04,-5.03,-10.7
2026-04-11T08:00:00Z,BRT,-4.04,76.8,994.7,10.96,8,101,0.86603,-0.5,0.98615,-0.16588,-4.66,-5.97,-10.73
2026-04-11T09:00:00Z,BRT,-4.66,66.3,996.9,10.67,9,101,0.70711,-0.70711,0.98615,-0.16588,-6.44,-6.29,-10.1
2026-04-11T10:00:00Z,BRT,-6.44,75.2,1000.3,10.26,10,101,0.5,-0.86603,0.98615,-0.16588,-4.41,-7.12,-8.77
2026-04-11T11:00:00Z,BRT,-4.41,66.7,1000.0,7.11,11,101,0.25882,-0.96593,0.98615,-0.16588,-5.22,-7.48,-9.24
2026-04-11T12:00:00Z,BRT,-5.22,65.9,1002.4,11.77,12,101,0.0,-1.0,0.98615,-0.16588,-5.03,-7.63,-8.53
2026-04-11T13:00:00Z,BRT,-5.03,64.3,1005.6,8.1,13,101,-0.25882,-0.96593,0.98615,-0.16588,-5.97,-7.78,-9.05
2026-04-11T14:00:00Z,BRT,-5.97,61.9,1003.7,11.32,14,101,-0.5,-0.86603,0.98615,-0.16588,-6.29,-8.95,-8.86
2026-04-11T15:00:00Z,BRT,-6.29,72.2,1005.1,10.75,15,101,-0.70711,-0.70711,0.98615,-0.16588,-7.12,-9.56,-8.67
2026-04-11T16:00:00Z,BRT,-7.12,68.0,1005.9,8.05,16,101,-0.86603,-0.5,0.98615,-0.16588,-7.48,-8.94,-9.0
2026-04-11T17:00:00Z,BRT,-7.48,67.9,1006.6,12.82,17,101,-0.96593,-0.25882,0.98615,-0.16588,-7.63,-9.51,-8.7
2026-04-11T18:00:00Z,BRT,-7.63,74.9,1006.9,12.01,18,101,-1.0,-0.0,0.98615,-0.16588,-7.78,-9.55,-9.37
2026-04-11T19:00:00Z,BRT,-7.78,66.2,1007.4,9.24,19,101,-0.96593,0.25882,0.98615,-0.16588,-8.95,-10.67,-9.83
2026-04-11T20:00:00Z,BRT,-8.95,61.8,1006.8,8.29,20,101,-0.86603,0.5,0.98615,-0.16588,-9.56,-10.73,-11.56
2026-04-11T21:00:00Z,BRT,-9.56,68.0,1005.6,11.44,21,101,-0.70711,0.70711,0.98615,-0.16588,-8.94,-10.16,-12.52
2026-04-11T22:00:00Z,BRT,-8.94,53.4,1006.6,5.78,22,101,-0.5,0.86603,0.98615,-0.16588,-9.51,-11.08,-12.9
2026-04-11T23:00:00Z,BRT,-9.51,55.9,1005.4,9.86,23,101,-0.25882,0.96593,0.98615,-0.16588,-9.55,-11.01,-12.37
2026-04-12T00:00:00Z,BRT,-9.55,61.0,1005.5,8.34,0,102,0.0,1.0,0.98315,-0.18282,-10.67,-10.5,-13.24
2026-04-12T01:00:00Z,BRT,-10.67,63.6,1008.0,7.72,1,102,0.25882,0.96593,0.98315,-0.18282,-10.73,-10.7,-13.05
2026-04-12T02:00:00Z,BRT,-10.73,62.7,1009.0,5.12,2,102,0.5,0.86603,0.98315,-0.18282,-10.16,-10.73,-12.72
2026-04-12T03:00:00Z,BRT,-10.16,58.1,1009.2,9.01,3,102,0.70711,0.70711,0.98315,-0.18282,-11.08,-10.1,-12.96
2026-04-12T04:00:00Z,BRT,-11.08,66.0,1009.2,7.25,4,102,0.86603,0.5,0.98315,-0.18282,-11.01,-8.77,-10.54
2026-04-12T05:00:00Z,BRT,-11.01,59.8,1008.9,3.95,5,102,0.96593,0.25882,0.98315,-0.18282,-10.5,-9.24,-10.97
2026-04-12T06:00:00Z,BRT,-10.5,73.2,1005.6,6.49,6,102,1.0,0.0,0.98315,-0.18282,-10.7,-8.53,-11.6
2026-04-12T07:00:00Z,BRT,-10.7,68.2,1004.4,4.47,7,102,0.96593,-0.25882,0.98315,-0.18282,-10.73,-9.05,-11.69
2026-04-12T08:00:00Z,BRT,-10.73,64.2,1005.2,9.58,8,102,0.86603,-0.5,0.98315,-0.18282,-10.1,-8.86,-11.39
2026-04-12T09:00:00Z,BRT,-10.1,69.4,1004.6,8.84,9,102,0.70711,-0.70711,0.98315,-0.18282,-8.77,-8.67,-10.4
2026-04-12T10:00:00Z,BRT,-8.77,63.0,1005.9,7.52,10,102,0.5,-0.86603,0.98315,-0.18282,-9.24,-9.0,-11.34
2026-04-12T11:00:00Z,BRT,-9.24,67.4,1006.8,5.56,11,102,0.25882,-0.96593,0.98315,-0.18282,-8.53,-8.7,-8.9
2026-04-12T12:00:00Z,BRT,-8.53,53.7,1008.3,3.75,12,102,0.0,-1.0,0.98315,-0.18282,-9.05,-9.37,-8.25
2026-04-12T13:00:00Z,BRT,-9.05,58.0,1012.2,5.85,13,102,-0.25882,-0.96593,0.98315,-0.18282,-8.86,-9.83,-8.35
2026-04-12T14:00:00Z,BRT,-8.86,57.6,1013.3,7.58,14,102,-0.5,-0.86603,0.98315,-0.18282,-8.67,-11.56,-7.94
2026-04-12T15:00:00Z,BRT,-8.67,64.0,1012.6,6.92,15,102,-0.70711,-0.70711,0.98315,-0.18282,-9.0,-12.52,-8.71
2026-04-12T16:00:00Z,BRT,-9.0,64.7,1013.6,8.19,16,102,-0.86603,-0.5,0.98315,-0.18282,-8.7,-12.9,-9.44
2026-04-12T17:00:00Z,BRT,-8.7,55.4,1018.1,4.74,17,102,-0.96593,-0.25882,0.98315,-0.18282,-9.37,-12.37,-8.57
2026-04-12T18:00:00Z,BRT,-9.37,50.5,1018.7,7.89,18,102,-1.0,-0.0,0.98315,-0.18282,-9.83,-13.24,-8.66
2026-04-12T19:00:00Z,BRT,-9.83,49.6,1018.5,6.09,19,102,-0.96593,0.25882,0.98315,-0.18282,-11.56,-13.05,-9.43
2026-04-12T20:00:00Z,BRT,-11.56,45.7,1018.6,7.85,20,102,-0.86603,0.5,0.98315,-0.18282,-12.52,-12.72,-10.2
2026-04-12T21:00:00Z,BRT,-12.52,55.8,1015.6,11.73,21,102,-0.70711,0.70711,0.98315,-0.18282,-12.9,-12.96,-10.43
2026-04-12T22:00:00Z,BRT,-12.9,54.5,1017.0,5.8,22,102,-0.5,0.86603,0.98315,-0.18282,-12.37,-10.54,-11.39
2026-04-12T23:00:00Z,BRT,-12.37,47.0,1016.3,3.77,23,102,-0.25882,0.96593,0.98315,-0.18282,-13.24,-10.97,-11.83
2026-04-13T00:00:00Z,BRT,-13.24,52.3,1015.7,6.32,0,103,0.0,1.0,0.97986,-0.1997,-13.05,-11.6,-11.03
2026-04-13T01:00:00Z,BRT,-13.05,59.3,1020.0,4.54,1,103,0.25882,0.96593,0.97986,-0.1997,-12.72,-11.69,-9.52
2026-04-13T02:00:00Z,BRT,-12.72,51.1,1019.3,6.13,2,103,0.5,0.86603,0.97986,-0.1997,-12.96,-11.39,-9.31
2026-04-13T03:00:00Z,BRT,-12.96,57.4,1018.5,1.6,3,103,0.70711,0.70711,0.97986,-0.1997,-10.54,-10.4,-10.68
2026-04-13T04:00:00Z,BRT,-10.54,53.2,1016.7,4.1,4,103,0.86603,0.5,0.97986,-0.1997,-10.97,-11.34,-11.28
2026-04-13T05:00:00Z,BRT,-10.97,54.2,1015.9,6.74,5,103,0.96593,0.25882,0.97986,-0.1997,-11.6,-8.9,-9.9
2026-04-13T06:00:00Z,BRT,-11.6,59.1,1015.7,6.42,6,103,1.0,0.0,0.97986,-0.1997,-11.69,-8.25,-10.89
2026-04-13T07:00:00Z,BRT,-11.69,50.3,1014.1,2.32,7,103,0.96593,-0.25882,0.97986,-0.1997,-11.39,-8.35,-11.65
2026-04-13T08:00:00Z,BRT,-11.39,55.2,1014.1,3.22,8,103,0.86603,-0.5,0.97986,-0.1997,-10.4,-7.94,-11.26
2026-04-13T09:00:00Z,BRT,-10.4,50.3,1014.6,2.69,9,103,0.70711,-0.70711,0.97986,-0.1997,-11.34,-8.71,-10.49
2026-04-13T10:00:00Z,BRT,-11.34,60.3,1011.5,6.56,10,103,0.5,-0.86603,0.97986,-0.1997,-8.9,-9.44,-10.3
2026-04-13T11:00:00Z,BRT,-8.9,68.5,1009.7,5.32,11,103,0.25882,-0.96593,0.97986,-0.1997,-8.25,-8.57,-11.19
2026-04-13T12:00:00Z,BRT,-8.25,67.6,1007.9,7.57,12,103,0.0,-1.0,0.97986,-0.1997,-8.35,-8.66,-12.15
2026-04-13T13:00:00Z,BRT,-8.35,61.1,1009.3,7.81,13,103,-0.25882,-0.96593,0.97986,-0.1997,-7.94,-9.43,-10.7
2026-04-13T14:00:00Z,BRT,-7.94,61.0,1005.2,9.69,14,103,-0.5,-0.86603,0.97986,-0.1997,-8.71,-10.2,-10.73
2026-04-13T15:00:00Z,BRT,-8.71,70.1,1000.1,12.74,15,103,-0.70711,-0.70711,0.97986,-0.1997,-9.44,-10.43,-10.12
2026-04-13T16:00:00Z,BRT,-9.44,62.8,998.8,10.5,16,103,-0.86603,-0.5,0.97986,-0.1997,-8.57,-11.39,-9.96
2026-04-13T17:00:00Z,BRT,-8.57,68.9,995.0,15.89,17,103,-0.96593,-0.25882,0.97986,-0.1997,-8.66,-11.83,-10.8
2026-04-13T18:00:00Z,BRT,-8.66,75.2,995.6,16.06,18,103,-1.0,-0.0,0.97986,-0.1997,-9.43,-11.03,-9.54
2026-04-13T19:00:00Z,BRT,-9.43,72.3,994.4,15.55,19,103,-0.96593,0.25882,0.97986,-0.1997,-10.2,-9.52,-8.8
2026-04-13T20:00:00Z,BRT,-10.2,75.8,995.1,12.61,20,103,-0.86603,0.5,0.97986,-0.1997,-10.43,-9.31,-9.03
2026-04-13T21:00:00Z,BRT,-10.43,77.0,995.9,14.31,21,103,-0.70711,0.70711,0.97986,-0.1997,-11.39,-10.68,-1.94
2026-04-13T22:00:00Z,BRT,-11.39,63.9,994.7,7.49,22,103,-0.5,0.86603,0.97986,-0.1997,-11.83,-11.28,-0.65
2026-04-13T23:00:00Z,BRT,-11.83,86.6,993.1,11.08,23,103,-0.25882,0.96593,0.97986,-0.1997,-11.03,-9.9,-0.82
2026-04-14T00:00:00Z,BRT,-11.03,79.4,991.2,11.99,0,104,0.0,1.0,0.97628,-0.21653,-9.52,-10.89,-1.1
2026-04-14T01:00:00Z,BRT,-9.52,80.6,990.6,8.81,1,104,0.25882,0.96593,0.97628,-0.21653,-9.31,-11.65,-1.8
2026-04-14T02:00:00Z,BRT,-9.31,90.8,987.1,14.66,2,104,0.5,0.86603,0.97628,-0.21653,-10.68,-11.26,0.84
2026-04-14T03:00:00Z,BRT,-10.68,83.8,986.1,14.39,3,104,0.70711,0.70711,0.97628,-0.21653,-11.28,-10.49,-1.04
2026-04-14T04:00:00Z,BRT,-11.28,85.1,984.6,11.41,4,104,0.86603,0.5,0.97628,-0.21653,-9.9,-10.3,-2.01
2026-04-14T05:00:00Z,BRT,-9.9,83.9,982.3,15.91,5,104,0.96593,0.25882,0.97628,-0.21653,-10.89,-11.19,-2.07
2026-04-14T06:00:00Z,BRT,-10.89,81.6,982.2,14.68,6,104,1.0,0.0,0.97628,-0.21653,-11.65,-12.15,-1.24
2026-04-14T07:00:00Z,BRT,-11.65,90.1,981.4,13.24,7,104,0.96593,-0.25882,0.97628,-0.21653,-11.26,-10.7,-0.75
2026-04-14T08:00:00Z,BRT,-11.26,84.8,981.7,13.44,8,104,0.86603,-0.5,0.97628,-0.21653,-10.49,-10.73,-0.89
2026-04-14T09:00:00Z,BRT,-10.49,95.4,980.8,12.21,9,104,0.70711,-0.70711,0.97628,-0.21653,-10.3,-10.12,-6.02
2026-04-14T10:00:00Z,BRT,-10.3,93.0,982.5,11.48,10,104,0.5,-0.86603,0.97628,-0.21653,-11.19,-9.96,-7.03
2026-04-14T11:00:00Z,BRT,-11.19,89.5,982.7,14.05,11,104,0.25882,-0.96593,0.97628,-0.21653,-12.15,-10.8,-7.33
2026-04-14T12:00:00Z,BRT,-12.15,90.3,978.1,13.46,12,104,0.0,-1.0,0.97628,-0.21653,-10.7,-9.54,-7.39
2026-04-14T13:00:00Z,BRT,-10.7,93.4,978.0,16.95,13,104,-0.25882,-0.96593,0.97628,-0.21653,-10.73,-8.8,-7.26
2026-04-14T14:00:00Z,BRT,-10.73,84.9,979.9,11.4,14,104,-0.5,-0.86603,0.97628,-0.21653,-10.12,-9.03,-7.7
2026-04-14T15:00:00Z,BRT,-10.12,92.3,982.6,17.47,15,104,-0.70711,-0.70711,0.97628,-0.21653,-9.96,-1.94,-7.35
2026-04-14T16:00:00Z,BRT,-9.96,86.7,983.7,18.34,16,104,-0.86603,-0.5,0.97628,-0.21653,-10.8,-0.65,-6.96
2026-04-14T17:00:00Z,BRT,-10.8,81.8,981.7,15.05,17,104,-0.96593,-0.25882,0.97628,-0.21653,-9.54,-0.82,-6.86
2026-04-14T18:00:00Z,BRT,-9.54,80.4,983.4,17.35,18,104,-1.0,-0.0,0.97628,-0.21653,-8.8,-1.1,-2.0
2026-04-14T19:00:00Z,BRT,-8.8,86.2,982.2,19.16,19,104,-0.96593,0.25882,0.97628,-0.21653,-9.03,-1.8,-8.34
2026-04-14T20:00:00Z,BRT,-9.03,85.5,979.9,13.37,20,104,-0.86603,0.5,0.97628,-0.21653,-1.94,0.84,-8.61
2026-04-14T21:00:00Z,BRT,-1.94,85.3,977.9,20.24,21,104,-0.70711,0.70711,0.97628,-0.21653,-0.65,-1.04,-8.88
2026-04-14T22:00:00Z,BRT,-0.65,99.0,975.8,16.97,22,104,-0.5,0.86603,0.97628,-0.21653,-0.82,-2.01,-8.36
2026-04-14T23:00:00Z,BRT,-0.82,93.1,974.7,15.43,23,104,-0.25882,0.96593,0.97628,-0.21653,-1.1,-2.07,-8.66
2026-04-15T00:00:00Z,BRT,-1.1,94.0,974.3,17.3,0,105,0.0,1.0,0.97241,-0.23329,-1.8,-1.24,-9.89
2026-04-15T01:00:00Z,BRT,-1.8,93.7,975.4,17.77,1,105,0.25882,0.96593,0.97241,-0.23329,0.84,-0.75,-8.59
2026-04-15T02:00:00Z,BRT,0.84,99.0,972.1,21.26,2,105,0.5,0.86603,0.97241,-0.23329,-1.04,-0.89,-9.33
2026-04-15T03:00:00Z,BRT,-1.04,95.0,972.3,13.23,3,105,0.70711,0.70711,0.97241,-0.23329,-2.01,-6.02,-9.91
2026-04-15T04:00:00Z,BRT,-2.01,99.0,975.1,16.02,4,105,0.86603,0.5,0.97241,-0.23329,-2.07,-7.03,-9.29
2026-04-15T05:00:00Z,BRT,-2.07,94.1,976.4,12.82,5,105,0.96593,0.25882,0.97241,-0.23329,-1.24,-7.33,-7.16
2026-04-15T06:00:00Z,BRT,-1.24,82.5,974.7,13.82,6,105,1.0,0.0,0.97241,-0.23329,-0.75,-7.39,-7.18
2026-04-15T07:00:00Z,BRT,-0.75,97.6,972.1,12.93,7,105,0.96593,-0.25882,0.97241,-0.23329,-0.89,-7.26,-6.92
2026-04-15T08:00:00Z,BRT,-0.89,99.0,974.1,13.16,8,105,0.86603,-0.5,0.97241,-0.23329,-6.02,-7.7,-7.5
2026-04-15T09:00:00Z,BRT,-6.02,86.3,978.1,14.6,9,105,0.70711,-0.70711,0.97241,-0.23329,-7.03,-7.35,-7.32
2026-04-15T10:00:00Z,BRT,-7.03,90.6,981.1,10.82,10,105,0.5,-0.86603,0.97241,-0.23329,-7.33,-6.96,-7.37
2026-04-15T11:00:00Z,BRT,-7.33,82.0,983.7,14.11,11,105,0.25882,-0.96593,0.97241,-0.23329,-7.39,-6.86,-7.23
2026-04-15T12:00:00Z,BRT,-7.39,77.3,984.5,10.85,12,105,0.0,-1.0,0.97241,-0.23329,-7.26,-2.0,-6.87
2026-04-15T13:00:00Z,BRT,-7.26,76.2,984.2,11.44,13,105,-0.25882,-0.96593,0.97241,-0.23329,-7.7,-8.34,-6.44
2026-04-15T14:00:00Z,BRT,-7.7,91.1,983.5,14.45,14,105,-0.5,-0.86603,0.97241,-0.23329,-7.35,-8.61,-6.85
2026-04-15T15:00:00Z,BRT,-7.35,74.8,981.6,15.38,15,105,-0.70711,-0.70711,0.97241,-0.23329,-6.96,-8.88,-6.51
2026-04-15T16:00:00Z,BRT,-6.96,91.8,981.3,17.25,16,105,-0.86603,-0.5,0.97241,-0.23329,-6.86,-8.36,-5.39
2026-04-15T17:00:00Z,BRT,-6.86,87.7,982.0,17.04,17,105,-0.96593,-0.25882,0.97241,-0.23329,-2.0,-8.66,-6.12
2026-04-15T18:00:00Z,BRT,-2.0,91.9,976.7,22.09,18,105,-1.0,-0.0,0.97241,-0.23329,-8.34,-9.89,-6.55
2026-04-15T19:00:00Z,BRT,-8.34,82.8,979.0,16.25,19,105,-0.96593,0.25882,0.97241,-0.23329,-8.61,-8.59,-6.32
2026-04-15T20:00:00Z,BRT,-8.61,87.9,982.0,14.21,20,105,-0.86603,0.5,0.97241,-0.23329,-8.88,-9.33,-6.62
2026-04-15T21:00:00Z,BRT,-8.88,85.9,985.5,15.29,21,105,-0.70711,0.70711,0.97241,-0.23329,-8.36,-9.91,-7.0
2026-04-15T22:00:00Z,BRT,-8.36,85.4,986.0,15.31,22,105,-0.5,0.86603,0.97241,-0.23329,-8.66,-9.29,-7.18
2026-04-15T23:00:00Z,BRT,-8.66,83.4,982.8,12.93,23,105,-0.25882,0.96593,0.97241,-0.23329,-9.89,-7.16,-8.48
2026-04-16T00:00:00Z,BRT,-9.89,84.4,984.6,11.82,0,106,0.0,1.0,0.96825,-0.24998,-8.59,-7.18,-9.42
2026-04-16T01:00:00Z,BRT,-8.59,87.3,983.9,15.26,1,106,0.25882,0.96593,0.96825,-0.24998,-9.33,-6.92,-8.61
2026-04-16T02:00:00Z,BRT,-9.33,93.6,985.0,15.3,2,106,0.5,0.86603,0.96825,-0.24998,-9.91,-7.5,-9.24
2026-04-16T03:00:00Z,BRT,-9.91,89.7,988.8,12.39,3,106,0.70711,0.70711,0.96825,-0.24998,-9.29,-7.32,-10.19
2026-04-16T04:00:00Z,BRT,-9.29,79.5,988.8,11.7,4,106,0.86603,0.5,0.96825,-0.24998,-7.16,-7.37,-9.66
2026-04-16T05:00:00Z,BRT,-7.16,64.9,991.7,7.49,5,106,0.96593,0.25882,0.96825,-0.24998,-7.18,-7.23,-8.7
2026-04-16T06:00:00Z,BRT,-7.18,72.2,995.0,9.14,6,106,1.0,0.0,0.96825,-0.24998,-6.92,-6.87,-9.33
2026-04-16T07:00:00Z,BRT,-6.92,72.4,996.5,9.88,7,106,0.96593,-0.25882,0.96825,-0.24998,-7.5,-6.44,-9.32
2026-04-16T08:00:00Z,BRT,-7.5,66.8,998.5,5.19,8,106,0.86603,-0.5,0.96825,-0.24998,-7.32,-6.85,-9.75
2026-04-16T09:00:00Z,BRT,-7.32,71.5,996.9,7.46,9,106,0.70711,-0.70711,0.96825,-0.24998,-7.37,-6.51,-9.23
2026-04-16T10:00:00Z,BRT,-7.37,72.5,997.7,9.62,10,106,0.5,-0.86603,0.96825,-0.24998,-7.23,-5.39,-9.79
2026-04-16T11:00:00Z,BRT,-7.23,68.5,996.5,11.82,11,106,0.25882,-0.96593,0.96825,-0.24998,-6.87,-6.12,-11.81
2026-04-16T12:00:00Z,BRT,-6.87,65.8,994.5,11.28,12,106,0.0,-1.0,0.96825,-0.24998,-6.44,-6.55,-11.33
2026-04-16T13:00:00Z,BRT,-6.44,74.9,993.9,7.3,13,106,-0.25882,-0.96593,0.96825,-0.24998,-6.85,-6.32,-10.41
2026-04-16T14:00:00Z,BRT,-6.85,70.4,996.4,15.45,14,106,-0.5,-0.86603,0.96825,-0.24998,-6.51,-6.62,-10.42
2026-04-16T15:00:00Z,BRT,-6.51,76.5,997.0,13.42,15,106,-0.70711,-0.70711,0.96825,-0.24998,-5.39,-7.0,-9.73
2026-04-16T16:00:00Z,BRT,-5.39,68.3,996.5,14.2,16,106,-0.86603,-0.5,0.96825,-0.24998,-6.12,-7.18,-9.87
2026-04-16T17:00:00Z,BRT,-6.12,64.8,997.9,10.35,17,106,-0.96593,-0.25882,0.96825,-0.24998,-6.55,-8.48,-9.66
2026-04-16T18:00:00Z,BRT,-6.55,73.1,999.5,13.7,18,106,-1.0,-0.0,0.96825,-0.24998,-6.32,-9.42,-10.25
2026-04-16T19:00:00Z,BRT,-6.32,65.9,998.5,14.55,19,106,-0.96593,0.25882,0.96825,-0.24998,-6.62,-8.61,-11.37
2026-04-16T20:00:00Z,BRT,-6.62,69.7,1000.6,14.65,20,106,-0.86603,0.5,0.96825,-0.24998,-7.0,-9.24,-10.09
2026-04-16T21:00:00Z,BRT,-7.0,74.2,993.8,14.13,21,106,-0.70711,0.70711,0.96825,-0.24998,-7.18,-10.19,-9.5
2026-04-16T22:00:00Z,BRT,-7.18,74.3,992.8,12.8,22,106,-0.5,0.86603,0.96825,-0.24998,-8.48,-9.66,-10.21
2026-04-16T23:00:00Z,BRT,-8.48,78.5,989.2,13.58,23,106,-0.25882,0.96593,0.96825,-0.24998,-9.42,-8.7,-10.29
2026-04-17T00:00:00Z,BRT,-9.42,76.7,990.2,10.49,0,107,0.0,1.0,0.96381,-0.2666,-8.61,-9.33,-10.53
2026-04-17T01:00:00Z,BRT,-8.61,70.6,989.1,14.6,1,107,0.25882,0.96593,0.96381,-0.2666,-9.24,-9.32,-9.23
2026-04-17T02:00:00Z,BRT,-9.24,90.1,990.0,13.55,2,107,0.5,0.86603,0.96381,-0.2666,-10.19,-9.75,-9.43
2026-04-17T03:00:00Z,BRT,-10.19,76.6,985.5,14.99,3,107,0.70711,0.70711,0.96381,-0.2666,-9.66,-9.23,-9.99
2026-04-17T04:00:00Z,BRT,-9.66,79.5,986.0,13.07,4,107,0.86603,0.5,0.96381,-0.2666,-8.7,-9.79,-10.08
2026-04-17T05:00:00Z,BRT,-8.7,82.4,989.9,11.28,5,107,0.96593,0.25882,0.96381,-0.2666,-9.33,-11.81,-10.11
2026-04-17T06:00:00Z,BRT,-9.33,81.1,991.2,14.38,6,107,1.0,0.0,0.96381,-0.2666,-9.32,-11.33,-9.67
2026-04-17T07:00:00Z,BRT,-9.32,72.2,992.8,11.37,7,107,0.96593,-0.25882,0.96381,-0.2666,-9.75,-10.41,-9.02
2026-04-17T08:00:00Z,BRT,-9.75,68.4,996.1,9.57,8,107,0.86603,-0.5,0.96381,-0.2666,-9.23,-10.42,-8.45
2026-04-17T09:00:00Z,BRT,-9.23,70.4,994.8,9.23,9,107,0.70711,-0.70711,0.96381,-0.2666,-9.79,-9.73,-8.64
2026-04-17T10:00:00Z,BRT,-9.79,67.9,995.2,11.0,10,107,0.5,-0.86603,0.96381,-0.2666,-11.81,-9.87,-9.06
2026-04-17T11:00:00Z,BRT,-11.81,72.6,995.1,10.73,11,107,0.25882,-0.96593,0.96381,-0.2666,-11.33,-9.66,-9.5
2026-04-17T12:00:00Z,BRT,-11.33,72.3,996.6,8.91,12,107,0.0,-1.0,0.96381,-0.2666,-10.41,-10.25,-9.82
2026-04-17T13:00:00Z,BRT,-10.41,63.2,999.7,8.22,13,107,-0.25882,-0.96593,0.96381,-0.2666,-10.42,-11.37,-9.72
2026-04-17T14:00:00Z,BRT,-10.42,61.3,1002.3,9.18,14,107,-0.5,-0.86603,0.96381,-0.2666,-9.73,-10.09,-10.96
2026-04-17T15:00:00Z,BRT,-9.73,64.8,1003.4,12.49,15,107,-0.70711,-0.70711,0.96381,-0.2666,-9.87,-9.5,-11.08
2026-04-17T16:00:00Z,BRT,-9.87,59.1,1004.9,10.72,16,107,-0.86603,-0.5,0.96381,-0.2666,-9.66,-10.21,-11.34
2026-04-17T17:00:00Z,BRT,-9.66,63.9,1009.2,12.03,17,107,-0.96593,-0.25882,0.96381,-0.2666,-10.25,-10.29,-9.78
2026-04-17T18:00:00Z,BRT,-10.25,56.3,1009.4,6.64,18,107,-1.0,-0.0,0.96381,-0.2666,-11.37,-10.53,-9.78
2026-04-17T19:00:00Z,BRT,-11.37,53.7,1011.0,8.3,19,107,-0.96593,0.25882,0.96381,-0.2666,-10.09,-9.23,-8.57
2026-04-17T20:00:00Z,BRT,-10.09,55.3,1011.6,10.66,20,107,-0.86603,0.5,0.96381,-0.2666,-9.5,-9.43,-10.38
2026-04-17T21:00:00Z,BRT,-9.5,59.6,1011.2,6.77,21,107,-0.70711,0.70711,0.96381,-0.2666,-10.21,-9.99,-9.94
2026-04-17T22:00:00Z,BRT,-10.21,62.8,1012.8,12.02,22,107,-0.5,0.86603,0.96381,-0.2666,-10.29,-10.08,-10.9
2026-04-17T23:00:00Z,BRT,-10.29,62.7,1013.0,6.91,23,107,-0.25882,0.96593,0.96381,-0.2666,-10.53,-10.11,-9.98
2026-04-18T00:00:00Z,BRT,-10.53,59.4,1010.6,4.28,0,108,0.0,1.0,0.95908,-0.28314,-9.23,-9.67,-9.69
2026-04-18T01:00:00Z,BRT,-9.23,59.6,1006.8,4.71,1,108,0.25882,0.96593,0.95908,-0.28314,-9.43,-9.02,-9.86
2026-04-18T02:00:00Z,BRT,-9.43,60.5,1008.8,9.42,2,108,0.5,0.86603,0.95908,-0.28314,-9.99,-8.45,-9.5
2026-04-18T03:00:00Z,BRT,-9.99,65.0,1008.0,10.06,3,108,0.70711,0.70711,0.95908,-0.28314,-10.08,-8.64,-9.13
2026-04-18T04:00:00Z,BRT,-10.08,66.5,1008.6,5.94,4,108,0.86603,0.5,0.95908,-0.28314,-10.11,-9.06,-9.21
2026-04-18T05:00:00Z,BRT,-10.11,64.9,1011.8,6.86,5,108,0.96593,0.25882,0.95908,-0.28314,-9.67,-9.5,-8.86
2026-04-18T06:00:00Z,BRT,-9.67,60.1,1013.5,8.91,6,108,1.0,0.0,0.95908,-0.28314,-9.02,-9.82,-9.29
2026-04-18T07:00:00Z,BRT,-9.02,65.8,1012.1,5.18,7,108,0.96593,-0.25882,0.95908,-0.28314,-8.45,-9.72,-9.21
2026-04-18T08:00:00Z,BRT,-8.45,61.4,1012.0,8.04,8,108,0.86603,-0.5,0.95908,-0.28314,-8.64,-10.96,-7.8
2026-04-18T09:00:00Z,BRT,-8.64,66.4,1013.0,6.85,9,108,0.70711,-0.70711,0.95908,-0.28314,-9.06,-11.08,-8.92
2026-04-18T10:00:00Z,BRT,-9.06,52.2,1011.2,5.17,10,108,0.5,-0.86603,0.95908,-0.28314,-9.5,-11.34,-9.43
2026-04-18T11:00:00Z,BRT,-9.5,53.8,1011.0,5.75,11,108,0.25882,-0.96593,0.95908,-0.28314,-9.82,-9.78,-10.5
2026-04-18T12:00:00Z,BRT,-9.82,49.4,1011.8,5.11,12,108,0.0,-1.0,0.95908,-0.28314,-9.72,-9.78,-10.8
2026-04-18T13:00:00Z,BRT,-9.72,51.4,1011.4,9.76,13,108,-0.25882,-0.96593,0.95908,-0.28314,-10.96,-8.57,-10.87
2026-04-18T14:00:00Z,BRT,-10.96,56.7,1010.0,8.96,14,108,-0.5,-0.86603,0.95908,-0.28314,-11.08,-10.38,-9.55
2026-04-18T15:00:00Z,BRT,-11.08,53.0,1016.5,7.54,15,108,-0.70711,-0.70711,0.95908,-0.28314,-11.34,-9.94,-10.31
2026-04-18T16:00:00Z,BRT,-11.34,51.1,1016.8,10.96,16,108,-0.86603,-0.5,0.95908,-0.28314,-9.78,-10.9,-10.88
2026-04-18T17:00:00Z,BRT,-9.78,58.9,1015.7,8.39,17,108,-0.96593,-0.25882,0.95908,-0.28314,-9.78,-9.98,-11.24
2026-04-18T18:00:00Z,BRT,-9.78,60.6,1014.9,13.1,18,108,-1.0,-0.0,0.95908,-0.28314,-8.57,-9.69,-10.72
2026-04-18T19:00:00Z,BRT,-8.57,57.1,1015.3,4.26,19,108,-0.96593,0.25882,0.95908,-0.28314,-10.38,-9.86,-10.11
2026-04-18T20:00:00Z,BRT,-10.38,49.7,1017.5,8.09,20,108,-0.86603,0.5,0.95908,-0.28314,-9.94,-9.5,-10.73
2026-04-18T21:00:00Z,BRT,-9.94,55.4,1017.8,8.14,21,108,-0.70711,0.70711,0.95908,-0.28314,-10.9,-9.13,-6.12
2026-04-18T22:00:00Z,BRT,-10.9,60.7,1015.0,8.92,22,108,-0.5,0.86603,0.95908,-0.28314,-9.98,-9.21,-5.41
2026-04-18T23:00:00Z,BRT,-9.98,58.5,1011.0,8.57,23,108,-0.25882,0.96593,0.95908,-0.28314,-9.69,-8.86,-5.47
2026-04-19T00:00:00Z,BRT,-9.69,63.9,1009.9,6.51,0,109,0.0,1.0,0.95407,-0.29959,-9.86,-9.29,-11.07
2026-04-19T01:00:00Z,BRT,-9.86,61.1,1010.9,10.53,1,109,0.25882,0.96593,0.95407,-0.29959,-9.5,-9.21,-10.85
2026-04-19T02:00:00Z,BRT,-9.5,63.2,1007.7,8.27,2,109,0.5,0.86603,0.95407,-0.29959,-9.13,-7.8,-10.19
2026-04-19T03:00:00Z,BRT,-9.13,59.4,1007.2,4.48,3,109,0.70711,0.70711,0.95407,-0.29959,-9.21,-8.92,-9.9
2026-04-19T04:00:00Z,BRT,-9.21,70.0,1004.0,10.53,4,109,0.86603,0.5,0.95407,-0.29959,-8.86,-9.43,-10.56
2026-04-19T05:00:00Z,BRT,-8.86,63.9,1002.3,9.83,5,109,0.96593,0.25882,0.95407,-0.29959,-9.29,-10.5,-11.37
2026-04-19T06:00:00Z,BRT,-9.29,63.1,999.6,10.24,6,109,1.0,0.0,0.95407,-0.29959,-9.21,-10.8,-10.08
2026-04-19T07:00:00Z,BRT,-9.21,74.9,996.2,12.07,7,109,0.96593,-0.25882,0.95407,-0.29959,-7.8,-10.87,-10.18
2026-04-19T08:00:00Z,BRT,-7.8,63.7,996.6,10.01,8,109,0.86603,-0.5,0.95407,-0.29959,-8.92,-9.55,-10.31
2026-04-19T09:00:00Z,BRT,-8.92,71.5,994.4,8.17,9,109,0.70711,-0.70711,0.95407,-0.29959,-9.43,-10.31,-11.15
2026-04-19T10:00:00Z,BRT,-9.43,82.6,992.4,12.89,10,109,0.5,-0.86603,0.95407,-0.29959,-10.5,-10.88,-10.94
2026-04-19T11:00:00Z,BRT,-10.5,77.7,989.2,10.52,11,109,0.25882,-0.96593,0.95407,-0.29959,-10.8,-11.24,-10.33
2026-04-19T12:00:00Z,BRT,-10.8,86.8,989.1,9.95,12,109,0.0,-1.0,0.95407,-0.29959,-10.87,-10.72,-11.24
2026-04-19T13:00:00Z,BRT,-10.87,77.1,987.9,11.87,13,109,-0.25882,-0.96593,0.95407,-0.29959,-9.55,-10.11,-11.61
2026-04-19T14:00:00Z,BRT,-9.55,83.6,985.5,19.05,14,109,-0.5,-0.86603,0.95407,-0.29959,-10.31,-10.73,-12.3
2026-04-19T15:00:00Z,BRT,-10.31,78.8,984.8,15.71,15,109,-0.70711,-0.70711,0.95407,-0.29959,-10.88,-6.12,-12.27
2026-04-19T16:00:00Z,BRT,-10.88,81.0,983.4,17.61,16,109,-0.86603,-0.5,0.95407,-0.29959,-11.24,-5.41,-11.53
2026-04-19T17:00:00Z,BRT,-11.24,85.6,980.8,17.51,17,109,-0.96593,-0.25882,0.95407,-0.29959,-10.72,-5.47,-12.78
2026-04-19T18:00:00Z,BRT,-10.72,88.6,980.2,14.85,18,109,-1.0,-0.0,0.95407,-0.29959,-10.11,-11.07,-13.18
2026-04-19T19:00:00Z,BRT,-10.11,88.2,980.0,18.93,19,109,-0.96593,0.25882,0.95407,-0.29959,-10.73,-10.85,-13.56
2026-04-19T20:00:00Z,BRT,-10.73,88.5,980.0,17.75,20,109,-0.86603,0.5,0.95407,-0.29959,-6.12,-10.19,-13.64
2026-04-19T21:00:00Z,BRT,-6.12,90.9,977.1,17.3,21,109,-0.70711,0.70711,0.95407,-0.29959,-5.41,-9.9,-13.61
2026-04-19T22:00:00Z,BRT,-5.41,85.8,976.8,20.0,22,109,-0.5,0.86603,0.95407,-0.29959,-5.47,-10.56,-12.48
2026-04-19T23:00:00Z,BRT,-5.47,99.0,977.6,18.08,23,109,-0.25882,0.96593,0.95407,-0.29959,-11.07,-11.37,-13.65
2026-04-20T00:00:00Z,BRT,-11.07,79.6,980.3,14.8,0,110,0.0,1.0,0.94877,-0.31596,-10.85,-10.08,-14.39
2026-04-20T01:00:00Z,BRT,-10.85,94.8,979.4,13.63,1,110,0.25882,0.96593,0.94877,-0.31596,-10.19,-10.18,-12.47
2026-04-20T02:00:00Z,BRT,-10.19,93.7,979.5,20.08,2,110,0.5,0.86603,0.94877,-0.31596,-9.9,-10.31,-11.64
2026-04-20T03:00:00Z,BRT,-9.9,94.1,978.6,17.35,3,110,0.70711,0.70711,0.94877,-0.31596,-10.56,-11.15,-10.98
2026-04-20T04:00:00Z,BRT,-10.56,85.7,979.1,17.26,4,110,0.86603,0.5,0.94877,-0.31596,-11.37,-10.94,-11.76
2026-04-20T05:00:00Z,BRT,-11.37,90.0,980.4,14.2,5,110,0.96593,0.25882,0.94877,-0.31596,-10.08,-10.33,-11.33
2026-04-20T06:00:00Z,BRT,-10.08,91.7,979.8,14.15,6,110,1.0,0.0,0.94877,-0.31596,-10.18,-11.24,-10.36
2026-04-20T07:00:00Z,BRT,-10.18,78.4,982.6,13.18,7,110,0.96593,-0.25882,0.94877,-0.31596,-10.31,-11.61,-10.1
2026-04-20T08:00:00Z,BRT,-10.31,80.3,982.9,14.64,8,110,0.86603,-0.5,0.94877,-0.31596,-11.15,-12.3,-9.19
2026-04-20T09:00:00Z,BRT,-11.15,84.9,982.5,10.92,9,110,0.70711,-0.70711,0.94877,-0.31596,-10.94,-12.27,-8.99
2026-04-20T10:00:00Z,BRT,-10.94,78.3,982.5,15.15,10,110,0.5,-0.86603,0.94877,-0.31596,-10.33,-11.53,-10.43
2026-04-20T11:00:00Z,BRT,-10.33,94.4,985.3,13.23,11,110,0.25882,-0.96593,0.94877,-0.31596,-11.24,-12.78,-9.91
2026-04-20T12:00:00Z,BRT,-11.24,79.1,983.2,13.12,12,110,0.0,-1.0,0.94877,-0.31596,-11.61,-13.18,-11.55
2026-04-20T13:00:00Z,BRT,-11.61,77.1,983.1,14.13,13,110,-0.25882,-0.96593,0.94877,-0.31596,-12.3,-13.56,-10.31
2026-04-20T14:00:00Z,BRT,-12.3,85.2,981.9,13.31,14,110,-0.5,-0.86603,0.94877,-0.31596,-12.27,-13.64,-10.94
2026-04-20T15:00:00Z,BRT,-12.27,71.2,983.8,13.57,15,110,-0.70711,-0.70711,0.94877,-0.31596,-11.53,-13.61,-10.94
2026-04-20T16:00:00Z,BRT,-11.53,80.8,983.2,18.49,16,110,-0.86603,-0.5,0.94877,-0.31596,-12.78,-12.48,-11.69
2026-04-20T17:00:00Z,BRT,-12.78,86.3,984.2,15.8,17,110,-0.96593,-0.25882,0.94877,-0.31596,-13.18,-13.65,-10.91
2026-04-20T18:00:00Z,BRT,-13.18,79.6,983.7,18.85,18,110,-1.0,-0.0,0.94877,-0.31596,-13.56,-14.39,-11.65
2026-04-20T19:00:00Z,BRT,-13.56,72.4,985.4,17.85,19,110,-0.96593,0.25882,0.94877,-0.31596,-13.64,-12.47,-11.37
2026-04-20T20:00:00Z,BRT,-13.64,83.5,984.5,20.14,20,110,-0.86603,0.5,0.94877,-0.31596,-13.61,-11.64,-11.23
2026-04-20T21:00:00Z,BRT,-13.61,87.8,984.1,16.1,21,110,-0.70711,0.70711,0.94877,-0.31596,-12.48,-10.98,-10.21
2026-04-20T22:00:00Z,BRT,-12.48,87.6,985.9,14.72,22,110,-0.5,0.86603,0.94877,-0.31596,-13.65,-11.76,-10.62
2026-04-20T23:00:00Z,BRT,-13.65,79.8,990.5,14.35,23,110,-0.25882,0.96593,0.94877,-0.31596,-14.39,-11.33,-10.73
2026-04-21T00:00:00Z,BRT,-14.39,77.6,992.5,11.29,0,111,0.0,1.0,0.9432,-0.33224,-12.47,-10.36,-10.41
2026-04-21T01:00:00Z,BRT,-12.47,69.2,997.0,11.19,1,111,0.25882,0.96593,0.9432,-0.33224,-11.64,-10.1,-10.63
2026-04-21T02:00:00Z,BRT,-11.64,74.1,995.6,8.73,2,111,0.5,0.86603,0.9432,-0.33224,-10.98,-9.19,-11.55
2026-04-21T03:00:00Z,BRT,-10.98,79.1,995.3,11.83,3,111,0.70711,0.70711,0.9432,-0.33224,-11.76,-8.99,-11.23
2026-04-21T04:00:00Z,BRT,-11.76,72.3,995.7,12.06,4,111,0.86603,0.5,0.9432,-0.33224,-11.33,-10.43,-11.73
2026-04-21T05:00:00Z,BRT,-11.33,70.7,996.8,12.4,5,111,0.96593,0.25882,0.9432,-0.33224,-10.36,-9.91,-10.49
2026-04-21T06:00:00Z,BRT,-10.36,62.6,996.8,10.83,6,111,1.0,0.0,0.9432,-0.33224,-10.1,-11.55,-10.45
2026-04-21T07:00:00Z,BRT,-10.1,65.5,996.4,9.52,7,111,0.96593,-0.25882,0.9432,-0.33224,-9.19,-10.31,-10.58
2026-04-21T08:00:00Z,BRT,-9.19,77.9,997.9,6.34,8,111,0.86603,-0.5,0.9432,-0.33224,-8.99,-10.94,-9.88
2026-04-21T09:00:00Z,BRT,-8.99,77.1,997.8,12.12,9,111,0.70711,-0.70711,0.9432,-0.33224,-10.43,-10.94,-10.12
2026-04-21T10:00:00Z,BRT,-10.43,68.9,998.5,8.98,10,111,0.5,-0.86603,0.9432,-0.33224,-9.91,-11.69,-10.02
2026-04-21T11:00:00Z,BRT,-9.91,73.2,1000.2,10.01,11,111,0.25882,-0.96593,0.9432,-0.33224,-11.55,-10.91,-10.21
2026-04-21T12:00:00Z,BRT,-11.55,64.5,1004.1,8.62,12,111,0.0,-1.0,0.9432,-0.33224,-10.31,-11.65,-10.2
2026-04-21T13:00:00Z,BRT,-10.31,74.7,1001.3,11.13,13,111,-0.25882,-0.96593,0.9432,-0.33224,-10.94,-11.37,-10.47
2026-04-21T14:00:00Z,BRT,-10.94,63.8,1000.3,5.6,14,111,-0.5,-0.86603,0.9432,-0.33224,-10.94,-11.23,-10.19
2026-04-21T15:00:00Z,BRT,-10.94,67.1,1003.1,15.54,15,111,-0.70711,-0.70711,0.9432,-0.33224,-11.69,-10.21,-8.8
2026-04-21T16:00:00Z,BRT,-11.69,65.3,1003.7,8.27,16,111,-0.86603,-0.5,0.9432,-0.33224,-10.91,-10.62,-10.15
2026-04-21T17:00:00Z,BRT,-10.91,74.6,1005.5,13.98,17,111,-0.96593,-0.25882,0.9432,-0.33224,-11.65,-10.73,-10.5
2026-04-21T18:00:00Z,BRT,-11.65,66.2,1003.5,8.84,18,111,-1.0,-0.0,0.9432,-0.33224,-11.37,-10.41,-10.51
2026-04-21T19:00:00Z,BRT,-11.37,78.4,1005.1,10.5,19,111,-0.96593,0.25882,0.9432,-0.33224,-11.23,-10.63,-11.82
2026-04-21T20:00:00Z,BRT,-11.23,61.3,1004.5,7.42,20,111,-0.86603,0.5,0.9432,-0.33224,-10.21,-11.55,-12.14
2026-04-21T21:00:00Z,BRT,-10.21,69.0,1005.7,11.7,21,111,-0.70711,0.70711,0.9432,-0.33224,-10.62,-11.23,-11.85
2026-04-21T22:00:00Z,BRT,-10.62,72.0,1007.7,12.71,22,111,-0.5,0.86603,0.9432,-0.33224,-10.73,-11.73,-10.08
2026-04-21T23:00:00Z,BRT,-10.73,68.9,1006.7,9.61,23,111,-0.25882,0.96593,0.9432,-0.33224,-10.41,-10.49,-11.66
2026-04-22T00:00:00Z,BRT,-10.41,55.4,1008.5,3.68,0,112,0.0,1.0,0.93734,-0.34841,-10.63,-10.45,-11.74
2026-04-22T01:00:00Z,BRT,-10.63,60.1,1008.4,8.4,1,112,0.25882,0.96593,0.93734,-0.34841,-11.55,-10.58,-12.23
2026-04-22T02:00:00Z,BRT,-11.55,55.6,1009.2,6.29,2,112,0.5,0.86603,0.93734,-0.34841,-11.23,-9.88,-12.98
2026-04-22T03:00:00Z,BRT,-11.23,65.1,1006.4,14.19,3,112,0.70711,0.70711,0.93734,-0.34841,-11.73,-10.12,-13.5
2026-04-22T04:00:00Z,BRT,-11.73,52.3,1006.0,4.85,4,112,0.86603,0.5,0.93734,-0.34841,-10.49,-10.02,-14.22
2026-04-22T05:00:00Z,BRT,-10.49,61.4,1006.4,7.29,5,112,0.96593,0.25882,0.93734,-0.34841,-10.45,-10.21,-12.22
2026-04-22T06:00:00Z,BRT,-10.45,64.9,1006.5,10.65,6,112,1.0,0.0,0.93734,-0.34841,-10.58,-10.2,-12.95
2026-04-22T07:00:00Z,BRT,-10.58,55.1,1006.8,9.62,7,112,0.96593,-0.25882,0.93734,-0.34841,-9.88,-10.47,-13.24
2026-04-22T08:00:00Z,BRT,-9.88,67.0,1004.6,8.51,8,112,0.86603,-0.5,0.93734,-0.34841,-10.12,-10.19,-12.29
2026-04-22T09:00:00Z,BRT,-10.12,61.8,1007.5,7.51,9,112,0.70711,-0.70711,0.93734,-0.34841,-10.02,-8.8,-10.04
2026-04-22T10:00:00Z,BRT,-10.02,57.3,1006.9,8.97,10,112,0.5,-0.86603,0.93734,-0.34841,-10.21,-10.15,-11.86
2026-04-22T11:00:00Z,BRT,-10.21,70.9,1004.7,9.56,11,112,0.25882,-0.96593,0.93734,-0.34841,-10.2,-10.5,-12.91
2026-04-22T12:00:00Z,BRT,-10.2,58.3,1002.9,6.9,12,112,0.0,-1.0,0.93734,-0.34841,-10.47,-10.51,-13.61
2026-04-22T13:00:00Z,BRT,-10.47,70.7,1001.5,8.16,13,112,-0.25882,-0.96593,0.93734,-0.34841,-10.19,-11.82,-13.01
2026-04-22T14:00:00Z,BRT,-10.19,69.2,1001.0,8.72,14,112,-0.5,-0.86603,0.93734,-0.34841,-8.8,-12.14,-12.9
2026-04-22T15:00:00Z,BRT,-8.8,77.8,997.8,10.63,15,112,-0.70711,-0.70711,0.93734,-0.34841,-10.15,-11.85,-12.2
2026-04-22T16:00:00Z,BRT,-10.15,69.8,996.8,15.86,16,112,-0.86603,-0.5,0.93734,-0.34841,-10.5,-10.08,-12.58
2026-04-22T17:00:00Z,BRT,-10.5,79.5,996.7,15.08,17,112,-0.96593,-0.25882,0.93734,-0.34841,-10.51,-11.66,-11.06
2026-04-22T18:00:00Z,BRT,-10.51,60.8,997.0,17.73,18,112,-1.0,-0.0,0.93734,-0.34841,-11.82,-11.74,-12.42
2026-04-22T19:00:00Z,BRT,-11.82,73.2,994.7,13.68,19,112,-0.96593,0.25882,0.93734,-0.34841,-12.14,-12.23,-11.73
2026-04-22T20:00:00Z,BRT,-12.14,74.1,994.3,14.28,20,112,-0.86603,0.5,0.93734,-0.34841,-11.85,-12.98,-11.07
2026-04-22T21:00:00Z,BRT,-11.85,73.3,994.1,14.97,21,112,-0.70711,0.70711,0.93734,-0.34841,-10.08,-13.5,-10.25
2026-04-22T22:00:00Z,BRT,-10.08,76.7,995.4,14.04,22,112,-0.5,0.86603,0.93734,-0.34841,-11.66,-14.22,-9.38
2026-04-22T23:00:00Z,BRT,-11.66,66.3,995.0,10.65,23,112,-0.25882,0.96593,0.93734,-0.34841,-11.74,-12.22,-8.73
2026-04-23T00:00:00Z,BRT,-11.74,70.9,997.3,10.54,0,113,0.0,1.0,0.93121,-0.36448,-12.23,-12.95,-9.18
2026-04-23T01:00:00Z,BRT,-12.23,78.7,993.2,10.89,1,113,0.25882,0.96593,0.93121,-0.36448,-12.98,-13.24,-9.52
2026-04-23T02:00:00Z,BRT,-12.98,79.3,993.4,12.89,2,113,0.5,0.86603,0.93121,-0.36448,-13.5,-12.29,-9.43
2026-04-23T03:00:00Z,BRT,-13.5,75.5,992.7,17.1,3,113,0.70711,0.70711,0.93121,-0.36448,-14.22,-10.04,-8.84
2026-04-23T04:00:00Z,BRT,-14.22,69.0,993.2,7.89,4,113,0.86603,0.5,0.93121,-0.36448,-12.22,-11.86,-8.62
2026-04-23T05:00:00Z,BRT,-12.22,68.9,996.7,7.92,5,113,0.96593,0.25882,0.93121,-0.36448,-12.95,-12.91,-8.41
2026-04-23T06:00:00Z,BRT,-12.95,64.5,996.3,11.09,6,113,1.0,0.0,0.93121,-0.36448,-13.24,-13.61,-9.2
2026-04-23T07:00:00Z,BRT,-13.24,60.1,997.3,12.04,7,113,0.96593,-0.25882,0.93121,-0.36448,-12.29,-13.01,-9.93
2026-04-23T08:00:00Z,BRT,-12.29,64.4,998.4,7.39,8,113,0.86603,-0.5,0.93121,-0.36448,-10.04,-12.9,-9.26
2026-04-23T09:00:00Z,BRT,-10.04,76.6,998.6,6.33,9,113,0.70711,-0.70711,0.93121,-0.36448,-11.86,-12.2,-9.11
2026-04-23T10:00:00Z,BRT,-11.86,72.8,999.2,11.52,10,113,0.5,-0.86603,0.93121,-0.36448,-12.91,-12.58,-9.08
2026-04-23T11:00:00Z,BRT,-12.91,72.0,999.0,10.66,11,113,0.25882,-0.96593,0.93121,-0.36448,-13.61,-11.06,-9.23
2026-04-23T12:00:00Z,BRT,-13.61,57.5,1001.1,5.56,12,113,0.0,-1.0,0.93121,-0.36448,-13.01,-12.42,-7.41
2026-04-23T13:00:00Z,BRT,-13.01,68.0,999.2,4.18,13,113,-0.25882,-0.96593,0.93121,-0.36448,-12.9,-11.73,-7.95
2026-04-23T14:00:00Z,BRT,-12.9,64.7,1000.4,13.52,14,113,-0.5,-0.86603,0.93121,-0.36448,-12.2,-11.07,-8.79
2026-04-23T15:00:00Z,BRT,-12.2,72.7,1001.0,13.21,15,113,-0.70711,-0.70711,0.93121,-0.36448,-12.58,-10.25,-8.93
2026-04-23T16:00:00Z,BRT,-12.58,66.5,1001.1,12.73,16,113,-0.86603,-0.5,0.93121,-0.36448,-11.06,-9.38,-8.04
2026-04-23T17:00:00Z,BRT,-11.06,79.3,999.8,15.96,17,113,-0.96593,-0.25882,0.93121,-0.36448,-12.42,-8.73,-7.26
2026-04-23T18:00:00Z,BRT,-12.42,56.6,1002.7,9.51,18,113,-1.0,-0.0,0.93121,-0.36448,-11.73,-9.18,-8.45
2026-04-23T19:00:00Z,BRT,-11.73,73.0,1001.7,11.78,19,113,-0.96593,0.25882,0.93121,-0.36448,-11.07,-9.52,-9.11
2026-04-23T20:00:00Z,BRT,-11.07,69.6,1001.3,9.8,20,113,-0.86603,0.5,0.93121,-0.36448,-10.25,-9.43,-9.31
2026-04-23T21:00:00Z,BRT,-10.25,67.3,1003.2,12.67,21,113,-0.70711,0.70711,0.93121,-0.36448,-9.38,-8.84,-9.57
2026-04-23T22:00:00Z,BRT,-9.38,73.0,1002.2,11.41,22,113,-0.5,0.86603,0.93121,-0.36448,-8.73,-8.62,-9.35
2026-04-23T23:00:00Z,BRT,-8.73,66.6,1003.0,8.92,23,113,-0.25882,0.96593,0.93121,-0.36448,-9.18,-8.41,-9.34
2026-04-24T00:00:00Z,BRT,-9.18,74.1,1000.8,9.18,0,114,0.0,1.0,0.9248,-0.38045,-9.52,-9.2,-11.18
2026-04-24T01:00:00Z,BRT,-9.52,62.1,1002.7,8.89,1,114,0.25882,0.96593,0.9248,-0.38045,-9.43,-9.93,-11.18
2026-04-24T02:00:00Z,BRT,-9.43,61.0,1005.8,12.81,2,114,0.5,0.86603,0.9248,-0.38045,-8.84,-9.26,-9.35
2026-04-24T03:00:00Z,BRT,-8.84,60.9,1007.2,11.34,3,114,0.70711,0.70711,0.9248,-0.38045,-8.62,-9.11,-9.95
2026-04-24T04:00:00Z,BRT,-8.62,51.5,1008.4,5.49,4,114,0.86603,0.5,0.9248,-0.38045,-8.41,-9.08,-10.6
2026-04-24T05:00:00Z,BRT,-8.41,58.1,1007.9,4.98,5,114,0.96593,0.25882,0.9248,-0.38045,-9.2,-9.23,-10.14
2026-04-24T06:00:00Z,BRT,-9.2,66.6,1007.2,7.62,6,114,1.0,0.0,0.9248,-0.38045,-9.93,-7.41,-9.14
2026-04-24T07:00:00Z,BRT,-9.93,61.4,1004.2,6.52,7,114,0.96593,-0.25882,0.9248,-0.38045,-9.26,-7.95,-11.0
2026-04-24T08:00:00Z,BRT,-9.26,74.2,1002.5,7.68,8,114,0.86603,-0.5,0.9248,-0.38045,-9.11,-8.79,-11.38
2026-04-24T09:00:00Z,BRT,-9.11,68.7,1002.3,5.71,9,114,0.70711,-0.70711,0.9248,-0.38045,-9.08,-8.93,-11.16
2026-04-24T10:00:00Z,BRT,-9.08,62.9,1003.6,10.01,10,114,0.5,-0.86603,0.9248,-0.38045,-9.23,-8.04,-10.64
2026-04-24T11:00:00Z,BRT,-9.23,73.2,1001.8,11.59,11,114,0.25882,-0.96593,0.9248,-0.38045,-7.41,-7.26,-11.93
2026-04-24T12:00:00Z,BRT,-7.41,75.6,1002.3,8.91,12,114,0.0,-1.0,0.9248,-0.38045,-7.95,-8.45,-10.71
2026-04-24T13:00:00Z,BRT,-7.95,70.9,1003.3,10.08,13,114,-0.25882,-0.96593,0.9248,-0.38045,-8.79,-9.11,-10.03
2026-04-24T14:00:00Z,BRT,-8.79,62.6,1004.1,11.49,14,114,-0.5,-0.86603,0.9248,-0.38045,-8.93,-9.31,-12.03
2026-04-24T15:00:00Z,BRT,-8.93,70.6,1004.5,10.31,15,114,-0.70711,-0.70711,0.9248,-0.38045,-8.04,-9.57,-11.86
2026-04-24T16:00:00Z,BRT,-8.04,62.2,1009.7,10.47,16,114,-0.86603,-0.5,0.9248,-0.38045,-7.26,-9.35,-11.24
2026-04-24T17:00:00Z,BRT,-7.26,63.8,1006.1,7.87,17,114,-0.96593,-0.25882,0.9248,-0.38045,-8.45,-9.34,-12.68
2026-04-24T18:00:00Z,BRT,-8.45,70.0,1003.9,10.12,18,114,-1.0,-0.0,0.9248,-0.38045,-9.11,-11.18,-11.38
2026-04-24T19:00:00Z,BRT,-9.11,68.3,1003.1,9.32,19,114,-0.96593,0.25882,0.9248,-0.38045,-9.31,-11.18,-11.59
2026-04-24T20:00:00Z,BRT,-9.31,67.7,1001.6,15.31,20,114,-0.86603,0.5,0.9248,-0.38045,-9.57,-9.35,-10.34
2026-04-24T21:00:00Z,BRT,-9.57,69.5,1002.2,8.27,21,114,-0.70711,0.70711,0.9248,-0.38045,-9.35,-9.95,-9.34
2026-04-24T22:00:00Z,BRT,-9.35,68.0,1001.1,12.72,22,114,-0.5,0.86603,0.9248,-0.38045,-9.34,-10.6,-10.1
2026-04-24T23:00:00Z,BRT,-9.34,64.9,1000.6,11.72,23,114,-0.25882,0.96593,0.9248,-0.38045,-11.18,-10.14,-10.03
2026-04-25T00:00:00Z,BRT,-11.18,71.4,999.1,9.02,0,115,0.0,1.0,0.91812,-0.3963,-11.18,-9.14,-10.24
2026-04-25T01:00:00Z,BRT,-11.18,73.2,996.8,12.37,1,115,0.25882,0.96593,0.91812,-0.3963,-9.35,-11.0,-9.84
2026-04-25T02:00:00Z,BRT,-9.35,65.7,995.3,15.8,2,115,0.5,0.86603,0.91812,-0.3963,-9.95,-11.38,-9.55
2026-04-25T03:00:00Z,BRT,-9.95,89.4,990.7,15.8,3,115,0.70711,0.70711,0.91812,-0.3963,-10.6,-11.16,-9.68
2026-04-25T04:00:00Z,BRT,-10.6,69.0,989.7,8.76,4,115,0.86603,0.5,0.91812,-0.3963,-10.14,-10.64,-8.58
2026-04-25T05:00:00Z,BRT,-10.14,81.6,987.6,11.87,5,115,0.96593,0.25882,0.91812,-0.3963,-9.14,-11.93,-8.81
2026-04-25T06:00:00Z,BRT,-9.14,74.8,986.9,11.94,6,115,1.0,0.0,0.91812,-0.3963,-11.0,-10.71,-9.6
2026-04-25T07:00:00Z,BRT,-11.0,82.2,988.6,12.12,7,115,0.96593,-0.25882,0.91812,-0.3963,-11.38,-10.03,-9.47
2026-04-25T08:00:00Z,BRT,-11.38,79.3,986.9,10.9,8,115,0.86603,-0.5,0.91812,-0.3963,-11.16,-12.03,-9.31
2026-04-25T09:00:00Z,BRT,-11.16,79.0,984.7,14.27,9,115,0.70711,-0.70711,0.91812,-0.3963,-10.64,-11.86,-9.44
2026-04-25T10:00:00Z,BRT,-10.64,85.1,982.1,14.73,10,115,0.5,-0.86603,0.91812,-0.3963,-11.93,-11.24,-11.15
2026-04-25T11:00:00Z,BRT,-11.93,86.8,981.3,11.06,11,115,0.25882,-0.96593,0.91812,-0.3963,-10.71,-12.68,-11.17
2026-04-25T12:00:00Z,BRT,-10.71,90.6,980.1,12.47,12,115,0.0,-1.0,0.91812,-0.3963,-10.03,-11.38,-13.06
2026-04-25T13:00:00Z,BRT,-10.03,90.5,981.9,17.21,13,115,-0.25882,-0.96593,0.91812,-0.3963,-12.03,-11.59,-11.25
2026-04-25T14:00:00Z,BRT,-12.03,76.1,984.7,15.04,14,115,-0.5,-0.86603,0.91812,-0.3963,-11.86,-10.34,-11.45
2026-04-25T15:00:00Z,BRT,-11.86,85.7,982.6,18.43,15,115,-0.70711,-0.70711,0.91812,-0.3963,-11.24,-9.34,-11.12
2026-04-25T16:00:00Z,BRT,-11.24,82.7,985.2,16.85,16,115,-0.86603,-0.5,0.91812,-0.3963,-12.68,-10.1,-11.95
2026-04-25T17:00:00Z,BRT,-12.68,89.6,982.4,15.4,17,115,-0.96593,-0.25882,0.91812,-0.3963,-11.38,-10.03,-11.21
2026-04-25T18:00:00Z,BRT,-11.38,86.2,985.7,18.86,18,115,-1.0,-0.0,0.91812,-0.3963,-11.59,-10.24,-12.34
2026-04-25T19:00:00Z,BRT,-11.59,85.1,985.2,15.51,19,115,-0.96593,0.25882,0.91812,-0.3963,-10.34,-9.84,-12.93
2026-04-25T20:00:00Z,BRT,-10.34,88.4,985.6,17.76,20,115,-0.86603,0.5,0.91812,-0.3963,-9.34,-9.55,-12.43
2026-04-25T21:00:00Z,BRT,-9.34,76.1,990.6,13.2,21,115,-0.70711,0.70711,0.91812,-0.3963,-10.1,-9.68,-13.32
2026-04-25T22:00:00Z,BRT,-10.1,68.9,992.0,12.3,22,115,-0.5,0.86603,0.91812,-0.3963,-10.03,-8.58,-13.58
2026-04-25T23:00:00Z,BRT,-10.03,88.1,993.5,9.87,23,115,-0.25882,0.96593,0.91812,-0.3963,-10.24,-8.81,-12.39
2026-04-26T00:00:00Z,BRT,-10.24,69.8,992.3,10.29,0,116,0.0,1.0,0.91117,-0.41203,-9.84,-9.6,-12.96
2026-04-26T01:00:00Z,BRT,-9.84,72.6,992.9,11.92,1,116,0.25882,0.96593,0.91117,-0.41203,-9.55,-9.47,-11.27
2026-04-26T02:00:00Z,BRT,-9.55,78.6,993.5,13.75,2,116,0.5,0.86603,0.91117,-0.41203,-9.68,-9.31,-11.82
2026-04-26T03:00:00Z,BRT,-9.68,76.2,995.9,11.06,3,116,0.70711,0.70711,0.91117,-0.41203,-8.58,-9.44,-12.33
2026-04-26T04:00:00Z,BRT,-8.58,66.8,996.9,9.35,4,116,0.86603,0.5,0.91117,-0.41203,-8.81,-11.15,-12.18
2026-04-26T05:00:00Z,BRT,-8.81,77.8,994.6,6.72,5,116,0.96593,0.25882,0.91117,-0.41203,-9.6,-11.17,-11.07
2026-04-26T06:00:00Z,BRT,-9.6,73.4,993.8,13.25,6,116,1.0,0.0,0.91117,-0.41203,-9.47,-13.06,-12.14
2026-04-26T07:00:00Z,BRT,-9.47,71.5,997.6,9.65,7,116,0.96593,-0.25882,0.91117,-0.41203,-9.31,-11.25,-11.76
2026-04-26T08:00:00Z,BRT,-9.31,65.6,998.2,9.23,8,116,0.86603,-0.5,0.91117,-0.41203,-9.44,-11.45,-10.42
2026-04-26T09:00:00Z,BRT,-9.44,69.5,1000.8,12.91,9,116,0.70711,-0.70711,0.91117,-0.41203,-11.15,-11.12,-10.17
2026-04-26T10:00:00Z,BRT,-11.15,66.2,1000.0,5.22,10,116,0.5,-0.86603,0.91117,-0.41203,-11.17,-11.95,-10.75
2026-04-26T11:00:00Z,BRT,-11.17,74.6,1003.7,9.02,11,116,0.25882,-0.96593,0.91117,-0.41203,-13.06,-11.21,-10.3
2026-04-26T12:00:00Z,BRT,-13.06,68.3,1005.3,9.92,12,116,0.0,-1.0,0.91117,-0.41203,-11.25,-12.34,-9.58
2026-04-26T13:00:00Z,BRT,-11.25,57.7,1007.4,8.54,13,116,-0.25882,-0.96593,0.91117,-0.41203,-11.45,-12.93,-10.14
2026-04-26T14:00:00Z,BRT,-11.45,60.8,1009.1,9.6,14,116,-0.5,-0.86603,0.91117,-0.41203,-11.12,-12.43,-10.28
2026-04-26T15:00:00Z,BRT,-11.12,60.3,1007.5,10.51,15,116,-0.70711,-0.70711,0.91117,-0.41203,-11.95,-13.32,-10.26
2026-04-26T16:00:00Z,BRT,-11.95,59.9,1009.5,14.33,16,116,-0.86603,-0.5,0.91117,-0.41203,-11.21,-13.58,-11.15
2026-04-26T17:00:00Z,BRT,-11.21,68.1,1006.3,10.38,17,116,-0.96593,-0.25882,0.91117,-0.41203,-12.34,-12.39,-11.72
2026-04-26T18:00:00Z,BRT,-12.34,62.7,1007.5,14.75,18,116,-1.0,-0.0,0.91117,-0.41203,-12.93,-12.96,-11.49
2026-04-26T19:00:00Z,BRT,-12.93,61.5,1008.4,11.18,19,116,-0.96593,0.25882,0.91117,-0.41203,-12.43,-11.27,-10.74
2026-04-26T20:00:00Z,BRT,-12.43,59.9,1010.4,7.55,20,116,-0.86603,0.5,0.91117,-0.41203,-13.32,-11.82,-10.14
2026-04-26T21:00:00Z,BRT,-13.32,69.5,1008.1,11.67,21,116,-0.70711,0.70711,0.91117,-0.41203,-13.58,-12.33,-9.61
2026-04-26T22:00:00Z,BRT,-13.58,72.9,1011.7,9.06,22,116,-0.5,0.86603,0.91117,-0.41203,-12.39,-12.18,-8.88
2026-04-26T23:00:00Z,BRT,-12.39,57.3,1015.1,6.68,23,116,-0.25882,0.96593,0.91117,-0.41203,-12.96,-11.07,-8.53
2026-04-27T00:00:00Z,BRT,-12.96,53.4,1016.1,5.32,0,117,0.0,1.0,0.90395,-0.42765,-11.27,-12.14,-8.59
2026-04-27T01:00:00Z,BRT,-11.27,68.7,1013.1,4.85,1,117,0.25882,0.96593,0.90395,-0.42765,-11.82,-11.76,-9.16
2026-04-27T02:00:00Z,BRT,-11.82,57.4,1015.1,2.35,2,117,0.5,0.86603,0.90395,-0.42765,-12.33,-10.42,-9.62
2026-04-27T03:00:00Z,BRT,-12.33,51.9,1014.9,6.46,3,117,0.70711,0.70711,0.90395,-0.42765,-12.18,-10.17,-10.08
2026-04-27T04:00:00Z,BRT,-12.18,71.8,1013.5,7.71,4,117,0.86603,0.5,0.90395,-0.42765,-11.07,-10.75,-9.14
2026-04-27T05:00:00Z,BRT,-11.07,57.4,1012.0,4.32,5,117,0.96593,0.25882,0.90395,-0.42765,-12.14,-10.3,-9.08
2026-04-27T06:00:00Z,BRT,-12.14,62.0,1010.7,6.41,6,117,1.0,0.0,0.90395,-0.42765,-11.76,-9.58,-8.99
2026-04-27T07:00:00Z,BRT,-11.76,63.3,1012.6,7.61,7,117,0.96593,-0.25882,0.90395,-0.42765,-10.42,-10.14,-7.0
2026-04-27T08:00:00Z,BRT,-10.42,48.9,1011.2,7.6,8,117,0.86603,-0.5,0.90395,-0.42765,-10.17,-10.28,-6.51
2026-04-27T09:00:00Z,BRT,-10.17,55.0,1009.5,3.84,9,117,0.70711,-0.70711,0.90395,-0.42765,-10.75,-10.26,-5.79
2026-04-27T10:00:00Z,BRT,-10.75,65.4,1007.2,9.85,10,117,0.5,-0.86603,0.90395,-0.42765,-10.3,-11.15,-5.87
2026-04-27T11:00:00Z,BRT,-10.3,66.7,1005.4,9.83,11,117,0.25882,-0.96593,0.90395,-0.42765,-9.58,-11.72,-6.51
2026-04-27T12:00:00Z,BRT,-9.58,70.2,1006.5,10.69,12,117,0.0,-1.0,0.90395,-0.42765,-10.14,-11.49,-6.76
2026-04-27T13:00:00Z,BRT,-10.14,68.3,1003.9,8.47,13,117,-0.25882,-0.96593,0.90395,-0.42765,-10.28,-10.74,-7.06
2026-04-27T14:00:00Z,BRT,-10.28,65.4,1003.6,9.6,14,117,-0.5,-0.86603,0.90395,-0.42765,-10.26,-10.14,-6.94
2026-04-27T15:00:00Z,BRT,-10.26,68.9,1003.7,12.4,15,117,-0.70711,-0.70711,0.90395,-0.42765,-11.15,-9.61,-6.99
2026-04-27T16:00:00Z,BRT,-11.15,68.4,1005.0,10.17,16,117,-0.86603,-0.5,0.90395,-0.42765,-11.72,-8.88,-7.87
2026-04-27T17:00:00Z,BRT,-11.72,74.1,999.6,11.12,17,117,-0.96593,-0.25882,0.90395,-0.42765,-11.49,-8.53,-7.89
2026-04-27T18:00:00Z,BRT,-11.49,72.6,997.9,11.71,18,117,-1.0,-0.0,0.90395,-0.42765,-10.74,-8.59,-8.07
2026-04-27T19:00:00Z,BRT,-10.74,68.5,999.6,12.79,19,117,-0.96593,0.25882,0.90395,-0.42765,-10.14,-9.16,-8.39
2026-04-27T20:00:00Z,BRT,-10.14,78.7,997.7,10.1,20,117,-0.86603,0.5,0.90395,-0.42765,-9.61,-9.62,-9.6
2026-04-27T21:00:00Z,BRT,-9.61,73.6,998.3,15.39,21,117,-0.70711,0.70711,0.90395,-0.42765,-8.88,-10.08,-10.63
2026-04-27T22:00:00Z,BRT,-8.88,72.5,998.2,16.09,22,117,-0.5,0.86603,0.90395,-0.42765,-8.53,-9.14,-10.25
2026-04-27T23:00:00Z,BRT,-8.53,68.4,998.3,10.3,23,117,-0.25882,0.96593,0.90395,-0.42765,-8.59,-9.08,-10.99
2026-04-28T00:00:00Z,BRT,-8.59,70.6,997.8,4.75,0,118,0.0,1.0,0.89646,-0.44313,-9.16,-8.99,-11.16
2026-04-28T01:00:00Z,BRT,-9.16,75.9,997.6,9.25,1,118,0.25882,0.96593,0.89646,-0.44313,-9.62,-7.0,-10.93
2026-04-28T02:00:00Z,BRT,-9.62,73.5,996.0,10.46,2,118,0.5,0.86603,0.89646,-0.44313,-10.08,-6.51,-10.13
2026-04-28T03:00:00Z,BRT,-10.08,70.5,997.3,9.68,3,118,0.70711,0.70711,0.89646,-0.44313,-9.14,-5.79,-12.09
2026-04-28T04:00:00Z,BRT,-9.14,68.9,996.7,11.34,4,118,0.86603,0.5,0.89646,-0.44313,-9.08,-5.87,-12.98
2026-04-28T05:00:00Z,BRT,-9.08,80.2,997.9,8.62,5,118,0.96593,0.25882,0.89646,-0.44313,-8.99,-6.51,-12.8
2026-04-28T06:00:00Z,BRT,-8.99,70.2,995.2,3.57,6,118,1.0,0.0,0.89646,-0.44313,-7.0,-6.76,-12.68
2026-04-28T07:00:00Z,BRT,-7.0,72.5,995.2,9.29,7,118,0.96593,-0.25882,0.89646,-0.44313,-6.51,-7.06,-13.54
2026-04-28T08:00:00Z,BRT,-6.51,69.4,994.2,8.6,8,118,0.86603,-0.5,0.89646,-0.44313,-5.79,-6.94,-14.2
2026-04-28T09:00:00Z,BRT,-5.79,82.5,994.0,15.46,9,118,0.70711,-0.70711,0.89646,-0.44313,-5.87,-6.99,-13.98
2026-04-28T10:00:00Z,BRT,-5.87,72.9,992.3,17.2,10,118,0.5,-0.86603,0.89646,-0.44313,-6.51,-7.87,-14.14
2026-04-28T11:00:00Z,BRT,-6.51,71.9,992.5,10.91,11,118,0.25882,-0.96593,0.89646,-0.44313,-6.76,-7.89,-14.45
2026-04-28T12:00:00Z,BRT,-6.76,70.6,990.0,10.34,12,118,0.0,-1.0,0.89646,-0.44313,-7.06,-8.07,-15.1
2026-04-28T13:00:00Z,BRT,-7.06,79.7,987.8,13.19,13,118,-0.25882,-0.96593,0.89646,-0.44313,-6.94,-8.39,-15.81
2026-04-28T14:00:00Z,BRT,-6.94,79.9,989.5,11.17,14,118,-0.5,-0.86603,0.89646,-0.44313,-6.99,-9.6,-15.31
2026-04-28T15:00:00Z,BRT,-6.99,76.1,985.4,15.19,15,118,-0.70711,-0.70711,0.89646,-0.44313,-7.87,-10.63,-15.84
2026-04-28T16:00:00Z,BRT,-7.87,83.3,985.5,15.96,16,118,-0.86603,-0.5,0.89646,-0.44313,-7.89,-10.25,-15.0
2026-04-28T17:00:00Z,BRT,-7.89,81.1,985.9,17.95,17,118,-0.96593,-0.25882,0.89646,-0.44313,-8.07,-10.99,-15.49
2026-04-28T18:00:00Z,BRT,-8.07,88.3,981.7,16.21,18,118,-1.0,-0.0,0.89646,-0.44313,-8.39,-11.16,-14.49
2026-04-28T19:00:00Z,BRT,-8.39,90.4,984.0,17.57,19,118,-0.96593,0.25882,0.89646,-0.44313,-9.6,-10.93,-14.72
2026-04-28T20:00:00Z,BRT,-9.6,87.4,986.8,15.3,20,118,-0.86603,0.5,0.89646,-0.44313,-10.63,-10.13,-14.47
2026-04-28T21:00:00Z,BRT,-10.63,75.9,985.9,14.47,21,118,-0.70711,0.70711,0.89646,-0.44313,-10.25,-12.09,-14.55
2026-04-28T22:00:00Z,BRT,-10.25,90.3,986.0,14.56,22,118,-0.5,0.86603,0.89646,-0.44313,-10.99,-12.98,-14.2
2026-04-28T23:00:00Z,BRT,-10.99,71.0,988.8,9.73,23,118,-0.25882,0.96593,0.89646,-0.44313,-11.16,-12.8,-14.23
2026-04-29T00:00:00Z,BRT,-11.16,73.9,986.4,8.87,0,119,0.0,1.0,0.8887,-0.45849,-10.93,-12.68,-14.28
2026-04-29T01:00:00Z,BRT,-10.93,80.6,986.4,15.3,1,119,0.25882,0.96593,0.8887,-0.45849,-10.13,-13.54,-13.9
2026-04-29T02:00:00Z,BRT,-10.13,78.7,987.2,18.56,2,119,0.5,0.86603,0.8887,-0.45849,-12.09,-14.2,-14.22
2026-04-29T03:00:00Z,BRT,-12.09,77.5,983.1,15.77,3,119,0.70711,0.70711,0.8887,-0.45849,-12.98,-13.98,-8.0
2026-04-29T04:00:00Z,BRT,-12.98,77.4,982.7,14.67,4,119,0.86603,0.5,0.8887,-0.45849,-12.8,-14.14,-13.46
2026-04-29T05:00:00Z,BRT,-12.8,85.0,982.5,12.94,5,119,0.96593,0.25882,0.8887,-0.45849,-12.68,-14.45,-8.07
2026-04-29T06:00:00Z,BRT,-12.68,71.0,983.7,14.49,6,119,1.0,0.0,0.8887,-0.45849,-13.54,-15.1,-7.2
2026-04-29T07:00:00Z,BRT,-13.54,84.4,985.9,14.95,7,119,0.96593,-0.25882,0.8887,-0.45849,-14.2,-15.81,-12.25
2026-04-29T08:00:00Z,BRT,-14.2,77.2,987.6,13.98,8,119,0.86603,-0.5,0.8887,-0.45849,-13.98,-15.31,-11.34
2026-04-29T09:00:00Z,BRT,-13.98,82.0,988.4,10.59,9,119,0.70711,-0.70711,0.8887,-0.45849,-14.14,-15.84,-5.9
2026-04-29T10:00:00Z,BRT,-14.14,78.9,989.7,11.7,10,119,0.5,-0.86603,0.8887,-0.45849,-14.45,-15.0,-4.57
2026-04-29T11:00:00Z,BRT,-14.45,71.2,993.6,13.88,11,119,0.25882,-0.96593,0.8887,-0.45849,-15.1,-15.49,-3.5
2026-04-29T12:00:00Z,BRT,-15.1,68.9,992.2,10.58,12,119,0.0,-1.0,0.8887,-0.45849,-15.81,-14.49,-3.67
2026-04-29T13:00:00Z,BRT,-15.81,73.5,991.1,13.05,13,119,-0.25882,-0.96593,0.8887,-0.45849,-15.31,-14.72,-3.31
2026-04-29T14:00:00Z,BRT,-15.31,70.3,992.3,11.15,14,119,-0.5,-0.86603,0.8887,-0.45849,-15.84,-14.47,-2.59
2026-04-29T15:00:00Z,BRT,-15.84,75.0,989.1,12.79,15,119,-0.70711,-0.70711,0.8887,-0.45849,-15.0,-14.55,-3.04
2026-04-29T16:00:00Z,BRT,-15.0,70.5,987.0,15.13,16,119,-0.86603,-0.5,0.8887,-0.45849,-15.49,-14.2,-2.38
2026-04-29T17:00:00Z,BRT,-15.49,72.7,985.7,13.36,17,119,-0.96593,-0.25882,0.8887,-0.45849,-14.49,-14.23,-1.37
2026-04-29T18:00:00Z,BRT,-14.49,72.3,986.5,14.95,18,119,-1.0,-0.0,0.8887,-0.45849,-14.72,-14.28,-1.49
2026-04-29T19:00:00Z,BRT,-14.72,87.3,990.3,13.69,19,119,-0.96593,0.25882,0.8887,-0.45849,-14.47,-13.9,-2.17
2026-04-29T20:00:00Z,BRT,-14.47,81.4,993.2,15.78,20,119,-0.86603,0.5,0.8887,-0.45849,-14.55,-14.22,-3.81
2026-04-29T21:00:00Z,BRT,-14.55,74.0,991.3,15.19,21,119,-0.70711,0.70711,0.8887,-0.45849,-14.2,-8.0,-4.01
2026-04-29T22:00:00Z,BRT,-14.2,88.9,989.8,13.79,22,119,-0.5,0.86603,0.8887,-0.45849,-14.23,-13.46,-8.03
2026-04-29T23:00:00Z,BRT,-14.23,79.8,989.9,10.98,23,119,-0.25882,0.96593,0.8887,-0.45849,-14.28,-8.07,-6.87
2026-04-30T00:00:00Z,BRT,-14.28,84.9,985.7,12.19,0,120,0.0,1.0,0.88068,-0.47371,-13.9,-7.2,-6.85
2026-04-30T01:00:00Z,BRT,-13.9,97.6,982.4,15.28,1,120,0.25882,0.96593,0.88068,-0.47371,-14.22,-12.25,-8.51
2026-04-30T02:00:00Z,BRT,-14.22,88.4,980.1,12.48,2,120,0.5,0.86603,0.88068,-0.47371,-8.0,-11.34,-8.89
2026-04-30T03:00:00Z,BRT,-8.0,89.7,977.8,18.66,3,120,0.70711,0.70711,0.88068,-0.47371,-13.46,-5.9,-9.12
2026-04-30T04:00:00Z,BRT,-13.46,92.0,978.1,14.38,4,120,0.86603,0.5,0.88068,-0.47371,-8.07,-4.57,-9.22
2026-04-30T05:00:00Z,BRT,-8.07,87.0,977.6,15.36,5,120,0.96593,0.25882,0.88068,-0.47371,-7.2,-3.5,-8.6
2026-04-30T06:00:00Z,BRT,-7.2,90.6,977.0,14.96,6,120,1.0,0.0,0.88068,-0.47371,-12.25,-3.67,-9.19
2026-04-30T07:00:00Z,BRT,-12.25,84.1,978.4,10.45,7,120,0.96593,-0.25882,0.88068,-0.47371,-11.34,-3.31,-9.36
2026-04-30T08:00:00Z,BRT,-11.34,95.1,979.3,12.97,8,120,0.86603,-0.5,0.88068,-0.47371,-5.9,-2.59,-9.71
2026-04-30T09:00:00Z,BRT,-5.9,88.0,974.6,13.29,9,120,0.70711,-0.70711,0.88068,-0.47371,-4.57,-3.04,-10.44
2026-04-30T10:00:00Z,BRT,-4.57,80.4,976.5,17.79,10,120,0.5,-0.86603,0.88068,-0.47371,-3.5,-2.38,-9.78
2026-04-30T11:00:00Z,BRT,-3.5,93.5,977.0,14.5,11,120,0.25882,-0.96593,0.88068,-0.47371,-3.67,-1.37,-10.06
2026-04-30T12:00:00Z,BRT,-3.67,88.8,974.8,15.38,12,120,0.0,-1.0,0.88068,-0.47371,-3.31,-1.49,-10.64
2026-04-30T13:00:00Z,BRT,-3.31,85.8,973.7,15.83,13,120,-0.25882,-0.96593,0.88068,-0.47371,-2.59,-2.17,-10.49
2026-04-30T14:00:00Z,BRT,-2.59,89.6,973.4,19.68,14,120,-0.5,-0.86603,0.88068,-0.47371,-3.04,-3.81,-9.06
2026-04-30T15:00:00Z,BRT,-3.04,91.5,972.7,18.11,15,120,-0.70711,-0.70711,0.88068,-0.47371,-2.38,-4.01,-9.69
2026-04-30T16:00:00Z,BRT,-2.38,90.3,972.5,18.96,16,120,-0.86603,-0.5,0.88068,-0.47371,-1.37,-8.03,-11.59
2026-04-30T17:00:00Z,BRT,-1.37,94.1,972.3,20.78,17,120,-0.96593,-0.25882,0.88068,-0.47371,-1.49,-6.87,-10.94
2026-04-30T18:00:00Z,BRT,-1.49,84.5,974.4,20.32,18,120,-1.0,-0.0,0.88068,-0.47371,-2.17,-6.85,-10.81
2026-04-30T19:00:00Z,BRT,-2.17,87.2,976.1,20.23,19,120,-0.96593,0.25882,0.88068,-0.47371,-3.81,-8.51,-10.54
2026-04-30T20:00:00Z,BRT,-3.81,92.3,975.1,16.2,20,120,-0.86603,0.5,0.88068,-0.47371,-4.01,-8.89,-10.51
2026-04-30T21:00:00Z,BRT,-4.01,86.3,976.5,13.3,21,120,-0.70711,0.70711,0.88068,-0.47371,-8.03,-9.12,-10.53
2026-04-30T22:00:00Z,BRT,-8.03,92.1,979.3,14.68,22,120,-0.5,0.86603,0.88068,-0.47371,-6.87,-9.22,-11.38
2026-04-30T23:00:00Z,BRT,-6.87,93.4,981.3,17.12,23,120,-0.25882,0.96593,0.88068,-0.47371,-6.85,-8.6,-12.25
2026-05-01T00:00:00Z,BRT,-6.85,90.6,981.3,12.91,0,121,0.0,1.0,0.8724,-0.48879,-8.51,-9.19,-13.29
2026-05-01T01:00:00Z,BRT,-8.51,98.9,981.4,9.76,1,121,0.25882,0.96593,0.8724,-0.48879,-8.89,-9.36,-12.4
2026-05-01T02:00:00Z,BRT,-8.89,92.2,983.7,17.64,2,121,0.5,0.86603,0.8724,-0.48879,-9.12,-9.71,-12.84
2026-05-01T03:00:00Z,BRT,-9.12,87.8,983.6,14.59,3,121,0.70711,0.70711,0.8724,-0.48879,-9.22,-10.44,-11.79
2026-05-01T04:00:00Z,BRT,-9.22,84.4,985.6,13.29,4,121,0.86603,0.5,0.8724,-0.48879,-8.6,-9.78,-12.19
2026-05-01T05:00:00Z,BRT,-8.6,73.8,988.0,12.39,5,121,0.96593,0.25882,0.8724,-0.48879,-9.19,-10.06,-12.03
2026-05-01T06:00:00Z,BRT,-9.19,80.4,990.3,9.81,6,121,1.0,0.0,0.8724,-0.48879,-9.36,-10.64,-12.54
2026-05-01T07:00:00Z,BRT,-9.36,72.8,993.9,11.83,7,121,0.96593,-0.25882,0.8724,-0.48879,-9.71,-10.49,-12.73
2026-05-01T08:00:00Z,BRT,-9.71,71.4,994.4,9.16,8,121,0.86603,-0.5,0.8724,-0.48879,-10.44,-9.06,-12.13
2026-05-01T09:00:00Z,BRT,-10.44,68.0,996.3,11.16,9,121,0.70711,-0.70711,0.8724,-0.48879,-9.78,-9.69,-12.12
2026-05-01T10:00:00Z,BRT,-9.78,62.1,997.0,11.61,10,121,0.5,-0.86603,0.8724,-0.48879,-10.06,-11.59,-13.52
2026-05-01T11:00:00Z,BRT,-10.06,74.6,997.8,10.46,11,121,0.25882,-0.96593,0.8724,-0.48879,-10.64,-10.94,-13.57
2026-05-01T12:00:00Z,BRT,-10.64,75.5,999.8,8.07,12,121,0.0,-1.0,0.8724,-0.48879,-10.49,-10.81,-13.15
2026-05-01T13:00:00Z,BRT,-10.49,61.7,998.9,7.13,13,121,-0.25882,-0.96593,0.8724,-0.48879,-9.06,-10.54,-12.47
2026-05-01T14:00:00Z,BRT,-9.06,69.8,998.7,12.76,14,121,-0.5,-0.86603,0.8724,-0.48879,-9.69,-10.51,-13.31
2026-05-01T15:00:00Z,BRT,-9.69,66.6,1001.4,11.28,15,121,-0.70711,-0.70711,0.8724,-0.48879,-11.59,-10.53,-12.78
2026-05-01T16:00:00Z,BRT,-11.59,67.7,998.4,12.91,16,121,-0.86603,-0.5,0.8724,-0.48879,-10.94,-11.38,-12.28
2026-05-01T17:00:00Z,BRT,-10.94,75.6,998.7,12.21,17,121,-0.96593,-0.25882,0.8724,-0.48879,-10.81,-12.25,-12.46
2026-05-01T18:00:00Z,BRT,-10.81,72.2,1000.6,7.63,18,121,-1.0,-0.0,0.8724,-0.48879,-10.54,-13.29,-11.53
2026-05-01T19:00:00Z,BRT,-10.54,67.5,1001.3,12.67,19,121,-0.96593,0.25882,0.8724,-0.48879,-10.51,-12.4,-10.9
2026-05-01T20:00:00Z,BRT,-10.51,57.5,999.1,9.3,20,121,-0.86603,0.5,0.8724,-0.48879,-10.53,-12.84,-10.13
2026-05-01T21:00:00Z,BRT,-10.53,62.6,1001.1,9.92,21,121,-0.70711,0.70711,0.8724,-0.48879,-11.38,-11.79,-10.77
2026-05-01T22:00:00Z,BRT,-11.38,70.1,1002.7,7.73,22,121,-0.5,0.86603,0.8724,-0.48879,-12.25,-12.19,-10.91
2026-05-01T23:00:00Z,BRT,-12.25,64.1,1005.5,7.05,23,121,-0.25882,0.96593,0.8724,-0.48879,-13.29,-12.03,-9.69
2026-05-02T00:00:00Z,BRT,-13.29,59.8,1006.9,5.45,0,122,0.0,1.0,0.86387,-0.50372,-12.4,-12.54,-9.79
2026-05-02T01:00:00Z,BRT,-12.4,69.7,1008.4,9.52,1,122,0.25882,0.96593,0.86387,-0.50372,-12.84,-12.73,-11.0
2026-05-02T02:00:00Z,BRT,-12.84,64.8,1009.0,11.26,2,122,0.5,0.86603,0.86387,-0.50372,-11.79,-12.13,-10.45
2026-05-02T03:00:00Z,BRT,-11.79,58.4,1007.3,9.23,3,122,0.70711,0.70711,0.86387,-0.50372,-12.19,-12.12,-11.36
2026-05-02T04:00:00Z,BRT,-12.19,66.5,1007.1,6.7,4,122,0.86603,0.5,0.86387,-0.50372,-12.03,-13.52,-10.97
2026-05-02T05:00:00Z,BRT,-12.03,60.5,1007.2,5.42,5,122,0.96593,0.25882,0.86387,-0.50372,-12.54,-13.57,-11.13
2026-05-02T06:00:00Z,BRT,-12.54,66.9,1007.6,7.88,6,122,1.0,0.0,0.86387,-0.50372,-12.73,-13.15,-11.28
2026-05-02T07:00:00Z,BRT,-12.73,68.6,1007.5,9.87,7,122,0.96593,-0.25882,0.86387,-0.50372,-12.13,-12.47,-12.37
2026-05-02T08:00:00Z,BRT,-12.13,65.8,1006.0,5.78,8,122,0.86603,-0.5,0.86387,-0.50372,-12.12,-13.31,-12.76
2026-05-02T09:00:00Z,BRT,-12.12,61.5,1005.3,9.33,9,122,0.70711,-0.70711,0.86387,-0.50372,-13.52,-12.78,-12.45
2026-05-02T10:00:00Z,BRT,-13.52,62.6,1005.5,9.85,10,122,0.5,-0.86603,0.86387,-0.50372,-13.57,-12.28,-13.2
2026-05-02T11:00:00Z,BRT,-13.57,68.7,1005.0,7.61,11,122,0.25882,-0.96593,0.86387,-0.50372,-13.15,-12.46,-14.01
2026-05-02T12:00:00Z,BRT,-13.15,67.2,1003.2,8.56,12,122,0.0,-1.0,0.86387,-0.50372,-12.47,-11.53,-14.43
2026-05-02T13:00:00Z,BRT,-12.47,60.7,1001.6,10.13,13,122,-0.25882,-0.96593,0.86387,-0.50372,-13.31,-10.9,-14.95
2026-05-02T14:00:00Z,BRT,-13.31,60.9,1000.3,11.28,14,122,-0.5,-0.86603,0.86387,-0.50372,-12.78,-10.13,-14.95
2026-05-02T15:00:00Z,BRT,-12.78,80.2,998.5,14.89,15,122,-0.70711,-0.70711,0.86387,-0.50372,-12.28,-10.77,-14.04
2026-05-02T16:00:00Z,BRT,-12.28,73.6,998.5,10.78,16,122,-0.86603,-0.5,0.86387,-0.50372,-12.46,-10.91,-14.29
2026-05-02T17:00:00Z,BRT,-12.46,63.4,997.3,13.08,17,122,-0.96593,-0.25882,0.86387,-0.50372,-11.53,-9.69,-13.53
2026-05-02T18:00:00Z,BRT,-11.53,67.6,999.5,17.2,18,122,-1.0,-0.0,0.86387,-0.50372,-10.9,-9.79,-14.41
2026-05-02T19:00:00Z,BRT,-10.9,66.9,998.6,11.64,19,122,-0.96593,0.25882,0.86387,-0.50372,-10.13,-11.0,-14.21
2026-05-02T20:00:00Z,BRT,-10.13,86.4,998.5,13.38,20,122,-0.86603,0.5,0.86387,-0.50372,-10.77,-10.45,-13.2
2026-05-02T21:00:00Z,BRT,-10.77,85.1,996.8,12.33,21,122,-0.70711,0.70711,0.86387,-0.50372,-10.91,-11.36,-13.4
2026-05-02T22:00:00Z,BRT,-10.91,74.3,995.8,10.87,22,122,-0.5,0.86603,0.86387,-0.50372,-9.69,-10.97,-13.71
2026-05-02T23:00:00Z,BRT,-9.69,68.3,993.9,11.71,23,122,-0.25882,0.96593,0.86387,-0.50372,-9.79,-11.13,-13.99
2026-05-03T00:00:00Z,BRT,-9.79,75.1,993.6,12.42,0,123,0.0,1.0,0.85507,-0.51851,-11.0,-11.28,-13.39
2026-05-03T01:00:00Z,BRT,-11.0,69.4,992.5,9.38,1,123,0.25882,0.96593,0.85507,-0.51851,-10.45,-12.37,-13.68
2026-05-03T02:00:00Z,BRT,-10.45,65.3,990.3,10.4,2,123,0.5,0.86603,0.85507,-0.51851,-11.36,-12.76,-13.92
2026-05-03T03:00:00Z,BRT,-11.36,79.1,988.7,14.71,3,123,0.70711,0.70711,0.85507,-0.51851,-10.97,-12.45,-13.44
2026-05-03T04:00:00Z,BRT,-10.97,84.9,987.8,11.87,4,123,0.86603,0.5,0.85507,-0.51851,-11.13,-13.2,-12.44
2026-05-03T05:00:00Z,BRT,-11.13,89.7,987.8,9.82,5,123,0.96593,0.25882,0.85507,-0.51851,-11.28,-14.01,-13.06
2026-05-03T06:00:00Z,BRT,-11.28,76.1,986.9,9.92,6,123,1.0,0.0,0.85507,-0.51851,-12.37,-14.43,-12.95
2026-05-03T07:00:00Z,BRT,-12.37,85.2,987.1,15.06,7,123,0.96593,-0.25882,0.85507,-0.51851,-12.76,-14.95,-13.64
2026-05-03T08:00:00Z,BRT,-12.76,75.7,987.9,11.43,8,123,0.86603,-0.5,0.85507,-0.51851,-12.45,-14.95,-12.62
2026-05-03T09:00:00Z,BRT,-12.45,81.1,987.8,16.12,9,123,0.70711,-0.70711,0.85507,-0.51851,-13.2,-14.04,-12.09
2026-05-03T10:00:00Z,BRT,-13.2,79.4,987.4,16.3,10,123,0.5,-0.86603,0.85507,-0.51851,-14.01,-14.29,-12.16
2026-05-03T11:00:00Z,BRT,-14.01,78.2,989.0,13.57,11,123,0.25882,-0.96593,0.85507,-0.51851,-14.43,-13.53,-13.81
2026-05-03T12:00:00Z,BRT,-14.43,79.6,988.5,9.57,12,123,0.0,-1.0,0.85507,-0.51851,-14.95,-14.41,-9.84
2026-05-03T13:00:00Z,BRT,-14.95,74.0,988.3,13.5,13,123,-0.25882,-0.96593,0.85507,-0.51851,-14.95,-14.21,-13.1
2026-05-03T14:00:00Z,BRT,-14.95,74.4,984.6,12.16,14,123,-0.5,-0.86603,0.85507,-0.51851,-14.04,-13.2,-8.06
2026-05-03T15:00:00Z,BRT,-14.04,87.6,983.7,19.43,15,123,-0.70711,-0.70711,0.85507,-0.51851,-14.29,-13.4,-7.34
2026-05-03T16:00:00Z,BRT,-14.29,89.5,983.6,16.85,16,123,-0.86603,-0.5,0.85507,-0.51851,-13.53,-13.71,-6.82
2026-05-03T17:00:00Z,BRT,-13.53,84.2,985.9,17.37,17,123,-0.96593,-0.25882,0.85507,-0.51851,-14.41,-13.99,-7.35
2026-05-03T18:00:00Z,BRT,-14.41,75.6,987.0,15.32,18,123,-1.0,-0.0,0.85507,-0.51851,-14.21,-13.39,-6.75
2026-05-03T19:00:00Z,BRT,-14.21,74.6,988.9,14.89,19,123,-0.96593,0.25882,0.85507,-0.51851,-13.2,-13.68,-7.87
2026-05-03T20:00:00Z,BRT,-13.2,81.0,989.3,16.26,20,123,-0.86603,0.5,0.85507,-0.51851,-13.4,-13.92,-8.46
2026-05-03T21:00:00Z,BRT,-13.4,86.8,988.3,14.66,21,123,-0.70711,0.70711,0.85507,-0.51851,-13.71,-13.44,-9.39
2026-05-03T22:00:00Z,BRT,-13.71,83.9,987.6,13.95,22,123,-0.5,0.86603,0.85507,-0.51851,-13.99,-12.44,-14.2
2026-05-03T23:00:00Z,BRT,-13.99,73.8,989.6,13.91,23,123,-0.25882,0.96593,0.85507,-0.51851,-13.39,-13.06,-14.11
2026-05-04T00:00:00Z,BRT,-13.39,82.5,989.0,15.81,0,124,0.0,1.0,0.84603,-0.53314,-13.68,-12.95,-14.28
2026-05-04T01:00:00Z,BRT,-13.68,68.6,990.4,9.38,1,124,0.25882,0.96593,0.84603,-0.53314,-13.92,-13.64,-8.8
2026-05-04T02:00:00Z,BRT,-13.92,83.6,991.5,14.41,2,124,0.5,0.86603,0.84603,-0.53314,-13.44,-12.62,-6.8
2026-05-04T03:00:00Z,BRT,-13.44,92.2,989.0,15.65,3,124,0.70711,0.70711,0.84603,-0.53314,-12.44,-12.09,-8.22
2026-05-04T04:00:00Z,BRT,-12.44,82.2,988.6,18.57,4,124,0.86603,0.5,0.84603,-0.53314,-13.06,-12.16,-9.19
2026-05-04T05:00:00Z,BRT,-13.06,82.8,988.4,13.05,5,124,0.96593,0.25882,0.84603,-0.53314,-12.95,-13.81,-9.6
2026-05-04T06:00:00Z,BRT,-12.95,82.5,986.1,15.55,6,124,1.0,0.0,0.84603,-0.53314,-13.64,-9.84,-9.87
2026-05-04T07:00:00Z,BRT,-13.64,88.0,983.4,15.57,7,124,0.96593,-0.25882,0.84603,-0.53314,-12.62,-13.1,-9.88
2026-05-04T08:00:00Z,BRT,-12.62,72.3,984.3,12.88,8,124,0.86603,-0.5,0.84603,-0.53314,-12.09,-8.06,-8.93
2026-05-04T09:00:00Z,BRT,-12.09,81.8,981.9,15.09,9,124,0.70711,-0.70711,0.84603,-0.53314,-12.16,-7.34,-9.86
2026-05-04T10:00:00Z,BRT,-12.16,80.6,983.2,14.93,10,124,0.5,-0.86603,0.84603,-0.53314,-13.81,-6.82,-9.35
2026-05-04T11:00:00Z,BRT,-13.81,87.8,981.7,15.36,11,124,0.25882,-0.96593,0.84603,-0.53314,-9.84,-7.35,-8.48
2026-05-04T12:00:00Z,BRT,-9.84,84.3,978.0,14.48,12,124,0.0,-1.0,0.84603,-0.53314,-13.1,-6.75,-7.31
2026-05-04T13:00:00Z,BRT,-13.1,99.0,978.1,11.36,13,124,-0.25882,-0.96593,0.84603,-0.53314,-8.06,-7.87,-8.21
2026-05-04T14:00:00Z,BRT,-8.06,89.4,976.6,13.85,14,124,-0.5,-0.86603,0.84603,-0.53314,-7.34,-8.46,-7.79
2026-05-04T15:00:00Z,BRT,-7.34,86.8,976.1,14.82,15,124,-0.70711,-0.70711,0.84603,-0.53314,-6.82,-9.39,-7.8
2026-05-04T16:00:00Z,BRT,-6.82,86.4,976.6,16.61,16,124,-0.86603,-0.5,0.84603,-0.53314,-7.35,-14.2,-8.15
2026-05-04T17:00:00Z,BRT,-7.35,89.7,977.4,18.27,17,124,-0.96593,-0.25882,0.84603,-0.53314,-6.75,-14.11,-6.77
2026-05-04T18:00:00Z,BRT,-6.75,93.0,975.5,16.8,18,124,-1.0,-0.0,0.84603,-0.53314,-7.87,-14.28,-7.7
2026-05-04T19:00:00Z,BRT,-7.87,88.0,975.5,14.62,19,124,-0.96593,0.25882,0.84603,-0.53314,-8.46,-8.8,-5.84
2026-05-04T20:00:00Z,BRT,-8.46,95.3,976.5,17.28,20,124,-0.86603,0.5,0.84603,-0.53314,-9.39,-6.8,-5.06
2026-05-04T21:00:00Z,BRT,-9.39,85.9,977.7,19.97,21,124,-0.70711,0.70711,0.84603,-0.53314,-14.2,-8.22,-3.87
2026-05-04T22:00:00Z,BRT,-14.2,80.7,978.2,16.43,22,124,-0.5,0.86603,0.84603,-0.53314,-14.11,-9.19,-3.74
2026-05-04T23:00:00Z,BRT,-14.11,80.1,979.3,13.31,23,124,-0.25882,0.96593,0.84603,-0.53314,-14.28,-9.6,-5.69
2026-05-05T00:00:00Z,BRT,-14.28,89.3,978.8,13.51,0,125,0.0,1.0,0.83673,-0.54761,-8.8,-9.87,-6.11
2026-05-05T01:00:00Z,BRT,-8.8,86.8,976.8,17.4,1,125,0.25882,0.96593,0.83673,-0.54761,-6.8,-9.88,-5.0
2026-05-05T02:00:00Z,BRT,-6.8,93.5,972.6,20.35,2,125,0.5,0.86603,0.83673,-0.54761,-8.22,-8.93,-4.0
2026-05-05T03:00:00Z,BRT,-8.22,92.1,973.5,20.23,3,125,0.70711,0.70711,0.83673,-0.54761,-9.19,-9.86,-3.01
2026-05-05T04:00:00Z,BRT,-9.19,88.2,974.1,17.91,4,125,0.86603,0.5,0.83673,-0.54761,-9.6,-9.35,-4.11
2026-05-05T05:00:00Z,BRT,-9.6,92.8,975.5,16.03,5,125,0.96593,0.25882,0.83673,-0.54761,-9.87,-8.48,-4.76
2026-05-05T06:00:00Z,BRT,-9.87,97.3,975.1,14.67,6,125,1.0,0.0,0.83673,-0.54761,-9.88,-7.31,-4.82
2026-05-05T07:00:00Z,BRT,-9.88,97.0,974.8,15.24,7,125,0.96593,-0.25882,0.83673,-0.54761,-8.93,-8.21,-7.01
2026-05-05T08:00:00Z,BRT,-8.93,88.0,975.2,19.24,8,125,0.86603,-0.5,0.83673,-0.54761,-9.86,-7.79,-11.58
2026-05-05T09:00:00Z,BRT,-9.86,86.3,975.7,14.0,9,125,0.70711,-0.70711,0.83673,-0.54761,-9.35,-7.8,-12.49
2026-05-05T10:00:00Z,BRT,-9.35,93.7,977.0,12.14,10,125,0.5,-0.86603,0.83673,-0.54761,-8.48,-8.15,-11.22
2026-05-05T11:00:00Z,BRT,-8.48,97.8,977.8,18.44,11,125,0.25882,-0.96593,0.83673,-0.54761,-7.31,-6.77,-10.57
2026-05-05T12:00:00Z,BRT,-7.31,96.7,975.7,17.15,12,125,0.0,-1.0,0.83673,-0.54761,-8.21,-7.7,-11.1
2026-05-05T13:00:00Z,BRT,-8.21,94.7,975.4,16.13,13,125,-0.25882,-0.96593,0.83673,-0.54761,-7.79,-5.84,-10.8
2026-05-05T14:00:00Z,BRT,-7.79,92.9,975.4,20.16,14,125,-0.5,-0.86603,0.83673,-0.54761,-7.8,-5.06,-11.5
2026-05-05T15:00:00Z,BRT,-7.8,88.6,975.4,20.3,15,125,-0.70711,-0.70711,0.83673,-0.54761,-8.15,-3.87,-11.02
2026-05-05T16:00:00Z,BRT,-8.15,92.6,975.1,17.3,16,125,-0.86603,-0.5,0.83673,-0.54761,-6.77,-3.74,-10.48
2026-05-05T17:00:00Z,BRT,-6.77,91.9,973.7,20.48,17,125,-0.96593,-0.25882,0.83673,-0.54761,-7.7,-5.69,-11.35
2026-05-05T18:00:00Z,BRT,-7.7,86.4,972.5,17.07,18,125,-1.0,-0.0,0.83673,-0.54761,-5.84,-6.11,-11.63
2026-05-05T19:00:00Z,BRT,-5.84,96.2,970.6,20.47,19,125,-0.96593,0.25882,0.83673,-0.54761,-5.06,-5.0,-10.5
2026-05-05T20:00:00Z,BRT,-5.06,93.2,971.4,17.38,20,125,-0.86603,0.5,0.83673,-0.54761,-3.87,-4.0,-10.61
2026-05-05T21:00:00Z,BRT,-3.87,97.2,972.2,22.5,21,125,-0.70711,0.70711,0.83673,-0.54761,-3.74,-3.01,-11.68
2026-05-05T22:00:00Z,BRT,-3.74,99.0,970.1,19.14,22,125,-0.5,0.86603,0.83673,-0.54761,-5.69,-4.11,-11.99
2026-05-05T23:00:00Z,BRT,-5.69,98.3,972.2,15.63,23,125,-0.25882,0.96593,0.83673,-0.54761,-6.11,-4.76,-11.35
2026-05-06T00:00:00Z,BRT,-6.11,94.8,971.9,17.33,0,126,0.0,1.0,0.82719,-0.56192,-5.0,-4.82,-10.84
2026-05-06T01:00:00Z,BRT,-5.0,99.0,970.7,19.0,1,126,0.25882,0.96593,0.82719,-0.56192,-4.0,-7.01,-11.02
2026-05-06T02:00:00Z,BRT,-4.0,93.1,969.1,17.64,2,126,0.5,0.86603,0.82719,-0.56192,-3.01,-11.58,-10.82
2026-05-06T03:00:00Z,BRT,-3.01,96.5,970.2,21.97,3,126,0.70711,0.70711,0.82719,-0.56192,-4.11,-12.49,-10.76
2026-05-06T04:00:00Z,BRT,-4.11,99.0,972.0,17.01,4,126,0.86603,0.5,0.82719,-0.56192,-4.76,-11.22,-11.96
2026-05-06T05:00:00Z,BRT,-4.76,86.1,973.4,16.75,5,126,0.96593,0.25882,0.82719,-0.56192,-4.82,-10.57,-12.78
2026-05-06T06:00:00Z,BRT,-4.82,87.0,973.2,16.8,6,126,1.0,0.0,0.82719,-0.56192,-7.01,-11.1,-12.06
2026-05-06T07:00:00Z,BRT,-7.01,85.4,976.9,18.0,7,126,0.96593,-0.25882,0.82719,-0.56192,-11.58,-10.8,-12.98
2026-05-06T08:00:00Z,BRT,-11.58,78.1,979.5,17.83,8,126,0.86603,-0.5,0.82719,-0.56192,-12.49,-11.5,-12.53
2026-05-06T09:00:00Z,BRT,-12.49,88.9,979.2,11.0,9,126,0.70711,-0.70711,0.82719,-0.56192,-11.22,-11.02,-12.05
2026-05-06T10:00:00Z,BRT,-11.22,88.0,978.9,8.81,10,126,0.5,-0.86603,0.82719,-0.56192,-10.57,-10.48,-12.12
2026-05-06T11:00:00Z,BRT,-10.57,87.2,984.4,14.02,11,126,0.25882,-0.96593,0.82719,-0.56192,-11.1,-11.35,-12.88
2026-05-06T12:00:00Z,BRT,-11.1,74.3,987.5,9.65,12,126,0.0,-1.0,0.82719,-0.56192,-10.8,-11.63,-14.13
2026-05-06T13:00:00Z,BRT,-10.8,77.1,986.2,13.75,13,126,-0.25882,-0.96593,0.82719,-0.56192,-11.5,-10.5,-15.28
2026-05-06T14:00:00Z,BRT,-11.5,87.1,986.2,12.1,14,126,-0.5,-0.86603,0.82719,-0.56192,-11.02,-10.61,-14.66
2026-05-06T15:00:00Z,BRT,-11.02,82.7,989.6,15.62,15,126,-0.70711,-0.70711,0.82719,-0.56192,-10.48,-11.68,-14.5
2026-05-06T16:00:00Z,BRT,-10.48,77.1,992.3,16.14,16,126,-0.86603,-0.5,0.82719,-0.56192,-11.35,-11.99,-14.27
2026-05-06T17:00:00Z,BRT,-11.35,72.8,993.3,13.82,17,126,-0.96593,-0.25882,0.82719,-0.56192,-11.63,-11.35,-13.96
2026-05-06T18:00:00Z,BRT,-11.63,77.2,994.5,13.09,18,126,-1.0,-0.0,0.82719,-0.56192,-10.5,-10.84,-15.15
2026-05-06T19:00:00Z,BRT,-10.5,75.6,995.5,17.14,19,126,-0.96593,0.25882,0.82719,-0.56192,-10.61,-11.02,-15.17
2026-05-06T20:00:00Z,BRT,-10.61,73.5,996.0,15.06,20,126,-0.86603,0.5,0.82719,-0.56192,-11.68,-10.82,-16.39
2026-05-06T21:00:00Z,BRT,-11.68,75.2,1000.0,12.94,21,126,-0.70711,0.70711,0.82719,-0.56192,-11.99,-10.76,-15.32
2026-05-06T22:00:00Z,BRT,-11.99,71.6,1003.2,10.4,22,126,-0.5,0.86603,0.82719,-0.56192,-11.35,-11.96,-15.52
2026-05-06T23:00:00Z,BRT,-11.35,59.5,1007.7,9.24,23,126,-0.25882,0.96593,0.82719,-0.56192,-10.84,-12.78,-15.27
2026-05-07T00:00:00Z,BRT,-10.84,53.2,1010.2,7.66,0,127,0.0,1.0,0.8174,-0.57607,-11.02,-12.06,-15.58
2026-05-07T01:00:00Z,BRT,-11.02,53.5,1011.0,4.06,1,127,0.25882,0.96593,0.8174,-0.57607,-10.82,-12.98,-15.99
2026-05-07T02:00:00Z,BRT,-10.82,54.0,1011.1,7.36,2,127,0.5,0.86603,0.8174,-0.57607,-10.76,-12.53,-15.98
2026-05-07T03:00:00Z,BRT,-10.76,57.7,1010.3,9.78,3,127,0.70711,0.70711,0.8174,-0.57607,-11.96,-12.05,-17.19
2026-05-07T04:00:00Z,BRT,-11.96,65.9,1012.3,10.33,4,127,0.86603,0.5,0.8174,-0.57607,-12.78,-12.12,-17.36
2026-05-07T05:00:00Z,BRT,-12.78,60.5,1011.1,10.55,5,127,0.96593,0.25882,0.8174,-0.57607,-12.06,-12.88,-15.97
2026-05-07T06:00:00Z,BRT,-12.06,65.5,1010.3,6.13,6,127,1.0,0.0,0.8174,-0.57607,-12.98,-14.13,-15.94
2026-05-07T07:00:00Z,BRT,-12.98,59.1,1013.6,4.92,7,127,0.96593,-0.25882,0.8174,-0.57607,-12.53,-15.28,-16.44
2026-05-07T08:00:00Z,BRT,-12.53,57.6,1014.7,4.42,8,127,0.86603,-0.5,0.8174,-0.57607,-12.05,-14.66,-15.88
2026-05-07T09:00:00Z,BRT,-12.05,58.6,1014.6,3.12,9,127,0.70711,-0.70711,0.8174,-0.57607,-12.12,-14.5,-15.74
2026-05-07T10:00:00Z,BRT,-12.12,53.7,1013.8,7.18,10,127,0.5,-0.86603,0.8174,-0.57607,-12.88,-14.27,-15.4
2026-05-07T11:00:00Z,BRT,-12.88,60.8,1013.2,5.17,11,127,0.25882,-0.96593,0.8174,-0.57607,-14.13,-13.96,-14.58
2026-05-07T12:00:00Z,BRT,-14.13,59.3,1011.2,6.36,12,127,0.0,-1.0,0.8174,-0.57607,-15.28,-15.15,-13.85
2026-05-07T13:00:00Z,BRT,-15.28,54.4,1012.3,5.78,13,127,-0.25882,-0.96593,0.8174,-0.57607,-14.66,-15.17,-14.13
2026-05-07T14:00:00Z,BRT,-14.66,60.6,1012.6,12.66,14,127,-0.5,-0.86603,0.8174,-0.57607,-14.5,-16.39,-12.89
2026-05-07T15:00:00Z,BRT,-14.5,56.5,1006.9,9.85,15,127,-0.70711,-0.70711,0.8174,-0.57607,-14.27,-15.32,-12.19
2026-05-07T16:00:00Z,BRT,-14.27,68.7,1008.2,10.59,16,127,-0.86603,-0.5,0.8174,-0.57607,-13.96,-15.52,-11.12
2026-05-07T17:00:00Z,BRT,-13.96,65.6,1007.5,9.01,17,127,-0.96593,-0.25882,0.8174,-0.57607,-15.15,-15.27,-12.13
2026-05-07T18:00:00Z,BRT,-15.15,67.9,1004.4,10.5,18,127,-1.0,-0.0,0.8174,-0.57607,-15.17,-15.58,-11.06
2026-05-07T19:00:00Z,BRT,-15.17,65.0,1000.2,17.91,19,127,-0.96593,0.25882,0.8174,-0.57607,-16.39,-15.99,-12.88
2026-05-07T20:00:00Z,BRT,-16.39,56.2,1002.2,13.9,20,127,-0.86603,0.5,0.8174,-0.57607,-15.32,-15.98,-12.16
2026-05-07T21:00:00Z,BRT,-15.32,78.5,1000.5,10.68,21,127,-0.70711,0.70711,0.8174,-0.57607,-15.52,-17.19,-12.39
2026-05-07T22:00:00Z,BRT,-15.52,69.7,1001.1,8.64,22,127,-0.5,0.86603,0.8174,-0.57607,-15.27,-17.36,-12.11
2026-05-07T23:00:00Z,BRT,-15.27,69.8,1005.7,6.9,23,127,-0.25882,0.96593,0.8174,-0.57607,-15.58,-15.97,-12.48
2026-05-08T00:00:00Z,BRT,-15.58,67.5,1005.2,9.78,0,128,0.0,1.0,0.80737,-0.59004,-15.99,-15.94,-12.46
2026-05-08T01:00:00Z,BRT,-15.99,75.0,1004.7,8.5,1,128,0.25882,0.96593,0.80737,-0.59004,-15.98,-16.44,-12.22
2026-05-08T02:00:00Z,BRT,-15.98,71.0,1004.2,9.99,2,128,0.5,0.86603,0.80737,-0.59004,-17.19,-15.88,-11.3
2026-05-08T03:00:00Z,BRT,-17.19,61.1,1005.9,7.77,3,128,0.70711,0.70711,0.80737,-0.59004,-17.36,-15.74,-11.82
2026-05-08T04:00:00Z,BRT,-17.36,61.8,1003.3,15.44,4,128,0.86603,0.5,0.80737,-0.59004,-15.97,-15.4,-11.54
2026-05-08T05:00:00Z,BRT,-15.97,64.5,1002.1,8.18,5,128,0.96593,0.25882,0.80737,-0.59004,-15.94,-14.58,-11.77
2026-05-08T06:00:00Z,BRT,-15.94,66.7,1001.5,9.04,6,128,1.0,0.0,0.80737,-0.59004,-16.44,-13.85,-11.8
2026-05-08T07:00:00Z,BRT,-16.44,65.7,1000.1,5.44,7,128,0.96593,-0.25882,0.80737,-0.59004,-15.88,-14.13,-11.37
2026-05-08T08:00:00Z,BRT,-15.88,62.3,997.2,7.35,8,128,0.86603,-0.5,0.80737,-0.59004,-15.74,-12.89,-11.79
2026-05-08T09:00:00Z,BRT,-15.74,73.2,996.4,11.21,9,128,0.70711,-0.70711,0.80737,-0.59004,-15.4,-12.19,-11.14
2026-05-08T10:00:00Z,BRT,-15.4,73.8,996.6,11.15,10,128,0.5,-0.86603,0.80737,-0.59004,-14.58,-11.12,-10.92
2026-05-08T11:00:00Z,BRT,-14.58,75.9,992.9,11.61,11,128,0.25882,-0.96593,0.80737,-0.59004,-13.85,-12.13,-12.24
2026-05-08T12:00:00Z,BRT,-13.85,75.8,993.7,12.75,12,128,0.0,-1.0,0.80737,-0.59004,-14.13,-11.06,-12.42
2026-05-08T13:00:00Z,BRT,-14.13,70.4,993.0,7.68,13,128,-0.25882,-0.96593,0.80737,-0.59004,-12.89,-12.88,-13.04
2026-05-08T14:00:00Z,BRT,-12.89,73.0,989.2,16.87,14,128,-0.5,-0.86603,0.80737,-0.59004,-12.19,-12.16,-13.91
2026-05-08T15:00:00Z,BRT,-12.19,92.6,986.7,12.77,15,128,-0.70711,-0.70711,0.80737,-0.59004,-11.12,-12.39,-14.33
2026-05-08T16:00:00Z,BRT,-11.12,87.5,988.1,18.67,16,128,-0.86603,-0.5,0.80737,-0.59004,-12.13,-12.11,-13.87
2026-05-08T17:00:00Z,BRT,-12.13,73.7,989.6,13.71,17,128,-0.96593,-0.25882,0.80737,-0.59004,-11.06,-12.48,-14.99
2026-05-08T18:00:00Z,BRT,-11.06,71.7,990.2,18.64,18,128,-1.0,-0.0,0.80737,-0.59004,-12.88,-12.46,-15.54
2026-05-08T19:00:00Z,BRT,-12.88,80.1,990.8,14.78,19,128,-0.96593,0.25882,0.80737,-0.59004,-12.16,-12.22,-14.66
2026-05-08T20:00:00Z,BRT,-12.16,82.3,988.0,15.86,20,128,-0.86603,0.5,0.80737,-0.59004,-12.39,-11.3,-14.85
2026-05-08T21:00:00Z,BRT,-12.39,79.2,988.0,15.46,21,128,-0.70711,0.70711,0.80737,-0.59004,-12.11,-11.82,-13.23
2026-05-08T22:00:00Z,BRT,-12.11,78.3,989.1,11.28,22,128,-0.5,0.86603,0.80737,-0.59004,-12.48,-11.54,-13.52
2026-05-08T23:00:00Z,BRT,-12.48,81.6,987.6,13.82,23,128,-0.25882,0.96593,0.80737,-0.59004,-12.46,-11.77,-13.92
2026-05-09T00:00:00Z,BRT,-12.46,82.5,985.6,12.56,0,129,0.0,1.0,0.7971,-0.60385,-12.22,-11.8,-15.04
2026-05-09T01:00:00Z,BRT,-12.22,88.7,983.7,14.54,1,129,0.25882,0.96593,0.7971,-0.60385,-11.3,-11.37,-15.61
2026-05-09T02:00:00Z,BRT,-11.3,92.0,979.0,18.33,2,129,0.5,0.86603,0.7971,-0.60385,-11.82,-11.79,-15.0
2026-05-09T03:00:00Z,BRT,-11.82,86.4,979.6,14.55,3,129,0.70711,0.70711,0.7971,-0.60385,-11.54,-11.14,-14.64
2026-05-09T04:00:00Z,BRT,-11.54,92.8,980.7,16.62,4,129,0.86603,0.5,0.7971,-0.60385,-11.77,-10.92,-15.04
2026-05-09T05:00:00Z,BRT,-11.77,85.2,981.1,15.18,5,129,0.96593,0.25882,0.7971,-0.60385,-11.8,-12.24,-15.64
2026-05-09T06:00:00Z,BRT,-11.8,84.9,982.7,10.96,6,129,1.0,0.0,0.7971,-0.60385,-11.37,-12.42,-15.6
2026-05-09T07:00:00Z,BRT,-11.37,90.7,981.1,15.12,7,129,0.96593,-0.25882,0.7971,-0.60385,-11.79,-13.04,-16.57
2026-05-09T08:00:00Z,BRT,-11.79,82.6,980.9,12.29,8,129,0.86603,-0.5,0.7971,-0.60385,-11.14,-13.91,-16.44
2026-05-09T09:00:00Z,BRT,-11.14,80.8,980.8,16.45,9,129,0.70711,-0.70711,0.7971,-0.60385,-10.92,-14.33,-15.82
2026-05-09T10:00:00Z,BRT,-10.92,85.1,983.6,11.89,10,129,0.5,-0.86603,0.7971,-0.60385,-12.24,-13.87,-17.79
2026-05-09T11:00:00Z,BRT,-12.24,83.0,983.3,13.8,11,129,0.25882,-0.96593,0.7971,-0.60385,-12.42,-14.99,-17.75
2026-05-09T12:00:00Z,BRT,-12.42,78.1,983.6,9.18,12,129,0.0,-1.0,0.7971,-0.60385,-13.04,-15.54,-17.36
2026-05-09T13:00:00Z,BRT,-13.04,77.9,985.1,16.09,13,129,-0.25882,-0.96593,0.7971,-0.60385,-13.91,-14.66,-17.1
2026-05-09T14:00:00Z,BRT,-13.91,82.0,984.9,13.74,14,129,-0.5,-0.86603,0.7971,-0.60385,-14.33,-14.85,-17.97
2026-05-09T15:00:00Z,BRT,-14.33,64.0,988.5,12.26,15,129,-0.70711,-0.70711,0.7971,-0.60385,-13.87,-13.23,-16.76
2026-05-09T16:00:00Z,BRT,-13.87,77.3,987.7,14.45,16,129,-0.86603,-0.5,0.7971,-0.60385,-14.99,-13.52,-16.52
2026-05-09T17:00:00Z,BRT,-14.99,84.4,987.0,12.86,17,129,-0.96593,-0.25882,0.7971,-0.60385,-15.54,-13.92,-15.99
2026-05-09T18:00:00Z,BRT,-15.54,87.5,986.5,16.46,18,129,-1.0,-0.0,0.7971,-0.60385,-14.66,-15.04,-15.63
2026-05-09T19:00:00Z,BRT,-14.66,80.1,989.2,14.65,19,129,-0.96593,0.25882,0.7971,-0.60385,-14.85,-15.61,-15.99
2026-05-09T20:00:00Z,BRT,-14.85,80.2,991.8,12.43,20,129,-0.86603,0.5,0.7971,-0.60385,-13.23,-15.0,-16.76
2026-05-09T21:00:00Z,BRT,-13.23,74.7,995.6,9.88,21,129,-0.70711,0.70711,0.7971,-0.60385,-13.52,-14.64,-16.17
2026-05-09T22:00:00Z,BRT,-13.52,65.1,996.6,14.15,22,129,-0.5,0.86603,0.7971,-0.60385,-13.92,-15.04,-16.87
2026-05-09T23:00:00Z,BRT,-13.92,67.9,998.0,11.21,23,129,-0.25882,0.96593,0.7971,-0.60385,-15.04,-15.64,-17.38
2026-05-10T00:00:00Z,BRT,-15.04,74.6,996.7,9.93,0,130,0.0,1.0,0.7866,-0.61747,-15.61,-15.6,-16.67
2026-05-10T01:00:00Z,BRT,-15.61,73.9,995.7,13.12,1,130,0.25882,0.96593,0.7866,-0.61747,-15.0,-16.57,-16.96
2026-05-10T02:00:00Z,BRT,-15.0,71.9,998.6,11.37,2,130,0.5,0.86603,0.7866,-0.61747,-14.64,-16.44,-16.96
2026-05-10T03:00:00Z,BRT,-14.64,70.6,997.2,15.55,3,130,0.70711,0.70711,0.7866,-0.61747,-15.04,-15.82,-17.36
2026-05-10T04:00:00Z,BRT,-15.04,76.2,997.3,12.45,4,130,0.86603,0.5,0.7866,-0.61747,-15.64,-17.79,-16.16
2026-05-10T05:00:00Z,BRT,-15.64,77.4,997.4,8.89,5,130,0.96593,0.25882,0.7866,-0.61747,-15.6,-17.75,-16.48
2026-05-10T06:00:00Z,BRT,-15.6,61.0,997.2,10.79,6,130,1.0,0.0,0.7866,-0.61747,-16.57,-17.36,-15.91
2026-05-10T07:00:00Z,BRT,-16.57,73.6,996.4,8.94,7,130,0.96593,-0.25882,0.7866,-0.61747,-16.44,-17.1,-16.35
2026-05-10T08:00:00Z,BRT,-16.44,66.8,994.4,7.92,8,130,0.86603,-0.5,0.7866,-0.61747,-15.82,-17.97,-15.23
2026-05-10T09:00:00Z,BRT,-15.82,77.4,993.3,10.59,9,130,0.70711,-0.70711,0.7866,-0.61747,-17.79,-16.76,-15.47
2026-05-10T10:00:00Z,BRT,-17.79,83.5,990.6,13.12,10,130,0.5,-0.86603,0.7866,-0.61747,-17.75,-16.52,-15.68
2026-05-10T11:00:00Z,BRT,-17.75,80.7,990.0,13.86,11,130,0.25882,-0.96593,0.7866,-0.61747,-17.36,-15.99,-17.62
2026-05-10T12:00:00Z,BRT,-17.36,77.7,990.3,12.55,12,130,0.0,-1.0,0.7866,-0.61747,-17.1,-15.63,-17.79
2026-05-10T13:00:00Z,BRT,-17.1,87.0,993.2,14.3,13,130,-0.25882,-0.96593,0.7866,-0.61747,-17.97,-15.99,-12.02
2026-05-10T14:00:00Z,BRT,-17.97,71.1,993.7,12.14,14,130,-0.5,-0.86603,0.7866,-0.61747,-16.76,-16.76,-10.86
2026-05-10T15:00:00Z,BRT,-16.76,80.4,995.3,13.45,15,130,-0.70711,-0.70711,0.7866,-0.61747,-16.52,-16.17,-10.5
2026-05-10T16:00:00Z,BRT,-16.52,59.5,995.5,13.43,16,130,-0.86603,-0.5,0.7866,-0.61747,-15.99,-16.87,-12.04
2026-05-10T17:00:00Z,BRT,-15.99,69.5,995.7,15.83,17,130,-0.96593,-0.25882,0.7866,-0.61747,-15.63,-17.38,-10.46
2026-05-10T18:00:00Z,BRT,-15.63,84.7,992.1,15.48,18,130,-1.0,-0.0,0.7866,-0.61747,-15.99,-16.67,-9.73
2026-05-10T19:00:00Z,BRT,-15.99,82.9,994.4,12.65,19,130,-0.96593,0.25882,0.7866,-0.61747,-16.76,-16.96,-14.73
2026-05-10T20:00:00Z,BRT,-16.76,86.5,992.8,13.35,20,130,-0.86603,0.5,0.7866,-0.61747,-16.17,-16.96,-15.76
2026-05-10T21:00:00Z,BRT,-16.17,66.2,991.6,11.65,21,130,-0.70711,0.70711,0.7866,-0.61747,-16.87,-17.36,-15.23
2026-05-10T22:00:00Z,BRT,-16.87,78.3,992.3,13.13,22,130,-0.5,0.86603,0.7866,-0.61747,-17.38,-16.16,-16.4
2026-05-10T23:00:00Z,BRT,-17.38,76.8,992.9,10.47,23,130,-0.25882,0.96593,0.7866,-0.61747,-16.67,-16.48,-16.94
2026-05-11T00:00:00Z,BRT,-16.67,70.7,990.3,12.58,0,131,0.0,1.0,0.77586,-0.63091,-16.96,-15.91,-18.18
2026-05-11T01:00:00Z,BRT,-16.96,82.1,987.9,11.16,1,131,0.25882,0.96593,0.77586,-0.63091,-16.96,-16.35,-18.05
2026-05-11T02:00:00Z,BRT,-16.96,81.4,985.5,15.67,2,131,0.5,0.86603,0.77586,-0.63091,-17.36,-15.23,-17.96
2026-05-11T03:00:00Z,BRT,-17.36,88.0,986.8,13.98,3,131,0.70711,0.70711,0.77586,-0.63091,-16.16,-15.47,-16.76
2026-05-11T04:00:00Z,BRT,-16.16,81.3,984.3,16.95,4,131,0.86603,0.5,0.77586,-0.63091,-16.48,-15.68,-16.96
2026-05-11T05:00:00Z,BRT,-16.48,91.5,984.1,14.08,5,131,0.96593,0.25882,0.77586,-0.63091,-15.91,-17.62,-16.7
2026-05-11T06:00:00Z,BRT,-15.91,77.1,982.3,16.7,6,131,1.0,0.0,0.77586,-0.63091,-16.35,-17.79,-15.83
2026-05-11T07:00:00Z,BRT,-16.35,81.9,981.4,12.8,7,131,0.96593,-0.25882,0.77586,-0.63091,-15.23,-12.02,-15.81
2026-05-11T08:00:00Z,BRT,-15.23,83.2,980.3,15.61,8,131,0.86603,-0.5,0.77586,-0.63091,-15.47,-10.86,-15.81
2026-05-11T09:00:00Z,BRT,-15.47,86.7,980.5,17.04,9,131,0.70711,-0.70711,0.77586,-0.63091,-15.68,-10.5,-15.09
2026-05-11T10:00:00Z,BRT,-15.68,84.4,978.9,17.79,10,131,0.5,-0.86603,0.77586,-0.63091,-17.62,-12.04,-14.23
2026-05-11T11:00:00Z,BRT,-17.62,81.1,978.7,11.66,11,131,0.25882,-0.96593,0.77586,-0.63091,-17.79,-10.46,-14.3
2026-05-11T12:00:00Z,BRT,-17.79,89.7,978.9,13.65,12,131,0.0,-1.0,0.77586,-0.63091,-12.02,-9.73,-13.43
2026-05-11T13:00:00Z,BRT,-12.02,83.7,977.4,13.03,13,131,-0.25882,-0.96593,0.77586,-0.63091,-10.86,-14.73,-14.44
2026-05-11T14:00:00Z,BRT,-10.86,99.0,977.3,17.42,14,131,-0.5,-0.86603,0.77586,-0.63091,-10.5,-15.76,-15.58
2026-05-11T15:00:00Z,BRT,-10.5,87.6,975.5,17.11,15,131,-0.70711,-0.70711,0.77586,-0.63091,-12.04,-15.23,-15.43
2026-05-11T16:00:00Z,BRT,-12.04,97.8,978.0,14.77,16,131,-0.86603,-0.5,0.77586,-0.63091,-10.46,-16.4,-14.59
2026-05-11T17:00:00Z,BRT,-10.46,95.3,977.5,18.76,17,131,-0.96593,-0.25882,0.77586,-0.63091,-9.73,-16.94,-14.5
2026-05-11T18:00:00Z,BRT,-9.73,86.8,977.5,19.23,18,131,-1.0,-0.0,0.77586,-0.63091,-14.73,-18.18,-13.65
2026-05-11T19:00:00Z,BRT,-14.73,79.6,979.2,16.3,19,131,-0.96593,0.25882,0.77586,-0.63091,-15.76,-18.05,-14.45
2026-05-11T20:00:00Z,BRT,-15.76,96.2,978.4,15.23,20,131,-0.86603,0.5,0.77586,-0.63091,-15.23,-17.96,-14.05
2026-05-11T21:00:00Z,BRT,-15.23,83.7,981.4,17.25,21,131,-0.70711,0.70711,0.77586,-0.63091,-16.4,-16.76,-14.1
2026-05-11T22:00:00Z,BRT,-16.4,83.8,984.9,15.56,22,131,-0.5,0.86603,0.77586,-0.63091,-16.94,-16.96,-14.53
2026-05-11T23:00:00Z,BRT,-16.94,81.9,984.4,18.39,23,131,-0.25882,0.96593,0.77586,-0.63091,-18.18,-16.7,-13.69
2026-05-12T00:00:00Z,BRT,-18.18,84.5,985.1,11.31,0,132,0.0,1.0,0.76489,-0.64416,-18.05,-15.83,-12.62
2026-05-12T01:00:00Z,BRT,-18.05,81.5,988.2,13.25,1,132,0.25882,0.96593,0.76489,-0.64416,-17.96,-15.81,-11.18
2026-05-12T02:00:00Z,BRT,-17.96,82.6,990.7,12.37,2,132,0.5,0.86603,0.76489,-0.64416,-16.76,-15.81,-10.82
2026-05-12T03:00:00Z,BRT,-16.76,76.9,993.6,12.12,3,132,0.70711,0.70711,0.76489,-0.64416,-16.96,-15.09,-10.51
2026-05-12T04:00:00Z,BRT,-16.96,74.2,995.6,16.66,4,132,0.86603,0.5,0.76489,-0.64416,-16.7,-14.23,-10.57
2026-05-12T05:00:00Z,BRT,-16.7,75.8,994.4,11.36,5,132,0.96593,0.25882,0.76489,-0.64416,-15.83,-14.3,-11.36
2026-05-12T06:00:00Z,BRT,-15.83,72.5,992.6,7.25,6,132,1.0,0.0,0.76489,-0.64416,-15.81,-13.43,-10.15
2026-05-12T07:00:00Z,BRT,-15.81,68.0,995.6,9.22,7,132,0.96593,-0.25882,0.76489,-0.64416,-15.81,-14.44,-9.98
2026-05-12T08:00:00Z,BRT,-15.81,65.8,998.7,10.37,8,132,0.86603,-0.5,0.76489,-0.64416,-15.09,-15.58,-11.09
2026-05-12T09:00:00Z,BRT,-15.09,59.4,999.7,10.45,9,132,0.70711,-0.70711,0.76489,-0.64416,-14.23,-15.43,-11.19
2026-05-12T10:00:00Z,BRT,-14.23,59.5,1005.0,10.25,10,132,0.5,-0.86603,0.76489,-0.64416,-14.3,-14.59,-11.16
2026-05-12T11:00:00Z,BRT,-14.3,62.9,1006.7,7.62,11,132,0.25882,-0.96593,0.76489,-0.64416,-13.43,-14.5,-11.43
2026-05-12T12:00:00Z,BRT,-13.43,65.2,1005.2,6.47,12,132,0.0,-1.0,0.76489,-0.64416,-14.44,-13.65,-12.63
2026-05-12T13:00:00Z,BRT,-14.44,67.0,1003.2,10.61,13,132,-0.25882,-0.96593,0.76489,-0.64416,-15.58,-14.45,-13.14
2026-05-12T14:00:00Z,BRT,-15.58,68.4,1004.7,8.08,14,132,-0.5,-0.86603,0.76489,-0.64416,-15.43,-14.05,-12.63
2026-05-12T15:00:00Z,BRT,-15.43,63.9,1005.2,13.42,15,132,-0.70711,-0.70711,0.76489,-0.64416,-14.59,-14.1,-12.99
2026-05-12T16:00:00Z,BRT,-14.59,64.7,1004.9,9.13,16,132,-0.86603,-0.5,0.76489,-0.64416,-14.5,-14.53,-12.06
2026-05-12T17:00:00Z,BRT,-14.5,64.9,1005.3,12.9,17,132,-0.96593,-0.25882,0.76489,-0.64416,-13.65,-13.69,-12.89
2026-05-12T18:00:00Z,BRT,-13.65,64.3,1007.6,13.22,18,132,-1.0,-0.0,0.76489,-0.64416,-14.45,-12.62,-13.85
2026-05-12T19:00:00Z,BRT,-14.45,57.5,1007.2,8.8,19,132,-0.96593,0.25882,0.76489,-0.64416,-14.05,-11.18,-14.3
2026-05-12T20:00:00Z,BRT,-14.05,63.7,1005.0,11.1,20,132,-0.86603,0.5,0.76489,-0.64416,-14.1,-10.82,-14.78
2026-05-12T21:00:00Z,BRT,-14.1,69.3,1005.4,9.21,21,132,-0.70711,0.70711,0.76489,-0.64416,-14.53,-10.51,-15.07
2026-05-12T22:00:00Z,BRT,-14.53,58.8,1008.3,6.48,22,132,-0.5,0.86603,0.76489,-0.64416,-13.69,-10.57,-14.35
2026-05-12T23:00:00Z,BRT,-13.69,66.3,1007.1,6.84,23,132,-0.25882,0.96593,0.76489,-0.64416,-12.62,-11.36,-14.79
2026-05-13T00:00:00Z,BRT,-12.62,57.0,1007.8,7.68,0,133,0.0,1.0,0.7537,-0.65722,-11.18,-10.15,-15.05
2026-05-13T01:00:00Z,BRT,-11.18,57.8,1008.0,9.92,1,133,0.25882,0.96593,0.7537,-0.65722,-10.82,-9.98,-14.63
2026-05-13T02:00:00Z,BRT,-10.82,60.6,1009.0,8.44,2,133,0.5,0.86603,0.7537,-0.65722,-10.51,-11.09,-13.67
2026-05-13T03:00:00Z,BRT,-10.51,59.0,1003.1,5.19,3,133,0.70711,0.70711,0.7537,-0.65722,-10.57,-11.19,-13.26
2026-05-13T04:00:00Z,BRT,-10.57,75.9,1001.2,12.75,4,133,0.86603,0.5,0.7537,-0.65722,-11.36,-11.16,-12.76
2026-05-13T05:00:00Z,BRT,-11.36,78.6,1001.0,11.38,5,133,0.96593,0.25882,0.7537,-0.65722,-10.15,-11.43,-13.29
2026-05-13T06:00:00Z,BRT,-10.15,76.8,999.3,9.81,6,133,1.0,0.0,0.7537,-0.65722,-9.98,-12.63,-12.92
2026-05-13T07:00:00Z,BRT,-9.98,68.3,997.1,10.78,7,133,0.96593,-0.25882,0.7537,-0.65722,-11.09,-13.14,-13.67
2026-05-13T08:00:00Z,BRT,-11.09,69.8,996.4,11.63,8,133,0.86603,-0.5,0.7537,-0.65722,-11.19,-12.63,-12.76
2026-05-13T09:00:00Z,BRT,-11.19,71.2,991.0,13.83,9,133,0.70711,-0.70711,0.7537,-0.65722,-11.16,-12.99,-12.77
2026-05-13T10:00:00Z,BRT,-11.16,77.3,991.3,14.29,10,133,0.5,-0.86603,0.7537,-0.65722,-11.43,-12.06,-12.06
2026-05-13T11:00:00Z,BRT,-11.43,62.9,994.9,11.18,11,133,0.25882,-0.96593,0.7537,-0.65722,-12.63,-12.89,-11.41
2026-05-13T12:00:00Z,BRT,-12.63,72.0,995.5,10.62,12,133,0.0,-1.0,0.7537,-0.65722,-13.14,-13.85,-12.23
2026-05-13T13:00:00Z,BRT,-13.14,69.4,994.7,13.17,13,133,-0.25882,-0.96593,0.7537,-0.65722,-12.63,-14.3,-11.32
2026-05-13T14:00:00Z,BRT,-12.63,78.1,993.0,10.57,14,133,-0.5,-0.86603,0.7537,-0.65722,-12.99,-14.78,-5.77
2026-05-13T15:00:00Z,BRT,-12.99,71.1,991.9,14.81,15,133,-0.70711,-0.70711,0.7537,-0.65722,-12.06,-15.07,-7.11
2026-05-13T16:00:00Z,BRT,-12.06,80.1,990.2,16.44,16,133,-0.86603,-0.5,0.7537,-0.65722,-12.89,-14.35,-13.42
2026-05-13T17:00:00Z,BRT,-12.89,84.1,991.1,14.53,17,133,-0.96593,-0.25882,0.7537,-0.65722,-13.85,-14.79,-8.45
2026-05-13T18:00:00Z,BRT,-13.85,74.9,995.0,16.03,18,133,-1.0,-0.0,0.7537,-0.65722,-14.3,-15.05,-7.12
2026-05-13T19:00:00Z,BRT,-14.3,80.8,995.1,12.5,19,133,-0.96593,0.25882,0.7537,-0.65722,-14.78,-14.63,-6.44
2026-05-13T20:00:00Z,BRT,-14.78,77.1,994.4,14.24,20,133,-0.86603,0.5,0.7537,-0.65722,-15.07,-13.67,-4.78
2026-05-13T21:00:00Z,BRT,-15.07,72.8,994.0,14.41,21,133,-0.70711,0.70711,0.7537,-0.65722,-14.35,-13.26,-6.06
2026-05-13T22:00:00Z,BRT,-14.35,75.6,992.8,11.32,22,133,-0.5,0.86603,0.7537,-0.65722,-14.79,-12.76,-6.63
2026-05-13T23:00:00Z,BRT,-14.79,81.4,993.6,10.59,23,133,-0.25882,0.96593,0.7537,-0.65722,-15.05,-13.29,-7.46
2026-05-14T00:00:00Z,BRT,-15.05,78.2,992.9,8.09,0,134,0.0,1.0,0.74228,-0.67009,-14.63,-12.92,-8.26
2026-05-14T01:00:00Z,BRT,-14.63,75.1,990.5,13.18,1,134,0.25882,0.96593,0.74228,-0.67009,-13.67,-13.67,-8.81
2026-05-14T02:00:00Z,BRT,-13.67,78.1,991.2,10.01,2,134,0.5,0.86603,0.74228,-0.67009,-13.26,-12.76,-9.66
2026-05-14T03:00:00Z,BRT,-13.26,75.3,989.1,14.56,3,134,0.70711,0.70711,0.74228,-0.67009,-12.76,-12.77,-10.72
2026-05-14T04:00:00Z,BRT,-12.76,67.7,992.1,16.83,4,134,0.86603,0.5,0.74228,-0.67009,-13.29,-12.06,-8.14
2026-05-14T05:00:00Z,BRT,-13.29,87.3,990.8,15.18,5,134,0.96593,0.25882,0.74228,-0.67009,-12.92,-11.41,-8.52
2026-05-14T06:00:00Z,BRT,-12.92,69.7,992.2,14.01,6,134,1.0,0.0,0.74228,-0.67009,-13.67,-12.23,-10.74
2026-05-14T07:00:00Z,BRT,-13.67,76.9,988.8,12.82,7,134,0.96593,-0.25882,0.74228,-0.67009,-12.76,-11.32,-10.68
2026-05-14T08:00:00Z,BRT,-12.76,80.8,988.6,11.96,8,134,0.86603,-0.5,0.74228,-0.67009,-12.77,-5.77,-11.06
2026-05-14T09:00:00Z,BRT,-12.77,76.8,984.2,13.81,9,134,0.70711,-0.70711,0.74228,-0.67009,-12.06,-7.11,-10.54
2026-05-14T10:00:00Z,BRT,-12.06,93.7,983.1,16.39,10,134,0.5,-0.86603,0.74228,-0.67009,-11.41,-13.42,-10.56
2026-05-14T11:00:00Z,BRT,-11.41,87.8,982.0,20.48,11,134,0.25882,-0.96593,0.74228,-0.67009,-12.23,-8.45,-16.8
2026-05-14T12:00:00Z,BRT,-12.23,83.5,980.2,13.32,12,134,0.0,-1.0,0.74228,-0.67009,-11.32,-7.12,-15.47
2026-05-14T13:00:00Z,BRT,-11.32,82.5,978.0,17.16,13,134,-0.25882,-0.96593,0.74228,-0.67009,-5.77,-6.44,-16.68
2026-05-14T14:00:00Z,BRT,-5.77,93.2,977.7,17.92,14,134,-0.5,-0.86603,0.74228,-0.67009,-7.11,-4.78,-14.31
2026-05-14T15:00:00Z,BRT,-7.11,84.0,977.9,20.16,15,134,-0.70711,-0.70711,0.74228,-0.67009,-13.42,-6.06,-15.3
2026-05-14T16:00:00Z,BRT,-13.42,82.0,978.4,18.97,16,134,-0.86603,-0.5,0.74228,-0.67009,-8.45,-6.63,-17.12
2026-05-14T17:00:00Z,BRT,-8.45,96.6,977.2,16.56,17,134,-0.96593,-0.25882,0.74228,-0.67009,-7.12,-7.46,-17.74
2026-05-14T18:00:00Z,BRT,-7.12,85.0,973.8,20.14,18,134,-1.0,-0.0,0.74228,-0.67009,-6.44,-8.26,-19.1
2026-05-14T19:00:00Z,BRT,-6.44,92.1,970.7,23.1,19,134,-0.96593,0.25882,0.74228,-0.67009,-4.78,-8.81,-19.45
2026-05-14T20:00:00Z,BRT,-4.78,84.4,971.6,25.65,20,134,-0.86603,0.5,0.74228,-0.67009,-6.06,-9.66,-18.06
2026-05-14T21:00:00Z,BRT,-6.06,95.2,971.0,18.97,21,134,-0.70711,0.70711,0.74228,-0.67009,-6.63,-10.72,-16.87
2026-05-14T22:00:00Z,BRT,-6.63,98.9,973.0,20.05,22,134,-0.5,0.86603,0.74228,-0.67009,-7.46,-8.14,-16.88
2026-05-14T23:00:00Z,BRT,-7.46,99.0,969.9,19.13,23,134,-0.25882,0.96593,0.74228,-0.67009,-8.26,-8.52,-15.73
2026-05-15T00:00:00Z,BRT,-8.26,93.1,969.7,17.49,0,135,0.0,1.0,0.73064,-0.68276,-8.81,-10.74,-16.1
2026-05-15T01:00:00Z,BRT,-8.81,92.5,969.7,19.06,1,135,0.25882,0.96593,0.73064,-0.68276,-9.66,-10.68,-15.77
2026-05-15T02:00:00Z,BRT,-9.66,97.8,972.3,17.27,2,135,0.5,0.86603,0.73064,-0.68276,-10.72,-11.06,-16.28
2026-05-15T03:00:00Z,BRT,-10.72,96.9,973.3,15.84,3,135,0.70711,0.70711,0.73064,-0.68276,-8.14,-10.54,-17.2
2026-05-15T04:00:00Z,BRT,-8.14,94.5,972.3,23.5,4,135,0.86603,0.5,0.73064,-0.68276,-8.52,-10.56,-15.82
2026-05-15T05:00:00Z,BRT,-8.52,87.9,974.0,22.51,5,135,0.96593,0.25882,0.73064,-0.68276,-10.74,-16.8,-15.4
2026-05-15T06:00:00Z,BRT,-10.74,93.8,976.0,13.54,6,135,1.0,0.0,0.73064,-0.68276,-10.68,-15.47,-15.37
2026-05-15T07:00:00Z,BRT,-10.68,92.2,975.2,17.12,7,135,0.96593,-0.25882,0.73064,-0.68276,-11.06,-16.68,-15.68
2026-05-15T08:00:00Z,BRT,-11.06,86.2,976.5,15.13,8,135,0.86603,-0.5,0.73064,-0.68276,-10.54,-14.31,-16.16
2026-05-15T09:00:00Z,BRT,-10.54,87.3,975.6,14.32,9,135,0.70711,-0.70711,0.73064,-0.68276,-10.56,-15.3,-17.22
2026-05-15T10:00:00Z,BRT,-10.56,77.6,977.8,19.93,10,135,0.5,-0.86603,0.73064,-0.68276,-16.8,-17.12,-16.56
2026-05-15T11:00:00Z,BRT,-16.8,81.1,978.3,18.14,11,135,0.25882,-0.96593,0.73064,-0.68276,-15.47,-17.74,-17.13
2026-05-15T12:00:00Z,BRT,-15.47,86.6,980.1,19.18,12,135,0.0,-1.0,0.73064,-0.68276,-16.68,-19.1,-18.0
2026-05-15T13:00:00Z,BRT,-16.68,83.1,982.3,15.3,13,135,-0.25882,-0.96593,0.73064,-0.68276,-14.31,-19.45,-18.63
2026-05-15T14:00:00Z,BRT,-14.31,88.1,983.1,20.96,14,135,-0.5,-0.86603,0.73064,-0.68276,-15.3,-18.06,-18.47
2026-05-15T15:00:00Z,BRT,-15.3,77.2,984.6,15.67,15,135,-0.70711,-0.70711,0.73064,-0.68276,-17.12,-16.87,-18.49
2026-05-15T16:00:00Z,BRT,-17.12,81.8,985.0,16.08,16,135,-0.86603,-0.5,0.73064,-0.68276,-17.74,-16.88,-18.08
2026-05-15T17:00:00Z,BRT,-17.74,84.3,983.5,18.23,17,135,-0.96593,-0.25882,0.73064,-0.68276,-19.1,-15.73,-17.46
2026-05-15T18:00:00Z,BRT,-19.1,76.4,985.9,14.52,18,135,-1.0,-0.0,0.73064,-0.68276,-19.45,-16.1,-16.4
2026-05-15T19:00:00Z,BRT,-19.45,74.8,986.2,15.08,19,135,-0.96593,0.25882,0.73064,-0.68276,-18.06,-15.77,-15.9
2026-05-15T20:00:00Z,BRT,-18.06,81.9,988.0,13.16,20,135,-0.86603,0.5,0.73064,-0.68276,-16.87,-16.28,-16.83
2026-05-15T21:00:00Z,BRT,-16.87,82.6,988.1,14.33,21,135,-0.70711,0.70711,0.73064,-0.68276,-16.88,-17.2,-16.22
2026-05-15T22:00:00Z,BRT,-16.88,77.9,988.7,13.66,22,135,-0.5,0.86603,0.73064,-0.68276,-15.73,-15.82,-16.41
2026-05-15T23:00:00Z,BRT,-15.73,77.2,988.7,12.94,23,135,-0.25882,0.96593,0.73064,-0.68276,-16.1,-15.4,-16.55
2026-05-16T00:00:00Z,BRT,-16.1,79.7,987.2,10.41,0,136,0.0,1.0,0.71879,-0.69523,-15.77,-15.37,-15.66
2026-05-16T01:00:00Z,BRT,-15.77,75.7,986.0,14.16,1,136,0.25882,0.96593,0.71879,-0.69523,-16.28,-15.68,-15.07
2026-05-16T02:00:00Z,BRT,-16.28,84.6,987.0,16.06,2,136,0.5,0.86603,0.71879,-0.69523,-17.2,-16.16,-15.17
2026-05-16T03:00:00Z,BRT,-17.2,75.7,987.9,13.69,3,136,0.70711,0.70711,0.71879,-0.69523,-15.82,-17.22,-15.22
2026-05-16T04:00:00Z,BRT,-15.82,84.2,987.3,17.81,4,136,0.86603,0.5,0.71879,-0.69523,-15.4,-16.56,-15.05
2026-05-16T05:00:00Z,BRT,-15.4,82.5,982.5,15.31,5,136,0.96593,0.25882,0.71879,-0.69523,-15.37,-17.13,-15.17
2026-05-16T06:00:00Z,BRT,-15.37,87.1,981.9,10.17,6,136,1.0,0.0,0.71879,-0.69523,-15.68,-18.0,-16.01
2026-05-16T07:00:00Z,BRT,-15.68,78.0,983.0,15.78,7,136,0.96593,-0.25882,0.71879,-0.69523,-16.16,-18.63,-16.24
2026-05-16T08:00:00Z,BRT,-16.16,83.2,984.3,9.04,8,136,0.86603,-0.5,0.71879,-0.69523,-17.22,-18.47,-16.04
2026-05-16T09:00:00Z,BRT,-17.22,81.9,985.7,15.98,9,136,0.70711,-0.70711,0.71879,-0.69523,-16.56,-18.49,-17.29
2026-05-16T10:00:00Z,BRT,-16.56,83.2,985.8,14.39,10,136,0.5,-0.86603,0.71879,-0.69523,-17.13,-18.08,-17.13
2026-05-16T11:00:00Z,BRT,-17.13,84.6,985.2,9.99,11,136,0.25882,-0.96593,0.71879,-0.69523,-18.0,-17.46,-18.9
2026-05-16T12:00:00Z,BRT,-18.0,90.7,985.7,14.2,12,136,0.0,-1.0,0.71879,-0.69523,-18.63,-16.4,-18.95
2026-05-16T13:00:00Z,BRT,-18.63,89.4,987.3,14.63,13,136,-0.25882,-0.96593,0.71879,-0.69523,-18.47,-15.9,-18.95
2026-05-16T14:00:00Z,BRT,-18.47,78.1,987.7,14.46,14,136,-0.5,-0.86603,0.71879,-0.69523,-18.49,-16.83,-17.62
2026-05-16T15:00:00Z,BRT,-18.49,81.0,988.9,8.97,15,136,-0.70711,-0.70711,0.71879,-0.69523,-18.08,-16.22,-17.5
2026-05-16T16:00:00Z,BRT,-18.08,78.9,986.4,15.85,16,136,-0.86603,-0.5,0.71879,-0.69523,-17.46,-16.41,-16.51
2026-05-16T17:00:00Z,BRT,-17.46,76.5,986.3,18.5,17,136,-0.96593,-0.25882,0.71879,-0.69523,-16.4,-16.55,-16.24
2026-05-16T18:00:00Z,BRT,-16.4,79.8,985.8,16.13,18,136,-1.0,-0.0,0.71879,-0.69523,-15.9,-15.66,-15.19
2026-05-16T19:00:00Z,BRT,-15.9,89.6,985.2,19.56,19,136,-0.96593,0.25882,0.71879,-0.69523,-16.83,-15.07,-15.6
2026-05-16T20:00:00Z,BRT,-16.83,86.5,984.2,15.81,20,136,-0.86603,0.5,0.71879,-0.69523,-16.22,-15.17,-16.47
2026-05-16T21:00:00Z,BRT,-16.22,80.1,987.6,15.59,21,136,-0.70711,0.70711,0.71879,-0.69523,-16.41,-15.22,-16.65
2026-05-16T22:00:00Z,BRT,-16.41,65.6,989.2,12.15,22,136,-0.5,0.86603,0.71879,-0.69523,-16.55,-15.05,-16.13
2026-05-16T23:00:00Z,BRT,-16.55,81.3,991.6,14.12,23,136,-0.25882,0.96593,0.71879,-0.69523,-15.66,-15.17,-15.5
2026-05-17T00:00:00Z,BRT,-15.66,70.6,997.1,7.83,0,137,0.0,1.0,0.70673,-0.70749,-15.07,-16.01,-15.65
2026-05-17T01:00:00Z,BRT,-15.07,62.6,998.0,11.29,1,137,0.25882,0.96593,0.70673,-0.70749,-15.17,-16.24,-15.69
2026-05-17T02:00:00Z,BRT,-15.17,66.4,996.7,13.1,2,137,0.5,0.86603,0.70673,-0.70749,-15.22,-16.04,-15.13
2026-05-17T03:00:00Z,BRT,-15.22,68.7,997.7,13.79,3,137,0.70711,0.70711,0.70673,-0.70749,-15.05,-17.29,-16.11
2026-05-17T04:00:00Z,BRT,-15.05,75.4,996.7,11.29,4,137,0.86603,0.5,0.70673,-0.70749,-15.17,-17.13,-16.11
2026-05-17T05:00:00Z,BRT,-15.17,76.3,998.4,11.12,5,137,0.96593,0.25882,0.70673,-0.70749,-16.01,-18.9,-15.8
2026-05-17T06:00:00Z,BRT,-16.01,64.2,998.8,10.47,6,137,1.0,0.0,0.70673,-0.70749,-16.24,-18.95,-17.23
2026-05-17T07:00:00Z,BRT,-16.24,68.9,1001.2,8.75,7,137,0.96593,-0.25882,0.70673,-0.70749,-16.04,-18.95,-17.55
2026-05-17T08:00:00Z,BRT,-16.04,61.2,1002.4,7.89,8,137,0.86603,-0.5,0.70673,-0.70749,-17.29,-17.62,-17.13
2026-05-17T09:00:00Z,BRT,-17.29,69.2,1003.4,10.64,9,137,0.70711,-0.70711,0.70673,-0.70749,-17.13,-17.5,-16.59
2026-05-17T10:00:00Z,BRT,-17.13,63.4,1005.0,9.86,10,137,0.5,-0.86603,0.70673,-0.70749,-18.9,-16.51,-16.15
2026-05-17T11:00:00Z,BRT,-18.9,70.1,1005.4,9.74,11,137,0.25882,-0.96593,0.70673,-0.70749,-18.95,-16.24,-17.67
2026-05-17T12:00:00Z,BRT,-18.95,68.1,1006.1,7.57,12,137,0.0,-1.0,0.70673,-0.70749,-18.95,-15.19,-18.78
2026-05-17T13:00:00Z,BRT,-18.95,63.7,1006.2,9.56,13,137,-0.25882,-0.96593,0.70673,-0.70749,-17.62,-15.6,-18.25
2026-05-17T14:00:00Z,BRT,-17.62,62.4,1006.6,10.06,14,137,-0.5,-0.86603,0.70673,-0.70749,-17.5,-16.47,-18.97
2026-05-17T15:00:00Z,BRT,-17.5,71.6,1005.1,11.65,15,137,-0.70711,-0.70711,0.70673,-0.70749,-16.51,-16.65,-19.04
2026-05-17T16:00:00Z,BRT,-16.51,67.0,1008.0,13.38,16,137,-0.86603,-0.5,0.70673,-0.70749,-16.24,-16.13,-18.94
2026-05-17T17:00:00Z,BRT,-16.24,58.2,1008.4,10.79,17,137,-0.96593,-0.25882,0.70673,-0.70749,-15.19,-15.5,-19.46
2026-05-17T18:00:00Z,BRT,-15.19,66.5,1009.3,9.78,18,137,-1.0,-0.0,0.70673,-0.70749,-15.6,-15.65,-19.94
2026-05-17T19:00:00Z,BRT,-15.6,66.9,1010.1,10.21,19,137,-0.96593,0.25882,0.70673,-0.70749,-16.47,-15.69,-20.0
2026-05-17T20:00:00Z,BRT,-16.47,57.0,1010.3,7.4,20,137,-0.86603,0.5,0.70673,-0.70749,-16.65,-15.13,-20.86
2026-05-17T21:00:00Z,BRT,-16.65,55.5,1011.0,9.45,21,137,-0.70711,0.70711,0.70673,-0.70749,-16.13,-16.11,-20.28
2026-05-17T22:00:00Z,BRT,-16.13,60.8,1011.7,6.87,22,137,-0.5,0.86603,0.70673,-0.70749,-15.5,-16.11,-20.24
2026-05-17T23:00:00Z,BRT,-15.5,64.2,1010.7,7.15,23,137,-0.25882,0.96593,0.70673,-0.70749,-15.65,-15.8,-22.59
2026-05-18T00:00:00Z,BRT,-15.65,47.6,1012.4,8.75,0,138,0.0,1.0,0.69445,-0.71954,-15.69,-17.23,-22.5
2026-05-18T01:00:00Z,BRT,-15.69,55.4,1013.6,5.38,1,138,0.25882,0.96593,0.69445,-0.71954,-15.13,-17.55,-17.82
2026-05-18T02:00:00Z,BRT,-15.13,58.7,1010.8,10.82,2,138,0.5,0.86603,0.69445,-0.71954,-16.11,-17.13,-18.92
2026-05-18T03:00:00Z,BRT,-16.11,59.6,1011.5,8.13,3,138,0.70711,0.70711,0.69445,-0.71954,-16.11,-16.59,-17.75
2026-05-18T04:00:00Z,BRT,-16.11,61.6,1010.7,10.43,4,138,0.86603,0.5,0.69445,-0.71954,-15.8,-16.15,-18.05
2026-05-18T05:00:00Z,BRT,-15.8,57.8,1011.7,10.27,5,138,0.96593,0.25882,0.69445,-0.71954,-17.23,-17.67,-17.43
2026-05-18T06:00:00Z,BRT,-17.23,63.1,1007.3,5.1,6,138,1.0,0.0,0.69445,-0.71954,-17.55,-18.78,-17.76
2026-05-18T07:00:00Z,BRT,-17.55,72.1,1004.4,9.56,7,138,0.96593,-0.25882,0.69445,-0.71954,-17.13,-18.25,-15.36
2026-05-18T08:00:00Z,BRT,-17.13,63.2,1006.3,12.4,8,138,0.86603,-0.5,0.69445,-0.71954,-16.59,-18.97,-13.61
2026-05-18T09:00:00Z,BRT,-16.59,62.5,1007.2,8.41,9,138,0.70711,-0.70711,0.69445,-0.71954,-16.15,-19.04,-11.74
2026-05-18T10:00:00Z,BRT,-16.15,58.1,1004.7,8.47,10,138,0.5,-0.86603,0.69445,-0.71954,-17.67,-18.94,-11.85
2026-05-18T11:00:00Z,BRT,-17.67,65.0,1001.9,11.89,11,138,0.25882,-0.96593,0.69445,-0.71954,-18.78,-19.46,-9.56
2026-05-18T12:00:00Z,BRT,-18.78,68.9,1002.7,4.5,12,138,0.0,-1.0,0.69445,-0.71954,-18.25,-19.94,-8.71
2026-05-18T13:00:00Z,BRT,-18.25,73.5,1000.9,11.14,13,138,-0.25882,-0.96593,0.69445,-0.71954,-18.97,-20.0,-10.54
2026-05-18T14:00:00Z,BRT,-18.97,74.5,998.6,13.76,14,138,-0.5,-0.86603,0.69445,-0.71954,-19.04,-20.86,-9.82
2026-05-18T15:00:00Z,BRT,-19.04,69.5,997.7,9.65,15,138,-0.70711,-0.70711,0.69445,-0.71954,-18.94,-20.28,-9.29
2026-05-18T16:00:00Z,BRT,-18.94,70.6,994.1,14.36,16,138,-0.86603,-0.5,0.69445,-0.71954,-19.46,-20.24,-10.79
2026-05-18T17:00:00Z,BRT,-19.46,81.1,993.3,13.79,17,138,-0.96593,-0.25882,0.69445,-0.71954,-19.94,-22.59,-11.16
2026-05-18T18:00:00Z,BRT,-19.94,79.4,991.2,13.69,18,138,-1.0,-0.0,0.69445,-0.71954,-20.0,-22.5,-10.54
2026-05-18T19:00:00Z,BRT,-20.0,77.0,991.4,12.93,19,138,-0.96593,0.25882,0.69445,-0.71954,-20.86,-17.82,-13.25
2026-05-18T20:00:00Z,BRT,-20.86,79.5,990.6,13.69,20,138,-0.86603,0.5,0.69445,-0.71954,-20.28,-18.92,-13.72
2026-05-18T21:00:00Z,BRT,-20.28,73.8,987.9,16.51,21,138,-0.70711,0.70711,0.69445,-0.71954,-20.24,-17.75,-17.7
2026-05-18T22:00:00Z,BRT,-20.24,88.8,983.2,17.92,22,138,-0.5,0.86603,0.69445,-0.71954,-22.59,-18.05,-16.89
2026-05-18T23:00:00Z,BRT,-22.59,91.1,980.2,12.7,23,138,-0.25882,0.96593,0.69445,-0.71954,-22.5,-17.43,-16.88
2026-05-19T00:00:00Z,BRT,-22.5,87.4,978.8,14.05,0,139,0.0,1.0,0.68197,-0.73138,-17.82,-17.76,-18.5
2026-05-19T01:00:00Z,BRT,-17.82,95.7,975.8,19.22,1,139,0.25882,0.96593,0.68197,-0.73138,-18.92,-15.36,-20.25
2026-05-19T02:00:00Z,BRT,-18.92,82.5,975.7,15.69,2,139,0.5,0.86603,0.68197,-0.73138,-17.75,-13.61,-17.9
2026-05-19T03:00:00Z,BRT,-17.75,92.2,976.1,18.62,3,139,0.70711,0.70711,0.68197,-0.73138,-18.05,-11.74,-18.47
2026-05-19T04:00:00Z,BRT,-18.05,87.8,973.9,15.63,4,139,0.86603,0.5,0.68197,-0.73138,-17.43,-11.85,-17.58
2026-05-19T05:00:00Z,BRT,-17.43,86.9,972.5,15.01,5,139,0.96593,0.25882,0.68197,-0.73138,-17.76,-9.56,-16.07
2026-05-19T06:00:00Z,BRT,-17.76,90.8,971.5,15.47,6,139,1.0,0.0,0.68197,-0.73138,-15.36,-8.71,-16.52
2026-05-19T07:00:00Z,BRT,-15.36,99.0,968.9,18.77,7,139,0.96593,-0.25882,0.68197,-0.73138,-13.61,-10.54,-15.22
2026-05-19T08:00:00Z,BRT,-13.61,96.8,970.7,19.28,8,139,0.86603,-0.5,0.68197,-0.73138,-11.74,-9.82,-15.99
2026-05-19T09:00:00Z,BRT,-11.74,87.1,968.9,20.69,9,139,0.70711,-0.70711,0.68197,-0.73138,-11.85,-9.29,-16.53
2026-05-19T10:00:00Z,BRT,-11.85,99.0,966.9,19.17,10,139,0.5,-0.86603,0.68197,-0.73138,-9.56,-10.79,-14.67
2026-05-19T11:00:00Z,BRT,-9.56,92.1,965.2,21.49,11,139,0.25882,-0.96593,0.68197,-0.73138,-8.71,-11.16,-13.92
2026-05-19T12:00:00Z,BRT,-8.71,99.0,964.0,20.96,12,139,0.0,-1.0,0.68197,-0.73138,-10.54,-10.54,-14.7
2026-05-19T13:00:00Z,BRT,-10.54,93.4,966.8,18.23,13,139,-0.25882,-0.96593,0.68197,-0.73138,-9.82,-13.25,-13.89
2026-05-19T14:00:00Z,BRT,-9.82,91.8,968.8,20.12,14,139,-0.5,-0.86603,0.68197,-0.73138,-9.29,-13.72,-13.55
2026-05-19T15:00:00Z,BRT,-9.29,99.0,967.5,24.0,15,139,-0.70711,-0.70711,0.68197,-0.73138,-10.79,-17.7,-14.54
2026-05-19T16:00:00Z,BRT,-10.79,95.4,968.9,21.28,16,139,-0.86603,-0.5,0.68197,-0.73138,-11.16,-16.89,-16.01
2026-05-19T17:00:00Z,BRT,-11.16,98.4,970.1,21.25,17,139,-0.96593,-0.25882,0.68197,-0.73138,-10.54,-16.88,-15.56
2026-05-19T18:00:00Z,BRT,-10.54,93.8,970.9,22.94,18,139,-1.0,-0.0,0.68197,-0.73138,-13.25,-18.5,-15.74
2026-05-19T19:00:00Z,BRT,-13.25,97.6,974.2,19.03,19,139,-0.96593,0.25882,0.68197,-0.73138,-13.72,-20.25,-16.74
2026-05-19T20:00:00Z,BRT,-13.72,96.7,977.8,15.19,20,139,-0.86603,0.5,0.68197,-0.73138,-17.7,-17.9,-15.2
2026-05-19T21:00:00Z,BRT,-17.7,93.0,978.2,15.58,21,139,-0.70711,0.70711,0.68197,-0.73138,-16.89,-18.47,-15.8
2026-05-19T22:00:00Z,BRT,-16.89,91.9,978.4,16.0,22,139,-0.5,0.86603,0.68197,-0.73138,-16.88,-17.58,-16.12
2026-05-19T23:00:00Z,BRT,-16.88,76.1,980.4,10.99,23,139,-0.25882,0.96593,0.68197,-0.73138,-18.5,-16.07,-15.38
2026-05-20T00:00:00Z,BRT,-18.5,79.0,979.8,14.08,0,140,0.0,1.0,0.66929,-0.743,-20.25,-16.52,-15.66
2026-05-20T01:00:00Z,BRT,-20.25,84.3,979.4,12.08,1,140,0.25882,0.96593,0.66929,-0.743,-17.9,-15.22,-16.48
2026-05-20T02:00:00Z,BRT,-17.9,83.5,981.4,19.55,2,140,0.5,0.86603,0.66929,-0.743,-18.47,-15.99,-16.67
2026-05-20T03:00:00Z,BRT,-18.47,86.0,982.9,14.46,3,140,0.70711,0.70711,0.66929,-0.743,-17.58,-16.53,-17.27
2026-05-20T04:00:00Z,BRT,-17.58,83.9,985.1,14.16,4,140,0.86603,0.5,0.66929,-0.743,-16.07,-14.67,-15.14
2026-05-20T05:00:00Z,BRT,-16.07,79.2,985.9,16.53,5,140,0.96593,0.25882,0.66929,-0.743,-16.52,-13.92,-15.88
2026-05-20T06:00:00Z,BRT,-16.52,91.4,985.4,9.62,6,140,1.0,0.0,0.66929,-0.743,-15.22,-14.7,-16.68
2026-05-20T07:00:00Z,BRT,-15.22,77.2,986.4,13.11,7,140,0.96593,-0.25882,0.66929,-0.743,-15.99,-13.89,-16.28
2026-05-20T08:00:00Z,BRT,-15.99,75.2,985.8,13.14,8,140,0.86603,-0.5,0.66929,-0.743,-16.53,-13.55,-16.95
2026-05-20T09:00:00Z,BRT,-16.53,82.1,987.1,14.49,9,140,0.70711,-0.70711,0.66929,-0.743,-14.67,-14.54,-15.98
2026-05-20T10:00:00Z,BRT,-14.67,93.6,984.3,16.43,10,140,0.5,-0.86603,0.66929,-0.743,-13.92,-16.01,-16.43
2026-05-20T11:00:00Z,BRT,-13.92,84.7,984.8,17.4,11,140,0.25882,-0.96593,0.66929,-0.743,-14.7,-15.56,-16.12
2026-05-20T12:00:00Z,BRT,-14.7,84.9,984.8,13.74,12,140,0.0,-1.0,0.66929,-0.743,-13.89,-15.74,-16.88
2026-05-20T13:00:00Z,BRT,-13.89,81.1,985.6,13.5,13,140,-0.25882,-0.96593,0.66929,-0.743,-13.55,-16.74,-16.51
2026-05-20T14:00:00Z,BRT,-13.55,80.0,986.0,17.61,14,140,-0.5,-0.86603,0.66929,-0.743,-14.54,-15.2,-16.54
2026-05-20T15:00:00Z,BRT,-14.54,69.4,987.9,12.01,15,140,-0.70711,-0.70711,0.66929,-0.743,-16.01,-15.8,-15.98
2026-05-20T16:00:00Z,BRT,-16.01,70.3,992.6,14.14,16,140,-0.86603,-0.5,0.66929,-0.743,-15.56,-16.12,-16.34
2026-05-20T17:00:00Z,BRT,-15.56,74.6,992.0,15.69,17,140,-0.96593,-0.25882,0.66929,-0.743,-15.74,-15.38,-16.72
2026-05-20T18:00:00Z,BRT,-15.74,81.9,989.4,16.47,18,140,-1.0,-0.0,0.66929,-0.743,-16.74,-15.66,-15.81
2026-05-20T19:00:00Z,BRT,-16.74,79.5,989.9,12.21,19,140,-0.96593,0.25882,0.66929,-0.743,-15.2,-16.48,-16.33
2026-05-20T20:00:00Z,BRT,-15.2,79.0,990.7,18.2,20,140,-0.86603,0.5,0.66929,-0.743,-15.8,-16.67,-16.59
2026-05-20T21:00:00Z,BRT,-15.8,77.6,993.9,14.47,21,140,-0.70711,0.70711,0.66929,-0.743,-16.12,-17.27,-16.29
2026-05-20T22:00:00Z,BRT,-16.12,80.4,996.5,12.91,22,140,-0.5,0.86603,0.66929,-0.743,-15.38,-15.14,-16.99
2026-05-20T23:00:00Z,BRT,-15.38,80.3,992.7,12.22,23,140,-0.25882,0.96593,0.66929,-0.743,-15.66,-15.88,-17.85
2026-05-21T00:00:00Z,BRT,-15.66,70.6,994.0,7.22,0,141,0.0,1.0,0.65641,-0.7544,-16.48,-16.68,-18.43
2026-05-21T01:00:00Z,BRT,-16.48,61.7,997.4,7.54,1,141,0.25882,0.96593,0.65641,-0.7544,-16.67,-16.28,-19.01
2026-05-21T02:00:00Z,BRT,-16.67,72.2,999.4,12.39,2,141,0.5,0.86603,0.65641,-0.7544,-17.27,-16.95,-18.11
2026-05-21T03:00:00Z,BRT,-17.27,69.0,998.3,12.85,3,141,0.70711,0.70711,0.65641,-0.7544,-15.14,-15.98,-17.74
2026-05-21T04:00:00Z,BRT,-15.14,73.3,996.0,13.81,4,141,0.86603,0.5,0.65641,-0.7544,-15.88,-16.43,-18.31
2026-05-21T05:00:00Z,BRT,-15.88,71.3,996.5,12.31,5,141,0.96593,0.25882,0.65641,-0.7544,-16.68,-16.12,-16.85
2026-05-21T06:00:00Z,BRT,-16.68,67.6,997.7,8.91,6,141,1.0,0.0,0.65641,-0.7544,-16.28,-16.88,-19.02
2026-05-21T07:00:00Z,BRT,-16.28,72.5,996.9,11.17,7,141,0.96593,-0.25882,0.65641,-0.7544,-16.95,-16.51,-19.5
2026-05-21T08:00:00Z,BRT,-16.95,83.0,993.8,14.34,8,141,0.86603,-0.5,0.65641,-0.7544,-15.98,-16.54,-19.25
2026-05-21T09:00:00Z,BRT,-15.98,73.3,992.8,14.31,9,141,0.70711,-0.70711,0.65641,-0.7544,-16.43,-15.98,-18.6
2026-05-21T10:00:00Z,BRT,-16.43,70.5,993.1,11.93,10,141,0.5,-0.86603,0.65641,-0.7544,-16.12,-16.34,-17.11
2026-05-21T11:00:00Z,BRT,-16.12,75.7,990.9,11.86,11,141,0.25882,-0.96593,0.65641,-0.7544,-16.88,-16.72,-17.37
2026-05-21T12:00:00Z,BRT,-16.88,78.0,991.3,12.78,12,141,0.0,-1.0,0.65641,-0.7544,-16.51,-15.81,-16.91
2026-05-21T13:00:00Z,BRT,-16.51,88.9,990.1,9.6,13,141,-0.25882,-0.96593,0.65641,-0.7544,-16.54,-16.33,-16.64
2026-05-21T14:00:00Z,BRT,-16.54,86.0,990.4,11.65,14,141,-0.5,-0.86603,0.65641,-0.7544,-15.98,-16.59,-18.03
2026-05-21T15:00:00Z,BRT,-15.98,83.9,986.7,16.79,15,141,-0.70711,-0.70711,0.65641,-0.7544,-16.34,-16.29,-18.5
2026-05-21T16:00:00Z,BRT,-16.34,88.7,988.0,16.39,16,141,-0.86603,-0.5,0.65641,-0.7544,-16.72,-16.99,-19.15
2026-05-21T17:00:00Z,BRT,-16.72,88.6,988.1,14.94,17,141,-0.96593,-0.25882,0.65641,-0.7544,-15.81,-17.85,-19.78
2026-05-21T18:00:00Z,BRT,-15.81,82.0,991.3,16.02,18,141,-1.0,-0.0,0.65641,-0.7544,-16.33,-18.43,-18.32
2026-05-21T19:00:00Z,BRT,-16.33,78.3,990.4,15.06,19,141,-0.96593,0.25882,0.65641,-0.7544,-16.59,-19.01,-18.67
2026-05-21T20:00:00Z,BRT,-16.59,78.5,991.8,14.1,20,141,-0.86603,0.5,0.65641,-0.7544,-16.29,-18.11,-18.54
2026-05-21T21:00:00Z,BRT,-16.29,85.6,993.6,11.92,21,141,-0.70711,0.70711,0.65641,-0.7544,-16.99,-17.74,-18.71
2026-05-21T22:00:00Z,BRT,-16.99,69.2,994.4,12.38,22,141,-0.5,0.86603,0.65641,-0.7544,-17.85,-18.31,-18.89
2026-05-21T23:00:00Z,BRT,-17.85,69.8,994.5,11.64,23,141,-0.25882,0.96593,0.65641,-0.7544,-18.43,-16.85,-18.94
2026-05-22T00:00:00Z,BRT,-18.43,79.4,996.4,9.87,0,142,0.0,1.0,0.64334,-0.76558,-19.01,-19.02,-18.06
2026-05-22T01:00:00Z,BRT,-19.01,67.1,999.5,7.97,1,142,0.25882,0.96593,0.64334,-0.76558,-18.11,-19.5,-18.38
2026-05-22T02:00:00Z,BRT,-18.11,68.2,1001.1,11.55,2,142,0.5,0.86603,0.64334,-0.76558,-17.74,-19.25,-18.26
2026-05-22T03:00:00Z,BRT,-17.74,68.9,999.5,11.15,3,142,0.70711,0.70711,0.64334,-0.76558,-18.31,-18.6,-18.3
2026-05-22T04:00:00Z,BRT,-18.31,64.9,997.2,11.79,4,142,0.86603,0.5,0.64334,-0.76558,-16.85,-17.11,-18.43
2026-05-22T05:00:00Z,BRT,-16.85,72.2,996.9,16.24,5,142,0.96593,0.25882,0.64334,-0.76558,-19.02,-17.37,-18.09
2026-05-22T06:00:00Z,BRT,-19.02,72.7,1000.0,10.22,6,142,1.0,0.0,0.64334,-0.76558,-19.5,-16.91,-17.33
2026-05-22T07:00:00Z,BRT,-19.5,69.9,999.0,9.72,7,142,0.96593,-0.25882,0.64334,-0.76558,-19.25,-16.64,-17.35
2026-05-22T08:00:00Z,BRT,-19.25,73.4,998.2,12.04,8,142,0.86603,-0.5,0.64334,-0.76558,-18.6,-18.03,-17.79
2026-05-22T09:00:00Z,BRT,-18.6,77.8,995.2,13.64,9,142,0.70711,-0.70711,0.64334,-0.76558,-17.11,-18.5,-17.95
2026-05-22T10:00:00Z,BRT,-17.11,76.7,995.0,10.24,10,142,0.5,-0.86603,0.64334,-0.76558,-17.37,-19.15,-16.89
2026-05-22T11:00:00Z,BRT,-17.37,84.6,995.1,13.49,11,142,0.25882,-0.96593,0.64334,-0.76558,-16.91,-19.78,-16.54
2026-05-22T12:00:00Z,BRT,-16.91,76.0,996.9,10.6,12,142,0.0,-1.0,0.64334,-0.76558,-16.64,-18.32,-16.82
2026-05-22T13:00:00Z,BRT,-16.64,63.3,997.9,16.91,13,142,-0.25882,-0.96593,0.64334,-0.76558,-18.03,-18.67,-17.14
2026-05-22T14:00:00Z,BRT,-18.03,68.7,999.5,12.05,14,142,-0.5,-0.86603,0.64334,-0.76558,-18.5,-18.54,-17.03
2026-05-22T15:00:00Z,BRT,-18.5,75.2,999.8,9.82,15,142,-0.70711,-0.70711,0.64334,-0.76558,-19.15,-18.71,-16.82
2026-05-22T16:00:00Z,BRT,-19.15,63.4,1000.9,14.0,16,142,-0.86603,-0.5,0.64334,-0.76558,-19.78,-18.89,-17.41
2026-05-22T17:00:00Z,BRT,-19.78,66.4,1001.9,11.5,17,142,-0.96593,-0.25882,0.64334,-0.76558,-18.32,-18.94,-17.86
2026-05-22T18:00:00Z,BRT,-18.32,63.5,1004.1,11.5,18,142,-1.0,-0.0,0.64334,-0.76558,-18.67,-18.06,-18.64
2026-05-22T19:00:00Z,BRT,-18.67,53.8,1003.8,13.12,19,142,-0.96593,0.25882,0.64334,-0.76558,-18.54,-18.38,-18.5
2026-05-22T20:00:00Z,BRT,-18.54,67.3,1005.9,8.92,20,142,-0.86603,0.5,0.64334,-0.76558,-18.71,-18.26,-19.77
2026-05-22T21:00:00Z,BRT,-18.71,68.6,1005.6,11.94,21,142,-0.70711,0.70711,0.64334,-0.76558,-18.89,-18.3,-18.7
2026-05-22T22:00:00Z,BRT,-18.89,71.3,1005.0,9.2,22,142,-0.5,0.86603,0.64334,-0.76558,-18.94,-18.43,-18.52
2026-05-22T23:00:00Z,BRT,-18.94,61.1,1004.4,8.22,23,142,-0.25882,0.96593,0.64334,-0.76558,-18.06,-18.09,-18.89
2026-05-23T00:00:00Z,BRT,-18.06,71.1,1005.3,6.37,0,143,0.0,1.0,0.63007,-0.77654,-18.38,-17.33,-17.88
2026-05-23T01:00:00Z,BRT,-18.38,60.9,1006.0,5.86,1,143,0.25882,0.96593,0.63007,-0.77654,-18.26,-17.35,-18.53
2026-05-23T02:00:00Z,BRT,-18.26,66.1,1004.5,9.39,2,143,0.5,0.86603,0.63007,-0.77654,-18.3,-17.79,-18.73
2026-05-23T03:00:00Z,BRT,-18.3,79.3,1004.4,13.23,3,143,0.70711,0.70711,0.63007,-0.77654,-18.43,-17.95,-18.64
2026-05-23T04:00:00Z,BRT,-18.43,57.1,1007.2,12.31,4,143,0.86603,0.5,0.63007,-0.77654,-18.09,-16.89,-19.03
2026-05-23T05:00:00Z,BRT,-18.09,64.1,1006.3,7.26,5,143,0.96593,0.25882,0.63007,-0.77654,-17.33,-16.54,-19.68
2026-05-23T06:00:00Z,BRT,-17.33,54.9,1009.2,9.92,6,143,1.0,0.0,0.63007,-0.77654,-17.35,-16.82,-18.76
2026-05-23T07:00:00Z,BRT,-17.35,59.5,1008.4,6.7,7,143,0.96593,-0.25882,0.63007,-0.77654,-17.79,-17.14,-17.43
2026-05-23T08:00:00Z,BRT,-17.79,63.9,1008.1,8.51,8,143,0.86603,-0.5,0.63007,-0.77654,-17.95,-17.03,-18.79
2026-05-23T09:00:00Z,BRT,-17.95,55.0,1006.4,6.5,9,143,0.70711,-0.70711,0.63007,-0.77654,-16.89,-16.82,-17.28
2026-05-23T10:00:00Z,BRT,-16.89,73.1,1007.0,6.52,10,143,0.5,-0.86603,0.63007,-0.77654,-16.54,-17.41,-18.87
2026-05-23T11:00:00Z,BRT,-16.54,67.8,1003.7,9.3,11,143,0.25882,-0.96593,0.63007,-0.77654,-16.82,-17.86,-19.27
2026-05-23T12:00:00Z,BRT,-16.82,69.3,999.7,10.19,12,143,0.0,-1.0,0.63007,-0.77654,-17.14,-18.64,-18.6
2026-05-23T13:00:00Z,BRT,-17.14,67.2,1001.0,5.73,13,143,-0.25882,-0.96593,0.63007,-0.77654,-17.03,-18.5,-19.44
2026-05-23T14:00:00Z,BRT,-17.03,66.7,999.4,11.29,14,143,-0.5,-0.86603,0.63007,-0.77654,-16.82,-19.77,-18.83
2026-05-23T15:00:00Z,BRT,-16.82,70.8,999.5,11.79,15,143,-0.70711,-0.70711,0.63007,-0.77654,-17.41,-18.7,-18.82
2026-05-23T16:00:00Z,BRT,-17.41,71.0,1000.1,15.7,16,143,-0.86603,-0.5,0.63007,-0.77654,-17.86,-18.52,-18.55
2026-05-23T17:00:00Z,BRT,-17.86,65.6,1001.3,13.39,17,143,-0.96593,-0.25882,0.63007,-0.77654,-18.64,-18.89,-18.3
2026-05-23T18:00:00Z,BRT,-18.64,75.1,1001.2,10.26,18,143,-1.0,-0.0,0.63007,-0.77654,-18.5,-17.88,-17.1
2026-05-23T19:00:00Z,BRT,-18.5,69.9,999.6,11.62,19,143,-0.96593,0.25882,0.63007,-0.77654,-19.77,-18.53,-17.68
2026-05-23T20:00:00Z,BRT,-19.77,62.4,998.6,12.5,20,143,-0.86603,0.5,0.63007,-0.77654,-18.7,-18.73,-17.09
2026-05-23T21:00:00Z,BRT,-18.7,77.0,996.7,14.56,21,143,-0.70711,0.70711,0.63007,-0.77654,-18.52,-18.64,-16.7
2026-05-23T22:00:00Z,BRT,-18.52,78.5,994.6,14.35,22,143,-0.5,0.86603,0.63007,-0.77654,-18.89,-19.03,-16.08
2026-05-23T23:00:00Z,BRT,-18.89,83.6,994.0,13.84,23,143,-0.25882,0.96593,0.63007,-0.77654,-17.88,-19.68,-16.31
2026-05-24T00:00:00Z,BRT,-17.88,73.1,994.5,13.27,0,144,0.0,1.0,0.61662,-0.78726,-18.53,-18.76,-16.9
2026-05-24T01:00:00Z,BRT,-18.53,70.5,993.5,11.44,1,144,0.25882,0.96593,0.61662,-0.78726,-18.73,-17.43,-16.11
2026-05-24T02:00:00Z,BRT,-18.73,76.6,996.2,13.45,2,144,0.5,0.86603,0.61662,-0.78726,-18.64,-18.79,-14.61
2026-05-24T03:00:00Z,BRT,-18.64,73.6,992.8,14.89,3,144,0.70711,0.70711,0.61662,-0.78726,-19.03,-17.28,-14.67
2026-05-24T04:00:00Z,BRT,-19.03,72.8,988.9,11.44,4,144,0.86603,0.5,0.61662,-0.78726,-19.68,-18.87,-15.28
2026-05-24T05:00:00Z,BRT,-19.68,82.6,985.8,17.1,5,144,0.96593,0.25882,0.61662,-0.78726,-18.76,-19.27,-15.89
2026-05-24T06:00:00Z,BRT,-18.76,83.8,986.3,15.36,6,144,1.0,0.0,0.61662,-0.78726,-17.43,-18.6,-14.75
2026-05-24T07:00:00Z,BRT,-17.43,84.5,985.4,18.83,7,144,0.96593,-0.25882,0.61662,-0.78726,-18.79,-19.44,-16.7
2026-05-24T08:00:00Z,BRT,-18.79,90.4,981.9,15.62,8,144,0.86603,-0.5,0.61662,-0.78726,-17.28,-18.83,-15.79
2026-05-24T09:00:00Z,BRT,-17.28,89.8,981.4,18.06,9,144,0.70711,-0.70711,0.61662,-0.78726,-18.87,-18.82,-17.86
2026-05-24T10:00:00Z,BRT,-18.87,88.9,979.1,15.57,10,144,0.5,-0.86603,0.61662,-0.78726,-19.27,-18.55,-17.87
2026-05-24T11:00:00Z,BRT,-19.27,91.3,978.4,15.03,11,144,0.25882,-0.96593,0.61662,-0.78726,-18.6,-18.3,-17.26
2026-05-24T12:00:00Z,BRT,-18.6,86.1,980.0,13.6,12,144,0.0,-1.0,0.61662,-0.78726,-19.44,-17.1,-16.68
2026-05-24T13:00:00Z,BRT,-19.44,89.4,980.2,11.93,13,144,-0.25882,-0.96593,0.61662,-0.78726,-18.83,-17.68,-16.42
2026-05-24T14:00:00Z,BRT,-18.83,88.3,980.2,15.42,14,144,-0.5,-0.86603,0.61662,-0.78726,-18.82,-17.09,-14.48
2026-05-24T15:00:00Z,BRT,-18.82,89.4,980.1,16.86,15,144,-0.70711,-0.70711,0.61662,-0.78726,-18.55,-16.7,-14.87
2026-05-24T16:00:00Z,BRT,-18.55,87.6,982.5,16.05,16,144,-0.86603,-0.5,0.61662,-0.78726,-18.3,-16.08,-14.98
2026-05-24T17:00:00Z,BRT,-18.3,91.7,982.3,18.88,17,144,-0.96593,-0.25882,0.61662,-0.78726,-17.1,-16.31,-16.2
2026-05-24T18:00:00Z,BRT,-17.1,89.7,980.8,16.76,18,144,-1.0,-0.0,0.61662,-0.78726,-17.68,-16.9,-17.1
2026-05-24T19:00:00Z,BRT,-17.68,90.3,983.1,17.34,19,144,-0.96593,0.25882,0.61662,-0.78726,-17.09,-16.11,-17.28
2026-05-24T20:00:00Z,BRT,-17.09,83.0,986.0,16.35,20,144,-0.86603,0.5,0.61662,-0.78726,-16.7,-14.61,-16.73
2026-05-24T21:00:00Z,BRT,-16.7,78.4,985.6,15.43,21,144,-0.70711,0.70711,0.61662,-0.78726,-16.08,-14.67,-18.48
2026-05-24T22:00:00Z,BRT,-16.08,80.7,982.6,17.55,22,144,-0.5,0.86603,0.61662,-0.78726,-16.31,-15.28,-18.88
2026-05-24T23:00:00Z,BRT,-16.31,84.8,980.1,15.03,23,144,-0.25882,0.96593,0.61662,-0.78726,-16.9,-15.89,-19.61
2026-05-25T00:00:00Z,BRT,-16.9,89.7,981.3,15.35,0,145,0.0,1.0,0.60299,-0.79775,-16.11,-14.75,-20.69
2026-05-25T01:00:00Z,BRT,-16.11,89.3,983.4,14.76,1,145,0.25882,0.96593,0.60299,-0.79775,-14.61,-16.7,-20.71
2026-05-25T02:00:00Z,BRT,-14.61,82.6,982.4,12.33,2,145,0.5,0.86603,0.60299,-0.79775,-14.67,-15.79,-20.02
2026-05-25T03:00:00Z,BRT,-14.67,87.5,983.5,18.03,3,145,0.70711,0.70711,0.60299,-0.79775,-15.28,-17.86,-20.06
2026-05-25T04:00:00Z,BRT,-15.28,88.1,981.6,18.35,4,145,0.86603,0.5,0.60299,-0.79775,-15.89,-17.87,-20.09
2026-05-25T05:00:00Z,BRT,-15.89,81.3,982.7,16.09,5,145,0.96593,0.25882,0.60299,-0.79775,-14.75,-17.26,-20.31
2026-05-25T06:00:00Z,BRT,-14.75,79.0,984.9,18.78,6,145,1.0,0.0,0.60299,-0.79775,-16.7,-16.68,-19.28
2026-05-25T07:00:00Z,BRT,-16.7,78.5,986.2,17.12,7,145,0.96593,-0.25882,0.60299,-0.79775,-15.79,-16.42,-18.88
2026-05-25T08:00:00Z,BRT,-15.79,88.4,985.6,19.91,8,145,0.86603,-0.5,0.60299,-0.79775,-17.86,-14.48,-19.77
2026-05-25T09:00:00Z,BRT,-17.86,79.6,986.1,14.7,9,145,0.70711,-0.70711,0.60299,-0.79775,-17.87,-14.87,-20.08
2026-05-25T10:00:00Z,BRT,-17.87,82.1,987.1,14.46,10,145,0.5,-0.86603,0.60299,-0.79775,-17.26,-14.98,-19.61
2026-05-25T11:00:00Z,BRT,-17.26,79.5,987.6,13.63,11,145,0.25882,-0.96593,0.60299,-0.79775,-16.68,-16.2,-18.98
2026-05-25T12:00:00Z,BRT,-16.68,74.0,988.6,10.84,12,145,0.0,-1.0,0.60299,-0.79775,-16.42,-17.1,-18.65
2026-05-25T13:00:00Z,BRT,-16.42,83.6,986.6,15.9,13,145,-0.25882,-0.96593,0.60299,-0.79775,-14.48,-17.28,-18.61
2026-05-25T14:00:00Z,BRT,-14.48,76.1,989.0,10.54,14,145,-0.5,-0.86603,0.60299,-0.79775,-14.87,-16.73,-19.36
2026-05-25T15:00:00Z,BRT,-14.87,79.9,989.1,14.15,15,145,-0.70711,-0.70711,0.60299,-0.79775,-14.98,-18.48,-19.52
2026-05-25T16:00:00Z,BRT,-14.98,89.2,987.2,14.77,16,145,-0.86603,-0.5,0.60299,-0.79775,-16.2,-18.88,-18.88
2026-05-25T17:00:00Z,BRT,-16.2,87.0,988.0,16.17,17,145,-0.96593,-0.25882,0.60299,-0.79775,-17.1,-19.61,-18.56
2026-05-25T18:00:00Z,BRT,-17.1,81.1,989.8,16.35,18,145,-1.0,-0.0,0.60299,-0.79775,-17.28,-20.69,-18.14
2026-05-25T19:00:00Z,BRT,-17.28,77.7,993.5,13.17,19,145,-0.96593,0.25882,0.60299,-0.79775,-16.73,-20.71,-18.24
2026-05-25T20:00:00Z,BRT,-16.73,65.9,999.3,13.58,20,145,-0.86603,0.5,0.60299,-0.79775,-18.48,-20.02,-18.63
2026-05-25T21:00:00Z,BRT,-18.48,75.4,1001.2,9.05,21,145,-0.70711,0.70711,0.60299,-0.79775,-18.88,-20.06,-18.14
2026-05-25T22:00:00Z,BRT,-18.88,74.0,1000.0,11.77,22,145,-0.5,0.86603,0.60299,-0.79775,-19.61,-20.09,-17.25
2026-05-25T23:00:00Z,BRT,-19.61,71.7,1000.4,9.24,23,145,-0.25882,0.96593,0.60299,-0.79775,-20.69,-20.31,-16.32
2026-05-26T00:00:00Z,BRT,-20.69,64.3,1000.5,10.08,0,146,0.0,1.0,0.58918,-0.808,-20.71,-19.28,-16.68
2026-05-26T01:00:00Z,BRT,-20.71,69.3,1001.2,12.81,1,146,0.25882,0.96593,0.58918,-0.808,-20.02,-18.88,-16.74
2026-05-26T02:00:00Z,BRT,-20.02,75.5,1001.0,12.58,2,146,0.5,0.86603,0.58918,-0.808,-20.06,-19.77,-16.91
2026-05-26T03:00:00Z,BRT,-20.06,74.4,997.5,13.06,3,146,0.70711,0.70711,0.58918,-0.808,-20.09,-20.08,-17.67
2026-05-26T04:00:00Z,BRT,-20.09,75.1,998.0,12.8,4,146,0.86603,0.5,0.58918,-0.808,-20.31,-19.61,-16.86
2026-05-26T05:00:00Z,BRT,-20.31,78.7,997.6,11.07,5,146,0.96593,0.25882,0.58918,-0.808,-19.28,-18.98,-16.33
2026-05-26T06:00:00Z,BRT,-19.28,66.1,1003.0,12.74,6,146,1.0,0.0,0.58918,-0.808,-18.88,-18.65,-16.65
2026-05-26T07:00:00Z,BRT,-18.88,65.7,1000.2,13.26,7,146,0.96593,-0.25882,0.58918,-0.808,-19.77,-18.61,-17.82
2026-05-26T08:00:00Z,BRT,-19.77,68.5,1002.2,15.94,8,146,0.86603,-0.5,0.58918,-0.808,-20.08,-19.36,-19.07
2026-05-26T09:00:00Z,BRT,-20.08,67.3,1002.6,11.2,9,146,0.70711,-0.70711,0.58918,-0.808,-19.61,-19.52,-19.28
2026-05-26T10:00:00Z,BRT,-19.61,62.3,1001.7,8.87,10,146,0.5,-0.86603,0.58918,-0.808,-18.98,-18.88,-18.69
2026-05-26T11:00:00Z,BRT,-18.98,66.6,998.3,8.77,11,146,0.25882,-0.96593,0.58918,-0.808,-18.65,-18.56,-18.16
2026-05-26T12:00:00Z,BRT,-18.65,75.1,996.7,10.97,12,146,0.0,-1.0,0.58918,-0.808,-18.61,-18.14,-18.14
2026-05-26T13:00:00Z,BRT,-18.61,68.5,996.7,12.23,13,146,-0.25882,-0.96593,0.58918,-0.808,-19.36,-18.24,-19.57
2026-05-26T14:00:00Z,BRT,-19.36,71.4,993.1,13.63,14,146,-0.5,-0.86603,0.58918,-0.808,-19.52,-18.63,-18.48
2026-05-26T15:00:00Z,BRT,-19.52,72.3,994.9,16.14,15,146,-0.70711,-0.70711,0.58918,-0.808,-18.88,-18.14,-18.72
2026-05-26T16:00:00Z,BRT,-18.88,71.9,997.6,12.3,16,146,-0.86603,-0.5,0.58918,-0.808,-18.56,-17.25,-17.88
2026-05-26T17:00:00Z,BRT,-18.56,74.4,997.9,11.82,17,146,-0.96593,-0.25882,0.58918,-0.808,-18.14,-16.32,-18.14
2026-05-26T18:00:00Z,BRT,-18.14,70.9,997.0,14.07,18,146,-1.0,-0.0,0.58918,-0.808,-18.24,-16.68,-17.84
2026-05-26T19:00:00Z,BRT,-18.24,75.8,997.3,15.17,19,146,-0.96593,0.25882,0.58918,-0.808,-18.63,-16.74,-17.89
2026-05-26T20:00:00Z,BRT,-18.63,80.5,993.9,11.47,20,146,-0.86603,0.5,0.58918,-0.808,-18.14,-16.91,-16.49
2026-05-26T21:00:00Z,BRT,-18.14,75.5,994.7,15.18,21,146,-0.70711,0.70711,0.58918,-0.808,-17.25,-17.67,-17.54
2026-05-26T22:00:00Z,BRT,-17.25,67.3,995.1,13.49,22,146,-0.5,0.86603,0.58918,-0.808,-16.32,-16.86,-16.42
2026-05-26T23:00:00Z,BRT,-16.32,81.2,994.3,9.61,23,146,-0.25882,0.96593,0.58918,-0.808,-16.68,-16.33,-17.09
2026-05-27T00:00:00Z,BRT,-16.68,78.6,992.7,12.27,0,147,0.0,1.0,0.57519,-0.81802,-16.74,-16.65,-18.54
2026-05-27T01:00:00Z,BRT,-16.74,77.8,990.5,15.24,1,147,0.25882,0.96593,0.57519,-0.81802,-16.91,-17.82,-19.71
2026-05-27T02:00:00Z,BRT,-16.91,74.2,992.0,14.44,2,147,0.5,0.86603,0.57519,-0.81802,-17.67,-19.07,-18.32
2026-05-27T03:00:00Z,BRT,-17.67,77.5,992.1,13.96,3,147,0.70711,0.70711,0.57519,-0.81802,-16.86,-19.28,-18.04
2026-05-27T04:00:00Z,BRT,-16.86,79.2,990.6,15.08,4,147,0.86603,0.5,0.57519,-0.81802,-16.33,-18.69,-18.08
2026-05-27T05:00:00Z,BRT,-16.33,80.4,991.8,17.93,5,147,0.96593,0.25882,0.57519,-0.81802,-16.65,-18.16,-20.0
2026-05-27T06:00:00Z,BRT,-16.65,83.6,993.3,15.02,6,147,1.0,0.0,0.57519,-0.81802,-17.82,-18.14,-20.16
2026-05-27T07:00:00Z,BRT,-17.82,68.2,993.0,14.17,7,147,0.96593,-0.25882,0.57519,-0.81802,-19.07,-19.57,-20.05
2026-05-27T08:00:00Z,BRT,-19.07,85.4,992.2,14.97,8,147,0.86603,-0.5,0.57519,-0.81802,-19.28,-18.48,-20.25
2026-05-27T09:00:00Z,BRT,-19.28,83.1,991.2,13.86,9,147,0.70711,-0.70711,0.57519,-0.81802,-18.69,-18.72,-19.56
2026-05-27T10:00:00Z,BRT,-18.69,78.5,993.2,13.25,10,147,0.5,-0.86603,0.57519,-0.81802,-18.16,-17.88,-19.29
2026-05-27T11:00:00Z,BRT,-18.16,72.0,992.9,14.57,11,147,0.25882,-0.96593,0.57519,-0.81802,-18.14,-18.14,-19.19
2026-05-27T12:00:00Z,BRT,-18.14,74.7,993.0,10.62,12,147,0.0,-1.0,0.57519,-0.81802,-19.57,-17.84,-18.01
2026-05-27T13:00:00Z,BRT,-19.57,78.6,993.7,13.4,13,147,-0.25882,-0.96593,0.57519,-0.81802,-18.48,-17.89,-18.21
2026-05-27T14:00:00Z,BRT,-18.48,75.9,994.3,10.59,14,147,-0.5,-0.86603,0.57519,-0.81802,-18.72,-16.49,-18.87
2026-05-27T15:00:00Z,BRT,-18.72,72.3,995.0,11.55,15,147,-0.70711,-0.70711,0.57519,-0.81802,-17.88,-17.54,-18.41
2026-05-27T16:00:00Z,BRT,-17.88,70.7,996.6,14.35,16,147,-0.86603,-0.5,0.57519,-0.81802,-18.14,-16.42,-17.89
2026-05-27T17:00:00Z,BRT,-18.14,71.8,999.1,10.35,17,147,-0.96593,-0.25882,0.57519,-0.81802,-17.84,-17.09,-19.45
2026-05-27T18:00:00Z,BRT,-17.84,61.5,1001.4,16.18,18,147,-1.0,-0.0,0.57519,-0.81802,-17.89,-18.54,-18.51
2026-05-27T19:00:00Z,BRT,-17.89,72.6,998.3,14.25,19,147,-0.96593,0.25882,0.57519,-0.81802,-16.49,-19.71,-20.06
2026-05-27T20:00:00Z,BRT,-16.49,82.1,997.9,18.86,20,147,-0.86603,0.5,0.57519,-0.81802,-17.54,-18.32,-21.45
2026-05-27T21:00:00Z,BRT,-17.54,62.8,999.9,6.13,21,147,-0.70711,0.70711,0.57519,-0.81802,-16.42,-18.04,-21.2
2026-05-27T22:00:00Z,BRT,-16.42,66.5,1003.5,10.3,22,147,-0.5,0.86603,0.57519,-0.81802,-17.09,-18.08,-22.16
2026-05-27T23:00:00Z,BRT,-17.09,70.6,1002.8,10.01,23,147,-0.25882,0.96593,0.57519,-0.81802,-18.54,-20.0,-21.97
2026-05-28T00:00:00Z,BRT,-18.54,67.4,1005.1,4.32,0,148,0.0,1.0,0.56103,-0.82779,-19.71,-20.16,-21.57
2026-05-28T01:00:00Z,BRT,-19.71,62.0,1006.4,7.06,1,148,0.25882,0.96593,0.56103,-0.82779,-18.32,-20.05,-21.69
2026-05-28T02:00:00Z,BRT,-18.32,57.2,1006.9,10.07,2,148,0.5,0.86603,0.56103,-0.82779,-18.04,-20.25,-21.63
2026-05-28T03:00:00Z,BRT,-18.04,67.0,1008.1,11.45,3,148,0.70711,0.70711,0.56103,-0.82779,-18.08,-19.56,-20.89
2026-05-28T04:00:00Z,BRT,-18.08,57.1,1006.6,12.72,4,148,0.86603,0.5,0.56103,-0.82779,-20.0,-19.29,-21.29
2026-05-28T05:00:00Z,BRT,-20.0,58.5,1008.6,11.52,5,148,0.96593,0.25882,0.56103,-0.82779,-20.16,-19.19,-20.2
2026-05-28T06:00:00Z,BRT,-20.16,63.1,1004.2,11.4,6,148,1.0,0.0,0.56103,-0.82779,-20.05,-18.01,-20.19
2026-05-28T07:00:00Z,BRT,-20.05,59.8,1005.1,12.35,7,148,0.96593,-0.25882,0.56103,-0.82779,-20.25,-18.21,-19.47
2026-05-28T08:00:00Z,BRT,-20.25,69.8,1004.0,12.63,8,148,0.86603,-0.5,0.56103,-0.82779,-19.56,-18.87,-19.78
2026-05-28T09:00:00Z,BRT,-19.56,76.4,1003.7,11.36,9,148,0.70711,-0.70711,0.56103,-0.82779,-19.29,-18.41,-20.31
2026-05-28T10:00:00Z,BRT,-19.29,63.5,1003.7,10.13,10,148,0.5,-0.86603,0.56103,-0.82779,-19.19,-17.89,-19.26
2026-05-28T11:00:00Z,BRT,-19.19,76.8,1004.1,7.61,11,148,0.25882,-0.96593,0.56103,-0.82779,-18.01,-19.45,-18.43
2026-05-28T12:00:00Z,BRT,-18.01,61.7,1006.1,7.74,12,148,0.0,-1.0,0.56103,-0.82779,-18.21,-18.51,-17.54
2026-05-28T13:00:00Z,BRT,-18.21,58.4,1011.0,1.97,13,148,-0.25882,-0.96593,0.56103,-0.82779,-18.87,-20.06,-17.23
2026-05-28T14:00:00Z,BRT,-18.87,52.2,1014.3,6.15,14,148,-0.5,-0.86603,0.56103,-0.82779,-18.41,-21.45,-16.43
2026-05-28T15:00:00Z,BRT,-18.41,58.1,1017.1,6.35,15,148,-0.70711,-0.70711,0.56103,-0.82779,-17.89,-21.2,-16.91
2026-05-28T16:00:00Z,BRT,-17.89,63.0,1017.3,8.45,16,148,-0.86603,-0.5,0.56103,-0.82779,-19.45,-22.16,-16.02
2026-05-28T17:00:00Z,BRT,-19.45,49.5,1016.3,9.17,17,148,-0.96593,-0.25882,0.56103,-0.82779,-18.51,-21.97,-16.46
2026-05-28T18:00:00Z,BRT,-18.51,63.2,1014.6,7.79,18,148,-1.0,-0.0,0.56103,-0.82779,-20.06,-21.57,-10.27
2026-05-28T19:00:00Z,BRT,-20.06,66.4,1010.9,8.63,19,148,-0.96593,0.25882,0.56103,-0.82779,-21.45,-21.69,-12.85
2026-05-28T20:00:00Z,BRT,-21.45,63.5,1009.0,9.54,20,148,-0.86603,0.5,0.56103,-0.82779,-21.2,-21.63,-12.02
2026-05-28T21:00:00Z,BRT,-21.2,63.9,1006.6,10.13,21,148,-0.70711,0.70711,0.56103,-0.82779,-22.16,-20.89,-10.39
2026-05-28T22:00:00Z,BRT,-22.16,59.4,1005.7,9.13,22,148,-0.5,0.86603,0.56103,-0.82779,-21.97,-21.29,-9.34
2026-05-28T23:00:00Z,BRT,-21.97,66.6,1003.0,9.47,23,148,-0.25882,0.96593,0.56103,-0.82779,-21.57,-20.2,-9.61
2026-05-29T00:00:00Z,BRT,-21.57,62.1,1001.2,9.57,0,149,0.0,1.0,0.54671,-0.83732,-21.69,-20.19,-9.97
2026-05-29T01:00:00Z,BRT,-21.69,58.5,1000.9,9.88,1,149,0.25882,0.96593,0.54671,-0.83732,-21.63,-19.47,-10.34
2026-05-29T02:00:00Z,BRT,-21.63,73.7,1001.3,11.44,2,149,0.5,0.86603,0.54671,-0.83732,-20.89,-19.78,-9.76
2026-05-29T03:00:00Z,BRT,-20.89,65.4,1000.4,14.03,3,149,0.70711,0.70711,0.54671,-0.83732,-21.29,-20.31,-11.7
2026-05-29T04:00:00Z,BRT,-21.29,69.7,999.4,10.13,4,149,0.86603,0.5,0.54671,-0.83732,-20.2,-19.26,-13.15
2026-05-29T05:00:00Z,BRT,-20.2,70.1,997.4,15.19,5,149,0.96593,0.25882,0.54671,-0.83732,-20.19,-18.43,-10.34
2026-05-29T06:00:00Z,BRT,-20.19,69.9,995.4,11.57,6,149,1.0,0.0,0.54671,-0.83732,-19.47,-17.54,-11.33
2026-05-29T07:00:00Z,BRT,-19.47,68.8,993.9,18.29,7,149,0.96593,-0.25882,0.54671,-0.83732,-19.78,-17.23,-11.34
2026-05-29T08:00:00Z,BRT,-19.78,73.9,991.7,14.16,8,149,0.86603,-0.5,0.54671,-0.83732,-20.31,-16.43,-11.57
2026-05-29T09:00:00Z,BRT,-20.31,75.2,991.8,15.09,9,149,0.70711,-0.70711,0.54671,-0.83732,-19.26,-16.91,-18.15
2026-05-29T10:00:00Z,BRT,-19.26,80.9,992.6,13.07,10,149,0.5,-0.86603,0.54671,-0.83732,-18.43,-16.02,-13.21
2026-05-29T11:00:00Z,BRT,-18.43,83.2,991.6,12.58,11,149,0.25882,-0.96593,0.54671,-0.83732,-17.54,-16.46,-17.93
2026-05-29T12:00:00Z,BRT,-17.54,71.4,989.6,13.82,12,149,0.0,-1.0,0.54671,-0.83732,-17.23,-10.27,-11.75
2026-05-29T13:00:00Z,BRT,-17.23,88.0,985.8,13.89,13,149,-0.25882,-0.96593,0.54671,-0.83732,-16.43,-12.85,-12.18
2026-05-29T14:00:00Z,BRT,-16.43,93.1,983.9,14.24,14,149,-0.5,-0.86603,0.54671,-0.83732,-16.91,-12.02,-12.83
2026-05-29T15:00:00Z,BRT,-16.91,84.0,984.5,13.57,15,149,-0.70711,-0.70711,0.54671,-0.83732,-16.02,-10.39,-11.9
2026-05-29T16:00:00Z,BRT,-16.02,87.6,981.1,20.96,16,149,-0.86603,-0.5,0.54671,-0.83732,-16.46,-9.34,-17.35
2026-05-29T17:00:00Z,BRT,-16.46,94.3,978.6,19.3,17,149,-0.96593,-0.25882,0.54671,-0.83732,-10.27,-9.61,-18.2
2026-05-29T18:00:00Z,BRT,-10.27,89.9,975.8,24.88,18,149,-1.0,-0.0,0.54671,-0.83732,-12.85,-9.97,-18.51
2026-05-29T19:00:00Z,BRT,-12.85,90.0,975.6,17.35,19,149,-0.96593,0.25882,0.54671,-0.83732,-12.02,-10.34,-18.41
2026-05-29T20:00:00Z,BRT,-12.02,79.5,974.8,18.11,20,149,-0.86603,0.5,0.54671,-0.83732,-10.39,-9.76,-18.33
2026-05-29T21:00:00Z,BRT,-10.39,93.0,973.2,20.06,21,149,-0.70711,0.70711,0.54671,-0.83732,-9.34,-11.7,-18.59
2026-05-29T22:00:00Z,BRT,-9.34,95.9,971.0,19.71,22,149,-0.5,0.86603,0.54671,-0.83732,-9.61,-13.15,-18.42
2026-05-29T23:00:00Z,BRT,-9.61,93.4,970.8,15.51,23,149,-0.25882,0.96593,0.54671,-0.83732,-9.97,-10.34,-19.81
2026-05-30T00:00:00Z,BRT,-9.97,96.9,970.5,16.96,0,150,0.0,1.0,0.53223,-0.8466,-10.34,-11.33,-17.95
2026-05-30T01:00:00Z,BRT,-10.34,90.2,970.0,17.14,1,150,0.25882,0.96593,0.53223,-0.8466,-9.76,-11.34,-17.98
2026-05-30T02:00:00Z,BRT,-9.76,90.4,969.3,22.11,2,150,0.5,0.86603,0.53223,-0.8466,-11.7,-11.57,-17.68
2026-05-30T03:00:00Z,BRT,-11.7,87.7,970.6,19.72,3,150,0.70711,0.70711,0.53223,-0.8466,-13.15,-18.15,-18.03
2026-05-30T04:00:00Z,BRT,-13.15,93.3,974.3,17.52,4,150,0.86603,0.5,0.53223,-0.8466,-10.34,-13.21,-17.79
2026-05-30T05:00:00Z,BRT,-10.34,89.9,973.2,23.4,5,150,0.96593,0.25882,0.53223,-0.8466,-11.33,-17.93,-16.43
2026-05-30T06:00:00Z,BRT,-11.33,91.6,974.1,18.82,6,150,1.0,0.0,0.53223,-0.8466,-11.34,-11.75,-17.15
2026-05-30T07:00:00Z,BRT,-11.34,90.9,973.3,18.7,7,150,0.96593,-0.25882,0.53223,-0.8466,-11.57,-12.18,-16.74
2026-05-30T08:00:00Z,BRT,-11.57,95.9,973.6,19.27,8,150,0.86603,-0.5,0.53223,-0.8466,-18.15,-12.83,-15.94
2026-05-30T09:00:00Z,BRT,-18.15,96.6,978.2,17.95,9,150,0.70711,-0.70711,0.53223,-0.8466,-13.21,-11.9,-14.89
2026-05-30T10:00:00Z,BRT,-13.21,87.0,976.4,17.7,10,150,0.5,-0.86603,0.53223,-0.8466,-17.93,-17.35,-15.59
2026-05-30T11:00:00Z,BRT,-17.93,99.0,978.1,16.62,11,150,0.25882,-0.96593,0.53223,-0.8466,-11.75,-18.2,-15.13
2026-05-30T12:00:00Z,BRT,-11.75,91.9,973.2,18.26,12,150,0.0,-1.0,0.53223,-0.8466,-12.18,-18.51,-14.55
2026-05-30T13:00:00Z,BRT,-12.18,95.1,973.8,16.54,13,150,-0.25882,-0.96593,0.53223,-0.8466,-12.83,-18.41,-15.86
2026-05-30T14:00:00Z,BRT,-12.83,88.3,975.6,12.55,14,150,-0.5,-0.86603,0.53223,-0.8466,-11.9,-18.33,-16.7
2026-05-30T15:00:00Z,BRT,-11.9,88.5,976.1,18.45,15,150,-0.70711,-0.70711,0.53223,-0.8466,-17.35,-18.59,-17.89
2026-05-30T16:00:00Z,BRT,-17.35,88.0,978.0,18.25,16,150,-0.86603,-0.5,0.53223,-0.8466,-18.2,-18.42,-17.72
2026-05-30T17:00:00Z,BRT,-18.2,84.2,980.7,15.95,17,150,-0.96593,-0.25882,0.53223,-0.8466,-18.51,-19.81,-18.47
2026-05-30T18:00:00Z,BRT,-18.51,82.1,980.9,14.07,18,150,-1.0,-0.0,0.53223,-0.8466,-18.41,-17.95,-19.49
2026-05-30T19:00:00Z,BRT,-18.41,87.9,978.4,21.0,19,150,-0.96593,0.25882,0.53223,-0.8466,-18.33,-17.98,-19.53
2026-05-30T20:00:00Z,BRT,-18.33,88.3,980.0,21.23,20,150,-0.86603,0.5,0.53223,-0.8466,-18.59,-17.68,-20.37
2026-05-30T21:00:00Z,BRT,-18.59,93.1,979.4,16.55,21,150,-0.70711,0.70711,0.53223,-0.8466,-18.42,-18.03,-19.4
2026-05-30T22:00:00Z,BRT,-18.42,89.6,983.2,15.95,22,150,-0.5,0.86603,0.53223,-0.8466,-19.81,-17.79,-19.84
2026-05-30T23:00:00Z,BRT,-19.81,75.3,984.5,14.35,23,150,-0.25882,0.96593,0.53223,-0.8466,-17.95,-16.43,-19.8
2026-05-31T00:00:00Z,BRT,-17.95,86.3,986.9,15.76,0,151,0.0,1.0,0.51759,-0.85563,-17.98,-17.15,-18.96
2026-05-31T01:00:00Z,BRT,-17.98,84.8,988.5,13.95,1,151,0.25882,0.96593,0.51759,-0.85563,-17.68,-16.74,-18.62
2026-05-31T02:00:00Z,BRT,-17.68,79.8,987.2,15.95,2,151,0.5,0.86603,0.51759,-0.85563,-18.03,-15.94,-17.9
2026-05-31T03:00:00Z,BRT,-18.03,77.9,989.1,14.85,3,151,0.70711,0.70711,0.51759,-0.85563,-17.79,-14.89,-19.06
2026-05-31T04:00:00Z,BRT,-17.79,82.1,988.9,14.85,4,151,0.86603,0.5,0.51759,-0.85563,-16.43,-15.59,-20.21
2026-05-31T05:00:00Z,BRT,-16.43,85.2,987.9,17.75,5,151,0.96593,0.25882,0.51759,-0.85563,-17.15,-15.13,-19.45
2026-05-31T06:00:00Z,BRT,-17.15,74.1,992.8,15.26,6,151,1.0,0.0,0.51759,-0.85563,-16.74,-14.55,-19.85
2026-05-31T07:00:00Z,BRT,-16.74,74.6,994.9,14.29,7,151,0.96593,-0.25882,0.51759,-0.85563,-15.94,-15.86,-20.28
2026-05-31T08:00:00Z,BRT,-15.94,75.1,994.0,13.53,8,151,0.86603,-0.5,0.51759,-0.85563,-14.89,-16.7,-20.23
2026-05-31T09:00:00Z,BRT,-14.89,70.0,996.0,12.93,9,151,0.70711,-0.70711,0.51759,-0.85563,-15.59,-17.89,-20.4
2026-05-31T10:00:00Z,BRT,-15.59,73.5,996.3,10.13,10,151,0.5,-0.86603,0.51759,-0.85563,-15.13,-17.72,-19.96
2026-05-31T11:00:00Z,BRT,-15.13,78.3,995.6,12.03,11,151,0.25882,-0.96593,0.51759,-0.85563,-14.55,-18.47,-19.03
2026-05-31T12:00:00Z,BRT,-14.55,68.9,995.1,9.7,12,151,0.0,-1.0,0.51759,-0.85563,-15.86,-19.49,-18.19
2026-05-31T13:00:00Z,BRT,-15.86,72.0,996.5,13.34,13,151,-0.25882,-0.96593,0.51759,-0.85563,-16.7,-19.53,-18.44
2026-05-31T14:00:00Z,BRT,-16.7,73.4,996.9,12.67,14,151,-0.5,-0.86603,0.51759,-0.85563,-17.89,-20.37,-19.34
2026-05-31T15:00:00Z,BRT,-17.89,76.8,997.7,14.42,15,151,-0.70711,-0.70711,0.51759,-0.85563,-17.72,-19.4,-19.39
2026-05-31T16:00:00Z,BRT,-17.72,67.6,999.7,14.42,16,151,-0.86603,-0.5,0.51759,-0.85563,-18.47,-19.84,-18.93
2026-05-31T17:00:00Z,BRT,-18.47,68.1,1000.8,12.66,17,151,-0.96593,-0.25882,0.51759,-0.85563,-19.49,-19.8,-18.84
2026-05-31T18:00:00Z,BRT,-19.49,75.4,1001.3,11.98,18,151,-1.0,-0.0,0.51759,-0.85563,-19.53,-18.96,-18.17
2026-05-31T19:00:00Z,BRT,-19.53,72.4,1002.5,11.67,19,151,-0.96593,0.25882,0.51759,-0.85563,-20.37,-18.62,-18.89
2026-05-31T20:00:00Z,BRT,-20.37,70.1,1003.1,10.34,20,151,-0.86603,0.5,0.51759,-0.85563,-19.4,-17.9,-19.51
2026-05-31T21:00:00Z,BRT,-19.4,75.9,1003.8,10.44,21,151,-0.70711,0.70711,0.51759,-0.85563,-19.84,-19.06,-18.4
2026-05-31T22:00:00Z,BRT,-19.84,65.2,1006.6,9.7,22,151,-0.5,0.86603,0.51759,-0.85563,-19.8,-20.21,-17.82
2026-05-31T23:00:00Z,BRT,-19.8,64.6,1007.3,8.25,23,151,-0.25882,0.96593,0.51759,-0.85563,-18.96,-19.45,-17.84
2026-06-01T00:00:00Z,BRT,-18.96,65.5,1004.8,9.17,0,152,0.0,1.0,0.50279,-0.86441,-18.62,-19.85,-17.12
2026-06-01T01:00:00Z,BRT,-18.62,66.8,1007.0,7.44,1,152,0.25882,0.96593,0.50279,-0.86441,-17.9,-20.28,-17.66
2026-06-01T02:00:00Z,BRT,-17.9,63.9,1007.2,6.57,2,152,0.5,0.86603,0.50279,-0.86441,-19.06,-20.23,-17.48
2026-06-01T03:00:00Z,BRT,-19.06,56.6,1009.0,6.46,3,152,0.70711,0.70711,0.50279,-0.86441,-20.21,-20.4,-17.4
2026-06-01T04:00:00Z,BRT,-20.21,62.0,1010.5,7.45,4,152,0.86603,0.5,0.50279,-0.86441,-19.45,-19.96,-16.97
2026-06-01T05:00:00Z,BRT,-19.45,61.7,1007.0,11.26,5,152,0.96593,0.25882,0.50279,-0.86441,-19.85,-19.03,-16.54
2026-06-01T06:00:00Z,BRT,-19.85,57.5,1007.7,8.36,6,152,1.0,0.0,0.50279,-0.86441,-20.28,-18.19,-15.01
2026-06-01T07:00:00Z,BRT,-20.28,53.4,1006.4,9.51,7,152,0.96593,-0.25882,0.50279,-0.86441,-20.23,-18.44,-15.65
2026-06-01T08:00:00Z,BRT,-20.23,63.3,1004.9,8.76,8,152,0.86603,-0.5,0.50279,-0.86441,-20.4,-19.34,-14.22
2026-06-01T09:00:00Z,BRT,-20.4,63.4,1006.7,7.96,9,152,0.70711,-0.70711,0.50279,-0.86441,-19.96,-19.39,-14.5
2026-06-01T10:00:00Z,BRT,-19.96,66.8,1005.6,11.72,10,152,0.5,-0.86603,0.50279,-0.86441,-19.03,-18.93,-13.56
2026-06-01T11:00:00Z,BRT,-19.03,70.9,1002.2,10.26,11,152,0.25882,-0.96593,0.50279,-0.86441,-18.19,-18.84,-11.49
2026-06-01T12:00:00Z,BRT,-18.19,60.3,1000.3,8.68,12,152,0.0,-1.0,0.50279,-0.86441,-18.44,-18.17,-11.75
2026-06-01T13:00:00Z,BRT,-18.44,58.4,1004.9,9.44,13,152,-0.25882,-0.96593,0.50279,-0.86441,-19.34,-18.89,-13.01
2026-06-01T14:00:00Z,BRT,-19.34,66.5,1002.6,9.16,14,152,-0.5,-0.86603,0.50279,-0.86441,-19.39,-19.51,-12.1
2026-06-01T15:00:00Z,BRT,-19.39,65.0,1000.6,11.86,15,152,-0.70711,-0.70711,0.50279,-0.86441,-18.93,-18.4,-12.21
2026-06-01T16:00:00Z,BRT,-18.93,63.0,1001.5,10.87,16,152,-0.86603,-0.5,0.50279,-0.86441,-18.84,-17.82,-13.44
2026-06-01T17:00:00Z,BRT,-18.84,73.2,999.8,10.96,17,152,-0.96593,-0.25882,0.50279,-0.86441,-18.17,-17.84,-13.44
2026-06-01T18:00:00Z,BRT,-18.17,69.7,999.0,14.7,18,152,-1.0,-0.0,0.50279,-0.86441,-18.89,-17.12,-13.37
2026-06-01T19:00:00Z,BRT,-18.89,71.4,998.6,10.97,19,152,-0.96593,0.25882,0.50279,-0.86441,-19.51,-17.66,-13.47
2026-06-01T20:00:00Z,BRT,-19.51,68.5,997.8,10.58,20,152,-0.86603,0.5,0.50279,-0.86441,-18.4,-17.48,-14.63
2026-06-01T21:00:00Z,BRT,-18.4,72.5,999.0,11.5,21,152,-0.70711,0.70711,0.50279,-0.86441,-17.82,-17.4,-14.8
2026-06-01T22:00:00Z,BRT,-17.82,67.3,997.7,10.42,22,152,-0.5,0.86603,0.50279,-0.86441,-17.84,-16.97,-15.69
2026-06-01T23:00:00Z,BRT,-17.84,75.0,994.3,12.63,23,152,-0.25882,0.96593,0.50279,-0.86441,-17.12,-16.54,-16.11
2026-06-02T00:00:00Z,BRT,-17.12,72.5,993.7,11.58,0,153,0.0,1.0,0.48785,-0.87293,-17.66,-15.01,-16.73
2026-06-02T01:00:00Z,BRT,-17.66,79.6,995.7,9.65,1,153,0.25882,0.96593,0.48785,-0.87293,-17.48,-15.65,-17.9
2026-06-02T02:00:00Z,BRT,-17.48,72.1,996.6,11.7,2,153,0.5,0.86603,0.48785,-0.87293,-17.4,-14.22,-17.63
2026-06-02T03:00:00Z,BRT,-17.4,77.8,995.3,12.31,3,153,0.70711,0.70711,0.48785,-0.87293,-16.97,-14.5,-16.83
2026-06-02T04:00:00Z,BRT,-16.97,71.5,993.8,11.11,4,153,0.86603,0.5,0.48785,-0.87293,-16.54,-13.56,-16.26
2026-06-02T05:00:00Z,BRT,-16.54,67.2,992.6,14.7,5,153,0.96593,0.25882,0.48785,-0.87293,-15.01,-11.49,-15.85
2026-06-02T06:00:00Z,BRT,-15.01,82.5,994.8,19.74,6,153,1.0,0.0,0.48785,-0.87293,-15.65,-11.75,-15.68
2026-06-02T07:00:00Z,BRT,-15.65,73.1,996.9,14.54,7,153,0.96593,-0.25882,0.48785,-0.87293,-14.22,-13.01,-15.31
2026-06-02T08:00:00Z,BRT,-14.22,83.1,997.3,12.19,8,153,0.86603,-0.5,0.48785,-0.87293,-14.5,-12.1,-17.42
2026-06-02T09:00:00Z,BRT,-14.5,75.7,998.0,12.94,9,153,0.70711,-0.70711,0.48785,-0.87293,-13.56,-12.21,-18.79
2026-06-02T10:00:00Z,BRT,-13.56,71.2,994.6,12.67,10,153,0.5,-0.86603,0.48785,-0.87293,-11.49,-13.44,-18.61
2026-06-02T11:00:00Z,BRT,-11.49,78.4,994.9,11.03,11,153,0.25882,-0.96593,0.48785,-0.87293,-11.75,-13.44,-17.48
2026-06-02T12:00:00Z,BRT,-11.75,70.7,995.9,8.27,12,153,0.0,-1.0,0.48785,-0.87293,-13.01,-13.37,-15.84
2026-06-02T13:00:00Z,BRT,-13.01,68.6,996.9,9.93,13,153,-0.25882,-0.96593,0.48785,-0.87293,-12.1,-13.47,-14.73
2026-06-02T14:00:00Z,BRT,-12.1,81.2,994.8,11.05,14,153,-0.5,-0.86603,0.48785,-0.87293,-12.21,-14.63,-14.94
2026-06-02T15:00:00Z,BRT,-12.21,74.7,994.2,14.61,15,153,-0.70711,-0.70711,0.48785,-0.87293,-13.44,-14.8,-15.19
2026-06-02T16:00:00Z,BRT,-13.44,67.2,995.6,11.34,16,153,-0.86603,-0.5,0.48785,-0.87293,-13.44,-15.69,-14.74
2026-06-02T17:00:00Z,BRT,-13.44,69.6,995.9,11.18,17,153,-0.96593,-0.25882,0.48785,-0.87293,-13.37,-16.11,-13.38
2026-06-02T18:00:00Z,BRT,-13.37,69.8,995.0,16.46,18,153,-1.0,-0.0,0.48785,-0.87293,-13.47,-16.73,-12.23
2026-06-02T19:00:00Z,BRT,-13.47,74.1,997.5,13.18,19,153,-0.96593,0.25882,0.48785,-0.87293,-14.63,-17.9,-12.07
2026-06-02T20:00:00Z,BRT,-14.63,71.5,997.2,14.35,20,153,-0.86603,0.5,0.48785,-0.87293,-14.8,-17.63,-13.06
2026-06-02T21:00:00Z,BRT,-14.8,70.8,994.5,15.27,21,153,-0.70711,0.70711,0.48785,-0.87293,-15.69,-16.83,-13.25
2026-06-02T22:00:00Z,BRT,-15.69,77.9,994.7,12.48,22,153,-0.5,0.86603,0.48785,-0.87293,-16.11,-16.26,-12.22
2026-06-02T23:00:00Z,BRT,-16.11,78.2,994.4,9.29,23,153,-0.25882,0.96593,0.48785,-0.87293,-16.73,-15.85,-13.61
2026-06-03T00:00:00Z,BRT,-16.73,73.4,994.3,12.43,0,154,0.0,1.0,0.47276,-0.88119,-17.9,-15.68,-14.62
2026-06-03T01:00:00Z,BRT,-17.9,80.5,993.0,12.5,1,154,0.25882,0.96593,0.47276,-0.88119,-17.63,-15.31,-11.02
2026-06-03T02:00:00Z,BRT,-17.63,75.8,992.3,10.38,2,154,0.5,0.86603,0.47276,-0.88119,-16.83,-17.42,-15.63
2026-06-03T03:00:00Z,BRT,-16.83,86.1,990.6,13.38,3,154,0.70711,0.70711,0.47276,-0.88119,-16.26,-18.79,-16.86
2026-06-03T04:00:00Z,BRT,-16.26,71.6,989.9,13.82,4,154,0.86603,0.5,0.47276,-0.88119,-15.85,-18.61,-16.81
2026-06-03T05:00:00Z,BRT,-15.85,83.7,989.2,16.06,5,154,0.96593,0.25882,0.47276,-0.88119,-15.68,-17.48,-18.64
2026-06-03T06:00:00Z,BRT,-15.68,84.4,988.5,16.5,6,154,1.0,0.0,0.47276,-0.88119,-15.31,-15.84,-18.11
2026-06-03T07:00:00Z,BRT,-15.31,86.1,987.4,14.92,7,154,0.96593,-0.25882,0.47276,-0.88119,-17.42,-14.73,-16.29
2026-06-03T08:00:00Z,BRT,-17.42,84.6,984.1,13.36,8,154,0.86603,-0.5,0.47276,-0.88119,-18.79,-14.94,-16.16
2026-06-03T09:00:00Z,BRT,-18.79,72.1,982.3,17.12,9,154,0.70711,-0.70711,0.47276,-0.88119,-18.61,-15.19,-16.26
2026-06-03T10:00:00Z,BRT,-18.61,89.6,979.2,12.31,10,154,0.5,-0.86603,0.47276,-0.88119,-17.48,-14.74,-15.37
2026-06-03T11:00:00Z,BRT,-17.48,87.3,981.5,13.64,11,154,0.25882,-0.96593,0.47276,-0.88119,-15.84,-13.38,-11.77
2026-06-03T12:00:00Z,BRT,-15.84,90.5,983.4,15.68,12,154,0.0,-1.0,0.47276,-0.88119,-14.73,-12.23,-17.4
2026-06-03T13:00:00Z,BRT,-14.73,94.0,983.0,15.01,13,154,-0.25882,-0.96593,0.47276,-0.88119,-14.94,-12.07,-11.92
2026-06-03T14:00:00Z,BRT,-14.94,87.1,979.9,18.08,14,154,-0.5,-0.86603,0.47276,-0.88119,-15.19,-13.06,-12.75
2026-06-03T15:00:00Z,BRT,-15.19,91.5,979.6,14.49,15,154,-0.70711,-0.70711,0.47276,-0.88119,-14.74,-13.25,-11.78
2026-06-03T16:00:00Z,BRT,-14.74,90.8,979.0,14.68,16,154,-0.86603,-0.5,0.47276,-0.88119,-13.38,-12.22,-17.24
2026-06-03T17:00:00Z,BRT,-13.38,93.6,981.5,18.39,17,154,-0.96593,-0.25882,0.47276,-0.88119,-12.23,-13.61,-17.39
2026-06-03T18:00:00Z,BRT,-12.23,89.6,982.9,19.1,18,154,-1.0,-0.0,0.47276,-0.88119,-12.07,-14.62,-12.9
2026-06-03T19:00:00Z,BRT,-12.07,87.4,982.9,21.7,19,154,-0.96593,0.25882,0.47276,-0.88119,-13.06,-11.02,-17.73
2026-06-03T20:00:00Z,BRT,-13.06,94.7,982.8,16.95,20,154,-0.86603,0.5,0.47276,-0.88119,-13.25,-15.63,-17.15
2026-06-03T21:00:00Z,BRT,-13.25,81.4,979.8,13.4,21,154,-0.70711,0.70711,0.47276,-0.88119,-12.22,-16.86,-15.77
2026-06-03T22:00:00Z,BRT,-12.22,73.6,982.2,18.29,22,154,-0.5,0.86603,0.47276,-0.88119,-13.61,-16.81,-16.6
2026-06-03T23:00:00Z,BRT,-13.61,92.3,978.9,16.33,23,154,-0.25882,0.96593,0.47276,-0.88119,-14.62,-18.64,-15.96
2026-06-04T00:00:00Z,BRT,-14.62,88.7,979.3,13.21,0,155,0.0,1.0,0.45753,-0.88919,-11.02,-18.11,-16.89
2026-06-04T01:00:00Z,BRT,-11.02,99.0,977.3,15.96,1,155,0.25882,0.96593,0.45753,-0.88919,-15.63,-16.29,-16.55
2026-06-04T02:00:00Z,BRT,-15.63,84.2,978.5,18.22,2,155,0.5,0.86603,0.45753,-0.88919,-16.86,-16.16,-17.32
2026-06-04T03:00:00Z,BRT,-16.86,89.0,983.0,16.23,3,155,0.70711,0.70711,0.45753,-0.88919,-16.81,-16.26,-17.97
2026-06-04T04:00:00Z,BRT,-16.81,87.4,981.2,19.15,4,155,0.86603,0.5,0.45753,-0.88919,-18.64,-15.37,-18.52
2026-06-04T05:00:00Z,BRT,-18.64,79.2,981.1,16.15,5,155,0.96593,0.25882,0.45753,-0.88919,-18.11,-11.77,-19.35
2026-06-04T06:00:00Z,BRT,-18.11,91.5,981.2,17.93,6,155,1.0,0.0,0.45753,-0.88919,-16.29,-17.4,-18.78
2026-06-04T07:00:00Z,BRT,-16.29,87.6,983.0,20.41,7,155,0.96593,-0.25882,0.45753,-0.88919,-16.16,-11.92,-19.28
2026-06-04T08:00:00Z,BRT,-16.16,85.1,983.4,17.89,8,155,0.86603,-0.5,0.45753,-0.88919,-16.26,-12.75,-19.13
2026-06-04T09:00:00Z,BRT,-16.26,87.9,982.0,17.23,9,155,0.70711,-0.70711,0.45753,-0.88919,-15.37,-11.78,-19.17
2026-06-04T10:00:00Z,BRT,-15.37,89.9,979.5,19.64,10,155,0.5,-0.86603,0.45753,-0.88919,-11.77,-17.24,-18.41
2026-06-04T11:00:00Z,BRT,-11.77,89.3,977.5,16.42,11,155,0.25882,-0.96593,0.45753,-0.88919,-17.4,-17.39,-17.75
2026-06-04T12:00:00Z,BRT,-17.4,93.9,979.9,15.66,12,155,0.0,-1.0,0.45753,-0.88919,-11.92,-12.9,-18.56
2026-06-04T13:00:00Z,BRT,-11.92,95.6,977.2,16.0,13,155,-0.25882,-0.96593,0.45753,-0.88919,-12.75,-17.73,-19.31
2026-06-04T14:00:00Z,BRT,-12.75,98.1,977.6,16.62,14,155,-0.5,-0.86603,0.45753,-0.88919,-11.78,-17.15,-19.38
2026-06-04T15:00:00Z,BRT,-11.78,86.0,976.8,18.25,15,155,-0.70711,-0.70711,0.45753,-0.88919,-17.24,-15.77,-19.56
2026-06-04T16:00:00Z,BRT,-17.24,89.4,978.1,17.34,16,155,-0.86603,-0.5,0.45753,-0.88919,-17.39,-16.6,-19.9
2026-06-04T17:00:00Z,BRT,-17.39,83.7,979.4,18.6,17,155,-0.96593,-0.25882,0.45753,-0.88919,-12.9,-15.96,-20.5
2026-06-04T18:00:00Z,BRT,-12.9,88.8,976.5,21.24,18,155,-1.0,-0.0,0.45753,-0.88919,-17.73,-16.89,-20.48
2026-06-04T19:00:00Z,BRT,-17.73,90.0,979.8,18.81,19,155,-0.96593,0.25882,0.45753,-0.88919,-17.15,-16.55,-20.24
2026-06-04T20:00:00Z,BRT,-17.15,92.2,982.5,17.79,20,155,-0.86603,0.5,0.45753,-0.88919,-15.77,-17.32,-20.58
2026-06-04T21:00:00Z,BRT,-15.77,85.7,982.8,15.75,21,155,-0.70711,0.70711,0.45753,-0.88919,-16.6,-17.97,-19.37
2026-06-04T22:00:00Z,BRT,-16.6,81.9,986.6,14.12,22,155,-0.5,0.86603,0.45753,-0.88919,-15.96,-18.52,-18.74
2026-06-04T23:00:00Z,BRT,-15.96,79.1,988.4,15.09,23,155,-0.25882,0.96593,0.45753,-0.88919,-16.89,-19.35,-19.29
2026-06-05T00:00:00Z,BRT,-16.89,87.9,988.2,10.49,0,156,0.0,1.0,0.44217,-0.89693,-16.55,-18.78,-19.18
2026-06-05T01:00:00Z,BRT,-16.55,82.0,990.8,11.73,1,156,0.25882,0.96593,0.44217,-0.89693,-17.32,-19.28,-19.69
2026-06-05T02:00:00Z,BRT,-17.32,66.2,993.9,7.99,2,156,0.5,0.86603,0.44217,-0.89693,-17.97,-19.13,-19.7
2026-06-05T03:00:00Z,BRT,-17.97,72.3,994.4,14.63,3,156,0.70711,0.70711,0.44217,-0.89693,-18.52,-19.17,-19.46
2026-06-05T04:00:00Z,BRT,-18.52,75.7,993.8,13.96,4,156,0.86603,0.5,0.44217,-0.89693,-19.35,-18.41,-19.38
2026-06-05T05:00:00Z,BRT,-19.35,74.0,993.0,12.77,5,156,0.96593,0.25882,0.44217,-0.89693,-18.78,-17.75,-19.43
2026-06-05T06:00:00Z,BRT,-18.78,82.5,991.0,16.36,6,156,1.0,0.0,0.44217,-0.89693,-19.28,-18.56,-18.94
2026-06-05T07:00:00Z,BRT,-19.28,76.2,991.9,14.68,7,156,0.96593,-0.25882,0.44217,-0.89693,-19.13,-19.31,-19.84
2026-06-05T08:00:00Z,BRT,-19.13,75.7,992.3,12.44,8,156,0.86603,-0.5,0.44217,-0.89693,-19.17,-19.38,-19.36
2026-06-05T09:00:00Z,BRT,-19.17,85.8,994.1,14.68,9,156,0.70711,-0.70711,0.44217,-0.89693,-18.41,-19.56,-18.42
2026-06-05T10:00:00Z,BRT,-18.41,69.8,997.2,11.72,10,156,0.5,-0.86603,0.44217,-0.89693,-17.75,-19.9,-18.45
2026-06-05T11:00:00Z,BRT,-17.75,68.4,996.7,16.01,11,156,0.25882,-0.96593,0.44217,-0.89693,-18.56,-20.5,-17.69
2026-06-05T12:00:00Z,BRT,-18.56,70.5,994.3,13.17,12,156,0.0,-1.0,0.44217,-0.89693,-19.31,-20.48,-17.13
2026-06-05T13:00:00Z,BRT,-19.31,72.9,996.3,10.35,13,156,-0.25882,-0.96593,0.44217,-0.89693,-19.38,-20.24,-17.35
2026-06-05T14:00:00Z,BRT,-19.38,67.3,994.1,12.58,14,156,-0.5,-0.86603,0.44217,-0.89693,-19.56,-20.58,-16.41
2026-06-05T15:00:00Z,BRT,-19.56,78.4,992.7,12.26,15,156,-0.70711,-0.70711,0.44217,-0.89693,-19.9,-19.37,-16.3
2026-06-05T16:00:00Z,BRT,-19.9,81.0,992.5,14.96,16,156,-0.86603,-0.5,0.44217,-0.89693,-20.5,-18.74,-15.81
2026-06-05T17:00:00Z,BRT,-20.5,73.0,995.7,11.24,17,156,-0.96593,-0.25882,0.44217,-0.89693,-20.48,-19.29,-15.79
2026-06-05T18:00:00Z,BRT,-20.48,78.4,998.6,8.76,18,156,-1.0,-0.0,0.44217,-0.89693,-20.24,-19.18,-15.49
2026-06-05T19:00:00Z,BRT,-20.24,65.3,1000.5,12.98,19,156,-0.96593,0.25882,0.44217,-0.89693,-20.58,-19.69,-16.53
2026-06-05T20:00:00Z,BRT,-20.58,66.6,1001.5,12.07,20,156,-0.86603,0.5,0.44217,-0.89693,-19.37,-19.7,-17.99
2026-06-05T21:00:00Z,BRT,-19.37,72.4,1000.7,11.72,21,156,-0.70711,0.70711,0.44217,-0.89693,-18.74,-19.46,-17.79
2026-06-05T22:00:00Z,BRT,-18.74,66.6,1003.0,7.14,22,156,-0.5,0.86603,0.44217,-0.89693,-19.29,-19.38,-17.54
2026-06-05T23:00:00Z,BRT,-19.29,73.2,1001.7,7.6,23,156,-0.25882,0.96593,0.44217,-0.89693,-19.18,-19.43,-18.7
2026-06-06T00:00:00Z,BRT,-19.18,67.0,1000.1,6.91,0,157,0.0,1.0,0.42667,-0.90441,-19.69,-18.94,-18.57
2026-06-06T01:00:00Z,BRT,-19.69,64.4,1001.1,7.61,1,157,0.25882,0.96593,0.42667,-0.90441,-19.7,-19.84,-18.86
2026-06-06T02:00:00Z,BRT,-19.7,64.4,1002.8,11.58,2,157,0.5,0.86603,0.42667,-0.90441,-19.46,-19.36,-18.47
2026-06-06T03:00:00Z,BRT,-19.46,69.4,1001.4,10.79,3,157,0.70711,0.70711,0.42667,-0.90441,-19.38,-18.42,-17.8
2026-06-06T04:00:00Z,BRT,-19.38,66.0,1000.7,11.02,4,157,0.86603,0.5,0.42667,-0.90441,-19.43,-18.45,-16.93
2026-06-06T05:00:00Z,BRT,-19.43,70.4,1001.1,11.25,5,157,0.96593,0.25882,0.42667,-0.90441,-18.94,-17.69,-17.51
2026-06-06T06:00:00Z,BRT,-18.94,81.9,998.9,14.77,6,157,1.0,0.0,0.42667,-0.90441,-19.84,-17.13,-17.5
2026-06-06T07:00:00Z,BRT,-19.84,70.0,998.1,11.98,7,157,0.96593,-0.25882,0.42667,-0.90441,-19.36,-17.35,-16.97
2026-06-06T08:00:00Z,BRT,-19.36,76.3,997.2,10.43,8,157,0.86603,-0.5,0.42667,-0.90441,-18.42,-16.41,-16.74
2026-06-06T09:00:00Z,BRT,-18.42,70.1,998.0,10.01,9,157,0.70711,-0.70711,0.42667,-0.90441,-18.45,-16.3,-16.65
2026-06-06T10:00:00Z,BRT,-18.45,64.8,999.9,8.88,10,157,0.5,-0.86603,0.42667,-0.90441,-17.69,-15.81,-17.28
2026-06-06T11:00:00Z,BRT,-17.69,73.4,1001.5,8.25,11,157,0.25882,-0.96593,0.42667,-0.90441,-17.13,-15.79,-16.74
2026-06-06T12:00:00Z,BRT,-17.13,63.7,1000.3,11.67,12,157,0.0,-1.0,0.42667,-0.90441,-17.35,-15.49,-16.7
2026-06-06T13:00:00Z,BRT,-17.35,70.9,1001.3,8.98,13,157,-0.25882,-0.96593,0.42667,-0.90441,-16.41,-16.53,-16.85
2026-06-06T14:00:00Z,BRT,-16.41,76.0,1003.1,8.97,14,157,-0.5,-0.86603,0.42667,-0.90441,-16.3,-17.99,-16.43
2026-06-06T15:00:00Z,BRT,-16.3,75.7,1002.8,9.43,15,157,-0.70711,-0.70711,0.42667,-0.90441,-15.81,-17.79,-17.06
2026-06-06T16:00:00Z,BRT,-15.81,69.7,1003.8,11.41,16,157,-0.86603,-0.5,0.42667,-0.90441,-15.79,-17.54,-17.59
2026-06-06T17:00:00Z,BRT,-15.79,70.0,1003.6,14.41,17,157,-0.96593,-0.25882,0.42667,-0.90441,-15.49,-18.7,-17.78
2026-06-06T18:00:00Z,BRT,-15.49,66.7,1001.1,12.28,18,157,-1.0,-0.0,0.42667,-0.90441,-16.53,-18.57,-18.85
2026-06-06T19:00:00Z,BRT,-16.53,73.8,1000.8,11.07,19,157,-0.96593,0.25882,0.42667,-0.90441,-17.99,-18.86,-19.23
2026-06-06T20:00:00Z,BRT,-17.99,71.9,1000.4,10.33,20,157,-0.86603,0.5,0.42667,-0.90441,-17.79,-18.47,-19.52
2026-06-06T21:00:00Z,BRT,-17.79,71.4,1000.9,11.47,21,157,-0.70711,0.70711,0.42667,-0.90441,-17.54,-17.8,-19.95
2026-06-06T22:00:00Z,BRT,-17.54,73.7,1001.7,13.45,22,157,-0.5,0.86603,0.42667,-0.90441,-18.7,-16.93,-20.75
2026-06-06T23:00:00Z,BRT,-18.7,66.7,998.7,10.41,23,157,-0.25882,0.96593,0.42667,-0.90441,-18.57,-17.51,-20.73
2026-06-07T00:00:00Z,BRT,-18.57,58.2,999.6,10.45,0,158,0.0,1.0,0.41105,-0.91161,-18.86,-17.5,-19.07
2026-06-07T01:00:00Z,BRT,-18.86,71.1,996.1,8.6,1,158,0.25882,0.96593,0.41105,-0.91161,-18.47,-16.97,-19.31
2026-06-07T02:00:00Z,BRT,-18.47,83.0,993.2,17.11,2,158,0.5,0.86603,0.41105,-0.91161,-17.8,-16.74,-19.73
2026-06-07T03:00:00Z,BRT,-17.8,61.2,994.0,13.85,3,158,0.70711,0.70711,0.41105,-0.91161,-16.93,-16.65,-19.99
2026-06-07T04:00:00Z,BRT,-16.93,73.2,993.4,17.78,4,158,0.86603,0.5,0.41105,-0.91161,-17.51,-17.28,-19.96
2026-06-07T05:00:00Z,BRT,-17.51,77.0,992.7,12.72,5,158,0.96593,0.25882,0.41105,-0.91161,-17.5,-16.74,-19.33
2026-06-07T06:00:00Z,BRT,-17.5,70.3,993.1,12.7,6,158,1.0,0.0,0.41105,-0.91161,-16.97,-16.7,-19.09
2026-06-07T07:00:00Z,BRT,-16.97,79.1,994.2,10.92,7,158,0.96593,-0.25882,0.41105,-0.91161,-16.74,-16.85,-17.46
2026-06-07T08:00:00Z,BRT,-16.74,74.9,997.3,15.33,8,158,0.86603,-0.5,0.41105,-0.91161,-16.65,-16.43,-18.54
2026-06-07T09:00:00Z,BRT,-16.65,67.7,1000.4,11.28,9,158,0.70711,-0.70711,0.41105,-0.91161,-17.28,-17.06,-18.6
2026-06-07T10:00:00Z,BRT,-17.28,69.6,996.7,10.55,10,158,0.5,-0.86603,0.41105,-0.91161,-16.74,-17.59,-18.18
2026-06-07T11:00:00Z,BRT,-16.74,70.1,997.0,7.36,11,158,0.25882,-0.96593,0.41105,-0.91161,-16.7,-17.78,-18.06
2026-06-07T12:00:00Z,BRT,-16.7,66.7,998.2,6.47,12,158,0.0,-1.0,0.41105,-0.91161,-16.85,-18.85,-18.59
2026-06-07T13:00:00Z,BRT,-16.85,71.0,999.1,10.54,13,158,-0.25882,-0.96593,0.41105,-0.91161,-16.43,-19.23,-18.06
2026-06-07T14:00:00Z,BRT,-16.43,70.6,998.4,12.04,14,158,-0.5,-0.86603,0.41105,-0.91161,-17.06,-19.52,-18.98
2026-06-07T15:00:00Z,BRT,-17.06,82.0,996.1,15.92,15,158,-0.70711,-0.70711,0.41105,-0.91161,-17.59,-19.95,-18.17
2026-06-07T16:00:00Z,BRT,-17.59,65.8,994.5,13.26,16,158,-0.86603,-0.5,0.41105,-0.91161,-17.78,-20.75,-19.49
2026-06-07T17:00:00Z,BRT,-17.78,72.8,990.9,15.72,17,158,-0.96593,-0.25882,0.41105,-0.91161,-18.85,-20.73,-17.79
2026-06-07T18:00:00Z,BRT,-18.85,74.3,989.4,15.76,18,158,-1.0,-0.0,0.41105,-0.91161,-19.23,-19.07,-19.52
2026-06-07T19:00:00Z,BRT,-19.23,81.1,990.0,13.84,19,158,-0.96593,0.25882,0.41105,-0.91161,-19.52,-19.31,-17.62
2026-06-07T20:00:00Z,BRT,-19.52,85.2,993.3,11.19,20,158,-0.86603,0.5,0.41105,-0.91161,-19.95,-19.73,-18.5
2026-06-07T21:00:00Z,BRT,-19.95,84.2,991.9,10.24,21,158,-0.70711,0.70711,0.41105,-0.91161,-20.75,-19.99,-19.45
2026-06-07T22:00:00Z,BRT,-20.75,77.5,993.1,8.57,22,158,-0.5,0.86603,0.41105,-0.91161,-20.73,-19.96,-13.7
2026-06-07T23:00:00Z,BRT,-20.73,72.5,991.7,13.59,23,158,-0.25882,0.96593,0.41105,-0.91161,-19.07,-19.33,-13.59
2026-06-08T00:00:00Z,BRT,-19.07,79.6,991.1,11.56,0,159,0.0,1.0,0.39531,-0.91855,-19.31,-19.09,-13.2
2026-06-08T01:00:00Z,BRT,-19.31,81.1,990.1,14.51,1,159,0.25882,0.96593,0.39531,-0.91855,-19.73,-17.46,-12.78
2026-06-08T02:00:00Z,BRT,-19.73,77.9,990.1,10.7,2,159,0.5,0.86603,0.39531,-0.91855,-19.99,-18.54,-12.98
2026-06-08T03:00:00Z,BRT,-19.99,77.6,989.5,13.26,3,159,0.70711,0.70711,0.39531,-0.91855,-19.96,-18.6,-12.71
2026-06-08T04:00:00Z,BRT,-19.96,86.4,989.7,17.55,4,159,0.86603,0.5,0.39531,-0.91855,-19.33,-18.18,-12.85
2026-06-08T05:00:00Z,BRT,-19.33,82.4,987.8,18.55,5,159,0.96593,0.25882,0.39531,-0.91855,-19.09,-18.06,-11.6
2026-06-08T06:00:00Z,BRT,-19.09,72.7,988.5,14.73,6,159,1.0,0.0,0.39531,-0.91855,-17.46,-18.59,-10.51
2026-06-08T07:00:00Z,BRT,-17.46,80.5,988.8,18.25,7,159,0.96593,-0.25882,0.39531,-0.91855,-18.54,-18.06,-12.45
2026-06-08T08:00:00Z,BRT,-18.54,84.5,984.8,15.41,8,159,0.86603,-0.5,0.39531,-0.91855,-18.6,-18.98,-11.45
2026-06-08T09:00:00Z,BRT,-18.6,82.8,987.4,15.64,9,159,0.70711,-0.70711,0.39531,-0.91855,-18.18,-18.17,-12.31
2026-06-08T10:00:00Z,BRT,-18.18,95.4,984.4,13.4,10,159,0.5,-0.86603,0.39531,-0.91855,-18.06,-19.49,-10.41
2026-06-08T11:00:00Z,BRT,-18.06,86.7,986.1,15.77,11,159,0.25882,-0.96593,0.39531,-0.91855,-18.59,-17.79,-11.62
2026-06-08T12:00:00Z,BRT,-18.59,79.3,987.8,14.56,12,159,0.0,-1.0,0.39531,-0.91855,-18.06,-19.52,-11.98
2026-06-08T13:00:00Z,BRT,-18.06,83.4,986.4,10.57,13,159,-0.25882,-0.96593,0.39531,-0.91855,-18.98,-17.62,-16.58
2026-06-08T14:00:00Z,BRT,-18.98,84.2,987.3,13.44,14,159,-0.5,-0.86603,0.39531,-0.91855,-18.17,-18.5,-16.97
2026-06-08T15:00:00Z,BRT,-18.17,80.6,986.5,14.96,15,159,-0.70711,-0.70711,0.39531,-0.91855,-19.49,-19.45,-16.76
2026-06-08T16:00:00Z,BRT,-19.49,88.9,982.9,15.46,16,159,-0.86603,-0.5,0.39531,-0.91855,-17.79,-13.7,-17.7
2026-06-08T17:00:00Z,BRT,-17.79,79.8,981.5,17.69,17,159,-0.96593,-0.25882,0.39531,-0.91855,-19.52,-13.59,-17.17
2026-06-08T18:00:00Z,BRT,-19.52,78.2,982.8,14.74,18,159,-1.0,-0.0,0.39531,-0.91855,-17.62,-13.2,-17.65
2026-06-08T19:00:00Z,BRT,-17.62,83.8,981.6,18.64,19,159,-0.96593,0.25882,0.39531,-0.91855,-18.5,-12.78,-17.86
2026-06-08T20:00:00Z,BRT,-18.5,94.1,980.6,16.97,20,159,-0.86603,0.5,0.39531,-0.91855,-19.45,-12.98,-18.06
2026-06-08T21:00:00Z,BRT,-19.45,89.2,979.1,14.8,21,159,-0.70711,0.70711,0.39531,-0.91855,-13.7,-12.71,-16.46
2026-06-08T22:00:00Z,BRT,-13.7,92.3,977.0,16.96,22,159,-0.5,0.86603,0.39531,-0.91855,-13.59,-12.85,-17.13
2026-06-08T23:00:00Z,BRT,-13.59,92.5,976.6,16.79,23,159,-0.25882,0.96593,0.39531,-0.91855,-13.2,-11.6,-18.08
2026-06-09T00:00:00Z,BRT,-13.2,81.6,974.7,14.54,0,160,0.0,1.0,0.37945,-0.92521,-12.78,-10.51,-18.44
2026-06-09T01:00:00Z,BRT,-12.78,87.7,974.7,16.31,1,160,0.25882,0.96593,0.37945,-0.92521,-12.98,-12.45,-17.1
2026-06-09T02:00:00Z,BRT,-12.98,84.5,972.9,17.58,2,160,0.5,0.86603,0.37945,-0.92521,-12.71,-11.45,-16.46
2026-06-09T03:00:00Z,BRT,-12.71,99.0,974.8,19.8,3,160,0.70711,0.70711,0.37945,-0.92521,-12.85,-12.31,-17.64
2026-06-09T04:00:00Z,BRT,-12.85,99.0,973.0,21.5,4,160,0.86603,0.5,0.37945,-0.92521,-11.6,-10.41,-18.38
2026-06-09T05:00:00Z,BRT,-11.6,97.8,972.9,20.83,5,160,0.96593,0.25882,0.37945,-0.92521,-10.51,-11.62,-17.46
2026-06-09T06:00:00Z,BRT,-10.51,97.0,974.6,22.52,6,160,1.0,0.0,0.37945,-0.92521,-12.45,-11.98,-17.61
2026-06-09T07:00:00Z,BRT,-12.45,93.6,975.3,16.5,7,160,0.96593,-0.25882,0.37945,-0.92521,-11.45,-16.58,-18.45
2026-06-09T08:00:00Z,BRT,-11.45,91.4,976.9,19.53,8,160,0.86603,-0.5,0.37945,-0.92521,-12.31,-16.97,-19.28
2026-06-09T09:00:00Z,BRT,-12.31,95.4,977.7,17.06,9,160,0.70711,-0.70711,0.37945,-0.92521,-10.41,-16.76,-20.49
2026-06-09T10:00:00Z,BRT,-10.41,87.5,976.3,20.26,10,160,0.5,-0.86603,0.37945,-0.92521,-11.62,-17.7,-19.97
2026-06-09T11:00:00Z,BRT,-11.62,91.8,977.2,14.13,11,160,0.25882,-0.96593,0.37945,-0.92521,-11.98,-17.17,-20.62
2026-06-09T12:00:00Z,BRT,-11.98,78.8,977.6,13.59,12,160,0.0,-1.0,0.37945,-0.92521,-16.58,-17.65,-21.97
2026-06-09T13:00:00Z,BRT,-16.58,82.9,980.4,15.09,13,160,-0.25882,-0.96593,0.37945,-0.92521,-16.97,-17.86,-22.01
2026-06-09T14:00:00Z,BRT,-16.97,83.1,983.0,17.04,14,160,-0.5,-0.86603,0.37945,-0.92521,-16.76,-18.06,-22.18
2026-06-09T15:00:00Z,BRT,-16.76,86.3,979.4,19.12,15,160,-0.70711,-0.70711,0.37945,-0.92521,-17.7,-16.46,-21.87
2026-06-09T16:00:00Z,BRT,-17.7,85.6,980.8,15.66,16,160,-0.86603,-0.5,0.37945,-0.92521,-17.17,-17.13,-21.68
2026-06-09T17:00:00Z,BRT,-17.17,88.6,980.0,19.67,17,160,-0.96593,-0.25882,0.37945,-0.92521,-17.65,-18.08,-21.13
2026-06-09T18:00:00Z,BRT,-17.65,83.5,979.7,18.31,18,160,-1.0,-0.0,0.37945,-0.92521,-17.86,-18.44,-20.69
2026-06-09T19:00:00Z,BRT,-17.86,87.7,978.9,17.28,19,160,-0.96593,0.25882,0.37945,-0.92521,-18.06,-17.1,-20.45
2026-06-09T20:00:00Z,BRT,-18.06,90.3,979.1,17.64,20,160,-0.86603,0.5,0.37945,-0.92521,-16.46,-16.46,-19.8
2026-06-09T21:00:00Z,BRT,-16.46,82.3,982.0,18.5,21,160,-0.70711,0.70711,0.37945,-0.92521,-17.13,-17.64,-20.59
2026-06-09T22:00:00Z,BRT,-17.13,81.1,983.1,18.32,22,160,-0.5,0.86603,0.37945,-0.92521,-18.08,-18.38,-18.97
2026-06-09T23:00:00Z,BRT,-18.08,99.0,982.8,14.66,23,160,-0.25882,0.96593,0.37945,-0.92521,-18.44,-17.46,-17.94
2026-06-10T00:00:00Z,BRT,-18.44,86.0,983.5,15.93,0,161,0.0,1.0,0.36348,-0.9316,-17.1,-17.61,-18.77
2026-06-10T01:00:00Z,BRT,-17.1,77.8,983.1,15.6,1,161,0.25882,0.96593,0.36348,-0.9316,-16.46,-18.45,-18.88
2026-06-10T02:00:00Z,BRT,-16.46,80.0,984.3,12.02,2,161,0.5,0.86603,0.36348,-0.9316,-17.64,-19.28,-19.49
2026-06-10T03:00:00Z,BRT,-17.64,84.5,984.1,14.73,3,161,0.70711,0.70711,0.36348,-0.9316,-18.38,-20.49,-18.96
2026-06-10T04:00:00Z,BRT,-18.38,85.4,984.2,15.94,4,161,0.86603,0.5,0.36348,-0.9316,-17.46,-19.97,-18.1
2026-06-10T05:00:00Z,BRT,-17.46,89.0,984.0,19.02,5,161,0.96593,0.25882,0.36348,-0.9316,-17.61,-20.62,-18.27
2026-06-10T06:00:00Z,BRT,-17.61,79.0,986.3,17.61,6,161,1.0,0.0,0.36348,-0.9316,-18.45,-21.97,-19.03
2026-06-10T07:00:00Z,BRT,-18.45,81.0,986.0,14.62,7,161,0.96593,-0.25882,0.36348,-0.9316,-19.28,-22.01,-18.56
2026-06-10T08:00:00Z,BRT,-19.28,87.1,985.9,15.38,8,161,0.86603,-0.5,0.36348,-0.9316,-20.49,-22.18,-18.11
2026-06-10T09:00:00Z,BRT,-20.49,83.3,987.7,10.69,9,161,0.70711,-0.70711,0.36348,-0.9316,-19.97,-21.87,-19.02
2026-06-10T10:00:00Z,BRT,-19.97,76.2,991.2,12.91,10,161,0.5,-0.86603,0.36348,-0.9316,-20.62,-21.68,-18.66
2026-06-10T11:00:00Z,BRT,-20.62,82.4,990.8,13.11,11,161,0.25882,-0.96593,0.36348,-0.9316,-21.97,-21.13,-19.79
2026-06-10T12:00:00Z,BRT,-21.97,76.6,991.8,11.24,12,161,0.0,-1.0,0.36348,-0.9316,-22.01,-20.69,-20.86
2026-06-10T13:00:00Z,BRT,-22.01,73.2,994.8,10.24,13,161,-0.25882,-0.96593,0.36348,-0.9316,-22.18,-20.45,-20.9
2026-06-10T14:00:00Z,BRT,-22.18,76.2,994.4,12.58,14,161,-0.5,-0.86603,0.36348,-0.9316,-21.87,-19.8,-22.1
2026-06-10T15:00:00Z,BRT,-21.87,77.6,998.0,12.01,15,161,-0.70711,-0.70711,0.36348,-0.9316,-21.68,-20.59,-21.78
2026-06-10T16:00:00Z,BRT,-21.68,76.1,1000.2,12.22,16,161,-0.86603,-0.5,0.36348,-0.9316,-21.13,-18.97,-21.87
2026-06-10T17:00:00Z,BRT,-21.13,67.8,1003.8,11.17,17,161,-0.96593,-0.25882,0.36348,-0.9316,-20.69,-17.94,-21.76
2026-06-10T18:00:00Z,BRT,-20.69,77.2,1006.7,10.88,18,161,-1.0,-0.0,0.36348,-0.9316,-20.45,-18.77,-21.85
2026-06-10T19:00:00Z,BRT,-20.45,66.0,1007.6,11.15,19,161,-0.96593,0.25882,0.36348,-0.9316,-19.8,-18.88,-23.53
2026-06-10T20:00:00Z,BRT,-19.8,62.3,1007.6,12.4,20,161,-0.86603,0.5,0.36348,-0.9316,-20.59,-19.49,-23.57
2026-06-10T21:00:00Z,BRT,-20.59,66.2,1010.0,7.04,21,161,-0.70711,0.70711,0.36348,-0.9316,-18.97,-18.96,-23.71
2026-06-10T22:00:00Z,BRT,-18.97,57.2,1009.8,11.61,22,161,-0.5,0.86603,0.36348,-0.9316,-17.94,-18.1,-23.09
2026-06-10T23:00:00Z,BRT,-17.94,66.2,1010.8,9.11,23,161,-0.25882,0.96593,0.36348,-0.9316,-18.77,-18.27,-22.84
2026-06-11T00:00:00Z,BRT,-18.77,68.3,1012.7,5.38,0,162,0.0,1.0,0.3474,-0.93772,-18.88,-19.03,-24.46
2026-06-11T01:00:00Z,BRT,-18.88,50.6,1014.8,2.25,1,162,0.25882,0.96593,0.3474,-0.93772,-19.49,-18.56,-23.71
2026-06-11T02:00:00Z,BRT,-19.49,41.5,1013.4,4.09,2,162,0.5,0.86603,0.3474,-0.93772,-18.96,-18.11,-23.44
2026-06-11T03:00:00Z,BRT,-18.96,54.4,1015.0,7.97,3,162,0.70711,0.70711,0.3474,-0.93772,-18.1,-19.02,-23.03
2026-06-11T04:00:00Z,BRT,-18.1,42.2,1017.5,8.01,4,162,0.86603,0.5,0.3474,-0.93772,-18.27,-18.66,-22.54
2026-06-11T05:00:00Z,BRT,-18.27,50.3,1020.0,7.72,5,162,0.96593,0.25882,0.3474,-0.93772,-19.03,-19.79,-22.56
2026-06-11T06:00:00Z,BRT,-19.03,49.5,1019.5,7.69,6,162,1.0,0.0,0.3474,-0.93772,-18.56,-20.86,-21.84
2026-06-11T07:00:00Z,BRT,-18.56,52.7,1018.9,5.6,7,162,0.96593,-0.25882,0.3474,-0.93772,-18.11,-20.9,-22.15
2026-06-11T08:00:00Z,BRT,-18.11,55.5,1020.0,10.28,8,162,0.86603,-0.5,0.3474,-0.93772,-19.02,-22.1,-21.98
2026-06-11T09:00:00Z,BRT,-19.02,51.7,1018.3,2.47,9,162,0.70711,-0.70711,0.3474,-0.93772,-18.66,-21.78,-21.78
2026-06-11T10:00:00Z,BRT,-18.66,46.9,1023.7,5.79,10,162,0.5,-0.86603,0.3474,-0.93772,-19.79,-21.87,-21.21
2026-06-11T11:00:00Z,BRT,-19.79,48.9,1022.6,3.85,11,162,0.25882,-0.96593,0.3474,-0.93772,-20.86,-21.76,-21.58
2026-06-11T12:00:00Z,BRT,-20.86,53.1,1020.7,1.49,12,162,0.0,-1.0,0.3474,-0.93772,-20.9,-21.85,-21.49
2026-06-11T13:00:00Z,BRT,-20.9,50.5,1019.8,3.17,13,162,-0.25882,-0.96593,0.3474,-0.93772,-22.1,-23.53,-20.64
2026-06-11T14:00:00Z,BRT,-22.1,48.4,1019.9,3.59,14,162,-0.5,-0.86603,0.3474,-0.93772,-21.78,-23.57,-20.44
2026-06-11T15:00:00Z,BRT,-21.78,65.8,1017.6,8.55,15,162,-0.70711,-0.70711,0.3474,-0.93772,-21.87,-23.71,-20.27
2026-06-11T16:00:00Z,BRT,-21.87,54.8,1018.8,6.4,16,162,-0.86603,-0.5,0.3474,-0.93772,-21.76,-23.09,-21.87
2026-06-11T17:00:00Z,BRT,-21.76,52.5,1014.4,13.07,17,162,-0.96593,-0.25882,0.3474,-0.93772,-21.85,-22.84,-20.57
2026-06-11T18:00:00Z,BRT,-21.85,56.6,1013.9,3.48,18,162,-1.0,-0.0,0.3474,-0.93772,-23.53,-24.46,-21.34
2026-06-11T19:00:00Z,BRT,-23.53,54.4,1013.3,5.06,19,162,-0.96593,0.25882,0.3474,-0.93772,-23.57,-23.71,-19.95
2026-06-11T20:00:00Z,BRT,-23.57,56.9,1013.8,7.67,20,162,-0.86603,0.5,0.3474,-0.93772,-23.71,-23.44,-19.17
2026-06-11T21:00:00Z,BRT,-23.71,58.1,1011.3,7.8,21,162,-0.70711,0.70711,0.3474,-0.93772,-23.09,-23.03,-19.98
2026-06-11T22:00:00Z,BRT,-23.09,65.2,1011.0,10.65,22,162,-0.5,0.86603,0.3474,-0.93772,-22.84,-22.54,-19.91
2026-06-11T23:00:00Z,BRT,-22.84,69.2,1009.0,6.13,23,162,-0.25882,0.96593,0.3474,-0.93772,-24.46,-22.56,-20.93
2026-06-12T00:00:00Z,BRT,-24.46,55.6,1008.3,10.48,0,163,0.0,1.0,0.33122,-0.94355,-23.71,-21.84,-20.55
2026-06-12T01:00:00Z,BRT,-23.71,66.7,1006.8,8.96,1,163,0.25882,0.96593,0.33122,-0.94355,-23.44,-22.15,-19.57
2026-06-12T02:00:00Z,BRT,-23.44,72.1,1006.0,11.31,2,163,0.5,0.86603,0.33122,-0.94355,-23.03,-21.98,-19.32
2026-06-12T03:00:00Z,BRT,-23.03,58.3,1004.8,11.24,3,163,0.70711,0.70711,0.33122,-0.94355,-22.54,-21.78,-19.03
2026-06-12T04:00:00Z,BRT,-22.54,63.5,1003.4,12.52,4,163,0.86603,0.5,0.33122,-0.94355,-22.56,-21.21,-19.41
2026-06-12T05:00:00Z,BRT,-22.56,64.5,1003.1,10.99,5,163,0.96593,0.25882,0.33122,-0.94355,-21.84,-21.58,-19.75
2026-06-12T06:00:00Z,BRT,-21.84,70.4,1001.6,10.94,6,163,1.0,0.0,0.33122,-0.94355,-22.15,-21.49,-20.48
2026-06-12T07:00:00Z,BRT,-22.15,69.8,1001.5,12.13,7,163,0.96593,-0.25882,0.33122,-0.94355,-21.98,-20.64,-19.71
2026-06-12T08:00:00Z,BRT,-21.98,72.6,998.7,11.6,8,163,0.86603,-0.5,0.33122,-0.94355,-21.78,-20.44,-19.73
2026-06-12T09:00:00Z,BRT,-21.78,58.9,1000.1,11.48,9,163,0.70711,-0.70711,0.33122,-0.94355,-21.21,-20.27,-18.6
2026-06-12T10:00:00Z,BRT,-21.21,66.5,997.7,9.46,10,163,0.5,-0.86603,0.33122,-0.94355,-21.58,-21.87,-19.6
2026-06-12T11:00:00Z,BRT,-21.58,68.8,998.8,7.9,11,163,0.25882,-0.96593,0.33122,-0.94355,-21.49,-20.57,-19.46
2026-06-12T12:00:00Z,BRT,-21.49,78.3,997.9,11.62,12,163,0.0,-1.0,0.33122,-0.94355,-20.64,-21.34,-19.93
2026-06-12T13:00:00Z,BRT,-20.64,75.4,998.2,9.42,13,163,-0.25882,-0.96593,0.33122,-0.94355,-20.44,-19.95,-20.21
2026-06-12T14:00:00Z,BRT,-20.44,68.9,993.8,14.28,14,163,-0.5,-0.86603,0.33122,-0.94355,-20.27,-19.17,-20.91
2026-06-12T15:00:00Z,BRT,-20.27,84.0,990.8,10.17,15,163,-0.70711,-0.70711,0.33122,-0.94355,-21.87,-19.98,-21.44
2026-06-12T16:00:00Z,BRT,-21.87,80.2,991.3,12.08,16,163,-0.86603,-0.5,0.33122,-0.94355,-20.57,-19.91,-22.92
2026-06-12T17:00:00Z,BRT,-20.57,84.6,990.3,19.26,17,163,-0.96593,-0.25882,0.33122,-0.94355,-21.34,-20.93,-22.11
2026-06-12T18:00:00Z,BRT,-21.34,71.8,989.1,11.84,18,163,-1.0,-0.0,0.33122,-0.94355,-19.95,-20.55,-22.26
2026-06-12T19:00:00Z,BRT,-19.95,71.9,992.2,17.24,19,163,-0.96593,0.25882,0.33122,-0.94355,-19.17,-19.57,-22.41
2026-06-12T20:00:00Z,BRT,-19.17,74.2,991.3,13.97,20,163,-0.86603,0.5,0.33122,-0.94355,-19.98,-19.32,-21.87
2026-06-12T21:00:00Z,BRT,-19.98,74.4,991.4,14.25,21,163,-0.70711,0.70711,0.33122,-0.94355,-19.91,-19.03,-20.9
2026-06-12T22:00:00Z,BRT,-19.91,81.3,990.3,12.03,22,163,-0.5,0.86603,0.33122,-0.94355,-20.93,-19.41,-20.17
2026-06-12T23:00:00Z,BRT,-20.93,71.3,991.1,12.33,23,163,-0.25882,0.96593,0.33122,-0.94355,-20.55,-19.75,-20.51
2026-06-13T00:00:00Z,BRT,-20.55,71.5,992.3,11.01,0,164,0.0,1.0,0.31494,-0.94911,-19.57,-20.48,-21.12
2026-06-13T01:00:00Z,BRT,-19.57,73.9,994.9,11.35,1,164,0.25882,0.96593,0.31494,-0.94911,-19.32,-19.71,-21.08
2026-06-13T02:00:00Z,BRT,-19.32,80.2,996.8,9.74,2,164,0.5,0.86603,0.31494,-0.94911,-19.03,-19.73,-20.7
2026-06-13T03:00:00Z,BRT,-19.03,65.8,995.9,11.02,3,164,0.70711,0.70711,0.31494,-0.94911,-19.41,-18.6,-21.17
2026-06-13T04:00:00Z,BRT,-19.41,81.8,996.7,13.65,4,164,0.86603,0.5,0.31494,-0.94911,-19.75,-19.6,-20.98
2026-06-13T05:00:00Z,BRT,-19.75,70.4,994.3,14.42,5,164,0.96593,0.25882,0.31494,-0.94911,-20.48,-19.46,-19.96
2026-06-13T06:00:00Z,BRT,-20.48,80.6,991.1,12.71,6,164,1.0,0.0,0.31494,-0.94911,-19.71,-19.93,-19.05
2026-06-13T07:00:00Z,BRT,-19.71,71.4,990.8,14.42,7,164,0.96593,-0.25882,0.31494,-0.94911,-19.73,-20.21,-19.7
2026-06-13T08:00:00Z,BRT,-19.73,69.5,989.7,14.28,8,164,0.86603,-0.5,0.31494,-0.94911,-18.6,-20.91,-19.34
2026-06-13T09:00:00Z,BRT,-18.6,78.2,989.0,13.51,9,164,0.70711,-0.70711,0.31494,-0.94911,-19.6,-21.44,-20.39
2026-06-13T10:00:00Z,BRT,-19.6,77.8,989.0,15.9,10,164,0.5,-0.86603,0.31494,-0.94911,-19.46,-22.92,-19.03
2026-06-13T11:00:00Z,BRT,-19.46,88.1,986.5,17.66,11,164,0.25882,-0.96593,0.31494,-0.94911,-19.93,-22.11,-19.1
2026-06-13T12:00:00Z,BRT,-19.93,80.8,985.3,8.46,12,164,0.0,-1.0,0.31494,-0.94911,-20.21,-22.26,-20.24
2026-06-13T13:00:00Z,BRT,-20.21,80.6,990.9,11.19,13,164,-0.25882,-0.96593,0.31494,-0.94911,-20.91,-22.41,-19.03
2026-06-13T14:00:00Z,BRT,-20.91,73.7,990.6,16.35,14,164,-0.5,-0.86603,0.31494,-0.94911,-21.44,-21.87,-20.6
2026-06-13T15:00:00Z,BRT,-21.44,77.5,991.9,16.76,15,164,-0.70711,-0.70711,0.31494,-0.94911,-22.92,-20.9,-20.63
2026-06-13T16:00:00Z,BRT,-22.92,84.6,992.0,12.62,16,164,-0.86603,-0.5,0.31494,-0.94911,-22.11,-20.17,-21.96
2026-06-13T17:00:00Z,BRT,-22.11,78.1,992.3,15.16,17,164,-0.96593,-0.25882,0.31494,-0.94911,-22.26,-20.51,-21.28
2026-06-13T18:00:00Z,BRT,-22.26,71.9,992.0,15.1,18,164,-1.0,-0.0,0.31494,-0.94911,-22.41,-21.12,-22.19
2026-06-13T19:00:00Z,BRT,-22.41,76.3,991.5,14.45,19,164,-0.96593,0.25882,0.31494,-0.94911,-21.87,-21.08,-22.66
2026-06-13T20:00:00Z,BRT,-21.87,73.7,990.7,14.04,20,164,-0.86603,0.5,0.31494,-0.94911,-20.9,-20.7,-23.33
2026-06-13T21:00:00Z,BRT,-20.9,75.1,989.1,12.94,21,164,-0.70711,0.70711,0.31494,-0.94911,-20.17,-21.17,-21.97
2026-06-13T22:00:00Z,BRT,-20.17,71.3,989.4,14.08,22,164,-0.5,0.86603,0.31494,-0.94911,-20.51,-20.98,-16.78
2026-06-13T23:00:00Z,BRT,-20.51,78.4,990.7,10.15,23,164,-0.25882,0.96593,0.31494,-0.94911,-21.12,-19.96,-18.27
2026-06-14T00:00:00Z,BRT,-21.12,70.7,991.2,12.35,0,165,0.0,1.0,0.29857,-0.95439,-21.08,-19.05,-20.78
2026-06-14T01:00:00Z,BRT,-21.08,76.6,993.3,10.24,1,165,0.25882,0.96593,0.29857,-0.95439,-20.7,-19.7,-20.82
2026-06-14T02:00:00Z,BRT,-20.7,77.1,991.2,15.05,2,165,0.5,0.86603,0.29857,-0.95439,-21.17,-19.34,-20.43
2026-06-14T03:00:00Z,BRT,-21.17,72.0,991.2,16.18,3,165,0.70711,0.70711,0.29857,-0.95439,-20.98,-20.39,-18.5
2026-06-14T04:00:00Z,BRT,-20.98,81.1,989.0,16.38,4,165,0.86603,0.5,0.29857,-0.95439,-19.96,-19.03,-19.91
2026-06-14T05:00:00Z,BRT,-19.96,78.1,988.7,15.49,5,165,0.96593,0.25882,0.29857,-0.95439,-19.05,-19.1,-20.94
2026-06-14T06:00:00Z,BRT,-19.05,82.1,985.6,18.41,6,165,1.0,0.0,0.29857,-0.95439,-19.7,-20.24,-21.41
2026-06-14T07:00:00Z,BRT,-19.7,87.8,982.0,14.03,7,165,0.96593,-0.25882,0.29857,-0.95439,-19.34,-19.03,-21.66
2026-06-14T08:00:00Z,BRT,-19.34,89.7,981.5,13.88,8,165,0.86603,-0.5,0.29857,-0.95439,-20.39,-20.6,-21.37
2026-06-14T09:00:00Z,BRT,-20.39,87.2,980.4,15.14,9,165,0.70711,-0.70711,0.29857,-0.95439,-19.03,-20.63,-15.86
2026-06-14T10:00:00Z,BRT,-19.03,77.3,980.6,16.98,10,165,0.5,-0.86603,0.29857,-0.95439,-19.1,-21.96,-21.21
2026-06-14T11:00:00Z,BRT,-19.1,84.2,981.6,18.44,11,165,0.25882,-0.96593,0.29857,-0.95439,-20.24,-21.28,-21.6
2026-06-14T12:00:00Z,BRT,-20.24,88.9,979.2,11.76,12,165,0.0,-1.0,0.29857,-0.95439,-19.03,-22.19,-21.75
2026-06-14T13:00:00Z,BRT,-19.03,88.8,979.1,14.7,13,165,-0.25882,-0.96593,0.29857,-0.95439,-20.6,-22.66,-22.11
2026-06-14T14:00:00Z,BRT,-20.6,88.0,981.6,13.14,14,165,-0.5,-0.86603,0.29857,-0.95439,-20.63,-23.33,-22.32
2026-06-14T15:00:00Z,BRT,-20.63,77.3,983.3,18.91,15,165,-0.70711,-0.70711,0.29857,-0.95439,-21.96,-21.97,-23.72
2026-06-14T16:00:00Z,BRT,-21.96,87.5,983.5,17.51,16,165,-0.86603,-0.5,0.29857,-0.95439,-21.28,-16.78,-22.62
2026-06-14T17:00:00Z,BRT,-21.28,92.5,981.7,18.46,17,165,-0.96593,-0.25882,0.29857,-0.95439,-22.19,-18.27,-24.0
2026-06-14T18:00:00Z,BRT,-22.19,85.0,982.4,17.92,18,165,-1.0,-0.0,0.29857,-0.95439,-22.66,-20.78,-22.83
2026-06-14T19:00:00Z,BRT,-22.66,82.4,982.0,17.29,19,165,-0.96593,0.25882,0.29857,-0.95439,-23.33,-20.82,-22.44
2026-06-14T20:00:00Z,BRT,-23.33,86.7,980.3,16.06,20,165,-0.86603,0.5,0.29857,-0.95439,-21.97,-20.43,-22.61
2026-06-14T21:00:00Z,BRT,-21.97,83.2,980.1,14.4,21,165,-0.70711,0.70711,0.29857,-0.95439,-16.78,-18.5,-21.98
2026-06-14T22:00:00Z,BRT,-16.78,82.6,976.5,18.69,22,165,-0.5,0.86603,0.29857,-0.95439,-18.27,-19.91,-21.05
2026-06-14T23:00:00Z,BRT,-18.27,78.7,977.6,12.12,23,165,-0.25882,0.96593,0.29857,-0.95439,-20.78,-20.94,-20.76
2026-06-15T00:00:00Z,BRT,-20.78,91.2,978.6,14.42,0,166,0.0,1.0,0.28211,-0.95938,-20.82,-21.41,-20.87
2026-06-15T01:00:00Z,BRT,-20.82,90.5,980.7,13.02,1,166,0.25882,0.96593,0.28211,-0.95938,-20.43,-21.66,-21.41
2026-06-15T02:00:00Z,BRT,-20.43,90.4,981.1,14.02,2,166,0.5,0.86603,0.28211,-0.95938,-18.5,-21.37,-21.76
2026-06-15T03:00:00Z,BRT,-18.5,86.5,981.4,19.73,3,166,0.70711,0.70711,0.28211,-0.95938,-19.91,-15.86,-22.79
2026-06-15T04:00:00Z,BRT,-19.91,82.6,984.5,16.06,4,166,0.86603,0.5,0.28211,-0.95938,-20.94,-21.21,-21.29
2026-06-15T05:00:00Z,BRT,-20.94,75.5,986.5,15.41,5,166,0.96593,0.25882,0.28211,-0.95938,-21.41,-21.6,-22.16
2026-06-15T06:00:00Z,BRT,-21.41,88.4,984.0,15.6,6,166,1.0,0.0,0.28211,-0.95938,-21.66,-21.75,-21.38
2026-06-15T07:00:00Z,BRT,-21.66,85.9,980.9,14.97,7,166,0.96593,-0.25882,0.28211,-0.95938,-21.37,-22.11,-19.76
2026-06-15T08:00:00Z,BRT,-21.37,73.1,979.1,15.9,8,166,0.86603,-0.5,0.28211,-0.95938,-15.86,-22.32,-20.66
2026-06-15T09:00:00Z,BRT,-15.86,86.1,977.7,17.69,9,166,0.70711,-0.70711,0.28211,-0.95938,-21.21,-23.72,-20.65
2026-06-15T10:00:00Z,BRT,-21.21,89.9,982.7,13.86,10,166,0.5,-0.86603,0.28211,-0.95938,-21.6,-22.62,-20.24
2026-06-15T11:00:00Z,BRT,-21.6,85.6,985.7,13.79,11,166,0.25882,-0.96593,0.28211,-0.95938,-21.75,-24.0,-20.64
2026-06-15T12:00:00Z,BRT,-21.75,89.3,986.1,11.33,12,166,0.0,-1.0,0.28211,-0.95938,-22.11,-22.83,-19.56
2026-06-15T13:00:00Z,BRT,-22.11,77.7,986.4,16.1,13,166,-0.25882,-0.96593,0.28211,-0.95938,-22.32,-22.44,-19.51
2026-06-15T14:00:00Z,BRT,-22.32,74.0,988.8,16.75,14,166,-0.5,-0.86603,0.28211,-0.95938,-23.72,-22.61,-20.41
2026-06-15T15:00:00Z,BRT,-23.72,87.1,987.0,14.95,15,166,-0.70711,-0.70711,0.28211,-0.95938,-22.62,-21.98,-20.2
2026-06-15T16:00:00Z,BRT,-22.62,83.0,988.5,17.49,16,166,-0.86603,-0.5,0.28211,-0.95938,-24.0,-21.05,-19.41
2026-06-15T17:00:00Z,BRT,-24.0,78.7,992.0,11.48,17,166,-0.96593,-0.25882,0.28211,-0.95938,-22.83,-20.76,-19.1
2026-06-15T18:00:00Z,BRT,-22.83,84.0,992.0,15.16,18,166,-1.0,-0.0,0.28211,-0.95938,-22.44,-20.87,-19.8
2026-06-15T19:00:00Z,BRT,-22.44,71.8,995.2,10.26,19,166,-0.96593,0.25882,0.28211,-0.95938,-22.61,-21.41,-19.3
2026-06-15T20:00:00Z,BRT,-22.61,70.9,998.9,17.22,20,166,-0.86603,0.5,0.28211,-0.95938,-21.98,-21.76,-19.28
2026-06-15T21:00:00Z,BRT,-21.98,68.9,1000.3,14.0,21,166,-0.70711,0.70711,0.28211,-0.95938,-21.05,-22.79,-19.96
2026-06-15T22:00:00Z,BRT,-21.05,70.1,1001.4,11.9,22,166,-0.5,0.86603,0.28211,-0.95938,-20.76,-21.29,-19.79
2026-06-15T23:00:00Z,BRT,-20.76,68.5,1003.5,9.21,23,166,-0.25882,0.96593,0.28211,-0.95938,-20.87,-22.16,-20.38
2026-06-16T00:00:00Z,BRT,-20.87,71.6,999.9,6.68,0,167,0.0,1.0,0.26556,-0.96409,-21.41,-21.38,-20.23
2026-06-16T01:00:00Z,BRT,-21.41,76.0,1002.4,10.64,1,167,0.25882,0.96593,0.26556,-0.96409,-21.76,-19.76,-19.79
2026-06-16T02:00:00Z,BRT,-21.76,71.2,1004.1,15.41,2,167,0.5,0.86603,0.26556,-0.96409,-22.79,-20.66,-20.61
2026-06-16T03:00:00Z,BRT,-22.79,67.5,1005.2,15.48,3,167,0.70711,0.70711,0.26556,-0.96409,-21.29,-20.65,-20.74
2026-06-16T04:00:00Z,BRT,-21.29,62.2,1007.5,8.16,4,167,0.86603,0.5,0.26556,-0.96409,-22.16,-20.24,-21.78
2026-06-16T05:00:00Z,BRT,-22.16,50.7,1011.8,9.17,5,167,0.96593,0.25882,0.26556,-0.96409,-21.38,-20.64,-20.21
2026-06-16T06:00:00Z,BRT,-21.38,60.5,1010.2,8.88,6,167,1.0,0.0,0.26556,-0.96409,-19.76,-19.56,-20.91
2026-06-16T07:00:00Z,BRT,-19.76,60.0,1008.1,8.48,7,167,0.96593,-0.25882,0.26556,-0.96409,-20.66,-19.51,-20.96
2026-06-16T08:00:00Z,BRT,-20.66,63.8,1007.3,11.98,8,167,0.86603,-0.5,0.26556,-0.96409,-20.65,-20.41,-21.52
2026-06-16T09:00:00Z,BRT,-20.65,55.8,1007.0,10.98,9,167,0.70711,-0.70711,0.26556,-0.96409,-20.24,-20.2,-22.16
2026-06-16T10:00:00Z,BRT,-20.24,60.6,1007.0,10.96,10,167,0.5,-0.86603,0.26556,-0.96409,-20.64,-19.41,-23.13
2026-06-16T11:00:00Z,BRT,-20.64,66.2,1007.7,8.34,11,167,0.25882,-0.96593,0.26556,-0.96409,-19.56,-19.1,-23.8
2026-06-16T12:00:00Z,BRT,-19.56,65.8,1006.1,5.34,12,167,0.0,-1.0,0.26556,-0.96409,-19.51,-19.8,-23.35
2026-06-16T13:00:00Z,BRT,-19.51,65.3,1008.3,7.3,13,167,-0.25882,-0.96593,0.26556,-0.96409,-20.41,-19.3,-21.77
2026-06-16T14:00:00Z,BRT,-20.41,62.1,1006.9,6.34,14,167,-0.5,-0.86603,0.26556,-0.96409,-20.2,-19.28,-21.8
2026-06-16T15:00:00Z,BRT,-20.2,64.2,1004.4,13.02,15,167,-0.70711,-0.70711,0.26556,-0.96409,-19.41,-19.96,-20.96
2026-06-16T16:00:00Z,BRT,-19.41,70.5,1007.3,8.6,16,167,-0.86603,-0.5,0.26556,-0.96409,-19.1,-19.79,-20.77
2026-06-16T17:00:00Z,BRT,-19.1,59.1,1006.6,7.29,17,167,-0.96593,-0.25882,0.26556,-0.96409,-19.8,-20.38,-20.35
2026-06-16T18:00:00Z,BRT,-19.8,63.6,1010.8,11.72,18,167,-1.0,-0.0,0.26556,-0.96409,-19.3,-20.23,-19.8
2026-06-16T19:00:00Z,BRT,-19.3,61.0,1010.4,10.95,19,167,-0.96593,0.25882,0.26556,-0.96409,-19.28,-19.79,-19.52
2026-06-16T20:00:00Z,BRT,-19.28,63.0,1008.1,8.66,20,167,-0.86603,0.5,0.26556,-0.96409,-19.96,-20.61,-18.75
2026-06-16T21:00:00Z,BRT,-19.96,60.9,1010.2,6.34,21,167,-0.70711,0.70711,0.26556,-0.96409,-19.79,-20.74,-11.09
2026-06-16T22:00:00Z,BRT,-19.79,55.4,1011.0,11.23,22,167,-0.5,0.86603,0.26556,-0.96409,-20.38,-21.78,-10.51
2026-06-16T23:00:00Z,BRT,-20.38,57.6,1010.0,6.62,23,167,-0.25882,0.96593,0.26556,-0.96409,-20.23,-20.21,-12.4
2026-06-17T00:00:00Z,BRT,-20.23,53.8,1009.8,6.26,0,168,0.0,1.0,0.24894,-0.96852,-19.79,-20.91,-13.51
2026-06-17T01:00:00Z,BRT,-19.79,63.4,1009.3,6.74,1,168,0.25882,0.96593,0.24894,-0.96852,-20.61,-20.96,-12.7
2026-06-17T02:00:00Z,BRT,-20.61,50.4,1011.8,10.57,2,168,0.5,0.86603,0.24894,-0.96852,-20.74,-21.52,-11.03
2026-06-17T03:00:00Z,BRT,-20.74,57.4,1009.8,8.05,3,168,0.70711,0.70711,0.24894,-0.96852,-21.78,-22.16,-12.26
2026-06-17T04:00:00Z,BRT,-21.78,49.4,1011.3,10.42,4,168,0.86603,0.5,0.24894,-0.96852,-20.21,-23.13,-11.11
2026-06-17T05:00:00Z,BRT,-20.21,57.1,1009.5,10.33,5,168,0.96593,0.25882,0.24894,-0.96852,-20.91,-23.8,-9.9
2026-06-17T06:00:00Z,BRT,-20.91,66.8,1006.2,8.27,6,168,1.0,0.0,0.24894,-0.96852,-20.96,-23.35,-10.1
2026-06-17T07:00:00Z,BRT,-20.96,51.9,1005.1,7.76,7,168,0.96593,-0.25882,0.24894,-0.96852,-21.52,-21.77,-9.55
2026-06-17T08:00:00Z,BRT,-21.52,65.0,1003.9,10.83,8,168,0.86603,-0.5,0.24894,-0.96852,-22.16,-21.8,-10.6
2026-06-17T09:00:00Z,BRT,-22.16,69.0,1001.7,13.15,9,168,0.70711,-0.70711,0.24894,-0.96852,-23.13,-20.96,-10.22
2026-06-17T10:00:00Z,BRT,-23.13,72.7,1000.3,9.28,10,168,0.5,-0.86603,0.24894,-0.96852,-23.8,-20.77,-11.81
2026-06-17T11:00:00Z,BRT,-23.8,70.5,999.4,9.22,11,168,0.25882,-0.96593,0.24894,-0.96852,-23.35,-20.35,-12.18
2026-06-17T12:00:00Z,BRT,-23.35,74.6,995.8,9.74,12,168,0.0,-1.0,0.24894,-0.96852,-21.77,-19.8,-7.34
2026-06-17T13:00:00Z,BRT,-21.77,79.4,998.2,10.05,13,168,-0.25882,-0.96593,0.24894,-0.96852,-21.8,-19.52,-12.35
2026-06-17T14:00:00Z,BRT,-21.8,78.2,996.4,10.49,14,168,-0.5,-0.86603,0.24894,-0.96852,-20.96,-18.75,-10.28
2026-06-17T15:00:00Z,BRT,-20.96,80.5,992.9,14.87,15,168,-0.70711,-0.70711,0.24894,-0.96852,-20.77,-11.09,-11.22
2026-06-17T16:00:00Z,BRT,-20.77,77.8,992.4,12.32,16,168,-0.86603,-0.5,0.24894,-0.96852,-20.35,-10.51,-12.27
2026-06-17T17:00:00Z,BRT,-20.35,65.3,991.9,13.57,17,168,-0.96593,-0.25882,0.24894,-0.96852,-19.8,-12.4,-11.67
2026-06-17T18:00:00Z,BRT,-19.8,77.3,992.9,14.1,18,168,-1.0,-0.0,0.24894,-0.96852,-19.52,-13.51,-13.66
2026-06-17T19:00:00Z,BRT,-19.52,78.4,992.3,12.26,19,168,-0.96593,0.25882,0.24894,-0.96852,-18.75,-12.7,-13.33
2026-06-17T20:00:00Z,BRT,-18.75,80.0,991.5,16.16,20,168,-0.86603,0.5,0.24894,-0.96852,-11.09,-11.03,-14.69
2026-06-17T21:00:00Z,BRT,-11.09,90.4,990.6,44.0,21,168,-0.70711,0.70711,0.24894,-0.96852,-10.51,-12.26,-13.86
2026-06-17T22:00:00Z,BRT,-10.51,87.8,988.2,43.42,22,168,-0.5,0.86603,0.24894,-0.96852,-12.4,-11.11,-15.64
2026-06-17T23:00:00Z,BRT,-12.4,87.2,985.3,39.39,23,168,-0.25882,0.96593,0.24894,-0.96852,-13.51,-9.9,-16.18
2026-06-18T00:00:00Z,BRT,-13.51,81.4,986.6,38.34,0,169,0.0,1.0,0.23224,-0.97266,-12.7,-10.1,-15.36
2026-06-18T01:00:00Z,BRT,-12.7,86.3,984.1,40.32,1,169,0.25882,0.96593,0.23224,-0.97266,-11.03,-9.55,-14.18
2026-06-18T02:00:00Z,BRT,-11.03,94.8,982.4,45.75,2,169,0.5,0.86603,0.23224,-0.97266,-12.26,-10.6,-12.75
2026-06-18T03:00:00Z,BRT,-12.26,92.1,980.0,42.61,3,169,0.70711,0.70711,0.23224,-0.97266,-11.11,-10.22,-14.06
2026-06-18T04:00:00Z,BRT,-11.11,94.2,982.3,41.13,4,169,0.86603,0.5,0.23224,-0.97266,-9.9,-11.81,-14.19
2026-06-18T05:00:00Z,BRT,-9.9,86.0,982.0,41.91,5,169,0.96593,0.25882,0.23224,-0.97266,-10.1,-12.18,-13.73
2026-06-18T06:00:00Z,BRT,-10.1,92.8,979.2,42.35,6,169,1.0,0.0,0.23224,-0.97266,-9.55,-7.34,-13.52
2026-06-18T07:00:00Z,BRT,-9.55,90.1,980.3,45.28,7,169,0.96593,-0.25882,0.23224,-0.97266,-10.6,-12.35,-13.31
2026-06-18T08:00:00Z,BRT,-10.6,90.8,983.4,42.41,8,169,0.86603,-0.5,0.23224,-0.97266,-10.22,-10.28,-15.3
2026-06-18T09:00:00Z,BRT,-10.22,90.3,981.3,45.48,9,169,0.70711,-0.70711,0.23224,-0.97266,-11.81,-11.22,-14.29
2026-06-18T10:00:00Z,BRT,-11.81,99.0,980.0,41.81,10,169,0.5,-0.86603,0.23224,-0.97266,-12.18,-12.27,-14.9
2026-06-18T11:00:00Z,BRT,-12.18,89.8,978.1,39.74,11,169,0.25882,-0.96593,0.23224,-0.97266,-7.34,-11.67,-14.82
2026-06-18T12:00:00Z,BRT,-7.34,96.1,977.3,41.01,12,169,0.0,-1.0,0.23224,-0.97266,-12.35,-13.66,-20.78
2026-06-18T13:00:00Z,BRT,-12.35,92.1,978.6,42.79,13,169,-0.25882,-0.96593,0.23224,-0.97266,-10.28,-13.33,-20.58
2026-06-18T14:00:00Z,BRT,-10.28,91.6,980.6,48.89,14,169,-0.5,-0.86603,0.23224,-0.97266,-11.22,-14.69,-15.16
2026-06-18T15:00:00Z,BRT,-11.22,89.1,982.5,43.36,15,169,-0.70711,-0.70711,0.23224,-0.97266,-12.27,-13.86,-14.9
2026-06-18T16:00:00Z,BRT,-12.27,92.6,984.1,41.06,16,169,-0.86603,-0.5,0.23224,-0.97266,-11.67,-15.64,-13.72
2026-06-18T17:00:00Z,BRT,-11.67,82.2,984.3,45.19,17,169,-0.96593,-0.25882,0.23224,-0.97266,-13.66,-16.18,-15.44
2026-06-18T18:00:00Z,BRT,-13.66,95.7,985.8,42.66,18,169,-1.0,-0.0,0.23224,-0.97266,-13.33,-15.36,-14.57
2026-06-18T19:00:00Z,BRT,-13.33,86.9,988.2,42.32,19,169,-0.96593,0.25882,0.23224,-0.97266,-14.69,-14.18,-14.29
2026-06-18T20:00:00Z,BRT,-14.69,86.9,989.4,41.05,20,169,-0.86603,0.5,0.23224,-0.97266,-13.86,-12.75,-14.02
2026-06-18T21:00:00Z,BRT,-13.86,84.2,991.5,43.32,21,169,-0.70711,0.70711,0.23224,-0.97266,-15.64,-14.06,-12.82
2026-06-18T22:00:00Z,BRT,-15.64,80.4,991.7,38.29,22,169,-0.5,0.86603,0.23224,-0.97266,-16.18,-14.19,-13.2
2026-06-18T23:00:00Z,BRT,-16.18,86.9,990.0,37.27,23,169,-0.25882,0.96593,0.23224,-0.97266,-15.36,-13.73,-13.43
2026-06-19T00:00:00Z,BRT,-15.36,85.7,987.7,38.35,0,170,0.0,1.0,0.21548,-0.97651,-14.18,-13.52,-17.39
2026-06-19T01:00:00Z,BRT,-14.18,88.4,989.0,40.28,1,170,0.25882,0.96593,0.21548,-0.97651,-12.75,-13.31,-12.94
2026-06-19T02:00:00Z,BRT,-12.75,85.3,987.7,40.95,2,170,0.5,0.86603,0.21548,-0.97651,-14.06,-15.3,-17.18
2026-06-19T03:00:00Z,BRT,-14.06,87.9,987.8,41.27,3,170,0.70711,0.70711,0.21548,-0.97651,-14.19,-14.29,-16.94
2026-06-19T04:00:00Z,BRT,-14.19,94.2,987.0,41.19,4,170,0.86603,0.5,0.21548,-0.97651,-13.73,-14.9,-18.59
2026-06-19T05:00:00Z,BRT,-13.73,89.5,989.7,40.8,5,170,0.96593,0.25882,0.21548,-0.97651,-13.52,-14.82,-17.97
2026-06-19T06:00:00Z,BRT,-13.52,86.5,987.6,42.07,6,170,1.0,0.0,0.21548,-0.97651,-13.31,-20.78,-18.09
2026-06-19T07:00:00Z,BRT,-13.31,97.0,987.5,41.96,7,170,0.96593,-0.25882,0.21548,-0.97651,-15.3,-20.58,-18.75
2026-06-19T08:00:00Z,BRT,-15.3,82.6,989.3,38.32,8,170,0.86603,-0.5,0.21548,-0.97651,-14.29,-15.16,-18.82
2026-06-19T09:00:00Z,BRT,-14.29,92.9,988.1,44.16,9,170,0.70711,-0.70711,0.21548,-0.97651,-14.9,-14.9,-19.77
2026-06-19T10:00:00Z,BRT,-14.9,91.0,985.3,39.88,10,170,0.5,-0.86603,0.21548,-0.97651,-14.82,-13.72,-19.89
2026-06-19T11:00:00Z,BRT,-14.82,86.2,984.3,42.38,11,170,0.25882,-0.96593,0.21548,-0.97651,-20.78,-15.44,-20.27
2026-06-19T12:00:00Z,BRT,-20.78,89.2,983.1,14.12,12,170,0.0,-1.0,0.21548,-0.97651,-20.58,-14.57,-21.01
2026-06-19T13:00:00Z,BRT,-20.58,78.8,981.2,14.06,13,170,-0.25882,-0.96593,0.21548,-0.97651,-15.16,-14.29,-20.43
2026-06-19T14:00:00Z,BRT,-15.16,88.2,977.8,15.62,14,170,-0.5,-0.86603,0.21548,-0.97651,-14.9,-14.02,-21.5
2026-06-19T15:00:00Z,BRT,-14.9,93.2,975.8,18.34,15,170,-0.70711,-0.70711,0.21548,-0.97651,-13.72,-12.82,-20.8
2026-06-19T16:00:00Z,BRT,-13.72,92.9,975.9,21.08,16,170,-0.86603,-0.5,0.21548,-0.97651,-15.44,-13.2,-20.49
2026-06-19T17:00:00Z,BRT,-15.44,99.0,977.5,17.9,17,170,-0.96593,-0.25882,0.21548,-0.97651,-14.57,-13.43,-20.01
2026-06-19T18:00:00Z,BRT,-14.57,94.0,975.3,17.99,18,170,-1.0,-0.0,0.21548,-0.97651,-14.29,-17.39,-19.75
2026-06-19T19:00:00Z,BRT,-14.29,86.4,974.8,18.0,19,170,-0.96593,0.25882,0.21548,-0.97651,-14.02,-12.94,-19.1
2026-06-19T20:00:00Z,BRT,-14.02,95.9,974.9,19.0,20,170,-0.86603,0.5,0.21548,-0.97651,-12.82,-17.18,-18.85
2026-06-19T21:00:00Z,BRT,-12.82,83.6,973.7,20.26,21,170,-0.70711,0.70711,0.21548,-0.97651,-13.2,-16.94,-20.11
2026-06-19T22:00:00Z,BRT,-13.2,85.6,975.9,15.77,22,170,-0.5,0.86603,0.21548,-0.97651,-13.43,-18.59,-20.84
2026-06-19T23:00:00Z,BRT,-13.43,87.6,977.9,14.46,23,170,-0.25882,0.96593,0.21548,-0.97651,-17.39,-17.97,-21.5
2026-06-20T00:00:00Z,BRT,-17.39,88.0,978.3,16.4,0,171,0.0,1.0,0.19865,-0.98007,-12.94,-18.09,-21.72
2026-06-20T01:00:00Z,BRT,-12.94,89.2,977.8,14.0,1,171,0.25882,0.96593,0.19865,-0.98007,-17.18,-18.75,-22.42
2026-06-20T02:00:00Z,BRT,-17.18,88.2,981.3,16.64,2,171,0.5,0.86603,0.19865,-0.98007,-16.94,-18.82,-21.77
2026-06-20T03:00:00Z,BRT,-16.94,78.3,981.5,22.5,3,171,0.70711,0.70711,0.19865,-0.98007,-18.59,-19.77,-21.66
2026-06-20T04:00:00Z,BRT,-18.59,87.3,983.6,17.0,4,171,0.86603,0.5,0.19865,-0.98007,-17.97,-19.89,-21.55
2026-06-20T05:00:00Z,BRT,-17.97,84.1,984.4,17.02,5,171,0.96593,0.25882,0.19865,-0.98007,-18.09,-20.27,-21.56
2026-06-20T06:00:00Z,BRT,-18.09,91.2,984.0,18.54,6,171,1.0,0.0,0.19865,-0.98007,-18.75,-21.01,-20.72
2026-06-20T07:00:00Z,BRT,-18.75,81.3,985.0,19.24,7,171,0.96593,-0.25882,0.19865,-0.98007,-18.82,-20.43,-22.35
2026-06-20T08:00:00Z,BRT,-18.82,70.1,985.3,14.97,8,171,0.86603,-0.5,0.19865,-0.98007,-19.77,-21.5,-22.22
2026-06-20T09:00:00Z,BRT,-19.77,86.7,983.5,15.32,9,171,0.70711,-0.70711,0.19865,-0.98007,-19.89,-20.8,-20.96
2026-06-20T10:00:00Z,BRT,-19.89,79.5,982.2,15.38,10,171,0.5,-0.86603,0.19865,-0.98007,-20.27,-20.49,-21.14
2026-06-20T11:00:00Z,BRT,-20.27,82.0,984.5,11.41,11,171,0.25882,-0.96593,0.19865,-0.98007,-21.01,-20.01,-21.95
2026-06-20T12:00:00Z,BRT,-21.01,82.4,986.8,13.77,12,171,0.0,-1.0,0.19865,-0.98007,-20.43,-19.75,-21.79
2026-06-20T13:00:00Z,BRT,-20.43,91.3,985.8,14.03,13,171,-0.25882,-0.96593,0.19865,-0.98007,-21.5,-19.1,-20.84
2026-06-20T14:00:00Z,BRT,-21.5,86.1,987.2,15.71,14,171,-0.5,-0.86603,0.19865,-0.98007,-20.8,-18.85,-20.37
2026-06-20T15:00:00Z,BRT,-20.8,80.2,985.4,15.17,15,171,-0.70711,-0.70711,0.19865,-0.98007,-20.49,-20.11,-21.02
2026-06-20T16:00:00Z,BRT,-20.49,81.1,983.9,15.09,16,171,-0.86603,-0.5,0.19865,-0.98007,-20.01,-20.84,-22.06
2026-06-20T17:00:00Z,BRT,-20.01,82.9,987.2,15.03,17,171,-0.96593,-0.25882,0.19865,-0.98007,-19.75,-21.5,-21.96
2026-06-20T18:00:00Z,BRT,-19.75,84.2,987.0,14.61,18,171,-1.0,-0.0,0.19865,-0.98007,-19.1,-21.72,-22.93
2026-06-20T19:00:00Z,BRT,-19.1,78.6,989.3,15.02,19,171,-0.96593,0.25882,0.19865,-0.98007,-18.85,-22.42,-24.24
2026-06-20T20:00:00Z,BRT,-18.85,77.3,990.0,13.47,20,171,-0.86603,0.5,0.19865,-0.98007,-20.11,-21.77,-24.78
2026-06-20T21:00:00Z,BRT,-20.11,75.8,990.1,12.19,21,171,-0.70711,0.70711,0.19865,-0.98007,-20.84,-21.66,-23.5
2026-06-20T22:00:00Z,BRT,-20.84,71.0,992.5,11.88,22,171,-0.5,0.86603,0.19865,-0.98007,-21.5,-21.55,-24.07
2026-06-20T23:00:00Z,BRT,-21.5,72.7,992.8,11.48,23,171,-0.25882,0.96593,0.19865,-0.98007,-21.72,-21.56,-23.53
2026-06-21T00:00:00Z,BRT,-21.72,90.3,992.3,10.57,0,172,0.0,1.0,0.18176,-0.98334,-22.42,-20.72,-23.11
2026-06-21T01:00:00Z,BRT,-22.42,69.4,994.7,7.23,1,172,0.25882,0.96593,0.18176,-0.98334,-21.77,-22.35,-23.32
2026-06-21T02:00:00Z,BRT,-21.77,76.3,997.0,13.59,2,172,0.5,0.86603,0.18176,-0.98334,-21.66,-22.22,-22.55
2026-06-21T03:00:00Z,BRT,-21.66,67.2,998.4,8.14,3,172,0.70711,0.70711,0.18176,-0.98334,-21.55,-20.96,-22.17
2026-06-21T04:00:00Z,BRT,-21.55,78.6,999.2,12.53,4,172,0.86603,0.5,0.18176,-0.98334,-21.56,-21.14,-22.36
2026-06-21T05:00:00Z,BRT,-21.56,78.3,999.0,14.42,5,172,0.96593,0.25882,0.18176,-0.98334,-20.72,-21.95,-22.58
2026-06-21T06:00:00Z,BRT,-20.72,71.5,1000.0,11.6,6,172,1.0,0.0,0.18176,-0.98334,-22.35,-21.79,-23.57
2026-06-21T07:00:00Z,BRT,-22.35,67.1,1000.7,9.4,7,172,0.96593,-0.25882,0.18176,-0.98334,-22.22,-20.84,-24.65
2026-06-21T08:00:00Z,BRT,-22.22,72.6,1002.0,9.13,8,172,0.86603,-0.5,0.18176,-0.98334,-20.96,-20.37,-23.54
2026-06-21T09:00:00Z,BRT,-20.96,71.5,1004.9,10.96,9,172,0.70711,-0.70711,0.18176,-0.98334,-21.14,-21.02,-22.58
2026-06-21T10:00:00Z,BRT,-21.14,74.7,1004.2,10.3,10,172,0.5,-0.86603,0.18176,-0.98334,-21.95,-22.06,-23.18
2026-06-21T11:00:00Z,BRT,-21.95,64.9,1004.0,8.52,11,172,0.25882,-0.96593,0.18176,-0.98334,-21.79,-21.96,-22.84
2026-06-21T12:00:00Z,BRT,-21.79,62.9,1007.4,9.84,12,172,0.0,-1.0,0.18176,-0.98334,-20.84,-22.93,-22.3
2026-06-21T13:00:00Z,BRT,-20.84,65.9,1005.3,5.1,13,172,-0.25882,-0.96593,0.18176,-0.98334,-20.37,-24.24,-23.55
2026-06-21T14:00:00Z,BRT,-20.37,59.2,1004.9,9.75,14,172,-0.5,-0.86603,0.18176,-0.98334,-21.02,-24.78,-21.91
2026-06-21T15:00:00Z,BRT,-21.02,64.0,1004.9,12.09,15,172,-0.70711,-0.70711,0.18176,-0.98334,-22.06,-23.5,-21.94
2026-06-21T16:00:00Z,BRT,-22.06,63.0,1002.9,11.46,16,172,-0.86603,-0.5,0.18176,-0.98334,-21.96,-24.07,-22.3
2026-06-21T17:00:00Z,BRT,-21.96,69.0,1002.7,10.92,17,172,-0.96593,-0.25882,0.18176,-0.98334,-22.93,-23.53,-20.93
2026-06-21T18:00:00Z,BRT,-22.93,66.3,1001.8,12.47,18,172,-1.0,-0.0,0.18176,-0.98334,-24.24,-23.11,-20.29
2026-06-21T19:00:00Z,BRT,-24.24,66.4,1000.9,11.61,19,172,-0.96593,0.25882,0.18176,-0.98334,-24.78,-23.32,-20.79
2026-06-21T20:00:00Z,BRT,-24.78,75.9,1000.5,14.79,20,172,-0.86603,0.5,0.18176,-0.98334,-23.5,-22.55,-21.52
2026-06-21T21:00:00Z,BRT,-23.5,67.8,1003.6,8.13,21,172,-0.70711,0.70711,0.18176,-0.98334,-24.07,-22.17,-20.9
2026-06-21T22:00:00Z,BRT,-24.07,75.2,1004.4,10.15,22,172,-0.5,0.86603,0.18176,-0.98334,-23.53,-22.36,-22.08
2026-06-21T23:00:00Z,BRT,-23.53,62.1,1004.8,7.49,23,172,-0.25882,0.96593,0.18176,-0.98334,-23.11,-22.58,-21.22
2026-06-22T00:00:00Z,BRT,-23.11,58.5,1007.6,5.65,0,173,0.0,1.0,0.16482,-0.98632,-23.32,-23.57,-21.11
2026-06-22T01:00:00Z,BRT,-23.32,59.8,1008.8,10.42,1,173,0.25882,0.96593,0.16482,-0.98632,-22.55,-24.65,-21.44
2026-06-22T02:00:00Z,BRT,-22.55,64.2,1007.9,8.68,2,173,0.5,0.86603,0.16482,-0.98632,-22.17,-23.54,-20.1
2026-06-22T03:00:00Z,BRT,-22.17,61.4,1006.5,7.74,3,173,0.70711,0.70711,0.16482,-0.98632,-22.36,-22.58,-20.91
2026-06-22T04:00:00Z,BRT,-22.36,63.0,1006.4,11.05,4,173,0.86603,0.5,0.16482,-0.98632,-22.58,-23.18,-22.58
2026-06-22T05:00:00Z,BRT,-22.58,64.8,1004.7,11.44,5,173,0.96593,0.25882,0.16482,-0.98632,-23.57,-22.84,-22.14
2026-06-22T06:00:00Z,BRT,-23.57,71.5,1003.8,12.66,6,173,1.0,0.0,0.16482,-0.98632,-24.65,-22.3,-22.39
2026-06-22T07:00:00Z,BRT,-24.65,67.5,1005.2,9.2,7,173,0.96593,-0.25882,0.16482,-0.98632,-23.54,-23.55,-22.69
2026-06-22T08:00:00Z,BRT,-23.54,64.3,1001.0,12.23,8,173,0.86603,-0.5,0.16482,-0.98632,-22.58,-21.91,-20.83
2026-06-22T09:00:00Z,BRT,-22.58,62.6,998.0,10.9,9,173,0.70711,-0.70711,0.16482,-0.98632,-23.18,-21.94,-22.73
2026-06-22T10:00:00Z,BRT,-23.18,69.1,997.2,13.5,10,173,0.5,-0.86603,0.16482,-0.98632,-22.84,-22.3,-23.56
2026-06-22T11:00:00Z,BRT,-22.84,68.3,998.7,12.57,11,173,0.25882,-0.96593,0.16482,-0.98632,-22.3,-20.93,-24.07
2026-06-22T12:00:00Z,BRT,-22.3,73.7,992.8,9.56,12,173,0.0,-1.0,0.16482,-0.98632,-23.55,-20.29,-23.51
2026-06-22T13:00:00Z,BRT,-23.55,85.6,991.5,12.68,13,173,-0.25882,-0.96593,0.16482,-0.98632,-21.91,-20.79,-23.16
2026-06-22T14:00:00Z,BRT,-21.91,79.1,989.8,16.23,14,173,-0.5,-0.86603,0.16482,-0.98632,-21.94,-21.52,-23.86
2026-06-22T15:00:00Z,BRT,-21.94,78.8,989.8,14.92,15,173,-0.70711,-0.70711,0.16482,-0.98632,-22.3,-20.9,-25.68
2026-06-22T16:00:00Z,BRT,-22.3,88.2,990.4,15.64,16,173,-0.86603,-0.5,0.16482,-0.98632,-20.93,-22.08,-25.78
2026-06-22T17:00:00Z,BRT,-20.93,82.9,990.0,17.84,17,173,-0.96593,-0.25882,0.16482,-0.98632,-20.29,-21.22,-25.03
2026-06-22T18:00:00Z,BRT,-20.29,84.9,988.6,18.0,18,173,-1.0,-0.0,0.16482,-0.98632,-20.79,-21.11,-24.86
2026-06-22T19:00:00Z,BRT,-20.79,80.4,987.5,15.0,19,173,-0.96593,0.25882,0.16482,-0.98632,-21.52,-21.44,-24.65
2026-06-22T20:00:00Z,BRT,-21.52,78.0,986.4,13.66,20,173,-0.86603,0.5,0.16482,-0.98632,-20.9,-20.1,-24.46
2026-06-22T21:00:00Z,BRT,-20.9,76.6,983.2,20.91,21,173,-0.70711,0.70711,0.16482,-0.98632,-22.08,-20.91,-23.61
2026-06-22T22:00:00Z,BRT,-22.08,74.8,985.9,14.97,22,173,-0.5,0.86603,0.16482,-0.98632,-21.22,-22.58,-25.69
2026-06-22T23:00:00Z,BRT,-21.22,84.6,987.7,14.43,23,173,-0.25882,0.96593,0.16482,-0.98632,-21.11,-22.14,-25.45
2026-06-23T00:00:00Z,BRT,-21.11,76.9,985.9,13.4,0,174,0.0,1.0,0.14783,-0.98901,-21.44,-22.39,-25.52
2026-06-23T01:00:00Z,BRT,-21.44,81.3,985.9,14.89,1,174,0.25882,0.96593,0.14783,-0.98901,-20.1,-22.69,-26.01
2026-06-23T02:00:00Z,BRT,-20.1,82.7,985.8,16.7,2,174,0.5,0.86603,0.14783,-0.98901,-20.91,-20.83,-25.69
2026-06-23T03:00:00Z,BRT,-20.91,78.2,987.8,14.56,3,174,0.70711,0.70711,0.14783,-0.98901,-22.58,-22.73,-25.82
2026-06-23T04:00:00Z,BRT,-22.58,74.4,985.5,12.16,4,174,0.86603,0.5,0.14783,-0.98901,-22.14,-23.56,-25.18
2026-06-23T05:00:00Z,BRT,-22.14,81.4,984.5,18.9,5,174,0.96593,0.25882,0.14783,-0.98901,-22.39,-24.07,-26.71
2026-06-23T06:00:00Z,BRT,-22.39,77.3,986.3,16.03,6,174,1.0,0.0,0.14783,-0.98901,-22.69,-23.51,-24.91
2026-06-23T07:00:00Z,BRT,-22.69,83.4,983.4,14.78,7,174,0.96593,-0.25882,0.14783,-0.98901,-20.83,-23.16,-24.69
2026-06-23T08:00:00Z,BRT,-20.83,85.1,982.5,20.78,8,174,0.86603,-0.5,0.14783,-0.98901,-22.73,-23.86,-23.74
2026-06-23T09:00:00Z,BRT,-22.73,81.0,982.7,17.25,9,174,0.70711,-0.70711,0.14783,-0.98901,-23.56,-25.68,-24.42
2026-06-23T10:00:00Z,BRT,-23.56,81.6,983.9,17.85,10,174,0.5,-0.86603,0.14783,-0.98901,-24.07,-25.78,-24.11
2026-06-23T11:00:00Z,BRT,-24.07,80.4,986.4,14.28,11,174,0.25882,-0.96593,0.14783,-0.98901,-23.51,-25.03,-23.83
2026-06-23T12:00:00Z,BRT,-23.51,83.5,989.5,10.72,12,174,0.0,-1.0,0.14783,-0.98901,-23.16,-24.86,-24.09
2026-06-23T13:00:00Z,BRT,-23.16,79.5,988.8,10.89,13,174,-0.25882,-0.96593,0.14783,-0.98901,-23.86,-24.65,-23.64
2026-06-23T14:00:00Z,BRT,-23.86,86.6,987.5,12.24,14,174,-0.5,-0.86603,0.14783,-0.98901,-25.68,-24.46,-24.0
2026-06-23T15:00:00Z,BRT,-25.68,80.0,989.1,14.3,15,174,-0.70711,-0.70711,0.14783,-0.98901,-25.78,-23.61,-24.33
2026-06-23T16:00:00Z,BRT,-25.78,84.9,987.6,15.17,16,174,-0.86603,-0.5,0.14783,-0.98901,-25.03,-25.69,-23.16
2026-06-23T17:00:00Z,BRT,-25.03,77.9,989.3,11.68,17,174,-0.96593,-0.25882,0.14783,-0.98901,-24.86,-25.45,-23.1
2026-06-23T18:00:00Z,BRT,-24.86,73.6,989.8,15.41,18,174,-1.0,-0.0,0.14783,-0.98901,-24.65,-25.52,-23.1
2026-06-23T19:00:00Z,BRT,-24.65,82.3,990.5,13.2,19,174,-0.96593,0.25882,0.14783,-0.98901,-24.46,-26.01,-22.96
2026-06-23T20:00:00Z,BRT,-24.46,75.3,990.3,12.86,20,174,-0.86603,0.5,0.14783,-0.98901,-23.61,-25.69,-21.1
2026-06-23T21:00:00Z,BRT,-23.61,84.5,988.3,11.74,21,174,-0.70711,0.70711,0.14783,-0.98901,-25.69,-25.82,-22.16
2026-06-23T22:00:00Z,BRT,-25.69,81.7,989.8,14.74,22,174,-0.5,0.86603,0.14783,-0.98901,-25.45,-25.18,-22.4
2026-06-23T23:00:00Z,BRT,-25.45,78.7,988.4,11.38,23,174,-0.25882,0.96593,0.14783,-0.98901,-25.52,-26.71,-21.62
2026-06-24T00:00:00Z,BRT,-25.52,85.5,987.7,11.8,0,175,0.0,1.0,0.13079,-0.99141,-26.01,-24.91,-21.84
2026-06-24T01:00:00Z,BRT,-26.01,86.9,985.4,13.31,1,175,0.25882,0.96593,0.13079,-0.99141,-25.69,-24.69,-21.72
2026-06-24T02:00:00Z,BRT,-25.69,69.9,984.4,15.54,2,175,0.5,0.86603,0.13079,-0.99141,-25.82,-23.74,-22.4
2026-06-24T03:00:00Z,BRT,-25.82,82.4,984.4,17.41,3,175,0.70711,0.70711,0.13079,-0.99141,-25.18,-24.42,-22.58
2026-06-24T04:00:00Z,BRT,-25.18,77.8,987.4,15.86,4,175,0.86603,0.5,0.13079,-0.99141,-26.71,-24.11,-22.68
2026-06-24T05:00:00Z,BRT,-26.71,76.1,988.5,12.89,5,175,0.96593,0.25882,0.13079,-0.99141,-24.91,-23.83,-23.91
2026-06-24T06:00:00Z,BRT,-24.91,65.2,991.2,12.25,6,175,1.0,0.0,0.13079,-0.99141,-24.69,-24.09,-22.55
2026-06-24T07:00:00Z,BRT,-24.69,69.5,991.0,16.93,7,175,0.96593,-0.25882,0.13079,-0.99141,-23.74,-23.64,-22.79
2026-06-24T08:00:00Z,BRT,-23.74,80.5,989.7,17.11,8,175,0.86603,-0.5,0.13079,-0.99141,-24.42,-24.0,-22.91
2026-06-24T09:00:00Z,BRT,-24.42,74.7,991.3,11.81,9,175,0.70711,-0.70711,0.13079,-0.99141,-24.11,-24.33,-21.76
2026-06-24T10:00:00Z,BRT,-24.11,85.3,988.4,11.69,10,175,0.5,-0.86603,0.13079,-0.99141,-23.83,-23.16,-22.83
2026-06-24T11:00:00Z,BRT,-23.83,77.7,989.5,14.02,11,175,0.25882,-0.96593,0.13079,-0.99141,-24.09,-23.1,-22.24
2026-06-24T12:00:00Z,BRT,-24.09,71.9,990.4,9.57,12,175,0.0,-1.0,0.13079,-0.99141,-23.64,-23.1,-21.67
2026-06-24T13:00:00Z,BRT,-23.64,70.8,992.5,11.14,13,175,-0.25882,-0.96593,0.13079,-0.99141,-24.0,-22.96,-21.52
2026-06-24T14:00:00Z,BRT,-24.0,83.3,993.8,11.55,14,175,-0.5,-0.86603,0.13079,-0.99141,-24.33,-21.1,-21.98
2026-06-24T15:00:00Z,BRT,-24.33,66.9,996.0,13.72,15,175,-0.70711,-0.70711,0.13079,-0.99141,-23.16,-22.16,-21.22
2026-06-24T16:00:00Z,BRT,-23.16,83.4,994.7,13.32,16,175,-0.86603,-0.5,0.13079,-0.99141,-23.1,-22.4,-20.89
2026-06-24T17:00:00Z,BRT,-23.1,73.7,994.4,14.01,17,175,-0.96593,-0.25882,0.13079,-0.99141,-23.1,-21.62,-22.12
2026-06-24T18:00:00Z,BRT,-23.1,79.2,993.5,12.39,18,175,-1.0,-0.0,0.13079,-0.99141,-22.96,-21.84,-21.14
2026-06-24T19:00:00Z,BRT,-22.96,70.7,993.5,15.16,19,175,-0.96593,0.25882,0.13079,-0.99141,-21.1,-21.72,-21.48
2026-06-24T20:00:00Z,BRT,-21.1,78.4,993.9,17.07,20,175,-0.86603,0.5,0.13079,-0.99141,-22.16,-22.4,-21.45
2026-06-24T21:00:00Z,BRT,-22.16,78.9,992.4,11.75,21,175,-0.70711,0.70711,0.13079,-0.99141,-22.4,-22.58,-20.77
2026-06-24T22:00:00Z,BRT,-22.4,82.6,990.8,14.51,22,175,-0.5,0.86603,0.13079,-0.99141,-21.62,-22.68,-20.89
2026-06-24T23:00:00Z,BRT,-21.62,84.2,989.5,13.61,23,175,-0.25882,0.96593,0.13079,-0.99141,-21.84,-23.91,-21.34
2026-06-25T00:00:00Z,BRT,-21.84,73.6,991.8,10.47,0,176,0.0,1.0,0.11372,-0.99351,-21.72,-22.55,-21.01
2026-06-25T01:00:00Z,BRT,-21.72,88.5,988.8,15.32,1,176,0.25882,0.96593,0.11372,-0.99351,-22.4,-22.79,-20.95
2026-06-25T02:00:00Z,BRT,-22.4,85.0,986.6,13.51,2,176,0.5,0.86603,0.11372,-0.99351,-22.58,-22.91,-20.25
2026-06-25T03:00:00Z,BRT,-22.58,82.6,989.7,14.49,3,176,0.70711,0.70711,0.11372,-0.99351,-22.68,-21.76,-20.15
2026-06-25T04:00:00Z,BRT,-22.68,78.2,989.8,14.78,4,176,0.86603,0.5,0.11372,-0.99351,-23.91,-22.83,-18.57
2026-06-25T05:00:00Z,BRT,-23.91,77.3,990.1,12.77,5,176,0.96593,0.25882,0.11372,-0.99351,-22.55,-22.24,-19.98
2026-06-25T06:00:00Z,BRT,-22.55,83.2,989.2,17.13,6,176,1.0,0.0,0.11372,-0.99351,-22.79,-21.67,-18.05
2026-06-25T07:00:00Z,BRT,-22.79,70.4,992.8,15.65,7,176,0.96593,-0.25882,0.11372,-0.99351,-22.91,-21.52,-18.56
2026-06-25T08:00:00Z,BRT,-22.91,79.9,989.5,15.03,8,176,0.86603,-0.5,0.11372,-0.99351,-21.76,-21.98,-17.93
2026-06-25T09:00:00Z,BRT,-21.76,76.8,988.8,18.56,9,176,0.70711,-0.70711,0.11372,-0.99351,-22.83,-21.22,-18.45
2026-06-25T10:00:00Z,BRT,-22.83,90.3,985.6,15.15,10,176,0.5,-0.86603,0.11372,-0.99351,-22.24,-20.89,-19.45
2026-06-25T11:00:00Z,BRT,-22.24,80.7,985.3,14.49,11,176,0.25882,-0.96593,0.11372,-0.99351,-21.67,-22.12,-19.88
2026-06-25T12:00:00Z,BRT,-21.67,75.8,985.7,10.46,12,176,0.0,-1.0,0.11372,-0.99351,-21.52,-21.14,-19.52
2026-06-25T13:00:00Z,BRT,-21.52,77.5,985.5,16.61,13,176,-0.25882,-0.96593,0.11372,-0.99351,-21.98,-21.48,-19.8
2026-06-25T14:00:00Z,BRT,-21.98,78.2,986.5,13.23,14,176,-0.5,-0.86603,0.11372,-0.99351,-21.22,-21.45,-19.03
2026-06-25T15:00:00Z,BRT,-21.22,83.9,984.1,13.75,15,176,-0.70711,-0.70711,0.11372,-0.99351,-20.89,-20.77,-18.43
2026-06-25T16:00:00Z,BRT,-20.89,78.9,986.0,12.08,16,176,-0.86603,-0.5,0.11372,-0.99351,-22.12,-20.89,-18.6
2026-06-25T17:00:00Z,BRT,-22.12,75.9,987.7,12.2,17,176,-0.96593,-0.25882,0.11372,-0.99351,-21.14,-21.34,-19.09
2026-06-25T18:00:00Z,BRT,-21.14,74.8,988.7,18.9,18,176,-1.0,-0.0,0.11372,-0.99351,-21.48,-21.01,-18.67
2026-06-25T19:00:00Z,BRT,-21.48,76.9,988.2,16.28,19,176,-0.96593,0.25882,0.11372,-0.99351,-21.45,-20.95,-19.76
2026-06-25T20:00:00Z,BRT,-21.45,88.1,988.6,13.63,20,176,-0.86603,0.5,0.11372,-0.99351,-20.77,-20.25,-21.4
2026-06-25T21:00:00Z,BRT,-20.77,89.5,987.4,14.3,21,176,-0.70711,0.70711,0.11372,-0.99351,-20.89,-20.15,-19.47
2026-06-25T22:00:00Z,BRT,-20.89,69.9,987.7,13.3,22,176,-0.5,0.86603,0.11372,-0.99351,-21.34,-18.57,-19.98
2026-06-25T23:00:00Z,BRT,-21.34,83.0,988.5,12.59,23,176,-0.25882,0.96593,0.11372,-0.99351,-21.01,-19.98,-19.96
2026-06-26T00:00:00Z,BRT,-21.01,72.0,989.0,13.79,0,177,0.0,1.0,0.09661,-0.99532,-20.95,-18.05,-19.21
2026-06-26T01:00:00Z,BRT,-20.95,83.1,993.4,10.79,1,177,0.25882,0.96593,0.09661,-0.99532,-20.25,-18.56,-18.53
2026-06-26T02:00:00Z,BRT,-20.25,77.1,993.5,11.26,2,177,0.5,0.86603,0.09661,-0.99532,-20.15,-17.93,-18.81
2026-06-26T03:00:00Z,BRT,-20.15,84.3,990.2,14.29,3,177,0.70711,0.70711,0.09661,-0.99532,-18.57,-18.45,-18.6
2026-06-26T04:00:00Z,BRT,-18.57,77.4,992.4,12.32,4,177,0.86603,0.5,0.09661,-0.99532,-19.98,-19.45,-17.41
2026-06-26T05:00:00Z,BRT,-19.98,72.0,994.0,10.5,5,177,0.96593,0.25882,0.09661,-0.99532,-18.05,-19.88,-16.99
2026-06-26T06:00:00Z,BRT,-18.05,74.1,995.2,15.81,6,177,1.0,0.0,0.09661,-0.99532,-18.56,-19.52,-16.18
2026-06-26T07:00:00Z,BRT,-18.56,73.4,997.7,9.83,7,177,0.96593,-0.25882,0.09661,-0.99532,-17.93,-19.8,-16.71
2026-06-26T08:00:00Z,BRT,-17.93,73.1,996.2,15.05,8,177,0.86603,-0.5,0.09661,-0.99532,-18.45,-19.03,-18.13
2026-06-26T09:00:00Z,BRT,-18.45,69.1,995.7,13.46,9,177,0.70711,-0.70711,0.09661,-0.99532,-19.45,-18.43,-18.53
2026-06-26T10:00:00Z,BRT,-19.45,77.3,995.1,12.01,10,177,0.5,-0.86603,0.09661,-0.99532,-19.88,-18.6,-19.1
2026-06-26T11:00:00Z,BRT,-19.88,77.2,996.0,9.52,11,177,0.25882,-0.96593,0.09661,-0.99532,-19.52,-19.09,-19.22
2026-06-26T12:00:00Z,BRT,-19.52,74.7,999.3,7.11,12,177,0.0,-1.0,0.09661,-0.99532,-19.8,-18.67,-19.97
2026-06-26T13:00:00Z,BRT,-19.8,62.0,1000.9,9.58,13,177,-0.25882,-0.96593,0.09661,-0.99532,-19.03,-19.76,-19.47
2026-06-26T14:00:00Z,BRT,-19.03,62.9,1004.2,13.19,14,177,-0.5,-0.86603,0.09661,-0.99532,-18.43,-21.4,-20.22
2026-06-26T15:00:00Z,BRT,-18.43,64.1,1005.3,10.35,15,177,-0.70711,-0.70711,0.09661,-0.99532,-18.6,-19.47,-19.97
2026-06-26T16:00:00Z,BRT,-18.6,56.8,1011.0,7.85,16,177,-0.86603,-0.5,0.09661,-0.99532,-19.09,-19.98,-19.88
2026-06-26T17:00:00Z,BRT,-19.09,58.1,1010.3,9.55,17,177,-0.96593,-0.25882,0.09661,-0.99532,-18.67,-19.96,-19.41
2026-06-26T18:00:00Z,BRT,-18.67,61.5,1010.9,11.16,18,177,-1.0,-0.0,0.09661,-0.99532,-19.76,-19.21,-18.91
2026-06-26T19:00:00Z,BRT,-19.76,55.9,1012.9,7.22,19,177,-0.96593,0.25882,0.09661,-0.99532,-21.4,-18.53,-19.4
2026-06-26T20:00:00Z,BRT,-21.4,67.1,1013.2,7.38,20,177,-0.86603,0.5,0.09661,-0.99532,-19.47,-18.81,-19.6
2026-06-26T21:00:00Z,BRT,-19.47,53.1,1011.9,10.19,21,177,-0.70711,0.70711,0.09661,-0.99532,-19.98,-18.6,-19.2
2026-06-26T22:00:00Z,BRT,-19.98,61.9,1013.2,9.39,22,177,-0.5,0.86603,0.09661,-0.99532,-19.96,-17.41,-19.37
2026-06-26T23:00:00Z,BRT,-19.96,49.6,1015.2,6.78,23,177,-0.25882,0.96593,0.09661,-0.99532,-19.21,-16.99,-19.68
2026-06-27T00:00:00Z,BRT,-19.21,55.3,1014.6,6.7,0,178,0.0,1.0,0.07948,-0.99684,-18.53,-16.18,-19.97
2026-06-27T01:00:00Z,BRT,-18.53,53.3,1014.0,8.05,1,178,0.25882,0.96593,0.07948,-0.99684,-18.81,-16.71,-20.3
2026-06-27T02:00:00Z,BRT,-18.81,54.6,1012.3,7.57,2,178,0.5,0.86603,0.07948,-0.99684,-18.6,-18.13,-20.16
2026-06-27T03:00:00Z,BRT,-18.6,64.1,1014.0,3.94,3,178,0.70711,0.70711,0.07948,-0.99684,-17.41,-18.53,-21.09
2026-06-27T04:00:00Z,BRT,-17.41,53.5,1013.2,9.07,4,178,0.86603,0.5,0.07948,-0.99684,-16.99,-19.1,-22.93
2026-06-27T05:00:00Z,BRT,-16.99,53.4,1013.9,8.16,5,178,0.96593,0.25882,0.07948,-0.99684,-16.18,-19.22,-23.35
2026-06-27T06:00:00Z,BRT,-16.18,48.1,1016.0,5.94,6,178,1.0,0.0,0.07948,-0.99684,-16.71,-19.97,-21.81
2026-06-27T07:00:00Z,BRT,-16.71,55.8,1015.6,8.17,7,178,0.96593,-0.25882,0.07948,-0.99684,-18.13,-19.47,-21.26
2026-06-27T08:00:00Z,BRT,-18.13,56.6,1015.3,10.44,8,178,0.86603,-0.5,0.07948,-0.99684,-18.53,-20.22,-22.45
2026-06-27T09:00:00Z,BRT,-18.53,52.7,1012.0,9.43,9,178,0.70711,-0.70711,0.07948,-0.99684,-19.1,-19.97,-22.46
2026-06-27T10:00:00Z,BRT,-19.1,63.3,1010.3,5.06,10,178,0.5,-0.86603,0.07948,-0.99684,-19.22,-19.88,-22.01
2026-06-27T11:00:00Z,BRT,-19.22,51.3,1011.3,4.59,11,178,0.25882,-0.96593,0.07948,-0.99684,-19.97,-19.41,-22.46
2026-06-27T12:00:00Z,BRT,-19.97,49.2,1012.5,5.13,12,178,0.0,-1.0,0.07948,-0.99684,-19.47,-18.91,-22.77
2026-06-27T13:00:00Z,BRT,-19.47,60.7,1013.1,6.03,13,178,-0.25882,-0.96593,0.07948,-0.99684,-20.22,-19.4,-22.64
2026-06-27T14:00:00Z,BRT,-20.22,54.3,1013.3,6.41,14,178,-0.5,-0.86603,0.07948,-0.99684,-19.97,-19.6,-22.27
2026-06-27T15:00:00Z,BRT,-19.97,58.3,1014.7,7.26,15,178,-0.70711,-0.70711,0.07948,-0.99684,-19.88,-19.2,-22.92
2026-06-27T16:00:00Z,BRT,-19.88,62.9,1015.7,10.25,16,178,-0.86603,-0.5,0.07948,-0.99684,-19.41,-19.37,-23.31
2026-06-27T17:00:00Z,BRT,-19.41,61.4,1014.5,11.88,17,178,-0.96593,-0.25882,0.07948,-0.99684,-18.91,-19.68,-22.81
2026-06-27T18:00:00Z,BRT,-18.91,61.3,1012.7,9.37,18,178,-1.0,-0.0,0.07948,-0.99684,-19.4,-19.97,-22.41
2026-06-27T19:00:00Z,BRT,-19.4,56.1,1010.5,8.64,19,178,-0.96593,0.25882,0.07948,-0.99684,-19.6,-20.3,-20.44
2026-06-27T20:00:00Z,BRT,-19.6,55.0,1010.2,8.53,20,178,-0.86603,0.5,0.07948,-0.99684,-19.2,-20.16,-22.46
2026-06-27T21:00:00Z,BRT,-19.2,70.1,1007.7,10.41,21,178,-0.70711,0.70711,0.07948,-0.99684,-19.37,-21.09,-21.58
2026-06-27T22:00:00Z,BRT,-19.37,64.0,1005.8,10.57,22,178,-0.5,0.86603,0.07948,-0.99684,-19.68,-22.93,-20.85
2026-06-27T23:00:00Z,BRT,-19.68,72.7,1002.5,8.59,23,178,-0.25882,0.96593,0.07948,-0.99684,-19.97,-23.35,-15.74
2026-06-28T00:00:00Z,BRT,-19.97,59.2,1001.3,9.49,0,179,0.0,1.0,0.06232,-0.99806,-20.3,-21.81,-18.55
2026-06-28T01:00:00Z,BRT,-20.3,65.9,997.3,9.79,1,179,0.25882,0.96593,0.06232,-0.99806,-20.16,-21.26,-19.53
2026-06-28T02:00:00Z,BRT,-20.16,73.5,996.0,13.9,2,179,0.5,0.86603,0.06232,-0.99806,-21.09,-22.45,-19.54
2026-06-28T03:00:00Z,BRT,-21.09,72.9,993.6,15.11,3,179,0.70711,0.70711,0.06232,-0.99806,-22.93,-22.46,-20.53
2026-06-28T04:00:00Z,BRT,-22.93,69.4,994.3,15.5,4,179,0.86603,0.5,0.06232,-0.99806,-23.35,-22.01,-20.94
2026-06-28T05:00:00Z,BRT,-23.35,75.2,991.1,11.12,5,179,0.96593,0.25882,0.06232,-0.99806,-21.81,-22.46,-21.69
2026-06-28T06:00:00Z,BRT,-21.81,77.9,993.8,13.68,6,179,1.0,0.0,0.06232,-0.99806,-21.26,-22.77,-20.0
2026-06-28T07:00:00Z,BRT,-21.26,76.6,990.2,12.87,7,179,0.96593,-0.25882,0.06232,-0.99806,-22.45,-22.64,-19.88
2026-06-28T08:00:00Z,BRT,-22.45,73.1,988.3,14.19,8,179,0.86603,-0.5,0.06232,-0.99806,-22.46,-22.27,-21.78
2026-06-28T09:00:00Z,BRT,-22.46,71.9,988.5,13.97,9,179,0.70711,-0.70711,0.06232,-0.99806,-22.01,-22.92,-19.85
2026-06-28T10:00:00Z,BRT,-22.01,85.3,986.7,12.51,10,179,0.5,-0.86603,0.06232,-0.99806,-22.46,-23.31,-20.29
2026-06-28T11:00:00Z,BRT,-22.46,83.4,983.8,12.75,11,179,0.25882,-0.96593,0.06232,-0.99806,-22.77,-22.81,-19.99
2026-06-28T12:00:00Z,BRT,-22.77,83.3,985.7,13.61,12,179,0.0,-1.0,0.06232,-0.99806,-22.64,-22.41,-19.44
2026-06-28T13:00:00Z,BRT,-22.64,86.0,984.7,14.94,13,179,-0.25882,-0.96593,0.06232,-0.99806,-22.27,-20.44,-19.62
2026-06-28T14:00:00Z,BRT,-22.27,86.9,984.0,16.47,14,179,-0.5,-0.86603,0.06232,-0.99806,-22.92,-22.46,-20.29
2026-06-28T15:00:00Z,BRT,-22.92,89.6,983.1,18.58,15,179,-0.70711,-0.70711,0.06232,-0.99806,-23.31,-21.58,-20.51
2026-06-28T16:00:00Z,BRT,-23.31,80.9,981.8,14.29,16,179,-0.86603,-0.5,0.06232,-0.99806,-22.81,-20.85,-21.85
2026-06-28T17:00:00Z,BRT,-22.81,88.2,981.9,19.84,17,179,-0.96593,-0.25882,0.06232,-0.99806,-22.41,-15.74,-21.9
2026-06-28T18:00:00Z,BRT,-22.41,82.6,981.9,18.16,18,179,-1.0,-0.0,0.06232,-0.99806,-20.44,-18.55,-21.27
2026-06-28T19:00:00Z,BRT,-20.44,81.2,980.7,20.05,19,179,-0.96593,0.25882,0.06232,-0.99806,-22.46,-19.53,-19.55
2026-06-28T20:00:00Z,BRT,-22.46,93.2,980.3,17.64,20,179,-0.86603,0.5,0.06232,-0.99806,-21.58,-19.54,-20.33
2026-06-28T21:00:00Z,BRT,-21.58,85.0,979.9,19.01,21,179,-0.70711,0.70711,0.06232,-0.99806,-20.85,-20.53,-20.48
2026-06-28T22:00:00Z,BRT,-20.85,87.7,981.1,18.24,22,179,-0.5,0.86603,0.06232,-0.99806,-15.74,-20.94,-20.55
2026-06-28T23:00:00Z,BRT,-15.74,87.2,977.2,15.73,23,179,-0.25882,0.96593,0.06232,-0.99806,-18.55,-21.69,-18.49
2026-06-29T00:00:00Z,BRT,-18.55,89.6,981.0,11.65,0,180,0.0,1.0,0.04514,-0.99898,-19.53,-20.0,-20.01
2026-06-29T01:00:00Z,BRT,-19.53,89.7,982.6,12.77,1,180,0.25882,0.96593,0.04514,-0.99898,-19.54,-19.88,-20.28
2026-06-29T02:00:00Z,BRT,-19.54,81.4,983.0,15.47,2,180,0.5,0.86603,0.04514,-0.99898,-20.53,-21.78,-20.02
2026-06-29T03:00:00Z,BRT,-20.53,92.3,982.1,14.91,3,180,0.70711,0.70711,0.04514,-0.99898,-20.94,-19.85,-21.0
2026-06-29T04:00:00Z,BRT,-20.94,87.7,981.3,16.75,4,180,0.86603,0.5,0.04514,-0.99898,-21.69,-20.29,-20.59
2026-06-29T05:00:00Z,BRT,-21.69,90.1,978.5,16.1,5,180,0.96593,0.25882,0.04514,-0.99898,-20.0,-19.99,-20.5
2026-06-29T06:00:00Z,BRT,-20.0,87.6,980.8,18.65,6,180,1.0,0.0,0.04514,-0.99898,-19.88,-19.44,-21.08
2026-06-29T07:00:00Z,BRT,-19.88,86.3,984.1,17.64,7,180,0.96593,-0.25882,0.04514,-0.99898,-21.78,-19.62,-21.5
2026-06-29T08:00:00Z,BRT,-21.78,77.8,985.9,14.45,8,180,0.86603,-0.5,0.04514,-0.99898,-19.85,-20.29,-21.29
2026-06-29T09:00:00Z,BRT,-19.85,78.8,988.3,17.23,9,180,0.70711,-0.70711,0.04514,-0.99898,-20.29,-20.51,-20.68
2026-06-29T10:00:00Z,BRT,-20.29,91.8,989.1,17.62,10,180,0.5,-0.86603,0.04514,-0.99898,-19.99,-21.85,-20.51
2026-06-29T11:00:00Z,BRT,-19.99,79.9,989.4,14.85,11,180,0.25882,-0.96593,0.04514,-0.99898,-19.44,-21.9,-21.63
2026-06-29T12:00:00Z,BRT,-19.44,72.5,988.7,13.06,12,180,0.0,-1.0,0.04514,-0.99898,-19.62,-21.27,-21.66
2026-06-29T13:00:00Z,BRT,-19.62,76.1,988.5,13.36,13,180,-0.25882,-0.96593,0.04514,-0.99898,-20.29,-19.55,-20.77
2026-06-29T14:00:00Z,BRT,-20.29,78.9,987.5,17.49,14,180,-0.5,-0.86603,0.04514,-0.99898,-20.51,-20.33,-21.0
2026-06-29T15:00:00Z,BRT,-20.51,77.0,987.2,16.8,15,180,-0.70711,-0.70711,0.04514,-0.99898,-21.85,-20.48,-21.62
2026-06-29T16:00:00Z,BRT,-21.85,80.9,985.1,12.73,16,180,-0.86603,-0.5,0.04514,-0.99898,-21.9,-20.55,-22.45
2026-06-29T17:00:00Z,BRT,-21.9,84.5,986.4,16.74,17,180,-0.96593,-0.25882,0.04514,-0.99898,-21.27,-18.49,-21.38
2026-06-29T18:00:00Z,BRT,-21.27,86.9,986.9,14.55,18,180,-1.0,-0.0,0.04514,-0.99898,-19.55,-20.01,-21.48
2026-06-29T19:00:00Z,BRT,-19.55,83.6,989.0,15.21,19,180,-0.96593,0.25882,0.04514,-0.99898,-20.33,-20.28,-20.72
2026-06-29T20:00:00Z,BRT,-20.33,77.9,990.4,10.28,20,180,-0.86603,0.5,0.04514,-0.99898,-20.48,-20.02,-19.98
2026-06-29T21:00:00Z,BRT,-20.48,72.4,991.1,16.43,21,180,-0.70711,0.70711,0.04514,-0.99898,-20.55,-21.0,-19.6
2026-06-29T22:00:00Z,BRT,-20.55,74.6,990.9,9.48,22,180,-0.5,0.86603,0.04514,-0.99898,-18.49,-20.59,-20.42
2026-06-29T23:00:00Z,BRT,-18.49,81.9,991.8,10.15,23,180,-0.25882,0.96593,0.04514,-0.99898,-20.01,-20.5,-19.23
2026-06-30T00:00:00Z,BRT,-20.01,80.5,992.5,15.91,0,181,0.0,1.0,0.02795,-0.99961,-20.28,-21.08,-19.76
2026-06-30T01:00:00Z,BRT,-20.28,76.5,992.2,12.81,1,181,0.25882,0.96593,0.02795,-0.99961,-20.02,-21.5,-18.97
2026-06-30T02:00:00Z,BRT,-20.02,82.6,991.1,11.46,2,181,0.5,0.86603,0.02795,-0.99961,-21.0,-21.29,-19.09
2026-06-30T03:00:00Z,BRT,-21.0,63.7,989.5,11.66,3,181,0.70711,0.70711,0.02795,-0.99961,-20.59,-20.68,-19.02
2026-06-30T04:00:00Z,BRT,-20.59,83.6,989.5,15.1,4,181,0.86603,0.5,0.02795,-0.99961,-20.5,-20.51,-18.09
2026-06-30T05:00:00Z,BRT,-20.5,70.8,990.2,15.06,5,181,0.96593,0.25882,0.02795,-0.99961,-21.08,-21.63,-18.2
2026-06-30T06:00:00Z,BRT,-21.08,70.1,991.5,12.95,6,181,1.0,0.0,0.02795,-0.99961,-21.5,-21.66,-19.72
2026-06-30T07:00:00Z,BRT,-21.5,70.4,992.0,14.43,7,181,0.96593,-0.25882,0.02795,-0.99961,-21.29,-20.77,-19.68
2026-06-30T08:00:00Z,BRT,-21.29,71.8,990.9,15.57,8,181,0.86603,-0.5,0.02795,-0.99961,-20.68,-21.0,-20.41
2026-06-30T09:00:00Z,BRT,-20.68,76.7,989.5,12.75,9,181,0.70711,-0.70711,0.02795,-0.99961,-20.51,-21.62,-20.64
2026-06-30T10:00:00Z,BRT,-20.51,81.6,989.5,17.15,10,181,0.5,-0.86603,0.02795,-0.99961,-21.63,-22.45,-21.64
2026-06-30T11:00:00Z,BRT,-21.63,74.8,993.0,10.75,11,181,0.25882,-0.96593,0.02795,-0.99961,-21.66,-21.38,-22.36
2026-06-30T12:00:00Z,BRT,-21.66,80.2,990.9,11.25,12,181,0.0,-1.0,0.02795,-0.99961,-20.77,-21.48,-22.27
2026-06-30T13:00:00Z,BRT,-20.77,66.8,992.2,11.36,13,181,-0.25882,-0.96593,0.02795,-0.99961,-21.0,-20.72,-21.71
2026-06-30T14:00:00Z,BRT,-21.0,90.8,988.6,13.79,14,181,-0.5,-0.86603,0.02795,-0.99961,-21.62,-19.98,-20.89
2026-06-30T15:00:00Z,BRT,-21.62,82.7,989.0,13.24,15,181,-0.70711,-0.70711,0.02795,-0.99961,-22.45,-19.6,-21.9
2026-06-30T16:00:00Z,BRT,-22.45,70.7,988.3,13.52,16,181,-0.86603,-0.5,0.02795,-0.99961,-21.38,-20.42,-21.65
2026-06-30T17:00:00Z,BRT,-21.38,84.8,984.5,16.31,17,181,-0.96593,-0.25882,0.02795,-0.99961,-21.48,-19.23,-22.29
2026-06-30T18:00:00Z,BRT,-21.48,68.7,983.8,18.07,18,181,-1.0,-0.0,0.02795,-0.99961,-20.72,-19.76,-22.34
2026-06-30T19:00:00Z,BRT,-20.72,87.8,986.9,17.13,19,181,-0.96593,0.25882,0.02795,-0.99961,-19.98,-18.97,-22.34
2026-06-30T20:00:00Z,BRT,-19.98,82.9,987.9,15.23,20,181,-0.86603,0.5,0.02795,-0.99961,-19.6,-19.09,-21.4
2026-06-30T21:00:00Z,BRT,-19.6,79.0,986.0,12.87,21,181,-0.70711,0.70711,0.02795,-0.99961,-20.42,-19.02,-20.53
2026-06-30T22:00:00Z,BRT,-20.42,83.5,987.9,11.16,22,181,-0.5,0.86603,0.02795,-0.99961,-19.23,-18.09,-20.07
2026-06-30T23:00:00Z,BRT,-19.23,82.5,988.6,13.03,23,181,-0.25882,0.96593,0.02795,-0.99961,-19.76,-18.2,-20.16
2026-07-01T00:00:00Z,BRT,-19.76,84.1,988.9,11.81,0,182,0.0,1.0,0.01075,-0.99994,-18.97,-19.72,-19.96
2026-07-01T01:00:00Z,BRT,-18.97,79.6,987.0,13.36,1,182,0.25882,0.96593,0.01075,-0.99994,-19.09,-19.68,-19.96
2026-07-01T02:00:00Z,BRT,-19.09,76.3,989.6,11.18,2,182,0.5,0.86603,0.01075,-0.99994,-19.02,-20.41,-18.63
2026-07-01T03:00:00Z,BRT,-19.02,74.0,990.9,14.67,3,182,0.70711,0.70711,0.01075,-0.99994,-18.09,-20.64,-18.83
2026-07-01T04:00:00Z,BRT,-18.09,76.6,993.5,16.05,4,182,0.86603,0.5,0.01075,-0.99994,-18.2,-21.64,-18.3
2026-07-01T05:00:00Z,BRT,-18.2,79.5,994.9,16.83,5,182,0.96593,0.25882,0.01075,-0.99994,-19.72,-22.36,-20.12
2026-07-01T06:00:00Z,BRT,-19.72,73.6,995.0,11.48,6,182,1.0,0.0,0.01075,-0.99994,-19.68,-22.27,-20.89
2026-07-01T07:00:00Z,BRT,-19.68,72.9,995.2,10.53,7,182,0.96593,-0.25882,0.01075,-0.99994,-20.41,-21.71,-21.19
2026-07-01T08:00:00Z,BRT,-20.41,74.2,991.0,15.77,8,182,0.86603,-0.5,0.01075,-0.99994,-20.64,-20.89,-22.24
2026-07-01T09:00:00Z,BRT,-20.64,79.9,991.3,12.87,9,182,0.70711,-0.70711,0.01075,-0.99994,-21.64,-21.9,-21.83
2026-07-01T10:00:00Z,BRT,-21.64,87.1,989.9,15.37,10,182,0.5,-0.86603,0.01075,-0.99994,-22.36,-21.65,-21.36
2026-07-01T11:00:00Z,BRT,-22.36,81.2,988.3,12.55,11,182,0.25882,-0.96593,0.01075,-0.99994,-22.27,-22.29,-21.18
2026-07-01T12:00:00Z,BRT,-22.27,77.0,989.0,11.59,12,182,0.0,-1.0,0.01075,-0.99994,-21.71,-22.34,-21.36
2026-07-01T13:00:00Z,BRT,-21.71,85.0,991.1,11.81,13,182,-0.25882,-0.96593,0.01075,-0.99994,-20.89,-22.34,-20.94
2026-07-01T14:00:00Z,BRT,-20.89,73.6,990.1,12.26,14,182,-0.5,-0.86603,0.01075,-0.99994,-21.9,-21.4,-20.99
2026-07-01T15:00:00Z,BRT,-21.9,80.7,991.9,10.54,15,182,-0.70711,-0.70711,0.01075,-0.99994,-21.65,-20.53,-20.76
2026-07-01T16:00:00Z,BRT,-21.65,80.9,991.6,14.75,16,182,-0.86603,-0.5,0.01075,-0.99994,-22.29,-20.07,-22.46
2026-07-01T17:00:00Z,BRT,-22.29,75.7,990.1,12.03,17,182,-0.96593,-0.25882,0.01075,-0.99994,-22.34,-20.16,-21.22
2026-07-01T18:00:00Z,BRT,-22.34,87.1,986.8,15.24,18,182,-1.0,-0.0,0.01075,-0.99994,-22.34,-19.96,-20.01
2026-07-01T19:00:00Z,BRT,-22.34,73.1,987.4,13.26,19,182,-0.96593,0.25882,0.01075,-0.99994,-21.4,-19.96,-20.55
2026-07-01T20:00:00Z,BRT,-21.4,82.8,988.9,16.61,20,182,-0.86603,0.5,0.01075,-0.99994,-20.53,-18.63,-20.97
2026-07-01T21:00:00Z,BRT,-20.53,70.3,991.9,11.07,21,182,-0.70711,0.70711,0.01075,-0.99994,-20.07,-18.83,-20.66
2026-07-01T22:00:00Z,BRT,-20.07,71.0,993.5,9.48,22,182,-0.5,0.86603,0.01075,-0.99994,-20.16,-18.3,-20.42
2026-07-01T23:00:00Z,BRT,-20.16,75.1,996.5,8.12,23,182,-0.25882,0.96593,0.01075,-0.99994,-19.96,-20.12,-20.22
2026-07-02T00:00:00Z,BRT,-19.96,77.9,995.7,7.16,0,183,0.0,1.0,-0.00645,-0.99998,-19.96,-20.89,-20.81
2026-07-02T01:00:00Z,BRT,-19.96,74.2,999.1,10.66,1,183,0.25882,0.96593,-0.00645,-0.99998,-18.63,-21.19,-21.02
2026-07-02T02:00:00Z,BRT,-18.63,73.5,998.3,12.9,2,183,0.5,0.86603,-0.00645,-0.99998,-18.83,-22.24,-21.65
2026-07-02T03:00:00Z,BRT,-18.83,85.0,998.6,13.9,3,183,0.70711,0.70711,-0.00645,-0.99998,-18.3,-21.83,-21.08
2026-07-02T04:00:00Z,BRT,-18.3,70.3,996.8,11.71,4,183,0.86603,0.5,-0.00645,-0.99998,-20.12,-21.36,-21.26
2026-07-02T05:00:00Z,BRT,-20.12,69.8,996.5,11.9,5,183,0.96593,0.25882,-0.00645,-0.99998,-20.89,-21.18,-21.79
2026-07-02T06:00:00Z,BRT,-20.89,69.1,997.3,14.74,6,183,1.0,0.0,-0.00645,-0.99998,-21.19,-21.36,-16.46
2026-07-02T07:00:00Z,BRT,-21.19,75.3,998.9,12.93,7,183,0.96593,-0.25882,-0.00645,-0.99998,-22.24,-20.94,-21.88
2026-07-02T08:00:00Z,BRT,-22.24,75.2,999.8,12.91,8,183,0.86603,-0.5,-0.00645,-0.99998,-21.83,-20.99,-22.48
2026-07-02T09:00:00Z,BRT,-21.83,69.4,998.7,15.2,9,183,0.70711,-0.70711,-0.00645,-0.99998,-21.36,-20.76,-20.82
2026-07-02T10:00:00Z,BRT,-21.36,70.4,997.7,11.84,10,183,0.5,-0.86603,-0.00645,-0.99998,-21.18,-22.46,-21.28
2026-07-02T11:00:00Z,BRT,-21.18,68.2,997.6,13.08,11,183,0.25882,-0.96593,-0.00645,-0.99998,-21.36,-21.22,-21.43
2026-07-02T12:00:00Z,BRT,-21.36,81.6,996.7,12.35,12,183,0.0,-1.0,-0.00645,-0.99998,-20.94,-20.01,-22.33
2026-07-02T13:00:00Z,BRT,-20.94,75.1,996.4,8.54,13,183,-0.25882,-0.96593,-0.00645,-0.99998,-20.99,-20.55,-22.01
2026-07-02T14:00:00Z,BRT,-20.99,77.6,996.7,6.47,14,183,-0.5,-0.86603,-0.00645,-0.99998,-20.76,-20.97,-21.07
2026-07-02T15:00:00Z,BRT,-20.76,66.6,996.5,10.96,15,183,-0.70711,-0.70711,-0.00645,-0.99998,-22.46,-20.66,-16.65
2026-07-02T16:00:00Z,BRT,-22.46,78.3,996.1,10.46,16,183,-0.86603,-0.5,-0.00645,-0.99998,-21.22,-20.42,-14.52
2026-07-02T17:00:00Z,BRT,-21.22,84.4,991.6,13.09,17,183,-0.96593,-0.25882,-0.00645,-0.99998,-20.01,-20.22,-12.81
2026-07-02T18:00:00Z,BRT,-20.01,80.4,988.4,14.04,18,183,-1.0,-0.0,-0.00645,-0.99998,-20.55,-20.81,-13.52
2026-07-02T19:00:00Z,BRT,-20.55,77.1,986.5,11.89,19,183,-0.96593,0.25882,-0.00645,-0.99998,-20.97,-21.02,-15.05
2026-07-02T20:00:00Z,BRT,-20.97,85.7,989.3,15.86,20,183,-0.86603,0.5,-0.00645,-0.99998,-20.66,-21.65,-15.0
2026-07-02T21:00:00Z,BRT,-20.66,72.6,989.2,14.7,21,183,-0.70711,0.70711,-0.00645,-0.99998,-20.42,-21.08,-15.98
2026-07-02T22:00:00Z,BRT,-20.42,80.3,985.8,12.39,22,183,-0.5,0.86603,-0.00645,-0.99998,-20.22,-21.26,-16.95
2026-07-02T23:00:00Z,BRT,-20.22,80.2,985.6,12.53,23,183,-0.25882,0.96593,-0.00645,-0.99998,-20.81,-21.79,-16.44
2026-07-03T00:00:00Z,BRT,-20.81,88.6,983.0,11.94,0,184,0.0,1.0,-0.02365,-0.99972,-21.02,-16.46,-15.05
2026-07-03T01:00:00Z,BRT,-21.02,76.6,982.7,14.07,1,184,0.25882,0.96593,-0.02365,-0.99972,-21.65,-21.88,-15.05
2026-07-03T02:00:00Z,BRT,-21.65,74.0,981.9,14.46,2,184,0.5,0.86603,-0.02365,-0.99972,-21.08,-22.48,-15.83
2026-07-03T03:00:00Z,BRT,-21.08,93.5,982.6,17.43,3,184,0.70711,0.70711,-0.02365,-0.99972,-21.26,-20.82,-14.53
2026-07-03T04:00:00Z,BRT,-21.26,83.9,980.4,16.98,4,184,0.86603,0.5,-0.02365,-0.99972,-21.79,-21.28,-14.91
2026-07-03T05:00:00Z,BRT,-21.79,87.6,978.4,17.03,5,184,0.96593,0.25882,-0.02365,-0.99972,-16.46,-21.43,-14.07
2026-07-03T06:00:00Z,BRT,-16.46,88.2,976.5,20.29,6,184,1.0,0.0,-0.02365,-0.99972,-21.88,-22.33,-15.29
2026-07-03T07:00:00Z,BRT,-21.88,86.3,979.1,15.9,7,184,0.96593,-0.25882,-0.02365,-0.99972,-22.48,-22.01,-14.27
2026-07-03T08:00:00Z,BRT,-22.48,99.0,978.2,15.98,8,184,0.86603,-0.5,-0.02365,-0.99972,-20.82,-21.07,-18.73
2026-07-03T09:00:00Z,BRT,-20.82,91.5,979.6,21.16,9,184,0.70711,-0.70711,-0.02365,-0.99972,-21.28,-16.65,-19.33
2026-07-03T10:00:00Z,BRT,-21.28,88.2,982.7,18.19,10,184,0.5,-0.86603,-0.02365,-0.99972,-21.43,-14.52,-19.9
2026-07-03T11:00:00Z,BRT,-21.43,87.6,981.2,16.72,11,184,0.25882,-0.96593,-0.02365,-0.99972,-22.33,-12.81,-19.2
2026-07-03T12:00:00Z,BRT,-22.33,87.7,980.0,14.86,12,184,0.0,-1.0,-0.02365,-0.99972,-22.01,-13.52,-19.08
2026-07-03T13:00:00Z,BRT,-22.01,86.0,981.8,15.11,13,184,-0.25882,-0.96593,-0.02365,-0.99972,-21.07,-15.05,-19.15
2026-07-03T14:00:00Z,BRT,-21.07,92.1,979.9,12.87,14,184,-0.5,-0.86603,-0.02365,-0.99972,-16.65,-15.0,-19.8
2026-07-03T15:00:00Z,BRT,-16.65,82.1,977.6,13.72,15,184,-0.70711,-0.70711,-0.02365,-0.99972,-14.52,-15.98,-19.96
2026-07-03T16:00:00Z,BRT,-14.52,99.0,972.5,19.84,16,184,-0.86603,-0.5,-0.02365,-0.99972,-12.81,-16.95,-20.2
2026-07-03T17:00:00Z,BRT,-12.81,99.0,970.4,21.61,17,184,-0.96593,-0.25882,-0.02365,-0.99972,-13.52,-16.44,-19.92
2026-07-03T18:00:00Z,BRT,-13.52,87.4,974.9,22.44,18,184,-1.0,-0.0,-0.02365,-0.99972,-15.05,-15.05,-19.98
2026-07-03T19:00:00Z,BRT,-15.05,89.3,972.8,18.15,19,184,-0.96593,0.25882,-0.02365,-0.99972,-15.0,-15.05,-21.11
2026-07-03T20:00:00Z,BRT,-15.0,97.3,973.4,19.56,20,184,-0.86603,0.5,-0.02365,-0.99972,-15.98,-15.83,-19.77
2026-07-03T21:00:00Z,BRT,-15.98,94.2,973.0,20.49,21,184,-0.70711,0.70711,-0.02365,-0.99972,-16.95,-14.53,-21.56
2026-07-03T22:00:00Z,BRT,-16.95,94.0,976.0,19.68,22,184,-0.5,0.86603,-0.02365,-0.99972,-16.44,-14.91,-20.72
2026-07-03T23:00:00Z,BRT,-16.44,86.4,972.0,13.76,23,184,-0.25882,0.96593,-0.02365,-0.99972,-15.05,-14.07,-20.65
2026-07-04T00:00:00Z,BRT,-15.05,89.2,974.8,18.75,0,185,0.0,1.0,-0.04084,-0.99917,-15.05,-15.29,-21.44
2026-07-04T01:00:00Z,BRT,-15.05,85.7,973.1,13.75,1,185,0.25882,0.96593,-0.04084,-0.99917,-15.83,-14.27,-22.06
2026-07-04T02:00:00Z,BRT,-15.83,88.1,973.5,14.52,2,185,0.5,0.86603,-0.04084,-0.99917,-14.53,-18.73,-22.0
2026-07-04T03:00:00Z,BRT,-14.53,96.8,973.7,16.91,3,185,0.70711,0.70711,-0.04084,-0.99917,-14.91,-19.33,-21.81
2026-07-04T04:00:00Z,BRT,-14.91,84.2,975.2,17.2,4,185,0.86603,0.5,-0.04084,-0.99917,-14.07,-19.9,-23.03
2026-07-04T05:00:00Z,BRT,-14.07,95.6,972.9,20.39,5,185,0.96593,0.25882,-0.04084,-0.99917,-15.29,-19.2,-23.07
2026-07-04T06:00:00Z,BRT,-15.29,93.5,974.7,18.05,6,185,1.0,0.0,-0.04084,-0.99917,-14.27,-19.08,-22.93
2026-07-04T07:00:00Z,BRT,-14.27,90.2,977.8,19.63,7,185,0.96593,-0.25882,-0.04084,-0.99917,-18.73,-19.15,-23.65
2026-07-04T08:00:00Z,BRT,-18.73,86.7,979.7,17.71,8,185,0.86603,-0.5,-0.04084,-0.99917,-19.33,-19.8,-24.03
2026-07-04T09:00:00Z,BRT,-19.33,87.8,981.0,14.92,9,185,0.70711,-0.70711,-0.04084,-0.99917,-19.9,-19.96,-23.45
2026-07-04T10:00:00Z,BRT,-19.9,83.0,979.7,14.57,10,185,0.5,-0.86603,-0.04084,-0.99917,-19.2,-20.2,-22.79
2026-07-04T11:00:00Z,BRT,-19.2,85.8,981.1,15.35,11,185,0.25882,-0.96593,-0.04084,-0.99917,-19.08,-19.92,-22.55
2026-07-04T12:00:00Z,BRT,-19.08,79.0,983.4,16.81,12,185,0.0,-1.0,-0.04084,-0.99917,-19.15,-19.98,-23.3
2026-07-04T13:00:00Z,BRT,-19.15,77.0,984.7,16.28,13,185,-0.25882,-0.96593,-0.04084,-0.99917,-19.8,-21.11,-24.1
2026-07-04T14:00:00Z,BRT,-19.8,89.8,984.7,16.63,14,185,-0.5,-0.86603,-0.04084,-0.99917,-19.96,-19.77,-23.45
2026-07-04T15:00:00Z,BRT,-19.96,85.3,985.6,15.92,15,185,-0.70711,-0.70711,-0.04084,-0.99917,-20.2,-21.56,-22.36
2026-07-04T16:00:00Z,BRT,-20.2,92.3,984.0,17.49,16,185,-0.86603,-0.5,-0.04084,-0.99917,-19.92,-20.72,-24.12
2026-07-04T17:00:00Z,BRT,-19.92,86.7,983.5,20.45,17,185,-0.96593,-0.25882,-0.04084,-0.99917,-19.98,-20.65,-23.91
2026-07-04T18:00:00Z,BRT,-19.98,87.6,985.1,17.8,18,185,-1.0,-0.0,-0.04084,-0.99917,-21.11,-21.44,-25.01
2026-07-04T19:00:00Z,BRT,-21.11,86.6,985.2,13.25,19,185,-0.96593,0.25882,-0.04084,-0.99917,-19.77,-22.06,-24.76
2026-07-04T20:00:00Z,BRT,-19.77,94.6,981.7,20.4,20,185,-0.86603,0.5,-0.04084,-0.99917,-21.56,-22.0,-24.27
2026-07-04T21:00:00Z,BRT,-21.56,81.3,984.6,15.26,21,185,-0.70711,0.70711,-0.04084,-0.99917,-20.72,-21.81,-23.03
2026-07-04T22:00:00Z,BRT,-20.72,85.2,984.6,16.6,22,185,-0.5,0.86603,-0.04084,-0.99917,-20.65,-23.03,-21.9
2026-07-04T23:00:00Z,BRT,-20.65,73.5,989.1,11.27,23,185,-0.25882,0.96593,-0.04084,-0.99917,-21.44,-23.07,-21.61
2026-07-05T00:00:00Z,BRT,-21.44,67.6,990.6,11.39,0,186,0.0,1.0,-0.05803,-0.99832,-22.06,-22.93,-22.35
2026-07-05T01:00:00Z,BRT,-22.06,77.5,993.5,11.8,1,186,0.25882,0.96593,-0.05803,-0.99832,-22.0,-23.65,-21.89
2026-07-05T02:00:00Z,BRT,-22.0,77.4,995.0,8.33,2,186,0.5,0.86603,-0.05803,-0.99832,-21.81,-24.03,-21.44
2026-07-05T03:00:00Z,BRT,-21.81,69.7,995.2,11.92,3,186,0.70711,0.70711,-0.05803,-0.99832,-23.03,-23.45,-21.99
2026-07-05T04:00:00Z,BRT,-23.03,73.6,996.8,11.18,4,186,0.86603,0.5,-0.05803,-0.99832,-23.07,-22.79,-21.9
2026-07-05T05:00:00Z,BRT,-23.07,75.4,994.8,16.92,5,186,0.96593,0.25882,-0.05803,-0.99832,-22.93,-22.55,-22.16
2026-07-05T06:00:00Z,BRT,-22.93,73.0,994.0,15.78,6,186,1.0,0.0,-0.05803,-0.99832,-23.65,-23.3,-21.85
2026-07-05T07:00:00Z,BRT,-23.65,67.1,993.1,12.01,7,186,0.96593,-0.25882,-0.05803,-0.99832,-24.03,-24.1,-22.05
2026-07-05T08:00:00Z,BRT,-24.03,67.2,993.7,14.53,8,186,0.86603,-0.5,-0.05803,-0.99832,-23.45,-23.45,-21.74
2026-07-05T09:00:00Z,BRT,-23.45,64.8,997.6,10.29,9,186,0.70711,-0.70711,-0.05803,-0.99832,-22.79,-22.36,-21.67
2026-07-05T10:00:00Z,BRT,-22.79,67.6,998.4,9.84,10,186,0.5,-0.86603,-0.05803,-0.99832,-22.55,-24.12,-20.72
2026-07-05T11:00:00Z,BRT,-22.55,72.3,994.7,10.82,11,186,0.25882,-0.96593,-0.05803,-0.99832,-23.3,-23.91,-21.46
2026-07-05T12:00:00Z,BRT,-23.3,62.0,996.4,5.18,12,186,0.0,-1.0,-0.05803,-0.99832,-24.1,-25.01,-21.48
2026-07-05T13:00:00Z,BRT,-24.1,70.6,995.8,9.69,13,186,-0.25882,-0.96593,-0.05803,-0.99832,-23.45,-24.76,-22.89
2026-07-05T14:00:00Z,BRT,-23.45,69.6,999.5,11.75,14,186,-0.5,-0.86603,-0.05803,-0.99832,-22.36,-24.27,-21.63
2026-07-05T15:00:00Z,BRT,-22.36,63.3,1000.0,14.22,15,186,-0.70711,-0.70711,-0.05803,-0.99832,-24.12,-23.03,-21.42
2026-07-05T16:00:00Z,BRT,-24.12,71.6,998.7,10.88,16,186,-0.86603,-0.5,-0.05803,-0.99832,-23.91,-21.9,-20.35
2026-07-05T17:00:00Z,BRT,-23.91,57.7,1001.8,16.96,17,186,-0.96593,-0.25882,-0.05803,-0.99832,-25.01,-21.61,-19.97
2026-07-05T18:00:00Z,BRT,-25.01,67.9,1001.5,11.65,18,186,-1.0,-0.0,-0.05803,-0.99832,-24.76,-22.35,-21.04
2026-07-05T19:00:00Z,BRT,-24.76,72.1,1000.0,14.65,19,186,-0.96593,0.25882,-0.05803,-0.99832,-24.27,-21.89,-22.71
2026-07-05T20:00:00Z,BRT,-24.27,59.3,998.2,12.5,20,186,-0.86603,0.5,-0.05803,-0.99832,-23.03,-21.44,-23.77
2026-07-05T21:00:00Z,BRT,-23.03,76.6,998.4,16.26,21,186,-0.70711,0.70711,-0.05803,-0.99832,-21.9,-21.99,-23.63
2026-07-05T22:00:00Z,BRT,-21.9,75.8,996.0,9.84,22,186,-0.5,0.86603,-0.05803,-0.99832,-21.61,-21.9,-23.07
2026-07-05T23:00:00Z,BRT,-21.61,69.2,996.4,10.0,23,186,-0.25882,0.96593,-0.05803,-0.99832,-22.35,-22.16,-22.58
2026-07-06T00:00:00Z,BRT,-22.35,63.0,999.3,8.97,0,187,0.0,1.0,-0.07519,-0.99717,-21.89,-21.85,-24.02
2026-07-06T01:00:00Z,BRT,-21.89,69.8,997.9,10.61,1,187,0.25882,0.96593,-0.07519,-0.99717,-21.44,-22.05,-22.92
2026-07-06T02:00:00Z,BRT,-21.44,79.5,995.4,11.79,2,187,0.5,0.86603,-0.07519,-0.99717,-21.99,-21.74,-22.82
2026-07-06T03:00:00Z,BRT,-21.99,66.3,996.3,10.69,3,187,0.70711,0.70711,-0.07519,-0.99717,-21.9,-21.67,-23.24
2026-07-06T04:00:00Z,BRT,-21.9,67.5,996.6,11.77,4,187,0.86603,0.5,-0.07519,-0.99717,-22.16,-20.72,-24.32
2026-07-06T05:00:00Z,BRT,-22.16,71.1,996.4,13.42,5,187,0.96593,0.25882,-0.07519,-0.99717,-21.85,-21.46,-25.49
2026-07-06T06:00:00Z,BRT,-21.85,64.2,998.1,14.81,6,187,1.0,0.0,-0.07519,-0.99717,-22.05,-21.48,-25.32
2026-07-06T07:00:00Z,BRT,-22.05,69.9,998.8,10.69,7,187,0.96593,-0.25882,-0.07519,-0.99717,-21.74,-22.89,-24.67
2026-07-06T08:00:00Z,BRT,-21.74,66.8,999.6,12.35,8,187,0.86603,-0.5,-0.07519,-0.99717,-21.67,-21.63,-24.91
2026-07-06T09:00:00Z,BRT,-21.67,59.1,1000.9,12.66,9,187,0.70711,-0.70711,-0.07519,-0.99717,-20.72,-21.42,-24.95
2026-07-06T10:00:00Z,BRT,-20.72,66.0,1003.2,7.08,10,187,0.5,-0.86603,-0.07519,-0.99717,-21.46,-20.35,-24.72
2026-07-06T11:00:00Z,BRT,-21.46,65.9,1003.3,9.94,11,187,0.25882,-0.96593,-0.07519,-0.99717,-21.48,-19.97,-24.18
2026-07-06T12:00:00Z,BRT,-21.48,78.3,999.7,12.27,12,187,0.0,-1.0,-0.07519,-0.99717,-22.89,-21.04,-23.87
2026-07-06T13:00:00Z,BRT,-22.89,69.1,1002.6,7.64,13,187,-0.25882,-0.96593,-0.07519,-0.99717,-21.63,-22.71,-25.13
2026-07-06T14:00:00Z,BRT,-21.63,77.6,1000.7,9.39,14,187,-0.5,-0.86603,-0.07519,-0.99717,-21.42,-23.77,-25.48
2026-07-06T15:00:00Z,BRT,-21.42,62.9,1001.9,8.27,15,187,-0.70711,-0.70711,-0.07519,-0.99717,-20.35,-23.63,-25.57
2026-07-06T16:00:00Z,BRT,-20.35,76.9,1002.4,12.09,16,187,-0.86603,-0.5,-0.07519,-0.99717,-19.97,-23.07,-25.57
2026-07-06T17:00:00Z,BRT,-19.97,57.4,1002.8,14.91,17,187,-0.96593,-0.25882,-0.07519,-0.99717,-21.04,-22.58,-26.13
2026-07-06T18:00:00Z,BRT,-21.04,69.9,1002.3,16.09,18,187,-1.0,-0.0,-0.07519,-0.99717,-22.71,-24.02,-25.79
2026-07-06T19:00:00Z,BRT,-22.71,73.1,1002.1,11.94,19,187,-0.96593,0.25882,-0.07519,-0.99717,-23.77,-22.92,-25.26
2026-07-06T20:00:00Z,BRT,-23.77,67.2,998.7,12.78,20,187,-0.86603,0.5,-0.07519,-0.99717,-23.63,-22.82,-25.12
2026-07-06T21:00:00Z,BRT,-23.63,67.6,999.2,13.45,21,187,-0.70711,0.70711,-0.07519,-0.99717,-23.07,-23.24,-25.81
2026-07-06T22:00:00Z,BRT,-23.07,71.2,999.9,10.98,22,187,-0.5,0.86603,-0.07519,-0.99717,-22.58,-24.32,-25.97
2026-07-06T23:00:00Z,BRT,-22.58,59.3,1001.0,8.87,23,187,-0.25882,0.96593,-0.07519,-0.99717,-24.02,-25.49,-25.83
2026-07-07T00:00:00Z,BRT,-24.02,66.8,998.9,7.82,0,188,0.0,1.0,-0.09233,-0.99573,-22.92,-25.32,-24.98
2026-07-07T01:00:00Z,BRT,-22.92,81.3,997.7,8.62,1,188,0.25882,0.96593,-0.09233,-0.99573,-22.82,-24.67,-24.6
2026-07-07T02:00:00Z,BRT,-22.82,66.9,998.8,12.2,2,188,0.5,0.86603,-0.09233,-0.99573,-23.24,-24.91,-24.98
2026-07-07T03:00:00Z,BRT,-23.24,73.6,999.3,8.68,3,188,0.70711,0.70711,-0.09233,-0.99573,-24.32,-24.95,-24.13
2026-07-07T04:00:00Z,BRT,-24.32,71.5,999.9,11.84,4,188,0.86603,0.5,-0.09233,-0.99573,-25.49,-24.72,-24.1
2026-07-07T05:00:00Z,BRT,-25.49,66.8,1001.6,12.12,5,188,0.96593,0.25882,-0.09233,-0.99573,-25.32,-24.18,-22.77
2026-07-07T06:00:00Z,BRT,-25.32,66.2,1005.4,11.55,6,188,1.0,0.0,-0.09233,-0.99573,-24.67,-23.87,-21.01
2026-07-07T07:00:00Z,BRT,-24.67,66.5,1005.6,11.32,7,188,0.96593,-0.25882,-0.09233,-0.99573,-24.91,-25.13,-21.5
2026-07-07T08:00:00Z,BRT,-24.91,69.0,1005.7,12.57,8,188,0.86603,-0.5,-0.09233,-0.99573,-24.95,-25.48,-22.39
2026-07-07T09:00:00Z,BRT,-24.95,60.5,1006.0,9.24,9,188,0.70711,-0.70711,-0.09233,-0.99573,-24.72,-25.57,-21.73
2026-07-07T10:00:00Z,BRT,-24.72,53.9,1007.4,9.07,10,188,0.5,-0.86603,-0.09233,-0.99573,-24.18,-25.57,-22.03
2026-07-07T11:00:00Z,BRT,-24.18,58.8,1006.5,8.56,11,188,0.25882,-0.96593,-0.09233,-0.99573,-23.87,-26.13,-22.5
2026-07-07T12:00:00Z,BRT,-23.87,61.1,1006.2,6.79,12,188,0.0,-1.0,-0.09233,-0.99573,-25.13,-25.79,-20.81
2026-07-07T13:00:00Z,BRT,-25.13,59.2,1006.1,8.15,13,188,-0.25882,-0.96593,-0.09233,-0.99573,-25.48,-25.26,-22.41
2026-07-07T14:00:00Z,BRT,-25.48,74.1,1005.1,9.04,14,188,-0.5,-0.86603,-0.09233,-0.99573,-25.57,-25.12,-22.73
2026-07-07T15:00:00Z,BRT,-25.57,66.7,1007.9,12.89,15,188,-0.70711,-0.70711,-0.09233,-0.99573,-25.57,-25.81,-23.01
2026-07-07T16:00:00Z,BRT,-25.57,59.2,1006.0,9.19,16,188,-0.86603,-0.5,-0.09233,-0.99573,-26.13,-25.97,-23.48
2026-07-07T17:00:00Z,BRT,-26.13,67.9,1006.6,10.9,17,188,-0.96593,-0.25882,-0.09233,-0.99573,-25.79,-25.83,-23.41
2026-07-07T18:00:00Z,BRT,-25.79,76.6,1005.3,13.47,18,188,-1.0,-0.0,-0.09233,-0.99573,-25.26,-24.98,-22.26
2026-07-07T19:00:00Z,BRT,-25.26,68.8,1005.5,8.82,19,188,-0.96593,0.25882,-0.09233,-0.99573,-25.12,-24.6,-21.37
2026-07-07T20:00:00Z,BRT,-25.12,63.9,1005.1,9.29,20,188,-0.86603,0.5,-0.09233,-0.99573,-25.81,-24.98,-22.01
2026-07-07T21:00:00Z,BRT,-25.81,64.2,1004.8,10.39,21,188,-0.70711,0.70711,-0.09233,-0.99573,-25.97,-24.13,-21.14
2026-07-07T22:00:00Z,BRT,-25.97,71.9,1003.4,7.55,22,188,-0.5,0.86603,-0.09233,-0.99573,-25.83,-24.1,-21.91
2026-07-07T23:00:00Z,BRT,-25.83,62.4,1003.7,10.67,23,188,-0.25882,0.96593,-0.09233,-0.99573,-24.98,-22.77,-22.96
2026-07-08T00:00:00Z,BRT,-24.98,72.9,1002.2,7.84,0,189,0.0,1.0,-0.10945,-0.99399,-24.6,-21.01,-22.27
2026-07-08T01:00:00Z,BRT,-24.6,75.3,998.5,11.49,1,189,0.25882,0.96593,-0.10945,-0.99399,-24.98,-21.5,-21.88
2026-07-08T02:00:00Z,BRT,-24.98,78.1,995.9,12.8,2,189,0.5,0.86603,-0.10945,-0.99399,-24.13,-22.39,-22.39
2026-07-08T03:00:00Z,BRT,-24.13,69.8,995.1,11.45,3,189,0.70711,0.70711,-0.10945,-0.99399,-24.1,-21.73,-22.59
2026-07-08T04:00:00Z,BRT,-24.1,73.3,992.0,14.44,4,189,0.86603,0.5,-0.10945,-0.99399,-22.77,-22.03,-23.84
2026-07-08T05:00:00Z,BRT,-22.77,77.9,992.1,15.8,5,189,0.96593,0.25882,-0.10945,-0.99399,-21.01,-22.5,-23.92
2026-07-08T06:00:00Z,BRT,-21.01,75.6,990.4,17.42,6,189,1.0,0.0,-0.10945,-0.99399,-21.5,-20.81,-23.52
2026-07-08T07:00:00Z,BRT,-21.5,69.0,991.9,14.29,7,189,0.96593,-0.25882,-0.10945,-0.99399,-22.39,-22.41,-24.33
2026-07-08T08:00:00Z,BRT,-22.39,83.8,989.9,16.31,8,189,0.86603,-0.5,-0.10945,-0.99399,-21.73,-22.73,-23.13
2026-07-08T09:00:00Z,BRT,-21.73,78.1,988.7,15.72,9,189,0.70711,-0.70711,-0.10945,-0.99399,-22.03,-23.01,-17.6
2026-07-08T10:00:00Z,BRT,-22.03,84.7,987.1,10.55,10,189,0.5,-0.86603,-0.10945,-0.99399,-22.5,-23.48,-18.72
2026-07-08T11:00:00Z,BRT,-22.5,85.6,987.1,11.43,11,189,0.25882,-0.96593,-0.10945,-0.99399,-20.81,-23.41,-19.56
2026-07-08T12:00:00Z,BRT,-20.81,79.3,988.6,15.47,12,189,0.0,-1.0,-0.10945,-0.99399,-22.41,-22.26,-17.98
2026-07-08T13:00:00Z,BRT,-22.41,75.3,986.3,8.44,13,189,-0.25882,-0.96593,-0.10945,-0.99399,-22.73,-21.37,-17.98
2026-07-08T14:00:00Z,BRT,-22.73,86.7,984.8,15.88,14,189,-0.5,-0.86603,-0.10945,-0.99399,-23.01,-22.01,-17.88
2026-07-08T15:00:00Z,BRT,-23.01,77.4,982.8,12.75,15,189,-0.70711,-0.70711,-0.10945,-0.99399,-23.48,-21.14,-17.74
2026-07-08T16:00:00Z,BRT,-23.48,80.2,981.7,16.33,16,189,-0.86603,-0.5,-0.10945,-0.99399,-23.41,-21.91,-19.5
2026-07-08T17:00:00Z,BRT,-23.41,97.0,982.1,17.39,17,189,-0.96593,-0.25882,-0.10945,-0.99399,-22.26,-22.96,-23.96
2026-07-08T18:00:00Z,BRT,-22.26,89.8,980.9,16.9,18,189,-1.0,-0.0,-0.10945,-0.99399,-21.37,-22.27,-22.85
2026-07-08T19:00:00Z,BRT,-21.37,94.6,979.8,18.88,19,189,-0.96593,0.25882,-0.10945,-0.99399,-22.01,-21.88,-22.98
2026-07-08T20:00:00Z,BRT,-22.01,75.9,978.1,15.65,20,189,-0.86603,0.5,-0.10945,-0.99399,-21.14,-22.39,-23.34
2026-07-08T21:00:00Z,BRT,-21.14,99.0,978.9,20.61,21,189,-0.70711,0.70711,-0.10945,-0.99399,-21.91,-22.59,-23.07
2026-07-08T22:00:00Z,BRT,-21.91,91.3,978.9,16.26,22,189,-0.5,0.86603,-0.10945,-0.99399,-22.96,-23.84,-22.33
2026-07-08T23:00:00Z,BRT,-22.96,83.9,981.3,13.94,23,189,-0.25882,0.96593,-0.10945,-0.99399,-22.27,-23.92,-23.23
2026-07-09T00:00:00Z,BRT,-22.27,96.7,980.9,17.49,0,190,0.0,1.0,-0.12653,-0.99196,-21.88,-23.52,-23.65
2026-07-09T01:00:00Z,BRT,-21.88,85.6,980.6,10.67,1,190,0.25882,0.96593,-0.12653,-0.99196,-22.39,-24.33,-24.21
2026-07-09T02:00:00Z,BRT,-22.39,96.9,981.0,16.22,2,190,0.5,0.86603,-0.12653,-0.99196,-22.59,-23.13,-24.35
2026-07-09T03:00:00Z,BRT,-22.59,84.9,982.6,15.95,3,190,0.70711,0.70711,-0.12653,-0.99196,-23.84,-17.6,-23.84
2026-07-09T04:00:00Z,BRT,-23.84,88.4,980.5,17.19,4,190,0.86603,0.5,-0.12653,-0.99196,-23.92,-18.72,-24.14
2026-07-09T05:00:00Z,BRT,-23.92,76.5,981.2,13.83,5,190,0.96593,0.25882,-0.12653,-0.99196,-23.52,-19.56,-23.58
2026-07-09T06:00:00Z,BRT,-23.52,88.1,978.9,16.29,6,190,1.0,0.0,-0.12653,-0.99196,-24.33,-17.98,-24.23
2026-07-09T07:00:00Z,BRT,-24.33,82.9,978.9,16.73,7,190,0.96593,-0.25882,-0.12653,-0.99196,-23.13,-17.98,-25.09
2026-07-09T08:00:00Z,BRT,-23.13,88.3,979.0,21.82,8,190,0.86603,-0.5,-0.12653,-0.99196,-17.6,-17.88,-24.06
2026-07-09T09:00:00Z,BRT,-17.6,84.1,974.9,18.78,9,190,0.70711,-0.70711,-0.12653,-0.99196,-18.72,-17.74,-23.84
2026-07-09T10:00:00Z,BRT,-18.72,91.4,975.0,17.34,10,190,0.5,-0.86603,-0.12653,-0.99196,-19.56,-19.5,-24.81
2026-07-09T11:00:00Z,BRT,-19.56,89.2,974.8,12.59,11,190,0.25882,-0.96593,-0.12653,-0.99196,-17.98,-23.96,-25.54
2026-07-09T12:00:00Z,BRT,-17.98,97.2,973.6,11.66,12,190,0.0,-1.0,-0.12653,-0.99196,-17.98,-22.85,-22.86
2026-07-09T13:00:00Z,BRT,-17.98,98.5,974.6,18.04,13,190,-0.25882,-0.96593,-0.12653,-0.99196,-17.88,-22.98,-22.85
2026-07-09T14:00:00Z,BRT,-17.88,93.1,972.0,15.08,14,190,-0.5,-0.86603,-0.12653,-0.99196,-17.74,-23.34,-22.08
2026-07-09T15:00:00Z,BRT,-17.74,93.5,973.4,17.09,15,190,-0.70711,-0.70711,-0.12653,-0.99196,-19.5,-23.07,-21.93
2026-07-09T16:00:00Z,BRT,-19.5,92.0,977.6,15.22,16,190,-0.86603,-0.5,-0.12653,-0.99196,-23.96,-22.33,-23.2
2026-07-09T17:00:00Z,BRT,-23.96,82.7,981.0,15.84,17,190,-0.96593,-0.25882,-0.12653,-0.99196,-22.85,-23.23,-22.25
2026-07-09T18:00:00Z,BRT,-22.85,77.8,980.0,19.08,18,190,-1.0,-0.0,-0.12653,-0.99196,-22.98,-23.65,-22.4
2026-07-09T19:00:00Z,BRT,-22.98,99.0,980.4,18.33,19,190,-0.96593,0.25882,-0.12653,-0.99196,-23.34,-24.21,-22.36
2026-07-09T20:00:00Z,BRT,-23.34,91.4,985.4,15.67,20,190,-0.86603,0.5,-0.12653,-0.99196,-23.07,-24.35,-20.74
2026-07-09T21:00:00Z,BRT,-23.07,80.7,988.3,12.27,21,190,-0.70711,0.70711,-0.12653,-0.99196,-22.33,-23.84,-20.07
2026-07-09T22:00:00Z,BRT,-22.33,84.1,986.5,16.2,22,190,-0.5,0.86603,-0.12653,-0.99196,-23.23,-24.14,-20.1
2026-07-09T23:00:00Z,BRT,-23.23,78.4,986.2,14.66,23,190,-0.25882,0.96593,-0.12653,-0.99196,-23.65,-23.58,-19.83
2026-07-10T00:00:00Z,BRT,-23.65,85.3,985.6,14.53,0,191,0.0,1.0,-0.14357,-0.98964,-24.21,-24.23,-20.07
2026-07-10T01:00:00Z,BRT,-24.21,80.7,987.2,13.49,1,191,0.25882,0.96593,-0.14357,-0.98964,-24.35,-25.09,-20.68
2026-07-10T02:00:00Z,BRT,-24.35,85.0,987.4,14.9,2,191,0.5,0.86603,-0.14357,-0.98964,-23.84,-24.06,-20.78
2026-07-10T03:00:00Z,BRT,-23.84,66.2,991.6,16.64,3,191,0.70711,0.70711,-0.14357,-0.98964,-24.14,-23.84,-21.58
2026-07-10T04:00:00Z,BRT,-24.14,73.6,993.0,13.59,4,191,0.86603,0.5,-0.14357,-0.98964,-23.58,-24.81,-22.83
2026-07-10T05:00:00Z,BRT,-23.58,71.6,993.9,15.67,5,191,0.96593,0.25882,-0.14357,-0.98964,-24.23,-25.54,-22.88
2026-07-10T06:00:00Z,BRT,-24.23,67.3,996.8,15.67,6,191,1.0,0.0,-0.14357,-0.98964,-25.09,-22.86,-21.81
2026-07-10T07:00:00Z,BRT,-25.09,80.0,995.7,12.69,7,191,0.96593,-0.25882,-0.14357,-0.98964,-24.06,-22.85,-21.58
2026-07-10T08:00:00Z,BRT,-24.06,77.1,996.6,10.95,8,191,0.86603,-0.5,-0.14357,-0.98964,-23.84,-22.08,-22.34
2026-07-10T09:00:00Z,BRT,-23.84,70.0,997.3,15.58,9,191,0.70711,-0.70711,-0.14357,-0.98964,-24.81,-21.93,-22.42
2026-07-10T10:00:00Z,BRT,-24.81,76.7,996.1,13.7,10,191,0.5,-0.86603,-0.14357,-0.98964,-25.54,-23.2,-22.73
2026-07-10T11:00:00Z,BRT,-25.54,76.9,995.8,10.74,11,191,0.25882,-0.96593,-0.14357,-0.98964,-22.86,-22.25,-22.84
2026-07-10T12:00:00Z,BRT,-22.86,77.5,997.3,11.17,12,191,0.0,-1.0,-0.14357,-0.98964,-22.85,-22.4,-24.0
2026-07-10T13:00:00Z,BRT,-22.85,71.2,996.2,10.21,13,191,-0.25882,-0.96593,-0.14357,-0.98964,-22.08,-22.36,-23.09
2026-07-10T14:00:00Z,BRT,-22.08,70.6,995.9,10.07,14,191,-0.5,-0.86603,-0.14357,-0.98964,-21.93,-20.74,-23.16
2026-07-10T15:00:00Z,BRT,-21.93,66.7,996.6,11.44,15,191,-0.70711,-0.70711,-0.14357,-0.98964,-23.2,-20.07,-24.01
2026-07-10T16:00:00Z,BRT,-23.2,78.1,996.9,11.71,16,191,-0.86603,-0.5,-0.14357,-0.98964,-22.25,-20.1,-21.94
2026-07-10T17:00:00Z,BRT,-22.25,72.6,996.7,13.41,17,191,-0.96593,-0.25882,-0.14357,-0.98964,-22.4,-19.83,-21.72
2026-07-10T18:00:00Z,BRT,-22.4,77.4,1002.5,12.63,18,191,-1.0,-0.0,-0.14357,-0.98964,-22.36,-20.07,-21.28
2026-07-10T19:00:00Z,BRT,-22.36,66.1,1004.9,6.59,19,191,-0.96593,0.25882,-0.14357,-0.98964,-20.74,-20.68,-22.05
2026-07-10T20:00:00Z,BRT,-20.74,64.9,1006.3,7.63,20,191,-0.86603,0.5,-0.14357,-0.98964,-20.07,-20.78,-21.77
2026-07-10T21:00:00Z,BRT,-20.07,64.5,1004.6,10.91,21,191,-0.70711,0.70711,-0.14357,-0.98964,-20.1,-21.58,-22.17
2026-07-10T22:00:00Z,BRT,-20.1,61.1,1006.5,7.0,22,191,-0.5,0.86603,-0.14357,-0.98964,-19.83,-22.83,-22.83
2026-07-10T23:00:00Z,BRT,-19.83,59.6,1002.8,10.23,23,191,-0.25882,0.96593,-0.14357,-0.98964,-20.07,-22.88,-23.29
2026-07-11T00:00:00Z,BRT,-20.07,60.8,1002.5,10.74,0,192,0.0,1.0,-0.16057,-0.98702,-20.68,-21.81,-22.58
2026-07-11T01:00:00Z,BRT,-20.68,70.7,1000.1,9.55,1,192,0.25882,0.96593,-0.16057,-0.98702,-20.78,-21.58,-23.79
2026-07-11T02:00:00Z,BRT,-20.78,81.4,998.9,9.71,2,192,0.5,0.86603,-0.16057,-0.98702,-21.58,-22.34,-24.1
2026-07-11T03:00:00Z,BRT,-21.58,77.6,997.8,13.3,3,192,0.70711,0.70711,-0.16057,-0.98702,-22.83,-22.42,-23.73
2026-07-11T04:00:00Z,BRT,-22.83,81.2,996.3,14.45,4,192,0.86603,0.5,-0.16057,-0.98702,-22.88,-22.73,-23.87
2026-07-11T05:00:00Z,BRT,-22.88,73.1,995.9,10.69,5,192,0.96593,0.25882,-0.16057,-0.98702,-21.81,-22.84,-24.3
2026-07-11T06:00:00Z,BRT,-21.81,69.5,997.4,13.1,6,192,1.0,0.0,-0.16057,-0.98702,-21.58,-24.0,-23.21
2026-07-11T07:00:00Z,BRT,-21.58,67.3,1000.1,16.99,7,192,0.96593,-0.25882,-0.16057,-0.98702,-22.34,-23.09,-22.71
2026-07-11T08:00:00Z,BRT,-22.34,76.3,999.7,10.88,8,192,0.86603,-0.5,-0.16057,-0.98702,-22.42,-23.16,-23.04
2026-07-11T09:00:00Z,BRT,-22.42,65.2,998.7,10.31,9,192,0.70711,-0.70711,-0.16057,-0.98702,-22.73,-24.01,-22.47
2026-07-11T10:00:00Z,BRT,-22.73,71.2,994.9,16.78,10,192,0.5,-0.86603,-0.16057,-0.98702,-22.84,-21.94,-23.72
2026-07-11T11:00:00Z,BRT,-22.84,73.2,995.8,12.39,11,192,0.25882,-0.96593,-0.16057,-0.98702,-24.0,-21.72,-23.67
2026-07-11T12:00:00Z,BRT,-24.0,77.9,994.8,7.7,12,192,0.0,-1.0,-0.16057,-0.98702,-23.09,-21.28,-24.61
2026-07-11T13:00:00Z,BRT,-23.09,80.1,993.4,16.04,13,192,-0.25882,-0.96593,-0.16057,-0.98702,-23.16,-22.05,-23.28
2026-07-11T14:00:00Z,BRT,-23.16,76.8,992.1,13.38,14,192,-0.5,-0.86603,-0.16057,-0.98702,-24.01,-21.77,-22.7
2026-07-11T15:00:00Z,BRT,-24.01,75.7,992.1,14.44,15,192,-0.70711,-0.70711,-0.16057,-0.98702,-21.94,-22.17,-22.56
2026-07-11T16:00:00Z,BRT,-21.94,77.6,995.2,13.72,16,192,-0.86603,-0.5,-0.16057,-0.98702,-21.72,-22.83,-22.34
2026-07-11T17:00:00Z,BRT,-21.72,84.8,996.4,13.97,17,192,-0.96593,-0.25882,-0.16057,-0.98702,-21.28,-23.29,-21.65
2026-07-11T18:00:00Z,BRT,-21.28,74.0,996.2,17.26,18,192,-1.0,-0.0,-0.16057,-0.98702,-22.05,-22.58,-22.24
2026-07-11T19:00:00Z,BRT,-22.05,74.5,996.9,16.46,19,192,-0.96593,0.25882,-0.16057,-0.98702,-21.77,-23.79,-22.59
2026-07-11T20:00:00Z,BRT,-21.77,81.0,999.4,12.95,20,192,-0.86603,0.5,-0.16057,-0.98702,-22.17,-24.1,-22.73
2026-07-11T21:00:00Z,BRT,-22.17,78.7,1000.6,9.25,21,192,-0.70711,0.70711,-0.16057,-0.98702,-22.83,-23.73,-23.01
2026-07-11T22:00:00Z,BRT,-22.83,77.7,999.4,14.63,22,192,-0.5,0.86603,-0.16057,-0.98702,-23.29,-23.87,-23.84
2026-07-11T23:00:00Z,BRT,-23.29,66.5,999.4,9.77,23,192,-0.25882,0.96593,-0.16057,-0.98702,-22.58,-24.3,-23.62
2026-07-12T00:00:00Z,BRT,-22.58,69.5,998.7,9.43,0,193,0.0,1.0,-0.17753,-0.98412,-23.79,-23.21,-23.3
2026-07-12T01:00:00Z,BRT,-23.79,66.7,998.4,11.53,1,193,0.25882,0.96593,-0.17753,-0.98412,-24.1,-22.71,-24.2
2026-07-12T02:00:00Z,BRT,-24.1,66.0,997.1,12.46,2,193,0.5,0.86603,-0.17753,-0.98412,-23.73,-23.04,-24.02
2026-07-12T03:00:00Z,BRT,-23.73,72.2,997.9,14.7,3,193,0.70711,0.70711,-0.17753,-0.98412,-23.87,-22.47,-23.69
2026-07-12T04:00:00Z,BRT,-23.87,67.4,999.0,12.78,4,193,0.86603,0.5,-0.17753,-0.98412,-24.3,-23.72,-23.05
2026-07-12T05:00:00Z,BRT,-24.3,67.6,999.9,11.89,5,193,0.96593,0.25882,-0.17753,-0.98412,-23.21,-23.67,-22.05
2026-07-12T06:00:00Z,BRT,-23.21,63.5,1003.4,10.09,6,193,1.0,0.0,-0.17753,-0.98412,-22.71,-24.61,-22.54
2026-07-12T07:00:00Z,BRT,-22.71,67.1,1002.8,12.85,7,193,0.96593,-0.25882,-0.17753,-0.98412,-23.04,-23.28,-23.44
2026-07-12T08:00:00Z,BRT,-23.04,71.3,1001.6,7.33,8,193,0.86603,-0.5,-0.17753,-0.98412,-22.47,-22.7,-24.17
2026-07-12T09:00:00Z,BRT,-22.47,69.5,1002.8,13.25,9,193,0.70711,-0.70711,-0.17753,-0.98412,-23.72,-22.56,-24.2
2026-07-12T10:00:00Z,BRT,-23.72,61.8,1003.6,5.38,10,193,0.5,-0.86603,-0.17753,-0.98412,-23.67,-22.34,-24.83
2026-07-12T11:00:00Z,BRT,-23.67,64.2,1003.4,12.51,11,193,0.25882,-0.96593,-0.17753,-0.98412,-24.61,-21.65,-25.49
2026-07-12T12:00:00Z,BRT,-24.61,65.8,1004.2,11.57,12,193,0.0,-1.0,-0.17753,-0.98412,-23.28,-22.24,-25.98
2026-07-12T13:00:00Z,BRT,-23.28,63.4,1006.9,13.57,13,193,-0.25882,-0.96593,-0.17753,-0.98412,-22.7,-22.59,-26.23
2026-07-12T14:00:00Z,BRT,-22.7,61.8,1006.7,7.23,14,193,-0.5,-0.86603,-0.17753,-0.98412,-22.56,-22.73,-25.24
2026-07-12T15:00:00Z,BRT,-22.56,62.0,1002.6,7.92,15,193,-0.70711,-0.70711,-0.17753,-0.98412,-22.34,-23.01,-25.14
2026-07-12T16:00:00Z,BRT,-22.34,69.8,1002.1,10.24,16,193,-0.86603,-0.5,-0.17753,-0.98412,-21.65,-23.84,-24.56
2026-07-12T17:00:00Z,BRT,-21.65,63.4,999.0,13.81,17,193,-0.96593,-0.25882,-0.17753,-0.98412,-22.24,-23.62,-23.4
2026-07-12T18:00:00Z,BRT,-22.24,77.0,1000.3,12.46,18,193,-1.0,-0.0,-0.17753,-0.98412,-22.59,-23.3,-21.94
2026-07-12T19:00:00Z,BRT,-22.59,70.1,998.3,14.73,19,193,-0.96593,0.25882,-0.17753,-0.98412,-22.73,-24.2,-21.85
2026-07-12T20:00:00Z,BRT,-22.73,72.9,998.4,8.59,20,193,-0.86603,0.5,-0.17753,-0.98412,-23.01,-24.02,-21.88
2026-07-12T21:00:00Z,BRT,-23.01,69.3,1002.2,13.03,21,193,-0.70711,0.70711,-0.17753,-0.98412,-23.84,-23.69,-21.9
2026-07-12T22:00:00Z,BRT,-23.84,79.6,1000.7,12.96,22,193,-0.5,0.86603,-0.17753,-0.98412,-23.62,-23.05,-21.02
2026-07-12T23:00:00Z,BRT,-23.62,71.7,999.0,10.56,23,193,-0.25882,0.96593,-0.17753,-0.98412,-23.3,-22.05,-21.66
2026-07-13T00:00:00Z,BRT,-23.3,71.6,997.0,12.25,0,194,0.0,1.0,-0.19443,-0.98092,-24.2,-22.54,-17.49
2026-07-13T01:00:00Z,BRT,-24.2,72.3,995.7,10.85,1,194,0.25882,0.96593,-0.19443,-0.98092,-24.02,-23.44,-17.55
2026-07-13T02:00:00Z,BRT,-24.02,75.6,994.1,11.82,2,194,0.5,0.86603,-0.19443,-0.98092,-23.69,-24.17,-16.39
2026-07-13T03:00:00Z,BRT,-23.69,76.0,996.0,9.89,3,194,0.70711,0.70711,-0.19443,-0.98092,-23.05,-24.2,-16.25
2026-07-13T04:00:00Z,BRT,-23.05,83.2,995.9,11.47,4,194,0.86603,0.5,-0.19443,-0.98092,-22.05,-24.83,-13.02
2026-07-13T05:00:00Z,BRT,-22.05,75.7,997.2,18.28,5,194,0.96593,0.25882,-0.19443,-0.98092,-22.54,-25.49,-15.9
2026-07-13T06:00:00Z,BRT,-22.54,62.9,997.7,9.98,6,194,1.0,0.0,-0.19443,-0.98092,-23.44,-25.98,-16.16
2026-07-13T07:00:00Z,BRT,-23.44,77.3,996.5,15.96,7,194,0.96593,-0.25882,-0.19443,-0.98092,-24.17,-26.23,-17.68
2026-07-13T08:00:00Z,BRT,-24.17,74.7,997.0,13.63,8,194,0.86603,-0.5,-0.19443,-0.98092,-24.2,-25.24,-16.28
2026-07-13T09:00:00Z,BRT,-24.2,72.9,994.6,11.61,9,194,0.70711,-0.70711,-0.19443,-0.98092,-24.83,-25.14,-14.65
2026-07-13T10:00:00Z,BRT,-24.83,78.9,994.5,14.73,10,194,0.5,-0.86603,-0.19443,-0.98092,-25.49,-24.56,-13.42
2026-07-13T11:00:00Z,BRT,-25.49,71.3,992.5,9.54,11,194,0.25882,-0.96593,-0.19443,-0.98092,-25.98,-23.4,-13.4
2026-07-13T12:00:00Z,BRT,-25.98,77.3,991.7,9.72,12,194,0.0,-1.0,-0.19443,-0.98092,-26.23,-21.94,-14.41
2026-07-13T13:00:00Z,BRT,-26.23,81.7,987.5,11.84,13,194,-0.25882,-0.96593,-0.19443,-0.98092,-25.24,-21.85,-14.64
2026-07-13T14:00:00Z,BRT,-25.24,82.9,986.0,16.43,14,194,-0.5,-0.86603,-0.19443,-0.98092,-25.14,-21.88,-12.82
2026-07-13T15:00:00Z,BRT,-25.14,79.3,984.8,13.36,15,194,-0.70711,-0.70711,-0.19443,-0.98092,-24.56,-21.9,-12.66
2026-07-13T16:00:00Z,BRT,-24.56,86.6,984.1,18.23,16,194,-0.86603,-0.5,-0.19443,-0.98092,-23.4,-21.02,-15.48
2026-07-13T17:00:00Z,BRT,-23.4,77.3,982.5,15.17,17,194,-0.96593,-0.25882,-0.19443,-0.98092,-21.94,-21.66,-14.35
2026-07-13T18:00:00Z,BRT,-21.94,84.9,980.9,16.57,18,194,-1.0,-0.0,-0.19443,-0.98092,-21.85,-17.49,-13.91
2026-07-13T19:00:00Z,BRT,-21.85,77.9,985.0,14.59,19,194,-0.96593,0.25882,-0.19443,-0.98092,-21.88,-17.55,-14.14
2026-07-13T20:00:00Z,BRT,-21.88,85.5,983.5,14.54,20,194,-0.86603,0.5,-0.19443,-0.98092,-21.9,-16.39,-14.4
2026-07-13T21:00:00Z,BRT,-21.9,79.1,982.5,17.85,21,194,-0.70711,0.70711,-0.19443,-0.98092,-21.02,-16.25,-14.71
2026-07-13T22:00:00Z,BRT,-21.02,87.9,979.7,19.95,22,194,-0.5,0.86603,-0.19443,-0.98092,-21.66,-13.02,-21.05
2026-07-13T23:00:00Z,BRT,-21.66,87.3,980.2,14.86,23,194,-0.25882,0.96593,-0.19443,-0.98092,-17.49,-15.9,-22.44
2026-07-14T00:00:00Z,BRT,-17.49,86.6,977.5,14.03,0,195,0.0,1.0,-0.21128,-0.97743,-17.55,-16.16,-21.6
2026-07-14T01:00:00Z,BRT,-17.55,96.3,976.2,16.68,1,195,0.25882,0.96593,-0.21128,-0.97743,-16.39,-17.68,-21.79
2026-07-14T02:00:00Z,BRT,-16.39,85.0,975.2,17.32,2,195,0.5,0.86603,-0.21128,-0.97743,-16.25,-16.28,-22.38
2026-07-14T03:00:00Z,BRT,-16.25,99.0,973.7,18.24,3,195,0.70711,0.70711,-0.21128,-0.97743,-13.02,-14.65,-21.03
2026-07-14T04:00:00Z,BRT,-13.02,94.6,970.4,20.74,4,195,0.86603,0.5,-0.21128,-0.97743,-15.9,-13.42,-21.81
2026-07-14T05:00:00Z,BRT,-15.9,99.0,972.5,18.44,5,195,0.96593,0.25882,-0.21128,-0.97743,-16.16,-13.4,-21.18
2026-07-14T06:00:00Z,BRT,-16.16,95.6,973.0,17.75,6,195,1.0,0.0,-0.21128,-0.97743,-17.68,-14.41,-21.2
2026-07-14T07:00:00Z,BRT,-17.68,97.8,971.6,12.41,7,195,0.96593,-0.25882,-0.21128,-0.97743,-16.28,-14.64,-22.48
2026-07-14T08:00:00Z,BRT,-16.28,95.1,972.6,18.6,8,195,0.86603,-0.5,-0.21128,-0.97743,-14.65,-12.82,-22.73
2026-07-14T09:00:00Z,BRT,-14.65,99.0,971.0,18.45,9,195,0.70711,-0.70711,-0.21128,-0.97743,-13.42,-12.66,-23.87
2026-07-14T10:00:00Z,BRT,-13.42,90.8,969.8,20.51,10,195,0.5,-0.86603,-0.21128,-0.97743,-13.4,-15.48,-24.61
2026-07-14T11:00:00Z,BRT,-13.4,99.0,970.1,19.59,11,195,0.25882,-0.96593,-0.21128,-0.97743,-14.41,-14.35,-24.69
2026-07-14T12:00:00Z,BRT,-14.41,99.0,970.2,15.34,12,195,0.0,-1.0,-0.21128,-0.97743,-14.64,-13.91,-24.76
2026-07-14T13:00:00Z,BRT,-14.64,99.0,970.6,14.46,13,195,-0.25882,-0.96593,-0.21128,-0.97743,-12.82,-14.14,-24.75
2026-07-14T14:00:00Z,BRT,-12.82,96.1,971.6,22.15,14,195,-0.5,-0.86603,-0.21128,-0.97743,-12.66,-14.4,-25.1
2026-07-14T15:00:00Z,BRT,-12.66,99.0,970.1,22.34,15,195,-0.70711,-0.70711,-0.21128,-0.97743,-15.48,-14.71,-25.6
2026-07-14T16:00:00Z,BRT,-15.48,88.7,973.4,19.76,16,195,-0.86603,-0.5,-0.21128,-0.97743,-14.35,-21.05,-26.7
2026-07-14T17:00:00Z,BRT,-14.35,98.8,972.7,19.9,17,195,-0.96593,-0.25882,-0.21128,-0.97743,-13.91,-22.44,-25.87
2026-07-14T18:00:00Z,BRT,-13.91,96.9,972.2,16.93,18,195,-1.0,-0.0,-0.21128,-0.97743,-14.14,-21.6,-24.15
2026-07-14T19:00:00Z,BRT,-14.14,99.0,971.6,19.28,19,195,-0.96593,0.25882,-0.21128,-0.97743,-14.4,-21.79,-24.61
2026-07-14T20:00:00Z,BRT,-14.4,94.5,973.2,19.98,20,195,-0.86603,0.5,-0.21128,-0.97743,-14.71,-22.38,-25.18
2026-07-14T21:00:00Z,BRT,-14.71,86.8,975.9,20.19,21,195,-0.70711,0.70711,-0.21128,-0.97743,-21.05,-21.03,-25.36
2026-07-14T22:00:00Z,BRT,-21.05,92.0,979.4,17.49,22,195,-0.5,0.86603,-0.21128,-0.97743,-22.44,-21.81,-25.53
2026-07-14T23:00:00Z,BRT,-22.44,87.3,982.8,13.44,23,195,-0.25882,0.96593,-0.21128,-0.97743,-21.6,-21.18,-25.72
2026-07-15T00:00:00Z,BRT,-21.6,79.7,983.8,13.46,0,196,0.0,1.0,-0.22806,-0.97365,-21.79,-21.2,-25.4
2026-07-15T01:00:00Z,BRT,-21.79,79.0,985.5,13.45,1,196,0.25882,0.96593,-0.22806,-0.97365,-22.38,-22.48,-24.23
2026-07-15T02:00:00Z,BRT,-22.38,81.0,988.6,12.61,2,196,0.5,0.86603,-0.22806,-0.97365,-21.03,-22.73,-21.85
2026-07-15T03:00:00Z,BRT,-21.03,78.4,987.3,13.37,3,196,0.70711,0.70711,-0.22806,-0.97365,-21.81,-23.87,-21.04
2026-07-15T04:00:00Z,BRT,-21.81,74.4,992.1,14.64,4,196,0.86603,0.5,-0.22806,-0.97365,-21.18,-24.61,-21.6
2026-07-15T05:00:00Z,BRT,-21.18,81.8,989.5,15.83,5,196,0.96593,0.25882,-0.22806,-0.97365,-21.2,-24.69,-22.21
2026-07-15T06:00:00Z,BRT,-21.2,73.9,991.9,11.93,6,196,1.0,0.0,-0.22806,-0.97365,-22.48,-24.76,-21.94
2026-07-15T07:00:00Z,BRT,-22.48,75.7,993.0,15.17,7,196,0.96593,-0.25882,-0.22806,-0.97365,-22.73,-24.75,-21.16
2026-07-15T08:00:00Z,BRT,-22.73,72.9,996.4,12.73,8,196,0.86603,-0.5,-0.22806,-0.97365,-23.87,-25.1,-21.11
2026-07-15T09:00:00Z,BRT,-23.87,73.2,999.1,13.96,9,196,0.70711,-0.70711,-0.22806,-0.97365,-24.61,-25.6,-16.72
2026-07-15T10:00:00Z,BRT,-24.61,77.5,997.6,12.45,10,196,0.5,-0.86603,-0.22806,-0.97365,-24.69,-26.7,-18.36
2026-07-15T11:00:00Z,BRT,-24.69,76.2,997.6,9.59,11,196,0.25882,-0.96593,-0.22806,-0.97365,-24.76,-25.87,-17.56
2026-07-15T12:00:00Z,BRT,-24.76,58.4,1002.9,8.39,12,196,0.0,-1.0,-0.22806,-0.97365,-24.75,-24.15,-17.96
2026-07-15T13:00:00Z,BRT,-24.75,65.9,1003.5,11.11,13,196,-0.25882,-0.96593,-0.22806,-0.97365,-25.1,-24.61,-18.6
2026-07-15T14:00:00Z,BRT,-25.1,67.0,1004.4,11.24,14,196,-0.5,-0.86603,-0.22806,-0.97365,-25.6,-25.18,-17.04
2026-07-15T15:00:00Z,BRT,-25.6,71.4,1002.1,13.94,15,196,-0.70711,-0.70711,-0.22806,-0.97365,-26.7,-25.36,-17.1
2026-07-15T16:00:00Z,BRT,-26.7,62.8,1002.3,9.94,16,196,-0.86603,-0.5,-0.22806,-0.97365,-25.87,-25.53,-16.32
2026-07-15T17:00:00Z,BRT,-25.87,62.8,1001.5,12.85,17,196,-0.96593,-0.25882,-0.22806,-0.97365,-24.15,-25.72,-17.9
2026-07-15T18:00:00Z,BRT,-24.15,64.8,1001.9,12.78,18,196,-1.0,-0.0,-0.22806,-0.97365,-24.61,-25.4,-17.04
2026-07-15T19:00:00Z,BRT,-24.61,70.9,1004.8,8.93,19,196,-0.96593,0.25882,-0.22806,-0.97365,-25.18,-24.23,-17.91
2026-07-15T20:00:00Z,BRT,-25.18,61.9,1003.8,7.55,20,196,-0.86603,0.5,-0.22806,-0.97365,-25.36,-21.85,-19.39
2026-07-15T21:00:00Z,BRT,-25.36,63.3,1004.5,12.81,21,196,-0.70711,0.70711,-0.22806,-0.97365,-25.53,-21.04,-19.11
2026-07-15T22:00:00Z,BRT,-25.53,60.1,1004.6,9.58,22,196,-0.5,0.86603,-0.22806,-0.97365,-25.72,-21.6,-19.24
2026-07-15T23:00:00Z,BRT,-25.72,68.6,1004.7,10.09,23,196,-0.25882,0.96593,-0.22806,-0.97365,-25.4,-22.21,-19.95
2026-07-16T00:00:00Z,BRT,-25.4,68.8,1004.2,10.4,0,197,0.0,1.0,-0.24477,-0.96958,-24.23,-21.94,-21.45
2026-07-16T01:00:00Z,BRT,-24.23,61.5,1004.6,9.03,1,197,0.25882,0.96593,-0.24477,-0.96958,-21.85,-21.16,-22.3
2026-07-16T02:00:00Z,BRT,-21.85,63.1,1007.5,10.01,2,197,0.5,0.86603,-0.24477,-0.96958,-21.04,-21.11,-22.43
2026-07-16T03:00:00Z,BRT,-21.04,66.1,1007.5,13.46,3,197,0.70711,0.70711,-0.24477,-0.96958,-21.6,-16.72,-22.63
2026-07-16T04:00:00Z,BRT,-21.6,70.2,1005.0,12.81,4,197,0.86603,0.5,-0.24477,-0.96958,-22.21,-18.36,-23.3
2026-07-16T05:00:00Z,BRT,-22.21,64.0,1003.3,12.21,5,197,0.96593,0.25882,-0.24477,-0.96958,-21.94,-17.56,-22.56
2026-07-16T06:00:00Z,BRT,-21.94,62.4,1002.7,7.3,6,197,1.0,0.0,-0.24477,-0.96958,-21.16,-17.96,-21.5
2026-07-16T07:00:00Z,BRT,-21.16,72.4,1004.6,13.68,7,197,0.96593,-0.25882,-0.24477,-0.96958,-21.11,-18.6,-20.42
2026-07-16T08:00:00Z,BRT,-21.11,62.2,1003.7,12.3,8,197,0.86603,-0.5,-0.24477,-0.96958,-16.72,-17.04,-20.44
2026-07-16T09:00:00Z,BRT,-16.72,74.3,1004.4,29.63,9,197,0.70711,-0.70711,-0.24477,-0.96958,-18.36,-17.1,-20.11
2026-07-16T10:00:00Z,BRT,-18.36,79.2,1003.7,26.0,10,197,0.5,-0.86603,-0.24477,-0.96958,-17.56,-16.32,-20.08
2026-07-16T11:00:00Z,BRT,-17.56,67.1,1006.6,23.75,11,197,0.25882,-0.96593,-0.24477,-0.96958,-17.96,-17.9,-20.23
2026-07-16T12:00:00Z,BRT,-17.96,80.3,1004.8,25.88,12,197,0.0,-1.0,-0.24477,-0.96958,-18.6,-17.04,-20.43
2026-07-16T13:00:00Z,BRT,-18.6,65.8,1004.7,21.15,13,197,-0.25882,-0.96593,-0.24477,-0.96958,-17.04,-17.91,-19.33
2026-07-16T14:00:00Z,BRT,-17.04,71.0,1005.0,22.8,14,197,-0.5,-0.86603,-0.24477,-0.96958,-17.1,-19.39,-19.59
2026-07-16T15:00:00Z,BRT,-17.1,76.9,1004.6,24.02,15,197,-0.70711,-0.70711,-0.24477,-0.96958,-16.32,-19.11,-20.68
2026-07-16T16:00:00Z,BRT,-16.32,72.4,1006.1,25.82,16,197,-0.86603,-0.5,-0.24477,-0.96958,-17.9,-19.24,-20.95
2026-07-16T17:00:00Z,BRT,-17.9,67.7,1002.9,26.86,17,197,-0.96593,-0.25882,-0.24477,-0.96958,-17.04,-19.95,-20.41
2026-07-16T18:00:00Z,BRT,-17.04,64.3,1002.6,30.84,18,197,-1.0,-0.0,-0.24477,-0.96958,-17.91,-21.45,-19.64
2026-07-16T19:00:00Z,BRT,-17.91,66.3,1001.5,27.44,19,197,-0.96593,0.25882,-0.24477,-0.96958,-19.39,-22.3,-20.1
2026-07-16T20:00:00Z,BRT,-19.39,72.3,1003.3,26.12,20,197,-0.86603,0.5,-0.24477,-0.96958,-19.11,-22.43,-19.53
2026-07-16T21:00:00Z,BRT,-19.11,70.2,1000.4,27.99,21,197,-0.70711,0.70711,-0.24477,-0.96958,-19.24,-22.63,-20.5
2026-07-16T22:00:00Z,BRT,-19.24,78.4,998.2,26.89,22,197,-0.5,0.86603,-0.24477,-0.96958,-19.95,-23.3,-18.56
2026-07-16T23:00:00Z,BRT,-19.95,74.5,1000.2,26.68,23,197,-0.25882,0.96593,-0.24477,-0.96958,-21.45,-22.56,-17.52
2026-07-17T00:00:00Z,BRT,-21.45,73.9,999.3,25.51,0,198,0.0,1.0,-0.26141,-0.96523,-22.3,-21.5,-16.94
2026-07-17T01:00:00Z,BRT,-22.3,73.3,1002.0,26.35,1,198,0.25882,0.96593,-0.26141,-0.96523,-22.43,-20.42,-17.67
2026-07-17T02:00:00Z,BRT,-22.43,68.7,999.6,23.2,2,198,0.5,0.86603,-0.26141,-0.96523,-22.63,-20.44,-20.93
2026-07-17T03:00:00Z,BRT,-22.63,74.6,1000.4,25.37,3,198,0.70711,0.70711,-0.26141,-0.96523,-23.3,-20.11,-21.98
2026-07-17T04:00:00Z,BRT,-23.3,70.4,1001.2,25.68,4,198,0.86603,0.5,-0.26141,-0.96523,-22.56,-20.08,-22.18
2026-07-17T05:00:00Z,BRT,-22.56,76.5,1001.5,27.57,5,198,0.96593,0.25882,-0.26141,-0.96523,-21.5,-20.23,-22.59
2026-07-17T06:00:00Z,BRT,-21.5,73.1,998.8,28.73,6,198,1.0,0.0,-0.26141,-0.96523,-20.42,-20.43,-21.85
2026-07-17T07:00:00Z,BRT,-20.42,71.1,998.9,29.92,7,198,0.96593,-0.25882,-0.26141,-0.96523,-20.44,-19.33,-22.33
2026-07-17T08:00:00Z,BRT,-20.44,77.0,999.7,27.27,8,198,0.86603,-0.5,-0.26141,-0.96523,-20.11,-19.59,-21.87
2026-07-17T09:00:00Z,BRT,-20.11,87.3,997.4,29.01,9,198,0.70711,-0.70711,-0.26141,-0.96523,-20.08,-20.68,-22.37
2026-07-17T10:00:00Z,BRT,-20.08,87.0,995.6,28.26,10,198,0.5,-0.86603,-0.26141,-0.96523,-20.23,-20.95,-22.83
2026-07-17T11:00:00Z,BRT,-20.23,72.3,997.0,28.52,11,198,0.25882,-0.96593,-0.26141,-0.96523,-20.43,-20.41,-21.47
2026-07-17T12:00:00Z,BRT,-20.43,74.1,997.5,23.87,12,198,0.0,-1.0,-0.26141,-0.96523,-19.33,-19.64,-22.67
2026-07-17T13:00:00Z,BRT,-19.33,81.2,998.1,27.26,13,198,-0.25882,-0.96593,-0.26141,-0.96523,-19.59,-20.1,-21.18
2026-07-17T14:00:00Z,BRT,-19.59,81.0,997.3,28.2,14,198,-0.5,-0.86603,-0.26141,-0.96523,-20.68,-19.53,-21.15
2026-07-17T15:00:00Z,BRT,-20.68,74.8,998.0,28.5,15,198,-0.70711,-0.70711,-0.26141,-0.96523,-20.95,-20.5,-20.89
2026-07-17T16:00:00Z,BRT,-20.95,75.0,997.7,26.19,16,198,-0.86603,-0.5,-0.26141,-0.96523,-20.41,-18.56,-21.04
2026-07-17T17:00:00Z,BRT,-20.41,81.1,999.6,32.21,17,198,-0.96593,-0.25882,-0.26141,-0.96523,-19.64,-17.52,-21.17
2026-07-17T18:00:00Z,BRT,-19.64,73.0,1000.4,30.14,18,198,-1.0,-0.0,-0.26141,-0.96523,-20.1,-16.94,-20.49
2026-07-17T19:00:00Z,BRT,-20.1,80.9,998.0,26.54,19,198,-0.96593,0.25882,-0.26141,-0.96523,-19.53,-17.67,-19.85
2026-07-17T20:00:00Z,BRT,-19.53,77.8,998.1,28.96,20,198,-0.86603,0.5,-0.26141,-0.96523,-20.5,-20.93,-21.79
2026-07-17T21:00:00Z,BRT,-20.5,72.0,1001.4,25.86,21,198,-0.70711,0.70711,-0.26141,-0.96523,-18.56,-21.98,-22.84
2026-07-17T22:00:00Z,BRT,-18.56,73.9,1001.2,24.73,22,198,-0.5,0.86603,-0.26141,-0.96523,-17.52,-22.18,-21.03
2026-07-17T23:00:00Z,BRT,-17.52,77.1,1002.6,27.68,23,198,-0.25882,0.96593,-0.26141,-0.96523,-16.94,-22.59,-22.55
2026-07-18T00:00:00Z,BRT,-16.94,72.0,998.6,27.92,0,199,0.0,1.0,-0.27798,-0.96059,-17.67,-21.85,-23.29
2026-07-18T01:00:00Z,BRT,-17.67,75.6,998.7,29.27,1,199,0.25882,0.96593,-0.27798,-0.96059,-20.93,-22.33,-23.3
2026-07-18T02:00:00Z,BRT,-20.93,73.0,1000.0,8.42,2,199,0.5,0.86603,-0.27798,-0.96059,-21.98,-21.87,-22.33
2026-07-18T03:00:00Z,BRT,-21.98,75.3,997.2,13.78,3,199,0.70711,0.70711,-0.27798,-0.96059,-22.18,-22.37,-22.67
2026-07-18T04:00:00Z,BRT,-22.18,67.4,996.1,10.68,4,199,0.86603,0.5,-0.27798,-0.96059,-22.59,-22.83,-22.38
2026-07-18T05:00:00Z,BRT,-22.59,73.4,996.6,14.14,5,199,0.96593,0.25882,-0.27798,-0.96059,-21.85,-21.47,-22.39
2026-07-18T06:00:00Z,BRT,-21.85,78.6,994.1,13.54,6,199,1.0,0.0,-0.27798,-0.96059,-22.33,-22.67,-21.29
2026-07-18T07:00:00Z,BRT,-22.33,71.4,996.1,11.94,7,199,0.96593,-0.25882,-0.27798,-0.96059,-21.87,-21.18,-21.15
2026-07-18T08:00:00Z,BRT,-21.87,85.0,996.0,13.61,8,199,0.86603,-0.5,-0.27798,-0.96059,-22.37,-21.15,-21.61
2026-07-18T09:00:00Z,BRT,-22.37,69.8,996.1,13.48,9,199,0.70711,-0.70711,-0.27798,-0.96059,-22.83,-20.89,-21.97
2026-07-18T10:00:00Z,BRT,-22.83,78.7,993.7,11.15,10,199,0.5,-0.86603,-0.27798,-0.96059,-21.47,-21.04,-20.64
2026-07-18T11:00:00Z,BRT,-21.47,72.0,994.4,9.66,11,199,0.25882,-0.96593,-0.27798,-0.96059,-22.67,-21.17,-20.15
2026-07-18T12:00:00Z,BRT,-22.67,68.2,994.6,11.68,12,199,0.0,-1.0,-0.27798,-0.96059,-21.18,-20.49,-19.41
2026-07-18T13:00:00Z,BRT,-21.18,71.4,995.5,10.03,13,199,-0.25882,-0.96593,-0.27798,-0.96059,-21.15,-19.85,-15.26
2026-07-18T14:00:00Z,BRT,-21.15,81.7,995.3,14.98,14,199,-0.5,-0.86603,-0.27798,-0.96059,-20.89,-21.79,-15.55
2026-07-18T15:00:00Z,BRT,-20.89,73.9,994.8,11.73,15,199,-0.70711,-0.70711,-0.27798,-0.96059,-21.04,-22.84,-20.21
2026-07-18T16:00:00Z,BRT,-21.04,79.3,992.9,12.02,16,199,-0.86603,-0.5,-0.27798,-0.96059,-21.17,-21.03,-13.86
2026-07-18T17:00:00Z,BRT,-21.17,75.0,994.3,12.64,17,199,-0.96593,-0.25882,-0.27798,-0.96059,-20.49,-22.55,-19.15
2026-07-18T18:00:00Z,BRT,-20.49,82.6,993.4,14.74,18,199,-1.0,-0.0,-0.27798,-0.96059,-19.85,-23.29,-14.68
2026-07-18T19:00:00Z,BRT,-19.85,79.7,994.2,14.73,19,199,-0.96593,0.25882,-0.27798,-0.96059,-21.79,-23.3,-15.34
2026-07-18T20:00:00Z,BRT,-21.79,79.0,994.8,15.34,20,199,-0.86603,0.5,-0.27798,-0.96059,-22.84,-22.33,-15.73
2026-07-18T21:00:00Z,BRT,-22.84,82.7,994.0,9.07,21,199,-0.70711,0.70711,-0.27798,-0.96059,-21.03,-22.67,-18.12
2026-07-18T22:00:00Z,BRT,-21.03,70.1,993.0,12.8,22,199,-0.5,0.86603,-0.27798,-0.96059,-22.55,-22.38,-24.72
2026-07-18T23:00:00Z,BRT,-22.55,70.3,991.8,12.15,23,199,-0.25882,0.96593,-0.27798,-0.96059,-23.29,-22.39,-24.93
2026-07-19T00:00:00Z,BRT,-23.29,72.3,991.4,11.6,0,200,0.0,1.0,-0.29446,-0.95566,-23.3,-21.29,-24.8
2026-07-19T01:00:00Z,BRT,-23.3,70.9,992.4,11.13,1,200,0.25882,0.96593,-0.29446,-0.95566,-22.33,-21.15,-24.37
2026-07-19T02:00:00Z,BRT,-22.33,79.5,993.6,12.68,2,200,0.5,0.86603,-0.29446,-0.95566,-22.67,-21.61,-23.37
2026-07-19T03:00:00Z,BRT,-22.67,71.8,991.4,13.62,3,200,0.70711,0.70711,-0.29446,-0.95566,-22.38,-21.97,-24.38
2026-07-19T04:00:00Z,BRT,-22.38,75.3,989.7,10.76,4,200,0.86603,0.5,-0.29446,-0.95566,-22.39,-20.64,-23.91
2026-07-19T05:00:00Z,BRT,-22.39,76.6,985.7,16.3,5,200,0.96593,0.25882,-0.29446,-0.95566,-21.29,-20.15,-23.46
2026-07-19T06:00:00Z,BRT,-21.29,88.2,984.0,16.93,6,200,1.0,0.0,-0.29446,-0.95566,-21.15,-19.41,-21.33
2026-07-19T07:00:00Z,BRT,-21.15,84.9,981.3,15.71,7,200,0.96593,-0.25882,-0.29446,-0.95566,-21.61,-15.26,-20.86
2026-07-19T08:00:00Z,BRT,-21.61,84.7,981.3,14.15,8,200,0.86603,-0.5,-0.29446,-0.95566,-21.97,-15.55,-20.8
2026-07-19T09:00:00Z,BRT,-21.97,91.4,981.1,14.54,9,200,0.70711,-0.70711,-0.29446,-0.95566,-20.64,-20.21,-21.05
2026-07-19T10:00:00Z,BRT,-20.64,80.7,982.9,15.77,10,200,0.5,-0.86603,-0.29446,-0.95566,-20.15,-13.86,-21.83
2026-07-19T11:00:00Z,BRT,-20.15,81.3,979.6,13.86,11,200,0.25882,-0.96593,-0.29446,-0.95566,-19.41,-19.15,-21.73
2026-07-19T12:00:00Z,BRT,-19.41,82.7,981.7,11.95,12,200,0.0,-1.0,-0.29446,-0.95566,-15.26,-14.68,-21.0
2026-07-19T13:00:00Z,BRT,-15.26,86.1,977.7,13.42,13,200,-0.25882,-0.96593,-0.29446,-0.95566,-15.55,-15.34,-21.86
2026-07-19T14:00:00Z,BRT,-15.55,90.7,977.8,15.35,14,200,-0.5,-0.86603,-0.29446,-0.95566,-20.21,-15.73,-20.86
2026-07-19T15:00:00Z,BRT,-20.21,84.6,979.3,13.53,15,200,-0.70711,-0.70711,-0.29446,-0.95566,-13.86,-18.12,-22.31
2026-07-19T16:00:00Z,BRT,-13.86,99.0,977.2,20.56,16,200,-0.86603,-0.5,-0.29446,-0.95566,-19.15,-24.72,-21.44
2026-07-19T17:00:00Z,BRT,-19.15,93.9,978.8,17.98,17,200,-0.96593,-0.25882,-0.29446,-0.95566,-14.68,-24.93,-21.34
2026-07-19T18:00:00Z,BRT,-14.68,85.3,977.6,17.56,18,200,-1.0,-0.0,-0.29446,-0.95566,-15.34,-24.8,-22.16
2026-07-19T19:00:00Z,BRT,-15.34,87.6,975.7,20.15,19,200,-0.96593,0.25882,-0.29446,-0.95566,-15.73,-24.37,-21.15
2026-07-19T20:00:00Z,BRT,-15.73,92.3,975.7,20.56,20,200,-0.86603,0.5,-0.29446,-0.95566,-18.12,-23.37,-21.48
2026-07-19T21:00:00Z,BRT,-18.12,92.6,976.2,18.62,21,200,-0.70711,0.70711,-0.29446,-0.95566,-24.72,-24.38,-20.71
2026-07-19T22:00:00Z,BRT,-24.72,84.2,980.4,12.75,22,200,-0.5,0.86603,-0.29446,-0.95566,-24.93,-23.91,-19.56
2026-07-19T23:00:00Z,BRT,-24.93,85.2,980.7,15.05,23,200,-0.25882,0.96593,-0.29446,-0.95566,-24.8,-23.46,-19.82
2026-07-20T00:00:00Z,BRT,-24.8,87.3,985.3,15.43,0,201,0.0,1.0,-0.31086,-0.95046,-24.37,-21.33,-20.82
2026-07-20T01:00:00Z,BRT,-24.37,89.8,982.6,12.78,1,201,0.25882,0.96593,-0.31086,-0.95046,-23.37,-20.86,-20.9
2026-07-20T02:00:00Z,BRT,-23.37,83.4,984.7,15.88,2,201,0.5,0.86603,-0.31086,-0.95046,-24.38,-20.8,-21.78
2026-07-20T03:00:00Z,BRT,-24.38,84.3,987.6,15.34,3,201,0.70711,0.70711,-0.31086,-0.95046,-23.91,-21.05,-21.58
2026-07-20T04:00:00Z,BRT,-23.91,77.8,985.6,17.31,4,201,0.86603,0.5,-0.31086,-0.95046,-23.46,-21.83,-21.36
2026-07-20T05:00:00Z,BRT,-23.46,77.4,987.6,15.69,5,201,0.96593,0.25882,-0.31086,-0.95046,-21.33,-21.73,-21.27
2026-07-20T06:00:00Z,BRT,-21.33,76.7,988.9,17.15,6,201,1.0,0.0,-0.31086,-0.95046,-20.86,-21.0,-21.81
2026-07-20T07:00:00Z,BRT,-20.86,79.7,991.0,16.74,7,201,0.96593,-0.25882,-0.31086,-0.95046,-20.8,-21.86,-22.03
2026-07-20T08:00:00Z,BRT,-20.8,80.1,991.3,17.31,8,201,0.86603,-0.5,-0.31086,-0.95046,-21.05,-20.86,-21.27
2026-07-20T09:00:00Z,BRT,-21.05,72.7,993.2,12.49,9,201,0.70711,-0.70711,-0.31086,-0.95046,-21.83,-22.31,-20.37
2026-07-20T10:00:00Z,BRT,-21.83,68.5,995.3,12.5,10,201,0.5,-0.86603,-0.31086,-0.95046,-21.73,-21.44,-20.23
2026-07-20T11:00:00Z,BRT,-21.73,82.2,995.8,12.41,11,201,0.25882,-0.96593,-0.31086,-0.95046,-21.0,-21.34,-20.1
2026-07-20T12:00:00Z,BRT,-21.0,73.6,996.8,10.42,12,201,0.0,-1.0,-0.31086,-0.95046,-21.86,-22.16,-21.02
2026-07-20T13:00:00Z,BRT,-21.86,72.3,998.5,13.24,13,201,-0.25882,-0.96593,-0.31086,-0.95046,-20.86,-21.15,-21.51
2026-07-20T14:00:00Z,BRT,-20.86,73.7,998.3,9.53,14,201,-0.5,-0.86603,-0.31086,-0.95046,-22.31,-21.48,-21.75
2026-07-20T15:00:00Z,BRT,-22.31,69.7,999.3,10.93,15,201,-0.70711,-0.70711,-0.31086,-0.95046,-21.44,-20.71,-23.0
2026-07-20T16:00:00Z,BRT,-21.44,74.1,1000.3,12.63,16,201,-0.86603,-0.5,-0.31086,-0.95046,-21.34,-19.56,-22.26
2026-07-20T17:00:00Z,BRT,-21.34,60.8,999.8,12.9,17,201,-0.96593,-0.25882,-0.31086,-0.95046,-22.16,-19.82,-22.79
2026-07-20T18:00:00Z,BRT,-22.16,63.1,1003.7,10.94,18,201,-1.0,-0.0,-0.31086,-0.95046,-21.15,-20.82,-22.85
2026-07-20T19:00:00Z,BRT,-21.15,60.0,1007.8,8.0,19,201,-0.96593,0.25882,-0.31086,-0.95046,-21.48,-20.9,-22.87
2026-07-20T20:00:00Z,BRT,-21.48,61.6,1005.7,8.25,20,201,-0.86603,0.5,-0.31086,-0.95046,-20.71,-21.78,-22.43
2026-07-20T21:00:00Z,BRT,-20.71,62.6,1009.0,7.07,21,201,-0.70711,0.70711,-0.31086,-0.95046,-19.56,-21.58,-23.0
2026-07-20T22:00:00Z,BRT,-19.56,62.4,1009.1,8.29,22,201,-0.5,0.86603,-0.31086,-0.95046,-19.82,-21.36,-23.54
2026-07-20T23:00:00Z,BRT,-19.82,64.6,1009.4,5.85,23,201,-0.25882,0.96593,-0.31086,-0.95046,-20.82,-21.27,-23.82
2026-07-21T00:00:00Z,BRT,-20.82,57.7,1011.2,6.69,0,202,0.0,1.0,-0.32716,-0.94497,-20.9,-21.81,-23.43
2026-07-21T01:00:00Z,BRT,-20.9,63.2,1009.9,6.28,1,202,0.25882,0.96593,-0.32716,-0.94497,-21.78,-22.03,-22.89
2026-07-21T02:00:00Z,BRT,-21.78,65.6,1009.9,8.66,2,202,0.5,0.86603,-0.32716,-0.94497,-21.58,-21.27,-24.59
2026-07-21T03:00:00Z,BRT,-21.58,66.2,1009.0,9.23,3,202,0.70711,0.70711,-0.32716,-0.94497,-21.36,-20.37,-23.22
2026-07-21T04:00:00Z,BRT,-21.36,59.9,1009.6,11.39,4,202,0.86603,0.5,-0.32716,-0.94497,-21.27,-20.23,-24.36
2026-07-21T05:00:00Z,BRT,-21.27,56.6,1011.7,8.67,5,202,0.96593,0.25882,-0.32716,-0.94497,-21.81,-20.1,-23.77
2026-07-21T06:00:00Z,BRT,-21.81,52.2,1011.9,10.43,6,202,1.0,0.0,-0.32716,-0.94497,-22.03,-21.02,-23.66
2026-07-21T07:00:00Z,BRT,-22.03,61.2,1012.4,3.95,7,202,0.96593,-0.25882,-0.32716,-0.94497,-21.27,-21.51,-23.42
2026-07-21T08:00:00Z,BRT,-21.27,67.5,1011.3,8.05,8,202,0.86603,-0.5,-0.32716,-0.94497,-20.37,-21.75,-22.75
2026-07-21T09:00:00Z,BRT,-20.37,64.5,1009.7,7.32,9,202,0.70711,-0.70711,-0.32716,-0.94497,-20.23,-23.0,-22.74
2026-07-21T10:00:00Z,BRT,-20.23,61.6,1008.5,8.59,10,202,0.5,-0.86603,-0.32716,-0.94497,-20.1,-22.26,-21.96
2026-07-21T11:00:00Z,BRT,-20.1,59.0,1007.6,7.01,11,202,0.25882,-0.96593,-0.32716,-0.94497,-21.02,-22.79,-22.42
2026-07-21T12:00:00Z,BRT,-21.02,68.3,1006.4,9.25,12,202,0.0,-1.0,-0.32716,-0.94497,-21.51,-22.85,-22.31
2026-07-21T13:00:00Z,BRT,-21.51,73.4,1004.3,11.23,13,202,-0.25882,-0.96593,-0.32716,-0.94497,-21.75,-22.87,-22.26
2026-07-21T14:00:00Z,BRT,-21.75,61.3,1002.0,9.7,14,202,-0.5,-0.86603,-0.32716,-0.94497,-23.0,-22.43,-22.17
2026-07-21T15:00:00Z,BRT,-23.0,62.1,1002.6,8.62,15,202,-0.70711,-0.70711,-0.32716,-0.94497,-22.26,-23.0,-21.74
2026-07-21T16:00:00Z,BRT,-22.26,67.1,999.5,14.13,16,202,-0.86603,-0.5,-0.32716,-0.94497,-22.79,-23.54,-20.67
2026-07-21T17:00:00Z,BRT,-22.79,64.4,1003.3,11.74,17,202,-0.96593,-0.25882,-0.32716,-0.94497,-22.85,-23.82,-20.15
2026-07-21T18:00:00Z,BRT,-22.85,68.8,1001.0,13.87,18,202,-1.0,-0.0,-0.32716,-0.94497,-22.87,-23.43,-20.86
2026-07-21T19:00:00Z,BRT,-22.87,71.5,1001.6,9.4,19,202,-0.96593,0.25882,-0.32716,-0.94497,-22.43,-22.89,-18.94
2026-07-21T20:00:00Z,BRT,-22.43,73.3,1001.5,14.73,20,202,-0.86603,0.5,-0.32716,-0.94497,-23.0,-24.59,-21.03
2026-07-21T21:00:00Z,BRT,-23.0,66.0,999.4,13.36,21,202,-0.70711,0.70711,-0.32716,-0.94497,-23.54,-23.22,-21.19
2026-07-21T22:00:00Z,BRT,-23.54,68.5,999.5,12.08,22,202,-0.5,0.86603,-0.32716,-0.94497,-23.82,-24.36,-22.63
2026-07-21T23:00:00Z,BRT,-23.82,69.0,998.4,10.54,23,202,-0.25882,0.96593,-0.32716,-0.94497,-23.43,-23.77,-23.12
2026-07-22T00:00:00Z,BRT,-23.43,73.7,996.7,11.25,0,203,0.0,1.0,-0.34337,-0.9392,-22.89,-23.66,-21.89
2026-07-22T01:00:00Z,BRT,-22.89,68.5,996.7,10.66,1,203,0.25882,0.96593,-0.34337,-0.9392,-24.59,-23.42,-21.65
2026-07-22T02:00:00Z,BRT,-24.59,66.6,998.3,7.96,2,203,0.5,0.86603,-0.34337,-0.9392,-23.22,-22.75,-21.16
2026-07-22T03:00:00Z,BRT,-23.22,67.8,998.2,19.03,3,203,0.70711,0.70711,-0.34337,-0.9392,-24.36,-22.74,-22.07
2026-07-22T04:00:00Z,BRT,-24.36,64.3,994.7,12.64,4,203,0.86603,0.5,-0.34337,-0.9392,-23.77,-21.96,-20.95
2026-07-22T05:00:00Z,BRT,-23.77,70.0,996.1,14.58,5,203,0.96593,0.25882,-0.34337,-0.9392,-23.66,-22.42,-21.09
2026-07-22T06:00:00Z,BRT,-23.66,73.2,995.6,14.57,6,203,1.0,0.0,-0.34337,-0.9392,-23.42,-22.31,-21.48
2026-07-22T07:00:00Z,BRT,-23.42,72.5,994.4,9.58,7,203,0.96593,-0.25882,-0.34337,-0.9392,-22.75,-22.26,-20.5
2026-07-22T08:00:00Z,BRT,-22.75,81.8,991.4,11.99,8,203,0.86603,-0.5,-0.34337,-0.9392,-22.74,-22.17,-19.95
2026-07-22T09:00:00Z,BRT,-22.74,73.4,990.6,14.18,9,203,0.70711,-0.70711,-0.34337,-0.9392,-21.96,-21.74,-20.79
2026-07-22T10:00:00Z,BRT,-21.96,67.7,991.8,12.45,10,203,0.5,-0.86603,-0.34337,-0.9392,-22.42,-20.67,-20.08
2026-07-22T11:00:00Z,BRT,-22.42,81.1,991.7,11.46,11,203,0.25882,-0.96593,-0.34337,-0.9392,-22.31,-20.15,-21.26
2026-07-22T12:00:00Z,BRT,-22.31,69.2,994.1,9.47,12,203,0.0,-1.0,-0.34337,-0.9392,-22.26,-20.86,-23.08
2026-07-22T13:00:00Z,BRT,-22.26,83.3,992.1,13.87,13,203,-0.25882,-0.96593,-0.34337,-0.9392,-22.17,-18.94,-22.78
2026-07-22T14:00:00Z,BRT,-22.17,74.2,992.6,10.56,14,203,-0.5,-0.86603,-0.34337,-0.9392,-21.74,-21.03,-22.31
2026-07-22T15:00:00Z,BRT,-21.74,82.5,990.4,11.86,15,203,-0.70711,-0.70711,-0.34337,-0.9392,-20.67,-21.19,-21.16
2026-07-22T16:00:00Z,BRT,-20.67,74.5,990.6,15.42,16,203,-0.86603,-0.5,-0.34337,-0.9392,-20.15,-22.63,-20.23
2026-07-22T17:00:00Z,BRT,-20.15,80.6,990.1,17.46,17,203,-0.96593,-0.25882,-0.34337,-0.9392,-20.86,-23.12,-22.26
2026-07-22T18:00:00Z,BRT,-20.86,70.8,991.8,9.76,18,203,-1.0,-0.0,-0.34337,-0.9392,-18.94,-21.89,-23.61
2026-07-22T19:00:00Z,BRT,-18.94,81.8,989.8,15.29,19,203,-0.96593,0.25882,-0.34337,-0.9392,-21.03,-21.65,-22.77
2026-07-22T20:00:00Z,BRT,-21.03,73.1,988.6,14.7,20,203,-0.86603,0.5,-0.34337,-0.9392,-21.19,-21.16,-21.93
2026-07-22T21:00:00Z,BRT,-21.19,74.3,989.1,12.98,21,203,-0.70711,0.70711,-0.34337,-0.9392,-22.63,-22.07,-21.74
2026-07-22T22:00:00Z,BRT,-22.63,77.8,988.3,12.96,22,203,-0.5,0.86603,-0.34337,-0.9392,-23.12,-20.95,-20.21
2026-07-22T23:00:00Z,BRT,-23.12,79.1,987.2,13.25,23,203,-0.25882,0.96593,-0.34337,-0.9392,-21.89,-21.09,-21.39
2026-07-23T00:00:00Z,BRT,-21.89,76.7,987.1,15.36,0,204,0.0,1.0,-0.35947,-0.93316,-21.65,-21.48,-22.95
2026-07-23T01:00:00Z,BRT,-21.65,78.1,986.5,13.1,1,204,0.25882,0.96593,-0.35947,-0.93316,-21.16,-20.5,-22.98
2026-07-23T02:00:00Z,BRT,-21.16,81.3,987.0,11.68,2,204,0.5,0.86603,-0.35947,-0.93316,-22.07,-19.95,-21.66
2026-07-23T03:00:00Z,BRT,-22.07,81.1,989.1,10.06,3,204,0.70711,0.70711,-0.35947,-0.93316,-20.95,-20.79,-22.87
2026-07-23T04:00:00Z,BRT,-20.95,75.8,989.4,14.09,4,204,0.86603,0.5,-0.35947,-0.93316,-21.09,-20.08,-22.38
2026-07-23T05:00:00Z,BRT,-21.09,85.9,990.4,18.46,5,204,0.96593,0.25882,-0.35947,-0.93316,-21.48,-21.26,-21.76
2026-07-23T06:00:00Z,BRT,-21.48,81.1,992.9,11.57,6,204,1.0,0.0,-0.35947,-0.93316,-20.5,-23.08,-21.76
2026-07-23T07:00:00Z,BRT,-20.5,84.9,992.4,9.31,7,204,0.96593,-0.25882,-0.35947,-0.93316,-19.95,-22.78,-22.82
2026-07-23T08:00:00Z,BRT,-19.95,72.0,993.5,15.34,8,204,0.86603,-0.5,-0.35947,-0.93316,-20.79,-22.31,-23.46
2026-07-23T09:00:00Z,BRT,-20.79,77.3,993.6,15.55,9,204,0.70711,-0.70711,-0.35947,-0.93316,-20.08,-21.16,-19.3
2026-07-23T10:00:00Z,BRT,-20.08,73.4,991.8,16.91,10,204,0.5,-0.86603,-0.35947,-0.93316,-21.26,-20.23,-24.97
2026-07-23T11:00:00Z,BRT,-21.26,68.5,994.1,14.89,11,204,0.25882,-0.96593,-0.35947,-0.93316,-23.08,-22.26,-26.24
2026-07-23T12:00:00Z,BRT,-23.08,75.8,994.2,11.71,12,204,0.0,-1.0,-0.35947,-0.93316,-22.78,-23.61,-27.43
2026-07-23T13:00:00Z,BRT,-22.78,76.4,994.5,12.85,13,204,-0.25882,-0.96593,-0.35947,-0.93316,-22.31,-22.77,-22.28
2026-07-23T14:00:00Z,BRT,-22.31,67.0,993.2,14.7,14,204,-0.5,-0.86603,-0.35947,-0.93316,-21.16,-21.93,-21.06
2026-07-23T15:00:00Z,BRT,-21.16,75.1,994.8,10.99,15,204,-0.70711,-0.70711,-0.35947,-0.93316,-20.23,-21.74,-17.52
2026-07-23T16:00:00Z,BRT,-20.23,74.7,998.6,16.22,16,204,-0.86603,-0.5,-0.35947,-0.93316,-22.26,-20.21,-17.06
2026-07-23T17:00:00Z,BRT,-22.26,81.1,997.9,15.18,17,204,-0.96593,-0.25882,-0.35947,-0.93316,-23.61,-21.39,-17.1
2026-07-23T18:00:00Z,BRT,-23.61,78.5,996.3,12.88,18,204,-1.0,-0.0,-0.35947,-0.93316,-22.77,-22.95,-16.98
2026-07-23T19:00:00Z,BRT,-22.77,75.5,991.4,16.47,19,204,-0.96593,0.25882,-0.35947,-0.93316,-21.93,-22.98,-17.64
2026-07-23T20:00:00Z,BRT,-21.93,87.3,990.7,16.64,20,204,-0.86603,0.5,-0.35947,-0.93316,-21.74,-21.66,-14.93
2026-07-23T21:00:00Z,BRT,-21.74,82.9,986.6,13.26,21,204,-0.70711,0.70711,-0.35947,-0.93316,-20.21,-22.87,-15.48
2026-07-23T22:00:00Z,BRT,-20.21,81.6,986.1,16.83,22,204,-0.5,0.86603,-0.35947,-0.93316,-21.39,-22.38,-12.95
2026-07-23T23:00:00Z,BRT,-21.39,80.2,984.4,16.48,23,204,-0.25882,0.96593,-0.35947,-0.93316,-22.95,-21.76,-14.25
2026-07-24T00:00:00Z,BRT,-22.95,86.0,984.3,15.92,0,205,0.0,1.0,-0.37547,-0.92683,-22.98,-21.76,-15.91
2026-07-24T01:00:00Z,BRT,-22.98,80.0,983.6,13.11,1,205,0.25882,0.96593,-0.37547,-0.92683,-21.66,-22.82,-12.51
2026-07-24T02:00:00Z,BRT,-21.66,85.5,981.1,18.94,2,205,0.5,0.86603,-0.37547,-0.92683,-22.87,-23.46,-14.92
2026-07-24T03:00:00Z,BRT,-22.87,82.5,982.1,16.47,3,205,0.70711,0.70711,-0.37547,-0.92683,-22.38,-19.3,-14.9
2026-07-24T04:00:00Z,BRT,-22.38,79.8,980.6,16.82,4,205,0.86603,0.5,-0.37547,-0.92683,-21.76,-24.97,-17.15
2026-07-24T05:00:00Z,BRT,-21.76,89.4,978.5,18.38,5,205,0.96593,0.25882,-0.37547,-0.92683,-21.76,-26.24,-18.02
2026-07-24T06:00:00Z,BRT,-21.76,92.5,978.3,18.56,6,205,1.0,0.0,-0.37547,-0.92683,-22.82,-27.43,-18.0
2026-07-24T07:00:00Z,BRT,-22.82,84.7,979.7,17.18,7,205,0.96593,-0.25882,-0.37547,-0.92683,-23.46,-22.28,-18.85
2026-07-24T08:00:00Z,BRT,-23.46,86.5,978.2,14.8,8,205,0.86603,-0.5,-0.37547,-0.92683,-19.3,-21.06,-24.21
2026-07-24T09:00:00Z,BRT,-19.3,79.5,976.1,17.71,9,205,0.70711,-0.70711,-0.37547,-0.92683,-24.97,-17.52,-25.24
2026-07-24T10:00:00Z,BRT,-24.97,91.4,978.1,16.64,10,205,0.5,-0.86603,-0.37547,-0.92683,-26.24,-17.06,-24.84
2026-07-24T11:00:00Z,BRT,-26.24,87.9,980.5,17.93,11,205,0.25882,-0.96593,-0.37547,-0.92683,-27.43,-17.1,-23.77
2026-07-24T12:00:00Z,BRT,-27.43,91.5,978.1,14.46,12,205,0.0,-1.0,-0.37547,-0.92683,-22.28,-16.98,-23.98
2026-07-24T13:00:00Z,BRT,-22.28,84.0,975.3,14.07,13,205,-0.25882,-0.96593,-0.37547,-0.92683,-21.06,-17.64,-24.16
2026-07-24T14:00:00Z,BRT,-21.06,94.3,975.6,13.56,14,205,-0.5,-0.86603,-0.37547,-0.92683,-17.52,-14.93,-23.53
2026-07-24T15:00:00Z,BRT,-17.52,90.4,972.2,18.58,15,205,-0.70711,-0.70711,-0.37547,-0.92683,-17.06,-15.48,-25.62
2026-07-24T16:00:00Z,BRT,-17.06,87.8,973.8,20.03,16,205,-0.86603,-0.5,-0.37547,-0.92683,-17.1,-12.95,-24.59
2026-07-24T17:00:00Z,BRT,-17.1,92.9,974.7,19.28,17,205,-0.96593,-0.25882,-0.37547,-0.92683,-16.98,-14.25,-24.37
2026-07-24T18:00:00Z,BRT,-16.98,96.6,974.3,18.68,18,205,-1.0,-0.0,-0.37547,-0.92683,-17.64,-15.91,-22.36
2026-07-24T19:00:00Z,BRT,-17.64,99.0,974.5,17.77,19,205,-0.96593,0.25882,-0.37547,-0.92683,-14.93,-12.51,-23.43
2026-07-24T20:00:00Z,BRT,-14.93,99.0,970.6,20.65,20,205,-0.86603,0.5,-0.37547,-0.92683,-15.48,-14.92,-22.68
2026-07-24T21:00:00Z,BRT,-15.48,90.4,969.4,19.28,21,205,-0.70711,0.70711,-0.37547,-0.92683,-12.95,-14.9,-21.3
2026-07-24T22:00:00Z,BRT,-12.95,99.0,969.5,22.58,22,205,-0.5,0.86603,-0.37547,-0.92683,-14.25,-17.15,-21.71
2026-07-24T23:00:00Z,BRT,-14.25,90.6,969.5,19.22,23,205,-0.25882,0.96593,-0.37547,-0.92683,-15.91,-18.02,-22.58
2026-07-25T00:00:00Z,BRT,-15.91,96.3,969.5,15.32,0,206,0.0,1.0,-0.39136,-0.92024,-12.51,-18.0,-23.05
2026-07-25T01:00:00Z,BRT,-12.51,99.0,967.9,21.45,1,206,0.25882,0.96593,-0.39136,-0.92024,-14.92,-18.85,-23.18
2026-07-25T02:00:00Z,BRT,-14.92,99.0,968.2,17.36,2,206,0.5,0.86603,-0.39136,-0.92024,-14.9,-24.21,-24.04
2026-07-25T03:00:00Z,BRT,-14.9,93.1,968.7,20.08,3,206,0.70711,0.70711,-0.39136,-0.92024,-17.15,-25.24,-24.24
2026-07-25T04:00:00Z,BRT,-17.15,87.7,974.1,18.0,4,206,0.86603,0.5,-0.39136,-0.92024,-18.02,-24.84,-24.44
2026-07-25T05:00:00Z,BRT,-18.02,99.0,975.5,20.9,5,206,0.96593,0.25882,-0.39136,-0.92024,-18.0,-23.77,-24.05
2026-07-25T06:00:00Z,BRT,-18.0,93.2,974.9,18.24,6,206,1.0,0.0,-0.39136,-0.92024,-18.85,-23.98,-24.34
2026-07-25T07:00:00Z,BRT,-18.85,93.7,975.7,14.16,7,206,0.96593,-0.25882,-0.39136,-0.92024,-24.21,-24.16,-24.49
2026-07-25T08:00:00Z,BRT,-24.21,88.3,978.4,17.01,8,206,0.86603,-0.5,-0.39136,-0.92024,-25.24,-23.53,-23.65
2026-07-25T09:00:00Z,BRT,-25.24,97.4,978.5,16.43,9,206,0.70711,-0.70711,-0.39136,-0.92024,-24.84,-25.62,-22.53
2026-07-25T10:00:00Z,BRT,-24.84,82.5,981.8,16.2,10,206,0.5,-0.86603,-0.39136,-0.92024,-23.77,-24.59,-21.71
2026-07-25T11:00:00Z,BRT,-23.77,79.7,982.2,13.73,11,206,0.25882,-0.96593,-0.39136,-0.92024,-23.98,-24.37,-21.65
2026-07-25T12:00:00Z,BRT,-23.98,83.9,984.4,10.94,12,206,0.0,-1.0,-0.39136,-0.92024,-24.16,-22.36,-20.96
2026-07-25T13:00:00Z,BRT,-24.16,81.8,987.2,12.66,13,206,-0.25882,-0.96593,-0.39136,-0.92024,-23.53,-23.43,-21.35
2026-07-25T14:00:00Z,BRT,-23.53,84.2,987.1,17.51,14,206,-0.5,-0.86603,-0.39136,-0.92024,-25.62,-22.68,-21.77
2026-07-25T15:00:00Z,BRT,-25.62,74.7,987.9,12.79,15,206,-0.70711,-0.70711,-0.39136,-0.92024,-24.59,-21.3,-23.17
2026-07-25T16:00:00Z,BRT,-24.59,81.7,987.7,16.47,16,206,-0.86603,-0.5,-0.39136,-0.92024,-24.37,-21.71,-22.39
2026-07-25T17:00:00Z,BRT,-24.37,74.6,989.9,12.99,17,206,-0.96593,-0.25882,-0.39136,-0.92024,-22.36,-22.58,-21.82
2026-07-25T18:00:00Z,BRT,-22.36,79.1,987.8,18.87,18,206,-1.0,-0.0,-0.39136,-0.92024,-23.43,-23.05,-22.36
2026-07-25T19:00:00Z,BRT,-23.43,79.8,988.2,13.75,19,206,-0.96593,0.25882,-0.39136,-0.92024,-22.68,-23.18,-22.88
2026-07-25T20:00:00Z,BRT,-22.68,83.4,994.2,11.61,20,206,-0.86603,0.5,-0.39136,-0.92024,-21.3,-24.04,-23.53
2026-07-25T21:00:00Z,BRT,-21.3,67.8,995.5,9.47,21,206,-0.70711,0.70711,-0.39136,-0.92024,-21.71,-24.24,-22.56
2026-07-25T22:00:00Z,BRT,-21.71,69.8,998.5,8.98,22,206,-0.5,0.86603,-0.39136,-0.92024,-22.58,-24.44,-22.44
2026-07-25T23:00:00Z,BRT,-22.58,69.6,999.8,9.14,23,206,-0.25882,0.96593,-0.39136,-0.92024,-23.05,-24.05,-22.89
2026-07-26T00:00:00Z,BRT,-23.05,70.7,1001.6,6.01,0,207,0.0,1.0,-0.40713,-0.91337,-23.18,-24.34,-22.83
2026-07-26T01:00:00Z,BRT,-23.18,74.6,1000.4,12.22,1,207,0.25882,0.96593,-0.40713,-0.91337,-24.04,-24.49,-22.67
2026-07-26T02:00:00Z,BRT,-24.04,76.0,998.8,11.75,2,207,0.5,0.86603,-0.40713,-0.91337,-24.24,-23.65,-23.05
2026-07-26T03:00:00Z,BRT,-24.24,67.6,1001.8,11.59,3,207,0.70711,0.70711,-0.40713,-0.91337,-24.44,-22.53,-24.99
2026-07-26T04:00:00Z,BRT,-24.44,72.7,1000.4,8.91,4,207,0.86603,0.5,-0.40713,-0.91337,-24.05,-21.71,-26.41
2026-07-26T05:00:00Z,BRT,-24.05,64.7,1002.9,9.08,5,207,0.96593,0.25882,-0.40713,-0.91337,-24.34,-21.65,-20.27
2026-07-26T06:00:00Z,BRT,-24.34,62.6,1002.1,8.62,6,207,1.0,0.0,-0.40713,-0.91337,-24.49,-20.96,-20.97
2026-07-26T07:00:00Z,BRT,-24.49,67.8,1002.7,8.64,7,207,0.96593,-0.25882,-0.40713,-0.91337,-23.65,-21.35,-22.09
2026-07-26T08:00:00Z,BRT,-23.65,63.5,1006.0,7.71,8,207,0.86603,-0.5,-0.40713,-0.91337,-22.53,-21.77,-22.39
2026-07-26T09:00:00Z,BRT,-22.53,68.0,1007.0,8.25,9,207,0.70711,-0.70711,-0.40713,-0.91337,-21.71,-23.17,-19.44
2026-07-26T10:00:00Z,BRT,-21.71,75.1,1008.6,12.6,10,207,0.5,-0.86603,-0.40713,-0.91337,-21.65,-22.39,-19.85
2026-07-26T11:00:00Z,BRT,-21.65,59.8,1008.2,7.67,11,207,0.25882,-0.96593,-0.40713,-0.91337,-20.96,-21.82,-18.96
2026-07-26T12:00:00Z,BRT,-20.96,67.6,1009.4,6.72,12,207,0.0,-1.0,-0.40713,-0.91337,-21.35,-22.36,-18.89
2026-07-26T13:00:00Z,BRT,-21.35,61.1,1011.9,8.62,13,207,-0.25882,-0.96593,-0.40713,-0.91337,-21.77,-22.88,-18.31
2026-07-26T14:00:00Z,BRT,-21.77,51.7,1015.4,7.52,14,207,-0.5,-0.86603,-0.40713,-0.91337,-23.17,-23.53,-18.01
2026-07-26T15:00:00Z,BRT,-23.17,64.6,1016.0,9.0,15,207,-0.70711,-0.70711,-0.40713,-0.91337,-22.39,-22.56,-17.39
2026-07-26T16:00:00Z,BRT,-22.39,52.2,1016.1,6.75,16,207,-0.86603,-0.5,-0.40713,-0.91337,-21.82,-22.44,-17.84
2026-07-26T17:00:00Z,BRT,-21.82,51.5,1015.8,11.69,17,207,-0.96593,-0.25882,-0.40713,-0.91337,-22.36,-22.89,-19.41
2026-07-26T18:00:00Z,BRT,-22.36,56.7,1014.4,10.97,18,207,-1.0,-0.0,-0.40713,-0.91337,-22.88,-22.83,-19.34
2026-07-26T19:00:00Z,BRT,-22.88,53.1,1012.4,9.91,19,207,-0.96593,0.25882,-0.40713,-0.91337,-23.53,-22.67,-20.07
2026-07-26T20:00:00Z,BRT,-23.53,59.8,1011.0,6.81,20,207,-0.86603,0.5,-0.40713,-0.91337,-22.56,-23.05,-18.93
2026-07-26T21:00:00Z,BRT,-22.56,56.4,1012.0,5.82,21,207,-0.70711,0.70711,-0.40713,-0.91337,-22.44,-24.99,-19.05
2026-07-26T22:00:00Z,BRT,-22.44,54.8,1006.7,9.9,22,207,-0.5,0.86603,-0.40713,-0.91337,-22.89,-26.41,-17.5
2026-07-26T23:00:00Z,BRT,-22.89,68.1,1006.0,8.24,23,207,-0.25882,0.96593,-0.40713,-0.91337,-22.83,-20.27,-20.71
2026-07-27T00:00:00Z,BRT,-22.83,59.0,1005.1,9.52,0,208,0.0,1.0,-0.42278,-0.90623,-22.67,-20.97,-18.93
2026-07-27T01:00:00Z,BRT,-22.67,63.9,1004.7,8.35,1,208,0.25882,0.96593,-0.42278,-0.90623,-23.05,-22.09,-19.17
2026-07-27T02:00:00Z,BRT,-23.05,59.6,1004.3,8.3,2,208,0.5,0.86603,-0.42278,-0.90623,-24.99,-22.39,-17.69
2026-07-27T03:00:00Z,BRT,-24.99,67.4,1005.3,9.68,3,208,0.70711,0.70711,-0.42278,-0.90623,-26.41,-19.44,-16.38
2026-07-27T04:00:00Z,BRT,-26.41,54.2,1008.1,8.29,4,208,0.86603,0.5,-0.42278,-0.90623,-20.27,-19.85,-17.79
2026-07-27T05:00:00Z,BRT,-20.27,80.0,1003.8,40.25,5,208,0.96593,0.25882,-0.42278,-0.90623,-20.97,-18.96,-18.6
2026-07-27T06:00:00Z,BRT,-20.97,75.6,1000.8,34.98,6,208,1.0,0.0,-0.42278,-0.90623,-22.09,-18.89,-19.5
2026-07-27T07:00:00Z,BRT,-22.09,74.0,1000.1,32.76,7,208,0.96593,-0.25882,-0.42278,-0.90623,-22.39,-18.31,-19.8
2026-07-27T08:00:00Z,BRT,-22.39,81.9,998.4,31.04,8,208,0.86603,-0.5,-0.42278,-0.90623,-19.44,-18.01,-17.51
2026-07-27T09:00:00Z,BRT,-19.44,76.9,997.2,38.17,9,208,0.70711,-0.70711,-0.42278,-0.90623,-19.85,-17.39,-18.42
2026-07-27T10:00:00Z,BRT,-19.85,77.1,998.0,34.73,10,208,0.5,-0.86603,-0.42278,-0.90623,-18.96,-17.84,-19.17
2026-07-27T11:00:00Z,BRT,-18.96,68.4,998.1,35.49,11,208,0.25882,-0.96593,-0.42278,-0.90623,-18.89,-19.41,-18.13
2026-07-27T12:00:00Z,BRT,-18.89,77.2,996.3,39.6,12,208,0.0,-1.0,-0.42278,-0.90623,-18.31,-19.34,-20.14
2026-07-27T13:00:00Z,BRT,-18.31,82.5,997.1,37.04,13,208,-0.25882,-0.96593,-0.42278,-0.90623,-18.01,-20.07,-21.17
2026-07-27T14:00:00Z,BRT,-18.01,76.7,997.0,36.57,14,208,-0.5,-0.86603,-0.42278,-0.90623,-17.39,-18.93,-21.84
2026-07-27T15:00:00Z,BRT,-17.39,76.9,998.7,40.21,15,208,-0.70711,-0.70711,-0.42278,-0.90623,-17.84,-19.05,-19.49
2026-07-27T16:00:00Z,BRT,-17.84,81.3,999.9,40.55,16,208,-0.86603,-0.5,-0.42278,-0.90623,-19.41,-17.5,-20.36
2026-07-27T17:00:00Z,BRT,-19.41,76.2,997.1,37.74,17,208,-0.96593,-0.25882,-0.42278,-0.90623,-19.34,-20.71,-19.94
2026-07-27T18:00:00Z,BRT,-19.34,80.4,997.2,34.61,18,208,-1.0,-0.0,-0.42278,-0.90623,-20.07,-18.93,-19.06
2026-07-27T19:00:00Z,BRT,-20.07,80.8,996.9,37.99,19,208,-0.96593,0.25882,-0.42278,-0.90623,-18.93,-19.17,-18.18
2026-07-27T20:00:00Z,BRT,-18.93,84.3,996.3,42.58,20,208,-0.86603,0.5,-0.42278,-0.90623,-19.05,-17.69,-18.32
2026-07-27T21:00:00Z,BRT,-19.05,82.7,997.8,39.69,21,208,-0.70711,0.70711,-0.42278,-0.90623,-17.5,-16.38,-19.41
2026-07-27T22:00:00Z,BRT,-17.5,83.2,1000.3,40.35,22,208,-0.5,0.86603,-0.42278,-0.90623,-20.71,-17.79,-20.79
2026-07-27T23:00:00Z,BRT,-20.71,70.2,1002.5,30.88,23,208,-0.25882,0.96593,-0.42278,-0.90623,-18.93,-18.6,-19.44
2026-07-28T00:00:00Z,BRT,-18.93,73.8,1001.6,36.89,0,209,0.0,1.0,-0.43831,-0.89883,-19.17,-19.5,-23.36
2026-07-28T01:00:00Z,BRT,-19.17,82.6,1002.9,33.15,1,209,0.25882,0.96593,-0.43831,-0.89883,-17.69,-19.8,-23.08
2026-07-28T02:00:00Z,BRT,-17.69,59.6,1003.3,34.45,2,209,0.5,0.86603,-0.43831,-0.89883,-16.38,-17.51,-23.17
2026-07-28T03:00:00Z,BRT,-16.38,86.5,1002.6,38.82,3,209,0.70711,0.70711,-0.43831,-0.89883,-17.79,-18.42,-23.67
2026-07-28T04:00:00Z,BRT,-17.79,75.2,1002.0,37.81,4,209,0.86603,0.5,-0.43831,-0.89883,-18.6,-19.17,-23.64
2026-07-28T05:00:00Z,BRT,-18.6,68.3,1001.5,38.67,5,209,0.96593,0.25882,-0.43831,-0.89883,-19.5,-18.13,-23.02
2026-07-28T06:00:00Z,BRT,-19.5,79.8,1002.1,36.59,6,209,1.0,0.0,-0.43831,-0.89883,-19.8,-20.14,-22.94
2026-07-28T07:00:00Z,BRT,-19.8,73.1,997.9,33.64,7,209,0.96593,-0.25882,-0.43831,-0.89883,-17.51,-21.17,-22.0
2026-07-28T08:00:00Z,BRT,-17.51,80.4,995.3,41.49,8,209,0.86603,-0.5,-0.43831,-0.89883,-18.42,-21.84,-23.22
2026-07-28T09:00:00Z,BRT,-18.42,79.2,992.6,36.21,9,209,0.70711,-0.70711,-0.43831,-0.89883,-19.17,-19.49,-23.11
2026-07-28T10:00:00Z,BRT,-19.17,86.1,990.3,40.32,10,209,0.5,-0.86603,-0.43831,-0.89883,-18.13,-20.36,-22.88
2026-07-28T11:00:00Z,BRT,-18.13,83.0,987.6,40.02,11,209,0.25882,-0.96593,-0.43831,-0.89883,-20.14,-19.94,-22.95
2026-07-28T12:00:00Z,BRT,-20.14,89.7,989.4,37.96,12,209,0.0,-1.0,-0.43831,-0.89883,-21.17,-19.06,-22.72
2026-07-28T13:00:00Z,BRT,-21.17,83.8,992.0,35.93,13,209,-0.25882,-0.96593,-0.43831,-0.89883,-21.84,-18.18,-21.45
2026-07-28T14:00:00Z,BRT,-21.84,83.6,990.7,36.4,14,209,-0.5,-0.86603,-0.43831,-0.89883,-19.49,-18.32,-21.99
2026-07-28T15:00:00Z,BRT,-19.49,93.7,989.5,41.18,15,209,-0.70711,-0.70711,-0.43831,-0.89883,-20.36,-19.41,-22.07
2026-07-28T16:00:00Z,BRT,-20.36,84.5,987.7,41.02,16,209,-0.86603,-0.5,-0.43831,-0.89883,-19.94,-20.79,-22.19
2026-07-28T17:00:00Z,BRT,-19.94,87.0,989.2,40.49,17,209,-0.96593,-0.25882,-0.43831,-0.89883,-19.06,-19.44,-21.26
2026-07-28T18:00:00Z,BRT,-19.06,87.0,990.7,41.65,18,209,-1.0,-0.0,-0.43831,-0.89883,-18.18,-23.36,-20.46
2026-07-28T19:00:00Z,BRT,-18.18,82.5,989.4,41.78,19,209,-0.96593,0.25882,-0.43831,-0.89883,-18.32,-23.08,-20.78
2026-07-28T20:00:00Z,BRT,-18.32,80.1,992.3,42.98,20,209,-0.86603,0.5,-0.43831,-0.89883,-19.41,-23.17,-22.16
2026-07-28T21:00:00Z,BRT,-19.41,82.1,994.2,38.7,21,209,-0.70711,0.70711,-0.43831,-0.89883,-20.79,-23.67,-22.94
2026-07-28T22:00:00Z,BRT,-20.79,91.8,989.0,37.18,22,209,-0.5,0.86603,-0.43831,-0.89883,-19.44,-23.64,-21.26
2026-07-28T23:00:00Z,BRT,-19.44,84.6,989.4,35.62,23,209,-0.25882,0.96593,-0.43831,-0.89883,-23.36,-23.02,-21.59
2026-07-29T00:00:00Z,BRT,-23.36,83.4,988.2,8.71,0,210,0.0,1.0,-0.4537,-0.89115,-23.08,-22.94,-21.07
2026-07-29T01:00:00Z,BRT,-23.08,89.9,987.7,14.21,1,210,0.25882,0.96593,-0.4537,-0.89115,-23.17,-22.0,-20.46
2026-07-29T02:00:00Z,BRT,-23.17,72.1,989.9,11.01,2,210,0.5,0.86603,-0.4537,-0.89115,-23.67,-23.22,-20.95
2026-07-29T03:00:00Z,BRT,-23.67,82.0,987.6,15.83,3,210,0.70711,0.70711,-0.4537,-0.89115,-23.64,-23.11,-21.11
2026-07-29T04:00:00Z,BRT,-23.64,76.8,987.3,14.33,4,210,0.86603,0.5,-0.4537,-0.89115,-23.02,-22.88,-21.02
2026-07-29T05:00:00Z,BRT,-23.02,88.3,985.8,12.94,5,210,0.96593,0.25882,-0.4537,-0.89115,-22.94,-22.95,-20.61
2026-07-29T06:00:00Z,BRT,-22.94,84.6,985.9,11.88,6,210,1.0,0.0,-0.4537,-0.89115,-22.0,-22.72,-20.76
2026-07-29T07:00:00Z,BRT,-22.0,79.5,987.8,11.5,7,210,0.96593,-0.25882,-0.4537,-0.89115,-23.22,-21.45,-20.7
2026-07-29T08:00:00Z,BRT,-23.22,83.1,986.1,13.53,8,210,0.86603,-0.5,-0.4537,-0.89115,-23.11,-21.99,-21.8
2026-07-29T09:00:00Z,BRT,-23.11,83.6,987.3,13.05,9,210,0.70711,-0.70711,-0.4537,-0.89115,-22.88,-22.07,-21.47
2026-07-29T10:00:00Z,BRT,-22.88,82.9,986.3,13.15,10,210,0.5,-0.86603,-0.4537,-0.89115,-22.95,-22.19,-21.27
2026-07-29T11:00:00Z,BRT,-22.95,76.1,983.5,16.84,11,210,0.25882,-0.96593,-0.4537,-0.89115,-22.72,-21.26,-21.78
2026-07-29T12:00:00Z,BRT,-22.72,84.3,983.4,11.23,12,210,0.0,-1.0,-0.4537,-0.89115,-21.45,-20.46,-21.76
2026-07-29T13:00:00Z,BRT,-21.45,76.0,983.2,16.65,13,210,-0.25882,-0.96593,-0.4537,-0.89115,-21.99,-20.78,-21.47
2026-07-29T14:00:00Z,BRT,-21.99,77.4,983.2,13.97,14,210,-0.5,-0.86603,-0.4537,-0.89115,-22.07,-22.16,-21.08
2026-07-29T15:00:00Z,BRT,-22.07,82.7,986.2,14.29,15,210,-0.70711,-0.70711,-0.4537,-0.89115,-22.19,-22.94,-21.46
2026-07-29T16:00:00Z,BRT,-22.19,82.4,984.7,15.68,16,210,-0.86603,-0.5,-0.4537,-0.89115,-21.26,-21.26,-22.37
2026-07-29T17:00:00Z,BRT,-21.26,85.8,982.8,17.98,17,210,-0.96593,-0.25882,-0.4537,-0.89115,-20.46,-21.59,-21.92
2026-07-29T18:00:00Z,BRT,-20.46,79.8,981.4,19.34,18,210,-1.0,-0.0,-0.4537,-0.89115,-20.78,-21.07,-22.57
2026-07-29T19:00:00Z,BRT,-20.78,80.3,983.9,20.15,19,210,-0.96593,0.25882,-0.4537,-0.89115,-22.16,-20.46,-21.95
2026-07-29T20:00:00Z,BRT,-22.16,85.1,982.6,16.85,20,210,-0.86603,0.5,-0.4537,-0.89115,-22.94,-20.95,-21.78
2026-07-29T21:00:00Z,BRT,-22.94,90.8,981.2,15.15,21,210,-0.70711,0.70711,-0.4537,-0.89115,-21.26,-21.11,-23.36
2026-07-29T22:00:00Z,BRT,-21.26,88.3,978.0,16.55,22,210,-0.5,0.86603,-0.4537,-0.89115,-21.59,-21.02,-23.7
2026-07-29T23:00:00Z,BRT,-21.59,85.0,979.4,14.31,23,210,-0.25882,0.96593,-0.4537,-0.89115,-21.07,-20.61,-23.22
2026-07-30T00:00:00Z,BRT,-21.07,82.7,982.1,13.6,0,211,0.0,1.0,-0.46897,-0.88322,-20.46,-20.76,-23.05
2026-07-30T01:00:00Z,BRT,-20.46,86.0,980.5,16.46,1,211,0.25882,0.96593,-0.46897,-0.88322,-20.95,-20.7,-22.89
2026-07-30T02:00:00Z,BRT,-20.95,83.9,979.9,16.51,2,211,0.5,0.86603,-0.46897,-0.88322,-21.11,-21.8,-22.94
2026-07-30T03:00:00Z,BRT,-21.11,88.1,983.4,17.43,3,211,0.70711,0.70711,-0.46897,-0.88322,-21.02,-21.47,-22.72
2026-07-30T04:00:00Z,BRT,-21.02,89.4,982.6,13.12,4,211,0.86603,0.5,-0.46897,-0.88322,-20.61,-21.27,-23.45
2026-07-30T05:00:00Z,BRT,-20.61,82.1,979.3,13.49,5,211,0.96593,0.25882,-0.46897,-0.88322,-20.76,-21.78,-22.72
2026-07-30T06:00:00Z,BRT,-20.76,81.5,981.3,16.14,6,211,1.0,0.0,-0.46897,-0.88322,-20.7,-21.76,-22.24
2026-07-30T07:00:00Z,BRT,-20.7,82.7,983.1,14.65,7,211,0.96593,-0.25882,-0.46897,-0.88322,-21.8,-21.47,-21.46
2026-07-30T08:00:00Z,BRT,-21.8,87.2,984.4,13.85,8,211,0.86603,-0.5,-0.46897,-0.88322,-21.47,-21.08,-21.22
2026-07-30T09:00:00Z,BRT,-21.47,83.7,983.4,18.67,9,211,0.70711,-0.70711,-0.46897,-0.88322,-21.27,-21.46,-20.79
2026-07-30T10:00:00Z,BRT,-21.27,89.7,984.4,15.99,10,211,0.5,-0.86603,-0.46897,-0.88322,-21.78,-22.37,-20.4
2026-07-30T11:00:00Z,BRT,-21.78,75.2,984.5,16.61,11,211,0.25882,-0.96593,-0.46897,-0.88322,-21.76,-21.92,-21.41
2026-07-30T12:00:00Z,BRT,-21.76,83.2,984.2,17.04,12,211,0.0,-1.0,-0.46897,-0.88322,-21.47,-22.57,-21.38
2026-07-30T13:00:00Z,BRT,-21.47,85.8,987.7,12.72,13,211,-0.25882,-0.96593,-0.46897,-0.88322,-21.08,-21.95,-20.99
2026-07-30T14:00:00Z,BRT,-21.08,71.3,986.3,15.81,14,211,-0.5,-0.86603,-0.46897,-0.88322,-21.46,-21.78,-20.81
2026-07-30T15:00:00Z,BRT,-21.46,91.5,984.4,18.6,15,211,-0.70711,-0.70711,-0.46897,-0.88322,-22.37,-23.36,-20.75
2026-07-30T16:00:00Z,BRT,-22.37,71.5,985.2,15.24,16,211,-0.86603,-0.5,-0.46897,-0.88322,-21.92,-23.7,-20.8
2026-07-30T17:00:00Z,BRT,-21.92,87.6,984.4,18.09,17,211,-0.96593,-0.25882,-0.46897,-0.88322,-22.57,-23.22,-21.3
2026-07-30T18:00:00Z,BRT,-22.57,78.5,987.7,16.93,18,211,-1.0,-0.0,-0.46897,-0.88322,-21.95,-23.05,-21.61
2026-07-30T19:00:00Z,BRT,-21.95,86.5,988.4,15.88,19,211,-0.96593,0.25882,-0.46897,-0.88322,-21.78,-22.89,-21.9
2026-07-30T20:00:00Z,BRT,-21.78,88.3,989.8,14.26,20,211,-0.86603,0.5,-0.46897,-0.88322,-23.36,-22.94,-22.57
2026-07-30T21:00:00Z,BRT,-23.36,71.6,991.3,13.97,21,211,-0.70711,0.70711,-0.46897,-0.88322,-23.7,-22.72,-23.54
2026-07-30T22:00:00Z,BRT,-23.7,75.5,992.2,14.92,22,211,-0.5,0.86603,-0.46897,-0.88322,-23.22,-23.45,-22.8
2026-07-30T23:00:00Z,BRT,-23.22,78.0,993.6,13.92,23,211,-0.25882,0.96593,-0.46897,-0.88322,-23.05,-22.72,-22.7
2026-07-31T00:00:00Z,BRT,-23.05,84.6,992.2,7.9,0,212,0.0,1.0,-0.48409,-0.87502,-22.89,-22.24,-22.92
2026-07-31T01:00:00Z,BRT,-22.89,64.2,994.6,10.37,1,212,0.25882,0.96593,-0.48409,-0.87502,-22.94,-21.46,-22.09
2026-07-31T02:00:00Z,BRT,-22.94,75.1,998.2,6.91,2,212,0.5,0.86603,-0.48409,-0.87502,-22.72,-21.22,-21.77
2026-07-31T03:00:00Z,BRT,-22.72,78.4,996.7,13.49,3,212,0.70711,0.70711,-0.48409,-0.87502,-23.45,-20.79,-22.52
2026-07-31T04:00:00Z,BRT,-23.45,61.6,999.8,12.57,4,212,0.86603,0.5,-0.48409,-0.87502,-22.72,-20.4,-22.44
2026-07-31T05:00:00Z,BRT,-22.72,75.6,998.5,9.19,5,212,0.96593,0.25882,-0.48409,-0.87502,-22.24,-21.41,-22.46
2026-07-31T06:00:00Z,BRT,-22.24,62.8,999.4,8.66,6,212,1.0,0.0,-0.48409,-0.87502,-21.46,-21.38,-21.93
2026-07-31T07:00:00Z,BRT,-21.46,73.1,1002.2,8.05,7,212,0.96593,-0.25882,-0.48409,-0.87502,-21.22,-20.99,-22.33
2026-07-31T08:00:00Z,BRT,-21.22,73.9,1004.9,8.56,8,212,0.86603,-0.5,-0.48409,-0.87502,-20.79,-20.81,-23.37
2026-07-31T09:00:00Z,BRT,-20.79,67.8,1004.6,7.89,9,212,0.70711,-0.70711,-0.48409,-0.87502,-20.4,-20.75,-24.62
2026-07-31T10:00:00Z,BRT,-20.4,56.9,1005.7,8.53,10,212,0.5,-0.86603,-0.48409,-0.87502,-21.41,-20.8,-25.1
2026-07-31T11:00:00Z,BRT,-21.41,63.7,1008.7,9.42,11,212,0.25882,-0.96593,-0.48409,-0.87502,-21.38,-21.3,-26.01
2026-07-31T12:00:00Z,BRT,-21.38,50.7,1009.2,4.33,12,212,0.0,-1.0,-0.48409,-0.87502,-20.99,-21.61,-24.4
2026-07-31T13:00:00Z,BRT,-20.99,63.0,1009.3,10.98,13,212,-0.25882,-0.96593,-0.48409,-0.87502,-20.81,-21.9,-23.66
2026-07-31T14:00:00Z,BRT,-20.81,60.3,1009.8,8.12,14,212,-0.5,-0.86603,-0.48409,-0.87502,-20.75,-22.57,-22.75
2026-07-31T15:00:00Z,BRT,-20.75,66.4,1008.6,8.69,15,212,-0.70711,-0.70711,-0.48409,-0.87502,-20.8,-23.54,-22.8
2026-07-31T16:00:00Z,BRT,-20.8,62.6,1006.1,10.2,16,212,-0.86603,-0.5,-0.48409,-0.87502,-21.3,-22.8,-23.04
2026-07-31T17:00:00Z,BRT,-21.3,71.0,1004.2,8.93,17,212,-0.96593,-0.25882,-0.48409,-0.87502,-21.61,-22.7,-23.1
2026-07-31T18:00:00Z,BRT,-21.61,70.3,1005.0,11.93,18,212,-1.0,-0.0,-0.48409,-0.87502,-21.9,-22.92,-22.71
2026-07-31T19:00:00Z,BRT,-21.9,64.3,1006.1,9.53,19,212,-0.96593,0.25882,-0.48409,-0.87502,-22.57,-22.09,-23.63
2026-07-31T20:00:00Z,BRT,-22.57,61.7,1007.0,8.77,20,212,-0.86603,0.5,-0.48409,-0.87502,-23.54,-21.77,-21.71
2026-07-31T21:00:00Z,BRT,-23.54,59.8,1008.5,9.7,21,212,-0.70711,0.70711,-0.48409,-0.87502,-22.8,-22.52,-24.07
2026-07-31T22:00:00Z,BRT,-22.8,58.6,1007.6,7.23,22,212,-0.5,0.86603,-0.48409,-0.87502,-22.7,-22.44,-24.5
2026-07-31T23:00:00Z,BRT,-22.7,68.7,1007.8,8.93,23,212,-0.25882,0.96593,-0.48409,-0.87502,-22.92,-22.46,-24.31
2026-08-01T00:00:00Z,BRT,-22.92,62.8,1005.4,4.88,0,213,0.0,1.0,-0.49907,-0.86656,-22.09,-21.93,-23.81
2026-08-01T01:00:00Z,BRT,-22.09,64.2,1006.6,9.62,1,213,0.25882,0.96593,-0.49907,-0.86656,-21.77,-22.33,-22.1
2026-08-01T02:00:00Z,BRT,-21.77,59.6,1007.1,5.53,2,213,0.5,0.86603,-0.49907,-0.86656,-22.52,-23.37,-21.9
2026-08-01T03:00:00Z,BRT,-22.52,67.1,1005.6,12.09,3,213,0.70711,0.70711,-0.49907,-0.86656,-22.44,-24.62,-21.15
2026-08-01T04:00:00Z,BRT,-22.44,55.9,1002.4,13.21,4,213,0.86603,0.5,-0.49907,-0.86656,-22.46,-25.1,-21.83
2026-08-01T05:00:00Z,BRT,-22.46,65.5,1001.4,9.94,5,213,0.96593,0.25882,-0.49907,-0.86656,-21.93,-26.01,-17.91
2026-08-01T06:00:00Z,BRT,-21.93,66.6,1002.4,7.73,6,213,1.0,0.0,-0.49907,-0.86656,-22.33,-24.4,-16.69
2026-08-01T07:00:00Z,BRT,-22.33,75.8,1002.3,8.62,7,213,0.96593,-0.25882,-0.49907,-0.86656,-23.37,-23.66,-16.77
2026-08-01T08:00:00Z,BRT,-23.37,73.3,1000.2,9.97,8,213,0.86603,-0.5,-0.49907,-0.86656,-24.62,-22.75,-16.25
2026-08-01T09:00:00Z,BRT,-24.62,78.5,996.8,10.3,9,213,0.70711,-0.70711,-0.49907,-0.86656,-25.1,-22.8,-18.03
2026-08-01T10:00:00Z,BRT,-25.1,74.9,997.4,10.46,10,213,0.5,-0.86603,-0.49907,-0.86656,-26.01,-23.04,-18.37
2026-08-01T11:00:00Z,BRT,-26.01,69.3,998.6,8.77,11,213,0.25882,-0.96593,-0.49907,-0.86656,-24.4,-23.1,-22.84
2026-08-01T12:00:00Z,BRT,-24.4,71.6,996.3,12.91,12,213,0.0,-1.0,-0.49907,-0.86656,-23.66,-22.71,-22.11
2026-08-01T13:00:00Z,BRT,-23.66,78.1,993.0,12.02,13,213,-0.25882,-0.96593,-0.49907,-0.86656,-22.75,-23.63,-22.23
2026-08-01T14:00:00Z,BRT,-22.75,84.2,992.4,16.01,14,213,-0.5,-0.86603,-0.49907,-0.86656,-22.8,-21.71,-22.91
2026-08-01T15:00:00Z,BRT,-22.8,76.0,990.4,16.85,15,213,-0.70711,-0.70711,-0.49907,-0.86656,-23.04,-24.07,-22.23
2026-08-01T16:00:00Z,BRT,-23.04,69.7,989.2,15.31,16,213,-0.86603,-0.5,-0.49907,-0.86656,-23.1,-24.5,-21.07
2026-08-01T17:00:00Z,BRT,-23.1,84.7,987.2,11.18,17,213,-0.96593,-0.25882,-0.49907,-0.86656,-22.71,-24.31,-22.87
2026-08-01T18:00:00Z,BRT,-22.71,73.4,986.3,11.24,18,213,-1.0,-0.0,-0.49907,-0.86656,-23.63,-23.81,-22.86
2026-08-01T19:00:00Z,BRT,-23.63,85.8,981.9,16.98,19,213,-0.96593,0.25882,-0.49907,-0.86656,-21.71,-22.1,-23.19
2026-08-01T20:00:00Z,BRT,-21.71,83.5,983.2,21.21,20,213,-0.86603,0.5,-0.49907,-0.86656,-24.07,-21.9,-24.13
2026-08-01T21:00:00Z,BRT,-24.07,79.8,983.8,11.82,21,213,-0.70711,0.70711,-0.49907,-0.86656,-24.5,-21.15,-19.26
2026-08-01T22:00:00Z,BRT,-24.5,82.4,982.5,12.95,22,213,-0.5,0.86603,-0.49907,-0.86656,-24.31,-21.83,-19.45
2026-08-01T23:00:00Z,BRT,-24.31,91.7,980.7,14.83,23,213,-0.25882,0.96593,-0.49907,-0.86656,-23.81,-17.91,-20.55
2026-08-02T00:00:00Z,BRT,-23.81,85.7,981.6,13.3,0,214,0.0,1.0,-0.5139,-0.85785,-22.1,-16.69,-20.63
2026-08-02T01:00:00Z,BRT,-22.1,79.0,983.2,14.8,1,214,0.25882,0.96593,-0.5139,-0.85785,-21.9,-16.77,-20.1
2026-08-02T02:00:00Z,BRT,-21.9,87.1,982.3,15.74,2,214,0.5,0.86603,-0.5139,-0.85785,-21.15,-16.25,-18.55
2026-08-02T03:00:00Z,BRT,-21.15,88.0,979.5,19.56,3,214,0.70711,0.70711,-0.5139,-0.85785,-21.83,-18.03,-19.35
2026-08-02T04:00:00Z,BRT,-21.83,82.8,978.5,16.37,4,214,0.86603,0.5,-0.5139,-0.85785,-17.91,-18.37,-23.78
2026-08-02T05:00:00Z,BRT,-17.91,90.4,976.4,15.79,5,214,0.96593,0.25882,-0.5139,-0.85785,-16.69,-22.84,-25.92
2026-08-02T06:00:00Z,BRT,-16.69,96.8,974.5,16.63,6,214,1.0,0.0,-0.5139,-0.85785,-16.77,-22.11,-25.14
2026-08-02T07:00:00Z,BRT,-16.77,91.7,974.4,15.2,7,214,0.96593,-0.25882,-0.5139,-0.85785,-16.25,-22.23,-25.96
2026-08-02T08:00:00Z,BRT,-16.25,95.2,975.7,20.65,8,214,0.86603,-0.5,-0.5139,-0.85785,-18.03,-22.91,-24.94
2026-08-02T09:00:00Z,BRT,-18.03,83.8,977.3,16.88,9,214,0.70711,-0.70711,-0.5139,-0.85785,-18.37,-22.23,-19.82
2026-08-02T10:00:00Z,BRT,-18.37,84.8,977.6,12.66,10,214,0.5,-0.86603,-0.5139,-0.85785,-22.84,-21.07,-19.89
2026-08-02T11:00:00Z,BRT,-22.84,85.4,979.0,12.96,11,214,0.25882,-0.96593,-0.5139,-0.85785,-22.11,-22.87,-20.62
2026-08-02T12:00:00Z,BRT,-22.11,85.8,980.5,16.69,12,214,0.0,-1.0,-0.5139,-0.85785,-22.23,-22.86,-22.09
2026-08-02T13:00:00Z,BRT,-22.23,93.8,979.3,14.49,13,214,-0.25882,-0.96593,-0.5139,-0.85785,-22.91,-23.19,-18.85
2026-08-02T14:00:00Z,BRT,-22.91,79.7,980.2,16.57,14,214,-0.5,-0.86603,-0.5139,-0.85785,-22.23,-24.13,-19.2
2026-08-02T15:00:00Z,BRT,-22.23,90.9,980.1,18.08,15,214,-0.70711,-0.70711,-0.5139,-0.85785,-21.07,-19.26,-18.91
2026-08-02T16:00:00Z,BRT,-21.07,94.4,980.4,20.49,16,214,-0.86603,-0.5,-0.5139,-0.85785,-22.87,-19.45,-17.29
2026-08-02T17:00:00Z,BRT,-22.87,94.7,978.8,13.85,17,214,-0.96593,-0.25882,-0.5139,-0.85785,-22.86,-20.55,-15.73
2026-08-02T18:00:00Z,BRT,-22.86,90.5,978.3,19.92,18,214,-1.0,-0.0,-0.5139,-0.85785,-23.19,-20.63,-16.36
2026-08-02T19:00:00Z,BRT,-23.19,99.0,979.0,20.62,19,214,-0.96593,0.25882,-0.5139,-0.85785,-24.13,-20.1,-15.75
2026-08-02T20:00:00Z,BRT,-24.13,92.4,978.2,17.93,20,214,-0.86603,0.5,-0.5139,-0.85785,-19.26,-18.55,-16.91
2026-08-02T21:00:00Z,BRT,-19.26,96.8,975.5,17.78,21,214,-0.70711,0.70711,-0.5139,-0.85785,-19.45,-19.35,-16.52
2026-08-02T22:00:00Z,BRT,-19.45,92.6,977.6,20.83,22,214,-0.5,0.86603,-0.5139,-0.85785,-20.55,-23.78,-18.46
2026-08-02T23:00:00Z,BRT,-20.55,91.5,977.9,15.96,23,214,-0.25882,0.96593,-0.5139,-0.85785,-20.63,-25.92,-18.07
2026-08-03T00:00:00Z,BRT,-20.63,93.3,977.8,17.46,0,215,0.0,1.0,-0.52858,-0.84888,-20.1,-25.14,-17.55
2026-08-03T01:00:00Z,BRT,-20.1,94.1,975.6,13.96,1,215,0.25882,0.96593,-0.52858,-0.84888,-18.55,-25.96,-18.85
2026-08-03T02:00:00Z,BRT,-18.55,94.1,974.4,22.25,2,215,0.5,0.86603,-0.52858,-0.84888,-19.35,-24.94,-19.2
2026-08-03T03:00:00Z,BRT,-19.35,94.9,975.6,18.26,3,215,0.70711,0.70711,-0.52858,-0.84888,-23.78,-19.82,-19.06
2026-08-03T04:00:00Z,BRT,-23.78,84.4,978.8,18.18,4,215,0.86603,0.5,-0.52858,-0.84888,-25.92,-19.89,-17.93
2026-08-03T05:00:00Z,BRT,-25.92,94.6,979.2,11.39,5,215,0.96593,0.25882,-0.52858,-0.84888,-25.14,-20.62,-17.41
2026-08-03T06:00:00Z,BRT,-25.14,85.8,982.3,12.14,6,215,1.0,0.0,-0.52858,-0.84888,-25.96,-22.09,-15.1
2026-08-03T07:00:00Z,BRT,-25.96,85.2,981.5,13.68,7,215,0.96593,-0.25882,-0.52858,-0.84888,-24.94,-18.85,-17.26
2026-08-03T08:00:00Z,BRT,-24.94,73.5,982.4,18.25,8,215,0.86603,-0.5,-0.52858,-0.84888,-19.82,-19.2,-16.25
2026-08-03T09:00:00Z,BRT,-19.82,93.8,984.2,41.67,9,215,0.70711,-0.70711,-0.52858,-0.84888,-19.89,-18.91,-15.9
2026-08-03T10:00:00Z,BRT,-19.89,91.4,983.7,41.51,10,215,0.5,-0.86603,-0.52858,-0.84888,-20.62,-17.29,-16.68
2026-08-03T11:00:00Z,BRT,-20.62,89.7,983.9,42.59,11,215,0.25882,-0.96593,-0.52858,-0.84888,-22.09,-15.73,-17.8
2026-08-03T12:00:00Z,BRT,-22.09,94.6,985.5,36.07,12,215,0.0,-1.0,-0.52858,-0.84888,-18.85,-16.36,-16.75
2026-08-03T13:00:00Z,BRT,-18.85,95.1,986.3,39.67,13,215,-0.25882,-0.96593,-0.52858,-0.84888,-19.2,-15.75,-17.19
2026-08-03T14:00:00Z,BRT,-19.2,88.3,987.6,38.28,14,215,-0.5,-0.86603,-0.52858,-0.84888,-18.91,-16.91,-16.14
2026-08-03T15:00:00Z,BRT,-18.91,99.0,985.5,38.55,15,215,-0.70711,-0.70711,-0.52858,-0.84888,-17.29,-16.52,-14.91
2026-08-03T16:00:00Z,BRT,-17.29,93.0,983.7,40.49,16,215,-0.86603,-0.5,-0.52858,-0.84888,-15.73,-18.46,-14.07
2026-08-03T17:00:00Z,BRT,-15.73,96.7,981.9,45.05,17,215,-0.96593,-0.25882,-0.52858,-0.84888,-16.36,-18.07,-20.31
2026-08-03T18:00:00Z,BRT,-16.36,95.0,980.1,45.08,18,215,-1.0,-0.0,-0.52858,-0.84888,-15.75,-17.55,-19.59
2026-08-03T19:00:00Z,BRT,-15.75,97.1,979.8,45.37,19,215,-0.96593,0.25882,-0.52858,-0.84888,-16.91,-18.85,-19.35
2026-08-03T20:00:00Z,BRT,-16.91,97.1,982.4,44.91,20,215,-0.86603,0.5,-0.52858,-0.84888,-16.52,-19.2,-20.05
2026-08-03T21:00:00Z,BRT,-16.52,75.7,986.4,44.41,21,215,-0.70711,0.70711,-0.52858,-0.84888,-18.46,-19.06,-20.59
2026-08-03T22:00:00Z,BRT,-18.46,84.0,988.1,38.41,22,215,-0.5,0.86603,-0.52858,-0.84888,-18.07,-17.93,-21.61
2026-08-03T23:00:00Z,BRT,-18.07,88.8,987.8,38.41,23,215,-0.25882,0.96593,-0.52858,-0.84888,-17.55,-17.41,-21.77
2026-08-04T00:00:00Z,BRT,-17.55,88.6,983.8,40.32,0,216,0.0,1.0,-0.54311,-0.83966,-18.85,-15.1,-21.89
2026-08-04T01:00:00Z,BRT,-18.85,89.1,982.0,38.83,1,216,0.25882,0.96593,-0.54311,-0.83966,-19.2,-17.26,-22.02
2026-08-04T02:00:00Z,BRT,-19.2,96.1,981.4,41.16,2,216,0.5,0.86603,-0.54311,-0.83966,-19.06,-16.25,-21.38
2026-08-04T03:00:00Z,BRT,-19.06,95.3,980.1,40.74,3,216,0.70711,0.70711,-0.54311,-0.83966,-17.93,-15.9,-22.44
2026-08-04T04:00:00Z,BRT,-17.93,89.4,981.4,43.33,4,216,0.86603,0.5,-0.54311,-0.83966,-17.41,-16.68,-23.17
2026-08-04T05:00:00Z,BRT,-17.41,94.2,981.9,34.75,5,216,0.96593,0.25882,-0.54311,-0.83966,-15.1,-17.8,-22.13
2026-08-04T06:00:00Z,BRT,-15.1,88.7,983.2,40.18,6,216,1.0,0.0,-0.54311,-0.83966,-17.26,-16.75,-20.99
2026-08-04T07:00:00Z,BRT,-17.26,90.5,983.6,38.21,7,216,0.96593,-0.25882,-0.54311,-0.83966,-16.25,-17.19,-21.77
2026-08-04T08:00:00Z,BRT,-16.25,94.2,982.4,39.31,8,216,0.86603,-0.5,-0.54311,-0.83966,-15.9,-16.14,-20.79
2026-08-04T09:00:00Z,BRT,-15.9,92.8,981.8,44.09,9,216,0.70711,-0.70711,-0.54311,-0.83966,-16.68,-14.91,-20.74
2026-08-04T10:00:00Z,BRT,-16.68,89.1,984.4,39.71,10,216,0.5,-0.86603,-0.54311,-0.83966,-17.8,-14.07,-21.04
2026-08-04T11:00:00Z,BRT,-17.8,84.6,986.6,34.34,11,216,0.25882,-0.96593,-0.54311,-0.83966,-16.75,-20.31,-22.83
2026-08-04T12:00:00Z,BRT,-16.75,86.5,987.1,41.3,12,216,0.0,-1.0,-0.54311,-0.83966,-17.19,-19.59,-22.73
2026-08-04T13:00:00Z,BRT,-17.19,95.5,983.0,35.37,13,216,-0.25882,-0.96593,-0.54311,-0.83966,-16.14,-19.35,-23.41
2026-08-04T14:00:00Z,BRT,-16.14,95.9,983.9,39.31,14,216,-0.5,-0.86603,-0.54311,-0.83966,-14.91,-20.05,-23.97
2026-08-04T15:00:00Z,BRT,-14.91,89.7,983.5,42.09,15,216,-0.70711,-0.70711,-0.54311,-0.83966,-14.07,-20.59,-23.31
2026-08-04T16:00:00Z,BRT,-14.07,87.2,985.8,41.9,16,216,-0.86603,-0.5,-0.54311,-0.83966,-20.31,-21.61,-24.15
2026-08-04T17:00:00Z,BRT,-20.31,78.8,988.6,15.18,17,216,-0.96593,-0.25882,-0.54311,-0.83966,-19.59,-21.77,-23.86
2026-08-04T18:00:00Z,BRT,-19.59,84.5,989.2,14.37,18,216,-1.0,-0.0,-0.54311,-0.83966,-19.35,-21.89,-24.34
2026-08-04T19:00:00Z,BRT,-19.35,75.7,988.3,15.62,19,216,-0.96593,0.25882,-0.54311,-0.83966,-20.05,-22.02,-23.8
2026-08-04T20:00:00Z,BRT,-20.05,76.5,987.2,14.4,20,216,-0.86603,0.5,-0.54311,-0.83966,-20.59,-21.38,-24.68
2026-08-04T21:00:00Z,BRT,-20.59,74.9,989.6,12.46,21,216,-0.70711,0.70711,-0.54311,-0.83966,-21.61,-22.44,-25.1
2026-08-04T22:00:00Z,BRT,-21.61,76.8,989.5,16.34,22,216,-0.5,0.86603,-0.54311,-0.83966,-21.77,-23.17,-24.99
2026-08-04T23:00:00Z,BRT,-21.77,77.5,990.3,12.04,23,216,-0.25882,0.96593,-0.54311,-0.83966,-21.89,-22.13,-25.21
2026-08-05T00:00:00Z,BRT,-21.89,66.6,990.2,14.75,0,217,0.0,1.0,-0.55747,-0.8302,-22.02,-20.99,-24.38
2026-08-05T01:00:00Z,BRT,-22.02,80.4,989.4,17.44,1,217,0.25882,0.96593,-0.55747,-0.8302,-21.38,-21.77,-22.91
2026-08-05T02:00:00Z,BRT,-21.38,76.6,991.7,16.81,2,217,0.5,0.86603,-0.55747,-0.8302,-22.44,-20.79,-24.13
2026-08-05T03:00:00Z,BRT,-22.44,73.0,993.3,11.24,3,217,0.70711,0.70711,-0.55747,-0.8302,-23.17,-20.74,-24.27
2026-08-05T04:00:00Z,BRT,-23.17,71.3,995.5,12.59,4,217,0.86603,0.5,-0.55747,-0.8302,-22.13,-21.04,-23.68
2026-08-05T05:00:00Z,BRT,-22.13,66.7,996.4,9.43,5,217,0.96593,0.25882,-0.55747,-0.8302,-20.99,-22.83,-25.35
2026-08-05T06:00:00Z,BRT,-20.99,67.1,997.8,12.44,6,217,1.0,0.0,-0.55747,-0.8302,-21.77,-22.73,-25.26
2026-08-05T07:00:00Z,BRT,-21.77,66.2,995.9,5.69,7,217,0.96593,-0.25882,-0.55747,-0.8302,-20.79,-23.41,-24.48
2026-08-05T08:00:00Z,BRT,-20.79,73.3,996.0,6.71,8,217,0.86603,-0.5,-0.55747,-0.8302,-20.74,-23.97,-24.0
2026-08-05T09:00:00Z,BRT,-20.74,77.1,995.2,9.43,9,217,0.70711,-0.70711,-0.55747,-0.8302,-21.04,-23.31,-24.23
2026-08-05T10:00:00Z,BRT,-21.04,77.4,996.5,14.57,10,217,0.5,-0.86603,-0.55747,-0.8302,-22.83,-24.15,-23.67
2026-08-05T11:00:00Z,BRT,-22.83,70.1,996.4,12.28,11,217,0.25882,-0.96593,-0.55747,-0.8302,-22.73,-23.86,-24.51
2026-08-05T12:00:00Z,BRT,-22.73,75.9,997.4,8.68,12,217,0.0,-1.0,-0.55747,-0.8302,-23.41,-24.34,-25.0
2026-08-05T13:00:00Z,BRT,-23.41,58.9,999.9,10.72,13,217,-0.25882,-0.96593,-0.55747,-0.8302,-23.97,-23.8,-23.85
2026-08-05T14:00:00Z,BRT,-23.97,69.8,1000.0,10.87,14,217,-0.5,-0.86603,-0.55747,-0.8302,-23.31,-24.68,-24.69
2026-08-05T15:00:00Z,BRT,-23.31,75.8,997.5,16.22,15,217,-0.70711,-0.70711,-0.55747,-0.8302,-24.15,-25.1,-25.69
2026-08-05T16:00:00Z,BRT,-24.15,71.7,1001.9,10.3,16,217,-0.86603,-0.5,-0.55747,-0.8302,-23.86,-24.99,-25.35
2026-08-05T17:00:00Z,BRT,-23.86,75.0,999.9,12.96,17,217,-0.96593,-0.25882,-0.55747,-0.8302,-24.34,-25.21,-26.23
2026-08-05T18:00:00Z,BRT,-24.34,62.5,999.0,14.48,18,217,-1.0,-0.0,-0.55747,-0.8302,-23.8,-24.38,-24.64
2026-08-05T19:00:00Z,BRT,-23.8,65.4,997.2,14.98,19,217,-0.96593,0.25882,-0.55747,-0.8302,-24.68,-22.91,-24.68
2026-08-05T20:00:00Z,BRT,-24.68,75.0,997.2,12.49,20,217,-0.86603,0.5,-0.55747,-0.8302,-25.1,-24.13,-24.38
2026-08-05T21:00:00Z,BRT,-25.1,77.7,998.3,10.02,21,217,-0.70711,0.70711,-0.55747,-0.8302,-24.99,-24.27,-25.29
2026-08-05T22:00:00Z,BRT,-24.99,67.4,997.7,10.7,22,217,-0.5,0.86603,-0.55747,-0.8302,-25.21,-23.68,-24.68
2026-08-05T23:00:00Z,BRT,-25.21,76.3,998.1,10.37,23,217,-0.25882,0.96593,-0.55747,-0.8302,-24.38,-25.35,-24.58
2026-08-06T00:00:00Z,BRT,-24.38,75.0,994.7,14.38,0,218,0.0,1.0,-0.57167,-0.82049,-22.91,-25.26,-23.15
2026-08-06T01:00:00Z,BRT,-22.91,71.4,995.9,11.39,1,218,0.25882,0.96593,-0.57167,-0.82049,-24.13,-24.48,-18.41
2026-08-06T02:00:00Z,BRT,-24.13,64.8,998.0,12.0,2,218,0.5,0.86603,-0.57167,-0.82049,-24.27,-24.0,-17.67
2026-08-06T03:00:00Z,BRT,-24.27,66.5,997.2,10.38,3,218,0.70711,0.70711,-0.57167,-0.82049,-23.68,-24.23,-16.12
2026-08-06T04:00:00Z,BRT,-23.68,73.0,997.9,14.3,4,218,0.86603,0.5,-0.57167,-0.82049,-25.35,-23.67,-17.79
2026-08-06T05:00:00Z,BRT,-25.35,74.9,999.5,10.89,5,218,0.96593,0.25882,-0.57167,-0.82049,-25.26,-24.51,-15.97
2026-08-06T06:00:00Z,BRT,-25.26,71.7,999.4,12.12,6,218,1.0,0.0,-0.57167,-0.82049,-24.48,-25.0,-16.8
2026-08-06T07:00:00Z,BRT,-24.48,65.9,1000.3,9.16,7,218,0.96593,-0.25882,-0.57167,-0.82049,-24.0,-23.85,-14.97
2026-08-06T08:00:00Z,BRT,-24.0,78.0,999.9,10.36,8,218,0.86603,-0.5,-0.57167,-0.82049,-24.23,-24.69,-15.5
2026-08-06T09:00:00Z,BRT,-24.23,62.4,1000.9,8.22,9,218,0.70711,-0.70711,-0.57167,-0.82049,-23.67,-25.69,-15.85
2026-08-06T10:00:00Z,BRT,-23.67,66.6,1000.6,12.34,10,218,0.5,-0.86603,-0.57167,-0.82049,-24.51,-25.35,-15.08
2026-08-06T11:00:00Z,BRT,-24.51,66.6,1001.4,9.39,11,218,0.25882,-0.96593,-0.57167,-0.82049,-25.0,-26.23,-16.82
2026-08-06T12:00:00Z,BRT,-25.0,66.9,998.8,11.84,12,218,0.0,-1.0,-0.57167,-0.82049,-23.85,-24.64,-17.02
2026-08-06T13:00:00Z,BRT,-23.85,69.0,998.9,11.78,13,218,-0.25882,-0.96593,-0.57167,-0.82049,-24.69,-24.68,-17.2
2026-08-06T14:00:00Z,BRT,-24.69,77.8,997.4,9.75,14,218,-0.5,-0.86603,-0.57167,-0.82049,-25.69,-24.38,-17.29
2026-08-06T15:00:00Z,BRT,-25.69,75.9,993.8,14.73,15,218,-0.70711,-0.70711,-0.57167,-0.82049,-25.35,-25.29,-17.8
2026-08-06T16:00:00Z,BRT,-25.35,80.7,994.2,12.35,16,218,-0.86603,-0.5,-0.57167,-0.82049,-26.23,-24.68,-19.37
2026-08-06T17:00:00Z,BRT,-26.23,76.2,992.4,13.79,17,218,-0.96593,-0.25882,-0.57167,-0.82049,-24.64,-24.58,-18.98
2026-08-06T18:00:00Z,BRT,-24.64,83.3,989.2,17.01,18,218,-1.0,-0.0,-0.57167,-0.82049,-24.68,-23.15,-20.79
2026-08-06T19:00:00Z,BRT,-24.68,87.0,991.0,10.83,19,218,-0.96593,0.25882,-0.57167,-0.82049,-24.38,-18.41,-18.99
2026-08-06T20:00:00Z,BRT,-24.38,81.2,989.4,13.95,20,218,-0.86603,0.5,-0.57167,-0.82049,-25.29,-17.67,-19.14
2026-08-06T21:00:00Z,BRT,-25.29,73.2,988.3,13.83,21,218,-0.70711,0.70711,-0.57167,-0.82049,-24.68,-16.12,-17.95
2026-08-06T22:00:00Z,BRT,-24.68,84.3,985.3,15.74,22,218,-0.5,0.86603,-0.57167,-0.82049,-24.58,-17.79,-15.92
2026-08-06T23:00:00Z,BRT,-24.58,86.9,983.5,14.46,23,218,-0.25882,0.96593,-0.57167,-0.82049,-23.15,-15.97,-17.29
2026-08-07T00:00:00Z,BRT,-23.15,89.2,980.4,13.8,0,219,0.0,1.0,-0.5857,-0.81053,-18.41,-16.8,-18.42
2026-08-07T01:00:00Z,BRT,-18.41,99.0,976.9,15.89,1,219,0.25882,0.96593,-0.5857,-0.81053,-17.67,-14.97,-24.63
2026-08-07T02:00:00Z,BRT,-17.67,94.5,974.4,15.95,2,219,0.5,0.86603,-0.5857,-0.81053,-16.12,-15.5,-23.98
2026-08-07T03:00:00Z,BRT,-16.12,91.4,975.2,22.28,3,219,0.70711,0.70711,-0.5857,-0.81053,-17.79,-15.85,-23.47
2026-08-07T04:00:00Z,BRT,-17.79,94.3,975.8,15.81,4,219,0.86603,0.5,-0.5857,-0.81053,-15.97,-15.08,-23.14
2026-08-07T05:00:00Z,BRT,-15.97,87.9,971.8,17.65,5,219,0.96593,0.25882,-0.5857,-0.81053,-16.8,-16.82,-22.83
2026-08-07T06:00:00Z,BRT,-16.8,87.2,971.4,14.57,6,219,1.0,0.0,-0.5857,-0.81053,-14.97,-17.02,-22.27
2026-08-07T07:00:00Z,BRT,-14.97,90.2,969.5,17.02,7,219,0.96593,-0.25882,-0.5857,-0.81053,-15.5,-17.2,-20.72
2026-08-07T08:00:00Z,BRT,-15.5,97.1,968.6,14.51,8,219,0.86603,-0.5,-0.5857,-0.81053,-15.85,-17.29,-20.28
2026-08-07T09:00:00Z,BRT,-15.85,99.0,969.0,17.34,9,219,0.70711,-0.70711,-0.5857,-0.81053,-15.08,-17.8,-16.9
2026-08-07T10:00:00Z,BRT,-15.08,90.6,969.2,18.41,10,219,0.5,-0.86603,-0.5857,-0.81053,-16.82,-19.37,-15.55
2026-08-07T11:00:00Z,BRT,-16.82,92.1,972.0,16.49,11,219,0.25882,-0.96593,-0.5857,-0.81053,-17.02,-18.98,-10.55
2026-08-07T12:00:00Z,BRT,-17.02,99.0,969.0,16.06,12,219,0.0,-1.0,-0.5857,-0.81053,-17.2,-20.79,-16.9
2026-08-07T13:00:00Z,BRT,-17.2,93.1,970.6,16.95,13,219,-0.25882,-0.96593,-0.5857,-0.81053,-17.29,-18.99,-16.62
2026-08-07T14:00:00Z,BRT,-17.29,95.5,971.5,18.24,14,219,-0.5,-0.86603,-0.5857,-0.81053,-17.8,-19.14,-17.95
2026-08-07T15:00:00Z,BRT,-17.8,87.7,972.7,19.37,15,219,-0.70711,-0.70711,-0.5857,-0.81053,-19.37,-17.95,-17.1
2026-08-07T16:00:00Z,BRT,-19.37,83.7,975.0,15.08,16,219,-0.86603,-0.5,-0.5857,-0.81053,-18.98,-15.92,-16.62
2026-08-07T17:00:00Z,BRT,-18.98,85.4,976.2,18.2,17,219,-0.96593,-0.25882,-0.5857,-0.81053,-20.79,-17.29,-18.33
2026-08-07T18:00:00Z,BRT,-20.79,81.3,977.4,14.48,18,219,-1.0,-0.0,-0.5857,-0.81053,-18.99,-18.42,-17.97
2026-08-07T19:00:00Z,BRT,-18.99,89.0,976.3,19.05,19,219,-0.96593,0.25882,-0.5857,-0.81053,-19.14,-24.63,-15.63
2026-08-07T20:00:00Z,BRT,-19.14,88.8,977.7,15.93,20,219,-0.86603,0.5,-0.5857,-0.81053,-17.95,-23.98,-16.36
2026-08-07T21:00:00Z,BRT,-17.95,95.8,975.1,18.78,21,219,-0.70711,0.70711,-0.5857,-0.81053,-15.92,-23.47,-17.19
2026-08-07T22:00:00Z,BRT,-15.92,94.8,974.1,22.63,22,219,-0.5,0.86603,-0.5857,-0.81053,-17.29,-23.14,-17.03
2026-08-07T23:00:00Z,BRT,-17.29,94.6,976.2,17.0,23,219,-0.25882,0.96593,-0.5857,-0.81053,-18.42,-22.83,-16.63
2026-08-08T00:00:00Z,BRT,-18.42,88.8,976.0,15.63,0,220,0.0,1.0,-0.59955,-0.80034,-24.63,-22.27,-20.1
2026-08-08T01:00:00Z,BRT,-24.63,83.6,979.2,12.84,1,220,0.25882,0.96593,-0.59955,-0.80034,-23.98,-20.72,-21.27
2026-08-08T02:00:00Z,BRT,-23.98,86.5,981.6,17.84,2,220,0.5,0.86603,-0.59955,-0.80034,-23.47,-20.28,-20.6
2026-08-08T03:00:00Z,BRT,-23.47,83.8,981.7,16.59,3,220,0.70711,0.70711,-0.59955,-0.80034,-23.14,-16.9,-20.51
2026-08-08T04:00:00Z,BRT,-23.14,90.0,981.9,18.24,4,220,0.86603,0.5,-0.59955,-0.80034,-22.83,-15.55,-20.43
2026-08-08T05:00:00Z,BRT,-22.83,79.2,978.4,13.7,5,220,0.96593,0.25882,-0.59955,-0.80034,-22.27,-10.55,-21.39
2026-08-08T06:00:00Z,BRT,-22.27,88.6,978.4,13.94,6,220,1.0,0.0,-0.59955,-0.80034,-20.72,-16.9,-21.84
2026-08-08T07:00:00Z,BRT,-20.72,90.3,978.1,13.04,7,220,0.96593,-0.25882,-0.59955,-0.80034,-20.28,-16.62,-22.29
2026-08-08T08:00:00Z,BRT,-20.28,77.8,979.9,11.39,8,220,0.86603,-0.5,-0.59955,-0.80034,-16.9,-17.95,-22.52
2026-08-08T09:00:00Z,BRT,-16.9,91.3,979.1,29.92,9,220,0.70711,-0.70711,-0.59955,-0.80034,-15.55,-17.1,-22.66
2026-08-08T10:00:00Z,BRT,-15.55,88.4,978.1,36.49,10,220,0.5,-0.86603,-0.59955,-0.80034,-10.55,-16.62,-21.56
2026-08-08T11:00:00Z,BRT,-10.55,96.9,977.8,31.6,11,220,0.25882,-0.96593,-0.59955,-0.80034,-16.9,-18.33,-21.55
2026-08-08T12:00:00Z,BRT,-16.9,89.3,979.3,28.59,12,220,0.0,-1.0,-0.59955,-0.80034,-16.62,-17.97,-22.72
2026-08-08T13:00:00Z,BRT,-16.62,88.2,980.6,33.0,13,220,-0.25882,-0.96593,-0.59955,-0.80034,-17.95,-15.63,-22.78
2026-08-08T14:00:00Z,BRT,-17.95,85.4,984.6,31.21,14,220,-0.5,-0.86603,-0.59955,-0.80034,-17.1,-16.36,-22.76
2026-08-08T15:00:00Z,BRT,-17.1,94.3,982.8,34.06,15,220,-0.70711,-0.70711,-0.59955,-0.80034,-16.62,-17.19,-22.48
2026-08-08T16:00:00Z,BRT,-16.62,93.6,983.7,34.75,16,220,-0.86603,-0.5,-0.59955,-0.80034,-18.33,-17.03,-21.89
2026-08-08T17:00:00Z,BRT,-18.33,88.8,982.7,30.11,17,220,-0.96593,-0.25882,-0.59955,-0.80034,-17.97,-16.63,-22.45
2026-08-08T18:00:00Z,BRT,-17.97,98.6,981.7,33.29,18,220,-1.0,-0.0,-0.59955,-0.80034,-15.63,-20.1,-22.25
2026-08-08T19:00:00Z,BRT,-15.63,90.6,979.7,36.16,19,220,-0.96593,0.25882,-0.59955,-0.80034,-16.36,-21.27,-23.22
2026-08-08T20:00:00Z,BRT,-16.36,86.9,982.7,34.95,20,220,-0.86603,0.5,-0.59955,-0.80034,-17.19,-20.6,-23.05
2026-08-08T21:00:00Z,BRT,-17.19,89.4,982.5,29.92,21,220,-0.70711,0.70711,-0.59955,-0.80034,-17.03,-20.51,-22.34
2026-08-08T22:00:00Z,BRT,-17.03,88.6,983.5,32.25,22,220,-0.5,0.86603,-0.59955,-0.80034,-16.63,-20.43,-21.08
2026-08-08T23:00:00Z,BRT,-16.63,90.8,984.1,30.91,23,220,-0.25882,0.96593,-0.59955,-0.80034,-20.1,-21.39,-21.2
2026-08-09T00:00:00Z,BRT,-20.1,83.1,985.5,12.39,0,221,0.0,1.0,-0.61323,-0.7899,-21.27,-21.84,-20.49
2026-08-09T01:00:00Z,BRT,-21.27,90.3,986.9,13.19,1,221,0.25882,0.96593,-0.61323,-0.7899,-20.6,-22.29,-20.91
2026-08-09T02:00:00Z,BRT,-20.6,87.2,986.9,15.79,2,221,0.5,0.86603,-0.61323,-0.7899,-20.51,-22.52,-21.82
2026-08-09T03:00:00Z,BRT,-20.51,84.4,987.9,15.75,3,221,0.70711,0.70711,-0.61323,-0.7899,-20.43,-22.66,-22.1
2026-08-09T04:00:00Z,BRT,-20.43,71.3,991.2,19.15,4,221,0.86603,0.5,-0.61323,-0.7899,-21.39,-21.56,-22.44
2026-08-09T05:00:00Z,BRT,-21.39,77.3,989.5,12.61,5,221,0.96593,0.25882,-0.61323,-0.7899,-21.84,-21.55,-22.45
2026-08-09T06:00:00Z,BRT,-21.84,82.4,993.2,9.7,6,221,1.0,0.0,-0.61323,-0.7899,-22.29,-22.72,-21.95
2026-08-09T07:00:00Z,BRT,-22.29,76.3,991.9,13.78,7,221,0.96593,-0.25882,-0.61323,-0.7899,-22.52,-22.78,-22.12
2026-08-09T08:00:00Z,BRT,-22.52,67.6,990.6,8.53,8,221,0.86603,-0.5,-0.61323,-0.7899,-22.66,-22.76,-21.75
2026-08-09T09:00:00Z,BRT,-22.66,83.4,990.4,13.67,9,221,0.70711,-0.70711,-0.61323,-0.7899,-21.56,-22.48,-22.01
2026-08-09T10:00:00Z,BRT,-21.56,82.1,989.2,14.56,10,221,0.5,-0.86603,-0.61323,-0.7899,-21.55,-21.89,-23.98
2026-08-09T11:00:00Z,BRT,-21.55,72.8,991.1,10.71,11,221,0.25882,-0.96593,-0.61323,-0.7899,-22.72,-22.45,-24.44
2026-08-09T12:00:00Z,BRT,-22.72,84.5,990.1,8.99,12,221,0.0,-1.0,-0.61323,-0.7899,-22.78,-22.25,-24.61
2026-08-09T13:00:00Z,BRT,-22.78,77.0,990.7,14.35,13,221,-0.25882,-0.96593,-0.61323,-0.7899,-22.76,-23.22,-24.1
2026-08-09T14:00:00Z,BRT,-22.76,80.4,990.9,13.82,14,221,-0.5,-0.86603,-0.61323,-0.7899,-22.48,-23.05,-24.66
2026-08-09T15:00:00Z,BRT,-22.48,74.7,989.1,12.04,15,221,-0.70711,-0.70711,-0.61323,-0.7899,-21.89,-22.34,-25.85
2026-08-09T16:00:00Z,BRT,-21.89,78.2,988.7,17.11,16,221,-0.86603,-0.5,-0.61323,-0.7899,-22.45,-21.08,-24.88
2026-08-09T17:00:00Z,BRT,-22.45,80.7,989.8,17.2,17,221,-0.96593,-0.25882,-0.61323,-0.7899,-22.25,-21.2,-22.84
2026-08-09T18:00:00Z,BRT,-22.25,65.3,989.3,14.32,18,221,-1.0,-0.0,-0.61323,-0.7899,-23.22,-20.49,-22.5
2026-08-09T19:00:00Z,BRT,-23.22,85.2,989.2,13.94,19,221,-0.96593,0.25882,-0.61323,-0.7899,-23.05,-20.91,-22.19
2026-08-09T20:00:00Z,BRT,-23.05,72.6,991.4,14.32,20,221,-0.86603,0.5,-0.61323,-0.7899,-22.34,-21.82,-21.85
2026-08-09T21:00:00Z,BRT,-22.34,70.9,989.9,12.88,21,221,-0.70711,0.70711,-0.61323,-0.7899,-21.08,-22.1,-21.15
2026-08-09T22:00:00Z,BRT,-21.08,93.1,988.6,12.83,22,221,-0.5,0.86603,-0.61323,-0.7899,-21.2,-22.44,-21.06
2026-08-09T23:00:00Z,BRT,-21.2,85.7,988.0,11.68,23,221,-0.25882,0.96593,-0.61323,-0.7899,-20.49,-22.45,-21.26
2026-08-10T00:00:00Z,BRT,-20.49,83.5,989.5,9.02,0,222,0.0,1.0,-0.62673,-0.77924,-20.91,-21.95,-20.53
2026-08-10T01:00:00Z,BRT,-20.91,80.3,990.0,11.95,1,222,0.25882,0.96593,-0.62673,-0.77924,-21.82,-22.12,-20.35
2026-08-10T02:00:00Z,BRT,-21.82,80.8,990.7,14.71,2,222,0.5,0.86603,-0.62673,-0.77924,-22.1,-21.75,-19.47
2026-08-10T03:00:00Z,BRT,-22.1,69.1,993.6,12.51,3,222,0.70711,0.70711,-0.62673,-0.77924,-22.44,-22.01,-19.7
2026-08-10T04:00:00Z,BRT,-22.44,69.4,995.0,16.6,4,222,0.86603,0.5,-0.62673,-0.77924,-22.45,-23.98,-19.11
2026-08-10T05:00:00Z,BRT,-22.45,72.2,994.8,10.92,5,222,0.96593,0.25882,-0.62673,-0.77924,-21.95,-24.44,-20.01
2026-08-10T06:00:00Z,BRT,-21.95,71.6,994.4,12.33,6,222,1.0,0.0,-0.62673,-0.77924,-22.12,-24.61,-20.24
2026-08-10T07:00:00Z,BRT,-22.12,73.2,997.3,9.82,7,222,0.96593,-0.25882,-0.62673,-0.77924,-21.75,-24.1,-21.25
2026-08-10T08:00:00Z,BRT,-21.75,76.4,999.5,12.39,8,222,0.86603,-0.5,-0.62673,-0.77924,-22.01,-24.66,-22.5
2026-08-10T09:00:00Z,BRT,-22.01,62.5,1000.5,9.21,9,222,0.70711,-0.70711,-0.62673,-0.77924,-23.98,-25.85,-22.65
2026-08-10T10:00:00Z,BRT,-23.98,63.4,1001.2,9.45,10,222,0.5,-0.86603,-0.62673,-0.77924,-24.44,-24.88,-22.02
2026-08-10T11:00:00Z,BRT,-24.44,75.7,1000.4,10.04,11,222,0.25882,-0.96593,-0.62673,-0.77924,-24.61,-22.84,-22.01
2026-08-10T12:00:00Z,BRT,-24.61,67.1,1005.7,8.82,12,222,0.0,-1.0,-0.62673,-0.77924,-24.1,-22.5,-20.64
2026-08-10T13:00:00Z,BRT,-24.1,68.3,1007.2,9.88,13,222,-0.25882,-0.96593,-0.62673,-0.77924,-24.66,-22.19,-19.2
2026-08-10T14:00:00Z,BRT,-24.66,52.7,1004.7,10.35,14,222,-0.5,-0.86603,-0.62673,-0.77924,-25.85,-21.85,-19.12
2026-08-10T15:00:00Z,BRT,-25.85,62.4,1004.0,13.85,15,222,-0.70711,-0.70711,-0.62673,-0.77924,-24.88,-21.15,-19.09
2026-08-10T16:00:00Z,BRT,-24.88,64.3,1005.7,11.8,16,222,-0.86603,-0.5,-0.62673,-0.77924,-22.84,-21.06,-18.98
2026-08-10T17:00:00Z,BRT,-22.84,67.9,1003.9,14.55,17,222,-0.96593,-0.25882,-0.62673,-0.77924,-22.5,-21.26,-19.72
2026-08-10T18:00:00Z,BRT,-22.5,66.2,1005.3,12.18,18,222,-1.0,-0.0,-0.62673,-0.77924,-22.19,-20.53,-19.63
2026-08-10T19:00:00Z,BRT,-22.19,71.3,1002.7,12.96,19,222,-0.96593,0.25882,-0.62673,-0.77924,-21.85,-20.35,-21.27
2026-08-10T20:00:00Z,BRT,-21.85,63.3,1005.2,12.62,20,222,-0.86603,0.5,-0.62673,-0.77924,-21.15,-19.47,-21.74
2026-08-10T21:00:00Z,BRT,-21.15,62.4,1006.4,9.07,21,222,-0.70711,0.70711,-0.62673,-0.77924,-21.06,-19.7,-22.95
2026-08-10T22:00:00Z,BRT,-21.06,63.3,1010.8,10.41,22,222,-0.5,0.86603,-0.62673,-0.77924,-21.26,-19.11,-22.74
2026-08-10T23:00:00Z,BRT,-21.26,66.7,1010.4,5.35,23,222,-0.25882,0.96593,-0.62673,-0.77924,-20.53,-20.01,-21.89
2026-08-11T00:00:00Z,BRT,-20.53,65.8,1010.8,2.68,0,223,0.0,1.0,-0.64004,-0.76834,-20.35,-20.24,-21.5
2026-08-11T01:00:00Z,BRT,-20.35,59.4,1010.6,6.63,1,223,0.25882,0.96593,-0.64004,-0.76834,-19.47,-21.25,-20.7
2026-08-11T02:00:00Z,BRT,-19.47,62.7,1012.8,8.08,2,223,0.5,0.86603,-0.64004,-0.76834,-19.7,-22.5,-22.09
2026-08-11T03:00:00Z,BRT,-19.7,51.6,1011.5,10.51,3,223,0.70711,0.70711,-0.64004,-0.76834,-19.11,-22.65,-21.21
2026-08-11T04:00:00Z,BRT,-19.11,62.1,1011.6,3.1,4,223,0.86603,0.5,-0.64004,-0.76834,-20.01,-22.02,-20.78
2026-08-11T05:00:00Z,BRT,-20.01,54.4,1010.8,3.77,5,223,0.96593,0.25882,-0.64004,-0.76834,-20.24,-22.01,-20.44
2026-08-11T06:00:00Z,BRT,-20.24,57.4,1013.1,7.99,6,223,1.0,0.0,-0.64004,-0.76834,-21.25,-20.64,-21.2
2026-08-11T07:00:00Z,BRT,-21.25,76.7,1008.1,10.19,7,223,0.96593,-0.25882,-0.64004,-0.76834,-22.5,-19.2,-15.98
2026-08-11T08:00:00Z,BRT,-22.5,63.3,1004.3,10.71,8,223,0.86603,-0.5,-0.64004,-0.76834,-22.65,-19.12,-15.31
2026-08-11T09:00:00Z,BRT,-22.65,60.7,1002.6,6.3,9,223,0.70711,-0.70711,-0.64004,-0.76834,-22.02,-19.09,-14.84
2026-08-11T10:00:00Z,BRT,-22.02,69.3,1002.6,11.99,10,223,0.5,-0.86603,-0.64004,-0.76834,-22.01,-18.98,-12.68
2026-08-11T11:00:00Z,BRT,-22.01,69.0,1005.5,7.99,11,223,0.25882,-0.96593,-0.64004,-0.76834,-20.64,-19.72,-10.95
2026-08-11T12:00:00Z,BRT,-20.64,63.6,1007.0,8.5,12,223,0.0,-1.0,-0.64004,-0.76834,-19.2,-19.63,-11.62
2026-08-11T13:00:00Z,BRT,-19.2,64.5,1004.7,9.05,13,223,-0.25882,-0.96593,-0.64004,-0.76834,-19.12,-21.27,-9.8
2026-08-11T14:00:00Z,BRT,-19.12,68.0,1001.8,10.78,14,223,-0.5,-0.86603,-0.64004,-0.76834,-19.09,-21.74,-8.19
2026-08-11T15:00:00Z,BRT,-19.09,72.8,999.9,13.25,15,223,-0.70711,-0.70711,-0.64004,-0.76834,-18.98,-22.95,-7.69
2026-08-11T16:00:00Z,BRT,-18.98,61.8,1000.3,10.8,16,223,-0.86603,-0.5,-0.64004,-0.76834,-19.72,-22.74,-8.45
2026-08-11T17:00:00Z,BRT,-19.72,68.8,999.1,15.92,17,223,-0.96593,-0.25882,-0.64004,-0.76834,-19.63,-21.89,-8.05
2026-08-11T18:00:00Z,BRT,-19.63,66.5,998.2,16.78,18,223,-1.0,-0.0,-0.64004,-0.76834,-21.27,-21.5,-7.97
2026-08-11T19:00:00Z,BRT,-21.27,74.6,998.1,11.29,19,223,-0.96593,0.25882,-0.64004,-0.76834,-21.74,-20.7,-6.56
2026-08-11T20:00:00Z,BRT,-21.74,78.5,996.8,13.74,20,223,-0.86603,0.5,-0.64004,-0.76834,-22.95,-22.09,-3.97
2026-08-11T21:00:00Z,BRT,-22.95,66.1,995.0,16.07,21,223,-0.70711,0.70711,-0.64004,-0.76834,-22.74,-21.21,-3.85
2026-08-11T22:00:00Z,BRT,-22.74,76.2,991.9,9.25,22,223,-0.5,0.86603,-0.64004,-0.76834,-21.89,-20.78,-5.07
2026-08-11T23:00:00Z,BRT,-21.89,85.5,988.7,14.26,23,223,-0.25882,0.96593,-0.64004,-0.76834,-21.5,-20.44,-4.75
2026-08-12T00:00:00Z,BRT,-21.5,78.6,987.8,12.93,0,224,0.0,1.0,-0.65316,-0.75722,-20.7,-21.2,-4.4
2026-08-12T01:00:00Z,BRT,-20.7,72.2,988.4,16.38,1,224,0.25882,0.96593,-0.65316,-0.75722,-22.09,-15.98,-4.97
2026-08-12T02:00:00Z,BRT,-22.09,80.2,986.7,14.66,2,224,0.5,0.86603,-0.65316,-0.75722,-21.21,-15.31,-5.47
2026-08-12T03:00:00Z,BRT,-21.21,89.8,985.8,15.45,3,224,0.70711,0.70711,-0.65316,-0.75722,-20.78,-14.84,-5.2
2026-08-12T04:00:00Z,BRT,-20.78,85.9,984.2,12.36,4,224,0.86603,0.5,-0.65316,-0.75722,-20.44,-12.68,-6.68
2026-08-12T05:00:00Z,BRT,-20.44,77.1,983.9,13.45,5,224,0.96593,0.25882,-0.65316,-0.75722,-21.2,-10.95,-7.26
2026-08-12T06:00:00Z,BRT,-21.2,81.3,981.7,14.54,6,224,1.0,0.0,-0.65316,-0.75722,-15.98,-11.62,-8.28
2026-08-12T07:00:00Z,BRT,-15.98,85.0,977.1,16.63,7,224,0.96593,-0.25882,-0.65316,-0.75722,-15.31,-9.8,-7.69
2026-08-12T08:00:00Z,BRT,-15.31,96.7,976.3,16.2,8,224,0.86603,-0.5,-0.65316,-0.75722,-14.84,-8.19,-7.6
2026-08-12T09:00:00Z,BRT,-14.84,88.6,975.3,16.2,9,224,0.70711,-0.70711,-0.65316,-0.75722,-12.68,-7.69,-8.17
2026-08-12T10:00:00Z,BRT,-12.68,99.0,971.7,17.87,10,224,0.5,-0.86603,-0.65316,-0.75722,-10.95,-8.45,-8.53
2026-08-12T11:00:00Z,BRT,-10.95,92.3,971.2,20.76,11,224,0.25882,-0.96593,-0.65316,-0.75722,-11.62,-8.05,-11.38
2026-08-12T12:00:00Z,BRT,-11.62,99.0,968.8,12.61,12,224,0.0,-1.0,-0.65316,-0.75722,-9.8,-7.97,-11.61
2026-08-12T13:00:00Z,BRT,-9.8,95.7,968.6,18.41,13,224,-0.25882,-0.96593,-0.65316,-0.75722,-8.19,-6.56,-10.83
2026-08-12T14:00:00Z,BRT,-8.19,99.0,965.8,19.17,14,224,-0.5,-0.86603,-0.65316,-0.75722,-7.69,-3.97,-12.55
2026-08-12T15:00:00Z,BRT,-7.69,95.5,965.7,23.71,15,224,-0.70711,-0.70711,-0.65316,-0.75722,-8.45,-3.85,-14.0
2026-08-12T16:00:00Z,BRT,-8.45,99.0,964.2,20.64,16,224,-0.86603,-0.5,-0.65316,-0.75722,-8.05,-5.07,-12.58
2026-08-12T17:00:00Z,BRT,-8.05,99.0,963.2,22.38,17,224,-0.96593,-0.25882,-0.65316,-0.75722,-7.97,-4.75,-20.56
2026-08-12T18:00:00Z,BRT,-7.97,99.0,962.2,24.62,18,224,-1.0,-0.0,-0.65316,-0.75722,-6.56,-4.4,-19.38
2026-08-12T19:00:00Z,BRT,-6.56,98.3,963.3,21.78,19,224,-0.96593,0.25882,-0.65316,-0.75722,-3.97,-4.97,-20.76
2026-08-12T20:00:00Z,BRT,-3.97,99.0,959.7,26.77,20,224,-0.86603,0.5,-0.65316,-0.75722,-3.85,-5.47,-20.24
2026-08-12T21:00:00Z,BRT,-3.85,99.0,958.2,22.72,21,224,-0.70711,0.70711,-0.65316,-0.75722,-5.07,-5.2,-19.37
2026-08-12T22:00:00Z,BRT,-5.07,99.0,958.7,19.24,22,224,-0.5,0.86603,-0.65316,-0.75722,-4.75,-6.68,-17.67
2026-08-12T23:00:00Z,BRT,-4.75,99.0,957.7,19.11,23,224,-0.25882,0.96593,-0.65316,-0.75722,-4.4,-7.26,-17.68
2026-08-13T00:00:00Z,BRT,-4.4,99.0,957.9,20.55,0,225,0.0,1.0,-0.66609,-0.74587,-4.97,-8.28,-18.11
2026-08-13T01:00:00Z,BRT,-4.97,99.0,960.0,23.33,1,225,0.25882,0.96593,-0.66609,-0.74587,-5.47,-7.69,-18.34
2026-08-13T02:00:00Z,BRT,-5.47,99.0,961.3,22.73,2,225,0.5,0.86603,-0.66609,-0.74587,-5.2,-7.6,-18.34
2026-08-13T03:00:00Z,BRT,-5.2,99.0,960.5,24.08,3,225,0.70711,0.70711,-0.66609,-0.74587,-6.68,-8.17,-19.21
2026-08-13T04:00:00Z,BRT,-6.68,95.6,960.1,16.84,4,225,0.86603,0.5,-0.66609,-0.74587,-7.26,-8.53,-17.27
2026-08-13T05:00:00Z,BRT,-7.26,99.0,961.9,18.52,5,225,0.96593,0.25882,-0.66609,-0.74587,-8.28,-11.38,-17.66
2026-08-13T06:00:00Z,BRT,-8.28,99.0,961.3,16.52,6,225,1.0,0.0,-0.66609,-0.74587,-7.69,-11.61,-17.29
2026-08-13T07:00:00Z,BRT,-7.69,99.0,961.9,18.33,7,225,0.96593,-0.25882,-0.66609,-0.74587,-7.6,-10.83,-17.26
2026-08-13T08:00:00Z,BRT,-7.6,99.0,963.1,21.28,8,225,0.86603,-0.5,-0.66609,-0.74587,-8.17,-12.55,-16.92
2026-08-13T09:00:00Z,BRT,-8.17,99.0,964.0,18.65,9,225,0.70711,-0.70711,-0.66609,-0.74587,-8.53,-14.0,-17.37
2026-08-13T10:00:00Z,BRT,-8.53,99.0,965.6,19.63,10,225,0.5,-0.86603,-0.66609,-0.74587,-11.38,-12.58,-19.26
2026-08-13T11:00:00Z,BRT,-11.38,99.0,967.1,18.37,11,225,0.25882,-0.96593,-0.66609,-0.74587,-11.61,-20.56,-19.71
2026-08-13T12:00:00Z,BRT,-11.61,99.0,970.3,15.85,12,225,0.0,-1.0,-0.66609,-0.74587,-10.83,-19.38,-20.13
2026-08-13T13:00:00Z,BRT,-10.83,93.7,972.6,22.38,13,225,-0.25882,-0.96593,-0.66609,-0.74587,-12.55,-20.76,-20.76
2026-08-13T14:00:00Z,BRT,-12.55,96.1,973.0,16.72,14,225,-0.5,-0.86603,-0.66609,-0.74587,-14.0,-20.24,-21.25
2026-08-13T15:00:00Z,BRT,-14.0,94.7,974.2,15.64,15,225,-0.70711,-0.70711,-0.66609,-0.74587,-12.58,-19.37,-19.6
2026-08-13T16:00:00Z,BRT,-12.58,91.0,976.6,21.41,16,225,-0.86603,-0.5,-0.66609,-0.74587,-20.56,-17.67,-19.12
2026-08-13T17:00:00Z,BRT,-20.56,88.6,980.9,15.58,17,225,-0.96593,-0.25882,-0.66609,-0.74587,-19.38,-17.68,-18.91
2026-08-13T18:00:00Z,BRT,-19.38,81.9,984.6,17.39,18,225,-1.0,-0.0,-0.66609,-0.74587,-20.76,-18.11,-18.64
2026-08-13T19:00:00Z,BRT,-20.76,92.2,984.4,14.74,19,225,-0.96593,0.25882,-0.66609,-0.74587,-20.24,-18.34,-18.28
2026-08-13T20:00:00Z,BRT,-20.24,78.8,990.3,13.44,20,225,-0.86603,0.5,-0.66609,-0.74587,-19.37,-18.34,-18.37
2026-08-13T21:00:00Z,BRT,-19.37,72.5,990.9,12.22,21,225,-0.70711,0.70711,-0.66609,-0.74587,-17.67,-19.21,-18.66
2026-08-13T22:00:00Z,BRT,-17.67,74.6,991.5,11.69,22,225,-0.5,0.86603,-0.66609,-0.74587,-17.68,-17.27,-18.13
2026-08-13T23:00:00Z,BRT,-17.68,79.9,993.0,12.85,23,225,-0.25882,0.96593,-0.66609,-0.74587,-18.11,-17.66,-18.97
2026-08-14T00:00:00Z,BRT,-18.11,69.7,996.0,6.59,0,226,0.0,1.0,-0.67882,-0.7343,-18.34,-17.29,-17.73
2026-08-14T01:00:00Z,BRT,-18.34,67.8,999.3,10.86,1,226,0.25882,0.96593,-0.67882,-0.7343,-18.34,-17.26,-15.99
2026-08-14T02:00:00Z,BRT,-18.34,72.5,1000.6,7.42,2,226,0.5,0.86603,-0.67882,-0.7343,-19.21,-16.92,-16.14
2026-08-14T03:00:00Z,BRT,-19.21,66.2,1001.5,14.18,3,226,0.70711,0.70711,-0.67882,-0.7343,-17.27,-17.37,-16.77
2026-08-14T04:00:00Z,BRT,-17.27,68.9,1001.6,10.09,4,226,0.86603,0.5,-0.67882,-0.7343,-17.66,-19.26,-17.32
2026-08-14T05:00:00Z,BRT,-17.66,67.7,1000.8,5.16,5,226,0.96593,0.25882,-0.67882,-0.7343,-17.29,-19.71,-18.87
2026-08-14T06:00:00Z,BRT,-17.29,60.5,1002.4,7.57,6,226,1.0,0.0,-0.67882,-0.7343,-17.26,-20.13,-18.61
2026-08-14T07:00:00Z,BRT,-17.26,62.9,1004.4,10.03,7,226,0.96593,-0.25882,-0.67882,-0.7343,-16.92,-20.76,-18.19
2026-08-14T08:00:00Z,BRT,-16.92,66.3,1003.6,9.94,8,226,0.86603,-0.5,-0.67882,-0.7343,-17.37,-21.25,-18.73
2026-08-14T09:00:00Z,BRT,-17.37,67.6,1003.2,7.42,9,226,0.70711,-0.70711,-0.67882,-0.7343,-19.26,-19.6,-18.45
2026-08-14T10:00:00Z,BRT,-19.26,67.8,1002.2,6.96,10,226,0.5,-0.86603,-0.67882,-0.7343,-19.71,-19.12,-18.59
2026-08-14T11:00:00Z,BRT,-19.71,75.0,999.8,7.86,11,226,0.25882,-0.96593,-0.67882,-0.7343,-20.13,-18.91,-17.83
2026-08-14T12:00:00Z,BRT,-20.13,69.0,996.8,7.85,12,226,0.0,-1.0,-0.67882,-0.7343,-20.76,-18.64,-18.16
2026-08-14T13:00:00Z,BRT,-20.76,79.1,995.3,10.02,13,226,-0.25882,-0.96593,-0.67882,-0.7343,-21.25,-18.28,-18.07
2026-08-14T14:00:00Z,BRT,-21.25,65.3,995.9,9.14,14,226,-0.5,-0.86603,-0.67882,-0.7343,-19.6,-18.37,-17.43
2026-08-14T15:00:00Z,BRT,-19.6,67.4,999.0,5.79,15,226,-0.70711,-0.70711,-0.67882,-0.7343,-19.12,-18.66,-18.41
2026-08-14T16:00:00Z,BRT,-19.12,79.5,1000.2,14.76,16,226,-0.86603,-0.5,-0.67882,-0.7343,-18.91,-18.13,-19.16
2026-08-14T17:00:00Z,BRT,-18.91,69.5,1000.4,10.5,17,226,-0.96593,-0.25882,-0.67882,-0.7343,-18.64,-18.97,-17.43
2026-08-14T18:00:00Z,BRT,-18.64,73.9,999.4,12.71,18,226,-1.0,-0.0,-0.67882,-0.7343,-18.28,-17.73,-18.35
2026-08-14T19:00:00Z,BRT,-18.28,69.4,1000.0,9.85,19,226,-0.96593,0.25882,-0.67882,-0.7343,-18.37,-15.99,-19.27
2026-08-14T20:00:00Z,BRT,-18.37,66.2,1002.9,9.53,20,226,-0.86603,0.5,-0.67882,-0.7343,-18.66,-16.14,-19.68
2026-08-14T21:00:00Z,BRT,-18.66,63.5,1004.6,9.93,21,226,-0.70711,0.70711,-0.67882,-0.7343,-18.13,-16.77,-19.57
2026-08-14T22:00:00Z,BRT,-18.13,57.2,1005.5,9.87,22,226,-0.5,0.86603,-0.67882,-0.7343,-18.97,-17.32,-19.37
2026-08-14T23:00:00Z,BRT,-18.97,72.1,1002.8,8.94,23,226,-0.25882,0.96593,-0.67882,-0.7343,-17.73,-18.87,-18.92
2026-08-15T00:00:00Z,BRT,-17.73,61.4,1004.5,10.55,0,227,0.0,1.0,-0.69135,-0.72252,-15.99,-18.61,-19.27
2026-08-15T01:00:00Z,BRT,-15.99,67.8,1000.6,8.75,1,227,0.25882,0.96593,-0.69135,-0.72252,-16.14,-18.19,-16.32
2026-08-15T02:00:00Z,BRT,-16.14,73.8,1000.4,9.9,2,227,0.5,0.86603,-0.69135,-0.72252,-16.77,-18.73,-16.61
2026-08-15T03:00:00Z,BRT,-16.77,69.6,1001.0,13.53,3,227,0.70711,0.70711,-0.69135,-0.72252,-17.32,-18.45,-16.98
2026-08-15T04:00:00Z,BRT,-17.32,62.8,1000.3,9.82,4,227,0.86603,0.5,-0.69135,-0.72252,-18.87,-18.59,-17.17
2026-08-15T05:00:00Z,BRT,-18.87,71.3,997.7,9.14,5,227,0.96593,0.25882,-0.69135,-0.72252,-18.61,-17.83,-17.29
2026-08-15T06:00:00Z,BRT,-18.61,63.5,996.4,7.44,6,227,1.0,0.0,-0.69135,-0.72252,-18.19,-18.16,-16.84
2026-08-15T07:00:00Z,BRT,-18.19,76.7,996.4,12.11,7,227,0.96593,-0.25882,-0.69135,-0.72252,-18.73,-18.07,-16.61
2026-08-15T08:00:00Z,BRT,-18.73,67.4,997.2,8.19,8,227,0.86603,-0.5,-0.69135,-0.72252,-18.45,-17.43,-15.42
2026-08-15T09:00:00Z,BRT,-18.45,81.8,996.3,8.17,9,227,0.70711,-0.70711,-0.69135,-0.72252,-18.59,-18.41,-16.75
2026-08-15T10:00:00Z,BRT,-18.59,67.1,995.4,11.63,10,227,0.5,-0.86603,-0.69135,-0.72252,-17.83,-19.16,-15.64
2026-08-15T11:00:00Z,BRT,-17.83,76.9,996.8,8.06,11,227,0.25882,-0.96593,-0.69135,-0.72252,-18.16,-17.43,-15.39
2026-08-15T12:00:00Z,BRT,-18.16,70.6,997.3,11.72,12,227,0.0,-1.0,-0.69135,-0.72252,-18.07,-18.35,-14.61
2026-08-15T13:00:00Z,BRT,-18.07,70.1,998.7,10.62,13,227,-0.25882,-0.96593,-0.69135,-0.72252,-17.43,-19.27,-12.83
2026-08-15T14:00:00Z,BRT,-17.43,71.9,996.8,12.36,14,227,-0.5,-0.86603,-0.69135,-0.72252,-18.41,-19.68,-14.22
2026-08-15T15:00:00Z,BRT,-18.41,73.6,996.8,9.83,15,227,-0.70711,-0.70711,-0.69135,-0.72252,-19.16,-19.57,-15.3
2026-08-15T16:00:00Z,BRT,-19.16,73.3,998.3,14.86,16,227,-0.86603,-0.5,-0.69135,-0.72252,-17.43,-19.37,-17.02
2026-08-15T17:00:00Z,BRT,-17.43,73.8,999.4,12.38,17,227,-0.96593,-0.25882,-0.69135,-0.72252,-18.35,-18.92,-17.41
2026-08-15T18:00:00Z,BRT,-18.35,63.1,1000.0,12.06,18,227,-1.0,-0.0,-0.69135,-0.72252,-19.27,-19.27,-17.27
2026-08-15T19:00:00Z,BRT,-19.27,58.4,1000.1,13.42,19,227,-0.96593,0.25882,-0.69135,-0.72252,-19.68,-16.32,-17.78
2026-08-15T20:00:00Z,BRT,-19.68,79.8,997.2,12.72,20,227,-0.86603,0.5,-0.69135,-0.72252,-19.57,-16.61,-17.67
2026-08-15T21:00:00Z,BRT,-19.57,66.7,998.7,14.4,21,227,-0.70711,0.70711,-0.69135,-0.72252,-19.37,-16.98,-18.02
2026-08-15T22:00:00Z,BRT,-19.37,68.7,1000.4,10.43,22,227,-0.5,0.86603,-0.69135,-0.72252,-18.92,-17.17,-19.46
2026-08-15T23:00:00Z,BRT,-18.92,58.7,1004.0,6.53,23,227,-0.25882,0.96593,-0.69135,-0.72252,-19.27,-17.29,-19.82
2026-08-16T00:00:00Z,BRT,-19.27,66.6,1004.9,9.69,0,228,0.0,1.0,-0.70368,-0.71052,-16.32,-16.84,-20.79
2026-08-16T01:00:00Z,BRT,-16.32,63.3,1006.7,9.98,1,228,0.25882,0.96593,-0.70368,-0.71052,-16.61,-16.61,-20.74
2026-08-16T02:00:00Z,BRT,-16.61,62.1,1007.7,10.32,2,228,0.5,0.86603,-0.70368,-0.71052,-16.98,-15.42,-19.87
2026-08-16T03:00:00Z,BRT,-16.98,62.0,1006.6,6.06,3,228,0.70711,0.70711,-0.70368,-0.71052,-17.17,-16.75,-21.0
2026-08-16T04:00:00Z,BRT,-17.17,71.4,1006.1,3.5,4,228,0.86603,0.5,-0.70368,-0.71052,-17.29,-15.64,-21.4
2026-08-16T05:00:00Z,BRT,-17.29,51.6,1010.4,5.37,5,228,0.96593,0.25882,-0.70368,-0.71052,-16.84,-15.39,-21.42
2026-08-16T06:00:00Z,BRT,-16.84,65.8,1010.0,6.85,6,228,1.0,0.0,-0.70368,-0.71052,-16.61,-14.61,-20.88
2026-08-16T07:00:00Z,BRT,-16.61,58.8,1007.6,6.22,7,228,0.96593,-0.25882,-0.70368,-0.71052,-15.42,-12.83,-21.25
2026-08-16T08:00:00Z,BRT,-15.42,63.0,1006.9,5.84,8,228,0.86603,-0.5,-0.70368,-0.71052,-16.75,-14.22,-20.41
2026-08-16T09:00:00Z,BRT,-16.75,60.1,1007.4,9.16,9,228,0.70711,-0.70711,-0.70368,-0.71052,-15.64,-15.3,-19.39
2026-08-16T10:00:00Z,BRT,-15.64,65.6,1009.2,5.04,10,228,0.5,-0.86603,-0.70368,-0.71052,-15.39,-17.02,-20.26
2026-08-16T11:00:00Z,BRT,-15.39,65.3,1006.8,10.93,11,228,0.25882,-0.96593,-0.70368,-0.71052,-14.61,-17.41,-20.98
2026-08-16T12:00:00Z,BRT,-14.61,57.3,1005.8,8.56,12,228,0.0,-1.0,-0.70368,-0.71052,-12.83,-17.27,-20.92
2026-08-16T13:00:00Z,BRT,-12.83,75.0,1001.6,8.18,13,228,-0.25882,-0.96593,-0.70368,-0.71052,-14.22,-17.78,-20.72
2026-08-16T14:00:00Z,BRT,-14.22,81.4,996.0,9.98,14,228,-0.5,-0.86603,-0.70368,-0.71052,-15.3,-17.67,-21.83
2026-08-16T15:00:00Z,BRT,-15.3,69.6,996.8,11.91,15,228,-0.70711,-0.70711,-0.70368,-0.71052,-17.02,-18.02,-21.53
2026-08-16T16:00:00Z,BRT,-17.02,76.6,997.9,13.2,16,228,-0.86603,-0.5,-0.70368,-0.71052,-17.41,-19.46,-15.87
2026-08-16T17:00:00Z,BRT,-17.41,69.3,996.9,14.45,17,228,-0.96593,-0.25882,-0.70368,-0.71052,-17.27,-19.82,-16.29
2026-08-16T18:00:00Z,BRT,-17.27,71.2,998.2,10.7,18,228,-1.0,-0.0,-0.70368,-0.71052,-17.78,-20.79,-15.91
2026-08-16T19:00:00Z,BRT,-17.78,73.5,997.2,12.71,19,228,-0.96593,0.25882,-0.70368,-0.71052,-17.67,-20.74,-12.79
2026-08-16T20:00:00Z,BRT,-17.67,69.3,1000.4,11.72,20,228,-0.86603,0.5,-0.70368,-0.71052,-18.02,-19.87,-11.24
2026-08-16T21:00:00Z,BRT,-18.02,71.3,998.4,9.26,21,228,-0.70711,0.70711,-0.70368,-0.71052,-19.46,-21.0,-10.47
2026-08-16T22:00:00Z,BRT,-19.46,70.1,999.1,12.95,22,228,-0.5,0.86603,-0.70368,-0.71052,-19.82,-21.4,-11.31
2026-08-16T23:00:00Z,BRT,-19.82,63.6,999.8,9.21,23,228,-0.25882,0.96593,-0.70368,-0.71052,-20.79,-21.42,-9.36
2026-08-17T00:00:00Z,BRT,-20.79,71.3,995.5,10.56,0,229,0.0,1.0,-0.7158,-0.69831,-20.74,-20.88,-11.13
2026-08-17T01:00:00Z,BRT,-20.74,71.1,992.7,13.22,1,229,0.25882,0.96593,-0.7158,-0.69831,-19.87,-21.25,-11.34
2026-08-17T02:00:00Z,BRT,-19.87,75.7,994.4,15.41,2,229,0.5,0.86603,-0.7158,-0.69831,-21.0,-20.41,-11.71
2026-08-17T03:00:00Z,BRT,-21.0,78.1,993.6,14.49,3,229,0.70711,0.70711,-0.7158,-0.69831,-21.4,-19.39,-12.5
2026-08-17T04:00:00Z,BRT,-21.4,71.4,991.1,9.96,4,229,0.86603,0.5,-0.7158,-0.69831,-21.42,-20.26,-14.54
2026-08-17T05:00:00Z,BRT,-21.42,79.0,989.4,10.64,5,229,0.96593,0.25882,-0.7158,-0.69831,-20.88,-20.98,-15.4
2026-08-17T06:00:00Z,BRT,-20.88,88.2,989.2,15.55,6,229,1.0,0.0,-0.7158,-0.69831,-21.25,-20.92,-14.48
2026-08-17T07:00:00Z,BRT,-21.25,71.5,987.9,10.76,7,229,0.96593,-0.25882,-0.7158,-0.69831,-20.41,-20.72,-12.49
2026-08-17T08:00:00Z,BRT,-20.41,85.1,984.8,12.04,8,229,0.86603,-0.5,-0.7158,-0.69831,-19.39,-21.83,-14.82
2026-08-17T09:00:00Z,BRT,-19.39,83.4,982.2,15.39,9,229,0.70711,-0.70711,-0.7158,-0.69831,-20.26,-21.53,-14.23
2026-08-17T10:00:00Z,BRT,-20.26,86.7,981.6,14.81,10,229,0.5,-0.86603,-0.7158,-0.69831,-20.98,-15.87,-15.24
2026-08-17T11:00:00Z,BRT,-20.98,95.0,980.9,14.6,11,229,0.25882,-0.96593,-0.7158,-0.69831,-20.92,-16.29,-16.16
2026-08-17T12:00:00Z,BRT,-20.92,87.7,979.5,12.7,12,229,0.0,-1.0,-0.7158,-0.69831,-20.72,-15.91,-15.31
2026-08-17T13:00:00Z,BRT,-20.72,82.1,980.8,16.47,13,229,-0.25882,-0.96593,-0.7158,-0.69831,-21.83,-12.79,-16.65
2026-08-17T14:00:00Z,BRT,-21.83,85.6,978.5,17.34,14,229,-0.5,-0.86603,-0.7158,-0.69831,-21.53,-11.24,-21.27
2026-08-17T15:00:00Z,BRT,-21.53,95.7,978.4,17.11,15,229,-0.70711,-0.70711,-0.7158,-0.69831,-15.87,-10.47,-16.61
2026-08-17T16:00:00Z,BRT,-15.87,84.8,976.8,18.93,16,229,-0.86603,-0.5,-0.7158,-0.69831,-16.29,-11.31,-21.68
2026-08-17T17:00:00Z,BRT,-16.29,86.4,976.7,19.51,17,229,-0.96593,-0.25882,-0.7158,-0.69831,-15.91,-9.36,-20.84
2026-08-17T18:00:00Z,BRT,-15.91,86.4,974.7,20.03,18,229,-1.0,-0.0,-0.7158,-0.69831,-12.79,-11.13,-20.69
2026-08-17T19:00:00Z,BRT,-12.79,97.8,971.9,20.21,19,229,-0.96593,0.25882,-0.7158,-0.69831,-11.24,-11.34,-20.66
2026-08-17T20:00:00Z,BRT,-11.24,99.0,969.4,19.17,20,229,-0.86603,0.5,-0.7158,-0.69831,-10.47,-11.71,-20.63
2026-08-17T21:00:00Z,BRT,-10.47,99.0,968.3,22.23,21,229,-0.70711,0.70711,-0.7158,-0.69831,-11.31,-12.5,-15.89
2026-08-17T22:00:00Z,BRT,-11.31,96.1,966.5,17.22,22,229,-0.5,0.86603,-0.7158,-0.69831,-9.36,-14.54,-15.2
2026-08-17T23:00:00Z,BRT,-9.36,99.0,965.9,20.41,23,229,-0.25882,0.96593,-0.7158,-0.69831,-11.13,-15.4,-20.12
2026-08-18T00:00:00Z,BRT,-11.13,98.2,968.1,16.38,0,230,0.0,1.0,-0.7277,-0.68589,-11.34,-14.48,-19.81
2026-08-18T01:00:00Z,BRT,-11.34,98.7,970.3,16.97,1,230,0.25882,0.96593,-0.7277,-0.68589,-11.71,-12.49,-20.31
2026-08-18T02:00:00Z,BRT,-11.71,96.0,970.9,17.8,2,230,0.5,0.86603,-0.7277,-0.68589,-12.5,-14.82,-20.19
2026-08-18T03:00:00Z,BRT,-12.5,96.4,971.5,20.11,3,230,0.70711,0.70711,-0.7277,-0.68589,-14.54,-14.23,-19.65
2026-08-18T04:00:00Z,BRT,-14.54,91.8,970.7,16.02,4,230,0.86603,0.5,-0.7277,-0.68589,-15.4,-15.24,-19.6
2026-08-18T05:00:00Z,BRT,-15.4,84.4,971.6,16.41,5,230,0.96593,0.25882,-0.7277,-0.68589,-14.48,-16.16,-19.74
2026-08-18T06:00:00Z,BRT,-14.48,96.3,970.0,17.27,6,230,1.0,0.0,-0.7277,-0.68589,-12.49,-15.31,-20.8
2026-08-18T07:00:00Z,BRT,-12.49,99.0,967.4,19.98,7,230,0.96593,-0.25882,-0.7277,-0.68589,-14.82,-16.65,-20.96
2026-08-18T08:00:00Z,BRT,-14.82,95.3,970.1,19.62,8,230,0.86603,-0.5,-0.7277,-0.68589,-14.23,-21.27,-21.1
2026-08-18T09:00:00Z,BRT,-14.23,99.0,971.4,16.98,9,230,0.70711,-0.70711,-0.7277,-0.68589,-15.24,-16.61,-19.76
2026-08-18T10:00:00Z,BRT,-15.24,97.9,973.1,17.99,10,230,0.5,-0.86603,-0.7277,-0.68589,-16.16,-21.68,-20.35
2026-08-18T11:00:00Z,BRT,-16.16,98.7,975.3,18.98,11,230,0.25882,-0.96593,-0.7277,-0.68589,-15.31,-20.84,-21.93
2026-08-18T12:00:00Z,BRT,-15.31,88.8,974.0,14.73,12,230,0.0,-1.0,-0.7277,-0.68589,-16.65,-20.69,-21.68
2026-08-18T13:00:00Z,BRT,-16.65,89.3,977.6,18.88,13,230,-0.25882,-0.96593,-0.7277,-0.68589,-21.27,-20.66,-21.77
2026-08-18T14:00:00Z,BRT,-21.27,81.6,979.8,16.0,14,230,-0.5,-0.86603,-0.7277,-0.68589,-16.61,-20.63,-21.77
2026-08-18T15:00:00Z,BRT,-16.61,93.0,977.3,18.61,15,230,-0.70711,-0.70711,-0.7277,-0.68589,-21.68,-15.89,-21.18
2026-08-18T16:00:00Z,BRT,-21.68,87.8,979.2,17.7,16,230,-0.86603,-0.5,-0.7277,-0.68589,-20.84,-15.2,-22.15
2026-08-18T17:00:00Z,BRT,-20.84,77.6,981.6,19.58,17,230,-0.96593,-0.25882,-0.7277,-0.68589,-20.69,-20.12,-22.32
2026-08-18T18:00:00Z,BRT,-20.69,89.4,978.7,20.47,18,230,-1.0,-0.0,-0.7277,-0.68589,-20.66,-19.81,-20.78
2026-08-18T19:00:00Z,BRT,-20.66,96.1,978.6,19.74,19,230,-0.96593,0.25882,-0.7277,-0.68589,-20.63,-20.31,-20.66
2026-08-18T20:00:00Z,BRT,-20.63,88.8,978.2,16.35,20,230,-0.86603,0.5,-0.7277,-0.68589,-15.89,-20.19,-21.37
2026-08-18T21:00:00Z,BRT,-15.89,92.1,977.2,16.07,21,230,-0.70711,0.70711,-0.7277,-0.68589,-15.2,-19.65,-20.08
2026-08-18T22:00:00Z,BRT,-15.2,90.8,976.8,20.95,22,230,-0.5,0.86603,-0.7277,-0.68589,-20.12,-19.6,-20.95
2026-08-18T23:00:00Z,BRT,-20.12,88.1,979.5,15.61,23,230,-0.25882,0.96593,-0.7277,-0.68589,-19.81,-19.74,-21.32
2026-08-19T00:00:00Z,BRT,-19.81,87.3,979.4,13.95,0,231,0.0,1.0,-0.73939,-0.67327,-20.31,-20.8,-22.0
2026-08-19T01:00:00Z,BRT,-20.31,90.8,981.1,15.45,1,231,0.25882,0.96593,-0.73939,-0.67327,-20.19,-20.96,-21.57
2026-08-19T02:00:00Z,BRT,-20.19,89.6,982.3,14.55,2,231,0.5,0.86603,-0.73939,-0.67327,-19.65,-21.1,-20.39
2026-08-19T03:00:00Z,BRT,-19.65,82.1,983.8,15.71,3,231,0.70711,0.70711,-0.73939,-0.67327,-19.6,-19.76,-20.71
2026-08-19T04:00:00Z,BRT,-19.6,87.7,987.5,10.62,4,231,0.86603,0.5,-0.73939,-0.67327,-19.74,-20.35,-20.11
2026-08-19T05:00:00Z,BRT,-19.74,77.2,989.3,9.83,5,231,0.96593,0.25882,-0.73939,-0.67327,-20.8,-21.93,-21.19
2026-08-19T06:00:00Z,BRT,-20.8,87.4,988.0,13.12,6,231,1.0,0.0,-0.73939,-0.67327,-20.96,-21.68,-20.77
2026-08-19T07:00:00Z,BRT,-20.96,73.6,989.1,13.84,7,231,0.96593,-0.25882,-0.73939,-0.67327,-21.1,-21.77,-20.92
2026-08-19T08:00:00Z,BRT,-21.1,73.2,988.1,12.66,8,231,0.86603,-0.5,-0.73939,-0.67327,-19.76,-21.77,-20.1
2026-08-19T09:00:00Z,BRT,-19.76,70.6,990.9,12.14,9,231,0.70711,-0.70711,-0.73939,-0.67327,-20.35,-21.18,-19.71
2026-08-19T10:00:00Z,BRT,-20.35,72.1,992.3,13.28,10,231,0.5,-0.86603,-0.73939,-0.67327,-21.93,-22.15,-19.4
2026-08-19T11:00:00Z,BRT,-21.93,81.3,994.5,9.93,11,231,0.25882,-0.96593,-0.73939,-0.67327,-21.68,-22.32,-19.46
2026-08-19T12:00:00Z,BRT,-21.68,81.5,993.3,12.1,12,231,0.0,-1.0,-0.73939,-0.67327,-21.77,-20.78,-19.48
2026-08-19T13:00:00Z,BRT,-21.77,75.4,994.0,11.44,13,231,-0.25882,-0.96593,-0.73939,-0.67327,-21.77,-20.66,-18.48
2026-08-19T14:00:00Z,BRT,-21.77,71.2,996.4,9.7,14,231,-0.5,-0.86603,-0.73939,-0.67327,-21.18,-21.37,-17.96
2026-08-19T15:00:00Z,BRT,-21.18,74.4,996.9,14.24,15,231,-0.70711,-0.70711,-0.73939,-0.67327,-22.15,-20.08,-19.39
2026-08-19T16:00:00Z,BRT,-22.15,75.6,997.7,11.11,16,231,-0.86603,-0.5,-0.73939,-0.67327,-22.32,-20.95,-19.88
2026-08-19T17:00:00Z,BRT,-22.32,71.0,999.0,12.87,17,231,-0.96593,-0.25882,-0.73939,-0.67327,-20.78,-21.32,-19.76
2026-08-19T18:00:00Z,BRT,-20.78,77.2,999.3,14.95,18,231,-1.0,-0.0,-0.73939,-0.67327,-20.66,-22.0,-19.41
2026-08-19T19:00:00Z,BRT,-20.66,73.3,1000.6,14.69,19,231,-0.96593,0.25882,-0.73939,-0.67327,-21.37,-21.57,-18.22
2026-08-19T20:00:00Z,BRT,-21.37,64.1,1002.4,12.85,20,231,-0.86603,0.5,-0.73939,-0.67327,-20.08,-20.39,-18.01
2026-08-19T21:00:00Z,BRT,-20.08,60.4,1003.7,8.97,21,231,-0.70711,0.70711,-0.73939,-0.67327,-20.95,-20.71,-19.84
2026-08-19T22:00:00Z,BRT,-20.95,68.1,1005.9,6.34,22,231,-0.5,0.86603,-0.73939,-0.67327,-21.32,-20.11,-20.36
2026-08-19T23:00:00Z,BRT,-21.32,64.8,1004.3,11.7,23,231,-0.25882,0.96593,-0.73939,-0.67327,-22.0,-21.19,-20.3
2026-08-20T00:00:00Z,BRT,-22.0,56.7,1002.7,6.93,0,232,0.0,1.0,-0.75086,-0.66046,-21.57,-20.77,-18.94
2026-08-20T01:00:00Z,BRT,-21.57,61.4,1001.4,10.72,1,232,0.25882,0.96593,-0.75086,-0.66046,-20.39,-20.92,-17.93
2026-08-20T02:00:00Z,BRT,-20.39,71.9,1001.1,11.56,2,232,0.5,0.86603,-0.75086,-0.66046,-20.71,-20.1,-18.91
2026-08-20T03:00:00Z,BRT,-20.71,67.3,1004.0,9.13,3,232,0.70711,0.70711,-0.75086,-0.66046,-20.11,-19.71,-18.23
2026-08-20T04:00:00Z,BRT,-20.11,66.4,1005.1,8.3,4,232,0.86603,0.5,-0.75086,-0.66046,-21.19,-19.4,-17.01
2026-08-20T05:00:00Z,BRT,-21.19,63.3,1002.8,7.52,5,232,0.96593,0.25882,-0.75086,-0.66046,-20.77,-19.46,-17.25
2026-08-20T06:00:00Z,BRT,-20.77,72.2,1001.0,9.51,6,232,1.0,0.0,-0.75086,-0.66046,-20.92,-19.48,-17.31
2026-08-20T07:00:00Z,BRT,-20.92,60.7,1002.0,6.37,7,232,0.96593,-0.25882,-0.75086,-0.66046,-20.1,-18.48,-16.8
2026-08-20T08:00:00Z,BRT,-20.1,59.2,1003.8,4.75,8,232,0.86603,-0.5,-0.75086,-0.66046,-19.71,-17.96,-16.4
2026-08-20T09:00:00Z,BRT,-19.71,77.4,1004.9,8.39,9,232,0.70711,-0.70711,-0.75086,-0.66046,-19.4,-19.39,-16.19
2026-08-20T10:00:00Z,BRT,-19.4,62.6,1003.0,7.44,10,232,0.5,-0.86603,-0.75086,-0.66046,-19.46,-19.88,-16.34
2026-08-20T11:00:00Z,BRT,-19.46,76.2,1003.9,10.53,11,232,0.25882,-0.96593,-0.75086,-0.66046,-19.48,-19.76,-16.27
2026-08-20T12:00:00Z,BRT,-19.48,56.3,1002.4,6.93,12,232,0.0,-1.0,-0.75086,-0.66046,-18.48,-19.41,-16.87
2026-08-20T13:00:00Z,BRT,-18.48,65.7,1002.8,10.4,13,232,-0.25882,-0.96593,-0.75086,-0.66046,-17.96,-18.22,-17.66
2026-08-20T14:00:00Z,BRT,-17.96,64.0,1004.2,8.8,14,232,-0.5,-0.86603,-0.75086,-0.66046,-19.39,-18.01,-19.11
2026-08-20T15:00:00Z,BRT,-19.39,67.4,1005.4,10.45,15,232,-0.70711,-0.70711,-0.75086,-0.66046,-19.88,-19.84,-17.65
2026-08-20T16:00:00Z,BRT,-19.88,58.6,1009.9,9.12,16,232,-0.86603,-0.5,-0.75086,-0.66046,-19.76,-20.36,-17.61
2026-08-20T17:00:00Z,BRT,-19.76,63.9,1009.1,7.82,17,232,-0.96593,-0.25882,-0.75086,-0.66046,-19.41,-20.3,-19.19
2026-08-20T18:00:00Z,BRT,-19.41,61.4,1008.3,10.49,18,232,-1.0,-0.0,-0.75086,-0.66046,-18.22,-18.94,-19.4
2026-08-20T19:00:00Z,BRT,-18.22,63.9,1006.5,6.77,19,232,-0.96593,0.25882,-0.75086,-0.66046,-18.01,-17.93,-19.23
2026-08-20T20:00:00Z,BRT,-18.01,64.8,1003.9,12.74,20,232,-0.86603,0.5,-0.75086,-0.66046,-19.84,-18.91,-19.59
2026-08-20T21:00:00Z,BRT,-19.84,59.2,1008.0,11.32,21,232,-0.70711,0.70711,-0.75086,-0.66046,-20.36,-18.23,-19.51
2026-08-20T22:00:00Z,BRT,-20.36,69.0,1005.9,12.36,22,232,-0.5,0.86603,-0.75086,-0.66046,-20.3,-17.01,-17.62
2026-08-20T23:00:00Z,BRT,-20.3,72.5,1006.6,11.47,23,232,-0.25882,0.96593,-0.75086,-0.66046,-18.94,-17.25,-16.83
2026-08-21T00:00:00Z,BRT,-18.94,56.6,1007.5,7.38,0,233,0.0,1.0,-0.76211,-0.64744,-17.93,-17.31,-16.49
2026-08-21T01:00:00Z,BRT,-17.93,62.3,1005.6,9.59,1,233,0.25882,0.96593,-0.76211,-0.64744,-18.91,-16.8,-16.59
2026-08-21T02:00:00Z,BRT,-18.91,63.3,1004.7,10.9,2,233,0.5,0.86603,-0.76211,-0.64744,-18.23,-16.4,-17.48
2026-08-21T03:00:00Z,BRT,-18.23,68.4,1002.3,10.41,3,233,0.70711,0.70711,-0.76211,-0.64744,-17.01,-16.19,-17.27
2026-08-21T04:00:00Z,BRT,-17.01,66.3,1000.8,5.7,4,233,0.86603,0.5,-0.76211,-0.64744,-17.25,-16.34,-16.96
2026-08-21T05:00:00Z,BRT,-17.25,69.2,1000.1,8.96,5,233,0.96593,0.25882,-0.76211,-0.64744,-17.31,-16.27,-17.08
2026-08-21T06:00:00Z,BRT,-17.31,68.2,1000.2,7.32,6,233,1.0,0.0,-0.76211,-0.64744,-16.8,-16.87,-18.08
2026-08-21T07:00:00Z,BRT,-16.8,58.4,1001.0,6.53,7,233,0.96593,-0.25882,-0.76211,-0.64744,-16.4,-17.66,-18.08
2026-08-21T08:00:00Z,BRT,-16.4,71.3,1002.3,8.12,8,233,0.86603,-0.5,-0.76211,-0.64744,-16.19,-19.11,-18.12
2026-08-21T09:00:00Z,BRT,-16.19,67.3,1001.8,9.99,9,233,0.70711,-0.70711,-0.76211,-0.64744,-16.34,-17.65,-18.9
2026-08-21T10:00:00Z,BRT,-16.34,58.7,1001.9,5.93,10,233,0.5,-0.86603,-0.76211,-0.64744,-16.27,-17.61,-20.08
2026-08-21T11:00:00Z,BRT,-16.27,62.0,1002.7,11.1,11,233,0.25882,-0.96593,-0.76211,-0.64744,-16.87,-19.19,-19.38
2026-08-21T12:00:00Z,BRT,-16.87,66.6,1000.7,9.92,12,233,0.0,-1.0,-0.76211,-0.64744,-17.66,-19.4,-19.33
2026-08-21T13:00:00Z,BRT,-17.66,59.9,1001.4,6.75,13,233,-0.25882,-0.96593,-0.76211,-0.64744,-19.11,-19.23,-18.55
2026-08-21T14:00:00Z,BRT,-19.11,65.7,1000.5,12.22,14,233,-0.5,-0.86603,-0.76211,-0.64744,-17.65,-19.59,-18.06
2026-08-21T15:00:00Z,BRT,-17.65,74.7,1000.3,11.67,15,233,-0.70711,-0.70711,-0.76211,-0.64744,-17.61,-19.51,-18.12
2026-08-21T16:00:00Z,BRT,-17.61,71.3,1002.4,10.44,16,233,-0.86603,-0.5,-0.76211,-0.64744,-19.19,-17.62,-17.78
2026-08-21T17:00:00Z,BRT,-19.19,62.9,1002.5,9.41,17,233,-0.96593,-0.25882,-0.76211,-0.64744,-19.4,-16.83,-18.61
2026-08-21T18:00:00Z,BRT,-19.4,68.9,1004.0,11.63,18,233,-1.0,-0.0,-0.76211,-0.64744,-19.23,-16.49,-12.73
2026-08-21T19:00:00Z,BRT,-19.23,60.4,1003.5,9.86,19,233,-0.96593,0.25882,-0.76211,-0.64744,-19.59,-16.59,-16.27
2026-08-21T20:00:00Z,BRT,-19.59,57.7,1002.8,11.8,20,233,-0.86603,0.5,-0.76211,-0.64744,-19.51,-17.48,-18.06
2026-08-21T21:00:00Z,BRT,-19.51,65.5,1004.4,14.86,21,233,-0.70711,0.70711,-0.76211,-0.64744,-17.62,-17.27,-17.71
2026-08-21T22:00:00Z,BRT,-17.62,70.5,1002.0,8.93,22,233,-0.5,0.86603,-0.76211,-0.64744,-16.83,-16.96,-18.8
2026-08-21T23:00:00Z,BRT,-16.83,72.0,1003.5,11.0,23,233,-0.25882,0.96593,-0.76211,-0.64744,-16.49,-17.08,-18.06
2026-08-22T00:00:00Z,BRT,-16.49,70.7,1002.0,8.96,0,234,0.0,1.0,-0.77314,-0.63424,-16.59,-18.08,-17.97
2026-08-22T01:00:00Z,BRT,-16.59,70.5,997.6,9.87,1,234,0.25882,0.96593,-0.77314,-0.63424,-17.48,-18.08,-18.24
2026-08-22T02:00:00Z,BRT,-17.48,78.5,997.8,10.82,2,234,0.5,0.86603,-0.77314,-0.63424,-17.27,-18.12,-17.15
2026-08-22T03:00:00Z,BRT,-17.27,70.2,995.0,14.28,3,234,0.70711,0.70711,-0.77314,-0.63424,-16.96,-18.9,-17.14
2026-08-22T04:00:00Z,BRT,-16.96,78.6,991.2,11.29,4,234,0.86603,0.5,-0.77314,-0.63424,-17.08,-20.08,-16.64
2026-08-22T05:00:00Z,BRT,-17.08,72.0,992.7,7.58,5,234,0.96593,0.25882,-0.77314,-0.63424,-18.08,-19.38,-12.82
2026-08-22T06:00:00Z,BRT,-18.08,82.7,990.2,10.2,6,234,1.0,0.0,-0.77314,-0.63424,-18.08,-19.33,-17.63
2026-08-22T07:00:00Z,BRT,-18.08,79.0,989.9,11.28,7,234,0.96593,-0.25882,-0.77314,-0.63424,-18.12,-18.55,-12.93
2026-08-22T08:00:00Z,BRT,-18.12,81.2,988.2,12.78,8,234,0.86603,-0.5,-0.77314,-0.63424,-18.9,-18.06,-12.69
2026-08-22T09:00:00Z,BRT,-18.9,77.6,988.8,14.16,9,234,0.70711,-0.70711,-0.77314,-0.63424,-20.08,-18.12,-10.88
2026-08-22T10:00:00Z,BRT,-20.08,82.5,985.9,14.92,10,234,0.5,-0.86603,-0.77314,-0.63424,-19.38,-17.78,-11.11
2026-08-22T11:00:00Z,BRT,-19.38,85.6,985.4,16.83,11,234,0.25882,-0.96593,-0.77314,-0.63424,-19.33,-18.61,-9.93
2026-08-22T12:00:00Z,BRT,-19.33,73.0,981.9,14.92,12,234,0.0,-1.0,-0.77314,-0.63424,-18.55,-12.73,-10.7
2026-08-22T13:00:00Z,BRT,-18.55,83.5,979.1,16.44,13,234,-0.25882,-0.96593,-0.77314,-0.63424,-18.06,-16.27,-11.64
2026-08-22T14:00:00Z,BRT,-18.06,99.0,979.4,15.9,14,234,-0.5,-0.86603,-0.77314,-0.63424,-18.12,-18.06,-12.17
2026-08-22T15:00:00Z,BRT,-18.12,85.6,980.9,14.87,15,234,-0.70711,-0.70711,-0.77314,-0.63424,-17.78,-17.71,-12.22
2026-08-22T16:00:00Z,BRT,-17.78,90.8,979.7,17.09,16,234,-0.86603,-0.5,-0.77314,-0.63424,-18.61,-18.8,-12.5
2026-08-22T17:00:00Z,BRT,-18.61,92.7,978.8,14.25,17,234,-0.96593,-0.25882,-0.77314,-0.63424,-12.73,-18.06,-11.55
2026-08-22T18:00:00Z,BRT,-12.73,91.1,977.4,19.14,18,234,-1.0,-0.0,-0.77314,-0.63424,-16.27,-17.97,-13.63
2026-08-22T19:00:00Z,BRT,-16.27,96.8,978.9,21.2,19,234,-0.96593,0.25882,-0.77314,-0.63424,-18.06,-18.24,-16.41
2026-08-22T20:00:00Z,BRT,-18.06,84.0,980.2,17.57,20,234,-0.86603,0.5,-0.77314,-0.63424,-17.71,-17.15,-18.06
2026-08-22T21:00:00Z,BRT,-17.71,89.8,980.3,16.54,21,234,-0.70711,0.70711,-0.77314,-0.63424,-18.8,-17.14,-17.34
2026-08-22T22:00:00Z,BRT,-18.8,77.8,981.0,14.01,22,234,-0.5,0.86603,-0.77314,-0.63424,-18.06,-16.64,-16.87
2026-08-22T23:00:00Z,BRT,-18.06,89.1,978.9,16.04,23,234,-0.25882,0.96593,-0.77314,-0.63424,-17.97,-12.82,-17.8
2026-08-23T00:00:00Z,BRT,-17.97,87.9,981.0,15.0,0,235,0.0,1.0,-0.78393,-0.62084,-18.24,-17.63,-17.52
2026-08-23T01:00:00Z,BRT,-18.24,87.4,981.4,13.51,1,235,0.25882,0.96593,-0.78393,-0.62084,-17.15,-12.93,-18.05
2026-08-23T02:00:00Z,BRT,-17.15,84.9,980.7,16.35,2,235,0.5,0.86603,-0.78393,-0.62084,-17.14,-12.69,-16.85
2026-08-23T03:00:00Z,BRT,-17.14,86.0,981.4,12.95,3,235,0.70711,0.70711,-0.78393,-0.62084,-16.64,-10.88,-17.25
2026-08-23T04:00:00Z,BRT,-16.64,89.9,978.4,15.98,4,235,0.86603,0.5,-0.78393,-0.62084,-12.82,-11.11,-17.63
2026-08-23T05:00:00Z,BRT,-12.82,94.6,977.8,16.76,5,235,0.96593,0.25882,-0.78393,-0.62084,-17.63,-9.93,-17.58
2026-08-23T06:00:00Z,BRT,-17.63,86.1,978.9,15.35,6,235,1.0,0.0,-0.78393,-0.62084,-12.93,-10.7,-17.51
2026-08-23T07:00:00Z,BRT,-12.93,86.1,978.0,15.38,7,235,0.96593,-0.25882,-0.78393,-0.62084,-12.69,-11.64,-17.83
2026-08-23T08:00:00Z,BRT,-12.69,97.8,977.1,13.68,8,235,0.86603,-0.5,-0.78393,-0.62084,-10.88,-12.17,-17.62
2026-08-23T09:00:00Z,BRT,-10.88,95.0,974.9,14.51,9,235,0.70711,-0.70711,-0.78393,-0.62084,-11.11,-12.22,-16.51
2026-08-23T10:00:00Z,BRT,-11.11,82.3,977.0,12.07,10,235,0.5,-0.86603,-0.78393,-0.62084,-9.93,-12.5,-17.94
2026-08-23T11:00:00Z,BRT,-9.93,93.9,976.0,18.8,11,235,0.25882,-0.96593,-0.78393,-0.62084,-10.7,-11.55,-17.93
2026-08-23T12:00:00Z,BRT,-10.7,97.4,974.3,15.33,12,235,0.0,-1.0,-0.78393,-0.62084,-11.64,-13.63,-17.62
2026-08-23T13:00:00Z,BRT,-11.64,82.1,974.6,15.16,13,235,-0.25882,-0.96593,-0.78393,-0.62084,-12.17,-16.41,-18.27
2026-08-23T14:00:00Z,BRT,-12.17,95.7,974.1,15.87,14,235,-0.5,-0.86603,-0.78393,-0.62084,-12.22,-18.06,-17.57
2026-08-23T15:00:00Z,BRT,-12.22,89.0,976.1,17.95,15,235,-0.70711,-0.70711,-0.78393,-0.62084,-12.5,-17.34,-17.5
2026-08-23T16:00:00Z,BRT,-12.5,92.7,976.7,19.15,16,235,-0.86603,-0.5,-0.78393,-0.62084,-11.55,-16.87,-17.82
2026-08-23T17:00:00Z,BRT,-11.55,99.0,974.3,18.81,17,235,-0.96593,-0.25882,-0.78393,-0.62084,-13.63,-17.8,-16.78
2026-08-23T18:00:00Z,BRT,-13.63,86.2,977.2,16.21,18,235,-1.0,-0.0,-0.78393,-0.62084,-16.41,-17.52,-16.87
2026-08-23T19:00:00Z,BRT,-16.41,94.4,980.7,21.03,19,235,-0.96593,0.25882,-0.78393,-0.62084,-18.06,-18.05,-17.03
2026-08-23T20:00:00Z,BRT,-18.06,81.5,984.2,14.39,20,235,-0.86603,0.5,-0.78393,-0.62084,-17.34,-16.85,-16.67
2026-08-23T21:00:00Z,BRT,-17.34,86.8,985.5,15.45,21,235,-0.70711,0.70711,-0.78393,-0.62084,-16.87,-17.25,-17.23
2026-08-23T22:00:00Z,BRT,-16.87,74.2,987.8,16.34,22,235,-0.5,0.86603,-0.78393,-0.62084,-17.8,-17.63,-17.11
2026-08-23T23:00:00Z,BRT,-17.8,83.2,987.0,11.48,23,235,-0.25882,0.96593,-0.78393,-0.62084,-17.52,-17.58,-18.24
2026-08-24T00:00:00Z,BRT,-17.52,80.5,988.0,12.54,0,236,0.0,1.0,-0.7945,-0.60727,-18.05,-17.51,-17.75
2026-08-24T01:00:00Z,BRT,-18.05,77.7,989.6,11.75,1,236,0.25882,0.96593,-0.7945,-0.60727,-16.85,-17.83,-18.58
2026-08-24T02:00:00Z,BRT,-16.85,85.0,992.3,11.64,2,236,0.5,0.86603,-0.7945,-0.60727,-17.25,-17.62,-18.15
2026-08-24T03:00:00Z,BRT,-17.25,65.2,993.2,8.88,3,236,0.70711,0.70711,-0.7945,-0.60727,-17.63,-16.51,-18.08
2026-08-24T04:00:00Z,BRT,-17.63,78.5,994.0,10.33,4,236,0.86603,0.5,-0.7945,-0.60727,-17.58,-17.94,-17.45
2026-08-24T05:00:00Z,BRT,-17.58,69.0,996.6,11.79,5,236,0.96593,0.25882,-0.7945,-0.60727,-17.51,-17.93,-17.93
2026-08-24T06:00:00Z,BRT,-17.51,73.9,998.6,9.49,6,236,1.0,0.0,-0.7945,-0.60727,-17.83,-17.62,-18.7
2026-08-24T07:00:00Z,BRT,-17.83,60.1,1000.8,10.07,7,236,0.96593,-0.25882,-0.7945,-0.60727,-17.62,-18.27,-20.08
2026-08-24T08:00:00Z,BRT,-17.62,65.6,1002.9,8.67,8,236,0.86603,-0.5,-0.7945,-0.60727,-16.51,-17.57,-19.74
2026-08-24T09:00:00Z,BRT,-16.51,64.6,1003.0,8.37,9,236,0.70711,-0.70711,-0.7945,-0.60727,-17.94,-17.5,-20.15
2026-08-24T10:00:00Z,BRT,-17.94,59.9,1003.8,9.09,10,236,0.5,-0.86603,-0.7945,-0.60727,-17.93,-17.82,-21.43
2026-08-24T11:00:00Z,BRT,-17.93,72.6,1003.5,16.06,11,236,0.25882,-0.96593,-0.7945,-0.60727,-17.62,-16.78,-21.51
2026-08-24T12:00:00Z,BRT,-17.62,68.0,1001.8,8.22,12,236,0.0,-1.0,-0.7945,-0.60727,-18.27,-16.87,-22.34
2026-08-24T13:00:00Z,BRT,-18.27,78.1,1003.5,10.48,13,236,-0.25882,-0.96593,-0.7945,-0.60727,-17.57,-17.03,-23.06
2026-08-24T14:00:00Z,BRT,-17.57,65.2,1002.2,9.02,14,236,-0.5,-0.86603,-0.7945,-0.60727,-17.5,-16.67,-23.1
2026-08-24T15:00:00Z,BRT,-17.5,65.2,1002.4,9.84,15,236,-0.70711,-0.70711,-0.7945,-0.60727,-17.82,-17.23,-23.53
2026-08-24T16:00:00Z,BRT,-17.82,70.4,1001.8,10.54,16,236,-0.86603,-0.5,-0.7945,-0.60727,-16.78,-17.11,-24.03
2026-08-24T17:00:00Z,BRT,-16.78,73.8,1002.3,14.0,17,236,-0.96593,-0.25882,-0.7945,-0.60727,-16.87,-18.24,-23.65
2026-08-24T18:00:00Z,BRT,-16.87,61.9,1003.0,9.63,18,236,-1.0,-0.0,-0.7945,-0.60727,-17.03,-17.75,-22.75
2026-08-24T19:00:00Z,BRT,-17.03,61.8,1005.2,10.24,19,236,-0.96593,0.25882,-0.7945,-0.60727,-16.67,-18.58,-21.3
2026-08-24T20:00:00Z,BRT,-16.67,71.6,1005.5,8.27,20,236,-0.86603,0.5,-0.7945,-0.60727,-17.23,-18.15,-21.51
2026-08-24T21:00:00Z,BRT,-17.23,59.8,1007.3,9.68,21,236,-0.70711,0.70711,-0.7945,-0.60727,-17.11,-18.08,-21.82
2026-08-24T22:00:00Z,BRT,-17.11,66.4,1009.5,8.09,22,236,-0.5,0.86603,-0.7945,-0.60727,-18.24,-17.45,-21.62
2026-08-24T23:00:00Z,BRT,-18.24,56.1,1012.1,4.98,23,236,-0.25882,0.96593,-0.7945,-0.60727,-17.75,-17.93,-21.29
2026-08-25T00:00:00Z,BRT,-17.75,64.3,1013.0,8.25,0,237,0.0,1.0,-0.80483,-0.59351,-18.58,-18.7,-21.73
2026-08-25T01:00:00Z,BRT,-18.58,58.9,1014.9,7.73,1,237,0.25882,0.96593,-0.80483,-0.59351,-18.15,-20.08,-21.99
2026-08-25T02:00:00Z,BRT,-18.15,52.3,1019.3,4.22,2,237,0.5,0.86603,-0.80483,-0.59351,-18.08,-19.74,-21.92
2026-08-25T03:00:00Z,BRT,-18.08,51.6,1020.9,4.06,3,237,0.70711,0.70711,-0.80483,-0.59351,-17.45,-20.15,-21.98
2026-08-25T04:00:00Z,BRT,-17.45,54.1,1017.2,5.65,4,237,0.86603,0.5,-0.80483,-0.59351,-17.93,-21.43,-22.16
2026-08-25T05:00:00Z,BRT,-17.93,65.2,1017.5,6.11,5,237,0.96593,0.25882,-0.80483,-0.59351,-18.7,-21.51,-22.39
2026-08-25T06:00:00Z,BRT,-18.7,57.9,1017.8,4.62,6,237,1.0,0.0,-0.80483,-0.59351,-20.08,-22.34,-21.66
2026-08-25T07:00:00Z,BRT,-20.08,56.4,1016.7,3.62,7,237,0.96593,-0.25882,-0.80483,-0.59351,-19.74,-23.06,-21.14
2026-08-25T08:00:00Z,BRT,-19.74,54.4,1015.7,6.74,8,237,0.86603,-0.5,-0.80483,-0.59351,-20.15,-23.1,-21.84
2026-08-25T09:00:00Z,BRT,-20.15,58.9,1013.8,7.39,9,237,0.70711,-0.70711,-0.80483,-0.59351,-21.43,-23.53,-22.23
2026-08-25T10:00:00Z,BRT,-21.43,58.0,1013.5,4.52,10,237,0.5,-0.86603,-0.80483,-0.59351,-21.51,-24.03,-20.95
2026-08-25T11:00:00Z,BRT,-21.51,60.7,1012.6,8.01,11,237,0.25882,-0.96593,-0.80483,-0.59351,-22.34,-23.65,-19.4
2026-08-25T12:00:00Z,BRT,-22.34,64.4,1013.1,4.48,12,237,0.0,-1.0,-0.80483,-0.59351,-23.06,-22.75,-19.19
2026-08-25T13:00:00Z,BRT,-23.06,58.3,1013.4,7.78,13,237,-0.25882,-0.96593,-0.80483,-0.59351,-23.1,-21.3,-19.48
2026-08-25T14:00:00Z,BRT,-23.1,48.2,1011.4,7.16,14,237,-0.5,-0.86603,-0.80483,-0.59351,-23.53,-21.51,-19.39
2026-08-25T15:00:00Z,BRT,-23.53,56.1,1012.7,7.77,15,237,-0.70711,-0.70711,-0.80483,-0.59351,-24.03,-21.82,-19.9
2026-08-25T16:00:00Z,BRT,-24.03,69.5,1009.1,11.98,16,237,-0.86603,-0.5,-0.80483,-0.59351,-23.65,-21.62,-18.93
2026-08-25T17:00:00Z,BRT,-23.65,64.3,1011.0,13.91,17,237,-0.96593,-0.25882,-0.80483,-0.59351,-22.75,-21.29,-21.17
2026-08-25T18:00:00Z,BRT,-22.75,65.5,1009.8,9.4,18,237,-1.0,-0.0,-0.80483,-0.59351,-21.3,-21.73,-21.08
2026-08-25T19:00:00Z,BRT,-21.3,65.7,1008.2,9.56,19,237,-0.96593,0.25882,-0.80483,-0.59351,-21.51,-21.99,-21.78
2026-08-25T20:00:00Z,BRT,-21.51,70.8,1007.6,11.79,20,237,-0.86603,0.5,-0.80483,-0.59351,-21.82,-21.92,-21.4
2026-08-25T21:00:00Z,BRT,-21.82,65.7,1009.9,13.76,21,237,-0.70711,0.70711,-0.80483,-0.59351,-21.62,-21.98,-20.52
2026-08-25T22:00:00Z,BRT,-21.62,59.3,1005.0,9.91,22,237,-0.5,0.86603,-0.80483,-0.59351,-21.29,-22.16,-20.16
2026-08-25T23:00:00Z,BRT,-21.29,70.2,1002.9,11.71,23,237,-0.25882,0.96593,-0.80483,-0.59351,-21.73,-22.39,-20.39
2026-08-26T00:00:00Z,BRT,-21.73,66.6,1005.0,9.74,0,238,0.0,1.0,-0.81492,-0.57958,-21.99,-21.66,-21.28
2026-08-26T01:00:00Z,BRT,-21.99,70.3,1003.9,5.55,1,238,0.25882,0.96593,-0.81492,-0.57958,-21.92,-21.14,-20.94
2026-08-26T02:00:00Z,BRT,-21.92,63.0,1003.3,9.56,2,238,0.5,0.86603,-0.81492,-0.57958,-21.98,-21.84,-21.0
2026-08-26T03:00:00Z,BRT,-21.98,64.3,1005.2,10.27,3,238,0.70711,0.70711,-0.81492,-0.57958,-22.16,-22.23,-20.17
2026-08-26T04:00:00Z,BRT,-22.16,64.5,1003.0,6.3,4,238,0.86603,0.5,-0.81492,-0.57958,-22.39,-20.95,-20.54
2026-08-26T05:00:00Z,BRT,-22.39,62.4,1000.4,11.62,5,238,0.96593,0.25882,-0.81492,-0.57958,-21.66,-19.4,-20.37
2026-08-26T06:00:00Z,BRT,-21.66,65.5,1000.5,8.33,6,238,1.0,0.0,-0.81492,-0.57958,-21.14,-19.19,-21.17
2026-08-26T07:00:00Z,BRT,-21.14,65.3,1001.2,9.34,7,238,0.96593,-0.25882,-0.81492,-0.57958,-21.84,-19.48,-20.35
2026-08-26T08:00:00Z,BRT,-21.84,67.9,1002.6,9.69,8,238,0.86603,-0.5,-0.81492,-0.57958,-22.23,-19.39,-20.5
2026-08-26T09:00:00Z,BRT,-22.23,62.4,1000.6,6.34,9,238,0.70711,-0.70711,-0.81492,-0.57958,-20.95,-19.9,-20.27
2026-08-26T10:00:00Z,BRT,-20.95,80.2,1001.2,10.64,10,238,0.5,-0.86603,-0.81492,-0.57958,-19.4,-18.93,-21.01
2026-08-26T11:00:00Z,BRT,-19.4,67.4,1000.3,4.78,11,238,0.25882,-0.96593,-0.81492,-0.57958,-19.19,-21.17,-20.49
2026-08-26T12:00:00Z,BRT,-19.19,68.5,1002.7,5.59,12,238,0.0,-1.0,-0.81492,-0.57958,-19.48,-21.08,-20.96
2026-08-26T13:00:00Z,BRT,-19.48,69.3,1004.0,6.94,13,238,-0.25882,-0.96593,-0.81492,-0.57958,-19.39,-21.78,-21.02
2026-08-26T14:00:00Z,BRT,-19.39,64.9,1005.4,6.48,14,238,-0.5,-0.86603,-0.81492,-0.57958,-19.9,-21.4,-22.1
2026-08-26T15:00:00Z,BRT,-19.9,71.0,1005.0,10.31,15,238,-0.70711,-0.70711,-0.81492,-0.57958,-18.93,-20.52,-21.74
2026-08-26T16:00:00Z,BRT,-18.93,60.4,1005.1,11.91,16,238,-0.86603,-0.5,-0.81492,-0.57958,-21.17,-20.16,-21.89
2026-08-26T17:00:00Z,BRT,-21.17,70.3,1004.2,9.38,17,238,-0.96593,-0.25882,-0.81492,-0.57958,-21.08,-20.39,-21.55
2026-08-26T18:00:00Z,BRT,-21.08,61.3,1002.6,9.26,18,238,-1.0,-0.0,-0.81492,-0.57958,-21.78,-21.28,-20.55
2026-08-26T19:00:00Z,BRT,-21.78,72.2,1000.3,8.14,19,238,-0.96593,0.25882,-0.81492,-0.57958,-21.4,-20.94,-20.1
2026-08-26T20:00:00Z,BRT,-21.4,76.4,1001.4,11.89,20,238,-0.86603,0.5,-0.81492,-0.57958,-20.52,-21.0,-20.83
2026-08-26T21:00:00Z,BRT,-20.52,70.6,1000.3,11.83,21,238,-0.70711,0.70711,-0.81492,-0.57958,-20.16,-20.17,-20.71
2026-08-26T22:00:00Z,BRT,-20.16,69.7,999.6,8.21,22,238,-0.5,0.86603,-0.81492,-0.57958,-20.39,-20.54,-20.27
2026-08-26T23:00:00Z,BRT,-20.39,75.5,999.6,11.05,23,238,-0.25882,0.96593,-0.81492,-0.57958,-21.28,-20.37,-19.63
2026-08-27T00:00:00Z,BRT,-21.28,69.4,1001.7,9.51,0,239,0.0,1.0,-0.82477,-0.56548,-20.94,-21.17,-20.27
2026-08-27T01:00:00Z,BRT,-20.94,54.0,1003.5,7.35,1,239,0.25882,0.96593,-0.82477,-0.56548,-21.0,-20.35,-19.45
2026-08-27T02:00:00Z,BRT,-21.0,62.3,1003.0,9.74,2,239,0.5,0.86603,-0.82477,-0.56548,-20.17,-20.5,-20.32
2026-08-27T03:00:00Z,BRT,-20.17,75.4,1000.2,7.63,3,239,0.70711,0.70711,-0.82477,-0.56548,-20.54,-20.27,-19.35
2026-08-27T04:00:00Z,BRT,-20.54,72.5,999.8,7.76,4,239,0.86603,0.5,-0.82477,-0.56548,-20.37,-21.01,-19.5
2026-08-27T05:00:00Z,BRT,-20.37,71.5,999.8,7.68,5,239,0.96593,0.25882,-0.82477,-0.56548,-21.17,-20.49,-20.24
2026-08-27T06:00:00Z,BRT,-21.17,76.3,995.8,9.0,6,239,1.0,0.0,-0.82477,-0.56548,-20.35,-20.96,-17.43
2026-08-27T07:00:00Z,BRT,-20.35,70.2,995.9,11.39,7,239,0.96593,-0.25882,-0.82477,-0.56548,-20.5,-21.02,-17.36
2026-08-27T08:00:00Z,BRT,-20.5,74.9,996.0,8.92,8,239,0.86603,-0.5,-0.82477,-0.56548,-20.27,-22.1,-17.06
2026-08-27T09:00:00Z,BRT,-20.27,71.2,995.8,8.17,9,239,0.70711,-0.70711,-0.82477,-0.56548,-21.01,-21.74,-18.65
2026-08-27T10:00:00Z,BRT,-21.01,70.7,998.2,9.67,10,239,0.5,-0.86603,-0.82477,-0.56548,-20.49,-21.89,-17.95
2026-08-27T11:00:00Z,BRT,-20.49,72.5,994.5,8.65,11,239,0.25882,-0.96593,-0.82477,-0.56548,-20.96,-21.55,-16.8
2026-08-27T12:00:00Z,BRT,-20.96,77.0,995.9,13.89,12,239,0.0,-1.0,-0.82477,-0.56548,-21.02,-20.55,-17.06
2026-08-27T13:00:00Z,BRT,-21.02,68.3,995.8,10.91,13,239,-0.25882,-0.96593,-0.82477,-0.56548,-22.1,-20.1,-17.42
2026-08-27T14:00:00Z,BRT,-22.1,75.5,994.1,7.94,14,239,-0.5,-0.86603,-0.82477,-0.56548,-21.74,-20.83,-17.37
2026-08-27T15:00:00Z,BRT,-21.74,81.3,992.6,13.18,15,239,-0.70711,-0.70711,-0.82477,-0.56548,-21.89,-20.71,-17.11
2026-08-27T16:00:00Z,BRT,-21.89,68.1,990.3,12.28,16,239,-0.86603,-0.5,-0.82477,-0.56548,-21.55,-20.27,-16.73
2026-08-27T17:00:00Z,BRT,-21.55,76.6,992.8,17.55,17,239,-0.96593,-0.25882,-0.82477,-0.56548,-20.55,-19.63,-16.74
2026-08-27T18:00:00Z,BRT,-20.55,80.1,994.3,15.39,18,239,-1.0,-0.0,-0.82477,-0.56548,-20.1,-20.27,-18.08
2026-08-27T19:00:00Z,BRT,-20.1,79.0,994.5,12.2,19,239,-0.96593,0.25882,-0.82477,-0.56548,-20.83,-19.45,-17.59
2026-08-27T20:00:00Z,BRT,-20.83,74.8,995.0,13.78,20,239,-0.86603,0.5,-0.82477,-0.56548,-20.71,-20.32,-17.08
2026-08-27T21:00:00Z,BRT,-20.71,70.2,993.1,12.53,21,239,-0.70711,0.70711,-0.82477,-0.56548,-20.27,-19.35,-16.5
2026-08-27T22:00:00Z,BRT,-20.27,79.4,992.7,11.55,22,239,-0.5,0.86603,-0.82477,-0.56548,-19.63,-19.5,-17.61
2026-08-27T23:00:00Z,BRT,-19.63,70.4,991.2,11.34,23,239,-0.25882,0.96593,-0.82477,-0.56548,-20.27,-20.24,-17.69
2026-08-28T00:00:00Z,BRT,-20.27,81.9,988.3,12.69,0,240,0.0,1.0,-0.83437,-0.5512,-19.45,-17.43,-18.86
2026-08-28T01:00:00Z,BRT,-19.45,78.6,988.8,14.53,1,240,0.25882,0.96593,-0.83437,-0.5512,-20.32,-17.36,-18.2
2026-08-28T02:00:00Z,BRT,-20.32,86.8,988.4,15.07,2,240,0.5,0.86603,-0.83437,-0.5512,-19.35,-17.06,-18.82
2026-08-28T03:00:00Z,BRT,-19.35,78.8,987.4,6.34,3,240,0.70711,0.70711,-0.83437,-0.5512,-19.5,-18.65,-18.38
2026-08-28T04:00:00Z,BRT,-19.5,85.3,984.7,11.94,4,240,0.86603,0.5,-0.83437,-0.5512,-20.24,-17.95,-16.62
2026-08-28T05:00:00Z,BRT,-20.24,79.1,981.5,13.37,5,240,0.96593,0.25882,-0.83437,-0.5512,-17.43,-16.8,-16.24
2026-08-28T06:00:00Z,BRT,-17.43,85.2,982.8,14.05,6,240,1.0,0.0,-0.83437,-0.5512,-17.36,-17.06,-16.69
2026-08-28T07:00:00Z,BRT,-17.36,94.0,980.5,14.76,7,240,0.96593,-0.25882,-0.83437,-0.5512,-17.06,-17.42,-17.38
2026-08-28T08:00:00Z,BRT,-17.06,91.5,980.2,13.04,8,240,0.86603,-0.5,-0.83437,-0.5512,-18.65,-17.37,-18.42
2026-08-28T09:00:00Z,BRT,-18.65,86.8,980.8,13.64,9,240,0.70711,-0.70711,-0.83437,-0.5512,-17.95,-17.11,-18.65
2026-08-28T10:00:00Z,BRT,-17.95,97.9,982.3,17.3,10,240,0.5,-0.86603,-0.83437,-0.5512,-16.8,-16.73,-19.15
2026-08-28T11:00:00Z,BRT,-16.8,89.5,981.9,14.29,11,240,0.25882,-0.96593,-0.83437,-0.5512,-17.06,-16.74,-19.03
2026-08-28T12:00:00Z,BRT,-17.06,89.5,983.4,11.65,12,240,0.0,-1.0,-0.83437,-0.5512,-17.42,-18.08,-19.5
2026-08-28T13:00:00Z,BRT,-17.42,82.8,981.1,12.9,13,240,-0.25882,-0.96593,-0.83437,-0.5512,-17.37,-17.59,-17.88
2026-08-28T14:00:00Z,BRT,-17.37,92.1,980.0,15.48,14,240,-0.5,-0.86603,-0.83437,-0.5512,-17.11,-17.08,-18.35
2026-08-28T15:00:00Z,BRT,-17.11,83.7,980.2,17.32,15,240,-0.70711,-0.70711,-0.83437,-0.5512,-16.73,-16.5,-17.86
2026-08-28T16:00:00Z,BRT,-16.73,98.6,980.9,20.43,16,240,-0.86603,-0.5,-0.83437,-0.5512,-16.74,-17.61,-17.81
2026-08-28T17:00:00Z,BRT,-16.74,86.8,980.9,18.1,17,240,-0.96593,-0.25882,-0.83437,-0.5512,-18.08,-17.69,-17.41
2026-08-28T18:00:00Z,BRT,-18.08,84.1,980.5,12.92,18,240,-1.0,-0.0,-0.83437,-0.5512,-17.59,-18.86,-17.94
2026-08-28T19:00:00Z,BRT,-17.59,95.1,980.7,17.97,19,240,-0.96593,0.25882,-0.83437,-0.5512,-17.08,-18.2,-18.23
2026-08-28T20:00:00Z,BRT,-17.08,86.5,978.9,17.3,20,240,-0.86603,0.5,-0.83437,-0.5512,-16.5,-18.82,-18.04
2026-08-28T21:00:00Z,BRT,-16.5,86.6,979.2,18.71,21,240,-0.70711,0.70711,-0.83437,-0.5512,-17.61,-18.38,-16.8
2026-08-28T22:00:00Z,BRT,-17.61,74.4,983.5,13.05,22,240,-0.5,0.86603,-0.83437,-0.5512,-17.69,-16.62,-17.05
2026-08-28T23:00:00Z,BRT,-17.69,80.8,984.2,17.88,23,240,-0.25882,0.96593,-0.83437,-0.5512,-18.86,-16.24,-17.34
2026-08-29T00:00:00Z,BRT,-18.86,69.5,986.0,12.49,0,241,0.0,1.0,-0.84373,-0.53677,-18.2,-16.69,-16.93
2026-08-29T01:00:00Z,BRT,-18.2,79.7,988.1,11.88,1,241,0.25882,0.96593,-0.84373,-0.53677,-18.82,-17.38,-17.81
2026-08-29T02:00:00Z,BRT,-18.82,72.5,988.6,13.9,2,241,0.5,0.86603,-0.84373,-0.53677,-18.38,-18.42,-18.27
2026-08-29T03:00:00Z,BRT,-18.38,86.4,988.9,14.98,3,241,0.70711,0.70711,-0.84373,-0.53677,-16.62,-18.65,-18.53
2026-08-29T04:00:00Z,BRT,-16.62,78.6,987.2,10.95,4,241,0.86603,0.5,-0.84373,-0.53677,-16.24,-19.15,-18.1
2026-08-29T05:00:00Z,BRT,-16.24,79.0,988.3,12.23,5,241,0.96593,0.25882,-0.84373,-0.53677,-16.69,-19.03,-17.6
2026-08-29T06:00:00Z,BRT,-16.69,76.6,988.9,12.3,6,241,1.0,0.0,-0.84373,-0.53677,-17.38,-19.5,-16.99
2026-08-29T07:00:00Z,BRT,-17.38,76.8,989.7,13.32,7,241,0.96593,-0.25882,-0.84373,-0.53677,-18.42,-17.88,-17.87
2026-08-29T08:00:00Z,BRT,-18.42,82.4,987.5,9.25,8,241,0.86603,-0.5,-0.84373,-0.53677,-18.65,-18.35,-17.45
2026-08-29T09:00:00Z,BRT,-18.65,73.6,990.2,11.8,9,241,0.70711,-0.70711,-0.84373,-0.53677,-19.15,-17.86,-18.9
2026-08-29T10:00:00Z,BRT,-19.15,72.2,991.9,13.9,10,241,0.5,-0.86603,-0.84373,-0.53677,-19.03,-17.81,-20.37
2026-08-29T11:00:00Z,BRT,-19.03,72.9,994.0,9.67,11,241,0.25882,-0.96593,-0.84373,-0.53677,-19.5,-17.41,-20.33
2026-08-29T12:00:00Z,BRT,-19.5,65.8,994.7,10.47,12,241,0.0,-1.0,-0.84373,-0.53677,-17.88,-17.94,-20.99
2026-08-29T13:00:00Z,BRT,-17.88,81.2,996.2,12.25,13,241,-0.25882,-0.96593,-0.84373,-0.53677,-18.35,-18.23,-21.74
2026-08-29T14:00:00Z,BRT,-18.35,76.7,996.5,12.11,14,241,-0.5,-0.86603,-0.84373,-0.53677,-17.86,-18.04,-22.55
2026-08-29T15:00:00Z,BRT,-17.86,74.3,996.3,17.91,15,241,-0.70711,-0.70711,-0.84373,-0.53677,-17.81,-16.8,-23.15
2026-08-29T16:00:00Z,BRT,-17.81,69.9,996.5,12.4,16,241,-0.86603,-0.5,-0.84373,-0.53677,-17.41,-17.05,-23.49
2026-08-29T17:00:00Z,BRT,-17.41,76.4,995.2,17.22,17,241,-0.96593,-0.25882,-0.84373,-0.53677,-17.94,-17.34,-22.58
2026-08-29T18:00:00Z,BRT,-17.94,65.6,997.8,11.26,18,241,-1.0,-0.0,-0.84373,-0.53677,-18.23,-16.93,-21.65
2026-08-29T19:00:00Z,BRT,-18.23,72.0,999.1,13.94,19,241,-0.96593,0.25882,-0.84373,-0.53677,-18.04,-17.81,-21.88
2026-08-29T20:00:00Z,BRT,-18.04,74.5,998.0,12.6,20,241,-0.86603,0.5,-0.84373,-0.53677,-16.8,-18.27,-21.51
2026-08-29T21:00:00Z,BRT,-16.8,72.7,1000.1,10.4,21,241,-0.70711,0.70711,-0.84373,-0.53677,-17.05,-18.53,-20.53
2026-08-29T22:00:00Z,BRT,-17.05,74.3,997.7,10.12,22,241,-0.5,0.86603,-0.84373,-0.53677,-17.34,-18.1,-20.38
2026-08-29T23:00:00Z,BRT,-17.34,83.9,998.6,12.27,23,241,-0.25882,0.96593,-0.84373,-0.53677,-16.93,-17.6,-21.29
2026-08-30T00:00:00Z,BRT,-16.93,78.2,998.2,11.7,0,242,0.0,1.0,-0.85284,-0.52218,-17.81,-16.99,-21.1
2026-08-30T01:00:00Z,BRT,-17.81,70.5,999.9,9.16,1,242,0.25882,0.96593,-0.85284,-0.52218,-18.27,-17.87,-22.19
2026-08-30T02:00:00Z,BRT,-18.27,73.3,1001.4,8.85,2,242,0.5,0.86603,-0.85284,-0.52218,-18.53,-17.45,-21.41
2026-08-30T03:00:00Z,BRT,-18.53,55.7,1001.3,8.41,3,242,0.70711,0.70711,-0.85284,-0.52218,-18.1,-18.9,-20.38
2026-08-30T04:00:00Z,BRT,-18.1,72.0,998.5,12.34,4,242,0.86603,0.5,-0.85284,-0.52218,-17.6,-20.37,-20.49
2026-08-30T05:00:00Z,BRT,-17.6,74.1,998.5,11.37,5,242,0.96593,0.25882,-0.85284,-0.52218,-16.99,-20.33,-20.36
2026-08-30T06:00:00Z,BRT,-16.99,68.1,1000.3,13.5,6,242,1.0,0.0,-0.85284,-0.52218,-17.87,-20.99,-20.01
2026-08-30T07:00:00Z,BRT,-17.87,65.8,1002.5,10.47,7,242,0.96593,-0.25882,-0.85284,-0.52218,-17.45,-21.74,-21.33
2026-08-30T08:00:00Z,BRT,-17.45,69.0,1003.9,8.62,8,242,0.86603,-0.5,-0.85284,-0.52218,-18.9,-22.55,-22.02
2026-08-30T09:00:00Z,BRT,-18.9,74.4,1000.0,6.23,9,242,0.70711,-0.70711,-0.85284,-0.52218,-20.37,-23.15,-22.86
2026-08-30T10:00:00Z,BRT,-20.37,60.2,1000.2,6.37,10,242,0.5,-0.86603,-0.85284,-0.52218,-20.33,-23.49,-22.91
2026-08-30T11:00:00Z,BRT,-20.33,65.6,1001.2,7.82,11,242,0.25882,-0.96593,-0.85284,-0.52218,-20.99,-22.58,-23.84
2026-08-30T12:00:00Z,BRT,-20.99,65.5,997.9,6.03,12,242,0.0,-1.0,-0.85284,-0.52218,-21.74,-21.65,-23.18
2026-08-30T13:00:00Z,BRT,-21.74,71.0,1003.0,8.01,13,242,-0.25882,-0.96593,-0.85284,-0.52218,-22.55,-21.88,-24.66
2026-08-30T14:00:00Z,BRT,-22.55,71.9,1006.0,8.84,14,242,-0.5,-0.86603,-0.85284,-0.52218,-23.15,-21.51,-25.15
2026-08-30T15:00:00Z,BRT,-23.15,72.2,1003.3,10.82,15,242,-0.70711,-0.70711,-0.85284,-0.52218,-23.49,-20.53,-25.0
2026-08-30T16:00:00Z,BRT,-23.49,64.7,1003.2,10.74,16,242,-0.86603,-0.5,-0.85284,-0.52218,-22.58,-20.38,-24.72
2026-08-30T17:00:00Z,BRT,-22.58,64.6,1005.3,12.08,17,242,-0.96593,-0.25882,-0.85284,-0.52218,-21.65,-21.29,-25.18
2026-08-30T18:00:00Z,BRT,-21.65,62.8,1006.2,13.17,18,242,-1.0,-0.0,-0.85284,-0.52218,-21.88,-21.1,-26.24
2026-08-30T19:00:00Z,BRT,-21.88,66.6,1003.4,10.09,19,242,-0.96593,0.25882,-0.85284,-0.52218,-21.51,-22.19,-24.74
2026-08-30T20:00:00Z,BRT,-21.51,61.6,1005.5,7.66,20,242,-0.86603,0.5,-0.85284,-0.52218,-20.53,-21.41,-24.37
2026-08-30T21:00:00Z,BRT,-20.53,63.8,1002.2,10.87,21,242,-0.70711,0.70711,-0.85284,-0.52218,-20.38,-20.38,-23.63
2026-08-30T22:00:00Z,BRT,-20.38,70.7,1002.4,10.65,22,242,-0.5,0.86603,-0.85284,-0.52218,-21.29,-20.49,-23.78
2026-08-30T23:00:00Z,BRT,-21.29,70.0,1002.2,10.46,23,242,-0.25882,0.96593,-0.85284,-0.52218,-21.1,-20.36,-22.9
2026-08-31T00:00:00Z,BRT,-21.1,66.0,1000.5,11.02,0,243,0.0,1.0,-0.86169,-0.50743,-22.19,-20.01,-22.66
2026-08-31T01:00:00Z,BRT,-22.19,70.8,999.1,9.99,1,243,0.25882,0.96593,-0.86169,-0.50743,-21.41,-21.33,-21.93
2026-08-31T02:00:00Z,BRT,-21.41,74.7,998.4,7.44,2,243,0.5,0.86603,-0.86169,-0.50743,-20.38,-22.02,-22.28
2026-08-31T03:00:00Z,BRT,-20.38,66.5,1001.5,8.76,3,243,0.70711,0.70711,-0.86169,-0.50743,-20.49,-22.86,-21.74
2026-08-31T04:00:00Z,BRT,-20.49,65.5,1000.3,6.59,4,243,0.86603,0.5,-0.86169,-0.50743,-20.36,-22.91,-20.85
2026-08-31T05:00:00Z,BRT,-20.36,69.6,1000.0,11.22,5,243,0.96593,0.25882,-0.86169,-0.50743,-20.01,-23.84,-20.4
2026-08-31T06:00:00Z,BRT,-20.01,62.4,998.5,10.25,6,243,1.0,0.0,-0.86169,-0.50743,-21.33,-23.18,-20.54
2026-08-31T07:00:00Z,BRT,-21.33,74.1,999.3,7.87,7,243,0.96593,-0.25882,-0.86169,-0.50743,-22.02,-24.66,-21.66
2026-08-31T08:00:00Z,BRT,-22.02,69.0,1000.6,10.08,8,243,0.86603,-0.5,-0.86169,-0.50743,-22.86,-25.15,-22.31
2026-08-31T09:00:00Z,BRT,-22.86,66.3,998.4,11.04,9,243,0.70711,-0.70711,-0.86169,-0.50743,-22.91,-25.0,-22.79
2026-08-31T10:00:00Z,BRT,-22.91,76.7,997.4,8.3,10,243,0.5,-0.86603,-0.86169,-0.50743,-23.84,-24.72,-22.8
2026-08-31T11:00:00Z,BRT,-23.84,68.9,999.0,12.04,11,243,0.25882,-0.96593,-0.86169,-0.50743,-23.18,-25.18,-23.53
2026-08-31T12:00:00Z,BRT,-23.18,79.2,996.3,9.02,12,243,0.0,-1.0,-0.86169,-0.50743,-24.66,-26.24,-23.64
2026-08-31T13:00:00Z,BRT,-24.66,72.9,995.3,10.1,13,243,-0.25882,-0.96593,-0.86169,-0.50743,-25.15,-24.74,-23.93
2026-08-31T14:00:00Z,BRT,-25.15,71.8,998.9,12.77,14,243,-0.5,-0.86603,-0.86169,-0.50743,-25.0,-24.37,-23.11
2026-08-31T15:00:00Z,BRT,-25.0,80.3,995.5,12.95,15,243,-0.70711,-0.70711,-0.86169,-0.50743,-24.72,-23.63,-22.93
2026-08-31T16:00:00Z,BRT,-24.72,68.4,995.4,12.84,16,243,-0.86603,-0.5,-0.86169,-0.50743,-25.18,-23.78,-22.26
2026-08-31T17:00:00Z,BRT,-25.18,77.7,997.3,12.48,17,243,-0.96593,-0.25882,-0.86169,-0.50743,-26.24,-22.9,-20.9
2026-08-31T18:00:00Z,BRT,-26.24,73.6,998.3,13.72,18,243,-1.0,-0.0,-0.86169,-0.50743,-24.74,-22.66,-20.0
2026-08-31T19:00:00Z,BRT,-24.74,77.7,998.9,11.15,19,243,-0.96593,0.25882,-0.86169,-0.50743,-24.37,-21.93,-19.74
2026-08-31T20:00:00Z,BRT,-24.37,61.3,998.2,13.23,20,243,-0.86603,0.5,-0.86169,-0.50743,-23.63,-22.28,-19.17
2026-08-31T21:00:00Z,BRT,-23.63,73.5,997.8,12.11,21,243,-0.70711,0.70711,-0.86169,-0.50743,-23.78,-21.74,-19.42
2026-08-31T22:00:00Z,BRT,-23.78,70.5,994.7,13.78,22,243,-0.5,0.86603,-0.86169,-0.50743,-22.9,-20.85,-19.19
2026-08-31T23:00:00Z,BRT,-22.9,73.5,996.8,11.08,23,243,-0.25882,0.96593,-0.86169,-0.50743,-22.66,-20.4,-20.35
2026-09-01T00:00:00Z,BRT,-22.66,79.6,995.8,9.7,0,244,0.0,1.0,-0.87029,-0.49253,-21.93,-20.54,-18.95
2026-09-01T01:00:00Z,BRT,-21.93,65.7,998.5,7.96,1,244,0.25882,0.96593,-0.87029,-0.49253,-22.28,-21.66,-18.03
2026-09-01T02:00:00Z,BRT,-22.28,75.7,994.9,13.99,2,244,0.5,0.86603,-0.87029,-0.49253,-21.74,-22.31,-16.88
2026-09-01T03:00:00Z,BRT,-21.74,71.8,992.3,12.26,3,244,0.70711,0.70711,-0.87029,-0.49253,-20.85,-22.79,-16.27
2026-09-01T04:00:00Z,BRT,-20.85,81.5,992.8,12.75,4,244,0.86603,0.5,-0.87029,-0.49253,-20.4,-22.8,-16.75
2026-09-01T05:00:00Z,BRT,-20.4,76.3,991.5,9.91,5,244,0.96593,0.25882,-0.87029,-0.49253,-20.54,-23.53,-16.24
2026-09-01T06:00:00Z,BRT,-20.54,76.7,989.7,10.72,6,244,1.0,0.0,-0.87029,-0.49253,-21.66,-23.64,-17.49
2026-09-01T07:00:00Z,BRT,-21.66,76.5,990.4,9.5,7,244,0.96593,-0.25882,-0.87029,-0.49253,-22.31,-23.93,-18.27
2026-09-01T08:00:00Z,BRT,-22.31,73.1,993.2,11.92,8,244,0.86603,-0.5,-0.87029,-0.49253,-22.79,-23.11,-19.15
2026-09-01T09:00:00Z,BRT,-22.79,77.1,992.9,10.99,9,244,0.70711,-0.70711,-0.87029,-0.49253,-22.8,-22.93,-18.78
2026-09-01T10:00:00Z,BRT,-22.8,67.3,993.0,9.84,10,244,0.5,-0.86603,-0.87029,-0.49253,-23.53,-22.26,-19.65
2026-09-01T11:00:00Z,BRT,-23.53,73.0,993.5,11.39,11,244,0.25882,-0.96593,-0.87029,-0.49253,-23.64,-20.9,-20.23
2026-09-01T12:00:00Z,BRT,-23.64,73.8,993.2,10.31,12,244,0.0,-1.0,-0.87029,-0.49253,-23.93,-20.0,-19.6
2026-09-01T13:00:00Z,BRT,-23.93,84.5,993.2,9.01,13,244,-0.25882,-0.96593,-0.87029,-0.49253,-23.11,-19.74,-19.04
2026-09-01T14:00:00Z,BRT,-23.11,63.6,993.0,8.47,14,244,-0.5,-0.86603,-0.87029,-0.49253,-22.93,-19.17,-19.11
2026-09-01T15:00:00Z,BRT,-22.93,77.9,996.0,14.51,15,244,-0.70711,-0.70711,-0.87029,-0.49253,-22.26,-19.42,-17.91
2026-09-01T16:00:00Z,BRT,-22.26,76.4,994.3,12.19,16,244,-0.86603,-0.5,-0.87029,-0.49253,-20.9,-19.19,-17.12
2026-09-01T17:00:00Z,BRT,-20.9,80.2,994.3,13.82,17,244,-0.96593,-0.25882,-0.87029,-0.49253,-20.0,-20.35,-15.16
2026-09-01T18:00:00Z,BRT,-20.0,75.0,998.0,14.31,18,244,-1.0,-0.0,-0.87029,-0.49253,-19.74,-18.95,-15.08
2026-09-01T19:00:00Z,BRT,-19.74,76.5,995.2,13.38,19,244,-0.96593,0.25882,-0.87029,-0.49253,-19.17,-18.03,-14.72
2026-09-01T20:00:00Z,BRT,-19.17,72.9,992.1,13.41,20,244,-0.86603,0.5,-0.87029,-0.49253,-19.42,-16.88,-16.03
2026-09-01T21:00:00Z,BRT,-19.42,83.4,992.0,11.61,21,244,-0.70711,0.70711,-0.87029,-0.49253,-19.19,-16.27,-16.17
2026-09-01T22:00:00Z,BRT,-19.19,76.9,991.0,10.51,22,244,-0.5,0.86603,-0.87029,-0.49253,-20.35,-16.75,-16.39
2026-09-01T23:00:00Z,BRT,-20.35,84.5,985.9,13.17,23,244,-0.25882,0.96593,-0.87029,-0.49253,-18.95,-16.24,-16.89
2026-09-02T00:00:00Z,BRT,-18.95,85.6,989.1,14.29,0,245,0.0,1.0,-0.87864,-0.47749,-18.03,-17.49,-16.93
2026-09-02T01:00:00Z,BRT,-18.03,77.0,990.1,13.3,1,245,0.25882,0.96593,-0.87864,-0.47749,-16.88,-18.27,-16.81
2026-09-02T02:00:00Z,BRT,-16.88,84.9,989.3,12.29,2,245,0.5,0.86603,-0.87864,-0.47749,-16.27,-19.15,-16.79
2026-09-02T03:00:00Z,BRT,-16.27,85.0,989.1,13.68,3,245,0.70711,0.70711,-0.87864,-0.47749,-16.75,-18.78,-16.42
2026-09-02T04:00:00Z,BRT,-16.75,79.2,986.6,12.37,4,245,0.86603,0.5,-0.87864,-0.47749,-16.24,-19.65,-15.58
2026-09-02T05:00:00Z,BRT,-16.24,72.4,987.6,13.68,5,245,0.96593,0.25882,-0.87864,-0.47749,-17.49,-20.23,-15.11
2026-09-02T06:00:00Z,BRT,-17.49,83.1,983.7,12.02,6,245,1.0,0.0,-0.87864,-0.47749,-18.27,-19.6,-15.11
2026-09-02T07:00:00Z,BRT,-18.27,84.2,984.2,11.14,7,245,0.96593,-0.25882,-0.87864,-0.47749,-19.15,-19.04,-14.21
2026-09-02T08:00:00Z,BRT,-19.15,75.6,985.2,12.03,8,245,0.86603,-0.5,-0.87864,-0.47749,-18.78,-19.11,-14.9
2026-09-02T09:00:00Z,BRT,-18.78,82.2,987.9,13.42,9,245,0.70711,-0.70711,-0.87864,-0.47749,-19.65,-17.91,-16.33
2026-09-02T10:00:00Z,BRT,-19.65,75.6,986.6,13.33,10,245,0.5,-0.86603,-0.87864,-0.47749,-20.23,-17.12,-15.62
2026-09-02T11:00:00Z,BRT,-20.23,82.6,984.3,11.58,11,245,0.25882,-0.96593,-0.87864,-0.47749,-19.6,-15.16,-16.99
2026-09-02T12:00:00Z,BRT,-19.6,83.6,982.2,13.24,12,245,0.0,-1.0,-0.87864,-0.47749,-19.04,-15.08,-16.66
2026-09-02T13:00:00Z,BRT,-19.04,84.3,980.8,11.88,13,245,-0.25882,-0.96593,-0.87864,-0.47749,-19.11,-14.72,-15.84
2026-09-02T14:00:00Z,BRT,-19.11,76.5,980.1,12.78,14,245,-0.5,-0.86603,-0.87864,-0.47749,-17.91,-16.03,-15.35
2026-09-02T15:00:00Z,BRT,-17.91,84.7,981.5,12.68,15,245,-0.70711,-0.70711,-0.87864,-0.47749,-17.12,-16.17,-15.81
2026-09-02T16:00:00Z,BRT,-17.12,81.1,982.6,14.89,16,245,-0.86603,-0.5,-0.87864,-0.47749,-15.16,-16.39,-16.79
2026-09-02T17:00:00Z,BRT,-15.16,83.2,984.0,15.1,17,245,-0.96593,-0.25882,-0.87864,-0.47749,-15.08,-16.89,-17.51
2026-09-02T18:00:00Z,BRT,-15.08,84.7,984.0,14.26,18,245,-1.0,-0.0,-0.87864,-0.47749,-14.72,-16.93,-16.85
2026-09-02T19:00:00Z,BRT,-14.72,87.3,983.9,19.19,19,245,-0.96593,0.25882,-0.87864,-0.47749,-16.03,-16.81,-17.08
2026-09-02T20:00:00Z,BRT,-16.03,82.2,987.3,15.19,20,245,-0.86603,0.5,-0.87864,-0.47749,-16.17,-16.79,-16.89
2026-09-02T21:00:00Z,BRT,-16.17,89.1,986.1,16.53,21,245,-0.70711,0.70711,-0.87864,-0.47749,-16.39,-16.42,-17.61
2026-09-02T22:00:00Z,BRT,-16.39,79.4,988.1,17.54,22,245,-0.5,0.86603,-0.87864,-0.47749,-16.89,-15.58,-19.26
2026-09-02T23:00:00Z,BRT,-16.89,69.6,989.8,11.74,23,245,-0.25882,0.96593,-0.87864,-0.47749,-16.93,-15.11,-20.16
2026-09-03T00:00:00Z,BRT,-16.93,81.7,988.6,14.51,0,246,0.0,1.0,-0.88672,-0.4623,-16.81,-15.11,-20.14
2026-09-03T01:00:00Z,BRT,-16.81,84.9,989.5,17.0,1,246,0.25882,0.96593,-0.88672,-0.4623,-16.79,-14.21,-19.58
2026-09-03T02:00:00Z,BRT,-16.79,72.7,991.4,15.91,2,246,0.5,0.86603,-0.88672,-0.4623,-16.42,-14.9,-20.42
2026-09-03T03:00:00Z,BRT,-16.42,79.2,987.2,10.75,3,246,0.70711,0.70711,-0.88672,-0.4623,-15.58,-16.33,-19.98
2026-09-03T04:00:00Z,BRT,-15.58,84.3,987.2,12.19,4,246,0.86603,0.5,-0.88672,-0.4623,-15.11,-15.62,-19.53
2026-09-03T05:00:00Z,BRT,-15.11,85.1,984.3,14.22,5,246,0.96593,0.25882,-0.88672,-0.4623,-15.11,-16.99,-18.33
2026-09-03T06:00:00Z,BRT,-15.11,77.4,985.3,10.92,6,246,1.0,0.0,-0.88672,-0.4623,-14.21,-16.66,-17.7
2026-09-03T07:00:00Z,BRT,-14.21,75.7,986.2,14.03,7,246,0.96593,-0.25882,-0.88672,-0.4623,-14.9,-15.84,-17.9
2026-09-03T08:00:00Z,BRT,-14.9,84.4,987.3,12.86,8,246,0.86603,-0.5,-0.88672,-0.4623,-16.33,-15.35,-17.86
2026-09-03T09:00:00Z,BRT,-16.33,83.4,986.3,12.11,9,246,0.70711,-0.70711,-0.88672,-0.4623,-15.62,-15.81,-16.95
2026-09-03T10:00:00Z,BRT,-15.62,81.6,987.6,11.16,10,246,0.5,-0.86603,-0.88672,-0.4623,-16.99,-16.79,-17.75
2026-09-03T11:00:00Z,BRT,-16.99,80.6,986.2,11.96,11,246,0.25882,-0.96593,-0.88672,-0.4623,-16.66,-17.51,-18.03
2026-09-03T12:00:00Z,BRT,-16.66,83.0,988.2,12.44,12,246,0.0,-1.0,-0.88672,-0.4623,-15.84,-16.85,-18.16
2026-09-03T13:00:00Z,BRT,-15.84,83.5,987.5,14.5,13,246,-0.25882,-0.96593,-0.88672,-0.4623,-15.35,-17.08,-18.61
2026-09-03T14:00:00Z,BRT,-15.35,78.2,987.8,14.34,14,246,-0.5,-0.86603,-0.88672,-0.4623,-15.81,-16.89,-19.2
2026-09-03T15:00:00Z,BRT,-15.81,76.9,991.5,8.59,15,246,-0.70711,-0.70711,-0.88672,-0.4623,-16.79,-17.61,-19.37
2026-09-03T16:00:00Z,BRT,-16.79,73.8,994.4,15.74,16,246,-0.86603,-0.5,-0.88672,-0.4623,-17.51,-19.26,-19.6
2026-09-03T17:00:00Z,BRT,-17.51,73.8,995.2,13.22,17,246,-0.96593,-0.25882,-0.88672,-0.4623,-16.85,-20.16,-20.46
2026-09-03T18:00:00Z,BRT,-16.85,79.7,995.7,13.07,18,246,-1.0,-0.0,-0.88672,-0.4623,-17.08,-20.14,-20.26
2026-09-03T19:00:00Z,BRT,-17.08,78.8,994.6,15.93,19,246,-0.96593,0.25882,-0.88672,-0.4623,-16.89,-19.58,-20.43
2026-09-03T20:00:00Z,BRT,-16.89,75.2,994.7,12.73,20,246,-0.86603,0.5,-0.88672,-0.4623,-17.61,-20.42,-20.82
2026-09-03T21:00:00Z,BRT,-17.61,72.6,996.4,10.72,21,246,-0.70711,0.70711,-0.88672,-0.4623,-19.26,-19.98,-20.74
2026-09-03T22:00:00Z,BRT,-19.26,70.2,998.1,11.41,22,246,-0.5,0.86603,-0.88672,-0.4623,-20.16,-19.53,-19.48
2026-09-03T23:00:00Z,BRT,-20.16,63.0,1000.1,9.19,23,246,-0.25882,0.96593,-0.88672,-0.4623,-20.14,-18.33,-19.78
2026-09-04T00:00:00Z,BRT,-20.14,67.1,1004.5,3.31,0,247,0.0,1.0,-0.89454,-0.44698,-19.58,-17.7,-20.66
2026-09-04T01:00:00Z,BRT,-19.58,74.7,1004.4,13.84,1,247,0.25882,0.96593,-0.89454,-0.44698,-20.42,-17.9,-20.54
2026-09-04T02:00:00Z,BRT,-20.42,65.2,1007.7,8.23,2,247,0.5,0.86603,-0.89454,-0.44698,-19.98,-17.86,-20.55
2026-09-04T03:00:00Z,BRT,-19.98,58.3,1011.6,4.36,3,247,0.70711,0.70711,-0.89454,-0.44698,-19.53,-16.95,-18.87
2026-09-04T04:00:00Z,BRT,-19.53,67.7,1008.6,7.72,4,247,0.86603,0.5,-0.89454,-0.44698,-18.33,-17.75,-18.68
2026-09-04T05:00:00Z,BRT,-18.33,58.9,1008.5,6.85,5,247,0.96593,0.25882,-0.89454,-0.44698,-17.7,-18.03,-17.0
2026-09-04T06:00:00Z,BRT,-17.7,61.1,1007.9,10.3,6,247,1.0,0.0,-0.89454,-0.44698,-17.9,-18.16,-16.59
2026-09-04T07:00:00Z,BRT,-17.9,70.0,1008.0,9.98,7,247,0.96593,-0.25882,-0.89454,-0.44698,-17.86,-18.61,-16.93
2026-09-04T08:00:00Z,BRT,-17.86,63.7,1006.6,3.11,8,247,0.86603,-0.5,-0.89454,-0.44698,-16.95,-19.2,-16.79
2026-09-04T09:00:00Z,BRT,-16.95,58.3,1007.5,5.42,9,247,0.70711,-0.70711,-0.89454,-0.44698,-17.75,-19.37,-16.94
2026-09-04T10:00:00Z,BRT,-17.75,63.4,1006.9,5.49,10,247,0.5,-0.86603,-0.89454,-0.44698,-18.03,-19.6,-17.0
2026-09-04T11:00:00Z,BRT,-18.03,58.8,1008.6,6.96,11,247,0.25882,-0.96593,-0.89454,-0.44698,-18.16,-20.46,-17.59
2026-09-04T12:00:00Z,BRT,-18.16,58.6,1009.6,5.33,12,247,0.0,-1.0,-0.89454,-0.44698,-18.61,-20.26,-17.79
2026-09-04T13:00:00Z,BRT,-18.61,65.7,1009.5,9.48,13,247,-0.25882,-0.96593,-0.89454,-0.44698,-19.2,-20.43,-18.65
2026-09-04T14:00:00Z,BRT,-19.2,54.5,1013.5,3.15,14,247,-0.5,-0.86603,-0.89454,-0.44698,-19.37,-20.82,-18.22
2026-09-04T15:00:00Z,BRT,-19.37,58.0,1011.8,7.55,15,247,-0.70711,-0.70711,-0.89454,-0.44698,-19.6,-20.74,-18.2
2026-09-04T16:00:00Z,BRT,-19.6,51.5,1009.7,12.7,16,247,-0.86603,-0.5,-0.89454,-0.44698,-20.46,-19.48,-17.79
2026-09-04T17:00:00Z,BRT,-20.46,55.0,1011.1,13.53,17,247,-0.96593,-0.25882,-0.89454,-0.44698,-20.26,-19.78,-16.21
2026-09-04T18:00:00Z,BRT,-20.26,62.0,1008.1,10.44,18,247,-1.0,-0.0,-0.89454,-0.44698,-20.43,-20.66,-16.06
2026-09-04T19:00:00Z,BRT,-20.43,64.3,1009.9,6.12,19,247,-0.96593,0.25882,-0.89454,-0.44698,-20.82,-20.54,-15.02
2026-09-04T20:00:00Z,BRT,-20.82,65.5,1006.8,13.8,20,247,-0.86603,0.5,-0.89454,-0.44698,-20.74,-20.55,-15.33
2026-09-04T21:00:00Z,BRT,-20.74,68.4,1005.6,7.51,21,247,-0.70711,0.70711,-0.89454,-0.44698,-19.48,-18.87,-14.17
2026-09-04T22:00:00Z,BRT,-19.48,64.4,1005.8,8.68,22,247,-0.5,0.86603,-0.89454,-0.44698,-19.78,-18.68,-13.85
2026-09-04T23:00:00Z,BRT,-19.78,59.3,1002.8,10.71,23,247,-0.25882,0.96593,-0.89454,-0.44698,-20.66,-17.0,-13.47
2026-09-05T00:00:00Z,BRT,-20.66,70.8,1001.5,12.25,0,248,0.0,1.0,-0.9021,-0.43153,-20.54,-16.59,-14.22
2026-09-05T01:00:00Z,BRT,-20.54,74.4,1000.3,10.26,1,248,0.25882,0.96593,-0.9021,-0.43153,-20.55,-16.93,-14.46
2026-09-05T02:00:00Z,BRT,-20.55,74.2,998.9,11.7,2,248,0.5,0.86603,-0.9021,-0.43153,-18.87,-16.79,-14.47
2026-09-05T03:00:00Z,BRT,-18.87,66.0,1000.9,7.01,3,248,0.70711,0.70711,-0.9021,-0.43153,-18.68,-16.94,-13.93
2026-09-05T04:00:00Z,BRT,-18.68,64.9,1000.1,12.02,4,248,0.86603,0.5,-0.9021,-0.43153,-17.0,-17.0,-13.43
2026-09-05T05:00:00Z,BRT,-17.0,70.1,997.8,11.19,5,248,0.96593,0.25882,-0.9021,-0.43153,-16.59,-17.59,-13.08
2026-09-05T06:00:00Z,BRT,-16.59,71.6,999.4,6.88,6,248,1.0,0.0,-0.9021,-0.43153,-16.93,-17.79,-12.9
2026-09-05T07:00:00Z,BRT,-16.93,77.0,998.2,9.71,7,248,0.96593,-0.25882,-0.9021,-0.43153,-16.79,-18.65,-13.2
2026-09-05T08:00:00Z,BRT,-16.79,73.2,999.2,7.15,8,248,0.86603,-0.5,-0.9021,-0.43153,-16.94,-18.22,-12.47
2026-09-05T09:00:00Z,BRT,-16.94,67.8,999.9,8.71,9,248,0.70711,-0.70711,-0.9021,-0.43153,-17.0,-18.2,-12.91
2026-09-05T10:00:00Z,BRT,-17.0,75.2,996.6,10.66,10,248,0.5,-0.86603,-0.9021,-0.43153,-17.59,-17.79,-14.73
2026-09-05T11:00:00Z,BRT,-17.59,66.8,996.6,9.37,11,248,0.25882,-0.96593,-0.9021,-0.43153,-17.79,-16.21,-16.91
2026-09-05T12:00:00Z,BRT,-17.79,69.3,995.0,11.01,12,248,0.0,-1.0,-0.9021,-0.43153,-18.65,-16.06,-17.91
2026-09-05T13:00:00Z,BRT,-18.65,73.8,993.1,11.46,13,248,-0.25882,-0.96593,-0.9021,-0.43153,-18.22,-15.02,-16.06
2026-09-05T14:00:00Z,BRT,-18.22,69.6,992.4,15.06,14,248,-0.5,-0.86603,-0.9021,-0.43153,-18.2,-15.33,-16.78
2026-09-05T15:00:00Z,BRT,-18.2,72.0,992.9,9.85,15,248,-0.70711,-0.70711,-0.9021,-0.43153,-17.79,-14.17,-16.46
2026-09-05T16:00:00Z,BRT,-17.79,71.5,993.3,14.17,16,248,-0.86603,-0.5,-0.9021,-0.43153,-16.21,-13.85,-16.95
2026-09-05T17:00:00Z,BRT,-16.21,80.7,992.4,15.69,17,248,-0.96593,-0.25882,-0.9021,-0.43153,-16.06,-13.47,-16.02
2026-09-05T18:00:00Z,BRT,-16.06,72.4,989.0,15.01,18,248,-1.0,-0.0,-0.9021,-0.43153,-15.02,-14.22,-15.94
2026-09-05T19:00:00Z,BRT,-15.02,79.8,986.8,15.57,19,248,-0.96593,0.25882,-0.9021,-0.43153,-15.33,-14.46,-16.85
2026-09-05T20:00:00Z,BRT,-15.33,80.1,984.6,14.05,20,248,-0.86603,0.5,-0.9021,-0.43153,-14.17,-14.47,-17.22
2026-09-05T21:00:00Z,BRT,-14.17,91.8,983.7,18.35,21,248,-0.70711,0.70711,-0.9021,-0.43153,-13.85,-13.93,-17.58
2026-09-05T22:00:00Z,BRT,-13.85,82.8,982.5,18.12,22,248,-0.5,0.86603,-0.9021,-0.43153,-13.47,-13.43,-17.72
2026-09-05T23:00:00Z,BRT,-13.47,80.5,981.1,11.42,23,248,-0.25882,0.96593,-0.9021,-0.43153,-14.22,-13.08,-16.19
2026-09-06T00:00:00Z,BRT,-14.22,86.5,983.5,14.08,0,249,0.0,1.0,-0.90939,-0.41595,-14.46,-12.9,-16.57
2026-09-06T01:00:00Z,BRT,-14.46,76.7,985.9,14.97,1,249,0.25882,0.96593,-0.90939,-0.41595,-14.47,-13.2,-15.67
2026-09-06T02:00:00Z,BRT,-14.47,85.0,986.3,13.42,2,249,0.5,0.86603,-0.90939,-0.41595,-13.93,-12.47,-17.11
2026-09-06T03:00:00Z,BRT,-13.93,81.6,986.2,12.52,3,249,0.70711,0.70711,-0.90939,-0.41595,-13.43,-12.91,-15.61
2026-09-06T04:00:00Z,BRT,-13.43,85.1,983.2,15.63,4,249,0.86603,0.5,-0.90939,-0.41595,-13.08,-14.73,-16.76
2026-09-06T05:00:00Z,BRT,-13.08,85.0,980.6,14.69,5,249,0.96593,0.25882,-0.90939,-0.41595,-12.9,-16.91,-17.59
2026-09-06T06:00:00Z,BRT,-12.9,84.7,981.6,12.3,6,249,1.0,0.0,-0.90939,-0.41595,-13.2,-17.91,-15.62
2026-09-06T07:00:00Z,BRT,-13.2,87.7,982.4,13.87,7,249,0.96593,-0.25882,-0.90939,-0.41595,-12.47,-16.06,-16.21
2026-09-06T08:00:00Z,BRT,-12.47,83.8,981.7,15.9,8,249,0.86603,-0.5,-0.90939,-0.41595,-12.91,-16.78,-16.97
2026-09-06T09:00:00Z,BRT,-12.91,80.4,982.3,12.39,9,249,0.70711,-0.70711,-0.90939,-0.41595,-14.73,-16.46,-17.22
2026-09-06T10:00:00Z,BRT,-14.73,85.2,980.3,15.71,10,249,0.5,-0.86603,-0.90939,-0.41595,-16.91,-16.95,-17.44
2026-09-06T11:00:00Z,BRT,-16.91,78.3,980.9,13.57,11,249,0.25882,-0.96593,-0.90939,-0.41595,-17.91,-16.02,-18.33
2026-09-06T12:00:00Z,BRT,-17.91,92.3,981.4,14.09,12,249,0.0,-1.0,-0.90939,-0.41595,-16.06,-15.94,-17.12
2026-09-06T13:00:00Z,BRT,-16.06,83.7,980.2,16.56,13,249,-0.25882,-0.96593,-0.90939,-0.41595,-16.78,-16.85,-16.83
2026-09-06T14:00:00Z,BRT,-16.78,88.9,979.2,17.07,14,249,-0.5,-0.86603,-0.90939,-0.41595,-16.46,-17.22,-12.7
2026-09-06T15:00:00Z,BRT,-16.46,87.1,979.4,16.25,15,249,-0.70711,-0.70711,-0.90939,-0.41595,-16.95,-17.58,-18.22
2026-09-06T16:00:00Z,BRT,-16.95,79.2,983.0,14.31,16,249,-0.86603,-0.5,-0.90939,-0.41595,-16.02,-17.72,-16.47
2026-09-06T17:00:00Z,BRT,-16.02,86.9,983.9,18.33,17,249,-0.96593,-0.25882,-0.90939,-0.41595,-15.94,-16.19,-13.11
2026-09-06T18:00:00Z,BRT,-15.94,91.4,981.9,19.48,18,249,-1.0,-0.0,-0.90939,-0.41595,-16.85,-16.57,-14.23
2026-09-06T19:00:00Z,BRT,-16.85,88.8,980.6,18.89,19,249,-0.96593,0.25882,-0.90939,-0.41595,-17.22,-15.67,-14.64
2026-09-06T20:00:00Z,BRT,-17.22,85.5,982.2,14.83,20,249,-0.86603,0.5,-0.90939,-0.41595,-17.58,-17.11,-13.25
2026-09-06T21:00:00Z,BRT,-17.58,80.5,984.2,14.83,21,249,-0.70711,0.70711,-0.90939,-0.41595,-17.72,-15.61,-12.64
2026-09-06T22:00:00Z,BRT,-17.72,86.6,986.0,14.93,22,249,-0.5,0.86603,-0.90939,-0.41595,-16.19,-16.76,-13.77
2026-09-06T23:00:00Z,BRT,-16.19,74.2,987.1,13.96,23,249,-0.25882,0.96593,-0.90939,-0.41595,-16.57,-17.59,-13.82
2026-09-07T00:00:00Z,BRT,-16.57,80.2,986.4,15.33,0,250,0.0,1.0,-0.91641,-0.40024,-15.67,-15.62,-14.57
2026-09-07T01:00:00Z,BRT,-15.67,80.7,984.8,13.26,1,250,0.25882,0.96593,-0.91641,-0.40024,-17.11,-16.21,-13.44
2026-09-07T02:00:00Z,BRT,-17.11,91.0,981.8,14.89,2,250,0.5,0.86603,-0.91641,-0.40024,-15.61,-16.97,-13.06
2026-09-07T03:00:00Z,BRT,-15.61,83.0,981.9,16.72,3,250,0.70711,0.70711,-0.91641,-0.40024,-16.76,-17.22,-13.37
2026-09-07T04:00:00Z,BRT,-16.76,81.2,985.0,15.02,4,250,0.86603,0.5,-0.91641,-0.40024,-17.59,-17.44,-19.24
2026-09-07T05:00:00Z,BRT,-17.59,81.2,983.5,11.23,5,250,0.96593,0.25882,-0.91641,-0.40024,-15.62,-18.33,-19.93
2026-09-07T06:00:00Z,BRT,-15.62,85.4,981.0,18.52,6,250,1.0,0.0,-0.91641,-0.40024,-16.21,-17.12,-18.63
2026-09-07T07:00:00Z,BRT,-16.21,76.6,979.6,11.65,7,250,0.96593,-0.25882,-0.91641,-0.40024,-16.97,-16.83,-20.6
2026-09-07T08:00:00Z,BRT,-16.97,81.4,979.2,15.18,8,250,0.86603,-0.5,-0.91641,-0.40024,-17.22,-12.7,-15.69
2026-09-07T09:00:00Z,BRT,-17.22,87.7,978.5,11.66,9,250,0.70711,-0.70711,-0.91641,-0.40024,-17.44,-18.22,-14.77
2026-09-07T10:00:00Z,BRT,-17.44,90.9,979.9,14.6,10,250,0.5,-0.86603,-0.91641,-0.40024,-18.33,-16.47,-15.28
2026-09-07T11:00:00Z,BRT,-18.33,81.5,982.0,10.0,11,250,0.25882,-0.96593,-0.91641,-0.40024,-17.12,-13.11,-19.37
2026-09-07T12:00:00Z,BRT,-17.12,80.1,982.5,16.42,12,250,0.0,-1.0,-0.91641,-0.40024,-16.83,-14.23,-19.25
2026-09-07T13:00:00Z,BRT,-16.83,99.0,981.0,16.4,13,250,-0.25882,-0.96593,-0.91641,-0.40024,-12.7,-14.64,-19.35
2026-09-07T14:00:00Z,BRT,-12.7,91.4,976.8,17.58,14,250,-0.5,-0.86603,-0.91641,-0.40024,-18.22,-13.25,-20.77
2026-09-07T15:00:00Z,BRT,-18.22,94.1,978.2,15.41,15,250,-0.70711,-0.70711,-0.91641,-0.40024,-16.47,-12.64,-19.87
2026-09-07T16:00:00Z,BRT,-16.47,89.2,978.2,20.67,16,250,-0.86603,-0.5,-0.91641,-0.40024,-13.11,-13.77,-19.18
2026-09-07T17:00:00Z,BRT,-13.11,91.4,977.1,21.0,17,250,-0.96593,-0.25882,-0.91641,-0.40024,-14.23,-13.82,-20.3
2026-09-07T18:00:00Z,BRT,-14.23,98.3,975.0,17.09,18,250,-1.0,-0.0,-0.91641,-0.40024,-14.64,-14.57,-20.32
2026-09-07T19:00:00Z,BRT,-14.64,91.3,977.2,16.62,19,250,-0.96593,0.25882,-0.91641,-0.40024,-13.25,-13.44,-20.64
2026-09-07T20:00:00Z,BRT,-13.25,87.1,975.3,16.58,20,250,-0.86603,0.5,-0.91641,-0.40024,-12.64,-13.06,-20.75
2026-09-07T21:00:00Z,BRT,-12.64,93.9,976.2,21.05,21,250,-0.70711,0.70711,-0.91641,-0.40024,-13.77,-13.37,-21.38
2026-09-07T22:00:00Z,BRT,-13.77,92.3,976.4,14.36,22,250,-0.5,0.86603,-0.91641,-0.40024,-13.82,-19.24,-21.04
2026-09-07T23:00:00Z,BRT,-13.82,85.6,976.2,14.7,23,250,-0.25882,0.96593,-0.91641,-0.40024,-14.57,-19.93,-20.51
2026-09-08T00:00:00Z,BRT,-14.57,95.9,975.3,13.51,0,251,0.0,1.0,-0.92316,-0.38442,-13.44,-18.63,-21.33
2026-09-08T01:00:00Z,BRT,-13.44,92.2,973.9,16.22,1,251,0.25882,0.96593,-0.92316,-0.38442,-13.06,-20.6,-21.6
2026-09-08T02:00:00Z,BRT,-13.06,90.4,974.2,15.47,2,251,0.5,0.86603,-0.92316,-0.38442,-13.37,-15.69,-20.87
2026-09-08T03:00:00Z,BRT,-13.37,91.1,975.6,16.56,3,251,0.70711,0.70711,-0.92316,-0.38442,-19.24,-14.77,-20.49
2026-09-08T04:00:00Z,BRT,-19.24,85.9,979.5,15.05,4,251,0.86603,0.5,-0.92316,-0.38442,-19.93,-15.28,-19.94
2026-09-08T05:00:00Z,BRT,-19.93,92.2,979.4,14.81,5,251,0.96593,0.25882,-0.92316,-0.38442,-18.63,-19.37,-19.26
2026-09-08T06:00:00Z,BRT,-18.63,90.8,978.4,19.13,6,251,1.0,0.0,-0.92316,-0.38442,-20.6,-19.25,-19.1
2026-09-08T07:00:00Z,BRT,-20.6,90.4,979.3,15.72,7,251,0.96593,-0.25882,-0.92316,-0.38442,-15.69,-19.35,-19.22
2026-09-08T08:00:00Z,BRT,-15.69,92.0,977.9,13.45,8,251,0.86603,-0.5,-0.92316,-0.38442,-14.77,-20.77,-19.06
2026-09-08T09:00:00Z,BRT,-14.77,94.0,975.7,14.43,9,251,0.70711,-0.70711,-0.92316,-0.38442,-15.28,-19.87,-18.75
2026-09-08T10:00:00Z,BRT,-15.28,88.9,976.8,14.47,10,251,0.5,-0.86603,-0.92316,-0.38442,-19.37,-19.18,-17.8
2026-09-08T11:00:00Z,BRT,-19.37,85.2,979.9,18.7,11,251,0.25882,-0.96593,-0.92316,-0.38442,-19.25,-20.3,-17.91
2026-09-08T12:00:00Z,BRT,-19.25,82.9,979.5,12.22,12,251,0.0,-1.0,-0.92316,-0.38442,-19.35,-20.32,-17.52
2026-09-08T13:00:00Z,BRT,-19.35,87.0,983.1,16.19,13,251,-0.25882,-0.96593,-0.92316,-0.38442,-20.77,-20.64,-17.29
2026-09-08T14:00:00Z,BRT,-20.77,74.1,982.6,12.47,14,251,-0.5,-0.86603,-0.92316,-0.38442,-19.87,-20.75,-17.74
2026-09-08T15:00:00Z,BRT,-19.87,86.6,983.5,13.42,15,251,-0.70711,-0.70711,-0.92316,-0.38442,-19.18,-21.38,-17.66
2026-09-08T16:00:00Z,BRT,-19.18,88.4,987.5,13.94,16,251,-0.86603,-0.5,-0.92316,-0.38442,-20.3,-21.04,-17.96
2026-09-08T17:00:00Z,BRT,-20.3,83.2,985.0,13.89,17,251,-0.96593,-0.25882,-0.92316,-0.38442,-20.32,-20.51,-18.69
2026-09-08T18:00:00Z,BRT,-20.32,82.3,987.9,15.43,18,251,-1.0,-0.0,-0.92316,-0.38442,-20.64,-21.33,-18.56
2026-09-08T19:00:00Z,BRT,-20.64,78.8,985.7,15.99,19,251,-0.96593,0.25882,-0.92316,-0.38442,-20.75,-21.6,-18.28
2026-09-08T20:00:00Z,BRT,-20.75,85.4,986.1,18.41,20,251,-0.86603,0.5,-0.92316,-0.38442,-21.38,-20.87,-18.34
2026-09-08T21:00:00Z,BRT,-21.38,86.6,989.7,14.62,21,251,-0.70711,0.70711,-0.92316,-0.38442,-21.04,-20.49,-18.92
2026-09-08T22:00:00Z,BRT,-21.04,77.5,989.0,14.38,22,251,-0.5,0.86603,-0.92316,-0.38442,-20.51,-19.94,-18.13
2026-09-08T23:00:00Z,BRT,-20.51,79.7,987.5,16.96,23,251,-0.25882,0.96593,-0.92316,-0.38442,-21.33,-19.26,-18.94
2026-09-09T00:00:00Z,BRT,-21.33,70.7,990.1,9.81,0,252,0.0,1.0,-0.92963,-0.36848,-21.6,-19.1,-19.29
2026-09-09T01:00:00Z,BRT,-21.6,77.0,992.2,13.91,1,252,0.25882,0.96593,-0.92963,-0.36848,-20.87,-19.22,-18.39
2026-09-09T02:00:00Z,BRT,-20.87,76.4,992.1,11.98,2,252,0.5,0.86603,-0.92963,-0.36848,-20.49,-19.06,-18.01
2026-09-09T03:00:00Z,BRT,-20.49,67.5,991.7,12.05,3,252,0.70711,0.70711,-0.92963,-0.36848,-19.94,-18.75,-18.01
2026-09-09T04:00:00Z,BRT,-19.94,75.1,993.5,9.82,4,252,0.86603,0.5,-0.92963,-0.36848,-19.26,-17.8,-18.13
2026-09-09T05:00:00Z,BRT,-19.26,79.7,994.1,9.34,5,252,0.96593,0.25882,-0.92963,-0.36848,-19.1,-17.91,-17.73
2026-09-09T06:00:00Z,BRT,-19.1,77.3,995.0,14.31,6,252,1.0,0.0,-0.92963,-0.36848,-19.22,-17.52,-17.73
2026-09-09T07:00:00Z,BRT,-19.22,71.9,993.7,11.97,7,252,0.96593,-0.25882,-0.92963,-0.36848,-19.06,-17.29,-16.8
2026-09-09T08:00:00Z,BRT,-19.06,85.7,994.5,8.26,8,252,0.86603,-0.5,-0.92963,-0.36848,-18.75,-17.74,-15.35
2026-09-09T09:00:00Z,BRT,-18.75,71.7,992.4,11.79,9,252,0.70711,-0.70711,-0.92963,-0.36848,-17.8,-17.66,-15.5
2026-09-09T10:00:00Z,BRT,-17.8,70.5,990.6,11.59,10,252,0.5,-0.86603,-0.92963,-0.36848,-17.91,-17.96,-14.86
2026-09-09T11:00:00Z,BRT,-17.91,79.0,989.4,11.39,11,252,0.25882,-0.96593,-0.92963,-0.36848,-17.52,-18.69,-14.9
2026-09-09T12:00:00Z,BRT,-17.52,71.1,992.9,10.33,12,252,0.0,-1.0,-0.92963,-0.36848,-17.29,-18.56,-14.97
2026-09-09T13:00:00Z,BRT,-17.29,81.9,996.1,11.67,13,252,-0.25882,-0.96593,-0.92963,-0.36848,-17.74,-18.28,-15.41
2026-09-09T14:00:00Z,BRT,-17.74,60.9,1001.3,11.34,14,252,-0.5,-0.86603,-0.92963,-0.36848,-17.66,-18.34,-15.17
2026-09-09T15:00:00Z,BRT,-17.66,74.3,1002.3,13.49,15,252,-0.70711,-0.70711,-0.92963,-0.36848,-17.96,-18.92,-15.76
2026-09-09T16:00:00Z,BRT,-17.96,80.4,1001.0,12.4,16,252,-0.86603,-0.5,-0.92963,-0.36848,-18.69,-18.13,-13.99
2026-09-09T17:00:00Z,BRT,-18.69,68.0,1001.4,11.75,17,252,-0.96593,-0.25882,-0.92963,-0.36848,-18.56,-18.94,-14.31
2026-09-09T18:00:00Z,BRT,-18.56,70.2,1003.7,11.28,18,252,-1.0,-0.0,-0.92963,-0.36848,-18.28,-19.29,-15.86
2026-09-09T19:00:00Z,BRT,-18.28,64.2,1005.0,11.47,19,252,-0.96593,0.25882,-0.92963,-0.36848,-18.34,-18.39,-16.25
2026-09-09T20:00:00Z,BRT,-18.34,58.6,1009.1,9.04,20,252,-0.86603,0.5,-0.92963,-0.36848,-18.92,-18.01,-16.84
2026-09-09T21:00:00Z,BRT,-18.92,67.0,1010.6,9.23,21,252,-0.70711,0.70711,-0.92963,-0.36848,-18.13,-18.01,-18.28
2026-09-09T22:00:00Z,BRT,-18.13,66.4,1011.3,8.35,22,252,-0.5,0.86603,-0.92963,-0.36848,-18.94,-18.13,-18.44
2026-09-09T23:00:00Z,BRT,-18.94,57.0,1009.9,4.08,23,252,-0.25882,0.96593,-0.92963,-0.36848,-19.29,-17.73,-18.47
2026-09-10T00:00:00Z,BRT,-19.29,61.7,1008.3,11.27,0,253,0.0,1.0,-0.93583,-0.35244,-18.39,-17.73,-20.31
2026-09-10T01:00:00Z,BRT,-18.39,61.0,1007.0,4.64,1,253,0.25882,0.96593,-0.93583,-0.35244,-18.01,-16.8,-18.21
2026-09-10T02:00:00Z,BRT,-18.01,63.4,1004.9,5.87,2,253,0.5,0.86603,-0.93583,-0.35244,-18.01,-15.35,-18.84
2026-09-10T03:00:00Z,BRT,-18.01,69.9,1003.5,9.31,3,253,0.70711,0.70711,-0.93583,-0.35244,-18.13,-15.5,-18.67
2026-09-10T04:00:00Z,BRT,-18.13,66.3,1002.1,10.77,4,253,0.86603,0.5,-0.93583,-0.35244,-17.73,-14.86,-17.77
2026-09-10T05:00:00Z,BRT,-17.73,68.3,1000.9,8.28,5,253,0.96593,0.25882,-0.93583,-0.35244,-17.73,-14.9,-17.74
2026-09-10T06:00:00Z,BRT,-17.73,58.8,1004.1,5.48,6,253,1.0,0.0,-0.93583,-0.35244,-16.8,-14.97,-18.36
2026-09-10T07:00:00Z,BRT,-16.8,59.2,1003.6,8.72,7,253,0.96593,-0.25882,-0.93583,-0.35244,-15.35,-15.41,-17.59
2026-09-10T08:00:00Z,BRT,-15.35,63.0,1003.9,7.41,8,253,0.86603,-0.5,-0.93583,-0.35244,-15.5,-15.17,-18.5
2026-09-10T09:00:00Z,BRT,-15.5,60.5,1005.8,6.66,9,253,0.70711,-0.70711,-0.93583,-0.35244,-14.86,-15.76,-18.78
2026-09-10T10:00:00Z,BRT,-14.86,62.9,1005.3,5.36,10,253,0.5,-0.86603,-0.93583,-0.35244,-14.9,-13.99,-18.89
2026-09-10T11:00:00Z,BRT,-14.9,62.7,1002.7,7.13,11,253,0.25882,-0.96593,-0.93583,-0.35244,-14.97,-14.31,-19.42
2026-09-10T12:00:00Z,BRT,-14.97,66.3,1002.1,9.37,12,253,0.0,-1.0,-0.93583,-0.35244,-15.41,-15.86,-20.62
2026-09-10T13:00:00Z,BRT,-15.41,79.3,1002.2,10.35,13,253,-0.25882,-0.96593,-0.93583,-0.35244,-15.17,-16.25,-20.89
2026-09-10T14:00:00Z,BRT,-15.17,71.9,999.5,12.37,14,253,-0.5,-0.86603,-0.93583,-0.35244,-15.76,-16.84,-21.32
2026-09-10T15:00:00Z,BRT,-15.76,67.5,999.7,7.96,15,253,-0.70711,-0.70711,-0.93583,-0.35244,-13.99,-18.28,-15.47
2026-09-10T16:00:00Z,BRT,-13.99,79.4,998.5,13.45,16,253,-0.86603,-0.5,-0.93583,-0.35244,-14.31,-18.44,-19.1
2026-09-10T17:00:00Z,BRT,-14.31,74.0,997.5,13.8,17,253,-0.96593,-0.25882,-0.93583,-0.35244,-15.86,-18.47,-19.05
2026-09-10T18:00:00Z,BRT,-15.86,73.0,997.7,14.45,18,253,-1.0,-0.0,-0.93583,-0.35244,-16.25,-20.31,-12.46
2026-09-10T19:00:00Z,BRT,-16.25,75.1,994.2,13.01,19,253,-0.96593,0.25882,-0.93583,-0.35244,-16.84,-18.21,-12.19
2026-09-10T20:00:00Z,BRT,-16.84,77.6,994.1,15.67,20,253,-0.86603,0.5,-0.93583,-0.35244,-18.28,-18.84,-13.03
2026-09-10T21:00:00Z,BRT,-18.28,72.3,993.2,13.72,21,253,-0.70711,0.70711,-0.93583,-0.35244,-18.44,-18.67,-15.35
2026-09-10T22:00:00Z,BRT,-18.44,78.0,989.8,15.45,22,253,-0.5,0.86603,-0.93583,-0.35244,-18.47,-17.77,-19.38
2026-09-10T23:00:00Z,BRT,-18.47,79.5,991.0,15.17,23,253,-0.25882,0.96593,-0.93583,-0.35244,-20.31,-17.74,-20.43
2026-09-11T00:00:00Z,BRT,-20.31,68.2,992.2,10.72,0,254,0.0,1.0,-0.94176,-0.33629,-18.21,-18.36,-19.98
2026-09-11T01:00:00Z,BRT,-18.21,75.9,991.3,11.32,1,254,0.25882,0.96593,-0.94176,-0.33629,-18.84,-17.59,-20.65
2026-09-11T02:00:00Z,BRT,-18.84,79.9,987.6,10.54,2,254,0.5,0.86603,-0.94176,-0.33629,-18.67,-18.5,-19.75
2026-09-11T03:00:00Z,BRT,-18.67,76.7,989.2,10.21,3,254,0.70711,0.70711,-0.94176,-0.33629,-17.77,-18.78,-20.08
2026-09-11T04:00:00Z,BRT,-17.77,84.3,985.7,10.13,4,254,0.86603,0.5,-0.94176,-0.33629,-17.74,-18.89,-19.4
2026-09-11T05:00:00Z,BRT,-17.74,83.9,985.3,14.57,5,254,0.96593,0.25882,-0.94176,-0.33629,-18.36,-19.42,-19.75
2026-09-11T06:00:00Z,BRT,-18.36,68.3,989.5,10.72,6,254,1.0,0.0,-0.94176,-0.33629,-17.59,-20.62,-19.24
2026-09-11T07:00:00Z,BRT,-17.59,78.1,990.0,9.89,7,254,0.96593,-0.25882,-0.94176,-0.33629,-18.5,-20.89,-19.5
2026-09-11T08:00:00Z,BRT,-18.5,84.4,988.6,12.33,8,254,0.86603,-0.5,-0.94176,-0.33629,-18.78,-21.32,-19.24
2026-09-11T09:00:00Z,BRT,-18.78,82.7,986.5,9.86,9,254,0.70711,-0.70711,-0.94176,-0.33629,-18.89,-15.47,-18.42
2026-09-11T10:00:00Z,BRT,-18.89,80.2,986.7,14.21,10,254,0.5,-0.86603,-0.94176,-0.33629,-19.42,-19.1,-18.48
2026-09-11T11:00:00Z,BRT,-19.42,81.0,982.4,13.05,11,254,0.25882,-0.96593,-0.94176,-0.33629,-20.62,-19.05,-18.43
2026-09-11T12:00:00Z,BRT,-20.62,81.3,980.5,14.69,12,254,0.0,-1.0,-0.94176,-0.33629,-20.89,-12.46,-17.55
2026-09-11T13:00:00Z,BRT,-20.89,78.4,982.1,16.72,13,254,-0.25882,-0.96593,-0.94176,-0.33629,-21.32,-12.19,-17.89
2026-09-11T14:00:00Z,BRT,-21.32,88.0,979.2,14.05,14,254,-0.5,-0.86603,-0.94176,-0.33629,-15.47,-13.03,-18.22
2026-09-11T15:00:00Z,BRT,-15.47,81.1,975.7,18.93,15,254,-0.70711,-0.70711,-0.94176,-0.33629,-19.1,-15.35,-17.16
2026-09-11T16:00:00Z,BRT,-19.1,96.7,978.2,22.07,16,254,-0.86603,-0.5,-0.94176,-0.33629,-19.05,-19.38,-16.41
2026-09-11T17:00:00Z,BRT,-19.05,95.3,978.6,19.26,17,254,-0.96593,-0.25882,-0.94176,-0.33629,-12.46,-20.43,-15.96
2026-09-11T18:00:00Z,BRT,-12.46,84.7,974.6,19.18,18,254,-1.0,-0.0,-0.94176,-0.33629,-12.19,-19.98,-15.01
2026-09-11T19:00:00Z,BRT,-12.19,94.8,976.4,20.99,19,254,-0.96593,0.25882,-0.94176,-0.33629,-13.03,-20.65,-16.58
2026-09-11T20:00:00Z,BRT,-13.03,85.5,977.2,18.34,20,254,-0.86603,0.5,-0.94176,-0.33629,-15.35,-19.75,-16.44
2026-09-11T21:00:00Z,BRT,-15.35,92.8,976.4,14.72,21,254,-0.70711,0.70711,-0.94176,-0.33629,-19.38,-20.08,-15.9
2026-09-11T22:00:00Z,BRT,-19.38,88.5,979.7,18.79,22,254,-0.5,0.86603,-0.94176,-0.33629,-20.43,-19.4,-16.28
2026-09-11T23:00:00Z,BRT,-20.43,85.8,980.3,15.48,23,254,-0.25882,0.96593,-0.94176,-0.33629,-19.98,-19.75,-15.0
2026-09-12T00:00:00Z,BRT,-19.98,84.4,981.8,13.63,0,255,0.0,1.0,-0.9474,-0.32004,-20.65,-19.24,-15.86
2026-09-12T01:00:00Z,BRT,-20.65,92.8,983.4,16.76,1,255,0.25882,0.96593,-0.9474,-0.32004,-19.75,-19.5,-17.66
2026-09-12T02:00:00Z,BRT,-19.75,84.5,983.5,14.45,2,255,0.5,0.86603,-0.9474,-0.32004,-20.08,-19.24,-17.31
2026-09-12T03:00:00Z,BRT,-20.08,80.4,983.9,12.68,3,255,0.70711,0.70711,-0.9474,-0.32004,-19.4,-18.42,-17.79
2026-09-12T04:00:00Z,BRT,-19.4,84.5,985.1,13.45,4,255,0.86603,0.5,-0.9474,-0.32004,-19.75,-18.48,-17.8
2026-09-12T05:00:00Z,BRT,-19.75,83.3,984.2,10.65,5,255,0.96593,0.25882,-0.9474,-0.32004,-19.24,-18.43,-16.7
2026-09-12T06:00:00Z,BRT,-19.24,83.3,984.7,17.48,6,255,1.0,0.0,-0.9474,-0.32004,-19.5,-17.55,-15.65
2026-09-12T07:00:00Z,BRT,-19.5,85.2,987.5,13.65,7,255,0.96593,-0.25882,-0.9474,-0.32004,-19.24,-17.89,-15.16
2026-09-12T08:00:00Z,BRT,-19.24,85.0,987.7,11.61,8,255,0.86603,-0.5,-0.9474,-0.32004,-18.42,-18.22,-12.3
2026-09-12T09:00:00Z,BRT,-18.42,78.6,985.3,13.33,9,255,0.70711,-0.70711,-0.9474,-0.32004,-18.48,-17.16,-13.83
2026-09-12T10:00:00Z,BRT,-18.48,75.2,983.4,11.91,10,255,0.5,-0.86603,-0.9474,-0.32004,-18.43,-16.41,-14.58
2026-09-12T11:00:00Z,BRT,-18.43,95.9,984.2,18.47,11,255,0.25882,-0.96593,-0.9474,-0.32004,-17.55,-15.96,-14.83
2026-09-12T12:00:00Z,BRT,-17.55,72.5,987.2,8.65,12,255,0.0,-1.0,-0.9474,-0.32004,-17.89,-15.01,-15.42
2026-09-12T13:00:00Z,BRT,-17.89,73.1,987.4,11.31,13,255,-0.25882,-0.96593,-0.9474,-0.32004,-18.22,-16.58,-14.8
2026-09-12T14:00:00Z,BRT,-18.22,76.4,988.9,11.35,14,255,-0.5,-0.86603,-0.9474,-0.32004,-17.16,-16.44,-14.12
2026-09-12T15:00:00Z,BRT,-17.16,81.9,987.9,16.73,15,255,-0.70711,-0.70711,-0.9474,-0.32004,-16.41,-15.9,-14.84
2026-09-12T16:00:00Z,BRT,-16.41,84.6,987.4,18.66,16,255,-0.86603,-0.5,-0.9474,-0.32004,-15.96,-16.28,-13.49
2026-09-12T17:00:00Z,BRT,-15.96,85.0,986.3,19.7,17,255,-0.96593,-0.25882,-0.9474,-0.32004,-15.01,-15.0,-13.7
2026-09-12T18:00:00Z,BRT,-15.01,84.1,986.3,19.13,18,255,-1.0,-0.0,-0.9474,-0.32004,-16.58,-15.86,-14.0
2026-09-12T19:00:00Z,BRT,-16.58,63.2,987.4,13.01,19,255,-0.96593,0.25882,-0.9474,-0.32004,-16.44,-17.66,-15.0
2026-09-12T20:00:00Z,BRT,-16.44,82.3,987.8,16.31,20,255,-0.86603,0.5,-0.9474,-0.32004,-15.9,-17.31,-14.89
2026-09-12T21:00:00Z,BRT,-15.9,79.0,985.1,15.07,21,255,-0.70711,0.70711,-0.9474,-0.32004,-16.28,-17.79,-15.54
2026-09-12T22:00:00Z,BRT,-16.28,76.3,984.6,13.54,22,255,-0.5,0.86603,-0.9474,-0.32004,-15.0,-17.8,-14.7
2026-09-12T23:00:00Z,BRT,-15.0,78.9,984.7,17.09,23,255,-0.25882,0.96593,-0.9474,-0.32004,-15.86,-16.7,-15.5
2026-09-13T00:00:00Z,BRT,-15.86,81.6,982.9,18.53,0,256,0.0,1.0,-0.95277,-0.3037,-17.66,-15.65,-16.34
2026-09-13T01:00:00Z,BRT,-17.66,90.3,983.7,12.98,1,256,0.25882,0.96593,-0.95277,-0.3037,-17.31,-15.16,-16.47
2026-09-13T02:00:00Z,BRT,-17.31,65.7,986.5,12.47,2,256,0.5,0.86603,-0.95277,-0.3037,-17.79,-12.3,-15.94
2026-09-13T03:00:00Z,BRT,-17.79,82.1,986.2,10.82,3,256,0.70711,0.70711,-0.95277,-0.3037,-17.8,-13.83,-14.78
2026-09-13T04:00:00Z,BRT,-17.8,79.9,986.4,12.81,4,256,0.86603,0.5,-0.95277,-0.3037,-16.7,-14.58,-15.21
2026-09-13T05:00:00Z,BRT,-16.7,83.2,989.4,10.4,5,256,0.96593,0.25882,-0.95277,-0.3037,-15.65,-14.83,-15.52
2026-09-13T06:00:00Z,BRT,-15.65,76.9,993.8,14.65,6,256,1.0,0.0,-0.95277,-0.3037,-15.16,-15.42,-15.18
2026-09-13T07:00:00Z,BRT,-15.16,67.3,994.2,11.74,7,256,0.96593,-0.25882,-0.95277,-0.3037,-12.3,-14.8,-15.23
2026-09-13T08:00:00Z,BRT,-12.3,70.1,994.4,16.37,8,256,0.86603,-0.5,-0.95277,-0.3037,-13.83,-14.12,-15.87
2026-09-13T09:00:00Z,BRT,-13.83,66.6,992.7,10.09,9,256,0.70711,-0.70711,-0.95277,-0.3037,-14.58,-14.84,-16.31
2026-09-13T10:00:00Z,BRT,-14.58,72.7,994.6,10.9,10,256,0.5,-0.86603,-0.95277,-0.3037,-14.83,-13.49,-16.95
2026-09-13T11:00:00Z,BRT,-14.83,64.1,997.6,7.75,11,256,0.25882,-0.96593,-0.95277,-0.3037,-15.42,-13.7,-17.74
2026-09-13T12:00:00Z,BRT,-15.42,60.9,999.9,8.54,12,256,0.0,-1.0,-0.95277,-0.3037,-14.8,-14.0,-18.0
2026-09-13T13:00:00Z,BRT,-14.8,67.5,999.0,9.58,13,256,-0.25882,-0.96593,-0.95277,-0.3037,-14.12,-15.0,-17.86
2026-09-13T14:00:00Z,BRT,-14.12,72.8,997.0,13.88,14,256,-0.5,-0.86603,-0.95277,-0.3037,-14.84,-14.89,-17.92
2026-09-13T15:00:00Z,BRT,-14.84,68.0,998.7,12.83,15,256,-0.70711,-0.70711,-0.95277,-0.3037,-13.49,-15.54,-18.61
2026-09-13T16:00:00Z,BRT,-13.49,67.8,1000.7,9.85,16,256,-0.86603,-0.5,-0.95277,-0.3037,-13.7,-14.7,-19.58
2026-09-13T17:00:00Z,BRT,-13.7,67.3,1001.5,15.95,17,256,-0.96593,-0.25882,-0.95277,-0.3037,-14.0,-15.5,-19.49
2026-09-13T18:00:00Z,BRT,-14.0,67.5,1000.3,11.32,18,256,-1.0,-0.0,-0.95277,-0.3037,-15.0,-16.34,-20.31
2026-09-13T19:00:00Z,BRT,-15.0,75.8,999.2,12.47,19,256,-0.96593,0.25882,-0.95277,-0.3037,-14.89,-16.47,-19.81
2026-09-13T20:00:00Z,BRT,-14.89,83.2,996.3,15.86,20,256,-0.86603,0.5,-0.95277,-0.3037,-15.54,-15.94,-20.0
2026-09-13T21:00:00Z,BRT,-15.54,57.8,998.5,14.04,21,256,-0.70711,0.70711,-0.95277,-0.3037,-14.7,-14.78,-19.79
2026-09-13T22:00:00Z,BRT,-14.7,70.9,999.1,9.44,22,256,-0.5,0.86603,-0.95277,-0.3037,-15.5,-15.21,-20.43
2026-09-13T23:00:00Z,BRT,-15.5,65.3,1000.9,10.79,23,256,-0.25882,0.96593,-0.95277,-0.3037,-16.34,-15.52,-19.18
2026-09-14T00:00:00Z,BRT,-16.34,62.7,1001.9,9.45,0,257,0.0,1.0,-0.95785,-0.28726,-16.47,-15.18,-18.94
2026-09-14T01:00:00Z,BRT,-16.47,74.8,1003.1,12.17,1,257,0.25882,0.96593,-0.95785,-0.28726,-15.94,-15.23,-19.29
2026-09-14T02:00:00Z,BRT,-15.94,73.6,1005.6,10.07,2,257,0.5,0.86603,-0.95785,-0.28726,-14.78,-15.87,-17.35
2026-09-14T03:00:00Z,BRT,-14.78,64.2,1006.0,9.69,3,257,0.70711,0.70711,-0.95785,-0.28726,-15.21,-16.31,-17.19
2026-09-14T04:00:00Z,BRT,-15.21,63.6,1005.6,9.37,4,257,0.86603,0.5,-0.95785,-0.28726,-15.52,-16.95,-17.32
2026-09-14T05:00:00Z,BRT,-15.52,58.7,1007.7,6.5,5,257,0.96593,0.25882,-0.95785,-0.28726,-15.18,-17.74,-17.3
2026-09-14T06:00:00Z,BRT,-15.18,55.2,1008.2,4.17,6,257,1.0,0.0,-0.95785,-0.28726,-15.23,-18.0,-17.34
2026-09-14T07:00:00Z,BRT,-15.23,60.2,1010.2,5.06,7,257,0.96593,-0.25882,-0.95785,-0.28726,-15.87,-17.86,-18.4
2026-09-14T08:00:00Z,BRT,-15.87,58.5,1012.9,4.95,8,257,0.86603,-0.5,-0.95785,-0.28726,-16.31,-17.92,-18.72
2026-09-14T09:00:00Z,BRT,-16.31,70.2,1012.0,5.58,9,257,0.70711,-0.70711,-0.95785,-0.28726,-16.95,-18.61,-19.12
2026-09-14T10:00:00Z,BRT,-16.95,49.8,1016.0,4.96,10,257,0.5,-0.86603,-0.95785,-0.28726,-17.74,-19.58,-19.2
2026-09-14T11:00:00Z,BRT,-17.74,54.1,1015.9,3.77,11,257,0.25882,-0.96593,-0.95785,-0.28726,-18.0,-19.49,-19.15
2026-09-14T12:00:00Z,BRT,-18.0,58.4,1014.1,2.78,12,257,0.0,-1.0,-0.95785,-0.28726,-17.86,-20.31,-20.17
2026-09-14T13:00:00Z,BRT,-17.86,54.6,1017.1,6.15,13,257,-0.25882,-0.96593,-0.95785,-0.28726,-17.92,-19.81,-21.1
2026-09-14T14:00:00Z,BRT,-17.92,49.7,1016.1,7.93,14,257,-0.5,-0.86603,-0.95785,-0.28726,-18.61,-20.0,-20.18
2026-09-14T15:00:00Z,BRT,-18.61,54.1,1015.1,6.85,15,257,-0.70711,-0.70711,-0.95785,-0.28726,-19.58,-19.79,-19.89
2026-09-14T16:00:00Z,BRT,-19.58,57.3,1015.4,7.67,16,257,-0.86603,-0.5,-0.95785,-0.28726,-19.49,-20.43,-20.19
2026-09-14T17:00:00Z,BRT,-19.49,55.0,1013.6,8.86,17,257,-0.96593,-0.25882,-0.95785,-0.28726,-20.31,-19.18,-18.87
2026-09-14T18:00:00Z,BRT,-20.31,51.0,1016.2,4.92,18,257,-1.0,-0.0,-0.95785,-0.28726,-19.81,-18.94,-20.37
2026-09-14T19:00:00Z,BRT,-19.81,58.2,1014.3,7.12,19,257,-0.96593,0.25882,-0.95785,-0.28726,-20.0,-19.29,-19.58
2026-09-14T20:00:00Z,BRT,-20.0,53.7,1011.6,14.38,20,257,-0.86603,0.5,-0.95785,-0.28726,-19.79,-17.35,-19.43
2026-09-14T21:00:00Z,BRT,-19.79,62.9,1010.6,9.96,21,257,-0.70711,0.70711,-0.95785,-0.28726,-20.43,-17.19,-19.75
2026-09-14T22:00:00Z,BRT,-20.43,56.4,1009.9,7.82,22,257,-0.5,0.86603,-0.95785,-0.28726,-19.18,-17.32,-19.67
2026-09-14T23:00:00Z,BRT,-19.18,61.8,1010.2,6.02,23,257,-0.25882,0.96593,-0.95785,-0.28726,-18.94,-17.3,-19.44
2026-09-15T00:00:00Z,BRT,-18.94,55.4,1012.0,8.3,0,258,0.0,1.0,-0.96265,-0.27074,-19.29,-17.34,-18.89
2026-09-15T01:00:00Z,BRT,-19.29,56.2,1013.2,6.99,1,258,0.25882,0.96593,-0.96265,-0.27074,-17.35,-18.4,-20.14
2026-09-15T02:00:00Z,BRT,-17.35,44.9,1012.6,9.12,2,258,0.5,0.86603,-0.96265,-0.27074,-17.19,-18.72,-20.19
2026-09-15T03:00:00Z,BRT,-17.19,56.3,1015.2,6.16,3,258,0.70711,0.70711,-0.96265,-0.27074,-17.32,-19.12,-19.72
2026-09-15T04:00:00Z,BRT,-17.32,57.6,1016.7,1.96,4,258,0.86603,0.5,-0.96265,-0.27074,-17.3,-19.2,-19.37
2026-09-15T05:00:00Z,BRT,-17.3,52.9,1015.8,5.53,5,258,0.96593,0.25882,-0.96265,-0.27074,-17.34,-19.15,-19.94
2026-09-15T06:00:00Z,BRT,-17.34,51.2,1014.1,5.52,6,258,1.0,0.0,-0.96265,-0.27074,-18.4,-20.17,-18.43
2026-09-15T07:00:00Z,BRT,-18.4,68.1,1011.3,8.43,7,258,0.96593,-0.25882,-0.96265,-0.27074,-18.72,-21.1,-17.98
2026-09-15T08:00:00Z,BRT,-18.72,59.7,1012.1,6.8,8,258,0.86603,-0.5,-0.96265,-0.27074,-19.12,-20.18,-17.09
2026-09-15T09:00:00Z,BRT,-19.12,68.9,1009.4,10.26,9,258,0.70711,-0.70711,-0.96265,-0.27074,-19.2,-19.89,-16.1
2026-09-15T10:00:00Z,BRT,-19.2,52.0,1005.9,9.42,10,258,0.5,-0.86603,-0.96265,-0.27074,-19.15,-20.19,-11.41
2026-09-15T11:00:00Z,BRT,-19.15,59.9,1005.6,6.96,11,258,0.25882,-0.96593,-0.96265,-0.27074,-20.17,-18.87,-12.19
2026-09-15T12:00:00Z,BRT,-20.17,60.4,1006.7,6.67,12,258,0.0,-1.0,-0.96265,-0.27074,-21.1,-20.37,-12.2
2026-09-15T13:00:00Z,BRT,-21.1,66.5,1004.3,6.25,13,258,-0.25882,-0.96593,-0.96265,-0.27074,-20.18,-19.58,-11.18
2026-09-15T14:00:00Z,BRT,-20.18,59.5,1003.6,11.87,14,258,-0.5,-0.86603,-0.96265,-0.27074,-19.89,-19.43,-11.43
2026-09-15T15:00:00Z,BRT,-19.89,60.8,1002.0,11.48,15,258,-0.70711,-0.70711,-0.96265,-0.27074,-20.19,-19.75,-11.31
2026-09-15T16:00:00Z,BRT,-20.19,68.0,999.3,10.39,16,258,-0.86603,-0.5,-0.96265,-0.27074,-18.87,-19.67,-15.39
2026-09-15T17:00:00Z,BRT,-18.87,77.2,999.0,13.31,17,258,-0.96593,-0.25882,-0.96265,-0.27074,-20.37,-19.44,-9.32
2026-09-15T18:00:00Z,BRT,-20.37,68.7,995.9,14.3,18,258,-1.0,-0.0,-0.96265,-0.27074,-19.58,-18.89,-14.03
2026-09-15T19:00:00Z,BRT,-19.58,75.6,997.5,14.71,19,258,-0.96593,0.25882,-0.96265,-0.27074,-19.43,-20.14,-14.77
2026-09-15T20:00:00Z,BRT,-19.43,84.7,992.9,18.28,20,258,-0.86603,0.5,-0.96265,-0.27074,-19.75,-20.19,-15.49
2026-09-15T21:00:00Z,BRT,-19.75,79.3,992.3,15.7,21,258,-0.70711,0.70711,-0.96265,-0.27074,-19.67,-19.72,-16.38
2026-09-15T22:00:00Z,BRT,-19.67,89.3,993.4,15.4,22,258,-0.5,0.86603,-0.96265,-0.27074,-19.44,-19.37,-16.76
2026-09-15T23:00:00Z,BRT,-19.44,78.0,993.9,13.01,23,258,-0.25882,0.96593,-0.96265,-0.27074,-18.89,-19.94,-16.34
2026-09-16T00:00:00Z,BRT,-18.89,76.1,991.8,11.62,0,259,0.0,1.0,-0.96717,-0.25414,-20.14,-18.43,-16.98
2026-09-16T01:00:00Z,BRT,-20.14,81.6,988.4,14.82,1,259,0.25882,0.96593,-0.96717,-0.25414,-20.19,-17.98,-17.06
2026-09-16T02:00:00Z,BRT,-20.19,97.1,986.6,15.01,2,259,0.5,0.86603,-0.96717,-0.25414,-19.72,-17.09,-16.98
2026-09-16T03:00:00Z,BRT,-19.72,97.0,983.4,11.64,3,259,0.70711,0.70711,-0.96717,-0.25414,-19.37,-16.1,-16.86
2026-09-16T04:00:00Z,BRT,-19.37,81.9,983.2,9.89,4,259,0.86603,0.5,-0.96717,-0.25414,-19.94,-11.41,-16.25
2026-09-16T05:00:00Z,BRT,-19.94,89.8,980.8,17.77,5,259,0.96593,0.25882,-0.96717,-0.25414,-18.43,-12.19,-17.22
2026-09-16T06:00:00Z,BRT,-18.43,79.2,980.3,13.44,6,259,1.0,0.0,-0.96717,-0.25414,-17.98,-12.2,-16.6
2026-09-16T07:00:00Z,BRT,-17.98,78.2,979.7,14.44,7,259,0.96593,-0.25882,-0.96717,-0.25414,-17.09,-11.18,-17.58
2026-09-16T08:00:00Z,BRT,-17.09,82.6,980.6,14.68,8,259,0.86603,-0.5,-0.96717,-0.25414,-16.1,-11.43,-17.57
2026-09-16T09:00:00Z,BRT,-16.1,86.7,979.6,17.18,9,259,0.70711,-0.70711,-0.96717,-0.25414,-11.41,-11.31,-17.38
2026-09-16T10:00:00Z,BRT,-11.41,96.6,977.6,17.6,10,259,0.5,-0.86603,-0.96717,-0.25414,-12.19,-15.39,-18.28
2026-09-16T11:00:00Z,BRT,-12.19,86.5,977.9,15.99,11,259,0.25882,-0.96593,-0.96717,-0.25414,-12.2,-9.32,-17.82
2026-09-16T12:00:00Z,BRT,-12.2,80.7,977.7,15.99,12,259,0.0,-1.0,-0.96717,-0.25414,-11.18,-14.03,-18.11
2026-09-16T13:00:00Z,BRT,-11.18,93.9,977.6,18.67,13,259,-0.25882,-0.96593,-0.96717,-0.25414,-11.43,-14.77,-18.71
2026-09-16T14:00:00Z,BRT,-11.43,90.9,977.7,14.99,14,259,-0.5,-0.86603,-0.96717,-0.25414,-11.31,-15.49,-18.94
2026-09-16T15:00:00Z,BRT,-11.31,92.1,976.6,15.73,15,259,-0.70711,-0.70711,-0.96717,-0.25414,-15.39,-16.38,-18.71
2026-09-16T16:00:00Z,BRT,-15.39,86.7,979.0,18.39,16,259,-0.86603,-0.5,-0.96717,-0.25414,-9.32,-16.76,-17.57
2026-09-16T17:00:00Z,BRT,-9.32,99.0,977.9,19.26,17,259,-0.96593,-0.25882,-0.96717,-0.25414,-14.03,-16.34,-16.64
2026-09-16T18:00:00Z,BRT,-14.03,87.6,981.6,19.0,18,259,-1.0,-0.0,-0.96717,-0.25414,-14.77,-16.98,-15.41
2026-09-16T19:00:00Z,BRT,-14.77,84.3,982.1,17.36,19,259,-0.96593,0.25882,-0.96717,-0.25414,-15.49,-17.06,-15.61
2026-09-16T20:00:00Z,BRT,-15.49,91.9,981.1,17.2,20,259,-0.86603,0.5,-0.96717,-0.25414,-16.38,-16.98,-15.86
2026-09-16T21:00:00Z,BRT,-16.38,87.3,979.3,13.77,21,259,-0.70711,0.70711,-0.96717,-0.25414,-16.76,-16.86,-16.21
2026-09-16T22:00:00Z,BRT,-16.76,98.3,981.0,15.15,22,259,-0.5,0.86603,-0.96717,-0.25414,-16.34,-16.25,-17.04
2026-09-16T23:00:00Z,BRT,-16.34,81.1,979.8,13.04,23,259,-0.25882,0.96593,-0.96717,-0.25414,-16.98,-17.22,-16.76
2026-09-17T00:00:00Z,BRT,-16.98,79.3,981.6,13.45,0,260,0.0,1.0,-0.9714,-0.23747,-17.06,-16.6,-15.6
2026-09-17T01:00:00Z,BRT,-17.06,82.9,984.8,11.65,1,260,0.25882,0.96593,-0.9714,-0.23747,-16.98,-17.58,-14.32
2026-09-17T02:00:00Z,BRT,-16.98,82.5,988.1,16.56,2,260,0.5,0.86603,-0.9714,-0.23747,-16.86,-17.57,-14.18
2026-09-17T03:00:00Z,BRT,-16.86,78.5,988.9,13.01,3,260,0.70711,0.70711,-0.9714,-0.23747,-16.25,-17.38,-13.04
2026-09-17T04:00:00Z,BRT,-16.25,89.6,988.4,13.59,4,260,0.86603,0.5,-0.9714,-0.23747,-17.22,-18.28,-12.04
2026-09-17T05:00:00Z,BRT,-17.22,70.6,988.7,9.94,5,260,0.96593,0.25882,-0.9714,-0.23747,-16.6,-17.82,-11.59
2026-09-17T06:00:00Z,BRT,-16.6,77.8,985.8,10.1,6,260,1.0,0.0,-0.9714,-0.23747,-17.58,-18.11,-11.12
2026-09-17T07:00:00Z,BRT,-17.58,81.5,987.1,12.87,7,260,0.96593,-0.25882,-0.9714,-0.23747,-17.57,-18.71,-11.5
2026-09-17T08:00:00Z,BRT,-17.57,69.8,987.4,11.26,8,260,0.86603,-0.5,-0.9714,-0.23747,-17.38,-18.94,-11.43
2026-09-17T09:00:00Z,BRT,-17.38,86.4,989.8,11.3,9,260,0.70711,-0.70711,-0.9714,-0.23747,-18.28,-18.71,-11.92
2026-09-17T10:00:00Z,BRT,-18.28,70.8,992.7,11.02,10,260,0.5,-0.86603,-0.9714,-0.23747,-17.82,-17.57,-12.58
2026-09-17T11:00:00Z,BRT,-17.82,72.5,991.6,8.34,11,260,0.25882,-0.96593,-0.9714,-0.23747,-18.11,-16.64,-13.26
2026-09-17T12:00:00Z,BRT,-18.11,82.7,992.6,10.45,12,260,0.0,-1.0,-0.9714,-0.23747,-18.71,-15.41,-12.24
2026-09-17T13:00:00Z,BRT,-18.71,74.8,992.0,10.25,13,260,-0.25882,-0.96593,-0.9714,-0.23747,-18.94,-15.61,-10.73
2026-09-17T14:00:00Z,BRT,-18.94,71.8,990.3,8.16,14,260,-0.5,-0.86603,-0.9714,-0.23747,-18.71,-15.86,-9.58
2026-09-17T15:00:00Z,BRT,-18.71,87.7,989.9,13.33,15,260,-0.70711,-0.70711,-0.9714,-0.23747,-17.57,-16.21,-9.53
2026-09-17T16:00:00Z,BRT,-17.57,82.5,989.5,15.78,16,260,-0.86603,-0.5,-0.9714,-0.23747,-16.64,-17.04,-9.92
2026-09-17T17:00:00Z,BRT,-16.64,74.4,991.9,14.96,17,260,-0.96593,-0.25882,-0.9714,-0.23747,-15.41,-16.76,-11.0
2026-09-17T18:00:00Z,BRT,-15.41,70.3,993.9,18.64,18,260,-1.0,-0.0,-0.9714,-0.23747,-15.61,-15.6,-10.3
2026-09-17T19:00:00Z,BRT,-15.61,67.3,995.0,15.23,19,260,-0.96593,0.25882,-0.9714,-0.23747,-15.86,-14.32,-10.98
2026-09-17T20:00:00Z,BRT,-15.86,68.2,998.3,13.07,20,260,-0.86603,0.5,-0.9714,-0.23747,-16.21,-14.18,-10.41
2026-09-17T21:00:00Z,BRT,-16.21,74.3,1001.0,8.25,21,260,-0.70711,0.70711,-0.9714,-0.23747,-17.04,-13.04,-11.99
2026-09-17T22:00:00Z,BRT,-17.04,67.2,1000.9,10.73,22,260,-0.5,0.86603,-0.9714,-0.23747,-16.76,-12.04,-12.52
2026-09-17T23:00:00Z,BRT,-16.76,70.1,1002.7,10.03,23,260,-0.25882,0.96593,-0.9714,-0.23747,-15.6,-11.59,-12.74
2026-09-18T00:00:00Z,BRT,-15.6,69.7,1002.0,4.37,0,261,0.0,1.0,-0.97534,-0.22072,-14.32,-11.12,-13.46
2026-09-18T01:00:00Z,BRT,-14.32,68.7,1002.8,8.29,1,261,0.25882,0.96593,-0.97534,-0.22072,-14.18,-11.5,-12.14
2026-09-18T02:00:00Z,BRT,-14.18,75.3,998.5,6.29,2,261,0.5,0.86603,-0.97534,-0.22072,-13.04,-11.43,-12.3
2026-09-18T03:00:00Z,BRT,-13.04,71.0,997.1,10.49,3,261,0.70711,0.70711,-0.97534,-0.22072,-12.04,-11.92,-12.68
2026-09-18T04:00:00Z,BRT,-12.04,67.5,999.4,7.93,4,261,0.86603,0.5,-0.97534,-0.22072,-11.59,-12.58,-12.8
2026-09-18T05:00:00Z,BRT,-11.59,63.7,999.9,7.59,5,261,0.96593,0.25882,-0.97534,-0.22072,-11.12,-13.26,-12.76
2026-09-18T06:00:00Z,BRT,-11.12,71.0,998.8,12.31,6,261,1.0,0.0,-0.97534,-0.22072,-11.5,-12.24,-12.46
2026-09-18T07:00:00Z,BRT,-11.5,78.7,997.8,12.42,7,261,0.96593,-0.25882,-0.97534,-0.22072,-11.43,-10.73,-12.57
2026-09-18T08:00:00Z,BRT,-11.43,71.7,998.7,11.51,8,261,0.86603,-0.5,-0.97534,-0.22072,-11.92,-9.58,-12.5
2026-09-18T09:00:00Z,BRT,-11.92,64.6,998.3,7.52,9,261,0.70711,-0.70711,-0.97534,-0.22072,-12.58,-9.53,-13.94
2026-09-18T10:00:00Z,BRT,-12.58,74.6,998.1,10.19,10,261,0.5,-0.86603,-0.97534,-0.22072,-13.26,-9.92,-14.19
2026-09-18T11:00:00Z,BRT,-13.26,72.5,999.0,7.4,11,261,0.25882,-0.96593,-0.97534,-0.22072,-12.24,-11.0,-13.9
2026-09-18T12:00:00Z,BRT,-12.24,69.4,998.1,10.45,12,261,0.0,-1.0,-0.97534,-0.22072,-10.73,-10.3,-12.58
2026-09-18T13:00:00Z,BRT,-10.73,70.3,996.8,14.54,13,261,-0.25882,-0.96593,-0.97534,-0.22072,-9.58,-10.98,-12.77
2026-09-18T14:00:00Z,BRT,-9.58,74.8,997.9,8.34,14,261,-0.5,-0.86603,-0.97534,-0.22072,-9.53,-10.41,-13.69
2026-09-18T15:00:00Z,BRT,-9.53,63.8,999.4,11.08,15,261,-0.70711,-0.70711,-0.97534,-0.22072,-9.92,-11.99,-13.24
2026-09-18T16:00:00Z,BRT,-9.92,64.1,999.9,10.94,16,261,-0.86603,-0.5,-0.97534,-0.22072,-11.0,-12.52,-13.22
2026-09-18T17:00:00Z,BRT,-11.0,72.5,997.9,9.9,17,261,-0.96593,-0.25882,-0.97534,-0.22072,-10.3,-12.74,-13.0
2026-09-18T18:00:00Z,BRT,-10.3,76.6,996.3,12.89,18,261,-1.0,-0.0,-0.97534,-0.22072,-10.98,-13.46,-13.03
2026-09-18T19:00:00Z,BRT,-10.98,65.3,1000.4,11.58,19,261,-0.96593,0.25882,-0.97534,-0.22072,-10.41,-12.14,-14.14
2026-09-18T20:00:00Z,BRT,-10.41,69.0,1001.2,14.78,20,261,-0.86603,0.5,-0.97534,-0.22072,-11.99,-12.3,-14.61
2026-09-18T21:00:00Z,BRT,-11.99,72.2,997.7,15.28,21,261,-0.70711,0.70711,-0.97534,-0.22072,-12.52,-12.68,-14.2
2026-09-18T22:00:00Z,BRT,-12.52,77.1,994.6,12.15,22,261,-0.5,0.86603,-0.97534,-0.22072,-12.74,-12.8,-13.84
2026-09-18T23:00:00Z,BRT,-12.74,63.8,996.6,15.3,23,261,-0.25882,0.96593,-0.97534,-0.22072,-13.46,-12.76,-15.32
2026-09-19T00:00:00Z,BRT,-13.46,68.0,994.5,11.32,0,262,0.0,1.0,-0.97899,-0.20391,-12.14,-12.46,-15.66
2026-09-19T01:00:00Z,BRT,-12.14,70.7,995.3,8.79,1,262,0.25882,0.96593,-0.97899,-0.20391,-12.3,-12.57,-15.15
2026-09-19T02:00:00Z,BRT,-12.3,82.0,994.0,12.8,2,262,0.5,0.86603,-0.97899,-0.20391,-12.68,-12.5,-14.38
2026-09-19T03:00:00Z,BRT,-12.68,79.4,992.4,13.14,3,262,0.70711,0.70711,-0.97899,-0.20391,-12.8,-13.94,-14.59
2026-09-19T04:00:00Z,BRT,-12.8,61.6,996.2,8.63,4,262,0.86603,0.5,-0.97899,-0.20391,-12.76,-14.19,-14.9
2026-09-19T05:00:00Z,BRT,-12.76,72.2,997.6,9.95,5,262,0.96593,0.25882,-0.97899,-0.20391,-12.46,-13.9,-14.82
2026-09-19T06:00:00Z,BRT,-12.46,70.5,998.9,10.61,6,262,1.0,0.0,-0.97899,-0.20391,-12.57,-12.58,-15.26
2026-09-19T07:00:00Z,BRT,-12.57,78.6,997.6,10.18,7,262,0.96593,-0.25882,-0.97899,-0.20391,-12.5,-12.77,-14.94
2026-09-19T08:00:00Z,BRT,-12.5,69.0,997.7,9.03,8,262,0.86603,-0.5,-0.97899,-0.20391,-13.94,-13.69,-15.27
2026-09-19T09:00:00Z,BRT,-13.94,79.6,997.3,11.77,9,262,0.70711,-0.70711,-0.97899,-0.20391,-14.19,-13.24,-14.67
2026-09-19T10:00:00Z,BRT,-14.19,64.2,998.6,10.81,10,262,0.5,-0.86603,-0.97899,-0.20391,-13.9,-13.22,-15.58
2026-09-19T11:00:00Z,BRT,-13.9,65.5,998.6,8.55,11,262,0.25882,-0.96593,-0.97899,-0.20391,-12.58,-13.0,-16.56
2026-09-19T12:00:00Z,BRT,-12.58,70.3,998.2,12.33,12,262,0.0,-1.0,-0.97899,-0.20391,-12.77,-13.03,-16.56
2026-09-19T13:00:00Z,BRT,-12.77,73.8,999.2,11.21,13,262,-0.25882,-0.96593,-0.97899,-0.20391,-13.69,-14.14,-16.69
2026-09-19T14:00:00Z,BRT,-13.69,75.1,1000.6,10.02,14,262,-0.5,-0.86603,-0.97899,-0.20391,-13.24,-14.61,-16.65
2026-09-19T15:00:00Z,BRT,-13.24,68.4,1002.5,11.5,15,262,-0.70711,-0.70711,-0.97899,-0.20391,-13.22,-14.2,-16.15
2026-09-19T16:00:00Z,BRT,-13.22,68.4,1003.7,10.82,16,262,-0.86603,-0.5,-0.97899,-0.20391,-13.0,-13.84,-16.47
2026-09-19T17:00:00Z,BRT,-13.0,75.1,1004.6,12.6,17,262,-0.96593,-0.25882,-0.97899,-0.20391,-13.03,-15.32,-15.95
2026-09-19T18:00:00Z,BRT,-13.03,71.8,1005.8,10.95,18,262,-1.0,-0.0,-0.97899,-0.20391,-14.14,-15.66,-15.84
2026-09-19T19:00:00Z,BRT,-14.14,67.3,1004.0,11.11,19,262,-0.96593,0.25882,-0.97899,-0.20391,-14.61,-15.15,-14.99
2026-09-19T20:00:00Z,BRT,-14.61,69.3,1003.2,13.59,20,262,-0.86603,0.5,-0.97899,-0.20391,-14.2,-14.38,-14.91
2026-09-19T21:00:00Z,BRT,-14.2,61.4,1005.3,9.85,21,262,-0.70711,0.70711,-0.97899,-0.20391,-13.84,-14.59,-15.06
2026-09-19T22:00:00Z,BRT,-13.84,68.9,1006.0,9.25,22,262,-0.5,0.86603,-0.97899,-0.20391,-15.32,-14.9,-13.57
2026-09-19T23:00:00Z,BRT,-15.32,64.7,1010.0,7.4,23,262,-0.25882,0.96593,-0.97899,-0.20391,-15.66,-14.82,-13.43
2026-09-20T00:00:00Z,BRT,-15.66,55.8,1011.8,5.22,0,263,0.0,1.0,-0.98235,-0.18704,-15.15,-15.26,-11.97
2026-09-20T01:00:00Z,BRT,-15.15,54.4,1011.8,5.83,1,263,0.25882,0.96593,-0.98235,-0.18704,-14.38,-14.94,-12.7
2026-09-20T02:00:00Z,BRT,-14.38,65.0,1010.4,10.03,2,263,0.5,0.86603,-0.98235,-0.18704,-14.59,-15.27,-11.59
2026-09-20T03:00:00Z,BRT,-14.59,57.7,1009.9,5.8,3,263,0.70711,0.70711,-0.98235,-0.18704,-14.9,-14.67,-11.49
2026-09-20T04:00:00Z,BRT,-14.9,64.4,1006.2,6.7,4,263,0.86603,0.5,-0.98235,-0.18704,-14.82,-15.58,-10.89
2026-09-20T05:00:00Z,BRT,-14.82,60.5,1005.6,7.33,5,263,0.96593,0.25882,-0.98235,-0.18704,-15.26,-16.56,-11.12
2026-09-20T06:00:00Z,BRT,-15.26,65.6,1006.4,8.25,6,263,1.0,0.0,-0.98235,-0.18704,-14.94,-16.56,-11.84
2026-09-20T07:00:00Z,BRT,-14.94,64.7,1005.3,4.4,7,263,0.96593,-0.25882,-0.98235,-0.18704,-15.27,-16.69,-13.69
2026-09-20T08:00:00Z,BRT,-15.27,61.8,1005.2,10.17,8,263,0.86603,-0.5,-0.98235,-0.18704,-14.67,-16.65,-13.44
2026-09-20T09:00:00Z,BRT,-14.67,60.7,1002.8,11.1,9,263,0.70711,-0.70711,-0.98235,-0.18704,-15.58,-16.15,-13.7
2026-09-20T10:00:00Z,BRT,-15.58,70.3,1001.4,5.86,10,263,0.5,-0.86603,-0.98235,-0.18704,-16.56,-16.47,-14.58
2026-09-20T11:00:00Z,BRT,-16.56,61.3,1003.1,10.56,11,263,0.25882,-0.96593,-0.98235,-0.18704,-16.56,-15.95,-15.4
2026-09-20T12:00:00Z,BRT,-16.56,68.4,1001.2,8.34,12,263,0.0,-1.0,-0.98235,-0.18704,-16.69,-15.84,-16.11
2026-09-20T13:00:00Z,BRT,-16.69,69.9,1001.0,11.06,13,263,-0.25882,-0.96593,-0.98235,-0.18704,-16.65,-14.99,-16.32
2026-09-20T14:00:00Z,BRT,-16.65,73.9,1001.7,7.63,14,263,-0.5,-0.86603,-0.98235,-0.18704,-16.15,-14.91,-16.47
2026-09-20T15:00:00Z,BRT,-16.15,68.2,1002.3,10.42,15,263,-0.70711,-0.70711,-0.98235,-0.18704,-16.47,-15.06,-16.62
2026-09-20T16:00:00Z,BRT,-16.47,62.3,1000.8,13.46,16,263,-0.86603,-0.5,-0.98235,-0.18704,-15.95,-13.57,-16.92
2026-09-20T17:00:00Z,BRT,-15.95,66.2,999.4,13.96,17,263,-0.96593,-0.25882,-0.98235,-0.18704,-15.84,-13.43,-17.33
2026-09-20T18:00:00Z,BRT,-15.84,70.9,999.7,10.86,18,263,-1.0,-0.0,-0.98235,-0.18704,-14.99,-11.97,-16.21
2026-09-20T19:00:00Z,BRT,-14.99,61.7,1002.3,8.86,19,263,-0.96593,0.25882,-0.98235,-0.18704,-14.91,-12.7,-15.7
2026-09-20T20:00:00Z,BRT,-14.91,67.1,1002.2,13.26,20,263,-0.86603,0.5,-0.98235,-0.18704,-15.06,-11.59,-15.76
2026-09-20T21:00:00Z,BRT,-15.06,56.3,1001.3,12.36,21,263,-0.70711,0.70711,-0.98235,-0.18704,-13.57,-11.49,-17.23
2026-09-20T22:00:00Z,BRT,-13.57,60.3,997.9,7.27,22,263,-0.5,0.86603,-0.98235,-0.18704,-13.43,-10.89,-17.06
2026-09-20T23:00:00Z,BRT,-13.43,71.0,995.4,13.98,23,263,-0.25882,0.96593,-0.98235,-0.18704,-11.97,-11.12,-16.48
2026-09-21T00:00:00Z,BRT,-11.97,70.0,996.5,10.18,0,264,0.0,1.0,-0.98542,-0.17012,-12.7,-11.84,-16.23
2026-09-21T01:00:00Z,BRT,-12.7,69.7,994.3,12.9,1,264,0.25882,0.96593,-0.98542,-0.17012,-11.59,-13.69,-15.92
2026-09-21T02:00:00Z,BRT,-11.59,70.7,992.8,13.42,2,264,0.5,0.86603,-0.98542,-0.17012,-11.49,-13.44,-10.9
2026-09-21T03:00:00Z,BRT,-11.49,85.7,990.6,12.8,3,264,0.70711,0.70711,-0.98542,-0.17012,-10.89,-13.7,-10.71
2026-09-21T04:00:00Z,BRT,-10.89,77.6,990.9,7.76,4,264,0.86603,0.5,-0.98542,-0.17012,-11.12,-14.58,-15.41
2026-09-21T05:00:00Z,BRT,-11.12,79.5,989.2,11.59,5,264,0.96593,0.25882,-0.98542,-0.17012,-11.84,-15.4,-9.56
2026-09-21T06:00:00Z,BRT,-11.84,75.3,989.7,7.27,6,264,1.0,0.0,-0.98542,-0.17012,-13.69,-16.11,-9.03
2026-09-21T07:00:00Z,BRT,-13.69,67.7,990.2,9.99,7,264,0.96593,-0.25882,-0.98542,-0.17012,-13.44,-16.32,-15.13
2026-09-21T08:00:00Z,BRT,-13.44,74.8,988.0,13.16,8,264,0.86603,-0.5,-0.98542,-0.17012,-13.7,-16.47,-15.41
2026-09-21T09:00:00Z,BRT,-13.7,82.6,989.6,11.93,9,264,0.70711,-0.70711,-0.98542,-0.17012,-14.58,-16.62,-15.1
2026-09-21T10:00:00Z,BRT,-14.58,79.2,987.5,15.98,10,264,0.5,-0.86603,-0.98542,-0.17012,-15.4,-16.92,-15.42
2026-09-21T11:00:00Z,BRT,-15.4,85.6,987.9,11.19,11,264,0.25882,-0.96593,-0.98542,-0.17012,-16.11,-17.33,-15.13
2026-09-21T12:00:00Z,BRT,-16.11,72.1,986.2,11.0,12,264,0.0,-1.0,-0.98542,-0.17012,-16.32,-16.21,-16.07
2026-09-21T13:00:00Z,BRT,-16.32,85.3,987.1,11.88,13,264,-0.25882,-0.96593,-0.98542,-0.17012,-16.47,-15.7,-17.7
2026-09-21T14:00:00Z,BRT,-16.47,77.4,986.4,12.9,14,264,-0.5,-0.86603,-0.98542,-0.17012,-16.62,-15.76,-15.71
2026-09-21T15:00:00Z,BRT,-16.62,89.2,983.9,12.78,15,264,-0.70711,-0.70711,-0.98542,-0.17012,-16.92,-17.23,-15.72
2026-09-21T16:00:00Z,BRT,-16.92,83.3,984.6,17.7,16,264,-0.86603,-0.5,-0.98542,-0.17012,-17.33,-17.06,-15.37
2026-09-21T17:00:00Z,BRT,-17.33,76.2,985.8,15.06,17,264,-0.96593,-0.25882,-0.98542,-0.17012,-16.21,-16.48,-15.54
2026-09-21T18:00:00Z,BRT,-16.21,83.2,982.3,14.56,18,264,-1.0,-0.0,-0.98542,-0.17012,-15.7,-16.23,-15.95
2026-09-21T19:00:00Z,BRT,-15.7,86.8,981.8,17.96,19,264,-0.96593,0.25882,-0.98542,-0.17012,-15.76,-15.92,-16.2
2026-09-21T20:00:00Z,BRT,-15.76,93.6,982.7,19.64,20,264,-0.86603,0.5,-0.98542,-0.17012,-17.23,-10.9,-16.02
2026-09-21T21:00:00Z,BRT,-17.23,95.6,980.5,16.27,21,264,-0.70711,0.70711,-0.98542,-0.17012,-17.06,-10.71,-16.25
2026-09-21T22:00:00Z,BRT,-17.06,86.8,980.4,17.15,22,264,-0.5,0.86603,-0.98542,-0.17012,-16.48,-15.41,-15.66
2026-09-21T23:00:00Z,BRT,-16.48,85.2,979.1,17.48,23,264,-0.25882,0.96593,-0.98542,-0.17012,-16.23,-9.56,-15.38
2026-09-22T00:00:00Z,BRT,-16.23,87.4,981.4,11.84,0,265,0.0,1.0,-0.9882,-0.15314,-15.92,-9.03,-15.24
2026-09-22T01:00:00Z,BRT,-15.92,87.4,980.1,14.5,1,265,0.25882,0.96593,-0.9882,-0.15314,-10.9,-15.13,-14.72
2026-09-22T02:00:00Z,BRT,-10.9,86.4,976.4,14.22,2,265,0.5,0.86603,-0.9882,-0.15314,-10.71,-15.41,-14.34
2026-09-22T03:00:00Z,BRT,-10.71,83.1,976.4,14.48,3,265,0.70711,0.70711,-0.9882,-0.15314,-15.41,-15.1,-14.16
2026-09-22T04:00:00Z,BRT,-15.41,89.1,978.3,13.12,4,265,0.86603,0.5,-0.9882,-0.15314,-9.56,-15.42,-13.37
2026-09-22T05:00:00Z,BRT,-9.56,91.3,977.2,17.96,5,265,0.96593,0.25882,-0.9882,-0.15314,-9.03,-15.13,-13.72
2026-09-22T06:00:00Z,BRT,-9.03,92.7,977.4,17.1,6,265,1.0,0.0,-0.9882,-0.15314,-15.13,-16.07,-14.1
2026-09-22T07:00:00Z,BRT,-15.13,94.3,982.0,13.85,7,265,0.96593,-0.25882,-0.9882,-0.15314,-15.41,-17.7,-13.75
2026-09-22T08:00:00Z,BRT,-15.41,86.3,981.9,12.65,8,265,0.86603,-0.5,-0.9882,-0.15314,-15.1,-15.71,-13.97
2026-09-22T09:00:00Z,BRT,-15.1,72.6,983.4,13.64,9,265,0.70711,-0.70711,-0.9882,-0.15314,-15.42,-15.72,-12.8
2026-09-22T10:00:00Z,BRT,-15.42,82.1,985.6,14.98,10,265,0.5,-0.86603,-0.9882,-0.15314,-15.13,-15.37,-12.93
2026-09-22T11:00:00Z,BRT,-15.13,80.7,987.4,18.16,11,265,0.25882,-0.96593,-0.9882,-0.15314,-16.07,-15.54,-12.12
2026-09-22T12:00:00Z,BRT,-16.07,78.7,989.1,13.18,12,265,0.0,-1.0,-0.9882,-0.15314,-17.7,-15.95,-12.37
2026-09-22T13:00:00Z,BRT,-17.7,78.1,991.6,12.56,13,265,-0.25882,-0.96593,-0.9882,-0.15314,-15.71,-16.2,-12.9
2026-09-22T14:00:00Z,BRT,-15.71,81.8,993.0,13.83,14,265,-0.5,-0.86603,-0.9882,-0.15314,-15.72,-16.02,-11.41
2026-09-22T15:00:00Z,BRT,-15.72,84.8,992.7,11.8,15,265,-0.70711,-0.70711,-0.9882,-0.15314,-15.37,-16.25,-11.59
2026-09-22T16:00:00Z,BRT,-15.37,79.9,994.7,14.72,16,265,-0.86603,-0.5,-0.9882,-0.15314,-15.54,-15.66,-12.04
2026-09-22T17:00:00Z,BRT,-15.54,76.3,994.2,15.2,17,265,-0.96593,-0.25882,-0.9882,-0.15314,-15.95,-15.38,-10.78
2026-09-22T18:00:00Z,BRT,-15.95,63.4,998.1,15.06,18,265,-1.0,-0.0,-0.9882,-0.15314,-16.2,-15.24,-9.92
2026-09-22T19:00:00Z,BRT,-16.2,64.7,997.4,14.82,19,265,-0.96593,0.25882,-0.9882,-0.15314,-16.02,-14.72,-9.63
2026-09-22T20:00:00Z,BRT,-16.02,82.5,997.0,18.2,20,265,-0.86603,0.5,-0.9882,-0.15314,-16.25,-14.34,-9.68
2026-09-22T21:00:00Z,BRT,-16.25,77.8,994.2,15.15,21,265,-0.70711,0.70711,-0.9882,-0.15314,-15.66,-14.16,-10.37
2026-09-22T22:00:00Z,BRT,-15.66,70.4,995.3,12.54,22,265,-0.5,0.86603,-0.9882,-0.15314,-15.38,-13.37,-10.5
2026-09-22T23:00:00Z,BRT,-15.38,73.6,999.4,7.95,23,265,-0.25882,0.96593,-0.9882,-0.15314,-15.24,-13.72,-10.89
2026-09-23T00:00:00Z,BRT,-15.24,71.2,1001.9,11.06,0,266,0.0,1.0,-0.99069,-0.13612,-14.72,-14.1,-10.07
2026-09-23T01:00:00Z,BRT,-14.72,66.4,1001.1,9.3,1,266,0.25882,0.96593,-0.99069,-0.13612,-14.34,-13.75,-10.55
2026-09-23T02:00:00Z,BRT,-14.34,70.0,1002.2,9.73,2,266,0.5,0.86603,-0.99069,-0.13612,-14.16,-13.97,-9.55
2026-09-23T03:00:00Z,BRT,-14.16,70.3,1003.1,6.83,3,266,0.70711,0.70711,-0.99069,-0.13612,-13.37,-12.8,-9.94
2026-09-23T04:00:00Z,BRT,-13.37,72.9,1004.2,6.88,4,266,0.86603,0.5,-0.99069,-0.13612,-13.72,-12.93,-9.66
2026-09-23T05:00:00Z,BRT,-13.72,63.5,1005.3,3.7,5,266,0.96593,0.25882,-0.99069,-0.13612,-14.1,-12.12,-10.19
2026-09-23T06:00:00Z,BRT,-14.1,58.5,1006.6,9.89,6,266,1.0,0.0,-0.99069,-0.13612,-13.75,-12.37,-10.02
2026-09-23T07:00:00Z,BRT,-13.75,62.7,1008.2,6.04,7,266,0.96593,-0.25882,-0.99069,-0.13612,-13.97,-12.9,-10.13
2026-09-23T08:00:00Z,BRT,-13.97,54.0,1009.8,8.41,8,266,0.86603,-0.5,-0.99069,-0.13612,-12.8,-11.41,-11.2
2026-09-23T09:00:00Z,BRT,-12.8,64.6,1007.3,6.38,9,266,0.70711,-0.70711,-0.99069,-0.13612,-12.93,-11.59,-13.04
2026-09-23T10:00:00Z,BRT,-12.93,67.3,1004.5,9.15,10,266,0.5,-0.86603,-0.99069,-0.13612,-12.12,-12.04,-13.7
2026-09-23T11:00:00Z,BRT,-12.12,64.1,1000.9,6.78,11,266,0.25882,-0.96593,-0.99069,-0.13612,-12.37,-10.78,-14.92
2026-09-23T12:00:00Z,BRT,-12.37,83.5,998.2,13.05,12,266,0.0,-1.0,-0.99069,-0.13612,-12.9,-9.92,-15.04
2026-09-23T13:00:00Z,BRT,-12.9,67.4,999.5,9.3,13,266,-0.25882,-0.96593,-0.99069,-0.13612,-11.41,-9.63,-14.08
2026-09-23T14:00:00Z,BRT,-11.41,63.4,1000.2,11.16,14,266,-0.5,-0.86603,-0.99069,-0.13612,-11.59,-9.68,-12.72
2026-09-23T15:00:00Z,BRT,-11.59,73.3,1000.5,9.81,15,266,-0.70711,-0.70711,-0.99069,-0.13612,-12.04,-10.37,-12.48
2026-09-23T16:00:00Z,BRT,-12.04,67.3,998.3,12.31,16,266,-0.86603,-0.5,-0.99069,-0.13612,-10.78,-10.5,-12.51
2026-09-23T17:00:00Z,BRT,-10.78,70.9,995.2,13.38,17,266,-0.96593,-0.25882,-0.99069,-0.13612,-9.92,-10.89,-13.25
2026-09-23T18:00:00Z,BRT,-9.92,75.7,993.3,15.21,18,266,-1.0,-0.0,-0.99069,-0.13612,-9.63,-10.07,-13.74
2026-09-23T19:00:00Z,BRT,-9.63,82.0,992.7,14.03,19,266,-0.96593,0.25882,-0.99069,-0.13612,-9.68,-10.55,-12.89
2026-09-23T20:00:00Z,BRT,-9.68,79.2,994.3,14.45,20,266,-0.86603,0.5,-0.99069,-0.13612,-10.37,-9.55,-12.79
2026-09-23T21:00:00Z,BRT,-10.37,66.4,999.0,11.94,21,266,-0.70711,0.70711,-0.99069,-0.13612,-10.5,-9.94,-14.05
2026-09-23T22:00:00Z,BRT,-10.5,71.9,1000.5,10.15,22,266,-0.5,0.86603,-0.99069,-0.13612,-10.89,-9.66,-13.16
2026-09-23T23:00:00Z,BRT,-10.89,78.4,999.8,10.01,23,266,-0.25882,0.96593,-0.99069,-0.13612,-10.07,-10.19,-13.91
2026-09-24T00:00:00Z,BRT,-10.07,73.4,998.8,6.28,0,267,0.0,1.0,-0.99289,-0.11906,-10.55,-10.02,-14.41
2026-09-24T01:00:00Z,BRT,-10.55,80.4,996.0,12.94,1,267,0.25882,0.96593,-0.99289,-0.11906,-9.55,-10.13,-14.16
2026-09-24T02:00:00Z,BRT,-9.55,71.2,993.6,9.44,2,267,0.5,0.86603,-0.99289,-0.11906,-9.94,-11.2,-13.22
2026-09-24T03:00:00Z,BRT,-9.94,73.4,995.3,10.49,3,267,0.70711,0.70711,-0.99289,-0.11906,-9.66,-13.04,-12.14
2026-09-24T04:00:00Z,BRT,-9.66,87.3,995.9,13.86,4,267,0.86603,0.5,-0.99289,-0.11906,-10.19,-13.7,-11.93
2026-09-24T05:00:00Z,BRT,-10.19,71.2,997.8,10.8,5,267,0.96593,0.25882,-0.99289,-0.11906,-10.02,-14.92,-12.01
2026-09-24T06:00:00Z,BRT,-10.02,64.6,998.2,8.8,6,267,1.0,0.0,-0.99289,-0.11906,-10.13,-15.04,-12.16
2026-09-24T07:00:00Z,BRT,-10.13,77.0,998.6,11.52,7,267,0.96593,-0.25882,-0.99289,-0.11906,-11.2,-14.08,-12.46
2026-09-24T08:00:00Z,BRT,-11.2,63.3,999.3,9.86,8,267,0.86603,-0.5,-0.99289,-0.11906,-13.04,-12.72,-13.23
2026-09-24T09:00:00Z,BRT,-13.04,71.9,1001.2,4.39,9,267,0.70711,-0.70711,-0.99289,-0.11906,-13.7,-12.48,-12.82
2026-09-24T10:00:00Z,BRT,-13.7,67.5,999.9,10.55,10,267,0.5,-0.86603,-0.99289,-0.11906,-14.92,-12.51,-12.3
2026-09-24T11:00:00Z,BRT,-14.92,68.3,1001.2,9.8,11,267,0.25882,-0.96593,-0.99289,-0.11906,-15.04,-13.25,-12.62
2026-09-24T12:00:00Z,BRT,-15.04,67.4,1002.6,4.08,12,267,0.0,-1.0,-0.99289,-0.11906,-14.08,-13.74,-12.34
2026-09-24T13:00:00Z,BRT,-14.08,63.7,1004.6,8.1,13,267,-0.25882,-0.96593,-0.99289,-0.11906,-12.72,-12.89,-12.59
2026-09-24T14:00:00Z,BRT,-12.72,65.8,1004.9,10.79,14,267,-0.5,-0.86603,-0.99289,-0.11906,-12.48,-12.79,-12.99
2026-09-24T15:00:00Z,BRT,-12.48,66.1,1005.7,8.89,15,267,-0.70711,-0.70711,-0.99289,-0.11906,-12.51,-14.05,-13.02
2026-09-24T16:00:00Z,BRT,-12.51,64.2,1004.7,10.34,16,267,-0.86603,-0.5,-0.99289,-0.11906,-13.25,-13.16,-14.44
2026-09-24T17:00:00Z,BRT,-13.25,55.7,1004.9,10.23,17,267,-0.96593,-0.25882,-0.99289,-0.11906,-13.74,-13.91,-15.19
2026-09-24T18:00:00Z,BRT,-13.74,70.4,1003.2,12.39,18,267,-1.0,-0.0,-0.99289,-0.11906,-12.89,-14.41,-15.52
2026-09-24T19:00:00Z,BRT,-12.89,72.0,1000.8,15.2,19,267,-0.96593,0.25882,-0.99289,-0.11906,-12.79,-14.16,-14.42
2026-09-24T20:00:00Z,BRT,-12.79,70.2,1002.6,11.06,20,267,-0.86603,0.5,-0.99289,-0.11906,-14.05,-13.22,-14.07
2026-09-24T21:00:00Z,BRT,-14.05,72.3,1003.7,13.19,21,267,-0.70711,0.70711,-0.99289,-0.11906,-13.16,-12.14,-14.11
2026-09-24T22:00:00Z,BRT,-13.16,70.5,1005.0,12.26,22,267,-0.5,0.86603,-0.99289,-0.11906,-13.91,-11.93,-13.35
2026-09-24T23:00:00Z,BRT,-13.91,63.5,1008.6,9.33,23,267,-0.25882,0.96593,-0.99289,-0.11906,-14.41,-12.01,-13.48
2026-09-25T00:00:00Z,BRT,-14.41,76.1,1006.3,9.73,0,268,0.0,1.0,-0.99479,-0.10196,-14.16,-12.16,-14.74
2026-09-25T01:00:00Z,BRT,-14.16,64.9,1005.0,6.35,1,268,0.25882,0.96593,-0.99479,-0.10196,-13.22,-12.46,-14.07
2026-09-25T02:00:00Z,BRT,-13.22,74.2,1003.9,6.82,2,268,0.5,0.86603,-0.99479,-0.10196,-12.14,-13.23,-14.09
2026-09-25T03:00:00Z,BRT,-12.14,69.4,1001.7,11.63,3,268,0.70711,0.70711,-0.99479,-0.10196,-11.93,-12.82,-14.89
2026-09-25T04:00:00Z,BRT,-11.93,77.0,1001.2,10.75,4,268,0.86603,0.5,-0.99479,-0.10196,-12.01,-12.3,-15.51
2026-09-25T05:00:00Z,BRT,-12.01,70.2,999.9,9.51,5,268,0.96593,0.25882,-0.99479,-0.10196,-12.16,-12.62,-14.48
2026-09-25T06:00:00Z,BRT,-12.16,68.2,1001.0,12.94,6,268,1.0,0.0,-0.99479,-0.10196,-12.46,-12.34,-13.43
2026-09-25T07:00:00Z,BRT,-12.46,60.3,1002.4,9.51,7,268,0.96593,-0.25882,-0.99479,-0.10196,-13.23,-12.59,-12.12
2026-09-25T08:00:00Z,BRT,-13.23,62.5,1002.7,10.92,8,268,0.86603,-0.5,-0.99479,-0.10196,-12.82,-12.99,-12.93
2026-09-25T09:00:00Z,BRT,-12.82,65.0,1001.4,9.62,9,268,0.70711,-0.70711,-0.99479,-0.10196,-12.3,-13.02,-14.34
2026-09-25T10:00:00Z,BRT,-12.3,72.0,1002.1,9.12,10,268,0.5,-0.86603,-0.99479,-0.10196,-12.62,-14.44,-14.18
2026-09-25T11:00:00Z,BRT,-12.62,70.1,1003.0,8.33,11,268,0.25882,-0.96593,-0.99479,-0.10196,-12.34,-15.19,-14.24
2026-09-25T12:00:00Z,BRT,-12.34,72.7,1002.6,8.96,12,268,0.0,-1.0,-0.99479,-0.10196,-12.59,-15.52,-14.94
2026-09-25T13:00:00Z,BRT,-12.59,59.5,1001.9,10.36,13,268,-0.25882,-0.96593,-0.99479,-0.10196,-12.99,-14.42,-15.18
2026-09-25T14:00:00Z,BRT,-12.99,75.9,1001.5,9.98,14,268,-0.5,-0.86603,-0.99479,-0.10196,-13.02,-14.07,-14.96
2026-09-25T15:00:00Z,BRT,-13.02,65.8,1004.6,10.84,15,268,-0.70711,-0.70711,-0.99479,-0.10196,-14.44,-14.11,-14.5
2026-09-25T16:00:00Z,BRT,-14.44,66.6,1006.3,9.44,16,268,-0.86603,-0.5,-0.99479,-0.10196,-15.19,-13.35,-13.13
2026-09-25T17:00:00Z,BRT,-15.19,66.7,1007.2,12.53,17,268,-0.96593,-0.25882,-0.99479,-0.10196,-15.52,-13.48,-11.4
2026-09-25T18:00:00Z,BRT,-15.52,64.1,1008.5,11.14,18,268,-1.0,-0.0,-0.99479,-0.10196,-14.42,-14.74,-12.08
2026-09-25T19:00:00Z,BRT,-14.42,61.7,1009.3,10.52,19,268,-0.96593,0.25882,-0.99479,-0.10196,-14.07,-14.07,-11.5
2026-09-25T20:00:00Z,BRT,-14.07,57.0,1010.8,9.67,20,268,-0.86603,0.5,-0.99479,-0.10196,-14.11,-14.09,-5.72
2026-09-25T21:00:00Z,BRT,-14.11,59.1,1011.5,7.58,21,268,-0.70711,0.70711,-0.99479,-0.10196,-13.35,-14.89,-5.27
2026-09-25T22:00:00Z,BRT,-13.35,58.4,1010.0,10.42,22,268,-0.5,0.86603,-0.99479,-0.10196,-13.48,-15.51,-5.76
2026-09-25T23:00:00Z,BRT,-13.48,61.1,1008.5,7.28,23,268,-0.25882,0.96593,-0.99479,-0.10196,-14.74,-14.48,-6.33
2026-09-26T00:00:00Z,BRT,-14.74,59.2,1008.7,7.34,0,269,0.0,1.0,-0.9964,-0.08483,-14.07,-13.43,-6.28
2026-09-26T01:00:00Z,BRT,-14.07,62.2,1007.9,5.48,1,269,0.25882,0.96593,-0.9964,-0.08483,-14.09,-12.12,-5.7
2026-09-26T02:00:00Z,BRT,-14.09,57.8,1006.0,5.35,2,269,0.5,0.86603,-0.9964,-0.08483,-14.89,-12.93,-6.12
2026-09-26T03:00:00Z,BRT,-14.89,63.6,1005.1,10.77,3,269,0.70711,0.70711,-0.9964,-0.08483,-15.51,-14.34,-4.84
2026-09-26T04:00:00Z,BRT,-15.51,70.7,1002.9,7.44,4,269,0.86603,0.5,-0.9964,-0.08483,-14.48,-14.18,-5.73
2026-09-26T05:00:00Z,BRT,-14.48,69.2,1002.7,8.72,5,269,0.96593,0.25882,-0.9964,-0.08483,-13.43,-14.24,-3.87
2026-09-26T06:00:00Z,BRT,-13.43,55.4,1001.3,8.56,6,269,1.0,0.0,-0.9964,-0.08483,-12.12,-14.94,-2.5
2026-09-26T07:00:00Z,BRT,-12.12,71.2,1001.9,9.63,7,269,0.96593,-0.25882,-0.9964,-0.08483,-12.93,-15.18,-1.15
2026-09-26T08:00:00Z,BRT,-12.93,63.3,1000.1,13.56,8,269,0.86603,-0.5,-0.9964,-0.08483,-14.34,-14.96,-1.98
2026-09-26T09:00:00Z,BRT,-14.34,70.9,999.5,9.04,9,269,0.70711,-0.70711,-0.9964,-0.08483,-14.18,-14.5,-1.1
2026-09-26T10:00:00Z,BRT,-14.18,73.0,996.6,10.49,10,269,0.5,-0.86603,-0.9964,-0.08483,-14.24,-13.13,-3.08
2026-09-26T11:00:00Z,BRT,-14.24,73.4,992.4,10.98,11,269,0.25882,-0.96593,-0.9964,-0.08483,-14.94,-11.4,-3.09
2026-09-26T12:00:00Z,BRT,-14.94,75.8,990.7,11.71,12,269,0.0,-1.0,-0.9964,-0.08483,-15.18,-12.08,-2.49
2026-09-26T13:00:00Z,BRT,-15.18,77.1,988.9,11.06,13,269,-0.25882,-0.96593,-0.9964,-0.08483,-14.96,-11.5,-4.06
2026-09-26T14:00:00Z,BRT,-14.96,84.3,987.9,13.96,14,269,-0.5,-0.86603,-0.9964,-0.08483,-14.5,-5.72,-6.16
2026-09-26T15:00:00Z,BRT,-14.5,81.9,982.5,13.82,15,269,-0.70711,-0.70711,-0.9964,-0.08483,-13.13,-5.27,-6.49
2026-09-26T16:00:00Z,BRT,-13.13,88.5,982.0,13.87,16,269,-0.86603,-0.5,-0.9964,-0.08483,-11.4,-5.76,-7.11
2026-09-26T17:00:00Z,BRT,-11.4,77.9,981.9,19.21,17,269,-0.96593,-0.25882,-0.9964,-0.08483,-12.08,-6.33,-7.69
2026-09-26T18:00:00Z,BRT,-12.08,95.3,980.9,17.12,18,269,-1.0,-0.0,-0.9964,-0.08483,-11.5,-6.28,-7.19
2026-09-26T19:00:00Z,BRT,-11.5,89.0,979.4,18.35,19,269,-0.96593,0.25882,-0.9964,-0.08483,-5.72,-5.7,-10.95
2026-09-26T20:00:00Z,BRT,-5.72,88.0,975.7,18.06,20,269,-0.86603,0.5,-0.9964,-0.08483,-5.27,-6.12,-6.46
2026-09-26T21:00:00Z,BRT,-5.27,81.3,975.5,20.28,21,269,-0.70711,0.70711,-0.9964,-0.08483,-5.76,-4.84,-9.97
2026-09-26T22:00:00Z,BRT,-5.76,97.2,976.1,14.12,22,269,-0.5,0.86603,-0.9964,-0.08483,-6.33,-5.73,-11.08
2026-09-26T23:00:00Z,BRT,-6.33,95.6,977.2,17.13,23,269,-0.25882,0.96593,-0.9964,-0.08483,-6.28,-3.87,-10.55
2026-09-27T00:00:00Z,BRT,-6.28,90.6,976.7,14.7,0,270,0.0,1.0,-0.99771,-0.06768,-5.7,-2.5,-11.03
2026-09-27T01:00:00Z,BRT,-5.7,80.8,978.0,12.82,1,270,0.25882,0.96593,-0.99771,-0.06768,-6.12,-1.15,-10.08
2026-09-27T02:00:00Z,BRT,-6.12,84.3,976.5,14.24,2,270,0.5,0.86603,-0.99771,-0.06768,-4.84,-1.98,-9.63
2026-09-27T03:00:00Z,BRT,-4.84,94.7,973.7,17.35,3,270,0.70711,0.70711,-0.99771,-0.06768,-5.73,-1.1,-10.48
2026-09-27T04:00:00Z,BRT,-5.73,87.8,974.9,15.59,4,270,0.86603,0.5,-0.99771,-0.06768,-3.87,-3.08,-10.58
2026-09-27T05:00:00Z,BRT,-3.87,95.5,974.7,18.23,5,270,0.96593,0.25882,-0.99771,-0.06768,-2.5,-3.09,-10.28
2026-09-27T06:00:00Z,BRT,-2.5,90.4,973.3,18.79,6,270,1.0,0.0,-0.99771,-0.06768,-1.15,-2.49,-10.42
2026-09-27T07:00:00Z,BRT,-1.15,92.0,970.5,17.6,7,270,0.96593,-0.25882,-0.99771,-0.06768,-1.98,-4.06,-10.16
2026-09-27T08:00:00Z,BRT,-1.98,94.2,970.8,15.88,8,270,0.86603,-0.5,-0.99771,-0.06768,-1.1,-6.16,-11.03
2026-09-27T09:00:00Z,BRT,-1.1,95.6,967.5,18.54,9,270,0.70711,-0.70711,-0.99771,-0.06768,-3.08,-6.49,-11.2
2026-09-27T10:00:00Z,BRT,-3.08,94.9,970.1,17.45,10,270,0.5,-0.86603,-0.99771,-0.06768,-3.09,-7.11,-11.72
2026-09-27T11:00:00Z,BRT,-3.09,90.0,970.7,15.99,11,270,0.25882,-0.96593,-0.99771,-0.06768,-2.49,-7.69,-13.18
2026-09-27T12:00:00Z,BRT,-2.49,99.0,967.9,22.62,12,270,0.0,-1.0,-0.99771,-0.06768,-4.06,-7.19,-14.17
2026-09-27T13:00:00Z,BRT,-4.06,95.8,967.9,20.17,13,270,-0.25882,-0.96593,-0.99771,-0.06768,-6.16,-10.95,-14.88
2026-09-27T14:00:00Z,BRT,-6.16,99.0,970.9,16.92,14,270,-0.5,-0.86603,-0.99771,-0.06768,-6.49,-6.46,-14.07
2026-09-27T15:00:00Z,BRT,-6.49,96.7,971.5,18.92,15,270,-0.70711,-0.70711,-0.99771,-0.06768,-7.11,-9.97,-14.38
2026-09-27T16:00:00Z,BRT,-7.11,90.6,975.2,21.98,16,270,-0.86603,-0.5,-0.99771,-0.06768,-7.69,-11.08,-13.2
2026-09-27T17:00:00Z,BRT,-7.69,97.3,974.8,15.88,17,270,-0.96593,-0.25882,-0.99771,-0.06768,-7.19,-10.55,-13.46
2026-09-27T18:00:00Z,BRT,-7.19,88.4,976.5,15.92,18,270,-1.0,-0.0,-0.99771,-0.06768,-10.95,-11.03,-13.43
2026-09-27T19:00:00Z,BRT,-10.95,92.3,978.6,20.55,19,270,-0.96593,0.25882,-0.99771,-0.06768,-6.46,-10.08,-12.22
2026-09-27T20:00:00Z,BRT,-6.46,82.2,977.4,17.18,20,270,-0.86603,0.5,-0.99771,-0.06768,-9.97,-9.63,-12.95
2026-09-27T21:00:00Z,BRT,-9.97,86.6,978.4,18.75,21,270,-0.70711,0.70711,-0.99771,-0.06768,-11.08,-10.48,-13.06
2026-09-27T22:00:00Z,BRT,-11.08,95.8,980.0,18.26,22,270,-0.5,0.86603,-0.99771,-0.06768,-10.55,-10.58,-12.07
2026-09-27T23:00:00Z,BRT,-10.55,88.5,979.0,19.08,23,270,-0.25882,0.96593,-0.99771,-0.06768,-11.03,-10.28,-12.08
2026-09-28T00:00:00Z,BRT,-11.03,81.9,979.8,12.37,0,271,0.0,1.0,-0.99872,-0.05051,-10.08,-10.42,-12.36
2026-09-28T01:00:00Z,BRT,-10.08,96.3,980.0,19.36,1,271,0.25882,0.96593,-0.99872,-0.05051,-9.63,-10.16,-12.28
2026-09-28T02:00:00Z,BRT,-9.63,90.6,980.8,15.45,2,271,0.5,0.86603,-0.99872,-0.05051,-10.48,-11.03,-12.21
2026-09-28T03:00:00Z,BRT,-10.48,80.6,982.4,14.29,3,271,0.70711,0.70711,-0.99872,-0.05051,-10.58,-11.2,-12.33
2026-09-28T04:00:00Z,BRT,-10.58,94.5,984.9,11.64,4,271,0.86603,0.5,-0.99872,-0.05051,-10.28,-11.72,-5.52
2026-09-28T05:00:00Z,BRT,-10.28,86.3,986.7,15.1,5,271,0.96593,0.25882,-0.99872,-0.05051,-10.42,-13.18,-5.29
2026-09-28T06:00:00Z,BRT,-10.42,80.7,987.8,10.78,6,271,1.0,0.0,-0.99872,-0.05051,-10.16,-14.17,-5.96
2026-09-28T07:00:00Z,BRT,-10.16,77.2,989.2,13.33,7,271,0.96593,-0.25882,-0.99872,-0.05051,-11.03,-14.88,-6.14
2026-09-28T08:00:00Z,BRT,-11.03,80.2,989.3,12.46,8,271,0.86603,-0.5,-0.99872,-0.05051,-11.2,-14.07,-5.57
2026-09-28T09:00:00Z,BRT,-11.2,67.2,987.3,14.72,9,271,0.70711,-0.70711,-0.99872,-0.05051,-11.72,-14.38,-6.36
2026-09-28T10:00:00Z,BRT,-11.72,77.0,989.6,12.1,10,271,0.5,-0.86603,-0.99872,-0.05051,-13.18,-13.2,-5.45
2026-09-28T11:00:00Z,BRT,-13.18,79.3,991.8,13.17,11,271,0.25882,-0.96593,-0.99872,-0.05051,-14.17,-13.46,-6.25
2026-09-28T12:00:00Z,BRT,-14.17,74.3,991.9,10.9,12,271,0.0,-1.0,-0.99872,-0.05051,-14.88,-13.43,-5.1
2026-09-28T13:00:00Z,BRT,-14.88,69.7,995.4,12.61,13,271,-0.25882,-0.96593,-0.99872,-0.05051,-14.07,-12.22,-7.34
2026-09-28T14:00:00Z,BRT,-14.07,76.7,992.3,10.33,14,271,-0.5,-0.86603,-0.99872,-0.05051,-14.38,-12.95,-8.48
2026-09-28T15:00:00Z,BRT,-14.38,73.4,989.0,14.77,15,271,-0.70711,-0.70711,-0.99872,-0.05051,-13.2,-13.06,-8.67
2026-09-28T16:00:00Z,BRT,-13.2,78.8,989.8,11.8,16,271,-0.86603,-0.5,-0.99872,-0.05051,-13.46,-12.07,-7.48
2026-09-28T17:00:00Z,BRT,-13.46,71.3,991.8,13.17,17,271,-0.96593,-0.25882,-0.99872,-0.05051,-13.43,-12.08,-8.16
2026-09-28T18:00:00Z,BRT,-13.43,75.1,991.8,13.89,18,271,-1.0,-0.0,-0.99872,-0.05051,-12.22,-12.36,-8.47
2026-09-28T19:00:00Z,BRT,-12.22,75.1,995.5,12.26,19,271,-0.96593,0.25882,-0.99872,-0.05051,-12.95,-12.28,-7.76
2026-09-28T20:00:00Z,BRT,-12.95,83.6,994.2,11.04,20,271,-0.86603,0.5,-0.99872,-0.05051,-13.06,-12.21,-7.88
2026-09-28T21:00:00Z,BRT,-13.06,72.9,994.2,13.0,21,271,-0.70711,0.70711,-0.99872,-0.05051,-12.07,-12.33,-9.35
2026-09-28T22:00:00Z,BRT,-12.07,65.0,996.7,11.81,22,271,-0.5,0.86603,-0.99872,-0.05051,-12.08,-5.52,-10.49
2026-09-28T23:00:00Z,BRT,-12.08,76.3,994.7,10.94,23,271,-0.25882,0.96593,-0.99872,-0.05051,-12.36,-5.29,-10.1
2026-09-29T00:00:00Z,BRT,-12.36,65.8,996.3,10.3,0,272,0.0,1.0,-0.99944,-0.03332,-12.28,-5.96,-9.62
2026-09-29T01:00:00Z,BRT,-12.28,72.4,997.6,11.23,1,272,0.25882,0.96593,-0.99944,-0.03332,-12.21,-6.14,-10.05
2026-09-29T02:00:00Z,BRT,-12.21,70.4,998.9,9.42,2,272,0.5,0.86603,-0.99944,-0.03332,-12.33,-5.57,-9.34
2026-09-29T03:00:00Z,BRT,-12.33,77.8,1001.4,11.77,3,272,0.70711,0.70711,-0.99944,-0.03332,-5.52,-6.36,-8.14
2026-09-29T04:00:00Z,BRT,-5.52,78.7,1001.7,40.12,4,272,0.86603,0.5,-0.99944,-0.03332,-5.29,-5.45,-6.04
2026-09-29T05:00:00Z,BRT,-5.29,73.0,1004.0,37.02,5,272,0.96593,0.25882,-0.99944,-0.03332,-5.96,-6.25,-5.42
2026-09-29T06:00:00Z,BRT,-5.96,70.3,1005.1,39.41,6,272,1.0,0.0,-0.99944,-0.03332,-6.14,-5.1,-4.72
2026-09-29T07:00:00Z,BRT,-6.14,83.2,1002.0,38.56,7,272,0.96593,-0.25882,-0.99944,-0.03332,-5.57,-7.34,-4.61
2026-09-29T08:00:00Z,BRT,-5.57,74.1,1004.2,42.78,8,272,0.86603,-0.5,-0.99944,-0.03332,-6.36,-8.48,-5.72
2026-09-29T09:00:00Z,BRT,-6.36,70.2,1004.6,37.24,9,272,0.70711,-0.70711,-0.99944,-0.03332,-5.45,-8.67,-7.25
2026-09-29T10:00:00Z,BRT,-5.45,78.5,1007.4,38.69,10,272,0.5,-0.86603,-0.99944,-0.03332,-6.25,-7.48,-6.33
2026-09-29T11:00:00Z,BRT,-6.25,73.1,1008.0,35.56,11,272,0.25882,-0.96593,-0.99944,-0.03332,-5.1,-8.16,-6.22
2026-09-29T12:00:00Z,BRT,-5.1,84.0,1007.8,42.48,12,272,0.0,-1.0,-0.99944,-0.03332,-7.34,-8.47,-8.22
2026-09-29T13:00:00Z,BRT,-7.34,81.1,1007.9,40.09,13,272,-0.25882,-0.96593,-0.99944,-0.03332,-8.48,-7.76,-6.37
2026-09-29T14:00:00Z,BRT,-8.48,62.6,1007.8,39.65,14,272,-0.5,-0.86603,-0.99944,-0.03332,-8.67,-7.88,-7.25
2026-09-29T15:00:00Z,BRT,-8.67,77.9,1006.1,37.72,15,272,-0.70711,-0.70711,-0.99944,-0.03332,-7.48,-9.35,-6.44
2026-09-29T16:00:00Z,BRT,-7.48,74.9,1003.0,44.11,16,272,-0.86603,-0.5,-0.99944,-0.03332,-8.16,-10.49,-5.49
2026-09-29T17:00:00Z,BRT,-8.16,65.7,1002.4,43.47,17,272,-0.96593,-0.25882,-0.99944,-0.03332,-8.47,-10.1,-6.35
2026-09-29T18:00:00Z,BRT,-8.47,86.9,1002.2,41.95,18,272,-1.0,-0.0,-0.99944,-0.03332,-7.76,-9.62,-5.05
2026-09-29T19:00:00Z,BRT,-7.76,85.0,1004.6,43.0,19,272,-0.96593,0.25882,-0.99944,-0.03332,-7.88,-10.05,-6.21
2026-09-29T20:00:00Z,BRT,-7.88,74.0,1004.1,40.85,20,272,-0.86603,0.5,-0.99944,-0.03332,-9.35,-9.34,-5.91
2026-09-29T21:00:00Z,BRT,-9.35,77.0,1004.3,44.4,21,272,-0.70711,0.70711,-0.99944,-0.03332,-10.49,-8.14,-6.68
2026-09-29T22:00:00Z,BRT,-10.49,72.4,1003.9,42.09,22,272,-0.5,0.86603,-0.99944,-0.03332,-10.1,-6.04,-5.76
2026-09-29T23:00:00Z,BRT,-10.1,83.7,1004.6,42.53,23,272,-0.25882,0.96593,-0.99944,-0.03332,-9.62,-5.42,-5.16
2026-09-30T00:00:00Z,BRT,-9.62,66.7,1006.3,40.72,0,273,0.0,1.0,-0.99987,-0.01613,-10.05,-4.72,-5.08
2026-09-30T01:00:00Z,BRT,-10.05,71.5,1005.3,35.45,1,273,0.25882,0.96593,-0.99987,-0.01613,-9.34,-4.61,-4.17
2026-09-30T02:00:00Z,BRT,-9.34,78.3,1004.3,37.76,2,273,0.5,0.86603,-0.99987,-0.01613,-8.14,-5.72,-4.07
2026-09-30T03:00:00Z,BRT,-8.14,77.3,1002.4,39.51,3,273,0.70711,0.70711,-0.99987,-0.01613,-6.04,-7.25,-1.4
2026-09-30T04:00:00Z,BRT,-6.04,75.7,1000.3,40.83,4,273,0.86603,0.5,-0.99987,-0.01613,-5.42,-6.33,-1.99
2026-09-30T05:00:00Z,BRT,-5.42,79.3,1001.5,41.56,5,273,0.96593,0.25882,-0.99987,-0.01613,-4.72,-6.22,-0.62
2026-09-30T06:00:00Z,BRT,-4.72,81.8,1001.3,41.9,6,273,1.0,0.0,-0.99987,-0.01613,-4.61,-8.22,0.21
2026-09-30T07:00:00Z,BRT,-4.61,65.7,1002.3,39.46,7,273,0.96593,-0.25882,-0.99987,-0.01613,-5.72,-6.37,-0.37
2026-09-30T08:00:00Z,BRT,-5.72,70.9,1001.4,40.33,8,273,0.86603,-0.5,-0.99987,-0.01613,-7.25,-7.25,-2.43
2026-09-30T09:00:00Z,BRT,-7.25,79.7,1000.1,38.25,9,273,0.70711,-0.70711,-0.99987,-0.01613,-6.33,-6.44,-1.59
2026-09-30T10:00:00Z,BRT,-6.33,87.4,999.7,41.1,10,273,0.5,-0.86603,-0.99987,-0.01613,-6.22,-5.49,-3.71
2026-09-30T11:00:00Z,BRT,-6.22,84.7,998.7,40.33,11,273,0.25882,-0.96593,-0.99987,-0.01613,-8.22,-6.35,-10.21
2026-09-30T12:00:00Z,BRT,-8.22,82.3,997.2,37.78,12,273,0.0,-1.0,-0.99987,-0.01613,-6.37,-5.05,-11.82
2026-09-30T13:00:00Z,BRT,-6.37,77.9,998.8,45.11,13,273,-0.25882,-0.96593,-0.99987,-0.01613,-7.25,-6.21,-11.17
2026-09-30T14:00:00Z,BRT,-7.25,64.4,999.4,43.93,14,273,-0.5,-0.86603,-0.99987,-0.01613,-6.44,-5.91,-11.75
2026-09-30T15:00:00Z,BRT,-6.44,69.8,1001.1,41.99,15,273,-0.70711,-0.70711,-0.99987,-0.01613,-5.49,-6.68,-12.04
2026-09-30T16:00:00Z,BRT,-5.49,71.2,1001.8,45.86,16,273,-0.86603,-0.5,-0.99987,-0.01613,-6.35,-5.76,-12.33
2026-09-30T17:00:00Z,BRT,-6.35,75.8,1001.8,41.78,17,273,-0.96593,-0.25882,-0.99987,-0.01613,-5.05,-5.16,-11.05
2026-09-30T18:00:00Z,BRT,-5.05,74.5,1001.3,47.83,18,273,-1.0,-0.0,-0.99987,-0.01613,-6.21,-5.08,-10.06
2026-09-30T19:00:00Z,BRT,-6.21,78.7,1001.2,40.78,19,273,-0.96593,0.25882,-0.99987,-0.01613,-5.91,-4.17,-9.71
2026-09-30T20:00:00Z,BRT,-5.91,77.9,1003.4,41.96,20,273,-0.86603,0.5,-0.99987,-0.01613,-6.68,-4.07,-5.59
2026-09-30T21:00:00Z,BRT,-6.68,83.0,1005.2,42.08,21,273,-0.70711,0.70711,-0.99987,-0.01613,-5.76,-1.4,-4.81
2026-09-30T22:00:00Z,BRT,-5.76,79.3,1000.0,41.77,22,273,-0.5,0.86603,-0.99987,-0.01613,-5.16,-1.99,-3.34
2026-09-30T23:00:00Z,BRT,-5.16,79.6,1001.2,41.33,23,273,-0.25882,0.96593,-0.99987,-0.01613,-5.08,-0.62,-4.51
2026-10-01T00:00:00Z,BRT,-5.08,79.1,1002.1,39.85,0,274,0.0,1.0,-1.0,0.00108,-4.17,0.21,-5.39
2026-10-01T01:00:00Z,BRT,-4.17,83.9,1002.2,42.04,1,274,0.25882,0.96593,-1.0,0.00108,-4.07,-0.37,-6.92
2026-10-01T02:00:00Z,BRT,-4.07,71.5,1003.5,38.74,2,274,0.5,0.86603,-1.0,0.00108,-1.4,-2.43,-7.62
2026-10-01T03:00:00Z,BRT,-1.4,83.1,1000.1,44.24,3,274,0.70711,0.70711,-1.0,0.00108,-1.99,-1.59,-6.19
2026-10-01T04:00:00Z,BRT,-1.99,76.0,999.1,36.73,4,274,0.86603,0.5,-1.0,0.00108,-0.62,-3.71,-4.38
2026-10-01T05:00:00Z,BRT,-0.62,79.1,999.4,37.34,5,274,0.96593,0.25882,-1.0,0.00108,0.21,-10.21,-4.29
2026-10-01T06:00:00Z,BRT,0.21,78.5,997.9,42.42,6,274,1.0,0.0,-1.0,0.00108,-0.37,-11.82,-6.18
2026-10-01T07:00:00Z,BRT,-0.37,84.0,999.7,45.14,7,274,0.96593,-0.25882,-1.0,0.00108,-2.43,-11.17,-10.03
2026-10-01T08:00:00Z,BRT,-2.43,69.7,1000.1,39.21,8,274,0.86603,-0.5,-1.0,0.00108,-1.59,-11.75,-4.96
2026-10-01T09:00:00Z,BRT,-1.59,77.2,995.9,45.4,9,274,0.70711,-0.70711,-1.0,0.00108,-3.71,-12.04,-9.5
2026-10-01T10:00:00Z,BRT,-3.71,76.5,995.9,41.06,10,274,0.5,-0.86603,-1.0,0.00108,-10.21,-12.33,-3.63
2026-10-01T11:00:00Z,BRT,-10.21,71.9,996.8,10.05,11,274,0.25882,-0.96593,-1.0,0.00108,-11.82,-11.05,-4.25
2026-10-01T12:00:00Z,BRT,-11.82,71.9,995.8,11.54,12,274,0.0,-1.0,-1.0,0.00108,-11.17,-10.06,-5.61
2026-10-01T13:00:00Z,BRT,-11.17,67.8,993.2,9.16,13,274,-0.25882,-0.96593,-1.0,0.00108,-11.75,-9.71,-5.92
2026-10-01T14:00:00Z,BRT,-11.75,84.7,991.4,12.8,14,274,-0.5,-0.86603,-1.0,0.00108,-12.04,-5.59,-6.3
2026-10-01T15:00:00Z,BRT,-12.04,85.5,988.3,13.65,15,274,-0.70711,-0.70711,-1.0,0.00108,-12.33,-4.81,-7.91
2026-10-01T16:00:00Z,BRT,-12.33,77.8,984.9,15.66,16,274,-0.86603,-0.5,-1.0,0.00108,-11.05,-3.34,-8.57
2026-10-01T17:00:00Z,BRT,-11.05,83.1,982.8,18.04,17,274,-0.96593,-0.25882,-1.0,0.00108,-10.06,-4.51,-8.7
2026-10-01T18:00:00Z,BRT,-10.06,85.2,981.1,16.39,18,274,-1.0,-0.0,-1.0,0.00108,-9.71,-5.39,-7.62
2026-10-01T19:00:00Z,BRT,-9.71,97.6,979.6,19.35,19,274,-0.96593,0.25882,-1.0,0.00108,-5.59,-6.92,-7.12
2026-10-01T20:00:00Z,BRT,-5.59,88.5,977.6,17.97,20,274,-0.86603,0.5,-1.0,0.00108,-4.81,-7.62,-11.83
2026-10-01T21:00:00Z,BRT,-4.81,91.7,973.7,17.76,21,274,-0.70711,0.70711,-1.0,0.00108,-3.34,-6.19,-10.65
2026-10-01T22:00:00Z,BRT,-3.34,88.7,971.9,19.4,22,274,-0.5,0.86603,-1.0,0.00108,-4.51,-4.38,-11.07
2026-10-01T23:00:00Z,BRT,-4.51,91.7,974.8,17.2,23,274,-0.25882,0.96593,-1.0,0.00108,-5.39,-4.29,-10.66
2026-10-02T00:00:00Z,BRT,-5.39,97.0,974.2,15.27,0,275,0.0,1.0,-0.99983,0.01828,-6.92,-6.18,-11.54
2026-10-02T01:00:00Z,BRT,-6.92,89.7,977.5,16.75,1,275,0.25882,0.96593,-0.99983,0.01828,-7.62,-10.03,-10.56
2026-10-02T02:00:00Z,BRT,-7.62,82.4,977.8,13.78,2,275,0.5,0.86603,-0.99983,0.01828,-6.19,-4.96,-9.35
2026-10-02T03:00:00Z,BRT,-6.19,94.3,975.8,14.96,3,275,0.70711,0.70711,-0.99983,0.01828,-4.38,-9.5,-9.09
2026-10-02T04:00:00Z,BRT,-4.38,93.5,974.7,17.5,4,275,0.86603,0.5,-0.99983,0.01828,-4.29,-3.63,-8.06
2026-10-02T05:00:00Z,BRT,-4.29,91.5,975.0,16.28,5,275,0.96593,0.25882,-0.99983,0.01828,-6.18,-4.25,-8.92
2026-10-02T06:00:00Z,BRT,-6.18,89.6,977.6,13.69,6,275,1.0,0.0,-0.99983,0.01828,-10.03,-5.61,-7.93
2026-10-02T07:00:00Z,BRT,-10.03,82.9,978.1,14.95,7,275,0.96593,-0.25882,-0.99983,0.01828,-4.96,-5.92,-7.46
2026-10-02T08:00:00Z,BRT,-4.96,86.1,977.1,17.42,8,275,0.86603,-0.5,-0.99983,0.01828,-9.5,-6.3,-7.49
2026-10-02T09:00:00Z,BRT,-9.5,91.4,979.1,12.87,9,275,0.70711,-0.70711,-0.99983,0.01828,-3.63,-7.91,-7.09
2026-10-02T10:00:00Z,BRT,-3.63,89.9,976.9,17.36,10,275,0.5,-0.86603,-0.99983,0.01828,-4.25,-8.57,-8.06
2026-10-02T11:00:00Z,BRT,-4.25,89.6,973.5,16.54,11,275,0.25882,-0.96593,-0.99983,0.01828,-5.61,-8.7,-8.68
2026-10-02T12:00:00Z,BRT,-5.61,89.7,974.4,17.76,12,275,0.0,-1.0,-0.99983,0.01828,-5.92,-7.62,-9.45
2026-10-02T13:00:00Z,BRT,-5.92,90.0,973.3,19.28,13,275,-0.25882,-0.96593,-0.99983,0.01828,-6.3,-7.12,-8.95
2026-10-02T14:00:00Z,BRT,-6.3,98.2,972.1,19.56,14,275,-0.5,-0.86603,-0.99983,0.01828,-7.91,-11.83,-9.14
2026-10-02T15:00:00Z,BRT,-7.91,83.7,976.4,16.71,15,275,-0.70711,-0.70711,-0.99983,0.01828,-8.57,-10.65,-7.74
2026-10-02T16:00:00Z,BRT,-8.57,97.3,977.6,16.75,16,275,-0.86603,-0.5,-0.99983,0.01828,-8.7,-11.07,-8.0
2026-10-02T17:00:00Z,BRT,-8.7,86.1,976.8,15.97,17,275,-0.96593,-0.25882,-0.99983,0.01828,-7.62,-10.66,-7.38
2026-10-02T18:00:00Z,BRT,-7.62,89.7,977.4,20.98,18,275,-1.0,-0.0,-0.99983,0.01828,-7.12,-11.54,-8.06
2026-10-02T19:00:00Z,BRT,-7.12,89.8,977.1,19.04,19,275,-0.96593,0.25882,-0.99983,0.01828,-11.83,-10.56,-9.44
2026-10-02T20:00:00Z,BRT,-11.83,88.2,979.5,14.08,20,275,-0.86603,0.5,-0.99983,0.01828,-10.65,-9.35,-9.69
2026-10-02T21:00:00Z,BRT,-10.65,76.5,979.7,18.57,21,275,-0.70711,0.70711,-0.99983,0.01828,-11.07,-9.09,-10.44
2026-10-02T22:00:00Z,BRT,-11.07,82.2,982.8,16.1,22,275,-0.5,0.86603,-0.99983,0.01828,-10.66,-8.06,-10.47
2026-10-02T23:00:00Z,BRT,-10.66,80.3,985.0,15.01,23,275,-0.25882,0.96593,-0.99983,0.01828,-11.54,-8.92,-9.94
2026-10-03T00:00:00Z,BRT,-11.54,84.6,986.4,12.44,0,276,0.0,1.0,-0.99937,0.03547,-10.56,-7.93,-10.35
2026-10-03T01:00:00Z,BRT,-10.56,79.3,986.8,9.23,1,276,0.25882,0.96593,-0.99937,0.03547,-9.35,-7.46,-9.51
2026-10-03T02:00:00Z,BRT,-9.35,80.5,988.9,12.18,2,276,0.5,0.86603,-0.99937,0.03547,-9.09,-7.49,-10.31
2026-10-03T03:00:00Z,BRT,-9.09,72.1,989.3,12.15,3,276,0.70711,0.70711,-0.99937,0.03547,-8.06,-7.09,-9.89
2026-10-03T04:00:00Z,BRT,-8.06,85.0,991.4,11.97,4,276,0.86603,0.5,-0.99937,0.03547,-8.92,-8.06,-10.31
2026-10-03T05:00:00Z,BRT,-8.92,73.9,994.5,12.32,5,276,0.96593,0.25882,-0.99937,0.03547,-7.93,-8.68,-10.64
2026-10-03T06:00:00Z,BRT,-7.93,75.2,995.5,7.71,6,276,1.0,0.0,-0.99937,0.03547,-7.46,-9.45,-10.65
2026-10-03T07:00:00Z,BRT,-7.46,73.4,997.3,11.21,7,276,0.96593,-0.25882,-0.99937,0.03547,-7.49,-8.95,-9.54
2026-10-03T08:00:00Z,BRT,-7.49,66.0,1000.3,7.11,8,276,0.86603,-0.5,-0.99937,0.03547,-7.09,-9.14,-9.82
2026-10-03T09:00:00Z,BRT,-7.09,63.0,1002.2,10.05,9,276,0.70711,-0.70711,-0.99937,0.03547,-8.06,-7.74,-9.83
2026-10-03T10:00:00Z,BRT,-8.06,65.0,1002.9,7.75,10,276,0.5,-0.86603,-0.99937,0.03547,-8.68,-8.0,-9.62
2026-10-03T11:00:00Z,BRT,-8.68,65.1,1004.2,7.16,11,276,0.25882,-0.96593,-0.99937,0.03547,-9.45,-7.38,-10.65
2026-10-03T12:00:00Z,BRT,-9.45,62.8,1006.0,11.45,12,276,0.0,-1.0,-0.99937,0.03547,-8.95,-8.06,-12.73
2026-10-03T13:00:00Z,BRT,-8.95,61.8,1005.5,5.21,13,276,-0.25882,-0.96593,-0.99937,0.03547,-9.14,-9.44,-12.97
2026-10-03T14:00:00Z,BRT,-9.14,70.9,1005.5,11.4,14,276,-0.5,-0.86603,-0.99937,0.03547,-7.74,-9.69,-14.19
2026-10-03T15:00:00Z,BRT,-7.74,70.4,1008.7,9.41,15,276,-0.70711,-0.70711,-0.99937,0.03547,-8.0,-10.44,-13.96
2026-10-03T16:00:00Z,BRT,-8.0,67.4,1005.9,9.85,16,276,-0.86603,-0.5,-0.99937,0.03547,-7.38,-10.47,-13.71
2026-10-03T17:00:00Z,BRT,-7.38,67.2,1008.0,12.13,17,276,-0.96593,-0.25882,-0.99937,0.03547,-8.06,-9.94,-13.95
2026-10-03T18:00:00Z,BRT,-8.06,65.3,1005.4,12.32,18,276,-1.0,-0.0,-0.99937,0.03547,-9.44,-10.35,-13.34
2026-10-03T19:00:00Z,BRT,-9.44,61.9,1005.5,11.12,19,276,-0.96593,0.25882,-0.99937,0.03547,-9.69,-9.51,-13.27
2026-10-03T20:00:00Z,BRT,-9.69,58.6,1006.9,9.46,20,276,-0.86603,0.5,-0.99937,0.03547,-10.44,-10.31,-12.75
2026-10-03T21:00:00Z,BRT,-10.44,64.7,1005.5,11.19,21,276,-0.70711,0.70711,-0.99937,0.03547,-10.47,-9.89,-12.66
2026-10-03T22:00:00Z,BRT,-10.47,68.7,1006.0,10.18,22,276,-0.5,0.86603,-0.99937,0.03547,-9.94,-10.31,-12.67
2026-10-03T23:00:00Z,BRT,-9.94,65.5,1005.7,9.26,23,276,-0.25882,0.96593,-0.99937,0.03547,-10.35,-10.64,-11.42
2026-10-04T00:00:00Z,BRT,-10.35,61.4,1004.9,6.78,0,277,0.0,1.0,-0.99861,0.05266,-9.51,-10.65,-12.31
2026-10-04T01:00:00Z,BRT,-9.51,63.3,1006.2,7.57,1,277,0.25882,0.96593,-0.99861,0.05266,-10.31,-9.54,-11.41
2026-10-04T02:00:00Z,BRT,-10.31,68.4,1007.6,4.0,2,277,0.5,0.86603,-0.99861,0.05266,-9.89,-9.82,-10.35
2026-10-04T03:00:00Z,BRT,-9.89,67.7,1009.3,6.02,3,277,0.70711,0.70711,-0.99861,0.05266,-10.31,-9.83,-11.23
2026-10-04T04:00:00Z,BRT,-10.31,63.3,1012.9,6.7,4,277,0.86603,0.5,-0.99861,0.05266,-10.64,-9.62,-10.93
2026-10-04T05:00:00Z,BRT,-10.64,55.3,1014.6,4.28,5,277,0.96593,0.25882,-0.99861,0.05266,-10.65,-10.65,-11.2
2026-10-04T06:00:00Z,BRT,-10.65,53.4,1015.3,5.28,6,277,1.0,0.0,-0.99861,0.05266,-9.54,-12.73,-10.71
2026-10-04T07:00:00Z,BRT,-9.54,56.8,1012.8,8.97,7,277,0.96593,-0.25882,-0.99861,0.05266,-9.82,-12.97,-11.47
2026-10-04T08:00:00Z,BRT,-9.82,50.1,1012.9,6.94,8,277,0.86603,-0.5,-0.99861,0.05266,-9.83,-14.19,-10.46
2026-10-04T09:00:00Z,BRT,-9.83,53.1,1012.1,6.4,9,277,0.70711,-0.70711,-0.99861,0.05266,-9.62,-13.96,-9.92
2026-10-04T10:00:00Z,BRT,-9.62,60.3,1011.0,5.98,10,277,0.5,-0.86603,-0.99861,0.05266,-10.65,-13.71,-8.56
2026-10-04T11:00:00Z,BRT,-10.65,57.1,1008.9,4.72,11,277,0.25882,-0.96593,-0.99861,0.05266,-12.73,-13.95,-8.14
2026-10-04T12:00:00Z,BRT,-12.73,67.9,1005.3,6.96,12,277,0.0,-1.0,-0.99861,0.05266,-12.97,-13.34,-8.59
2026-10-04T13:00:00Z,BRT,-12.97,59.0,1003.7,11.36,13,277,-0.25882,-0.96593,-0.99861,0.05266,-14.19,-13.27,-9.24
2026-10-04T14:00:00Z,BRT,-14.19,57.9,1005.0,11.65,14,277,-0.5,-0.86603,-0.99861,0.05266,-13.96,-12.75,-10.01
2026-10-04T15:00:00Z,BRT,-13.96,68.3,1000.3,10.63,15,277,-0.70711,-0.70711,-0.99861,0.05266,-13.71,-12.66,-8.67
2026-10-04T16:00:00Z,BRT,-13.71,67.9,998.2,14.84,16,277,-0.86603,-0.5,-0.99861,0.05266,-13.95,-12.67,-9.18
2026-10-04T17:00:00Z,BRT,-13.95,76.0,998.4,10.44,17,277,-0.96593,-0.25882,-0.99861,0.05266,-13.34,-11.42,-9.38
2026-10-04T18:00:00Z,BRT,-13.34,64.9,999.8,11.69,18,277,-1.0,-0.0,-0.99861,0.05266,-13.27,-12.31,-9.88
2026-10-04T19:00:00Z,BRT,-13.27,61.7,999.0,12.15,19,277,-0.96593,0.25882,-0.99861,0.05266,-12.75,-11.41,-9.21
2026-10-04T20:00:00Z,BRT,-12.75,74.3,998.0,12.17,20,277,-0.86603,0.5,-0.99861,0.05266,-12.66,-10.35,-8.98
2026-10-04T21:00:00Z,BRT,-12.66,79.1,997.2,14.36,21,277,-0.70711,0.70711,-0.99861,0.05266,-12.67,-11.23,-8.55
2026-10-04T22:00:00Z,BRT,-12.67,73.1,1000.3,11.06,22,277,-0.5,0.86603,-0.99861,0.05266,-11.42,-10.93,-8.73
2026-10-04T23:00:00Z,BRT,-11.42,79.4,998.1,9.25,23,277,-0.25882,0.96593,-0.99861,0.05266,-12.31,-11.2,-9.56
2026-10-05T00:00:00Z,BRT,-12.31,69.4,997.3,7.63,0,278,0.0,1.0,-0.99756,0.06983,-11.41,-10.71,-8.57
2026-10-05T01:00:00Z,BRT,-11.41,71.2,992.8,10.42,1,278,0.25882,0.96593,-0.99756,0.06983,-10.35,-11.47,-8.8
2026-10-05T02:00:00Z,BRT,-10.35,69.6,992.9,11.39,2,278,0.5,0.86603,-0.99756,0.06983,-11.23,-10.46,-9.51
2026-10-05T03:00:00Z,BRT,-11.23,75.4,994.3,8.46,3,278,0.70711,0.70711,-0.99756,0.06983,-10.93,-9.92,-8.89
2026-10-05T04:00:00Z,BRT,-10.93,84.0,991.3,15.35,4,278,0.86603,0.5,-0.99756,0.06983,-11.2,-8.56,-8.53
2026-10-05T05:00:00Z,BRT,-11.2,81.6,989.8,15.06,5,278,0.96593,0.25882,-0.99756,0.06983,-10.71,-8.14,-8.52
2026-10-05T06:00:00Z,BRT,-10.71,76.4,990.4,12.08,6,278,1.0,0.0,-0.99756,0.06983,-11.47,-8.59,-8.72
2026-10-05T07:00:00Z,BRT,-11.47,78.9,988.3,14.66,7,278,0.96593,-0.25882,-0.99756,0.06983,-10.46,-9.24,-7.99
2026-10-05T08:00:00Z,BRT,-10.46,82.1,988.2,14.21,8,278,0.86603,-0.5,-0.99756,0.06983,-9.92,-10.01,-8.65
2026-10-05T09:00:00Z,BRT,-9.92,74.4,989.5,15.3,9,278,0.70711,-0.70711,-0.99756,0.06983,-8.56,-8.67,-9.52
2026-10-05T10:00:00Z,BRT,-8.56,74.4,989.8,9.51,10,278,0.5,-0.86603,-0.99756,0.06983,-8.14,-9.18,-10.09
2026-10-05T11:00:00Z,BRT,-8.14,86.2,989.4,9.63,11,278,0.25882,-0.96593,-0.99756,0.06983,-8.59,-9.38,-11.55
2026-10-05T12:00:00Z,BRT,-8.59,63.4,991.4,14.21,12,278,0.0,-1.0,-0.99756,0.06983,-9.24,-9.88,-12.24
2026-10-05T13:00:00Z,BRT,-9.24,74.8,991.2,12.77,13,278,-0.25882,-0.96593,-0.99756,0.06983,-10.01,-9.21,-13.73
2026-10-05T14:00:00Z,BRT,-10.01,83.9,991.9,14.23,14,278,-0.5,-0.86603,-0.99756,0.06983,-8.67,-8.98,-15.47
2026-10-05T15:00:00Z,BRT,-8.67,69.9,995.9,11.34,15,278,-0.70711,-0.70711,-0.99756,0.06983,-9.18,-8.55,-15.06
2026-10-05T16:00:00Z,BRT,-9.18,71.1,998.2,11.97,16,278,-0.86603,-0.5,-0.99756,0.06983,-9.38,-8.73,-15.54
2026-10-05T17:00:00Z,BRT,-9.38,73.6,996.5,15.43,17,278,-0.96593,-0.25882,-0.99756,0.06983,-9.88,-9.56,-16.5
2026-10-05T18:00:00Z,BRT,-9.88,69.8,998.2,10.58,18,278,-1.0,-0.0,-0.99756,0.06983,-9.21,-8.57,-14.6
2026-10-05T19:00:00Z,BRT,-9.21,78.5,998.1,10.46,19,278,-0.96593,0.25882,-0.99756,0.06983,-8.98,-8.8,-15.93
2026-10-05T20:00:00Z,BRT,-8.98,69.7,995.3,12.59,20,278,-0.86603,0.5,-0.99756,0.06983,-8.55,-9.51,-15.6
2026-10-05T21:00:00Z,BRT,-8.55,77.0,992.5,14.22,21,278,-0.70711,0.70711,-0.99756,0.06983,-8.73,-8.89,-16.01
2026-10-05T22:00:00Z,BRT,-8.73,77.0,989.4,12.44,22,278,-0.5,0.86603,-0.99756,0.06983,-9.56,-8.53,-16.58
2026-10-05T23:00:00Z,BRT,-9.56,78.4,989.3,14.61,23,278,-0.25882,0.96593,-0.99756,0.06983,-8.57,-8.52,-16.78
2026-10-06T00:00:00Z,BRT,-8.57,83.2,985.6,15.23,0,279,0.0,1.0,-0.99621,0.08698,-8.8,-8.72,-14.9
2026-10-06T01:00:00Z,BRT,-8.8,80.9,985.1,13.85,1,279,0.25882,0.96593,-0.99621,0.08698,-9.51,-7.99,-13.73
2026-10-06T02:00:00Z,BRT,-9.51,79.9,982.9,12.0,2,279,0.5,0.86603,-0.99621,0.08698,-8.89,-8.65,-12.18
2026-10-06T03:00:00Z,BRT,-8.89,82.7,983.4,11.48,3,279,0.70711,0.70711,-0.99621,0.08698,-8.53,-9.52,-12.48
2026-10-06T04:00:00Z,BRT,-8.53,79.5,981.2,17.12,4,279,0.86603,0.5,-0.99621,0.08698,-8.52,-10.09,-12.0
2026-10-06T05:00:00Z,BRT,-8.52,83.7,984.0,13.25,5,279,0.96593,0.25882,-0.99621,0.08698,-8.72,-11.55,-12.79
2026-10-06T06:00:00Z,BRT,-8.72,79.8,985.9,11.41,6,279,1.0,0.0,-0.99621,0.08698,-7.99,-12.24,-12.86
2026-10-06T07:00:00Z,BRT,-7.99,82.5,985.9,12.41,7,279,0.96593,-0.25882,-0.99621,0.08698,-8.65,-13.73,-11.96
2026-10-06T08:00:00Z,BRT,-8.65,74.9,985.2,14.76,8,279,0.86603,-0.5,-0.99621,0.08698,-9.52,-15.47,-12.36
2026-10-06T09:00:00Z,BRT,-9.52,91.8,983.7,10.47,9,279,0.70711,-0.70711,-0.99621,0.08698,-10.09,-15.06,-12.53
2026-10-06T10:00:00Z,BRT,-10.09,90.5,983.4,13.61,10,279,0.5,-0.86603,-0.99621,0.08698,-11.55,-15.54,-13.56
2026-10-06T11:00:00Z,BRT,-11.55,78.8,985.6,10.19,11,279,0.25882,-0.96593,-0.99621,0.08698,-12.24,-16.5,-12.6
2026-10-06T12:00:00Z,BRT,-12.24,89.2,985.4,15.59,12,279,0.0,-1.0,-0.99621,0.08698,-13.73,-14.6,-12.14
2026-10-06T13:00:00Z,BRT,-13.73,83.1,982.8,12.28,13,279,-0.25882,-0.96593,-0.99621,0.08698,-15.47,-15.93,-11.94
2026-10-06T14:00:00Z,BRT,-15.47,96.3,983.1,14.28,14,279,-0.5,-0.86603,-0.99621,0.08698,-15.06,-15.6,-12.96
2026-10-06T15:00:00Z,BRT,-15.06,86.8,983.9,18.17,15,279,-0.70711,-0.70711,-0.99621,0.08698,-15.54,-16.01,-12.71
2026-10-06T16:00:00Z,BRT,-15.54,86.5,982.8,17.82,16,279,-0.86603,-0.5,-0.99621,0.08698,-16.5,-16.58,-11.92
2026-10-06T17:00:00Z,BRT,-16.5,82.9,982.9,15.7,17,279,-0.96593,-0.25882,-0.99621,0.08698,-14.6,-16.78,-12.36
2026-10-06T18:00:00Z,BRT,-14.6,85.6,981.4,20.32,18,279,-1.0,-0.0,-0.99621,0.08698,-15.93,-14.9,-12.6
2026-10-06T19:00:00Z,BRT,-15.93,88.0,981.7,15.57,19,279,-0.96593,0.25882,-0.99621,0.08698,-15.6,-13.73,-13.24
2026-10-06T20:00:00Z,BRT,-15.6,88.3,980.4,16.88,20,279,-0.86603,0.5,-0.99621,0.08698,-16.01,-12.18,-11.86
2026-10-06T21:00:00Z,BRT,-16.01,90.0,980.5,13.94,21,279,-0.70711,0.70711,-0.99621,0.08698,-16.58,-12.48,-11.58
2026-10-06T22:00:00Z,BRT,-16.58,81.0,982.6,12.29,22,279,-0.5,0.86603,-0.99621,0.08698,-16.78,-12.0,-10.88
2026-10-06T23:00:00Z,BRT,-16.78,89.4,983.1,14.98,23,279,-0.25882,0.96593,-0.99621,0.08698,-14.9,-12.79,-10.47
2026-10-07T00:00:00Z,BRT,-14.9,88.0,984.4,16.74,0,280,0.0,1.0,-0.99457,0.1041,-13.73,-12.86,-9.71
2026-10-07T01:00:00Z,BRT,-13.73,83.1,983.1,13.11,1,280,0.25882,0.96593,-0.99457,0.1041,-12.18,-11.96,-8.72
2026-10-07T02:00:00Z,BRT,-12.18,91.0,983.9,15.92,2,280,0.5,0.86603,-0.99457,0.1041,-12.48,-12.36,-9.63
2026-10-07T03:00:00Z,BRT,-12.48,90.5,982.1,11.83,3,280,0.70711,0.70711,-0.99457,0.1041,-12.0,-12.53,-9.03
2026-10-07T04:00:00Z,BRT,-12.0,87.1,983.4,13.49,4,280,0.86603,0.5,-0.99457,0.1041,-12.79,-13.56,-7.25
2026-10-07T05:00:00Z,BRT,-12.79,79.6,985.1,17.31,5,280,0.96593,0.25882,-0.99457,0.1041,-12.86,-12.6,-6.12
2026-10-07T06:00:00Z,BRT,-12.86,84.1,984.3,13.31,6,280,1.0,0.0,-0.99457,0.1041,-11.96,-12.14,-6.09
2026-10-07T07:00:00Z,BRT,-11.96,84.3,983.8,14.94,7,280,0.96593,-0.25882,-0.99457,0.1041,-12.36,-11.94,-6.8
2026-10-07T08:00:00Z,BRT,-12.36,75.8,986.1,13.71,8,280,0.86603,-0.5,-0.99457,0.1041,-12.53,-12.96,-6.47
2026-10-07T09:00:00Z,BRT,-12.53,78.5,987.0,12.53,9,280,0.70711,-0.70711,-0.99457,0.1041,-13.56,-12.71,-6.3
2026-10-07T10:00:00Z,BRT,-13.56,86.5,984.8,14.25,10,280,0.5,-0.86603,-0.99457,0.1041,-12.6,-11.92,-9.31
2026-10-07T11:00:00Z,BRT,-12.6,83.5,981.7,11.88,11,280,0.25882,-0.96593,-0.99457,0.1041,-12.14,-12.36,-10.34
2026-10-07T12:00:00Z,BRT,-12.14,92.8,979.2,14.68,12,280,0.0,-1.0,-0.99457,0.1041,-11.94,-12.6,-10.35
2026-10-07T13:00:00Z,BRT,-11.94,87.7,978.7,15.5,13,280,-0.25882,-0.96593,-0.99457,0.1041,-12.96,-13.24,-9.14
2026-10-07T14:00:00Z,BRT,-12.96,90.3,978.4,12.7,14,280,-0.5,-0.86603,-0.99457,0.1041,-12.71,-11.86,-9.7
2026-10-07T15:00:00Z,BRT,-12.71,80.6,980.9,17.39,15,280,-0.70711,-0.70711,-0.99457,0.1041,-11.92,-11.58,-9.45
2026-10-07T16:00:00Z,BRT,-11.92,81.7,983.5,18.61,16,280,-0.86603,-0.5,-0.99457,0.1041,-12.36,-10.88,-10.09
2026-10-07T17:00:00Z,BRT,-12.36,81.7,987.2,18.42,17,280,-0.96593,-0.25882,-0.99457,0.1041,-12.6,-10.47,-10.52
2026-10-07T18:00:00Z,BRT,-12.6,83.6,985.7,15.58,18,280,-1.0,-0.0,-0.99457,0.1041,-13.24,-9.71,-9.67
2026-10-07T19:00:00Z,BRT,-13.24,83.5,986.9,15.93,19,280,-0.96593,0.25882,-0.99457,0.1041,-11.86,-8.72,-10.67
2026-10-07T20:00:00Z,BRT,-11.86,87.2,987.3,15.83,20,280,-0.86603,0.5,-0.99457,0.1041,-11.58,-9.63,-10.73
2026-10-07T21:00:00Z,BRT,-11.58,84.9,987.4,15.35,21,280,-0.70711,0.70711,-0.99457,0.1041,-10.88,-9.03,-10.89
2026-10-07T22:00:00Z,BRT,-10.88,83.6,987.2,14.46,22,280,-0.5,0.86603,-0.99457,0.1041,-10.47,-7.25,-11.03
2026-10-07T23:00:00Z,BRT,-10.47,80.4,987.7,11.87,23,280,-0.25882,0.96593,-0.99457,0.1041,-9.71,-6.12,-11.16
2026-10-08T00:00:00Z,BRT,-9.71,81.7,984.3,14.1,0,281,0.0,1.0,-0.99263,0.12119,-8.72,-6.09,-10.89
2026-10-08T01:00:00Z,BRT,-8.72,85.6,983.9,15.26,1,281,0.25882,0.96593,-0.99263,0.12119,-9.63,-6.8,-11.33
2026-10-08T02:00:00Z,BRT,-9.63,81.7,986.7,10.49,2,281,0.5,0.86603,-0.99263,0.12119,-9.03,-6.47,-11.07
2026-10-08T03:00:00Z,BRT,-9.03,78.0,984.8,9.6,3,281,0.70711,0.70711,-0.99263,0.12119,-7.25,-6.3,-11.57
2026-10-08T04:00:00Z,BRT,-7.25,73.7,986.1,13.53,4,281,0.86603,0.5,-0.99263,0.12119,-6.12,-9.31,-10.45
2026-10-08T05:00:00Z,BRT,-6.12,85.9,983.5,13.57,5,281,0.96593,0.25882,-0.99263,0.12119,-6.09,-10.34,-9.6
2026-10-08T06:00:00Z,BRT,-6.09,80.0,985.0,13.91,6,281,1.0,0.0,-0.99263,0.12119,-6.8,-10.35,-9.06
2026-10-08T07:00:00Z,BRT,-6.8,79.8,986.1,13.22,7,281,0.96593,-0.25882,-0.99263,0.12119,-6.47,-9.14,-8.47
2026-10-08T08:00:00Z,BRT,-6.47,84.3,986.9,10.6,8,281,0.86603,-0.5,-0.99263,0.12119,-6.3,-9.7,-9.37
2026-10-08T09:00:00Z,BRT,-6.3,77.1,992.6,13.73,9,281,0.70711,-0.70711,-0.99263,0.12119,-9.31,-9.45,-8.99
2026-10-08T10:00:00Z,BRT,-9.31,69.0,989.3,10.22,10,281,0.5,-0.86603,-0.99263,0.12119,-10.34,-10.09,-9.34
2026-10-08T11:00:00Z,BRT,-10.34,78.5,992.9,11.72,11,281,0.25882,-0.96593,-0.99263,0.12119,-10.35,-10.52,-10.11
2026-10-08T12:00:00Z,BRT,-10.35,71.2,991.9,12.16,12,281,0.0,-1.0,-0.99263,0.12119,-9.14,-9.67,-11.11
2026-10-08T13:00:00Z,BRT,-9.14,73.7,995.5,9.03,13,281,-0.25882,-0.96593,-0.99263,0.12119,-9.7,-10.67,-10.79
2026-10-08T14:00:00Z,BRT,-9.7,65.8,999.9,6.94,14,281,-0.5,-0.86603,-0.99263,0.12119,-9.45,-10.73,-10.95
2026-10-08T15:00:00Z,BRT,-9.45,67.3,1001.1,9.64,15,281,-0.70711,-0.70711,-0.99263,0.12119,-10.09,-10.89,-11.47
2026-10-08T16:00:00Z,BRT,-10.09,61.8,1004.5,15.3,16,281,-0.86603,-0.5,-0.99263,0.12119,-10.52,-11.03,-12.23
2026-10-08T17:00:00Z,BRT,-10.52,60.5,1007.5,9.61,17,281,-0.96593,-0.25882,-0.99263,0.12119,-9.67,-11.16,-12.32
2026-10-08T18:00:00Z,BRT,-9.67,62.5,1008.5,11.24,18,281,-1.0,-0.0,-0.99263,0.12119,-10.67,-10.89,-12.15
2026-10-08T19:00:00Z,BRT,-10.67,52.7,1010.4,8.98,19,281,-0.96593,0.25882,-0.99263,0.12119,-10.73,-11.33,-12.1
2026-10-08T20:00:00Z,BRT,-10.73,63.7,1008.4,8.56,20,281,-0.86603,0.5,-0.99263,0.12119,-10.89,-11.07,-10.95
2026-10-08T21:00:00Z,BRT,-10.89,56.4,1010.6,6.95,21,281,-0.70711,0.70711,-0.99263,0.12119,-11.03,-11.57,-10.64
2026-10-08T22:00:00Z,BRT,-11.03,56.6,1008.9,6.22,22,281,-0.5,0.86603,-0.99263,0.12119,-11.16,-10.45,-10.64
2026-10-08T23:00:00Z,BRT,-11.16,58.3,1009.1,6.08,23,281,-0.25882,0.96593,-0.99263,0.12119,-10.89,-9.6,-10.77
2026-10-09T00:00:00Z,BRT,-10.89,61.0,1006.0,7.28,0,282,0.0,1.0,-0.9904,0.13825,-11.33,-9.06,-10.06
2026-10-09T01:00:00Z,BRT,-11.33,57.8,1008.3,8.97,1,282,0.25882,0.96593,-0.9904,0.13825,-11.07,-8.47,-8.84
2026-10-09T02:00:00Z,BRT,-11.07,57.1,1009.6,4.54,2,282,0.5,0.86603,-0.9904,0.13825,-11.57,-9.37,-9.09
2026-10-09T03:00:00Z,BRT,-11.57,62.0,1010.4,9.59,3,282,0.70711,0.70711,-0.9904,0.13825,-10.45,-8.99,-7.28
2026-10-09T04:00:00Z,BRT,-10.45,62.8,1009.6,4.64,4,282,0.86603,0.5,-0.9904,0.13825,-9.6,-9.34,-7.35
2026-10-09T05:00:00Z,BRT,-9.6,51.9,1012.6,6.3,5,282,0.96593,0.25882,-0.9904,0.13825,-9.06,-10.11,-8.28
2026-10-09T06:00:00Z,BRT,-9.06,41.4,1015.9,7.26,6,282,1.0,0.0,-0.9904,0.13825,-8.47,-11.11,-8.13
2026-10-09T07:00:00Z,BRT,-8.47,65.0,1017.1,3.94,7,282,0.96593,-0.25882,-0.9904,0.13825,-9.37,-10.79,-7.43
2026-10-09T08:00:00Z,BRT,-9.37,48.5,1017.8,3.97,8,282,0.86603,-0.5,-0.9904,0.13825,-8.99,-10.95,-7.24
2026-10-09T09:00:00Z,BRT,-8.99,58.6,1017.0,3.15,9,282,0.70711,-0.70711,-0.9904,0.13825,-9.34,-11.47,-8.01
2026-10-09T10:00:00Z,BRT,-9.34,55.6,1013.2,2.04,10,282,0.5,-0.86603,-0.9904,0.13825,-10.11,-12.23,-8.48
2026-10-09T11:00:00Z,BRT,-10.11,66.3,1012.8,4.35,11,282,0.25882,-0.96593,-0.9904,0.13825,-11.11,-12.32,-9.48
2026-10-09T12:00:00Z,BRT,-11.11,61.2,1010.0,7.46,12,282,0.0,-1.0,-0.9904,0.13825,-10.79,-12.15,-9.73
2026-10-09T13:00:00Z,BRT,-10.79,62.0,1007.2,10.2,13,282,-0.25882,-0.96593,-0.9904,0.13825,-10.95,-12.1,-11.05
2026-10-09T14:00:00Z,BRT,-10.95,51.5,1006.8,8.71,14,282,-0.5,-0.86603,-0.9904,0.13825,-11.47,-10.95,-11.26
2026-10-09T15:00:00Z,BRT,-11.47,55.6,1005.9,12.41,15,282,-0.70711,-0.70711,-0.9904,0.13825,-12.23,-10.64,-10.35
2026-10-09T16:00:00Z,BRT,-12.23,63.4,1003.1,13.76,16,282,-0.86603,-0.5,-0.9904,0.13825,-12.32,-10.64,-8.66
2026-10-09T17:00:00Z,BRT,-12.32,70.9,1004.0,8.03,17,282,-0.96593,-0.25882,-0.9904,0.13825,-12.15,-10.77,-9.35
2026-10-09T18:00:00Z,BRT,-12.15,66.0,1001.4,12.81,18,282,-1.0,-0.0,-0.9904,0.13825,-12.1,-10.06,-9.17
2026-10-09T19:00:00Z,BRT,-12.1,68.2,1000.0,12.25,19,282,-0.96593,0.25882,-0.9904,0.13825,-10.95,-8.84,-9.27
2026-10-09T20:00:00Z,BRT,-10.95,76.2,999.2,10.88,20,282,-0.86603,0.5,-0.9904,0.13825,-10.64,-9.09,-9.51
2026-10-09T21:00:00Z,BRT,-10.64,67.6,999.4,10.92,21,282,-0.70711,0.70711,-0.9904,0.13825,-10.64,-7.28,-9.62
2026-10-09T22:00:00Z,BRT,-10.64,74.1,998.9,12.45,22,282,-0.5,0.86603,-0.9904,0.13825,-10.77,-7.35,-9.92
2026-10-09T23:00:00Z,BRT,-10.77,75.2,995.8,14.5,23,282,-0.25882,0.96593,-0.9904,0.13825,-10.06,-8.28,-9.29
2026-10-10T00:00:00Z,BRT,-10.06,76.6,994.2,11.36,0,283,0.0,1.0,-0.98787,0.15527,-8.84,-8.13,-7.39
2026-10-10T01:00:00Z,BRT,-8.84,73.0,996.4,10.62,1,283,0.25882,0.96593,-0.98787,0.15527,-9.09,-7.43,-7.2
2026-10-10T02:00:00Z,BRT,-9.09,74.6,995.4,8.21,2,283,0.5,0.86603,-0.98787,0.15527,-7.28,-7.24,-6.51
2026-10-10T03:00:00Z,BRT,-7.28,77.9,996.2,12.39,3,283,0.70711,0.70711,-0.98787,0.15527,-7.35,-8.01,-6.49
2026-10-10T04:00:00Z,BRT,-7.35,74.7,1000.1,11.12,4,283,0.86603,0.5,-0.98787,0.15527,-8.28,-8.48,-7.04
2026-10-10T05:00:00Z,BRT,-8.28,79.4,1000.4,13.53,5,283,0.96593,0.25882,-0.98787,0.15527,-8.13,-9.48,-4.16
2026-10-10T06:00:00Z,BRT,-8.13,73.8,998.4,11.66,6,283,1.0,0.0,-0.98787,0.15527,-7.43,-9.73,-4.35
2026-10-10T07:00:00Z,BRT,-7.43,67.6,996.8,12.53,7,283,0.96593,-0.25882,-0.98787,0.15527,-7.24,-11.05,-4.57
2026-10-10T08:00:00Z,BRT,-7.24,75.3,993.6,12.06,8,283,0.86603,-0.5,-0.98787,0.15527,-8.01,-11.26,-5.4
2026-10-10T09:00:00Z,BRT,-8.01,71.4,994.1,10.56,9,283,0.70711,-0.70711,-0.98787,0.15527,-8.48,-10.35,-4.84
2026-10-10T10:00:00Z,BRT,-8.48,76.9,992.1,10.43,10,283,0.5,-0.86603,-0.98787,0.15527,-9.48,-8.66,-6.55
2026-10-10T11:00:00Z,BRT,-9.48,90.7,991.9,11.35,11,283,0.25882,-0.96593,-0.98787,0.15527,-9.73,-9.35,-7.3
2026-10-10T12:00:00Z,BRT,-9.73,71.3,990.5,13.21,12,283,0.0,-1.0,-0.98787,0.15527,-11.05,-9.17,-7.83
2026-10-10T13:00:00Z,BRT,-11.05,86.5,990.2,10.73,13,283,-0.25882,-0.96593,-0.98787,0.15527,-11.26,-9.27,-7.21
2026-10-10T14:00:00Z,BRT,-11.26,83.9,990.7,11.61,14,283,-0.5,-0.86603,-0.98787,0.15527,-10.35,-9.51,-3.27
2026-10-10T15:00:00Z,BRT,-10.35,87.4,989.2,14.72,15,283,-0.70711,-0.70711,-0.98787,0.15527,-8.66,-9.62,-3.23
2026-10-10T16:00:00Z,BRT,-8.66,86.2,986.1,18.35,16,283,-0.86603,-0.5,-0.98787,0.15527,-9.35,-9.92,-3.48
2026-10-10T17:00:00Z,BRT,-9.35,79.3,984.9,15.6,17,283,-0.96593,-0.25882,-0.98787,0.15527,-9.17,-9.29,-2.1
2026-10-10T18:00:00Z,BRT,-9.17,84.6,986.3,16.85,18,283,-1.0,-0.0,-0.98787,0.15527,-9.27,-7.39,-4.24
2026-10-10T19:00:00Z,BRT,-9.27,77.3,987.2,16.24,19,283,-0.96593,0.25882,-0.98787,0.15527,-9.51,-7.2,-3.08
2026-10-10T20:00:00Z,BRT,-9.51,72.7,986.4,15.19,20,283,-0.86603,0.5,-0.98787,0.15527,-9.62,-6.51,-7.39
2026-10-10T21:00:00Z,BRT,-9.62,84.5,984.3,16.98,21,283,-0.70711,0.70711,-0.98787,0.15527,-9.92,-6.49,-9.08
2026-10-10T22:00:00Z,BRT,-9.92,86.7,983.9,16.29,22,283,-0.5,0.86603,-0.98787,0.15527,-9.29,-7.04,-8.6
2026-10-10T23:00:00Z,BRT,-9.29,85.4,981.1,16.98,23,283,-0.25882,0.96593,-0.98787,0.15527,-7.39,-4.16,-10.38
2026-10-11T00:00:00Z,BRT,-7.39,77.3,980.1,12.28,0,284,0.0,1.0,-0.98506,0.17224,-7.2,-4.35,-10.52
2026-10-11T01:00:00Z,BRT,-7.2,79.8,982.0,14.3,1,284,0.25882,0.96593,-0.98506,0.17224,-6.51,-4.57,-11.07
2026-10-11T02:00:00Z,BRT,-6.51,85.8,982.0,14.48,2,284,0.5,0.86603,-0.98506,0.17224,-6.49,-5.4,-9.17
2026-10-11T03:00:00Z,BRT,-6.49,93.2,983.3,11.79,3,284,0.70711,0.70711,-0.98506,0.17224,-7.04,-4.84,-9.08
2026-10-11T04:00:00Z,BRT,-7.04,88.5,982.7,14.98,4,284,0.86603,0.5,-0.98506,0.17224,-4.16,-6.55,-8.29
2026-10-11T05:00:00Z,BRT,-4.16,87.7,985.2,10.73,5,284,0.96593,0.25882,-0.98506,0.17224,-4.35,-7.3,-7.13
2026-10-11T06:00:00Z,BRT,-4.35,79.8,984.7,13.2,6,284,1.0,0.0,-0.98506,0.17224,-4.57,-7.83,-5.96
2026-10-11T07:00:00Z,BRT,-4.57,86.6,985.6,12.59,7,284,0.96593,-0.25882,-0.98506,0.17224,-5.4,-7.21,-6.22
2026-10-11T08:00:00Z,BRT,-5.4,88.4,985.2,8.72,8,284,0.86603,-0.5,-0.98506,0.17224,-4.84,-3.27,-4.88
2026-10-11T09:00:00Z,BRT,-4.84,84.7,985.2,14.84,9,284,0.70711,-0.70711,-0.98506,0.17224,-6.55,-3.23,-3.39
2026-10-11T10:00:00Z,BRT,-6.55,88.2,983.0,17.04,10,284,0.5,-0.86603,-0.98506,0.17224,-7.3,-3.48,0.79
2026-10-11T11:00:00Z,BRT,-7.3,85.4,980.2,12.67,11,284,0.25882,-0.96593,-0.98506,0.17224,-7.83,-2.1,0.08
2026-10-11T12:00:00Z,BRT,-7.83,82.7,982.6,16.5,12,284,0.0,-1.0,-0.98506,0.17224,-7.21,-4.24,-3.23
2026-10-11T13:00:00Z,BRT,-7.21,87.4,981.3,17.37,13,284,-0.25882,-0.96593,-0.98506,0.17224,-3.27,-3.08,-4.28
2026-10-11T14:00:00Z,BRT,-3.27,85.7,977.8,18.38,14,284,-0.5,-0.86603,-0.98506,0.17224,-3.23,-7.39,-4.41
2026-10-11T15:00:00Z,BRT,-3.23,90.0,976.8,20.07,15,284,-0.70711,-0.70711,-0.98506,0.17224,-3.48,-9.08,-2.69
2026-10-11T16:00:00Z,BRT,-3.48,85.4,976.5,18.59,16,284,-0.86603,-0.5,-0.98506,0.17224,-2.1,-8.6,-2.72
2026-10-11T17:00:00Z,BRT,-2.1,95.0,975.0,20.92,17,284,-0.96593,-0.25882,-0.98506,0.17224,-4.24,-10.38,-2.27
2026-10-11T18:00:00Z,BRT,-4.24,99.0,975.9,16.9,18,284,-1.0,-0.0,-0.98506,0.17224,-3.08,-10.52,-3.58
2026-10-11T19:00:00Z,BRT,-3.08,97.3,976.9,18.92,19,284,-0.96593,0.25882,-0.98506,0.17224,-7.39,-11.07,-2.92
2026-10-11T20:00:00Z,BRT,-7.39,79.9,980.1,19.53,20,284,-0.86603,0.5,-0.98506,0.17224,-9.08,-9.17,-2.22
2026-10-11T21:00:00Z,BRT,-9.08,74.7,982.5,15.89,21,284,-0.70711,0.70711,-0.98506,0.17224,-8.6,-9.08,-3.39
2026-10-11T22:00:00Z,BRT,-8.6,81.5,982.1,16.39,22,284,-0.5,0.86603,-0.98506,0.17224,-10.38,-8.29,-2.59
2026-10-11T23:00:00Z,BRT,-10.38,84.5,985.0,14.7,23,284,-0.25882,0.96593,-0.98506,0.17224,-10.52,-7.13,-0.64
2026-10-12T00:00:00Z,BRT,-10.52,83.2,984.3,14.13,0,285,0.0,1.0,-0.98195,0.18916,-11.07,-5.96,-1.57
2026-10-12T01:00:00Z,BRT,-11.07,83.5,983.1,13.73,1,285,0.25882,0.96593,-0.98195,0.18916,-9.17,-6.22,-2.22
2026-10-12T02:00:00Z,BRT,-9.17,83.4,983.0,15.53,2,285,0.5,0.86603,-0.98195,0.18916,-9.08,-4.88,0.05
2026-10-12T03:00:00Z,BRT,-9.08,86.8,983.0,10.34,3,285,0.70711,0.70711,-0.98195,0.18916,-8.29,-3.39,-0.42
2026-10-12T04:00:00Z,BRT,-8.29,80.7,982.9,10.56,4,285,0.86603,0.5,-0.98195,0.18916,-7.13,0.79,-1.78
2026-10-12T05:00:00Z,BRT,-7.13,78.3,984.9,12.49,5,285,0.96593,0.25882,-0.98195,0.18916,-5.96,0.08,-1.11
2026-10-12T06:00:00Z,BRT,-5.96,72.5,984.2,14.98,6,285,1.0,0.0,-0.98195,0.18916,-6.22,-3.23,-1.53
2026-10-12T07:00:00Z,BRT,-6.22,74.4,982.3,12.14,7,285,0.96593,-0.25882,-0.98195,0.18916,-4.88,-4.28,-0.62
2026-10-12T08:00:00Z,BRT,-4.88,80.5,980.5,11.15,8,285,0.86603,-0.5,-0.98195,0.18916,-3.39,-4.41,-1.74
2026-10-12T09:00:00Z,BRT,-3.39,89.7,978.8,17.38,9,285,0.70711,-0.70711,-0.98195,0.18916,0.79,-2.69,-1.29
2026-10-12T10:00:00Z,BRT,0.79,89.7,976.2,15.25,10,285,0.5,-0.86603,-0.98195,0.18916,0.08,-2.72,-0.49
2026-10-12T11:00:00Z,BRT,0.08,99.0,976.2,17.78,11,285,0.25882,-0.96593,-0.98195,0.18916,-3.23,-2.27,0.72
2026-10-12T12:00:00Z,BRT,-3.23,90.7,975.9,13.04,12,285,0.0,-1.0,-0.98195,0.18916,-4.28,-3.58,-5.66
2026-10-12T13:00:00Z,BRT,-4.28,86.7,976.5,16.77,13,285,-0.25882,-0.96593,-0.98195,0.18916,-4.41,-2.92,-4.93
2026-10-12T14:00:00Z,BRT,-4.41,92.3,976.2,13.9,14,285,-0.5,-0.86603,-0.98195,0.18916,-2.69,-2.22,-0.74
2026-10-12T15:00:00Z,BRT,-2.69,95.2,973.5,17.69,15,285,-0.70711,-0.70711,-0.98195,0.18916,-2.72,-3.39,-7.21
2026-10-12T16:00:00Z,BRT,-2.72,99.0,974.6,19.07,16,285,-0.86603,-0.5,-0.98195,0.18916,-2.27,-2.59,-8.35
2026-10-12T17:00:00Z,BRT,-2.27,92.7,972.5,16.94,17,285,-0.96593,-0.25882,-0.98195,0.18916,-3.58,-0.64,-8.4
2026-10-12T18:00:00Z,BRT,-3.58,95.5,974.5,18.39,18,285,-1.0,-0.0,-0.98195,0.18916,-2.92,-1.57,-7.89
2026-10-12T19:00:00Z,BRT,-2.92,89.0,972.4,20.84,19,285,-0.96593,0.25882,-0.98195,0.18916,-2.22,-2.22,-8.62
2026-10-12T20:00:00Z,BRT,-2.22,96.0,971.5,23.43,20,285,-0.86603,0.5,-0.98195,0.18916,-3.39,0.05,-8.39
2026-10-12T21:00:00Z,BRT,-3.39,98.0,969.6,18.2,21,285,-0.70711,0.70711,-0.98195,0.18916,-2.59,-0.42,-8.15
2026-10-12T22:00:00Z,BRT,-2.59,99.0,969.3,17.54,22,285,-0.5,0.86603,-0.98195,0.18916,-0.64,-1.78,-7.6
2026-10-12T23:00:00Z,BRT,-0.64,99.0,969.2,21.1,23,285,-0.25882,0.96593,-0.98195,0.18916,-1.57,-1.11,-8.32
2026-10-13T00:00:00Z,BRT,-1.57,95.5,971.0,16.33,0,286,0.0,1.0,-0.97855,0.20602,-2.22,-1.53,-6.36
2026-10-13T01:00:00Z,BRT,-2.22,87.2,972.9,15.13,1,286,0.25882,0.96593,-0.97855,0.20602,0.05,-0.62,-6.57
2026-10-13T02:00:00Z,BRT,0.05,96.8,972.3,20.83,2,286,0.5,0.86603,-0.97855,0.20602,-0.42,-1.74,-5.43
2026-10-13T03:00:00Z,BRT,-0.42,92.8,971.3,16.75,3,286,0.70711,0.70711,-0.97855,0.20602,-1.78,-1.29,-5.29
2026-10-13T04:00:00Z,BRT,-1.78,80.1,974.6,15.28,4,286,0.86603,0.5,-0.97855,0.20602,-1.11,-0.49,-4.05
2026-10-13T05:00:00Z,BRT,-1.11,94.8,973.7,15.61,5,286,0.96593,0.25882,-0.97855,0.20602,-1.53,0.72,-3.35
2026-10-13T06:00:00Z,BRT,-1.53,85.7,973.2,15.15,6,286,1.0,0.0,-0.97855,0.20602,-0.62,-5.66,-2.89
2026-10-13T07:00:00Z,BRT,-0.62,86.7,975.6,21.33,7,286,0.96593,-0.25882,-0.97855,0.20602,-1.74,-4.93,-1.76
2026-10-13T08:00:00Z,BRT,-1.74,91.9,977.5,13.49,8,286,0.86603,-0.5,-0.97855,0.20602,-1.29,-0.74,-1.83
2026-10-13T09:00:00Z,BRT,-1.29,89.6,977.1,14.65,9,286,0.70711,-0.70711,-0.97855,0.20602,-0.49,-7.21,-3.31
2026-10-13T10:00:00Z,BRT,-0.49,86.0,977.7,14.33,10,286,0.5,-0.86603,-0.97855,0.20602,0.72,-8.35,-3.68
2026-10-13T11:00:00Z,BRT,0.72,92.3,976.7,17.25,11,286,0.25882,-0.96593,-0.97855,0.20602,-5.66,-8.4,-4.8
2026-10-13T12:00:00Z,BRT,-5.66,84.8,979.4,15.9,12,286,0.0,-1.0,-0.97855,0.20602,-4.93,-7.89,-4.08
2026-10-13T13:00:00Z,BRT,-4.93,90.7,978.6,14.37,13,286,-0.25882,-0.96593,-0.97855,0.20602,-0.74,-8.62,-4.29
2026-10-13T14:00:00Z,BRT,-0.74,91.7,977.5,17.09,14,286,-0.5,-0.86603,-0.97855,0.20602,-7.21,-8.39,-4.47
2026-10-13T15:00:00Z,BRT,-7.21,77.9,981.1,15.31,15,286,-0.70711,-0.70711,-0.97855,0.20602,-8.35,-8.15,-4.8
2026-10-13T16:00:00Z,BRT,-8.35,73.5,985.1,16.68,16,286,-0.86603,-0.5,-0.97855,0.20602,-8.4,-7.6,-5.67
2026-10-13T17:00:00Z,BRT,-8.4,84.3,987.8,16.34,17,286,-0.96593,-0.25882,-0.97855,0.20602,-7.89,-8.32,-6.06
2026-10-13T18:00:00Z,BRT,-7.89,76.3,991.0,18.51,18,286,-1.0,-0.0,-0.97855,0.20602,-8.62,-6.36,-7.07
2026-10-13T19:00:00Z,BRT,-8.62,79.7,992.3,15.35,19,286,-0.96593,0.25882,-0.97855,0.20602,-8.39,-6.57,-8.21
2026-10-13T20:00:00Z,BRT,-8.39,71.6,994.9,10.45,20,286,-0.86603,0.5,-0.97855,0.20602,-8.15,-5.43,-9.98
2026-10-13T21:00:00Z,BRT,-8.15,74.3,997.2,14.91,21,286,-0.70711,0.70711,-0.97855,0.20602,-7.6,-5.29,-9.14
2026-10-13T22:00:00Z,BRT,-7.6,66.7,997.6,12.18,22,286,-0.5,0.86603,-0.97855,0.20602,-8.32,-4.05,-9.12
2026-10-13T23:00:00Z,BRT,-8.32,78.8,998.5,13.4,23,286,-0.25882,0.96593,-0.97855,0.20602,-6.36,-3.35,-7.27
2026-10-14T00:00:00Z,BRT,-6.36,74.3,998.9,10.79,0,287,0.0,1.0,-0.97486,0.22282,-6.57,-2.89,-7.55
2026-10-14T01:00:00Z,BRT,-6.57,81.1,996.5,11.08,1,287,0.25882,0.96593,-0.97486,0.22282,-5.43,-1.76,-7.13
2026-10-14T02:00:00Z,BRT,-5.43,64.5,1000.5,9.71,2,287,0.5,0.86603,-0.97486,0.22282,-5.29,-1.83,-7.86
2026-10-14T03:00:00Z,BRT,-5.29,62.4,1002.5,6.87,3,287,0.70711,0.70711,-0.97486,0.22282,-4.05,-3.31,-7.79
2026-10-14T04:00:00Z,BRT,-4.05,66.1,1003.4,7.99,4,287,0.86603,0.5,-0.97486,0.22282,-3.35,-3.68,-7.11
2026-10-14T05:00:00Z,BRT,-3.35,73.6,1004.6,10.76,5,287,0.96593,0.25882,-0.97486,0.22282,-2.89,-4.8,-6.96
2026-10-14T06:00:00Z,BRT,-2.89,63.1,1003.9,6.03,6,287,1.0,0.0,-0.97486,0.22282,-1.76,-4.08,-7.41
2026-10-14T07:00:00Z,BRT,-1.76,69.6,1005.3,6.58,7,287,0.96593,-0.25882,-0.97486,0.22282,-1.83,-4.29,-8.04
2026-10-14T08:00:00Z,BRT,-1.83,66.0,1007.9,2.78,8,287,0.86603,-0.5,-0.97486,0.22282,-3.31,-4.47,-7.92
2026-10-14T09:00:00Z,BRT,-3.31,56.8,1011.1,3.47,9,287,0.70711,-0.70711,-0.97486,0.22282,-3.68,-4.8,-8.4
2026-10-14T10:00:00Z,BRT,-3.68,63.9,1006.6,11.15,10,287,0.5,-0.86603,-0.97486,0.22282,-4.8,-5.67,-8.82
2026-10-14T11:00:00Z,BRT,-4.8,66.3,1006.7,8.1,11,287,0.25882,-0.96593,-0.97486,0.22282,-4.08,-6.06,-10.01
2026-10-14T12:00:00Z,BRT,-4.08,75.3,1007.2,9.46,12,287,0.0,-1.0,-0.97486,0.22282,-4.29,-7.07,-9.35
2026-10-14T13:00:00Z,BRT,-4.29,67.5,1006.8,10.15,13,287,-0.25882,-0.96593,-0.97486,0.22282,-4.47,-8.21,-10.09
2026-10-14T14:00:00Z,BRT,-4.47,59.1,1008.8,6.24,14,287,-0.5,-0.86603,-0.97486,0.22282,-4.8,-9.98,-9.57
2026-10-14T15:00:00Z,BRT,-4.8,69.6,1007.7,10.86,15,287,-0.70711,-0.70711,-0.97486,0.22282,-5.67,-9.14,-10.26
2026-10-14T16:00:00Z,BRT,-5.67,61.1,1004.0,11.47,16,287,-0.86603,-0.5,-0.97486,0.22282,-6.06,-9.12,-11.02
2026-10-14T17:00:00Z,BRT,-6.06,73.2,1005.7,12.7,17,287,-0.96593,-0.25882,-0.97486,0.22282,-7.07,-7.27,-11.18
2026-10-14T18:00:00Z,BRT,-7.07,55.8,1005.1,13.11,18,287,-1.0,-0.0,-0.97486,0.22282,-8.21,-7.55,-11.84
2026-10-14T19:00:00Z,BRT,-8.21,62.5,1006.1,10.99,19,287,-0.96593,0.25882,-0.97486,0.22282,-9.98,-7.13,-10.99
2026-10-14T20:00:00Z,BRT,-9.98,63.5,1003.9,8.78,20,287,-0.86603,0.5,-0.97486,0.22282,-9.14,-7.86,-10.64
2026-10-14T21:00:00Z,BRT,-9.14,63.2,1005.7,10.21,21,287,-0.70711,0.70711,-0.97486,0.22282,-9.12,-7.79,-11.17
2026-10-14T22:00:00Z,BRT,-9.12,65.4,1005.6,8.3,22,287,-0.5,0.86603,-0.97486,0.22282,-7.27,-7.11,-10.99
2026-10-14T23:00:00Z,BRT,-7.27,60.2,1006.8,8.86,23,287,-0.25882,0.96593,-0.97486,0.22282,-7.55,-6.96,-10.85
2026-10-15T00:00:00Z,BRT,-7.55,57.1,1006.4,9.85,0,288,0.0,1.0,-0.97088,0.23956,-7.13,-7.41,-9.88
2026-10-15T01:00:00Z,BRT,-7.13,53.6,1003.5,8.96,1,288,0.25882,0.96593,-0.97088,0.23956,-7.86,-8.04,-9.52
2026-10-15T02:00:00Z,BRT,-7.86,60.5,1002.0,9.31,2,288,0.5,0.86603,-0.97088,0.23956,-7.79,-7.92,-9.9
2026-10-15T03:00:00Z,BRT,-7.79,66.1,1000.6,11.53,3,288,0.70711,0.70711,-0.97088,0.23956,-7.11,-8.4,-8.87
2026-10-15T04:00:00Z,BRT,-7.11,71.7,999.9,8.73,4,288,0.86603,0.5,-0.97088,0.23956,-6.96,-8.82,-9.28
2026-10-15T05:00:00Z,BRT,-6.96,69.2,1001.9,8.93,5,288,0.96593,0.25882,-0.97088,0.23956,-7.41,-10.01,-8.07
2026-10-15T06:00:00Z,BRT,-7.41,61.9,1001.0,7.08,6,288,1.0,0.0,-0.97088,0.23956,-8.04,-9.35,-7.93
2026-10-15T07:00:00Z,BRT,-8.04,67.4,1002.6,6.38,7,288,0.96593,-0.25882,-0.97088,0.23956,-7.92,-10.09,-7.23
2026-10-15T08:00:00Z,BRT,-7.92,65.5,1001.8,6.24,8,288,0.86603,-0.5,-0.97088,0.23956,-8.4,-9.57,-4.7
2026-10-15T09:00:00Z,BRT,-8.4,76.5,998.4,7.97,9,288,0.70711,-0.70711,-0.97088,0.23956,-8.82,-10.26,-4.97
2026-10-15T10:00:00Z,BRT,-8.82,68.8,994.8,13.0,10,288,0.5,-0.86603,-0.97088,0.23956,-10.01,-11.02,-5.39
2026-10-15T11:00:00Z,BRT,-10.01,77.8,994.9,9.07,11,288,0.25882,-0.96593,-0.97088,0.23956,-9.35,-11.18,-5.39
2026-10-15T12:00:00Z,BRT,-9.35,69.1,993.0,9.89,12,288,0.0,-1.0,-0.97088,0.23956,-10.09,-11.84,-5.78
2026-10-15T13:00:00Z,BRT,-10.09,86.0,992.1,12.37,13,288,-0.25882,-0.96593,-0.97088,0.23956,-9.57,-10.99,-5.72
2026-10-15T14:00:00Z,BRT,-9.57,76.1,990.9,8.54,14,288,-0.5,-0.86603,-0.97088,0.23956,-10.26,-10.64,-6.03
2026-10-15T15:00:00Z,BRT,-10.26,82.5,991.2,13.26,15,288,-0.70711,-0.70711,-0.97088,0.23956,-11.02,-11.17,-5.42
2026-10-15T16:00:00Z,BRT,-11.02,82.5,990.6,15.12,16,288,-0.86603,-0.5,-0.97088,0.23956,-11.18,-10.99,-5.87
2026-10-15T17:00:00Z,BRT,-11.18,89.1,988.8,14.14,17,288,-0.96593,-0.25882,-0.97088,0.23956,-11.84,-10.85,-6.54
2026-10-15T18:00:00Z,BRT,-11.84,80.7,988.0,15.77,18,288,-1.0,-0.0,-0.97088,0.23956,-10.99,-9.88,-7.34
2026-10-15T19:00:00Z,BRT,-10.99,80.5,988.3,14.92,19,288,-0.96593,0.25882,-0.97088,0.23956,-10.64,-9.52,-7.03
2026-10-15T20:00:00Z,BRT,-10.64,78.3,987.4,17.23,20,288,-0.86603,0.5,-0.97088,0.23956,-11.17,-9.9,-7.81
2026-10-15T21:00:00Z,BRT,-11.17,84.7,988.4,13.68,21,288,-0.70711,0.70711,-0.97088,0.23956,-10.99,-8.87,-7.27
2026-10-15T22:00:00Z,BRT,-10.99,83.4,986.2,16.2,22,288,-0.5,0.86603,-0.97088,0.23956,-10.85,-9.28,-6.6
2026-10-15T23:00:00Z,BRT,-10.85,84.5,986.7,12.76,23,288,-0.25882,0.96593,-0.97088,0.23956,-9.88,-8.07,-8.03
2026-10-16T00:00:00Z,BRT,-9.88,82.3,986.5,14.98,0,289,0.0,1.0,-0.96662,0.25622,-9.52,-7.93,-7.77
2026-10-16T01:00:00Z,BRT,-9.52,77.5,988.9,10.27,1,289,0.25882,0.96593,-0.96662,0.25622,-9.9,-7.23,-8.67
2026-10-16T02:00:00Z,BRT,-9.9,88.3,986.6,10.9,2,289,0.5,0.86603,-0.96662,0.25622,-8.87,-4.7,-8.12
2026-10-16T03:00:00Z,BRT,-8.87,77.2,985.7,15.02,3,289,0.70711,0.70711,-0.96662,0.25622,-9.28,-4.97,-7.8
2026-10-16T04:00:00Z,BRT,-9.28,80.5,986.0,12.31,4,289,0.86603,0.5,-0.96662,0.25622,-8.07,-5.39,-7.37
2026-10-16T05:00:00Z,BRT,-8.07,76.3,983.5,10.74,5,289,0.96593,0.25882,-0.96662,0.25622,-7.93,-5.39,-6.41
2026-10-16T06:00:00Z,BRT,-7.93,75.0,984.0,11.87,6,289,1.0,0.0,-0.96662,0.25622,-7.23,-5.78,-7.2
2026-10-16T07:00:00Z,BRT,-7.23,88.1,984.9,13.88,7,289,0.96593,-0.25882,-0.96662,0.25622,-4.7,-5.72,-6.81
2026-10-16T08:00:00Z,BRT,-4.7,83.8,985.3,12.6,8,289,0.86603,-0.5,-0.96662,0.25622,-4.97,-6.03,-7.32
2026-10-16T09:00:00Z,BRT,-4.97,75.0,985.0,12.53,9,289,0.70711,-0.70711,-0.96662,0.25622,-5.39,-5.42,-7.38
2026-10-16T10:00:00Z,BRT,-5.39,74.3,988.1,9.78,10,289,0.5,-0.86603,-0.96662,0.25622,-5.39,-5.87,-7.53
2026-10-16T11:00:00Z,BRT,-5.39,83.7,990.3,10.22,11,289,0.25882,-0.96593,-0.96662,0.25622,-5.78,-6.54,-7.62
2026-10-16T12:00:00Z,BRT,-5.78,76.8,991.8,13.34,12,289,0.0,-1.0,-0.96662,0.25622,-5.72,-7.34,-6.31
2026-10-16T13:00:00Z,BRT,-5.72,66.5,992.6,6.74,13,289,-0.25882,-0.96593,-0.96662,0.25622,-6.03,-7.03,-6.02
2026-10-16T14:00:00Z,BRT,-6.03,72.7,995.1,9.39,14,289,-0.5,-0.86603,-0.96662,0.25622,-5.42,-7.81,-5.1
2026-10-16T15:00:00Z,BRT,-5.42,81.5,992.9,11.76,15,289,-0.70711,-0.70711,-0.96662,0.25622,-5.87,-7.27,-5.29
2026-10-16T16:00:00Z,BRT,-5.87,85.8,992.5,13.68,16,289,-0.86603,-0.5,-0.96662,0.25622,-6.54,-6.6,-6.29
2026-10-16T17:00:00Z,BRT,-6.54,71.6,990.5,11.51,17,289,-0.96593,-0.25882,-0.96662,0.25622,-7.34,-8.03,-4.02
2026-10-16T18:00:00Z,BRT,-7.34,75.9,993.9,13.54,18,289,-1.0,-0.0,-0.96662,0.25622,-7.03,-7.77,-3.81
2026-10-16T19:00:00Z,BRT,-7.03,88.0,992.6,14.08,19,289,-0.96593,0.25882,-0.96662,0.25622,-7.81,-8.67,-4.9
2026-10-16T20:00:00Z,BRT,-7.81,69.4,993.9,13.62,20,289,-0.86603,0.5,-0.96662,0.25622,-7.27,-8.12,-4.64
2026-10-16T21:00:00Z,BRT,-7.27,62.7,994.4,13.53,21,289,-0.70711,0.70711,-0.96662,0.25622,-6.6,-7.8,-5.02
2026-10-16T22:00:00Z,BRT,-6.6,76.6,994.0,12.85,22,289,-0.5,0.86603,-0.96662,0.25622,-8.03,-7.37,-5.58
2026-10-16T23:00:00Z,BRT,-8.03,68.2,993.4,11.23,23,289,-0.25882,0.96593,-0.96662,0.25622,-7.77,-6.41,-5.92
2026-10-17T00:00:00Z,BRT,-7.77,74.5,995.0,11.44,0,290,0.0,1.0,-0.96207,0.27281,-8.67,-7.2,-4.6
2026-10-17T01:00:00Z,BRT,-8.67,72.3,995.5,9.48,1,290,0.25882,0.96593,-0.96207,0.27281,-8.12,-6.81,-5.06
2026-10-17T02:00:00Z,BRT,-8.12,73.5,994.6,9.89,2,290,0.5,0.86603,-0.96207,0.27281,-7.8,-7.32,-5.33
2026-10-17T03:00:00Z,BRT,-7.8,68.5,995.0,8.43,3,290,0.70711,0.70711,-0.96207,0.27281,-7.37,-7.38,-4.49
2026-10-17T04:00:00Z,BRT,-7.37,74.4,994.6,8.47,4,290,0.86603,0.5,-0.96207,0.27281,-6.41,-7.53,-5.19
2026-10-17T05:00:00Z,BRT,-6.41,75.0,994.3,12.67,5,290,0.96593,0.25882,-0.96207,0.27281,-7.2,-7.62,-5.48
2026-10-17T06:00:00Z,BRT,-7.2,72.5,994.4,13.74,6,290,1.0,0.0,-0.96207,0.27281,-6.81,-6.31,-5.93
2026-10-17T07:00:00Z,BRT,-6.81,77.1,993.3,6.44,7,290,0.96593,-0.25882,-0.96207,0.27281,-7.32,-6.02,-7.0
2026-10-17T08:00:00Z,BRT,-7.32,79.9,992.5,9.91,8,290,0.86603,-0.5,-0.96207,0.27281,-7.38,-5.1,-6.52
2026-10-17T09:00:00Z,BRT,-7.38,73.9,995.0,11.84,9,290,0.70711,-0.70711,-0.96207,0.27281,-7.53,-5.29,-6.84
2026-10-17T10:00:00Z,BRT,-7.53,72.6,994.4,6.51,10,290,0.5,-0.86603,-0.96207,0.27281,-7.62,-6.29,-7.51
2026-10-17T11:00:00Z,BRT,-7.62,77.6,993.0,10.14,11,290,0.25882,-0.96593,-0.96207,0.27281,-6.31,-4.02,-6.94
2026-10-17T12:00:00Z,BRT,-6.31,78.1,991.2,8.53,12,290,0.0,-1.0,-0.96207,0.27281,-6.02,-3.81,-7.04
2026-10-17T13:00:00Z,BRT,-6.02,72.5,988.1,13.02,13,290,-0.25882,-0.96593,-0.96207,0.27281,-5.1,-4.9,-8.25
2026-10-17T14:00:00Z,BRT,-5.1,81.9,989.3,10.56,14,290,-0.5,-0.86603,-0.96207,0.27281,-5.29,-4.64,-9.13
2026-10-17T15:00:00Z,BRT,-5.29,82.1,989.4,13.93,15,290,-0.70711,-0.70711,-0.96207,0.27281,-6.29,-5.02,-9.1
2026-10-17T16:00:00Z,BRT,-6.29,72.3,990.9,13.73,16,290,-0.86603,-0.5,-0.96207,0.27281,-4.02,-5.58,-9.38
2026-10-17T17:00:00Z,BRT,-4.02,77.7,991.4,17.44,17,290,-0.96593,-0.25882,-0.96207,0.27281,-3.81,-5.92,-10.02
2026-10-17T18:00:00Z,BRT,-3.81,79.4,991.0,16.14,18,290,-1.0,-0.0,-0.96207,0.27281,-4.9,-4.6,-9.47
2026-10-17T19:00:00Z,BRT,-4.9,77.6,986.7,12.96,19,290,-0.96593,0.25882,-0.96207,0.27281,-4.64,-5.06,-8.93
2026-10-17T20:00:00Z,BRT,-4.64,81.7,988.4,11.97,20,290,-0.86603,0.5,-0.96207,0.27281,-5.02,-5.33,-8.32
2026-10-17T21:00:00Z,BRT,-5.02,78.9,987.4,14.15,21,290,-0.70711,0.70711,-0.96207,0.27281,-5.58,-4.49,-6.93
2026-10-17T22:00:00Z,BRT,-5.58,77.6,988.3,9.74,22,290,-0.5,0.86603,-0.96207,0.27281,-5.92,-5.19,-6.58
2026-10-17T23:00:00Z,BRT,-5.92,81.1,987.0,12.1,23,290,-0.25882,0.96593,-0.96207,0.27281,-4.6,-5.48,-6.55
2026-10-18T00:00:00Z,BRT,-4.6,77.6,987.1,12.67,0,291,0.0,1.0,-0.95723,0.28932,-5.06,-5.93,-7.29
2026-10-18T01:00:00Z,BRT,-5.06,77.7,987.5,13.7,1,291,0.25882,0.96593,-0.95723,0.28932,-5.33,-7.0,-7.84
2026-10-18T02:00:00Z,BRT,-5.33,79.3,986.4,12.76,2,291,0.5,0.86603,-0.95723,0.28932,-4.49,-6.52,-8.35
2026-10-18T03:00:00Z,BRT,-4.49,87.2,986.0,16.67,3,291,0.70711,0.70711,-0.95723,0.28932,-5.19,-6.84,-7.8
2026-10-18T04:00:00Z,BRT,-5.19,75.6,989.2,9.17,4,291,0.86603,0.5,-0.95723,0.28932,-5.48,-7.51,-7.79
2026-10-18T05:00:00Z,BRT,-5.48,78.7,988.0,10.69,5,291,0.96593,0.25882,-0.95723,0.28932,-5.93,-6.94,-7.94
2026-10-18T06:00:00Z,BRT,-5.93,77.9,991.0,11.1,6,291,1.0,0.0,-0.95723,0.28932,-7.0,-7.04,-6.68
2026-10-18T07:00:00Z,BRT,-7.0,70.0,992.4,9.77,7,291,0.96593,-0.25882,-0.95723,0.28932,-6.52,-8.25,-8.04
2026-10-18T08:00:00Z,BRT,-6.52,74.0,991.6,7.75,8,291,0.86603,-0.5,-0.95723,0.28932,-6.84,-9.13,-6.9
2026-10-18T09:00:00Z,BRT,-6.84,84.3,991.8,13.58,9,291,0.70711,-0.70711,-0.95723,0.28932,-7.51,-9.1,-7.19
2026-10-18T10:00:00Z,BRT,-7.51,82.4,990.8,11.64,10,291,0.5,-0.86603,-0.95723,0.28932,-6.94,-9.38,-6.73
2026-10-18T11:00:00Z,BRT,-6.94,81.1,991.6,8.53,11,291,0.25882,-0.96593,-0.95723,0.28932,-7.04,-10.02,-5.75
2026-10-18T12:00:00Z,BRT,-7.04,75.0,994.3,8.7,12,291,0.0,-1.0,-0.95723,0.28932,-8.25,-9.47,-6.13
2026-10-18T13:00:00Z,BRT,-8.25,71.3,995.5,13.37,13,291,-0.25882,-0.96593,-0.95723,0.28932,-9.13,-8.93,-6.46
2026-10-18T14:00:00Z,BRT,-9.13,78.9,994.4,11.57,14,291,-0.5,-0.86603,-0.95723,0.28932,-9.1,-8.32,-6.5
2026-10-18T15:00:00Z,BRT,-9.1,78.5,995.2,13.36,15,291,-0.70711,-0.70711,-0.95723,0.28932,-9.38,-6.93,-8.27
2026-10-18T16:00:00Z,BRT,-9.38,77.8,995.7,12.65,16,291,-0.86603,-0.5,-0.95723,0.28932,-10.02,-6.58,-7.45
2026-10-18T17:00:00Z,BRT,-10.02,76.2,996.4,15.44,17,291,-0.96593,-0.25882,-0.95723,0.28932,-9.47,-6.55,-6.63
2026-10-18T18:00:00Z,BRT,-9.47,81.0,998.8,9.64,18,291,-1.0,-0.0,-0.95723,0.28932,-8.93,-7.29,-6.41
2026-10-18T19:00:00Z,BRT,-8.93,77.9,998.1,13.14,19,291,-0.96593,0.25882,-0.95723,0.28932,-8.32,-7.84,-6.3
2026-10-18T20:00:00Z,BRT,-8.32,70.9,999.0,11.38,20,291,-0.86603,0.5,-0.95723,0.28932,-6.93,-8.35,-7.7
2026-10-18T21:00:00Z,BRT,-6.93,69.6,1001.3,11.47,21,291,-0.70711,0.70711,-0.95723,0.28932,-6.58,-7.8,-7.47
2026-10-18T22:00:00Z,BRT,-6.58,66.6,1006.0,9.25,22,291,-0.5,0.86603,-0.95723,0.28932,-6.55,-7.79,-7.06
2026-10-18T23:00:00Z,BRT,-6.55,62.9,1005.6,5.84,23,291,-0.25882,0.96593,-0.95723,0.28932,-7.29,-7.94,-7.3
2026-10-19T00:00:00Z,BRT,-7.29,69.6,1006.7,7.55,0,292,0.0,1.0,-0.95211,0.30574,-7.84,-6.68,-6.68
2026-10-19T01:00:00Z,BRT,-7.84,68.5,1005.2,6.47,1,292,0.25882,0.96593,-0.95211,0.30574,-8.35,-8.04,-5.34
2026-10-19T02:00:00Z,BRT,-8.35,52.2,1010.7,6.59,2,292,0.5,0.86603,-0.95211,0.30574,-7.8,-6.9,-5.09
2026-10-19T03:00:00Z,BRT,-7.8,58.6,1010.2,4.53,3,292,0.70711,0.70711,-0.95211,0.30574,-7.79,-7.19,-4.3
2026-10-19T04:00:00Z,BRT,-7.79,62.5,1012.3,1.83,4,292,0.86603,0.5,-0.95211,0.30574,-7.94,-6.73,-3.64
2026-10-19T05:00:00Z,BRT,-7.94,63.0,1011.6,7.19,5,292,0.96593,0.25882,-0.95211,0.30574,-6.68,-5.75,-4.51
2026-10-19T06:00:00Z,BRT,-6.68,63.9,1011.8,6.51,6,292,1.0,0.0,-0.95211,0.30574,-8.04,-6.13,-4.07
2026-10-19T07:00:00Z,BRT,-8.04,64.6,1010.8,6.97,7,292,0.96593,-0.25882,-0.95211,0.30574,-6.9,-6.46,-4.84
2026-10-19T08:00:00Z,BRT,-6.9,67.7,1009.3,7.28,8,292,0.86603,-0.5,-0.95211,0.30574,-7.19,-6.5,-5.89
2026-10-19T09:00:00Z,BRT,-7.19,56.6,1012.2,7.01,9,292,0.70711,-0.70711,-0.95211,0.30574,-6.73,-8.27,-6.33
2026-10-19T10:00:00Z,BRT,-6.73,54.6,1012.6,4.69,10,292,0.5,-0.86603,-0.95211,0.30574,-5.75,-7.45,-7.63
2026-10-19T11:00:00Z,BRT,-5.75,70.0,1013.5,6.94,11,292,0.25882,-0.96593,-0.95211,0.30574,-6.13,-6.63,-7.98
2026-10-19T12:00:00Z,BRT,-6.13,68.9,1009.8,7.21,12,292,0.0,-1.0,-0.95211,0.30574,-6.46,-6.41,-8.94
2026-10-19T13:00:00Z,BRT,-6.46,58.5,1007.4,5.38,13,292,-0.25882,-0.96593,-0.95211,0.30574,-6.5,-6.3,-8.4
2026-10-19T14:00:00Z,BRT,-6.5,60.3,1009.9,6.42,14,292,-0.5,-0.86603,-0.95211,0.30574,-8.27,-7.7,-8.46
2026-10-19T15:00:00Z,BRT,-8.27,60.4,1011.4,7.45,15,292,-0.70711,-0.70711,-0.95211,0.30574,-7.45,-7.47,-7.96
2026-10-19T16:00:00Z,BRT,-7.45,57.9,1013.0,7.99,16,292,-0.86603,-0.5,-0.95211,0.30574,-6.63,-7.06,-8.03
2026-10-19T17:00:00Z,BRT,-6.63,61.8,1014.6,8.28,17,292,-0.96593,-0.25882,-0.95211,0.30574,-6.41,-7.3,-8.18
2026-10-19T18:00:00Z,BRT,-6.41,48.3,1018.6,4.73,18,292,-1.0,-0.0,-0.95211,0.30574,-6.3,-6.68,-7.71
2026-10-19T19:00:00Z,BRT,-6.3,54.3,1020.8,9.0,19,292,-0.96593,0.25882,-0.95211,0.30574,-7.7,-5.34,-7.54
2026-10-19T20:00:00Z,BRT,-7.7,57.3,1019.4,9.5,20,292,-0.86603,0.5,-0.95211,0.30574,-7.47,-5.09,-7.38
2026-10-19T21:00:00Z,BRT,-7.47,54.4,1021.0,7.26,21,292,-0.70711,0.70711,-0.95211,0.30574,-7.06,-4.3,-8.04
2026-10-19T22:00:00Z,BRT,-7.06,48.9,1020.1,4.58,22,292,-0.5,0.86603,-0.95211,0.30574,-7.3,-3.64,-8.7
2026-10-19T23:00:00Z,BRT,-7.3,51.7,1019.0,3.84,23,292,-0.25882,0.96593,-0.95211,0.30574,-6.68,-4.51,-8.9
2026-10-20T00:00:00Z,BRT,-6.68,57.5,1016.8,1.2,0,293,0.0,1.0,-0.94671,0.32208,-5.34,-4.07,-8.64
2026-10-20T01:00:00Z,BRT,-5.34,61.1,1019.2,4.36,1,293,0.25882,0.96593,-0.94671,0.32208,-5.09,-4.84,-7.83
2026-10-20T02:00:00Z,BRT,-5.09,61.4,1017.0,2.88,2,293,0.5,0.86603,-0.94671,0.32208,-4.3,-5.89,-7.49
2026-10-20T03:00:00Z,BRT,-4.3,55.1,1015.6,1.56,3,293,0.70711,0.70711,-0.94671,0.32208,-3.64,-6.33,-6.5
2026-10-20T04:00:00Z,BRT,-3.64,44.4,1016.4,5.66,4,293,0.86603,0.5,-0.94671,0.32208,-4.51,-7.63,-6.39
2026-10-20T05:00:00Z,BRT,-4.51,54.1,1015.1,4.33,5,293,0.96593,0.25882,-0.94671,0.32208,-4.07,-7.98,-5.96
2026-10-20T06:00:00Z,BRT,-4.07,54.8,1010.6,6.28,6,293,1.0,0.0,-0.94671,0.32208,-4.84,-8.94,-6.25
2026-10-20T07:00:00Z,BRT,-4.84,70.4,1008.6,7.56,7,293,0.96593,-0.25882,-0.94671,0.32208,-5.89,-8.4,-6.55
2026-10-20T08:00:00Z,BRT,-5.89,61.0,1008.1,10.26,8,293,0.86603,-0.5,-0.94671,0.32208,-6.33,-8.46,-7.67
2026-10-20T09:00:00Z,BRT,-6.33,56.8,1004.8,8.66,9,293,0.70711,-0.70711,-0.94671,0.32208,-7.63,-7.96,-7.67
2026-10-20T10:00:00Z,BRT,-7.63,62.5,1004.4,11.07,10,293,0.5,-0.86603,-0.94671,0.32208,-7.98,-8.03,-7.04
2026-10-20T11:00:00Z,BRT,-7.98,61.6,1001.0,11.16,11,293,0.25882,-0.96593,-0.94671,0.32208,-8.94,-8.18,-6.51
2026-10-20T12:00:00Z,BRT,-8.94,74.0,998.7,10.23,12,293,0.0,-1.0,-0.94671,0.32208,-8.4,-7.71,-8.9
2026-10-20T13:00:00Z,BRT,-8.4,77.8,993.5,13.03,13,293,-0.25882,-0.96593,-0.94671,0.32208,-8.46,-7.54,-8.8
2026-10-20T14:00:00Z,BRT,-8.46,72.8,992.1,8.32,14,293,-0.5,-0.86603,-0.94671,0.32208,-7.96,-7.38,-9.6
2026-10-20T15:00:00Z,BRT,-7.96,82.3,990.2,11.05,15,293,-0.70711,-0.70711,-0.94671,0.32208,-8.03,-8.04,-10.88
2026-10-20T16:00:00Z,BRT,-8.03,73.0,992.3,13.39,16,293,-0.86603,-0.5,-0.94671,0.32208,-8.18,-8.7,-11.25
2026-10-20T17:00:00Z,BRT,-8.18,79.1,992.0,16.0,17,293,-0.96593,-0.25882,-0.94671,0.32208,-7.71,-8.9,-12.15
2026-10-20T18:00:00Z,BRT,-7.71,78.8,991.3,16.53,18,293,-1.0,-0.0,-0.94671,0.32208,-7.54,-8.64,-12.06
2026-10-20T19:00:00Z,BRT,-7.54,78.7,991.8,15.67,19,293,-0.96593,0.25882,-0.94671,0.32208,-7.38,-7.83,-6.7
2026-10-20T20:00:00Z,BRT,-7.38,80.0,989.5,17.43,20,293,-0.86603,0.5,-0.94671,0.32208,-8.04,-7.49,-10.99
2026-10-20T21:00:00Z,BRT,-8.04,83.3,988.3,14.73,21,293,-0.70711,0.70711,-0.94671,0.32208,-8.7,-6.5,-5.77
2026-10-20T22:00:00Z,BRT,-8.7,88.9,986.3,14.95,22,293,-0.5,0.86603,-0.94671,0.32208,-8.9,-6.39,-11.07
2026-10-20T23:00:00Z,BRT,-8.9,87.9,987.0,8.05,23,293,-0.25882,0.96593,-0.94671,0.32208,-8.64,-5.96,-9.72
2026-10-21T00:00:00Z,BRT,-8.64,79.2,984.3,11.32,0,294,0.0,1.0,-0.94103,0.33831,-7.83,-6.25,-9.72
2026-10-21T01:00:00Z,BRT,-7.83,86.9,981.2,15.29,1,294,0.25882,0.96593,-0.94103,0.33831,-7.49,-6.55,-8.67
2026-10-21T02:00:00Z,BRT,-7.49,87.6,980.2,11.21,2,294,0.5,0.86603,-0.94103,0.33831,-6.5,-7.67,-6.94
2026-10-21T03:00:00Z,BRT,-6.5,86.2,979.1,16.84,3,294,0.70711,0.70711,-0.94103,0.33831,-6.39,-7.67,-6.9
2026-10-21T04:00:00Z,BRT,-6.39,89.2,979.6,13.64,4,294,0.86603,0.5,-0.94103,0.33831,-5.96,-7.04,-7.34
2026-10-21T05:00:00Z,BRT,-5.96,85.3,980.5,14.49,5,294,0.96593,0.25882,-0.94103,0.33831,-6.25,-6.51,-7.32
2026-10-21T06:00:00Z,BRT,-6.25,84.4,982.7,16.8,6,294,1.0,0.0,-0.94103,0.33831,-6.55,-8.9,-6.31
2026-10-21T07:00:00Z,BRT,-6.55,73.5,986.9,9.48,7,294,0.96593,-0.25882,-0.94103,0.33831,-7.67,-8.8,-7.37
2026-10-21T08:00:00Z,BRT,-7.67,82.1,985.9,15.99,8,294,0.86603,-0.5,-0.94103,0.33831,-7.67,-9.6,-6.56
2026-10-21T09:00:00Z,BRT,-7.67,79.5,986.4,14.55,9,294,0.70711,-0.70711,-0.94103,0.33831,-7.04,-10.88,-7.41
2026-10-21T10:00:00Z,BRT,-7.04,89.9,985.6,11.45,10,294,0.5,-0.86603,-0.94103,0.33831,-6.51,-11.25,-7.66
2026-10-21T11:00:00Z,BRT,-6.51,85.1,983.9,17.73,11,294,0.25882,-0.96593,-0.94103,0.33831,-8.9,-12.15,-7.26
2026-10-21T12:00:00Z,BRT,-8.9,88.5,979.1,15.7,12,294,0.0,-1.0,-0.94103,0.33831,-8.8,-12.06,-7.39
2026-10-21T13:00:00Z,BRT,-8.8,85.6,979.3,16.22,13,294,-0.25882,-0.96593,-0.94103,0.33831,-9.6,-6.7,-7.16
2026-10-21T14:00:00Z,BRT,-9.6,82.0,982.0,14.63,14,294,-0.5,-0.86603,-0.94103,0.33831,-10.88,-10.99,-5.77
2026-10-21T15:00:00Z,BRT,-10.88,88.1,982.9,13.84,15,294,-0.70711,-0.70711,-0.94103,0.33831,-11.25,-5.77,-4.73
2026-10-21T16:00:00Z,BRT,-11.25,90.0,980.9,18.54,16,294,-0.86603,-0.5,-0.94103,0.33831,-12.15,-11.07,-4.53
2026-10-21T17:00:00Z,BRT,-12.15,83.4,979.9,18.83,17,294,-0.96593,-0.25882,-0.94103,0.33831,-12.06,-9.72,-2.51
2026-10-21T18:00:00Z,BRT,-12.06,97.1,979.7,16.99,18,294,-1.0,-0.0,-0.94103,0.33831,-6.7,-9.72,-3.02
2026-10-21T19:00:00Z,BRT,-6.7,90.7,977.9,18.2,19,294,-0.96593,0.25882,-0.94103,0.33831,-10.99,-8.67,-3.3
2026-10-21T20:00:00Z,BRT,-10.99,90.4,978.2,18.13,20,294,-0.86603,0.5,-0.94103,0.33831,-5.77,-6.94,-1.69
2026-10-21T21:00:00Z,BRT,-5.77,90.2,977.1,18.29,21,294,-0.70711,0.70711,-0.94103,0.33831,-11.07,-6.9,-2.95
2026-10-21T22:00:00Z,BRT,-11.07,84.2,979.5,14.2,22,294,-0.5,0.86603,-0.94103,0.33831,-9.72,-7.34,-2.85
2026-10-21T23:00:00Z,BRT,-9.72,81.6,984.6,14.27,23,294,-0.25882,0.96593,-0.94103,0.33831,-9.72,-7.32,-3.95
2026-10-22T00:00:00Z,BRT,-9.72,84.6,984.6,13.65,0,295,0.0,1.0,-0.93507,0.35445,-8.67,-6.31,-2.66
2026-10-22T01:00:00Z,BRT,-8.67,76.7,983.9,12.31,1,295,0.25882,0.96593,-0.93507,0.35445,-6.94,-7.37,-2.33
2026-10-22T02:00:00Z,BRT,-6.94,75.3,982.9,15.29,2,295,0.5,0.86603,-0.93507,0.35445,-6.9,-6.56,-1.36
2026-10-22T03:00:00Z,BRT,-6.9,82.9,983.3,17.2,3,295,0.70711,0.70711,-0.93507,0.35445,-7.34,-7.41,-0.82
2026-10-22T04:00:00Z,BRT,-7.34,78.8,983.9,15.01,4,295,0.86603,0.5,-0.93507,0.35445,-7.32,-7.66,-1.09
2026-10-22T05:00:00Z,BRT,-7.32,86.4,983.6,15.63,5,295,0.96593,0.25882,-0.93507,0.35445,-6.31,-7.26,-2.09
2026-10-22T06:00:00Z,BRT,-6.31,90.2,984.8,14.76,6,295,1.0,0.0,-0.93507,0.35445,-7.37,-7.39,-2.82
2026-10-22T07:00:00Z,BRT,-7.37,89.2,981.0,12.62,7,295,0.96593,-0.25882,-0.93507,0.35445,-6.56,-7.16,-2.11
2026-10-22T08:00:00Z,BRT,-6.56,84.9,981.0,15.94,8,295,0.86603,-0.5,-0.93507,0.35445,-7.41,-5.77,0.23
2026-10-22T09:00:00Z,BRT,-7.41,87.5,981.9,10.51,9,295,0.70711,-0.70711,-0.93507,0.35445,-7.66,-4.73,-0.25
2026-10-22T10:00:00Z,BRT,-7.66,70.1,984.1,14.1,10,295,0.5,-0.86603,-0.93507,0.35445,-7.26,-4.53,-0.25
2026-10-22T11:00:00Z,BRT,-7.26,76.7,986.6,11.77,11,295,0.25882,-0.96593,-0.93507,0.35445,-7.39,-2.51,-1.68
2026-10-22T12:00:00Z,BRT,-7.39,75.1,989.6,12.86,12,295,0.0,-1.0,-0.93507,0.35445,-7.16,-3.02,-2.36
2026-10-22T13:00:00Z,BRT,-7.16,84.1,988.9,9.31,13,295,-0.25882,-0.96593,-0.93507,0.35445,-5.77,-3.3,-3.77
2026-10-22T14:00:00Z,BRT,-5.77,77.4,988.9,9.7,14,295,-0.5,-0.86603,-0.93507,0.35445,-4.73,-1.69,-5.09
2026-10-22T15:00:00Z,BRT,-4.73,82.0,987.5,12.12,15,295,-0.70711,-0.70711,-0.93507,0.35445,-4.53,-2.95,-5.75
2026-10-22T16:00:00Z,BRT,-4.53,68.9,988.8,14.86,16,295,-0.86603,-0.5,-0.93507,0.35445,-2.51,-2.85,-6.59
2026-10-22T17:00:00Z,BRT,-2.51,85.0,987.4,18.82,17,295,-0.96593,-0.25882,-0.93507,0.35445,-3.02,-3.95,-7.56
2026-10-22T18:00:00Z,BRT,-3.02,75.1,987.3,18.09,18,295,-1.0,-0.0,-0.93507,0.35445,-3.3,-2.66,-6.94
2026-10-22T19:00:00Z,BRT,-3.3,77.6,986.4,15.16,19,295,-0.96593,0.25882,-0.93507,0.35445,-1.69,-2.33,-7.75
2026-10-22T20:00:00Z,BRT,-1.69,77.4,988.1,16.1,20,295,-0.86603,0.5,-0.93507,0.35445,-2.95,-1.36,-8.02
2026-10-22T21:00:00Z,BRT,-2.95,73.0,985.7,15.69,21,295,-0.70711,0.70711,-0.93507,0.35445,-2.85,-0.82,-8.18
2026-10-22T22:00:00Z,BRT,-2.85,75.6,987.6,17.11,22,295,-0.5,0.86603,-0.93507,0.35445,-3.95,-1.09,-8.81
2026-10-22T23:00:00Z,BRT,-3.95,84.1,984.7,16.2,23,295,-0.25882,0.96593,-0.93507,0.35445,-2.66,-2.09,-8.74
2026-10-23T00:00:00Z,BRT,-2.66,88.6,984.1,13.15,0,296,0.0,1.0,-0.92884,0.37048,-2.33,-2.82,-8.26
2026-10-23T01:00:00Z,BRT,-2.33,80.4,986.0,12.13,1,296,0.25882,0.96593,-0.92884,0.37048,-1.36,-2.11,-6.73
2026-10-23T02:00:00Z,BRT,-1.36,70.8,987.1,10.53,2,296,0.5,0.86603,-0.92884,0.37048,-0.82,0.23,-6.67
2026-10-23T03:00:00Z,BRT,-0.82,83.0,990.8,10.39,3,296,0.70711,0.70711,-0.92884,0.37048,-1.09,-0.25,-7.2
2026-10-23T04:00:00Z,BRT,-1.09,82.2,992.7,9.86,4,296,0.86603,0.5,-0.92884,0.37048,-2.09,-0.25,-7.26
2026-10-23T05:00:00Z,BRT,-2.09,81.9,990.0,11.75,5,296,0.96593,0.25882,-0.92884,0.37048,-2.82,-1.68,-6.88
2026-10-23T06:00:00Z,BRT,-2.82,85.5,986.6,13.79,6,296,1.0,0.0,-0.92884,0.37048,-2.11,-2.36,-6.84
2026-10-23T07:00:00Z,BRT,-2.11,75.8,985.7,14.1,7,296,0.96593,-0.25882,-0.92884,0.37048,0.23,-3.77,-5.75
2026-10-23T08:00:00Z,BRT,0.23,84.8,983.8,12.46,8,296,0.86603,-0.5,-0.92884,0.37048,-0.25,-5.09,-5.07
2026-10-23T09:00:00Z,BRT,-0.25,83.5,987.1,9.83,9,296,0.70711,-0.70711,-0.92884,0.37048,-0.25,-5.75,-4.44
2026-10-23T10:00:00Z,BRT,-0.25,74.8,988.1,14.31,10,296,0.5,-0.86603,-0.92884,0.37048,-1.68,-6.59,-3.97
2026-10-23T11:00:00Z,BRT,-1.68,82.6,986.7,16.73,11,296,0.25882,-0.96593,-0.92884,0.37048,-2.36,-7.56,-4.8
2026-10-23T12:00:00Z,BRT,-2.36,84.6,985.7,14.4,12,296,0.0,-1.0,-0.92884,0.37048,-3.77,-6.94,-6.44
2026-10-23T13:00:00Z,BRT,-3.77,82.6,986.2,12.75,13,296,-0.25882,-0.96593,-0.92884,0.37048,-5.09,-7.75,-7.08
2026-10-23T14:00:00Z,BRT,-5.09,86.9,988.0,12.45,14,296,-0.5,-0.86603,-0.92884,0.37048,-5.75,-8.02,-5.57
2026-10-23T15:00:00Z,BRT,-5.75,73.3,988.2,14.12,15,296,-0.70711,-0.70711,-0.92884,0.37048,-6.59,-8.18,-7.0
2026-10-23T16:00:00Z,BRT,-6.59,93.6,989.4,14.55,16,296,-0.86603,-0.5,-0.92884,0.37048,-7.56,-8.81,-6.38
2026-10-23T17:00:00Z,BRT,-7.56,77.1,991.2,15.23,17,296,-0.96593,-0.25882,-0.92884,0.37048,-6.94,-8.74,-6.57
2026-10-23T18:00:00Z,BRT,-6.94,88.6,990.9,15.14,18,296,-1.0,-0.0,-0.92884,0.37048,-7.75,-8.26,-5.79
2026-10-23T19:00:00Z,BRT,-7.75,78.4,990.4,12.43,19,296,-0.96593,0.25882,-0.92884,0.37048,-8.02,-6.73,-4.95
2026-10-23T20:00:00Z,BRT,-8.02,73.0,989.9,10.49,20,296,-0.86603,0.5,-0.92884,0.37048,-8.18,-6.67,-4.87
2026-10-23T21:00:00Z,BRT,-8.18,79.3,993.1,15.77,21,296,-0.70711,0.70711,-0.92884,0.37048,-8.81,-7.2,-3.52
2026-10-23T22:00:00Z,BRT,-8.81,80.0,994.0,12.82,22,296,-0.5,0.86603,-0.92884,0.37048,-8.74,-7.26,-4.46
2026-10-23T23:00:00Z,BRT,-8.74,74.2,995.4,11.77,23,296,-0.25882,0.96593,-0.92884,0.37048,-8.26,-6.88,-5.83
2026-10-24T00:00:00Z,BRT,-8.26,75.1,994.5,8.44,0,297,0.0,1.0,-0.92233,0.38641,-6.73,-6.84,-5.76
2026-10-24T01:00:00Z,BRT,-6.73,75.2,994.7,10.99,1,297,0.25882,0.96593,-0.92233,0.38641,-6.67,-5.75,-6.25
2026-10-24T02:00:00Z,BRT,-6.67,68.9,998.7,7.64,2,297,0.5,0.86603,-0.92233,0.38641,-7.2,-5.07,-6.93
2026-10-24T03:00:00Z,BRT,-7.2,74.5,997.4,10.03,3,297,0.70711,0.70711,-0.92233,0.38641,-7.26,-4.44,-7.26
2026-10-24T04:00:00Z,BRT,-7.26,75.2,997.5,10.37,4,297,0.86603,0.5,-0.92233,0.38641,-6.88,-3.97,-6.78
2026-10-24T05:00:00Z,BRT,-6.88,67.0,999.7,7.25,5,297,0.96593,0.25882,-0.92233,0.38641,-6.84,-4.8,-7.54
2026-10-24T06:00:00Z,BRT,-6.84,63.5,1002.7,8.24,6,297,1.0,0.0,-0.92233,0.38641,-5.75,-6.44,-6.74
2026-10-24T07:00:00Z,BRT,-5.75,67.3,1002.2,11.57,7,297,0.96593,-0.25882,-0.92233,0.38641,-5.07,-7.08,-7.51
2026-10-24T08:00:00Z,BRT,-5.07,64.7,1001.4,11.35,8,297,0.86603,-0.5,-0.92233,0.38641,-4.44,-5.57,-8.36
2026-10-24T09:00:00Z,BRT,-4.44,66.1,1003.1,8.47,9,297,0.70711,-0.70711,-0.92233,0.38641,-3.97,-7.0,-8.21
2026-10-24T10:00:00Z,BRT,-3.97,61.0,1007.5,5.53,10,297,0.5,-0.86603,-0.92233,0.38641,-4.8,-6.38,-10.21
2026-10-24T11:00:00Z,BRT,-4.8,60.3,1007.8,6.46,11,297,0.25882,-0.96593,-0.92233,0.38641,-6.44,-6.57,-11.54
2026-10-24T12:00:00Z,BRT,-6.44,57.2,1009.1,0.86,12,297,0.0,-1.0,-0.92233,0.38641,-7.08,-5.79,-11.71
2026-10-24T13:00:00Z,BRT,-7.08,57.7,1007.4,6.43,13,297,-0.25882,-0.96593,-0.92233,0.38641,-5.57,-4.95,-10.95
2026-10-24T14:00:00Z,BRT,-5.57,67.9,1008.0,4.7,14,297,-0.5,-0.86603,-0.92233,0.38641,-7.0,-4.87,-12.57
2026-10-24T15:00:00Z,BRT,-7.0,50.2,1007.1,5.42,15,297,-0.70711,-0.70711,-0.92233,0.38641,-6.38,-3.52,-12.97
2026-10-24T16:00:00Z,BRT,-6.38,75.6,1005.4,7.61,16,297,-0.86603,-0.5,-0.92233,0.38641,-6.57,-4.46,-11.19
2026-10-24T17:00:00Z,BRT,-6.57,66.3,1007.6,12.41,17,297,-0.96593,-0.25882,-0.92233,0.38641,-5.79,-5.83,-10.27
2026-10-24T18:00:00Z,BRT,-5.79,59.3,1012.1,8.43,18,297,-1.0,-0.0,-0.92233,0.38641,-4.95,-5.76,-10.0
2026-10-24T19:00:00Z,BRT,-4.95,64.5,1012.1,4.28,19,297,-0.96593,0.25882,-0.92233,0.38641,-4.87,-6.25,-11.23
2026-10-24T20:00:00Z,BRT,-4.87,61.7,1011.3,10.9,20,297,-0.86603,0.5,-0.92233,0.38641,-3.52,-6.93,-11.13
2026-10-24T21:00:00Z,BRT,-3.52,59.7,1011.1,11.78,21,297,-0.70711,0.70711,-0.92233,0.38641,-4.46,-7.26,-10.12
2026-10-24T22:00:00Z,BRT,-4.46,50.5,1012.1,9.3,22,297,-0.5,0.86603,-0.92233,0.38641,-5.83,-6.78,-10.16
2026-10-24T23:00:00Z,BRT,-5.83,66.0,1009.7,7.3,23,297,-0.25882,0.96593,-0.92233,0.38641,-5.76,-7.54,-9.87
2026-10-25T00:00:00Z,BRT,-5.76,55.9,1009.2,7.36,0,298,0.0,1.0,-0.91555,0.40221,-6.25,-6.74,-9.91
2026-10-25T01:00:00Z,BRT,-6.25,50.4,1010.9,5.08,1,298,0.25882,0.96593,-0.91555,0.40221,-6.93,-7.51,-8.46
2026-10-25T02:00:00Z,BRT,-6.93,60.9,1011.5,4.94,2,298,0.5,0.86603,-0.91555,0.40221,-7.26,-8.36,-8.55
2026-10-25T03:00:00Z,BRT,-7.26,67.4,1008.6,7.48,3,298,0.70711,0.70711,-0.91555,0.40221,-6.78,-8.21,-8.26
2026-10-25T04:00:00Z,BRT,-6.78,57.1,1010.4,7.33,4,298,0.86603,0.5,-0.91555,0.40221,-7.54,-10.21,-8.79
2026-10-25T05:00:00Z,BRT,-7.54,57.7,1009.9,1.89,5,298,0.96593,0.25882,-0.91555,0.40221,-6.74,-11.54,-7.67
2026-10-25T06:00:00Z,BRT,-6.74,56.2,1012.2,3.39,6,298,1.0,0.0,-0.91555,0.40221,-7.51,-11.71,-7.37
2026-10-25T07:00:00Z,BRT,-7.51,55.8,1012.7,5.32,7,298,0.96593,-0.25882,-0.91555,0.40221,-8.36,-10.95,-7.99
2026-10-25T08:00:00Z,BRT,-8.36,51.5,1013.1,3.73,8,298,0.86603,-0.5,-0.91555,0.40221,-8.21,-12.57,-8.63
2026-10-25T09:00:00Z,BRT,-8.21,60.7,1014.8,4.37,9,298,0.70711,-0.70711,-0.91555,0.40221,-10.21,-12.97,-8.85
2026-10-25T10:00:00Z,BRT,-10.21,59.9,1014.5,5.81,10,298,0.5,-0.86603,-0.91555,0.40221,-11.54,-11.19,-8.8
2026-10-25T11:00:00Z,BRT,-11.54,52.3,1016.8,0.52,11,298,0.25882,-0.96593,-0.91555,0.40221,-11.71,-10.27,-8.18
2026-10-25T12:00:00Z,BRT,-11.71,57.7,1015.7,6.67,12,298,0.0,-1.0,-0.91555,0.40221,-10.95,-10.0,-8.04
2026-10-25T13:00:00Z,BRT,-10.95,61.7,1011.0,8.66,13,298,-0.25882,-0.96593,-0.91555,0.40221,-12.57,-11.23,-6.78
2026-10-25T14:00:00Z,BRT,-12.57,57.5,1009.7,8.86,14,298,-0.5,-0.86603,-0.91555,0.40221,-12.97,-11.13,-6.68
2026-10-25T15:00:00Z,BRT,-12.97,62.7,1008.9,8.22,15,298,-0.70711,-0.70711,-0.91555,0.40221,-11.19,-10.12,-5.82
2026-10-25T16:00:00Z,BRT,-11.19,52.3,1008.9,7.15,16,298,-0.86603,-0.5,-0.91555,0.40221,-10.27,-10.16,-5.71
2026-10-25T17:00:00Z,BRT,-10.27,63.1,1006.1,7.21,17,298,-0.96593,-0.25882,-0.91555,0.40221,-10.0,-9.87,-6.52
2026-10-25T18:00:00Z,BRT,-10.0,62.6,1005.3,12.83,18,298,-1.0,-0.0,-0.91555,0.40221,-11.23,-9.91,-7.91
2026-10-25T19:00:00Z,BRT,-11.23,70.1,1003.7,12.83,19,298,-0.96593,0.25882,-0.91555,0.40221,-11.13,-8.46,-7.38
2026-10-25T20:00:00Z,BRT,-11.13,66.8,1005.0,11.11,20,298,-0.86603,0.5,-0.91555,0.40221,-10.12,-8.55,-6.98
2026-10-25T21:00:00Z,BRT,-10.12,65.9,1001.1,8.56,21,298,-0.70711,0.70711,-0.91555,0.40221,-10.16,-8.26,-7.99
2026-10-25T22:00:00Z,BRT,-10.16,68.5,1001.5,10.57,22,298,-0.5,0.86603,-0.91555,0.40221,-9.87,-8.79,-7.77
2026-10-25T23:00:00Z,BRT,-9.87,65.2,996.7,7.79,23,298,-0.25882,0.96593,-0.91555,0.40221,-9.91,-7.67,-7.46
2026-10-26T00:00:00Z,BRT,-9.91,78.7,997.0,9.61,0,299,0.0,1.0,-0.90849,0.4179,-8.46,-7.37,-7.58
2026-10-26T01:00:00Z,BRT,-8.46,69.3,996.7,10.16,1,299,0.25882,0.96593,-0.90849,0.4179,-8.55,-7.99,-7.84
2026-10-26T02:00:00Z,BRT,-8.55,68.4,997.2,11.2,2,299,0.5,0.86603,-0.90849,0.4179,-8.26,-8.63,-5.82
2026-10-26T03:00:00Z,BRT,-8.26,70.1,995.0,13.39,3,299,0.70711,0.70711,-0.90849,0.4179,-8.79,-8.85,-5.54
2026-10-26T04:00:00Z,BRT,-8.79,63.0,994.0,9.38,4,299,0.86603,0.5,-0.90849,0.4179,-7.67,-8.8,-5.7
2026-10-26T05:00:00Z,BRT,-7.67,66.5,995.2,9.99,5,299,0.96593,0.25882,-0.90849,0.4179,-7.37,-8.18,-6.0
2026-10-26T06:00:00Z,BRT,-7.37,68.1,994.0,8.54,6,299,1.0,0.0,-0.90849,0.4179,-7.99,-8.04,-6.48
2026-10-26T07:00:00Z,BRT,-7.99,78.4,989.4,12.11,7,299,0.96593,-0.25882,-0.90849,0.4179,-8.63,-6.78,-7.19
2026-10-26T08:00:00Z,BRT,-8.63,84.2,989.3,11.6,8,299,0.86603,-0.5,-0.90849,0.4179,-8.85,-6.68,-7.94
2026-10-26T09:00:00Z,BRT,-8.85,79.6,989.8,9.35,9,299,0.70711,-0.70711,-0.90849,0.4179,-8.8,-5.82,-7.31
2026-10-26T10:00:00Z,BRT,-8.8,81.1,990.4,9.84,10,299,0.5,-0.86603,-0.90849,0.4179,-8.18,-5.71,-6.72
2026-10-26T11:00:00Z,BRT,-8.18,76.8,993.6,7.48,11,299,0.25882,-0.96593,-0.90849,0.4179,-8.04,-6.52,-5.85
2026-10-26T12:00:00Z,BRT,-8.04,85.1,992.1,11.79,12,299,0.0,-1.0,-0.90849,0.4179,-6.78,-7.91,-6.4
2026-10-26T13:00:00Z,BRT,-6.78,76.2,988.4,11.56,13,299,-0.25882,-0.96593,-0.90849,0.4179,-6.68,-7.38,-6.75
2026-10-26T14:00:00Z,BRT,-6.68,76.3,988.0,12.07,14,299,-0.5,-0.86603,-0.90849,0.4179,-5.82,-6.98,-6.67
2026-10-26T15:00:00Z,BRT,-5.82,79.4,989.2,13.63,15,299,-0.70711,-0.70711,-0.90849,0.4179,-5.71,-7.99,-6.34
2026-10-26T16:00:00Z,BRT,-5.71,75.9,988.0,12.89,16,299,-0.86603,-0.5,-0.90849,0.4179,-6.52,-7.77,-5.7
2026-10-26T17:00:00Z,BRT,-6.52,83.6,987.6,14.69,17,299,-0.96593,-0.25882,-0.90849,0.4179,-7.91,-7.46,-6.59
2026-10-26T18:00:00Z,BRT,-7.91,76.4,987.4,14.2,18,299,-1.0,-0.0,-0.90849,0.4179,-7.38,-7.58,-6.76
2026-10-26T19:00:00Z,BRT,-7.38,75.2,987.7,13.24,19,299,-0.96593,0.25882,-0.90849,0.4179,-6.98,-7.84,-7.21
2026-10-26T20:00:00Z,BRT,-6.98,91.3,986.1,18.88,20,299,-0.86603,0.5,-0.90849,0.4179,-7.99,-5.82,-6.41
2026-10-26T21:00:00Z,BRT,-7.99,82.5,982.6,15.91,21,299,-0.70711,0.70711,-0.90849,0.4179,-7.77,-5.54,-7.82
2026-10-26T22:00:00Z,BRT,-7.77,82.8,982.3,14.95,22,299,-0.5,0.86603,-0.90849,0.4179,-7.46,-5.7,-7.99
2026-10-26T23:00:00Z,BRT,-7.46,85.1,983.2,17.82,23,299,-0.25882,0.96593,-0.90849,0.4179,-7.58,-6.0,-8.52
2026-10-27T00:00:00Z,BRT,-7.58,82.0,982.8,14.85,0,300,0.0,1.0,-0.90117,0.43347,-7.84,-6.48,-6.71
2026-10-27T01:00:00Z,BRT,-7.84,90.7,983.3,11.38,1,300,0.25882,0.96593,-0.90117,0.43347,-5.82,-7.19,-6.61
2026-10-27T02:00:00Z,BRT,-5.82,74.0,984.5,11.39,2,300,0.5,0.86603,-0.90117,0.43347,-5.54,-7.94,-5.34
2026-10-27T03:00:00Z,BRT,-5.54,85.1,983.7,16.3,3,300,0.70711,0.70711,-0.90117,0.43347,-5.7,-7.31,-4.93
2026-10-27T04:00:00Z,BRT,-5.7,79.3,985.0,13.82,4,300,0.86603,0.5,-0.90117,0.43347,-6.0,-6.72,-4.38
2026-10-27T05:00:00Z,BRT,-6.0,82.3,984.9,16.25,5,300,0.96593,0.25882,-0.90117,0.43347,-6.48,-5.85,-5.86
2026-10-27T06:00:00Z,BRT,-6.48,80.5,985.1,10.43,6,300,1.0,0.0,-0.90117,0.43347,-7.19,-6.4,-4.67
2026-10-27T07:00:00Z,BRT,-7.19,79.7,985.9,13.4,7,300,0.96593,-0.25882,-0.90117,0.43347,-7.94,-6.75,-5.4
2026-10-27T08:00:00Z,BRT,-7.94,75.0,985.1,10.68,8,300,0.86603,-0.5,-0.90117,0.43347,-7.31,-6.67,-6.01
2026-10-27T09:00:00Z,BRT,-7.31,76.9,987.0,13.62,9,300,0.70711,-0.70711,-0.90117,0.43347,-6.72,-6.34,-4.62
2026-10-27T10:00:00Z,BRT,-6.72,74.0,986.5,11.55,10,300,0.5,-0.86603,-0.90117,0.43347,-5.85,-5.7,-5.35
2026-10-27T11:00:00Z,BRT,-5.85,77.2,986.7,12.04,11,300,0.25882,-0.96593,-0.90117,0.43347,-6.4,-6.59,-5.22
2026-10-27T12:00:00Z,BRT,-6.4,81.0,986.5,14.79,12,300,0.0,-1.0,-0.90117,0.43347,-6.75,-6.76,-5.22
2026-10-27T13:00:00Z,BRT,-6.75,74.9,989.4,10.42,13,300,-0.25882,-0.96593,-0.90117,0.43347,-6.67,-7.21,-5.84
2026-10-27T14:00:00Z,BRT,-6.67,69.1,991.8,10.21,14,300,-0.5,-0.86603,-0.90117,0.43347,-6.34,-6.41,-4.9
2026-10-27T15:00:00Z,BRT,-6.34,75.0,993.3,11.78,15,300,-0.70711,-0.70711,-0.90117,0.43347,-5.7,-7.82,-6.57
2026-10-27T16:00:00Z,BRT,-5.7,76.3,995.7,10.84,16,300,-0.86603,-0.5,-0.90117,0.43347,-6.59,-7.99,-6.06
2026-10-27T17:00:00Z,BRT,-6.59,75.0,994.9,15.36,17,300,-0.96593,-0.25882,-0.90117,0.43347,-6.76,-8.52,-7.22
2026-10-27T18:00:00Z,BRT,-6.76,69.8,994.8,14.86,18,300,-1.0,-0.0,-0.90117,0.43347,-7.21,-6.71,-8.84
2026-10-27T19:00:00Z,BRT,-7.21,71.6,996.7,13.14,19,300,-0.96593,0.25882,-0.90117,0.43347,-6.41,-6.61,-8.8
2026-10-27T20:00:00Z,BRT,-6.41,78.1,995.2,14.1,20,300,-0.86603,0.5,-0.90117,0.43347,-7.82,-5.34,-8.69
2026-10-27T21:00:00Z,BRT,-7.82,80.4,994.9,15.24,21,300,-0.70711,0.70711,-0.90117,0.43347,-7.99,-4.93,-8.13
2026-10-27T22:00:00Z,BRT,-7.99,73.0,991.9,8.05,22,300,-0.5,0.86603,-0.90117,0.43347,-8.52,-4.38,-7.93
2026-10-27T23:00:00Z,BRT,-8.52,72.4,990.9,11.42,23,300,-0.25882,0.96593,-0.90117,0.43347,-6.71,-5.86,-7.28
2026-10-28T00:00:00Z,BRT,-6.71,71.7,991.8,8.42,0,301,0.0,1.0,-0.89358,0.44891,-6.61,-4.67,-6.92
2026-10-28T01:00:00Z,BRT,-6.61,78.2,993.6,11.44,1,301,0.25882,0.96593,-0.89358,0.44891,-5.34,-5.4,-6.07
2026-10-28T02:00:00Z,BRT,-5.34,73.4,995.8,11.22,2,301,0.5,0.86603,-0.89358,0.44891,-4.93,-6.01,-5.44
2026-10-28T03:00:00Z,BRT,-4.93,77.1,996.7,8.23,3,301,0.70711,0.70711,-0.89358,0.44891,-4.38,-4.62,-5.76
2026-10-28T04:00:00Z,BRT,-4.38,71.5,996.7,8.7,4,301,0.86603,0.5,-0.89358,0.44891,-5.86,-5.35,-5.51
2026-10-28T05:00:00Z,BRT,-5.86,68.6,995.2,11.29,5,301,0.96593,0.25882,-0.89358,0.44891,-4.67,-5.22,-4.71
2026-10-28T06:00:00Z,BRT,-4.67,83.2,992.9,10.1,6,301,1.0,0.0,-0.89358,0.44891,-5.4,-5.22,-4.87
2026-10-28T07:00:00Z,BRT,-5.4,71.2,995.7,12.1,7,301,0.96593,-0.25882,-0.89358,0.44891,-6.01,-5.84,-4.1
2026-10-28T08:00:00Z,BRT,-6.01,81.5,994.8,13.6,8,301,0.86603,-0.5,-0.89358,0.44891,-4.62,-4.9,-4.09
2026-10-28T09:00:00Z,BRT,-4.62,71.1,994.6,10.56,9,301,0.70711,-0.70711,-0.89358,0.44891,-5.35,-6.57,-4.59
2026-10-28T10:00:00Z,BRT,-5.35,67.6,992.8,14.73,10,301,0.5,-0.86603,-0.89358,0.44891,-5.22,-6.06,-4.61
2026-10-28T11:00:00Z,BRT,-5.22,70.9,996.5,9.28,11,301,0.25882,-0.96593,-0.89358,0.44891,-5.22,-7.22,-2.95
2026-10-28T12:00:00Z,BRT,-5.22,78.7,995.6,10.2,12,301,0.0,-1.0,-0.89358,0.44891,-5.84,-8.84,-3.64
2026-10-28T13:00:00Z,BRT,-5.84,78.5,995.1,11.58,13,301,-0.25882,-0.96593,-0.89358,0.44891,-4.9,-8.8,-4.43
2026-10-28T14:00:00Z,BRT,-4.9,70.0,997.7,9.11,14,301,-0.5,-0.86603,-0.89358,0.44891,-6.57,-8.69,-4.01
2026-10-28T15:00:00Z,BRT,-6.57,71.0,999.8,8.53,15,301,-0.70711,-0.70711,-0.89358,0.44891,-6.06,-8.13,-5.25
2026-10-28T16:00:00Z,BRT,-6.06,73.6,1000.3,11.72,16,301,-0.86603,-0.5,-0.89358,0.44891,-7.22,-7.93,-4.46
2026-10-28T17:00:00Z,BRT,-7.22,66.6,1001.3,13.45,17,301,-0.96593,-0.25882,-0.89358,0.44891,-8.84,-7.28,-3.51
2026-10-28T18:00:00Z,BRT,-8.84,66.9,1001.4,11.93,18,301,-1.0,-0.0,-0.89358,0.44891,-8.8,-6.92,-4.3
2026-10-28T19:00:00Z,BRT,-8.8,62.6,1001.8,15.61,19,301,-0.96593,0.25882,-0.89358,0.44891,-8.69,-6.07,-2.23
2026-10-28T20:00:00Z,BRT,-8.69,61.5,1003.4,12.12,20,301,-0.86603,0.5,-0.89358,0.44891,-8.13,-5.44,-1.89
2026-10-28T21:00:00Z,BRT,-8.13,69.2,1006.9,12.01,21,301,-0.70711,0.70711,-0.89358,0.44891,-7.93,-5.76,-1.63
2026-10-28T22:00:00Z,BRT,-7.93,61.8,1007.6,8.35,22,301,-0.5,0.86603,-0.89358,0.44891,-7.28,-5.51,-1.45
2026-10-28T23:00:00Z,BRT,-7.28,57.8,1005.2,9.64,23,301,-0.25882,0.96593,-0.89358,0.44891,-6.92,-4.71,-1.0
2026-10-29T00:00:00Z,BRT,-6.92,65.7,1008.1,5.9,0,302,0.0,1.0,-0.88572,0.46421,-6.07,-4.87,-1.61
2026-10-29T01:00:00Z,BRT,-6.07,59.8,1007.7,9.06,1,302,0.25882,0.96593,-0.88572,0.46421,-5.44,-4.1,-1.81
2026-10-29T02:00:00Z,BRT,-5.44,68.1,1006.5,1.94,2,302,0.5,0.86603,-0.88572,0.46421,-5.76,-4.09,-1.62
2026-10-29T03:00:00Z,BRT,-5.76,57.2,1007.5,7.06,3,302,0.70711,0.70711,-0.88572,0.46421,-5.51,-4.59,-0.18
2026-10-29T04:00:00Z,BRT,-5.51,72.8,1008.7,7.8,4,302,0.86603,0.5,-0.88572,0.46421,-4.71,-4.61,-0.33
2026-10-29T05:00:00Z,BRT,-4.71,68.4,1008.4,5.68,5,302,0.96593,0.25882,-0.88572,0.46421,-4.87,-2.95,-0.52
2026-10-29T06:00:00Z,BRT,-4.87,66.7,1009.6,5.23,6,302,1.0,0.0,-0.88572,0.46421,-4.1,-3.64,0.22
2026-10-29T07:00:00Z,BRT,-4.1,56.1,1011.9,1.59,7,302,0.96593,-0.25882,-0.88572,0.46421,-4.09,-4.43,-0.31
2026-10-29T08:00:00Z,BRT,-4.09,57.8,1011.6,5.76,8,302,0.86603,-0.5,-0.88572,0.46421,-4.59,-4.01,-1.27
2026-10-29T09:00:00Z,BRT,-4.59,66.0,1009.4,12.01,9,302,0.70711,-0.70711,-0.88572,0.46421,-4.61,-5.25,-2.37
2026-10-29T10:00:00Z,BRT,-4.61,62.2,1007.3,7.03,10,302,0.5,-0.86603,-0.88572,0.46421,-2.95,-4.46,-1.77
2026-10-29T11:00:00Z,BRT,-2.95,53.4,1013.1,6.07,11,302,0.25882,-0.96593,-0.88572,0.46421,-3.64,-3.51,-3.16
2026-10-29T12:00:00Z,BRT,-3.64,59.2,1011.2,5.69,12,302,0.0,-1.0,-0.88572,0.46421,-4.43,-4.3,-4.72
2026-10-29T13:00:00Z,BRT,-4.43,59.5,1012.1,8.2,13,302,-0.25882,-0.96593,-0.88572,0.46421,-4.01,-2.23,-4.66
2026-10-29T14:00:00Z,BRT,-4.01,54.8,1012.5,4.99,14,302,-0.5,-0.86603,-0.88572,0.46421,-5.25,-1.89,-4.6
2026-10-29T15:00:00Z,BRT,-5.25,48.2,1014.1,7.97,15,302,-0.70711,-0.70711,-0.88572,0.46421,-4.46,-1.63,-4.56
2026-10-29T16:00:00Z,BRT,-4.46,54.1,1013.3,10.25,16,302,-0.86603,-0.5,-0.88572,0.46421,-3.51,-1.45,-5.96
2026-10-29T17:00:00Z,BRT,-3.51,57.8,1012.9,7.54,17,302,-0.96593,-0.25882,-0.88572,0.46421,-4.3,-1.0,-5.82
2026-10-29T18:00:00Z,BRT,-4.3,58.6,1011.4,7.29,18,302,-1.0,-0.0,-0.88572,0.46421,-2.23,-1.61,-5.06
2026-10-29T19:00:00Z,BRT,-2.23,58.1,1011.7,9.17,19,302,-0.96593,0.25882,-0.88572,0.46421,-1.89,-1.81,-4.81
2026-10-29T20:00:00Z,BRT,-1.89,53.5,1012.8,7.87,20,302,-0.86603,0.5,-0.88572,0.46421,-1.63,-1.62,-3.72
2026-10-29T21:00:00Z,BRT,-1.63,66.9,1014.2,7.74,21,302,-0.70711,0.70711,-0.88572,0.46421,-1.45,-0.18,-4.25
2026-10-29T22:00:00Z,BRT,-1.45,63.4,1014.6,5.07,22,302,-0.5,0.86603,-0.88572,0.46421,-1.0,-0.33,-4.17
2026-10-29T23:00:00Z,BRT,-1.0,46.3,1015.7,4.96,23,302,-0.25882,0.96593,-0.88572,0.46421,-1.61,-0.52,-4.72
2026-10-30T00:00:00Z,BRT,-1.61,60.0,1011.3,11.09,0,303,0.0,1.0,-0.87761,0.47938,-1.81,0.22,-4.04
2026-10-30T01:00:00Z,BRT,-1.81,52.0,1012.2,7.04,1,303,0.25882,0.96593,-0.87761,0.47938,-1.62,-0.31,-3.12
2026-10-30T02:00:00Z,BRT,-1.62,59.3,1015.4,5.79,2,303,0.5,0.86603,-0.87761,0.47938,-0.18,-1.27,-3.71
2026-10-30T03:00:00Z,BRT,-0.18,58.9,1016.1,8.18,3,303,0.70711,0.70711,-0.87761,0.47938,-0.33,-2.37,-3.2
2026-10-30T04:00:00Z,BRT,-0.33,58.0,1014.7,6.32,4,303,0.86603,0.5,-0.87761,0.47938,-0.52,-1.77,-3.36
2026-10-30T05:00:00Z,BRT,-0.52,59.6,1012.6,3.92,5,303,0.96593,0.25882,-0.87761,0.47938,0.22,-3.16,-3.27
2026-10-30T06:00:00Z,BRT,0.22,55.2,1012.6,6.38,6,303,1.0,0.0,-0.87761,0.47938,-0.31,-4.72,-3.63
2026-10-30T07:00:00Z,BRT,-0.31,59.0,1010.0,3.99,7,303,0.96593,-0.25882,-0.87761,0.47938,-1.27,-4.66,-4.44
2026-10-30T08:00:00Z,BRT,-1.27,52.9,1008.4,7.5,8,303,0.86603,-0.5,-0.87761,0.47938,-2.37,-4.6,-4.91
2026-10-30T09:00:00Z,BRT,-2.37,52.5,1010.1,5.19,9,303,0.70711,-0.70711,-0.87761,0.47938,-1.77,-4.56,-5.44
2026-10-30T10:00:00Z,BRT,-1.77,62.4,1009.6,7.55,10,303,0.5,-0.86603,-0.87761,0.47938,-3.16,-5.96,-6.23
2026-10-30T11:00:00Z,BRT,-3.16,62.2,1008.8,9.29,11,303,0.25882,-0.96593,-0.87761,0.47938,-4.72,-5.82,-4.39
2026-10-30T12:00:00Z,BRT,-4.72,63.6,1008.6,7.75,12,303,0.0,-1.0,-0.87761,0.47938,-4.66,-5.06,-4.1
2026-10-30T13:00:00Z,BRT,-4.66,69.3,1006.6,8.6,13,303,-0.25882,-0.96593,-0.87761,0.47938,-4.6,-4.81,-5.02
2026-10-30T14:00:00Z,BRT,-4.6,71.1,1007.0,6.97,14,303,-0.5,-0.86603,-0.87761,0.47938,-4.56,-3.72,-4.38
2026-10-30T15:00:00Z,BRT,-4.56,51.7,1004.7,7.03,15,303,-0.70711,-0.70711,-0.87761,0.47938,-5.96,-4.25,0.69
2026-10-30T16:00:00Z,BRT,-5.96,69.4,1003.5,10.91,16,303,-0.86603,-0.5,-0.87761,0.47938,-5.82,-4.17,2.48
2026-10-30T17:00:00Z,BRT,-5.82,66.5,1004.0,6.21,17,303,-0.96593,-0.25882,-0.87761,0.47938,-5.06,-4.72,-2.95
2026-10-30T18:00:00Z,BRT,-5.06,72.1,1000.2,11.45,18,303,-1.0,-0.0,-0.87761,0.47938,-4.81,-4.04,-5.48
2026-10-30T19:00:00Z,BRT,-4.81,64.1,995.6,14.66,19,303,-0.96593,0.25882,-0.87761,0.47938,-3.72,-3.12,-4.89
2026-10-30T20:00:00Z,BRT,-3.72,79.9,995.4,12.24,20,303,-0.86603,0.5,-0.87761,0.47938,-4.25,-3.71,-3.94
2026-10-30T21:00:00Z,BRT,-4.25,74.8,995.5,15.02,21,303,-0.70711,0.70711,-0.87761,0.47938,-4.17,-3.2,-3.95
2026-10-30T22:00:00Z,BRT,-4.17,73.8,996.8,11.06,22,303,-0.5,0.86603,-0.87761,0.47938,-4.72,-3.36,1.85
2026-10-30T23:00:00Z,BRT,-4.72,65.4,995.6,11.29,23,303,-0.25882,0.96593,-0.87761,0.47938,-4.04,-3.27,1.55
2026-10-31T00:00:00Z,BRT,-4.04,71.0,994.7,9.3,0,304,0.0,1.0,-0.86923,0.4944,-3.12,-3.63,2.44
2026-10-31T01:00:00Z,BRT,-3.12,79.2,994.8,9.88,1,304,0.25882,0.96593,-0.86923,0.4944,-3.71,-4.44,2.91
2026-10-31T02:00:00Z,BRT,-3.71,77.7,994.1,9.07,2,304,0.5,0.86603,-0.86923,0.4944,-3.2,-4.91,3.14
2026-10-31T03:00:00Z,BRT,-3.2,79.3,990.1,14.62,3,304,0.70711,0.70711,-0.86923,0.4944,-3.36,-5.44,3.38
2026-10-31T04:00:00Z,BRT,-3.36,70.3,989.2,12.12,4,304,0.86603,0.5,-0.86923,0.4944,-3.27,-6.23,5.35
2026-10-31T05:00:00Z,BRT,-3.27,76.7,988.5,11.47,5,304,0.96593,0.25882,-0.86923,0.4944,-3.63,-4.39,-0.93
2026-10-31T06:00:00Z,BRT,-3.63,73.6,990.6,11.53,6,304,1.0,0.0,-0.86923,0.4944,-4.44,-4.1,-1.65
2026-10-31T07:00:00Z,BRT,-4.44,84.5,989.4,9.25,7,304,0.96593,-0.25882,-0.86923,0.4944,-4.91,-5.02,2.08
2026-10-31T08:00:00Z,BRT,-4.91,76.0,990.0,12.1,8,304,0.86603,-0.5,-0.86923,0.4944,-5.44,-4.38,-1.33
2026-10-31T09:00:00Z,BRT,-5.44,75.1,989.0,13.71,9,304,0.70711,-0.70711,-0.86923,0.4944,-6.23,0.69,-0.96
2026-10-31T10:00:00Z,BRT,-6.23,80.0,986.2,11.26,10,304,0.5,-0.86603,-0.86923,0.4944,-4.39,2.48,-2.36
2026-10-31T11:00:00Z,BRT,-4.39,84.3,982.6,14.2,11,304,0.25882,-0.96593,-0.86923,0.4944,-4.1,-2.95,-1.86
2026-10-31T12:00:00Z,BRT,-4.1,78.4,981.5,12.42,12,304,0.0,-1.0,-0.86923,0.4944,-5.02,-5.48,-0.46
2026-10-31T13:00:00Z,BRT,-5.02,90.2,981.7,13.5,13,304,-0.25882,-0.96593,-0.86923,0.4944,-4.38,-4.89,-1.15
2026-10-31T14:00:00Z,BRT,-4.38,88.7,978.7,13.65,14,304,-0.5,-0.86603,-0.86923,0.4944,0.69,-3.94,-0.24
2026-10-31T15:00:00Z,BRT,0.69,80.7,977.7,12.05,15,304,-0.70711,-0.70711,-0.86923,0.4944,2.48,-3.95,-0.3
2026-10-31T16:00:00Z,BRT,2.48,86.4,975.6,20.34,16,304,-0.86603,-0.5,-0.86923,0.4944,-2.95,1.85,0.42
2026-10-31T17:00:00Z,BRT,-2.95,94.3,978.2,21.53,17,304,-0.96593,-0.25882,-0.86923,0.4944,-5.48,1.55,1.41
2026-10-31T18:00:00Z,BRT,-5.48,93.4,980.2,14.58,18,304,-1.0,-0.0,-0.86923,0.4944,-4.89,2.44,1.1
2026-10-31T19:00:00Z,BRT,-4.89,95.6,980.2,15.06,19,304,-0.96593,0.25882,-0.86923,0.4944,-3.94,2.91,1.44
2026-10-31T20:00:00Z,BRT,-3.94,94.6,979.2,16.25,20,304,-0.86603,0.5,-0.86923,0.4944,-3.95,3.14,1.82
2026-10-31T21:00:00Z,BRT,-3.95,88.7,978.6,15.66,21,304,-0.70711,0.70711,-0.86923,0.4944,1.85,3.38,0.3
2026-10-31T22:00:00Z,BRT,1.85,94.1,977.1,14.85,22,304,-0.5,0.86603,-0.86923,0.4944,1.55,5.35,-0.36
2026-10-31T23:00:00Z,BRT,1.55,92.7,976.6,16.15,23,304,-0.25882,0.96593,-0.86923,0.4944,2.44,-0.93,-0.45
2026-11-01T00:00:00Z,BRT,2.44,87.6,973.0,14.03,0,305,0.0,1.0,-0.8606,0.50928,2.91,-1.65,0.35
2026-11-01T01:00:00Z,BRT,2.91,84.9,975.9,18.5,1,305,0.25882,0.96593,-0.8606,0.50928,3.14,2.08,-0.01
2026-11-01T02:00:00Z,BRT,3.14,90.4,974.4,15.98,2,305,0.5,0.86603,-0.8606,0.50928,3.38,-1.33,-1.18
2026-11-01T03:00:00Z,BRT,3.38,96.0,974.0,15.15,3,305,0.70711,0.70711,-0.8606,0.50928,5.35,-0.96,-0.11
2026-11-01T04:00:00Z,BRT,5.35,91.4,974.7,14.57,4,305,0.86603,0.5,-0.8606,0.50928,-0.93,-2.36,0.4
2026-11-01T05:00:00Z,BRT,-0.93,77.4,978.5,11.48,5,305,0.96593,0.25882,-0.8606,0.50928,-1.65,-1.86,0.68
2026-11-01T06:00:00Z,BRT,-1.65,94.6,978.2,17.06,6,305,1.0,0.0,-0.8606,0.50928,2.08,-0.46,-0.03
2026-11-01T07:00:00Z,BRT,2.08,82.5,977.5,15.87,7,305,0.96593,-0.25882,-0.8606,0.50928,-1.33,-1.15,0.29
2026-11-01T08:00:00Z,BRT,-1.33,93.4,978.7,14.17,8,305,0.86603,-0.5,-0.8606,0.50928,-0.96,-0.24,1.04
2026-11-01T09:00:00Z,BRT,-0.96,84.8,981.5,14.31,9,305,0.70711,-0.70711,-0.8606,0.50928,-2.36,-0.3,-0.4
2026-11-01T10:00:00Z,BRT,-2.36,86.1,983.7,12.89,10,305,0.5,-0.86603,-0.8606,0.50928,-1.86,0.42,-0.97
2026-11-01T11:00:00Z,BRT,-1.86,85.9,984.2,12.42,11,305,0.25882,-0.96593,-0.8606,0.50928,-0.46,1.41,-1.86
2026-11-01T12:00:00Z,BRT,-0.46,85.4,982.1,17.05,12,305,0.0,-1.0,-0.8606,0.50928,-1.15,1.1,-3.34
2026-11-01T13:00:00Z,BRT,-1.15,82.5,981.9,12.74,13,305,-0.25882,-0.96593,-0.8606,0.50928,-0.24,1.44,-3.37
2026-11-01T14:00:00Z,BRT,-0.24,80.8,982.5,17.0,14,305,-0.5,-0.86603,-0.8606,0.50928,-0.3,1.82,-4.11
2026-11-01T15:00:00Z,BRT,-0.3,78.6,982.2,15.38,15,305,-0.70711,-0.70711,-0.8606,0.50928,0.42,0.3,-4.67
2026-11-01T16:00:00Z,BRT,0.42,87.4,984.0,10.24,16,305,-0.86603,-0.5,-0.8606,0.50928,1.41,-0.36,-5.28
2026-11-01T17:00:00Z,BRT,1.41,83.4,982.6,18.83,17,305,-0.96593,-0.25882,-0.8606,0.50928,1.1,-0.45,-4.95
2026-11-01T18:00:00Z,BRT,1.1,86.9,983.1,15.88,18,305,-1.0,-0.0,-0.8606,0.50928,1.44,0.35,-5.41
2026-11-01T19:00:00Z,BRT,1.44,92.0,985.0,15.19,19,305,-0.96593,0.25882,-0.8606,0.50928,1.82,-0.01,-5.28
2026-11-01T20:00:00Z,BRT,1.82,80.9,984.6,16.49,20,305,-0.86603,0.5,-0.8606,0.50928,0.3,-1.18,-4.28
2026-11-01T21:00:00Z,BRT,0.3,85.2,982.9,16.19,21,305,-0.70711,0.70711,-0.8606,0.50928,-0.36,-0.11,-5.6
2026-11-01T22:00:00Z,BRT,-0.36,85.5,979.7,13.51,22,305,-0.5,0.86603,-0.8606,0.50928,-0.45,0.4,-4.69
2026-11-01T23:00:00Z,BRT,-0.45,78.5,980.5,15.02,23,305,-0.25882,0.96593,-0.8606,0.50928,0.35,0.68,-5.18
2026-11-02T00:00:00Z,BRT,0.35,75.2,982.8,13.34,0,306,0.0,1.0,-0.85171,0.52401,-0.01,-0.03,-4.84
2026-11-02T01:00:00Z,BRT,-0.01,76.3,983.2,13.92,1,306,0.25882,0.96593,-0.85171,0.52401,-1.18,0.29,-4.27
2026-11-02T02:00:00Z,BRT,-1.18,80.5,984.6,11.0,2,306,0.5,0.86603,-0.85171,0.52401,-0.11,1.04,-2.79
2026-11-02T03:00:00Z,BRT,-0.11,73.7,985.4,13.25,3,306,0.70711,0.70711,-0.85171,0.52401,0.4,-0.4,-2.85
2026-11-02T04:00:00Z,BRT,0.4,85.6,983.6,14.14,4,306,0.86603,0.5,-0.85171,0.52401,0.68,-0.97,-3.61
2026-11-02T05:00:00Z,BRT,0.68,71.0,986.4,14.03,5,306,0.96593,0.25882,-0.85171,0.52401,-0.03,-1.86,-2.84
2026-11-02T06:00:00Z,BRT,-0.03,79.5,988.3,11.88,6,306,1.0,0.0,-0.85171,0.52401,0.29,-3.34,-2.96
2026-11-02T07:00:00Z,BRT,0.29,72.3,991.1,10.13,7,306,0.96593,-0.25882,-0.85171,0.52401,1.04,-3.37,-1.77
2026-11-02T08:00:00Z,BRT,1.04,70.6,995.4,9.2,8,306,0.86603,-0.5,-0.85171,0.52401,-0.4,-4.11,-1.38
2026-11-02T09:00:00Z,BRT,-0.4,71.1,997.1,9.31,9,306,0.70711,-0.70711,-0.85171,0.52401,-0.97,-4.67,-0.43
2026-11-02T10:00:00Z,BRT,-0.97,73.1,998.1,9.92,10,306,0.5,-0.86603,-0.85171,0.52401,-1.86,-5.28,0.07
2026-11-02T11:00:00Z,BRT,-1.86,68.6,997.6,9.29,11,306,0.25882,-0.96593,-0.85171,0.52401,-3.34,-4.95,-0.41
2026-11-02T12:00:00Z,BRT,-3.34,67.4,999.8,10.33,12,306,0.0,-1.0,-0.85171,0.52401,-3.37,-5.41,-1.16
2026-11-02T13:00:00Z,BRT,-3.37,72.2,999.4,10.31,13,306,-0.25882,-0.96593,-0.85171,0.52401,-4.11,-5.28,-2.1
2026-11-02T14:00:00Z,BRT,-4.11,72.8,997.1,13.0,14,306,-0.5,-0.86603,-0.85171,0.52401,-4.67,-4.28,-3.13
2026-11-02T15:00:00Z,BRT,-4.67,66.2,996.3,12.1,15,306,-0.70711,-0.70711,-0.85171,0.52401,-5.28,-5.6,-3.13
2026-11-02T16:00:00Z,BRT,-5.28,78.9,996.7,9.95,16,306,-0.86603,-0.5,-0.85171,0.52401,-4.95,-4.69,-4.83
2026-11-02T17:00:00Z,BRT,-4.95,69.2,997.5,17.51,17,306,-0.96593,-0.25882,-0.85171,0.52401,-5.41,-5.18,-5.41
2026-11-02T18:00:00Z,BRT,-5.41,79.4,996.8,14.09,18,306,-1.0,-0.0,-0.85171,0.52401,-5.28,-4.84,-4.88
2026-11-02T19:00:00Z,BRT,-5.28,68.7,995.2,10.68,19,306,-0.96593,0.25882,-0.85171,0.52401,-4.28,-4.27,-5.27
2026-11-02T20:00:00Z,BRT,-4.28,77.0,998.0,12.8,20,306,-0.86603,0.5,-0.85171,0.52401,-5.6,-2.79,-5.14
2026-11-02T21:00:00Z,BRT,-5.6,74.8,1000.7,8.82,21,306,-0.70711,0.70711,-0.85171,0.52401,-4.69,-2.85,-5.71
2026-11-02T22:00:00Z,BRT,-4.69,79.2,999.3,7.68,22,306,-0.5,0.86603,-0.85171,0.52401,-5.18,-3.61,-6.06
2026-11-02T23:00:00Z,BRT,-5.18,69.0,1001.2,7.4,23,306,-0.25882,0.96593,-0.85171,0.52401,-4.84,-2.84,-5.93
2026-11-03T00:00:00Z,BRT,-4.84,80.4,996.6,9.35,0,307,0.0,1.0,-0.84257,0.53858,-4.27,-2.96,-4.84
2026-11-03T01:00:00Z,BRT,-4.27,67.4,995.0,11.34,1,307,0.25882,0.96593,-0.84257,0.53858,-2.79,-1.77,-4.57
2026-11-03T02:00:00Z,BRT,-2.79,70.3,994.0,12.14,2,307,0.5,0.86603,-0.84257,0.53858,-2.85,-1.38,-3.1
2026-11-03T03:00:00Z,BRT,-2.85,74.0,992.3,11.51,3,307,0.70711,0.70711,-0.84257,0.53858,-3.61,-0.43,-4.07
2026-11-03T04:00:00Z,BRT,-3.61,89.2,993.6,13.89,4,307,0.86603,0.5,-0.84257,0.53858,-2.84,0.07,-5.08
2026-11-03T05:00:00Z,BRT,-2.84,76.1,994.1,12.18,5,307,0.96593,0.25882,-0.84257,0.53858,-2.96,-0.41,-2.98
2026-11-03T06:00:00Z,BRT,-2.96,74.2,995.2,8.75,6,307,1.0,0.0,-0.84257,0.53858,-1.77,-1.16,-1.92
2026-11-03T07:00:00Z,BRT,-1.77,70.7,994.4,9.24,7,307,0.96593,-0.25882,-0.84257,0.53858,-1.38,-2.1,-1.21
2026-11-03T08:00:00Z,BRT,-1.38,74.8,996.1,7.14,8,307,0.86603,-0.5,-0.84257,0.53858,-0.43,-3.13,-1.1
2026-11-03T09:00:00Z,BRT,-0.43,66.9,998.3,13.15,9,307,0.70711,-0.70711,-0.84257,0.53858,0.07,-3.13,-0.47
2026-11-03T10:00:00Z,BRT,0.07,59.7,1000.4,9.16,10,307,0.5,-0.86603,-0.84257,0.53858,-0.41,-4.83,-0.54
2026-11-03T11:00:00Z,BRT,-0.41,54.4,1001.4,6.7,11,307,0.25882,-0.96593,-0.84257,0.53858,-1.16,-5.41,0.27
2026-11-03T12:00:00Z,BRT,-1.16,59.6,1001.5,6.72,12,307,0.0,-1.0,-0.84257,0.53858,-2.1,-4.88,-0.81
2026-11-03T13:00:00Z,BRT,-2.1,65.3,1004.7,11.35,13,307,-0.25882,-0.96593,-0.84257,0.53858,-3.13,-5.27,-2.71
2026-11-03T14:00:00Z,BRT,-3.13,59.0,1002.6,7.99,14,307,-0.5,-0.86603,-0.84257,0.53858,-3.13,-5.14,-3.26
2026-11-03T15:00:00Z,BRT,-3.13,74.5,1004.1,7.87,15,307,-0.70711,-0.70711,-0.84257,0.53858,-4.83,-5.71,-2.97
2026-11-03T16:00:00Z,BRT,-4.83,64.5,1004.2,8.46,16,307,-0.86603,-0.5,-0.84257,0.53858,-5.41,-6.06,-3.3
2026-11-03T17:00:00Z,BRT,-5.41,63.4,1001.4,10.35,17,307,-0.96593,-0.25882,-0.84257,0.53858,-4.88,-5.93,-3.27
2026-11-03T18:00:00Z,BRT,-4.88,67.2,1002.6,13.62,18,307,-1.0,-0.0,-0.84257,0.53858,-5.27,-4.84,-2.91
2026-11-03T19:00:00Z,BRT,-5.27,64.4,1003.9,10.22,19,307,-0.96593,0.25882,-0.84257,0.53858,-5.14,-4.57,-3.13
2026-11-03T20:00:00Z,BRT,-5.14,67.9,1004.7,12.8,20,307,-0.86603,0.5,-0.84257,0.53858,-5.71,-3.1,-3.5
2026-11-03T21:00:00Z,BRT,-5.71,67.1,1004.9,8.33,21,307,-0.70711,0.70711,-0.84257,0.53858,-6.06,-4.07,-3.07
2026-11-03T22:00:00Z,BRT,-6.06,70.1,1003.8,8.97,22,307,-0.5,0.86603,-0.84257,0.53858,-5.93,-5.08,-3.27
2026-11-03T23:00:00Z,BRT,-5.93,64.5,1006.3,7.37,23,307,-0.25882,0.96593,-0.84257,0.53858,-4.84,-2.98,-3.03
2026-11-04T00:00:00Z,BRT,-4.84,66.9,1003.9,10.55,0,308,0.0,1.0,-0.83318,0.553,-4.57,-1.92,-3.27
2026-11-04T01:00:00Z,BRT,-4.57,62.4,1004.8,8.12,1,308,0.25882,0.96593,-0.83318,0.553,-3.1,-1.21,-3.47
2026-11-04T02:00:00Z,BRT,-3.1,77.3,1006.4,9.19,2,308,0.5,0.86603,-0.83318,0.553,-4.07,-1.1,-2.59
2026-11-04T03:00:00Z,BRT,-4.07,62.0,1008.5,5.93,3,308,0.70711,0.70711,-0.83318,0.553,-5.08,-0.47,-3.1
2026-11-04T04:00:00Z,BRT,-5.08,61.9,1010.1,6.18,4,308,0.86603,0.5,-0.83318,0.553,-2.98,-0.54,-2.81
2026-11-04T05:00:00Z,BRT,-2.98,66.4,1007.8,7.89,5,308,0.96593,0.25882,-0.83318,0.553,-1.92,0.27,-2.56
2026-11-04T06:00:00Z,BRT,-1.92,61.8,1007.8,3.68,6,308,1.0,0.0,-0.83318,0.553,-1.21,-0.81,-3.32
2026-11-04T07:00:00Z,BRT,-1.21,63.2,1009.6,4.31,7,308,0.96593,-0.25882,-0.83318,0.553,-1.1,-2.71,-3.21
2026-11-04T08:00:00Z,BRT,-1.1,52.6,1011.1,5.25,8,308,0.86603,-0.5,-0.83318,0.553,-0.47,-3.26,-2.19
2026-11-04T09:00:00Z,BRT,-0.47,59.0,1012.3,6.04,9,308,0.70711,-0.70711,-0.83318,0.553,-0.54,-2.97,-2.07
2026-11-04T10:00:00Z,BRT,-0.54,52.1,1012.1,3.34,10,308,0.5,-0.86603,-0.83318,0.553,0.27,-3.3,-1.44
2026-11-04T11:00:00Z,BRT,0.27,62.1,1012.9,2.36,11,308,0.25882,-0.96593,-0.83318,0.553,-0.81,-3.27,1.28
2026-11-04T12:00:00Z,BRT,-0.81,62.3,1010.9,6.0,12,308,0.0,-1.0,-0.83318,0.553,-2.71,-2.91,0.29
2026-11-04T13:00:00Z,BRT,-2.71,61.8,1010.4,6.82,13,308,-0.25882,-0.96593,-0.83318,0.553,-3.26,-3.13,1.13
2026-11-04T14:00:00Z,BRT,-3.26,64.7,1008.4,4.1,14,308,-0.5,-0.86603,-0.83318,0.553,-2.97,-3.5,1.11
2026-11-04T15:00:00Z,BRT,-2.97,66.1,1006.6,9.98,15,308,-0.70711,-0.70711,-0.83318,0.553,-3.3,-3.07,2.37
2026-11-04T16:00:00Z,BRT,-3.3,69.1,1004.6,6.59,16,308,-0.86603,-0.5,-0.83318,0.553,-3.27,-3.27,2.5
2026-11-04T17:00:00Z,BRT,-3.27,62.3,1003.4,12.54,17,308,-0.96593,-0.25882,-0.83318,0.553,-2.91,-3.03,4.63
2026-11-04T18:00:00Z,BRT,-2.91,60.2,1004.8,11.83,18,308,-1.0,-0.0,-0.83318,0.553,-3.13,-3.27,4.55
2026-11-04T19:00:00Z,BRT,-3.13,66.1,1002.7,11.7,19,308,-0.96593,0.25882,-0.83318,0.553,-3.5,-3.47,5.35
2026-11-04T20:00:00Z,BRT,-3.5,66.3,1000.1,11.14,20,308,-0.86603,0.5,-0.83318,0.553,-3.07,-2.59,4.35
2026-11-04T21:00:00Z,BRT,-3.07,66.4,999.1,10.31,21,308,-0.70711,0.70711,-0.83318,0.553,-3.27,-3.1,4.69
2026-11-04T22:00:00Z,BRT,-3.27,64.6,998.5,10.71,22,308,-0.5,0.86603,-0.83318,0.553,-3.03,-2.81,3.35
2026-11-04T23:00:00Z,BRT,-3.03,54.2,1001.0,2.67,23,308,-0.25882,0.96593,-0.83318,0.553,-3.27,-2.56,2.81
2026-11-05T00:00:00Z,BRT,-3.27,68.7,1002.1,8.73,0,309,0.0,1.0,-0.82355,0.56725,-3.47,-3.32,4.38
2026-11-05T01:00:00Z,BRT,-3.47,69.7,1002.0,7.21,1,309,0.25882,0.96593,-0.82355,0.56725,-2.59,-3.21,4.14
2026-11-05T02:00:00Z,BRT,-2.59,72.5,1000.9,7.75,2,309,0.5,0.86603,-0.82355,0.56725,-3.1,-2.19,6.53
2026-11-05T03:00:00Z,BRT,-3.1,70.2,997.6,10.54,3,309,0.70711,0.70711,-0.82355,0.56725,-2.81,-2.07,6.81
2026-11-05T04:00:00Z,BRT,-2.81,72.9,994.8,11.64,4,309,0.86603,0.5,-0.82355,0.56725,-2.56,-1.44,6.69
2026-11-05T05:00:00Z,BRT,-2.56,76.5,992.1,12.83,5,309,0.96593,0.25882,-0.82355,0.56725,-3.32,1.28,6.42
2026-11-05T06:00:00Z,BRT,-3.32,76.6,991.0,9.75,6,309,1.0,0.0,-0.82355,0.56725,-3.21,0.29,7.12
2026-11-05T07:00:00Z,BRT,-3.21,83.6,987.5,12.69,7,309,0.96593,-0.25882,-0.82355,0.56725,-2.19,1.13,2.91
2026-11-05T08:00:00Z,BRT,-2.19,77.2,986.7,13.11,8,309,0.86603,-0.5,-0.82355,0.56725,-2.07,1.11,3.77
2026-11-05T09:00:00Z,BRT,-2.07,72.7,987.5,11.34,9,309,0.70711,-0.70711,-0.82355,0.56725,-1.44,2.37,2.33
2026-11-05T10:00:00Z,BRT,-1.44,82.7,983.4,17.13,10,309,0.5,-0.86603,-0.82355,0.56725,1.28,2.5,2.68
2026-11-05T11:00:00Z,BRT,1.28,88.7,978.0,14.53,11,309,0.25882,-0.96593,-0.82355,0.56725,0.29,4.63,2.17
2026-11-05T12:00:00Z,BRT,0.29,94.9,977.9,16.43,12,309,0.0,-1.0,-0.82355,0.56725,1.13,4.55,4.84
2026-11-05T13:00:00Z,BRT,1.13,88.3,977.1,15.62,13,309,-0.25882,-0.96593,-0.82355,0.56725,1.11,5.35,3.32
2026-11-05T14:00:00Z,BRT,1.11,88.4,976.6,13.93,14,309,-0.5,-0.86603,-0.82355,0.56725,2.37,4.35,2.95
2026-11-05T15:00:00Z,BRT,2.37,95.2,974.1,14.62,15,309,-0.70711,-0.70711,-0.82355,0.56725,2.5,4.69,3.12
2026-11-05T16:00:00Z,BRT,2.5,87.7,973.5,16.5,16,309,-0.86603,-0.5,-0.82355,0.56725,4.63,3.35,0.79
2026-11-05T17:00:00Z,BRT,4.63,99.0,971.5,24.79,17,309,-0.96593,-0.25882,-0.82355,0.56725,4.55,2.81,-3.58
2026-11-05T18:00:00Z,BRT,4.55,97.3,969.0,23.18,18,309,-1.0,-0.0,-0.82355,0.56725,5.35,4.38,-2.08
2026-11-05T19:00:00Z,BRT,5.35,94.7,968.9,22.51,19,309,-0.96593,0.25882,-0.82355,0.56725,4.35,4.14,-0.83
2026-11-05T20:00:00Z,BRT,4.35,92.6,965.7,17.67,20,309,-0.86603,0.5,-0.82355,0.56725,4.69,6.53,-1.35
2026-11-05T21:00:00Z,BRT,4.69,99.0,964.7,21.49,21,309,-0.70711,0.70711,-0.82355,0.56725,3.35,6.81,-2.82
2026-11-05T22:00:00Z,BRT,3.35,97.7,966.4,21.19,22,309,-0.5,0.86603,-0.82355,0.56725,2.81,6.69,-3.47
2026-11-05T23:00:00Z,BRT,2.81,92.2,968.6,16.12,23,309,-0.25882,0.96593,-0.82355,0.56725,4.38,6.42,-3.78
2026-11-06T00:00:00Z,BRT,4.38,99.0,966.3,19.82,0,310,0.0,1.0,-0.81367,0.58133,4.14,7.12,-2.84
2026-11-06T01:00:00Z,BRT,4.14,97.4,965.9,17.84,1,310,0.25882,0.96593,-0.81367,0.58133,6.53,2.91,-2.15
2026-11-06T02:00:00Z,BRT,6.53,94.0,963.7,19.63,2,310,0.5,0.86603,-0.81367,0.58133,6.81,3.77,-2.51
2026-11-06T03:00:00Z,BRT,6.81,90.2,964.8,19.33,3,310,0.70711,0.70711,-0.81367,0.58133,6.69,2.33,-4.13
2026-11-06T04:00:00Z,BRT,6.69,94.1,964.4,16.57,4,310,0.86603,0.5,-0.81367,0.58133,6.42,2.68,-4.05
2026-11-06T05:00:00Z,BRT,6.42,99.0,965.8,18.03,5,310,0.96593,0.25882,-0.81367,0.58133,7.12,2.17,-2.91
2026-11-06T06:00:00Z,BRT,7.12,93.6,966.5,20.4,6,310,1.0,0.0,-0.81367,0.58133,2.91,4.84,-2.46
2026-11-06T07:00:00Z,BRT,2.91,94.2,971.1,15.53,7,310,0.96593,-0.25882,-0.81367,0.58133,3.77,3.32,-2.71
2026-11-06T08:00:00Z,BRT,3.77,99.0,968.9,16.74,8,310,0.86603,-0.5,-0.81367,0.58133,2.33,2.95,-2.67
2026-11-06T09:00:00Z,BRT,2.33,89.8,973.7,15.29,9,310,0.70711,-0.70711,-0.81367,0.58133,2.68,3.12,-3.45
2026-11-06T10:00:00Z,BRT,2.68,83.1,975.9,14.06,10,310,0.5,-0.86603,-0.81367,0.58133,2.17,0.79,-3.52
2026-11-06T11:00:00Z,BRT,2.17,99.0,976.7,14.14,11,310,0.25882,-0.96593,-0.81367,0.58133,4.84,-3.58,-3.5
2026-11-06T12:00:00Z,BRT,4.84,98.4,973.9,22.32,12,310,0.0,-1.0,-0.81367,0.58133,3.32,-2.08,-2.87
2026-11-06T13:00:00Z,BRT,3.32,90.3,975.8,16.04,13,310,-0.25882,-0.96593,-0.81367,0.58133,2.95,-0.83,-3.7
2026-11-06T14:00:00Z,BRT,2.95,93.3,974.4,11.86,14,310,-0.5,-0.86603,-0.81367,0.58133,3.12,-1.35,-4.89
2026-11-06T15:00:00Z,BRT,3.12,95.8,974.9,18.5,15,310,-0.70711,-0.70711,-0.81367,0.58133,0.79,-2.82,-5.07
2026-11-06T16:00:00Z,BRT,0.79,88.7,977.2,15.35,16,310,-0.86603,-0.5,-0.81367,0.58133,-3.58,-3.47,-6.27
2026-11-06T17:00:00Z,BRT,-3.58,84.8,980.2,14.34,17,310,-0.96593,-0.25882,-0.81367,0.58133,-2.08,-3.78,-5.61
2026-11-06T18:00:00Z,BRT,-2.08,79.4,980.2,16.49,18,310,-1.0,-0.0,-0.81367,0.58133,-0.83,-2.84,-5.04
2026-11-06T19:00:00Z,BRT,-0.83,86.9,981.4,18.92,19,310,-0.96593,0.25882,-0.81367,0.58133,-1.35,-2.15,-4.58
2026-11-06T20:00:00Z,BRT,-1.35,90.3,980.8,18.07,20,310,-0.86603,0.5,-0.81367,0.58133,-2.82,-2.51,-3.83
2026-11-06T21:00:00Z,BRT,-2.82,86.1,981.4,16.89,21,310,-0.70711,0.70711,-0.81367,0.58133,-3.47,-4.13,-3.51
2026-11-06T22:00:00Z,BRT,-3.47,77.7,982.9,14.07,22,310,-0.5,0.86603,-0.81367,0.58133,-3.78,-4.05,-3.76
2026-11-06T23:00:00Z,BRT,-3.78,87.0,979.3,13.61,23,310,-0.25882,0.96593,-0.81367,0.58133,-2.84,-2.91,-2.36
2026-11-07T00:00:00Z,BRT,-2.84,85.7,982.4,13.44,0,311,0.0,1.0,-0.80355,0.59524,-2.15,-2.46,-0.94
2026-11-07T01:00:00Z,BRT,-2.15,87.6,983.1,18.48,1,311,0.25882,0.96593,-0.80355,0.59524,-2.51,-2.71,-2.09
2026-11-07T02:00:00Z,BRT,-2.51,79.0,984.3,17.54,2,311,0.5,0.86603,-0.80355,0.59524,-4.13,-2.67,-2.06
2026-11-07T03:00:00Z,BRT,-4.13,87.0,988.9,14.2,3,311,0.70711,0.70711,-0.80355,0.59524,-4.05,-3.45,-0.71
2026-11-07T04:00:00Z,BRT,-4.05,81.2,989.3,7.36,4,311,0.86603,0.5,-0.80355,0.59524,-2.91,-3.52,-1.39
2026-11-07T05:00:00Z,BRT,-2.91,85.4,989.9,8.96,5,311,0.96593,0.25882,-0.80355,0.59524,-2.46,-3.5,-1.04
2026-11-07T06:00:00Z,BRT,-2.46,77.9,990.5,11.05,6,311,1.0,0.0,-0.80355,0.59524,-2.71,-2.87,-2.03
2026-11-07T07:00:00Z,BRT,-2.71,78.3,994.8,12.46,7,311,0.96593,-0.25882,-0.80355,0.59524,-2.67,-3.7,-3.26
2026-11-07T08:00:00Z,BRT,-2.67,81.2,994.1,13.74,8,311,0.86603,-0.5,-0.80355,0.59524,-3.45,-4.89,-2.21
2026-11-07T09:00:00Z,BRT,-3.45,66.1,997.3,9.72,9,311,0.70711,-0.70711,-0.80355,0.59524,-3.52,-5.07,-2.39
2026-11-07T10:00:00Z,BRT,-3.52,73.8,996.8,8.5,10,311,0.5,-0.86603,-0.80355,0.59524,-3.5,-6.27,-2.56
2026-11-07T11:00:00Z,BRT,-3.5,69.2,997.7,10.15,11,311,0.25882,-0.96593,-0.80355,0.59524,-2.87,-5.61,-2.66
2026-11-07T12:00:00Z,BRT,-2.87,75.1,997.3,12.63,12,311,0.0,-1.0,-0.80355,0.59524,-3.7,-5.04,-3.11
2026-11-07T13:00:00Z,BRT,-3.7,72.9,996.0,7.45,13,311,-0.25882,-0.96593,-0.80355,0.59524,-4.89,-4.58,-3.36
2026-11-07T14:00:00Z,BRT,-4.89,70.6,998.4,11.55,14,311,-0.5,-0.86603,-0.80355,0.59524,-5.07,-3.83,-2.68
2026-11-07T15:00:00Z,BRT,-5.07,81.4,997.0,7.73,15,311,-0.70711,-0.70711,-0.80355,0.59524,-6.27,-3.51,-3.23
2026-11-07T16:00:00Z,BRT,-6.27,75.1,995.1,13.35,16,311,-0.86603,-0.5,-0.80355,0.59524,-5.61,-3.76,-3.09
2026-11-07T17:00:00Z,BRT,-5.61,75.7,997.2,13.33,17,311,-0.96593,-0.25882,-0.80355,0.59524,-5.04,-2.36,-3.14
2026-11-07T18:00:00Z,BRT,-5.04,69.6,1003.0,12.09,18,311,-1.0,-0.0,-0.80355,0.59524,-4.58,-0.94,-2.91
2026-11-07T19:00:00Z,BRT,-4.58,66.6,1003.4,6.87,19,311,-0.96593,0.25882,-0.80355,0.59524,-3.83,-2.09,-1.78
2026-11-07T20:00:00Z,BRT,-3.83,65.2,1004.2,11.88,20,311,-0.86603,0.5,-0.80355,0.59524,-3.51,-2.06,-2.92
2026-11-07T21:00:00Z,BRT,-3.51,66.1,1004.6,9.76,21,311,-0.70711,0.70711,-0.80355,0.59524,-3.76,-0.71,-3.4
2026-11-07T22:00:00Z,BRT,-3.76,57.5,1004.7,4.35,22,311,-0.5,0.86603,-0.80355,0.59524,-2.36,-1.39,-3.76
2026-11-07T23:00:00Z,BRT,-2.36,66.9,1004.1,5.14,23,311,-0.25882,0.96593,-0.80355,0.59524,-0.94,-1.04,-2.62
2026-11-08T00:00:00Z,BRT,-0.94,66.2,1006.0,4.9,0,312,0.0,1.0,-0.79319,0.60897,-2.09,-2.03,-1.9
2026-11-08T01:00:00Z,BRT,-2.09,65.0,1004.0,6.14,1,312,0.25882,0.96593,-0.79319,0.60897,-2.06,-3.26,-3.34
2026-11-08T02:00:00Z,BRT,-2.06,63.6,1003.1,10.08,2,312,0.5,0.86603,-0.79319,0.60897,-0.71,-2.21,-2.53
2026-11-08T03:00:00Z,BRT,-0.71,63.1,999.6,10.79,3,312,0.70711,0.70711,-0.79319,0.60897,-1.39,-2.39,-1.79
2026-11-08T04:00:00Z,BRT,-1.39,72.5,1002.1,7.98,4,312,0.86603,0.5,-0.79319,0.60897,-1.04,-2.56,-0.46
2026-11-08T05:00:00Z,BRT,-1.04,70.5,1001.9,8.75,5,312,0.96593,0.25882,-0.79319,0.60897,-2.03,-2.66,-1.41
2026-11-08T06:00:00Z,BRT,-2.03,71.2,1000.9,9.83,6,312,1.0,0.0,-0.79319,0.60897,-3.26,-3.11,0.26
2026-11-08T07:00:00Z,BRT,-3.26,62.8,1002.1,13.0,7,312,0.96593,-0.25882,-0.79319,0.60897,-2.21,-3.36,1.3
2026-11-08T08:00:00Z,BRT,-2.21,72.8,1003.5,7.18,8,312,0.86603,-0.5,-0.79319,0.60897,-2.39,-2.68,0.77
2026-11-08T09:00:00Z,BRT,-2.39,63.3,1000.8,9.3,9,312,0.70711,-0.70711,-0.79319,0.60897,-2.56,-3.23,1.8
2026-11-08T10:00:00Z,BRT,-2.56,65.7,1000.0,6.81,10,312,0.5,-0.86603,-0.79319,0.60897,-2.66,-3.09,0.84
2026-11-08T11:00:00Z,BRT,-2.66,70.8,996.1,11.22,11,312,0.25882,-0.96593,-0.79319,0.60897,-3.11,-3.14,1.31
2026-11-08T12:00:00Z,BRT,-3.11,68.6,994.7,6.89,12,312,0.0,-1.0,-0.79319,0.60897,-3.36,-2.91,1.03
2026-11-08T13:00:00Z,BRT,-3.36,74.5,993.6,9.08,13,312,-0.25882,-0.96593,-0.79319,0.60897,-2.68,-1.78,0.24
2026-11-08T14:00:00Z,BRT,-2.68,70.9,995.2,10.26,14,312,-0.5,-0.86603,-0.79319,0.60897,-3.23,-2.92,0.79
2026-11-08T15:00:00Z,BRT,-3.23,73.2,994.7,10.72,15,312,-0.70711,-0.70711,-0.79319,0.60897,-3.09,-3.4,1.36
2026-11-08T16:00:00Z,BRT,-3.09,73.9,992.4,9.86,16,312,-0.86603,-0.5,-0.79319,0.60897,-3.14,-3.76,0.42
2026-11-08T17:00:00Z,BRT,-3.14,82.7,991.4,14.49,17,312,-0.96593,-0.25882,-0.79319,0.60897,-2.91,-2.62,0.03
2026-11-08T18:00:00Z,BRT,-2.91,78.4,991.2,13.34,18,312,-1.0,-0.0,-0.79319,0.60897,-1.78,-1.9,0.16
2026-11-08T19:00:00Z,BRT,-1.78,75.5,986.1,18.29,19,312,-0.96593,0.25882,-0.79319,0.60897,-2.92,-3.34,0.89
2026-11-08T20:00:00Z,BRT,-2.92,74.3,987.8,14.63,20,312,-0.86603,0.5,-0.79319,0.60897,-3.4,-2.53,2.5
2026-11-08T21:00:00Z,BRT,-3.4,80.2,987.3,12.97,21,312,-0.70711,0.70711,-0.79319,0.60897,-3.76,-1.79,1.67
2026-11-08T22:00:00Z,BRT,-3.76,83.8,988.4,13.21,22,312,-0.5,0.86603,-0.79319,0.60897,-2.62,-0.46,2.21
2026-11-08T23:00:00Z,BRT,-2.62,79.9,990.0,12.24,23,312,-0.25882,0.96593,-0.79319,0.60897,-1.9,-1.41,1.85
2026-11-09T00:00:00Z,BRT,-1.9,79.1,990.3,13.15,0,313,0.0,1.0,-0.7826,0.62253,-3.34,0.26,1.8
2026-11-09T01:00:00Z,BRT,-3.34,73.8,990.4,9.06,1,313,0.25882,0.96593,-0.7826,0.62253,-2.53,1.3,1.28
2026-11-09T02:00:00Z,BRT,-2.53,73.6,994.7,12.38,2,313,0.5,0.86603,-0.7826,0.62253,-1.79,0.77,0.94
2026-11-09T03:00:00Z,BRT,-1.79,72.3,993.0,9.22,3,313,0.70711,0.70711,-0.7826,0.62253,-0.46,1.8,0.51
2026-11-09T04:00:00Z,BRT,-0.46,79.8,993.1,13.74,4,313,0.86603,0.5,-0.7826,0.62253,-1.41,0.84,0.61
2026-11-09T05:00:00Z,BRT,-1.41,79.2,994.6,10.9,5,313,0.96593,0.25882,-0.7826,0.62253,0.26,1.31,0.26
2026-11-09T06:00:00Z,BRT,0.26,69.6,996.2,7.21,6,313,1.0,0.0,-0.7826,0.62253,1.3,1.03,0.88
2026-11-09T07:00:00Z,BRT,1.3,65.8,996.6,11.8,7,313,0.96593,-0.25882,-0.7826,0.62253,0.77,0.24,1.09
2026-11-09T08:00:00Z,BRT,0.77,76.7,996.5,11.13,8,313,0.86603,-0.5,-0.7826,0.62253,1.8,0.79,1.59
2026-11-09T09:00:00Z,BRT,1.8,66.2,995.7,12.36,9,313,0.70711,-0.70711,-0.7826,0.62253,0.84,1.36,1.53
2026-11-09T10:00:00Z,BRT,0.84,65.3,996.6,9.45,10,313,0.5,-0.86603,-0.7826,0.62253,1.31,0.42,2.23
2026-11-09T11:00:00Z,BRT,1.31,71.8,999.0,7.47,11,313,0.25882,-0.96593,-0.7826,0.62253,1.03,0.03,3.21
2026-11-09T12:00:00Z,BRT,1.03,68.5,996.8,12.55,12,313,0.0,-1.0,-0.7826,0.62253,0.24,0.16,2.62
2026-11-09T13:00:00Z,BRT,0.24,69.4,997.2,12.18,13,313,-0.25882,-0.96593,-0.7826,0.62253,0.79,0.89,1.59
2026-11-09T14:00:00Z,BRT,0.79,68.1,996.8,10.97,14,313,-0.5,-0.86603,-0.7826,0.62253,1.36,2.5,0.18
2026-11-09T15:00:00Z,BRT,1.36,71.6,999.2,12.48,15,313,-0.70711,-0.70711,-0.7826,0.62253,0.42,1.67,0.03
2026-11-09T16:00:00Z,BRT,0.42,72.3,1002.1,8.26,16,313,-0.86603,-0.5,-0.7826,0.62253,0.03,2.21,-2.14
2026-11-09T17:00:00Z,BRT,0.03,58.8,1006.1,11.27,17,313,-0.96593,-0.25882,-0.7826,0.62253,0.16,1.85,-1.02
2026-11-09T18:00:00Z,BRT,0.16,62.7,1004.4,12.6,18,313,-1.0,-0.0,-0.7826,0.62253,0.89,1.8,-1.57
2026-11-09T19:00:00Z,BRT,0.89,66.5,1004.6,9.35,19,313,-0.96593,0.25882,-0.7826,0.62253,2.5,1.28,-1.07
2026-11-09T20:00:00Z,BRT,2.5,71.9,1006.7,11.64,20,313,-0.86603,0.5,-0.7826,0.62253,1.67,0.94,-0.39
2026-11-09T21:00:00Z,BRT,1.67,64.2,1007.0,8.24,21,313,-0.70711,0.70711,-0.7826,0.62253,2.21,0.51,-3.23
2026-11-09T22:00:00Z,BRT,2.21,60.0,1004.5,7.71,22,313,-0.5,0.86603,-0.7826,0.62253,1.85,0.61,-2.04
2026-11-09T23:00:00Z,BRT,1.85,64.2,1002.9,6.96,23,313,-0.25882,0.96593,-0.7826,0.62253,1.8,0.26,-2.72
2026-11-10T00:00:00Z,BRT,1.8,70.6,1006.8,10.23,0,314,0.0,1.0,-0.77177,0.6359,1.28,0.88,-0.89
2026-11-10T01:00:00Z,BRT,1.28,65.6,1008.0,11.95,1,314,0.25882,0.96593,-0.77177,0.6359,0.94,1.09,0.02
2026-11-10T02:00:00Z,BRT,0.94,68.6,1008.1,8.76,2,314,0.5,0.86603,-0.77177,0.6359,0.51,1.59,-0.65
2026-11-10T03:00:00Z,BRT,0.51,61.7,1004.1,9.97,3,314,0.70711,0.70711,-0.77177,0.6359,0.61,1.53,-0.81
2026-11-10T04:00:00Z,BRT,0.61,68.0,1000.8,6.12,4,314,0.86603,0.5,-0.77177,0.6359,0.26,2.23,-1.04
2026-11-10T05:00:00Z,BRT,0.26,57.2,1001.0,12.18,5,314,0.96593,0.25882,-0.77177,0.6359,0.88,3.21,-1.84
2026-11-10T06:00:00Z,BRT,0.88,71.3,1000.3,11.82,6,314,1.0,0.0,-0.77177,0.6359,1.09,2.62,-1.71
2026-11-10T07:00:00Z,BRT,1.09,64.0,999.0,11.55,7,314,0.96593,-0.25882,-0.77177,0.6359,1.59,1.59,-1.26
2026-11-10T08:00:00Z,BRT,1.59,67.1,996.1,10.87,8,314,0.86603,-0.5,-0.77177,0.6359,1.53,0.18,-0.11
2026-11-10T09:00:00Z,BRT,1.53,68.9,995.0,11.96,9,314,0.70711,-0.70711,-0.77177,0.6359,2.23,0.03,0.02
2026-11-10T10:00:00Z,BRT,2.23,87.2,993.2,14.22,10,314,0.5,-0.86603,-0.77177,0.6359,3.21,-2.14,1.36
2026-11-10T11:00:00Z,BRT,3.21,74.9,996.2,12.29,11,314,0.25882,-0.96593,-0.77177,0.6359,2.62,-1.02,0.76
2026-11-10T12:00:00Z,BRT,2.62,69.1,994.0,10.27,12,314,0.0,-1.0,-0.77177,0.6359,1.59,-1.57,1.64
2026-11-10T13:00:00Z,BRT,1.59,74.3,993.8,12.08,13,314,-0.25882,-0.96593,-0.77177,0.6359,0.18,-1.07,2.08
2026-11-10T14:00:00Z,BRT,0.18,67.7,995.2,12.23,14,314,-0.5,-0.86603,-0.77177,0.6359,0.03,-0.39,0.45
2026-11-10T15:00:00Z,BRT,0.03,71.8,996.4,8.74,15,314,-0.70711,-0.70711,-0.77177,0.6359,-2.14,-3.23,-1.01
2026-11-10T16:00:00Z,BRT,-2.14,74.0,996.4,11.02,16,314,-0.86603,-0.5,-0.77177,0.6359,-1.02,-2.04,-1.14
2026-11-10T17:00:00Z,BRT,-1.02,84.6,992.0,16.22,17,314,-0.96593,-0.25882,-0.77177,0.6359,-1.57,-2.72,0.33
2026-11-10T18:00:00Z,BRT,-1.57,80.1,992.8,10.7,18,314,-1.0,-0.0,-0.77177,0.6359,-1.07,-0.89,0.69
2026-11-10T19:00:00Z,BRT,-1.07,82.6,988.9,18.45,19,314,-0.96593,0.25882,-0.77177,0.6359,-0.39,0.02,2.57
2026-11-10T20:00:00Z,BRT,-0.39,88.0,988.9,18.84,20,314,-0.86603,0.5,-0.77177,0.6359,-3.23,-0.65,1.23
2026-11-10T21:00:00Z,BRT,-3.23,83.7,987.7,8.93,21,314,-0.70711,0.70711,-0.77177,0.6359,-2.04,-0.81,1.56
2026-11-10T22:00:00Z,BRT,-2.04,81.4,989.0,14.51,22,314,-0.5,0.86603,-0.77177,0.6359,-2.72,-1.04,2.5
2026-11-10T23:00:00Z,BRT,-2.72,80.5,985.5,12.7,23,314,-0.25882,0.96593,-0.77177,0.6359,-0.89,-1.84,1.89
2026-11-11T00:00:00Z,BRT,-0.89,77.4,983.2,12.37,0,315,0.0,1.0,-0.76072,0.64908,0.02,-1.71,2.61
2026-11-11T01:00:00Z,BRT,0.02,79.0,981.7,8.85,1,315,0.25882,0.96593,-0.76072,0.64908,-0.65,-1.26,2.14
2026-11-11T02:00:00Z,BRT,-0.65,82.8,981.7,14.18,2,315,0.5,0.86603,-0.76072,0.64908,-0.81,-0.11,0.91
2026-11-11T03:00:00Z,BRT,-0.81,84.8,982.5,16.91,3,315,0.70711,0.70711,-0.76072,0.64908,-1.04,0.02,0.06
2026-11-11T04:00:00Z,BRT,-1.04,83.6,982.9,12.34,4,315,0.86603,0.5,-0.76072,0.64908,-1.84,1.36,-0.31
2026-11-11T05:00:00Z,BRT,-1.84,85.4,983.6,8.87,5,315,0.96593,0.25882,-0.76072,0.64908,-1.71,0.76,0.57
2026-11-11T06:00:00Z,BRT,-1.71,83.7,984.3,13.78,6,315,1.0,0.0,-0.76072,0.64908,-1.26,1.64,0.89
2026-11-11T07:00:00Z,BRT,-1.26,80.9,983.2,12.66,7,315,0.96593,-0.25882,-0.76072,0.64908,-0.11,2.08,-0.29
2026-11-11T08:00:00Z,BRT,-0.11,78.5,986.2,9.9,8,315,0.86603,-0.5,-0.76072,0.64908,0.02,0.45,-0.55
2026-11-11T09:00:00Z,BRT,0.02,75.9,985.3,12.28,9,315,0.70711,-0.70711,-0.76072,0.64908,1.36,-1.01,0.28
2026-11-11T10:00:00Z,BRT,1.36,77.8,985.4,13.11,10,315,0.5,-0.86603,-0.76072,0.64908,0.76,-1.14,-0.64
2026-11-11T11:00:00Z,BRT,0.76,78.9,984.0,11.99,11,315,0.25882,-0.96593,-0.76072,0.64908,1.64,0.33,-0.97
2026-11-11T12:00:00Z,BRT,1.64,81.4,985.4,13.88,12,315,0.0,-1.0,-0.76072,0.64908,2.08,0.69,-0.86
2026-11-11T13:00:00Z,BRT,2.08,77.1,984.3,16.89,13,315,-0.25882,-0.96593,-0.76072,0.64908,0.45,2.57,-1.84
2026-11-11T14:00:00Z,BRT,0.45,86.3,984.7,15.03,14,315,-0.5,-0.86603,-0.76072,0.64908,-1.01,1.23,-1.0
2026-11-11T15:00:00Z,BRT,-1.01,87.3,986.2,10.16,15,315,-0.70711,-0.70711,-0.76072,0.64908,-1.14,1.56,-1.54
2026-11-11T16:00:00Z,BRT,-1.14,81.4,987.7,13.08,16,315,-0.86603,-0.5,-0.76072,0.64908,0.33,2.5,-1.78
2026-11-11T17:00:00Z,BRT,0.33,78.6,988.5,17.13,17,315,-0.96593,-0.25882,-0.76072,0.64908,0.69,1.89,-2.27
2026-11-11T18:00:00Z,BRT,0.69,78.1,988.1,12.92,18,315,-1.0,-0.0,-0.76072,0.64908,2.57,2.61,-1.11
2026-11-11T19:00:00Z,BRT,2.57,81.1,988.2,19.92,19,315,-0.96593,0.25882,-0.76072,0.64908,1.23,2.14,-1.53
2026-11-11T20:00:00Z,BRT,1.23,75.7,991.0,12.23,20,315,-0.86603,0.5,-0.76072,0.64908,1.56,0.91,-1.68
2026-11-11T21:00:00Z,BRT,1.56,76.8,992.0,14.06,21,315,-0.70711,0.70711,-0.76072,0.64908,2.5,0.06,-2.65
2026-11-11T22:00:00Z,BRT,2.5,72.5,991.8,7.27,22,315,-0.5,0.86603,-0.76072,0.64908,1.89,-0.31,-2.32
2026-11-11T23:00:00Z,BRT,1.89,66.2,993.4,12.13,23,315,-0.25882,0.96593,-0.76072,0.64908,2.61,0.57,-0.95
2026-11-12T00:00:00Z,BRT,2.61,69.1,992.7,9.9,0,316,0.0,1.0,-0.74944,0.66207,2.14,0.89,-0.59
2026-11-12T01:00:00Z,BRT,2.14,76.3,993.3,11.93,1,316,0.25882,0.96593,-0.74944,0.66207,0.91,-0.29,-0.81
2026-11-12T02:00:00Z,BRT,0.91,70.3,991.5,12.41,2,316,0.5,0.86603,-0.74944,0.66207,0.06,-0.55,-0.38
2026-11-12T03:00:00Z,BRT,0.06,73.1,991.2,11.8,3,316,0.70711,0.70711,-0.74944,0.66207,-0.31,0.28,-1.07
2026-11-12T04:00:00Z,BRT,-0.31,78.4,992.6,13.0,4,316,0.86603,0.5,-0.74944,0.66207,0.57,-0.64,-1.97
2026-11-12T05:00:00Z,BRT,0.57,76.0,995.8,7.18,5,316,0.96593,0.25882,-0.74944,0.66207,0.89,-0.97,-2.05
2026-11-12T06:00:00Z,BRT,0.89,72.9,993.1,9.36,6,316,1.0,0.0,-0.74944,0.66207,-0.29,-0.86,-2.76
2026-11-12T07:00:00Z,BRT,-0.29,78.1,993.7,9.83,7,316,0.96593,-0.25882,-0.74944,0.66207,-0.55,-1.84,-0.95
2026-11-12T08:00:00Z,BRT,-0.55,76.4,993.9,10.77,8,316,0.86603,-0.5,-0.74944,0.66207,0.28,-1.0,-0.84
2026-11-12T09:00:00Z,BRT,0.28,65.9,996.1,9.5,9,316,0.70711,-0.70711,-0.74944,0.66207,-0.64,-1.54,-1.48
2026-11-12T10:00:00Z,BRT,-0.64,71.6,998.1,7.94,10,316,0.5,-0.86603,-0.74944,0.66207,-0.97,-1.78,-2.17
2026-11-12T11:00:00Z,BRT,-0.97,67.3,997.5,8.79,11,316,0.25882,-0.96593,-0.74944,0.66207,-0.86,-2.27,-1.01
2026-11-12T12:00:00Z,BRT,-0.86,70.9,996.4,9.09,12,316,0.0,-1.0,-0.74944,0.66207,-1.84,-1.11,0.6
2026-11-12T13:00:00Z,BRT,-1.84,67.8,996.8,8.98,13,316,-0.25882,-0.96593,-0.74944,0.66207,-1.0,-1.53,0.6
2026-11-12T14:00:00Z,BRT,-1.0,72.6,995.8,7.47,14,316,-0.5,-0.86603,-0.74944,0.66207,-1.54,-1.68,-0.34
2026-11-12T15:00:00Z,BRT,-1.54,73.5,996.8,7.97,15,316,-0.70711,-0.70711,-0.74944,0.66207,-1.78,-2.65,-0.75
2026-11-12T16:00:00Z,BRT,-1.78,75.9,994.2,10.35,16,316,-0.86603,-0.5,-0.74944,0.66207,-2.27,-2.32,-1.03
2026-11-12T17:00:00Z,BRT,-2.27,75.9,994.6,10.91,17,316,-0.96593,-0.25882,-0.74944,0.66207,-1.11,-0.95,-1.2
2026-11-12T18:00:00Z,BRT,-1.11,67.2,997.7,11.84,18,316,-1.0,-0.0,-0.74944,0.66207,-1.53,-0.59,-1.59
2026-11-12T19:00:00Z,BRT,-1.53,76.9,998.3,15.54,19,316,-0.96593,0.25882,-0.74944,0.66207,-1.68,-0.81,-2.74
2026-11-12T20:00:00Z,BRT,-1.68,66.4,1000.6,10.96,20,316,-0.86603,0.5,-0.74944,0.66207,-2.65,-0.38,-1.29
2026-11-12T21:00:00Z,BRT,-2.65,64.0,1000.3,9.66,21,316,-0.70711,0.70711,-0.74944,0.66207,-2.32,-1.07,-2.21
2026-11-12T22:00:00Z,BRT,-2.32,69.3,1000.2,7.15,22,316,-0.5,0.86603,-0.74944,0.66207,-0.95,-1.97,-1.83
2026-11-12T23:00:00Z,BRT,-0.95,67.1,1001.6,10.4,23,316,-0.25882,0.96593,-0.74944,0.66207,-0.59,-2.05,-2.1
2026-11-13T00:00:00Z,BRT,-0.59,69.6,1001.3,8.22,0,317,0.0,1.0,-0.73794,0.67486,-0.81,-2.76,-2.7
2026-11-13T01:00:00Z,BRT,-0.81,56.2,1002.3,9.43,1,317,0.25882,0.96593,-0.73794,0.67486,-0.38,-0.95,-1.67
2026-11-13T02:00:00Z,BRT,-0.38,66.2,1001.1,7.8,2,317,0.5,0.86603,-0.73794,0.67486,-1.07,-0.84,-0.15
2026-11-13T03:00:00Z,BRT,-1.07,69.0,1002.8,10.07,3,317,0.70711,0.70711,-0.73794,0.67486,-1.97,-1.48,-0.62
2026-11-13T04:00:00Z,BRT,-1.97,66.7,1003.3,4.68,4,317,0.86603,0.5,-0.73794,0.67486,-2.05,-2.17,0.57
2026-11-13T05:00:00Z,BRT,-2.05,70.4,1000.7,9.92,5,317,0.96593,0.25882,-0.73794,0.67486,-2.76,-1.01,0.61
2026-11-13T06:00:00Z,BRT,-2.76,68.9,1002.0,11.61,6,317,1.0,0.0,-0.73794,0.67486,-0.95,0.6,0.96
2026-11-13T07:00:00Z,BRT,-0.95,49.6,1003.8,4.72,7,317,0.96593,-0.25882,-0.73794,0.67486,-0.84,0.6,1.7
2026-11-13T08:00:00Z,BRT,-0.84,71.6,1004.4,8.25,8,317,0.86603,-0.5,-0.73794,0.67486,-1.48,-0.34,1.27
2026-11-13T09:00:00Z,BRT,-1.48,65.3,1005.2,8.44,9,317,0.70711,-0.70711,-0.73794,0.67486,-2.17,-0.75,0.86
2026-11-13T10:00:00Z,BRT,-2.17,67.0,1003.4,10.53,10,317,0.5,-0.86603,-0.73794,0.67486,-1.01,-1.03,2.32
2026-11-13T11:00:00Z,BRT,-1.01,59.3,1007.4,6.89,11,317,0.25882,-0.96593,-0.73794,0.67486,0.6,-1.2,1.57
2026-11-13T12:00:00Z,BRT,0.6,69.0,1005.3,7.13,12,317,0.0,-1.0,-0.73794,0.67486,0.6,-1.59,0.54
2026-11-13T13:00:00Z,BRT,0.6,75.1,1003.8,7.45,13,317,-0.25882,-0.96593,-0.73794,0.67486,-0.34,-2.74,0.6
2026-11-13T14:00:00Z,BRT,-0.34,58.6,1005.8,7.53,14,317,-0.5,-0.86603,-0.73794,0.67486,-0.75,-1.29,0.99
2026-11-13T15:00:00Z,BRT,-0.75,64.9,1003.5,8.39,15,317,-0.70711,-0.70711,-0.73794,0.67486,-1.03,-2.21,-0.13
2026-11-13T16:00:00Z,BRT,-1.03,62.6,1006.8,8.23,16,317,-0.86603,-0.5,-0.73794,0.67486,-1.2,-1.83,-0.21
2026-11-13T17:00:00Z,BRT,-1.2,68.1,1006.5,2.76,17,317,-0.96593,-0.25882,-0.73794,0.67486,-1.59,-2.1,-1.91
2026-11-13T18:00:00Z,BRT,-1.59,65.9,1002.2,11.38,18,317,-1.0,-0.0,-0.73794,0.67486,-2.74,-2.7,-1.36
2026-11-13T19:00:00Z,BRT,-2.74,71.1,1000.8,15.01,19,317,-0.96593,0.25882,-0.73794,0.67486,-1.29,-1.67,-1.69
2026-11-13T20:00:00Z,BRT,-1.29,64.7,1002.8,7.57,20,317,-0.86603,0.5,-0.73794,0.67486,-2.21,-0.15,-1.54
2026-11-13T21:00:00Z,BRT,-2.21,67.7,1000.3,9.98,21,317,-0.70711,0.70711,-0.73794,0.67486,-1.83,-0.62,-1.18
2026-11-13T22:00:00Z,BRT,-1.83,65.2,999.4,6.8,22,317,-0.5,0.86603,-0.73794,0.67486,-2.1,0.57,-1.0
2026-11-13T23:00:00Z,BRT,-2.1,62.8,997.5,10.54,23,317,-0.25882,0.96593,-0.73794,0.67486,-2.7,0.61,-1.12
2026-11-14T00:00:00Z,BRT,-2.7,63.6,996.9,10.91,0,318,0.0,1.0,-0.72622,0.68746,-1.67,0.96,0.27
2026-11-14T01:00:00Z,BRT,-1.67,72.0,995.5,7.64,1,318,0.25882,0.96593,-0.72622,0.68746,-0.15,1.7,0.47
2026-11-14T02:00:00Z,BRT,-0.15,67.7,996.4,9.01,2,318,0.5,0.86603,-0.72622,0.68746,-0.62,1.27,2.35
2026-11-14T03:00:00Z,BRT,-0.62,83.9,994.9,11.25,3,318,0.70711,0.70711,-0.72622,0.68746,0.57,0.86,2.89
2026-11-14T04:00:00Z,BRT,0.57,63.0,995.0,9.51,4,318,0.86603,0.5,-0.72622,0.68746,0.61,2.32,4.31
2026-11-14T05:00:00Z,BRT,0.61,76.0,990.6,14.15,5,318,0.96593,0.25882,-0.72622,0.68746,0.96,1.57,3.35
2026-11-14T06:00:00Z,BRT,0.96,70.3,992.3,10.82,6,318,1.0,0.0,-0.72622,0.68746,1.7,0.54,3.87
2026-11-14T07:00:00Z,BRT,1.7,71.2,992.2,12.75,7,318,0.96593,-0.25882,-0.72622,0.68746,1.27,0.6,4.32
2026-11-14T08:00:00Z,BRT,1.27,82.7,991.2,11.61,8,318,0.86603,-0.5,-0.72622,0.68746,0.86,0.99,3.89
2026-11-14T09:00:00Z,BRT,0.86,73.8,990.3,10.88,9,318,0.70711,-0.70711,-0.72622,0.68746,2.32,-0.13,3.29
2026-11-14T10:00:00Z,BRT,2.32,80.3,991.0,10.18,10,318,0.5,-0.86603,-0.72622,0.68746,1.57,-0.21,2.66
2026-11-14T11:00:00Z,BRT,1.57,73.5,989.2,10.85,11,318,0.25882,-0.96593,-0.72622,0.68746,0.54,-1.91,2.77
2026-11-14T12:00:00Z,BRT,0.54,79.4,989.4,11.91,12,318,0.0,-1.0,-0.72622,0.68746,0.6,-1.36,1.63
2026-11-14T13:00:00Z,BRT,0.6,86.1,987.5,8.91,13,318,-0.25882,-0.96593,-0.72622,0.68746,0.99,-1.69,1.25
2026-11-14T14:00:00Z,BRT,0.99,79.6,985.9,10.54,14,318,-0.5,-0.86603,-0.72622,0.68746,-0.13,-1.54,2.0
2026-11-14T15:00:00Z,BRT,-0.13,77.7,988.5,7.11,15,318,-0.70711,-0.70711,-0.72622,0.68746,-0.21,-1.18,1.33
2026-11-14T16:00:00Z,BRT,-0.21,75.8,990.2,9.0,16,318,-0.86603,-0.5,-0.72622,0.68746,-1.91,-1.0,2.06
2026-11-14T17:00:00Z,BRT,-1.91,78.8,987.4,12.79,17,318,-0.96593,-0.25882,-0.72622,0.68746,-1.36,-1.12,0.21
2026-11-14T18:00:00Z,BRT,-1.36,79.6,988.9,17.01,18,318,-1.0,-0.0,-0.72622,0.68746,-1.69,0.27,-0.12
2026-11-14T19:00:00Z,BRT,-1.69,85.2,989.4,15.29,19,318,-0.96593,0.25882,-0.72622,0.68746,-1.54,0.47,0.2
2026-11-14T20:00:00Z,BRT,-1.54,79.5,988.4,15.91,20,318,-0.86603,0.5,-0.72622,0.68746,-1.18,2.35,-0.27
2026-11-14T21:00:00Z,BRT,-1.18,81.0,989.4,16.17,21,318,-0.70711,0.70711,-0.72622,0.68746,-1.0,2.89,-0.54
2026-11-14T22:00:00Z,BRT,-1.0,71.6,991.3,9.48,22,318,-0.5,0.86603,-0.72622,0.68746,-1.12,4.31,0.13
2026-11-14T23:00:00Z,BRT,-1.12,83.9,992.3,11.86,23,318,-0.25882,0.96593,-0.72622,0.68746,0.27,3.35,0.16
2026-11-15T00:00:00Z,BRT,0.27,74.9,992.1,10.86,0,319,0.0,1.0,-0.71429,0.69985,0.47,3.87,-0.31
2026-11-15T01:00:00Z,BRT,0.47,82.4,994.4,10.82,1,319,0.25882,0.96593,-0.71429,0.69985,2.35,4.32,-0.2
2026-11-15T02:00:00Z,BRT,2.35,78.3,993.5,12.78,2,319,0.5,0.86603,-0.71429,0.69985,2.89,3.89,0.08
2026-11-15T03:00:00Z,BRT,2.89,80.6,992.9,9.65,3,319,0.70711,0.70711,-0.71429,0.69985,4.31,3.29,-0.52
2026-11-15T04:00:00Z,BRT,4.31,71.3,992.9,11.37,4,319,0.86603,0.5,-0.71429,0.69985,3.35,2.66,0.38
2026-11-15T05:00:00Z,BRT,3.35,70.0,991.4,9.29,5,319,0.96593,0.25882,-0.71429,0.69985,3.87,2.77,0.4
2026-11-15T06:00:00Z,BRT,3.87,86.3,993.9,11.81,6,319,1.0,0.0,-0.71429,0.69985,4.32,1.63,4.4
2026-11-15T07:00:00Z,BRT,4.32,67.9,998.6,10.97,7,319,0.96593,-0.25882,-0.71429,0.69985,3.89,1.25,6.34
2026-11-15T08:00:00Z,BRT,3.89,75.7,997.6,13.7,8,319,0.86603,-0.5,-0.71429,0.69985,3.29,2.0,7.78
2026-11-15T09:00:00Z,BRT,3.29,67.9,998.0,8.8,9,319,0.70711,-0.70711,-0.71429,0.69985,2.66,1.33,6.09
2026-11-15T10:00:00Z,BRT,2.66,71.1,996.0,12.14,10,319,0.5,-0.86603,-0.71429,0.69985,2.77,2.06,4.1
2026-11-15T11:00:00Z,BRT,2.77,69.8,993.1,12.48,11,319,0.25882,-0.96593,-0.71429,0.69985,1.63,0.21,2.73
2026-11-15T12:00:00Z,BRT,1.63,79.3,991.6,13.0,12,319,0.0,-1.0,-0.71429,0.69985,1.25,-0.12,2.91
2026-11-15T13:00:00Z,BRT,1.25,82.0,990.9,11.81,13,319,-0.25882,-0.96593,-0.71429,0.69985,2.0,0.2,5.58
2026-11-15T14:00:00Z,BRT,2.0,80.0,988.5,10.62,14,319,-0.5,-0.86603,-0.71429,0.69985,1.33,-0.27,6.28
2026-11-15T15:00:00Z,BRT,1.33,82.5,987.6,11.64,15,319,-0.70711,-0.70711,-0.71429,0.69985,2.06,-0.54,5.17
2026-11-15T16:00:00Z,BRT,2.06,89.1,990.8,16.46,16,319,-0.86603,-0.5,-0.71429,0.69985,0.21,0.13,4.9
2026-11-15T17:00:00Z,BRT,0.21,81.2,988.7,12.69,17,319,-0.96593,-0.25882,-0.71429,0.69985,-0.12,0.16,3.59
2026-11-15T18:00:00Z,BRT,-0.12,88.0,987.4,16.53,18,319,-1.0,-0.0,-0.71429,0.69985,0.2,-0.31,6.58
2026-11-15T19:00:00Z,BRT,0.2,76.6,987.2,14.16,19,319,-0.96593,0.25882,-0.71429,0.69985,-0.27,-0.2,6.83
2026-11-15T20:00:00Z,BRT,-0.27,82.0,985.7,16.77,20,319,-0.86603,0.5,-0.71429,0.69985,-0.54,0.08,3.21
2026-11-15T21:00:00Z,BRT,-0.54,80.4,984.3,12.8,21,319,-0.70711,0.70711,-0.71429,0.69985,0.13,-0.52,4.59
2026-11-15T22:00:00Z,BRT,0.13,82.2,979.6,15.21,22,319,-0.5,0.86603,-0.71429,0.69985,0.16,0.38,2.02
2026-11-15T23:00:00Z,BRT,0.16,84.4,981.3,14.83,23,319,-0.25882,0.96593,-0.71429,0.69985,-0.31,0.4,-2.5
2026-11-16T00:00:00Z,BRT,-0.31,92.5,978.6,16.83,0,320,0.0,1.0,-0.70215,0.71203,-0.2,4.4,-1.82
2026-11-16T01:00:00Z,BRT,-0.2,78.9,979.9,13.8,1,320,0.25882,0.96593,-0.70215,0.71203,0.08,6.34,-1.27
2026-11-16T02:00:00Z,BRT,0.08,86.0,981.0,15.22,2,320,0.5,0.86603,-0.70215,0.71203,-0.52,7.78,-1.0
2026-11-16T03:00:00Z,BRT,-0.52,77.6,979.8,13.62,3,320,0.70711,0.70711,-0.70215,0.71203,0.38,6.09,-1.06
2026-11-16T04:00:00Z,BRT,0.38,87.1,980.8,12.91,4,320,0.86603,0.5,-0.70215,0.71203,0.4,4.1,-0.74
2026-11-16T05:00:00Z,BRT,0.4,96.9,978.8,13.52,5,320,0.96593,0.25882,-0.70215,0.71203,4.4,2.73,-0.63
2026-11-16T06:00:00Z,BRT,4.4,86.3,977.3,13.04,6,320,1.0,0.0,-0.70215,0.71203,6.34,2.91,0.15
2026-11-16T07:00:00Z,BRT,6.34,89.3,972.2,17.0,7,320,0.96593,-0.25882,-0.70215,0.71203,7.78,5.58,-0.94
2026-11-16T08:00:00Z,BRT,7.78,88.1,971.6,18.52,8,320,0.86603,-0.5,-0.70215,0.71203,6.09,6.28,-1.1
2026-11-16T09:00:00Z,BRT,6.09,93.9,973.8,16.63,9,320,0.70711,-0.70711,-0.70215,0.71203,4.1,5.17,-0.37
2026-11-16T10:00:00Z,BRT,4.1,87.9,975.5,14.22,10,320,0.5,-0.86603,-0.70215,0.71203,2.73,4.9,-0.66
2026-11-16T11:00:00Z,BRT,2.73,95.5,977.2,14.12,11,320,0.25882,-0.96593,-0.70215,0.71203,2.91,3.59,0.13
2026-11-16T12:00:00Z,BRT,2.91,92.9,975.8,16.46,12,320,0.0,-1.0,-0.70215,0.71203,5.58,6.58,-0.47
2026-11-16T13:00:00Z,BRT,5.58,89.5,973.2,17.17,13,320,-0.25882,-0.96593,-0.70215,0.71203,6.28,6.83,-0.97
2026-11-16T14:00:00Z,BRT,6.28,99.0,972.0,20.75,14,320,-0.5,-0.86603,-0.70215,0.71203,5.17,3.21,-0.1
2026-11-16T15:00:00Z,BRT,5.17,94.5,971.4,16.42,15,320,-0.70711,-0.70711,-0.70215,0.71203,4.9,4.59,0.04
2026-11-16T16:00:00Z,BRT,4.9,95.4,971.1,15.97,16,320,-0.86603,-0.5,-0.70215,0.71203,3.59,2.02,-1.35
2026-11-16T17:00:00Z,BRT,3.59,99.0,971.2,15.6,17,320,-0.96593,-0.25882,-0.70215,0.71203,6.58,-2.5,-0.58
2026-11-16T18:00:00Z,BRT,6.58,99.0,969.1,25.58,18,320,-1.0,-0.0,-0.70215,0.71203,6.83,-1.82,-0.62
2026-11-16T19:00:00Z,BRT,6.83,92.6,969.2,22.88,19,320,-0.96593,0.25882,-0.70215,0.71203,3.21,-1.27,-0.92
2026-11-16T20:00:00Z,BRT,3.21,89.2,971.2,15.88,20,320,-0.86603,0.5,-0.70215,0.71203,4.59,-1.0,0.19
2026-11-16T21:00:00Z,BRT,4.59,89.5,973.9,15.31,21,320,-0.70711,0.70711,-0.70215,0.71203,2.02,-1.06,0.77
2026-11-16T22:00:00Z,BRT,2.02,83.8,975.3,14.25,22,320,-0.5,0.86603,-0.70215,0.71203,-2.5,-0.74,0.13
2026-11-16T23:00:00Z,BRT,-2.5,82.6,978.1,14.56,23,320,-0.25882,0.96593,-0.70215,0.71203,-1.82,-0.63,-0.14
2026-11-17T00:00:00Z,BRT,-1.82,86.3,980.2,12.05,0,321,0.0,1.0,-0.6898,0.724,-1.27,0.15,0.51
2026-11-17T01:00:00Z,BRT,-1.27,87.2,981.0,17.88,1,321,0.25882,0.96593,-0.6898,0.724,-1.0,-0.94,1.15
2026-11-17T02:00:00Z,BRT,-1.0,86.9,982.3,17.64,2,321,0.5,0.86603,-0.6898,0.724,-1.06,-1.1,1.86
2026-11-17T03:00:00Z,BRT,-1.06,86.4,979.7,16.7,3,321,0.70711,0.70711,-0.6898,0.724,-0.74,-0.37,1.69
2026-11-17T04:00:00Z,BRT,-0.74,75.1,982.4,9.27,4,321,0.86603,0.5,-0.6898,0.724,-0.63,-0.66,2.32
2026-11-17T05:00:00Z,BRT,-0.63,76.4,984.4,16.72,5,321,0.96593,0.25882,-0.6898,0.724,0.15,0.13,2.42
2026-11-17T06:00:00Z,BRT,0.15,85.1,985.4,13.1,6,321,1.0,0.0,-0.6898,0.724,-0.94,-0.47,3.3
2026-11-17T07:00:00Z,BRT,-0.94,78.9,990.2,12.35,7,321,0.96593,-0.25882,-0.6898,0.724,-1.1,-0.97,3.59
2026-11-17T08:00:00Z,BRT,-1.1,70.5,991.7,10.81,8,321,0.86603,-0.5,-0.6898,0.724,-0.37,-0.1,3.71
2026-11-17T09:00:00Z,BRT,-0.37,85.5,992.5,11.03,9,321,0.70711,-0.70711,-0.6898,0.724,-0.66,0.04,4.08
2026-11-17T10:00:00Z,BRT,-0.66,76.2,993.1,10.74,10,321,0.5,-0.86603,-0.6898,0.724,0.13,-1.35,3.33
2026-11-17T11:00:00Z,BRT,0.13,70.6,994.6,10.39,11,321,0.25882,-0.96593,-0.6898,0.724,-0.47,-0.58,3.48
2026-11-17T12:00:00Z,BRT,-0.47,65.2,996.7,7.33,12,321,0.0,-1.0,-0.6898,0.724,-0.97,-0.62,3.01
2026-11-17T13:00:00Z,BRT,-0.97,61.3,996.6,7.37,13,321,-0.25882,-0.96593,-0.6898,0.724,-0.1,-0.92,1.94
2026-11-17T14:00:00Z,BRT,-0.1,67.3,997.6,11.75,14,321,-0.5,-0.86603,-0.6898,0.724,0.04,0.19,1.05
2026-11-17T15:00:00Z,BRT,0.04,74.6,1001.9,6.81,15,321,-0.70711,-0.70711,-0.6898,0.724,-1.35,0.77,-0.22
2026-11-17T16:00:00Z,BRT,-1.35,67.5,1003.9,9.74,16,321,-0.86603,-0.5,-0.6898,0.724,-0.58,0.13,-0.34
2026-11-17T17:00:00Z,BRT,-0.58,58.8,1005.9,6.49,17,321,-0.96593,-0.25882,-0.6898,0.724,-0.62,-0.14,-0.43
2026-11-17T18:00:00Z,BRT,-0.62,67.8,1007.0,9.01,18,321,-1.0,-0.0,-0.6898,0.724,-0.92,0.51,-0.98
2026-11-17T19:00:00Z,BRT,-0.92,67.2,1010.2,8.04,19,321,-0.96593,0.25882,-0.6898,0.724,0.19,1.15,-0.25
2026-11-17T20:00:00Z,BRT,0.19,54.3,1010.1,12.57,20,321,-0.86603,0.5,-0.6898,0.724,0.77,1.86,0.16
2026-11-17T21:00:00Z,BRT,0.77,55.2,1011.3,7.23,21,321,-0.70711,0.70711,-0.6898,0.724,0.13,1.69,-0.74
2026-11-17T22:00:00Z,BRT,0.13,56.5,1009.8,5.97,22,321,-0.5,0.86603,-0.6898,0.724,-0.14,2.32,0.06
2026-11-17T23:00:00Z,BRT,-0.14,62.3,1012.3,3.19,23,321,-0.25882,0.96593,-0.6898,0.724,0.51,2.42,-1.17
2026-11-18T00:00:00Z,BRT,0.51,57.1,1012.3,6.22,0,322,0.0,1.0,-0.67724,0.73576,1.15,3.3,-1.54
2026-11-18T01:00:00Z,BRT,1.15,60.9,1015.1,5.13,1,322,0.25882,0.96593,-0.67724,0.73576,1.86,3.59,-1.56
2026-11-18T02:00:00Z,BRT,1.86,59.6,1015.3,4.42,2,322,0.5,0.86603,-0.67724,0.73576,1.69,3.71,-1.22
2026-11-18T03:00:00Z,BRT,1.69,56.3,1017.9,3.76,3,322,0.70711,0.70711,-0.67724,0.73576,2.32,4.08,0.08
2026-11-18T04:00:00Z,BRT,2.32,53.7,1019.5,4.42,4,322,0.86603,0.5,-0.67724,0.73576,2.42,3.33,0.91
2026-11-18T05:00:00Z,BRT,2.42,60.1,1018.3,3.96,5,322,0.96593,0.25882,-0.67724,0.73576,3.3,3.48,1.38
2026-11-18T06:00:00Z,BRT,3.3,47.8,1019.7,2.16,6,322,1.0,0.0,-0.67724,0.73576,3.59,3.01,2.34
2026-11-18T07:00:00Z,BRT,3.59,49.8,1021.8,7.31,7,322,0.96593,-0.25882,-0.67724,0.73576,3.71,1.94,2.27
2026-11-18T08:00:00Z,BRT,3.71,50.6,1021.6,3.93,8,322,0.86603,-0.5,-0.67724,0.73576,4.08,1.05,1.43
2026-11-18T09:00:00Z,BRT,4.08,52.7,1020.3,0.82,9,322,0.70711,-0.70711,-0.67724,0.73576,3.33,-0.22,0.44
2026-11-18T10:00:00Z,BRT,3.33,53.4,1021.2,3.24,10,322,0.5,-0.86603,-0.67724,0.73576,3.48,-0.34,0.65
2026-11-18T11:00:00Z,BRT,3.48,59.7,1020.1,1.44,11,322,0.25882,-0.96593,-0.67724,0.73576,3.01,-0.43,-0.66
2026-11-18T12:00:00Z,BRT,3.01,52.2,1021.0,3.7,12,322,0.0,-1.0,-0.67724,0.73576,1.94,-0.98,-0.56
2026-11-18T13:00:00Z,BRT,1.94,53.4,1020.5,6.4,13,322,-0.25882,-0.96593,-0.67724,0.73576,1.05,-0.25,-1.1
2026-11-18T14:00:00Z,BRT,1.05,45.5,1021.3,3.0,14,322,-0.5,-0.86603,-0.67724,0.73576,-0.22,0.16,-2.46
2026-11-18T15:00:00Z,BRT,-0.22,50.3,1019.3,2.79,15,322,-0.70711,-0.70711,-0.67724,0.73576,-0.34,-0.74,-1.61
2026-11-18T16:00:00Z,BRT,-0.34,57.0,1016.2,2.91,16,322,-0.86603,-0.5,-0.67724,0.73576,-0.43,0.06,-2.15
2026-11-18T17:00:00Z,BRT,-0.43,51.5,1015.4,8.16,17,322,-0.96593,-0.25882,-0.67724,0.73576,-0.98,-1.17,-2.4
2026-11-18T18:00:00Z,BRT,-0.98,66.7,1014.5,8.21,18,322,-1.0,-0.0,-0.67724,0.73576,-0.25,-1.54,-1.58
2026-11-18T19:00:00Z,BRT,-0.25,59.5,1012.8,8.91,19,322,-0.96593,0.25882,-0.67724,0.73576,0.16,-1.56,-0.47
2026-11-18T20:00:00Z,BRT,0.16,54.0,1015.1,9.15,20,322,-0.86603,0.5,-0.67724,0.73576,-0.74,-1.22,-0.51
2026-11-18T21:00:00Z,BRT,-0.74,52.6,1015.1,3.89,21,322,-0.70711,0.70711,-0.67724,0.73576,0.06,0.08,-0.82
2026-11-18T22:00:00Z,BRT,0.06,60.0,1012.9,4.84,22,322,-0.5,0.86603,-0.67724,0.73576,-1.17,0.91,0.95
2026-11-18T23:00:00Z,BRT,-1.17,54.3,1011.4,6.67,23,322,-0.25882,0.96593,-0.67724,0.73576,-1.54,1.38,0.99
2026-11-19T00:00:00Z,BRT,-1.54,60.3,1010.2,3.99,0,323,0.0,1.0,-0.66448,0.7473,-1.56,2.34,-0.24
2026-11-19T01:00:00Z,BRT,-1.56,59.9,1009.1,9.01,1,323,0.25882,0.96593,-0.66448,0.7473,-1.22,2.27,-0.59
2026-11-19T02:00:00Z,BRT,-1.22,56.5,1009.2,5.44,2,323,0.5,0.86603,-0.66448,0.7473,0.08,1.43,0.63
2026-11-19T03:00:00Z,BRT,0.08,62.4,1005.7,6.77,3,323,0.70711,0.70711,-0.66448,0.7473,0.91,0.44,1.92
2026-11-19T04:00:00Z,BRT,0.91,82.1,1002.6,7.03,4,323,0.86603,0.5,-0.66448,0.7473,1.38,0.65,1.11
2026-11-19T05:00:00Z,BRT,1.38,63.0,1001.4,10.46,5,323,0.96593,0.25882,-0.66448,0.7473,2.34,-0.66,0.6
2026-11-19T06:00:00Z,BRT,2.34,71.1,999.2,9.37,6,323,1.0,0.0,-0.66448,0.7473,2.27,-0.56,0.44
2026-11-19T07:00:00Z,BRT,2.27,75.6,997.4,12.36,7,323,0.96593,-0.25882,-0.66448,0.7473,1.43,-1.1,-0.43
2026-11-19T08:00:00Z,BRT,1.43,73.6,994.9,10.75,8,323,0.86603,-0.5,-0.66448,0.7473,0.44,-2.46,0.87
2026-11-19T09:00:00Z,BRT,0.44,70.4,992.3,6.56,9,323,0.70711,-0.70711,-0.66448,0.7473,0.65,-1.61,0.5
2026-11-19T10:00:00Z,BRT,0.65,74.1,990.0,10.8,10,323,0.5,-0.86603,-0.66448,0.7473,-0.66,-2.15,0.95
2026-11-19T11:00:00Z,BRT,-0.66,80.1,986.5,13.22,11,323,0.25882,-0.96593,-0.66448,0.7473,-0.56,-2.4,0.25
2026-11-19T12:00:00Z,BRT,-0.56,88.0,987.3,12.97,12,323,0.0,-1.0,-0.66448,0.7473,-1.1,-1.58,-0.48
2026-11-19T13:00:00Z,BRT,-1.1,80.8,984.8,12.39,13,323,-0.25882,-0.96593,-0.66448,0.7473,-2.46,-0.47,0.09
2026-11-19T14:00:00Z,BRT,-2.46,83.3,985.7,11.46,14,323,-0.5,-0.86603,-0.66448,0.7473,-1.61,-0.51,0.43
2026-11-19T15:00:00Z,BRT,-1.61,86.1,985.5,11.59,15,323,-0.70711,-0.70711,-0.66448,0.7473,-2.15,-0.82,-0.62
2026-11-19T16:00:00Z,BRT,-2.15,76.0,986.1,12.9,16,323,-0.86603,-0.5,-0.66448,0.7473,-2.4,0.95,-0.57
2026-11-19T17:00:00Z,BRT,-2.4,76.2,988.0,12.14,17,323,-0.96593,-0.25882,-0.66448,0.7473,-1.58,0.99,-1.71
2026-11-19T18:00:00Z,BRT,-1.58,76.4,988.3,14.67,18,323,-1.0,-0.0,-0.66448,0.7473,-0.47,-0.24,-1.14
2026-11-19T19:00:00Z,BRT,-0.47,78.1,986.6,14.22,19,323,-0.96593,0.25882,-0.66448,0.7473,-0.51,-0.59,-0.96
2026-11-19T20:00:00Z,BRT,-0.51,70.9,988.8,13.74,20,323,-0.86603,0.5,-0.66448,0.7473,-0.82,0.63,1.23
2026-11-19T21:00:00Z,BRT,-0.82,76.5,989.5,14.57,21,323,-0.70711,0.70711,-0.66448,0.7473,0.95,1.92,1.6
2026-11-19T22:00:00Z,BRT,0.95,81.3,985.7,12.21,22,323,-0.5,0.86603,-0.66448,0.7473,0.99,1.11,1.24
2026-11-19T23:00:00Z,BRT,0.99,79.4,986.0,15.53,23,323,-0.25882,0.96593,-0.66448,0.7473,-0.24,0.6,1.28
2026-11-20T00:00:00Z,BRT,-0.24,75.9,984.6,12.83,0,324,0.0,1.0,-0.65153,0.75862,-0.59,0.44,1.59
2026-11-20T01:00:00Z,BRT,-0.59,81.2,985.5,12.73,1,324,0.25882,0.96593,-0.65153,0.75862,0.63,-0.43,1.89
2026-11-20T02:00:00Z,BRT,0.63,80.6,985.6,11.57,2,324,0.5,0.86603,-0.65153,0.75862,1.92,0.87,3.74
2026-11-20T03:00:00Z,BRT,1.92,76.4,986.6,12.01,3,324,0.70711,0.70711,-0.65153,0.75862,1.11,0.5,4.16
2026-11-20T04:00:00Z,BRT,1.11,81.2,989.0,15.14,4,324,0.86603,0.5,-0.65153,0.75862,0.6,0.95,3.86
2026-11-20T05:00:00Z,BRT,0.6,77.4,989.8,12.28,5,324,0.96593,0.25882,-0.65153,0.75862,0.44,0.25,4.85
2026-11-20T06:00:00Z,BRT,0.44,79.8,989.2,10.77,6,324,1.0,0.0,-0.65153,0.75862,-0.43,-0.48,5.98
2026-11-20T07:00:00Z,BRT,-0.43,74.2,988.7,10.92,7,324,0.96593,-0.25882,-0.65153,0.75862,0.87,0.09,5.15
2026-11-20T08:00:00Z,BRT,0.87,73.8,989.1,12.54,8,324,0.86603,-0.5,-0.65153,0.75862,0.5,0.43,5.38
2026-11-20T09:00:00Z,BRT,0.5,79.5,989.7,14.47,9,324,0.70711,-0.70711,-0.65153,0.75862,0.95,-0.62,5.63
2026-11-20T10:00:00Z,BRT,0.95,75.9,990.6,11.16,10,324,0.5,-0.86603,-0.65153,0.75862,0.25,-0.57,4.62
2026-11-20T11:00:00Z,BRT,0.25,69.5,990.2,9.74,11,324,0.25882,-0.96593,-0.65153,0.75862,-0.48,-1.71,3.08
2026-11-20T12:00:00Z,BRT,-0.48,71.9,991.2,12.03,12,324,0.0,-1.0,-0.65153,0.75862,0.09,-1.14,7.07
2026-11-20T13:00:00Z,BRT,0.09,70.6,992.6,13.95,13,324,-0.25882,-0.96593,-0.65153,0.75862,0.43,-0.96,7.56
2026-11-20T14:00:00Z,BRT,0.43,67.2,992.9,11.02,14,324,-0.5,-0.86603,-0.65153,0.75862,-0.62,1.23,7.32
2026-11-20T15:00:00Z,BRT,-0.62,79.4,992.1,14.65,15,324,-0.70711,-0.70711,-0.65153,0.75862,-0.57,1.6,2.51
2026-11-20T16:00:00Z,BRT,-0.57,70.9,991.7,7.3,16,324,-0.86603,-0.5,-0.65153,0.75862,-1.71,1.24,7.05
2026-11-20T17:00:00Z,BRT,-1.71,79.9,989.8,12.99,17,324,-0.96593,-0.25882,-0.65153,0.75862,-1.14,1.28,0.19
2026-11-20T18:00:00Z,BRT,-1.14,85.3,990.3,8.92,18,324,-1.0,-0.0,-0.65153,0.75862,-0.96,1.59,0.33
2026-11-20T19:00:00Z,BRT,-0.96,76.5,991.6,13.48,19,324,-0.96593,0.25882,-0.65153,0.75862,1.23,1.89,1.59
2026-11-20T20:00:00Z,BRT,1.23,69.1,991.3,12.63,20,324,-0.86603,0.5,-0.65153,0.75862,1.6,3.74,0.23
2026-11-20T21:00:00Z,BRT,1.6,76.2,990.7,9.61,21,324,-0.70711,0.70711,-0.65153,0.75862,1.24,4.16,-0.11
2026-11-20T22:00:00Z,BRT,1.24,77.9,991.1,10.51,22,324,-0.5,0.86603,-0.65153,0.75862,1.28,3.86,-0.57
2026-11-20T23:00:00Z,BRT,1.28,75.9,990.8,13.3,23,324,-0.25882,0.96593,-0.65153,0.75862,1.59,4.85,-0.0
2026-11-21T00:00:00Z,BRT,1.59,75.9,990.8,4.04,0,325,0.0,1.0,-0.63838,0.76972,1.89,5.98,-0.13
2026-11-21T01:00:00Z,BRT,1.89,84.6,989.0,12.27,1,325,0.25882,0.96593,-0.63838,0.76972,3.74,5.15,0.1
2026-11-21T02:00:00Z,BRT,3.74,77.3,988.3,10.2,2,325,0.5,0.86603,-0.63838,0.76972,4.16,5.38,0.34
2026-11-21T03:00:00Z,BRT,4.16,82.9,984.3,15.78,3,325,0.70711,0.70711,-0.63838,0.76972,3.86,5.63,0.45
2026-11-21T04:00:00Z,BRT,3.86,78.0,986.8,12.67,4,325,0.86603,0.5,-0.63838,0.76972,4.85,4.62,-0.09
2026-11-21T05:00:00Z,BRT,4.85,76.4,987.6,11.73,5,325,0.96593,0.25882,-0.63838,0.76972,5.98,3.08,1.15
2026-11-21T06:00:00Z,BRT,5.98,82.9,983.6,14.7,6,325,1.0,0.0,-0.63838,0.76972,5.15,7.07,0.23
2026-11-21T07:00:00Z,BRT,5.15,80.1,983.6,8.32,7,325,0.96593,-0.25882,-0.63838,0.76972,5.38,7.56,0.53
2026-11-21T08:00:00Z,BRT,5.38,84.5,984.3,11.92,8,325,0.86603,-0.5,-0.63838,0.76972,5.63,7.32,-0.69
2026-11-21T09:00:00Z,BRT,5.63,84.2,982.8,13.35,9,325,0.70711,-0.70711,-0.63838,0.76972,4.62,2.51,0.01
2026-11-21T10:00:00Z,BRT,4.62,78.3,982.4,12.74,10,325,0.5,-0.86603,-0.63838,0.76972,3.08,7.05,0.66
2026-11-21T11:00:00Z,BRT,3.08,91.5,978.4,15.61,11,325,0.25882,-0.96593,-0.63838,0.76972,7.07,0.19,0.87
2026-11-21T12:00:00Z,BRT,7.07,99.0,977.7,15.8,12,325,0.0,-1.0,-0.63838,0.76972,7.56,0.33,1.48
2026-11-21T13:00:00Z,BRT,7.56,92.8,977.3,13.92,13,325,-0.25882,-0.96593,-0.63838,0.76972,7.32,1.59,0.7
2026-11-21T14:00:00Z,BRT,7.32,98.0,975.8,14.88,14,325,-0.5,-0.86603,-0.63838,0.76972,2.51,0.23,1.03
2026-11-21T15:00:00Z,BRT,2.51,87.6,978.7,15.8,15,325,-0.70711,-0.70711,-0.63838,0.76972,7.05,-0.11,1.43
2026-11-21T16:00:00Z,BRT,7.05,89.8,977.1,19.07,16,325,-0.86603,-0.5,-0.63838,0.76972,0.19,-0.57,-0.13
2026-11-21T17:00:00Z,BRT,0.19,98.4,979.4,13.39,17,325,-0.96593,-0.25882,-0.63838,0.76972,0.33,-0.0,0.22
2026-11-21T18:00:00Z,BRT,0.33,86.6,980.2,13.27,18,325,-1.0,-0.0,-0.63838,0.76972,1.59,-0.13,-0.68
2026-11-21T19:00:00Z,BRT,1.59,87.7,978.4,18.21,19,325,-0.96593,0.25882,-0.63838,0.76972,0.23,0.1,-0.84
2026-11-21T20:00:00Z,BRT,0.23,93.3,982.7,11.77,20,325,-0.86603,0.5,-0.63838,0.76972,-0.11,0.34,-1.94
2026-11-21T21:00:00Z,BRT,-0.11,81.3,983.9,13.22,21,325,-0.70711,0.70711,-0.63838,0.76972,-0.57,0.45,-1.44
2026-11-21T22:00:00Z,BRT,-0.57,80.7,987.7,15.05,22,325,-0.5,0.86603,-0.63838,0.76972,-0.0,-0.09,-2.11
2026-11-21T23:00:00Z,BRT,-0.0,77.8,986.7,13.62,23,325,-0.25882,0.96593,-0.63838,0.76972,-0.13,1.15,-2.2
2026-11-22T00:00:00Z,BRT,-0.13,85.9,988.3,11.1,0,326,0.0,1.0,-0.62505,0.78058,0.1,0.23,-1.62
2026-11-22T01:00:00Z,BRT,0.1,75.3,989.0,14.17,1,326,0.25882,0.96593,-0.62505,0.78058,0.34,0.53,-1.24
2026-11-22T02:00:00Z,BRT,0.34,80.7,988.9,10.99,2,326,0.5,0.86603,-0.62505,0.78058,0.45,-0.69,0.21
2026-11-22T03:00:00Z,BRT,0.45,79.5,989.2,14.87,3,326,0.70711,0.70711,-0.62505,0.78058,-0.09,0.01,1.35
2026-11-22T04:00:00Z,BRT,-0.09,71.2,992.4,13.94,4,326,0.86603,0.5,-0.62505,0.78058,1.15,0.66,2.34
2026-11-22T05:00:00Z,BRT,1.15,66.8,992.9,10.77,5,326,0.96593,0.25882,-0.62505,0.78058,0.23,0.87,1.08
2026-11-22T06:00:00Z,BRT,0.23,77.7,990.6,12.56,6,326,1.0,0.0,-0.62505,0.78058,0.53,1.48,0.99
2026-11-22T07:00:00Z,BRT,0.53,77.1,990.5,11.72,7,326,0.96593,-0.25882,-0.62505,0.78058,-0.69,0.7,1.31
2026-11-22T08:00:00Z,BRT,-0.69,77.9,991.9,7.78,8,326,0.86603,-0.5,-0.62505,0.78058,0.01,1.03,1.4
2026-11-22T09:00:00Z,BRT,0.01,78.1,990.8,11.15,9,326,0.70711,-0.70711,-0.62505,0.78058,0.66,1.43,0.66
2026-11-22T10:00:00Z,BRT,0.66,75.7,990.9,8.26,10,326,0.5,-0.86603,-0.62505,0.78058,0.87,-0.13,0.43
2026-11-22T11:00:00Z,BRT,0.87,85.5,990.1,13.04,11,326,0.25882,-0.96593,-0.62505,0.78058,1.48,0.22,1.7
2026-11-22T12:00:00Z,BRT,1.48,78.0,993.0,9.8,12,326,0.0,-1.0,-0.62505,0.78058,0.7,-0.68,1.51
2026-11-22T13:00:00Z,BRT,0.7,70.4,994.3,13.45,13,326,-0.25882,-0.96593,-0.62505,0.78058,1.03,-0.84,0.97
2026-11-22T14:00:00Z,BRT,1.03,74.1,992.5,8.54,14,326,-0.5,-0.86603,-0.62505,0.78058,1.43,-1.94,0.97
2026-11-22T15:00:00Z,BRT,1.43,73.1,991.9,13.06,15,326,-0.70711,-0.70711,-0.62505,0.78058,-0.13,-1.44,-0.94
2026-11-22T16:00:00Z,BRT,-0.13,71.6,994.0,11.78,16,326,-0.86603,-0.5,-0.62505,0.78058,0.22,-2.11,-1.21
2026-11-22T17:00:00Z,BRT,0.22,79.0,995.2,8.35,17,326,-0.96593,-0.25882,-0.62505,0.78058,-0.68,-2.2,-2.87
2026-11-22T18:00:00Z,BRT,-0.68,75.3,997.6,10.39,18,326,-1.0,-0.0,-0.62505,0.78058,-0.84,-1.62,-2.92
2026-11-22T19:00:00Z,BRT,-0.84,66.8,998.7,6.65,19,326,-0.96593,0.25882,-0.62505,0.78058,-1.94,-1.24,-3.01
2026-11-22T20:00:00Z,BRT,-1.94,65.0,997.4,11.2,20,326,-0.86603,0.5,-0.62505,0.78058,-1.44,0.21,-2.76
2026-11-22T21:00:00Z,BRT,-1.44,75.0,994.4,5.82,21,326,-0.70711,0.70711,-0.62505,0.78058,-2.11,1.35,-2.14
2026-11-22T22:00:00Z,BRT,-2.11,75.4,995.6,10.47,22,326,-0.5,0.86603,-0.62505,0.78058,-2.2,2.34,-2.0
2026-11-22T23:00:00Z,BRT,-2.2,72.5,997.6,10.71,23,326,-0.25882,0.96593,-0.62505,0.78058,-1.62,1.08,-3.18
2026-11-23T00:00:00Z,BRT,-1.62,80.7,997.7,11.14,0,327,0.0,1.0,-0.61153,0.79122,-1.24,0.99,-3.53
2026-11-23T01:00:00Z,BRT,-1.24,59.1,1000.5,7.42,1,327,0.25882,0.96593,-0.61153,0.79122,0.21,1.31,-3.63
2026-11-23T02:00:00Z,BRT,0.21,68.7,1003.2,9.69,2,327,0.5,0.86603,-0.61153,0.79122,1.35,1.4,-2.74
2026-11-23T03:00:00Z,BRT,1.35,62.2,1004.2,9.12,3,327,0.70711,0.70711,-0.61153,0.79122,2.34,0.66,-1.65
2026-11-23T04:00:00Z,BRT,2.34,57.6,1007.3,9.11,4,327,0.86603,0.5,-0.61153,0.79122,1.08,0.43,-0.8
2026-11-23T05:00:00Z,BRT,1.08,60.7,1011.4,6.07,5,327,0.96593,0.25882,-0.61153,0.79122,0.99,1.7,-0.68
2026-11-23T06:00:00Z,BRT,0.99,56.2,1011.8,10.35,6,327,1.0,0.0,-0.61153,0.79122,1.31,1.51,-0.83
2026-11-23T07:00:00Z,BRT,1.31,64.2,1011.4,1.42,7,327,0.96593,-0.25882,-0.61153,0.79122,1.4,0.97,-0.25
2026-11-23T08:00:00Z,BRT,1.4,58.5,1014.4,6.99,8,327,0.86603,-0.5,-0.61153,0.79122,0.66,0.97,-0.56
2026-11-23T09:00:00Z,BRT,0.66,63.0,1009.2,3.38,9,327,0.70711,-0.70711,-0.61153,0.79122,0.43,-0.94,0.41
2026-11-23T10:00:00Z,BRT,0.43,54.8,1012.4,5.82,10,327,0.5,-0.86603,-0.61153,0.79122,1.7,-1.21,0.77
2026-11-23T11:00:00Z,BRT,1.7,56.9,1012.4,5.85,11,327,0.25882,-0.96593,-0.61153,0.79122,1.51,-2.87,2.09
2026-11-23T12:00:00Z,BRT,1.51,62.9,1011.7,5.34,12,327,0.0,-1.0,-0.61153,0.79122,0.97,-2.92,0.54
2026-11-23T13:00:00Z,BRT,0.97,60.8,1012.2,11.82,13,327,-0.25882,-0.96593,-0.61153,0.79122,0.97,-3.01,0.24
2026-11-23T14:00:00Z,BRT,0.97,53.5,1009.7,6.16,14,327,-0.5,-0.86603,-0.61153,0.79122,-0.94,-2.76,0.31
2026-11-23T15:00:00Z,BRT,-0.94,55.1,1006.5,7.15,15,327,-0.70711,-0.70711,-0.61153,0.79122,-1.21,-2.14,1.09
2026-11-23T16:00:00Z,BRT,-1.21,57.2,1007.4,6.44,16,327,-0.86603,-0.5,-0.61153,0.79122,-2.87,-2.0,1.47
2026-11-23T17:00:00Z,BRT,-2.87,64.2,1008.1,9.46,17,327,-0.96593,-0.25882,-0.61153,0.79122,-2.92,-3.18,2.33
2026-11-23T18:00:00Z,BRT,-2.92,61.8,1008.2,4.81,18,327,-1.0,-0.0,-0.61153,0.79122,-3.01,-3.53,2.57
2026-11-23T19:00:00Z,BRT,-3.01,57.6,1010.9,2.86,19,327,-0.96593,0.25882,-0.61153,0.79122,-2.76,-3.63,3.15
2026-11-23T20:00:00Z,BRT,-2.76,57.6,1011.2,7.0,20,327,-0.86603,0.5,-0.61153,0.79122,-2.14,-2.74,2.46
2026-11-23T21:00:00Z,BRT,-2.14,60.7,1013.3,2.92,21,327,-0.70711,0.70711,-0.61153,0.79122,-2.0,-1.65,2.61
2026-11-23T22:00:00Z,BRT,-2.0,49.3,1012.4,5.85,22,327,-0.5,0.86603,-0.61153,0.79122,-3.18,-0.8,1.58
2026-11-23T23:00:00Z,BRT,-3.18,59.8,1010.5,5.73,23,327,-0.25882,0.96593,-0.61153,0.79122,-3.53,-0.68,1.17
2026-11-24T00:00:00Z,BRT,-3.53,64.4,1009.5,3.85,0,328,0.0,1.0,-0.59783,0.80162,-3.63,-0.83,2.28
2026-11-24T01:00:00Z,BRT,-3.63,64.4,1009.5,11.21,1,328,0.25882,0.96593,-0.59783,0.80162,-2.74,-0.25,1.47
2026-11-24T02:00:00Z,BRT,-2.74,55.0,1008.0,8.23,2,328,0.5,0.86603,-0.59783,0.80162,-1.65,-0.56,0.9
2026-11-24T03:00:00Z,BRT,-1.65,64.5,1008.5,7.13,3,328,0.70711,0.70711,-0.59783,0.80162,-0.8,0.41,0.86
2026-11-24T04:00:00Z,BRT,-0.8,67.1,1004.8,9.24,4,328,0.86603,0.5,-0.59783,0.80162,-0.68,0.77,1.12
2026-11-24T05:00:00Z,BRT,-0.68,63.5,1001.6,6.58,5,328,0.96593,0.25882,-0.59783,0.80162,-0.83,2.09,2.48
2026-11-24T06:00:00Z,BRT,-0.83,64.1,1001.6,6.5,6,328,1.0,0.0,-0.59783,0.80162,-0.25,0.54,3.61
2026-11-24T07:00:00Z,BRT,-0.25,63.3,1000.4,9.53,7,328,0.96593,-0.25882,-0.59783,0.80162,-0.56,0.24,3.49
2026-11-24T08:00:00Z,BRT,-0.56,62.4,1002.5,8.72,8,328,0.86603,-0.5,-0.59783,0.80162,0.41,0.31,2.89
2026-11-24T09:00:00Z,BRT,0.41,62.6,1004.2,9.37,9,328,0.70711,-0.70711,-0.59783,0.80162,0.77,1.09,2.49
2026-11-24T10:00:00Z,BRT,0.77,66.8,1004.6,9.06,10,328,0.5,-0.86603,-0.59783,0.80162,2.09,1.47,3.51
2026-11-24T11:00:00Z,BRT,2.09,70.0,1000.7,9.94,11,328,0.25882,-0.96593,-0.59783,0.80162,0.54,2.33,3.21
2026-11-24T12:00:00Z,BRT,0.54,69.6,1000.5,7.62,12,328,0.0,-1.0,-0.59783,0.80162,0.24,2.57,3.37
2026-11-24T13:00:00Z,BRT,0.24,70.0,1000.9,6.49,13,328,-0.25882,-0.96593,-0.59783,0.80162,0.31,3.15,2.81
2026-11-24T14:00:00Z,BRT,0.31,74.4,999.6,7.9,14,328,-0.5,-0.86603,-0.59783,0.80162,1.09,2.46,1.8
2026-11-24T15:00:00Z,BRT,1.09,70.8,996.8,11.95,15,328,-0.70711,-0.70711,-0.59783,0.80162,1.47,2.61,2.74
2026-11-24T16:00:00Z,BRT,1.47,73.9,994.4,9.54,16,328,-0.86603,-0.5,-0.59783,0.80162,2.33,1.58,2.73
2026-11-24T17:00:00Z,BRT,2.33,81.6,993.6,12.38,17,328,-0.96593,-0.25882,-0.59783,0.80162,2.57,1.17,0.96
2026-11-24T18:00:00Z,BRT,2.57,70.0,991.5,8.38,18,328,-1.0,-0.0,-0.59783,0.80162,3.15,2.28,1.28
2026-11-24T19:00:00Z,BRT,3.15,65.7,994.1,9.55,19,328,-0.96593,0.25882,-0.59783,0.80162,2.46,1.47,1.53
2026-11-24T20:00:00Z,BRT,2.46,69.6,993.1,12.1,20,328,-0.86603,0.5,-0.59783,0.80162,2.61,0.9,1.25
2026-11-24T21:00:00Z,BRT,2.61,67.1,994.5,10.85,21,328,-0.70711,0.70711,-0.59783,0.80162,1.58,0.86,0.37
2026-11-24T22:00:00Z,BRT,1.58,70.8,990.7,11.01,22,328,-0.5,0.86603,-0.59783,0.80162,1.17,1.12,1.15
2026-11-24T23:00:00Z,BRT,1.17,79.3,991.5,12.29,23,328,-0.25882,0.96593,-0.59783,0.80162,2.28,2.48,1.95
2026-11-25T00:00:00Z,BRT,2.28,75.8,993.6,11.08,0,329,0.0,1.0,-0.58395,0.81179,1.47,3.61,2.43
2026-11-25T01:00:00Z,BRT,1.47,73.7,993.4,9.46,1,329,0.25882,0.96593,-0.58395,0.81179,0.9,3.49,1.7
2026-11-25T02:00:00Z,BRT,0.9,79.4,991.0,11.64,2,329,0.5,0.86603,-0.58395,0.81179,0.86,2.89,1.86
2026-11-25T03:00:00Z,BRT,0.86,73.3,989.1,10.75,3,329,0.70711,0.70711,-0.58395,0.81179,1.12,2.49,1.55
2026-11-25T04:00:00Z,BRT,1.12,77.9,986.9,12.75,4,329,0.86603,0.5,-0.58395,0.81179,2.48,3.51,0.96
2026-11-25T05:00:00Z,BRT,2.48,79.9,987.0,11.68,5,329,0.96593,0.25882,-0.58395,0.81179,3.61,3.21,2.17
2026-11-25T06:00:00Z,BRT,3.61,80.3,984.9,14.19,6,329,1.0,0.0,-0.58395,0.81179,3.49,3.37,1.55
2026-11-25T07:00:00Z,BRT,3.49,76.8,984.6,13.93,7,329,0.96593,-0.25882,-0.58395,0.81179,2.89,2.81,1.74
2026-11-25T08:00:00Z,BRT,2.89,84.9,982.0,15.31,8,329,0.86603,-0.5,-0.58395,0.81179,2.49,1.8,0.39
2026-11-25T09:00:00Z,BRT,2.49,85.1,983.5,12.84,9,329,0.70711,-0.70711,-0.58395,0.81179,3.51,2.74,1.28
2026-11-25T10:00:00Z,BRT,3.51,85.7,982.4,15.27,10,329,0.5,-0.86603,-0.58395,0.81179,3.21,2.73,-0.24
2026-11-25T11:00:00Z,BRT,3.21,87.7,984.2,12.49,11,329,0.25882,-0.96593,-0.58395,0.81179,3.37,0.96,-0.85
2026-11-25T12:00:00Z,BRT,3.37,83.2,985.8,14.35,12,329,0.0,-1.0,-0.58395,0.81179,2.81,1.28,0.9
2026-11-25T13:00:00Z,BRT,2.81,84.4,984.7,15.37,13,329,-0.25882,-0.96593,-0.58395,0.81179,1.8,1.53,0.99
2026-11-25T14:00:00Z,BRT,1.8,94.7,986.0,13.59,14,329,-0.5,-0.86603,-0.58395,0.81179,2.74,1.25,0.55
2026-11-25T15:00:00Z,BRT,2.74,81.5,985.3,13.85,15,329,-0.70711,-0.70711,-0.58395,0.81179,2.73,0.37,0.24
2026-11-25T16:00:00Z,BRT,2.73,85.7,984.4,15.15,16,329,-0.86603,-0.5,-0.58395,0.81179,0.96,1.15,0.02
2026-11-25T17:00:00Z,BRT,0.96,77.9,983.1,10.91,17,329,-0.96593,-0.25882,-0.58395,0.81179,1.28,1.95,0.0
2026-11-25T18:00:00Z,BRT,1.28,89.6,981.9,17.51,18,329,-1.0,-0.0,-0.58395,0.81179,1.53,2.43,1.26
2026-11-25T19:00:00Z,BRT,1.53,79.4,982.8,16.8,19,329,-0.96593,0.25882,-0.58395,0.81179,1.25,1.7,1.23
2026-11-25T20:00:00Z,BRT,1.25,85.9,981.3,14.12,20,329,-0.86603,0.5,-0.58395,0.81179,0.37,1.86,2.15
2026-11-25T21:00:00Z,BRT,0.37,81.4,980.5,12.41,21,329,-0.70711,0.70711,-0.58395,0.81179,1.15,1.55,1.92
2026-11-25T22:00:00Z,BRT,1.15,79.5,979.4,11.67,22,329,-0.5,0.86603,-0.58395,0.81179,1.95,0.96,1.56
2026-11-25T23:00:00Z,BRT,1.95,79.5,981.4,14.29,23,329,-0.25882,0.96593,-0.58395,0.81179,2.43,2.17,2.36
2026-11-26T00:00:00Z,BRT,2.43,84.1,985.8,15.4,0,330,0.0,1.0,-0.5699,0.82171,1.7,1.55,2.86
2026-11-26T01:00:00Z,BRT,1.7,82.5,985.3,13.62,1,330,0.25882,0.96593,-0.5699,0.82171,1.86,1.74,3.06
2026-11-26T02:00:00Z,BRT,1.86,78.6,987.2,13.61,2,330,0.5,0.86603,-0.5699,0.82171,1.55,0.39,3.55
2026-11-26T03:00:00Z,BRT,1.55,86.7,984.2,12.61,3,330,0.70711,0.70711,-0.5699,0.82171,0.96,1.28,4.1
2026-11-26T04:00:00Z,BRT,0.96,91.8,984.9,12.02,4,330,0.86603,0.5,-0.5699,0.82171,2.17,-0.24,2.26
2026-11-26T05:00:00Z,BRT,2.17,86.9,982.3,18.54,5,330,0.96593,0.25882,-0.5699,0.82171,1.55,-0.85,1.84
2026-11-26T06:00:00Z,BRT,1.55,78.9,982.3,9.78,6,330,1.0,0.0,-0.5699,0.82171,1.74,0.9,2.76
2026-11-26T07:00:00Z,BRT,1.74,84.0,985.4,10.57,7,330,0.96593,-0.25882,-0.5699,0.82171,0.39,0.99,2.74
2026-11-26T08:00:00Z,BRT,0.39,83.0,986.4,11.78,8,330,0.86603,-0.5,-0.5699,0.82171,1.28,0.55,2.17
2026-11-26T09:00:00Z,BRT,1.28,81.4,987.3,10.04,9,330,0.70711,-0.70711,-0.5699,0.82171,-0.24,0.24,1.48
2026-11-26T10:00:00Z,BRT,-0.24,75.2,987.1,10.31,10,330,0.5,-0.86603,-0.5699,0.82171,-0.85,0.02,0.86
2026-11-26T11:00:00Z,BRT,-0.85,85.6,985.6,13.59,11,330,0.25882,-0.96593,-0.5699,0.82171,0.9,0.0,-0.14
2026-11-26T12:00:00Z,BRT,0.9,80.4,987.6,11.34,12,330,0.0,-1.0,-0.5699,0.82171,0.99,1.26,-0.71
2026-11-26T13:00:00Z,BRT,0.99,84.9,988.0,14.81,13,330,-0.25882,-0.96593,-0.5699,0.82171,0.55,1.23,-1.52
2026-11-26T14:00:00Z,BRT,0.55,77.2,985.1,14.41,14,330,-0.5,-0.86603,-0.5699,0.82171,0.24,2.15,-1.95
2026-11-26T15:00:00Z,BRT,0.24,86.2,983.4,14.96,15,330,-0.70711,-0.70711,-0.5699,0.82171,0.02,1.92,-2.51
2026-11-26T16:00:00Z,BRT,0.02,93.6,983.0,14.01,16,330,-0.86603,-0.5,-0.5699,0.82171,0.0,1.56,-3.5
2026-11-26T17:00:00Z,BRT,0.0,88.5,982.2,16.16,17,330,-0.96593,-0.25882,-0.5699,0.82171,1.26,2.36,-3.85
2026-11-26T18:00:00Z,BRT,1.26,82.3,982.2,16.28,18,330,-1.0,-0.0,-0.5699,0.82171,1.23,2.86,-2.92
2026-11-26T19:00:00Z,BRT,1.23,74.6,983.9,10.33,19,330,-0.96593,0.25882,-0.5699,0.82171,2.15,3.06,-2.67
2026-11-26T20:00:00Z,BRT,2.15,92.7,981.8,14.3,20,330,-0.86603,0.5,-0.5699,0.82171,1.92,3.55,-2.78
2026-11-26T21:00:00Z,BRT,1.92,86.6,985.6,11.69,21,330,-0.70711,0.70711,-0.5699,0.82171,1.56,4.1,-2.94
2026-11-26T22:00:00Z,BRT,1.56,88.7,984.7,11.67,22,330,-0.5,0.86603,-0.5699,0.82171,2.36,2.26,-3.35
2026-11-26T23:00:00Z,BRT,2.36,79.2,980.7,12.32,23,330,-0.25882,0.96593,-0.5699,0.82171,2.86,1.84,-1.6
2026-11-27T00:00:00Z,BRT,2.86,86.8,983.0,15.64,0,331,0.0,1.0,-0.55568,0.83139,3.06,2.76,-0.95
2026-11-27T01:00:00Z,BRT,3.06,81.4,983.4,15.65,1,331,0.25882,0.96593,-0.55568,0.83139,3.55,2.74,-1.49
2026-11-27T02:00:00Z,BRT,3.55,76.8,986.6,13.84,2,331,0.5,0.86603,-0.55568,0.83139,4.1,2.17,-1.51
2026-11-27T03:00:00Z,BRT,4.1,74.8,985.3,16.04,3,331,0.70711,0.70711,-0.55568,0.83139,2.26,1.48,0.25
2026-11-27T04:00:00Z,BRT,2.26,82.2,985.1,12.77,4,331,0.86603,0.5,-0.55568,0.83139,1.84,0.86,0.93
2026-11-27T05:00:00Z,BRT,1.84,84.7,987.0,15.36,5,331,0.96593,0.25882,-0.55568,0.83139,2.76,-0.14,1.22
2026-11-27T06:00:00Z,BRT,2.76,77.1,987.7,11.38,6,331,1.0,0.0,-0.55568,0.83139,2.74,-0.71,1.64
2026-11-27T07:00:00Z,BRT,2.74,83.3,987.7,13.52,7,331,0.96593,-0.25882,-0.55568,0.83139,2.17,-1.52,2.06
2026-11-27T08:00:00Z,BRT,2.17,79.8,991.5,12.4,8,331,0.86603,-0.5,-0.55568,0.83139,1.48,-1.95,2.01
2026-11-27T09:00:00Z,BRT,1.48,73.9,993.2,12.24,9,331,0.70711,-0.70711,-0.55568,0.83139,0.86,-2.51,2.62
2026-11-27T10:00:00Z,BRT,0.86,77.8,995.7,10.86,10,331,0.5,-0.86603,-0.55568,0.83139,-0.14,-3.5,2.81
2026-11-27T11:00:00Z,BRT,-0.14,70.2,998.0,8.37,11,331,0.25882,-0.96593,-0.55568,0.83139,-0.71,-3.85,1.58
2026-11-27T12:00:00Z,BRT,-0.71,76.3,995.4,7.74,12,331,0.0,-1.0,-0.55568,0.83139,-1.52,-2.92,-0.13
2026-11-27T13:00:00Z,BRT,-1.52,77.0,993.0,9.95,13,331,-0.25882,-0.96593,-0.55568,0.83139,-1.95,-2.67,-1.4
2026-11-27T14:00:00Z,BRT,-1.95,71.3,992.7,11.72,14,331,-0.5,-0.86603,-0.55568,0.83139,-2.51,-2.78,-2.68
2026-11-27T15:00:00Z,BRT,-2.51,70.6,994.4,8.35,15,331,-0.70711,-0.70711,-0.55568,0.83139,-3.5,-2.94,-2.2
2026-11-27T16:00:00Z,BRT,-3.5,73.2,994.2,14.38,16,331,-0.86603,-0.5,-0.55568,0.83139,-3.85,-3.35,-2.2
2026-11-27T17:00:00Z,BRT,-3.85,79.8,994.2,7.32,17,331,-0.96593,-0.25882,-0.55568,0.83139,-2.92,-1.6,-2.87
2026-11-27T18:00:00Z,BRT,-2.92,76.3,995.7,7.74,18,331,-1.0,-0.0,-0.55568,0.83139,-2.67,-0.95,-4.69
2026-11-27T19:00:00Z,BRT,-2.67,75.4,996.8,9.63,19,331,-0.96593,0.25882,-0.55568,0.83139,-2.78,-1.49,-3.92
2026-11-27T20:00:00Z,BRT,-2.78,72.8,995.4,12.85,20,331,-0.86603,0.5,-0.55568,0.83139,-2.94,-1.51,-2.71
2026-11-27T21:00:00Z,BRT,-2.94,71.4,995.0,13.83,21,331,-0.70711,0.70711,-0.55568,0.83139,-3.35,0.25,-3.46
2026-11-27T22:00:00Z,BRT,-3.35,73.6,994.9,12.03,22,331,-0.5,0.86603,-0.55568,0.83139,-1.6,0.93,-3.65
2026-11-27T23:00:00Z,BRT,-1.6,75.0,993.2,12.47,23,331,-0.25882,0.96593,-0.55568,0.83139,-0.95,1.22,-2.95
2026-11-28T00:00:00Z,BRT,-0.95,73.0,994.4,10.84,0,332,0.0,1.0,-0.5413,0.84083,-1.49,1.64,-3.11
2026-11-28T01:00:00Z,BRT,-1.49,66.9,997.6,11.33,1,332,0.25882,0.96593,-0.5413,0.84083,-1.51,2.06,-2.62
2026-11-28T02:00:00Z,BRT,-1.51,85.0,997.7,10.29,2,332,0.5,0.86603,-0.5413,0.84083,0.25,2.01,-2.42
2026-11-28T03:00:00Z,BRT,0.25,75.7,999.4,12.81,3,332,0.70711,0.70711,-0.5413,0.84083,0.93,2.62,-0.64
2026-11-28T04:00:00Z,BRT,0.93,74.1,1002.3,8.94,4,332,0.86603,0.5,-0.5413,0.84083,1.22,2.81,-0.15
2026-11-28T05:00:00Z,BRT,1.22,59.5,1002.6,7.93,5,332,0.96593,0.25882,-0.5413,0.84083,1.64,1.58,-0.5
2026-11-28T06:00:00Z,BRT,1.64,61.7,1004.0,6.84,6,332,1.0,0.0,-0.5413,0.84083,2.06,-0.13,0.61
2026-11-28T07:00:00Z,BRT,2.06,67.8,1008.2,7.71,7,332,0.96593,-0.25882,-0.5413,0.84083,2.01,-1.4,0.95
2026-11-28T08:00:00Z,BRT,2.01,60.1,1008.1,4.77,8,332,0.86603,-0.5,-0.5413,0.84083,2.62,-2.68,1.22
2026-11-28T09:00:00Z,BRT,2.62,60.2,1007.9,8.01,9,332,0.70711,-0.70711,-0.5413,0.84083,2.81,-2.2,2.58
2026-11-28T10:00:00Z,BRT,2.81,59.8,1005.7,9.18,10,332,0.5,-0.86603,-0.5413,0.84083,1.58,-2.2,2.37
2026-11-28T11:00:00Z,BRT,1.58,63.7,1006.1,5.31,11,332,0.25882,-0.96593,-0.5413,0.84083,-0.13,-2.87,0.88
2026-11-28T12:00:00Z,BRT,-0.13,65.1,1009.2,9.47,12,332,0.0,-1.0,-0.5413,0.84083,-1.4,-4.69,0.44
2026-11-28T13:00:00Z,BRT,-1.4,57.5,1011.9,6.71,13,332,-0.25882,-0.96593,-0.5413,0.84083,-2.68,-3.92,0.09
2026-11-28T14:00:00Z,BRT,-2.68,69.6,1010.6,5.67,14,332,-0.5,-0.86603,-0.5413,0.84083,-2.2,-2.71,-0.86
2026-11-28T15:00:00Z,BRT,-2.2,65.3,1012.1,7.91,15,332,-0.70711,-0.70711,-0.5413,0.84083,-2.2,-3.46,-1.59
2026-11-28T16:00:00Z,BRT,-2.2,60.0,1012.2,7.0,16,332,-0.86603,-0.5,-0.5413,0.84083,-2.87,-3.65,-2.55
2026-11-28T17:00:00Z,BRT,-2.87,59.4,1014.1,6.59,17,332,-0.96593,-0.25882,-0.5413,0.84083,-4.69,-2.95,-2.32
2026-11-28T18:00:00Z,BRT,-4.69,56.7,1014.3,5.11,18,332,-1.0,-0.0,-0.5413,0.84083,-3.92,-3.11,-3.55
2026-11-28T19:00:00Z,BRT,-3.92,50.7,1011.0,0.57,19,332,-0.96593,0.25882,-0.5413,0.84083,-2.71,-2.62,-2.44
2026-11-28T20:00:00Z,BRT,-2.71,52.1,1012.2,1.58,20,332,-0.86603,0.5,-0.5413,0.84083,-3.46,-2.42,3.52
2026-11-28T21:00:00Z,BRT,-3.46,71.2,1012.9,6.81,21,332,-0.70711,0.70711,-0.5413,0.84083,-3.65,-0.64,5.23
2026-11-28T22:00:00Z,BRT,-3.65,60.5,1012.8,5.81,22,332,-0.5,0.86603,-0.5413,0.84083,-2.95,-0.15,5.4
2026-11-28T23:00:00Z,BRT,-2.95,64.9,1009.0,5.44,23,332,-0.25882,0.96593,-0.5413,0.84083,-3.11,-0.5,8.76
2026-11-29T00:00:00Z,BRT,-3.11,53.0,1011.9,6.07,0,333,0.0,1.0,-0.52675,0.85002,-2.62,0.61,10.0
2026-11-29T01:00:00Z,BRT,-2.62,61.9,1007.9,8.68,1,333,0.25882,0.96593,-0.52675,0.85002,-2.42,0.95,9.86
2026-11-29T02:00:00Z,BRT,-2.42,63.3,1009.2,6.69,2,333,0.5,0.86603,-0.52675,0.85002,-0.64,1.22,9.57
2026-11-29T03:00:00Z,BRT,-0.64,62.8,1007.0,6.32,3,333,0.70711,0.70711,-0.52675,0.85002,-0.15,2.58,9.03
2026-11-29T04:00:00Z,BRT,-0.15,60.3,1006.0,3.89,4,333,0.86603,0.5,-0.52675,0.85002,-0.5,2.37,8.67
2026-11-29T05:00:00Z,BRT,-0.5,65.8,1006.4,9.67,5,333,0.96593,0.25882,-0.52675,0.85002,0.61,0.88,9.86
2026-11-29T06:00:00Z,BRT,0.61,61.7,1007.8,9.18,6,333,1.0,0.0,-0.52675,0.85002,0.95,0.44,9.58
2026-11-29T07:00:00Z,BRT,0.95,55.7,1007.4,8.82,7,333,0.96593,-0.25882,-0.52675,0.85002,1.22,0.09,8.09
2026-11-29T08:00:00Z,BRT,1.22,69.6,1004.0,8.39,8,333,0.86603,-0.5,-0.52675,0.85002,2.58,-0.86,6.93
2026-11-29T09:00:00Z,BRT,2.58,66.5,1001.2,8.56,9,333,0.70711,-0.70711,-0.52675,0.85002,2.37,-1.59,6.86
2026-11-29T10:00:00Z,BRT,2.37,73.8,997.3,12.16,10,333,0.5,-0.86603,-0.52675,0.85002,0.88,-2.55,8.52
2026-11-29T11:00:00Z,BRT,0.88,72.8,991.4,13.64,11,333,0.25882,-0.96593,-0.52675,0.85002,0.44,-2.32,8.57
2026-11-29T12:00:00Z,BRT,0.44,74.3,991.4,8.37,12,333,0.0,-1.0,-0.52675,0.85002,0.09,-3.55,6.98
2026-11-29T13:00:00Z,BRT,0.09,75.3,990.0,13.19,13,333,-0.25882,-0.96593,-0.52675,0.85002,-0.86,-2.44,7.0
2026-11-29T14:00:00Z,BRT,-0.86,79.4,987.8,13.36,14,333,-0.5,-0.86603,-0.52675,0.85002,-1.59,3.52,6.36
2026-11-29T15:00:00Z,BRT,-1.59,77.6,985.5,10.22,15,333,-0.70711,-0.70711,-0.52675,0.85002,-2.55,5.23,8.0
2026-11-29T16:00:00Z,BRT,-2.55,76.0,983.6,12.1,16,333,-0.86603,-0.5,-0.52675,0.85002,-2.32,5.4,7.57
2026-11-29T17:00:00Z,BRT,-2.32,81.8,984.3,11.95,17,333,-0.96593,-0.25882,-0.52675,0.85002,-3.55,8.76,7.51
2026-11-29T18:00:00Z,BRT,-3.55,84.6,982.5,9.57,18,333,-1.0,-0.0,-0.52675,0.85002,-2.44,10.0,9.2
2026-11-29T19:00:00Z,BRT,-2.44,84.5,981.4,15.34,19,333,-0.96593,0.25882,-0.52675,0.85002,3.52,9.86,8.5
2026-11-29T20:00:00Z,BRT,3.52,92.1,977.8,16.51,20,333,-0.86603,0.5,-0.52675,0.85002,5.23,9.57,8.05
2026-11-29T21:00:00Z,BRT,5.23,92.5,972.3,16.79,21,333,-0.70711,0.70711,-0.52675,0.85002,5.4,9.03,6.36
2026-11-29T22:00:00Z,BRT,5.4,88.5,972.6,13.75,22,333,-0.5,0.86603,-0.52675,0.85002,8.76,8.67,0.33
2026-11-29T23:00:00Z,BRT,8.76,94.4,970.6,19.34,23,333,-0.25882,0.96593,-0.52675,0.85002,10.0,9.86,0.33
2026-11-30T00:00:00Z,BRT,10.0,96.5,971.5,18.14,0,334,0.0,1.0,-0.51206,0.85895,9.86,9.58,1.11
2026-11-30T01:00:00Z,BRT,9.86,96.3,972.5,15.3,1,334,0.25882,0.96593,-0.51206,0.85895,9.57,8.09,1.97
2026-11-30T02:00:00Z,BRT,9.57,97.6,970.2,18.99,2,334,0.5,0.86603,-0.51206,0.85895,9.03,6.93,1.86
2026-11-30T03:00:00Z,BRT,9.03,90.7,969.7,18.26,3,334,0.70711,0.70711,-0.51206,0.85895,8.67,6.86,1.24
2026-11-30T04:00:00Z,BRT,8.67,91.3,971.6,16.75,4,334,0.86603,0.5,-0.51206,0.85895,9.86,8.52,1.45
2026-11-30T05:00:00Z,BRT,9.86,95.1,970.8,19.03,5,334,0.96593,0.25882,-0.51206,0.85895,9.58,8.57,2.34
2026-11-30T06:00:00Z,BRT,9.58,95.1,972.5,16.97,6,334,1.0,0.0,-0.51206,0.85895,8.09,6.98,1.29
2026-11-30T07:00:00Z,BRT,8.09,90.4,972.7,11.45,7,334,0.96593,-0.25882,-0.51206,0.85895,6.93,7.0,1.51
2026-11-30T08:00:00Z,BRT,6.93,84.3,976.0,17.18,8,334,0.86603,-0.5,-0.51206,0.85895,6.86,6.36,0.48
2026-11-30T09:00:00Z,BRT,6.86,90.1,974.8,15.22,9,334,0.70711,-0.70711,-0.51206,0.85895,8.52,8.0,1.25
2026-11-30T10:00:00Z,BRT,8.52,98.1,971.8,16.46,10,334,0.5,-0.86603,-0.51206,0.85895,8.57,7.57,1.18
2026-11-30T11:00:00Z,BRT,8.57,96.4,971.9,15.54,11,334,0.25882,-0.96593,-0.51206,0.85895,6.98,7.51,0.77
2026-11-30T12:00:00Z,BRT,6.98,96.0,973.4,13.03,12,334,0.0,-1.0,-0.51206,0.85895,7.0,9.2,-0.94
2026-11-30T13:00:00Z,BRT,7.0,88.5,972.7,14.61,13,334,-0.25882,-0.96593,-0.51206,0.85895,6.36,8.5,-0.76
2026-11-30T14:00:00Z,BRT,6.36,82.7,975.1,13.74,14,334,-0.5,-0.86603,-0.51206,0.85895,8.0,8.05,-0.66
2026-11-30T15:00:00Z,BRT,8.0,89.4,974.5,16.69,15,334,-0.70711,-0.70711,-0.51206,0.85895,7.57,6.36,1.44
2026-11-30T16:00:00Z,BRT,7.57,91.4,971.7,14.82,16,334,-0.86603,-0.5,-0.51206,0.85895,7.51,0.33,0.25
2026-11-30T17:00:00Z,BRT,7.51,79.7,972.6,11.72,17,334,-0.96593,-0.25882,-0.51206,0.85895,9.2,0.33,-0.72
2026-11-30T18:00:00Z,BRT,9.2,93.6,972.5,19.86,18,334,-1.0,-0.0,-0.51206,0.85895,8.5,1.11,-0.91
2026-11-30T19:00:00Z,BRT,8.5,95.7,974.0,16.7,19,334,-0.96593,0.25882,-0.51206,0.85895,8.05,1.97,-0.15
2026-11-30T20:00:00Z,BRT,8.05,94.0,974.1,13.84,20,334,-0.86603,0.5,-0.51206,0.85895,6.36,1.86,-0.58
2026-11-30T21:00:00Z,BRT,6.36,84.3,977.7,14.08,21,334,-0.70711,0.70711,-0.51206,0.85895,0.33,1.24,-0.34
2026-11-30T22:00:00Z,BRT,0.33,90.7,980.5,12.88,22,334,-0.5,0.86603,-0.51206,0.85895,0.33,1.45,0.07
2026-11-30T23:00:00Z,BRT,0.33,77.9,982.3,12.98,23,334,-0.25882,0.96593,-0.51206,0.85895,1.11,2.34,-0.06
2026-12-01T00:00:00Z,BRT,1.11,73.7,981.2,15.55,0,335,0.0,1.0,-0.4972,0.86763,1.97,1.29,-0.6
2026-12-01T01:00:00Z,BRT,1.97,83.1,979.6,16.71,1,335,0.25882,0.96593,-0.4972,0.86763,1.86,1.51,-0.24
2026-12-01T02:00:00Z,BRT,1.86,78.7,978.1,17.59,2,335,0.5,0.86603,-0.4972,0.86763,1.24,0.48,-0.87
2026-12-01T03:00:00Z,BRT,1.24,93.5,979.7,10.07,3,335,0.70711,0.70711,-0.4972,0.86763,1.45,1.25,-0.74
2026-12-01T04:00:00Z,BRT,1.45,90.7,981.5,15.16,4,335,0.86603,0.5,-0.4972,0.86763,2.34,1.18,-0.97
2026-12-01T05:00:00Z,BRT,2.34,83.0,981.1,15.25,5,335,0.96593,0.25882,-0.4972,0.86763,1.29,0.77,7.86
2026-12-01T06:00:00Z,BRT,1.29,95.4,979.1,13.16,6,335,1.0,0.0,-0.4972,0.86763,1.51,-0.94,7.94
2026-12-01T07:00:00Z,BRT,1.51,87.9,979.5,17.32,7,335,0.96593,-0.25882,-0.4972,0.86763,0.48,-0.76,7.0
2026-12-01T08:00:00Z,BRT,0.48,80.8,981.3,14.88,8,335,0.86603,-0.5,-0.4972,0.86763,1.25,-0.66,8.21
2026-12-01T09:00:00Z,BRT,1.25,75.9,984.7,9.45,9,335,0.70711,-0.70711,-0.4972,0.86763,1.18,1.44,9.97
2026-12-01T10:00:00Z,BRT,1.18,77.5,987.2,14.56,10,335,0.5,-0.86603,-0.4972,0.86763,0.77,0.25,10.0
2026-12-01T11:00:00Z,BRT,0.77,79.6,988.1,11.71,11,335,0.25882,-0.96593,-0.4972,0.86763,-0.94,-0.72,10.0
2026-12-01T12:00:00Z,BRT,-0.94,72.2,988.9,14.41,12,335,0.0,-1.0,-0.4972,0.86763,-0.76,-0.91,10.0
2026-12-01T13:00:00Z,BRT,-0.76,79.1,988.7,12.19,13,335,-0.25882,-0.96593,-0.4972,0.86763,-0.66,-0.15,10.0
2026-12-01T14:00:00Z,BRT,-0.66,81.7,988.8,13.2,14,335,-0.5,-0.86603,-0.4972,0.86763,1.44,-0.58,10.0
2026-12-01T15:00:00Z,BRT,1.44,74.9,986.3,12.28,15,335,-0.70711,-0.70711,-0.4972,0.86763,0.25,-0.34,9.7
2026-12-01T16:00:00Z,BRT,0.25,85.8,986.1,9.42,16,335,-0.86603,-0.5,-0.4972,0.86763,-0.72,0.07,9.01
2026-12-01T17:00:00Z,BRT,-0.72,79.6,983.6,11.76,17,335,-0.96593,-0.25882,-0.4972,0.86763,-0.91,-0.06,9.86
2026-12-01T18:00:00Z,BRT,-0.91,74.4,985.5,11.27,18,335,-1.0,-0.0,-0.4972,0.86763,-0.15,-0.6,8.88
2026-12-01T19:00:00Z,BRT,-0.15,77.6,985.7,13.64,19,335,-0.96593,0.25882,-0.4972,0.86763,-0.58,-0.24,9.7
2026-12-01T20:00:00Z,BRT,-0.58,74.0,985.4,11.69,20,335,-0.86603,0.5,-0.4972,0.86763,-0.34,-0.87,10.0
2026-12-01T21:00:00Z,BRT,-0.34,72.7,987.8,9.23,21,335,-0.70711,0.70711,-0.4972,0.86763,0.07,-0.74,10.0
2026-12-01T22:00:00Z,BRT,0.07,83.6,987.4,12.76,22,335,-0.5,0.86603,-0.4972,0.86763,-0.06,-0.97,10.0
2026-12-01T23:00:00Z,BRT,-0.06,88.8,985.7,12.16,23,335,-0.25882,0.96593,-0.4972,0.86763,-0.6,7.86,10.0
2026-12-02T00:00:00Z,BRT,-0.6,83.7,986.3,10.21,0,336,0.0,1.0,-0.48221,0.87606,-0.24,7.94,10.0
2026-12-02T01:00:00Z,BRT,-0.24,79.7,986.0,16.05,1,336,0.25882,0.96593,-0.48221,0.87606,-0.87,7.0,10.0
2026-12-02T02:00:00Z,BRT,-0.87,85.3,985.1,11.85,2,336,0.5,0.86603,-0.48221,0.87606,-0.74,8.21,10.0
2026-12-02T03:00:00Z,BRT,-0.74,86.0,984.9,9.51,3,336,0.70711,0.70711,-0.48221,0.87606,-0.97,9.97,10.0
2026-12-02T04:00:00Z,BRT,-0.97,79.7,984.6,14.96,4,336,0.86603,0.5,-0.48221,0.87606,7.86,10.0,10.0
2026-12-02T05:00:00Z,BRT,7.86,95.0,987.0,43.71,5,336,0.96593,0.25882,-0.48221,0.87606,7.94,10.0,10.0
2026-12-02T06:00:00Z,BRT,7.94,98.0,987.1,42.66,6,336,1.0,0.0,-0.48221,0.87606,7.0,10.0,10.0
2026-12-02T07:00:00Z,BRT,7.0,99.0,985.3,40.21,7,336,0.96593,-0.25882,-0.48221,0.87606,8.21,10.0,10.0
2026-12-02T08:00:00Z,BRT,8.21,88.7,985.8,41.51,8,336,0.86603,-0.5,-0.48221,0.87606,9.97,10.0,10.0
2026-12-02T09:00:00Z,BRT,9.97,86.6,986.9,43.0,9,336,0.70711,-0.70711,-0.48221,0.87606,10.0,9.7,10.0
2026-12-02T10:00:00Z,BRT,10.0,89.6,986.5,40.36,10,336,0.5,-0.86603,-0.48221,0.87606,10.0,9.01,10.0
2026-12-02T11:00:00Z,BRT,10.0,87.3,989.9,41.75,11,336,0.25882,-0.96593,-0.48221,0.87606,10.0,9.86,9.58
2026-12-02T12:00:00Z,BRT,10.0,90.6,990.5,43.26,12,336,0.0,-1.0,-0.48221,0.87606,10.0,8.88,7.45
2026-12-02T13:00:00Z,BRT,10.0,87.9,987.6,41.35,13,336,-0.25882,-0.96593,-0.48221,0.87606,10.0,9.7,8.09
2026-12-02T14:00:00Z,BRT,10.0,90.3,990.0,38.46,14,336,-0.5,-0.86603,-0.48221,0.87606,9.7,10.0,7.99
2026-12-02T15:00:00Z,BRT,9.7,85.6,992.7,42.9,15,336,-0.70711,-0.70711,-0.48221,0.87606,9.01,10.0,7.4
2026-12-02T16:00:00Z,BRT,9.01,89.9,990.5,41.7,16,336,-0.86603,-0.5,-0.48221,0.87606,9.86,10.0,8.7
2026-12-02T17:00:00Z,BRT,9.86,92.0,991.2,42.27,17,336,-0.96593,-0.25882,-0.48221,0.87606,8.88,10.0,7.6
2026-12-02T18:00:00Z,BRT,8.88,77.4,992.1,34.97,18,336,-1.0,-0.0,-0.48221,0.87606,9.7,10.0,7.18
2026-12-02T19:00:00Z,BRT,9.7,79.6,993.4,36.51,19,336,-0.96593,0.25882,-0.48221,0.87606,10.0,10.0,7.13
2026-12-02T20:00:00Z,BRT,10.0,82.2,993.0,41.04,20,336,-0.86603,0.5,-0.48221,0.87606,10.0,10.0,7.34
2026-12-02T21:00:00Z,BRT,10.0,87.9,991.2,44.06,21,336,-0.70711,0.70711,-0.48221,0.87606,10.0,10.0,6.72
2026-12-02T22:00:00Z,BRT,10.0,82.5,993.1,40.38,22,336,-0.5,0.86603,-0.48221,0.87606,10.0,10.0,5.22
2026-12-02T23:00:00Z,BRT,10.0,94.5,991.3,40.28,23,336,-0.25882,0.96593,-0.48221,0.87606,10.0,10.0,4.8
2026-12-03T00:00:00Z,BRT,10.0,88.7,994.6,41.92,0,337,0.0,1.0,-0.46706,0.88422,10.0,10.0,6.17
2026-12-03T01:00:00Z,BRT,10.0,83.1,993.8,41.06,1,337,0.25882,0.96593,-0.46706,0.88422,10.0,10.0,7.23
2026-12-03T02:00:00Z,BRT,10.0,81.5,994.3,42.02,2,337,0.5,0.86603,-0.46706,0.88422,10.0,10.0,8.92
2026-12-03T03:00:00Z,BRT,10.0,81.3,998.4,42.31,3,337,0.70711,0.70711,-0.46706,0.88422,10.0,10.0,9.83
2026-12-03T04:00:00Z,BRT,10.0,85.2,997.7,37.17,4,337,0.86603,0.5,-0.46706,0.88422,10.0,10.0,10.0
2026-12-03T05:00:00Z,BRT,10.0,70.0,998.8,34.75,5,337,0.96593,0.25882,-0.46706,0.88422,10.0,9.58,10.0
2026-12-03T06:00:00Z,BRT,10.0,80.3,998.1,38.2,6,337,1.0,0.0,-0.46706,0.88422,10.0,7.45,4.66
2026-12-03T07:00:00Z,BRT,10.0,86.4,998.6,38.79,7,337,0.96593,-0.25882,-0.46706,0.88422,10.0,8.09,4.09
2026-12-03T08:00:00Z,BRT,10.0,74.9,1003.6,32.72,8,337,0.86603,-0.5,-0.46706,0.88422,10.0,7.99,4.36
2026-12-03T09:00:00Z,BRT,10.0,71.3,1006.1,36.07,9,337,0.70711,-0.70711,-0.46706,0.88422,10.0,7.4,4.5
2026-12-03T10:00:00Z,BRT,10.0,73.6,1006.8,38.19,10,337,0.5,-0.86603,-0.46706,0.88422,9.58,8.7,4.79
2026-12-03T11:00:00Z,BRT,9.58,65.6,1010.5,35.79,11,337,0.25882,-0.96593,-0.46706,0.88422,7.45,7.6,4.1
2026-12-03T12:00:00Z,BRT,7.45,61.1,1011.6,32.76,12,337,0.0,-1.0,-0.46706,0.88422,8.09,7.18,2.91
2026-12-03T13:00:00Z,BRT,8.09,68.2,1011.1,38.4,13,337,-0.25882,-0.96593,-0.46706,0.88422,7.99,7.13,2.46
2026-12-03T14:00:00Z,BRT,7.99,62.9,1010.6,37.35,14,337,-0.5,-0.86603,-0.46706,0.88422,7.4,7.34,3.93
2026-12-03T15:00:00Z,BRT,7.4,78.7,1011.0,33.81,15,337,-0.70711,-0.70711,-0.46706,0.88422,8.7,6.72,3.99
2026-12-03T16:00:00Z,BRT,8.7,63.3,1014.1,36.54,16,337,-0.86603,-0.5,-0.46706,0.88422,7.6,5.22,3.24
2026-12-03T17:00:00Z,BRT,7.6,58.8,1011.8,33.36,17,337,-0.96593,-0.25882,-0.46706,0.88422,7.18,4.8,2.44
2026-12-03T18:00:00Z,BRT,7.18,66.5,1011.7,35.56,18,337,-1.0,-0.0,-0.46706,0.88422,7.13,6.17,0.83
2026-12-03T19:00:00Z,BRT,7.13,67.3,1011.9,33.85,19,337,-0.96593,0.25882,-0.46706,0.88422,7.34,7.23,-0.06
2026-12-03T20:00:00Z,BRT,7.34,69.1,1015.1,33.92,20,337,-0.86603,0.5,-0.46706,0.88422,6.72,8.92,0.59
2026-12-03T21:00:00Z,BRT,6.72,67.1,1013.5,36.29,21,337,-0.70711,0.70711,-0.46706,0.88422,5.22,9.83,0.38
2026-12-03T22:00:00Z,BRT,5.22,60.1,1013.3,30.48,22,337,-0.5,0.86603,-0.46706,0.88422,4.8,10.0,-1.14
2026-12-03T23:00:00Z,BRT,4.8,65.4,1015.3,33.98,23,337,-0.25882,0.96593,-0.46706,0.88422,6.17,10.0,-1.09
2026-12-04T00:00:00Z,BRT,6.17,54.0,1016.7,34.1,0,338,0.0,1.0,-0.45179,0.89213,7.23,4.66,-2.15
2026-12-04T01:00:00Z,BRT,7.23,60.6,1018.3,33.59,1,338,0.25882,0.96593,-0.45179,0.89213,8.92,4.09,-1.97
2026-12-04T02:00:00Z,BRT,8.92,70.6,1018.3,35.3,2,338,0.5,0.86603,-0.45179,0.89213,9.83,4.36,-1.55
2026-12-04T03:00:00Z,BRT,9.83,62.8,1016.9,34.43,3,338,0.70711,0.70711,-0.45179,0.89213,10.0,4.5,-0.42
2026-12-04T04:00:00Z,BRT,10.0,63.3,1015.5,36.95,4,338,0.86603,0.5,-0.45179,0.89213,10.0,4.79,-0.05
2026-12-04T05:00:00Z,BRT,10.0,64.0,1015.0,34.62,5,338,0.96593,0.25882,-0.45179,0.89213,4.66,4.1,1.02
2026-12-04T06:00:00Z,BRT,4.66,60.2,1013.7,4.55,6,338,1.0,0.0,-0.45179,0.89213,4.09,2.91,1.78
2026-12-04T07:00:00Z,BRT,4.09,56.6,1012.8,1.4,7,338,0.96593,-0.25882,-0.45179,0.89213,4.36,2.46,1.75
2026-12-04T08:00:00Z,BRT,4.36,57.7,1013.4,4.62,8,338,0.86603,-0.5,-0.45179,0.89213,4.5,3.93,2.2
2026-12-04T09:00:00Z,BRT,4.5,57.1,1013.3,8.22,9,338,0.70711,-0.70711,-0.45179,0.89213,4.79,3.99,2.8
2026-12-04T10:00:00Z,BRT,4.79,63.2,1011.7,3.8,10,338,0.5,-0.86603,-0.45179,0.89213,4.1,3.24,2.47
2026-12-04T11:00:00Z,BRT,4.1,58.2,1011.7,5.05,11,338,0.25882,-0.96593,-0.45179,0.89213,2.91,2.44,1.59
2026-12-04T12:00:00Z,BRT,2.91,59.0,1011.2,3.91,12,338,0.0,-1.0,-0.45179,0.89213,2.46,0.83,2.23
2026-12-04T13:00:00Z,BRT,2.46,62.5,1008.8,4.12,13,338,-0.25882,-0.96593,-0.45179,0.89213,3.93,-0.06,1.91
2026-12-04T14:00:00Z,BRT,3.93,50.8,1006.7,6.45,14,338,-0.5,-0.86603,-0.45179,0.89213,3.99,0.59,2.38
2026-12-04T15:00:00Z,BRT,3.99,68.7,1009.2,2.29,15,338,-0.70711,-0.70711,-0.45179,0.89213,3.24,0.38,2.5
2026-12-04T16:00:00Z,BRT,3.24,58.9,1009.3,6.73,16,338,-0.86603,-0.5,-0.45179,0.89213,2.44,-1.14,1.15
2026-12-04T17:00:00Z,BRT,2.44,69.4,1007.1,7.89,17,338,-0.96593,-0.25882,-0.45179,0.89213,0.83,-1.09,0.68
2026-12-04T18:00:00Z,BRT,0.83,67.0,1011.1,8.6,18,338,-1.0,-0.0,-0.45179,0.89213,-0.06,-2.15,-0.33
2026-12-04T19:00:00Z,BRT,-0.06,63.4,1009.5,6.29,19,338,-0.96593,0.25882,-0.45179,0.89213,0.59,-1.97,-0.52
2026-12-04T20:00:00Z,BRT,0.59,57.0,1009.7,6.21,20,338,-0.86603,0.5,-0.45179,0.89213,0.38,-1.55,-1.41
2026-12-04T21:00:00Z,BRT,0.38,62.2,1009.7,8.21,21,338,-0.70711,0.70711,-0.45179,0.89213,-1.14,-0.42,-0.77
2026-12-04T22:00:00Z,BRT,-1.14,56.2,1009.0,6.12,22,338,-0.5,0.86603,-0.45179,0.89213,-1.09,-0.05,-0.19
2026-12-04T23:00:00Z,BRT,-1.09,59.1,1006.4,8.08,23,338,-0.25882,0.96593,-0.45179,0.89213,-2.15,1.02,-0.27
2026-12-05T00:00:00Z,BRT,-2.15,71.0,1000.8,8.56,0,339,0.0,1.0,-0.43637,0.89977,-1.97,1.78,-0.32
2026-12-05T01:00:00Z,BRT,-1.97,65.3,1000.8,12.05,1,339,0.25882,0.96593,-0.43637,0.89977,-1.55,1.75,0.67
2026-12-05T02:00:00Z,BRT,-1.55,68.4,999.2,8.51,2,339,0.5,0.86603,-0.43637,0.89977,-0.42,2.2,0.38
2026-12-05T03:00:00Z,BRT,-0.42,69.2,999.1,9.35,3,339,0.70711,0.70711,-0.43637,0.89977,-0.05,2.8,0.14
2026-12-05T04:00:00Z,BRT,-0.05,65.8,996.1,10.93,4,339,0.86603,0.5,-0.43637,0.89977,1.02,2.47,1.23
2026-12-05T05:00:00Z,BRT,1.02,72.0,994.8,12.17,5,339,0.96593,0.25882,-0.43637,0.89977,1.78,1.59,1.92
2026-12-05T06:00:00Z,BRT,1.78,78.8,996.2,11.3,6,339,1.0,0.0,-0.43637,0.89977,1.75,2.23,1.18
2026-12-05T07:00:00Z,BRT,1.75,74.0,992.5,9.27,7,339,0.96593,-0.25882,-0.43637,0.89977,2.2,1.91,1.8
2026-12-05T08:00:00Z,BRT,2.2,69.3,994.6,8.51,8,339,0.86603,-0.5,-0.43637,0.89977,2.8,2.38,2.45
2026-12-05T09:00:00Z,BRT,2.8,71.5,996.3,9.01,9,339,0.70711,-0.70711,-0.43637,0.89977,2.47,2.5,4.2
2026-12-05T10:00:00Z,BRT,2.47,66.7,995.4,10.83,10,339,0.5,-0.86603,-0.43637,0.89977,1.59,1.15,3.83
2026-12-05T11:00:00Z,BRT,1.59,73.4,992.6,10.62,11,339,0.25882,-0.96593,-0.43637,0.89977,2.23,0.68,4.19
2026-12-05T12:00:00Z,BRT,2.23,80.1,989.0,12.43,12,339,0.0,-1.0,-0.43637,0.89977,1.91,-0.33,4.14
2026-12-05T13:00:00Z,BRT,1.91,78.5,987.6,11.88,13,339,-0.25882,-0.96593,-0.43637,0.89977,2.38,-0.52,4.35
2026-12-05T14:00:00Z,BRT,2.38,83.7,988.4,16.53,14,339,-0.5,-0.86603,-0.43637,0.89977,2.5,-1.41,4.19
2026-12-05T15:00:00Z,BRT,2.5,76.4,988.9,12.07,15,339,-0.70711,-0.70711,-0.43637,0.89977,1.15,-0.77,3.61
2026-12-05T16:00:00Z,BRT,1.15,86.7,986.0,13.32,16,339,-0.86603,-0.5,-0.43637,0.89977,0.68,-0.19,3.53
2026-12-05T17:00:00Z,BRT,0.68,81.3,984.0,13.47,17,339,-0.96593,-0.25882,-0.43637,0.89977,-0.33,-0.27,2.37
2026-12-05T18:00:00Z,BRT,-0.33,75.2,983.3,14.69,18,339,-1.0,-0.0,-0.43637,0.89977,-0.52,-0.32,2.98
2026-12-05T19:00:00Z,BRT,-0.52,77.3,984.2,13.03,19,339,-0.96593,0.25882,-0.43637,0.89977,-1.41,0.67,3.61
2026-12-05T20:00:00Z,BRT,-1.41,71.4,985.4,11.9,20,339,-0.86603,0.5,-0.43637,0.89977,-0.77,0.38,3.19
2026-12-05T21:00:00Z,BRT,-0.77,73.8,987.4,11.77,21,339,-0.70711,0.70711,-0.43637,0.89977,-0.19,0.14,3.29
2026-12-05T22:00:00Z,BRT,-0.19,80.0,989.2,11.7,22,339,-0.5,0.86603,-0.43637,0.89977,-0.27,1.23,4.09
2026-12-05T23:00:00Z,BRT,-0.27,80.3,988.7,9.19,23,339,-0.25882,0.96593,-0.43637,0.89977,-0.32,1.92,4.75
2026-12-06T00:00:00Z,BRT,-0.32,74.8,990.5,10.56,0,340,0.0,1.0,-0.42083,0.90714,0.67,1.18,5.31
2026-12-06T01:00:00Z,BRT,0.67,71.2,991.6,12.71,1,340,0.25882,0.96593,-0.42083,0.90714,0.38,1.8,5.36
2026-12-06T02:00:00Z,BRT,0.38,85.4,993.4,11.88,2,340,0.5,0.86603,-0.42083,0.90714,0.14,2.45,4.85
2026-12-06T03:00:00Z,BRT,0.14,82.7,992.0,7.59,3,340,0.70711,0.70711,-0.42083,0.90714,1.23,4.2,4.85
2026-12-06T04:00:00Z,BRT,1.23,82.8,990.7,11.88,4,340,0.86603,0.5,-0.42083,0.90714,1.92,3.83,5.43
2026-12-06T05:00:00Z,BRT,1.92,76.6,992.2,14.8,5,340,0.96593,0.25882,-0.42083,0.90714,1.18,4.19,4.01
2026-12-06T06:00:00Z,BRT,1.18,90.6,987.5,11.34,6,340,1.0,0.0,-0.42083,0.90714,1.8,4.14,3.61
2026-12-06T07:00:00Z,BRT,1.8,94.1,984.4,15.49,7,340,0.96593,-0.25882,-0.42083,0.90714,2.45,4.35,4.28
2026-12-06T08:00:00Z,BRT,2.45,74.0,984.6,12.71,8,340,0.86603,-0.5,-0.42083,0.90714,4.2,4.19,3.4
2026-12-06T09:00:00Z,BRT,4.2,80.9,986.0,15.17,9,340,0.70711,-0.70711,-0.42083,0.90714,3.83,3.61,2.84
2026-12-06T10:00:00Z,BRT,3.83,76.0,986.3,11.75,10,340,0.5,-0.86603,-0.42083,0.90714,4.19,3.53,3.51
2026-12-06T11:00:00Z,BRT,4.19,74.8,988.3,13.46,11,340,0.25882,-0.96593,-0.42083,0.90714,4.14,2.37,3.26
2026-12-06T12:00:00Z,BRT,4.14,79.7,992.3,15.24,12,340,0.0,-1.0,-0.42083,0.90714,4.35,2.98,1.97
2026-12-06T13:00:00Z,BRT,4.35,78.3,991.5,10.5,13,340,-0.25882,-0.96593,-0.42083,0.90714,4.19,3.61,1.32
2026-12-06T14:00:00Z,BRT,4.19,71.1,996.3,10.05,14,340,-0.5,-0.86603,-0.42083,0.90714,3.61,3.19,1.67
2026-12-06T15:00:00Z,BRT,3.61,72.3,997.0,10.61,15,340,-0.70711,-0.70711,-0.42083,0.90714,3.53,3.29,1.48
2026-12-06T16:00:00Z,BRT,3.53,69.5,994.0,10.75,16,340,-0.86603,-0.5,-0.42083,0.90714,2.37,4.09,1.15
2026-12-06T17:00:00Z,BRT,2.37,75.3,992.5,7.93,17,340,-0.96593,-0.25882,-0.42083,0.90714,2.98,4.75,0.59
2026-12-06T18:00:00Z,BRT,2.98,73.3,993.1,10.41,18,340,-1.0,-0.0,-0.42083,0.90714,3.61,5.31,1.47
2026-12-06T19:00:00Z,BRT,3.61,75.5,992.0,9.54,19,340,-0.96593,0.25882,-0.42083,0.90714,3.19,5.36,3.23
2026-12-06T20:00:00Z,BRT,3.19,76.5,990.8,10.27,20,340,-0.86603,0.5,-0.42083,0.90714,3.29,4.85,2.93
2026-12-06T21:00:00Z,BRT,3.29,70.3,993.8,10.38,21,340,-0.70711,0.70711,-0.42083,0.90714,4.09,4.85,3.13
2026-12-06T22:00:00Z,BRT,4.09,78.6,994.2,11.59,22,340,-0.5,0.86603,-0.42083,0.90714,4.75,5.43,3.88
2026-12-06T23:00:00Z,BRT,4.75,71.6,992.5,9.18,23,340,-0.25882,0.96593,-0.42083,0.90714,5.31,4.01,3.92
2026-12-07T00:00:00Z,BRT,5.31,70.5,994.4,10.21,0,341,0.0,1.0,-0.40516,0.91424,5.36,3.61,4.03
2026-12-07T01:00:00Z,BRT,5.36,82.1,994.5,9.34,1,341,0.25882,0.96593,-0.40516,0.91424,4.85,4.28,4.48
2026-12-07T02:00:00Z,BRT,4.85,77.9,992.2,12.38,2,341,0.5,0.86603,-0.40516,0.91424,4.85,3.4,3.96
2026-12-07T03:00:00Z,BRT,4.85,67.6,994.7,9.96,3,341,0.70711,0.70711,-0.40516,0.91424,5.43,2.84,2.11
2026-12-07T04:00:00Z,BRT,5.43,73.1,994.4,11.35,4,341,0.86603,0.5,-0.40516,0.91424,4.01,3.51,2.88
2026-12-07T05:00:00Z,BRT,4.01,72.3,995.3,9.39,5,341,0.96593,0.25882,-0.40516,0.91424,3.61,3.26,3.14
2026-12-07T06:00:00Z,BRT,3.61,74.7,994.6,8.78,6,341,1.0,0.0,-0.40516,0.91424,4.28,1.97,2.09
2026-12-07T07:00:00Z,BRT,4.28,72.6,993.9,8.65,7,341,0.96593,-0.25882,-0.40516,0.91424,3.4,1.32,2.96
2026-12-07T08:00:00Z,BRT,3.4,81.3,992.2,9.94,8,341,0.86603,-0.5,-0.40516,0.91424,2.84,1.67,3.46
2026-12-07T09:00:00Z,BRT,2.84,65.1,994.9,10.74,9,341,0.70711,-0.70711,-0.40516,0.91424,3.51,1.48,4.63
2026-12-07T10:00:00Z,BRT,3.51,79.0,994.4,11.3,10,341,0.5,-0.86603,-0.40516,0.91424,3.26,1.15,3.46
2026-12-07T11:00:00Z,BRT,3.26,68.7,992.7,12.22,11,341,0.25882,-0.96593,-0.40516,0.91424,1.97,0.59,3.53
2026-12-07T12:00:00Z,BRT,1.97,82.8,990.5,15.91,12,341,0.0,-1.0,-0.40516,0.91424,1.32,1.47,1.47
2026-12-07T13:00:00Z,BRT,1.32,75.3,989.5,14.23,13,341,-0.25882,-0.96593,-0.40516,0.91424,1.67,3.23,1.92
2026-12-07T14:00:00Z,BRT,1.67,71.7,989.8,13.85,14,341,-0.5,-0.86603,-0.40516,0.91424,1.48,2.93,1.81
2026-12-07T15:00:00Z,BRT,1.48,81.0,990.6,9.46,15,341,-0.70711,-0.70711,-0.40516,0.91424,1.15,3.13,0.85
2026-12-07T16:00:00Z,BRT,1.15,71.5,996.4,12.85,16,341,-0.86603,-0.5,-0.40516,0.91424,0.59,3.88,0.88
2026-12-07T17:00:00Z,BRT,0.59,67.6,994.0,9.45,17,341,-0.96593,-0.25882,-0.40516,0.91424,1.47,3.92,0.6
2026-12-07T18:00:00Z,BRT,1.47,66.6,991.7,11.83,18,341,-1.0,-0.0,-0.40516,0.91424,3.23,4.03,1.59
2026-12-07T19:00:00Z,BRT,3.23,71.7,990.1,10.78,19,341,-0.96593,0.25882,-0.40516,0.91424,2.93,4.48,1.45
2026-12-07T20:00:00Z,BRT,2.93,69.0,991.9,13.06,20,341,-0.86603,0.5,-0.40516,0.91424,3.13,3.96,2.42
2026-12-07T21:00:00Z,BRT,3.13,80.5,993.6,10.2,21,341,-0.70711,0.70711,-0.40516,0.91424,3.88,2.11,1.57
2026-12-07T22:00:00Z,BRT,3.88,74.3,993.8,13.48,22,341,-0.5,0.86603,-0.40516,0.91424,3.92,2.88,2.96
2026-12-07T23:00:00Z,BRT,3.92,70.5,996.0,9.47,23,341,-0.25882,0.96593,-0.40516,0.91424,4.03,3.14,3.26
2026-12-08T00:00:00Z,BRT,4.03,74.2,997.6,9.36,0,342,0.0,1.0,-0.38938,0.92108,4.48,2.09,4.58
2026-12-08T01:00:00Z,BRT,4.48,70.5,997.9,10.65,1,342,0.25882,0.96593,-0.38938,0.92108,3.96,2.96,5.38
2026-12-08T02:00:00Z,BRT,3.96,69.3,1000.9,8.73,2,342,0.5,0.86603,-0.38938,0.92108,2.11,3.46,5.14
2026-12-08T03:00:00Z,BRT,2.11,66.3,1000.7,10.27,3,342,0.70711,0.70711,-0.38938,0.92108,2.88,4.63,4.51
2026-12-08T04:00:00Z,BRT,2.88,69.9,999.2,11.3,4,342,0.86603,0.5,-0.38938,0.92108,3.14,3.46,4.64
2026-12-08T05:00:00Z,BRT,3.14,70.1,1001.6,10.15,5,342,0.96593,0.25882,-0.38938,0.92108,2.09,3.53,5.03
2026-12-08T06:00:00Z,BRT,2.09,64.7,1004.0,6.43,6,342,1.0,0.0,-0.38938,0.92108,2.96,1.47,4.77
2026-12-08T07:00:00Z,BRT,2.96,59.7,1004.4,4.1,7,342,0.96593,-0.25882,-0.38938,0.92108,3.46,1.92,5.75
2026-12-08T08:00:00Z,BRT,3.46,67.4,1004.0,6.21,8,342,0.86603,-0.5,-0.38938,0.92108,4.63,1.81,5.85
2026-12-08T09:00:00Z,BRT,4.63,71.0,1005.0,9.72,9,342,0.70711,-0.70711,-0.38938,0.92108,3.46,0.85,5.2
2026-12-08T10:00:00Z,BRT,3.46,64.1,1004.9,5.38,10,342,0.5,-0.86603,-0.38938,0.92108,3.53,0.88,4.96
2026-12-08T11:00:00Z,BRT,3.53,69.8,1004.9,7.66,11,342,0.25882,-0.96593,-0.38938,0.92108,1.47,0.6,5.44
2026-12-08T12:00:00Z,BRT,1.47,66.3,1005.3,7.46,12,342,0.0,-1.0,-0.38938,0.92108,1.92,1.59,5.73
2026-12-08T13:00:00Z,BRT,1.92,61.4,1006.8,7.86,13,342,-0.25882,-0.96593,-0.38938,0.92108,1.81,1.45,6.01
2026-12-08T14:00:00Z,BRT,1.81,71.4,1007.8,7.13,14,342,-0.5,-0.86603,-0.38938,0.92108,0.85,2.42,4.97
2026-12-08T15:00:00Z,BRT,0.85,68.5,1008.4,9.07,15,342,-0.70711,-0.70711,-0.38938,0.92108,0.88,1.57,4.43
2026-12-08T16:00:00Z,BRT,0.88,56.2,1008.1,6.16,16,342,-0.86603,-0.5,-0.38938,0.92108,0.6,2.96,4.05
2026-12-08T17:00:00Z,BRT,0.6,61.3,1005.2,5.73,17,342,-0.96593,-0.25882,-0.38938,0.92108,1.59,3.26,3.49
2026-12-08T18:00:00Z,BRT,1.59,71.6,1005.6,7.33,18,342,-1.0,-0.0,-0.38938,0.92108,1.45,4.58,3.55
2026-12-08T19:00:00Z,BRT,1.45,61.5,1008.5,10.5,19,342,-0.96593,0.25882,-0.38938,0.92108,2.42,5.38,4.35
2026-12-08T20:00:00Z,BRT,2.42,59.8,1008.9,4.84,20,342,-0.86603,0.5,-0.38938,0.92108,1.57,5.14,6.84
2026-12-08T21:00:00Z,BRT,1.57,53.6,1012.6,5.6,21,342,-0.70711,0.70711,-0.38938,0.92108,2.96,4.51,6.68
2026-12-08T22:00:00Z,BRT,2.96,45.4,1012.9,6.44,22,342,-0.5,0.86603,-0.38938,0.92108,3.26,4.64,6.47
2026-12-08T23:00:00Z,BRT,3.26,55.4,1014.0,4.11,23,342,-0.25882,0.96593,-0.38938,0.92108,4.58,5.03,6.61
2026-12-09T00:00:00Z,BRT,4.58,55.0,1013.6,5.42,0,343,0.0,1.0,-0.37348,0.92764,5.38,4.77,5.29
2026-12-09T01:00:00Z,BRT,5.38,56.1,1015.5,5.53,1,343,0.25882,0.96593,-0.37348,0.92764,5.14,5.75,6.61
2026-12-09T02:00:00Z,BRT,5.14,51.7,1015.1,5.36,2,343,0.5,0.86603,-0.37348,0.92764,4.51,5.85,7.72
2026-12-09T03:00:00Z,BRT,4.51,54.6,1015.1,8.07,3,343,0.70711,0.70711,-0.37348,0.92764,4.64,5.2,6.67
2026-12-09T04:00:00Z,BRT,4.64,46.9,1015.6,5.23,4,343,0.86603,0.5,-0.37348,0.92764,5.03,4.96,6.59
2026-12-09T05:00:00Z,BRT,5.03,44.9,1017.7,0.76,5,343,0.96593,0.25882,-0.37348,0.92764,4.77,5.44,7.34
2026-12-09T06:00:00Z,BRT,4.77,49.8,1017.9,2.61,6,343,1.0,0.0,-0.37348,0.92764,5.75,5.73,7.32
2026-12-09T07:00:00Z,BRT,5.75,52.8,1019.0,6.0,7,343,0.96593,-0.25882,-0.37348,0.92764,5.85,6.01,7.97
2026-12-09T08:00:00Z,BRT,5.85,56.4,1020.6,6.1,8,343,0.86603,-0.5,-0.37348,0.92764,5.2,4.97,7.0
2026-12-09T09:00:00Z,BRT,5.2,46.8,1021.9,0.79,9,343,0.70711,-0.70711,-0.37348,0.92764,4.96,4.43,6.32
2026-12-09T10:00:00Z,BRT,4.96,47.4,1021.2,2.42,10,343,0.5,-0.86603,-0.37348,0.92764,5.44,4.05,6.11
2026-12-09T11:00:00Z,BRT,5.44,44.7,1019.8,4.33,11,343,0.25882,-0.96593,-0.37348,0.92764,5.73,3.49,5.93
2026-12-09T12:00:00Z,BRT,5.73,43.9,1020.2,2.51,12,343,0.0,-1.0,-0.37348,0.92764,6.01,3.55,5.35
2026-12-09T13:00:00Z,BRT,6.01,61.3,1017.9,3.0,13,343,-0.25882,-0.96593,-0.37348,0.92764,4.97,4.35,5.3
2026-12-09T14:00:00Z,BRT,4.97,47.2,1018.5,4.81,14,343,-0.5,-0.86603,-0.37348,0.92764,4.43,6.84,5.59
2026-12-09T15:00:00Z,BRT,4.43,43.6,1018.9,5.35,15,343,-0.70711,-0.70711,-0.37348,0.92764,4.05,6.68,3.82
2026-12-09T16:00:00Z,BRT,4.05,56.9,1016.2,4.85,16,343,-0.86603,-0.5,-0.37348,0.92764,3.49,6.47,3.3
2026-12-09T17:00:00Z,BRT,3.49,60.9,1016.9,6.24,17,343,-0.96593,-0.25882,-0.37348,0.92764,3.55,6.61,2.81
2026-12-09T18:00:00Z,BRT,3.55,52.5,1013.2,5.17,18,343,-1.0,-0.0,-0.37348,0.92764,4.35,5.29,2.03
2026-12-09T19:00:00Z,BRT,4.35,58.0,1011.4,6.02,19,343,-0.96593,0.25882,-0.37348,0.92764,6.84,6.61,2.09
2026-12-09T20:00:00Z,BRT,6.84,55.8,1011.7,5.69,20,343,-0.86603,0.5,-0.37348,0.92764,6.68,7.72,1.93
2026-12-09T21:00:00Z,BRT,6.68,59.1,1012.1,5.42,21,343,-0.70711,0.70711,-0.37348,0.92764,6.47,6.67,1.47
2026-12-09T22:00:00Z,BRT,6.47,60.8,1010.5,8.54,22,343,-0.5,0.86603,-0.37348,0.92764,6.61,6.59,2.63
2026-12-09T23:00:00Z,BRT,6.61,59.7,1007.9,10.52,23,343,-0.25882,0.96593,-0.37348,0.92764,5.29,7.34,2.84
2026-12-10T00:00:00Z,BRT,5.29,66.2,1008.1,6.38,0,344,0.0,1.0,-0.35746,0.93393,6.61,7.32,4.09
2026-12-10T01:00:00Z,BRT,6.61,60.2,1004.4,6.87,1,344,0.25882,0.96593,-0.35746,0.93393,7.72,7.97,9.3
2026-12-10T02:00:00Z,BRT,7.72,71.8,1002.5,12.25,2,344,0.5,0.86603,-0.35746,0.93393,6.67,7.0,10.0
2026-12-10T03:00:00Z,BRT,6.67,68.2,1004.0,8.06,3,344,0.70711,0.70711,-0.35746,0.93393,6.59,6.32,10.0
2026-12-10T04:00:00Z,BRT,6.59,64.7,1003.0,5.31,4,344,0.86603,0.5,-0.35746,0.93393,7.34,6.11,10.0
2026-12-10T05:00:00Z,BRT,7.34,67.4,1000.7,8.69,5,344,0.96593,0.25882,-0.35746,0.93393,7.32,5.93,10.0
2026-12-10T06:00:00Z,BRT,7.32,75.5,997.2,12.23,6,344,1.0,0.0,-0.35746,0.93393,7.97,5.35,10.0
2026-12-10T07:00:00Z,BRT,7.97,73.9,994.8,9.1,7,344,0.96593,-0.25882,-0.35746,0.93393,7.0,5.3,10.0
2026-12-10T08:00:00Z,BRT,7.0,72.9,990.1,13.82,8,344,0.86603,-0.5,-0.35746,0.93393,6.32,5.59,10.0
2026-12-10T09:00:00Z,BRT,6.32,86.1,989.7,13.88,9,344,0.70711,-0.70711,-0.35746,0.93393,6.11,3.82,8.72
2026-12-10T10:00:00Z,BRT,6.11,80.8,989.7,9.92,10,344,0.5,-0.86603,-0.35746,0.93393,5.93,3.3,9.02
2026-12-10T11:00:00Z,BRT,5.93,74.5,992.0,9.45,11,344,0.25882,-0.96593,-0.35746,0.93393,5.35,2.81,8.7
2026-12-10T12:00:00Z,BRT,5.35,67.1,990.7,8.87,12,344,0.0,-1.0,-0.35746,0.93393,5.3,2.03,8.22
2026-12-10T13:00:00Z,BRT,5.3,75.5,988.9,9.39,13,344,-0.25882,-0.96593,-0.35746,0.93393,5.59,2.09,5.19
2026-12-10T14:00:00Z,BRT,5.59,81.5,986.0,13.74,14,344,-0.5,-0.86603,-0.35746,0.93393,3.82,1.93,6.26
2026-12-10T15:00:00Z,BRT,3.82,81.0,986.4,12.64,15,344,-0.70711,-0.70711,-0.35746,0.93393,3.3,1.47,7.43
2026-12-10T16:00:00Z,BRT,3.3,89.7,984.8,14.27,16,344,-0.86603,-0.5,-0.35746,0.93393,2.81,2.63,4.81
2026-12-10T17:00:00Z,BRT,2.81,82.6,981.2,12.97,17,344,-0.96593,-0.25882,-0.35746,0.93393,2.03,2.84,5.85
2026-12-10T18:00:00Z,BRT,2.03,85.2,983.3,11.87,18,344,-1.0,-0.0,-0.35746,0.93393,2.09,4.09,5.76
2026-12-10T19:00:00Z,BRT,2.09,88.5,982.3,19.2,19,344,-0.96593,0.25882,-0.35746,0.93393,1.93,9.3,4.57
2026-12-10T20:00:00Z,BRT,1.93,94.8,982.0,16.15,20,344,-0.86603,0.5,-0.35746,0.93393,1.47,10.0,5.43
2026-12-10T21:00:00Z,BRT,1.47,86.7,982.5,14.79,21,344,-0.70711,0.70711,-0.35746,0.93393,2.63,10.0,6.35
2026-12-10T22:00:00Z,BRT,2.63,88.6,980.7,12.56,22,344,-0.5,0.86603,-0.35746,0.93393,2.84,10.0,6.2
2026-12-10T23:00:00Z,BRT,2.84,90.0,978.5,16.69,23,344,-0.25882,0.96593,-0.35746,0.93393,4.09,10.0,7.09
2026-12-11T00:00:00Z,BRT,4.09,82.1,978.6,14.63,0,345,0.0,1.0,-0.34135,0.93994,9.3,10.0,5.72
2026-12-11T01:00:00Z,BRT,9.3,98.9,976.4,14.58,1,345,0.25882,0.96593,-0.34135,0.93994,10.0,10.0,4.89
2026-12-11T02:00:00Z,BRT,10.0,94.7,976.5,17.6,2,345,0.5,0.86603,-0.34135,0.93994,10.0,10.0,5.24
2026-12-11T03:00:00Z,BRT,10.0,99.0,974.8,15.74,3,345,0.70711,0.70711,-0.34135,0.93994,10.0,8.72,5.78
2026-12-11T04:00:00Z,BRT,10.0,89.9,973.0,16.46,4,345,0.86603,0.5,-0.34135,0.93994,10.0,9.02,5.68
2026-12-11T05:00:00Z,BRT,10.0,94.0,974.2,16.9,5,345,0.96593,0.25882,-0.34135,0.93994,10.0,8.7,4.51
2026-12-11T06:00:00Z,BRT,10.0,88.9,975.6,17.49,6,345,1.0,0.0,-0.34135,0.93994,10.0,8.22,4.72
2026-12-11T07:00:00Z,BRT,10.0,94.5,976.1,17.33,7,345,0.96593,-0.25882,-0.34135,0.93994,10.0,5.19,4.44
2026-12-11T08:00:00Z,BRT,10.0,88.5,977.9,11.16,8,345,0.86603,-0.5,-0.34135,0.93994,8.72,6.26,4.0
2026-12-11T09:00:00Z,BRT,8.72,82.2,979.3,11.85,9,345,0.70711,-0.70711,-0.34135,0.93994,9.02,7.43,5.04
2026-12-11T10:00:00Z,BRT,9.02,88.6,979.6,14.41,10,345,0.5,-0.86603,-0.34135,0.93994,8.7,4.81,4.33
2026-12-11T11:00:00Z,BRT,8.7,97.0,979.6,15.8,11,345,0.25882,-0.96593,-0.34135,0.93994,8.22,5.85,3.71
2026-12-11T12:00:00Z,BRT,8.22,82.3,980.3,12.37,12,345,0.0,-1.0,-0.34135,0.93994,5.19,5.76,3.8
2026-12-11T13:00:00Z,BRT,5.19,87.9,980.1,13.94,13,345,-0.25882,-0.96593,-0.34135,0.93994,6.26,4.57,2.23
2026-12-11T14:00:00Z,BRT,6.26,80.8,982.1,14.1,14,345,-0.5,-0.86603,-0.34135,0.93994,7.43,5.43,1.23
2026-12-11T15:00:00Z,BRT,7.43,89.7,980.1,21.73,15,345,-0.70711,-0.70711,-0.34135,0.93994,4.81,6.35,1.24
2026-12-11T16:00:00Z,BRT,4.81,79.5,982.6,13.15,16,345,-0.86603,-0.5,-0.34135,0.93994,5.85,6.2,1.84
2026-12-11T17:00:00Z,BRT,5.85,76.2,983.1,11.35,17,345,-0.96593,-0.25882,-0.34135,0.93994,5.76,7.09,1.99
2026-12-11T18:00:00Z,BRT,5.76,93.2,982.6,14.64,18,345,-1.0,-0.0,-0.34135,0.93994,4.57,5.72,1.88
2026-12-11T19:00:00Z,BRT,4.57,85.6,985.2,11.72,19,345,-0.96593,0.25882,-0.34135,0.93994,5.43,4.89,1.58
2026-12-11T20:00:00Z,BRT,5.43,80.9,986.5,14.17,20,345,-0.86603,0.5,-0.34135,0.93994,6.35,5.24,2.61
2026-12-11T21:00:00Z,BRT,6.35,82.3,988.6,8.18,21,345,-0.70711,0.70711,-0.34135,0.93994,6.2,5.78,2.74
2026-12-11T22:00:00Z,BRT,6.2,69.6,992.9,9.24,22,345,-0.5,0.86603,-0.34135,0.93994,7.09,5.68,3.32
2026-12-11T23:00:00Z,BRT,7.09,76.4,993.1,16.97,23,345,-0.25882,0.96593,-0.34135,0.93994,5.72,4.51,4.61
2026-12-12T00:00:00Z,BRT,5.72,75.4,997.0,8.61,0,346,0.0,1.0,-0.32513,0.94567,4.89,4.72,3.95
2026-12-12T01:00:00Z,BRT,4.89,77.2,997.0,11.27,1,346,0.25882,0.96593,-0.32513,0.94567,5.24,4.44,3.96
2026-12-12T02:00:00Z,BRT,5.24,72.9,998.9,9.06,2,346,0.5,0.86603,-0.32513,0.94567,5.78,4.0,4.6
2026-12-12T03:00:00Z,BRT,5.78,70.7,998.9,9.08,3,346,0.70711,0.70711,-0.32513,0.94567,5.68,5.04,4.91
2026-12-12T04:00:00Z,BRT,5.68,73.5,998.9,8.94,4,346,0.86603,0.5,-0.32513,0.94567,4.51,4.33,4.82
2026-12-12T05:00:00Z,BRT,4.51,71.2,1000.3,8.62,5,346,0.96593,0.25882,-0.32513,0.94567,4.72,3.71,6.02
2026-12-12T06:00:00Z,BRT,4.72,74.2,998.5,12.1,6,346,1.0,0.0,-0.32513,0.94567,4.44,3.8,6.39
2026-12-12T07:00:00Z,BRT,4.44,70.6,998.7,9.84,7,346,0.96593,-0.25882,-0.32513,0.94567,4.0,2.23,5.01
2026-12-12T08:00:00Z,BRT,4.0,69.5,999.0,7.85,8,346,0.86603,-0.5,-0.32513,0.94567,5.04,1.23,4.43
2026-12-12T09:00:00Z,BRT,5.04,73.4,996.5,10.52,9,346,0.70711,-0.70711,-0.32513,0.94567,4.33,1.24,3.12
2026-12-12T10:00:00Z,BRT,4.33,66.1,998.7,6.26,10,346,0.5,-0.86603,-0.32513,0.94567,3.71,1.84,4.09
2026-12-12T11:00:00Z,BRT,3.71,76.0,1000.4,8.42,11,346,0.25882,-0.96593,-0.32513,0.94567,3.8,1.99,4.12
2026-12-12T12:00:00Z,BRT,3.8,65.8,1000.2,10.34,12,346,0.0,-1.0,-0.32513,0.94567,2.23,1.88,3.28
2026-12-12T13:00:00Z,BRT,2.23,55.2,1001.5,9.24,13,346,-0.25882,-0.96593,-0.32513,0.94567,1.23,1.58,3.83
2026-12-12T14:00:00Z,BRT,1.23,68.7,1002.0,8.11,14,346,-0.5,-0.86603,-0.32513,0.94567,1.24,2.61,3.8
2026-12-12T15:00:00Z,BRT,1.24,68.4,998.8,9.24,15,346,-0.70711,-0.70711,-0.32513,0.94567,1.84,2.74,3.68
2026-12-12T16:00:00Z,BRT,1.84,69.5,998.5,9.78,16,346,-0.86603,-0.5,-0.32513,0.94567,1.99,3.32,3.6
2026-12-12T17:00:00Z,BRT,1.99,69.3,997.1,10.04,17,346,-0.96593,-0.25882,-0.32513,0.94567,1.88,4.61,1.97
2026-12-12T18:00:00Z,BRT,1.88,66.6,996.2,10.17,18,346,-1.0,-0.0,-0.32513,0.94567,1.58,3.95,1.54
2026-12-12T19:00:00Z,BRT,1.58,78.6,995.7,10.47,19,346,-0.96593,0.25882,-0.32513,0.94567,2.61,3.96,0.14
2026-12-12T20:00:00Z,BRT,2.61,68.6,996.1,8.01,20,346,-0.86603,0.5,-0.32513,0.94567,2.74,4.6,1.25
2026-12-12T21:00:00Z,BRT,2.74,78.2,995.4,7.25,21,346,-0.70711,0.70711,-0.32513,0.94567,3.32,4.91,2.02
2026-12-12T22:00:00Z,BRT,3.32,74.5,997.7,9.84,22,346,-0.5,0.86603,-0.32513,0.94567,4.61,4.82,1.73
2026-12-12T23:00:00Z,BRT,4.61,69.8,997.6,11.41,23,346,-0.25882,0.96593,-0.32513,0.94567,3.95,6.02,3.47
2026-12-13T00:00:00Z,BRT,3.95,60.9,1000.2,8.45,0,347,0.0,1.0,-0.30881,0.95112,3.96,6.39,3.41
2026-12-13T01:00:00Z,BRT,3.96,71.3,998.3,7.7,1,347,0.25882,0.96593,-0.30881,0.95112,4.6,5.01,1.63
2026-12-13T02:00:00Z,BRT,4.6,71.8,999.0,9.06,2,347,0.5,0.86603,-0.30881,0.95112,4.91,4.43,0.87
2026-12-13T03:00:00Z,BRT,4.91,69.9,998.3,10.38,3,347,0.70711,0.70711,-0.30881,0.95112,4.82,3.12,0.7
2026-12-13T04:00:00Z,BRT,4.82,73.6,997.5,7.87,4,347,0.86603,0.5,-0.30881,0.95112,6.02,4.09,1.83
2026-12-13T05:00:00Z,BRT,6.02,64.7,1001.1,9.94,5,347,0.96593,0.25882,-0.30881,0.95112,6.39,4.12,2.47
2026-12-13T06:00:00Z,BRT,6.39,65.5,1000.5,6.49,6,347,1.0,0.0,-0.30881,0.95112,5.01,3.28,3.12
2026-12-13T07:00:00Z,BRT,5.01,66.6,1002.4,5.54,7,347,0.96593,-0.25882,-0.30881,0.95112,4.43,3.83,4.46
2026-12-13T08:00:00Z,BRT,4.43,59.0,1003.9,8.76,8,347,0.86603,-0.5,-0.30881,0.95112,3.12,3.8,5.61
2026-12-13T09:00:00Z,BRT,3.12,70.2,1003.5,10.96,9,347,0.70711,-0.70711,-0.30881,0.95112,4.09,3.68,5.56
2026-12-13T10:00:00Z,BRT,4.09,77.1,1004.0,9.24,10,347,0.5,-0.86603,-0.30881,0.95112,4.12,3.6,6.66
2026-12-13T11:00:00Z,BRT,4.12,70.8,1003.8,12.5,11,347,0.25882,-0.96593,-0.30881,0.95112,3.28,1.97,6.71
2026-12-13T12:00:00Z,BRT,3.28,69.7,1004.9,10.52,12,347,0.0,-1.0,-0.30881,0.95112,3.83,1.54,6.09
2026-12-13T13:00:00Z,BRT,3.83,72.5,1009.0,6.8,13,347,-0.25882,-0.96593,-0.30881,0.95112,3.8,0.14,6.81
2026-12-13T14:00:00Z,BRT,3.8,72.7,1007.8,5.45,14,347,-0.5,-0.86603,-0.30881,0.95112,3.68,1.25,6.69
2026-12-13T15:00:00Z,BRT,3.68,64.7,1005.1,7.14,15,347,-0.70711,-0.70711,-0.30881,0.95112,3.6,2.02,6.03
2026-12-13T16:00:00Z,BRT,3.6,71.2,1005.3,10.11,16,347,-0.86603,-0.5,-0.30881,0.95112,1.97,1.73,5.57
2026-12-13T17:00:00Z,BRT,1.97,74.3,1004.4,12.32,17,347,-0.96593,-0.25882,-0.30881,0.95112,1.54,3.47,3.78
2026-12-13T18:00:00Z,BRT,1.54,61.1,1005.6,7.28,18,347,-1.0,-0.0,-0.30881,0.95112,0.14,3.41,3.36
2026-12-13T19:00:00Z,BRT,0.14,63.9,1006.8,6.67,19,347,-0.96593,0.25882,-0.30881,0.95112,1.25,1.63,3.12
2026-12-13T20:00:00Z,BRT,1.25,52.2,1006.1,6.98,20,347,-0.86603,0.5,-0.30881,0.95112,2.02,0.87,3.01
2026-12-13T21:00:00Z,BRT,2.02,51.8,1008.7,3.14,21,347,-0.70711,0.70711,-0.30881,0.95112,1.73,0.7,2.62
2026-12-13T22:00:00Z,BRT,1.73,57.4,1009.3,7.47,22,347,-0.5,0.86603,-0.30881,0.95112,3.47,1.83,3.49
2026-12-13T23:00:00Z,BRT,3.47,56.3,1012.0,8.08,23,347,-0.25882,0.96593,-0.30881,0.95112,3.41,2.47,3.69
2026-12-14T00:00:00Z,BRT,3.41,60.9,1010.8,8.57,0,348,0.0,1.0,-0.29241,0.95629,1.63,3.12,3.19
2026-12-14T01:00:00Z,BRT,1.63,61.4,1012.1,6.09,1,348,0.25882,0.96593,-0.29241,0.95629,0.87,4.46,2.79
2026-12-14T02:00:00Z,BRT,0.87,62.2,1012.3,3.05,2,348,0.5,0.86603,-0.29241,0.95629,0.7,5.61,3.32
2026-12-14T03:00:00Z,BRT,0.7,55.3,1015.1,4.72,3,348,0.70711,0.70711,-0.29241,0.95629,1.83,5.56,2.91
2026-12-14T04:00:00Z,BRT,1.83,50.2,1013.8,6.27,4,348,0.86603,0.5,-0.29241,0.95629,2.47,6.66,3.4
2026-12-14T05:00:00Z,BRT,2.47,56.5,1015.1,5.08,5,348,0.96593,0.25882,-0.29241,0.95629,3.12,6.71,4.44
2026-12-14T06:00:00Z,BRT,3.12,63.7,1011.6,7.13,6,348,1.0,0.0,-0.29241,0.95629,4.46,6.09,4.19
2026-12-14T07:00:00Z,BRT,4.46,59.4,1015.2,8.77,7,348,0.96593,-0.25882,-0.29241,0.95629,5.61,6.81,4.45
2026-12-14T08:00:00Z,BRT,5.61,46.2,1017.9,2.77,8,348,0.86603,-0.5,-0.29241,0.95629,5.56,6.69,4.06
2026-12-14T09:00:00Z,BRT,5.56,53.3,1014.4,3.34,9,348,0.70711,-0.70711,-0.29241,0.95629,6.66,6.03,4.64
2026-12-14T10:00:00Z,BRT,6.66,55.6,1014.7,8.21,10,348,0.5,-0.86603,-0.29241,0.95629,6.71,5.57,5.08
2026-12-14T11:00:00Z,BRT,6.71,48.5,1011.8,7.1,11,348,0.25882,-0.96593,-0.29241,0.95629,6.09,3.78,4.35
2026-12-14T12:00:00Z,BRT,6.09,66.1,1008.8,5.25,12,348,0.0,-1.0,-0.29241,0.95629,6.81,3.36,4.19
2026-12-14T13:00:00Z,BRT,6.81,62.0,1006.4,8.24,13,348,-0.25882,-0.96593,-0.29241,0.95629,6.69,3.12,3.52
2026-12-14T14:00:00Z,BRT,6.69,64.8,1005.7,8.34,14,348,-0.5,-0.86603,-0.29241,0.95629,6.03,3.01,2.51
2026-12-14T15:00:00Z,BRT,6.03,62.1,1003.7,5.09,15,348,-0.70711,-0.70711,-0.29241,0.95629,5.57,2.62,1.22
2026-12-14T16:00:00Z,BRT,5.57,59.7,1003.7,7.08,16,348,-0.86603,-0.5,-0.29241,0.95629,3.78,3.49,2.03
2026-12-14T17:00:00Z,BRT,3.78,54.6,1005.5,8.38,17,348,-0.96593,-0.25882,-0.29241,0.95629,3.36,3.69,1.08
2026-12-14T18:00:00Z,BRT,3.36,56.0,1008.9,7.58,18,348,-1.0,-0.0,-0.29241,0.95629,3.12,3.19,0.67
2026-12-14T19:00:00Z,BRT,3.12,49.7,1008.0,3.98,19,348,-0.96593,0.25882,-0.29241,0.95629,3.01,2.79,1.43
2026-12-14T20:00:00Z,BRT,3.01,71.3,1006.7,11.22,20,348,-0.86603,0.5,-0.29241,0.95629,2.62,3.32,1.02
2026-12-14T21:00:00Z,BRT,2.62,58.2,1004.0,9.2,21,348,-0.70711,0.70711,-0.29241,0.95629,3.49,2.91,0.65
2026-12-14T22:00:00Z,BRT,3.49,70.1,1004.9,12.56,22,348,-0.5,0.86603,-0.29241,0.95629,3.69,3.4,0.56
2026-12-14T23:00:00Z,BRT,3.69,63.7,1002.0,9.85,23,348,-0.25882,0.96593,-0.29241,0.95629,3.19,4.44,0.82
2026-12-15T00:00:00Z,BRT,3.19,63.6,1003.7,9.97,0,349,0.0,1.0,-0.27591,0.96118,2.79,4.19,2.89
2026-12-15T01:00:00Z,BRT,2.79,74.7,1000.8,13.76,1,349,0.25882,0.96593,-0.27591,0.96118,3.32,4.45,2.63
2026-12-15T02:00:00Z,BRT,3.32,75.2,997.8,11.54,2,349,0.5,0.86603,-0.27591,0.96118,2.91,4.06,2.88
2026-12-15T03:00:00Z,BRT,2.91,73.3,995.9,10.36,3,349,0.70711,0.70711,-0.27591,0.96118,3.4,4.64,3.76
2026-12-15T04:00:00Z,BRT,3.4,81.9,991.8,7.57,4,349,0.86603,0.5,-0.27591,0.96118,4.44,5.08,3.68
2026-12-15T05:00:00Z,BRT,4.44,72.2,990.6,12.63,5,349,0.96593,0.25882,-0.27591,0.96118,4.19,4.35,4.03
2026-12-15T06:00:00Z,BRT,4.19,86.7,989.1,16.13,6,349,1.0,0.0,-0.27591,0.96118,4.45,4.19,4.53
2026-12-15T07:00:00Z,BRT,4.45,80.0,988.5,12.64,7,349,0.96593,-0.25882,-0.27591,0.96118,4.06,3.52,4.47
2026-12-15T08:00:00Z,BRT,4.06,84.7,989.8,14.59,8,349,0.86603,-0.5,-0.27591,0.96118,4.64,2.51,10.0
2026-12-15T09:00:00Z,BRT,4.64,71.0,989.5,10.76,9,349,0.70711,-0.70711,-0.27591,0.96118,5.08,1.22,6.11
2026-12-15T10:00:00Z,BRT,5.08,78.6,985.9,13.23,10,349,0.5,-0.86603,-0.27591,0.96118,4.35,2.03,5.67
2026-12-15T11:00:00Z,BRT,4.35,78.3,985.0,12.98,11,349,0.25882,-0.96593,-0.27591,0.96118,4.19,1.08,5.97
2026-12-15T12:00:00Z,BRT,4.19,78.7,984.2,13.51,12,349,0.0,-1.0,-0.27591,0.96118,3.52,0.67,3.16
2026-12-15T13:00:00Z,BRT,3.52,74.1,989.3,12.46,13,349,-0.25882,-0.96593,-0.27591,0.96118,2.51,1.43,1.87
2026-12-15T14:00:00Z,BRT,2.51,77.9,990.1,11.59,14,349,-0.5,-0.86603,-0.27591,0.96118,1.22,1.02,1.49
2026-12-15T15:00:00Z,BRT,1.22,81.3,988.3,14.76,15,349,-0.70711,-0.70711,-0.27591,0.96118,2.03,0.65,1.65
2026-12-15T16:00:00Z,BRT,2.03,82.2,988.7,11.52,16,349,-0.86603,-0.5,-0.27591,0.96118,1.08,0.56,3.25
2026-12-15T17:00:00Z,BRT,1.08,78.4,988.8,14.1,17,349,-0.96593,-0.25882,-0.27591,0.96118,0.67,0.82,3.23
2026-12-15T18:00:00Z,BRT,0.67,83.4,985.5,8.81,18,349,-1.0,-0.0,-0.27591,0.96118,1.43,2.89,4.47
2026-12-15T19:00:00Z,BRT,1.43,79.9,982.7,16.49,19,349,-0.96593,0.25882,-0.27591,0.96118,1.02,2.63,4.3
2026-12-15T20:00:00Z,BRT,1.02,83.8,983.9,10.61,20,349,-0.86603,0.5,-0.27591,0.96118,0.65,2.88,3.06
2026-12-15T21:00:00Z,BRT,0.65,79.1,984.3,11.36,21,349,-0.70711,0.70711,-0.27591,0.96118,0.56,3.76,4.85
2026-12-15T22:00:00Z,BRT,0.56,84.6,984.5,13.18,22,349,-0.5,0.86603,-0.27591,0.96118,0.82,3.68,5.49
2026-12-15T23:00:00Z,BRT,0.82,88.0,984.6,13.91,23,349,-0.25882,0.96593,-0.27591,0.96118,2.89,4.03,4.81
2026-12-16T00:00:00Z,BRT,2.89,83.3,982.9,12.43,0,350,0.0,1.0,-0.25934,0.96579,2.63,4.53,5.2
2026-12-16T01:00:00Z,BRT,2.63,89.0,983.4,13.21,1,350,0.25882,0.96593,-0.25934,0.96579,2.88,4.47,6.26
2026-12-16T02:00:00Z,BRT,2.88,87.3,980.6,13.9,2,350,0.5,0.86603,-0.25934,0.96579,3.76,10.0,6.98
2026-12-16T03:00:00Z,BRT,3.76,84.7,982.1,15.67,3,350,0.70711,0.70711,-0.25934,0.96579,3.68,6.11,7.24
2026-12-16T04:00:00Z,BRT,3.68,84.4,980.7,15.47,4,350,0.86603,0.5,-0.25934,0.96579,4.03,5.67,8.58
2026-12-16T05:00:00Z,BRT,4.03,84.4,982.4,15.12,5,350,0.96593,0.25882,-0.25934,0.96579,4.53,5.97,9.04
2026-12-16T06:00:00Z,BRT,4.53,86.7,981.4,12.69,6,350,1.0,0.0,-0.25934,0.96579,4.47,3.16,10.0
2026-12-16T07:00:00Z,BRT,4.47,94.8,978.2,15.77,7,350,0.96593,-0.25882,-0.25934,0.96579,10.0,1.87,10.0
2026-12-16T08:00:00Z,BRT,10.0,99.0,976.2,16.44,8,350,0.86603,-0.5,-0.25934,0.96579,6.11,1.49,10.0
2026-12-16T09:00:00Z,BRT,6.11,86.9,978.4,15.55,9,350,0.70711,-0.70711,-0.25934,0.96579,5.67,1.65,9.78
2026-12-16T10:00:00Z,BRT,5.67,76.1,978.8,14.5,10,350,0.5,-0.86603,-0.25934,0.96579,5.97,3.25,9.42
2026-12-16T11:00:00Z,BRT,5.97,93.7,979.8,15.52,11,350,0.25882,-0.96593,-0.25934,0.96579,3.16,3.23,8.74
2026-12-16T12:00:00Z,BRT,3.16,86.3,982.0,14.99,12,350,0.0,-1.0,-0.25934,0.96579,1.87,4.47,8.16
2026-12-16T13:00:00Z,BRT,1.87,83.5,983.5,15.11,13,350,-0.25882,-0.96593,-0.25934,0.96579,1.49,4.3,7.9
2026-12-16T14:00:00Z,BRT,1.49,83.0,985.5,14.0,14,350,-0.5,-0.86603,-0.25934,0.96579,1.65,3.06,7.11
2026-12-16T15:00:00Z,BRT,1.65,86.1,989.4,14.4,15,350,-0.70711,-0.70711,-0.25934,0.96579,3.25,4.85,6.02
2026-12-16T16:00:00Z,BRT,3.25,80.2,988.1,11.43,16,350,-0.86603,-0.5,-0.25934,0.96579,3.23,5.49,6.18
2026-12-16T17:00:00Z,BRT,3.23,76.2,984.9,13.86,17,350,-0.96593,-0.25882,-0.25934,0.96579,4.47,4.81,5.2
2026-12-16T18:00:00Z,BRT,4.47,86.7,987.9,14.73,18,350,-1.0,-0.0,-0.25934,0.96579,4.3,5.2,5.44
2026-12-16T19:00:00Z,BRT,4.3,80.2,990.4,9.54,19,350,-0.96593,0.25882,-0.25934,0.96579,3.06,6.26,5.81
2026-12-16T20:00:00Z,BRT,3.06,79.0,989.2,14.36,20,350,-0.86603,0.5,-0.25934,0.96579,4.85,6.98,6.46
2026-12-16T21:00:00Z,BRT,4.85,88.9,987.5,10.54,21,350,-0.70711,0.70711,-0.25934,0.96579,5.49,7.24,6.47
2026-12-16T22:00:00Z,BRT,5.49,90.8,981.7,16.66,22,350,-0.5,0.86603,-0.25934,0.96579,4.81,8.58,6.95
2026-12-16T23:00:00Z,BRT,4.81,79.8,979.6,12.21,23,350,-0.25882,0.96593,-0.25934,0.96579,5.2,9.04,8.12
2026-12-17T00:00:00Z,BRT,5.2,89.0,979.6,14.42,0,351,0.0,1.0,-0.24269,0.9701,6.26,10.0,8.39
2026-12-17T01:00:00Z,BRT,6.26,86.3,982.2,14.74,1,351,0.25882,0.96593,-0.24269,0.9701,6.98,10.0,8.88
2026-12-17T02:00:00Z,BRT,6.98,83.8,984.0,13.28,2,351,0.5,0.86603,-0.24269,0.9701,7.24,10.0,8.25
2026-12-17T03:00:00Z,BRT,7.24,79.2,988.1,12.25,3,351,0.70711,0.70711,-0.24269,0.9701,8.58,9.78,8.88
2026-12-17T04:00:00Z,BRT,8.58,75.3,986.9,16.02,4,351,0.86603,0.5,-0.24269,0.9701,9.04,9.42,7.74
2026-12-17T05:00:00Z,BRT,9.04,84.0,987.8,11.63,5,351,0.96593,0.25882,-0.24269,0.9701,10.0,8.74,7.52
2026-12-17T06:00:00Z,BRT,10.0,76.3,990.1,11.51,6,351,1.0,0.0,-0.24269,0.9701,10.0,8.16,7.66
2026-12-17T07:00:00Z,BRT,10.0,81.9,988.3,13.23,7,351,0.96593,-0.25882,-0.24269,0.9701,10.0,7.9,5.95
2026-12-17T08:00:00Z,BRT,10.0,69.9,989.5,10.86,8,351,0.86603,-0.5,-0.24269,0.9701,9.78,7.11,4.94
2026-12-17T09:00:00Z,BRT,9.78,84.6,993.5,10.48,9,351,0.70711,-0.70711,-0.24269,0.9701,9.42,6.02,5.14
2026-12-17T10:00:00Z,BRT,9.42,77.9,993.4,12.48,10,351,0.5,-0.86603,-0.24269,0.9701,8.74,6.18,5.89
2026-12-17T11:00:00Z,BRT,8.74,78.4,996.4,10.67,11,351,0.25882,-0.96593,-0.24269,0.9701,8.16,5.2,6.4
2026-12-17T12:00:00Z,BRT,8.16,77.3,994.8,13.2,12,351,0.0,-1.0,-0.24269,0.9701,7.9,5.44,6.35
2026-12-17T13:00:00Z,BRT,7.9,60.7,997.1,8.85,13,351,-0.25882,-0.96593,-0.24269,0.9701,7.11,5.81,6.06
2026-12-17T14:00:00Z,BRT,7.11,71.1,996.8,9.87,14,351,-0.5,-0.86603,-0.24269,0.9701,6.02,6.46,5.68
2026-12-17T15:00:00Z,BRT,6.02,68.2,999.5,11.28,15,351,-0.70711,-0.70711,-0.24269,0.9701,6.18,6.47,5.72
2026-12-17T16:00:00Z,BRT,6.18,58.0,999.4,9.42,16,351,-0.86603,-0.5,-0.24269,0.9701,5.2,6.95,5.61
2026-12-17T17:00:00Z,BRT,5.2,72.2,1001.8,10.8,17,351,-0.96593,-0.25882,-0.24269,0.9701,5.44,8.12,5.65
2026-12-17T18:00:00Z,BRT,5.44,68.1,1002.6,7.87,18,351,-1.0,-0.0,-0.24269,0.9701,5.81,8.39,6.75
2026-12-17T19:00:00Z,BRT,5.81,72.2,1003.8,10.23,19,351,-0.96593,0.25882,-0.24269,0.9701,6.46,8.88,6.93
2026-12-17T20:00:00Z,BRT,6.46,61.4,1006.6,7.17,20,351,-0.86603,0.5,-0.24269,0.9701,6.47,8.25,6.21
2026-12-17T21:00:00Z,BRT,6.47,55.3,1008.8,3.89,21,351,-0.70711,0.70711,-0.24269,0.9701,6.95,8.88,4.82
2026-12-17T22:00:00Z,BRT,6.95,55.9,1011.1,8.61,22,351,-0.5,0.86603,-0.24269,0.9701,8.12,7.74,4.38
2026-12-17T23:00:00Z,BRT,8.12,58.0,1009.7,6.23,23,351,-0.25882,0.96593,-0.24269,0.9701,8.39,7.52,4.49
2026-12-18T00:00:00Z,BRT,8.39,59.4,1007.7,9.73,0,352,0.0,1.0,-0.22596,0.97414,8.88,7.66,5.32
2026-12-18T01:00:00Z,BRT,8.88,60.6,1006.1,2.77,1,352,0.25882,0.96593,-0.22596,0.97414,8.25,5.95,5.59
2026-12-18T02:00:00Z,BRT,8.25,61.8,1005.9,8.12,2,352,0.5,0.86603,-0.22596,0.97414,8.88,4.94,5.9
2026-12-18T03:00:00Z,BRT,8.88,65.5,1004.2,7.86,3,352,0.70711,0.70711,-0.22596,0.97414,7.74,5.14,6.78
2026-12-18T04:00:00Z,BRT,7.74,67.1,1004.8,9.51,4,352,0.86603,0.5,-0.22596,0.97414,7.52,5.89,7.05
2026-12-18T05:00:00Z,BRT,7.52,65.0,1002.7,8.23,5,352,0.96593,0.25882,-0.22596,0.97414,7.66,6.4,6.83
2026-12-18T06:00:00Z,BRT,7.66,68.7,1000.0,10.28,6,352,1.0,0.0,-0.22596,0.97414,5.95,6.35,5.38
2026-12-18T07:00:00Z,BRT,5.95,73.2,1000.1,12.78,7,352,0.96593,-0.25882,-0.22596,0.97414,4.94,6.06,5.47
2026-12-18T08:00:00Z,BRT,4.94,63.8,1000.5,10.03,8,352,0.86603,-0.5,-0.22596,0.97414,5.14,5.68,5.85
2026-12-18T09:00:00Z,BRT,5.14,65.3,1001.3,9.58,9,352,0.70711,-0.70711,-0.22596,0.97414,5.89,5.72,5.23
2026-12-18T10:00:00Z,BRT,5.89,69.4,998.6,6.65,10,352,0.5,-0.86603,-0.22596,0.97414,6.4,5.61,3.97
2026-12-18T11:00:00Z,BRT,6.4,69.2,1000.6,6.92,11,352,0.25882,-0.96593,-0.22596,0.97414,6.35,5.65,3.7
2026-12-18T12:00:00Z,BRT,6.35,67.2,1002.1,11.0,12,352,0.0,-1.0,-0.22596,0.97414,6.06,6.75,3.54
2026-12-18T13:00:00Z,BRT,6.06,65.6,1000.6,7.97,13,352,-0.25882,-0.96593,-0.22596,0.97414,5.68,6.93,3.63
2026-12-18T14:00:00Z,BRT,5.68,71.7,1002.8,11.16,14,352,-0.5,-0.86603,-0.22596,0.97414,5.72,6.21,2.58
2026-12-18T15:00:00Z,BRT,5.72,66.5,999.2,7.94,15,352,-0.70711,-0.70711,-0.22596,0.97414,5.61,4.82,3.13
2026-12-18T16:00:00Z,BRT,5.61,73.6,1000.5,7.42,16,352,-0.86603,-0.5,-0.22596,0.97414,5.65,4.38,3.49
2026-12-18T17:00:00Z,BRT,5.65,69.0,1000.7,10.05,17,352,-0.96593,-0.25882,-0.22596,0.97414,6.75,4.49,3.64
2026-12-18T18:00:00Z,BRT,6.75,64.4,1000.6,10.98,18,352,-1.0,-0.0,-0.22596,0.97414,6.93,5.32,3.88
2026-12-18T19:00:00Z,BRT,6.93,65.0,999.1,7.59,19,352,-0.96593,0.25882,-0.22596,0.97414,6.21,5.59,3.48
2026-12-18T20:00:00Z,BRT,6.21,68.2,996.8,4.8,20,352,-0.86603,0.5,-0.22596,0.97414,4.82,5.9,4.18
2026-12-18T21:00:00Z,BRT,4.82,73.3,997.5,12.0,21,352,-0.70711,0.70711,-0.22596,0.97414,4.38,6.78,3.62
2026-12-18T22:00:00Z,BRT,4.38,71.4,999.4,7.8,22,352,-0.5,0.86603,-0.22596,0.97414,4.49,7.05,4.75
2026-12-18T23:00:00Z,BRT,4.49,76.0,995.3,10.54,23,352,-0.25882,0.96593,-0.22596,0.97414,5.32,6.83,5.71
2026-12-19T00:00:00Z,BRT,5.32,73.7,995.3,12.64,0,353,0.0,1.0,-0.20917,0.97788,5.59,5.38,6.39
2026-12-19T01:00:00Z,BRT,5.59,71.7,995.4,12.31,1,353,0.25882,0.96593,-0.20917,0.97788,5.9,5.47,7.46
2026-12-19T02:00:00Z,BRT,5.9,76.5,994.0,10.64,2,353,0.5,0.86603,-0.20917,0.97788,6.78,5.85,8.23
2026-12-19T03:00:00Z,BRT,6.78,80.4,993.1,9.51,3,353,0.70711,0.70711,-0.20917,0.97788,7.05,5.23,7.26
2026-12-19T04:00:00Z,BRT,7.05,73.7,993.2,12.5,4,353,0.86603,0.5,-0.20917,0.97788,6.83,3.97,6.89
2026-12-19T05:00:00Z,BRT,6.83,72.4,994.0,12.22,5,353,0.96593,0.25882,-0.20917,0.97788,5.38,3.7,6.24
2026-12-19T06:00:00Z,BRT,5.38,76.3,993.3,10.6,6,353,1.0,0.0,-0.20917,0.97788,5.47,3.54,5.81
2026-12-19T07:00:00Z,BRT,5.47,72.8,994.1,8.57,7,353,0.96593,-0.25882,-0.20917,0.97788,5.85,3.63,6.74
2026-12-19T08:00:00Z,BRT,5.85,75.8,990.1,10.61,8,353,0.86603,-0.5,-0.20917,0.97788,5.23,2.58,6.29
2026-12-19T09:00:00Z,BRT,5.23,73.7,992.4,14.19,9,353,0.70711,-0.70711,-0.20917,0.97788,3.97,3.13,5.01
2026-12-19T10:00:00Z,BRT,3.97,75.4,994.1,9.67,10,353,0.5,-0.86603,-0.20917,0.97788,3.7,3.49,4.87
2026-12-19T11:00:00Z,BRT,3.7,76.0,991.7,9.69,11,353,0.25882,-0.96593,-0.20917,0.97788,3.54,3.64,4.76
2026-12-19T12:00:00Z,BRT,3.54,75.3,990.6,8.31,12,353,0.0,-1.0,-0.20917,0.97788,3.63,3.88,4.64
2026-12-19T13:00:00Z,BRT,3.63,74.7,994.1,11.37,13,353,-0.25882,-0.96593,-0.20917,0.97788,2.58,3.48,4.49
2026-12-19T14:00:00Z,BRT,2.58,70.9,995.6,8.28,14,353,-0.5,-0.86603,-0.20917,0.97788,3.13,4.18,3.24
2026-12-19T15:00:00Z,BRT,3.13,64.2,994.3,7.72,15,353,-0.70711,-0.70711,-0.20917,0.97788,3.49,3.62,2.27
2026-12-19T16:00:00Z,BRT,3.49,78.8,992.5,10.91,16,353,-0.86603,-0.5,-0.20917,0.97788,3.64,4.75,0.96
2026-12-19T17:00:00Z,BRT,3.64,77.9,993.4,11.63,17,353,-0.96593,-0.25882,-0.20917,0.97788,3.88,5.71,1.31
2026-12-19T18:00:00Z,BRT,3.88,63.5,992.7,12.63,18,353,-1.0,-0.0,-0.20917,0.97788,3.48,6.39,6.13
2026-12-19T19:00:00Z,BRT,3.48,67.9,991.2,13.85,19,353,-0.96593,0.25882,-0.20917,0.97788,4.18,7.46,1.67
2026-12-19T20:00:00Z,BRT,4.18,74.2,989.7,8.2,20,353,-0.86603,0.5,-0.20917,0.97788,3.62,8.23,0.67
2026-12-19T21:00:00Z,BRT,3.62,81.3,988.7,9.86,21,353,-0.70711,0.70711,-0.20917,0.97788,4.75,7.26,6.57
2026-12-19T22:00:00Z,BRT,4.75,74.1,988.3,12.13,22,353,-0.5,0.86603,-0.20917,0.97788,5.71,6.89,7.56
2026-12-19T23:00:00Z,BRT,5.71,84.3,988.7,15.52,23,353,-0.25882,0.96593,-0.20917,0.97788,6.39,6.24,7.97
2026-12-20T00:00:00Z,BRT,6.39,74.5,991.5,12.65,0,354,0.0,1.0,-0.19232,0.98133,7.46,5.81,6.73
2026-12-20T01:00:00Z,BRT,7.46,74.3,992.8,7.89,1,354,0.25882,0.96593,-0.19232,0.98133,8.23,6.74,8.05
2026-12-20T02:00:00Z,BRT,8.23,73.9,992.0,13.76,2,354,0.5,0.86603,-0.19232,0.98133,7.26,6.29,8.13
2026-12-20T03:00:00Z,BRT,7.26,74.8,990.8,11.9,3,354,0.70711,0.70711,-0.19232,0.98133,6.89,5.01,9.93
2026-12-20T04:00:00Z,BRT,6.89,93.4,988.6,13.18,4,354,0.86603,0.5,-0.19232,0.98133,6.24,4.87,10.0
2026-12-20T05:00:00Z,BRT,6.24,85.2,987.9,8.57,5,354,0.96593,0.25882,-0.19232,0.98133,5.81,4.76,10.0
2026-12-20T06:00:00Z,BRT,5.81,83.5,985.3,13.21,6,354,1.0,0.0,-0.19232,0.98133,6.74,4.64,10.0
2026-12-20T07:00:00Z,BRT,6.74,80.8,983.1,16.28,7,354,0.96593,-0.25882,-0.19232,0.98133,6.29,4.49,10.0
2026-12-20T08:00:00Z,BRT,6.29,80.2,986.4,9.56,8,354,0.86603,-0.5,-0.19232,0.98133,5.01,3.24,10.0
2026-12-20T09:00:00Z,BRT,5.01,80.0,984.1,14.94,9,354,0.70711,-0.70711,-0.19232,0.98133,4.87,2.27,10.0
2026-12-20T10:00:00Z,BRT,4.87,82.8,983.5,10.77,10,354,0.5,-0.86603,-0.19232,0.98133,4.76,0.96,10.0
2026-12-20T11:00:00Z,BRT,4.76,80.2,985.1,15.87,11,354,0.25882,-0.96593,-0.19232,0.98133,4.64,1.31,10.0
2026-12-20T12:00:00Z,BRT,4.64,86.7,987.1,14.3,12,354,0.0,-1.0,-0.19232,0.98133,4.49,6.13,10.0
2026-12-20T13:00:00Z,BRT,4.49,93.1,983.4,15.6,13,354,-0.25882,-0.96593,-0.19232,0.98133,3.24,1.67,10.0
2026-12-20T14:00:00Z,BRT,3.24,86.2,979.5,14.2,14,354,-0.5,-0.86603,-0.19232,0.98133,2.27,0.67,10.0
2026-12-20T15:00:00Z,BRT,2.27,96.4,982.4,13.99,15,354,-0.70711,-0.70711,-0.19232,0.98133,0.96,6.57,10.0
2026-12-20T16:00:00Z,BRT,0.96,86.3,979.8,12.64,16,354,-0.86603,-0.5,-0.19232,0.98133,1.31,7.56,9.87
2026-12-20T17:00:00Z,BRT,1.31,87.6,978.2,14.59,17,354,-0.96593,-0.25882,-0.19232,0.98133,6.13,7.97,9.76
2026-12-20T18:00:00Z,BRT,6.13,91.8,976.7,15.05,18,354,-1.0,-0.0,-0.19232,0.98133,1.67,6.73,10.0
2026-12-20T19:00:00Z,BRT,1.67,87.0,978.4,17.65,19,354,-0.96593,0.25882,-0.19232,0.98133,0.67,8.05,10.0
2026-12-20T20:00:00Z,BRT,0.67,89.2,979.2,13.95,20,354,-0.86603,0.5,-0.19232,0.98133,6.57,8.13,9.88
2026-12-20T21:00:00Z,BRT,6.57,94.0,976.9,15.19,21,354,-0.70711,0.70711,-0.19232,0.98133,7.56,9.93,8.98
2026-12-20T22:00:00Z,BRT,7.56,87.5,973.9,15.35,22,354,-0.5,0.86603,-0.19232,0.98133,7.97,10.0,8.93
2026-12-20T23:00:00Z,BRT,7.97,83.4,972.3,16.43,23,354,-0.25882,0.96593,-0.19232,0.98133,6.73,10.0,10.0
2026-12-21T00:00:00Z,BRT,6.73,83.7,975.9,15.2,0,355,0.0,1.0,-0.17541,0.9845,8.05,10.0,10.0
2026-12-21T01:00:00Z,BRT,8.05,94.1,974.1,16.32,1,355,0.25882,0.96593,-0.17541,0.9845,8.13,10.0,10.0
2026-12-21T02:00:00Z,BRT,8.13,89.6,974.4,14.84,2,355,0.5,0.86603,-0.17541,0.9845,9.93,10.0,10.0
2026-12-21T03:00:00Z,BRT,9.93,91.9,975.1,16.81,3,355,0.70711,0.70711,-0.17541,0.9845,10.0,10.0,5.93
2026-12-21T04:00:00Z,BRT,10.0,93.3,973.9,17.49,4,355,0.86603,0.5,-0.17541,0.9845,10.0,10.0,6.45
2026-12-21T05:00:00Z,BRT,10.0,90.4,973.2,13.4,5,355,0.96593,0.25882,-0.17541,0.9845,10.0,10.0,7.29
2026-12-21T06:00:00Z,BRT,10.0,97.9,970.0,16.48,6,355,1.0,0.0,-0.17541,0.9845,10.0,10.0,6.79
2026-12-21T07:00:00Z,BRT,10.0,99.0,972.2,15.43,7,355,0.96593,-0.25882,-0.17541,0.9845,10.0,10.0,7.19
2026-12-21T08:00:00Z,BRT,10.0,92.2,969.8,17.86,8,355,0.86603,-0.5,-0.17541,0.9845,10.0,10.0,6.65
2026-12-21T09:00:00Z,BRT,10.0,93.4,969.1,18.14,9,355,0.70711,-0.70711,-0.17541,0.9845,10.0,10.0,6.49
2026-12-21T10:00:00Z,BRT,10.0,88.6,971.0,17.43,10,355,0.5,-0.86603,-0.17541,0.9845,10.0,9.87,4.84
2026-12-21T11:00:00Z,BRT,10.0,99.0,970.7,17.27,11,355,0.25882,-0.96593,-0.17541,0.9845,10.0,9.76,4.68
2026-12-21T12:00:00Z,BRT,10.0,89.1,970.7,15.25,12,355,0.0,-1.0,-0.17541,0.9845,10.0,10.0,4.73
2026-12-21T13:00:00Z,BRT,10.0,89.9,973.1,16.44,13,355,-0.25882,-0.96593,-0.17541,0.9845,10.0,10.0,4.56
2026-12-21T14:00:00Z,BRT,10.0,92.4,974.1,18.54,14,355,-0.5,-0.86603,-0.17541,0.9845,10.0,9.88,4.21
2026-12-21T15:00:00Z,BRT,10.0,90.1,976.0,15.14,15,355,-0.70711,-0.70711,-0.17541,0.9845,9.87,8.98,4.51
2026-12-21T16:00:00Z,BRT,9.87,91.6,976.6,14.81,16,355,-0.86603,-0.5,-0.17541,0.9845,9.76,8.93,3.43
2026-12-21T17:00:00Z,BRT,9.76,90.7,977.9,12.6,17,355,-0.96593,-0.25882,-0.17541,0.9845,10.0,10.0,3.52
2026-12-21T18:00:00Z,BRT,10.0,88.8,977.0,20.88,18,355,-1.0,-0.0,-0.17541,0.9845,10.0,10.0,2.3
2026-12-21T19:00:00Z,BRT,10.0,95.8,972.6,14.47,19,355,-0.96593,0.25882,-0.17541,0.9845,9.88,10.0,1.44
2026-12-21T20:00:00Z,BRT,9.88,90.3,974.4,15.87,20,355,-0.86603,0.5,-0.17541,0.9845,8.98,10.0,1.41
2026-12-21T21:00:00Z,BRT,8.98,88.7,977.2,14.82,21,355,-0.70711,0.70711,-0.17541,0.9845,8.93,5.93,1.26
2026-12-21T22:00:00Z,BRT,8.93,98.0,977.7,13.69,22,355,-0.5,0.86603,-0.17541,0.9845,10.0,6.45,2.37
2026-12-21T23:00:00Z,BRT,10.0,86.3,975.6,16.64,23,355,-0.25882,0.96593,-0.17541,0.9845,10.0,7.29,3.1
2026-12-22T00:00:00Z,BRT,10.0,93.5,977.8,15.33,0,356,0.0,1.0,-0.15845,0.98737,10.0,6.79,2.06
2026-12-22T01:00:00Z,BRT,10.0,87.0,977.9,15.08,1,356,0.25882,0.96593,-0.15845,0.98737,10.0,7.19,1.9
2026-12-22T02:00:00Z,BRT,10.0,90.4,977.7,16.6,2,356,0.5,0.86603,-0.15845,0.98737,5.93,6.65,1.07
2026-12-22T03:00:00Z,BRT,5.93,83.5,978.7,15.35,3,356,0.70711,0.70711,-0.15845,0.98737,6.45,6.49,2.12
2026-12-22T04:00:00Z,BRT,6.45,81.3,981.0,11.96,4,356,0.86603,0.5,-0.15845,0.98737,7.29,4.84,2.14
2026-12-22T05:00:00Z,BRT,7.29,75.4,983.1,14.72,5,356,0.96593,0.25882,-0.15845,0.98737,6.79,4.68,2.58
2026-12-22T06:00:00Z,BRT,6.79,81.7,986.5,11.74,6,356,1.0,0.0,-0.15845,0.98737,7.19,4.73,2.88
2026-12-22T07:00:00Z,BRT,7.19,82.6,987.7,11.44,7,356,0.96593,-0.25882,-0.15845,0.98737,6.65,4.56,5.1
2026-12-22T08:00:00Z,BRT,6.65,71.5,987.9,13.57,8,356,0.86603,-0.5,-0.15845,0.98737,6.49,4.21,5.65
2026-12-22T09:00:00Z,BRT,6.49,75.3,989.4,7.16,9,356,0.70711,-0.70711,-0.15845,0.98737,4.84,4.51,4.49
2026-12-22T10:00:00Z,BRT,4.84,72.6,992.7,8.43,10,356,0.5,-0.86603,-0.15845,0.98737,4.68,3.43,3.22
2026-12-22T11:00:00Z,BRT,4.68,71.3,992.8,7.87,11,356,0.25882,-0.96593,-0.15845,0.98737,4.73,3.52,3.38
2026-12-22T12:00:00Z,BRT,4.73,78.0,992.8,13.02,12,356,0.0,-1.0,-0.15845,0.98737,4.56,2.3,2.57
2026-12-22T13:00:00Z,BRT,4.56,79.4,993.8,9.63,13,356,-0.25882,-0.96593,-0.15845,0.98737,4.21,1.44,2.62
2026-12-22T14:00:00Z,BRT,4.21,75.1,991.6,7.41,14,356,-0.5,-0.86603,-0.15845,0.98737,4.51,1.41,2.03
2026-12-22T15:00:00Z,BRT,4.51,82.5,991.1,4.85,15,356,-0.70711,-0.70711,-0.15845,0.98737,3.43,1.26,1.23
2026-12-22T16:00:00Z,BRT,3.43,69.6,996.1,13.37,16,356,-0.86603,-0.5,-0.15845,0.98737,3.52,2.37,1.74
2026-12-22T17:00:00Z,BRT,3.52,70.5,995.5,9.73,17,356,-0.96593,-0.25882,-0.15845,0.98737,2.3,3.1,2.57
2026-12-22T18:00:00Z,BRT,2.3,73.2,994.4,12.76,18,356,-1.0,-0.0,-0.15845,0.98737,1.44,2.06,2.48
2026-12-22T19:00:00Z,BRT,1.44,71.7,996.1,11.36,19,356,-0.96593,0.25882,-0.15845,0.98737,1.41,1.9,2.94
2026-12-22T20:00:00Z,BRT,1.41,71.3,997.0,10.99,20,356,-0.86603,0.5,-0.15845,0.98737,1.26,1.07,2.99
2026-12-22T21:00:00Z,BRT,1.26,73.8,994.4,8.72,21,356,-0.70711,0.70711,-0.15845,0.98737,2.37,2.12,3.07
2026-12-22T22:00:00Z,BRT,2.37,66.8,995.5,9.7,22,356,-0.5,0.86603,-0.15845,0.98737,3.1,2.14,3.17
2026-12-22T23:00:00Z,BRT,3.1,73.8,996.8,11.95,23,356,-0.25882,0.96593,-0.15845,0.98737,2.06,2.58,3.91
2026-12-23T00:00:00Z,BRT,2.06,56.5,1000.0,5.73,0,357,0.0,1.0,-0.14144,0.98995,1.9,2.88,4.11
2026-12-23T01:00:00Z,BRT,1.9,73.5,997.3,9.28,1,357,0.25882,0.96593,-0.14144,0.98995,1.07,5.1,3.6
2026-12-23T02:00:00Z,BRT,1.07,71.0,998.9,8.67,2,357,0.5,0.86603,-0.14144,0.98995,2.12,5.65,4.0
2026-12-23T03:00:00Z,BRT,2.12,69.5,999.9,8.38,3,357,0.70711,0.70711,-0.14144,0.98995,2.14,4.49,4.33
2026-12-23T04:00:00Z,BRT,2.14,70.3,1000.0,7.79,4,357,0.86603,0.5,-0.14144,0.98995,2.58,3.22,5.39
2026-12-23T05:00:00Z,BRT,2.58,69.6,1001.0,6.1,5,357,0.96593,0.25882,-0.14144,0.98995,2.88,3.38,6.76
2026-12-23T06:00:00Z,BRT,2.88,70.6,1002.6,8.2,6,357,1.0,0.0,-0.14144,0.98995,5.1,2.57,6.73
2026-12-23T07:00:00Z,BRT,5.1,62.7,1001.7,9.17,7,357,0.96593,-0.25882,-0.14144,0.98995,5.65,2.62,7.26
2026-12-23T08:00:00Z,BRT,5.65,63.0,1000.1,11.04,8,357,0.86603,-0.5,-0.14144,0.98995,4.49,2.03,7.32
2026-12-23T09:00:00Z,BRT,4.49,66.8,1003.7,11.07,9,357,0.70711,-0.70711,-0.14144,0.98995,3.22,1.23,7.6
2026-12-23T10:00:00Z,BRT,3.22,69.0,1006.2,4.3,10,357,0.5,-0.86603,-0.14144,0.98995,3.38,1.74,6.48
2026-12-23T11:00:00Z,BRT,3.38,62.6,1005.3,5.58,11,357,0.25882,-0.96593,-0.14144,0.98995,2.57,2.57,6.9
2026-12-23T12:00:00Z,BRT,2.57,64.4,1004.5,7.89,12,357,0.0,-1.0,-0.14144,0.98995,2.62,2.48,6.76
2026-12-23T13:00:00Z,BRT,2.62,70.1,1003.3,13.54,13,357,-0.25882,-0.96593,-0.14144,0.98995,2.03,2.94,5.71
2026-12-23T14:00:00Z,BRT,2.03,73.0,1003.2,11.16,14,357,-0.5,-0.86603,-0.14144,0.98995,1.23,2.99,6.16
2026-12-23T15:00:00Z,BRT,1.23,67.9,1002.9,9.8,15,357,-0.70711,-0.70711,-0.14144,0.98995,1.74,3.07,4.15
2026-12-23T16:00:00Z,BRT,1.74,62.5,1001.6,8.06,16,357,-0.86603,-0.5,-0.14144,0.98995,2.57,3.17,3.98
2026-12-23T17:00:00Z,BRT,2.57,60.2,997.8,14.0,17,357,-0.96593,-0.25882,-0.14144,0.98995,2.48,3.91,3.99
2026-12-23T18:00:00Z,BRT,2.48,74.2,996.4,9.75,18,357,-1.0,-0.0,-0.14144,0.98995,2.94,4.11,3.79
2026-12-23T19:00:00Z,BRT,2.94,78.9,998.6,7.39,19,357,-0.96593,0.25882,-0.14144,0.98995,2.99,3.6,4.33
2026-12-23T20:00:00Z,BRT,2.99,57.4,999.6,6.49,20,357,-0.86603,0.5,-0.14144,0.98995,3.07,4.0,3.2
2026-12-23T21:00:00Z,BRT,3.07,67.2,998.7,10.93,21,357,-0.70711,0.70711,-0.14144,0.98995,3.17,4.33,2.98
2026-12-23T22:00:00Z,BRT,3.17,67.5,996.8,10.7,22,357,-0.5,0.86603,-0.14144,0.98995,3.91,5.39,3.5
2026-12-23T23:00:00Z,BRT,3.91,74.3,993.4,10.85,23,357,-0.25882,0.96593,-0.14144,0.98995,4.11,6.76,4.52
2026-12-24T00:00:00Z,BRT,4.11,75.7,993.9,9.64,0,358,0.0,1.0,-0.12439,0.99223,3.6,6.73,4.59
2026-12-24T01:00:00Z,BRT,3.6,78.1,994.0,6.46,1,358,0.25882,0.96593,-0.12439,0.99223,4.0,7.26,6.18
2026-12-24T02:00:00Z,BRT,4.0,84.1,992.1,8.01,2,358,0.5,0.86603,-0.12439,0.99223,4.33,7.32,5.75
2026-12-24T03:00:00Z,BRT,4.33,88.6,989.6,12.41,3,358,0.70711,0.70711,-0.12439,0.99223,5.39,7.6,5.65
2026-12-24T04:00:00Z,BRT,5.39,86.9,988.3,11.72,4,358,0.86603,0.5,-0.12439,0.99223,6.76,6.48,6.41
2026-12-24T05:00:00Z,BRT,6.76,84.0,987.3,14.23,5,358,0.96593,0.25882,-0.12439,0.99223,6.73,6.9,6.06
2026-12-24T06:00:00Z,BRT,6.73,76.1,988.1,11.06,6,358,1.0,0.0,-0.12439,0.99223,7.26,6.76,6.3
2026-12-24T07:00:00Z,BRT,7.26,75.3,988.4,10.81,7,358,0.96593,-0.25882,-0.12439,0.99223,7.32,5.71,6.64
2026-12-24T08:00:00Z,BRT,7.32,74.4,986.2,10.03,8,358,0.86603,-0.5,-0.12439,0.99223,7.6,6.16,6.75
2026-12-24T09:00:00Z,BRT,7.6,85.3,986.9,10.27,9,358,0.70711,-0.70711,-0.12439,0.99223,6.48,4.15,5.11
2026-12-24T10:00:00Z,BRT,6.48,81.1,987.8,9.28,10,358,0.5,-0.86603,-0.12439,0.99223,6.9,3.98,4.13
2026-12-24T11:00:00Z,BRT,6.9,75.7,987.0,11.14,11,358,0.25882,-0.96593,-0.12439,0.99223,6.76,3.99,3.86
2026-12-24T12:00:00Z,BRT,6.76,86.0,986.2,12.35,12,358,0.0,-1.0,-0.12439,0.99223,5.71,3.79,4.12
2026-12-24T13:00:00Z,BRT,5.71,81.8,984.7,11.65,13,358,-0.25882,-0.96593,-0.12439,0.99223,6.16,4.33,3.54
2026-12-24T14:00:00Z,BRT,6.16,77.5,985.9,12.95,14,358,-0.5,-0.86603,-0.12439,0.99223,4.15,3.2,3.83
2026-12-24T15:00:00Z,BRT,4.15,89.0,986.8,15.11,15,358,-0.70711,-0.70711,-0.12439,0.99223,3.98,2.98,3.7
2026-12-24T16:00:00Z,BRT,3.98,82.8,989.1,12.63,16,358,-0.86603,-0.5,-0.12439,0.99223,3.99,3.5,2.61
2026-12-24T17:00:00Z,BRT,3.99,74.2,990.4,15.83,17,358,-0.96593,-0.25882,-0.12439,0.99223,3.79,4.52,2.98
2026-12-24T18:00:00Z,BRT,3.79,76.3,991.3,13.03,18,358,-1.0,-0.0,-0.12439,0.99223,4.33,4.59,2.91
2026-12-24T19:00:00Z,BRT,4.33,80.1,991.5,9.14,19,358,-0.96593,0.25882,-0.12439,0.99223,3.2,6.18,1.47
2026-12-24T20:00:00Z,BRT,3.2,72.7,990.9,13.56,20,358,-0.86603,0.5,-0.12439,0.99223,2.98,5.75,1.29
2026-12-24T21:00:00Z,BRT,2.98,84.0,989.3,11.99,21,358,-0.70711,0.70711,-0.12439,0.99223,3.5,5.65,2.05
2026-12-24T22:00:00Z,BRT,3.5,82.9,989.7,11.99,22,358,-0.5,0.86603,-0.12439,0.99223,4.52,6.41,3.03
2026-12-24T23:00:00Z,BRT,4.52,83.9,991.4,13.06,23,358,-0.25882,0.96593,-0.12439,0.99223,4.59,6.06,2.43
2026-12-25T00:00:00Z,BRT,4.59,67.6,994.6,13.6,0,359,0.0,1.0,-0.10731,0.99423,6.18,6.3,3.69
2026-12-25T01:00:00Z,BRT,6.18,72.5,995.7,10.81,1,359,0.25882,0.96593,-0.10731,0.99423,5.75,6.64,4.66
2026-12-25T02:00:00Z,BRT,5.75,70.1,994.2,12.44,2,359,0.5,0.86603,-0.10731,0.99423,5.65,6.75,5.2
2026-12-25T03:00:00Z,BRT,5.65,77.9,993.1,9.77,3,359,0.70711,0.70711,-0.10731,0.99423,6.41,5.11,4.64
2026-12-25T04:00:00Z,BRT,6.41,74.8,994.9,7.66,4,359,0.86603,0.5,-0.10731,0.99423,6.06,4.13,4.82
2026-12-25T05:00:00Z,BRT,6.06,76.0,997.1,11.11,5,359,0.96593,0.25882,-0.10731,0.99423,6.3,3.86,5.3
2026-12-25T06:00:00Z,BRT,6.3,73.7,995.1,12.33,6,359,1.0,0.0,-0.10731,0.99423,6.64,4.12,4.94
2026-12-25T07:00:00Z,BRT,6.64,71.3,992.3,13.07,7,359,0.96593,-0.25882,-0.10731,0.99423,6.75,3.54,4.03
2026-12-25T08:00:00Z,BRT,6.75,71.8,992.9,9.27,8,359,0.86603,-0.5,-0.10731,0.99423,5.11,3.83,3.49
2026-12-25T09:00:00Z,BRT,5.11,74.2,991.9,12.07,9,359,0.70711,-0.70711,-0.10731,0.99423,4.13,3.7,3.08
2026-12-25T10:00:00Z,BRT,4.13,77.3,991.8,13.65,10,359,0.5,-0.86603,-0.10731,0.99423,3.86,2.61,3.99
2026-12-25T11:00:00Z,BRT,3.86,76.8,994.4,9.87,11,359,0.25882,-0.96593,-0.10731,0.99423,4.12,2.98,3.5
2026-12-25T12:00:00Z,BRT,4.12,72.3,994.3,13.42,12,359,0.0,-1.0,-0.10731,0.99423,3.54,2.91,3.4
2026-12-25T13:00:00Z,BRT,3.54,81.5,992.3,13.91,13,359,-0.25882,-0.96593,-0.10731,0.99423,3.83,1.47,7.85
2026-12-25T14:00:00Z,BRT,3.83,77.8,996.1,10.75,14,359,-0.5,-0.86603,-0.10731,0.99423,3.7,1.29,9.9
2026-12-25T15:00:00Z,BRT,3.7,69.7,994.2,10.92,15,359,-0.70711,-0.70711,-0.10731,0.99423,2.61,2.05,10.0
2026-12-25T16:00:00Z,BRT,2.61,74.9,993.9,9.76,16,359,-0.86603,-0.5,-0.10731,0.99423,2.98,3.03,9.53
2026-12-25T17:00:00Z,BRT,2.98,65.2,993.1,11.23,17,359,-0.96593,-0.25882,-0.10731,0.99423,2.91,2.43,8.06
2026-12-25T18:00:00Z,BRT,2.91,75.8,990.0,12.44,18,359,-1.0,-0.0,-0.10731,0.99423,1.47,3.69,8.56
2026-12-25T19:00:00Z,BRT,1.47,72.3,990.0,11.26,19,359,-0.96593,0.25882,-0.10731,0.99423,1.29,4.66,7.71
2026-12-25T20:00:00Z,BRT,1.29,79.6,990.0,12.33,20,359,-0.86603,0.5,-0.10731,0.99423,2.05,5.2,7.87
2026-12-25T21:00:00Z,BRT,2.05,67.3,991.9,9.31,21,359,-0.70711,0.70711,-0.10731,0.99423,3.03,4.64,2.17
2026-12-25T22:00:00Z,BRT,3.03,80.8,992.9,16.98,22,359,-0.5,0.86603,-0.10731,0.99423,2.43,4.82,2.49
2026-12-25T23:00:00Z,BRT,2.43,77.2,991.2,9.93,23,359,-0.25882,0.96593,-0.10731,0.99423,3.69,5.3,3.96
2026-12-26T00:00:00Z,BRT,3.69,82.5,988.7,13.54,0,360,0.0,1.0,-0.09019,0.99592,4.66,4.94,5.78
2026-12-26T01:00:00Z,BRT,4.66,80.9,988.0,13.1,1,360,0.25882,0.96593,-0.09019,0.99592,5.2,4.03,6.01
2026-12-26T02:00:00Z,BRT,5.2,83.6,983.3,15.15,2,360,0.5,0.86603,-0.09019,0.99592,4.64,3.49,6.82
2026-12-26T03:00:00Z,BRT,4.64,79.6,985.0,13.08,3,360,0.70711,0.70711,-0.09019,0.99592,4.82,3.08,6.83
2026-12-26T04:00:00Z,BRT,4.82,79.9,980.7,13.45,4,360,0.86603,0.5,-0.09019,0.99592,5.3,3.99,7.08
2026-12-26T05:00:00Z,BRT,5.3,92.6,979.4,15.28,5,360,0.96593,0.25882,-0.09019,0.99592,4.94,3.5,7.03
2026-12-26T06:00:00Z,BRT,4.94,86.1,980.2,14.0,6,360,1.0,0.0,-0.09019,0.99592,4.03,3.4,7.79
2026-12-26T07:00:00Z,BRT,4.03,83.6,979.6,15.25,7,360,0.96593,-0.25882,-0.09019,0.99592,3.49,7.85,7.15
2026-12-26T08:00:00Z,BRT,3.49,90.0,979.3,15.18,8,360,0.86603,-0.5,-0.09019,0.99592,3.08,9.9,6.91
2026-12-26T09:00:00Z,BRT,3.08,89.3,981.6,15.34,9,360,0.70711,-0.70711,-0.09019,0.99592,3.99,10.0,7.04
2026-12-26T10:00:00Z,BRT,3.99,82.7,981.5,14.12,10,360,0.5,-0.86603,-0.09019,0.99592,3.5,9.53,6.34
2026-12-26T11:00:00Z,BRT,3.5,85.5,980.2,17.01,11,360,0.25882,-0.96593,-0.09019,0.99592,3.4,8.06,5.48
2026-12-26T12:00:00Z,BRT,3.4,86.8,979.3,12.07,12,360,0.0,-1.0,-0.09019,0.99592,7.85,8.56,4.71
2026-12-26T13:00:00Z,BRT,7.85,83.9,977.6,13.6,13,360,-0.25882,-0.96593,-0.09019,0.99592,9.9,7.71,4.15
2026-12-26T14:00:00Z,BRT,9.9,86.2,975.6,18.05,14,360,-0.5,-0.86603,-0.09019,0.99592,10.0,7.87,4.73
2026-12-26T15:00:00Z,BRT,10.0,94.3,972.9,15.21,15,360,-0.70711,-0.70711,-0.09019,0.99592,9.53,2.17,4.28
2026-12-26T16:00:00Z,BRT,9.53,91.4,975.2,15.41,16,360,-0.86603,-0.5,-0.09019,0.99592,8.06,2.49,4.43
2026-12-26T17:00:00Z,BRT,8.06,89.4,976.3,11.77,17,360,-0.96593,-0.25882,-0.09019,0.99592,8.56,3.96,3.54
2026-12-26T18:00:00Z,BRT,8.56,92.9,976.9,14.91,18,360,-1.0,-0.0,-0.09019,0.99592,7.71,5.78,2.93
2026-12-26T19:00:00Z,BRT,7.71,91.4,977.4,14.12,19,360,-0.96593,0.25882,-0.09019,0.99592,7.87,6.01,2.41
2026-12-26T20:00:00Z,BRT,7.87,90.8,976.8,18.52,20,360,-0.86603,0.5,-0.09019,0.99592,2.17,6.82,2.23
2026-12-26T21:00:00Z,BRT,2.17,87.7,979.2,15.47,21,360,-0.70711,0.70711,-0.09019,0.99592,2.49,6.83,2.42
2026-12-26T22:00:00Z,BRT,2.49,92.0,981.1,13.84,22,360,-0.5,0.86603,-0.09019,0.99592,3.96,7.08,2.67
2026-12-26T23:00:00Z,BRT,3.96,82.5,981.8,11.18,23,360,-0.25882,0.96593,-0.09019,0.99592,5.78,7.03,3.19
2026-12-27T00:00:00Z,BRT,5.78,99.0,981.1,15.81,0,361,0.0,1.0,-0.07305,0.99733,6.01,7.79,3.51
2026-12-27T01:00:00Z,BRT,6.01,78.4,983.3,15.5,1,361,0.25882,0.96593,-0.07305,0.99733,6.82,7.15,4.24
2026-12-27T02:00:00Z,BRT,6.82,85.4,979.7,16.37,2,361,0.5,0.86603,-0.07305,0.99733,6.83,6.91,5.0
2026-12-27T03:00:00Z,BRT,6.83,90.4,980.1,10.98,3,361,0.70711,0.70711,-0.07305,0.99733,7.08,7.04,5.23
2026-12-27T04:00:00Z,BRT,7.08,77.0,982.8,14.9,4,361,0.86603,0.5,-0.07305,0.99733,7.03,6.34,5.69
2026-12-27T05:00:00Z,BRT,7.03,80.6,986.5,10.74,5,361,0.96593,0.25882,-0.07305,0.99733,7.79,5.48,6.02
2026-12-27T06:00:00Z,BRT,7.79,74.8,989.8,9.8,6,361,1.0,0.0,-0.07305,0.99733,7.15,4.71,5.95
2026-12-27T07:00:00Z,BRT,7.15,65.0,994.5,7.16,7,361,0.96593,-0.25882,-0.07305,0.99733,6.91,4.15,5.68
2026-12-27T08:00:00Z,BRT,6.91,68.6,992.7,11.66,8,361,0.86603,-0.5,-0.07305,0.99733,7.04,4.73,5.74
2026-12-27T09:00:00Z,BRT,7.04,71.5,993.1,11.17,9,361,0.70711,-0.70711,-0.07305,0.99733,6.34,4.28,4.79
2026-12-27T10:00:00Z,BRT,6.34,70.2,992.9,11.72,10,361,0.5,-0.86603,-0.07305,0.99733,5.48,4.43,4.67
2026-12-27T11:00:00Z,BRT,5.48,71.5,996.1,7.3,11,361,0.25882,-0.96593,-0.07305,0.99733,4.71,3.54,5.17
2026-12-27T12:00:00Z,BRT,4.71,77.2,996.5,10.64,12,361,0.0,-1.0,-0.07305,0.99733,4.15,2.93,4.7
2026-12-27T13:00:00Z,BRT,4.15,67.7,1000.3,4.82,13,361,-0.25882,-0.96593,-0.07305,0.99733,4.73,2.41,3.59
2026-12-27T14:00:00Z,BRT,4.73,61.3,1000.2,7.5,14,361,-0.5,-0.86603,-0.07305,0.99733,4.28,2.23,3.3
2026-12-27T15:00:00Z,BRT,4.28,70.0,999.9,6.28,15,361,-0.70711,-0.70711,-0.07305,0.99733,4.43,2.42,2.75
2026-12-27T16:00:00Z,BRT,4.43,74.3,1000.5,8.52,16,361,-0.86603,-0.5,-0.07305,0.99733,3.54,2.67,3.78
2026-12-27T17:00:00Z,BRT,3.54,70.8,1000.9,9.34,17,361,-0.96593,-0.25882,-0.07305,0.99733,2.93,3.19,4.75
2026-12-27T18:00:00Z,BRT,2.93,70.5,1001.0,11.02,18,361,-1.0,-0.0,-0.07305,0.99733,2.41,3.51,5.5
2026-12-27T19:00:00Z,BRT,2.41,77.1,1001.8,10.96,19,361,-0.96593,0.25882,-0.07305,0.99733,2.23,4.24,5.3
2026-12-27T20:00:00Z,BRT,2.23,71.9,1003.5,7.48,20,361,-0.86603,0.5,-0.07305,0.99733,2.42,5.0,6.77
2026-12-27T21:00:00Z,BRT,2.42,79.3,1005.1,5.57,21,361,-0.70711,0.70711,-0.07305,0.99733,2.67,5.23,8.44
2026-12-27T22:00:00Z,BRT,2.67,72.4,1003.1,3.98,22,361,-0.5,0.86603,-0.07305,0.99733,3.19,5.69,9.14
2026-12-27T23:00:00Z,BRT,3.19,64.8,1004.4,3.61,23,361,-0.25882,0.96593,-0.07305,0.99733,3.51,6.02,7.87
2026-12-28T00:00:00Z,BRT,3.51,61.1,1006.6,8.75,0,362,0.0,1.0,-0.05588,0.99844,4.24,5.95,9.83
2026-12-28T01:00:00Z,BRT,4.24,69.8,1007.3,7.32,1,362,0.25882,0.96593,-0.05588,0.99844,5.0,5.68,10.0
2026-12-28T02:00:00Z,BRT,5.0,61.3,1009.1,6.38,2,362,0.5,0.86603,-0.05588,0.99844,5.23,5.74,10.0
2026-12-28T03:00:00Z,BRT,5.23,59.1,1008.4,6.26,3,362,0.70711,0.70711,-0.05588,0.99844,5.69,4.79,10.0
2026-12-28T04:00:00Z,BRT,5.69,63.3,1008.0,6.32,4,362,0.86603,0.5,-0.05588,0.99844,6.02,4.67,10.0
2026-12-28T05:00:00Z,BRT,6.02,63.8,1008.4,9.51,5,362,0.96593,0.25882,-0.05588,0.99844,5.95,5.17,10.0
2026-12-28T06:00:00Z,BRT,5.95,51.9,1008.3,9.44,6,362,1.0,0.0,-0.05588,0.99844,5.68,4.7,10.0
2026-12-28T07:00:00Z,BRT,5.68,68.1,1007.1,11.64,7,362,0.96593,-0.25882,-0.05588,0.99844,5.74,3.59,10.0
2026-12-28T08:00:00Z,BRT,5.74,48.6,1008.1,5.12,8,362,0.86603,-0.5,-0.05588,0.99844,4.79,3.3,10.0
2026-12-28T09:00:00Z,BRT,4.79,58.0,1008.6,8.0,9,362,0.70711,-0.70711,-0.05588,0.99844,4.67,2.75,10.0
2026-12-28T10:00:00Z,BRT,4.67,67.9,1004.0,9.85,10,362,0.5,-0.86603,-0.05588,0.99844,5.17,3.78,9.02
2026-12-28T11:00:00Z,BRT,5.17,67.3,1002.0,8.36,11,362,0.25882,-0.96593,-0.05588,0.99844,4.7,4.75,8.58
2026-12-28T12:00:00Z,BRT,4.7,63.9,1001.6,9.94,12,362,0.0,-1.0,-0.05588,0.99844,3.59,5.5,8.04
2026-12-28T13:00:00Z,BRT,3.59,70.2,1002.6,6.09,13,362,-0.25882,-0.96593,-0.05588,0.99844,3.3,5.3,6.88
2026-12-28T14:00:00Z,BRT,3.3,65.4,1003.6,8.83,14,362,-0.5,-0.86603,-0.05588,0.99844,2.75,6.77,5.82
2026-12-28T15:00:00Z,BRT,2.75,73.5,1004.2,4.97,15,362,-0.70711,-0.70711,-0.05588,0.99844,3.78,8.44,6.39
2026-12-28T16:00:00Z,BRT,3.78,66.1,1003.6,5.71,16,362,-0.86603,-0.5,-0.05588,0.99844,4.75,9.14,7.36
2026-12-28T17:00:00Z,BRT,4.75,64.7,1004.9,9.27,17,362,-0.96593,-0.25882,-0.05588,0.99844,5.5,7.87,7.91
2026-12-28T18:00:00Z,BRT,5.5,66.0,1004.5,4.72,18,362,-1.0,-0.0,-0.05588,0.99844,5.3,9.83,7.43
2026-12-28T19:00:00Z,BRT,5.3,57.4,1008.0,6.84,19,362,-0.96593,0.25882,-0.05588,0.99844,6.77,10.0,7.66
2026-12-28T20:00:00Z,BRT,6.77,64.5,1007.8,5.64,20,362,-0.86603,0.5,-0.05588,0.99844,8.44,10.0,8.25
2026-12-28T21:00:00Z,BRT,8.44,62.0,1006.4,9.0,21,362,-0.70711,0.70711,-0.05588,0.99844,9.14,10.0,8.25
2026-12-28T22:00:00Z,BRT,9.14,61.7,1002.1,9.2,22,362,-0.5,0.86603,-0.05588,0.99844,7.87,10.0,9.33
2026-12-28T23:00:00Z,BRT,7.87,71.9,1002.0,8.64,23,362,-0.25882,0.96593,-0.05588,0.99844,9.83,10.0,9.22
2026-12-29T00:00:00Z,BRT,9.83,60.3,1003.6,4.1,0,363,0.0,1.0,-0.0387,0.99925,10.0,10.0,9.57
2026-12-29T01:00:00Z,BRT,10.0,73.3,1002.4,10.72,1,363,0.25882,0.96593,-0.0387,0.99925,10.0,10.0,8.33
2026-12-29T02:00:00Z,BRT,10.0,63.8,1001.3,9.24,2,363,0.5,0.86603,-0.0387,0.99925,10.0,10.0,9.84
2026-12-29T03:00:00Z,BRT,10.0,74.1,998.7,10.8,3,363,0.70711,0.70711,-0.0387,0.99925,10.0,10.0,8.88
2026-12-29T04:00:00Z,BRT,10.0,76.7,997.4,11.94,4,363,0.86603,0.5,-0.0387,0.99925,10.0,9.02,9.29
2026-12-29T05:00:00Z,BRT,10.0,78.2,996.7,14.43,5,363,0.96593,0.25882,-0.0387,0.99925,10.0,8.58,9.23
2026-12-29T06:00:00Z,BRT,10.0,79.7,995.3,10.47,6,363,1.0,0.0,-0.0387,0.99925,10.0,8.04,10.0
2026-12-29T07:00:00Z,BRT,10.0,79.0,993.8,15.07,7,363,0.96593,-0.25882,-0.0387,0.99925,10.0,6.88,9.96
2026-12-29T08:00:00Z,BRT,10.0,74.9,993.1,11.45,8,363,0.86603,-0.5,-0.0387,0.99925,10.0,5.82,8.77
2026-12-29T09:00:00Z,BRT,10.0,68.3,992.0,9.8,9,363,0.70711,-0.70711,-0.0387,0.99925,9.02,6.39,7.71
2026-12-29T10:00:00Z,BRT,9.02,83.2,987.6,12.27,10,363,0.5,-0.86603,-0.0387,0.99925,8.58,7.36,8.01
2026-12-29T11:00:00Z,BRT,8.58,82.1,986.9,12.02,11,363,0.25882,-0.96593,-0.0387,0.99925,8.04,7.91,7.91
2026-12-29T12:00:00Z,BRT,8.04,85.4,986.2,14.3,12,363,0.0,-1.0,-0.0387,0.99925,6.88,7.43,8.03
2026-12-29T13:00:00Z,BRT,6.88,78.5,984.6,13.95,13,363,-0.25882,-0.96593,-0.0387,0.99925,5.82,7.66,8.34
2026-12-29T14:00:00Z,BRT,5.82,79.5,985.5,13.54,14,363,-0.5,-0.86603,-0.0387,0.99925,6.39,8.25,8.19
2026-12-29T15:00:00Z,BRT,6.39,77.8,984.0,14.26,15,363,-0.70711,-0.70711,-0.0387,0.99925,7.36,8.25,6.77
2026-12-29T16:00:00Z,BRT,7.36,91.3,983.3,13.54,16,363,-0.86603,-0.5,-0.0387,0.99925,7.91,9.33,7.21
2026-12-29T17:00:00Z,BRT,7.91,79.7,984.9,12.52,17,363,-0.96593,-0.25882,-0.0387,0.99925,7.43,9.22,6.37
2026-12-29T18:00:00Z,BRT,7.43,82.4,985.4,15.59,18,363,-1.0,-0.0,-0.0387,0.99925,7.66,9.57,5.45
2026-12-29T19:00:00Z,BRT,7.66,79.9,985.4,11.87,19,363,-0.96593,0.25882,-0.0387,0.99925,8.25,8.33,6.18
2026-12-29T20:00:00Z,BRT,8.25,86.5,984.7,13.09,20,363,-0.86603,0.5,-0.0387,0.99925,8.25,9.84,6.03
2026-12-29T21:00:00Z,BRT,8.25,80.2,987.2,11.93,21,363,-0.70711,0.70711,-0.0387,0.99925,9.33,8.88,6.85
2026-12-29T22:00:00Z,BRT,9.33,73.1,987.8,12.0,22,363,-0.5,0.86603,-0.0387,0.99925,9.22,9.29,6.8
2026-12-29T23:00:00Z,BRT,9.22,82.0,987.4,10.59,23,363,-0.25882,0.96593,-0.0387,0.99925,9.57,9.23,7.7
2026-12-30T00:00:00Z,BRT,9.57,88.7,984.5,14.34,0,364,0.0,1.0,-0.0215,0.99977,8.33,10.0,8.49
2026-12-30T01:00:00Z,BRT,8.33,82.1,987.2,13.44,1,364,0.25882,0.96593,-0.0215,0.99977,9.84,9.96,8.3
2026-12-30T02:00:00Z,BRT,9.84,73.0,988.8,11.29,2,364,0.5,0.86603,-0.0215,0.99977,8.88,8.77,9.87
2026-12-30T03:00:00Z,BRT,8.88,84.2,987.9,12.75,3,364,0.70711,0.70711,-0.0215,0.99977,9.29,7.71,9.66
2026-12-30T04:00:00Z,BRT,9.29,81.1,987.2,14.24,4,364,0.86603,0.5,-0.0215,0.99977,9.23,8.01,9.99
2026-12-30T05:00:00Z,BRT,9.23,78.9,987.5,10.68,5,364,0.96593,0.25882,-0.0215,0.99977,10.0,7.91,10.0
2026-12-30T06:00:00Z,BRT,10.0,76.1,987.5,12.75,6,364,1.0,0.0,-0.0215,0.99977,9.96,8.03,9.91
2026-12-30T07:00:00Z,BRT,9.96,74.8,984.3,15.24,7,364,0.96593,-0.25882,-0.0215,0.99977,8.77,8.34,8.79
2026-12-30T08:00:00Z,BRT,8.77,85.4,985.0,14.65,8,364,0.86603,-0.5,-0.0215,0.99977,7.71,8.19,9.17
2026-12-30T09:00:00Z,BRT,7.71,90.6,983.7,9.49,9,364,0.70711,-0.70711,-0.0215,0.99977,8.01,6.77,8.26
2026-12-30T10:00:00Z,BRT,8.01,79.2,986.5,11.68,10,364,0.5,-0.86603,-0.0215,0.99977,7.91,7.21,8.16
2026-12-30T11:00:00Z,BRT,7.91,80.5,986.2,10.52,11,364,0.25882,-0.96593,-0.0215,0.99977,8.03,6.37,8.25
2026-12-30T12:00:00Z,BRT,8.03,81.7,987.2,12.74,12,364,0.0,-1.0,-0.0215,0.99977,8.34,5.45,10.0
2026-12-30T13:00:00Z,BRT,8.34,73.1,990.6,9.11,13,364,-0.25882,-0.96593,-0.0215,0.99977,8.19,6.18,10.0
2026-12-30T14:00:00Z,BRT,8.19,70.1,992.7,10.04,14,364,-0.5,-0.86603,-0.0215,0.99977,6.77,6.03,10.0
2026-12-30T15:00:00Z,BRT,6.77,76.2,992.5,8.17,15,364,-0.70711,-0.70711,-0.0215,0.99977,7.21,6.85,10.0
2026-12-30T16:00:00Z,BRT,7.21,75.4,989.8,14.07,16,364,-0.86603,-0.5,-0.0215,0.99977,6.37,6.8,10.0
2026-12-30T17:00:00Z,BRT,6.37,73.4,990.3,15.08,17,364,-0.96593,-0.25882,-0.0215,0.99977,5.45,7.7,10.0
2026-12-30T18:00:00Z,BRT,5.45,82.7,989.0,13.16,18,364,-1.0,-0.0,-0.0215,0.99977,6.18,8.49,10.0
2026-12-30T19:00:00Z,BRT,6.18,82.4,990.4,12.23,19,364,-0.96593,0.25882,-0.0215,0.99977,6.03,8.3,9.51
2026-12-30T20:00:00Z,BRT,6.03,77.7,991.1,12.64,20,364,-0.86603,0.5,-0.0215,0.99977,6.85,9.87,9.1
2026-12-30T21:00:00Z,BRT,6.85,75.3,989.9,10.09,21,364,-0.70711,0.70711,-0.0215,0.99977,6.8,9.66,8.84
2026-12-30T22:00:00Z,BRT,6.8,74.8,993.2,14.51,22,364,-0.5,0.86603,-0.0215,0.99977,7.7,9.99,8.23
2026-12-30T23:00:00Z,BRT,7.7,77.2,992.2,11.17,23,364,-0.25882,0.96593,-0.0215,0.99977,8.49,10.0,7.3
2026-12-31T00:00:00Z,BRT,8.49,83.5,992.8,15.38,0,365,0.0,1.0,-0.0043,0.99999,8.3,9.91,
2026-12-31T01:00:00Z,BRT,8.3,83.7,990.8,9.9,1,365,0.25882,0.96593,-0.0043,0.99999,9.87,8.79,
2026-12-31T02:00:00Z,BRT,9.87,76.7,988.1,9.27,2,365,0.5,0.86603,-0.0043,0.99999,9.66,9.17,
2026-12-31T03:00:00Z,BRT,9.66,71.4,989.6,12.18,3,365,0.70711,0.70711,-0.0043,0.99999,9.99,8.26,
2026-12-31T04:00:00Z,BRT,9.99,83.3,988.5,14.73,4,365,0.86603,0.5,-0.0043,0.99999,10.0,8.16,
2026-12-31T05:00:00Z,BRT,10.0,73.2,987.2,12.52,5,365,0.96593,0.25882,-0.0043,0.99999,9.91,8.25,
2026-12-31T06:00:00Z,BRT,9.91,86.8,986.1,12.08,6,365,1.0,0.0,-0.0043,0.99999,8.79,10.0,
2026-12-31T07:00:00Z,BRT,8.79,78.6,986.4,10.83,7,365,0.96593,-0.25882,-0.0043,0.99999,9.17,10.0,
2026-12-31T08:00:00Z,BRT,9.17,75.4,985.7,18.5,8,365,0.86603,-0.5,-0.0043,0.99999,8.26,10.0,
2026-12-31T09:00:00Z,BRT,8.26,84.1,979.9,14.65,9,365,0.70711,-0.70711,-0.0043,0.99999,8.16,10.0,
2026-12-31T10:00:00Z,BRT,8.16,83.8,979.4,13.62,10,365,0.5,-0.86603,-0.0043,0.99999,8.25,10.0,
2026-12-31T11:00:00Z,BRT,8.25,86.3,978.6,13.09,11,365,0.25882,-0.96593,-0.0043,0.99999,10.0,10.0,
2026-12-31T12:00:00Z,BRT,10.0,86.0,976.8,13.73,12,365,0.0,-1.0,-0.0043,0.99999,10.0,10.0,
2026-12-31T13:00:00Z,BRT,10.0,85.1,975.9,13.69,13,365,-0.25882,-0.96593,-0.0043,0.99999,10.0,9.51,
2026-12-31T14:00:00Z,BRT,10.0,86.0,975.9,14.46,14,365,-0.5,-0.86603,-0.0043,0.99999,10.0,9.1,
2026-12-31T15:00:00Z,BRT,10.0,84.6,975.3,17.93,15,365,-0.70711,-0.70711,-0.0043,0.99999,10.0,8.84,
2026-12-31T16:00:00Z,BRT,10.0,87.7,977.4,17.61,16,365,-0.86603,-0.5,-0.0043,0.99999,10.0,8.23,
2026-12-31T17:00:00Z,BRT,10.0,83.9,977.0,17.0,17,365,-0.96593,-0.25882,-0.0043,0.99999,10.0,7.3,
2026-12-31T18:00:00Z,BRT,10.0,92.5,982.3,16.26,18,365,-1.0,-0.0,-0.0043,0.99999,9.51,,
2026-12-31T19:00:00Z,BRT,9.51,91.0,980.4,15.62,19,365,-0.96593,0.25882,-0.0043,0.99999,9.1,,
2026-12-31T20:00:00Z,BRT,9.1,79.1,987.8,12.8,20,365,-0.86603,0.5,-0.0043,0.99999,8.84,,
2026-12-31T21:00:00Z,BRT,8.84,80.8,989.6,13.44,21,365,-0.70711,0.70711,-0.0043,0.99999,8.23,,
2026-12-31T22:00:00Z,BRT,8.23,87.1,990.3,15.07,22,365,-0.5,0.86603,-0.0043,0.99999,7.3,,
2026-12-31T23:00:00Z,BRT,7.3,76.9,990.0,14.69,23,365,-0.25882,0.96593,-0.0043,0.99999,,,
