timestamp,station_id,temperature_c,humidity_percent,pressure_hpa,wind_speed_mps,hour,day_of_year,sin_hour,cos_hour,sin_day,cos_day,target_temperature_1h_c,target_temperature_6h_c,target_temperature_24h_c
2026-01-01T00:00:00Z,MTR,5.85,49.7,999.2,2.17,0,1,0.0,1.0,0.0172,0.99985,6.12,8.0,8.0
2026-01-01T01:00:00Z,MTR,6.12,44.0,1000.1,0.2,1,1,0.25882,0.96593,0.0172,0.99985,6.6,8.0,8.0
2026-01-01T02:00:00Z,MTR,6.6,48.0,1002.4,2.89,2,1,0.5,0.86603,0.0172,0.99985,7.52,8.0,8.0
2026-01-01T03:00:00Z,MTR,7.52,44.2,1001.3,2.05,3,1,0.70711,0.70711,0.0172,0.99985,8.0,8.0,8.0
2026-01-01T04:00:00Z,MTR,8.0,53.9,1000.2,6.72,4,1,0.86603,0.5,0.0172,0.99985,8.0,8.0,8.0
2026-01-01T05:00:00Z,MTR,8.0,46.8,1002.3,3.02,5,1,0.96593,0.25882,0.0172,0.99985,8.0,8.0,8.0
2026-01-01T06:00:00Z,MTR,8.0,44.8,1002.7,2.15,6,1,1.0,0.0,0.0172,0.99985,8.0,8.0,8.0
2026-01-01T07:00:00Z,MTR,8.0,44.8,1000.8,1.05,7,1,0.96593,-0.25882,0.0172,0.99985,8.0,8.0,8.0
2026-01-01T08:00:00Z,MTR,8.0,42.9,1000.7,3.42,8,1,0.86603,-0.5,0.0172,0.99985,8.0,6.27,8.0
2026-01-01T09:00:00Z,MTR,8.0,48.6,998.7,7.65,9,1,0.70711,-0.70711,0.0172,0.99985,8.0,6.77,8.0
2026-01-01T10:00:00Z,MTR,8.0,52.4,996.6,8.72,10,1,0.5,-0.86603,0.0172,0.99985,8.0,5.85,8.0
2026-01-01T11:00:00Z,MTR,8.0,49.4,995.9,5.14,11,1,0.25882,-0.96593,0.0172,0.99985,8.0,4.42,8.0
2026-01-01T12:00:00Z,MTR,8.0,57.5,991.2,7.3,12,1,0.0,-1.0,0.0172,0.99985,8.0,3.82,8.0
2026-01-01T13:00:00Z,MTR,8.0,66.0,987.0,10.25,13,1,-0.25882,-0.96593,0.0172,0.99985,6.27,4.54,8.0
2026-01-01T14:00:00Z,MTR,6.27,63.7,985.0,7.46,14,1,-0.5,-0.86603,0.0172,0.99985,6.77,4.52,8.0
2026-01-01T15:00:00Z,MTR,6.77,63.5,982.2,11.18,15,1,-0.70711,-0.70711,0.0172,0.99985,5.85,4.72,8.0
2026-01-01T16:00:00Z,MTR,5.85,54.0,981.8,15.29,16,1,-0.86603,-0.5,0.0172,0.99985,4.42,8.0,8.0
2026-01-01T17:00:00Z,MTR,4.42,75.7,979.2,12.96,17,1,-0.96593,-0.25882,0.0172,0.99985,3.82,8.0,8.0
2026-01-01T18:00:00Z,MTR,3.82,72.9,975.8,14.05,18,1,-1.0,-0.0,0.0172,0.99985,4.54,8.0,8.0
2026-01-01T19:00:00Z,MTR,4.54,72.8,977.6,14.66,19,1,-0.96593,0.25882,0.0172,0.99985,4.52,8.0,8.0
2026-01-01T20:00:00Z,MTR,4.52,75.8,976.2,14.23,20,1,-0.86603,0.5,0.0172,0.99985,4.72,8.0,8.0
2026-01-01T21:00:00Z,MTR,4.72,75.9,975.4,12.18,21,1,-0.70711,0.70711,0.0172,0.99985,8.0,8.0,8.0
2026-01-01T22:00:00Z,MTR,8.0,80.3,971.9,11.49,22,1,-0.5,0.86603,0.0172,0.99985,8.0,8.0,8.0
2026-01-01T23:00:00Z,MTR,8.0,84.1,970.2,14.17,23,1,-0.25882,0.96593,0.0172,0.99985,8.0,8.0,8.0
2026-01-02T00:00:00Z,MTR,8.0,82.9,969.7,12.67,0,2,0.0,1.0,0.0344,0.99941,8.0,8.0,8.0
2026-01-02T01:00:00Z,MTR,8.0,67.0,966.9,14.97,1,2,0.25882,0.96593,0.0344,0.99941,8.0,8.0,8.0
2026-01-02T02:00:00Z,MTR,8.0,84.1,967.0,13.76,2,2,0.5,0.86603,0.0344,0.99941,8.0,8.0,8.0
2026-01-02T03:00:00Z,MTR,8.0,85.5,965.3,15.27,3,2,0.70711,0.70711,0.0344,0.99941,8.0,8.0,8.0
2026-01-02T04:00:00Z,MTR,8.0,83.4,964.3,13.42,4,2,0.86603,0.5,0.0344,0.99941,8.0,8.0,8.0
2026-01-02T05:00:00Z,MTR,8.0,89.2,962.8,15.5,5,2,0.96593,0.25882,0.0344,0.99941,8.0,8.0,8.0
2026-01-02T06:00:00Z,MTR,8.0,84.2,965.9,16.69,6,2,1.0,0.0,0.0344,0.99941,8.0,8.0,8.0
2026-01-02T07:00:00Z,MTR,8.0,81.9,965.4,17.34,7,2,0.96593,-0.25882,0.0344,0.99941,8.0,8.0,8.0
2026-01-02T08:00:00Z,MTR,8.0,93.3,963.2,17.66,8,2,0.86603,-0.5,0.0344,0.99941,8.0,8.0,8.0
2026-01-02T09:00:00Z,MTR,8.0,87.0,964.4,15.6,9,2,0.70711,-0.70711,0.0344,0.99941,8.0,8.0,5.62
2026-01-02T10:00:00Z,MTR,8.0,89.0,962.0,17.4,10,2,0.5,-0.86603,0.0344,0.99941,8.0,8.0,5.99
2026-01-02T11:00:00Z,MTR,8.0,78.5,962.4,20.92,11,2,0.25882,-0.96593,0.0344,0.99941,8.0,8.0,4.86
2026-01-02T12:00:00Z,MTR,8.0,99.0,958.9,16.76,12,2,0.0,-1.0,0.0344,0.99941,8.0,8.0,4.69
2026-01-02T13:00:00Z,MTR,8.0,85.5,956.8,22.11,13,2,-0.25882,-0.96593,0.0344,0.99941,8.0,8.0,4.6
2026-01-02T14:00:00Z,MTR,8.0,94.7,957.6,15.74,14,2,-0.5,-0.86603,0.0344,0.99941,8.0,8.0,5.11
2026-01-02T15:00:00Z,MTR,8.0,93.5,959.4,14.6,15,2,-0.70711,-0.70711,0.0344,0.99941,8.0,8.0,5.74
2026-01-02T16:00:00Z,MTR,8.0,98.2,960.2,17.46,16,2,-0.86603,-0.5,0.0344,0.99941,8.0,8.0,5.65
2026-01-02T17:00:00Z,MTR,8.0,84.9,960.6,17.57,17,2,-0.96593,-0.25882,0.0344,0.99941,8.0,8.0,5.3
2026-01-02T18:00:00Z,MTR,8.0,84.9,960.6,15.36,18,2,-1.0,-0.0,0.0344,0.99941,8.0,8.0,4.71
2026-01-02T19:00:00Z,MTR,8.0,95.6,958.7,17.62,19,2,-0.96593,0.25882,0.0344,0.99941,8.0,8.0,5.57
2026-01-02T20:00:00Z,MTR,8.0,95.8,958.3,19.22,20,2,-0.86603,0.5,0.0344,0.99941,8.0,8.0,5.02
2026-01-02T21:00:00Z,MTR,8.0,99.0,958.4,16.41,21,2,-0.70711,0.70711,0.0344,0.99941,8.0,8.0,5.26
2026-01-02T22:00:00Z,MTR,8.0,94.9,961.4,19.4,22,2,-0.5,0.86603,0.0344,0.99941,8.0,8.0,4.35
2026-01-02T23:00:00Z,MTR,8.0,86.0,963.0,19.07,23,2,-0.25882,0.96593,0.0344,0.99941,8.0,8.0,3.44
2026-01-03T00:00:00Z,MTR,8.0,89.6,960.9,20.03,0,3,0.0,1.0,0.05158,0.99867,8.0,8.0,3.8
2026-01-03T01:00:00Z,MTR,8.0,89.5,962.7,15.13,1,3,0.25882,0.96593,0.05158,0.99867,8.0,8.0,3.77
2026-01-03T02:00:00Z,MTR,8.0,78.8,963.2,15.22,2,3,0.5,0.86603,0.05158,0.99867,8.0,8.0,3.08
2026-01-03T03:00:00Z,MTR,8.0,89.6,963.2,16.43,3,3,0.70711,0.70711,0.05158,0.99867,8.0,5.62,3.3
2026-01-03T04:00:00Z,MTR,8.0,87.2,965.6,15.42,4,3,0.86603,0.5,0.05158,0.99867,8.0,5.99,5.69
2026-01-03T05:00:00Z,MTR,8.0,76.5,968.7,14.28,5,3,0.96593,0.25882,0.05158,0.99867,8.0,4.86,6.09
2026-01-03T06:00:00Z,MTR,8.0,77.0,971.5,15.5,6,3,1.0,0.0,0.05158,0.99867,8.0,4.69,6.29
2026-01-03T07:00:00Z,MTR,8.0,68.6,971.1,15.35,7,3,0.96593,-0.25882,0.05158,0.99867,8.0,4.6,6.48
2026-01-03T08:00:00Z,MTR,8.0,81.6,971.7,12.18,8,3,0.86603,-0.5,0.05158,0.99867,5.62,5.11,7.76
2026-01-03T09:00:00Z,MTR,5.62,76.9,973.5,11.06,9,3,0.70711,-0.70711,0.05158,0.99867,5.99,5.74,7.92
2026-01-03T10:00:00Z,MTR,5.99,65.1,976.3,9.91,10,3,0.5,-0.86603,0.05158,0.99867,4.86,5.65,8.0
2026-01-03T11:00:00Z,MTR,4.86,66.4,976.5,10.59,11,3,0.25882,-0.96593,0.05158,0.99867,4.69,5.3,8.0
2026-01-03T12:00:00Z,MTR,4.69,69.8,977.2,13.81,12,3,0.0,-1.0,0.05158,0.99867,4.6,4.71,8.0
2026-01-03T13:00:00Z,MTR,4.6,76.9,976.2,12.73,13,3,-0.25882,-0.96593,0.05158,0.99867,5.11,5.57,8.0
2026-01-03T14:00:00Z,MTR,5.11,76.8,975.1,14.65,14,3,-0.5,-0.86603,0.05158,0.99867,5.74,5.02,8.0
2026-01-03T15:00:00Z,MTR,5.74,65.8,977.7,8.54,15,3,-0.70711,-0.70711,0.05158,0.99867,5.65,5.26,7.38
2026-01-03T16:00:00Z,MTR,5.65,64.3,981.1,11.33,16,3,-0.86603,-0.5,0.05158,0.99867,5.3,4.35,7.59
2026-01-03T17:00:00Z,MTR,5.3,66.7,981.8,11.07,17,3,-0.96593,-0.25882,0.05158,0.99867,4.71,3.44,7.82
2026-01-03T18:00:00Z,MTR,4.71,60.2,984.5,12.08,18,3,-1.0,-0.0,0.05158,0.99867,5.57,3.8,7.59
2026-01-03T19:00:00Z,MTR,5.57,59.2,985.8,8.43,19,3,-0.96593,0.25882,0.05158,0.99867,5.02,3.77,7.96
2026-01-03T20:00:00Z,MTR,5.02,65.8,985.2,8.48,20,3,-0.86603,0.5,0.05158,0.99867,5.26,3.08,8.0
2026-01-03T21:00:00Z,MTR,5.26,56.1,986.4,12.04,21,3,-0.70711,0.70711,0.05158,0.99867,4.35,3.3,7.36
2026-01-03T22:00:00Z,MTR,4.35,56.9,989.7,7.6,22,3,-0.5,0.86603,0.05158,0.99867,3.44,5.69,6.01
2026-01-03T23:00:00Z,MTR,3.44,56.4,989.9,8.21,23,3,-0.25882,0.96593,0.05158,0.99867,3.8,6.09,5.62
2026-01-04T00:00:00Z,MTR,3.8,54.1,993.0,7.78,0,4,0.0,1.0,0.06876,0.99763,3.77,6.29,6.11
2026-01-04T01:00:00Z,MTR,3.77,59.4,988.4,5.03,1,4,0.25882,0.96593,0.06876,0.99763,3.08,6.48,6.6
2026-01-04T02:00:00Z,MTR,3.08,60.2,990.2,7.85,2,4,0.5,0.86603,0.06876,0.99763,3.3,7.76,5.42
2026-01-04T03:00:00Z,MTR,3.3,59.9,990.5,5.17,3,4,0.70711,0.70711,0.06876,0.99763,5.69,7.92,3.98
2026-01-04T04:00:00Z,MTR,5.69,55.4,990.1,7.62,4,4,0.86603,0.5,0.06876,0.99763,6.09,8.0,4.98
2026-01-04T05:00:00Z,MTR,6.09,56.0,990.4,7.1,5,4,0.96593,0.25882,0.06876,0.99763,6.29,8.0,5.98
2026-01-04T06:00:00Z,MTR,6.29,62.2,986.9,7.85,6,4,1.0,0.0,0.06876,0.99763,6.48,8.0,6.69
2026-01-04T07:00:00Z,MTR,6.48,62.2,986.8,10.17,7,4,0.96593,-0.25882,0.06876,0.99763,7.76,8.0,7.76
2026-01-04T08:00:00Z,MTR,7.76,62.9,987.6,8.82,8,4,0.86603,-0.5,0.06876,0.99763,7.92,8.0,8.0
2026-01-04T09:00:00Z,MTR,7.92,58.5,990.4,5.57,9,4,0.70711,-0.70711,0.06876,0.99763,8.0,7.38,7.47
2026-01-04T10:00:00Z,MTR,8.0,53.1,989.5,5.82,10,4,0.5,-0.86603,0.06876,0.99763,8.0,7.59,7.46
2026-01-04T11:00:00Z,MTR,8.0,69.4,988.0,10.17,11,4,0.25882,-0.96593,0.06876,0.99763,8.0,7.82,7.54
2026-01-04T12:00:00Z,MTR,8.0,60.4,987.2,8.69,12,4,0.0,-1.0,0.06876,0.99763,8.0,7.59,7.16
2026-01-04T13:00:00Z,MTR,8.0,61.1,989.0,5.33,13,4,-0.25882,-0.96593,0.06876,0.99763,8.0,7.96,6.7
2026-01-04T14:00:00Z,MTR,8.0,60.6,989.6,7.15,14,4,-0.5,-0.86603,0.06876,0.99763,7.38,8.0,6.54
2026-01-04T15:00:00Z,MTR,7.38,60.2,988.6,7.99,15,4,-0.70711,-0.70711,0.06876,0.99763,7.59,7.36,5.76
2026-01-04T16:00:00Z,MTR,7.59,58.4,989.5,5.52,16,4,-0.86603,-0.5,0.06876,0.99763,7.82,6.01,3.98
2026-01-04T17:00:00Z,MTR,7.82,61.9,989.7,6.66,17,4,-0.96593,-0.25882,0.06876,0.99763,7.59,5.62,3.94
2026-01-04T18:00:00Z,MTR,7.59,55.3,991.4,9.2,18,4,-1.0,-0.0,0.06876,0.99763,7.96,6.11,4.73
2026-01-04T19:00:00Z,MTR,7.96,62.7,990.1,12.79,19,4,-0.96593,0.25882,0.06876,0.99763,8.0,6.6,2.89
2026-01-04T20:00:00Z,MTR,8.0,60.6,989.5,8.62,20,4,-0.86603,0.5,0.06876,0.99763,7.36,5.42,2.95
2026-01-04T21:00:00Z,MTR,7.36,63.7,988.8,5.53,21,4,-0.70711,0.70711,0.06876,0.99763,6.01,3.98,2.17
2026-01-04T22:00:00Z,MTR,6.01,58.9,986.3,8.65,22,4,-0.5,0.86603,0.06876,0.99763,5.62,4.98,2.77
2026-01-04T23:00:00Z,MTR,5.62,61.1,987.0,9.07,23,4,-0.25882,0.96593,0.06876,0.99763,6.11,5.98,3.19
2026-01-05T00:00:00Z,MTR,6.11,56.0,987.7,10.16,0,5,0.0,1.0,0.08591,0.9963,6.6,6.69,4.21
2026-01-05T01:00:00Z,MTR,6.6,65.6,988.0,10.13,1,5,0.25882,0.96593,0.08591,0.9963,5.42,7.76,3.81
2026-01-05T02:00:00Z,MTR,5.42,56.9,987.8,11.29,2,5,0.5,0.86603,0.08591,0.9963,3.98,8.0,4.2
2026-01-05T03:00:00Z,MTR,3.98,63.9,985.6,9.31,3,5,0.70711,0.70711,0.08591,0.9963,4.98,7.47,6.47
2026-01-05T04:00:00Z,MTR,4.98,60.3,985.2,9.45,4,5,0.86603,0.5,0.08591,0.9963,5.98,7.46,6.96
2026-01-05T05:00:00Z,MTR,5.98,67.3,985.1,5.68,5,5,0.96593,0.25882,0.08591,0.9963,6.69,7.54,7.84
2026-01-05T06:00:00Z,MTR,6.69,62.8,984.2,7.74,6,5,1.0,0.0,0.08591,0.9963,7.76,7.16,8.0
2026-01-05T07:00:00Z,MTR,7.76,65.8,984.5,6.93,7,5,0.96593,-0.25882,0.08591,0.9963,8.0,6.7,8.0
2026-01-05T08:00:00Z,MTR,8.0,55.9,985.9,7.52,8,5,0.86603,-0.5,0.08591,0.9963,7.47,6.54,7.54
2026-01-05T09:00:00Z,MTR,7.47,53.6,989.9,5.56,9,5,0.70711,-0.70711,0.08591,0.9963,7.46,5.76,6.55
2026-01-05T10:00:00Z,MTR,7.46,59.0,990.6,5.45,10,5,0.5,-0.86603,0.08591,0.9963,7.54,3.98,5.96
2026-01-05T11:00:00Z,MTR,7.54,62.8,991.5,9.5,11,5,0.25882,-0.96593,0.08591,0.9963,7.16,3.94,5.88
2026-01-05T12:00:00Z,MTR,7.16,56.8,991.8,3.39,12,5,0.0,-1.0,0.08591,0.9963,6.7,4.73,6.4
2026-01-05T13:00:00Z,MTR,6.7,70.5,988.8,7.85,13,5,-0.25882,-0.96593,0.08591,0.9963,6.54,2.89,7.14
2026-01-05T14:00:00Z,MTR,6.54,62.6,989.3,9.8,14,5,-0.5,-0.86603,0.08591,0.9963,5.76,2.95,6.22
2026-01-05T15:00:00Z,MTR,5.76,57.3,990.0,7.24,15,5,-0.70711,-0.70711,0.08591,0.9963,3.98,2.17,7.69
2026-01-05T16:00:00Z,MTR,3.98,51.1,995.0,8.83,16,5,-0.86603,-0.5,0.08591,0.9963,3.94,2.77,8.0
2026-01-05T17:00:00Z,MTR,3.94,60.7,994.9,5.0,17,5,-0.96593,-0.25882,0.08591,0.9963,4.73,3.19,7.62
2026-01-05T18:00:00Z,MTR,4.73,56.1,995.8,9.41,18,5,-1.0,-0.0,0.08591,0.9963,2.89,4.21,8.0
2026-01-05T19:00:00Z,MTR,2.89,47.3,996.0,2.71,19,5,-0.96593,0.25882,0.08591,0.9963,2.95,3.81,8.0
2026-01-05T20:00:00Z,MTR,2.95,50.4,994.1,9.13,20,5,-0.86603,0.5,0.08591,0.9963,2.17,4.2,8.0
2026-01-05T21:00:00Z,MTR,2.17,46.4,996.4,3.9,21,5,-0.70711,0.70711,0.08591,0.9963,2.77,6.47,7.5
2026-01-05T22:00:00Z,MTR,2.77,52.0,998.0,8.07,22,5,-0.5,0.86603,0.08591,0.9963,3.19,6.96,6.43
2026-01-05T23:00:00Z,MTR,3.19,39.1,999.4,3.75,23,5,-0.25882,0.96593,0.08591,0.9963,4.21,7.84,7.05
2026-01-06T00:00:00Z,MTR,4.21,47.0,997.7,7.46,0,6,0.0,1.0,0.10303,0.99468,3.81,8.0,7.12
2026-01-06T01:00:00Z,MTR,3.81,48.3,1000.2,6.97,1,6,0.25882,0.96593,0.10303,0.99468,4.2,8.0,7.5
2026-01-06T02:00:00Z,MTR,4.2,48.9,997.5,4.17,2,6,0.5,0.86603,0.10303,0.99468,6.47,7.54,6.77
2026-01-06T03:00:00Z,MTR,6.47,46.4,998.5,7.06,3,6,0.70711,0.70711,0.10303,0.99468,6.96,6.55,7.43
2026-01-06T04:00:00Z,MTR,6.96,47.4,1002.2,3.72,4,6,0.86603,0.5,0.10303,0.99468,7.84,5.96,7.77
2026-01-06T05:00:00Z,MTR,7.84,49.0,999.9,1.6,5,6,0.96593,0.25882,0.10303,0.99468,8.0,5.88,7.36
2026-01-06T06:00:00Z,MTR,8.0,47.3,998.5,6.03,6,6,1.0,0.0,0.10303,0.99468,8.0,6.4,6.56
2026-01-06T07:00:00Z,MTR,8.0,45.1,998.2,3.07,7,6,0.96593,-0.25882,0.10303,0.99468,7.54,7.14,8.0
2026-01-06T08:00:00Z,MTR,7.54,53.8,996.8,4.27,8,6,0.86603,-0.5,0.10303,0.99468,6.55,6.22,8.0
2026-01-06T09:00:00Z,MTR,6.55,52.2,993.5,4.89,9,6,0.70711,-0.70711,0.10303,0.99468,5.96,7.69,8.0
2026-01-06T10:00:00Z,MTR,5.96,54.2,993.1,7.54,10,6,0.5,-0.86603,0.10303,0.99468,5.88,8.0,8.0
2026-01-06T11:00:00Z,MTR,5.88,59.9,990.7,5.63,11,6,0.25882,-0.96593,0.10303,0.99468,6.4,7.62,8.0
2026-01-06T12:00:00Z,MTR,6.4,50.0,991.1,5.03,12,6,0.0,-1.0,0.10303,0.99468,7.14,8.0,8.0
2026-01-06T13:00:00Z,MTR,7.14,55.5,988.8,6.15,13,6,-0.25882,-0.96593,0.10303,0.99468,6.22,8.0,8.0
2026-01-06T14:00:00Z,MTR,6.22,54.5,991.0,6.08,14,6,-0.5,-0.86603,0.10303,0.99468,7.69,8.0,8.0
2026-01-06T15:00:00Z,MTR,7.69,68.5,988.8,9.23,15,6,-0.70711,-0.70711,0.10303,0.99468,8.0,7.5,8.0
2026-01-06T16:00:00Z,MTR,8.0,54.5,987.4,10.51,16,6,-0.86603,-0.5,0.10303,0.99468,7.62,6.43,8.0
2026-01-06T17:00:00Z,MTR,7.62,60.2,988.1,10.26,17,6,-0.96593,-0.25882,0.10303,0.99468,8.0,7.05,8.0
2026-01-06T18:00:00Z,MTR,8.0,58.5,984.9,9.45,18,6,-1.0,-0.0,0.10303,0.99468,8.0,7.12,8.0
2026-01-06T19:00:00Z,MTR,8.0,74.9,984.5,9.55,19,6,-0.96593,0.25882,0.10303,0.99468,8.0,7.5,8.0
2026-01-06T20:00:00Z,MTR,8.0,63.1,985.9,8.83,20,6,-0.86603,0.5,0.10303,0.99468,7.5,6.77,8.0
2026-01-06T21:00:00Z,MTR,7.5,61.7,981.9,11.41,21,6,-0.70711,0.70711,0.10303,0.99468,6.43,7.43,8.0
2026-01-06T22:00:00Z,MTR,6.43,59.3,981.3,12.96,22,6,-0.5,0.86603,0.10303,0.99468,7.05,7.77,5.27
2026-01-06T23:00:00Z,MTR,7.05,70.4,980.8,10.6,23,6,-0.25882,0.96593,0.10303,0.99468,7.12,7.36,5.48
2026-01-07T00:00:00Z,MTR,7.12,68.3,981.2,11.84,0,7,0.0,1.0,0.12013,0.99276,7.5,6.56,8.0
2026-01-07T01:00:00Z,MTR,7.5,73.2,977.8,9.41,1,7,0.25882,0.96593,0.12013,0.99276,6.77,8.0,8.0
2026-01-07T02:00:00Z,MTR,6.77,69.9,974.5,14.72,2,7,0.5,0.86603,0.12013,0.99276,7.43,8.0,8.0
2026-01-07T03:00:00Z,MTR,7.43,83.8,974.5,13.42,3,7,0.70711,0.70711,0.12013,0.99276,7.77,8.0,8.0
2026-01-07T04:00:00Z,MTR,7.77,74.6,974.2,11.05,4,7,0.86603,0.5,0.12013,0.99276,7.36,8.0,8.0
2026-01-07T05:00:00Z,MTR,7.36,78.1,973.7,15.41,5,7,0.96593,0.25882,0.12013,0.99276,6.56,8.0,8.0
2026-01-07T06:00:00Z,MTR,6.56,78.0,973.4,10.89,6,7,1.0,0.0,0.12013,0.99276,8.0,8.0,5.7
2026-01-07T07:00:00Z,MTR,8.0,77.1,971.3,9.53,7,7,0.96593,-0.25882,0.12013,0.99276,8.0,8.0,5.64
2026-01-07T08:00:00Z,MTR,8.0,85.4,970.9,15.91,8,7,0.86603,-0.5,0.12013,0.99276,8.0,8.0,5.8
2026-01-07T09:00:00Z,MTR,8.0,76.3,970.6,15.07,9,7,0.70711,-0.70711,0.12013,0.99276,8.0,8.0,6.43
2026-01-07T10:00:00Z,MTR,8.0,85.3,968.5,12.56,10,7,0.5,-0.86603,0.12013,0.99276,8.0,8.0,7.61
2026-01-07T11:00:00Z,MTR,8.0,84.8,971.3,14.79,11,7,0.25882,-0.96593,0.12013,0.99276,8.0,8.0,8.0
2026-01-07T12:00:00Z,MTR,8.0,83.7,971.4,16.38,12,7,0.0,-1.0,0.12013,0.99276,8.0,8.0,6.85
2026-01-07T13:00:00Z,MTR,8.0,88.3,968.5,15.52,13,7,-0.25882,-0.96593,0.12013,0.99276,8.0,8.0,7.61
2026-01-07T14:00:00Z,MTR,8.0,78.1,969.2,19.65,14,7,-0.5,-0.86603,0.12013,0.99276,8.0,8.0,7.87
2026-01-07T15:00:00Z,MTR,8.0,84.7,966.9,13.82,15,7,-0.70711,-0.70711,0.12013,0.99276,8.0,8.0,8.0
2026-01-07T16:00:00Z,MTR,8.0,82.3,968.0,10.69,16,7,-0.86603,-0.5,0.12013,0.99276,8.0,5.27,8.0
2026-01-07T17:00:00Z,MTR,8.0,79.1,969.8,11.75,17,7,-0.96593,-0.25882,0.12013,0.99276,8.0,5.48,7.02
2026-01-07T18:00:00Z,MTR,8.0,83.3,968.0,10.59,18,7,-1.0,-0.0,0.12013,0.99276,8.0,8.0,7.34
2026-01-07T19:00:00Z,MTR,8.0,87.2,969.5,18.93,19,7,-0.96593,0.25882,0.12013,0.99276,8.0,8.0,7.56
2026-01-07T20:00:00Z,MTR,8.0,75.6,970.1,14.45,20,7,-0.86603,0.5,0.12013,0.99276,8.0,8.0,6.72
2026-01-07T21:00:00Z,MTR,8.0,72.8,971.5,17.87,21,7,-0.70711,0.70711,0.12013,0.99276,5.27,8.0,6.29
2026-01-07T22:00:00Z,MTR,5.27,72.8,974.9,12.17,22,7,-0.5,0.86603,0.12013,0.99276,5.48,8.0,6.49
2026-01-07T23:00:00Z,MTR,5.48,61.7,974.3,11.26,23,7,-0.25882,0.96593,0.12013,0.99276,8.0,8.0,6.67
2026-01-08T00:00:00Z,MTR,8.0,74.8,972.9,10.07,0,8,0.0,1.0,0.13719,0.99055,8.0,5.7,6.66
2026-01-08T01:00:00Z,MTR,8.0,84.7,971.5,13.22,1,8,0.25882,0.96593,0.13719,0.99055,8.0,5.64,6.82
2026-01-08T02:00:00Z,MTR,8.0,72.4,970.3,16.08,2,8,0.5,0.86603,0.13719,0.99055,8.0,5.8,6.37
2026-01-08T03:00:00Z,MTR,8.0,76.4,970.7,13.83,3,8,0.70711,0.70711,0.13719,0.99055,8.0,6.43,6.5
2026-01-08T04:00:00Z,MTR,8.0,70.7,971.8,10.69,4,8,0.86603,0.5,0.13719,0.99055,8.0,7.61,5.8
2026-01-08T05:00:00Z,MTR,8.0,78.5,972.9,14.82,5,8,0.96593,0.25882,0.13719,0.99055,5.7,8.0,6.22
2026-01-08T06:00:00Z,MTR,5.7,77.4,975.1,14.48,6,8,1.0,0.0,0.13719,0.99055,5.64,6.85,5.63
2026-01-08T07:00:00Z,MTR,5.64,72.8,975.8,11.52,7,8,0.96593,-0.25882,0.13719,0.99055,5.8,7.61,5.27
2026-01-08T08:00:00Z,MTR,5.8,65.6,979.1,10.17,8,8,0.86603,-0.5,0.13719,0.99055,6.43,7.87,8.0
2026-01-08T09:00:00Z,MTR,6.43,69.1,979.2,8.01,9,8,0.70711,-0.70711,0.13719,0.99055,7.61,8.0,6.95
2026-01-08T10:00:00Z,MTR,7.61,69.6,984.8,10.82,10,8,0.5,-0.86603,0.13719,0.99055,8.0,8.0,7.94
2026-01-08T11:00:00Z,MTR,8.0,65.4,986.4,8.09,11,8,0.25882,-0.96593,0.13719,0.99055,6.85,7.02,8.0
2026-01-08T12:00:00Z,MTR,6.85,58.8,985.4,4.01,12,8,0.0,-1.0,0.13719,0.99055,7.61,7.34,8.0
2026-01-08T13:00:00Z,MTR,7.61,61.3,984.1,6.83,13,8,-0.25882,-0.96593,0.13719,0.99055,7.87,7.56,7.61
2026-01-08T14:00:00Z,MTR,7.87,60.7,985.7,10.39,14,8,-0.5,-0.86603,0.13719,0.99055,8.0,6.72,8.0
2026-01-08T15:00:00Z,MTR,8.0,64.0,986.0,8.47,15,8,-0.70711,-0.70711,0.13719,0.99055,8.0,6.29,6.42
2026-01-08T16:00:00Z,MTR,8.0,51.9,988.1,6.21,16,8,-0.86603,-0.5,0.13719,0.99055,7.02,6.49,5.83
2026-01-08T17:00:00Z,MTR,7.02,60.5,989.6,8.07,17,8,-0.96593,-0.25882,0.13719,0.99055,7.34,6.67,5.62
2026-01-08T18:00:00Z,MTR,7.34,54.0,990.1,6.1,18,8,-1.0,-0.0,0.13719,0.99055,7.56,6.66,6.63
2026-01-08T19:00:00Z,MTR,7.56,56.4,989.3,6.78,19,8,-0.96593,0.25882,0.13719,0.99055,6.72,6.82,6.82
2026-01-08T20:00:00Z,MTR,6.72,56.5,987.3,8.2,20,8,-0.86603,0.5,0.13719,0.99055,6.29,6.37,6.21
2026-01-08T21:00:00Z,MTR,6.29,64.9,987.3,12.09,21,8,-0.70711,0.70711,0.13719,0.99055,6.49,6.5,5.79
2026-01-08T22:00:00Z,MTR,6.49,55.7,989.7,11.28,22,8,-0.5,0.86603,0.13719,0.99055,6.67,5.8,6.1
2026-01-08T23:00:00Z,MTR,6.67,50.4,990.9,3.61,23,8,-0.25882,0.96593,0.13719,0.99055,6.66,6.22,5.13
2026-01-09T00:00:00Z,MTR,6.66,55.2,989.3,7.94,0,9,0.0,1.0,0.1542,0.98804,6.82,5.63,6.06
2026-01-09T01:00:00Z,MTR,6.82,50.7,990.4,4.81,1,9,0.25882,0.96593,0.1542,0.98804,6.37,5.27,6.12
2026-01-09T02:00:00Z,MTR,6.37,59.1,991.7,5.13,2,9,0.5,0.86603,0.1542,0.98804,6.5,8.0,5.67
2026-01-09T03:00:00Z,MTR,6.5,49.9,990.7,3.87,3,9,0.70711,0.70711,0.1542,0.98804,5.8,6.95,4.95
2026-01-09T04:00:00Z,MTR,5.8,54.8,991.6,5.55,4,9,0.86603,0.5,0.1542,0.98804,6.22,7.94,3.51
2026-01-09T05:00:00Z,MTR,6.22,50.9,992.3,4.69,5,9,0.96593,0.25882,0.1542,0.98804,5.63,8.0,5.39
2026-01-09T06:00:00Z,MTR,5.63,65.0,990.7,9.65,6,9,1.0,0.0,0.1542,0.98804,5.27,8.0,4.46
2026-01-09T07:00:00Z,MTR,5.27,56.9,991.9,5.53,7,9,0.96593,-0.25882,0.1542,0.98804,8.0,7.61,5.36
2026-01-09T08:00:00Z,MTR,8.0,49.4,993.3,2.84,8,9,0.86603,-0.5,0.1542,0.98804,6.95,8.0,6.15
2026-01-09T09:00:00Z,MTR,6.95,52.1,995.6,5.97,9,9,0.70711,-0.70711,0.1542,0.98804,7.94,6.42,6.16
2026-01-09T10:00:00Z,MTR,7.94,44.3,997.6,4.94,10,9,0.5,-0.86603,0.1542,0.98804,8.0,5.83,6.38
2026-01-09T11:00:00Z,MTR,8.0,54.9,995.2,5.59,11,9,0.25882,-0.96593,0.1542,0.98804,8.0,5.62,6.3
2026-01-09T12:00:00Z,MTR,8.0,54.6,993.6,7.87,12,9,0.0,-1.0,0.1542,0.98804,7.61,6.63,6.59
2026-01-09T13:00:00Z,MTR,7.61,55.1,994.6,8.76,13,9,-0.25882,-0.96593,0.1542,0.98804,8.0,6.82,6.32
2026-01-09T14:00:00Z,MTR,8.0,46.3,995.6,5.43,14,9,-0.5,-0.86603,0.1542,0.98804,6.42,6.21,6.05
2026-01-09T15:00:00Z,MTR,6.42,43.5,996.4,6.23,15,9,-0.70711,-0.70711,0.1542,0.98804,5.83,5.79,5.87
2026-01-09T16:00:00Z,MTR,5.83,34.4,1003.2,2.93,16,9,-0.86603,-0.5,0.1542,0.98804,5.62,6.1,6.16
2026-01-09T17:00:00Z,MTR,5.62,34.7,1003.7,4.28,17,9,-0.96593,-0.25882,0.1542,0.98804,6.63,5.13,6.36
2026-01-09T18:00:00Z,MTR,6.63,40.0,1005.1,0.2,18,9,-1.0,-0.0,0.1542,0.98804,6.82,6.06,5.99
2026-01-09T19:00:00Z,MTR,6.82,49.6,1006.2,3.68,19,9,-0.96593,0.25882,0.1542,0.98804,6.21,6.12,5.53
2026-01-09T20:00:00Z,MTR,6.21,37.3,1006.5,2.89,20,9,-0.86603,0.5,0.1542,0.98804,5.79,5.67,5.74
2026-01-09T21:00:00Z,MTR,5.79,37.2,1005.1,0.87,21,9,-0.70711,0.70711,0.1542,0.98804,6.1,4.95,4.92
2026-01-09T22:00:00Z,MTR,6.1,41.1,1005.7,7.01,22,9,-0.5,0.86603,0.1542,0.98804,5.13,3.51,3.97
2026-01-09T23:00:00Z,MTR,5.13,37.8,1003.5,0.62,23,9,-0.25882,0.96593,0.1542,0.98804,6.06,5.39,3.04
2026-01-10T00:00:00Z,MTR,6.06,37.6,1002.3,4.39,0,10,0.0,1.0,0.17118,0.98524,6.12,4.46,3.44
2026-01-10T01:00:00Z,MTR,6.12,41.7,1000.7,2.35,1,10,0.25882,0.96593,0.17118,0.98524,5.67,5.36,4.55
2026-01-10T02:00:00Z,MTR,5.67,45.3,1000.2,5.58,2,10,0.5,0.86603,0.17118,0.98524,4.95,6.15,4.91
2026-01-10T03:00:00Z,MTR,4.95,52.7,1003.8,7.24,3,10,0.70711,0.70711,0.17118,0.98524,3.51,6.16,5.47
2026-01-10T04:00:00Z,MTR,3.51,44.8,999.6,6.18,4,10,0.86603,0.5,0.17118,0.98524,5.39,6.38,5.49
2026-01-10T05:00:00Z,MTR,5.39,47.0,1000.3,4.18,5,10,0.96593,0.25882,0.17118,0.98524,4.46,6.3,6.13
2026-01-10T06:00:00Z,MTR,4.46,43.6,996.7,7.44,6,10,1.0,0.0,0.17118,0.98524,5.36,6.59,6.67
2026-01-10T07:00:00Z,MTR,5.36,54.5,995.5,4.83,7,10,0.96593,-0.25882,0.17118,0.98524,6.15,6.32,7.44
2026-01-10T08:00:00Z,MTR,6.15,46.2,997.1,6.46,8,10,0.86603,-0.5,0.17118,0.98524,6.16,6.05,5.99
2026-01-10T09:00:00Z,MTR,6.16,44.3,996.8,5.76,9,10,0.70711,-0.70711,0.17118,0.98524,6.38,5.87,6.69
2026-01-10T10:00:00Z,MTR,6.38,46.6,994.4,3.93,10,10,0.5,-0.86603,0.17118,0.98524,6.3,6.16,7.44
2026-01-10T11:00:00Z,MTR,6.3,52.0,992.9,10.29,11,10,0.25882,-0.96593,0.17118,0.98524,6.59,6.36,8.0
2026-01-10T12:00:00Z,MTR,6.59,48.0,993.9,9.01,12,10,0.0,-1.0,0.17118,0.98524,6.32,5.99,7.98
2026-01-10T13:00:00Z,MTR,6.32,55.6,992.4,5.31,13,10,-0.25882,-0.96593,0.17118,0.98524,6.05,5.53,8.0
2026-01-10T14:00:00Z,MTR,6.05,49.5,992.7,8.97,14,10,-0.5,-0.86603,0.17118,0.98524,5.87,5.74,8.0
2026-01-10T15:00:00Z,MTR,5.87,56.9,992.7,4.56,15,10,-0.70711,-0.70711,0.17118,0.98524,6.16,4.92,8.0
2026-01-10T16:00:00Z,MTR,6.16,53.4,991.5,8.26,16,10,-0.86603,-0.5,0.17118,0.98524,6.36,3.97,8.0
2026-01-10T17:00:00Z,MTR,6.36,46.9,995.4,6.13,17,10,-0.96593,-0.25882,0.17118,0.98524,5.99,3.04,8.0
2026-01-10T18:00:00Z,MTR,5.99,47.9,996.4,9.06,18,10,-1.0,-0.0,0.17118,0.98524,5.53,3.44,8.0
2026-01-10T19:00:00Z,MTR,5.53,49.7,992.6,7.64,19,10,-0.96593,0.25882,0.17118,0.98524,5.74,4.55,8.0
2026-01-10T20:00:00Z,MTR,5.74,53.3,992.9,3.77,20,10,-0.86603,0.5,0.17118,0.98524,4.92,4.91,8.0
2026-01-10T21:00:00Z,MTR,4.92,53.3,991.8,9.28,21,10,-0.70711,0.70711,0.17118,0.98524,3.97,5.47,8.0
2026-01-10T22:00:00Z,MTR,3.97,58.9,993.4,5.82,22,10,-0.5,0.86603,0.17118,0.98524,3.04,5.49,7.62
2026-01-10T23:00:00Z,MTR,3.04,43.3,992.0,6.19,23,10,-0.25882,0.96593,0.17118,0.98524,3.44,6.13,6.48
2026-01-11T00:00:00Z,MTR,3.44,61.1,991.9,7.26,0,11,0.0,1.0,0.1881,0.98215,4.55,6.67,7.25
2026-01-11T01:00:00Z,MTR,4.55,50.5,992.9,5.72,1,11,0.25882,0.96593,0.1881,0.98215,4.91,7.44,8.0
2026-01-11T02:00:00Z,MTR,4.91,61.5,994.5,9.92,2,11,0.5,0.86603,0.1881,0.98215,5.47,5.99,8.0
2026-01-11T03:00:00Z,MTR,5.47,55.9,992.3,8.68,3,11,0.70711,0.70711,0.1881,0.98215,5.49,6.69,8.0
2026-01-11T04:00:00Z,MTR,5.49,60.7,991.8,4.96,4,11,0.86603,0.5,0.1881,0.98215,6.13,7.44,8.0
2026-01-11T05:00:00Z,MTR,6.13,55.5,991.0,6.06,5,11,0.96593,0.25882,0.1881,0.98215,6.67,8.0,8.0
2026-01-11T06:00:00Z,MTR,6.67,56.0,989.9,5.26,6,11,1.0,0.0,0.1881,0.98215,7.44,7.98,8.0
2026-01-11T07:00:00Z,MTR,7.44,49.7,993.2,8.72,7,11,0.96593,-0.25882,0.1881,0.98215,5.99,8.0,8.0
2026-01-11T08:00:00Z,MTR,5.99,52.7,993.8,6.44,8,11,0.86603,-0.5,0.1881,0.98215,6.69,8.0,8.0
2026-01-11T09:00:00Z,MTR,6.69,50.3,991.4,5.43,9,11,0.70711,-0.70711,0.1881,0.98215,7.44,8.0,8.0
2026-01-11T10:00:00Z,MTR,7.44,56.0,992.9,10.01,10,11,0.5,-0.86603,0.1881,0.98215,8.0,8.0,8.0
2026-01-11T11:00:00Z,MTR,8.0,51.3,996.5,6.67,11,11,0.25882,-0.96593,0.1881,0.98215,7.98,8.0,8.0
2026-01-11T12:00:00Z,MTR,7.98,48.1,997.9,5.57,12,11,0.0,-1.0,0.1881,0.98215,8.0,8.0,8.0
2026-01-11T13:00:00Z,MTR,8.0,58.6,994.6,6.58,13,11,-0.25882,-0.96593,0.1881,0.98215,8.0,8.0,8.0
2026-01-11T14:00:00Z,MTR,8.0,55.5,993.2,4.04,14,11,-0.5,-0.86603,0.1881,0.98215,8.0,8.0,8.0
2026-01-11T15:00:00Z,MTR,8.0,47.5,995.0,7.27,15,11,-0.70711,-0.70711,0.1881,0.98215,8.0,8.0,8.0
2026-01-11T16:00:00Z,MTR,8.0,56.5,993.1,5.96,16,11,-0.86603,-0.5,0.1881,0.98215,8.0,7.62,8.0
2026-01-11T17:00:00Z,MTR,8.0,59.0,993.3,8.48,17,11,-0.96593,-0.25882,0.1881,0.98215,8.0,6.48,8.0
2026-01-11T18:00:00Z,MTR,8.0,41.4,994.0,7.79,18,11,-1.0,-0.0,0.1881,0.98215,8.0,7.25,8.0
2026-01-11T19:00:00Z,MTR,8.0,50.3,991.5,7.22,19,11,-0.96593,0.25882,0.1881,0.98215,8.0,8.0,8.0
2026-01-11T20:00:00Z,MTR,8.0,54.3,990.6,7.37,20,11,-0.86603,0.5,0.1881,0.98215,8.0,8.0,8.0
2026-01-11T21:00:00Z,MTR,8.0,60.9,983.9,13.17,21,11,-0.70711,0.70711,0.1881,0.98215,7.62,8.0,8.0
2026-01-11T22:00:00Z,MTR,7.62,69.0,981.5,7.98,22,11,-0.5,0.86603,0.1881,0.98215,6.48,8.0,8.0
2026-01-11T23:00:00Z,MTR,6.48,63.0,980.6,9.83,23,11,-0.25882,0.96593,0.1881,0.98215,7.25,8.0,8.0
2026-01-12T00:00:00Z,MTR,7.25,66.5,977.8,14.19,0,12,0.0,1.0,0.20497,0.97877,8.0,8.0,8.0
2026-01-12T01:00:00Z,MTR,8.0,70.2,980.2,14.07,1,12,0.25882,0.96593,0.20497,0.97877,8.0,8.0,8.0
2026-01-12T02:00:00Z,MTR,8.0,70.5,976.9,11.91,2,12,0.5,0.86603,0.20497,0.97877,8.0,8.0,8.0
2026-01-12T03:00:00Z,MTR,8.0,78.4,975.6,11.25,3,12,0.70711,0.70711,0.20497,0.97877,8.0,8.0,8.0
2026-01-12T04:00:00Z,MTR,8.0,75.1,975.2,11.41,4,12,0.86603,0.5,0.20497,0.97877,8.0,8.0,8.0
2026-01-12T05:00:00Z,MTR,8.0,87.6,977.2,9.25,5,12,0.96593,0.25882,0.20497,0.97877,8.0,8.0,8.0
2026-01-12T06:00:00Z,MTR,8.0,70.9,973.8,17.24,6,12,1.0,0.0,0.20497,0.97877,8.0,8.0,8.0
2026-01-12T07:00:00Z,MTR,8.0,65.9,975.2,12.47,7,12,0.96593,-0.25882,0.20497,0.97877,8.0,8.0,8.0
2026-01-12T08:00:00Z,MTR,8.0,81.7,974.4,13.96,8,12,0.86603,-0.5,0.20497,0.97877,8.0,8.0,8.0
2026-01-12T09:00:00Z,MTR,8.0,92.9,971.9,14.83,9,12,0.70711,-0.70711,0.20497,0.97877,8.0,8.0,8.0
2026-01-12T10:00:00Z,MTR,8.0,76.9,972.0,16.81,10,12,0.5,-0.86603,0.20497,0.97877,8.0,8.0,8.0
2026-01-12T11:00:00Z,MTR,8.0,75.7,971.6,13.13,11,12,0.25882,-0.96593,0.20497,0.97877,8.0,8.0,8.0
2026-01-12T12:00:00Z,MTR,8.0,80.0,969.8,13.87,12,12,0.0,-1.0,0.20497,0.97877,8.0,8.0,8.0
2026-01-12T13:00:00Z,MTR,8.0,76.4,969.3,16.41,13,12,-0.25882,-0.96593,0.20497,0.97877,8.0,8.0,8.0
2026-01-12T14:00:00Z,MTR,8.0,70.8,967.9,11.6,14,12,-0.5,-0.86603,0.20497,0.97877,8.0,8.0,8.0
2026-01-12T15:00:00Z,MTR,8.0,84.1,967.6,18.29,15,12,-0.70711,-0.70711,0.20497,0.97877,8.0,8.0,8.0
2026-01-12T16:00:00Z,MTR,8.0,82.4,968.3,18.56,16,12,-0.86603,-0.5,0.20497,0.97877,8.0,8.0,8.0
2026-01-12T17:00:00Z,MTR,8.0,72.0,970.6,14.8,17,12,-0.96593,-0.25882,0.20497,0.97877,8.0,8.0,8.0
2026-01-12T18:00:00Z,MTR,8.0,78.2,967.7,13.39,18,12,-1.0,-0.0,0.20497,0.97877,8.0,8.0,8.0
2026-01-12T19:00:00Z,MTR,8.0,71.6,971.1,15.83,19,12,-0.96593,0.25882,0.20497,0.97877,8.0,8.0,8.0
2026-01-12T20:00:00Z,MTR,8.0,84.4,967.0,15.11,20,12,-0.86603,0.5,0.20497,0.97877,8.0,8.0,8.0
2026-01-12T21:00:00Z,MTR,8.0,83.2,966.5,15.96,21,12,-0.70711,0.70711,0.20497,0.97877,8.0,8.0,8.0
2026-01-12T22:00:00Z,MTR,8.0,83.3,967.3,15.84,22,12,-0.5,0.86603,0.20497,0.97877,8.0,8.0,8.0
2026-01-12T23:00:00Z,MTR,8.0,84.2,967.6,13.98,23,12,-0.25882,0.96593,0.20497,0.97877,8.0,8.0,8.0
2026-01-13T00:00:00Z,MTR,8.0,89.0,966.4,16.41,0,13,0.0,1.0,0.22177,0.9751,8.0,8.0,8.0
2026-01-13T01:00:00Z,MTR,8.0,83.8,966.0,12.9,1,13,0.25882,0.96593,0.22177,0.9751,8.0,8.0,8.0
2026-01-13T02:00:00Z,MTR,8.0,86.3,965.2,11.7,2,13,0.5,0.86603,0.22177,0.9751,8.0,8.0,8.0
2026-01-13T03:00:00Z,MTR,8.0,94.8,964.4,17.09,3,13,0.70711,0.70711,0.22177,0.9751,8.0,8.0,8.0
2026-01-13T04:00:00Z,MTR,8.0,88.8,966.3,17.81,4,13,0.86603,0.5,0.22177,0.9751,8.0,8.0,8.0
2026-01-13T05:00:00Z,MTR,8.0,83.0,967.4,14.35,5,13,0.96593,0.25882,0.22177,0.9751,8.0,8.0,8.0
2026-01-13T06:00:00Z,MTR,8.0,83.6,966.6,14.5,6,13,1.0,0.0,0.22177,0.9751,8.0,8.0,8.0
2026-01-13T07:00:00Z,MTR,8.0,76.9,968.8,16.2,7,13,0.96593,-0.25882,0.22177,0.9751,8.0,8.0,8.0
2026-01-13T08:00:00Z,MTR,8.0,76.2,969.9,14.49,8,13,0.86603,-0.5,0.22177,0.9751,8.0,8.0,8.0
2026-01-13T09:00:00Z,MTR,8.0,76.3,972.0,12.7,9,13,0.70711,-0.70711,0.22177,0.9751,8.0,8.0,8.0
2026-01-13T10:00:00Z,MTR,8.0,73.6,973.8,13.85,10,13,0.5,-0.86603,0.22177,0.9751,8.0,8.0,8.0
2026-01-13T11:00:00Z,MTR,8.0,85.6,972.9,13.53,11,13,0.25882,-0.96593,0.22177,0.9751,8.0,8.0,8.0
2026-01-13T12:00:00Z,MTR,8.0,77.5,972.7,11.09,12,13,0.0,-1.0,0.22177,0.9751,8.0,8.0,8.0
2026-01-13T13:00:00Z,MTR,8.0,75.2,975.0,12.62,13,13,-0.25882,-0.96593,0.22177,0.9751,8.0,8.0,8.0
2026-01-13T14:00:00Z,MTR,8.0,77.6,977.0,12.53,14,13,-0.5,-0.86603,0.22177,0.9751,8.0,8.0,8.0
2026-01-13T15:00:00Z,MTR,8.0,71.3,977.9,10.81,15,13,-0.70711,-0.70711,0.22177,0.9751,8.0,8.0,8.0
2026-01-13T16:00:00Z,MTR,8.0,68.6,979.0,13.34,16,13,-0.86603,-0.5,0.22177,0.9751,8.0,8.0,8.0
2026-01-13T17:00:00Z,MTR,8.0,67.4,982.3,11.37,17,13,-0.96593,-0.25882,0.22177,0.9751,8.0,8.0,8.0
2026-01-13T18:00:00Z,MTR,8.0,67.9,982.1,9.9,18,13,-1.0,-0.0,0.22177,0.9751,8.0,8.0,8.0
2026-01-13T19:00:00Z,MTR,8.0,70.9,984.1,10.06,19,13,-0.96593,0.25882,0.22177,0.9751,8.0,8.0,8.0
2026-01-13T20:00:00Z,MTR,8.0,56.2,984.7,8.84,20,13,-0.86603,0.5,0.22177,0.9751,8.0,8.0,8.0
2026-01-13T21:00:00Z,MTR,8.0,58.7,985.3,8.94,21,13,-0.70711,0.70711,0.22177,0.9751,8.0,8.0,8.0
2026-01-13T22:00:00Z,MTR,8.0,58.7,988.3,8.02,22,13,-0.5,0.86603,0.22177,0.9751,8.0,8.0,8.0
2026-01-13T23:00:00Z,MTR,8.0,60.2,990.7,4.05,23,13,-0.25882,0.96593,0.22177,0.9751,8.0,8.0,8.0
2026-01-14T00:00:00Z,MTR,8.0,57.9,993.1,6.87,0,14,0.0,1.0,0.23851,0.97114,8.0,8.0,8.0
2026-01-14T01:00:00Z,MTR,8.0,51.3,996.2,6.41,1,14,0.25882,0.96593,0.23851,0.97114,8.0,8.0,8.0
2026-01-14T02:00:00Z,MTR,8.0,56.4,996.9,10.47,2,14,0.5,0.86603,0.23851,0.97114,8.0,8.0,8.0
2026-01-14T03:00:00Z,MTR,8.0,44.7,998.7,5.81,3,14,0.70711,0.70711,0.23851,0.97114,8.0,8.0,8.0
2026-01-14T04:00:00Z,MTR,8.0,56.8,998.7,3.63,4,14,0.86603,0.5,0.23851,0.97114,8.0,8.0,8.0
2026-01-14T05:00:00Z,MTR,8.0,41.4,999.8,1.27,5,14,0.96593,0.25882,0.23851,0.97114,8.0,8.0,8.0
2026-01-14T06:00:00Z,MTR,8.0,37.0,1000.1,2.35,6,14,1.0,0.0,0.23851,0.97114,8.0,8.0,8.0
2026-01-14T07:00:00Z,MTR,8.0,48.2,1000.8,3.25,7,14,0.96593,-0.25882,0.23851,0.97114,8.0,8.0,8.0
2026-01-14T08:00:00Z,MTR,8.0,36.4,1002.3,2.78,8,14,0.86603,-0.5,0.23851,0.97114,8.0,8.0,8.0
2026-01-14T09:00:00Z,MTR,8.0,42.4,1001.1,3.65,9,14,0.70711,-0.70711,0.23851,0.97114,8.0,8.0,8.0
2026-01-14T10:00:00Z,MTR,8.0,39.6,1005.2,1.95,10,14,0.5,-0.86603,0.23851,0.97114,8.0,8.0,8.0
2026-01-14T11:00:00Z,MTR,8.0,44.4,1003.6,2.85,11,14,0.25882,-0.96593,0.23851,0.97114,8.0,8.0,8.0
2026-01-14T12:00:00Z,MTR,8.0,49.5,1001.5,3.14,12,14,0.0,-1.0,0.23851,0.97114,8.0,8.0,8.0
2026-01-14T13:00:00Z,MTR,8.0,35.4,1003.8,3.26,13,14,-0.25882,-0.96593,0.23851,0.97114,8.0,8.0,8.0
2026-01-14T14:00:00Z,MTR,8.0,34.3,1005.3,0.92,14,14,-0.5,-0.86603,0.23851,0.97114,8.0,8.0,8.0
2026-01-14T15:00:00Z,MTR,8.0,55.8,1006.4,0.2,15,14,-0.70711,-0.70711,0.23851,0.97114,8.0,8.0,8.0
2026-01-14T16:00:00Z,MTR,8.0,37.1,1007.3,1.59,16,14,-0.86603,-0.5,0.23851,0.97114,8.0,8.0,8.0
2026-01-14T17:00:00Z,MTR,8.0,30.7,1007.0,3.03,17,14,-0.96593,-0.25882,0.23851,0.97114,8.0,8.0,8.0
2026-01-14T18:00:00Z,MTR,8.0,35.1,1005.1,0.58,18,14,-1.0,-0.0,0.23851,0.97114,8.0,8.0,8.0
2026-01-14T19:00:00Z,MTR,8.0,38.0,1004.9,1.72,19,14,-0.96593,0.25882,0.23851,0.97114,8.0,8.0,7.56
2026-01-14T20:00:00Z,MTR,8.0,42.6,1003.3,3.1,20,14,-0.86603,0.5,0.23851,0.97114,8.0,8.0,6.31
2026-01-14T21:00:00Z,MTR,8.0,47.0,1004.7,2.58,21,14,-0.70711,0.70711,0.23851,0.97114,8.0,8.0,6.9
2026-01-14T22:00:00Z,MTR,8.0,50.6,1004.0,4.68,22,14,-0.5,0.86603,0.23851,0.97114,8.0,8.0,7.12
2026-01-14T23:00:00Z,MTR,8.0,40.6,1002.0,5.71,23,14,-0.25882,0.96593,0.23851,0.97114,8.0,8.0,7.84
2026-01-15T00:00:00Z,MTR,8.0,42.6,1001.0,4.62,0,15,0.0,1.0,0.25518,0.96689,8.0,8.0,6.97
2026-01-15T01:00:00Z,MTR,8.0,46.5,1001.2,6.51,1,15,0.25882,0.96593,0.25518,0.96689,8.0,8.0,6.0
2026-01-15T02:00:00Z,MTR,8.0,42.8,999.7,3.87,2,15,0.5,0.86603,0.25518,0.96689,8.0,8.0,7.54
2026-01-15T03:00:00Z,MTR,8.0,55.4,997.7,6.95,3,15,0.70711,0.70711,0.25518,0.96689,8.0,8.0,7.15
2026-01-15T04:00:00Z,MTR,8.0,60.9,997.7,4.06,4,15,0.86603,0.5,0.25518,0.96689,8.0,8.0,7.52
2026-01-15T05:00:00Z,MTR,8.0,49.3,997.6,5.9,5,15,0.96593,0.25882,0.25518,0.96689,8.0,8.0,7.28
2026-01-15T06:00:00Z,MTR,8.0,52.7,996.1,7.08,6,15,1.0,0.0,0.25518,0.96689,8.0,8.0,7.03
2026-01-15T07:00:00Z,MTR,8.0,49.2,994.7,6.36,7,15,0.96593,-0.25882,0.25518,0.96689,8.0,8.0,7.86
2026-01-15T08:00:00Z,MTR,8.0,53.3,994.7,4.34,8,15,0.86603,-0.5,0.25518,0.96689,8.0,8.0,8.0
2026-01-15T09:00:00Z,MTR,8.0,49.3,991.6,3.97,9,15,0.70711,-0.70711,0.25518,0.96689,8.0,8.0,8.0
2026-01-15T10:00:00Z,MTR,8.0,54.4,988.6,9.4,10,15,0.5,-0.86603,0.25518,0.96689,8.0,8.0,8.0
2026-01-15T11:00:00Z,MTR,8.0,51.3,987.1,8.26,11,15,0.25882,-0.96593,0.25518,0.96689,8.0,8.0,8.0
2026-01-15T12:00:00Z,MTR,8.0,65.2,986.5,8.59,12,15,0.0,-1.0,0.25518,0.96689,8.0,8.0,7.84
2026-01-15T13:00:00Z,MTR,8.0,68.6,986.9,11.87,13,15,-0.25882,-0.96593,0.25518,0.96689,8.0,7.56,7.6
2026-01-15T14:00:00Z,MTR,8.0,62.7,989.3,6.16,14,15,-0.5,-0.86603,0.25518,0.96689,8.0,6.31,7.33
2026-01-15T15:00:00Z,MTR,8.0,57.7,990.5,9.13,15,15,-0.70711,-0.70711,0.25518,0.96689,8.0,6.9,7.61
2026-01-15T16:00:00Z,MTR,8.0,55.5,989.9,6.41,16,15,-0.86603,-0.5,0.25518,0.96689,8.0,7.12,7.19
2026-01-15T17:00:00Z,MTR,8.0,57.4,989.5,7.66,17,15,-0.96593,-0.25882,0.25518,0.96689,8.0,7.84,6.75
2026-01-15T18:00:00Z,MTR,8.0,54.5,987.3,6.55,18,15,-1.0,-0.0,0.25518,0.96689,7.56,6.97,7.75
2026-01-15T19:00:00Z,MTR,7.56,64.8,987.1,7.32,19,15,-0.96593,0.25882,0.25518,0.96689,6.31,6.0,6.46
2026-01-15T20:00:00Z,MTR,6.31,66.8,986.4,9.87,20,15,-0.86603,0.5,0.25518,0.96689,6.9,7.54,5.38
2026-01-15T21:00:00Z,MTR,6.9,56.3,986.8,11.48,21,15,-0.70711,0.70711,0.25518,0.96689,7.12,7.15,6.61
2026-01-15T22:00:00Z,MTR,7.12,58.2,985.2,10.29,22,15,-0.5,0.86603,0.25518,0.96689,7.84,7.52,7.72
2026-01-15T23:00:00Z,MTR,7.84,55.2,986.1,9.76,23,15,-0.25882,0.96593,0.25518,0.96689,6.97,7.28,6.21
2026-01-16T00:00:00Z,MTR,6.97,59.0,988.7,13.35,0,16,0.0,1.0,0.27178,0.96236,6.0,7.03,7.82
2026-01-16T01:00:00Z,MTR,6.0,59.4,988.4,9.5,1,16,0.25882,0.96593,0.27178,0.96236,7.54,7.86,8.0
2026-01-16T02:00:00Z,MTR,7.54,58.3,988.9,6.32,2,16,0.5,0.86603,0.27178,0.96236,7.15,8.0,7.83
2026-01-16T03:00:00Z,MTR,7.15,49.7,990.0,4.46,3,16,0.70711,0.70711,0.27178,0.96236,7.52,8.0,8.0
2026-01-16T04:00:00Z,MTR,7.52,54.9,989.1,8.89,4,16,0.86603,0.5,0.27178,0.96236,7.28,8.0,7.95
2026-01-16T05:00:00Z,MTR,7.28,53.6,989.4,5.23,5,16,0.96593,0.25882,0.27178,0.96236,7.03,8.0,8.0
2026-01-16T06:00:00Z,MTR,7.03,61.2,989.2,6.08,6,16,1.0,0.0,0.27178,0.96236,7.86,7.84,8.0
2026-01-16T07:00:00Z,MTR,7.86,53.3,989.3,8.67,7,16,0.96593,-0.25882,0.27178,0.96236,8.0,7.6,7.68
2026-01-16T08:00:00Z,MTR,8.0,60.7,987.8,10.65,8,16,0.86603,-0.5,0.27178,0.96236,8.0,7.33,7.02
2026-01-16T09:00:00Z,MTR,8.0,56.1,987.8,7.99,9,16,0.70711,-0.70711,0.27178,0.96236,8.0,7.61,7.5
2026-01-16T10:00:00Z,MTR,8.0,57.1,988.7,5.87,10,16,0.5,-0.86603,0.27178,0.96236,8.0,7.19,7.13
2026-01-16T11:00:00Z,MTR,8.0,60.7,991.2,7.14,11,16,0.25882,-0.96593,0.27178,0.96236,7.84,6.75,6.23
2026-01-16T12:00:00Z,MTR,7.84,48.0,992.7,6.39,12,16,0.0,-1.0,0.27178,0.96236,7.6,7.75,6.76
2026-01-16T13:00:00Z,MTR,7.6,37.5,996.3,5.98,13,16,-0.25882,-0.96593,0.27178,0.96236,7.33,6.46,7.16
2026-01-16T14:00:00Z,MTR,7.33,45.1,994.4,3.96,14,16,-0.5,-0.86603,0.27178,0.96236,7.61,5.38,7.44
2026-01-16T15:00:00Z,MTR,7.61,52.8,995.5,4.31,15,16,-0.70711,-0.70711,0.27178,0.96236,7.19,6.61,7.29
2026-01-16T16:00:00Z,MTR,7.19,46.1,995.4,8.09,16,16,-0.86603,-0.5,0.27178,0.96236,6.75,7.72,6.37
2026-01-16T17:00:00Z,MTR,6.75,44.6,998.8,6.43,17,16,-0.96593,-0.25882,0.27178,0.96236,7.75,6.21,7.01
2026-01-16T18:00:00Z,MTR,7.75,53.1,996.6,7.96,18,16,-1.0,-0.0,0.27178,0.96236,6.46,7.82,7.34
2026-01-16T19:00:00Z,MTR,6.46,55.4,994.4,2.66,19,16,-0.96593,0.25882,0.27178,0.96236,5.38,8.0,8.0
2026-01-16T20:00:00Z,MTR,5.38,59.0,992.7,5.15,20,16,-0.86603,0.5,0.27178,0.96236,6.61,7.83,8.0
2026-01-16T21:00:00Z,MTR,6.61,62.5,988.4,10.36,21,16,-0.70711,0.70711,0.27178,0.96236,7.72,8.0,8.0
2026-01-16T22:00:00Z,MTR,7.72,55.3,987.0,10.01,22,16,-0.5,0.86603,0.27178,0.96236,6.21,7.95,8.0
2026-01-16T23:00:00Z,MTR,6.21,70.8,985.3,10.22,23,16,-0.25882,0.96593,0.27178,0.96236,7.82,8.0,8.0
2026-01-17T00:00:00Z,MTR,7.82,57.7,985.2,8.7,0,17,0.0,1.0,0.28829,0.95754,8.0,8.0,8.0
2026-01-17T01:00:00Z,MTR,8.0,58.8,985.4,8.11,1,17,0.25882,0.96593,0.28829,0.95754,7.83,7.68,8.0
2026-01-17T02:00:00Z,MTR,7.83,59.2,988.3,8.45,2,17,0.5,0.86603,0.28829,0.95754,8.0,7.02,8.0
2026-01-17T03:00:00Z,MTR,8.0,59.2,989.4,7.14,3,17,0.70711,0.70711,0.28829,0.95754,7.95,7.5,8.0
2026-01-17T04:00:00Z,MTR,7.95,67.6,987.6,9.71,4,17,0.86603,0.5,0.28829,0.95754,8.0,7.13,8.0
2026-01-17T05:00:00Z,MTR,8.0,59.5,985.2,9.52,5,17,0.96593,0.25882,0.28829,0.95754,8.0,6.23,8.0
2026-01-17T06:00:00Z,MTR,8.0,63.8,985.4,7.44,6,17,1.0,0.0,0.28829,0.95754,7.68,6.76,8.0
2026-01-17T07:00:00Z,MTR,7.68,63.2,982.2,11.7,7,17,0.96593,-0.25882,0.28829,0.95754,7.02,7.16,8.0
2026-01-17T08:00:00Z,MTR,7.02,71.8,984.8,12.07,8,17,0.86603,-0.5,0.28829,0.95754,7.5,7.44,8.0
2026-01-17T09:00:00Z,MTR,7.5,64.6,986.1,11.78,9,17,0.70711,-0.70711,0.28829,0.95754,7.13,7.29,8.0
2026-01-17T10:00:00Z,MTR,7.13,70.5,984.2,11.1,10,17,0.5,-0.86603,0.28829,0.95754,6.23,6.37,8.0
2026-01-17T11:00:00Z,MTR,6.23,62.8,980.2,12.47,11,17,0.25882,-0.96593,0.28829,0.95754,6.76,7.01,7.27
2026-01-17T12:00:00Z,MTR,6.76,62.8,981.9,8.23,12,17,0.0,-1.0,0.28829,0.95754,7.16,7.34,6.6
2026-01-17T13:00:00Z,MTR,7.16,68.4,980.7,9.58,13,17,-0.25882,-0.96593,0.28829,0.95754,7.44,8.0,7.01
2026-01-17T14:00:00Z,MTR,7.44,72.5,982.0,10.15,14,17,-0.5,-0.86603,0.28829,0.95754,7.29,8.0,5.85
2026-01-17T15:00:00Z,MTR,7.29,75.7,978.2,12.96,15,17,-0.70711,-0.70711,0.28829,0.95754,6.37,8.0,5.25
2026-01-17T16:00:00Z,MTR,6.37,79.6,976.2,11.22,16,17,-0.86603,-0.5,0.28829,0.95754,7.01,8.0,4.96
2026-01-17T17:00:00Z,MTR,7.01,79.8,975.5,12.06,17,17,-0.96593,-0.25882,0.28829,0.95754,7.34,8.0,3.98
2026-01-17T18:00:00Z,MTR,7.34,78.3,974.8,14.01,18,17,-1.0,-0.0,0.28829,0.95754,8.0,8.0,4.04
2026-01-17T19:00:00Z,MTR,8.0,76.6,973.3,13.67,19,17,-0.96593,0.25882,0.28829,0.95754,8.0,8.0,4.22
2026-01-17T20:00:00Z,MTR,8.0,69.8,973.8,13.91,20,17,-0.86603,0.5,0.28829,0.95754,8.0,8.0,5.18
2026-01-17T21:00:00Z,MTR,8.0,66.9,971.2,12.55,21,17,-0.70711,0.70711,0.28829,0.95754,8.0,8.0,5.03
2026-01-17T22:00:00Z,MTR,8.0,79.3,970.4,13.72,22,17,-0.5,0.86603,0.28829,0.95754,8.0,8.0,3.36
2026-01-17T23:00:00Z,MTR,8.0,82.9,970.2,13.51,23,17,-0.25882,0.96593,0.28829,0.95754,8.0,8.0,3.03
2026-01-18T00:00:00Z,MTR,8.0,65.0,970.7,14.28,0,18,0.0,1.0,0.30472,0.95244,8.0,8.0,2.99
2026-01-18T01:00:00Z,MTR,8.0,71.5,971.5,13.12,1,18,0.25882,0.96593,0.30472,0.95244,8.0,8.0,4.27
2026-01-18T02:00:00Z,MTR,8.0,74.9,969.1,13.66,2,18,0.5,0.86603,0.30472,0.95244,8.0,8.0,4.42
2026-01-18T03:00:00Z,MTR,8.0,82.8,966.1,16.05,3,18,0.70711,0.70711,0.30472,0.95244,8.0,8.0,5.12
2026-01-18T04:00:00Z,MTR,8.0,82.9,968.4,19.24,4,18,0.86603,0.5,0.30472,0.95244,8.0,8.0,5.31
2026-01-18T05:00:00Z,MTR,8.0,86.3,968.9,16.04,5,18,0.96593,0.25882,0.30472,0.95244,8.0,7.27,6.17
2026-01-18T06:00:00Z,MTR,8.0,74.4,967.5,11.77,6,18,1.0,0.0,0.30472,0.95244,8.0,6.6,6.13
2026-01-18T07:00:00Z,MTR,8.0,80.8,970.4,15.06,7,18,0.96593,-0.25882,0.30472,0.95244,8.0,7.01,5.32
2026-01-18T08:00:00Z,MTR,8.0,71.4,970.7,13.24,8,18,0.86603,-0.5,0.30472,0.95244,8.0,5.85,3.81
2026-01-18T09:00:00Z,MTR,8.0,79.7,972.9,11.64,9,18,0.70711,-0.70711,0.30472,0.95244,8.0,5.25,4.7
2026-01-18T10:00:00Z,MTR,8.0,73.9,973.2,14.85,10,18,0.5,-0.86603,0.30472,0.95244,7.27,4.96,5.34
2026-01-18T11:00:00Z,MTR,7.27,65.6,977.1,12.3,11,18,0.25882,-0.96593,0.30472,0.95244,6.6,3.98,5.92
2026-01-18T12:00:00Z,MTR,6.6,66.1,980.3,16.03,12,18,0.0,-1.0,0.30472,0.95244,7.01,4.04,6.15
2026-01-18T13:00:00Z,MTR,7.01,62.8,979.9,10.96,13,18,-0.25882,-0.96593,0.30472,0.95244,5.85,4.22,4.72
2026-01-18T14:00:00Z,MTR,5.85,66.7,981.8,10.1,14,18,-0.5,-0.86603,0.30472,0.95244,5.25,5.18,4.27
2026-01-18T15:00:00Z,MTR,5.25,68.7,983.2,12.5,15,18,-0.70711,-0.70711,0.30472,0.95244,4.96,5.03,4.18
2026-01-18T16:00:00Z,MTR,4.96,67.1,985.9,9.26,16,18,-0.86603,-0.5,0.30472,0.95244,3.98,3.36,3.54
2026-01-18T17:00:00Z,MTR,3.98,60.4,984.3,7.61,17,18,-0.96593,-0.25882,0.30472,0.95244,4.04,3.03,3.87
2026-01-18T18:00:00Z,MTR,4.04,68.2,985.9,7.43,18,18,-1.0,-0.0,0.30472,0.95244,4.22,2.99,3.62
2026-01-18T19:00:00Z,MTR,4.22,59.0,988.2,7.77,19,18,-0.96593,0.25882,0.30472,0.95244,5.18,4.27,3.98
2026-01-18T20:00:00Z,MTR,5.18,69.1,985.5,10.66,20,18,-0.86603,0.5,0.30472,0.95244,5.03,4.42,4.72
2026-01-18T21:00:00Z,MTR,5.03,64.0,983.9,12.39,21,18,-0.70711,0.70711,0.30472,0.95244,3.36,5.12,4.92
2026-01-18T22:00:00Z,MTR,3.36,66.5,981.1,12.41,22,18,-0.5,0.86603,0.30472,0.95244,3.03,5.31,4.97
2026-01-18T23:00:00Z,MTR,3.03,69.8,981.6,11.76,23,18,-0.25882,0.96593,0.30472,0.95244,2.99,6.17,3.99
2026-01-19T00:00:00Z,MTR,2.99,66.1,984.0,12.02,0,19,0.0,1.0,0.32106,0.94706,4.27,6.13,4.15
2026-01-19T01:00:00Z,MTR,4.27,57.4,987.8,9.82,1,19,0.25882,0.96593,0.32106,0.94706,4.42,5.32,3.18
2026-01-19T02:00:00Z,MTR,4.42,63.9,988.8,6.41,2,19,0.5,0.86603,0.32106,0.94706,5.12,3.81,2.66
2026-01-19T03:00:00Z,MTR,5.12,49.4,992.7,6.48,3,19,0.70711,0.70711,0.32106,0.94706,5.31,4.7,3.37
2026-01-19T04:00:00Z,MTR,5.31,58.8,991.1,6.45,4,19,0.86603,0.5,0.32106,0.94706,6.17,5.34,2.95
2026-01-19T05:00:00Z,MTR,6.17,61.9,989.0,10.7,5,19,0.96593,0.25882,0.32106,0.94706,6.13,5.92,5.25
2026-01-19T06:00:00Z,MTR,6.13,62.1,990.0,5.93,6,19,1.0,0.0,0.32106,0.94706,5.32,6.15,6.42
2026-01-19T07:00:00Z,MTR,5.32,60.3,991.8,5.37,7,19,0.96593,-0.25882,0.32106,0.94706,3.81,4.72,6.88
2026-01-19T08:00:00Z,MTR,3.81,53.5,992.8,7.26,8,19,0.86603,-0.5,0.32106,0.94706,4.7,4.27,5.15
2026-01-19T09:00:00Z,MTR,4.7,58.6,990.0,11.68,9,19,0.70711,-0.70711,0.32106,0.94706,5.34,4.18,4.16
2026-01-19T10:00:00Z,MTR,5.34,56.5,991.1,8.95,10,19,0.5,-0.86603,0.32106,0.94706,5.92,3.54,6.29
2026-01-19T11:00:00Z,MTR,5.92,66.9,989.8,9.97,11,19,0.25882,-0.96593,0.32106,0.94706,6.15,3.87,6.09
2026-01-19T12:00:00Z,MTR,6.15,57.5,992.2,4.88,12,19,0.0,-1.0,0.32106,0.94706,4.72,3.62,7.12
2026-01-19T13:00:00Z,MTR,4.72,58.7,993.9,7.86,13,19,-0.25882,-0.96593,0.32106,0.94706,4.27,3.98,6.71
2026-01-19T14:00:00Z,MTR,4.27,51.9,993.2,4.55,14,19,-0.5,-0.86603,0.32106,0.94706,4.18,4.72,5.87
2026-01-19T15:00:00Z,MTR,4.18,48.6,993.2,8.23,15,19,-0.70711,-0.70711,0.32106,0.94706,3.54,4.92,4.95
2026-01-19T16:00:00Z,MTR,3.54,49.3,992.2,3.95,16,19,-0.86603,-0.5,0.32106,0.94706,3.87,4.97,3.67
2026-01-19T17:00:00Z,MTR,3.87,58.9,993.0,6.14,17,19,-0.96593,-0.25882,0.32106,0.94706,3.62,3.99,3.99
2026-01-19T18:00:00Z,MTR,3.62,46.3,995.6,1.86,18,19,-1.0,-0.0,0.32106,0.94706,3.98,4.15,4.12
2026-01-19T19:00:00Z,MTR,3.98,67.9,994.5,4.57,19,19,-0.96593,0.25882,0.32106,0.94706,4.72,3.18,3.55
2026-01-19T20:00:00Z,MTR,4.72,47.8,996.1,2.96,20,19,-0.86603,0.5,0.32106,0.94706,4.92,2.66,1.89
2026-01-19T21:00:00Z,MTR,4.92,53.3,995.6,7.26,21,19,-0.70711,0.70711,0.32106,0.94706,4.97,3.37,1.74
2026-01-19T22:00:00Z,MTR,4.97,54.0,994.7,6.47,22,19,-0.5,0.86603,0.32106,0.94706,3.99,2.95,2.28
2026-01-19T23:00:00Z,MTR,3.99,52.6,994.9,5.26,23,19,-0.25882,0.96593,0.32106,0.94706,4.15,5.25,4.09
2026-01-20T00:00:00Z,MTR,4.15,47.6,993.4,6.93,0,20,0.0,1.0,0.3373,0.9414,3.18,6.42,4.96
2026-01-20T01:00:00Z,MTR,3.18,55.0,992.8,5.25,1,20,0.25882,0.96593,0.3373,0.9414,2.66,6.88,5.29
2026-01-20T02:00:00Z,MTR,2.66,57.7,990.9,8.17,2,20,0.5,0.86603,0.3373,0.9414,3.37,5.15,4.91
2026-01-20T03:00:00Z,MTR,3.37,50.5,994.8,6.08,3,20,0.70711,0.70711,0.3373,0.9414,2.95,4.16,6.21
2026-01-20T04:00:00Z,MTR,2.95,62.6,994.9,10.76,4,20,0.86603,0.5,0.3373,0.9414,5.25,6.29,6.64
2026-01-20T05:00:00Z,MTR,5.25,46.1,993.6,9.9,5,20,0.96593,0.25882,0.3373,0.9414,6.42,6.09,7.14
2026-01-20T06:00:00Z,MTR,6.42,46.0,993.9,8.41,6,20,1.0,0.0,0.3373,0.9414,6.88,7.12,8.0
2026-01-20T07:00:00Z,MTR,6.88,57.4,993.6,7.23,7,20,0.96593,-0.25882,0.3373,0.9414,5.15,6.71,8.0
2026-01-20T08:00:00Z,MTR,5.15,53.9,993.0,7.69,8,20,0.86603,-0.5,0.3373,0.9414,4.16,5.87,8.0
2026-01-20T09:00:00Z,MTR,4.16,49.5,993.8,9.05,9,20,0.70711,-0.70711,0.3373,0.9414,6.29,4.95,8.0
2026-01-20T10:00:00Z,MTR,6.29,53.2,994.8,6.81,10,20,0.5,-0.86603,0.3373,0.9414,6.09,3.67,8.0
2026-01-20T11:00:00Z,MTR,6.09,58.7,993.3,7.42,11,20,0.25882,-0.96593,0.3373,0.9414,7.12,3.99,8.0
2026-01-20T12:00:00Z,MTR,7.12,46.8,991.8,6.07,12,20,0.0,-1.0,0.3373,0.9414,6.71,4.12,8.0
2026-01-20T13:00:00Z,MTR,6.71,59.6,990.9,6.17,13,20,-0.25882,-0.96593,0.3373,0.9414,5.87,3.55,8.0
2026-01-20T14:00:00Z,MTR,5.87,63.1,986.2,8.87,14,20,-0.5,-0.86603,0.3373,0.9414,4.95,1.89,7.31
2026-01-20T15:00:00Z,MTR,4.95,62.1,983.2,4.87,15,20,-0.70711,-0.70711,0.3373,0.9414,3.67,1.74,7.82
2026-01-20T16:00:00Z,MTR,3.67,63.5,985.5,9.28,16,20,-0.86603,-0.5,0.3373,0.9414,3.99,2.28,6.27
2026-01-20T17:00:00Z,MTR,3.99,60.6,988.1,7.98,17,20,-0.96593,-0.25882,0.3373,0.9414,4.12,4.09,6.67
2026-01-20T18:00:00Z,MTR,4.12,63.8,987.1,10.55,18,20,-1.0,-0.0,0.3373,0.9414,3.55,4.96,6.39
2026-01-20T19:00:00Z,MTR,3.55,55.7,987.7,11.06,19,20,-0.96593,0.25882,0.3373,0.9414,1.89,5.29,6.14
2026-01-20T20:00:00Z,MTR,1.89,66.9,987.7,13.75,20,20,-0.86603,0.5,0.3373,0.9414,1.74,4.91,5.84
2026-01-20T21:00:00Z,MTR,1.74,59.7,992.6,8.11,21,20,-0.70711,0.70711,0.3373,0.9414,2.28,6.21,4.99
2026-01-20T22:00:00Z,MTR,2.28,58.3,993.8,6.86,22,20,-0.5,0.86603,0.3373,0.9414,4.09,6.64,4.88
2026-01-20T23:00:00Z,MTR,4.09,45.4,992.7,5.8,23,20,-0.25882,0.96593,0.3373,0.9414,4.96,7.14,5.15
2026-01-21T00:00:00Z,MTR,4.96,62.3,990.1,5.69,0,21,0.0,1.0,0.35344,0.93546,5.29,8.0,5.49
2026-01-21T01:00:00Z,MTR,5.29,59.9,986.5,10.82,1,21,0.25882,0.96593,0.35344,0.93546,4.91,8.0,5.57
2026-01-21T02:00:00Z,MTR,4.91,64.0,986.3,9.0,2,21,0.5,0.86603,0.35344,0.93546,6.21,8.0,5.72
2026-01-21T03:00:00Z,MTR,6.21,53.8,984.5,10.53,3,21,0.70711,0.70711,0.35344,0.93546,6.64,8.0,5.94
2026-01-21T04:00:00Z,MTR,6.64,63.3,981.5,10.71,4,21,0.86603,0.5,0.35344,0.93546,7.14,8.0,6.11
2026-01-21T05:00:00Z,MTR,7.14,72.5,980.1,11.23,5,21,0.96593,0.25882,0.35344,0.93546,8.0,8.0,5.19
2026-01-21T06:00:00Z,MTR,8.0,73.4,978.0,12.29,6,21,1.0,0.0,0.35344,0.93546,8.0,8.0,5.29
2026-01-21T07:00:00Z,MTR,8.0,62.2,981.0,11.69,7,21,0.96593,-0.25882,0.35344,0.93546,8.0,8.0,4.99
2026-01-21T08:00:00Z,MTR,8.0,69.7,982.4,12.26,8,21,0.86603,-0.5,0.35344,0.93546,8.0,7.31,5.35
2026-01-21T09:00:00Z,MTR,8.0,61.2,982.1,7.99,9,21,0.70711,-0.70711,0.35344,0.93546,8.0,7.82,5.07
2026-01-21T10:00:00Z,MTR,8.0,62.3,984.6,10.8,10,21,0.5,-0.86603,0.35344,0.93546,8.0,6.27,5.69
2026-01-21T11:00:00Z,MTR,8.0,56.8,984.5,7.09,11,21,0.25882,-0.96593,0.35344,0.93546,8.0,6.67,6.83
2026-01-21T12:00:00Z,MTR,8.0,67.5,982.7,11.67,12,21,0.0,-1.0,0.35344,0.93546,8.0,6.39,6.68
2026-01-21T13:00:00Z,MTR,8.0,68.2,985.3,10.04,13,21,-0.25882,-0.96593,0.35344,0.93546,7.31,6.14,6.88
2026-01-21T14:00:00Z,MTR,7.31,66.1,986.0,9.01,14,21,-0.5,-0.86603,0.35344,0.93546,7.82,5.84,6.55
2026-01-21T15:00:00Z,MTR,7.82,59.5,983.9,9.8,15,21,-0.70711,-0.70711,0.35344,0.93546,6.27,4.99,6.27
2026-01-21T16:00:00Z,MTR,6.27,64.5,983.4,10.31,16,21,-0.86603,-0.5,0.35344,0.93546,6.67,4.88,7.0
2026-01-21T17:00:00Z,MTR,6.67,59.2,981.7,12.77,17,21,-0.96593,-0.25882,0.35344,0.93546,6.39,5.15,8.0
2026-01-21T18:00:00Z,MTR,6.39,76.6,979.2,13.43,18,21,-1.0,-0.0,0.35344,0.93546,6.14,5.49,4.77
2026-01-21T19:00:00Z,MTR,6.14,67.8,981.0,12.59,19,21,-0.96593,0.25882,0.35344,0.93546,5.84,5.57,8.0
2026-01-21T20:00:00Z,MTR,5.84,65.8,984.5,6.97,20,21,-0.86603,0.5,0.35344,0.93546,4.99,5.72,8.0
2026-01-21T21:00:00Z,MTR,4.99,67.6,981.9,11.69,21,21,-0.70711,0.70711,0.35344,0.93546,4.88,5.94,8.0
2026-01-21T22:00:00Z,MTR,4.88,60.6,982.9,5.4,22,21,-0.5,0.86603,0.35344,0.93546,5.15,6.11,8.0
2026-01-21T23:00:00Z,MTR,5.15,62.5,981.7,6.35,23,21,-0.25882,0.96593,0.35344,0.93546,5.49,5.19,8.0
2026-01-22T00:00:00Z,MTR,5.49,70.4,980.8,13.15,0,22,0.0,1.0,0.36948,0.92924,5.57,5.29,8.0
2026-01-22T01:00:00Z,MTR,5.57,75.9,979.8,8.35,1,22,0.25882,0.96593,0.36948,0.92924,5.72,4.99,8.0
2026-01-22T02:00:00Z,MTR,5.72,68.4,978.3,11.38,2,22,0.5,0.86603,0.36948,0.92924,5.94,5.35,8.0
2026-01-22T03:00:00Z,MTR,5.94,76.7,978.5,14.48,3,22,0.70711,0.70711,0.36948,0.92924,6.11,5.07,8.0
2026-01-22T04:00:00Z,MTR,6.11,76.5,977.1,13.31,4,22,0.86603,0.5,0.36948,0.92924,5.19,5.69,8.0
2026-01-22T05:00:00Z,MTR,5.19,69.5,977.7,12.67,5,22,0.96593,0.25882,0.36948,0.92924,5.29,6.83,8.0
2026-01-22T06:00:00Z,MTR,5.29,76.4,977.7,11.83,6,22,1.0,0.0,0.36948,0.92924,4.99,6.68,8.0
2026-01-22T07:00:00Z,MTR,4.99,76.5,977.3,12.33,7,22,0.96593,-0.25882,0.36948,0.92924,5.35,6.88,8.0
2026-01-22T08:00:00Z,MTR,5.35,62.0,975.7,11.37,8,22,0.86603,-0.5,0.36948,0.92924,5.07,6.55,8.0
2026-01-22T09:00:00Z,MTR,5.07,77.4,974.7,11.98,9,22,0.70711,-0.70711,0.36948,0.92924,5.69,6.27,8.0
2026-01-22T10:00:00Z,MTR,5.69,79.1,976.1,12.64,10,22,0.5,-0.86603,0.36948,0.92924,6.83,7.0,8.0
2026-01-22T11:00:00Z,MTR,6.83,66.0,976.9,12.65,11,22,0.25882,-0.96593,0.36948,0.92924,6.68,8.0,8.0
2026-01-22T12:00:00Z,MTR,6.68,67.1,975.0,12.5,12,22,0.0,-1.0,0.36948,0.92924,6.88,4.77,8.0
2026-01-22T13:00:00Z,MTR,6.88,73.4,975.1,8.31,13,22,-0.25882,-0.96593,0.36948,0.92924,6.55,8.0,8.0
2026-01-22T14:00:00Z,MTR,6.55,81.2,976.4,15.51,14,22,-0.5,-0.86603,0.36948,0.92924,6.27,8.0,8.0
2026-01-22T15:00:00Z,MTR,6.27,71.1,973.1,15.34,15,22,-0.70711,-0.70711,0.36948,0.92924,7.0,8.0,8.0
2026-01-22T16:00:00Z,MTR,7.0,67.0,974.0,12.77,16,22,-0.86603,-0.5,0.36948,0.92924,8.0,8.0,8.0
2026-01-22T17:00:00Z,MTR,8.0,74.8,972.6,15.58,17,22,-0.96593,-0.25882,0.36948,0.92924,4.77,8.0,8.0
2026-01-22T18:00:00Z,MTR,4.77,72.4,973.4,12.64,18,22,-1.0,-0.0,0.36948,0.92924,8.0,8.0,8.0
2026-01-22T19:00:00Z,MTR,8.0,69.2,971.8,14.54,19,22,-0.96593,0.25882,0.36948,0.92924,8.0,8.0,8.0
2026-01-22T20:00:00Z,MTR,8.0,77.1,968.3,11.2,20,22,-0.86603,0.5,0.36948,0.92924,8.0,8.0,8.0
2026-01-22T21:00:00Z,MTR,8.0,86.4,965.4,16.56,21,22,-0.70711,0.70711,0.36948,0.92924,8.0,8.0,8.0
2026-01-22T22:00:00Z,MTR,8.0,93.4,965.5,15.43,22,22,-0.5,0.86603,0.36948,0.92924,8.0,8.0,8.0
2026-01-22T23:00:00Z,MTR,8.0,86.7,966.0,16.26,23,22,-0.25882,0.96593,0.36948,0.92924,8.0,8.0,8.0
2026-01-23T00:00:00Z,MTR,8.0,90.6,964.4,19.79,0,23,0.0,1.0,0.38541,0.92274,8.0,8.0,8.0
2026-01-23T01:00:00Z,MTR,8.0,78.7,965.6,15.93,1,23,0.25882,0.96593,0.38541,0.92274,8.0,8.0,5.24
2026-01-23T02:00:00Z,MTR,8.0,86.7,962.6,16.04,2,23,0.5,0.86603,0.38541,0.92274,8.0,8.0,5.13
2026-01-23T03:00:00Z,MTR,8.0,86.0,962.7,16.05,3,23,0.70711,0.70711,0.38541,0.92274,8.0,8.0,4.5
2026-01-23T04:00:00Z,MTR,8.0,90.4,960.7,14.78,4,23,0.86603,0.5,0.38541,0.92274,8.0,8.0,3.49
2026-01-23T05:00:00Z,MTR,8.0,93.8,959.8,18.72,5,23,0.96593,0.25882,0.38541,0.92274,8.0,8.0,4.08
2026-01-23T06:00:00Z,MTR,8.0,95.2,960.2,18.83,6,23,1.0,0.0,0.38541,0.92274,8.0,8.0,5.01
2026-01-23T07:00:00Z,MTR,8.0,91.6,959.0,18.29,7,23,0.96593,-0.25882,0.38541,0.92274,8.0,8.0,4.89
2026-01-23T08:00:00Z,MTR,8.0,89.6,958.8,20.07,8,23,0.86603,-0.5,0.38541,0.92274,8.0,8.0,5.97
2026-01-23T09:00:00Z,MTR,8.0,95.8,961.1,19.32,9,23,0.70711,-0.70711,0.38541,0.92274,8.0,8.0,5.27
2026-01-23T10:00:00Z,MTR,8.0,93.4,960.5,17.8,10,23,0.5,-0.86603,0.38541,0.92274,8.0,8.0,5.67
2026-01-23T11:00:00Z,MTR,8.0,91.0,962.6,18.15,11,23,0.25882,-0.96593,0.38541,0.92274,8.0,8.0,4.38
2026-01-23T12:00:00Z,MTR,8.0,90.3,961.0,21.84,12,23,0.0,-1.0,0.38541,0.92274,8.0,8.0,3.9
2026-01-23T13:00:00Z,MTR,8.0,93.1,962.6,15.31,13,23,-0.25882,-0.96593,0.38541,0.92274,8.0,8.0,2.75
2026-01-23T14:00:00Z,MTR,8.0,78.1,965.9,17.43,14,23,-0.5,-0.86603,0.38541,0.92274,8.0,8.0,3.31
2026-01-23T15:00:00Z,MTR,8.0,92.7,962.0,17.35,15,23,-0.70711,-0.70711,0.38541,0.92274,8.0,8.0,3.58
2026-01-23T16:00:00Z,MTR,8.0,93.9,961.4,19.47,16,23,-0.86603,-0.5,0.38541,0.92274,8.0,8.0,5.36
2026-01-23T17:00:00Z,MTR,8.0,81.7,963.3,15.13,17,23,-0.96593,-0.25882,0.38541,0.92274,8.0,8.0,5.28
2026-01-23T18:00:00Z,MTR,8.0,82.8,963.9,16.93,18,23,-1.0,-0.0,0.38541,0.92274,8.0,8.0,4.72
2026-01-23T19:00:00Z,MTR,8.0,77.4,965.6,14.61,19,23,-0.96593,0.25882,0.38541,0.92274,8.0,5.24,3.73
2026-01-23T20:00:00Z,MTR,8.0,85.7,965.5,12.45,20,23,-0.86603,0.5,0.38541,0.92274,8.0,5.13,4.34
2026-01-23T21:00:00Z,MTR,8.0,70.8,966.8,18.37,21,23,-0.70711,0.70711,0.38541,0.92274,8.0,4.5,6.2
2026-01-23T22:00:00Z,MTR,8.0,82.7,967.7,14.4,22,23,-0.5,0.86603,0.38541,0.92274,8.0,3.49,6.79
2026-01-23T23:00:00Z,MTR,8.0,73.9,971.0,12.47,23,23,-0.25882,0.96593,0.38541,0.92274,8.0,4.08,6.83
2026-01-24T00:00:00Z,MTR,8.0,71.2,972.6,12.47,0,24,0.0,1.0,0.40123,0.91598,5.24,5.01,6.78
2026-01-24T01:00:00Z,MTR,5.24,66.2,974.4,16.68,1,24,0.25882,0.96593,0.40123,0.91598,5.13,4.89,5.62
2026-01-24T02:00:00Z,MTR,5.13,70.4,974.9,15.5,2,24,0.5,0.86603,0.40123,0.91598,4.5,5.97,6.5
2026-01-24T03:00:00Z,MTR,4.5,80.6,975.2,12.32,3,24,0.70711,0.70711,0.40123,0.91598,3.49,5.27,6.22
2026-01-24T04:00:00Z,MTR,3.49,69.9,975.8,14.29,4,24,0.86603,0.5,0.40123,0.91598,4.08,5.67,5.66
2026-01-24T05:00:00Z,MTR,4.08,72.1,977.9,9.72,5,24,0.96593,0.25882,0.40123,0.91598,5.01,4.38,5.94
2026-01-24T06:00:00Z,MTR,5.01,64.9,978.5,12.71,6,24,1.0,0.0,0.40123,0.91598,4.89,3.9,5.79
2026-01-24T07:00:00Z,MTR,4.89,72.7,980.4,10.16,7,24,0.96593,-0.25882,0.40123,0.91598,5.97,2.75,5.54
2026-01-24T08:00:00Z,MTR,5.97,65.5,985.6,10.18,8,24,0.86603,-0.5,0.40123,0.91598,5.27,3.31,5.61
2026-01-24T09:00:00Z,MTR,5.27,57.2,988.3,5.64,9,24,0.70711,-0.70711,0.40123,0.91598,5.67,3.58,4.58
2026-01-24T10:00:00Z,MTR,5.67,59.4,988.9,7.01,10,24,0.5,-0.86603,0.40123,0.91598,4.38,5.36,4.77
2026-01-24T11:00:00Z,MTR,4.38,56.6,992.2,7.46,11,24,0.25882,-0.96593,0.40123,0.91598,3.9,5.28,5.24
2026-01-24T12:00:00Z,MTR,3.9,49.7,992.5,7.34,12,24,0.0,-1.0,0.40123,0.91598,2.75,4.72,4.67
2026-01-24T13:00:00Z,MTR,2.75,52.5,989.9,4.94,13,24,-0.25882,-0.96593,0.40123,0.91598,3.31,3.73,5.79
2026-01-24T14:00:00Z,MTR,3.31,62.1,989.3,6.13,14,24,-0.5,-0.86603,0.40123,0.91598,3.58,4.34,5.31
2026-01-24T15:00:00Z,MTR,3.58,68.4,987.2,9.61,15,24,-0.70711,-0.70711,0.40123,0.91598,5.36,6.2,4.4
2026-01-24T16:00:00Z,MTR,5.36,60.5,988.0,9.13,16,24,-0.86603,-0.5,0.40123,0.91598,5.28,6.79,4.9
2026-01-24T17:00:00Z,MTR,5.28,61.9,989.3,9.36,17,24,-0.96593,-0.25882,0.40123,0.91598,4.72,6.83,4.75
2026-01-24T18:00:00Z,MTR,4.72,59.5,993.6,7.0,18,24,-1.0,-0.0,0.40123,0.91598,3.73,6.78,5.54
2026-01-24T19:00:00Z,MTR,3.73,49.3,995.3,3.97,19,24,-0.96593,0.25882,0.40123,0.91598,4.34,5.62,6.48
2026-01-24T20:00:00Z,MTR,4.34,50.3,995.8,5.18,20,24,-0.86603,0.5,0.40123,0.91598,6.2,6.5,5.14
2026-01-24T21:00:00Z,MTR,6.2,52.2,998.2,6.15,21,24,-0.70711,0.70711,0.40123,0.91598,6.79,6.22,6.64
2026-01-24T22:00:00Z,MTR,6.79,62.2,995.0,4.17,22,24,-0.5,0.86603,0.40123,0.91598,6.83,5.66,4.68
2026-01-24T23:00:00Z,MTR,6.83,53.5,996.3,3.49,23,24,-0.25882,0.96593,0.40123,0.91598,6.78,5.94,3.73
2026-01-25T00:00:00Z,MTR,6.78,49.5,998.4,4.43,0,25,0.0,1.0,0.41693,0.90894,5.62,5.79,2.81
2026-01-25T01:00:00Z,MTR,5.62,47.6,996.3,6.28,1,25,0.25882,0.96593,0.41693,0.90894,6.5,5.54,4.11
2026-01-25T02:00:00Z,MTR,6.5,46.1,999.0,1.16,2,25,0.5,0.86603,0.41693,0.90894,6.22,5.61,4.81
2026-01-25T03:00:00Z,MTR,6.22,49.7,1000.0,4.02,3,25,0.70711,0.70711,0.41693,0.90894,5.66,4.58,5.37
2026-01-25T04:00:00Z,MTR,5.66,50.1,999.5,5.7,4,25,0.86603,0.5,0.41693,0.90894,5.94,4.77,3.95
2026-01-25T05:00:00Z,MTR,5.94,42.8,1000.9,5.64,5,25,0.96593,0.25882,0.41693,0.90894,5.79,5.24,4.45
2026-01-25T06:00:00Z,MTR,5.79,46.8,1005.0,0.81,6,25,1.0,0.0,0.41693,0.90894,5.54,4.67,6.8
2026-01-25T07:00:00Z,MTR,5.54,47.5,1005.1,3.53,7,25,0.96593,-0.25882,0.41693,0.90894,5.61,5.79,7.57
2026-01-25T08:00:00Z,MTR,5.61,40.6,1005.3,4.73,8,25,0.86603,-0.5,0.41693,0.90894,4.58,5.31,7.63
2026-01-25T09:00:00Z,MTR,4.58,43.7,1004.0,4.38,9,25,0.70711,-0.70711,0.41693,0.90894,4.77,4.4,8.0
2026-01-25T10:00:00Z,MTR,4.77,40.7,1002.0,3.0,10,25,0.5,-0.86603,0.41693,0.90894,5.24,4.9,8.0
2026-01-25T11:00:00Z,MTR,5.24,37.9,1003.1,0.2,11,25,0.25882,-0.96593,0.41693,0.90894,4.67,4.75,8.0
2026-01-25T12:00:00Z,MTR,4.67,47.2,1000.9,4.61,12,25,0.0,-1.0,0.41693,0.90894,5.79,5.54,8.0
2026-01-25T13:00:00Z,MTR,5.79,42.9,1000.5,7.5,13,25,-0.25882,-0.96593,0.41693,0.90894,5.31,6.48,8.0
2026-01-25T14:00:00Z,MTR,5.31,51.2,998.9,6.5,14,25,-0.5,-0.86603,0.41693,0.90894,4.4,5.14,7.96
2026-01-25T15:00:00Z,MTR,4.4,45.8,999.1,6.3,15,25,-0.70711,-0.70711,0.41693,0.90894,4.9,6.64,7.82
2026-01-25T16:00:00Z,MTR,4.9,52.9,999.0,5.19,16,25,-0.86603,-0.5,0.41693,0.90894,4.75,4.68,5.75
2026-01-25T17:00:00Z,MTR,4.75,46.5,1000.0,6.3,17,25,-0.96593,-0.25882,0.41693,0.90894,5.54,3.73,5.41
2026-01-25T18:00:00Z,MTR,5.54,39.0,998.1,5.75,18,25,-1.0,-0.0,0.41693,0.90894,6.48,2.81,4.36
2026-01-25T19:00:00Z,MTR,6.48,47.2,996.6,2.14,19,25,-0.96593,0.25882,0.41693,0.90894,5.14,4.11,4.94
2026-01-25T20:00:00Z,MTR,5.14,54.2,993.9,8.32,20,25,-0.86603,0.5,0.41693,0.90894,6.64,4.81,3.93
2026-01-25T21:00:00Z,MTR,6.64,45.8,992.2,5.39,21,25,-0.70711,0.70711,0.41693,0.90894,4.68,5.37,3.25
2026-01-25T22:00:00Z,MTR,4.68,47.0,992.0,7.31,22,25,-0.5,0.86603,0.41693,0.90894,3.73,3.95,2.24
2026-01-25T23:00:00Z,MTR,3.73,54.2,992.4,8.51,23,25,-0.25882,0.96593,0.41693,0.90894,2.81,4.45,3.02
2026-01-26T00:00:00Z,MTR,2.81,62.2,989.7,6.42,0,26,0.0,1.0,0.4325,0.90163,4.11,6.8,3.51
2026-01-26T01:00:00Z,MTR,4.11,59.5,990.4,5.73,1,26,0.25882,0.96593,0.4325,0.90163,4.81,7.57,2.93
2026-01-26T02:00:00Z,MTR,4.81,55.5,991.9,8.17,2,26,0.5,0.86603,0.4325,0.90163,5.37,7.63,2.61
2026-01-26T03:00:00Z,MTR,5.37,50.8,991.5,5.1,3,26,0.70711,0.70711,0.4325,0.90163,3.95,8.0,3.69
2026-01-26T04:00:00Z,MTR,3.95,48.6,993.8,6.19,4,26,0.86603,0.5,0.4325,0.90163,4.45,8.0,5.7
2026-01-26T05:00:00Z,MTR,4.45,60.0,991.2,9.7,5,26,0.96593,0.25882,0.4325,0.90163,6.8,8.0,6.45
2026-01-26T06:00:00Z,MTR,6.8,61.7,987.8,11.82,6,26,1.0,0.0,0.4325,0.90163,7.57,8.0,7.71
2026-01-26T07:00:00Z,MTR,7.57,67.5,983.6,6.39,7,26,0.96593,-0.25882,0.4325,0.90163,7.63,8.0,7.83
2026-01-26T08:00:00Z,MTR,7.63,68.1,985.6,8.86,8,26,0.86603,-0.5,0.4325,0.90163,8.0,7.96,7.33
2026-01-26T09:00:00Z,MTR,8.0,60.3,985.9,11.73,9,26,0.70711,-0.70711,0.4325,0.90163,8.0,7.82,7.48
2026-01-26T10:00:00Z,MTR,8.0,64.8,985.0,8.71,10,26,0.5,-0.86603,0.4325,0.90163,8.0,5.75,8.0
2026-01-26T11:00:00Z,MTR,8.0,66.5,984.7,11.19,11,26,0.25882,-0.96593,0.4325,0.90163,8.0,5.41,8.0
2026-01-26T12:00:00Z,MTR,8.0,63.3,981.9,12.26,12,26,0.0,-1.0,0.4325,0.90163,8.0,4.36,7.86
2026-01-26T13:00:00Z,MTR,8.0,58.5,985.7,8.04,13,26,-0.25882,-0.96593,0.4325,0.90163,7.96,4.94,8.0
2026-01-26T14:00:00Z,MTR,7.96,66.5,985.2,10.29,14,26,-0.5,-0.86603,0.4325,0.90163,7.82,3.93,8.0
2026-01-26T15:00:00Z,MTR,7.82,63.5,984.7,10.58,15,26,-0.70711,-0.70711,0.4325,0.90163,5.75,3.25,8.0
2026-01-26T16:00:00Z,MTR,5.75,58.6,985.3,11.2,16,26,-0.86603,-0.5,0.4325,0.90163,5.41,2.24,8.0
2026-01-26T17:00:00Z,MTR,5.41,57.2,985.6,6.06,17,26,-0.96593,-0.25882,0.4325,0.90163,4.36,3.02,8.0
2026-01-26T18:00:00Z,MTR,4.36,56.8,985.4,11.97,18,26,-1.0,-0.0,0.4325,0.90163,4.94,3.51,8.0
2026-01-26T19:00:00Z,MTR,4.94,63.3,983.4,11.42,19,26,-0.96593,0.25882,0.4325,0.90163,3.93,2.93,8.0
2026-01-26T20:00:00Z,MTR,3.93,58.4,983.8,7.65,20,26,-0.86603,0.5,0.4325,0.90163,3.25,2.61,8.0
2026-01-26T21:00:00Z,MTR,3.25,61.4,986.7,8.67,21,26,-0.70711,0.70711,0.4325,0.90163,2.24,3.69,8.0
2026-01-26T22:00:00Z,MTR,2.24,70.8,988.6,9.97,22,26,-0.5,0.86603,0.4325,0.90163,3.02,5.7,8.0
2026-01-26T23:00:00Z,MTR,3.02,58.3,990.9,6.29,23,26,-0.25882,0.96593,0.4325,0.90163,3.51,6.45,8.0
2026-01-27T00:00:00Z,MTR,3.51,62.9,989.3,6.22,0,27,0.0,1.0,0.44794,0.89406,2.93,7.71,8.0
2026-01-27T01:00:00Z,MTR,2.93,62.7,987.0,8.88,1,27,0.25882,0.96593,0.44794,0.89406,2.61,7.83,3.74
2026-01-27T02:00:00Z,MTR,2.61,52.9,986.3,8.19,2,27,0.5,0.86603,0.44794,0.89406,3.69,7.33,6.01
2026-01-27T03:00:00Z,MTR,3.69,62.5,986.1,9.65,3,27,0.70711,0.70711,0.44794,0.89406,5.7,7.48,7.2
2026-01-27T04:00:00Z,MTR,5.7,56.9,987.7,10.24,4,27,0.86603,0.5,0.44794,0.89406,6.45,8.0,7.73
2026-01-27T05:00:00Z,MTR,6.45,59.7,984.3,10.28,5,27,0.96593,0.25882,0.44794,0.89406,7.71,8.0,8.0
2026-01-27T06:00:00Z,MTR,7.71,59.7,986.8,8.86,6,27,1.0,0.0,0.44794,0.89406,7.83,7.86,8.0
2026-01-27T07:00:00Z,MTR,7.83,65.1,986.3,10.74,7,27,0.96593,-0.25882,0.44794,0.89406,7.33,8.0,8.0
2026-01-27T08:00:00Z,MTR,7.33,61.0,985.2,9.22,8,27,0.86603,-0.5,0.44794,0.89406,7.48,8.0,8.0
2026-01-27T09:00:00Z,MTR,7.48,68.7,983.2,8.62,9,27,0.70711,-0.70711,0.44794,0.89406,8.0,8.0,8.0
2026-01-27T10:00:00Z,MTR,8.0,69.9,980.1,13.45,10,27,0.5,-0.86603,0.44794,0.89406,8.0,8.0,8.0
2026-01-27T11:00:00Z,MTR,8.0,66.7,981.6,5.79,11,27,0.25882,-0.96593,0.44794,0.89406,7.86,8.0,8.0
2026-01-27T12:00:00Z,MTR,7.86,66.2,981.7,10.73,12,27,0.0,-1.0,0.44794,0.89406,8.0,8.0,8.0
2026-01-27T13:00:00Z,MTR,8.0,75.3,979.3,10.66,13,27,-0.25882,-0.96593,0.44794,0.89406,8.0,8.0,8.0
2026-01-27T14:00:00Z,MTR,8.0,67.5,977.0,10.3,14,27,-0.5,-0.86603,0.44794,0.89406,8.0,8.0,8.0
2026-01-27T15:00:00Z,MTR,8.0,69.1,976.6,12.9,15,27,-0.70711,-0.70711,0.44794,0.89406,8.0,8.0,8.0
2026-01-27T16:00:00Z,MTR,8.0,67.3,979.8,12.17,16,27,-0.86603,-0.5,0.44794,0.89406,8.0,8.0,8.0
2026-01-27T17:00:00Z,MTR,8.0,71.2,979.3,9.76,17,27,-0.96593,-0.25882,0.44794,0.89406,8.0,8.0,8.0
2026-01-27T18:00:00Z,MTR,8.0,74.5,976.5,9.53,18,27,-1.0,-0.0,0.44794,0.89406,8.0,8.0,8.0
2026-01-27T19:00:00Z,MTR,8.0,69.0,976.2,9.83,19,27,-0.96593,0.25882,0.44794,0.89406,8.0,3.74,8.0
2026-01-27T20:00:00Z,MTR,8.0,78.6,975.7,16.21,20,27,-0.86603,0.5,0.44794,0.89406,8.0,6.01,6.31
2026-01-27T21:00:00Z,MTR,8.0,74.5,971.0,18.03,21,27,-0.70711,0.70711,0.44794,0.89406,8.0,7.2,5.5
2026-01-27T22:00:00Z,MTR,8.0,81.7,971.1,14.18,22,27,-0.5,0.86603,0.44794,0.89406,8.0,7.73,8.0
2026-01-27T23:00:00Z,MTR,8.0,79.5,971.0,12.34,23,27,-0.25882,0.96593,0.44794,0.89406,8.0,8.0,8.0
2026-01-28T00:00:00Z,MTR,8.0,76.7,972.4,13.4,0,28,0.0,1.0,0.46326,0.88622,3.74,8.0,8.0
2026-01-28T01:00:00Z,MTR,3.74,73.9,975.9,8.14,1,28,0.25882,0.96593,0.46326,0.88622,6.01,8.0,8.0
2026-01-28T02:00:00Z,MTR,6.01,70.3,977.8,12.52,2,28,0.5,0.86603,0.46326,0.88622,7.2,8.0,8.0
2026-01-28T03:00:00Z,MTR,7.2,72.2,977.2,10.13,3,28,0.70711,0.70711,0.46326,0.88622,7.73,8.0,8.0
2026-01-28T04:00:00Z,MTR,7.73,85.2,975.0,10.42,4,28,0.86603,0.5,0.46326,0.88622,8.0,8.0,4.04
2026-01-28T05:00:00Z,MTR,8.0,73.9,979.5,13.28,5,28,0.96593,0.25882,0.46326,0.88622,8.0,8.0,5.03
2026-01-28T06:00:00Z,MTR,8.0,66.3,979.3,11.1,6,28,1.0,0.0,0.46326,0.88622,8.0,8.0,5.29
2026-01-28T07:00:00Z,MTR,8.0,68.5,979.0,13.24,7,28,0.96593,-0.25882,0.46326,0.88622,8.0,8.0,6.48
2026-01-28T08:00:00Z,MTR,8.0,76.6,978.6,14.05,8,28,0.86603,-0.5,0.46326,0.88622,8.0,8.0,7.14
2026-01-28T09:00:00Z,MTR,8.0,67.8,978.7,11.44,9,28,0.70711,-0.70711,0.46326,0.88622,8.0,8.0,7.46
2026-01-28T10:00:00Z,MTR,8.0,79.0,978.1,11.79,10,28,0.5,-0.86603,0.46326,0.88622,8.0,8.0,7.66
2026-01-28T11:00:00Z,MTR,8.0,76.3,976.8,14.35,11,28,0.25882,-0.96593,0.46326,0.88622,8.0,8.0,8.0
2026-01-28T12:00:00Z,MTR,8.0,66.1,975.6,11.55,12,28,0.0,-1.0,0.46326,0.88622,8.0,8.0,8.0
2026-01-28T13:00:00Z,MTR,8.0,78.4,975.4,14.99,13,28,-0.25882,-0.96593,0.46326,0.88622,8.0,8.0,8.0
2026-01-28T14:00:00Z,MTR,8.0,62.5,974.4,8.99,14,28,-0.5,-0.86603,0.46326,0.88622,8.0,6.31,8.0
2026-01-28T15:00:00Z,MTR,8.0,74.0,973.1,12.75,15,28,-0.70711,-0.70711,0.46326,0.88622,8.0,5.5,7.2
2026-01-28T16:00:00Z,MTR,8.0,80.0,973.4,13.74,16,28,-0.86603,-0.5,0.46326,0.88622,8.0,8.0,6.85
2026-01-28T17:00:00Z,MTR,8.0,65.9,973.1,11.06,17,28,-0.96593,-0.25882,0.46326,0.88622,8.0,8.0,5.35
2026-01-28T18:00:00Z,MTR,8.0,83.1,976.0,13.24,18,28,-1.0,-0.0,0.46326,0.88622,8.0,8.0,5.02
2026-01-28T19:00:00Z,MTR,8.0,82.8,971.3,14.39,19,28,-0.96593,0.25882,0.46326,0.88622,6.31,8.0,3.55
2026-01-28T20:00:00Z,MTR,6.31,69.9,973.7,11.8,20,28,-0.86603,0.5,0.46326,0.88622,5.5,8.0,3.7
2026-01-28T21:00:00Z,MTR,5.5,79.5,976.3,10.85,21,28,-0.70711,0.70711,0.46326,0.88622,8.0,8.0,2.64
2026-01-28T22:00:00Z,MTR,8.0,66.1,972.9,11.8,22,28,-0.5,0.86603,0.46326,0.88622,8.0,4.04,2.66
2026-01-28T23:00:00Z,MTR,8.0,70.6,972.8,11.34,23,28,-0.25882,0.96593,0.46326,0.88622,8.0,5.03,1.61
2026-01-29T00:00:00Z,MTR,8.0,70.2,972.7,16.8,0,29,0.0,1.0,0.47843,0.87812,8.0,5.29,2.14
2026-01-29T01:00:00Z,MTR,8.0,68.3,970.9,13.77,1,29,0.25882,0.96593,0.47843,0.87812,8.0,6.48,2.33
2026-01-29T02:00:00Z,MTR,8.0,76.4,970.4,11.66,2,29,0.5,0.86603,0.47843,0.87812,8.0,7.14,2.59
2026-01-29T03:00:00Z,MTR,8.0,80.9,969.4,14.46,3,29,0.70711,0.70711,0.47843,0.87812,4.04,7.46,3.16
2026-01-29T04:00:00Z,MTR,4.04,76.3,973.7,13.76,4,29,0.86603,0.5,0.47843,0.87812,5.03,7.66,4.06
2026-01-29T05:00:00Z,MTR,5.03,72.5,976.3,10.75,5,29,0.96593,0.25882,0.47843,0.87812,5.29,8.0,3.91
2026-01-29T06:00:00Z,MTR,5.29,68.8,979.6,10.57,6,29,1.0,0.0,0.47843,0.87812,6.48,8.0,4.43
2026-01-29T07:00:00Z,MTR,6.48,61.3,981.8,13.18,7,29,0.96593,-0.25882,0.47843,0.87812,7.14,8.0,4.59
2026-01-29T08:00:00Z,MTR,7.14,64.5,980.6,8.63,8,29,0.86603,-0.5,0.47843,0.87812,7.46,8.0,6.04
2026-01-29T09:00:00Z,MTR,7.46,53.5,980.7,9.78,9,29,0.70711,-0.70711,0.47843,0.87812,7.66,7.2,6.07
2026-01-29T10:00:00Z,MTR,7.66,69.7,982.6,6.28,10,29,0.5,-0.86603,0.47843,0.87812,8.0,6.85,5.74
2026-01-29T11:00:00Z,MTR,8.0,68.3,981.5,14.31,11,29,0.25882,-0.96593,0.47843,0.87812,8.0,5.35,4.82
2026-01-29T12:00:00Z,MTR,8.0,64.7,984.0,11.16,12,29,0.0,-1.0,0.47843,0.87812,8.0,5.02,4.8
2026-01-29T13:00:00Z,MTR,8.0,67.1,984.7,9.5,13,29,-0.25882,-0.96593,0.47843,0.87812,8.0,3.55,4.36
2026-01-29T14:00:00Z,MTR,8.0,66.5,985.2,8.0,14,29,-0.5,-0.86603,0.47843,0.87812,7.2,3.7,4.64
2026-01-29T15:00:00Z,MTR,7.2,57.6,987.7,7.06,15,29,-0.70711,-0.70711,0.47843,0.87812,6.85,2.64,4.72
2026-01-29T16:00:00Z,MTR,6.85,57.0,989.6,7.41,16,29,-0.86603,-0.5,0.47843,0.87812,5.35,2.66,4.96
2026-01-29T17:00:00Z,MTR,5.35,65.4,990.1,8.79,17,29,-0.96593,-0.25882,0.47843,0.87812,5.02,1.61,3.79
2026-01-29T18:00:00Z,MTR,5.02,50.2,993.3,4.6,18,29,-1.0,-0.0,0.47843,0.87812,3.55,2.14,1.55
2026-01-29T19:00:00Z,MTR,3.55,62.3,992.4,6.12,19,29,-0.96593,0.25882,0.47843,0.87812,3.7,2.33,1.5
2026-01-29T20:00:00Z,MTR,3.7,51.1,994.5,8.04,20,29,-0.86603,0.5,0.47843,0.87812,2.64,2.59,2.09
2026-01-29T21:00:00Z,MTR,2.64,41.5,996.6,8.86,21,29,-0.70711,0.70711,0.47843,0.87812,2.66,3.16,1.78
2026-01-29T22:00:00Z,MTR,2.66,51.0,996.9,8.37,22,29,-0.5,0.86603,0.47843,0.87812,1.61,4.06,3.21
2026-01-29T23:00:00Z,MTR,1.61,46.2,998.4,4.62,23,29,-0.25882,0.96593,0.47843,0.87812,2.14,3.91,3.25
2026-01-30T00:00:00Z,MTR,2.14,42.9,996.9,5.22,0,30,0.0,1.0,0.49347,0.86976,2.33,4.43,2.76
2026-01-30T01:00:00Z,MTR,2.33,46.8,999.4,5.51,1,30,0.25882,0.96593,0.49347,0.86976,2.59,4.59,3.27
2026-01-30T02:00:00Z,MTR,2.59,43.9,999.8,3.98,2,30,0.5,0.86603,0.49347,0.86976,3.16,6.04,4.64
2026-01-30T03:00:00Z,MTR,3.16,56.7,999.5,6.08,3,30,0.70711,0.70711,0.49347,0.86976,4.06,6.07,4.94
2026-01-30T04:00:00Z,MTR,4.06,48.5,1002.1,2.35,4,30,0.86603,0.5,0.49347,0.86976,3.91,5.74,5.9
2026-01-30T05:00:00Z,MTR,3.91,41.1,1001.3,7.31,5,30,0.96593,0.25882,0.49347,0.86976,4.43,4.82,5.96
2026-01-30T06:00:00Z,MTR,4.43,43.5,999.2,4.6,6,30,1.0,0.0,0.49347,0.86976,4.59,4.8,6.07
2026-01-30T07:00:00Z,MTR,4.59,54.4,996.9,4.29,7,30,0.96593,-0.25882,0.49347,0.86976,6.04,4.36,7.31
2026-01-30T08:00:00Z,MTR,6.04,54.4,998.5,6.19,8,30,0.86603,-0.5,0.49347,0.86976,6.07,4.64,6.29
2026-01-30T09:00:00Z,MTR,6.07,47.9,996.6,3.69,9,30,0.70711,-0.70711,0.49347,0.86976,5.74,4.72,5.82
2026-01-30T10:00:00Z,MTR,5.74,43.9,1000.1,4.76,10,30,0.5,-0.86603,0.49347,0.86976,4.82,4.96,6.54
2026-01-30T11:00:00Z,MTR,4.82,50.4,996.5,8.47,11,30,0.25882,-0.96593,0.49347,0.86976,4.8,3.79,6.44
2026-01-30T12:00:00Z,MTR,4.8,47.3,999.8,2.14,12,30,0.0,-1.0,0.49347,0.86976,4.36,1.55,6.73
2026-01-30T13:00:00Z,MTR,4.36,50.6,1000.1,6.84,13,30,-0.25882,-0.96593,0.49347,0.86976,4.64,1.5,7.09
2026-01-30T14:00:00Z,MTR,4.64,49.7,999.8,1.99,14,30,-0.5,-0.86603,0.49347,0.86976,4.72,2.09,5.95
2026-01-30T15:00:00Z,MTR,4.72,43.1,998.6,6.62,15,30,-0.70711,-0.70711,0.49347,0.86976,4.96,1.78,4.78
2026-01-30T16:00:00Z,MTR,4.96,45.1,999.0,2.94,16,30,-0.86603,-0.5,0.49347,0.86976,3.79,3.21,5.47
2026-01-30T17:00:00Z,MTR,3.79,38.2,998.5,7.37,17,30,-0.96593,-0.25882,0.49347,0.86976,1.55,3.25,4.92
2026-01-30T18:00:00Z,MTR,1.55,45.9,1000.0,3.34,18,30,-1.0,-0.0,0.49347,0.86976,1.5,2.76,4.15
2026-01-30T19:00:00Z,MTR,1.5,39.7,999.6,3.93,19,30,-0.96593,0.25882,0.49347,0.86976,2.09,3.27,4.22
2026-01-30T20:00:00Z,MTR,2.09,43.1,999.1,2.93,20,30,-0.86603,0.5,0.49347,0.86976,1.78,4.64,4.76
2026-01-30T21:00:00Z,MTR,1.78,53.1,997.6,0.47,21,30,-0.70711,0.70711,0.49347,0.86976,3.21,4.94,8.0
2026-01-30T22:00:00Z,MTR,3.21,51.8,996.6,5.08,22,30,-0.5,0.86603,0.49347,0.86976,3.25,5.9,8.0
2026-01-30T23:00:00Z,MTR,3.25,51.4,996.3,3.27,23,30,-0.25882,0.96593,0.49347,0.86976,2.76,5.96,8.0
2026-01-31T00:00:00Z,MTR,2.76,53.7,992.2,3.0,0,31,0.0,1.0,0.50836,0.86115,3.27,6.07,8.0
2026-01-31T01:00:00Z,MTR,3.27,65.7,988.9,8.77,1,31,0.25882,0.96593,0.50836,0.86115,4.64,7.31,8.0
2026-01-31T02:00:00Z,MTR,4.64,55.7,989.5,11.05,2,31,0.5,0.86603,0.50836,0.86115,4.94,6.29,8.0
2026-01-31T03:00:00Z,MTR,4.94,60.5,988.9,11.79,3,31,0.70711,0.70711,0.50836,0.86115,5.9,5.82,8.0
2026-01-31T04:00:00Z,MTR,5.9,59.8,987.6,6.3,4,31,0.86603,0.5,0.50836,0.86115,5.96,6.54,8.0
2026-01-31T05:00:00Z,MTR,5.96,59.2,986.7,8.71,5,31,0.96593,0.25882,0.50836,0.86115,6.07,6.44,8.0
2026-01-31T06:00:00Z,MTR,6.07,72.7,986.4,11.37,6,31,1.0,0.0,0.50836,0.86115,7.31,6.73,8.0
2026-01-31T07:00:00Z,MTR,7.31,56.6,984.4,7.07,7,31,0.96593,-0.25882,0.50836,0.86115,6.29,7.09,8.0
2026-01-31T08:00:00Z,MTR,6.29,57.6,982.1,12.89,8,31,0.86603,-0.5,0.50836,0.86115,5.82,5.95,8.0
2026-01-31T09:00:00Z,MTR,5.82,67.9,981.5,13.1,9,31,0.70711,-0.70711,0.50836,0.86115,6.54,4.78,8.0
2026-01-31T10:00:00Z,MTR,6.54,65.4,978.9,7.64,10,31,0.5,-0.86603,0.50836,0.86115,6.44,5.47,8.0
2026-01-31T11:00:00Z,MTR,6.44,56.6,978.8,6.84,11,31,0.25882,-0.96593,0.50836,0.86115,6.73,4.92,8.0
2026-01-31T12:00:00Z,MTR,6.73,75.5,975.0,12.04,12,31,0.0,-1.0,0.50836,0.86115,7.09,4.15,8.0
2026-01-31T13:00:00Z,MTR,7.09,74.3,976.2,14.3,13,31,-0.25882,-0.96593,0.50836,0.86115,5.95,4.22,8.0
2026-01-31T14:00:00Z,MTR,5.95,77.0,976.4,9.33,14,31,-0.5,-0.86603,0.50836,0.86115,4.78,4.76,8.0
2026-01-31T15:00:00Z,MTR,4.78,68.6,976.2,8.37,15,31,-0.70711,-0.70711,0.50836,0.86115,5.47,8.0,8.0
2026-01-31T16:00:00Z,MTR,5.47,62.1,977.3,12.2,16,31,-0.86603,-0.5,0.50836,0.86115,4.92,8.0,8.0
2026-01-31T17:00:00Z,MTR,4.92,64.5,979.6,12.58,17,31,-0.96593,-0.25882,0.50836,0.86115,4.15,8.0,8.0
2026-01-31T18:00:00Z,MTR,4.15,57.7,980.6,9.61,18,31,-1.0,-0.0,0.50836,0.86115,4.22,8.0,8.0
2026-01-31T19:00:00Z,MTR,4.22,79.4,976.4,11.15,19,31,-0.96593,0.25882,0.50836,0.86115,4.76,8.0,8.0
2026-01-31T20:00:00Z,MTR,4.76,80.8,973.6,14.57,20,31,-0.86603,0.5,0.50836,0.86115,8.0,8.0,8.0
2026-01-31T21:00:00Z,MTR,8.0,83.0,972.0,12.08,21,31,-0.70711,0.70711,0.50836,0.86115,8.0,8.0,8.0
2026-01-31T22:00:00Z,MTR,8.0,80.8,971.8,14.06,22,31,-0.5,0.86603,0.50836,0.86115,8.0,8.0,8.0
2026-01-31T23:00:00Z,MTR,8.0,70.1,972.5,15.13,23,31,-0.25882,0.96593,0.50836,0.86115,8.0,8.0,7.6
2026-02-01T00:00:00Z,MTR,8.0,76.5,971.0,14.96,0,32,0.0,1.0,0.52309,0.85227,8.0,8.0,7.25
2026-02-01T01:00:00Z,MTR,8.0,81.9,971.2,13.65,1,32,0.25882,0.96593,0.52309,0.85227,8.0,8.0,6.95
2026-02-01T02:00:00Z,MTR,8.0,72.0,969.8,17.54,2,32,0.5,0.86603,0.52309,0.85227,8.0,8.0,6.18
2026-02-01T03:00:00Z,MTR,8.0,83.4,968.8,16.41,3,32,0.70711,0.70711,0.52309,0.85227,8.0,8.0,6.57
2026-02-01T04:00:00Z,MTR,8.0,87.0,966.4,15.0,4,32,0.86603,0.5,0.52309,0.85227,8.0,8.0,7.41
2026-02-01T05:00:00Z,MTR,8.0,95.3,965.1,13.56,5,32,0.96593,0.25882,0.52309,0.85227,8.0,8.0,8.0
2026-02-01T06:00:00Z,MTR,8.0,92.3,963.1,18.77,6,32,1.0,0.0,0.52309,0.85227,8.0,8.0,8.0
2026-02-01T07:00:00Z,MTR,8.0,91.2,962.0,19.22,7,32,0.96593,-0.25882,0.52309,0.85227,8.0,8.0,8.0
2026-02-01T08:00:00Z,MTR,8.0,85.4,964.6,16.1,8,32,0.86603,-0.5,0.52309,0.85227,8.0,8.0,8.0
2026-02-01T09:00:00Z,MTR,8.0,89.3,963.6,17.2,9,32,0.70711,-0.70711,0.52309,0.85227,8.0,8.0,8.0
2026-02-01T10:00:00Z,MTR,8.0,83.9,969.0,16.22,10,32,0.5,-0.86603,0.52309,0.85227,8.0,8.0,8.0
2026-02-01T11:00:00Z,MTR,8.0,69.5,970.4,17.56,11,32,0.25882,-0.96593,0.52309,0.85227,8.0,8.0,8.0
2026-02-01T12:00:00Z,MTR,8.0,79.6,971.3,15.85,12,32,0.0,-1.0,0.52309,0.85227,8.0,8.0,8.0
2026-02-01T13:00:00Z,MTR,8.0,66.2,970.2,15.32,13,32,-0.25882,-0.96593,0.52309,0.85227,8.0,8.0,8.0
2026-02-01T14:00:00Z,MTR,8.0,66.4,972.1,15.68,14,32,-0.5,-0.86603,0.52309,0.85227,8.0,8.0,8.0
2026-02-01T15:00:00Z,MTR,8.0,78.6,971.5,16.29,15,32,-0.70711,-0.70711,0.52309,0.85227,8.0,8.0,8.0
2026-02-01T16:00:00Z,MTR,8.0,79.3,972.3,14.27,16,32,-0.86603,-0.5,0.52309,0.85227,8.0,8.0,8.0
2026-02-01T17:00:00Z,MTR,8.0,65.0,977.5,13.84,17,32,-0.96593,-0.25882,0.52309,0.85227,8.0,7.6,7.01
2026-02-01T18:00:00Z,MTR,8.0,76.0,977.6,10.61,18,32,-1.0,-0.0,0.52309,0.85227,8.0,7.25,5.01
2026-02-01T19:00:00Z,MTR,8.0,76.6,980.0,13.23,19,32,-0.96593,0.25882,0.52309,0.85227,8.0,6.95,5.7
2026-02-01T20:00:00Z,MTR,8.0,73.1,979.0,10.18,20,32,-0.86603,0.5,0.52309,0.85227,8.0,6.18,5.37
2026-02-01T21:00:00Z,MTR,8.0,68.5,979.2,9.43,21,32,-0.70711,0.70711,0.52309,0.85227,8.0,6.57,4.7
2026-02-01T22:00:00Z,MTR,8.0,67.4,982.6,11.79,22,32,-0.5,0.86603,0.52309,0.85227,7.6,7.41,5.6
2026-02-01T23:00:00Z,MTR,7.6,66.6,981.6,8.86,23,32,-0.25882,0.96593,0.52309,0.85227,7.25,8.0,4.86
2026-02-02T00:00:00Z,MTR,7.25,63.6,985.0,8.31,0,33,0.0,1.0,0.53768,0.84315,6.95,8.0,5.11
2026-02-02T01:00:00Z,MTR,6.95,56.9,986.2,10.76,1,33,0.25882,0.96593,0.53768,0.84315,6.18,8.0,3.51
2026-02-02T02:00:00Z,MTR,6.18,61.1,985.1,10.03,2,33,0.5,0.86603,0.53768,0.84315,6.57,8.0,3.73
2026-02-02T03:00:00Z,MTR,6.57,62.3,986.2,10.39,3,33,0.70711,0.70711,0.53768,0.84315,7.41,8.0,6.18
2026-02-02T04:00:00Z,MTR,7.41,61.9,987.8,9.89,4,33,0.86603,0.5,0.53768,0.84315,8.0,8.0,5.77
2026-02-02T05:00:00Z,MTR,8.0,67.1,988.6,25.92,5,33,0.96593,0.25882,0.53768,0.84315,8.0,8.0,5.86
2026-02-02T06:00:00Z,MTR,8.0,61.8,985.5,24.51,6,33,1.0,0.0,0.53768,0.84315,8.0,8.0,6.27
2026-02-02T07:00:00Z,MTR,8.0,68.7,984.0,28.55,7,33,0.96593,-0.25882,0.53768,0.84315,8.0,8.0,6.7
2026-02-02T08:00:00Z,MTR,8.0,68.2,983.5,26.67,8,33,0.86603,-0.5,0.53768,0.84315,8.0,8.0,7.77
2026-02-02T09:00:00Z,MTR,8.0,79.8,983.2,27.45,9,33,0.70711,-0.70711,0.53768,0.84315,8.0,8.0,6.24
2026-02-02T10:00:00Z,MTR,8.0,70.0,984.3,26.84,10,33,0.5,-0.86603,0.53768,0.84315,8.0,8.0,7.62
2026-02-02T11:00:00Z,MTR,8.0,72.9,984.4,29.74,11,33,0.25882,-0.96593,0.53768,0.84315,8.0,7.01,6.29
2026-02-02T12:00:00Z,MTR,8.0,75.7,981.8,25.07,12,33,0.0,-1.0,0.53768,0.84315,8.0,5.01,5.77
2026-02-02T13:00:00Z,MTR,8.0,74.8,982.4,26.57,13,33,-0.25882,-0.96593,0.53768,0.84315,8.0,5.7,5.8
2026-02-02T14:00:00Z,MTR,8.0,59.9,983.4,28.0,14,33,-0.5,-0.86603,0.53768,0.84315,8.0,5.37,6.01
2026-02-02T15:00:00Z,MTR,8.0,67.9,984.2,26.7,15,33,-0.70711,-0.70711,0.53768,0.84315,8.0,4.7,5.67
2026-02-02T16:00:00Z,MTR,8.0,70.0,985.9,25.12,16,33,-0.86603,-0.5,0.53768,0.84315,7.01,5.6,5.06
2026-02-02T17:00:00Z,MTR,7.01,65.1,987.1,21.85,17,33,-0.96593,-0.25882,0.53768,0.84315,5.01,4.86,4.81
2026-02-02T18:00:00Z,MTR,5.01,56.6,987.5,24.97,18,33,-1.0,-0.0,0.53768,0.84315,5.7,5.11,4.24
2026-02-02T19:00:00Z,MTR,5.7,60.7,987.0,26.44,19,33,-0.96593,0.25882,0.53768,0.84315,5.37,3.51,4.82
2026-02-02T20:00:00Z,MTR,5.37,65.2,983.7,27.91,20,33,-0.86603,0.5,0.53768,0.84315,4.7,3.73,5.08
2026-02-02T21:00:00Z,MTR,4.7,70.2,984.3,26.29,21,33,-0.70711,0.70711,0.53768,0.84315,5.6,6.18,5.2
2026-02-02T22:00:00Z,MTR,5.6,70.3,984.5,28.66,22,33,-0.5,0.86603,0.53768,0.84315,4.86,5.77,5.91
2026-02-02T23:00:00Z,MTR,4.86,75.3,984.8,25.07,23,33,-0.25882,0.96593,0.53768,0.84315,5.11,5.86,6.12
2026-02-03T00:00:00Z,MTR,5.11,71.1,982.4,28.04,0,34,0.0,1.0,0.5521,0.83378,3.51,6.27,5.79
2026-02-03T01:00:00Z,MTR,3.51,69.2,980.4,11.94,1,34,0.25882,0.96593,0.5521,0.83378,3.73,6.7,4.54
2026-02-03T02:00:00Z,MTR,3.73,59.0,982.5,10.67,2,34,0.5,0.86603,0.5521,0.83378,6.18,7.77,6.13
2026-02-03T03:00:00Z,MTR,6.18,64.7,982.5,9.89,3,34,0.70711,0.70711,0.5521,0.83378,5.77,6.24,7.19
2026-02-03T04:00:00Z,MTR,5.77,75.6,983.9,10.3,4,34,0.86603,0.5,0.5521,0.83378,5.86,7.62,6.52
2026-02-03T05:00:00Z,MTR,5.86,66.0,984.0,11.09,5,34,0.96593,0.25882,0.5521,0.83378,6.27,6.29,7.39
2026-02-03T06:00:00Z,MTR,6.27,61.0,984.3,10.25,6,34,1.0,0.0,0.5521,0.83378,6.7,5.77,8.0
2026-02-03T07:00:00Z,MTR,6.7,62.5,986.2,5.46,7,34,0.96593,-0.25882,0.5521,0.83378,7.77,5.8,7.58
2026-02-03T08:00:00Z,MTR,7.77,67.7,985.5,9.9,8,34,0.86603,-0.5,0.5521,0.83378,6.24,6.01,8.0
2026-02-03T09:00:00Z,MTR,6.24,64.1,985.9,8.42,9,34,0.70711,-0.70711,0.5521,0.83378,7.62,5.67,8.0
2026-02-03T10:00:00Z,MTR,7.62,66.1,985.4,7.94,10,34,0.5,-0.86603,0.5521,0.83378,6.29,5.06,8.0
2026-02-03T11:00:00Z,MTR,6.29,68.4,985.1,12.17,11,34,0.25882,-0.96593,0.5521,0.83378,5.77,4.81,7.46
2026-02-03T12:00:00Z,MTR,5.77,63.0,985.1,7.62,12,34,0.0,-1.0,0.5521,0.83378,5.8,4.24,7.76
2026-02-03T13:00:00Z,MTR,5.8,62.8,986.1,7.51,13,34,-0.25882,-0.96593,0.5521,0.83378,6.01,4.82,6.91
2026-02-03T14:00:00Z,MTR,6.01,57.6,985.8,4.75,14,34,-0.5,-0.86603,0.5521,0.83378,5.67,5.08,6.19
2026-02-03T15:00:00Z,MTR,5.67,56.5,988.8,11.12,15,34,-0.70711,-0.70711,0.5521,0.83378,5.06,5.2,6.29
2026-02-03T16:00:00Z,MTR,5.06,59.9,987.8,10.35,16,34,-0.86603,-0.5,0.5521,0.83378,4.81,5.91,5.51
2026-02-03T17:00:00Z,MTR,4.81,52.5,988.2,7.77,17,34,-0.96593,-0.25882,0.5521,0.83378,4.24,6.12,4.86
2026-02-03T18:00:00Z,MTR,4.24,61.5,988.2,9.66,18,34,-1.0,-0.0,0.5521,0.83378,4.82,5.79,3.99
2026-02-03T19:00:00Z,MTR,4.82,50.2,991.7,2.83,19,34,-0.96593,0.25882,0.5521,0.83378,5.08,4.54,4.26
2026-02-03T20:00:00Z,MTR,5.08,55.5,992.7,7.87,20,34,-0.86603,0.5,0.5521,0.83378,5.2,6.13,4.97
2026-02-03T21:00:00Z,MTR,5.2,53.5,995.3,4.34,21,34,-0.70711,0.70711,0.5521,0.83378,5.91,7.19,3.47
2026-02-03T22:00:00Z,MTR,5.91,48.6,993.3,11.82,22,34,-0.5,0.86603,0.5521,0.83378,6.12,6.52,2.79
2026-02-03T23:00:00Z,MTR,6.12,54.8,994.6,7.94,23,34,-0.25882,0.96593,0.5521,0.83378,5.79,7.39,1.24
2026-02-04T00:00:00Z,MTR,5.79,39.4,997.0,5.77,0,35,0.0,1.0,0.56636,0.82416,4.54,8.0,1.46
2026-02-04T01:00:00Z,MTR,4.54,51.5,997.8,4.5,1,35,0.25882,0.96593,0.56636,0.82416,6.13,7.58,1.83
2026-02-04T02:00:00Z,MTR,6.13,48.4,1000.4,2.74,2,35,0.5,0.86603,0.56636,0.82416,7.19,8.0,1.44
2026-02-04T03:00:00Z,MTR,7.19,50.0,1000.0,5.68,3,35,0.70711,0.70711,0.56636,0.82416,6.52,8.0,1.61
2026-02-04T04:00:00Z,MTR,6.52,44.1,1003.1,1.79,4,35,0.86603,0.5,0.56636,0.82416,7.39,8.0,2.51
2026-02-04T05:00:00Z,MTR,7.39,34.8,1007.7,0.2,5,35,0.96593,0.25882,0.56636,0.82416,8.0,7.46,4.23
2026-02-04T06:00:00Z,MTR,8.0,36.8,1007.2,4.9,6,35,1.0,0.0,0.56636,0.82416,7.58,7.76,4.16
2026-02-04T07:00:00Z,MTR,7.58,36.1,1006.6,2.86,7,35,0.96593,-0.25882,0.56636,0.82416,8.0,6.91,4.73
2026-02-04T08:00:00Z,MTR,8.0,40.7,1009.5,0.2,8,35,0.86603,-0.5,0.56636,0.82416,8.0,6.19,5.57
2026-02-04T09:00:00Z,MTR,8.0,41.5,1012.4,1.48,9,35,0.70711,-0.70711,0.56636,0.82416,8.0,6.29,7.25
2026-02-04T10:00:00Z,MTR,8.0,34.2,1011.3,0.2,10,35,0.5,-0.86603,0.56636,0.82416,7.46,5.51,7.71
2026-02-04T11:00:00Z,MTR,7.46,29.7,1010.4,0.2,11,35,0.25882,-0.96593,0.56636,0.82416,7.76,4.86,8.0
2026-02-04T12:00:00Z,MTR,7.76,33.9,1009.7,0.26,12,35,0.0,-1.0,0.56636,0.82416,6.91,3.99,7.99
2026-02-04T13:00:00Z,MTR,6.91,42.8,1007.1,0.2,13,35,-0.25882,-0.96593,0.56636,0.82416,6.19,4.26,8.0
2026-02-04T14:00:00Z,MTR,6.19,43.3,1005.4,3.22,14,35,-0.5,-0.86603,0.56636,0.82416,6.29,4.97,7.7
2026-02-04T15:00:00Z,MTR,6.29,42.3,1003.5,2.03,15,35,-0.70711,-0.70711,0.56636,0.82416,5.51,3.47,7.37
2026-02-04T16:00:00Z,MTR,5.51,42.9,1002.0,4.01,16,35,-0.86603,-0.5,0.56636,0.82416,4.86,2.79,6.09
2026-02-04T17:00:00Z,MTR,4.86,36.3,1001.9,5.21,17,35,-0.96593,-0.25882,0.56636,0.82416,3.99,1.24,6.68
2026-02-04T18:00:00Z,MTR,3.99,44.4,1002.1,8.52,18,35,-1.0,-0.0,0.56636,0.82416,4.26,1.46,6.71
2026-02-04T19:00:00Z,MTR,4.26,40.5,1004.6,6.92,19,35,-0.96593,0.25882,0.56636,0.82416,4.97,1.83,6.47
2026-02-04T20:00:00Z,MTR,4.97,41.8,1002.3,4.17,20,35,-0.86603,0.5,0.56636,0.82416,3.47,1.44,4.82
2026-02-04T21:00:00Z,MTR,3.47,43.8,1003.6,3.2,21,35,-0.70711,0.70711,0.56636,0.82416,2.79,1.61,5.29
2026-02-04T22:00:00Z,MTR,2.79,52.5,1002.5,4.21,22,35,-0.5,0.86603,0.56636,0.82416,1.24,2.51,4.76
2026-02-04T23:00:00Z,MTR,1.24,43.8,1001.7,1.54,23,35,-0.25882,0.96593,0.56636,0.82416,1.46,4.23,4.18
2026-02-05T00:00:00Z,MTR,1.46,45.9,1002.2,0.2,0,36,0.0,1.0,0.58045,0.81429,1.83,4.16,2.99
2026-02-05T01:00:00Z,MTR,1.83,46.7,999.2,3.98,1,36,0.25882,0.96593,0.58045,0.81429,1.44,4.73,2.85
2026-02-05T02:00:00Z,MTR,1.44,48.1,999.0,8.09,2,36,0.5,0.86603,0.58045,0.81429,1.61,5.57,2.67
2026-02-05T03:00:00Z,MTR,1.61,54.8,998.4,8.25,3,36,0.70711,0.70711,0.58045,0.81429,2.51,7.25,4.1
2026-02-05T04:00:00Z,MTR,2.51,50.2,998.2,5.24,4,36,0.86603,0.5,0.58045,0.81429,4.23,7.71,3.75
2026-02-05T05:00:00Z,MTR,4.23,53.2,997.6,6.23,5,36,0.96593,0.25882,0.58045,0.81429,4.16,8.0,3.68
2026-02-05T06:00:00Z,MTR,4.16,51.3,1000.8,3.02,6,36,1.0,0.0,0.58045,0.81429,4.73,7.99,3.74
2026-02-05T07:00:00Z,MTR,4.73,50.1,998.2,5.04,7,36,0.96593,-0.25882,0.58045,0.81429,5.57,8.0,3.63
2026-02-05T08:00:00Z,MTR,5.57,51.7,995.8,4.35,8,36,0.86603,-0.5,0.58045,0.81429,7.25,7.7,7.88
2026-02-05T09:00:00Z,MTR,7.25,56.9,993.3,5.18,9,36,0.70711,-0.70711,0.58045,0.81429,7.71,7.37,8.0
2026-02-05T10:00:00Z,MTR,7.71,53.4,990.9,8.74,10,36,0.5,-0.86603,0.58045,0.81429,8.0,6.09,4.31
2026-02-05T11:00:00Z,MTR,8.0,55.5,988.5,7.13,11,36,0.25882,-0.96593,0.58045,0.81429,7.99,6.68,4.15
2026-02-05T12:00:00Z,MTR,7.99,54.5,989.4,9.02,12,36,0.0,-1.0,0.58045,0.81429,8.0,6.71,3.83
2026-02-05T13:00:00Z,MTR,8.0,54.2,990.6,7.34,13,36,-0.25882,-0.96593,0.58045,0.81429,7.7,6.47,4.02
2026-02-05T14:00:00Z,MTR,7.7,54.4,988.1,11.31,14,36,-0.5,-0.86603,0.58045,0.81429,7.37,4.82,3.52
2026-02-05T15:00:00Z,MTR,7.37,54.7,985.2,10.54,15,36,-0.70711,-0.70711,0.58045,0.81429,6.09,5.29,3.4
2026-02-05T16:00:00Z,MTR,6.09,59.1,984.8,10.07,16,36,-0.86603,-0.5,0.58045,0.81429,6.68,4.76,3.63
2026-02-05T17:00:00Z,MTR,6.68,53.0,982.5,7.48,17,36,-0.96593,-0.25882,0.58045,0.81429,6.71,4.18,3.69
2026-02-05T18:00:00Z,MTR,6.71,66.8,982.4,9.38,18,36,-1.0,-0.0,0.58045,0.81429,6.47,2.99,4.55
2026-02-05T19:00:00Z,MTR,6.47,67.1,981.6,10.54,19,36,-0.96593,0.25882,0.58045,0.81429,4.82,2.85,5.0
2026-02-05T20:00:00Z,MTR,4.82,74.6,977.7,12.05,20,36,-0.86603,0.5,0.58045,0.81429,5.29,2.67,4.96
2026-02-05T21:00:00Z,MTR,5.29,64.7,979.5,12.67,21,36,-0.70711,0.70711,0.58045,0.81429,4.76,4.1,5.02
2026-02-05T22:00:00Z,MTR,4.76,69.7,981.7,12.78,22,36,-0.5,0.86603,0.58045,0.81429,4.18,3.75,6.48
2026-02-05T23:00:00Z,MTR,4.18,64.6,979.4,10.2,23,36,-0.25882,0.96593,0.58045,0.81429,2.99,3.68,5.78
2026-02-06T00:00:00Z,MTR,2.99,75.1,977.7,13.12,0,37,0.0,1.0,0.59438,0.80419,2.85,3.74,5.99
2026-02-06T01:00:00Z,MTR,2.85,62.2,977.3,12.05,1,37,0.25882,0.96593,0.59438,0.80419,2.67,3.63,5.27
2026-02-06T02:00:00Z,MTR,2.67,70.0,977.1,10.85,2,37,0.5,0.86603,0.59438,0.80419,4.1,7.88,5.96
2026-02-06T03:00:00Z,MTR,4.1,68.5,977.5,9.8,3,37,0.70711,0.70711,0.59438,0.80419,3.75,8.0,6.65
2026-02-06T04:00:00Z,MTR,3.75,71.7,980.3,10.35,4,37,0.86603,0.5,0.59438,0.80419,3.68,4.31,6.71
2026-02-06T05:00:00Z,MTR,3.68,72.8,979.2,10.33,5,37,0.96593,0.25882,0.59438,0.80419,3.74,4.15,7.97
2026-02-06T06:00:00Z,MTR,3.74,78.4,977.0,14.48,6,37,1.0,0.0,0.59438,0.80419,3.63,3.83,8.0
2026-02-06T07:00:00Z,MTR,3.63,64.7,974.0,12.64,7,37,0.96593,-0.25882,0.59438,0.80419,7.88,4.02,8.0
2026-02-06T08:00:00Z,MTR,7.88,84.6,972.3,14.79,8,37,0.86603,-0.5,0.59438,0.80419,8.0,3.52,7.7
2026-02-06T09:00:00Z,MTR,8.0,71.4,972.1,10.2,9,37,0.70711,-0.70711,0.59438,0.80419,4.31,3.4,8.0
2026-02-06T10:00:00Z,MTR,4.31,82.6,975.2,14.25,10,37,0.5,-0.86603,0.59438,0.80419,4.15,3.63,8.0
2026-02-06T11:00:00Z,MTR,4.15,86.4,974.1,14.42,11,37,0.25882,-0.96593,0.59438,0.80419,3.83,3.69,7.86
2026-02-06T12:00:00Z,MTR,3.83,79.6,974.4,10.11,12,37,0.0,-1.0,0.59438,0.80419,4.02,4.55,8.0
2026-02-06T13:00:00Z,MTR,4.02,69.7,974.4,11.29,13,37,-0.25882,-0.96593,0.59438,0.80419,3.52,5.0,8.0
2026-02-06T14:00:00Z,MTR,3.52,65.5,976.6,10.97,14,37,-0.5,-0.86603,0.59438,0.80419,3.4,4.96,6.79
2026-02-06T15:00:00Z,MTR,3.4,63.4,981.2,10.37,15,37,-0.70711,-0.70711,0.59438,0.80419,3.63,5.02,5.87
2026-02-06T16:00:00Z,MTR,3.63,70.7,980.1,9.72,16,37,-0.86603,-0.5,0.59438,0.80419,3.69,6.48,5.28
2026-02-06T17:00:00Z,MTR,3.69,63.8,979.2,10.94,17,37,-0.96593,-0.25882,0.59438,0.80419,4.55,5.78,4.42
2026-02-06T18:00:00Z,MTR,4.55,58.1,981.2,12.07,18,37,-1.0,-0.0,0.59438,0.80419,5.0,5.99,4.29
2026-02-06T19:00:00Z,MTR,5.0,70.7,982.5,9.22,19,37,-0.96593,0.25882,0.59438,0.80419,4.96,5.27,4.71
2026-02-06T20:00:00Z,MTR,4.96,59.1,985.9,9.8,20,37,-0.86603,0.5,0.59438,0.80419,5.02,5.96,6.09
2026-02-06T21:00:00Z,MTR,5.02,66.2,986.9,11.7,21,37,-0.70711,0.70711,0.59438,0.80419,6.48,6.65,4.66
2026-02-06T22:00:00Z,MTR,6.48,64.2,986.2,4.94,22,37,-0.5,0.86603,0.59438,0.80419,5.78,6.71,4.62
2026-02-06T23:00:00Z,MTR,5.78,61.1,987.3,8.03,23,37,-0.25882,0.96593,0.59438,0.80419,5.99,7.97,4.69
2026-02-07T00:00:00Z,MTR,5.99,62.9,989.3,10.04,0,38,0.0,1.0,0.60812,0.79384,5.27,8.0,4.63
2026-02-07T01:00:00Z,MTR,5.27,63.7,990.7,6.71,1,38,0.25882,0.96593,0.60812,0.79384,5.96,8.0,4.78
2026-02-07T02:00:00Z,MTR,5.96,58.8,991.5,5.18,2,38,0.5,0.86603,0.60812,0.79384,6.65,7.7,4.9
2026-02-07T03:00:00Z,MTR,6.65,58.2,993.4,8.79,3,38,0.70711,0.70711,0.60812,0.79384,6.71,8.0,6.04
2026-02-07T04:00:00Z,MTR,6.71,53.6,995.3,6.38,4,38,0.86603,0.5,0.60812,0.79384,7.97,8.0,6.6
2026-02-07T05:00:00Z,MTR,7.97,47.8,997.5,8.24,5,38,0.96593,0.25882,0.60812,0.79384,8.0,7.86,5.76
2026-02-07T06:00:00Z,MTR,8.0,49.4,998.3,4.12,6,38,1.0,0.0,0.60812,0.79384,8.0,8.0,5.14
2026-02-07T07:00:00Z,MTR,8.0,50.7,997.7,7.68,7,38,0.96593,-0.25882,0.60812,0.79384,7.7,8.0,6.22
2026-02-07T08:00:00Z,MTR,7.7,50.9,997.6,3.53,8,38,0.86603,-0.5,0.60812,0.79384,8.0,6.79,6.91
2026-02-07T09:00:00Z,MTR,8.0,47.3,999.4,0.2,9,38,0.70711,-0.70711,0.60812,0.79384,8.0,5.87,6.94
2026-02-07T10:00:00Z,MTR,8.0,47.2,997.5,6.68,10,38,0.5,-0.86603,0.60812,0.79384,7.86,5.28,7.45
2026-02-07T11:00:00Z,MTR,7.86,54.8,997.8,6.37,11,38,0.25882,-0.96593,0.60812,0.79384,8.0,4.42,7.96
2026-02-07T12:00:00Z,MTR,8.0,47.7,996.7,6.93,12,38,0.0,-1.0,0.60812,0.79384,8.0,4.29,8.0
2026-02-07T13:00:00Z,MTR,8.0,52.1,996.5,5.27,13,38,-0.25882,-0.96593,0.60812,0.79384,6.79,4.71,8.0
2026-02-07T14:00:00Z,MTR,6.79,51.6,998.4,7.96,14,38,-0.5,-0.86603,0.60812,0.79384,5.87,6.09,8.0
2026-02-07T15:00:00Z,MTR,5.87,43.5,998.3,6.8,15,38,-0.70711,-0.70711,0.60812,0.79384,5.28,4.66,8.0
2026-02-07T16:00:00Z,MTR,5.28,56.9,997.9,6.84,16,38,-0.86603,-0.5,0.60812,0.79384,4.42,4.62,6.55
2026-02-07T17:00:00Z,MTR,4.42,51.7,995.0,6.41,17,38,-0.96593,-0.25882,0.60812,0.79384,4.29,4.69,6.46
2026-02-07T18:00:00Z,MTR,4.29,45.0,996.0,3.14,18,38,-1.0,-0.0,0.60812,0.79384,4.71,4.63,7.0
2026-02-07T19:00:00Z,MTR,4.71,50.0,996.8,5.72,19,38,-0.96593,0.25882,0.60812,0.79384,6.09,4.78,7.14
2026-02-07T20:00:00Z,MTR,6.09,41.5,1000.2,5.16,20,38,-0.86603,0.5,0.60812,0.79384,4.66,4.9,7.61
2026-02-07T21:00:00Z,MTR,4.66,46.5,999.0,11.38,21,38,-0.70711,0.70711,0.60812,0.79384,4.62,6.04,7.38
2026-02-07T22:00:00Z,MTR,4.62,45.4,998.7,7.2,22,38,-0.5,0.86603,0.60812,0.79384,4.69,6.6,6.59
2026-02-07T23:00:00Z,MTR,4.69,46.9,998.6,3.79,23,38,-0.25882,0.96593,0.60812,0.79384,4.63,5.76,6.61
2026-02-08T00:00:00Z,MTR,4.63,52.6,1000.8,5.17,0,39,0.0,1.0,0.62169,0.78327,4.78,5.14,6.09
2026-02-08T01:00:00Z,MTR,4.78,48.0,999.9,7.96,1,39,0.25882,0.96593,0.62169,0.78327,4.9,6.22,6.24
2026-02-08T02:00:00Z,MTR,4.9,48.5,999.7,8.02,2,39,0.5,0.86603,0.62169,0.78327,6.04,6.91,6.23
2026-02-08T03:00:00Z,MTR,6.04,43.8,1000.1,4.26,3,39,0.70711,0.70711,0.62169,0.78327,6.6,6.94,7.18
2026-02-08T04:00:00Z,MTR,6.6,48.0,999.7,4.2,4,39,0.86603,0.5,0.62169,0.78327,5.76,7.45,6.34
2026-02-08T05:00:00Z,MTR,5.76,47.3,998.2,2.27,5,39,0.96593,0.25882,0.62169,0.78327,5.14,7.96,4.89
2026-02-08T06:00:00Z,MTR,5.14,47.8,998.0,3.97,6,39,1.0,0.0,0.62169,0.78327,6.22,8.0,5.36
2026-02-08T07:00:00Z,MTR,6.22,50.9,999.3,5.59,7,39,0.96593,-0.25882,0.62169,0.78327,6.91,8.0,5.47
2026-02-08T08:00:00Z,MTR,6.91,44.2,996.8,2.5,8,39,0.86603,-0.5,0.62169,0.78327,6.94,8.0,5.44
2026-02-08T09:00:00Z,MTR,6.94,57.6,996.6,9.73,9,39,0.70711,-0.70711,0.62169,0.78327,7.45,8.0,5.22
2026-02-08T10:00:00Z,MTR,7.45,38.3,994.9,5.49,10,39,0.5,-0.86603,0.62169,0.78327,7.96,6.55,5.45
2026-02-08T11:00:00Z,MTR,7.96,49.6,996.7,5.83,11,39,0.25882,-0.96593,0.62169,0.78327,8.0,6.46,5.92
2026-02-08T12:00:00Z,MTR,8.0,60.4,993.6,7.32,12,39,0.0,-1.0,0.62169,0.78327,8.0,7.0,6.37
2026-02-08T13:00:00Z,MTR,8.0,61.4,992.4,9.29,13,39,-0.25882,-0.96593,0.62169,0.78327,8.0,7.14,4.15
2026-02-08T14:00:00Z,MTR,8.0,55.0,993.0,7.37,14,39,-0.5,-0.86603,0.62169,0.78327,8.0,7.61,4.03
2026-02-08T15:00:00Z,MTR,8.0,46.4,995.7,3.79,15,39,-0.70711,-0.70711,0.62169,0.78327,6.55,7.38,2.57
2026-02-08T16:00:00Z,MTR,6.55,51.0,995.4,6.87,16,39,-0.86603,-0.5,0.62169,0.78327,6.46,6.59,3.13
2026-02-08T17:00:00Z,MTR,6.46,66.2,994.3,8.64,17,39,-0.96593,-0.25882,0.62169,0.78327,7.0,6.61,3.41
2026-02-08T18:00:00Z,MTR,7.0,51.9,997.7,3.47,18,39,-1.0,-0.0,0.62169,0.78327,7.14,6.09,2.37
2026-02-08T19:00:00Z,MTR,7.14,43.8,995.0,7.77,19,39,-0.96593,0.25882,0.62169,0.78327,7.61,6.24,2.26
2026-02-08T20:00:00Z,MTR,7.61,56.7,991.1,7.97,20,39,-0.86603,0.5,0.62169,0.78327,7.38,6.23,0.61
2026-02-08T21:00:00Z,MTR,7.38,52.7,992.2,9.76,21,39,-0.70711,0.70711,0.62169,0.78327,6.59,7.18,1.02
2026-02-08T22:00:00Z,MTR,6.59,49.3,991.6,7.76,22,39,-0.5,0.86603,0.62169,0.78327,6.61,6.34,1.57
2026-02-08T23:00:00Z,MTR,6.61,59.7,990.2,8.23,23,39,-0.25882,0.96593,0.62169,0.78327,6.09,4.89,2.31
2026-02-09T00:00:00Z,MTR,6.09,50.6,992.0,8.04,0,40,0.0,1.0,0.63507,0.77246,6.24,5.36,2.79
2026-02-09T01:00:00Z,MTR,6.24,61.9,992.9,6.91,1,40,0.25882,0.96593,0.63507,0.77246,6.23,5.47,2.48
2026-02-09T02:00:00Z,MTR,6.23,60.8,992.4,5.08,2,40,0.5,0.86603,0.63507,0.77246,7.18,5.44,1.85
2026-02-09T03:00:00Z,MTR,7.18,52.4,990.6,5.58,3,40,0.70711,0.70711,0.63507,0.77246,6.34,5.22,1.76
2026-02-09T04:00:00Z,MTR,6.34,50.4,992.9,7.43,4,40,0.86603,0.5,0.63507,0.77246,4.89,5.45,2.18
2026-02-09T05:00:00Z,MTR,4.89,55.9,994.7,7.25,5,40,0.96593,0.25882,0.63507,0.77246,5.36,5.92,1.77
2026-02-09T06:00:00Z,MTR,5.36,56.8,995.0,6.01,6,40,1.0,0.0,0.63507,0.77246,5.47,6.37,2.1
2026-02-09T07:00:00Z,MTR,5.47,47.4,998.9,8.49,7,40,0.96593,-0.25882,0.63507,0.77246,5.44,4.15,2.41
2026-02-09T08:00:00Z,MTR,5.44,53.1,997.4,1.97,8,40,0.86603,-0.5,0.63507,0.77246,5.22,4.03,3.78
2026-02-09T09:00:00Z,MTR,5.22,60.3,995.1,6.89,9,40,0.70711,-0.70711,0.63507,0.77246,5.45,2.57,4.54
2026-02-09T10:00:00Z,MTR,5.45,53.0,994.5,2.66,10,40,0.5,-0.86603,0.63507,0.77246,5.92,3.13,4.29
2026-02-09T11:00:00Z,MTR,5.92,46.6,995.0,5.95,11,40,0.25882,-0.96593,0.63507,0.77246,6.37,3.41,4.73
2026-02-09T12:00:00Z,MTR,6.37,54.8,996.1,6.31,12,40,0.0,-1.0,0.63507,0.77246,4.15,2.37,5.15
2026-02-09T13:00:00Z,MTR,4.15,51.2,996.2,5.43,13,40,-0.25882,-0.96593,0.63507,0.77246,4.03,2.26,3.83
2026-02-09T14:00:00Z,MTR,4.03,46.5,997.3,1.49,14,40,-0.5,-0.86603,0.63507,0.77246,2.57,0.61,5.35
2026-02-09T15:00:00Z,MTR,2.57,55.0,995.5,5.82,15,40,-0.70711,-0.70711,0.63507,0.77246,3.13,1.02,5.0
2026-02-09T16:00:00Z,MTR,3.13,54.0,998.6,4.98,16,40,-0.86603,-0.5,0.63507,0.77246,3.41,1.57,4.06
2026-02-09T17:00:00Z,MTR,3.41,49.2,998.7,6.73,17,40,-0.96593,-0.25882,0.63507,0.77246,2.37,2.31,3.82
2026-02-09T18:00:00Z,MTR,2.37,33.0,1001.0,1.33,18,40,-1.0,-0.0,0.63507,0.77246,2.26,2.79,2.86
2026-02-09T19:00:00Z,MTR,2.26,46.0,1001.6,6.84,19,40,-0.96593,0.25882,0.63507,0.77246,0.61,2.48,1.33
2026-02-09T20:00:00Z,MTR,0.61,43.8,1002.4,0.2,20,40,-0.86603,0.5,0.63507,0.77246,1.02,1.85,1.65
2026-02-09T21:00:00Z,MTR,1.02,55.6,1003.3,3.27,21,40,-0.70711,0.70711,0.63507,0.77246,1.57,1.76,1.72
2026-02-09T22:00:00Z,MTR,1.57,43.4,1003.9,5.31,22,40,-0.5,0.86603,0.63507,0.77246,2.31,2.18,2.07
2026-02-09T23:00:00Z,MTR,2.31,40.8,1004.7,4.47,23,40,-0.25882,0.96593,0.63507,0.77246,2.79,1.77,0.94
2026-02-10T00:00:00Z,MTR,2.79,43.5,1006.6,5.33,0,41,0.0,1.0,0.64826,0.76142,2.48,2.1,7.8
2026-02-10T01:00:00Z,MTR,2.48,38.3,1006.3,3.7,1,41,0.25882,0.96593,0.64826,0.76142,1.85,2.41,5.94
2026-02-10T02:00:00Z,MTR,1.85,35.4,1006.8,2.03,2,41,0.5,0.86603,0.64826,0.76142,1.76,3.78,1.2
2026-02-10T03:00:00Z,MTR,1.76,32.3,1005.8,3.47,3,41,0.70711,0.70711,0.64826,0.76142,2.18,4.54,5.21
2026-02-10T04:00:00Z,MTR,2.18,34.7,1007.4,0.2,4,41,0.86603,0.5,0.64826,0.76142,1.77,4.29,7.27
2026-02-10T05:00:00Z,MTR,1.77,30.6,1005.1,0.78,5,41,0.96593,0.25882,0.64826,0.76142,2.1,4.73,7.61
2026-02-10T06:00:00Z,MTR,2.1,39.2,1007.3,0.2,6,41,1.0,0.0,0.64826,0.76142,2.41,5.15,8.0
2026-02-10T07:00:00Z,MTR,2.41,41.5,1005.9,4.45,7,41,0.96593,-0.25882,0.64826,0.76142,3.78,3.83,8.0
2026-02-10T08:00:00Z,MTR,3.78,48.5,1002.0,6.45,8,41,0.86603,-0.5,0.64826,0.76142,4.54,5.35,8.0
2026-02-10T09:00:00Z,MTR,4.54,41.3,1000.9,7.92,9,41,0.70711,-0.70711,0.64826,0.76142,4.29,5.0,8.0
2026-02-10T10:00:00Z,MTR,4.29,41.3,998.4,6.17,10,41,0.5,-0.86603,0.64826,0.76142,4.73,4.06,8.0
2026-02-10T11:00:00Z,MTR,4.73,58.7,998.6,6.74,11,41,0.25882,-0.96593,0.64826,0.76142,5.15,3.82,8.0
2026-02-10T12:00:00Z,MTR,5.15,50.3,996.1,6.0,12,41,0.0,-1.0,0.64826,0.76142,3.83,2.86,8.0
2026-02-10T13:00:00Z,MTR,3.83,56.2,993.9,5.53,13,41,-0.25882,-0.96593,0.64826,0.76142,5.35,1.33,8.0
2026-02-10T14:00:00Z,MTR,5.35,58.3,989.2,5.95,14,41,-0.5,-0.86603,0.64826,0.76142,5.0,1.65,8.0
2026-02-10T15:00:00Z,MTR,5.0,63.5,987.2,6.43,15,41,-0.70711,-0.70711,0.64826,0.76142,4.06,1.72,8.0
2026-02-10T16:00:00Z,MTR,4.06,66.9,981.7,7.87,16,41,-0.86603,-0.5,0.64826,0.76142,3.82,2.07,8.0
2026-02-10T17:00:00Z,MTR,3.82,67.2,977.8,13.35,17,41,-0.96593,-0.25882,0.64826,0.76142,2.86,0.94,8.0
2026-02-10T18:00:00Z,MTR,2.86,72.6,978.4,10.89,18,41,-1.0,-0.0,0.64826,0.76142,1.33,7.8,8.0
2026-02-10T19:00:00Z,MTR,1.33,70.7,978.8,10.11,19,41,-0.96593,0.25882,0.64826,0.76142,1.65,5.94,8.0
2026-02-10T20:00:00Z,MTR,1.65,60.3,978.6,7.58,20,41,-0.86603,0.5,0.64826,0.76142,1.72,1.2,8.0
2026-02-10T21:00:00Z,MTR,1.72,74.6,975.8,13.21,21,41,-0.70711,0.70711,0.64826,0.76142,2.07,5.21,4.76
2026-02-10T22:00:00Z,MTR,2.07,72.5,974.8,14.08,22,41,-0.5,0.86603,0.64826,0.76142,0.94,7.27,3.59
2026-02-10T23:00:00Z,MTR,0.94,71.1,973.9,11.05,23,41,-0.25882,0.96593,0.64826,0.76142,7.8,7.61,3.51
2026-02-11T00:00:00Z,MTR,7.8,84.9,970.9,19.53,0,42,0.0,1.0,0.66126,0.75015,5.94,8.0,3.65
2026-02-11T01:00:00Z,MTR,5.94,75.4,972.8,11.79,1,42,0.25882,0.96593,0.66126,0.75015,1.2,8.0,4.11
2026-02-11T02:00:00Z,MTR,1.2,76.5,973.5,17.38,2,42,0.5,0.86603,0.66126,0.75015,5.21,8.0,3.72
2026-02-11T03:00:00Z,MTR,5.21,77.3,972.2,13.52,3,42,0.70711,0.70711,0.66126,0.75015,7.27,8.0,3.5
2026-02-11T04:00:00Z,MTR,7.27,77.3,971.4,12.88,4,42,0.86603,0.5,0.66126,0.75015,7.61,8.0,3.65
2026-02-11T05:00:00Z,MTR,7.61,77.5,971.1,13.65,5,42,0.96593,0.25882,0.66126,0.75015,8.0,8.0,4.68
2026-02-11T06:00:00Z,MTR,8.0,90.3,966.7,15.64,6,42,1.0,0.0,0.66126,0.75015,8.0,8.0,3.73
2026-02-11T07:00:00Z,MTR,8.0,80.7,965.8,16.37,7,42,0.96593,-0.25882,0.66126,0.75015,8.0,8.0,3.97
2026-02-11T08:00:00Z,MTR,8.0,76.5,964.2,14.48,8,42,0.86603,-0.5,0.66126,0.75015,8.0,8.0,3.87
2026-02-11T09:00:00Z,MTR,8.0,88.6,962.1,18.25,9,42,0.70711,-0.70711,0.66126,0.75015,8.0,8.0,4.63
2026-02-11T10:00:00Z,MTR,8.0,83.8,961.5,16.77,10,42,0.5,-0.86603,0.66126,0.75015,8.0,8.0,5.7
2026-02-11T11:00:00Z,MTR,8.0,78.8,964.8,13.58,11,42,0.25882,-0.96593,0.66126,0.75015,8.0,8.0,4.6
2026-02-11T12:00:00Z,MTR,8.0,83.6,965.8,15.04,12,42,0.0,-1.0,0.66126,0.75015,8.0,8.0,4.93
2026-02-11T13:00:00Z,MTR,8.0,87.4,964.7,19.1,13,42,-0.25882,-0.96593,0.66126,0.75015,8.0,8.0,5.57
2026-02-11T14:00:00Z,MTR,8.0,83.2,965.8,16.33,14,42,-0.5,-0.86603,0.66126,0.75015,8.0,8.0,4.67
2026-02-11T15:00:00Z,MTR,8.0,78.8,968.4,15.03,15,42,-0.70711,-0.70711,0.66126,0.75015,8.0,4.76,5.21
2026-02-11T16:00:00Z,MTR,8.0,78.0,970.1,13.66,16,42,-0.86603,-0.5,0.66126,0.75015,8.0,3.59,4.17
2026-02-11T17:00:00Z,MTR,8.0,78.6,970.3,13.77,17,42,-0.96593,-0.25882,0.66126,0.75015,8.0,3.51,4.33
2026-02-11T18:00:00Z,MTR,8.0,80.3,969.3,15.19,18,42,-1.0,-0.0,0.66126,0.75015,8.0,3.65,4.89
2026-02-11T19:00:00Z,MTR,8.0,69.4,970.8,13.71,19,42,-0.96593,0.25882,0.66126,0.75015,8.0,4.11,3.97
2026-02-11T20:00:00Z,MTR,8.0,82.1,971.8,14.82,20,42,-0.86603,0.5,0.66126,0.75015,4.76,3.72,3.49
2026-02-11T21:00:00Z,MTR,4.76,68.9,973.7,16.39,21,42,-0.70711,0.70711,0.66126,0.75015,3.59,3.5,4.28
2026-02-11T22:00:00Z,MTR,3.59,70.1,975.1,12.15,22,42,-0.5,0.86603,0.66126,0.75015,3.51,3.65,2.5
2026-02-11T23:00:00Z,MTR,3.51,64.1,977.4,14.01,23,42,-0.25882,0.96593,0.66126,0.75015,3.65,4.68,2.96
2026-02-12T00:00:00Z,MTR,3.65,72.3,976.7,10.36,0,43,0.0,1.0,0.67407,0.73867,4.11,3.73,4.25
2026-02-12T01:00:00Z,MTR,4.11,65.0,979.5,10.26,1,43,0.25882,0.96593,0.67407,0.73867,3.72,3.97,1.99
2026-02-12T02:00:00Z,MTR,3.72,67.7,980.2,12.81,2,43,0.5,0.86603,0.67407,0.73867,3.5,3.87,2.92
2026-02-12T03:00:00Z,MTR,3.5,60.1,984.3,10.25,3,43,0.70711,0.70711,0.67407,0.73867,3.65,4.63,3.84
2026-02-12T04:00:00Z,MTR,3.65,59.8,983.3,11.29,4,43,0.86603,0.5,0.67407,0.73867,4.68,5.7,4.16
2026-02-12T05:00:00Z,MTR,4.68,47.0,986.8,4.58,5,43,0.96593,0.25882,0.67407,0.73867,3.73,4.6,4.86
2026-02-12T06:00:00Z,MTR,3.73,57.7,987.4,10.27,6,43,1.0,0.0,0.67407,0.73867,3.97,4.93,5.42
2026-02-12T07:00:00Z,MTR,3.97,55.4,986.5,9.81,7,43,0.96593,-0.25882,0.67407,0.73867,3.87,5.57,5.36
2026-02-12T08:00:00Z,MTR,3.87,63.9,986.0,7.7,8,43,0.86603,-0.5,0.67407,0.73867,4.63,4.67,6.62
2026-02-12T09:00:00Z,MTR,4.63,72.1,985.9,8.72,9,43,0.70711,-0.70711,0.67407,0.73867,5.7,5.21,6.82
2026-02-12T10:00:00Z,MTR,5.7,69.7,987.2,9.17,10,43,0.5,-0.86603,0.67407,0.73867,4.6,4.17,7.24
2026-02-12T11:00:00Z,MTR,4.6,56.4,988.6,1.33,11,43,0.25882,-0.96593,0.67407,0.73867,4.93,4.33,6.54
2026-02-12T12:00:00Z,MTR,4.93,54.9,988.0,6.01,12,43,0.0,-1.0,0.67407,0.73867,5.57,4.89,4.76
2026-02-12T13:00:00Z,MTR,5.57,50.1,988.4,10.7,13,43,-0.25882,-0.96593,0.67407,0.73867,4.67,3.97,3.85
2026-02-12T14:00:00Z,MTR,4.67,51.9,992.7,5.73,14,43,-0.5,-0.86603,0.67407,0.73867,5.21,3.49,5.16
2026-02-12T15:00:00Z,MTR,5.21,46.1,996.1,5.64,15,43,-0.70711,-0.70711,0.67407,0.73867,4.17,4.28,5.41
2026-02-12T16:00:00Z,MTR,4.17,46.0,996.9,5.29,16,43,-0.86603,-0.5,0.67407,0.73867,4.33,2.5,4.77
2026-02-12T17:00:00Z,MTR,4.33,41.9,997.1,6.91,17,43,-0.96593,-0.25882,0.67407,0.73867,4.89,2.96,4.87
2026-02-12T18:00:00Z,MTR,4.89,52.6,997.3,4.59,18,43,-1.0,-0.0,0.67407,0.73867,3.97,4.25,4.83
2026-02-12T19:00:00Z,MTR,3.97,50.4,998.4,4.38,19,43,-0.96593,0.25882,0.67407,0.73867,3.49,1.99,3.12
2026-02-12T20:00:00Z,MTR,3.49,45.7,996.5,6.04,20,43,-0.86603,0.5,0.67407,0.73867,4.28,2.92,3.52
2026-02-12T21:00:00Z,MTR,4.28,56.2,996.1,9.97,21,43,-0.70711,0.70711,0.67407,0.73867,2.5,3.84,2.05
2026-02-12T22:00:00Z,MTR,2.5,55.5,993.1,10.88,22,43,-0.5,0.86603,0.67407,0.73867,2.96,4.16,1.7
2026-02-12T23:00:00Z,MTR,2.96,55.7,994.0,6.78,23,43,-0.25882,0.96593,0.67407,0.73867,4.25,4.86,1.1
2026-02-13T00:00:00Z,MTR,4.25,55.2,995.2,5.12,0,44,0.0,1.0,0.68668,0.72696,1.99,5.42,1.29
2026-02-13T01:00:00Z,MTR,1.99,54.6,994.3,7.0,1,44,0.25882,0.96593,0.68668,0.72696,2.92,5.36,1.6
2026-02-13T02:00:00Z,MTR,2.92,46.7,997.2,9.87,2,44,0.5,0.86603,0.68668,0.72696,3.84,6.62,-0.52
2026-02-13T03:00:00Z,MTR,3.84,57.8,994.8,7.79,3,44,0.70711,0.70711,0.68668,0.72696,4.16,6.82,0.88
2026-02-13T04:00:00Z,MTR,4.16,58.6,992.1,6.18,4,44,0.86603,0.5,0.68668,0.72696,4.86,7.24,1.45
2026-02-13T05:00:00Z,MTR,4.86,57.6,992.5,3.77,5,44,0.96593,0.25882,0.68668,0.72696,5.42,6.54,2.72
2026-02-13T06:00:00Z,MTR,5.42,46.6,994.4,8.59,6,44,1.0,0.0,0.68668,0.72696,5.36,4.76,3.24
2026-02-13T07:00:00Z,MTR,5.36,42.8,997.3,7.85,7,44,0.96593,-0.25882,0.68668,0.72696,6.62,3.85,3.85
2026-02-13T08:00:00Z,MTR,6.62,57.5,996.1,3.57,8,44,0.86603,-0.5,0.68668,0.72696,6.82,5.16,3.18
2026-02-13T09:00:00Z,MTR,6.82,45.3,997.8,4.35,9,44,0.70711,-0.70711,0.68668,0.72696,7.24,5.41,3.0
2026-02-13T10:00:00Z,MTR,7.24,51.1,997.3,7.14,10,44,0.5,-0.86603,0.68668,0.72696,6.54,4.77,3.19
2026-02-13T11:00:00Z,MTR,6.54,56.3,996.7,6.39,11,44,0.25882,-0.96593,0.68668,0.72696,4.76,4.87,3.96
2026-02-13T12:00:00Z,MTR,4.76,55.6,997.9,1.22,12,44,0.0,-1.0,0.68668,0.72696,3.85,4.83,3.73
2026-02-13T13:00:00Z,MTR,3.85,50.1,998.6,2.7,13,44,-0.25882,-0.96593,0.68668,0.72696,5.16,3.12,3.22
2026-02-13T14:00:00Z,MTR,5.16,49.2,995.3,7.22,14,44,-0.5,-0.86603,0.68668,0.72696,5.41,3.52,2.51
2026-02-13T15:00:00Z,MTR,5.41,47.6,997.7,5.78,15,44,-0.70711,-0.70711,0.68668,0.72696,4.77,2.05,2.7
2026-02-13T16:00:00Z,MTR,4.77,48.9,999.7,5.93,16,44,-0.86603,-0.5,0.68668,0.72696,4.87,1.7,2.47
2026-02-13T17:00:00Z,MTR,4.87,49.8,998.1,6.71,17,44,-0.96593,-0.25882,0.68668,0.72696,4.83,1.1,1.6
2026-02-13T18:00:00Z,MTR,4.83,44.7,998.3,5.54,18,44,-1.0,-0.0,0.68668,0.72696,3.12,1.29,1.28
2026-02-13T19:00:00Z,MTR,3.12,34.7,998.8,5.74,19,44,-0.96593,0.25882,0.68668,0.72696,3.52,1.6,0.56
2026-02-13T20:00:00Z,MTR,3.52,43.6,998.8,3.76,20,44,-0.86603,0.5,0.68668,0.72696,2.05,-0.52,-0.27
2026-02-13T21:00:00Z,MTR,2.05,49.0,997.4,8.07,21,44,-0.70711,0.70711,0.68668,0.72696,1.7,0.88,-1.26
2026-02-13T22:00:00Z,MTR,1.7,51.6,995.9,8.26,22,44,-0.5,0.86603,0.68668,0.72696,1.1,1.45,-1.97
2026-02-13T23:00:00Z,MTR,1.1,61.0,995.6,10.29,23,44,-0.25882,0.96593,0.68668,0.72696,1.29,2.72,-1.66
2026-02-14T00:00:00Z,MTR,1.29,53.9,997.5,3.69,0,45,0.0,1.0,0.69908,0.71504,1.6,3.24,-2.99
2026-02-14T01:00:00Z,MTR,1.6,46.7,998.2,7.45,1,45,0.25882,0.96593,0.69908,0.71504,-0.52,3.85,-3.22
2026-02-14T02:00:00Z,MTR,-0.52,52.3,997.3,6.92,2,45,0.5,0.86603,0.69908,0.71504,0.88,3.18,-2.32
2026-02-14T03:00:00Z,MTR,0.88,35.1,998.5,6.49,3,45,0.70711,0.70711,0.69908,0.71504,1.45,3.0,-1.04
2026-02-14T04:00:00Z,MTR,1.45,59.9,993.2,6.54,4,45,0.86603,0.5,0.69908,0.71504,2.72,3.19,-0.12
2026-02-14T05:00:00Z,MTR,2.72,49.7,995.3,8.41,5,45,0.96593,0.25882,0.69908,0.71504,3.24,3.96,1.12
2026-02-14T06:00:00Z,MTR,3.24,55.4,992.2,5.61,6,45,1.0,0.0,0.69908,0.71504,3.85,3.73,1.72
2026-02-14T07:00:00Z,MTR,3.85,55.6,991.8,7.52,7,45,0.96593,-0.25882,0.69908,0.71504,3.18,3.22,1.48
2026-02-14T08:00:00Z,MTR,3.18,62.7,990.0,8.7,8,45,0.86603,-0.5,0.69908,0.71504,3.0,2.51,2.54
2026-02-14T09:00:00Z,MTR,3.0,57.3,988.1,7.1,9,45,0.70711,-0.70711,0.69908,0.71504,3.19,2.7,3.34
2026-02-14T10:00:00Z,MTR,3.19,60.9,990.7,8.2,10,45,0.5,-0.86603,0.69908,0.71504,3.96,2.47,3.25
2026-02-14T11:00:00Z,MTR,3.96,59.4,990.3,9.75,11,45,0.25882,-0.96593,0.69908,0.71504,3.73,1.6,3.02
2026-02-14T12:00:00Z,MTR,3.73,56.4,991.4,7.24,12,45,0.0,-1.0,0.69908,0.71504,3.22,1.28,3.14
2026-02-14T13:00:00Z,MTR,3.22,55.3,991.7,8.75,13,45,-0.25882,-0.96593,0.69908,0.71504,2.51,0.56,4.05
2026-02-14T14:00:00Z,MTR,2.51,51.1,993.0,5.47,14,45,-0.5,-0.86603,0.69908,0.71504,2.7,-0.27,3.67
2026-02-14T15:00:00Z,MTR,2.7,52.0,993.6,4.45,15,45,-0.70711,-0.70711,0.69908,0.71504,2.47,-1.26,1.23
2026-02-14T16:00:00Z,MTR,2.47,54.1,991.6,8.69,16,45,-0.86603,-0.5,0.69908,0.71504,1.6,-1.97,1.47
2026-02-14T17:00:00Z,MTR,1.6,54.8,993.9,5.42,17,45,-0.96593,-0.25882,0.69908,0.71504,1.28,-1.66,0.49
2026-02-14T18:00:00Z,MTR,1.28,47.0,993.3,3.37,18,45,-1.0,-0.0,0.69908,0.71504,0.56,-2.99,0.7
2026-02-14T19:00:00Z,MTR,0.56,56.2,990.9,6.01,19,45,-0.96593,0.25882,0.69908,0.71504,-0.27,-3.22,0.87
2026-02-14T20:00:00Z,MTR,-0.27,65.1,990.6,10.32,20,45,-0.86603,0.5,0.69908,0.71504,-1.26,-2.32,1.91
2026-02-14T21:00:00Z,MTR,-1.26,52.3,993.8,11.16,21,45,-0.70711,0.70711,0.69908,0.71504,-1.97,-1.04,1.92
2026-02-14T22:00:00Z,MTR,-1.97,53.2,995.6,5.47,22,45,-0.5,0.86603,0.69908,0.71504,-1.66,-0.12,2.4
2026-02-14T23:00:00Z,MTR,-1.66,39.4,995.2,4.09,23,45,-0.25882,0.96593,0.69908,0.71504,-2.99,1.12,2.58
2026-02-15T00:00:00Z,MTR,-2.99,44.0,994.7,5.45,0,46,0.0,1.0,0.71128,0.70291,-3.22,1.72,3.16
2026-02-15T01:00:00Z,MTR,-3.22,52.9,994.2,9.4,1,46,0.25882,0.96593,0.71128,0.70291,-2.32,1.48,0.52
2026-02-15T02:00:00Z,MTR,-2.32,48.5,998.1,6.49,2,46,0.5,0.86603,0.71128,0.70291,-1.04,2.54,0.2
2026-02-15T03:00:00Z,MTR,-1.04,47.9,998.6,4.58,3,46,0.70711,0.70711,0.71128,0.70291,-0.12,3.34,0.63
2026-02-15T04:00:00Z,MTR,-0.12,57.8,999.2,3.55,4,46,0.86603,0.5,0.71128,0.70291,1.12,3.25,0.95
2026-02-15T05:00:00Z,MTR,1.12,42.5,1000.7,3.72,5,46,0.96593,0.25882,0.71128,0.70291,1.72,3.02,0.6
2026-02-15T06:00:00Z,MTR,1.72,46.6,1000.7,5.98,6,46,1.0,0.0,0.71128,0.70291,1.48,3.14,1.43
2026-02-15T07:00:00Z,MTR,1.48,43.2,999.6,4.79,7,46,0.96593,-0.25882,0.71128,0.70291,2.54,4.05,2.65
2026-02-15T08:00:00Z,MTR,2.54,51.3,998.7,4.53,8,46,0.86603,-0.5,0.71128,0.70291,3.34,3.67,2.59
2026-02-15T09:00:00Z,MTR,3.34,43.2,997.9,6.49,9,46,0.70711,-0.70711,0.71128,0.70291,3.25,1.23,2.28
2026-02-15T10:00:00Z,MTR,3.25,46.0,997.2,5.57,10,46,0.5,-0.86603,0.71128,0.70291,3.02,1.47,3.3
2026-02-15T11:00:00Z,MTR,3.02,44.8,997.8,7.14,11,46,0.25882,-0.96593,0.71128,0.70291,3.14,0.49,3.31
2026-02-15T12:00:00Z,MTR,3.14,53.3,997.0,4.13,12,46,0.0,-1.0,0.71128,0.70291,4.05,0.7,3.62
2026-02-15T13:00:00Z,MTR,4.05,50.0,997.4,5.9,13,46,-0.25882,-0.96593,0.71128,0.70291,3.67,0.87,2.54
2026-02-15T14:00:00Z,MTR,3.67,52.4,996.3,7.52,14,46,-0.5,-0.86603,0.71128,0.70291,1.23,1.91,4.58
2026-02-15T15:00:00Z,MTR,1.23,51.4,995.4,9.15,15,46,-0.70711,-0.70711,0.71128,0.70291,1.47,1.92,2.5
2026-02-15T16:00:00Z,MTR,1.47,62.0,990.6,5.43,16,46,-0.86603,-0.5,0.71128,0.70291,0.49,2.4,2.98
2026-02-15T17:00:00Z,MTR,0.49,55.0,991.3,7.04,17,46,-0.96593,-0.25882,0.71128,0.70291,0.7,2.58,2.19
2026-02-15T18:00:00Z,MTR,0.7,65.4,990.9,4.91,18,46,-1.0,-0.0,0.71128,0.70291,0.87,3.16,4.23
2026-02-15T19:00:00Z,MTR,0.87,61.5,991.5,5.39,19,46,-0.96593,0.25882,0.71128,0.70291,1.91,0.52,4.2
2026-02-15T20:00:00Z,MTR,1.91,55.5,985.0,9.53,20,46,-0.86603,0.5,0.71128,0.70291,1.92,0.2,5.93
2026-02-15T21:00:00Z,MTR,1.92,62.6,987.7,7.01,21,46,-0.70711,0.70711,0.71128,0.70291,2.4,0.63,4.98
2026-02-15T22:00:00Z,MTR,2.4,68.6,986.2,11.67,22,46,-0.5,0.86603,0.71128,0.70291,2.58,0.95,3.07
2026-02-15T23:00:00Z,MTR,2.58,59.2,987.0,10.85,23,46,-0.25882,0.96593,0.71128,0.70291,3.16,0.6,3.18
2026-02-16T00:00:00Z,MTR,3.16,66.2,983.8,9.75,0,47,0.0,1.0,0.72326,0.69057,0.52,1.43,3.32
2026-02-16T01:00:00Z,MTR,0.52,56.7,983.7,9.17,1,47,0.25882,0.96593,0.72326,0.69057,0.2,2.65,3.68
2026-02-16T02:00:00Z,MTR,0.2,63.2,980.5,12.27,2,47,0.5,0.86603,0.72326,0.69057,0.63,2.59,4.63
2026-02-16T03:00:00Z,MTR,0.63,70.4,978.2,16.01,3,47,0.70711,0.70711,0.72326,0.69057,0.95,2.28,4.79
2026-02-16T04:00:00Z,MTR,0.95,60.7,980.5,9.95,4,47,0.86603,0.5,0.72326,0.69057,0.6,3.3,5.66
2026-02-16T05:00:00Z,MTR,0.6,69.3,978.9,9.94,5,47,0.96593,0.25882,0.72326,0.69057,1.43,3.31,5.35
2026-02-16T06:00:00Z,MTR,1.43,72.2,978.2,7.16,6,47,1.0,0.0,0.72326,0.69057,2.65,3.62,4.34
2026-02-16T07:00:00Z,MTR,2.65,66.0,978.6,13.73,7,47,0.96593,-0.25882,0.72326,0.69057,2.59,2.54,4.02
2026-02-16T08:00:00Z,MTR,2.59,62.8,978.3,9.26,8,47,0.86603,-0.5,0.72326,0.69057,2.28,4.58,3.84
2026-02-16T09:00:00Z,MTR,2.28,63.4,977.4,12.21,9,47,0.70711,-0.70711,0.72326,0.69057,3.3,2.5,3.48
2026-02-16T10:00:00Z,MTR,3.3,79.0,976.9,16.4,10,47,0.5,-0.86603,0.72326,0.69057,3.31,2.98,2.85
2026-02-16T11:00:00Z,MTR,3.31,59.6,980.2,11.83,11,47,0.25882,-0.96593,0.72326,0.69057,3.62,2.19,2.37
2026-02-16T12:00:00Z,MTR,3.62,71.2,978.9,12.24,12,47,0.0,-1.0,0.72326,0.69057,2.54,4.23,2.22
2026-02-16T13:00:00Z,MTR,2.54,76.7,978.2,11.12,13,47,-0.25882,-0.96593,0.72326,0.69057,4.58,4.2,1.54
2026-02-16T14:00:00Z,MTR,4.58,64.7,979.1,12.1,14,47,-0.5,-0.86603,0.72326,0.69057,2.5,5.93,3.5
2026-02-16T15:00:00Z,MTR,2.5,64.1,980.1,11.3,15,47,-0.70711,-0.70711,0.72326,0.69057,2.98,4.98,2.28
2026-02-16T16:00:00Z,MTR,2.98,68.2,981.2,11.84,16,47,-0.86603,-0.5,0.72326,0.69057,2.19,3.07,2.44
2026-02-16T17:00:00Z,MTR,2.19,66.6,981.4,5.87,17,47,-0.96593,-0.25882,0.72326,0.69057,4.23,3.18,1.81
2026-02-16T18:00:00Z,MTR,4.23,67.8,978.4,12.45,18,47,-1.0,-0.0,0.72326,0.69057,4.2,3.32,1.99
2026-02-16T19:00:00Z,MTR,4.2,66.4,980.7,11.81,19,47,-0.96593,0.25882,0.72326,0.69057,5.93,3.68,1.57
2026-02-16T20:00:00Z,MTR,5.93,73.5,977.9,19.99,20,47,-0.86603,0.5,0.72326,0.69057,4.98,4.63,2.06
2026-02-16T21:00:00Z,MTR,4.98,69.3,978.0,14.31,21,47,-0.70711,0.70711,0.72326,0.69057,3.07,4.79,1.84
2026-02-16T22:00:00Z,MTR,3.07,71.3,976.2,14.62,22,47,-0.5,0.86603,0.72326,0.69057,3.18,5.66,2.0
2026-02-16T23:00:00Z,MTR,3.18,83.1,975.9,14.24,23,47,-0.25882,0.96593,0.72326,0.69057,3.32,5.35,0.43
2026-02-17T00:00:00Z,MTR,3.32,77.7,976.4,13.22,0,48,0.0,1.0,0.73503,0.67803,3.68,4.34,-0.58
2026-02-17T01:00:00Z,MTR,3.68,76.7,976.9,10.63,1,48,0.25882,0.96593,0.73503,0.67803,4.63,4.02,-1.51
2026-02-17T02:00:00Z,MTR,4.63,70.1,977.8,15.3,2,48,0.5,0.86603,0.73503,0.67803,4.79,3.84,-0.09
2026-02-17T03:00:00Z,MTR,4.79,58.4,980.8,9.08,3,48,0.70711,0.70711,0.73503,0.67803,5.66,3.48,0.92
2026-02-17T04:00:00Z,MTR,5.66,79.2,981.6,11.43,4,48,0.86603,0.5,0.73503,0.67803,5.35,2.85,1.55
2026-02-17T05:00:00Z,MTR,5.35,63.3,981.3,9.01,5,48,0.96593,0.25882,0.73503,0.67803,4.34,2.37,2.84
2026-02-17T06:00:00Z,MTR,4.34,66.1,983.3,9.62,6,48,1.0,0.0,0.73503,0.67803,4.02,2.22,2.53
2026-02-17T07:00:00Z,MTR,4.02,65.7,985.7,8.34,7,48,0.96593,-0.25882,0.73503,0.67803,3.84,1.54,4.12
2026-02-17T08:00:00Z,MTR,3.84,61.3,983.7,9.45,8,48,0.86603,-0.5,0.73503,0.67803,3.48,3.5,4.55
2026-02-17T09:00:00Z,MTR,3.48,67.2,985.1,9.29,9,48,0.70711,-0.70711,0.73503,0.67803,2.85,2.28,4.65
2026-02-17T10:00:00Z,MTR,2.85,61.1,986.8,9.64,10,48,0.5,-0.86603,0.73503,0.67803,2.37,2.44,5.62
2026-02-17T11:00:00Z,MTR,2.37,59.6,986.7,8.75,11,48,0.25882,-0.96593,0.73503,0.67803,2.22,1.81,6.4
2026-02-17T12:00:00Z,MTR,2.22,55.4,989.6,9.71,12,48,0.0,-1.0,0.73503,0.67803,1.54,1.99,5.26
2026-02-17T13:00:00Z,MTR,1.54,52.3,989.8,6.84,13,48,-0.25882,-0.96593,0.73503,0.67803,3.5,1.57,5.8
2026-02-17T14:00:00Z,MTR,3.5,47.8,990.5,8.54,14,48,-0.5,-0.86603,0.73503,0.67803,2.28,2.06,5.44
2026-02-17T15:00:00Z,MTR,2.28,70.2,990.6,5.96,15,48,-0.70711,-0.70711,0.73503,0.67803,2.44,1.84,5.35
2026-02-17T16:00:00Z,MTR,2.44,64.4,991.2,11.0,16,48,-0.86603,-0.5,0.73503,0.67803,1.81,2.0,4.67
2026-02-17T17:00:00Z,MTR,1.81,58.4,989.8,8.78,17,48,-0.96593,-0.25882,0.73503,0.67803,1.99,0.43,3.48
2026-02-17T18:00:00Z,MTR,1.99,67.1,987.8,7.17,18,48,-1.0,-0.0,0.73503,0.67803,1.57,-0.58,2.13
2026-02-17T19:00:00Z,MTR,1.57,63.9,991.5,10.81,19,48,-0.96593,0.25882,0.73503,0.67803,2.06,-1.51,1.41
2026-02-17T20:00:00Z,MTR,2.06,60.9,990.6,11.71,20,48,-0.86603,0.5,0.73503,0.67803,1.84,-0.09,1.61
2026-02-17T21:00:00Z,MTR,1.84,56.5,989.5,9.1,21,48,-0.70711,0.70711,0.73503,0.67803,2.0,0.92,1.9
2026-02-17T22:00:00Z,MTR,2.0,67.2,986.3,10.54,22,48,-0.5,0.86603,0.73503,0.67803,0.43,1.55,2.14
2026-02-17T23:00:00Z,MTR,0.43,65.8,986.1,7.76,23,48,-0.25882,0.96593,0.73503,0.67803,-0.58,2.84,2.8
2026-02-18T00:00:00Z,MTR,-0.58,66.5,984.6,7.35,0,49,0.0,1.0,0.74659,0.66529,-1.51,2.53,2.63
2026-02-18T01:00:00Z,MTR,-1.51,58.2,988.6,11.63,1,49,0.25882,0.96593,0.74659,0.66529,-0.09,4.12,4.08
2026-02-18T02:00:00Z,MTR,-0.09,58.0,991.2,7.4,2,49,0.5,0.86603,0.74659,0.66529,0.92,4.55,4.3
2026-02-18T03:00:00Z,MTR,0.92,57.3,990.5,4.98,3,49,0.70711,0.70711,0.74659,0.66529,1.55,4.65,3.57
2026-02-18T04:00:00Z,MTR,1.55,50.1,995.2,7.36,4,49,0.86603,0.5,0.74659,0.66529,2.84,5.62,2.89
2026-02-18T05:00:00Z,MTR,2.84,52.1,997.4,8.7,5,49,0.96593,0.25882,0.74659,0.66529,2.53,6.4,3.55
2026-02-18T06:00:00Z,MTR,2.53,56.6,997.0,7.81,6,49,1.0,0.0,0.74659,0.66529,4.12,5.26,3.78
2026-02-18T07:00:00Z,MTR,4.12,63.4,992.7,11.51,7,49,0.96593,-0.25882,0.74659,0.66529,4.55,5.8,3.3
2026-02-18T08:00:00Z,MTR,4.55,53.4,997.2,10.27,8,49,0.86603,-0.5,0.74659,0.66529,4.65,5.44,3.58
2026-02-18T09:00:00Z,MTR,4.65,50.7,994.8,4.42,9,49,0.70711,-0.70711,0.74659,0.66529,5.62,5.35,3.49
2026-02-18T10:00:00Z,MTR,5.62,59.2,992.1,6.52,10,49,0.5,-0.86603,0.74659,0.66529,6.4,4.67,3.43
2026-02-18T11:00:00Z,MTR,6.4,47.4,994.2,3.29,11,49,0.25882,-0.96593,0.74659,0.66529,5.26,3.48,4.63
2026-02-18T12:00:00Z,MTR,5.26,45.2,998.7,2.6,12,49,0.0,-1.0,0.74659,0.66529,5.8,2.13,5.19
2026-02-18T13:00:00Z,MTR,5.8,52.2,1001.1,6.29,13,49,-0.25882,-0.96593,0.74659,0.66529,5.44,1.41,5.86
2026-02-18T14:00:00Z,MTR,5.44,53.9,1001.8,4.46,14,49,-0.5,-0.86603,0.74659,0.66529,5.35,1.61,6.9
2026-02-18T15:00:00Z,MTR,5.35,50.2,1002.5,6.58,15,49,-0.70711,-0.70711,0.74659,0.66529,4.67,1.9,6.6
2026-02-18T16:00:00Z,MTR,4.67,41.5,1003.6,1.58,16,49,-0.86603,-0.5,0.74659,0.66529,3.48,2.14,6.34
2026-02-18T17:00:00Z,MTR,3.48,30.3,1004.4,1.94,17,49,-0.96593,-0.25882,0.74659,0.66529,2.13,2.8,6.1
2026-02-18T18:00:00Z,MTR,2.13,45.9,1004.3,4.27,18,49,-1.0,-0.0,0.74659,0.66529,1.41,2.63,6.43
2026-02-18T19:00:00Z,MTR,1.41,45.4,1003.8,5.35,19,49,-0.96593,0.25882,0.74659,0.66529,1.61,4.08,6.7
2026-02-18T20:00:00Z,MTR,1.61,45.7,1003.0,3.26,20,49,-0.86603,0.5,0.74659,0.66529,1.9,4.3,5.83
2026-02-18T21:00:00Z,MTR,1.9,38.7,1001.0,6.16,21,49,-0.70711,0.70711,0.74659,0.66529,2.14,3.57,4.81
2026-02-18T22:00:00Z,MTR,2.14,45.6,999.9,7.08,22,49,-0.5,0.86603,0.74659,0.66529,2.8,2.89,3.9
2026-02-18T23:00:00Z,MTR,2.8,60.5,996.3,8.21,23,49,-0.25882,0.96593,0.74659,0.66529,2.63,3.55,3.89
2026-02-19T00:00:00Z,MTR,2.63,46.5,995.7,7.89,0,50,0.0,1.0,0.75792,0.65235,4.08,3.78,2.75
2026-02-19T01:00:00Z,MTR,4.08,56.5,993.6,7.4,1,50,0.25882,0.96593,0.75792,0.65235,4.3,3.3,3.04
2026-02-19T02:00:00Z,MTR,4.3,52.4,991.3,6.68,2,50,0.5,0.86603,0.75792,0.65235,3.57,3.58,1.44
2026-02-19T03:00:00Z,MTR,3.57,57.1,991.5,3.5,3,50,0.70711,0.70711,0.75792,0.65235,2.89,3.49,2.99
2026-02-19T04:00:00Z,MTR,2.89,52.1,993.8,6.21,4,50,0.86603,0.5,0.75792,0.65235,3.55,3.43,2.3
2026-02-19T05:00:00Z,MTR,3.55,57.6,995.1,5.54,5,50,0.96593,0.25882,0.75792,0.65235,3.78,4.63,2.24
2026-02-19T06:00:00Z,MTR,3.78,54.9,991.9,5.59,6,50,1.0,0.0,0.75792,0.65235,3.3,5.19,2.28
2026-02-19T07:00:00Z,MTR,3.3,62.9,990.0,9.63,7,50,0.96593,-0.25882,0.75792,0.65235,3.58,5.86,3.84
2026-02-19T08:00:00Z,MTR,3.58,65.5,991.6,5.01,8,50,0.86603,-0.5,0.75792,0.65235,3.49,6.9,4.18
2026-02-19T09:00:00Z,MTR,3.49,62.3,989.7,6.62,9,50,0.70711,-0.70711,0.75792,0.65235,3.43,6.6,3.67
2026-02-19T10:00:00Z,MTR,3.43,61.8,989.2,10.43,10,50,0.5,-0.86603,0.75792,0.65235,4.63,6.34,3.86
2026-02-19T11:00:00Z,MTR,4.63,62.4,990.2,6.21,11,50,0.25882,-0.96593,0.75792,0.65235,5.19,6.1,4.04
2026-02-19T12:00:00Z,MTR,5.19,62.1,988.4,9.0,12,50,0.0,-1.0,0.75792,0.65235,5.86,6.43,4.37
2026-02-19T13:00:00Z,MTR,5.86,55.7,988.7,8.24,13,50,-0.25882,-0.96593,0.75792,0.65235,6.9,6.7,3.48
2026-02-19T14:00:00Z,MTR,6.9,57.2,986.4,9.51,14,50,-0.5,-0.86603,0.75792,0.65235,6.6,5.83,4.03
2026-02-19T15:00:00Z,MTR,6.6,66.2,985.6,11.07,15,50,-0.70711,-0.70711,0.75792,0.65235,6.34,4.81,3.89
2026-02-19T16:00:00Z,MTR,6.34,58.3,986.4,9.67,16,50,-0.86603,-0.5,0.75792,0.65235,6.1,3.9,4.69
2026-02-19T17:00:00Z,MTR,6.1,59.7,983.9,7.11,17,50,-0.96593,-0.25882,0.75792,0.65235,6.43,3.89,4.16
2026-02-19T18:00:00Z,MTR,6.43,61.1,985.1,7.04,18,50,-1.0,-0.0,0.75792,0.65235,6.7,2.75,3.71
2026-02-19T19:00:00Z,MTR,6.7,53.9,985.4,9.95,19,50,-0.96593,0.25882,0.75792,0.65235,5.83,3.04,3.21
2026-02-19T20:00:00Z,MTR,5.83,57.9,986.8,10.09,20,50,-0.86603,0.5,0.75792,0.65235,4.81,1.44,3.95
2026-02-19T21:00:00Z,MTR,4.81,57.7,987.5,13.04,21,50,-0.70711,0.70711,0.75792,0.65235,3.9,2.99,4.4
2026-02-19T22:00:00Z,MTR,3.9,70.0,990.3,10.1,22,50,-0.5,0.86603,0.75792,0.65235,3.89,2.3,3.76
2026-02-19T23:00:00Z,MTR,3.89,59.6,990.7,5.07,23,50,-0.25882,0.96593,0.75792,0.65235,2.75,2.24,5.72
2026-02-20T00:00:00Z,MTR,2.75,56.3,990.1,11.58,0,51,0.0,1.0,0.76903,0.63921,3.04,2.28,4.9
2026-02-20T01:00:00Z,MTR,3.04,53.0,990.5,7.83,1,51,0.25882,0.96593,0.76903,0.63921,1.44,3.84,4.38
2026-02-20T02:00:00Z,MTR,1.44,43.7,991.7,8.61,2,51,0.5,0.86603,0.76903,0.63921,2.99,4.18,5.01
2026-02-20T03:00:00Z,MTR,2.99,48.2,991.9,8.06,3,51,0.70711,0.70711,0.76903,0.63921,2.3,3.67,4.78
2026-02-20T04:00:00Z,MTR,2.3,46.8,992.0,6.99,4,51,0.86603,0.5,0.76903,0.63921,2.24,3.86,4.2
2026-02-20T05:00:00Z,MTR,2.24,52.2,990.8,9.49,5,51,0.96593,0.25882,0.76903,0.63921,2.28,4.04,5.43
2026-02-20T06:00:00Z,MTR,2.28,57.0,989.7,5.9,6,51,1.0,0.0,0.76903,0.63921,3.84,4.37,7.2
2026-02-20T07:00:00Z,MTR,3.84,60.1,987.3,11.03,7,51,0.96593,-0.25882,0.76903,0.63921,4.18,3.48,6.59
2026-02-20T08:00:00Z,MTR,4.18,52.6,990.6,8.99,8,51,0.86603,-0.5,0.76903,0.63921,3.67,4.03,7.68
2026-02-20T09:00:00Z,MTR,3.67,58.4,988.4,6.83,9,51,0.70711,-0.70711,0.76903,0.63921,3.86,3.89,7.41
2026-02-20T10:00:00Z,MTR,3.86,53.4,987.2,9.27,10,51,0.5,-0.86603,0.76903,0.63921,4.04,4.69,5.82
2026-02-20T11:00:00Z,MTR,4.04,64.7,986.0,11.6,11,51,0.25882,-0.96593,0.76903,0.63921,4.37,4.16,6.33
2026-02-20T12:00:00Z,MTR,4.37,64.1,987.6,9.66,12,51,0.0,-1.0,0.76903,0.63921,3.48,3.71,4.82
2026-02-20T13:00:00Z,MTR,3.48,63.2,987.0,9.11,13,51,-0.25882,-0.96593,0.76903,0.63921,4.03,3.21,4.16
2026-02-20T14:00:00Z,MTR,4.03,64.1,989.2,9.35,14,51,-0.5,-0.86603,0.76903,0.63921,3.89,3.95,3.78
2026-02-20T15:00:00Z,MTR,3.89,52.7,987.7,10.02,15,51,-0.70711,-0.70711,0.76903,0.63921,4.69,4.4,3.53
2026-02-20T16:00:00Z,MTR,4.69,59.5,987.9,7.52,16,51,-0.86603,-0.5,0.76903,0.63921,4.16,3.76,4.06
2026-02-20T17:00:00Z,MTR,4.16,57.0,986.0,9.47,17,51,-0.96593,-0.25882,0.76903,0.63921,3.71,5.72,3.22
2026-02-20T18:00:00Z,MTR,3.71,52.6,989.6,9.68,18,51,-1.0,-0.0,0.76903,0.63921,3.21,4.9,3.92
2026-02-20T19:00:00Z,MTR,3.21,53.9,986.8,9.16,19,51,-0.96593,0.25882,0.76903,0.63921,3.95,4.38,7.99
2026-02-20T20:00:00Z,MTR,3.95,73.7,986.8,10.49,20,51,-0.86603,0.5,0.76903,0.63921,4.4,5.01,8.0
2026-02-20T21:00:00Z,MTR,4.4,65.7,987.3,11.75,21,51,-0.70711,0.70711,0.76903,0.63921,3.76,4.78,8.0
2026-02-20T22:00:00Z,MTR,3.76,68.7,987.4,9.68,22,51,-0.5,0.86603,0.76903,0.63921,5.72,4.2,8.0
2026-02-20T23:00:00Z,MTR,5.72,63.9,986.2,11.17,23,51,-0.25882,0.96593,0.76903,0.63921,4.9,5.43,8.0
2026-02-21T00:00:00Z,MTR,4.9,59.4,985.1,12.31,0,52,0.0,1.0,0.77991,0.62589,4.38,7.2,8.0
2026-02-21T01:00:00Z,MTR,4.38,67.6,984.4,11.97,1,52,0.25882,0.96593,0.77991,0.62589,5.01,6.59,8.0
2026-02-21T02:00:00Z,MTR,5.01,76.6,983.2,10.2,2,52,0.5,0.86603,0.77991,0.62589,4.78,7.68,7.9
2026-02-21T03:00:00Z,MTR,4.78,66.7,984.0,10.43,3,52,0.70711,0.70711,0.77991,0.62589,4.2,7.41,8.0
2026-02-21T04:00:00Z,MTR,4.2,58.6,987.0,3.68,4,52,0.86603,0.5,0.77991,0.62589,5.43,5.82,8.0
2026-02-21T05:00:00Z,MTR,5.43,64.4,984.8,9.38,5,52,0.96593,0.25882,0.77991,0.62589,7.2,6.33,8.0
2026-02-21T06:00:00Z,MTR,7.2,73.3,981.1,12.68,6,52,1.0,0.0,0.77991,0.62589,6.59,4.82,8.0
2026-02-21T07:00:00Z,MTR,6.59,68.6,979.9,12.0,7,52,0.96593,-0.25882,0.77991,0.62589,7.68,4.16,8.0
2026-02-21T08:00:00Z,MTR,7.68,64.0,983.5,10.21,8,52,0.86603,-0.5,0.77991,0.62589,7.41,3.78,8.0
2026-02-21T09:00:00Z,MTR,7.41,65.3,980.8,15.15,9,52,0.70711,-0.70711,0.77991,0.62589,5.82,3.53,8.0
2026-02-21T10:00:00Z,MTR,5.82,66.2,982.6,6.88,10,52,0.5,-0.86603,0.77991,0.62589,6.33,4.06,8.0
2026-02-21T11:00:00Z,MTR,6.33,56.3,984.4,6.75,11,52,0.25882,-0.96593,0.77991,0.62589,4.82,3.22,8.0
2026-02-21T12:00:00Z,MTR,4.82,64.5,982.0,11.46,12,52,0.0,-1.0,0.77991,0.62589,4.16,3.92,3.17
2026-02-21T13:00:00Z,MTR,4.16,66.3,981.8,12.37,13,52,-0.25882,-0.96593,0.77991,0.62589,3.78,7.99,3.6
2026-02-21T14:00:00Z,MTR,3.78,59.8,983.4,11.9,14,52,-0.5,-0.86603,0.77991,0.62589,3.53,8.0,3.35
2026-02-21T15:00:00Z,MTR,3.53,66.3,981.4,9.55,15,52,-0.70711,-0.70711,0.77991,0.62589,4.06,8.0,4.21
2026-02-21T16:00:00Z,MTR,4.06,72.8,979.8,9.53,16,52,-0.86603,-0.5,0.77991,0.62589,3.22,8.0,3.44
2026-02-21T17:00:00Z,MTR,3.22,77.6,977.7,9.96,17,52,-0.96593,-0.25882,0.77991,0.62589,3.92,8.0,2.53
2026-02-21T18:00:00Z,MTR,3.92,73.0,974.9,13.52,18,52,-1.0,-0.0,0.77991,0.62589,7.99,8.0,2.31
2026-02-21T19:00:00Z,MTR,7.99,73.3,972.9,11.57,19,52,-0.96593,0.25882,0.77991,0.62589,8.0,8.0,3.77
2026-02-21T20:00:00Z,MTR,8.0,79.6,970.0,19.74,20,52,-0.86603,0.5,0.77991,0.62589,8.0,7.9,4.36
2026-02-21T21:00:00Z,MTR,8.0,83.6,969.7,17.05,21,52,-0.70711,0.70711,0.77991,0.62589,8.0,8.0,3.79
2026-02-21T22:00:00Z,MTR,8.0,78.7,967.9,15.55,22,52,-0.5,0.86603,0.77991,0.62589,8.0,8.0,3.59
2026-02-21T23:00:00Z,MTR,8.0,78.2,968.1,14.64,23,52,-0.25882,0.96593,0.77991,0.62589,8.0,8.0,3.03
2026-02-22T00:00:00Z,MTR,8.0,85.1,965.1,13.06,0,53,0.0,1.0,0.79056,0.61238,8.0,8.0,2.17
2026-02-22T01:00:00Z,MTR,8.0,86.3,965.8,15.21,1,53,0.25882,0.96593,0.79056,0.61238,7.9,8.0,2.2
2026-02-22T02:00:00Z,MTR,7.9,83.4,967.4,16.0,2,53,0.5,0.86603,0.79056,0.61238,8.0,8.0,2.02
2026-02-22T03:00:00Z,MTR,8.0,86.8,964.0,17.32,3,53,0.70711,0.70711,0.79056,0.61238,8.0,8.0,1.26
2026-02-22T04:00:00Z,MTR,8.0,82.3,965.1,15.94,4,53,0.86603,0.5,0.79056,0.61238,8.0,8.0,1.16
2026-02-22T05:00:00Z,MTR,8.0,81.4,967.7,13.54,5,53,0.96593,0.25882,0.79056,0.61238,8.0,8.0,1.67
2026-02-22T06:00:00Z,MTR,8.0,71.1,966.0,13.39,6,53,1.0,0.0,0.79056,0.61238,8.0,3.17,1.7
2026-02-22T07:00:00Z,MTR,8.0,87.4,969.6,14.16,7,53,0.96593,-0.25882,0.79056,0.61238,8.0,3.6,2.15
2026-02-22T08:00:00Z,MTR,8.0,77.9,970.9,10.09,8,53,0.86603,-0.5,0.79056,0.61238,8.0,3.35,2.05
2026-02-22T09:00:00Z,MTR,8.0,89.4,970.2,13.79,9,53,0.70711,-0.70711,0.79056,0.61238,8.0,4.21,2.77
2026-02-22T10:00:00Z,MTR,8.0,85.5,970.8,16.45,10,53,0.5,-0.86603,0.79056,0.61238,8.0,3.44,2.52
2026-02-22T11:00:00Z,MTR,8.0,72.2,972.6,13.22,11,53,0.25882,-0.96593,0.79056,0.61238,3.17,2.53,3.19
2026-02-22T12:00:00Z,MTR,3.17,73.7,973.6,13.62,12,53,0.0,-1.0,0.79056,0.61238,3.6,2.31,3.03
2026-02-22T13:00:00Z,MTR,3.6,67.9,975.4,12.76,13,53,-0.25882,-0.96593,0.79056,0.61238,3.35,3.77,1.39
2026-02-22T14:00:00Z,MTR,3.35,70.0,974.7,10.17,14,53,-0.5,-0.86603,0.79056,0.61238,4.21,4.36,1.17
2026-02-22T15:00:00Z,MTR,4.21,66.0,976.0,16.02,15,53,-0.70711,-0.70711,0.79056,0.61238,3.44,3.79,1.45
2026-02-22T16:00:00Z,MTR,3.44,69.5,974.5,12.19,16,53,-0.86603,-0.5,0.79056,0.61238,2.53,3.59,0.84
2026-02-22T17:00:00Z,MTR,2.53,68.1,975.5,12.66,17,53,-0.96593,-0.25882,0.79056,0.61238,2.31,3.03,0.49
2026-02-22T18:00:00Z,MTR,2.31,77.7,975.1,11.48,18,53,-1.0,-0.0,0.79056,0.61238,3.77,2.17,0.75
2026-02-22T19:00:00Z,MTR,3.77,66.3,975.1,15.07,19,53,-0.96593,0.25882,0.79056,0.61238,4.36,2.2,1.66
2026-02-22T20:00:00Z,MTR,4.36,80.9,978.8,11.69,20,53,-0.86603,0.5,0.79056,0.61238,3.79,2.02,2.46
2026-02-22T21:00:00Z,MTR,3.79,66.0,982.0,15.57,21,53,-0.70711,0.70711,0.79056,0.61238,3.59,1.26,2.54
2026-02-22T22:00:00Z,MTR,3.59,70.7,984.3,10.87,22,53,-0.5,0.86603,0.79056,0.61238,3.03,1.16,2.95
2026-02-22T23:00:00Z,MTR,3.03,59.7,983.5,9.85,23,53,-0.25882,0.96593,0.79056,0.61238,2.17,1.67,2.98
2026-02-23T00:00:00Z,MTR,2.17,67.3,984.1,8.54,0,54,0.0,1.0,0.80098,0.59869,2.2,1.7,1.65
2026-02-23T01:00:00Z,MTR,2.2,54.1,987.5,13.18,1,54,0.25882,0.96593,0.80098,0.59869,2.02,2.15,2.63
2026-02-23T02:00:00Z,MTR,2.02,50.8,988.9,6.76,2,54,0.5,0.86603,0.80098,0.59869,1.26,2.05,3.6
2026-02-23T03:00:00Z,MTR,1.26,58.8,994.1,7.89,3,54,0.70711,0.70711,0.80098,0.59869,1.16,2.77,2.26
2026-02-23T04:00:00Z,MTR,1.16,49.9,995.6,3.4,4,54,0.86603,0.5,0.80098,0.59869,1.67,2.52,2.26
2026-02-23T05:00:00Z,MTR,1.67,48.0,996.6,2.0,5,54,0.96593,0.25882,0.80098,0.59869,1.7,3.19,3.8
2026-02-23T06:00:00Z,MTR,1.7,45.7,996.7,8.2,6,54,1.0,0.0,0.80098,0.59869,2.15,3.03,4.29
2026-02-23T07:00:00Z,MTR,2.15,44.6,997.6,5.24,7,54,0.96593,-0.25882,0.80098,0.59869,2.05,1.39,3.84
2026-02-23T08:00:00Z,MTR,2.05,40.0,997.9,2.87,8,54,0.86603,-0.5,0.80098,0.59869,2.77,1.17,5.06
2026-02-23T09:00:00Z,MTR,2.77,44.5,999.7,6.25,9,54,0.70711,-0.70711,0.80098,0.59869,2.52,1.45,5.33
2026-02-23T10:00:00Z,MTR,2.52,45.3,1001.9,3.07,10,54,0.5,-0.86603,0.80098,0.59869,3.19,0.84,6.4
2026-02-23T11:00:00Z,MTR,3.19,45.5,1000.8,2.95,11,54,0.25882,-0.96593,0.80098,0.59869,3.03,0.49,6.41
2026-02-23T12:00:00Z,MTR,3.03,48.6,998.7,6.1,12,54,0.0,-1.0,0.80098,0.59869,1.39,0.75,4.65
2026-02-23T13:00:00Z,MTR,1.39,40.5,995.7,5.08,13,54,-0.25882,-0.96593,0.80098,0.59869,1.17,1.66,5.87
2026-02-23T14:00:00Z,MTR,1.17,49.9,997.1,3.54,14,54,-0.5,-0.86603,0.80098,0.59869,1.45,2.46,4.73
2026-02-23T15:00:00Z,MTR,1.45,50.2,995.4,7.41,15,54,-0.70711,-0.70711,0.80098,0.59869,0.84,2.54,4.07
2026-02-23T16:00:00Z,MTR,0.84,51.2,991.9,6.9,16,54,-0.86603,-0.5,0.80098,0.59869,0.49,2.95,4.62
2026-02-23T17:00:00Z,MTR,0.49,48.2,993.1,8.29,17,54,-0.96593,-0.25882,0.80098,0.59869,0.75,2.98,5.88
2026-02-23T18:00:00Z,MTR,0.75,51.7,998.0,4.37,18,54,-1.0,-0.0,0.80098,0.59869,1.66,1.65,5.28
2026-02-23T19:00:00Z,MTR,1.66,38.5,998.0,7.2,19,54,-0.96593,0.25882,0.80098,0.59869,2.46,2.63,5.04
2026-02-23T20:00:00Z,MTR,2.46,41.6,999.5,7.72,20,54,-0.86603,0.5,0.80098,0.59869,2.54,3.6,3.89
2026-02-23T21:00:00Z,MTR,2.54,49.0,999.5,9.26,21,54,-0.70711,0.70711,0.80098,0.59869,2.95,2.26,3.59
2026-02-23T22:00:00Z,MTR,2.95,45.9,999.1,8.6,22,54,-0.5,0.86603,0.80098,0.59869,2.98,2.26,4.33
2026-02-23T23:00:00Z,MTR,2.98,48.7,1000.5,7.71,23,54,-0.25882,0.96593,0.80098,0.59869,1.65,3.8,4.44
2026-02-24T00:00:00Z,MTR,1.65,47.3,999.6,4.77,0,55,0.0,1.0,0.81116,0.58482,2.63,4.29,5.42
2026-02-24T01:00:00Z,MTR,2.63,43.8,999.7,6.28,1,55,0.25882,0.96593,0.81116,0.58482,3.6,3.84,4.17
2026-02-24T02:00:00Z,MTR,3.6,38.5,999.8,5.86,2,55,0.5,0.86603,0.81116,0.58482,2.26,5.06,2.97
2026-02-24T03:00:00Z,MTR,2.26,52.4,998.1,5.82,3,55,0.70711,0.70711,0.81116,0.58482,2.26,5.33,2.4
2026-02-24T04:00:00Z,MTR,2.26,47.4,999.4,8.72,4,55,0.86603,0.5,0.81116,0.58482,3.8,6.4,2.17
2026-02-24T05:00:00Z,MTR,3.8,41.0,998.5,3.51,5,55,0.96593,0.25882,0.81116,0.58482,4.29,6.41,3.27
2026-02-24T06:00:00Z,MTR,4.29,40.2,996.5,7.48,6,55,1.0,0.0,0.81116,0.58482,3.84,4.65,3.31
2026-02-24T07:00:00Z,MTR,3.84,51.8,996.9,6.98,7,55,0.96593,-0.25882,0.81116,0.58482,5.06,5.87,2.77
2026-02-24T08:00:00Z,MTR,5.06,49.1,994.7,6.63,8,55,0.86603,-0.5,0.81116,0.58482,5.33,4.73,3.42
2026-02-24T09:00:00Z,MTR,5.33,46.9,994.2,6.11,9,55,0.70711,-0.70711,0.81116,0.58482,6.4,4.07,3.12
2026-02-24T10:00:00Z,MTR,6.4,59.1,993.7,6.31,10,55,0.5,-0.86603,0.81116,0.58482,6.41,4.62,2.52
2026-02-24T11:00:00Z,MTR,6.41,41.9,995.2,4.8,11,55,0.25882,-0.96593,0.81116,0.58482,4.65,5.88,3.48
2026-02-24T12:00:00Z,MTR,4.65,50.2,995.4,6.22,12,55,0.0,-1.0,0.81116,0.58482,5.87,5.28,4.47
2026-02-24T13:00:00Z,MTR,5.87,55.1,994.7,3.89,13,55,-0.25882,-0.96593,0.81116,0.58482,4.73,5.04,5.06
2026-02-24T14:00:00Z,MTR,4.73,54.1,995.6,7.46,14,55,-0.5,-0.86603,0.81116,0.58482,4.07,3.89,4.16
2026-02-24T15:00:00Z,MTR,4.07,42.5,997.5,4.89,15,55,-0.70711,-0.70711,0.81116,0.58482,4.62,3.59,3.42
2026-02-24T16:00:00Z,MTR,4.62,54.9,997.7,3.34,16,55,-0.86603,-0.5,0.81116,0.58482,5.88,4.33,3.49
2026-02-24T17:00:00Z,MTR,5.88,56.0,997.0,2.95,17,55,-0.96593,-0.25882,0.81116,0.58482,5.28,4.44,3.66
2026-02-24T18:00:00Z,MTR,5.28,58.1,993.9,6.26,18,55,-1.0,-0.0,0.81116,0.58482,5.04,5.42,3.06
2026-02-24T19:00:00Z,MTR,5.04,51.4,991.5,7.15,19,55,-0.96593,0.25882,0.81116,0.58482,3.89,4.17,3.57
2026-02-24T20:00:00Z,MTR,3.89,56.3,990.5,9.66,20,55,-0.86603,0.5,0.81116,0.58482,3.59,2.97,1.88
2026-02-24T21:00:00Z,MTR,3.59,65.7,989.1,11.63,21,55,-0.70711,0.70711,0.81116,0.58482,4.33,2.4,1.58
2026-02-24T22:00:00Z,MTR,4.33,62.0,988.5,10.79,22,55,-0.5,0.86603,0.81116,0.58482,4.44,2.17,3.16
2026-02-24T23:00:00Z,MTR,4.44,56.3,988.4,9.4,23,55,-0.25882,0.96593,0.81116,0.58482,5.42,3.27,3.08
2026-02-25T00:00:00Z,MTR,5.42,56.7,989.1,6.28,0,56,0.0,1.0,0.8211,0.57078,4.17,3.31,2.48
2026-02-25T01:00:00Z,MTR,4.17,50.9,988.8,7.66,1,56,0.25882,0.96593,0.8211,0.57078,2.97,2.77,2.8
2026-02-25T02:00:00Z,MTR,2.97,63.3,989.5,6.96,2,56,0.5,0.86603,0.8211,0.57078,2.4,3.42,2.03
2026-02-25T03:00:00Z,MTR,2.4,58.1,989.4,10.12,3,56,0.70711,0.70711,0.8211,0.57078,2.17,3.12,0.27
2026-02-25T04:00:00Z,MTR,2.17,71.1,985.7,10.39,4,56,0.86603,0.5,0.8211,0.57078,3.27,2.52,2.85
2026-02-25T05:00:00Z,MTR,3.27,54.1,984.0,7.4,5,56,0.96593,0.25882,0.8211,0.57078,3.31,3.48,2.54
2026-02-25T06:00:00Z,MTR,3.31,58.9,983.9,8.74,6,56,1.0,0.0,0.8211,0.57078,2.77,4.47,3.09
2026-02-25T07:00:00Z,MTR,2.77,66.0,981.9,10.44,7,56,0.96593,-0.25882,0.8211,0.57078,3.42,5.06,3.56
2026-02-25T08:00:00Z,MTR,3.42,76.5,983.2,11.22,8,56,0.86603,-0.5,0.8211,0.57078,3.12,4.16,4.23
2026-02-25T09:00:00Z,MTR,3.12,61.1,986.2,6.16,9,56,0.70711,-0.70711,0.8211,0.57078,2.52,3.42,3.84
2026-02-25T10:00:00Z,MTR,2.52,56.7,988.4,12.81,10,56,0.5,-0.86603,0.8211,0.57078,3.48,3.49,8.0
2026-02-25T11:00:00Z,MTR,3.48,60.2,987.9,10.03,11,56,0.25882,-0.96593,0.8211,0.57078,4.47,3.66,8.0
2026-02-25T12:00:00Z,MTR,4.47,53.0,990.6,6.45,12,56,0.0,-1.0,0.8211,0.57078,5.06,3.06,8.0
2026-02-25T13:00:00Z,MTR,5.06,60.7,990.6,5.48,13,56,-0.25882,-0.96593,0.8211,0.57078,4.16,3.57,8.0
2026-02-25T14:00:00Z,MTR,4.16,62.0,989.8,8.46,14,56,-0.5,-0.86603,0.8211,0.57078,3.42,1.88,8.0
2026-02-25T15:00:00Z,MTR,3.42,67.3,988.5,9.27,15,56,-0.70711,-0.70711,0.8211,0.57078,3.49,1.58,8.0
2026-02-25T16:00:00Z,MTR,3.49,50.9,987.8,6.58,16,56,-0.86603,-0.5,0.8211,0.57078,3.66,3.16,8.0
2026-02-25T17:00:00Z,MTR,3.66,51.0,987.0,6.62,17,56,-0.96593,-0.25882,0.8211,0.57078,3.06,3.08,8.0
2026-02-25T18:00:00Z,MTR,3.06,58.8,987.1,7.0,18,56,-1.0,-0.0,0.8211,0.57078,3.57,2.48,8.0
2026-02-25T19:00:00Z,MTR,3.57,64.5,987.2,8.88,19,56,-0.96593,0.25882,0.8211,0.57078,1.88,2.8,8.0
2026-02-25T20:00:00Z,MTR,1.88,66.7,987.0,12.02,20,56,-0.86603,0.5,0.8211,0.57078,1.58,2.03,8.0
2026-02-25T21:00:00Z,MTR,1.58,63.3,987.5,15.46,21,56,-0.70711,0.70711,0.8211,0.57078,3.16,0.27,8.0
2026-02-25T22:00:00Z,MTR,3.16,61.4,989.3,5.48,22,56,-0.5,0.86603,0.8211,0.57078,3.08,2.85,8.0
2026-02-25T23:00:00Z,MTR,3.08,64.2,990.5,7.22,23,56,-0.25882,0.96593,0.8211,0.57078,2.48,2.54,8.0
2026-02-26T00:00:00Z,MTR,2.48,56.1,987.3,7.69,0,57,0.0,1.0,0.8308,0.55658,2.8,3.09,8.0
2026-02-26T01:00:00Z,MTR,2.8,73.9,982.2,12.32,1,57,0.25882,0.96593,0.8308,0.55658,2.03,3.56,8.0
2026-02-26T02:00:00Z,MTR,2.03,72.8,983.5,12.79,2,57,0.5,0.86603,0.8308,0.55658,0.27,4.23,8.0
2026-02-26T03:00:00Z,MTR,0.27,65.5,980.6,13.03,3,57,0.70711,0.70711,0.8308,0.55658,2.85,3.84,8.0
2026-02-26T04:00:00Z,MTR,2.85,64.6,979.9,14.23,4,57,0.86603,0.5,0.8308,0.55658,2.54,8.0,8.0
2026-02-26T05:00:00Z,MTR,2.54,74.3,977.4,9.8,5,57,0.96593,0.25882,0.8308,0.55658,3.09,8.0,8.0
2026-02-26T06:00:00Z,MTR,3.09,84.7,973.8,11.83,6,57,1.0,0.0,0.8308,0.55658,3.56,8.0,8.0
2026-02-26T07:00:00Z,MTR,3.56,69.3,974.6,10.33,7,57,0.96593,-0.25882,0.8308,0.55658,4.23,8.0,8.0
2026-02-26T08:00:00Z,MTR,4.23,82.6,975.7,12.31,8,57,0.86603,-0.5,0.8308,0.55658,3.84,8.0,8.0
2026-02-26T09:00:00Z,MTR,3.84,69.7,974.2,12.42,9,57,0.70711,-0.70711,0.8308,0.55658,8.0,8.0,8.0
2026-02-26T10:00:00Z,MTR,8.0,79.6,969.2,16.35,10,57,0.5,-0.86603,0.8308,0.55658,8.0,8.0,8.0
2026-02-26T11:00:00Z,MTR,8.0,77.0,968.0,18.87,11,57,0.25882,-0.96593,0.8308,0.55658,8.0,8.0,8.0
2026-02-26T12:00:00Z,MTR,8.0,84.0,968.5,17.97,12,57,0.0,-1.0,0.8308,0.55658,8.0,8.0,8.0
2026-02-26T13:00:00Z,MTR,8.0,84.1,965.6,13.52,13,57,-0.25882,-0.96593,0.8308,0.55658,8.0,8.0,6.16
2026-02-26T14:00:00Z,MTR,8.0,84.3,965.8,16.01,14,57,-0.5,-0.86603,0.8308,0.55658,8.0,8.0,6.71
2026-02-26T15:00:00Z,MTR,8.0,81.6,965.6,17.53,15,57,-0.70711,-0.70711,0.8308,0.55658,8.0,8.0,1.21
2026-02-26T16:00:00Z,MTR,8.0,81.6,966.4,17.04,16,57,-0.86603,-0.5,0.8308,0.55658,8.0,8.0,1.46
2026-02-26T17:00:00Z,MTR,8.0,84.4,966.3,20.35,17,57,-0.96593,-0.25882,0.8308,0.55658,8.0,8.0,1.37
2026-02-26T18:00:00Z,MTR,8.0,84.2,964.3,15.96,18,57,-1.0,-0.0,0.8308,0.55658,8.0,8.0,1.88
2026-02-26T19:00:00Z,MTR,8.0,83.3,966.3,15.9,19,57,-0.96593,0.25882,0.8308,0.55658,8.0,8.0,0.97
2026-02-26T20:00:00Z,MTR,8.0,78.9,965.7,23.45,20,57,-0.86603,0.5,0.8308,0.55658,8.0,8.0,0.79
2026-02-26T21:00:00Z,MTR,8.0,74.7,965.4,19.36,21,57,-0.70711,0.70711,0.8308,0.55658,8.0,8.0,1.27
2026-02-26T22:00:00Z,MTR,8.0,88.5,963.5,17.24,22,57,-0.5,0.86603,0.8308,0.55658,8.0,8.0,0.53
2026-02-26T23:00:00Z,MTR,8.0,89.1,962.5,15.94,23,57,-0.25882,0.96593,0.8308,0.55658,8.0,8.0,0.55
2026-02-27T00:00:00Z,MTR,8.0,90.6,960.9,17.95,0,58,0.0,1.0,0.84025,0.5422,8.0,8.0,1.17
2026-02-27T01:00:00Z,MTR,8.0,93.2,960.7,20.65,1,58,0.25882,0.96593,0.84025,0.5422,8.0,8.0,0.69
2026-02-27T02:00:00Z,MTR,8.0,85.0,963.9,20.39,2,58,0.5,0.86603,0.84025,0.5422,8.0,8.0,0.98
2026-02-27T03:00:00Z,MTR,8.0,87.2,961.4,18.08,3,58,0.70711,0.70711,0.84025,0.5422,8.0,8.0,1.01
2026-02-27T04:00:00Z,MTR,8.0,89.4,958.7,18.46,4,58,0.86603,0.5,0.84025,0.5422,8.0,8.0,2.32
2026-02-27T05:00:00Z,MTR,8.0,79.1,961.8,16.33,5,58,0.96593,0.25882,0.84025,0.5422,8.0,8.0,2.72
2026-02-27T06:00:00Z,MTR,8.0,91.2,961.7,16.96,6,58,1.0,0.0,0.84025,0.5422,8.0,8.0,3.46
2026-02-27T07:00:00Z,MTR,8.0,93.8,960.9,19.33,7,58,0.96593,-0.25882,0.84025,0.5422,8.0,6.16,3.64
2026-02-27T08:00:00Z,MTR,8.0,91.3,963.3,16.62,8,58,0.86603,-0.5,0.84025,0.5422,8.0,6.71,3.52
2026-02-27T09:00:00Z,MTR,8.0,86.2,962.7,18.22,9,58,0.70711,-0.70711,0.84025,0.5422,8.0,1.21,3.91
2026-02-27T10:00:00Z,MTR,8.0,79.9,966.7,16.98,10,58,0.5,-0.86603,0.84025,0.5422,8.0,1.46,3.62
2026-02-27T11:00:00Z,MTR,8.0,78.4,968.4,13.81,11,58,0.25882,-0.96593,0.84025,0.5422,8.0,1.37,4.46
2026-02-27T12:00:00Z,MTR,8.0,79.7,968.0,17.61,12,58,0.0,-1.0,0.84025,0.5422,6.16,1.88,5.26
2026-02-27T13:00:00Z,MTR,6.16,65.8,972.6,11.45,13,58,-0.25882,-0.96593,0.84025,0.5422,6.71,0.97,5.09
2026-02-27T14:00:00Z,MTR,6.71,77.8,972.0,11.3,14,58,-0.5,-0.86603,0.84025,0.5422,1.21,0.79,4.44
2026-02-27T15:00:00Z,MTR,1.21,78.8,974.0,12.2,15,58,-0.70711,-0.70711,0.84025,0.5422,1.46,1.27,4.25
2026-02-27T16:00:00Z,MTR,1.46,74.1,975.2,10.8,16,58,-0.86603,-0.5,0.84025,0.5422,1.37,0.53,2.87
2026-02-27T17:00:00Z,MTR,1.37,70.7,978.3,12.94,17,58,-0.96593,-0.25882,0.84025,0.5422,1.88,0.55,1.91
2026-02-27T18:00:00Z,MTR,1.88,64.8,981.8,15.69,18,58,-1.0,-0.0,0.84025,0.5422,0.97,1.17,0.73
2026-02-27T19:00:00Z,MTR,0.97,70.1,982.5,12.6,19,58,-0.96593,0.25882,0.84025,0.5422,0.79,0.69,-0.1
2026-02-27T20:00:00Z,MTR,0.79,66.4,981.8,11.97,20,58,-0.86603,0.5,0.84025,0.5422,1.27,0.98,-0.47
2026-02-27T21:00:00Z,MTR,1.27,58.6,983.4,10.51,21,58,-0.70711,0.70711,0.84025,0.5422,0.53,1.01,-1.31
2026-02-27T22:00:00Z,MTR,0.53,72.7,983.0,13.86,22,58,-0.5,0.86603,0.84025,0.5422,0.55,2.32,-1.34
2026-02-27T23:00:00Z,MTR,0.55,62.8,987.6,7.18,23,58,-0.25882,0.96593,0.84025,0.5422,1.17,2.72,-1.32
2026-02-28T00:00:00Z,MTR,1.17,66.5,988.6,6.32,0,59,0.0,1.0,0.84945,0.52767,0.69,3.46,-0.92
2026-02-28T01:00:00Z,MTR,0.69,65.0,988.8,9.88,1,59,0.25882,0.96593,0.84945,0.52767,0.98,3.64,-0.7
2026-02-28T02:00:00Z,MTR,0.98,54.4,990.0,8.5,2,59,0.5,0.86603,0.84945,0.52767,1.01,3.52,0.47
2026-02-28T03:00:00Z,MTR,1.01,58.4,988.5,11.05,3,59,0.70711,0.70711,0.84945,0.52767,2.32,3.91,0.97
2026-02-28T04:00:00Z,MTR,2.32,64.7,987.8,7.91,4,59,0.86603,0.5,0.84945,0.52767,2.72,3.62,2.9
2026-02-28T05:00:00Z,MTR,2.72,50.3,991.1,7.42,5,59,0.96593,0.25882,0.84945,0.52767,3.46,4.46,2.32
2026-02-28T06:00:00Z,MTR,3.46,65.2,990.9,9.29,6,59,1.0,0.0,0.84945,0.52767,3.64,5.26,3.42
2026-02-28T07:00:00Z,MTR,3.64,59.3,990.1,9.06,7,59,0.96593,-0.25882,0.84945,0.52767,3.52,5.09,2.54
2026-02-28T08:00:00Z,MTR,3.52,59.7,992.2,8.95,8,59,0.86603,-0.5,0.84945,0.52767,3.91,4.44,3.65
2026-02-28T09:00:00Z,MTR,3.91,53.5,995.3,7.33,9,59,0.70711,-0.70711,0.84945,0.52767,3.62,4.25,4.14
2026-02-28T10:00:00Z,MTR,3.62,49.8,997.5,6.74,10,59,0.5,-0.86603,0.84945,0.52767,4.46,2.87,4.08
2026-02-28T11:00:00Z,MTR,4.46,44.8,1000.1,4.46,11,59,0.25882,-0.96593,0.84945,0.52767,5.26,1.91,4.26
2026-02-28T12:00:00Z,MTR,5.26,45.4,999.4,1.78,12,59,0.0,-1.0,0.84945,0.52767,5.09,0.73,3.81
2026-02-28T13:00:00Z,MTR,5.09,35.6,997.6,5.1,13,59,-0.25882,-0.96593,0.84945,0.52767,4.44,-0.1,3.22
2026-02-28T14:00:00Z,MTR,4.44,48.2,1001.0,4.79,14,59,-0.5,-0.86603,0.84945,0.52767,4.25,-0.47,3.33
2026-02-28T15:00:00Z,MTR,4.25,56.2,1001.0,4.31,15,59,-0.70711,-0.70711,0.84945,0.52767,2.87,-1.31,1.81
2026-02-28T16:00:00Z,MTR,2.87,41.3,1001.1,4.98,16,59,-0.86603,-0.5,0.84945,0.52767,1.91,-1.34,1.76
2026-02-28T17:00:00Z,MTR,1.91,35.9,1004.0,7.3,17,59,-0.96593,-0.25882,0.84945,0.52767,0.73,-1.32,1.33
2026-02-28T18:00:00Z,MTR,0.73,48.1,1005.3,1.74,18,59,-1.0,-0.0,0.84945,0.52767,-0.1,-0.92,2.71
2026-02-28T19:00:00Z,MTR,-0.1,42.1,1006.3,4.98,19,59,-0.96593,0.25882,0.84945,0.52767,-0.47,-0.7,4.11
2026-02-28T20:00:00Z,MTR,-0.47,41.3,1010.2,6.54,20,59,-0.86603,0.5,0.84945,0.52767,-1.31,0.47,4.47
2026-02-28T21:00:00Z,MTR,-1.31,39.9,1008.9,4.26,21,59,-0.70711,0.70711,0.84945,0.52767,-1.34,0.97,4.02
2026-02-28T22:00:00Z,MTR,-1.34,31.1,1010.4,3.71,22,59,-0.5,0.86603,0.84945,0.52767,-1.32,2.9,5.49
2026-02-28T23:00:00Z,MTR,-1.32,39.7,1010.1,0.85,23,59,-0.25882,0.96593,0.84945,0.52767,-0.92,2.32,5.72
2026-03-01T00:00:00Z,MTR,-0.92,32.4,1010.2,0.2,0,60,0.0,1.0,0.8584,0.51298,-0.7,3.42,5.81
2026-03-01T01:00:00Z,MTR,-0.7,28.5,1012.5,0.2,1,60,0.25882,0.96593,0.8584,0.51298,0.47,2.54,5.84
2026-03-01T02:00:00Z,MTR,0.47,36.2,1012.7,2.36,2,60,0.5,0.86603,0.8584,0.51298,0.97,3.65,6.77
2026-03-01T03:00:00Z,MTR,0.97,33.2,1012.9,0.71,3,60,0.70711,0.70711,0.8584,0.51298,2.9,4.14,6.08
2026-03-01T04:00:00Z,MTR,2.9,33.1,1014.0,0.2,4,60,0.86603,0.5,0.8584,0.51298,2.32,4.08,5.48
2026-03-01T05:00:00Z,MTR,2.32,35.1,1012.3,1.71,5,60,0.96593,0.25882,0.8584,0.51298,3.42,4.26,5.51
2026-03-01T06:00:00Z,MTR,3.42,39.4,1009.8,0.2,6,60,1.0,0.0,0.8584,0.51298,2.54,3.81,6.56
2026-03-01T07:00:00Z,MTR,2.54,44.5,1007.0,0.2,7,60,0.96593,-0.25882,0.8584,0.51298,3.65,3.22,7.03
2026-03-01T08:00:00Z,MTR,3.65,43.8,1002.6,1.04,8,60,0.86603,-0.5,0.8584,0.51298,4.14,3.33,5.73
2026-03-01T09:00:00Z,MTR,4.14,48.0,1005.5,4.48,9,60,0.70711,-0.70711,0.8584,0.51298,4.08,1.81,7.09
2026-03-01T10:00:00Z,MTR,4.08,49.1,1002.6,3.42,10,60,0.5,-0.86603,0.8584,0.51298,4.26,1.76,6.82
2026-03-01T11:00:00Z,MTR,4.26,48.4,1001.3,3.26,11,60,0.25882,-0.96593,0.8584,0.51298,3.81,1.33,7.81
2026-03-01T12:00:00Z,MTR,3.81,43.7,999.9,4.87,12,60,0.0,-1.0,0.8584,0.51298,3.22,2.71,5.04
2026-03-01T13:00:00Z,MTR,3.22,51.7,999.6,4.78,13,60,-0.25882,-0.96593,0.8584,0.51298,3.33,4.11,5.56
2026-03-01T14:00:00Z,MTR,3.33,48.0,1000.2,3.39,14,60,-0.5,-0.86603,0.8584,0.51298,1.81,4.47,7.54
2026-03-01T15:00:00Z,MTR,1.81,38.7,1000.7,3.59,15,60,-0.70711,-0.70711,0.8584,0.51298,1.76,4.02,7.88
2026-03-01T16:00:00Z,MTR,1.76,42.4,998.6,6.43,16,60,-0.86603,-0.5,0.8584,0.51298,1.33,5.49,7.4
2026-03-01T17:00:00Z,MTR,1.33,43.7,997.3,7.05,17,60,-0.96593,-0.25882,0.8584,0.51298,2.71,5.72,6.44
2026-03-01T18:00:00Z,MTR,2.71,49.1,996.8,22.89,18,60,-1.0,-0.0,0.8584,0.51298,4.11,5.81,6.46
2026-03-01T19:00:00Z,MTR,4.11,53.4,995.4,30.98,19,60,-0.96593,0.25882,0.8584,0.51298,4.47,5.84,7.27
2026-03-01T20:00:00Z,MTR,4.47,61.3,997.4,31.44,20,60,-0.86603,0.5,0.8584,0.51298,4.02,6.77,5.54
2026-03-01T21:00:00Z,MTR,4.02,56.1,997.2,26.34,21,60,-0.70711,0.70711,0.8584,0.51298,5.49,6.08,5.82
2026-03-01T22:00:00Z,MTR,5.49,59.6,997.4,25.48,22,60,-0.5,0.86603,0.8584,0.51298,5.72,5.48,5.02
2026-03-01T23:00:00Z,MTR,5.72,48.9,997.6,23.43,23,60,-0.25882,0.96593,0.8584,0.51298,5.81,5.51,5.25
2026-03-02T00:00:00Z,MTR,5.81,45.5,998.6,22.65,0,61,0.0,1.0,0.8671,0.49814,5.84,6.56,4.32
2026-03-02T01:00:00Z,MTR,5.84,50.7,997.8,25.81,1,61,0.25882,0.96593,0.8671,0.49814,6.77,7.03,5.99
2026-03-02T02:00:00Z,MTR,6.77,63.7,994.3,31.79,2,61,0.5,0.86603,0.8671,0.49814,6.08,5.73,5.86
2026-03-02T03:00:00Z,MTR,6.08,63.4,994.1,29.4,3,61,0.70711,0.70711,0.8671,0.49814,5.48,7.09,6.7
2026-03-02T04:00:00Z,MTR,5.48,59.5,992.0,25.5,4,61,0.86603,0.5,0.8671,0.49814,5.51,6.82,5.72
2026-03-02T05:00:00Z,MTR,5.51,64.1,990.3,25.89,5,61,0.96593,0.25882,0.8671,0.49814,6.56,7.81,4.26
2026-03-02T06:00:00Z,MTR,6.56,59.4,990.7,25.28,6,61,1.0,0.0,0.8671,0.49814,7.03,5.04,5.19
2026-03-02T07:00:00Z,MTR,7.03,57.6,992.2,28.21,7,61,0.96593,-0.25882,0.8671,0.49814,5.73,5.56,6.66
2026-03-02T08:00:00Z,MTR,5.73,63.2,991.6,25.84,8,61,0.86603,-0.5,0.8671,0.49814,7.09,7.54,7.18
2026-03-02T09:00:00Z,MTR,7.09,65.1,991.4,27.27,9,61,0.70711,-0.70711,0.8671,0.49814,6.82,7.88,8.0
2026-03-02T10:00:00Z,MTR,6.82,67.6,993.9,25.08,10,61,0.5,-0.86603,0.8671,0.49814,7.81,7.4,8.0
2026-03-02T11:00:00Z,MTR,7.81,55.4,993.5,29.9,11,61,0.25882,-0.96593,0.8671,0.49814,5.04,6.44,6.31
2026-03-02T12:00:00Z,MTR,5.04,48.8,997.5,23.26,12,61,0.0,-1.0,0.8671,0.49814,5.56,6.46,6.11
2026-03-02T13:00:00Z,MTR,5.56,51.7,997.7,22.88,13,61,-0.25882,-0.96593,0.8671,0.49814,7.54,7.27,6.85
2026-03-02T14:00:00Z,MTR,7.54,61.8,993.6,24.67,14,61,-0.5,-0.86603,0.8671,0.49814,7.88,5.54,5.91
2026-03-02T15:00:00Z,MTR,7.88,68.6,994.3,26.24,15,61,-0.70711,-0.70711,0.8671,0.49814,7.4,5.82,5.66
2026-03-02T16:00:00Z,MTR,7.4,59.8,994.4,28.26,16,61,-0.86603,-0.5,0.8671,0.49814,6.44,5.02,5.56
2026-03-02T17:00:00Z,MTR,6.44,52.4,996.0,25.68,17,61,-0.96593,-0.25882,0.8671,0.49814,6.46,5.25,5.5
2026-03-02T18:00:00Z,MTR,6.46,50.6,996.5,26.08,18,61,-1.0,-0.0,0.8671,0.49814,7.27,4.32,5.89
2026-03-02T19:00:00Z,MTR,7.27,55.4,995.6,29.51,19,61,-0.96593,0.25882,0.8671,0.49814,5.54,5.99,7.47
2026-03-02T20:00:00Z,MTR,5.54,61.2,992.7,25.65,20,61,-0.86603,0.5,0.8671,0.49814,5.82,5.86,6.1
2026-03-02T21:00:00Z,MTR,5.82,65.4,991.8,28.7,21,61,-0.70711,0.70711,0.8671,0.49814,5.02,6.7,7.48
2026-03-02T22:00:00Z,MTR,5.02,64.8,989.7,28.04,22,61,-0.5,0.86603,0.8671,0.49814,5.25,5.72,7.52
2026-03-02T23:00:00Z,MTR,5.25,61.5,988.3,28.03,23,61,-0.25882,0.96593,0.8671,0.49814,4.32,4.26,7.32
2026-03-03T00:00:00Z,MTR,4.32,57.1,989.0,25.52,0,62,0.0,1.0,0.87554,0.48315,5.99,5.19,5.55
2026-03-03T01:00:00Z,MTR,5.99,65.3,991.7,28.93,1,62,0.25882,0.96593,0.87554,0.48315,5.86,6.66,6.21
2026-03-03T02:00:00Z,MTR,5.86,58.8,991.8,28.07,2,62,0.5,0.86603,0.87554,0.48315,6.7,7.18,6.74
2026-03-03T03:00:00Z,MTR,6.7,62.4,989.1,29.69,3,62,0.70711,0.70711,0.87554,0.48315,5.72,8.0,7.96
2026-03-03T04:00:00Z,MTR,5.72,58.5,989.5,26.72,4,62,0.86603,0.5,0.87554,0.48315,4.26,8.0,1.97
2026-03-03T05:00:00Z,MTR,4.26,53.6,991.2,25.2,5,62,0.96593,0.25882,0.87554,0.48315,5.19,6.31,2.97
2026-03-03T06:00:00Z,MTR,5.19,70.8,989.4,23.46,6,62,1.0,0.0,0.87554,0.48315,6.66,6.11,3.01
2026-03-03T07:00:00Z,MTR,6.66,61.4,988.6,27.83,7,62,0.96593,-0.25882,0.87554,0.48315,7.18,6.85,2.34
2026-03-03T08:00:00Z,MTR,7.18,55.4,988.1,27.69,8,62,0.86603,-0.5,0.87554,0.48315,8.0,5.91,4.25
2026-03-03T09:00:00Z,MTR,8.0,68.4,986.1,29.2,9,62,0.70711,-0.70711,0.87554,0.48315,8.0,5.66,5.51
2026-03-03T10:00:00Z,MTR,8.0,65.9,986.8,28.05,10,62,0.5,-0.86603,0.87554,0.48315,6.31,5.56,5.99
2026-03-03T11:00:00Z,MTR,6.31,57.4,986.0,26.02,11,62,0.25882,-0.96593,0.87554,0.48315,6.11,5.5,6.25
2026-03-03T12:00:00Z,MTR,6.11,72.5,986.2,26.53,12,62,0.0,-1.0,0.87554,0.48315,6.85,5.89,7.18
2026-03-03T13:00:00Z,MTR,6.85,73.9,983.9,31.55,13,62,-0.25882,-0.96593,0.87554,0.48315,5.91,7.47,6.42
2026-03-03T14:00:00Z,MTR,5.91,75.6,982.6,29.96,14,62,-0.5,-0.86603,0.87554,0.48315,5.66,6.1,7.83
2026-03-03T15:00:00Z,MTR,5.66,72.2,983.3,30.68,15,62,-0.70711,-0.70711,0.87554,0.48315,5.56,7.48,7.24
2026-03-03T16:00:00Z,MTR,5.56,65.9,982.0,31.34,16,62,-0.86603,-0.5,0.87554,0.48315,5.5,7.52,7.33
2026-03-03T17:00:00Z,MTR,5.5,68.2,984.5,26.7,17,62,-0.96593,-0.25882,0.87554,0.48315,5.89,7.32,7.02
2026-03-03T18:00:00Z,MTR,5.89,68.1,983.0,28.49,18,62,-1.0,-0.0,0.87554,0.48315,7.47,5.55,5.54
2026-03-03T19:00:00Z,MTR,7.47,69.3,982.7,34.02,19,62,-0.96593,0.25882,0.87554,0.48315,6.1,6.21,5.04
2026-03-03T20:00:00Z,MTR,6.1,78.7,983.6,30.37,20,62,-0.86603,0.5,0.87554,0.48315,7.48,6.74,5.89
2026-03-03T21:00:00Z,MTR,7.48,69.3,980.2,31.75,21,62,-0.70711,0.70711,0.87554,0.48315,7.52,7.96,5.0
2026-03-03T22:00:00Z,MTR,7.52,75.9,976.4,32.09,22,62,-0.5,0.86603,0.87554,0.48315,7.32,1.97,5.76
2026-03-03T23:00:00Z,MTR,7.32,81.6,973.1,31.89,23,62,-0.25882,0.96593,0.87554,0.48315,5.55,2.97,5.96
2026-03-04T00:00:00Z,MTR,5.55,81.4,975.1,31.56,0,63,0.0,1.0,0.88372,0.46802,6.21,3.01,4.45
2026-03-04T01:00:00Z,MTR,6.21,89.5,973.6,32.24,1,63,0.25882,0.96593,0.88372,0.46802,6.74,2.34,4.21
2026-03-04T02:00:00Z,MTR,6.74,75.9,977.8,31.85,2,63,0.5,0.86603,0.88372,0.46802,7.96,4.25,3.95
2026-03-04T03:00:00Z,MTR,7.96,80.6,976.2,34.45,3,63,0.70711,0.70711,0.88372,0.46802,1.97,5.51,2.98
2026-03-04T04:00:00Z,MTR,1.97,67.3,976.0,14.48,4,63,0.86603,0.5,0.88372,0.46802,2.97,5.99,3.09
2026-03-04T05:00:00Z,MTR,2.97,73.5,978.3,13.25,5,63,0.96593,0.25882,0.88372,0.46802,3.01,6.25,2.3
2026-03-04T06:00:00Z,MTR,3.01,76.6,981.4,11.06,6,63,1.0,0.0,0.88372,0.46802,2.34,7.18,3.25
2026-03-04T07:00:00Z,MTR,2.34,62.4,984.4,12.98,7,63,0.96593,-0.25882,0.88372,0.46802,4.25,6.42,2.83
2026-03-04T08:00:00Z,MTR,4.25,66.4,985.7,10.57,8,63,0.86603,-0.5,0.88372,0.46802,5.51,7.83,2.84
2026-03-04T09:00:00Z,MTR,5.51,54.3,986.8,10.52,9,63,0.70711,-0.70711,0.88372,0.46802,5.99,7.24,3.04
2026-03-04T10:00:00Z,MTR,5.99,58.8,987.0,8.51,10,63,0.5,-0.86603,0.88372,0.46802,6.25,7.33,4.29
2026-03-04T11:00:00Z,MTR,6.25,58.3,987.6,7.86,11,63,0.25882,-0.96593,0.88372,0.46802,7.18,7.02,3.3
2026-03-04T12:00:00Z,MTR,7.18,63.9,985.9,9.97,12,63,0.0,-1.0,0.88372,0.46802,6.42,5.54,2.84
2026-03-04T13:00:00Z,MTR,6.42,64.0,983.8,11.72,13,63,-0.25882,-0.96593,0.88372,0.46802,7.83,5.04,2.81
2026-03-04T14:00:00Z,MTR,7.83,70.4,983.3,10.4,14,63,-0.5,-0.86603,0.88372,0.46802,7.24,5.89,2.51
2026-03-04T15:00:00Z,MTR,7.24,62.4,982.7,8.99,15,63,-0.70711,-0.70711,0.88372,0.46802,7.33,5.0,2.28
2026-03-04T16:00:00Z,MTR,7.33,69.4,981.7,8.03,16,63,-0.86603,-0.5,0.88372,0.46802,7.02,5.76,1.75
2026-03-04T17:00:00Z,MTR,7.02,65.0,982.9,7.04,17,63,-0.96593,-0.25882,0.88372,0.46802,5.54,5.96,1.56
2026-03-04T18:00:00Z,MTR,5.54,57.9,984.6,9.73,18,63,-1.0,-0.0,0.88372,0.46802,5.04,4.45,-0.32
2026-03-04T19:00:00Z,MTR,5.04,53.5,984.7,14.61,19,63,-0.96593,0.25882,0.88372,0.46802,5.89,4.21,0.6
2026-03-04T20:00:00Z,MTR,5.89,60.4,987.4,7.11,20,63,-0.86603,0.5,0.88372,0.46802,5.0,3.95,0.54
2026-03-04T21:00:00Z,MTR,5.0,59.3,985.4,10.62,21,63,-0.70711,0.70711,0.88372,0.46802,5.76,2.98,2.56
2026-03-04T22:00:00Z,MTR,5.76,64.0,985.3,9.61,22,63,-0.5,0.86603,0.88372,0.46802,5.96,3.09,2.18
2026-03-04T23:00:00Z,MTR,5.96,57.8,984.4,11.38,23,63,-0.25882,0.96593,0.88372,0.46802,4.45,2.3,2.85
2026-03-05T00:00:00Z,MTR,4.45,69.0,981.5,9.34,0,64,0.0,1.0,0.89164,0.45274,4.21,3.25,1.94
2026-03-05T01:00:00Z,MTR,4.21,73.5,982.1,8.92,1,64,0.25882,0.96593,0.89164,0.45274,3.95,2.83,1.87
2026-03-05T02:00:00Z,MTR,3.95,64.4,982.6,10.82,2,64,0.5,0.86603,0.89164,0.45274,2.98,2.84,1.02
2026-03-05T03:00:00Z,MTR,2.98,51.8,986.2,10.03,3,64,0.70711,0.70711,0.89164,0.45274,3.09,3.04,0.73
2026-03-05T04:00:00Z,MTR,3.09,59.1,988.1,8.48,4,64,0.86603,0.5,0.89164,0.45274,2.3,4.29,0.17
2026-03-05T05:00:00Z,MTR,2.3,56.9,987.1,8.38,5,64,0.96593,0.25882,0.89164,0.45274,3.25,3.3,0.92
2026-03-05T06:00:00Z,MTR,3.25,51.4,991.3,8.28,6,64,1.0,0.0,0.89164,0.45274,2.83,2.84,2.53
2026-03-05T07:00:00Z,MTR,2.83,51.6,994.3,6.39,7,64,0.96593,-0.25882,0.89164,0.45274,2.84,2.81,3.14
2026-03-05T08:00:00Z,MTR,2.84,56.3,996.0,7.85,8,64,0.86603,-0.5,0.89164,0.45274,3.04,2.51,5.51
2026-03-05T09:00:00Z,MTR,3.04,47.2,996.3,4.83,9,64,0.70711,-0.70711,0.89164,0.45274,4.29,2.28,6.06
2026-03-05T10:00:00Z,MTR,4.29,55.4,995.3,7.3,10,64,0.5,-0.86603,0.89164,0.45274,3.3,1.75,5.28
2026-03-05T11:00:00Z,MTR,3.3,50.4,995.5,6.64,11,64,0.25882,-0.96593,0.89164,0.45274,2.84,1.56,6.99
2026-03-05T12:00:00Z,MTR,2.84,47.6,998.3,4.47,12,64,0.0,-1.0,0.89164,0.45274,2.81,-0.32,7.35
2026-03-05T13:00:00Z,MTR,2.81,49.5,1002.5,5.05,13,64,-0.25882,-0.96593,0.89164,0.45274,2.51,0.6,5.87
2026-03-05T14:00:00Z,MTR,2.51,38.0,1005.8,0.95,14,64,-0.5,-0.86603,0.89164,0.45274,2.28,0.54,5.41
2026-03-05T15:00:00Z,MTR,2.28,45.0,1005.4,5.18,15,64,-0.70711,-0.70711,0.89164,0.45274,1.75,2.56,5.51
2026-03-05T16:00:00Z,MTR,1.75,40.5,1003.9,1.66,16,64,-0.86603,-0.5,0.89164,0.45274,1.56,2.18,5.35
2026-03-05T17:00:00Z,MTR,1.56,43.2,1004.7,0.26,17,64,-0.96593,-0.25882,0.89164,0.45274,-0.32,2.85,5.32
2026-03-05T18:00:00Z,MTR,-0.32,42.0,1002.0,0.99,18,64,-1.0,-0.0,0.89164,0.45274,0.6,1.94,5.43
2026-03-05T19:00:00Z,MTR,0.6,44.7,1003.2,6.99,19,64,-0.96593,0.25882,0.89164,0.45274,0.54,1.87,4.51
2026-03-05T20:00:00Z,MTR,0.54,44.3,1003.5,5.23,20,64,-0.86603,0.5,0.89164,0.45274,2.56,1.02,4.63
2026-03-05T21:00:00Z,MTR,2.56,47.1,1003.2,6.28,21,64,-0.70711,0.70711,0.89164,0.45274,2.18,0.73,4.53
2026-03-05T22:00:00Z,MTR,2.18,47.7,1000.8,3.78,22,64,-0.5,0.86603,0.89164,0.45274,2.85,0.17,4.08
2026-03-05T23:00:00Z,MTR,2.85,40.2,1002.3,5.62,23,64,-0.25882,0.96593,0.89164,0.45274,1.94,0.92,4.48
2026-03-06T00:00:00Z,MTR,1.94,53.6,1001.8,4.28,0,65,0.0,1.0,0.8993,0.43734,1.87,2.53,4.16
2026-03-06T01:00:00Z,MTR,1.87,46.4,1000.1,4.47,1,65,0.25882,0.96593,0.8993,0.43734,1.02,3.14,4.75
2026-03-06T02:00:00Z,MTR,1.02,57.0,995.3,9.06,2,65,0.5,0.86603,0.8993,0.43734,0.73,5.51,4.7
2026-03-06T03:00:00Z,MTR,0.73,40.0,995.9,9.5,3,65,0.70711,0.70711,0.8993,0.43734,0.17,6.06,4.18
2026-03-06T04:00:00Z,MTR,0.17,50.9,999.5,4.84,4,65,0.86603,0.5,0.8993,0.43734,0.92,5.28,4.05
2026-03-06T05:00:00Z,MTR,0.92,47.7,1002.8,5.36,5,65,0.96593,0.25882,0.8993,0.43734,2.53,6.99,4.68
2026-03-06T06:00:00Z,MTR,2.53,46.1,1001.9,6.08,6,65,1.0,0.0,0.8993,0.43734,3.14,7.35,4.84
2026-03-06T07:00:00Z,MTR,3.14,33.8,1000.8,2.67,7,65,0.96593,-0.25882,0.8993,0.43734,5.51,5.87,4.63
2026-03-06T08:00:00Z,MTR,5.51,41.8,1001.5,6.27,8,65,0.86603,-0.5,0.8993,0.43734,6.06,5.41,4.86
2026-03-06T09:00:00Z,MTR,6.06,41.3,999.5,2.88,9,65,0.70711,-0.70711,0.8993,0.43734,5.28,5.51,5.98
2026-03-06T10:00:00Z,MTR,5.28,52.9,999.8,6.12,10,65,0.5,-0.86603,0.8993,0.43734,6.99,5.35,6.39
2026-03-06T11:00:00Z,MTR,6.99,40.0,1000.8,6.12,11,65,0.25882,-0.96593,0.8993,0.43734,7.35,5.32,6.47
2026-03-06T12:00:00Z,MTR,7.35,46.2,1002.5,3.31,12,65,0.0,-1.0,0.8993,0.43734,5.87,5.43,6.03
2026-03-06T13:00:00Z,MTR,5.87,43.0,1001.7,3.83,13,65,-0.25882,-0.96593,0.8993,0.43734,5.41,4.51,5.88
2026-03-06T14:00:00Z,MTR,5.41,50.9,1000.6,3.7,14,65,-0.5,-0.86603,0.8993,0.43734,5.51,4.63,4.88
2026-03-06T15:00:00Z,MTR,5.51,48.9,998.3,3.43,15,65,-0.70711,-0.70711,0.8993,0.43734,5.35,4.53,8.0
2026-03-06T16:00:00Z,MTR,5.35,47.1,996.0,4.55,16,65,-0.86603,-0.5,0.8993,0.43734,5.32,4.08,3.92
2026-03-06T17:00:00Z,MTR,5.32,48.4,994.9,7.19,17,65,-0.96593,-0.25882,0.8993,0.43734,5.43,4.48,8.0
2026-03-06T18:00:00Z,MTR,5.43,50.3,994.8,7.93,18,65,-1.0,-0.0,0.8993,0.43734,4.51,4.16,8.0
2026-03-06T19:00:00Z,MTR,4.51,36.6,995.7,9.29,19,65,-0.96593,0.25882,0.8993,0.43734,4.63,4.75,7.72
2026-03-06T20:00:00Z,MTR,4.63,62.9,993.3,7.74,20,65,-0.86603,0.5,0.8993,0.43734,4.53,4.7,1.93
2026-03-06T21:00:00Z,MTR,4.53,58.3,995.1,6.31,21,65,-0.70711,0.70711,0.8993,0.43734,4.08,4.18,5.8
2026-03-06T22:00:00Z,MTR,4.08,54.2,993.6,8.17,22,65,-0.5,0.86603,0.8993,0.43734,4.48,4.05,5.28
2026-03-06T23:00:00Z,MTR,4.48,59.2,992.6,6.83,23,65,-0.25882,0.96593,0.8993,0.43734,4.16,4.68,0.74
2026-03-07T00:00:00Z,MTR,4.16,57.7,990.2,10.14,0,66,0.0,1.0,0.90669,0.42181,4.75,4.84,1.56
2026-03-07T01:00:00Z,MTR,4.75,65.0,984.9,9.03,1,66,0.25882,0.96593,0.90669,0.42181,4.7,4.63,2.15
2026-03-07T02:00:00Z,MTR,4.7,67.8,985.8,12.18,2,66,0.5,0.86603,0.90669,0.42181,4.18,4.86,2.33
2026-03-07T03:00:00Z,MTR,4.18,60.6,986.3,10.29,3,66,0.70711,0.70711,0.90669,0.42181,4.05,5.98,4.44
2026-03-07T04:00:00Z,MTR,4.05,67.5,985.0,11.97,4,66,0.86603,0.5,0.90669,0.42181,4.68,6.39,4.17
2026-03-07T05:00:00Z,MTR,4.68,54.7,984.3,10.07,5,66,0.96593,0.25882,0.90669,0.42181,4.84,6.47,7.99
2026-03-07T06:00:00Z,MTR,4.84,64.8,984.5,10.72,6,66,1.0,0.0,0.90669,0.42181,4.63,6.03,8.0
2026-03-07T07:00:00Z,MTR,4.63,67.6,980.9,11.72,7,66,0.96593,-0.25882,0.90669,0.42181,4.86,5.88,8.0
2026-03-07T08:00:00Z,MTR,4.86,67.1,979.3,10.28,8,66,0.86603,-0.5,0.90669,0.42181,5.98,4.88,8.0
2026-03-07T09:00:00Z,MTR,5.98,67.2,980.2,11.3,9,66,0.70711,-0.70711,0.90669,0.42181,6.39,8.0,8.0
2026-03-07T10:00:00Z,MTR,6.39,69.8,977.4,11.29,10,66,0.5,-0.86603,0.90669,0.42181,6.47,3.92,8.0
2026-03-07T11:00:00Z,MTR,6.47,75.8,977.5,9.14,11,66,0.25882,-0.96593,0.90669,0.42181,6.03,8.0,8.0
2026-03-07T12:00:00Z,MTR,6.03,74.1,974.7,13.4,12,66,0.0,-1.0,0.90669,0.42181,5.88,8.0,8.0
2026-03-07T13:00:00Z,MTR,5.88,88.4,975.3,15.27,13,66,-0.25882,-0.96593,0.90669,0.42181,4.88,7.72,8.0
2026-03-07T14:00:00Z,MTR,4.88,70.1,975.0,15.93,14,66,-0.5,-0.86603,0.90669,0.42181,8.0,1.93,8.0
2026-03-07T15:00:00Z,MTR,8.0,80.3,971.9,14.51,15,66,-0.70711,-0.70711,0.90669,0.42181,3.92,5.8,8.0
2026-03-07T16:00:00Z,MTR,3.92,79.6,974.0,13.68,16,66,-0.86603,-0.5,0.90669,0.42181,8.0,5.28,5.42
2026-03-07T17:00:00Z,MTR,8.0,73.0,972.6,8.41,17,66,-0.96593,-0.25882,0.90669,0.42181,8.0,0.74,5.47
2026-03-07T18:00:00Z,MTR,8.0,73.7,971.1,19.58,18,66,-1.0,-0.0,0.90669,0.42181,7.72,1.56,7.59
2026-03-07T19:00:00Z,MTR,7.72,77.2,971.6,20.2,19,66,-0.96593,0.25882,0.90669,0.42181,1.93,2.15,8.0
2026-03-07T20:00:00Z,MTR,1.93,69.9,973.9,17.77,20,66,-0.86603,0.5,0.90669,0.42181,5.8,2.33,8.0
2026-03-07T21:00:00Z,MTR,5.8,73.7,972.1,16.42,21,66,-0.70711,0.70711,0.90669,0.42181,5.28,4.44,8.0
2026-03-07T22:00:00Z,MTR,5.28,77.8,972.4,10.99,22,66,-0.5,0.86603,0.90669,0.42181,0.74,4.17,4.03
2026-03-07T23:00:00Z,MTR,0.74,88.9,973.4,14.64,23,66,-0.25882,0.96593,0.90669,0.42181,1.56,7.99,2.46
2026-03-08T00:00:00Z,MTR,1.56,82.7,974.8,12.95,0,67,0.0,1.0,0.91381,0.40615,2.15,8.0,2.95
2026-03-08T01:00:00Z,MTR,2.15,69.9,975.3,10.81,1,67,0.25882,0.96593,0.91381,0.40615,2.33,8.0,2.13
2026-03-08T02:00:00Z,MTR,2.33,79.6,974.8,15.54,2,67,0.5,0.86603,0.91381,0.40615,4.44,8.0,7.11
2026-03-08T03:00:00Z,MTR,4.44,75.1,973.6,18.26,3,67,0.70711,0.70711,0.91381,0.40615,4.17,8.0,1.92
2026-03-08T04:00:00Z,MTR,4.17,71.7,974.0,16.87,4,67,0.86603,0.5,0.91381,0.40615,7.99,8.0,6.08
2026-03-08T05:00:00Z,MTR,7.99,76.5,972.4,14.38,5,67,0.96593,0.25882,0.91381,0.40615,8.0,8.0,7.3
2026-03-08T06:00:00Z,MTR,8.0,71.4,967.5,16.12,6,67,1.0,0.0,0.91381,0.40615,8.0,8.0,4.4
2026-03-08T07:00:00Z,MTR,8.0,71.9,969.0,14.2,7,67,0.96593,-0.25882,0.91381,0.40615,8.0,8.0,4.64
2026-03-08T08:00:00Z,MTR,8.0,83.1,971.2,15.62,8,67,0.86603,-0.5,0.91381,0.40615,8.0,8.0,4.97
2026-03-08T09:00:00Z,MTR,8.0,89.9,967.4,18.4,9,67,0.70711,-0.70711,0.91381,0.40615,8.0,8.0,5.54
2026-03-08T10:00:00Z,MTR,8.0,71.0,966.3,15.82,10,67,0.5,-0.86603,0.91381,0.40615,8.0,5.42,4.95
2026-03-08T11:00:00Z,MTR,8.0,88.2,968.1,13.61,11,67,0.25882,-0.96593,0.91381,0.40615,8.0,5.47,5.36
2026-03-08T12:00:00Z,MTR,8.0,81.6,972.5,10.9,12,67,0.0,-1.0,0.91381,0.40615,8.0,7.59,4.69
2026-03-08T13:00:00Z,MTR,8.0,74.7,972.9,14.53,13,67,-0.25882,-0.96593,0.91381,0.40615,8.0,8.0,5.24
2026-03-08T14:00:00Z,MTR,8.0,79.8,972.0,15.07,14,67,-0.5,-0.86603,0.91381,0.40615,8.0,8.0,4.12
2026-03-08T15:00:00Z,MTR,8.0,86.4,972.1,14.54,15,67,-0.70711,-0.70711,0.91381,0.40615,5.42,8.0,4.33
2026-03-08T16:00:00Z,MTR,5.42,79.9,974.9,12.39,16,67,-0.86603,-0.5,0.91381,0.40615,5.47,4.03,4.48
2026-03-08T17:00:00Z,MTR,5.47,77.6,974.0,13.73,17,67,-0.96593,-0.25882,0.91381,0.40615,7.59,2.46,2.74
2026-03-08T18:00:00Z,MTR,7.59,72.8,972.8,12.51,18,67,-1.0,-0.0,0.91381,0.40615,8.0,2.95,2.49
2026-03-08T19:00:00Z,MTR,8.0,75.5,972.2,15.74,19,67,-0.96593,0.25882,0.91381,0.40615,8.0,2.13,3.46
2026-03-08T20:00:00Z,MTR,8.0,82.4,970.7,15.3,20,67,-0.86603,0.5,0.91381,0.40615,8.0,7.11,3.6
2026-03-08T21:00:00Z,MTR,8.0,80.8,971.3,14.58,21,67,-0.70711,0.70711,0.91381,0.40615,4.03,1.92,3.59
2026-03-08T22:00:00Z,MTR,4.03,81.1,974.4,15.83,22,67,-0.5,0.86603,0.91381,0.40615,2.46,6.08,2.78
2026-03-08T23:00:00Z,MTR,2.46,66.6,975.1,13.17,23,67,-0.25882,0.96593,0.91381,0.40615,2.95,7.3,3.02
2026-03-09T00:00:00Z,MTR,2.95,76.0,974.7,11.58,0,68,0.0,1.0,0.92066,0.39037,2.13,4.4,2.39
2026-03-09T01:00:00Z,MTR,2.13,77.8,974.1,11.3,1,68,0.25882,0.96593,0.92066,0.39037,7.11,4.64,2.62
2026-03-09T02:00:00Z,MTR,7.11,77.6,971.3,17.15,2,68,0.5,0.86603,0.92066,0.39037,1.92,4.97,3.05
2026-03-09T03:00:00Z,MTR,1.92,89.3,973.1,18.1,3,68,0.70711,0.70711,0.92066,0.39037,6.08,5.54,3.61
2026-03-09T04:00:00Z,MTR,6.08,72.1,972.9,14.5,4,68,0.86603,0.5,0.92066,0.39037,7.3,4.95,3.77
2026-03-09T05:00:00Z,MTR,7.3,76.1,972.6,13.38,5,68,0.96593,0.25882,0.92066,0.39037,4.4,5.36,4.14
2026-03-09T06:00:00Z,MTR,4.4,73.2,978.4,9.84,6,68,1.0,0.0,0.92066,0.39037,4.64,4.69,4.04
2026-03-09T07:00:00Z,MTR,4.64,74.1,978.6,11.34,7,68,0.96593,-0.25882,0.92066,0.39037,4.97,5.24,2.86
2026-03-09T08:00:00Z,MTR,4.97,70.8,977.0,13.4,8,68,0.86603,-0.5,0.92066,0.39037,5.54,4.12,2.75
2026-03-09T09:00:00Z,MTR,5.54,72.5,976.0,15.75,9,68,0.70711,-0.70711,0.92066,0.39037,4.95,4.33,2.81
2026-03-09T10:00:00Z,MTR,4.95,73.9,977.9,10.98,10,68,0.5,-0.86603,0.92066,0.39037,5.36,4.48,3.35
2026-03-09T11:00:00Z,MTR,5.36,73.5,977.8,13.3,11,68,0.25882,-0.96593,0.92066,0.39037,4.69,2.74,1.95
2026-03-09T12:00:00Z,MTR,4.69,74.8,975.0,14.29,12,68,0.0,-1.0,0.92066,0.39037,5.24,2.49,0.59
2026-03-09T13:00:00Z,MTR,5.24,62.7,976.6,12.01,13,68,-0.25882,-0.96593,0.92066,0.39037,4.12,3.46,-0.87
2026-03-09T14:00:00Z,MTR,4.12,75.0,975.2,15.08,14,68,-0.5,-0.86603,0.92066,0.39037,4.33,3.6,-0.97
2026-03-09T15:00:00Z,MTR,4.33,77.8,978.6,10.99,15,68,-0.70711,-0.70711,0.92066,0.39037,4.48,3.59,-2.09
2026-03-09T16:00:00Z,MTR,4.48,71.2,980.3,11.92,16,68,-0.86603,-0.5,0.92066,0.39037,2.74,2.78,-1.88
2026-03-09T17:00:00Z,MTR,2.74,64.9,979.3,10.24,17,68,-0.96593,-0.25882,0.92066,0.39037,2.49,3.02,-2.37
2026-03-09T18:00:00Z,MTR,2.49,59.7,981.5,11.72,18,68,-1.0,-0.0,0.92066,0.39037,3.46,2.39,-3.74
2026-03-09T19:00:00Z,MTR,3.46,72.8,981.5,14.91,19,68,-0.96593,0.25882,0.92066,0.39037,3.6,2.62,-2.77
2026-03-09T20:00:00Z,MTR,3.6,64.5,982.9,15.6,20,68,-0.86603,0.5,0.92066,0.39037,3.59,3.05,-2.6
2026-03-09T21:00:00Z,MTR,3.59,72.8,983.7,16.08,21,68,-0.70711,0.70711,0.92066,0.39037,2.78,3.61,-1.62
2026-03-09T22:00:00Z,MTR,2.78,73.7,982.1,14.05,22,68,-0.5,0.86603,0.92066,0.39037,3.02,3.77,-1.47
2026-03-09T23:00:00Z,MTR,3.02,67.2,981.0,13.08,23,68,-0.25882,0.96593,0.92066,0.39037,2.39,4.14,-0.2
2026-03-10T00:00:00Z,MTR,2.39,66.4,983.1,9.36,0,69,0.0,1.0,0.92724,0.37447,2.62,4.04,0.08
2026-03-10T01:00:00Z,MTR,2.62,66.6,982.7,6.66,1,69,0.25882,0.96593,0.92724,0.37447,3.05,2.86,-0.94
2026-03-10T02:00:00Z,MTR,3.05,61.2,982.2,14.77,2,69,0.5,0.86603,0.92724,0.37447,3.61,2.75,-1.27
2026-03-10T03:00:00Z,MTR,3.61,77.8,980.9,17.06,3,69,0.70711,0.70711,0.92724,0.37447,3.77,2.81,-1.68
2026-03-10T04:00:00Z,MTR,3.77,69.5,982.2,14.09,4,69,0.86603,0.5,0.92724,0.37447,4.14,3.35,-3.26
2026-03-10T05:00:00Z,MTR,4.14,61.4,986.5,6.99,5,69,0.96593,0.25882,0.92724,0.37447,4.04,1.95,-2.14
2026-03-10T06:00:00Z,MTR,4.04,68.6,985.0,12.25,6,69,1.0,0.0,0.92724,0.37447,2.86,0.59,-1.27
2026-03-10T07:00:00Z,MTR,2.86,64.3,985.7,11.48,7,69,0.96593,-0.25882,0.92724,0.37447,2.75,-0.87,0.31
2026-03-10T08:00:00Z,MTR,2.75,51.9,988.9,4.13,8,69,0.86603,-0.5,0.92724,0.37447,2.81,-0.97,-0.54
2026-03-10T09:00:00Z,MTR,2.81,54.1,989.3,8.34,9,69,0.70711,-0.70711,0.92724,0.37447,3.35,-2.09,-1.01
2026-03-10T10:00:00Z,MTR,3.35,45.9,990.8,8.05,10,69,0.5,-0.86603,0.92724,0.37447,1.95,-1.88,-1.41
2026-03-10T11:00:00Z,MTR,1.95,57.2,989.5,4.78,11,69,0.25882,-0.96593,0.92724,0.37447,0.59,-2.37,-0.02
2026-03-10T12:00:00Z,MTR,0.59,58.2,991.1,5.3,12,69,0.0,-1.0,0.92724,0.37447,-0.87,-3.74,1.14
2026-03-10T13:00:00Z,MTR,-0.87,55.3,991.6,9.49,13,69,-0.25882,-0.96593,0.92724,0.37447,-0.97,-2.77,0.09
2026-03-10T14:00:00Z,MTR,-0.97,47.0,994.2,6.58,14,69,-0.5,-0.86603,0.92724,0.37447,-2.09,-2.6,0.26
2026-03-10T15:00:00Z,MTR,-2.09,46.5,997.1,3.57,15,69,-0.70711,-0.70711,0.92724,0.37447,-1.88,-1.62,0.53
2026-03-10T16:00:00Z,MTR,-1.88,41.4,1002.4,2.35,16,69,-0.86603,-0.5,0.92724,0.37447,-2.37,-1.47,0.13
2026-03-10T17:00:00Z,MTR,-2.37,45.6,1003.9,0.79,17,69,-0.96593,-0.25882,0.92724,0.37447,-3.74,-0.2,1.3
2026-03-10T18:00:00Z,MTR,-3.74,48.1,1004.9,3.0,18,69,-1.0,-0.0,0.92724,0.37447,-2.77,0.08,-0.98
2026-03-10T19:00:00Z,MTR,-2.77,27.9,1005.7,7.48,19,69,-0.96593,0.25882,0.92724,0.37447,-2.6,-0.94,-2.4
2026-03-10T20:00:00Z,MTR,-2.6,41.5,1005.5,8.06,20,69,-0.86603,0.5,0.92724,0.37447,-1.62,-1.27,-2.17
2026-03-10T21:00:00Z,MTR,-1.62,36.5,1006.5,3.47,21,69,-0.70711,0.70711,0.92724,0.37447,-1.47,-1.68,-2.94
2026-03-10T22:00:00Z,MTR,-1.47,38.3,1006.4,3.42,22,69,-0.5,0.86603,0.92724,0.37447,-0.2,-3.26,-2.08
2026-03-10T23:00:00Z,MTR,-0.2,43.3,1007.1,4.05,23,69,-0.25882,0.96593,0.92724,0.37447,0.08,-2.14,-3.15
2026-03-11T00:00:00Z,MTR,0.08,33.6,1009.8,3.13,0,70,0.0,1.0,0.93354,0.35847,-0.94,-1.27,-2.72
2026-03-11T01:00:00Z,MTR,-0.94,41.2,1008.2,3.41,1,70,0.25882,0.96593,0.93354,0.35847,-1.27,0.31,-2.58
2026-03-11T02:00:00Z,MTR,-1.27,46.0,1010.5,5.27,2,70,0.5,0.86603,0.93354,0.35847,-1.68,-0.54,-1.07
2026-03-11T03:00:00Z,MTR,-1.68,31.6,1013.0,6.26,3,70,0.70711,0.70711,0.93354,0.35847,-3.26,-1.01,-1.63
2026-03-11T04:00:00Z,MTR,-3.26,31.2,1012.8,0.2,4,70,0.86603,0.5,0.93354,0.35847,-2.14,-1.41,-0.34
2026-03-11T05:00:00Z,MTR,-2.14,36.3,1008.9,4.58,5,70,0.96593,0.25882,0.93354,0.35847,-1.27,-0.02,0.47
2026-03-11T06:00:00Z,MTR,-1.27,50.4,1007.9,4.48,6,70,1.0,0.0,0.93354,0.35847,0.31,1.14,0.09
2026-03-11T07:00:00Z,MTR,0.31,32.3,1010.2,0.2,7,70,0.96593,-0.25882,0.93354,0.35847,-0.54,0.09,-0.23
2026-03-11T08:00:00Z,MTR,-0.54,42.9,1010.1,2.07,8,70,0.86603,-0.5,0.93354,0.35847,-1.01,0.26,0.96
2026-03-11T09:00:00Z,MTR,-1.01,37.7,1008.1,3.08,9,70,0.70711,-0.70711,0.93354,0.35847,-1.41,0.53,1.32
2026-03-11T10:00:00Z,MTR,-1.41,38.9,1007.0,0.2,10,70,0.5,-0.86603,0.93354,0.35847,-0.02,0.13,1.36
2026-03-11T11:00:00Z,MTR,-0.02,41.3,1008.3,1.61,11,70,0.25882,-0.96593,0.93354,0.35847,1.14,1.3,2.75
2026-03-11T12:00:00Z,MTR,1.14,34.8,1008.9,1.84,12,70,0.0,-1.0,0.93354,0.35847,0.09,-0.98,3.23
2026-03-11T13:00:00Z,MTR,0.09,42.0,1008.0,0.2,13,70,-0.25882,-0.96593,0.93354,0.35847,0.26,-2.4,2.35
2026-03-11T14:00:00Z,MTR,0.26,37.3,1006.8,1.56,14,70,-0.5,-0.86603,0.93354,0.35847,0.53,-2.17,1.64
2026-03-11T15:00:00Z,MTR,0.53,35.8,1005.5,5.47,15,70,-0.70711,-0.70711,0.93354,0.35847,0.13,-2.94,1.62
2026-03-11T16:00:00Z,MTR,0.13,48.9,1003.2,6.8,16,70,-0.86603,-0.5,0.93354,0.35847,1.3,-2.08,1.38
2026-03-11T17:00:00Z,MTR,1.3,42.7,1005.5,0.46,17,70,-0.96593,-0.25882,0.93354,0.35847,-0.98,-3.15,1.47
2026-03-11T18:00:00Z,MTR,-0.98,38.1,1004.1,0.2,18,70,-1.0,-0.0,0.93354,0.35847,-2.4,-2.72,1.6
2026-03-11T19:00:00Z,MTR,-2.4,47.9,1005.4,8.56,19,70,-0.96593,0.25882,0.93354,0.35847,-2.17,-2.58,2.63
2026-03-11T20:00:00Z,MTR,-2.17,35.6,1007.1,8.81,20,70,-0.86603,0.5,0.93354,0.35847,-2.94,-1.07,2.25
2026-03-11T21:00:00Z,MTR,-2.94,41.3,1007.7,6.18,21,70,-0.70711,0.70711,0.93354,0.35847,-2.08,-1.63,3.73
2026-03-11T22:00:00Z,MTR,-2.08,32.2,1005.5,3.83,22,70,-0.5,0.86603,0.93354,0.35847,-3.15,-0.34,4.61
2026-03-11T23:00:00Z,MTR,-3.15,38.6,1004.9,1.6,23,70,-0.25882,0.96593,0.93354,0.35847,-2.72,0.47,4.06
2026-03-12T00:00:00Z,MTR,-2.72,38.7,1003.4,4.58,0,71,0.0,1.0,0.93957,0.34236,-2.58,0.09,3.42
2026-03-12T01:00:00Z,MTR,-2.58,40.5,1000.4,7.38,1,71,0.25882,0.96593,0.93957,0.34236,-1.07,-0.23,3.43
2026-03-12T02:00:00Z,MTR,-1.07,47.0,999.6,5.06,2,71,0.5,0.86603,0.93957,0.34236,-1.63,0.96,1.82
2026-03-12T03:00:00Z,MTR,-1.63,53.2,996.1,8.83,3,71,0.70711,0.70711,0.93957,0.34236,-0.34,1.32,1.56
2026-03-12T04:00:00Z,MTR,-0.34,53.5,996.9,7.69,4,71,0.86603,0.5,0.93957,0.34236,0.47,1.36,2.38
2026-03-12T05:00:00Z,MTR,0.47,52.7,994.7,7.78,5,71,0.96593,0.25882,0.93957,0.34236,0.09,2.75,2.05
2026-03-12T06:00:00Z,MTR,0.09,54.2,993.7,2.49,6,71,1.0,0.0,0.93957,0.34236,-0.23,3.23,0.82
2026-03-12T07:00:00Z,MTR,-0.23,48.9,992.8,7.69,7,71,0.96593,-0.25882,0.93957,0.34236,0.96,2.35,0.1
2026-03-12T08:00:00Z,MTR,0.96,51.6,991.0,6.77,8,71,0.86603,-0.5,0.93957,0.34236,1.32,1.64,0.16
2026-03-12T09:00:00Z,MTR,1.32,57.6,990.7,11.26,9,71,0.70711,-0.70711,0.93957,0.34236,1.36,1.62,0.66
2026-03-12T10:00:00Z,MTR,1.36,54.8,988.5,8.95,10,71,0.5,-0.86603,0.93957,0.34236,2.75,1.38,0.17
2026-03-12T11:00:00Z,MTR,2.75,59.1,988.8,9.64,11,71,0.25882,-0.96593,0.93957,0.34236,3.23,1.47,-0.77
2026-03-12T12:00:00Z,MTR,3.23,58.9,985.1,7.57,12,71,0.0,-1.0,0.93957,0.34236,2.35,1.6,-1.27
2026-03-12T13:00:00Z,MTR,2.35,62.8,984.2,9.32,13,71,-0.25882,-0.96593,0.93957,0.34236,1.64,2.63,0.15
2026-03-12T14:00:00Z,MTR,1.64,53.0,986.6,9.74,14,71,-0.5,-0.86603,0.93957,0.34236,1.62,2.25,1.92
2026-03-12T15:00:00Z,MTR,1.62,55.6,983.6,9.24,15,71,-0.70711,-0.70711,0.93957,0.34236,1.38,3.73,1.91
2026-03-12T16:00:00Z,MTR,1.38,63.1,981.4,10.22,16,71,-0.86603,-0.5,0.93957,0.34236,1.47,4.61,1.64
2026-03-12T17:00:00Z,MTR,1.47,60.3,981.4,11.23,17,71,-0.96593,-0.25882,0.93957,0.34236,1.6,4.06,1.97
2026-03-12T18:00:00Z,MTR,1.6,54.3,980.8,10.97,18,71,-1.0,-0.0,0.93957,0.34236,2.63,3.42,0.42
2026-03-12T19:00:00Z,MTR,2.63,70.8,980.6,13.29,19,71,-0.96593,0.25882,0.93957,0.34236,2.25,3.43,-0.1
2026-03-12T20:00:00Z,MTR,2.25,73.8,980.7,15.54,20,71,-0.86603,0.5,0.93957,0.34236,3.73,1.82,-1.48
2026-03-12T21:00:00Z,MTR,3.73,72.0,981.1,12.49,21,71,-0.70711,0.70711,0.93957,0.34236,4.61,1.56,-1.36
2026-03-12T22:00:00Z,MTR,4.61,67.0,982.3,16.81,22,71,-0.5,0.86603,0.93957,0.34236,4.06,2.38,-1.39
2026-03-12T23:00:00Z,MTR,4.06,65.3,982.3,11.48,23,71,-0.25882,0.96593,0.93957,0.34236,3.42,2.05,-1.98
2026-03-13T00:00:00Z,MTR,3.42,66.5,981.2,7.07,0,72,0.0,1.0,0.94532,0.32614,3.43,0.82,-0.72
2026-03-13T01:00:00Z,MTR,3.43,63.7,981.8,12.37,1,72,0.25882,0.96593,0.94532,0.32614,1.82,0.1,0.16
2026-03-13T02:00:00Z,MTR,1.82,54.0,984.6,9.27,2,72,0.5,0.86603,0.94532,0.32614,1.56,0.16,0.04
2026-03-13T03:00:00Z,MTR,1.56,71.2,983.7,13.09,3,72,0.70711,0.70711,0.94532,0.32614,2.38,0.66,-0.58
2026-03-13T04:00:00Z,MTR,2.38,67.5,981.4,12.61,4,72,0.86603,0.5,0.94532,0.32614,2.05,0.17,-0.48
2026-03-13T05:00:00Z,MTR,2.05,64.5,983.0,9.18,5,72,0.96593,0.25882,0.94532,0.32614,0.82,-0.77,-0.31
2026-03-13T06:00:00Z,MTR,0.82,64.8,982.3,12.46,6,72,1.0,0.0,0.94532,0.32614,0.1,-1.27,-0.37
2026-03-13T07:00:00Z,MTR,0.1,72.5,978.1,8.64,7,72,0.96593,-0.25882,0.94532,0.32614,0.16,0.15,-0.78
2026-03-13T08:00:00Z,MTR,0.16,68.0,979.5,10.35,8,72,0.86603,-0.5,0.94532,0.32614,0.66,1.92,-0.27
2026-03-13T09:00:00Z,MTR,0.66,67.2,978.5,10.48,9,72,0.70711,-0.70711,0.94532,0.32614,0.17,1.91,0.15
2026-03-13T10:00:00Z,MTR,0.17,69.3,978.3,14.41,10,72,0.5,-0.86603,0.94532,0.32614,-0.77,1.64,-0.51
2026-03-13T11:00:00Z,MTR,-0.77,69.6,979.0,10.82,11,72,0.25882,-0.96593,0.94532,0.32614,-1.27,1.97,-1.87
2026-03-13T12:00:00Z,MTR,-1.27,62.7,979.4,9.49,12,72,0.0,-1.0,0.94532,0.32614,0.15,0.42,-2.03
2026-03-13T13:00:00Z,MTR,0.15,74.8,980.7,11.39,13,72,-0.25882,-0.96593,0.94532,0.32614,1.92,-0.1,-3.11
2026-03-13T14:00:00Z,MTR,1.92,64.8,980.0,9.38,14,72,-0.5,-0.86603,0.94532,0.32614,1.91,-1.48,-3.73
2026-03-13T15:00:00Z,MTR,1.91,62.8,981.0,9.32,15,72,-0.70711,-0.70711,0.94532,0.32614,1.64,-1.36,-4.23
2026-03-13T16:00:00Z,MTR,1.64,66.1,980.7,12.32,16,72,-0.86603,-0.5,0.94532,0.32614,1.97,-1.39,-4.01
2026-03-13T17:00:00Z,MTR,1.97,68.8,982.1,4.72,17,72,-0.96593,-0.25882,0.94532,0.32614,0.42,-1.98,-0.17
2026-03-13T18:00:00Z,MTR,0.42,63.8,983.3,11.63,18,72,-1.0,-0.0,0.94532,0.32614,-0.1,-0.72,0.88
2026-03-13T19:00:00Z,MTR,-0.1,72.9,981.7,12.64,19,72,-0.96593,0.25882,0.94532,0.32614,-1.48,0.16,0.84
2026-03-13T20:00:00Z,MTR,-1.48,64.4,983.8,16.04,20,72,-0.86603,0.5,0.94532,0.32614,-1.36,0.04,0.56
2026-03-13T21:00:00Z,MTR,-1.36,59.1,982.8,13.59,21,72,-0.70711,0.70711,0.94532,0.32614,-1.39,-0.58,0.73
2026-03-13T22:00:00Z,MTR,-1.39,59.9,984.4,11.4,22,72,-0.5,0.86603,0.94532,0.32614,-1.98,-0.48,1.53
2026-03-13T23:00:00Z,MTR,-1.98,59.6,985.0,10.19,23,72,-0.25882,0.96593,0.94532,0.32614,-0.72,-0.31,2.05
2026-03-14T00:00:00Z,MTR,-0.72,62.5,988.3,8.65,0,73,0.0,1.0,0.95079,0.30983,0.16,-0.37,1.71
2026-03-14T01:00:00Z,MTR,0.16,58.0,987.7,10.0,1,73,0.25882,0.96593,0.95079,0.30983,0.04,-0.78,1.47
2026-03-14T02:00:00Z,MTR,0.04,55.5,986.9,10.88,2,73,0.5,0.86603,0.95079,0.30983,-0.58,-0.27,2.84
2026-03-14T03:00:00Z,MTR,-0.58,55.7,986.7,15.31,3,73,0.70711,0.70711,0.95079,0.30983,-0.48,0.15,3.11
2026-03-14T04:00:00Z,MTR,-0.48,53.3,986.0,11.33,4,73,0.86603,0.5,0.95079,0.30983,-0.31,-0.51,1.22
2026-03-14T05:00:00Z,MTR,-0.31,73.7,987.3,9.1,5,73,0.96593,0.25882,0.95079,0.30983,-0.37,-1.87,-1.3
2026-03-14T06:00:00Z,MTR,-0.37,60.1,984.1,9.87,6,73,1.0,0.0,0.95079,0.30983,-0.78,-2.03,0.67
2026-03-14T07:00:00Z,MTR,-0.78,68.8,982.1,12.34,7,73,0.96593,-0.25882,0.95079,0.30983,-0.27,-3.11,1.15
2026-03-14T08:00:00Z,MTR,-0.27,61.7,980.2,9.72,8,73,0.86603,-0.5,0.95079,0.30983,0.15,-3.73,1.13
2026-03-14T09:00:00Z,MTR,0.15,72.1,982.0,9.78,9,73,0.70711,-0.70711,0.95079,0.30983,-0.51,-4.23,0.48
2026-03-14T10:00:00Z,MTR,-0.51,57.7,985.0,6.48,10,73,0.5,-0.86603,0.95079,0.30983,-1.87,-4.01,1.1
2026-03-14T11:00:00Z,MTR,-1.87,73.2,984.6,11.61,11,73,0.25882,-0.96593,0.95079,0.30983,-2.03,-0.17,1.61
2026-03-14T12:00:00Z,MTR,-2.03,72.8,984.1,6.76,12,73,0.0,-1.0,0.95079,0.30983,-3.11,0.88,1.86
2026-03-14T13:00:00Z,MTR,-3.11,58.7,984.0,10.91,13,73,-0.25882,-0.96593,0.95079,0.30983,-3.73,0.84,2.02
2026-03-14T14:00:00Z,MTR,-3.73,69.1,985.9,12.57,14,73,-0.5,-0.86603,0.95079,0.30983,-4.23,0.56,3.2
2026-03-14T15:00:00Z,MTR,-4.23,74.6,983.9,13.72,15,73,-0.70711,-0.70711,0.95079,0.30983,-4.01,0.73,3.08
2026-03-14T16:00:00Z,MTR,-4.01,55.6,984.1,9.18,16,73,-0.86603,-0.5,0.95079,0.30983,-0.17,1.53,0.82
2026-03-14T17:00:00Z,MTR,-0.17,61.8,985.7,32.82,17,73,-0.96593,-0.25882,0.95079,0.30983,0.88,2.05,-0.24
2026-03-14T18:00:00Z,MTR,0.88,59.3,986.3,36.66,18,73,-1.0,-0.0,0.95079,0.30983,0.84,1.71,2.48
2026-03-14T19:00:00Z,MTR,0.84,65.6,986.3,38.48,19,73,-0.96593,0.25882,0.95079,0.30983,0.56,1.47,1.46
2026-03-14T20:00:00Z,MTR,0.56,62.9,987.8,35.57,20,73,-0.86603,0.5,0.95079,0.30983,0.73,2.84,0.49
2026-03-14T21:00:00Z,MTR,0.73,71.8,982.5,36.48,21,73,-0.70711,0.70711,0.95079,0.30983,1.53,3.11,0.81
2026-03-14T22:00:00Z,MTR,1.53,66.4,983.7,38.07,22,73,-0.5,0.86603,0.95079,0.30983,2.05,1.22,1.35
2026-03-14T23:00:00Z,MTR,2.05,76.8,982.4,35.6,23,73,-0.25882,0.96593,0.95079,0.30983,1.71,-1.3,1.56
2026-03-15T00:00:00Z,MTR,1.71,76.7,979.0,35.41,0,74,0.0,1.0,0.95598,0.29343,1.47,0.67,-0.05
2026-03-15T01:00:00Z,MTR,1.47,77.3,980.1,34.5,1,74,0.25882,0.96593,0.95598,0.29343,2.84,1.15,-3.75
2026-03-15T02:00:00Z,MTR,2.84,78.9,982.8,38.27,2,74,0.5,0.86603,0.95598,0.29343,3.11,1.13,-3.59
2026-03-15T03:00:00Z,MTR,3.11,75.0,982.6,37.49,3,74,0.70711,0.70711,0.95598,0.29343,1.22,0.48,-3.49
2026-03-15T04:00:00Z,MTR,1.22,70.5,984.5,36.92,4,74,0.86603,0.5,0.95598,0.29343,-1.3,1.1,-3.59
2026-03-15T05:00:00Z,MTR,-1.3,62.2,987.5,29.18,5,74,0.96593,0.25882,0.95598,0.29343,0.67,1.61,-3.21
2026-03-15T06:00:00Z,MTR,0.67,69.9,989.8,34.03,6,74,1.0,0.0,0.95598,0.29343,1.15,1.86,-2.84
2026-03-15T07:00:00Z,MTR,1.15,62.3,992.7,28.88,7,74,0.96593,-0.25882,0.95598,0.29343,1.13,2.02,-1.64
2026-03-15T08:00:00Z,MTR,1.13,61.7,993.9,31.66,8,74,0.86603,-0.5,0.95598,0.29343,0.48,3.2,-0.67
2026-03-15T09:00:00Z,MTR,0.48,56.8,993.9,29.19,9,74,0.70711,-0.70711,0.95598,0.29343,1.1,3.08,-1.44
2026-03-15T10:00:00Z,MTR,1.1,64.4,991.0,29.58,10,74,0.5,-0.86603,0.95598,0.29343,1.61,0.82,-0.95
2026-03-15T11:00:00Z,MTR,1.61,60.5,990.7,33.68,11,74,0.25882,-0.96593,0.95598,0.29343,1.86,-0.24,-1.05
2026-03-15T12:00:00Z,MTR,1.86,66.9,989.4,32.45,12,74,0.0,-1.0,0.95598,0.29343,2.02,2.48,-1.77
2026-03-15T13:00:00Z,MTR,2.02,59.2,993.7,30.9,13,74,-0.25882,-0.96593,0.95598,0.29343,3.2,1.46,-1.57
2026-03-15T14:00:00Z,MTR,3.2,65.4,993.6,34.75,14,74,-0.5,-0.86603,0.95598,0.29343,3.08,0.49,-1.42
2026-03-15T15:00:00Z,MTR,3.08,54.5,994.2,34.54,15,74,-0.70711,-0.70711,0.95598,0.29343,0.82,0.81,0.4
2026-03-15T16:00:00Z,MTR,0.82,58.6,995.5,29.72,16,74,-0.86603,-0.5,0.95598,0.29343,-0.24,1.35,-1.7
2026-03-15T17:00:00Z,MTR,-0.24,60.8,996.0,27.46,17,74,-0.96593,-0.25882,0.95598,0.29343,2.48,1.56,-2.41
2026-03-15T18:00:00Z,MTR,2.48,56.5,999.4,35.25,18,74,-1.0,-0.0,0.95598,0.29343,1.46,-0.05,-0.76
2026-03-15T19:00:00Z,MTR,1.46,48.3,998.6,29.89,19,74,-0.96593,0.25882,0.95598,0.29343,0.49,-3.75,-1.4
2026-03-15T20:00:00Z,MTR,0.49,51.8,999.3,32.93,20,74,-0.86603,0.5,0.95598,0.29343,0.81,-3.59,-1.16
2026-03-15T21:00:00Z,MTR,0.81,62.3,998.4,31.2,21,74,-0.70711,0.70711,0.95598,0.29343,1.35,-3.49,-1.06
2026-03-15T22:00:00Z,MTR,1.35,57.7,996.5,31.79,22,74,-0.5,0.86603,0.95598,0.29343,1.56,-3.59,-1.06
2026-03-15T23:00:00Z,MTR,1.56,54.9,996.1,33.4,23,74,-0.25882,0.96593,0.95598,0.29343,-0.05,-3.21,-1.54
2026-03-16T00:00:00Z,MTR,-0.05,63.1,996.7,28.26,0,75,0.0,1.0,0.96089,0.27695,-3.75,-2.84,-2.18
2026-03-16T01:00:00Z,MTR,-3.75,57.7,996.6,5.32,1,75,0.25882,0.96593,0.96089,0.27695,-3.59,-1.64,-1.94
2026-03-16T02:00:00Z,MTR,-3.59,45.7,996.1,9.07,2,75,0.5,0.86603,0.96089,0.27695,-3.49,-0.67,-2.11
2026-03-16T03:00:00Z,MTR,-3.49,51.9,994.3,12.44,3,75,0.70711,0.70711,0.96089,0.27695,-3.59,-1.44,-1.89
2026-03-16T04:00:00Z,MTR,-3.59,52.5,995.1,14.13,4,75,0.86603,0.5,0.96089,0.27695,-3.21,-0.95,-1.55
2026-03-16T05:00:00Z,MTR,-3.21,55.6,993.2,3.87,5,75,0.96593,0.25882,0.96089,0.27695,-2.84,-1.05,-0.79
2026-03-16T06:00:00Z,MTR,-2.84,50.2,995.5,5.17,6,75,1.0,0.0,0.96089,0.27695,-1.64,-1.77,0.31
2026-03-16T07:00:00Z,MTR,-1.64,50.3,996.4,3.63,7,75,0.96593,-0.25882,0.96089,0.27695,-0.67,-1.57,0.67
2026-03-16T08:00:00Z,MTR,-0.67,52.2,994.5,8.02,8,75,0.86603,-0.5,0.96089,0.27695,-1.44,-1.42,0.02
2026-03-16T09:00:00Z,MTR,-1.44,63.2,994.7,6.37,9,75,0.70711,-0.70711,0.96089,0.27695,-0.95,0.4,1.16
2026-03-16T10:00:00Z,MTR,-0.95,56.2,994.1,8.21,10,75,0.5,-0.86603,0.96089,0.27695,-1.05,-1.7,1.47
2026-03-16T11:00:00Z,MTR,-1.05,49.7,995.4,5.23,11,75,0.25882,-0.96593,0.96089,0.27695,-1.77,-2.41,2.04
2026-03-16T12:00:00Z,MTR,-1.77,47.1,998.4,6.42,12,75,0.0,-1.0,0.96089,0.27695,-1.57,-0.76,2.22
2026-03-16T13:00:00Z,MTR,-1.57,53.6,995.5,5.65,13,75,-0.25882,-0.96593,0.96089,0.27695,-1.42,-1.4,1.77
2026-03-16T14:00:00Z,MTR,-1.42,45.9,996.1,6.07,14,75,-0.5,-0.86603,0.96089,0.27695,0.4,-1.16,1.16
2026-03-16T15:00:00Z,MTR,0.4,51.5,996.2,4.6,15,75,-0.70711,-0.70711,0.96089,0.27695,-1.7,-1.06,1.96
2026-03-16T16:00:00Z,MTR,-1.7,50.5,997.7,7.98,16,75,-0.86603,-0.5,0.96089,0.27695,-2.41,-1.06,6.08
2026-03-16T17:00:00Z,MTR,-2.41,43.2,998.2,2.57,17,75,-0.96593,-0.25882,0.96089,0.27695,-0.76,-1.54,5.9
2026-03-16T18:00:00Z,MTR,-0.76,39.2,996.9,8.81,18,75,-1.0,-0.0,0.96089,0.27695,-1.4,-2.18,5.86
2026-03-16T19:00:00Z,MTR,-1.4,43.8,996.3,12.68,19,75,-0.96593,0.25882,0.96089,0.27695,-1.16,-1.94,7.04
2026-03-16T20:00:00Z,MTR,-1.16,52.6,994.8,11.83,20,75,-0.86603,0.5,0.96089,0.27695,-1.06,-2.11,7.57
2026-03-16T21:00:00Z,MTR,-1.06,54.9,996.6,6.43,21,75,-0.70711,0.70711,0.96089,0.27695,-1.06,-1.89,7.53
2026-03-16T22:00:00Z,MTR,-1.06,48.2,996.3,5.9,22,75,-0.5,0.86603,0.96089,0.27695,-1.54,-1.55,8.0
2026-03-16T23:00:00Z,MTR,-1.54,52.0,999.3,6.66,23,75,-0.25882,0.96593,0.96089,0.27695,-2.18,-0.79,8.0
2026-03-17T00:00:00Z,MTR,-2.18,46.5,998.5,6.28,0,76,0.0,1.0,0.96551,0.26038,-1.94,0.31,8.0
2026-03-17T01:00:00Z,MTR,-1.94,45.9,996.5,8.94,1,76,0.25882,0.96593,0.96551,0.26038,-2.11,0.67,8.0
2026-03-17T02:00:00Z,MTR,-2.11,47.3,993.1,5.74,2,76,0.5,0.86603,0.96551,0.26038,-1.89,0.02,7.66
2026-03-17T03:00:00Z,MTR,-1.89,55.2,989.2,13.22,3,76,0.70711,0.70711,0.96551,0.26038,-1.55,1.16,8.0
2026-03-17T04:00:00Z,MTR,-1.55,63.1,985.7,10.49,4,76,0.86603,0.5,0.96551,0.26038,-0.79,1.47,8.0
2026-03-17T05:00:00Z,MTR,-0.79,62.7,985.7,11.94,5,76,0.96593,0.25882,0.96551,0.26038,0.31,2.04,6.58
2026-03-17T06:00:00Z,MTR,0.31,59.6,986.0,5.94,6,76,1.0,0.0,0.96551,0.26038,0.67,2.22,6.57
2026-03-17T07:00:00Z,MTR,0.67,64.0,982.4,8.14,7,76,0.96593,-0.25882,0.96551,0.26038,0.02,1.77,6.35
2026-03-17T08:00:00Z,MTR,0.02,71.2,983.4,13.48,8,76,0.86603,-0.5,0.96551,0.26038,1.16,1.16,7.06
2026-03-17T09:00:00Z,MTR,1.16,76.9,981.7,14.14,9,76,0.70711,-0.70711,0.96551,0.26038,1.47,1.96,7.11
2026-03-17T10:00:00Z,MTR,1.47,63.4,981.2,10.95,10,76,0.5,-0.86603,0.96551,0.26038,2.04,6.08,7.65
2026-03-17T11:00:00Z,MTR,2.04,63.6,983.3,9.4,11,76,0.25882,-0.96593,0.96551,0.26038,2.22,5.9,7.72
2026-03-17T12:00:00Z,MTR,2.22,57.9,983.9,9.82,12,76,0.0,-1.0,0.96551,0.26038,1.77,5.86,7.9
2026-03-17T13:00:00Z,MTR,1.77,65.9,982.4,11.2,13,76,-0.25882,-0.96593,0.96551,0.26038,1.16,7.04,7.35
2026-03-17T14:00:00Z,MTR,1.16,67.4,979.7,12.27,14,76,-0.5,-0.86603,0.96551,0.26038,1.96,7.57,6.49
2026-03-17T15:00:00Z,MTR,1.96,74.9,974.9,12.29,15,76,-0.70711,-0.70711,0.96551,0.26038,6.08,7.53,7.14
2026-03-17T16:00:00Z,MTR,6.08,79.5,972.8,9.69,16,76,-0.86603,-0.5,0.96551,0.26038,5.9,8.0,8.0
2026-03-17T17:00:00Z,MTR,5.9,71.1,971.7,12.83,17,76,-0.96593,-0.25882,0.96551,0.26038,5.86,8.0,8.0
2026-03-17T18:00:00Z,MTR,5.86,79.2,969.3,15.12,18,76,-1.0,-0.0,0.96551,0.26038,7.04,8.0,6.98
2026-03-17T19:00:00Z,MTR,7.04,81.1,968.5,19.91,19,76,-0.96593,0.25882,0.96551,0.26038,7.57,8.0,7.67
2026-03-17T20:00:00Z,MTR,7.57,83.3,968.1,18.89,20,76,-0.86603,0.5,0.96551,0.26038,7.53,7.66,7.3
2026-03-17T21:00:00Z,MTR,7.53,90.1,967.2,17.68,21,76,-0.70711,0.70711,0.96551,0.26038,8.0,8.0,5.91
2026-03-17T22:00:00Z,MTR,8.0,81.3,965.6,17.21,22,76,-0.5,0.86603,0.96551,0.26038,8.0,8.0,6.07
2026-03-17T23:00:00Z,MTR,8.0,88.7,965.6,20.82,23,76,-0.25882,0.96593,0.96551,0.26038,8.0,6.58,5.36
2026-03-18T00:00:00Z,MTR,8.0,92.8,966.0,18.11,0,77,0.0,1.0,0.96984,0.24373,8.0,6.57,4.29
2026-03-18T01:00:00Z,MTR,8.0,82.4,963.8,17.9,1,77,0.25882,0.96593,0.96984,0.24373,7.66,6.35,3.86
2026-03-18T02:00:00Z,MTR,7.66,84.5,966.1,16.46,2,77,0.5,0.86603,0.96984,0.24373,8.0,7.06,-1.01
2026-03-18T03:00:00Z,MTR,8.0,86.3,965.7,20.98,3,77,0.70711,0.70711,0.96984,0.24373,8.0,7.11,-1.02
2026-03-18T04:00:00Z,MTR,8.0,78.7,965.6,19.22,4,77,0.86603,0.5,0.96984,0.24373,6.58,7.65,-0.4
2026-03-18T05:00:00Z,MTR,6.58,85.4,966.8,14.28,5,77,0.96593,0.25882,0.96984,0.24373,6.57,7.72,-2.14
2026-03-18T06:00:00Z,MTR,6.57,87.8,967.1,14.29,6,77,1.0,0.0,0.96984,0.24373,6.35,7.9,-1.05
2026-03-18T07:00:00Z,MTR,6.35,77.8,968.7,16.25,7,77,0.96593,-0.25882,0.96984,0.24373,7.06,7.35,-1.91
2026-03-18T08:00:00Z,MTR,7.06,79.4,969.2,16.68,8,77,0.86603,-0.5,0.96984,0.24373,7.11,6.49,-2.08
2026-03-18T09:00:00Z,MTR,7.11,73.2,968.0,16.42,9,77,0.70711,-0.70711,0.96984,0.24373,7.65,7.14,-1.8
2026-03-18T10:00:00Z,MTR,7.65,86.3,968.8,16.22,10,77,0.5,-0.86603,0.96984,0.24373,7.72,8.0,-1.06
2026-03-18T11:00:00Z,MTR,7.72,86.9,966.9,14.94,11,77,0.25882,-0.96593,0.96984,0.24373,7.9,8.0,-0.17
2026-03-18T12:00:00Z,MTR,7.9,77.1,967.4,14.29,12,77,0.0,-1.0,0.96984,0.24373,7.35,6.98,-0.76
2026-03-18T13:00:00Z,MTR,7.35,77.8,967.7,15.58,13,77,-0.25882,-0.96593,0.96984,0.24373,6.49,7.67,-0.46
2026-03-18T14:00:00Z,MTR,6.49,79.9,967.7,15.11,14,77,-0.5,-0.86603,0.96984,0.24373,7.14,7.3,-1.37
2026-03-18T15:00:00Z,MTR,7.14,87.5,967.9,13.19,15,77,-0.70711,-0.70711,0.96984,0.24373,8.0,5.91,-2.52
2026-03-18T16:00:00Z,MTR,8.0,84.4,965.1,16.08,16,77,-0.86603,-0.5,0.96984,0.24373,8.0,6.07,-1.65
2026-03-18T17:00:00Z,MTR,8.0,86.2,964.8,17.6,17,77,-0.96593,-0.25882,0.96984,0.24373,6.98,5.36,-0.92
2026-03-18T18:00:00Z,MTR,6.98,85.5,965.8,18.61,18,77,-1.0,-0.0,0.96984,0.24373,7.67,4.29,-1.42
2026-03-18T19:00:00Z,MTR,7.67,91.5,967.0,22.07,19,77,-0.96593,0.25882,0.96984,0.24373,7.3,3.86,-2.56
2026-03-18T20:00:00Z,MTR,7.3,82.1,965.9,16.38,20,77,-0.86603,0.5,0.96984,0.24373,5.91,-1.01,-3.41
2026-03-18T21:00:00Z,MTR,5.91,79.8,969.2,15.61,21,77,-0.70711,0.70711,0.96984,0.24373,6.07,-1.02,-2.54
2026-03-18T22:00:00Z,MTR,6.07,87.1,968.4,15.63,22,77,-0.5,0.86603,0.96984,0.24373,5.36,-0.4,-2.24
2026-03-18T23:00:00Z,MTR,5.36,84.7,971.1,16.68,23,77,-0.25882,0.96593,0.96984,0.24373,4.29,-2.14,-3.07
2026-03-19T00:00:00Z,MTR,4.29,71.3,972.7,14.03,0,78,0.0,1.0,0.97389,0.22701,3.86,-1.05,-3.17
2026-03-19T01:00:00Z,MTR,3.86,66.8,972.3,12.86,1,78,0.25882,0.96593,0.97389,0.22701,-1.01,-1.91,-3.74
2026-03-19T02:00:00Z,MTR,-1.01,71.7,976.3,10.39,2,78,0.5,0.86603,0.97389,0.22701,-1.02,-2.08,-4.86
2026-03-19T03:00:00Z,MTR,-1.02,77.3,974.9,12.98,3,78,0.70711,0.70711,0.97389,0.22701,-0.4,-1.8,-5.3
2026-03-19T04:00:00Z,MTR,-0.4,72.8,977.3,11.6,4,78,0.86603,0.5,0.97389,0.22701,-2.14,-1.06,-4.58
2026-03-19T05:00:00Z,MTR,-2.14,66.1,979.7,13.01,5,78,0.96593,0.25882,0.97389,0.22701,-1.05,-0.17,-5.61
2026-03-19T06:00:00Z,MTR,-1.05,78.1,979.0,9.37,6,78,1.0,0.0,0.97389,0.22701,-1.91,-0.76,-5.32
2026-03-19T07:00:00Z,MTR,-1.91,61.1,982.1,11.82,7,78,0.96593,-0.25882,0.97389,0.22701,-2.08,-0.46,-5.62
2026-03-19T08:00:00Z,MTR,-2.08,59.5,982.1,11.55,8,78,0.86603,-0.5,0.97389,0.22701,-1.8,-1.37,-4.21
2026-03-19T09:00:00Z,MTR,-1.8,71.5,983.1,12.53,9,78,0.70711,-0.70711,0.97389,0.22701,-1.06,-2.52,-3.97
2026-03-19T10:00:00Z,MTR,-1.06,61.5,983.9,8.43,10,78,0.5,-0.86603,0.97389,0.22701,-0.17,-1.65,-2.9
2026-03-19T11:00:00Z,MTR,-0.17,72.7,984.0,10.64,11,78,0.25882,-0.96593,0.97389,0.22701,-0.76,-0.92,-3.29
2026-03-19T12:00:00Z,MTR,-0.76,60.8,985.8,9.48,12,78,0.0,-1.0,0.97389,0.22701,-0.46,-1.42,-3.05
2026-03-19T13:00:00Z,MTR,-0.46,58.3,987.4,8.94,13,78,-0.25882,-0.96593,0.97389,0.22701,-1.37,-2.56,-3.58
2026-03-19T14:00:00Z,MTR,-1.37,66.0,984.4,9.67,14,78,-0.5,-0.86603,0.97389,0.22701,-2.52,-3.41,-4.7
2026-03-19T15:00:00Z,MTR,-2.52,65.5,987.0,10.52,15,78,-0.70711,-0.70711,0.97389,0.22701,-1.65,-2.54,-5.46
2026-03-19T16:00:00Z,MTR,-1.65,75.1,984.1,11.27,16,78,-0.86603,-0.5,0.97389,0.22701,-0.92,-2.24,-5.93
2026-03-19T17:00:00Z,MTR,-0.92,65.9,986.2,9.11,17,78,-0.96593,-0.25882,0.97389,0.22701,-1.42,-3.07,-7.08
2026-03-19T18:00:00Z,MTR,-1.42,65.4,988.3,10.98,18,78,-1.0,-0.0,0.97389,0.22701,-2.56,-3.17,-6.38
2026-03-19T19:00:00Z,MTR,-2.56,59.2,986.3,11.3,19,78,-0.96593,0.25882,0.97389,0.22701,-3.41,-3.74,-6.82
2026-03-19T20:00:00Z,MTR,-3.41,67.9,985.6,12.4,20,78,-0.86603,0.5,0.97389,0.22701,-2.54,-4.86,-5.81
2026-03-19T21:00:00Z,MTR,-2.54,68.3,983.7,12.85,21,78,-0.70711,0.70711,0.97389,0.22701,-2.24,-5.3,-6.21
2026-03-19T22:00:00Z,MTR,-2.24,62.1,983.5,11.58,22,78,-0.5,0.86603,0.97389,0.22701,-3.07,-4.58,-6.29
2026-03-19T23:00:00Z,MTR,-3.07,57.6,983.1,8.47,23,78,-0.25882,0.96593,0.97389,0.22701,-3.17,-5.61,-6.71
2026-03-20T00:00:00Z,MTR,-3.17,58.6,984.6,9.02,0,79,0.0,1.0,0.97765,0.21022,-3.74,-5.32,-6.75
2026-03-20T01:00:00Z,MTR,-3.74,58.0,987.0,8.67,1,79,0.25882,0.96593,0.97765,0.21022,-4.86,-5.62,-7.15
2026-03-20T02:00:00Z,MTR,-4.86,57.5,989.5,9.78,2,79,0.5,0.86603,0.97765,0.21022,-5.3,-4.21,-7.59
2026-03-20T03:00:00Z,MTR,-5.3,65.2,988.3,15.95,3,79,0.70711,0.70711,0.97765,0.21022,-4.58,-3.97,-6.22
2026-03-20T04:00:00Z,MTR,-4.58,65.7,987.8,12.46,4,79,0.86603,0.5,0.97765,0.21022,-5.61,-2.9,-5.15
2026-03-20T05:00:00Z,MTR,-5.61,73.7,984.7,15.51,5,79,0.96593,0.25882,0.97765,0.21022,-5.32,-3.29,-3.57
2026-03-20T06:00:00Z,MTR,-5.32,66.4,983.3,8.7,6,79,1.0,0.0,0.97765,0.21022,-5.62,-3.05,-3.31
2026-03-20T07:00:00Z,MTR,-5.62,55.4,985.2,9.48,7,79,0.96593,-0.25882,0.97765,0.21022,-4.21,-3.58,-4.33
2026-03-20T08:00:00Z,MTR,-4.21,55.6,988.2,10.9,8,79,0.86603,-0.5,0.97765,0.21022,-3.97,-4.7,-3.96
2026-03-20T09:00:00Z,MTR,-3.97,59.8,985.9,6.04,9,79,0.70711,-0.70711,0.97765,0.21022,-2.9,-5.46,-4.17
2026-03-20T10:00:00Z,MTR,-2.9,68.1,984.9,9.06,10,79,0.5,-0.86603,0.97765,0.21022,-3.29,-5.93,-4.23
2026-03-20T11:00:00Z,MTR,-3.29,66.3,985.1,10.72,11,79,0.25882,-0.96593,0.97765,0.21022,-3.05,-7.08,-4.04
2026-03-20T12:00:00Z,MTR,-3.05,58.2,985.8,9.1,12,79,0.0,-1.0,0.97765,0.21022,-3.58,-6.38,-2.64
2026-03-20T13:00:00Z,MTR,-3.58,57.5,984.5,8.53,13,79,-0.25882,-0.96593,0.97765,0.21022,-4.7,-6.82,-2.65
2026-03-20T14:00:00Z,MTR,-4.7,58.8,985.6,8.29,14,79,-0.5,-0.86603,0.97765,0.21022,-5.46,-5.81,-1.27
2026-03-20T15:00:00Z,MTR,-5.46,56.9,985.0,10.13,15,79,-0.70711,-0.70711,0.97765,0.21022,-5.93,-6.21,-2.12
2026-03-20T16:00:00Z,MTR,-5.93,60.9,985.3,6.24,16,79,-0.86603,-0.5,0.97765,0.21022,-7.08,-6.29,-1.38
2026-03-20T17:00:00Z,MTR,-7.08,63.2,986.7,9.17,17,79,-0.96593,-0.25882,0.97765,0.21022,-6.38,-6.71,-1.72
2026-03-20T18:00:00Z,MTR,-6.38,63.5,987.1,13.74,18,79,-1.0,-0.0,0.97765,0.21022,-6.82,-6.75,-3.48
2026-03-20T19:00:00Z,MTR,-6.82,59.3,986.8,11.57,19,79,-0.96593,0.25882,0.97765,0.21022,-5.81,-7.15,-3.33
2026-03-20T20:00:00Z,MTR,-5.81,60.7,987.0,8.73,20,79,-0.86603,0.5,0.97765,0.21022,-6.21,-7.59,-2.8
2026-03-20T21:00:00Z,MTR,-6.21,54.1,987.4,10.15,21,79,-0.70711,0.70711,0.97765,0.21022,-6.29,-6.22,-4.04
2026-03-20T22:00:00Z,MTR,-6.29,57.3,987.3,10.23,22,79,-0.5,0.86603,0.97765,0.21022,-6.71,-5.15,-4.21
2026-03-20T23:00:00Z,MTR,-6.71,61.3,987.5,7.43,23,79,-0.25882,0.96593,0.97765,0.21022,-6.75,-3.57,-4.54
2026-03-21T00:00:00Z,MTR,-6.75,67.5,991.0,7.56,0,80,0.0,1.0,0.98112,0.19338,-7.15,-3.31,-3.99
2026-03-21T01:00:00Z,MTR,-7.15,61.7,992.5,8.24,1,80,0.25882,0.96593,0.98112,0.19338,-7.59,-4.33,-4.3
2026-03-21T02:00:00Z,MTR,-7.59,49.3,992.5,11.15,2,80,0.5,0.86603,0.98112,0.19338,-6.22,-3.96,-4.54
2026-03-21T03:00:00Z,MTR,-6.22,57.5,994.3,8.54,3,80,0.70711,0.70711,0.98112,0.19338,-5.15,-4.17,-5.13
2026-03-21T04:00:00Z,MTR,-5.15,54.6,994.2,9.68,4,80,0.86603,0.5,0.98112,0.19338,-3.57,-4.23,-5.75
2026-03-21T05:00:00Z,MTR,-3.57,51.5,996.9,7.82,5,80,0.96593,0.25882,0.98112,0.19338,-3.31,-4.04,-6.36
2026-03-21T06:00:00Z,MTR,-3.31,61.1,998.0,4.22,6,80,1.0,0.0,0.98112,0.19338,-4.33,-2.64,-6.78
2026-03-21T07:00:00Z,MTR,-4.33,46.3,998.2,6.51,7,80,0.96593,-0.25882,0.98112,0.19338,-3.96,-2.65,-7.14
2026-03-21T08:00:00Z,MTR,-3.96,49.5,999.4,4.23,8,80,0.86603,-0.5,0.98112,0.19338,-4.17,-1.27,-5.44
2026-03-21T09:00:00Z,MTR,-4.17,54.0,997.0,7.17,9,80,0.70711,-0.70711,0.98112,0.19338,-4.23,-2.12,-3.97
2026-03-21T10:00:00Z,MTR,-4.23,47.9,995.4,5.93,10,80,0.5,-0.86603,0.98112,0.19338,-4.04,-1.38,-2.84
2026-03-21T11:00:00Z,MTR,-4.04,41.9,993.9,4.25,11,80,0.25882,-0.96593,0.98112,0.19338,-2.64,-1.72,-2.67
2026-03-21T12:00:00Z,MTR,-2.64,45.0,994.8,4.85,12,80,0.0,-1.0,0.98112,0.19338,-2.65,-3.48,-2.98
2026-03-21T13:00:00Z,MTR,-2.65,50.7,998.5,9.84,13,80,-0.25882,-0.96593,0.98112,0.19338,-1.27,-3.33,-2.67
2026-03-21T14:00:00Z,MTR,-1.27,47.6,1002.9,3.33,14,80,-0.5,-0.86603,0.98112,0.19338,-2.12,-2.8,-1.75
2026-03-21T15:00:00Z,MTR,-2.12,43.6,1004.2,0.2,15,80,-0.70711,-0.70711,0.98112,0.19338,-1.38,-4.04,-1.92
2026-03-21T16:00:00Z,MTR,-1.38,42.6,1005.2,0.5,16,80,-0.86603,-0.5,0.98112,0.19338,-1.72,-4.21,-2.61
2026-03-21T17:00:00Z,MTR,-1.72,45.5,1001.9,2.45,17,80,-0.96593,-0.25882,0.98112,0.19338,-3.48,-4.54,-2.58
2026-03-21T18:00:00Z,MTR,-3.48,41.7,1001.0,5.89,18,80,-1.0,-0.0,0.98112,0.19338,-3.33,-3.99,-0.2
2026-03-21T19:00:00Z,MTR,-3.33,47.0,999.6,5.81,19,80,-0.96593,0.25882,0.98112,0.19338,-2.8,-4.3,-0.99
2026-03-21T20:00:00Z,MTR,-2.8,52.8,998.6,10.93,20,80,-0.86603,0.5,0.98112,0.19338,-4.04,-4.54,-1.48
2026-03-21T21:00:00Z,MTR,-4.04,51.7,998.3,8.86,21,80,-0.70711,0.70711,0.98112,0.19338,-4.21,-5.13,-1.1
2026-03-21T22:00:00Z,MTR,-4.21,57.7,997.5,6.69,22,80,-0.5,0.86603,0.98112,0.19338,-4.54,-5.75,-0.47
2026-03-21T23:00:00Z,MTR,-4.54,50.1,993.9,6.27,23,80,-0.25882,0.96593,0.98112,0.19338,-3.99,-6.36,-0.84
2026-03-22T00:00:00Z,MTR,-3.99,48.6,995.3,5.75,0,81,0.0,1.0,0.98431,0.17647,-4.3,-6.78,-1.59
2026-03-22T01:00:00Z,MTR,-4.3,51.6,993.2,11.22,1,81,0.25882,0.96593,0.98431,0.17647,-4.54,-7.14,-1.98
2026-03-22T02:00:00Z,MTR,-4.54,39.8,993.6,6.66,2,81,0.5,0.86603,0.98431,0.17647,-5.13,-5.44,-3.02
2026-03-22T03:00:00Z,MTR,-5.13,52.4,997.1,4.79,3,81,0.70711,0.70711,0.98431,0.17647,-5.75,-3.97,-3.96
2026-03-22T04:00:00Z,MTR,-5.75,53.2,995.0,10.55,4,81,0.86603,0.5,0.98431,0.17647,-6.36,-2.84,-3.48
2026-03-22T05:00:00Z,MTR,-6.36,57.8,989.9,13.26,5,81,0.96593,0.25882,0.98431,0.17647,-6.78,-2.67,1.27
2026-03-22T06:00:00Z,MTR,-6.78,55.2,989.1,11.05,6,81,1.0,0.0,0.98431,0.17647,-7.14,-2.98,-3.4
2026-03-22T07:00:00Z,MTR,-7.14,59.2,990.7,6.91,7,81,0.96593,-0.25882,0.98431,0.17647,-5.44,-2.67,1.67
2026-03-22T08:00:00Z,MTR,-5.44,53.3,993.6,5.95,8,81,0.86603,-0.5,0.98431,0.17647,-3.97,-1.75,2.84
2026-03-22T09:00:00Z,MTR,-3.97,65.7,990.6,11.67,9,81,0.70711,-0.70711,0.98431,0.17647,-2.84,-1.92,4.14
2026-03-22T10:00:00Z,MTR,-2.84,57.1,990.7,8.8,10,81,0.5,-0.86603,0.98431,0.17647,-2.67,-2.61,2.95
2026-03-22T11:00:00Z,MTR,-2.67,60.6,988.9,8.02,11,81,0.25882,-0.96593,0.98431,0.17647,-2.98,-2.58,4.85
2026-03-22T12:00:00Z,MTR,-2.98,67.9,987.8,9.56,12,81,0.0,-1.0,0.98431,0.17647,-2.67,-0.2,3.25
2026-03-22T13:00:00Z,MTR,-2.67,53.6,991.7,6.41,13,81,-0.25882,-0.96593,0.98431,0.17647,-1.75,-0.99,-2.26
2026-03-22T14:00:00Z,MTR,-1.75,57.9,987.7,9.19,14,81,-0.5,-0.86603,0.98431,0.17647,-1.92,-1.48,-2.96
2026-03-22T15:00:00Z,MTR,-1.92,67.9,987.1,9.38,15,81,-0.70711,-0.70711,0.98431,0.17647,-2.61,-1.1,1.03
2026-03-22T16:00:00Z,MTR,-2.61,53.6,986.8,10.58,16,81,-0.86603,-0.5,0.98431,0.17647,-2.58,-0.47,-4.12
2026-03-22T17:00:00Z,MTR,-2.58,58.2,987.5,6.7,17,81,-0.96593,-0.25882,0.98431,0.17647,-0.2,-0.84,-3.5
2026-03-22T18:00:00Z,MTR,-0.2,61.2,986.3,13.27,18,81,-1.0,-0.0,0.98431,0.17647,-0.99,-1.59,-3.25
2026-03-22T19:00:00Z,MTR,-0.99,58.3,985.6,10.36,19,81,-0.96593,0.25882,0.98431,0.17647,-1.48,-1.98,-3.18
2026-03-22T20:00:00Z,MTR,-1.48,69.2,983.5,16.78,20,81,-0.86603,0.5,0.98431,0.17647,-1.1,-3.02,-3.09
2026-03-22T21:00:00Z,MTR,-1.1,63.0,982.7,11.9,21,81,-0.70711,0.70711,0.98431,0.17647,-0.47,-3.96,-2.92
2026-03-22T22:00:00Z,MTR,-0.47,67.5,980.8,9.34,22,81,-0.5,0.86603,0.98431,0.17647,-0.84,-3.48,-3.06
2026-03-22T23:00:00Z,MTR,-0.84,64.9,980.7,17.4,23,81,-0.25882,0.96593,0.98431,0.17647,-1.59,1.27,-3.2
2026-03-23T00:00:00Z,MTR,-1.59,70.8,978.8,10.53,0,82,0.0,1.0,0.9872,0.15951,-1.98,-3.4,-3.24
2026-03-23T01:00:00Z,MTR,-1.98,80.9,978.3,12.83,1,82,0.25882,0.96593,0.9872,0.15951,-3.02,1.67,-3.83
2026-03-23T02:00:00Z,MTR,-3.02,70.8,977.1,10.49,2,82,0.5,0.86603,0.9872,0.15951,-3.96,2.84,-1.92
2026-03-23T03:00:00Z,MTR,-3.96,71.2,978.1,14.18,3,82,0.70711,0.70711,0.9872,0.15951,-3.48,4.14,0.55
2026-03-23T04:00:00Z,MTR,-3.48,67.8,976.8,18.59,4,82,0.86603,0.5,0.9872,0.15951,1.27,2.95,-1.18
2026-03-23T05:00:00Z,MTR,1.27,82.1,972.6,18.42,5,82,0.96593,0.25882,0.9872,0.15951,-3.4,4.85,-1.18
2026-03-23T06:00:00Z,MTR,-3.4,73.4,974.1,9.73,6,82,1.0,0.0,0.9872,0.15951,1.67,3.25,-2.02
2026-03-23T07:00:00Z,MTR,1.67,79.1,971.6,12.43,7,82,0.96593,-0.25882,0.9872,0.15951,2.84,-2.26,-1.7
2026-03-23T08:00:00Z,MTR,2.84,84.9,969.8,16.41,8,82,0.86603,-0.5,0.9872,0.15951,4.14,-2.96,-2.23
2026-03-23T09:00:00Z,MTR,4.14,80.8,968.2,16.38,9,82,0.70711,-0.70711,0.9872,0.15951,2.95,1.03,-2.15
2026-03-23T10:00:00Z,MTR,2.95,83.9,970.3,13.44,10,82,0.5,-0.86603,0.9872,0.15951,4.85,-4.12,-1.46
2026-03-23T11:00:00Z,MTR,4.85,89.4,966.0,16.63,11,82,0.25882,-0.96593,0.9872,0.15951,3.25,-3.5,-0.69
2026-03-23T12:00:00Z,MTR,3.25,78.7,971.5,11.6,12,82,0.0,-1.0,0.9872,0.15951,-2.26,-3.25,0.26
2026-03-23T13:00:00Z,MTR,-2.26,76.2,973.0,10.87,13,82,-0.25882,-0.96593,0.9872,0.15951,-2.96,-3.18,0.3
2026-03-23T14:00:00Z,MTR,-2.96,74.6,973.1,8.48,14,82,-0.5,-0.86603,0.9872,0.15951,1.03,-3.09,-0.76
2026-03-23T15:00:00Z,MTR,1.03,79.7,972.7,15.44,15,82,-0.70711,-0.70711,0.9872,0.15951,-4.12,-2.92,-0.08
2026-03-23T16:00:00Z,MTR,-4.12,78.5,973.1,13.27,16,82,-0.86603,-0.5,0.9872,0.15951,-3.5,-3.06,0.1
2026-03-23T17:00:00Z,MTR,-3.5,67.9,973.9,13.21,17,82,-0.96593,-0.25882,0.9872,0.15951,-3.25,-3.2,-0.81
2026-03-23T18:00:00Z,MTR,-3.25,69.7,975.0,10.19,18,82,-1.0,-0.0,0.9872,0.15951,-3.18,-3.24,-1.78
2026-03-23T19:00:00Z,MTR,-3.18,78.5,976.0,15.79,19,82,-0.96593,0.25882,0.9872,0.15951,-3.09,-3.83,-1.77
2026-03-23T20:00:00Z,MTR,-3.09,75.1,976.2,16.58,20,82,-0.86603,0.5,0.9872,0.15951,-2.92,-1.92,-0.92
2026-03-23T21:00:00Z,MTR,-2.92,71.3,975.9,10.83,21,82,-0.70711,0.70711,0.9872,0.15951,-3.06,0.55,-1.43
2026-03-23T22:00:00Z,MTR,-3.06,82.3,975.8,14.39,22,82,-0.5,0.86603,0.9872,0.15951,-3.2,-1.18,-1.47
2026-03-23T23:00:00Z,MTR,-3.2,77.3,975.8,13.35,23,82,-0.25882,0.96593,0.9872,0.15951,-3.24,-1.18,-1.18
2026-03-24T00:00:00Z,MTR,-3.24,75.5,978.2,10.84,0,83,0.0,1.0,0.98979,0.14251,-3.83,-2.02,-2.7
2026-03-24T01:00:00Z,MTR,-3.83,68.7,979.6,14.82,1,83,0.25882,0.96593,0.98979,0.14251,-1.92,-1.7,-3.26
2026-03-24T02:00:00Z,MTR,-1.92,77.3,974.6,16.84,2,83,0.5,0.86603,0.98979,0.14251,0.55,-2.23,-2.1
2026-03-24T03:00:00Z,MTR,0.55,74.5,976.5,21.44,3,83,0.70711,0.70711,0.98979,0.14251,-1.18,-2.15,-3.68
2026-03-24T04:00:00Z,MTR,-1.18,66.1,977.5,12.61,4,83,0.86603,0.5,0.98979,0.14251,-1.18,-1.46,-2.82
2026-03-24T05:00:00Z,MTR,-1.18,72.7,978.1,16.03,5,83,0.96593,0.25882,0.98979,0.14251,-2.02,-0.69,-2.02
2026-03-24T06:00:00Z,MTR,-2.02,71.0,978.1,14.8,6,83,1.0,0.0,0.98979,0.14251,-1.7,0.26,-1.62
2026-03-24T07:00:00Z,MTR,-1.7,66.6,980.9,9.49,7,83,0.96593,-0.25882,0.98979,0.14251,-2.23,0.3,-1.3
2026-03-24T08:00:00Z,MTR,-2.23,70.7,983.2,13.47,8,83,0.86603,-0.5,0.98979,0.14251,-2.15,-0.76,-2.35
2026-03-24T09:00:00Z,MTR,-2.15,65.3,982.4,11.08,9,83,0.70711,-0.70711,0.98979,0.14251,-1.46,-0.08,-1.8
2026-03-24T10:00:00Z,MTR,-1.46,63.4,983.8,6.39,10,83,0.5,-0.86603,0.98979,0.14251,-0.69,0.1,-2.04
2026-03-24T11:00:00Z,MTR,-0.69,65.2,982.7,7.69,11,83,0.25882,-0.96593,0.98979,0.14251,0.26,-0.81,-1.11
2026-03-24T12:00:00Z,MTR,0.26,69.5,980.9,9.69,12,83,0.0,-1.0,0.98979,0.14251,0.3,-1.78,-1.0
2026-03-24T13:00:00Z,MTR,0.3,69.1,980.6,10.78,13,83,-0.25882,-0.96593,0.98979,0.14251,-0.76,-1.77,-2.4
2026-03-24T14:00:00Z,MTR,-0.76,69.2,983.0,12.63,14,83,-0.5,-0.86603,0.98979,0.14251,-0.08,-0.92,-3.24
2026-03-24T15:00:00Z,MTR,-0.08,55.8,985.5,9.16,15,83,-0.70711,-0.70711,0.98979,0.14251,0.1,-1.43,-4.7
2026-03-24T16:00:00Z,MTR,0.1,62.1,987.0,11.22,16,83,-0.86603,-0.5,0.98979,0.14251,-0.81,-1.47,-5.99
2026-03-24T17:00:00Z,MTR,-0.81,58.1,988.9,8.42,17,83,-0.96593,-0.25882,0.98979,0.14251,-1.78,-1.18,-5.59
2026-03-24T18:00:00Z,MTR,-1.78,51.5,990.3,11.27,18,83,-1.0,-0.0,0.98979,0.14251,-1.77,-2.7,-5.7
2026-03-24T19:00:00Z,MTR,-1.77,51.6,989.5,10.81,19,83,-0.96593,0.25882,0.98979,0.14251,-0.92,-3.26,-5.78
2026-03-24T20:00:00Z,MTR,-0.92,55.0,990.6,12.62,20,83,-0.86603,0.5,0.98979,0.14251,-1.43,-2.1,-6.07
2026-03-24T21:00:00Z,MTR,-1.43,52.3,992.4,9.77,21,83,-0.70711,0.70711,0.98979,0.14251,-1.47,-3.68,-6.25
2026-03-24T22:00:00Z,MTR,-1.47,51.9,994.0,6.8,22,83,-0.5,0.86603,0.98979,0.14251,-1.18,-2.82,-6.02
2026-03-24T23:00:00Z,MTR,-1.18,51.6,996.2,7.34,23,83,-0.25882,0.96593,0.98979,0.14251,-2.7,-2.02,-4.32
2026-03-25T00:00:00Z,MTR,-2.7,51.4,997.4,4.44,0,84,0.0,1.0,0.9921,0.12546,-3.26,-1.62,-4.6
2026-03-25T01:00:00Z,MTR,-3.26,42.4,997.9,5.07,1,84,0.25882,0.96593,0.9921,0.12546,-2.1,-1.3,-3.76
2026-03-25T02:00:00Z,MTR,-2.1,43.4,999.7,8.72,2,84,0.5,0.86603,0.9921,0.12546,-3.68,-2.35,-5.24
2026-03-25T03:00:00Z,MTR,-3.68,43.4,999.4,6.87,3,84,0.70711,0.70711,0.9921,0.12546,-2.82,-1.8,-5.48
2026-03-25T04:00:00Z,MTR,-2.82,50.7,997.5,12.65,4,84,0.86603,0.5,0.9921,0.12546,-2.02,-2.04,-6.37
2026-03-25T05:00:00Z,MTR,-2.02,51.3,996.9,10.38,5,84,0.96593,0.25882,0.9921,0.12546,-1.62,-1.11,-6.08
2026-03-25T06:00:00Z,MTR,-1.62,56.0,995.3,4.52,6,84,1.0,0.0,0.9921,0.12546,-1.3,-1.0,-5.23
2026-03-25T07:00:00Z,MTR,-1.3,47.9,993.9,4.85,7,84,0.96593,-0.25882,0.9921,0.12546,-2.35,-2.4,-4.16
2026-03-25T08:00:00Z,MTR,-2.35,56.6,993.5,4.17,8,84,0.86603,-0.5,0.9921,0.12546,-1.8,-3.24,-3.93
2026-03-25T09:00:00Z,MTR,-1.8,48.2,992.0,8.39,9,84,0.70711,-0.70711,0.9921,0.12546,-2.04,-4.7,-2.76
2026-03-25T10:00:00Z,MTR,-2.04,55.5,991.3,5.68,10,84,0.5,-0.86603,0.9921,0.12546,-1.11,-5.99,-2.39
2026-03-25T11:00:00Z,MTR,-1.11,61.1,987.8,4.02,11,84,0.25882,-0.96593,0.9921,0.12546,-1.0,-5.59,-1.94
2026-03-25T12:00:00Z,MTR,-1.0,61.4,988.3,5.1,12,84,0.0,-1.0,0.9921,0.12546,-2.4,-5.7,-2.41
2026-03-25T13:00:00Z,MTR,-2.4,67.0,988.4,6.17,13,84,-0.25882,-0.96593,0.9921,0.12546,-3.24,-5.78,-2.98
2026-03-25T14:00:00Z,MTR,-3.24,72.8,986.9,9.53,14,84,-0.5,-0.86603,0.9921,0.12546,-4.7,-6.07,-3.45
2026-03-25T15:00:00Z,MTR,-4.7,61.3,988.2,8.26,15,84,-0.70711,-0.70711,0.9921,0.12546,-5.99,-6.25,-2.79
2026-03-25T16:00:00Z,MTR,-5.99,51.4,989.9,9.74,16,84,-0.86603,-0.5,0.9921,0.12546,-5.59,-6.02,-3.56
2026-03-25T17:00:00Z,MTR,-5.59,80.1,987.0,10.39,17,84,-0.96593,-0.25882,0.9921,0.12546,-5.7,-4.32,-5.09
2026-03-25T18:00:00Z,MTR,-5.7,68.6,985.8,12.1,18,84,-1.0,-0.0,0.9921,0.12546,-5.78,-4.6,-5.22
2026-03-25T19:00:00Z,MTR,-5.78,70.5,984.6,16.52,19,84,-0.96593,0.25882,0.9921,0.12546,-6.07,-3.76,-5.62
2026-03-25T20:00:00Z,MTR,-6.07,63.5,983.1,12.47,20,84,-0.86603,0.5,0.9921,0.12546,-6.25,-5.24,-4.78
2026-03-25T21:00:00Z,MTR,-6.25,63.1,985.0,12.43,21,84,-0.70711,0.70711,0.9921,0.12546,-6.02,-5.48,-4.65
2026-03-25T22:00:00Z,MTR,-6.02,58.9,984.9,9.96,22,84,-0.5,0.86603,0.9921,0.12546,-4.32,-6.37,-4.3
2026-03-25T23:00:00Z,MTR,-4.32,66.6,984.8,10.04,23,84,-0.25882,0.96593,0.9921,0.12546,-4.6,-6.08,-3.5
2026-03-26T00:00:00Z,MTR,-4.6,64.7,981.5,11.62,0,85,0.0,1.0,0.99411,0.10838,-3.76,-5.23,-3.6
2026-03-26T01:00:00Z,MTR,-3.76,69.1,983.2,12.32,1,85,0.25882,0.96593,0.99411,0.10838,-5.24,-4.16,-4.4
2026-03-26T02:00:00Z,MTR,-5.24,63.7,981.4,12.67,2,85,0.5,0.86603,0.99411,0.10838,-5.48,-3.93,-4.14
2026-03-26T03:00:00Z,MTR,-5.48,71.3,982.2,12.4,3,85,0.70711,0.70711,0.99411,0.10838,-6.37,-2.76,-3.27
2026-03-26T04:00:00Z,MTR,-6.37,67.1,983.3,13.36,4,85,0.86603,0.5,0.99411,0.10838,-6.08,-2.39,-3.37
2026-03-26T05:00:00Z,MTR,-6.08,68.3,986.3,10.97,5,85,0.96593,0.25882,0.99411,0.10838,-5.23,-1.94,-3.4
2026-03-26T06:00:00Z,MTR,-5.23,73.9,984.4,9.25,6,85,1.0,0.0,0.99411,0.10838,-4.16,-2.41,-3.72
2026-03-26T07:00:00Z,MTR,-4.16,70.4,979.6,11.96,7,85,0.96593,-0.25882,0.99411,0.10838,-3.93,-2.98,-3.26
2026-03-26T08:00:00Z,MTR,-3.93,74.9,980.8,12.87,8,85,0.86603,-0.5,0.99411,0.10838,-2.76,-3.45,-2.65
2026-03-26T09:00:00Z,MTR,-2.76,69.2,984.9,7.7,9,85,0.70711,-0.70711,0.99411,0.10838,-2.39,-2.79,-1.61
2026-03-26T10:00:00Z,MTR,-2.39,59.5,987.8,8.2,10,85,0.5,-0.86603,0.99411,0.10838,-1.94,-3.56,-0.25
2026-03-26T11:00:00Z,MTR,-1.94,59.4,988.8,6.23,11,85,0.25882,-0.96593,0.99411,0.10838,-2.41,-5.09,0.0
2026-03-26T12:00:00Z,MTR,-2.41,60.2,988.4,7.47,12,85,0.0,-1.0,0.99411,0.10838,-2.98,-5.22,0.9
2026-03-26T13:00:00Z,MTR,-2.98,55.3,990.5,9.68,13,85,-0.25882,-0.96593,0.99411,0.10838,-3.45,-5.62,0.76
2026-03-26T14:00:00Z,MTR,-3.45,55.8,989.2,7.02,14,85,-0.5,-0.86603,0.99411,0.10838,-2.79,-4.78,0.74
2026-03-26T15:00:00Z,MTR,-2.79,62.7,990.6,7.43,15,85,-0.70711,-0.70711,0.99411,0.10838,-3.56,-4.65,2.11
2026-03-26T16:00:00Z,MTR,-3.56,50.8,992.1,4.67,16,85,-0.86603,-0.5,0.99411,0.10838,-5.09,-4.3,1.32
2026-03-26T17:00:00Z,MTR,-5.09,52.4,994.4,8.62,17,85,-0.96593,-0.25882,0.99411,0.10838,-5.22,-3.5,-0.18
2026-03-26T18:00:00Z,MTR,-5.22,45.1,999.7,5.0,18,85,-1.0,-0.0,0.99411,0.10838,-5.62,-3.6,1.2
2026-03-26T19:00:00Z,MTR,-5.62,49.3,1000.5,8.28,19,85,-0.96593,0.25882,0.99411,0.10838,-4.78,-4.4,1.35
2026-03-26T20:00:00Z,MTR,-4.78,59.5,999.6,8.41,20,85,-0.86603,0.5,0.99411,0.10838,-4.65,-4.14,0.11
2026-03-26T21:00:00Z,MTR,-4.65,46.8,999.6,7.8,21,85,-0.70711,0.70711,0.99411,0.10838,-4.3,-3.27,-0.3
2026-03-26T22:00:00Z,MTR,-4.3,43.9,996.4,8.26,22,85,-0.5,0.86603,0.99411,0.10838,-3.5,-3.37,-0.22
2026-03-26T23:00:00Z,MTR,-3.5,52.6,995.3,7.67,23,85,-0.25882,0.96593,0.99411,0.10838,-3.6,-3.4,-1.05
2026-03-27T00:00:00Z,MTR,-3.6,46.4,994.7,3.23,0,86,0.0,1.0,0.99583,0.09126,-4.4,-3.72,-2.47
2026-03-27T01:00:00Z,MTR,-4.4,54.2,993.9,5.88,1,86,0.25882,0.96593,0.99583,0.09126,-4.14,-3.26,-2.01
2026-03-27T02:00:00Z,MTR,-4.14,48.0,994.3,3.68,2,86,0.5,0.86603,0.99583,0.09126,-3.27,-2.65,-3.58
2026-03-27T03:00:00Z,MTR,-3.27,55.5,992.8,8.44,3,86,0.70711,0.70711,0.99583,0.09126,-3.37,-1.61,-4.06
2026-03-27T04:00:00Z,MTR,-3.37,46.4,994.9,7.49,4,86,0.86603,0.5,0.99583,0.09126,-3.4,-0.25,-4.53
2026-03-27T05:00:00Z,MTR,-3.4,51.7,994.8,9.54,5,86,0.96593,0.25882,0.99583,0.09126,-3.72,0.0,-5.24
2026-03-27T06:00:00Z,MTR,-3.72,48.8,994.6,11.22,6,86,1.0,0.0,0.99583,0.09126,-3.26,0.9,-5.43
2026-03-27T07:00:00Z,MTR,-3.26,60.0,993.7,8.15,7,86,0.96593,-0.25882,0.99583,0.09126,-2.65,0.76,-5.19
2026-03-27T08:00:00Z,MTR,-2.65,50.5,993.7,9.65,8,86,0.86603,-0.5,0.99583,0.09126,-1.61,0.74,-7.11
2026-03-27T09:00:00Z,MTR,-1.61,55.3,994.8,7.86,9,86,0.70711,-0.70711,0.99583,0.09126,-0.25,2.11,-6.48
2026-03-27T10:00:00Z,MTR,-0.25,55.1,992.8,6.71,10,86,0.5,-0.86603,0.99583,0.09126,0.0,1.32,-0.74
2026-03-27T11:00:00Z,MTR,0.0,57.2,991.1,7.45,11,86,0.25882,-0.96593,0.99583,0.09126,0.9,-0.18,0.72
2026-03-27T12:00:00Z,MTR,0.9,59.7,990.0,9.56,12,86,0.0,-1.0,0.99583,0.09126,0.76,1.2,-4.32
2026-03-27T13:00:00Z,MTR,0.76,63.8,987.0,9.32,13,86,-0.25882,-0.96593,0.99583,0.09126,0.74,1.35,-1.43
2026-03-27T14:00:00Z,MTR,0.74,69.1,985.1,8.9,14,86,-0.5,-0.86603,0.99583,0.09126,2.11,0.11,-0.32
2026-03-27T15:00:00Z,MTR,2.11,69.8,983.7,12.79,15,86,-0.70711,-0.70711,0.99583,0.09126,1.32,-0.3,-0.25
2026-03-27T16:00:00Z,MTR,1.32,71.0,984.8,10.47,16,86,-0.86603,-0.5,0.99583,0.09126,-0.18,-0.22,-0.18
2026-03-27T17:00:00Z,MTR,-0.18,58.2,984.6,10.18,17,86,-0.96593,-0.25882,0.99583,0.09126,1.2,-1.05,2.46
2026-03-27T18:00:00Z,MTR,1.2,58.0,984.1,12.92,18,86,-1.0,-0.0,0.99583,0.09126,1.35,-2.47,4.77
2026-03-27T19:00:00Z,MTR,1.35,72.3,984.9,13.03,19,86,-0.96593,0.25882,0.99583,0.09126,0.11,-2.01,3.79
2026-03-27T20:00:00Z,MTR,0.11,67.8,983.7,12.17,20,86,-0.86603,0.5,0.99583,0.09126,-0.3,-3.58,4.3
2026-03-27T21:00:00Z,MTR,-0.3,59.8,983.4,11.74,21,86,-0.70711,0.70711,0.99583,0.09126,-0.22,-4.06,3.13
2026-03-27T22:00:00Z,MTR,-0.22,64.8,982.2,11.35,22,86,-0.5,0.86603,0.99583,0.09126,-1.05,-4.53,3.91
2026-03-27T23:00:00Z,MTR,-1.05,68.4,981.6,7.96,23,86,-0.25882,0.96593,0.99583,0.09126,-2.47,-5.24,3.0
2026-03-28T00:00:00Z,MTR,-2.47,67.5,979.5,7.4,0,87,0.0,1.0,0.99725,0.07412,-2.01,-5.43,0.59
2026-03-28T01:00:00Z,MTR,-2.01,77.8,974.1,12.73,1,87,0.25882,0.96593,0.99725,0.07412,-3.58,-5.19,-0.08
2026-03-28T02:00:00Z,MTR,-3.58,70.4,973.0,14.43,2,87,0.5,0.86603,0.99725,0.07412,-4.06,-7.11,0.77
2026-03-28T03:00:00Z,MTR,-4.06,73.9,974.8,12.69,3,87,0.70711,0.70711,0.99725,0.07412,-4.53,-6.48,-1.37
2026-03-28T04:00:00Z,MTR,-4.53,74.1,975.5,13.63,4,87,0.86603,0.5,0.99725,0.07412,-5.24,-0.74,0.1
2026-03-28T05:00:00Z,MTR,-5.24,69.8,976.3,15.28,5,87,0.96593,0.25882,0.99725,0.07412,-5.43,0.72,-1.19
2026-03-28T06:00:00Z,MTR,-5.43,70.3,977.5,14.07,6,87,1.0,0.0,0.99725,0.07412,-5.19,-4.32,-1.54
2026-03-28T07:00:00Z,MTR,-5.19,70.5,976.5,14.26,7,87,0.96593,-0.25882,0.99725,0.07412,-7.11,-1.43,-0.83
2026-03-28T08:00:00Z,MTR,-7.11,68.0,975.8,14.57,8,87,0.86603,-0.5,0.99725,0.07412,-6.48,-0.32,0.98
2026-03-28T09:00:00Z,MTR,-6.48,71.7,973.6,11.27,9,87,0.70711,-0.70711,0.99725,0.07412,-0.74,-0.25,2.09
2026-03-28T10:00:00Z,MTR,-0.74,77.8,972.2,13.34,10,87,0.5,-0.86603,0.99725,0.07412,0.72,-0.18,0.83
2026-03-28T11:00:00Z,MTR,0.72,72.5,972.4,16.16,11,87,0.25882,-0.96593,0.99725,0.07412,-4.32,2.46,-3.86
2026-03-28T12:00:00Z,MTR,-4.32,70.7,973.8,9.7,12,87,0.0,-1.0,0.99725,0.07412,-1.43,4.77,-3.68
2026-03-28T13:00:00Z,MTR,-1.43,67.6,972.7,12.67,13,87,-0.25882,-0.96593,0.99725,0.07412,-0.32,3.79,0.67
2026-03-28T14:00:00Z,MTR,-0.32,85.4,971.2,14.55,14,87,-0.5,-0.86603,0.99725,0.07412,-0.25,4.3,-3.11
2026-03-28T15:00:00Z,MTR,-0.25,82.3,970.6,10.9,15,87,-0.70711,-0.70711,0.99725,0.07412,-0.18,3.13,-4.2
2026-03-28T16:00:00Z,MTR,-0.18,84.4,971.2,14.97,16,87,-0.86603,-0.5,0.99725,0.07412,2.46,3.91,-5.18
2026-03-28T17:00:00Z,MTR,2.46,85.2,968.1,21.61,17,87,-0.96593,-0.25882,0.99725,0.07412,4.77,3.0,-4.85
2026-03-28T18:00:00Z,MTR,4.77,89.5,963.7,22.55,18,87,-1.0,-0.0,0.99725,0.07412,3.79,0.59,-4.66
2026-03-28T19:00:00Z,MTR,3.79,87.2,962.8,19.94,19,87,-0.96593,0.25882,0.99725,0.07412,4.3,-0.08,-3.12
2026-03-28T20:00:00Z,MTR,4.3,97.4,960.8,22.24,20,87,-0.86603,0.5,0.99725,0.07412,3.13,0.77,-3.65
2026-03-28T21:00:00Z,MTR,3.13,89.9,960.2,16.81,21,87,-0.70711,0.70711,0.99725,0.07412,3.91,-1.37,-4.17
2026-03-28T22:00:00Z,MTR,3.91,80.8,960.4,19.99,22,87,-0.5,0.86603,0.99725,0.07412,3.0,0.1,-4.67
2026-03-28T23:00:00Z,MTR,3.0,80.6,960.2,18.06,23,87,-0.25882,0.96593,0.99725,0.07412,0.59,-1.19,-4.93
2026-03-29T00:00:00Z,MTR,0.59,88.2,963.5,16.37,0,88,0.0,1.0,0.99838,0.05695,-0.08,-1.54,-4.96
2026-03-29T01:00:00Z,MTR,-0.08,80.7,964.7,17.38,1,88,0.25882,0.96593,0.99838,0.05695,0.77,-0.83,-6.23
2026-03-29T02:00:00Z,MTR,0.77,85.1,965.9,18.39,2,88,0.5,0.86603,0.99838,0.05695,-1.37,0.98,-7.12
2026-03-29T03:00:00Z,MTR,-1.37,85.5,967.7,14.82,3,88,0.70711,0.70711,0.99838,0.05695,0.1,2.09,-6.87
2026-03-29T04:00:00Z,MTR,0.1,79.5,966.4,16.77,4,88,0.86603,0.5,0.99838,0.05695,-1.19,0.83,-6.52
2026-03-29T05:00:00Z,MTR,-1.19,79.6,969.2,17.65,5,88,0.96593,0.25882,0.99838,0.05695,-1.54,-3.86,-6.71
2026-03-29T06:00:00Z,MTR,-1.54,77.1,969.9,10.99,6,88,1.0,0.0,0.99838,0.05695,-0.83,-3.68,-6.24
2026-03-29T07:00:00Z,MTR,-0.83,72.9,972.0,14.12,7,88,0.96593,-0.25882,0.99838,0.05695,0.98,0.67,-6.98
2026-03-29T08:00:00Z,MTR,0.98,71.7,970.9,15.85,8,88,0.86603,-0.5,0.99838,0.05695,2.09,-3.11,-7.11
2026-03-29T09:00:00Z,MTR,2.09,75.6,969.2,17.56,9,88,0.70711,-0.70711,0.99838,0.05695,0.83,-4.2,-7.3
2026-03-29T10:00:00Z,MTR,0.83,69.9,971.8,14.08,10,88,0.5,-0.86603,0.99838,0.05695,-3.86,-5.18,-7.63
2026-03-29T11:00:00Z,MTR,-3.86,75.6,973.7,17.05,11,88,0.25882,-0.96593,0.99838,0.05695,-3.68,-4.85,-6.75
2026-03-29T12:00:00Z,MTR,-3.68,74.9,973.2,13.37,12,88,0.0,-1.0,0.99838,0.05695,0.67,-4.66,-5.92
2026-03-29T13:00:00Z,MTR,0.67,72.8,972.8,11.04,13,88,-0.25882,-0.96593,0.99838,0.05695,-3.11,-3.12,-7.65
2026-03-29T14:00:00Z,MTR,-3.11,65.4,976.2,12.33,14,88,-0.5,-0.86603,0.99838,0.05695,-4.2,-3.65,-9.16
2026-03-29T15:00:00Z,MTR,-4.2,79.0,975.2,12.34,15,88,-0.70711,-0.70711,0.99838,0.05695,-5.18,-4.17,-9.1
2026-03-29T16:00:00Z,MTR,-5.18,66.1,979.5,12.37,16,88,-0.86603,-0.5,0.99838,0.05695,-4.85,-4.67,-9.65
2026-03-29T17:00:00Z,MTR,-4.85,83.5,979.0,15.42,17,88,-0.96593,-0.25882,0.99838,0.05695,-4.66,-4.93,-9.73
2026-03-29T18:00:00Z,MTR,-4.66,72.4,981.3,14.62,18,88,-1.0,-0.0,0.99838,0.05695,-3.12,-4.96,-9.24
2026-03-29T19:00:00Z,MTR,-3.12,57.6,981.9,15.86,19,88,-0.96593,0.25882,0.99838,0.05695,-3.65,-6.23,-7.69
2026-03-29T20:00:00Z,MTR,-3.65,70.7,984.0,11.99,20,88,-0.86603,0.5,0.99838,0.05695,-4.17,-7.12,-7.63
2026-03-29T21:00:00Z,MTR,-4.17,61.4,984.1,13.36,21,88,-0.70711,0.70711,0.99838,0.05695,-4.67,-6.87,-6.87
2026-03-29T22:00:00Z,MTR,-4.67,59.1,984.8,11.88,22,88,-0.5,0.86603,0.99838,0.05695,-4.93,-6.52,-7.12
2026-03-29T23:00:00Z,MTR,-4.93,60.9,985.9,10.35,23,88,-0.25882,0.96593,0.99838,0.05695,-4.96,-6.71,-6.69
2026-03-30T00:00:00Z,MTR,-4.96,68.5,985.0,9.37,0,89,0.0,1.0,0.99921,0.03977,-6.23,-6.24,-6.37
2026-03-30T01:00:00Z,MTR,-6.23,62.5,987.3,7.1,1,89,0.25882,0.96593,0.99921,0.03977,-7.12,-6.98,-6.73
2026-03-30T02:00:00Z,MTR,-7.12,61.7,987.2,10.01,2,89,0.5,0.86603,0.99921,0.03977,-6.87,-7.11,-7.19
2026-03-30T03:00:00Z,MTR,-6.87,56.5,987.6,10.73,3,89,0.70711,0.70711,0.99921,0.03977,-6.52,-7.3,-7.47
2026-03-30T04:00:00Z,MTR,-6.52,66.3,986.6,10.56,4,89,0.86603,0.5,0.99921,0.03977,-6.71,-7.63,-6.73
2026-03-30T05:00:00Z,MTR,-6.71,60.6,982.8,10.91,5,89,0.96593,0.25882,0.99921,0.03977,-6.24,-6.75,-6.13
2026-03-30T06:00:00Z,MTR,-6.24,69.5,983.4,8.92,6,89,1.0,0.0,0.99921,0.03977,-6.98,-5.92,-7.96
2026-03-30T07:00:00Z,MTR,-6.98,60.2,988.6,7.35,7,89,0.96593,-0.25882,0.99921,0.03977,-7.11,-7.65,-7.79
2026-03-30T08:00:00Z,MTR,-7.11,52.9,990.6,4.95,8,89,0.86603,-0.5,0.99921,0.03977,-7.3,-9.16,-7.01
2026-03-30T09:00:00Z,MTR,-7.3,66.0,991.0,4.81,9,89,0.70711,-0.70711,0.99921,0.03977,-7.63,-9.1,-5.48
2026-03-30T10:00:00Z,MTR,-7.63,59.6,990.9,3.33,10,89,0.5,-0.86603,0.99921,0.03977,-6.75,-9.65,-5.36
2026-03-30T11:00:00Z,MTR,-6.75,58.9,991.3,7.98,11,89,0.25882,-0.96593,0.99921,0.03977,-5.92,-9.73,-4.97
2026-03-30T12:00:00Z,MTR,-5.92,55.6,992.6,8.93,12,89,0.0,-1.0,0.99921,0.03977,-7.65,-9.24,-4.91
2026-03-30T13:00:00Z,MTR,-7.65,50.9,990.6,7.65,13,89,-0.25882,-0.96593,0.99921,0.03977,-9.16,-7.69,-5.42
2026-03-30T14:00:00Z,MTR,-9.16,54.1,992.9,6.07,14,89,-0.5,-0.86603,0.99921,0.03977,-9.1,-7.63,-6.61
2026-03-30T15:00:00Z,MTR,-9.1,59.9,994.2,3.65,15,89,-0.70711,-0.70711,0.99921,0.03977,-9.65,-6.87,-7.75
2026-03-30T16:00:00Z,MTR,-9.65,43.1,995.5,1.6,16,89,-0.86603,-0.5,0.99921,0.03977,-9.73,-7.12,-7.37
2026-03-30T17:00:00Z,MTR,-9.73,54.5,996.1,9.11,17,89,-0.96593,-0.25882,0.99921,0.03977,-9.24,-6.69,-7.37
2026-03-30T18:00:00Z,MTR,-9.24,59.2,995.9,10.59,18,89,-1.0,-0.0,0.99921,0.03977,-7.69,-6.37,-7.84
2026-03-30T19:00:00Z,MTR,-7.69,57.5,996.9,7.25,19,89,-0.96593,0.25882,0.99921,0.03977,-7.63,-6.73,-8.8
2026-03-30T20:00:00Z,MTR,-7.63,46.0,997.6,10.43,20,89,-0.86603,0.5,0.99921,0.03977,-6.87,-7.19,-8.04
2026-03-30T21:00:00Z,MTR,-6.87,47.7,996.6,6.73,21,89,-0.70711,0.70711,0.99921,0.03977,-7.12,-7.47,-8.66
2026-03-30T22:00:00Z,MTR,-7.12,53.3,995.2,10.02,22,89,-0.5,0.86603,0.99921,0.03977,-6.69,-6.73,-7.99
2026-03-30T23:00:00Z,MTR,-6.69,53.8,995.1,5.48,23,89,-0.25882,0.96593,0.99921,0.03977,-6.37,-6.13,-7.97
2026-03-31T00:00:00Z,MTR,-6.37,53.9,997.5,0.2,0,90,0.0,1.0,0.99975,0.02258,-6.73,-7.96,-8.15
2026-03-31T01:00:00Z,MTR,-6.73,51.7,994.8,8.38,1,90,0.25882,0.96593,0.99975,0.02258,-7.19,-7.79,-6.72
2026-03-31T02:00:00Z,MTR,-7.19,60.0,991.9,7.12,2,90,0.5,0.86603,0.99975,0.02258,-7.47,-7.01,-8.26
2026-03-31T03:00:00Z,MTR,-7.47,42.2,991.9,6.57,3,90,0.70711,0.70711,0.99975,0.02258,-6.73,-5.48,-8.8
2026-03-31T04:00:00Z,MTR,-6.73,55.2,991.8,11.22,4,90,0.86603,0.5,0.99975,0.02258,-6.13,-5.36,-7.44
2026-03-31T05:00:00Z,MTR,-6.13,60.4,991.9,8.79,5,90,0.96593,0.25882,0.99975,0.02258,-7.96,-4.97,-6.67
2026-03-31T06:00:00Z,MTR,-7.96,58.3,992.2,4.28,6,90,1.0,0.0,0.99975,0.02258,-7.79,-4.91,-6.82
2026-03-31T07:00:00Z,MTR,-7.79,51.6,991.6,9.93,7,90,0.96593,-0.25882,0.99975,0.02258,-7.01,-5.42,-5.02
2026-03-31T08:00:00Z,MTR,-7.01,57.9,994.1,6.06,8,90,0.86603,-0.5,0.99975,0.02258,-5.48,-6.61,-3.99
2026-03-31T09:00:00Z,MTR,-5.48,48.4,990.9,4.65,9,90,0.70711,-0.70711,0.99975,0.02258,-5.36,-7.75,-4.23
2026-03-31T10:00:00Z,MTR,-5.36,63.8,989.3,7.13,10,90,0.5,-0.86603,0.99975,0.02258,-4.97,-7.37,-4.92
2026-03-31T11:00:00Z,MTR,-4.97,58.5,989.2,12.38,11,90,0.25882,-0.96593,0.99975,0.02258,-4.91,-7.37,-3.81
2026-03-31T12:00:00Z,MTR,-4.91,59.3,986.2,9.32,12,90,0.0,-1.0,0.99975,0.02258,-5.42,-7.84,-4.52
2026-03-31T13:00:00Z,MTR,-5.42,59.8,986.1,7.85,13,90,-0.25882,-0.96593,0.99975,0.02258,-6.61,-8.8,-4.5
2026-03-31T14:00:00Z,MTR,-6.61,60.3,989.3,9.06,14,90,-0.5,-0.86603,0.99975,0.02258,-7.75,-8.04,-3.63
2026-03-31T15:00:00Z,MTR,-7.75,68.1,989.5,7.11,15,90,-0.70711,-0.70711,0.99975,0.02258,-7.37,-8.66,-3.89
2026-03-31T16:00:00Z,MTR,-7.37,63.2,990.0,6.82,16,90,-0.86603,-0.5,0.99975,0.02258,-7.37,-7.99,-4.34
2026-03-31T17:00:00Z,MTR,-7.37,54.6,987.8,10.63,17,90,-0.96593,-0.25882,0.99975,0.02258,-7.84,-7.97,-5.86
2026-03-31T18:00:00Z,MTR,-7.84,57.1,986.9,14.07,18,90,-1.0,-0.0,0.99975,0.02258,-8.8,-8.15,-5.14
2026-03-31T19:00:00Z,MTR,-8.8,52.7,986.5,12.75,19,90,-0.96593,0.25882,0.99975,0.02258,-8.04,-6.72,-6.56
2026-03-31T20:00:00Z,MTR,-8.04,64.7,986.3,14.94,20,90,-0.86603,0.5,0.99975,0.02258,-8.66,-8.26,-5.53
2026-03-31T21:00:00Z,MTR,-8.66,58.6,989.0,11.26,21,90,-0.70711,0.70711,0.99975,0.02258,-7.99,-8.8,-6.83
2026-03-31T22:00:00Z,MTR,-7.99,61.7,990.2,12.57,22,90,-0.5,0.86603,0.99975,0.02258,-7.97,-7.44,-7.41
2026-03-31T23:00:00Z,MTR,-7.97,57.3,988.4,10.57,23,90,-0.25882,0.96593,0.99975,0.02258,-8.15,-6.67,-6.46
2026-04-01T00:00:00Z,MTR,-8.15,56.2,989.1,7.61,0,91,0.0,1.0,0.99999,0.00538,-6.72,-6.82,-5.64
2026-04-01T01:00:00Z,MTR,-6.72,50.0,990.3,8.38,1,91,0.25882,0.96593,0.99999,0.00538,-8.26,-5.02,-5.62
2026-04-01T02:00:00Z,MTR,-8.26,61.7,992.5,12.41,2,91,0.5,0.86603,0.99999,0.00538,-8.8,-3.99,-5.94
2026-04-01T03:00:00Z,MTR,-8.8,49.9,995.4,11.12,3,91,0.70711,0.70711,0.99999,0.00538,-7.44,-4.23,-5.86
2026-04-01T04:00:00Z,MTR,-7.44,51.2,993.5,12.8,4,91,0.86603,0.5,0.99999,0.00538,-6.67,-4.92,-7.37
2026-04-01T05:00:00Z,MTR,-6.67,60.4,992.0,8.54,5,91,0.96593,0.25882,0.99999,0.00538,-6.82,-3.81,-6.3
2026-04-01T06:00:00Z,MTR,-6.82,49.1,989.8,4.16,6,91,1.0,0.0,0.99999,0.00538,-5.02,-4.52,-6.81
2026-04-01T07:00:00Z,MTR,-5.02,60.2,989.4,6.33,7,91,0.96593,-0.25882,0.99999,0.00538,-3.99,-4.5,-6.78
2026-04-01T08:00:00Z,MTR,-3.99,53.2,990.4,8.04,8,91,0.86603,-0.5,0.99999,0.00538,-4.23,-3.63,-6.36
2026-04-01T09:00:00Z,MTR,-4.23,54.0,992.2,5.82,9,91,0.70711,-0.70711,0.99999,0.00538,-4.92,-3.89,-5.87
2026-04-01T10:00:00Z,MTR,-4.92,45.6,991.9,7.26,10,91,0.5,-0.86603,0.99999,0.00538,-3.81,-4.34,-5.35
2026-04-01T11:00:00Z,MTR,-3.81,58.7,991.1,6.55,11,91,0.25882,-0.96593,0.99999,0.00538,-4.52,-5.86,-4.36
2026-04-01T12:00:00Z,MTR,-4.52,65.2,991.2,3.89,12,91,0.0,-1.0,0.99999,0.00538,-4.5,-5.14,1.2
2026-04-01T13:00:00Z,MTR,-4.5,51.9,989.5,8.87,13,91,-0.25882,-0.96593,0.99999,0.00538,-3.63,-6.56,1.49
2026-04-01T14:00:00Z,MTR,-3.63,59.8,993.0,6.89,14,91,-0.5,-0.86603,0.99999,0.00538,-3.89,-5.53,2.12
2026-04-01T15:00:00Z,MTR,-3.89,58.3,989.6,10.61,15,91,-0.70711,-0.70711,0.99999,0.00538,-4.34,-6.83,-3.3
2026-04-01T16:00:00Z,MTR,-4.34,60.6,989.6,8.29,16,91,-0.86603,-0.5,0.99999,0.00538,-5.86,-7.41,-0.43
2026-04-01T17:00:00Z,MTR,-5.86,49.9,992.8,11.85,17,91,-0.96593,-0.25882,0.99999,0.00538,-5.14,-6.46,-5.24
2026-04-01T18:00:00Z,MTR,-5.14,50.4,992.1,8.99,18,91,-1.0,-0.0,0.99999,0.00538,-6.56,-5.64,-0.01
2026-04-01T19:00:00Z,MTR,-6.56,57.9,991.0,11.56,19,91,-0.96593,0.25882,0.99999,0.00538,-5.53,-5.62,1.2
2026-04-01T20:00:00Z,MTR,-5.53,58.1,989.6,12.6,20,91,-0.86603,0.5,0.99999,0.00538,-6.83,-5.94,1.57
2026-04-01T21:00:00Z,MTR,-6.83,60.8,988.6,11.9,21,91,-0.70711,0.70711,0.99999,0.00538,-7.41,-5.86,1.55
2026-04-01T22:00:00Z,MTR,-7.41,50.2,990.2,9.05,22,91,-0.5,0.86603,0.99999,0.00538,-6.46,-7.37,1.67
2026-04-01T23:00:00Z,MTR,-6.46,66.1,985.3,11.01,23,91,-0.25882,0.96593,0.99999,0.00538,-5.64,-6.3,1.62
2026-04-02T00:00:00Z,MTR,-5.64,62.7,987.3,9.99,0,92,0.0,1.0,0.99993,-0.01183,-5.62,-6.81,0.32
2026-04-02T01:00:00Z,MTR,-5.62,70.8,983.7,13.23,1,92,0.25882,0.96593,0.99993,-0.01183,-5.94,-6.78,0.69
2026-04-02T02:00:00Z,MTR,-5.94,67.5,982.4,11.0,2,92,0.5,0.86603,0.99993,-0.01183,-5.86,-6.36,0.24
2026-04-02T03:00:00Z,MTR,-5.86,78.9,980.7,11.16,3,92,0.70711,0.70711,0.99993,-0.01183,-7.37,-5.87,-0.2
2026-04-02T04:00:00Z,MTR,-7.37,77.7,981.0,12.22,4,92,0.86603,0.5,0.99993,-0.01183,-6.3,-5.35,-0.01
2026-04-02T05:00:00Z,MTR,-6.3,72.7,977.2,15.79,5,92,0.96593,0.25882,0.99993,-0.01183,-6.81,-4.36,-1.31
2026-04-02T06:00:00Z,MTR,-6.81,72.4,977.2,15.61,6,92,1.0,0.0,0.99993,-0.01183,-6.78,1.2,-1.57
2026-04-02T07:00:00Z,MTR,-6.78,64.6,980.0,12.43,7,92,0.96593,-0.25882,0.99993,-0.01183,-6.36,1.49,-1.04
2026-04-02T08:00:00Z,MTR,-6.36,65.9,976.5,14.0,8,92,0.86603,-0.5,0.99993,-0.01183,-5.87,2.12,-0.69
2026-04-02T09:00:00Z,MTR,-5.87,70.6,975.9,8.75,9,92,0.70711,-0.70711,0.99993,-0.01183,-5.35,-3.3,-5.1
2026-04-02T10:00:00Z,MTR,-5.35,71.6,973.8,12.26,10,92,0.5,-0.86603,0.99993,-0.01183,-4.36,-0.43,-4.96
2026-04-02T11:00:00Z,MTR,-4.36,71.4,973.8,13.67,11,92,0.25882,-0.96593,0.99993,-0.01183,1.2,-5.24,-5.42
2026-04-02T12:00:00Z,MTR,1.2,78.5,973.0,15.74,12,92,0.0,-1.0,0.99993,-0.01183,1.49,-0.01,-5.95
2026-04-02T13:00:00Z,MTR,1.49,70.3,971.0,14.06,13,92,-0.25882,-0.96593,0.99993,-0.01183,2.12,1.2,-6.77
2026-04-02T14:00:00Z,MTR,2.12,73.0,971.2,16.84,14,92,-0.5,-0.86603,0.99993,-0.01183,-3.3,1.57,-7.51
2026-04-02T15:00:00Z,MTR,-3.3,65.8,973.7,14.37,15,92,-0.70711,-0.70711,0.99993,-0.01183,-0.43,1.55,-8.65
2026-04-02T16:00:00Z,MTR,-0.43,70.0,972.5,14.42,16,92,-0.86603,-0.5,0.99993,-0.01183,-5.24,1.67,-8.77
2026-04-02T17:00:00Z,MTR,-5.24,73.9,973.1,16.64,17,92,-0.96593,-0.25882,0.99993,-0.01183,-0.01,1.62,-9.25
2026-04-02T18:00:00Z,MTR,-0.01,84.4,970.0,17.96,18,92,-1.0,-0.0,0.99993,-0.01183,1.2,0.32,-8.86
2026-04-02T19:00:00Z,MTR,1.2,92.7,967.7,19.31,19,92,-0.96593,0.25882,0.99993,-0.01183,1.57,0.69,-9.14
2026-04-02T20:00:00Z,MTR,1.57,73.5,968.2,17.75,20,92,-0.86603,0.5,0.99993,-0.01183,1.55,0.24,-9.08
2026-04-02T21:00:00Z,MTR,1.55,84.6,970.5,19.04,21,92,-0.70711,0.70711,0.99993,-0.01183,1.67,-0.2,-7.63
2026-04-02T22:00:00Z,MTR,1.67,74.8,970.7,17.78,22,92,-0.5,0.86603,0.99993,-0.01183,1.62,-0.01,-6.72
2026-04-02T23:00:00Z,MTR,1.62,81.4,969.8,17.88,23,92,-0.25882,0.96593,0.99993,-0.01183,0.32,-1.31,-7.87
2026-04-03T00:00:00Z,MTR,0.32,82.1,969.5,12.57,0,93,0.0,1.0,0.99958,-0.02903,0.69,-1.57,-8.54
2026-04-03T01:00:00Z,MTR,0.69,89.1,967.1,14.21,1,93,0.25882,0.96593,0.99958,-0.02903,0.24,-1.04,-9.87
2026-04-03T02:00:00Z,MTR,0.24,94.0,968.3,17.8,2,93,0.5,0.86603,0.99958,-0.02903,-0.2,-0.69,-10.0
2026-04-03T03:00:00Z,MTR,-0.2,85.3,970.0,16.82,3,93,0.70711,0.70711,0.99958,-0.02903,-0.01,-5.1,-9.58
2026-04-03T04:00:00Z,MTR,-0.01,78.8,969.3,18.29,4,93,0.86603,0.5,0.99958,-0.02903,-1.31,-4.96,-8.62
2026-04-03T05:00:00Z,MTR,-1.31,73.5,968.7,16.09,5,93,0.96593,0.25882,0.99958,-0.02903,-1.57,-5.42,-7.76
2026-04-03T06:00:00Z,MTR,-1.57,81.2,969.5,15.24,6,93,1.0,0.0,0.99958,-0.02903,-1.04,-5.95,-7.47
2026-04-03T07:00:00Z,MTR,-1.04,83.6,969.2,15.24,7,93,0.96593,-0.25882,0.99958,-0.02903,-0.69,-6.77,-7.87
2026-04-03T08:00:00Z,MTR,-0.69,73.5,969.6,13.11,8,93,0.86603,-0.5,0.99958,-0.02903,-5.1,-7.51,-6.85
2026-04-03T09:00:00Z,MTR,-5.1,79.2,974.0,14.58,9,93,0.70711,-0.70711,0.99958,-0.02903,-4.96,-8.65,-6.54
2026-04-03T10:00:00Z,MTR,-4.96,72.3,974.1,11.89,10,93,0.5,-0.86603,0.99958,-0.02903,-5.42,-8.77,-6.21
2026-04-03T11:00:00Z,MTR,-5.42,68.6,974.1,11.35,11,93,0.25882,-0.96593,0.99958,-0.02903,-5.95,-9.25,-4.66
2026-04-03T12:00:00Z,MTR,-5.95,74.6,973.7,8.73,12,93,0.0,-1.0,0.99958,-0.02903,-6.77,-8.86,-5.47
2026-04-03T13:00:00Z,MTR,-6.77,69.1,975.9,15.03,13,93,-0.25882,-0.96593,0.99958,-0.02903,-7.51,-9.14,-4.07
2026-04-03T14:00:00Z,MTR,-7.51,66.9,976.4,13.75,14,93,-0.5,-0.86603,0.99958,-0.02903,-8.65,-9.08,-3.06
2026-04-03T15:00:00Z,MTR,-8.65,73.1,976.2,9.44,15,93,-0.70711,-0.70711,0.99958,-0.02903,-8.77,-7.63,-3.5
2026-04-03T16:00:00Z,MTR,-8.77,69.7,979.6,7.3,16,93,-0.86603,-0.5,0.99958,-0.02903,-9.25,-6.72,-3.89
2026-04-03T17:00:00Z,MTR,-9.25,63.7,983.1,12.31,17,93,-0.96593,-0.25882,0.99958,-0.02903,-8.86,-7.87,-4.68
2026-04-03T18:00:00Z,MTR,-8.86,68.1,982.9,15.59,18,93,-1.0,-0.0,0.99958,-0.02903,-9.14,-8.54,-4.68
2026-04-03T19:00:00Z,MTR,-9.14,74.2,980.5,13.33,19,93,-0.96593,0.25882,0.99958,-0.02903,-9.08,-9.87,-4.75
2026-04-03T20:00:00Z,MTR,-9.08,69.5,983.5,12.63,20,93,-0.86603,0.5,0.99958,-0.02903,-7.63,-10.0,-5.4
2026-04-03T21:00:00Z,MTR,-7.63,61.9,983.3,14.53,21,93,-0.70711,0.70711,0.99958,-0.02903,-6.72,-9.58,-6.04
2026-04-03T22:00:00Z,MTR,-6.72,62.0,985.8,9.0,22,93,-0.5,0.86603,0.99958,-0.02903,-7.87,-8.62,-6.27
2026-04-03T23:00:00Z,MTR,-7.87,61.0,983.3,9.6,23,93,-0.25882,0.96593,0.99958,-0.02903,-8.54,-7.76,-6.33
2026-04-04T00:00:00Z,MTR,-8.54,54.7,986.2,9.55,0,94,0.0,1.0,0.99893,-0.04622,-9.87,-7.47,-7.93
2026-04-04T01:00:00Z,MTR,-9.87,66.1,985.1,9.81,1,94,0.25882,0.96593,0.99893,-0.04622,-10.0,-7.87,-7.05
2026-04-04T02:00:00Z,MTR,-10.0,65.0,987.6,8.62,2,94,0.5,0.86603,0.99893,-0.04622,-9.58,-6.85,-7.44
2026-04-04T03:00:00Z,MTR,-9.58,57.5,988.7,12.14,3,94,0.70711,0.70711,0.99893,-0.04622,-8.62,-6.54,-7.66
2026-04-04T04:00:00Z,MTR,-8.62,61.9,988.1,12.54,4,94,0.86603,0.5,0.99893,-0.04622,-7.76,-6.21,-7.5
2026-04-04T05:00:00Z,MTR,-7.76,68.3,988.4,13.4,5,94,0.96593,0.25882,0.99893,-0.04622,-7.47,-4.66,-7.69
2026-04-04T06:00:00Z,MTR,-7.47,62.6,990.7,10.78,6,94,1.0,0.0,0.99893,-0.04622,-7.87,-5.47,-6.81
2026-04-04T07:00:00Z,MTR,-7.87,51.3,991.9,3.69,7,94,0.96593,-0.25882,0.99893,-0.04622,-6.85,-4.07,-6.81
2026-04-04T08:00:00Z,MTR,-6.85,52.8,993.8,6.59,8,94,0.86603,-0.5,0.99893,-0.04622,-6.54,-3.06,-6.94
2026-04-04T09:00:00Z,MTR,-6.54,44.2,998.1,2.79,9,94,0.70711,-0.70711,0.99893,-0.04622,-6.21,-3.5,-6.21
2026-04-04T10:00:00Z,MTR,-6.21,50.9,995.8,1.85,10,94,0.5,-0.86603,0.99893,-0.04622,-4.66,-3.89,-5.49
2026-04-04T11:00:00Z,MTR,-4.66,47.2,999.3,4.18,11,94,0.25882,-0.96593,0.99893,-0.04622,-5.47,-4.68,-3.59
2026-04-04T12:00:00Z,MTR,-5.47,40.8,999.9,4.75,12,94,0.0,-1.0,0.99893,-0.04622,-4.07,-4.68,-5.2
2026-04-04T13:00:00Z,MTR,-4.07,46.6,998.5,8.18,13,94,-0.25882,-0.96593,0.99893,-0.04622,-3.06,-4.75,-5.34
2026-04-04T14:00:00Z,MTR,-3.06,39.2,996.5,3.27,14,94,-0.5,-0.86603,0.99893,-0.04622,-3.5,-5.4,-5.11
2026-04-04T15:00:00Z,MTR,-3.5,45.4,996.5,7.02,15,94,-0.70711,-0.70711,0.99893,-0.04622,-3.89,-6.04,-6.17
2026-04-04T16:00:00Z,MTR,-3.89,49.1,998.5,1.81,16,94,-0.86603,-0.5,0.99893,-0.04622,-4.68,-6.27,-5.51
2026-04-04T17:00:00Z,MTR,-4.68,50.6,998.4,10.96,17,94,-0.96593,-0.25882,0.99893,-0.04622,-4.68,-6.33,-6.16
2026-04-04T18:00:00Z,MTR,-4.68,50.4,1001.2,6.2,18,94,-1.0,-0.0,0.99893,-0.04622,-4.75,-7.93,-6.08
2026-04-04T19:00:00Z,MTR,-4.75,49.1,998.5,7.71,19,94,-0.96593,0.25882,0.99893,-0.04622,-5.4,-7.05,-5.41
2026-04-04T20:00:00Z,MTR,-5.4,47.8,998.4,7.41,20,94,-0.86603,0.5,0.99893,-0.04622,-6.04,-7.44,-6.34
2026-04-04T21:00:00Z,MTR,-6.04,61.1,996.1,9.8,21,94,-0.70711,0.70711,0.99893,-0.04622,-6.27,-7.66,-6.5
2026-04-04T22:00:00Z,MTR,-6.27,47.9,996.7,4.45,22,94,-0.5,0.86603,0.99893,-0.04622,-6.33,-7.5,-5.97
2026-04-04T23:00:00Z,MTR,-6.33,46.6,998.2,5.67,23,94,-0.25882,0.96593,0.99893,-0.04622,-7.93,-7.69,-5.94
2026-04-05T00:00:00Z,MTR,-7.93,49.4,997.1,4.18,0,95,0.0,1.0,0.99799,-0.06339,-7.05,-6.81,-5.8
2026-04-05T01:00:00Z,MTR,-7.05,52.7,992.2,12.41,1,95,0.25882,0.96593,0.99799,-0.06339,-7.44,-6.81,-5.31
2026-04-05T02:00:00Z,MTR,-7.44,55.8,992.4,6.6,2,95,0.5,0.86603,0.99799,-0.06339,-7.66,-6.94,-5.84
2026-04-05T03:00:00Z,MTR,-7.66,49.6,993.1,4.12,3,95,0.70711,0.70711,0.99799,-0.06339,-7.5,-6.21,-4.73
2026-04-05T04:00:00Z,MTR,-7.5,53.2,993.6,13.07,4,95,0.86603,0.5,0.99799,-0.06339,-7.69,-5.49,-5.53
2026-04-05T05:00:00Z,MTR,-7.69,48.9,995.5,10.37,5,95,0.96593,0.25882,0.99799,-0.06339,-6.81,-3.59,-4.64
2026-04-05T06:00:00Z,MTR,-6.81,45.6,993.1,8.73,6,95,1.0,0.0,0.99799,-0.06339,-6.81,-5.2,-4.55
2026-04-05T07:00:00Z,MTR,-6.81,40.9,994.0,6.45,7,95,0.96593,-0.25882,0.99799,-0.06339,-6.94,-5.34,-4.98
2026-04-05T08:00:00Z,MTR,-6.94,43.5,995.7,4.35,8,95,0.86603,-0.5,0.99799,-0.06339,-6.21,-5.11,-5.45
2026-04-05T09:00:00Z,MTR,-6.21,59.8,991.9,3.29,9,95,0.70711,-0.70711,0.99799,-0.06339,-5.49,-6.17,-5.08
2026-04-05T10:00:00Z,MTR,-5.49,55.4,992.1,6.82,10,95,0.5,-0.86603,0.99799,-0.06339,-3.59,-5.51,-5.18
2026-04-05T11:00:00Z,MTR,-3.59,54.0,990.7,7.25,11,95,0.25882,-0.96593,0.99799,-0.06339,-5.2,-6.16,-4.83
2026-04-05T12:00:00Z,MTR,-5.2,52.1,990.2,8.45,12,95,0.0,-1.0,0.99799,-0.06339,-5.34,-6.08,-5.13
2026-04-05T13:00:00Z,MTR,-5.34,62.6,990.5,5.74,13,95,-0.25882,-0.96593,0.99799,-0.06339,-5.11,-5.41,-5.29
2026-04-05T14:00:00Z,MTR,-5.11,54.6,989.2,6.55,14,95,-0.5,-0.86603,0.99799,-0.06339,-6.17,-6.34,-5.21
2026-04-05T15:00:00Z,MTR,-6.17,55.5,987.6,7.86,15,95,-0.70711,-0.70711,0.99799,-0.06339,-5.51,-6.5,-5.65
2026-04-05T16:00:00Z,MTR,-5.51,50.1,987.5,6.72,16,95,-0.86603,-0.5,0.99799,-0.06339,-6.16,-5.97,-6.28
2026-04-05T17:00:00Z,MTR,-6.16,53.1,985.3,15.07,17,95,-0.96593,-0.25882,0.99799,-0.06339,-6.08,-5.94,-6.11
2026-04-05T18:00:00Z,MTR,-6.08,68.7,983.2,15.3,18,95,-1.0,-0.0,0.99799,-0.06339,-5.41,-5.8,-6.48
2026-04-05T19:00:00Z,MTR,-5.41,72.6,984.4,12.05,19,95,-0.96593,0.25882,0.99799,-0.06339,-6.34,-5.31,-6.04
2026-04-05T20:00:00Z,MTR,-6.34,68.6,982.3,14.51,20,95,-0.86603,0.5,0.99799,-0.06339,-6.5,-5.84,-5.59
2026-04-05T21:00:00Z,MTR,-6.5,65.9,983.5,9.98,21,95,-0.70711,0.70711,0.99799,-0.06339,-5.97,-4.73,-5.38
2026-04-05T22:00:00Z,MTR,-5.97,72.8,984.4,10.53,22,95,-0.5,0.86603,0.99799,-0.06339,-5.94,-5.53,-4.99
2026-04-05T23:00:00Z,MTR,-5.94,70.6,981.3,14.57,23,95,-0.25882,0.96593,0.99799,-0.06339,-5.8,-4.64,-5.33
2026-04-06T00:00:00Z,MTR,-5.8,68.5,980.2,12.38,0,96,0.0,1.0,0.99675,-0.08055,-5.31,-4.55,-7.25
2026-04-06T01:00:00Z,MTR,-5.31,68.7,982.6,11.78,1,96,0.25882,0.96593,0.99675,-0.08055,-5.84,-4.98,-7.4
2026-04-06T02:00:00Z,MTR,-5.84,72.1,981.0,11.87,2,96,0.5,0.86603,0.99675,-0.08055,-4.73,-5.45,-7.25
2026-04-06T03:00:00Z,MTR,-4.73,71.2,980.4,13.43,3,96,0.70711,0.70711,0.99675,-0.08055,-5.53,-5.08,-7.38
2026-04-06T04:00:00Z,MTR,-5.53,64.3,981.5,10.76,4,96,0.86603,0.5,0.99675,-0.08055,-4.64,-5.18,-7.95
2026-04-06T05:00:00Z,MTR,-4.64,67.7,983.2,12.85,5,96,0.96593,0.25882,0.99675,-0.08055,-4.55,-4.83,-7.01
2026-04-06T06:00:00Z,MTR,-4.55,63.0,982.9,14.46,6,96,1.0,0.0,0.99675,-0.08055,-4.98,-5.13,-7.67
2026-04-06T07:00:00Z,MTR,-4.98,66.0,982.0,10.45,7,96,0.96593,-0.25882,0.99675,-0.08055,-5.45,-5.29,-8.0
2026-04-06T08:00:00Z,MTR,-5.45,65.0,984.8,9.51,8,96,0.86603,-0.5,0.99675,-0.08055,-5.08,-5.21,-8.0
2026-04-06T09:00:00Z,MTR,-5.08,68.3,988.0,7.18,9,96,0.70711,-0.70711,0.99675,-0.08055,-5.18,-5.65,-7.93
2026-04-06T10:00:00Z,MTR,-5.18,59.3,989.8,6.1,10,96,0.5,-0.86603,0.99675,-0.08055,-4.83,-6.28,-8.15
2026-04-06T11:00:00Z,MTR,-4.83,57.1,989.8,5.91,11,96,0.25882,-0.96593,0.99675,-0.08055,-5.13,-6.11,-8.02
2026-04-06T12:00:00Z,MTR,-5.13,57.2,988.2,7.94,12,96,0.0,-1.0,0.99675,-0.08055,-5.29,-6.48,-7.9
2026-04-06T13:00:00Z,MTR,-5.29,58.6,986.6,10.44,13,96,-0.25882,-0.96593,0.99675,-0.08055,-5.21,-6.04,-8.69
2026-04-06T14:00:00Z,MTR,-5.21,57.6,987.5,6.94,14,96,-0.5,-0.86603,0.99675,-0.08055,-5.65,-5.59,-9.64
2026-04-06T15:00:00Z,MTR,-5.65,59.6,988.2,8.52,15,96,-0.70711,-0.70711,0.99675,-0.08055,-6.28,-5.38,-9.25
2026-04-06T16:00:00Z,MTR,-6.28,61.3,990.6,7.67,16,96,-0.86603,-0.5,0.99675,-0.08055,-6.11,-4.99,-9.52
2026-04-06T17:00:00Z,MTR,-6.11,50.9,991.5,12.59,17,96,-0.96593,-0.25882,0.99675,-0.08055,-6.48,-5.33,-8.67
2026-04-06T18:00:00Z,MTR,-6.48,64.0,988.4,11.9,18,96,-1.0,-0.0,0.99675,-0.08055,-6.04,-7.25,-8.14
2026-04-06T19:00:00Z,MTR,-6.04,54.6,990.0,8.23,19,96,-0.96593,0.25882,0.99675,-0.08055,-5.59,-7.4,-8.34
2026-04-06T20:00:00Z,MTR,-5.59,58.4,987.9,15.83,20,96,-0.86603,0.5,0.99675,-0.08055,-5.38,-7.25,-7.99
2026-04-06T21:00:00Z,MTR,-5.38,64.7,986.9,13.3,21,96,-0.70711,0.70711,0.99675,-0.08055,-4.99,-7.38,-7.04
2026-04-06T22:00:00Z,MTR,-4.99,59.6,987.0,11.55,22,96,-0.5,0.86603,0.99675,-0.08055,-5.33,-7.95,-8.05
2026-04-06T23:00:00Z,MTR,-5.33,59.4,990.2,7.52,23,96,-0.25882,0.96593,0.99675,-0.08055,-7.25,-7.01,-9.19
2026-04-07T00:00:00Z,MTR,-7.25,53.4,995.2,5.45,0,97,0.0,1.0,0.99522,-0.09768,-7.4,-7.67,-10.1
2026-04-07T01:00:00Z,MTR,-7.4,54.8,995.4,4.09,1,97,0.25882,0.96593,0.99522,-0.09768,-7.25,-8.0,-9.56
2026-04-07T02:00:00Z,MTR,-7.25,59.7,994.1,7.54,2,97,0.5,0.86603,0.99522,-0.09768,-7.38,-8.0,-8.18
2026-04-07T03:00:00Z,MTR,-7.38,45.1,994.1,9.29,3,97,0.70711,0.70711,0.99522,-0.09768,-7.95,-7.93,-8.2
2026-04-07T04:00:00Z,MTR,-7.95,54.1,994.7,9.25,4,97,0.86603,0.5,0.99522,-0.09768,-7.01,-8.15,-6.7
2026-04-07T05:00:00Z,MTR,-7.01,52.4,993.0,13.72,5,97,0.96593,0.25882,0.99522,-0.09768,-7.67,-8.02,-6.61
2026-04-07T06:00:00Z,MTR,-7.67,55.2,995.1,10.96,6,97,1.0,0.0,0.99522,-0.09768,-8.0,-7.9,-6.71
2026-04-07T07:00:00Z,MTR,-8.0,46.2,994.3,8.35,7,97,0.96593,-0.25882,0.99522,-0.09768,-8.0,-8.69,-7.17
2026-04-07T08:00:00Z,MTR,-8.0,53.6,993.9,7.62,8,97,0.86603,-0.5,0.99522,-0.09768,-7.93,-9.64,-6.42
2026-04-07T09:00:00Z,MTR,-7.93,43.9,993.8,6.9,9,97,0.70711,-0.70711,0.99522,-0.09768,-8.15,-9.25,-7.13
2026-04-07T10:00:00Z,MTR,-8.15,54.4,993.2,7.69,10,97,0.5,-0.86603,0.99522,-0.09768,-8.02,-9.52,-6.34
2026-04-07T11:00:00Z,MTR,-8.02,52.6,993.3,2.77,11,97,0.25882,-0.96593,0.99522,-0.09768,-7.9,-8.67,-5.52
2026-04-07T12:00:00Z,MTR,-7.9,53.0,990.7,7.07,12,97,0.0,-1.0,0.99522,-0.09768,-8.69,-8.14,-5.04
2026-04-07T13:00:00Z,MTR,-8.69,56.4,988.3,5.59,13,97,-0.25882,-0.96593,0.99522,-0.09768,-9.64,-8.34,-5.39
2026-04-07T14:00:00Z,MTR,-9.64,60.2,985.1,7.11,14,97,-0.5,-0.86603,0.99522,-0.09768,-9.25,-7.99,-5.36
2026-04-07T15:00:00Z,MTR,-9.25,56.1,984.7,11.98,15,97,-0.70711,-0.70711,0.99522,-0.09768,-9.52,-7.04,-5.04
2026-04-07T16:00:00Z,MTR,-9.52,56.7,984.9,10.4,16,97,-0.86603,-0.5,0.99522,-0.09768,-8.67,-8.05,-6.62
2026-04-07T17:00:00Z,MTR,-8.67,64.5,984.6,10.38,17,97,-0.96593,-0.25882,0.99522,-0.09768,-8.14,-9.19,-8.24
2026-04-07T18:00:00Z,MTR,-8.14,68.0,986.4,13.32,18,97,-1.0,-0.0,0.99522,-0.09768,-8.34,-10.1,-7.57
2026-04-07T19:00:00Z,MTR,-8.34,67.7,985.1,12.72,19,97,-0.96593,0.25882,0.99522,-0.09768,-7.99,-9.56,-8.55
2026-04-07T20:00:00Z,MTR,-7.99,53.8,985.0,13.41,20,97,-0.86603,0.5,0.99522,-0.09768,-7.04,-8.18,-8.39
2026-04-07T21:00:00Z,MTR,-7.04,74.3,981.8,16.54,21,97,-0.70711,0.70711,0.99522,-0.09768,-8.05,-8.2,-8.23
2026-04-07T22:00:00Z,MTR,-8.05,75.6,980.1,14.03,22,97,-0.5,0.86603,0.99522,-0.09768,-9.19,-6.7,-7.31
2026-04-07T23:00:00Z,MTR,-9.19,63.5,980.4,8.84,23,97,-0.25882,0.96593,0.99522,-0.09768,-10.1,-6.61,-7.23
2026-04-08T00:00:00Z,MTR,-10.1,64.2,981.0,12.7,0,98,0.0,1.0,0.99339,-0.11479,-9.56,-6.71,-7.17
2026-04-08T01:00:00Z,MTR,-9.56,66.4,979.5,11.79,1,98,0.25882,0.96593,0.99339,-0.11479,-8.18,-7.17,-6.89
2026-04-08T02:00:00Z,MTR,-8.18,72.2,978.6,13.72,2,98,0.5,0.86603,0.99339,-0.11479,-8.2,-6.42,-6.39
2026-04-08T03:00:00Z,MTR,-8.2,71.9,975.2,11.95,3,98,0.70711,0.70711,0.99339,-0.11479,-6.7,-7.13,-6.94
2026-04-08T04:00:00Z,MTR,-6.7,78.1,974.0,17.19,4,98,0.86603,0.5,0.99339,-0.11479,-6.61,-6.34,-6.8
2026-04-08T05:00:00Z,MTR,-6.61,67.3,975.3,13.52,5,98,0.96593,0.25882,0.99339,-0.11479,-6.71,-5.52,-8.65
2026-04-08T06:00:00Z,MTR,-6.71,68.8,976.0,17.08,6,98,1.0,0.0,0.99339,-0.11479,-7.17,-5.04,-9.11
2026-04-08T07:00:00Z,MTR,-7.17,67.3,976.6,10.87,7,98,0.96593,-0.25882,0.99339,-0.11479,-6.42,-5.39,-8.17
2026-04-08T08:00:00Z,MTR,-6.42,68.7,976.4,13.81,8,98,0.86603,-0.5,0.99339,-0.11479,-7.13,-5.36,-8.85
2026-04-08T09:00:00Z,MTR,-7.13,73.8,976.2,9.83,9,98,0.70711,-0.70711,0.99339,-0.11479,-6.34,-5.04,-9.46
2026-04-08T10:00:00Z,MTR,-6.34,74.1,975.0,9.71,10,98,0.5,-0.86603,0.99339,-0.11479,-5.52,-6.62,-8.7
2026-04-08T11:00:00Z,MTR,-5.52,75.3,976.4,11.3,11,98,0.25882,-0.96593,0.99339,-0.11479,-5.04,-8.24,-9.02
2026-04-08T12:00:00Z,MTR,-5.04,76.9,977.3,12.61,12,98,0.0,-1.0,0.99339,-0.11479,-5.39,-7.57,-8.02
2026-04-08T13:00:00Z,MTR,-5.39,71.5,978.3,9.43,13,98,-0.25882,-0.96593,0.99339,-0.11479,-5.36,-8.55,-8.06
2026-04-08T14:00:00Z,MTR,-5.36,62.2,977.6,12.36,14,98,-0.5,-0.86603,0.99339,-0.11479,-5.04,-8.39,-7.11
2026-04-08T15:00:00Z,MTR,-5.04,73.2,974.1,14.87,15,98,-0.70711,-0.70711,0.99339,-0.11479,-6.62,-8.23,-6.17
2026-04-08T16:00:00Z,MTR,-6.62,70.6,976.8,12.62,16,98,-0.86603,-0.5,0.99339,-0.11479,-8.24,-7.31,-5.61
2026-04-08T17:00:00Z,MTR,-8.24,74.5,976.6,16.1,17,98,-0.96593,-0.25882,0.99339,-0.11479,-7.57,-7.23,-6.16
2026-04-08T18:00:00Z,MTR,-7.57,69.6,975.8,17.15,18,98,-1.0,-0.0,0.99339,-0.11479,-8.55,-7.17,-7.14
2026-04-08T19:00:00Z,MTR,-8.55,78.9,977.9,14.85,19,98,-0.96593,0.25882,0.99339,-0.11479,-8.39,-6.89,-6.26
2026-04-08T20:00:00Z,MTR,-8.39,69.3,978.1,14.65,20,98,-0.86603,0.5,0.99339,-0.11479,-8.23,-6.39,-6.4
2026-04-08T21:00:00Z,MTR,-8.23,65.5,981.0,10.48,21,98,-0.70711,0.70711,0.99339,-0.11479,-7.31,-6.94,-6.37
2026-04-08T22:00:00Z,MTR,-7.31,64.8,983.1,12.76,22,98,-0.5,0.86603,0.99339,-0.11479,-7.23,-6.8,-5.64
2026-04-08T23:00:00Z,MTR,-7.23,60.3,985.3,10.44,23,98,-0.25882,0.96593,0.99339,-0.11479,-7.17,-8.65,-6.64
2026-04-09T00:00:00Z,MTR,-7.17,55.7,983.7,10.23,0,99,0.0,1.0,0.99127,-0.13186,-6.89,-9.11,-6.59
2026-04-09T01:00:00Z,MTR,-6.89,68.4,987.0,13.88,1,99,0.25882,0.96593,0.99127,-0.13186,-6.39,-8.17,-7.09
2026-04-09T02:00:00Z,MTR,-6.39,56.3,988.4,9.7,2,99,0.5,0.86603,0.99127,-0.13186,-6.94,-8.85,-6.59
2026-04-09T03:00:00Z,MTR,-6.94,62.8,988.7,11.38,3,99,0.70711,0.70711,0.99127,-0.13186,-6.8,-9.46,-6.43
2026-04-09T04:00:00Z,MTR,-6.8,56.9,990.0,13.44,4,99,0.86603,0.5,0.99127,-0.13186,-8.65,-8.7,-5.91
2026-04-09T05:00:00Z,MTR,-8.65,57.6,987.8,11.84,5,99,0.96593,0.25882,0.99127,-0.13186,-9.11,-9.02,-6.39
2026-04-09T06:00:00Z,MTR,-9.11,52.0,989.7,9.99,6,99,1.0,0.0,0.99127,-0.13186,-8.17,-8.02,-7.06
2026-04-09T07:00:00Z,MTR,-8.17,49.8,989.0,8.97,7,99,0.96593,-0.25882,0.99127,-0.13186,-8.85,-8.06,-7.06
2026-04-09T08:00:00Z,MTR,-8.85,57.2,987.7,7.22,8,99,0.86603,-0.5,0.99127,-0.13186,-9.46,-7.11,-7.27
2026-04-09T09:00:00Z,MTR,-9.46,59.7,986.3,11.48,9,99,0.70711,-0.70711,0.99127,-0.13186,-8.7,-6.17,-7.55
2026-04-09T10:00:00Z,MTR,-8.7,65.3,989.6,8.99,10,99,0.5,-0.86603,0.99127,-0.13186,-9.02,-5.61,-7.94
2026-04-09T11:00:00Z,MTR,-9.02,57.5,989.7,6.22,11,99,0.25882,-0.96593,0.99127,-0.13186,-8.02,-6.16,-7.39
2026-04-09T12:00:00Z,MTR,-8.02,58.3,993.6,4.13,12,99,0.0,-1.0,0.99127,-0.13186,-8.06,-7.14,-5.98
2026-04-09T13:00:00Z,MTR,-8.06,45.9,993.6,6.93,13,99,-0.25882,-0.96593,0.99127,-0.13186,-7.11,-6.26,-5.62
2026-04-09T14:00:00Z,MTR,-7.11,56.1,991.5,7.83,14,99,-0.5,-0.86603,0.99127,-0.13186,-6.17,-6.4,-5.45
2026-04-09T15:00:00Z,MTR,-6.17,58.7,990.6,5.16,15,99,-0.70711,-0.70711,0.99127,-0.13186,-5.61,-6.37,-5.4
2026-04-09T16:00:00Z,MTR,-5.61,55.1,993.8,11.16,16,99,-0.86603,-0.5,0.99127,-0.13186,-6.16,-5.64,-6.52
2026-04-09T17:00:00Z,MTR,-6.16,54.7,994.4,11.08,17,99,-0.96593,-0.25882,0.99127,-0.13186,-7.14,-6.64,-5.88
2026-04-09T18:00:00Z,MTR,-7.14,52.7,994.2,10.62,18,99,-1.0,-0.0,0.99127,-0.13186,-6.26,-6.59,-7.47
2026-04-09T19:00:00Z,MTR,-6.26,47.1,995.2,10.99,19,99,-0.96593,0.25882,0.99127,-0.13186,-6.4,-7.09,-7.42
2026-04-09T20:00:00Z,MTR,-6.4,43.4,996.7,6.64,20,99,-0.86603,0.5,0.99127,-0.13186,-6.37,-6.59,-6.95
2026-04-09T21:00:00Z,MTR,-6.37,50.9,999.2,5.37,21,99,-0.70711,0.70711,0.99127,-0.13186,-5.64,-6.43,-6.44
2026-04-09T22:00:00Z,MTR,-5.64,41.1,1002.1,5.02,22,99,-0.5,0.86603,0.99127,-0.13186,-6.64,-5.91,-6.09
2026-04-09T23:00:00Z,MTR,-6.64,42.4,1001.6,3.62,23,99,-0.25882,0.96593,0.99127,-0.13186,-6.59,-6.39,-6.97
2026-04-10T00:00:00Z,MTR,-6.59,44.2,999.2,5.77,0,100,0.0,1.0,0.98885,-0.14889,-7.09,-7.06,-8.04
2026-04-10T01:00:00Z,MTR,-7.09,44.3,998.5,7.51,1,100,0.25882,0.96593,0.98885,-0.14889,-6.59,-7.06,-7.03
2026-04-10T02:00:00Z,MTR,-6.59,40.2,999.0,5.17,2,100,0.5,0.86603,0.98885,-0.14889,-6.43,-7.27,-7.04
2026-04-10T03:00:00Z,MTR,-6.43,57.3,997.2,6.17,3,100,0.70711,0.70711,0.98885,-0.14889,-5.91,-7.55,-6.92
2026-04-10T04:00:00Z,MTR,-5.91,42.6,995.4,10.77,4,100,0.86603,0.5,0.98885,-0.14889,-6.39,-7.94,-7.45
2026-04-10T05:00:00Z,MTR,-6.39,54.7,996.0,7.27,5,100,0.96593,0.25882,0.98885,-0.14889,-7.06,-7.39,-8.25
2026-04-10T06:00:00Z,MTR,-7.06,57.4,995.7,8.87,6,100,1.0,0.0,0.98885,-0.14889,-7.06,-5.98,-8.92
2026-04-10T07:00:00Z,MTR,-7.06,51.4,995.5,3.98,7,100,0.96593,-0.25882,0.98885,-0.14889,-7.27,-5.62,-9.92
2026-04-10T08:00:00Z,MTR,-7.27,51.9,993.8,5.37,8,100,0.86603,-0.5,0.98885,-0.14889,-7.55,-5.45,-8.79
2026-04-10T09:00:00Z,MTR,-7.55,54.2,993.1,3.78,9,100,0.70711,-0.70711,0.98885,-0.14889,-7.94,-5.4,-11.05
2026-04-10T10:00:00Z,MTR,-7.94,54.9,991.1,10.03,10,100,0.5,-0.86603,0.98885,-0.14889,-7.39,-6.52,-11.27
2026-04-10T11:00:00Z,MTR,-7.39,60.2,992.4,9.06,11,100,0.25882,-0.96593,0.98885,-0.14889,-5.98,-5.88,-9.53
2026-04-10T12:00:00Z,MTR,-5.98,58.2,993.8,4.94,12,100,0.0,-1.0,0.98885,-0.14889,-5.62,-7.47,-9.63
2026-04-10T13:00:00Z,MTR,-5.62,60.4,989.9,8.78,13,100,-0.25882,-0.96593,0.98885,-0.14889,-5.45,-7.42,-10.25
2026-04-10T14:00:00Z,MTR,-5.45,50.6,987.8,5.68,14,100,-0.5,-0.86603,0.98885,-0.14889,-5.4,-6.95,-8.67
2026-04-10T15:00:00Z,MTR,-5.4,66.9,984.8,10.82,15,100,-0.70711,-0.70711,0.98885,-0.14889,-6.52,-6.44,-9.25
2026-04-10T16:00:00Z,MTR,-6.52,71.5,983.3,11.32,16,100,-0.86603,-0.5,0.98885,-0.14889,-5.88,-6.09,-7.66
2026-04-10T17:00:00Z,MTR,-5.88,69.9,982.9,16.01,17,100,-0.96593,-0.25882,0.98885,-0.14889,-7.47,-6.97,-7.93
2026-04-10T18:00:00Z,MTR,-7.47,74.6,980.1,15.67,18,100,-1.0,-0.0,0.98885,-0.14889,-7.42,-8.04,-7.59
2026-04-10T19:00:00Z,MTR,-7.42,67.4,978.3,14.4,19,100,-0.96593,0.25882,0.98885,-0.14889,-6.95,-7.03,-5.95
2026-04-10T20:00:00Z,MTR,-6.95,70.6,976.4,14.59,20,100,-0.86603,0.5,0.98885,-0.14889,-6.44,-7.04,-6.02
2026-04-10T21:00:00Z,MTR,-6.44,79.3,976.7,15.02,21,100,-0.70711,0.70711,0.98885,-0.14889,-6.09,-6.92,-6.46
2026-04-10T22:00:00Z,MTR,-6.09,75.1,976.8,12.13,22,100,-0.5,0.86603,0.98885,-0.14889,-6.97,-7.45,-6.07
2026-04-10T23:00:00Z,MTR,-6.97,73.0,975.5,15.83,23,100,-0.25882,0.96593,0.98885,-0.14889,-8.04,-8.25,-6.99
2026-04-11T00:00:00Z,MTR,-8.04,71.8,975.8,13.18,0,101,0.0,1.0,0.98615,-0.16588,-7.03,-8.92,-6.45
2026-04-11T01:00:00Z,MTR,-7.03,75.0,974.8,15.73,1,101,0.25882,0.96593,0.98615,-0.16588,-7.04,-9.92,-7.1
2026-04-11T02:00:00Z,MTR,-7.04,72.1,974.4,9.89,2,101,0.5,0.86603,0.98615,-0.16588,-6.92,-8.79,-8.38
2026-04-11T03:00:00Z,MTR,-6.92,71.9,977.5,14.52,3,101,0.70711,0.70711,0.98615,-0.16588,-7.45,-11.05,-8.51
2026-04-11T04:00:00Z,MTR,-7.45,85.3,979.8,14.76,4,101,0.86603,0.5,0.98615,-0.16588,-8.25,-11.27,-8.88
2026-04-11T05:00:00Z,MTR,-8.25,68.8,977.3,15.44,5,101,0.96593,0.25882,0.98615,-0.16588,-8.92,-9.53,-10.75
2026-04-11T06:00:00Z,MTR,-8.92,61.8,978.8,15.12,6,101,1.0,0.0,0.98615,-0.16588,-9.92,-9.63,-10.29
2026-04-11T07:00:00Z,MTR,-9.92,64.7,980.1,10.47,7,101,0.96593,-0.25882,0.98615,-0.16588,-8.79,-10.25,-11.34
2026-04-11T08:00:00Z,MTR,-8.79,74.7,978.0,16.36,8,101,0.86603,-0.5,0.98615,-0.16588,-11.05,-8.67,-11.23
2026-04-11T09:00:00Z,MTR,-11.05,72.1,979.4,11.84,9,101,0.70711,-0.70711,0.98615,-0.16588,-11.27,-9.25,-11.66
2026-04-11T10:00:00Z,MTR,-11.27,60.7,982.2,10.69,10,101,0.5,-0.86603,0.98615,-0.16588,-9.53,-7.66,-10.81
2026-04-11T11:00:00Z,MTR,-9.53,67.1,980.0,13.05,11,101,0.25882,-0.96593,0.98615,-0.16588,-9.63,-7.93,-10.61
2026-04-11T12:00:00Z,MTR,-9.63,74.2,978.3,10.61,12,101,0.0,-1.0,0.98615,-0.16588,-10.25,-7.59,-11.6
2026-04-11T13:00:00Z,MTR,-10.25,66.8,980.2,8.52,13,101,-0.25882,-0.96593,0.98615,-0.16588,-8.67,-5.95,-10.48
2026-04-11T14:00:00Z,MTR,-8.67,63.0,980.7,12.74,14,101,-0.5,-0.86603,0.98615,-0.16588,-9.25,-6.02,-10.34
2026-04-11T15:00:00Z,MTR,-9.25,62.2,981.7,9.93,15,101,-0.70711,-0.70711,0.98615,-0.16588,-7.66,-6.46,-10.91
2026-04-11T16:00:00Z,MTR,-7.66,74.6,982.3,16.16,16,101,-0.86603,-0.5,0.98615,-0.16588,-7.93,-6.07,-11.56
2026-04-11T17:00:00Z,MTR,-7.93,64.6,983.0,16.16,17,101,-0.96593,-0.25882,0.98615,-0.16588,-7.59,-6.99,-10.6
2026-04-11T18:00:00Z,MTR,-7.59,67.7,980.5,9.85,18,101,-1.0,-0.0,0.98615,-0.16588,-5.95,-6.45,-12.28
2026-04-11T19:00:00Z,MTR,-5.95,58.7,982.5,13.87,19,101,-0.96593,0.25882,0.98615,-0.16588,-6.02,-7.1,-10.55
2026-04-11T20:00:00Z,MTR,-6.02,63.7,984.5,14.84,20,101,-0.86603,0.5,0.98615,-0.16588,-6.46,-8.38,-9.85
2026-04-11T21:00:00Z,MTR,-6.46,77.8,984.0,8.8,21,101,-0.70711,0.70711,0.98615,-0.16588,-6.07,-8.51,-10.33
2026-04-11T22:00:00Z,MTR,-6.07,73.8,983.8,12.38,22,101,-0.5,0.86603,0.98615,-0.16588,-6.99,-8.88,-10.56
2026-04-11T23:00:00Z,MTR,-6.99,69.2,981.0,13.07,23,101,-0.25882,0.96593,0.98615,-0.16588,-6.45,-10.75,-10.72
2026-04-12T00:00:00Z,MTR,-6.45,74.3,981.9,10.41,0,102,0.0,1.0,0.98315,-0.18282,-7.1,-10.29,-11.11
2026-04-12T01:00:00Z,MTR,-7.1,68.4,982.9,11.0,1,102,0.25882,0.96593,0.98315,-0.18282,-8.38,-11.34,-5.76
2026-04-12T02:00:00Z,MTR,-8.38,78.2,982.7,14.4,2,102,0.5,0.86603,0.98315,-0.18282,-8.51,-11.23,-3.98
2026-04-12T03:00:00Z,MTR,-8.51,66.4,984.7,9.1,3,102,0.70711,0.70711,0.98315,-0.18282,-8.88,-11.66,-3.67
2026-04-12T04:00:00Z,MTR,-8.88,72.2,983.8,14.58,4,102,0.86603,0.5,0.98315,-0.18282,-10.75,-10.81,-4.15
2026-04-12T05:00:00Z,MTR,-10.75,54.0,984.6,13.92,5,102,0.96593,0.25882,0.98315,-0.18282,-10.29,-10.61,-4.43
2026-04-12T06:00:00Z,MTR,-10.29,69.3,982.5,16.43,6,102,1.0,0.0,0.98315,-0.18282,-11.34,-11.6,-5.51
2026-04-12T07:00:00Z,MTR,-11.34,62.2,982.3,8.51,7,102,0.96593,-0.25882,0.98315,-0.18282,-11.23,-10.48,-5.83
2026-04-12T08:00:00Z,MTR,-11.23,70.1,981.7,13.55,8,102,0.86603,-0.5,0.98315,-0.18282,-11.66,-10.34,-4.49
2026-04-12T09:00:00Z,MTR,-11.66,68.1,981.9,7.76,9,102,0.70711,-0.70711,0.98315,-0.18282,-10.81,-10.91,-4.52
2026-04-12T10:00:00Z,MTR,-10.81,74.1,980.9,10.2,10,102,0.5,-0.86603,0.98315,-0.18282,-10.61,-11.56,-5.69
2026-04-12T11:00:00Z,MTR,-10.61,72.4,980.4,8.71,11,102,0.25882,-0.96593,0.98315,-0.18282,-11.6,-10.6,-5.57
2026-04-12T12:00:00Z,MTR,-11.6,60.0,981.6,12.09,12,102,0.0,-1.0,0.98315,-0.18282,-10.48,-12.28,-10.32
2026-04-12T13:00:00Z,MTR,-10.48,58.2,980.4,9.52,13,102,-0.25882,-0.96593,0.98315,-0.18282,-10.34,-10.55,-9.42
2026-04-12T14:00:00Z,MTR,-10.34,71.2,977.1,14.41,14,102,-0.5,-0.86603,0.98315,-0.18282,-10.91,-9.85,-4.54
2026-04-12T15:00:00Z,MTR,-10.91,71.1,979.9,7.81,15,102,-0.70711,-0.70711,0.98315,-0.18282,-11.56,-10.33,-9.39
2026-04-12T16:00:00Z,MTR,-11.56,70.0,982.0,12.65,16,102,-0.86603,-0.5,0.98315,-0.18282,-10.6,-10.56,-8.99
2026-04-12T17:00:00Z,MTR,-10.6,71.8,979.0,18.44,17,102,-0.96593,-0.25882,0.98315,-0.18282,-12.28,-10.72,-8.11
2026-04-12T18:00:00Z,MTR,-12.28,72.2,979.8,13.22,18,102,-1.0,-0.0,0.98315,-0.18282,-10.55,-11.11,-7.94
2026-04-12T19:00:00Z,MTR,-10.55,76.0,978.3,17.23,19,102,-0.96593,0.25882,0.98315,-0.18282,-9.85,-5.76,-8.72
2026-04-12T20:00:00Z,MTR,-9.85,71.9,978.3,16.17,20,102,-0.86603,0.5,0.98315,-0.18282,-10.33,-3.98,-8.36
2026-04-12T21:00:00Z,MTR,-10.33,73.4,978.2,11.62,21,102,-0.70711,0.70711,0.98315,-0.18282,-10.56,-3.67,-9.39
2026-04-12T22:00:00Z,MTR,-10.56,75.6,977.2,14.26,22,102,-0.5,0.86603,0.98315,-0.18282,-10.72,-4.15,-8.7
2026-04-12T23:00:00Z,MTR,-10.72,74.6,975.3,16.7,23,102,-0.25882,0.96593,0.98315,-0.18282,-11.11,-4.43,-9.24
2026-04-13T00:00:00Z,MTR,-11.11,82.6,973.6,12.49,0,103,0.0,1.0,0.97986,-0.1997,-5.76,-5.51,-11.21
2026-04-13T01:00:00Z,MTR,-5.76,71.5,971.5,13.51,1,103,0.25882,0.96593,0.97986,-0.1997,-3.98,-5.83,-10.52
2026-04-13T02:00:00Z,MTR,-3.98,88.6,969.8,16.99,2,103,0.5,0.86603,0.97986,-0.1997,-3.67,-4.49,-10.88
2026-04-13T03:00:00Z,MTR,-3.67,85.8,969.4,16.73,3,103,0.70711,0.70711,0.97986,-0.1997,-4.15,-4.52,-11.24
2026-04-13T04:00:00Z,MTR,-4.15,92.4,968.0,15.21,4,103,0.86603,0.5,0.97986,-0.1997,-4.43,-5.69,-11.44
2026-04-13T05:00:00Z,MTR,-4.43,73.6,969.1,17.73,5,103,0.96593,0.25882,0.97986,-0.1997,-5.51,-5.57,-12.91
2026-04-13T06:00:00Z,MTR,-5.51,76.5,971.7,16.47,6,103,1.0,0.0,0.97986,-0.1997,-5.83,-10.32,-13.61
2026-04-13T07:00:00Z,MTR,-5.83,81.2,970.4,14.09,7,103,0.96593,-0.25882,0.97986,-0.1997,-4.49,-9.42,-12.74
2026-04-13T08:00:00Z,MTR,-4.49,78.4,970.8,9.44,8,103,0.86603,-0.5,0.97986,-0.1997,-4.52,-4.54,-12.28
2026-04-13T09:00:00Z,MTR,-4.52,75.7,971.6,14.71,9,103,0.70711,-0.70711,0.97986,-0.1997,-5.69,-9.39,-11.15
2026-04-13T10:00:00Z,MTR,-5.69,77.3,972.3,10.45,10,103,0.5,-0.86603,0.97986,-0.1997,-5.57,-8.99,-9.66
2026-04-13T11:00:00Z,MTR,-5.57,83.4,972.4,15.19,11,103,0.25882,-0.96593,0.97986,-0.1997,-10.32,-8.11,-10.78
2026-04-13T12:00:00Z,MTR,-10.32,76.6,973.8,15.39,12,103,0.0,-1.0,0.97986,-0.1997,-9.42,-7.94,-10.96
2026-04-13T13:00:00Z,MTR,-9.42,66.2,974.6,8.98,13,103,-0.25882,-0.96593,0.97986,-0.1997,-4.54,-8.72,-11.05
2026-04-13T14:00:00Z,MTR,-4.54,87.7,972.4,16.28,14,103,-0.5,-0.86603,0.97986,-0.1997,-9.39,-8.36,-10.02
2026-04-13T15:00:00Z,MTR,-9.39,69.8,974.2,12.86,15,103,-0.70711,-0.70711,0.97986,-0.1997,-8.99,-9.39,-11.08
2026-04-13T16:00:00Z,MTR,-8.99,68.2,976.0,17.67,16,103,-0.86603,-0.5,0.97986,-0.1997,-8.11,-8.7,-10.89
2026-04-13T17:00:00Z,MTR,-8.11,71.9,974.9,18.11,17,103,-0.96593,-0.25882,0.97986,-0.1997,-7.94,-9.24,-9.86
2026-04-13T18:00:00Z,MTR,-7.94,70.6,975.3,13.33,18,103,-1.0,-0.0,0.97986,-0.1997,-8.72,-11.21,-9.2
2026-04-13T19:00:00Z,MTR,-8.72,73.5,977.0,13.84,19,103,-0.96593,0.25882,0.97986,-0.1997,-8.36,-10.52,-8.85
2026-04-13T20:00:00Z,MTR,-8.36,86.5,977.1,18.4,20,103,-0.86603,0.5,0.97986,-0.1997,-9.39,-10.88,-9.45
2026-04-13T21:00:00Z,MTR,-9.39,64.4,979.6,11.31,21,103,-0.70711,0.70711,0.97986,-0.1997,-8.7,-11.24,-8.66
2026-04-13T22:00:00Z,MTR,-8.7,69.8,984.3,12.19,22,103,-0.5,0.86603,0.97986,-0.1997,-9.24,-11.44,-9.93
2026-04-13T23:00:00Z,MTR,-9.24,74.3,983.3,9.46,23,103,-0.25882,0.96593,0.97986,-0.1997,-11.21,-12.91,-9.55
2026-04-14T00:00:00Z,MTR,-11.21,64.2,981.4,8.9,0,104,0.0,1.0,0.97628,-0.21653,-10.52,-13.61,-11.15
2026-04-14T01:00:00Z,MTR,-10.52,65.2,982.6,11.15,1,104,0.25882,0.96593,0.97628,-0.21653,-10.88,-12.74,-9.75
2026-04-14T02:00:00Z,MTR,-10.88,66.5,984.7,15.73,2,104,0.5,0.86603,0.97628,-0.21653,-11.24,-12.28,-10.63
2026-04-14T03:00:00Z,MTR,-11.24,61.7,985.1,13.49,3,104,0.70711,0.70711,0.97628,-0.21653,-11.44,-11.15,-10.95
2026-04-14T04:00:00Z,MTR,-11.44,50.2,988.5,9.25,4,104,0.86603,0.5,0.97628,-0.21653,-12.91,-9.66,-9.65
2026-04-14T05:00:00Z,MTR,-12.91,68.7,986.9,12.65,5,104,0.96593,0.25882,0.97628,-0.21653,-13.61,-10.78,-9.34
2026-04-14T06:00:00Z,MTR,-13.61,59.1,989.0,7.94,6,104,1.0,0.0,0.97628,-0.21653,-12.74,-10.96,-9.93
2026-04-14T07:00:00Z,MTR,-12.74,55.5,988.8,7.09,7,104,0.96593,-0.25882,0.97628,-0.21653,-12.28,-11.05,-9.86
2026-04-14T08:00:00Z,MTR,-12.28,54.0,992.9,7.2,8,104,0.86603,-0.5,0.97628,-0.21653,-11.15,-10.02,-9.37
2026-04-14T09:00:00Z,MTR,-11.15,48.1,997.3,6.82,9,104,0.70711,-0.70711,0.97628,-0.21653,-9.66,-11.08,-8.84
2026-04-14T10:00:00Z,MTR,-9.66,54.0,996.6,8.75,10,104,0.5,-0.86603,0.97628,-0.21653,-10.78,-10.89,-8.87
2026-04-14T11:00:00Z,MTR,-10.78,46.0,996.4,6.44,11,104,0.25882,-0.96593,0.97628,-0.21653,-10.96,-9.86,-9.08
2026-04-14T12:00:00Z,MTR,-10.96,45.8,998.8,4.92,12,104,0.0,-1.0,0.97628,-0.21653,-11.05,-9.2,-8.61
2026-04-14T13:00:00Z,MTR,-11.05,48.2,998.8,4.22,13,104,-0.25882,-0.96593,0.97628,-0.21653,-10.02,-8.85,-8.97
2026-04-14T14:00:00Z,MTR,-10.02,37.4,999.5,5.72,14,104,-0.5,-0.86603,0.97628,-0.21653,-11.08,-9.45,-10.02
2026-04-14T15:00:00Z,MTR,-11.08,44.0,1000.3,1.96,15,104,-0.70711,-0.70711,0.97628,-0.21653,-10.89,-8.66,-10.53
2026-04-14T16:00:00Z,MTR,-10.89,46.1,997.6,6.98,16,104,-0.86603,-0.5,0.97628,-0.21653,-9.86,-9.93,-10.62
2026-04-14T17:00:00Z,MTR,-9.86,51.4,998.4,6.04,17,104,-0.96593,-0.25882,0.97628,-0.21653,-9.2,-9.55,-10.33
2026-04-14T18:00:00Z,MTR,-9.2,50.5,998.0,7.61,18,104,-1.0,-0.0,0.97628,-0.21653,-8.85,-11.15,-10.17
2026-04-14T19:00:00Z,MTR,-8.85,55.5,998.0,7.11,19,104,-0.96593,0.25882,0.97628,-0.21653,-9.45,-9.75,-11.16
2026-04-14T20:00:00Z,MTR,-9.45,35.2,1001.4,5.48,20,104,-0.86603,0.5,0.97628,-0.21653,-8.66,-10.63,-10.73
2026-04-14T21:00:00Z,MTR,-8.66,43.9,999.7,5.78,21,104,-0.70711,0.70711,0.97628,-0.21653,-9.93,-10.95,-10.85
2026-04-14T22:00:00Z,MTR,-9.93,45.9,1001.9,6.05,22,104,-0.5,0.86603,0.97628,-0.21653,-9.55,-9.65,-11.22
2026-04-14T23:00:00Z,MTR,-9.55,51.8,1001.9,7.32,23,104,-0.25882,0.96593,0.97628,-0.21653,-11.15,-9.34,-10.46
2026-04-15T00:00:00Z,MTR,-11.15,39.0,1001.8,4.47,0,105,0.0,1.0,0.97241,-0.23329,-9.75,-9.93,-11.26
2026-04-15T01:00:00Z,MTR,-9.75,38.2,1003.7,3.04,1,105,0.25882,0.96593,0.97241,-0.23329,-10.63,-9.86,-9.87
2026-04-15T02:00:00Z,MTR,-10.63,48.7,1004.5,5.62,2,105,0.5,0.86603,0.97241,-0.23329,-10.95,-9.37,-8.64
2026-04-15T03:00:00Z,MTR,-10.95,52.4,1005.7,5.31,3,105,0.70711,0.70711,0.97241,-0.23329,-9.65,-8.84,-7.99
2026-04-15T04:00:00Z,MTR,-9.65,47.7,1007.4,5.4,4,105,0.86603,0.5,0.97241,-0.23329,-9.34,-8.87,-8.64
2026-04-15T05:00:00Z,MTR,-9.34,48.6,1006.6,5.62,5,105,0.96593,0.25882,0.97241,-0.23329,-9.93,-9.08,-8.32
2026-04-15T06:00:00Z,MTR,-9.93,44.7,1005.3,9.68,6,105,1.0,0.0,0.97241,-0.23329,-9.86,-8.61,-8.24
2026-04-15T07:00:00Z,MTR,-9.86,44.6,1003.1,7.04,7,105,0.96593,-0.25882,0.97241,-0.23329,-9.37,-8.97,-8.91
2026-04-15T08:00:00Z,MTR,-9.37,54.0,1001.4,2.9,8,105,0.86603,-0.5,0.97241,-0.23329,-8.84,-10.02,-7.95
2026-04-15T09:00:00Z,MTR,-8.84,37.1,1006.5,0.78,9,105,0.70711,-0.70711,0.97241,-0.23329,-8.87,-10.53,-7.83
2026-04-15T10:00:00Z,MTR,-8.87,32.9,1008.2,3.59,10,105,0.5,-0.86603,0.97241,-0.23329,-9.08,-10.62,-9.63
2026-04-15T11:00:00Z,MTR,-9.08,41.6,1005.0,0.47,11,105,0.25882,-0.96593,0.97241,-0.23329,-8.61,-10.33,-8.46
2026-04-15T12:00:00Z,MTR,-8.61,43.3,1001.9,6.59,12,105,0.0,-1.0,0.97241,-0.23329,-8.97,-10.17,-7.43
2026-04-15T13:00:00Z,MTR,-8.97,39.1,1002.1,0.2,13,105,-0.25882,-0.96593,0.97241,-0.23329,-10.02,-11.16,-7.74
2026-04-15T14:00:00Z,MTR,-10.02,48.7,1002.4,6.17,14,105,-0.5,-0.86603,0.97241,-0.23329,-10.53,-10.73,-7.56
2026-04-15T15:00:00Z,MTR,-10.53,42.8,1002.5,5.26,15,105,-0.70711,-0.70711,0.97241,-0.23329,-10.62,-10.85,-7.79
2026-04-15T16:00:00Z,MTR,-10.62,46.7,1001.1,6.29,16,105,-0.86603,-0.5,0.97241,-0.23329,-10.33,-11.22,-8.38
2026-04-15T17:00:00Z,MTR,-10.33,49.7,999.9,6.41,17,105,-0.96593,-0.25882,0.97241,-0.23329,-10.17,-10.46,-6.5
2026-04-15T18:00:00Z,MTR,-10.17,39.8,999.5,10.63,18,105,-1.0,-0.0,0.97241,-0.23329,-11.16,-11.26,-6.7
2026-04-15T19:00:00Z,MTR,-11.16,56.2,998.6,11.94,19,105,-0.96593,0.25882,0.97241,-0.23329,-10.73,-9.87,-7.17
2026-04-15T20:00:00Z,MTR,-10.73,65.5,993.6,8.45,20,105,-0.86603,0.5,0.97241,-0.23329,-10.85,-8.64,-7.5
2026-04-15T21:00:00Z,MTR,-10.85,62.4,992.3,10.72,21,105,-0.70711,0.70711,0.97241,-0.23329,-11.22,-7.99,-7.85
2026-04-15T22:00:00Z,MTR,-11.22,40.7,989.8,11.59,22,105,-0.5,0.86603,0.97241,-0.23329,-10.46,-8.64,-7.49
2026-04-15T23:00:00Z,MTR,-10.46,59.8,989.3,10.17,23,105,-0.25882,0.96593,0.97241,-0.23329,-11.26,-8.32,-7.02
2026-04-16T00:00:00Z,MTR,-11.26,43.8,993.9,6.65,0,106,0.0,1.0,0.96825,-0.24998,-9.87,-8.24,-8.42
2026-04-16T01:00:00Z,MTR,-9.87,59.6,993.4,6.82,1,106,0.25882,0.96593,0.96825,-0.24998,-8.64,-8.91,-8.35
2026-04-16T02:00:00Z,MTR,-8.64,62.2,991.7,9.57,2,106,0.5,0.86603,0.96825,-0.24998,-7.99,-7.95,-8.19
2026-04-16T03:00:00Z,MTR,-7.99,56.2,992.3,5.38,3,106,0.70711,0.70711,0.96825,-0.24998,-8.64,-7.83,-9.33
2026-04-16T04:00:00Z,MTR,-8.64,43.6,992.0,12.87,4,106,0.86603,0.5,0.96825,-0.24998,-8.32,-9.63,-8.7
2026-04-16T05:00:00Z,MTR,-8.32,55.6,991.6,7.26,5,106,0.96593,0.25882,0.96825,-0.24998,-8.24,-8.46,-9.4
2026-04-16T06:00:00Z,MTR,-8.24,50.6,991.6,9.13,6,106,1.0,0.0,0.96825,-0.24998,-8.91,-7.43,-9.47
2026-04-16T07:00:00Z,MTR,-8.91,54.3,994.1,9.16,7,106,0.96593,-0.25882,0.96825,-0.24998,-7.95,-7.74,-9.59
2026-04-16T08:00:00Z,MTR,-7.95,55.8,990.8,5.56,8,106,0.86603,-0.5,0.96825,-0.24998,-7.83,-7.56,-9.29
2026-04-16T09:00:00Z,MTR,-7.83,61.3,990.6,5.38,9,106,0.70711,-0.70711,0.96825,-0.24998,-9.63,-7.79,-9.67
2026-04-16T10:00:00Z,MTR,-9.63,59.8,987.8,11.38,10,106,0.5,-0.86603,0.96825,-0.24998,-8.46,-8.38,-10.31
2026-04-16T11:00:00Z,MTR,-8.46,69.1,987.9,12.13,11,106,0.25882,-0.96593,0.96825,-0.24998,-7.43,-6.5,-10.42
2026-04-16T12:00:00Z,MTR,-7.43,65.4,985.3,12.49,12,106,0.0,-1.0,0.96825,-0.24998,-7.74,-6.7,-10.25
2026-04-16T13:00:00Z,MTR,-7.74,62.0,983.8,11.57,13,106,-0.25882,-0.96593,0.96825,-0.24998,-7.56,-7.17,-10.35
2026-04-16T14:00:00Z,MTR,-7.56,66.5,982.6,15.22,14,106,-0.5,-0.86603,0.96825,-0.24998,-7.79,-7.5,-10.65
2026-04-16T15:00:00Z,MTR,-7.79,70.4,983.8,9.37,15,106,-0.70711,-0.70711,0.96825,-0.24998,-8.38,-7.85,-11.09
2026-04-16T16:00:00Z,MTR,-8.38,70.8,984.9,11.86,16,106,-0.86603,-0.5,0.96825,-0.24998,-6.5,-7.49,-10.04
2026-04-16T17:00:00Z,MTR,-6.5,53.8,982.0,13.91,17,106,-0.96593,-0.25882,0.96825,-0.24998,-6.7,-7.02,-9.94
2026-04-16T18:00:00Z,MTR,-6.7,62.5,981.6,16.98,18,106,-1.0,-0.0,0.96825,-0.24998,-7.17,-8.42,-9.75
2026-04-16T19:00:00Z,MTR,-7.17,66.6,980.0,15.73,19,106,-0.96593,0.25882,0.96825,-0.24998,-7.5,-8.35,-9.5
2026-04-16T20:00:00Z,MTR,-7.5,80.1,977.4,18.5,20,106,-0.86603,0.5,0.96825,-0.24998,-7.85,-8.19,-10.28
2026-04-16T21:00:00Z,MTR,-7.85,78.8,977.0,14.79,21,106,-0.70711,0.70711,0.96825,-0.24998,-7.49,-9.33,-4.08
2026-04-16T22:00:00Z,MTR,-7.49,77.0,976.4,11.14,22,106,-0.5,0.86603,0.96825,-0.24998,-7.02,-8.7,-8.69
2026-04-16T23:00:00Z,MTR,-7.02,73.1,980.7,10.48,23,106,-0.25882,0.96593,0.96825,-0.24998,-8.42,-9.4,-8.23
2026-04-17T00:00:00Z,MTR,-8.42,76.0,981.4,12.76,0,107,0.0,1.0,0.96381,-0.2666,-8.35,-9.47,-8.75
2026-04-17T01:00:00Z,MTR,-8.35,72.5,978.7,11.51,1,107,0.25882,0.96593,0.96381,-0.2666,-8.19,-9.59,-8.62
2026-04-17T02:00:00Z,MTR,-8.19,76.9,977.7,13.88,2,107,0.5,0.86603,0.96381,-0.2666,-9.33,-9.29,-4.59
2026-04-17T03:00:00Z,MTR,-9.33,71.8,979.6,14.27,3,107,0.70711,0.70711,0.96381,-0.2666,-8.7,-9.67,-4.52
2026-04-17T04:00:00Z,MTR,-8.7,71.9,983.4,16.69,4,107,0.86603,0.5,0.96381,-0.2666,-9.4,-10.31,-4.04
2026-04-17T05:00:00Z,MTR,-9.4,67.1,980.3,16.19,5,107,0.96593,0.25882,0.96381,-0.2666,-9.47,-10.42,-8.46
2026-04-17T06:00:00Z,MTR,-9.47,68.8,977.0,17.04,6,107,1.0,0.0,0.96381,-0.2666,-9.59,-10.25,-8.08
2026-04-17T07:00:00Z,MTR,-9.59,65.6,980.5,14.69,7,107,0.96593,-0.25882,0.96381,-0.2666,-9.29,-10.35,-8.05
2026-04-17T08:00:00Z,MTR,-9.29,65.1,981.2,9.09,8,107,0.86603,-0.5,0.96381,-0.2666,-9.67,-10.65,-8.34
2026-04-17T09:00:00Z,MTR,-9.67,72.9,979.7,11.77,9,107,0.70711,-0.70711,0.96381,-0.2666,-10.31,-11.09,-8.82
2026-04-17T10:00:00Z,MTR,-10.31,77.1,980.7,15.29,10,107,0.5,-0.86603,0.96381,-0.2666,-10.42,-10.04,-8.35
2026-04-17T11:00:00Z,MTR,-10.42,70.1,976.0,13.54,11,107,0.25882,-0.96593,0.96381,-0.2666,-10.25,-9.94,-8.51
2026-04-17T12:00:00Z,MTR,-10.25,84.8,976.2,11.33,12,107,0.0,-1.0,0.96381,-0.2666,-10.35,-9.75,-8.68
2026-04-17T13:00:00Z,MTR,-10.35,70.3,977.0,11.32,13,107,-0.25882,-0.96593,0.96381,-0.2666,-10.65,-9.5,-9.18
2026-04-17T14:00:00Z,MTR,-10.65,70.6,978.8,14.39,14,107,-0.5,-0.86603,0.96381,-0.2666,-11.09,-10.28,-9.43
2026-04-17T15:00:00Z,MTR,-11.09,72.7,977.1,11.07,15,107,-0.70711,-0.70711,0.96381,-0.2666,-10.04,-4.08,-9.76
2026-04-17T16:00:00Z,MTR,-10.04,68.9,977.4,14.68,16,107,-0.86603,-0.5,0.96381,-0.2666,-9.94,-8.69,-9.46
2026-04-17T17:00:00Z,MTR,-9.94,70.8,975.8,13.67,17,107,-0.96593,-0.25882,0.96381,-0.2666,-9.75,-8.23,-9.31
2026-04-17T18:00:00Z,MTR,-9.75,71.7,976.4,15.31,18,107,-1.0,-0.0,0.96381,-0.2666,-9.5,-8.75,-8.47
2026-04-17T19:00:00Z,MTR,-9.5,69.4,974.9,17.2,19,107,-0.96593,0.25882,0.96381,-0.2666,-10.28,-8.62,-8.14
2026-04-17T20:00:00Z,MTR,-10.28,71.3,974.3,15.51,20,107,-0.86603,0.5,0.96381,-0.2666,-4.08,-4.59,-7.3
2026-04-17T21:00:00Z,MTR,-4.08,76.8,972.6,16.15,21,107,-0.70711,0.70711,0.96381,-0.2666,-8.69,-4.52,-7.01
2026-04-17T22:00:00Z,MTR,-8.69,72.8,974.0,12.61,22,107,-0.5,0.86603,0.96381,-0.2666,-8.23,-4.04,-7.14
2026-04-17T23:00:00Z,MTR,-8.23,69.8,975.6,12.41,23,107,-0.25882,0.96593,0.96381,-0.2666,-8.75,-8.46,-6.52
2026-04-18T00:00:00Z,MTR,-8.75,80.0,975.2,17.03,0,108,0.0,1.0,0.95908,-0.28314,-8.62,-8.08,-6.97
2026-04-18T01:00:00Z,MTR,-8.62,65.0,975.2,13.39,1,108,0.25882,0.96593,0.95908,-0.28314,-4.59,-8.05,-7.01
2026-04-18T02:00:00Z,MTR,-4.59,80.2,972.6,16.11,2,108,0.5,0.86603,0.95908,-0.28314,-4.52,-8.34,-8.64
2026-04-18T03:00:00Z,MTR,-4.52,78.0,972.1,14.66,3,108,0.70711,0.70711,0.95908,-0.28314,-4.04,-8.82,-9.57
2026-04-18T04:00:00Z,MTR,-4.04,79.4,972.1,16.94,4,108,0.86603,0.5,0.95908,-0.28314,-8.46,-8.35,-9.51
2026-04-18T05:00:00Z,MTR,-8.46,66.5,976.9,15.05,5,108,0.96593,0.25882,0.95908,-0.28314,-8.08,-8.51,-8.61
2026-04-18T06:00:00Z,MTR,-8.08,73.2,974.7,18.65,6,108,1.0,0.0,0.95908,-0.28314,-8.05,-8.68,-8.37
2026-04-18T07:00:00Z,MTR,-8.05,75.0,977.2,17.59,7,108,0.96593,-0.25882,0.95908,-0.28314,-8.34,-9.18,-7.76
2026-04-18T08:00:00Z,MTR,-8.34,67.7,978.7,13.9,8,108,0.86603,-0.5,0.95908,-0.28314,-8.82,-9.43,-7.6
2026-04-18T09:00:00Z,MTR,-8.82,61.9,978.9,11.68,9,108,0.70711,-0.70711,0.95908,-0.28314,-8.35,-9.76,-7.54
2026-04-18T10:00:00Z,MTR,-8.35,66.3,981.8,14.65,10,108,0.5,-0.86603,0.95908,-0.28314,-8.51,-9.46,-8.27
2026-04-18T11:00:00Z,MTR,-8.51,65.7,982.0,12.11,11,108,0.25882,-0.96593,0.95908,-0.28314,-8.68,-9.31,-7.87
2026-04-18T12:00:00Z,MTR,-8.68,68.7,982.3,7.56,12,108,0.0,-1.0,0.95908,-0.28314,-9.18,-8.47,-8.99
2026-04-18T13:00:00Z,MTR,-9.18,73.1,981.7,13.68,13,108,-0.25882,-0.96593,0.95908,-0.28314,-9.43,-8.14,-8.84
2026-04-18T14:00:00Z,MTR,-9.43,65.2,983.5,9.98,14,108,-0.5,-0.86603,0.95908,-0.28314,-9.76,-7.3,-8.11
2026-04-18T15:00:00Z,MTR,-9.76,65.7,985.1,11.76,15,108,-0.70711,-0.70711,0.95908,-0.28314,-9.46,-7.01,-8.35
2026-04-18T16:00:00Z,MTR,-9.46,70.1,983.4,10.95,16,108,-0.86603,-0.5,0.95908,-0.28314,-9.31,-7.14,-8.13
2026-04-18T17:00:00Z,MTR,-9.31,67.6,980.7,14.17,17,108,-0.96593,-0.25882,0.95908,-0.28314,-8.47,-6.52,-7.5
2026-04-18T18:00:00Z,MTR,-8.47,72.4,980.2,16.11,18,108,-1.0,-0.0,0.95908,-0.28314,-8.14,-6.97,-7.84
2026-04-18T19:00:00Z,MTR,-8.14,63.9,978.6,15.49,19,108,-0.96593,0.25882,0.95908,-0.28314,-7.3,-7.01,-6.76
2026-04-18T20:00:00Z,MTR,-7.3,67.9,978.6,14.38,20,108,-0.86603,0.5,0.95908,-0.28314,-7.01,-8.64,-6.41
2026-04-18T21:00:00Z,MTR,-7.01,75.2,980.9,8.43,21,108,-0.70711,0.70711,0.95908,-0.28314,-7.14,-9.57,-6.6
2026-04-18T22:00:00Z,MTR,-7.14,73.4,980.1,11.39,22,108,-0.5,0.86603,0.95908,-0.28314,-6.52,-9.51,-8.53
2026-04-18T23:00:00Z,MTR,-6.52,72.0,980.2,10.04,23,108,-0.25882,0.96593,0.95908,-0.28314,-6.97,-8.61,-8.77
2026-04-19T00:00:00Z,MTR,-6.97,62.2,980.6,7.25,0,109,0.0,1.0,0.95407,-0.29959,-7.01,-8.37,-9.29
2026-04-19T01:00:00Z,MTR,-7.01,57.9,982.4,9.85,1,109,0.25882,0.96593,0.95407,-0.29959,-8.64,-7.76,-9.18
2026-04-19T02:00:00Z,MTR,-8.64,66.7,978.7,17.08,2,109,0.5,0.86603,0.95407,-0.29959,-9.57,-7.6,-8.23
2026-04-19T03:00:00Z,MTR,-9.57,72.3,978.2,16.57,3,109,0.70711,0.70711,0.95407,-0.29959,-9.51,-7.54,-7.66
2026-04-19T04:00:00Z,MTR,-9.51,72.3,979.2,12.78,4,109,0.86603,0.5,0.95407,-0.29959,-8.61,-8.27,-7.73
2026-04-19T05:00:00Z,MTR,-8.61,74.6,982.1,12.67,5,109,0.96593,0.25882,0.95407,-0.29959,-8.37,-7.87,-8.15
2026-04-19T06:00:00Z,MTR,-8.37,60.9,981.9,12.86,6,109,1.0,0.0,0.95407,-0.29959,-7.76,-8.99,-9.72
2026-04-19T07:00:00Z,MTR,-7.76,67.8,979.3,16.3,7,109,0.96593,-0.25882,0.95407,-0.29959,-7.6,-8.84,-9.26
2026-04-19T08:00:00Z,MTR,-7.6,75.2,981.4,11.52,8,109,0.86603,-0.5,0.95407,-0.29959,-7.54,-8.11,-8.98
2026-04-19T09:00:00Z,MTR,-7.54,58.6,981.2,9.34,9,109,0.70711,-0.70711,0.95407,-0.29959,-8.27,-8.35,-8.11
2026-04-19T10:00:00Z,MTR,-8.27,69.0,980.1,9.93,10,109,0.5,-0.86603,0.95407,-0.29959,-7.87,-8.13,-7.84
2026-04-19T11:00:00Z,MTR,-7.87,59.2,980.2,13.27,11,109,0.25882,-0.96593,0.95407,-0.29959,-8.99,-7.5,-8.38
2026-04-19T12:00:00Z,MTR,-8.99,66.3,981.1,13.84,12,109,0.0,-1.0,0.95407,-0.29959,-8.84,-7.84,-8.18
2026-04-19T13:00:00Z,MTR,-8.84,76.2,981.3,8.93,13,109,-0.25882,-0.96593,0.95407,-0.29959,-8.11,-6.76,-8.21
2026-04-19T14:00:00Z,MTR,-8.11,72.4,978.7,11.36,14,109,-0.5,-0.86603,0.95407,-0.29959,-8.35,-6.41,-7.84
2026-04-19T15:00:00Z,MTR,-8.35,73.7,981.9,13.28,15,109,-0.70711,-0.70711,0.95407,-0.29959,-8.13,-6.6,-8.49
2026-04-19T16:00:00Z,MTR,-8.13,65.7,985.6,11.95,16,109,-0.86603,-0.5,0.95407,-0.29959,-7.5,-8.53,-9.12
2026-04-19T17:00:00Z,MTR,-7.5,63.8,988.1,14.12,17,109,-0.96593,-0.25882,0.95407,-0.29959,-7.84,-8.77,-9.12
2026-04-19T18:00:00Z,MTR,-7.84,53.2,987.2,11.95,18,109,-1.0,-0.0,0.95407,-0.29959,-6.76,-9.29,-9.28
2026-04-19T19:00:00Z,MTR,-6.76,71.8,988.2,15.64,19,109,-0.96593,0.25882,0.95407,-0.29959,-6.41,-9.18,-9.8
2026-04-19T20:00:00Z,MTR,-6.41,67.7,989.4,13.45,20,109,-0.86603,0.5,0.95407,-0.29959,-6.6,-8.23,-10.29
2026-04-19T21:00:00Z,MTR,-6.6,52.0,991.8,8.35,21,109,-0.70711,0.70711,0.95407,-0.29959,-8.53,-7.66,-9.4
2026-04-19T22:00:00Z,MTR,-8.53,61.1,994.1,8.35,22,109,-0.5,0.86603,0.95407,-0.29959,-8.77,-7.73,-9.55
2026-04-19T23:00:00Z,MTR,-8.77,58.2,993.8,5.52,23,109,-0.25882,0.96593,0.95407,-0.29959,-9.29,-8.15,-8.78
2026-04-20T00:00:00Z,MTR,-9.29,54.9,995.0,5.39,0,110,0.0,1.0,0.94877,-0.31596,-9.18,-9.72,-7.59
2026-04-20T01:00:00Z,MTR,-9.18,51.8,996.7,8.23,1,110,0.25882,0.96593,0.94877,-0.31596,-8.23,-9.26,-7.96
2026-04-20T02:00:00Z,MTR,-8.23,46.3,1000.2,6.67,2,110,0.5,0.86603,0.94877,-0.31596,-7.66,-8.98,-8.67
2026-04-20T03:00:00Z,MTR,-7.66,54.7,1002.1,10.49,3,110,0.70711,0.70711,0.94877,-0.31596,-7.73,-8.11,-9.56
2026-04-20T04:00:00Z,MTR,-7.73,42.8,1004.0,3.74,4,110,0.86603,0.5,0.94877,-0.31596,-8.15,-7.84,-8.83
2026-04-20T05:00:00Z,MTR,-8.15,44.7,1004.6,6.3,5,110,0.96593,0.25882,0.94877,-0.31596,-9.72,-8.38,-9.04
2026-04-20T06:00:00Z,MTR,-9.72,47.3,1007.4,4.53,6,110,1.0,0.0,0.94877,-0.31596,-9.26,-8.18,-9.07
2026-04-20T07:00:00Z,MTR,-9.26,44.0,1008.2,4.52,7,110,0.96593,-0.25882,0.94877,-0.31596,-8.98,-8.21,-9.44
2026-04-20T08:00:00Z,MTR,-8.98,32.9,1006.6,2.38,8,110,0.86603,-0.5,0.94877,-0.31596,-8.11,-7.84,-9.47
2026-04-20T09:00:00Z,MTR,-8.11,33.0,1009.1,0.2,9,110,0.70711,-0.70711,0.94877,-0.31596,-7.84,-8.49,-7.33
2026-04-20T10:00:00Z,MTR,-7.84,31.7,1010.1,3.04,10,110,0.5,-0.86603,0.94877,-0.31596,-8.38,-9.12,-7.82
2026-04-20T11:00:00Z,MTR,-8.38,39.8,1009.0,5.01,11,110,0.25882,-0.96593,0.94877,-0.31596,-8.18,-9.12,-9.41
2026-04-20T12:00:00Z,MTR,-8.18,34.9,1007.7,0.2,12,110,0.0,-1.0,0.94877,-0.31596,-8.21,-9.28,-9.53
2026-04-20T13:00:00Z,MTR,-8.21,36.7,1007.8,4.68,13,110,-0.25882,-0.96593,0.94877,-0.31596,-7.84,-9.8,-10.09
2026-04-20T14:00:00Z,MTR,-7.84,37.8,1008.1,6.83,14,110,-0.5,-0.86603,0.94877,-0.31596,-8.49,-10.29,-9.8
2026-04-20T15:00:00Z,MTR,-8.49,40.5,1007.8,4.75,15,110,-0.70711,-0.70711,0.94877,-0.31596,-9.12,-9.4,-10.07
2026-04-20T16:00:00Z,MTR,-9.12,37.2,1007.6,3.77,16,110,-0.86603,-0.5,0.94877,-0.31596,-9.12,-9.55,-9.26
2026-04-20T17:00:00Z,MTR,-9.12,41.0,1009.8,3.45,17,110,-0.96593,-0.25882,0.94877,-0.31596,-9.28,-8.78,-10.87
2026-04-20T18:00:00Z,MTR,-9.28,30.0,1010.7,3.81,18,110,-1.0,-0.0,0.94877,-0.31596,-9.8,-7.59,-10.44
2026-04-20T19:00:00Z,MTR,-9.8,29.4,1009.9,5.45,19,110,-0.96593,0.25882,0.94877,-0.31596,-10.29,-7.96,-9.43
2026-04-20T20:00:00Z,MTR,-10.29,32.4,1010.3,3.25,20,110,-0.86603,0.5,0.94877,-0.31596,-9.4,-8.67,-9.69
2026-04-20T21:00:00Z,MTR,-9.4,34.2,1007.0,4.47,21,110,-0.70711,0.70711,0.94877,-0.31596,-9.55,-9.56,-10.17
2026-04-20T22:00:00Z,MTR,-9.55,39.5,1006.4,2.19,22,110,-0.5,0.86603,0.94877,-0.31596,-8.78,-8.83,-10.54
2026-04-20T23:00:00Z,MTR,-8.78,35.2,1008.3,1.73,23,110,-0.25882,0.96593,0.94877,-0.31596,-7.59,-9.04,-10.97
2026-04-21T00:00:00Z,MTR,-7.59,32.7,1006.3,1.57,0,111,0.0,1.0,0.9432,-0.33224,-7.96,-9.07,-5.82
2026-04-21T01:00:00Z,MTR,-7.96,36.5,1003.2,4.26,1,111,0.25882,0.96593,0.9432,-0.33224,-8.67,-9.44,-11.15
2026-04-21T02:00:00Z,MTR,-8.67,46.3,1000.5,3.16,2,111,0.5,0.86603,0.9432,-0.33224,-9.56,-9.47,-5.67
2026-04-21T03:00:00Z,MTR,-9.56,54.5,997.1,7.27,3,111,0.70711,0.70711,0.9432,-0.33224,-8.83,-7.33,-6.25
2026-04-21T04:00:00Z,MTR,-8.83,49.8,994.4,8.98,4,111,0.86603,0.5,0.9432,-0.33224,-9.04,-7.82,-12.76
2026-04-21T05:00:00Z,MTR,-9.04,55.4,992.4,10.78,5,111,0.96593,0.25882,0.9432,-0.33224,-9.07,-9.41,-6.8
2026-04-21T06:00:00Z,MTR,-9.07,57.5,988.6,14.58,6,111,1.0,0.0,0.9432,-0.33224,-9.44,-9.53,-12.75
2026-04-21T07:00:00Z,MTR,-9.44,60.2,987.6,11.83,7,111,0.96593,-0.25882,0.9432,-0.33224,-9.47,-10.09,-12.91
2026-04-21T08:00:00Z,MTR,-9.47,67.6,988.1,6.04,8,111,0.86603,-0.5,0.9432,-0.33224,-7.33,-9.8,-12.61
2026-04-21T09:00:00Z,MTR,-7.33,75.1,985.3,9.68,9,111,0.70711,-0.70711,0.9432,-0.33224,-7.82,-10.07,-7.21
2026-04-21T10:00:00Z,MTR,-7.82,58.1,986.9,7.44,10,111,0.5,-0.86603,0.9432,-0.33224,-9.41,-9.26,-5.75
2026-04-21T11:00:00Z,MTR,-9.41,58.0,986.7,7.47,11,111,0.25882,-0.96593,0.9432,-0.33224,-9.53,-10.87,-5.58
2026-04-21T12:00:00Z,MTR,-9.53,62.3,987.3,8.13,12,111,0.0,-1.0,0.9432,-0.33224,-10.09,-10.44,-5.78
2026-04-21T13:00:00Z,MTR,-10.09,63.2,984.9,8.49,13,111,-0.25882,-0.96593,0.9432,-0.33224,-9.8,-9.43,-6.5
2026-04-21T14:00:00Z,MTR,-9.8,65.2,985.3,7.25,14,111,-0.5,-0.86603,0.9432,-0.33224,-10.07,-9.69,-6.77
2026-04-21T15:00:00Z,MTR,-10.07,65.7,982.2,11.92,15,111,-0.70711,-0.70711,0.9432,-0.33224,-9.26,-10.17,-8.6
2026-04-21T16:00:00Z,MTR,-9.26,65.5,982.9,14.15,16,111,-0.86603,-0.5,0.9432,-0.33224,-10.87,-10.54,-9.34
2026-04-21T17:00:00Z,MTR,-10.87,69.2,982.2,13.9,17,111,-0.96593,-0.25882,0.9432,-0.33224,-10.44,-10.97,-9.6
2026-04-21T18:00:00Z,MTR,-10.44,67.5,982.3,11.93,18,111,-1.0,-0.0,0.9432,-0.33224,-9.43,-5.82,-9.63
2026-04-21T19:00:00Z,MTR,-9.43,67.3,979.2,13.08,19,111,-0.96593,0.25882,0.9432,-0.33224,-9.69,-11.15,-14.82
2026-04-21T20:00:00Z,MTR,-9.69,73.4,976.9,15.48,20,111,-0.86603,0.5,0.9432,-0.33224,-10.17,-5.67,-15.11
2026-04-21T21:00:00Z,MTR,-10.17,72.0,977.4,12.53,21,111,-0.70711,0.70711,0.9432,-0.33224,-10.54,-6.25,-15.59
2026-04-21T22:00:00Z,MTR,-10.54,59.9,975.1,12.74,22,111,-0.5,0.86603,0.9432,-0.33224,-10.97,-12.76,-15.37
2026-04-21T23:00:00Z,MTR,-10.97,72.9,975.6,12.41,23,111,-0.25882,0.96593,0.9432,-0.33224,-5.82,-6.8,-14.9
2026-04-22T00:00:00Z,MTR,-5.82,80.3,972.7,11.64,0,112,0.0,1.0,0.93734,-0.34841,-11.15,-12.75,-13.86
2026-04-22T01:00:00Z,MTR,-11.15,73.0,974.1,14.25,1,112,0.25882,0.96593,0.93734,-0.34841,-5.67,-12.91,-13.7
2026-04-22T02:00:00Z,MTR,-5.67,74.1,971.7,15.08,2,112,0.5,0.86603,0.93734,-0.34841,-6.25,-12.61,-15.05
2026-04-22T03:00:00Z,MTR,-6.25,74.3,972.6,18.9,3,112,0.70711,0.70711,0.93734,-0.34841,-12.76,-7.21,-14.16
2026-04-22T04:00:00Z,MTR,-12.76,77.1,973.7,13.96,4,112,0.86603,0.5,0.93734,-0.34841,-6.8,-5.75,-13.59
2026-04-22T05:00:00Z,MTR,-6.8,73.4,972.5,19.36,5,112,0.96593,0.25882,0.93734,-0.34841,-12.75,-5.58,-13.92
2026-04-22T06:00:00Z,MTR,-12.75,77.8,973.6,17.27,6,112,1.0,0.0,0.93734,-0.34841,-12.91,-5.78,-13.92
2026-04-22T07:00:00Z,MTR,-12.91,77.5,974.2,19.47,7,112,0.96593,-0.25882,0.93734,-0.34841,-12.61,-6.5,-12.78
2026-04-22T08:00:00Z,MTR,-12.61,69.8,973.3,16.1,8,112,0.86603,-0.5,0.93734,-0.34841,-7.21,-6.77,-11.49
2026-04-22T09:00:00Z,MTR,-7.21,81.9,971.7,13.07,9,112,0.70711,-0.70711,0.93734,-0.34841,-5.75,-8.6,-11.88
2026-04-22T10:00:00Z,MTR,-5.75,86.4,968.5,12.17,10,112,0.5,-0.86603,0.93734,-0.34841,-5.58,-9.34,-10.05
2026-04-22T11:00:00Z,MTR,-5.58,80.8,969.7,14.3,11,112,0.25882,-0.96593,0.93734,-0.34841,-5.78,-9.6,-9.73
2026-04-22T12:00:00Z,MTR,-5.78,81.2,967.4,11.41,12,112,0.0,-1.0,0.93734,-0.34841,-6.5,-9.63,-7.98
2026-04-22T13:00:00Z,MTR,-6.5,79.1,968.3,16.39,13,112,-0.25882,-0.96593,0.93734,-0.34841,-6.77,-14.82,-9.33
2026-04-22T14:00:00Z,MTR,-6.77,78.8,968.5,15.31,14,112,-0.5,-0.86603,0.93734,-0.34841,-8.6,-15.11,-10.08
2026-04-22T15:00:00Z,MTR,-8.6,77.1,970.4,15.65,15,112,-0.70711,-0.70711,0.93734,-0.34841,-9.34,-15.59,-12.0
2026-04-22T16:00:00Z,MTR,-9.34,83.2,970.5,16.47,16,112,-0.86603,-0.5,0.93734,-0.34841,-9.6,-15.37,-12.16
2026-04-22T17:00:00Z,MTR,-9.6,82.0,970.5,15.66,17,112,-0.96593,-0.25882,0.93734,-0.34841,-9.63,-14.9,-11.54
2026-04-22T18:00:00Z,MTR,-9.63,67.8,972.5,17.1,18,112,-1.0,-0.0,0.93734,-0.34841,-14.82,-13.86,-10.2
2026-04-22T19:00:00Z,MTR,-14.82,68.3,973.7,14.67,19,112,-0.96593,0.25882,0.93734,-0.34841,-15.11,-13.7,-10.86
2026-04-22T20:00:00Z,MTR,-15.11,70.8,974.8,15.86,20,112,-0.86603,0.5,0.93734,-0.34841,-15.59,-15.05,-10.67
2026-04-22T21:00:00Z,MTR,-15.59,71.3,976.1,15.64,21,112,-0.70711,0.70711,0.93734,-0.34841,-15.37,-14.16,-10.99
2026-04-22T22:00:00Z,MTR,-15.37,78.3,973.8,16.3,22,112,-0.5,0.86603,0.93734,-0.34841,-14.9,-13.59,-10.53
2026-04-22T23:00:00Z,MTR,-14.9,71.0,975.7,14.41,23,112,-0.25882,0.96593,0.93734,-0.34841,-13.86,-13.92,-10.74
2026-04-23T00:00:00Z,MTR,-13.86,73.4,977.2,11.51,0,113,0.0,1.0,0.93121,-0.36448,-13.7,-13.92,-11.31
2026-04-23T01:00:00Z,MTR,-13.7,81.6,975.7,14.39,1,113,0.25882,0.96593,0.93121,-0.36448,-15.05,-12.78,-12.7
2026-04-23T02:00:00Z,MTR,-15.05,70.8,975.7,14.63,2,113,0.5,0.86603,0.93121,-0.36448,-14.16,-11.49,-12.47
2026-04-23T03:00:00Z,MTR,-14.16,69.0,976.0,15.23,3,113,0.70711,0.70711,0.93121,-0.36448,-13.59,-11.88,-11.38
2026-04-23T04:00:00Z,MTR,-13.59,67.3,976.1,13.43,4,113,0.86603,0.5,0.93121,-0.36448,-13.92,-10.05,-12.4
2026-04-23T05:00:00Z,MTR,-13.92,66.7,977.1,13.03,5,113,0.96593,0.25882,0.93121,-0.36448,-13.92,-9.73,-11.72
2026-04-23T06:00:00Z,MTR,-13.92,72.4,979.9,15.21,6,113,1.0,0.0,0.93121,-0.36448,-12.78,-7.98,-11.71
2026-04-23T07:00:00Z,MTR,-12.78,71.3,982.0,14.86,7,113,0.96593,-0.25882,0.93121,-0.36448,-11.49,-9.33,-13.32
2026-04-23T08:00:00Z,MTR,-11.49,71.5,979.6,10.05,8,113,0.86603,-0.5,0.93121,-0.36448,-11.88,-10.08,-13.5
2026-04-23T09:00:00Z,MTR,-11.88,62.9,980.8,13.24,9,113,0.70711,-0.70711,0.93121,-0.36448,-10.05,-12.0,-13.4
2026-04-23T10:00:00Z,MTR,-10.05,64.2,983.2,14.51,10,113,0.5,-0.86603,0.93121,-0.36448,-9.73,-12.16,-12.84
2026-04-23T11:00:00Z,MTR,-9.73,63.3,983.8,13.41,11,113,0.25882,-0.96593,0.93121,-0.36448,-7.98,-11.54,-12.31
2026-04-23T12:00:00Z,MTR,-7.98,70.6,985.6,8.77,12,113,0.0,-1.0,0.93121,-0.36448,-9.33,-10.2,-12.23
2026-04-23T13:00:00Z,MTR,-9.33,59.7,988.9,7.32,13,113,-0.25882,-0.96593,0.93121,-0.36448,-10.08,-10.86,-11.83
2026-04-23T14:00:00Z,MTR,-10.08,58.0,990.3,9.3,14,113,-0.5,-0.86603,0.93121,-0.36448,-12.0,-10.67,-12.74
2026-04-23T15:00:00Z,MTR,-12.0,59.6,990.3,11.58,15,113,-0.70711,-0.70711,0.93121,-0.36448,-12.16,-10.99,-13.02
2026-04-23T16:00:00Z,MTR,-12.16,53.7,991.6,8.1,16,113,-0.86603,-0.5,0.93121,-0.36448,-11.54,-10.53,-13.11
2026-04-23T17:00:00Z,MTR,-11.54,58.8,991.3,10.31,17,113,-0.96593,-0.25882,0.93121,-0.36448,-10.2,-10.74,-12.2
2026-04-23T18:00:00Z,MTR,-10.2,55.6,990.7,12.42,18,113,-1.0,-0.0,0.93121,-0.36448,-10.86,-11.31,-13.61
2026-04-23T19:00:00Z,MTR,-10.86,65.5,989.5,9.57,19,113,-0.96593,0.25882,0.93121,-0.36448,-10.67,-12.7,-13.1
2026-04-23T20:00:00Z,MTR,-10.67,51.4,991.9,8.75,20,113,-0.86603,0.5,0.93121,-0.36448,-10.99,-12.47,-11.95
2026-04-23T21:00:00Z,MTR,-10.99,58.9,989.8,9.18,21,113,-0.70711,0.70711,0.93121,-0.36448,-10.53,-11.38,-11.9
2026-04-23T22:00:00Z,MTR,-10.53,58.6,992.1,8.07,22,113,-0.5,0.86603,0.93121,-0.36448,-10.74,-12.4,-9.45
2026-04-23T23:00:00Z,MTR,-10.74,53.5,992.5,4.77,23,113,-0.25882,0.96593,0.93121,-0.36448,-11.31,-11.72,-10.01
2026-04-24T00:00:00Z,MTR,-11.31,59.0,989.4,9.41,0,114,0.0,1.0,0.9248,-0.38045,-12.7,-11.71,-10.56
2026-04-24T01:00:00Z,MTR,-12.7,56.4,989.8,7.35,1,114,0.25882,0.96593,0.9248,-0.38045,-12.47,-13.32,-11.12
2026-04-24T02:00:00Z,MTR,-12.47,58.2,985.7,11.43,2,114,0.5,0.86603,0.9248,-0.38045,-11.38,-13.5,-11.39
2026-04-24T03:00:00Z,MTR,-11.38,70.4,986.7,11.59,3,114,0.70711,0.70711,0.9248,-0.38045,-12.4,-13.4,-11.02
2026-04-24T04:00:00Z,MTR,-12.4,57.8,988.2,9.43,4,114,0.86603,0.5,0.9248,-0.38045,-11.72,-12.84,-11.41
2026-04-24T05:00:00Z,MTR,-11.72,54.0,987.1,8.65,5,114,0.96593,0.25882,0.9248,-0.38045,-11.71,-12.31,-12.12
2026-04-24T06:00:00Z,MTR,-11.71,57.8,987.3,12.4,6,114,1.0,0.0,0.9248,-0.38045,-13.32,-12.23,-13.36
2026-04-24T07:00:00Z,MTR,-13.32,63.7,990.9,10.04,7,114,0.96593,-0.25882,0.9248,-0.38045,-13.5,-11.83,-13.45
2026-04-24T08:00:00Z,MTR,-13.5,69.0,990.0,8.76,8,114,0.86603,-0.5,0.9248,-0.38045,-13.4,-12.74,-13.43
2026-04-24T09:00:00Z,MTR,-13.4,61.8,988.1,10.08,9,114,0.70711,-0.70711,0.9248,-0.38045,-12.84,-13.02,-13.38
2026-04-24T10:00:00Z,MTR,-12.84,58.9,991.0,3.41,10,114,0.5,-0.86603,0.9248,-0.38045,-12.31,-13.11,-11.51
2026-04-24T11:00:00Z,MTR,-12.31,61.3,994.7,5.8,11,114,0.25882,-0.96593,0.9248,-0.38045,-12.23,-12.2,-11.01
2026-04-24T12:00:00Z,MTR,-12.23,47.9,994.8,8.33,12,114,0.0,-1.0,0.9248,-0.38045,-11.83,-13.61,-11.53
2026-04-24T13:00:00Z,MTR,-11.83,52.8,996.7,8.47,13,114,-0.25882,-0.96593,0.9248,-0.38045,-12.74,-13.1,-11.18
2026-04-24T14:00:00Z,MTR,-12.74,55.3,999.2,1.1,14,114,-0.5,-0.86603,0.9248,-0.38045,-13.02,-11.95,-10.86
2026-04-24T15:00:00Z,MTR,-13.02,54.3,997.9,9.98,15,114,-0.70711,-0.70711,0.9248,-0.38045,-13.11,-11.9,-11.11
2026-04-24T16:00:00Z,MTR,-13.11,48.4,997.2,6.44,16,114,-0.86603,-0.5,0.9248,-0.38045,-12.2,-9.45,-11.53
2026-04-24T17:00:00Z,MTR,-12.2,49.9,999.7,9.4,17,114,-0.96593,-0.25882,0.9248,-0.38045,-13.61,-10.01,-12.35
2026-04-24T18:00:00Z,MTR,-13.61,53.2,1002.9,5.92,18,114,-1.0,-0.0,0.9248,-0.38045,-13.1,-10.56,-11.35
2026-04-24T19:00:00Z,MTR,-13.1,44.1,1004.1,8.02,19,114,-0.96593,0.25882,0.9248,-0.38045,-11.95,-11.12,-11.57
2026-04-24T20:00:00Z,MTR,-11.95,39.6,1002.6,5.94,20,114,-0.86603,0.5,0.9248,-0.38045,-11.9,-11.39,-11.8
2026-04-24T21:00:00Z,MTR,-11.9,42.2,1006.4,1.96,21,114,-0.70711,0.70711,0.9248,-0.38045,-9.45,-11.02,-11.03
2026-04-24T22:00:00Z,MTR,-9.45,35.9,1005.6,3.23,22,114,-0.5,0.86603,0.9248,-0.38045,-10.01,-11.41,-11.12
2026-04-24T23:00:00Z,MTR,-10.01,37.6,1005.1,4.77,23,114,-0.25882,0.96593,0.9248,-0.38045,-10.56,-12.12,-9.39
2026-04-25T00:00:00Z,MTR,-10.56,37.2,1006.0,1.65,0,115,0.0,1.0,0.91812,-0.3963,-11.12,-13.36,-10.27
2026-04-25T01:00:00Z,MTR,-11.12,35.9,1009.0,0.25,1,115,0.25882,0.96593,0.91812,-0.3963,-11.39,-13.45,-10.73
2026-04-25T02:00:00Z,MTR,-11.39,30.2,1010.7,0.2,2,115,0.5,0.86603,0.91812,-0.3963,-11.02,-13.43,-11.41
2026-04-25T03:00:00Z,MTR,-11.02,36.0,1011.5,1.53,3,115,0.70711,0.70711,0.91812,-0.3963,-11.41,-13.38,-12.14
2026-04-25T04:00:00Z,MTR,-11.41,31.5,1012.3,1.79,4,115,0.86603,0.5,0.91812,-0.3963,-12.12,-11.51,-11.9
2026-04-25T05:00:00Z,MTR,-12.12,38.2,1012.4,4.91,5,115,0.96593,0.25882,0.91812,-0.3963,-13.36,-11.01,-11.45
2026-04-25T06:00:00Z,MTR,-13.36,32.7,1013.3,2.77,6,115,1.0,0.0,0.91812,-0.3963,-13.45,-11.53,-11.84
2026-04-25T07:00:00Z,MTR,-13.45,36.9,1008.7,4.39,7,115,0.96593,-0.25882,0.91812,-0.3963,-13.43,-11.18,-11.9
2026-04-25T08:00:00Z,MTR,-13.43,36.6,1008.3,1.39,8,115,0.86603,-0.5,0.91812,-0.3963,-13.38,-10.86,-11.82
2026-04-25T09:00:00Z,MTR,-13.38,44.3,1008.8,2.65,9,115,0.70711,-0.70711,0.91812,-0.3963,-11.51,-11.11,-10.7
2026-04-25T10:00:00Z,MTR,-11.51,43.7,1006.8,3.52,10,115,0.5,-0.86603,0.91812,-0.3963,-11.01,-11.53,-11.13
2026-04-25T11:00:00Z,MTR,-11.01,30.6,1007.5,0.93,11,115,0.25882,-0.96593,0.91812,-0.3963,-11.53,-12.35,-11.03
2026-04-25T12:00:00Z,MTR,-11.53,35.8,1007.2,1.58,12,115,0.0,-1.0,0.91812,-0.3963,-11.18,-11.35,-10.84
2026-04-25T13:00:00Z,MTR,-11.18,35.9,1010.3,2.35,13,115,-0.25882,-0.96593,0.91812,-0.3963,-10.86,-11.57,-10.77
2026-04-25T14:00:00Z,MTR,-10.86,21.3,1012.9,0.2,14,115,-0.5,-0.86603,0.91812,-0.3963,-11.11,-11.8,-11.06
2026-04-25T15:00:00Z,MTR,-11.11,36.2,1011.6,2.03,15,115,-0.70711,-0.70711,0.91812,-0.3963,-11.53,-11.03,-10.52
2026-04-25T16:00:00Z,MTR,-11.53,31.5,1010.8,5.21,16,115,-0.86603,-0.5,0.91812,-0.3963,-12.35,-11.12,-10.86
2026-04-25T17:00:00Z,MTR,-12.35,32.2,1010.1,3.35,17,115,-0.96593,-0.25882,0.91812,-0.3963,-11.35,-9.39,-11.45
2026-04-25T18:00:00Z,MTR,-11.35,34.4,1008.7,5.58,18,115,-1.0,-0.0,0.91812,-0.3963,-11.57,-10.27,-11.69
2026-04-25T19:00:00Z,MTR,-11.57,43.4,1008.5,1.9,19,115,-0.96593,0.25882,0.91812,-0.3963,-11.8,-10.73,-12.22
2026-04-25T20:00:00Z,MTR,-11.8,43.6,1006.4,6.56,20,115,-0.86603,0.5,0.91812,-0.3963,-11.03,-11.41,-12.52
2026-04-25T21:00:00Z,MTR,-11.03,40.7,1003.7,5.35,21,115,-0.70711,0.70711,0.91812,-0.3963,-11.12,-12.14,-6.74
2026-04-25T22:00:00Z,MTR,-11.12,39.8,1004.1,5.69,22,115,-0.5,0.86603,0.91812,-0.3963,-9.39,-11.9,-6.81
2026-04-25T23:00:00Z,MTR,-9.39,43.2,1004.5,6.16,23,115,-0.25882,0.96593,0.91812,-0.3963,-10.27,-11.45,-5.44
2026-04-26T00:00:00Z,MTR,-10.27,51.8,1002.1,3.14,0,116,0.0,1.0,0.91117,-0.41203,-10.73,-11.84,-5.44
2026-04-26T01:00:00Z,MTR,-10.73,41.3,1002.8,1.41,1,116,0.25882,0.96593,0.91117,-0.41203,-11.41,-11.9,-5.3
2026-04-26T02:00:00Z,MTR,-11.41,36.7,1000.6,5.33,2,116,0.5,0.86603,0.91117,-0.41203,-12.14,-11.82,-4.19
2026-04-26T03:00:00Z,MTR,-12.14,48.7,1000.0,9.4,3,116,0.70711,0.70711,0.91117,-0.41203,-11.9,-10.7,-3.09
2026-04-26T04:00:00Z,MTR,-11.9,48.3,1000.4,7.75,4,116,0.86603,0.5,0.91117,-0.41203,-11.45,-11.13,-4.36
2026-04-26T05:00:00Z,MTR,-11.45,49.6,999.0,6.07,5,116,0.96593,0.25882,0.91117,-0.41203,-11.84,-11.03,-3.77
2026-04-26T06:00:00Z,MTR,-11.84,48.7,998.6,8.09,6,116,1.0,0.0,0.91117,-0.41203,-11.9,-10.84,-2.44
2026-04-26T07:00:00Z,MTR,-11.9,52.4,996.3,10.09,7,116,0.96593,-0.25882,0.91117,-0.41203,-11.82,-10.77,-3.37
2026-04-26T08:00:00Z,MTR,-11.82,48.2,994.6,9.08,8,116,0.86603,-0.5,0.91117,-0.41203,-10.7,-11.06,-4.71
2026-04-26T09:00:00Z,MTR,-10.7,59.5,992.9,6.56,9,116,0.70711,-0.70711,0.91117,-0.41203,-11.13,-10.52,-3.66
2026-04-26T10:00:00Z,MTR,-11.13,54.0,990.2,6.33,10,116,0.5,-0.86603,0.91117,-0.41203,-11.03,-10.86,-4.25
2026-04-26T11:00:00Z,MTR,-11.03,57.2,988.6,7.02,11,116,0.25882,-0.96593,0.91117,-0.41203,-10.84,-11.45,-4.57
2026-04-26T12:00:00Z,MTR,-10.84,65.4,984.6,10.08,12,116,0.0,-1.0,0.91117,-0.41203,-10.77,-11.69,-3.82
2026-04-26T13:00:00Z,MTR,-10.77,66.8,982.6,11.28,13,116,-0.25882,-0.96593,0.91117,-0.41203,-11.06,-12.22,-3.99
2026-04-26T14:00:00Z,MTR,-11.06,75.0,981.0,10.48,14,116,-0.5,-0.86603,0.91117,-0.41203,-10.52,-12.52,-3.81
2026-04-26T15:00:00Z,MTR,-10.52,75.9,979.5,12.81,15,116,-0.70711,-0.70711,0.91117,-0.41203,-10.86,-6.74,-3.98
2026-04-26T16:00:00Z,MTR,-10.86,69.3,978.1,16.35,16,116,-0.86603,-0.5,0.91117,-0.41203,-11.45,-6.81,-4.99
2026-04-26T17:00:00Z,MTR,-11.45,82.3,977.0,14.69,17,116,-0.96593,-0.25882,0.91117,-0.41203,-11.69,-5.44,-5.84
2026-04-26T18:00:00Z,MTR,-11.69,77.7,977.0,16.26,18,116,-1.0,-0.0,0.91117,-0.41203,-12.22,-5.44,-5.9
2026-04-26T19:00:00Z,MTR,-12.22,73.0,977.6,16.41,19,116,-0.96593,0.25882,0.91117,-0.41203,-12.52,-5.3,-6.56
2026-04-26T20:00:00Z,MTR,-12.52,70.2,975.5,13.19,20,116,-0.86603,0.5,0.91117,-0.41203,-6.74,-4.19,-7.14
2026-04-26T21:00:00Z,MTR,-6.74,77.2,972.4,16.45,21,116,-0.70711,0.70711,0.91117,-0.41203,-6.81,-3.09,-6.37
2026-04-26T22:00:00Z,MTR,-6.81,68.9,969.8,10.91,22,116,-0.5,0.86603,0.91117,-0.41203,-5.44,-4.36,-6.86
2026-04-26T23:00:00Z,MTR,-5.44,84.0,968.4,15.73,23,116,-0.25882,0.96593,0.91117,-0.41203,-5.44,-3.77,-8.88
2026-04-27T00:00:00Z,MTR,-5.44,76.1,967.3,16.56,0,117,0.0,1.0,0.90395,-0.42765,-5.3,-2.44,-8.94
2026-04-27T01:00:00Z,MTR,-5.3,87.2,965.5,17.56,1,117,0.25882,0.96593,0.90395,-0.42765,-4.19,-3.37,-8.31
2026-04-27T02:00:00Z,MTR,-4.19,85.7,963.0,20.2,2,117,0.5,0.86603,0.90395,-0.42765,-3.09,-4.71,-7.63
2026-04-27T03:00:00Z,MTR,-3.09,89.7,962.1,20.32,3,117,0.70711,0.70711,0.90395,-0.42765,-4.36,-3.66,-12.69
2026-04-27T04:00:00Z,MTR,-4.36,85.2,962.4,18.98,4,117,0.86603,0.5,0.90395,-0.42765,-3.77,-4.25,-13.04
2026-04-27T05:00:00Z,MTR,-3.77,83.0,963.5,16.96,5,117,0.96593,0.25882,0.90395,-0.42765,-2.44,-4.57,-12.3
2026-04-27T06:00:00Z,MTR,-2.44,92.3,962.6,20.7,6,117,1.0,0.0,0.90395,-0.42765,-3.37,-3.82,-12.77
2026-04-27T07:00:00Z,MTR,-3.37,86.3,962.0,21.5,7,117,0.96593,-0.25882,0.90395,-0.42765,-4.71,-3.99,-11.96
2026-04-27T08:00:00Z,MTR,-4.71,85.0,960.6,17.15,8,117,0.86603,-0.5,0.90395,-0.42765,-3.66,-3.81,-13.44
2026-04-27T09:00:00Z,MTR,-3.66,84.3,960.9,18.33,9,117,0.70711,-0.70711,0.90395,-0.42765,-4.25,-3.98,-12.16
2026-04-27T10:00:00Z,MTR,-4.25,94.8,959.9,18.05,10,117,0.5,-0.86603,0.90395,-0.42765,-4.57,-4.99,-11.9
2026-04-27T11:00:00Z,MTR,-4.57,82.9,961.5,16.61,11,117,0.25882,-0.96593,0.90395,-0.42765,-3.82,-5.84,-10.95
2026-04-27T12:00:00Z,MTR,-3.82,91.9,958.8,19.1,12,117,0.0,-1.0,0.90395,-0.42765,-3.99,-5.9,-10.33
2026-04-27T13:00:00Z,MTR,-3.99,99.0,959.0,17.63,13,117,-0.25882,-0.96593,0.90395,-0.42765,-3.81,-6.56,-12.24
2026-04-27T14:00:00Z,MTR,-3.81,86.3,960.3,17.04,14,117,-0.5,-0.86603,0.90395,-0.42765,-3.98,-7.14,-12.28
2026-04-27T15:00:00Z,MTR,-3.98,84.8,961.5,17.26,15,117,-0.70711,-0.70711,0.90395,-0.42765,-4.99,-6.37,-12.05
2026-04-27T16:00:00Z,MTR,-4.99,89.0,967.2,19.27,16,117,-0.86603,-0.5,0.90395,-0.42765,-5.84,-6.86,-12.32
2026-04-27T17:00:00Z,MTR,-5.84,75.3,968.5,15.77,17,117,-0.96593,-0.25882,0.90395,-0.42765,-5.9,-8.88,-12.4
2026-04-27T18:00:00Z,MTR,-5.9,88.4,967.3,17.52,18,117,-1.0,-0.0,0.90395,-0.42765,-6.56,-8.94,-13.14
2026-04-27T19:00:00Z,MTR,-6.56,81.0,967.9,19.49,19,117,-0.96593,0.25882,0.90395,-0.42765,-7.14,-8.31,-13.3
2026-04-27T20:00:00Z,MTR,-7.14,89.6,965.5,18.69,20,117,-0.86603,0.5,0.90395,-0.42765,-6.37,-7.63,-13.57
2026-04-27T21:00:00Z,MTR,-6.37,87.3,966.3,21.62,21,117,-0.70711,0.70711,0.90395,-0.42765,-6.86,-12.69,-13.97
2026-04-27T22:00:00Z,MTR,-6.86,87.7,965.8,18.83,22,117,-0.5,0.86603,0.90395,-0.42765,-8.88,-13.04,-14.24
2026-04-27T23:00:00Z,MTR,-8.88,79.5,968.5,17.41,23,117,-0.25882,0.96593,0.90395,-0.42765,-8.94,-12.3,-15.98
2026-04-28T00:00:00Z,MTR,-8.94,79.6,968.5,16.72,0,118,0.0,1.0,0.89646,-0.44313,-8.31,-12.77,-16.52
2026-04-28T01:00:00Z,MTR,-8.31,77.7,969.2,15.17,1,118,0.25882,0.96593,0.89646,-0.44313,-7.63,-11.96,-17.05
2026-04-28T02:00:00Z,MTR,-7.63,87.2,969.1,15.49,2,118,0.5,0.86603,0.89646,-0.44313,-12.69,-13.44,-17.5
2026-04-28T03:00:00Z,MTR,-12.69,75.8,973.2,13.47,3,118,0.70711,0.70711,0.89646,-0.44313,-13.04,-12.16,-18.33
2026-04-28T04:00:00Z,MTR,-13.04,85.3,973.5,13.46,4,118,0.86603,0.5,0.89646,-0.44313,-12.3,-11.9,-18.25
2026-04-28T05:00:00Z,MTR,-12.3,73.8,977.6,17.63,5,118,0.96593,0.25882,0.89646,-0.44313,-12.77,-10.95,-18.66
2026-04-28T06:00:00Z,MTR,-12.77,68.4,979.7,13.51,6,118,1.0,0.0,0.89646,-0.44313,-11.96,-10.33,-19.06
2026-04-28T07:00:00Z,MTR,-11.96,67.5,981.2,15.95,7,118,0.96593,-0.25882,0.89646,-0.44313,-13.44,-12.24,-18.67
2026-04-28T08:00:00Z,MTR,-13.44,62.4,982.3,10.48,8,118,0.86603,-0.5,0.89646,-0.44313,-12.16,-12.28,-17.18
2026-04-28T09:00:00Z,MTR,-12.16,65.6,983.4,9.65,9,118,0.70711,-0.70711,0.89646,-0.44313,-11.9,-12.05,-16.74
2026-04-28T10:00:00Z,MTR,-11.9,68.3,980.3,13.59,10,118,0.5,-0.86603,0.89646,-0.44313,-10.95,-12.32,-15.6
2026-04-28T11:00:00Z,MTR,-10.95,65.1,980.3,11.59,11,118,0.25882,-0.96593,0.89646,-0.44313,-10.33,-12.4,-15.49
2026-04-28T12:00:00Z,MTR,-10.33,65.6,982.4,10.97,12,118,0.0,-1.0,0.89646,-0.44313,-12.24,-13.14,-13.55
2026-04-28T13:00:00Z,MTR,-12.24,62.6,982.7,9.11,13,118,-0.25882,-0.96593,0.89646,-0.44313,-12.28,-13.3,-14.53
2026-04-28T14:00:00Z,MTR,-12.28,68.7,980.5,9.2,14,118,-0.5,-0.86603,0.89646,-0.44313,-12.05,-13.57,-16.19
2026-04-28T15:00:00Z,MTR,-12.05,71.7,980.8,13.28,15,118,-0.70711,-0.70711,0.89646,-0.44313,-12.32,-13.97,-15.42
2026-04-28T16:00:00Z,MTR,-12.32,60.7,984.3,10.51,16,118,-0.86603,-0.5,0.89646,-0.44313,-12.4,-14.24,-14.79
2026-04-28T17:00:00Z,MTR,-12.4,59.6,986.8,12.08,17,118,-0.96593,-0.25882,0.89646,-0.44313,-13.14,-15.98,-16.1
2026-04-28T18:00:00Z,MTR,-13.14,58.1,986.7,14.39,18,118,-1.0,-0.0,0.89646,-0.44313,-13.3,-16.52,-16.09
2026-04-28T19:00:00Z,MTR,-13.3,64.9,988.5,9.19,19,118,-0.96593,0.25882,0.89646,-0.44313,-13.57,-17.05,-14.62
2026-04-28T20:00:00Z,MTR,-13.57,52.2,987.8,12.89,20,118,-0.86603,0.5,0.89646,-0.44313,-13.97,-17.5,-13.92
2026-04-28T21:00:00Z,MTR,-13.97,61.3,984.7,14.08,21,118,-0.70711,0.70711,0.89646,-0.44313,-14.24,-18.33,-15.09
2026-04-28T22:00:00Z,MTR,-14.24,68.9,983.1,11.36,22,118,-0.5,0.86603,0.89646,-0.44313,-15.98,-18.25,-16.55
2026-04-28T23:00:00Z,MTR,-15.98,58.8,986.1,10.11,23,118,-0.25882,0.96593,0.89646,-0.44313,-16.52,-18.66,-15.18
2026-04-29T00:00:00Z,MTR,-16.52,58.6,985.6,8.35,0,119,0.0,1.0,0.8887,-0.45849,-17.05,-19.06,-16.03
2026-04-29T01:00:00Z,MTR,-17.05,66.1,985.2,9.73,1,119,0.25882,0.96593,0.8887,-0.45849,-17.5,-18.67,-15.2
2026-04-29T02:00:00Z,MTR,-17.5,52.9,984.7,13.0,2,119,0.5,0.86603,0.8887,-0.45849,-18.33,-17.18,-14.62
2026-04-29T03:00:00Z,MTR,-18.33,60.7,988.2,12.37,3,119,0.70711,0.70711,0.8887,-0.45849,-18.25,-16.74,-14.62
2026-04-29T04:00:00Z,MTR,-18.25,54.7,991.0,11.33,4,119,0.86603,0.5,0.8887,-0.45849,-18.66,-15.6,-15.17
2026-04-29T05:00:00Z,MTR,-18.66,50.9,994.7,10.86,5,119,0.96593,0.25882,0.8887,-0.45849,-19.06,-15.49,-14.0
2026-04-29T06:00:00Z,MTR,-19.06,59.5,994.0,10.4,6,119,1.0,0.0,0.8887,-0.45849,-18.67,-13.55,-15.7
2026-04-29T07:00:00Z,MTR,-18.67,53.0,994.1,7.38,7,119,0.96593,-0.25882,0.8887,-0.45849,-17.18,-14.53,-14.8
2026-04-29T08:00:00Z,MTR,-17.18,52.0,991.0,12.64,8,119,0.86603,-0.5,0.8887,-0.45849,-16.74,-16.19,-15.02
2026-04-29T09:00:00Z,MTR,-16.74,45.6,993.5,4.88,9,119,0.70711,-0.70711,0.8887,-0.45849,-15.6,-15.42,-15.42
2026-04-29T10:00:00Z,MTR,-15.6,55.8,991.1,7.26,10,119,0.5,-0.86603,0.8887,-0.45849,-15.49,-14.79,-15.28
2026-04-29T11:00:00Z,MTR,-15.49,49.5,991.4,9.08,11,119,0.25882,-0.96593,0.8887,-0.45849,-13.55,-16.1,-14.29
2026-04-29T12:00:00Z,MTR,-13.55,63.3,989.3,5.27,12,119,0.0,-1.0,0.8887,-0.45849,-14.53,-16.09,-15.23
2026-04-29T13:00:00Z,MTR,-14.53,54.1,988.2,9.67,13,119,-0.25882,-0.96593,0.8887,-0.45849,-16.19,-14.62,-15.03
2026-04-29T14:00:00Z,MTR,-16.19,60.0,986.8,6.5,14,119,-0.5,-0.86603,0.8887,-0.45849,-15.42,-13.92,-14.74
2026-04-29T15:00:00Z,MTR,-15.42,53.1,986.0,12.84,15,119,-0.70711,-0.70711,0.8887,-0.45849,-14.79,-15.09,-14.87
2026-04-29T16:00:00Z,MTR,-14.79,54.6,985.3,14.83,16,119,-0.86603,-0.5,0.8887,-0.45849,-16.1,-16.55,-15.67
2026-04-29T17:00:00Z,MTR,-16.1,62.7,984.7,11.49,17,119,-0.96593,-0.25882,0.8887,-0.45849,-16.09,-15.18,-16.21
2026-04-29T18:00:00Z,MTR,-16.09,77.5,986.7,10.69,18,119,-1.0,-0.0,0.8887,-0.45849,-14.62,-16.03,-14.76
2026-04-29T19:00:00Z,MTR,-14.62,60.9,985.2,12.98,19,119,-0.96593,0.25882,0.8887,-0.45849,-13.92,-15.2,-14.03
2026-04-29T20:00:00Z,MTR,-13.92,65.4,986.1,10.35,20,119,-0.86603,0.5,0.8887,-0.45849,-15.09,-14.62,-13.6
2026-04-29T21:00:00Z,MTR,-15.09,55.5,988.9,6.32,21,119,-0.70711,0.70711,0.8887,-0.45849,-16.55,-14.62,-12.04
2026-04-29T22:00:00Z,MTR,-16.55,64.6,988.5,10.05,22,119,-0.5,0.86603,0.8887,-0.45849,-15.18,-15.17,-12.77
2026-04-29T23:00:00Z,MTR,-15.18,59.9,987.7,10.17,23,119,-0.25882,0.96593,0.8887,-0.45849,-16.03,-14.0,-12.88
2026-04-30T00:00:00Z,MTR,-16.03,53.2,988.0,7.86,0,120,0.0,1.0,0.88068,-0.47371,-15.2,-15.7,-13.21
2026-04-30T01:00:00Z,MTR,-15.2,55.6,990.8,8.71,1,120,0.25882,0.96593,0.88068,-0.47371,-14.62,-14.8,-12.37
2026-04-30T02:00:00Z,MTR,-14.62,47.7,991.7,11.11,2,120,0.5,0.86603,0.88068,-0.47371,-14.62,-15.02,-13.73
2026-04-30T03:00:00Z,MTR,-14.62,52.0,991.3,9.14,3,120,0.70711,0.70711,0.88068,-0.47371,-15.17,-15.42,-13.47
2026-04-30T04:00:00Z,MTR,-15.17,56.9,992.9,9.46,4,120,0.86603,0.5,0.88068,-0.47371,-14.0,-15.28,-13.51
2026-04-30T05:00:00Z,MTR,-14.0,53.4,991.5,10.68,5,120,0.96593,0.25882,0.88068,-0.47371,-15.7,-14.29,-13.21
2026-04-30T06:00:00Z,MTR,-15.7,52.3,993.4,9.56,6,120,1.0,0.0,0.88068,-0.47371,-14.8,-15.23,-13.61
2026-04-30T07:00:00Z,MTR,-14.8,57.6,994.8,8.99,7,120,0.96593,-0.25882,0.88068,-0.47371,-15.02,-15.03,-12.57
2026-04-30T08:00:00Z,MTR,-15.02,51.5,994.8,12.67,8,120,0.86603,-0.5,0.88068,-0.47371,-15.42,-14.74,-12.58
2026-04-30T09:00:00Z,MTR,-15.42,55.7,993.9,6.78,9,120,0.70711,-0.70711,0.88068,-0.47371,-15.28,-14.87,-13.18
2026-04-30T10:00:00Z,MTR,-15.28,50.9,993.0,6.24,10,120,0.5,-0.86603,0.88068,-0.47371,-14.29,-15.67,-12.66
2026-04-30T11:00:00Z,MTR,-14.29,57.6,994.7,9.05,11,120,0.25882,-0.96593,0.88068,-0.47371,-15.23,-16.21,-12.79
2026-04-30T12:00:00Z,MTR,-15.23,56.3,997.5,7.51,12,120,0.0,-1.0,0.88068,-0.47371,-15.03,-14.76,-12.54
2026-04-30T13:00:00Z,MTR,-15.03,40.4,996.8,6.81,13,120,-0.25882,-0.96593,0.88068,-0.47371,-14.74,-14.03,-13.66
2026-04-30T14:00:00Z,MTR,-14.74,43.1,998.1,3.91,14,120,-0.5,-0.86603,0.88068,-0.47371,-14.87,-13.6,-14.09
2026-04-30T15:00:00Z,MTR,-14.87,53.3,994.7,14.19,15,120,-0.70711,-0.70711,0.88068,-0.47371,-15.67,-12.04,-13.36
2026-04-30T16:00:00Z,MTR,-15.67,49.3,994.2,6.33,16,120,-0.86603,-0.5,0.88068,-0.47371,-16.21,-12.77,-12.38
2026-04-30T17:00:00Z,MTR,-16.21,56.5,994.7,6.1,17,120,-0.96593,-0.25882,0.88068,-0.47371,-14.76,-12.88,-12.19
2026-04-30T18:00:00Z,MTR,-14.76,55.9,993.5,10.94,18,120,-1.0,-0.0,0.88068,-0.47371,-14.03,-13.21,-12.51
2026-04-30T19:00:00Z,MTR,-14.03,51.0,992.2,9.76,19,120,-0.96593,0.25882,0.88068,-0.47371,-13.6,-12.37,-13.05
2026-04-30T20:00:00Z,MTR,-13.6,62.3,991.5,5.42,20,120,-0.86603,0.5,0.88068,-0.47371,-12.04,-13.73,-13.67
2026-04-30T21:00:00Z,MTR,-12.04,62.4,992.4,9.23,21,120,-0.70711,0.70711,0.88068,-0.47371,-12.77,-13.47,-13.75
2026-04-30T22:00:00Z,MTR,-12.77,48.7,992.4,8.96,22,120,-0.5,0.86603,0.88068,-0.47371,-12.88,-13.51,-14.91
2026-04-30T23:00:00Z,MTR,-12.88,56.1,988.5,8.89,23,120,-0.25882,0.96593,0.88068,-0.47371,-13.21,-13.21,-10.11
2026-05-01T00:00:00Z,MTR,-13.21,67.2,985.0,10.09,0,121,0.0,1.0,0.8724,-0.48879,-12.37,-13.61,-11.01
2026-05-01T01:00:00Z,MTR,-12.37,68.2,984.4,9.68,1,121,0.25882,0.96593,0.8724,-0.48879,-13.73,-12.57,-9.95
2026-05-01T02:00:00Z,MTR,-13.73,69.7,985.5,10.8,2,121,0.5,0.86603,0.8724,-0.48879,-13.47,-12.58,-7.36
2026-05-01T03:00:00Z,MTR,-13.47,81.4,980.8,16.0,3,121,0.70711,0.70711,0.8724,-0.48879,-13.51,-13.18,-6.55
2026-05-01T04:00:00Z,MTR,-13.51,71.7,980.2,16.05,4,121,0.86603,0.5,0.8724,-0.48879,-13.21,-12.66,-6.46
2026-05-01T05:00:00Z,MTR,-13.21,76.2,979.5,14.29,5,121,0.96593,0.25882,0.8724,-0.48879,-13.61,-12.79,-5.57
2026-05-01T06:00:00Z,MTR,-13.61,80.7,982.2,15.03,6,121,1.0,0.0,0.8724,-0.48879,-12.57,-12.54,-6.04
2026-05-01T07:00:00Z,MTR,-12.57,68.2,981.5,15.81,7,121,0.96593,-0.25882,0.8724,-0.48879,-12.58,-13.66,-5.14
2026-05-01T08:00:00Z,MTR,-12.58,62.6,982.0,11.65,8,121,0.86603,-0.5,0.8724,-0.48879,-13.18,-14.09,-5.2
2026-05-01T09:00:00Z,MTR,-13.18,67.6,982.0,11.15,9,121,0.70711,-0.70711,0.8724,-0.48879,-12.66,-13.36,-8.24
2026-05-01T10:00:00Z,MTR,-12.66,78.8,977.8,12.2,10,121,0.5,-0.86603,0.8724,-0.48879,-12.79,-12.38,-9.24
2026-05-01T11:00:00Z,MTR,-12.79,79.0,979.0,12.83,11,121,0.25882,-0.96593,0.8724,-0.48879,-12.54,-12.19,-9.63
2026-05-01T12:00:00Z,MTR,-12.54,69.7,978.9,9.63,12,121,0.0,-1.0,0.8724,-0.48879,-13.66,-12.51,-11.03
2026-05-01T13:00:00Z,MTR,-13.66,68.2,979.4,11.31,13,121,-0.25882,-0.96593,0.8724,-0.48879,-14.09,-13.05,-11.27
2026-05-01T14:00:00Z,MTR,-14.09,55.7,985.8,9.47,14,121,-0.5,-0.86603,0.8724,-0.48879,-13.36,-13.67,-12.58
2026-05-01T15:00:00Z,MTR,-13.36,68.5,981.0,13.96,15,121,-0.70711,-0.70711,0.8724,-0.48879,-12.38,-13.75,-11.7
2026-05-01T16:00:00Z,MTR,-12.38,59.3,983.3,11.45,16,121,-0.86603,-0.5,0.8724,-0.48879,-12.19,-14.91,-13.23
2026-05-01T17:00:00Z,MTR,-12.19,62.3,981.7,12.88,17,121,-0.96593,-0.25882,0.8724,-0.48879,-12.51,-10.11,-10.65
2026-05-01T18:00:00Z,MTR,-12.51,69.3,981.2,14.51,18,121,-1.0,-0.0,0.8724,-0.48879,-13.05,-11.01,-12.52
2026-05-01T19:00:00Z,MTR,-13.05,62.4,980.0,12.65,19,121,-0.96593,0.25882,0.8724,-0.48879,-13.67,-9.95,-13.07
2026-05-01T20:00:00Z,MTR,-13.67,72.0,978.2,11.56,20,121,-0.86603,0.5,0.8724,-0.48879,-13.75,-7.36,-12.44
2026-05-01T21:00:00Z,MTR,-13.75,78.7,976.2,17.0,21,121,-0.70711,0.70711,0.8724,-0.48879,-14.91,-6.55,-11.77
2026-05-01T22:00:00Z,MTR,-14.91,67.9,975.8,13.03,22,121,-0.5,0.86603,0.8724,-0.48879,-10.11,-6.46,-16.77
2026-05-01T23:00:00Z,MTR,-10.11,73.5,972.1,11.91,23,121,-0.25882,0.96593,0.8724,-0.48879,-11.01,-5.57,-17.18
2026-05-02T00:00:00Z,MTR,-11.01,68.6,972.6,11.41,0,122,0.0,1.0,0.86387,-0.50372,-9.95,-6.04,-16.9
2026-05-02T01:00:00Z,MTR,-9.95,81.4,971.0,14.86,1,122,0.25882,0.96593,0.86387,-0.50372,-7.36,-5.14,-16.57
2026-05-02T02:00:00Z,MTR,-7.36,75.3,968.2,20.0,2,122,0.5,0.86603,0.86387,-0.50372,-6.55,-5.2,-16.2
2026-05-02T03:00:00Z,MTR,-6.55,87.1,966.8,17.77,3,122,0.70711,0.70711,0.86387,-0.50372,-6.46,-8.24,-17.04
2026-05-02T04:00:00Z,MTR,-6.46,83.7,968.5,19.2,4,122,0.86603,0.5,0.86387,-0.50372,-5.57,-9.24,-17.54
2026-05-02T05:00:00Z,MTR,-5.57,94.3,966.9,18.14,5,122,0.96593,0.25882,0.86387,-0.50372,-6.04,-9.63,-17.51
2026-05-02T06:00:00Z,MTR,-6.04,92.1,967.0,19.36,6,122,1.0,0.0,0.86387,-0.50372,-5.14,-11.03,-17.61
2026-05-02T07:00:00Z,MTR,-5.14,79.5,965.2,19.05,7,122,0.96593,-0.25882,0.86387,-0.50372,-5.2,-11.27,-17.34
2026-05-02T08:00:00Z,MTR,-5.2,93.8,966.3,19.92,8,122,0.86603,-0.5,0.86387,-0.50372,-8.24,-12.58,-18.0
2026-05-02T09:00:00Z,MTR,-8.24,79.1,967.1,13.19,9,122,0.70711,-0.70711,0.86387,-0.50372,-9.24,-11.7,-17.04
2026-05-02T10:00:00Z,MTR,-9.24,75.2,970.1,14.61,10,122,0.5,-0.86603,0.86387,-0.50372,-9.63,-13.23,-17.66
2026-05-02T11:00:00Z,MTR,-9.63,77.6,969.4,15.01,11,122,0.25882,-0.96593,0.86387,-0.50372,-11.03,-10.65,-17.25
2026-05-02T12:00:00Z,MTR,-11.03,77.8,970.3,15.2,12,122,0.0,-1.0,0.86387,-0.50372,-11.27,-12.52,-17.75
2026-05-02T13:00:00Z,MTR,-11.27,89.2,970.2,11.75,13,122,-0.25882,-0.96593,0.86387,-0.50372,-12.58,-13.07,-17.9
2026-05-02T14:00:00Z,MTR,-12.58,63.0,972.3,14.54,14,122,-0.5,-0.86603,0.86387,-0.50372,-11.7,-12.44,-18.97
2026-05-02T15:00:00Z,MTR,-11.7,88.9,970.8,17.92,15,122,-0.70711,-0.70711,0.86387,-0.50372,-13.23,-11.77,-18.87
2026-05-02T16:00:00Z,MTR,-13.23,82.3,972.0,17.31,16,122,-0.86603,-0.5,0.86387,-0.50372,-10.65,-16.77,-18.15
2026-05-02T17:00:00Z,MTR,-10.65,80.5,971.6,20.81,17,122,-0.96593,-0.25882,0.86387,-0.50372,-12.52,-17.18,-17.02
2026-05-02T18:00:00Z,MTR,-12.52,75.4,971.6,16.42,18,122,-1.0,-0.0,0.86387,-0.50372,-13.07,-16.9,-16.98
2026-05-02T19:00:00Z,MTR,-13.07,76.6,971.9,13.28,19,122,-0.96593,0.25882,0.86387,-0.50372,-12.44,-16.57,-17.79
2026-05-02T20:00:00Z,MTR,-12.44,81.4,972.6,15.75,20,122,-0.86603,0.5,0.86387,-0.50372,-11.77,-16.2,-17.02
2026-05-02T21:00:00Z,MTR,-11.77,80.4,972.6,10.77,21,122,-0.70711,0.70711,0.86387,-0.50372,-16.77,-17.04,-16.65
2026-05-02T22:00:00Z,MTR,-16.77,72.4,973.4,16.53,22,122,-0.5,0.86603,0.86387,-0.50372,-17.18,-17.54,-16.69
2026-05-02T23:00:00Z,MTR,-17.18,76.2,976.6,13.19,23,122,-0.25882,0.96593,0.86387,-0.50372,-16.9,-17.51,-17.0
2026-05-03T00:00:00Z,MTR,-16.9,67.0,978.7,12.38,0,123,0.0,1.0,0.85507,-0.51851,-16.57,-17.61,-17.25
2026-05-03T01:00:00Z,MTR,-16.57,67.4,980.6,12.98,1,123,0.25882,0.96593,0.85507,-0.51851,-16.2,-17.34,-17.12
2026-05-03T02:00:00Z,MTR,-16.2,76.0,980.1,14.97,2,123,0.5,0.86603,0.85507,-0.51851,-17.04,-18.0,-16.42
2026-05-03T03:00:00Z,MTR,-17.04,72.7,978.9,8.83,3,123,0.70711,0.70711,0.85507,-0.51851,-17.54,-17.04,-16.99
2026-05-03T04:00:00Z,MTR,-17.54,58.7,981.1,9.74,4,123,0.86603,0.5,0.85507,-0.51851,-17.51,-17.66,-17.41
2026-05-03T05:00:00Z,MTR,-17.51,66.1,983.2,11.97,5,123,0.96593,0.25882,0.85507,-0.51851,-17.61,-17.25,-17.47
2026-05-03T06:00:00Z,MTR,-17.61,64.4,986.3,11.97,6,123,1.0,0.0,0.85507,-0.51851,-17.34,-17.75,-18.36
2026-05-03T07:00:00Z,MTR,-17.34,64.1,985.5,13.1,7,123,0.96593,-0.25882,0.85507,-0.51851,-18.0,-17.9,-17.67
2026-05-03T08:00:00Z,MTR,-18.0,50.7,985.5,12.6,8,123,0.86603,-0.5,0.85507,-0.51851,-17.04,-18.97,-17.09
2026-05-03T09:00:00Z,MTR,-17.04,58.3,983.1,10.5,9,123,0.70711,-0.70711,0.85507,-0.51851,-17.66,-18.87,-16.74
2026-05-03T10:00:00Z,MTR,-17.66,55.3,983.0,7.05,10,123,0.5,-0.86603,0.85507,-0.51851,-17.25,-18.15,-14.68
2026-05-03T11:00:00Z,MTR,-17.25,58.7,985.4,7.76,11,123,0.25882,-0.96593,0.85507,-0.51851,-17.75,-17.02,-14.14
2026-05-03T12:00:00Z,MTR,-17.75,63.1,985.2,8.79,12,123,0.0,-1.0,0.85507,-0.51851,-17.9,-16.98,-13.22
2026-05-03T13:00:00Z,MTR,-17.9,58.0,986.9,8.55,13,123,-0.25882,-0.96593,0.85507,-0.51851,-18.97,-17.79,-13.41
2026-05-03T14:00:00Z,MTR,-18.97,57.6,987.1,9.54,14,123,-0.5,-0.86603,0.85507,-0.51851,-18.87,-17.02,-14.05
2026-05-03T15:00:00Z,MTR,-18.87,51.5,988.2,11.4,15,123,-0.70711,-0.70711,0.85507,-0.51851,-18.15,-16.65,-15.22
2026-05-03T16:00:00Z,MTR,-18.15,55.0,986.7,9.69,16,123,-0.86603,-0.5,0.85507,-0.51851,-17.02,-16.69,-15.0
2026-05-03T17:00:00Z,MTR,-17.02,56.2,987.4,11.12,17,123,-0.96593,-0.25882,0.85507,-0.51851,-16.98,-17.0,-14.62
2026-05-03T18:00:00Z,MTR,-16.98,71.3,982.5,14.83,18,123,-1.0,-0.0,0.85507,-0.51851,-17.79,-17.25,-13.97
2026-05-03T19:00:00Z,MTR,-17.79,68.4,982.9,13.98,19,123,-0.96593,0.25882,0.85507,-0.51851,-17.02,-17.12,-14.44
2026-05-03T20:00:00Z,MTR,-17.02,72.2,980.7,13.21,20,123,-0.86603,0.5,0.85507,-0.51851,-16.65,-16.42,-14.0
2026-05-03T21:00:00Z,MTR,-16.65,67.1,983.7,11.71,21,123,-0.70711,0.70711,0.85507,-0.51851,-16.69,-16.99,-15.06
2026-05-03T22:00:00Z,MTR,-16.69,66.4,985.7,10.05,22,123,-0.5,0.86603,0.85507,-0.51851,-17.0,-17.41,-15.01
2026-05-03T23:00:00Z,MTR,-17.0,53.8,987.1,9.04,23,123,-0.25882,0.96593,0.85507,-0.51851,-17.25,-17.47,-14.63
2026-05-04T00:00:00Z,MTR,-17.25,63.5,990.3,6.74,0,124,0.0,1.0,0.84603,-0.53314,-17.12,-18.36,-14.46
2026-05-04T01:00:00Z,MTR,-17.12,64.0,988.8,8.42,1,124,0.25882,0.96593,0.84603,-0.53314,-16.42,-17.67,-13.92
2026-05-04T02:00:00Z,MTR,-16.42,53.8,992.2,9.44,2,124,0.5,0.86603,0.84603,-0.53314,-16.99,-17.09,-13.63
2026-05-04T03:00:00Z,MTR,-16.99,58.7,994.0,9.54,3,124,0.70711,0.70711,0.84603,-0.53314,-17.41,-16.74,-13.67
2026-05-04T04:00:00Z,MTR,-17.41,59.7,993.5,7.07,4,124,0.86603,0.5,0.84603,-0.53314,-17.47,-14.68,-12.86
2026-05-04T05:00:00Z,MTR,-17.47,53.1,995.5,12.96,5,124,0.96593,0.25882,0.84603,-0.53314,-18.36,-14.14,-13.07
2026-05-04T06:00:00Z,MTR,-18.36,57.1,993.3,9.13,6,124,1.0,0.0,0.84603,-0.53314,-17.67,-13.22,-13.24
2026-05-04T07:00:00Z,MTR,-17.67,54.1,991.8,11.56,7,124,0.96593,-0.25882,0.84603,-0.53314,-17.09,-13.41,-12.2
2026-05-04T08:00:00Z,MTR,-17.09,63.5,990.6,8.51,8,124,0.86603,-0.5,0.84603,-0.53314,-16.74,-14.05,-14.51
2026-05-04T09:00:00Z,MTR,-16.74,56.3,989.7,10.87,9,124,0.70711,-0.70711,0.84603,-0.53314,-14.68,-15.22,-14.14
2026-05-04T10:00:00Z,MTR,-14.68,61.7,987.8,9.64,10,124,0.5,-0.86603,0.84603,-0.53314,-14.14,-15.0,-13.61
2026-05-04T11:00:00Z,MTR,-14.14,57.2,990.1,8.56,11,124,0.25882,-0.96593,0.84603,-0.53314,-13.22,-14.62,-13.98
2026-05-04T12:00:00Z,MTR,-13.22,54.8,989.6,7.61,12,124,0.0,-1.0,0.84603,-0.53314,-13.41,-13.97,-14.08
2026-05-04T13:00:00Z,MTR,-13.41,47.5,990.2,4.08,13,124,-0.25882,-0.96593,0.84603,-0.53314,-14.05,-14.44,-14.3
2026-05-04T14:00:00Z,MTR,-14.05,64.2,989.1,13.19,14,124,-0.5,-0.86603,0.84603,-0.53314,-15.22,-14.0,-14.63
2026-05-04T15:00:00Z,MTR,-15.22,63.0,985.9,13.39,15,124,-0.70711,-0.70711,0.84603,-0.53314,-15.0,-15.06,-14.74
2026-05-04T16:00:00Z,MTR,-15.0,71.1,986.5,11.38,16,124,-0.86603,-0.5,0.84603,-0.53314,-14.62,-15.01,-14.51
2026-05-04T17:00:00Z,MTR,-14.62,72.2,983.2,14.44,17,124,-0.96593,-0.25882,0.84603,-0.53314,-13.97,-14.63,-15.03
2026-05-04T18:00:00Z,MTR,-13.97,70.9,983.4,10.92,18,124,-1.0,-0.0,0.84603,-0.53314,-14.44,-14.46,-15.07
2026-05-04T19:00:00Z,MTR,-14.44,70.5,981.2,10.32,19,124,-0.96593,0.25882,0.84603,-0.53314,-14.0,-13.92,-16.12
2026-05-04T20:00:00Z,MTR,-14.0,67.3,985.2,12.48,20,124,-0.86603,0.5,0.84603,-0.53314,-15.06,-13.63,-16.56
2026-05-04T21:00:00Z,MTR,-15.06,61.6,987.1,9.67,21,124,-0.70711,0.70711,0.84603,-0.53314,-15.01,-13.67,-17.32
2026-05-04T22:00:00Z,MTR,-15.01,64.5,987.5,9.45,22,124,-0.5,0.86603,0.84603,-0.53314,-14.63,-12.86,-17.11
2026-05-04T23:00:00Z,MTR,-14.63,55.4,990.0,8.65,23,124,-0.25882,0.96593,0.84603,-0.53314,-14.46,-13.07,-17.81
2026-05-05T00:00:00Z,MTR,-14.46,46.0,988.5,5.95,0,125,0.0,1.0,0.83673,-0.54761,-13.92,-13.24,-19.0
2026-05-05T01:00:00Z,MTR,-13.92,61.4,989.7,8.68,1,125,0.25882,0.96593,0.83673,-0.54761,-13.63,-12.2,-19.86
2026-05-05T02:00:00Z,MTR,-13.63,60.6,990.2,7.3,2,125,0.5,0.86603,0.83673,-0.54761,-13.67,-14.51,-20.4
2026-05-05T03:00:00Z,MTR,-13.67,51.1,990.9,12.04,3,125,0.70711,0.70711,0.83673,-0.54761,-12.86,-14.14,-19.36
2026-05-05T04:00:00Z,MTR,-12.86,57.1,993.3,9.55,4,125,0.86603,0.5,0.83673,-0.54761,-13.07,-13.61,-18.0
2026-05-05T05:00:00Z,MTR,-13.07,56.0,994.7,10.69,5,125,0.96593,0.25882,0.83673,-0.54761,-13.24,-13.98,-18.14
2026-05-05T06:00:00Z,MTR,-13.24,56.9,995.3,6.01,6,125,1.0,0.0,0.83673,-0.54761,-12.2,-14.08,-19.13
2026-05-05T07:00:00Z,MTR,-12.2,55.5,992.4,11.59,7,125,0.96593,-0.25882,0.83673,-0.54761,-14.51,-14.3,-19.16
2026-05-05T08:00:00Z,MTR,-14.51,50.5,990.9,13.55,8,125,0.86603,-0.5,0.83673,-0.54761,-14.14,-14.63,-17.93
2026-05-05T09:00:00Z,MTR,-14.14,53.8,991.0,7.72,9,125,0.70711,-0.70711,0.83673,-0.54761,-13.61,-14.74,-17.65
2026-05-05T10:00:00Z,MTR,-13.61,53.5,991.6,8.35,10,125,0.5,-0.86603,0.83673,-0.54761,-13.98,-14.51,-18.49
2026-05-05T11:00:00Z,MTR,-13.98,56.7,989.9,7.38,11,125,0.25882,-0.96593,0.83673,-0.54761,-14.08,-15.03,-16.89
2026-05-05T12:00:00Z,MTR,-14.08,53.0,994.8,7.0,12,125,0.0,-1.0,0.83673,-0.54761,-14.3,-15.07,-17.12
2026-05-05T13:00:00Z,MTR,-14.3,48.6,997.8,8.45,13,125,-0.25882,-0.96593,0.83673,-0.54761,-14.63,-16.12,-17.56
2026-05-05T14:00:00Z,MTR,-14.63,51.3,999.0,11.09,14,125,-0.5,-0.86603,0.83673,-0.54761,-14.74,-16.56,-16.66
2026-05-05T15:00:00Z,MTR,-14.74,42.7,999.2,7.88,15,125,-0.70711,-0.70711,0.83673,-0.54761,-14.51,-17.32,-16.41
2026-05-05T16:00:00Z,MTR,-14.51,49.7,998.9,5.86,16,125,-0.86603,-0.5,0.83673,-0.54761,-15.03,-17.11,-15.18
2026-05-05T17:00:00Z,MTR,-15.03,46.9,997.3,10.03,17,125,-0.96593,-0.25882,0.83673,-0.54761,-15.07,-17.81,-15.3
2026-05-05T18:00:00Z,MTR,-15.07,48.3,997.6,6.32,18,125,-1.0,-0.0,0.83673,-0.54761,-16.12,-19.0,-14.74
2026-05-05T19:00:00Z,MTR,-16.12,39.8,998.2,7.22,19,125,-0.96593,0.25882,0.83673,-0.54761,-16.56,-19.86,-16.01
2026-05-05T20:00:00Z,MTR,-16.56,55.9,996.1,7.81,20,125,-0.86603,0.5,0.83673,-0.54761,-17.32,-20.4,-15.9
2026-05-05T21:00:00Z,MTR,-17.32,50.2,996.9,12.08,21,125,-0.70711,0.70711,0.83673,-0.54761,-17.11,-19.36,-15.93
2026-05-05T22:00:00Z,MTR,-17.11,53.0,996.8,10.18,22,125,-0.5,0.86603,0.83673,-0.54761,-17.81,-18.0,-16.34
2026-05-05T23:00:00Z,MTR,-17.81,50.5,993.5,10.03,23,125,-0.25882,0.96593,0.83673,-0.54761,-19.0,-18.14,-17.7
2026-05-06T00:00:00Z,MTR,-19.0,52.7,992.1,8.76,0,126,0.0,1.0,0.82719,-0.56192,-19.86,-19.13,-12.89
2026-05-06T01:00:00Z,MTR,-19.86,50.4,991.7,6.37,1,126,0.25882,0.96593,0.82719,-0.56192,-20.4,-19.16,-12.44
2026-05-06T02:00:00Z,MTR,-20.4,53.0,995.3,8.29,2,126,0.5,0.86603,0.82719,-0.56192,-19.36,-17.93,-12.42
2026-05-06T03:00:00Z,MTR,-19.36,55.2,996.3,11.89,3,126,0.70711,0.70711,0.82719,-0.56192,-18.0,-17.65,-10.41
2026-05-06T04:00:00Z,MTR,-18.0,49.4,993.8,10.5,4,126,0.86603,0.5,0.82719,-0.56192,-18.14,-18.49,-9.93
2026-05-06T05:00:00Z,MTR,-18.14,54.6,994.6,11.75,5,126,0.96593,0.25882,0.82719,-0.56192,-19.13,-16.89,-6.73
2026-05-06T06:00:00Z,MTR,-19.13,54.4,991.6,7.57,6,126,1.0,0.0,0.82719,-0.56192,-19.16,-17.12,-6.49
2026-05-06T07:00:00Z,MTR,-19.16,55.9,993.5,11.5,7,126,0.96593,-0.25882,0.82719,-0.56192,-17.93,-17.56,-7.78
2026-05-06T08:00:00Z,MTR,-17.93,50.5,992.4,7.97,8,126,0.86603,-0.5,0.82719,-0.56192,-17.65,-16.66,-5.8
2026-05-06T09:00:00Z,MTR,-17.65,58.2,991.9,9.24,9,126,0.70711,-0.70711,0.82719,-0.56192,-18.49,-16.41,-6.31
2026-05-06T10:00:00Z,MTR,-18.49,52.5,993.9,9.38,10,126,0.5,-0.86603,0.82719,-0.56192,-16.89,-15.18,-7.63
2026-05-06T11:00:00Z,MTR,-16.89,55.7,991.0,8.19,11,126,0.25882,-0.96593,0.82719,-0.56192,-17.12,-15.3,-8.01
2026-05-06T12:00:00Z,MTR,-17.12,71.8,988.0,10.13,12,126,0.0,-1.0,0.82719,-0.56192,-17.56,-14.74,-6.76
2026-05-06T13:00:00Z,MTR,-17.56,52.3,986.5,8.64,13,126,-0.25882,-0.96593,0.82719,-0.56192,-16.66,-16.01,-5.82
2026-05-06T14:00:00Z,MTR,-16.66,61.8,987.9,6.44,14,126,-0.5,-0.86603,0.82719,-0.56192,-16.41,-15.9,-3.84
2026-05-06T15:00:00Z,MTR,-16.41,65.8,984.5,10.27,15,126,-0.70711,-0.70711,0.82719,-0.56192,-15.18,-15.93,-3.27
2026-05-06T16:00:00Z,MTR,-15.18,74.1,978.8,15.95,16,126,-0.86603,-0.5,0.82719,-0.56192,-15.3,-16.34,-2.69
2026-05-06T17:00:00Z,MTR,-15.3,75.1,977.7,16.0,17,126,-0.96593,-0.25882,0.82719,-0.56192,-14.74,-17.7,-1.03
2026-05-06T18:00:00Z,MTR,-14.74,73.3,978.2,18.58,18,126,-1.0,-0.0,0.82719,-0.56192,-16.01,-12.89,-1.02
2026-05-06T19:00:00Z,MTR,-16.01,71.6,979.9,14.84,19,126,-0.96593,0.25882,0.82719,-0.56192,-15.9,-12.44,-2.29
2026-05-06T20:00:00Z,MTR,-15.9,84.0,978.3,12.96,20,126,-0.86603,0.5,0.82719,-0.56192,-15.93,-12.42,-2.19
2026-05-06T21:00:00Z,MTR,-15.93,71.6,976.9,14.62,21,126,-0.70711,0.70711,0.82719,-0.56192,-16.34,-10.41,-3.14
2026-05-06T22:00:00Z,MTR,-16.34,70.5,978.3,15.49,22,126,-0.5,0.86603,0.82719,-0.56192,-17.7,-9.93,-3.45
2026-05-06T23:00:00Z,MTR,-17.7,68.8,974.1,10.53,23,126,-0.25882,0.96593,0.82719,-0.56192,-12.89,-6.73,-4.35
2026-05-07T00:00:00Z,MTR,-12.89,72.5,972.7,14.3,0,127,0.0,1.0,0.8174,-0.57607,-12.44,-6.49,-7.15
2026-05-07T01:00:00Z,MTR,-12.44,77.4,972.3,12.11,1,127,0.25882,0.96593,0.8174,-0.57607,-12.42,-7.78,-6.53
2026-05-07T02:00:00Z,MTR,-12.42,79.2,972.4,15.77,2,127,0.5,0.86603,0.8174,-0.57607,-10.41,-5.8,-7.59
2026-05-07T03:00:00Z,MTR,-10.41,79.2,970.7,18.18,3,127,0.70711,0.70711,0.8174,-0.57607,-9.93,-6.31,-7.15
2026-05-07T04:00:00Z,MTR,-9.93,83.8,970.1,18.61,4,127,0.86603,0.5,0.8174,-0.57607,-6.73,-7.63,-5.92
2026-05-07T05:00:00Z,MTR,-6.73,84.8,964.9,22.27,5,127,0.96593,0.25882,0.8174,-0.57607,-6.49,-8.01,-7.15
2026-05-07T06:00:00Z,MTR,-6.49,99.0,963.2,20.76,6,127,1.0,0.0,0.8174,-0.57607,-7.78,-6.76,-7.58
2026-05-07T07:00:00Z,MTR,-7.78,88.4,963.6,21.03,7,127,0.96593,-0.25882,0.8174,-0.57607,-5.8,-5.82,-7.54
2026-05-07T08:00:00Z,MTR,-5.8,93.4,961.4,21.49,8,127,0.86603,-0.5,0.8174,-0.57607,-6.31,-3.84,-7.3
2026-05-07T09:00:00Z,MTR,-6.31,90.0,961.2,17.96,9,127,0.70711,-0.70711,0.8174,-0.57607,-7.63,-3.27,-7.09
2026-05-07T10:00:00Z,MTR,-7.63,85.4,961.7,17.0,10,127,0.5,-0.86603,0.8174,-0.57607,-8.01,-2.69,-7.49
2026-05-07T11:00:00Z,MTR,-8.01,85.4,960.8,12.64,11,127,0.25882,-0.96593,0.8174,-0.57607,-6.76,-1.03,-9.12
2026-05-07T12:00:00Z,MTR,-6.76,83.9,960.9,18.29,12,127,0.0,-1.0,0.8174,-0.57607,-5.82,-1.02,-8.47
2026-05-07T13:00:00Z,MTR,-5.82,81.2,959.0,12.67,13,127,-0.25882,-0.96593,0.8174,-0.57607,-3.84,-2.29,-10.43
2026-05-07T14:00:00Z,MTR,-3.84,97.7,958.6,21.76,14,127,-0.5,-0.86603,0.8174,-0.57607,-3.27,-2.19,-9.69
2026-05-07T15:00:00Z,MTR,-3.27,89.4,959.7,23.72,15,127,-0.70711,-0.70711,0.8174,-0.57607,-2.69,-3.14,-8.45
2026-05-07T16:00:00Z,MTR,-2.69,91.2,960.0,21.86,16,127,-0.86603,-0.5,0.8174,-0.57607,-1.03,-3.45,-10.03
2026-05-07T17:00:00Z,MTR,-1.03,99.0,959.0,22.84,17,127,-0.96593,-0.25882,0.8174,-0.57607,-1.02,-4.35,-14.89
2026-05-07T18:00:00Z,MTR,-1.02,98.4,959.6,23.86,18,127,-1.0,-0.0,0.8174,-0.57607,-2.29,-7.15,-15.48
2026-05-07T19:00:00Z,MTR,-2.29,90.6,961.2,19.95,19,127,-0.96593,0.25882,0.8174,-0.57607,-2.19,-6.53,-15.24
2026-05-07T20:00:00Z,MTR,-2.19,91.9,957.8,19.07,20,127,-0.86603,0.5,0.8174,-0.57607,-3.14,-7.59,-14.98
2026-05-07T21:00:00Z,MTR,-3.14,89.9,960.4,20.01,21,127,-0.70711,0.70711,0.8174,-0.57607,-3.45,-7.15,-16.36
2026-05-07T22:00:00Z,MTR,-3.45,99.0,960.2,17.97,22,127,-0.5,0.86603,0.8174,-0.57607,-4.35,-5.92,-15.98
2026-05-07T23:00:00Z,MTR,-4.35,89.8,961.6,18.36,23,127,-0.25882,0.96593,0.8174,-0.57607,-7.15,-7.15,-16.09
2026-05-08T00:00:00Z,MTR,-7.15,99.0,964.4,16.88,0,128,0.0,1.0,0.80737,-0.59004,-6.53,-7.58,-17.29
2026-05-08T01:00:00Z,MTR,-6.53,81.1,962.5,16.95,1,128,0.25882,0.96593,0.80737,-0.59004,-7.59,-7.54,-16.8
2026-05-08T02:00:00Z,MTR,-7.59,88.5,962.0,17.5,2,128,0.5,0.86603,0.80737,-0.59004,-7.15,-7.3,-15.61
2026-05-08T03:00:00Z,MTR,-7.15,93.0,962.4,15.21,3,128,0.70711,0.70711,0.80737,-0.59004,-5.92,-7.09,-15.6
2026-05-08T04:00:00Z,MTR,-5.92,94.4,961.9,19.88,4,128,0.86603,0.5,0.80737,-0.59004,-7.15,-7.49,-14.62
2026-05-08T05:00:00Z,MTR,-7.15,87.5,966.2,18.29,5,128,0.96593,0.25882,0.80737,-0.59004,-7.58,-9.12,-14.13
2026-05-08T06:00:00Z,MTR,-7.58,82.0,965.6,18.73,6,128,1.0,0.0,0.80737,-0.59004,-7.54,-8.47,-13.67
2026-05-08T07:00:00Z,MTR,-7.54,78.9,965.7,20.77,7,128,0.96593,-0.25882,0.80737,-0.59004,-7.3,-10.43,-13.51
2026-05-08T08:00:00Z,MTR,-7.3,83.5,967.3,22.36,8,128,0.86603,-0.5,0.80737,-0.59004,-7.09,-9.69,-13.87
2026-05-08T09:00:00Z,MTR,-7.09,89.1,966.3,17.48,9,128,0.70711,-0.70711,0.80737,-0.59004,-7.49,-8.45,-14.6
2026-05-08T10:00:00Z,MTR,-7.49,91.4,967.0,16.28,10,128,0.5,-0.86603,0.80737,-0.59004,-9.12,-10.03,-12.34
2026-05-08T11:00:00Z,MTR,-9.12,81.2,968.9,15.36,11,128,0.25882,-0.96593,0.80737,-0.59004,-8.47,-14.89,-12.4
2026-05-08T12:00:00Z,MTR,-8.47,79.8,969.7,16.86,12,128,0.0,-1.0,0.80737,-0.59004,-10.43,-15.48,-12.57
2026-05-08T13:00:00Z,MTR,-10.43,78.8,971.0,12.36,13,128,-0.25882,-0.96593,0.80737,-0.59004,-9.69,-15.24,-12.12
2026-05-08T14:00:00Z,MTR,-9.69,78.9,971.4,13.9,14,128,-0.5,-0.86603,0.80737,-0.59004,-8.45,-14.98,-13.82
2026-05-08T15:00:00Z,MTR,-8.45,85.4,970.1,15.29,15,128,-0.70711,-0.70711,0.80737,-0.59004,-10.03,-16.36,-13.57
2026-05-08T16:00:00Z,MTR,-10.03,74.6,972.2,12.25,16,128,-0.86603,-0.5,0.80737,-0.59004,-14.89,-15.98,-12.75
2026-05-08T17:00:00Z,MTR,-14.89,72.2,976.9,15.49,17,128,-0.96593,-0.25882,0.80737,-0.59004,-15.48,-16.09,-12.0
2026-05-08T18:00:00Z,MTR,-15.48,73.0,978.2,13.15,18,128,-1.0,-0.0,0.80737,-0.59004,-15.24,-17.29,-11.86
2026-05-08T19:00:00Z,MTR,-15.24,66.5,979.9,15.09,19,128,-0.96593,0.25882,0.80737,-0.59004,-14.98,-16.8,-12.91
2026-05-08T20:00:00Z,MTR,-14.98,60.7,982.3,8.63,20,128,-0.86603,0.5,0.80737,-0.59004,-16.36,-15.61,-12.47
2026-05-08T21:00:00Z,MTR,-16.36,74.8,981.1,13.14,21,128,-0.70711,0.70711,0.80737,-0.59004,-15.98,-15.6,-13.56
2026-05-08T22:00:00Z,MTR,-15.98,62.7,985.4,10.61,22,128,-0.5,0.86603,0.80737,-0.59004,-16.09,-14.62,-12.62
2026-05-08T23:00:00Z,MTR,-16.09,65.4,986.7,8.75,23,128,-0.25882,0.96593,0.80737,-0.59004,-17.29,-14.13,-12.28
2026-05-09T00:00:00Z,MTR,-17.29,60.8,990.5,9.65,0,129,0.0,1.0,0.7971,-0.60385,-16.8,-13.67,-13.1
2026-05-09T01:00:00Z,MTR,-16.8,50.4,989.9,7.17,1,129,0.25882,0.96593,0.7971,-0.60385,-15.61,-13.51,-12.53
2026-05-09T02:00:00Z,MTR,-15.61,50.5,993.9,8.9,2,129,0.5,0.86603,0.7971,-0.60385,-15.6,-13.87,-12.91
2026-05-09T03:00:00Z,MTR,-15.6,51.7,995.8,7.13,3,129,0.70711,0.70711,0.7971,-0.60385,-14.62,-14.6,-13.08
2026-05-09T04:00:00Z,MTR,-14.62,50.2,997.1,11.81,4,129,0.86603,0.5,0.7971,-0.60385,-14.13,-12.34,-12.78
2026-05-09T05:00:00Z,MTR,-14.13,50.9,997.8,8.34,5,129,0.96593,0.25882,0.7971,-0.60385,-13.67,-12.4,-13.08
2026-05-09T06:00:00Z,MTR,-13.67,51.4,997.6,10.16,6,129,1.0,0.0,0.7971,-0.60385,-13.51,-12.57,-13.48
2026-05-09T07:00:00Z,MTR,-13.51,51.8,999.9,9.13,7,129,0.96593,-0.25882,0.7971,-0.60385,-13.87,-12.12,-14.16
2026-05-09T08:00:00Z,MTR,-13.87,47.5,1000.2,9.76,8,129,0.86603,-0.5,0.7971,-0.60385,-14.6,-13.82,-13.63
2026-05-09T09:00:00Z,MTR,-14.6,51.3,996.6,8.4,9,129,0.70711,-0.70711,0.7971,-0.60385,-12.34,-13.57,-13.8
2026-05-09T10:00:00Z,MTR,-12.34,44.2,994.7,3.63,10,129,0.5,-0.86603,0.7971,-0.60385,-12.4,-12.75,-13.14
2026-05-09T11:00:00Z,MTR,-12.4,49.6,994.5,7.21,11,129,0.25882,-0.96593,0.7971,-0.60385,-12.57,-12.0,-13.73
2026-05-09T12:00:00Z,MTR,-12.57,49.0,995.2,6.65,12,129,0.0,-1.0,0.7971,-0.60385,-12.12,-11.86,-14.68
2026-05-09T13:00:00Z,MTR,-12.12,47.7,995.1,0.2,13,129,-0.25882,-0.96593,0.7971,-0.60385,-13.82,-12.91,-14.09
2026-05-09T14:00:00Z,MTR,-13.82,46.9,997.3,3.79,14,129,-0.5,-0.86603,0.7971,-0.60385,-13.57,-12.47,-15.08
2026-05-09T15:00:00Z,MTR,-13.57,57.5,993.7,10.5,15,129,-0.70711,-0.70711,0.7971,-0.60385,-12.75,-13.56,-15.61
2026-05-09T16:00:00Z,MTR,-12.75,63.7,993.9,12.4,16,129,-0.86603,-0.5,0.7971,-0.60385,-12.0,-12.62,-15.25
2026-05-09T17:00:00Z,MTR,-12.0,50.9,990.6,10.86,17,129,-0.96593,-0.25882,0.7971,-0.60385,-11.86,-12.28,-14.0
2026-05-09T18:00:00Z,MTR,-11.86,55.7,992.0,12.29,18,129,-1.0,-0.0,0.7971,-0.60385,-12.91,-13.1,-13.91
2026-05-09T19:00:00Z,MTR,-12.91,52.1,991.8,10.84,19,129,-0.96593,0.25882,0.7971,-0.60385,-12.47,-12.53,-14.86
2026-05-09T20:00:00Z,MTR,-12.47,48.9,992.5,10.11,20,129,-0.86603,0.5,0.7971,-0.60385,-13.56,-12.91,-15.7
2026-05-09T21:00:00Z,MTR,-13.56,54.5,990.8,9.76,21,129,-0.70711,0.70711,0.7971,-0.60385,-12.62,-13.08,-15.78
2026-05-09T22:00:00Z,MTR,-12.62,49.4,993.0,8.74,22,129,-0.5,0.86603,0.7971,-0.60385,-12.28,-12.78,-15.38
2026-05-09T23:00:00Z,MTR,-12.28,53.9,994.7,7.96,23,129,-0.25882,0.96593,0.7971,-0.60385,-13.1,-13.08,-16.19
2026-05-10T00:00:00Z,MTR,-13.1,50.3,995.4,5.22,0,130,0.0,1.0,0.7866,-0.61747,-12.53,-13.48,-17.17
2026-05-10T01:00:00Z,MTR,-12.53,51.6,994.8,9.63,1,130,0.25882,0.96593,0.7866,-0.61747,-12.91,-14.16,-17.22
2026-05-10T02:00:00Z,MTR,-12.91,52.7,995.5,5.74,2,130,0.5,0.86603,0.7866,-0.61747,-13.08,-13.63,-16.69
2026-05-10T03:00:00Z,MTR,-13.08,47.7,993.9,12.42,3,130,0.70711,0.70711,0.7866,-0.61747,-12.78,-13.8,-17.7
2026-05-10T04:00:00Z,MTR,-12.78,47.5,995.1,8.73,4,130,0.86603,0.5,0.7866,-0.61747,-13.08,-13.14,-19.45
2026-05-10T05:00:00Z,MTR,-13.08,51.6,997.7,8.54,5,130,0.96593,0.25882,0.7866,-0.61747,-13.48,-13.73,-19.39
2026-05-10T06:00:00Z,MTR,-13.48,42.8,999.1,7.03,6,130,1.0,0.0,0.7866,-0.61747,-14.16,-14.68,-17.22
2026-05-10T07:00:00Z,MTR,-14.16,40.4,997.3,9.61,7,130,0.96593,-0.25882,0.7866,-0.61747,-13.63,-14.09,-17.58
2026-05-10T08:00:00Z,MTR,-13.63,57.8,997.5,7.62,8,130,0.86603,-0.5,0.7866,-0.61747,-13.8,-15.08,-16.67
2026-05-10T09:00:00Z,MTR,-13.8,54.3,994.7,7.79,9,130,0.70711,-0.70711,0.7866,-0.61747,-13.14,-15.61,-17.48
2026-05-10T10:00:00Z,MTR,-13.14,56.8,995.4,7.24,10,130,0.5,-0.86603,0.7866,-0.61747,-13.73,-15.25,-17.33
2026-05-10T11:00:00Z,MTR,-13.73,47.9,996.0,8.17,11,130,0.25882,-0.96593,0.7866,-0.61747,-14.68,-14.0,-16.44
2026-05-10T12:00:00Z,MTR,-14.68,47.3,992.3,4.99,12,130,0.0,-1.0,0.7866,-0.61747,-14.09,-13.91,-16.61
2026-05-10T13:00:00Z,MTR,-14.09,59.5,990.1,10.36,13,130,-0.25882,-0.96593,0.7866,-0.61747,-15.08,-14.86,-17.63
2026-05-10T14:00:00Z,MTR,-15.08,53.6,989.6,12.21,14,130,-0.5,-0.86603,0.7866,-0.61747,-15.61,-15.7,-17.56
2026-05-10T15:00:00Z,MTR,-15.61,63.1,989.1,7.07,15,130,-0.70711,-0.70711,0.7866,-0.61747,-15.25,-15.78,-16.93
2026-05-10T16:00:00Z,MTR,-15.25,62.2,987.1,10.15,16,130,-0.86603,-0.5,0.7866,-0.61747,-14.0,-15.38,-15.47
2026-05-10T17:00:00Z,MTR,-14.0,62.2,988.0,14.32,17,130,-0.96593,-0.25882,0.7866,-0.61747,-13.91,-16.19,-16.58
2026-05-10T18:00:00Z,MTR,-13.91,61.1,988.7,12.51,18,130,-1.0,-0.0,0.7866,-0.61747,-14.86,-17.17,-16.37
2026-05-10T19:00:00Z,MTR,-14.86,71.2,988.6,15.12,19,130,-0.96593,0.25882,0.7866,-0.61747,-15.7,-17.22,-17.02
2026-05-10T20:00:00Z,MTR,-15.7,64.3,987.4,11.37,20,130,-0.86603,0.5,0.7866,-0.61747,-15.78,-16.69,-16.95
2026-05-10T21:00:00Z,MTR,-15.78,57.2,989.6,9.38,21,130,-0.70711,0.70711,0.7866,-0.61747,-15.38,-17.7,-17.61
2026-05-10T22:00:00Z,MTR,-15.38,56.3,992.8,11.37,22,130,-0.5,0.86603,0.7866,-0.61747,-16.19,-19.45,-18.1
2026-05-10T23:00:00Z,MTR,-16.19,50.6,992.0,6.41,23,130,-0.25882,0.96593,0.7866,-0.61747,-17.17,-19.39,-16.83
2026-05-11T00:00:00Z,MTR,-17.17,53.5,991.0,7.02,0,131,0.0,1.0,0.77586,-0.63091,-17.22,-17.22,-17.07
2026-05-11T01:00:00Z,MTR,-17.22,62.0,992.0,9.19,1,131,0.25882,0.96593,0.77586,-0.63091,-16.69,-17.58,-18.07
2026-05-11T02:00:00Z,MTR,-16.69,56.9,991.5,10.41,2,131,0.5,0.86603,0.77586,-0.63091,-17.7,-16.67,-18.16
2026-05-11T03:00:00Z,MTR,-17.7,60.0,991.3,8.27,3,131,0.70711,0.70711,0.77586,-0.63091,-19.45,-17.48,-16.35
2026-05-11T04:00:00Z,MTR,-19.45,50.9,992.8,10.47,4,131,0.86603,0.5,0.77586,-0.63091,-19.39,-17.33,-16.73
2026-05-11T05:00:00Z,MTR,-19.39,63.2,989.3,10.85,5,131,0.96593,0.25882,0.77586,-0.63091,-17.22,-16.44,-17.12
2026-05-11T06:00:00Z,MTR,-17.22,54.3,991.9,7.34,6,131,1.0,0.0,0.77586,-0.63091,-17.58,-16.61,-15.04
2026-05-11T07:00:00Z,MTR,-17.58,57.0,992.0,9.62,7,131,0.96593,-0.25882,0.77586,-0.63091,-16.67,-17.63,-8.24
2026-05-11T08:00:00Z,MTR,-16.67,56.2,991.2,7.19,8,131,0.86603,-0.5,0.77586,-0.63091,-17.48,-17.56,-7.01
2026-05-11T09:00:00Z,MTR,-17.48,57.5,991.0,8.65,9,131,0.70711,-0.70711,0.77586,-0.63091,-17.33,-16.93,-5.87
2026-05-11T10:00:00Z,MTR,-17.33,55.1,990.9,5.14,10,131,0.5,-0.86603,0.77586,-0.63091,-16.44,-15.47,-5.14
2026-05-11T11:00:00Z,MTR,-16.44,66.8,987.6,10.16,11,131,0.25882,-0.96593,0.77586,-0.63091,-16.61,-16.58,-4.49
2026-05-11T12:00:00Z,MTR,-16.61,49.6,990.3,8.32,12,131,0.0,-1.0,0.77586,-0.63091,-17.63,-16.37,-3.12
2026-05-11T13:00:00Z,MTR,-17.63,61.0,990.2,11.75,13,131,-0.25882,-0.96593,0.77586,-0.63091,-17.56,-17.02,-3.74
2026-05-11T14:00:00Z,MTR,-17.56,53.2,990.7,7.5,14,131,-0.5,-0.86603,0.77586,-0.63091,-16.93,-16.95,-4.22
2026-05-11T15:00:00Z,MTR,-16.93,51.1,992.1,9.86,15,131,-0.70711,-0.70711,0.77586,-0.63091,-15.47,-17.61,-3.7
2026-05-11T16:00:00Z,MTR,-15.47,68.6,989.7,8.74,16,131,-0.86603,-0.5,0.77586,-0.63091,-16.58,-18.1,-3.26
2026-05-11T17:00:00Z,MTR,-16.58,53.1,990.1,9.9,17,131,-0.96593,-0.25882,0.77586,-0.63091,-16.37,-16.83,-2.85
2026-05-11T18:00:00Z,MTR,-16.37,50.1,989.1,10.83,18,131,-1.0,-0.0,0.77586,-0.63091,-17.02,-17.07,-1.42
2026-05-11T19:00:00Z,MTR,-17.02,64.3,990.1,15.14,19,131,-0.96593,0.25882,0.77586,-0.63091,-16.95,-18.07,-0.24
2026-05-11T20:00:00Z,MTR,-16.95,60.9,985.5,13.09,20,131,-0.86603,0.5,0.77586,-0.63091,-17.61,-18.16,-0.8
2026-05-11T21:00:00Z,MTR,-17.61,70.1,984.8,11.79,21,131,-0.70711,0.70711,0.77586,-0.63091,-18.1,-16.35,0.79
2026-05-11T22:00:00Z,MTR,-18.1,54.9,983.1,14.05,22,131,-0.5,0.86603,0.77586,-0.63091,-16.83,-16.73,0.33
2026-05-11T23:00:00Z,MTR,-16.83,74.7,983.3,12.33,23,131,-0.25882,0.96593,0.77586,-0.63091,-17.07,-17.12,0.55
2026-05-12T00:00:00Z,MTR,-17.07,69.3,983.4,9.91,0,132,0.0,1.0,0.76489,-0.64416,-18.07,-15.04,-0.05
2026-05-12T01:00:00Z,MTR,-18.07,66.5,981.4,12.96,1,132,0.25882,0.96593,0.76489,-0.64416,-18.16,-8.24,-0.05
2026-05-12T02:00:00Z,MTR,-18.16,60.7,979.3,12.52,2,132,0.5,0.86603,0.76489,-0.64416,-16.35,-7.01,0.84
2026-05-12T03:00:00Z,MTR,-16.35,65.9,978.4,20.14,3,132,0.70711,0.70711,0.76489,-0.64416,-16.73,-5.87,-0.8
2026-05-12T04:00:00Z,MTR,-16.73,70.8,976.1,17.94,4,132,0.86603,0.5,0.76489,-0.64416,-17.12,-5.14,-1.43
2026-05-12T05:00:00Z,MTR,-17.12,76.1,976.9,14.76,5,132,0.96593,0.25882,0.76489,-0.64416,-15.04,-4.49,-2.67
2026-05-12T06:00:00Z,MTR,-15.04,70.5,975.5,17.7,6,132,1.0,0.0,0.76489,-0.64416,-8.24,-3.12,-1.48
2026-05-12T07:00:00Z,MTR,-8.24,71.0,969.5,19.15,7,132,0.96593,-0.25882,0.76489,-0.64416,-7.01,-3.74,-1.93
2026-05-12T08:00:00Z,MTR,-7.01,83.5,968.3,18.67,8,132,0.86603,-0.5,0.76489,-0.64416,-5.87,-4.22,-2.81
2026-05-12T09:00:00Z,MTR,-5.87,89.9,965.9,19.36,9,132,0.70711,-0.70711,0.76489,-0.64416,-5.14,-3.7,-5.79
2026-05-12T10:00:00Z,MTR,-5.14,98.0,962.6,15.35,10,132,0.5,-0.86603,0.76489,-0.64416,-4.49,-3.26,-7.79
2026-05-12T11:00:00Z,MTR,-4.49,84.9,960.1,16.93,11,132,0.25882,-0.96593,0.76489,-0.64416,-3.12,-2.85,-7.12
2026-05-12T12:00:00Z,MTR,-3.12,86.6,960.1,21.11,12,132,0.0,-1.0,0.76489,-0.64416,-3.74,-1.42,-9.65
2026-05-12T13:00:00Z,MTR,-3.74,73.2,962.4,18.36,13,132,-0.25882,-0.96593,0.76489,-0.64416,-4.22,-0.24,-8.03
2026-05-12T14:00:00Z,MTR,-4.22,79.8,962.6,17.31,14,132,-0.5,-0.86603,0.76489,-0.64416,-3.7,-0.8,-7.8
2026-05-12T15:00:00Z,MTR,-3.7,84.3,961.2,19.61,15,132,-0.70711,-0.70711,0.76489,-0.64416,-3.26,0.79,-8.72
2026-05-12T16:00:00Z,MTR,-3.26,84.4,961.9,19.18,16,132,-0.86603,-0.5,0.76489,-0.64416,-2.85,0.33,-9.79
2026-05-12T17:00:00Z,MTR,-2.85,88.3,960.8,22.74,17,132,-0.96593,-0.25882,0.76489,-0.64416,-1.42,0.55,-11.53
2026-05-12T18:00:00Z,MTR,-1.42,94.7,959.4,20.4,18,132,-1.0,-0.0,0.76489,-0.64416,-0.24,-0.05,-14.0
2026-05-12T19:00:00Z,MTR,-0.24,96.9,957.3,22.19,19,132,-0.96593,0.25882,0.76489,-0.64416,-0.8,-0.05,-20.08
2026-05-12T20:00:00Z,MTR,-0.8,94.6,954.3,21.44,20,132,-0.86603,0.5,0.76489,-0.64416,0.79,0.84,-19.61
2026-05-12T21:00:00Z,MTR,0.79,99.0,953.9,26.75,21,132,-0.70711,0.70711,0.76489,-0.64416,0.33,-0.8,-18.54
2026-05-12T22:00:00Z,MTR,0.33,90.4,954.6,22.63,22,132,-0.5,0.86603,0.76489,-0.64416,0.55,-1.43,-18.87
2026-05-12T23:00:00Z,MTR,0.55,93.8,954.9,21.62,23,132,-0.25882,0.96593,0.76489,-0.64416,-0.05,-2.67,-18.47
2026-05-13T00:00:00Z,MTR,-0.05,90.2,954.6,21.01,0,133,0.0,1.0,0.7537,-0.65722,-0.05,-1.48,-19.2
2026-05-13T01:00:00Z,MTR,-0.05,93.8,953.5,20.1,1,133,0.25882,0.96593,0.7537,-0.65722,0.84,-1.93,-18.92
2026-05-13T02:00:00Z,MTR,0.84,99.0,955.4,24.16,2,133,0.5,0.86603,0.7537,-0.65722,-0.8,-2.81,-19.14
2026-05-13T03:00:00Z,MTR,-0.8,98.6,953.8,22.25,3,133,0.70711,0.70711,0.7537,-0.65722,-1.43,-5.79,-19.46
2026-05-13T04:00:00Z,MTR,-1.43,93.7,956.1,25.72,4,133,0.86603,0.5,0.7537,-0.65722,-2.67,-7.79,-18.92
2026-05-13T05:00:00Z,MTR,-2.67,98.9,955.2,22.17,5,133,0.96593,0.25882,0.7537,-0.65722,-1.48,-7.12,-18.43
2026-05-13T06:00:00Z,MTR,-1.48,95.5,954.9,24.48,6,133,1.0,0.0,0.7537,-0.65722,-1.93,-9.65,-19.16
2026-05-13T07:00:00Z,MTR,-1.93,99.0,953.4,23.75,7,133,0.96593,-0.25882,0.7537,-0.65722,-2.81,-8.03,-17.64
2026-05-13T08:00:00Z,MTR,-2.81,99.0,953.8,23.45,8,133,0.86603,-0.5,0.7537,-0.65722,-5.79,-7.8,-16.44
2026-05-13T09:00:00Z,MTR,-5.79,87.5,957.0,17.96,9,133,0.70711,-0.70711,0.7537,-0.65722,-7.79,-8.72,-16.45
2026-05-13T10:00:00Z,MTR,-7.79,97.1,959.3,16.08,10,133,0.5,-0.86603,0.7537,-0.65722,-7.12,-9.79,-16.09
2026-05-13T11:00:00Z,MTR,-7.12,91.6,962.5,20.02,11,133,0.25882,-0.96593,0.7537,-0.65722,-9.65,-11.53,-14.41
2026-05-13T12:00:00Z,MTR,-9.65,86.7,964.8,13.67,12,133,0.0,-1.0,0.7537,-0.65722,-8.03,-14.0,-14.2
2026-05-13T13:00:00Z,MTR,-8.03,90.8,964.1,19.16,13,133,-0.25882,-0.96593,0.7537,-0.65722,-7.8,-20.08,-15.47
2026-05-13T14:00:00Z,MTR,-7.8,90.7,964.9,23.14,14,133,-0.5,-0.86603,0.7537,-0.65722,-8.72,-19.61,-15.59
2026-05-13T15:00:00Z,MTR,-8.72,88.4,965.0,19.74,15,133,-0.70711,-0.70711,0.7537,-0.65722,-9.79,-18.54,-16.0
2026-05-13T16:00:00Z,MTR,-9.79,81.8,969.0,22.11,16,133,-0.86603,-0.5,0.7537,-0.65722,-11.53,-18.87,-16.46
2026-05-13T17:00:00Z,MTR,-11.53,87.1,968.4,19.81,17,133,-0.96593,-0.25882,0.7537,-0.65722,-14.0,-18.47,-16.22
2026-05-13T18:00:00Z,MTR,-14.0,78.0,971.6,18.01,18,133,-1.0,-0.0,0.7537,-0.65722,-20.08,-19.2,-16.69
2026-05-13T19:00:00Z,MTR,-20.08,82.1,974.7,17.07,19,133,-0.96593,0.25882,0.7537,-0.65722,-19.61,-18.92,-16.15
2026-05-13T20:00:00Z,MTR,-19.61,72.3,979.4,14.04,20,133,-0.86603,0.5,0.7537,-0.65722,-18.54,-19.14,-16.73
2026-05-13T21:00:00Z,MTR,-18.54,70.0,979.9,13.25,21,133,-0.70711,0.70711,0.7537,-0.65722,-18.87,-19.46,-17.64
2026-05-13T22:00:00Z,MTR,-18.87,69.0,982.5,11.03,22,133,-0.5,0.86603,0.7537,-0.65722,-18.47,-18.92,-16.71
2026-05-13T23:00:00Z,MTR,-18.47,61.0,987.8,10.31,23,133,-0.25882,0.96593,0.7537,-0.65722,-19.2,-18.43,-17.0
2026-05-14T00:00:00Z,MTR,-19.2,67.5,987.7,12.99,0,134,0.0,1.0,0.74228,-0.67009,-18.92,-19.16,-16.71
2026-05-14T01:00:00Z,MTR,-18.92,67.6,986.0,12.92,1,134,0.25882,0.96593,0.74228,-0.67009,-19.14,-17.64,-17.52
2026-05-14T02:00:00Z,MTR,-19.14,65.2,983.8,12.07,2,134,0.5,0.86603,0.74228,-0.67009,-19.46,-16.44,-17.7
2026-05-14T03:00:00Z,MTR,-19.46,46.2,986.3,12.76,3,134,0.70711,0.70711,0.74228,-0.67009,-18.92,-16.45,-17.25
2026-05-14T04:00:00Z,MTR,-18.92,69.0,984.1,12.65,4,134,0.86603,0.5,0.74228,-0.67009,-18.43,-16.09,-17.89
2026-05-14T05:00:00Z,MTR,-18.43,67.1,984.7,15.81,5,134,0.96593,0.25882,0.74228,-0.67009,-19.16,-14.41,-17.57
2026-05-14T06:00:00Z,MTR,-19.16,73.1,986.8,9.14,6,134,1.0,0.0,0.74228,-0.67009,-17.64,-14.2,-16.72
2026-05-14T07:00:00Z,MTR,-17.64,54.9,988.3,15.66,7,134,0.96593,-0.25882,0.74228,-0.67009,-16.44,-15.47,-16.55
2026-05-14T08:00:00Z,MTR,-16.44,56.8,990.1,9.75,8,134,0.86603,-0.5,0.74228,-0.67009,-16.45,-15.59,-17.06
2026-05-14T09:00:00Z,MTR,-16.45,48.6,991.4,9.07,9,134,0.70711,-0.70711,0.74228,-0.67009,-16.09,-16.0,-17.6
2026-05-14T10:00:00Z,MTR,-16.09,48.5,994.6,5.62,10,134,0.5,-0.86603,0.74228,-0.67009,-14.41,-16.46,-18.21
2026-05-14T11:00:00Z,MTR,-14.41,61.4,993.5,6.98,11,134,0.25882,-0.96593,0.74228,-0.67009,-14.2,-16.22,-18.84
2026-05-14T12:00:00Z,MTR,-14.2,45.4,992.9,5.49,12,134,0.0,-1.0,0.74228,-0.67009,-15.47,-16.69,-18.22
2026-05-14T13:00:00Z,MTR,-15.47,48.9,992.2,10.33,13,134,-0.25882,-0.96593,0.74228,-0.67009,-15.59,-16.15,-18.93
2026-05-14T14:00:00Z,MTR,-15.59,56.4,994.3,9.49,14,134,-0.5,-0.86603,0.74228,-0.67009,-16.0,-16.73,-19.11
2026-05-14T15:00:00Z,MTR,-16.0,51.6,996.4,6.78,15,134,-0.70711,-0.70711,0.74228,-0.67009,-16.46,-17.64,-18.93
2026-05-14T16:00:00Z,MTR,-16.46,47.8,997.6,6.59,16,134,-0.86603,-0.5,0.74228,-0.67009,-16.22,-16.71,-19.17
2026-05-14T17:00:00Z,MTR,-16.22,34.3,999.9,6.64,17,134,-0.96593,-0.25882,0.74228,-0.67009,-16.69,-17.0,-19.61
2026-05-14T18:00:00Z,MTR,-16.69,55.6,997.8,6.85,18,134,-1.0,-0.0,0.74228,-0.67009,-16.15,-16.71,-18.66
2026-05-14T19:00:00Z,MTR,-16.15,45.1,1000.8,7.04,19,134,-0.96593,0.25882,0.74228,-0.67009,-16.73,-17.52,-19.1
2026-05-14T20:00:00Z,MTR,-16.73,37.9,1003.4,4.7,20,134,-0.86603,0.5,0.74228,-0.67009,-17.64,-17.7,-18.92
2026-05-14T21:00:00Z,MTR,-17.64,44.5,1004.4,7.84,21,134,-0.70711,0.70711,0.74228,-0.67009,-16.71,-17.25,-19.27
2026-05-14T22:00:00Z,MTR,-16.71,45.0,1007.2,2.87,22,134,-0.5,0.86603,0.74228,-0.67009,-17.0,-17.89,-19.65
2026-05-14T23:00:00Z,MTR,-17.0,41.8,1003.5,5.38,23,134,-0.25882,0.96593,0.74228,-0.67009,-16.71,-17.57,-20.56
2026-05-15T00:00:00Z,MTR,-16.71,41.2,1002.0,4.99,0,135,0.0,1.0,0.73064,-0.68276,-17.52,-16.72,-20.67
2026-05-15T01:00:00Z,MTR,-17.52,45.5,1000.2,1.64,1,135,0.25882,0.96593,0.73064,-0.68276,-17.7,-16.55,-21.51
2026-05-15T02:00:00Z,MTR,-17.7,48.1,1001.0,7.34,2,135,0.5,0.86603,0.73064,-0.68276,-17.25,-17.06,-21.12
2026-05-15T03:00:00Z,MTR,-17.25,50.1,998.5,4.05,3,135,0.70711,0.70711,0.73064,-0.68276,-17.89,-17.6,-21.18
2026-05-15T04:00:00Z,MTR,-17.89,46.2,999.4,6.07,4,135,0.86603,0.5,0.73064,-0.68276,-17.57,-18.21,-21.75
2026-05-15T05:00:00Z,MTR,-17.57,52.5,1001.3,8.8,5,135,0.96593,0.25882,0.73064,-0.68276,-16.72,-18.84,-22.41
2026-05-15T06:00:00Z,MTR,-16.72,41.1,1001.8,7.66,6,135,1.0,0.0,0.73064,-0.68276,-16.55,-18.22,-23.9
2026-05-15T07:00:00Z,MTR,-16.55,44.7,1001.5,6.71,7,135,0.96593,-0.25882,0.73064,-0.68276,-17.06,-18.93,-23.09
2026-05-15T08:00:00Z,MTR,-17.06,46.5,998.9,4.34,8,135,0.86603,-0.5,0.73064,-0.68276,-17.6,-19.11,-22.86
2026-05-15T09:00:00Z,MTR,-17.6,43.7,996.6,10.03,9,135,0.70711,-0.70711,0.73064,-0.68276,-18.21,-18.93,-22.48
2026-05-15T10:00:00Z,MTR,-18.21,50.9,998.2,7.71,10,135,0.5,-0.86603,0.73064,-0.68276,-18.84,-19.17,-21.88
2026-05-15T11:00:00Z,MTR,-18.84,47.5,998.9,3.15,11,135,0.25882,-0.96593,0.73064,-0.68276,-18.22,-19.61,-20.48
2026-05-15T12:00:00Z,MTR,-18.22,47.0,998.0,3.23,12,135,0.0,-1.0,0.73064,-0.68276,-18.93,-18.66,-21.1
2026-05-15T13:00:00Z,MTR,-18.93,53.6,996.5,8.62,13,135,-0.25882,-0.96593,0.73064,-0.68276,-19.11,-19.1,-21.41
2026-05-15T14:00:00Z,MTR,-19.11,54.7,992.2,9.45,14,135,-0.5,-0.86603,0.73064,-0.68276,-18.93,-18.92,-20.84
2026-05-15T15:00:00Z,MTR,-18.93,64.6,989.8,7.66,15,135,-0.70711,-0.70711,0.73064,-0.68276,-19.17,-19.27,-20.15
2026-05-15T16:00:00Z,MTR,-19.17,57.0,992.9,8.45,16,135,-0.86603,-0.5,0.73064,-0.68276,-19.61,-19.65,-20.01
2026-05-15T17:00:00Z,MTR,-19.61,61.4,990.1,15.11,17,135,-0.96593,-0.25882,0.73064,-0.68276,-18.66,-20.56,-21.45
2026-05-15T18:00:00Z,MTR,-18.66,55.6,990.0,13.33,18,135,-1.0,-0.0,0.73064,-0.68276,-19.1,-20.67,-22.95
2026-05-15T19:00:00Z,MTR,-19.1,47.3,991.5,10.72,19,135,-0.96593,0.25882,0.73064,-0.68276,-18.92,-21.51,-22.74
2026-05-15T20:00:00Z,MTR,-18.92,63.6,988.8,11.3,20,135,-0.86603,0.5,0.73064,-0.68276,-19.27,-21.12,-21.68
2026-05-15T21:00:00Z,MTR,-19.27,48.6,988.9,6.32,21,135,-0.70711,0.70711,0.73064,-0.68276,-19.65,-21.18,-20.41
2026-05-15T22:00:00Z,MTR,-19.65,57.0,990.3,12.08,22,135,-0.5,0.86603,0.73064,-0.68276,-20.56,-21.75,-21.58
2026-05-15T23:00:00Z,MTR,-20.56,61.7,990.1,7.82,23,135,-0.25882,0.96593,0.73064,-0.68276,-20.67,-22.41,-21.05
2026-05-16T00:00:00Z,MTR,-20.67,47.1,994.9,4.57,0,136,0.0,1.0,0.71879,-0.69523,-21.51,-23.9,-20.82
2026-05-16T01:00:00Z,MTR,-21.51,54.2,991.4,9.76,1,136,0.25882,0.96593,0.71879,-0.69523,-21.12,-23.09,-21.1
2026-05-16T02:00:00Z,MTR,-21.12,47.2,993.0,7.31,2,136,0.5,0.86603,0.71879,-0.69523,-21.18,-22.86,-20.85
2026-05-16T03:00:00Z,MTR,-21.18,49.8,992.4,5.87,3,136,0.70711,0.70711,0.71879,-0.69523,-21.75,-22.48,-20.91
2026-05-16T04:00:00Z,MTR,-21.75,50.7,993.4,10.54,4,136,0.86603,0.5,0.71879,-0.69523,-22.41,-21.88,-21.65
2026-05-16T05:00:00Z,MTR,-22.41,50.9,993.9,6.89,5,136,0.96593,0.25882,0.71879,-0.69523,-23.9,-20.48,-21.76
2026-05-16T06:00:00Z,MTR,-23.9,56.6,992.2,10.48,6,136,1.0,0.0,0.71879,-0.69523,-23.09,-21.1,-20.24
2026-05-16T07:00:00Z,MTR,-23.09,57.1,992.3,11.07,7,136,0.96593,-0.25882,0.71879,-0.69523,-22.86,-21.41,-19.94
2026-05-16T08:00:00Z,MTR,-22.86,66.7,988.7,10.73,8,136,0.86603,-0.5,0.71879,-0.69523,-22.48,-20.84,-20.78
2026-05-16T09:00:00Z,MTR,-22.48,55.8,989.7,9.85,9,136,0.70711,-0.70711,0.71879,-0.69523,-21.88,-20.15,-21.51
2026-05-16T10:00:00Z,MTR,-21.88,61.4,990.1,12.64,10,136,0.5,-0.86603,0.71879,-0.69523,-20.48,-20.01,-20.18
2026-05-16T11:00:00Z,MTR,-20.48,53.9,991.1,10.59,11,136,0.25882,-0.96593,0.71879,-0.69523,-21.1,-21.45,-20.46
2026-05-16T12:00:00Z,MTR,-21.1,62.1,992.8,5.06,12,136,0.0,-1.0,0.71879,-0.69523,-21.41,-22.95,-20.64
2026-05-16T13:00:00Z,MTR,-21.41,54.4,993.2,6.49,13,136,-0.25882,-0.96593,0.71879,-0.69523,-20.84,-22.74,-19.94
2026-05-16T14:00:00Z,MTR,-20.84,53.1,993.1,7.47,14,136,-0.5,-0.86603,0.71879,-0.69523,-20.15,-21.68,-20.13
2026-05-16T15:00:00Z,MTR,-20.15,52.9,991.1,9.86,15,136,-0.70711,-0.70711,0.71879,-0.69523,-20.01,-20.41,-20.45
2026-05-16T16:00:00Z,MTR,-20.01,63.2,989.6,10.84,16,136,-0.86603,-0.5,0.71879,-0.69523,-21.45,-21.58,-19.96
2026-05-16T17:00:00Z,MTR,-21.45,58.4,991.5,14.16,17,136,-0.96593,-0.25882,0.71879,-0.69523,-22.95,-21.05,-20.63
2026-05-16T18:00:00Z,MTR,-22.95,55.2,993.7,9.73,18,136,-1.0,-0.0,0.71879,-0.69523,-22.74,-20.82,-20.63
2026-05-16T19:00:00Z,MTR,-22.74,49.4,992.8,8.24,19,136,-0.96593,0.25882,0.71879,-0.69523,-21.68,-21.1,-18.97
2026-05-16T20:00:00Z,MTR,-21.68,51.4,992.3,8.91,20,136,-0.86603,0.5,0.71879,-0.69523,-20.41,-20.85,-19.95
2026-05-16T21:00:00Z,MTR,-20.41,49.3,990.2,11.0,21,136,-0.70711,0.70711,0.71879,-0.69523,-21.58,-20.91,-19.9
2026-05-16T22:00:00Z,MTR,-21.58,53.2,991.8,8.47,22,136,-0.5,0.86603,0.71879,-0.69523,-21.05,-21.65,-18.55
2026-05-16T23:00:00Z,MTR,-21.05,52.8,992.4,8.57,23,136,-0.25882,0.96593,0.71879,-0.69523,-20.82,-21.76,-15.91
2026-05-17T00:00:00Z,MTR,-20.82,44.8,995.2,5.62,0,137,0.0,1.0,0.70673,-0.70749,-21.1,-20.24,-14.62
2026-05-17T01:00:00Z,MTR,-21.1,54.7,992.7,9.29,1,137,0.25882,0.96593,0.70673,-0.70749,-20.85,-19.94,-19.36
2026-05-17T02:00:00Z,MTR,-20.85,54.8,991.2,9.01,2,137,0.5,0.86603,0.70673,-0.70749,-20.91,-20.78,-12.17
2026-05-17T03:00:00Z,MTR,-20.91,52.9,990.8,7.61,3,137,0.70711,0.70711,0.70673,-0.70749,-21.65,-21.51,-13.07
2026-05-17T04:00:00Z,MTR,-21.65,52.6,991.1,9.81,4,137,0.86603,0.5,0.70673,-0.70749,-21.76,-20.18,-12.29
2026-05-17T05:00:00Z,MTR,-21.76,60.8,989.8,15.72,5,137,0.96593,0.25882,0.70673,-0.70749,-20.24,-20.46,-11.82
2026-05-17T06:00:00Z,MTR,-20.24,58.3,987.3,14.72,6,137,1.0,0.0,0.70673,-0.70749,-19.94,-20.64,-12.2
2026-05-17T07:00:00Z,MTR,-19.94,68.1,988.0,9.57,7,137,0.96593,-0.25882,0.70673,-0.70749,-20.78,-19.94,-12.87
2026-05-17T08:00:00Z,MTR,-20.78,60.3,988.3,14.99,8,137,0.86603,-0.5,0.70673,-0.70749,-21.51,-20.13,-12.47
2026-05-17T09:00:00Z,MTR,-21.51,67.6,985.6,12.05,9,137,0.70711,-0.70711,0.70673,-0.70749,-20.18,-20.45,-12.25
2026-05-17T10:00:00Z,MTR,-20.18,55.1,987.1,9.58,10,137,0.5,-0.86603,0.70673,-0.70749,-20.46,-19.96,-12.37
2026-05-17T11:00:00Z,MTR,-20.46,58.7,988.1,8.81,11,137,0.25882,-0.96593,0.70673,-0.70749,-20.64,-20.63,-12.21
2026-05-17T12:00:00Z,MTR,-20.64,55.7,987.2,8.9,12,137,0.0,-1.0,0.70673,-0.70749,-19.94,-20.63,-13.33
2026-05-17T13:00:00Z,MTR,-19.94,64.7,986.1,12.2,13,137,-0.25882,-0.96593,0.70673,-0.70749,-20.13,-18.97,-15.04
2026-05-17T14:00:00Z,MTR,-20.13,62.2,985.9,11.32,14,137,-0.5,-0.86603,0.70673,-0.70749,-20.45,-19.95,-13.96
2026-05-17T15:00:00Z,MTR,-20.45,75.7,983.2,13.25,15,137,-0.70711,-0.70711,0.70673,-0.70749,-19.96,-19.9,-15.93
2026-05-17T16:00:00Z,MTR,-19.96,65.7,982.1,15.91,16,137,-0.86603,-0.5,0.70673,-0.70749,-20.63,-18.55,-21.22
2026-05-17T17:00:00Z,MTR,-20.63,63.4,977.2,14.68,17,137,-0.96593,-0.25882,0.70673,-0.70749,-20.63,-15.91,-21.27
2026-05-17T18:00:00Z,MTR,-20.63,71.5,978.0,15.95,18,137,-1.0,-0.0,0.70673,-0.70749,-18.97,-14.62,-21.03
2026-05-17T19:00:00Z,MTR,-18.97,76.9,974.3,17.34,19,137,-0.96593,0.25882,0.70673,-0.70749,-19.95,-19.36,-20.8
2026-05-17T20:00:00Z,MTR,-19.95,70.3,976.3,15.71,20,137,-0.86603,0.5,0.70673,-0.70749,-19.9,-12.17,-19.91
2026-05-17T21:00:00Z,MTR,-19.9,71.2,974.9,16.34,21,137,-0.70711,0.70711,0.70673,-0.70749,-18.55,-13.07,-20.47
2026-05-17T22:00:00Z,MTR,-18.55,69.3,973.8,13.6,22,137,-0.5,0.86603,0.70673,-0.70749,-15.91,-12.29,-21.56
2026-05-17T23:00:00Z,MTR,-15.91,80.4,972.0,16.69,23,137,-0.25882,0.96593,0.70673,-0.70749,-14.62,-11.82,-21.93
2026-05-18T00:00:00Z,MTR,-14.62,80.9,971.0,13.06,0,138,0.0,1.0,0.69445,-0.71954,-19.36,-12.2,-24.07
2026-05-18T01:00:00Z,MTR,-19.36,88.6,973.1,15.27,1,138,0.25882,0.96593,0.69445,-0.71954,-12.17,-12.87,-24.91
2026-05-18T02:00:00Z,MTR,-12.17,81.2,968.2,17.28,2,138,0.5,0.86603,0.69445,-0.71954,-13.07,-12.47,-24.32
2026-05-18T03:00:00Z,MTR,-13.07,80.1,970.3,15.51,3,138,0.70711,0.70711,0.69445,-0.71954,-12.29,-12.25,-23.87
2026-05-18T04:00:00Z,MTR,-12.29,79.3,970.6,20.56,4,138,0.86603,0.5,0.69445,-0.71954,-11.82,-12.37,-24.03
2026-05-18T05:00:00Z,MTR,-11.82,96.8,968.3,21.89,5,138,0.96593,0.25882,0.69445,-0.71954,-12.2,-12.21,-23.87
2026-05-18T06:00:00Z,MTR,-12.2,87.0,966.3,17.38,6,138,1.0,0.0,0.69445,-0.71954,-12.87,-13.33,-24.79
2026-05-18T07:00:00Z,MTR,-12.87,81.4,969.5,19.63,7,138,0.96593,-0.25882,0.69445,-0.71954,-12.47,-15.04,-23.96
2026-05-18T08:00:00Z,MTR,-12.47,93.0,967.9,17.98,8,138,0.86603,-0.5,0.69445,-0.71954,-12.25,-13.96,-23.83
2026-05-18T09:00:00Z,MTR,-12.25,83.7,966.1,16.92,9,138,0.70711,-0.70711,0.69445,-0.71954,-12.37,-15.93,-23.16
2026-05-18T10:00:00Z,MTR,-12.37,99.0,968.6,17.45,10,138,0.5,-0.86603,0.69445,-0.71954,-12.21,-21.22,-22.58
2026-05-18T11:00:00Z,MTR,-12.21,88.8,969.6,17.19,11,138,0.25882,-0.96593,0.69445,-0.71954,-13.33,-21.27,-22.17
2026-05-18T12:00:00Z,MTR,-13.33,81.1,968.4,15.34,12,138,0.0,-1.0,0.69445,-0.71954,-15.04,-21.03,-22.71
2026-05-18T13:00:00Z,MTR,-15.04,82.6,969.5,14.86,13,138,-0.25882,-0.96593,0.69445,-0.71954,-13.96,-20.8,-22.29
2026-05-18T14:00:00Z,MTR,-13.96,83.2,968.3,19.47,14,138,-0.5,-0.86603,0.69445,-0.71954,-15.93,-19.91,-21.79
2026-05-18T15:00:00Z,MTR,-15.93,83.4,971.1,19.33,15,138,-0.70711,-0.70711,0.69445,-0.71954,-21.22,-20.47,-22.14
2026-05-18T16:00:00Z,MTR,-21.22,72.7,973.9,14.88,16,138,-0.86603,-0.5,0.69445,-0.71954,-21.27,-21.56,-21.73
2026-05-18T17:00:00Z,MTR,-21.27,84.7,975.6,16.19,17,138,-0.96593,-0.25882,0.69445,-0.71954,-21.03,-21.93,-22.67
2026-05-18T18:00:00Z,MTR,-21.03,68.4,977.1,12.48,18,138,-1.0,-0.0,0.69445,-0.71954,-20.8,-24.07,-22.06
2026-05-18T19:00:00Z,MTR,-20.8,69.9,981.1,15.85,19,138,-0.96593,0.25882,0.69445,-0.71954,-19.91,-24.91,-21.66
2026-05-18T20:00:00Z,MTR,-19.91,69.9,981.8,16.24,20,138,-0.86603,0.5,0.69445,-0.71954,-20.47,-24.32,-20.4
2026-05-18T21:00:00Z,MTR,-20.47,67.2,980.5,14.25,21,138,-0.70711,0.70711,0.69445,-0.71954,-21.56,-23.87,-18.9
2026-05-18T22:00:00Z,MTR,-21.56,59.3,982.3,10.08,22,138,-0.5,0.86603,0.69445,-0.71954,-21.93,-24.03,-19.11
2026-05-18T23:00:00Z,MTR,-21.93,63.1,987.0,12.96,23,138,-0.25882,0.96593,0.69445,-0.71954,-24.07,-23.87,-18.74
2026-05-19T00:00:00Z,MTR,-24.07,64.2,986.0,13.22,0,139,0.0,1.0,0.68197,-0.73138,-24.91,-24.79,-18.75
2026-05-19T01:00:00Z,MTR,-24.91,59.8,986.3,9.1,1,139,0.25882,0.96593,0.68197,-0.73138,-24.32,-23.96,-19.0
2026-05-19T02:00:00Z,MTR,-24.32,58.8,988.1,11.11,2,139,0.5,0.86603,0.68197,-0.73138,-23.87,-23.83,-20.37
2026-05-19T03:00:00Z,MTR,-23.87,60.5,989.0,12.28,3,139,0.70711,0.70711,0.68197,-0.73138,-24.03,-23.16,-21.17
2026-05-19T04:00:00Z,MTR,-24.03,66.9,988.2,13.03,4,139,0.86603,0.5,0.68197,-0.73138,-23.87,-22.58,-21.47
2026-05-19T05:00:00Z,MTR,-23.87,62.8,991.3,10.86,5,139,0.96593,0.25882,0.68197,-0.73138,-24.79,-22.17,-21.15
2026-05-19T06:00:00Z,MTR,-24.79,54.7,996.5,12.76,6,139,1.0,0.0,0.68197,-0.73138,-23.96,-22.71,-20.02
2026-05-19T07:00:00Z,MTR,-23.96,46.9,997.6,5.54,7,139,0.96593,-0.25882,0.68197,-0.73138,-23.83,-22.29,-20.07
2026-05-19T08:00:00Z,MTR,-23.83,48.2,996.8,5.5,8,139,0.86603,-0.5,0.68197,-0.73138,-23.16,-21.79,-19.26
2026-05-19T09:00:00Z,MTR,-23.16,51.6,994.8,8.68,9,139,0.70711,-0.70711,0.68197,-0.73138,-22.58,-22.14,-18.19
2026-05-19T10:00:00Z,MTR,-22.58,49.9,996.2,11.01,10,139,0.5,-0.86603,0.68197,-0.73138,-22.17,-21.73,-18.7
2026-05-19T11:00:00Z,MTR,-22.17,42.9,999.0,8.05,11,139,0.25882,-0.96593,0.68197,-0.73138,-22.71,-22.67,-19.8
2026-05-19T12:00:00Z,MTR,-22.71,40.9,1000.6,1.31,12,139,0.0,-1.0,0.68197,-0.73138,-22.29,-22.06,-19.76
2026-05-19T13:00:00Z,MTR,-22.29,50.0,1001.2,10.68,13,139,-0.25882,-0.96593,0.68197,-0.73138,-21.79,-21.66,-20.75
2026-05-19T14:00:00Z,MTR,-21.79,43.2,1000.8,7.11,14,139,-0.5,-0.86603,0.68197,-0.73138,-22.14,-20.4,-19.31
2026-05-19T15:00:00Z,MTR,-22.14,47.3,999.4,4.88,15,139,-0.70711,-0.70711,0.68197,-0.73138,-21.73,-18.9,-18.45
2026-05-19T16:00:00Z,MTR,-21.73,45.6,1001.5,6.85,16,139,-0.86603,-0.5,0.68197,-0.73138,-22.67,-19.11,-17.46
2026-05-19T17:00:00Z,MTR,-22.67,46.3,1003.6,8.62,17,139,-0.96593,-0.25882,0.68197,-0.73138,-22.06,-18.74,-18.88
2026-05-19T18:00:00Z,MTR,-22.06,43.6,1001.1,10.13,18,139,-1.0,-0.0,0.68197,-0.73138,-21.66,-18.75,-19.19
2026-05-19T19:00:00Z,MTR,-21.66,26.0,1004.4,6.29,19,139,-0.96593,0.25882,0.68197,-0.73138,-20.4,-19.0,-19.17
2026-05-19T20:00:00Z,MTR,-20.4,38.4,1005.6,6.72,20,139,-0.86603,0.5,0.68197,-0.73138,-18.9,-20.37,-18.89
2026-05-19T21:00:00Z,MTR,-18.9,33.4,1008.1,4.01,21,139,-0.70711,0.70711,0.68197,-0.73138,-19.11,-21.17,-19.2
2026-05-19T22:00:00Z,MTR,-19.11,30.2,1005.6,4.26,22,139,-0.5,0.86603,0.68197,-0.73138,-18.74,-21.47,-21.17
2026-05-19T23:00:00Z,MTR,-18.74,41.0,1003.0,5.85,23,139,-0.25882,0.96593,0.68197,-0.73138,-18.75,-21.15,-20.73
2026-05-20T00:00:00Z,MTR,-18.75,40.8,1002.7,6.48,0,140,0.0,1.0,0.66929,-0.743,-19.0,-20.02,-19.56
2026-05-20T01:00:00Z,MTR,-19.0,42.0,1003.5,1.97,1,140,0.25882,0.96593,0.66929,-0.743,-20.37,-20.07,-18.07
2026-05-20T02:00:00Z,MTR,-20.37,42.2,1006.5,3.62,2,140,0.5,0.86603,0.66929,-0.743,-21.17,-19.26,-18.26
2026-05-20T03:00:00Z,MTR,-21.17,48.1,1007.3,3.33,3,140,0.70711,0.70711,0.66929,-0.743,-21.47,-18.19,-18.01
2026-05-20T04:00:00Z,MTR,-21.47,40.2,1006.3,3.42,4,140,0.86603,0.5,0.66929,-0.743,-21.15,-18.7,-19.23
2026-05-20T05:00:00Z,MTR,-21.15,42.7,1003.8,4.48,5,140,0.96593,0.25882,0.66929,-0.743,-20.02,-19.8,-19.01
2026-05-20T06:00:00Z,MTR,-20.02,51.4,1005.5,6.22,6,140,1.0,0.0,0.66929,-0.743,-20.07,-19.76,-19.25
2026-05-20T07:00:00Z,MTR,-20.07,37.1,1003.0,4.73,7,140,0.96593,-0.25882,0.66929,-0.743,-19.26,-20.75,-19.96
2026-05-20T08:00:00Z,MTR,-19.26,34.8,1005.3,3.56,8,140,0.86603,-0.5,0.66929,-0.743,-18.19,-19.31,-21.07
2026-05-20T09:00:00Z,MTR,-18.19,45.7,1003.9,5.32,9,140,0.70711,-0.70711,0.66929,-0.743,-18.7,-18.45,-19.84
2026-05-20T10:00:00Z,MTR,-18.7,46.4,1005.9,2.34,10,140,0.5,-0.86603,0.66929,-0.743,-19.8,-17.46,-20.02
2026-05-20T11:00:00Z,MTR,-19.8,47.4,1006.0,4.41,11,140,0.25882,-0.96593,0.66929,-0.743,-19.76,-18.88,-19.61
2026-05-20T12:00:00Z,MTR,-19.76,31.9,1004.7,1.98,12,140,0.0,-1.0,0.66929,-0.743,-20.75,-19.19,-20.16
2026-05-20T13:00:00Z,MTR,-20.75,34.1,1002.6,2.14,13,140,-0.25882,-0.96593,0.66929,-0.743,-19.31,-19.17,-20.57
2026-05-20T14:00:00Z,MTR,-19.31,46.6,1000.9,10.59,14,140,-0.5,-0.86603,0.66929,-0.743,-18.45,-18.89,-22.09
2026-05-20T15:00:00Z,MTR,-18.45,48.6,1000.7,2.48,15,140,-0.70711,-0.70711,0.66929,-0.743,-17.46,-19.2,-20.65
2026-05-20T16:00:00Z,MTR,-17.46,46.1,999.8,9.32,16,140,-0.86603,-0.5,0.66929,-0.743,-18.88,-21.17,-20.63
2026-05-20T17:00:00Z,MTR,-18.88,44.3,997.6,9.36,17,140,-0.96593,-0.25882,0.66929,-0.743,-19.19,-20.73,-19.33
2026-05-20T18:00:00Z,MTR,-19.19,44.8,996.3,8.25,18,140,-1.0,-0.0,0.66929,-0.743,-19.17,-19.56,-20.05
2026-05-20T19:00:00Z,MTR,-19.17,56.9,995.5,7.56,19,140,-0.96593,0.25882,0.66929,-0.743,-18.89,-18.07,-19.32
2026-05-20T20:00:00Z,MTR,-18.89,63.8,990.7,14.07,20,140,-0.86603,0.5,0.66929,-0.743,-19.2,-18.26,-18.82
2026-05-20T21:00:00Z,MTR,-19.2,61.6,990.8,14.28,21,140,-0.70711,0.70711,0.66929,-0.743,-21.17,-18.01,-20.54
2026-05-20T22:00:00Z,MTR,-21.17,59.3,988.3,9.55,22,140,-0.5,0.86603,0.66929,-0.743,-20.73,-19.23,-20.16
2026-05-20T23:00:00Z,MTR,-20.73,57.8,985.6,9.32,23,140,-0.25882,0.96593,0.66929,-0.743,-19.56,-19.01,-20.81
2026-05-21T00:00:00Z,MTR,-19.56,57.2,982.1,12.73,0,141,0.0,1.0,0.65641,-0.7544,-18.07,-19.25,-21.65
2026-05-21T01:00:00Z,MTR,-18.07,62.6,978.5,12.07,1,141,0.25882,0.96593,0.65641,-0.7544,-18.26,-19.96,-22.82
2026-05-21T02:00:00Z,MTR,-18.26,63.5,976.0,15.43,2,141,0.5,0.86603,0.65641,-0.7544,-18.01,-21.07,-21.17
2026-05-21T03:00:00Z,MTR,-18.01,73.8,974.7,16.53,3,141,0.70711,0.70711,0.65641,-0.7544,-19.23,-19.84,-21.22
2026-05-21T04:00:00Z,MTR,-19.23,73.5,978.3,14.85,4,141,0.86603,0.5,0.65641,-0.7544,-19.01,-20.02,-21.55
2026-05-21T05:00:00Z,MTR,-19.01,72.8,977.2,15.8,5,141,0.96593,0.25882,0.65641,-0.7544,-19.25,-19.61,-22.03
2026-05-21T06:00:00Z,MTR,-19.25,79.4,977.5,16.23,6,141,1.0,0.0,0.65641,-0.7544,-19.96,-20.16,-20.09
2026-05-21T07:00:00Z,MTR,-19.96,71.5,978.2,12.96,7,141,0.96593,-0.25882,0.65641,-0.7544,-21.07,-20.57,-18.84
2026-05-21T08:00:00Z,MTR,-21.07,62.3,978.4,13.36,8,141,0.86603,-0.5,0.65641,-0.7544,-19.84,-22.09,-21.22
2026-05-21T09:00:00Z,MTR,-19.84,70.4,978.3,14.66,9,141,0.70711,-0.70711,0.65641,-0.7544,-20.02,-20.65,-20.07
2026-05-21T10:00:00Z,MTR,-20.02,72.3,976.1,13.29,10,141,0.5,-0.86603,0.65641,-0.7544,-19.61,-20.63,-20.81
2026-05-21T11:00:00Z,MTR,-19.61,74.0,978.9,17.99,11,141,0.25882,-0.96593,0.65641,-0.7544,-20.16,-19.33,-20.27
2026-05-21T12:00:00Z,MTR,-20.16,70.3,982.2,10.7,12,141,0.0,-1.0,0.65641,-0.7544,-20.57,-20.05,-20.58
2026-05-21T13:00:00Z,MTR,-20.57,71.0,979.0,8.92,13,141,-0.25882,-0.96593,0.65641,-0.7544,-22.09,-19.32,-21.85
2026-05-21T14:00:00Z,MTR,-22.09,67.8,977.3,8.2,14,141,-0.5,-0.86603,0.65641,-0.7544,-20.65,-18.82,-22.13
2026-05-21T15:00:00Z,MTR,-20.65,79.9,976.9,16.3,15,141,-0.70711,-0.70711,0.65641,-0.7544,-20.63,-20.54,-21.82
2026-05-21T16:00:00Z,MTR,-20.63,78.6,975.4,16.01,16,141,-0.86603,-0.5,0.65641,-0.7544,-19.33,-20.16,-21.52
2026-05-21T17:00:00Z,MTR,-19.33,61.0,976.6,18.56,17,141,-0.96593,-0.25882,0.65641,-0.7544,-20.05,-20.81,-21.69
2026-05-21T18:00:00Z,MTR,-20.05,77.7,975.6,14.86,18,141,-1.0,-0.0,0.65641,-0.7544,-19.32,-21.65,-21.55
2026-05-21T19:00:00Z,MTR,-19.32,65.1,979.8,14.38,19,141,-0.96593,0.25882,0.65641,-0.7544,-18.82,-22.82,-21.36
2026-05-21T20:00:00Z,MTR,-18.82,58.4,982.0,14.08,20,141,-0.86603,0.5,0.65641,-0.7544,-20.54,-21.17,-20.59
2026-05-21T21:00:00Z,MTR,-20.54,67.6,982.4,12.53,21,141,-0.70711,0.70711,0.65641,-0.7544,-20.16,-21.22,-19.57
2026-05-21T22:00:00Z,MTR,-20.16,75.7,984.2,11.03,22,141,-0.5,0.86603,0.65641,-0.7544,-20.81,-21.55,-19.6
2026-05-21T23:00:00Z,MTR,-20.81,62.1,986.1,11.49,23,141,-0.25882,0.96593,0.65641,-0.7544,-21.65,-22.03,-20.61
2026-05-22T00:00:00Z,MTR,-21.65,61.0,984.9,7.87,0,142,0.0,1.0,0.64334,-0.76558,-22.82,-20.09,-20.33
2026-05-22T01:00:00Z,MTR,-22.82,65.9,983.2,12.06,1,142,0.25882,0.96593,0.64334,-0.76558,-21.17,-18.84,-19.81
2026-05-22T02:00:00Z,MTR,-21.17,78.3,983.3,15.48,2,142,0.5,0.86603,0.64334,-0.76558,-21.22,-21.22,-19.17
2026-05-22T03:00:00Z,MTR,-21.22,63.6,984.7,15.39,3,142,0.70711,0.70711,0.64334,-0.76558,-21.55,-20.07,-19.95
2026-05-22T04:00:00Z,MTR,-21.55,67.9,984.7,9.01,4,142,0.86603,0.5,0.64334,-0.76558,-22.03,-20.81,-19.27
2026-05-22T05:00:00Z,MTR,-22.03,65.3,981.6,13.02,5,142,0.96593,0.25882,0.64334,-0.76558,-20.09,-20.27,-19.18
2026-05-22T06:00:00Z,MTR,-20.09,66.6,980.1,15.23,6,142,1.0,0.0,0.64334,-0.76558,-18.84,-20.58,-18.66
2026-05-22T07:00:00Z,MTR,-18.84,77.4,979.8,17.16,7,142,0.96593,-0.25882,0.64334,-0.76558,-21.22,-21.85,-18.12
2026-05-22T08:00:00Z,MTR,-21.22,64.3,979.6,14.76,8,142,0.86603,-0.5,0.64334,-0.76558,-20.07,-22.13,-20.57
2026-05-22T09:00:00Z,MTR,-20.07,70.3,983.0,15.2,9,142,0.70711,-0.70711,0.64334,-0.76558,-20.81,-21.82,-21.9
2026-05-22T10:00:00Z,MTR,-20.81,66.6,980.1,11.53,10,142,0.5,-0.86603,0.64334,-0.76558,-20.27,-21.52,-20.48
2026-05-22T11:00:00Z,MTR,-20.27,64.2,980.8,12.46,11,142,0.25882,-0.96593,0.64334,-0.76558,-20.58,-21.69,-14.26
2026-05-22T12:00:00Z,MTR,-20.58,63.0,983.2,10.83,12,142,0.0,-1.0,0.64334,-0.76558,-21.85,-21.55,-14.35
2026-05-22T13:00:00Z,MTR,-21.85,50.7,986.7,12.45,13,142,-0.25882,-0.96593,0.64334,-0.76558,-22.13,-21.36,-15.66
2026-05-22T14:00:00Z,MTR,-22.13,58.3,985.3,12.97,14,142,-0.5,-0.86603,0.64334,-0.76558,-21.82,-20.59,-19.73
2026-05-22T15:00:00Z,MTR,-21.82,64.1,985.5,13.19,15,142,-0.70711,-0.70711,0.64334,-0.76558,-21.52,-19.57,-14.51
2026-05-22T16:00:00Z,MTR,-21.52,62.2,985.8,13.97,16,142,-0.86603,-0.5,0.64334,-0.76558,-21.69,-19.6,-14.45
2026-05-22T17:00:00Z,MTR,-21.69,58.0,985.3,10.35,17,142,-0.96593,-0.25882,0.64334,-0.76558,-21.55,-20.61,-19.62
2026-05-22T18:00:00Z,MTR,-21.55,71.9,984.4,12.87,18,142,-1.0,-0.0,0.64334,-0.76558,-21.36,-20.33,-20.67
2026-05-22T19:00:00Z,MTR,-21.36,59.0,984.3,11.09,19,142,-0.96593,0.25882,0.64334,-0.76558,-20.59,-19.81,-21.49
2026-05-22T20:00:00Z,MTR,-20.59,77.2,979.0,13.24,20,142,-0.86603,0.5,0.64334,-0.76558,-19.57,-19.17,-21.97
2026-05-22T21:00:00Z,MTR,-19.57,70.2,979.6,13.43,21,142,-0.70711,0.70711,0.64334,-0.76558,-19.6,-19.95,-22.54
2026-05-22T22:00:00Z,MTR,-19.6,67.1,979.2,8.68,22,142,-0.5,0.86603,0.64334,-0.76558,-20.61,-19.27,-22.99
2026-05-22T23:00:00Z,MTR,-20.61,71.1,978.1,12.42,23,142,-0.25882,0.96593,0.64334,-0.76558,-20.33,-19.18,-22.65
2026-05-23T00:00:00Z,MTR,-20.33,68.0,981.2,9.2,0,143,0.0,1.0,0.63007,-0.77654,-19.81,-18.66,-23.76
2026-05-23T01:00:00Z,MTR,-19.81,64.1,979.2,10.22,1,143,0.25882,0.96593,0.63007,-0.77654,-19.17,-18.12,-23.63
2026-05-23T02:00:00Z,MTR,-19.17,66.7,977.8,13.83,2,143,0.5,0.86603,0.63007,-0.77654,-19.95,-20.57,-22.06
2026-05-23T03:00:00Z,MTR,-19.95,67.0,980.8,12.59,3,143,0.70711,0.70711,0.63007,-0.77654,-19.27,-21.9,-21.85
2026-05-23T04:00:00Z,MTR,-19.27,73.2,978.6,15.35,4,143,0.86603,0.5,0.63007,-0.77654,-19.18,-20.48,-22.09
2026-05-23T05:00:00Z,MTR,-19.18,75.6,977.0,14.26,5,143,0.96593,0.25882,0.63007,-0.77654,-18.66,-14.26,-21.34
2026-05-23T06:00:00Z,MTR,-18.66,79.7,976.2,15.58,6,143,1.0,0.0,0.63007,-0.77654,-18.12,-14.35,-19.51
2026-05-23T07:00:00Z,MTR,-18.12,67.7,977.3,20.37,7,143,0.96593,-0.25882,0.63007,-0.77654,-20.57,-15.66,-19.41
2026-05-23T08:00:00Z,MTR,-20.57,74.5,977.2,16.38,8,143,0.86603,-0.5,0.63007,-0.77654,-21.9,-19.73,-19.92
2026-05-23T09:00:00Z,MTR,-21.9,74.6,974.5,13.79,9,143,0.70711,-0.70711,0.63007,-0.77654,-20.48,-14.51,-19.86
2026-05-23T10:00:00Z,MTR,-20.48,74.3,973.3,17.63,10,143,0.5,-0.86603,0.63007,-0.77654,-14.26,-14.45,-18.86
2026-05-23T11:00:00Z,MTR,-14.26,88.3,972.1,17.8,11,143,0.25882,-0.96593,0.63007,-0.77654,-14.35,-19.62,-19.01
2026-05-23T12:00:00Z,MTR,-14.35,79.7,972.0,15.04,12,143,0.0,-1.0,0.63007,-0.77654,-15.66,-20.67,-19.08
2026-05-23T13:00:00Z,MTR,-15.66,83.2,972.8,12.9,13,143,-0.25882,-0.96593,0.63007,-0.77654,-19.73,-21.49,-18.1
2026-05-23T14:00:00Z,MTR,-19.73,59.6,973.7,17.08,14,143,-0.5,-0.86603,0.63007,-0.77654,-14.51,-21.97,-18.15
2026-05-23T15:00:00Z,MTR,-14.51,84.2,970.7,15.6,15,143,-0.70711,-0.70711,0.63007,-0.77654,-14.45,-22.54,-17.0
2026-05-23T16:00:00Z,MTR,-14.45,80.5,973.0,19.24,16,143,-0.86603,-0.5,0.63007,-0.77654,-19.62,-22.99,-18.26
2026-05-23T17:00:00Z,MTR,-19.62,79.5,973.8,16.13,17,143,-0.96593,-0.25882,0.63007,-0.77654,-20.67,-22.65,-18.05
2026-05-23T18:00:00Z,MTR,-20.67,71.4,976.7,15.2,18,143,-1.0,-0.0,0.63007,-0.77654,-21.49,-23.76,-16.71
2026-05-23T19:00:00Z,MTR,-21.49,82.5,977.9,16.3,19,143,-0.96593,0.25882,0.63007,-0.77654,-21.97,-23.63,-15.09
2026-05-23T20:00:00Z,MTR,-21.97,68.8,980.3,16.92,20,143,-0.86603,0.5,0.63007,-0.77654,-22.54,-22.06,-15.72
2026-05-23T21:00:00Z,MTR,-22.54,68.8,981.5,17.87,21,143,-0.70711,0.70711,0.63007,-0.77654,-22.99,-21.85,-16.2
2026-05-23T22:00:00Z,MTR,-22.99,59.2,984.4,11.52,22,143,-0.5,0.86603,0.63007,-0.77654,-22.65,-22.09,-15.0
2026-05-23T23:00:00Z,MTR,-22.65,61.9,985.7,9.36,23,143,-0.25882,0.96593,0.63007,-0.77654,-23.76,-21.34,-15.59
2026-05-24T00:00:00Z,MTR,-23.76,60.5,985.9,7.55,0,144,0.0,1.0,0.61662,-0.78726,-23.63,-19.51,-16.49
2026-05-24T01:00:00Z,MTR,-23.63,61.5,990.5,5.6,1,144,0.25882,0.96593,0.61662,-0.78726,-22.06,-19.41,-17.12
2026-05-24T02:00:00Z,MTR,-22.06,57.7,992.5,6.73,2,144,0.5,0.86603,0.61662,-0.78726,-21.85,-19.92,-17.99
2026-05-24T03:00:00Z,MTR,-21.85,59.8,993.9,9.47,3,144,0.70711,0.70711,0.61662,-0.78726,-22.09,-19.86,-18.96
2026-05-24T04:00:00Z,MTR,-22.09,56.1,992.0,12.3,4,144,0.86603,0.5,0.61662,-0.78726,-21.34,-18.86,-19.2
2026-05-24T05:00:00Z,MTR,-21.34,55.8,990.3,9.31,5,144,0.96593,0.25882,0.61662,-0.78726,-19.51,-19.01,-20.51
2026-05-24T06:00:00Z,MTR,-19.51,61.6,991.6,12.39,6,144,1.0,0.0,0.61662,-0.78726,-19.41,-19.08,-20.97
2026-05-24T07:00:00Z,MTR,-19.41,55.8,992.6,8.63,7,144,0.96593,-0.25882,0.61662,-0.78726,-19.92,-18.1,-19.77
2026-05-24T08:00:00Z,MTR,-19.92,43.5,992.3,8.63,8,144,0.86603,-0.5,0.61662,-0.78726,-19.86,-18.15,-19.16
2026-05-24T09:00:00Z,MTR,-19.86,51.5,993.4,7.04,9,144,0.70711,-0.70711,0.61662,-0.78726,-18.86,-17.0,-19.67
2026-05-24T10:00:00Z,MTR,-18.86,39.9,997.1,9.87,10,144,0.5,-0.86603,0.61662,-0.78726,-19.01,-18.26,-19.54
2026-05-24T11:00:00Z,MTR,-19.01,44.5,999.1,8.91,11,144,0.25882,-0.96593,0.61662,-0.78726,-19.08,-18.05,-19.67
2026-05-24T12:00:00Z,MTR,-19.08,53.5,997.8,3.79,12,144,0.0,-1.0,0.61662,-0.78726,-18.1,-16.71,-20.3
2026-05-24T13:00:00Z,MTR,-18.1,46.3,998.3,4.34,13,144,-0.25882,-0.96593,0.61662,-0.78726,-18.15,-15.09,-22.05
2026-05-24T14:00:00Z,MTR,-18.15,48.4,997.7,8.26,14,144,-0.5,-0.86603,0.61662,-0.78726,-17.0,-15.72,-22.63
2026-05-24T15:00:00Z,MTR,-17.0,49.5,997.8,11.15,15,144,-0.70711,-0.70711,0.61662,-0.78726,-18.26,-16.2,-22.74
2026-05-24T16:00:00Z,MTR,-18.26,50.5,998.0,11.44,16,144,-0.86603,-0.5,0.61662,-0.78726,-18.05,-15.0,-20.74
2026-05-24T17:00:00Z,MTR,-18.05,47.7,997.9,7.79,17,144,-0.96593,-0.25882,0.61662,-0.78726,-16.71,-15.59,-20.26
2026-05-24T18:00:00Z,MTR,-16.71,60.2,996.5,8.79,18,144,-1.0,-0.0,0.61662,-0.78726,-15.09,-16.49,-20.36
2026-05-24T19:00:00Z,MTR,-15.09,41.2,997.2,6.34,19,144,-0.96593,0.25882,0.61662,-0.78726,-15.72,-17.12,-20.0
2026-05-24T20:00:00Z,MTR,-15.72,51.4,997.1,7.72,20,144,-0.86603,0.5,0.61662,-0.78726,-16.2,-17.99,-19.85
2026-05-24T21:00:00Z,MTR,-16.2,58.0,992.6,9.63,21,144,-0.70711,0.70711,0.61662,-0.78726,-15.0,-18.96,-20.42
2026-05-24T22:00:00Z,MTR,-15.0,44.5,997.3,4.44,22,144,-0.5,0.86603,0.61662,-0.78726,-15.59,-19.2,-20.48
2026-05-24T23:00:00Z,MTR,-15.59,49.5,1000.0,4.3,23,144,-0.25882,0.96593,0.61662,-0.78726,-16.49,-20.51,-20.75
2026-05-25T00:00:00Z,MTR,-16.49,43.2,999.9,4.98,0,145,0.0,1.0,0.60299,-0.79775,-17.12,-20.97,-22.1
2026-05-25T01:00:00Z,MTR,-17.12,47.6,1000.4,2.22,1,145,0.25882,0.96593,0.60299,-0.79775,-17.99,-19.77,-22.45
2026-05-25T02:00:00Z,MTR,-17.99,42.2,998.7,7.61,2,145,0.5,0.86603,0.60299,-0.79775,-18.96,-19.16,-22.43
2026-05-25T03:00:00Z,MTR,-18.96,45.7,1002.2,8.28,3,145,0.70711,0.70711,0.60299,-0.79775,-19.2,-19.67,-21.6
2026-05-25T04:00:00Z,MTR,-19.2,52.4,1005.8,6.74,4,145,0.86603,0.5,0.60299,-0.79775,-20.51,-19.54,-21.9
2026-05-25T05:00:00Z,MTR,-20.51,36.0,1006.0,4.89,5,145,0.96593,0.25882,0.60299,-0.79775,-20.97,-19.67,-19.89
2026-05-25T06:00:00Z,MTR,-20.97,37.6,1007.6,7.8,6,145,1.0,0.0,0.60299,-0.79775,-19.77,-20.3,-21.25
2026-05-25T07:00:00Z,MTR,-19.77,48.1,1007.6,8.12,7,145,0.96593,-0.25882,0.60299,-0.79775,-19.16,-22.05,-20.26
2026-05-25T08:00:00Z,MTR,-19.16,48.4,1004.7,6.58,8,145,0.86603,-0.5,0.60299,-0.79775,-19.67,-22.63,-19.72
2026-05-25T09:00:00Z,MTR,-19.67,52.0,1003.6,6.07,9,145,0.70711,-0.70711,0.60299,-0.79775,-19.54,-22.74,-19.42
2026-05-25T10:00:00Z,MTR,-19.54,40.9,1003.4,3.87,10,145,0.5,-0.86603,0.60299,-0.79775,-19.67,-20.74,-19.68
2026-05-25T11:00:00Z,MTR,-19.67,45.8,1002.1,3.9,11,145,0.25882,-0.96593,0.60299,-0.79775,-20.3,-20.26,-19.84
2026-05-25T12:00:00Z,MTR,-20.3,48.1,1001.1,6.27,12,145,0.0,-1.0,0.60299,-0.79775,-22.05,-20.36,-19.46
2026-05-25T13:00:00Z,MTR,-22.05,43.5,1000.4,8.99,13,145,-0.25882,-0.96593,0.60299,-0.79775,-22.63,-20.0,-20.17
2026-05-25T14:00:00Z,MTR,-22.63,41.5,999.6,5.57,14,145,-0.5,-0.86603,0.60299,-0.79775,-22.74,-19.85,-20.93
2026-05-25T15:00:00Z,MTR,-22.74,41.9,998.9,6.98,15,145,-0.70711,-0.70711,0.60299,-0.79775,-20.74,-20.42,-20.72
2026-05-25T16:00:00Z,MTR,-20.74,48.5,996.3,7.48,16,145,-0.86603,-0.5,0.60299,-0.79775,-20.26,-20.48,-20.77
2026-05-25T17:00:00Z,MTR,-20.26,47.0,994.3,8.93,17,145,-0.96593,-0.25882,0.60299,-0.79775,-20.36,-20.75,-21.36
2026-05-25T18:00:00Z,MTR,-20.36,52.9,991.2,8.4,18,145,-1.0,-0.0,0.60299,-0.79775,-20.0,-22.1,-20.79
2026-05-25T19:00:00Z,MTR,-20.0,51.0,992.4,11.28,19,145,-0.96593,0.25882,0.60299,-0.79775,-19.85,-22.45,-20.71
2026-05-25T20:00:00Z,MTR,-19.85,62.4,987.8,9.05,20,145,-0.86603,0.5,0.60299,-0.79775,-20.42,-22.43,-20.87
2026-05-25T21:00:00Z,MTR,-20.42,60.5,989.3,9.44,21,145,-0.70711,0.70711,0.60299,-0.79775,-20.48,-21.6,-19.67
2026-05-25T22:00:00Z,MTR,-20.48,53.8,991.1,9.11,22,145,-0.5,0.86603,0.60299,-0.79775,-20.75,-21.9,-18.87
2026-05-25T23:00:00Z,MTR,-20.75,55.5,989.6,6.23,23,145,-0.25882,0.96593,0.60299,-0.79775,-22.1,-19.89,-19.31
2026-05-26T00:00:00Z,MTR,-22.1,66.4,984.1,8.26,0,146,0.0,1.0,0.58918,-0.808,-22.45,-21.25,-20.48
2026-05-26T01:00:00Z,MTR,-22.45,63.1,982.8,8.89,1,146,0.25882,0.96593,0.58918,-0.808,-22.43,-20.26,-20.6
2026-05-26T02:00:00Z,MTR,-22.43,64.3,982.1,14.42,2,146,0.5,0.86603,0.58918,-0.808,-21.6,-19.72,-20.29
2026-05-26T03:00:00Z,MTR,-21.6,63.7,979.7,16.6,3,146,0.70711,0.70711,0.58918,-0.808,-21.9,-19.42,-21.6
2026-05-26T04:00:00Z,MTR,-21.9,77.3,978.2,13.21,4,146,0.86603,0.5,0.58918,-0.808,-19.89,-19.68,-22.65
2026-05-26T05:00:00Z,MTR,-19.89,62.3,980.5,19.9,5,146,0.96593,0.25882,0.58918,-0.808,-21.25,-19.84,-23.27
2026-05-26T06:00:00Z,MTR,-21.25,66.0,981.1,12.42,6,146,1.0,0.0,0.58918,-0.808,-20.26,-19.46,-22.66
2026-05-26T07:00:00Z,MTR,-20.26,65.9,978.9,14.08,7,146,0.96593,-0.25882,0.58918,-0.808,-19.72,-20.17,-21.5
2026-05-26T08:00:00Z,MTR,-19.72,75.3,975.5,16.69,8,146,0.86603,-0.5,0.58918,-0.808,-19.42,-20.93,-22.27
2026-05-26T09:00:00Z,MTR,-19.42,73.2,974.5,16.63,9,146,0.70711,-0.70711,0.58918,-0.808,-19.68,-20.72,-22.84
2026-05-26T10:00:00Z,MTR,-19.68,75.8,973.9,14.32,10,146,0.5,-0.86603,0.58918,-0.808,-19.84,-20.77,-22.84
2026-05-26T11:00:00Z,MTR,-19.84,71.1,974.5,16.08,11,146,0.25882,-0.96593,0.58918,-0.808,-19.46,-21.36,-22.73
2026-05-26T12:00:00Z,MTR,-19.46,74.1,973.3,15.79,12,146,0.0,-1.0,0.58918,-0.808,-20.17,-20.79,-23.53
2026-05-26T13:00:00Z,MTR,-20.17,68.4,974.1,14.03,13,146,-0.25882,-0.96593,0.58918,-0.808,-20.93,-20.71,-24.14
2026-05-26T14:00:00Z,MTR,-20.93,66.6,977.4,13.49,14,146,-0.5,-0.86603,0.58918,-0.808,-20.72,-20.87,-24.45
2026-05-26T15:00:00Z,MTR,-20.72,68.0,978.5,12.9,15,146,-0.70711,-0.70711,0.58918,-0.808,-20.77,-19.67,-24.58
2026-05-26T16:00:00Z,MTR,-20.77,71.5,978.1,12.74,16,146,-0.86603,-0.5,0.58918,-0.808,-21.36,-18.87,-24.14
2026-05-26T17:00:00Z,MTR,-21.36,70.9,977.5,13.78,17,146,-0.96593,-0.25882,0.58918,-0.808,-20.79,-19.31,-20.28
2026-05-26T18:00:00Z,MTR,-20.79,80.2,976.6,16.87,18,146,-1.0,-0.0,0.58918,-0.808,-20.71,-20.48,-22.74
2026-05-26T19:00:00Z,MTR,-20.71,63.3,978.6,15.0,19,146,-0.96593,0.25882,0.58918,-0.808,-20.87,-20.6,-23.56
2026-05-26T20:00:00Z,MTR,-20.87,70.8,977.3,14.61,20,146,-0.86603,0.5,0.58918,-0.808,-19.67,-20.29,-18.56
2026-05-26T21:00:00Z,MTR,-19.67,60.4,977.3,13.4,21,146,-0.70711,0.70711,0.58918,-0.808,-18.87,-21.6,-18.64
2026-05-26T22:00:00Z,MTR,-18.87,70.7,977.3,12.71,22,146,-0.5,0.86603,0.58918,-0.808,-19.31,-22.65,-24.17
2026-05-26T23:00:00Z,MTR,-19.31,69.2,976.4,13.19,23,146,-0.25882,0.96593,0.58918,-0.808,-20.48,-23.27,-19.98
2026-05-27T00:00:00Z,MTR,-20.48,72.3,974.0,12.93,0,147,0.0,1.0,0.57519,-0.81802,-20.6,-22.66,-19.51
2026-05-27T01:00:00Z,MTR,-20.6,71.0,974.8,13.82,1,147,0.25882,0.96593,0.57519,-0.81802,-20.29,-21.5,-24.43
2026-05-27T02:00:00Z,MTR,-20.29,76.5,974.8,13.75,2,147,0.5,0.86603,0.57519,-0.81802,-21.6,-22.27,-22.63
2026-05-27T03:00:00Z,MTR,-21.6,74.5,976.0,13.65,3,147,0.70711,0.70711,0.57519,-0.81802,-22.65,-22.84,-23.79
2026-05-27T04:00:00Z,MTR,-22.65,68.5,975.2,15.82,4,147,0.86603,0.5,0.57519,-0.81802,-23.27,-22.84,-24.48
2026-05-27T05:00:00Z,MTR,-23.27,71.2,977.6,16.64,5,147,0.96593,0.25882,0.57519,-0.81802,-22.66,-22.73,-24.19
2026-05-27T06:00:00Z,MTR,-22.66,65.7,976.2,14.92,6,147,1.0,0.0,0.57519,-0.81802,-21.5,-23.53,-23.74
2026-05-27T07:00:00Z,MTR,-21.5,60.0,979.5,9.94,7,147,0.96593,-0.25882,0.57519,-0.81802,-22.27,-24.14,-24.14
2026-05-27T08:00:00Z,MTR,-22.27,74.4,976.4,12.66,8,147,0.86603,-0.5,0.57519,-0.81802,-22.84,-24.45,-24.25
2026-05-27T09:00:00Z,MTR,-22.84,66.9,977.4,16.65,9,147,0.70711,-0.70711,0.57519,-0.81802,-22.84,-24.58,-23.56
2026-05-27T10:00:00Z,MTR,-22.84,68.1,978.5,15.42,10,147,0.5,-0.86603,0.57519,-0.81802,-22.73,-24.14,-24.97
2026-05-27T11:00:00Z,MTR,-22.73,73.2,977.2,14.32,11,147,0.25882,-0.96593,0.57519,-0.81802,-23.53,-20.28,-25.44
2026-05-27T12:00:00Z,MTR,-23.53,70.7,978.1,12.83,12,147,0.0,-1.0,0.57519,-0.81802,-24.14,-22.74,-26.61
2026-05-27T13:00:00Z,MTR,-24.14,75.7,980.5,13.93,13,147,-0.25882,-0.96593,0.57519,-0.81802,-24.45,-23.56,-25.47
2026-05-27T14:00:00Z,MTR,-24.45,66.2,976.5,13.39,14,147,-0.5,-0.86603,0.57519,-0.81802,-24.58,-18.56,-24.34
2026-05-27T15:00:00Z,MTR,-24.58,77.9,977.6,14.72,15,147,-0.70711,-0.70711,0.57519,-0.81802,-24.14,-18.64,-25.6
2026-05-27T16:00:00Z,MTR,-24.14,79.1,973.2,14.91,16,147,-0.86603,-0.5,0.57519,-0.81802,-20.28,-24.17,-26.19
2026-05-27T17:00:00Z,MTR,-20.28,82.1,971.8,16.94,17,147,-0.96593,-0.25882,0.57519,-0.81802,-22.74,-19.98,-26.92
2026-05-27T18:00:00Z,MTR,-22.74,74.0,975.1,20.11,18,147,-1.0,-0.0,0.57519,-0.81802,-23.56,-19.51,-27.29
2026-05-27T19:00:00Z,MTR,-23.56,70.5,974.2,14.84,19,147,-0.96593,0.25882,0.57519,-0.81802,-18.56,-24.43,-26.76
2026-05-27T20:00:00Z,MTR,-18.56,77.6,972.2,14.46,20,147,-0.86603,0.5,0.57519,-0.81802,-18.64,-22.63,-24.09
2026-05-27T21:00:00Z,MTR,-18.64,72.9,972.1,15.88,21,147,-0.70711,0.70711,0.57519,-0.81802,-24.17,-23.79,-24.43
2026-05-27T22:00:00Z,MTR,-24.17,68.0,976.1,13.43,22,147,-0.5,0.86603,0.57519,-0.81802,-19.98,-24.48,-23.89
2026-05-27T23:00:00Z,MTR,-19.98,77.5,972.8,15.02,23,147,-0.25882,0.96593,0.57519,-0.81802,-19.51,-24.19,-23.83
2026-05-28T00:00:00Z,MTR,-19.51,84.0,971.0,15.75,0,148,0.0,1.0,0.56103,-0.82779,-24.43,-23.74,-23.71
2026-05-28T01:00:00Z,MTR,-24.43,67.1,973.9,13.36,1,148,0.25882,0.96593,0.56103,-0.82779,-22.63,-24.14,-23.79
2026-05-28T02:00:00Z,MTR,-22.63,79.7,977.2,18.05,2,148,0.5,0.86603,0.56103,-0.82779,-23.79,-24.25,-22.79
2026-05-28T03:00:00Z,MTR,-23.79,67.0,976.9,17.14,3,148,0.70711,0.70711,0.56103,-0.82779,-24.48,-23.56,-22.27
2026-05-28T04:00:00Z,MTR,-24.48,73.3,974.5,14.51,4,148,0.86603,0.5,0.56103,-0.82779,-24.19,-24.97,-22.23
2026-05-28T05:00:00Z,MTR,-24.19,69.9,978.2,14.99,5,148,0.96593,0.25882,0.56103,-0.82779,-23.74,-25.44,-21.71
2026-05-28T06:00:00Z,MTR,-23.74,66.4,980.8,15.46,6,148,1.0,0.0,0.56103,-0.82779,-24.14,-26.61,-20.99
2026-05-28T07:00:00Z,MTR,-24.14,65.9,981.6,12.35,7,148,0.96593,-0.25882,0.56103,-0.82779,-24.25,-25.47,-21.56
2026-05-28T08:00:00Z,MTR,-24.25,69.0,979.7,10.17,8,148,0.86603,-0.5,0.56103,-0.82779,-23.56,-24.34,-21.21
2026-05-28T09:00:00Z,MTR,-23.56,77.5,979.2,17.76,9,148,0.70711,-0.70711,0.56103,-0.82779,-24.97,-25.6,-20.58
2026-05-28T10:00:00Z,MTR,-24.97,68.7,978.6,11.17,10,148,0.5,-0.86603,0.56103,-0.82779,-25.44,-26.19,-20.29
2026-05-28T11:00:00Z,MTR,-25.44,65.8,978.9,14.14,11,148,0.25882,-0.96593,0.56103,-0.82779,-26.61,-26.92,-19.83
2026-05-28T12:00:00Z,MTR,-26.61,62.1,981.2,12.16,12,148,0.0,-1.0,0.56103,-0.82779,-25.47,-27.29,-19.87
2026-05-28T13:00:00Z,MTR,-25.47,67.1,982.4,9.63,13,148,-0.25882,-0.96593,0.56103,-0.82779,-24.34,-26.76,-19.56
2026-05-28T14:00:00Z,MTR,-24.34,74.1,980.1,16.82,14,148,-0.5,-0.86603,0.56103,-0.82779,-25.6,-24.09,-18.54
2026-05-28T15:00:00Z,MTR,-25.6,63.4,982.3,13.02,15,148,-0.70711,-0.70711,0.56103,-0.82779,-26.19,-24.43,-19.48
2026-05-28T16:00:00Z,MTR,-26.19,71.2,982.5,13.65,16,148,-0.86603,-0.5,0.56103,-0.82779,-26.92,-23.89,-19.6
2026-05-28T17:00:00Z,MTR,-26.92,75.5,983.4,10.34,17,148,-0.96593,-0.25882,0.56103,-0.82779,-27.29,-23.83,-20.3
2026-05-28T18:00:00Z,MTR,-27.29,68.4,985.7,8.53,18,148,-1.0,-0.0,0.56103,-0.82779,-26.76,-23.71,-20.83
2026-05-28T19:00:00Z,MTR,-26.76,61.9,983.4,12.94,19,148,-0.96593,0.25882,0.56103,-0.82779,-24.09,-23.79,-20.5
2026-05-28T20:00:00Z,MTR,-24.09,71.8,983.1,15.76,20,148,-0.86603,0.5,0.56103,-0.82779,-24.43,-22.79,-21.82
2026-05-28T21:00:00Z,MTR,-24.43,70.4,982.0,9.24,21,148,-0.70711,0.70711,0.56103,-0.82779,-23.89,-22.27,-22.65
2026-05-28T22:00:00Z,MTR,-23.89,70.2,979.2,13.47,22,148,-0.5,0.86603,0.56103,-0.82779,-23.83,-22.23,-21.67
2026-05-28T23:00:00Z,MTR,-23.83,73.1,980.1,12.22,23,148,-0.25882,0.96593,0.56103,-0.82779,-23.71,-21.71,-22.66
2026-05-29T00:00:00Z,MTR,-23.71,67.6,984.8,12.04,0,149,0.0,1.0,0.54671,-0.83732,-23.79,-20.99,-21.72
2026-05-29T01:00:00Z,MTR,-23.79,73.7,981.6,13.57,1,149,0.25882,0.96593,0.54671,-0.83732,-22.79,-21.56,-21.73
2026-05-29T02:00:00Z,MTR,-22.79,69.8,981.9,12.56,2,149,0.5,0.86603,0.54671,-0.83732,-22.27,-21.21,-21.79
2026-05-29T03:00:00Z,MTR,-22.27,69.0,983.5,12.3,3,149,0.70711,0.70711,0.54671,-0.83732,-22.23,-20.58,-22.3
2026-05-29T04:00:00Z,MTR,-22.23,59.2,984.1,11.39,4,149,0.86603,0.5,0.54671,-0.83732,-21.71,-20.29,-22.51
2026-05-29T05:00:00Z,MTR,-21.71,63.8,984.4,10.79,5,149,0.96593,0.25882,0.54671,-0.83732,-20.99,-19.83,-22.3
2026-05-29T06:00:00Z,MTR,-20.99,62.4,982.6,12.55,6,149,1.0,0.0,0.54671,-0.83732,-21.56,-19.87,-22.43
2026-05-29T07:00:00Z,MTR,-21.56,70.6,983.8,11.08,7,149,0.96593,-0.25882,0.54671,-0.83732,-21.21,-19.56,-23.05
2026-05-29T08:00:00Z,MTR,-21.21,58.9,983.2,12.94,8,149,0.86603,-0.5,0.54671,-0.83732,-20.58,-18.54,-22.51
2026-05-29T09:00:00Z,MTR,-20.58,58.0,980.1,13.54,9,149,0.70711,-0.70711,0.54671,-0.83732,-20.29,-19.48,-21.54
2026-05-29T10:00:00Z,MTR,-20.29,57.9,983.4,11.25,10,149,0.5,-0.86603,0.54671,-0.83732,-19.83,-19.6,-22.76
2026-05-29T11:00:00Z,MTR,-19.83,60.8,986.1,10.26,11,149,0.25882,-0.96593,0.54671,-0.83732,-19.87,-20.3,-21.05
2026-05-29T12:00:00Z,MTR,-19.87,50.1,987.2,7.86,12,149,0.0,-1.0,0.54671,-0.83732,-19.56,-20.83,-20.88
2026-05-29T13:00:00Z,MTR,-19.56,50.2,988.6,10.9,13,149,-0.25882,-0.96593,0.54671,-0.83732,-18.54,-20.5,-20.57
2026-05-29T14:00:00Z,MTR,-18.54,59.7,991.5,9.54,14,149,-0.5,-0.86603,0.54671,-0.83732,-19.48,-21.82,-19.51
2026-05-29T15:00:00Z,MTR,-19.48,47.8,992.8,8.41,15,149,-0.70711,-0.70711,0.54671,-0.83732,-19.6,-22.65,-21.23
2026-05-29T16:00:00Z,MTR,-19.6,56.7,995.3,6.76,16,149,-0.86603,-0.5,0.54671,-0.83732,-20.3,-21.67,-22.45
2026-05-29T17:00:00Z,MTR,-20.3,45.5,995.6,9.18,17,149,-0.96593,-0.25882,0.54671,-0.83732,-20.83,-22.66,-23.93
2026-05-29T18:00:00Z,MTR,-20.83,38.7,998.8,10.68,18,149,-1.0,-0.0,0.54671,-0.83732,-20.5,-21.72,-24.73
2026-05-29T19:00:00Z,MTR,-20.5,42.5,1000.1,9.02,19,149,-0.96593,0.25882,0.54671,-0.83732,-21.82,-21.73,-24.11
2026-05-29T20:00:00Z,MTR,-21.82,40.0,1001.1,8.67,20,149,-0.86603,0.5,0.54671,-0.83732,-22.65,-21.79,-24.89
2026-05-29T21:00:00Z,MTR,-22.65,41.6,999.5,8.59,21,149,-0.70711,0.70711,0.54671,-0.83732,-21.67,-22.3,-25.4
2026-05-29T22:00:00Z,MTR,-21.67,46.2,1000.8,8.43,22,149,-0.5,0.86603,0.54671,-0.83732,-22.66,-22.51,-25.75
2026-05-29T23:00:00Z,MTR,-22.66,48.0,999.9,7.15,23,149,-0.25882,0.96593,0.54671,-0.83732,-21.72,-22.3,-25.62
2026-05-30T00:00:00Z,MTR,-21.72,53.9,999.5,4.96,0,150,0.0,1.0,0.53223,-0.8466,-21.73,-22.43,-25.75
2026-05-30T01:00:00Z,MTR,-21.73,45.9,998.8,5.0,1,150,0.25882,0.96593,0.53223,-0.8466,-21.79,-23.05,-26.13
2026-05-30T02:00:00Z,MTR,-21.79,51.5,997.6,8.8,2,150,0.5,0.86603,0.53223,-0.8466,-22.3,-22.51,-26.68
2026-05-30T03:00:00Z,MTR,-22.3,36.6,1002.2,1.41,3,150,0.70711,0.70711,0.53223,-0.8466,-22.51,-21.54,-26.63
2026-05-30T04:00:00Z,MTR,-22.51,37.9,1005.1,8.37,4,150,0.86603,0.5,0.53223,-0.8466,-22.3,-22.76,-26.35
2026-05-30T05:00:00Z,MTR,-22.3,44.5,1008.9,6.31,5,150,0.96593,0.25882,0.53223,-0.8466,-22.43,-21.05,-25.04
2026-05-30T06:00:00Z,MTR,-22.43,48.0,1006.7,9.04,6,150,1.0,0.0,0.53223,-0.8466,-23.05,-20.88,-25.61
2026-05-30T07:00:00Z,MTR,-23.05,47.0,1007.0,3.32,7,150,0.96593,-0.25882,0.53223,-0.8466,-22.51,-20.57,-25.5
2026-05-30T08:00:00Z,MTR,-22.51,42.2,1004.7,8.3,8,150,0.86603,-0.5,0.53223,-0.8466,-21.54,-19.51,-26.82
2026-05-30T09:00:00Z,MTR,-21.54,37.0,1003.5,7.14,9,150,0.70711,-0.70711,0.53223,-0.8466,-22.76,-21.23,-25.71
2026-05-30T10:00:00Z,MTR,-22.76,40.5,1001.9,4.41,10,150,0.5,-0.86603,0.53223,-0.8466,-21.05,-22.45,-25.6
2026-05-30T11:00:00Z,MTR,-21.05,40.3,1004.2,3.75,11,150,0.25882,-0.96593,0.53223,-0.8466,-20.88,-23.93,-24.8
2026-05-30T12:00:00Z,MTR,-20.88,39.8,1003.3,2.99,12,150,0.0,-1.0,0.53223,-0.8466,-20.57,-24.73,-23.73
2026-05-30T13:00:00Z,MTR,-20.57,41.5,1005.0,3.01,13,150,-0.25882,-0.96593,0.53223,-0.8466,-19.51,-24.11,-23.29
2026-05-30T14:00:00Z,MTR,-19.51,43.6,1005.7,1.66,14,150,-0.5,-0.86603,0.53223,-0.8466,-21.23,-24.89,-23.12
2026-05-30T15:00:00Z,MTR,-21.23,32.4,1009.3,6.22,15,150,-0.70711,-0.70711,0.53223,-0.8466,-22.45,-25.4,-24.5
2026-05-30T16:00:00Z,MTR,-22.45,49.9,1005.8,3.7,16,150,-0.86603,-0.5,0.53223,-0.8466,-23.93,-25.75,-24.48
2026-05-30T17:00:00Z,MTR,-23.93,39.0,1007.3,3.33,17,150,-0.96593,-0.25882,0.53223,-0.8466,-24.73,-25.62,-25.09
2026-05-30T18:00:00Z,MTR,-24.73,45.6,1008.5,7.57,18,150,-1.0,-0.0,0.53223,-0.8466,-24.11,-25.75,-25.74
2026-05-30T19:00:00Z,MTR,-24.11,42.4,1005.6,3.2,19,150,-0.96593,0.25882,0.53223,-0.8466,-24.89,-26.13,-26.53
2026-05-30T20:00:00Z,MTR,-24.89,50.8,1006.4,4.8,20,150,-0.86603,0.5,0.53223,-0.8466,-25.4,-26.68,-26.84
2026-05-30T21:00:00Z,MTR,-25.4,34.3,1005.8,3.05,21,150,-0.70711,0.70711,0.53223,-0.8466,-25.75,-26.63,-27.21
2026-05-30T22:00:00Z,MTR,-25.75,40.7,1004.1,8.15,22,150,-0.5,0.86603,0.53223,-0.8466,-25.62,-26.35,-27.49
2026-05-30T23:00:00Z,MTR,-25.62,43.3,1001.4,7.24,23,150,-0.25882,0.96593,0.53223,-0.8466,-25.75,-25.04,-27.57
2026-05-31T00:00:00Z,MTR,-25.75,48.0,998.8,3.24,0,151,0.0,1.0,0.51759,-0.85563,-26.13,-25.61,-26.8
2026-05-31T01:00:00Z,MTR,-26.13,45.2,1001.3,2.97,1,151,0.25882,0.96593,0.51759,-0.85563,-26.68,-25.5,-27.34
2026-05-31T02:00:00Z,MTR,-26.68,49.4,999.9,7.81,2,151,0.5,0.86603,0.51759,-0.85563,-26.63,-26.82,-27.35
2026-05-31T03:00:00Z,MTR,-26.63,48.1,999.9,7.87,3,151,0.70711,0.70711,0.51759,-0.85563,-26.35,-25.71,-21.86
2026-05-31T04:00:00Z,MTR,-26.35,53.1,997.0,7.82,4,151,0.86603,0.5,0.51759,-0.85563,-25.04,-25.6,-21.39
2026-05-31T05:00:00Z,MTR,-25.04,51.1,994.2,8.93,5,151,0.96593,0.25882,0.51759,-0.85563,-25.61,-24.8,-19.4
2026-05-31T06:00:00Z,MTR,-25.61,55.3,994.8,9.27,6,151,1.0,0.0,0.51759,-0.85563,-25.5,-23.73,-21.13
2026-05-31T07:00:00Z,MTR,-25.5,71.9,990.9,12.71,7,151,0.96593,-0.25882,0.51759,-0.85563,-26.82,-23.29,-19.89
2026-05-31T08:00:00Z,MTR,-26.82,60.4,988.9,14.37,8,151,0.86603,-0.5,0.51759,-0.85563,-25.71,-23.12,-19.41
2026-05-31T09:00:00Z,MTR,-25.71,54.4,987.8,14.7,9,151,0.70711,-0.70711,0.51759,-0.85563,-25.6,-24.5,-24.68
2026-05-31T10:00:00Z,MTR,-25.6,57.9,986.8,9.19,10,151,0.5,-0.86603,0.51759,-0.85563,-24.8,-24.48,-23.3
2026-05-31T11:00:00Z,MTR,-24.8,60.6,985.3,10.43,11,151,0.25882,-0.96593,0.51759,-0.85563,-23.73,-25.09,-22.24
2026-05-31T12:00:00Z,MTR,-23.73,59.4,984.9,12.23,12,151,0.0,-1.0,0.51759,-0.85563,-23.29,-25.74,-22.77
2026-05-31T13:00:00Z,MTR,-23.29,63.2,985.0,8.66,13,151,-0.25882,-0.96593,0.51759,-0.85563,-23.12,-26.53,-22.75
2026-05-31T14:00:00Z,MTR,-23.12,66.7,985.2,9.82,14,151,-0.5,-0.86603,0.51759,-0.85563,-24.5,-26.84,-22.28
2026-05-31T15:00:00Z,MTR,-24.5,60.5,982.3,14.47,15,151,-0.70711,-0.70711,0.51759,-0.85563,-24.48,-27.21,-22.37
2026-05-31T16:00:00Z,MTR,-24.48,59.6,980.8,12.99,16,151,-0.86603,-0.5,0.51759,-0.85563,-25.09,-27.49,-22.44
2026-05-31T17:00:00Z,MTR,-25.09,78.6,982.1,10.9,17,151,-0.96593,-0.25882,0.51759,-0.85563,-25.74,-27.57,-20.91
2026-05-31T18:00:00Z,MTR,-25.74,61.2,982.8,12.09,18,151,-1.0,-0.0,0.51759,-0.85563,-26.53,-26.8,-20.24
2026-05-31T19:00:00Z,MTR,-26.53,77.7,979.4,16.74,19,151,-0.96593,0.25882,0.51759,-0.85563,-26.84,-27.34,-18.06
2026-05-31T20:00:00Z,MTR,-26.84,74.0,979.3,14.94,20,151,-0.86603,0.5,0.51759,-0.85563,-27.21,-27.35,-13.2
2026-05-31T21:00:00Z,MTR,-27.21,70.6,975.0,12.18,21,151,-0.70711,0.70711,0.51759,-0.85563,-27.49,-21.86,-19.08
2026-05-31T22:00:00Z,MTR,-27.49,70.4,974.7,13.48,22,151,-0.5,0.86603,0.51759,-0.85563,-27.57,-21.39,-19.09
2026-05-31T23:00:00Z,MTR,-27.57,69.2,977.7,16.48,23,151,-0.25882,0.96593,0.51759,-0.85563,-26.8,-19.4,-18.76
2026-06-01T00:00:00Z,MTR,-26.8,71.0,975.5,12.52,0,152,0.0,1.0,0.50279,-0.86441,-27.34,-21.13,-19.4
2026-06-01T01:00:00Z,MTR,-27.34,78.5,973.7,13.69,1,152,0.25882,0.96593,0.50279,-0.86441,-27.35,-19.89,-20.27
2026-06-01T02:00:00Z,MTR,-27.35,67.5,974.9,14.64,2,152,0.5,0.86603,0.50279,-0.86441,-21.86,-19.41,-21.01
2026-06-01T03:00:00Z,MTR,-21.86,84.5,971.9,16.74,3,152,0.70711,0.70711,0.50279,-0.86441,-21.39,-24.68,-20.43
2026-06-01T04:00:00Z,MTR,-21.39,75.9,970.8,16.48,4,152,0.86603,0.5,0.50279,-0.86441,-19.4,-23.3,-21.88
2026-06-01T05:00:00Z,MTR,-19.4,71.6,972.0,19.89,5,152,0.96593,0.25882,0.50279,-0.86441,-21.13,-22.24,-22.2
2026-06-01T06:00:00Z,MTR,-21.13,80.0,971.0,16.73,6,152,1.0,0.0,0.50279,-0.86441,-19.89,-22.77,-23.92
2026-06-01T07:00:00Z,MTR,-19.89,92.1,970.8,19.6,7,152,0.96593,-0.25882,0.50279,-0.86441,-19.41,-22.75,-25.0
2026-06-01T08:00:00Z,MTR,-19.41,74.5,972.4,20.37,8,152,0.86603,-0.5,0.50279,-0.86441,-24.68,-22.28,-23.21
2026-06-01T09:00:00Z,MTR,-24.68,77.2,973.4,16.59,9,152,0.70711,-0.70711,0.50279,-0.86441,-23.3,-22.37,-23.79
2026-06-01T10:00:00Z,MTR,-23.3,75.4,974.2,12.76,10,152,0.5,-0.86603,0.50279,-0.86441,-22.24,-22.44,-23.39
2026-06-01T11:00:00Z,MTR,-22.24,85.0,973.8,14.51,11,152,0.25882,-0.96593,0.50279,-0.86441,-22.77,-20.91,-23.09
2026-06-01T12:00:00Z,MTR,-22.77,69.0,974.8,11.77,12,152,0.0,-1.0,0.50279,-0.86441,-22.75,-20.24,-21.6
2026-06-01T13:00:00Z,MTR,-22.75,79.5,974.9,15.57,13,152,-0.25882,-0.96593,0.50279,-0.86441,-22.28,-18.06,-20.74
2026-06-01T14:00:00Z,MTR,-22.28,66.2,976.1,14.64,14,152,-0.5,-0.86603,0.50279,-0.86441,-22.37,-13.2,-19.57
2026-06-01T15:00:00Z,MTR,-22.37,75.1,975.5,14.91,15,152,-0.70711,-0.70711,0.50279,-0.86441,-22.44,-19.08,-20.14
2026-06-01T16:00:00Z,MTR,-22.44,77.3,975.5,13.67,16,152,-0.86603,-0.5,0.50279,-0.86441,-20.91,-19.09,-20.37
2026-06-01T17:00:00Z,MTR,-20.91,79.7,974.1,12.78,17,152,-0.96593,-0.25882,0.50279,-0.86441,-20.24,-18.76,-21.57
2026-06-01T18:00:00Z,MTR,-20.24,68.1,974.6,14.86,18,152,-1.0,-0.0,0.50279,-0.86441,-18.06,-19.4,-20.91
2026-06-01T19:00:00Z,MTR,-18.06,66.8,973.6,17.99,19,152,-0.96593,0.25882,0.50279,-0.86441,-13.2,-20.27,-20.38
2026-06-01T20:00:00Z,MTR,-13.2,77.7,972.1,19.19,20,152,-0.86603,0.5,0.50279,-0.86441,-19.08,-21.01,-21.11
2026-06-01T21:00:00Z,MTR,-19.08,73.6,973.2,15.29,21,152,-0.70711,0.70711,0.50279,-0.86441,-19.09,-20.43,-21.61
2026-06-01T22:00:00Z,MTR,-19.09,67.7,974.1,12.98,22,152,-0.5,0.86603,0.50279,-0.86441,-18.76,-21.88,-21.32
2026-06-01T23:00:00Z,MTR,-18.76,66.5,976.1,13.77,23,152,-0.25882,0.96593,0.50279,-0.86441,-19.4,-22.2,-21.55
2026-06-02T00:00:00Z,MTR,-19.4,71.1,975.7,13.98,0,153,0.0,1.0,0.48785,-0.87293,-20.27,-23.92,-22.32
2026-06-02T01:00:00Z,MTR,-20.27,81.1,976.8,14.68,1,153,0.25882,0.96593,0.48785,-0.87293,-21.01,-25.0,-22.63
2026-06-02T02:00:00Z,MTR,-21.01,64.8,978.2,13.91,2,153,0.5,0.86603,0.48785,-0.87293,-20.43,-23.21,-22.93
2026-06-02T03:00:00Z,MTR,-20.43,75.6,979.3,18.03,3,153,0.70711,0.70711,0.48785,-0.87293,-21.88,-23.79,-22.61
2026-06-02T04:00:00Z,MTR,-21.88,64.9,978.0,17.41,4,153,0.86603,0.5,0.48785,-0.87293,-22.2,-23.39,-22.78
2026-06-02T05:00:00Z,MTR,-22.2,66.5,978.5,12.6,5,153,0.96593,0.25882,0.48785,-0.87293,-23.92,-23.09,-24.92
2026-06-02T06:00:00Z,MTR,-23.92,61.6,979.4,11.94,6,153,1.0,0.0,0.48785,-0.87293,-25.0,-21.6,-24.85
2026-06-02T07:00:00Z,MTR,-25.0,80.1,979.5,12.45,7,153,0.96593,-0.25882,0.48785,-0.87293,-23.21,-20.74,-25.24
2026-06-02T08:00:00Z,MTR,-23.21,79.3,975.9,17.91,8,153,0.86603,-0.5,0.48785,-0.87293,-23.79,-19.57,-24.58
2026-06-02T09:00:00Z,MTR,-23.79,75.5,976.4,11.41,9,153,0.70711,-0.70711,0.48785,-0.87293,-23.39,-20.14,-24.33
2026-06-02T10:00:00Z,MTR,-23.39,71.7,980.7,13.61,10,153,0.5,-0.86603,0.48785,-0.87293,-23.09,-20.37,-24.75
2026-06-02T11:00:00Z,MTR,-23.09,64.5,980.0,11.73,11,153,0.25882,-0.96593,0.48785,-0.87293,-21.6,-21.57,-25.11
2026-06-02T12:00:00Z,MTR,-21.6,69.2,978.7,9.1,12,153,0.0,-1.0,0.48785,-0.87293,-20.74,-20.91,-24.83
2026-06-02T13:00:00Z,MTR,-20.74,64.1,979.5,12.75,13,153,-0.25882,-0.96593,0.48785,-0.87293,-19.57,-20.38,-24.73
2026-06-02T14:00:00Z,MTR,-19.57,82.2,980.0,12.55,14,153,-0.5,-0.86603,0.48785,-0.87293,-20.14,-21.11,-24.85
2026-06-02T15:00:00Z,MTR,-20.14,61.6,982.2,14.53,15,153,-0.70711,-0.70711,0.48785,-0.87293,-20.37,-21.61,-24.8
2026-06-02T16:00:00Z,MTR,-20.37,64.2,979.8,11.02,16,153,-0.86603,-0.5,0.48785,-0.87293,-21.57,-21.32,-24.36
2026-06-02T17:00:00Z,MTR,-21.57,75.6,981.1,12.4,17,153,-0.96593,-0.25882,0.48785,-0.87293,-20.91,-21.55,-25.49
2026-06-02T18:00:00Z,MTR,-20.91,66.1,982.1,12.23,18,153,-1.0,-0.0,0.48785,-0.87293,-20.38,-22.32,-24.25
2026-06-02T19:00:00Z,MTR,-20.38,70.9,981.7,15.3,19,153,-0.96593,0.25882,0.48785,-0.87293,-21.11,-22.63,-24.49
2026-06-02T20:00:00Z,MTR,-21.11,66.3,982.2,12.98,20,153,-0.86603,0.5,0.48785,-0.87293,-21.61,-22.93,-23.51
2026-06-02T21:00:00Z,MTR,-21.61,62.0,984.0,14.67,21,153,-0.70711,0.70711,0.48785,-0.87293,-21.32,-22.61,-21.9
2026-06-02T22:00:00Z,MTR,-21.32,59.3,985.4,10.32,22,153,-0.5,0.86603,0.48785,-0.87293,-21.55,-22.78,-21.52
2026-06-02T23:00:00Z,MTR,-21.55,69.6,983.1,11.47,23,153,-0.25882,0.96593,0.48785,-0.87293,-22.32,-24.92,-23.02
2026-06-03T00:00:00Z,MTR,-22.32,65.4,984.5,12.62,0,154,0.0,1.0,0.47276,-0.88119,-22.63,-24.85,-24.06
2026-06-03T01:00:00Z,MTR,-22.63,68.8,984.3,7.08,1,154,0.25882,0.96593,0.47276,-0.88119,-22.93,-25.24,-23.67
2026-06-03T02:00:00Z,MTR,-22.93,70.0,984.4,11.5,2,154,0.5,0.86603,0.47276,-0.88119,-22.61,-24.58,-24.11
2026-06-03T03:00:00Z,MTR,-22.61,67.0,984.5,12.06,3,154,0.70711,0.70711,0.47276,-0.88119,-22.78,-24.33,-22.93
2026-06-03T04:00:00Z,MTR,-22.78,69.3,984.3,11.18,4,154,0.86603,0.5,0.47276,-0.88119,-24.92,-24.75,-23.47
2026-06-03T05:00:00Z,MTR,-24.92,64.7,986.6,12.03,5,154,0.96593,0.25882,0.47276,-0.88119,-24.85,-25.11,-23.01
2026-06-03T06:00:00Z,MTR,-24.85,64.4,986.5,13.14,6,154,1.0,0.0,0.47276,-0.88119,-25.24,-24.83,-23.08
2026-06-03T07:00:00Z,MTR,-25.24,62.3,984.6,11.53,7,154,0.96593,-0.25882,0.47276,-0.88119,-24.58,-24.73,-23.03
2026-06-03T08:00:00Z,MTR,-24.58,56.3,984.1,12.93,8,154,0.86603,-0.5,0.47276,-0.88119,-24.33,-24.85,-22.54
2026-06-03T09:00:00Z,MTR,-24.33,60.0,984.8,10.0,9,154,0.70711,-0.70711,0.47276,-0.88119,-24.75,-24.8,-24.89
2026-06-03T10:00:00Z,MTR,-24.75,67.8,987.4,10.03,10,154,0.5,-0.86603,0.47276,-0.88119,-25.11,-24.36,-24.79
2026-06-03T11:00:00Z,MTR,-25.11,60.9,988.8,10.98,11,154,0.25882,-0.96593,0.47276,-0.88119,-24.83,-25.49,-23.99
2026-06-03T12:00:00Z,MTR,-24.83,58.5,987.7,10.57,12,154,0.0,-1.0,0.47276,-0.88119,-24.73,-24.25,-24.8
2026-06-03T13:00:00Z,MTR,-24.73,61.5,992.6,10.22,13,154,-0.25882,-0.96593,0.47276,-0.88119,-24.85,-24.49,-24.19
2026-06-03T14:00:00Z,MTR,-24.85,51.9,993.4,8.26,14,154,-0.5,-0.86603,0.47276,-0.88119,-24.8,-23.51,-24.27
2026-06-03T15:00:00Z,MTR,-24.8,54.8,996.0,7.66,15,154,-0.70711,-0.70711,0.47276,-0.88119,-24.36,-21.9,-24.67
2026-06-03T16:00:00Z,MTR,-24.36,58.8,996.0,10.35,16,154,-0.86603,-0.5,0.47276,-0.88119,-25.49,-21.52,-24.74
2026-06-03T17:00:00Z,MTR,-25.49,54.1,997.3,11.12,17,154,-0.96593,-0.25882,0.47276,-0.88119,-24.25,-23.02,-23.58
2026-06-03T18:00:00Z,MTR,-24.25,53.7,999.1,8.46,18,154,-1.0,-0.0,0.47276,-0.88119,-24.49,-24.06,-23.4
2026-06-03T19:00:00Z,MTR,-24.49,48.9,1001.6,10.37,19,154,-0.96593,0.25882,0.47276,-0.88119,-23.51,-23.67,-24.31
2026-06-03T20:00:00Z,MTR,-23.51,34.0,1003.8,7.7,20,154,-0.86603,0.5,0.47276,-0.88119,-21.9,-24.11,-23.99
2026-06-03T21:00:00Z,MTR,-21.9,47.2,1005.5,3.99,21,154,-0.70711,0.70711,0.47276,-0.88119,-21.52,-22.93,-23.88
2026-06-03T22:00:00Z,MTR,-21.52,45.0,1005.1,3.65,22,154,-0.5,0.86603,0.47276,-0.88119,-23.02,-23.47,-22.97
2026-06-03T23:00:00Z,MTR,-23.02,40.4,1004.3,3.9,23,154,-0.25882,0.96593,0.47276,-0.88119,-24.06,-23.01,-23.01
2026-06-04T00:00:00Z,MTR,-24.06,37.0,1005.2,0.2,0,155,0.0,1.0,0.45753,-0.88919,-23.67,-23.08,-22.39
2026-06-04T01:00:00Z,MTR,-23.67,39.1,1007.1,1.93,1,155,0.25882,0.96593,0.45753,-0.88919,-24.11,-23.03,-22.37
2026-06-04T02:00:00Z,MTR,-24.11,34.0,1006.9,6.23,2,155,0.5,0.86603,0.45753,-0.88919,-22.93,-22.54,-22.11
2026-06-04T03:00:00Z,MTR,-22.93,42.6,1009.1,6.64,3,155,0.70711,0.70711,0.45753,-0.88919,-23.47,-24.89,-22.71
2026-06-04T04:00:00Z,MTR,-23.47,33.7,1011.8,4.17,4,155,0.86603,0.5,0.45753,-0.88919,-23.01,-24.79,-22.3
2026-06-04T05:00:00Z,MTR,-23.01,32.0,1010.2,5.4,5,155,0.96593,0.25882,0.45753,-0.88919,-23.08,-23.99,-20.82
2026-06-04T06:00:00Z,MTR,-23.08,40.9,1008.7,4.47,6,155,1.0,0.0,0.45753,-0.88919,-23.03,-24.8,-19.66
2026-06-04T07:00:00Z,MTR,-23.03,39.9,1008.6,3.73,7,155,0.96593,-0.25882,0.45753,-0.88919,-22.54,-24.19,-20.69
2026-06-04T08:00:00Z,MTR,-22.54,41.5,1009.3,5.58,8,155,0.86603,-0.5,0.45753,-0.88919,-24.89,-24.27,-22.1
2026-06-04T09:00:00Z,MTR,-24.89,31.2,1008.4,3.3,9,155,0.70711,-0.70711,0.45753,-0.88919,-24.79,-24.67,-21.87
2026-06-04T10:00:00Z,MTR,-24.79,39.6,1010.9,6.01,10,155,0.5,-0.86603,0.45753,-0.88919,-23.99,-24.74,-22.12
2026-06-04T11:00:00Z,MTR,-23.99,43.1,1011.5,2.38,11,155,0.25882,-0.96593,0.45753,-0.88919,-24.8,-23.58,-22.81
2026-06-04T12:00:00Z,MTR,-24.8,33.9,1011.4,1.59,12,155,0.0,-1.0,0.45753,-0.88919,-24.19,-23.4,-21.23
2026-06-04T13:00:00Z,MTR,-24.19,36.0,1008.6,0.44,13,155,-0.25882,-0.96593,0.45753,-0.88919,-24.27,-24.31,-19.02
2026-06-04T14:00:00Z,MTR,-24.27,32.1,1006.0,0.2,14,155,-0.5,-0.86603,0.45753,-0.88919,-24.67,-23.99,-20.61
2026-06-04T15:00:00Z,MTR,-24.67,40.7,1006.4,5.74,15,155,-0.70711,-0.70711,0.45753,-0.88919,-24.74,-23.88,-21.34
2026-06-04T16:00:00Z,MTR,-24.74,39.3,1002.3,5.76,16,155,-0.86603,-0.5,0.45753,-0.88919,-23.58,-22.97,-22.09
2026-06-04T17:00:00Z,MTR,-23.58,49.3,1004.0,8.5,17,155,-0.96593,-0.25882,0.45753,-0.88919,-23.4,-23.01,-22.6
2026-06-04T18:00:00Z,MTR,-23.4,55.2,1003.5,5.02,18,155,-1.0,-0.0,0.45753,-0.88919,-24.31,-22.39,-22.03
2026-06-04T19:00:00Z,MTR,-24.31,49.4,1009.0,3.83,19,155,-0.96593,0.25882,0.45753,-0.88919,-23.99,-22.37,-16.31
2026-06-04T20:00:00Z,MTR,-23.99,30.0,1012.4,5.64,20,155,-0.86603,0.5,0.45753,-0.88919,-23.88,-22.11,-16.34
2026-06-04T21:00:00Z,MTR,-23.88,31.5,1011.1,4.16,21,155,-0.70711,0.70711,0.45753,-0.88919,-22.97,-22.71,-15.88
2026-06-04T22:00:00Z,MTR,-22.97,38.5,1009.8,0.97,22,155,-0.5,0.86603,0.45753,-0.88919,-23.01,-22.3,-15.62
2026-06-04T23:00:00Z,MTR,-23.01,33.9,1010.5,1.96,23,155,-0.25882,0.96593,0.45753,-0.88919,-22.39,-20.82,-15.55
2026-06-05T00:00:00Z,MTR,-22.39,33.9,1012.4,4.18,0,156,0.0,1.0,0.44217,-0.89693,-22.37,-19.66,-15.13
2026-06-05T01:00:00Z,MTR,-22.37,50.2,1008.0,3.02,1,156,0.25882,0.96593,0.44217,-0.89693,-22.11,-20.69,-13.33
2026-06-05T02:00:00Z,MTR,-22.11,37.5,1003.5,4.79,2,156,0.5,0.86603,0.44217,-0.89693,-22.71,-22.1,-13.45
2026-06-05T03:00:00Z,MTR,-22.71,47.7,1001.2,8.38,3,156,0.70711,0.70711,0.44217,-0.89693,-22.3,-21.87,-14.53
2026-06-05T04:00:00Z,MTR,-22.3,48.2,1001.0,7.89,4,156,0.86603,0.5,0.44217,-0.89693,-20.82,-22.12,-12.3
2026-06-05T05:00:00Z,MTR,-20.82,52.8,1000.6,10.56,5,156,0.96593,0.25882,0.44217,-0.89693,-19.66,-22.81,-12.13
2026-06-05T06:00:00Z,MTR,-19.66,42.2,1001.2,9.11,6,156,1.0,0.0,0.44217,-0.89693,-20.69,-21.23,-11.99
2026-06-05T07:00:00Z,MTR,-20.69,58.0,997.6,10.51,7,156,0.96593,-0.25882,0.44217,-0.89693,-22.1,-19.02,-12.89
2026-06-05T08:00:00Z,MTR,-22.1,58.3,992.0,13.18,8,156,0.86603,-0.5,0.44217,-0.89693,-21.87,-20.61,-11.2
2026-06-05T09:00:00Z,MTR,-21.87,51.2,992.3,8.93,9,156,0.70711,-0.70711,0.44217,-0.89693,-22.12,-21.34,-12.54
2026-06-05T10:00:00Z,MTR,-22.12,57.1,989.5,8.54,10,156,0.5,-0.86603,0.44217,-0.89693,-22.81,-22.09,-9.74
2026-06-05T11:00:00Z,MTR,-22.81,67.7,984.7,7.82,11,156,0.25882,-0.96593,0.44217,-0.89693,-21.23,-22.6,-11.55
2026-06-05T12:00:00Z,MTR,-21.23,74.4,983.9,9.45,12,156,0.0,-1.0,0.44217,-0.89693,-19.02,-22.03,-13.32
2026-06-05T13:00:00Z,MTR,-19.02,61.4,984.2,8.05,13,156,-0.25882,-0.96593,0.44217,-0.89693,-20.61,-16.31,-13.48
2026-06-05T14:00:00Z,MTR,-20.61,76.5,982.9,12.69,14,156,-0.5,-0.86603,0.44217,-0.89693,-21.34,-16.34,-13.36
2026-06-05T15:00:00Z,MTR,-21.34,73.9,980.9,12.11,15,156,-0.70711,-0.70711,0.44217,-0.89693,-22.09,-15.88,-13.96
2026-06-05T16:00:00Z,MTR,-22.09,67.8,979.6,16.27,16,156,-0.86603,-0.5,0.44217,-0.89693,-22.6,-15.62,-13.53
2026-06-05T17:00:00Z,MTR,-22.6,75.2,977.9,16.82,17,156,-0.96593,-0.25882,0.44217,-0.89693,-22.03,-15.55,-13.77
2026-06-05T18:00:00Z,MTR,-22.03,79.6,974.5,15.73,18,156,-1.0,-0.0,0.44217,-0.89693,-16.31,-15.13,-13.75
2026-06-05T19:00:00Z,MTR,-16.31,77.2,972.4,19.05,19,156,-0.96593,0.25882,0.44217,-0.89693,-16.34,-13.33,-14.61
2026-06-05T20:00:00Z,MTR,-16.34,74.3,972.6,16.97,20,156,-0.86603,0.5,0.44217,-0.89693,-15.88,-13.45,-14.75
2026-06-05T21:00:00Z,MTR,-15.88,75.7,972.4,12.62,21,156,-0.70711,0.70711,0.44217,-0.89693,-15.62,-14.53,-13.28
2026-06-05T22:00:00Z,MTR,-15.62,75.1,972.0,13.59,22,156,-0.5,0.86603,0.44217,-0.89693,-15.55,-12.3,-20.04
2026-06-05T23:00:00Z,MTR,-15.55,81.0,969.6,14.1,23,156,-0.25882,0.96593,0.44217,-0.89693,-15.13,-12.13,-20.28
2026-06-06T00:00:00Z,MTR,-15.13,91.7,968.7,14.94,0,157,0.0,1.0,0.42667,-0.90441,-13.33,-11.99,-20.76
2026-06-06T01:00:00Z,MTR,-13.33,87.9,964.4,16.43,1,157,0.25882,0.96593,0.42667,-0.90441,-13.45,-12.89,-20.34
2026-06-06T02:00:00Z,MTR,-13.45,94.7,964.5,17.03,2,157,0.5,0.86603,0.42667,-0.90441,-14.53,-11.2,-19.33
2026-06-06T03:00:00Z,MTR,-14.53,86.7,966.9,19.17,3,157,0.70711,0.70711,0.42667,-0.90441,-12.3,-12.54,-19.43
2026-06-06T04:00:00Z,MTR,-12.3,99.0,964.0,21.09,4,157,0.86603,0.5,0.42667,-0.90441,-12.13,-9.74,-19.95
2026-06-06T05:00:00Z,MTR,-12.13,83.7,962.9,18.99,5,157,0.96593,0.25882,0.42667,-0.90441,-11.99,-11.55,-20.11
2026-06-06T06:00:00Z,MTR,-11.99,76.6,963.6,18.43,6,157,1.0,0.0,0.42667,-0.90441,-12.89,-13.32,-20.93
2026-06-06T07:00:00Z,MTR,-12.89,86.9,966.0,21.74,7,157,0.96593,-0.25882,0.42667,-0.90441,-11.2,-13.48,-15.4
2026-06-06T08:00:00Z,MTR,-11.2,89.1,965.2,24.57,8,157,0.86603,-0.5,0.42667,-0.90441,-12.54,-13.36,-12.86
2026-06-06T09:00:00Z,MTR,-12.54,93.8,964.2,17.03,9,157,0.70711,-0.70711,0.42667,-0.90441,-9.74,-13.96,-11.94
2026-06-06T10:00:00Z,MTR,-9.74,99.0,960.9,21.06,10,157,0.5,-0.86603,0.42667,-0.90441,-11.55,-13.53,-11.51
2026-06-06T11:00:00Z,MTR,-11.55,81.0,961.6,17.92,11,157,0.25882,-0.96593,0.42667,-0.90441,-13.32,-13.77,-13.09
2026-06-06T12:00:00Z,MTR,-13.32,83.4,965.9,17.23,12,157,0.0,-1.0,0.42667,-0.90441,-13.48,-13.75,-12.74
2026-06-06T13:00:00Z,MTR,-13.48,83.3,966.8,14.57,13,157,-0.25882,-0.96593,0.42667,-0.90441,-13.36,-14.61,-11.08
2026-06-06T14:00:00Z,MTR,-13.36,76.4,967.2,14.68,14,157,-0.5,-0.86603,0.42667,-0.90441,-13.96,-14.75,-11.26
2026-06-06T15:00:00Z,MTR,-13.96,80.6,968.3,15.3,15,157,-0.70711,-0.70711,0.42667,-0.90441,-13.53,-13.28,-12.68
2026-06-06T16:00:00Z,MTR,-13.53,86.7,968.8,16.81,16,157,-0.86603,-0.5,0.42667,-0.90441,-13.77,-20.04,-14.5
2026-06-06T17:00:00Z,MTR,-13.77,88.4,967.9,18.12,17,157,-0.96593,-0.25882,0.42667,-0.90441,-13.75,-20.28,-15.0
2026-06-06T18:00:00Z,MTR,-13.75,82.8,970.0,19.88,18,157,-1.0,-0.0,0.42667,-0.90441,-14.61,-20.76,-15.07
2026-06-06T19:00:00Z,MTR,-14.61,87.2,971.1,15.86,19,157,-0.96593,0.25882,0.42667,-0.90441,-14.75,-20.34,-16.06
2026-06-06T20:00:00Z,MTR,-14.75,79.7,971.7,15.68,20,157,-0.86603,0.5,0.42667,-0.90441,-13.28,-19.33,-21.18
2026-06-06T21:00:00Z,MTR,-13.28,87.0,970.6,20.93,21,157,-0.70711,0.70711,0.42667,-0.90441,-20.04,-19.43,-22.14
2026-06-06T22:00:00Z,MTR,-20.04,71.6,973.7,15.11,22,157,-0.5,0.86603,0.42667,-0.90441,-20.28,-19.95,-20.62
2026-06-06T23:00:00Z,MTR,-20.28,69.8,975.6,14.12,23,157,-0.25882,0.96593,0.42667,-0.90441,-20.76,-20.11,-21.65
2026-06-07T00:00:00Z,MTR,-20.76,84.5,975.2,14.26,0,158,0.0,1.0,0.41105,-0.91161,-20.34,-20.93,-22.59
2026-06-07T01:00:00Z,MTR,-20.34,68.5,977.6,11.81,1,158,0.25882,0.96593,0.41105,-0.91161,-19.33,-15.4,-22.58
2026-06-07T02:00:00Z,MTR,-19.33,76.9,977.3,13.77,2,158,0.5,0.86603,0.41105,-0.91161,-19.43,-12.86,-22.59
2026-06-07T03:00:00Z,MTR,-19.43,70.1,976.5,14.16,3,158,0.70711,0.70711,0.41105,-0.91161,-19.95,-11.94,-23.82
2026-06-07T04:00:00Z,MTR,-19.95,75.8,975.8,15.42,4,158,0.86603,0.5,0.41105,-0.91161,-20.11,-11.51,-22.76
2026-06-07T05:00:00Z,MTR,-20.11,76.5,973.4,18.45,5,158,0.96593,0.25882,0.41105,-0.91161,-20.93,-13.09,-22.71
2026-06-07T06:00:00Z,MTR,-20.93,78.8,975.1,17.66,6,158,1.0,0.0,0.41105,-0.91161,-15.4,-12.74,-19.55
2026-06-07T07:00:00Z,MTR,-15.4,79.7,972.6,12.46,7,158,0.96593,-0.25882,0.41105,-0.91161,-12.86,-11.08,-20.98
2026-06-07T08:00:00Z,MTR,-12.86,76.2,971.3,19.11,8,158,0.86603,-0.5,0.41105,-0.91161,-11.94,-11.26,-15.94
2026-06-07T09:00:00Z,MTR,-11.94,85.3,968.5,16.79,9,158,0.70711,-0.70711,0.41105,-0.91161,-11.51,-12.68,-16.58
2026-06-07T10:00:00Z,MTR,-11.51,75.0,969.4,17.22,10,158,0.5,-0.86603,0.41105,-0.91161,-13.09,-14.5,-17.79
2026-06-07T11:00:00Z,MTR,-13.09,87.8,970.2,14.51,11,158,0.25882,-0.96593,0.41105,-0.91161,-12.74,-15.0,-17.49
2026-06-07T12:00:00Z,MTR,-12.74,80.4,970.6,14.18,12,158,0.0,-1.0,0.41105,-0.91161,-11.08,-15.07,-19.62
2026-06-07T13:00:00Z,MTR,-11.08,65.6,969.7,18.12,13,158,-0.25882,-0.96593,0.41105,-0.91161,-11.26,-16.06,-23.48
2026-06-07T14:00:00Z,MTR,-11.26,75.0,968.6,17.38,14,158,-0.5,-0.86603,0.41105,-0.91161,-12.68,-21.18,-18.56
2026-06-07T15:00:00Z,MTR,-12.68,83.7,970.5,19.34,15,158,-0.70711,-0.70711,0.41105,-0.91161,-14.5,-22.14,-22.98
2026-06-07T16:00:00Z,MTR,-14.5,84.6,970.4,17.29,16,158,-0.86603,-0.5,0.41105,-0.91161,-15.0,-20.62,-22.79
2026-06-07T17:00:00Z,MTR,-15.0,76.2,971.9,16.94,17,158,-0.96593,-0.25882,0.41105,-0.91161,-15.07,-21.65,-21.76
2026-06-07T18:00:00Z,MTR,-15.07,80.0,971.1,17.65,18,158,-1.0,-0.0,0.41105,-0.91161,-16.06,-22.59,-23.01
2026-06-07T19:00:00Z,MTR,-16.06,80.7,972.3,14.58,19,158,-0.96593,0.25882,0.41105,-0.91161,-21.18,-22.58,-22.9
2026-06-07T20:00:00Z,MTR,-21.18,79.3,975.4,10.36,20,158,-0.86603,0.5,0.41105,-0.91161,-22.14,-22.59,-22.16
2026-06-07T21:00:00Z,MTR,-22.14,76.4,977.0,13.07,21,158,-0.70711,0.70711,0.41105,-0.91161,-20.62,-23.82,-23.82
2026-06-07T22:00:00Z,MTR,-20.62,70.3,976.8,16.05,22,158,-0.5,0.86603,0.41105,-0.91161,-21.65,-22.76,-22.66
2026-06-07T23:00:00Z,MTR,-21.65,78.8,977.7,15.68,23,158,-0.25882,0.96593,0.41105,-0.91161,-22.59,-22.71,-21.91
2026-06-08T00:00:00Z,MTR,-22.59,58.8,977.7,7.93,0,159,0.0,1.0,0.39531,-0.91855,-22.58,-19.55,-23.31
2026-06-08T01:00:00Z,MTR,-22.58,70.1,978.1,15.27,1,159,0.25882,0.96593,0.39531,-0.91855,-22.59,-20.98,-22.05
2026-06-08T02:00:00Z,MTR,-22.59,73.9,977.9,12.42,2,159,0.5,0.86603,0.39531,-0.91855,-23.82,-15.94,-22.4
2026-06-08T03:00:00Z,MTR,-23.82,64.4,978.0,11.45,3,159,0.70711,0.70711,0.39531,-0.91855,-22.76,-16.58,-23.13
2026-06-08T04:00:00Z,MTR,-22.76,71.5,978.8,16.72,4,159,0.86603,0.5,0.39531,-0.91855,-22.71,-17.79,-23.27
2026-06-08T05:00:00Z,MTR,-22.71,74.7,977.4,14.41,5,159,0.96593,0.25882,0.39531,-0.91855,-19.55,-17.49,-22.53
2026-06-08T06:00:00Z,MTR,-19.55,71.5,976.0,21.24,6,159,1.0,0.0,0.39531,-0.91855,-20.98,-19.62,-21.48
2026-06-08T07:00:00Z,MTR,-20.98,76.5,974.0,15.2,7,159,0.96593,-0.25882,0.39531,-0.91855,-15.94,-23.48,-20.29
2026-06-08T08:00:00Z,MTR,-15.94,72.0,971.8,16.39,8,159,0.86603,-0.5,0.39531,-0.91855,-16.58,-18.56,-21.68
2026-06-08T09:00:00Z,MTR,-16.58,84.2,970.3,14.91,9,159,0.70711,-0.70711,0.39531,-0.91855,-17.79,-22.98,-23.12
2026-06-08T10:00:00Z,MTR,-17.79,81.0,971.5,16.05,10,159,0.5,-0.86603,0.39531,-0.91855,-17.49,-22.79,-23.47
2026-06-08T11:00:00Z,MTR,-17.49,83.0,970.7,16.76,11,159,0.25882,-0.96593,0.39531,-0.91855,-19.62,-21.76,-24.16
2026-06-08T12:00:00Z,MTR,-19.62,75.1,972.6,10.18,12,159,0.0,-1.0,0.39531,-0.91855,-23.48,-23.01,-22.28
2026-06-08T13:00:00Z,MTR,-23.48,67.9,973.5,15.56,13,159,-0.25882,-0.96593,0.39531,-0.91855,-18.56,-22.9,-22.15
2026-06-08T14:00:00Z,MTR,-18.56,78.1,970.8,15.17,14,159,-0.5,-0.86603,0.39531,-0.91855,-22.98,-22.16,-22.4
2026-06-08T15:00:00Z,MTR,-22.98,84.9,973.0,14.25,15,159,-0.70711,-0.70711,0.39531,-0.91855,-22.79,-23.82,-22.88
2026-06-08T16:00:00Z,MTR,-22.79,78.5,975.4,12.92,16,159,-0.86603,-0.5,0.39531,-0.91855,-21.76,-22.66,-22.78
2026-06-08T17:00:00Z,MTR,-21.76,84.7,974.5,18.32,17,159,-0.96593,-0.25882,0.39531,-0.91855,-23.01,-21.91,-24.42
2026-06-08T18:00:00Z,MTR,-23.01,73.9,976.3,16.48,18,159,-1.0,-0.0,0.39531,-0.91855,-22.9,-23.31,-23.7
2026-06-08T19:00:00Z,MTR,-22.9,70.3,975.7,14.82,19,159,-0.96593,0.25882,0.39531,-0.91855,-22.16,-22.05,-22.65
2026-06-08T20:00:00Z,MTR,-22.16,76.0,976.9,16.78,20,159,-0.86603,0.5,0.39531,-0.91855,-23.82,-22.4,-23.99
2026-06-08T21:00:00Z,MTR,-23.82,73.2,975.7,16.14,21,159,-0.70711,0.70711,0.39531,-0.91855,-22.66,-23.13,-23.54
2026-06-08T22:00:00Z,MTR,-22.66,73.7,973.6,16.79,22,159,-0.5,0.86603,0.39531,-0.91855,-21.91,-23.27,-23.21
2026-06-08T23:00:00Z,MTR,-21.91,67.3,974.2,17.28,23,159,-0.25882,0.96593,0.39531,-0.91855,-23.31,-22.53,-22.84
2026-06-09T00:00:00Z,MTR,-23.31,75.3,975.3,13.16,0,160,0.0,1.0,0.37945,-0.92521,-22.05,-21.48,-22.66
2026-06-09T01:00:00Z,MTR,-22.05,79.0,975.9,17.3,1,160,0.25882,0.96593,0.37945,-0.92521,-22.4,-20.29,-23.53
2026-06-09T02:00:00Z,MTR,-22.4,69.3,975.1,17.4,2,160,0.5,0.86603,0.37945,-0.92521,-23.13,-21.68,-23.65
2026-06-09T03:00:00Z,MTR,-23.13,81.6,975.8,16.6,3,160,0.70711,0.70711,0.37945,-0.92521,-23.27,-23.12,-23.01
2026-06-09T04:00:00Z,MTR,-23.27,72.0,977.7,11.57,4,160,0.86603,0.5,0.37945,-0.92521,-22.53,-23.47,-24.33
2026-06-09T05:00:00Z,MTR,-22.53,71.1,979.0,15.1,5,160,0.96593,0.25882,0.37945,-0.92521,-21.48,-24.16,-24.21
2026-06-09T06:00:00Z,MTR,-21.48,62.7,980.7,14.94,6,160,1.0,0.0,0.37945,-0.92521,-20.29,-22.28,-23.76
2026-06-09T07:00:00Z,MTR,-20.29,71.3,980.7,14.73,7,160,0.96593,-0.25882,0.37945,-0.92521,-21.68,-22.15,-24.04
2026-06-09T08:00:00Z,MTR,-21.68,58.9,984.1,12.6,8,160,0.86603,-0.5,0.37945,-0.92521,-23.12,-22.4,-23.67
2026-06-09T09:00:00Z,MTR,-23.12,61.2,983.2,13.88,9,160,0.70711,-0.70711,0.37945,-0.92521,-23.47,-22.88,-23.65
2026-06-09T10:00:00Z,MTR,-23.47,55.2,985.2,12.73,10,160,0.5,-0.86603,0.37945,-0.92521,-24.16,-22.78,-23.82
2026-06-09T11:00:00Z,MTR,-24.16,71.8,988.5,5.91,11,160,0.25882,-0.96593,0.37945,-0.92521,-22.28,-24.42,-24.14
2026-06-09T12:00:00Z,MTR,-22.28,57.6,990.3,10.46,12,160,0.0,-1.0,0.37945,-0.92521,-22.15,-23.7,-23.17
2026-06-09T13:00:00Z,MTR,-22.15,52.9,990.7,5.55,13,160,-0.25882,-0.96593,0.37945,-0.92521,-22.4,-22.65,-23.3
2026-06-09T14:00:00Z,MTR,-22.4,56.8,990.5,8.59,14,160,-0.5,-0.86603,0.37945,-0.92521,-22.88,-23.99,-23.97
2026-06-09T15:00:00Z,MTR,-22.88,51.6,993.2,7.47,15,160,-0.70711,-0.70711,0.37945,-0.92521,-22.78,-23.54,-24.91
2026-06-09T16:00:00Z,MTR,-22.78,55.6,991.2,9.02,16,160,-0.86603,-0.5,0.37945,-0.92521,-24.42,-23.21,-25.98
2026-06-09T17:00:00Z,MTR,-24.42,60.7,990.1,13.34,17,160,-0.96593,-0.25882,0.37945,-0.92521,-23.7,-22.84,-26.94
2026-06-09T18:00:00Z,MTR,-23.7,56.4,990.1,11.55,18,160,-1.0,-0.0,0.37945,-0.92521,-22.65,-22.66,-26.24
2026-06-09T19:00:00Z,MTR,-22.65,56.2,992.9,11.61,19,160,-0.96593,0.25882,0.37945,-0.92521,-23.99,-23.53,-26.19
2026-06-09T20:00:00Z,MTR,-23.99,65.9,994.0,10.79,20,160,-0.86603,0.5,0.37945,-0.92521,-23.54,-23.65,-27.04
2026-06-09T21:00:00Z,MTR,-23.54,45.0,992.6,5.63,21,160,-0.70711,0.70711,0.37945,-0.92521,-23.21,-23.01,-22.81
2026-06-09T22:00:00Z,MTR,-23.21,49.3,992.3,7.71,22,160,-0.5,0.86603,0.37945,-0.92521,-22.84,-24.33,-22.62
2026-06-09T23:00:00Z,MTR,-22.84,59.0,991.4,9.77,23,160,-0.25882,0.96593,0.37945,-0.92521,-22.66,-24.21,-21.17
2026-06-10T00:00:00Z,MTR,-22.66,64.3,990.3,9.05,0,161,0.0,1.0,0.36348,-0.9316,-23.53,-23.76,-19.27
2026-06-10T01:00:00Z,MTR,-23.53,69.1,992.2,4.49,1,161,0.25882,0.96593,0.36348,-0.9316,-23.65,-24.04,-17.1
2026-06-10T02:00:00Z,MTR,-23.65,60.9,989.7,11.75,2,161,0.5,0.86603,0.36348,-0.9316,-23.01,-23.67,-19.18
2026-06-10T03:00:00Z,MTR,-23.01,49.5,992.6,10.69,3,161,0.70711,0.70711,0.36348,-0.9316,-24.33,-23.65,-17.04
2026-06-10T04:00:00Z,MTR,-24.33,61.0,993.8,7.67,4,161,0.86603,0.5,0.36348,-0.9316,-24.21,-23.82,-17.74
2026-06-10T05:00:00Z,MTR,-24.21,53.4,995.3,10.25,5,161,0.96593,0.25882,0.36348,-0.9316,-23.76,-24.14,-15.3
2026-06-10T06:00:00Z,MTR,-23.76,54.4,993.9,9.58,6,161,1.0,0.0,0.36348,-0.9316,-24.04,-23.17,-15.08
2026-06-10T07:00:00Z,MTR,-24.04,45.7,993.0,11.2,7,161,0.96593,-0.25882,0.36348,-0.9316,-23.67,-23.3,-12.69
2026-06-10T08:00:00Z,MTR,-23.67,63.3,989.7,7.36,8,161,0.86603,-0.5,0.36348,-0.9316,-23.65,-23.97,-14.71
2026-06-10T09:00:00Z,MTR,-23.65,55.3,988.1,10.23,9,161,0.70711,-0.70711,0.36348,-0.9316,-23.82,-24.91,-13.73
2026-06-10T10:00:00Z,MTR,-23.82,63.2,988.4,12.49,10,161,0.5,-0.86603,0.36348,-0.9316,-24.14,-25.98,-15.07
2026-06-10T11:00:00Z,MTR,-24.14,58.4,989.9,9.85,11,161,0.25882,-0.96593,0.36348,-0.9316,-23.17,-26.94,-16.24
2026-06-10T12:00:00Z,MTR,-23.17,62.2,987.0,10.43,12,161,0.0,-1.0,0.36348,-0.9316,-23.3,-26.24,-15.25
2026-06-10T13:00:00Z,MTR,-23.3,62.8,985.4,9.8,13,161,-0.25882,-0.96593,0.36348,-0.9316,-23.97,-26.19,-14.51
2026-06-10T14:00:00Z,MTR,-23.97,60.8,984.2,12.64,14,161,-0.5,-0.86603,0.36348,-0.9316,-24.91,-27.04,-12.76
2026-06-10T15:00:00Z,MTR,-24.91,63.9,980.8,13.06,15,161,-0.70711,-0.70711,0.36348,-0.9316,-25.98,-22.81,-12.95
2026-06-10T16:00:00Z,MTR,-25.98,72.4,981.0,12.02,16,161,-0.86603,-0.5,0.36348,-0.9316,-26.94,-22.62,-13.87
2026-06-10T17:00:00Z,MTR,-26.94,70.5,978.8,14.46,17,161,-0.96593,-0.25882,0.36348,-0.9316,-26.24,-21.17,-11.29
2026-06-10T18:00:00Z,MTR,-26.24,69.7,977.5,18.4,18,161,-1.0,-0.0,0.36348,-0.9316,-26.19,-19.27,-10.76
2026-06-10T19:00:00Z,MTR,-26.19,72.1,975.8,18.21,19,161,-0.96593,0.25882,0.36348,-0.9316,-27.04,-17.1,-10.57
2026-06-10T20:00:00Z,MTR,-27.04,79.2,973.5,14.37,20,161,-0.86603,0.5,0.36348,-0.9316,-22.81,-19.18,-10.51
2026-06-10T21:00:00Z,MTR,-22.81,73.5,972.7,15.23,21,161,-0.70711,0.70711,0.36348,-0.9316,-22.62,-17.04,-10.54
2026-06-10T22:00:00Z,MTR,-22.62,85.6,971.5,13.89,22,161,-0.5,0.86603,0.36348,-0.9316,-21.17,-17.74,-10.84
2026-06-10T23:00:00Z,MTR,-21.17,78.8,970.1,15.73,23,161,-0.25882,0.96593,0.36348,-0.9316,-19.27,-15.3,-12.13
2026-06-11T00:00:00Z,MTR,-19.27,80.3,968.1,17.13,0,162,0.0,1.0,0.3474,-0.93772,-17.1,-15.08,-13.53
2026-06-11T01:00:00Z,MTR,-17.1,86.1,968.0,20.12,1,162,0.25882,0.96593,0.3474,-0.93772,-19.18,-12.69,-12.74
2026-06-11T02:00:00Z,MTR,-19.18,77.2,970.4,13.27,2,162,0.5,0.86603,0.3474,-0.93772,-17.04,-14.71,-13.21
2026-06-11T03:00:00Z,MTR,-17.04,82.6,969.9,18.73,3,162,0.70711,0.70711,0.3474,-0.93772,-17.74,-13.73,-12.61
2026-06-11T04:00:00Z,MTR,-17.74,78.9,971.0,17.19,4,162,0.86603,0.5,0.3474,-0.93772,-15.3,-15.07,-9.79
2026-06-11T05:00:00Z,MTR,-15.3,73.9,967.7,17.9,5,162,0.96593,0.25882,0.3474,-0.93772,-15.08,-16.24,-11.43
2026-06-11T06:00:00Z,MTR,-15.08,77.3,967.5,16.97,6,162,1.0,0.0,0.3474,-0.93772,-12.69,-15.25,-13.59
2026-06-11T07:00:00Z,MTR,-12.69,88.4,965.0,23.11,7,162,0.96593,-0.25882,0.3474,-0.93772,-14.71,-14.51,-16.31
2026-06-11T08:00:00Z,MTR,-14.71,85.8,962.0,16.94,8,162,0.86603,-0.5,0.3474,-0.93772,-13.73,-12.76,-21.3
2026-06-11T09:00:00Z,MTR,-13.73,99.0,960.5,19.15,9,162,0.70711,-0.70711,0.3474,-0.93772,-15.07,-12.95,-20.36
2026-06-11T10:00:00Z,MTR,-15.07,84.2,962.7,19.43,10,162,0.5,-0.86603,0.3474,-0.93772,-16.24,-13.87,-21.38
2026-06-11T11:00:00Z,MTR,-16.24,79.6,964.3,18.2,11,162,0.25882,-0.96593,0.3474,-0.93772,-15.25,-11.29,-22.6
2026-06-11T12:00:00Z,MTR,-15.25,86.1,964.7,18.76,12,162,0.0,-1.0,0.3474,-0.93772,-14.51,-10.76,-22.56
2026-06-11T13:00:00Z,MTR,-14.51,89.2,961.9,16.33,13,162,-0.25882,-0.96593,0.3474,-0.93772,-12.76,-10.57,-21.64
2026-06-11T14:00:00Z,MTR,-12.76,93.7,961.8,20.24,14,162,-0.5,-0.86603,0.3474,-0.93772,-12.95,-10.51,-22.38
2026-06-11T15:00:00Z,MTR,-12.95,75.7,962.6,19.31,15,162,-0.70711,-0.70711,0.3474,-0.93772,-13.87,-10.54,-23.25
2026-06-11T16:00:00Z,MTR,-13.87,95.2,963.3,19.86,16,162,-0.86603,-0.5,0.3474,-0.93772,-11.29,-10.84,-22.11
2026-06-11T17:00:00Z,MTR,-11.29,84.2,960.3,20.18,17,162,-0.96593,-0.25882,0.3474,-0.93772,-10.76,-12.13,-22.38
2026-06-11T18:00:00Z,MTR,-10.76,97.7,959.4,21.87,18,162,-1.0,-0.0,0.3474,-0.93772,-10.57,-13.53,-21.87
2026-06-11T19:00:00Z,MTR,-10.57,99.0,960.0,20.93,19,162,-0.96593,0.25882,0.3474,-0.93772,-10.51,-12.74,-21.11
2026-06-11T20:00:00Z,MTR,-10.51,92.8,961.8,19.56,20,162,-0.86603,0.5,0.3474,-0.93772,-10.54,-13.21,-20.87
2026-06-11T21:00:00Z,MTR,-10.54,86.5,958.6,19.71,21,162,-0.70711,0.70711,0.3474,-0.93772,-10.84,-12.61,-21.07
2026-06-11T22:00:00Z,MTR,-10.84,90.8,959.4,20.52,22,162,-0.5,0.86603,0.3474,-0.93772,-12.13,-9.79,-21.98
2026-06-11T23:00:00Z,MTR,-12.13,92.7,960.8,15.82,23,162,-0.25882,0.96593,0.3474,-0.93772,-13.53,-11.43,-22.51
2026-06-12T00:00:00Z,MTR,-13.53,86.6,963.4,16.3,0,163,0.0,1.0,0.33122,-0.94355,-12.74,-13.59,-22.5
2026-06-12T01:00:00Z,MTR,-12.74,78.6,965.8,15.28,1,163,0.25882,0.96593,0.33122,-0.94355,-13.21,-16.31,-21.68
2026-06-12T02:00:00Z,MTR,-13.21,82.7,967.8,16.72,2,163,0.5,0.86603,0.33122,-0.94355,-12.61,-21.3,-22.2
2026-06-12T03:00:00Z,MTR,-12.61,80.3,967.4,17.62,3,163,0.70711,0.70711,0.33122,-0.94355,-9.79,-20.36,-22.77
2026-06-12T04:00:00Z,MTR,-9.79,89.2,965.1,20.9,4,163,0.86603,0.5,0.33122,-0.94355,-11.43,-21.38,-22.5
2026-06-12T05:00:00Z,MTR,-11.43,80.2,965.7,20.65,5,163,0.96593,0.25882,0.33122,-0.94355,-13.59,-22.6,-23.18
2026-06-12T06:00:00Z,MTR,-13.59,72.3,968.8,18.99,6,163,1.0,0.0,0.33122,-0.94355,-16.31,-22.56,-22.92
2026-06-12T07:00:00Z,MTR,-16.31,72.6,972.5,17.39,7,163,0.96593,-0.25882,0.33122,-0.94355,-21.3,-21.64,-23.64
2026-06-12T08:00:00Z,MTR,-21.3,66.3,974.9,15.53,8,163,0.86603,-0.5,0.33122,-0.94355,-20.36,-22.38,-23.49
2026-06-12T09:00:00Z,MTR,-20.36,69.5,976.6,14.35,9,163,0.70711,-0.70711,0.33122,-0.94355,-21.38,-23.25,-23.78
2026-06-12T10:00:00Z,MTR,-21.38,73.1,978.3,10.0,10,163,0.5,-0.86603,0.33122,-0.94355,-22.6,-22.11,-23.73
2026-06-12T11:00:00Z,MTR,-22.6,69.1,978.2,14.15,11,163,0.25882,-0.96593,0.33122,-0.94355,-22.56,-22.38,-23.16
2026-06-12T12:00:00Z,MTR,-22.56,69.6,978.9,12.07,12,163,0.0,-1.0,0.33122,-0.94355,-21.64,-21.87,-23.3
2026-06-12T13:00:00Z,MTR,-21.64,61.2,982.8,13.54,13,163,-0.25882,-0.96593,0.33122,-0.94355,-22.38,-21.11,-23.05
2026-06-12T14:00:00Z,MTR,-22.38,66.6,981.8,11.19,14,163,-0.5,-0.86603,0.33122,-0.94355,-23.25,-20.87,-23.65
2026-06-12T15:00:00Z,MTR,-23.25,59.0,985.5,14.31,15,163,-0.70711,-0.70711,0.33122,-0.94355,-22.11,-21.07,-24.1
2026-06-12T16:00:00Z,MTR,-22.11,57.1,985.6,11.95,16,163,-0.86603,-0.5,0.33122,-0.94355,-22.38,-21.98,-24.82
2026-06-12T17:00:00Z,MTR,-22.38,58.4,988.6,10.54,17,163,-0.96593,-0.25882,0.33122,-0.94355,-21.87,-22.51,-24.95
2026-06-12T18:00:00Z,MTR,-21.87,59.8,986.5,15.59,18,163,-1.0,-0.0,0.33122,-0.94355,-21.11,-22.5,-24.69
2026-06-12T19:00:00Z,MTR,-21.11,46.6,988.1,12.57,19,163,-0.96593,0.25882,0.33122,-0.94355,-20.87,-21.68,-24.38
2026-06-12T20:00:00Z,MTR,-20.87,61.9,987.3,15.12,20,163,-0.86603,0.5,0.33122,-0.94355,-21.07,-22.2,-23.1
2026-06-12T21:00:00Z,MTR,-21.07,58.6,985.2,12.25,21,163,-0.70711,0.70711,0.33122,-0.94355,-21.98,-22.77,-22.82
2026-06-12T22:00:00Z,MTR,-21.98,57.4,986.1,12.48,22,163,-0.5,0.86603,0.33122,-0.94355,-22.51,-22.5,-23.23
2026-06-12T23:00:00Z,MTR,-22.51,66.9,988.5,11.31,23,163,-0.25882,0.96593,0.33122,-0.94355,-22.5,-23.18,-21.55
2026-06-13T00:00:00Z,MTR,-22.5,64.4,987.3,8.17,0,164,0.0,1.0,0.31494,-0.94911,-21.68,-22.92,-22.46
2026-06-13T01:00:00Z,MTR,-21.68,65.2,985.0,11.11,1,164,0.25882,0.96593,0.31494,-0.94911,-22.2,-23.64,-22.43
2026-06-13T02:00:00Z,MTR,-22.2,63.5,985.3,11.46,2,164,0.5,0.86603,0.31494,-0.94911,-22.77,-23.49,-21.72
2026-06-13T03:00:00Z,MTR,-22.77,66.5,985.6,13.45,3,164,0.70711,0.70711,0.31494,-0.94911,-22.5,-23.78,-21.47
2026-06-13T04:00:00Z,MTR,-22.5,59.0,986.9,9.76,4,164,0.86603,0.5,0.31494,-0.94911,-23.18,-23.73,-23.21
2026-06-13T05:00:00Z,MTR,-23.18,60.3,988.9,12.78,5,164,0.96593,0.25882,0.31494,-0.94911,-22.92,-23.16,-22.78
2026-06-13T06:00:00Z,MTR,-22.92,58.1,989.0,13.52,6,164,1.0,0.0,0.31494,-0.94911,-23.64,-23.3,-23.29
2026-06-13T07:00:00Z,MTR,-23.64,55.8,992.4,9.04,7,164,0.96593,-0.25882,0.31494,-0.94911,-23.49,-23.05,-23.93
2026-06-13T08:00:00Z,MTR,-23.49,56.1,992.8,8.18,8,164,0.86603,-0.5,0.31494,-0.94911,-23.78,-23.65,-25.23
2026-06-13T09:00:00Z,MTR,-23.78,56.0,992.0,6.31,9,164,0.70711,-0.70711,0.31494,-0.94911,-23.73,-24.1,-25.06
2026-06-13T10:00:00Z,MTR,-23.73,58.3,989.0,14.06,10,164,0.5,-0.86603,0.31494,-0.94911,-23.16,-24.82,-25.37
2026-06-13T11:00:00Z,MTR,-23.16,62.2,988.6,7.74,11,164,0.25882,-0.96593,0.31494,-0.94911,-23.3,-24.95,-25.06
2026-06-13T12:00:00Z,MTR,-23.3,59.3,988.1,11.32,12,164,0.0,-1.0,0.31494,-0.94911,-23.05,-24.69,-25.68
2026-06-13T13:00:00Z,MTR,-23.05,56.5,989.8,8.38,13,164,-0.25882,-0.96593,0.31494,-0.94911,-23.65,-24.38,-22.93
2026-06-13T14:00:00Z,MTR,-23.65,48.7,990.6,11.57,14,164,-0.5,-0.86603,0.31494,-0.94911,-24.1,-23.1,-23.33
2026-06-13T15:00:00Z,MTR,-24.1,55.9,988.4,11.99,15,164,-0.70711,-0.70711,0.31494,-0.94911,-24.82,-22.82,-22.52
2026-06-13T16:00:00Z,MTR,-24.82,65.2,988.8,15.47,16,164,-0.86603,-0.5,0.31494,-0.94911,-24.95,-23.23,-21.78
2026-06-13T17:00:00Z,MTR,-24.95,63.1,990.0,14.1,17,164,-0.96593,-0.25882,0.31494,-0.94911,-24.69,-21.55,-21.21
2026-06-13T18:00:00Z,MTR,-24.69,55.4,992.7,10.85,18,164,-1.0,-0.0,0.31494,-0.94911,-24.38,-22.46,-22.05
2026-06-13T19:00:00Z,MTR,-24.38,51.2,994.2,10.45,19,164,-0.96593,0.25882,0.31494,-0.94911,-23.1,-22.43,-20.76
2026-06-13T20:00:00Z,MTR,-23.1,53.6,995.3,10.45,20,164,-0.86603,0.5,0.31494,-0.94911,-22.82,-21.72,-20.77
2026-06-13T21:00:00Z,MTR,-22.82,42.0,995.2,13.95,21,164,-0.70711,0.70711,0.31494,-0.94911,-23.23,-21.47,-20.69
2026-06-13T22:00:00Z,MTR,-23.23,52.4,995.6,7.84,22,164,-0.5,0.86603,0.31494,-0.94911,-21.55,-23.21,-20.98
2026-06-13T23:00:00Z,MTR,-21.55,42.2,997.7,3.6,23,164,-0.25882,0.96593,0.31494,-0.94911,-22.46,-22.78,-21.18
2026-06-14T00:00:00Z,MTR,-22.46,51.6,995.0,6.66,0,165,0.0,1.0,0.29857,-0.95439,-22.43,-23.29,-21.49
2026-06-14T01:00:00Z,MTR,-22.43,53.7,994.2,6.05,1,165,0.25882,0.96593,0.29857,-0.95439,-21.72,-23.93,-22.83
2026-06-14T02:00:00Z,MTR,-21.72,53.2,992.8,9.08,2,165,0.5,0.86603,0.29857,-0.95439,-21.47,-25.23,-22.75
2026-06-14T03:00:00Z,MTR,-21.47,58.7,993.5,11.44,3,165,0.70711,0.70711,0.29857,-0.95439,-23.21,-25.06,-22.26
2026-06-14T04:00:00Z,MTR,-23.21,49.1,995.8,9.95,4,165,0.86603,0.5,0.29857,-0.95439,-22.78,-25.37,-22.83
2026-06-14T05:00:00Z,MTR,-22.78,49.2,994.7,8.48,5,165,0.96593,0.25882,0.29857,-0.95439,-23.29,-25.06,-23.02
2026-06-14T06:00:00Z,MTR,-23.29,60.9,990.4,10.79,6,165,1.0,0.0,0.29857,-0.95439,-23.93,-25.68,-24.39
2026-06-14T07:00:00Z,MTR,-23.93,56.0,990.0,9.09,7,165,0.96593,-0.25882,0.29857,-0.95439,-25.23,-22.93,-23.57
2026-06-14T08:00:00Z,MTR,-25.23,63.6,992.0,12.75,8,165,0.86603,-0.5,0.29857,-0.95439,-25.06,-23.33,-22.46
2026-06-14T09:00:00Z,MTR,-25.06,55.1,993.2,10.87,9,165,0.70711,-0.70711,0.29857,-0.95439,-25.37,-22.52,-22.43
2026-06-14T10:00:00Z,MTR,-25.37,55.3,994.3,5.98,10,165,0.5,-0.86603,0.29857,-0.95439,-25.06,-21.78,-22.3
2026-06-14T11:00:00Z,MTR,-25.06,59.4,994.0,12.44,11,165,0.25882,-0.96593,0.29857,-0.95439,-25.68,-21.21,-22.21
2026-06-14T12:00:00Z,MTR,-25.68,54.7,992.0,6.73,12,165,0.0,-1.0,0.29857,-0.95439,-22.93,-22.05,-21.8
2026-06-14T13:00:00Z,MTR,-22.93,46.5,993.3,8.22,13,165,-0.25882,-0.96593,0.29857,-0.95439,-23.33,-20.76,-21.78
2026-06-14T14:00:00Z,MTR,-23.33,58.4,992.2,8.18,14,165,-0.5,-0.86603,0.29857,-0.95439,-22.52,-20.77,-21.18
2026-06-14T15:00:00Z,MTR,-22.52,57.1,996.5,8.97,15,165,-0.70711,-0.70711,0.29857,-0.95439,-21.78,-20.69,-20.87
2026-06-14T16:00:00Z,MTR,-21.78,48.4,997.8,8.46,16,165,-0.86603,-0.5,0.29857,-0.95439,-21.21,-20.98,-20.52
2026-06-14T17:00:00Z,MTR,-21.21,54.9,996.9,6.12,17,165,-0.96593,-0.25882,0.29857,-0.95439,-22.05,-21.18,-20.48
2026-06-14T18:00:00Z,MTR,-22.05,46.7,996.0,11.68,18,165,-1.0,-0.0,0.29857,-0.95439,-20.76,-21.49,-20.19
2026-06-14T19:00:00Z,MTR,-20.76,51.9,996.1,7.53,19,165,-0.96593,0.25882,0.29857,-0.95439,-20.77,-22.83,-21.03
2026-06-14T20:00:00Z,MTR,-20.77,50.9,995.9,10.74,20,165,-0.86603,0.5,0.29857,-0.95439,-20.69,-22.75,-22.68
2026-06-14T21:00:00Z,MTR,-20.69,41.2,998.1,7.15,21,165,-0.70711,0.70711,0.29857,-0.95439,-20.98,-22.26,-22.85
2026-06-14T22:00:00Z,MTR,-20.98,50.5,998.5,6.87,22,165,-0.5,0.86603,0.29857,-0.95439,-21.18,-22.83,-21.56
2026-06-14T23:00:00Z,MTR,-21.18,45.5,997.2,7.3,23,165,-0.25882,0.96593,0.29857,-0.95439,-21.49,-23.02,-21.25
2026-06-15T00:00:00Z,MTR,-21.49,47.6,1000.7,4.55,0,166,0.0,1.0,0.28211,-0.95938,-22.83,-24.39,-21.05
2026-06-15T01:00:00Z,MTR,-22.83,41.4,1000.6,6.69,1,166,0.25882,0.96593,0.28211,-0.95938,-22.75,-23.57,-22.02
2026-06-15T02:00:00Z,MTR,-22.75,36.1,1001.8,4.24,2,166,0.5,0.86603,0.28211,-0.95938,-22.26,-22.46,-21.85
2026-06-15T03:00:00Z,MTR,-22.26,43.8,1000.3,8.93,3,166,0.70711,0.70711,0.28211,-0.95938,-22.83,-22.43,-22.85
2026-06-15T04:00:00Z,MTR,-22.83,51.1,1000.7,5.24,4,166,0.86603,0.5,0.28211,-0.95938,-23.02,-22.3,-22.97
2026-06-15T05:00:00Z,MTR,-23.02,45.1,1000.8,5.78,5,166,0.96593,0.25882,0.28211,-0.95938,-24.39,-22.21,-23.26
2026-06-15T06:00:00Z,MTR,-24.39,51.3,997.0,10.17,6,166,1.0,0.0,0.28211,-0.95938,-23.57,-21.8,-23.02
2026-06-15T07:00:00Z,MTR,-23.57,48.5,1000.2,9.91,7,166,0.96593,-0.25882,0.28211,-0.95938,-22.46,-21.78,-23.1
2026-06-15T08:00:00Z,MTR,-22.46,45.8,1001.9,7.46,8,166,0.86603,-0.5,0.28211,-0.95938,-22.43,-21.18,-22.4
2026-06-15T09:00:00Z,MTR,-22.43,56.9,1000.4,9.82,9,166,0.70711,-0.70711,0.28211,-0.95938,-22.3,-20.87,-15.6
2026-06-15T10:00:00Z,MTR,-22.3,48.8,997.6,5.37,10,166,0.5,-0.86603,0.28211,-0.95938,-22.21,-20.52,-14.77
2026-06-15T11:00:00Z,MTR,-22.21,39.1,997.5,3.9,11,166,0.25882,-0.96593,0.28211,-0.95938,-21.8,-20.48,-10.91
2026-06-15T12:00:00Z,MTR,-21.8,48.5,996.8,7.23,12,166,0.0,-1.0,0.28211,-0.95938,-21.78,-20.19,-11.33
2026-06-15T13:00:00Z,MTR,-21.78,50.8,996.6,6.79,13,166,-0.25882,-0.96593,0.28211,-0.95938,-21.18,-21.03,-13.63
2026-06-15T14:00:00Z,MTR,-21.18,45.5,995.9,9.21,14,166,-0.5,-0.86603,0.28211,-0.95938,-20.87,-22.68,-13.7
2026-06-15T15:00:00Z,MTR,-20.87,49.9,995.8,6.32,15,166,-0.70711,-0.70711,0.28211,-0.95938,-20.52,-22.85,-14.12
2026-06-15T16:00:00Z,MTR,-20.52,48.9,997.3,7.55,16,166,-0.86603,-0.5,0.28211,-0.95938,-20.48,-21.56,-13.68
2026-06-15T17:00:00Z,MTR,-20.48,60.6,997.0,12.36,17,166,-0.96593,-0.25882,0.28211,-0.95938,-20.19,-21.25,-13.52
2026-06-15T18:00:00Z,MTR,-20.19,50.8,993.7,9.68,18,166,-1.0,-0.0,0.28211,-0.95938,-21.03,-21.05,-13.65
2026-06-15T19:00:00Z,MTR,-21.03,58.6,994.9,12.44,19,166,-0.96593,0.25882,0.28211,-0.95938,-22.68,-22.02,-11.89
2026-06-15T20:00:00Z,MTR,-22.68,51.0,996.4,10.28,20,166,-0.86603,0.5,0.28211,-0.95938,-22.85,-21.85,-12.8
2026-06-15T21:00:00Z,MTR,-22.85,50.7,1000.5,6.25,21,166,-0.70711,0.70711,0.28211,-0.95938,-21.56,-22.85,-10.24
2026-06-15T22:00:00Z,MTR,-21.56,58.5,996.6,10.22,22,166,-0.5,0.86603,0.28211,-0.95938,-21.25,-22.97,-11.39
2026-06-15T23:00:00Z,MTR,-21.25,53.9,995.3,7.64,23,166,-0.25882,0.96593,0.28211,-0.95938,-21.05,-23.26,-10.8
2026-06-16T00:00:00Z,MTR,-21.05,57.3,989.8,7.94,0,167,0.0,1.0,0.26556,-0.96409,-22.02,-23.02,-11.61
2026-06-16T01:00:00Z,MTR,-22.02,64.2,989.2,8.84,1,167,0.25882,0.96593,0.26556,-0.96409,-21.85,-23.1,-12.3
2026-06-16T02:00:00Z,MTR,-21.85,54.5,986.7,11.57,2,167,0.5,0.86603,0.26556,-0.96409,-22.85,-22.4,-11.08
2026-06-16T03:00:00Z,MTR,-22.85,59.8,988.6,8.51,3,167,0.70711,0.70711,0.26556,-0.96409,-22.97,-15.6,-11.47
2026-06-16T04:00:00Z,MTR,-22.97,57.4,985.6,14.12,4,167,0.86603,0.5,0.26556,-0.96409,-23.26,-14.77,-12.38
2026-06-16T05:00:00Z,MTR,-23.26,72.4,981.1,15.07,5,167,0.96593,0.25882,0.26556,-0.96409,-23.02,-10.91,-11.72
2026-06-16T06:00:00Z,MTR,-23.02,70.7,979.0,13.87,6,167,1.0,0.0,0.26556,-0.96409,-23.1,-11.33,-14.15
2026-06-16T07:00:00Z,MTR,-23.1,74.6,974.2,13.94,7,167,0.96593,-0.25882,0.26556,-0.96409,-22.4,-13.63,-14.16
2026-06-16T08:00:00Z,MTR,-22.4,73.2,974.6,15.5,8,167,0.86603,-0.5,0.26556,-0.96409,-15.6,-13.7,-16.16
2026-06-16T09:00:00Z,MTR,-15.6,83.7,969.9,17.51,9,167,0.70711,-0.70711,0.26556,-0.96409,-14.77,-14.12,-14.75
2026-06-16T10:00:00Z,MTR,-14.77,71.9,969.2,16.82,10,167,0.5,-0.86603,0.26556,-0.96409,-10.91,-13.68,-15.76
2026-06-16T11:00:00Z,MTR,-10.91,94.9,964.8,17.43,11,167,0.25882,-0.96593,0.26556,-0.96409,-11.33,-13.52,-19.66
2026-06-16T12:00:00Z,MTR,-11.33,85.8,963.8,17.91,12,167,0.0,-1.0,0.26556,-0.96409,-13.63,-13.65,-20.78
2026-06-16T13:00:00Z,MTR,-13.63,76.3,966.4,14.29,13,167,-0.25882,-0.96593,0.26556,-0.96409,-13.7,-11.89,-21.49
2026-06-16T14:00:00Z,MTR,-13.7,70.4,966.7,17.23,14,167,-0.5,-0.86603,0.26556,-0.96409,-14.12,-12.8,-21.14
2026-06-16T15:00:00Z,MTR,-14.12,85.2,964.7,19.32,15,167,-0.70711,-0.70711,0.26556,-0.96409,-13.68,-10.24,-22.03
2026-06-16T16:00:00Z,MTR,-13.68,87.8,964.5,20.3,16,167,-0.86603,-0.5,0.26556,-0.96409,-13.52,-11.39,-21.83
2026-06-16T17:00:00Z,MTR,-13.52,88.6,964.4,21.56,17,167,-0.96593,-0.25882,0.26556,-0.96409,-13.65,-10.8,-21.6
2026-06-16T18:00:00Z,MTR,-13.65,78.4,965.1,19.21,18,167,-1.0,-0.0,0.26556,-0.96409,-11.89,-11.61,-25.73
2026-06-16T19:00:00Z,MTR,-11.89,82.3,962.7,20.43,19,167,-0.96593,0.25882,0.26556,-0.96409,-12.8,-12.3,-25.29
2026-06-16T20:00:00Z,MTR,-12.8,93.3,963.9,18.07,20,167,-0.86603,0.5,0.26556,-0.96409,-10.24,-11.08,-25.27
2026-06-16T21:00:00Z,MTR,-10.24,84.4,959.3,21.33,21,167,-0.70711,0.70711,0.26556,-0.96409,-11.39,-11.47,-26.27
2026-06-16T22:00:00Z,MTR,-11.39,92.4,958.7,18.28,22,167,-0.5,0.86603,0.26556,-0.96409,-10.8,-12.38,-26.1
2026-06-16T23:00:00Z,MTR,-10.8,90.7,958.5,20.4,23,167,-0.25882,0.96593,0.26556,-0.96409,-11.61,-11.72,-25.3
2026-06-17T00:00:00Z,MTR,-11.61,88.0,960.4,20.07,0,168,0.0,1.0,0.24894,-0.96852,-12.3,-14.15,-25.82
2026-06-17T01:00:00Z,MTR,-12.3,88.2,961.2,19.28,1,168,0.25882,0.96593,0.24894,-0.96852,-11.08,-14.16,-24.4
2026-06-17T02:00:00Z,MTR,-11.08,89.5,959.5,22.31,2,168,0.5,0.86603,0.24894,-0.96852,-11.47,-16.16,-25.38
2026-06-17T03:00:00Z,MTR,-11.47,89.3,958.8,19.81,3,168,0.70711,0.70711,0.24894,-0.96852,-12.38,-14.75,-26.94
2026-06-17T04:00:00Z,MTR,-12.38,95.2,960.3,18.37,4,168,0.86603,0.5,0.24894,-0.96852,-11.72,-15.76,-25.52
2026-06-17T05:00:00Z,MTR,-11.72,87.8,961.3,20.45,5,168,0.96593,0.25882,0.24894,-0.96852,-14.15,-19.66,-26.13
2026-06-17T06:00:00Z,MTR,-14.15,83.3,961.5,19.6,6,168,1.0,0.0,0.24894,-0.96852,-14.16,-20.78,-26.79
2026-06-17T07:00:00Z,MTR,-14.16,88.5,962.0,19.57,7,168,0.96593,-0.25882,0.24894,-0.96852,-16.16,-21.49,-27.06
2026-06-17T08:00:00Z,MTR,-16.16,79.6,964.6,14.88,8,168,0.86603,-0.5,0.24894,-0.96852,-14.75,-21.14,-27.67
2026-06-17T09:00:00Z,MTR,-14.75,80.2,965.0,18.98,9,168,0.70711,-0.70711,0.24894,-0.96852,-15.76,-22.03,-26.84
2026-06-17T10:00:00Z,MTR,-15.76,91.3,966.3,17.53,10,168,0.5,-0.86603,0.24894,-0.96852,-19.66,-21.83,-27.08
2026-06-17T11:00:00Z,MTR,-19.66,77.4,971.6,16.55,11,168,0.25882,-0.96593,0.24894,-0.96852,-20.78,-21.6,-27.85
2026-06-17T12:00:00Z,MTR,-20.78,73.0,970.3,15.51,12,168,0.0,-1.0,0.24894,-0.96852,-21.49,-25.73,-27.89
2026-06-17T13:00:00Z,MTR,-21.49,80.8,968.3,15.61,13,168,-0.25882,-0.96593,0.24894,-0.96852,-21.14,-25.29,-28.39
2026-06-17T14:00:00Z,MTR,-21.14,79.3,971.3,17.65,14,168,-0.5,-0.86603,0.24894,-0.96852,-22.03,-25.27,-28.22
2026-06-17T15:00:00Z,MTR,-22.03,77.9,971.5,18.25,15,168,-0.70711,-0.70711,0.24894,-0.96852,-21.83,-26.27,-28.75
2026-06-17T16:00:00Z,MTR,-21.83,74.9,972.4,15.75,16,168,-0.86603,-0.5,0.24894,-0.96852,-21.6,-26.1,-28.67
2026-06-17T17:00:00Z,MTR,-21.6,70.8,972.5,17.44,17,168,-0.96593,-0.25882,0.24894,-0.96852,-25.73,-25.3,-28.58
2026-06-17T18:00:00Z,MTR,-25.73,75.3,973.5,19.84,18,168,-1.0,-0.0,0.24894,-0.96852,-25.29,-25.82,-26.97
2026-06-17T19:00:00Z,MTR,-25.29,67.9,977.9,15.9,19,168,-0.96593,0.25882,0.24894,-0.96852,-25.27,-24.4,-25.97
2026-06-17T20:00:00Z,MTR,-25.27,67.4,980.7,12.34,20,168,-0.86603,0.5,0.24894,-0.96852,-26.27,-25.38,-25.79
2026-06-17T21:00:00Z,MTR,-26.27,66.8,983.4,10.27,21,168,-0.70711,0.70711,0.24894,-0.96852,-26.1,-26.94,-25.97
2026-06-17T22:00:00Z,MTR,-26.1,74.7,981.9,9.34,22,168,-0.5,0.86603,0.24894,-0.96852,-25.3,-25.52,-26.15
2026-06-17T23:00:00Z,MTR,-25.3,70.2,980.9,7.66,23,168,-0.25882,0.96593,0.24894,-0.96852,-25.82,-26.13,-25.99
2026-06-18T00:00:00Z,MTR,-25.82,57.8,977.0,11.19,0,169,0.0,1.0,0.23224,-0.97266,-24.4,-26.79,-26.69
2026-06-18T01:00:00Z,MTR,-24.4,73.0,976.9,12.75,1,169,0.25882,0.96593,0.23224,-0.97266,-25.38,-27.06,-26.88
2026-06-18T02:00:00Z,MTR,-25.38,75.9,980.0,10.97,2,169,0.5,0.86603,0.23224,-0.97266,-26.94,-27.67,-26.97
2026-06-18T03:00:00Z,MTR,-26.94,65.7,982.1,11.57,3,169,0.70711,0.70711,0.23224,-0.97266,-25.52,-26.84,-26.88
2026-06-18T04:00:00Z,MTR,-25.52,73.4,982.8,11.37,4,169,0.86603,0.5,0.23224,-0.97266,-26.13,-27.08,-26.66
2026-06-18T05:00:00Z,MTR,-26.13,58.8,983.7,10.15,5,169,0.96593,0.25882,0.23224,-0.97266,-26.79,-27.85,-26.02
2026-06-18T06:00:00Z,MTR,-26.79,61.2,983.4,13.2,6,169,1.0,0.0,0.23224,-0.97266,-27.06,-27.89,-25.28
2026-06-18T07:00:00Z,MTR,-27.06,63.8,984.6,14.34,7,169,0.96593,-0.25882,0.23224,-0.97266,-27.67,-28.39,-24.86
2026-06-18T08:00:00Z,MTR,-27.67,60.7,986.8,10.91,8,169,0.86603,-0.5,0.23224,-0.97266,-26.84,-28.22,-23.58
2026-06-18T09:00:00Z,MTR,-26.84,69.0,984.5,14.4,9,169,0.70711,-0.70711,0.23224,-0.97266,-27.08,-28.75,-23.18
2026-06-18T10:00:00Z,MTR,-27.08,62.6,985.8,11.3,10,169,0.5,-0.86603,0.23224,-0.97266,-27.85,-28.67,-23.34
2026-06-18T11:00:00Z,MTR,-27.85,59.7,988.1,11.17,11,169,0.25882,-0.96593,0.23224,-0.97266,-27.89,-28.58,-23.51
2026-06-18T12:00:00Z,MTR,-27.89,72.2,987.8,8.65,12,169,0.0,-1.0,0.23224,-0.97266,-28.39,-26.97,-22.93
2026-06-18T13:00:00Z,MTR,-28.39,54.8,989.4,10.27,13,169,-0.25882,-0.96593,0.23224,-0.97266,-28.22,-25.97,-23.25
2026-06-18T14:00:00Z,MTR,-28.22,58.2,994.8,5.17,14,169,-0.5,-0.86603,0.23224,-0.97266,-28.75,-25.79,-23.06
2026-06-18T15:00:00Z,MTR,-28.75,55.7,994.6,10.47,15,169,-0.70711,-0.70711,0.23224,-0.97266,-28.67,-25.97,-22.8
2026-06-18T16:00:00Z,MTR,-28.67,50.7,995.2,9.14,16,169,-0.86603,-0.5,0.23224,-0.97266,-28.58,-26.15,-24.8
2026-06-18T17:00:00Z,MTR,-28.58,56.2,993.7,12.16,17,169,-0.96593,-0.25882,0.23224,-0.97266,-26.97,-25.99,-25.94
2026-06-18T18:00:00Z,MTR,-26.97,49.8,994.0,9.5,18,169,-1.0,-0.0,0.23224,-0.97266,-25.97,-26.69,-25.24
2026-06-18T19:00:00Z,MTR,-25.97,54.7,994.7,13.14,19,169,-0.96593,0.25882,0.23224,-0.97266,-25.79,-26.88,-24.9
2026-06-18T20:00:00Z,MTR,-25.79,53.3,994.8,10.33,20,169,-0.86603,0.5,0.23224,-0.97266,-25.97,-26.97,-26.99
2026-06-18T21:00:00Z,MTR,-25.97,56.9,992.7,7.59,21,169,-0.70711,0.70711,0.23224,-0.97266,-26.15,-26.88,-28.91
2026-06-18T22:00:00Z,MTR,-26.15,54.8,992.9,10.87,22,169,-0.5,0.86603,0.23224,-0.97266,-25.99,-26.66,-27.6
2026-06-18T23:00:00Z,MTR,-25.99,59.4,995.3,4.84,23,169,-0.25882,0.96593,0.23224,-0.97266,-26.69,-26.02,-26.97
2026-06-19T00:00:00Z,MTR,-26.69,45.9,995.8,3.67,0,170,0.0,1.0,0.21548,-0.97651,-26.88,-25.28,-25.95
2026-06-19T01:00:00Z,MTR,-26.88,47.1,997.2,8.93,1,170,0.25882,0.96593,0.21548,-0.97651,-26.97,-24.86,-26.64
2026-06-19T02:00:00Z,MTR,-26.97,52.4,996.3,8.16,2,170,0.5,0.86603,0.21548,-0.97651,-26.88,-23.58,-27.02
2026-06-19T03:00:00Z,MTR,-26.88,46.2,997.2,8.05,3,170,0.70711,0.70711,0.21548,-0.97651,-26.66,-23.18,-25.55
2026-06-19T04:00:00Z,MTR,-26.66,53.4,997.2,7.45,4,170,0.86603,0.5,0.21548,-0.97651,-26.02,-23.34,-25.22
2026-06-19T05:00:00Z,MTR,-26.02,59.9,995.0,11.19,5,170,0.96593,0.25882,0.21548,-0.97651,-25.28,-23.51,-25.17
2026-06-19T06:00:00Z,MTR,-25.28,49.8,995.3,9.03,6,170,1.0,0.0,0.21548,-0.97651,-24.86,-22.93,-25.29
2026-06-19T07:00:00Z,MTR,-24.86,55.5,993.1,10.58,7,170,0.96593,-0.25882,0.21548,-0.97651,-23.58,-23.25,-26.59
2026-06-19T08:00:00Z,MTR,-23.58,58.9,991.7,8.03,8,170,0.86603,-0.5,0.21548,-0.97651,-23.18,-23.06,-25.66
2026-06-19T09:00:00Z,MTR,-23.18,60.4,991.9,9.55,9,170,0.70711,-0.70711,0.21548,-0.97651,-23.34,-22.8,-27.13
2026-06-19T10:00:00Z,MTR,-23.34,72.8,992.3,9.16,10,170,0.5,-0.86603,0.21548,-0.97651,-23.51,-24.8,-26.52
2026-06-19T11:00:00Z,MTR,-23.51,51.1,990.0,9.8,11,170,0.25882,-0.96593,0.21548,-0.97651,-22.93,-25.94,-26.39
2026-06-19T12:00:00Z,MTR,-22.93,62.9,991.9,7.87,12,170,0.0,-1.0,0.21548,-0.97651,-23.25,-25.24,-26.1
2026-06-19T13:00:00Z,MTR,-23.25,51.1,992.8,7.12,13,170,-0.25882,-0.96593,0.21548,-0.97651,-23.06,-24.9,-26.49
2026-06-19T14:00:00Z,MTR,-23.06,53.4,991.5,9.66,14,170,-0.5,-0.86603,0.21548,-0.97651,-22.8,-26.99,-25.33
2026-06-19T15:00:00Z,MTR,-22.8,60.8,988.7,12.71,15,170,-0.70711,-0.70711,0.21548,-0.97651,-24.8,-28.91,-25.76
2026-06-19T16:00:00Z,MTR,-24.8,59.3,988.6,8.38,16,170,-0.86603,-0.5,0.21548,-0.97651,-25.94,-27.6,-25.75
2026-06-19T17:00:00Z,MTR,-25.94,66.8,987.9,11.57,17,170,-0.96593,-0.25882,0.21548,-0.97651,-25.24,-26.97,-25.71
2026-06-19T18:00:00Z,MTR,-25.24,53.0,988.4,12.3,18,170,-1.0,-0.0,0.21548,-0.97651,-24.9,-25.95,-25.94
2026-06-19T19:00:00Z,MTR,-24.9,45.2,987.9,10.06,19,170,-0.96593,0.25882,0.21548,-0.97651,-26.99,-26.64,-25.59
2026-06-19T20:00:00Z,MTR,-26.99,74.4,984.6,14.53,20,170,-0.86603,0.5,0.21548,-0.97651,-28.91,-27.02,-25.03
2026-06-19T21:00:00Z,MTR,-28.91,57.5,984.3,13.4,21,170,-0.70711,0.70711,0.21548,-0.97651,-27.6,-25.55,-25.13
2026-06-19T22:00:00Z,MTR,-27.6,69.8,984.2,13.5,22,170,-0.5,0.86603,0.21548,-0.97651,-26.97,-25.22,-24.67
2026-06-19T23:00:00Z,MTR,-26.97,70.4,985.9,14.44,23,170,-0.25882,0.96593,0.21548,-0.97651,-25.95,-25.17,-24.23
2026-06-20T00:00:00Z,MTR,-25.95,68.7,985.0,10.16,0,171,0.0,1.0,0.19865,-0.98007,-26.64,-25.29,-24.12
2026-06-20T01:00:00Z,MTR,-26.64,61.7,988.5,8.68,1,171,0.25882,0.96593,0.19865,-0.98007,-27.02,-26.59,-23.06
2026-06-20T02:00:00Z,MTR,-27.02,67.3,985.3,13.02,2,171,0.5,0.86603,0.19865,-0.98007,-25.55,-25.66,-21.99
2026-06-20T03:00:00Z,MTR,-25.55,57.2,988.1,9.77,3,171,0.70711,0.70711,0.19865,-0.98007,-25.22,-27.13,-22.5
2026-06-20T04:00:00Z,MTR,-25.22,51.2,988.0,12.47,4,171,0.86603,0.5,0.19865,-0.98007,-25.17,-26.52,-22.9
2026-06-20T05:00:00Z,MTR,-25.17,57.5,989.8,13.37,5,171,0.96593,0.25882,0.19865,-0.98007,-25.29,-26.39,-22.53
2026-06-20T06:00:00Z,MTR,-25.29,56.1,990.0,12.98,6,171,1.0,0.0,0.19865,-0.98007,-26.59,-26.1,-22.72
2026-06-20T07:00:00Z,MTR,-26.59,52.1,992.2,13.3,7,171,0.96593,-0.25882,0.19865,-0.98007,-25.66,-26.49,-22.23
2026-06-20T08:00:00Z,MTR,-25.66,56.8,991.4,9.84,8,171,0.86603,-0.5,0.19865,-0.98007,-27.13,-25.33,-23.72
2026-06-20T09:00:00Z,MTR,-27.13,49.4,989.4,11.92,9,171,0.70711,-0.70711,0.19865,-0.98007,-26.52,-25.76,-24.03
2026-06-20T10:00:00Z,MTR,-26.52,62.0,992.0,9.11,10,171,0.5,-0.86603,0.19865,-0.98007,-26.39,-25.75,-24.05
2026-06-20T11:00:00Z,MTR,-26.39,55.7,991.6,8.71,11,171,0.25882,-0.96593,0.19865,-0.98007,-26.1,-25.71,-24.82
2026-06-20T12:00:00Z,MTR,-26.1,53.1,991.8,7.74,12,171,0.0,-1.0,0.19865,-0.98007,-26.49,-25.94,-26.09
2026-06-20T13:00:00Z,MTR,-26.49,52.3,993.7,8.57,13,171,-0.25882,-0.96593,0.19865,-0.98007,-25.33,-25.59,-20.31
2026-06-20T14:00:00Z,MTR,-25.33,55.5,991.4,9.04,14,171,-0.5,-0.86603,0.19865,-0.98007,-25.76,-25.03,-19.37
2026-06-20T15:00:00Z,MTR,-25.76,49.7,992.1,6.76,15,171,-0.70711,-0.70711,0.19865,-0.98007,-25.75,-25.13,-17.37
2026-06-20T16:00:00Z,MTR,-25.75,52.5,990.5,10.99,16,171,-0.86603,-0.5,0.19865,-0.98007,-25.71,-24.67,-16.48
2026-06-20T17:00:00Z,MTR,-25.71,52.2,989.8,12.0,17,171,-0.96593,-0.25882,0.19865,-0.98007,-25.94,-24.23,-16.11
2026-06-20T18:00:00Z,MTR,-25.94,51.9,989.4,11.45,18,171,-1.0,-0.0,0.19865,-0.98007,-25.59,-24.12,-16.44
2026-06-20T19:00:00Z,MTR,-25.59,58.6,986.1,13.38,19,171,-0.96593,0.25882,0.19865,-0.98007,-25.03,-23.06,-16.17
2026-06-20T20:00:00Z,MTR,-25.03,63.8,984.2,12.55,20,171,-0.86603,0.5,0.19865,-0.98007,-25.13,-21.99,-14.9
2026-06-20T21:00:00Z,MTR,-25.13,67.7,986.1,11.05,21,171,-0.70711,0.70711,0.19865,-0.98007,-24.67,-22.5,-16.01
2026-06-20T22:00:00Z,MTR,-24.67,54.1,987.1,13.35,22,171,-0.5,0.86603,0.19865,-0.98007,-24.23,-22.9,-17.07
2026-06-20T23:00:00Z,MTR,-24.23,67.8,986.1,14.54,23,171,-0.25882,0.96593,0.19865,-0.98007,-24.12,-22.53,-16.3
2026-06-21T00:00:00Z,MTR,-24.12,54.5,985.8,11.01,0,172,0.0,1.0,0.18176,-0.98334,-23.06,-22.72,-18.74
2026-06-21T01:00:00Z,MTR,-23.06,64.0,984.3,9.48,1,172,0.25882,0.96593,0.18176,-0.98334,-21.99,-22.23,-18.96
2026-06-21T02:00:00Z,MTR,-21.99,55.0,985.9,11.41,2,172,0.5,0.86603,0.18176,-0.98334,-22.5,-23.72,-17.04
2026-06-21T03:00:00Z,MTR,-22.5,57.9,984.5,12.45,3,172,0.70711,0.70711,0.18176,-0.98334,-22.9,-24.03,-18.11
2026-06-21T04:00:00Z,MTR,-22.9,67.0,983.9,14.25,4,172,0.86603,0.5,0.18176,-0.98334,-22.53,-24.05,-18.79
2026-06-21T05:00:00Z,MTR,-22.53,65.7,984.8,13.31,5,172,0.96593,0.25882,0.18176,-0.98334,-22.72,-24.82,-18.03
2026-06-21T06:00:00Z,MTR,-22.72,71.0,982.3,15.14,6,172,1.0,0.0,0.18176,-0.98334,-22.23,-26.09,-18.84
2026-06-21T07:00:00Z,MTR,-22.23,61.4,984.0,16.8,7,172,0.96593,-0.25882,0.18176,-0.98334,-23.72,-20.31,-19.68
2026-06-21T08:00:00Z,MTR,-23.72,73.2,980.0,10.52,8,172,0.86603,-0.5,0.18176,-0.98334,-24.03,-19.37,-23.11
2026-06-21T09:00:00Z,MTR,-24.03,74.6,981.8,12.02,9,172,0.70711,-0.70711,0.18176,-0.98334,-24.05,-17.37,-23.2
2026-06-21T10:00:00Z,MTR,-24.05,70.7,980.0,14.85,10,172,0.5,-0.86603,0.18176,-0.98334,-24.82,-16.48,-23.36
2026-06-21T11:00:00Z,MTR,-24.82,61.4,978.4,12.52,11,172,0.25882,-0.96593,0.18176,-0.98334,-26.09,-16.11,-24.47
2026-06-21T12:00:00Z,MTR,-26.09,65.7,973.9,14.38,12,172,0.0,-1.0,0.18176,-0.98334,-20.31,-16.44,-24.42
2026-06-21T13:00:00Z,MTR,-20.31,77.8,972.2,14.28,13,172,-0.25882,-0.96593,0.18176,-0.98334,-19.37,-16.17,-24.38
2026-06-21T14:00:00Z,MTR,-19.37,78.4,969.6,19.51,14,172,-0.5,-0.86603,0.18176,-0.98334,-17.37,-14.9,-24.1
2026-06-21T15:00:00Z,MTR,-17.37,78.2,967.9,20.01,15,172,-0.70711,-0.70711,0.18176,-0.98334,-16.48,-16.01,-25.47
2026-06-21T16:00:00Z,MTR,-16.48,82.8,967.1,19.11,16,172,-0.86603,-0.5,0.18176,-0.98334,-16.11,-17.07,-26.31
2026-06-21T17:00:00Z,MTR,-16.11,81.4,968.3,21.79,17,172,-0.96593,-0.25882,0.18176,-0.98334,-16.44,-16.3,-26.41
2026-06-21T18:00:00Z,MTR,-16.44,81.8,968.2,19.23,18,172,-1.0,-0.0,0.18176,-0.98334,-16.17,-18.74,-26.61
2026-06-21T19:00:00Z,MTR,-16.17,77.9,968.3,18.59,19,172,-0.96593,0.25882,0.18176,-0.98334,-14.9,-18.96,-27.14
2026-06-21T20:00:00Z,MTR,-14.9,95.6,965.9,21.85,20,172,-0.86603,0.5,0.18176,-0.98334,-16.01,-17.04,-27.1
2026-06-21T21:00:00Z,MTR,-16.01,80.4,964.0,16.16,21,172,-0.70711,0.70711,0.18176,-0.98334,-17.07,-18.11,-26.66
2026-06-21T22:00:00Z,MTR,-17.07,81.7,967.2,17.52,22,172,-0.5,0.86603,0.18176,-0.98334,-16.3,-18.79,-25.3
2026-06-21T23:00:00Z,MTR,-16.3,74.4,965.7,17.55,23,172,-0.25882,0.96593,0.18176,-0.98334,-18.74,-18.03,-24.79
2026-06-22T00:00:00Z,MTR,-18.74,74.9,968.6,14.51,0,173,0.0,1.0,0.16482,-0.98632,-18.96,-18.84,-24.59
2026-06-22T01:00:00Z,MTR,-18.96,74.8,968.1,14.55,1,173,0.25882,0.96593,0.16482,-0.98632,-17.04,-19.68,-24.78
2026-06-22T02:00:00Z,MTR,-17.04,79.2,968.1,16.74,2,173,0.5,0.86603,0.16482,-0.98632,-18.11,-23.11,-22.8
2026-06-22T03:00:00Z,MTR,-18.11,77.8,970.1,13.91,3,173,0.70711,0.70711,0.16482,-0.98632,-18.79,-23.2,-23.22
2026-06-22T04:00:00Z,MTR,-18.79,76.3,972.5,19.79,4,173,0.86603,0.5,0.16482,-0.98632,-18.03,-23.36,-23.62
2026-06-22T05:00:00Z,MTR,-18.03,75.9,972.4,20.28,5,173,0.96593,0.25882,0.16482,-0.98632,-18.84,-24.47,-23.02
2026-06-22T06:00:00Z,MTR,-18.84,79.4,971.9,17.51,6,173,1.0,0.0,0.16482,-0.98632,-19.68,-24.42,-24.38
2026-06-22T07:00:00Z,MTR,-19.68,79.3,972.1,16.55,7,173,0.96593,-0.25882,0.16482,-0.98632,-23.11,-24.38,-24.52
2026-06-22T08:00:00Z,MTR,-23.11,64.0,973.1,13.53,8,173,0.86603,-0.5,0.16482,-0.98632,-23.2,-24.1,-24.51
2026-06-22T09:00:00Z,MTR,-23.2,79.2,975.2,13.93,9,173,0.70711,-0.70711,0.16482,-0.98632,-23.36,-25.47,-24.88
2026-06-22T10:00:00Z,MTR,-23.36,75.8,975.7,17.32,10,173,0.5,-0.86603,0.16482,-0.98632,-24.47,-26.31,-24.14
2026-06-22T11:00:00Z,MTR,-24.47,61.7,977.4,12.96,11,173,0.25882,-0.96593,0.16482,-0.98632,-24.42,-26.41,-23.86
2026-06-22T12:00:00Z,MTR,-24.42,71.5,980.9,9.84,12,173,0.0,-1.0,0.16482,-0.98632,-24.38,-26.61,-23.75
2026-06-22T13:00:00Z,MTR,-24.38,71.4,982.1,11.47,13,173,-0.25882,-0.96593,0.16482,-0.98632,-24.1,-27.14,-23.81
2026-06-22T14:00:00Z,MTR,-24.1,55.1,983.2,10.77,14,173,-0.5,-0.86603,0.16482,-0.98632,-25.47,-27.1,-24.19
2026-06-22T15:00:00Z,MTR,-25.47,65.4,981.1,10.13,15,173,-0.70711,-0.70711,0.16482,-0.98632,-26.31,-26.66,-25.84
2026-06-22T16:00:00Z,MTR,-26.31,73.6,977.1,14.54,16,173,-0.86603,-0.5,0.16482,-0.98632,-26.41,-25.3,-25.42
2026-06-22T17:00:00Z,MTR,-26.41,75.3,978.9,12.82,17,173,-0.96593,-0.25882,0.16482,-0.98632,-26.61,-24.79,-24.71
2026-06-22T18:00:00Z,MTR,-26.61,72.3,979.8,15.59,18,173,-1.0,-0.0,0.16482,-0.98632,-27.14,-24.59,-24.77
2026-06-22T19:00:00Z,MTR,-27.14,67.1,980.0,16.41,19,173,-0.96593,0.25882,0.16482,-0.98632,-27.1,-24.78,-25.95
2026-06-22T20:00:00Z,MTR,-27.1,61.7,981.6,12.24,20,173,-0.86603,0.5,0.16482,-0.98632,-26.66,-22.8,-26.3
2026-06-22T21:00:00Z,MTR,-26.66,58.9,982.6,13.15,21,173,-0.70711,0.70711,0.16482,-0.98632,-25.3,-23.22,-26.62
2026-06-22T22:00:00Z,MTR,-25.3,57.8,985.8,10.94,22,173,-0.5,0.86603,0.16482,-0.98632,-24.79,-23.62,-26.91
2026-06-22T23:00:00Z,MTR,-24.79,63.1,987.0,8.26,23,173,-0.25882,0.96593,0.16482,-0.98632,-24.59,-23.02,-26.46
2026-06-23T00:00:00Z,MTR,-24.59,64.2,986.7,4.37,0,174,0.0,1.0,0.14783,-0.98901,-24.78,-24.38,-27.5
2026-06-23T01:00:00Z,MTR,-24.78,55.6,989.6,6.83,1,174,0.25882,0.96593,0.14783,-0.98901,-22.8,-24.52,-27.54
2026-06-23T02:00:00Z,MTR,-22.8,62.7,990.2,7.97,2,174,0.5,0.86603,0.14783,-0.98901,-23.22,-24.51,-27.55
2026-06-23T03:00:00Z,MTR,-23.22,57.9,992.1,9.9,3,174,0.70711,0.70711,0.14783,-0.98901,-23.62,-24.88,-26.31
2026-06-23T04:00:00Z,MTR,-23.62,68.7,992.1,10.65,4,174,0.86603,0.5,0.14783,-0.98901,-23.02,-24.14,-25.98
2026-06-23T05:00:00Z,MTR,-23.02,47.9,991.8,13.09,5,174,0.96593,0.25882,0.14783,-0.98901,-24.38,-23.86,-26.3
2026-06-23T06:00:00Z,MTR,-24.38,53.5,992.9,8.31,6,174,1.0,0.0,0.14783,-0.98901,-24.52,-23.75,-25.23
2026-06-23T07:00:00Z,MTR,-24.52,54.8,993.7,8.33,7,174,0.96593,-0.25882,0.14783,-0.98901,-24.51,-23.81,-26.15
2026-06-23T08:00:00Z,MTR,-24.51,61.2,995.4,7.78,8,174,0.86603,-0.5,0.14783,-0.98901,-24.88,-24.19,-26.64
2026-06-23T09:00:00Z,MTR,-24.88,44.6,995.6,8.07,9,174,0.70711,-0.70711,0.14783,-0.98901,-24.14,-25.84,-27.95
2026-06-23T10:00:00Z,MTR,-24.14,50.0,992.9,9.05,10,174,0.5,-0.86603,0.14783,-0.98901,-23.86,-25.42,-26.64
2026-06-23T11:00:00Z,MTR,-23.86,55.0,992.9,8.65,11,174,0.25882,-0.96593,0.14783,-0.98901,-23.75,-24.71,-26.42
2026-06-23T12:00:00Z,MTR,-23.75,44.6,995.0,2.41,12,174,0.0,-1.0,0.14783,-0.98901,-23.81,-24.77,-26.54
2026-06-23T13:00:00Z,MTR,-23.81,51.6,995.0,9.46,13,174,-0.25882,-0.96593,0.14783,-0.98901,-24.19,-25.95,-25.57
2026-06-23T14:00:00Z,MTR,-24.19,44.4,995.1,8.84,14,174,-0.5,-0.86603,0.14783,-0.98901,-25.84,-26.3,-26.01
2026-06-23T15:00:00Z,MTR,-25.84,56.6,997.3,9.65,15,174,-0.70711,-0.70711,0.14783,-0.98901,-25.42,-26.62,-26.33
2026-06-23T16:00:00Z,MTR,-25.42,58.3,996.3,4.0,16,174,-0.86603,-0.5,0.14783,-0.98901,-24.71,-26.91,-25.48
2026-06-23T17:00:00Z,MTR,-24.71,63.3,993.7,11.63,17,174,-0.96593,-0.25882,0.14783,-0.98901,-24.77,-26.46,-25.93
2026-06-23T18:00:00Z,MTR,-24.77,54.4,993.8,8.08,18,174,-1.0,-0.0,0.14783,-0.98901,-25.95,-27.5,-26.28
2026-06-23T19:00:00Z,MTR,-25.95,55.5,993.2,9.25,19,174,-0.96593,0.25882,0.14783,-0.98901,-26.3,-27.54,-26.2
2026-06-23T20:00:00Z,MTR,-26.3,57.2,991.7,13.18,20,174,-0.86603,0.5,0.14783,-0.98901,-26.62,-27.55,-25.92
2026-06-23T21:00:00Z,MTR,-26.62,61.0,991.6,11.09,21,174,-0.70711,0.70711,0.14783,-0.98901,-26.91,-26.31,-24.95
2026-06-23T22:00:00Z,MTR,-26.91,60.8,992.7,7.34,22,174,-0.5,0.86603,0.14783,-0.98901,-26.46,-25.98,-25.45
2026-06-23T23:00:00Z,MTR,-26.46,58.7,992.7,9.43,23,174,-0.25882,0.96593,0.14783,-0.98901,-27.5,-26.3,-26.81
2026-06-24T00:00:00Z,MTR,-27.5,55.2,993.3,7.47,0,175,0.0,1.0,0.13079,-0.99141,-27.54,-25.23,-25.97
2026-06-24T01:00:00Z,MTR,-27.54,53.8,996.4,5.78,1,175,0.25882,0.96593,0.13079,-0.99141,-27.55,-26.15,-26.39
2026-06-24T02:00:00Z,MTR,-27.55,52.0,995.5,8.69,2,175,0.5,0.86603,0.13079,-0.99141,-26.31,-26.64,-26.23
2026-06-24T03:00:00Z,MTR,-26.31,44.9,995.7,7.65,3,175,0.70711,0.70711,0.13079,-0.99141,-25.98,-27.95,-26.78
2026-06-24T04:00:00Z,MTR,-25.98,50.7,994.4,10.16,4,175,0.86603,0.5,0.13079,-0.99141,-26.3,-26.64,-27.78
2026-06-24T05:00:00Z,MTR,-26.3,56.8,992.6,11.11,5,175,0.96593,0.25882,0.13079,-0.99141,-25.23,-26.42,-28.02
2026-06-24T06:00:00Z,MTR,-25.23,53.0,991.2,11.94,6,175,1.0,0.0,0.13079,-0.99141,-26.15,-26.54,-22.55
2026-06-24T07:00:00Z,MTR,-26.15,54.7,990.1,15.04,7,175,0.96593,-0.25882,0.13079,-0.99141,-26.64,-25.57,-20.73
2026-06-24T08:00:00Z,MTR,-26.64,61.4,990.5,12.6,8,175,0.86603,-0.5,0.13079,-0.99141,-27.95,-26.01,-21.48
2026-06-24T09:00:00Z,MTR,-27.95,57.3,994.4,10.85,9,175,0.70711,-0.70711,0.13079,-0.99141,-26.64,-26.33,-22.1
2026-06-24T10:00:00Z,MTR,-26.64,56.2,992.6,7.67,10,175,0.5,-0.86603,0.13079,-0.99141,-26.42,-25.48,-22.23
2026-06-24T11:00:00Z,MTR,-26.42,52.7,991.4,5.25,11,175,0.25882,-0.96593,0.13079,-0.99141,-26.54,-25.93,-22.14
2026-06-24T12:00:00Z,MTR,-26.54,54.6,990.8,7.18,12,175,0.0,-1.0,0.13079,-0.99141,-25.57,-26.28,-20.72
2026-06-24T13:00:00Z,MTR,-25.57,59.6,991.2,7.38,13,175,-0.25882,-0.96593,0.13079,-0.99141,-26.01,-26.2,-21.83
2026-06-24T14:00:00Z,MTR,-26.01,52.4,991.2,10.38,14,175,-0.5,-0.86603,0.13079,-0.99141,-26.33,-25.92,-20.63
2026-06-24T15:00:00Z,MTR,-26.33,47.3,993.1,8.88,15,175,-0.70711,-0.70711,0.13079,-0.99141,-25.48,-24.95,-26.36
2026-06-24T16:00:00Z,MTR,-25.48,63.6,988.2,14.12,16,175,-0.86603,-0.5,0.13079,-0.99141,-25.93,-25.45,-25.51
2026-06-24T17:00:00Z,MTR,-25.93,63.7,983.6,9.86,17,175,-0.96593,-0.25882,0.13079,-0.99141,-26.28,-26.81,-23.74
2026-06-24T18:00:00Z,MTR,-26.28,72.8,982.7,13.21,18,175,-1.0,-0.0,0.13079,-0.99141,-26.2,-25.97,-23.66
2026-06-24T19:00:00Z,MTR,-26.2,59.1,984.7,13.73,19,175,-0.96593,0.25882,0.13079,-0.99141,-25.92,-26.39,-17.06
2026-06-24T20:00:00Z,MTR,-25.92,72.1,981.8,11.65,20,175,-0.86603,0.5,0.13079,-0.99141,-24.95,-26.23,-19.33
2026-06-24T21:00:00Z,MTR,-24.95,70.6,976.5,16.63,21,175,-0.70711,0.70711,0.13079,-0.99141,-25.45,-26.78,-20.78
2026-06-24T22:00:00Z,MTR,-25.45,75.7,977.9,15.37,22,175,-0.5,0.86603,0.13079,-0.99141,-26.81,-27.78,-25.1
2026-06-24T23:00:00Z,MTR,-26.81,63.4,978.6,11.67,23,175,-0.25882,0.96593,0.13079,-0.99141,-25.97,-28.02,-19.5
2026-06-25T00:00:00Z,MTR,-25.97,65.3,977.0,17.48,0,176,0.0,1.0,0.11372,-0.99351,-26.39,-22.55,-24.97
2026-06-25T01:00:00Z,MTR,-26.39,74.6,975.6,11.31,1,176,0.25882,0.96593,0.11372,-0.99351,-26.23,-20.73,-25.5
2026-06-25T02:00:00Z,MTR,-26.23,72.9,974.3,12.11,2,176,0.5,0.86603,0.11372,-0.99351,-26.78,-21.48,-25.8
2026-06-25T03:00:00Z,MTR,-26.78,75.0,975.1,14.33,3,176,0.70711,0.70711,0.11372,-0.99351,-27.78,-22.1,-26.49
2026-06-25T04:00:00Z,MTR,-27.78,70.5,974.5,16.4,4,176,0.86603,0.5,0.11372,-0.99351,-28.02,-22.23,-26.34
2026-06-25T05:00:00Z,MTR,-28.02,74.4,976.0,12.65,5,176,0.96593,0.25882,0.11372,-0.99351,-22.55,-22.14,-26.32
2026-06-25T06:00:00Z,MTR,-22.55,85.6,971.4,18.77,6,176,1.0,0.0,0.11372,-0.99351,-20.73,-20.72,-27.55
2026-06-25T07:00:00Z,MTR,-20.73,86.6,970.6,22.59,7,176,0.96593,-0.25882,0.11372,-0.99351,-21.48,-21.83,-27.44
2026-06-25T08:00:00Z,MTR,-21.48,76.7,969.4,14.94,8,176,0.86603,-0.5,0.11372,-0.99351,-22.1,-20.63,-26.87
2026-06-25T09:00:00Z,MTR,-22.1,74.1,969.8,17.42,9,176,0.70711,-0.70711,0.11372,-0.99351,-22.23,-26.36,-26.73
2026-06-25T10:00:00Z,MTR,-22.23,80.7,969.7,18.26,10,176,0.5,-0.86603,0.11372,-0.99351,-22.14,-25.51,-20.29
2026-06-25T11:00:00Z,MTR,-22.14,82.1,972.0,16.26,11,176,0.25882,-0.96593,0.11372,-0.99351,-20.72,-23.74,-26.03
2026-06-25T12:00:00Z,MTR,-20.72,72.8,969.4,19.01,12,176,0.0,-1.0,0.11372,-0.99351,-21.83,-23.66,-21.83
2026-06-25T13:00:00Z,MTR,-21.83,82.0,970.4,14.35,13,176,-0.25882,-0.96593,0.11372,-0.99351,-20.63,-17.06,-27.25
2026-06-25T14:00:00Z,MTR,-20.63,88.7,972.2,19.5,14,176,-0.5,-0.86603,0.11372,-0.99351,-26.36,-19.33,-25.7
2026-06-25T15:00:00Z,MTR,-26.36,76.4,976.2,14.79,15,176,-0.70711,-0.70711,0.11372,-0.99351,-25.51,-20.78,-21.13
2026-06-25T16:00:00Z,MTR,-25.51,65.8,975.8,14.58,16,176,-0.86603,-0.5,0.11372,-0.99351,-23.74,-25.1,-22.64
2026-06-25T17:00:00Z,MTR,-23.74,68.3,976.8,19.36,17,176,-0.96593,-0.25882,0.11372,-0.99351,-23.66,-19.5,-22.76
2026-06-25T18:00:00Z,MTR,-23.66,72.4,973.9,15.95,18,176,-1.0,-0.0,0.11372,-0.99351,-17.06,-24.97,-20.84
2026-06-25T19:00:00Z,MTR,-17.06,80.2,970.1,19.99,19,176,-0.96593,0.25882,0.11372,-0.99351,-19.33,-25.5,-22.29
2026-06-25T20:00:00Z,MTR,-19.33,79.2,972.3,15.8,20,176,-0.86603,0.5,0.11372,-0.99351,-20.78,-25.8,-20.3
2026-06-25T21:00:00Z,MTR,-20.78,80.0,972.7,13.52,21,176,-0.70711,0.70711,0.11372,-0.99351,-25.1,-26.49,-20.56
2026-06-25T22:00:00Z,MTR,-25.1,71.9,975.2,11.97,22,176,-0.5,0.86603,0.11372,-0.99351,-19.5,-26.34,-21.53
2026-06-25T23:00:00Z,MTR,-19.5,78.1,973.0,15.83,23,176,-0.25882,0.96593,0.11372,-0.99351,-24.97,-26.32,-19.44
2026-06-26T00:00:00Z,MTR,-24.97,68.7,974.2,10.98,0,177,0.0,1.0,0.09661,-0.99532,-25.5,-27.55,-20.3
2026-06-26T01:00:00Z,MTR,-25.5,67.5,977.7,12.42,1,177,0.25882,0.96593,0.09661,-0.99532,-25.8,-27.44,-21.34
2026-06-26T02:00:00Z,MTR,-25.8,74.7,978.4,12.16,2,177,0.5,0.86603,0.09661,-0.99532,-26.49,-26.87,-20.96
2026-06-26T03:00:00Z,MTR,-26.49,72.3,978.7,12.32,3,177,0.70711,0.70711,0.09661,-0.99532,-26.34,-26.73,-20.54
2026-06-26T04:00:00Z,MTR,-26.34,73.4,978.5,13.2,4,177,0.86603,0.5,0.09661,-0.99532,-26.32,-20.29,-18.94
2026-06-26T05:00:00Z,MTR,-26.32,69.4,975.3,16.52,5,177,0.96593,0.25882,0.09661,-0.99532,-27.55,-26.03,-20.2
2026-06-26T06:00:00Z,MTR,-27.55,70.1,977.5,9.53,6,177,1.0,0.0,0.09661,-0.99532,-27.44,-21.83,-19.96
2026-06-26T07:00:00Z,MTR,-27.44,74.6,976.1,17.55,7,177,0.96593,-0.25882,0.09661,-0.99532,-26.87,-27.25,-19.71
2026-06-26T08:00:00Z,MTR,-26.87,73.8,976.6,12.74,8,177,0.86603,-0.5,0.09661,-0.99532,-26.73,-25.7,-21.22
2026-06-26T09:00:00Z,MTR,-26.73,80.8,973.3,13.53,9,177,0.70711,-0.70711,0.09661,-0.99532,-20.29,-21.13,-20.88
2026-06-26T10:00:00Z,MTR,-20.29,78.3,970.9,13.08,10,177,0.5,-0.86603,0.09661,-0.99532,-26.03,-22.64,-20.77
2026-06-26T11:00:00Z,MTR,-26.03,84.3,973.2,14.89,11,177,0.25882,-0.96593,0.09661,-0.99532,-21.83,-22.76,-20.96
2026-06-26T12:00:00Z,MTR,-21.83,68.1,972.1,16.73,12,177,0.0,-1.0,0.09661,-0.99532,-27.25,-20.84,-20.74
2026-06-26T13:00:00Z,MTR,-27.25,73.3,974.3,13.71,13,177,-0.25882,-0.96593,0.09661,-0.99532,-25.7,-22.29,-23.5
2026-06-26T14:00:00Z,MTR,-25.7,81.4,973.5,15.94,14,177,-0.5,-0.86603,0.09661,-0.99532,-21.13,-20.3,-16.58
2026-06-26T15:00:00Z,MTR,-21.13,77.1,969.7,18.17,15,177,-0.70711,-0.70711,0.09661,-0.99532,-22.64,-20.56,-16.93
2026-06-26T16:00:00Z,MTR,-22.64,83.9,970.8,18.73,16,177,-0.86603,-0.5,0.09661,-0.99532,-22.76,-21.53,-17.55
2026-06-26T17:00:00Z,MTR,-22.76,81.0,969.3,16.11,17,177,-0.96593,-0.25882,0.09661,-0.99532,-20.84,-19.44,-16.33
2026-06-26T18:00:00Z,MTR,-20.84,90.7,970.1,21.15,18,177,-1.0,-0.0,0.09661,-0.99532,-22.29,-20.3,-16.48
2026-06-26T19:00:00Z,MTR,-22.29,79.8,969.7,17.32,19,177,-0.96593,0.25882,0.09661,-0.99532,-20.3,-21.34,-15.16
2026-06-26T20:00:00Z,MTR,-20.3,83.7,966.4,19.29,20,177,-0.86603,0.5,0.09661,-0.99532,-20.56,-20.96,-14.8
2026-06-26T21:00:00Z,MTR,-20.56,92.9,966.4,17.87,21,177,-0.70711,0.70711,0.09661,-0.99532,-21.53,-20.54,-15.21
2026-06-26T22:00:00Z,MTR,-21.53,77.7,970.1,15.33,22,177,-0.5,0.86603,0.09661,-0.99532,-19.44,-18.94,-17.73
2026-06-26T23:00:00Z,MTR,-19.44,84.9,970.5,17.11,23,177,-0.25882,0.96593,0.09661,-0.99532,-20.3,-20.2,-16.19
2026-06-27T00:00:00Z,MTR,-20.3,81.3,970.0,15.77,0,178,0.0,1.0,0.07948,-0.99684,-21.34,-19.96,-16.18
2026-06-27T01:00:00Z,MTR,-21.34,82.0,971.5,10.52,1,178,0.25882,0.96593,0.07948,-0.99684,-20.96,-19.71,-16.26
2026-06-27T02:00:00Z,MTR,-20.96,76.7,971.5,16.58,2,178,0.5,0.86603,0.07948,-0.99684,-20.54,-21.22,-14.97
2026-06-27T03:00:00Z,MTR,-20.54,79.1,971.5,20.66,3,178,0.70711,0.70711,0.07948,-0.99684,-18.94,-20.88,-14.98
2026-06-27T04:00:00Z,MTR,-18.94,79.3,969.3,18.15,4,178,0.86603,0.5,0.07948,-0.99684,-20.2,-20.77,-16.3
2026-06-27T05:00:00Z,MTR,-20.2,70.7,969.6,17.0,5,178,0.96593,0.25882,0.07948,-0.99684,-19.96,-20.96,-15.58
2026-06-27T06:00:00Z,MTR,-19.96,77.3,971.4,16.78,6,178,1.0,0.0,0.07948,-0.99684,-19.71,-20.74,-19.0
2026-06-27T07:00:00Z,MTR,-19.71,96.3,969.8,16.83,7,178,0.96593,-0.25882,0.07948,-0.99684,-21.22,-23.5,-17.6
2026-06-27T08:00:00Z,MTR,-21.22,73.2,972.4,14.42,8,178,0.86603,-0.5,0.07948,-0.99684,-20.88,-16.58,-17.23
2026-06-27T09:00:00Z,MTR,-20.88,78.2,972.3,15.84,9,178,0.70711,-0.70711,0.07948,-0.99684,-20.77,-16.93,-16.08
2026-06-27T10:00:00Z,MTR,-20.77,84.8,970.9,15.59,10,178,0.5,-0.86603,0.07948,-0.99684,-20.96,-17.55,-16.99
2026-06-27T11:00:00Z,MTR,-20.96,79.3,973.0,15.62,11,178,0.25882,-0.96593,0.07948,-0.99684,-20.74,-16.33,-16.07
2026-06-27T12:00:00Z,MTR,-20.74,75.6,972.7,12.54,12,178,0.0,-1.0,0.07948,-0.99684,-23.5,-16.48,-17.8
2026-06-27T13:00:00Z,MTR,-23.5,71.4,974.5,17.92,13,178,-0.25882,-0.96593,0.07948,-0.99684,-16.58,-15.16,-17.53
2026-06-27T14:00:00Z,MTR,-16.58,91.0,974.4,44.12,14,178,-0.5,-0.86603,0.07948,-0.99684,-16.93,-14.8,-17.07
2026-06-27T15:00:00Z,MTR,-16.93,89.7,974.9,46.86,15,178,-0.70711,-0.70711,0.07948,-0.99684,-17.55,-15.21,-18.85
2026-06-27T16:00:00Z,MTR,-17.55,89.2,976.4,45.12,16,178,-0.86603,-0.5,0.07948,-0.99684,-16.33,-17.73,-18.66
2026-06-27T17:00:00Z,MTR,-16.33,87.6,977.6,45.49,17,178,-0.96593,-0.25882,0.07948,-0.99684,-16.48,-16.19,-18.23
2026-06-27T18:00:00Z,MTR,-16.48,77.3,974.7,47.09,18,178,-1.0,-0.0,0.07948,-0.99684,-15.16,-16.18,-15.66
2026-06-27T19:00:00Z,MTR,-15.16,84.1,973.7,48.29,19,178,-0.96593,0.25882,0.07948,-0.99684,-14.8,-16.26,-16.17
2026-06-27T20:00:00Z,MTR,-14.8,84.6,976.4,48.21,20,178,-0.86603,0.5,0.07948,-0.99684,-15.21,-14.97,-16.27
2026-06-27T21:00:00Z,MTR,-15.21,76.4,977.3,44.84,21,178,-0.70711,0.70711,0.07948,-0.99684,-17.73,-14.98,-17.2
2026-06-27T22:00:00Z,MTR,-17.73,77.0,977.5,41.99,22,178,-0.5,0.86603,0.07948,-0.99684,-16.19,-16.3,-18.19
2026-06-27T23:00:00Z,MTR,-16.19,86.1,976.2,47.29,23,178,-0.25882,0.96593,0.07948,-0.99684,-16.18,-15.58,-17.82
2026-06-28T00:00:00Z,MTR,-16.18,84.9,975.7,41.88,0,179,0.0,1.0,0.06232,-0.99806,-16.26,-19.0,-17.72
2026-06-28T01:00:00Z,MTR,-16.26,93.8,973.5,44.97,1,179,0.25882,0.96593,0.06232,-0.99806,-14.97,-17.6,-17.08
2026-06-28T02:00:00Z,MTR,-14.97,80.2,975.0,45.93,2,179,0.5,0.86603,0.06232,-0.99806,-14.98,-17.23,-16.47
2026-06-28T03:00:00Z,MTR,-14.98,78.7,975.5,46.15,3,179,0.70711,0.70711,0.06232,-0.99806,-16.3,-16.08,-17.42
2026-06-28T04:00:00Z,MTR,-16.3,93.2,975.5,44.1,4,179,0.86603,0.5,0.06232,-0.99806,-15.58,-16.99,-16.59
2026-06-28T05:00:00Z,MTR,-15.58,81.2,977.1,48.46,5,179,0.96593,0.25882,0.06232,-0.99806,-19.0,-16.07,-14.98
2026-06-28T06:00:00Z,MTR,-19.0,68.2,979.5,40.43,6,179,1.0,0.0,0.06232,-0.99806,-17.6,-17.8,-14.94
2026-06-28T07:00:00Z,MTR,-17.6,76.0,984.9,46.11,7,179,0.96593,-0.25882,0.06232,-0.99806,-17.23,-17.53,-15.39
2026-06-28T08:00:00Z,MTR,-17.23,70.1,983.5,46.56,8,179,0.86603,-0.5,0.06232,-0.99806,-16.08,-17.07,-16.58
2026-06-28T09:00:00Z,MTR,-16.08,69.3,987.1,44.31,9,179,0.70711,-0.70711,0.06232,-0.99806,-16.99,-18.85,-15.48
2026-06-28T10:00:00Z,MTR,-16.99,59.8,990.2,40.15,10,179,0.5,-0.86603,0.06232,-0.99806,-16.07,-18.66,-15.46
2026-06-28T11:00:00Z,MTR,-16.07,72.7,989.9,40.25,11,179,0.25882,-0.96593,0.06232,-0.99806,-17.8,-18.23,-18.61
2026-06-28T12:00:00Z,MTR,-17.8,66.8,991.5,37.23,12,179,0.0,-1.0,0.06232,-0.99806,-17.53,-15.66,-23.69
2026-06-28T13:00:00Z,MTR,-17.53,58.7,991.7,39.53,13,179,-0.25882,-0.96593,0.06232,-0.99806,-17.07,-16.17,-24.16
2026-06-28T14:00:00Z,MTR,-17.07,65.2,993.1,41.03,14,179,-0.5,-0.86603,0.06232,-0.99806,-18.85,-16.27,-24.82
2026-06-28T15:00:00Z,MTR,-18.85,62.7,996.8,37.08,15,179,-0.70711,-0.70711,0.06232,-0.99806,-18.66,-17.2,-24.12
2026-06-28T16:00:00Z,MTR,-18.66,57.0,998.6,38.94,16,179,-0.86603,-0.5,0.06232,-0.99806,-18.23,-18.19,-23.24
2026-06-28T17:00:00Z,MTR,-18.23,64.6,1000.1,38.1,17,179,-0.96593,-0.25882,0.06232,-0.99806,-15.66,-17.82,-23.76
2026-06-28T18:00:00Z,MTR,-15.66,62.8,999.9,41.61,18,179,-1.0,-0.0,0.06232,-0.99806,-16.17,-17.72,-23.58
2026-06-28T19:00:00Z,MTR,-16.17,56.4,997.6,38.01,19,179,-0.96593,0.25882,0.06232,-0.99806,-16.27,-17.08,-24.0
2026-06-28T20:00:00Z,MTR,-16.27,58.3,997.8,40.75,20,179,-0.86603,0.5,0.06232,-0.99806,-17.2,-16.47,-24.87
2026-06-28T21:00:00Z,MTR,-17.2,49.8,1000.4,37.97,21,179,-0.70711,0.70711,0.06232,-0.99806,-18.19,-17.42,-25.22
2026-06-28T22:00:00Z,MTR,-18.19,50.0,997.9,37.94,22,179,-0.5,0.86603,0.06232,-0.99806,-17.82,-16.59,-25.37
2026-06-28T23:00:00Z,MTR,-17.82,56.2,996.2,39.19,23,179,-0.25882,0.96593,0.06232,-0.99806,-17.72,-14.98,-26.04
2026-06-29T00:00:00Z,MTR,-17.72,55.5,996.8,36.03,0,180,0.0,1.0,0.04514,-0.99898,-17.08,-14.94,-25.47
2026-06-29T01:00:00Z,MTR,-17.08,68.0,995.2,38.44,1,180,0.25882,0.96593,0.04514,-0.99898,-16.47,-15.39,-25.44
2026-06-29T02:00:00Z,MTR,-16.47,56.7,993.9,41.71,2,180,0.5,0.86603,0.04514,-0.99898,-17.42,-16.58,-26.22
2026-06-29T03:00:00Z,MTR,-17.42,63.8,993.4,38.86,3,180,0.70711,0.70711,0.04514,-0.99898,-16.59,-15.48,-26.25
2026-06-29T04:00:00Z,MTR,-16.59,67.7,991.0,42.29,4,180,0.86603,0.5,0.04514,-0.99898,-14.98,-15.46,-27.59
2026-06-29T05:00:00Z,MTR,-14.98,65.4,989.4,44.4,5,180,0.96593,0.25882,0.04514,-0.99898,-14.94,-18.61,-27.57
2026-06-29T06:00:00Z,MTR,-14.94,72.2,990.8,43.21,6,180,1.0,0.0,0.04514,-0.99898,-15.39,-23.69,-26.41
2026-06-29T07:00:00Z,MTR,-15.39,68.6,988.5,45.51,7,180,0.96593,-0.25882,0.04514,-0.99898,-16.58,-24.16,-26.18
2026-06-29T08:00:00Z,MTR,-16.58,69.4,985.6,43.3,8,180,0.86603,-0.5,0.04514,-0.99898,-15.48,-24.82,-25.99
2026-06-29T09:00:00Z,MTR,-15.48,82.0,984.6,44.67,9,180,0.70711,-0.70711,0.04514,-0.99898,-15.46,-24.12,-27.24
2026-06-29T10:00:00Z,MTR,-15.46,68.1,986.0,44.34,10,180,0.5,-0.86603,0.04514,-0.99898,-18.61,-23.24,-26.16
2026-06-29T11:00:00Z,MTR,-18.61,74.7,985.6,38.04,11,180,0.25882,-0.96593,0.04514,-0.99898,-23.69,-23.76,-26.13
2026-06-29T12:00:00Z,MTR,-23.69,60.1,984.7,8.79,12,180,0.0,-1.0,0.04514,-0.99898,-24.16,-23.58,-26.07
2026-06-29T13:00:00Z,MTR,-24.16,57.7,984.6,11.28,13,180,-0.25882,-0.96593,0.04514,-0.99898,-24.82,-24.0,-26.94
2026-06-29T14:00:00Z,MTR,-24.82,66.3,981.3,14.31,14,180,-0.5,-0.86603,0.04514,-0.99898,-24.12,-24.87,-27.0
2026-06-29T15:00:00Z,MTR,-24.12,78.6,982.2,13.4,15,180,-0.70711,-0.70711,0.04514,-0.99898,-23.24,-25.22,-27.64
2026-06-29T16:00:00Z,MTR,-23.24,59.9,982.7,16.08,16,180,-0.86603,-0.5,0.04514,-0.99898,-23.76,-25.37,-27.49
2026-06-29T17:00:00Z,MTR,-23.76,63.6,981.8,12.89,17,180,-0.96593,-0.25882,0.04514,-0.99898,-23.58,-26.04,-29.24
2026-06-29T18:00:00Z,MTR,-23.58,71.1,983.4,11.07,18,180,-1.0,-0.0,0.04514,-0.99898,-24.0,-25.47,-30.37
2026-06-29T19:00:00Z,MTR,-24.0,64.0,981.0,15.79,19,180,-0.96593,0.25882,0.04514,-0.99898,-24.87,-25.44,-27.41
2026-06-29T20:00:00Z,MTR,-24.87,63.0,982.9,13.02,20,180,-0.86603,0.5,0.04514,-0.99898,-25.22,-26.22,-28.37
2026-06-29T21:00:00Z,MTR,-25.22,66.2,982.8,11.03,21,180,-0.70711,0.70711,0.04514,-0.99898,-25.37,-26.25,-27.39
2026-06-29T22:00:00Z,MTR,-25.37,66.7,981.9,15.71,22,180,-0.5,0.86603,0.04514,-0.99898,-26.04,-27.59,-27.54
2026-06-29T23:00:00Z,MTR,-26.04,69.9,981.5,13.06,23,180,-0.25882,0.96593,0.04514,-0.99898,-25.47,-27.57,-27.6
2026-06-30T00:00:00Z,MTR,-25.47,66.3,981.0,12.13,0,181,0.0,1.0,0.02795,-0.99961,-25.44,-26.41,-28.39
2026-06-30T01:00:00Z,MTR,-25.44,66.4,983.0,14.27,1,181,0.25882,0.96593,0.02795,-0.99961,-26.22,-26.18,-27.54
2026-06-30T02:00:00Z,MTR,-26.22,67.3,980.7,11.92,2,181,0.5,0.86603,0.02795,-0.99961,-26.25,-25.99,-27.17
2026-06-30T03:00:00Z,MTR,-26.25,66.9,979.1,16.78,3,181,0.70711,0.70711,0.02795,-0.99961,-27.59,-27.24,-25.56
2026-06-30T04:00:00Z,MTR,-27.59,59.4,980.8,14.78,4,181,0.86603,0.5,0.02795,-0.99961,-27.57,-26.16,-26.71
2026-06-30T05:00:00Z,MTR,-27.57,79.2,979.5,13.54,5,181,0.96593,0.25882,0.02795,-0.99961,-26.41,-26.13,-26.15
2026-06-30T06:00:00Z,MTR,-26.41,64.2,981.0,14.33,6,181,1.0,0.0,0.02795,-0.99961,-26.18,-26.07,-26.79
2026-06-30T07:00:00Z,MTR,-26.18,61.4,983.8,13.64,7,181,0.96593,-0.25882,0.02795,-0.99961,-25.99,-26.94,-25.82
2026-06-30T08:00:00Z,MTR,-25.99,67.8,982.8,15.49,8,181,0.86603,-0.5,0.02795,-0.99961,-27.24,-27.0,-21.37
2026-06-30T09:00:00Z,MTR,-27.24,58.9,983.8,9.68,9,181,0.70711,-0.70711,0.02795,-0.99961,-26.16,-27.64,-22.21
2026-06-30T10:00:00Z,MTR,-26.16,70.8,981.5,8.93,10,181,0.5,-0.86603,0.02795,-0.99961,-26.13,-27.49,-27.69
2026-06-30T11:00:00Z,MTR,-26.13,66.5,982.7,9.6,11,181,0.25882,-0.96593,0.02795,-0.99961,-26.07,-29.24,-28.56
2026-06-30T12:00:00Z,MTR,-26.07,63.8,982.9,10.07,12,181,0.0,-1.0,0.02795,-0.99961,-26.94,-30.37,-29.58
2026-06-30T13:00:00Z,MTR,-26.94,62.6,983.6,12.3,13,181,-0.25882,-0.96593,0.02795,-0.99961,-27.0,-27.41,-29.38
2026-06-30T14:00:00Z,MTR,-27.0,60.1,982.3,11.24,14,181,-0.5,-0.86603,0.02795,-0.99961,-27.64,-28.37,-29.7
2026-06-30T15:00:00Z,MTR,-27.64,71.8,979.2,14.74,15,181,-0.70711,-0.70711,0.02795,-0.99961,-27.49,-27.39,-29.56
2026-06-30T16:00:00Z,MTR,-27.49,70.7,980.2,17.34,16,181,-0.86603,-0.5,0.02795,-0.99961,-29.24,-27.54,-29.09
2026-06-30T17:00:00Z,MTR,-29.24,68.9,976.6,12.3,17,181,-0.96593,-0.25882,0.02795,-0.99961,-30.37,-27.6,-28.78
2026-06-30T18:00:00Z,MTR,-30.37,76.1,976.2,15.65,18,181,-1.0,-0.0,0.02795,-0.99961,-27.41,-28.39,-27.54
2026-06-30T19:00:00Z,MTR,-27.41,80.7,978.2,19.98,19,181,-0.96593,0.25882,0.02795,-0.99961,-28.37,-27.54,-27.13
2026-06-30T20:00:00Z,MTR,-28.37,70.3,978.7,13.19,20,181,-0.86603,0.5,0.02795,-0.99961,-27.39,-27.17,-26.55
2026-06-30T21:00:00Z,MTR,-27.39,64.7,982.4,11.2,21,181,-0.70711,0.70711,0.02795,-0.99961,-27.54,-25.56,-25.75
2026-06-30T22:00:00Z,MTR,-27.54,59.7,984.2,12.54,22,181,-0.5,0.86603,0.02795,-0.99961,-27.6,-26.71,-25.0
2026-06-30T23:00:00Z,MTR,-27.6,64.3,983.0,10.03,23,181,-0.25882,0.96593,0.02795,-0.99961,-28.39,-26.15,-23.99
2026-07-01T00:00:00Z,MTR,-28.39,63.7,982.9,12.34,0,182,0.0,1.0,0.01075,-0.99994,-27.54,-26.79,-25.59
2026-07-01T01:00:00Z,MTR,-27.54,61.8,982.8,16.1,1,182,0.25882,0.96593,0.01075,-0.99994,-27.17,-25.82,-20.27
2026-07-01T02:00:00Z,MTR,-27.17,71.3,979.8,13.12,2,182,0.5,0.86603,0.01075,-0.99994,-25.56,-21.37,-19.17
2026-07-01T03:00:00Z,MTR,-25.56,74.1,978.2,19.72,3,182,0.70711,0.70711,0.01075,-0.99994,-26.71,-22.21,-18.27
2026-07-01T04:00:00Z,MTR,-26.71,72.4,977.3,14.2,4,182,0.86603,0.5,0.01075,-0.99994,-26.15,-27.69,-17.83
2026-07-01T05:00:00Z,MTR,-26.15,74.3,973.7,16.3,5,182,0.96593,0.25882,0.01075,-0.99994,-26.79,-28.56,-19.4
2026-07-01T06:00:00Z,MTR,-26.79,79.9,974.1,14.72,6,182,1.0,0.0,0.01075,-0.99994,-25.82,-29.58,-19.17
2026-07-01T07:00:00Z,MTR,-25.82,67.1,973.9,15.7,7,182,0.96593,-0.25882,0.01075,-0.99994,-21.37,-29.38,-17.15
2026-07-01T08:00:00Z,MTR,-21.37,70.5,971.0,16.71,8,182,0.86603,-0.5,0.01075,-0.99994,-22.21,-29.7,-18.86
2026-07-01T09:00:00Z,MTR,-22.21,79.2,972.0,17.12,9,182,0.70711,-0.70711,0.01075,-0.99994,-27.69,-29.56,-19.12
2026-07-01T10:00:00Z,MTR,-27.69,81.6,973.5,12.58,10,182,0.5,-0.86603,0.01075,-0.99994,-28.56,-29.09,-18.62
2026-07-01T11:00:00Z,MTR,-28.56,75.5,974.0,13.03,11,182,0.25882,-0.96593,0.01075,-0.99994,-29.58,-28.78,-18.09
2026-07-01T12:00:00Z,MTR,-29.58,75.9,973.4,12.37,12,182,0.0,-1.0,0.01075,-0.99994,-29.38,-27.54,-17.52
2026-07-01T13:00:00Z,MTR,-29.38,70.0,974.5,15.69,13,182,-0.25882,-0.96593,0.01075,-0.99994,-29.7,-27.13,-15.33
2026-07-01T14:00:00Z,MTR,-29.7,63.0,975.6,14.61,14,182,-0.5,-0.86603,0.01075,-0.99994,-29.56,-26.55,-16.74
2026-07-01T15:00:00Z,MTR,-29.56,68.7,976.0,15.22,15,182,-0.70711,-0.70711,0.01075,-0.99994,-29.09,-25.75,-16.16
2026-07-01T16:00:00Z,MTR,-29.09,78.9,974.2,16.29,16,182,-0.86603,-0.5,0.01075,-0.99994,-28.78,-25.0,-15.91
2026-07-01T17:00:00Z,MTR,-28.78,66.5,974.5,12.89,17,182,-0.96593,-0.25882,0.01075,-0.99994,-27.54,-23.99,-15.75
2026-07-01T18:00:00Z,MTR,-27.54,70.1,976.4,19.09,18,182,-1.0,-0.0,0.01075,-0.99994,-27.13,-25.59,-14.5
2026-07-01T19:00:00Z,MTR,-27.13,66.6,974.9,14.39,19,182,-0.96593,0.25882,0.01075,-0.99994,-26.55,-20.27,-16.24
2026-07-01T20:00:00Z,MTR,-26.55,67.1,978.3,16.54,20,182,-0.86603,0.5,0.01075,-0.99994,-25.75,-19.17,-16.85
2026-07-01T21:00:00Z,MTR,-25.75,78.2,976.8,14.25,21,182,-0.70711,0.70711,0.01075,-0.99994,-25.0,-18.27,-19.6
2026-07-01T22:00:00Z,MTR,-25.0,69.5,976.4,12.9,22,182,-0.5,0.86603,0.01075,-0.99994,-23.99,-17.83,-25.53
2026-07-01T23:00:00Z,MTR,-23.99,79.7,974.7,15.94,23,182,-0.25882,0.96593,0.01075,-0.99994,-25.59,-19.4,-27.26
2026-07-02T00:00:00Z,MTR,-25.59,70.6,974.6,10.57,0,183,0.0,1.0,-0.00645,-0.99998,-20.27,-19.17,-26.15
2026-07-02T01:00:00Z,MTR,-20.27,85.0,971.1,12.84,1,183,0.25882,0.96593,-0.00645,-0.99998,-19.17,-17.15,-25.67
2026-07-02T02:00:00Z,MTR,-19.17,81.9,969.8,16.63,2,183,0.5,0.86603,-0.00645,-0.99998,-18.27,-18.86,-25.7
2026-07-02T03:00:00Z,MTR,-18.27,80.5,967.6,18.13,3,183,0.70711,0.70711,-0.00645,-0.99998,-17.83,-19.12,-26.67
2026-07-02T04:00:00Z,MTR,-17.83,82.4,967.8,19.9,4,183,0.86603,0.5,-0.00645,-0.99998,-19.4,-18.62,-25.18
2026-07-02T05:00:00Z,MTR,-19.4,74.1,969.5,19.47,5,183,0.96593,0.25882,-0.00645,-0.99998,-19.17,-18.09,-24.45
2026-07-02T06:00:00Z,MTR,-19.17,77.2,970.6,17.68,6,183,1.0,0.0,-0.00645,-0.99998,-17.15,-17.52,-24.04
2026-07-02T07:00:00Z,MTR,-17.15,91.8,966.1,19.38,7,183,0.96593,-0.25882,-0.00645,-0.99998,-18.86,-15.33,-23.19
2026-07-02T08:00:00Z,MTR,-18.86,82.1,969.9,17.27,8,183,0.86603,-0.5,-0.00645,-0.99998,-19.12,-16.74,-23.4
2026-07-02T09:00:00Z,MTR,-19.12,70.1,970.4,19.68,9,183,0.70711,-0.70711,-0.00645,-0.99998,-18.62,-16.16,-25.15
2026-07-02T10:00:00Z,MTR,-18.62,79.5,969.0,14.62,10,183,0.5,-0.86603,-0.00645,-0.99998,-18.09,-15.91,-25.31
2026-07-02T11:00:00Z,MTR,-18.09,81.2,969.4,15.68,11,183,0.25882,-0.96593,-0.00645,-0.99998,-17.52,-15.75,-25.29
2026-07-02T12:00:00Z,MTR,-17.52,83.7,969.9,16.09,12,183,0.0,-1.0,-0.00645,-0.99998,-15.33,-14.5,-24.57
2026-07-02T13:00:00Z,MTR,-15.33,79.7,968.9,18.01,13,183,-0.25882,-0.96593,-0.00645,-0.99998,-16.74,-16.24,-24.97
2026-07-02T14:00:00Z,MTR,-16.74,79.4,969.5,15.07,14,183,-0.5,-0.86603,-0.00645,-0.99998,-16.16,-16.85,-25.93
2026-07-02T15:00:00Z,MTR,-16.16,86.0,968.8,15.43,15,183,-0.70711,-0.70711,-0.00645,-0.99998,-15.91,-19.6,-27.31
2026-07-02T16:00:00Z,MTR,-15.91,79.9,968.6,15.52,16,183,-0.86603,-0.5,-0.00645,-0.99998,-15.75,-25.53,-26.77
2026-07-02T17:00:00Z,MTR,-15.75,78.8,967.9,17.89,17,183,-0.96593,-0.25882,-0.00645,-0.99998,-14.5,-27.26,-26.98
2026-07-02T18:00:00Z,MTR,-14.5,89.1,966.1,19.82,18,183,-1.0,-0.0,-0.00645,-0.99998,-16.24,-26.15,-27.78
2026-07-02T19:00:00Z,MTR,-16.24,87.4,967.2,17.86,19,183,-0.96593,0.25882,-0.00645,-0.99998,-16.85,-25.67,-27.24
2026-07-02T20:00:00Z,MTR,-16.85,70.7,969.2,19.19,20,183,-0.86603,0.5,-0.00645,-0.99998,-19.6,-25.7,-26.61
2026-07-02T21:00:00Z,MTR,-19.6,80.1,971.1,16.48,21,183,-0.70711,0.70711,-0.00645,-0.99998,-25.53,-26.67,-26.75
2026-07-02T22:00:00Z,MTR,-25.53,71.3,973.5,16.3,22,183,-0.5,0.86603,-0.00645,-0.99998,-27.26,-25.18,-25.99
2026-07-02T23:00:00Z,MTR,-27.26,76.2,975.0,14.02,23,183,-0.25882,0.96593,-0.00645,-0.99998,-26.15,-24.45,-25.53
2026-07-03T00:00:00Z,MTR,-26.15,77.6,975.0,9.45,0,184,0.0,1.0,-0.02365,-0.99972,-25.67,-24.04,-25.76
2026-07-03T01:00:00Z,MTR,-25.67,73.7,977.6,10.58,1,184,0.25882,0.96593,-0.02365,-0.99972,-25.7,-23.19,-25.98
2026-07-03T02:00:00Z,MTR,-25.7,77.4,976.2,16.51,2,184,0.5,0.86603,-0.02365,-0.99972,-26.67,-23.4,-26.27
2026-07-03T03:00:00Z,MTR,-26.67,69.9,975.7,13.19,3,184,0.70711,0.70711,-0.02365,-0.99972,-25.18,-25.15,-26.29
2026-07-03T04:00:00Z,MTR,-25.18,72.6,975.3,17.46,4,184,0.86603,0.5,-0.02365,-0.99972,-24.45,-25.31,-25.18
2026-07-03T05:00:00Z,MTR,-24.45,73.9,978.7,15.24,5,184,0.96593,0.25882,-0.02365,-0.99972,-24.04,-25.29,-24.38
2026-07-03T06:00:00Z,MTR,-24.04,67.3,981.7,12.13,6,184,1.0,0.0,-0.02365,-0.99972,-23.19,-24.57,-24.12
2026-07-03T07:00:00Z,MTR,-23.19,57.9,983.8,14.77,7,184,0.96593,-0.25882,-0.02365,-0.99972,-23.4,-24.97,-22.91
2026-07-03T08:00:00Z,MTR,-23.4,65.7,987.0,10.91,8,184,0.86603,-0.5,-0.02365,-0.99972,-25.15,-25.93,-22.27
2026-07-03T09:00:00Z,MTR,-25.15,54.7,986.5,11.77,9,184,0.70711,-0.70711,-0.02365,-0.99972,-25.31,-27.31,-22.65
2026-07-03T10:00:00Z,MTR,-25.31,61.2,988.4,9.7,10,184,0.5,-0.86603,-0.02365,-0.99972,-25.29,-26.77,-22.46
2026-07-03T11:00:00Z,MTR,-25.29,57.8,989.3,3.55,11,184,0.25882,-0.96593,-0.02365,-0.99972,-24.57,-26.98,-21.69
2026-07-03T12:00:00Z,MTR,-24.57,61.4,992.0,8.5,12,184,0.0,-1.0,-0.02365,-0.99972,-24.97,-27.78,-21.92
2026-07-03T13:00:00Z,MTR,-24.97,53.7,992.9,9.3,13,184,-0.25882,-0.96593,-0.02365,-0.99972,-25.93,-27.24,-22.35
2026-07-03T14:00:00Z,MTR,-25.93,43.8,993.3,7.5,14,184,-0.5,-0.86603,-0.02365,-0.99972,-27.31,-26.61,-21.24
2026-07-03T15:00:00Z,MTR,-27.31,53.3,995.3,9.82,15,184,-0.70711,-0.70711,-0.02365,-0.99972,-26.77,-26.75,-21.15
2026-07-03T16:00:00Z,MTR,-26.77,50.7,997.9,6.49,16,184,-0.86603,-0.5,-0.02365,-0.99972,-26.98,-25.99,-20.7
2026-07-03T17:00:00Z,MTR,-26.98,54.9,997.5,7.0,17,184,-0.96593,-0.25882,-0.02365,-0.99972,-27.78,-25.53,-21.58
2026-07-03T18:00:00Z,MTR,-27.78,46.8,998.3,9.04,18,184,-1.0,-0.0,-0.02365,-0.99972,-27.24,-25.76,-21.2
2026-07-03T19:00:00Z,MTR,-27.24,53.5,997.2,7.42,19,184,-0.96593,0.25882,-0.02365,-0.99972,-26.61,-25.98,-21.67
2026-07-03T20:00:00Z,MTR,-26.61,58.7,993.6,9.41,20,184,-0.86603,0.5,-0.02365,-0.99972,-26.75,-26.27,-21.99
2026-07-03T21:00:00Z,MTR,-26.75,48.4,994.9,6.78,21,184,-0.70711,0.70711,-0.02365,-0.99972,-25.99,-26.29,-22.99
2026-07-03T22:00:00Z,MTR,-25.99,51.1,996.9,4.7,22,184,-0.5,0.86603,-0.02365,-0.99972,-25.53,-25.18,-23.38
2026-07-03T23:00:00Z,MTR,-25.53,41.4,998.2,6.43,23,184,-0.25882,0.96593,-0.02365,-0.99972,-25.76,-24.38,-24.32
2026-07-04T00:00:00Z,MTR,-25.76,54.5,995.3,6.5,0,185,0.0,1.0,-0.04084,-0.99917,-25.98,-24.12,-23.97
2026-07-04T01:00:00Z,MTR,-25.98,52.8,995.4,6.98,1,185,0.25882,0.96593,-0.04084,-0.99917,-26.27,-22.91,-24.54
2026-07-04T02:00:00Z,MTR,-26.27,49.2,992.1,8.31,2,185,0.5,0.86603,-0.04084,-0.99917,-26.29,-22.27,-24.41
2026-07-04T03:00:00Z,MTR,-26.29,49.9,995.3,7.14,3,185,0.70711,0.70711,-0.04084,-0.99917,-25.18,-22.65,-25.41
2026-07-04T04:00:00Z,MTR,-25.18,58.8,993.8,7.42,4,185,0.86603,0.5,-0.04084,-0.99917,-24.38,-22.46,-25.12
2026-07-04T05:00:00Z,MTR,-24.38,51.4,996.6,6.77,5,185,0.96593,0.25882,-0.04084,-0.99917,-24.12,-21.69,-27.05
2026-07-04T06:00:00Z,MTR,-24.12,45.2,998.6,7.26,6,185,1.0,0.0,-0.04084,-0.99917,-22.91,-21.92,-27.76
2026-07-04T07:00:00Z,MTR,-22.91,47.4,997.1,10.9,7,185,0.96593,-0.25882,-0.04084,-0.99917,-22.27,-22.35,-26.51
2026-07-04T08:00:00Z,MTR,-22.27,57.8,995.1,9.62,8,185,0.86603,-0.5,-0.04084,-0.99917,-22.65,-21.24,-26.69
2026-07-04T09:00:00Z,MTR,-22.65,49.4,995.8,9.09,9,185,0.70711,-0.70711,-0.04084,-0.99917,-22.46,-21.15,-27.3
2026-07-04T10:00:00Z,MTR,-22.46,53.5,994.3,5.65,10,185,0.5,-0.86603,-0.04084,-0.99917,-21.69,-20.7,-28.88
2026-07-04T11:00:00Z,MTR,-21.69,50.9,994.4,7.65,11,185,0.25882,-0.96593,-0.04084,-0.99917,-21.92,-21.58,-27.68
2026-07-04T12:00:00Z,MTR,-21.92,42.8,993.3,7.39,12,185,0.0,-1.0,-0.04084,-0.99917,-22.35,-21.2,-27.87
2026-07-04T13:00:00Z,MTR,-22.35,55.4,989.9,11.94,13,185,-0.25882,-0.96593,-0.04084,-0.99917,-21.24,-21.67,-26.81
2026-07-04T14:00:00Z,MTR,-21.24,68.2,985.8,10.95,14,185,-0.5,-0.86603,-0.04084,-0.99917,-21.15,-21.99,-27.31
2026-07-04T15:00:00Z,MTR,-21.15,72.8,986.2,10.8,15,185,-0.70711,-0.70711,-0.04084,-0.99917,-20.7,-22.99,-28.39
2026-07-04T16:00:00Z,MTR,-20.7,59.4,985.0,10.99,16,185,-0.86603,-0.5,-0.04084,-0.99917,-21.58,-23.38,-26.72
2026-07-04T17:00:00Z,MTR,-21.58,66.8,983.9,13.38,17,185,-0.96593,-0.25882,-0.04084,-0.99917,-21.2,-24.32,-21.18
2026-07-04T18:00:00Z,MTR,-21.2,75.5,984.9,12.63,18,185,-1.0,-0.0,-0.04084,-0.99917,-21.67,-23.97,-21.53
2026-07-04T19:00:00Z,MTR,-21.67,68.6,986.7,14.54,19,185,-0.96593,0.25882,-0.04084,-0.99917,-21.99,-24.54,-26.08
2026-07-04T20:00:00Z,MTR,-21.99,57.4,985.8,14.08,20,185,-0.86603,0.5,-0.04084,-0.99917,-22.99,-24.41,-25.77
2026-07-04T21:00:00Z,MTR,-22.99,62.0,984.7,10.1,21,185,-0.70711,0.70711,-0.04084,-0.99917,-23.38,-25.41,-27.27
2026-07-04T22:00:00Z,MTR,-23.38,64.6,985.1,11.19,22,185,-0.5,0.86603,-0.04084,-0.99917,-24.32,-25.12,-27.05
2026-07-04T23:00:00Z,MTR,-24.32,74.2,982.0,16.29,23,185,-0.25882,0.96593,-0.04084,-0.99917,-23.97,-27.05,-27.93
2026-07-05T00:00:00Z,MTR,-23.97,59.3,982.0,7.58,0,186,0.0,1.0,-0.05803,-0.99832,-24.54,-27.76,-27.56
2026-07-05T01:00:00Z,MTR,-24.54,69.7,982.4,10.89,1,186,0.25882,0.96593,-0.05803,-0.99832,-24.41,-26.51,-26.02
2026-07-05T02:00:00Z,MTR,-24.41,69.5,983.1,13.4,2,186,0.5,0.86603,-0.05803,-0.99832,-25.41,-26.69,-26.09
2026-07-05T03:00:00Z,MTR,-25.41,68.6,978.9,13.52,3,186,0.70711,0.70711,-0.05803,-0.99832,-25.12,-27.3,-26.19
2026-07-05T04:00:00Z,MTR,-25.12,83.0,977.1,14.52,4,186,0.86603,0.5,-0.05803,-0.99832,-27.05,-28.88,-25.86
2026-07-05T05:00:00Z,MTR,-27.05,69.9,975.1,15.24,5,186,0.96593,0.25882,-0.05803,-0.99832,-27.76,-27.68,-26.02
2026-07-05T06:00:00Z,MTR,-27.76,76.1,975.0,14.21,6,186,1.0,0.0,-0.05803,-0.99832,-26.51,-27.87,-27.07
2026-07-05T07:00:00Z,MTR,-26.51,75.2,975.5,15.7,7,186,0.96593,-0.25882,-0.05803,-0.99832,-26.69,-26.81,-27.03
2026-07-05T08:00:00Z,MTR,-26.69,74.1,977.9,16.96,8,186,0.86603,-0.5,-0.05803,-0.99832,-27.3,-27.31,-27.23
2026-07-05T09:00:00Z,MTR,-27.3,77.9,976.5,12.25,9,186,0.70711,-0.70711,-0.05803,-0.99832,-28.88,-28.39,-27.32
2026-07-05T10:00:00Z,MTR,-28.88,67.5,975.3,15.03,10,186,0.5,-0.86603,-0.05803,-0.99832,-27.68,-26.72,-27.71
2026-07-05T11:00:00Z,MTR,-27.68,73.3,977.0,15.22,11,186,0.25882,-0.96593,-0.05803,-0.99832,-27.87,-21.18,-27.74
2026-07-05T12:00:00Z,MTR,-27.87,81.3,977.2,12.06,12,186,0.0,-1.0,-0.05803,-0.99832,-26.81,-21.53,-27.71
2026-07-05T13:00:00Z,MTR,-26.81,73.3,979.1,11.53,13,186,-0.25882,-0.96593,-0.05803,-0.99832,-27.31,-26.08,-26.41
2026-07-05T14:00:00Z,MTR,-27.31,66.9,979.2,14.53,14,186,-0.5,-0.86603,-0.05803,-0.99832,-28.39,-25.77,-25.23
2026-07-05T15:00:00Z,MTR,-28.39,68.2,976.7,12.94,15,186,-0.70711,-0.70711,-0.05803,-0.99832,-26.72,-27.27,-25.08
2026-07-05T16:00:00Z,MTR,-26.72,78.6,974.1,17.02,16,186,-0.86603,-0.5,-0.05803,-0.99832,-21.18,-27.05,-25.51
2026-07-05T17:00:00Z,MTR,-21.18,76.5,971.2,17.15,17,186,-0.96593,-0.25882,-0.05803,-0.99832,-21.53,-27.93,-25.32
2026-07-05T18:00:00Z,MTR,-21.53,77.0,972.5,17.3,18,186,-1.0,-0.0,-0.05803,-0.99832,-26.08,-27.56,-26.02
2026-07-05T19:00:00Z,MTR,-26.08,72.5,974.7,19.67,19,186,-0.96593,0.25882,-0.05803,-0.99832,-25.77,-26.02,-26.48
2026-07-05T20:00:00Z,MTR,-25.77,82.5,978.0,17.17,20,186,-0.86603,0.5,-0.05803,-0.99832,-27.27,-26.09,-26.45
2026-07-05T21:00:00Z,MTR,-27.27,72.4,979.4,16.8,21,186,-0.70711,0.70711,-0.05803,-0.99832,-27.05,-26.19,-26.96
2026-07-05T22:00:00Z,MTR,-27.05,67.2,981.3,10.84,22,186,-0.5,0.86603,-0.05803,-0.99832,-27.93,-25.86,-27.43
2026-07-05T23:00:00Z,MTR,-27.93,59.8,980.1,10.01,23,186,-0.25882,0.96593,-0.05803,-0.99832,-27.56,-26.02,-27.74
2026-07-06T00:00:00Z,MTR,-27.56,66.9,977.8,12.82,0,187,0.0,1.0,-0.07519,-0.99717,-26.02,-27.07,-26.01
2026-07-06T01:00:00Z,MTR,-26.02,69.2,979.4,12.93,1,187,0.25882,0.96593,-0.07519,-0.99717,-26.09,-27.03,-25.93
2026-07-06T02:00:00Z,MTR,-26.09,67.3,980.1,8.93,2,187,0.5,0.86603,-0.07519,-0.99717,-26.19,-27.23,-26.83
2026-07-06T03:00:00Z,MTR,-26.19,77.3,980.2,14.23,3,187,0.70711,0.70711,-0.07519,-0.99717,-25.86,-27.32,-27.1
2026-07-06T04:00:00Z,MTR,-25.86,70.1,980.9,17.99,4,187,0.86603,0.5,-0.07519,-0.99717,-26.02,-27.71,-26.57
2026-07-06T05:00:00Z,MTR,-26.02,74.1,981.5,17.86,5,187,0.96593,0.25882,-0.07519,-0.99717,-27.07,-27.74,-26.73
2026-07-06T06:00:00Z,MTR,-27.07,65.8,983.7,12.03,6,187,1.0,0.0,-0.07519,-0.99717,-27.03,-27.71,-26.33
2026-07-06T07:00:00Z,MTR,-27.03,67.6,985.9,14.01,7,187,0.96593,-0.25882,-0.07519,-0.99717,-27.23,-26.41,-26.78
2026-07-06T08:00:00Z,MTR,-27.23,53.1,986.6,10.21,8,187,0.86603,-0.5,-0.07519,-0.99717,-27.32,-25.23,-26.89
2026-07-06T09:00:00Z,MTR,-27.32,54.1,987.9,10.83,9,187,0.70711,-0.70711,-0.07519,-0.99717,-27.71,-25.08,-26.95
2026-07-06T10:00:00Z,MTR,-27.71,63.7,988.4,8.46,10,187,0.5,-0.86603,-0.07519,-0.99717,-27.74,-25.51,-27.45
2026-07-06T11:00:00Z,MTR,-27.74,67.4,987.2,7.32,11,187,0.25882,-0.96593,-0.07519,-0.99717,-27.71,-25.32,-23.31
2026-07-06T12:00:00Z,MTR,-27.71,51.2,988.3,10.17,12,187,0.0,-1.0,-0.07519,-0.99717,-26.41,-26.02,-22.27
2026-07-06T13:00:00Z,MTR,-26.41,62.9,985.4,10.85,13,187,-0.25882,-0.96593,-0.07519,-0.99717,-25.23,-26.48,-20.57
2026-07-06T14:00:00Z,MTR,-25.23,53.9,987.0,11.46,14,187,-0.5,-0.86603,-0.07519,-0.99717,-25.08,-26.45,-23.48
2026-07-06T15:00:00Z,MTR,-25.08,61.2,984.5,13.4,15,187,-0.70711,-0.70711,-0.07519,-0.99717,-25.51,-26.96,-22.77
2026-07-06T16:00:00Z,MTR,-25.51,54.6,984.8,12.99,16,187,-0.86603,-0.5,-0.07519,-0.99717,-25.32,-27.43,-23.04
2026-07-06T17:00:00Z,MTR,-25.32,64.9,983.0,11.47,17,187,-0.96593,-0.25882,-0.07519,-0.99717,-26.02,-27.74,-24.16
2026-07-06T18:00:00Z,MTR,-26.02,64.4,983.8,13.83,18,187,-1.0,-0.0,-0.07519,-0.99717,-26.48,-26.01,-22.73
2026-07-06T19:00:00Z,MTR,-26.48,64.5,983.4,12.97,19,187,-0.96593,0.25882,-0.07519,-0.99717,-26.45,-25.93,-28.44
2026-07-06T20:00:00Z,MTR,-26.45,67.4,980.3,13.72,20,187,-0.86603,0.5,-0.07519,-0.99717,-26.96,-26.83,-28.1
2026-07-06T21:00:00Z,MTR,-26.96,70.7,980.9,11.46,21,187,-0.70711,0.70711,-0.07519,-0.99717,-27.43,-27.1,-23.65
2026-07-06T22:00:00Z,MTR,-27.43,77.0,979.6,10.03,22,187,-0.5,0.86603,-0.07519,-0.99717,-27.74,-26.57,-27.41
2026-07-06T23:00:00Z,MTR,-27.74,61.1,981.0,10.6,23,187,-0.25882,0.96593,-0.07519,-0.99717,-26.01,-26.73,-28.15
2026-07-07T00:00:00Z,MTR,-26.01,63.7,980.7,12.01,0,188,0.0,1.0,-0.09233,-0.99573,-25.93,-26.33,-24.47
2026-07-07T01:00:00Z,MTR,-25.93,68.0,981.2,11.55,1,188,0.25882,0.96593,-0.09233,-0.99573,-26.83,-26.78,-23.11
2026-07-07T02:00:00Z,MTR,-26.83,69.6,979.1,16.79,2,188,0.5,0.86603,-0.09233,-0.99573,-27.1,-26.89,-23.73
2026-07-07T03:00:00Z,MTR,-27.1,69.9,977.8,14.25,3,188,0.70711,0.70711,-0.09233,-0.99573,-26.57,-26.95,-21.86
2026-07-07T04:00:00Z,MTR,-26.57,66.4,976.7,15.68,4,188,0.86603,0.5,-0.09233,-0.99573,-26.73,-27.45,-25.78
2026-07-07T05:00:00Z,MTR,-26.73,69.2,978.1,15.22,5,188,0.96593,0.25882,-0.09233,-0.99573,-26.33,-23.31,-25.41
2026-07-07T06:00:00Z,MTR,-26.33,65.6,980.8,12.26,6,188,1.0,0.0,-0.09233,-0.99573,-26.78,-22.27,-27.44
2026-07-07T07:00:00Z,MTR,-26.78,71.6,979.0,14.84,7,188,0.96593,-0.25882,-0.09233,-0.99573,-26.89,-20.57,-26.9
2026-07-07T08:00:00Z,MTR,-26.89,63.4,980.6,11.86,8,188,0.86603,-0.5,-0.09233,-0.99573,-26.95,-23.48,-26.76
2026-07-07T09:00:00Z,MTR,-26.95,77.6,976.3,14.74,9,188,0.70711,-0.70711,-0.09233,-0.99573,-27.45,-22.77,-25.82
2026-07-07T10:00:00Z,MTR,-27.45,68.2,973.9,11.42,10,188,0.5,-0.86603,-0.09233,-0.99573,-23.31,-23.04,-26.87
2026-07-07T11:00:00Z,MTR,-23.31,85.0,972.2,14.55,11,188,0.25882,-0.96593,-0.09233,-0.99573,-22.27,-24.16,-26.94
2026-07-07T12:00:00Z,MTR,-22.27,75.6,969.8,14.87,12,188,0.0,-1.0,-0.09233,-0.99573,-20.57,-22.73,-26.49
2026-07-07T13:00:00Z,MTR,-20.57,90.2,967.1,16.81,13,188,-0.25882,-0.96593,-0.09233,-0.99573,-23.48,-28.44,-27.7
2026-07-07T14:00:00Z,MTR,-23.48,77.3,968.2,13.99,14,188,-0.5,-0.86603,-0.09233,-0.99573,-22.77,-28.1,-28.78
2026-07-07T15:00:00Z,MTR,-22.77,86.6,968.1,18.56,15,188,-0.70711,-0.70711,-0.09233,-0.99573,-23.04,-23.65,-26.84
2026-07-07T16:00:00Z,MTR,-23.04,79.8,969.2,19.13,16,188,-0.86603,-0.5,-0.09233,-0.99573,-24.16,-27.41,-27.07
2026-07-07T17:00:00Z,MTR,-24.16,79.4,970.8,15.71,17,188,-0.96593,-0.25882,-0.09233,-0.99573,-22.73,-28.15,-28.48
2026-07-07T18:00:00Z,MTR,-22.73,82.3,971.6,19.45,18,188,-1.0,-0.0,-0.09233,-0.99573,-28.44,-24.47,-28.9
2026-07-07T19:00:00Z,MTR,-28.44,75.4,973.1,17.23,19,188,-0.96593,0.25882,-0.09233,-0.99573,-28.1,-23.11,-28.53
2026-07-07T20:00:00Z,MTR,-28.1,67.1,973.3,16.32,20,188,-0.86603,0.5,-0.09233,-0.99573,-23.65,-23.73,-27.84
2026-07-07T21:00:00Z,MTR,-23.65,75.6,971.5,17.61,21,188,-0.70711,0.70711,-0.09233,-0.99573,-27.41,-21.86,-28.27
2026-07-07T22:00:00Z,MTR,-27.41,74.0,973.9,18.18,22,188,-0.5,0.86603,-0.09233,-0.99573,-28.15,-25.78,-29.08
2026-07-07T23:00:00Z,MTR,-28.15,84.5,973.4,14.0,23,188,-0.25882,0.96593,-0.09233,-0.99573,-24.47,-25.41,-28.29
2026-07-08T00:00:00Z,MTR,-24.47,76.3,972.3,12.76,0,189,0.0,1.0,-0.10945,-0.99399,-23.11,-27.44,-28.95
2026-07-08T01:00:00Z,MTR,-23.11,78.8,972.7,18.68,1,189,0.25882,0.96593,-0.10945,-0.99399,-23.73,-26.9,-29.01
2026-07-08T02:00:00Z,MTR,-23.73,77.2,971.8,15.3,2,189,0.5,0.86603,-0.10945,-0.99399,-21.86,-26.76,-28.38
2026-07-08T03:00:00Z,MTR,-21.86,79.2,972.0,17.05,3,189,0.70711,0.70711,-0.10945,-0.99399,-25.78,-25.82,-28.65
2026-07-08T04:00:00Z,MTR,-25.78,70.0,973.6,15.98,4,189,0.86603,0.5,-0.10945,-0.99399,-25.41,-26.87,-27.04
2026-07-08T05:00:00Z,MTR,-25.41,70.2,975.2,12.92,5,189,0.96593,0.25882,-0.10945,-0.99399,-27.44,-26.94,-27.67
2026-07-08T06:00:00Z,MTR,-27.44,78.4,974.6,15.84,6,189,1.0,0.0,-0.10945,-0.99399,-26.9,-26.49,-27.9
2026-07-08T07:00:00Z,MTR,-26.9,74.5,974.9,18.47,7,189,0.96593,-0.25882,-0.10945,-0.99399,-26.76,-27.7,-28.13
2026-07-08T08:00:00Z,MTR,-26.76,70.4,978.0,13.24,8,189,0.86603,-0.5,-0.10945,-0.99399,-25.82,-28.78,-28.53
2026-07-08T09:00:00Z,MTR,-25.82,69.7,980.1,16.26,9,189,0.70711,-0.70711,-0.10945,-0.99399,-26.87,-26.84,-27.62
2026-07-08T10:00:00Z,MTR,-26.87,67.4,984.9,12.81,10,189,0.5,-0.86603,-0.10945,-0.99399,-26.94,-27.07,-27.83
2026-07-08T11:00:00Z,MTR,-26.94,56.0,988.0,7.4,11,189,0.25882,-0.96593,-0.10945,-0.99399,-26.49,-28.48,-25.63
2026-07-08T12:00:00Z,MTR,-26.49,56.1,990.9,5.12,12,189,0.0,-1.0,-0.10945,-0.99399,-27.7,-28.9,-25.63
2026-07-08T13:00:00Z,MTR,-27.7,47.0,989.2,6.54,13,189,-0.25882,-0.96593,-0.10945,-0.99399,-28.78,-28.53,-25.54
2026-07-08T14:00:00Z,MTR,-28.78,47.9,991.5,8.25,14,189,-0.5,-0.86603,-0.10945,-0.99399,-26.84,-27.84,-26.79
2026-07-08T15:00:00Z,MTR,-26.84,53.6,992.4,7.35,15,189,-0.70711,-0.70711,-0.10945,-0.99399,-27.07,-28.27,-27.23
2026-07-08T16:00:00Z,MTR,-27.07,51.0,992.3,12.55,16,189,-0.86603,-0.5,-0.10945,-0.99399,-28.48,-29.08,-26.7
2026-07-08T17:00:00Z,MTR,-28.48,58.7,993.5,7.66,17,189,-0.96593,-0.25882,-0.10945,-0.99399,-28.9,-28.29,-26.3
2026-07-08T18:00:00Z,MTR,-28.9,45.7,996.2,7.48,18,189,-1.0,-0.0,-0.10945,-0.99399,-28.53,-28.95,-27.13
2026-07-08T19:00:00Z,MTR,-28.53,49.9,997.9,11.6,19,189,-0.96593,0.25882,-0.10945,-0.99399,-27.84,-29.01,-27.46
2026-07-08T20:00:00Z,MTR,-27.84,54.2,997.2,7.95,20,189,-0.86603,0.5,-0.10945,-0.99399,-28.27,-28.38,-29.83
2026-07-08T21:00:00Z,MTR,-28.27,50.5,999.3,8.04,21,189,-0.70711,0.70711,-0.10945,-0.99399,-29.08,-28.65,-30.24
2026-07-08T22:00:00Z,MTR,-29.08,45.6,998.9,7.53,22,189,-0.5,0.86603,-0.10945,-0.99399,-28.29,-27.04,-28.75
2026-07-08T23:00:00Z,MTR,-28.29,43.7,1000.1,2.46,23,189,-0.25882,0.96593,-0.10945,-0.99399,-28.95,-27.67,-28.46
2026-07-09T00:00:00Z,MTR,-28.95,48.9,1000.3,6.01,0,190,0.0,1.0,-0.12653,-0.99196,-29.01,-27.9,-27.55
2026-07-09T01:00:00Z,MTR,-29.01,50.4,1000.6,6.44,1,190,0.25882,0.96593,-0.12653,-0.99196,-28.38,-28.13,-28.78
2026-07-09T02:00:00Z,MTR,-28.38,51.9,1002.6,6.69,2,190,0.5,0.86603,-0.12653,-0.99196,-28.65,-28.53,-28.59
2026-07-09T03:00:00Z,MTR,-28.65,49.3,1001.3,5.2,3,190,0.70711,0.70711,-0.12653,-0.99196,-27.04,-27.62,-28.58
2026-07-09T04:00:00Z,MTR,-27.04,45.0,1005.3,6.34,4,190,0.86603,0.5,-0.12653,-0.99196,-27.67,-27.83,-28.94
2026-07-09T05:00:00Z,MTR,-27.67,46.4,1002.3,6.76,5,190,0.96593,0.25882,-0.12653,-0.99196,-27.9,-25.63,-28.99
2026-07-09T06:00:00Z,MTR,-27.9,46.3,1001.6,7.64,6,190,1.0,0.0,-0.12653,-0.99196,-28.13,-25.63,-29.26
2026-07-09T07:00:00Z,MTR,-28.13,42.1,1002.7,5.44,7,190,0.96593,-0.25882,-0.12653,-0.99196,-28.53,-25.54,-30.0
2026-07-09T08:00:00Z,MTR,-28.53,45.3,1004.0,5.83,8,190,0.86603,-0.5,-0.12653,-0.99196,-27.62,-26.79,-29.71
2026-07-09T09:00:00Z,MTR,-27.62,42.2,1003.9,7.63,9,190,0.70711,-0.70711,-0.12653,-0.99196,-27.83,-27.23,-28.88
2026-07-09T10:00:00Z,MTR,-27.83,45.0,1003.8,1.12,10,190,0.5,-0.86603,-0.12653,-0.99196,-25.63,-26.7,-29.35
2026-07-09T11:00:00Z,MTR,-25.63,45.1,1004.5,3.17,11,190,0.25882,-0.96593,-0.12653,-0.99196,-25.63,-26.3,-29.76
2026-07-09T12:00:00Z,MTR,-25.63,44.8,1003.9,4.47,12,190,0.0,-1.0,-0.12653,-0.99196,-25.54,-27.13,-28.98
2026-07-09T13:00:00Z,MTR,-25.54,36.1,1006.2,1.17,13,190,-0.25882,-0.96593,-0.12653,-0.99196,-26.79,-27.46,-28.82
2026-07-09T14:00:00Z,MTR,-26.79,38.7,1007.2,4.64,14,190,-0.5,-0.86603,-0.12653,-0.99196,-27.23,-29.83,-28.96
2026-07-09T15:00:00Z,MTR,-27.23,43.8,1008.2,5.18,15,190,-0.70711,-0.70711,-0.12653,-0.99196,-26.7,-30.24,-28.77
2026-07-09T16:00:00Z,MTR,-26.7,32.4,1005.7,5.33,16,190,-0.86603,-0.5,-0.12653,-0.99196,-26.3,-28.75,-27.11
2026-07-09T17:00:00Z,MTR,-26.3,43.2,1004.8,6.88,17,190,-0.96593,-0.25882,-0.12653,-0.99196,-27.13,-28.46,-25.88
2026-07-09T18:00:00Z,MTR,-27.13,48.3,1003.5,10.1,18,190,-1.0,-0.0,-0.12653,-0.99196,-27.46,-27.55,-24.98
2026-07-09T19:00:00Z,MTR,-27.46,48.2,1000.8,6.26,19,190,-0.96593,0.25882,-0.12653,-0.99196,-29.83,-28.78,-23.94
2026-07-09T20:00:00Z,MTR,-29.83,56.1,1000.7,4.54,20,190,-0.86603,0.5,-0.12653,-0.99196,-30.24,-28.59,-24.7
2026-07-09T21:00:00Z,MTR,-30.24,40.1,998.8,6.53,21,190,-0.70711,0.70711,-0.12653,-0.99196,-28.75,-28.58,-25.07
2026-07-09T22:00:00Z,MTR,-28.75,41.4,999.0,4.58,22,190,-0.5,0.86603,-0.12653,-0.99196,-28.46,-28.94,-26.14
2026-07-09T23:00:00Z,MTR,-28.46,52.1,996.1,7.48,23,190,-0.25882,0.96593,-0.12653,-0.99196,-27.55,-28.99,-25.89
2026-07-10T00:00:00Z,MTR,-27.55,52.7,998.2,4.18,0,191,0.0,1.0,-0.14357,-0.98964,-28.78,-29.26,-26.21
2026-07-10T01:00:00Z,MTR,-28.78,52.3,995.4,8.15,1,191,0.25882,0.96593,-0.14357,-0.98964,-28.59,-30.0,-26.88
2026-07-10T02:00:00Z,MTR,-28.59,59.5,994.7,8.59,2,191,0.5,0.86603,-0.14357,-0.98964,-28.58,-29.71,-26.96
2026-07-10T03:00:00Z,MTR,-28.58,49.3,995.0,7.28,3,191,0.70711,0.70711,-0.14357,-0.98964,-28.94,-28.88,-28.01
2026-07-10T04:00:00Z,MTR,-28.94,53.4,992.7,8.12,4,191,0.86603,0.5,-0.14357,-0.98964,-28.99,-29.35,-27.19
2026-07-10T05:00:00Z,MTR,-28.99,58.0,993.0,7.41,5,191,0.96593,0.25882,-0.14357,-0.98964,-29.26,-29.76,-27.9
2026-07-10T06:00:00Z,MTR,-29.26,57.8,989.6,13.58,6,191,1.0,0.0,-0.14357,-0.98964,-30.0,-28.98,-26.42
2026-07-10T07:00:00Z,MTR,-30.0,62.3,991.0,11.93,7,191,0.96593,-0.25882,-0.14357,-0.98964,-29.71,-28.82,-26.79
2026-07-10T08:00:00Z,MTR,-29.71,61.8,989.8,10.13,8,191,0.86603,-0.5,-0.14357,-0.98964,-28.88,-28.96,-20.86
2026-07-10T09:00:00Z,MTR,-28.88,59.2,987.4,12.38,9,191,0.70711,-0.70711,-0.14357,-0.98964,-29.35,-28.77,-21.74
2026-07-10T10:00:00Z,MTR,-29.35,63.4,985.7,8.81,10,191,0.5,-0.86603,-0.14357,-0.98964,-29.76,-27.11,-27.19
2026-07-10T11:00:00Z,MTR,-29.76,59.1,986.0,8.31,11,191,0.25882,-0.96593,-0.14357,-0.98964,-28.98,-25.88,-27.56
2026-07-10T12:00:00Z,MTR,-28.98,59.1,983.8,7.94,12,191,0.0,-1.0,-0.14357,-0.98964,-28.82,-24.98,-28.84
2026-07-10T13:00:00Z,MTR,-28.82,65.3,981.4,12.15,13,191,-0.25882,-0.96593,-0.14357,-0.98964,-28.96,-23.94,-27.65
2026-07-10T14:00:00Z,MTR,-28.96,67.5,980.1,11.68,14,191,-0.5,-0.86603,-0.14357,-0.98964,-28.77,-24.7,-27.68
2026-07-10T15:00:00Z,MTR,-28.77,72.0,977.1,11.7,15,191,-0.70711,-0.70711,-0.14357,-0.98964,-27.11,-25.07,-27.97
2026-07-10T16:00:00Z,MTR,-27.11,69.1,979.7,14.49,16,191,-0.86603,-0.5,-0.14357,-0.98964,-25.88,-26.14,-26.87
2026-07-10T17:00:00Z,MTR,-25.88,63.3,977.8,16.42,17,191,-0.96593,-0.25882,-0.14357,-0.98964,-24.98,-25.89,-25.54
2026-07-10T18:00:00Z,MTR,-24.98,75.8,978.6,14.86,18,191,-1.0,-0.0,-0.14357,-0.98964,-23.94,-26.21,-23.72
2026-07-10T19:00:00Z,MTR,-23.94,63.5,978.3,17.41,19,191,-0.96593,0.25882,-0.14357,-0.98964,-24.7,-26.88,-24.63
2026-07-10T20:00:00Z,MTR,-24.7,75.3,975.8,17.2,20,191,-0.86603,0.5,-0.14357,-0.98964,-25.07,-26.96,-25.19
2026-07-10T21:00:00Z,MTR,-25.07,71.3,975.3,17.45,21,191,-0.70711,0.70711,-0.14357,-0.98964,-26.14,-28.01,-23.53
2026-07-10T22:00:00Z,MTR,-26.14,74.2,976.2,15.74,22,191,-0.5,0.86603,-0.14357,-0.98964,-25.89,-27.19,-24.67
2026-07-10T23:00:00Z,MTR,-25.89,72.7,975.4,14.06,23,191,-0.25882,0.96593,-0.14357,-0.98964,-26.21,-27.9,-25.35
2026-07-11T00:00:00Z,MTR,-26.21,72.4,977.2,9.61,0,192,0.0,1.0,-0.16057,-0.98702,-26.88,-26.42,-25.53
2026-07-11T01:00:00Z,MTR,-26.88,72.5,978.7,11.83,1,192,0.25882,0.96593,-0.16057,-0.98702,-26.96,-26.79,-24.3
2026-07-11T02:00:00Z,MTR,-26.96,73.9,979.9,11.93,2,192,0.5,0.86603,-0.16057,-0.98702,-28.01,-20.86,-24.93
2026-07-11T03:00:00Z,MTR,-28.01,73.9,978.6,12.32,3,192,0.70711,0.70711,-0.16057,-0.98702,-27.19,-21.74,-23.34
2026-07-11T04:00:00Z,MTR,-27.19,73.1,976.4,14.26,4,192,0.86603,0.5,-0.16057,-0.98702,-27.9,-27.19,-23.57
2026-07-11T05:00:00Z,MTR,-27.9,78.6,975.1,13.25,5,192,0.96593,0.25882,-0.16057,-0.98702,-26.42,-27.56,-22.55
2026-07-11T06:00:00Z,MTR,-26.42,72.4,975.4,17.96,6,192,1.0,0.0,-0.16057,-0.98702,-26.79,-28.84,-23.27
2026-07-11T07:00:00Z,MTR,-26.79,81.1,976.4,13.62,7,192,0.96593,-0.25882,-0.16057,-0.98702,-20.86,-27.65,-24.23
2026-07-11T08:00:00Z,MTR,-20.86,75.0,972.5,18.32,8,192,0.86603,-0.5,-0.16057,-0.98702,-21.74,-27.68,-23.96
2026-07-11T09:00:00Z,MTR,-21.74,75.5,972.8,18.71,9,192,0.70711,-0.70711,-0.16057,-0.98702,-27.19,-27.97,-25.23
2026-07-11T10:00:00Z,MTR,-27.19,66.7,973.3,13.61,10,192,0.5,-0.86603,-0.16057,-0.98702,-27.56,-26.87,-26.56
2026-07-11T11:00:00Z,MTR,-27.56,72.5,973.1,13.25,11,192,0.25882,-0.96593,-0.16057,-0.98702,-28.84,-25.54,-26.06
2026-07-11T12:00:00Z,MTR,-28.84,71.9,975.8,13.56,12,192,0.0,-1.0,-0.16057,-0.98702,-27.65,-23.72,-26.54
2026-07-11T13:00:00Z,MTR,-27.65,70.5,976.8,12.26,13,192,-0.25882,-0.96593,-0.16057,-0.98702,-27.68,-24.63,-27.6
2026-07-11T14:00:00Z,MTR,-27.68,77.4,979.4,11.5,14,192,-0.5,-0.86603,-0.16057,-0.98702,-27.97,-25.19,-28.01
2026-07-11T15:00:00Z,MTR,-27.97,73.2,979.2,14.79,15,192,-0.70711,-0.70711,-0.16057,-0.98702,-26.87,-23.53,-27.52
2026-07-11T16:00:00Z,MTR,-26.87,72.3,981.1,12.36,16,192,-0.86603,-0.5,-0.16057,-0.98702,-25.54,-24.67,-28.19
2026-07-11T17:00:00Z,MTR,-25.54,66.1,984.1,17.45,17,192,-0.96593,-0.25882,-0.16057,-0.98702,-23.72,-25.35,-30.21
2026-07-11T18:00:00Z,MTR,-23.72,59.1,986.5,13.63,18,192,-1.0,-0.0,-0.16057,-0.98702,-24.63,-25.53,-29.89
2026-07-11T19:00:00Z,MTR,-24.63,75.8,984.4,14.42,19,192,-0.96593,0.25882,-0.16057,-0.98702,-25.19,-24.3,-29.68
2026-07-11T20:00:00Z,MTR,-25.19,64.4,983.9,12.71,20,192,-0.86603,0.5,-0.16057,-0.98702,-23.53,-24.93,-28.51
2026-07-11T21:00:00Z,MTR,-23.53,69.8,983.3,16.26,21,192,-0.70711,0.70711,-0.16057,-0.98702,-24.67,-23.34,-28.02
2026-07-11T22:00:00Z,MTR,-24.67,59.0,984.3,10.01,22,192,-0.5,0.86603,-0.16057,-0.98702,-25.35,-23.57,-28.07
2026-07-11T23:00:00Z,MTR,-25.35,57.2,985.5,11.76,23,192,-0.25882,0.96593,-0.16057,-0.98702,-25.53,-22.55,-26.58
2026-07-12T00:00:00Z,MTR,-25.53,70.7,983.9,7.18,0,193,0.0,1.0,-0.17753,-0.98412,-24.3,-23.27,-26.72
2026-07-12T01:00:00Z,MTR,-24.3,67.7,984.1,15.3,1,193,0.25882,0.96593,-0.17753,-0.98412,-24.93,-24.23,-26.9
2026-07-12T02:00:00Z,MTR,-24.93,67.8,980.4,14.42,2,193,0.5,0.86603,-0.17753,-0.98412,-23.34,-23.96,-26.96
2026-07-12T03:00:00Z,MTR,-23.34,64.1,983.2,10.7,3,193,0.70711,0.70711,-0.17753,-0.98412,-23.57,-25.23,-27.01
2026-07-12T04:00:00Z,MTR,-23.57,61.9,982.3,14.49,4,193,0.86603,0.5,-0.17753,-0.98412,-22.55,-26.56,-25.81
2026-07-12T05:00:00Z,MTR,-22.55,64.6,982.4,15.87,5,193,0.96593,0.25882,-0.17753,-0.98412,-23.27,-26.06,-20.06
2026-07-12T06:00:00Z,MTR,-23.27,69.0,981.9,12.26,6,193,1.0,0.0,-0.17753,-0.98412,-24.23,-26.54,-18.86
2026-07-12T07:00:00Z,MTR,-24.23,65.0,983.9,12.31,7,193,0.96593,-0.25882,-0.17753,-0.98412,-23.96,-27.6,-19.95
2026-07-12T08:00:00Z,MTR,-23.96,73.8,978.7,12.64,8,193,0.86603,-0.5,-0.17753,-0.98412,-25.23,-28.01,-21.5
2026-07-12T09:00:00Z,MTR,-25.23,57.0,978.8,14.99,9,193,0.70711,-0.70711,-0.17753,-0.98412,-26.56,-27.52,-21.57
2026-07-12T10:00:00Z,MTR,-26.56,71.2,978.8,13.7,10,193,0.5,-0.86603,-0.17753,-0.98412,-26.06,-28.19,-27.66
2026-07-12T11:00:00Z,MTR,-26.06,74.7,978.0,12.79,11,193,0.25882,-0.96593,-0.17753,-0.98412,-26.54,-30.21,-26.88
2026-07-12T12:00:00Z,MTR,-26.54,55.5,981.3,9.14,12,193,0.0,-1.0,-0.17753,-0.98412,-27.6,-29.89,-26.0
2026-07-12T13:00:00Z,MTR,-27.6,63.8,979.6,11.79,13,193,-0.25882,-0.96593,-0.17753,-0.98412,-28.01,-29.68,-27.16
2026-07-12T14:00:00Z,MTR,-28.01,60.1,981.0,11.15,14,193,-0.5,-0.86603,-0.17753,-0.98412,-27.52,-28.51,-26.91
2026-07-12T15:00:00Z,MTR,-27.52,74.1,981.6,14.08,15,193,-0.70711,-0.70711,-0.17753,-0.98412,-28.19,-28.02,-26.8
2026-07-12T16:00:00Z,MTR,-28.19,64.9,983.8,10.84,16,193,-0.86603,-0.5,-0.17753,-0.98412,-30.21,-28.07,-25.37
2026-07-12T17:00:00Z,MTR,-30.21,67.0,982.3,12.17,17,193,-0.96593,-0.25882,-0.17753,-0.98412,-29.89,-26.58,-25.18
2026-07-12T18:00:00Z,MTR,-29.89,74.6,980.9,16.0,18,193,-1.0,-0.0,-0.17753,-0.98412,-29.68,-26.72,-24.95
2026-07-12T19:00:00Z,MTR,-29.68,65.5,982.8,12.73,19,193,-0.96593,0.25882,-0.17753,-0.98412,-28.51,-26.9,-25.35
2026-07-12T20:00:00Z,MTR,-28.51,63.3,983.4,16.58,20,193,-0.86603,0.5,-0.17753,-0.98412,-28.02,-26.96,-25.11
2026-07-12T21:00:00Z,MTR,-28.02,69.5,980.5,13.87,21,193,-0.70711,0.70711,-0.17753,-0.98412,-28.07,-27.01,-24.54
2026-07-12T22:00:00Z,MTR,-28.07,70.4,979.5,9.44,22,193,-0.5,0.86603,-0.17753,-0.98412,-26.58,-25.81,-24.43
2026-07-12T23:00:00Z,MTR,-26.58,61.8,980.3,9.32,23,193,-0.25882,0.96593,-0.17753,-0.98412,-26.72,-20.06,-24.56
2026-07-13T00:00:00Z,MTR,-26.72,73.7,981.9,9.35,0,194,0.0,1.0,-0.19443,-0.98092,-26.9,-18.86,-23.99
2026-07-13T01:00:00Z,MTR,-26.9,58.8,980.7,13.32,1,194,0.25882,0.96593,-0.19443,-0.98092,-26.96,-19.95,-23.15
2026-07-13T02:00:00Z,MTR,-26.96,75.7,975.6,15.66,2,194,0.5,0.86603,-0.19443,-0.98092,-27.01,-21.5,-23.27
2026-07-13T03:00:00Z,MTR,-27.01,80.5,977.0,13.68,3,194,0.70711,0.70711,-0.19443,-0.98092,-25.81,-21.57,-22.71
2026-07-13T04:00:00Z,MTR,-25.81,75.9,975.2,18.26,4,194,0.86603,0.5,-0.19443,-0.98092,-20.06,-27.66,-23.39
2026-07-13T05:00:00Z,MTR,-20.06,67.9,972.1,17.83,5,194,0.96593,0.25882,-0.19443,-0.98092,-18.86,-26.88,-23.91
2026-07-13T06:00:00Z,MTR,-18.86,90.1,967.8,18.09,6,194,1.0,0.0,-0.19443,-0.98092,-19.95,-26.0,-22.91
2026-07-13T07:00:00Z,MTR,-19.95,78.3,970.3,20.12,7,194,0.96593,-0.25882,-0.19443,-0.98092,-21.5,-27.16,-25.33
2026-07-13T08:00:00Z,MTR,-21.5,82.0,971.5,15.4,8,194,0.86603,-0.5,-0.19443,-0.98092,-21.57,-26.91,-25.61
2026-07-13T09:00:00Z,MTR,-21.57,80.2,972.1,17.38,9,194,0.70711,-0.70711,-0.19443,-0.98092,-27.66,-26.8,-25.53
2026-07-13T10:00:00Z,MTR,-27.66,74.0,975.7,15.68,10,194,0.5,-0.86603,-0.19443,-0.98092,-26.88,-25.37,-26.49
2026-07-13T11:00:00Z,MTR,-26.88,61.2,977.7,14.07,11,194,0.25882,-0.96593,-0.19443,-0.98092,-26.0,-25.18,-25.71
2026-07-13T12:00:00Z,MTR,-26.0,68.6,981.5,10.35,12,194,0.0,-1.0,-0.19443,-0.98092,-27.16,-24.95,-25.83
2026-07-13T13:00:00Z,MTR,-27.16,73.1,979.8,13.88,13,194,-0.25882,-0.96593,-0.19443,-0.98092,-26.91,-25.35,-25.36
2026-07-13T14:00:00Z,MTR,-26.91,61.2,980.7,16.38,14,194,-0.5,-0.86603,-0.19443,-0.98092,-26.8,-25.11,-24.33
2026-07-13T15:00:00Z,MTR,-26.8,78.8,978.7,13.76,15,194,-0.70711,-0.70711,-0.19443,-0.98092,-25.37,-24.54,-23.56
2026-07-13T16:00:00Z,MTR,-25.37,68.0,979.4,14.52,16,194,-0.86603,-0.5,-0.19443,-0.98092,-25.18,-24.43,-24.03
2026-07-13T17:00:00Z,MTR,-25.18,78.8,980.2,16.35,17,194,-0.96593,-0.25882,-0.19443,-0.98092,-24.95,-24.56,-25.06
2026-07-13T18:00:00Z,MTR,-24.95,69.9,982.5,13.31,18,194,-1.0,-0.0,-0.19443,-0.98092,-25.35,-23.99,-25.48
2026-07-13T19:00:00Z,MTR,-25.35,65.2,983.7,12.73,19,194,-0.96593,0.25882,-0.19443,-0.98092,-25.11,-23.15,-25.45
2026-07-13T20:00:00Z,MTR,-25.11,62.5,985.9,9.89,20,194,-0.86603,0.5,-0.19443,-0.98092,-24.54,-23.27,-26.88
2026-07-13T21:00:00Z,MTR,-24.54,63.9,988.3,7.43,21,194,-0.70711,0.70711,-0.19443,-0.98092,-24.43,-22.71,-25.69
2026-07-13T22:00:00Z,MTR,-24.43,61.3,993.2,6.26,22,194,-0.5,0.86603,-0.19443,-0.98092,-24.56,-23.39,-25.68
2026-07-13T23:00:00Z,MTR,-24.56,49.5,993.4,9.33,23,194,-0.25882,0.96593,-0.19443,-0.98092,-23.99,-23.91,-25.93
2026-07-14T00:00:00Z,MTR,-23.99,50.9,992.6,4.93,0,195,0.0,1.0,-0.21128,-0.97743,-23.15,-22.91,-27.45
2026-07-14T01:00:00Z,MTR,-23.15,61.9,993.9,8.41,1,195,0.25882,0.96593,-0.21128,-0.97743,-23.27,-25.33,-27.42
2026-07-14T02:00:00Z,MTR,-23.27,50.7,993.3,11.45,2,195,0.5,0.86603,-0.21128,-0.97743,-22.71,-25.61,-27.32
2026-07-14T03:00:00Z,MTR,-22.71,50.7,996.9,8.33,3,195,0.70711,0.70711,-0.21128,-0.97743,-23.39,-25.53,-27.93
2026-07-14T04:00:00Z,MTR,-23.39,46.5,997.1,6.72,4,195,0.86603,0.5,-0.21128,-0.97743,-23.91,-26.49,-27.65
2026-07-14T05:00:00Z,MTR,-23.91,54.5,996.8,8.67,5,195,0.96593,0.25882,-0.21128,-0.97743,-22.91,-25.71,-27.71
2026-07-14T06:00:00Z,MTR,-22.91,38.9,996.7,9.85,6,195,1.0,0.0,-0.21128,-0.97743,-25.33,-25.83,-28.87
2026-07-14T07:00:00Z,MTR,-25.33,52.6,998.8,9.07,7,195,0.96593,-0.25882,-0.21128,-0.97743,-25.61,-25.36,-28.24
2026-07-14T08:00:00Z,MTR,-25.61,54.2,999.1,8.07,8,195,0.86603,-0.5,-0.21128,-0.97743,-25.53,-24.33,-26.32
2026-07-14T09:00:00Z,MTR,-25.53,52.4,998.5,8.75,9,195,0.70711,-0.70711,-0.21128,-0.97743,-26.49,-23.56,-25.01
2026-07-14T10:00:00Z,MTR,-26.49,41.1,1002.0,7.57,10,195,0.5,-0.86603,-0.21128,-0.97743,-25.71,-24.03,-24.76
2026-07-14T11:00:00Z,MTR,-25.71,27.7,1000.8,4.17,11,195,0.25882,-0.96593,-0.21128,-0.97743,-25.83,-25.06,-24.69
2026-07-14T12:00:00Z,MTR,-25.83,42.5,1001.2,6.9,12,195,0.0,-1.0,-0.21128,-0.97743,-25.36,-25.48,-25.96
2026-07-14T13:00:00Z,MTR,-25.36,47.2,1002.6,5.18,13,195,-0.25882,-0.96593,-0.21128,-0.97743,-24.33,-25.45,-25.83
2026-07-14T14:00:00Z,MTR,-24.33,45.6,999.8,1.86,14,195,-0.5,-0.86603,-0.21128,-0.97743,-23.56,-26.88,-26.12
2026-07-14T15:00:00Z,MTR,-23.56,50.4,1000.9,6.31,15,195,-0.70711,-0.70711,-0.21128,-0.97743,-24.03,-25.69,-28.08
2026-07-14T16:00:00Z,MTR,-24.03,47.1,999.0,7.51,16,195,-0.86603,-0.5,-0.21128,-0.97743,-25.06,-25.68,-27.33
2026-07-14T17:00:00Z,MTR,-25.06,46.0,1000.6,9.85,17,195,-0.96593,-0.25882,-0.21128,-0.97743,-25.48,-25.93,-27.97
2026-07-14T18:00:00Z,MTR,-25.48,56.5,998.7,7.26,18,195,-1.0,-0.0,-0.21128,-0.97743,-25.45,-27.45,-29.71
2026-07-14T19:00:00Z,MTR,-25.45,44.2,999.9,8.23,19,195,-0.96593,0.25882,-0.21128,-0.97743,-26.88,-27.42,-29.57
2026-07-14T20:00:00Z,MTR,-26.88,47.9,1001.6,4.17,20,195,-0.86603,0.5,-0.21128,-0.97743,-25.69,-27.32,-30.02
2026-07-14T21:00:00Z,MTR,-25.69,47.6,1002.7,4.42,21,195,-0.70711,0.70711,-0.21128,-0.97743,-25.68,-27.93,-30.05
2026-07-14T22:00:00Z,MTR,-25.68,56.5,1002.5,7.01,22,195,-0.5,0.86603,-0.21128,-0.97743,-25.93,-27.65,-29.45
2026-07-14T23:00:00Z,MTR,-25.93,52.7,1001.4,2.5,23,195,-0.25882,0.96593,-0.21128,-0.97743,-27.45,-27.71,-30.85
2026-07-15T00:00:00Z,MTR,-27.45,50.1,999.6,6.58,0,196,0.0,1.0,-0.22806,-0.97365,-27.42,-28.87,-30.93
2026-07-15T01:00:00Z,MTR,-27.42,49.3,1001.4,7.21,1,196,0.25882,0.96593,-0.22806,-0.97365,-27.32,-28.24,-31.05
2026-07-15T02:00:00Z,MTR,-27.32,54.8,999.2,9.0,2,196,0.5,0.86603,-0.22806,-0.97365,-27.93,-26.32,-30.8
2026-07-15T03:00:00Z,MTR,-27.93,48.8,996.3,11.29,3,196,0.70711,0.70711,-0.22806,-0.97365,-27.65,-25.01,-32.58
2026-07-15T04:00:00Z,MTR,-27.65,60.3,996.6,10.22,4,196,0.86603,0.5,-0.22806,-0.97365,-27.71,-24.76,-31.96
2026-07-15T05:00:00Z,MTR,-27.71,54.0,994.1,10.7,5,196,0.96593,0.25882,-0.22806,-0.97365,-28.87,-24.69,-25.78
2026-07-15T06:00:00Z,MTR,-28.87,60.7,991.4,12.12,6,196,1.0,0.0,-0.22806,-0.97365,-28.24,-25.96,-28.56
2026-07-15T07:00:00Z,MTR,-28.24,62.7,987.8,12.1,7,196,0.96593,-0.25882,-0.22806,-0.97365,-26.32,-25.83,-28.33
2026-07-15T08:00:00Z,MTR,-26.32,58.7,986.0,11.45,8,196,0.86603,-0.5,-0.22806,-0.97365,-25.01,-26.12,-28.33
2026-07-15T09:00:00Z,MTR,-25.01,62.2,984.9,13.54,9,196,0.70711,-0.70711,-0.22806,-0.97365,-24.76,-28.08,-29.47
2026-07-15T10:00:00Z,MTR,-24.76,60.3,984.4,12.33,10,196,0.5,-0.86603,-0.22806,-0.97365,-24.69,-27.33,-28.54
2026-07-15T11:00:00Z,MTR,-24.69,64.6,985.2,12.11,11,196,0.25882,-0.96593,-0.22806,-0.97365,-25.96,-27.97,-29.03
2026-07-15T12:00:00Z,MTR,-25.96,55.0,985.0,9.07,12,196,0.0,-1.0,-0.22806,-0.97365,-25.83,-29.71,-28.04
2026-07-15T13:00:00Z,MTR,-25.83,59.7,983.6,10.64,13,196,-0.25882,-0.96593,-0.22806,-0.97365,-26.12,-29.57,-28.18
2026-07-15T14:00:00Z,MTR,-26.12,64.5,982.1,12.64,14,196,-0.5,-0.86603,-0.22806,-0.97365,-28.08,-30.02,-29.02
2026-07-15T15:00:00Z,MTR,-28.08,66.1,981.9,12.75,15,196,-0.70711,-0.70711,-0.22806,-0.97365,-27.33,-30.05,-28.5
2026-07-15T16:00:00Z,MTR,-27.33,74.8,983.1,18.85,16,196,-0.86603,-0.5,-0.22806,-0.97365,-27.97,-29.45,-28.68
2026-07-15T17:00:00Z,MTR,-27.97,73.2,982.1,17.71,17,196,-0.96593,-0.25882,-0.22806,-0.97365,-29.71,-30.85,-27.62
2026-07-15T18:00:00Z,MTR,-29.71,68.7,980.1,14.65,18,196,-1.0,-0.0,-0.22806,-0.97365,-29.57,-30.93,-27.07
2026-07-15T19:00:00Z,MTR,-29.57,81.4,977.2,15.22,19,196,-0.96593,0.25882,-0.22806,-0.97365,-30.02,-31.05,-26.95
2026-07-15T20:00:00Z,MTR,-30.02,78.2,973.6,17.21,20,196,-0.86603,0.5,-0.22806,-0.97365,-30.05,-30.8,-26.15
2026-07-15T21:00:00Z,MTR,-30.05,78.7,974.1,14.76,21,196,-0.70711,0.70711,-0.22806,-0.97365,-29.45,-32.58,-26.35
2026-07-15T22:00:00Z,MTR,-29.45,65.4,974.3,13.92,22,196,-0.5,0.86603,-0.22806,-0.97365,-30.85,-31.96,-25.99
2026-07-15T23:00:00Z,MTR,-30.85,69.9,974.6,13.97,23,196,-0.25882,0.96593,-0.22806,-0.97365,-30.93,-25.78,-25.95
2026-07-16T00:00:00Z,MTR,-30.93,80.4,973.6,12.57,0,197,0.0,1.0,-0.24477,-0.96958,-31.05,-28.56,-25.82
2026-07-16T01:00:00Z,MTR,-31.05,77.0,975.4,13.97,1,197,0.25882,0.96593,-0.24477,-0.96958,-30.8,-28.33,-26.12
2026-07-16T02:00:00Z,MTR,-30.8,84.9,973.8,15.72,2,197,0.5,0.86603,-0.24477,-0.96958,-32.58,-28.33,-25.87
2026-07-16T03:00:00Z,MTR,-32.58,81.4,974.9,8.98,3,197,0.70711,0.70711,-0.24477,-0.96958,-31.96,-29.47,-25.73
2026-07-16T04:00:00Z,MTR,-31.96,71.8,974.2,12.28,4,197,0.86603,0.5,-0.24477,-0.96958,-25.78,-28.54,-26.76
2026-07-16T05:00:00Z,MTR,-25.78,82.8,972.6,15.33,5,197,0.96593,0.25882,-0.24477,-0.96958,-28.56,-29.03,-26.45
2026-07-16T06:00:00Z,MTR,-28.56,72.1,973.2,17.48,6,197,1.0,0.0,-0.24477,-0.96958,-28.33,-28.04,-26.07
2026-07-16T07:00:00Z,MTR,-28.33,68.0,973.6,15.13,7,197,0.96593,-0.25882,-0.24477,-0.96958,-28.33,-28.18,-25.37
2026-07-16T08:00:00Z,MTR,-28.33,78.9,973.9,20.84,8,197,0.86603,-0.5,-0.24477,-0.96958,-29.47,-29.02,-26.46
2026-07-16T09:00:00Z,MTR,-29.47,80.3,973.8,17.49,9,197,0.70711,-0.70711,-0.24477,-0.96958,-28.54,-28.5,-26.48
2026-07-16T10:00:00Z,MTR,-28.54,78.8,973.6,18.98,10,197,0.5,-0.86603,-0.24477,-0.96958,-29.03,-28.68,-26.8
2026-07-16T11:00:00Z,MTR,-29.03,76.4,977.7,14.62,11,197,0.25882,-0.96593,-0.24477,-0.96958,-28.04,-27.62,-26.38
2026-07-16T12:00:00Z,MTR,-28.04,64.9,979.6,8.12,12,197,0.0,-1.0,-0.24477,-0.96958,-28.18,-27.07,-27.35
2026-07-16T13:00:00Z,MTR,-28.18,72.3,980.7,9.52,13,197,-0.25882,-0.96593,-0.24477,-0.96958,-29.02,-26.95,-26.35
2026-07-16T14:00:00Z,MTR,-29.02,65.3,980.6,11.68,14,197,-0.5,-0.86603,-0.24477,-0.96958,-28.5,-26.15,-27.2
2026-07-16T15:00:00Z,MTR,-28.5,77.8,982.3,10.49,15,197,-0.70711,-0.70711,-0.24477,-0.96958,-28.68,-26.35,-27.56
2026-07-16T16:00:00Z,MTR,-28.68,70.9,983.0,15.35,16,197,-0.86603,-0.5,-0.24477,-0.96958,-27.62,-25.99,-25.5
2026-07-16T17:00:00Z,MTR,-27.62,73.9,982.9,13.26,17,197,-0.96593,-0.25882,-0.24477,-0.96958,-27.07,-25.95,-25.52
2026-07-16T18:00:00Z,MTR,-27.07,60.8,982.3,14.31,18,197,-1.0,-0.0,-0.24477,-0.96958,-26.95,-25.82,-24.79
2026-07-16T19:00:00Z,MTR,-26.95,65.7,982.2,16.58,19,197,-0.96593,0.25882,-0.24477,-0.96958,-26.15,-26.12,-24.73
2026-07-16T20:00:00Z,MTR,-26.15,73.8,976.5,19.21,20,197,-0.86603,0.5,-0.24477,-0.96958,-26.35,-25.87,-23.92
2026-07-16T21:00:00Z,MTR,-26.35,66.1,977.3,13.99,21,197,-0.70711,0.70711,-0.24477,-0.96958,-25.99,-25.73,-23.5
2026-07-16T22:00:00Z,MTR,-25.99,79.6,976.9,11.23,22,197,-0.5,0.86603,-0.24477,-0.96958,-25.95,-26.76,-24.31
2026-07-16T23:00:00Z,MTR,-25.95,67.9,980.2,9.62,23,197,-0.25882,0.96593,-0.24477,-0.96958,-25.82,-26.45,-25.8
2026-07-17T00:00:00Z,MTR,-25.82,60.8,980.6,13.25,0,198,0.0,1.0,-0.26141,-0.96523,-26.12,-26.07,-26.83
2026-07-17T01:00:00Z,MTR,-26.12,67.5,978.9,12.98,1,198,0.25882,0.96593,-0.26141,-0.96523,-25.87,-25.37,-27.22
2026-07-17T02:00:00Z,MTR,-25.87,63.5,979.3,11.37,2,198,0.5,0.86603,-0.26141,-0.96523,-25.73,-26.46,-26.78
2026-07-17T03:00:00Z,MTR,-25.73,75.5,977.9,15.75,3,198,0.70711,0.70711,-0.26141,-0.96523,-26.76,-26.48,-26.04
2026-07-17T04:00:00Z,MTR,-26.76,72.3,979.4,12.25,4,198,0.86603,0.5,-0.26141,-0.96523,-26.45,-26.8,-26.13
2026-07-17T05:00:00Z,MTR,-26.45,71.0,980.4,10.85,5,198,0.96593,0.25882,-0.26141,-0.96523,-26.07,-26.38,-26.06
2026-07-17T06:00:00Z,MTR,-26.07,70.2,982.7,9.76,6,198,1.0,0.0,-0.26141,-0.96523,-25.37,-27.35,-27.85
2026-07-17T07:00:00Z,MTR,-25.37,77.7,981.7,11.1,7,198,0.96593,-0.25882,-0.26141,-0.96523,-26.46,-26.35,-28.02
2026-07-17T08:00:00Z,MTR,-26.46,76.6,982.2,15.79,8,198,0.86603,-0.5,-0.26141,-0.96523,-26.48,-27.2,-28.02
2026-07-17T09:00:00Z,MTR,-26.48,66.6,980.1,13.19,9,198,0.70711,-0.70711,-0.26141,-0.96523,-26.8,-27.56,-27.63
2026-07-17T10:00:00Z,MTR,-26.8,77.4,981.9,12.2,10,198,0.5,-0.86603,-0.26141,-0.96523,-26.38,-25.5,-27.83
2026-07-17T11:00:00Z,MTR,-26.38,64.1,983.3,11.35,11,198,0.25882,-0.96593,-0.26141,-0.96523,-27.35,-25.52,-28.16
2026-07-17T12:00:00Z,MTR,-27.35,63.3,984.5,7.63,12,198,0.0,-1.0,-0.26141,-0.96523,-26.35,-24.79,-26.67
2026-07-17T13:00:00Z,MTR,-26.35,63.4,984.8,9.51,13,198,-0.25882,-0.96593,-0.26141,-0.96523,-27.2,-24.73,-27.73
2026-07-17T14:00:00Z,MTR,-27.2,65.6,985.8,10.22,14,198,-0.5,-0.86603,-0.26141,-0.96523,-27.56,-23.92,-26.66
2026-07-17T15:00:00Z,MTR,-27.56,49.4,988.9,8.82,15,198,-0.70711,-0.70711,-0.26141,-0.96523,-25.5,-23.5,-26.21
2026-07-17T16:00:00Z,MTR,-25.5,59.9,988.4,10.44,16,198,-0.86603,-0.5,-0.26141,-0.96523,-25.52,-24.31,-26.35
2026-07-17T17:00:00Z,MTR,-25.52,61.3,988.6,11.43,17,198,-0.96593,-0.25882,-0.26141,-0.96523,-24.79,-25.8,-24.74
2026-07-17T18:00:00Z,MTR,-24.79,53.5,986.6,11.96,18,198,-1.0,-0.0,-0.26141,-0.96523,-24.73,-26.83,-24.92
2026-07-17T19:00:00Z,MTR,-24.73,55.5,985.1,13.7,19,198,-0.96593,0.25882,-0.26141,-0.96523,-23.92,-27.22,-25.69
2026-07-17T20:00:00Z,MTR,-23.92,58.9,985.4,11.42,20,198,-0.86603,0.5,-0.26141,-0.96523,-23.5,-26.78,-25.61
2026-07-17T21:00:00Z,MTR,-23.5,58.1,987.5,14.23,21,198,-0.70711,0.70711,-0.26141,-0.96523,-24.31,-26.04,-25.03
2026-07-17T22:00:00Z,MTR,-24.31,60.8,987.0,8.52,22,198,-0.5,0.86603,-0.26141,-0.96523,-25.8,-26.13,-24.74
2026-07-17T23:00:00Z,MTR,-25.8,60.4,986.5,8.83,23,198,-0.25882,0.96593,-0.26141,-0.96523,-26.83,-26.06,-25.28
2026-07-18T00:00:00Z,MTR,-26.83,68.1,985.8,10.03,0,199,0.0,1.0,-0.27798,-0.96059,-27.22,-27.85,-24.87
2026-07-18T01:00:00Z,MTR,-27.22,61.8,984.8,11.7,1,199,0.25882,0.96593,-0.27798,-0.96059,-26.78,-28.02,-26.29
2026-07-18T02:00:00Z,MTR,-26.78,60.4,985.4,8.7,2,199,0.5,0.86603,-0.27798,-0.96059,-26.04,-28.02,-25.31
2026-07-18T03:00:00Z,MTR,-26.04,71.0,982.7,12.52,3,199,0.70711,0.70711,-0.27798,-0.96059,-26.13,-27.63,-24.81
2026-07-18T04:00:00Z,MTR,-26.13,54.5,985.2,14.06,4,199,0.86603,0.5,-0.27798,-0.96059,-26.06,-27.83,-26.57
2026-07-18T05:00:00Z,MTR,-26.06,72.8,984.0,9.99,5,199,0.96593,0.25882,-0.27798,-0.96059,-27.85,-28.16,-27.14
2026-07-18T06:00:00Z,MTR,-27.85,55.7,985.4,12.68,6,199,1.0,0.0,-0.27798,-0.96059,-28.02,-26.67,-26.2
2026-07-18T07:00:00Z,MTR,-28.02,70.0,983.2,10.5,7,199,0.96593,-0.25882,-0.27798,-0.96059,-28.02,-27.73,-26.42
2026-07-18T08:00:00Z,MTR,-28.02,67.9,984.6,11.04,8,199,0.86603,-0.5,-0.27798,-0.96059,-27.63,-26.66,-26.48
2026-07-18T09:00:00Z,MTR,-27.63,70.4,985.9,11.84,9,199,0.70711,-0.70711,-0.27798,-0.96059,-27.83,-26.21,-25.45
2026-07-18T10:00:00Z,MTR,-27.83,57.8,986.7,10.25,10,199,0.5,-0.86603,-0.27798,-0.96059,-28.16,-26.35,-25.99
2026-07-18T11:00:00Z,MTR,-28.16,62.6,985.0,8.12,11,199,0.25882,-0.96593,-0.27798,-0.96059,-26.67,-24.74,-27.66
2026-07-18T12:00:00Z,MTR,-26.67,57.1,985.6,11.73,12,199,0.0,-1.0,-0.27798,-0.96059,-27.73,-24.92,-26.58
2026-07-18T13:00:00Z,MTR,-27.73,64.0,983.7,10.16,13,199,-0.25882,-0.96593,-0.27798,-0.96059,-26.66,-25.69,-26.93
2026-07-18T14:00:00Z,MTR,-26.66,64.7,983.6,12.81,14,199,-0.5,-0.86603,-0.27798,-0.96059,-26.21,-25.61,-26.96
2026-07-18T15:00:00Z,MTR,-26.21,71.3,985.9,14.69,15,199,-0.70711,-0.70711,-0.27798,-0.96059,-26.35,-25.03,-27.1
2026-07-18T16:00:00Z,MTR,-26.35,63.2,987.6,10.31,16,199,-0.86603,-0.5,-0.27798,-0.96059,-24.74,-24.74,-27.46
2026-07-18T17:00:00Z,MTR,-24.74,60.8,987.9,13.14,17,199,-0.96593,-0.25882,-0.27798,-0.96059,-24.92,-25.28,-28.08
2026-07-18T18:00:00Z,MTR,-24.92,62.3,986.5,13.33,18,199,-1.0,-0.0,-0.27798,-0.96059,-25.69,-24.87,-28.15
2026-07-18T19:00:00Z,MTR,-25.69,57.3,988.1,9.07,19,199,-0.96593,0.25882,-0.27798,-0.96059,-25.61,-26.29,-28.8
2026-07-18T20:00:00Z,MTR,-25.61,59.4,988.6,13.76,20,199,-0.86603,0.5,-0.27798,-0.96059,-25.03,-25.31,-27.66
2026-07-18T21:00:00Z,MTR,-25.03,64.2,984.8,12.23,21,199,-0.70711,0.70711,-0.27798,-0.96059,-24.74,-24.81,-26.71
2026-07-18T22:00:00Z,MTR,-24.74,70.6,986.9,9.54,22,199,-0.5,0.86603,-0.27798,-0.96059,-25.28,-26.57,-26.31
2026-07-18T23:00:00Z,MTR,-25.28,61.4,987.5,6.33,23,199,-0.25882,0.96593,-0.27798,-0.96059,-24.87,-27.14,-25.96
2026-07-19T00:00:00Z,MTR,-24.87,51.0,990.3,5.17,0,200,0.0,1.0,-0.29446,-0.95566,-26.29,-26.2,-27.28
2026-07-19T01:00:00Z,MTR,-26.29,71.8,988.9,8.87,1,200,0.25882,0.96593,-0.29446,-0.95566,-25.31,-26.42,-26.41
2026-07-19T02:00:00Z,MTR,-25.31,68.9,983.9,8.94,2,200,0.5,0.86603,-0.29446,-0.95566,-24.81,-26.48,-26.78
2026-07-19T03:00:00Z,MTR,-24.81,68.4,985.4,13.11,3,200,0.70711,0.70711,-0.29446,-0.95566,-26.57,-25.45,-25.78
2026-07-19T04:00:00Z,MTR,-26.57,60.4,986.9,11.15,4,200,0.86603,0.5,-0.29446,-0.95566,-27.14,-25.99,-24.58
2026-07-19T05:00:00Z,MTR,-27.14,67.2,984.7,9.85,5,200,0.96593,0.25882,-0.29446,-0.95566,-26.2,-27.66,-24.91
2026-07-19T06:00:00Z,MTR,-26.2,66.1,984.0,12.0,6,200,1.0,0.0,-0.29446,-0.95566,-26.42,-26.58,-26.71
2026-07-19T07:00:00Z,MTR,-26.42,50.8,990.1,9.06,7,200,0.96593,-0.25882,-0.29446,-0.95566,-26.48,-26.93,-26.55
2026-07-19T08:00:00Z,MTR,-26.48,59.4,990.4,8.3,8,200,0.86603,-0.5,-0.29446,-0.95566,-25.45,-26.96,-27.45
2026-07-19T09:00:00Z,MTR,-25.45,47.7,992.5,5.05,9,200,0.70711,-0.70711,-0.29446,-0.95566,-25.99,-27.1,-27.87
2026-07-19T10:00:00Z,MTR,-25.99,57.2,992.1,9.1,10,200,0.5,-0.86603,-0.29446,-0.95566,-27.66,-27.46,-27.97
2026-07-19T11:00:00Z,MTR,-27.66,60.1,989.0,7.15,11,200,0.25882,-0.96593,-0.29446,-0.95566,-26.58,-28.08,-27.2
2026-07-19T12:00:00Z,MTR,-26.58,54.3,989.6,11.71,12,200,0.0,-1.0,-0.29446,-0.95566,-26.93,-28.15,-26.85
2026-07-19T13:00:00Z,MTR,-26.93,58.8,990.0,10.72,13,200,-0.25882,-0.96593,-0.29446,-0.95566,-26.96,-28.8,-25.7
2026-07-19T14:00:00Z,MTR,-26.96,61.7,990.1,12.81,14,200,-0.5,-0.86603,-0.29446,-0.95566,-27.1,-27.66,-26.38
2026-07-19T15:00:00Z,MTR,-27.1,55.2,990.7,11.51,15,200,-0.70711,-0.70711,-0.29446,-0.95566,-27.46,-26.71,-25.57
2026-07-19T16:00:00Z,MTR,-27.46,58.1,991.9,9.06,16,200,-0.86603,-0.5,-0.29446,-0.95566,-28.08,-26.31,-25.03
2026-07-19T17:00:00Z,MTR,-28.08,62.4,992.3,11.11,17,200,-0.96593,-0.25882,-0.29446,-0.95566,-28.15,-25.96,-23.78
2026-07-19T18:00:00Z,MTR,-28.15,61.8,990.5,10.55,18,200,-1.0,-0.0,-0.29446,-0.95566,-28.8,-27.28,-23.98
2026-07-19T19:00:00Z,MTR,-28.8,54.8,992.0,11.23,19,200,-0.96593,0.25882,-0.29446,-0.95566,-27.66,-26.41,-23.4
2026-07-19T20:00:00Z,MTR,-27.66,67.2,988.9,13.0,20,200,-0.86603,0.5,-0.29446,-0.95566,-26.71,-26.78,-24.69
2026-07-19T21:00:00Z,MTR,-26.71,66.8,985.8,12.91,21,200,-0.70711,0.70711,-0.29446,-0.95566,-26.31,-25.78,-20.75
2026-07-19T22:00:00Z,MTR,-26.31,59.5,987.7,10.35,22,200,-0.5,0.86603,-0.29446,-0.95566,-25.96,-24.58,-19.61
2026-07-19T23:00:00Z,MTR,-25.96,55.6,989.1,9.17,23,200,-0.25882,0.96593,-0.29446,-0.95566,-27.28,-24.91,-19.3
2026-07-20T00:00:00Z,MTR,-27.28,61.4,989.3,8.51,0,201,0.0,1.0,-0.31086,-0.95046,-26.41,-26.71,-18.53
2026-07-20T01:00:00Z,MTR,-26.41,67.0,987.0,11.96,1,201,0.25882,0.96593,-0.31086,-0.95046,-26.78,-26.55,-18.33
2026-07-20T02:00:00Z,MTR,-26.78,67.7,985.9,9.96,2,201,0.5,0.86603,-0.31086,-0.95046,-25.78,-27.45,-19.17
2026-07-20T03:00:00Z,MTR,-25.78,65.8,985.6,11.25,3,201,0.70711,0.70711,-0.31086,-0.95046,-24.58,-27.87,-19.94
2026-07-20T04:00:00Z,MTR,-24.58,64.1,982.8,12.24,4,201,0.86603,0.5,-0.31086,-0.95046,-24.91,-27.97,-19.63
2026-07-20T05:00:00Z,MTR,-24.91,70.5,981.6,14.28,5,201,0.96593,0.25882,-0.31086,-0.95046,-26.71,-27.2,-20.57
2026-07-20T06:00:00Z,MTR,-26.71,62.3,982.9,14.98,6,201,1.0,0.0,-0.31086,-0.95046,-26.55,-26.85,-19.3
2026-07-20T07:00:00Z,MTR,-26.55,65.1,985.4,13.36,7,201,0.96593,-0.25882,-0.31086,-0.95046,-27.45,-25.7,-20.28
2026-07-20T08:00:00Z,MTR,-27.45,73.5,984.3,12.65,8,201,0.86603,-0.5,-0.31086,-0.95046,-27.87,-26.38,-20.05
2026-07-20T09:00:00Z,MTR,-27.87,58.9,985.3,14.03,9,201,0.70711,-0.70711,-0.31086,-0.95046,-27.97,-25.57,-18.19
2026-07-20T10:00:00Z,MTR,-27.97,64.2,981.3,10.89,10,201,0.5,-0.86603,-0.31086,-0.95046,-27.2,-25.03,-15.97
2026-07-20T11:00:00Z,MTR,-27.2,70.2,982.1,8.38,11,201,0.25882,-0.96593,-0.31086,-0.95046,-26.85,-23.78,-16.53
2026-07-20T12:00:00Z,MTR,-26.85,64.1,980.1,11.79,12,201,0.0,-1.0,-0.31086,-0.95046,-25.7,-23.98,-16.27
2026-07-20T13:00:00Z,MTR,-25.7,76.2,980.1,11.97,13,201,-0.25882,-0.96593,-0.31086,-0.95046,-26.38,-23.4,-17.09
2026-07-20T14:00:00Z,MTR,-26.38,74.8,979.0,12.92,14,201,-0.5,-0.86603,-0.31086,-0.95046,-25.57,-24.69,-16.34
2026-07-20T15:00:00Z,MTR,-25.57,72.6,980.7,10.78,15,201,-0.70711,-0.70711,-0.31086,-0.95046,-25.03,-20.75,-15.34
2026-07-20T16:00:00Z,MTR,-25.03,77.0,978.3,15.17,16,201,-0.86603,-0.5,-0.31086,-0.95046,-23.78,-19.61,-15.49
2026-07-20T17:00:00Z,MTR,-23.78,65.5,978.6,18.61,17,201,-0.96593,-0.25882,-0.31086,-0.95046,-23.98,-19.3,-15.04
2026-07-20T18:00:00Z,MTR,-23.98,66.3,977.2,12.93,18,201,-1.0,-0.0,-0.31086,-0.95046,-23.4,-18.53,-14.7
2026-07-20T19:00:00Z,MTR,-23.4,80.2,976.1,15.55,19,201,-0.96593,0.25882,-0.31086,-0.95046,-24.69,-18.33,-16.27
2026-07-20T20:00:00Z,MTR,-24.69,73.4,974.8,16.07,20,201,-0.86603,0.5,-0.31086,-0.95046,-20.75,-19.17,-17.02
2026-07-20T21:00:00Z,MTR,-20.75,76.7,972.5,15.26,21,201,-0.70711,0.70711,-0.31086,-0.95046,-19.61,-19.94,-15.76
2026-07-20T22:00:00Z,MTR,-19.61,81.7,971.7,16.02,22,201,-0.5,0.86603,-0.31086,-0.95046,-19.3,-19.63,-14.87
2026-07-20T23:00:00Z,MTR,-19.3,79.2,970.8,14.25,23,201,-0.25882,0.96593,-0.31086,-0.95046,-18.53,-20.57,-16.54
2026-07-21T00:00:00Z,MTR,-18.53,84.3,970.5,14.65,0,202,0.0,1.0,-0.32716,-0.94497,-18.33,-19.3,-16.99
2026-07-21T01:00:00Z,MTR,-18.33,82.5,969.9,14.94,1,202,0.25882,0.96593,-0.32716,-0.94497,-19.17,-20.28,-15.2
2026-07-21T02:00:00Z,MTR,-19.17,77.9,970.6,14.97,2,202,0.5,0.86603,-0.32716,-0.94497,-19.94,-20.05,-17.77
2026-07-21T03:00:00Z,MTR,-19.94,77.9,971.5,16.32,3,202,0.70711,0.70711,-0.32716,-0.94497,-19.63,-18.19,-19.6
2026-07-21T04:00:00Z,MTR,-19.63,83.1,968.8,18.88,4,202,0.86603,0.5,-0.32716,-0.94497,-20.57,-15.97,-20.58
2026-07-21T05:00:00Z,MTR,-20.57,81.6,969.8,14.85,5,202,0.96593,0.25882,-0.32716,-0.94497,-19.3,-16.53,-25.82
2026-07-21T06:00:00Z,MTR,-19.3,88.2,967.0,20.4,6,202,1.0,0.0,-0.32716,-0.94497,-20.28,-16.27,-26.93
2026-07-21T07:00:00Z,MTR,-20.28,83.4,967.6,17.25,7,202,0.96593,-0.25882,-0.32716,-0.94497,-20.05,-17.09,-26.86
2026-07-21T08:00:00Z,MTR,-20.05,82.2,968.2,19.37,8,202,0.86603,-0.5,-0.32716,-0.94497,-18.19,-16.34,-29.08
2026-07-21T09:00:00Z,MTR,-18.19,85.0,964.3,17.53,9,202,0.70711,-0.70711,-0.32716,-0.94497,-15.97,-15.34,-29.3
2026-07-21T10:00:00Z,MTR,-15.97,84.4,964.3,19.58,10,202,0.5,-0.86603,-0.32716,-0.94497,-16.53,-15.49,-29.44
2026-07-21T11:00:00Z,MTR,-16.53,95.0,963.3,17.54,11,202,0.25882,-0.96593,-0.32716,-0.94497,-16.27,-15.04,-27.91
2026-07-21T12:00:00Z,MTR,-16.27,83.3,961.9,15.33,12,202,0.0,-1.0,-0.32716,-0.94497,-17.09,-14.7,-27.96
2026-07-21T13:00:00Z,MTR,-17.09,79.1,964.5,16.37,13,202,-0.25882,-0.96593,-0.32716,-0.94497,-16.34,-16.27,-26.3
2026-07-21T14:00:00Z,MTR,-16.34,92.3,963.4,20.84,14,202,-0.5,-0.86603,-0.32716,-0.94497,-15.34,-17.02,-25.41
2026-07-21T15:00:00Z,MTR,-15.34,91.2,962.1,19.7,15,202,-0.70711,-0.70711,-0.32716,-0.94497,-15.49,-15.76,-25.17
2026-07-21T16:00:00Z,MTR,-15.49,98.4,962.6,19.07,16,202,-0.86603,-0.5,-0.32716,-0.94497,-15.04,-14.87,-24.65
2026-07-21T17:00:00Z,MTR,-15.04,86.9,964.3,22.06,17,202,-0.96593,-0.25882,-0.32716,-0.94497,-14.7,-16.54,-24.88
2026-07-21T18:00:00Z,MTR,-14.7,86.9,964.5,21.56,18,202,-1.0,-0.0,-0.32716,-0.94497,-16.27,-16.99,-24.9
2026-07-21T19:00:00Z,MTR,-16.27,79.0,967.1,17.18,19,202,-0.96593,0.25882,-0.32716,-0.94497,-17.02,-15.2,-26.13
2026-07-21T20:00:00Z,MTR,-17.02,82.3,968.5,17.63,20,202,-0.86603,0.5,-0.32716,-0.94497,-15.76,-17.77,-25.92
2026-07-21T21:00:00Z,MTR,-15.76,75.8,965.0,15.1,21,202,-0.70711,0.70711,-0.32716,-0.94497,-14.87,-19.6,-25.91
2026-07-21T22:00:00Z,MTR,-14.87,76.6,964.8,19.71,22,202,-0.5,0.86603,-0.32716,-0.94497,-16.54,-20.58,-25.81
2026-07-21T23:00:00Z,MTR,-16.54,82.8,964.7,17.19,23,202,-0.25882,0.96593,-0.32716,-0.94497,-16.99,-25.82,-24.57
2026-07-22T00:00:00Z,MTR,-16.99,84.0,966.5,17.02,0,203,0.0,1.0,-0.34337,-0.9392,-15.2,-26.93,-24.84
2026-07-22T01:00:00Z,MTR,-15.2,83.6,962.7,13.99,1,203,0.25882,0.96593,-0.34337,-0.9392,-17.77,-26.86,-25.76
2026-07-22T02:00:00Z,MTR,-17.77,78.5,968.4,16.21,2,203,0.5,0.86603,-0.34337,-0.9392,-19.6,-29.08,-26.25
2026-07-22T03:00:00Z,MTR,-19.6,72.2,970.4,17.19,3,203,0.70711,0.70711,-0.34337,-0.9392,-20.58,-29.3,-25.66
2026-07-22T04:00:00Z,MTR,-20.58,80.4,971.6,12.76,4,203,0.86603,0.5,-0.34337,-0.9392,-25.82,-29.44,-25.27
2026-07-22T05:00:00Z,MTR,-25.82,72.0,974.7,17.63,5,203,0.96593,0.25882,-0.34337,-0.9392,-26.93,-27.91,-25.57
2026-07-22T06:00:00Z,MTR,-26.93,77.8,979.8,14.1,6,203,1.0,0.0,-0.34337,-0.9392,-26.86,-27.96,-26.68
2026-07-22T07:00:00Z,MTR,-26.86,65.8,982.0,10.37,7,203,0.96593,-0.25882,-0.34337,-0.9392,-29.08,-26.3,-25.8
2026-07-22T08:00:00Z,MTR,-29.08,59.0,984.3,11.73,8,203,0.86603,-0.5,-0.34337,-0.9392,-29.3,-25.41,-26.32
2026-07-22T09:00:00Z,MTR,-29.3,52.3,985.1,12.86,9,203,0.70711,-0.70711,-0.34337,-0.9392,-29.44,-25.17,-26.09
2026-07-22T10:00:00Z,MTR,-29.44,56.3,985.3,9.31,10,203,0.5,-0.86603,-0.34337,-0.9392,-27.91,-24.65,-26.21
2026-07-22T11:00:00Z,MTR,-27.91,62.7,985.0,10.3,11,203,0.25882,-0.96593,-0.34337,-0.9392,-27.96,-24.88,-27.44
2026-07-22T12:00:00Z,MTR,-27.96,51.6,984.1,8.92,12,203,0.0,-1.0,-0.34337,-0.9392,-26.3,-24.9,-27.13
2026-07-22T13:00:00Z,MTR,-26.3,59.5,983.6,6.89,13,203,-0.25882,-0.96593,-0.34337,-0.9392,-25.41,-26.13,-28.02
2026-07-22T14:00:00Z,MTR,-25.41,64.6,981.8,13.55,14,203,-0.5,-0.86603,-0.34337,-0.9392,-25.17,-25.92,-27.7
2026-07-22T15:00:00Z,MTR,-25.17,63.1,982.5,14.42,15,203,-0.70711,-0.70711,-0.34337,-0.9392,-24.65,-25.91,-28.04
2026-07-22T16:00:00Z,MTR,-24.65,66.8,980.2,16.41,16,203,-0.86603,-0.5,-0.34337,-0.9392,-24.88,-25.81,-28.12
2026-07-22T17:00:00Z,MTR,-24.88,65.4,981.5,14.08,17,203,-0.96593,-0.25882,-0.34337,-0.9392,-24.9,-24.57,-27.51
2026-07-22T18:00:00Z,MTR,-24.9,63.3,982.2,14.9,18,203,-1.0,-0.0,-0.34337,-0.9392,-26.13,-24.84,-28.42
2026-07-22T19:00:00Z,MTR,-26.13,72.2,983.2,10.24,19,203,-0.96593,0.25882,-0.34337,-0.9392,-25.92,-25.76,-26.01
2026-07-22T20:00:00Z,MTR,-25.92,63.0,983.0,13.67,20,203,-0.86603,0.5,-0.34337,-0.9392,-25.91,-26.25,-26.7
2026-07-22T21:00:00Z,MTR,-25.91,45.6,989.2,9.92,21,203,-0.70711,0.70711,-0.34337,-0.9392,-25.81,-25.66,-26.18
2026-07-22T22:00:00Z,MTR,-25.81,47.4,992.1,8.74,22,203,-0.5,0.86603,-0.34337,-0.9392,-24.57,-25.27,-25.55
2026-07-22T23:00:00Z,MTR,-24.57,59.9,990.0,6.5,23,203,-0.25882,0.96593,-0.34337,-0.9392,-24.84,-25.57,-24.49
2026-07-23T00:00:00Z,MTR,-24.84,59.5,990.7,9.84,0,204,0.0,1.0,-0.35947,-0.93316,-25.76,-26.68,-25.1
2026-07-23T01:00:00Z,MTR,-25.76,54.2,989.8,5.49,1,204,0.25882,0.96593,-0.35947,-0.93316,-26.25,-25.8,-25.77
2026-07-23T02:00:00Z,MTR,-26.25,52.9,988.2,10.72,2,204,0.5,0.86603,-0.35947,-0.93316,-25.66,-26.32,-25.01
2026-07-23T03:00:00Z,MTR,-25.66,65.4,986.1,9.77,3,204,0.70711,0.70711,-0.35947,-0.93316,-25.27,-26.09,-24.71
2026-07-23T04:00:00Z,MTR,-25.27,54.6,987.2,16.02,4,204,0.86603,0.5,-0.35947,-0.93316,-25.57,-26.21,-24.26
2026-07-23T05:00:00Z,MTR,-25.57,64.7,986.3,13.85,5,204,0.96593,0.25882,-0.35947,-0.93316,-26.68,-27.44,-23.52
2026-07-23T06:00:00Z,MTR,-26.68,58.1,988.3,11.84,6,204,1.0,0.0,-0.35947,-0.93316,-25.8,-27.13,-23.65
2026-07-23T07:00:00Z,MTR,-25.8,60.0,990.3,9.07,7,204,0.96593,-0.25882,-0.35947,-0.93316,-26.32,-28.02,-23.7
2026-07-23T08:00:00Z,MTR,-26.32,53.2,992.8,11.72,8,204,0.86603,-0.5,-0.35947,-0.93316,-26.09,-27.7,-22.9
2026-07-23T09:00:00Z,MTR,-26.09,62.2,991.1,3.4,9,204,0.70711,-0.70711,-0.35947,-0.93316,-26.21,-28.04,-23.0
2026-07-23T10:00:00Z,MTR,-26.21,46.8,991.9,9.71,10,204,0.5,-0.86603,-0.35947,-0.93316,-27.44,-28.12,-23.99
2026-07-23T11:00:00Z,MTR,-27.44,57.5,993.0,8.77,11,204,0.25882,-0.96593,-0.35947,-0.93316,-27.13,-27.51,-24.84
2026-07-23T12:00:00Z,MTR,-27.13,53.8,991.9,8.09,12,204,0.0,-1.0,-0.35947,-0.93316,-28.02,-28.42,-25.16
2026-07-23T13:00:00Z,MTR,-28.02,54.1,990.4,10.27,13,204,-0.25882,-0.96593,-0.35947,-0.93316,-27.7,-26.01,-25.0
2026-07-23T14:00:00Z,MTR,-27.7,60.2,993.3,7.37,14,204,-0.5,-0.86603,-0.35947,-0.93316,-28.04,-26.7,-24.39
2026-07-23T15:00:00Z,MTR,-28.04,49.5,993.5,10.25,15,204,-0.70711,-0.70711,-0.35947,-0.93316,-28.12,-26.18,-22.74
2026-07-23T16:00:00Z,MTR,-28.12,54.2,994.4,8.06,16,204,-0.86603,-0.5,-0.35947,-0.93316,-27.51,-25.55,-23.17
2026-07-23T17:00:00Z,MTR,-27.51,55.6,992.6,8.67,17,204,-0.96593,-0.25882,-0.35947,-0.93316,-28.42,-24.49,-24.45
2026-07-23T18:00:00Z,MTR,-28.42,51.3,990.3,9.18,18,204,-1.0,-0.0,-0.35947,-0.93316,-26.01,-25.1,-25.79
2026-07-23T19:00:00Z,MTR,-26.01,63.2,989.2,10.97,19,204,-0.96593,0.25882,-0.35947,-0.93316,-26.7,-25.77,-26.01
2026-07-23T20:00:00Z,MTR,-26.7,70.1,989.0,13.41,20,204,-0.86603,0.5,-0.35947,-0.93316,-26.18,-25.01,-26.07
2026-07-23T21:00:00Z,MTR,-26.18,70.3,987.2,14.68,21,204,-0.70711,0.70711,-0.35947,-0.93316,-25.55,-24.71,-25.66
2026-07-23T22:00:00Z,MTR,-25.55,62.6,987.3,9.93,22,204,-0.5,0.86603,-0.35947,-0.93316,-24.49,-24.26,-23.9
2026-07-23T23:00:00Z,MTR,-24.49,62.2,984.5,9.29,23,204,-0.25882,0.96593,-0.35947,-0.93316,-25.1,-23.52,-23.61
2026-07-24T00:00:00Z,MTR,-25.1,70.1,982.8,12.88,0,205,0.0,1.0,-0.37547,-0.92683,-25.77,-23.65,-23.7
2026-07-24T01:00:00Z,MTR,-25.77,68.8,984.5,11.43,1,205,0.25882,0.96593,-0.37547,-0.92683,-25.01,-23.7,-23.14
2026-07-24T02:00:00Z,MTR,-25.01,62.7,986.0,10.96,2,205,0.5,0.86603,-0.37547,-0.92683,-24.71,-22.9,-24.55
2026-07-24T03:00:00Z,MTR,-24.71,50.2,985.7,9.53,3,205,0.70711,0.70711,-0.37547,-0.92683,-24.26,-23.0,-24.5
2026-07-24T04:00:00Z,MTR,-24.26,57.6,984.3,15.62,4,205,0.86603,0.5,-0.37547,-0.92683,-23.52,-23.99,-25.86
2026-07-24T05:00:00Z,MTR,-23.52,68.4,983.0,13.73,5,205,0.96593,0.25882,-0.37547,-0.92683,-23.65,-24.84,-24.86
2026-07-24T06:00:00Z,MTR,-23.65,67.8,983.0,13.68,6,205,1.0,0.0,-0.37547,-0.92683,-23.7,-25.16,-25.99
2026-07-24T07:00:00Z,MTR,-23.7,62.1,984.8,14.03,7,205,0.96593,-0.25882,-0.37547,-0.92683,-22.9,-25.0,-25.3
2026-07-24T08:00:00Z,MTR,-22.9,62.8,987.1,11.87,8,205,0.86603,-0.5,-0.37547,-0.92683,-23.0,-24.39,-24.78
2026-07-24T09:00:00Z,MTR,-23.0,55.2,986.8,14.34,9,205,0.70711,-0.70711,-0.37547,-0.92683,-23.99,-22.74,-23.8
2026-07-24T10:00:00Z,MTR,-23.99,62.8,985.3,13.19,10,205,0.5,-0.86603,-0.37547,-0.92683,-24.84,-23.17,-24.67
2026-07-24T11:00:00Z,MTR,-24.84,59.5,986.4,8.8,11,205,0.25882,-0.96593,-0.37547,-0.92683,-25.16,-24.45,-24.84
2026-07-24T12:00:00Z,MTR,-25.16,52.4,985.6,9.47,12,205,0.0,-1.0,-0.37547,-0.92683,-25.0,-25.79,-24.22
2026-07-24T13:00:00Z,MTR,-25.0,62.8,985.4,9.1,13,205,-0.25882,-0.96593,-0.37547,-0.92683,-24.39,-26.01,-24.12
2026-07-24T14:00:00Z,MTR,-24.39,53.0,988.5,13.85,14,205,-0.5,-0.86603,-0.37547,-0.92683,-22.74,-26.07,-23.91
2026-07-24T15:00:00Z,MTR,-22.74,61.3,990.6,8.65,15,205,-0.70711,-0.70711,-0.37547,-0.92683,-23.17,-25.66,-23.54
2026-07-24T16:00:00Z,MTR,-23.17,58.3,991.4,10.15,16,205,-0.86603,-0.5,-0.37547,-0.92683,-24.45,-23.9,-23.98
2026-07-24T17:00:00Z,MTR,-24.45,55.7,989.6,12.07,17,205,-0.96593,-0.25882,-0.37547,-0.92683,-25.79,-23.61,-24.88
2026-07-24T18:00:00Z,MTR,-25.79,53.0,990.6,12.15,18,205,-1.0,-0.0,-0.37547,-0.92683,-26.01,-23.7,-25.59
2026-07-24T19:00:00Z,MTR,-26.01,48.5,993.0,11.56,19,205,-0.96593,0.25882,-0.37547,-0.92683,-26.07,-23.14,-25.73
2026-07-24T20:00:00Z,MTR,-26.07,53.4,992.7,11.57,20,205,-0.86603,0.5,-0.37547,-0.92683,-25.66,-24.55,-26.35
2026-07-24T21:00:00Z,MTR,-25.66,56.3,995.5,9.86,21,205,-0.70711,0.70711,-0.37547,-0.92683,-23.9,-24.5,-26.6
2026-07-24T22:00:00Z,MTR,-23.9,47.1,998.0,6.04,22,205,-0.5,0.86603,-0.37547,-0.92683,-23.61,-25.86,-26.63
2026-07-24T23:00:00Z,MTR,-23.61,44.2,1001.1,3.95,23,205,-0.25882,0.96593,-0.37547,-0.92683,-23.7,-24.86,-25.5
2026-07-25T00:00:00Z,MTR,-23.7,39.2,1001.5,4.08,0,206,0.0,1.0,-0.39136,-0.92024,-23.14,-25.99,-26.36
2026-07-25T01:00:00Z,MTR,-23.14,41.2,1002.3,3.52,1,206,0.25882,0.96593,-0.39136,-0.92024,-24.55,-25.3,-26.95
2026-07-25T02:00:00Z,MTR,-24.55,40.3,1004.6,3.41,2,206,0.5,0.86603,-0.39136,-0.92024,-24.5,-24.78,-26.98
2026-07-25T03:00:00Z,MTR,-24.5,42.0,1004.9,4.49,3,206,0.70711,0.70711,-0.39136,-0.92024,-25.86,-23.8,-27.74
2026-07-25T04:00:00Z,MTR,-25.86,43.8,1003.5,10.58,4,206,0.86603,0.5,-0.39136,-0.92024,-24.86,-24.67,-29.96
2026-07-25T05:00:00Z,MTR,-24.86,48.2,1002.1,10.26,5,206,0.96593,0.25882,-0.39136,-0.92024,-25.99,-24.84,-30.23
2026-07-25T06:00:00Z,MTR,-25.99,48.3,1002.0,6.85,6,206,1.0,0.0,-0.39136,-0.92024,-25.3,-24.22,-29.81
2026-07-25T07:00:00Z,MTR,-25.3,54.8,999.1,4.06,7,206,0.96593,-0.25882,-0.39136,-0.92024,-24.78,-24.12,-29.58
2026-07-25T08:00:00Z,MTR,-24.78,49.9,998.2,6.93,8,206,0.86603,-0.5,-0.39136,-0.92024,-23.8,-23.91,-30.18
2026-07-25T09:00:00Z,MTR,-23.8,50.1,999.6,8.86,9,206,0.70711,-0.70711,-0.39136,-0.92024,-24.67,-23.54,-28.95
2026-07-25T10:00:00Z,MTR,-24.67,48.9,994.9,4.81,10,206,0.5,-0.86603,-0.39136,-0.92024,-24.84,-23.98,-28.24
2026-07-25T11:00:00Z,MTR,-24.84,57.9,997.1,7.59,11,206,0.25882,-0.96593,-0.39136,-0.92024,-24.22,-24.88,-28.48
2026-07-25T12:00:00Z,MTR,-24.22,46.2,998.3,6.15,12,206,0.0,-1.0,-0.39136,-0.92024,-24.12,-25.59,-29.31
2026-07-25T13:00:00Z,MTR,-24.12,53.5,996.5,6.61,13,206,-0.25882,-0.96593,-0.39136,-0.92024,-23.91,-25.73,-29.67
2026-07-25T14:00:00Z,MTR,-23.91,48.3,996.5,7.35,14,206,-0.5,-0.86603,-0.39136,-0.92024,-23.54,-26.35,-30.1
2026-07-25T15:00:00Z,MTR,-23.54,50.9,995.4,6.69,15,206,-0.70711,-0.70711,-0.39136,-0.92024,-23.98,-26.6,-27.69
2026-07-25T16:00:00Z,MTR,-23.98,51.6,996.5,10.09,16,206,-0.86603,-0.5,-0.39136,-0.92024,-24.88,-26.63,-24.33
2026-07-25T17:00:00Z,MTR,-24.88,41.1,997.0,9.49,17,206,-0.96593,-0.25882,-0.39136,-0.92024,-25.59,-25.5,-22.89
2026-07-25T18:00:00Z,MTR,-25.59,55.7,993.1,9.33,18,206,-1.0,-0.0,-0.39136,-0.92024,-25.73,-26.36,-24.3
2026-07-25T19:00:00Z,MTR,-25.73,54.3,992.9,8.67,19,206,-0.96593,0.25882,-0.39136,-0.92024,-26.35,-26.95,-22.78
2026-07-25T20:00:00Z,MTR,-26.35,52.9,991.2,8.08,20,206,-0.86603,0.5,-0.39136,-0.92024,-26.6,-26.98,-21.17
2026-07-25T21:00:00Z,MTR,-26.6,53.3,990.0,11.05,21,206,-0.70711,0.70711,-0.39136,-0.92024,-26.63,-27.74,-21.08
2026-07-25T22:00:00Z,MTR,-26.63,57.5,987.3,10.06,22,206,-0.5,0.86603,-0.39136,-0.92024,-25.5,-29.96,-22.22
2026-07-25T23:00:00Z,MTR,-25.5,53.1,989.2,8.63,23,206,-0.25882,0.96593,-0.39136,-0.92024,-26.36,-30.23,-21.28
2026-07-26T00:00:00Z,MTR,-26.36,54.3,989.6,4.84,0,207,0.0,1.0,-0.40713,-0.91337,-26.95,-29.81,-22.36
2026-07-26T01:00:00Z,MTR,-26.95,57.2,986.8,7.63,1,207,0.25882,0.96593,-0.40713,-0.91337,-26.98,-29.58,-27.95
2026-07-26T02:00:00Z,MTR,-26.98,63.2,982.9,9.54,2,207,0.5,0.86603,-0.40713,-0.91337,-27.74,-30.18,-28.51
2026-07-26T03:00:00Z,MTR,-27.74,72.3,980.9,14.87,3,207,0.70711,0.70711,-0.40713,-0.91337,-29.96,-28.95,-26.7
2026-07-26T04:00:00Z,MTR,-29.96,64.3,980.5,14.38,4,207,0.86603,0.5,-0.40713,-0.91337,-30.23,-28.24,-22.21
2026-07-26T05:00:00Z,MTR,-30.23,66.6,979.7,14.09,5,207,0.96593,0.25882,-0.40713,-0.91337,-29.81,-28.48,-21.05
2026-07-26T06:00:00Z,MTR,-29.81,69.9,980.7,16.64,6,207,1.0,0.0,-0.40713,-0.91337,-29.58,-29.31,-20.87
2026-07-26T07:00:00Z,MTR,-29.58,64.1,980.8,16.19,7,207,0.96593,-0.25882,-0.40713,-0.91337,-30.18,-29.67,-21.69
2026-07-26T08:00:00Z,MTR,-30.18,72.3,981.3,15.98,8,207,0.86603,-0.5,-0.40713,-0.91337,-28.95,-30.1,-21.59
2026-07-26T09:00:00Z,MTR,-28.95,63.5,980.6,12.97,9,207,0.70711,-0.70711,-0.40713,-0.91337,-28.24,-27.69,-21.04
2026-07-26T10:00:00Z,MTR,-28.24,72.2,976.8,11.15,10,207,0.5,-0.86603,-0.40713,-0.91337,-28.48,-24.33,-19.22
2026-07-26T11:00:00Z,MTR,-28.48,80.0,975.4,17.02,11,207,0.25882,-0.96593,-0.40713,-0.91337,-29.31,-22.89,-19.52
2026-07-26T12:00:00Z,MTR,-29.31,67.7,976.4,13.43,12,207,0.0,-1.0,-0.40713,-0.91337,-29.67,-24.3,-21.2
2026-07-26T13:00:00Z,MTR,-29.67,70.1,975.3,14.73,13,207,-0.25882,-0.96593,-0.40713,-0.91337,-30.1,-22.78,-25.73
2026-07-26T14:00:00Z,MTR,-30.1,72.1,975.4,15.82,14,207,-0.5,-0.86603,-0.40713,-0.91337,-27.69,-21.17,-24.58
2026-07-26T15:00:00Z,MTR,-27.69,77.5,974.0,21.18,15,207,-0.70711,-0.70711,-0.40713,-0.91337,-24.33,-21.08,-25.13
2026-07-26T16:00:00Z,MTR,-24.33,78.0,971.4,16.85,16,207,-0.86603,-0.5,-0.40713,-0.91337,-22.89,-22.22,-24.93
2026-07-26T17:00:00Z,MTR,-22.89,80.3,970.7,20.51,17,207,-0.96593,-0.25882,-0.40713,-0.91337,-24.3,-21.28,-24.39
2026-07-26T18:00:00Z,MTR,-24.3,81.4,970.9,15.99,18,207,-1.0,-0.0,-0.40713,-0.91337,-22.78,-22.36,-24.49
2026-07-26T19:00:00Z,MTR,-22.78,80.6,969.4,19.71,19,207,-0.96593,0.25882,-0.40713,-0.91337,-21.17,-27.95,-24.77
2026-07-26T20:00:00Z,MTR,-21.17,75.3,968.8,21.48,20,207,-0.86603,0.5,-0.40713,-0.91337,-21.08,-28.51,-24.5
2026-07-26T21:00:00Z,MTR,-21.08,89.6,967.1,17.84,21,207,-0.70711,0.70711,-0.40713,-0.91337,-22.22,-26.7,-26.3
2026-07-26T22:00:00Z,MTR,-22.22,81.7,969.3,12.65,22,207,-0.5,0.86603,-0.40713,-0.91337,-21.28,-22.21,-26.73
2026-07-26T23:00:00Z,MTR,-21.28,74.8,968.9,16.91,23,207,-0.25882,0.96593,-0.40713,-0.91337,-22.36,-21.05,-27.57
2026-07-27T00:00:00Z,MTR,-22.36,76.4,971.8,13.48,0,208,0.0,1.0,-0.42278,-0.90623,-27.95,-20.87,-27.85
2026-07-27T01:00:00Z,MTR,-27.95,78.9,974.7,15.52,1,208,0.25882,0.96593,-0.42278,-0.90623,-28.51,-21.69,-28.09
2026-07-27T02:00:00Z,MTR,-28.51,69.8,974.7,13.74,2,208,0.5,0.86603,-0.42278,-0.90623,-26.7,-21.59,-28.03
2026-07-27T03:00:00Z,MTR,-26.7,82.6,973.2,20.69,3,208,0.70711,0.70711,-0.42278,-0.90623,-22.21,-21.04,-27.27
2026-07-27T04:00:00Z,MTR,-22.21,75.6,969.9,17.79,4,208,0.86603,0.5,-0.42278,-0.90623,-21.05,-19.22,-26.32
2026-07-27T05:00:00Z,MTR,-21.05,85.3,967.9,20.15,5,208,0.96593,0.25882,-0.42278,-0.90623,-20.87,-19.52,-26.21
2026-07-27T06:00:00Z,MTR,-20.87,71.0,966.4,17.21,6,208,1.0,0.0,-0.42278,-0.90623,-21.69,-21.2,-25.27
2026-07-27T07:00:00Z,MTR,-21.69,84.5,969.9,15.56,7,208,0.96593,-0.25882,-0.42278,-0.90623,-21.59,-25.73,-24.73
2026-07-27T08:00:00Z,MTR,-21.59,68.8,971.1,14.56,8,208,0.86603,-0.5,-0.42278,-0.90623,-21.04,-24.58,-24.91
2026-07-27T09:00:00Z,MTR,-21.04,82.1,972.8,13.45,9,208,0.70711,-0.70711,-0.42278,-0.90623,-19.22,-25.13,-23.92
2026-07-27T10:00:00Z,MTR,-19.22,74.6,969.9,17.65,10,208,0.5,-0.86603,-0.42278,-0.90623,-19.52,-24.93,-24.03
2026-07-27T11:00:00Z,MTR,-19.52,89.5,969.0,13.64,11,208,0.25882,-0.96593,-0.42278,-0.90623,-21.2,-24.39,-23.98
2026-07-27T12:00:00Z,MTR,-21.2,77.0,971.9,11.32,12,208,0.0,-1.0,-0.42278,-0.90623,-25.73,-24.49,-24.89
2026-07-27T13:00:00Z,MTR,-25.73,80.2,973.7,12.77,13,208,-0.25882,-0.96593,-0.42278,-0.90623,-24.58,-24.77,-24.73
2026-07-27T14:00:00Z,MTR,-24.58,74.2,974.7,16.08,14,208,-0.5,-0.86603,-0.42278,-0.90623,-25.13,-24.5,-24.53
2026-07-27T15:00:00Z,MTR,-25.13,65.2,977.0,15.99,15,208,-0.70711,-0.70711,-0.42278,-0.90623,-24.93,-26.3,-24.01
2026-07-27T16:00:00Z,MTR,-24.93,63.9,981.2,15.8,16,208,-0.86603,-0.5,-0.42278,-0.90623,-24.39,-26.73,-24.34
2026-07-27T17:00:00Z,MTR,-24.39,69.5,981.8,13.38,17,208,-0.96593,-0.25882,-0.42278,-0.90623,-24.49,-27.57,-25.03
2026-07-27T18:00:00Z,MTR,-24.49,81.8,983.0,17.66,18,208,-1.0,-0.0,-0.42278,-0.90623,-24.77,-27.85,-24.82
2026-07-27T19:00:00Z,MTR,-24.77,72.4,984.4,15.26,19,208,-0.96593,0.25882,-0.42278,-0.90623,-24.5,-28.09,-24.38
2026-07-27T20:00:00Z,MTR,-24.5,58.4,989.6,8.63,20,208,-0.86603,0.5,-0.42278,-0.90623,-26.3,-28.03,-24.77
2026-07-27T21:00:00Z,MTR,-26.3,67.0,986.6,13.07,21,208,-0.70711,0.70711,-0.42278,-0.90623,-26.73,-27.27,-25.51
2026-07-27T22:00:00Z,MTR,-26.73,60.4,988.7,10.05,22,208,-0.5,0.86603,-0.42278,-0.90623,-27.57,-26.32,-25.89
2026-07-27T23:00:00Z,MTR,-27.57,57.1,989.3,8.64,23,208,-0.25882,0.96593,-0.42278,-0.90623,-27.85,-26.21,-24.75
2026-07-28T00:00:00Z,MTR,-27.85,56.5,991.1,7.49,0,209,0.0,1.0,-0.43831,-0.89883,-28.09,-25.27,-25.54
2026-07-28T01:00:00Z,MTR,-28.09,53.8,990.6,7.22,1,209,0.25882,0.96593,-0.43831,-0.89883,-28.03,-24.73,-26.36
2026-07-28T02:00:00Z,MTR,-28.03,57.6,991.1,11.22,2,209,0.5,0.86603,-0.43831,-0.89883,-27.27,-24.91,-24.97
2026-07-28T03:00:00Z,MTR,-27.27,56.2,993.0,8.14,3,209,0.70711,0.70711,-0.43831,-0.89883,-26.32,-23.92,-25.19
2026-07-28T04:00:00Z,MTR,-26.32,47.5,999.2,6.69,4,209,0.86603,0.5,-0.43831,-0.89883,-26.21,-24.03,-26.19
2026-07-28T05:00:00Z,MTR,-26.21,44.6,1000.8,9.14,5,209,0.96593,0.25882,-0.43831,-0.89883,-25.27,-23.98,-27.28
2026-07-28T06:00:00Z,MTR,-25.27,46.8,999.3,12.57,6,209,1.0,0.0,-0.43831,-0.89883,-24.73,-24.89,-26.81
2026-07-28T07:00:00Z,MTR,-24.73,47.2,998.6,7.34,7,209,0.96593,-0.25882,-0.43831,-0.89883,-24.91,-24.73,-26.55
2026-07-28T08:00:00Z,MTR,-24.91,49.3,997.9,5.73,8,209,0.86603,-0.5,-0.43831,-0.89883,-23.92,-24.53,-26.11
2026-07-28T09:00:00Z,MTR,-23.92,51.1,994.8,11.0,9,209,0.70711,-0.70711,-0.43831,-0.89883,-24.03,-24.01,-26.79
2026-07-28T10:00:00Z,MTR,-24.03,55.8,994.4,8.52,10,209,0.5,-0.86603,-0.43831,-0.89883,-23.98,-24.34,-27.67
2026-07-28T11:00:00Z,MTR,-23.98,43.0,995.9,6.89,11,209,0.25882,-0.96593,-0.43831,-0.89883,-24.89,-25.03,-27.16
2026-07-28T12:00:00Z,MTR,-24.89,54.4,993.6,6.7,12,209,0.0,-1.0,-0.43831,-0.89883,-24.73,-24.82,-27.94
2026-07-28T13:00:00Z,MTR,-24.73,56.6,995.6,8.05,13,209,-0.25882,-0.96593,-0.43831,-0.89883,-24.53,-24.38,-28.0
2026-07-28T14:00:00Z,MTR,-24.53,59.8,996.5,8.15,14,209,-0.5,-0.86603,-0.43831,-0.89883,-24.01,-24.77,-28.58
2026-07-28T15:00:00Z,MTR,-24.01,51.8,995.0,7.58,15,209,-0.70711,-0.70711,-0.43831,-0.89883,-24.34,-25.51,-27.23
2026-07-28T16:00:00Z,MTR,-24.34,56.7,994.7,10.71,16,209,-0.86603,-0.5,-0.43831,-0.89883,-25.03,-25.89,-26.5
2026-07-28T17:00:00Z,MTR,-25.03,51.5,997.5,9.72,17,209,-0.96593,-0.25882,-0.43831,-0.89883,-24.82,-24.75,-24.53
2026-07-28T18:00:00Z,MTR,-24.82,53.9,998.5,7.76,18,209,-1.0,-0.0,-0.43831,-0.89883,-24.38,-25.54,-24.18
2026-07-28T19:00:00Z,MTR,-24.38,48.1,998.1,8.15,19,209,-0.96593,0.25882,-0.43831,-0.89883,-24.77,-26.36,-24.09
2026-07-28T20:00:00Z,MTR,-24.77,52.2,997.3,6.85,20,209,-0.86603,0.5,-0.43831,-0.89883,-25.51,-24.97,-23.73
2026-07-28T21:00:00Z,MTR,-25.51,39.7,997.1,8.87,21,209,-0.70711,0.70711,-0.43831,-0.89883,-25.89,-25.19,-25.09
2026-07-28T22:00:00Z,MTR,-25.89,56.7,995.8,8.6,22,209,-0.5,0.86603,-0.43831,-0.89883,-24.75,-26.19,-26.52
2026-07-28T23:00:00Z,MTR,-24.75,56.4,991.6,8.11,23,209,-0.25882,0.96593,-0.43831,-0.89883,-25.54,-27.28,-25.99
2026-07-29T00:00:00Z,MTR,-25.54,47.5,995.2,3.83,0,210,0.0,1.0,-0.4537,-0.89115,-26.36,-26.81,-26.4
2026-07-29T01:00:00Z,MTR,-26.36,52.1,995.1,3.0,1,210,0.25882,0.96593,-0.4537,-0.89115,-24.97,-26.55,-26.41
2026-07-29T02:00:00Z,MTR,-24.97,58.8,995.5,7.3,2,210,0.5,0.86603,-0.4537,-0.89115,-25.19,-26.11,-27.64
2026-07-29T03:00:00Z,MTR,-25.19,47.9,995.0,9.12,3,210,0.70711,0.70711,-0.4537,-0.89115,-26.19,-26.79,-27.97
2026-07-29T04:00:00Z,MTR,-26.19,50.5,993.3,11.06,4,210,0.86603,0.5,-0.4537,-0.89115,-27.28,-27.67,-28.15
2026-07-29T05:00:00Z,MTR,-27.28,47.9,992.7,12.59,5,210,0.96593,0.25882,-0.4537,-0.89115,-26.81,-27.16,-27.36
2026-07-29T06:00:00Z,MTR,-26.81,54.2,989.6,10.76,6,210,1.0,0.0,-0.4537,-0.89115,-26.55,-27.94,-27.22
2026-07-29T07:00:00Z,MTR,-26.55,48.7,993.6,6.85,7,210,0.96593,-0.25882,-0.4537,-0.89115,-26.11,-28.0,-28.21
2026-07-29T08:00:00Z,MTR,-26.11,55.7,991.1,9.47,8,210,0.86603,-0.5,-0.4537,-0.89115,-26.79,-28.58,-28.5
2026-07-29T09:00:00Z,MTR,-26.79,60.6,989.1,14.97,9,210,0.70711,-0.70711,-0.4537,-0.89115,-27.67,-27.23,-27.56
2026-07-29T10:00:00Z,MTR,-27.67,53.7,988.3,13.43,10,210,0.5,-0.86603,-0.4537,-0.89115,-27.16,-26.5,-27.83
2026-07-29T11:00:00Z,MTR,-27.16,58.4,990.7,8.46,11,210,0.25882,-0.96593,-0.4537,-0.89115,-27.94,-24.53,-27.02
2026-07-29T12:00:00Z,MTR,-27.94,57.6,990.7,6.75,12,210,0.0,-1.0,-0.4537,-0.89115,-28.0,-24.18,-27.43
2026-07-29T13:00:00Z,MTR,-28.0,60.4,988.4,9.09,13,210,-0.25882,-0.96593,-0.4537,-0.89115,-28.58,-24.09,-27.16
2026-07-29T14:00:00Z,MTR,-28.58,53.6,990.8,12.75,14,210,-0.5,-0.86603,-0.4537,-0.89115,-27.23,-23.73,-27.08
2026-07-29T15:00:00Z,MTR,-27.23,65.5,992.1,10.02,15,210,-0.70711,-0.70711,-0.4537,-0.89115,-26.5,-25.09,-27.13
2026-07-29T16:00:00Z,MTR,-26.5,57.8,993.1,9.08,16,210,-0.86603,-0.5,-0.4537,-0.89115,-24.53,-26.52,-28.08
2026-07-29T17:00:00Z,MTR,-24.53,47.7,994.3,12.44,17,210,-0.96593,-0.25882,-0.4537,-0.89115,-24.18,-25.99,-29.2
2026-07-29T18:00:00Z,MTR,-24.18,39.9,998.5,4.6,18,210,-1.0,-0.0,-0.4537,-0.89115,-24.09,-26.4,-28.86
2026-07-29T19:00:00Z,MTR,-24.09,40.3,1002.2,5.15,19,210,-0.96593,0.25882,-0.4537,-0.89115,-23.73,-26.41,-28.69
2026-07-29T20:00:00Z,MTR,-23.73,46.7,1000.5,5.76,20,210,-0.86603,0.5,-0.4537,-0.89115,-25.09,-27.64,-28.96
2026-07-29T21:00:00Z,MTR,-25.09,51.6,1003.0,7.96,21,210,-0.70711,0.70711,-0.4537,-0.89115,-26.52,-27.97,-29.48
2026-07-29T22:00:00Z,MTR,-26.52,39.5,1003.3,4.04,22,210,-0.5,0.86603,-0.4537,-0.89115,-25.99,-28.15,-28.3
2026-07-29T23:00:00Z,MTR,-25.99,33.7,1003.7,0.63,23,210,-0.25882,0.96593,-0.4537,-0.89115,-26.4,-27.36,-27.45
2026-07-30T00:00:00Z,MTR,-26.4,47.2,1000.2,3.06,0,211,0.0,1.0,-0.46897,-0.88322,-26.41,-27.22,-26.77
2026-07-30T01:00:00Z,MTR,-26.41,44.5,999.5,4.61,1,211,0.25882,0.96593,-0.46897,-0.88322,-27.64,-28.21,-25.55
2026-07-30T02:00:00Z,MTR,-27.64,49.8,997.8,6.85,2,211,0.5,0.86603,-0.46897,-0.88322,-27.97,-28.5,-26.43
2026-07-30T03:00:00Z,MTR,-27.97,47.3,999.1,7.54,3,211,0.70711,0.70711,-0.46897,-0.88322,-28.15,-27.56,-26.22
2026-07-30T04:00:00Z,MTR,-28.15,45.7,1000.7,9.22,4,211,0.86603,0.5,-0.46897,-0.88322,-27.36,-27.83,-27.28
2026-07-30T05:00:00Z,MTR,-27.36,56.0,996.6,8.39,5,211,0.96593,0.25882,-0.46897,-0.88322,-27.22,-27.02,-27.54
2026-07-30T06:00:00Z,MTR,-27.22,54.0,996.4,8.04,6,211,1.0,0.0,-0.46897,-0.88322,-28.21,-27.43,-27.71
2026-07-30T07:00:00Z,MTR,-28.21,50.5,998.2,8.58,7,211,0.96593,-0.25882,-0.46897,-0.88322,-28.5,-27.16,-28.14
2026-07-30T08:00:00Z,MTR,-28.5,39.4,997.5,8.85,8,211,0.86603,-0.5,-0.46897,-0.88322,-27.56,-27.08,-28.03
2026-07-30T09:00:00Z,MTR,-27.56,47.2,998.4,6.29,9,211,0.70711,-0.70711,-0.46897,-0.88322,-27.83,-27.13,-26.37
2026-07-30T10:00:00Z,MTR,-27.83,51.7,998.6,3.3,10,211,0.5,-0.86603,-0.46897,-0.88322,-27.02,-28.08,-26.17
2026-07-30T11:00:00Z,MTR,-27.02,42.6,998.7,3.94,11,211,0.25882,-0.96593,-0.46897,-0.88322,-27.43,-29.2,-25.38
2026-07-30T12:00:00Z,MTR,-27.43,48.2,997.7,6.89,12,211,0.0,-1.0,-0.46897,-0.88322,-27.16,-28.86,-25.39
2026-07-30T13:00:00Z,MTR,-27.16,51.9,994.9,6.94,13,211,-0.25882,-0.96593,-0.46897,-0.88322,-27.08,-28.69,-26.77
2026-07-30T14:00:00Z,MTR,-27.08,57.1,992.4,11.27,14,211,-0.5,-0.86603,-0.46897,-0.88322,-27.13,-28.96,-26.97
2026-07-30T15:00:00Z,MTR,-27.13,52.8,993.2,10.23,15,211,-0.70711,-0.70711,-0.46897,-0.88322,-28.08,-29.48,-27.12
2026-07-30T16:00:00Z,MTR,-28.08,57.0,992.7,8.9,16,211,-0.86603,-0.5,-0.46897,-0.88322,-29.2,-28.3,-26.76
2026-07-30T17:00:00Z,MTR,-29.2,59.1,991.9,13.53,17,211,-0.96593,-0.25882,-0.46897,-0.88322,-28.86,-27.45,-22.41
2026-07-30T18:00:00Z,MTR,-28.86,52.8,990.5,9.44,18,211,-1.0,-0.0,-0.46897,-0.88322,-28.69,-26.77,-20.04
2026-07-30T19:00:00Z,MTR,-28.69,54.2,989.3,8.11,19,211,-0.96593,0.25882,-0.46897,-0.88322,-28.96,-25.55,-19.36
2026-07-30T20:00:00Z,MTR,-28.96,58.8,990.5,11.39,20,211,-0.86603,0.5,-0.46897,-0.88322,-29.48,-26.43,-25.33
2026-07-30T21:00:00Z,MTR,-29.48,66.0,989.1,9.05,21,211,-0.70711,0.70711,-0.46897,-0.88322,-28.3,-26.22,-24.84
2026-07-30T22:00:00Z,MTR,-28.3,67.4,985.8,10.86,22,211,-0.5,0.86603,-0.46897,-0.88322,-27.45,-27.28,-24.68
2026-07-30T23:00:00Z,MTR,-27.45,58.1,986.4,7.78,23,211,-0.25882,0.96593,-0.46897,-0.88322,-26.77,-27.54,-25.06
2026-07-31T00:00:00Z,MTR,-26.77,58.6,985.2,9.44,0,212,0.0,1.0,-0.48409,-0.87502,-25.55,-27.71,-19.75
2026-07-31T01:00:00Z,MTR,-25.55,62.2,984.4,11.57,1,212,0.25882,0.96593,-0.48409,-0.87502,-26.43,-28.14,-18.98
2026-07-31T02:00:00Z,MTR,-26.43,69.9,986.4,12.05,2,212,0.5,0.86603,-0.48409,-0.87502,-26.22,-28.03,-16.36
2026-07-31T03:00:00Z,MTR,-26.22,62.5,985.3,9.6,3,212,0.70711,0.70711,-0.48409,-0.87502,-27.28,-26.37,-16.9
2026-07-31T04:00:00Z,MTR,-27.28,64.1,984.7,9.91,4,212,0.86603,0.5,-0.48409,-0.87502,-27.54,-26.17,-17.79
2026-07-31T05:00:00Z,MTR,-27.54,63.8,981.5,14.84,5,212,0.96593,0.25882,-0.48409,-0.87502,-27.71,-25.38,-17.54
2026-07-31T06:00:00Z,MTR,-27.71,69.2,980.1,13.87,6,212,1.0,0.0,-0.48409,-0.87502,-28.14,-25.39,-19.02
2026-07-31T07:00:00Z,MTR,-28.14,61.2,980.2,13.37,7,212,0.96593,-0.25882,-0.48409,-0.87502,-28.03,-26.77,-21.02
2026-07-31T08:00:00Z,MTR,-28.03,66.3,976.4,15.18,8,212,0.86603,-0.5,-0.48409,-0.87502,-26.37,-26.97,-19.05
2026-07-31T09:00:00Z,MTR,-26.37,74.0,975.8,14.69,9,212,0.70711,-0.70711,-0.48409,-0.87502,-26.17,-27.12,-20.57
2026-07-31T10:00:00Z,MTR,-26.17,75.1,975.1,13.55,10,212,0.5,-0.86603,-0.48409,-0.87502,-25.38,-26.76,-22.43
2026-07-31T11:00:00Z,MTR,-25.38,72.8,974.3,14.05,11,212,0.25882,-0.96593,-0.48409,-0.87502,-25.39,-22.41,-23.21
2026-07-31T12:00:00Z,MTR,-25.39,75.7,975.3,14.71,12,212,0.0,-1.0,-0.48409,-0.87502,-26.77,-20.04,-28.66
2026-07-31T13:00:00Z,MTR,-26.77,67.6,975.0,13.24,13,212,-0.25882,-0.96593,-0.48409,-0.87502,-26.97,-19.36,-27.26
2026-07-31T14:00:00Z,MTR,-26.97,71.4,976.7,16.01,14,212,-0.5,-0.86603,-0.48409,-0.87502,-27.12,-25.33,-26.21
2026-07-31T15:00:00Z,MTR,-27.12,72.9,973.9,16.84,15,212,-0.70711,-0.70711,-0.48409,-0.87502,-26.76,-24.84,-26.31
2026-07-31T16:00:00Z,MTR,-26.76,76.7,973.3,18.17,16,212,-0.86603,-0.5,-0.48409,-0.87502,-22.41,-24.68,-25.86
2026-07-31T17:00:00Z,MTR,-22.41,75.2,972.7,14.77,17,212,-0.96593,-0.25882,-0.48409,-0.87502,-20.04,-25.06,-25.65
2026-07-31T18:00:00Z,MTR,-20.04,91.6,970.0,17.78,18,212,-1.0,-0.0,-0.48409,-0.87502,-19.36,-19.75,-25.64
2026-07-31T19:00:00Z,MTR,-19.36,75.4,971.2,21.27,19,212,-0.96593,0.25882,-0.48409,-0.87502,-25.33,-18.98,-26.28
2026-07-31T20:00:00Z,MTR,-25.33,74.1,974.8,13.19,20,212,-0.86603,0.5,-0.48409,-0.87502,-24.84,-16.36,-25.87
2026-07-31T21:00:00Z,MTR,-24.84,90.6,974.1,19.2,21,212,-0.70711,0.70711,-0.48409,-0.87502,-24.68,-16.9,-26.21
2026-07-31T22:00:00Z,MTR,-24.68,79.1,974.4,18.28,22,212,-0.5,0.86603,-0.48409,-0.87502,-25.06,-17.79,-26.4
2026-07-31T23:00:00Z,MTR,-25.06,75.5,974.0,15.53,23,212,-0.25882,0.96593,-0.48409,-0.87502,-19.75,-17.54,-26.18
2026-08-01T00:00:00Z,MTR,-19.75,80.1,972.3,11.05,0,213,0.0,1.0,-0.49907,-0.86656,-18.98,-19.02,-26.59
2026-08-01T01:00:00Z,MTR,-18.98,84.1,968.7,15.4,1,213,0.25882,0.96593,-0.49907,-0.86656,-16.36,-21.02,-25.03
2026-08-01T02:00:00Z,MTR,-16.36,77.7,967.4,18.69,2,213,0.5,0.86603,-0.49907,-0.86656,-16.9,-19.05,-24.07
2026-08-01T03:00:00Z,MTR,-16.9,77.0,965.1,15.97,3,213,0.70711,0.70711,-0.49907,-0.86656,-17.79,-20.57,-24.33
2026-08-01T04:00:00Z,MTR,-17.79,82.8,968.5,19.39,4,213,0.86603,0.5,-0.49907,-0.86656,-17.54,-22.43,-23.96
2026-08-01T05:00:00Z,MTR,-17.54,79.6,968.6,18.58,5,213,0.96593,0.25882,-0.49907,-0.86656,-19.02,-23.21,-23.96
2026-08-01T06:00:00Z,MTR,-19.02,93.3,968.3,17.42,6,213,1.0,0.0,-0.49907,-0.86656,-21.02,-28.66,-24.5
2026-08-01T07:00:00Z,MTR,-21.02,84.8,970.4,15.5,7,213,0.96593,-0.25882,-0.49907,-0.86656,-19.05,-27.26,-24.19
2026-08-01T08:00:00Z,MTR,-19.05,87.9,968.9,20.82,8,213,0.86603,-0.5,-0.49907,-0.86656,-20.57,-26.21,-24.46
2026-08-01T09:00:00Z,MTR,-20.57,70.7,968.2,19.13,9,213,0.70711,-0.70711,-0.49907,-0.86656,-22.43,-26.31,-25.63
2026-08-01T10:00:00Z,MTR,-22.43,77.2,969.1,14.45,10,213,0.5,-0.86603,-0.49907,-0.86656,-23.21,-25.86,-26.0
2026-08-01T11:00:00Z,MTR,-23.21,77.2,971.9,13.94,11,213,0.25882,-0.96593,-0.49907,-0.86656,-28.66,-25.65,-26.33
2026-08-01T12:00:00Z,MTR,-28.66,71.5,973.6,12.75,12,213,0.0,-1.0,-0.49907,-0.86656,-27.26,-25.64,-27.8
2026-08-01T13:00:00Z,MTR,-27.26,70.0,975.0,10.14,13,213,-0.25882,-0.96593,-0.49907,-0.86656,-26.21,-26.28,-26.8
2026-08-01T14:00:00Z,MTR,-26.21,72.8,976.0,16.82,14,213,-0.5,-0.86603,-0.49907,-0.86656,-26.31,-25.87,-27.17
2026-08-01T15:00:00Z,MTR,-26.31,72.4,977.7,14.85,15,213,-0.70711,-0.70711,-0.49907,-0.86656,-25.86,-26.21,-27.41
2026-08-01T16:00:00Z,MTR,-25.86,84.5,979.0,16.44,16,213,-0.86603,-0.5,-0.49907,-0.86656,-25.65,-26.4,-25.65
2026-08-01T17:00:00Z,MTR,-25.65,67.8,978.1,14.26,17,213,-0.96593,-0.25882,-0.49907,-0.86656,-25.64,-26.18,-26.43
2026-08-01T18:00:00Z,MTR,-25.64,74.4,979.3,15.08,18,213,-1.0,-0.0,-0.49907,-0.86656,-26.28,-26.59,-26.49
2026-08-01T19:00:00Z,MTR,-26.28,78.5,978.5,15.68,19,213,-0.96593,0.25882,-0.49907,-0.86656,-25.87,-25.03,-27.68
2026-08-01T20:00:00Z,MTR,-25.87,65.0,979.9,16.29,20,213,-0.86603,0.5,-0.49907,-0.86656,-26.21,-24.07,-28.08
2026-08-01T21:00:00Z,MTR,-26.21,79.9,980.3,17.13,21,213,-0.70711,0.70711,-0.49907,-0.86656,-26.4,-24.33,-28.36
2026-08-01T22:00:00Z,MTR,-26.4,63.1,986.1,10.17,22,213,-0.5,0.86603,-0.49907,-0.86656,-26.18,-23.96,-27.4
2026-08-01T23:00:00Z,MTR,-26.18,48.1,987.1,9.01,23,213,-0.25882,0.96593,-0.49907,-0.86656,-26.59,-23.96,-27.97
2026-08-02T00:00:00Z,MTR,-26.59,68.1,985.6,8.81,0,214,0.0,1.0,-0.5139,-0.85785,-25.03,-24.5,-27.15
2026-08-02T01:00:00Z,MTR,-25.03,53.0,986.5,8.71,1,214,0.25882,0.96593,-0.5139,-0.85785,-24.07,-24.19,-25.07
2026-08-02T02:00:00Z,MTR,-24.07,68.3,988.6,15.35,2,214,0.5,0.86603,-0.5139,-0.85785,-24.33,-24.46,-23.83
2026-08-02T03:00:00Z,MTR,-24.33,59.1,992.6,6.07,3,214,0.70711,0.70711,-0.5139,-0.85785,-23.96,-25.63,-26.12
2026-08-02T04:00:00Z,MTR,-23.96,52.0,992.4,15.43,4,214,0.86603,0.5,-0.5139,-0.85785,-23.96,-26.0,-25.75
2026-08-02T05:00:00Z,MTR,-23.96,56.3,990.4,12.34,5,214,0.96593,0.25882,-0.5139,-0.85785,-24.5,-26.33,-24.61
2026-08-02T06:00:00Z,MTR,-24.5,58.6,992.9,10.21,6,214,1.0,0.0,-0.5139,-0.85785,-24.19,-27.8,-25.33
2026-08-02T07:00:00Z,MTR,-24.19,53.7,991.2,9.13,7,214,0.96593,-0.25882,-0.5139,-0.85785,-24.46,-26.8,-25.45
2026-08-02T08:00:00Z,MTR,-24.46,65.4,991.4,10.33,8,214,0.86603,-0.5,-0.5139,-0.85785,-25.63,-27.17,-25.73
2026-08-02T09:00:00Z,MTR,-25.63,60.4,991.8,8.59,9,214,0.70711,-0.70711,-0.5139,-0.85785,-26.0,-27.41,-25.05
2026-08-02T10:00:00Z,MTR,-26.0,48.0,992.5,9.77,10,214,0.5,-0.86603,-0.5139,-0.85785,-26.33,-25.65,-25.4
2026-08-02T11:00:00Z,MTR,-26.33,51.9,994.5,7.61,11,214,0.25882,-0.96593,-0.5139,-0.85785,-27.8,-26.43,-23.95
2026-08-02T12:00:00Z,MTR,-27.8,56.7,993.9,9.89,12,214,0.0,-1.0,-0.5139,-0.85785,-26.8,-26.49,-23.19
2026-08-02T13:00:00Z,MTR,-26.8,49.2,994.0,6.84,13,214,-0.25882,-0.96593,-0.5139,-0.85785,-27.17,-27.68,-24.66
2026-08-02T14:00:00Z,MTR,-27.17,58.5,994.5,8.37,14,214,-0.5,-0.86603,-0.5139,-0.85785,-27.41,-28.08,-25.92
2026-08-02T15:00:00Z,MTR,-27.41,55.4,995.2,8.37,15,214,-0.70711,-0.70711,-0.5139,-0.85785,-25.65,-28.36,-25.78
2026-08-02T16:00:00Z,MTR,-25.65,55.3,995.8,8.19,16,214,-0.86603,-0.5,-0.5139,-0.85785,-26.43,-27.4,-25.97
2026-08-02T17:00:00Z,MTR,-26.43,48.6,996.8,6.87,17,214,-0.96593,-0.25882,-0.5139,-0.85785,-26.49,-27.97,-26.05
2026-08-02T18:00:00Z,MTR,-26.49,44.3,998.5,9.93,18,214,-1.0,-0.0,-0.5139,-0.85785,-27.68,-27.15,-26.49
2026-08-02T19:00:00Z,MTR,-27.68,54.5,999.3,8.81,19,214,-0.96593,0.25882,-0.5139,-0.85785,-28.08,-25.07,-27.27
2026-08-02T20:00:00Z,MTR,-28.08,56.0,1000.0,7.43,20,214,-0.86603,0.5,-0.5139,-0.85785,-28.36,-23.83,-27.19
2026-08-02T21:00:00Z,MTR,-28.36,55.9,997.0,8.98,21,214,-0.70711,0.70711,-0.5139,-0.85785,-27.4,-26.12,-26.78
2026-08-02T22:00:00Z,MTR,-27.4,54.4,997.0,6.43,22,214,-0.5,0.86603,-0.5139,-0.85785,-27.97,-25.75,-25.97
2026-08-02T23:00:00Z,MTR,-27.97,49.5,997.7,6.2,23,214,-0.25882,0.96593,-0.5139,-0.85785,-27.15,-24.61,-25.09
2026-08-03T00:00:00Z,MTR,-27.15,44.7,998.8,6.63,0,215,0.0,1.0,-0.52858,-0.84888,-25.07,-25.33,-25.04
2026-08-03T01:00:00Z,MTR,-25.07,54.0,997.2,8.35,1,215,0.25882,0.96593,-0.52858,-0.84888,-23.83,-25.45,-24.84
2026-08-03T02:00:00Z,MTR,-23.83,49.5,995.6,10.76,2,215,0.5,0.86603,-0.52858,-0.84888,-26.12,-25.73,-26.18
2026-08-03T03:00:00Z,MTR,-26.12,57.7,994.3,6.66,3,215,0.70711,0.70711,-0.52858,-0.84888,-25.75,-25.05,-25.64
2026-08-03T04:00:00Z,MTR,-25.75,53.6,995.0,7.29,4,215,0.86603,0.5,-0.52858,-0.84888,-24.61,-25.4,-24.67
2026-08-03T05:00:00Z,MTR,-24.61,43.2,996.4,6.76,5,215,0.96593,0.25882,-0.52858,-0.84888,-25.33,-23.95,-24.27
2026-08-03T06:00:00Z,MTR,-25.33,52.6,995.2,8.3,6,215,1.0,0.0,-0.52858,-0.84888,-25.45,-23.19,-24.42
2026-08-03T07:00:00Z,MTR,-25.45,44.9,996.4,8.42,7,215,0.96593,-0.25882,-0.52858,-0.84888,-25.73,-24.66,-25.24
2026-08-03T08:00:00Z,MTR,-25.73,44.9,996.0,9.73,8,215,0.86603,-0.5,-0.52858,-0.84888,-25.05,-25.92,-26.02
2026-08-03T09:00:00Z,MTR,-25.05,42.0,995.2,10.9,9,215,0.70711,-0.70711,-0.52858,-0.84888,-25.4,-25.78,-26.17
2026-08-03T10:00:00Z,MTR,-25.4,45.7,994.3,5.62,10,215,0.5,-0.86603,-0.52858,-0.84888,-23.95,-25.97,-25.73
2026-08-03T11:00:00Z,MTR,-23.95,46.2,995.1,7.29,11,215,0.25882,-0.96593,-0.52858,-0.84888,-23.19,-26.05,-27.24
2026-08-03T12:00:00Z,MTR,-23.19,58.9,995.1,8.7,12,215,0.0,-1.0,-0.52858,-0.84888,-24.66,-26.49,-28.18
2026-08-03T13:00:00Z,MTR,-24.66,50.8,998.6,4.98,13,215,-0.25882,-0.96593,-0.52858,-0.84888,-25.92,-27.27,-27.47
2026-08-03T14:00:00Z,MTR,-25.92,60.9,996.2,6.95,14,215,-0.5,-0.86603,-0.52858,-0.84888,-25.78,-27.19,-26.11
2026-08-03T15:00:00Z,MTR,-25.78,50.0,996.5,8.28,15,215,-0.70711,-0.70711,-0.52858,-0.84888,-25.97,-26.78,-26.25
2026-08-03T16:00:00Z,MTR,-25.97,45.5,994.8,5.9,16,215,-0.86603,-0.5,-0.52858,-0.84888,-26.05,-25.97,-25.75
2026-08-03T17:00:00Z,MTR,-26.05,55.7,992.7,11.35,17,215,-0.96593,-0.25882,-0.52858,-0.84888,-26.49,-25.09,-25.87
2026-08-03T18:00:00Z,MTR,-26.49,53.2,992.1,8.21,18,215,-1.0,-0.0,-0.52858,-0.84888,-27.27,-25.04,-25.79
2026-08-03T19:00:00Z,MTR,-27.27,58.8,991.9,12.15,19,215,-0.96593,0.25882,-0.52858,-0.84888,-27.19,-24.84,-26.64
2026-08-03T20:00:00Z,MTR,-27.19,43.4,996.8,7.75,20,215,-0.86603,0.5,-0.52858,-0.84888,-26.78,-26.18,-25.9
2026-08-03T21:00:00Z,MTR,-26.78,51.7,995.8,7.36,21,215,-0.70711,0.70711,-0.52858,-0.84888,-25.97,-25.64,-26.75
2026-08-03T22:00:00Z,MTR,-25.97,60.6,993.1,6.58,22,215,-0.5,0.86603,-0.52858,-0.84888,-25.09,-24.67,-26.53
2026-08-03T23:00:00Z,MTR,-25.09,61.3,993.2,8.76,23,215,-0.25882,0.96593,-0.52858,-0.84888,-25.04,-24.27,-25.95
2026-08-04T00:00:00Z,MTR,-25.04,64.7,989.0,9.23,0,216,0.0,1.0,-0.54311,-0.83966,-24.84,-24.42,-25.4
2026-08-04T01:00:00Z,MTR,-24.84,61.6,988.7,8.28,1,216,0.25882,0.96593,-0.54311,-0.83966,-26.18,-25.24,-25.22
2026-08-04T02:00:00Z,MTR,-26.18,65.3,988.5,13.67,2,216,0.5,0.86603,-0.54311,-0.83966,-25.64,-26.02,-25.85
2026-08-04T03:00:00Z,MTR,-25.64,58.1,989.8,10.44,3,216,0.70711,0.70711,-0.54311,-0.83966,-24.67,-26.17,-26.29
2026-08-04T04:00:00Z,MTR,-24.67,58.8,991.4,10.38,4,216,0.86603,0.5,-0.54311,-0.83966,-24.27,-25.73,-25.73
2026-08-04T05:00:00Z,MTR,-24.27,57.5,990.2,11.26,5,216,0.96593,0.25882,-0.54311,-0.83966,-24.42,-27.24,-25.12
2026-08-04T06:00:00Z,MTR,-24.42,55.5,989.8,10.05,6,216,1.0,0.0,-0.54311,-0.83966,-25.24,-28.18,-24.06
2026-08-04T07:00:00Z,MTR,-25.24,61.0,988.2,9.81,7,216,0.96593,-0.25882,-0.54311,-0.83966,-26.02,-27.47,-23.56
2026-08-04T08:00:00Z,MTR,-26.02,70.8,986.1,11.4,8,216,0.86603,-0.5,-0.54311,-0.83966,-26.17,-26.11,-23.31
2026-08-04T09:00:00Z,MTR,-26.17,63.4,986.7,12.66,9,216,0.70711,-0.70711,-0.54311,-0.83966,-25.73,-26.25,-21.26
2026-08-04T10:00:00Z,MTR,-25.73,64.7,984.5,5.97,10,216,0.5,-0.86603,-0.54311,-0.83966,-27.24,-25.75,-17.02
2026-08-04T11:00:00Z,MTR,-27.24,67.1,983.9,6.88,11,216,0.25882,-0.96593,-0.54311,-0.83966,-28.18,-25.87,-22.54
2026-08-04T12:00:00Z,MTR,-28.18,67.2,982.2,9.21,12,216,0.0,-1.0,-0.54311,-0.83966,-27.47,-25.79,-17.89
2026-08-04T13:00:00Z,MTR,-27.47,62.4,983.4,6.44,13,216,-0.25882,-0.96593,-0.54311,-0.83966,-26.11,-26.64,-15.99
2026-08-04T14:00:00Z,MTR,-26.11,64.4,986.8,7.81,14,216,-0.5,-0.86603,-0.54311,-0.83966,-26.25,-25.9,-16.51
2026-08-04T15:00:00Z,MTR,-26.25,61.1,984.4,13.79,15,216,-0.70711,-0.70711,-0.54311,-0.83966,-25.75,-26.75,-15.9
2026-08-04T16:00:00Z,MTR,-25.75,73.6,981.1,12.94,16,216,-0.86603,-0.5,-0.54311,-0.83966,-25.87,-26.53,-16.69
2026-08-04T17:00:00Z,MTR,-25.87,74.0,981.1,12.49,17,216,-0.96593,-0.25882,-0.54311,-0.83966,-25.79,-25.95,-14.77
2026-08-04T18:00:00Z,MTR,-25.79,67.8,981.3,14.52,18,216,-1.0,-0.0,-0.54311,-0.83966,-26.64,-25.4,-16.26
2026-08-04T19:00:00Z,MTR,-26.64,64.2,981.8,14.19,19,216,-0.96593,0.25882,-0.54311,-0.83966,-25.9,-25.22,-23.2
2026-08-04T20:00:00Z,MTR,-25.9,79.5,981.0,16.19,20,216,-0.86603,0.5,-0.54311,-0.83966,-26.75,-25.85,-22.92
2026-08-04T21:00:00Z,MTR,-26.75,63.8,980.7,9.86,21,216,-0.70711,0.70711,-0.54311,-0.83966,-26.53,-26.29,-23.11
2026-08-04T22:00:00Z,MTR,-26.53,65.4,981.3,10.62,22,216,-0.5,0.86603,-0.54311,-0.83966,-25.95,-25.73,-23.04
2026-08-04T23:00:00Z,MTR,-25.95,54.8,983.1,9.84,23,216,-0.25882,0.96593,-0.54311,-0.83966,-25.4,-25.12,-17.73
2026-08-05T00:00:00Z,MTR,-25.4,76.2,979.4,12.16,0,217,0.0,1.0,-0.55747,-0.8302,-25.22,-24.06,-17.52
2026-08-05T01:00:00Z,MTR,-25.22,64.7,978.6,18.32,1,217,0.25882,0.96593,-0.55747,-0.8302,-25.85,-23.56,-18.37
2026-08-05T02:00:00Z,MTR,-25.85,72.9,978.9,14.47,2,217,0.5,0.86603,-0.55747,-0.8302,-26.29,-23.31,-16.16
2026-08-05T03:00:00Z,MTR,-26.29,73.8,977.0,14.11,3,217,0.70711,0.70711,-0.55747,-0.8302,-25.73,-21.26,-16.27
2026-08-05T04:00:00Z,MTR,-25.73,68.2,979.9,11.79,4,217,0.86603,0.5,-0.55747,-0.8302,-25.12,-17.02,-17.65
2026-08-05T05:00:00Z,MTR,-25.12,67.6,978.4,12.4,5,217,0.96593,0.25882,-0.55747,-0.8302,-24.06,-22.54,-18.32
2026-08-05T06:00:00Z,MTR,-24.06,74.4,978.0,17.15,6,217,1.0,0.0,-0.55747,-0.8302,-23.56,-17.89,-19.72
2026-08-05T07:00:00Z,MTR,-23.56,79.2,978.6,13.43,7,217,0.96593,-0.25882,-0.55747,-0.8302,-23.31,-15.99,-18.79
2026-08-05T08:00:00Z,MTR,-23.31,71.1,977.0,14.49,8,217,0.86603,-0.5,-0.55747,-0.8302,-21.26,-16.51,-18.01
2026-08-05T09:00:00Z,MTR,-21.26,69.3,973.2,19.22,9,217,0.70711,-0.70711,-0.55747,-0.8302,-17.02,-15.9,-18.15
2026-08-05T10:00:00Z,MTR,-17.02,67.0,972.1,10.37,10,217,0.5,-0.86603,-0.55747,-0.8302,-22.54,-16.69,-18.89
2026-08-05T11:00:00Z,MTR,-22.54,74.6,973.6,13.84,11,217,0.25882,-0.96593,-0.55747,-0.8302,-17.89,-14.77,-20.56
2026-08-05T12:00:00Z,MTR,-17.89,73.7,972.5,11.85,12,217,0.0,-1.0,-0.55747,-0.8302,-15.99,-16.26,-20.47
2026-08-05T13:00:00Z,MTR,-15.99,78.9,970.6,17.59,13,217,-0.25882,-0.96593,-0.55747,-0.8302,-16.51,-23.2,-22.23
2026-08-05T14:00:00Z,MTR,-16.51,78.7,971.8,13.76,14,217,-0.5,-0.86603,-0.55747,-0.8302,-15.9,-22.92,-22.27
2026-08-05T15:00:00Z,MTR,-15.9,77.3,970.7,18.07,15,217,-0.70711,-0.70711,-0.55747,-0.8302,-16.69,-23.11,-26.9
2026-08-05T16:00:00Z,MTR,-16.69,93.7,969.3,14.13,16,217,-0.86603,-0.5,-0.55747,-0.8302,-14.77,-23.04,-26.26
2026-08-05T17:00:00Z,MTR,-14.77,84.1,969.2,21.26,17,217,-0.96593,-0.25882,-0.55747,-0.8302,-16.26,-17.73,-25.29
2026-08-05T18:00:00Z,MTR,-16.26,85.3,970.1,19.79,18,217,-1.0,-0.0,-0.55747,-0.8302,-23.2,-17.52,-26.07
2026-08-05T19:00:00Z,MTR,-23.2,74.9,973.9,15.45,19,217,-0.96593,0.25882,-0.55747,-0.8302,-22.92,-18.37,-26.16
2026-08-05T20:00:00Z,MTR,-22.92,74.5,974.8,16.73,20,217,-0.86603,0.5,-0.55747,-0.8302,-23.11,-16.16,-26.19
2026-08-05T21:00:00Z,MTR,-23.11,71.0,976.1,16.85,21,217,-0.70711,0.70711,-0.55747,-0.8302,-23.04,-16.27,-25.37
2026-08-05T22:00:00Z,MTR,-23.04,75.4,974.5,15.07,22,217,-0.5,0.86603,-0.55747,-0.8302,-17.73,-17.65,-25.88
2026-08-05T23:00:00Z,MTR,-17.73,69.6,971.9,13.98,23,217,-0.25882,0.96593,-0.55747,-0.8302,-17.52,-18.32,-26.26
2026-08-06T00:00:00Z,MTR,-17.52,69.6,971.5,13.79,0,218,0.0,1.0,-0.57167,-0.82049,-18.37,-19.72,-25.76
2026-08-06T01:00:00Z,MTR,-18.37,75.2,971.3,15.2,1,218,0.25882,0.96593,-0.57167,-0.82049,-16.16,-18.79,-25.18
2026-08-06T02:00:00Z,MTR,-16.16,76.3,968.9,16.71,2,218,0.5,0.86603,-0.57167,-0.82049,-16.27,-18.01,-25.56
2026-08-06T03:00:00Z,MTR,-16.27,79.0,968.4,18.38,3,218,0.70711,0.70711,-0.57167,-0.82049,-17.65,-18.15,-25.4
2026-08-06T04:00:00Z,MTR,-17.65,79.1,969.0,15.83,4,218,0.86603,0.5,-0.57167,-0.82049,-18.32,-18.89,-24.72
2026-08-06T05:00:00Z,MTR,-18.32,79.1,969.5,16.75,5,218,0.96593,0.25882,-0.57167,-0.82049,-19.72,-20.56,-24.56
2026-08-06T06:00:00Z,MTR,-19.72,83.8,970.4,17.1,6,218,1.0,0.0,-0.57167,-0.82049,-18.79,-20.47,-24.97
2026-08-06T07:00:00Z,MTR,-18.79,83.6,970.9,18.54,7,218,0.96593,-0.25882,-0.57167,-0.82049,-18.01,-22.23,-24.79
2026-08-06T08:00:00Z,MTR,-18.01,79.2,970.0,14.48,8,218,0.86603,-0.5,-0.57167,-0.82049,-18.15,-22.27,-24.37
2026-08-06T09:00:00Z,MTR,-18.15,91.0,969.2,17.54,9,218,0.70711,-0.70711,-0.57167,-0.82049,-18.89,-26.9,-24.4
2026-08-06T10:00:00Z,MTR,-18.89,80.4,967.4,16.94,10,218,0.5,-0.86603,-0.57167,-0.82049,-20.56,-26.26,-23.92
2026-08-06T11:00:00Z,MTR,-20.56,82.4,971.0,14.25,11,218,0.25882,-0.96593,-0.57167,-0.82049,-20.47,-25.29,-23.24
2026-08-06T12:00:00Z,MTR,-20.47,80.3,971.5,14.16,12,218,0.0,-1.0,-0.57167,-0.82049,-22.23,-26.07,-23.1
2026-08-06T13:00:00Z,MTR,-22.23,76.4,971.6,13.38,13,218,-0.25882,-0.96593,-0.57167,-0.82049,-22.27,-26.16,-22.73
2026-08-06T14:00:00Z,MTR,-22.27,78.7,970.5,16.22,14,218,-0.5,-0.86603,-0.57167,-0.82049,-26.9,-26.19,-23.11
2026-08-06T15:00:00Z,MTR,-26.9,70.5,976.5,13.93,15,218,-0.70711,-0.70711,-0.57167,-0.82049,-26.26,-25.37,-23.64
2026-08-06T16:00:00Z,MTR,-26.26,78.3,975.1,15.49,16,218,-0.86603,-0.5,-0.57167,-0.82049,-25.29,-25.88,-22.71
2026-08-06T17:00:00Z,MTR,-25.29,80.8,975.1,15.31,17,218,-0.96593,-0.25882,-0.57167,-0.82049,-26.07,-26.26,-24.57
2026-08-06T18:00:00Z,MTR,-26.07,73.1,976.7,15.42,18,218,-1.0,-0.0,-0.57167,-0.82049,-26.16,-25.76,-24.34
2026-08-06T19:00:00Z,MTR,-26.16,61.4,978.6,14.38,19,218,-0.96593,0.25882,-0.57167,-0.82049,-26.19,-25.18,-24.66
2026-08-06T20:00:00Z,MTR,-26.19,70.0,981.2,11.44,20,218,-0.86603,0.5,-0.57167,-0.82049,-25.37,-25.56,-24.22
2026-08-06T21:00:00Z,MTR,-25.37,61.5,985.3,8.87,21,218,-0.70711,0.70711,-0.57167,-0.82049,-25.88,-25.4,-25.2
2026-08-06T22:00:00Z,MTR,-25.88,56.0,986.9,10.76,22,218,-0.5,0.86603,-0.57167,-0.82049,-26.26,-24.72,-24.97
2026-08-06T23:00:00Z,MTR,-26.26,63.0,985.8,11.36,23,218,-0.25882,0.96593,-0.57167,-0.82049,-25.76,-24.56,-24.58
2026-08-07T00:00:00Z,MTR,-25.76,60.7,986.2,12.21,0,219,0.0,1.0,-0.5857,-0.81053,-25.18,-24.97,-24.25
2026-08-07T01:00:00Z,MTR,-25.18,55.3,987.7,11.7,1,219,0.25882,0.96593,-0.5857,-0.81053,-25.56,-24.79,-25.0
2026-08-07T02:00:00Z,MTR,-25.56,54.7,992.4,10.6,2,219,0.5,0.86603,-0.5857,-0.81053,-25.4,-24.37,-25.49
2026-08-07T03:00:00Z,MTR,-25.4,64.6,990.6,10.56,3,219,0.70711,0.70711,-0.5857,-0.81053,-24.72,-24.4,-24.98
2026-08-07T04:00:00Z,MTR,-24.72,54.9,993.7,9.86,4,219,0.86603,0.5,-0.5857,-0.81053,-24.56,-23.92,-25.11
2026-08-07T05:00:00Z,MTR,-24.56,52.7,994.9,8.01,5,219,0.96593,0.25882,-0.5857,-0.81053,-24.97,-23.24,-26.65
2026-08-07T06:00:00Z,MTR,-24.97,52.2,997.2,7.13,6,219,1.0,0.0,-0.5857,-0.81053,-24.79,-23.1,-26.95
2026-08-07T07:00:00Z,MTR,-24.79,51.1,997.8,9.01,7,219,0.96593,-0.25882,-0.5857,-0.81053,-24.37,-22.73,-25.99
2026-08-07T08:00:00Z,MTR,-24.37,48.7,997.0,6.87,8,219,0.86603,-0.5,-0.5857,-0.81053,-24.4,-23.11,-26.09
2026-08-07T09:00:00Z,MTR,-24.4,48.2,999.1,4.61,9,219,0.70711,-0.70711,-0.5857,-0.81053,-23.92,-23.64,-27.04
2026-08-07T10:00:00Z,MTR,-23.92,44.5,1001.0,0.2,10,219,0.5,-0.86603,-0.5857,-0.81053,-23.24,-22.71,-27.07
2026-08-07T11:00:00Z,MTR,-23.24,32.2,1003.4,4.3,11,219,0.25882,-0.96593,-0.5857,-0.81053,-23.1,-24.57,-26.92
2026-08-07T12:00:00Z,MTR,-23.1,44.1,1003.9,1.14,12,219,0.0,-1.0,-0.5857,-0.81053,-22.73,-24.34,-27.43
2026-08-07T13:00:00Z,MTR,-22.73,42.1,1003.3,0.56,13,219,-0.25882,-0.96593,-0.5857,-0.81053,-23.11,-24.66,-26.43
2026-08-07T14:00:00Z,MTR,-23.11,49.0,1000.9,7.38,14,219,-0.5,-0.86603,-0.5857,-0.81053,-23.64,-24.22,-26.71
2026-08-07T15:00:00Z,MTR,-23.64,44.3,1003.0,7.91,15,219,-0.70711,-0.70711,-0.5857,-0.81053,-22.71,-25.2,-26.83
2026-08-07T16:00:00Z,MTR,-22.71,40.9,1004.2,5.97,16,219,-0.86603,-0.5,-0.5857,-0.81053,-24.57,-24.97,-26.88
2026-08-07T17:00:00Z,MTR,-24.57,39.1,1002.8,5.52,17,219,-0.96593,-0.25882,-0.5857,-0.81053,-24.34,-24.58,-28.17
2026-08-07T18:00:00Z,MTR,-24.34,46.3,1002.2,8.72,18,219,-1.0,-0.0,-0.5857,-0.81053,-24.66,-24.25,-27.74
2026-08-07T19:00:00Z,MTR,-24.66,45.9,1001.7,5.79,19,219,-0.96593,0.25882,-0.5857,-0.81053,-24.22,-25.0,-28.07
2026-08-07T20:00:00Z,MTR,-24.22,54.7,999.3,7.45,20,219,-0.86603,0.5,-0.5857,-0.81053,-25.2,-25.49,-29.76
2026-08-07T21:00:00Z,MTR,-25.2,47.5,998.2,10.28,21,219,-0.70711,0.70711,-0.5857,-0.81053,-24.97,-24.98,-30.65
2026-08-07T22:00:00Z,MTR,-24.97,56.4,996.5,8.18,22,219,-0.5,0.86603,-0.5857,-0.81053,-24.58,-25.11,-30.39
2026-08-07T23:00:00Z,MTR,-24.58,54.9,996.1,6.62,23,219,-0.25882,0.96593,-0.5857,-0.81053,-24.25,-26.65,-29.2
2026-08-08T00:00:00Z,MTR,-24.25,47.8,995.1,5.6,0,220,0.0,1.0,-0.59955,-0.80034,-25.0,-26.95,-28.34
2026-08-08T01:00:00Z,MTR,-25.0,48.1,992.4,8.03,1,220,0.25882,0.96593,-0.59955,-0.80034,-25.49,-25.99,-27.77
2026-08-08T02:00:00Z,MTR,-25.49,56.1,996.4,7.99,2,220,0.5,0.86603,-0.59955,-0.80034,-24.98,-26.09,-27.57
2026-08-08T03:00:00Z,MTR,-24.98,50.2,998.7,5.17,3,220,0.70711,0.70711,-0.59955,-0.80034,-25.11,-27.04,-27.17
2026-08-08T04:00:00Z,MTR,-25.11,55.2,997.1,10.91,4,220,0.86603,0.5,-0.59955,-0.80034,-26.65,-27.07,-27.0
2026-08-08T05:00:00Z,MTR,-26.65,50.6,997.5,7.81,5,220,0.96593,0.25882,-0.59955,-0.80034,-26.95,-26.92,-27.48
2026-08-08T06:00:00Z,MTR,-26.95,44.4,998.0,8.27,6,220,1.0,0.0,-0.59955,-0.80034,-25.99,-27.43,-27.89
2026-08-08T07:00:00Z,MTR,-25.99,49.0,999.8,9.59,7,220,0.96593,-0.25882,-0.59955,-0.80034,-26.09,-26.43,-27.75
2026-08-08T08:00:00Z,MTR,-26.09,52.9,997.8,8.0,8,220,0.86603,-0.5,-0.59955,-0.80034,-27.04,-26.71,-28.2
2026-08-08T09:00:00Z,MTR,-27.04,36.6,999.2,6.52,9,220,0.70711,-0.70711,-0.59955,-0.80034,-27.07,-26.83,-29.26
2026-08-08T10:00:00Z,MTR,-27.07,51.4,997.6,5.21,10,220,0.5,-0.86603,-0.59955,-0.80034,-26.92,-26.88,-28.44
2026-08-08T11:00:00Z,MTR,-26.92,56.5,994.6,6.51,11,220,0.25882,-0.96593,-0.59955,-0.80034,-27.43,-28.17,-27.86
2026-08-08T12:00:00Z,MTR,-27.43,56.3,995.3,6.49,12,220,0.0,-1.0,-0.59955,-0.80034,-26.43,-27.74,-29.02
2026-08-08T13:00:00Z,MTR,-26.43,52.2,997.0,6.25,13,220,-0.25882,-0.96593,-0.59955,-0.80034,-26.71,-28.07,-29.85
2026-08-08T14:00:00Z,MTR,-26.71,44.1,1000.9,7.08,14,220,-0.5,-0.86603,-0.59955,-0.80034,-26.83,-29.76,-29.47
2026-08-08T15:00:00Z,MTR,-26.83,50.0,997.7,9.85,15,220,-0.70711,-0.70711,-0.59955,-0.80034,-26.88,-30.65,-30.1
2026-08-08T16:00:00Z,MTR,-26.88,42.6,998.0,10.18,16,220,-0.86603,-0.5,-0.59955,-0.80034,-28.17,-30.39,-29.81
2026-08-08T17:00:00Z,MTR,-28.17,56.2,996.3,7.53,17,220,-0.96593,-0.25882,-0.59955,-0.80034,-27.74,-29.2,-28.93
2026-08-08T18:00:00Z,MTR,-27.74,55.8,996.8,11.98,18,220,-1.0,-0.0,-0.59955,-0.80034,-28.07,-28.34,-29.09
2026-08-08T19:00:00Z,MTR,-28.07,52.2,993.2,6.76,19,220,-0.96593,0.25882,-0.59955,-0.80034,-29.76,-27.77,-28.39
2026-08-08T20:00:00Z,MTR,-29.76,60.8,990.1,9.58,20,220,-0.86603,0.5,-0.59955,-0.80034,-30.65,-27.57,-28.6
2026-08-08T21:00:00Z,MTR,-30.65,63.3,988.0,10.71,21,220,-0.70711,0.70711,-0.59955,-0.80034,-30.39,-27.17,-28.67
2026-08-08T22:00:00Z,MTR,-30.39,54.4,987.5,8.08,22,220,-0.5,0.86603,-0.59955,-0.80034,-29.2,-27.0,-28.18
2026-08-08T23:00:00Z,MTR,-29.2,72.6,985.8,10.71,23,220,-0.25882,0.96593,-0.59955,-0.80034,-28.34,-27.48,-27.53
2026-08-09T00:00:00Z,MTR,-28.34,57.5,986.5,10.49,0,221,0.0,1.0,-0.61323,-0.7899,-27.77,-27.89,-28.25
2026-08-09T01:00:00Z,MTR,-27.77,49.0,987.8,8.06,1,221,0.25882,0.96593,-0.61323,-0.7899,-27.57,-27.75,-29.07
2026-08-09T02:00:00Z,MTR,-27.57,62.1,988.2,11.09,2,221,0.5,0.86603,-0.61323,-0.7899,-27.17,-28.2,-30.01
2026-08-09T03:00:00Z,MTR,-27.17,59.7,990.5,11.8,3,221,0.70711,0.70711,-0.61323,-0.7899,-27.0,-29.26,-28.48
2026-08-09T04:00:00Z,MTR,-27.0,54.5,990.6,6.8,4,221,0.86603,0.5,-0.61323,-0.7899,-27.48,-28.44,-28.64
2026-08-09T05:00:00Z,MTR,-27.48,62.1,987.7,12.34,5,221,0.96593,0.25882,-0.61323,-0.7899,-27.89,-27.86,-28.98
2026-08-09T06:00:00Z,MTR,-27.89,55.2,989.6,12.22,6,221,1.0,0.0,-0.61323,-0.7899,-27.75,-29.02,-28.55
2026-08-09T07:00:00Z,MTR,-27.75,51.6,987.9,10.09,7,221,0.96593,-0.25882,-0.61323,-0.7899,-28.2,-29.85,-29.61
2026-08-09T08:00:00Z,MTR,-28.2,63.5,989.0,8.81,8,221,0.86603,-0.5,-0.61323,-0.7899,-29.26,-29.47,-29.65
2026-08-09T09:00:00Z,MTR,-29.26,57.0,991.3,6.03,9,221,0.70711,-0.70711,-0.61323,-0.7899,-28.44,-30.1,-29.33
2026-08-09T10:00:00Z,MTR,-28.44,53.8,991.5,6.97,10,221,0.5,-0.86603,-0.61323,-0.7899,-27.86,-29.81,-29.67
2026-08-09T11:00:00Z,MTR,-27.86,67.7,988.2,6.95,11,221,0.25882,-0.96593,-0.61323,-0.7899,-29.02,-28.93,-30.21
2026-08-09T12:00:00Z,MTR,-29.02,60.5,986.1,10.25,12,221,0.0,-1.0,-0.61323,-0.7899,-29.85,-29.09,-30.22
2026-08-09T13:00:00Z,MTR,-29.85,62.6,988.1,9.3,13,221,-0.25882,-0.96593,-0.61323,-0.7899,-29.47,-28.39,-30.42
2026-08-09T14:00:00Z,MTR,-29.47,56.0,987.5,11.19,14,221,-0.5,-0.86603,-0.61323,-0.7899,-30.1,-28.6,-30.66
2026-08-09T15:00:00Z,MTR,-30.1,50.8,987.3,13.74,15,221,-0.70711,-0.70711,-0.61323,-0.7899,-29.81,-28.67,-31.47
2026-08-09T16:00:00Z,MTR,-29.81,63.6,988.3,12.72,16,221,-0.86603,-0.5,-0.61323,-0.7899,-28.93,-28.18,-32.07
2026-08-09T17:00:00Z,MTR,-28.93,62.3,989.2,12.04,17,221,-0.96593,-0.25882,-0.61323,-0.7899,-29.09,-27.53,-30.82
2026-08-09T18:00:00Z,MTR,-29.09,68.0,989.4,9.1,18,221,-1.0,-0.0,-0.61323,-0.7899,-28.39,-28.25,-31.43
2026-08-09T19:00:00Z,MTR,-28.39,55.0,988.6,14.0,19,221,-0.96593,0.25882,-0.61323,-0.7899,-28.6,-29.07,-30.09
2026-08-09T20:00:00Z,MTR,-28.6,53.2,987.7,14.16,20,221,-0.86603,0.5,-0.61323,-0.7899,-28.67,-30.01,-31.13
2026-08-09T21:00:00Z,MTR,-28.67,56.0,989.0,9.99,21,221,-0.70711,0.70711,-0.61323,-0.7899,-28.18,-28.48,-31.16
2026-08-09T22:00:00Z,MTR,-28.18,60.6,989.6,8.09,22,221,-0.5,0.86603,-0.61323,-0.7899,-27.53,-28.64,-30.27
2026-08-09T23:00:00Z,MTR,-27.53,48.5,988.8,10.66,23,221,-0.25882,0.96593,-0.61323,-0.7899,-28.25,-28.98,-30.51
2026-08-10T00:00:00Z,MTR,-28.25,56.3,990.4,4.07,0,222,0.0,1.0,-0.62673,-0.77924,-29.07,-28.55,-25.83
2026-08-10T01:00:00Z,MTR,-29.07,55.9,989.7,9.64,1,222,0.25882,0.96593,-0.62673,-0.77924,-30.01,-29.61,-23.59
2026-08-10T02:00:00Z,MTR,-30.01,59.3,987.7,13.33,2,222,0.5,0.86603,-0.62673,-0.77924,-28.48,-29.65,-24.45
2026-08-10T03:00:00Z,MTR,-28.48,57.9,986.0,10.88,3,222,0.70711,0.70711,-0.62673,-0.77924,-28.64,-29.33,-22.82
2026-08-10T04:00:00Z,MTR,-28.64,70.6,984.0,13.36,4,222,0.86603,0.5,-0.62673,-0.77924,-28.98,-29.67,-23.14
2026-08-10T05:00:00Z,MTR,-28.98,57.9,983.3,13.67,5,222,0.96593,0.25882,-0.62673,-0.77924,-28.55,-30.21,-23.12
2026-08-10T06:00:00Z,MTR,-28.55,69.0,985.3,15.0,6,222,1.0,0.0,-0.62673,-0.77924,-29.61,-30.22,-22.53
2026-08-10T07:00:00Z,MTR,-29.61,68.0,983.5,13.61,7,222,0.96593,-0.25882,-0.62673,-0.77924,-29.65,-30.42,-22.5
2026-08-10T08:00:00Z,MTR,-29.65,62.8,983.5,12.34,8,222,0.86603,-0.5,-0.62673,-0.77924,-29.33,-30.66,-21.43
2026-08-10T09:00:00Z,MTR,-29.33,73.0,982.0,7.47,9,222,0.70711,-0.70711,-0.62673,-0.77924,-29.67,-31.47,-20.06
2026-08-10T10:00:00Z,MTR,-29.67,57.6,981.2,10.95,10,222,0.5,-0.86603,-0.62673,-0.77924,-30.21,-32.07,-14.83
2026-08-10T11:00:00Z,MTR,-30.21,75.3,978.2,11.63,11,222,0.25882,-0.96593,-0.62673,-0.77924,-30.22,-30.82,-13.76
2026-08-10T12:00:00Z,MTR,-30.22,64.3,977.6,7.9,12,222,0.0,-1.0,-0.62673,-0.77924,-30.42,-31.43,-15.44
2026-08-10T13:00:00Z,MTR,-30.42,68.7,977.0,10.14,13,222,-0.25882,-0.96593,-0.62673,-0.77924,-30.66,-30.09,-15.96
2026-08-10T14:00:00Z,MTR,-30.66,72.5,977.8,12.46,14,222,-0.5,-0.86603,-0.62673,-0.77924,-31.47,-31.13,-15.81
2026-08-10T15:00:00Z,MTR,-31.47,76.3,977.9,13.16,15,222,-0.70711,-0.70711,-0.62673,-0.77924,-32.07,-31.16,-16.26
2026-08-10T16:00:00Z,MTR,-32.07,69.6,975.3,15.69,16,222,-0.86603,-0.5,-0.62673,-0.77924,-30.82,-30.27,-17.04
2026-08-10T17:00:00Z,MTR,-30.82,75.4,977.0,15.32,17,222,-0.96593,-0.25882,-0.62673,-0.77924,-31.43,-30.51,-17.29
2026-08-10T18:00:00Z,MTR,-31.43,70.5,977.0,15.54,18,222,-1.0,-0.0,-0.62673,-0.77924,-30.09,-25.83,-17.63
2026-08-10T19:00:00Z,MTR,-30.09,69.8,976.9,20.09,19,222,-0.96593,0.25882,-0.62673,-0.77924,-31.13,-23.59,-14.78
2026-08-10T20:00:00Z,MTR,-31.13,64.7,976.5,14.49,20,222,-0.86603,0.5,-0.62673,-0.77924,-31.16,-24.45,-15.29
2026-08-10T21:00:00Z,MTR,-31.16,72.1,975.1,13.55,21,222,-0.70711,0.70711,-0.62673,-0.77924,-30.27,-22.82,-16.91
2026-08-10T22:00:00Z,MTR,-30.27,68.9,975.0,17.7,22,222,-0.5,0.86603,-0.62673,-0.77924,-30.51,-23.14,-15.65
2026-08-10T23:00:00Z,MTR,-30.51,68.4,975.5,16.51,23,222,-0.25882,0.96593,-0.62673,-0.77924,-25.83,-23.12,-17.46
2026-08-11T00:00:00Z,MTR,-25.83,74.2,971.8,11.72,0,223,0.0,1.0,-0.64004,-0.76834,-23.59,-22.53,-17.91
2026-08-11T01:00:00Z,MTR,-23.59,78.5,970.6,17.64,1,223,0.25882,0.96593,-0.64004,-0.76834,-24.45,-22.5,-17.97
2026-08-11T02:00:00Z,MTR,-24.45,76.2,969.9,12.6,2,223,0.5,0.86603,-0.64004,-0.76834,-22.82,-21.43,-23.75
2026-08-11T03:00:00Z,MTR,-22.82,82.0,970.1,22.67,3,223,0.70711,0.70711,-0.64004,-0.76834,-23.14,-20.06,-22.96
2026-08-11T04:00:00Z,MTR,-23.14,87.5,972.1,20.4,4,223,0.86603,0.5,-0.64004,-0.76834,-23.12,-14.83,-25.04
2026-08-11T05:00:00Z,MTR,-23.12,76.9,970.4,18.81,5,223,0.96593,0.25882,-0.64004,-0.76834,-22.53,-13.76,-18.73
2026-08-11T06:00:00Z,MTR,-22.53,77.2,969.3,19.94,6,223,1.0,0.0,-0.64004,-0.76834,-22.5,-15.44,-23.16
2026-08-11T07:00:00Z,MTR,-22.5,77.8,968.3,19.33,7,223,0.96593,-0.25882,-0.64004,-0.76834,-21.43,-15.96,-24.94
2026-08-11T08:00:00Z,MTR,-21.43,69.4,966.9,17.26,8,223,0.86603,-0.5,-0.64004,-0.76834,-20.06,-15.81,-25.2
2026-08-11T09:00:00Z,MTR,-20.06,80.9,966.4,18.11,9,223,0.70711,-0.70711,-0.64004,-0.76834,-14.83,-16.26,-24.92
2026-08-11T10:00:00Z,MTR,-14.83,99.0,967.9,43.69,10,223,0.5,-0.86603,-0.64004,-0.76834,-13.76,-17.04,-25.51
2026-08-11T11:00:00Z,MTR,-13.76,91.2,966.2,40.1,11,223,0.25882,-0.96593,-0.64004,-0.76834,-15.44,-17.29,-26.33
2026-08-11T12:00:00Z,MTR,-15.44,88.0,967.3,41.13,12,223,0.0,-1.0,-0.64004,-0.76834,-15.96,-17.63,-25.14
2026-08-11T13:00:00Z,MTR,-15.96,95.0,964.5,39.64,13,223,-0.25882,-0.96593,-0.64004,-0.76834,-15.81,-14.78,-23.88
2026-08-11T14:00:00Z,MTR,-15.81,92.0,964.1,43.92,14,223,-0.5,-0.86603,-0.64004,-0.76834,-16.26,-15.29,-24.38
2026-08-11T15:00:00Z,MTR,-16.26,99.0,964.1,44.19,15,223,-0.70711,-0.70711,-0.64004,-0.76834,-17.04,-16.91,-24.97
2026-08-11T16:00:00Z,MTR,-17.04,90.5,967.9,46.54,16,223,-0.86603,-0.5,-0.64004,-0.76834,-17.29,-15.65,-23.35
2026-08-11T17:00:00Z,MTR,-17.29,98.3,968.0,47.54,17,223,-0.96593,-0.25882,-0.64004,-0.76834,-17.63,-17.46,-21.54
2026-08-11T18:00:00Z,MTR,-17.63,94.6,964.7,43.41,18,223,-1.0,-0.0,-0.64004,-0.76834,-14.78,-17.91,-21.04
2026-08-11T19:00:00Z,MTR,-14.78,99.0,962.1,47.84,19,223,-0.96593,0.25882,-0.64004,-0.76834,-15.29,-17.97,-20.74
2026-08-11T20:00:00Z,MTR,-15.29,95.1,963.4,47.29,20,223,-0.86603,0.5,-0.64004,-0.76834,-16.91,-23.75,-20.32
2026-08-11T21:00:00Z,MTR,-16.91,96.3,965.7,40.7,21,223,-0.70711,0.70711,-0.64004,-0.76834,-15.65,-22.96,-19.3
2026-08-11T22:00:00Z,MTR,-15.65,99.0,967.6,44.76,22,223,-0.5,0.86603,-0.64004,-0.76834,-17.46,-25.04,-20.53
2026-08-11T23:00:00Z,MTR,-17.46,90.1,969.1,38.53,23,223,-0.25882,0.96593,-0.64004,-0.76834,-17.91,-18.73,-20.73
2026-08-12T00:00:00Z,MTR,-17.91,83.2,972.5,38.44,0,224,0.0,1.0,-0.65316,-0.75722,-17.97,-23.16,-20.6
2026-08-12T01:00:00Z,MTR,-17.97,88.7,972.7,38.5,1,224,0.25882,0.96593,-0.65316,-0.75722,-23.75,-24.94,-23.41
2026-08-12T02:00:00Z,MTR,-23.75,78.2,975.6,37.04,2,224,0.5,0.86603,-0.65316,-0.75722,-22.96,-25.2,-21.56
2026-08-12T03:00:00Z,MTR,-22.96,91.3,973.8,43.69,3,224,0.70711,0.70711,-0.65316,-0.75722,-25.04,-24.92,-20.92
2026-08-12T04:00:00Z,MTR,-25.04,80.9,973.6,40.23,4,224,0.86603,0.5,-0.65316,-0.75722,-18.73,-25.51,-20.07
2026-08-12T05:00:00Z,MTR,-18.73,85.5,971.9,42.25,5,224,0.96593,0.25882,-0.65316,-0.75722,-23.16,-26.33,-18.97
2026-08-12T06:00:00Z,MTR,-23.16,89.1,973.0,42.76,6,224,1.0,0.0,-0.65316,-0.75722,-24.94,-25.14,-18.17
2026-08-12T07:00:00Z,MTR,-24.94,73.2,974.6,43.6,7,224,0.96593,-0.25882,-0.65316,-0.75722,-25.2,-23.88,-19.39
2026-08-12T08:00:00Z,MTR,-25.2,81.8,976.5,39.2,8,224,0.86603,-0.5,-0.65316,-0.75722,-24.92,-24.38,-18.03
2026-08-12T09:00:00Z,MTR,-24.92,79.0,978.3,38.49,9,224,0.70711,-0.70711,-0.65316,-0.75722,-25.51,-24.97,-18.63
2026-08-12T10:00:00Z,MTR,-25.51,75.5,978.3,37.07,10,224,0.5,-0.86603,-0.65316,-0.75722,-26.33,-23.35,-17.85
2026-08-12T11:00:00Z,MTR,-26.33,74.3,979.6,35.07,11,224,0.25882,-0.96593,-0.65316,-0.75722,-25.14,-21.54,-18.54
2026-08-12T12:00:00Z,MTR,-25.14,74.0,978.6,39.47,12,224,0.0,-1.0,-0.65316,-0.75722,-23.88,-21.04,-17.2
2026-08-12T13:00:00Z,MTR,-23.88,69.5,982.8,40.18,13,224,-0.25882,-0.96593,-0.65316,-0.75722,-24.38,-20.74,-19.92
2026-08-12T14:00:00Z,MTR,-24.38,70.5,983.8,37.84,14,224,-0.5,-0.86603,-0.65316,-0.75722,-24.97,-20.32,-22.52
2026-08-12T15:00:00Z,MTR,-24.97,66.6,984.5,36.72,15,224,-0.70711,-0.70711,-0.65316,-0.75722,-23.35,-19.3,-23.5
2026-08-12T16:00:00Z,MTR,-23.35,69.4,988.9,35.56,16,224,-0.86603,-0.5,-0.65316,-0.75722,-21.54,-20.53,-23.45
2026-08-12T17:00:00Z,MTR,-21.54,65.3,987.9,39.3,17,224,-0.96593,-0.25882,-0.65316,-0.75722,-21.04,-20.73,-22.18
2026-08-12T18:00:00Z,MTR,-21.04,73.2,987.3,38.06,18,224,-1.0,-0.0,-0.65316,-0.75722,-20.74,-20.6,-22.57
2026-08-12T19:00:00Z,MTR,-20.74,64.4,986.7,35.99,19,224,-0.96593,0.25882,-0.65316,-0.75722,-20.32,-23.41,-23.28
2026-08-12T20:00:00Z,MTR,-20.32,60.8,987.9,33.96,20,224,-0.86603,0.5,-0.65316,-0.75722,-19.3,-21.56,-23.3
2026-08-12T21:00:00Z,MTR,-19.3,65.0,990.0,36.86,21,224,-0.70711,0.70711,-0.65316,-0.75722,-20.53,-20.92,-23.67
2026-08-12T22:00:00Z,MTR,-20.53,56.4,992.5,32.02,22,224,-0.5,0.86603,-0.65316,-0.75722,-20.73,-20.07,-22.85
2026-08-12T23:00:00Z,MTR,-20.73,55.5,998.1,31.03,23,224,-0.25882,0.96593,-0.65316,-0.75722,-20.6,-18.97,-23.62
2026-08-13T00:00:00Z,MTR,-20.6,57.0,994.7,35.32,0,225,0.0,1.0,-0.66609,-0.74587,-23.41,-18.17,-24.01
2026-08-13T01:00:00Z,MTR,-23.41,51.4,996.5,30.69,1,225,0.25882,0.96593,-0.66609,-0.74587,-21.56,-19.39,-24.14
2026-08-13T02:00:00Z,MTR,-21.56,53.3,996.1,35.43,2,225,0.5,0.86603,-0.66609,-0.74587,-20.92,-18.03,-25.04
2026-08-13T03:00:00Z,MTR,-20.92,64.9,995.6,32.18,3,225,0.70711,0.70711,-0.66609,-0.74587,-20.07,-18.63,-25.51
2026-08-13T04:00:00Z,MTR,-20.07,64.5,995.0,36.73,4,225,0.86603,0.5,-0.66609,-0.74587,-18.97,-17.85,-25.61
2026-08-13T05:00:00Z,MTR,-18.97,55.7,993.8,36.88,5,225,0.96593,0.25882,-0.66609,-0.74587,-18.17,-18.54,-25.93
2026-08-13T06:00:00Z,MTR,-18.17,54.5,997.3,35.67,6,225,1.0,0.0,-0.66609,-0.74587,-19.39,-17.2,-27.18
2026-08-13T07:00:00Z,MTR,-19.39,63.3,999.0,32.8,7,225,0.96593,-0.25882,-0.66609,-0.74587,-18.03,-19.92,-26.52
2026-08-13T08:00:00Z,MTR,-18.03,56.4,999.0,34.93,8,225,0.86603,-0.5,-0.66609,-0.74587,-18.63,-22.52,-27.78
2026-08-13T09:00:00Z,MTR,-18.63,51.2,1001.3,30.6,9,225,0.70711,-0.70711,-0.66609,-0.74587,-17.85,-23.5,-26.64
2026-08-13T10:00:00Z,MTR,-17.85,57.7,998.3,34.64,10,225,0.5,-0.86603,-0.66609,-0.74587,-18.54,-23.45,-26.95
2026-08-13T11:00:00Z,MTR,-18.54,59.9,995.6,30.52,11,225,0.25882,-0.96593,-0.66609,-0.74587,-17.2,-22.18,-26.5
2026-08-13T12:00:00Z,MTR,-17.2,64.2,991.4,35.71,12,225,0.0,-1.0,-0.66609,-0.74587,-19.92,-22.57,-25.67
2026-08-13T13:00:00Z,MTR,-19.92,60.5,990.1,31.79,13,225,-0.25882,-0.96593,-0.66609,-0.74587,-22.52,-23.28,-26.44
2026-08-13T14:00:00Z,MTR,-22.52,47.0,990.2,7.28,14,225,-0.5,-0.86603,-0.66609,-0.74587,-23.5,-23.3,-26.22
2026-08-13T15:00:00Z,MTR,-23.5,57.4,990.2,8.98,15,225,-0.70711,-0.70711,-0.66609,-0.74587,-23.45,-23.67,-26.69
2026-08-13T16:00:00Z,MTR,-23.45,48.6,990.1,9.84,16,225,-0.86603,-0.5,-0.66609,-0.74587,-22.18,-22.85,-21.35
2026-08-13T17:00:00Z,MTR,-22.18,59.0,987.2,11.85,17,225,-0.96593,-0.25882,-0.66609,-0.74587,-22.57,-23.62,-22.05
2026-08-13T18:00:00Z,MTR,-22.57,57.9,988.3,14.8,18,225,-1.0,-0.0,-0.66609,-0.74587,-23.28,-24.01,-21.08
2026-08-13T19:00:00Z,MTR,-23.28,57.0,988.2,12.72,19,225,-0.96593,0.25882,-0.66609,-0.74587,-23.3,-24.14,-20.52
2026-08-13T20:00:00Z,MTR,-23.3,62.2,989.0,13.67,20,225,-0.86603,0.5,-0.66609,-0.74587,-23.67,-25.04,-19.15
2026-08-13T21:00:00Z,MTR,-23.67,62.6,984.9,12.03,21,225,-0.70711,0.70711,-0.66609,-0.74587,-22.85,-25.51,-20.85
2026-08-13T22:00:00Z,MTR,-22.85,66.6,985.0,13.83,22,225,-0.5,0.86603,-0.66609,-0.74587,-23.62,-25.61,-20.67
2026-08-13T23:00:00Z,MTR,-23.62,57.3,982.2,11.78,23,225,-0.25882,0.96593,-0.66609,-0.74587,-24.01,-25.93,-20.17
2026-08-14T00:00:00Z,MTR,-24.01,70.5,981.0,9.24,0,226,0.0,1.0,-0.67882,-0.7343,-24.14,-27.18,-23.2
2026-08-14T01:00:00Z,MTR,-24.14,72.2,981.5,13.68,1,226,0.25882,0.96593,-0.67882,-0.7343,-25.04,-26.52,-23.8
2026-08-14T02:00:00Z,MTR,-25.04,68.3,981.1,15.5,2,226,0.5,0.86603,-0.67882,-0.7343,-25.51,-27.78,-23.32
2026-08-14T03:00:00Z,MTR,-25.51,80.2,979.1,15.23,3,226,0.70711,0.70711,-0.67882,-0.7343,-25.61,-26.64,-22.42
2026-08-14T04:00:00Z,MTR,-25.61,74.7,978.6,16.33,4,226,0.86603,0.5,-0.67882,-0.7343,-25.93,-26.95,-21.77
2026-08-14T05:00:00Z,MTR,-25.93,75.1,975.4,18.65,5,226,0.96593,0.25882,-0.67882,-0.7343,-27.18,-26.5,-20.22
2026-08-14T06:00:00Z,MTR,-27.18,79.6,977.1,15.09,6,226,1.0,0.0,-0.67882,-0.7343,-26.52,-25.67,-18.99
2026-08-14T07:00:00Z,MTR,-26.52,73.4,976.3,14.34,7,226,0.96593,-0.25882,-0.67882,-0.7343,-27.78,-26.44,-20.53
2026-08-14T08:00:00Z,MTR,-27.78,67.1,977.9,15.61,8,226,0.86603,-0.5,-0.67882,-0.7343,-26.64,-26.22,-22.07
2026-08-14T09:00:00Z,MTR,-26.64,77.2,976.5,15.77,9,226,0.70711,-0.70711,-0.67882,-0.7343,-26.95,-26.69,-21.77
2026-08-14T10:00:00Z,MTR,-26.95,81.4,975.2,13.36,10,226,0.5,-0.86603,-0.67882,-0.7343,-26.5,-21.35,-21.64
2026-08-14T11:00:00Z,MTR,-26.5,68.2,973.5,14.58,11,226,0.25882,-0.96593,-0.67882,-0.7343,-25.67,-22.05,-20.98
2026-08-14T12:00:00Z,MTR,-25.67,71.7,974.9,13.01,12,226,0.0,-1.0,-0.67882,-0.7343,-26.44,-21.08,-22.17
2026-08-14T13:00:00Z,MTR,-26.44,73.2,973.4,13.96,13,226,-0.25882,-0.96593,-0.67882,-0.7343,-26.22,-20.52,-26.52
2026-08-14T14:00:00Z,MTR,-26.22,67.8,974.4,11.97,14,226,-0.5,-0.86603,-0.67882,-0.7343,-26.69,-19.15,-26.61
2026-08-14T15:00:00Z,MTR,-26.69,75.1,973.6,16.88,15,226,-0.70711,-0.70711,-0.67882,-0.7343,-21.35,-20.85,-26.97
2026-08-14T16:00:00Z,MTR,-21.35,77.0,969.9,19.31,16,226,-0.86603,-0.5,-0.67882,-0.7343,-22.05,-20.67,-21.35
2026-08-14T17:00:00Z,MTR,-22.05,82.6,969.0,15.2,17,226,-0.96593,-0.25882,-0.67882,-0.7343,-21.08,-20.17,-21.52
2026-08-14T18:00:00Z,MTR,-21.08,85.2,967.1,15.96,18,226,-1.0,-0.0,-0.67882,-0.7343,-20.52,-23.2,-21.14
2026-08-14T19:00:00Z,MTR,-20.52,82.8,967.5,15.21,19,226,-0.96593,0.25882,-0.67882,-0.7343,-19.15,-23.8,-22.05
2026-08-14T20:00:00Z,MTR,-19.15,86.9,965.7,21.91,20,226,-0.86603,0.5,-0.67882,-0.7343,-20.85,-23.32,-22.39
2026-08-14T21:00:00Z,MTR,-20.85,89.4,967.9,15.84,21,226,-0.70711,0.70711,-0.67882,-0.7343,-20.67,-22.42,-18.4
2026-08-14T22:00:00Z,MTR,-20.67,92.2,968.1,17.58,22,226,-0.5,0.86603,-0.67882,-0.7343,-20.17,-21.77,-25.42
2026-08-14T23:00:00Z,MTR,-20.17,85.7,968.2,19.57,23,226,-0.25882,0.96593,-0.67882,-0.7343,-23.2,-20.22,-25.95
2026-08-15T00:00:00Z,MTR,-23.2,77.2,969.9,15.21,0,227,0.0,1.0,-0.69135,-0.72252,-23.8,-18.99,-20.17
2026-08-15T01:00:00Z,MTR,-23.8,79.1,972.0,15.76,1,227,0.25882,0.96593,-0.69135,-0.72252,-23.32,-20.53,-21.02
2026-08-15T02:00:00Z,MTR,-23.32,77.0,972.3,13.8,2,227,0.5,0.86603,-0.69135,-0.72252,-22.42,-22.07,-21.05
2026-08-15T03:00:00Z,MTR,-22.42,82.3,971.3,17.22,3,227,0.70711,0.70711,-0.69135,-0.72252,-21.77,-21.77,-25.77
2026-08-15T04:00:00Z,MTR,-21.77,76.9,968.5,16.04,4,227,0.86603,0.5,-0.69135,-0.72252,-20.22,-21.64,-22.11
2026-08-15T05:00:00Z,MTR,-20.22,85.3,967.8,14.8,5,227,0.96593,0.25882,-0.69135,-0.72252,-18.99,-20.98,-25.68
2026-08-15T06:00:00Z,MTR,-18.99,83.8,967.4,18.99,6,227,1.0,0.0,-0.69135,-0.72252,-20.53,-22.17,-25.63
2026-08-15T07:00:00Z,MTR,-20.53,82.1,968.2,19.12,7,227,0.96593,-0.25882,-0.69135,-0.72252,-22.07,-26.52,-25.29
2026-08-15T08:00:00Z,MTR,-22.07,81.7,968.2,17.07,8,227,0.86603,-0.5,-0.69135,-0.72252,-21.77,-26.61,-24.69
2026-08-15T09:00:00Z,MTR,-21.77,85.5,970.1,12.98,9,227,0.70711,-0.70711,-0.69135,-0.72252,-21.64,-26.97,-20.54
2026-08-15T10:00:00Z,MTR,-21.64,93.4,969.5,14.23,10,227,0.5,-0.86603,-0.69135,-0.72252,-20.98,-21.35,-20.05
2026-08-15T11:00:00Z,MTR,-20.98,79.5,970.0,13.05,11,227,0.25882,-0.96593,-0.69135,-0.72252,-22.17,-21.52,-20.23
2026-08-15T12:00:00Z,MTR,-22.17,73.2,972.7,15.09,12,227,0.0,-1.0,-0.69135,-0.72252,-26.52,-21.14,-25.08
2026-08-15T13:00:00Z,MTR,-26.52,75.5,973.7,14.16,13,227,-0.25882,-0.96593,-0.69135,-0.72252,-26.61,-22.05,-25.41
2026-08-15T14:00:00Z,MTR,-26.61,77.6,973.9,16.45,14,227,-0.5,-0.86603,-0.69135,-0.72252,-26.97,-22.39,-24.18
2026-08-15T15:00:00Z,MTR,-26.97,77.2,973.1,15.22,15,227,-0.70711,-0.70711,-0.69135,-0.72252,-21.35,-18.4,-18.53
2026-08-15T16:00:00Z,MTR,-21.35,78.6,972.3,16.9,16,227,-0.86603,-0.5,-0.69135,-0.72252,-21.52,-25.42,-19.38
2026-08-15T17:00:00Z,MTR,-21.52,78.3,971.1,17.85,17,227,-0.96593,-0.25882,-0.69135,-0.72252,-21.14,-25.95,-19.23
2026-08-15T18:00:00Z,MTR,-21.14,86.3,970.5,17.07,18,227,-1.0,-0.0,-0.69135,-0.72252,-22.05,-20.17,-20.31
2026-08-15T19:00:00Z,MTR,-22.05,75.3,972.3,13.15,19,227,-0.96593,0.25882,-0.69135,-0.72252,-22.39,-21.02,-19.18
2026-08-15T20:00:00Z,MTR,-22.39,82.2,972.2,17.7,20,227,-0.86603,0.5,-0.69135,-0.72252,-18.4,-21.05,-19.91
2026-08-15T21:00:00Z,MTR,-18.4,74.0,970.0,21.66,21,227,-0.70711,0.70711,-0.69135,-0.72252,-25.42,-25.77,-25.63
2026-08-15T22:00:00Z,MTR,-25.42,73.8,973.5,17.09,22,227,-0.5,0.86603,-0.69135,-0.72252,-25.95,-22.11,-24.81
2026-08-15T23:00:00Z,MTR,-25.95,77.7,974.2,17.93,23,227,-0.25882,0.96593,-0.69135,-0.72252,-20.17,-25.68,-25.87
2026-08-16T00:00:00Z,MTR,-20.17,77.9,971.7,15.73,0,228,0.0,1.0,-0.70368,-0.71052,-21.02,-25.63,-25.35
2026-08-16T01:00:00Z,MTR,-21.02,84.4,971.1,14.75,1,228,0.25882,0.96593,-0.70368,-0.71052,-21.05,-25.29,-24.6
2026-08-16T02:00:00Z,MTR,-21.05,80.0,971.4,16.98,2,228,0.5,0.86603,-0.70368,-0.71052,-25.77,-24.69,-24.81
2026-08-16T03:00:00Z,MTR,-25.77,82.3,974.6,17.58,3,228,0.70711,0.70711,-0.70368,-0.71052,-22.11,-20.54,-24.69
2026-08-16T04:00:00Z,MTR,-22.11,78.9,972.6,13.48,4,228,0.86603,0.5,-0.70368,-0.71052,-25.68,-20.05,-24.31
2026-08-16T05:00:00Z,MTR,-25.68,71.8,974.3,17.32,5,228,0.96593,0.25882,-0.70368,-0.71052,-25.63,-20.23,-25.27
2026-08-16T06:00:00Z,MTR,-25.63,71.9,976.8,15.54,6,228,1.0,0.0,-0.70368,-0.71052,-25.29,-25.08,-25.17
2026-08-16T07:00:00Z,MTR,-25.29,74.6,975.4,19.02,7,228,0.96593,-0.25882,-0.70368,-0.71052,-24.69,-25.41,-24.98
2026-08-16T08:00:00Z,MTR,-24.69,81.6,974.8,16.68,8,228,0.86603,-0.5,-0.70368,-0.71052,-20.54,-24.18,-25.62
2026-08-16T09:00:00Z,MTR,-20.54,73.5,972.8,8.64,9,228,0.70711,-0.70711,-0.70368,-0.71052,-20.05,-18.53,-24.43
2026-08-16T10:00:00Z,MTR,-20.05,76.3,972.4,14.57,10,228,0.5,-0.86603,-0.70368,-0.71052,-20.23,-19.38,-25.55
2026-08-16T11:00:00Z,MTR,-20.23,73.5,972.4,9.58,11,228,0.25882,-0.96593,-0.70368,-0.71052,-25.08,-19.23,-24.8
2026-08-16T12:00:00Z,MTR,-25.08,76.8,973.6,15.85,12,228,0.0,-1.0,-0.70368,-0.71052,-25.41,-20.31,-23.75
2026-08-16T13:00:00Z,MTR,-25.41,76.0,975.6,11.11,13,228,-0.25882,-0.96593,-0.70368,-0.71052,-24.18,-19.18,-23.31
2026-08-16T14:00:00Z,MTR,-24.18,77.6,974.1,10.86,14,228,-0.5,-0.86603,-0.70368,-0.71052,-18.53,-19.91,-24.38
2026-08-16T15:00:00Z,MTR,-18.53,77.4,970.6,15.23,15,228,-0.70711,-0.70711,-0.70368,-0.71052,-19.38,-25.63,-23.85
2026-08-16T16:00:00Z,MTR,-19.38,68.8,970.8,15.48,16,228,-0.86603,-0.5,-0.70368,-0.71052,-19.23,-24.81,-22.32
2026-08-16T17:00:00Z,MTR,-19.23,79.9,971.6,17.04,17,228,-0.96593,-0.25882,-0.70368,-0.71052,-20.31,-25.87,-22.6
2026-08-16T18:00:00Z,MTR,-20.31,77.8,972.3,15.5,18,228,-1.0,-0.0,-0.70368,-0.71052,-19.18,-25.35,-22.72
2026-08-16T19:00:00Z,MTR,-19.18,78.7,972.0,16.6,19,228,-0.96593,0.25882,-0.70368,-0.71052,-19.91,-24.6,-22.26
2026-08-16T20:00:00Z,MTR,-19.91,76.5,972.6,13.57,20,228,-0.86603,0.5,-0.70368,-0.71052,-25.63,-24.81,-23.06
2026-08-16T21:00:00Z,MTR,-25.63,75.1,975.8,14.55,21,228,-0.70711,0.70711,-0.70368,-0.71052,-24.81,-24.69,-24.3
2026-08-16T22:00:00Z,MTR,-24.81,63.2,976.8,16.84,22,228,-0.5,0.86603,-0.70368,-0.71052,-25.87,-24.31,-24.01
2026-08-16T23:00:00Z,MTR,-25.87,73.0,976.4,12.36,23,228,-0.25882,0.96593,-0.70368,-0.71052,-25.35,-25.27,-24.02
2026-08-17T00:00:00Z,MTR,-25.35,68.2,976.0,13.75,0,229,0.0,1.0,-0.7158,-0.69831,-24.6,-25.17,-24.69
2026-08-17T01:00:00Z,MTR,-24.6,78.0,976.2,10.82,1,229,0.25882,0.96593,-0.7158,-0.69831,-24.81,-24.98,-24.39
2026-08-17T02:00:00Z,MTR,-24.81,70.1,979.8,14.15,2,229,0.5,0.86603,-0.7158,-0.69831,-24.69,-25.62,-24.66
2026-08-17T03:00:00Z,MTR,-24.69,66.2,980.0,15.93,3,229,0.70711,0.70711,-0.7158,-0.69831,-24.31,-24.43,-24.37
2026-08-17T04:00:00Z,MTR,-24.31,63.6,980.5,16.87,4,229,0.86603,0.5,-0.7158,-0.69831,-25.27,-25.55,-24.23
2026-08-17T05:00:00Z,MTR,-25.27,64.9,980.3,14.84,5,229,0.96593,0.25882,-0.7158,-0.69831,-25.17,-24.8,-24.15
2026-08-17T06:00:00Z,MTR,-25.17,63.2,983.1,14.99,6,229,1.0,0.0,-0.7158,-0.69831,-24.98,-23.75,-24.18
2026-08-17T07:00:00Z,MTR,-24.98,60.8,987.3,9.56,7,229,0.96593,-0.25882,-0.7158,-0.69831,-25.62,-23.31,-25.52
2026-08-17T08:00:00Z,MTR,-25.62,53.5,988.7,10.54,8,229,0.86603,-0.5,-0.7158,-0.69831,-24.43,-24.38,-26.56
2026-08-17T09:00:00Z,MTR,-24.43,58.7,989.4,6.42,9,229,0.70711,-0.70711,-0.7158,-0.69831,-25.55,-23.85,-24.84
2026-08-17T10:00:00Z,MTR,-25.55,62.4,990.1,8.44,10,229,0.5,-0.86603,-0.7158,-0.69831,-24.8,-22.32,-23.6
2026-08-17T11:00:00Z,MTR,-24.8,66.3,986.5,7.93,11,229,0.25882,-0.96593,-0.7158,-0.69831,-23.75,-22.6,-23.77
2026-08-17T12:00:00Z,MTR,-23.75,57.1,988.8,9.59,12,229,0.0,-1.0,-0.7158,-0.69831,-23.31,-22.72,-23.49
2026-08-17T13:00:00Z,MTR,-23.31,58.7,990.0,12.78,13,229,-0.25882,-0.96593,-0.7158,-0.69831,-24.38,-22.26,-24.9
2026-08-17T14:00:00Z,MTR,-24.38,52.6,991.7,8.52,14,229,-0.5,-0.86603,-0.7158,-0.69831,-23.85,-23.06,-26.18
2026-08-17T15:00:00Z,MTR,-23.85,51.5,991.3,12.7,15,229,-0.70711,-0.70711,-0.7158,-0.69831,-22.32,-24.3,-28.42
2026-08-17T16:00:00Z,MTR,-22.32,53.1,991.6,7.98,16,229,-0.86603,-0.5,-0.7158,-0.69831,-22.6,-24.01,-29.0
2026-08-17T17:00:00Z,MTR,-22.6,47.3,991.8,10.44,17,229,-0.96593,-0.25882,-0.7158,-0.69831,-22.72,-24.02,-29.21
2026-08-17T18:00:00Z,MTR,-22.72,43.5,994.7,10.2,18,229,-1.0,-0.0,-0.7158,-0.69831,-22.26,-24.69,-28.4
2026-08-17T19:00:00Z,MTR,-22.26,54.5,994.9,9.7,19,229,-0.96593,0.25882,-0.7158,-0.69831,-23.06,-24.39,-28.34
2026-08-17T20:00:00Z,MTR,-23.06,50.0,999.6,11.34,20,229,-0.86603,0.5,-0.7158,-0.69831,-24.3,-24.66,-27.91
2026-08-17T21:00:00Z,MTR,-24.3,51.5,1001.1,5.11,21,229,-0.70711,0.70711,-0.7158,-0.69831,-24.01,-24.37,-27.99
2026-08-17T22:00:00Z,MTR,-24.01,54.8,999.5,7.06,22,229,-0.5,0.86603,-0.7158,-0.69831,-24.02,-24.23,-27.88
2026-08-17T23:00:00Z,MTR,-24.02,46.1,1000.0,0.54,23,229,-0.25882,0.96593,-0.7158,-0.69831,-24.69,-24.15,-27.95
2026-08-18T00:00:00Z,MTR,-24.69,42.4,999.6,5.5,0,230,0.0,1.0,-0.7277,-0.68589,-24.39,-24.18,-27.4
2026-08-18T01:00:00Z,MTR,-24.39,46.2,996.3,7.64,1,230,0.25882,0.96593,-0.7277,-0.68589,-24.66,-25.52,-29.27
2026-08-18T02:00:00Z,MTR,-24.66,41.6,1000.1,6.12,2,230,0.5,0.86603,-0.7277,-0.68589,-24.37,-26.56,-28.98
2026-08-18T03:00:00Z,MTR,-24.37,46.4,1002.0,7.1,3,230,0.70711,0.70711,-0.7277,-0.68589,-24.23,-24.84,-28.82
2026-08-18T04:00:00Z,MTR,-24.23,39.4,1003.5,5.25,4,230,0.86603,0.5,-0.7277,-0.68589,-24.15,-23.6,-27.23
2026-08-18T05:00:00Z,MTR,-24.15,35.0,1004.1,4.05,5,230,0.96593,0.25882,-0.7277,-0.68589,-24.18,-23.77,-26.95
2026-08-18T06:00:00Z,MTR,-24.18,46.8,1002.0,5.37,6,230,1.0,0.0,-0.7277,-0.68589,-25.52,-23.49,-25.6
2026-08-18T07:00:00Z,MTR,-25.52,49.6,1001.4,5.69,7,230,0.96593,-0.25882,-0.7277,-0.68589,-26.56,-24.9,-25.4
2026-08-18T08:00:00Z,MTR,-26.56,38.2,1003.3,0.83,8,230,0.86603,-0.5,-0.7277,-0.68589,-24.84,-26.18,-26.53
2026-08-18T09:00:00Z,MTR,-24.84,43.7,1001.5,1.33,9,230,0.70711,-0.70711,-0.7277,-0.68589,-23.6,-28.42,-24.89
2026-08-18T10:00:00Z,MTR,-23.6,56.3,997.1,3.8,10,230,0.5,-0.86603,-0.7277,-0.68589,-23.77,-29.0,-24.85
2026-08-18T11:00:00Z,MTR,-23.77,54.1,997.0,4.79,11,230,0.25882,-0.96593,-0.7277,-0.68589,-23.49,-29.21,-25.33
2026-08-18T12:00:00Z,MTR,-23.49,45.2,996.9,5.79,12,230,0.0,-1.0,-0.7277,-0.68589,-24.9,-28.4,-25.25
2026-08-18T13:00:00Z,MTR,-24.9,56.4,997.3,2.96,13,230,-0.25882,-0.96593,-0.7277,-0.68589,-26.18,-28.34,-25.15
2026-08-18T14:00:00Z,MTR,-26.18,51.0,998.6,3.11,14,230,-0.5,-0.86603,-0.7277,-0.68589,-28.42,-27.91,-24.37
2026-08-18T15:00:00Z,MTR,-28.42,55.4,999.5,5.9,15,230,-0.70711,-0.70711,-0.7277,-0.68589,-29.0,-27.99,-25.12
2026-08-18T16:00:00Z,MTR,-29.0,47.0,999.7,8.51,16,230,-0.86603,-0.5,-0.7277,-0.68589,-29.21,-27.88,-24.52
2026-08-18T17:00:00Z,MTR,-29.21,40.8,1001.4,5.03,17,230,-0.96593,-0.25882,-0.7277,-0.68589,-28.4,-27.95,-22.52
2026-08-18T18:00:00Z,MTR,-28.4,49.1,998.0,7.62,18,230,-1.0,-0.0,-0.7277,-0.68589,-28.34,-27.4,-21.6
2026-08-18T19:00:00Z,MTR,-28.34,42.7,998.4,10.37,19,230,-0.96593,0.25882,-0.7277,-0.68589,-27.91,-29.27,-21.19
2026-08-18T20:00:00Z,MTR,-27.91,52.2,998.8,6.34,20,230,-0.86603,0.5,-0.7277,-0.68589,-27.99,-28.98,-20.92
2026-08-18T21:00:00Z,MTR,-27.99,48.2,995.8,5.89,21,230,-0.70711,0.70711,-0.7277,-0.68589,-27.88,-28.82,-21.1
2026-08-18T22:00:00Z,MTR,-27.88,57.3,992.3,8.64,22,230,-0.5,0.86603,-0.7277,-0.68589,-27.95,-27.23,-21.87
2026-08-18T23:00:00Z,MTR,-27.95,67.7,990.3,6.99,23,230,-0.25882,0.96593,-0.7277,-0.68589,-27.4,-26.95,-20.17
2026-08-19T00:00:00Z,MTR,-27.4,55.0,988.4,2.85,0,231,0.0,1.0,-0.73939,-0.67327,-29.27,-25.6,-19.6
2026-08-19T01:00:00Z,MTR,-29.27,58.8,989.1,9.45,1,231,0.25882,0.96593,-0.73939,-0.67327,-28.98,-25.4,-19.7
2026-08-19T02:00:00Z,MTR,-28.98,59.2,987.2,12.27,2,231,0.5,0.86603,-0.73939,-0.67327,-28.82,-26.53,-20.01
2026-08-19T03:00:00Z,MTR,-28.82,63.0,984.8,11.98,3,231,0.70711,0.70711,-0.73939,-0.67327,-27.23,-24.89,-21.82
2026-08-19T04:00:00Z,MTR,-27.23,65.4,983.0,15.28,4,231,0.86603,0.5,-0.73939,-0.67327,-26.95,-24.85,-23.63
2026-08-19T05:00:00Z,MTR,-26.95,70.0,984.3,14.4,5,231,0.96593,0.25882,-0.73939,-0.67327,-25.6,-25.33,-23.89
2026-08-19T06:00:00Z,MTR,-25.6,69.5,983.5,11.79,6,231,1.0,0.0,-0.73939,-0.67327,-25.4,-25.25,-24.87
2026-08-19T07:00:00Z,MTR,-25.4,66.9,982.3,17.88,7,231,0.96593,-0.25882,-0.73939,-0.67327,-26.53,-25.15,-23.82
2026-08-19T08:00:00Z,MTR,-26.53,67.8,981.3,11.39,8,231,0.86603,-0.5,-0.73939,-0.67327,-24.89,-24.37,-23.66
2026-08-19T09:00:00Z,MTR,-24.89,63.9,982.8,11.1,9,231,0.70711,-0.70711,-0.73939,-0.67327,-24.85,-25.12,-23.44
2026-08-19T10:00:00Z,MTR,-24.85,74.3,980.5,9.03,10,231,0.5,-0.86603,-0.73939,-0.67327,-25.33,-24.52,-23.06
2026-08-19T11:00:00Z,MTR,-25.33,52.5,982.0,7.42,11,231,0.25882,-0.96593,-0.73939,-0.67327,-25.25,-22.52,-21.96
2026-08-19T12:00:00Z,MTR,-25.25,62.2,981.4,8.53,12,231,0.0,-1.0,-0.73939,-0.67327,-25.15,-21.6,-22.16
2026-08-19T13:00:00Z,MTR,-25.15,70.8,980.2,12.95,13,231,-0.25882,-0.96593,-0.73939,-0.67327,-24.37,-21.19,-23.14
2026-08-19T14:00:00Z,MTR,-24.37,69.4,983.8,13.32,14,231,-0.5,-0.86603,-0.73939,-0.67327,-25.12,-20.92,-23.63
2026-08-19T15:00:00Z,MTR,-25.12,74.7,980.8,13.94,15,231,-0.70711,-0.70711,-0.73939,-0.67327,-24.52,-21.1,-23.38
2026-08-19T16:00:00Z,MTR,-24.52,70.1,979.3,14.61,16,231,-0.86603,-0.5,-0.73939,-0.67327,-22.52,-21.87,-24.31
2026-08-19T17:00:00Z,MTR,-22.52,71.1,976.3,17.72,17,231,-0.96593,-0.25882,-0.73939,-0.67327,-21.6,-20.17,-25.06
2026-08-19T18:00:00Z,MTR,-21.6,73.0,977.4,18.31,18,231,-1.0,-0.0,-0.73939,-0.67327,-21.19,-19.6,-24.68
2026-08-19T19:00:00Z,MTR,-21.19,73.6,979.7,11.73,19,231,-0.96593,0.25882,-0.73939,-0.67327,-20.92,-19.7,-23.3
2026-08-19T20:00:00Z,MTR,-20.92,65.0,982.0,16.79,20,231,-0.86603,0.5,-0.73939,-0.67327,-21.1,-20.01,-22.96
2026-08-19T21:00:00Z,MTR,-21.1,64.9,983.4,11.76,21,231,-0.70711,0.70711,-0.73939,-0.67327,-21.87,-21.82,-22.8
2026-08-19T22:00:00Z,MTR,-21.87,65.7,982.2,14.37,22,231,-0.5,0.86603,-0.73939,-0.67327,-20.17,-23.63,-23.14
2026-08-19T23:00:00Z,MTR,-20.17,73.4,980.7,9.69,23,231,-0.25882,0.96593,-0.73939,-0.67327,-19.6,-23.89,-22.9
2026-08-20T00:00:00Z,MTR,-19.6,66.3,977.1,14.2,0,232,0.0,1.0,-0.75086,-0.66046,-19.7,-24.87,-23.88
2026-08-20T01:00:00Z,MTR,-19.7,54.7,980.4,9.08,1,232,0.25882,0.96593,-0.75086,-0.66046,-20.01,-23.82,-24.7
2026-08-20T02:00:00Z,MTR,-20.01,68.2,980.7,14.93,2,232,0.5,0.86603,-0.75086,-0.66046,-21.82,-23.66,-24.2
2026-08-20T03:00:00Z,MTR,-21.82,73.3,979.3,15.15,3,232,0.70711,0.70711,-0.75086,-0.66046,-23.63,-23.44,-24.37
2026-08-20T04:00:00Z,MTR,-23.63,64.2,981.4,10.59,4,232,0.86603,0.5,-0.75086,-0.66046,-23.89,-23.06,-25.6
2026-08-20T05:00:00Z,MTR,-23.89,61.8,979.2,17.36,5,232,0.96593,0.25882,-0.75086,-0.66046,-24.87,-21.96,-25.49
2026-08-20T06:00:00Z,MTR,-24.87,72.4,979.7,12.81,6,232,1.0,0.0,-0.75086,-0.66046,-23.82,-22.16,-24.66
2026-08-20T07:00:00Z,MTR,-23.82,68.7,979.2,17.1,7,232,0.96593,-0.25882,-0.75086,-0.66046,-23.66,-23.14,-25.03
2026-08-20T08:00:00Z,MTR,-23.66,69.3,980.2,11.38,8,232,0.86603,-0.5,-0.75086,-0.66046,-23.44,-23.63,-26.95
2026-08-20T09:00:00Z,MTR,-23.44,66.2,980.0,8.68,9,232,0.70711,-0.70711,-0.75086,-0.66046,-23.06,-23.38,-25.16
2026-08-20T10:00:00Z,MTR,-23.06,59.7,977.3,10.04,10,232,0.5,-0.86603,-0.75086,-0.66046,-21.96,-24.31,-24.86
2026-08-20T11:00:00Z,MTR,-21.96,75.0,977.5,19.8,11,232,0.25882,-0.96593,-0.75086,-0.66046,-22.16,-25.06,-23.49
2026-08-20T12:00:00Z,MTR,-22.16,73.1,979.6,15.93,12,232,0.0,-1.0,-0.75086,-0.66046,-23.14,-24.68,-23.25
2026-08-20T13:00:00Z,MTR,-23.14,67.7,979.6,10.89,13,232,-0.25882,-0.96593,-0.75086,-0.66046,-23.63,-23.3,-23.88
2026-08-20T14:00:00Z,MTR,-23.63,61.8,981.1,11.66,14,232,-0.5,-0.86603,-0.75086,-0.66046,-23.38,-22.96,-23.81
2026-08-20T15:00:00Z,MTR,-23.38,79.8,979.3,16.29,15,232,-0.70711,-0.70711,-0.75086,-0.66046,-24.31,-22.8,-23.79
2026-08-20T16:00:00Z,MTR,-24.31,71.1,979.4,11.81,16,232,-0.86603,-0.5,-0.75086,-0.66046,-25.06,-23.14,-22.43
2026-08-20T17:00:00Z,MTR,-25.06,64.6,978.5,16.44,17,232,-0.96593,-0.25882,-0.75086,-0.66046,-24.68,-22.9,-21.56
2026-08-20T18:00:00Z,MTR,-24.68,81.4,980.1,16.61,18,232,-1.0,-0.0,-0.75086,-0.66046,-23.3,-23.88,-21.19
2026-08-20T19:00:00Z,MTR,-23.3,66.1,980.3,15.16,19,232,-0.96593,0.25882,-0.75086,-0.66046,-22.96,-24.7,-21.08
2026-08-20T20:00:00Z,MTR,-22.96,74.8,981.8,16.39,20,232,-0.86603,0.5,-0.75086,-0.66046,-22.8,-24.2,-21.19
2026-08-20T21:00:00Z,MTR,-22.8,68.2,983.9,12.66,21,232,-0.70711,0.70711,-0.75086,-0.66046,-23.14,-24.37,-21.36
2026-08-20T22:00:00Z,MTR,-23.14,65.7,985.1,13.41,22,232,-0.5,0.86603,-0.75086,-0.66046,-22.9,-25.6,-20.6
2026-08-20T23:00:00Z,MTR,-22.9,69.6,985.6,10.68,23,232,-0.25882,0.96593,-0.75086,-0.66046,-23.88,-25.49,-21.62
2026-08-21T00:00:00Z,MTR,-23.88,54.2,983.7,6.85,0,233,0.0,1.0,-0.76211,-0.64744,-24.7,-24.66,-21.78
2026-08-21T01:00:00Z,MTR,-24.7,67.9,983.8,12.7,1,233,0.25882,0.96593,-0.76211,-0.64744,-24.2,-25.03,-21.86
2026-08-21T02:00:00Z,MTR,-24.2,64.9,982.8,14.59,2,233,0.5,0.86603,-0.76211,-0.64744,-24.37,-26.95,-22.45
2026-08-21T03:00:00Z,MTR,-24.37,78.6,982.2,12.6,3,233,0.70711,0.70711,-0.76211,-0.64744,-25.6,-25.16,-22.87
2026-08-21T04:00:00Z,MTR,-25.6,57.0,981.6,10.98,4,233,0.86603,0.5,-0.76211,-0.64744,-25.49,-24.86,-22.33
2026-08-21T05:00:00Z,MTR,-25.49,71.5,979.9,16.31,5,233,0.96593,0.25882,-0.76211,-0.64744,-24.66,-23.49,-22.8
2026-08-21T06:00:00Z,MTR,-24.66,75.3,976.5,16.46,6,233,1.0,0.0,-0.76211,-0.64744,-25.03,-23.25,-22.0
2026-08-21T07:00:00Z,MTR,-25.03,71.4,975.6,16.61,7,233,0.96593,-0.25882,-0.76211,-0.64744,-26.95,-23.88,-22.83
2026-08-21T08:00:00Z,MTR,-26.95,71.3,976.3,12.79,8,233,0.86603,-0.5,-0.76211,-0.64744,-25.16,-23.81,-22.75
2026-08-21T09:00:00Z,MTR,-25.16,73.1,974.1,15.15,9,233,0.70711,-0.70711,-0.76211,-0.64744,-24.86,-23.79,-22.92
2026-08-21T10:00:00Z,MTR,-24.86,69.7,974.5,13.59,10,233,0.5,-0.86603,-0.76211,-0.64744,-23.49,-22.43,-23.05
2026-08-21T11:00:00Z,MTR,-23.49,65.4,978.2,10.82,11,233,0.25882,-0.96593,-0.76211,-0.64744,-23.25,-21.56,-24.78
2026-08-21T12:00:00Z,MTR,-23.25,66.4,980.2,7.88,12,233,0.0,-1.0,-0.76211,-0.64744,-23.88,-21.19,-25.28
2026-08-21T13:00:00Z,MTR,-23.88,68.0,983.1,9.21,13,233,-0.25882,-0.96593,-0.76211,-0.64744,-23.81,-21.08,-24.89
2026-08-21T14:00:00Z,MTR,-23.81,61.6,983.7,11.77,14,233,-0.5,-0.86603,-0.76211,-0.64744,-23.79,-21.19,-25.54
2026-08-21T15:00:00Z,MTR,-23.79,51.1,985.6,11.12,15,233,-0.70711,-0.70711,-0.76211,-0.64744,-22.43,-21.36,-26.02
2026-08-21T16:00:00Z,MTR,-22.43,65.0,984.0,14.69,16,233,-0.86603,-0.5,-0.76211,-0.64744,-21.56,-20.6,-26.12
2026-08-21T17:00:00Z,MTR,-21.56,67.1,982.6,10.86,17,233,-0.96593,-0.25882,-0.76211,-0.64744,-21.19,-21.62,-25.84
2026-08-21T18:00:00Z,MTR,-21.19,70.3,977.5,13.48,18,233,-1.0,-0.0,-0.76211,-0.64744,-21.08,-21.78,-24.47
2026-08-21T19:00:00Z,MTR,-21.08,69.2,979.7,12.49,19,233,-0.96593,0.25882,-0.76211,-0.64744,-21.19,-21.86,-24.49
2026-08-21T20:00:00Z,MTR,-21.19,71.2,982.5,13.62,20,233,-0.86603,0.5,-0.76211,-0.64744,-21.36,-22.45,-22.29
2026-08-21T21:00:00Z,MTR,-21.36,68.3,981.4,16.75,21,233,-0.70711,0.70711,-0.76211,-0.64744,-20.6,-22.87,-20.44
2026-08-21T22:00:00Z,MTR,-20.6,73.3,980.9,17.09,22,233,-0.5,0.86603,-0.76211,-0.64744,-21.62,-22.33,-19.42
2026-08-21T23:00:00Z,MTR,-21.62,71.3,979.6,14.32,23,233,-0.25882,0.96593,-0.76211,-0.64744,-21.78,-22.8,-18.92
2026-08-22T00:00:00Z,MTR,-21.78,62.0,980.4,7.12,0,234,0.0,1.0,-0.77314,-0.63424,-21.86,-22.0,-18.79
2026-08-22T01:00:00Z,MTR,-21.86,71.0,982.5,9.72,1,234,0.25882,0.96593,-0.77314,-0.63424,-22.45,-22.83,-17.95
2026-08-22T02:00:00Z,MTR,-22.45,60.9,979.4,7.03,2,234,0.5,0.86603,-0.77314,-0.63424,-22.87,-22.75,-16.71
2026-08-22T03:00:00Z,MTR,-22.87,58.3,980.4,13.83,3,234,0.70711,0.70711,-0.77314,-0.63424,-22.33,-22.92,-17.04
2026-08-22T04:00:00Z,MTR,-22.33,70.5,980.2,17.39,4,234,0.86603,0.5,-0.77314,-0.63424,-22.8,-23.05,-17.24
2026-08-22T05:00:00Z,MTR,-22.8,72.1,980.7,15.95,5,234,0.96593,0.25882,-0.77314,-0.63424,-22.0,-24.78,-17.05
2026-08-22T06:00:00Z,MTR,-22.0,69.0,981.9,10.52,6,234,1.0,0.0,-0.77314,-0.63424,-22.83,-25.28,-17.53
2026-08-22T07:00:00Z,MTR,-22.83,62.1,981.9,16.71,7,234,0.96593,-0.25882,-0.77314,-0.63424,-22.75,-24.89,-16.79
2026-08-22T08:00:00Z,MTR,-22.75,67.5,982.1,12.88,8,234,0.86603,-0.5,-0.77314,-0.63424,-22.92,-25.54,-17.98
2026-08-22T09:00:00Z,MTR,-22.92,58.6,982.2,13.53,9,234,0.70711,-0.70711,-0.77314,-0.63424,-23.05,-26.02,-17.8
2026-08-22T10:00:00Z,MTR,-23.05,65.9,984.4,11.91,10,234,0.5,-0.86603,-0.77314,-0.63424,-24.78,-26.12,-18.86
2026-08-22T11:00:00Z,MTR,-24.78,62.2,985.7,8.22,11,234,0.25882,-0.96593,-0.77314,-0.63424,-25.28,-25.84,-19.07
2026-08-22T12:00:00Z,MTR,-25.28,62.7,986.6,5.27,12,234,0.0,-1.0,-0.77314,-0.63424,-24.89,-24.47,-19.89
2026-08-22T13:00:00Z,MTR,-24.89,67.7,984.8,11.91,13,234,-0.25882,-0.96593,-0.77314,-0.63424,-25.54,-24.49,-20.25
2026-08-22T14:00:00Z,MTR,-25.54,66.2,984.8,11.12,14,234,-0.5,-0.86603,-0.77314,-0.63424,-26.02,-22.29,-21.9
2026-08-22T15:00:00Z,MTR,-26.02,53.4,987.2,7.3,15,234,-0.70711,-0.70711,-0.77314,-0.63424,-26.12,-20.44,-21.82
2026-08-22T16:00:00Z,MTR,-26.12,57.4,988.0,9.62,16,234,-0.86603,-0.5,-0.77314,-0.63424,-25.84,-19.42,-22.22
2026-08-22T17:00:00Z,MTR,-25.84,52.2,989.9,9.38,17,234,-0.96593,-0.25882,-0.77314,-0.63424,-24.47,-18.92,-21.51
2026-08-22T18:00:00Z,MTR,-24.47,42.0,993.8,11.53,18,234,-1.0,-0.0,-0.77314,-0.63424,-24.49,-18.79,-21.68
2026-08-22T19:00:00Z,MTR,-24.49,55.2,996.2,9.11,19,234,-0.96593,0.25882,-0.77314,-0.63424,-22.29,-17.95,-21.17
2026-08-22T20:00:00Z,MTR,-22.29,53.7,996.9,8.04,20,234,-0.86603,0.5,-0.77314,-0.63424,-20.44,-16.71,-21.67
2026-08-22T21:00:00Z,MTR,-20.44,46.1,996.5,7.31,21,234,-0.70711,0.70711,-0.77314,-0.63424,-19.42,-17.04,-21.2
2026-08-22T22:00:00Z,MTR,-19.42,50.5,992.5,6.5,22,234,-0.5,0.86603,-0.77314,-0.63424,-18.92,-17.24,-19.76
2026-08-22T23:00:00Z,MTR,-18.92,54.7,993.0,9.66,23,234,-0.25882,0.96593,-0.77314,-0.63424,-18.79,-17.05,-20.57
2026-08-23T00:00:00Z,MTR,-18.79,50.5,993.3,5.28,0,235,0.0,1.0,-0.78393,-0.62084,-17.95,-17.53,-19.98
2026-08-23T01:00:00Z,MTR,-17.95,58.5,994.9,9.44,1,235,0.25882,0.96593,-0.78393,-0.62084,-16.71,-16.79,-21.13
2026-08-23T02:00:00Z,MTR,-16.71,49.2,995.4,5.0,2,235,0.5,0.86603,-0.78393,-0.62084,-17.04,-17.98,-21.37
2026-08-23T03:00:00Z,MTR,-17.04,47.4,995.6,7.45,3,235,0.70711,0.70711,-0.78393,-0.62084,-17.24,-17.8,-22.89
2026-08-23T04:00:00Z,MTR,-17.24,58.0,993.2,13.72,4,235,0.86603,0.5,-0.78393,-0.62084,-17.05,-18.86,-22.43
2026-08-23T05:00:00Z,MTR,-17.05,51.2,992.5,10.86,5,235,0.96593,0.25882,-0.78393,-0.62084,-17.53,-19.07,-19.4
2026-08-23T06:00:00Z,MTR,-17.53,56.9,994.3,8.93,6,235,1.0,0.0,-0.78393,-0.62084,-16.79,-19.89,-18.94
2026-08-23T07:00:00Z,MTR,-16.79,48.7,998.2,7.22,7,235,0.96593,-0.25882,-0.78393,-0.62084,-17.98,-20.25,-18.32
2026-08-23T08:00:00Z,MTR,-17.98,51.8,998.7,3.2,8,235,0.86603,-0.5,-0.78393,-0.62084,-17.8,-21.9,-20.36
2026-08-23T09:00:00Z,MTR,-17.8,51.8,999.8,5.46,9,235,0.70711,-0.70711,-0.78393,-0.62084,-18.86,-21.82,-19.68
2026-08-23T10:00:00Z,MTR,-18.86,38.1,1002.0,5.62,10,235,0.5,-0.86603,-0.78393,-0.62084,-19.07,-22.22,-18.27
2026-08-23T11:00:00Z,MTR,-19.07,45.8,1000.9,4.7,11,235,0.25882,-0.96593,-0.78393,-0.62084,-19.89,-21.51,-18.41
2026-08-23T12:00:00Z,MTR,-19.89,44.0,1001.9,3.75,12,235,0.0,-1.0,-0.78393,-0.62084,-20.25,-21.68,-18.12
2026-08-23T13:00:00Z,MTR,-20.25,45.3,1000.8,5.44,13,235,-0.25882,-0.96593,-0.78393,-0.62084,-21.9,-21.17,-18.74
2026-08-23T14:00:00Z,MTR,-21.9,48.5,1002.6,0.84,14,235,-0.5,-0.86603,-0.78393,-0.62084,-21.82,-21.67,-20.37
2026-08-23T15:00:00Z,MTR,-21.82,44.1,1002.9,6.77,15,235,-0.70711,-0.70711,-0.78393,-0.62084,-22.22,-21.2,-20.36
2026-08-23T16:00:00Z,MTR,-22.22,36.9,1003.4,7.28,16,235,-0.86603,-0.5,-0.78393,-0.62084,-21.51,-19.76,-20.09
2026-08-23T17:00:00Z,MTR,-21.51,43.2,1001.8,7.81,17,235,-0.96593,-0.25882,-0.78393,-0.62084,-21.68,-20.57,-21.46
2026-08-23T18:00:00Z,MTR,-21.68,40.4,1002.9,5.92,18,235,-1.0,-0.0,-0.78393,-0.62084,-21.17,-19.98,-22.57
2026-08-23T19:00:00Z,MTR,-21.17,37.9,1006.3,4.22,19,235,-0.96593,0.25882,-0.78393,-0.62084,-21.67,-21.13,-20.99
2026-08-23T20:00:00Z,MTR,-21.67,42.1,1003.9,3.62,20,235,-0.86603,0.5,-0.78393,-0.62084,-21.2,-21.37,-21.8
2026-08-23T21:00:00Z,MTR,-21.2,41.5,1002.7,9.0,21,235,-0.70711,0.70711,-0.78393,-0.62084,-19.76,-22.89,-20.81
2026-08-23T22:00:00Z,MTR,-19.76,47.1,1002.5,5.29,22,235,-0.5,0.86603,-0.78393,-0.62084,-20.57,-22.43,-20.2
2026-08-23T23:00:00Z,MTR,-20.57,50.4,1003.2,3.48,23,235,-0.25882,0.96593,-0.78393,-0.62084,-19.98,-19.4,-18.5
2026-08-24T00:00:00Z,MTR,-19.98,45.4,1001.4,3.0,0,236,0.0,1.0,-0.7945,-0.60727,-21.13,-18.94,-15.44
2026-08-24T01:00:00Z,MTR,-21.13,55.1,995.4,5.03,1,236,0.25882,0.96593,-0.7945,-0.60727,-21.37,-18.32,-14.84
2026-08-24T02:00:00Z,MTR,-21.37,44.7,997.2,6.13,2,236,0.5,0.86603,-0.7945,-0.60727,-22.89,-20.36,-15.71
2026-08-24T03:00:00Z,MTR,-22.89,54.7,997.6,10.18,3,236,0.70711,0.70711,-0.7945,-0.60727,-22.43,-19.68,-16.96
2026-08-24T04:00:00Z,MTR,-22.43,61.6,993.5,10.86,4,236,0.86603,0.5,-0.7945,-0.60727,-19.4,-18.27,-17.32
2026-08-24T05:00:00Z,MTR,-19.4,68.4,991.5,29.15,5,236,0.96593,0.25882,-0.7945,-0.60727,-18.94,-18.41,-23.36
2026-08-24T06:00:00Z,MTR,-18.94,57.3,993.4,28.89,6,236,1.0,0.0,-0.7945,-0.60727,-18.32,-18.12,-22.68
2026-08-24T07:00:00Z,MTR,-18.32,65.5,994.9,30.75,7,236,0.96593,-0.25882,-0.7945,-0.60727,-20.36,-18.74,-19.33
2026-08-24T08:00:00Z,MTR,-20.36,65.3,995.4,22.88,8,236,0.86603,-0.5,-0.7945,-0.60727,-19.68,-20.37,-23.98
2026-08-24T09:00:00Z,MTR,-19.68,55.3,993.7,22.53,9,236,0.70711,-0.70711,-0.7945,-0.60727,-18.27,-20.36,-25.44
2026-08-24T10:00:00Z,MTR,-18.27,63.5,992.4,24.67,10,236,0.5,-0.86603,-0.7945,-0.60727,-18.41,-20.09,-25.49
2026-08-24T11:00:00Z,MTR,-18.41,59.0,990.8,25.63,11,236,0.25882,-0.96593,-0.7945,-0.60727,-18.12,-21.46,-24.36
2026-08-24T12:00:00Z,MTR,-18.12,53.9,991.5,24.04,12,236,0.0,-1.0,-0.7945,-0.60727,-18.74,-22.57,-24.56
2026-08-24T13:00:00Z,MTR,-18.74,62.5,988.5,23.33,13,236,-0.25882,-0.96593,-0.7945,-0.60727,-20.37,-20.99,-23.99
2026-08-24T14:00:00Z,MTR,-20.37,64.5,985.6,26.43,14,236,-0.5,-0.86603,-0.7945,-0.60727,-20.36,-21.8,-23.48
2026-08-24T15:00:00Z,MTR,-20.36,66.2,986.2,26.96,15,236,-0.70711,-0.70711,-0.7945,-0.60727,-20.09,-20.81,-22.83
2026-08-24T16:00:00Z,MTR,-20.09,56.3,984.8,30.07,16,236,-0.86603,-0.5,-0.7945,-0.60727,-21.46,-20.2,-23.13
2026-08-24T17:00:00Z,MTR,-21.46,68.6,986.0,25.65,17,236,-0.96593,-0.25882,-0.7945,-0.60727,-22.57,-18.5,-18.0
2026-08-24T18:00:00Z,MTR,-22.57,68.6,983.4,27.13,18,236,-1.0,-0.0,-0.7945,-0.60727,-20.99,-15.44,-18.46
2026-08-24T19:00:00Z,MTR,-20.99,76.3,982.0,32.08,19,236,-0.96593,0.25882,-0.7945,-0.60727,-21.8,-14.84,-18.08
2026-08-24T20:00:00Z,MTR,-21.8,72.7,979.2,30.5,20,236,-0.86603,0.5,-0.7945,-0.60727,-20.81,-15.71,-18.57
2026-08-24T21:00:00Z,MTR,-20.81,86.2,978.1,35.48,21,236,-0.70711,0.70711,-0.7945,-0.60727,-20.2,-16.96,-22.48
2026-08-24T22:00:00Z,MTR,-20.2,78.6,974.5,34.21,22,236,-0.5,0.86603,-0.7945,-0.60727,-18.5,-17.32,-23.56
2026-08-24T23:00:00Z,MTR,-18.5,81.4,972.8,28.7,23,236,-0.25882,0.96593,-0.7945,-0.60727,-15.44,-23.36,-18.43
2026-08-25T00:00:00Z,MTR,-15.44,80.6,969.5,33.48,0,237,0.0,1.0,-0.80483,-0.59351,-14.84,-22.68,-18.1
2026-08-25T01:00:00Z,MTR,-14.84,85.8,970.3,35.28,1,237,0.25882,0.96593,-0.80483,-0.59351,-15.71,-19.33,-18.5
2026-08-25T02:00:00Z,MTR,-15.71,84.8,971.1,31.76,2,237,0.5,0.86603,-0.80483,-0.59351,-16.96,-23.98,-16.77
2026-08-25T03:00:00Z,MTR,-16.96,79.9,967.5,17.63,3,237,0.70711,0.70711,-0.80483,-0.59351,-17.32,-25.44,-16.9
2026-08-25T04:00:00Z,MTR,-17.32,84.1,969.7,16.55,4,237,0.86603,0.5,-0.80483,-0.59351,-23.36,-25.49,-15.4
2026-08-25T05:00:00Z,MTR,-23.36,72.7,973.8,14.36,5,237,0.96593,0.25882,-0.80483,-0.59351,-22.68,-24.36,-21.82
2026-08-25T06:00:00Z,MTR,-22.68,83.2,973.5,20.0,6,237,1.0,0.0,-0.80483,-0.59351,-19.33,-24.56,-22.31
2026-08-25T07:00:00Z,MTR,-19.33,69.8,971.9,12.06,7,237,0.96593,-0.25882,-0.80483,-0.59351,-23.98,-23.99,-22.29
2026-08-25T08:00:00Z,MTR,-23.98,71.2,976.8,10.89,8,237,0.86603,-0.5,-0.80483,-0.59351,-25.44,-23.48,-22.54
2026-08-25T09:00:00Z,MTR,-25.44,87.8,974.0,12.32,9,237,0.70711,-0.70711,-0.80483,-0.59351,-25.49,-22.83,-22.1
2026-08-25T10:00:00Z,MTR,-25.49,63.3,973.8,13.54,10,237,0.5,-0.86603,-0.80483,-0.59351,-24.36,-23.13,-20.68
2026-08-25T11:00:00Z,MTR,-24.36,78.9,974.0,10.68,11,237,0.25882,-0.96593,-0.80483,-0.59351,-24.56,-18.0,-21.44
2026-08-25T12:00:00Z,MTR,-24.56,74.7,976.4,15.08,12,237,0.0,-1.0,-0.80483,-0.59351,-23.99,-18.46,-22.77
2026-08-25T13:00:00Z,MTR,-23.99,69.1,976.9,8.51,13,237,-0.25882,-0.96593,-0.80483,-0.59351,-23.48,-18.08,-22.49
2026-08-25T14:00:00Z,MTR,-23.48,77.2,976.0,8.86,14,237,-0.5,-0.86603,-0.80483,-0.59351,-22.83,-18.57,-22.55
2026-08-25T15:00:00Z,MTR,-22.83,76.7,974.3,13.17,15,237,-0.70711,-0.70711,-0.80483,-0.59351,-23.13,-22.48,-22.95
2026-08-25T16:00:00Z,MTR,-23.13,73.7,973.9,13.64,16,237,-0.86603,-0.5,-0.80483,-0.59351,-18.0,-23.56,-22.0
2026-08-25T17:00:00Z,MTR,-18.0,74.1,972.4,17.49,17,237,-0.96593,-0.25882,-0.80483,-0.59351,-18.46,-18.43,-23.39
2026-08-25T18:00:00Z,MTR,-18.46,74.6,973.0,15.53,18,237,-1.0,-0.0,-0.80483,-0.59351,-18.08,-18.1,-24.96
2026-08-25T19:00:00Z,MTR,-18.08,76.9,972.4,18.69,19,237,-0.96593,0.25882,-0.80483,-0.59351,-18.57,-18.5,-26.36
2026-08-25T20:00:00Z,MTR,-18.57,78.5,970.3,15.58,20,237,-0.86603,0.5,-0.80483,-0.59351,-22.48,-16.77,-26.25
2026-08-25T21:00:00Z,MTR,-22.48,73.4,973.3,18.77,21,237,-0.70711,0.70711,-0.80483,-0.59351,-23.56,-16.9,-25.57
2026-08-25T22:00:00Z,MTR,-23.56,77.7,973.0,16.5,22,237,-0.5,0.86603,-0.80483,-0.59351,-18.43,-15.4,-26.54
2026-08-25T23:00:00Z,MTR,-18.43,74.3,971.4,13.42,23,237,-0.25882,0.96593,-0.80483,-0.59351,-18.1,-21.82,-26.31
2026-08-26T00:00:00Z,MTR,-18.1,78.3,971.9,15.11,0,238,0.0,1.0,-0.81492,-0.57958,-18.5,-22.31,-25.71
2026-08-26T01:00:00Z,MTR,-18.5,86.1,972.9,14.74,1,238,0.25882,0.96593,-0.81492,-0.57958,-16.77,-22.29,-24.38
2026-08-26T02:00:00Z,MTR,-16.77,84.0,970.5,17.64,2,238,0.5,0.86603,-0.81492,-0.57958,-16.9,-22.54,-24.86
2026-08-26T03:00:00Z,MTR,-16.9,78.0,972.1,17.48,3,238,0.70711,0.70711,-0.81492,-0.57958,-15.4,-22.1,-25.51
2026-08-26T04:00:00Z,MTR,-15.4,73.4,971.1,17.89,4,238,0.86603,0.5,-0.81492,-0.57958,-21.82,-20.68,-24.58
2026-08-26T05:00:00Z,MTR,-21.82,75.5,975.1,16.3,5,238,0.96593,0.25882,-0.81492,-0.57958,-22.31,-21.44,-25.29
2026-08-26T06:00:00Z,MTR,-22.31,82.3,976.8,17.53,6,238,1.0,0.0,-0.81492,-0.57958,-22.29,-22.77,-24.24
2026-08-26T07:00:00Z,MTR,-22.29,68.5,976.8,17.95,7,238,0.96593,-0.25882,-0.81492,-0.57958,-22.54,-22.49,-23.9
2026-08-26T08:00:00Z,MTR,-22.54,61.7,976.2,12.72,8,238,0.86603,-0.5,-0.81492,-0.57958,-22.1,-22.55,-24.91
2026-08-26T09:00:00Z,MTR,-22.1,73.9,976.7,13.47,9,238,0.70711,-0.70711,-0.81492,-0.57958,-20.68,-22.95,-24.04
2026-08-26T10:00:00Z,MTR,-20.68,78.2,978.5,13.54,10,238,0.5,-0.86603,-0.81492,-0.57958,-21.44,-22.0,-23.44
2026-08-26T11:00:00Z,MTR,-21.44,76.4,979.1,14.69,11,238,0.25882,-0.96593,-0.81492,-0.57958,-22.77,-23.39,-23.48
2026-08-26T12:00:00Z,MTR,-22.77,78.3,979.2,14.29,12,238,0.0,-1.0,-0.81492,-0.57958,-22.49,-24.96,-23.91
2026-08-26T13:00:00Z,MTR,-22.49,62.7,979.9,13.27,13,238,-0.25882,-0.96593,-0.81492,-0.57958,-22.55,-26.36,-22.72
2026-08-26T14:00:00Z,MTR,-22.55,66.9,979.3,10.58,14,238,-0.5,-0.86603,-0.81492,-0.57958,-22.95,-26.25,-24.75
2026-08-26T15:00:00Z,MTR,-22.95,70.3,979.2,8.82,15,238,-0.70711,-0.70711,-0.81492,-0.57958,-22.0,-25.57,-26.05
2026-08-26T16:00:00Z,MTR,-22.0,62.6,975.9,16.68,16,238,-0.86603,-0.5,-0.81492,-0.57958,-23.39,-26.54,-26.08
2026-08-26T17:00:00Z,MTR,-23.39,71.4,978.3,16.22,17,238,-0.96593,-0.25882,-0.81492,-0.57958,-24.96,-26.31,-25.39
2026-08-26T18:00:00Z,MTR,-24.96,67.3,979.3,14.1,18,238,-1.0,-0.0,-0.81492,-0.57958,-26.36,-25.71,-25.06
2026-08-26T19:00:00Z,MTR,-26.36,69.1,978.4,12.43,19,238,-0.96593,0.25882,-0.81492,-0.57958,-26.25,-24.38,-25.72
2026-08-26T20:00:00Z,MTR,-26.25,69.1,982.2,16.77,20,238,-0.86603,0.5,-0.81492,-0.57958,-25.57,-24.86,-24.54
2026-08-26T21:00:00Z,MTR,-25.57,64.8,982.6,13.62,21,238,-0.70711,0.70711,-0.81492,-0.57958,-26.54,-25.51,-26.57
2026-08-26T22:00:00Z,MTR,-26.54,61.6,981.0,10.18,22,238,-0.5,0.86603,-0.81492,-0.57958,-26.31,-24.58,-26.09
2026-08-26T23:00:00Z,MTR,-26.31,69.0,982.8,10.9,23,238,-0.25882,0.96593,-0.81492,-0.57958,-25.71,-25.29,-26.12
2026-08-27T00:00:00Z,MTR,-25.71,58.0,983.7,7.26,0,239,0.0,1.0,-0.82477,-0.56548,-24.38,-24.24,-25.25
2026-08-27T01:00:00Z,MTR,-24.38,63.5,984.5,11.94,1,239,0.25882,0.96593,-0.82477,-0.56548,-24.86,-23.9,-24.73
2026-08-27T02:00:00Z,MTR,-24.86,61.7,983.8,15.35,2,239,0.5,0.86603,-0.82477,-0.56548,-25.51,-24.91,-24.04
2026-08-27T03:00:00Z,MTR,-25.51,67.2,984.7,11.7,3,239,0.70711,0.70711,-0.82477,-0.56548,-24.58,-24.04,-24.43
2026-08-27T04:00:00Z,MTR,-24.58,56.6,984.3,12.58,4,239,0.86603,0.5,-0.82477,-0.56548,-25.29,-23.44,-24.88
2026-08-27T05:00:00Z,MTR,-25.29,62.8,985.4,12.2,5,239,0.96593,0.25882,-0.82477,-0.56548,-24.24,-23.48,-24.61
2026-08-27T06:00:00Z,MTR,-24.24,68.6,982.0,13.56,6,239,1.0,0.0,-0.82477,-0.56548,-23.9,-23.91,-25.6
2026-08-27T07:00:00Z,MTR,-23.9,68.7,981.4,12.52,7,239,0.96593,-0.25882,-0.82477,-0.56548,-24.91,-22.72,-23.77
2026-08-27T08:00:00Z,MTR,-24.91,69.3,984.8,12.34,8,239,0.86603,-0.5,-0.82477,-0.56548,-24.04,-24.75,-22.21
2026-08-27T09:00:00Z,MTR,-24.04,68.7,983.5,10.38,9,239,0.70711,-0.70711,-0.82477,-0.56548,-23.44,-26.05,-23.15
2026-08-27T10:00:00Z,MTR,-23.44,67.7,982.6,10.41,10,239,0.5,-0.86603,-0.82477,-0.56548,-23.48,-26.08,-22.76
2026-08-27T11:00:00Z,MTR,-23.48,55.9,982.1,10.01,11,239,0.25882,-0.96593,-0.82477,-0.56548,-23.91,-25.39,-21.76
2026-08-27T12:00:00Z,MTR,-23.91,70.2,980.3,8.53,12,239,0.0,-1.0,-0.82477,-0.56548,-22.72,-25.06,-22.1
2026-08-27T13:00:00Z,MTR,-22.72,78.5,976.8,14.12,13,239,-0.25882,-0.96593,-0.82477,-0.56548,-24.75,-25.72,-22.78
2026-08-27T14:00:00Z,MTR,-24.75,68.6,977.1,14.99,14,239,-0.5,-0.86603,-0.82477,-0.56548,-26.05,-24.54,-22.08
2026-08-27T15:00:00Z,MTR,-26.05,75.2,978.0,8.1,15,239,-0.70711,-0.70711,-0.82477,-0.56548,-26.08,-26.57,-21.37
2026-08-27T16:00:00Z,MTR,-26.08,75.7,978.6,16.07,16,239,-0.86603,-0.5,-0.82477,-0.56548,-25.39,-26.09,-22.78
2026-08-27T17:00:00Z,MTR,-25.39,67.3,979.1,16.57,17,239,-0.96593,-0.25882,-0.82477,-0.56548,-25.06,-26.12,-22.69
2026-08-27T18:00:00Z,MTR,-25.06,67.6,980.0,17.25,18,239,-1.0,-0.0,-0.82477,-0.56548,-25.72,-25.25,-22.79
2026-08-27T19:00:00Z,MTR,-25.72,62.5,982.6,16.1,19,239,-0.96593,0.25882,-0.82477,-0.56548,-24.54,-24.73,-24.11
2026-08-27T20:00:00Z,MTR,-24.54,72.9,982.9,18.5,20,239,-0.86603,0.5,-0.82477,-0.56548,-26.57,-24.04,-25.24
2026-08-27T21:00:00Z,MTR,-26.57,63.0,982.6,13.57,21,239,-0.70711,0.70711,-0.82477,-0.56548,-26.09,-24.43,-25.78
2026-08-27T22:00:00Z,MTR,-26.09,62.9,982.9,13.93,22,239,-0.5,0.86603,-0.82477,-0.56548,-26.12,-24.88,-25.59
2026-08-27T23:00:00Z,MTR,-26.12,62.2,984.8,10.5,23,239,-0.25882,0.96593,-0.82477,-0.56548,-25.25,-24.61,-24.46
2026-08-28T00:00:00Z,MTR,-25.25,53.3,988.1,6.85,0,240,0.0,1.0,-0.83437,-0.5512,-24.73,-25.6,-26.25
2026-08-28T01:00:00Z,MTR,-24.73,63.0,987.7,10.93,1,240,0.25882,0.96593,-0.83437,-0.5512,-24.04,-23.77,-25.95
2026-08-28T02:00:00Z,MTR,-24.04,58.5,988.6,12.04,2,240,0.5,0.86603,-0.83437,-0.5512,-24.43,-22.21,-26.46
2026-08-28T03:00:00Z,MTR,-24.43,63.8,990.0,11.01,3,240,0.70711,0.70711,-0.83437,-0.5512,-24.88,-23.15,-25.83
2026-08-28T04:00:00Z,MTR,-24.88,62.7,988.9,7.91,4,240,0.86603,0.5,-0.83437,-0.5512,-24.61,-22.76,-24.87
2026-08-28T05:00:00Z,MTR,-24.61,65.9,989.7,8.41,5,240,0.96593,0.25882,-0.83437,-0.5512,-25.6,-21.76,-23.95
2026-08-28T06:00:00Z,MTR,-25.6,53.3,987.9,13.57,6,240,1.0,0.0,-0.83437,-0.5512,-23.77,-22.1,-23.95
2026-08-28T07:00:00Z,MTR,-23.77,56.6,985.6,11.94,7,240,0.96593,-0.25882,-0.83437,-0.5512,-22.21,-22.78,-24.11
2026-08-28T08:00:00Z,MTR,-22.21,60.5,987.3,9.44,8,240,0.86603,-0.5,-0.83437,-0.5512,-23.15,-22.08,-22.71
2026-08-28T09:00:00Z,MTR,-23.15,60.8,987.6,9.59,9,240,0.70711,-0.70711,-0.83437,-0.5512,-22.76,-21.37,-22.68
2026-08-28T10:00:00Z,MTR,-22.76,57.0,989.0,7.95,10,240,0.5,-0.86603,-0.83437,-0.5512,-21.76,-22.78,-22.44
2026-08-28T11:00:00Z,MTR,-21.76,65.6,989.8,7.38,11,240,0.25882,-0.96593,-0.83437,-0.5512,-22.1,-22.69,-22.68
2026-08-28T12:00:00Z,MTR,-22.1,56.4,988.9,7.93,12,240,0.0,-1.0,-0.83437,-0.5512,-22.78,-22.79,-22.4
2026-08-28T13:00:00Z,MTR,-22.78,60.3,989.7,9.1,13,240,-0.25882,-0.96593,-0.83437,-0.5512,-22.08,-24.11,-23.52
2026-08-28T14:00:00Z,MTR,-22.08,61.1,988.4,9.34,14,240,-0.5,-0.86603,-0.83437,-0.5512,-21.37,-25.24,-23.86
2026-08-28T15:00:00Z,MTR,-21.37,51.9,991.7,5.66,15,240,-0.70711,-0.70711,-0.83437,-0.5512,-22.78,-25.78,-23.98
2026-08-28T16:00:00Z,MTR,-22.78,60.6,990.0,10.85,16,240,-0.86603,-0.5,-0.83437,-0.5512,-22.69,-25.59,-23.26
2026-08-28T17:00:00Z,MTR,-22.69,57.3,990.3,8.98,17,240,-0.96593,-0.25882,-0.83437,-0.5512,-22.79,-24.46,-22.73
2026-08-28T18:00:00Z,MTR,-22.79,65.9,989.1,12.66,18,240,-1.0,-0.0,-0.83437,-0.5512,-24.11,-26.25,-24.99
2026-08-28T19:00:00Z,MTR,-24.11,63.0,990.8,10.02,19,240,-0.96593,0.25882,-0.83437,-0.5512,-25.24,-25.95,-25.44
2026-08-28T20:00:00Z,MTR,-25.24,45.3,990.7,12.06,20,240,-0.86603,0.5,-0.83437,-0.5512,-25.78,-26.46,-23.03
2026-08-28T21:00:00Z,MTR,-25.78,50.0,990.2,9.75,21,240,-0.70711,0.70711,-0.83437,-0.5512,-25.59,-25.83,-23.93
2026-08-28T22:00:00Z,MTR,-25.59,55.4,992.2,11.15,22,240,-0.5,0.86603,-0.83437,-0.5512,-24.46,-24.87,-24.43
2026-08-28T23:00:00Z,MTR,-24.46,60.0,992.4,10.59,23,240,-0.25882,0.96593,-0.83437,-0.5512,-26.25,-23.95,-24.98
2026-08-29T00:00:00Z,MTR,-26.25,54.4,993.5,7.55,0,241,0.0,1.0,-0.84373,-0.53677,-25.95,-23.95,-24.45
2026-08-29T01:00:00Z,MTR,-25.95,57.6,991.7,7.43,1,241,0.25882,0.96593,-0.84373,-0.53677,-26.46,-24.11,-24.59
2026-08-29T02:00:00Z,MTR,-26.46,72.2,989.2,7.98,2,241,0.5,0.86603,-0.84373,-0.53677,-25.83,-22.71,-24.68
2026-08-29T03:00:00Z,MTR,-25.83,56.2,989.4,12.44,3,241,0.70711,0.70711,-0.84373,-0.53677,-24.87,-22.68,-25.08
2026-08-29T04:00:00Z,MTR,-24.87,61.9,988.7,11.17,4,241,0.86603,0.5,-0.84373,-0.53677,-23.95,-22.44,-21.0
2026-08-29T05:00:00Z,MTR,-23.95,59.6,989.7,11.43,5,241,0.96593,0.25882,-0.84373,-0.53677,-23.95,-22.68,-19.4
2026-08-29T06:00:00Z,MTR,-23.95,63.4,989.2,10.83,6,241,1.0,0.0,-0.84373,-0.53677,-24.11,-22.4,-16.32
2026-08-29T07:00:00Z,MTR,-24.11,62.2,989.2,5.35,7,241,0.96593,-0.25882,-0.84373,-0.53677,-22.71,-23.52,-17.56
2026-08-29T08:00:00Z,MTR,-22.71,65.5,985.7,11.41,8,241,0.86603,-0.5,-0.84373,-0.53677,-22.68,-23.86,-16.54
2026-08-29T09:00:00Z,MTR,-22.68,65.7,988.7,8.1,9,241,0.70711,-0.70711,-0.84373,-0.53677,-22.44,-23.98,-15.55
2026-08-29T10:00:00Z,MTR,-22.44,65.5,987.7,4.88,10,241,0.5,-0.86603,-0.84373,-0.53677,-22.68,-23.26,-15.35
2026-08-29T11:00:00Z,MTR,-22.68,61.3,988.2,8.15,11,241,0.25882,-0.96593,-0.84373,-0.53677,-22.4,-22.73,-16.1
2026-08-29T12:00:00Z,MTR,-22.4,60.6,985.8,6.51,12,241,0.0,-1.0,-0.84373,-0.53677,-23.52,-24.99,-16.21
2026-08-29T13:00:00Z,MTR,-23.52,64.0,985.6,10.5,13,241,-0.25882,-0.96593,-0.84373,-0.53677,-23.86,-25.44,-16.43
2026-08-29T14:00:00Z,MTR,-23.86,57.8,982.3,11.31,14,241,-0.5,-0.86603,-0.84373,-0.53677,-23.98,-23.03,-16.47
2026-08-29T15:00:00Z,MTR,-23.98,64.1,982.3,13.43,15,241,-0.70711,-0.70711,-0.84373,-0.53677,-23.26,-23.93,-15.86
2026-08-29T16:00:00Z,MTR,-23.26,62.8,980.7,11.01,16,241,-0.86603,-0.5,-0.84373,-0.53677,-22.73,-24.43,-16.09
2026-08-29T17:00:00Z,MTR,-22.73,74.9,979.8,17.48,17,241,-0.96593,-0.25882,-0.84373,-0.53677,-24.99,-24.98,-17.1
2026-08-29T18:00:00Z,MTR,-24.99,76.3,980.1,15.66,18,241,-1.0,-0.0,-0.84373,-0.53677,-25.44,-24.45,-17.02
2026-08-29T19:00:00Z,MTR,-25.44,75.3,976.9,12.85,19,241,-0.96593,0.25882,-0.84373,-0.53677,-23.03,-24.59,-17.22
2026-08-29T20:00:00Z,MTR,-23.03,75.5,974.8,19.6,20,241,-0.86603,0.5,-0.84373,-0.53677,-23.93,-24.68,-21.72
2026-08-29T21:00:00Z,MTR,-23.93,71.1,974.7,15.15,21,241,-0.70711,0.70711,-0.84373,-0.53677,-24.43,-25.08,-16.43
2026-08-29T22:00:00Z,MTR,-24.43,75.2,977.6,11.33,22,241,-0.5,0.86603,-0.84373,-0.53677,-24.98,-21.0,-16.88
2026-08-29T23:00:00Z,MTR,-24.98,78.5,976.3,15.38,23,241,-0.25882,0.96593,-0.84373,-0.53677,-24.45,-19.4,-23.74
2026-08-30T00:00:00Z,MTR,-24.45,71.2,976.3,10.21,0,242,0.0,1.0,-0.85284,-0.52218,-24.59,-16.32,-22.52
2026-08-30T01:00:00Z,MTR,-24.59,75.0,975.1,16.01,1,242,0.25882,0.96593,-0.85284,-0.52218,-24.68,-17.56,-22.5
2026-08-30T02:00:00Z,MTR,-24.68,69.6,977.6,13.32,2,242,0.5,0.86603,-0.85284,-0.52218,-25.08,-16.54,-22.15
2026-08-30T03:00:00Z,MTR,-25.08,78.2,973.4,15.15,3,242,0.70711,0.70711,-0.85284,-0.52218,-21.0,-15.55,-22.06
2026-08-30T04:00:00Z,MTR,-21.0,74.6,972.7,14.04,4,242,0.86603,0.5,-0.85284,-0.52218,-19.4,-15.35,-21.24
2026-08-30T05:00:00Z,MTR,-19.4,80.5,968.9,16.15,5,242,0.96593,0.25882,-0.85284,-0.52218,-16.32,-16.1,-21.92
2026-08-30T06:00:00Z,MTR,-16.32,81.5,963.8,20.39,6,242,1.0,0.0,-0.85284,-0.52218,-17.56,-16.21,-21.93
2026-08-30T07:00:00Z,MTR,-17.56,86.3,964.0,13.22,7,242,0.96593,-0.25882,-0.85284,-0.52218,-16.54,-16.43,-20.85
2026-08-30T08:00:00Z,MTR,-16.54,95.1,964.0,17.89,8,242,0.86603,-0.5,-0.85284,-0.52218,-15.55,-16.47,-21.82
2026-08-30T09:00:00Z,MTR,-15.55,88.2,963.2,15.71,9,242,0.70711,-0.70711,-0.85284,-0.52218,-15.35,-15.86,-22.07
2026-08-30T10:00:00Z,MTR,-15.35,92.1,962.9,16.08,10,242,0.5,-0.86603,-0.85284,-0.52218,-16.1,-16.09,-22.29
2026-08-30T11:00:00Z,MTR,-16.1,85.3,968.4,16.2,11,242,0.25882,-0.96593,-0.85284,-0.52218,-16.21,-17.1,-22.3
2026-08-30T12:00:00Z,MTR,-16.21,81.2,967.7,14.87,12,242,0.0,-1.0,-0.85284,-0.52218,-16.43,-17.02,-21.52
2026-08-30T13:00:00Z,MTR,-16.43,81.7,968.4,17.48,13,242,-0.25882,-0.96593,-0.85284,-0.52218,-16.47,-17.22,-22.66
2026-08-30T14:00:00Z,MTR,-16.47,78.5,967.1,11.35,14,242,-0.5,-0.86603,-0.85284,-0.52218,-15.86,-21.72,-22.4
2026-08-30T15:00:00Z,MTR,-15.86,87.3,967.7,16.87,15,242,-0.70711,-0.70711,-0.85284,-0.52218,-16.09,-16.43,-22.76
2026-08-30T16:00:00Z,MTR,-16.09,85.5,967.3,18.46,16,242,-0.86603,-0.5,-0.85284,-0.52218,-17.1,-16.88,-22.2
2026-08-30T17:00:00Z,MTR,-17.1,88.5,966.8,17.63,17,242,-0.96593,-0.25882,-0.85284,-0.52218,-17.02,-23.74,-21.96
2026-08-30T18:00:00Z,MTR,-17.02,81.1,970.4,19.78,18,242,-1.0,-0.0,-0.85284,-0.52218,-17.22,-22.52,-22.09
2026-08-30T19:00:00Z,MTR,-17.22,68.8,972.7,18.16,19,242,-0.96593,0.25882,-0.85284,-0.52218,-21.72,-22.5,-22.59
2026-08-30T20:00:00Z,MTR,-21.72,73.4,973.1,16.95,20,242,-0.86603,0.5,-0.85284,-0.52218,-16.43,-22.15,-22.55
2026-08-30T21:00:00Z,MTR,-16.43,85.8,969.2,16.73,21,242,-0.70711,0.70711,-0.85284,-0.52218,-16.88,-22.06,-22.83
2026-08-30T22:00:00Z,MTR,-16.88,79.5,969.1,15.14,22,242,-0.5,0.86603,-0.85284,-0.52218,-23.74,-21.24,-22.87
2026-08-30T23:00:00Z,MTR,-23.74,79.2,974.6,11.71,23,242,-0.25882,0.96593,-0.85284,-0.52218,-22.52,-21.92,-22.25
2026-08-31T00:00:00Z,MTR,-22.52,82.1,974.6,15.69,0,243,0.0,1.0,-0.86169,-0.50743,-22.5,-21.93,-20.94
2026-08-31T01:00:00Z,MTR,-22.5,76.9,977.1,14.69,1,243,0.25882,0.96593,-0.86169,-0.50743,-22.15,-20.85,-22.22
2026-08-31T02:00:00Z,MTR,-22.15,73.5,980.2,13.99,2,243,0.5,0.86603,-0.86169,-0.50743,-22.06,-21.82,-21.62
2026-08-31T03:00:00Z,MTR,-22.06,54.3,981.0,12.46,3,243,0.70711,0.70711,-0.86169,-0.50743,-21.24,-22.07,-20.67
2026-08-31T04:00:00Z,MTR,-21.24,69.4,979.9,18.31,4,243,0.86603,0.5,-0.86169,-0.50743,-21.92,-22.29,-20.88
2026-08-31T05:00:00Z,MTR,-21.92,73.3,976.0,14.48,5,243,0.96593,0.25882,-0.86169,-0.50743,-21.93,-22.3,-21.81
2026-08-31T06:00:00Z,MTR,-21.93,75.8,978.1,14.56,6,243,1.0,0.0,-0.86169,-0.50743,-20.85,-21.52,-21.55
2026-08-31T07:00:00Z,MTR,-20.85,72.9,977.3,15.68,7,243,0.96593,-0.25882,-0.86169,-0.50743,-21.82,-22.66,-21.63
2026-08-31T08:00:00Z,MTR,-21.82,62.5,978.5,11.56,8,243,0.86603,-0.5,-0.86169,-0.50743,-22.07,-22.4,-18.7
2026-08-31T09:00:00Z,MTR,-22.07,65.3,977.1,15.62,9,243,0.70711,-0.70711,-0.86169,-0.50743,-22.29,-22.76,-18.37
2026-08-31T10:00:00Z,MTR,-22.29,68.9,977.5,12.75,10,243,0.5,-0.86603,-0.86169,-0.50743,-22.3,-22.2,-18.75
2026-08-31T11:00:00Z,MTR,-22.3,83.1,978.5,10.63,11,243,0.25882,-0.96593,-0.86169,-0.50743,-21.52,-21.96,-19.92
2026-08-31T12:00:00Z,MTR,-21.52,69.7,979.9,10.8,12,243,0.0,-1.0,-0.86169,-0.50743,-22.66,-22.09,-20.75
2026-08-31T13:00:00Z,MTR,-22.66,71.8,978.8,10.13,13,243,-0.25882,-0.96593,-0.86169,-0.50743,-22.4,-22.59,-20.24
2026-08-31T14:00:00Z,MTR,-22.4,59.3,981.9,11.92,14,243,-0.5,-0.86603,-0.86169,-0.50743,-22.76,-22.55,-21.82
2026-08-31T15:00:00Z,MTR,-22.76,72.8,981.6,13.08,15,243,-0.70711,-0.70711,-0.86169,-0.50743,-22.2,-22.83,-23.36
2026-08-31T16:00:00Z,MTR,-22.2,68.6,979.4,15.33,16,243,-0.86603,-0.5,-0.86169,-0.50743,-21.96,-22.87,-22.76
2026-08-31T17:00:00Z,MTR,-21.96,76.9,980.1,15.07,17,243,-0.96593,-0.25882,-0.86169,-0.50743,-22.09,-22.25,-22.71
2026-08-31T18:00:00Z,MTR,-22.09,61.4,981.1,12.23,18,243,-1.0,-0.0,-0.86169,-0.50743,-22.59,-20.94,-22.7
2026-08-31T19:00:00Z,MTR,-22.59,67.1,982.2,16.0,19,243,-0.96593,0.25882,-0.86169,-0.50743,-22.55,-22.22,-22.06
2026-08-31T20:00:00Z,MTR,-22.55,61.3,985.4,14.08,20,243,-0.86603,0.5,-0.86169,-0.50743,-22.83,-21.62,-22.78
2026-08-31T21:00:00Z,MTR,-22.83,66.3,985.6,12.35,21,243,-0.70711,0.70711,-0.86169,-0.50743,-22.87,-20.67,-23.93
2026-08-31T22:00:00Z,MTR,-22.87,67.1,985.9,10.35,22,243,-0.5,0.86603,-0.86169,-0.50743,-22.25,-20.88,-24.31
2026-08-31T23:00:00Z,MTR,-22.25,60.7,984.4,10.69,23,243,-0.25882,0.96593,-0.86169,-0.50743,-20.94,-21.81,-23.82
2026-09-01T00:00:00Z,MTR,-20.94,64.7,986.4,7.2,0,244,0.0,1.0,-0.87029,-0.49253,-22.22,-21.55,-23.46
2026-09-01T01:00:00Z,MTR,-22.22,66.9,987.2,6.72,1,244,0.25882,0.96593,-0.87029,-0.49253,-21.62,-21.63,-22.23
2026-09-01T02:00:00Z,MTR,-21.62,66.1,986.8,10.05,2,244,0.5,0.86603,-0.87029,-0.49253,-20.67,-18.7,-21.9
2026-09-01T03:00:00Z,MTR,-20.67,61.6,983.7,10.68,3,244,0.70711,0.70711,-0.87029,-0.49253,-20.88,-18.37,-22.54
2026-09-01T04:00:00Z,MTR,-20.88,59.4,986.8,10.92,4,244,0.86603,0.5,-0.87029,-0.49253,-21.81,-18.75,-21.19
2026-09-01T05:00:00Z,MTR,-21.81,62.6,984.9,11.94,5,244,0.96593,0.25882,-0.87029,-0.49253,-21.55,-19.92,-20.36
2026-09-01T06:00:00Z,MTR,-21.55,69.5,984.2,13.12,6,244,1.0,0.0,-0.87029,-0.49253,-21.63,-20.75,-20.26
2026-09-01T07:00:00Z,MTR,-21.63,64.7,985.2,9.15,7,244,0.96593,-0.25882,-0.87029,-0.49253,-18.7,-20.24,-20.49
2026-09-01T08:00:00Z,MTR,-18.7,56.6,983.3,3.95,8,244,0.86603,-0.5,-0.87029,-0.49253,-18.37,-21.82,-19.74
2026-09-01T09:00:00Z,MTR,-18.37,67.4,981.0,11.53,9,244,0.70711,-0.70711,-0.87029,-0.49253,-18.75,-23.36,-19.33
2026-09-01T10:00:00Z,MTR,-18.75,79.2,977.6,12.22,10,244,0.5,-0.86603,-0.87029,-0.49253,-19.92,-22.76,-20.31
2026-09-01T11:00:00Z,MTR,-19.92,74.4,979.5,13.24,11,244,0.25882,-0.96593,-0.87029,-0.49253,-20.75,-22.71,-18.04
2026-09-01T12:00:00Z,MTR,-20.75,66.2,979.1,11.05,12,244,0.0,-1.0,-0.87029,-0.49253,-20.24,-22.7,-18.56
2026-09-01T13:00:00Z,MTR,-20.24,56.0,984.8,11.72,13,244,-0.25882,-0.96593,-0.87029,-0.49253,-21.82,-22.06,-18.55
2026-09-01T14:00:00Z,MTR,-21.82,62.2,983.3,9.77,14,244,-0.5,-0.86603,-0.87029,-0.49253,-23.36,-22.78,-18.23
2026-09-01T15:00:00Z,MTR,-23.36,66.4,981.9,11.21,15,244,-0.70711,-0.70711,-0.87029,-0.49253,-22.76,-23.93,-19.01
2026-09-01T16:00:00Z,MTR,-22.76,65.3,981.2,11.95,16,244,-0.86603,-0.5,-0.87029,-0.49253,-22.71,-24.31,-18.5
2026-09-01T17:00:00Z,MTR,-22.71,62.9,982.1,16.13,17,244,-0.96593,-0.25882,-0.87029,-0.49253,-22.7,-23.82,-18.7
2026-09-01T18:00:00Z,MTR,-22.7,71.4,981.6,16.74,18,244,-1.0,-0.0,-0.87029,-0.49253,-22.06,-23.46,-19.36
2026-09-01T19:00:00Z,MTR,-22.06,55.1,983.1,17.28,19,244,-0.96593,0.25882,-0.87029,-0.49253,-22.78,-22.23,-20.04
2026-09-01T20:00:00Z,MTR,-22.78,72.7,981.7,12.56,20,244,-0.86603,0.5,-0.87029,-0.49253,-23.93,-21.9,-20.94
2026-09-01T21:00:00Z,MTR,-23.93,73.6,979.6,14.83,21,244,-0.70711,0.70711,-0.87029,-0.49253,-24.31,-22.54,-20.72
2026-09-01T22:00:00Z,MTR,-24.31,73.5,976.9,11.06,22,244,-0.5,0.86603,-0.87029,-0.49253,-23.82,-21.19,-21.02
2026-09-01T23:00:00Z,MTR,-23.82,77.5,973.6,10.42,23,244,-0.25882,0.96593,-0.87029,-0.49253,-23.46,-20.36,-20.56
2026-09-02T00:00:00Z,MTR,-23.46,74.3,973.6,14.42,0,245,0.0,1.0,-0.87864,-0.47749,-22.23,-20.26,-19.2
2026-09-02T01:00:00Z,MTR,-22.23,75.0,974.0,13.84,1,245,0.25882,0.96593,-0.87864,-0.47749,-21.9,-20.49,-19.57
2026-09-02T02:00:00Z,MTR,-21.9,82.2,973.8,12.41,2,245,0.5,0.86603,-0.87864,-0.47749,-22.54,-19.74,-18.84
2026-09-02T03:00:00Z,MTR,-22.54,71.7,977.1,14.98,3,245,0.70711,0.70711,-0.87864,-0.47749,-21.19,-19.33,-18.87
2026-09-02T04:00:00Z,MTR,-21.19,71.6,980.1,16.02,4,245,0.86603,0.5,-0.87864,-0.47749,-20.36,-20.31,-18.8
2026-09-02T05:00:00Z,MTR,-20.36,71.7,980.3,14.58,5,245,0.96593,0.25882,-0.87864,-0.47749,-20.26,-18.04,-18.96
2026-09-02T06:00:00Z,MTR,-20.26,73.1,977.8,17.85,6,245,1.0,0.0,-0.87864,-0.47749,-20.49,-18.56,-18.32
2026-09-02T07:00:00Z,MTR,-20.49,69.4,977.7,10.6,7,245,0.96593,-0.25882,-0.87864,-0.47749,-19.74,-18.55,-19.46
2026-09-02T08:00:00Z,MTR,-19.74,62.9,977.6,14.12,8,245,0.86603,-0.5,-0.87864,-0.47749,-19.33,-18.23,-19.81
2026-09-02T09:00:00Z,MTR,-19.33,75.0,977.5,11.24,9,245,0.70711,-0.70711,-0.87864,-0.47749,-20.31,-19.01,-20.09
2026-09-02T10:00:00Z,MTR,-20.31,77.5,977.3,14.54,10,245,0.5,-0.86603,-0.87864,-0.47749,-18.04,-18.5,-21.28
2026-09-02T11:00:00Z,MTR,-18.04,71.0,977.2,9.56,11,245,0.25882,-0.96593,-0.87864,-0.47749,-18.56,-18.7,-22.09
2026-09-02T12:00:00Z,MTR,-18.56,77.3,977.6,12.42,12,245,0.0,-1.0,-0.87864,-0.47749,-18.55,-19.36,-22.1
2026-09-02T13:00:00Z,MTR,-18.55,73.0,977.6,12.43,13,245,-0.25882,-0.96593,-0.87864,-0.47749,-18.23,-20.04,-22.57
2026-09-02T14:00:00Z,MTR,-18.23,59.8,979.1,12.42,14,245,-0.5,-0.86603,-0.87864,-0.47749,-19.01,-20.94,-22.71
2026-09-02T15:00:00Z,MTR,-19.01,61.9,980.8,10.18,15,245,-0.70711,-0.70711,-0.87864,-0.47749,-18.5,-20.72,-22.44
2026-09-02T16:00:00Z,MTR,-18.5,66.8,980.2,14.99,16,245,-0.86603,-0.5,-0.87864,-0.47749,-18.7,-21.02,-22.05
2026-09-02T17:00:00Z,MTR,-18.7,62.3,983.5,12.97,17,245,-0.96593,-0.25882,-0.87864,-0.47749,-19.36,-20.56,-21.81
2026-09-02T18:00:00Z,MTR,-19.36,66.6,982.6,12.73,18,245,-1.0,-0.0,-0.87864,-0.47749,-20.04,-19.2,-23.84
2026-09-02T19:00:00Z,MTR,-20.04,64.9,980.6,17.16,19,245,-0.96593,0.25882,-0.87864,-0.47749,-20.94,-19.57,-23.25
2026-09-02T20:00:00Z,MTR,-20.94,75.3,982.3,13.58,20,245,-0.86603,0.5,-0.87864,-0.47749,-20.72,-18.84,-18.66
2026-09-02T21:00:00Z,MTR,-20.72,55.5,981.7,10.03,21,245,-0.70711,0.70711,-0.87864,-0.47749,-21.02,-18.87,-18.44
2026-09-02T22:00:00Z,MTR,-21.02,64.5,983.2,10.5,22,245,-0.5,0.86603,-0.87864,-0.47749,-20.56,-18.8,-23.87
2026-09-02T23:00:00Z,MTR,-20.56,66.1,979.7,15.08,23,245,-0.25882,0.96593,-0.87864,-0.47749,-19.2,-18.96,-19.29
2026-09-03T00:00:00Z,MTR,-19.2,57.9,983.1,8.31,0,246,0.0,1.0,-0.88672,-0.4623,-19.57,-18.32,-16.87
2026-09-03T01:00:00Z,MTR,-19.57,66.4,985.0,11.48,1,246,0.25882,0.96593,-0.88672,-0.4623,-18.84,-19.46,-18.38
2026-09-03T02:00:00Z,MTR,-18.84,60.2,982.9,10.56,2,246,0.5,0.86603,-0.88672,-0.4623,-18.87,-19.81,-13.68
2026-09-03T03:00:00Z,MTR,-18.87,67.5,980.9,10.48,3,246,0.70711,0.70711,-0.88672,-0.4623,-18.8,-20.09,-14.19
2026-09-03T04:00:00Z,MTR,-18.8,59.8,984.5,13.65,4,246,0.86603,0.5,-0.88672,-0.4623,-18.96,-21.28,-12.92
2026-09-03T05:00:00Z,MTR,-18.96,55.7,983.6,12.69,5,246,0.96593,0.25882,-0.88672,-0.4623,-18.32,-22.09,-14.11
2026-09-03T06:00:00Z,MTR,-18.32,66.5,982.5,17.02,6,246,1.0,0.0,-0.88672,-0.4623,-19.46,-22.1,-14.21
2026-09-03T07:00:00Z,MTR,-19.46,71.9,978.7,13.83,7,246,0.96593,-0.25882,-0.88672,-0.4623,-19.81,-22.57,-14.0
2026-09-03T08:00:00Z,MTR,-19.81,67.7,978.6,14.17,8,246,0.86603,-0.5,-0.88672,-0.4623,-20.09,-22.71,-13.95
2026-09-03T09:00:00Z,MTR,-20.09,77.2,978.6,13.78,9,246,0.70711,-0.70711,-0.88672,-0.4623,-21.28,-22.44,-13.69
2026-09-03T10:00:00Z,MTR,-21.28,70.1,980.1,12.5,10,246,0.5,-0.86603,-0.88672,-0.4623,-22.09,-22.05,-12.21
2026-09-03T11:00:00Z,MTR,-22.09,73.6,977.7,9.19,11,246,0.25882,-0.96593,-0.88672,-0.4623,-22.1,-21.81,-11.07
2026-09-03T12:00:00Z,MTR,-22.1,70.3,975.2,12.31,12,246,0.0,-1.0,-0.88672,-0.4623,-22.57,-23.84,-10.57
2026-09-03T13:00:00Z,MTR,-22.57,69.8,976.2,13.79,13,246,-0.25882,-0.96593,-0.88672,-0.4623,-22.71,-23.25,-12.83
2026-09-03T14:00:00Z,MTR,-22.71,68.7,978.0,11.25,14,246,-0.5,-0.86603,-0.88672,-0.4623,-22.44,-18.66,-10.43
2026-09-03T15:00:00Z,MTR,-22.44,72.0,975.0,12.76,15,246,-0.70711,-0.70711,-0.88672,-0.4623,-22.05,-18.44,-13.49
2026-09-03T16:00:00Z,MTR,-22.05,70.8,976.9,16.68,16,246,-0.86603,-0.5,-0.88672,-0.4623,-21.81,-23.87,-11.6
2026-09-03T17:00:00Z,MTR,-21.81,68.1,976.7,17.77,17,246,-0.96593,-0.25882,-0.88672,-0.4623,-23.84,-19.29,-12.02
2026-09-03T18:00:00Z,MTR,-23.84,74.7,978.3,13.39,18,246,-1.0,-0.0,-0.88672,-0.4623,-23.25,-16.87,-13.44
2026-09-03T19:00:00Z,MTR,-23.25,65.0,977.6,16.68,19,246,-0.96593,0.25882,-0.88672,-0.4623,-18.66,-18.38,-11.56
2026-09-03T20:00:00Z,MTR,-18.66,81.0,972.5,17.83,20,246,-0.86603,0.5,-0.88672,-0.4623,-18.44,-13.68,-11.21
2026-09-03T21:00:00Z,MTR,-18.44,81.6,971.8,14.39,21,246,-0.70711,0.70711,-0.88672,-0.4623,-23.87,-14.19,-11.39
2026-09-03T22:00:00Z,MTR,-23.87,74.6,973.3,14.34,22,246,-0.5,0.86603,-0.88672,-0.4623,-19.29,-12.92,-12.46
2026-09-03T23:00:00Z,MTR,-19.29,91.2,971.1,15.34,23,246,-0.25882,0.96593,-0.88672,-0.4623,-16.87,-14.11,-13.46
2026-09-04T00:00:00Z,MTR,-16.87,80.4,969.8,17.33,0,247,0.0,1.0,-0.89454,-0.44698,-18.38,-14.21,-14.0
2026-09-04T01:00:00Z,MTR,-18.38,79.0,969.0,14.92,1,247,0.25882,0.96593,-0.89454,-0.44698,-13.68,-14.0,-14.16
2026-09-04T02:00:00Z,MTR,-13.68,86.4,963.2,19.35,2,247,0.5,0.86603,-0.89454,-0.44698,-14.19,-13.95,-15.28
2026-09-04T03:00:00Z,MTR,-14.19,90.7,965.9,20.68,3,247,0.70711,0.70711,-0.89454,-0.44698,-12.92,-13.69,-14.62
2026-09-04T04:00:00Z,MTR,-12.92,86.9,963.8,23.3,4,247,0.86603,0.5,-0.89454,-0.44698,-14.11,-12.21,-13.38
2026-09-04T05:00:00Z,MTR,-14.11,89.9,964.3,20.23,5,247,0.96593,0.25882,-0.89454,-0.44698,-14.21,-11.07,-16.14
2026-09-04T06:00:00Z,MTR,-14.21,79.3,963.7,15.86,6,247,1.0,0.0,-0.89454,-0.44698,-14.0,-10.57,-15.64
2026-09-04T07:00:00Z,MTR,-14.0,85.5,965.5,17.83,7,247,0.96593,-0.25882,-0.89454,-0.44698,-13.95,-12.83,-16.55
2026-09-04T08:00:00Z,MTR,-13.95,89.1,965.7,16.34,8,247,0.86603,-0.5,-0.89454,-0.44698,-13.69,-10.43,-15.36
2026-09-04T09:00:00Z,MTR,-13.69,84.4,964.8,14.55,9,247,0.70711,-0.70711,-0.89454,-0.44698,-12.21,-13.49,-16.78
2026-09-04T10:00:00Z,MTR,-12.21,84.0,962.7,18.35,10,247,0.5,-0.86603,-0.89454,-0.44698,-11.07,-11.6,-22.56
2026-09-04T11:00:00Z,MTR,-11.07,85.9,963.8,20.3,11,247,0.25882,-0.96593,-0.89454,-0.44698,-10.57,-12.02,-22.76
2026-09-04T12:00:00Z,MTR,-10.57,83.3,960.1,18.23,12,247,0.0,-1.0,-0.89454,-0.44698,-12.83,-13.44,-23.57
2026-09-04T13:00:00Z,MTR,-12.83,92.8,961.1,14.23,13,247,-0.25882,-0.96593,-0.89454,-0.44698,-10.43,-11.56,-23.66
2026-09-04T14:00:00Z,MTR,-10.43,98.5,958.9,21.07,14,247,-0.5,-0.86603,-0.89454,-0.44698,-13.49,-11.21,-23.72
2026-09-04T15:00:00Z,MTR,-13.49,88.4,961.2,17.48,15,247,-0.70711,-0.70711,-0.89454,-0.44698,-11.6,-11.39,-23.68
2026-09-04T16:00:00Z,MTR,-11.6,97.7,961.5,21.81,16,247,-0.86603,-0.5,-0.89454,-0.44698,-12.02,-12.46,-23.78
2026-09-04T17:00:00Z,MTR,-12.02,92.2,962.6,20.46,17,247,-0.96593,-0.25882,-0.89454,-0.44698,-13.44,-13.46,-24.67
2026-09-04T18:00:00Z,MTR,-13.44,88.7,962.8,21.31,18,247,-1.0,-0.0,-0.89454,-0.44698,-11.56,-14.0,-25.56
2026-09-04T19:00:00Z,MTR,-11.56,98.8,959.7,22.63,19,247,-0.96593,0.25882,-0.89454,-0.44698,-11.21,-14.16,-26.0
2026-09-04T20:00:00Z,MTR,-11.21,96.9,958.5,22.97,20,247,-0.86603,0.5,-0.89454,-0.44698,-11.39,-15.28,-26.05
2026-09-04T21:00:00Z,MTR,-11.39,96.9,960.2,20.53,21,247,-0.70711,0.70711,-0.89454,-0.44698,-12.46,-14.62,-25.68
2026-09-04T22:00:00Z,MTR,-12.46,96.3,961.0,17.72,22,247,-0.5,0.86603,-0.89454,-0.44698,-13.46,-13.38,-25.99
2026-09-04T23:00:00Z,MTR,-13.46,85.5,963.7,17.9,23,247,-0.25882,0.96593,-0.89454,-0.44698,-14.0,-16.14,-23.33
2026-09-05T00:00:00Z,MTR,-14.0,88.8,964.9,17.77,0,248,0.0,1.0,-0.9021,-0.43153,-14.16,-15.64,-22.06
2026-09-05T01:00:00Z,MTR,-14.16,76.4,963.7,15.98,1,248,0.25882,0.96593,-0.9021,-0.43153,-15.28,-16.55,-22.77
2026-09-05T02:00:00Z,MTR,-15.28,81.1,963.0,16.36,2,248,0.5,0.86603,-0.9021,-0.43153,-14.62,-15.36,-21.67
2026-09-05T03:00:00Z,MTR,-14.62,90.0,964.1,21.62,3,248,0.70711,0.70711,-0.9021,-0.43153,-13.38,-16.78,-20.38
2026-09-05T04:00:00Z,MTR,-13.38,93.2,960.8,23.98,4,248,0.86603,0.5,-0.9021,-0.43153,-16.14,-22.56,-21.35
2026-09-05T05:00:00Z,MTR,-16.14,81.2,965.0,19.64,5,248,0.96593,0.25882,-0.9021,-0.43153,-15.64,-22.76,-22.22
2026-09-05T06:00:00Z,MTR,-15.64,82.4,966.8,20.27,6,248,1.0,0.0,-0.9021,-0.43153,-16.55,-23.57,-22.05
2026-09-05T07:00:00Z,MTR,-16.55,81.3,970.1,15.23,7,248,0.96593,-0.25882,-0.9021,-0.43153,-15.36,-23.66,-20.95
2026-09-05T08:00:00Z,MTR,-15.36,80.0,968.2,10.74,8,248,0.86603,-0.5,-0.9021,-0.43153,-16.78,-23.72,-20.38
2026-09-05T09:00:00Z,MTR,-16.78,76.5,971.6,14.37,9,248,0.70711,-0.70711,-0.9021,-0.43153,-22.56,-23.68,-21.42
2026-09-05T10:00:00Z,MTR,-22.56,65.8,976.7,15.19,10,248,0.5,-0.86603,-0.9021,-0.43153,-22.76,-23.78,-21.77
2026-09-05T11:00:00Z,MTR,-22.76,74.6,975.3,10.4,11,248,0.25882,-0.96593,-0.9021,-0.43153,-23.57,-24.67,-22.03
2026-09-05T12:00:00Z,MTR,-23.57,69.2,977.7,9.4,12,248,0.0,-1.0,-0.9021,-0.43153,-23.66,-25.56,-21.31
2026-09-05T13:00:00Z,MTR,-23.66,80.2,978.7,10.14,13,248,-0.25882,-0.96593,-0.9021,-0.43153,-23.72,-26.0,-22.42
2026-09-05T14:00:00Z,MTR,-23.72,78.5,976.9,11.24,14,248,-0.5,-0.86603,-0.9021,-0.43153,-23.68,-26.05,-23.44
2026-09-05T15:00:00Z,MTR,-23.68,70.5,979.0,12.84,15,248,-0.70711,-0.70711,-0.9021,-0.43153,-23.78,-25.68,-23.5
2026-09-05T16:00:00Z,MTR,-23.78,57.7,981.6,13.28,16,248,-0.86603,-0.5,-0.9021,-0.43153,-24.67,-25.99,-23.67
2026-09-05T17:00:00Z,MTR,-24.67,80.6,981.5,16.63,17,248,-0.96593,-0.25882,-0.9021,-0.43153,-25.56,-23.33,-22.86
2026-09-05T18:00:00Z,MTR,-25.56,68.7,984.7,14.41,18,248,-1.0,-0.0,-0.9021,-0.43153,-26.0,-22.06,-23.22
2026-09-05T19:00:00Z,MTR,-26.0,62.8,982.6,10.49,19,248,-0.96593,0.25882,-0.9021,-0.43153,-26.05,-22.77,-22.27
2026-09-05T20:00:00Z,MTR,-26.05,71.6,981.0,10.67,20,248,-0.86603,0.5,-0.9021,-0.43153,-25.68,-21.67,-21.51
2026-09-05T21:00:00Z,MTR,-25.68,70.9,982.4,14.3,21,248,-0.70711,0.70711,-0.9021,-0.43153,-25.99,-20.38,-21.55
2026-09-05T22:00:00Z,MTR,-25.99,60.7,983.6,8.56,22,248,-0.5,0.86603,-0.9021,-0.43153,-23.33,-21.35,-21.92
2026-09-05T23:00:00Z,MTR,-23.33,60.6,983.3,12.08,23,248,-0.25882,0.96593,-0.9021,-0.43153,-22.06,-22.22,-20.6
2026-09-06T00:00:00Z,MTR,-22.06,65.8,985.8,9.78,0,249,0.0,1.0,-0.90939,-0.41595,-22.77,-22.05,-20.05
2026-09-06T01:00:00Z,MTR,-22.77,65.2,987.7,8.57,1,249,0.25882,0.96593,-0.90939,-0.41595,-21.67,-20.95,-20.31
2026-09-06T02:00:00Z,MTR,-21.67,57.9,990.1,4.47,2,249,0.5,0.86603,-0.90939,-0.41595,-20.38,-20.38,-21.06
2026-09-06T03:00:00Z,MTR,-20.38,58.9,990.5,10.54,3,249,0.70711,0.70711,-0.90939,-0.41595,-21.35,-21.42,-20.07
2026-09-06T04:00:00Z,MTR,-21.35,62.9,992.2,11.14,4,249,0.86603,0.5,-0.90939,-0.41595,-22.22,-21.77,-20.59
2026-09-06T05:00:00Z,MTR,-22.22,55.1,992.0,9.45,5,249,0.96593,0.25882,-0.90939,-0.41595,-22.05,-22.03,-21.0
2026-09-06T06:00:00Z,MTR,-22.05,36.5,996.1,7.1,6,249,1.0,0.0,-0.90939,-0.41595,-20.95,-21.31,-21.55
2026-09-06T07:00:00Z,MTR,-20.95,54.8,994.9,6.77,7,249,0.96593,-0.25882,-0.90939,-0.41595,-20.38,-22.42,-21.52
2026-09-06T08:00:00Z,MTR,-20.38,52.3,999.0,1.93,8,249,0.86603,-0.5,-0.90939,-0.41595,-21.42,-23.44,-20.84
2026-09-06T09:00:00Z,MTR,-21.42,50.1,999.1,6.04,9,249,0.70711,-0.70711,-0.90939,-0.41595,-21.77,-23.5,-20.94
2026-09-06T10:00:00Z,MTR,-21.77,44.3,996.6,7.75,10,249,0.5,-0.86603,-0.90939,-0.41595,-22.03,-23.67,-20.78
2026-09-06T11:00:00Z,MTR,-22.03,42.9,999.1,0.87,11,249,0.25882,-0.96593,-0.90939,-0.41595,-21.31,-22.86,-21.17
2026-09-06T12:00:00Z,MTR,-21.31,46.2,999.2,3.7,12,249,0.0,-1.0,-0.90939,-0.41595,-22.42,-23.22,-20.75
2026-09-06T13:00:00Z,MTR,-22.42,39.0,1000.6,4.2,13,249,-0.25882,-0.96593,-0.90939,-0.41595,-23.44,-22.27,-20.89
2026-09-06T14:00:00Z,MTR,-23.44,40.7,1002.5,3.62,14,249,-0.5,-0.86603,-0.90939,-0.41595,-23.5,-21.51,-21.96
2026-09-06T15:00:00Z,MTR,-23.5,49.8,1002.7,1.83,15,249,-0.70711,-0.70711,-0.90939,-0.41595,-23.67,-21.55,-22.23
2026-09-06T16:00:00Z,MTR,-23.67,39.3,1001.2,1.43,16,249,-0.86603,-0.5,-0.90939,-0.41595,-22.86,-21.92,-22.29
2026-09-06T17:00:00Z,MTR,-22.86,42.8,1002.5,6.12,17,249,-0.96593,-0.25882,-0.90939,-0.41595,-23.22,-20.6,-22.57
2026-09-06T18:00:00Z,MTR,-23.22,49.2,1002.0,8.63,18,249,-1.0,-0.0,-0.90939,-0.41595,-22.27,-20.05,-24.02
2026-09-06T19:00:00Z,MTR,-22.27,36.7,1002.7,8.13,19,249,-0.96593,0.25882,-0.90939,-0.41595,-21.51,-20.31,-22.88
2026-09-06T20:00:00Z,MTR,-21.51,56.4,998.2,9.3,20,249,-0.86603,0.5,-0.90939,-0.41595,-21.55,-21.06,-23.51
2026-09-06T21:00:00Z,MTR,-21.55,46.3,998.6,9.96,21,249,-0.70711,0.70711,-0.90939,-0.41595,-21.92,-20.07,-22.88
2026-09-06T22:00:00Z,MTR,-21.92,44.3,997.0,5.17,22,249,-0.5,0.86603,-0.90939,-0.41595,-20.6,-20.59,-23.04
2026-09-06T23:00:00Z,MTR,-20.6,53.9,999.5,4.81,23,249,-0.25882,0.96593,-0.90939,-0.41595,-20.05,-21.0,-22.97
2026-09-07T00:00:00Z,MTR,-20.05,50.5,1000.1,4.1,0,250,0.0,1.0,-0.91641,-0.40024,-20.31,-21.55,-22.76
2026-09-07T01:00:00Z,MTR,-20.31,40.0,999.9,0.2,1,250,0.25882,0.96593,-0.91641,-0.40024,-21.06,-21.52,-21.88
2026-09-07T02:00:00Z,MTR,-21.06,44.9,1000.2,6.63,2,250,0.5,0.86603,-0.91641,-0.40024,-20.07,-20.84,-21.62
2026-09-07T03:00:00Z,MTR,-20.07,50.9,997.8,7.65,3,250,0.70711,0.70711,-0.91641,-0.40024,-20.59,-20.94,-21.44
2026-09-07T04:00:00Z,MTR,-20.59,44.7,1000.2,5.19,4,250,0.86603,0.5,-0.91641,-0.40024,-21.0,-20.78,-22.3
2026-09-07T05:00:00Z,MTR,-21.0,50.8,1003.2,8.56,5,250,0.96593,0.25882,-0.91641,-0.40024,-21.55,-21.17,-21.07
2026-09-07T06:00:00Z,MTR,-21.55,48.8,1003.1,8.58,6,250,1.0,0.0,-0.91641,-0.40024,-21.52,-20.75,-22.18
2026-09-07T07:00:00Z,MTR,-21.52,25.8,1005.2,3.56,7,250,0.96593,-0.25882,-0.91641,-0.40024,-20.84,-20.89,-20.81
2026-09-07T08:00:00Z,MTR,-20.84,37.6,1003.4,0.2,8,250,0.86603,-0.5,-0.91641,-0.40024,-20.94,-21.96,-21.83
2026-09-07T09:00:00Z,MTR,-20.94,41.8,1001.2,2.16,9,250,0.70711,-0.70711,-0.91641,-0.40024,-20.78,-22.23,-20.1
2026-09-07T10:00:00Z,MTR,-20.78,43.5,1000.6,4.89,10,250,0.5,-0.86603,-0.91641,-0.40024,-21.17,-22.29,-19.6
2026-09-07T11:00:00Z,MTR,-21.17,47.3,1000.9,3.14,11,250,0.25882,-0.96593,-0.91641,-0.40024,-20.75,-22.57,-19.9
2026-09-07T12:00:00Z,MTR,-20.75,52.3,999.6,4.17,12,250,0.0,-1.0,-0.91641,-0.40024,-20.89,-24.02,-20.94
2026-09-07T13:00:00Z,MTR,-20.89,42.4,1000.1,2.27,13,250,-0.25882,-0.96593,-0.91641,-0.40024,-21.96,-22.88,-20.99
2026-09-07T14:00:00Z,MTR,-21.96,40.6,1000.2,4.83,14,250,-0.5,-0.86603,-0.91641,-0.40024,-22.23,-23.51,-20.78
2026-09-07T15:00:00Z,MTR,-22.23,47.9,997.9,8.2,15,250,-0.70711,-0.70711,-0.91641,-0.40024,-22.29,-22.88,-20.97
2026-09-07T16:00:00Z,MTR,-22.29,37.3,998.5,5.63,16,250,-0.86603,-0.5,-0.91641,-0.40024,-22.57,-23.04,-21.57
2026-09-07T17:00:00Z,MTR,-22.57,51.7,999.8,9.9,17,250,-0.96593,-0.25882,-0.91641,-0.40024,-24.02,-22.97,-22.14
2026-09-07T18:00:00Z,MTR,-24.02,47.6,999.7,9.85,18,250,-1.0,-0.0,-0.91641,-0.40024,-22.88,-22.76,-21.15
2026-09-07T19:00:00Z,MTR,-22.88,43.5,1001.4,6.68,19,250,-0.96593,0.25882,-0.91641,-0.40024,-23.51,-21.88,-21.36
2026-09-07T20:00:00Z,MTR,-23.51,49.5,998.8,7.55,20,250,-0.86603,0.5,-0.91641,-0.40024,-22.88,-21.62,-21.03
2026-09-07T21:00:00Z,MTR,-22.88,44.0,999.4,10.11,21,250,-0.70711,0.70711,-0.91641,-0.40024,-23.04,-21.44,-20.59
2026-09-07T22:00:00Z,MTR,-23.04,48.8,997.0,8.71,22,250,-0.5,0.86603,-0.91641,-0.40024,-22.97,-22.3,-21.51
2026-09-07T23:00:00Z,MTR,-22.97,49.5,994.9,9.04,23,250,-0.25882,0.96593,-0.91641,-0.40024,-22.76,-21.07,-21.53
2026-09-08T00:00:00Z,MTR,-22.76,43.9,993.7,6.94,0,251,0.0,1.0,-0.92316,-0.38442,-21.88,-22.18,-20.26
2026-09-08T01:00:00Z,MTR,-21.88,55.2,992.0,7.29,1,251,0.25882,0.96593,-0.92316,-0.38442,-21.62,-20.81,-20.04
2026-09-08T02:00:00Z,MTR,-21.62,69.1,991.1,8.68,2,251,0.5,0.86603,-0.92316,-0.38442,-21.44,-21.83,-19.72
2026-09-08T03:00:00Z,MTR,-21.44,58.1,990.8,12.78,3,251,0.70711,0.70711,-0.92316,-0.38442,-22.3,-20.1,-20.08
2026-09-08T04:00:00Z,MTR,-22.3,51.7,992.5,10.04,4,251,0.86603,0.5,-0.92316,-0.38442,-21.07,-19.6,-19.27
2026-09-08T05:00:00Z,MTR,-21.07,57.3,991.9,13.07,5,251,0.96593,0.25882,-0.92316,-0.38442,-22.18,-19.9,-17.52
2026-09-08T06:00:00Z,MTR,-22.18,54.7,989.1,14.44,6,251,1.0,0.0,-0.92316,-0.38442,-20.81,-20.94,-18.6
2026-09-08T07:00:00Z,MTR,-20.81,53.5,991.3,9.24,7,251,0.96593,-0.25882,-0.92316,-0.38442,-21.83,-20.99,-17.79
2026-09-08T08:00:00Z,MTR,-21.83,55.9,989.8,9.51,8,251,0.86603,-0.5,-0.92316,-0.38442,-20.1,-20.78,-18.63
2026-09-08T09:00:00Z,MTR,-20.1,55.9,989.7,11.32,9,251,0.70711,-0.70711,-0.92316,-0.38442,-19.6,-20.97,-12.52
2026-09-08T10:00:00Z,MTR,-19.6,54.8,990.5,5.97,10,251,0.5,-0.86603,-0.92316,-0.38442,-19.9,-21.57,-11.76
2026-09-08T11:00:00Z,MTR,-19.9,59.7,990.8,6.75,11,251,0.25882,-0.96593,-0.92316,-0.38442,-20.94,-22.14,-13.41
2026-09-08T12:00:00Z,MTR,-20.94,51.7,992.6,4.46,12,251,0.0,-1.0,-0.92316,-0.38442,-20.99,-21.15,-11.3
2026-09-08T13:00:00Z,MTR,-20.99,51.5,993.1,3.8,13,251,-0.25882,-0.96593,-0.92316,-0.38442,-20.78,-21.36,-12.67
2026-09-08T14:00:00Z,MTR,-20.78,46.5,991.2,7.36,14,251,-0.5,-0.86603,-0.92316,-0.38442,-20.97,-21.03,-11.8
2026-09-08T15:00:00Z,MTR,-20.97,45.7,994.7,6.8,15,251,-0.70711,-0.70711,-0.92316,-0.38442,-21.57,-20.59,-12.5
2026-09-08T16:00:00Z,MTR,-21.57,53.2,994.4,7.37,16,251,-0.86603,-0.5,-0.92316,-0.38442,-22.14,-21.51,-13.4
2026-09-08T17:00:00Z,MTR,-22.14,59.8,993.5,8.66,17,251,-0.96593,-0.25882,-0.92316,-0.38442,-21.15,-21.53,-19.01
2026-09-08T18:00:00Z,MTR,-21.15,52.3,994.5,9.01,18,251,-1.0,-0.0,-0.92316,-0.38442,-21.36,-20.26,-18.54
2026-09-08T19:00:00Z,MTR,-21.36,54.0,994.1,11.55,19,251,-0.96593,0.25882,-0.92316,-0.38442,-21.03,-20.04,-17.63
2026-09-08T20:00:00Z,MTR,-21.03,46.0,993.9,6.65,20,251,-0.86603,0.5,-0.92316,-0.38442,-20.59,-19.72,-12.83
2026-09-08T21:00:00Z,MTR,-20.59,45.9,997.4,7.87,21,251,-0.70711,0.70711,-0.92316,-0.38442,-21.51,-20.08,-13.65
2026-09-08T22:00:00Z,MTR,-21.51,53.6,995.7,10.31,22,251,-0.5,0.86603,-0.92316,-0.38442,-21.53,-19.27,-19.55
2026-09-08T23:00:00Z,MTR,-21.53,59.2,993.9,6.92,23,251,-0.25882,0.96593,-0.92316,-0.38442,-20.26,-17.52,-14.03
2026-09-09T00:00:00Z,MTR,-20.26,55.0,992.9,6.04,0,252,0.0,1.0,-0.92963,-0.36848,-20.04,-18.6,-15.18
2026-09-09T01:00:00Z,MTR,-20.04,53.8,993.5,10.04,1,252,0.25882,0.96593,-0.92963,-0.36848,-19.72,-17.79,-15.57
2026-09-09T02:00:00Z,MTR,-19.72,58.9,989.5,6.93,2,252,0.5,0.86603,-0.92963,-0.36848,-20.08,-18.63,-17.12
2026-09-09T03:00:00Z,MTR,-20.08,58.4,984.7,10.46,3,252,0.70711,0.70711,-0.92963,-0.36848,-19.27,-12.52,-15.57
2026-09-09T04:00:00Z,MTR,-19.27,61.3,982.6,11.8,4,252,0.86603,0.5,-0.92963,-0.36848,-17.52,-11.76,-18.59
2026-09-09T05:00:00Z,MTR,-17.52,70.1,978.7,16.38,5,252,0.96593,0.25882,-0.92963,-0.36848,-18.6,-13.41,-18.76
2026-09-09T06:00:00Z,MTR,-18.6,65.9,977.0,12.45,6,252,1.0,0.0,-0.92963,-0.36848,-17.79,-11.3,-20.21
2026-09-09T07:00:00Z,MTR,-17.79,75.8,977.1,14.61,7,252,0.96593,-0.25882,-0.92963,-0.36848,-18.63,-12.67,-19.5
2026-09-09T08:00:00Z,MTR,-18.63,79.0,974.6,12.92,8,252,0.86603,-0.5,-0.92963,-0.36848,-12.52,-11.8,-19.36
2026-09-09T09:00:00Z,MTR,-12.52,77.3,971.2,16.19,9,252,0.70711,-0.70711,-0.92963,-0.36848,-11.76,-12.5,-18.27
2026-09-09T10:00:00Z,MTR,-11.76,83.1,970.7,16.76,10,252,0.5,-0.86603,-0.92963,-0.36848,-13.41,-13.4,-17.39
2026-09-09T11:00:00Z,MTR,-13.41,84.6,971.6,12.41,11,252,0.25882,-0.96593,-0.92963,-0.36848,-11.3,-19.01,-17.98
2026-09-09T12:00:00Z,MTR,-11.3,83.8,967.8,15.28,12,252,0.0,-1.0,-0.92963,-0.36848,-12.67,-18.54,-18.34
2026-09-09T13:00:00Z,MTR,-12.67,85.1,968.7,14.48,13,252,-0.25882,-0.96593,-0.92963,-0.36848,-11.8,-17.63,-18.83
2026-09-09T14:00:00Z,MTR,-11.8,79.4,969.6,14.51,14,252,-0.5,-0.86603,-0.92963,-0.36848,-12.5,-12.83,-19.38
2026-09-09T15:00:00Z,MTR,-12.5,82.8,970.6,13.15,15,252,-0.70711,-0.70711,-0.92963,-0.36848,-13.4,-13.65,-20.85
2026-09-09T16:00:00Z,MTR,-13.4,77.0,972.2,16.01,16,252,-0.86603,-0.5,-0.92963,-0.36848,-19.01,-19.55,-20.83
2026-09-09T17:00:00Z,MTR,-19.01,70.8,975.4,15.71,17,252,-0.96593,-0.25882,-0.92963,-0.36848,-18.54,-14.03,-20.87
2026-09-09T18:00:00Z,MTR,-18.54,79.4,973.9,16.04,18,252,-1.0,-0.0,-0.92963,-0.36848,-17.63,-15.18,-21.07
2026-09-09T19:00:00Z,MTR,-17.63,78.5,973.3,19.02,19,252,-0.96593,0.25882,-0.92963,-0.36848,-12.83,-15.57,-20.8
2026-09-09T20:00:00Z,MTR,-12.83,82.6,971.9,18.57,20,252,-0.86603,0.5,-0.92963,-0.36848,-13.65,-17.12,-20.51
2026-09-09T21:00:00Z,MTR,-13.65,75.1,971.4,17.1,21,252,-0.70711,0.70711,-0.92963,-0.36848,-19.55,-15.57,-19.61
2026-09-09T22:00:00Z,MTR,-19.55,77.2,973.7,14.25,22,252,-0.5,0.86603,-0.92963,-0.36848,-14.03,-18.59,-18.96
2026-09-09T23:00:00Z,MTR,-14.03,84.4,970.7,18.09,23,252,-0.25882,0.96593,-0.92963,-0.36848,-15.18,-18.76,-18.26
2026-09-10T00:00:00Z,MTR,-15.18,77.7,968.9,12.75,0,253,0.0,1.0,-0.93583,-0.35244,-15.57,-20.21,-18.81
2026-09-10T01:00:00Z,MTR,-15.57,82.9,971.3,17.13,1,253,0.25882,0.96593,-0.93583,-0.35244,-17.12,-19.5,-19.71
2026-09-10T02:00:00Z,MTR,-17.12,84.9,973.0,16.52,2,253,0.5,0.86603,-0.93583,-0.35244,-15.57,-19.36,-19.0
2026-09-10T03:00:00Z,MTR,-15.57,74.0,972.2,13.72,3,253,0.70711,0.70711,-0.93583,-0.35244,-18.59,-18.27,-17.77
2026-09-10T04:00:00Z,MTR,-18.59,77.6,973.7,16.45,4,253,0.86603,0.5,-0.93583,-0.35244,-18.76,-17.39,-17.26
2026-09-10T05:00:00Z,MTR,-18.76,83.6,974.3,13.79,5,253,0.96593,0.25882,-0.93583,-0.35244,-20.21,-17.98,-17.16
2026-09-10T06:00:00Z,MTR,-20.21,65.2,977.1,14.93,6,253,1.0,0.0,-0.93583,-0.35244,-19.5,-18.34,-17.3
2026-09-10T07:00:00Z,MTR,-19.5,73.5,977.3,12.62,7,253,0.96593,-0.25882,-0.93583,-0.35244,-19.36,-18.83,-14.94
2026-09-10T08:00:00Z,MTR,-19.36,72.0,979.3,9.36,8,253,0.86603,-0.5,-0.93583,-0.35244,-18.27,-19.38,-14.27
2026-09-10T09:00:00Z,MTR,-18.27,62.4,984.2,5.06,9,253,0.70711,-0.70711,-0.93583,-0.35244,-17.39,-20.85,-14.46
2026-09-10T10:00:00Z,MTR,-17.39,73.6,985.3,9.13,10,253,0.5,-0.86603,-0.93583,-0.35244,-17.98,-20.83,-13.07
2026-09-10T11:00:00Z,MTR,-17.98,64.9,985.5,9.76,11,253,0.25882,-0.96593,-0.93583,-0.35244,-18.34,-20.87,-12.04
2026-09-10T12:00:00Z,MTR,-18.34,67.2,987.0,8.09,12,253,0.0,-1.0,-0.93583,-0.35244,-18.83,-21.07,-13.54
2026-09-10T13:00:00Z,MTR,-18.83,65.3,986.5,8.96,13,253,-0.25882,-0.96593,-0.93583,-0.35244,-19.38,-20.8,-14.9
2026-09-10T14:00:00Z,MTR,-19.38,63.4,991.2,7.09,14,253,-0.5,-0.86603,-0.93583,-0.35244,-20.85,-20.51,-15.5
2026-09-10T15:00:00Z,MTR,-20.85,55.8,991.7,5.24,15,253,-0.70711,-0.70711,-0.93583,-0.35244,-20.83,-19.61,-15.05
2026-09-10T16:00:00Z,MTR,-20.83,50.4,991.4,11.25,16,253,-0.86603,-0.5,-0.93583,-0.35244,-20.87,-18.96,-16.09
2026-09-10T17:00:00Z,MTR,-20.87,61.0,990.3,11.75,17,253,-0.96593,-0.25882,-0.93583,-0.35244,-21.07,-18.26,-17.25
2026-09-10T18:00:00Z,MTR,-21.07,46.7,992.8,9.56,18,253,-1.0,-0.0,-0.93583,-0.35244,-20.8,-18.81,-16.79
2026-09-10T19:00:00Z,MTR,-20.8,50.9,994.8,7.97,19,253,-0.96593,0.25882,-0.93583,-0.35244,-20.51,-19.71,-18.42
2026-09-10T20:00:00Z,MTR,-20.51,50.9,994.3,8.63,20,253,-0.86603,0.5,-0.93583,-0.35244,-19.61,-19.0,-18.77
2026-09-10T21:00:00Z,MTR,-19.61,49.5,995.9,7.62,21,253,-0.70711,0.70711,-0.93583,-0.35244,-18.96,-17.77,-19.64
2026-09-10T22:00:00Z,MTR,-18.96,60.2,993.7,8.44,22,253,-0.5,0.86603,-0.93583,-0.35244,-18.26,-17.26,-19.65
2026-09-10T23:00:00Z,MTR,-18.26,53.1,994.7,9.48,23,253,-0.25882,0.96593,-0.93583,-0.35244,-18.81,-17.16,-20.38
2026-09-11T00:00:00Z,MTR,-18.81,60.4,996.1,4.18,0,254,0.0,1.0,-0.94176,-0.33629,-19.71,-17.3,-20.22
2026-09-11T01:00:00Z,MTR,-19.71,46.6,999.8,5.82,1,254,0.25882,0.96593,-0.94176,-0.33629,-19.0,-14.94,-19.87
2026-09-11T02:00:00Z,MTR,-19.0,37.9,998.9,8.22,2,254,0.5,0.86603,-0.94176,-0.33629,-17.77,-14.27,-19.75
2026-09-11T03:00:00Z,MTR,-17.77,46.9,997.1,6.59,3,254,0.70711,0.70711,-0.94176,-0.33629,-17.26,-14.46,-20.15
2026-09-11T04:00:00Z,MTR,-17.26,55.4,996.1,7.46,4,254,0.86603,0.5,-0.94176,-0.33629,-17.16,-13.07,-20.37
2026-09-11T05:00:00Z,MTR,-17.16,45.9,994.4,6.72,5,254,0.96593,0.25882,-0.94176,-0.33629,-17.3,-12.04,-18.63
2026-09-11T06:00:00Z,MTR,-17.3,48.2,997.6,8.66,6,254,1.0,0.0,-0.94176,-0.33629,-14.94,-13.54,-17.98
2026-09-11T07:00:00Z,MTR,-14.94,49.7,1001.0,5.19,7,254,0.96593,-0.25882,-0.94176,-0.33629,-14.27,-14.9,-17.88
2026-09-11T08:00:00Z,MTR,-14.27,42.3,1002.0,2.7,8,254,0.86603,-0.5,-0.94176,-0.33629,-14.46,-15.5,-17.51
2026-09-11T09:00:00Z,MTR,-14.46,38.2,1004.5,1.76,9,254,0.70711,-0.70711,-0.94176,-0.33629,-13.07,-15.05,-17.0
2026-09-11T10:00:00Z,MTR,-13.07,46.6,1005.0,0.79,10,254,0.5,-0.86603,-0.94176,-0.33629,-12.04,-16.09,-17.5
2026-09-11T11:00:00Z,MTR,-12.04,39.9,1004.9,3.18,11,254,0.25882,-0.96593,-0.94176,-0.33629,-13.54,-17.25,-17.48
2026-09-11T12:00:00Z,MTR,-13.54,36.1,1004.4,2.35,12,254,0.0,-1.0,-0.94176,-0.33629,-14.9,-16.79,-18.37
2026-09-11T13:00:00Z,MTR,-14.9,45.6,1003.9,1.36,13,254,-0.25882,-0.96593,-0.94176,-0.33629,-15.5,-18.42,-19.24
2026-09-11T14:00:00Z,MTR,-15.5,50.3,1001.2,2.56,14,254,-0.5,-0.86603,-0.94176,-0.33629,-15.05,-18.77,-18.76
2026-09-11T15:00:00Z,MTR,-15.05,45.7,1001.8,5.35,15,254,-0.70711,-0.70711,-0.94176,-0.33629,-16.09,-19.64,-18.3
2026-09-11T16:00:00Z,MTR,-16.09,41.3,1001.8,3.15,16,254,-0.86603,-0.5,-0.94176,-0.33629,-17.25,-19.65,-17.83
2026-09-11T17:00:00Z,MTR,-17.25,38.8,1003.1,4.39,17,254,-0.96593,-0.25882,-0.94176,-0.33629,-16.79,-20.38,-18.18
2026-09-11T18:00:00Z,MTR,-16.79,41.2,1003.1,7.09,18,254,-1.0,-0.0,-0.94176,-0.33629,-18.42,-20.22,-18.64
2026-09-11T19:00:00Z,MTR,-18.42,37.8,1002.6,5.63,19,254,-0.96593,0.25882,-0.94176,-0.33629,-18.77,-19.87,-18.69
2026-09-11T20:00:00Z,MTR,-18.77,44.3,1000.8,8.55,20,254,-0.86603,0.5,-0.94176,-0.33629,-19.64,-19.75,-20.08
2026-09-11T21:00:00Z,MTR,-19.64,49.9,1000.7,9.74,21,254,-0.70711,0.70711,-0.94176,-0.33629,-19.65,-20.15,-19.01
2026-09-11T22:00:00Z,MTR,-19.65,47.4,1001.8,1.78,22,254,-0.5,0.86603,-0.94176,-0.33629,-20.38,-20.37,-21.08
2026-09-11T23:00:00Z,MTR,-20.38,47.1,999.3,4.21,23,254,-0.25882,0.96593,-0.94176,-0.33629,-20.22,-18.63,-20.26
2026-09-12T00:00:00Z,MTR,-20.22,49.3,999.2,5.05,0,255,0.0,1.0,-0.9474,-0.32004,-19.87,-17.98,-20.73
2026-09-12T01:00:00Z,MTR,-19.87,46.3,999.2,5.52,1,255,0.25882,0.96593,-0.9474,-0.32004,-19.75,-17.88,-20.65
2026-09-12T02:00:00Z,MTR,-19.75,46.7,997.5,9.59,2,255,0.5,0.86603,-0.9474,-0.32004,-20.15,-17.51,-21.21
2026-09-12T03:00:00Z,MTR,-20.15,49.8,996.0,8.27,3,255,0.70711,0.70711,-0.9474,-0.32004,-20.37,-17.0,-21.73
2026-09-12T04:00:00Z,MTR,-20.37,57.4,996.0,9.26,4,255,0.86603,0.5,-0.9474,-0.32004,-18.63,-17.5,-23.41
2026-09-12T05:00:00Z,MTR,-18.63,43.3,993.6,10.89,5,255,0.96593,0.25882,-0.9474,-0.32004,-17.98,-17.48,-24.12
2026-09-12T06:00:00Z,MTR,-17.98,47.0,993.8,5.19,6,255,1.0,0.0,-0.9474,-0.32004,-17.88,-18.37,-23.08
2026-09-12T07:00:00Z,MTR,-17.88,53.3,991.8,8.25,7,255,0.96593,-0.25882,-0.9474,-0.32004,-17.51,-19.24,-23.4
2026-09-12T08:00:00Z,MTR,-17.51,48.3,993.4,7.51,8,255,0.86603,-0.5,-0.9474,-0.32004,-17.0,-18.76,-23.76
2026-09-12T09:00:00Z,MTR,-17.0,51.7,997.2,5.65,9,255,0.70711,-0.70711,-0.9474,-0.32004,-17.5,-18.3,-23.28
2026-09-12T10:00:00Z,MTR,-17.5,43.1,994.9,2.35,10,255,0.5,-0.86603,-0.9474,-0.32004,-17.48,-17.83,-24.57
2026-09-12T11:00:00Z,MTR,-17.48,57.0,995.3,4.53,11,255,0.25882,-0.96593,-0.9474,-0.32004,-18.37,-18.18,-24.37
2026-09-12T12:00:00Z,MTR,-18.37,63.5,993.4,7.07,12,255,0.0,-1.0,-0.9474,-0.32004,-19.24,-18.64,-23.83
2026-09-12T13:00:00Z,MTR,-19.24,53.3,994.8,6.06,13,255,-0.25882,-0.96593,-0.9474,-0.32004,-18.76,-18.69,-23.34
2026-09-12T14:00:00Z,MTR,-18.76,52.6,991.9,8.7,14,255,-0.5,-0.86603,-0.9474,-0.32004,-18.3,-20.08,-24.03
2026-09-12T15:00:00Z,MTR,-18.3,59.9,992.3,8.59,15,255,-0.70711,-0.70711,-0.9474,-0.32004,-17.83,-19.01,-23.08
2026-09-12T16:00:00Z,MTR,-17.83,55.9,990.2,8.45,16,255,-0.86603,-0.5,-0.9474,-0.32004,-18.18,-21.08,-22.41
2026-09-12T17:00:00Z,MTR,-18.18,55.1,989.5,12.9,17,255,-0.96593,-0.25882,-0.9474,-0.32004,-18.64,-20.26,-23.74
2026-09-12T18:00:00Z,MTR,-18.64,61.9,987.3,13.24,18,255,-1.0,-0.0,-0.9474,-0.32004,-18.69,-20.73,-22.95
2026-09-12T19:00:00Z,MTR,-18.69,51.8,988.6,10.64,19,255,-0.96593,0.25882,-0.9474,-0.32004,-20.08,-20.65,-22.62
2026-09-12T20:00:00Z,MTR,-20.08,58.1,986.8,11.92,20,255,-0.86603,0.5,-0.9474,-0.32004,-19.01,-21.21,-22.04
2026-09-12T21:00:00Z,MTR,-19.01,56.2,987.6,8.9,21,255,-0.70711,0.70711,-0.9474,-0.32004,-21.08,-21.73,-22.34
2026-09-12T22:00:00Z,MTR,-21.08,61.8,986.8,13.63,22,255,-0.5,0.86603,-0.9474,-0.32004,-20.26,-23.41,-23.13
2026-09-12T23:00:00Z,MTR,-20.26,52.8,986.5,7.4,23,255,-0.25882,0.96593,-0.9474,-0.32004,-20.73,-24.12,-23.02
2026-09-13T00:00:00Z,MTR,-20.73,55.1,986.7,4.78,0,256,0.0,1.0,-0.95277,-0.3037,-20.65,-23.08,-22.27
2026-09-13T01:00:00Z,MTR,-20.65,61.6,985.2,14.58,1,256,0.25882,0.96593,-0.95277,-0.3037,-21.21,-23.4,-21.78
2026-09-13T02:00:00Z,MTR,-21.21,65.0,985.6,10.87,2,256,0.5,0.86603,-0.95277,-0.3037,-21.73,-23.76,-21.37
2026-09-13T03:00:00Z,MTR,-21.73,60.5,988.3,12.65,3,256,0.70711,0.70711,-0.95277,-0.3037,-23.41,-23.28,-22.04
2026-09-13T04:00:00Z,MTR,-23.41,70.4,986.8,13.39,4,256,0.86603,0.5,-0.95277,-0.3037,-24.12,-24.57,-20.84
2026-09-13T05:00:00Z,MTR,-24.12,55.7,988.9,13.67,5,256,0.96593,0.25882,-0.95277,-0.3037,-23.08,-24.37,-19.84
2026-09-13T06:00:00Z,MTR,-23.08,60.5,991.5,8.52,6,256,1.0,0.0,-0.95277,-0.3037,-23.4,-23.83,-19.5
2026-09-13T07:00:00Z,MTR,-23.4,62.3,989.8,9.1,7,256,0.96593,-0.25882,-0.95277,-0.3037,-23.76,-23.34,-19.82
2026-09-13T08:00:00Z,MTR,-23.76,60.1,987.0,4.14,8,256,0.86603,-0.5,-0.95277,-0.3037,-23.28,-24.03,-19.24
2026-09-13T09:00:00Z,MTR,-23.28,60.1,987.6,6.71,9,256,0.70711,-0.70711,-0.95277,-0.3037,-24.57,-23.08,-19.25
2026-09-13T10:00:00Z,MTR,-24.57,60.9,986.6,3.72,10,256,0.5,-0.86603,-0.95277,-0.3037,-24.37,-22.41,-19.27
2026-09-13T11:00:00Z,MTR,-24.37,52.2,990.0,6.21,11,256,0.25882,-0.96593,-0.95277,-0.3037,-23.83,-23.74,-18.62
2026-09-13T12:00:00Z,MTR,-23.83,62.0,989.9,6.81,12,256,0.0,-1.0,-0.95277,-0.3037,-23.34,-22.95,-18.91
2026-09-13T13:00:00Z,MTR,-23.34,59.6,988.3,8.18,13,256,-0.25882,-0.96593,-0.95277,-0.3037,-24.03,-22.62,-17.92
2026-09-13T14:00:00Z,MTR,-24.03,55.1,986.1,7.24,14,256,-0.5,-0.86603,-0.95277,-0.3037,-23.08,-22.04,-12.96
2026-09-13T15:00:00Z,MTR,-23.08,65.2,988.0,7.78,15,256,-0.70711,-0.70711,-0.95277,-0.3037,-22.41,-22.34,-12.43
2026-09-13T16:00:00Z,MTR,-22.41,59.9,986.9,7.84,16,256,-0.86603,-0.5,-0.95277,-0.3037,-23.74,-23.13,-18.33
2026-09-13T17:00:00Z,MTR,-23.74,62.3,986.9,12.95,17,256,-0.96593,-0.25882,-0.95277,-0.3037,-22.95,-23.02,-12.9
2026-09-13T18:00:00Z,MTR,-22.95,48.0,988.4,13.37,18,256,-1.0,-0.0,-0.95277,-0.3037,-22.62,-22.27,-11.94
2026-09-13T19:00:00Z,MTR,-22.62,61.0,987.3,12.54,19,256,-0.96593,0.25882,-0.95277,-0.3037,-22.04,-21.78,-12.75
2026-09-13T20:00:00Z,MTR,-22.04,68.3,987.0,13.13,20,256,-0.86603,0.5,-0.95277,-0.3037,-22.34,-21.37,-8.89
2026-09-13T21:00:00Z,MTR,-22.34,58.7,986.7,11.79,21,256,-0.70711,0.70711,-0.95277,-0.3037,-23.13,-22.04,-10.03
2026-09-13T22:00:00Z,MTR,-23.13,54.8,987.6,12.75,22,256,-0.5,0.86603,-0.95277,-0.3037,-23.02,-20.84,-10.53
2026-09-13T23:00:00Z,MTR,-23.02,62.9,988.3,13.04,23,256,-0.25882,0.96593,-0.95277,-0.3037,-22.27,-19.84,-10.78
2026-09-14T00:00:00Z,MTR,-22.27,50.0,987.4,3.81,0,257,0.0,1.0,-0.95785,-0.28726,-21.78,-19.5,-8.64
2026-09-14T01:00:00Z,MTR,-21.78,64.6,987.0,12.0,1,257,0.25882,0.96593,-0.95785,-0.28726,-21.37,-19.82,-8.39
2026-09-14T02:00:00Z,MTR,-21.37,60.7,985.8,8.41,2,257,0.5,0.86603,-0.95785,-0.28726,-22.04,-19.24,-9.51
2026-09-14T03:00:00Z,MTR,-22.04,66.8,982.6,13.15,3,257,0.70711,0.70711,-0.95785,-0.28726,-20.84,-19.25,-9.49
2026-09-14T04:00:00Z,MTR,-20.84,78.4,982.6,13.86,4,257,0.86603,0.5,-0.95785,-0.28726,-19.84,-19.27,-10.17
2026-09-14T05:00:00Z,MTR,-19.84,64.9,985.5,13.94,5,257,0.96593,0.25882,-0.95785,-0.28726,-19.5,-18.62,-10.04
2026-09-14T06:00:00Z,MTR,-19.5,58.1,983.2,10.01,6,257,1.0,0.0,-0.95785,-0.28726,-19.82,-18.91,-8.95
2026-09-14T07:00:00Z,MTR,-19.82,67.7,981.1,10.78,7,257,0.96593,-0.25882,-0.95785,-0.28726,-19.24,-17.92,-7.97
2026-09-14T08:00:00Z,MTR,-19.24,73.5,978.9,12.21,8,257,0.86603,-0.5,-0.95785,-0.28726,-19.25,-12.96,-6.34
2026-09-14T09:00:00Z,MTR,-19.25,58.4,979.7,10.59,9,257,0.70711,-0.70711,-0.95785,-0.28726,-19.27,-12.43,-6.44
2026-09-14T10:00:00Z,MTR,-19.27,67.4,979.8,7.44,10,257,0.5,-0.86603,-0.95785,-0.28726,-18.62,-18.33,-8.19
2026-09-14T11:00:00Z,MTR,-18.62,61.0,978.8,11.57,11,257,0.25882,-0.96593,-0.95785,-0.28726,-18.91,-12.9,-7.53
2026-09-14T12:00:00Z,MTR,-18.91,72.0,976.4,10.87,12,257,0.0,-1.0,-0.95785,-0.28726,-17.92,-11.94,-8.26
2026-09-14T13:00:00Z,MTR,-17.92,80.1,975.9,10.86,13,257,-0.25882,-0.96593,-0.95785,-0.28726,-12.96,-12.75,-7.32
2026-09-14T14:00:00Z,MTR,-12.96,73.9,972.4,11.82,14,257,-0.5,-0.86603,-0.95785,-0.28726,-12.43,-8.89,-9.32
2026-09-14T15:00:00Z,MTR,-12.43,76.2,972.2,9.83,15,257,-0.70711,-0.70711,-0.95785,-0.28726,-18.33,-10.03,-8.1
2026-09-14T16:00:00Z,MTR,-18.33,77.0,973.2,12.63,16,257,-0.86603,-0.5,-0.95785,-0.28726,-12.9,-10.53,-8.98
2026-09-14T17:00:00Z,MTR,-12.9,81.7,970.3,17.77,17,257,-0.96593,-0.25882,-0.95785,-0.28726,-11.94,-10.78,-11.9
2026-09-14T18:00:00Z,MTR,-11.94,84.8,967.1,20.51,18,257,-1.0,-0.0,-0.95785,-0.28726,-12.75,-8.64,-12.51
2026-09-14T19:00:00Z,MTR,-12.75,70.4,969.6,16.83,19,257,-0.96593,0.25882,-0.95785,-0.28726,-8.89,-8.39,-15.07
2026-09-14T20:00:00Z,MTR,-8.89,84.3,968.0,21.34,20,257,-0.86603,0.5,-0.95785,-0.28726,-10.03,-9.51,-15.2
2026-09-14T21:00:00Z,MTR,-10.03,77.6,969.7,18.24,21,257,-0.70711,0.70711,-0.95785,-0.28726,-10.53,-9.49,-15.44
2026-09-14T22:00:00Z,MTR,-10.53,74.6,969.0,14.35,22,257,-0.5,0.86603,-0.95785,-0.28726,-10.78,-10.17,-14.24
2026-09-14T23:00:00Z,MTR,-10.78,82.2,968.3,15.0,23,257,-0.25882,0.96593,-0.95785,-0.28726,-8.64,-10.04,-13.04
2026-09-15T00:00:00Z,MTR,-8.64,82.6,968.8,18.96,0,258,0.0,1.0,-0.96265,-0.27074,-8.39,-8.95,-15.32
2026-09-15T01:00:00Z,MTR,-8.39,74.7,966.8,17.98,1,258,0.25882,0.96593,-0.96265,-0.27074,-9.51,-7.97,-13.36
2026-09-15T02:00:00Z,MTR,-9.51,81.0,966.9,16.23,2,258,0.5,0.86603,-0.96265,-0.27074,-9.49,-6.34,-13.4
2026-09-15T03:00:00Z,MTR,-9.49,91.6,966.1,20.06,3,258,0.70711,0.70711,-0.96265,-0.27074,-10.17,-6.44,-14.66
2026-09-15T04:00:00Z,MTR,-10.17,80.2,963.7,17.11,4,258,0.86603,0.5,-0.96265,-0.27074,-10.04,-8.19,-14.95
2026-09-15T05:00:00Z,MTR,-10.04,87.0,964.5,18.62,5,258,0.96593,0.25882,-0.96265,-0.27074,-8.95,-7.53,-16.16
2026-09-15T06:00:00Z,MTR,-8.95,83.1,964.2,27.55,6,258,1.0,0.0,-0.96265,-0.27074,-7.97,-8.26,-16.69
2026-09-15T07:00:00Z,MTR,-7.97,99.0,964.2,33.41,7,258,0.96593,-0.25882,-0.96265,-0.27074,-6.34,-7.32,-15.19
2026-09-15T08:00:00Z,MTR,-6.34,95.3,962.4,30.48,8,258,0.86603,-0.5,-0.96265,-0.27074,-6.44,-9.32,-15.35
2026-09-15T09:00:00Z,MTR,-6.44,84.5,965.8,31.51,9,258,0.70711,-0.70711,-0.96265,-0.27074,-8.19,-8.1,-14.8
2026-09-15T10:00:00Z,MTR,-8.19,86.6,967.8,27.9,10,258,0.5,-0.86603,-0.96265,-0.27074,-7.53,-8.98,-14.82
2026-09-15T11:00:00Z,MTR,-7.53,77.3,970.0,30.66,11,258,0.25882,-0.96593,-0.96265,-0.27074,-8.26,-11.9,-15.03
2026-09-15T12:00:00Z,MTR,-8.26,75.1,969.9,30.14,12,258,0.0,-1.0,-0.96265,-0.27074,-7.32,-12.51,-15.09
2026-09-15T13:00:00Z,MTR,-7.32,85.6,967.4,28.19,13,258,-0.25882,-0.96593,-0.96265,-0.27074,-9.32,-15.07,-16.86
2026-09-15T14:00:00Z,MTR,-9.32,78.2,971.7,28.75,14,258,-0.5,-0.86603,-0.96265,-0.27074,-8.1,-15.2,-16.28
2026-09-15T15:00:00Z,MTR,-8.1,82.7,972.3,29.78,15,258,-0.70711,-0.70711,-0.96265,-0.27074,-8.98,-15.44,-17.52
2026-09-15T16:00:00Z,MTR,-8.98,74.1,971.7,30.6,16,258,-0.86603,-0.5,-0.96265,-0.27074,-11.9,-14.24,-18.68
2026-09-15T17:00:00Z,MTR,-11.9,79.6,973.3,35.7,17,258,-0.96593,-0.25882,-0.96265,-0.27074,-12.51,-13.04,-18.39
2026-09-15T18:00:00Z,MTR,-12.51,86.5,976.3,34.08,18,258,-1.0,-0.0,-0.96265,-0.27074,-15.07,-15.32,-18.58
2026-09-15T19:00:00Z,MTR,-15.07,83.9,977.2,29.86,19,258,-0.96593,0.25882,-0.96265,-0.27074,-15.2,-13.36,-18.7
2026-09-15T20:00:00Z,MTR,-15.2,81.5,980.4,28.4,20,258,-0.86603,0.5,-0.96265,-0.27074,-15.44,-13.4,-20.01
2026-09-15T21:00:00Z,MTR,-15.44,80.7,983.3,25.46,21,258,-0.70711,0.70711,-0.96265,-0.27074,-14.24,-14.66,-20.27
2026-09-15T22:00:00Z,MTR,-14.24,68.6,982.1,25.94,22,258,-0.5,0.86603,-0.96265,-0.27074,-13.04,-14.95,-20.3
2026-09-15T23:00:00Z,MTR,-13.04,57.9,981.9,28.92,23,258,-0.25882,0.96593,-0.96265,-0.27074,-15.32,-16.16,-19.65
2026-09-16T00:00:00Z,MTR,-15.32,72.5,984.7,22.18,0,259,0.0,1.0,-0.96717,-0.25414,-13.36,-16.69,-19.62
2026-09-16T01:00:00Z,MTR,-13.36,66.7,980.9,27.24,1,259,0.25882,0.96593,-0.96717,-0.25414,-13.4,-15.19,-19.0
2026-09-16T02:00:00Z,MTR,-13.4,81.7,981.9,27.45,2,259,0.5,0.86603,-0.96717,-0.25414,-14.66,-15.35,-19.1
2026-09-16T03:00:00Z,MTR,-14.66,73.1,980.6,27.69,3,259,0.70711,0.70711,-0.96717,-0.25414,-14.95,-14.8,-18.11
2026-09-16T04:00:00Z,MTR,-14.95,80.1,981.2,26.97,4,259,0.86603,0.5,-0.96717,-0.25414,-16.16,-14.82,-18.14
2026-09-16T05:00:00Z,MTR,-16.16,69.9,982.1,25.83,5,259,0.96593,0.25882,-0.96717,-0.25414,-16.69,-15.03,-18.54
2026-09-16T06:00:00Z,MTR,-16.69,65.7,982.9,23.38,6,259,1.0,0.0,-0.96717,-0.25414,-15.19,-15.09,-18.88
2026-09-16T07:00:00Z,MTR,-15.19,73.0,983.4,25.64,7,259,0.96593,-0.25882,-0.96717,-0.25414,-15.35,-16.86,-19.25
2026-09-16T08:00:00Z,MTR,-15.35,72.7,982.9,27.18,8,259,0.86603,-0.5,-0.96717,-0.25414,-14.8,-16.28,-18.61
2026-09-16T09:00:00Z,MTR,-14.8,59.0,988.5,27.32,9,259,0.70711,-0.70711,-0.96717,-0.25414,-14.82,-17.52,-16.82
2026-09-16T10:00:00Z,MTR,-14.82,58.7,993.1,23.23,10,259,0.5,-0.86603,-0.96717,-0.25414,-15.03,-18.68,-16.09
2026-09-16T11:00:00Z,MTR,-15.03,57.3,992.0,24.11,11,259,0.25882,-0.96593,-0.96717,-0.25414,-15.09,-18.39,-15.77
2026-09-16T12:00:00Z,MTR,-15.09,57.5,995.9,24.83,12,259,0.0,-1.0,-0.96717,-0.25414,-16.86,-18.58,-16.79
2026-09-16T13:00:00Z,MTR,-16.86,50.7,996.1,6.48,13,259,-0.25882,-0.96593,-0.96717,-0.25414,-16.28,-18.7,-17.82
2026-09-16T14:00:00Z,MTR,-16.28,50.8,997.2,7.42,14,259,-0.5,-0.86603,-0.96717,-0.25414,-17.52,-20.01,-17.29
2026-09-16T15:00:00Z,MTR,-17.52,48.6,997.8,4.48,15,259,-0.70711,-0.70711,-0.96717,-0.25414,-18.68,-20.27,-17.24
2026-09-16T16:00:00Z,MTR,-18.68,48.0,997.3,6.84,16,259,-0.86603,-0.5,-0.96717,-0.25414,-18.39,-20.3,-18.09
2026-09-16T17:00:00Z,MTR,-18.39,49.6,999.8,8.38,17,259,-0.96593,-0.25882,-0.96717,-0.25414,-18.58,-19.65,-19.73
2026-09-16T18:00:00Z,MTR,-18.58,42.9,1000.5,7.35,18,259,-1.0,-0.0,-0.96717,-0.25414,-18.7,-19.62,-19.8
2026-09-16T19:00:00Z,MTR,-18.7,56.5,1000.0,10.96,19,259,-0.96593,0.25882,-0.96717,-0.25414,-20.01,-19.0,-20.39
2026-09-16T20:00:00Z,MTR,-20.01,48.6,998.1,5.76,20,259,-0.86603,0.5,-0.96717,-0.25414,-20.27,-19.1,-20.66
2026-09-16T21:00:00Z,MTR,-20.27,54.2,996.9,6.29,21,259,-0.70711,0.70711,-0.96717,-0.25414,-20.3,-18.11,-21.49
2026-09-16T22:00:00Z,MTR,-20.3,51.1,994.3,10.49,22,259,-0.5,0.86603,-0.96717,-0.25414,-19.65,-18.14,-20.7
2026-09-16T23:00:00Z,MTR,-19.65,50.8,994.8,9.07,23,259,-0.25882,0.96593,-0.96717,-0.25414,-19.62,-18.54,-21.02
2026-09-17T00:00:00Z,MTR,-19.62,58.6,993.0,6.85,0,260,0.0,1.0,-0.9714,-0.23747,-19.0,-18.88,-20.22
2026-09-17T01:00:00Z,MTR,-19.0,58.4,992.9,8.44,1,260,0.25882,0.96593,-0.9714,-0.23747,-19.1,-19.25,-19.81
2026-09-17T02:00:00Z,MTR,-19.1,51.3,995.7,8.72,2,260,0.5,0.86603,-0.9714,-0.23747,-18.11,-18.61,-20.14
2026-09-17T03:00:00Z,MTR,-18.11,40.7,997.9,8.39,3,260,0.70711,0.70711,-0.9714,-0.23747,-18.14,-16.82,-20.16
2026-09-17T04:00:00Z,MTR,-18.14,47.2,997.8,8.76,4,260,0.86603,0.5,-0.9714,-0.23747,-18.54,-16.09,-18.72
2026-09-17T05:00:00Z,MTR,-18.54,49.2,997.4,7.06,5,260,0.96593,0.25882,-0.9714,-0.23747,-18.88,-15.77,-19.46
2026-09-17T06:00:00Z,MTR,-18.88,43.1,1000.6,6.79,6,260,1.0,0.0,-0.9714,-0.23747,-19.25,-16.79,-19.78
2026-09-17T07:00:00Z,MTR,-19.25,38.7,1001.0,3.75,7,260,0.96593,-0.25882,-0.9714,-0.23747,-18.61,-17.82,-20.88
2026-09-17T08:00:00Z,MTR,-18.61,50.2,999.8,2.57,8,260,0.86603,-0.5,-0.9714,-0.23747,-16.82,-17.29,-20.47
2026-09-17T09:00:00Z,MTR,-16.82,49.2,996.7,5.88,9,260,0.70711,-0.70711,-0.9714,-0.23747,-16.09,-17.24,-21.59
2026-09-17T10:00:00Z,MTR,-16.09,59.0,996.9,6.23,10,260,0.5,-0.86603,-0.9714,-0.23747,-15.77,-18.09,-21.51
2026-09-17T11:00:00Z,MTR,-15.77,48.2,997.8,6.04,11,260,0.25882,-0.96593,-0.9714,-0.23747,-16.79,-19.73,-22.51
2026-09-17T12:00:00Z,MTR,-16.79,52.3,995.9,7.81,12,260,0.0,-1.0,-0.9714,-0.23747,-17.82,-19.8,-21.65
2026-09-17T13:00:00Z,MTR,-17.82,47.8,995.8,5.15,13,260,-0.25882,-0.96593,-0.9714,-0.23747,-17.29,-20.39,-21.61
2026-09-17T14:00:00Z,MTR,-17.29,60.0,994.4,6.24,14,260,-0.5,-0.86603,-0.9714,-0.23747,-17.24,-20.66,-24.04
2026-09-17T15:00:00Z,MTR,-17.24,51.6,993.4,5.03,15,260,-0.70711,-0.70711,-0.9714,-0.23747,-18.09,-21.49,-24.64
2026-09-17T16:00:00Z,MTR,-18.09,58.5,988.2,8.91,16,260,-0.86603,-0.5,-0.9714,-0.23747,-19.73,-20.7,-24.92
2026-09-17T17:00:00Z,MTR,-19.73,56.1,987.3,10.4,17,260,-0.96593,-0.25882,-0.9714,-0.23747,-19.8,-21.02,-24.47
2026-09-17T18:00:00Z,MTR,-19.8,61.5,988.6,10.63,18,260,-1.0,-0.0,-0.9714,-0.23747,-20.39,-20.22,-23.14
2026-09-17T19:00:00Z,MTR,-20.39,60.8,986.9,14.23,19,260,-0.96593,0.25882,-0.9714,-0.23747,-20.66,-19.81,-22.71
2026-09-17T20:00:00Z,MTR,-20.66,57.4,986.4,12.32,20,260,-0.86603,0.5,-0.9714,-0.23747,-21.49,-20.14,-22.32
2026-09-17T21:00:00Z,MTR,-21.49,64.7,984.6,14.97,21,260,-0.70711,0.70711,-0.9714,-0.23747,-20.7,-20.16,-21.76
2026-09-17T22:00:00Z,MTR,-20.7,67.9,984.8,13.67,22,260,-0.5,0.86603,-0.9714,-0.23747,-21.02,-18.72,-21.06
2026-09-17T23:00:00Z,MTR,-21.02,72.6,983.9,11.19,23,260,-0.25882,0.96593,-0.9714,-0.23747,-20.22,-19.46,-20.87
2026-09-18T00:00:00Z,MTR,-20.22,67.7,981.8,11.26,0,261,0.0,1.0,-0.97534,-0.22072,-19.81,-19.78,-20.62
2026-09-18T01:00:00Z,MTR,-19.81,61.4,983.9,10.28,1,261,0.25882,0.96593,-0.97534,-0.22072,-20.14,-20.88,-20.31
2026-09-18T02:00:00Z,MTR,-20.14,66.1,985.2,13.27,2,261,0.5,0.86603,-0.97534,-0.22072,-20.16,-20.47,-19.29
2026-09-18T03:00:00Z,MTR,-20.16,64.6,983.6,13.15,3,261,0.70711,0.70711,-0.97534,-0.22072,-18.72,-21.59,-20.97
2026-09-18T04:00:00Z,MTR,-18.72,65.5,984.2,14.63,4,261,0.86603,0.5,-0.97534,-0.22072,-19.46,-21.51,-22.51
2026-09-18T05:00:00Z,MTR,-19.46,63.7,984.7,11.67,5,261,0.96593,0.25882,-0.97534,-0.22072,-19.78,-22.51,-21.78
2026-09-18T06:00:00Z,MTR,-19.78,63.8,985.5,6.61,6,261,1.0,0.0,-0.97534,-0.22072,-20.88,-21.65,-21.99
2026-09-18T07:00:00Z,MTR,-20.88,69.4,982.0,11.49,7,261,0.96593,-0.25882,-0.97534,-0.22072,-20.47,-21.61,-21.31
2026-09-18T08:00:00Z,MTR,-20.47,64.5,983.6,11.36,8,261,0.86603,-0.5,-0.97534,-0.22072,-21.59,-24.04,-20.77
2026-09-18T09:00:00Z,MTR,-21.59,83.4,982.3,10.54,9,261,0.70711,-0.70711,-0.97534,-0.22072,-21.51,-24.64,-18.67
2026-09-18T10:00:00Z,MTR,-21.51,71.6,981.5,11.83,10,261,0.5,-0.86603,-0.97534,-0.22072,-22.51,-24.92,-17.87
2026-09-18T11:00:00Z,MTR,-22.51,50.7,986.1,7.42,11,261,0.25882,-0.96593,-0.97534,-0.22072,-21.65,-24.47,-16.96
2026-09-18T12:00:00Z,MTR,-21.65,60.2,986.3,10.94,12,261,0.0,-1.0,-0.97534,-0.22072,-21.61,-23.14,-17.19
2026-09-18T13:00:00Z,MTR,-21.61,63.1,985.3,11.74,13,261,-0.25882,-0.96593,-0.97534,-0.22072,-24.04,-22.71,-17.88
2026-09-18T14:00:00Z,MTR,-24.04,70.8,981.1,12.84,14,261,-0.5,-0.86603,-0.97534,-0.22072,-24.64,-22.32,-18.66
2026-09-18T15:00:00Z,MTR,-24.64,73.7,983.6,10.22,15,261,-0.70711,-0.70711,-0.97534,-0.22072,-24.92,-21.76,-17.92
2026-09-18T16:00:00Z,MTR,-24.92,64.3,981.0,13.19,16,261,-0.86603,-0.5,-0.97534,-0.22072,-24.47,-21.06,-17.83
2026-09-18T17:00:00Z,MTR,-24.47,74.2,979.3,9.13,17,261,-0.96593,-0.25882,-0.97534,-0.22072,-23.14,-20.87,-18.13
2026-09-18T18:00:00Z,MTR,-23.14,72.1,978.8,16.22,18,261,-1.0,-0.0,-0.97534,-0.22072,-22.71,-20.62,-16.87
2026-09-18T19:00:00Z,MTR,-22.71,69.8,981.5,15.49,19,261,-0.96593,0.25882,-0.97534,-0.22072,-22.32,-20.31,-16.91
2026-09-18T20:00:00Z,MTR,-22.32,72.3,982.9,14.23,20,261,-0.86603,0.5,-0.97534,-0.22072,-21.76,-19.29,-17.66
2026-09-18T21:00:00Z,MTR,-21.76,57.4,982.6,10.9,21,261,-0.70711,0.70711,-0.97534,-0.22072,-21.06,-20.97,-17.93
2026-09-18T22:00:00Z,MTR,-21.06,68.3,983.1,12.34,22,261,-0.5,0.86603,-0.97534,-0.22072,-20.87,-22.51,-17.12
2026-09-18T23:00:00Z,MTR,-20.87,74.6,982.0,10.91,23,261,-0.25882,0.96593,-0.97534,-0.22072,-20.62,-21.78,-18.19
2026-09-19T00:00:00Z,MTR,-20.62,59.5,982.2,6.52,0,262,0.0,1.0,-0.97899,-0.20391,-20.31,-21.99,-17.96
2026-09-19T01:00:00Z,MTR,-20.31,65.4,982.3,8.95,1,262,0.25882,0.96593,-0.97899,-0.20391,-19.29,-21.31,-16.72
2026-09-19T02:00:00Z,MTR,-19.29,68.6,984.0,13.91,2,262,0.5,0.86603,-0.97899,-0.20391,-20.97,-20.77,-16.48
2026-09-19T03:00:00Z,MTR,-20.97,53.0,985.6,10.99,3,262,0.70711,0.70711,-0.97899,-0.20391,-22.51,-18.67,-16.69
2026-09-19T04:00:00Z,MTR,-22.51,64.8,986.2,14.25,4,262,0.86603,0.5,-0.97899,-0.20391,-21.78,-17.87,-15.3
2026-09-19T05:00:00Z,MTR,-21.78,63.0,985.2,15.1,5,262,0.96593,0.25882,-0.97899,-0.20391,-21.99,-16.96,-15.18
2026-09-19T06:00:00Z,MTR,-21.99,68.8,986.2,10.19,6,262,1.0,0.0,-0.97899,-0.20391,-21.31,-17.19,-16.25
2026-09-19T07:00:00Z,MTR,-21.31,58.1,985.7,8.05,7,262,0.96593,-0.25882,-0.97899,-0.20391,-20.77,-17.88,-16.06
2026-09-19T08:00:00Z,MTR,-20.77,65.1,983.3,11.95,8,262,0.86603,-0.5,-0.97899,-0.20391,-18.67,-18.66,-10.22
2026-09-19T09:00:00Z,MTR,-18.67,62.0,982.3,10.84,9,262,0.70711,-0.70711,-0.97899,-0.20391,-17.87,-17.92,-9.65
2026-09-19T10:00:00Z,MTR,-17.87,65.5,982.1,10.56,10,262,0.5,-0.86603,-0.97899,-0.20391,-16.96,-17.83,-8.0
2026-09-19T11:00:00Z,MTR,-16.96,60.5,983.4,8.22,11,262,0.25882,-0.96593,-0.97899,-0.20391,-17.19,-18.13,-8.76
2026-09-19T12:00:00Z,MTR,-17.19,63.3,982.6,9.3,12,262,0.0,-1.0,-0.97899,-0.20391,-17.88,-16.87,-7.85
2026-09-19T13:00:00Z,MTR,-17.88,62.1,979.9,9.39,13,262,-0.25882,-0.96593,-0.97899,-0.20391,-18.66,-16.91,-8.76
2026-09-19T14:00:00Z,MTR,-18.66,65.8,979.7,13.19,14,262,-0.5,-0.86603,-0.97899,-0.20391,-17.92,-17.66,-10.88
2026-09-19T15:00:00Z,MTR,-17.92,66.1,979.5,14.41,15,262,-0.70711,-0.70711,-0.97899,-0.20391,-17.83,-17.93,-10.01
2026-09-19T16:00:00Z,MTR,-17.83,67.3,979.4,13.22,16,262,-0.86603,-0.5,-0.97899,-0.20391,-18.13,-17.12,-10.93
2026-09-19T17:00:00Z,MTR,-18.13,67.3,980.6,11.38,17,262,-0.96593,-0.25882,-0.97899,-0.20391,-16.87,-18.19,-11.94
2026-09-19T18:00:00Z,MTR,-16.87,52.7,981.8,13.45,18,262,-1.0,-0.0,-0.97899,-0.20391,-16.91,-17.96,-13.53
2026-09-19T19:00:00Z,MTR,-16.91,70.3,980.1,15.48,19,262,-0.96593,0.25882,-0.97899,-0.20391,-17.66,-16.72,-13.15
2026-09-19T20:00:00Z,MTR,-17.66,77.0,978.3,13.91,20,262,-0.86603,0.5,-0.97899,-0.20391,-17.93,-16.48,-16.84
2026-09-19T21:00:00Z,MTR,-17.93,77.3,975.9,14.94,21,262,-0.70711,0.70711,-0.97899,-0.20391,-17.12,-16.69,-19.42
2026-09-19T22:00:00Z,MTR,-17.12,67.7,976.7,12.37,22,262,-0.5,0.86603,-0.97899,-0.20391,-18.19,-15.3,-19.83
2026-09-19T23:00:00Z,MTR,-18.19,75.4,978.8,13.77,23,262,-0.25882,0.96593,-0.97899,-0.20391,-17.96,-15.18,-19.63
2026-09-20T00:00:00Z,MTR,-17.96,67.4,977.6,13.37,0,263,0.0,1.0,-0.98235,-0.18704,-16.72,-16.25,-20.96
2026-09-20T01:00:00Z,MTR,-16.72,74.4,976.6,15.03,1,263,0.25882,0.96593,-0.98235,-0.18704,-16.48,-16.06,-21.44
2026-09-20T02:00:00Z,MTR,-16.48,58.6,978.7,14.47,2,263,0.5,0.86603,-0.98235,-0.18704,-16.69,-10.22,-21.2
2026-09-20T03:00:00Z,MTR,-16.69,73.6,978.9,14.97,3,263,0.70711,0.70711,-0.98235,-0.18704,-15.3,-9.65,-21.43
2026-09-20T04:00:00Z,MTR,-15.3,69.7,979.1,12.42,4,263,0.86603,0.5,-0.98235,-0.18704,-15.18,-8.0,-21.98
2026-09-20T05:00:00Z,MTR,-15.18,73.5,976.3,13.61,5,263,0.96593,0.25882,-0.98235,-0.18704,-16.25,-8.76,-21.8
2026-09-20T06:00:00Z,MTR,-16.25,71.9,977.1,12.81,6,263,1.0,0.0,-0.98235,-0.18704,-16.06,-7.85,-21.53
2026-09-20T07:00:00Z,MTR,-16.06,84.0,974.9,15.07,7,263,0.96593,-0.25882,-0.98235,-0.18704,-10.22,-8.76,-21.04
2026-09-20T08:00:00Z,MTR,-10.22,80.8,972.5,13.12,8,263,0.86603,-0.5,-0.98235,-0.18704,-9.65,-10.88,-20.22
2026-09-20T09:00:00Z,MTR,-9.65,81.0,971.7,13.94,9,263,0.70711,-0.70711,-0.98235,-0.18704,-8.0,-10.01,-21.13
2026-09-20T10:00:00Z,MTR,-8.0,81.5,970.6,14.34,10,263,0.5,-0.86603,-0.98235,-0.18704,-8.76,-10.93,-20.13
2026-09-20T11:00:00Z,MTR,-8.76,88.0,970.2,10.74,11,263,0.25882,-0.96593,-0.98235,-0.18704,-7.85,-11.94,-19.41
2026-09-20T12:00:00Z,MTR,-7.85,80.7,967.7,15.73,12,263,0.0,-1.0,-0.98235,-0.18704,-8.76,-13.53,-18.86
2026-09-20T13:00:00Z,MTR,-8.76,72.3,969.8,13.48,13,263,-0.25882,-0.96593,-0.98235,-0.18704,-10.88,-13.15,-18.95
2026-09-20T14:00:00Z,MTR,-10.88,86.0,972.1,15.03,14,263,-0.5,-0.86603,-0.98235,-0.18704,-10.01,-16.84,-19.14
2026-09-20T15:00:00Z,MTR,-10.01,78.3,968.8,14.83,15,263,-0.70711,-0.70711,-0.98235,-0.18704,-10.93,-19.42,-19.35
2026-09-20T16:00:00Z,MTR,-10.93,80.5,971.1,13.79,16,263,-0.86603,-0.5,-0.98235,-0.18704,-11.94,-19.83,-19.48
2026-09-20T17:00:00Z,MTR,-11.94,81.8,970.1,14.16,17,263,-0.96593,-0.25882,-0.98235,-0.18704,-13.53,-19.63,-19.11
2026-09-20T18:00:00Z,MTR,-13.53,74.1,972.2,16.6,18,263,-1.0,-0.0,-0.98235,-0.18704,-13.15,-20.96,-18.53
2026-09-20T19:00:00Z,MTR,-13.15,69.5,972.7,14.26,19,263,-0.96593,0.25882,-0.98235,-0.18704,-16.84,-21.44,-18.67
2026-09-20T20:00:00Z,MTR,-16.84,82.4,973.4,18.3,20,263,-0.86603,0.5,-0.98235,-0.18704,-19.42,-21.2,-18.15
2026-09-20T21:00:00Z,MTR,-19.42,81.9,973.8,14.43,21,263,-0.70711,0.70711,-0.98235,-0.18704,-19.83,-21.43,-17.74
2026-09-20T22:00:00Z,MTR,-19.83,75.3,976.8,13.04,22,263,-0.5,0.86603,-0.98235,-0.18704,-19.63,-21.98,-17.19
2026-09-20T23:00:00Z,MTR,-19.63,75.8,975.3,13.78,23,263,-0.25882,0.96593,-0.98235,-0.18704,-20.96,-21.8,-17.49
2026-09-21T00:00:00Z,MTR,-20.96,63.6,977.4,9.81,0,264,0.0,1.0,-0.98542,-0.17012,-21.44,-21.53,-16.26
2026-09-21T01:00:00Z,MTR,-21.44,66.3,980.3,10.98,1,264,0.25882,0.96593,-0.98542,-0.17012,-21.2,-21.04,-15.71
2026-09-21T02:00:00Z,MTR,-21.2,73.4,982.5,15.92,2,264,0.5,0.86603,-0.98542,-0.17012,-21.43,-20.22,-16.61
2026-09-21T03:00:00Z,MTR,-21.43,57.1,987.5,11.8,3,264,0.70711,0.70711,-0.98542,-0.17012,-21.98,-21.13,-17.24
2026-09-21T04:00:00Z,MTR,-21.98,61.4,987.3,10.05,4,264,0.86603,0.5,-0.98542,-0.17012,-21.8,-20.13,-16.09
2026-09-21T05:00:00Z,MTR,-21.8,59.6,989.8,7.11,5,264,0.96593,0.25882,-0.98542,-0.17012,-21.53,-19.41,-17.54
2026-09-21T06:00:00Z,MTR,-21.53,60.1,990.4,9.7,6,264,1.0,0.0,-0.98542,-0.17012,-21.04,-18.86,-17.19
2026-09-21T07:00:00Z,MTR,-21.04,47.8,993.5,4.66,7,264,0.96593,-0.25882,-0.98542,-0.17012,-20.22,-18.95,-15.22
2026-09-21T08:00:00Z,MTR,-20.22,51.8,994.2,5.35,8,264,0.86603,-0.5,-0.98542,-0.17012,-21.13,-19.14,-14.17
2026-09-21T09:00:00Z,MTR,-21.13,56.6,994.3,5.58,9,264,0.70711,-0.70711,-0.98542,-0.17012,-20.13,-19.35,-13.26
2026-09-21T10:00:00Z,MTR,-20.13,57.9,997.4,3.52,10,264,0.5,-0.86603,-0.98542,-0.17012,-19.41,-19.48,-14.14
2026-09-21T11:00:00Z,MTR,-19.41,48.2,997.3,5.25,11,264,0.25882,-0.96593,-0.98542,-0.17012,-18.86,-19.11,-13.56
2026-09-21T12:00:00Z,MTR,-18.86,53.0,995.5,4.89,12,264,0.0,-1.0,-0.98542,-0.17012,-18.95,-18.53,-12.56
2026-09-21T13:00:00Z,MTR,-18.95,45.9,995.5,7.22,13,264,-0.25882,-0.96593,-0.98542,-0.17012,-19.14,-18.67,-13.1
2026-09-21T14:00:00Z,MTR,-19.14,47.9,997.6,5.6,14,264,-0.5,-0.86603,-0.98542,-0.17012,-19.35,-18.15,-13.48
2026-09-21T15:00:00Z,MTR,-19.35,43.7,1000.9,7.06,15,264,-0.70711,-0.70711,-0.98542,-0.17012,-19.48,-17.74,-13.16
2026-09-21T16:00:00Z,MTR,-19.48,54.9,1001.8,6.8,16,264,-0.86603,-0.5,-0.98542,-0.17012,-19.11,-17.19,-13.85
2026-09-21T17:00:00Z,MTR,-19.11,44.1,1004.9,0.97,17,264,-0.96593,-0.25882,-0.98542,-0.17012,-18.53,-17.49,-15.54
2026-09-21T18:00:00Z,MTR,-18.53,44.5,1002.9,6.38,18,264,-1.0,-0.0,-0.98542,-0.17012,-18.67,-16.26,-17.8
2026-09-21T19:00:00Z,MTR,-18.67,36.2,1002.7,11.29,19,264,-0.96593,0.25882,-0.98542,-0.17012,-18.15,-15.71,-17.52
2026-09-21T20:00:00Z,MTR,-18.15,45.1,1002.8,4.29,20,264,-0.86603,0.5,-0.98542,-0.17012,-17.74,-16.61,-17.87
2026-09-21T21:00:00Z,MTR,-17.74,45.7,1003.1,7.53,21,264,-0.70711,0.70711,-0.98542,-0.17012,-17.19,-17.24,-19.89
2026-09-21T22:00:00Z,MTR,-17.19,41.9,1003.8,6.1,22,264,-0.5,0.86603,-0.98542,-0.17012,-17.49,-16.09,-20.32
2026-09-21T23:00:00Z,MTR,-17.49,40.4,1005.4,1.9,23,264,-0.25882,0.96593,-0.98542,-0.17012,-16.26,-17.54,-20.42
2026-09-22T00:00:00Z,MTR,-16.26,49.5,1004.9,1.27,0,265,0.0,1.0,-0.9882,-0.15314,-15.71,-17.19,-20.32
2026-09-22T01:00:00Z,MTR,-15.71,46.5,1005.4,7.3,1,265,0.25882,0.96593,-0.9882,-0.15314,-16.61,-15.22,-19.27
2026-09-22T02:00:00Z,MTR,-16.61,37.5,1005.5,8.08,2,265,0.5,0.86603,-0.9882,-0.15314,-17.24,-14.17,-18.63
2026-09-22T03:00:00Z,MTR,-17.24,52.8,1003.9,6.54,3,265,0.70711,0.70711,-0.9882,-0.15314,-16.09,-13.26,-18.63
2026-09-22T04:00:00Z,MTR,-16.09,38.3,1003.8,3.5,4,265,0.86603,0.5,-0.9882,-0.15314,-17.54,-14.14,-19.48
2026-09-22T05:00:00Z,MTR,-17.54,52.3,1003.5,9.22,5,265,0.96593,0.25882,-0.9882,-0.15314,-17.19,-13.56,-18.79
2026-09-22T06:00:00Z,MTR,-17.19,38.4,1003.2,0.67,6,265,1.0,0.0,-0.9882,-0.15314,-15.22,-12.56,-17.19
2026-09-22T07:00:00Z,MTR,-15.22,42.6,1003.1,4.9,7,265,0.96593,-0.25882,-0.9882,-0.15314,-14.17,-13.1,-15.49
2026-09-22T08:00:00Z,MTR,-14.17,31.5,1003.0,0.26,8,265,0.86603,-0.5,-0.9882,-0.15314,-13.26,-13.48,-15.41
2026-09-22T09:00:00Z,MTR,-13.26,46.9,1001.9,3.88,9,265,0.70711,-0.70711,-0.9882,-0.15314,-14.14,-13.16,-14.73
2026-09-22T10:00:00Z,MTR,-14.14,32.8,1003.8,4.99,10,265,0.5,-0.86603,-0.9882,-0.15314,-13.56,-13.85,-15.1
2026-09-22T11:00:00Z,MTR,-13.56,44.9,1001.2,0.2,11,265,0.25882,-0.96593,-0.9882,-0.15314,-12.56,-15.54,-15.66
2026-09-22T12:00:00Z,MTR,-12.56,44.5,999.4,3.65,12,265,0.0,-1.0,-0.9882,-0.15314,-13.1,-17.8,-15.12
2026-09-22T13:00:00Z,MTR,-13.1,40.1,1003.9,3.51,13,265,-0.25882,-0.96593,-0.9882,-0.15314,-13.48,-17.52,-16.06
2026-09-22T14:00:00Z,MTR,-13.48,46.8,1001.2,3.42,14,265,-0.5,-0.86603,-0.9882,-0.15314,-13.16,-17.87,-16.74
2026-09-22T15:00:00Z,MTR,-13.16,52.3,998.0,3.84,15,265,-0.70711,-0.70711,-0.9882,-0.15314,-13.85,-19.89,-16.1
2026-09-22T16:00:00Z,MTR,-13.85,54.4,998.6,4.71,16,265,-0.86603,-0.5,-0.9882,-0.15314,-15.54,-20.32,-16.82
2026-09-22T17:00:00Z,MTR,-15.54,47.7,994.0,8.58,17,265,-0.96593,-0.25882,-0.9882,-0.15314,-17.8,-20.42,-17.94
2026-09-22T18:00:00Z,MTR,-17.8,54.5,992.9,13.11,18,265,-1.0,-0.0,-0.9882,-0.15314,-17.52,-20.32,-16.53
2026-09-22T19:00:00Z,MTR,-17.52,51.9,996.0,10.61,19,265,-0.96593,0.25882,-0.9882,-0.15314,-17.87,-19.27,-16.13
2026-09-22T20:00:00Z,MTR,-17.87,59.7,992.3,13.2,20,265,-0.86603,0.5,-0.9882,-0.15314,-19.89,-18.63,-17.4
2026-09-22T21:00:00Z,MTR,-19.89,63.0,987.9,9.93,21,265,-0.70711,0.70711,-0.9882,-0.15314,-20.32,-18.63,-17.11
2026-09-22T22:00:00Z,MTR,-20.32,60.0,984.6,12.59,22,265,-0.5,0.86603,-0.9882,-0.15314,-20.42,-19.48,-17.19
2026-09-22T23:00:00Z,MTR,-20.42,67.8,985.6,8.16,23,265,-0.25882,0.96593,-0.9882,-0.15314,-20.32,-18.79,-16.56
2026-09-23T00:00:00Z,MTR,-20.32,64.5,987.0,14.7,0,266,0.0,1.0,-0.99069,-0.13612,-19.27,-17.19,-15.94
2026-09-23T01:00:00Z,MTR,-19.27,71.8,985.3,10.51,1,266,0.25882,0.96593,-0.99069,-0.13612,-18.63,-15.49,-16.01
2026-09-23T02:00:00Z,MTR,-18.63,64.6,985.8,12.6,2,266,0.5,0.86603,-0.99069,-0.13612,-18.63,-15.41,-15.84
2026-09-23T03:00:00Z,MTR,-18.63,49.8,987.5,7.62,3,266,0.70711,0.70711,-0.99069,-0.13612,-19.48,-14.73,-15.65
2026-09-23T04:00:00Z,MTR,-19.48,54.8,989.8,12.49,4,266,0.86603,0.5,-0.99069,-0.13612,-18.79,-15.1,-14.9
2026-09-23T05:00:00Z,MTR,-18.79,59.5,988.3,12.0,5,266,0.96593,0.25882,-0.99069,-0.13612,-17.19,-15.66,-15.74
2026-09-23T06:00:00Z,MTR,-17.19,60.9,983.2,11.02,6,266,1.0,0.0,-0.99069,-0.13612,-15.49,-15.12,-16.48
2026-09-23T07:00:00Z,MTR,-15.49,62.8,981.0,10.86,7,266,0.96593,-0.25882,-0.99069,-0.13612,-15.41,-16.06,-16.26
2026-09-23T08:00:00Z,MTR,-15.41,78.2,979.6,11.05,8,266,0.86603,-0.5,-0.99069,-0.13612,-14.73,-16.74,-15.72
2026-09-23T09:00:00Z,MTR,-14.73,63.4,978.6,11.01,9,266,0.70711,-0.70711,-0.99069,-0.13612,-15.1,-16.1,-15.97
2026-09-23T10:00:00Z,MTR,-15.1,68.1,977.8,11.72,10,266,0.5,-0.86603,-0.99069,-0.13612,-15.66,-16.82,-14.96
2026-09-23T11:00:00Z,MTR,-15.66,70.2,979.4,14.31,11,266,0.25882,-0.96593,-0.99069,-0.13612,-15.12,-17.94,-13.81
2026-09-23T12:00:00Z,MTR,-15.12,60.2,981.2,10.04,12,266,0.0,-1.0,-0.99069,-0.13612,-16.06,-16.53,-13.37
2026-09-23T13:00:00Z,MTR,-16.06,68.5,980.3,15.58,13,266,-0.25882,-0.96593,-0.99069,-0.13612,-16.74,-16.13,-12.98
2026-09-23T14:00:00Z,MTR,-16.74,54.6,981.8,10.69,14,266,-0.5,-0.86603,-0.99069,-0.13612,-16.1,-17.4,-13.4
2026-09-23T15:00:00Z,MTR,-16.1,64.3,981.9,13.33,15,266,-0.70711,-0.70711,-0.99069,-0.13612,-16.82,-17.11,-14.1
2026-09-23T16:00:00Z,MTR,-16.82,61.8,981.5,12.95,16,266,-0.86603,-0.5,-0.99069,-0.13612,-17.94,-17.19,-13.99
2026-09-23T17:00:00Z,MTR,-17.94,62.9,982.7,7.14,17,266,-0.96593,-0.25882,-0.99069,-0.13612,-16.53,-16.56,-13.67
2026-09-23T18:00:00Z,MTR,-16.53,65.7,982.4,11.18,18,266,-1.0,-0.0,-0.99069,-0.13612,-16.13,-15.94,-13.39
2026-09-23T19:00:00Z,MTR,-16.13,69.5,985.6,11.31,19,266,-0.96593,0.25882,-0.99069,-0.13612,-17.4,-16.01,-13.53
2026-09-23T20:00:00Z,MTR,-17.4,62.5,982.5,10.28,20,266,-0.86603,0.5,-0.99069,-0.13612,-17.11,-15.84,-13.8
2026-09-23T21:00:00Z,MTR,-17.11,78.2,981.2,12.41,21,266,-0.70711,0.70711,-0.99069,-0.13612,-17.19,-15.65,-12.51
2026-09-23T22:00:00Z,MTR,-17.19,69.2,980.7,12.73,22,266,-0.5,0.86603,-0.99069,-0.13612,-16.56,-14.9,-14.12
2026-09-23T23:00:00Z,MTR,-16.56,62.8,981.3,12.93,23,266,-0.25882,0.96593,-0.99069,-0.13612,-15.94,-15.74,-13.96
2026-09-24T00:00:00Z,MTR,-15.94,65.4,983.4,10.39,0,267,0.0,1.0,-0.99289,-0.11906,-16.01,-16.48,-14.11
2026-09-24T01:00:00Z,MTR,-16.01,71.4,983.1,11.05,1,267,0.25882,0.96593,-0.99289,-0.11906,-15.84,-16.26,-14.5
2026-09-24T02:00:00Z,MTR,-15.84,63.8,980.3,14.86,2,267,0.5,0.86603,-0.99289,-0.11906,-15.65,-15.72,-14.67
2026-09-24T03:00:00Z,MTR,-15.65,77.4,981.8,14.83,3,267,0.70711,0.70711,-0.99289,-0.11906,-14.9,-15.97,-15.7
2026-09-24T04:00:00Z,MTR,-14.9,69.7,983.0,17.0,4,267,0.86603,0.5,-0.99289,-0.11906,-15.74,-14.96,-16.22
2026-09-24T05:00:00Z,MTR,-15.74,63.4,979.4,11.74,5,267,0.96593,0.25882,-0.99289,-0.11906,-16.48,-13.81,-15.44
2026-09-24T06:00:00Z,MTR,-16.48,64.9,979.4,6.53,6,267,1.0,0.0,-0.99289,-0.11906,-16.26,-13.37,-15.32
2026-09-24T07:00:00Z,MTR,-16.26,70.2,976.6,13.14,7,267,0.96593,-0.25882,-0.99289,-0.11906,-15.72,-12.98,-10.17
2026-09-24T08:00:00Z,MTR,-15.72,80.0,975.6,17.16,8,267,0.86603,-0.5,-0.99289,-0.11906,-15.97,-13.4,-15.48
2026-09-24T09:00:00Z,MTR,-15.97,69.4,974.3,15.12,9,267,0.70711,-0.70711,-0.99289,-0.11906,-14.96,-14.1,-15.19
2026-09-24T10:00:00Z,MTR,-14.96,81.1,976.1,14.99,10,267,0.5,-0.86603,-0.99289,-0.11906,-13.81,-13.99,-16.73
2026-09-24T11:00:00Z,MTR,-13.81,77.9,976.5,12.51,11,267,0.25882,-0.96593,-0.99289,-0.11906,-13.37,-13.67,-11.91
2026-09-24T12:00:00Z,MTR,-13.37,83.3,974.4,14.85,12,267,0.0,-1.0,-0.99289,-0.11906,-12.98,-13.39,-11.71
2026-09-24T13:00:00Z,MTR,-12.98,73.5,976.3,15.01,13,267,-0.25882,-0.96593,-0.99289,-0.11906,-13.4,-13.53,-17.62
2026-09-24T14:00:00Z,MTR,-13.4,81.0,973.9,12.52,14,267,-0.5,-0.86603,-0.99289,-0.11906,-14.1,-13.8,-18.86
2026-09-24T15:00:00Z,MTR,-14.1,72.5,974.8,11.88,15,267,-0.70711,-0.70711,-0.99289,-0.11906,-13.99,-12.51,-14.74
2026-09-24T16:00:00Z,MTR,-13.99,80.8,973.6,14.2,16,267,-0.86603,-0.5,-0.99289,-0.11906,-13.67,-14.12,-19.02
2026-09-24T17:00:00Z,MTR,-13.67,76.8,973.2,15.36,17,267,-0.96593,-0.25882,-0.99289,-0.11906,-13.39,-13.96,-13.62
2026-09-24T18:00:00Z,MTR,-13.39,82.9,974.4,11.02,18,267,-1.0,-0.0,-0.99289,-0.11906,-13.53,-14.11,-18.52
2026-09-24T19:00:00Z,MTR,-13.53,75.5,975.5,15.64,19,267,-0.96593,0.25882,-0.99289,-0.11906,-13.8,-14.5,-18.62
2026-09-24T20:00:00Z,MTR,-13.8,66.0,978.1,10.94,20,267,-0.86603,0.5,-0.99289,-0.11906,-12.51,-14.67,-18.13
2026-09-24T21:00:00Z,MTR,-12.51,78.9,977.9,14.11,21,267,-0.70711,0.70711,-0.99289,-0.11906,-14.12,-15.7,-17.86
2026-09-24T22:00:00Z,MTR,-14.12,72.8,978.3,16.85,22,267,-0.5,0.86603,-0.99289,-0.11906,-13.96,-16.22,-12.44
2026-09-24T23:00:00Z,MTR,-13.96,68.4,977.4,11.68,23,267,-0.25882,0.96593,-0.99289,-0.11906,-14.11,-15.44,-10.7
2026-09-25T00:00:00Z,MTR,-14.11,67.8,977.7,11.37,0,268,0.0,1.0,-0.99479,-0.10196,-14.5,-15.32,-9.93
2026-09-25T01:00:00Z,MTR,-14.5,66.4,978.3,13.96,1,268,0.25882,0.96593,-0.99479,-0.10196,-14.67,-10.17,-11.22
2026-09-25T02:00:00Z,MTR,-14.67,64.6,977.9,15.59,2,268,0.5,0.86603,-0.99479,-0.10196,-15.7,-15.48,-11.23
2026-09-25T03:00:00Z,MTR,-15.7,73.6,974.5,17.39,3,268,0.70711,0.70711,-0.99479,-0.10196,-16.22,-15.19,-8.68
2026-09-25T04:00:00Z,MTR,-16.22,75.8,975.0,15.93,4,268,0.86603,0.5,-0.99479,-0.10196,-15.44,-16.73,-8.3
2026-09-25T05:00:00Z,MTR,-15.44,71.6,975.6,13.78,5,268,0.96593,0.25882,-0.99479,-0.10196,-15.32,-11.91,-10.79
2026-09-25T06:00:00Z,MTR,-15.32,56.1,974.2,14.15,6,268,1.0,0.0,-0.99479,-0.10196,-10.17,-11.71,-15.57
2026-09-25T07:00:00Z,MTR,-10.17,69.2,971.8,12.48,7,268,0.96593,-0.25882,-0.99479,-0.10196,-15.48,-17.62,-10.05
2026-09-25T08:00:00Z,MTR,-15.48,78.0,974.5,9.49,8,268,0.86603,-0.5,-0.99479,-0.10196,-15.19,-18.86,-10.79
2026-09-25T09:00:00Z,MTR,-15.19,72.4,975.3,10.94,9,268,0.70711,-0.70711,-0.99479,-0.10196,-16.73,-14.74,-8.75
2026-09-25T10:00:00Z,MTR,-16.73,66.5,974.7,15.79,10,268,0.5,-0.86603,-0.99479,-0.10196,-11.91,-19.02,-13.71
2026-09-25T11:00:00Z,MTR,-11.91,76.0,972.6,18.06,11,268,0.25882,-0.96593,-0.99479,-0.10196,-11.71,-13.62,-12.81
2026-09-25T12:00:00Z,MTR,-11.71,78.7,971.1,13.94,12,268,0.0,-1.0,-0.99479,-0.10196,-17.62,-18.52,-15.26
2026-09-25T13:00:00Z,MTR,-17.62,81.0,973.6,16.1,13,268,-0.25882,-0.96593,-0.99479,-0.10196,-18.86,-18.62,-15.12
2026-09-25T14:00:00Z,MTR,-18.86,71.5,973.9,12.62,14,268,-0.5,-0.86603,-0.99479,-0.10196,-14.74,-18.13,-15.25
2026-09-25T15:00:00Z,MTR,-14.74,79.5,972.9,14.23,15,268,-0.70711,-0.70711,-0.99479,-0.10196,-19.02,-17.86,-16.25
2026-09-25T16:00:00Z,MTR,-19.02,74.5,973.9,11.96,16,268,-0.86603,-0.5,-0.99479,-0.10196,-13.62,-12.44,-16.2
2026-09-25T17:00:00Z,MTR,-13.62,75.3,972.6,15.66,17,268,-0.96593,-0.25882,-0.99479,-0.10196,-18.52,-10.7,-17.26
2026-09-25T18:00:00Z,MTR,-18.52,78.3,975.5,14.88,18,268,-1.0,-0.0,-0.99479,-0.10196,-18.62,-9.93,-18.37
2026-09-25T19:00:00Z,MTR,-18.62,66.2,978.1,13.4,19,268,-0.96593,0.25882,-0.99479,-0.10196,-18.13,-11.22,-17.92
2026-09-25T20:00:00Z,MTR,-18.13,77.0,977.3,15.18,20,268,-0.86603,0.5,-0.99479,-0.10196,-17.86,-11.23,-17.93
2026-09-25T21:00:00Z,MTR,-17.86,67.9,976.4,16.49,21,268,-0.70711,0.70711,-0.99479,-0.10196,-12.44,-8.68,-19.04
2026-09-25T22:00:00Z,MTR,-12.44,75.0,971.9,15.93,22,268,-0.5,0.86603,-0.99479,-0.10196,-10.7,-8.3,-17.79
2026-09-25T23:00:00Z,MTR,-10.7,77.6,969.9,14.52,23,268,-0.25882,0.96593,-0.99479,-0.10196,-9.93,-10.79,-17.64
2026-09-26T00:00:00Z,MTR,-9.93,80.2,968.2,13.3,0,269,0.0,1.0,-0.9964,-0.08483,-11.22,-15.57,-17.88
2026-09-26T01:00:00Z,MTR,-11.22,66.6,969.4,12.24,1,269,0.25882,0.96593,-0.9964,-0.08483,-11.23,-10.05,-18.98
2026-09-26T02:00:00Z,MTR,-11.23,80.4,969.8,15.42,2,269,0.5,0.86603,-0.9964,-0.08483,-8.68,-10.79,-19.61
2026-09-26T03:00:00Z,MTR,-8.68,72.7,968.4,17.22,3,269,0.70711,0.70711,-0.9964,-0.08483,-8.3,-8.75,-20.61
2026-09-26T04:00:00Z,MTR,-8.3,82.5,969.0,18.96,4,269,0.86603,0.5,-0.9964,-0.08483,-10.79,-13.71,-19.03
2026-09-26T05:00:00Z,MTR,-10.79,78.7,971.2,11.78,5,269,0.96593,0.25882,-0.9964,-0.08483,-15.57,-12.81,-17.23
2026-09-26T06:00:00Z,MTR,-15.57,81.0,973.3,14.73,6,269,1.0,0.0,-0.9964,-0.08483,-10.05,-15.26,-15.83
2026-09-26T07:00:00Z,MTR,-10.05,71.1,971.1,12.94,7,269,0.96593,-0.25882,-0.9964,-0.08483,-10.79,-15.12,-16.68
2026-09-26T08:00:00Z,MTR,-10.79,77.7,972.3,12.72,8,269,0.86603,-0.5,-0.9964,-0.08483,-8.75,-15.25,-15.85
2026-09-26T09:00:00Z,MTR,-8.75,78.5,971.2,16.6,9,269,0.70711,-0.70711,-0.9964,-0.08483,-13.71,-16.25,-13.77
2026-09-26T10:00:00Z,MTR,-13.71,70.2,974.4,8.08,10,269,0.5,-0.86603,-0.9964,-0.08483,-12.81,-16.2,-14.24
2026-09-26T11:00:00Z,MTR,-12.81,65.2,977.3,9.62,11,269,0.25882,-0.96593,-0.9964,-0.08483,-15.26,-17.26,-14.23
2026-09-26T12:00:00Z,MTR,-15.26,72.0,977.1,12.23,12,269,0.0,-1.0,-0.9964,-0.08483,-15.12,-18.37,-12.9
2026-09-26T13:00:00Z,MTR,-15.12,78.1,977.2,12.1,13,269,-0.25882,-0.96593,-0.9964,-0.08483,-15.25,-17.92,-12.84
2026-09-26T14:00:00Z,MTR,-15.25,68.4,977.9,8.46,14,269,-0.5,-0.86603,-0.9964,-0.08483,-16.25,-17.93,-12.65
2026-09-26T15:00:00Z,MTR,-16.25,79.3,975.4,11.7,15,269,-0.70711,-0.70711,-0.9964,-0.08483,-16.2,-19.04,-13.56
2026-09-26T16:00:00Z,MTR,-16.2,77.1,977.8,13.82,16,269,-0.86603,-0.5,-0.9964,-0.08483,-17.26,-17.79,-15.08
2026-09-26T17:00:00Z,MTR,-17.26,58.1,979.0,9.17,17,269,-0.96593,-0.25882,-0.9964,-0.08483,-18.37,-17.64,-15.1
2026-09-26T18:00:00Z,MTR,-18.37,63.1,982.4,16.02,18,269,-1.0,-0.0,-0.9964,-0.08483,-17.92,-17.88,-15.78
2026-09-26T19:00:00Z,MTR,-17.92,64.0,982.0,12.45,19,269,-0.96593,0.25882,-0.9964,-0.08483,-17.93,-18.98,-16.27
2026-09-26T20:00:00Z,MTR,-17.93,72.0,982.5,9.63,20,269,-0.86603,0.5,-0.9964,-0.08483,-19.04,-19.61,-16.84
2026-09-26T21:00:00Z,MTR,-19.04,68.0,981.3,14.83,21,269,-0.70711,0.70711,-0.9964,-0.08483,-17.79,-20.61,-16.15
2026-09-26T22:00:00Z,MTR,-17.79,74.2,981.2,13.02,22,269,-0.5,0.86603,-0.9964,-0.08483,-17.64,-19.03,-15.77
2026-09-26T23:00:00Z,MTR,-17.64,66.3,980.7,8.9,23,269,-0.25882,0.96593,-0.9964,-0.08483,-17.88,-17.23,-14.34
2026-09-27T00:00:00Z,MTR,-17.88,70.0,984.2,8.68,0,270,0.0,1.0,-0.99771,-0.06768,-18.98,-15.83,-13.28
2026-09-27T01:00:00Z,MTR,-18.98,67.1,984.4,14.05,1,270,0.25882,0.96593,-0.99771,-0.06768,-19.61,-16.68,-13.3
2026-09-27T02:00:00Z,MTR,-19.61,62.1,986.1,12.2,2,270,0.5,0.86603,-0.99771,-0.06768,-20.61,-15.85,-13.36
2026-09-27T03:00:00Z,MTR,-20.61,68.2,986.8,13.62,3,270,0.70711,0.70711,-0.99771,-0.06768,-19.03,-13.77,-12.25
2026-09-27T04:00:00Z,MTR,-19.03,59.7,985.8,10.0,4,270,0.86603,0.5,-0.99771,-0.06768,-17.23,-14.24,-12.71
2026-09-27T05:00:00Z,MTR,-17.23,71.8,986.7,11.37,5,270,0.96593,0.25882,-0.99771,-0.06768,-15.83,-14.23,-11.84
2026-09-27T06:00:00Z,MTR,-15.83,50.3,989.0,5.33,6,270,1.0,0.0,-0.99771,-0.06768,-16.68,-12.9,-11.53
2026-09-27T07:00:00Z,MTR,-16.68,56.8,987.8,5.78,7,270,0.96593,-0.25882,-0.99771,-0.06768,-15.85,-12.84,-10.87
2026-09-27T08:00:00Z,MTR,-15.85,58.1,990.3,9.42,8,270,0.86603,-0.5,-0.99771,-0.06768,-13.77,-12.65,-9.65
2026-09-27T09:00:00Z,MTR,-13.77,53.4,989.5,5.33,9,270,0.70711,-0.70711,-0.99771,-0.06768,-14.24,-13.56,-10.84
2026-09-27T10:00:00Z,MTR,-14.24,60.9,989.4,11.07,10,270,0.5,-0.86603,-0.99771,-0.06768,-14.23,-15.08,-9.81
2026-09-27T11:00:00Z,MTR,-14.23,54.9,991.0,4.99,11,270,0.25882,-0.96593,-0.99771,-0.06768,-12.9,-15.1,-8.88
2026-09-27T12:00:00Z,MTR,-12.9,58.1,990.3,5.78,12,270,0.0,-1.0,-0.99771,-0.06768,-12.84,-15.78,-9.37
2026-09-27T13:00:00Z,MTR,-12.84,52.7,990.8,9.87,13,270,-0.25882,-0.96593,-0.99771,-0.06768,-12.65,-16.27,-9.68
2026-09-27T14:00:00Z,MTR,-12.65,51.3,990.6,6.4,14,270,-0.5,-0.86603,-0.99771,-0.06768,-13.56,-16.84,-10.38
2026-09-27T15:00:00Z,MTR,-13.56,56.6,991.0,9.08,15,270,-0.70711,-0.70711,-0.99771,-0.06768,-15.08,-16.15,-11.31
2026-09-27T16:00:00Z,MTR,-15.08,63.8,986.8,6.66,16,270,-0.86603,-0.5,-0.99771,-0.06768,-15.1,-15.77,-10.89
2026-09-27T17:00:00Z,MTR,-15.1,73.3,983.7,9.37,17,270,-0.96593,-0.25882,-0.99771,-0.06768,-15.78,-14.34,-12.55
2026-09-27T18:00:00Z,MTR,-15.78,55.1,985.1,14.45,18,270,-1.0,-0.0,-0.99771,-0.06768,-16.27,-13.28,-12.43
2026-09-27T19:00:00Z,MTR,-16.27,60.1,987.0,10.51,19,270,-0.96593,0.25882,-0.99771,-0.06768,-16.84,-13.3,-13.98
2026-09-27T20:00:00Z,MTR,-16.84,66.3,985.3,14.48,20,270,-0.86603,0.5,-0.99771,-0.06768,-16.15,-13.36,-14.23
2026-09-27T21:00:00Z,MTR,-16.15,65.5,984.7,11.35,21,270,-0.70711,0.70711,-0.99771,-0.06768,-15.77,-12.25,-15.37
2026-09-27T22:00:00Z,MTR,-15.77,57.3,985.0,11.48,22,270,-0.5,0.86603,-0.99771,-0.06768,-14.34,-12.71,-10.08
2026-09-27T23:00:00Z,MTR,-14.34,57.8,986.0,8.08,23,270,-0.25882,0.96593,-0.99771,-0.06768,-13.28,-11.84,-14.9
2026-09-28T00:00:00Z,MTR,-13.28,65.8,981.8,9.01,0,271,0.0,1.0,-0.99872,-0.05051,-13.3,-11.53,-13.51
2026-09-28T01:00:00Z,MTR,-13.3,81.6,979.9,10.42,1,271,0.25882,0.96593,-0.99872,-0.05051,-13.36,-10.87,-13.53
2026-09-28T02:00:00Z,MTR,-13.36,74.4,979.0,12.05,2,271,0.5,0.86603,-0.99872,-0.05051,-12.25,-9.65,-12.44
2026-09-28T03:00:00Z,MTR,-12.25,71.9,979.9,16.78,3,271,0.70711,0.70711,-0.99872,-0.05051,-12.71,-10.84,-12.92
2026-09-28T04:00:00Z,MTR,-12.71,52.2,983.9,15.15,4,271,0.86603,0.5,-0.99872,-0.05051,-11.84,-9.81,-12.48
2026-09-28T05:00:00Z,MTR,-11.84,59.1,982.7,11.17,5,271,0.96593,0.25882,-0.99872,-0.05051,-11.53,-8.88,-11.43
2026-09-28T06:00:00Z,MTR,-11.53,62.5,979.4,10.05,6,271,1.0,0.0,-0.99872,-0.05051,-10.87,-9.37,-11.5
2026-09-28T07:00:00Z,MTR,-10.87,70.2,979.5,9.66,7,271,0.96593,-0.25882,-0.99872,-0.05051,-9.65,-9.68,-10.88
2026-09-28T08:00:00Z,MTR,-9.65,65.8,981.1,8.85,8,271,0.86603,-0.5,-0.99872,-0.05051,-10.84,-10.38,-12.63
2026-09-28T09:00:00Z,MTR,-10.84,64.4,980.5,10.39,9,271,0.70711,-0.70711,-0.99872,-0.05051,-9.81,-11.31,-11.6
2026-09-28T10:00:00Z,MTR,-9.81,72.3,978.0,12.38,10,271,0.5,-0.86603,-0.99872,-0.05051,-8.88,-10.89,-12.16
2026-09-28T11:00:00Z,MTR,-8.88,62.2,979.0,12.72,11,271,0.25882,-0.96593,-0.99872,-0.05051,-9.37,-12.55,-11.0
2026-09-28T12:00:00Z,MTR,-9.37,64.9,979.4,11.39,12,271,0.0,-1.0,-0.99872,-0.05051,-9.68,-12.43,-11.19
2026-09-28T13:00:00Z,MTR,-9.68,71.9,976.7,13.38,13,271,-0.25882,-0.96593,-0.99872,-0.05051,-10.38,-13.98,-10.52
2026-09-28T14:00:00Z,MTR,-10.38,81.9,976.7,14.13,14,271,-0.5,-0.86603,-0.99872,-0.05051,-11.31,-14.23,-11.56
2026-09-28T15:00:00Z,MTR,-11.31,75.0,977.8,11.15,15,271,-0.70711,-0.70711,-0.99872,-0.05051,-10.89,-15.37,-9.6
2026-09-28T16:00:00Z,MTR,-10.89,72.0,979.2,13.63,16,271,-0.86603,-0.5,-0.99872,-0.05051,-12.55,-10.08,-10.08
2026-09-28T17:00:00Z,MTR,-12.55,67.7,978.3,9.77,17,271,-0.96593,-0.25882,-0.99872,-0.05051,-12.43,-14.9,-8.95
2026-09-28T18:00:00Z,MTR,-12.43,73.1,976.9,16.88,18,271,-1.0,-0.0,-0.99872,-0.05051,-13.98,-13.51,-8.61
2026-09-28T19:00:00Z,MTR,-13.98,77.2,978.5,15.12,19,271,-0.96593,0.25882,-0.99872,-0.05051,-14.23,-13.53,-10.17
2026-09-28T20:00:00Z,MTR,-14.23,83.3,975.6,16.02,20,271,-0.86603,0.5,-0.99872,-0.05051,-15.37,-12.44,-9.99
2026-09-28T21:00:00Z,MTR,-15.37,72.2,975.9,14.28,21,271,-0.70711,0.70711,-0.99872,-0.05051,-10.08,-12.92,-9.1
2026-09-28T22:00:00Z,MTR,-10.08,79.7,972.9,17.77,22,271,-0.5,0.86603,-0.99872,-0.05051,-14.9,-12.48,-9.04
2026-09-28T23:00:00Z,MTR,-14.9,78.8,974.6,12.68,23,271,-0.25882,0.96593,-0.99872,-0.05051,-13.51,-11.43,-8.98
2026-09-29T00:00:00Z,MTR,-13.51,78.1,973.8,16.02,0,272,0.0,1.0,-0.99944,-0.03332,-13.53,-11.5,-9.04
2026-09-29T01:00:00Z,MTR,-13.53,67.5,975.8,16.25,1,272,0.25882,0.96593,-0.99944,-0.03332,-12.44,-10.88,-8.74
2026-09-29T02:00:00Z,MTR,-12.44,69.4,976.4,15.01,2,272,0.5,0.86603,-0.99944,-0.03332,-12.92,-12.63,-8.79
2026-09-29T03:00:00Z,MTR,-12.92,79.3,974.0,15.03,3,272,0.70711,0.70711,-0.99944,-0.03332,-12.48,-11.6,-9.26
2026-09-29T04:00:00Z,MTR,-12.48,69.9,976.4,13.71,4,272,0.86603,0.5,-0.99944,-0.03332,-11.43,-12.16,-9.71
2026-09-29T05:00:00Z,MTR,-11.43,77.1,979.1,7.49,5,272,0.96593,0.25882,-0.99944,-0.03332,-11.5,-11.0,-8.74
2026-09-29T06:00:00Z,MTR,-11.5,66.7,980.4,12.1,6,272,1.0,0.0,-0.99944,-0.03332,-10.88,-11.19,-9.69
2026-09-29T07:00:00Z,MTR,-10.88,62.3,978.8,9.34,7,272,0.96593,-0.25882,-0.99944,-0.03332,-12.63,-10.52,-8.94
2026-09-29T08:00:00Z,MTR,-12.63,75.0,978.2,9.84,8,272,0.86603,-0.5,-0.99944,-0.03332,-11.6,-11.56,-8.34
2026-09-29T09:00:00Z,MTR,-11.6,68.7,978.4,12.81,9,272,0.70711,-0.70711,-0.99944,-0.03332,-12.16,-9.6,-6.73
2026-09-29T10:00:00Z,MTR,-12.16,69.8,977.1,11.26,10,272,0.5,-0.86603,-0.99944,-0.03332,-11.0,-10.08,-9.34
2026-09-29T11:00:00Z,MTR,-11.0,72.5,980.3,11.51,11,272,0.25882,-0.96593,-0.99944,-0.03332,-11.19,-8.95,-10.08
2026-09-29T12:00:00Z,MTR,-11.19,63.1,980.5,11.91,12,272,0.0,-1.0,-0.99944,-0.03332,-10.52,-8.61,-11.5
2026-09-29T13:00:00Z,MTR,-10.52,74.4,975.7,15.81,13,272,-0.25882,-0.96593,-0.99944,-0.03332,-11.56,-10.17,-12.2
2026-09-29T14:00:00Z,MTR,-11.56,66.1,976.6,12.69,14,272,-0.5,-0.86603,-0.99944,-0.03332,-9.6,-9.99,-11.77
2026-09-29T15:00:00Z,MTR,-9.6,72.5,976.3,11.31,15,272,-0.70711,-0.70711,-0.99944,-0.03332,-10.08,-9.1,-13.17
2026-09-29T16:00:00Z,MTR,-10.08,64.0,976.5,12.19,16,272,-0.86603,-0.5,-0.99944,-0.03332,-8.95,-9.04,-13.77
2026-09-29T17:00:00Z,MTR,-8.95,68.0,976.2,11.29,17,272,-0.96593,-0.25882,-0.99944,-0.03332,-8.61,-8.98,-9.36
2026-09-29T18:00:00Z,MTR,-8.61,77.2,978.0,19.09,18,272,-1.0,-0.0,-0.99944,-0.03332,-10.17,-9.04,-9.19
2026-09-29T19:00:00Z,MTR,-10.17,75.7,980.3,15.19,19,272,-0.96593,0.25882,-0.99944,-0.03332,-9.99,-8.74,-9.15
2026-09-29T20:00:00Z,MTR,-9.99,64.1,981.0,15.03,20,272,-0.86603,0.5,-0.99944,-0.03332,-9.1,-8.79,-12.57
2026-09-29T21:00:00Z,MTR,-9.1,64.8,980.6,16.15,21,272,-0.70711,0.70711,-0.99944,-0.03332,-9.04,-9.26,-14.34
2026-09-29T22:00:00Z,MTR,-9.04,68.1,980.7,10.99,22,272,-0.5,0.86603,-0.99944,-0.03332,-8.98,-9.71,-15.41
2026-09-29T23:00:00Z,MTR,-8.98,62.7,980.9,8.91,23,272,-0.25882,0.96593,-0.99944,-0.03332,-9.04,-8.74,-14.98
2026-09-30T00:00:00Z,MTR,-9.04,73.4,979.6,11.24,0,273,0.0,1.0,-0.99987,-0.01613,-8.74,-9.69,-15.2
2026-09-30T01:00:00Z,MTR,-8.74,59.8,980.9,8.92,1,273,0.25882,0.96593,-0.99987,-0.01613,-8.79,-8.94,-15.37
2026-09-30T02:00:00Z,MTR,-8.79,63.4,981.9,11.47,2,273,0.5,0.86603,-0.99987,-0.01613,-9.26,-8.34,-15.51
2026-09-30T03:00:00Z,MTR,-9.26,71.6,984.7,7.7,3,273,0.70711,0.70711,-0.99987,-0.01613,-9.71,-6.73,-14.52
2026-09-30T04:00:00Z,MTR,-9.71,62.7,986.9,9.18,4,273,0.86603,0.5,-0.99987,-0.01613,-8.74,-9.34,-14.89
2026-09-30T05:00:00Z,MTR,-8.74,65.9,985.5,11.78,5,273,0.96593,0.25882,-0.99987,-0.01613,-9.69,-10.08,-14.96
2026-09-30T06:00:00Z,MTR,-9.69,60.1,986.8,9.7,6,273,1.0,0.0,-0.99987,-0.01613,-8.94,-11.5,-15.23
2026-09-30T07:00:00Z,MTR,-8.94,56.7,984.9,13.13,7,273,0.96593,-0.25882,-0.99987,-0.01613,-8.34,-12.2,-15.37
2026-09-30T08:00:00Z,MTR,-8.34,69.5,986.0,9.11,8,273,0.86603,-0.5,-0.99987,-0.01613,-6.73,-11.77,-14.26
2026-09-30T09:00:00Z,MTR,-6.73,64.0,984.8,9.42,9,273,0.70711,-0.70711,-0.99987,-0.01613,-9.34,-13.17,-13.95
2026-09-30T10:00:00Z,MTR,-9.34,70.1,982.8,10.66,10,273,0.5,-0.86603,-0.99987,-0.01613,-10.08,-13.77,-13.88
2026-09-30T11:00:00Z,MTR,-10.08,65.6,983.2,17.28,11,273,0.25882,-0.96593,-0.99987,-0.01613,-11.5,-9.36,-14.75
2026-09-30T12:00:00Z,MTR,-11.5,70.8,978.3,13.86,12,273,0.0,-1.0,-0.99987,-0.01613,-12.2,-9.19,-15.44
2026-09-30T13:00:00Z,MTR,-12.2,71.1,975.2,11.09,13,273,-0.25882,-0.96593,-0.99987,-0.01613,-11.77,-9.15,-15.02
2026-09-30T14:00:00Z,MTR,-11.77,75.0,975.1,13.61,14,273,-0.5,-0.86603,-0.99987,-0.01613,-13.17,-12.57,-15.28
2026-09-30T15:00:00Z,MTR,-13.17,71.1,975.5,12.98,15,273,-0.70711,-0.70711,-0.99987,-0.01613,-13.77,-14.34,-15.61
2026-09-30T16:00:00Z,MTR,-13.77,69.9,975.0,14.27,16,273,-0.86603,-0.5,-0.99987,-0.01613,-9.36,-15.41,-15.57
2026-09-30T17:00:00Z,MTR,-9.36,76.8,972.4,17.44,17,273,-0.96593,-0.25882,-0.99987,-0.01613,-9.19,-14.98,-15.37
2026-09-30T18:00:00Z,MTR,-9.19,82.0,971.3,18.74,18,273,-1.0,-0.0,-0.99987,-0.01613,-9.15,-15.2,-15.17
2026-09-30T19:00:00Z,MTR,-9.15,83.3,972.4,16.33,19,273,-0.96593,0.25882,-0.99987,-0.01613,-12.57,-15.37,-15.36
2026-09-30T20:00:00Z,MTR,-12.57,70.4,973.9,19.98,20,273,-0.86603,0.5,-0.99987,-0.01613,-14.34,-15.51,-15.41
2026-09-30T21:00:00Z,MTR,-14.34,79.2,974.1,12.98,21,273,-0.70711,0.70711,-0.99987,-0.01613,-15.41,-14.52,-14.97
2026-09-30T22:00:00Z,MTR,-15.41,69.0,976.6,13.52,22,273,-0.5,0.86603,-0.99987,-0.01613,-14.98,-14.89,-16.63
2026-09-30T23:00:00Z,MTR,-14.98,66.9,977.5,14.71,23,273,-0.25882,0.96593,-0.99987,-0.01613,-15.2,-14.96,-16.39
2026-10-01T00:00:00Z,MTR,-15.2,67.1,976.4,10.79,0,274,0.0,1.0,-1.0,0.00108,-15.37,-15.23,-15.48
2026-10-01T01:00:00Z,MTR,-15.37,85.8,976.2,13.24,1,274,0.25882,0.96593,-1.0,0.00108,-15.51,-15.37,-15.94
2026-10-01T02:00:00Z,MTR,-15.51,78.7,974.0,13.51,2,274,0.5,0.86603,-1.0,0.00108,-14.52,-14.26,-16.8
2026-10-01T03:00:00Z,MTR,-14.52,69.5,974.3,15.45,3,274,0.70711,0.70711,-1.0,0.00108,-14.89,-13.95,-15.59
2026-10-01T04:00:00Z,MTR,-14.89,69.5,976.9,13.83,4,274,0.86603,0.5,-1.0,0.00108,-14.96,-13.88,-16.11
2026-10-01T05:00:00Z,MTR,-14.96,63.1,978.6,11.79,5,274,0.96593,0.25882,-1.0,0.00108,-15.23,-14.75,-15.78
2026-10-01T06:00:00Z,MTR,-15.23,59.8,981.6,9.98,6,274,1.0,0.0,-1.0,0.00108,-15.37,-15.44,-15.07
2026-10-01T07:00:00Z,MTR,-15.37,60.8,981.4,13.36,7,274,0.96593,-0.25882,-1.0,0.00108,-14.26,-15.02,-15.31
2026-10-01T08:00:00Z,MTR,-14.26,58.7,984.2,10.52,8,274,0.86603,-0.5,-1.0,0.00108,-13.95,-15.28,-16.06
2026-10-01T09:00:00Z,MTR,-13.95,67.9,984.3,11.23,9,274,0.70711,-0.70711,-1.0,0.00108,-13.88,-15.61,-15.42
2026-10-01T10:00:00Z,MTR,-13.88,65.7,987.3,9.01,10,274,0.5,-0.86603,-1.0,0.00108,-14.75,-15.57,-16.14
2026-10-01T11:00:00Z,MTR,-14.75,55.1,987.6,7.75,11,274,0.25882,-0.96593,-1.0,0.00108,-15.44,-15.37,-15.35
2026-10-01T12:00:00Z,MTR,-15.44,56.3,989.3,8.74,12,274,0.0,-1.0,-1.0,0.00108,-15.02,-15.17,-15.33
2026-10-01T13:00:00Z,MTR,-15.02,59.1,992.3,7.46,13,274,-0.25882,-0.96593,-1.0,0.00108,-15.28,-15.36,-13.68
2026-10-01T14:00:00Z,MTR,-15.28,53.5,992.3,2.22,14,274,-0.5,-0.86603,-1.0,0.00108,-15.61,-15.41,-13.74
2026-10-01T15:00:00Z,MTR,-15.61,55.7,993.1,6.87,15,274,-0.70711,-0.70711,-1.0,0.00108,-15.57,-14.97,-14.52
2026-10-01T16:00:00Z,MTR,-15.57,48.8,995.8,7.24,16,274,-0.86603,-0.5,-1.0,0.00108,-15.37,-16.63,-14.2
2026-10-01T17:00:00Z,MTR,-15.37,58.1,995.9,4.43,17,274,-0.96593,-0.25882,-1.0,0.00108,-15.17,-16.39,-13.74
2026-10-01T18:00:00Z,MTR,-15.17,62.1,993.9,8.26,18,274,-1.0,-0.0,-1.0,0.00108,-15.36,-15.48,-15.14
2026-10-01T19:00:00Z,MTR,-15.36,53.0,998.4,9.14,19,274,-0.96593,0.25882,-1.0,0.00108,-15.41,-15.94,-14.82
2026-10-01T20:00:00Z,MTR,-15.41,46.3,997.9,7.43,20,274,-0.86603,0.5,-1.0,0.00108,-14.97,-16.8,-14.53
2026-10-01T21:00:00Z,MTR,-14.97,42.3,998.7,8.5,21,274,-0.70711,0.70711,-1.0,0.00108,-16.63,-15.59,-13.8
2026-10-01T22:00:00Z,MTR,-16.63,54.0,1001.2,5.1,22,274,-0.5,0.86603,-1.0,0.00108,-16.39,-16.11,-14.61
2026-10-01T23:00:00Z,MTR,-16.39,47.8,1000.6,5.77,23,274,-0.25882,0.96593,-1.0,0.00108,-15.48,-15.78,-14.05
2026-10-02T00:00:00Z,MTR,-15.48,47.7,999.2,4.24,0,275,0.0,1.0,-0.99983,0.01828,-15.94,-15.07,-13.49
2026-10-02T01:00:00Z,MTR,-15.94,50.2,1000.2,6.42,1,275,0.25882,0.96593,-0.99983,0.01828,-16.8,-15.31,-13.71
2026-10-02T02:00:00Z,MTR,-16.8,50.5,997.6,9.76,2,275,0.5,0.86603,-0.99983,0.01828,-15.59,-16.06,-11.73
2026-10-02T03:00:00Z,MTR,-15.59,48.0,997.7,6.86,3,275,0.70711,0.70711,-0.99983,0.01828,-16.11,-15.42,-12.77
2026-10-02T04:00:00Z,MTR,-16.11,60.1,998.9,9.71,4,275,0.86603,0.5,-0.99983,0.01828,-15.78,-16.14,-13.03
2026-10-02T05:00:00Z,MTR,-15.78,53.1,999.0,4.22,5,275,0.96593,0.25882,-0.99983,0.01828,-15.07,-15.35,-13.48
2026-10-02T06:00:00Z,MTR,-15.07,57.9,996.9,4.96,6,275,1.0,0.0,-0.99983,0.01828,-15.31,-15.33,-12.87
2026-10-02T07:00:00Z,MTR,-15.31,53.5,1000.5,3.55,7,275,0.96593,-0.25882,-0.99983,0.01828,-16.06,-13.68,-11.26
2026-10-02T08:00:00Z,MTR,-16.06,34.1,1001.2,0.73,8,275,0.86603,-0.5,-0.99983,0.01828,-15.42,-13.74,-9.98
2026-10-02T09:00:00Z,MTR,-15.42,46.2,1004.2,4.1,9,275,0.70711,-0.70711,-0.99983,0.01828,-16.14,-14.52,-11.87
2026-10-02T10:00:00Z,MTR,-16.14,44.6,1004.0,3.73,10,275,0.5,-0.86603,-0.99983,0.01828,-15.35,-14.2,-10.55
2026-10-02T11:00:00Z,MTR,-15.35,40.4,1002.7,3.94,11,275,0.25882,-0.96593,-0.99983,0.01828,-15.33,-13.74,-10.97
2026-10-02T12:00:00Z,MTR,-15.33,58.3,1003.4,6.48,12,275,0.0,-1.0,-0.99983,0.01828,-13.68,-15.14,-11.6
2026-10-02T13:00:00Z,MTR,-13.68,44.7,1003.1,6.78,13,275,-0.25882,-0.96593,-0.99983,0.01828,-13.74,-14.82,-11.66
2026-10-02T14:00:00Z,MTR,-13.74,43.3,1001.1,6.74,14,275,-0.5,-0.86603,-0.99983,0.01828,-14.52,-14.53,-12.14
2026-10-02T15:00:00Z,MTR,-14.52,41.3,1003.9,2.73,15,275,-0.70711,-0.70711,-0.99983,0.01828,-14.2,-13.8,-12.71
2026-10-02T16:00:00Z,MTR,-14.2,46.3,1002.7,3.04,16,275,-0.86603,-0.5,-0.99983,0.01828,-13.74,-14.61,-13.63
2026-10-02T17:00:00Z,MTR,-13.74,48.8,999.2,2.72,17,275,-0.96593,-0.25882,-0.99983,0.01828,-15.14,-14.05,-13.74
2026-10-02T18:00:00Z,MTR,-15.14,42.0,1001.6,4.1,18,275,-1.0,-0.0,-0.99983,0.01828,-14.82,-13.49,-13.21
2026-10-02T19:00:00Z,MTR,-14.82,51.1,1000.4,7.76,19,275,-0.96593,0.25882,-0.99983,0.01828,-14.53,-13.71,-12.88
2026-10-02T20:00:00Z,MTR,-14.53,48.8,999.0,8.93,20,275,-0.86603,0.5,-0.99983,0.01828,-13.8,-11.73,-13.35
2026-10-02T21:00:00Z,MTR,-13.8,50.1,995.5,6.33,21,275,-0.70711,0.70711,-0.99983,0.01828,-14.61,-12.77,-12.9
2026-10-02T22:00:00Z,MTR,-14.61,47.4,998.4,6.04,22,275,-0.5,0.86603,-0.99983,0.01828,-14.05,-13.03,-12.06
2026-10-02T23:00:00Z,MTR,-14.05,44.7,995.6,3.5,23,275,-0.25882,0.96593,-0.99983,0.01828,-13.49,-13.48,-12.09
2026-10-03T00:00:00Z,MTR,-13.49,46.4,995.2,4.67,0,276,0.0,1.0,-0.99937,0.03547,-13.71,-12.87,-6.2
2026-10-03T01:00:00Z,MTR,-13.71,46.0,996.3,8.44,1,276,0.25882,0.96593,-0.99937,0.03547,-11.73,-11.26,-5.9
2026-10-03T02:00:00Z,MTR,-11.73,38.4,996.3,5.28,2,276,0.5,0.86603,-0.99937,0.03547,-12.77,-9.98,-6.36
2026-10-03T03:00:00Z,MTR,-12.77,55.0,995.3,12.01,3,276,0.70711,0.70711,-0.99937,0.03547,-13.03,-11.87,-7.7
2026-10-03T04:00:00Z,MTR,-13.03,52.2,991.4,12.42,4,276,0.86603,0.5,-0.99937,0.03547,-13.48,-10.55,-7.37
2026-10-03T05:00:00Z,MTR,-13.48,56.5,989.1,9.12,5,276,0.96593,0.25882,-0.99937,0.03547,-12.87,-10.97,-6.92
2026-10-03T06:00:00Z,MTR,-12.87,58.1,988.7,10.94,6,276,1.0,0.0,-0.99937,0.03547,-11.26,-11.6,-7.19
2026-10-03T07:00:00Z,MTR,-11.26,56.3,986.4,8.79,7,276,0.96593,-0.25882,-0.99937,0.03547,-9.98,-11.66,-7.92
2026-10-03T08:00:00Z,MTR,-9.98,59.6,985.9,7.71,8,276,0.86603,-0.5,-0.99937,0.03547,-11.87,-12.14,-7.49
2026-10-03T09:00:00Z,MTR,-11.87,61.8,986.3,8.89,9,276,0.70711,-0.70711,-0.99937,0.03547,-10.55,-12.71,-5.95
2026-10-03T10:00:00Z,MTR,-10.55,56.1,987.0,5.4,10,276,0.5,-0.86603,-0.99937,0.03547,-10.97,-13.63,-5.4
2026-10-03T11:00:00Z,MTR,-10.97,60.4,983.7,12.32,11,276,0.25882,-0.96593,-0.99937,0.03547,-11.6,-13.74,-4.34
2026-10-03T12:00:00Z,MTR,-11.6,57.8,986.6,8.26,12,276,0.0,-1.0,-0.99937,0.03547,-11.66,-13.21,-2.88
2026-10-03T13:00:00Z,MTR,-11.66,65.2,986.8,7.39,13,276,-0.25882,-0.96593,-0.99937,0.03547,-12.14,-12.88,-2.53
2026-10-03T14:00:00Z,MTR,-12.14,59.1,985.5,8.05,14,276,-0.5,-0.86603,-0.99937,0.03547,-12.71,-13.35,-4.72
2026-10-03T15:00:00Z,MTR,-12.71,62.4,986.2,9.13,15,276,-0.70711,-0.70711,-0.99937,0.03547,-13.63,-12.9,-3.35
2026-10-03T16:00:00Z,MTR,-13.63,55.9,989.1,8.36,16,276,-0.86603,-0.5,-0.99937,0.03547,-13.74,-12.06,-6.6
2026-10-03T17:00:00Z,MTR,-13.74,62.2,985.0,9.19,17,276,-0.96593,-0.25882,-0.99937,0.03547,-13.21,-12.09,-7.81
2026-10-03T18:00:00Z,MTR,-13.21,68.9,983.3,9.76,18,276,-1.0,-0.0,-0.99937,0.03547,-12.88,-6.2,-6.06
2026-10-03T19:00:00Z,MTR,-12.88,67.7,977.8,16.39,19,276,-0.96593,0.25882,-0.99937,0.03547,-13.35,-5.9,-5.41
2026-10-03T20:00:00Z,MTR,-13.35,82.9,977.1,12.96,20,276,-0.86603,0.5,-0.99937,0.03547,-12.9,-6.36,-7.0
2026-10-03T21:00:00Z,MTR,-12.9,74.5,976.8,15.14,21,276,-0.70711,0.70711,-0.99937,0.03547,-12.06,-7.7,-8.09
2026-10-03T22:00:00Z,MTR,-12.06,74.3,975.8,13.67,22,276,-0.5,0.86603,-0.99937,0.03547,-12.09,-7.37,-10.03
2026-10-03T23:00:00Z,MTR,-12.09,69.0,973.8,10.14,23,276,-0.25882,0.96593,-0.99937,0.03547,-6.2,-6.92,-12.05
2026-10-04T00:00:00Z,MTR,-6.2,82.6,969.4,12.54,0,277,0.0,1.0,-0.99861,0.05266,-5.9,-7.19,-15.38
2026-10-04T01:00:00Z,MTR,-5.9,87.9,969.6,13.96,1,277,0.25882,0.96593,-0.99861,0.05266,-6.36,-7.92,-15.1
2026-10-04T02:00:00Z,MTR,-6.36,75.2,971.7,19.01,2,277,0.5,0.86603,-0.99861,0.05266,-7.7,-7.49,-15.16
2026-10-04T03:00:00Z,MTR,-7.7,75.2,970.2,17.83,3,277,0.70711,0.70711,-0.99861,0.05266,-7.37,-5.95,-15.39
2026-10-04T04:00:00Z,MTR,-7.37,80.0,970.6,17.88,4,277,0.86603,0.5,-0.99861,0.05266,-6.92,-5.4,-15.03
2026-10-04T05:00:00Z,MTR,-6.92,76.9,967.4,14.4,5,277,0.96593,0.25882,-0.99861,0.05266,-7.19,-4.34,-14.77
2026-10-04T06:00:00Z,MTR,-7.19,78.9,968.1,14.12,6,277,1.0,0.0,-0.99861,0.05266,-7.92,-2.88,-14.98
2026-10-04T07:00:00Z,MTR,-7.92,85.8,967.3,13.05,7,277,0.96593,-0.25882,-0.99861,0.05266,-7.49,-2.53,-14.3
2026-10-04T08:00:00Z,MTR,-7.49,92.5,965.9,15.22,8,277,0.86603,-0.5,-0.99861,0.05266,-5.95,-4.72,-12.71
2026-10-04T09:00:00Z,MTR,-5.95,90.5,964.6,19.03,9,277,0.70711,-0.70711,-0.99861,0.05266,-5.4,-3.35,-12.8
2026-10-04T10:00:00Z,MTR,-5.4,80.6,964.2,13.79,10,277,0.5,-0.86603,-0.99861,0.05266,-4.34,-6.6,-13.82
2026-10-04T11:00:00Z,MTR,-4.34,82.8,965.3,14.91,11,277,0.25882,-0.96593,-0.99861,0.05266,-2.88,-7.81,-13.09
2026-10-04T12:00:00Z,MTR,-2.88,85.6,963.3,18.59,12,277,0.0,-1.0,-0.99861,0.05266,-2.53,-6.06,-14.06
2026-10-04T13:00:00Z,MTR,-2.53,88.0,963.1,18.64,13,277,-0.25882,-0.96593,-0.99861,0.05266,-4.72,-5.41,-14.79
2026-10-04T14:00:00Z,MTR,-4.72,90.3,963.7,15.17,14,277,-0.5,-0.86603,-0.99861,0.05266,-3.35,-7.0,-15.03
2026-10-04T15:00:00Z,MTR,-3.35,84.4,962.4,19.37,15,277,-0.70711,-0.70711,-0.99861,0.05266,-6.6,-8.09,-14.67
2026-10-04T16:00:00Z,MTR,-6.6,94.0,966.4,14.82,16,277,-0.86603,-0.5,-0.99861,0.05266,-7.81,-10.03,-14.51
2026-10-04T17:00:00Z,MTR,-7.81,78.3,965.6,13.68,17,277,-0.96593,-0.25882,-0.99861,0.05266,-6.06,-12.05,-15.02
2026-10-04T18:00:00Z,MTR,-6.06,81.4,965.1,19.11,18,277,-1.0,-0.0,-0.99861,0.05266,-5.41,-15.38,-16.28
2026-10-04T19:00:00Z,MTR,-5.41,82.7,964.3,19.98,19,277,-0.96593,0.25882,-0.99861,0.05266,-7.0,-15.1,-13.9
2026-10-04T20:00:00Z,MTR,-7.0,94.1,968.5,17.71,20,277,-0.86603,0.5,-0.99861,0.05266,-8.09,-15.16,-14.05
2026-10-04T21:00:00Z,MTR,-8.09,88.1,970.3,17.23,21,277,-0.70711,0.70711,-0.99861,0.05266,-10.03,-15.39,-13.41
2026-10-04T22:00:00Z,MTR,-10.03,75.9,969.4,14.52,22,277,-0.5,0.86603,-0.99861,0.05266,-12.05,-15.03,-12.99
2026-10-04T23:00:00Z,MTR,-12.05,74.5,972.2,13.54,23,277,-0.25882,0.96593,-0.99861,0.05266,-15.38,-14.77,-11.96
2026-10-05T00:00:00Z,MTR,-15.38,76.0,973.4,16.25,0,278,0.0,1.0,-0.99756,0.06983,-15.1,-14.98,-12.57
2026-10-05T01:00:00Z,MTR,-15.1,73.3,974.6,17.6,1,278,0.25882,0.96593,-0.99756,0.06983,-15.16,-14.3,-12.34
2026-10-05T02:00:00Z,MTR,-15.16,78.6,974.7,12.47,2,278,0.5,0.86603,-0.99756,0.06983,-15.39,-12.71,-12.64
2026-10-05T03:00:00Z,MTR,-15.39,77.8,974.1,14.84,3,278,0.70711,0.70711,-0.99756,0.06983,-15.03,-12.8,-13.5
2026-10-05T04:00:00Z,MTR,-15.03,75.3,975.5,15.72,4,278,0.86603,0.5,-0.99756,0.06983,-14.77,-13.82,-12.51
2026-10-05T05:00:00Z,MTR,-14.77,77.8,975.2,13.16,5,278,0.96593,0.25882,-0.99756,0.06983,-14.98,-13.09,-12.89
2026-10-05T06:00:00Z,MTR,-14.98,70.8,979.3,9.51,6,278,1.0,0.0,-0.99756,0.06983,-14.3,-14.06,-12.15
2026-10-05T07:00:00Z,MTR,-14.3,74.8,977.6,13.28,7,278,0.96593,-0.25882,-0.99756,0.06983,-12.71,-14.79,-10.54
2026-10-05T08:00:00Z,MTR,-12.71,68.6,981.0,12.29,8,278,0.86603,-0.5,-0.99756,0.06983,-12.8,-15.03,-9.07
2026-10-05T09:00:00Z,MTR,-12.8,76.1,981.3,12.44,9,278,0.70711,-0.70711,-0.99756,0.06983,-13.82,-14.67,-9.68
2026-10-05T10:00:00Z,MTR,-13.82,67.0,982.3,11.91,10,278,0.5,-0.86603,-0.99756,0.06983,-13.09,-14.51,-8.9
2026-10-05T11:00:00Z,MTR,-13.09,63.1,984.2,9.93,11,278,0.25882,-0.96593,-0.99756,0.06983,-14.06,-15.02,-8.54
2026-10-05T12:00:00Z,MTR,-14.06,69.2,983.4,12.03,12,278,0.0,-1.0,-0.99756,0.06983,-14.79,-16.28,-9.62
2026-10-05T13:00:00Z,MTR,-14.79,65.7,985.2,10.51,13,278,-0.25882,-0.96593,-0.99756,0.06983,-15.03,-13.9,-11.25
2026-10-05T14:00:00Z,MTR,-15.03,66.7,980.6,8.0,14,278,-0.5,-0.86603,-0.99756,0.06983,-14.67,-14.05,-11.48
2026-10-05T15:00:00Z,MTR,-14.67,59.6,979.7,8.3,15,278,-0.70711,-0.70711,-0.99756,0.06983,-14.51,-13.41,-10.88
2026-10-05T16:00:00Z,MTR,-14.51,77.2,978.5,12.27,16,278,-0.86603,-0.5,-0.99756,0.06983,-15.02,-12.99,-8.61
2026-10-05T17:00:00Z,MTR,-15.02,78.9,976.8,14.81,17,278,-0.96593,-0.25882,-0.99756,0.06983,-16.28,-11.96,-10.14
2026-10-05T18:00:00Z,MTR,-16.28,67.7,977.0,13.07,18,278,-1.0,-0.0,-0.99756,0.06983,-13.9,-12.57,-10.05
2026-10-05T19:00:00Z,MTR,-13.9,73.8,978.2,16.33,19,278,-0.96593,0.25882,-0.99756,0.06983,-14.05,-12.34,-10.97
2026-10-05T20:00:00Z,MTR,-14.05,66.1,979.9,12.11,20,278,-0.86603,0.5,-0.99756,0.06983,-13.41,-12.64,-10.55
2026-10-05T21:00:00Z,MTR,-13.41,71.0,980.7,13.54,21,278,-0.70711,0.70711,-0.99756,0.06983,-12.99,-13.5,-10.47
2026-10-05T22:00:00Z,MTR,-12.99,75.3,979.8,15.26,22,278,-0.5,0.86603,-0.99756,0.06983,-11.96,-12.51,-10.31
2026-10-05T23:00:00Z,MTR,-11.96,67.4,980.8,12.7,23,278,-0.25882,0.96593,-0.99756,0.06983,-12.57,-12.89,-10.4
2026-10-06T00:00:00Z,MTR,-12.57,70.5,981.3,10.94,0,279,0.0,1.0,-0.99621,0.08698,-12.34,-12.15,-10.92
2026-10-06T01:00:00Z,MTR,-12.34,58.4,983.2,12.19,1,279,0.25882,0.96593,-0.99621,0.08698,-12.64,-10.54,-10.36
2026-10-06T02:00:00Z,MTR,-12.64,59.5,984.7,11.79,2,279,0.5,0.86603,-0.99621,0.08698,-13.5,-9.07,-9.75
2026-10-06T03:00:00Z,MTR,-13.5,69.0,984.9,14.37,3,279,0.70711,0.70711,-0.99621,0.08698,-12.51,-9.68,-8.98
2026-10-06T04:00:00Z,MTR,-12.51,62.6,983.3,13.55,4,279,0.86603,0.5,-0.99621,0.08698,-12.89,-8.9,-8.41
2026-10-06T05:00:00Z,MTR,-12.89,61.7,982.2,10.36,5,279,0.96593,0.25882,-0.99621,0.08698,-12.15,-8.54,-9.02
2026-10-06T06:00:00Z,MTR,-12.15,62.5,981.5,8.59,6,279,1.0,0.0,-0.99621,0.08698,-10.54,-9.62,-9.0
2026-10-06T07:00:00Z,MTR,-10.54,62.4,981.1,13.22,7,279,0.96593,-0.25882,-0.99621,0.08698,-9.07,-11.25,-8.51
2026-10-06T08:00:00Z,MTR,-9.07,70.7,981.9,8.65,8,279,0.86603,-0.5,-0.99621,0.08698,-9.68,-11.48,-8.86
2026-10-06T09:00:00Z,MTR,-9.68,70.1,983.4,10.49,9,279,0.70711,-0.70711,-0.99621,0.08698,-8.9,-10.88,-9.63
2026-10-06T10:00:00Z,MTR,-8.9,61.1,983.6,11.58,10,279,0.5,-0.86603,-0.99621,0.08698,-8.54,-8.61,-9.78
2026-10-06T11:00:00Z,MTR,-8.54,59.7,983.8,13.47,11,279,0.25882,-0.96593,-0.99621,0.08698,-9.62,-10.14,-9.67
2026-10-06T12:00:00Z,MTR,-9.62,63.2,984.4,10.17,12,279,0.0,-1.0,-0.99621,0.08698,-11.25,-10.05,-7.28
2026-10-06T13:00:00Z,MTR,-11.25,59.3,983.7,12.72,13,279,-0.25882,-0.96593,-0.99621,0.08698,-11.48,-10.97,-6.66
2026-10-06T14:00:00Z,MTR,-11.48,69.3,982.4,10.43,14,279,-0.5,-0.86603,-0.99621,0.08698,-10.88,-10.55,-7.69
2026-10-06T15:00:00Z,MTR,-10.88,68.4,979.7,10.16,15,279,-0.70711,-0.70711,-0.99621,0.08698,-8.61,-10.47,-8.75
2026-10-06T16:00:00Z,MTR,-8.61,69.2,979.0,17.02,16,279,-0.86603,-0.5,-0.99621,0.08698,-10.14,-10.31,-10.08
2026-10-06T17:00:00Z,MTR,-10.14,72.1,980.6,8.53,17,279,-0.96593,-0.25882,-0.99621,0.08698,-10.05,-10.4,-10.01
2026-10-06T18:00:00Z,MTR,-10.05,65.3,980.0,17.0,18,279,-1.0,-0.0,-0.99621,0.08698,-10.97,-10.92,-10.83
2026-10-06T19:00:00Z,MTR,-10.97,67.8,980.4,17.68,19,279,-0.96593,0.25882,-0.99621,0.08698,-10.55,-10.36,-11.23
2026-10-06T20:00:00Z,MTR,-10.55,60.7,982.0,12.37,20,279,-0.86603,0.5,-0.99621,0.08698,-10.47,-9.75,-11.7
2026-10-06T21:00:00Z,MTR,-10.47,58.5,983.7,13.7,21,279,-0.70711,0.70711,-0.99621,0.08698,-10.31,-8.98,-10.06
2026-10-06T22:00:00Z,MTR,-10.31,60.7,982.5,9.28,22,279,-0.5,0.86603,-0.99621,0.08698,-10.4,-8.41,-9.26
2026-10-06T23:00:00Z,MTR,-10.4,59.2,985.2,11.53,23,279,-0.25882,0.96593,-0.99621,0.08698,-10.92,-9.02,-10.23
2026-10-07T00:00:00Z,MTR,-10.92,55.2,988.0,9.15,0,280,0.0,1.0,-0.99457,0.1041,-10.36,-9.0,-10.98
2026-10-07T01:00:00Z,MTR,-10.36,61.4,986.6,11.59,1,280,0.25882,0.96593,-0.99457,0.1041,-9.75,-8.51,-10.18
2026-10-07T02:00:00Z,MTR,-9.75,61.6,986.0,10.12,2,280,0.5,0.86603,-0.99457,0.1041,-8.98,-8.86,-11.05
2026-10-07T03:00:00Z,MTR,-8.98,51.5,989.0,10.97,3,280,0.70711,0.70711,-0.99457,0.1041,-8.41,-9.63,-10.16
2026-10-07T04:00:00Z,MTR,-8.41,62.2,989.5,8.96,4,280,0.86603,0.5,-0.99457,0.1041,-9.02,-9.78,-9.72
2026-10-07T05:00:00Z,MTR,-9.02,53.6,986.3,8.1,5,280,0.96593,0.25882,-0.99457,0.1041,-9.0,-9.67,-10.21
2026-10-07T06:00:00Z,MTR,-9.0,55.4,984.7,12.41,6,280,1.0,0.0,-0.99457,0.1041,-8.51,-7.28,-9.46
2026-10-07T07:00:00Z,MTR,-8.51,67.7,985.3,9.65,7,280,0.96593,-0.25882,-0.99457,0.1041,-8.86,-6.66,-8.94
2026-10-07T08:00:00Z,MTR,-8.86,58.3,984.3,10.42,8,280,0.86603,-0.5,-0.99457,0.1041,-9.63,-7.69,-9.97
2026-10-07T09:00:00Z,MTR,-9.63,64.5,984.7,7.94,9,280,0.70711,-0.70711,-0.99457,0.1041,-9.78,-8.75,-9.79
2026-10-07T10:00:00Z,MTR,-9.78,58.0,985.9,5.91,10,280,0.5,-0.86603,-0.99457,0.1041,-9.67,-10.08,-9.96
2026-10-07T11:00:00Z,MTR,-9.67,52.0,989.6,5.29,11,280,0.25882,-0.96593,-0.99457,0.1041,-7.28,-10.01,-9.67
2026-10-07T12:00:00Z,MTR,-7.28,51.9,989.9,9.05,12,280,0.0,-1.0,-0.99457,0.1041,-6.66,-10.83,-9.88
2026-10-07T13:00:00Z,MTR,-6.66,55.8,992.7,5.36,13,280,-0.25882,-0.96593,-0.99457,0.1041,-7.69,-11.23,-9.78
2026-10-07T14:00:00Z,MTR,-7.69,46.6,995.9,7.31,14,280,-0.5,-0.86603,-0.99457,0.1041,-8.75,-11.7,-10.53
2026-10-07T15:00:00Z,MTR,-8.75,53.9,999.0,8.14,15,280,-0.70711,-0.70711,-0.99457,0.1041,-10.08,-10.06,-10.95
2026-10-07T16:00:00Z,MTR,-10.08,39.4,999.8,6.09,16,280,-0.86603,-0.5,-0.99457,0.1041,-10.01,-9.26,-12.31
2026-10-07T17:00:00Z,MTR,-10.01,57.5,996.5,6.51,17,280,-0.96593,-0.25882,-0.99457,0.1041,-10.83,-10.23,-12.96
2026-10-07T18:00:00Z,MTR,-10.83,38.9,997.7,6.57,18,280,-1.0,-0.0,-0.99457,0.1041,-11.23,-10.98,-13.61
2026-10-07T19:00:00Z,MTR,-11.23,49.6,999.8,10.15,19,280,-0.96593,0.25882,-0.99457,0.1041,-11.7,-10.18,-14.84
2026-10-07T20:00:00Z,MTR,-11.7,41.8,999.7,8.24,20,280,-0.86603,0.5,-0.99457,0.1041,-10.06,-11.05,-14.47
2026-10-07T21:00:00Z,MTR,-10.06,36.4,1002.9,7.34,21,280,-0.70711,0.70711,-0.99457,0.1041,-9.26,-10.16,-13.34
2026-10-07T22:00:00Z,MTR,-9.26,41.4,1004.2,3.72,22,280,-0.5,0.86603,-0.99457,0.1041,-10.23,-9.72,-13.83
2026-10-07T23:00:00Z,MTR,-10.23,44.1,1004.8,1.84,23,280,-0.25882,0.96593,-0.99457,0.1041,-10.98,-10.21,-12.89
2026-10-08T00:00:00Z,MTR,-10.98,38.1,1006.3,1.39,0,281,0.0,1.0,-0.99263,0.12119,-10.18,-9.46,-7.26
2026-10-08T01:00:00Z,MTR,-10.18,39.3,1006.3,2.67,1,281,0.25882,0.96593,-0.99263,0.12119,-11.05,-8.94,-7.96
2026-10-08T02:00:00Z,MTR,-11.05,46.6,1001.0,5.18,2,281,0.5,0.86603,-0.99263,0.12119,-10.16,-9.97,-6.0
2026-10-08T03:00:00Z,MTR,-10.16,51.4,999.5,9.42,3,281,0.70711,0.70711,-0.99263,0.12119,-9.72,-9.79,-5.46
2026-10-08T04:00:00Z,MTR,-9.72,52.2,1001.1,0.2,4,281,0.86603,0.5,-0.99263,0.12119,-10.21,-9.96,-5.63
2026-10-08T05:00:00Z,MTR,-10.21,43.8,998.8,4.46,5,281,0.96593,0.25882,-0.99263,0.12119,-9.46,-9.67,-4.72
2026-10-08T06:00:00Z,MTR,-9.46,51.8,997.7,6.77,6,281,1.0,0.0,-0.99263,0.12119,-8.94,-9.88,-4.42
2026-10-08T07:00:00Z,MTR,-8.94,49.5,994.9,7.6,7,281,0.96593,-0.25882,-0.99263,0.12119,-9.97,-9.78,-2.59
2026-10-08T08:00:00Z,MTR,-9.97,47.9,997.4,3.74,8,281,0.86603,-0.5,-0.99263,0.12119,-9.79,-10.53,-1.92
2026-10-08T09:00:00Z,MTR,-9.79,51.5,999.4,8.19,9,281,0.70711,-0.70711,-0.99263,0.12119,-9.96,-10.95,0.1
2026-10-08T10:00:00Z,MTR,-9.96,50.2,996.6,2.88,10,281,0.5,-0.86603,-0.99263,0.12119,-9.67,-12.31,1.27
2026-10-08T11:00:00Z,MTR,-9.67,47.2,995.6,5.26,11,281,0.25882,-0.96593,-0.99263,0.12119,-9.88,-12.96,0.43
2026-10-08T12:00:00Z,MTR,-9.88,54.2,993.2,6.16,12,281,0.0,-1.0,-0.99263,0.12119,-9.78,-13.61,-0.53
2026-10-08T13:00:00Z,MTR,-9.78,55.5,993.1,6.17,13,281,-0.25882,-0.96593,-0.99263,0.12119,-10.53,-14.84,-2.69
2026-10-08T14:00:00Z,MTR,-10.53,58.4,992.7,9.66,14,281,-0.5,-0.86603,-0.99263,0.12119,-10.95,-14.47,-2.3
2026-10-08T15:00:00Z,MTR,-10.95,60.0,992.8,6.94,15,281,-0.70711,-0.70711,-0.99263,0.12119,-12.31,-13.34,-4.37
2026-10-08T16:00:00Z,MTR,-12.31,64.4,991.9,7.83,16,281,-0.86603,-0.5,-0.99263,0.12119,-12.96,-13.83,-3.82
2026-10-08T17:00:00Z,MTR,-12.96,51.6,995.7,7.68,17,281,-0.96593,-0.25882,-0.99263,0.12119,-13.61,-12.89,-6.18
2026-10-08T18:00:00Z,MTR,-13.61,49.1,992.2,5.84,18,281,-1.0,-0.0,-0.99263,0.12119,-14.84,-7.26,-7.26
2026-10-08T19:00:00Z,MTR,-14.84,62.7,987.5,11.75,19,281,-0.96593,0.25882,-0.99263,0.12119,-14.47,-7.96,-4.84
2026-10-08T20:00:00Z,MTR,-14.47,57.7,985.3,15.78,20,281,-0.86603,0.5,-0.99263,0.12119,-13.34,-6.0,-4.54
2026-10-08T21:00:00Z,MTR,-13.34,77.6,981.1,14.03,21,281,-0.70711,0.70711,-0.99263,0.12119,-13.83,-5.46,-6.76
2026-10-08T22:00:00Z,MTR,-13.83,68.5,977.2,11.66,22,281,-0.5,0.86603,-0.99263,0.12119,-12.89,-5.63,-8.08
2026-10-08T23:00:00Z,MTR,-12.89,79.2,974.4,12.24,23,281,-0.25882,0.96593,-0.99263,0.12119,-7.26,-4.72,-11.98
2026-10-09T00:00:00Z,MTR,-7.26,79.5,971.8,15.69,0,282,0.0,1.0,-0.9904,0.13825,-7.96,-4.42,-13.79
2026-10-09T01:00:00Z,MTR,-7.96,81.0,969.2,13.4,1,282,0.25882,0.96593,-0.9904,0.13825,-6.0,-2.59,-14.83
2026-10-09T02:00:00Z,MTR,-6.0,72.2,969.5,15.47,2,282,0.5,0.86603,-0.9904,0.13825,-5.46,-1.92,-15.01
2026-10-09T03:00:00Z,MTR,-5.46,78.6,967.9,18.09,3,282,0.70711,0.70711,-0.9904,0.13825,-5.63,0.1,-10.24
2026-10-09T04:00:00Z,MTR,-5.63,80.7,967.0,15.54,4,282,0.86603,0.5,-0.9904,0.13825,-4.72,1.27,-8.58
2026-10-09T05:00:00Z,MTR,-4.72,80.5,968.0,18.13,5,282,0.96593,0.25882,-0.9904,0.13825,-4.42,0.43,-7.6
2026-10-09T06:00:00Z,MTR,-4.42,82.7,966.1,10.91,6,282,1.0,0.0,-0.9904,0.13825,-2.59,-0.53,-8.16
2026-10-09T07:00:00Z,MTR,-2.59,81.6,965.2,17.07,7,282,0.96593,-0.25882,-0.9904,0.13825,-1.92,-2.69,-12.15
2026-10-09T08:00:00Z,MTR,-1.92,86.6,965.5,15.44,8,282,0.86603,-0.5,-0.9904,0.13825,0.1,-2.3,-12.46
2026-10-09T09:00:00Z,MTR,0.1,88.8,961.7,19.91,9,282,0.70711,-0.70711,-0.9904,0.13825,1.27,-4.37,-12.46
2026-10-09T10:00:00Z,MTR,1.27,96.4,957.3,18.26,10,282,0.5,-0.86603,-0.9904,0.13825,0.43,-3.82,-12.15
2026-10-09T11:00:00Z,MTR,0.43,84.8,958.2,18.03,11,282,0.25882,-0.96593,-0.9904,0.13825,-0.53,-6.18,-12.89
2026-10-09T12:00:00Z,MTR,-0.53,95.0,959.3,18.06,12,282,0.0,-1.0,-0.9904,0.13825,-2.69,-7.26,-12.32
2026-10-09T13:00:00Z,MTR,-2.69,94.5,963.3,15.42,13,282,-0.25882,-0.96593,-0.9904,0.13825,-2.3,-4.84,-11.23
2026-10-09T14:00:00Z,MTR,-2.3,85.1,963.7,15.42,14,282,-0.5,-0.86603,-0.9904,0.13825,-4.37,-4.54,-10.19
2026-10-09T15:00:00Z,MTR,-4.37,90.4,965.4,15.75,15,282,-0.70711,-0.70711,-0.9904,0.13825,-3.82,-6.76,-9.98
2026-10-09T16:00:00Z,MTR,-3.82,85.5,965.2,19.39,16,282,-0.86603,-0.5,-0.9904,0.13825,-6.18,-8.08,-10.12
2026-10-09T17:00:00Z,MTR,-6.18,81.3,966.0,14.84,17,282,-0.96593,-0.25882,-0.9904,0.13825,-7.26,-11.98,-11.96
2026-10-09T18:00:00Z,MTR,-7.26,80.7,969.4,13.34,18,282,-1.0,-0.0,-0.9904,0.13825,-4.84,-13.79,-13.07
2026-10-09T19:00:00Z,MTR,-4.84,92.6,965.8,18.48,19,282,-0.96593,0.25882,-0.9904,0.13825,-4.54,-14.83,-13.96
2026-10-09T20:00:00Z,MTR,-4.54,90.9,967.1,18.51,20,282,-0.86603,0.5,-0.9904,0.13825,-6.76,-15.01,-14.54
2026-10-09T21:00:00Z,MTR,-6.76,71.9,971.5,20.07,21,282,-0.70711,0.70711,-0.9904,0.13825,-8.08,-10.24,-13.82
2026-10-09T22:00:00Z,MTR,-8.08,71.6,972.4,13.92,22,282,-0.5,0.86603,-0.9904,0.13825,-11.98,-8.58,-13.53
2026-10-09T23:00:00Z,MTR,-11.98,74.3,975.8,18.46,23,282,-0.25882,0.96593,-0.9904,0.13825,-13.79,-7.6,-13.17
2026-10-10T00:00:00Z,MTR,-13.79,70.5,975.1,13.71,0,283,0.0,1.0,-0.98787,0.15527,-14.83,-8.16,-12.47
2026-10-10T01:00:00Z,MTR,-14.83,74.9,975.5,11.57,1,283,0.25882,0.96593,-0.98787,0.15527,-15.01,-12.15,-13.0
2026-10-10T02:00:00Z,MTR,-15.01,72.1,976.1,13.12,2,283,0.5,0.86603,-0.98787,0.15527,-10.24,-12.46,-13.1
2026-10-10T03:00:00Z,MTR,-10.24,73.7,972.7,12.2,3,283,0.70711,0.70711,-0.98787,0.15527,-8.58,-12.46,-12.87
2026-10-10T04:00:00Z,MTR,-8.58,87.7,971.5,14.23,4,283,0.86603,0.5,-0.98787,0.15527,-7.6,-12.15,-11.84
2026-10-10T05:00:00Z,MTR,-7.6,83.4,970.4,16.46,5,283,0.96593,0.25882,-0.98787,0.15527,-8.16,-12.89,-11.55
2026-10-10T06:00:00Z,MTR,-8.16,79.6,973.0,13.56,6,283,1.0,0.0,-0.98787,0.15527,-12.15,-12.32,-11.34
2026-10-10T07:00:00Z,MTR,-12.15,69.7,975.6,14.25,7,283,0.96593,-0.25882,-0.98787,0.15527,-12.46,-11.23,-11.99
2026-10-10T08:00:00Z,MTR,-12.46,71.6,977.1,13.0,8,283,0.86603,-0.5,-0.98787,0.15527,-12.46,-10.19,-12.2
2026-10-10T09:00:00Z,MTR,-12.46,69.0,979.5,13.77,9,283,0.70711,-0.70711,-0.98787,0.15527,-12.15,-9.98,-11.67
2026-10-10T10:00:00Z,MTR,-12.15,68.3,980.0,9.22,10,283,0.5,-0.86603,-0.98787,0.15527,-12.89,-10.12,-11.54
2026-10-10T11:00:00Z,MTR,-12.89,63.4,983.0,11.95,11,283,0.25882,-0.96593,-0.98787,0.15527,-12.32,-11.96,-12.47
2026-10-10T12:00:00Z,MTR,-12.32,70.1,983.7,13.72,12,283,0.0,-1.0,-0.98787,0.15527,-11.23,-13.07,-13.45
2026-10-10T13:00:00Z,MTR,-11.23,71.6,984.5,14.81,13,283,-0.25882,-0.96593,-0.98787,0.15527,-10.19,-13.96,-14.17
2026-10-10T14:00:00Z,MTR,-10.19,67.9,984.6,12.46,14,283,-0.5,-0.86603,-0.98787,0.15527,-9.98,-14.54,-14.34
2026-10-10T15:00:00Z,MTR,-9.98,60.8,986.5,9.33,15,283,-0.70711,-0.70711,-0.98787,0.15527,-10.12,-13.82,-13.65
2026-10-10T16:00:00Z,MTR,-10.12,58.8,986.3,7.12,16,283,-0.86603,-0.5,-0.98787,0.15527,-11.96,-13.53,-13.61
2026-10-10T17:00:00Z,MTR,-11.96,63.7,988.7,6.64,17,283,-0.96593,-0.25882,-0.98787,0.15527,-13.07,-13.17,-14.54
2026-10-10T18:00:00Z,MTR,-13.07,62.1,987.1,8.46,18,283,-1.0,-0.0,-0.98787,0.15527,-13.96,-12.47,-15.26
2026-10-10T19:00:00Z,MTR,-13.96,67.1,985.6,16.39,19,283,-0.96593,0.25882,-0.98787,0.15527,-14.54,-13.0,-14.98
2026-10-10T20:00:00Z,MTR,-14.54,62.3,987.5,10.65,20,283,-0.86603,0.5,-0.98787,0.15527,-13.82,-13.1,-14.54
2026-10-10T21:00:00Z,MTR,-13.82,56.9,987.8,11.41,21,283,-0.70711,0.70711,-0.98787,0.15527,-13.53,-12.87,-14.9
2026-10-10T22:00:00Z,MTR,-13.53,69.1,987.4,12.34,22,283,-0.5,0.86603,-0.98787,0.15527,-13.17,-11.84,-16.45
2026-10-10T23:00:00Z,MTR,-13.17,68.6,989.4,2.36,23,283,-0.25882,0.96593,-0.98787,0.15527,-12.47,-11.55,-15.94
2026-10-11T00:00:00Z,MTR,-12.47,56.1,988.6,6.16,0,284,0.0,1.0,-0.98506,0.17224,-13.0,-11.34,-15.67
2026-10-11T01:00:00Z,MTR,-13.0,60.1,988.6,13.12,1,284,0.25882,0.96593,-0.98506,0.17224,-13.1,-11.99,-14.13
2026-10-11T02:00:00Z,MTR,-13.1,55.1,991.4,11.2,2,284,0.5,0.86603,-0.98506,0.17224,-12.87,-12.2,-14.24
2026-10-11T03:00:00Z,MTR,-12.87,50.7,994.3,10.98,3,284,0.70711,0.70711,-0.98506,0.17224,-11.84,-11.67,-13.73
2026-10-11T04:00:00Z,MTR,-11.84,52.0,997.1,3.6,4,284,0.86603,0.5,-0.98506,0.17224,-11.55,-11.54,-13.94
2026-10-11T05:00:00Z,MTR,-11.55,48.4,996.3,8.62,5,284,0.96593,0.25882,-0.98506,0.17224,-11.34,-12.47,-13.09
2026-10-11T06:00:00Z,MTR,-11.34,42.9,998.3,3.42,6,284,1.0,0.0,-0.98506,0.17224,-11.99,-13.45,-12.29
2026-10-11T07:00:00Z,MTR,-11.99,52.7,996.3,5.92,7,284,0.96593,-0.25882,-0.98506,0.17224,-12.2,-14.17,-12.67
2026-10-11T08:00:00Z,MTR,-12.2,48.6,994.4,7.76,8,284,0.86603,-0.5,-0.98506,0.17224,-11.67,-14.34,-13.21
2026-10-11T09:00:00Z,MTR,-11.67,54.8,990.0,9.51,9,284,0.70711,-0.70711,-0.98506,0.17224,-11.54,-13.65,-11.94
2026-10-11T10:00:00Z,MTR,-11.54,51.0,993.0,7.82,10,284,0.5,-0.86603,-0.98506,0.17224,-12.47,-13.61,-12.0
2026-10-11T11:00:00Z,MTR,-12.47,58.1,991.3,7.0,11,284,0.25882,-0.96593,-0.98506,0.17224,-13.45,-14.54,-11.37
2026-10-11T12:00:00Z,MTR,-13.45,55.5,991.0,3.82,12,284,0.0,-1.0,-0.98506,0.17224,-14.17,-15.26,-11.55
2026-10-11T13:00:00Z,MTR,-14.17,48.9,989.2,8.25,13,284,-0.25882,-0.96593,-0.98506,0.17224,-14.34,-14.98,-12.95
2026-10-11T14:00:00Z,MTR,-14.34,56.9,990.5,3.33,14,284,-0.5,-0.86603,-0.98506,0.17224,-13.65,-14.54,-11.93
2026-10-11T15:00:00Z,MTR,-13.65,53.8,989.7,9.05,15,284,-0.70711,-0.70711,-0.98506,0.17224,-13.61,-14.9,-11.5
2026-10-11T16:00:00Z,MTR,-13.61,67.4,987.4,6.75,16,284,-0.86603,-0.5,-0.98506,0.17224,-14.54,-16.45,-11.36
2026-10-11T17:00:00Z,MTR,-14.54,48.8,988.2,8.1,17,284,-0.96593,-0.25882,-0.98506,0.17224,-15.26,-15.94,-12.4
2026-10-11T18:00:00Z,MTR,-15.26,63.6,985.7,8.24,18,284,-1.0,-0.0,-0.98506,0.17224,-14.98,-15.67,-12.16
2026-10-11T19:00:00Z,MTR,-14.98,68.7,984.4,14.21,19,284,-0.96593,0.25882,-0.98506,0.17224,-14.54,-14.13,-12.23
2026-10-11T20:00:00Z,MTR,-14.54,61.8,980.9,12.32,20,284,-0.86603,0.5,-0.98506,0.17224,-14.9,-14.24,-12.73
2026-10-11T21:00:00Z,MTR,-14.9,69.2,978.8,14.56,21,284,-0.70711,0.70711,-0.98506,0.17224,-16.45,-13.73,-12.86
2026-10-11T22:00:00Z,MTR,-16.45,69.8,979.7,13.38,22,284,-0.5,0.86603,-0.98506,0.17224,-15.94,-13.94,-12.84
2026-10-11T23:00:00Z,MTR,-15.94,71.5,976.7,13.29,23,284,-0.25882,0.96593,-0.98506,0.17224,-15.67,-13.09,-13.21
2026-10-12T00:00:00Z,MTR,-15.67,76.7,974.8,13.67,0,285,0.0,1.0,-0.98195,0.18916,-14.13,-12.29,-12.59
2026-10-12T01:00:00Z,MTR,-14.13,73.4,975.7,11.1,1,285,0.25882,0.96593,-0.98195,0.18916,-14.24,-12.67,-11.87
2026-10-12T02:00:00Z,MTR,-14.24,77.0,975.6,12.05,2,285,0.5,0.86603,-0.98195,0.18916,-13.73,-13.21,-12.18
2026-10-12T03:00:00Z,MTR,-13.73,71.5,980.1,16.48,3,285,0.70711,0.70711,-0.98195,0.18916,-13.94,-11.94,-12.21
2026-10-12T04:00:00Z,MTR,-13.94,63.5,984.1,6.72,4,285,0.86603,0.5,-0.98195,0.18916,-13.09,-12.0,-12.05
2026-10-12T05:00:00Z,MTR,-13.09,64.9,983.1,14.47,5,285,0.96593,0.25882,-0.98195,0.18916,-12.29,-11.37,-11.0
2026-10-12T06:00:00Z,MTR,-12.29,64.3,984.7,9.31,6,285,1.0,0.0,-0.98195,0.18916,-12.67,-11.55,-10.46
2026-10-12T07:00:00Z,MTR,-12.67,69.2,986.7,7.24,7,285,0.96593,-0.25882,-0.98195,0.18916,-13.21,-12.95,-9.32
2026-10-12T08:00:00Z,MTR,-13.21,61.7,986.1,10.85,8,285,0.86603,-0.5,-0.98195,0.18916,-11.94,-11.93,-9.54
2026-10-12T09:00:00Z,MTR,-11.94,57.2,984.0,8.7,9,285,0.70711,-0.70711,-0.98195,0.18916,-12.0,-11.5,-9.31
2026-10-12T10:00:00Z,MTR,-12.0,68.8,984.7,10.27,10,285,0.5,-0.86603,-0.98195,0.18916,-11.37,-11.36,-8.72
2026-10-12T11:00:00Z,MTR,-11.37,73.8,985.1,11.94,11,285,0.25882,-0.96593,-0.98195,0.18916,-11.55,-12.4,-8.16
2026-10-12T12:00:00Z,MTR,-11.55,66.1,985.1,10.9,12,285,0.0,-1.0,-0.98195,0.18916,-12.95,-12.16,-8.53
2026-10-12T13:00:00Z,MTR,-12.95,71.1,986.6,9.81,13,285,-0.25882,-0.96593,-0.98195,0.18916,-11.93,-12.23,-8.72
2026-10-12T14:00:00Z,MTR,-11.93,62.9,986.0,10.49,14,285,-0.5,-0.86603,-0.98195,0.18916,-11.5,-12.73,-9.59
2026-10-12T15:00:00Z,MTR,-11.5,78.0,984.6,9.71,15,285,-0.70711,-0.70711,-0.98195,0.18916,-11.36,-12.86,-11.33
2026-10-12T16:00:00Z,MTR,-11.36,55.3,985.6,10.91,16,285,-0.86603,-0.5,-0.98195,0.18916,-12.4,-12.84,-11.82
2026-10-12T17:00:00Z,MTR,-12.4,59.1,987.1,6.66,17,285,-0.96593,-0.25882,-0.98195,0.18916,-12.16,-13.21,-12.33
2026-10-12T18:00:00Z,MTR,-12.16,66.0,985.7,12.19,18,285,-1.0,-0.0,-0.98195,0.18916,-12.23,-12.59,-12.93
2026-10-12T19:00:00Z,MTR,-12.23,56.5,988.1,11.53,19,285,-0.96593,0.25882,-0.98195,0.18916,-12.73,-11.87,-13.98
2026-10-12T20:00:00Z,MTR,-12.73,69.2,985.5,12.71,20,285,-0.86603,0.5,-0.98195,0.18916,-12.86,-12.18,-13.39
2026-10-12T21:00:00Z,MTR,-12.86,65.9,985.2,11.27,21,285,-0.70711,0.70711,-0.98195,0.18916,-12.84,-12.21,-12.75
2026-10-12T22:00:00Z,MTR,-12.84,62.1,985.5,12.3,22,285,-0.5,0.86603,-0.98195,0.18916,-13.21,-12.05,-12.72
2026-10-12T23:00:00Z,MTR,-13.21,65.9,985.0,12.51,23,285,-0.25882,0.96593,-0.98195,0.18916,-12.59,-11.0,-13.24
2026-10-13T00:00:00Z,MTR,-12.59,63.6,984.7,7.63,0,286,0.0,1.0,-0.97855,0.20602,-11.87,-10.46,-13.28
2026-10-13T01:00:00Z,MTR,-11.87,62.3,988.7,9.05,1,286,0.25882,0.96593,-0.97855,0.20602,-12.18,-9.32,-13.17
2026-10-13T02:00:00Z,MTR,-12.18,59.5,987.5,10.75,2,286,0.5,0.86603,-0.97855,0.20602,-12.21,-9.54,-12.4
2026-10-13T03:00:00Z,MTR,-12.21,44.8,992.3,10.42,3,286,0.70711,0.70711,-0.97855,0.20602,-12.05,-9.31,-13.31
2026-10-13T04:00:00Z,MTR,-12.05,58.0,993.2,6.2,4,286,0.86603,0.5,-0.97855,0.20602,-11.0,-8.72,-13.37
2026-10-13T05:00:00Z,MTR,-11.0,53.1,993.3,5.87,5,286,0.96593,0.25882,-0.97855,0.20602,-10.46,-8.16,-12.73
2026-10-13T06:00:00Z,MTR,-10.46,49.5,994.1,8.25,6,286,1.0,0.0,-0.97855,0.20602,-9.32,-8.53,-11.65
2026-10-13T07:00:00Z,MTR,-9.32,46.6,998.4,6.06,7,286,0.96593,-0.25882,-0.97855,0.20602,-9.54,-8.72,-12.18
2026-10-13T08:00:00Z,MTR,-9.54,49.8,996.1,6.24,8,286,0.86603,-0.5,-0.97855,0.20602,-9.31,-9.59,-11.98
2026-10-13T09:00:00Z,MTR,-9.31,46.7,993.6,9.14,9,286,0.70711,-0.70711,-0.97855,0.20602,-8.72,-11.33,-7.92
2026-10-13T10:00:00Z,MTR,-8.72,50.2,991.8,4.57,10,286,0.5,-0.86603,-0.97855,0.20602,-8.16,-11.82,-5.41
2026-10-13T11:00:00Z,MTR,-8.16,55.8,991.4,8.98,11,286,0.25882,-0.96593,-0.97855,0.20602,-8.53,-12.33,-5.4
2026-10-13T12:00:00Z,MTR,-8.53,59.2,987.7,9.34,12,286,0.0,-1.0,-0.97855,0.20602,-8.72,-12.93,-5.06
2026-10-13T13:00:00Z,MTR,-8.72,54.8,987.3,5.82,13,286,-0.25882,-0.96593,-0.97855,0.20602,-9.59,-13.98,-3.55
2026-10-13T14:00:00Z,MTR,-9.59,51.8,989.9,10.22,14,286,-0.5,-0.86603,-0.97855,0.20602,-11.33,-13.39,-0.4
2026-10-13T15:00:00Z,MTR,-11.33,54.1,989.4,9.22,15,286,-0.70711,-0.70711,-0.97855,0.20602,-11.82,-12.75,-2.7
2026-10-13T16:00:00Z,MTR,-11.82,61.4,988.0,9.93,16,286,-0.86603,-0.5,-0.97855,0.20602,-12.33,-12.72,-1.44
2026-10-13T17:00:00Z,MTR,-12.33,58.2,986.1,8.53,17,286,-0.96593,-0.25882,-0.97855,0.20602,-12.93,-13.24,-0.99
2026-10-13T18:00:00Z,MTR,-12.93,65.6,986.9,10.4,18,286,-1.0,-0.0,-0.97855,0.20602,-13.98,-13.28,-0.08
2026-10-13T19:00:00Z,MTR,-13.98,69.9,984.4,11.61,19,286,-0.96593,0.25882,-0.97855,0.20602,-13.39,-13.17,-3.22
2026-10-13T20:00:00Z,MTR,-13.39,69.6,986.8,9.23,20,286,-0.86603,0.5,-0.97855,0.20602,-12.75,-12.4,-1.55
2026-10-13T21:00:00Z,MTR,-12.75,62.1,989.2,10.55,21,286,-0.70711,0.70711,-0.97855,0.20602,-12.72,-13.31,-2.39
2026-10-13T22:00:00Z,MTR,-12.72,62.2,988.3,11.49,22,286,-0.5,0.86603,-0.97855,0.20602,-13.24,-13.37,-3.92
2026-10-13T23:00:00Z,MTR,-13.24,68.4,987.0,11.78,23,286,-0.25882,0.96593,-0.97855,0.20602,-13.28,-12.73,-2.24
2026-10-14T00:00:00Z,MTR,-13.28,54.1,987.5,8.97,0,287,0.0,1.0,-0.97486,0.22282,-13.17,-11.65,-2.38
2026-10-14T01:00:00Z,MTR,-13.17,63.0,988.0,9.54,1,287,0.25882,0.96593,-0.97486,0.22282,-12.4,-12.18,-2.42
2026-10-14T02:00:00Z,MTR,-12.4,68.6,985.1,13.25,2,287,0.5,0.86603,-0.97486,0.22282,-13.31,-11.98,-5.02
2026-10-14T03:00:00Z,MTR,-13.31,65.8,982.7,12.06,3,287,0.70711,0.70711,-0.97486,0.22282,-13.37,-7.92,-4.2
2026-10-14T04:00:00Z,MTR,-13.37,73.2,979.0,10.37,4,287,0.86603,0.5,-0.97486,0.22282,-12.73,-5.41,-5.64
2026-10-14T05:00:00Z,MTR,-12.73,69.2,978.6,14.87,5,287,0.96593,0.25882,-0.97486,0.22282,-11.65,-5.4,-4.69
2026-10-14T06:00:00Z,MTR,-11.65,69.9,978.6,11.07,6,287,1.0,0.0,-0.97486,0.22282,-12.18,-5.06,-4.32
2026-10-14T07:00:00Z,MTR,-12.18,76.2,975.0,14.66,7,287,0.96593,-0.25882,-0.97486,0.22282,-11.98,-3.55,-3.37
2026-10-14T08:00:00Z,MTR,-11.98,78.3,973.2,16.15,8,287,0.86603,-0.5,-0.97486,0.22282,-7.92,-0.4,-2.63
2026-10-14T09:00:00Z,MTR,-7.92,72.7,969.9,14.96,9,287,0.70711,-0.70711,-0.97486,0.22282,-5.41,-2.7,-1.75
2026-10-14T10:00:00Z,MTR,-5.41,79.7,967.5,15.85,10,287,0.5,-0.86603,-0.97486,0.22282,-5.4,-1.44,-0.24
2026-10-14T11:00:00Z,MTR,-5.4,82.9,967.9,18.78,11,287,0.25882,-0.96593,-0.97486,0.22282,-5.06,-0.99,-2.28
2026-10-14T12:00:00Z,MTR,-5.06,84.9,966.0,13.21,12,287,0.0,-1.0,-0.97486,0.22282,-3.55,-0.08,-2.31
2026-10-14T13:00:00Z,MTR,-3.55,87.4,965.1,13.5,13,287,-0.25882,-0.96593,-0.97486,0.22282,-0.4,-3.22,-7.07
2026-10-14T14:00:00Z,MTR,-0.4,89.0,961.8,18.87,14,287,-0.5,-0.86603,-0.97486,0.22282,-2.7,-1.55,-7.93
2026-10-14T15:00:00Z,MTR,-2.7,93.5,962.0,16.36,15,287,-0.70711,-0.70711,-0.97486,0.22282,-1.44,-2.39,-6.73
2026-10-14T16:00:00Z,MTR,-1.44,87.4,961.8,18.95,16,287,-0.86603,-0.5,-0.97486,0.22282,-0.99,-3.92,-6.99
2026-10-14T17:00:00Z,MTR,-0.99,94.1,960.5,17.55,17,287,-0.96593,-0.25882,-0.97486,0.22282,-0.08,-2.24,-7.11
2026-10-14T18:00:00Z,MTR,-0.08,89.8,960.3,19.4,18,287,-1.0,-0.0,-0.97486,0.22282,-3.22,-2.38,-7.21
2026-10-14T19:00:00Z,MTR,-3.22,84.3,960.8,15.79,19,287,-0.96593,0.25882,-0.97486,0.22282,-1.55,-2.42,-7.33
2026-10-14T20:00:00Z,MTR,-1.55,99.0,959.7,22.21,20,287,-0.86603,0.5,-0.97486,0.22282,-2.39,-5.02,-6.85
2026-10-14T21:00:00Z,MTR,-2.39,96.1,957.4,20.16,21,287,-0.70711,0.70711,-0.97486,0.22282,-3.92,-4.2,-7.86
2026-10-14T22:00:00Z,MTR,-3.92,80.7,961.3,20.59,22,287,-0.5,0.86603,-0.97486,0.22282,-2.24,-5.64,-7.06
2026-10-14T23:00:00Z,MTR,-2.24,95.8,960.7,23.23,23,287,-0.25882,0.96593,-0.97486,0.22282,-2.38,-4.69,-7.04
2026-10-15T00:00:00Z,MTR,-2.38,89.4,961.2,15.83,0,288,0.0,1.0,-0.97088,0.23956,-2.42,-4.32,-6.8
2026-10-15T01:00:00Z,MTR,-2.42,90.6,963.7,16.78,1,288,0.25882,0.96593,-0.97088,0.23956,-5.02,-3.37,-7.58
2026-10-15T02:00:00Z,MTR,-5.02,81.6,970.8,15.72,2,288,0.5,0.86603,-0.97088,0.23956,-4.2,-2.63,-8.43
2026-10-15T03:00:00Z,MTR,-4.2,77.5,969.0,17.94,3,288,0.70711,0.70711,-0.97088,0.23956,-5.64,-1.75,-9.25
2026-10-15T04:00:00Z,MTR,-5.64,82.0,970.5,9.75,4,288,0.86603,0.5,-0.97088,0.23956,-4.69,-0.24,-9.4
2026-10-15T05:00:00Z,MTR,-4.69,76.2,969.9,14.6,5,288,0.96593,0.25882,-0.97088,0.23956,-4.32,-2.28,-9.03
2026-10-15T06:00:00Z,MTR,-4.32,75.5,969.7,14.15,6,288,1.0,0.0,-0.97088,0.23956,-3.37,-2.31,-9.71
2026-10-15T07:00:00Z,MTR,-3.37,78.3,969.3,14.3,7,288,0.96593,-0.25882,-0.97088,0.23956,-2.63,-7.07,-8.01
2026-10-15T08:00:00Z,MTR,-2.63,76.2,968.3,15.64,8,288,0.86603,-0.5,-0.97088,0.23956,-1.75,-7.93,-7.39
2026-10-15T09:00:00Z,MTR,-1.75,82.7,969.4,15.4,9,288,0.70711,-0.70711,-0.97088,0.23956,-0.24,-6.73,-8.01
2026-10-15T10:00:00Z,MTR,-0.24,92.2,968.0,15.86,10,288,0.5,-0.86603,-0.97088,0.23956,-2.28,-6.99,-7.14
2026-10-15T11:00:00Z,MTR,-2.28,72.1,971.0,12.01,11,288,0.25882,-0.96593,-0.97088,0.23956,-2.31,-7.11,-7.53
2026-10-15T12:00:00Z,MTR,-2.31,83.5,972.4,13.21,12,288,0.0,-1.0,-0.97088,0.23956,-7.07,-7.21,-8.18
2026-10-15T13:00:00Z,MTR,-7.07,71.3,974.4,12.45,13,288,-0.25882,-0.96593,-0.97088,0.23956,-7.93,-7.33,-7.34
2026-10-15T14:00:00Z,MTR,-7.93,71.4,974.8,13.95,14,288,-0.5,-0.86603,-0.97088,0.23956,-6.73,-6.85,-8.11
2026-10-15T15:00:00Z,MTR,-6.73,67.1,975.4,10.77,15,288,-0.70711,-0.70711,-0.97088,0.23956,-6.99,-7.86,-8.4
2026-10-15T16:00:00Z,MTR,-6.99,73.2,977.2,12.48,16,288,-0.86603,-0.5,-0.97088,0.23956,-7.11,-7.06,-8.09
2026-10-15T17:00:00Z,MTR,-7.11,66.7,976.4,15.6,17,288,-0.96593,-0.25882,-0.97088,0.23956,-7.21,-7.04,-7.65
2026-10-15T18:00:00Z,MTR,-7.21,67.6,977.0,6.83,18,288,-1.0,-0.0,-0.97088,0.23956,-7.33,-6.8,-7.96
2026-10-15T19:00:00Z,MTR,-7.33,77.3,976.8,11.89,19,288,-0.96593,0.25882,-0.97088,0.23956,-6.85,-7.58,-9.74
2026-10-15T20:00:00Z,MTR,-6.85,79.7,976.6,11.37,20,288,-0.86603,0.5,-0.97088,0.23956,-7.86,-8.43,-10.66
2026-10-15T21:00:00Z,MTR,-7.86,70.8,974.1,15.59,21,288,-0.70711,0.70711,-0.97088,0.23956,-7.06,-9.25,-9.56
2026-10-15T22:00:00Z,MTR,-7.06,70.0,978.1,15.23,22,288,-0.5,0.86603,-0.97088,0.23956,-7.04,-9.4,-8.97
2026-10-15T23:00:00Z,MTR,-7.04,69.6,978.2,11.66,23,288,-0.25882,0.96593,-0.97088,0.23956,-6.8,-9.03,-8.57
2026-10-16T00:00:00Z,MTR,-6.8,59.8,981.6,12.5,0,289,0.0,1.0,-0.96662,0.25622,-7.58,-9.71,-8.94
2026-10-16T01:00:00Z,MTR,-7.58,61.5,984.6,13.25,1,289,0.25882,0.96593,-0.96662,0.25622,-8.43,-8.01,-9.77
2026-10-16T02:00:00Z,MTR,-8.43,62.3,983.3,12.63,2,289,0.5,0.86603,-0.96662,0.25622,-9.25,-7.39,-10.86
2026-10-16T03:00:00Z,MTR,-9.25,68.7,982.3,11.83,3,289,0.70711,0.70711,-0.96662,0.25622,-9.4,-8.01,-11.22
2026-10-16T04:00:00Z,MTR,-9.4,61.1,988.0,9.58,4,289,0.86603,0.5,-0.96662,0.25622,-9.03,-7.14,-10.57
2026-10-16T05:00:00Z,MTR,-9.03,56.9,991.9,10.57,5,289,0.96593,0.25882,-0.96662,0.25622,-9.71,-7.53,-9.07
2026-10-16T06:00:00Z,MTR,-9.71,53.0,992.3,4.4,6,289,1.0,0.0,-0.96662,0.25622,-8.01,-8.18,-8.79
2026-10-16T07:00:00Z,MTR,-8.01,61.0,993.2,8.98,7,289,0.96593,-0.25882,-0.96662,0.25622,-7.39,-7.34,-8.47
2026-10-16T08:00:00Z,MTR,-7.39,53.8,992.4,4.44,8,289,0.86603,-0.5,-0.96662,0.25622,-8.01,-8.11,-7.47
2026-10-16T09:00:00Z,MTR,-8.01,57.5,993.6,3.61,9,289,0.70711,-0.70711,-0.96662,0.25622,-7.14,-8.4,-7.65
2026-10-16T10:00:00Z,MTR,-7.14,56.8,992.5,4.52,10,289,0.5,-0.86603,-0.96662,0.25622,-7.53,-8.09,-7.63
2026-10-16T11:00:00Z,MTR,-7.53,59.0,989.1,8.04,11,289,0.25882,-0.96593,-0.96662,0.25622,-8.18,-7.65,-7.52
2026-10-16T12:00:00Z,MTR,-8.18,65.7,987.2,11.31,12,289,0.0,-1.0,-0.96662,0.25622,-7.34,-7.96,-7.97
2026-10-16T13:00:00Z,MTR,-7.34,57.2,987.6,4.6,13,289,-0.25882,-0.96593,-0.96662,0.25622,-8.11,-9.74,-7.73
2026-10-16T14:00:00Z,MTR,-8.11,57.9,986.0,11.15,14,289,-0.5,-0.86603,-0.96662,0.25622,-8.4,-10.66,-7.87
2026-10-16T15:00:00Z,MTR,-8.4,61.2,986.3,8.77,15,289,-0.70711,-0.70711,-0.96662,0.25622,-8.09,-9.56,-8.04
2026-10-16T16:00:00Z,MTR,-8.09,70.0,984.7,7.4,16,289,-0.86603,-0.5,-0.96662,0.25622,-7.65,-8.97,-9.16
2026-10-16T17:00:00Z,MTR,-7.65,65.7,983.7,11.13,17,289,-0.96593,-0.25882,-0.96662,0.25622,-7.96,-8.57,-8.91
2026-10-16T18:00:00Z,MTR,-7.96,59.4,985.6,8.35,18,289,-1.0,-0.0,-0.96662,0.25622,-9.74,-8.94,-8.06
2026-10-16T19:00:00Z,MTR,-9.74,58.7,986.3,13.57,19,289,-0.96593,0.25882,-0.96662,0.25622,-10.66,-9.77,-7.96
2026-10-16T20:00:00Z,MTR,-10.66,54.8,986.5,13.02,20,289,-0.86603,0.5,-0.96662,0.25622,-9.56,-10.86,-8.76
2026-10-16T21:00:00Z,MTR,-9.56,55.9,988.3,11.0,21,289,-0.70711,0.70711,-0.96662,0.25622,-8.97,-11.22,-10.02
2026-10-16T22:00:00Z,MTR,-8.97,60.7,989.2,11.15,22,289,-0.5,0.86603,-0.96662,0.25622,-8.57,-10.57,-10.12
2026-10-16T23:00:00Z,MTR,-8.57,55.3,991.8,10.84,23,289,-0.25882,0.96593,-0.96662,0.25622,-8.94,-9.07,-9.68
2026-10-17T00:00:00Z,MTR,-8.94,58.5,990.8,10.46,0,290,0.0,1.0,-0.96207,0.27281,-9.77,-8.79,-9.94
2026-10-17T01:00:00Z,MTR,-9.77,53.8,989.9,10.64,1,290,0.25882,0.96593,-0.96207,0.27281,-10.86,-8.47,-10.18
2026-10-17T02:00:00Z,MTR,-10.86,66.7,987.4,13.19,2,290,0.5,0.86603,-0.96207,0.27281,-11.22,-7.47,-9.32
2026-10-17T03:00:00Z,MTR,-11.22,66.2,986.7,13.82,3,290,0.70711,0.70711,-0.96207,0.27281,-10.57,-7.65,-10.55
2026-10-17T04:00:00Z,MTR,-10.57,56.8,988.5,10.16,4,290,0.86603,0.5,-0.96207,0.27281,-9.07,-7.63,-9.94
2026-10-17T05:00:00Z,MTR,-9.07,49.2,990.8,6.78,5,290,0.96593,0.25882,-0.96207,0.27281,-8.79,-7.52,-10.34
2026-10-17T06:00:00Z,MTR,-8.79,56.8,992.4,9.56,6,290,1.0,0.0,-0.96207,0.27281,-8.47,-7.97,-9.26
2026-10-17T07:00:00Z,MTR,-8.47,48.4,988.9,7.34,7,290,0.96593,-0.25882,-0.96207,0.27281,-7.47,-7.73,-8.3
2026-10-17T08:00:00Z,MTR,-7.47,50.0,990.8,8.08,8,290,0.86603,-0.5,-0.96207,0.27281,-7.65,-7.87,-8.03
2026-10-17T09:00:00Z,MTR,-7.65,57.9,987.4,7.94,9,290,0.70711,-0.70711,-0.96207,0.27281,-7.63,-8.04,-7.57
2026-10-17T10:00:00Z,MTR,-7.63,54.3,989.1,9.48,10,290,0.5,-0.86603,-0.96207,0.27281,-7.52,-9.16,-8.1
2026-10-17T11:00:00Z,MTR,-7.52,66.3,988.5,10.91,11,290,0.25882,-0.96593,-0.96207,0.27281,-7.97,-8.91,-7.38
2026-10-17T12:00:00Z,MTR,-7.97,55.7,989.8,7.09,12,290,0.0,-1.0,-0.96207,0.27281,-7.73,-8.06,-7.13
2026-10-17T13:00:00Z,MTR,-7.73,61.8,987.4,5.87,13,290,-0.25882,-0.96593,-0.96207,0.27281,-7.87,-7.96,-7.32
2026-10-17T14:00:00Z,MTR,-7.87,47.4,989.7,9.96,14,290,-0.5,-0.86603,-0.96207,0.27281,-8.04,-8.76,-8.15
2026-10-17T15:00:00Z,MTR,-8.04,52.2,987.1,10.87,15,290,-0.70711,-0.70711,-0.96207,0.27281,-9.16,-10.02,-8.36
2026-10-17T16:00:00Z,MTR,-9.16,59.2,986.1,12.25,16,290,-0.86603,-0.5,-0.96207,0.27281,-8.91,-10.12,-8.98
2026-10-17T17:00:00Z,MTR,-8.91,64.9,984.6,11.41,17,290,-0.96593,-0.25882,-0.96207,0.27281,-8.06,-9.68,-8.74
2026-10-17T18:00:00Z,MTR,-8.06,60.5,981.9,12.38,18,290,-1.0,-0.0,-0.96207,0.27281,-7.96,-9.94,-7.91
2026-10-17T19:00:00Z,MTR,-7.96,66.9,982.6,8.87,19,290,-0.96593,0.25882,-0.96207,0.27281,-8.76,-10.18,-7.86
2026-10-17T20:00:00Z,MTR,-8.76,69.4,986.4,13.55,20,290,-0.86603,0.5,-0.96207,0.27281,-10.02,-9.32,-8.38
2026-10-17T21:00:00Z,MTR,-10.02,53.8,991.5,14.1,21,290,-0.70711,0.70711,-0.96207,0.27281,-10.12,-10.55,-7.38
2026-10-17T22:00:00Z,MTR,-10.12,55.5,991.8,7.88,22,290,-0.5,0.86603,-0.96207,0.27281,-9.68,-9.94,-7.83
2026-10-17T23:00:00Z,MTR,-9.68,51.2,993.9,5.0,23,290,-0.25882,0.96593,-0.96207,0.27281,-9.94,-10.34,-7.74
2026-10-18T00:00:00Z,MTR,-9.94,50.5,994.3,6.67,0,291,0.0,1.0,-0.95723,0.28932,-10.18,-9.26,-7.9
2026-10-18T01:00:00Z,MTR,-10.18,54.0,995.2,8.88,1,291,0.25882,0.96593,-0.95723,0.28932,-9.32,-8.3,-7.99
2026-10-18T02:00:00Z,MTR,-9.32,53.1,994.5,8.51,2,291,0.5,0.86603,-0.95723,0.28932,-10.55,-8.03,-9.39
2026-10-18T03:00:00Z,MTR,-10.55,52.9,994.8,12.26,3,291,0.70711,0.70711,-0.95723,0.28932,-9.94,-7.57,-10.29
2026-10-18T04:00:00Z,MTR,-9.94,51.2,995.7,4.2,4,291,0.86603,0.5,-0.95723,0.28932,-10.34,-8.1,-9.95
2026-10-18T05:00:00Z,MTR,-10.34,55.7,994.6,3.28,5,291,0.96593,0.25882,-0.95723,0.28932,-9.26,-7.38,-9.32
2026-10-18T06:00:00Z,MTR,-9.26,56.5,994.3,9.25,6,291,1.0,0.0,-0.95723,0.28932,-8.3,-7.13,-9.02
2026-10-18T07:00:00Z,MTR,-8.3,43.2,994.1,3.65,7,291,0.96593,-0.25882,-0.95723,0.28932,-8.03,-7.32,-7.98
2026-10-18T08:00:00Z,MTR,-8.03,47.1,995.4,6.65,8,291,0.86603,-0.5,-0.95723,0.28932,-7.57,-8.15,-9.27
2026-10-18T09:00:00Z,MTR,-7.57,57.5,993.3,9.55,9,291,0.70711,-0.70711,-0.95723,0.28932,-8.1,-8.36,-8.58
2026-10-18T10:00:00Z,MTR,-8.1,67.1,993.0,7.27,10,291,0.5,-0.86603,-0.95723,0.28932,-7.38,-8.98,-7.36
2026-10-18T11:00:00Z,MTR,-7.38,46.8,996.2,4.37,11,291,0.25882,-0.96593,-0.95723,0.28932,-7.13,-8.74,-6.71
2026-10-18T12:00:00Z,MTR,-7.13,42.0,997.9,7.76,12,291,0.0,-1.0,-0.95723,0.28932,-7.32,-7.91,-6.28
2026-10-18T13:00:00Z,MTR,-7.32,58.2,999.7,4.94,13,291,-0.25882,-0.96593,-0.95723,0.28932,-8.15,-7.86,-5.73
2026-10-18T14:00:00Z,MTR,-8.15,53.6,999.0,4.39,14,291,-0.5,-0.86603,-0.95723,0.28932,-8.36,-8.38,-6.95
2026-10-18T15:00:00Z,MTR,-8.36,54.6,998.8,8.18,15,291,-0.70711,-0.70711,-0.95723,0.28932,-8.98,-7.38,-8.2
2026-10-18T16:00:00Z,MTR,-8.98,46.9,999.8,3.82,16,291,-0.86603,-0.5,-0.95723,0.28932,-8.74,-7.83,-8.77
2026-10-18T17:00:00Z,MTR,-8.74,43.9,1001.6,2.75,17,291,-0.96593,-0.25882,-0.95723,0.28932,-7.91,-7.74,-9.19
2026-10-18T18:00:00Z,MTR,-7.91,48.4,997.0,3.69,18,291,-1.0,-0.0,-0.95723,0.28932,-7.86,-7.9,-4.88
2026-10-18T19:00:00Z,MTR,-7.86,57.9,993.7,9.05,19,291,-0.96593,0.25882,-0.95723,0.28932,-8.38,-7.99,-10.65
2026-10-18T20:00:00Z,MTR,-8.38,59.1,995.1,10.01,20,291,-0.86603,0.5,-0.95723,0.28932,-7.38,-9.39,-10.69
2026-10-18T21:00:00Z,MTR,-7.38,54.7,993.6,8.14,21,291,-0.70711,0.70711,-0.95723,0.28932,-7.83,-10.29,-9.71
2026-10-18T22:00:00Z,MTR,-7.83,59.4,991.3,6.26,22,291,-0.5,0.86603,-0.95723,0.28932,-7.74,-9.95,-10.14
2026-10-18T23:00:00Z,MTR,-7.74,67.6,988.1,12.2,23,291,-0.25882,0.96593,-0.95723,0.28932,-7.9,-9.32,-11.53
2026-10-19T00:00:00Z,MTR,-7.9,66.0,986.1,8.18,0,292,0.0,1.0,-0.95211,0.30574,-7.99,-9.02,-12.31
2026-10-19T01:00:00Z,MTR,-7.99,67.5,982.7,7.53,1,292,0.25882,0.96593,-0.95211,0.30574,-9.39,-7.98,-11.39
2026-10-19T02:00:00Z,MTR,-9.39,59.1,985.7,11.21,2,292,0.5,0.86603,-0.95211,0.30574,-10.29,-9.27,-9.42
2026-10-19T03:00:00Z,MTR,-10.29,60.7,984.6,11.7,3,292,0.70711,0.70711,-0.95211,0.30574,-9.95,-8.58,-10.65
2026-10-19T04:00:00Z,MTR,-9.95,56.4,983.4,11.46,4,292,0.86603,0.5,-0.95211,0.30574,-9.32,-7.36,-9.58
2026-10-19T05:00:00Z,MTR,-9.32,66.5,983.4,10.18,5,292,0.96593,0.25882,-0.95211,0.30574,-9.02,-6.71,-8.7
2026-10-19T06:00:00Z,MTR,-9.02,64.2,984.1,8.93,6,292,1.0,0.0,-0.95211,0.30574,-7.98,-6.28,-9.38
2026-10-19T07:00:00Z,MTR,-7.98,69.3,984.6,8.52,7,292,0.96593,-0.25882,-0.95211,0.30574,-9.27,-5.73,-8.58
2026-10-19T08:00:00Z,MTR,-9.27,65.6,985.2,11.97,8,292,0.86603,-0.5,-0.95211,0.30574,-8.58,-6.95,-7.7
2026-10-19T09:00:00Z,MTR,-8.58,62.5,982.8,6.34,9,292,0.70711,-0.70711,-0.95211,0.30574,-7.36,-8.2,-7.66
2026-10-19T10:00:00Z,MTR,-7.36,64.3,981.0,8.94,10,292,0.5,-0.86603,-0.95211,0.30574,-6.71,-8.77,-7.78
2026-10-19T11:00:00Z,MTR,-6.71,68.7,981.2,10.58,11,292,0.25882,-0.96593,-0.95211,0.30574,-6.28,-9.19,-7.5
2026-10-19T12:00:00Z,MTR,-6.28,69.5,979.0,7.5,12,292,0.0,-1.0,-0.95211,0.30574,-5.73,-4.88,-8.08
2026-10-19T13:00:00Z,MTR,-5.73,79.6,977.9,11.43,13,292,-0.25882,-0.96593,-0.95211,0.30574,-6.95,-10.65,-7.27
2026-10-19T14:00:00Z,MTR,-6.95,69.8,977.6,9.53,14,292,-0.5,-0.86603,-0.95211,0.30574,-8.2,-10.69,-7.49
2026-10-19T15:00:00Z,MTR,-8.2,73.3,977.9,12.81,15,292,-0.70711,-0.70711,-0.95211,0.30574,-8.77,-9.71,-8.1
2026-10-19T16:00:00Z,MTR,-8.77,83.1,973.7,12.13,16,292,-0.86603,-0.5,-0.95211,0.30574,-9.19,-10.14,-8.53
2026-10-19T17:00:00Z,MTR,-9.19,73.8,974.2,12.31,17,292,-0.96593,-0.25882,-0.95211,0.30574,-4.88,-11.53,-8.12
2026-10-19T18:00:00Z,MTR,-4.88,74.1,972.9,12.23,18,292,-1.0,-0.0,-0.95211,0.30574,-10.65,-12.31,-8.63
2026-10-19T19:00:00Z,MTR,-10.65,69.2,973.5,14.68,19,292,-0.96593,0.25882,-0.95211,0.30574,-10.69,-11.39,-9.33
2026-10-19T20:00:00Z,MTR,-10.69,73.8,974.2,15.99,20,292,-0.86603,0.5,-0.95211,0.30574,-9.71,-9.42,-10.7
2026-10-19T21:00:00Z,MTR,-9.71,75.5,976.5,16.72,21,292,-0.70711,0.70711,-0.95211,0.30574,-10.14,-10.65,-10.49
2026-10-19T22:00:00Z,MTR,-10.14,78.5,978.2,15.94,22,292,-0.5,0.86603,-0.95211,0.30574,-11.53,-9.58,-10.64
2026-10-19T23:00:00Z,MTR,-11.53,61.7,979.9,11.54,23,292,-0.25882,0.96593,-0.95211,0.30574,-12.31,-8.7,-11.45
2026-10-20T00:00:00Z,MTR,-12.31,61.6,981.7,9.2,0,293,0.0,1.0,-0.94671,0.32208,-11.39,-9.38,-10.72
2026-10-20T01:00:00Z,MTR,-11.39,57.3,981.5,10.74,1,293,0.25882,0.96593,-0.94671,0.32208,-9.42,-8.58,-11.44
2026-10-20T02:00:00Z,MTR,-9.42,78.5,980.9,17.94,2,293,0.5,0.86603,-0.94671,0.32208,-10.65,-7.7,-11.78
2026-10-20T03:00:00Z,MTR,-10.65,66.7,981.9,9.29,3,293,0.70711,0.70711,-0.94671,0.32208,-9.58,-7.66,-11.2
2026-10-20T04:00:00Z,MTR,-9.58,63.0,982.8,9.9,4,293,0.86603,0.5,-0.94671,0.32208,-8.7,-7.78,-10.38
2026-10-20T05:00:00Z,MTR,-8.7,57.5,981.8,11.0,5,293,0.96593,0.25882,-0.94671,0.32208,-9.38,-7.5,-9.84
2026-10-20T06:00:00Z,MTR,-9.38,66.2,982.2,11.52,6,293,1.0,0.0,-0.94671,0.32208,-8.58,-8.08,-9.57
2026-10-20T07:00:00Z,MTR,-8.58,64.2,982.0,10.72,7,293,0.96593,-0.25882,-0.94671,0.32208,-7.7,-7.27,-9.47
2026-10-20T08:00:00Z,MTR,-7.7,60.1,980.3,14.6,8,293,0.86603,-0.5,-0.94671,0.32208,-7.66,-7.49,-9.7
2026-10-20T09:00:00Z,MTR,-7.66,64.0,982.8,10.71,9,293,0.70711,-0.70711,-0.94671,0.32208,-7.78,-8.1,-9.52
2026-10-20T10:00:00Z,MTR,-7.78,71.1,983.0,9.88,10,293,0.5,-0.86603,-0.94671,0.32208,-7.5,-8.53,-8.41
2026-10-20T11:00:00Z,MTR,-7.5,60.1,986.9,10.79,11,293,0.25882,-0.96593,-0.94671,0.32208,-8.08,-8.12,-9.07
2026-10-20T12:00:00Z,MTR,-8.08,69.3,984.0,8.05,12,293,0.0,-1.0,-0.94671,0.32208,-7.27,-8.63,-10.9
2026-10-20T13:00:00Z,MTR,-7.27,72.7,983.4,11.12,13,293,-0.25882,-0.96593,-0.94671,0.32208,-7.49,-9.33,-11.33
2026-10-20T14:00:00Z,MTR,-7.49,62.5,983.9,9.11,14,293,-0.5,-0.86603,-0.94671,0.32208,-8.1,-10.7,-10.14
2026-10-20T15:00:00Z,MTR,-8.1,61.5,986.5,11.56,15,293,-0.70711,-0.70711,-0.94671,0.32208,-8.53,-10.49,-10.54
2026-10-20T16:00:00Z,MTR,-8.53,63.1,987.8,11.3,16,293,-0.86603,-0.5,-0.94671,0.32208,-8.12,-10.64,-10.68
2026-10-20T17:00:00Z,MTR,-8.12,63.6,988.9,7.86,17,293,-0.96593,-0.25882,-0.94671,0.32208,-8.63,-11.45,-10.82
2026-10-20T18:00:00Z,MTR,-8.63,66.8,987.4,6.95,18,293,-1.0,-0.0,-0.94671,0.32208,-9.33,-10.72,-11.55
2026-10-20T19:00:00Z,MTR,-9.33,68.2,986.1,5.42,19,293,-0.96593,0.25882,-0.94671,0.32208,-10.7,-11.44,-10.71
2026-10-20T20:00:00Z,MTR,-10.7,57.5,987.5,12.15,20,293,-0.86603,0.5,-0.94671,0.32208,-10.49,-11.78,-10.99
2026-10-20T21:00:00Z,MTR,-10.49,68.6,985.9,7.41,21,293,-0.70711,0.70711,-0.94671,0.32208,-10.64,-11.2,-10.07
2026-10-20T22:00:00Z,MTR,-10.64,64.9,986.0,10.76,22,293,-0.5,0.86603,-0.94671,0.32208,-11.45,-10.38,-9.97
2026-10-20T23:00:00Z,MTR,-11.45,57.0,987.9,8.32,23,293,-0.25882,0.96593,-0.94671,0.32208,-10.72,-9.84,-9.85
2026-10-21T00:00:00Z,MTR,-10.72,55.1,987.1,9.91,0,294,0.0,1.0,-0.94103,0.33831,-11.44,-9.57,-10.29
2026-10-21T01:00:00Z,MTR,-11.44,52.4,991.1,8.35,1,294,0.25882,0.96593,-0.94103,0.33831,-11.78,-9.47,-9.44
2026-10-21T02:00:00Z,MTR,-11.78,54.8,994.2,7.06,2,294,0.5,0.86603,-0.94103,0.33831,-11.2,-9.7,-9.54
2026-10-21T03:00:00Z,MTR,-11.2,53.1,992.1,8.83,3,294,0.70711,0.70711,-0.94103,0.33831,-10.38,-9.52,-9.29
2026-10-21T04:00:00Z,MTR,-10.38,57.1,991.3,5.21,4,294,0.86603,0.5,-0.94103,0.33831,-9.84,-8.41,-7.64
2026-10-21T05:00:00Z,MTR,-9.84,54.1,988.1,9.58,5,294,0.96593,0.25882,-0.94103,0.33831,-9.57,-9.07,-7.1
2026-10-21T06:00:00Z,MTR,-9.57,57.2,987.8,12.69,6,294,1.0,0.0,-0.94103,0.33831,-9.47,-10.9,-6.65
2026-10-21T07:00:00Z,MTR,-9.47,57.2,990.3,9.67,7,294,0.96593,-0.25882,-0.94103,0.33831,-9.7,-11.33,-5.61
2026-10-21T08:00:00Z,MTR,-9.7,55.7,990.5,6.86,8,294,0.86603,-0.5,-0.94103,0.33831,-9.52,-10.14,-4.89
2026-10-21T09:00:00Z,MTR,-9.52,47.9,992.2,5.05,9,294,0.70711,-0.70711,-0.94103,0.33831,-8.41,-10.54,-5.12
2026-10-21T10:00:00Z,MTR,-8.41,54.4,990.3,9.6,10,294,0.5,-0.86603,-0.94103,0.33831,-9.07,-10.68,-5.48
2026-10-21T11:00:00Z,MTR,-9.07,45.0,992.6,4.52,11,294,0.25882,-0.96593,-0.94103,0.33831,-10.9,-10.82,-5.13
2026-10-21T12:00:00Z,MTR,-10.9,55.1,992.3,7.07,12,294,0.0,-1.0,-0.94103,0.33831,-11.33,-11.55,-5.65
2026-10-21T13:00:00Z,MTR,-11.33,62.1,993.0,8.28,13,294,-0.25882,-0.96593,-0.94103,0.33831,-10.14,-10.71,-5.79
2026-10-21T14:00:00Z,MTR,-10.14,49.1,993.4,4.67,14,294,-0.5,-0.86603,-0.94103,0.33831,-10.54,-10.99,-7.0
2026-10-21T15:00:00Z,MTR,-10.54,50.1,991.7,5.15,15,294,-0.70711,-0.70711,-0.94103,0.33831,-10.68,-10.07,-6.01
2026-10-21T16:00:00Z,MTR,-10.68,61.3,990.2,5.15,16,294,-0.86603,-0.5,-0.94103,0.33831,-10.82,-9.97,-6.89
2026-10-21T17:00:00Z,MTR,-10.82,49.7,992.5,10.2,17,294,-0.96593,-0.25882,-0.94103,0.33831,-11.55,-9.85,-6.84
2026-10-21T18:00:00Z,MTR,-11.55,59.5,993.6,10.04,18,294,-1.0,-0.0,-0.94103,0.33831,-10.71,-10.29,-6.81
2026-10-21T19:00:00Z,MTR,-10.71,46.0,995.7,9.29,19,294,-0.96593,0.25882,-0.94103,0.33831,-10.99,-9.44,-5.94
2026-10-21T20:00:00Z,MTR,-10.99,50.5,996.4,12.36,20,294,-0.86603,0.5,-0.94103,0.33831,-10.07,-9.54,-6.1
2026-10-21T21:00:00Z,MTR,-10.07,49.2,996.7,6.81,21,294,-0.70711,0.70711,-0.94103,0.33831,-9.97,-9.29,-6.55
2026-10-21T22:00:00Z,MTR,-9.97,56.5,993.5,4.79,22,294,-0.5,0.86603,-0.94103,0.33831,-9.85,-7.64,-6.71
2026-10-21T23:00:00Z,MTR,-9.85,64.7,993.0,11.13,23,294,-0.25882,0.96593,-0.94103,0.33831,-10.29,-7.1,-7.49
2026-10-22T00:00:00Z,MTR,-10.29,52.9,993.0,8.7,0,295,0.0,1.0,-0.93507,0.35445,-9.44,-6.65,-6.29
2026-10-22T01:00:00Z,MTR,-9.44,51.0,996.4,8.3,1,295,0.25882,0.96593,-0.93507,0.35445,-9.54,-5.61,-6.66
2026-10-22T02:00:00Z,MTR,-9.54,40.6,997.4,5.05,2,295,0.5,0.86603,-0.93507,0.35445,-9.29,-4.89,-5.46
2026-10-22T03:00:00Z,MTR,-9.29,46.5,999.7,4.79,3,295,0.70711,0.70711,-0.93507,0.35445,-7.64,-5.12,-6.01
2026-10-22T04:00:00Z,MTR,-7.64,52.0,1000.2,4.74,4,295,0.86603,0.5,-0.93507,0.35445,-7.1,-5.48,-3.88
2026-10-22T05:00:00Z,MTR,-7.1,60.0,998.3,4.94,5,295,0.96593,0.25882,-0.93507,0.35445,-6.65,-5.13,-4.27
2026-10-22T06:00:00Z,MTR,-6.65,46.3,997.9,3.49,6,295,1.0,0.0,-0.93507,0.35445,-5.61,-5.65,-4.65
2026-10-22T07:00:00Z,MTR,-5.61,51.3,997.7,1.45,7,295,0.96593,-0.25882,-0.93507,0.35445,-4.89,-5.79,-4.93
2026-10-22T08:00:00Z,MTR,-4.89,56.7,995.4,4.52,8,295,0.86603,-0.5,-0.93507,0.35445,-5.12,-7.0,-5.24
2026-10-22T09:00:00Z,MTR,-5.12,43.8,994.2,0.7,9,295,0.70711,-0.70711,-0.93507,0.35445,-5.48,-6.01,-4.8
2026-10-22T10:00:00Z,MTR,-5.48,60.6,993.3,5.91,10,295,0.5,-0.86603,-0.93507,0.35445,-5.13,-6.89,-5.34
2026-10-22T11:00:00Z,MTR,-5.13,46.7,995.7,4.71,11,295,0.25882,-0.96593,-0.93507,0.35445,-5.65,-6.84,-6.19
2026-10-22T12:00:00Z,MTR,-5.65,56.5,991.3,5.06,12,295,0.0,-1.0,-0.93507,0.35445,-5.79,-6.81,-6.89
2026-10-22T13:00:00Z,MTR,-5.79,47.9,993.1,7.61,13,295,-0.25882,-0.96593,-0.93507,0.35445,-7.0,-5.94,-5.45
2026-10-22T14:00:00Z,MTR,-7.0,54.4,990.9,6.86,14,295,-0.5,-0.86603,-0.93507,0.35445,-6.01,-6.1,-6.56
2026-10-22T15:00:00Z,MTR,-6.01,51.0,988.0,7.97,15,295,-0.70711,-0.70711,-0.93507,0.35445,-6.89,-6.55,-6.71
2026-10-22T16:00:00Z,MTR,-6.89,59.7,989.8,10.67,16,295,-0.86603,-0.5,-0.93507,0.35445,-6.84,-6.71,-7.74
2026-10-22T17:00:00Z,MTR,-6.84,64.0,990.8,6.93,17,295,-0.96593,-0.25882,-0.93507,0.35445,-6.81,-7.49,-7.73
2026-10-22T18:00:00Z,MTR,-6.81,54.9,992.7,7.86,18,295,-1.0,-0.0,-0.93507,0.35445,-5.94,-6.29,-7.97
2026-10-22T19:00:00Z,MTR,-5.94,45.5,993.6,4.46,19,295,-0.96593,0.25882,-0.93507,0.35445,-6.1,-6.66,-7.08
2026-10-22T20:00:00Z,MTR,-6.1,49.2,996.8,9.11,20,295,-0.86603,0.5,-0.93507,0.35445,-6.55,-5.46,-7.74
2026-10-22T21:00:00Z,MTR,-6.55,51.2,997.1,7.72,21,295,-0.70711,0.70711,-0.93507,0.35445,-6.71,-6.01,-7.47
2026-10-22T22:00:00Z,MTR,-6.71,50.4,996.2,7.7,22,295,-0.5,0.86603,-0.93507,0.35445,-7.49,-3.88,-6.75
2026-10-22T23:00:00Z,MTR,-7.49,53.4,996.2,4.22,23,295,-0.25882,0.96593,-0.93507,0.35445,-6.29,-4.27,-7.13
2026-10-23T00:00:00Z,MTR,-6.29,58.1,997.9,2.95,0,296,0.0,1.0,-0.92884,0.37048,-6.66,-4.65,-6.77
2026-10-23T01:00:00Z,MTR,-6.66,50.7,995.8,6.1,1,296,0.25882,0.96593,-0.92884,0.37048,-5.46,-4.93,-7.99
2026-10-23T02:00:00Z,MTR,-5.46,53.5,994.1,10.87,2,296,0.5,0.86603,-0.92884,0.37048,-6.01,-5.24,-7.67
2026-10-23T03:00:00Z,MTR,-6.01,49.4,993.2,3.9,3,296,0.70711,0.70711,-0.92884,0.37048,-3.88,-4.8,-7.41
2026-10-23T04:00:00Z,MTR,-3.88,64.6,989.0,11.52,4,296,0.86603,0.5,-0.92884,0.37048,-4.27,-5.34,-7.68
2026-10-23T05:00:00Z,MTR,-4.27,67.4,989.1,6.71,5,296,0.96593,0.25882,-0.92884,0.37048,-4.65,-6.19,-8.24
2026-10-23T06:00:00Z,MTR,-4.65,61.3,985.6,9.46,6,296,1.0,0.0,-0.92884,0.37048,-4.93,-6.89,-8.02
2026-10-23T07:00:00Z,MTR,-4.93,63.9,985.8,11.25,7,296,0.96593,-0.25882,-0.92884,0.37048,-5.24,-5.45,-8.49
2026-10-23T08:00:00Z,MTR,-5.24,60.8,987.4,7.99,8,296,0.86603,-0.5,-0.92884,0.37048,-4.8,-6.56,-8.0
2026-10-23T09:00:00Z,MTR,-4.8,57.2,986.5,8.51,9,296,0.70711,-0.70711,-0.92884,0.37048,-5.34,-6.71,-7.18
2026-10-23T10:00:00Z,MTR,-5.34,62.4,989.6,10.88,10,296,0.5,-0.86603,-0.92884,0.37048,-6.19,-7.74,-8.27
2026-10-23T11:00:00Z,MTR,-6.19,61.3,986.8,11.09,11,296,0.25882,-0.96593,-0.92884,0.37048,-6.89,-7.73,-8.69
2026-10-23T12:00:00Z,MTR,-6.89,60.1,988.9,9.59,12,296,0.0,-1.0,-0.92884,0.37048,-5.45,-7.97,-7.28
2026-10-23T13:00:00Z,MTR,-5.45,62.0,990.0,7.53,13,296,-0.25882,-0.96593,-0.92884,0.37048,-6.56,-7.08,-6.92
2026-10-23T14:00:00Z,MTR,-6.56,59.2,986.8,8.76,14,296,-0.5,-0.86603,-0.92884,0.37048,-6.71,-7.74,-8.14
2026-10-23T15:00:00Z,MTR,-6.71,55.4,991.6,5.15,15,296,-0.70711,-0.70711,-0.92884,0.37048,-7.74,-7.47,-8.67
2026-10-23T16:00:00Z,MTR,-7.74,52.3,991.2,6.87,16,296,-0.86603,-0.5,-0.92884,0.37048,-7.73,-6.75,-5.02
2026-10-23T17:00:00Z,MTR,-7.73,52.7,989.3,8.21,17,296,-0.96593,-0.25882,-0.92884,0.37048,-7.97,-7.13,-3.82
2026-10-23T18:00:00Z,MTR,-7.97,61.8,986.5,8.94,18,296,-1.0,-0.0,-0.92884,0.37048,-7.08,-6.77,-3.86
2026-10-23T19:00:00Z,MTR,-7.08,63.0,985.9,9.78,19,296,-0.96593,0.25882,-0.92884,0.37048,-7.74,-7.99,-4.67
2026-10-23T20:00:00Z,MTR,-7.74,68.4,985.5,14.57,20,296,-0.86603,0.5,-0.92884,0.37048,-7.47,-7.67,-2.11
2026-10-23T21:00:00Z,MTR,-7.47,58.3,985.5,8.78,21,296,-0.70711,0.70711,-0.92884,0.37048,-6.75,-7.41,-2.17
2026-10-23T22:00:00Z,MTR,-6.75,58.0,984.7,10.07,22,296,-0.5,0.86603,-0.92884,0.37048,-7.13,-7.68,-2.12
2026-10-23T23:00:00Z,MTR,-7.13,72.0,985.6,12.49,23,296,-0.25882,0.96593,-0.92884,0.37048,-6.77,-8.24,-1.68
2026-10-24T00:00:00Z,MTR,-6.77,65.5,984.6,14.58,0,297,0.0,1.0,-0.92233,0.38641,-7.99,-8.02,-2.23
2026-10-24T01:00:00Z,MTR,-7.99,60.3,980.7,9.68,1,297,0.25882,0.96593,-0.92233,0.38641,-7.67,-8.49,-3.5
2026-10-24T02:00:00Z,MTR,-7.67,68.0,980.2,11.59,2,297,0.5,0.86603,-0.92233,0.38641,-7.41,-8.0,-0.09
2026-10-24T03:00:00Z,MTR,-7.41,69.0,975.7,9.99,3,297,0.70711,0.70711,-0.92233,0.38641,-7.68,-7.18,-2.3
2026-10-24T04:00:00Z,MTR,-7.68,73.1,976.2,8.35,4,297,0.86603,0.5,-0.92233,0.38641,-8.24,-8.27,-3.92
2026-10-24T05:00:00Z,MTR,-8.24,72.7,974.3,13.63,5,297,0.96593,0.25882,-0.92233,0.38641,-8.02,-8.69,-3.64
2026-10-24T06:00:00Z,MTR,-8.02,81.1,974.4,14.22,6,297,1.0,0.0,-0.92233,0.38641,-8.49,-7.28,-3.95
2026-10-24T07:00:00Z,MTR,-8.49,65.5,976.5,11.72,7,297,0.96593,-0.25882,-0.92233,0.38641,-8.0,-6.92,-0.6
2026-10-24T08:00:00Z,MTR,-8.0,80.7,974.4,12.44,8,297,0.86603,-0.5,-0.92233,0.38641,-7.18,-8.14,0.26
2026-10-24T09:00:00Z,MTR,-7.18,76.4,976.0,12.28,9,297,0.70711,-0.70711,-0.92233,0.38641,-8.27,-8.67,0.67
2026-10-24T10:00:00Z,MTR,-8.27,75.4,974.7,11.79,10,297,0.5,-0.86603,-0.92233,0.38641,-8.69,-5.02,-1.28
2026-10-24T11:00:00Z,MTR,-8.69,76.3,977.4,11.94,11,297,0.25882,-0.96593,-0.92233,0.38641,-7.28,-3.82,1.5
2026-10-24T12:00:00Z,MTR,-7.28,79.5,976.1,15.24,12,297,0.0,-1.0,-0.92233,0.38641,-6.92,-3.86,2.25
2026-10-24T13:00:00Z,MTR,-6.92,74.5,974.0,11.53,13,297,-0.25882,-0.96593,-0.92233,0.38641,-8.14,-4.67,2.46
2026-10-24T14:00:00Z,MTR,-8.14,82.2,974.6,12.39,14,297,-0.5,-0.86603,-0.92233,0.38641,-8.67,-2.11,3.18
2026-10-24T15:00:00Z,MTR,-8.67,78.8,973.2,13.18,15,297,-0.70711,-0.70711,-0.92233,0.38641,-5.02,-2.17,3.11
2026-10-24T16:00:00Z,MTR,-5.02,75.1,971.1,13.0,16,297,-0.86603,-0.5,-0.92233,0.38641,-3.82,-2.12,1.99
2026-10-24T17:00:00Z,MTR,-3.82,73.0,969.7,14.73,17,297,-0.96593,-0.25882,-0.92233,0.38641,-3.86,-1.68,0.31
2026-10-24T18:00:00Z,MTR,-3.86,84.1,969.2,9.77,18,297,-1.0,-0.0,-0.92233,0.38641,-4.67,-2.23,0.89
2026-10-24T19:00:00Z,MTR,-4.67,78.4,971.2,15.26,19,297,-0.96593,0.25882,-0.92233,0.38641,-2.11,-3.5,-0.03
2026-10-24T20:00:00Z,MTR,-2.11,73.9,967.1,16.54,20,297,-0.86603,0.5,-0.92233,0.38641,-2.17,-0.09,0.1
2026-10-24T21:00:00Z,MTR,-2.17,84.7,966.9,16.34,21,297,-0.70711,0.70711,-0.92233,0.38641,-2.12,-2.3,-0.39
2026-10-24T22:00:00Z,MTR,-2.12,81.0,967.7,16.69,22,297,-0.5,0.86603,-0.92233,0.38641,-1.68,-3.92,-6.07
2026-10-24T23:00:00Z,MTR,-1.68,78.0,967.7,13.39,23,297,-0.25882,0.96593,-0.92233,0.38641,-2.23,-3.64,-6.22
2026-10-25T00:00:00Z,MTR,-2.23,85.5,969.8,17.24,0,298,0.0,1.0,-0.91555,0.40221,-3.5,-3.95,-6.58
2026-10-25T01:00:00Z,MTR,-3.5,76.0,969.3,14.01,1,298,0.25882,0.96593,-0.91555,0.40221,-0.09,-0.6,-7.39
2026-10-25T02:00:00Z,MTR,-0.09,80.7,968.6,21.97,2,298,0.5,0.86603,-0.91555,0.40221,-2.3,0.26,-7.58
2026-10-25T03:00:00Z,MTR,-2.3,79.2,969.5,15.93,3,298,0.70711,0.70711,-0.91555,0.40221,-3.92,0.67,-6.49
2026-10-25T04:00:00Z,MTR,-3.92,84.7,969.5,13.54,4,298,0.86603,0.5,-0.91555,0.40221,-3.64,-1.28,-6.31
2026-10-25T05:00:00Z,MTR,-3.64,74.8,968.6,14.35,5,298,0.96593,0.25882,-0.91555,0.40221,-3.95,1.5,-6.16
2026-10-25T06:00:00Z,MTR,-3.95,76.8,969.5,14.95,6,298,1.0,0.0,-0.91555,0.40221,-0.6,2.25,-5.72
2026-10-25T07:00:00Z,MTR,-0.6,84.3,968.4,18.44,7,298,0.96593,-0.25882,-0.91555,0.40221,0.26,2.46,-4.68
2026-10-25T08:00:00Z,MTR,0.26,85.2,967.4,17.26,8,298,0.86603,-0.5,-0.91555,0.40221,0.67,3.18,-3.09
2026-10-25T09:00:00Z,MTR,0.67,77.8,966.8,17.33,9,298,0.70711,-0.70711,-0.91555,0.40221,-1.28,3.11,-3.87
2026-10-25T10:00:00Z,MTR,-1.28,77.6,969.6,14.01,10,298,0.5,-0.86603,-0.91555,0.40221,1.5,1.99,-2.9
2026-10-25T11:00:00Z,MTR,1.5,84.8,964.2,15.3,11,298,0.25882,-0.96593,-0.91555,0.40221,2.25,0.31,-2.38
2026-10-25T12:00:00Z,MTR,2.25,86.0,965.7,17.22,12,298,0.0,-1.0,-0.91555,0.40221,2.46,0.89,-3.5
2026-10-25T13:00:00Z,MTR,2.46,83.0,966.5,18.34,13,298,-0.25882,-0.96593,-0.91555,0.40221,3.18,-0.03,-4.46
2026-10-25T14:00:00Z,MTR,3.18,93.2,964.3,16.12,14,298,-0.5,-0.86603,-0.91555,0.40221,3.11,0.1,-4.01
2026-10-25T15:00:00Z,MTR,3.11,82.9,965.9,14.49,15,298,-0.70711,-0.70711,-0.91555,0.40221,1.99,-0.39,-3.98
2026-10-25T16:00:00Z,MTR,1.99,88.6,967.9,13.15,16,298,-0.86603,-0.5,-0.91555,0.40221,0.31,-6.07,-5.73
2026-10-25T17:00:00Z,MTR,0.31,76.0,970.0,11.15,17,298,-0.96593,-0.25882,-0.91555,0.40221,0.89,-6.22,-6.75
2026-10-25T18:00:00Z,MTR,0.89,75.1,966.3,14.83,18,298,-1.0,-0.0,-0.91555,0.40221,-0.03,-6.58,-6.72
2026-10-25T19:00:00Z,MTR,-0.03,91.6,970.2,13.94,19,298,-0.96593,0.25882,-0.91555,0.40221,0.1,-7.39,-6.39
2026-10-25T20:00:00Z,MTR,0.1,78.8,970.1,14.42,20,298,-0.86603,0.5,-0.91555,0.40221,-0.39,-7.58,-6.46
2026-10-25T21:00:00Z,MTR,-0.39,79.2,972.8,17.14,21,298,-0.70711,0.70711,-0.91555,0.40221,-6.07,-6.49,-8.13
2026-10-25T22:00:00Z,MTR,-6.07,66.4,975.4,13.5,22,298,-0.5,0.86603,-0.91555,0.40221,-6.22,-6.31,-8.65
2026-10-25T23:00:00Z,MTR,-6.22,76.3,975.2,17.27,23,298,-0.25882,0.96593,-0.91555,0.40221,-6.58,-6.16,-9.32
2026-10-26T00:00:00Z,MTR,-6.58,74.2,977.8,9.63,0,299,0.0,1.0,-0.90849,0.4179,-7.39,-5.72,-8.42
2026-10-26T01:00:00Z,MTR,-7.39,65.0,978.5,13.95,1,299,0.25882,0.96593,-0.90849,0.4179,-7.58,-4.68,-8.71
2026-10-26T02:00:00Z,MTR,-7.58,71.7,976.1,11.77,2,299,0.5,0.86603,-0.90849,0.4179,-6.49,-3.09,-8.23
2026-10-26T03:00:00Z,MTR,-6.49,67.7,979.8,9.52,3,299,0.70711,0.70711,-0.90849,0.4179,-6.31,-3.87,-7.83
2026-10-26T04:00:00Z,MTR,-6.31,62.2,979.9,11.76,4,299,0.86603,0.5,-0.90849,0.4179,-6.16,-2.9,-8.33
2026-10-26T05:00:00Z,MTR,-6.16,77.2,979.9,13.29,5,299,0.96593,0.25882,-0.90849,0.4179,-5.72,-2.38,-7.2
2026-10-26T06:00:00Z,MTR,-5.72,54.0,980.7,10.37,6,299,1.0,0.0,-0.90849,0.4179,-4.68,-3.5,-5.91
2026-10-26T07:00:00Z,MTR,-4.68,54.6,982.8,10.41,7,299,0.96593,-0.25882,-0.90849,0.4179,-3.09,-4.46,-4.86
2026-10-26T08:00:00Z,MTR,-3.09,65.1,984.2,12.3,8,299,0.86603,-0.5,-0.90849,0.4179,-3.87,-4.01,-4.44
2026-10-26T09:00:00Z,MTR,-3.87,55.4,986.6,6.52,9,299,0.70711,-0.70711,-0.90849,0.4179,-2.9,-3.98,-4.33
2026-10-26T10:00:00Z,MTR,-2.9,66.1,985.5,10.86,10,299,0.5,-0.86603,-0.90849,0.4179,-2.38,-5.73,-4.67
2026-10-26T11:00:00Z,MTR,-2.38,60.1,985.6,7.93,11,299,0.25882,-0.96593,-0.90849,0.4179,-3.5,-6.75,-3.67
2026-10-26T12:00:00Z,MTR,-3.5,63.0,986.8,9.4,12,299,0.0,-1.0,-0.90849,0.4179,-4.46,-6.72,-2.56
2026-10-26T13:00:00Z,MTR,-4.46,49.2,991.5,8.41,13,299,-0.25882,-0.96593,-0.90849,0.4179,-4.01,-6.39,-3.32
2026-10-26T14:00:00Z,MTR,-4.01,52.0,992.4,4.69,14,299,-0.5,-0.86603,-0.90849,0.4179,-3.98,-6.46,-4.46
2026-10-26T15:00:00Z,MTR,-3.98,48.8,995.3,4.57,15,299,-0.70711,-0.70711,-0.90849,0.4179,-5.73,-8.13,-5.57
2026-10-26T16:00:00Z,MTR,-5.73,62.6,996.2,7.1,16,299,-0.86603,-0.5,-0.90849,0.4179,-6.75,-8.65,-6.63
2026-10-26T17:00:00Z,MTR,-6.75,48.3,996.1,5.29,17,299,-0.96593,-0.25882,-0.90849,0.4179,-6.72,-9.32,-6.71
2026-10-26T18:00:00Z,MTR,-6.72,38.5,996.3,4.3,18,299,-1.0,-0.0,-0.90849,0.4179,-6.39,-8.42,-8.05
2026-10-26T19:00:00Z,MTR,-6.39,55.7,996.6,6.01,19,299,-0.96593,0.25882,-0.90849,0.4179,-6.46,-8.71,-8.74
2026-10-26T20:00:00Z,MTR,-6.46,46.4,998.3,2.91,20,299,-0.86603,0.5,-0.90849,0.4179,-8.13,-8.23,-9.35
2026-10-26T21:00:00Z,MTR,-8.13,46.5,1001.2,4.22,21,299,-0.70711,0.70711,-0.90849,0.4179,-8.65,-7.83,-9.15
2026-10-26T22:00:00Z,MTR,-8.65,41.5,1002.0,0.81,22,299,-0.5,0.86603,-0.90849,0.4179,-9.32,-8.33,-9.2
2026-10-26T23:00:00Z,MTR,-9.32,35.8,1004.2,4.72,23,299,-0.25882,0.96593,-0.90849,0.4179,-8.42,-7.2,-8.75
2026-10-27T00:00:00Z,MTR,-8.42,50.3,1002.4,3.77,0,300,0.0,1.0,-0.90117,0.43347,-8.71,-5.91,-8.48
2026-10-27T01:00:00Z,MTR,-8.71,40.4,1001.5,5.97,1,300,0.25882,0.96593,-0.90117,0.43347,-8.23,-4.86,-8.25
2026-10-27T02:00:00Z,MTR,-8.23,40.1,1000.1,8.66,2,300,0.5,0.86603,-0.90117,0.43347,-7.83,-4.44,-6.73
2026-10-27T03:00:00Z,MTR,-7.83,48.0,1000.5,3.84,3,300,0.70711,0.70711,-0.90117,0.43347,-8.33,-4.33,-6.4
2026-10-27T04:00:00Z,MTR,-8.33,47.5,999.6,4.48,4,300,0.86603,0.5,-0.90117,0.43347,-7.2,-4.67,-5.89
2026-10-27T05:00:00Z,MTR,-7.2,51.2,1000.7,4.96,5,300,0.96593,0.25882,-0.90117,0.43347,-5.91,-3.67,-3.74
2026-10-27T06:00:00Z,MTR,-5.91,49.0,998.6,3.83,6,300,1.0,0.0,-0.90117,0.43347,-4.86,-2.56,-3.62
2026-10-27T07:00:00Z,MTR,-4.86,47.0,998.3,2.16,7,300,0.96593,-0.25882,-0.90117,0.43347,-4.44,-3.32,-2.3
2026-10-27T08:00:00Z,MTR,-4.44,51.2,999.1,2.51,8,300,0.86603,-0.5,-0.90117,0.43347,-4.33,-4.46,-1.25
2026-10-27T09:00:00Z,MTR,-4.33,43.8,994.8,6.16,9,300,0.70711,-0.70711,-0.90117,0.43347,-4.67,-5.57,-1.94
2026-10-27T10:00:00Z,MTR,-4.67,48.0,998.2,7.1,10,300,0.5,-0.86603,-0.90117,0.43347,-3.67,-6.63,-1.84
2026-10-27T11:00:00Z,MTR,-3.67,45.8,997.0,8.63,11,300,0.25882,-0.96593,-0.90117,0.43347,-2.56,-6.71,-1.46
2026-10-27T12:00:00Z,MTR,-2.56,55.5,992.7,6.36,12,300,0.0,-1.0,-0.90117,0.43347,-3.32,-8.05,-0.98
2026-10-27T13:00:00Z,MTR,-3.32,58.8,992.5,7.34,13,300,-0.25882,-0.96593,-0.90117,0.43347,-4.46,-8.74,-1.91
2026-10-27T14:00:00Z,MTR,-4.46,57.7,992.0,10.92,14,300,-0.5,-0.86603,-0.90117,0.43347,-5.57,-9.35,-2.89
2026-10-27T15:00:00Z,MTR,-5.57,59.8,991.2,8.45,15,300,-0.70711,-0.70711,-0.90117,0.43347,-6.63,-9.15,-2.63
2026-10-27T16:00:00Z,MTR,-6.63,61.0,992.4,7.3,16,300,-0.86603,-0.5,-0.90117,0.43347,-6.71,-9.2,-3.89
2026-10-27T17:00:00Z,MTR,-6.71,56.6,993.1,7.23,17,300,-0.96593,-0.25882,-0.90117,0.43347,-8.05,-8.75,-4.6
2026-10-27T18:00:00Z,MTR,-8.05,58.3,992.9,8.05,18,300,-1.0,-0.0,-0.90117,0.43347,-8.74,-8.48,-6.13
2026-10-27T19:00:00Z,MTR,-8.74,62.8,992.9,4.43,19,300,-0.96593,0.25882,-0.90117,0.43347,-9.35,-8.25,-7.12
2026-10-27T20:00:00Z,MTR,-9.35,68.9,991.9,8.73,20,300,-0.86603,0.5,-0.90117,0.43347,-9.15,-6.73,-7.59
2026-10-27T21:00:00Z,MTR,-9.15,52.8,994.3,9.76,21,300,-0.70711,0.70711,-0.90117,0.43347,-9.2,-6.4,-7.68
2026-10-27T22:00:00Z,MTR,-9.2,53.0,990.7,11.52,22,300,-0.5,0.86603,-0.90117,0.43347,-8.75,-5.89,-7.59
2026-10-27T23:00:00Z,MTR,-8.75,44.8,990.2,9.65,23,300,-0.25882,0.96593,-0.90117,0.43347,-8.48,-3.74,-7.66
2026-10-28T00:00:00Z,MTR,-8.48,68.0,989.6,10.01,0,301,0.0,1.0,-0.89358,0.44891,-8.25,-3.62,-6.67
2026-10-28T01:00:00Z,MTR,-8.25,53.8,990.4,6.77,1,301,0.25882,0.96593,-0.89358,0.44891,-6.73,-2.3,-5.75
2026-10-28T02:00:00Z,MTR,-6.73,61.9,988.1,9.02,2,301,0.5,0.86603,-0.89358,0.44891,-6.4,-1.25,-6.33
2026-10-28T03:00:00Z,MTR,-6.4,66.9,984.4,10.01,3,301,0.70711,0.70711,-0.89358,0.44891,-5.89,-1.94,-7.35
2026-10-28T04:00:00Z,MTR,-5.89,67.3,984.2,8.25,4,301,0.86603,0.5,-0.89358,0.44891,-3.74,-1.84,-6.65
2026-10-28T05:00:00Z,MTR,-3.74,62.8,984.4,11.42,5,301,0.96593,0.25882,-0.89358,0.44891,-3.62,-1.46,-5.49
2026-10-28T06:00:00Z,MTR,-3.62,64.1,986.7,6.11,6,301,1.0,0.0,-0.89358,0.44891,-2.3,-0.98,-5.72
2026-10-28T07:00:00Z,MTR,-2.3,66.7,983.9,9.55,7,301,0.96593,-0.25882,-0.89358,0.44891,-1.25,-1.91,-5.58
2026-10-28T08:00:00Z,MTR,-1.25,58.4,985.7,8.14,8,301,0.86603,-0.5,-0.89358,0.44891,-1.94,-2.89,-4.51
2026-10-28T09:00:00Z,MTR,-1.94,65.5,989.6,6.5,9,301,0.70711,-0.70711,-0.89358,0.44891,-1.84,-2.63,-3.46
2026-10-28T10:00:00Z,MTR,-1.84,61.8,988.3,5.65,10,301,0.5,-0.86603,-0.89358,0.44891,-1.46,-3.89,-3.01
2026-10-28T11:00:00Z,MTR,-1.46,55.9,985.5,9.41,11,301,0.25882,-0.96593,-0.89358,0.44891,-0.98,-4.6,-2.99
2026-10-28T12:00:00Z,MTR,-0.98,61.5,984.5,9.5,12,301,0.0,-1.0,-0.89358,0.44891,-1.91,-6.13,-3.46
2026-10-28T13:00:00Z,MTR,-1.91,62.8,984.3,13.54,13,301,-0.25882,-0.96593,-0.89358,0.44891,-2.89,-7.12,-3.47
2026-10-28T14:00:00Z,MTR,-2.89,61.4,985.1,14.44,14,301,-0.5,-0.86603,-0.89358,0.44891,-2.63,-7.59,-3.68
2026-10-28T15:00:00Z,MTR,-2.63,66.6,983.8,7.75,15,301,-0.70711,-0.70711,-0.89358,0.44891,-3.89,-7.68,-3.53
2026-10-28T16:00:00Z,MTR,-3.89,66.5,986.5,5.2,16,301,-0.86603,-0.5,-0.89358,0.44891,-4.6,-7.59,-3.65
2026-10-28T17:00:00Z,MTR,-4.6,57.5,984.2,7.35,17,301,-0.96593,-0.25882,-0.89358,0.44891,-6.13,-7.66,-5.0
2026-10-28T18:00:00Z,MTR,-6.13,65.5,981.0,10.72,18,301,-1.0,-0.0,-0.89358,0.44891,-7.12,-6.67,-5.67
2026-10-28T19:00:00Z,MTR,-7.12,71.4,983.0,12.41,19,301,-0.96593,0.25882,-0.89358,0.44891,-7.59,-5.75,-5.06
2026-10-28T20:00:00Z,MTR,-7.59,65.1,978.9,10.58,20,301,-0.86603,0.5,-0.89358,0.44891,-7.68,-6.33,-7.25
2026-10-28T21:00:00Z,MTR,-7.68,67.3,978.7,15.25,21,301,-0.70711,0.70711,-0.89358,0.44891,-7.59,-7.35,-8.34
2026-10-28T22:00:00Z,MTR,-7.59,52.3,984.4,9.84,22,301,-0.5,0.86603,-0.89358,0.44891,-7.66,-6.65,-9.0
2026-10-28T23:00:00Z,MTR,-7.66,67.5,984.3,9.67,23,301,-0.25882,0.96593,-0.89358,0.44891,-6.67,-5.49,-2.68
2026-10-29T00:00:00Z,MTR,-6.67,67.1,982.1,10.79,0,302,0.0,1.0,-0.88572,0.46421,-5.75,-5.72,-1.83
2026-10-29T01:00:00Z,MTR,-5.75,64.7,982.0,11.38,1,302,0.25882,0.96593,-0.88572,0.46421,-6.33,-5.58,-1.3
2026-10-29T02:00:00Z,MTR,-6.33,58.8,981.9,12.22,2,302,0.5,0.86603,-0.88572,0.46421,-7.35,-4.51,0.28
2026-10-29T03:00:00Z,MTR,-7.35,63.7,982.1,8.3,3,302,0.70711,0.70711,-0.88572,0.46421,-6.65,-3.46,-0.79
2026-10-29T04:00:00Z,MTR,-6.65,56.0,983.2,12.55,4,302,0.86603,0.5,-0.88572,0.46421,-5.49,-3.01,-1.51
2026-10-29T05:00:00Z,MTR,-5.49,66.9,981.2,13.22,5,302,0.96593,0.25882,-0.88572,0.46421,-5.72,-2.99,-1.08
2026-10-29T06:00:00Z,MTR,-5.72,74.2,984.1,12.28,6,302,1.0,0.0,-0.88572,0.46421,-5.58,-3.46,-6.59
2026-10-29T07:00:00Z,MTR,-5.58,64.3,984.2,8.4,7,302,0.96593,-0.25882,-0.88572,0.46421,-4.51,-3.47,-0.12
2026-10-29T08:00:00Z,MTR,-4.51,68.9,985.2,9.67,8,302,0.86603,-0.5,-0.88572,0.46421,-3.46,-3.68,0.27
2026-10-29T09:00:00Z,MTR,-3.46,70.5,983.7,8.9,9,302,0.70711,-0.70711,-0.88572,0.46421,-3.01,-3.53,1.21
2026-10-29T10:00:00Z,MTR,-3.01,59.0,985.6,7.36,10,302,0.5,-0.86603,-0.88572,0.46421,-2.99,-3.65,1.72
2026-10-29T11:00:00Z,MTR,-2.99,66.6,984.6,10.2,11,302,0.25882,-0.96593,-0.88572,0.46421,-3.46,-5.0,1.83
2026-10-29T12:00:00Z,MTR,-3.46,48.4,984.6,5.4,12,302,0.0,-1.0,-0.88572,0.46421,-3.47,-5.67,1.95
2026-10-29T13:00:00Z,MTR,-3.47,67.7,982.3,12.08,13,302,-0.25882,-0.96593,-0.88572,0.46421,-3.68,-5.06,2.39
2026-10-29T14:00:00Z,MTR,-3.68,73.0,980.0,8.83,14,302,-0.5,-0.86603,-0.88572,0.46421,-3.53,-7.25,1.49
2026-10-29T15:00:00Z,MTR,-3.53,69.8,980.9,10.25,15,302,-0.70711,-0.70711,-0.88572,0.46421,-3.65,-8.34,3.63
2026-10-29T16:00:00Z,MTR,-3.65,65.7,979.6,6.78,16,302,-0.86603,-0.5,-0.88572,0.46421,-5.0,-9.0,2.49
2026-10-29T17:00:00Z,MTR,-5.0,78.4,977.5,15.61,17,302,-0.96593,-0.25882,-0.88572,0.46421,-5.67,-2.68,1.41
2026-10-29T18:00:00Z,MTR,-5.67,78.9,976.0,13.83,18,302,-1.0,-0.0,-0.88572,0.46421,-5.06,-1.83,-0.06
2026-10-29T19:00:00Z,MTR,-5.06,71.6,976.8,12.39,19,302,-0.96593,0.25882,-0.88572,0.46421,-7.25,-1.3,0.13
2026-10-29T20:00:00Z,MTR,-7.25,80.6,975.2,11.38,20,302,-0.86603,0.5,-0.88572,0.46421,-8.34,0.28,-0.7
2026-10-29T21:00:00Z,MTR,-8.34,76.9,974.6,13.3,21,302,-0.70711,0.70711,-0.88572,0.46421,-9.0,-0.79,-0.81
2026-10-29T22:00:00Z,MTR,-9.0,67.0,974.3,14.43,22,302,-0.5,0.86603,-0.88572,0.46421,-2.68,-1.51,-1.66
2026-10-29T23:00:00Z,MTR,-2.68,81.0,970.4,15.87,23,302,-0.25882,0.96593,-0.88572,0.46421,-1.83,-1.08,-3.7
2026-10-30T00:00:00Z,MTR,-1.83,78.3,967.5,14.86,0,303,0.0,1.0,-0.87761,0.47938,-1.3,-6.59,-2.05
2026-10-30T01:00:00Z,MTR,-1.3,84.6,968.1,17.11,1,303,0.25882,0.96593,-0.87761,0.47938,0.28,-0.12,-0.92
2026-10-30T02:00:00Z,MTR,0.28,66.0,966.6,19.34,2,303,0.5,0.86603,-0.87761,0.47938,-0.79,0.27,0.0
2026-10-30T03:00:00Z,MTR,-0.79,88.3,968.5,12.86,3,303,0.70711,0.70711,-0.87761,0.47938,-1.51,1.21,2.0
2026-10-30T04:00:00Z,MTR,-1.51,85.0,970.1,14.94,4,303,0.86603,0.5,-0.87761,0.47938,-1.08,1.72,1.13
2026-10-30T05:00:00Z,MTR,-1.08,87.0,971.2,17.58,5,303,0.96593,0.25882,-0.87761,0.47938,-6.59,1.83,0.91
2026-10-30T06:00:00Z,MTR,-6.59,74.4,974.3,12.45,6,303,1.0,0.0,-0.87761,0.47938,-0.12,1.95,2.06
2026-10-30T07:00:00Z,MTR,-0.12,87.3,973.8,34.17,7,303,0.96593,-0.25882,-0.87761,0.47938,0.27,2.39,2.19
2026-10-30T08:00:00Z,MTR,0.27,81.9,974.7,35.08,8,303,0.86603,-0.5,-0.87761,0.47938,1.21,1.49,3.99
2026-10-30T09:00:00Z,MTR,1.21,77.5,973.3,35.95,9,303,0.70711,-0.70711,-0.87761,0.47938,1.72,3.63,2.74
2026-10-30T10:00:00Z,MTR,1.72,73.9,977.6,35.28,10,303,0.5,-0.86603,-0.87761,0.47938,1.83,2.49,3.6
2026-10-30T11:00:00Z,MTR,1.83,72.1,980.8,32.32,11,303,0.25882,-0.96593,-0.87761,0.47938,1.95,1.41,2.6
2026-10-30T12:00:00Z,MTR,1.95,80.0,980.4,30.64,12,303,0.0,-1.0,-0.87761,0.47938,2.39,-0.06,2.28
2026-10-30T13:00:00Z,MTR,2.39,80.2,980.8,33.23,13,303,-0.25882,-0.96593,-0.87761,0.47938,1.49,0.13,1.49
2026-10-30T14:00:00Z,MTR,1.49,67.6,983.0,29.45,14,303,-0.5,-0.86603,-0.87761,0.47938,3.63,-0.7,0.6
2026-10-30T15:00:00Z,MTR,3.63,75.8,982.4,32.24,15,303,-0.70711,-0.70711,-0.87761,0.47938,2.49,-0.81,0.38
2026-10-30T16:00:00Z,MTR,2.49,73.7,981.0,32.19,16,303,-0.86603,-0.5,-0.87761,0.47938,1.41,-1.66,-0.89
2026-10-30T17:00:00Z,MTR,1.41,67.2,982.6,31.62,17,303,-0.96593,-0.25882,-0.87761,0.47938,-0.06,-3.7,-4.43
2026-10-30T18:00:00Z,MTR,-0.06,65.8,982.7,31.31,18,303,-1.0,-0.0,-0.87761,0.47938,0.13,-2.05,-3.62
2026-10-30T19:00:00Z,MTR,0.13,70.7,983.1,33.35,19,303,-0.96593,0.25882,-0.87761,0.47938,-0.7,-0.92,-4.5
2026-10-30T20:00:00Z,MTR,-0.7,77.8,981.8,33.03,20,303,-0.86603,0.5,-0.87761,0.47938,-0.81,0.0,-5.65
2026-10-30T21:00:00Z,MTR,-0.81,74.5,979.0,36.58,21,303,-0.70711,0.70711,-0.87761,0.47938,-1.66,2.0,-6.13
2026-10-30T22:00:00Z,MTR,-1.66,79.0,980.0,33.22,22,303,-0.5,0.86603,-0.87761,0.47938,-3.7,1.13,-5.94
2026-10-30T23:00:00Z,MTR,-3.7,73.1,982.2,29.27,23,303,-0.25882,0.96593,-0.87761,0.47938,-2.05,0.91,-7.12
2026-10-31T00:00:00Z,MTR,-2.05,63.7,982.4,30.79,0,304,0.0,1.0,-0.86923,0.4944,-0.92,2.06,-7.23
2026-10-31T01:00:00Z,MTR,-0.92,79.1,985.7,32.27,1,304,0.25882,0.96593,-0.86923,0.4944,0.0,2.19,-7.2
2026-10-31T02:00:00Z,MTR,0.0,75.2,985.0,30.77,2,304,0.5,0.86603,-0.86923,0.4944,2.0,3.99,-7.58
2026-10-31T03:00:00Z,MTR,2.0,63.2,983.9,30.23,3,304,0.70711,0.70711,-0.86923,0.4944,1.13,2.74,-7.92
2026-10-31T04:00:00Z,MTR,1.13,71.7,984.6,31.28,4,304,0.86603,0.5,-0.86923,0.4944,0.91,3.6,-6.73
2026-10-31T05:00:00Z,MTR,0.91,76.0,985.4,30.03,5,304,0.96593,0.25882,-0.86923,0.4944,2.06,2.6,-5.59
2026-10-31T06:00:00Z,MTR,2.06,68.2,987.8,29.87,6,304,1.0,0.0,-0.86923,0.4944,2.19,2.28,-4.49
2026-10-31T07:00:00Z,MTR,2.19,63.3,987.4,25.94,7,304,0.96593,-0.25882,-0.86923,0.4944,3.99,1.49,-3.72
2026-10-31T08:00:00Z,MTR,3.99,62.6,990.9,30.29,8,304,0.86603,-0.5,-0.86923,0.4944,2.74,0.6,-4.34
2026-10-31T09:00:00Z,MTR,2.74,56.9,995.4,28.48,9,304,0.70711,-0.70711,-0.86923,0.4944,3.6,0.38,-4.09
2026-10-31T10:00:00Z,MTR,3.6,57.6,996.1,31.25,10,304,0.5,-0.86603,-0.86923,0.4944,2.6,-0.89,-2.88
2026-10-31T11:00:00Z,MTR,2.6,58.9,999.1,24.58,11,304,0.25882,-0.96593,-0.86923,0.4944,2.28,-4.43,-3.76
2026-10-31T12:00:00Z,MTR,2.28,57.1,997.9,25.41,12,304,0.0,-1.0,-0.86923,0.4944,1.49,-3.62,-4.51
2026-10-31T13:00:00Z,MTR,1.49,47.8,1000.6,25.85,13,304,-0.25882,-0.96593,-0.86923,0.4944,0.6,-4.5,-4.37
2026-10-31T14:00:00Z,MTR,0.6,47.8,1003.2,24.58,14,304,-0.5,-0.86603,-0.86923,0.4944,0.38,-5.65,-3.96
2026-10-31T15:00:00Z,MTR,0.38,45.8,1005.3,27.1,15,304,-0.70711,-0.70711,-0.86923,0.4944,-0.89,-6.13,-3.72
2026-10-31T16:00:00Z,MTR,-0.89,47.6,1005.8,22.97,16,304,-0.86603,-0.5,-0.86923,0.4944,-4.43,-5.94,-3.84
2026-10-31T17:00:00Z,MTR,-4.43,39.7,1000.9,3.89,17,304,-0.96593,-0.25882,-0.86923,0.4944,-3.62,-7.12,-4.99
2026-10-31T18:00:00Z,MTR,-3.62,38.0,1000.5,3.22,18,304,-1.0,-0.0,-0.86923,0.4944,-4.5,-7.23,-4.99
2026-10-31T19:00:00Z,MTR,-4.5,42.6,1000.1,7.53,19,304,-0.96593,0.25882,-0.86923,0.4944,-5.65,-7.2,-5.81
2026-10-31T20:00:00Z,MTR,-5.65,39.9,999.0,5.81,20,304,-0.86603,0.5,-0.86923,0.4944,-6.13,-7.58,-5.85
2026-10-31T21:00:00Z,MTR,-6.13,40.4,1000.0,10.13,21,304,-0.70711,0.70711,-0.86923,0.4944,-5.94,-7.92,-6.11
2026-10-31T22:00:00Z,MTR,-5.94,54.9,999.9,12.13,22,304,-0.5,0.86603,-0.86923,0.4944,-7.12,-6.73,-6.34
2026-10-31T23:00:00Z,MTR,-7.12,46.6,999.0,4.22,23,304,-0.25882,0.96593,-0.86923,0.4944,-7.23,-5.59,-4.57
2026-11-01T00:00:00Z,MTR,-7.23,51.4,997.7,7.43,0,305,0.0,1.0,-0.8606,0.50928,-7.2,-4.49,-5.27
2026-11-01T01:00:00Z,MTR,-7.2,50.1,997.0,5.89,1,305,0.25882,0.96593,-0.8606,0.50928,-7.58,-3.72,-5.86
2026-11-01T02:00:00Z,MTR,-7.58,47.0,999.6,3.26,2,305,0.5,0.86603,-0.8606,0.50928,-7.92,-4.34,-4.96
2026-11-01T03:00:00Z,MTR,-7.92,48.3,998.8,1.97,3,305,0.70711,0.70711,-0.8606,0.50928,-6.73,-4.09,-3.42
2026-11-01T04:00:00Z,MTR,-6.73,52.5,998.2,9.36,4,305,0.86603,0.5,-0.8606,0.50928,-5.59,-2.88,-2.7
2026-11-01T05:00:00Z,MTR,-5.59,51.4,997.7,7.28,5,305,0.96593,0.25882,-0.8606,0.50928,-4.49,-3.76,-2.64
2026-11-01T06:00:00Z,MTR,-4.49,61.8,998.5,4.55,6,305,1.0,0.0,-0.8606,0.50928,-3.72,-4.51,-2.98
2026-11-01T07:00:00Z,MTR,-3.72,42.2,999.4,5.94,7,305,0.96593,-0.25882,-0.8606,0.50928,-4.34,-4.37,-2.06
2026-11-01T08:00:00Z,MTR,-4.34,46.7,993.9,2.91,8,305,0.86603,-0.5,-0.8606,0.50928,-4.09,-3.96,-1.87
2026-11-01T09:00:00Z,MTR,-4.09,48.1,995.9,5.68,9,305,0.70711,-0.70711,-0.8606,0.50928,-2.88,-3.72,-2.13
2026-11-01T10:00:00Z,MTR,-2.88,41.0,998.4,3.5,10,305,0.5,-0.86603,-0.8606,0.50928,-3.76,-3.84,-1.24
2026-11-01T11:00:00Z,MTR,-3.76,49.9,996.3,8.64,11,305,0.25882,-0.96593,-0.8606,0.50928,-4.51,-4.99,-1.4
2026-11-01T12:00:00Z,MTR,-4.51,48.8,994.2,9.44,12,305,0.0,-1.0,-0.8606,0.50928,-4.37,-4.99,-2.52
2026-11-01T13:00:00Z,MTR,-4.37,54.8,993.2,8.55,13,305,-0.25882,-0.96593,-0.8606,0.50928,-3.96,-5.81,-2.59
2026-11-01T14:00:00Z,MTR,-3.96,56.6,991.5,9.22,14,305,-0.5,-0.86603,-0.8606,0.50928,-3.72,-5.85,-3.1
2026-11-01T15:00:00Z,MTR,-3.72,48.7,991.6,5.99,15,305,-0.70711,-0.70711,-0.8606,0.50928,-3.84,-6.11,-4.16
2026-11-01T16:00:00Z,MTR,-3.84,64.1,987.7,10.03,16,305,-0.86603,-0.5,-0.8606,0.50928,-4.99,-6.34,-4.24
2026-11-01T17:00:00Z,MTR,-4.99,57.6,985.4,6.6,17,305,-0.96593,-0.25882,-0.8606,0.50928,-4.99,-4.57,-4.26
2026-11-01T18:00:00Z,MTR,-4.99,54.0,987.9,5.5,18,305,-1.0,-0.0,-0.8606,0.50928,-5.81,-5.27,-6.54
2026-11-01T19:00:00Z,MTR,-5.81,64.1,985.8,9.02,19,305,-0.96593,0.25882,-0.8606,0.50928,-5.85,-5.86,-5.97
2026-11-01T20:00:00Z,MTR,-5.85,60.3,987.6,9.69,20,305,-0.86603,0.5,-0.8606,0.50928,-6.11,-4.96,-5.48
2026-11-01T21:00:00Z,MTR,-6.11,61.0,987.7,12.29,21,305,-0.70711,0.70711,-0.8606,0.50928,-6.34,-3.42,-5.77
2026-11-01T22:00:00Z,MTR,-6.34,59.0,983.7,9.16,22,305,-0.5,0.86603,-0.8606,0.50928,-4.57,-2.7,-6.36
2026-11-01T23:00:00Z,MTR,-4.57,57.3,984.4,7.51,23,305,-0.25882,0.96593,-0.8606,0.50928,-5.27,-2.64,-5.91
2026-11-02T00:00:00Z,MTR,-5.27,68.2,983.6,9.08,0,306,0.0,1.0,-0.85171,0.52401,-5.86,-2.98,-5.63
2026-11-02T01:00:00Z,MTR,-5.86,65.4,982.1,9.61,1,306,0.25882,0.96593,-0.85171,0.52401,-4.96,-2.06,-6.02
2026-11-02T02:00:00Z,MTR,-4.96,67.7,982.0,11.72,2,306,0.5,0.86603,-0.85171,0.52401,-3.42,-1.87,-6.26
2026-11-02T03:00:00Z,MTR,-3.42,66.0,982.3,8.39,3,306,0.70711,0.70711,-0.85171,0.52401,-2.7,-2.13,-5.79
2026-11-02T04:00:00Z,MTR,-2.7,69.7,982.9,14.09,4,306,0.86603,0.5,-0.85171,0.52401,-2.64,-1.24,-4.42
2026-11-02T05:00:00Z,MTR,-2.64,63.5,984.3,10.45,5,306,0.96593,0.25882,-0.85171,0.52401,-2.98,-1.4,-5.06
2026-11-02T06:00:00Z,MTR,-2.98,62.4,984.3,9.44,6,306,1.0,0.0,-0.85171,0.52401,-2.06,-2.52,-4.41
2026-11-02T07:00:00Z,MTR,-2.06,70.1,981.0,8.53,7,306,0.96593,-0.25882,-0.85171,0.52401,-1.87,-2.59,-4.7
2026-11-02T08:00:00Z,MTR,-1.87,79.2,979.6,8.67,8,306,0.86603,-0.5,-0.85171,0.52401,-2.13,-3.1,-4.09
2026-11-02T09:00:00Z,MTR,-2.13,57.2,984.3,9.08,9,306,0.70711,-0.70711,-0.85171,0.52401,-1.24,-4.16,-3.37
2026-11-02T10:00:00Z,MTR,-1.24,59.9,984.9,8.39,10,306,0.5,-0.86603,-0.85171,0.52401,-1.4,-4.24,-4.12
2026-11-02T11:00:00Z,MTR,-1.4,59.6,988.3,4.92,11,306,0.25882,-0.96593,-0.85171,0.52401,-2.52,-4.26,-3.55
2026-11-02T12:00:00Z,MTR,-2.52,47.4,989.9,10.61,12,306,0.0,-1.0,-0.85171,0.52401,-2.59,-6.54,-3.34
2026-11-02T13:00:00Z,MTR,-2.59,62.9,989.4,5.84,13,306,-0.25882,-0.96593,-0.85171,0.52401,-3.1,-5.97,-2.46
2026-11-02T14:00:00Z,MTR,-3.1,62.7,989.0,8.89,14,306,-0.5,-0.86603,-0.85171,0.52401,-4.16,-5.48,-2.69
2026-11-02T15:00:00Z,MTR,-4.16,60.0,988.0,9.38,15,306,-0.70711,-0.70711,-0.85171,0.52401,-4.24,-5.77,-2.79
2026-11-02T16:00:00Z,MTR,-4.24,65.2,984.1,6.58,16,306,-0.86603,-0.5,-0.85171,0.52401,-4.26,-6.36,-2.84
2026-11-02T17:00:00Z,MTR,-4.26,71.8,983.5,9.23,17,306,-0.96593,-0.25882,-0.85171,0.52401,-6.54,-5.91,-2.2
2026-11-02T18:00:00Z,MTR,-6.54,63.3,985.2,6.62,18,306,-1.0,-0.0,-0.85171,0.52401,-5.97,-5.63,-4.06
2026-11-02T19:00:00Z,MTR,-5.97,58.4,983.5,10.81,19,306,-0.96593,0.25882,-0.85171,0.52401,-5.48,-6.02,-5.61
2026-11-02T20:00:00Z,MTR,-5.48,69.0,983.8,10.02,20,306,-0.86603,0.5,-0.85171,0.52401,-5.77,-6.26,-5.95
2026-11-02T21:00:00Z,MTR,-5.77,68.3,984.9,11.84,21,306,-0.70711,0.70711,-0.85171,0.52401,-6.36,-5.79,-5.85
2026-11-02T22:00:00Z,MTR,-6.36,66.3,982.9,10.33,22,306,-0.5,0.86603,-0.85171,0.52401,-5.91,-4.42,-7.07
2026-11-02T23:00:00Z,MTR,-5.91,80.5,981.7,13.86,23,306,-0.25882,0.96593,-0.85171,0.52401,-5.63,-5.06,-7.02
2026-11-03T00:00:00Z,MTR,-5.63,67.9,979.7,10.51,0,307,0.0,1.0,-0.84257,0.53858,-6.02,-4.41,-7.22
2026-11-03T01:00:00Z,MTR,-6.02,60.8,978.1,9.74,1,307,0.25882,0.96593,-0.84257,0.53858,-6.26,-4.7,-8.07
2026-11-03T02:00:00Z,MTR,-6.26,73.7,975.8,10.67,2,307,0.5,0.86603,-0.84257,0.53858,-5.79,-4.09,-7.9
2026-11-03T03:00:00Z,MTR,-5.79,74.1,974.4,9.02,3,307,0.70711,0.70711,-0.84257,0.53858,-4.42,-3.37,-6.92
2026-11-03T04:00:00Z,MTR,-4.42,82.2,977.2,10.79,4,307,0.86603,0.5,-0.84257,0.53858,-5.06,-4.12,-5.07
2026-11-03T05:00:00Z,MTR,-5.06,74.3,975.7,10.78,5,307,0.96593,0.25882,-0.84257,0.53858,-4.41,-3.55,-2.96
2026-11-03T06:00:00Z,MTR,-4.41,71.8,976.2,13.84,6,307,1.0,0.0,-0.84257,0.53858,-4.7,-3.34,-1.83
2026-11-03T07:00:00Z,MTR,-4.7,67.4,975.5,13.82,7,307,0.96593,-0.25882,-0.84257,0.53858,-4.09,-2.46,-1.35
2026-11-03T08:00:00Z,MTR,-4.09,79.9,977.9,12.3,8,307,0.86603,-0.5,-0.84257,0.53858,-3.37,-2.69,-1.25
2026-11-03T09:00:00Z,MTR,-3.37,57.1,980.4,12.93,9,307,0.70711,-0.70711,-0.84257,0.53858,-4.12,-2.79,-1.0
2026-11-03T10:00:00Z,MTR,-4.12,67.8,982.0,8.15,10,307,0.5,-0.86603,-0.84257,0.53858,-3.55,-2.84,-0.84
2026-11-03T11:00:00Z,MTR,-3.55,55.8,982.5,10.98,11,307,0.25882,-0.96593,-0.84257,0.53858,-3.34,-2.2,-0.04
2026-11-03T12:00:00Z,MTR,-3.34,63.9,982.0,7.63,12,307,0.0,-1.0,-0.84257,0.53858,-2.46,-4.06,0.98
2026-11-03T13:00:00Z,MTR,-2.46,66.6,979.8,10.29,13,307,-0.25882,-0.96593,-0.84257,0.53858,-2.69,-5.61,-0.23
2026-11-03T14:00:00Z,MTR,-2.69,61.5,983.3,10.75,14,307,-0.5,-0.86603,-0.84257,0.53858,-2.79,-5.95,-0.81
2026-11-03T15:00:00Z,MTR,-2.79,64.2,981.8,9.52,15,307,-0.70711,-0.70711,-0.84257,0.53858,-2.84,-5.85,-0.5
2026-11-03T16:00:00Z,MTR,-2.84,66.9,982.8,13.48,16,307,-0.86603,-0.5,-0.84257,0.53858,-2.2,-7.07,-1.09
2026-11-03T17:00:00Z,MTR,-2.2,60.8,984.6,8.95,17,307,-0.96593,-0.25882,-0.84257,0.53858,-4.06,-7.02,-1.91
2026-11-03T18:00:00Z,MTR,-4.06,64.6,983.3,11.68,18,307,-1.0,-0.0,-0.84257,0.53858,-5.61,-7.22,-1.54
2026-11-03T19:00:00Z,MTR,-5.61,59.3,984.9,9.01,19,307,-0.96593,0.25882,-0.84257,0.53858,-5.95,-8.07,-2.43
2026-11-03T20:00:00Z,MTR,-5.95,60.7,985.9,9.46,20,307,-0.86603,0.5,-0.84257,0.53858,-5.85,-7.9,-2.38
2026-11-03T21:00:00Z,MTR,-5.85,64.3,988.6,10.05,21,307,-0.70711,0.70711,-0.84257,0.53858,-7.07,-6.92,-3.01
2026-11-03T22:00:00Z,MTR,-7.07,58.8,987.1,10.9,22,307,-0.5,0.86603,-0.84257,0.53858,-7.02,-5.07,-1.48
2026-11-03T23:00:00Z,MTR,-7.02,72.8,984.3,14.11,23,307,-0.25882,0.96593,-0.84257,0.53858,-7.22,-2.96,-0.76
2026-11-04T00:00:00Z,MTR,-7.22,70.9,982.9,13.29,0,308,0.0,1.0,-0.83318,0.553,-8.07,-1.83,-1.01
2026-11-04T01:00:00Z,MTR,-8.07,69.3,982.9,10.14,1,308,0.25882,0.96593,-0.83318,0.553,-7.9,-1.35,-1.04
2026-11-04T02:00:00Z,MTR,-7.9,65.4,982.5,9.86,2,308,0.5,0.86603,-0.83318,0.553,-6.92,-1.25,-0.68
2026-11-04T03:00:00Z,MTR,-6.92,62.1,981.4,10.8,3,308,0.70711,0.70711,-0.83318,0.553,-5.07,-1.0,-0.96
2026-11-04T04:00:00Z,MTR,-5.07,71.9,977.6,13.26,4,308,0.86603,0.5,-0.83318,0.553,-2.96,-0.84,-1.07
2026-11-04T05:00:00Z,MTR,-2.96,80.2,978.2,15.48,5,308,0.96593,0.25882,-0.83318,0.553,-1.83,-0.04,-0.26
2026-11-04T06:00:00Z,MTR,-1.83,63.4,981.5,13.25,6,308,1.0,0.0,-0.83318,0.553,-1.35,0.98,-0.11
2026-11-04T07:00:00Z,MTR,-1.35,67.6,981.9,10.01,7,308,0.96593,-0.25882,-0.83318,0.553,-1.25,-0.23,-1.01
2026-11-04T08:00:00Z,MTR,-1.25,61.3,982.5,11.14,8,308,0.86603,-0.5,-0.83318,0.553,-1.0,-0.81,-0.4
2026-11-04T09:00:00Z,MTR,-1.0,63.1,983.0,10.61,9,308,0.70711,-0.70711,-0.83318,0.553,-0.84,-0.5,0.42
2026-11-04T10:00:00Z,MTR,-0.84,66.0,983.2,8.88,10,308,0.5,-0.86603,-0.83318,0.553,-0.04,-1.09,0.16
2026-11-04T11:00:00Z,MTR,-0.04,66.0,984.4,11.74,11,308,0.25882,-0.96593,-0.83318,0.553,0.98,-1.91,-0.5
2026-11-04T12:00:00Z,MTR,0.98,62.5,984.5,4.64,12,308,0.0,-1.0,-0.83318,0.553,-0.23,-1.54,0.36
2026-11-04T13:00:00Z,MTR,-0.23,68.3,983.4,12.05,13,308,-0.25882,-0.96593,-0.83318,0.553,-0.81,-2.43,0.19
2026-11-04T14:00:00Z,MTR,-0.81,69.2,981.5,11.5,14,308,-0.5,-0.86603,-0.83318,0.553,-0.5,-2.38,-0.23
2026-11-04T15:00:00Z,MTR,-0.5,64.9,980.7,7.32,15,308,-0.70711,-0.70711,-0.83318,0.553,-1.09,-3.01,-0.72
2026-11-04T16:00:00Z,MTR,-1.09,70.3,981.0,8.75,16,308,-0.86603,-0.5,-0.83318,0.553,-1.91,-1.48,-0.1
2026-11-04T17:00:00Z,MTR,-1.91,62.1,980.2,6.98,17,308,-0.96593,-0.25882,-0.83318,0.553,-1.54,-0.76,-0.45
2026-11-04T18:00:00Z,MTR,-1.54,67.4,980.6,14.36,18,308,-1.0,-0.0,-0.83318,0.553,-2.43,-1.01,-0.68
2026-11-04T19:00:00Z,MTR,-2.43,64.0,981.3,8.76,19,308,-0.96593,0.25882,-0.83318,0.553,-2.38,-1.04,-1.35
2026-11-04T20:00:00Z,MTR,-2.38,67.8,982.7,12.09,20,308,-0.86603,0.5,-0.83318,0.553,-3.01,-0.68,-1.82
2026-11-04T21:00:00Z,MTR,-3.01,52.4,984.9,13.9,21,308,-0.70711,0.70711,-0.83318,0.553,-1.48,-0.96,-2.47
2026-11-04T22:00:00Z,MTR,-1.48,61.4,984.9,11.04,22,308,-0.5,0.86603,-0.83318,0.553,-0.76,-1.07,-2.27
2026-11-04T23:00:00Z,MTR,-0.76,67.8,982.5,9.92,23,308,-0.25882,0.96593,-0.83318,0.553,-1.01,-0.26,-3.27
2026-11-05T00:00:00Z,MTR,-1.01,78.8,982.0,11.53,0,309,0.0,1.0,-0.82355,0.56725,-1.04,-0.11,-2.92
2026-11-05T01:00:00Z,MTR,-1.04,66.5,982.3,11.73,1,309,0.25882,0.96593,-0.82355,0.56725,-0.68,-1.01,-3.3
2026-11-05T02:00:00Z,MTR,-0.68,64.3,979.3,13.27,2,309,0.5,0.86603,-0.82355,0.56725,-0.96,-0.4,-3.6
2026-11-05T03:00:00Z,MTR,-0.96,68.4,982.4,8.03,3,309,0.70711,0.70711,-0.82355,0.56725,-1.07,0.42,-3.03
2026-11-05T04:00:00Z,MTR,-1.07,62.2,983.1,12.18,4,309,0.86603,0.5,-0.82355,0.56725,-0.26,0.16,-2.77
2026-11-05T05:00:00Z,MTR,-0.26,57.6,984.3,12.43,5,309,0.96593,0.25882,-0.82355,0.56725,-0.11,-0.5,-3.22
2026-11-05T06:00:00Z,MTR,-0.11,61.1,987.3,8.21,6,309,1.0,0.0,-0.82355,0.56725,-1.01,0.36,-3.53
2026-11-05T07:00:00Z,MTR,-1.01,67.0,986.7,7.03,7,309,0.96593,-0.25882,-0.82355,0.56725,-0.4,0.19,-3.0
2026-11-05T08:00:00Z,MTR,-0.4,54.9,988.3,7.42,8,309,0.86603,-0.5,-0.82355,0.56725,0.42,-0.23,-3.27
2026-11-05T09:00:00Z,MTR,0.42,57.3,988.8,6.97,9,309,0.70711,-0.70711,-0.82355,0.56725,0.16,-0.72,-4.22
2026-11-05T10:00:00Z,MTR,0.16,61.7,989.1,7.77,10,309,0.5,-0.86603,-0.82355,0.56725,-0.5,-0.1,-3.33
2026-11-05T11:00:00Z,MTR,-0.5,63.7,988.5,6.87,11,309,0.25882,-0.96593,-0.82355,0.56725,0.36,-0.45,-4.11
2026-11-05T12:00:00Z,MTR,0.36,62.2,992.3,7.98,12,309,0.0,-1.0,-0.82355,0.56725,0.19,-0.68,-4.28
2026-11-05T13:00:00Z,MTR,0.19,51.6,992.4,8.32,13,309,-0.25882,-0.96593,-0.82355,0.56725,-0.23,-1.35,-4.95
2026-11-05T14:00:00Z,MTR,-0.23,51.6,994.4,5.64,14,309,-0.5,-0.86603,-0.82355,0.56725,-0.72,-1.82,-5.7
2026-11-05T15:00:00Z,MTR,-0.72,43.3,991.8,3.32,15,309,-0.70711,-0.70711,-0.82355,0.56725,-0.1,-2.47,-5.53
2026-11-05T16:00:00Z,MTR,-0.1,50.3,994.9,7.1,16,309,-0.86603,-0.5,-0.82355,0.56725,-0.45,-2.27,-6.18
2026-11-05T17:00:00Z,MTR,-0.45,42.9,997.6,2.35,17,309,-0.96593,-0.25882,-0.82355,0.56725,-0.68,-3.27,-6.52
2026-11-05T18:00:00Z,MTR,-0.68,48.8,998.5,5.49,18,309,-1.0,-0.0,-0.82355,0.56725,-1.35,-2.92,-8.06
2026-11-05T19:00:00Z,MTR,-1.35,52.1,998.8,5.03,19,309,-0.96593,0.25882,-0.82355,0.56725,-1.82,-3.3,-6.83
2026-11-05T20:00:00Z,MTR,-1.82,49.3,1000.3,3.74,20,309,-0.86603,0.5,-0.82355,0.56725,-2.47,-3.6,-6.7
2026-11-05T21:00:00Z,MTR,-2.47,35.3,1005.1,4.08,21,309,-0.70711,0.70711,-0.82355,0.56725,-2.27,-3.03,-5.76
2026-11-05T22:00:00Z,MTR,-2.27,42.4,1002.4,6.17,22,309,-0.5,0.86603,-0.82355,0.56725,-3.27,-2.77,-4.77
2026-11-05T23:00:00Z,MTR,-3.27,44.3,1004.4,4.71,23,309,-0.25882,0.96593,-0.82355,0.56725,-2.92,-3.22,-3.88
2026-11-06T00:00:00Z,MTR,-2.92,43.9,1003.3,5.05,0,310,0.0,1.0,-0.81367,0.58133,-3.3,-3.53,-3.84
2026-11-06T01:00:00Z,MTR,-3.3,38.7,1003.8,3.32,1,310,0.25882,0.96593,-0.81367,0.58133,-3.6,-3.0,-3.84
2026-11-06T02:00:00Z,MTR,-3.6,43.8,1003.8,2.37,2,310,0.5,0.86603,-0.81367,0.58133,-3.03,-3.27,-4.43
2026-11-06T03:00:00Z,MTR,-3.03,47.0,1003.5,5.48,3,310,0.70711,0.70711,-0.81367,0.58133,-2.77,-4.22,-4.07
2026-11-06T04:00:00Z,MTR,-2.77,41.5,1003.9,4.47,4,310,0.86603,0.5,-0.81367,0.58133,-3.22,-3.33,-4.66
2026-11-06T05:00:00Z,MTR,-3.22,38.6,1002.3,2.81,5,310,0.96593,0.25882,-0.81367,0.58133,-3.53,-4.11,-3.17
2026-11-06T06:00:00Z,MTR,-3.53,42.4,1004.5,0.2,6,310,1.0,0.0,-0.81367,0.58133,-3.0,-4.28,-2.13
2026-11-06T07:00:00Z,MTR,-3.0,40.6,1001.5,4.78,7,310,0.96593,-0.25882,-0.81367,0.58133,-3.27,-4.95,-1.36
2026-11-06T08:00:00Z,MTR,-3.27,50.2,1002.8,4.55,8,310,0.86603,-0.5,-0.81367,0.58133,-4.22,-5.7,-1.54
2026-11-06T09:00:00Z,MTR,-4.22,29.8,1002.4,1.29,9,310,0.70711,-0.70711,-0.81367,0.58133,-3.33,-5.53,-0.47
2026-11-06T10:00:00Z,MTR,-3.33,43.8,1000.4,2.69,10,310,0.5,-0.86603,-0.81367,0.58133,-4.11,-6.18,-1.58
2026-11-06T11:00:00Z,MTR,-4.11,40.7,1000.8,3.41,11,310,0.25882,-0.96593,-0.81367,0.58133,-4.28,-6.52,-1.6
2026-11-06T12:00:00Z,MTR,-4.28,52.3,998.0,6.06,12,310,0.0,-1.0,-0.81367,0.58133,-4.95,-8.06,-1.52
2026-11-06T13:00:00Z,MTR,-4.95,57.0,998.2,10.08,13,310,-0.25882,-0.96593,-0.81367,0.58133,-5.7,-6.83,-0.44
2026-11-06T14:00:00Z,MTR,-5.7,48.7,995.5,8.22,14,310,-0.5,-0.86603,-0.81367,0.58133,-5.53,-6.7,-1.7
2026-11-06T15:00:00Z,MTR,-5.53,44.8,996.3,2.7,15,310,-0.70711,-0.70711,-0.81367,0.58133,-6.18,-5.76,-0.99
2026-11-06T16:00:00Z,MTR,-6.18,55.3,994.5,5.46,16,310,-0.86603,-0.5,-0.81367,0.58133,-6.52,-4.77,-0.54
2026-11-06T17:00:00Z,MTR,-6.52,44.5,993.5,6.47,17,310,-0.96593,-0.25882,-0.81367,0.58133,-8.06,-3.88,-0.1
2026-11-06T18:00:00Z,MTR,-8.06,54.7,993.8,7.57,18,310,-1.0,-0.0,-0.81367,0.58133,-6.83,-3.84,3.54
2026-11-06T19:00:00Z,MTR,-6.83,54.4,992.1,5.52,19,310,-0.96593,0.25882,-0.81367,0.58133,-6.7,-3.84,4.3
2026-11-06T20:00:00Z,MTR,-6.7,54.9,991.6,8.47,20,310,-0.86603,0.5,-0.81367,0.58133,-5.76,-4.43,4.32
2026-11-06T21:00:00Z,MTR,-5.76,54.6,988.4,7.34,21,310,-0.70711,0.70711,-0.81367,0.58133,-4.77,-4.07,5.31
2026-11-06T22:00:00Z,MTR,-4.77,48.6,989.1,11.03,22,310,-0.5,0.86603,-0.81367,0.58133,-3.88,-4.66,7.12
2026-11-06T23:00:00Z,MTR,-3.88,60.6,991.8,8.29,23,310,-0.25882,0.96593,-0.81367,0.58133,-3.84,-3.17,5.71
2026-11-07T00:00:00Z,MTR,-3.84,55.1,996.1,9.9,0,311,0.0,1.0,-0.80355,0.59524,-3.84,-2.13,5.32
2026-11-07T01:00:00Z,MTR,-3.84,52.2,995.2,8.97,1,311,0.25882,0.96593,-0.80355,0.59524,-4.43,-1.36,4.49
2026-11-07T02:00:00Z,MTR,-4.43,53.2,995.5,8.63,2,311,0.5,0.86603,-0.80355,0.59524,-4.07,-1.54,5.59
2026-11-07T03:00:00Z,MTR,-4.07,54.8,991.1,5.36,3,311,0.70711,0.70711,-0.80355,0.59524,-4.66,-0.47,5.87
2026-11-07T04:00:00Z,MTR,-4.66,58.9,992.7,5.86,4,311,0.86603,0.5,-0.80355,0.59524,-3.17,-1.58,5.43
2026-11-07T05:00:00Z,MTR,-3.17,53.3,992.9,7.51,5,311,0.96593,0.25882,-0.80355,0.59524,-2.13,-1.6,3.59
2026-11-07T06:00:00Z,MTR,-2.13,55.6,990.8,5.1,6,311,1.0,0.0,-0.80355,0.59524,-1.36,-1.52,4.07
2026-11-07T07:00:00Z,MTR,-1.36,56.7,991.8,9.33,7,311,0.96593,-0.25882,-0.80355,0.59524,-1.54,-0.44,6.73
2026-11-07T08:00:00Z,MTR,-1.54,55.5,990.0,8.09,8,311,0.86603,-0.5,-0.80355,0.59524,-0.47,-1.7,6.1
2026-11-07T09:00:00Z,MTR,-0.47,59.8,987.9,10.73,9,311,0.70711,-0.70711,-0.80355,0.59524,-1.58,-0.99,6.32
2026-11-07T10:00:00Z,MTR,-1.58,59.6,987.6,9.61,10,311,0.5,-0.86603,-0.80355,0.59524,-1.6,-0.54,2.23
2026-11-07T11:00:00Z,MTR,-1.6,60.1,984.4,9.77,11,311,0.25882,-0.96593,-0.80355,0.59524,-1.52,-0.1,8.0
2026-11-07T12:00:00Z,MTR,-1.52,57.8,985.2,9.18,12,311,0.0,-1.0,-0.80355,0.59524,-0.44,3.54,8.0
2026-11-07T13:00:00Z,MTR,-0.44,64.5,982.2,8.9,13,311,-0.25882,-0.96593,-0.80355,0.59524,-1.7,4.3,2.35
2026-11-07T14:00:00Z,MTR,-1.7,67.1,979.3,9.74,14,311,-0.5,-0.86603,-0.80355,0.59524,-0.99,4.32,1.75
2026-11-07T15:00:00Z,MTR,-0.99,77.6,976.8,13.99,15,311,-0.70711,-0.70711,-0.80355,0.59524,-0.54,5.31,1.02
2026-11-07T16:00:00Z,MTR,-0.54,66.7,977.5,13.33,16,311,-0.86603,-0.5,-0.80355,0.59524,-0.1,7.12,1.32
2026-11-07T17:00:00Z,MTR,-0.1,71.0,975.7,15.07,17,311,-0.96593,-0.25882,-0.80355,0.59524,3.54,5.71,0.9
2026-11-07T18:00:00Z,MTR,3.54,77.0,972.7,12.52,18,311,-1.0,-0.0,-0.80355,0.59524,4.3,5.32,0.95
2026-11-07T19:00:00Z,MTR,4.3,80.8,971.1,16.37,19,311,-0.96593,0.25882,-0.80355,0.59524,4.32,4.49,1.6
2026-11-07T20:00:00Z,MTR,4.32,77.7,970.8,13.9,20,311,-0.86603,0.5,-0.80355,0.59524,5.31,5.59,2.43
2026-11-07T21:00:00Z,MTR,5.31,85.6,968.4,16.21,21,311,-0.70711,0.70711,-0.80355,0.59524,7.12,5.87,2.34
2026-11-07T22:00:00Z,MTR,7.12,84.3,966.2,20.1,22,311,-0.5,0.86603,-0.80355,0.59524,5.71,5.43,2.4
2026-11-07T23:00:00Z,MTR,5.71,76.5,970.0,19.54,23,311,-0.25882,0.96593,-0.80355,0.59524,5.32,3.59,2.29
2026-11-08T00:00:00Z,MTR,5.32,81.6,968.4,17.18,0,312,0.0,1.0,-0.79319,0.60897,4.49,4.07,2.46
2026-11-08T01:00:00Z,MTR,4.49,85.6,967.8,15.63,1,312,0.25882,0.96593,-0.79319,0.60897,5.59,6.73,1.48
2026-11-08T02:00:00Z,MTR,5.59,87.5,967.3,16.52,2,312,0.5,0.86603,-0.79319,0.60897,5.87,6.1,1.44
2026-11-08T03:00:00Z,MTR,5.87,88.4,966.7,18.09,3,312,0.70711,0.70711,-0.79319,0.60897,5.43,6.32,0.65
2026-11-08T04:00:00Z,MTR,5.43,82.8,968.1,16.54,4,312,0.86603,0.5,-0.79319,0.60897,3.59,2.23,-0.22
2026-11-08T05:00:00Z,MTR,3.59,80.3,970.1,13.67,5,312,0.96593,0.25882,-0.79319,0.60897,4.07,8.0,0.21
2026-11-08T06:00:00Z,MTR,4.07,82.9,969.8,15.81,6,312,1.0,0.0,-0.79319,0.60897,6.73,8.0,-0.33
2026-11-08T07:00:00Z,MTR,6.73,74.4,967.8,17.83,7,312,0.96593,-0.25882,-0.79319,0.60897,6.1,2.35,-0.5
2026-11-08T08:00:00Z,MTR,6.1,76.2,970.6,17.94,8,312,0.86603,-0.5,-0.79319,0.60897,6.32,1.75,0.05
2026-11-08T09:00:00Z,MTR,6.32,80.1,970.7,14.38,9,312,0.70711,-0.70711,-0.79319,0.60897,2.23,1.02,1.31
2026-11-08T10:00:00Z,MTR,2.23,69.1,974.2,10.85,10,312,0.5,-0.86603,-0.79319,0.60897,8.0,1.32,2.41
2026-11-08T11:00:00Z,MTR,8.0,83.5,970.5,10.79,11,312,0.25882,-0.96593,-0.79319,0.60897,8.0,0.9,0.84
2026-11-08T12:00:00Z,MTR,8.0,83.7,971.3,15.66,12,312,0.0,-1.0,-0.79319,0.60897,2.35,0.95,0.05
2026-11-08T13:00:00Z,MTR,2.35,70.0,975.2,9.69,13,312,-0.25882,-0.96593,-0.79319,0.60897,1.75,1.6,-1.56
2026-11-08T14:00:00Z,MTR,1.75,69.6,974.9,13.5,14,312,-0.5,-0.86603,-0.79319,0.60897,1.02,2.43,-2.7
2026-11-08T15:00:00Z,MTR,1.02,76.8,974.9,15.02,15,312,-0.70711,-0.70711,-0.79319,0.60897,1.32,2.34,-2.52
2026-11-08T16:00:00Z,MTR,1.32,66.5,975.8,12.23,16,312,-0.86603,-0.5,-0.79319,0.60897,0.9,2.4,-2.83
2026-11-08T17:00:00Z,MTR,0.9,73.4,975.2,9.77,17,312,-0.96593,-0.25882,-0.79319,0.60897,0.95,2.29,-4.35
2026-11-08T18:00:00Z,MTR,0.95,87.2,975.1,10.29,18,312,-1.0,-0.0,-0.79319,0.60897,1.6,2.46,-4.36
2026-11-08T19:00:00Z,MTR,1.6,68.4,974.9,11.02,19,312,-0.96593,0.25882,-0.79319,0.60897,2.43,1.48,-3.46
2026-11-08T20:00:00Z,MTR,2.43,70.7,974.2,12.84,20,312,-0.86603,0.5,-0.79319,0.60897,2.34,1.44,0.11
2026-11-08T21:00:00Z,MTR,2.34,69.3,977.0,14.59,21,312,-0.70711,0.70711,-0.79319,0.60897,2.4,0.65,-4.21
2026-11-08T22:00:00Z,MTR,2.4,66.4,978.2,13.55,22,312,-0.5,0.86603,-0.79319,0.60897,2.29,-0.22,-3.27
2026-11-08T23:00:00Z,MTR,2.29,66.8,978.9,16.73,23,312,-0.25882,0.96593,-0.79319,0.60897,2.46,0.21,-3.97
2026-11-09T00:00:00Z,MTR,2.46,76.8,980.7,13.03,0,313,0.0,1.0,-0.7826,0.62253,1.48,-0.33,-3.76
2026-11-09T01:00:00Z,MTR,1.48,68.4,980.4,11.64,1,313,0.25882,0.96593,-0.7826,0.62253,1.44,-0.5,-4.81
2026-11-09T02:00:00Z,MTR,1.44,73.8,979.1,11.31,2,313,0.5,0.86603,-0.7826,0.62253,0.65,0.05,-3.51
2026-11-09T03:00:00Z,MTR,0.65,75.9,978.3,10.74,3,313,0.70711,0.70711,-0.7826,0.62253,-0.22,1.31,-2.91
2026-11-09T04:00:00Z,MTR,-0.22,61.0,978.5,11.95,4,313,0.86603,0.5,-0.7826,0.62253,0.21,2.41,-3.05
2026-11-09T05:00:00Z,MTR,0.21,68.3,976.9,13.3,5,313,0.96593,0.25882,-0.7826,0.62253,-0.33,0.84,-2.66
2026-11-09T06:00:00Z,MTR,-0.33,68.1,976.2,13.06,6,313,1.0,0.0,-0.7826,0.62253,-0.5,0.05,-1.71
2026-11-09T07:00:00Z,MTR,-0.5,59.7,975.6,11.63,7,313,0.96593,-0.25882,-0.7826,0.62253,0.05,-1.56,-2.58
2026-11-09T08:00:00Z,MTR,0.05,70.1,979.7,9.19,8,313,0.86603,-0.5,-0.7826,0.62253,1.31,-2.7,-2.83
2026-11-09T09:00:00Z,MTR,1.31,76.7,974.8,16.61,9,313,0.70711,-0.70711,-0.7826,0.62253,2.41,-2.52,-2.34
2026-11-09T10:00:00Z,MTR,2.41,81.0,974.8,14.16,10,313,0.5,-0.86603,-0.7826,0.62253,0.84,-2.83,-1.44
2026-11-09T11:00:00Z,MTR,0.84,72.9,978.2,12.47,11,313,0.25882,-0.96593,-0.7826,0.62253,0.05,-4.35,-1.0
2026-11-09T12:00:00Z,MTR,0.05,57.2,978.6,12.66,12,313,0.0,-1.0,-0.7826,0.62253,-1.56,-4.36,-2.1
2026-11-09T13:00:00Z,MTR,-1.56,65.5,980.0,13.37,13,313,-0.25882,-0.96593,-0.7826,0.62253,-2.7,-3.46,-1.4
2026-11-09T14:00:00Z,MTR,-2.7,64.7,980.2,10.18,14,313,-0.5,-0.86603,-0.7826,0.62253,-2.52,0.11,-0.7
2026-11-09T15:00:00Z,MTR,-2.52,72.0,978.9,11.26,15,313,-0.70711,-0.70711,-0.7826,0.62253,-2.83,-4.21,-0.26
2026-11-09T16:00:00Z,MTR,-2.83,60.2,974.9,11.35,16,313,-0.86603,-0.5,-0.7826,0.62253,-4.35,-3.27,-0.65
2026-11-09T17:00:00Z,MTR,-4.35,76.0,975.5,12.64,17,313,-0.96593,-0.25882,-0.7826,0.62253,-4.36,-3.97,-1.51
2026-11-09T18:00:00Z,MTR,-4.36,78.1,974.3,11.7,18,313,-1.0,-0.0,-0.7826,0.62253,-3.46,-3.76,-0.84
2026-11-09T19:00:00Z,MTR,-3.46,74.0,973.2,11.43,19,313,-0.96593,0.25882,-0.7826,0.62253,0.11,-4.81,-1.64
2026-11-09T20:00:00Z,MTR,0.11,71.5,972.6,10.39,20,313,-0.86603,0.5,-0.7826,0.62253,-4.21,-3.51,-1.92
2026-11-09T21:00:00Z,MTR,-4.21,79.5,976.1,15.77,21,313,-0.70711,0.70711,-0.7826,0.62253,-3.27,-2.91,-1.55
2026-11-09T22:00:00Z,MTR,-3.27,61.0,980.7,12.01,22,313,-0.5,0.86603,-0.7826,0.62253,-3.97,-3.05,-0.84
2026-11-09T23:00:00Z,MTR,-3.97,73.4,981.1,12.67,23,313,-0.25882,0.96593,-0.7826,0.62253,-3.76,-2.66,-1.55
2026-11-10T00:00:00Z,MTR,-3.76,72.6,980.3,11.25,0,314,0.0,1.0,-0.77177,0.6359,-4.81,-1.71,-0.44
2026-11-10T01:00:00Z,MTR,-4.81,73.3,978.3,12.72,1,314,0.25882,0.96593,-0.77177,0.6359,-3.51,-2.58,-0.95
2026-11-10T02:00:00Z,MTR,-3.51,76.9,979.4,7.35,2,314,0.5,0.86603,-0.77177,0.6359,-2.91,-2.83,-0.28
2026-11-10T03:00:00Z,MTR,-2.91,65.0,982.9,9.27,3,314,0.70711,0.70711,-0.77177,0.6359,-3.05,-2.34,0.33
2026-11-10T04:00:00Z,MTR,-3.05,69.3,982.5,12.64,4,314,0.86603,0.5,-0.77177,0.6359,-2.66,-1.44,0.52
2026-11-10T05:00:00Z,MTR,-2.66,71.0,978.5,15.57,5,314,0.96593,0.25882,-0.77177,0.6359,-1.71,-1.0,-0.32
2026-11-10T06:00:00Z,MTR,-1.71,66.4,980.1,10.4,6,314,1.0,0.0,-0.77177,0.6359,-2.58,-2.1,-0.82
2026-11-10T07:00:00Z,MTR,-2.58,68.3,982.3,9.89,7,314,0.96593,-0.25882,-0.77177,0.6359,-2.83,-1.4,0.22
2026-11-10T08:00:00Z,MTR,-2.83,67.6,979.9,13.35,8,314,0.86603,-0.5,-0.77177,0.6359,-2.34,-0.7,0.77
2026-11-10T09:00:00Z,MTR,-2.34,68.1,980.8,11.8,9,314,0.70711,-0.70711,-0.77177,0.6359,-1.44,-0.26,1.32
2026-11-10T10:00:00Z,MTR,-1.44,66.3,982.2,10.5,10,314,0.5,-0.86603,-0.77177,0.6359,-1.0,-0.65,1.14
2026-11-10T11:00:00Z,MTR,-1.0,63.4,982.6,10.16,11,314,0.25882,-0.96593,-0.77177,0.6359,-2.1,-1.51,0.82
2026-11-10T12:00:00Z,MTR,-2.1,69.6,981.9,9.41,12,314,0.0,-1.0,-0.77177,0.6359,-1.4,-0.84,1.06
2026-11-10T13:00:00Z,MTR,-1.4,54.2,984.4,8.47,13,314,-0.25882,-0.96593,-0.77177,0.6359,-0.7,-1.64,0.59
2026-11-10T14:00:00Z,MTR,-0.7,60.1,984.4,9.96,14,314,-0.5,-0.86603,-0.77177,0.6359,-0.26,-1.92,0.65
2026-11-10T15:00:00Z,MTR,-0.26,60.9,982.5,10.96,15,314,-0.70711,-0.70711,-0.77177,0.6359,-0.65,-1.55,-0.61
2026-11-10T16:00:00Z,MTR,-0.65,70.4,979.8,11.98,16,314,-0.86603,-0.5,-0.77177,0.6359,-1.51,-0.84,-0.91
2026-11-10T17:00:00Z,MTR,-1.51,63.2,983.2,8.73,17,314,-0.96593,-0.25882,-0.77177,0.6359,-0.84,-1.55,-1.86
2026-11-10T18:00:00Z,MTR,-0.84,56.2,985.3,12.05,18,314,-1.0,-0.0,-0.77177,0.6359,-1.64,-0.44,-2.06
2026-11-10T19:00:00Z,MTR,-1.64,62.6,986.5,5.76,19,314,-0.96593,0.25882,-0.77177,0.6359,-1.92,-0.95,-3.24
2026-11-10T20:00:00Z,MTR,-1.92,62.4,986.7,10.0,20,314,-0.86603,0.5,-0.77177,0.6359,-1.55,-0.28,-2.53
2026-11-10T21:00:00Z,MTR,-1.55,60.8,986.8,7.83,21,314,-0.70711,0.70711,-0.77177,0.6359,-0.84,0.33,-4.02
2026-11-10T22:00:00Z,MTR,-0.84,65.7,985.9,9.21,22,314,-0.5,0.86603,-0.77177,0.6359,-1.55,0.52,-3.32
2026-11-10T23:00:00Z,MTR,-1.55,64.1,986.3,9.32,23,314,-0.25882,0.96593,-0.77177,0.6359,-0.44,-0.32,-3.56
2026-11-11T00:00:00Z,MTR,-0.44,62.2,983.7,6.75,0,315,0.0,1.0,-0.76072,0.64908,-0.95,-0.82,-2.83
2026-11-11T01:00:00Z,MTR,-0.95,66.6,983.7,10.64,1,315,0.25882,0.96593,-0.76072,0.64908,-0.28,0.22,-2.41
2026-11-11T02:00:00Z,MTR,-0.28,71.2,984.5,12.89,2,315,0.5,0.86603,-0.76072,0.64908,0.33,0.77,-2.63
2026-11-11T03:00:00Z,MTR,0.33,59.5,987.0,7.55,3,315,0.70711,0.70711,-0.76072,0.64908,0.52,1.32,-2.67
2026-11-11T04:00:00Z,MTR,0.52,67.0,988.1,13.16,4,315,0.86603,0.5,-0.76072,0.64908,-0.32,1.14,-1.54
2026-11-11T05:00:00Z,MTR,-0.32,65.5,990.7,5.86,5,315,0.96593,0.25882,-0.76072,0.64908,-0.82,0.82,-1.1
2026-11-11T06:00:00Z,MTR,-0.82,54.1,994.2,5.58,6,315,1.0,0.0,-0.76072,0.64908,0.22,1.06,-0.98
2026-11-11T07:00:00Z,MTR,0.22,45.5,997.0,8.23,7,315,0.96593,-0.25882,-0.76072,0.64908,0.77,0.59,-0.96
2026-11-11T08:00:00Z,MTR,0.77,45.8,998.5,2.6,8,315,0.86603,-0.5,-0.76072,0.64908,1.32,0.65,-0.84
2026-11-11T09:00:00Z,MTR,1.32,48.0,999.1,4.34,9,315,0.70711,-0.70711,-0.76072,0.64908,1.14,-0.61,0.64
2026-11-11T10:00:00Z,MTR,1.14,49.8,997.9,8.64,10,315,0.5,-0.86603,-0.76072,0.64908,0.82,-0.91,1.85
2026-11-11T11:00:00Z,MTR,0.82,46.6,999.8,2.23,11,315,0.25882,-0.96593,-0.76072,0.64908,1.06,-1.86,3.06
2026-11-11T12:00:00Z,MTR,1.06,49.3,1003.2,4.63,12,315,0.0,-1.0,-0.76072,0.64908,0.59,-2.06,4.07
2026-11-11T13:00:00Z,MTR,0.59,38.1,1003.9,4.21,13,315,-0.25882,-0.96593,-0.76072,0.64908,0.65,-3.24,3.15
2026-11-11T14:00:00Z,MTR,0.65,39.5,1007.4,0.2,14,315,-0.5,-0.86603,-0.76072,0.64908,-0.61,-2.53,2.78
2026-11-11T15:00:00Z,MTR,-0.61,45.6,1004.5,1.77,15,315,-0.70711,-0.70711,-0.76072,0.64908,-0.91,-4.02,1.84
2026-11-11T16:00:00Z,MTR,-0.91,44.0,1002.3,8.5,16,315,-0.86603,-0.5,-0.76072,0.64908,-1.86,-3.32,6.74
2026-11-11T17:00:00Z,MTR,-1.86,37.3,1003.7,3.71,17,315,-0.96593,-0.25882,-0.76072,0.64908,-2.06,-3.56,6.69
2026-11-11T18:00:00Z,MTR,-2.06,41.2,1003.9,3.96,18,315,-1.0,-0.0,-0.76072,0.64908,-3.24,-2.83,7.19
2026-11-11T19:00:00Z,MTR,-3.24,34.8,1005.9,3.0,19,315,-0.96593,0.25882,-0.76072,0.64908,-2.53,-2.41,5.6
2026-11-11T20:00:00Z,MTR,-2.53,38.2,1005.3,6.81,20,315,-0.86603,0.5,-0.76072,0.64908,-4.02,-2.63,4.38
2026-11-11T21:00:00Z,MTR,-4.02,45.2,1003.1,1.51,21,315,-0.70711,0.70711,-0.76072,0.64908,-3.32,-2.67,5.03
2026-11-11T22:00:00Z,MTR,-3.32,45.5,1002.1,4.2,22,315,-0.5,0.86603,-0.76072,0.64908,-3.56,-1.54,4.24
2026-11-11T23:00:00Z,MTR,-3.56,51.6,998.6,5.64,23,315,-0.25882,0.96593,-0.76072,0.64908,-2.83,-1.1,3.87
2026-11-12T00:00:00Z,MTR,-2.83,53.5,996.0,6.95,0,316,0.0,1.0,-0.74944,0.66207,-2.41,-0.98,5.0
2026-11-12T01:00:00Z,MTR,-2.41,48.6,997.1,5.77,1,316,0.25882,0.96593,-0.74944,0.66207,-2.63,-0.96,6.11
2026-11-12T02:00:00Z,MTR,-2.63,43.7,997.9,5.56,2,316,0.5,0.86603,-0.74944,0.66207,-2.67,-0.84,5.11
2026-11-12T03:00:00Z,MTR,-2.67,50.2,997.7,4.18,3,316,0.70711,0.70711,-0.74944,0.66207,-1.54,0.64,4.32
2026-11-12T04:00:00Z,MTR,-1.54,51.1,993.5,7.87,4,316,0.86603,0.5,-0.74944,0.66207,-1.1,1.85,3.94
2026-11-12T05:00:00Z,MTR,-1.1,53.3,992.0,3.38,5,316,0.96593,0.25882,-0.74944,0.66207,-0.98,3.06,6.15
2026-11-12T06:00:00Z,MTR,-0.98,54.7,988.9,7.12,6,316,1.0,0.0,-0.74944,0.66207,-0.96,4.07,7.27
2026-11-12T07:00:00Z,MTR,-0.96,61.3,990.1,6.15,7,316,0.96593,-0.25882,-0.74944,0.66207,-0.84,3.15,5.6
2026-11-12T08:00:00Z,MTR,-0.84,47.6,988.0,6.29,8,316,0.86603,-0.5,-0.74944,0.66207,0.64,2.78,4.98
2026-11-12T09:00:00Z,MTR,0.64,64.3,985.1,5.91,9,316,0.70711,-0.70711,-0.74944,0.66207,1.85,1.84,5.49
2026-11-12T10:00:00Z,MTR,1.85,64.6,984.2,10.23,10,316,0.5,-0.86603,-0.74944,0.66207,3.06,6.74,5.66
2026-11-12T11:00:00Z,MTR,3.06,70.8,982.1,11.33,11,316,0.25882,-0.96593,-0.74944,0.66207,4.07,6.69,8.0
2026-11-12T12:00:00Z,MTR,4.07,58.3,983.8,10.77,12,316,0.0,-1.0,-0.74944,0.66207,3.15,7.19,8.0
2026-11-12T13:00:00Z,MTR,3.15,67.1,981.4,12.58,13,316,-0.25882,-0.96593,-0.74944,0.66207,2.78,5.6,8.0
2026-11-12T14:00:00Z,MTR,2.78,69.2,977.9,14.1,14,316,-0.5,-0.86603,-0.74944,0.66207,1.84,4.38,8.0
2026-11-12T15:00:00Z,MTR,1.84,73.9,973.1,9.38,15,316,-0.70711,-0.70711,-0.74944,0.66207,6.74,5.03,8.0
2026-11-12T16:00:00Z,MTR,6.74,77.2,972.4,14.96,16,316,-0.86603,-0.5,-0.74944,0.66207,6.69,4.24,8.0
2026-11-12T17:00:00Z,MTR,6.69,76.3,970.7,14.63,17,316,-0.96593,-0.25882,-0.74944,0.66207,7.19,3.87,8.0
2026-11-12T18:00:00Z,MTR,7.19,81.6,967.5,15.67,18,316,-1.0,-0.0,-0.74944,0.66207,5.6,5.0,8.0
2026-11-12T19:00:00Z,MTR,5.6,86.3,969.2,14.52,19,316,-0.96593,0.25882,-0.74944,0.66207,4.38,6.11,8.0
2026-11-12T20:00:00Z,MTR,4.38,86.4,969.9,13.45,20,316,-0.86603,0.5,-0.74944,0.66207,5.03,5.11,8.0
2026-11-12T21:00:00Z,MTR,5.03,81.7,969.2,15.82,21,316,-0.70711,0.70711,-0.74944,0.66207,4.24,4.32,8.0
2026-11-12T22:00:00Z,MTR,4.24,84.9,971.1,12.16,22,316,-0.5,0.86603,-0.74944,0.66207,3.87,3.94,8.0
2026-11-12T23:00:00Z,MTR,3.87,71.2,971.7,17.05,23,316,-0.25882,0.96593,-0.74944,0.66207,5.0,6.15,8.0
2026-11-13T00:00:00Z,MTR,5.0,83.5,969.6,13.64,0,317,0.0,1.0,-0.73794,0.67486,6.11,7.27,8.0
2026-11-13T01:00:00Z,MTR,6.11,82.2,967.2,11.34,1,317,0.25882,0.96593,-0.73794,0.67486,5.11,5.6,8.0
2026-11-13T02:00:00Z,MTR,5.11,79.4,968.4,15.27,2,317,0.5,0.86603,-0.73794,0.67486,4.32,4.98,8.0
2026-11-13T03:00:00Z,MTR,4.32,83.1,968.7,12.57,3,317,0.70711,0.70711,-0.73794,0.67486,3.94,5.49,8.0
2026-11-13T04:00:00Z,MTR,3.94,80.8,968.7,12.53,4,317,0.86603,0.5,-0.73794,0.67486,6.15,5.66,8.0
2026-11-13T05:00:00Z,MTR,6.15,80.1,966.9,16.89,5,317,0.96593,0.25882,-0.73794,0.67486,7.27,8.0,8.0
2026-11-13T06:00:00Z,MTR,7.27,85.7,967.9,17.07,6,317,1.0,0.0,-0.73794,0.67486,5.6,8.0,8.0
2026-11-13T07:00:00Z,MTR,5.6,83.0,966.5,15.46,7,317,0.96593,-0.25882,-0.73794,0.67486,4.98,8.0,8.0
2026-11-13T08:00:00Z,MTR,4.98,78.6,966.3,11.71,8,317,0.86603,-0.5,-0.73794,0.67486,5.49,8.0,8.0
2026-11-13T09:00:00Z,MTR,5.49,84.8,969.0,15.89,9,317,0.70711,-0.70711,-0.73794,0.67486,5.66,8.0,8.0
2026-11-13T10:00:00Z,MTR,5.66,73.0,967.9,14.57,10,317,0.5,-0.86603,-0.73794,0.67486,8.0,8.0,8.0
2026-11-13T11:00:00Z,MTR,8.0,93.6,965.2,18.85,11,317,0.25882,-0.96593,-0.73794,0.67486,8.0,8.0,8.0
2026-11-13T12:00:00Z,MTR,8.0,96.5,963.7,35.69,12,317,0.0,-1.0,-0.73794,0.67486,8.0,8.0,8.0
2026-11-13T13:00:00Z,MTR,8.0,77.9,966.0,27.98,13,317,-0.25882,-0.96593,-0.73794,0.67486,8.0,8.0,8.0
2026-11-13T14:00:00Z,MTR,8.0,94.8,967.0,35.61,14,317,-0.5,-0.86603,-0.73794,0.67486,8.0,8.0,8.0
2026-11-13T15:00:00Z,MTR,8.0,86.4,967.3,27.46,15,317,-0.70711,-0.70711,-0.73794,0.67486,8.0,8.0,3.12
2026-11-13T16:00:00Z,MTR,8.0,76.7,966.9,29.62,16,317,-0.86603,-0.5,-0.73794,0.67486,8.0,8.0,3.5
2026-11-13T17:00:00Z,MTR,8.0,76.9,968.4,32.24,17,317,-0.96593,-0.25882,-0.73794,0.67486,8.0,8.0,2.44
2026-11-13T18:00:00Z,MTR,8.0,89.0,967.6,29.03,18,317,-1.0,-0.0,-0.73794,0.67486,8.0,8.0,2.44
2026-11-13T19:00:00Z,MTR,8.0,79.2,968.9,28.42,19,317,-0.96593,0.25882,-0.73794,0.67486,8.0,8.0,1.95
2026-11-13T20:00:00Z,MTR,8.0,80.4,968.3,26.82,20,317,-0.86603,0.5,-0.73794,0.67486,8.0,8.0,2.43
2026-11-13T21:00:00Z,MTR,8.0,86.4,967.5,27.83,21,317,-0.70711,0.70711,-0.73794,0.67486,8.0,8.0,0.59
2026-11-13T22:00:00Z,MTR,8.0,88.9,967.3,28.95,22,317,-0.5,0.86603,-0.73794,0.67486,8.0,8.0,0.78
2026-11-13T23:00:00Z,MTR,8.0,88.4,967.6,32.93,23,317,-0.25882,0.96593,-0.73794,0.67486,8.0,8.0,1.52
2026-11-14T00:00:00Z,MTR,8.0,82.0,968.5,33.53,0,318,0.0,1.0,-0.72622,0.68746,8.0,8.0,0.3
2026-11-14T01:00:00Z,MTR,8.0,79.8,969.9,28.18,1,318,0.25882,0.96593,-0.72622,0.68746,8.0,8.0,-0.14
2026-11-14T02:00:00Z,MTR,8.0,84.7,964.2,30.79,2,318,0.5,0.86603,-0.72622,0.68746,8.0,8.0,-1.87
2026-11-14T03:00:00Z,MTR,8.0,91.0,964.0,29.67,3,318,0.70711,0.70711,-0.72622,0.68746,8.0,8.0,-1.46
2026-11-14T04:00:00Z,MTR,8.0,89.8,964.6,28.4,4,318,0.86603,0.5,-0.72622,0.68746,8.0,8.0,-0.53
2026-11-14T05:00:00Z,MTR,8.0,86.5,968.6,27.08,5,318,0.96593,0.25882,-0.72622,0.68746,8.0,8.0,-0.13
2026-11-14T06:00:00Z,MTR,8.0,86.5,967.8,27.86,6,318,1.0,0.0,-0.72622,0.68746,8.0,8.0,0.34
2026-11-14T07:00:00Z,MTR,8.0,85.3,969.2,29.83,7,318,0.96593,-0.25882,-0.72622,0.68746,8.0,8.0,1.13
2026-11-14T08:00:00Z,MTR,8.0,84.7,973.0,27.42,8,318,0.86603,-0.5,-0.72622,0.68746,8.0,8.0,1.48
2026-11-14T09:00:00Z,MTR,8.0,82.5,971.5,28.41,9,318,0.70711,-0.70711,-0.72622,0.68746,8.0,3.12,2.89
2026-11-14T10:00:00Z,MTR,8.0,85.1,973.2,29.4,10,318,0.5,-0.86603,-0.72622,0.68746,8.0,3.5,2.1
2026-11-14T11:00:00Z,MTR,8.0,79.0,972.6,28.62,11,318,0.25882,-0.96593,-0.72622,0.68746,8.0,2.44,1.8
2026-11-14T12:00:00Z,MTR,8.0,76.4,972.6,26.48,12,318,0.0,-1.0,-0.72622,0.68746,8.0,2.44,2.28
2026-11-14T13:00:00Z,MTR,8.0,88.3,972.0,30.92,13,318,-0.25882,-0.96593,-0.72622,0.68746,8.0,1.95,2.25
2026-11-14T14:00:00Z,MTR,8.0,78.6,971.6,25.1,14,318,-0.5,-0.86603,-0.72622,0.68746,3.12,2.43,1.24
2026-11-14T15:00:00Z,MTR,3.12,74.8,977.3,25.67,15,318,-0.70711,-0.70711,-0.72622,0.68746,3.5,0.59,2.12
2026-11-14T16:00:00Z,MTR,3.5,70.4,979.4,29.96,16,318,-0.86603,-0.5,-0.72622,0.68746,2.44,0.78,1.53
2026-11-14T17:00:00Z,MTR,2.44,81.0,981.9,26.38,17,318,-0.96593,-0.25882,-0.72622,0.68746,2.44,1.52,2.49
2026-11-14T18:00:00Z,MTR,2.44,60.8,983.1,21.71,18,318,-1.0,-0.0,-0.72622,0.68746,1.95,0.3,0.98
2026-11-14T19:00:00Z,MTR,1.95,76.4,980.4,23.02,19,318,-0.96593,0.25882,-0.72622,0.68746,2.43,-0.14,0.73
2026-11-14T20:00:00Z,MTR,2.43,61.8,981.5,25.16,20,318,-0.86603,0.5,-0.72622,0.68746,0.59,-1.87,-0.38
2026-11-14T21:00:00Z,MTR,0.59,66.7,983.7,24.13,21,318,-0.70711,0.70711,-0.72622,0.68746,0.78,-1.46,-2.7
2026-11-14T22:00:00Z,MTR,0.78,74.5,982.3,26.98,22,318,-0.5,0.86603,-0.72622,0.68746,1.52,-0.53,-3.75
2026-11-14T23:00:00Z,MTR,1.52,77.6,984.3,28.08,23,318,-0.25882,0.96593,-0.72622,0.68746,0.3,-0.13,-3.7
2026-11-15T00:00:00Z,MTR,0.3,65.2,985.6,23.43,0,319,0.0,1.0,-0.71429,0.69985,-0.14,0.34,-3.04
2026-11-15T01:00:00Z,MTR,-0.14,60.3,989.0,23.13,1,319,0.25882,0.96593,-0.71429,0.69985,-1.87,1.13,-2.54
2026-11-15T02:00:00Z,MTR,-1.87,64.4,988.1,21.58,2,319,0.5,0.86603,-0.71429,0.69985,-1.46,1.48,-1.68
2026-11-15T03:00:00Z,MTR,-1.46,74.5,986.0,24.03,3,319,0.70711,0.70711,-0.71429,0.69985,-0.53,2.89,-1.32
2026-11-15T04:00:00Z,MTR,-0.53,67.3,985.3,22.51,4,319,0.86603,0.5,-0.71429,0.69985,-0.13,2.1,-0.24
2026-11-15T05:00:00Z,MTR,-0.13,66.7,987.9,23.74,5,319,0.96593,0.25882,-0.71429,0.69985,0.34,1.8,0.41
2026-11-15T06:00:00Z,MTR,0.34,64.3,984.6,23.56,6,319,1.0,0.0,-0.71429,0.69985,1.13,2.28,1.09
2026-11-15T07:00:00Z,MTR,1.13,76.8,980.9,27.28,7,319,0.96593,-0.25882,-0.71429,0.69985,1.48,2.25,0.72
2026-11-15T08:00:00Z,MTR,1.48,64.2,981.4,27.97,8,319,0.86603,-0.5,-0.71429,0.69985,2.89,1.24,0.44
2026-11-15T09:00:00Z,MTR,2.89,79.0,980.9,28.63,9,319,0.70711,-0.70711,-0.71429,0.69985,2.1,2.12,0.27
2026-11-15T10:00:00Z,MTR,2.1,78.2,981.2,26.0,10,319,0.5,-0.86603,-0.71429,0.69985,1.8,1.53,1.87
2026-11-15T11:00:00Z,MTR,1.8,79.8,983.3,26.45,11,319,0.25882,-0.96593,-0.71429,0.69985,2.28,2.49,2.89
2026-11-15T12:00:00Z,MTR,2.28,76.4,982.6,24.48,12,319,0.0,-1.0,-0.71429,0.69985,2.25,0.98,2.07
2026-11-15T13:00:00Z,MTR,2.25,70.2,979.6,24.8,13,319,-0.25882,-0.96593,-0.71429,0.69985,1.24,0.73,1.85
2026-11-15T14:00:00Z,MTR,1.24,75.2,983.8,22.33,14,319,-0.5,-0.86603,-0.71429,0.69985,2.12,-0.38,0.97
2026-11-15T15:00:00Z,MTR,2.12,76.2,982.4,26.26,15,319,-0.70711,-0.70711,-0.71429,0.69985,1.53,-2.7,0.08
2026-11-15T16:00:00Z,MTR,1.53,67.0,981.0,21.91,16,319,-0.86603,-0.5,-0.71429,0.69985,2.49,-3.75,0.51
2026-11-15T17:00:00Z,MTR,2.49,70.5,983.6,26.89,17,319,-0.96593,-0.25882,-0.71429,0.69985,0.98,-3.7,-1.0
2026-11-15T18:00:00Z,MTR,0.98,54.4,983.4,24.47,18,319,-1.0,-0.0,-0.71429,0.69985,0.73,-3.04,-0.99
2026-11-15T19:00:00Z,MTR,0.73,61.5,983.9,24.44,19,319,-0.96593,0.25882,-0.71429,0.69985,-0.38,-2.54,-1.38
2026-11-15T20:00:00Z,MTR,-0.38,71.5,985.4,25.88,20,319,-0.86603,0.5,-0.71429,0.69985,-2.7,-1.68,-0.93
2026-11-15T21:00:00Z,MTR,-2.7,71.2,988.0,20.01,21,319,-0.70711,0.70711,-0.71429,0.69985,-3.75,-1.32,-1.06
2026-11-15T22:00:00Z,MTR,-3.75,63.7,987.9,8.09,22,319,-0.5,0.86603,-0.71429,0.69985,-3.7,-0.24,-0.15
2026-11-15T23:00:00Z,MTR,-3.7,57.5,991.2,11.49,23,319,-0.25882,0.96593,-0.71429,0.69985,-3.04,0.41,-0.3
2026-11-16T00:00:00Z,MTR,-3.04,54.4,987.9,7.98,0,320,0.0,1.0,-0.70215,0.71203,-2.54,1.09,0.6
2026-11-16T01:00:00Z,MTR,-2.54,59.9,989.9,5.22,1,320,0.25882,0.96593,-0.70215,0.71203,-1.68,0.72,0.74
2026-11-16T02:00:00Z,MTR,-1.68,48.6,989.0,7.46,2,320,0.5,0.86603,-0.70215,0.71203,-1.32,0.44,0.85
2026-11-16T03:00:00Z,MTR,-1.32,58.3,992.2,9.71,3,320,0.70711,0.70711,-0.70215,0.71203,-0.24,0.27,1.9
2026-11-16T04:00:00Z,MTR,-0.24,49.0,993.1,5.27,4,320,0.86603,0.5,-0.70215,0.71203,0.41,1.87,2.11
2026-11-16T05:00:00Z,MTR,0.41,57.5,992.5,3.93,5,320,0.96593,0.25882,-0.70215,0.71203,1.09,2.89,2.41
2026-11-16T06:00:00Z,MTR,1.09,56.3,994.3,5.46,6,320,1.0,0.0,-0.70215,0.71203,0.72,2.07,2.08
2026-11-16T07:00:00Z,MTR,0.72,46.5,996.5,2.85,7,320,0.96593,-0.25882,-0.70215,0.71203,0.44,1.85,2.32
2026-11-16T08:00:00Z,MTR,0.44,51.7,998.2,0.59,8,320,0.86603,-0.5,-0.70215,0.71203,0.27,0.97,0.48
2026-11-16T09:00:00Z,MTR,0.27,41.6,996.8,7.09,9,320,0.70711,-0.70711,-0.70215,0.71203,1.87,0.08,0.4
2026-11-16T10:00:00Z,MTR,1.87,50.2,996.4,7.79,10,320,0.5,-0.86603,-0.70215,0.71203,2.89,0.51,0.82
2026-11-16T11:00:00Z,MTR,2.89,53.9,996.9,6.36,11,320,0.25882,-0.96593,-0.70215,0.71203,2.07,-1.0,0.79
2026-11-16T12:00:00Z,MTR,2.07,52.9,997.4,7.16,12,320,0.0,-1.0,-0.70215,0.71203,1.85,-0.99,0.61
2026-11-16T13:00:00Z,MTR,1.85,44.2,999.2,3.96,13,320,-0.25882,-0.96593,-0.70215,0.71203,0.97,-1.38,0.93
2026-11-16T14:00:00Z,MTR,0.97,56.1,995.9,8.56,14,320,-0.5,-0.86603,-0.70215,0.71203,0.08,-0.93,1.9
2026-11-16T15:00:00Z,MTR,0.08,53.8,997.0,4.24,15,320,-0.70711,-0.70711,-0.70215,0.71203,0.51,-1.06,1.24
2026-11-16T16:00:00Z,MTR,0.51,43.9,996.9,5.53,16,320,-0.86603,-0.5,-0.70215,0.71203,-1.0,-0.15,1.51
2026-11-16T17:00:00Z,MTR,-1.0,49.9,995.8,4.22,17,320,-0.96593,-0.25882,-0.70215,0.71203,-0.99,-0.3,1.05
2026-11-16T18:00:00Z,MTR,-0.99,52.2,994.8,3.42,18,320,-1.0,-0.0,-0.70215,0.71203,-1.38,0.6,0.99
2026-11-16T19:00:00Z,MTR,-1.38,52.6,994.8,4.96,19,320,-0.96593,0.25882,-0.70215,0.71203,-0.93,0.74,2.05
2026-11-16T20:00:00Z,MTR,-0.93,64.2,988.6,12.75,20,320,-0.86603,0.5,-0.70215,0.71203,-1.06,0.85,2.26
2026-11-16T21:00:00Z,MTR,-1.06,58.5,987.9,11.59,21,320,-0.70711,0.70711,-0.70215,0.71203,-0.15,1.9,2.75
2026-11-16T22:00:00Z,MTR,-0.15,69.4,986.9,10.43,22,320,-0.5,0.86603,-0.70215,0.71203,-0.3,2.11,2.03
2026-11-16T23:00:00Z,MTR,-0.3,57.0,988.3,7.54,23,320,-0.25882,0.96593,-0.70215,0.71203,0.6,2.41,1.67
2026-11-17T00:00:00Z,MTR,0.6,54.5,987.2,7.86,0,321,0.0,1.0,-0.6898,0.724,0.74,2.08,0.93
2026-11-17T01:00:00Z,MTR,0.74,60.4,987.1,12.22,1,321,0.25882,0.96593,-0.6898,0.724,0.85,2.32,0.45
2026-11-17T02:00:00Z,MTR,0.85,58.5,990.1,7.85,2,321,0.5,0.86603,-0.6898,0.724,1.9,0.48,0.7
2026-11-17T03:00:00Z,MTR,1.9,49.9,991.9,8.8,3,321,0.70711,0.70711,-0.6898,0.724,2.11,0.4,0.34
2026-11-17T04:00:00Z,MTR,2.11,51.9,993.2,5.64,4,321,0.86603,0.5,-0.6898,0.724,2.41,0.82,0.76
2026-11-17T05:00:00Z,MTR,2.41,48.8,992.0,6.59,5,321,0.96593,0.25882,-0.6898,0.724,2.08,0.79,5.55
2026-11-17T06:00:00Z,MTR,2.08,58.6,992.5,8.56,6,321,1.0,0.0,-0.6898,0.724,2.32,0.61,6.83
2026-11-17T07:00:00Z,MTR,2.32,54.4,991.5,5.86,7,321,0.96593,-0.25882,-0.6898,0.724,0.48,0.93,8.0
2026-11-17T08:00:00Z,MTR,0.48,45.1,990.5,8.35,8,321,0.86603,-0.5,-0.6898,0.724,0.4,1.9,8.0
2026-11-17T09:00:00Z,MTR,0.4,61.5,990.6,6.24,9,321,0.70711,-0.70711,-0.6898,0.724,0.82,1.24,8.0
2026-11-17T10:00:00Z,MTR,0.82,53.2,988.7,9.28,10,321,0.5,-0.86603,-0.6898,0.724,0.79,1.51,8.0
2026-11-17T11:00:00Z,MTR,0.79,69.6,990.6,6.17,11,321,0.25882,-0.96593,-0.6898,0.724,0.61,1.05,8.0
2026-11-17T12:00:00Z,MTR,0.61,55.7,989.3,11.56,12,321,0.0,-1.0,-0.6898,0.724,0.93,0.99,7.53
2026-11-17T13:00:00Z,MTR,0.93,55.0,989.4,7.89,13,321,-0.25882,-0.96593,-0.6898,0.724,1.9,2.05,8.0
2026-11-17T14:00:00Z,MTR,1.9,57.6,990.9,9.07,14,321,-0.5,-0.86603,-0.6898,0.724,1.24,2.26,7.32
2026-11-17T15:00:00Z,MTR,1.24,43.6,991.5,7.28,15,321,-0.70711,-0.70711,-0.6898,0.724,1.51,2.75,8.0
2026-11-17T16:00:00Z,MTR,1.51,61.9,987.6,7.63,16,321,-0.86603,-0.5,-0.6898,0.724,1.05,2.03,6.82
2026-11-17T17:00:00Z,MTR,1.05,64.3,987.1,9.93,17,321,-0.96593,-0.25882,-0.6898,0.724,0.99,1.67,5.77
2026-11-17T18:00:00Z,MTR,0.99,65.5,987.4,11.02,18,321,-1.0,-0.0,-0.6898,0.724,2.05,0.93,5.91
2026-11-17T19:00:00Z,MTR,2.05,60.5,987.6,5.74,19,321,-0.96593,0.25882,-0.6898,0.724,2.26,0.45,-0.4
2026-11-17T20:00:00Z,MTR,2.26,64.3,984.1,10.05,20,321,-0.86603,0.5,-0.6898,0.724,2.75,0.7,5.35
2026-11-17T21:00:00Z,MTR,2.75,58.9,981.6,10.41,21,321,-0.70711,0.70711,-0.6898,0.724,2.03,0.34,5.79
2026-11-17T22:00:00Z,MTR,2.03,68.5,982.2,10.86,22,321,-0.5,0.86603,-0.6898,0.724,1.67,0.76,7.91
2026-11-17T23:00:00Z,MTR,1.67,69.5,979.5,14.03,23,321,-0.25882,0.96593,-0.6898,0.724,0.93,5.55,7.86
2026-11-18T00:00:00Z,MTR,0.93,69.1,977.8,13.53,0,322,0.0,1.0,-0.67724,0.73576,0.45,6.83,7.56
2026-11-18T01:00:00Z,MTR,0.45,64.4,979.5,13.64,1,322,0.25882,0.96593,-0.67724,0.73576,0.7,8.0,1.14
2026-11-18T02:00:00Z,MTR,0.7,72.8,978.2,12.28,2,322,0.5,0.86603,-0.67724,0.73576,0.34,8.0,2.51
2026-11-18T03:00:00Z,MTR,0.34,71.1,975.8,11.7,3,322,0.70711,0.70711,-0.67724,0.73576,0.76,8.0,1.44
2026-11-18T04:00:00Z,MTR,0.76,65.0,973.2,8.58,4,322,0.86603,0.5,-0.67724,0.73576,5.55,8.0,1.39
2026-11-18T05:00:00Z,MTR,5.55,75.8,973.0,16.34,5,322,0.96593,0.25882,-0.67724,0.73576,6.83,8.0,2.29
2026-11-18T06:00:00Z,MTR,6.83,74.3,969.7,9.58,6,322,1.0,0.0,-0.67724,0.73576,8.0,7.53,1.56
2026-11-18T07:00:00Z,MTR,8.0,86.1,968.7,18.11,7,322,0.96593,-0.25882,-0.67724,0.73576,8.0,8.0,0.78
2026-11-18T08:00:00Z,MTR,8.0,80.3,968.8,16.39,8,322,0.86603,-0.5,-0.67724,0.73576,8.0,7.32,0.94
2026-11-18T09:00:00Z,MTR,8.0,78.5,970.6,18.23,9,322,0.70711,-0.70711,-0.67724,0.73576,8.0,8.0,1.39
2026-11-18T10:00:00Z,MTR,8.0,79.6,971.3,14.59,10,322,0.5,-0.86603,-0.67724,0.73576,8.0,6.82,0.12
2026-11-18T11:00:00Z,MTR,8.0,88.5,969.5,15.65,11,322,0.25882,-0.96593,-0.67724,0.73576,7.53,5.77,1.12
2026-11-18T12:00:00Z,MTR,7.53,79.8,971.3,13.68,12,322,0.0,-1.0,-0.67724,0.73576,8.0,5.91,1.0
2026-11-18T13:00:00Z,MTR,8.0,74.9,970.5,14.5,13,322,-0.25882,-0.96593,-0.67724,0.73576,7.32,-0.4,1.44
2026-11-18T14:00:00Z,MTR,7.32,73.3,968.0,13.71,14,322,-0.5,-0.86603,-0.67724,0.73576,8.0,5.35,0.66
2026-11-18T15:00:00Z,MTR,8.0,88.5,967.7,15.04,15,322,-0.70711,-0.70711,-0.67724,0.73576,6.82,5.79,0.13
2026-11-18T16:00:00Z,MTR,6.82,66.2,970.4,12.69,16,322,-0.86603,-0.5,-0.67724,0.73576,5.77,7.91,0.07
2026-11-18T17:00:00Z,MTR,5.77,78.5,970.7,14.37,17,322,-0.96593,-0.25882,-0.67724,0.73576,5.91,7.86,-0.14
2026-11-18T18:00:00Z,MTR,5.91,90.2,970.8,14.18,18,322,-1.0,-0.0,-0.67724,0.73576,-0.4,7.56,0.02
2026-11-18T19:00:00Z,MTR,-0.4,66.1,973.9,13.15,19,322,-0.96593,0.25882,-0.67724,0.73576,5.35,1.14,0.21
2026-11-18T20:00:00Z,MTR,5.35,72.1,971.5,13.82,20,322,-0.86603,0.5,-0.67724,0.73576,5.79,2.51,-1.01
2026-11-18T21:00:00Z,MTR,5.79,80.5,969.5,13.43,21,322,-0.70711,0.70711,-0.67724,0.73576,7.91,1.44,-1.09
2026-11-18T22:00:00Z,MTR,7.91,78.8,967.1,16.58,22,322,-0.5,0.86603,-0.67724,0.73576,7.86,1.39,-1.38
2026-11-18T23:00:00Z,MTR,7.86,80.6,968.5,15.63,23,322,-0.25882,0.96593,-0.67724,0.73576,7.56,2.29,-1.14
2026-11-19T00:00:00Z,MTR,7.56,82.1,969.6,15.2,0,323,0.0,1.0,-0.66448,0.7473,1.14,1.56,-1.11
2026-11-19T01:00:00Z,MTR,1.14,78.2,973.1,11.58,1,323,0.25882,0.96593,-0.66448,0.7473,2.51,0.78,-0.95
2026-11-19T02:00:00Z,MTR,2.51,80.7,974.2,14.44,2,323,0.5,0.86603,-0.66448,0.7473,1.44,0.94,0.72
2026-11-19T03:00:00Z,MTR,1.44,66.4,974.2,11.58,3,323,0.70711,0.70711,-0.66448,0.7473,1.39,1.39,0.02
2026-11-19T04:00:00Z,MTR,1.39,79.9,974.9,11.81,4,323,0.86603,0.5,-0.66448,0.7473,2.29,0.12,-0.01
2026-11-19T05:00:00Z,MTR,2.29,79.6,975.9,12.7,5,323,0.96593,0.25882,-0.66448,0.7473,1.56,1.12,-1.42
2026-11-19T06:00:00Z,MTR,1.56,80.2,973.7,15.56,6,323,1.0,0.0,-0.66448,0.7473,0.78,1.0,-1.36
2026-11-19T07:00:00Z,MTR,0.78,62.4,979.6,8.89,7,323,0.96593,-0.25882,-0.66448,0.7473,0.94,1.44,-1.73
2026-11-19T08:00:00Z,MTR,0.94,60.5,981.2,8.78,8,323,0.86603,-0.5,-0.66448,0.7473,1.39,0.66,0.19
2026-11-19T09:00:00Z,MTR,1.39,66.1,982.3,6.48,9,323,0.70711,-0.70711,-0.66448,0.7473,0.12,0.13,0.25
2026-11-19T10:00:00Z,MTR,0.12,67.4,984.1,10.82,10,323,0.5,-0.86603,-0.66448,0.7473,1.12,0.07,0.18
2026-11-19T11:00:00Z,MTR,1.12,67.5,986.0,8.5,11,323,0.25882,-0.96593,-0.66448,0.7473,1.0,-0.14,0.82
2026-11-19T12:00:00Z,MTR,1.0,59.3,986.3,9.93,12,323,0.0,-1.0,-0.66448,0.7473,1.44,0.02,0.04
2026-11-19T13:00:00Z,MTR,1.44,65.4,985.7,9.95,13,323,-0.25882,-0.96593,-0.66448,0.7473,0.66,0.21,0.6
2026-11-19T14:00:00Z,MTR,0.66,63.6,987.4,10.29,14,323,-0.5,-0.86603,-0.66448,0.7473,0.13,-1.01,1.01
2026-11-19T15:00:00Z,MTR,0.13,55.7,988.6,8.31,15,323,-0.70711,-0.70711,-0.66448,0.7473,0.07,-1.09,1.93
2026-11-19T16:00:00Z,MTR,0.07,57.4,987.6,7.22,16,323,-0.86603,-0.5,-0.66448,0.7473,-0.14,-1.38,1.96
2026-11-19T17:00:00Z,MTR,-0.14,48.8,990.6,8.08,17,323,-0.96593,-0.25882,-0.66448,0.7473,0.02,-1.14,0.15
2026-11-19T18:00:00Z,MTR,0.02,50.6,991.5,8.15,18,323,-1.0,-0.0,-0.66448,0.7473,0.21,-1.11,0.66
2026-11-19T19:00:00Z,MTR,0.21,50.5,993.1,6.09,19,323,-0.96593,0.25882,-0.66448,0.7473,-1.01,-0.95,2.66
2026-11-19T20:00:00Z,MTR,-1.01,53.6,995.9,6.06,20,323,-0.86603,0.5,-0.66448,0.7473,-1.09,0.72,2.17
2026-11-19T21:00:00Z,MTR,-1.09,61.3,996.0,3.16,21,323,-0.70711,0.70711,-0.66448,0.7473,-1.38,0.02,1.76
2026-11-19T22:00:00Z,MTR,-1.38,51.8,996.6,3.1,22,323,-0.5,0.86603,-0.66448,0.7473,-1.14,-0.01,1.08
2026-11-19T23:00:00Z,MTR,-1.14,41.3,998.0,1.85,23,323,-0.25882,0.96593,-0.66448,0.7473,-1.11,-1.42,-0.34
2026-11-20T00:00:00Z,MTR,-1.11,47.9,996.6,6.23,0,324,0.0,1.0,-0.65153,0.75862,-0.95,-1.36,0.17
2026-11-20T01:00:00Z,MTR,-0.95,55.8,996.6,7.12,1,324,0.25882,0.96593,-0.65153,0.75862,0.72,-1.73,-0.18
2026-11-20T02:00:00Z,MTR,0.72,45.1,996.7,2.75,2,324,0.5,0.86603,-0.65153,0.75862,0.02,0.19,0.25
2026-11-20T03:00:00Z,MTR,0.02,59.6,994.8,6.55,3,324,0.70711,0.70711,-0.65153,0.75862,-0.01,0.25,0.75
2026-11-20T04:00:00Z,MTR,-0.01,51.2,998.9,5.75,4,324,0.86603,0.5,-0.65153,0.75862,-1.42,0.18,2.45
2026-11-20T05:00:00Z,MTR,-1.42,49.2,996.1,5.01,5,324,0.96593,0.25882,-0.65153,0.75862,-1.36,0.82,2.36
2026-11-20T06:00:00Z,MTR,-1.36,44.9,993.5,9.86,6,324,1.0,0.0,-0.65153,0.75862,-1.73,0.04,1.68
2026-11-20T07:00:00Z,MTR,-1.73,55.1,995.8,2.99,7,324,0.96593,-0.25882,-0.65153,0.75862,0.19,0.6,2.19
2026-11-20T08:00:00Z,MTR,0.19,52.8,996.8,4.8,8,324,0.86603,-0.5,-0.65153,0.75862,0.25,1.01,2.35
2026-11-20T09:00:00Z,MTR,0.25,52.8,994.7,0.45,9,324,0.70711,-0.70711,-0.65153,0.75862,0.18,1.93,3.94
2026-11-20T10:00:00Z,MTR,0.18,64.8,995.6,6.67,10,324,0.5,-0.86603,-0.65153,0.75862,0.82,1.96,4.59
2026-11-20T11:00:00Z,MTR,0.82,43.5,997.9,3.73,11,324,0.25882,-0.96593,-0.65153,0.75862,0.04,0.15,4.4
2026-11-20T12:00:00Z,MTR,0.04,55.6,997.4,1.4,12,324,0.0,-1.0,-0.65153,0.75862,0.6,0.66,4.99
2026-11-20T13:00:00Z,MTR,0.6,43.9,1001.7,5.12,13,324,-0.25882,-0.96593,-0.65153,0.75862,1.01,2.66,5.53
2026-11-20T14:00:00Z,MTR,1.01,49.8,998.0,4.86,14,324,-0.5,-0.86603,-0.65153,0.75862,1.93,2.17,4.39
2026-11-20T15:00:00Z,MTR,1.93,49.1,998.8,4.29,15,324,-0.70711,-0.70711,-0.65153,0.75862,1.96,1.76,4.29
2026-11-20T16:00:00Z,MTR,1.96,50.8,1000.4,6.62,16,324,-0.86603,-0.5,-0.65153,0.75862,0.15,1.08,5.45
2026-11-20T17:00:00Z,MTR,0.15,40.7,1001.4,2.46,17,324,-0.96593,-0.25882,-0.65153,0.75862,0.66,-0.34,3.71
2026-11-20T18:00:00Z,MTR,0.66,58.2,1000.5,5.63,18,324,-1.0,-0.0,-0.65153,0.75862,2.66,0.17,2.6
2026-11-20T19:00:00Z,MTR,2.66,42.0,999.4,6.28,19,324,-0.96593,0.25882,-0.65153,0.75862,2.17,-0.18,1.97
2026-11-20T20:00:00Z,MTR,2.17,44.5,999.7,3.47,20,324,-0.86603,0.5,-0.65153,0.75862,1.76,0.25,1.94
2026-11-20T21:00:00Z,MTR,1.76,54.8,1000.7,4.28,21,324,-0.70711,0.70711,-0.65153,0.75862,1.08,0.75,1.81
2026-11-20T22:00:00Z,MTR,1.08,51.8,1001.3,7.43,22,324,-0.5,0.86603,-0.65153,0.75862,-0.34,2.45,1.66
2026-11-20T23:00:00Z,MTR,-0.34,41.0,1002.7,1.59,23,324,-0.25882,0.96593,-0.65153,0.75862,0.17,2.36,1.3
2026-11-21T00:00:00Z,MTR,0.17,49.8,1000.3,5.51,0,325,0.0,1.0,-0.63838,0.76972,-0.18,1.68,1.68
2026-11-21T01:00:00Z,MTR,-0.18,41.6,999.5,4.8,1,325,0.25882,0.96593,-0.63838,0.76972,0.25,2.19,2.73
2026-11-21T02:00:00Z,MTR,0.25,45.8,997.5,7.89,2,325,0.5,0.86603,-0.63838,0.76972,0.75,2.35,4.03
2026-11-21T03:00:00Z,MTR,0.75,48.3,996.6,5.57,3,325,0.70711,0.70711,-0.63838,0.76972,2.45,3.94,4.86
2026-11-21T04:00:00Z,MTR,2.45,55.8,998.3,6.44,4,325,0.86603,0.5,-0.63838,0.76972,2.36,4.59,5.81
2026-11-21T05:00:00Z,MTR,2.36,36.7,998.3,1.85,5,325,0.96593,0.25882,-0.63838,0.76972,1.68,4.4,5.9
2026-11-21T06:00:00Z,MTR,1.68,46.6,1002.9,0.2,6,325,1.0,0.0,-0.63838,0.76972,2.19,4.99,7.92
2026-11-21T07:00:00Z,MTR,2.19,40.5,1002.9,1.42,7,325,0.96593,-0.25882,-0.63838,0.76972,2.35,5.53,6.77
2026-11-21T08:00:00Z,MTR,2.35,46.2,1002.8,2.7,8,325,0.86603,-0.5,-0.63838,0.76972,3.94,4.39,6.94
2026-11-21T09:00:00Z,MTR,3.94,46.1,1002.7,2.89,9,325,0.70711,-0.70711,-0.63838,0.76972,4.59,4.29,7.43
2026-11-21T10:00:00Z,MTR,4.59,45.4,1001.3,6.23,10,325,0.5,-0.86603,-0.63838,0.76972,4.4,5.45,7.32
2026-11-21T11:00:00Z,MTR,4.4,41.1,1001.1,3.34,11,325,0.25882,-0.96593,-0.63838,0.76972,4.99,3.71,7.91
2026-11-21T12:00:00Z,MTR,4.99,39.6,1003.1,3.52,12,325,0.0,-1.0,-0.63838,0.76972,5.53,2.6,7.42
2026-11-21T13:00:00Z,MTR,5.53,41.4,1003.1,3.73,13,325,-0.25882,-0.96593,-0.63838,0.76972,4.39,1.97,7.96
2026-11-21T14:00:00Z,MTR,4.39,36.1,1001.6,2.71,14,325,-0.5,-0.86603,-0.63838,0.76972,4.29,1.94,7.5
2026-11-21T15:00:00Z,MTR,4.29,46.9,999.9,4.51,15,325,-0.70711,-0.70711,-0.63838,0.76972,5.45,1.81,6.6
2026-11-21T16:00:00Z,MTR,5.45,44.4,999.1,6.9,16,325,-0.86603,-0.5,-0.63838,0.76972,3.71,1.66,5.59
2026-11-21T17:00:00Z,MTR,3.71,44.9,999.3,5.32,17,325,-0.96593,-0.25882,-0.63838,0.76972,2.6,1.3,5.19
2026-11-21T18:00:00Z,MTR,2.6,43.9,1001.6,5.16,18,325,-1.0,-0.0,-0.63838,0.76972,1.97,1.68,4.13
2026-11-21T19:00:00Z,MTR,1.97,51.3,999.1,5.46,19,325,-0.96593,0.25882,-0.63838,0.76972,1.94,2.73,1.43
2026-11-21T20:00:00Z,MTR,1.94,55.1,998.6,8.26,20,325,-0.86603,0.5,-0.63838,0.76972,1.81,4.03,-0.35
2026-11-21T21:00:00Z,MTR,1.81,53.7,999.0,2.74,21,325,-0.70711,0.70711,-0.63838,0.76972,1.66,4.86,-0.94
2026-11-21T22:00:00Z,MTR,1.66,54.6,995.7,10.94,22,325,-0.5,0.86603,-0.63838,0.76972,1.3,5.81,-1.32
2026-11-21T23:00:00Z,MTR,1.3,51.2,994.4,8.37,23,325,-0.25882,0.96593,-0.63838,0.76972,1.68,5.9,-0.4
2026-11-22T00:00:00Z,MTR,1.68,47.9,993.3,9.08,0,326,0.0,1.0,-0.62505,0.78058,2.73,7.92,0.13
2026-11-22T01:00:00Z,MTR,2.73,68.0,992.1,9.76,1,326,0.25882,0.96593,-0.62505,0.78058,4.03,6.77,0.32
2026-11-22T02:00:00Z,MTR,4.03,64.0,992.7,9.02,2,326,0.5,0.86603,-0.62505,0.78058,4.86,6.94,-0.05
2026-11-22T03:00:00Z,MTR,4.86,58.3,992.5,4.42,3,326,0.70711,0.70711,-0.62505,0.78058,5.81,7.43,2.37
2026-11-22T04:00:00Z,MTR,5.81,58.2,991.6,5.05,4,326,0.86603,0.5,-0.62505,0.78058,5.9,7.32,2.58
2026-11-22T05:00:00Z,MTR,5.9,53.4,992.4,8.44,5,326,0.96593,0.25882,-0.62505,0.78058,7.92,7.91,3.53
2026-11-22T06:00:00Z,MTR,7.92,52.4,995.4,7.18,6,326,1.0,0.0,-0.62505,0.78058,6.77,7.42,3.76
2026-11-22T07:00:00Z,MTR,6.77,53.6,998.1,6.91,7,326,0.96593,-0.25882,-0.62505,0.78058,6.94,7.96,4.39
2026-11-22T08:00:00Z,MTR,6.94,43.4,994.1,6.55,8,326,0.86603,-0.5,-0.62505,0.78058,7.43,7.5,3.46
2026-11-22T09:00:00Z,MTR,7.43,48.3,994.8,3.61,9,326,0.70711,-0.70711,-0.62505,0.78058,7.32,6.6,3.91
2026-11-22T10:00:00Z,MTR,7.32,53.0,993.9,6.3,10,326,0.5,-0.86603,-0.62505,0.78058,7.91,5.59,8.0
2026-11-22T11:00:00Z,MTR,7.91,44.2,993.6,8.1,11,326,0.25882,-0.96593,-0.62505,0.78058,7.42,5.19,8.0
2026-11-22T12:00:00Z,MTR,7.42,47.2,992.3,6.57,12,326,0.0,-1.0,-0.62505,0.78058,7.96,4.13,8.0
2026-11-22T13:00:00Z,MTR,7.96,52.0,991.8,7.22,13,326,-0.25882,-0.96593,-0.62505,0.78058,7.5,1.43,8.0
2026-11-22T14:00:00Z,MTR,7.5,56.3,991.4,7.44,14,326,-0.5,-0.86603,-0.62505,0.78058,6.6,-0.35,8.0
2026-11-22T15:00:00Z,MTR,6.6,65.1,989.5,6.96,15,326,-0.70711,-0.70711,-0.62505,0.78058,5.59,-0.94,7.3
2026-11-22T16:00:00Z,MTR,5.59,57.8,987.1,7.18,16,326,-0.86603,-0.5,-0.62505,0.78058,5.19,-1.32,7.07
2026-11-22T17:00:00Z,MTR,5.19,73.0,985.5,13.56,17,326,-0.96593,-0.25882,-0.62505,0.78058,4.13,-0.4,7.3
2026-11-22T18:00:00Z,MTR,4.13,60.0,985.1,12.58,18,326,-1.0,-0.0,-0.62505,0.78058,1.43,0.13,8.0
2026-11-22T19:00:00Z,MTR,1.43,62.5,985.3,11.54,19,326,-0.96593,0.25882,-0.62505,0.78058,-0.35,0.32,7.5
2026-11-22T20:00:00Z,MTR,-0.35,54.7,985.9,10.04,20,326,-0.86603,0.5,-0.62505,0.78058,-0.94,-0.05,5.36
2026-11-22T21:00:00Z,MTR,-0.94,61.3,983.9,7.85,21,326,-0.70711,0.70711,-0.62505,0.78058,-1.32,2.37,5.5
2026-11-22T22:00:00Z,MTR,-1.32,55.7,983.4,11.82,22,326,-0.5,0.86603,-0.62505,0.78058,-0.4,2.58,5.33
2026-11-22T23:00:00Z,MTR,-0.4,81.5,984.0,12.06,23,326,-0.25882,0.96593,-0.62505,0.78058,0.13,3.53,6.5
2026-11-23T00:00:00Z,MTR,0.13,57.5,984.9,8.84,0,327,0.0,1.0,-0.61153,0.79122,0.32,3.76,8.0
2026-11-23T01:00:00Z,MTR,0.32,65.6,983.5,7.86,1,327,0.25882,0.96593,-0.61153,0.79122,-0.05,4.39,3.06
2026-11-23T02:00:00Z,MTR,-0.05,64.2,981.8,11.41,2,327,0.5,0.86603,-0.61153,0.79122,2.37,3.46,7.28
2026-11-23T03:00:00Z,MTR,2.37,66.8,980.9,12.99,3,327,0.70711,0.70711,-0.61153,0.79122,2.58,3.91,4.15
2026-11-23T04:00:00Z,MTR,2.58,70.2,977.6,10.67,4,327,0.86603,0.5,-0.61153,0.79122,3.53,8.0,4.7
2026-11-23T05:00:00Z,MTR,3.53,77.6,976.2,13.49,5,327,0.96593,0.25882,-0.61153,0.79122,3.76,8.0,4.62
2026-11-23T06:00:00Z,MTR,3.76,74.2,976.5,10.52,6,327,1.0,0.0,-0.61153,0.79122,4.39,8.0,8.0
2026-11-23T07:00:00Z,MTR,4.39,72.6,976.6,10.04,7,327,0.96593,-0.25882,-0.61153,0.79122,3.46,8.0,8.0
2026-11-23T08:00:00Z,MTR,3.46,76.9,975.0,13.24,8,327,0.86603,-0.5,-0.61153,0.79122,3.91,8.0,8.0
2026-11-23T09:00:00Z,MTR,3.91,75.9,974.4,11.4,9,327,0.70711,-0.70711,-0.61153,0.79122,8.0,7.3,8.0
2026-11-23T10:00:00Z,MTR,8.0,71.1,972.0,14.7,10,327,0.5,-0.86603,-0.61153,0.79122,8.0,7.07,8.0
2026-11-23T11:00:00Z,MTR,8.0,74.5,972.4,10.46,11,327,0.25882,-0.96593,-0.61153,0.79122,8.0,7.3,5.09
2026-11-23T12:00:00Z,MTR,8.0,80.6,971.5,12.29,12,327,0.0,-1.0,-0.61153,0.79122,8.0,8.0,6.4
2026-11-23T13:00:00Z,MTR,8.0,76.7,970.3,16.47,13,327,-0.25882,-0.96593,-0.61153,0.79122,8.0,7.5,6.28
2026-11-23T14:00:00Z,MTR,8.0,82.6,969.0,16.22,14,327,-0.5,-0.86603,-0.61153,0.79122,7.3,5.36,6.41
2026-11-23T15:00:00Z,MTR,7.3,86.9,968.4,15.87,15,327,-0.70711,-0.70711,-0.61153,0.79122,7.07,5.5,5.14
2026-11-23T16:00:00Z,MTR,7.07,78.7,967.2,14.55,16,327,-0.86603,-0.5,-0.61153,0.79122,7.3,5.33,5.04
2026-11-23T17:00:00Z,MTR,7.3,86.5,968.1,15.16,17,327,-0.96593,-0.25882,-0.61153,0.79122,8.0,6.5,4.2
2026-11-23T18:00:00Z,MTR,8.0,81.8,967.1,15.0,18,327,-1.0,-0.0,-0.61153,0.79122,7.5,8.0,3.91
2026-11-23T19:00:00Z,MTR,7.5,81.2,969.9,19.2,19,327,-0.96593,0.25882,-0.61153,0.79122,5.36,3.06,2.79
2026-11-23T20:00:00Z,MTR,5.36,81.2,972.4,14.35,20,327,-0.86603,0.5,-0.61153,0.79122,5.5,7.28,1.48
2026-11-23T21:00:00Z,MTR,5.5,81.3,970.5,12.79,21,327,-0.70711,0.70711,-0.61153,0.79122,5.33,4.15,0.46
2026-11-23T22:00:00Z,MTR,5.33,65.0,970.6,14.12,22,327,-0.5,0.86603,-0.61153,0.79122,6.5,4.7,-0.9
2026-11-23T23:00:00Z,MTR,6.5,69.7,969.5,11.29,23,327,-0.25882,0.96593,-0.61153,0.79122,8.0,4.62,-1.45
2026-11-24T00:00:00Z,MTR,8.0,81.8,969.2,10.97,0,328,0.0,1.0,-0.59783,0.80162,3.06,8.0,-0.5
2026-11-24T01:00:00Z,MTR,3.06,76.1,973.1,16.39,1,328,0.25882,0.96593,-0.59783,0.80162,7.28,8.0,-0.91
2026-11-24T02:00:00Z,MTR,7.28,68.4,972.8,14.11,2,328,0.5,0.86603,-0.59783,0.80162,4.15,8.0,-1.12
2026-11-24T03:00:00Z,MTR,4.15,71.6,973.8,12.32,3,328,0.70711,0.70711,-0.59783,0.80162,4.7,8.0,-0.5
2026-11-24T04:00:00Z,MTR,4.7,65.1,975.2,12.71,4,328,0.86603,0.5,-0.59783,0.80162,4.62,8.0,-1.53
2026-11-24T05:00:00Z,MTR,4.62,74.5,973.8,13.01,5,328,0.96593,0.25882,-0.59783,0.80162,8.0,5.09,-0.51
2026-11-24T06:00:00Z,MTR,8.0,82.5,972.9,13.66,6,328,1.0,0.0,-0.59783,0.80162,8.0,6.4,-0.09
2026-11-24T07:00:00Z,MTR,8.0,74.8,971.5,16.3,7,328,0.96593,-0.25882,-0.59783,0.80162,8.0,6.28,0.69
2026-11-24T08:00:00Z,MTR,8.0,80.0,970.8,15.3,8,328,0.86603,-0.5,-0.59783,0.80162,8.0,6.41,1.0
2026-11-24T09:00:00Z,MTR,8.0,82.2,966.7,14.77,9,328,0.70711,-0.70711,-0.59783,0.80162,8.0,5.14,1.12
2026-11-24T10:00:00Z,MTR,8.0,87.4,969.0,11.33,10,328,0.5,-0.86603,-0.59783,0.80162,5.09,5.04,2.05
2026-11-24T11:00:00Z,MTR,5.09,80.7,974.0,11.16,11,328,0.25882,-0.96593,-0.59783,0.80162,6.4,4.2,2.15
2026-11-24T12:00:00Z,MTR,6.4,65.9,975.4,14.22,12,328,0.0,-1.0,-0.59783,0.80162,6.28,3.91,2.62
2026-11-24T13:00:00Z,MTR,6.28,75.0,974.0,16.3,13,328,-0.25882,-0.96593,-0.59783,0.80162,6.41,2.79,3.27
2026-11-24T14:00:00Z,MTR,6.41,69.9,974.1,11.39,14,328,-0.5,-0.86603,-0.59783,0.80162,5.14,1.48,2.14
2026-11-24T15:00:00Z,MTR,5.14,70.7,974.5,10.93,15,328,-0.70711,-0.70711,-0.59783,0.80162,5.04,0.46,1.37
2026-11-24T16:00:00Z,MTR,5.04,78.6,974.0,12.29,16,328,-0.86603,-0.5,-0.59783,0.80162,4.2,-0.9,0.48
2026-11-24T17:00:00Z,MTR,4.2,73.7,977.0,15.74,17,328,-0.96593,-0.25882,-0.59783,0.80162,3.91,-1.45,-0.05
2026-11-24T18:00:00Z,MTR,3.91,72.6,979.7,11.55,18,328,-1.0,-0.0,-0.59783,0.80162,2.79,-0.5,-0.18
2026-11-24T19:00:00Z,MTR,2.79,57.7,978.8,10.03,19,328,-0.96593,0.25882,-0.59783,0.80162,1.48,-0.91,-1.1
2026-11-24T20:00:00Z,MTR,1.48,71.2,981.4,9.98,20,328,-0.86603,0.5,-0.59783,0.80162,0.46,-1.12,-1.89
2026-11-24T21:00:00Z,MTR,0.46,64.4,985.3,8.35,21,328,-0.70711,0.70711,-0.59783,0.80162,-0.9,-0.5,-2.24
2026-11-24T22:00:00Z,MTR,-0.9,66.2,989.7,9.35,22,328,-0.5,0.86603,-0.59783,0.80162,-1.45,-1.53,-1.56
2026-11-24T23:00:00Z,MTR,-1.45,49.3,995.6,9.88,23,328,-0.25882,0.96593,-0.59783,0.80162,-0.5,-0.51,-1.91
2026-11-25T00:00:00Z,MTR,-0.5,58.0,994.4,6.63,0,329,0.0,1.0,-0.58395,0.81179,-0.91,-0.09,-1.46
2026-11-25T01:00:00Z,MTR,-0.91,48.5,1000.0,6.7,1,329,0.25882,0.96593,-0.58395,0.81179,-1.12,0.69,-1.45
2026-11-25T02:00:00Z,MTR,-1.12,46.7,999.5,1.96,2,329,0.5,0.86603,-0.58395,0.81179,-0.5,1.0,-1.21
2026-11-25T03:00:00Z,MTR,-0.5,46.8,998.7,9.62,3,329,0.70711,0.70711,-0.58395,0.81179,-1.53,1.12,-1.32
2026-11-25T04:00:00Z,MTR,-1.53,45.6,999.5,1.99,4,329,0.86603,0.5,-0.58395,0.81179,-0.51,2.05,-2.69
2026-11-25T05:00:00Z,MTR,-0.51,43.7,998.6,7.39,5,329,0.96593,0.25882,-0.58395,0.81179,-0.09,2.15,-2.58
2026-11-25T06:00:00Z,MTR,-0.09,45.1,999.5,5.35,6,329,1.0,0.0,-0.58395,0.81179,0.69,2.62,-1.79
2026-11-25T07:00:00Z,MTR,0.69,45.7,997.2,2.92,7,329,0.96593,-0.25882,-0.58395,0.81179,1.0,3.27,-1.17
2026-11-25T08:00:00Z,MTR,1.0,48.8,996.9,7.2,8,329,0.86603,-0.5,-0.58395,0.81179,1.12,2.14,-0.14
2026-11-25T09:00:00Z,MTR,1.12,46.1,999.4,4.65,9,329,0.70711,-0.70711,-0.58395,0.81179,2.05,1.37,-0.84
2026-11-25T10:00:00Z,MTR,2.05,45.9,999.2,2.93,10,329,0.5,-0.86603,-0.58395,0.81179,2.15,0.48,-0.18
2026-11-25T11:00:00Z,MTR,2.15,47.0,999.4,4.72,11,329,0.25882,-0.96593,-0.58395,0.81179,2.62,-0.05,-0.33
2026-11-25T12:00:00Z,MTR,2.62,45.1,1000.1,1.15,12,329,0.0,-1.0,-0.58395,0.81179,3.27,-0.18,-0.73
2026-11-25T13:00:00Z,MTR,3.27,44.4,1002.0,2.86,13,329,-0.25882,-0.96593,-0.58395,0.81179,2.14,-1.1,-0.22
2026-11-25T14:00:00Z,MTR,2.14,47.0,998.7,3.0,14,329,-0.5,-0.86603,-0.58395,0.81179,1.37,-1.89,0.36
2026-11-25T15:00:00Z,MTR,1.37,45.4,999.5,4.29,15,329,-0.70711,-0.70711,-0.58395,0.81179,0.48,-2.24,1.09
2026-11-25T16:00:00Z,MTR,0.48,48.8,998.8,1.46,16,329,-0.86603,-0.5,-0.58395,0.81179,-0.05,-1.56,1.27
2026-11-25T17:00:00Z,MTR,-0.05,52.7,998.7,1.34,17,329,-0.96593,-0.25882,-0.58395,0.81179,-0.18,-1.91,0.89
2026-11-25T18:00:00Z,MTR,-0.18,43.8,1000.3,2.7,18,329,-1.0,-0.0,-0.58395,0.81179,-1.1,-1.46,-0.51
2026-11-25T19:00:00Z,MTR,-1.1,46.2,997.7,5.19,19,329,-0.96593,0.25882,-0.58395,0.81179,-1.89,-1.45,0.2
2026-11-25T20:00:00Z,MTR,-1.89,52.6,995.5,4.05,20,329,-0.86603,0.5,-0.58395,0.81179,-2.24,-1.21,0.13
2026-11-25T21:00:00Z,MTR,-2.24,56.3,991.7,8.18,21,329,-0.70711,0.70711,-0.58395,0.81179,-1.56,-1.32,-0.76
2026-11-25T22:00:00Z,MTR,-1.56,52.3,990.6,9.03,22,329,-0.5,0.86603,-0.58395,0.81179,-1.91,-2.69,-0.67
2026-11-25T23:00:00Z,MTR,-1.91,49.9,992.9,5.17,23,329,-0.25882,0.96593,-0.58395,0.81179,-1.46,-2.58,-1.77
2026-11-26T00:00:00Z,MTR,-1.46,52.5,992.5,9.78,0,330,0.0,1.0,-0.5699,0.82171,-1.45,-1.79,-0.38
2026-11-26T01:00:00Z,MTR,-1.45,52.1,989.9,7.27,1,330,0.25882,0.96593,-0.5699,0.82171,-1.21,-1.17,-0.49
2026-11-26T02:00:00Z,MTR,-1.21,61.9,988.9,11.87,2,330,0.5,0.86603,-0.5699,0.82171,-1.32,-0.14,-1.04
2026-11-26T03:00:00Z,MTR,-1.32,65.2,986.2,8.59,3,330,0.70711,0.70711,-0.5699,0.82171,-2.69,-0.84,0.32
2026-11-26T04:00:00Z,MTR,-2.69,59.0,984.2,7.52,4,330,0.86603,0.5,-0.5699,0.82171,-2.58,-0.18,-0.3
2026-11-26T05:00:00Z,MTR,-2.58,56.7,985.1,11.92,5,330,0.96593,0.25882,-0.5699,0.82171,-1.79,-0.33,0.15
2026-11-26T06:00:00Z,MTR,-1.79,65.2,983.1,8.04,6,330,1.0,0.0,-0.5699,0.82171,-1.17,-0.73,0.71
2026-11-26T07:00:00Z,MTR,-1.17,63.3,985.4,11.65,7,330,0.96593,-0.25882,-0.5699,0.82171,-0.14,-0.22,0.17
2026-11-26T08:00:00Z,MTR,-0.14,74.0,985.4,9.61,8,330,0.86603,-0.5,-0.5699,0.82171,-0.84,0.36,0.31
2026-11-26T09:00:00Z,MTR,-0.84,65.1,985.7,8.15,9,330,0.70711,-0.70711,-0.5699,0.82171,-0.18,1.09,-0.72
2026-11-26T10:00:00Z,MTR,-0.18,56.3,985.4,7.84,10,330,0.5,-0.86603,-0.5699,0.82171,-0.33,1.27,-0.66
2026-11-26T11:00:00Z,MTR,-0.33,55.9,987.0,8.68,11,330,0.25882,-0.96593,-0.5699,0.82171,-0.73,0.89,-1.75
2026-11-26T12:00:00Z,MTR,-0.73,61.0,988.5,9.69,12,330,0.0,-1.0,-0.5699,0.82171,-0.22,-0.51,-0.8
2026-11-26T13:00:00Z,MTR,-0.22,57.9,989.2,8.02,13,330,-0.25882,-0.96593,-0.5699,0.82171,0.36,0.2,-1.15
2026-11-26T14:00:00Z,MTR,0.36,57.4,990.3,10.7,14,330,-0.5,-0.86603,-0.5699,0.82171,1.09,0.13,-1.99
2026-11-26T15:00:00Z,MTR,1.09,57.0,989.9,5.5,15,330,-0.70711,-0.70711,-0.5699,0.82171,1.27,-0.76,-1.81
2026-11-26T16:00:00Z,MTR,1.27,60.1,991.0,7.31,16,330,-0.86603,-0.5,-0.5699,0.82171,0.89,-0.67,-3.18
2026-11-26T17:00:00Z,MTR,0.89,66.8,990.4,9.89,17,330,-0.96593,-0.25882,-0.5699,0.82171,-0.51,-1.77,-3.75
2026-11-26T18:00:00Z,MTR,-0.51,62.7,990.5,5.24,18,330,-1.0,-0.0,-0.5699,0.82171,0.2,-0.38,-3.22
2026-11-26T19:00:00Z,MTR,0.2,52.7,990.2,9.86,19,330,-0.96593,0.25882,-0.5699,0.82171,0.13,-0.49,-4.32
2026-11-26T20:00:00Z,MTR,0.13,55.2,989.5,8.04,20,330,-0.86603,0.5,-0.5699,0.82171,-0.76,-1.04,-4.48
2026-11-26T21:00:00Z,MTR,-0.76,47.4,988.4,8.57,21,330,-0.70711,0.70711,-0.5699,0.82171,-0.67,0.32,-5.01
2026-11-26T22:00:00Z,MTR,-0.67,58.7,989.6,7.3,22,330,-0.5,0.86603,-0.5699,0.82171,-1.77,-0.3,-6.38
2026-11-26T23:00:00Z,MTR,-1.77,51.7,992.1,4.71,23,330,-0.25882,0.96593,-0.5699,0.82171,-0.38,0.15,-6.9
2026-11-27T00:00:00Z,MTR,-0.38,52.4,994.3,6.23,0,331,0.0,1.0,-0.55568,0.83139,-0.49,0.71,-6.73
2026-11-27T01:00:00Z,MTR,-0.49,50.6,992.0,6.04,1,331,0.25882,0.96593,-0.55568,0.83139,-1.04,0.17,-5.98
2026-11-27T02:00:00Z,MTR,-1.04,49.2,994.5,9.39,2,331,0.5,0.86603,-0.55568,0.83139,0.32,0.31,-4.33
2026-11-27T03:00:00Z,MTR,0.32,45.7,993.9,7.57,3,331,0.70711,0.70711,-0.55568,0.83139,-0.3,-0.72,-3.74
2026-11-27T04:00:00Z,MTR,-0.3,50.4,994.9,6.27,4,331,0.86603,0.5,-0.55568,0.83139,0.15,-0.66,-3.03
2026-11-27T05:00:00Z,MTR,0.15,57.5,993.2,9.41,5,331,0.96593,0.25882,-0.55568,0.83139,0.71,-1.75,-1.82
2026-11-27T06:00:00Z,MTR,0.71,50.2,993.4,6.58,6,331,1.0,0.0,-0.55568,0.83139,0.17,-0.8,-0.91
2026-11-27T07:00:00Z,MTR,0.17,56.7,993.9,7.94,7,331,0.96593,-0.25882,-0.55568,0.83139,0.31,-1.15,-0.87
2026-11-27T08:00:00Z,MTR,0.31,53.4,991.1,9.8,8,331,0.86603,-0.5,-0.55568,0.83139,-0.72,-1.99,-0.79
2026-11-27T09:00:00Z,MTR,-0.72,54.8,992.2,6.57,9,331,0.70711,-0.70711,-0.55568,0.83139,-0.66,-1.81,0.11
2026-11-27T10:00:00Z,MTR,-0.66,59.5,994.5,7.22,10,331,0.5,-0.86603,-0.55568,0.83139,-1.75,-3.18,0.83
2026-11-27T11:00:00Z,MTR,-1.75,50.4,993.8,5.68,11,331,0.25882,-0.96593,-0.55568,0.83139,-0.8,-3.75,1.21
2026-11-27T12:00:00Z,MTR,-0.8,52.6,996.0,8.14,12,331,0.0,-1.0,-0.55568,0.83139,-1.15,-3.22,0.86
2026-11-27T13:00:00Z,MTR,-1.15,53.0,995.1,6.07,13,331,-0.25882,-0.96593,-0.55568,0.83139,-1.99,-4.32,2.12
2026-11-27T14:00:00Z,MTR,-1.99,52.8,996.2,8.52,14,331,-0.5,-0.86603,-0.55568,0.83139,-1.81,-4.48,1.39
2026-11-27T15:00:00Z,MTR,-1.81,58.4,991.5,7.72,15,331,-0.70711,-0.70711,-0.55568,0.83139,-3.18,-5.01,1.15
2026-11-27T16:00:00Z,MTR,-3.18,54.2,995.4,11.12,16,331,-0.86603,-0.5,-0.55568,0.83139,-3.75,-6.38,1.99
2026-11-27T17:00:00Z,MTR,-3.75,43.7,997.4,3.96,17,331,-0.96593,-0.25882,-0.55568,0.83139,-3.22,-6.9,1.76
2026-11-27T18:00:00Z,MTR,-3.22,49.3,995.9,7.57,18,331,-1.0,-0.0,-0.55568,0.83139,-4.32,-6.73,1.39
2026-11-27T19:00:00Z,MTR,-4.32,58.6,991.5,7.26,19,331,-0.96593,0.25882,-0.55568,0.83139,-4.48,-5.98,1.3
2026-11-27T20:00:00Z,MTR,-4.48,59.4,991.2,6.98,20,331,-0.86603,0.5,-0.55568,0.83139,-5.01,-4.33,0.54
2026-11-27T21:00:00Z,MTR,-5.01,55.0,987.8,4.78,21,331,-0.70711,0.70711,-0.55568,0.83139,-6.38,-3.74,0.28
2026-11-27T22:00:00Z,MTR,-6.38,64.7,987.8,8.71,22,331,-0.5,0.86603,-0.55568,0.83139,-6.9,-3.03,0.72
2026-11-27T23:00:00Z,MTR,-6.9,56.9,987.7,6.65,23,331,-0.25882,0.96593,-0.55568,0.83139,-6.73,-1.82,5.95
2026-11-28T00:00:00Z,MTR,-6.73,64.2,985.1,8.84,0,332,0.0,1.0,-0.5413,0.84083,-5.98,-0.91,2.78
2026-11-28T01:00:00Z,MTR,-5.98,61.9,986.3,7.21,1,332,0.25882,0.96593,-0.5413,0.84083,-4.33,-0.87,2.24
2026-11-28T02:00:00Z,MTR,-4.33,55.9,986.7,7.32,2,332,0.5,0.86603,-0.5413,0.84083,-3.74,-0.79,3.37
2026-11-28T03:00:00Z,MTR,-3.74,58.2,987.4,6.55,3,332,0.70711,0.70711,-0.5413,0.84083,-3.03,0.11,3.97
2026-11-28T04:00:00Z,MTR,-3.03,50.6,986.2,6.96,4,332,0.86603,0.5,-0.5413,0.84083,-1.82,0.83,4.97
2026-11-28T05:00:00Z,MTR,-1.82,62.7,982.5,7.15,5,332,0.96593,0.25882,-0.5413,0.84083,-0.91,1.21,4.29
2026-11-28T06:00:00Z,MTR,-0.91,71.2,983.2,10.86,6,332,1.0,0.0,-0.5413,0.84083,-0.87,0.86,3.9
2026-11-28T07:00:00Z,MTR,-0.87,57.1,981.6,10.68,7,332,0.96593,-0.25882,-0.5413,0.84083,-0.79,2.12,4.28
2026-11-28T08:00:00Z,MTR,-0.79,66.7,977.9,13.27,8,332,0.86603,-0.5,-0.5413,0.84083,0.11,1.39,5.03
2026-11-28T09:00:00Z,MTR,0.11,66.5,979.4,10.58,9,332,0.70711,-0.70711,-0.5413,0.84083,0.83,1.15,4.84
2026-11-28T10:00:00Z,MTR,0.83,55.0,982.1,9.15,10,332,0.5,-0.86603,-0.5413,0.84083,1.21,1.99,4.64
2026-11-28T11:00:00Z,MTR,1.21,57.4,980.8,10.73,11,332,0.25882,-0.96593,-0.5413,0.84083,0.86,1.76,8.0
2026-11-28T12:00:00Z,MTR,0.86,75.2,983.5,11.41,12,332,0.0,-1.0,-0.5413,0.84083,2.12,1.39,8.0
2026-11-28T13:00:00Z,MTR,2.12,68.9,982.3,11.0,13,332,-0.25882,-0.96593,-0.5413,0.84083,1.39,1.3,3.06
2026-11-28T14:00:00Z,MTR,1.39,73.0,980.3,11.08,14,332,-0.5,-0.86603,-0.5413,0.84083,1.15,0.54,2.62
2026-11-28T15:00:00Z,MTR,1.15,72.7,978.0,13.15,15,332,-0.70711,-0.70711,-0.5413,0.84083,1.99,0.28,1.72
2026-11-28T16:00:00Z,MTR,1.99,71.3,979.9,11.2,16,332,-0.86603,-0.5,-0.5413,0.84083,1.76,0.72,2.92
2026-11-28T17:00:00Z,MTR,1.76,69.3,977.4,10.85,17,332,-0.96593,-0.25882,-0.5413,0.84083,1.39,5.95,3.33
2026-11-28T18:00:00Z,MTR,1.39,76.6,977.8,13.73,18,332,-1.0,-0.0,-0.5413,0.84083,1.3,2.78,3.42
2026-11-28T19:00:00Z,MTR,1.3,79.4,975.8,10.07,19,332,-0.96593,0.25882,-0.5413,0.84083,0.54,2.24,3.87
2026-11-28T20:00:00Z,MTR,0.54,70.5,974.2,10.27,20,332,-0.86603,0.5,-0.5413,0.84083,0.28,3.37,3.88
2026-11-28T21:00:00Z,MTR,0.28,72.2,975.4,12.66,21,332,-0.70711,0.70711,-0.5413,0.84083,0.72,3.97,5.18
2026-11-28T22:00:00Z,MTR,0.72,72.1,974.0,13.33,22,332,-0.5,0.86603,-0.5413,0.84083,5.95,4.97,4.18
2026-11-28T23:00:00Z,MTR,5.95,76.0,972.8,14.04,23,332,-0.25882,0.96593,-0.5413,0.84083,2.78,4.29,2.22
2026-11-29T00:00:00Z,MTR,2.78,78.0,974.4,12.37,0,333,0.0,1.0,-0.52675,0.85002,2.24,3.9,1.73
2026-11-29T01:00:00Z,MTR,2.24,71.7,976.9,14.9,1,333,0.25882,0.96593,-0.52675,0.85002,3.37,4.28,0.42
2026-11-29T02:00:00Z,MTR,3.37,61.3,977.6,8.95,2,333,0.5,0.86603,-0.52675,0.85002,3.97,5.03,-0.25
2026-11-29T03:00:00Z,MTR,3.97,77.6,976.1,12.74,3,333,0.70711,0.70711,-0.52675,0.85002,4.97,4.84,-0.32
2026-11-29T04:00:00Z,MTR,4.97,70.5,975.0,14.36,4,333,0.86603,0.5,-0.52675,0.85002,4.29,4.64,0.03
2026-11-29T05:00:00Z,MTR,4.29,76.6,975.1,15.58,5,333,0.96593,0.25882,-0.52675,0.85002,3.9,8.0,1.31
2026-11-29T06:00:00Z,MTR,3.9,76.4,975.7,15.26,6,333,1.0,0.0,-0.52675,0.85002,4.28,8.0,3.0
2026-11-29T07:00:00Z,MTR,4.28,72.1,974.1,10.95,7,333,0.96593,-0.25882,-0.52675,0.85002,5.03,3.06,3.55
2026-11-29T08:00:00Z,MTR,5.03,68.7,975.7,13.33,8,333,0.86603,-0.5,-0.52675,0.85002,4.84,2.62,2.92
2026-11-29T09:00:00Z,MTR,4.84,70.0,976.2,12.01,9,333,0.70711,-0.70711,-0.52675,0.85002,4.64,1.72,2.81
2026-11-29T10:00:00Z,MTR,4.64,83.5,973.5,13.29,10,333,0.5,-0.86603,-0.52675,0.85002,8.0,2.92,2.8
2026-11-29T11:00:00Z,MTR,8.0,72.5,972.5,15.93,11,333,0.25882,-0.96593,-0.52675,0.85002,8.0,3.33,2.62
2026-11-29T12:00:00Z,MTR,8.0,72.3,972.4,17.49,12,333,0.0,-1.0,-0.52675,0.85002,3.06,3.42,1.67
2026-11-29T13:00:00Z,MTR,3.06,76.9,973.2,13.94,13,333,-0.25882,-0.96593,-0.52675,0.85002,2.62,3.87,2.65
2026-11-29T14:00:00Z,MTR,2.62,68.7,977.6,7.99,14,333,-0.5,-0.86603,-0.52675,0.85002,1.72,3.88,1.36
2026-11-29T15:00:00Z,MTR,1.72,66.5,978.9,8.19,15,333,-0.70711,-0.70711,-0.52675,0.85002,2.92,5.18,0.83
2026-11-29T16:00:00Z,MTR,2.92,65.7,978.3,11.64,16,333,-0.86603,-0.5,-0.52675,0.85002,3.33,4.18,0.76
2026-11-29T17:00:00Z,MTR,3.33,69.1,979.7,13.25,17,333,-0.96593,-0.25882,-0.52675,0.85002,3.42,2.22,0.68
2026-11-29T18:00:00Z,MTR,3.42,66.9,980.1,9.56,18,333,-1.0,-0.0,-0.52675,0.85002,3.87,1.73,0.14
2026-11-29T19:00:00Z,MTR,3.87,72.9,981.8,10.19,19,333,-0.96593,0.25882,-0.52675,0.85002,3.88,0.42,0.16
2026-11-29T20:00:00Z,MTR,3.88,60.6,983.9,13.1,20,333,-0.86603,0.5,-0.52675,0.85002,5.18,-0.25,-0.82
2026-11-29T21:00:00Z,MTR,5.18,57.8,987.1,8.0,21,333,-0.70711,0.70711,-0.52675,0.85002,4.18,-0.32,-0.98
2026-11-29T22:00:00Z,MTR,4.18,67.0,988.0,12.0,22,333,-0.5,0.86603,-0.52675,0.85002,2.22,0.03,-1.96
2026-11-29T23:00:00Z,MTR,2.22,52.4,991.9,6.33,23,333,-0.25882,0.96593,-0.52675,0.85002,1.73,1.31,-2.49
2026-11-30T00:00:00Z,MTR,1.73,49.5,994.3,8.19,0,334,0.0,1.0,-0.51206,0.85895,0.42,3.0,-1.29
2026-11-30T01:00:00Z,MTR,0.42,55.5,993.8,6.73,1,334,0.25882,0.96593,-0.51206,0.85895,-0.25,3.55,-1.18
2026-11-30T02:00:00Z,MTR,-0.25,49.2,998.5,6.55,2,334,0.5,0.86603,-0.51206,0.85895,-0.32,2.92,-0.95
2026-11-30T03:00:00Z,MTR,-0.32,46.4,999.7,8.63,3,334,0.70711,0.70711,-0.51206,0.85895,0.03,2.81,-0.88
2026-11-30T04:00:00Z,MTR,0.03,48.5,998.7,5.79,4,334,0.86603,0.5,-0.51206,0.85895,1.31,2.8,-0.89
2026-11-30T05:00:00Z,MTR,1.31,47.1,1002.2,6.29,5,334,0.96593,0.25882,-0.51206,0.85895,3.0,2.62,-0.32
2026-11-30T06:00:00Z,MTR,3.0,39.7,1006.3,0.61,6,334,1.0,0.0,-0.51206,0.85895,3.55,1.67,1.9
2026-11-30T07:00:00Z,MTR,3.55,41.6,1006.4,0.5,7,334,0.96593,-0.25882,-0.51206,0.85895,2.92,2.65,1.25
2026-11-30T08:00:00Z,MTR,2.92,38.5,1005.7,0.2,8,334,0.86603,-0.5,-0.51206,0.85895,2.81,1.36,0.95
2026-11-30T09:00:00Z,MTR,2.81,34.5,1005.5,0.55,9,334,0.70711,-0.70711,-0.51206,0.85895,2.8,0.83,0.64
2026-11-30T10:00:00Z,MTR,2.8,42.5,1006.9,5.22,10,334,0.5,-0.86603,-0.51206,0.85895,2.62,0.76,-0.67
2026-11-30T11:00:00Z,MTR,2.62,35.0,1009.3,2.07,11,334,0.25882,-0.96593,-0.51206,0.85895,1.67,0.68,-0.4
2026-11-30T12:00:00Z,MTR,1.67,33.5,1010.2,0.57,12,334,0.0,-1.0,-0.51206,0.85895,2.65,0.14,-0.32
2026-11-30T13:00:00Z,MTR,2.65,39.0,1010.1,1.53,13,334,-0.25882,-0.96593,-0.51206,0.85895,1.36,0.16,-0.64
2026-11-30T14:00:00Z,MTR,1.36,41.2,1012.6,1.67,14,334,-0.5,-0.86603,-0.51206,0.85895,0.83,-0.82,-0.07
2026-11-30T15:00:00Z,MTR,0.83,25.7,1011.6,2.2,15,334,-0.70711,-0.70711,-0.51206,0.85895,0.76,-0.98,-0.45
2026-11-30T16:00:00Z,MTR,0.76,30.6,1013.0,0.61,16,334,-0.86603,-0.5,-0.51206,0.85895,0.68,-1.96,-0.66
2026-11-30T17:00:00Z,MTR,0.68,33.7,1011.9,3.3,17,334,-0.96593,-0.25882,-0.51206,0.85895,0.14,-2.49,-0.65
2026-11-30T18:00:00Z,MTR,0.14,33.5,1012.1,0.2,18,334,-1.0,-0.0,-0.51206,0.85895,0.16,-1.29,-1.07
2026-11-30T19:00:00Z,MTR,0.16,32.9,1011.2,0.2,19,334,-0.96593,0.25882,-0.51206,0.85895,-0.82,-1.18,0.09
2026-11-30T20:00:00Z,MTR,-0.82,35.1,1010.5,3.35,20,334,-0.86603,0.5,-0.51206,0.85895,-0.98,-0.95,-0.38
2026-11-30T21:00:00Z,MTR,-0.98,38.8,1009.1,3.38,21,334,-0.70711,0.70711,-0.51206,0.85895,-1.96,-0.88,0.01
2026-11-30T22:00:00Z,MTR,-1.96,33.7,1010.8,1.64,22,334,-0.5,0.86603,-0.51206,0.85895,-2.49,-0.89,-0.1
2026-11-30T23:00:00Z,MTR,-2.49,33.8,1008.7,0.53,23,334,-0.25882,0.96593,-0.51206,0.85895,-1.29,-0.32,-0.09
2026-12-01T00:00:00Z,MTR,-1.29,36.8,1006.5,3.9,0,335,0.0,1.0,-0.4972,0.86763,-1.18,1.9,0.89
2026-12-01T01:00:00Z,MTR,-1.18,42.1,1009.6,0.2,1,335,0.25882,0.96593,-0.4972,0.86763,-0.95,1.25,0.83
2026-12-01T02:00:00Z,MTR,-0.95,45.5,1010.4,3.4,2,335,0.5,0.86603,-0.4972,0.86763,-0.88,0.95,1.05
2026-12-01T03:00:00Z,MTR,-0.88,40.0,1005.1,5.86,3,335,0.70711,0.70711,-0.4972,0.86763,-0.89,0.64,1.57
2026-12-01T04:00:00Z,MTR,-0.89,40.9,1003.2,2.28,4,335,0.86603,0.5,-0.4972,0.86763,-0.32,-0.67,1.49
2026-12-01T05:00:00Z,MTR,-0.32,50.8,999.1,9.96,5,335,0.96593,0.25882,-0.4972,0.86763,1.9,-0.4,2.28
2026-12-01T06:00:00Z,MTR,1.9,49.9,996.8,3.57,6,335,1.0,0.0,-0.4972,0.86763,1.25,-0.32,3.81
2026-12-01T07:00:00Z,MTR,1.25,55.8,990.6,7.25,7,335,0.96593,-0.25882,-0.4972,0.86763,0.95,-0.64,3.48
2026-12-01T08:00:00Z,MTR,0.95,50.9,990.1,7.38,8,335,0.86603,-0.5,-0.4972,0.86763,0.64,-0.07,3.31
2026-12-01T09:00:00Z,MTR,0.64,55.7,987.7,8.38,9,335,0.70711,-0.70711,-0.4972,0.86763,-0.67,-0.45,2.8
2026-12-01T10:00:00Z,MTR,-0.67,64.2,987.7,11.47,10,335,0.5,-0.86603,-0.4972,0.86763,-0.4,-0.66,4.39
2026-12-01T11:00:00Z,MTR,-0.4,62.2,984.5,10.54,11,335,0.25882,-0.96593,-0.4972,0.86763,-0.32,-0.65,4.91
2026-12-01T12:00:00Z,MTR,-0.32,72.6,984.6,7.97,12,335,0.0,-1.0,-0.4972,0.86763,-0.64,-1.07,3.89
2026-12-01T13:00:00Z,MTR,-0.64,73.9,983.8,10.13,13,335,-0.25882,-0.96593,-0.4972,0.86763,-0.07,0.09,2.68
2026-12-01T14:00:00Z,MTR,-0.07,57.1,986.4,10.36,14,335,-0.5,-0.86603,-0.4972,0.86763,-0.45,-0.38,3.05
2026-12-01T15:00:00Z,MTR,-0.45,65.6,988.8,9.29,15,335,-0.70711,-0.70711,-0.4972,0.86763,-0.66,0.01,4.59
2026-12-01T16:00:00Z,MTR,-0.66,57.6,989.9,10.32,16,335,-0.86603,-0.5,-0.4972,0.86763,-0.65,-0.1,4.17
2026-12-01T17:00:00Z,MTR,-0.65,59.3,988.9,8.37,17,335,-0.96593,-0.25882,-0.4972,0.86763,-1.07,-0.09,2.67
2026-12-01T18:00:00Z,MTR,-1.07,58.9,992.2,8.7,18,335,-1.0,-0.0,-0.4972,0.86763,0.09,0.89,1.11
2026-12-01T19:00:00Z,MTR,0.09,63.4,988.9,7.9,19,335,-0.96593,0.25882,-0.4972,0.86763,-0.38,0.83,0.6
2026-12-01T20:00:00Z,MTR,-0.38,57.6,986.1,7.83,20,335,-0.86603,0.5,-0.4972,0.86763,0.01,1.05,-0.63
2026-12-01T21:00:00Z,MTR,0.01,72.2,985.9,6.93,21,335,-0.70711,0.70711,-0.4972,0.86763,-0.1,1.57,-0.89
2026-12-01T22:00:00Z,MTR,-0.1,59.9,989.8,11.03,22,335,-0.5,0.86603,-0.4972,0.86763,-0.09,1.49,-0.49
2026-12-01T23:00:00Z,MTR,-0.09,47.5,989.2,5.09,23,335,-0.25882,0.96593,-0.4972,0.86763,0.89,2.28,-0.23
2026-12-02T00:00:00Z,MTR,0.89,57.7,988.6,8.8,0,336,0.0,1.0,-0.48221,0.87606,0.83,3.81,0.45
2026-12-02T01:00:00Z,MTR,0.83,72.8,985.8,10.04,1,336,0.25882,0.96593,-0.48221,0.87606,1.05,3.48,0.84
2026-12-02T02:00:00Z,MTR,1.05,56.5,987.5,6.7,2,336,0.5,0.86603,-0.48221,0.87606,1.57,3.31,1.66
2026-12-02T03:00:00Z,MTR,1.57,70.3,989.1,9.92,3,336,0.70711,0.70711,-0.48221,0.87606,1.49,2.8,1.78
2026-12-02T04:00:00Z,MTR,1.49,56.7,990.4,5.0,4,336,0.86603,0.5,-0.48221,0.87606,2.28,4.39,2.22
2026-12-02T05:00:00Z,MTR,2.28,58.0,989.1,6.98,5,336,0.96593,0.25882,-0.48221,0.87606,3.81,4.91,3.58
2026-12-02T06:00:00Z,MTR,3.81,55.2,987.7,10.54,6,336,1.0,0.0,-0.48221,0.87606,3.48,3.89,4.51
2026-12-02T07:00:00Z,MTR,3.48,64.8,985.3,6.8,7,336,0.96593,-0.25882,-0.48221,0.87606,3.31,2.68,3.84
2026-12-02T08:00:00Z,MTR,3.31,61.1,985.5,10.96,8,336,0.86603,-0.5,-0.48221,0.87606,2.8,3.05,3.54
2026-12-02T09:00:00Z,MTR,2.8,64.9,983.7,12.18,9,336,0.70711,-0.70711,-0.48221,0.87606,4.39,4.59,2.94
2026-12-02T10:00:00Z,MTR,4.39,66.0,981.7,12.74,10,336,0.5,-0.86603,-0.48221,0.87606,4.91,4.17,2.95
2026-12-02T11:00:00Z,MTR,4.91,71.4,981.2,11.51,11,336,0.25882,-0.96593,-0.48221,0.87606,3.89,2.67,0.8
2026-12-02T12:00:00Z,MTR,3.89,66.1,980.6,9.28,12,336,0.0,-1.0,-0.48221,0.87606,2.68,1.11,1.3
2026-12-02T13:00:00Z,MTR,2.68,55.3,980.0,9.2,13,336,-0.25882,-0.96593,-0.48221,0.87606,3.05,0.6,0.67
2026-12-02T14:00:00Z,MTR,3.05,62.6,981.1,9.79,14,336,-0.5,-0.86603,-0.48221,0.87606,4.59,-0.63,-0.64
2026-12-02T15:00:00Z,MTR,4.59,58.3,981.5,4.54,15,336,-0.70711,-0.70711,-0.48221,0.87606,4.17,-0.89,1.0
2026-12-02T16:00:00Z,MTR,4.17,74.5,981.2,10.82,16,336,-0.86603,-0.5,-0.48221,0.87606,2.67,-0.49,0.31
2026-12-02T17:00:00Z,MTR,2.67,69.4,981.7,10.38,17,336,-0.96593,-0.25882,-0.48221,0.87606,1.11,-0.23,-1.13
2026-12-02T18:00:00Z,MTR,1.11,68.6,980.0,11.31,18,336,-1.0,-0.0,-0.48221,0.87606,0.6,0.45,-1.38
2026-12-02T19:00:00Z,MTR,0.6,66.8,980.4,10.56,19,336,-0.96593,0.25882,-0.48221,0.87606,-0.63,0.84,4.31
2026-12-02T20:00:00Z,MTR,-0.63,60.5,980.8,11.27,20,336,-0.86603,0.5,-0.48221,0.87606,-0.89,1.66,1.83
2026-12-02T21:00:00Z,MTR,-0.89,69.4,978.1,11.96,21,336,-0.70711,0.70711,-0.48221,0.87606,-0.49,1.78,4.15
2026-12-02T22:00:00Z,MTR,-0.49,72.2,980.0,8.24,22,336,-0.5,0.86603,-0.48221,0.87606,-0.23,2.22,3.66
2026-12-02T23:00:00Z,MTR,-0.23,74.4,978.4,12.26,23,336,-0.25882,0.96593,-0.48221,0.87606,0.45,3.58,4.56
2026-12-03T00:00:00Z,MTR,0.45,72.1,978.6,11.6,0,337,0.0,1.0,-0.46706,0.88422,0.84,4.51,4.66
2026-12-03T01:00:00Z,MTR,0.84,59.7,980.6,7.52,1,337,0.25882,0.96593,-0.46706,0.88422,1.66,3.84,5.21
2026-12-03T02:00:00Z,MTR,1.66,63.0,982.0,12.28,2,337,0.5,0.86603,-0.46706,0.88422,1.78,3.54,5.63
2026-12-03T03:00:00Z,MTR,1.78,68.1,981.7,9.99,3,337,0.70711,0.70711,-0.46706,0.88422,2.22,2.94,5.66
2026-12-03T04:00:00Z,MTR,2.22,62.2,980.7,12.21,4,337,0.86603,0.5,-0.46706,0.88422,3.58,2.95,8.0
2026-12-03T05:00:00Z,MTR,3.58,69.8,982.0,10.42,5,337,0.96593,0.25882,-0.46706,0.88422,4.51,0.8,8.0
2026-12-03T06:00:00Z,MTR,4.51,57.7,982.6,6.73,6,337,1.0,0.0,-0.46706,0.88422,3.84,1.3,6.14
2026-12-03T07:00:00Z,MTR,3.84,62.0,980.9,11.37,7,337,0.96593,-0.25882,-0.46706,0.88422,3.54,0.67,5.93
2026-12-03T08:00:00Z,MTR,3.54,63.3,978.8,12.55,8,337,0.86603,-0.5,-0.46706,0.88422,2.94,-0.64,2.08
2026-12-03T09:00:00Z,MTR,2.94,72.6,974.5,15.33,9,337,0.70711,-0.70711,-0.46706,0.88422,2.95,1.0,2.45
2026-12-03T10:00:00Z,MTR,2.95,67.4,974.4,14.87,10,337,0.5,-0.86603,-0.46706,0.88422,0.8,0.31,2.69
2026-12-03T11:00:00Z,MTR,0.8,73.5,973.8,15.63,11,337,0.25882,-0.96593,-0.46706,0.88422,1.3,-1.13,7.4
2026-12-03T12:00:00Z,MTR,1.3,69.3,975.4,14.18,12,337,0.0,-1.0,-0.46706,0.88422,0.67,-1.38,8.0
2026-12-03T13:00:00Z,MTR,0.67,69.7,975.4,11.71,13,337,-0.25882,-0.96593,-0.46706,0.88422,-0.64,4.31,7.72
2026-12-03T14:00:00Z,MTR,-0.64,74.5,977.2,11.17,14,337,-0.5,-0.86603,-0.46706,0.88422,1.0,1.83,8.0
2026-12-03T15:00:00Z,MTR,1.0,74.2,975.2,14.76,15,337,-0.70711,-0.70711,-0.46706,0.88422,0.31,4.15,8.0
2026-12-03T16:00:00Z,MTR,0.31,75.3,976.5,11.55,16,337,-0.86603,-0.5,-0.46706,0.88422,-1.13,3.66,8.0
2026-12-03T17:00:00Z,MTR,-1.13,85.5,974.8,13.96,17,337,-0.96593,-0.25882,-0.46706,0.88422,-1.38,4.56,8.0
2026-12-03T18:00:00Z,MTR,-1.38,65.9,975.5,16.09,18,337,-1.0,-0.0,-0.46706,0.88422,4.31,4.66,8.0
2026-12-03T19:00:00Z,MTR,4.31,73.9,972.1,12.57,19,337,-0.96593,0.25882,-0.46706,0.88422,1.83,5.21,6.99
2026-12-03T20:00:00Z,MTR,1.83,72.5,971.9,15.31,20,337,-0.86603,0.5,-0.46706,0.88422,4.15,5.63,4.59
2026-12-03T21:00:00Z,MTR,4.15,77.8,967.8,13.63,21,337,-0.70711,0.70711,-0.46706,0.88422,3.66,5.66,3.5
2026-12-03T22:00:00Z,MTR,3.66,84.9,967.0,16.69,22,337,-0.5,0.86603,-0.46706,0.88422,4.56,8.0,4.5
2026-12-03T23:00:00Z,MTR,4.56,92.0,967.5,18.57,23,337,-0.25882,0.96593,-0.46706,0.88422,4.66,8.0,4.96
2026-12-04T00:00:00Z,MTR,4.66,87.5,966.2,18.43,0,338,0.0,1.0,-0.45179,0.89213,5.21,6.14,6.62
2026-12-04T01:00:00Z,MTR,5.21,88.0,964.2,15.68,1,338,0.25882,0.96593,-0.45179,0.89213,5.63,5.93,7.1
2026-12-04T02:00:00Z,MTR,5.63,90.3,965.6,19.1,2,338,0.5,0.86603,-0.45179,0.89213,5.66,2.08,6.31
2026-12-04T03:00:00Z,MTR,5.66,91.7,965.4,15.59,3,338,0.70711,0.70711,-0.45179,0.89213,8.0,2.45,6.14
2026-12-04T04:00:00Z,MTR,8.0,95.7,964.5,20.91,4,338,0.86603,0.5,-0.45179,0.89213,8.0,2.69,6.51
2026-12-04T05:00:00Z,MTR,8.0,87.6,964.7,16.33,5,338,0.96593,0.25882,-0.45179,0.89213,6.14,7.4,1.44
2026-12-04T06:00:00Z,MTR,6.14,75.3,969.6,15.95,6,338,1.0,0.0,-0.45179,0.89213,5.93,8.0,0.73
2026-12-04T07:00:00Z,MTR,5.93,76.1,971.7,15.19,7,338,0.96593,-0.25882,-0.45179,0.89213,2.08,7.72,0.59
2026-12-04T08:00:00Z,MTR,2.08,64.3,973.8,11.05,8,338,0.86603,-0.5,-0.45179,0.89213,2.45,8.0,0.69
2026-12-04T09:00:00Z,MTR,2.45,79.0,974.6,15.74,9,338,0.70711,-0.70711,-0.45179,0.89213,2.69,8.0,1.59
2026-12-04T10:00:00Z,MTR,2.69,69.9,974.9,13.31,10,338,0.5,-0.86603,-0.45179,0.89213,7.4,8.0,2.53
2026-12-04T11:00:00Z,MTR,7.4,74.7,970.7,13.16,11,338,0.25882,-0.96593,-0.45179,0.89213,8.0,8.0,3.13
2026-12-04T12:00:00Z,MTR,8.0,80.8,969.9,13.04,12,338,0.0,-1.0,-0.45179,0.89213,7.72,8.0,1.54
2026-12-04T13:00:00Z,MTR,7.72,69.7,969.6,13.44,13,338,-0.25882,-0.96593,-0.45179,0.89213,8.0,6.99,1.63
2026-12-04T14:00:00Z,MTR,8.0,87.9,966.9,15.39,14,338,-0.5,-0.86603,-0.45179,0.89213,8.0,4.59,1.65
2026-12-04T15:00:00Z,MTR,8.0,86.2,965.7,13.79,15,338,-0.70711,-0.70711,-0.45179,0.89213,8.0,3.5,1.85
2026-12-04T16:00:00Z,MTR,8.0,84.1,963.3,15.12,16,338,-0.86603,-0.5,-0.45179,0.89213,8.0,4.5,0.54
2026-12-04T17:00:00Z,MTR,8.0,84.1,964.5,12.88,17,338,-0.96593,-0.25882,-0.45179,0.89213,8.0,4.96,0.07
2026-12-04T18:00:00Z,MTR,8.0,78.4,967.3,13.77,18,338,-1.0,-0.0,-0.45179,0.89213,6.99,6.62,-0.41
2026-12-04T19:00:00Z,MTR,6.99,92.5,970.7,17.01,19,338,-0.96593,0.25882,-0.45179,0.89213,4.59,7.1,0.14
2026-12-04T20:00:00Z,MTR,4.59,72.5,972.7,16.01,20,338,-0.86603,0.5,-0.45179,0.89213,3.5,6.31,0.03
2026-12-04T21:00:00Z,MTR,3.5,78.7,972.2,14.3,21,338,-0.70711,0.70711,-0.45179,0.89213,4.5,6.14,-0.57
2026-12-04T22:00:00Z,MTR,4.5,79.2,970.1,18.67,22,338,-0.5,0.86603,-0.45179,0.89213,4.96,6.51,-1.92
2026-12-04T23:00:00Z,MTR,4.96,82.0,968.5,17.42,23,338,-0.25882,0.96593,-0.45179,0.89213,6.62,1.44,-2.76
2026-12-05T00:00:00Z,MTR,6.62,84.4,968.0,16.04,0,339,0.0,1.0,-0.43637,0.89977,7.1,0.73,-1.82
2026-12-05T01:00:00Z,MTR,7.1,84.4,968.3,16.17,1,339,0.25882,0.96593,-0.43637,0.89977,6.31,0.59,-3.12
2026-12-05T02:00:00Z,MTR,6.31,77.8,969.9,14.72,2,339,0.5,0.86603,-0.43637,0.89977,6.14,0.69,-4.06
2026-12-05T03:00:00Z,MTR,6.14,72.8,970.0,11.99,3,339,0.70711,0.70711,-0.43637,0.89977,6.51,1.59,-2.82
2026-12-05T04:00:00Z,MTR,6.51,72.7,972.5,13.12,4,339,0.86603,0.5,-0.43637,0.89977,1.44,2.53,-1.67
2026-12-05T05:00:00Z,MTR,1.44,71.1,974.0,7.98,5,339,0.96593,0.25882,-0.43637,0.89977,0.73,3.13,-2.05
2026-12-05T06:00:00Z,MTR,0.73,69.2,975.9,10.35,6,339,1.0,0.0,-0.43637,0.89977,0.59,1.54,-1.57
2026-12-05T07:00:00Z,MTR,0.59,64.3,979.7,14.03,7,339,0.96593,-0.25882,-0.43637,0.89977,0.69,1.63,0.19
2026-12-05T08:00:00Z,MTR,0.69,71.5,979.3,11.57,8,339,0.86603,-0.5,-0.43637,0.89977,1.59,1.65,0.76
2026-12-05T09:00:00Z,MTR,1.59,59.1,981.7,8.47,9,339,0.70711,-0.70711,-0.43637,0.89977,2.53,1.85,1.48
2026-12-05T10:00:00Z,MTR,2.53,64.8,983.3,11.13,10,339,0.5,-0.86603,-0.43637,0.89977,3.13,0.54,2.95
2026-12-05T11:00:00Z,MTR,3.13,56.0,984.2,10.98,11,339,0.25882,-0.96593,-0.43637,0.89977,1.54,0.07,4.5
2026-12-05T12:00:00Z,MTR,1.54,66.8,987.2,11.84,12,339,0.0,-1.0,-0.43637,0.89977,1.63,-0.41,4.52
2026-12-05T13:00:00Z,MTR,1.63,55.2,990.1,11.35,13,339,-0.25882,-0.96593,-0.43637,0.89977,1.65,0.14,5.5
2026-12-05T14:00:00Z,MTR,1.65,54.7,989.5,9.55,14,339,-0.5,-0.86603,-0.43637,0.89977,1.85,0.03,5.93
2026-12-05T15:00:00Z,MTR,1.85,51.6,990.4,4.69,15,339,-0.70711,-0.70711,-0.43637,0.89977,0.54,-0.57,5.22
2026-12-05T16:00:00Z,MTR,0.54,65.1,991.9,11.75,16,339,-0.86603,-0.5,-0.43637,0.89977,0.07,-1.92,5.13
2026-12-05T17:00:00Z,MTR,0.07,62.2,992.4,9.75,17,339,-0.96593,-0.25882,-0.43637,0.89977,-0.41,-2.76,3.37
2026-12-05T18:00:00Z,MTR,-0.41,53.4,994.3,8.1,18,339,-1.0,-0.0,-0.43637,0.89977,0.14,-1.82,3.47
2026-12-05T19:00:00Z,MTR,0.14,48.7,995.5,5.95,19,339,-0.96593,0.25882,-0.43637,0.89977,0.03,-3.12,2.72
2026-12-05T20:00:00Z,MTR,0.03,56.4,999.4,1.58,20,339,-0.86603,0.5,-0.43637,0.89977,-0.57,-4.06,1.84
2026-12-05T21:00:00Z,MTR,-0.57,51.8,997.0,4.37,21,339,-0.70711,0.70711,-0.43637,0.89977,-1.92,-2.82,2.42
2026-12-05T22:00:00Z,MTR,-1.92,48.1,997.2,5.32,22,339,-0.5,0.86603,-0.43637,0.89977,-2.76,-1.67,1.5
2026-12-05T23:00:00Z,MTR,-2.76,47.8,995.9,5.06,23,339,-0.25882,0.96593,-0.43637,0.89977,-1.82,-2.05,1.76
2026-12-06T00:00:00Z,MTR,-1.82,54.1,997.3,7.59,0,340,0.0,1.0,-0.42083,0.90714,-3.12,-1.57,2.69
2026-12-06T01:00:00Z,MTR,-3.12,51.2,994.6,6.16,1,340,0.25882,0.96593,-0.42083,0.90714,-4.06,0.19,2.45
2026-12-06T02:00:00Z,MTR,-4.06,44.3,995.4,4.48,2,340,0.5,0.86603,-0.42083,0.90714,-2.82,0.76,2.79
2026-12-06T03:00:00Z,MTR,-2.82,53.7,994.4,7.38,3,340,0.70711,0.70711,-0.42083,0.90714,-1.67,1.48,2.48
2026-12-06T04:00:00Z,MTR,-1.67,54.6,993.1,5.14,4,340,0.86603,0.5,-0.42083,0.90714,-2.05,2.95,2.14
2026-12-06T05:00:00Z,MTR,-2.05,56.0,990.6,4.39,5,340,0.96593,0.25882,-0.42083,0.90714,-1.57,4.5,2.39
2026-12-06T06:00:00Z,MTR,-1.57,60.4,989.8,8.92,6,340,1.0,0.0,-0.42083,0.90714,0.19,4.52,5.19
2026-12-06T07:00:00Z,MTR,0.19,53.7,991.8,7.08,7,340,0.96593,-0.25882,-0.42083,0.90714,0.76,5.5,6.81
2026-12-06T08:00:00Z,MTR,0.76,55.7,991.6,7.6,8,340,0.86603,-0.5,-0.42083,0.90714,1.48,5.93,6.57
2026-12-06T09:00:00Z,MTR,1.48,55.3,992.6,9.73,9,340,0.70711,-0.70711,-0.42083,0.90714,2.95,5.22,6.59
2026-12-06T10:00:00Z,MTR,2.95,45.0,995.3,6.58,10,340,0.5,-0.86603,-0.42083,0.90714,4.5,5.13,6.33
2026-12-06T11:00:00Z,MTR,4.5,55.5,995.2,7.23,11,340,0.25882,-0.96593,-0.42083,0.90714,4.52,3.37,5.35
2026-12-06T12:00:00Z,MTR,4.52,56.1,993.6,6.65,12,340,0.0,-1.0,-0.42083,0.90714,5.5,3.47,4.75
2026-12-06T13:00:00Z,MTR,5.5,58.5,993.9,8.15,13,340,-0.25882,-0.96593,-0.42083,0.90714,5.93,2.72,4.3
2026-12-06T14:00:00Z,MTR,5.93,48.5,992.3,2.8,14,340,-0.5,-0.86603,-0.42083,0.90714,5.22,1.84,2.28
2026-12-06T15:00:00Z,MTR,5.22,53.9,990.8,6.02,15,340,-0.70711,-0.70711,-0.42083,0.90714,5.13,2.42,1.94
2026-12-06T16:00:00Z,MTR,5.13,65.4,987.5,7.9,16,340,-0.86603,-0.5,-0.42083,0.90714,3.37,1.5,2.32
2026-12-06T17:00:00Z,MTR,3.37,55.6,988.7,7.3,17,340,-0.96593,-0.25882,-0.42083,0.90714,3.47,1.76,3.54
2026-12-06T18:00:00Z,MTR,3.47,68.6,987.5,7.09,18,340,-1.0,-0.0,-0.42083,0.90714,2.72,2.69,3.6
2026-12-06T19:00:00Z,MTR,2.72,52.5,987.3,8.58,19,340,-0.96593,0.25882,-0.42083,0.90714,1.84,2.45,2.59
2026-12-06T20:00:00Z,MTR,1.84,60.1,984.9,9.27,20,340,-0.86603,0.5,-0.42083,0.90714,2.42,2.79,1.59
2026-12-06T21:00:00Z,MTR,2.42,60.2,985.2,9.26,21,340,-0.70711,0.70711,-0.42083,0.90714,1.5,2.48,1.38
2026-12-06T22:00:00Z,MTR,1.5,68.5,983.4,10.43,22,340,-0.5,0.86603,-0.42083,0.90714,1.76,2.14,1.34
2026-12-06T23:00:00Z,MTR,1.76,73.9,982.8,11.24,23,340,-0.25882,0.96593,-0.42083,0.90714,2.69,2.39,1.27
2026-12-07T00:00:00Z,MTR,2.69,65.0,984.0,8.28,0,341,0.0,1.0,-0.40516,0.91424,2.45,5.19,2.43
2026-12-07T01:00:00Z,MTR,2.45,49.4,985.0,8.46,1,341,0.25882,0.96593,-0.40516,0.91424,2.79,6.81,2.89
2026-12-07T02:00:00Z,MTR,2.79,63.6,984.5,11.51,2,341,0.5,0.86603,-0.40516,0.91424,2.48,6.57,3.45
2026-12-07T03:00:00Z,MTR,2.48,67.4,980.9,8.99,3,341,0.70711,0.70711,-0.40516,0.91424,2.14,6.59,3.96
2026-12-07T04:00:00Z,MTR,2.14,63.2,986.0,7.54,4,341,0.86603,0.5,-0.40516,0.91424,2.39,6.33,3.73
2026-12-07T05:00:00Z,MTR,2.39,57.9,988.7,6.72,5,341,0.96593,0.25882,-0.40516,0.91424,5.19,5.35,2.85
2026-12-07T06:00:00Z,MTR,5.19,64.4,989.4,7.63,6,341,1.0,0.0,-0.40516,0.91424,6.81,4.75,3.18
2026-12-07T07:00:00Z,MTR,6.81,56.3,987.4,10.68,7,341,0.96593,-0.25882,-0.40516,0.91424,6.57,4.3,3.1
2026-12-07T08:00:00Z,MTR,6.57,56.1,986.7,9.97,8,341,0.86603,-0.5,-0.40516,0.91424,6.59,2.28,3.98
2026-12-07T09:00:00Z,MTR,6.59,58.9,985.3,7.64,9,341,0.70711,-0.70711,-0.40516,0.91424,6.33,1.94,3.84
2026-12-07T10:00:00Z,MTR,6.33,74.5,987.3,12.37,10,341,0.5,-0.86603,-0.40516,0.91424,5.35,2.32,4.96
2026-12-07T11:00:00Z,MTR,5.35,59.0,987.3,7.33,11,341,0.25882,-0.96593,-0.40516,0.91424,4.75,3.54,5.54
2026-12-07T12:00:00Z,MTR,4.75,67.0,985.5,6.08,12,341,0.0,-1.0,-0.40516,0.91424,4.3,3.6,6.76
2026-12-07T13:00:00Z,MTR,4.3,70.3,984.4,13.35,13,341,-0.25882,-0.96593,-0.40516,0.91424,2.28,2.59,8.0
2026-12-07T14:00:00Z,MTR,2.28,52.4,986.2,7.42,14,341,-0.5,-0.86603,-0.40516,0.91424,1.94,1.59,8.0
2026-12-07T15:00:00Z,MTR,1.94,58.3,988.8,8.01,15,341,-0.70711,-0.70711,-0.40516,0.91424,2.32,1.38,8.0
2026-12-07T16:00:00Z,MTR,2.32,61.6,991.2,7.17,16,341,-0.86603,-0.5,-0.40516,0.91424,3.54,1.34,8.0
2026-12-07T17:00:00Z,MTR,3.54,69.7,992.1,8.31,17,341,-0.96593,-0.25882,-0.40516,0.91424,3.6,1.27,8.0
2026-12-07T18:00:00Z,MTR,3.6,60.4,991.1,3.8,18,341,-1.0,-0.0,-0.40516,0.91424,2.59,2.43,8.0
2026-12-07T19:00:00Z,MTR,2.59,61.2,984.8,8.97,19,341,-0.96593,0.25882,-0.40516,0.91424,1.59,2.89,8.0
2026-12-07T20:00:00Z,MTR,1.59,69.7,985.2,8.7,20,341,-0.86603,0.5,-0.40516,0.91424,1.38,3.45,8.0
2026-12-07T21:00:00Z,MTR,1.38,61.5,985.0,12.32,21,341,-0.70711,0.70711,-0.40516,0.91424,1.34,3.96,8.0
2026-12-07T22:00:00Z,MTR,1.34,56.7,985.1,8.37,22,341,-0.5,0.86603,-0.40516,0.91424,1.27,3.73,8.0
2026-12-07T23:00:00Z,MTR,1.27,66.1,985.1,8.84,23,341,-0.25882,0.96593,-0.40516,0.91424,2.43,2.85,6.97
2026-12-08T00:00:00Z,MTR,2.43,58.8,982.5,11.85,0,342,0.0,1.0,-0.38938,0.92108,2.89,3.18,7.1
2026-12-08T01:00:00Z,MTR,2.89,61.9,983.5,11.04,1,342,0.25882,0.96593,-0.38938,0.92108,3.45,3.1,6.66
2026-12-08T02:00:00Z,MTR,3.45,70.4,984.5,8.23,2,342,0.5,0.86603,-0.38938,0.92108,3.96,3.98,7.32
2026-12-08T03:00:00Z,MTR,3.96,66.1,985.5,10.18,3,342,0.70711,0.70711,-0.38938,0.92108,3.73,3.84,8.0
2026-12-08T04:00:00Z,MTR,3.73,55.9,987.0,7.37,4,342,0.86603,0.5,-0.38938,0.92108,2.85,4.96,8.0
2026-12-08T05:00:00Z,MTR,2.85,61.1,987.7,10.21,5,342,0.96593,0.25882,-0.38938,0.92108,3.18,5.54,8.0
2026-12-08T06:00:00Z,MTR,3.18,60.6,986.5,8.68,6,342,1.0,0.0,-0.38938,0.92108,3.1,6.76,8.0
2026-12-08T07:00:00Z,MTR,3.1,65.6,986.0,6.66,7,342,0.96593,-0.25882,-0.38938,0.92108,3.98,8.0,8.0
2026-12-08T08:00:00Z,MTR,3.98,62.7,985.7,4.98,8,342,0.86603,-0.5,-0.38938,0.92108,3.84,8.0,8.0
2026-12-08T09:00:00Z,MTR,3.84,62.9,985.5,8.59,9,342,0.70711,-0.70711,-0.38938,0.92108,4.96,8.0,8.0
2026-12-08T10:00:00Z,MTR,4.96,60.2,986.8,7.34,10,342,0.5,-0.86603,-0.38938,0.92108,5.54,8.0,8.0
2026-12-08T11:00:00Z,MTR,5.54,54.6,987.4,8.24,11,342,0.25882,-0.96593,-0.38938,0.92108,6.76,8.0,8.0
2026-12-08T12:00:00Z,MTR,6.76,63.7,990.4,7.59,12,342,0.0,-1.0,-0.38938,0.92108,8.0,8.0,8.0
2026-12-08T13:00:00Z,MTR,8.0,61.6,993.6,26.71,13,342,-0.25882,-0.96593,-0.38938,0.92108,8.0,8.0,8.0
2026-12-08T14:00:00Z,MTR,8.0,59.5,992.6,29.38,14,342,-0.5,-0.86603,-0.38938,0.92108,8.0,8.0,8.0
2026-12-08T15:00:00Z,MTR,8.0,69.0,984.7,33.24,15,342,-0.70711,-0.70711,-0.38938,0.92108,8.0,8.0,8.0
2026-12-08T16:00:00Z,MTR,8.0,68.2,986.2,33.19,16,342,-0.86603,-0.5,-0.38938,0.92108,8.0,8.0,8.0
2026-12-08T17:00:00Z,MTR,8.0,67.0,984.4,35.18,17,342,-0.96593,-0.25882,-0.38938,0.92108,8.0,6.97,8.0
2026-12-08T18:00:00Z,MTR,8.0,70.8,982.2,36.26,18,342,-1.0,-0.0,-0.38938,0.92108,8.0,7.1,8.0
2026-12-08T19:00:00Z,MTR,8.0,79.4,980.8,34.31,19,342,-0.96593,0.25882,-0.38938,0.92108,8.0,6.66,8.0
2026-12-08T20:00:00Z,MTR,8.0,68.3,979.3,34.98,20,342,-0.86603,0.5,-0.38938,0.92108,8.0,7.32,8.0
2026-12-08T21:00:00Z,MTR,8.0,84.7,979.8,34.15,21,342,-0.70711,0.70711,-0.38938,0.92108,8.0,8.0,8.0
2026-12-08T22:00:00Z,MTR,8.0,79.9,976.4,37.58,22,342,-0.5,0.86603,-0.38938,0.92108,6.97,8.0,8.0
2026-12-08T23:00:00Z,MTR,6.97,78.0,973.9,36.31,23,342,-0.25882,0.96593,-0.38938,0.92108,7.1,8.0,8.0
2026-12-09T00:00:00Z,MTR,7.1,79.6,974.2,35.07,0,343,0.0,1.0,-0.37348,0.92764,6.66,8.0,8.0
2026-12-09T01:00:00Z,MTR,6.66,82.3,974.9,33.45,1,343,0.25882,0.96593,-0.37348,0.92764,7.32,8.0,8.0
2026-12-09T02:00:00Z,MTR,7.32,77.4,975.6,34.64,2,343,0.5,0.86603,-0.37348,0.92764,8.0,8.0,8.0
2026-12-09T03:00:00Z,MTR,8.0,85.6,973.7,36.64,3,343,0.70711,0.70711,-0.37348,0.92764,8.0,8.0,8.0
2026-12-09T04:00:00Z,MTR,8.0,80.1,971.5,39.84,4,343,0.86603,0.5,-0.37348,0.92764,8.0,8.0,5.79
2026-12-09T05:00:00Z,MTR,8.0,82.2,970.3,38.37,5,343,0.96593,0.25882,-0.37348,0.92764,8.0,8.0,6.45
2026-12-09T06:00:00Z,MTR,8.0,87.1,970.6,38.42,6,343,1.0,0.0,-0.37348,0.92764,8.0,8.0,6.01
2026-12-09T07:00:00Z,MTR,8.0,80.0,973.1,37.36,7,343,0.96593,-0.25882,-0.37348,0.92764,8.0,8.0,6.8
2026-12-09T08:00:00Z,MTR,8.0,98.0,969.2,41.22,8,343,0.86603,-0.5,-0.37348,0.92764,8.0,8.0,7.55
2026-12-09T09:00:00Z,MTR,8.0,92.3,968.8,39.81,9,343,0.70711,-0.70711,-0.37348,0.92764,8.0,8.0,7.81
2026-12-09T10:00:00Z,MTR,8.0,93.0,966.5,39.54,10,343,0.5,-0.86603,-0.37348,0.92764,8.0,8.0,8.0
2026-12-09T11:00:00Z,MTR,8.0,93.6,963.7,39.29,11,343,0.25882,-0.96593,-0.37348,0.92764,8.0,8.0,8.0
2026-12-09T12:00:00Z,MTR,8.0,88.5,965.9,37.24,12,343,0.0,-1.0,-0.37348,0.92764,8.0,8.0,8.0
2026-12-09T13:00:00Z,MTR,8.0,89.2,967.3,42.6,13,343,-0.25882,-0.96593,-0.37348,0.92764,8.0,8.0,8.0
2026-12-09T14:00:00Z,MTR,8.0,84.5,968.5,40.5,14,343,-0.5,-0.86603,-0.37348,0.92764,8.0,8.0,7.73
2026-12-09T15:00:00Z,MTR,8.0,86.8,970.6,37.82,15,343,-0.70711,-0.70711,-0.37348,0.92764,8.0,8.0,7.19
2026-12-09T16:00:00Z,MTR,8.0,81.3,970.1,41.94,16,343,-0.86603,-0.5,-0.37348,0.92764,8.0,8.0,6.31
2026-12-09T17:00:00Z,MTR,8.0,94.0,969.8,38.43,17,343,-0.96593,-0.25882,-0.37348,0.92764,8.0,8.0,4.84
2026-12-09T18:00:00Z,MTR,8.0,81.5,974.4,35.29,18,343,-1.0,-0.0,-0.37348,0.92764,8.0,8.0,5.18
2026-12-09T19:00:00Z,MTR,8.0,89.2,974.4,39.36,19,343,-0.96593,0.25882,-0.37348,0.92764,8.0,8.0,4.2
2026-12-09T20:00:00Z,MTR,8.0,83.2,976.3,33.72,20,343,-0.86603,0.5,-0.37348,0.92764,8.0,8.0,4.81
2026-12-09T21:00:00Z,MTR,8.0,78.3,976.9,35.28,21,343,-0.70711,0.70711,-0.37348,0.92764,8.0,8.0,3.29
2026-12-09T22:00:00Z,MTR,8.0,83.3,974.3,34.57,22,343,-0.5,0.86603,-0.37348,0.92764,8.0,5.79,3.73
2026-12-09T23:00:00Z,MTR,8.0,82.3,971.5,36.3,23,343,-0.25882,0.96593,-0.37348,0.92764,8.0,6.45,4.27
2026-12-10T00:00:00Z,MTR,8.0,84.4,971.6,38.27,0,344,0.0,1.0,-0.35746,0.93393,8.0,6.01,4.58
2026-12-10T01:00:00Z,MTR,8.0,77.7,974.7,37.5,1,344,0.25882,0.96593,-0.35746,0.93393,8.0,6.8,4.43
2026-12-10T02:00:00Z,MTR,8.0,86.2,977.3,33.76,2,344,0.5,0.86603,-0.35746,0.93393,8.0,7.55,4.57
2026-12-10T03:00:00Z,MTR,8.0,77.5,980.1,38.65,3,344,0.70711,0.70711,-0.35746,0.93393,5.79,7.81,4.8
2026-12-10T04:00:00Z,MTR,5.79,72.0,979.4,7.2,4,344,0.86603,0.5,-0.35746,0.93393,6.45,8.0,5.42
2026-12-10T05:00:00Z,MTR,6.45,62.4,983.5,10.26,5,344,0.96593,0.25882,-0.35746,0.93393,6.01,8.0,5.57
2026-12-10T06:00:00Z,MTR,6.01,73.2,982.8,10.53,6,344,1.0,0.0,-0.35746,0.93393,6.8,8.0,5.84
2026-12-10T07:00:00Z,MTR,6.8,60.0,984.4,10.22,7,344,0.96593,-0.25882,-0.35746,0.93393,7.55,8.0,6.38
2026-12-10T08:00:00Z,MTR,7.55,62.1,985.6,11.06,8,344,0.86603,-0.5,-0.35746,0.93393,7.81,7.73,6.63
2026-12-10T09:00:00Z,MTR,7.81,57.0,986.5,2.9,9,344,0.70711,-0.70711,-0.35746,0.93393,8.0,7.19,6.14
2026-12-10T10:00:00Z,MTR,8.0,58.1,990.1,6.24,10,344,0.5,-0.86603,-0.35746,0.93393,8.0,6.31,5.69
2026-12-10T11:00:00Z,MTR,8.0,54.0,990.0,8.15,11,344,0.25882,-0.96593,-0.35746,0.93393,8.0,4.84,5.72
2026-12-10T12:00:00Z,MTR,8.0,62.8,988.7,11.68,12,344,0.0,-1.0,-0.35746,0.93393,8.0,5.18,4.42
2026-12-10T13:00:00Z,MTR,8.0,58.4,990.0,6.69,13,344,-0.25882,-0.96593,-0.35746,0.93393,7.73,4.2,4.29
2026-12-10T14:00:00Z,MTR,7.73,55.9,990.4,7.3,14,344,-0.5,-0.86603,-0.35746,0.93393,7.19,4.81,4.32
2026-12-10T15:00:00Z,MTR,7.19,43.9,997.7,6.7,15,344,-0.70711,-0.70711,-0.35746,0.93393,6.31,3.29,4.06
2026-12-10T16:00:00Z,MTR,6.31,45.4,999.8,2.14,16,344,-0.86603,-0.5,-0.35746,0.93393,4.84,3.73,4.17
2026-12-10T17:00:00Z,MTR,4.84,46.0,999.8,4.6,17,344,-0.96593,-0.25882,-0.35746,0.93393,5.18,4.27,4.03
2026-12-10T18:00:00Z,MTR,5.18,52.2,998.7,4.72,18,344,-1.0,-0.0,-0.35746,0.93393,4.2,4.58,4.36
2026-12-10T19:00:00Z,MTR,4.2,48.8,996.1,4.58,19,344,-0.96593,0.25882,-0.35746,0.93393,4.81,4.43,4.15
2026-12-10T20:00:00Z,MTR,4.81,47.1,995.2,7.11,20,344,-0.86603,0.5,-0.35746,0.93393,3.29,4.57,5.31
2026-12-10T21:00:00Z,MTR,3.29,42.8,996.3,10.04,21,344,-0.70711,0.70711,-0.35746,0.93393,3.73,4.8,5.01
2026-12-10T22:00:00Z,MTR,3.73,52.5,999.7,4.94,22,344,-0.5,0.86603,-0.35746,0.93393,4.27,5.42,5.34
2026-12-10T23:00:00Z,MTR,4.27,41.8,1002.4,0.2,23,344,-0.25882,0.96593,-0.35746,0.93393,4.58,5.57,5.02
2026-12-11T00:00:00Z,MTR,4.58,44.0,1003.2,1.69,0,345,0.0,1.0,-0.34135,0.93994,4.43,5.84,5.14
2026-12-11T01:00:00Z,MTR,4.43,41.4,1003.0,6.48,1,345,0.25882,0.96593,-0.34135,0.93994,4.57,6.38,4.45
2026-12-11T02:00:00Z,MTR,4.57,39.1,1003.7,2.78,2,345,0.5,0.86603,-0.34135,0.93994,4.8,6.63,4.53
2026-12-11T03:00:00Z,MTR,4.8,41.9,1003.0,1.17,3,345,0.70711,0.70711,-0.34135,0.93994,5.42,6.14,4.14
2026-12-11T04:00:00Z,MTR,5.42,35.8,1006.2,3.95,4,345,0.86603,0.5,-0.34135,0.93994,5.57,5.69,5.32
2026-12-11T05:00:00Z,MTR,5.57,37.8,1005.7,1.31,5,345,0.96593,0.25882,-0.34135,0.93994,5.84,5.72,5.75
2026-12-11T06:00:00Z,MTR,5.84,44.0,1005.4,2.77,6,345,1.0,0.0,-0.34135,0.93994,6.38,4.42,6.48
2026-12-11T07:00:00Z,MTR,6.38,47.9,1001.2,1.85,7,345,0.96593,-0.25882,-0.34135,0.93994,6.63,4.29,5.43
2026-12-11T08:00:00Z,MTR,6.63,42.8,1000.7,3.43,8,345,0.86603,-0.5,-0.34135,0.93994,6.14,4.32,4.58
2026-12-11T09:00:00Z,MTR,6.14,43.0,1002.0,3.77,9,345,0.70711,-0.70711,-0.34135,0.93994,5.69,4.06,4.58
2026-12-11T10:00:00Z,MTR,5.69,37.0,999.7,4.39,10,345,0.5,-0.86603,-0.34135,0.93994,5.72,4.17,3.76
2026-12-11T11:00:00Z,MTR,5.72,40.4,998.0,5.91,11,345,0.25882,-0.96593,-0.34135,0.93994,4.42,4.03,1.85
2026-12-11T12:00:00Z,MTR,4.42,44.9,999.1,5.2,12,345,0.0,-1.0,-0.34135,0.93994,4.29,4.36,2.69
2026-12-11T13:00:00Z,MTR,4.29,50.4,996.0,3.81,13,345,-0.25882,-0.96593,-0.34135,0.93994,4.32,4.15,3.03
2026-12-11T14:00:00Z,MTR,4.32,43.8,997.4,8.73,14,345,-0.5,-0.86603,-0.34135,0.93994,4.06,5.31,2.41
2026-12-11T15:00:00Z,MTR,4.06,54.3,995.9,5.57,15,345,-0.70711,-0.70711,-0.34135,0.93994,4.17,5.01,2.45
2026-12-11T16:00:00Z,MTR,4.17,55.8,994.5,3.62,16,345,-0.86603,-0.5,-0.34135,0.93994,4.03,5.34,3.7
2026-12-11T17:00:00Z,MTR,4.03,49.7,991.9,2.76,17,345,-0.96593,-0.25882,-0.34135,0.93994,4.36,5.02,2.75
2026-12-11T18:00:00Z,MTR,4.36,50.8,992.0,7.32,18,345,-1.0,-0.0,-0.34135,0.93994,4.15,5.14,3.21
2026-12-11T19:00:00Z,MTR,4.15,52.5,995.8,4.06,19,345,-0.96593,0.25882,-0.34135,0.93994,5.31,4.45,2.62
2026-12-11T20:00:00Z,MTR,5.31,59.2,996.2,6.9,20,345,-0.86603,0.5,-0.34135,0.93994,5.01,4.53,1.96
2026-12-11T21:00:00Z,MTR,5.01,51.3,993.7,6.71,21,345,-0.70711,0.70711,-0.34135,0.93994,5.34,4.14,0.91
2026-12-11T22:00:00Z,MTR,5.34,59.2,994.7,14.13,22,345,-0.5,0.86603,-0.34135,0.93994,5.02,5.32,1.03
2026-12-11T23:00:00Z,MTR,5.02,53.0,993.1,4.28,23,345,-0.25882,0.96593,-0.34135,0.93994,5.14,5.75,1.72
2026-12-12T00:00:00Z,MTR,5.14,53.3,994.5,8.43,0,346,0.0,1.0,-0.32513,0.94567,4.45,6.48,2.25
2026-12-12T01:00:00Z,MTR,4.45,50.4,994.8,4.04,1,346,0.25882,0.96593,-0.32513,0.94567,4.53,5.43,2.29
2026-12-12T02:00:00Z,MTR,4.53,64.4,988.3,10.05,2,346,0.5,0.86603,-0.32513,0.94567,4.14,4.58,2.1
2026-12-12T03:00:00Z,MTR,4.14,72.9,985.6,12.14,3,346,0.70711,0.70711,-0.32513,0.94567,5.32,4.58,3.78
2026-12-12T04:00:00Z,MTR,5.32,65.3,986.5,8.31,4,346,0.86603,0.5,-0.32513,0.94567,5.75,3.76,3.72
2026-12-12T05:00:00Z,MTR,5.75,55.5,985.9,7.74,5,346,0.96593,0.25882,-0.32513,0.94567,6.48,1.85,3.7
2026-12-12T06:00:00Z,MTR,6.48,63.4,983.2,9.78,6,346,1.0,0.0,-0.32513,0.94567,5.43,2.69,2.95
2026-12-12T07:00:00Z,MTR,5.43,56.7,981.4,9.23,7,346,0.96593,-0.25882,-0.32513,0.94567,4.58,3.03,4.75
2026-12-12T08:00:00Z,MTR,4.58,82.6,977.3,15.29,8,346,0.86603,-0.5,-0.32513,0.94567,4.58,2.41,3.82
2026-12-12T09:00:00Z,MTR,4.58,73.6,976.7,11.87,9,346,0.70711,-0.70711,-0.32513,0.94567,3.76,2.45,4.9
2026-12-12T10:00:00Z,MTR,3.76,64.3,980.3,11.95,10,346,0.5,-0.86603,-0.32513,0.94567,1.85,3.7,5.58
2026-12-12T11:00:00Z,MTR,1.85,68.6,981.2,11.71,11,346,0.25882,-0.96593,-0.32513,0.94567,2.69,2.75,5.33
2026-12-12T12:00:00Z,MTR,2.69,73.3,984.6,11.43,12,346,0.0,-1.0,-0.32513,0.94567,3.03,3.21,5.54
2026-12-12T13:00:00Z,MTR,3.03,57.9,985.4,8.46,13,346,-0.25882,-0.96593,-0.32513,0.94567,2.41,2.62,5.82
2026-12-12T14:00:00Z,MTR,2.41,58.8,986.5,10.53,14,346,-0.5,-0.86603,-0.32513,0.94567,2.45,1.96,7.35
2026-12-12T15:00:00Z,MTR,2.45,53.0,989.3,10.67,15,346,-0.70711,-0.70711,-0.32513,0.94567,3.7,0.91,8.0
2026-12-12T16:00:00Z,MTR,3.7,61.1,989.1,7.82,16,346,-0.86603,-0.5,-0.32513,0.94567,2.75,1.03,8.0
2026-12-12T17:00:00Z,MTR,2.75,58.1,987.9,5.85,17,346,-0.96593,-0.25882,-0.32513,0.94567,3.21,1.72,8.0
2026-12-12T18:00:00Z,MTR,3.21,48.4,989.1,10.88,18,346,-1.0,-0.0,-0.32513,0.94567,2.62,2.25,8.0
2026-12-12T19:00:00Z,MTR,2.62,58.1,990.9,7.88,19,346,-0.96593,0.25882,-0.32513,0.94567,1.96,2.29,7.68
2026-12-12T20:00:00Z,MTR,1.96,62.9,989.2,8.1,20,346,-0.86603,0.5,-0.32513,0.94567,0.91,2.1,7.46
2026-12-12T21:00:00Z,MTR,0.91,58.1,987.2,10.11,21,346,-0.70711,0.70711,-0.32513,0.94567,1.03,3.78,6.54
2026-12-12T22:00:00Z,MTR,1.03,61.4,986.9,11.71,22,346,-0.5,0.86603,-0.32513,0.94567,1.72,3.72,6.18
2026-12-12T23:00:00Z,MTR,1.72,58.5,987.9,8.08,23,346,-0.25882,0.96593,-0.32513,0.94567,2.25,3.7,6.55
2026-12-13T00:00:00Z,MTR,2.25,62.8,988.8,10.73,0,347,0.0,1.0,-0.30881,0.95112,2.29,2.95,6.6
2026-12-13T01:00:00Z,MTR,2.29,53.8,985.7,9.4,1,347,0.25882,0.96593,-0.30881,0.95112,2.1,4.75,6.92
2026-12-13T02:00:00Z,MTR,2.1,55.7,988.8,9.47,2,347,0.5,0.86603,-0.30881,0.95112,3.78,3.82,6.56
2026-12-13T03:00:00Z,MTR,3.78,58.6,987.2,7.56,3,347,0.70711,0.70711,-0.30881,0.95112,3.72,4.9,6.65
2026-12-13T04:00:00Z,MTR,3.72,65.1,986.3,8.55,4,347,0.86603,0.5,-0.30881,0.95112,3.7,5.58,5.92
2026-12-13T05:00:00Z,MTR,3.7,64.2,984.4,11.87,5,347,0.96593,0.25882,-0.30881,0.95112,2.95,5.33,6.79
2026-12-13T06:00:00Z,MTR,2.95,50.7,989.1,4.22,6,347,1.0,0.0,-0.30881,0.95112,4.75,5.54,5.73
2026-12-13T07:00:00Z,MTR,4.75,55.9,989.1,9.55,7,347,0.96593,-0.25882,-0.30881,0.95112,3.82,5.82,6.41
2026-12-13T08:00:00Z,MTR,3.82,67.0,987.1,9.55,8,347,0.86603,-0.5,-0.30881,0.95112,4.9,7.35,5.64
2026-12-13T09:00:00Z,MTR,4.9,53.5,988.4,11.7,9,347,0.70711,-0.70711,-0.30881,0.95112,5.58,8.0,5.19
2026-12-13T10:00:00Z,MTR,5.58,63.8,989.4,10.05,10,347,0.5,-0.86603,-0.30881,0.95112,5.33,8.0,4.68
2026-12-13T11:00:00Z,MTR,5.33,63.6,988.6,8.64,11,347,0.25882,-0.96593,-0.30881,0.95112,5.54,8.0,5.5
2026-12-13T12:00:00Z,MTR,5.54,63.0,989.7,5.37,12,347,0.0,-1.0,-0.30881,0.95112,5.82,8.0,4.63
2026-12-13T13:00:00Z,MTR,5.82,64.9,987.8,7.4,13,347,-0.25882,-0.96593,-0.30881,0.95112,7.35,7.68,4.49
2026-12-13T14:00:00Z,MTR,7.35,67.8,986.5,8.53,14,347,-0.5,-0.86603,-0.30881,0.95112,8.0,7.46,4.09
2026-12-13T15:00:00Z,MTR,8.0,57.4,982.6,13.28,15,347,-0.70711,-0.70711,-0.30881,0.95112,8.0,6.54,3.76
2026-12-13T16:00:00Z,MTR,8.0,75.3,980.1,12.74,16,347,-0.86603,-0.5,-0.30881,0.95112,8.0,6.18,4.13
2026-12-13T17:00:00Z,MTR,8.0,66.7,983.3,8.48,17,347,-0.96593,-0.25882,-0.30881,0.95112,8.0,6.55,3.77
2026-12-13T18:00:00Z,MTR,8.0,59.1,986.0,9.97,18,347,-1.0,-0.0,-0.30881,0.95112,7.68,6.6,3.4
2026-12-13T19:00:00Z,MTR,7.68,55.9,985.7,8.34,19,347,-0.96593,0.25882,-0.30881,0.95112,7.46,6.92,2.47
2026-12-13T20:00:00Z,MTR,7.46,59.0,988.3,7.1,20,347,-0.86603,0.5,-0.30881,0.95112,6.54,6.56,1.59
2026-12-13T21:00:00Z,MTR,6.54,72.4,987.5,9.93,21,347,-0.70711,0.70711,-0.30881,0.95112,6.18,6.65,0.47
2026-12-13T22:00:00Z,MTR,6.18,63.7,986.5,8.72,22,347,-0.5,0.86603,-0.30881,0.95112,6.55,5.92,0.27
2026-12-13T23:00:00Z,MTR,6.55,58.6,986.1,6.82,23,347,-0.25882,0.96593,-0.30881,0.95112,6.6,6.79,1.53
2026-12-14T00:00:00Z,MTR,6.6,74.9,985.3,11.05,0,348,0.0,1.0,-0.29241,0.95629,6.92,5.73,1.98
2026-12-14T01:00:00Z,MTR,6.92,66.8,984.4,10.01,1,348,0.25882,0.96593,-0.29241,0.95629,6.56,6.41,2.27
2026-12-14T02:00:00Z,MTR,6.56,65.0,985.9,8.45,2,348,0.5,0.86603,-0.29241,0.95629,6.65,5.64,1.41
2026-12-14T03:00:00Z,MTR,6.65,64.5,985.6,12.28,3,348,0.70711,0.70711,-0.29241,0.95629,5.92,5.19,2.69
2026-12-14T04:00:00Z,MTR,5.92,64.6,986.3,11.2,4,348,0.86603,0.5,-0.29241,0.95629,6.79,4.68,4.33
2026-12-14T05:00:00Z,MTR,6.79,47.9,987.5,8.92,5,348,0.96593,0.25882,-0.29241,0.95629,5.73,5.5,4.09
2026-12-14T06:00:00Z,MTR,5.73,59.9,987.4,5.26,6,348,1.0,0.0,-0.29241,0.95629,6.41,4.63,3.78
2026-12-14T07:00:00Z,MTR,6.41,67.5,985.0,11.74,7,348,0.96593,-0.25882,-0.29241,0.95629,5.64,4.49,5.3
2026-12-14T08:00:00Z,MTR,5.64,73.9,981.9,9.57,8,348,0.86603,-0.5,-0.29241,0.95629,5.19,4.09,5.93
2026-12-14T09:00:00Z,MTR,5.19,77.9,981.7,10.29,9,348,0.70711,-0.70711,-0.29241,0.95629,4.68,3.76,7.47
2026-12-14T10:00:00Z,MTR,4.68,72.7,980.9,10.25,10,348,0.5,-0.86603,-0.29241,0.95629,5.5,4.13,8.0
2026-12-14T11:00:00Z,MTR,5.5,67.9,980.7,8.35,11,348,0.25882,-0.96593,-0.29241,0.95629,4.63,3.77,6.97
2026-12-14T12:00:00Z,MTR,4.63,68.7,980.3,11.98,12,348,0.0,-1.0,-0.29241,0.95629,4.49,3.4,8.0
2026-12-14T13:00:00Z,MTR,4.49,59.3,984.6,7.96,13,348,-0.25882,-0.96593,-0.29241,0.95629,4.09,2.47,8.0
2026-12-14T14:00:00Z,MTR,4.09,69.5,981.6,11.42,14,348,-0.5,-0.86603,-0.29241,0.95629,3.76,1.59,7.74
2026-12-14T15:00:00Z,MTR,3.76,80.2,977.7,10.06,15,348,-0.70711,-0.70711,-0.29241,0.95629,4.13,0.47,7.42
2026-12-14T16:00:00Z,MTR,4.13,68.2,978.2,10.86,16,348,-0.86603,-0.5,-0.29241,0.95629,3.77,0.27,6.96
2026-12-14T17:00:00Z,MTR,3.77,72.3,977.4,12.76,17,348,-0.96593,-0.25882,-0.29241,0.95629,3.4,1.53,5.4
2026-12-14T18:00:00Z,MTR,3.4,67.1,978.0,12.09,18,348,-1.0,-0.0,-0.29241,0.95629,2.47,1.98,6.09
2026-12-14T19:00:00Z,MTR,2.47,75.0,979.0,12.73,19,348,-0.96593,0.25882,-0.29241,0.95629,1.59,2.27,5.28
2026-12-14T20:00:00Z,MTR,1.59,73.5,981.4,12.11,20,348,-0.86603,0.5,-0.29241,0.95629,0.47,1.41,4.72
2026-12-14T21:00:00Z,MTR,0.47,67.2,978.6,14.29,21,348,-0.70711,0.70711,-0.29241,0.95629,0.27,2.69,4.9
2026-12-14T22:00:00Z,MTR,0.27,73.7,977.8,11.9,22,348,-0.5,0.86603,-0.29241,0.95629,1.53,4.33,6.02
2026-12-14T23:00:00Z,MTR,1.53,57.2,978.9,13.96,23,348,-0.25882,0.96593,-0.29241,0.95629,1.98,4.09,5.77
2026-12-15T00:00:00Z,MTR,1.98,66.2,980.6,10.33,0,349,0.0,1.0,-0.27591,0.96118,2.27,3.78,5.99
2026-12-15T01:00:00Z,MTR,2.27,69.9,984.8,11.12,1,349,0.25882,0.96593,-0.27591,0.96118,1.41,5.3,7.05
2026-12-15T02:00:00Z,MTR,1.41,59.3,986.7,11.17,2,349,0.5,0.86603,-0.27591,0.96118,2.69,5.93,7.5
2026-12-15T03:00:00Z,MTR,2.69,55.0,986.8,11.14,3,349,0.70711,0.70711,-0.27591,0.96118,4.33,7.47,7.94
2026-12-15T04:00:00Z,MTR,4.33,64.9,985.4,6.43,4,349,0.86603,0.5,-0.27591,0.96118,4.09,8.0,5.9
2026-12-15T05:00:00Z,MTR,4.09,60.6,984.8,3.26,5,349,0.96593,0.25882,-0.27591,0.96118,3.78,6.97,5.98
2026-12-15T06:00:00Z,MTR,3.78,64.9,984.3,10.84,6,349,1.0,0.0,-0.27591,0.96118,5.3,8.0,6.43
2026-12-15T07:00:00Z,MTR,5.3,63.3,986.1,9.13,7,349,0.96593,-0.25882,-0.27591,0.96118,5.93,8.0,6.84
2026-12-15T08:00:00Z,MTR,5.93,65.1,987.2,9.31,8,349,0.86603,-0.5,-0.27591,0.96118,7.47,7.74,7.78
2026-12-15T09:00:00Z,MTR,7.47,67.7,985.5,9.51,9,349,0.70711,-0.70711,-0.27591,0.96118,8.0,7.42,7.01
2026-12-15T10:00:00Z,MTR,8.0,63.9,985.6,8.63,10,349,0.5,-0.86603,-0.27591,0.96118,6.97,6.96,6.38
2026-12-15T11:00:00Z,MTR,6.97,65.7,988.1,9.62,11,349,0.25882,-0.96593,-0.27591,0.96118,8.0,5.4,7.2
2026-12-15T12:00:00Z,MTR,8.0,57.9,989.6,8.65,12,349,0.0,-1.0,-0.27591,0.96118,8.0,6.09,7.97
2026-12-15T13:00:00Z,MTR,8.0,57.3,991.5,7.13,13,349,-0.25882,-0.96593,-0.27591,0.96118,7.74,5.28,7.01
2026-12-15T14:00:00Z,MTR,7.74,54.2,993.0,6.89,14,349,-0.5,-0.86603,-0.27591,0.96118,7.42,4.72,6.99
2026-12-15T15:00:00Z,MTR,7.42,44.4,996.8,6.81,15,349,-0.70711,-0.70711,-0.27591,0.96118,6.96,4.9,6.51
2026-12-15T16:00:00Z,MTR,6.96,55.8,997.9,4.02,16,349,-0.86603,-0.5,-0.27591,0.96118,5.4,6.02,5.69
2026-12-15T17:00:00Z,MTR,5.4,48.3,997.9,2.98,17,349,-0.96593,-0.25882,-0.27591,0.96118,6.09,5.77,4.46
2026-12-15T18:00:00Z,MTR,6.09,57.0,997.0,3.26,18,349,-1.0,-0.0,-0.27591,0.96118,5.28,5.99,3.5
2026-12-15T19:00:00Z,MTR,5.28,50.3,998.2,4.07,19,349,-0.96593,0.25882,-0.27591,0.96118,4.72,7.05,2.65
2026-12-15T20:00:00Z,MTR,4.72,55.3,994.6,9.27,20,349,-0.86603,0.5,-0.27591,0.96118,4.9,7.5,3.65
2026-12-15T21:00:00Z,MTR,4.9,56.4,995.3,6.35,21,349,-0.70711,0.70711,-0.27591,0.96118,6.02,7.94,3.85
2026-12-15T22:00:00Z,MTR,6.02,52.0,995.8,4.53,22,349,-0.5,0.86603,-0.27591,0.96118,5.77,5.9,3.94
2026-12-15T23:00:00Z,MTR,5.77,49.7,994.3,6.8,23,349,-0.25882,0.96593,-0.27591,0.96118,5.99,5.98,3.05
2026-12-16T00:00:00Z,MTR,5.99,52.0,993.6,4.53,0,350,0.0,1.0,-0.25934,0.96579,7.05,6.43,4.28
2026-12-16T01:00:00Z,MTR,7.05,56.4,996.1,5.42,1,350,0.25882,0.96593,-0.25934,0.96579,7.5,6.84,5.48
2026-12-16T02:00:00Z,MTR,7.5,52.6,997.4,4.54,2,350,0.5,0.86603,-0.25934,0.96579,7.94,7.78,5.8
2026-12-16T03:00:00Z,MTR,7.94,43.1,998.4,2.4,3,350,0.70711,0.70711,-0.25934,0.96579,5.9,7.01,6.1
2026-12-16T04:00:00Z,MTR,5.9,49.0,999.6,6.81,4,350,0.86603,0.5,-0.25934,0.96579,5.98,6.38,6.45
2026-12-16T05:00:00Z,MTR,5.98,40.8,1000.4,3.62,5,350,0.96593,0.25882,-0.25934,0.96579,6.43,7.2,7.28
2026-12-16T06:00:00Z,MTR,6.43,43.4,1003.1,3.39,6,350,1.0,0.0,-0.25934,0.96579,6.84,7.97,6.43
2026-12-16T07:00:00Z,MTR,6.84,47.9,1003.6,4.69,7,350,0.96593,-0.25882,-0.25934,0.96579,7.78,7.01,5.94
2026-12-16T08:00:00Z,MTR,7.78,42.3,1001.2,4.81,8,350,0.86603,-0.5,-0.25934,0.96579,7.01,6.99,5.65
2026-12-16T09:00:00Z,MTR,7.01,41.1,1004.4,3.2,9,350,0.70711,-0.70711,-0.25934,0.96579,6.38,6.51,5.58
2026-12-16T10:00:00Z,MTR,6.38,36.0,1005.0,2.34,10,350,0.5,-0.86603,-0.25934,0.96579,7.2,5.69,6.04
2026-12-16T11:00:00Z,MTR,7.2,45.6,1003.9,4.67,11,350,0.25882,-0.96593,-0.25934,0.96579,7.97,4.46,6.92
2026-12-16T12:00:00Z,MTR,7.97,45.5,1001.5,4.0,12,350,0.0,-1.0,-0.25934,0.96579,7.01,3.5,7.6
2026-12-16T13:00:00Z,MTR,7.01,41.0,1002.1,4.1,13,350,-0.25882,-0.96593,-0.25934,0.96579,6.99,2.65,6.27
2026-12-16T14:00:00Z,MTR,6.99,47.4,1001.6,6.2,14,350,-0.5,-0.86603,-0.25934,0.96579,6.51,3.65,7.52
2026-12-16T15:00:00Z,MTR,6.51,42.4,1004.1,5.47,15,350,-0.70711,-0.70711,-0.25934,0.96579,5.69,3.85,8.0
2026-12-16T16:00:00Z,MTR,5.69,45.8,1002.9,4.06,16,350,-0.86603,-0.5,-0.25934,0.96579,4.46,3.94,8.0
2026-12-16T17:00:00Z,MTR,4.46,40.9,1000.8,4.44,17,350,-0.96593,-0.25882,-0.25934,0.96579,3.5,3.05,8.0
2026-12-16T18:00:00Z,MTR,3.5,43.1,1001.8,5.21,18,350,-1.0,-0.0,-0.25934,0.96579,2.65,4.28,7.65
2026-12-16T19:00:00Z,MTR,2.65,43.9,1002.7,3.09,19,350,-0.96593,0.25882,-0.25934,0.96579,3.65,5.48,6.7
2026-12-16T20:00:00Z,MTR,3.65,47.3,1002.1,3.29,20,350,-0.86603,0.5,-0.25934,0.96579,3.85,5.8,5.86
2026-12-16T21:00:00Z,MTR,3.85,38.8,1002.4,3.59,21,350,-0.70711,0.70711,-0.25934,0.96579,3.94,6.1,6.01
2026-12-16T22:00:00Z,MTR,3.94,45.0,1001.2,2.06,22,350,-0.5,0.86603,-0.25934,0.96579,3.05,6.45,5.31
2026-12-16T23:00:00Z,MTR,3.05,52.2,1000.5,9.06,23,350,-0.25882,0.96593,-0.25934,0.96579,4.28,7.28,4.45
2026-12-17T00:00:00Z,MTR,4.28,44.9,1001.4,3.24,0,351,0.0,1.0,-0.24269,0.9701,5.48,6.43,4.77
2026-12-17T01:00:00Z,MTR,5.48,43.7,1001.2,5.04,1,351,0.25882,0.96593,-0.24269,0.9701,5.8,5.94,4.74
2026-12-17T02:00:00Z,MTR,5.8,44.2,999.5,4.64,2,351,0.5,0.86603,-0.24269,0.9701,6.1,5.65,5.23
2026-12-17T03:00:00Z,MTR,6.1,43.6,1000.5,5.7,3,351,0.70711,0.70711,-0.24269,0.9701,6.45,5.58,8.0
2026-12-17T04:00:00Z,MTR,6.45,53.0,994.7,5.48,4,351,0.86603,0.5,-0.24269,0.9701,7.28,6.04,8.0
2026-12-17T05:00:00Z,MTR,7.28,39.7,997.1,5.89,5,351,0.96593,0.25882,-0.24269,0.9701,6.43,6.92,8.0
2026-12-17T06:00:00Z,MTR,6.43,51.3,992.6,5.27,6,351,1.0,0.0,-0.24269,0.9701,5.94,7.6,8.0
2026-12-17T07:00:00Z,MTR,5.94,60.0,990.1,10.21,7,351,0.96593,-0.25882,-0.24269,0.9701,5.65,6.27,8.0
2026-12-17T08:00:00Z,MTR,5.65,62.8,988.8,9.55,8,351,0.86603,-0.5,-0.24269,0.9701,5.58,7.52,8.0
2026-12-17T09:00:00Z,MTR,5.58,54.7,987.4,5.88,9,351,0.70711,-0.70711,-0.24269,0.9701,6.04,8.0,8.0
2026-12-17T10:00:00Z,MTR,6.04,56.4,988.0,8.53,10,351,0.5,-0.86603,-0.24269,0.9701,6.92,8.0,8.0
2026-12-17T11:00:00Z,MTR,6.92,62.5,984.9,6.77,11,351,0.25882,-0.96593,-0.24269,0.9701,7.6,8.0,8.0
2026-12-17T12:00:00Z,MTR,7.6,66.3,984.2,8.16,12,351,0.0,-1.0,-0.24269,0.9701,6.27,7.65,8.0
2026-12-17T13:00:00Z,MTR,6.27,64.7,982.1,12.3,13,351,-0.25882,-0.96593,-0.24269,0.9701,7.52,6.7,8.0
2026-12-17T14:00:00Z,MTR,7.52,64.4,981.7,5.64,14,351,-0.5,-0.86603,-0.24269,0.9701,8.0,5.86,8.0
2026-12-17T15:00:00Z,MTR,8.0,70.0,980.6,13.06,15,351,-0.70711,-0.70711,-0.24269,0.9701,8.0,6.01,8.0
2026-12-17T16:00:00Z,MTR,8.0,62.9,979.9,11.96,16,351,-0.86603,-0.5,-0.24269,0.9701,8.0,5.31,6.96
2026-12-17T17:00:00Z,MTR,8.0,78.6,978.1,11.65,17,351,-0.96593,-0.25882,-0.24269,0.9701,7.65,4.45,7.71
2026-12-17T18:00:00Z,MTR,7.65,73.2,976.4,14.12,18,351,-1.0,-0.0,-0.24269,0.9701,6.7,4.77,7.99
2026-12-17T19:00:00Z,MTR,6.7,72.3,976.3,17.8,19,351,-0.96593,0.25882,-0.24269,0.9701,5.86,4.74,6.4
2026-12-17T20:00:00Z,MTR,5.86,76.1,977.4,9.36,20,351,-0.86603,0.5,-0.24269,0.9701,6.01,5.23,5.28
2026-12-17T21:00:00Z,MTR,6.01,74.7,975.8,15.97,21,351,-0.70711,0.70711,-0.24269,0.9701,5.31,8.0,3.73
2026-12-17T22:00:00Z,MTR,5.31,75.0,973.7,15.19,22,351,-0.5,0.86603,-0.24269,0.9701,4.45,8.0,4.2
2026-12-17T23:00:00Z,MTR,4.45,75.8,974.5,11.59,23,351,-0.25882,0.96593,-0.24269,0.9701,4.77,8.0,4.49
2026-12-18T00:00:00Z,MTR,4.77,75.3,974.1,14.18,0,352,0.0,1.0,-0.22596,0.97414,4.74,8.0,5.32
2026-12-18T01:00:00Z,MTR,4.74,69.7,975.4,10.49,1,352,0.25882,0.96593,-0.22596,0.97414,5.23,8.0,3.39
2026-12-18T02:00:00Z,MTR,5.23,80.6,973.5,12.36,2,352,0.5,0.86603,-0.22596,0.97414,8.0,8.0,3.06
2026-12-18T03:00:00Z,MTR,8.0,70.4,970.1,10.24,3,352,0.70711,0.70711,-0.22596,0.97414,8.0,8.0,3.99
2026-12-18T04:00:00Z,MTR,8.0,77.3,969.3,12.04,4,352,0.86603,0.5,-0.22596,0.97414,8.0,8.0,5.33
2026-12-18T05:00:00Z,MTR,8.0,90.9,968.1,15.89,5,352,0.96593,0.25882,-0.22596,0.97414,8.0,8.0,5.43
2026-12-18T06:00:00Z,MTR,8.0,82.0,968.3,16.01,6,352,1.0,0.0,-0.22596,0.97414,8.0,8.0,6.03
2026-12-18T07:00:00Z,MTR,8.0,74.4,967.5,16.25,7,352,0.96593,-0.25882,-0.22596,0.97414,8.0,8.0,6.96
2026-12-18T08:00:00Z,MTR,8.0,86.2,969.3,16.01,8,352,0.86603,-0.5,-0.22596,0.97414,8.0,8.0,8.0
2026-12-18T09:00:00Z,MTR,8.0,78.9,969.2,15.01,9,352,0.70711,-0.70711,-0.22596,0.97414,8.0,8.0,7.35
2026-12-18T10:00:00Z,MTR,8.0,74.5,969.9,15.88,10,352,0.5,-0.86603,-0.22596,0.97414,8.0,6.96,7.33
2026-12-18T11:00:00Z,MTR,8.0,84.5,970.7,16.42,11,352,0.25882,-0.96593,-0.22596,0.97414,8.0,7.71,6.25
2026-12-18T12:00:00Z,MTR,8.0,83.3,971.5,14.49,12,352,0.0,-1.0,-0.22596,0.97414,8.0,7.99,6.63
2026-12-18T13:00:00Z,MTR,8.0,84.1,972.0,12.98,13,352,-0.25882,-0.96593,-0.22596,0.97414,8.0,6.4,5.81
2026-12-18T14:00:00Z,MTR,8.0,70.7,973.4,13.09,14,352,-0.5,-0.86603,-0.22596,0.97414,8.0,5.28,5.36
2026-12-18T15:00:00Z,MTR,8.0,75.5,972.4,12.03,15,352,-0.70711,-0.70711,-0.22596,0.97414,6.96,3.73,5.27
2026-12-18T16:00:00Z,MTR,6.96,72.4,975.4,14.39,16,352,-0.86603,-0.5,-0.22596,0.97414,7.71,4.2,4.57
2026-12-18T17:00:00Z,MTR,7.71,67.8,975.4,9.49,17,352,-0.96593,-0.25882,-0.22596,0.97414,7.99,4.49,5.07
2026-12-18T18:00:00Z,MTR,7.99,78.3,973.5,13.03,18,352,-1.0,-0.0,-0.22596,0.97414,6.4,5.32,4.83
2026-12-18T19:00:00Z,MTR,6.4,80.4,974.3,14.2,19,352,-0.96593,0.25882,-0.22596,0.97414,5.28,3.39,4.58
2026-12-18T20:00:00Z,MTR,5.28,72.8,973.3,11.36,20,352,-0.86603,0.5,-0.22596,0.97414,3.73,3.06,3.81
2026-12-18T21:00:00Z,MTR,3.73,73.7,975.0,10.02,21,352,-0.70711,0.70711,-0.22596,0.97414,4.2,3.99,3.96
2026-12-18T22:00:00Z,MTR,4.2,68.3,979.5,6.78,22,352,-0.5,0.86603,-0.22596,0.97414,4.49,5.33,2.74
2026-12-18T23:00:00Z,MTR,4.49,75.4,978.3,11.16,23,352,-0.25882,0.96593,-0.22596,0.97414,5.32,5.43,2.55
2026-12-19T00:00:00Z,MTR,5.32,68.6,979.2,9.14,0,353,0.0,1.0,-0.20917,0.97788,3.39,6.03,2.83
2026-12-19T01:00:00Z,MTR,3.39,73.1,976.3,14.15,1,353,0.25882,0.96593,-0.20917,0.97788,3.06,6.96,5.01
2026-12-19T02:00:00Z,MTR,3.06,74.7,977.5,8.9,2,353,0.5,0.86603,-0.20917,0.97788,3.99,8.0,5.14
2026-12-19T03:00:00Z,MTR,3.99,73.4,976.2,13.49,3,353,0.70711,0.70711,-0.20917,0.97788,5.33,7.35,4.87
2026-12-19T04:00:00Z,MTR,5.33,69.7,975.4,10.08,4,353,0.86603,0.5,-0.20917,0.97788,5.43,7.33,4.25
2026-12-19T05:00:00Z,MTR,5.43,68.7,973.8,10.19,5,353,0.96593,0.25882,-0.20917,0.97788,6.03,6.25,5.16
2026-12-19T06:00:00Z,MTR,6.03,69.4,975.6,10.23,6,353,1.0,0.0,-0.20917,0.97788,6.96,6.63,4.78
2026-12-19T07:00:00Z,MTR,6.96,72.7,977.7,14.07,7,353,0.96593,-0.25882,-0.20917,0.97788,8.0,5.81,5.49
2026-12-19T08:00:00Z,MTR,8.0,63.3,978.0,9.43,8,353,0.86603,-0.5,-0.20917,0.97788,7.35,5.36,6.89
2026-12-19T09:00:00Z,MTR,7.35,74.1,976.6,14.58,9,353,0.70711,-0.70711,-0.20917,0.97788,7.33,5.27,7.69
2026-12-19T10:00:00Z,MTR,7.33,61.3,979.7,11.68,10,353,0.5,-0.86603,-0.20917,0.97788,6.25,4.57,7.12
2026-12-19T11:00:00Z,MTR,6.25,64.8,978.4,10.67,11,353,0.25882,-0.96593,-0.20917,0.97788,6.63,5.07,7.37
2026-12-19T12:00:00Z,MTR,6.63,76.9,974.6,10.86,12,353,0.0,-1.0,-0.20917,0.97788,5.81,4.83,8.0
2026-12-19T13:00:00Z,MTR,5.81,72.0,975.7,16.41,13,353,-0.25882,-0.96593,-0.20917,0.97788,5.36,4.58,8.0
2026-12-19T14:00:00Z,MTR,5.36,75.8,973.9,12.02,14,353,-0.5,-0.86603,-0.20917,0.97788,5.27,3.81,7.97
2026-12-19T15:00:00Z,MTR,5.27,72.1,976.0,11.34,15,353,-0.70711,-0.70711,-0.20917,0.97788,4.57,3.96,8.0
2026-12-19T16:00:00Z,MTR,4.57,82.0,975.5,15.58,16,353,-0.86603,-0.5,-0.20917,0.97788,5.07,2.74,8.0
2026-12-19T17:00:00Z,MTR,5.07,73.6,976.8,15.5,17,353,-0.96593,-0.25882,-0.20917,0.97788,4.83,2.55,7.93
2026-12-19T18:00:00Z,MTR,4.83,63.8,979.4,11.07,18,353,-1.0,-0.0,-0.20917,0.97788,4.58,2.83,7.98
2026-12-19T19:00:00Z,MTR,4.58,75.1,977.3,14.44,19,353,-0.96593,0.25882,-0.20917,0.97788,3.81,5.01,7.73
2026-12-19T20:00:00Z,MTR,3.81,66.7,976.4,11.14,20,353,-0.86603,0.5,-0.20917,0.97788,3.96,5.14,6.95
2026-12-19T21:00:00Z,MTR,3.96,78.6,976.5,16.84,21,353,-0.70711,0.70711,-0.20917,0.97788,2.74,4.87,6.76
2026-12-19T22:00:00Z,MTR,2.74,72.1,979.4,8.73,22,353,-0.5,0.86603,-0.20917,0.97788,2.55,4.25,6.3
2026-12-19T23:00:00Z,MTR,2.55,71.1,978.3,9.89,23,353,-0.25882,0.96593,-0.20917,0.97788,2.83,5.16,7.0
2026-12-20T00:00:00Z,MTR,2.83,75.7,977.5,14.64,0,354,0.0,1.0,-0.19232,0.98133,5.01,4.78,6.81
2026-12-20T01:00:00Z,MTR,5.01,75.6,978.6,11.06,1,354,0.25882,0.96593,-0.19232,0.98133,5.14,5.49,6.6
2026-12-20T02:00:00Z,MTR,5.14,71.5,977.8,14.65,2,354,0.5,0.86603,-0.19232,0.98133,4.87,6.89,7.32
2026-12-20T03:00:00Z,MTR,4.87,70.7,978.4,10.78,3,354,0.70711,0.70711,-0.19232,0.98133,4.25,7.69,7.28
2026-12-20T04:00:00Z,MTR,4.25,74.4,975.9,13.84,4,354,0.86603,0.5,-0.19232,0.98133,5.16,7.12,7.56
2026-12-20T05:00:00Z,MTR,5.16,63.8,980.4,9.63,5,354,0.96593,0.25882,-0.19232,0.98133,4.78,7.37,7.54
2026-12-20T06:00:00Z,MTR,4.78,67.2,978.4,11.56,6,354,1.0,0.0,-0.19232,0.98133,5.49,8.0,7.22
2026-12-20T07:00:00Z,MTR,5.49,69.7,978.3,9.17,7,354,0.96593,-0.25882,-0.19232,0.98133,6.89,8.0,7.29
2026-12-20T08:00:00Z,MTR,6.89,69.6,978.8,11.46,8,354,0.86603,-0.5,-0.19232,0.98133,7.69,7.97,7.09
2026-12-20T09:00:00Z,MTR,7.69,65.9,982.9,8.44,9,354,0.70711,-0.70711,-0.19232,0.98133,7.12,8.0,8.0
2026-12-20T10:00:00Z,MTR,7.12,66.0,981.0,14.97,10,354,0.5,-0.86603,-0.19232,0.98133,7.37,8.0,8.0
2026-12-20T11:00:00Z,MTR,7.37,55.0,985.2,8.78,11,354,0.25882,-0.96593,-0.19232,0.98133,8.0,7.93,8.0
2026-12-20T12:00:00Z,MTR,8.0,67.1,987.1,6.4,12,354,0.0,-1.0,-0.19232,0.98133,8.0,7.98,8.0
2026-12-20T13:00:00Z,MTR,8.0,52.6,988.4,9.76,13,354,-0.25882,-0.96593,-0.19232,0.98133,7.97,7.73,8.0
2026-12-20T14:00:00Z,MTR,7.97,63.9,987.1,6.38,14,354,-0.5,-0.86603,-0.19232,0.98133,8.0,6.95,8.0
2026-12-20T15:00:00Z,MTR,8.0,57.7,988.8,10.0,15,354,-0.70711,-0.70711,-0.19232,0.98133,8.0,6.76,8.0
2026-12-20T16:00:00Z,MTR,8.0,60.1,988.1,7.35,16,354,-0.86603,-0.5,-0.19232,0.98133,7.93,6.3,7.91
2026-12-20T17:00:00Z,MTR,7.93,59.4,991.1,7.39,17,354,-0.96593,-0.25882,-0.19232,0.98133,7.98,7.0,7.69
2026-12-20T18:00:00Z,MTR,7.98,55.0,990.0,7.45,18,354,-1.0,-0.0,-0.19232,0.98133,7.73,6.81,7.05
2026-12-20T19:00:00Z,MTR,7.73,49.7,990.6,7.14,19,354,-0.96593,0.25882,-0.19232,0.98133,6.95,6.6,5.1
2026-12-20T20:00:00Z,MTR,6.95,62.0,990.4,7.84,20,354,-0.86603,0.5,-0.19232,0.98133,6.76,7.32,5.25
2026-12-20T21:00:00Z,MTR,6.76,60.9,989.4,6.7,21,354,-0.70711,0.70711,-0.19232,0.98133,6.3,7.28,5.35
2026-12-20T22:00:00Z,MTR,6.3,55.2,991.7,5.08,22,354,-0.5,0.86603,-0.19232,0.98133,7.0,7.56,4.25
2026-12-20T23:00:00Z,MTR,7.0,57.6,993.6,6.73,23,354,-0.25882,0.96593,-0.19232,0.98133,6.81,7.54,4.97
2026-12-21T00:00:00Z,MTR,6.81,51.5,996.6,4.85,0,355,0.0,1.0,-0.17541,0.9845,6.6,7.22,5.85
2026-12-21T01:00:00Z,MTR,6.6,51.8,994.1,3.92,1,355,0.25882,0.96593,-0.17541,0.9845,7.32,7.29,6.81
2026-12-21T02:00:00Z,MTR,7.32,49.2,996.8,6.79,2,355,0.5,0.86603,-0.17541,0.9845,7.28,7.09,5.75
2026-12-21T03:00:00Z,MTR,7.28,33.3,1002.1,3.78,3,355,0.70711,0.70711,-0.17541,0.9845,7.56,8.0,6.62
2026-12-21T04:00:00Z,MTR,7.56,45.1,1001.7,1.75,4,355,0.86603,0.5,-0.17541,0.9845,7.54,8.0,6.24
2026-12-21T05:00:00Z,MTR,7.54,34.9,1005.6,2.14,5,355,0.96593,0.25882,-0.17541,0.9845,7.22,8.0,5.65
2026-12-21T06:00:00Z,MTR,7.22,42.4,1005.5,2.39,6,355,1.0,0.0,-0.17541,0.9845,7.29,8.0,5.65
2026-12-21T07:00:00Z,MTR,7.29,40.6,1003.3,1.34,7,355,0.96593,-0.25882,-0.17541,0.9845,7.09,8.0,5.87
2026-12-21T08:00:00Z,MTR,7.09,36.2,1003.1,9.78,8,355,0.86603,-0.5,-0.17541,0.9845,8.0,8.0,5.84
2026-12-21T09:00:00Z,MTR,8.0,40.1,1005.4,2.69,9,355,0.70711,-0.70711,-0.17541,0.9845,8.0,8.0,7.04
2026-12-21T10:00:00Z,MTR,8.0,39.5,1004.1,2.7,10,355,0.5,-0.86603,-0.17541,0.9845,8.0,7.91,6.44
2026-12-21T11:00:00Z,MTR,8.0,51.2,1003.2,8.3,11,355,0.25882,-0.96593,-0.17541,0.9845,8.0,7.69,7.3
2026-12-21T12:00:00Z,MTR,8.0,31.7,1004.5,3.91,12,355,0.0,-1.0,-0.17541,0.9845,8.0,7.05,6.97
2026-12-21T13:00:00Z,MTR,8.0,37.9,1004.6,5.38,13,355,-0.25882,-0.96593,-0.17541,0.9845,8.0,5.1,6.97
2026-12-21T14:00:00Z,MTR,8.0,34.3,1005.7,2.8,14,355,-0.5,-0.86603,-0.17541,0.9845,8.0,5.25,6.59
2026-12-21T15:00:00Z,MTR,8.0,43.7,1006.0,2.63,15,355,-0.70711,-0.70711,-0.17541,0.9845,7.91,5.35,5.76
2026-12-21T16:00:00Z,MTR,7.91,39.6,1006.6,0.57,16,355,-0.86603,-0.5,-0.17541,0.9845,7.69,4.25,4.89
2026-12-21T17:00:00Z,MTR,7.69,44.4,1005.5,3.99,17,355,-0.96593,-0.25882,-0.17541,0.9845,7.05,4.97,3.67
2026-12-21T18:00:00Z,MTR,7.05,35.7,1005.6,6.33,18,355,-1.0,-0.0,-0.17541,0.9845,5.1,5.85,2.42
2026-12-21T19:00:00Z,MTR,5.1,38.7,1003.5,6.49,19,355,-0.96593,0.25882,-0.17541,0.9845,5.25,6.81,2.17
2026-12-21T20:00:00Z,MTR,5.25,40.0,1005.3,0.3,20,355,-0.86603,0.5,-0.17541,0.9845,5.35,5.75,3.12
2026-12-21T21:00:00Z,MTR,5.35,52.2,1003.6,7.03,21,355,-0.70711,0.70711,-0.17541,0.9845,4.25,6.62,2.18
2026-12-21T22:00:00Z,MTR,4.25,43.1,1004.9,1.2,22,355,-0.5,0.86603,-0.17541,0.9845,4.97,6.24,2.34
2026-12-21T23:00:00Z,MTR,4.97,37.4,1003.7,1.39,23,355,-0.25882,0.96593,-0.17541,0.9845,5.85,5.65,2.32
2026-12-22T00:00:00Z,MTR,5.85,43.4,1003.2,1.68,0,356,0.0,1.0,-0.15845,0.98737,6.81,5.65,3.58
2026-12-22T01:00:00Z,MTR,6.81,47.7,1001.3,3.29,1,356,0.25882,0.96593,-0.15845,0.98737,5.75,5.87,4.14
2026-12-22T02:00:00Z,MTR,5.75,40.1,998.5,1.14,2,356,0.5,0.86603,-0.15845,0.98737,6.62,5.84,3.92
2026-12-22T03:00:00Z,MTR,6.62,51.3,994.4,6.47,3,356,0.70711,0.70711,-0.15845,0.98737,6.24,7.04,3.38
2026-12-22T04:00:00Z,MTR,6.24,54.5,991.7,6.76,4,356,0.86603,0.5,-0.15845,0.98737,5.65,6.44,2.39
2026-12-22T05:00:00Z,MTR,5.65,66.1,990.3,7.83,5,356,0.96593,0.25882,-0.15845,0.98737,5.65,7.3,2.38
2026-12-22T06:00:00Z,MTR,5.65,57.8,989.8,6.91,6,356,1.0,0.0,-0.15845,0.98737,5.87,6.97,8.0
2026-12-22T07:00:00Z,MTR,5.87,63.9,990.7,4.42,7,356,0.96593,-0.25882,-0.15845,0.98737,5.84,6.97,8.0
2026-12-22T08:00:00Z,MTR,5.84,54.7,988.8,7.7,8,356,0.86603,-0.5,-0.15845,0.98737,7.04,6.59,8.0
2026-12-22T09:00:00Z,MTR,7.04,65.0,986.2,11.54,9,356,0.70711,-0.70711,-0.15845,0.98737,6.44,5.76,2.85
2026-12-22T10:00:00Z,MTR,6.44,57.9,982.6,8.27,10,356,0.5,-0.86603,-0.15845,0.98737,7.3,4.89,4.47
2026-12-22T11:00:00Z,MTR,7.3,68.0,982.6,8.55,11,356,0.25882,-0.96593,-0.15845,0.98737,6.97,3.67,8.0
2026-12-22T12:00:00Z,MTR,6.97,62.1,984.1,10.7,12,356,0.0,-1.0,-0.15845,0.98737,6.97,2.42,4.87
2026-12-22T13:00:00Z,MTR,6.97,60.1,985.3,6.92,13,356,-0.25882,-0.96593,-0.15845,0.98737,6.59,2.17,5.16
2026-12-22T14:00:00Z,MTR,6.59,66.1,985.4,9.82,14,356,-0.5,-0.86603,-0.15845,0.98737,5.76,3.12,4.64
2026-12-22T15:00:00Z,MTR,5.76,66.9,985.3,10.29,15,356,-0.70711,-0.70711,-0.15845,0.98737,4.89,2.18,4.18
2026-12-22T16:00:00Z,MTR,4.89,61.8,987.1,7.69,16,356,-0.86603,-0.5,-0.15845,0.98737,3.67,2.34,3.33
2026-12-22T17:00:00Z,MTR,3.67,70.1,986.2,7.58,17,356,-0.96593,-0.25882,-0.15845,0.98737,2.42,2.32,1.82
2026-12-22T18:00:00Z,MTR,2.42,61.2,986.0,6.34,18,356,-1.0,-0.0,-0.15845,0.98737,2.17,3.58,2.51
2026-12-22T19:00:00Z,MTR,2.17,65.0,984.1,8.23,19,356,-0.96593,0.25882,-0.15845,0.98737,3.12,4.14,3.0
2026-12-22T20:00:00Z,MTR,3.12,69.7,980.3,12.2,20,356,-0.86603,0.5,-0.15845,0.98737,2.18,3.92,2.85
2026-12-22T21:00:00Z,MTR,2.18,74.6,978.0,13.52,21,356,-0.70711,0.70711,-0.15845,0.98737,2.34,3.38,2.84
2026-12-22T22:00:00Z,MTR,2.34,71.8,977.0,12.3,22,356,-0.5,0.86603,-0.15845,0.98737,2.32,2.39,3.57
2026-12-22T23:00:00Z,MTR,2.32,67.1,976.2,11.22,23,356,-0.25882,0.96593,-0.15845,0.98737,3.58,2.38,1.88
2026-12-23T00:00:00Z,MTR,3.58,71.6,978.8,11.72,0,357,0.0,1.0,-0.14144,0.98995,4.14,8.0,2.59
2026-12-23T01:00:00Z,MTR,4.14,62.4,978.0,10.2,1,357,0.25882,0.96593,-0.14144,0.98995,3.92,8.0,3.69
2026-12-23T02:00:00Z,MTR,3.92,73.6,979.2,11.78,2,357,0.5,0.86603,-0.14144,0.98995,3.38,8.0,5.35
2026-12-23T03:00:00Z,MTR,3.38,77.4,977.6,13.48,3,357,0.70711,0.70711,-0.14144,0.98995,2.39,2.85,6.32
2026-12-23T04:00:00Z,MTR,2.39,69.8,976.2,11.49,4,357,0.86603,0.5,-0.14144,0.98995,2.38,4.47,7.8
2026-12-23T05:00:00Z,MTR,2.38,72.7,973.2,11.83,5,357,0.96593,0.25882,-0.14144,0.98995,8.0,8.0,7.89
2026-12-23T06:00:00Z,MTR,8.0,67.7,971.4,13.05,6,357,1.0,0.0,-0.14144,0.98995,8.0,4.87,8.0
2026-12-23T07:00:00Z,MTR,8.0,77.4,972.1,15.97,7,357,0.96593,-0.25882,-0.14144,0.98995,8.0,5.16,7.81
2026-12-23T08:00:00Z,MTR,8.0,80.9,971.9,19.46,8,357,0.86603,-0.5,-0.14144,0.98995,2.85,4.64,7.61
2026-12-23T09:00:00Z,MTR,2.85,77.7,973.4,14.66,9,357,0.70711,-0.70711,-0.14144,0.98995,4.47,4.18,8.0
2026-12-23T10:00:00Z,MTR,4.47,76.7,973.6,13.17,10,357,0.5,-0.86603,-0.14144,0.98995,8.0,3.33,8.0
2026-12-23T11:00:00Z,MTR,8.0,74.3,972.8,11.61,11,357,0.25882,-0.96593,-0.14144,0.98995,4.87,1.82,8.0
2026-12-23T12:00:00Z,MTR,4.87,75.9,976.7,10.2,12,357,0.0,-1.0,-0.14144,0.98995,5.16,2.51,8.0
2026-12-23T13:00:00Z,MTR,5.16,67.7,976.4,13.22,13,357,-0.25882,-0.96593,-0.14144,0.98995,4.64,3.0,8.0
2026-12-23T14:00:00Z,MTR,4.64,64.9,978.5,10.12,14,357,-0.5,-0.86603,-0.14144,0.98995,4.18,2.85,8.0
2026-12-23T15:00:00Z,MTR,4.18,64.8,977.7,13.98,15,357,-0.70711,-0.70711,-0.14144,0.98995,3.33,2.84,8.0
2026-12-23T16:00:00Z,MTR,3.33,65.8,979.0,10.29,16,357,-0.86603,-0.5,-0.14144,0.98995,1.82,3.57,7.94
2026-12-23T17:00:00Z,MTR,1.82,62.7,980.7,13.77,17,357,-0.96593,-0.25882,-0.14144,0.98995,2.51,1.88,7.5
2026-12-23T18:00:00Z,MTR,2.51,55.4,981.1,9.97,18,357,-1.0,-0.0,-0.14144,0.98995,3.0,2.59,8.0
2026-12-23T19:00:00Z,MTR,3.0,68.8,977.0,14.44,19,357,-0.96593,0.25882,-0.14144,0.98995,2.85,3.69,7.94
2026-12-23T20:00:00Z,MTR,2.85,75.7,977.3,13.4,20,357,-0.86603,0.5,-0.14144,0.98995,2.84,5.35,8.0
2026-12-23T21:00:00Z,MTR,2.84,70.4,979.9,12.88,21,357,-0.70711,0.70711,-0.14144,0.98995,3.57,6.32,8.0
2026-12-23T22:00:00Z,MTR,3.57,70.2,981.2,10.64,22,357,-0.5,0.86603,-0.14144,0.98995,1.88,7.8,8.0
2026-12-23T23:00:00Z,MTR,1.88,68.1,982.3,9.09,23,357,-0.25882,0.96593,-0.14144,0.98995,2.59,7.89,7.89
2026-12-24T00:00:00Z,MTR,2.59,68.0,979.4,13.38,0,358,0.0,1.0,-0.12439,0.99223,3.69,8.0,7.48
2026-12-24T01:00:00Z,MTR,3.69,69.9,978.6,15.23,1,358,0.25882,0.96593,-0.12439,0.99223,5.35,7.81,8.0
2026-12-24T02:00:00Z,MTR,5.35,64.3,979.8,9.22,2,358,0.5,0.86603,-0.12439,0.99223,6.32,7.61,8.0
2026-12-24T03:00:00Z,MTR,6.32,68.7,981.1,11.77,3,358,0.70711,0.70711,-0.12439,0.99223,7.8,8.0,8.0
2026-12-24T04:00:00Z,MTR,7.8,78.9,983.7,10.88,4,358,0.86603,0.5,-0.12439,0.99223,7.89,8.0,8.0
2026-12-24T05:00:00Z,MTR,7.89,57.8,983.8,10.25,5,358,0.96593,0.25882,-0.12439,0.99223,8.0,8.0,8.0
2026-12-24T06:00:00Z,MTR,8.0,68.9,984.8,12.42,6,358,1.0,0.0,-0.12439,0.99223,7.81,8.0,8.0
2026-12-24T07:00:00Z,MTR,7.81,59.6,985.1,7.9,7,358,0.96593,-0.25882,-0.12439,0.99223,7.61,8.0,8.0
2026-12-24T08:00:00Z,MTR,7.61,72.3,983.7,12.15,8,358,0.86603,-0.5,-0.12439,0.99223,8.0,8.0,8.0
2026-12-24T09:00:00Z,MTR,8.0,70.1,979.9,10.63,9,358,0.70711,-0.70711,-0.12439,0.99223,8.0,8.0,8.0
2026-12-24T10:00:00Z,MTR,8.0,62.7,981.3,6.07,10,358,0.5,-0.86603,-0.12439,0.99223,8.0,7.94,8.0
2026-12-24T11:00:00Z,MTR,8.0,64.1,982.0,7.57,11,358,0.25882,-0.96593,-0.12439,0.99223,8.0,7.5,8.0
2026-12-24T12:00:00Z,MTR,8.0,70.5,981.3,10.79,12,358,0.0,-1.0,-0.12439,0.99223,8.0,8.0,8.0
2026-12-24T13:00:00Z,MTR,8.0,78.8,978.9,13.99,13,358,-0.25882,-0.96593,-0.12439,0.99223,8.0,7.94,8.0
2026-12-24T14:00:00Z,MTR,8.0,72.4,980.5,13.15,14,358,-0.5,-0.86603,-0.12439,0.99223,8.0,8.0,8.0
2026-12-24T15:00:00Z,MTR,8.0,65.7,980.5,11.21,15,358,-0.70711,-0.70711,-0.12439,0.99223,7.94,8.0,8.0
2026-12-24T16:00:00Z,MTR,7.94,68.0,981.9,8.24,16,358,-0.86603,-0.5,-0.12439,0.99223,7.5,8.0,8.0
2026-12-24T17:00:00Z,MTR,7.5,69.4,985.6,6.88,17,358,-0.96593,-0.25882,-0.12439,0.99223,8.0,7.89,8.0
2026-12-24T18:00:00Z,MTR,8.0,68.9,981.9,11.38,18,358,-1.0,-0.0,-0.12439,0.99223,7.94,7.48,7.24
2026-12-24T19:00:00Z,MTR,7.94,66.7,980.9,10.78,19,358,-0.96593,0.25882,-0.12439,0.99223,8.0,8.0,7.2
2026-12-24T20:00:00Z,MTR,8.0,60.9,980.9,12.82,20,358,-0.86603,0.5,-0.12439,0.99223,8.0,8.0,6.5
2026-12-24T21:00:00Z,MTR,8.0,70.1,983.8,9.24,21,358,-0.70711,0.70711,-0.12439,0.99223,8.0,8.0,5.0
2026-12-24T22:00:00Z,MTR,8.0,66.2,981.0,9.29,22,358,-0.5,0.86603,-0.12439,0.99223,7.89,8.0,5.01
2026-12-24T23:00:00Z,MTR,7.89,59.4,984.7,9.03,23,358,-0.25882,0.96593,-0.12439,0.99223,7.48,8.0,5.66
2026-12-25T00:00:00Z,MTR,7.48,66.4,985.1,9.45,0,359,0.0,1.0,-0.10731,0.99423,8.0,8.0,8.0
2026-12-25T01:00:00Z,MTR,8.0,65.6,984.9,5.46,1,359,0.25882,0.96593,-0.10731,0.99423,8.0,8.0,7.75
2026-12-25T02:00:00Z,MTR,8.0,58.9,984.6,10.57,2,359,0.5,0.86603,-0.10731,0.99423,8.0,8.0,8.0
2026-12-25T03:00:00Z,MTR,8.0,60.4,983.9,10.15,3,359,0.70711,0.70711,-0.10731,0.99423,8.0,8.0,8.0
2026-12-25T04:00:00Z,MTR,8.0,65.3,985.9,11.1,4,359,0.86603,0.5,-0.10731,0.99423,8.0,8.0,8.0
2026-12-25T05:00:00Z,MTR,8.0,70.5,984.0,11.41,5,359,0.96593,0.25882,-0.10731,0.99423,8.0,8.0,8.0
2026-12-25T06:00:00Z,MTR,8.0,62.2,984.7,11.77,6,359,1.0,0.0,-0.10731,0.99423,8.0,8.0,8.0
2026-12-25T07:00:00Z,MTR,8.0,63.8,984.1,13.17,7,359,0.96593,-0.25882,-0.10731,0.99423,8.0,8.0,8.0
2026-12-25T08:00:00Z,MTR,8.0,61.8,982.8,10.5,8,359,0.86603,-0.5,-0.10731,0.99423,8.0,8.0,8.0
2026-12-25T09:00:00Z,MTR,8.0,64.7,987.7,4.18,9,359,0.70711,-0.70711,-0.10731,0.99423,8.0,8.0,8.0
2026-12-25T10:00:00Z,MTR,8.0,62.8,988.5,10.06,10,359,0.5,-0.86603,-0.10731,0.99423,8.0,8.0,7.75
2026-12-25T11:00:00Z,MTR,8.0,53.0,989.6,10.38,11,359,0.25882,-0.96593,-0.10731,0.99423,8.0,8.0,6.67
2026-12-25T12:00:00Z,MTR,8.0,63.8,991.6,6.85,12,359,0.0,-1.0,-0.10731,0.99423,8.0,7.24,7.38
2026-12-25T13:00:00Z,MTR,8.0,74.6,988.9,4.15,13,359,-0.25882,-0.96593,-0.10731,0.99423,8.0,7.2,6.34
2026-12-25T14:00:00Z,MTR,8.0,46.6,992.2,9.19,14,359,-0.5,-0.86603,-0.10731,0.99423,8.0,6.5,6.93
2026-12-25T15:00:00Z,MTR,8.0,61.7,987.6,8.59,15,359,-0.70711,-0.70711,-0.10731,0.99423,8.0,5.0,6.59
2026-12-25T16:00:00Z,MTR,8.0,52.7,986.5,6.34,16,359,-0.86603,-0.5,-0.10731,0.99423,8.0,5.01,6.21
2026-12-25T17:00:00Z,MTR,8.0,60.1,986.0,8.63,17,359,-0.96593,-0.25882,-0.10731,0.99423,7.24,5.66,5.36
2026-12-25T18:00:00Z,MTR,7.24,52.8,987.5,8.67,18,359,-1.0,-0.0,-0.10731,0.99423,7.2,8.0,5.06
2026-12-25T19:00:00Z,MTR,7.2,66.5,988.2,7.88,19,359,-0.96593,0.25882,-0.10731,0.99423,6.5,7.75,5.97
2026-12-25T20:00:00Z,MTR,6.5,57.0,988.4,7.37,20,359,-0.86603,0.5,-0.10731,0.99423,5.0,8.0,5.14
2026-12-25T21:00:00Z,MTR,5.0,64.3,988.8,10.14,21,359,-0.70711,0.70711,-0.10731,0.99423,5.01,8.0,4.68
2026-12-25T22:00:00Z,MTR,5.01,61.7,987.5,11.36,22,359,-0.5,0.86603,-0.10731,0.99423,5.66,8.0,5.17
2026-12-25T23:00:00Z,MTR,5.66,72.0,985.4,13.22,23,359,-0.25882,0.96593,-0.10731,0.99423,8.0,8.0,4.25
2026-12-26T00:00:00Z,MTR,8.0,53.4,987.5,6.66,0,360,0.0,1.0,-0.09019,0.99592,7.75,8.0,3.5
2026-12-26T01:00:00Z,MTR,7.75,47.7,989.5,10.61,1,360,0.25882,0.96593,-0.09019,0.99592,8.0,8.0,3.7
2026-12-26T02:00:00Z,MTR,8.0,51.3,993.0,7.22,2,360,0.5,0.86603,-0.09019,0.99592,8.0,8.0,4.91
2026-12-26T03:00:00Z,MTR,8.0,53.4,992.1,7.89,3,360,0.70711,0.70711,-0.09019,0.99592,8.0,8.0,5.16
2026-12-26T04:00:00Z,MTR,8.0,45.8,993.9,8.95,4,360,0.86603,0.5,-0.09019,0.99592,8.0,7.75,5.33
2026-12-26T05:00:00Z,MTR,8.0,55.1,994.0,6.41,5,360,0.96593,0.25882,-0.09019,0.99592,8.0,6.67,5.71
2026-12-26T06:00:00Z,MTR,8.0,51.8,996.7,5.23,6,360,1.0,0.0,-0.09019,0.99592,8.0,7.38,6.06
2026-12-26T07:00:00Z,MTR,8.0,53.7,999.0,3.44,7,360,0.96593,-0.25882,-0.09019,0.99592,8.0,6.34,5.97
2026-12-26T08:00:00Z,MTR,8.0,51.1,999.8,2.24,8,360,0.86603,-0.5,-0.09019,0.99592,8.0,6.93,7.05
2026-12-26T09:00:00Z,MTR,8.0,44.0,999.5,3.39,9,360,0.70711,-0.70711,-0.09019,0.99592,7.75,6.59,7.49
2026-12-26T10:00:00Z,MTR,7.75,38.9,1001.6,4.3,10,360,0.5,-0.86603,-0.09019,0.99592,6.67,6.21,7.28
2026-12-26T11:00:00Z,MTR,6.67,34.4,1003.1,3.38,11,360,0.25882,-0.96593,-0.09019,0.99592,7.38,5.36,7.45
2026-12-26T12:00:00Z,MTR,7.38,42.9,1002.0,3.06,12,360,0.0,-1.0,-0.09019,0.99592,6.34,5.06,7.22
2026-12-26T13:00:00Z,MTR,6.34,45.2,999.9,3.84,13,360,-0.25882,-0.96593,-0.09019,0.99592,6.93,5.97,6.09
2026-12-26T14:00:00Z,MTR,6.93,49.2,999.7,6.71,14,360,-0.5,-0.86603,-0.09019,0.99592,6.59,5.14,7.63
2026-12-26T15:00:00Z,MTR,6.59,35.3,1002.7,3.94,15,360,-0.70711,-0.70711,-0.09019,0.99592,6.21,4.68,7.47
2026-12-26T16:00:00Z,MTR,6.21,41.1,1004.9,0.88,16,360,-0.86603,-0.5,-0.09019,0.99592,5.36,5.17,6.41
2026-12-26T17:00:00Z,MTR,5.36,45.8,1002.9,3.65,17,360,-0.96593,-0.25882,-0.09019,0.99592,5.06,4.25,5.24
2026-12-26T18:00:00Z,MTR,5.06,42.6,1000.8,5.46,18,360,-1.0,-0.0,-0.09019,0.99592,5.97,3.5,3.87
2026-12-26T19:00:00Z,MTR,5.97,46.2,1003.2,5.35,19,360,-0.96593,0.25882,-0.09019,0.99592,5.14,3.7,3.14
2026-12-26T20:00:00Z,MTR,5.14,44.4,1001.0,5.28,20,360,-0.86603,0.5,-0.09019,0.99592,4.68,4.91,2.14
2026-12-26T21:00:00Z,MTR,4.68,50.7,1001.9,5.57,21,360,-0.70711,0.70711,-0.09019,0.99592,5.17,5.16,1.97
2026-12-26T22:00:00Z,MTR,5.17,53.2,1000.6,5.31,22,360,-0.5,0.86603,-0.09019,0.99592,4.25,5.33,3.27
2026-12-26T23:00:00Z,MTR,4.25,41.9,1003.3,0.2,23,360,-0.25882,0.96593,-0.09019,0.99592,3.5,5.71,2.81
2026-12-27T00:00:00Z,MTR,3.5,48.9,1001.5,3.68,0,361,0.0,1.0,-0.07305,0.99733,3.7,6.06,5.53
2026-12-27T01:00:00Z,MTR,3.7,36.1,1003.1,3.27,1,361,0.25882,0.96593,-0.07305,0.99733,4.91,5.97,6.14
2026-12-27T02:00:00Z,MTR,4.91,42.0,1002.9,7.62,2,361,0.5,0.86603,-0.07305,0.99733,5.16,7.05,7.95
2026-12-27T03:00:00Z,MTR,5.16,45.7,1002.7,5.13,3,361,0.70711,0.70711,-0.07305,0.99733,5.33,7.49,7.13
2026-12-27T04:00:00Z,MTR,5.33,45.8,998.3,4.47,4,361,0.86603,0.5,-0.07305,0.99733,5.71,7.28,6.86
2026-12-27T05:00:00Z,MTR,5.71,51.4,993.7,5.04,5,361,0.96593,0.25882,-0.07305,0.99733,6.06,7.45,6.7
2026-12-27T06:00:00Z,MTR,6.06,49.2,992.8,6.21,6,361,1.0,0.0,-0.07305,0.99733,5.97,7.22,7.0
2026-12-27T07:00:00Z,MTR,5.97,62.6,992.7,5.33,7,361,0.96593,-0.25882,-0.07305,0.99733,7.05,6.09,7.86
2026-12-27T08:00:00Z,MTR,7.05,53.9,990.0,12.21,8,361,0.86603,-0.5,-0.07305,0.99733,7.49,7.63,6.99
2026-12-27T09:00:00Z,MTR,7.49,64.1,987.4,8.69,9,361,0.70711,-0.70711,-0.07305,0.99733,7.28,7.47,7.92
2026-12-27T10:00:00Z,MTR,7.28,57.8,987.7,10.24,10,361,0.5,-0.86603,-0.07305,0.99733,7.45,6.41,7.62
2026-12-27T11:00:00Z,MTR,7.45,63.0,988.0,9.53,11,361,0.25882,-0.96593,-0.07305,0.99733,7.22,5.24,8.0
2026-12-27T12:00:00Z,MTR,7.22,58.0,986.9,10.18,12,361,0.0,-1.0,-0.07305,0.99733,6.09,3.87,8.0
2026-12-27T13:00:00Z,MTR,6.09,57.9,987.4,6.94,13,361,-0.25882,-0.96593,-0.07305,0.99733,7.63,3.14,8.0
2026-12-27T14:00:00Z,MTR,7.63,66.5,984.3,12.41,14,361,-0.5,-0.86603,-0.07305,0.99733,7.47,2.14,8.0
2026-12-27T15:00:00Z,MTR,7.47,68.4,982.7,10.09,15,361,-0.70711,-0.70711,-0.07305,0.99733,6.41,1.97,8.0
2026-12-27T16:00:00Z,MTR,6.41,68.4,984.7,12.59,16,361,-0.86603,-0.5,-0.07305,0.99733,5.24,3.27,8.0
2026-12-27T17:00:00Z,MTR,5.24,64.6,983.7,10.78,17,361,-0.96593,-0.25882,-0.07305,0.99733,3.87,2.81,8.0
2026-12-27T18:00:00Z,MTR,3.87,71.7,982.8,13.74,18,361,-1.0,-0.0,-0.07305,0.99733,3.14,5.53,8.0
2026-12-27T19:00:00Z,MTR,3.14,63.5,985.8,10.43,19,361,-0.96593,0.25882,-0.07305,0.99733,2.14,6.14,8.0
2026-12-27T20:00:00Z,MTR,2.14,65.4,981.9,10.15,20,361,-0.86603,0.5,-0.07305,0.99733,1.97,7.95,8.0
2026-12-27T21:00:00Z,MTR,1.97,71.0,982.2,13.26,21,361,-0.70711,0.70711,-0.07305,0.99733,3.27,7.13,8.0
2026-12-27T22:00:00Z,MTR,3.27,64.7,983.9,10.15,22,361,-0.5,0.86603,-0.07305,0.99733,2.81,6.86,8.0
2026-12-27T23:00:00Z,MTR,2.81,67.7,981.9,11.6,23,361,-0.25882,0.96593,-0.07305,0.99733,5.53,6.7,8.0
2026-12-28T00:00:00Z,MTR,5.53,61.1,982.2,10.62,0,362,0.0,1.0,-0.05588,0.99844,6.14,7.0,7.59
2026-12-28T01:00:00Z,MTR,6.14,65.8,979.1,10.39,1,362,0.25882,0.96593,-0.05588,0.99844,7.95,7.86,6.74
2026-12-28T02:00:00Z,MTR,7.95,74.0,976.7,11.96,2,362,0.5,0.86603,-0.05588,0.99844,7.13,6.99,6.2
2026-12-28T03:00:00Z,MTR,7.13,68.4,976.3,13.83,3,362,0.70711,0.70711,-0.05588,0.99844,6.86,7.92,7.7
2026-12-28T04:00:00Z,MTR,6.86,72.7,976.7,14.21,4,362,0.86603,0.5,-0.05588,0.99844,6.7,7.62,7.53
2026-12-28T05:00:00Z,MTR,6.7,60.2,977.7,7.9,5,362,0.96593,0.25882,-0.05588,0.99844,7.0,8.0,7.48
2026-12-28T06:00:00Z,MTR,7.0,78.6,979.5,11.98,6,362,1.0,0.0,-0.05588,0.99844,7.86,8.0,8.0
2026-12-28T07:00:00Z,MTR,7.86,73.6,978.2,11.59,7,362,0.96593,-0.25882,-0.05588,0.99844,6.99,8.0,7.84
2026-12-28T08:00:00Z,MTR,6.99,65.9,979.4,8.63,8,362,0.86603,-0.5,-0.05588,0.99844,7.92,8.0,8.0
2026-12-28T09:00:00Z,MTR,7.92,78.9,977.8,13.62,9,362,0.70711,-0.70711,-0.05588,0.99844,7.62,8.0,7.41
2026-12-28T10:00:00Z,MTR,7.62,66.6,978.5,15.27,10,362,0.5,-0.86603,-0.05588,0.99844,8.0,8.0,8.0
2026-12-28T11:00:00Z,MTR,8.0,68.6,978.1,14.78,11,362,0.25882,-0.96593,-0.05588,0.99844,8.0,8.0,8.0
2026-12-28T12:00:00Z,MTR,8.0,71.6,978.1,7.13,12,362,0.0,-1.0,-0.05588,0.99844,8.0,8.0,8.0
2026-12-28T13:00:00Z,MTR,8.0,75.2,978.2,12.42,13,362,-0.25882,-0.96593,-0.05588,0.99844,8.0,8.0,8.0
2026-12-28T14:00:00Z,MTR,8.0,70.9,974.7,11.64,14,362,-0.5,-0.86603,-0.05588,0.99844,8.0,8.0,8.0
2026-12-28T15:00:00Z,MTR,8.0,78.8,972.3,12.83,15,362,-0.70711,-0.70711,-0.05588,0.99844,8.0,8.0,8.0
2026-12-28T16:00:00Z,MTR,8.0,78.3,972.3,13.21,16,362,-0.86603,-0.5,-0.05588,0.99844,8.0,8.0,8.0
2026-12-28T17:00:00Z,MTR,8.0,78.7,969.2,10.31,17,362,-0.96593,-0.25882,-0.05588,0.99844,8.0,8.0,8.0
2026-12-28T18:00:00Z,MTR,8.0,74.4,970.9,10.08,18,362,-1.0,-0.0,-0.05588,0.99844,8.0,7.59,8.0
2026-12-28T19:00:00Z,MTR,8.0,80.7,972.7,13.78,19,362,-0.96593,0.25882,-0.05588,0.99844,8.0,6.74,8.0
2026-12-28T20:00:00Z,MTR,8.0,65.6,973.4,13.85,20,362,-0.86603,0.5,-0.05588,0.99844,8.0,6.2,7.69
2026-12-28T21:00:00Z,MTR,8.0,78.1,971.7,13.56,21,362,-0.70711,0.70711,-0.05588,0.99844,8.0,7.7,6.77
2026-12-28T22:00:00Z,MTR,8.0,70.2,974.6,10.49,22,362,-0.5,0.86603,-0.05588,0.99844,8.0,7.53,7.14
2026-12-28T23:00:00Z,MTR,8.0,69.1,978.6,10.83,23,362,-0.25882,0.96593,-0.05588,0.99844,7.59,7.48,6.45
2026-12-29T00:00:00Z,MTR,7.59,66.8,979.1,14.37,0,363,0.0,1.0,-0.0387,0.99925,6.74,8.0,6.6
2026-12-29T01:00:00Z,MTR,6.74,61.8,980.3,10.35,1,363,0.25882,0.96593,-0.0387,0.99925,6.2,7.84,7.09
2026-12-29T02:00:00Z,MTR,6.2,63.8,981.0,9.84,2,363,0.5,0.86603,-0.0387,0.99925,7.7,8.0,6.71
2026-12-29T03:00:00Z,MTR,7.7,63.8,982.3,12.88,3,363,0.70711,0.70711,-0.0387,0.99925,7.53,7.41,6.53
2026-12-29T04:00:00Z,MTR,7.53,64.4,982.4,9.93,4,363,0.86603,0.5,-0.0387,0.99925,7.48,8.0,8.0
2026-12-29T05:00:00Z,MTR,7.48,65.7,982.8,11.61,5,363,0.96593,0.25882,-0.0387,0.99925,8.0,8.0,8.0
2026-12-29T06:00:00Z,MTR,8.0,66.4,984.9,10.47,6,363,1.0,0.0,-0.0387,0.99925,7.84,8.0,8.0
2026-12-29T07:00:00Z,MTR,7.84,64.8,989.5,6.22,7,363,0.96593,-0.25882,-0.0387,0.99925,8.0,8.0,8.0
2026-12-29T08:00:00Z,MTR,8.0,60.2,987.2,6.79,8,363,0.86603,-0.5,-0.0387,0.99925,7.41,8.0,8.0
2026-12-29T09:00:00Z,MTR,7.41,54.2,987.4,6.01,9,363,0.70711,-0.70711,-0.0387,0.99925,8.0,8.0,8.0
2026-12-29T10:00:00Z,MTR,8.0,65.4,985.7,7.25,10,363,0.5,-0.86603,-0.0387,0.99925,8.0,8.0,8.0
2026-12-29T11:00:00Z,MTR,8.0,60.2,989.1,9.79,11,363,0.25882,-0.96593,-0.0387,0.99925,8.0,8.0,8.0
2026-12-29T12:00:00Z,MTR,8.0,53.6,988.4,6.72,12,363,0.0,-1.0,-0.0387,0.99925,8.0,8.0,8.0
2026-12-29T13:00:00Z,MTR,8.0,61.8,986.3,8.8,13,363,-0.25882,-0.96593,-0.0387,0.99925,8.0,8.0,8.0
2026-12-29T14:00:00Z,MTR,8.0,62.8,988.0,7.94,14,363,-0.5,-0.86603,-0.0387,0.99925,8.0,7.69,7.8
2026-12-29T15:00:00Z,MTR,8.0,51.6,991.6,8.05,15,363,-0.70711,-0.70711,-0.0387,0.99925,8.0,6.77,7.8
2026-12-29T16:00:00Z,MTR,8.0,50.3,993.1,4.06,16,363,-0.86603,-0.5,-0.0387,0.99925,8.0,7.14,7.65
2026-12-29T17:00:00Z,MTR,8.0,54.3,993.7,8.79,17,363,-0.96593,-0.25882,-0.0387,0.99925,8.0,6.45,7.68
2026-12-29T18:00:00Z,MTR,8.0,51.6,994.7,9.15,18,363,-1.0,-0.0,-0.0387,0.99925,8.0,6.6,7.15
2026-12-29T19:00:00Z,MTR,8.0,41.5,997.4,5.33,19,363,-0.96593,0.25882,-0.0387,0.99925,7.69,7.09,5.85
2026-12-29T20:00:00Z,MTR,7.69,61.4,995.8,1.43,20,363,-0.86603,0.5,-0.0387,0.99925,6.77,6.71,4.5
2026-12-29T21:00:00Z,MTR,6.77,47.6,995.6,4.24,21,363,-0.70711,0.70711,-0.0387,0.99925,7.14,6.53,4.32
2026-12-29T22:00:00Z,MTR,7.14,48.7,994.9,6.84,22,363,-0.5,0.86603,-0.0387,0.99925,6.45,8.0,6.51
2026-12-29T23:00:00Z,MTR,6.45,52.6,992.8,7.64,23,363,-0.25882,0.96593,-0.0387,0.99925,6.6,8.0,6.83
2026-12-30T00:00:00Z,MTR,6.6,54.0,992.4,6.53,0,364,0.0,1.0,-0.0215,0.99977,7.09,8.0,8.0
2026-12-30T01:00:00Z,MTR,7.09,54.6,994.5,8.54,1,364,0.25882,0.96593,-0.0215,0.99977,6.71,8.0,8.0
2026-12-30T02:00:00Z,MTR,6.71,45.5,995.5,4.85,2,364,0.5,0.86603,-0.0215,0.99977,6.53,8.0,8.0
2026-12-30T03:00:00Z,MTR,6.53,56.9,996.6,7.61,3,364,0.70711,0.70711,-0.0215,0.99977,8.0,8.0,8.0
2026-12-30T04:00:00Z,MTR,8.0,42.8,996.7,5.61,4,364,0.86603,0.5,-0.0215,0.99977,8.0,8.0,8.0
2026-12-30T05:00:00Z,MTR,8.0,46.6,997.4,4.23,5,364,0.96593,0.25882,-0.0215,0.99977,8.0,8.0,8.0
2026-12-30T06:00:00Z,MTR,8.0,55.3,995.7,7.39,6,364,1.0,0.0,-0.0215,0.99977,8.0,8.0,8.0
2026-12-30T07:00:00Z,MTR,8.0,55.3,994.9,6.1,7,364,0.96593,-0.25882,-0.0215,0.99977,8.0,8.0,8.0
2026-12-30T08:00:00Z,MTR,8.0,38.3,995.1,7.91,8,364,0.86603,-0.5,-0.0215,0.99977,8.0,7.8,8.0
2026-12-30T09:00:00Z,MTR,8.0,52.8,995.4,11.86,9,364,0.70711,-0.70711,-0.0215,0.99977,8.0,7.8,8.0
2026-12-30T10:00:00Z,MTR,8.0,50.8,995.7,4.07,10,364,0.5,-0.86603,-0.0215,0.99977,8.0,7.65,8.0
2026-12-30T11:00:00Z,MTR,8.0,53.3,995.1,7.88,11,364,0.25882,-0.96593,-0.0215,0.99977,8.0,7.68,8.0
2026-12-30T12:00:00Z,MTR,8.0,50.1,994.2,7.72,12,364,0.0,-1.0,-0.0215,0.99977,8.0,7.15,8.0
2026-12-30T13:00:00Z,MTR,8.0,46.5,999.6,8.18,13,364,-0.25882,-0.96593,-0.0215,0.99977,7.8,5.85,8.0
2026-12-30T14:00:00Z,MTR,7.8,48.6,1000.7,6.08,14,364,-0.5,-0.86603,-0.0215,0.99977,7.8,4.5,8.0
2026-12-30T15:00:00Z,MTR,7.8,50.0,1000.9,7.35,15,364,-0.70711,-0.70711,-0.0215,0.99977,7.65,4.32,8.0
2026-12-30T16:00:00Z,MTR,7.65,38.7,999.9,2.57,16,364,-0.86603,-0.5,-0.0215,0.99977,7.68,6.51,8.0
2026-12-30T17:00:00Z,MTR,7.68,49.5,998.5,2.44,17,364,-0.96593,-0.25882,-0.0215,0.99977,7.15,6.83,8.0
2026-12-30T18:00:00Z,MTR,7.15,49.9,997.8,3.34,18,364,-1.0,-0.0,-0.0215,0.99977,5.85,8.0,8.0
2026-12-30T19:00:00Z,MTR,5.85,52.7,998.0,4.87,19,364,-0.96593,0.25882,-0.0215,0.99977,4.5,8.0,8.0
2026-12-30T20:00:00Z,MTR,4.5,49.2,994.2,9.21,20,364,-0.86603,0.5,-0.0215,0.99977,4.32,8.0,8.0
2026-12-30T21:00:00Z,MTR,4.32,59.2,991.1,10.66,21,364,-0.70711,0.70711,-0.0215,0.99977,6.51,8.0,8.0
2026-12-30T22:00:00Z,MTR,6.51,47.8,990.0,7.11,22,364,-0.5,0.86603,-0.0215,0.99977,6.83,8.0,8.0
2026-12-30T23:00:00Z,MTR,6.83,55.0,990.4,7.47,23,364,-0.25882,0.96593,-0.0215,0.99977,8.0,8.0,8.0
2026-12-31T00:00:00Z,MTR,8.0,55.0,990.0,5.47,0,365,0.0,1.0,-0.0043,0.99999,8.0,8.0,
2026-12-31T01:00:00Z,MTR,8.0,54.7,992.8,7.04,1,365,0.25882,0.96593,-0.0043,0.99999,8.0,8.0,
2026-12-31T02:00:00Z,MTR,8.0,60.7,990.2,7.38,2,365,0.5,0.86603,-0.0043,0.99999,8.0,8.0,
2026-12-31T03:00:00Z,MTR,8.0,52.9,989.0,7.78,3,365,0.70711,0.70711,-0.0043,0.99999,8.0,8.0,
2026-12-31T04:00:00Z,MTR,8.0,61.9,992.0,9.53,4,365,0.86603,0.5,-0.0043,0.99999,8.0,8.0,
2026-12-31T05:00:00Z,MTR,8.0,43.2,992.4,7.85,5,365,0.96593,0.25882,-0.0043,0.99999,8.0,8.0,
2026-12-31T06:00:00Z,MTR,8.0,43.6,994.2,3.83,6,365,1.0,0.0,-0.0043,0.99999,8.0,8.0,
2026-12-31T07:00:00Z,MTR,8.0,51.8,998.0,0.2,7,365,0.96593,-0.25882,-0.0043,0.99999,8.0,8.0,
2026-12-31T08:00:00Z,MTR,8.0,50.9,996.7,6.71,8,365,0.86603,-0.5,-0.0043,0.99999,8.0,8.0,
2026-12-31T09:00:00Z,MTR,8.0,58.8,996.6,6.11,9,365,0.70711,-0.70711,-0.0043,0.99999,8.0,8.0,
2026-12-31T10:00:00Z,MTR,8.0,54.6,996.2,6.53,10,365,0.5,-0.86603,-0.0043,0.99999,8.0,8.0,
2026-12-31T11:00:00Z,MTR,8.0,54.5,992.8,7.37,11,365,0.25882,-0.96593,-0.0043,0.99999,8.0,8.0,
2026-12-31T12:00:00Z,MTR,8.0,51.4,992.6,4.68,12,365,0.0,-1.0,-0.0043,0.99999,8.0,8.0,
2026-12-31T13:00:00Z,MTR,8.0,49.1,994.5,5.94,13,365,-0.25882,-0.96593,-0.0043,0.99999,8.0,8.0,
2026-12-31T14:00:00Z,MTR,8.0,52.6,995.8,5.28,14,365,-0.5,-0.86603,-0.0043,0.99999,8.0,8.0,
2026-12-31T15:00:00Z,MTR,8.0,46.5,997.2,5.28,15,365,-0.70711,-0.70711,-0.0043,0.99999,8.0,8.0,
2026-12-31T16:00:00Z,MTR,8.0,51.8,996.7,7.36,16,365,-0.86603,-0.5,-0.0043,0.99999,8.0,8.0,
2026-12-31T17:00:00Z,MTR,8.0,47.3,995.7,4.77,17,365,-0.96593,-0.25882,-0.0043,0.99999,8.0,8.0,
2026-12-31T18:00:00Z,MTR,8.0,48.6,998.3,2.77,18,365,-1.0,-0.0,-0.0043,0.99999,8.0,,
2026-12-31T19:00:00Z,MTR,8.0,57.6,997.5,8.01,19,365,-0.96593,0.25882,-0.0043,0.99999,8.0,,
2026-12-31T20:00:00Z,MTR,8.0,50.7,998.2,3.65,20,365,-0.86603,0.5,-0.0043,0.99999,8.0,,
2026-12-31T21:00:00Z,MTR,8.0,46.3,998.6,7.28,21,365,-0.70711,0.70711,-0.0043,0.99999,8.0,,
2026-12-31T22:00:00Z,MTR,8.0,48.0,1001.3,8.38,22,365,-0.5,0.86603,-0.0043,0.99999,8.0,,
2026-12-31T23:00:00Z,MTR,8.0,45.5,1002.9,6.55,23,365,-0.25882,0.96593,-0.0043,0.99999,,,
