station_id,sensor_id,timestamp,target_value,is_anomaly,anomaly_type,any_anomaly_in_window,split,reconstruction_error,model_version
MTR,HUM_001,2026-03-01T23:49:00+00:00,52.96887713492148,0,NORMAL,0,val,0.011249027214944363,lstm-ae-v2-candidate
MTR,HUM_001,2026-03-01T23:50:00+00:00,53.8717371489039,0,NORMAL,0,val,0.010652068071067333,lstm-ae-v2-candidate
MTR,HUM_001,2026-03-01T23:51:00+00:00,53.946058577098505,0,NORMAL,0,val,0.010294819250702858,lstm-ae-v2-candidate
MTR,HUM_001,2026-03-01T23:52:00+00:00,53.72785291328048,0,NORMAL,0,val,0.010512594133615494,lstm-ae-v2-candidate
MTR,HUM_001,2026-03-01T23:53:00+00:00,52.69791923241102,0,NORMAL,0,val,0.0132087217643857,lstm-ae-v2-candidate
MTR,HUM_001,2026-03-01T23:54:00+00:00,54.61186605450118,0,NORMAL,0,val,0.01251143403351307,lstm-ae-v2-candidate
MTR,HUM_001,2026-03-01T23:55:00+00:00,54.30056713561196,0,NORMAL,0,val,0.012559937313199043,lstm-ae-v2-candidate
MTR,HUM_001,2026-03-01T23:56:00+00:00,54.64419825371081,0,NORMAL,0,val,0.013092459179461002,lstm-ae-v2-candidate
MTR,HUM_001,2026-03-01T23:57:00+00:00,54.75839680728333,0,NORMAL,0,val,0.010398290120065212,lstm-ae-v2-candidate
MTR,HUM_001,2026-03-01T23:58:00+00:00,53.959542715928194,0,NORMAL,0,val,0.010722186416387558,lstm-ae-v2-candidate
MTR,HUM_001,2026-03-01T23:59:00+00:00,54.85928826123486,0,NORMAL,0,val,0.011056940071284771,lstm-ae-v2-candidate
MTR,HUM_001,2026-03-02T00:00:00+00:00,82.98509873060833,1,SPIKE,1,val,0.6455650329589844,lstm-ae-v2-candidate
MTR,HUM_001,2026-03-02T00:01:00+00:00,82.47615703863421,1,SPIKE,1,val,1.1271302700042725,lstm-ae-v2-candidate
MTR,HUM_001,2026-03-02T00:02:00+00:00,82.86796793046305,1,SPIKE,1,val,1.629363775253296,lstm-ae-v2-candidate
MTR,HUM_001,2026-03-02T00:03:00+00:00,56.395476700370025,0,NORMAL,1,val,1.606069564819336,lstm-ae-v2-candidate
MTR,HUM_001,2026-03-02T00:04:00+00:00,57.03961944805274,0,NORMAL,1,val,1.7016141414642334,lstm-ae-v2-candidate
MTR,HUM_001,2026-03-02T00:05:00+00:00,55.7775142624675,0,NORMAL,1,val,1.8174341917037964,lstm-ae-v2-candidate
MTR,HUM_001,2026-03-02T00:06:00+00:00,55.813419378670915,0,NORMAL,1,val,1.90559720993042,lstm-ae-v2-candidate
MTR,HUM_001,2026-03-02T00:07:00+00:00,56.12765291568391,0,NORMAL,1,val,1.963566541671753,lstm-ae-v2-candidate
MTR,HUM_001,2026-03-02T00:08:00+00:00,55.96487675108907,0,NORMAL,1,val,2.010037899017334,lstm-ae-v2-candidate
MTR,HUM_001,2026-03-02T00:09:00+00:00,56.8874366816569,0,NORMAL,1,val,2.0354456901550293,lstm-ae-v2-candidate
MTR,HUM_001,2026-03-02T00:10:00+00:00,57.01033058239554,0,NORMAL,1,val,2.052628993988037,lstm-ae-v2-candidate
MTR,HUM_001,2026-03-02T00:11:00+00:00,58.14857747564432,0,NORMAL,1,val,2.04707407951355,lstm-ae-v2-candidate
MTR,HUM_001,2026-03-02T00:12:00+00:00,56.18978777358264,0,NORMAL,1,val,2.06282639503479,lstm-ae-v2-candidate
MTR,HUM_001,2026-03-02T00:13:00+00:00,58.20099611098871,0,NORMAL,1,val,2.0506057739257812,lstm-ae-v2-candidate
MTR,HUM_001,2026-03-02T00:14:00+00:00,58.413611932233835,0,NORMAL,1,val,2.044351100921631,lstm-ae-v2-candidate
MTR,HUM_001,2026-03-02T00:15:00+00:00,57.52992808284004,0,NORMAL,1,val,2.043273687362671,lstm-ae-v2-candidate
MTR,HUM_001,2026-03-02T00:16:00+00:00,59.34334732614046,0,NORMAL,1,val,2.0517334938049316,lstm-ae-v2-candidate
MTR,HUM_001,2026-03-02T00:17:00+00:00,59.25116853758223,0,NORMAL,1,val,2.062176465988159,lstm-ae-v2-candidate
MTR,HUM_001,2026-03-02T00:18:00+00:00,58.696087028607394,0,NORMAL,1,val,2.0625123977661133,lstm-ae-v2-candidate
MTR,HUM_001,2026-03-02T00:19:00+00:00,57.35980652933565,0,NORMAL,1,val,2.0425493717193604,lstm-ae-v2-candidate
MTR,HUM_001,2026-03-02T00:20:00+00:00,58.30522965882271,0,NORMAL,1,val,2.020768642425537,lstm-ae-v2-candidate
MTR,HUM_001,2026-03-02T00:21:00+00:00,58.41627144713224,0,NORMAL,1,val,1.9842758178710938,lstm-ae-v2-candidate
MTR,HUM_001,2026-03-02T00:22:00+00:00,58.63602603639516,0,NORMAL,1,val,1.927318811416626,lstm-ae-v2-candidate
MTR,HUM_001,2026-03-02T00:23:00+00:00,59.042626384174405,0,NORMAL,1,val,1.8355854749679565,lstm-ae-v2-candidate
MTR,HUM_001,2026-03-02T00:24:00+00:00,58.035954859520054,0,NORMAL,1,val,1.7633709907531738,lstm-ae-v2-candidate
MTR,HUM_001,2026-03-02T00:25:00+00:00,57.409120256791546,0,NORMAL,1,val,1.6799005270004272,lstm-ae-v2-candidate
MTR,HUM_001,2026-03-02T00:26:00+00:00,58.31984186201049,0,NORMAL,1,val,1.599866271018982,lstm-ae-v2-candidate
MTR,HUM_001,2026-03-02T00:27:00+00:00,58.19416749227915,0,NORMAL,1,val,1.5230135917663574,lstm-ae-v2-candidate
MTR,HUM_001,2026-03-02T00:28:00+00:00,58.68720373206992,0,NORMAL,1,val,1.437346339225769,lstm-ae-v2-candidate
MTR,HUM_001,2026-03-02T00:29:00+00:00,58.298756038729024,0,NORMAL,1,val,1.3969626426696777,lstm-ae-v2-candidate
MTR,HUM_001,2026-03-02T00:30:00+00:00,57.93652516131448,0,NORMAL,1,val,1.0139167308807373,lstm-ae-v2-candidate
MTR,HUM_001,2026-03-02T00:31:00+00:00,59.84431805264595,0,NORMAL,1,val,0.5897538065910339,lstm-ae-v2-candidate
MTR,HUM_001,2026-03-02T00:32:00+00:00,58.22104932277835,0,NORMAL,0,val,0.016507070511579514,lstm-ae-v2-candidate
MTR,HUM_001,2026-03-02T00:33:00+00:00,58.56576138281733,0,NORMAL,0,val,0.016624972224235535,lstm-ae-v2-candidate
MTR,HUM_001,2026-03-02T00:34:00+00:00,57.83558678101725,0,NORMAL,0,val,0.015853537246584892,lstm-ae-v2-candidate
MTR,HUM_001,2026-03-02T00:35:00+00:00,58.99315907232528,0,NORMAL,0,val,0.01647111400961876,lstm-ae-v2-candidate
MTR,HUM_001,2026-03-02T00:36:00+00:00,59.53509343668327,0,NORMAL,0,val,0.017098689451813698,lstm-ae-v2-candidate
MTR,HUM_001,2026-03-02T00:37:00+00:00,59.74774938072851,0,NORMAL,0,val,0.017254294827580452,lstm-ae-v2-candidate
MTR,HUM_001,2026-03-02T00:38:00+00:00,59.600834815017514,0,NORMAL,0,val,0.01538570411503315,lstm-ae-v2-candidate
MTR,HUM_001,2026-03-02T00:39:00+00:00,59.11334982571817,0,NORMAL,0,val,0.014375507831573486,lstm-ae-v2-candidate
MTR,HUM_001,2026-03-02T00:40:00+00:00,58.69729361918469,0,NORMAL,0,val,0.013552766293287277,lstm-ae-v2-candidate
MTR,HUM_001,2026-03-02T00:41:00+00:00,60.064839250295854,0,NORMAL,0,val,0.014134449884295464,lstm-ae-v2-candidate
MTR,HUM_001,2026-03-02T00:42:00+00:00,61.42412205879137,0,NORMAL,0,val,0.014155510812997818,lstm-ae-v2-candidate
MTR,HUM_001,2026-03-02T00:43:00+00:00,60.56538836278275,0,NORMAL,0,val,0.014203879982233047,lstm-ae-v2-candidate
MTR,HUM_001,2026-03-02T00:44:00+00:00,60.502423439738216,0,NORMAL,0,val,0.014458691701292992,lstm-ae-v2-candidate
MTR,HUM_001,2026-03-02T00:45:00+00:00,59.43152885866791,0,NORMAL,0,val,0.014935007318854332,lstm-ae-v2-candidate
MTR,HUM_001,2026-03-02T00:46:00+00:00,60.15864339293743,0,NORMAL,0,val,0.013856539502739906,lstm-ae-v2-candidate
MTR,HUM_001,2026-03-02T00:47:00+00:00,59.453219135269535,0,NORMAL,0,val,0.01280792523175478,lstm-ae-v2-candidate
MTR,HUM_001,2026-03-02T00:48:00+00:00,61.09823500908368,0,NORMAL,0,val,0.01262589730322361,lstm-ae-v2-candidate
MTR,HUM_001,2026-03-02T00:49:00+00:00,59.913879928588656,0,NORMAL,0,val,0.012811940163373947,lstm-ae-v2-candidate
MTR,HUM_001,2026-03-02T00:50:00+00:00,59.79721071337778,0,NORMAL,0,val,0.013099647127091885,lstm-ae-v2-candidate
MTR,HUM_001,2026-03-02T00:51:00+00:00,59.09579502514054,0,NORMAL,0,val,0.013933609239757061,lstm-ae-v2-candidate
MTR,HUM_001,2026-03-02T00:52:00+00:00,60.132700864803226,0,NORMAL,0,val,0.013200046494603157,lstm-ae-v2-candidate
MTR,HUM_001,2026-03-02T00:53:00+00:00,59.968929818130704,0,NORMAL,0,val,0.011531236581504345,lstm-ae-v2-candidate
MTR,HUM_001,2026-03-02T00:54:00+00:00,61.13108936352933,0,NORMAL,0,val,0.013354978524148464,lstm-ae-v2-candidate
MTR,HUM_001,2026-03-02T00:55:00+00:00,60.8882079572906,0,NORMAL,0,val,0.013777447864413261,lstm-ae-v2-candidate
MTR,HUM_001,2026-03-02T00:56:00+00:00,60.92533136883356,0,NORMAL,0,val,0.014227693900465965,lstm-ae-v2-candidate
MTR,HUM_001,2026-03-02T00:57:00+00:00,61.30129328665786,0,NORMAL,0,val,0.01491999439895153,lstm-ae-v2-candidate
MTR,HUM_001,2026-03-02T00:58:00+00:00,62.3224639035359,0,NORMAL,0,val,0.01718132011592388,lstm-ae-v2-candidate
MTR,HUM_001,2026-03-02T00:59:00+00:00,62.210019446299896,0,NORMAL,0,val,0.017681259661912918,lstm-ae-v2-candidate
MTR,HUM_001,2026-03-02T01:00:00+00:00,62.534446032314946,1,DRIFT,1,val,0.017294874414801598,lstm-ae-v2-candidate
MTR,HUM_001,2026-03-02T01:01:00+00:00,63.053550434598264,1,DRIFT,1,val,0.016542427241802216,lstm-ae-v2-candidate
MTR,HUM_001,2026-03-02T01:02:00+00:00,63.72712912969231,1,DRIFT,1,val,0.016943376511335373,lstm-ae-v2-candidate
MTR,HUM_001,2026-03-02T01:03:00+00:00,64.69970700628822,1,DRIFT,1,val,0.019088689237833023,lstm-ae-v2-candidate
MTR,HUM_001,2026-03-02T01:04:00+00:00,64.51514739412863,1,DRIFT,1,val,0.018034417182207108,lstm-ae-v2-candidate
MTR,HUM_001,2026-03-02T01:05:00+00:00,65.08990910853836,1,DRIFT,1,val,0.019164998084306717,lstm-ae-v2-candidate
MTR,HUM_001,2026-03-02T01:06:00+00:00,64.35190612621908,1,DRIFT,1,val,0.01822122558951378,lstm-ae-v2-candidate
MTR,HUM_001,2026-03-02T01:07:00+00:00,64.53981494917974,1,DRIFT,1,val,0.017627272754907608,lstm-ae-v2-candidate
MTR,HUM_001,2026-03-02T01:08:00+00:00,65.99674478410995,1,DRIFT,1,val,0.019116384908556938,lstm-ae-v2-candidate
MTR,HUM_001,2026-03-02T01:09:00+00:00,67.14303471615146,1,DRIFT,1,val,0.02444172464311123,lstm-ae-v2-candidate
MTR,HUM_001,2026-03-02T01:10:00+00:00,67.34169260436155,1,DRIFT,1,val,0.029342662543058395,lstm-ae-v2-candidate
MTR,HUM_001,2026-03-02T01:11:00+00:00,68.36247389040508,1,DRIFT,1,val,0.03691839426755905,lstm-ae-v2-candidate
MTR,HUM_001,2026-03-02T01:12:00+00:00,69.01191453962237,1,DRIFT,1,val,0.0418001264333725,lstm-ae-v2-candidate
MTR,HUM_001,2026-03-02T01:13:00+00:00,70.04854791490632,1,DRIFT,1,val,0.05723746865987778,lstm-ae-v2-candidate
MTR,HUM_001,2026-03-02T01:14:00+00:00,70.4166558740363,1,DRIFT,1,val,0.07439734786748886,lstm-ae-v2-candidate
MTR,HUM_001,2026-03-02T01:15:00+00:00,71.23026105345926,1,DRIFT,1,val,0.10009760409593582,lstm-ae-v2-candidate
MTR,HUM_001,2026-03-02T01:16:00+00:00,70.92899992857292,1,DRIFT,1,val,0.11779187619686127,lstm-ae-v2-candidate
MTR,HUM_001,2026-03-02T01:17:00+00:00,70.99398891946645,1,DRIFT,1,val,0.13288728892803192,lstm-ae-v2-candidate
MTR,HUM_001,2026-03-02T01:18:00+00:00,73.02368112516868,1,DRIFT,1,val,0.17944027483463287,lstm-ae-v2-candidate
MTR,HUM_001,2026-03-02T01:19:00+00:00,73.28713999684875,1,DRIFT,1,val,0.22170813381671906,lstm-ae-v2-candidate
MTR,HUM_001,2026-03-02T01:20:00+00:00,73.96851084558487,1,DRIFT,1,val,0.26949506998062134,lstm-ae-v2-candidate
MTR,HUM_001,2026-03-02T01:21:00+00:00,73.878369741519,1,DRIFT,1,val,0.3024677336215973,lstm-ae-v2-candidate
MTR,HUM_001,2026-03-02T01:22:00+00:00,74.78407771355981,1,DRIFT,1,val,0.3550436794757843,lstm-ae-v2-candidate
MTR,HUM_001,2026-03-02T01:23:00+00:00,74.63428279254978,1,DRIFT,1,val,0.3960448205471039,lstm-ae-v2-candidate
MTR,HUM_001,2026-03-02T01:24:00+00:00,76.03106219865523,1,DRIFT,1,val,0.4718813896179199,lstm-ae-v2-candidate
MTR,HUM_001,2026-03-02T01:25:00+00:00,75.04028919034825,1,DRIFT,1,val,0.5175499320030212,lstm-ae-v2-candidate
MTR,HUM_001,2026-03-02T01:26:00+00:00,75.86613679720627,1,DRIFT,1,val,0.58404940366745,lstm-ae-v2-candidate
MTR,HUM_001,2026-03-02T01:27:00+00:00,76.00081046975001,1,DRIFT,1,val,0.6578016877174377,lstm-ae-v2-candidate
MTR,HUM_001,2026-03-02T01:28:00+00:00,76.20724183628244,1,DRIFT,1,val,0.7424744367599487,lstm-ae-v2-candidate
MTR,HUM_001,2026-03-02T01:29:00+00:00,76.57935196665501,1,DRIFT,1,val,0.8420190215110779,lstm-ae-v2-candidate
MTR,HUM_001,2026-03-02T01:30:00+00:00,64.25669915576047,0,NORMAL,1,val,0.7788113951683044,lstm-ae-v2-candidate
MTR,HUM_001,2026-03-02T01:31:00+00:00,63.80840936053033,0,NORMAL,1,val,0.7533208131790161,lstm-ae-v2-candidate
MTR,HUM_001,2026-03-02T01:32:00+00:00,64.08398912323979,0,NORMAL,1,val,0.7563934326171875,lstm-ae-v2-candidate
MTR,HUM_001,2026-03-02T01:33:00+00:00,65.02063897372553,0,NORMAL,1,val,0.7704448699951172,lstm-ae-v2-candidate
MTR,HUM_001,2026-03-02T01:34:00+00:00,64.90659356213379,0,NORMAL,1,val,0.7889485955238342,lstm-ae-v2-candidate
MTR,HUM_001,2026-03-02T01:35:00+00:00,64.77997949463759,0,NORMAL,1,val,0.8045292496681213,lstm-ae-v2-candidate
MTR,HUM_001,2026-03-02T01:36:00+00:00,64.94060067946697,0,NORMAL,1,val,0.8316680192947388,lstm-ae-v2-candidate
MTR,HUM_001,2026-03-02T01:37:00+00:00,64.41732352053835,0,NORMAL,1,val,0.8465178608894348,lstm-ae-v2-candidate
MTR,HUM_001,2026-03-02T01:38:00+00:00,64.73377750089463,0,NORMAL,1,val,0.8571776151657104,lstm-ae-v2-candidate
MTR,HUM_001,2026-03-02T01:39:00+00:00,64.94988544890064,0,NORMAL,1,val,0.8619696497917175,lstm-ae-v2-candidate
MTR,HUM_001,2026-03-02T01:40:00+00:00,64.7076944778334,0,NORMAL,1,val,0.8610821962356567,lstm-ae-v2-candidate
MTR,HUM_001,2026-03-02T01:41:00+00:00,64.33395416517313,0,NORMAL,1,val,0.8502523899078369,lstm-ae-v2-candidate
MTR,HUM_001,2026-03-02T01:42:00+00:00,64.91741707547544,0,NORMAL,1,val,0.8511466383934021,lstm-ae-v2-candidate
MTR,HUM_001,2026-03-02T01:43:00+00:00,64.12021188111636,0,NORMAL,1,val,0.8368459939956665,lstm-ae-v2-candidate
MTR,HUM_001,2026-03-02T01:44:00+00:00,63.33125217735563,0,NORMAL,1,val,0.8202017545700073,lstm-ae-v2-candidate
MTR,HUM_001,2026-03-02T01:45:00+00:00,63.266448130950266,0,NORMAL,1,val,0.8025223612785339,lstm-ae-v2-candidate
MTR,HUM_001,2026-03-02T01:46:00+00:00,63.18940821390937,0,NORMAL,1,val,0.7956979870796204,lstm-ae-v2-candidate
MTR,HUM_001,2026-03-02T01:47:00+00:00,62.44886503164712,0,NORMAL,1,val,0.7938724160194397,lstm-ae-v2-candidate
MTR,HUM_001,2026-03-02T01:48:00+00:00,63.36676727051912,0,NORMAL,1,val,0.7736907601356506,lstm-ae-v2-candidate
MTR,HUM_001,2026-03-02T01:49:00+00:00,62.62005440520375,0,NORMAL,1,val,0.7477341890335083,lstm-ae-v2-candidate
MTR,HUM_001,2026-03-02T01:50:00+00:00,63.16978738497992,0,NORMAL,1,val,0.7126866579055786,lstm-ae-v2-candidate
MTR,HUM_001,2026-03-02T01:51:00+00:00,63.296517206048485,0,NORMAL,1,val,0.678799569606781,lstm-ae-v2-candidate
MTR,HUM_001,2026-03-02T01:52:00+00:00,64.44236602089099,0,NORMAL,1,val,0.6297587156295776,lstm-ae-v2-candidate
MTR,HUM_001,2026-03-02T01:53:00+00:00,63.02774877975981,0,NORMAL,1,val,0.5768759250640869,lstm-ae-v2-candidate
MTR,HUM_001,2026-03-02T01:54:00+00:00,63.298737477197726,0,NORMAL,1,val,0.4937812387943268,lstm-ae-v2-candidate
MTR,HUM_001,2026-03-02T01:55:00+00:00,63.18424293666348,0,NORMAL,1,val,0.4282926023006439,lstm-ae-v2-candidate
MTR,HUM_001,2026-03-02T01:56:00+00:00,63.09825117678291,0,NORMAL,1,val,0.3429614007472992,lstm-ae-v2-candidate
MTR,HUM_001,2026-03-02T01:57:00+00:00,62.463307676853326,0,NORMAL,1,val,0.2515387535095215,lstm-ae-v2-candidate
MTR,HUM_001,2026-03-02T01:58:00+00:00,61.75877645884536,0,NORMAL,1,val,0.14977431297302246,lstm-ae-v2-candidate
MTR,HUM_001,2026-03-02T01:59:00+00:00,60.682975964881805,0,NORMAL,0,val,0.01137953344732523,lstm-ae-v2-candidate
MTR,HUM_001,2026-03-02T02:00:00+00:00,61.61180898928287,0,NORMAL,0,val,0.011006179265677929,lstm-ae-v2-candidate
MTR,HUM_001,2026-03-02T02:01:00+00:00,61.68766788582921,0,NORMAL,0,val,0.010624338872730732,lstm-ae-v2-candidate
MTR,HUM_001,2026-03-02T02:02:00+00:00,60.67985694658413,0,NORMAL,0,val,0.011913557536900043,lstm-ae-v2-candidate
MTR,HUM_001,2026-03-02T02:03:00+00:00,61.58061653041711,0,NORMAL,0,val,0.01169851329177618,lstm-ae-v2-candidate
MTR,HUM_001,2026-03-02T02:04:00+00:00,61.148969682629435,0,NORMAL,0,val,0.011462945491075516,lstm-ae-v2-candidate
MTR,HUM_001,2026-03-02T02:05:00+00:00,60.40291825915712,0,NORMAL,0,val,0.01186928991228342,lstm-ae-v2-candidate
MTR,HUM_001,2026-03-02T02:06:00+00:00,59.387493459566905,0,NORMAL,0,val,0.012530661188066006,lstm-ae-v2-candidate
MTR,HUM_001,2026-03-02T02:07:00+00:00,59.412438860251,0,NORMAL,0,val,0.013073140755295753,lstm-ae-v2-candidate
MTR,HUM_001,2026-03-02T02:08:00+00:00,58.821363911181834,0,NORMAL,0,val,0.013104117475450039,lstm-ae-v2-candidate
MTR,HUM_001,2026-03-02T02:09:00+00:00,58.82614533423949,0,NORMAL,0,val,0.011778351850807667,lstm-ae-v2-candidate
MTR,HUM_001,2026-03-02T02:10:00+00:00,58.09460999213455,0,NORMAL,0,val,0.010744347237050533,lstm-ae-v2-candidate
MTR,HUM_001,2026-03-02T02:11:00+00:00,56.5451201387168,0,NORMAL,0,val,0.01210072822868824,lstm-ae-v2-candidate
MTR,HUM_001,2026-03-02T02:12:00+00:00,57.389401968421495,0,NORMAL,0,val,0.010220921598374844,lstm-ae-v2-candidate
MTR,HUM_001,2026-03-02T02:13:00+00:00,57.48227057932357,0,NORMAL,0,val,0.010428672656416893,lstm-ae-v2-candidate
MTR,HUM_001,2026-03-02T02:14:00+00:00,56.966941986325,0,NORMAL,0,val,0.011171289719641209,lstm-ae-v2-candidate
MTR,HUM_001,2026-03-02T02:15:00+00:00,57.54543329751809,0,NORMAL,0,val,0.01278908085078001,lstm-ae-v2-candidate
MTR,HUM_001,2026-03-02T02:16:00+00:00,57.95642275036465,0,NORMAL,0,val,0.014933532103896141,lstm-ae-v2-candidate
MTR,HUM_001,2026-03-02T02:17:00+00:00,55.91305640074321,0,NORMAL,0,val,0.014293926768004894,lstm-ae-v2-candidate
MTR,HUM_001,2026-03-02T02:18:00+00:00,54.707959206761714,0,NORMAL,0,val,0.01573270745575428,lstm-ae-v2-candidate
MTR,HUM_001,2026-03-02T02:19:00+00:00,55.27441638031769,0,NORMAL,0,val,0.015688804909586906,lstm-ae-v2-candidate
MTR,HUM_001,2026-03-02T02:56:00+00:00,50.02915188905663,0,NORMAL,0,val,0.009243576787412167,lstm-ae-v2-candidate
MTR,HUM_001,2026-03-02T02:57:00+00:00,49.88203935964022,0,NORMAL,0,val,0.009026440791785717,lstm-ae-v2-candidate
MTR,HUM_001,2026-03-02T02:58:00+00:00,50.02597962321276,0,NORMAL,0,val,0.008841821923851967,lstm-ae-v2-candidate
MTR,HUM_001,2026-03-02T02:59:00+00:00,49.121731517015554,0,NORMAL,0,val,0.00973252858966589,lstm-ae-v2-candidate
MTR,HUM_001,2026-03-02T03:00:00+00:00,49.000085757284765,0,NORMAL,0,val,0.009334951639175415,lstm-ae-v2-candidate
MTR,HUM_001,2026-03-02T03:01:00+00:00,49.22360268314597,0,NORMAL,0,val,0.009472283534705639,lstm-ae-v2-candidate
MTR,HUM_001,2026-03-02T03:02:00+00:00,49.11098390780256,0,NORMAL,0,val,0.009530351497232914,lstm-ae-v2-candidate
MTR,HUM_001,2026-03-02T03:03:00+00:00,48.05437506970467,0,NORMAL,0,val,0.010426027700304985,lstm-ae-v2-candidate
MTR,HUM_001,2026-03-02T03:04:00+00:00,48.16750092918632,0,NORMAL,0,val,0.010621046647429466,lstm-ae-v2-candidate
MTR,HUM_001,2026-03-02T03:05:00+00:00,47.99769484847703,0,NORMAL,0,val,0.011023372411727905,lstm-ae-v2-candidate
MTR,HUM_001,2026-03-02T03:06:00+00:00,47.278829708278685,0,NORMAL,0,val,0.011624849401414394,lstm-ae-v2-candidate
MTR,HUM_001,2026-03-02T03:07:00+00:00,47.1784906784147,0,NORMAL,0,val,0.012012002058327198,lstm-ae-v2-candidate
MTR,HUM_001,2026-03-02T03:08:00+00:00,48.01932615479539,0,NORMAL,0,val,0.01252669282257557,lstm-ae-v2-candidate
MTR,HUM_001,2026-03-02T03:09:00+00:00,48.30803279500825,0,NORMAL,0,val,0.01318351086229086,lstm-ae-v2-candidate
MTR,HUM_001,2026-03-02T03:10:00+00:00,47.41947138833081,0,NORMAL,0,val,0.013183641247451305,lstm-ae-v2-candidate
MTR,HUM_001,2026-03-02T03:11:00+00:00,47.87907495210575,0,NORMAL,0,val,0.013003725558519363,lstm-ae-v2-candidate
MTR,HUM_001,2026-03-02T03:12:00+00:00,47.340627525908424,0,NORMAL,0,val,0.010942050255835056,lstm-ae-v2-candidate
MTR,HUM_001,2026-03-02T03:13:00+00:00,48.46661845192168,0,NORMAL,0,val,0.011502021923661232,lstm-ae-v2-candidate
MTR,HUM_001,2026-03-02T03:14:00+00:00,47.37967998705044,0,NORMAL,0,val,0.010008356533944607,lstm-ae-v2-candidate
MTR,HUM_001,2026-03-02T03:15:00+00:00,47.7597113183352,0,NORMAL,0,val,0.00951586477458477,lstm-ae-v2-candidate
MTR,HUM_001,2026-03-02T03:16:00+00:00,47.89271626266822,0,NORMAL,0,val,0.009611282497644424,lstm-ae-v2-candidate
MTR,HUM_001,2026-03-02T03:17:00+00:00,47.7945930647778,0,NORMAL,0,val,0.010027226060628891,lstm-ae-v2-candidate
MTR,HUM_001,2026-03-02T03:18:00+00:00,47.902767184603995,0,NORMAL,0,val,0.00905898492783308,lstm-ae-v2-candidate
MTR,HUM_001,2026-03-02T03:19:00+00:00,48.24865621392745,0,NORMAL,0,val,0.009746548719704151,lstm-ae-v2-candidate
MTR,HUM_001,2026-03-02T03:20:00+00:00,48.24865621392745,1,STUCK_VALUE,1,val,0.010658951476216316,lstm-ae-v2-candidate
MTR,HUM_001,2026-03-02T03:21:00+00:00,48.24865621392745,1,STUCK_VALUE,1,val,0.011423919349908829,lstm-ae-v2-candidate
MTR,HUM_001,2026-03-02T03:22:00+00:00,48.24865621392745,1,STUCK_VALUE,1,val,0.012171345762908459,lstm-ae-v2-candidate
MTR,HUM_001,2026-03-02T03:23:00+00:00,48.24865621392745,1,STUCK_VALUE,1,val,0.013507303781807423,lstm-ae-v2-candidate
MTR,HUM_001,2026-03-02T03:24:00+00:00,48.24865621392745,1,STUCK_VALUE,1,val,0.011952639557421207,lstm-ae-v2-candidate
MTR,HUM_001,2026-03-02T03:25:00+00:00,48.24865621392745,1,STUCK_VALUE,1,val,0.009768936783075333,lstm-ae-v2-candidate
MTR,HUM_001,2026-03-02T03:26:00+00:00,48.24865621392745,1,STUCK_VALUE,1,val,0.009331589564681053,lstm-ae-v2-candidate
MTR,HUM_001,2026-03-02T03:27:00+00:00,48.24865621392745,1,STUCK_VALUE,1,val,0.008536563254892826,lstm-ae-v2-candidate
MTR,HUM_001,2026-03-02T03:28:00+00:00,48.24865621392745,1,STUCK_VALUE,1,val,0.006481257267296314,lstm-ae-v2-candidate
MTR,HUM_001,2026-03-02T03:29:00+00:00,48.24865621392745,1,STUCK_VALUE,1,val,0.005944492761045694,lstm-ae-v2-candidate
MTR,HUM_001,2026-03-02T03:30:00+00:00,48.24865621392745,1,STUCK_VALUE,1,val,0.005364326760172844,lstm-ae-v2-candidate
MTR,HUM_001,2026-03-02T03:31:00+00:00,48.24865621392745,1,STUCK_VALUE,1,val,0.004039720632135868,lstm-ae-v2-candidate
MTR,HUM_001,2026-03-02T03:32:00+00:00,48.24865621392745,1,STUCK_VALUE,1,val,0.002696437295526266,lstm-ae-v2-candidate
MTR,HUM_001,2026-03-02T03:33:00+00:00,48.24865621392745,1,STUCK_VALUE,1,val,0.0027334452606737614,lstm-ae-v2-candidate
MTR,HUM_001,2026-03-02T03:34:00+00:00,48.24865621392745,1,STUCK_VALUE,1,val,0.002641447586938739,lstm-ae-v2-candidate
MTR,HUM_001,2026-03-02T03:35:00+00:00,48.24865621392745,1,STUCK_VALUE,1,val,0.0026889571454375982,lstm-ae-v2-candidate
MTR,HUM_001,2026-03-02T03:36:00+00:00,48.24865621392745,1,STUCK_VALUE,1,val,0.0025326190516352654,lstm-ae-v2-candidate
MTR,HUM_001,2026-03-02T03:37:00+00:00,48.24865621392745,1,STUCK_VALUE,1,val,0.0020931328181177378,lstm-ae-v2-candidate
MTR,HUM_001,2026-03-02T03:38:00+00:00,48.24865621392745,1,STUCK_VALUE,1,val,0.002138976939022541,lstm-ae-v2-candidate
MTR,HUM_001,2026-03-02T03:39:00+00:00,48.24865621392745,1,STUCK_VALUE,1,val,0.0020629491191357374,lstm-ae-v2-candidate
MTR,HUM_001,2026-03-02T03:40:00+00:00,48.24865621392745,1,STUCK_VALUE,1,val,0.0018408176256343722,lstm-ae-v2-candidate
MTR,HUM_001,2026-03-02T03:41:00+00:00,48.24865621392745,1,STUCK_VALUE,1,val,0.0018963086185976863,lstm-ae-v2-candidate
MTR,HUM_001,2026-03-02T03:42:00+00:00,48.24865621392745,1,STUCK_VALUE,1,val,0.0014247283106669784,lstm-ae-v2-candidate
MTR,HUM_001,2026-03-02T03:43:00+00:00,48.24865621392745,1,STUCK_VALUE,1,val,0.001325462362729013,lstm-ae-v2-candidate
MTR,HUM_001,2026-03-02T03:44:00+00:00,47.627786036865906,0,NORMAL,1,val,0.0013410705141723156,lstm-ae-v2-candidate
MTR,HUM_001,2026-03-02T03:45:00+00:00,47.46391851026542,0,NORMAL,1,val,0.0017889448208734393,lstm-ae-v2-candidate
MTR,HUM_001,2026-03-02T03:46:00+00:00,48.00152351663234,0,NORMAL,1,val,0.001692881458438933,lstm-ae-v2-candidate
MTR,HUM_001,2026-03-02T03:47:00+00:00,48.9867839378498,0,NORMAL,1,val,0.001959431916475296,lstm-ae-v2-candidate
MTR,HUM_001,2026-03-02T03:48:00+00:00,48.20036507543819,0,NORMAL,1,val,0.0017442468088120222,lstm-ae-v2-candidate
MTR,HUM_001,2026-03-02T03:49:00+00:00,47.86676939026487,0,NORMAL,1,val,0.00186176598072052,lstm-ae-v2-candidate
MTR,HUM_001,2026-03-02T03:50:00+00:00,47.93423630572956,0,NORMAL,1,val,0.0019129756838083267,lstm-ae-v2-candidate
MTR,HUM_001,2026-03-02T03:51:00+00:00,48.22335131687792,0,NORMAL,1,val,0.0018835184164345264,lstm-ae-v2-candidate
MTR,HUM_001,2026-03-02T03:52:00+00:00,47.68795164717384,0,NORMAL,1,val,0.0020789867267012596,lstm-ae-v2-candidate
MTR,HUM_001,2026-03-02T03:53:00+00:00,47.123224375995214,0,NORMAL,1,val,0.002932805335149169,lstm-ae-v2-candidate
MTR,HUM_001,2026-03-02T03:54:00+00:00,49.202935927619414,0,NORMAL,1,val,0.004106617067009211,lstm-ae-v2-candidate
MTR,HUM_001,2026-03-02T03:55:00+00:00,47.89236972776145,0,NORMAL,1,val,0.004113988019526005,lstm-ae-v2-candidate
MTR,HUM_001,2026-03-02T03:56:00+00:00,47.892176365769416,0,NORMAL,1,val,0.004132904578000307,lstm-ae-v2-candidate
MTR,HUM_001,2026-03-02T03:57:00+00:00,47.92579944009116,0,NORMAL,1,val,0.004131189547479153,lstm-ae-v2-candidate
MTR,HUM_001,2026-03-02T03:58:00+00:00,48.622402564449594,0,NORMAL,1,val,0.004332517273724079,lstm-ae-v2-candidate
MTR,HUM_001,2026-03-02T03:59:00+00:00,47.883610427312405,0,NORMAL,1,val,0.004381416365504265,lstm-ae-v2-candidate
MTR,HUM_001,2026-03-02T04:00:00+00:00,48.87358482849701,0,NORMAL,1,val,0.004803041461855173,lstm-ae-v2-candidate
MTR,HUM_001,2026-03-02T04:01:00+00:00,48.5716473851906,0,NORMAL,1,val,0.004875429440289736,lstm-ae-v2-candidate
MTR,HUM_001,2026-03-02T04:02:00+00:00,48.26482600834161,0,NORMAL,1,val,0.004890068434178829,lstm-ae-v2-candidate
MTR,HUM_001,2026-03-02T04:03:00+00:00,48.84544499776159,0,NORMAL,1,val,0.005086404737085104,lstm-ae-v2-candidate
MTR,HUM_001,2026-03-02T04:04:00+00:00,47.98300381709937,0,NORMAL,1,val,0.005304476246237755,lstm-ae-v2-candidate
MTR,HUM_001,2026-03-02T04:05:00+00:00,49.38074231220862,0,NORMAL,1,val,0.006007649470120668,lstm-ae-v2-candidate
MTR,HUM_001,2026-03-02T04:06:00+00:00,47.54595395935567,0,NORMAL,1,val,0.007008372340351343,lstm-ae-v2-candidate
MTR,HUM_001,2026-03-02T04:07:00+00:00,50.17592073060691,0,NORMAL,1,val,0.009193774312734604,lstm-ae-v2-candidate
MTR,HUM_001,2026-03-02T04:08:00+00:00,49.89238438021722,0,NORMAL,1,val,0.010045269504189491,lstm-ae-v2-candidate
MTR,HUM_001,2026-03-02T04:09:00+00:00,49.95939215168305,0,NORMAL,1,val,0.010572905652225018,lstm-ae-v2-candidate
MTR,HUM_001,2026-03-02T04:10:00+00:00,49.16422291619817,0,NORMAL,1,val,0.010541132651269436,lstm-ae-v2-candidate
MTR,HUM_001,2026-03-02T04:11:00+00:00,49.1888584327297,0,NORMAL,1,val,0.010421382263302803,lstm-ae-v2-candidate
MTR,HUM_001,2026-03-02T04:12:00+00:00,50.49656449180531,0,NORMAL,1,val,0.010847365483641624,lstm-ae-v2-candidate
MTR,HUM_001,2026-03-02T04:13:00+00:00,50.838775774277806,0,NORMAL,0,val,0.011399643495678902,lstm-ae-v2-candidate
MTR,HUM_001,2026-03-02T04:14:00+00:00,50.41065066073416,0,NORMAL,0,val,0.011558663100004196,lstm-ae-v2-candidate
MTR,HUM_001,2026-03-02T04:15:00+00:00,51.12855350087284,0,NORMAL,0,val,0.012145647779107094,lstm-ae-v2-candidate
MTR,HUM_001,2026-03-02T04:16:00+00:00,52.27434640544072,0,NORMAL,0,val,0.01437870692461729,lstm-ae-v2-candidate
MTR,HUM_001,2026-03-02T04:17:00+00:00,51.78510394707608,0,NORMAL,0,val,0.013218860141932964,lstm-ae-v2-candidate
MTR,HUM_001,2026-03-02T04:18:00+00:00,51.77023480083402,0,NORMAL,0,val,0.012937351129949093,lstm-ae-v2-candidate
MTR,HUM_001,2026-03-02T04:19:00+00:00,52.62418630843841,0,NORMAL,0,val,0.01340460404753685,lstm-ae-v2-candidate
MTR,POWER_001,2026-03-01T23:49:00+00:00,31.94266150840969,0,NORMAL,0,val,0.008894101716578007,lstm-ae-v2-candidate
MTR,POWER_001,2026-03-01T23:50:00+00:00,32.207841286703314,0,NORMAL,0,val,0.008435939438641071,lstm-ae-v2-candidate
MTR,POWER_001,2026-03-01T23:51:00+00:00,31.86996166861629,0,NORMAL,0,val,0.00778516149148345,lstm-ae-v2-candidate
MTR,POWER_001,2026-03-01T23:52:00+00:00,31.92384309533619,0,NORMAL,0,val,0.008233497850596905,lstm-ae-v2-candidate
MTR,POWER_001,2026-03-01T23:53:00+00:00,32.13827523465454,0,NORMAL,0,val,0.008542260155081749,lstm-ae-v2-candidate
MTR,POWER_001,2026-03-01T23:54:00+00:00,32.57716056688665,0,NORMAL,0,val,0.008135760203003883,lstm-ae-v2-candidate
MTR,POWER_001,2026-03-01T23:55:00+00:00,33.49676866277004,0,NORMAL,0,val,0.007991855964064598,lstm-ae-v2-candidate
MTR,POWER_001,2026-03-01T23:56:00+00:00,32.82794260245497,0,NORMAL,0,val,0.007132386788725853,lstm-ae-v2-candidate
MTR,POWER_001,2026-03-01T23:57:00+00:00,32.86964777240865,0,NORMAL,0,val,0.006346973590552807,lstm-ae-v2-candidate
MTR,POWER_001,2026-03-01T23:58:00+00:00,32.32411531306915,0,NORMAL,0,val,0.006540804635733366,lstm-ae-v2-candidate
MTR,POWER_001,2026-03-01T23:59:00+00:00,32.46447026103785,0,NORMAL,0,val,0.00657525984570384,lstm-ae-v2-candidate
MTR,POWER_001,2026-03-02T00:00:00+00:00,52.659149569985914,1,SPIKE,1,val,0.5606821179389954,lstm-ae-v2-candidate
MTR,POWER_001,2026-03-02T00:01:00+00:00,52.72171347229745,1,SPIKE,1,val,0.9702461361885071,lstm-ae-v2-candidate
MTR,POWER_001,2026-03-02T00:02:00+00:00,52.47527129711301,1,SPIKE,1,val,1.3054277896881104,lstm-ae-v2-candidate
MTR,POWER_001,2026-03-02T00:03:00+00:00,52.91695905355617,1,SPIKE,1,val,1.6349198818206787,lstm-ae-v2-candidate
MTR,POWER_001,2026-03-02T00:04:00+00:00,53.403701214419314,1,SPIKE,1,val,2.0242574214935303,lstm-ae-v2-candidate
MTR,POWER_001,2026-03-02T00:05:00+00:00,53.2456093539585,1,SPIKE,1,val,2.4336633682250977,lstm-ae-v2-candidate
MTR,POWER_001,2026-03-02T00:06:00+00:00,33.84013311588253,0,NORMAL,1,val,2.3848965167999268,lstm-ae-v2-candidate
MTR,POWER_001,2026-03-02T00:07:00+00:00,34.03730220771449,0,NORMAL,1,val,2.668509006500244,lstm-ae-v2-candidate
MTR,POWER_001,2026-03-02T00:08:00+00:00,33.33908857702881,0,NORMAL,1,val,2.98299503326416,lstm-ae-v2-candidate
MTR,POWER_001,2026-03-02T00:09:00+00:00,33.36290172096372,0,NORMAL,1,val,3.204829454421997,lstm-ae-v2-candidate
MTR,POWER_001,2026-03-02T00:10:00+00:00,33.077608029637524,0,NORMAL,1,val,3.366891384124756,lstm-ae-v2-candidate
MTR,POWER_001,2026-03-02T00:11:00+00:00,33.31169551605819,0,NORMAL,1,val,3.4558966159820557,lstm-ae-v2-candidate
MTR,POWER_001,2026-03-02T00:12:00+00:00,33.894865221633374,0,NORMAL,1,val,3.490147590637207,lstm-ae-v2-candidate
MTR,POWER_001,2026-03-02T00:13:00+00:00,33.847923570742104,0,NORMAL,1,val,3.5004360675811768,lstm-ae-v2-candidate
MTR,POWER_001,2026-03-02T00:14:00+00:00,34.862494911599974,0,NORMAL,1,val,3.4723358154296875,lstm-ae-v2-candidate
MTR,POWER_001,2026-03-02T00:15:00+00:00,34.182624661156495,0,NORMAL,1,val,3.439457654953003,lstm-ae-v2-candidate
MTR,POWER_001,2026-03-02T00:16:00+00:00,34.07660582949412,0,NORMAL,1,val,3.3967628479003906,lstm-ae-v2-candidate
MTR,POWER_001,2026-03-02T00:17:00+00:00,34.29423144834638,0,NORMAL,1,val,3.3403468132019043,lstm-ae-v2-candidate
MTR,POWER_001,2026-03-02T00:18:00+00:00,34.67968356868707,0,NORMAL,1,val,3.2750751972198486,lstm-ae-v2-candidate
MTR,POWER_001,2026-03-02T00:19:00+00:00,34.74727563613204,0,NORMAL,1,val,3.1951003074645996,lstm-ae-v2-candidate
MTR,POWER_001,2026-03-02T00:20:00+00:00,35.16688675056494,0,NORMAL,1,val,3.110780954360962,lstm-ae-v2-candidate
MTR,POWER_001,2026-03-02T00:21:00+00:00,34.671509899031214,0,NORMAL,1,val,3.003854274749756,lstm-ae-v2-candidate
MTR,POWER_001,2026-03-02T00:22:00+00:00,34.972088430153974,0,NORMAL,1,val,2.882828950881958,lstm-ae-v2-candidate
MTR,POWER_001,2026-03-02T00:23:00+00:00,34.64369828417526,0,NORMAL,1,val,2.754746437072754,lstm-ae-v2-candidate
MTR,POWER_001,2026-03-02T00:24:00+00:00,34.456292434781,0,NORMAL,1,val,2.6306560039520264,lstm-ae-v2-candidate
MTR,POWER_001,2026-03-02T00:25:00+00:00,35.62515794269344,0,NORMAL,1,val,2.5296213626861572,lstm-ae-v2-candidate
MTR,POWER_001,2026-03-02T00:26:00+00:00,36.175254435174885,0,NORMAL,1,val,2.40788197517395,lstm-ae-v2-candidate
MTR,POWER_001,2026-03-02T00:27:00+00:00,36.21419090691335,0,NORMAL,1,val,2.2836344242095947,lstm-ae-v2-candidate
MTR,POWER_001,2026-03-02T00:28:00+00:00,36.44702401780967,0,NORMAL,1,val,2.144951343536377,lstm-ae-v2-candidate
MTR,POWER_001,2026-03-02T00:29:00+00:00,36.63824691649264,0,NORMAL,1,val,2.0322673320770264,lstm-ae-v2-candidate
MTR,POWER_001,2026-03-02T00:30:00+00:00,36.66259503766493,0,NORMAL,1,val,1.8321666717529297,lstm-ae-v2-candidate
MTR,POWER_001,2026-03-02T00:31:00+00:00,37.01043003692891,0,NORMAL,1,val,1.5962178707122803,lstm-ae-v2-candidate
MTR,POWER_001,2026-03-02T00:32:00+00:00,36.280190266335865,0,NORMAL,1,val,1.3138870000839233,lstm-ae-v2-candidate
MTR,POWER_001,2026-03-02T00:33:00+00:00,36.67875085907939,0,NORMAL,1,val,0.9622933268547058,lstm-ae-v2-candidate
MTR,POWER_001,2026-03-02T00:34:00+00:00,37.22471749700722,0,NORMAL,1,val,0.5963860750198364,lstm-ae-v2-candidate
MTR,POWER_001,2026-03-02T00:35:00+00:00,37.900317817909205,0,NORMAL,0,val,0.010751839727163315,lstm-ae-v2-candidate
MTR,POWER_001,2026-03-02T00:36:00+00:00,37.172924929187886,0,NORMAL,0,val,0.009627770632505417,lstm-ae-v2-candidate
MTR,POWER_001,2026-03-02T00:37:00+00:00,38.25951912473239,0,NORMAL,0,val,0.008613912388682365,lstm-ae-v2-candidate
MTR,POWER_001,2026-03-02T00:38:00+00:00,38.23540390061811,0,NORMAL,0,val,0.008568000048398972,lstm-ae-v2-candidate
MTR,POWER_001,2026-03-02T00:39:00+00:00,38.65262614474212,0,NORMAL,0,val,0.008855968713760376,lstm-ae-v2-candidate
MTR,POWER_001,2026-03-02T00:40:00+00:00,38.335310470479186,0,NORMAL,0,val,0.008535847999155521,lstm-ae-v2-candidate
MTR,POWER_001,2026-03-02T00:41:00+00:00,38.48758919658147,0,NORMAL,0,val,0.008272815495729446,lstm-ae-v2-candidate
MTR,POWER_001,2026-03-02T00:42:00+00:00,38.34726921594747,0,NORMAL,0,val,0.008129145950078964,lstm-ae-v2-candidate
MTR,POWER_001,2026-03-02T00:43:00+00:00,38.58800700677329,0,NORMAL,0,val,0.007957668974995613,lstm-ae-v2-candidate
MTR,POWER_001,2026-03-02T00:44:00+00:00,38.78435887148288,0,NORMAL,0,val,0.006192497909069061,lstm-ae-v2-candidate
MTR,POWER_001,2026-03-02T00:45:00+00:00,38.69812850275277,0,NORMAL,0,val,0.006135938689112663,lstm-ae-v2-candidate
MTR,POWER_001,2026-03-02T00:46:00+00:00,39.518211133600246,0,NORMAL,0,val,0.006855024956166744,lstm-ae-v2-candidate
MTR,POWER_001,2026-03-02T00:47:00+00:00,39.104242806129626,0,NORMAL,0,val,0.0070072500966489315,lstm-ae-v2-candidate
MTR,POWER_001,2026-03-02T00:48:00+00:00,39.63202417474797,0,NORMAL,0,val,0.007478438783437014,lstm-ae-v2-candidate
MTR,POWER_001,2026-03-02T00:49:00+00:00,40.54132794635176,0,NORMAL,0,val,0.009919571690261364,lstm-ae-v2-candidate
MTR,POWER_001,2026-03-02T00:50:00+00:00,40.47761152274178,0,NORMAL,0,val,0.010636067017912865,lstm-ae-v2-candidate
MTR,POWER_001,2026-03-02T00:51:00+00:00,40.18737372549184,0,NORMAL,0,val,0.010296685621142387,lstm-ae-v2-candidate
MTR,POWER_001,2026-03-02T00:52:00+00:00,40.78057914098912,0,NORMAL,0,val,0.010617866180837154,lstm-ae-v2-candidate
MTR,POWER_001,2026-03-02T00:53:00+00:00,41.109745859850285,0,NORMAL,0,val,0.010000063106417656,lstm-ae-v2-candidate
MTR,POWER_001,2026-03-02T00:54:00+00:00,40.66427184725804,0,NORMAL,0,val,0.006976104807108641,lstm-ae-v2-candidate
MTR,POWER_001,2026-03-02T00:55:00+00:00,39.91612811364846,0,NORMAL,0,val,0.0076853143982589245,lstm-ae-v2-candidate
MTR,POWER_001,2026-03-02T00:56:00+00:00,40.5729890606998,0,NORMAL,0,val,0.007292591035366058,lstm-ae-v2-candidate
MTR,POWER_001,2026-03-02T00:57:00+00:00,40.970949527105006,0,NORMAL,0,val,0.00721093500033021,lstm-ae-v2-candidate
MTR,POWER_001,2026-03-02T00:58:00+00:00,41.61728126876725,0,NORMAL,0,val,0.00803449284285307,lstm-ae-v2-candidate
MTR,POWER_001,2026-03-02T00:59:00+00:00,41.63525995932565,0,NORMAL,0,val,0.008429144509136677,lstm-ae-v2-candidate
MTR,POWER_001,2026-03-02T01:00:00+00:00,42.26679825630211,1,DRIFT,1,val,0.009650168009102345,lstm-ae-v2-candidate
MTR,POWER_001,2026-03-02T01:01:00+00:00,42.37896555026632,1,DRIFT,1,val,0.010111774317920208,lstm-ae-v2-candidate
MTR,POWER_001,2026-03-02T01:02:00+00:00,43.16861161248209,1,DRIFT,1,val,0.010814392939209938,lstm-ae-v2-candidate
MTR,POWER_001,2026-03-02T01:03:00+00:00,43.20432318337349,1,DRIFT,1,val,0.010624393820762634,lstm-ae-v2-candidate
MTR,POWER_001,2026-03-02T01:04:00+00:00,42.69183557226709,1,DRIFT,1,val,0.009929467923939228,lstm-ae-v2-candidate
MTR,POWER_001,2026-03-02T01:05:00+00:00,44.00068645083633,1,DRIFT,1,val,0.012586093507707119,lstm-ae-v2-candidate
MTR,POWER_001,2026-03-02T01:06:00+00:00,44.53171972974969,1,DRIFT,1,val,0.015931056812405586,lstm-ae-v2-candidate
MTR,POWER_001,2026-03-02T01:07:00+00:00,44.49151252824285,1,DRIFT,1,val,0.018363237380981445,lstm-ae-v2-candidate
MTR,POWER_001,2026-03-02T01:08:00+00:00,45.36348786944491,1,DRIFT,1,val,0.02592913620173931,lstm-ae-v2-candidate
MTR,POWER_001,2026-03-02T01:09:00+00:00,45.862775789477254,1,DRIFT,1,val,0.035877030342817307,lstm-ae-v2-candidate
MTR,POWER_001,2026-03-02T01:10:00+00:00,46.229470188650026,1,DRIFT,1,val,0.04755574092268944,lstm-ae-v2-candidate
MTR,POWER_001,2026-03-02T01:11:00+00:00,45.6769634173451,1,DRIFT,1,val,0.050652794539928436,lstm-ae-v2-candidate
MTR,POWER_001,2026-03-02T01:12:00+00:00,46.72405325787125,1,DRIFT,1,val,0.06472747772932053,lstm-ae-v2-candidate
MTR,POWER_001,2026-03-02T01:13:00+00:00,46.70881335329067,1,DRIFT,1,val,0.07499190419912338,lstm-ae-v2-candidate
MTR,POWER_001,2026-03-02T01:14:00+00:00,46.91864994663691,1,DRIFT,1,val,0.08598010987043381,lstm-ae-v2-candidate
MTR,POWER_001,2026-03-02T01:15:00+00:00,47.22722326282912,1,DRIFT,1,val,0.09798019379377365,lstm-ae-v2-candidate
MTR,POWER_001,2026-03-02T01:16:00+00:00,47.55117455820384,1,DRIFT,1,val,0.11484165489673615,lstm-ae-v2-candidate
MTR,POWER_001,2026-03-02T01:17:00+00:00,47.446947854843025,1,DRIFT,1,val,0.12610970437526703,lstm-ae-v2-candidate
MTR,POWER_001,2026-03-02T01:18:00+00:00,47.91268092545892,1,DRIFT,1,val,0.14504225552082062,lstm-ae-v2-candidate
MTR,POWER_001,2026-03-02T01:19:00+00:00,48.66278475198689,1,DRIFT,1,val,0.1778620332479477,lstm-ae-v2-candidate
MTR,POWER_001,2026-03-02T01:20:00+00:00,49.05965325241494,1,DRIFT,1,val,0.2166144847869873,lstm-ae-v2-candidate
MTR,POWER_001,2026-03-02T01:21:00+00:00,48.865796988674994,1,DRIFT,1,val,0.24746645987033844,lstm-ae-v2-candidate
MTR,POWER_001,2026-03-02T01:22:00+00:00,49.081168431680645,1,DRIFT,1,val,0.28354379534721375,lstm-ae-v2-candidate
MTR,POWER_001,2026-03-02T01:23:00+00:00,49.04316065977774,1,DRIFT,1,val,0.31948500871658325,lstm-ae-v2-candidate
MTR,POWER_001,2026-03-02T01:24:00+00:00,48.8539930639153,1,DRIFT,1,val,0.3552628457546234,lstm-ae-v2-candidate
MTR,POWER_001,2026-03-02T01:25:00+00:00,49.10099172680128,1,DRIFT,1,val,0.40565523505210876,lstm-ae-v2-candidate
MTR,POWER_001,2026-03-02T01:26:00+00:00,50.13846977431249,1,DRIFT,1,val,0.4925309419631958,lstm-ae-v2-candidate
MTR,POWER_001,2026-03-02T01:27:00+00:00,49.30385041977343,1,DRIFT,1,val,0.5614708662033081,lstm-ae-v2-candidate
MTR,POWER_001,2026-03-02T01:28:00+00:00,49.85597193365328,1,DRIFT,1,val,0.6499598026275635,lstm-ae-v2-candidate
MTR,POWER_001,2026-03-02T01:29:00+00:00,50.30881639074823,1,DRIFT,1,val,0.7568222284317017,lstm-ae-v2-candidate
MTR,POWER_001,2026-03-02T01:30:00+00:00,41.37014245469452,0,NORMAL,1,val,0.7536743879318237,lstm-ae-v2-candidate
MTR,POWER_001,2026-03-02T01:31:00+00:00,41.120778011160816,0,NORMAL,1,val,0.752275824546814,lstm-ae-v2-candidate
MTR,POWER_001,2026-03-02T01:32:00+00:00,40.84922495090445,0,NORMAL,1,val,0.735765278339386,lstm-ae-v2-candidate
MTR,POWER_001,2026-03-02T01:33:00+00:00,41.25063991023034,0,NORMAL,1,val,0.7230558395385742,lstm-ae-v2-candidate
MTR,POWER_001,2026-03-02T01:34:00+00:00,40.98312801802187,0,NORMAL,1,val,0.7093814611434937,lstm-ae-v2-candidate
MTR,POWER_001,2026-03-02T01:35:00+00:00,40.80902820928475,0,NORMAL,1,val,0.6749042272567749,lstm-ae-v2-candidate
MTR,POWER_001,2026-03-02T01:36:00+00:00,40.821971550592686,0,NORMAL,1,val,0.6438171863555908,lstm-ae-v2-candidate
MTR,POWER_001,2026-03-02T01:37:00+00:00,40.61578094621912,0,NORMAL,1,val,0.6246469020843506,lstm-ae-v2-candidate
MTR,POWER_001,2026-03-02T01:38:00+00:00,41.36389050302266,0,NORMAL,1,val,0.6186078190803528,lstm-ae-v2-candidate
MTR,POWER_001,2026-03-02T01:39:00+00:00,40.772548341398654,0,NORMAL,1,val,0.6087609529495239,lstm-ae-v2-candidate
MTR,POWER_001,2026-03-02T01:40:00+00:00,39.90042610736947,0,NORMAL,1,val,0.5976044535636902,lstm-ae-v2-candidate
MTR,POWER_001,2026-03-02T01:41:00+00:00,40.559172878090514,0,NORMAL,1,val,0.6064056158065796,lstm-ae-v2-candidate
MTR,POWER_001,2026-03-02T01:42:00+00:00,39.94134834521793,0,NORMAL,1,val,0.6064833402633667,lstm-ae-v2-candidate
MTR,POWER_001,2026-03-02T01:43:00+00:00,40.384831174758446,0,NORMAL,1,val,0.6123313903808594,lstm-ae-v2-candidate
MTR,POWER_001,2026-03-02T01:44:00+00:00,40.96928624408388,0,NORMAL,1,val,0.6213957667350769,lstm-ae-v2-candidate
MTR,POWER_001,2026-03-02T01:45:00+00:00,40.34903096081179,0,NORMAL,1,val,0.6238415837287903,lstm-ae-v2-candidate
MTR,POWER_001,2026-03-02T01:46:00+00:00,40.09829893618839,0,NORMAL,1,val,0.6204702854156494,lstm-ae-v2-candidate
MTR,POWER_001,2026-03-02T01:47:00+00:00,40.69222350018044,0,NORMAL,1,val,0.6220338344573975,lstm-ae-v2-candidate
MTR,POWER_001,2026-03-02T01:48:00+00:00,40.6616481511416,0,NORMAL,1,val,0.6153891682624817,lstm-ae-v2-candidate
MTR,POWER_001,2026-03-02T01:49:00+00:00,39.34462959032491,0,NORMAL,1,val,0.5912373065948486,lstm-ae-v2-candidate
MTR,POWER_001,2026-03-02T01:50:00+00:00,39.34890698910442,0,NORMAL,1,val,0.5574405193328857,lstm-ae-v2-candidate
MTR,POWER_001,2026-03-02T01:51:00+00:00,39.36582139123953,0,NORMAL,1,val,0.5250723958015442,lstm-ae-v2-candidate
MTR,POWER_001,2026-03-02T01:52:00+00:00,39.284088850563016,0,NORMAL,1,val,0.4849186837673187,lstm-ae-v2-candidate
MTR,POWER_001,2026-03-02T01:53:00+00:00,39.04278041367192,0,NORMAL,1,val,0.44251662492752075,lstm-ae-v2-candidate
MTR,POWER_001,2026-03-02T01:54:00+00:00,39.32152725649545,0,NORMAL,1,val,0.4016980528831482,lstm-ae-v2-candidate
MTR,POWER_001,2026-03-02T01:55:00+00:00,38.251834812107475,0,NORMAL,1,val,0.35776540637016296,lstm-ae-v2-candidate
MTR,POWER_001,2026-03-02T01:56:00+00:00,39.31886365086336,0,NORMAL,1,val,0.28255951404571533,lstm-ae-v2-candidate
MTR,POWER_001,2026-03-02T01:57:00+00:00,39.121331578862424,0,NORMAL,1,val,0.22270600497722626,lstm-ae-v2-candidate
MTR,POWER_001,2026-03-02T01:58:00+00:00,40.05854858122019,0,NORMAL,1,val,0.1380409598350525,lstm-ae-v2-candidate
MTR,POWER_001,2026-03-02T01:59:00+00:00,39.72273669340224,0,NORMAL,0,val,0.011174187995493412,lstm-ae-v2-candidate
MTR,POWER_001,2026-03-02T02:00:00+00:00,38.68246551539858,0,NORMAL,0,val,0.011083436198532581,lstm-ae-v2-candidate
MTR,POWER_001,2026-03-02T02:01:00+00:00,38.046068222816785,0,NORMAL,0,val,0.012219443917274475,lstm-ae-v2-candidate
MTR,POWER_001,2026-03-02T02:02:00+00:00,38.467953548092886,0,NORMAL,0,val,0.012452805414795876,lstm-ae-v2-candidate
MTR,POWER_001,2026-03-02T02:03:00+00:00,37.99314519662798,0,NORMAL,0,val,0.0127354571595788,lstm-ae-v2-candidate
MTR,POWER_001,2026-03-02T02:04:00+00:00,38.30771629049801,0,NORMAL,0,val,0.012749913148581982,lstm-ae-v2-candidate
MTR,POWER_001,2026-03-02T02:05:00+00:00,37.39848592325147,0,NORMAL,0,val,0.013607813976705074,lstm-ae-v2-candidate
MTR,POWER_001,2026-03-02T02:06:00+00:00,37.16783003383362,0,NORMAL,0,val,0.01420510932803154,lstm-ae-v2-candidate
MTR,POWER_001,2026-03-02T02:07:00+00:00,37.051403993893494,0,NORMAL,0,val,0.014363043941557407,lstm-ae-v2-candidate
MTR,POWER_001,2026-03-02T02:08:00+00:00,37.25368570502195,0,NORMAL,0,val,0.013022148981690407,lstm-ae-v2-candidate
MTR,POWER_001,2026-03-02T02:09:00+00:00,37.60673675798359,0,NORMAL,0,val,0.01325769443064928,lstm-ae-v2-candidate
MTR,POWER_001,2026-03-02T02:10:00+00:00,36.80342864152172,0,NORMAL,0,val,0.0126014593988657,lstm-ae-v2-candidate
MTR,POWER_001,2026-03-02T02:11:00+00:00,36.77708250221051,0,NORMAL,0,val,0.01251717284321785,lstm-ae-v2-candidate
MTR,POWER_001,2026-03-02T02:12:00+00:00,37.139257875585706,0,NORMAL,0,val,0.01234248373657465,lstm-ae-v2-candidate
MTR,POWER_001,2026-03-02T02:13:00+00:00,36.414258125414705,0,NORMAL,0,val,0.012350881472229958,lstm-ae-v2-candidate
MTR,POWER_001,2026-03-02T02:14:00+00:00,36.17794095123251,0,NORMAL,0,val,0.011760322377085686,lstm-ae-v2-candidate
MTR,POWER_001,2026-03-02T02:15:00+00:00,36.73471431210652,0,NORMAL,0,val,0.012239250354468822,lstm-ae-v2-candidate
MTR,POWER_001,2026-03-02T02:16:00+00:00,36.82961620972968,0,NORMAL,0,val,0.012888485565781593,lstm-ae-v2-candidate
MTR,POWER_001,2026-03-02T02:17:00+00:00,35.68142077876913,0,NORMAL,0,val,0.012360158376395702,lstm-ae-v2-candidate
MTR,POWER_001,2026-03-02T02:18:00+00:00,35.69825525402424,0,NORMAL,0,val,0.011285706423223019,lstm-ae-v2-candidate
MTR,POWER_001,2026-03-02T02:19:00+00:00,34.770058251479604,0,NORMAL,0,val,0.012203887104988098,lstm-ae-v2-candidate
MTR,POWER_001,2026-03-02T02:54:00+00:00,30.61034861282791,0,NORMAL,0,val,0.008460965007543564,lstm-ae-v2-candidate
MTR,POWER_001,2026-03-02T02:55:00+00:00,31.331796931082632,0,NORMAL,0,val,0.00881141610443592,lstm-ae-v2-candidate
MTR,POWER_001,2026-03-02T02:56:00+00:00,31.44867829542283,0,NORMAL,0,val,0.009466439485549927,lstm-ae-v2-candidate
MTR,POWER_001,2026-03-02T02:57:00+00:00,30.92523549329042,0,NORMAL,0,val,0.008832970634102821,lstm-ae-v2-candidate
MTR,POWER_001,2026-03-02T02:58:00+00:00,30.992584342201713,0,NORMAL,0,val,0.008167876861989498,lstm-ae-v2-candidate
MTR,POWER_001,2026-03-02T02:59:00+00:00,31.188096307447463,0,NORMAL,0,val,0.008395581506192684,lstm-ae-v2-candidate
MTR,POWER_001,2026-03-02T03:00:00+00:00,30.632083589097228,0,NORMAL,0,val,0.008297928608953953,lstm-ae-v2-candidate
MTR,POWER_001,2026-03-02T03:01:00+00:00,31.113250119345135,0,NORMAL,0,val,0.006187652703374624,lstm-ae-v2-candidate
MTR,POWER_001,2026-03-02T03:02:00+00:00,31.344899158926363,0,NORMAL,0,val,0.005906019825488329,lstm-ae-v2-candidate
MTR,POWER_001,2026-03-02T03:03:00+00:00,30.733157622887397,0,NORMAL,0,val,0.0059178294613957405,lstm-ae-v2-candidate
MTR,POWER_001,2026-03-02T03:04:00+00:00,30.739932503267376,0,NORMAL,0,val,0.00628428440541029,lstm-ae-v2-candidate
MTR,POWER_001,2026-03-02T03:05:00+00:00,29.87221452200199,0,NORMAL,0,val,0.007532002404332161,lstm-ae-v2-candidate
MTR,POWER_001,2026-03-02T03:06:00+00:00,30.18338480771323,0,NORMAL,0,val,0.00751812569797039,lstm-ae-v2-candidate
MTR,POWER_001,2026-03-02T03:07:00+00:00,29.982890235532537,0,NORMAL,0,val,0.0073813446797430515,lstm-ae-v2-candidate
MTR,POWER_001,2026-03-02T03:08:00+00:00,29.1827652033914,0,NORMAL,0,val,0.009384633973240852,lstm-ae-v2-candidate
MTR,POWER_001,2026-03-02T03:09:00+00:00,30.65090179324567,0,NORMAL,0,val,0.008798179216682911,lstm-ae-v2-candidate
MTR,POWER_001,2026-03-02T03:10:00+00:00,30.273776691547432,0,NORMAL,0,val,0.008473319932818413,lstm-ae-v2-candidate
MTR,POWER_001,2026-03-02T03:11:00+00:00,30.332149609544427,0,NORMAL,0,val,0.008638626895844936,lstm-ae-v2-candidate
MTR,POWER_001,2026-03-02T03:12:00+00:00,30.668969337768445,0,NORMAL,0,val,0.008518131449818611,lstm-ae-v2-candidate
MTR,POWER_001,2026-03-02T03:13:00+00:00,29.788603541116327,0,NORMAL,0,val,0.008345873095095158,lstm-ae-v2-candidate
MTR,POWER_001,2026-03-02T03:14:00+00:00,29.915876569271298,0,NORMAL,0,val,0.008561012335121632,lstm-ae-v2-candidate
MTR,POWER_001,2026-03-02T03:15:00+00:00,29.911656334272305,0,NORMAL,0,val,0.0076722800731658936,lstm-ae-v2-candidate
MTR,POWER_001,2026-03-02T03:16:00+00:00,29.599009270224204,0,NORMAL,0,val,0.00742721650749445,lstm-ae-v2-candidate
MTR,POWER_001,2026-03-02T03:17:00+00:00,29.586147159409816,0,NORMAL,0,val,0.007166889496147633,lstm-ae-v2-candidate
MTR,POWER_001,2026-03-02T03:18:00+00:00,29.050705388870465,0,NORMAL,0,val,0.007972723804414272,lstm-ae-v2-candidate
MTR,POWER_001,2026-03-02T03:19:00+00:00,29.40651986821878,0,NORMAL,0,val,0.007622429635375738,lstm-ae-v2-candidate
MTR,POWER_001,2026-03-02T03:20:00+00:00,29.40651986821878,1,STUCK_VALUE,1,val,0.007486219983547926,lstm-ae-v2-candidate
MTR,POWER_001,2026-03-02T03:21:00+00:00,29.40651986821878,1,STUCK_VALUE,1,val,0.007450413890182972,lstm-ae-v2-candidate
MTR,POWER_001,2026-03-02T03:22:00+00:00,29.40651986821878,1,STUCK_VALUE,1,val,0.007511925883591175,lstm-ae-v2-candidate
MTR,POWER_001,2026-03-02T03:23:00+00:00,29.40651986821878,1,STUCK_VALUE,1,val,0.007217586971819401,lstm-ae-v2-candidate
MTR,POWER_001,2026-03-02T03:24:00+00:00,29.40651986821878,1,STUCK_VALUE,1,val,0.006323188543319702,lstm-ae-v2-candidate
MTR,POWER_001,2026-03-02T03:25:00+00:00,29.40651986821878,1,STUCK_VALUE,1,val,0.006436663214117289,lstm-ae-v2-candidate
MTR,POWER_001,2026-03-02T03:26:00+00:00,29.40651986821878,1,STUCK_VALUE,1,val,0.006307139061391354,lstm-ae-v2-candidate
MTR,POWER_001,2026-03-02T03:27:00+00:00,29.40651986821878,1,STUCK_VALUE,1,val,0.006261734291911125,lstm-ae-v2-candidate
MTR,POWER_001,2026-03-02T03:28:00+00:00,29.40651986821878,1,STUCK_VALUE,1,val,0.006337981205433607,lstm-ae-v2-candidate
MTR,POWER_001,2026-03-02T03:29:00+00:00,29.40651986821878,1,STUCK_VALUE,1,val,0.006079716142266989,lstm-ae-v2-candidate
MTR,POWER_001,2026-03-02T03:30:00+00:00,29.40651986821878,1,STUCK_VALUE,1,val,0.006056705489754677,lstm-ae-v2-candidate
MTR,POWER_001,2026-03-02T03:31:00+00:00,29.40651986821878,1,STUCK_VALUE,1,val,0.005979504901915789,lstm-ae-v2-candidate
MTR,POWER_001,2026-03-02T03:32:00+00:00,29.40651986821878,1,STUCK_VALUE,1,val,0.004964285995811224,lstm-ae-v2-candidate
MTR,POWER_001,2026-03-02T03:33:00+00:00,29.40651986821878,1,STUCK_VALUE,1,val,0.004922566935420036,lstm-ae-v2-candidate
MTR,POWER_001,2026-03-02T03:34:00+00:00,29.40651986821878,1,STUCK_VALUE,1,val,0.004571622237563133,lstm-ae-v2-candidate
MTR,POWER_001,2026-03-02T03:35:00+00:00,29.40651986821878,1,STUCK_VALUE,1,val,0.004498437978327274,lstm-ae-v2-candidate
MTR,POWER_001,2026-03-02T03:36:00+00:00,29.40651986821878,1,STUCK_VALUE,1,val,0.004565239883959293,lstm-ae-v2-candidate
MTR,POWER_001,2026-03-02T03:37:00+00:00,29.40651986821878,1,STUCK_VALUE,1,val,0.0044383998028934,lstm-ae-v2-candidate
MTR,POWER_001,2026-03-02T03:38:00+00:00,29.40651986821878,1,STUCK_VALUE,1,val,0.0030883951112627983,lstm-ae-v2-candidate
MTR,POWER_001,2026-03-02T03:39:00+00:00,29.40651986821878,1,STUCK_VALUE,1,val,0.002654532203450799,lstm-ae-v2-candidate
MTR,POWER_001,2026-03-02T03:40:00+00:00,29.40651986821878,1,STUCK_VALUE,1,val,0.0025884262286126614,lstm-ae-v2-candidate
MTR,POWER_001,2026-03-02T03:41:00+00:00,29.40651986821878,1,STUCK_VALUE,1,val,0.002337884623557329,lstm-ae-v2-candidate
MTR,POWER_001,2026-03-02T03:42:00+00:00,29.40651986821878,1,STUCK_VALUE,1,val,0.0009299680823460221,lstm-ae-v2-candidate
MTR,POWER_001,2026-03-02T03:43:00+00:00,29.40651986821878,1,STUCK_VALUE,1,val,0.0009316374780610204,lstm-ae-v2-candidate
MTR,POWER_001,2026-03-02T03:44:00+00:00,28.750054024631854,0,NORMAL,1,val,0.0016864761710166931,lstm-ae-v2-candidate
MTR,POWER_001,2026-03-02T03:45:00+00:00,28.821431309159735,0,NORMAL,1,val,0.002079454017803073,lstm-ae-v2-candidate
MTR,POWER_001,2026-03-02T03:46:00+00:00,28.660033515055034,0,NORMAL,1,val,0.002843259833753109,lstm-ae-v2-candidate
MTR,POWER_001,2026-03-02T03:47:00+00:00,29.18580945969386,0,NORMAL,1,val,0.0028838813304901123,lstm-ae-v2-candidate
MTR,POWER_001,2026-03-02T03:48:00+00:00,28.51966763716287,0,NORMAL,1,val,0.0031981482170522213,lstm-ae-v2-candidate
MTR,POWER_001,2026-03-02T03:49:00+00:00,28.12181727067337,0,NORMAL,1,val,0.004675144795328379,lstm-ae-v2-candidate
MTR,POWER_001,2026-03-02T03:50:00+00:00,28.355068241712015,0,NORMAL,1,val,0.0051953792572021484,lstm-ae-v2-candidate
MTR,POWER_001,2026-03-02T03:51:00+00:00,28.190728373033856,0,NORMAL,1,val,0.005732571240514517,lstm-ae-v2-candidate
MTR,POWER_001,2026-03-02T03:52:00+00:00,28.789348331320625,0,NORMAL,1,val,0.005558551289141178,lstm-ae-v2-candidate
MTR,POWER_001,2026-03-02T03:53:00+00:00,28.58678655117857,0,NORMAL,1,val,0.0052629378624260426,lstm-ae-v2-candidate
MTR,POWER_001,2026-03-02T03:54:00+00:00,28.698157065261768,0,NORMAL,1,val,0.004916176199913025,lstm-ae-v2-candidate
MTR,POWER_001,2026-03-02T03:55:00+00:00,28.941344440469575,0,NORMAL,1,val,0.004661067388951778,lstm-ae-v2-candidate
MTR,POWER_001,2026-03-02T03:56:00+00:00,29.027655073062025,0,NORMAL,1,val,0.00445344764739275,lstm-ae-v2-candidate
MTR,POWER_001,2026-03-02T03:57:00+00:00,29.74716835879204,0,NORMAL,1,val,0.005742222536355257,lstm-ae-v2-candidate
MTR,POWER_001,2026-03-02T03:58:00+00:00,27.817483926787535,0,NORMAL,1,val,0.006867456249892712,lstm-ae-v2-candidate
MTR,POWER_001,2026-03-02T03:59:00+00:00,28.72637775050934,0,NORMAL,1,val,0.006685555446892977,lstm-ae-v2-candidate
MTR,POWER_001,2026-03-02T04:00:00+00:00,29.141907245596528,0,NORMAL,1,val,0.006826560478657484,lstm-ae-v2-candidate
MTR,POWER_001,2026-03-02T04:01:00+00:00,29.63221854281693,0,NORMAL,1,val,0.0078774094581604,lstm-ae-v2-candidate
MTR,POWER_001,2026-03-02T04:02:00+00:00,28.852528292562074,0,NORMAL,1,val,0.007884768769145012,lstm-ae-v2-candidate
MTR,POWER_001,2026-03-02T04:03:00+00:00,29.48091303862159,0,NORMAL,1,val,0.008429783396422863,lstm-ae-v2-candidate
MTR,POWER_001,2026-03-02T04:04:00+00:00,28.941694835951647,0,NORMAL,1,val,0.008570468984544277,lstm-ae-v2-candidate
MTR,POWER_001,2026-03-02T04:05:00+00:00,30.178839620009153,0,NORMAL,1,val,0.010490025393664837,lstm-ae-v2-candidate
MTR,POWER_001,2026-03-02T04:06:00+00:00,29.773857778258716,0,NORMAL,1,val,0.010970208793878555,lstm-ae-v2-candidate
MTR,POWER_001,2026-03-02T04:07:00+00:00,29.7023032066947,0,NORMAL,1,val,0.011060060933232307,lstm-ae-v2-candidate
MTR,POWER_001,2026-03-02T04:08:00+00:00,29.774556623257773,0,NORMAL,1,val,0.01091740932315588,lstm-ae-v2-candidate
MTR,POWER_001,2026-03-02T04:09:00+00:00,30.955740268556593,0,NORMAL,1,val,0.01246034074574709,lstm-ae-v2-candidate
MTR,POWER_001,2026-03-02T04:10:00+00:00,30.784939308646575,0,NORMAL,1,val,0.012567104771733284,lstm-ae-v2-candidate
MTR,POWER_001,2026-03-02T04:11:00+00:00,30.479885413656557,0,NORMAL,1,val,0.011819900944828987,lstm-ae-v2-candidate
MTR,POWER_001,2026-03-02T04:12:00+00:00,30.76030621464535,0,NORMAL,1,val,0.010789274238049984,lstm-ae-v2-candidate
MTR,POWER_001,2026-03-02T04:13:00+00:00,30.966200232240816,0,NORMAL,0,val,0.009848522953689098,lstm-ae-v2-candidate
MTR,POWER_001,2026-03-02T04:14:00+00:00,30.649323619096428,0,NORMAL,0,val,0.009717915207147598,lstm-ae-v2-candidate
MTR,POWER_001,2026-03-02T04:15:00+00:00,30.1494930518555,0,NORMAL,0,val,0.010357019491493702,lstm-ae-v2-candidate
MTR,POWER_001,2026-03-02T04:16:00+00:00,30.583724364827813,0,NORMAL,0,val,0.009983080439269543,lstm-ae-v2-candidate
MTR,POWER_001,2026-03-02T04:17:00+00:00,30.715417743669576,0,NORMAL,0,val,0.009192339144647121,lstm-ae-v2-candidate
MTR,POWER_001,2026-03-02T04:18:00+00:00,31.238163730221725,0,NORMAL,0,val,0.009445837698876858,lstm-ae-v2-candidate
MTR,POWER_001,2026-03-02T04:19:00+00:00,31.18959478249577,0,NORMAL,0,val,0.009223571978509426,lstm-ae-v2-candidate
MTR,PRESS_001,2026-03-01T23:49:00+00:00,989.6896317976244,0,NORMAL,0,val,0.006247361656278372,lstm-ae-v2-candidate
MTR,PRESS_001,2026-03-01T23:50:00+00:00,989.5398185616948,0,NORMAL,0,val,0.005660818889737129,lstm-ae-v2-candidate
MTR,PRESS_001,2026-03-01T23:51:00+00:00,989.5029600018418,0,NORMAL,0,val,0.005570751614868641,lstm-ae-v2-candidate
MTR,PRESS_001,2026-03-01T23:52:00+00:00,989.9205035046424,0,NORMAL,0,val,0.006344949826598167,lstm-ae-v2-candidate
MTR,PRESS_001,2026-03-01T23:53:00+00:00,989.7880593541807,0,NORMAL,0,val,0.00649388087913394,lstm-ae-v2-candidate
MTR,PRESS_001,2026-03-01T23:54:00+00:00,989.7426554570026,0,NORMAL,0,val,0.006247347686439753,lstm-ae-v2-candidate
MTR,PRESS_001,2026-03-01T23:55:00+00:00,989.8859517598584,0,NORMAL,0,val,0.005761651787906885,lstm-ae-v2-candidate
MTR,PRESS_001,2026-03-01T23:56:00+00:00,990.1431973701492,0,NORMAL,0,val,0.006513398606330156,lstm-ae-v2-candidate
MTR,PRESS_001,2026-03-01T23:57:00+00:00,990.1126429355436,0,NORMAL,0,val,0.006839722860604525,lstm-ae-v2-candidate
MTR,PRESS_001,2026-03-01T23:58:00+00:00,990.152493978545,0,NORMAL,0,val,0.007094922009855509,lstm-ae-v2-candidate
MTR,PRESS_001,2026-03-01T23:59:00+00:00,990.2468142539184,0,NORMAL,0,val,0.007095038890838623,lstm-ae-v2-candidate
MTR,PRESS_001,2026-03-02T00:00:00+00:00,996.9742373915348,1,SPIKE,1,val,0.6560593843460083,lstm-ae-v2-candidate
MTR,PRESS_001,2026-03-02T00:01:00+00:00,996.8726328048048,1,SPIKE,1,val,1.183579921722412,lstm-ae-v2-candidate
MTR,PRESS_001,2026-03-02T00:02:00+00:00,996.9250623386572,1,SPIKE,1,val,1.7415618896484375,lstm-ae-v2-candidate
MTR,PRESS_001,2026-03-02T00:03:00+00:00,996.7215473327992,1,SPIKE,1,val,2.311371088027954,lstm-ae-v2-candidate
MTR,PRESS_001,2026-03-02T00:04:00+00:00,997.00359428555,1,SPIKE,1,val,2.902174472808838,lstm-ae-v2-candidate
MTR,PRESS_001,2026-03-02T00:05:00+00:00,990.5015900496456,0,NORMAL,1,val,2.6083626747131348,lstm-ae-v2-candidate
MTR,PRESS_001,2026-03-02T00:06:00+00:00,990.6454780966816,0,NORMAL,1,val,2.6908633708953857,lstm-ae-v2-candidate
MTR,PRESS_001,2026-03-02T00:07:00+00:00,990.828005545794,0,NORMAL,1,val,2.8476483821868896,lstm-ae-v2-candidate
MTR,PRESS_001,2026-03-02T00:08:00+00:00,990.5962552993678,0,NORMAL,1,val,3.036904811859131,lstm-ae-v2-candidate
MTR,PRESS_001,2026-03-02T00:09:00+00:00,990.577277010917,0,NORMAL,1,val,3.189401865005493,lstm-ae-v2-candidate
MTR,PRESS_001,2026-03-02T00:10:00+00:00,990.8341291338048,0,NORMAL,1,val,3.2563867568969727,lstm-ae-v2-candidate
MTR,PRESS_001,2026-03-02T00:11:00+00:00,990.9978187004544,0,NORMAL,1,val,3.2749764919281006,lstm-ae-v2-candidate
MTR,PRESS_001,2026-03-02T00:12:00+00:00,990.8556156043142,0,NORMAL,1,val,3.2870779037475586,lstm-ae-v2-candidate
MTR,PRESS_001,2026-03-02T00:13:00+00:00,991.0173955164634,0,NORMAL,1,val,3.2592849731445312,lstm-ae-v2-candidate
MTR,PRESS_001,2026-03-02T00:14:00+00:00,990.8600021067662,0,NORMAL,1,val,3.228208303451538,lstm-ae-v2-candidate
MTR,PRESS_001,2026-03-02T00:15:00+00:00,990.8957135943004,0,NORMAL,1,val,3.1798901557922363,lstm-ae-v2-candidate
MTR,PRESS_001,2026-03-02T00:16:00+00:00,990.7984840838247,0,NORMAL,1,val,3.1344945430755615,lstm-ae-v2-candidate
MTR,PRESS_001,2026-03-02T00:17:00+00:00,990.7973798817276,0,NORMAL,1,val,3.0826711654663086,lstm-ae-v2-candidate
MTR,PRESS_001,2026-03-02T00:18:00+00:00,990.7611672608226,0,NORMAL,1,val,3.03395414352417,lstm-ae-v2-candidate
MTR,PRESS_001,2026-03-02T00:19:00+00:00,990.7962387770884,0,NORMAL,1,val,2.9792964458465576,lstm-ae-v2-candidate
MTR,PRESS_001,2026-03-02T00:20:00+00:00,991.0308314979268,0,NORMAL,1,val,2.893514394760132,lstm-ae-v2-candidate
MTR,PRESS_001,2026-03-02T00:21:00+00:00,990.9219007926572,0,NORMAL,1,val,2.782362699508667,lstm-ae-v2-candidate
MTR,PRESS_001,2026-03-02T00:22:00+00:00,991.009261206582,0,NORMAL,1,val,2.6849570274353027,lstm-ae-v2-candidate
MTR,PRESS_001,2026-03-02T00:23:00+00:00,991.264342926972,0,NORMAL,1,val,2.5660338401794434,lstm-ae-v2-candidate
MTR,PRESS_001,2026-03-02T00:24:00+00:00,991.0757951197955,0,NORMAL,1,val,2.430119514465332,lstm-ae-v2-candidate
MTR,PRESS_001,2026-03-02T00:25:00+00:00,991.3023232462244,0,NORMAL,1,val,2.3062820434570312,lstm-ae-v2-candidate
MTR,PRESS_001,2026-03-02T00:26:00+00:00,991.3977909439903,0,NORMAL,1,val,2.202833414077759,lstm-ae-v2-candidate
MTR,PRESS_001,2026-03-02T00:27:00+00:00,991.4768076969722,0,NORMAL,1,val,2.1006293296813965,lstm-ae-v2-candidate
MTR,PRESS_001,2026-03-02T00:28:00+00:00,991.5462345501808,0,NORMAL,1,val,2.011528968811035,lstm-ae-v2-candidate
MTR,PRESS_001,2026-03-02T00:29:00+00:00,991.6532089871628,0,NORMAL,1,val,1.9732667207717896,lstm-ae-v2-candidate
MTR,PRESS_001,2026-03-02T00:30:00+00:00,991.6472101093462,0,NORMAL,1,val,1.6507490873336792,lstm-ae-v2-candidate
MTR,PRESS_001,2026-03-02T00:31:00+00:00,991.6148830999608,0,NORMAL,1,val,1.3312745094299316,lstm-ae-v2-candidate
MTR,PRESS_001,2026-03-02T00:32:00+00:00,991.6152725332288,0,NORMAL,1,val,0.9663036465644836,lstm-ae-v2-candidate
MTR,PRESS_001,2026-03-02T00:33:00+00:00,991.8418976050162,0,NORMAL,1,val,0.5665357112884521,lstm-ae-v2-candidate
MTR,PRESS_001,2026-03-02T00:34:00+00:00,991.6631561020544,0,NORMAL,0,val,0.008429048582911491,lstm-ae-v2-candidate
MTR,PRESS_001,2026-03-02T00:35:00+00:00,991.9639889389618,0,NORMAL,0,val,0.00833668652921915,lstm-ae-v2-candidate
MTR,PRESS_001,2026-03-02T00:36:00+00:00,992.0196731001886,0,NORMAL,0,val,0.00829810556024313,lstm-ae-v2-candidate
MTR,PRESS_001,2026-03-02T00:37:00+00:00,992.0205978414278,0,NORMAL,0,val,0.007465051487088203,lstm-ae-v2-candidate
MTR,PRESS_001,2026-03-02T00:38:00+00:00,991.8878690470658,0,NORMAL,0,val,0.008104509674012661,lstm-ae-v2-candidate
MTR,PRESS_001,2026-03-02T00:39:00+00:00,992.030758425025,0,NORMAL,0,val,0.008392000570893288,lstm-ae-v2-candidate
MTR,PRESS_001,2026-03-02T00:40:00+00:00,992.0664059247912,0,NORMAL,0,val,0.008400589227676392,lstm-ae-v2-candidate
MTR,PRESS_001,2026-03-02T00:41:00+00:00,992.0015472677128,0,NORMAL,0,val,0.007232676260173321,lstm-ae-v2-candidate
MTR,PRESS_001,2026-03-02T00:42:00+00:00,992.0648584350508,0,NORMAL,0,val,0.007033462170511484,lstm-ae-v2-candidate
MTR,PRESS_001,2026-03-02T00:43:00+00:00,991.9411191240854,0,NORMAL,0,val,0.005643488839268684,lstm-ae-v2-candidate
MTR,PRESS_001,2026-03-02T00:44:00+00:00,991.9645229113715,0,NORMAL,0,val,0.005557821597903967,lstm-ae-v2-candidate
MTR,PRESS_001,2026-03-02T00:45:00+00:00,992.0232695138064,0,NORMAL,0,val,0.005619118921458721,lstm-ae-v2-candidate
MTR,PRESS_001,2026-03-02T00:46:00+00:00,992.0601322402002,0,NORMAL,0,val,0.006271436810493469,lstm-ae-v2-candidate
MTR,PRESS_001,2026-03-02T00:47:00+00:00,992.144523934045,0,NORMAL,0,val,0.007359862793236971,lstm-ae-v2-candidate
MTR,PRESS_001,2026-03-02T00:48:00+00:00,992.1320161359768,0,NORMAL,0,val,0.007576752919703722,lstm-ae-v2-candidate
MTR,PRESS_001,2026-03-02T00:49:00+00:00,991.9791358734224,0,NORMAL,0,val,0.006446466781198978,lstm-ae-v2-candidate
MTR,PRESS_001,2026-03-02T00:50:00+00:00,991.9728841747166,0,NORMAL,0,val,0.006509898230433464,lstm-ae-v2-candidate
MTR,PRESS_001,2026-03-02T00:51:00+00:00,991.9591215390144,0,NORMAL,0,val,0.0057859281077980995,lstm-ae-v2-candidate
MTR,PRESS_001,2026-03-02T00:52:00+00:00,991.8517277723624,0,NORMAL,0,val,0.0047488585114479065,lstm-ae-v2-candidate
MTR,PRESS_001,2026-03-02T00:53:00+00:00,991.77278942208,0,NORMAL,0,val,0.0051653580740094185,lstm-ae-v2-candidate
MTR,PRESS_001,2026-03-02T00:54:00+00:00,991.9810112981402,0,NORMAL,0,val,0.0046199955977499485,lstm-ae-v2-candidate
MTR,PRESS_001,2026-03-02T00:55:00+00:00,991.847379641149,0,NORMAL,0,val,0.004284147638827562,lstm-ae-v2-candidate
MTR,PRESS_001,2026-03-02T00:56:00+00:00,991.8476772373804,0,NORMAL,0,val,0.004270228557288647,lstm-ae-v2-candidate
MTR,PRESS_001,2026-03-02T00:57:00+00:00,991.8965587571084,0,NORMAL,0,val,0.004620486870408058,lstm-ae-v2-candidate
MTR,PRESS_001,2026-03-02T00:58:00+00:00,991.9014118778964,0,NORMAL,0,val,0.004934006370604038,lstm-ae-v2-candidate
MTR,PRESS_001,2026-03-02T00:59:00+00:00,991.8547700231934,0,NORMAL,0,val,0.0051650782115757465,lstm-ae-v2-candidate
MTR,PRESS_001,2026-03-02T01:00:00+00:00,991.9085641560432,1,DRIFT,1,val,0.005602996330708265,lstm-ae-v2-candidate
MTR,PRESS_001,2026-03-02T01:01:00+00:00,992.0746210716538,1,DRIFT,1,val,0.006545082665979862,lstm-ae-v2-candidate
MTR,PRESS_001,2026-03-02T01:02:00+00:00,992.2876877396044,1,DRIFT,1,val,0.008088108152151108,lstm-ae-v2-candidate
MTR,PRESS_001,2026-03-02T01:03:00+00:00,992.3441898127064,1,DRIFT,1,val,0.009550316259264946,lstm-ae-v2-candidate
MTR,PRESS_001,2026-03-02T01:04:00+00:00,992.4588538937536,1,DRIFT,1,val,0.009391802363097668,lstm-ae-v2-candidate
MTR,PRESS_001,2026-03-02T01:05:00+00:00,992.6438704149878,1,DRIFT,1,val,0.012249339371919632,lstm-ae-v2-candidate
MTR,PRESS_001,2026-03-02T01:06:00+00:00,992.600598835048,1,DRIFT,1,val,0.013324016705155373,lstm-ae-v2-candidate
MTR,PRESS_001,2026-03-02T01:07:00+00:00,992.7293465165566,1,DRIFT,1,val,0.015542125329375267,lstm-ae-v2-candidate
MTR,PRESS_001,2026-03-02T01:08:00+00:00,992.6026288729232,1,DRIFT,1,val,0.015639442950487137,lstm-ae-v2-candidate
MTR,PRESS_001,2026-03-02T01:09:00+00:00,993.0669217058828,1,DRIFT,1,val,0.022770142182707787,lstm-ae-v2-candidate
MTR,PRESS_001,2026-03-02T01:10:00+00:00,993.0142379713218,1,DRIFT,1,val,0.02707216888666153,lstm-ae-v2-candidate
MTR,PRESS_001,2026-03-02T01:11:00+00:00,993.155478011274,1,DRIFT,1,val,0.0332384817302227,lstm-ae-v2-candidate
MTR,PRESS_001,2026-03-02T01:12:00+00:00,993.2648837057768,1,DRIFT,1,val,0.0397564098238945,lstm-ae-v2-candidate
MTR,PRESS_001,2026-03-02T01:13:00+00:00,993.204634906661,1,DRIFT,1,val,0.04395720735192299,lstm-ae-v2-candidate
MTR,PRESS_001,2026-03-02T01:14:00+00:00,993.5742584043928,1,DRIFT,1,val,0.05600927025079727,lstm-ae-v2-candidate
MTR,PRESS_001,2026-03-02T01:15:00+00:00,993.4470959350766,1,DRIFT,1,val,0.06013184413313866,lstm-ae-v2-candidate
MTR,PRESS_001,2026-03-02T01:16:00+00:00,993.401843906852,1,DRIFT,1,val,0.05946866795420647,lstm-ae-v2-candidate
MTR,PRESS_001,2026-03-02T01:17:00+00:00,993.7315502597672,1,DRIFT,1,val,0.06526459753513336,lstm-ae-v2-candidate
MTR,PRESS_001,2026-03-02T01:18:00+00:00,993.5677749126504,1,DRIFT,1,val,0.06417199224233627,lstm-ae-v2-candidate
MTR,PRESS_001,2026-03-02T01:19:00+00:00,993.9000471230004,1,DRIFT,1,val,0.07797782123088837,lstm-ae-v2-candidate
MTR,PRESS_001,2026-03-02T01:20:00+00:00,993.9612170659972,1,DRIFT,1,val,0.09314058721065521,lstm-ae-v2-candidate
MTR,PRESS_001,2026-03-02T01:21:00+00:00,994.0692418867994,1,DRIFT,1,val,0.11265897750854492,lstm-ae-v2-candidate
MTR,PRESS_001,2026-03-02T01:22:00+00:00,994.2920767077464,1,DRIFT,1,val,0.14480648934841156,lstm-ae-v2-candidate
MTR,PRESS_001,2026-03-02T01:23:00+00:00,994.2813905519388,1,DRIFT,1,val,0.17422355711460114,lstm-ae-v2-candidate
MTR,PRESS_001,2026-03-02T01:24:00+00:00,994.2467397407096,1,DRIFT,1,val,0.1996547132730484,lstm-ae-v2-candidate
MTR,PRESS_001,2026-03-02T01:25:00+00:00,994.550412263516,1,DRIFT,1,val,0.24859358370304108,lstm-ae-v2-candidate
MTR,PRESS_001,2026-03-02T01:26:00+00:00,994.8843868881546,1,DRIFT,1,val,0.3246411681175232,lstm-ae-v2-candidate
MTR,PRESS_001,2026-03-02T01:27:00+00:00,994.8050275467682,1,DRIFT,1,val,0.39182597398757935,lstm-ae-v2-candidate
MTR,PRESS_001,2026-03-02T01:28:00+00:00,994.719119996289,1,DRIFT,1,val,0.45534974336624146,lstm-ae-v2-candidate
MTR,PRESS_001,2026-03-02T01:29:00+00:00,994.6066786565676,1,DRIFT,1,val,0.5191681981086731,lstm-ae-v2-candidate
MTR,PRESS_001,2026-03-02T01:30:00+00:00,991.5047599556152,0,NORMAL,1,val,0.5092337131500244,lstm-ae-v2-candidate
MTR,PRESS_001,2026-03-02T01:31:00+00:00,991.6366627358312,0,NORMAL,1,val,0.512430727481842,lstm-ae-v2-candidate
MTR,PRESS_001,2026-03-02T01:32:00+00:00,991.6954919211169,0,NORMAL,1,val,0.5198642015457153,lstm-ae-v2-candidate
MTR,PRESS_001,2026-03-02T01:33:00+00:00,991.5318056977036,0,NORMAL,1,val,0.5267662405967712,lstm-ae-v2-candidate
MTR,PRESS_001,2026-03-02T01:34:00+00:00,991.6552573323828,0,NORMAL,1,val,0.5282184481620789,lstm-ae-v2-candidate
MTR,PRESS_001,2026-03-02T01:35:00+00:00,991.7246285663872,0,NORMAL,1,val,0.5254895091056824,lstm-ae-v2-candidate
MTR,PRESS_001,2026-03-02T01:36:00+00:00,991.8162244402024,0,NORMAL,1,val,0.5242652297019958,lstm-ae-v2-candidate
MTR,PRESS_001,2026-03-02T01:37:00+00:00,991.6925692133884,0,NORMAL,1,val,0.5220552682876587,lstm-ae-v2-candidate
MTR,PRESS_001,2026-03-02T01:38:00+00:00,991.882319460472,0,NORMAL,1,val,0.5267035961151123,lstm-ae-v2-candidate
MTR,PRESS_001,2026-03-02T01:39:00+00:00,991.6410037004756,0,NORMAL,1,val,0.5272713899612427,lstm-ae-v2-candidate
MTR,PRESS_001,2026-03-02T01:40:00+00:00,991.4588293456432,0,NORMAL,1,val,0.5337777733802795,lstm-ae-v2-candidate
MTR,PRESS_001,2026-03-02T01:41:00+00:00,991.3719071900416,0,NORMAL,1,val,0.542746901512146,lstm-ae-v2-candidate
MTR,PRESS_001,2026-03-02T01:42:00+00:00,991.2468651170132,0,NORMAL,1,val,0.5532567501068115,lstm-ae-v2-candidate
MTR,PRESS_001,2026-03-02T01:43:00+00:00,991.5632697173472,0,NORMAL,1,val,0.5688509345054626,lstm-ae-v2-candidate
MTR,PRESS_001,2026-03-02T01:44:00+00:00,991.6415973466068,0,NORMAL,1,val,0.5754734873771667,lstm-ae-v2-candidate
MTR,PRESS_001,2026-03-02T01:45:00+00:00,991.5106109016288,0,NORMAL,1,val,0.5854176878929138,lstm-ae-v2-candidate
MTR,PRESS_001,2026-03-02T01:46:00+00:00,991.6569692333086,0,NORMAL,1,val,0.6004239320755005,lstm-ae-v2-candidate
MTR,PRESS_001,2026-03-02T01:47:00+00:00,991.584309868703,0,NORMAL,1,val,0.6009080410003662,lstm-ae-v2-candidate
MTR,PRESS_001,2026-03-02T01:48:00+00:00,991.5650716053716,0,NORMAL,1,val,0.6080735325813293,lstm-ae-v2-candidate
MTR,PRESS_001,2026-03-02T01:49:00+00:00,991.3159814201148,0,NORMAL,1,val,0.5992002487182617,lstm-ae-v2-candidate
MTR,PRESS_001,2026-03-02T01:50:00+00:00,991.4087844077134,0,NORMAL,1,val,0.5866764187812805,lstm-ae-v2-candidate
MTR,PRESS_001,2026-03-02T01:51:00+00:00,991.3922501430444,0,NORMAL,1,val,0.5670145153999329,lstm-ae-v2-candidate
MTR,PRESS_001,2026-03-02T01:52:00+00:00,991.3329859039628,0,NORMAL,1,val,0.5318046808242798,lstm-ae-v2-candidate
MTR,PRESS_001,2026-03-02T01:53:00+00:00,991.23499188129,0,NORMAL,1,val,0.49539539217948914,lstm-ae-v2-candidate
MTR,PRESS_001,2026-03-02T01:54:00+00:00,991.1850503872888,0,NORMAL,1,val,0.4616645276546478,lstm-ae-v2-candidate
MTR,PRESS_001,2026-03-02T01:55:00+00:00,991.1995019959136,0,NORMAL,1,val,0.4072738587856293,lstm-ae-v2-candidate
MTR,PRESS_001,2026-03-02T01:56:00+00:00,990.9477804958464,0,NORMAL,1,val,0.32510536909103394,lstm-ae-v2-candidate
MTR,PRESS_001,2026-03-02T01:57:00+00:00,991.1365129518445,0,NORMAL,1,val,0.23752398788928986,lstm-ae-v2-candidate
MTR,PRESS_001,2026-03-02T01:58:00+00:00,991.0654095098264,0,NORMAL,1,val,0.13721127808094025,lstm-ae-v2-candidate
MTR,PRESS_001,2026-03-02T01:59:00+00:00,991.1896431309,0,NORMAL,0,val,0.00876526441425085,lstm-ae-v2-candidate
MTR,PRESS_001,2026-03-02T02:00:00+00:00,990.763556794026,0,NORMAL,0,val,0.008867675438523293,lstm-ae-v2-candidate
MTR,PRESS_001,2026-03-02T02:01:00+00:00,990.8435580863252,0,NORMAL,0,val,0.008987911976873875,lstm-ae-v2-candidate
MTR,PRESS_001,2026-03-02T02:02:00+00:00,990.7729223603476,0,NORMAL,0,val,0.009020897559821606,lstm-ae-v2-candidate
MTR,PRESS_001,2026-03-02T02:03:00+00:00,990.8940288620926,0,NORMAL,0,val,0.008884548209607601,lstm-ae-v2-candidate
MTR,PRESS_001,2026-03-02T02:04:00+00:00,990.7285380580316,0,NORMAL,0,val,0.008781848475337029,lstm-ae-v2-candidate
MTR,PRESS_001,2026-03-02T02:05:00+00:00,990.7902672213908,0,NORMAL,0,val,0.00896433275192976,lstm-ae-v2-candidate
MTR,PRESS_001,2026-03-02T02:06:00+00:00,990.694047969375,0,NORMAL,0,val,0.008661048486828804,lstm-ae-v2-candidate
MTR,PRESS_001,2026-03-02T02:07:00+00:00,990.7121294232812,0,NORMAL,0,val,0.008776837028563023,lstm-ae-v2-candidate
MTR,PRESS_001,2026-03-02T02:08:00+00:00,990.663407340587,0,NORMAL,0,val,0.007762571331113577,lstm-ae-v2-candidate
MTR,PRESS_001,2026-03-02T02:09:00+00:00,990.7542232938932,0,NORMAL,0,val,0.00826041866093874,lstm-ae-v2-candidate
MTR,PRESS_001,2026-03-02T02:10:00+00:00,990.4947452478208,0,NORMAL,0,val,0.00791921280324459,lstm-ae-v2-candidate
MTR,PRESS_001,2026-03-02T02:11:00+00:00,990.5310076490016,0,NORMAL,0,val,0.006971993017941713,lstm-ae-v2-candidate
MTR,PRESS_001,2026-03-02T02:12:00+00:00,990.7036389214076,0,NORMAL,0,val,0.004694380797445774,lstm-ae-v2-candidate
MTR,PRESS_001,2026-03-02T02:13:00+00:00,990.5409024486336,0,NORMAL,0,val,0.004524173215031624,lstm-ae-v2-candidate
MTR,PRESS_001,2026-03-02T02:14:00+00:00,990.2203328205196,0,NORMAL,0,val,0.0060356538742780685,lstm-ae-v2-candidate
MTR,PRESS_001,2026-03-02T02:15:00+00:00,990.2133507170762,0,NORMAL,0,val,0.006816938053816557,lstm-ae-v2-candidate
MTR,PRESS_001,2026-03-02T02:16:00+00:00,990.290190887803,0,NORMAL,0,val,0.006482794880867004,lstm-ae-v2-candidate
MTR,PRESS_001,2026-03-02T02:17:00+00:00,990.0354459708312,0,NORMAL,0,val,0.006927830167114735,lstm-ae-v2-candidate
MTR,PRESS_001,2026-03-02T02:18:00+00:00,990.0266731456564,0,NORMAL,0,val,0.006538413930684328,lstm-ae-v2-candidate
MTR,PRESS_001,2026-03-02T02:19:00+00:00,989.9133010709368,0,NORMAL,0,val,0.006508630234748125,lstm-ae-v2-candidate
MTR,PRESS_001,2026-03-02T02:54:00+00:00,989.1335403016412,0,NORMAL,0,val,0.01194749865680933,lstm-ae-v2-candidate
MTR,PRESS_001,2026-03-02T02:55:00+00:00,988.9623999434024,0,NORMAL,0,val,0.011025878600776196,lstm-ae-v2-candidate
MTR,PRESS_001,2026-03-02T02:56:00+00:00,988.6653209683208,0,NORMAL,0,val,0.012565022334456444,lstm-ae-v2-candidate
MTR,PRESS_001,2026-03-02T02:57:00+00:00,988.8442490849056,0,NORMAL,0,val,0.012505223043262959,lstm-ae-v2-candidate
MTR,PRESS_001,2026-03-02T02:58:00+00:00,988.6592156167796,0,NORMAL,0,val,0.013124926947057247,lstm-ae-v2-candidate
MTR,PRESS_001,2026-03-02T02:59:00+00:00,988.8105808308878,0,NORMAL,0,val,0.01293124072253704,lstm-ae-v2-candidate
MTR,PRESS_001,2026-03-02T03:00:00+00:00,988.719398620607,0,NORMAL,0,val,0.012983400374650955,lstm-ae-v2-candidate
MTR,PRESS_001,2026-03-02T03:01:00+00:00,988.5762061079784,0,NORMAL,0,val,0.012787911109626293,lstm-ae-v2-candidate
MTR,PRESS_001,2026-03-02T03:02:00+00:00,988.6706331578246,0,NORMAL,0,val,0.01291651837527752,lstm-ae-v2-candidate
MTR,PRESS_001,2026-03-02T03:03:00+00:00,988.5776142903368,0,NORMAL,0,val,0.0131772356107831,lstm-ae-v2-candidate
MTR,PRESS_001,2026-03-02T03:04:00+00:00,988.6458933901416,0,NORMAL,0,val,0.013468969613313675,lstm-ae-v2-candidate
MTR,PRESS_001,2026-03-02T03:05:00+00:00,988.6510205361571,0,NORMAL,0,val,0.013657134026288986,lstm-ae-v2-candidate
MTR,PRESS_001,2026-03-02T03:06:00+00:00,988.6223886038904,0,NORMAL,0,val,0.013779549859464169,lstm-ae-v2-candidate
MTR,PRESS_001,2026-03-02T03:07:00+00:00,988.7672266794228,0,NORMAL,0,val,0.0143136503174901,lstm-ae-v2-candidate
MTR,PRESS_001,2026-03-02T03:08:00+00:00,988.7680115818214,0,NORMAL,0,val,0.013819009065628052,lstm-ae-v2-candidate
MTR,PRESS_001,2026-03-02T03:09:00+00:00,988.8027544369172,0,NORMAL,0,val,0.01173108909279108,lstm-ae-v2-candidate
MTR,PRESS_001,2026-03-02T03:10:00+00:00,988.70824224332,0,NORMAL,0,val,0.012068015523254871,lstm-ae-v2-candidate
MTR,PRESS_001,2026-03-02T03:11:00+00:00,988.7844658435808,0,NORMAL,0,val,0.012670506723225117,lstm-ae-v2-candidate
MTR,PRESS_001,2026-03-02T03:12:00+00:00,988.5981648137006,0,NORMAL,0,val,0.0129674868658185,lstm-ae-v2-candidate
MTR,PRESS_001,2026-03-02T03:13:00+00:00,988.4278884904182,0,NORMAL,0,val,0.013280200771987438,lstm-ae-v2-candidate
MTR,PRESS_001,2026-03-02T03:14:00+00:00,988.5627661779848,0,NORMAL,0,val,0.012421522289514542,lstm-ae-v2-candidate
MTR,PRESS_001,2026-03-02T03:15:00+00:00,988.3630559443476,0,NORMAL,0,val,0.011187106370925903,lstm-ae-v2-candidate
MTR,PRESS_001,2026-03-02T03:16:00+00:00,988.3114095628952,0,NORMAL,0,val,0.011575744487345219,lstm-ae-v2-candidate
MTR,PRESS_001,2026-03-02T03:17:00+00:00,988.3285047622248,0,NORMAL,0,val,0.011250043287873268,lstm-ae-v2-candidate
MTR,PRESS_001,2026-03-02T03:18:00+00:00,988.397701894085,0,NORMAL,0,val,0.009359230287373066,lstm-ae-v2-candidate
MTR,PRESS_001,2026-03-02T03:19:00+00:00,988.425972491184,0,NORMAL,0,val,0.009003850631415844,lstm-ae-v2-candidate
MTR,PRESS_001,2026-03-02T03:20:00+00:00,988.425972491184,1,STUCK_VALUE,1,val,0.008714286610484123,lstm-ae-v2-candidate
MTR,PRESS_001,2026-03-02T03:21:00+00:00,988.425972491184,1,STUCK_VALUE,1,val,0.008035827428102493,lstm-ae-v2-candidate
MTR,PRESS_001,2026-03-02T03:22:00+00:00,988.425972491184,1,STUCK_VALUE,1,val,0.007219969294965267,lstm-ae-v2-candidate
MTR,PRESS_001,2026-03-02T03:23:00+00:00,988.425972491184,1,STUCK_VALUE,1,val,0.007206038571894169,lstm-ae-v2-candidate
MTR,PRESS_001,2026-03-02T03:24:00+00:00,988.425972491184,1,STUCK_VALUE,1,val,0.0060478877276182175,lstm-ae-v2-candidate
MTR,PRESS_001,2026-03-02T03:25:00+00:00,988.425972491184,1,STUCK_VALUE,1,val,0.005483638029545546,lstm-ae-v2-candidate
MTR,PRESS_001,2026-03-02T03:26:00+00:00,988.425972491184,1,STUCK_VALUE,1,val,0.005246068816632032,lstm-ae-v2-candidate
MTR,PRESS_001,2026-03-02T03:27:00+00:00,988.425972491184,1,STUCK_VALUE,1,val,0.005056710448116064,lstm-ae-v2-candidate
MTR,PRESS_001,2026-03-02T03:28:00+00:00,988.425972491184,1,STUCK_VALUE,1,val,0.004968593828380108,lstm-ae-v2-candidate
MTR,PRESS_001,2026-03-02T03:29:00+00:00,988.425972491184,1,STUCK_VALUE,1,val,0.004971508402377367,lstm-ae-v2-candidate
MTR,PRESS_001,2026-03-02T03:30:00+00:00,988.425972491184,1,STUCK_VALUE,1,val,0.00496922479942441,lstm-ae-v2-candidate
MTR,PRESS_001,2026-03-02T03:31:00+00:00,988.425972491184,1,STUCK_VALUE,1,val,0.0047892373986542225,lstm-ae-v2-candidate
MTR,PRESS_001,2026-03-02T03:32:00+00:00,988.425972491184,1,STUCK_VALUE,1,val,0.004852315876632929,lstm-ae-v2-candidate
MTR,PRESS_001,2026-03-02T03:33:00+00:00,988.425972491184,1,STUCK_VALUE,1,val,0.004756310023367405,lstm-ae-v2-candidate
MTR,PRESS_001,2026-03-02T03:34:00+00:00,988.425972491184,1,STUCK_VALUE,1,val,0.004866081289947033,lstm-ae-v2-candidate
MTR,PRESS_001,2026-03-02T03:35:00+00:00,988.425972491184,1,STUCK_VALUE,1,val,0.004936295561492443,lstm-ae-v2-candidate
MTR,PRESS_001,2026-03-02T03:36:00+00:00,988.425972491184,1,STUCK_VALUE,1,val,0.00507689593359828,lstm-ae-v2-candidate
MTR,PRESS_001,2026-03-02T03:37:00+00:00,988.425972491184,1,STUCK_VALUE,1,val,0.004905140493065119,lstm-ae-v2-candidate
MTR,PRESS_001,2026-03-02T03:38:00+00:00,988.425972491184,1,STUCK_VALUE,1,val,0.004534790758043528,lstm-ae-v2-candidate
MTR,PRESS_001,2026-03-02T03:39:00+00:00,988.425972491184,1,STUCK_VALUE,1,val,0.003537695622071624,lstm-ae-v2-candidate
MTR,PRESS_001,2026-03-02T03:40:00+00:00,988.425972491184,1,STUCK_VALUE,1,val,0.002972761867567897,lstm-ae-v2-candidate
MTR,PRESS_001,2026-03-02T03:41:00+00:00,988.425972491184,1,STUCK_VALUE,1,val,0.0013437792658805847,lstm-ae-v2-candidate
MTR,PRESS_001,2026-03-02T03:42:00+00:00,988.425972491184,1,STUCK_VALUE,1,val,0.0009249719441868365,lstm-ae-v2-candidate
MTR,PRESS_001,2026-03-02T03:43:00+00:00,988.425972491184,1,STUCK_VALUE,1,val,0.0009841466089710593,lstm-ae-v2-candidate
MTR,PRESS_001,2026-03-02T03:44:00+00:00,987.8717801389122,0,NORMAL,1,val,0.0056708017364144325,lstm-ae-v2-candidate
MTR,PRESS_001,2026-03-02T03:45:00+00:00,987.8786092064984,0,NORMAL,1,val,0.009360593743622303,lstm-ae-v2-candidate
MTR,PRESS_001,2026-03-02T03:46:00+00:00,988.0765715204597,0,NORMAL,1,val,0.009842216037213802,lstm-ae-v2-candidate
MTR,PRESS_001,2026-03-02T03:47:00+00:00,988.336194273389,0,NORMAL,1,val,0.009531094692647457,lstm-ae-v2-candidate
MTR,PRESS_001,2026-03-02T03:48:00+00:00,988.317217150652,0,NORMAL,1,val,0.009327535517513752,lstm-ae-v2-candidate
MTR,PRESS_001,2026-03-02T03:49:00+00:00,988.3437937800064,0,NORMAL,1,val,0.00923067145049572,lstm-ae-v2-candidate
MTR,PRESS_001,2026-03-02T03:50:00+00:00,988.2091145547118,0,NORMAL,1,val,0.009060200303792953,lstm-ae-v2-candidate
MTR,PRESS_001,2026-03-02T03:51:00+00:00,988.242359330738,0,NORMAL,1,val,0.008861294016242027,lstm-ae-v2-candidate
MTR,PRESS_001,2026-03-02T03:52:00+00:00,988.085523134238,0,NORMAL,1,val,0.008982514031231403,lstm-ae-v2-candidate
MTR,PRESS_001,2026-03-02T03:53:00+00:00,988.37435008184,0,NORMAL,1,val,0.009184314869344234,lstm-ae-v2-candidate
MTR,PRESS_001,2026-03-02T03:54:00+00:00,988.3145899030928,0,NORMAL,1,val,0.009071019478142262,lstm-ae-v2-candidate
MTR,PRESS_001,2026-03-02T03:55:00+00:00,988.320791324516,0,NORMAL,1,val,0.009006742388010025,lstm-ae-v2-candidate
MTR,PRESS_001,2026-03-02T03:56:00+00:00,988.3395362818592,0,NORMAL,1,val,0.00902287382632494,lstm-ae-v2-candidate
MTR,PRESS_001,2026-03-02T03:57:00+00:00,988.3135097174472,0,NORMAL,1,val,0.009005856700241566,lstm-ae-v2-candidate
MTR,PRESS_001,2026-03-02T03:58:00+00:00,988.3068356123532,0,NORMAL,1,val,0.009018268436193466,lstm-ae-v2-candidate
MTR,PRESS_001,2026-03-02T03:59:00+00:00,988.1489962165388,0,NORMAL,1,val,0.009254350326955318,lstm-ae-v2-candidate
MTR,PRESS_001,2026-03-02T04:00:00+00:00,988.3217951150888,0,NORMAL,1,val,0.00935161579400301,lstm-ae-v2-candidate
MTR,PRESS_001,2026-03-02T04:01:00+00:00,988.258874018802,0,NORMAL,1,val,0.00943581759929657,lstm-ae-v2-candidate
MTR,PRESS_001,2026-03-02T04:02:00+00:00,988.3221814008403,0,NORMAL,1,val,0.009557666257023811,lstm-ae-v2-candidate
MTR,PRESS_001,2026-03-02T04:03:00+00:00,988.3986603145752,0,NORMAL,1,val,0.00982607714831829,lstm-ae-v2-candidate
MTR,PRESS_001,2026-03-02T04:04:00+00:00,988.4103588594992,0,NORMAL,1,val,0.01004610862582922,lstm-ae-v2-candidate
MTR,PRESS_001,2026-03-02T04:05:00+00:00,988.3967014666176,0,NORMAL,1,val,0.01011979952454567,lstm-ae-v2-candidate
MTR,PRESS_001,2026-03-02T04:06:00+00:00,988.2546659028897,0,NORMAL,1,val,0.010228943079710007,lstm-ae-v2-candidate
MTR,PRESS_001,2026-03-02T04:07:00+00:00,988.3580927521313,0,NORMAL,1,val,0.009991117753088474,lstm-ae-v2-candidate
MTR,PRESS_001,2026-03-02T04:08:00+00:00,988.327242679734,0,NORMAL,1,val,0.009698347188532352,lstm-ae-v2-candidate
MTR,PRESS_001,2026-03-02T04:09:00+00:00,988.5086077808164,0,NORMAL,1,val,0.009512311778962612,lstm-ae-v2-candidate
MTR,PRESS_001,2026-03-02T04:10:00+00:00,988.5941945347854,0,NORMAL,1,val,0.00953481625765562,lstm-ae-v2-candidate
MTR,PRESS_001,2026-03-02T04:11:00+00:00,988.825950994774,0,NORMAL,1,val,0.010617928579449654,lstm-ae-v2-candidate
MTR,PRESS_001,2026-03-02T04:12:00+00:00,988.510921268728,0,NORMAL,1,val,0.009447977878153324,lstm-ae-v2-candidate
MTR,PRESS_001,2026-03-02T04:13:00+00:00,988.8021844649188,0,NORMAL,0,val,0.009107889607548714,lstm-ae-v2-candidate
MTR,PRESS_001,2026-03-02T04:14:00+00:00,989.0030542560224,0,NORMAL,0,val,0.009468850679695606,lstm-ae-v2-candidate
MTR,PRESS_001,2026-03-02T04:15:00+00:00,989.0360776639224,0,NORMAL,0,val,0.00926200207322836,lstm-ae-v2-candidate
MTR,PRESS_001,2026-03-02T04:16:00+00:00,989.0736181085342,0,NORMAL,0,val,0.010053188540041447,lstm-ae-v2-candidate
MTR,PRESS_001,2026-03-02T04:17:00+00:00,989.0543821693024,0,NORMAL,0,val,0.010184151120483875,lstm-ae-v2-candidate
MTR,PRESS_001,2026-03-02T04:18:00+00:00,989.0184612068836,0,NORMAL,0,val,0.009751755744218826,lstm-ae-v2-candidate
MTR,PRESS_001,2026-03-02T04:19:00+00:00,988.9219801369516,0,NORMAL,0,val,0.009089869447052479,lstm-ae-v2-candidate
MTR,TEMP_001,2026-03-01T23:49:00+00:00,-15.22871600087888,0,NORMAL,0,val,0.0030083602759987116,lstm-ae-v2-candidate
MTR,TEMP_001,2026-03-01T23:50:00+00:00,-15.52451435866092,0,NORMAL,0,val,0.0030906163156032562,lstm-ae-v2-candidate
MTR,TEMP_001,2026-03-01T23:51:00+00:00,-15.125256662107692,0,NORMAL,0,val,0.002927080262452364,lstm-ae-v2-candidate
MTR,TEMP_001,2026-03-01T23:52:00+00:00,-15.38030790105275,0,NORMAL,0,val,0.0031299928668886423,lstm-ae-v2-candidate
MTR,TEMP_001,2026-03-01T23:53:00+00:00,-15.3989478832181,0,NORMAL,0,val,0.003683091141283512,lstm-ae-v2-candidate
MTR,TEMP_001,2026-03-01T23:54:00+00:00,-15.483461038501794,0,NORMAL,0,val,0.004337536171078682,lstm-ae-v2-candidate
MTR,TEMP_001,2026-03-01T23:55:00+00:00,-15.15272834776343,0,NORMAL,0,val,0.004515719600021839,lstm-ae-v2-candidate
MTR,TEMP_001,2026-03-01T23:56:00+00:00,-15.273547903746106,0,NORMAL,0,val,0.005103898234665394,lstm-ae-v2-candidate
MTR,TEMP_001,2026-03-01T23:57:00+00:00,-15.36848945134366,0,NORMAL,0,val,0.0059258597902953625,lstm-ae-v2-candidate
MTR,TEMP_001,2026-03-01T23:58:00+00:00,-15.442969370286573,0,NORMAL,0,val,0.00704047828912735,lstm-ae-v2-candidate
MTR,TEMP_001,2026-03-01T23:59:00+00:00,-14.91745474231138,0,NORMAL,0,val,0.007684069685637951,lstm-ae-v2-candidate
MTR,TEMP_001,2026-03-02T00:00:00+00:00,-1.5228548758087117,1,SPIKE,1,val,0.501530647277832,lstm-ae-v2-candidate
MTR,TEMP_001,2026-03-02T00:01:00+00:00,-1.6543396542199602,1,SPIKE,1,val,0.8669870495796204,lstm-ae-v2-candidate
MTR,TEMP_001,2026-03-02T00:02:00+00:00,-1.6857007908792667,1,SPIKE,1,val,1.2251472473144531,lstm-ae-v2-candidate
MTR,TEMP_001,2026-03-02T00:03:00+00:00,-14.848281913552391,0,NORMAL,1,val,1.2330176830291748,lstm-ae-v2-candidate
MTR,TEMP_001,2026-03-02T00:04:00+00:00,-14.553774408117665,0,NORMAL,1,val,1.3411892652511597,lstm-ae-v2-candidate
MTR,TEMP_001,2026-03-02T00:05:00+00:00,-14.624507372198249,0,NORMAL,1,val,1.4292973279953003,lstm-ae-v2-candidate
MTR,TEMP_001,2026-03-02T00:06:00+00:00,-14.309318079953762,0,NORMAL,1,val,1.4798697233200073,lstm-ae-v2-candidate
MTR,TEMP_001,2026-03-02T00:07:00+00:00,-13.874021408808389,0,NORMAL,1,val,1.5050575733184814,lstm-ae-v2-candidate
MTR,TEMP_001,2026-03-02T00:08:00+00:00,-14.031744966402329,0,NORMAL,1,val,1.5301283597946167,lstm-ae-v2-candidate
MTR,TEMP_001,2026-03-02T00:09:00+00:00,-13.933802730724311,0,NORMAL,1,val,1.5464329719543457,lstm-ae-v2-candidate
MTR,TEMP_001,2026-03-02T00:10:00+00:00,-14.09347519379414,0,NORMAL,1,val,1.5632941722869873,lstm-ae-v2-candidate
MTR,TEMP_001,2026-03-02T00:11:00+00:00,-13.634083957084169,0,NORMAL,1,val,1.565477967262268,lstm-ae-v2-candidate
MTR,TEMP_001,2026-03-02T00:12:00+00:00,-13.3840717267442,0,NORMAL,1,val,1.5627472400665283,lstm-ae-v2-candidate
MTR,TEMP_001,2026-03-02T00:13:00+00:00,-13.506191460022288,0,NORMAL,1,val,1.5621963739395142,lstm-ae-v2-candidate
MTR,TEMP_001,2026-03-02T00:14:00+00:00,-13.170126088544226,0,NORMAL,1,val,1.5618716478347778,lstm-ae-v2-candidate
MTR,TEMP_001,2026-03-02T00:15:00+00:00,-13.422005181574118,0,NORMAL,1,val,1.564496636390686,lstm-ae-v2-candidate
MTR,TEMP_001,2026-03-02T00:16:00+00:00,-12.96249156175145,0,NORMAL,1,val,1.5707215070724487,lstm-ae-v2-candidate
MTR,TEMP_001,2026-03-02T00:17:00+00:00,-13.045459347840204,0,NORMAL,1,val,1.5768821239471436,lstm-ae-v2-candidate
MTR,TEMP_001,2026-03-02T00:18:00+00:00,-12.69746313358142,0,NORMAL,1,val,1.584483027458191,lstm-ae-v2-candidate
MTR,TEMP_001,2026-03-02T00:19:00+00:00,-12.456658332109896,0,NORMAL,1,val,1.5867584943771362,lstm-ae-v2-candidate
MTR,TEMP_001,2026-03-02T00:20:00+00:00,-12.391635721725368,0,NORMAL,1,val,1.5747313499450684,lstm-ae-v2-candidate
MTR,TEMP_001,2026-03-02T00:21:00+00:00,-12.613848394204677,0,NORMAL,1,val,1.5568320751190186,lstm-ae-v2-candidate
MTR,TEMP_001,2026-03-02T00:22:00+00:00,-12.62002636577616,0,NORMAL,1,val,1.5219184160232544,lstm-ae-v2-candidate
MTR,TEMP_001,2026-03-02T00:23:00+00:00,-12.517101715216167,0,NORMAL,1,val,1.4730876684188843,lstm-ae-v2-candidate
MTR,TEMP_001,2026-03-02T00:24:00+00:00,-12.092979115593788,0,NORMAL,1,val,1.40986168384552,lstm-ae-v2-candidate
MTR,TEMP_001,2026-03-02T00:25:00+00:00,-11.80794114514758,0,NORMAL,1,val,1.3467715978622437,lstm-ae-v2-candidate
MTR,TEMP_001,2026-03-02T00:26:00+00:00,-11.971585555304864,0,NORMAL,1,val,1.2730975151062012,lstm-ae-v2-candidate
MTR,TEMP_001,2026-03-02T00:27:00+00:00,-12.495648028333171,0,NORMAL,1,val,1.1955207586288452,lstm-ae-v2-candidate
MTR,TEMP_001,2026-03-02T00:28:00+00:00,-12.10087987558406,0,NORMAL,1,val,1.1187949180603027,lstm-ae-v2-candidate
MTR,TEMP_001,2026-03-02T00:29:00+00:00,-12.2669249827237,0,NORMAL,1,val,1.0842719078063965,lstm-ae-v2-candidate
MTR,TEMP_001,2026-03-02T00:30:00+00:00,-12.522743877001153,0,NORMAL,1,val,0.8008173704147339,lstm-ae-v2-candidate
MTR,TEMP_001,2026-03-02T00:31:00+00:00,-12.15953347974352,0,NORMAL,1,val,0.4800369143486023,lstm-ae-v2-candidate
MTR,TEMP_001,2026-03-02T00:32:00+00:00,-11.89178860902283,0,NORMAL,0,val,0.004844610579311848,lstm-ae-v2-candidate
MTR,TEMP_001,2026-03-02T00:33:00+00:00,-12.117601537350724,0,NORMAL,0,val,0.004887491464614868,lstm-ae-v2-candidate
MTR,TEMP_001,2026-03-02T00:34:00+00:00,-12.31706155913525,0,NORMAL,0,val,0.0051516881212592125,lstm-ae-v2-candidate
MTR,TEMP_001,2026-03-02T00:35:00+00:00,-11.985628067466877,0,NORMAL,0,val,0.005524518899619579,lstm-ae-v2-candidate
MTR,TEMP_001,2026-03-02T00:36:00+00:00,-12.087484782076327,0,NORMAL,0,val,0.005701710935682058,lstm-ae-v2-candidate
MTR,TEMP_001,2026-03-02T00:37:00+00:00,-11.894763396209168,0,NORMAL,0,val,0.006347804330289364,lstm-ae-v2-candidate
MTR,TEMP_001,2026-03-02T00:38:00+00:00,-11.670862317730345,0,NORMAL,0,val,0.00738914217799902,lstm-ae-v2-candidate
MTR,TEMP_001,2026-03-02T00:39:00+00:00,-11.588979423319474,0,NORMAL,0,val,0.00810865219682455,lstm-ae-v2-candidate
MTR,TEMP_001,2026-03-02T00:40:00+00:00,-11.554393782775984,0,NORMAL,0,val,0.00742895295843482,lstm-ae-v2-candidate
MTR,TEMP_001,2026-03-02T00:41:00+00:00,-11.245279488373328,0,NORMAL,0,val,0.008067398332059383,lstm-ae-v2-candidate
MTR,TEMP_001,2026-03-02T00:42:00+00:00,-11.16631285205562,0,NORMAL,0,val,0.008303089998662472,lstm-ae-v2-candidate
MTR,TEMP_001,2026-03-02T00:43:00+00:00,-11.033212668985724,0,NORMAL,0,val,0.0077551184222102165,lstm-ae-v2-candidate
MTR,TEMP_001,2026-03-02T00:44:00+00:00,-10.966996314132874,0,NORMAL,0,val,0.007425428368151188,lstm-ae-v2-candidate
MTR,TEMP_001,2026-03-02T00:45:00+00:00,-10.970888848018026,0,NORMAL,0,val,0.0059005445800721645,lstm-ae-v2-candidate
MTR,TEMP_001,2026-03-02T00:46:00+00:00,-10.88542034661722,0,NORMAL,0,val,0.0054787020199000835,lstm-ae-v2-candidate
MTR,TEMP_001,2026-03-02T00:47:00+00:00,-11.042234355534012,0,NORMAL,0,val,0.004815675318241119,lstm-ae-v2-candidate
MTR,TEMP_001,2026-03-02T00:48:00+00:00,-10.987625674726644,0,NORMAL,0,val,0.00471927085891366,lstm-ae-v2-candidate
MTR,TEMP_001,2026-03-02T00:49:00+00:00,-10.971809747242396,0,NORMAL,0,val,0.0046488018706440926,lstm-ae-v2-candidate
MTR,TEMP_001,2026-03-02T00:50:00+00:00,-11.127088770131628,0,NORMAL,0,val,0.004882057663053274,lstm-ae-v2-candidate
MTR,TEMP_001,2026-03-02T00:51:00+00:00,-11.05098915138865,0,NORMAL,0,val,0.005235068965703249,lstm-ae-v2-candidate
MTR,TEMP_001,2026-03-02T00:52:00+00:00,-10.977151882736171,0,NORMAL,0,val,0.005593124311417341,lstm-ae-v2-candidate
MTR,TEMP_001,2026-03-02T00:53:00+00:00,-10.967734472703553,0,NORMAL,0,val,0.005859932862222195,lstm-ae-v2-candidate
MTR,TEMP_001,2026-03-02T00:54:00+00:00,-10.791104438498746,0,NORMAL,0,val,0.005618976894766092,lstm-ae-v2-candidate
MTR,TEMP_001,2026-03-02T00:55:00+00:00,-11.064272140975724,0,NORMAL,0,val,0.004135193303227425,lstm-ae-v2-candidate
MTR,TEMP_001,2026-03-02T00:56:00+00:00,-10.841620077471314,0,NORMAL,0,val,0.003549645422026515,lstm-ae-v2-candidate
MTR,TEMP_001,2026-03-02T00:57:00+00:00,-10.902713213460006,0,NORMAL,0,val,0.003612205386161804,lstm-ae-v2-candidate
MTR,TEMP_001,2026-03-02T00:58:00+00:00,-10.97330539362122,0,NORMAL,0,val,0.0033185521606355906,lstm-ae-v2-candidate
MTR,TEMP_001,2026-03-02T00:59:00+00:00,-10.935627929827865,0,NORMAL,0,val,0.0035856326576322317,lstm-ae-v2-candidate
MTR,TEMP_001,2026-03-02T01:00:00+00:00,-10.843469157257722,1,DRIFT,1,val,0.003681798931211233,lstm-ae-v2-candidate
MTR,TEMP_001,2026-03-02T01:01:00+00:00,-10.420872586402789,1,DRIFT,1,val,0.005232965108007193,lstm-ae-v2-candidate
MTR,TEMP_001,2026-03-02T01:02:00+00:00,-10.122716009877452,1,DRIFT,1,val,0.007362699136137962,lstm-ae-v2-candidate
MTR,TEMP_001,2026-03-02T01:03:00+00:00,-10.089629014074813,1,DRIFT,1,val,0.008319837041199207,lstm-ae-v2-candidate
MTR,TEMP_001,2026-03-02T01:04:00+00:00,-9.668536821016534,1,DRIFT,1,val,0.009191767312586308,lstm-ae-v2-candidate
MTR,TEMP_001,2026-03-02T01:05:00+00:00,-9.160636749452992,1,DRIFT,1,val,0.011845623143017292,lstm-ae-v2-candidate
MTR,TEMP_001,2026-03-02T01:06:00+00:00,-9.376814597937432,1,DRIFT,1,val,0.010940521955490112,lstm-ae-v2-candidate
MTR,TEMP_001,2026-03-02T01:07:00+00:00,-9.040719829682777,1,DRIFT,1,val,0.011582966893911362,lstm-ae-v2-candidate
MTR,TEMP_001,2026-03-02T01:08:00+00:00,-8.581531749539465,1,DRIFT,1,val,0.014706548303365707,lstm-ae-v2-candidate
MTR,TEMP_001,2026-03-02T01:09:00+00:00,-8.550989784788232,1,DRIFT,1,val,0.017046093940734863,lstm-ae-v2-candidate
MTR,TEMP_001,2026-03-02T01:10:00+00:00,-8.091507023552904,1,DRIFT,1,val,0.02231714315712452,lstm-ae-v2-candidate
MTR,TEMP_001,2026-03-02T01:11:00+00:00,-8.070865426439028,1,DRIFT,1,val,0.026048030704259872,lstm-ae-v2-candidate
MTR,TEMP_001,2026-03-02T01:12:00+00:00,-7.646489382984608,1,DRIFT,1,val,0.03228168562054634,lstm-ae-v2-candidate
MTR,TEMP_001,2026-03-02T01:13:00+00:00,-7.380767326359304,1,DRIFT,1,val,0.038783278316259384,lstm-ae-v2-candidate
MTR,TEMP_001,2026-03-02T01:14:00+00:00,-7.41729087457535,1,DRIFT,1,val,0.04207576438784599,lstm-ae-v2-candidate
MTR,TEMP_001,2026-03-02T01:15:00+00:00,-7.256088794227761,1,DRIFT,1,val,0.045612942427396774,lstm-ae-v2-candidate
MTR,TEMP_001,2026-03-02T01:16:00+00:00,-6.99135119216706,1,DRIFT,1,val,0.050900619477033615,lstm-ae-v2-candidate
MTR,TEMP_001,2026-03-02T01:17:00+00:00,-6.703843518479801,1,DRIFT,1,val,0.06002921611070633,lstm-ae-v2-candidate
MTR,TEMP_001,2026-03-02T01:18:00+00:00,-6.502560984460091,1,DRIFT,1,val,0.07085558772087097,lstm-ae-v2-candidate
MTR,TEMP_001,2026-03-02T01:19:00+00:00,-6.381193518186775,1,DRIFT,1,val,0.08266369998455048,lstm-ae-v2-candidate
MTR,TEMP_001,2026-03-02T01:20:00+00:00,-6.473405871659266,1,DRIFT,1,val,0.0920560210943222,lstm-ae-v2-candidate
MTR,TEMP_001,2026-03-02T01:21:00+00:00,-6.407368296792648,1,DRIFT,1,val,0.10225807875394821,lstm-ae-v2-candidate
MTR,TEMP_001,2026-03-02T01:22:00+00:00,-6.243817007028405,1,DRIFT,1,val,0.11557092517614365,lstm-ae-v2-candidate
MTR,TEMP_001,2026-03-02T01:23:00+00:00,-6.207101034906518,1,DRIFT,1,val,0.12924113869667053,lstm-ae-v2-candidate
MTR,TEMP_001,2026-03-02T01:24:00+00:00,-5.924704574689988,1,DRIFT,1,val,0.1495467871427536,lstm-ae-v2-candidate
MTR,TEMP_001,2026-03-02T01:25:00+00:00,-5.241303314480732,1,DRIFT,1,val,0.18873077630996704,lstm-ae-v2-candidate
MTR,TEMP_001,2026-03-02T01:26:00+00:00,-5.0677910129465085,1,DRIFT,1,val,0.2321915328502655,lstm-ae-v2-candidate
MTR,TEMP_001,2026-03-02T01:27:00+00:00,-5.109658258098357,1,DRIFT,1,val,0.2756487727165222,lstm-ae-v2-candidate
MTR,TEMP_001,2026-03-02T01:28:00+00:00,-5.137352617979856,1,DRIFT,1,val,0.3238142430782318,lstm-ae-v2-candidate
MTR,TEMP_001,2026-03-02T01:29:00+00:00,-4.659480946296412,1,DRIFT,1,val,0.39626893401145935,lstm-ae-v2-candidate
MTR,TEMP_001,2026-03-02T01:30:00+00:00,-11.13385156223204,0,NORMAL,1,val,0.38522404432296753,lstm-ae-v2-candidate
MTR,TEMP_001,2026-03-02T01:31:00+00:00,-11.366404659210158,0,NORMAL,1,val,0.3918963670730591,lstm-ae-v2-candidate
MTR,TEMP_001,2026-03-02T01:32:00+00:00,-11.083243774746368,0,NORMAL,1,val,0.40216559171676636,lstm-ae-v2-candidate
MTR,TEMP_001,2026-03-02T01:33:00+00:00,-11.35977991237382,0,NORMAL,1,val,0.4085749387741089,lstm-ae-v2-candidate
MTR,TEMP_001,2026-03-02T01:34:00+00:00,-11.172796613651531,0,NORMAL,1,val,0.4077729880809784,lstm-ae-v2-candidate
MTR,TEMP_001,2026-03-02T01:35:00+00:00,-11.556862000396626,0,NORMAL,1,val,0.4025968611240387,lstm-ae-v2-candidate
MTR,TEMP_001,2026-03-02T01:36:00+00:00,-11.200734895646043,0,NORMAL,1,val,0.400810182094574,lstm-ae-v2-candidate
MTR,TEMP_001,2026-03-02T01:37:00+00:00,-11.585085466094704,0,NORMAL,1,val,0.40149205923080444,lstm-ae-v2-candidate
MTR,TEMP_001,2026-03-02T01:38:00+00:00,-11.544957952637413,0,NORMAL,1,val,0.4033685624599457,lstm-ae-v2-candidate
MTR,TEMP_001,2026-03-02T01:39:00+00:00,-11.666376720946417,0,NORMAL,1,val,0.4099380373954773,lstm-ae-v2-candidate
MTR,TEMP_001,2026-03-02T01:40:00+00:00,-11.59684300637886,0,NORMAL,1,val,0.4163747727870941,lstm-ae-v2-candidate
MTR,TEMP_001,2026-03-02T01:41:00+00:00,-11.534908001699518,0,NORMAL,1,val,0.4267136752605438,lstm-ae-v2-candidate
MTR,TEMP_001,2026-03-02T01:42:00+00:00,-11.632914573991863,0,NORMAL,1,val,0.43618282675743103,lstm-ae-v2-candidate
MTR,TEMP_001,2026-03-02T01:43:00+00:00,-11.618351741680506,0,NORMAL,1,val,0.4440026879310608,lstm-ae-v2-candidate
MTR,TEMP_001,2026-03-02T01:44:00+00:00,-11.633527777573471,0,NORMAL,1,val,0.4540139138698578,lstm-ae-v2-candidate
MTR,TEMP_001,2026-03-02T01:45:00+00:00,-11.772476690424918,0,NORMAL,1,val,0.4629945456981659,lstm-ae-v2-candidate
MTR,TEMP_001,2026-03-02T01:46:00+00:00,-11.69428860561285,0,NORMAL,1,val,0.46896490454673767,lstm-ae-v2-candidate
MTR,TEMP_001,2026-03-02T01:47:00+00:00,-11.908558421507356,0,NORMAL,1,val,0.4690361022949219,lstm-ae-v2-candidate
MTR,TEMP_001,2026-03-02T01:48:00+00:00,-12.164331425538686,0,NORMAL,1,val,0.46372660994529724,lstm-ae-v2-candidate
MTR,TEMP_001,2026-03-02T01:49:00+00:00,-12.000048395281553,0,NORMAL,1,val,0.4538479745388031,lstm-ae-v2-candidate
MTR,TEMP_001,2026-03-02T01:50:00+00:00,-12.40117258903238,0,NORMAL,1,val,0.4433879256248474,lstm-ae-v2-candidate
MTR,TEMP_001,2026-03-02T01:51:00+00:00,-12.593644593363331,0,NORMAL,1,val,0.4304596483707428,lstm-ae-v2-candidate
MTR,TEMP_001,2026-03-02T01:52:00+00:00,-12.398782241589403,0,NORMAL,1,val,0.4118511378765106,lstm-ae-v2-candidate
MTR,TEMP_001,2026-03-02T01:53:00+00:00,-12.876351757681274,0,NORMAL,1,val,0.39243945479393005,lstm-ae-v2-candidate
MTR,TEMP_001,2026-03-02T01:54:00+00:00,-12.701909370765128,0,NORMAL,1,val,0.3661356270313263,lstm-ae-v2-candidate
MTR,TEMP_001,2026-03-02T01:55:00+00:00,-12.984319878756708,0,NORMAL,1,val,0.32032740116119385,lstm-ae-v2-candidate
MTR,TEMP_001,2026-03-02T01:56:00+00:00,-13.105365274134307,0,NORMAL,1,val,0.2655535936355591,lstm-ae-v2-candidate
MTR,TEMP_001,2026-03-02T01:57:00+00:00,-12.99752752595928,0,NORMAL,1,val,0.2036801278591156,lstm-ae-v2-candidate
MTR,TEMP_001,2026-03-02T01:58:00+00:00,-12.954250435766024,0,NORMAL,1,val,0.12797309458255768,lstm-ae-v2-candidate
MTR,TEMP_001,2026-03-02T01:59:00+00:00,-13.230825654652104,0,NORMAL,0,val,0.002839254681020975,lstm-ae-v2-candidate
MTR,TEMP_001,2026-03-02T02:00:00+00:00,-13.119570895523976,0,NORMAL,0,val,0.0031113263685256243,lstm-ae-v2-candidate
MTR,TEMP_001,2026-03-02T02:01:00+00:00,-13.257216463478429,0,NORMAL,0,val,0.0031022997573018074,lstm-ae-v2-candidate
MTR,TEMP_001,2026-03-02T02:02:00+00:00,-13.59803955895614,0,NORMAL,0,val,0.003077317727729678,lstm-ae-v2-candidate
MTR,TEMP_001,2026-03-02T02:03:00+00:00,-13.625931087379827,0,NORMAL,0,val,0.003071168903261423,lstm-ae-v2-candidate
MTR,TEMP_001,2026-03-02T02:04:00+00:00,-13.565730293500936,0,NORMAL,0,val,0.003111181315034628,lstm-ae-v2-candidate
MTR,TEMP_001,2026-03-02T02:05:00+00:00,-13.649584186122311,0,NORMAL,0,val,0.002862806199118495,lstm-ae-v2-candidate
MTR,TEMP_001,2026-03-02T02:06:00+00:00,-13.96031706242292,0,NORMAL,0,val,0.0028369303327053785,lstm-ae-v2-candidate
MTR,TEMP_001,2026-03-02T02:07:00+00:00,-14.271303519724562,0,NORMAL,0,val,0.002969418652355671,lstm-ae-v2-candidate
MTR,TEMP_001,2026-03-02T02:08:00+00:00,-14.02691379217119,0,NORMAL,0,val,0.0028671661857515574,lstm-ae-v2-candidate
MTR,TEMP_001,2026-03-02T02:09:00+00:00,-14.199239340415025,0,NORMAL,0,val,0.0025913207791745663,lstm-ae-v2-candidate
MTR,TEMP_001,2026-03-02T02:10:00+00:00,-14.277006133253751,0,NORMAL,0,val,0.0024797418154776096,lstm-ae-v2-candidate
MTR,TEMP_001,2026-03-02T02:11:00+00:00,-14.354939639120408,0,NORMAL,0,val,0.0024482866283506155,lstm-ae-v2-candidate
MTR,TEMP_001,2026-03-02T02:12:00+00:00,-14.446090865330545,0,NORMAL,0,val,0.0024253057781606913,lstm-ae-v2-candidate
MTR,TEMP_001,2026-03-02T02:13:00+00:00,-14.576987274653742,0,NORMAL,0,val,0.0024253977462649345,lstm-ae-v2-candidate
MTR,TEMP_001,2026-03-02T02:14:00+00:00,-14.864624536316215,0,NORMAL,0,val,0.002550351433455944,lstm-ae-v2-candidate
MTR,TEMP_001,2026-03-02T02:15:00+00:00,-15.23481277043232,0,NORMAL,0,val,0.00305091287009418,lstm-ae-v2-candidate
MTR,TEMP_001,2026-03-02T02:16:00+00:00,-14.9812777597897,0,NORMAL,0,val,0.002592290984466672,lstm-ae-v2-candidate
MTR,TEMP_001,2026-03-02T02:17:00+00:00,-14.966411464264516,0,NORMAL,0,val,0.002411640714854002,lstm-ae-v2-candidate
MTR,TEMP_001,2026-03-02T02:18:00+00:00,-15.20149541559775,0,NORMAL,0,val,0.002318732440471649,lstm-ae-v2-candidate
MTR,TEMP_001,2026-03-02T02:19:00+00:00,-15.495720918046713,0,NORMAL,0,val,0.0020284862257540226,lstm-ae-v2-candidate
MTR,TEMP_001,2026-03-02T02:54:00+00:00,-18.305654154754077,0,NORMAL,0,val,0.004454369191080332,lstm-ae-v2-candidate
MTR,TEMP_001,2026-03-02T02:55:00+00:00,-17.93843274763447,0,NORMAL,0,val,0.0029284232296049595,lstm-ae-v2-candidate
MTR,TEMP_001,2026-03-02T02:56:00+00:00,-17.672851541574047,0,NORMAL,0,val,0.0033763633109629154,lstm-ae-v2-candidate
MTR,TEMP_001,2026-03-02T02:57:00+00:00,-18.188634227382583,0,NORMAL,0,val,0.0031756458338350058,lstm-ae-v2-candidate
MTR,TEMP_001,2026-03-02T02:58:00+00:00,-18.078108567994292,0,NORMAL,0,val,0.0031847571954131126,lstm-ae-v2-candidate
MTR,TEMP_001,2026-03-02T02:59:00+00:00,-18.30671605987079,0,NORMAL,0,val,0.0032406107056885958,lstm-ae-v2-candidate
MTR,TEMP_001,2026-03-02T03:00:00+00:00,-18.230859084757615,0,NORMAL,0,val,0.0032871176954358816,lstm-ae-v2-candidate
MTR,TEMP_001,2026-03-02T03:01:00+00:00,-18.42497945779744,0,NORMAL,0,val,0.0034288091119378805,lstm-ae-v2-candidate
MTR,TEMP_001,2026-03-02T03:02:00+00:00,-18.449787351810308,0,NORMAL,0,val,0.003408886957913637,lstm-ae-v2-candidate
MTR,TEMP_001,2026-03-02T03:03:00+00:00,-18.12881442685418,0,NORMAL,0,val,0.0034792341757565737,lstm-ae-v2-candidate
MTR,TEMP_001,2026-03-02T03:04:00+00:00,-18.334397352563983,0,NORMAL,0,val,0.0034305851440876722,lstm-ae-v2-candidate
MTR,TEMP_001,2026-03-02T03:05:00+00:00,-17.998569054080605,0,NORMAL,0,val,0.003786633722484112,lstm-ae-v2-candidate
MTR,TEMP_001,2026-03-02T03:06:00+00:00,-18.5746445977815,0,NORMAL,0,val,0.003860088298097253,lstm-ae-v2-candidate
MTR,TEMP_001,2026-03-02T03:07:00+00:00,-18.613383762737413,0,NORMAL,0,val,0.003777633188292384,lstm-ae-v2-candidate
MTR,TEMP_001,2026-03-02T03:08:00+00:00,-18.338199218883275,0,NORMAL,0,val,0.003617069683969021,lstm-ae-v2-candidate
MTR,TEMP_001,2026-03-02T03:09:00+00:00,-18.378507856110463,0,NORMAL,0,val,0.003646984463557601,lstm-ae-v2-candidate
MTR,TEMP_001,2026-03-02T03:10:00+00:00,-18.54924548701524,0,NORMAL,0,val,0.003893020562827587,lstm-ae-v2-candidate
MTR,TEMP_001,2026-03-02T03:11:00+00:00,-18.623351105887828,0,NORMAL,0,val,0.0035061342641711235,lstm-ae-v2-candidate
MTR,TEMP_001,2026-03-02T03:12:00+00:00,-18.91941835692724,0,NORMAL,0,val,0.00403597904369235,lstm-ae-v2-candidate
MTR,TEMP_001,2026-03-02T03:13:00+00:00,-18.89843163350528,0,NORMAL,0,val,0.004009434022009373,lstm-ae-v2-candidate
MTR,TEMP_001,2026-03-02T03:14:00+00:00,-18.92574294286632,0,NORMAL,0,val,0.0041701290756464005,lstm-ae-v2-candidate
MTR,TEMP_001,2026-03-02T03:15:00+00:00,-19.02413293476394,0,NORMAL,0,val,0.004033597651869059,lstm-ae-v2-candidate
MTR,TEMP_001,2026-03-02T03:16:00+00:00,-19.103480292977476,0,NORMAL,0,val,0.004236744251102209,lstm-ae-v2-candidate
MTR,TEMP_001,2026-03-02T03:17:00+00:00,-18.825039187985233,0,NORMAL,0,val,0.003795159747824073,lstm-ae-v2-candidate
MTR,TEMP_001,2026-03-02T03:18:00+00:00,-19.02092036440224,0,NORMAL,0,val,0.0035782991908490658,lstm-ae-v2-candidate
MTR,TEMP_001,2026-03-02T03:19:00+00:00,-19.303276830588388,0,NORMAL,0,val,0.003978184890002012,lstm-ae-v2-candidate
MTR,TEMP_001,2026-03-02T03:20:00+00:00,-19.303276830588388,1,STUCK_VALUE,1,val,0.0040792906656861305,lstm-ae-v2-candidate
MTR,TEMP_001,2026-03-02T03:21:00+00:00,-19.303276830588388,1,STUCK_VALUE,1,val,0.004166902042925358,lstm-ae-v2-candidate
MTR,TEMP_001,2026-03-02T03:22:00+00:00,-19.303276830588388,1,STUCK_VALUE,1,val,0.004140154458582401,lstm-ae-v2-candidate
MTR,TEMP_001,2026-03-02T03:23:00+00:00,-19.303276830588388,1,STUCK_VALUE,1,val,0.003829213557764888,lstm-ae-v2-candidate
MTR,TEMP_001,2026-03-02T03:24:00+00:00,-19.303276830588388,1,STUCK_VALUE,1,val,0.003010339802131057,lstm-ae-v2-candidate
MTR,TEMP_001,2026-03-02T03:25:00+00:00,-19.303276830588388,1,STUCK_VALUE,1,val,0.003009260632097721,lstm-ae-v2-candidate
MTR,TEMP_001,2026-03-02T03:26:00+00:00,-19.303276830588388,1,STUCK_VALUE,1,val,0.002576144877821207,lstm-ae-v2-candidate
MTR,TEMP_001,2026-03-02T03:27:00+00:00,-19.303276830588388,1,STUCK_VALUE,1,val,0.002422502962872386,lstm-ae-v2-candidate
MTR,TEMP_001,2026-03-02T03:28:00+00:00,-19.303276830588388,1,STUCK_VALUE,1,val,0.0023249031510204077,lstm-ae-v2-candidate
MTR,TEMP_001,2026-03-02T03:29:00+00:00,-19.303276830588388,1,STUCK_VALUE,1,val,0.0021704756654798985,lstm-ae-v2-candidate
MTR,TEMP_001,2026-03-02T03:30:00+00:00,-19.303276830588388,1,STUCK_VALUE,1,val,0.0020812409929931164,lstm-ae-v2-candidate
MTR,TEMP_001,2026-03-02T03:31:00+00:00,-19.303276830588388,1,STUCK_VALUE,1,val,0.0018120966851711273,lstm-ae-v2-candidate
MTR,TEMP_001,2026-03-02T03:32:00+00:00,-19.303276830588388,1,STUCK_VALUE,1,val,0.001769791473634541,lstm-ae-v2-candidate
MTR,TEMP_001,2026-03-02T03:33:00+00:00,-19.303276830588388,1,STUCK_VALUE,1,val,0.0018354529747739434,lstm-ae-v2-candidate
MTR,TEMP_001,2026-03-02T03:34:00+00:00,-19.303276830588388,1,STUCK_VALUE,1,val,0.00213973899371922,lstm-ae-v2-candidate
MTR,TEMP_001,2026-03-02T03:35:00+00:00,-19.303276830588388,1,STUCK_VALUE,1,val,0.0015562956687062979,lstm-ae-v2-candidate
MTR,TEMP_001,2026-03-02T03:36:00+00:00,-19.303276830588388,1,STUCK_VALUE,1,val,0.001604560762643814,lstm-ae-v2-candidate
MTR,TEMP_001,2026-03-02T03:37:00+00:00,-19.303276830588388,1,STUCK_VALUE,1,val,0.0017532266210764647,lstm-ae-v2-candidate
MTR,TEMP_001,2026-03-02T03:38:00+00:00,-19.303276830588388,1,STUCK_VALUE,1,val,0.001566259772516787,lstm-ae-v2-candidate
MTR,TEMP_001,2026-03-02T03:39:00+00:00,-19.303276830588388,1,STUCK_VALUE,1,val,0.0012011626968160272,lstm-ae-v2-candidate
MTR,TEMP_001,2026-03-02T03:40:00+00:00,-19.303276830588388,1,STUCK_VALUE,1,val,0.000999070005491376,lstm-ae-v2-candidate
MTR,TEMP_001,2026-03-02T03:41:00+00:00,-19.303276830588388,1,STUCK_VALUE,1,val,0.0007611857145093381,lstm-ae-v2-candidate
MTR,TEMP_001,2026-03-02T03:42:00+00:00,-19.303276830588388,1,STUCK_VALUE,1,val,0.0007874772418290377,lstm-ae-v2-candidate
MTR,TEMP_001,2026-03-02T03:43:00+00:00,-19.303276830588388,1,STUCK_VALUE,1,val,0.0007526989211328328,lstm-ae-v2-candidate
MTR,TEMP_001,2026-03-02T03:44:00+00:00,-19.3100979687638,0,NORMAL,1,val,0.000722344615496695,lstm-ae-v2-candidate
MTR,TEMP_001,2026-03-02T03:45:00+00:00,-19.563868008859902,0,NORMAL,1,val,0.0010862841736525297,lstm-ae-v2-candidate
MTR,TEMP_001,2026-03-02T03:46:00+00:00,-19.301752362803043,0,NORMAL,1,val,0.0010946254478767514,lstm-ae-v2-candidate
MTR,TEMP_001,2026-03-02T03:47:00+00:00,-19.438289868660952,0,NORMAL,1,val,0.0009015598916448653,lstm-ae-v2-candidate
MTR,TEMP_001,2026-03-02T03:48:00+00:00,-19.478493101601,0,NORMAL,1,val,0.00100578588899225,lstm-ae-v2-candidate
MTR,TEMP_001,2026-03-02T03:49:00+00:00,-19.26298512406172,0,NORMAL,1,val,0.0009598610340617597,lstm-ae-v2-candidate
MTR,TEMP_001,2026-03-02T03:50:00+00:00,-19.195622132401656,0,NORMAL,1,val,0.0009048027568496764,lstm-ae-v2-candidate
MTR,TEMP_001,2026-03-02T03:51:00+00:00,-19.317368530651127,0,NORMAL,1,val,0.0008595859981141984,lstm-ae-v2-candidate
MTR,TEMP_001,2026-03-02T03:52:00+00:00,-19.26069464313583,0,NORMAL,1,val,0.0008035459904931486,lstm-ae-v2-candidate
MTR,TEMP_001,2026-03-02T03:53:00+00:00,-19.52751832734767,0,NORMAL,1,val,0.0010180859826505184,lstm-ae-v2-candidate
MTR,TEMP_001,2026-03-02T03:54:00+00:00,-19.430691003184585,0,NORMAL,1,val,0.0010668598115444183,lstm-ae-v2-candidate
MTR,TEMP_001,2026-03-02T03:55:00+00:00,-19.080266749658595,0,NORMAL,1,val,0.001105516916140914,lstm-ae-v2-candidate
MTR,TEMP_001,2026-03-02T03:56:00+00:00,-19.35626991650027,0,NORMAL,1,val,0.0010903257643803954,lstm-ae-v2-candidate
MTR,TEMP_001,2026-03-02T03:57:00+00:00,-19.04071076130224,0,NORMAL,1,val,0.0011327725369483232,lstm-ae-v2-candidate
MTR,TEMP_001,2026-03-02T03:58:00+00:00,-19.245558617923628,0,NORMAL,1,val,0.001091651152819395,lstm-ae-v2-candidate
MTR,TEMP_001,2026-03-02T03:59:00+00:00,-19.113140118501324,0,NORMAL,1,val,0.001059596543200314,lstm-ae-v2-candidate
MTR,TEMP_001,2026-03-02T04:00:00+00:00,-19.30469845208329,0,NORMAL,1,val,0.0011100220726802945,lstm-ae-v2-candidate
MTR,TEMP_001,2026-03-02T04:01:00+00:00,-19.17514925376937,0,NORMAL,1,val,0.001093528582714498,lstm-ae-v2-candidate
MTR,TEMP_001,2026-03-02T04:02:00+00:00,-19.219213775168985,0,NORMAL,1,val,0.0011085077421739697,lstm-ae-v2-candidate
MTR,TEMP_001,2026-03-02T04:03:00+00:00,-19.109365203686107,0,NORMAL,1,val,0.0010985113913193345,lstm-ae-v2-candidate
MTR,TEMP_001,2026-03-02T04:04:00+00:00,-19.188671353176627,0,NORMAL,1,val,0.0011306105880066752,lstm-ae-v2-candidate
MTR,TEMP_001,2026-03-02T04:05:00+00:00,-18.870015927776524,0,NORMAL,1,val,0.0012282340321689844,lstm-ae-v2-candidate
MTR,TEMP_001,2026-03-02T04:06:00+00:00,-19.05998910342988,0,NORMAL,1,val,0.0012349366443231702,lstm-ae-v2-candidate
MTR,TEMP_001,2026-03-02T04:07:00+00:00,-18.732647669700803,0,NORMAL,1,val,0.0013821254251524806,lstm-ae-v2-candidate
MTR,TEMP_001,2026-03-02T04:08:00+00:00,-18.365043113992883,0,NORMAL,1,val,0.002115328097715974,lstm-ae-v2-candidate
MTR,TEMP_001,2026-03-02T04:09:00+00:00,-18.382824746603376,0,NORMAL,1,val,0.0024564515333622694,lstm-ae-v2-candidate
MTR,TEMP_001,2026-03-02T04:10:00+00:00,-18.45061746594548,0,NORMAL,1,val,0.0025221745017915964,lstm-ae-v2-candidate
MTR,TEMP_001,2026-03-02T04:11:00+00:00,-18.640831247739392,0,NORMAL,1,val,0.002535610692575574,lstm-ae-v2-candidate
MTR,TEMP_001,2026-03-02T04:12:00+00:00,-18.95191694910887,0,NORMAL,1,val,0.0030874772928655148,lstm-ae-v2-candidate
MTR,TEMP_001,2026-03-02T04:13:00+00:00,-18.827623464201977,0,NORMAL,0,val,0.0033424533903598785,lstm-ae-v2-candidate
MTR,TEMP_001,2026-03-02T04:14:00+00:00,-18.492439644588035,0,NORMAL,0,val,0.003441997803747654,lstm-ae-v2-candidate
MTR,TEMP_001,2026-03-02T04:15:00+00:00,-18.644020963396265,0,NORMAL,0,val,0.0033537750132381916,lstm-ae-v2-candidate
MTR,TEMP_001,2026-03-02T04:16:00+00:00,-18.579827803947826,0,NORMAL,0,val,0.00348828942514956,lstm-ae-v2-candidate
MTR,TEMP_001,2026-03-02T04:17:00+00:00,-18.17294798547224,0,NORMAL,0,val,0.003714343998581171,lstm-ae-v2-candidate
MTR,TEMP_001,2026-03-02T04:18:00+00:00,-18.37818617938749,0,NORMAL,0,val,0.003665136406198144,lstm-ae-v2-candidate
MTR,TEMP_001,2026-03-02T04:19:00+00:00,-18.283155330665124,0,NORMAL,0,val,0.0037114021833986044,lstm-ae-v2-candidate
MTR,VIB_001,2026-03-01T23:49:00+00:00,0.7892014441569736,0,NORMAL,0,val,0.02323034033179283,lstm-ae-v2-candidate
MTR,VIB_001,2026-03-01T23:50:00+00:00,0.8339595047672047,0,NORMAL,0,val,0.02425207383930683,lstm-ae-v2-candidate
MTR,VIB_001,2026-03-01T23:51:00+00:00,0.8101524251858535,0,NORMAL,0,val,0.022733263671398163,lstm-ae-v2-candidate
MTR,VIB_001,2026-03-01T23:52:00+00:00,0.8681068488996659,0,NORMAL,0,val,0.028015967458486557,lstm-ae-v2-candidate
MTR,VIB_001,2026-03-01T23:53:00+00:00,0.8631407134432914,0,NORMAL,0,val,0.030427774414420128,lstm-ae-v2-candidate
MTR,VIB_001,2026-03-01T23:54:00+00:00,0.903711504394164,0,NORMAL,0,val,0.03918132558465004,lstm-ae-v2-candidate
MTR,VIB_001,2026-03-01T23:55:00+00:00,0.8800417905534581,0,NORMAL,0,val,0.04098694771528244,lstm-ae-v2-candidate
MTR,VIB_001,2026-03-01T23:56:00+00:00,0.8591771594642537,0,NORMAL,0,val,0.038083866238594055,lstm-ae-v2-candidate
MTR,VIB_001,2026-03-01T23:57:00+00:00,0.9082416358194216,0,NORMAL,0,val,0.042171455919742584,lstm-ae-v2-candidate
MTR,VIB_001,2026-03-01T23:58:00+00:00,0.9233248022273676,0,NORMAL,0,val,0.04654211923480034,lstm-ae-v2-candidate
MTR,VIB_001,2026-03-01T23:59:00+00:00,0.8880581470727266,0,NORMAL,0,val,0.04646993428468704,lstm-ae-v2-candidate
MTR,VIB_001,2026-03-02T00:00:00+00:00,1.4878841325864414,1,SPIKE,1,val,0.7284737229347229,lstm-ae-v2-candidate
MTR,VIB_001,2026-03-02T00:01:00+00:00,1.493706948665843,1,SPIKE,1,val,1.3856722116470337,lstm-ae-v2-candidate
MTR,VIB_001,2026-03-02T00:02:00+00:00,1.5117566966896767,1,SPIKE,1,val,2.1338565349578857,lstm-ae-v2-candidate
MTR,VIB_001,2026-03-02T00:03:00+00:00,1.4653564119724325,1,SPIKE,1,val,2.680449962615967,lstm-ae-v2-candidate
MTR,VIB_001,2026-03-02T00:04:00+00:00,1.4744350283424803,1,SPIKE,1,val,3.2065670490264893,lstm-ae-v2-candidate
MTR,VIB_001,2026-03-02T00:05:00+00:00,0.8264730493657303,0,NORMAL,1,val,2.931943655014038,lstm-ae-v2-candidate
MTR,VIB_001,2026-03-02T00:06:00+00:00,0.8653590005795923,0,NORMAL,1,val,3.0881857872009277,lstm-ae-v2-candidate
MTR,VIB_001,2026-03-02T00:07:00+00:00,0.8783700992013216,0,NORMAL,1,val,3.3435914516448975,lstm-ae-v2-candidate
MTR,VIB_001,2026-03-02T00:08:00+00:00,0.8933996314907388,0,NORMAL,1,val,3.5456957817077637,lstm-ae-v2-candidate
MTR,VIB_001,2026-03-02T00:09:00+00:00,0.9213487020960844,0,NORMAL,1,val,3.6374199390411377,lstm-ae-v2-candidate
MTR,VIB_001,2026-03-02T00:10:00+00:00,0.8744941494788734,0,NORMAL,1,val,3.7679214477539062,lstm-ae-v2-candidate
MTR,VIB_001,2026-03-02T00:11:00+00:00,0.8634970325948578,0,NORMAL,1,val,3.827946424484253,lstm-ae-v2-candidate
MTR,VIB_001,2026-03-02T00:12:00+00:00,0.8862485966836497,0,NORMAL,1,val,3.807950735092163,lstm-ae-v2-candidate
MTR,VIB_001,2026-03-02T00:13:00+00:00,0.9270689537063628,0,NORMAL,1,val,3.743238687515259,lstm-ae-v2-candidate
MTR,VIB_001,2026-03-02T00:14:00+00:00,0.8974922200165283,0,NORMAL,1,val,3.6860642433166504,lstm-ae-v2-candidate
MTR,VIB_001,2026-03-02T00:15:00+00:00,0.8650541141586697,0,NORMAL,1,val,3.6542444229125977,lstm-ae-v2-candidate
MTR,VIB_001,2026-03-02T00:16:00+00:00,0.8971476707682815,0,NORMAL,1,val,3.6057372093200684,lstm-ae-v2-candidate
MTR,VIB_001,2026-03-02T00:17:00+00:00,0.8753608174252517,0,NORMAL,1,val,3.5722663402557373,lstm-ae-v2-candidate
MTR,VIB_001,2026-03-02T00:18:00+00:00,0.9000755535418518,0,NORMAL,1,val,3.4794163703918457,lstm-ae-v2-candidate
MTR,VIB_001,2026-03-02T00:19:00+00:00,0.875163680541599,0,NORMAL,1,val,3.361149549484253,lstm-ae-v2-candidate
MTR,VIB_001,2026-03-02T00:20:00+00:00,0.8938773689309274,0,NORMAL,1,val,3.2620387077331543,lstm-ae-v2-candidate
MTR,VIB_001,2026-03-02T00:21:00+00:00,0.8545941833817117,0,NORMAL,1,val,3.137826442718506,lstm-ae-v2-candidate
MTR,VIB_001,2026-03-02T00:22:00+00:00,0.9025464800160384,0,NORMAL,1,val,3.0542147159576416,lstm-ae-v2-candidate
MTR,VIB_001,2026-03-02T00:23:00+00:00,0.8539379454458491,0,NORMAL,1,val,2.9682605266571045,lstm-ae-v2-candidate
MTR,VIB_001,2026-03-02T00:24:00+00:00,0.9018424004678122,0,NORMAL,1,val,2.906580686569214,lstm-ae-v2-candidate
MTR,VIB_001,2026-03-02T00:25:00+00:00,0.8804960597661029,0,NORMAL,1,val,2.8262763023376465,lstm-ae-v2-candidate
MTR,VIB_001,2026-03-02T00:26:00+00:00,0.8872931979191272,0,NORMAL,1,val,2.7324655055999756,lstm-ae-v2-candidate
MTR,VIB_001,2026-03-02T00:27:00+00:00,0.8797892840702004,0,NORMAL,1,val,2.6818695068359375,lstm-ae-v2-candidate
MTR,VIB_001,2026-03-02T00:28:00+00:00,0.8453635472727061,0,NORMAL,1,val,2.6524546146392822,lstm-ae-v2-candidate
MTR,VIB_001,2026-03-02T00:29:00+00:00,0.9068112120378106,0,NORMAL,1,val,2.631349802017212,lstm-ae-v2-candidate
MTR,VIB_001,2026-03-02T00:30:00+00:00,0.9347271337065968,0,NORMAL,1,val,2.2284178733825684,lstm-ae-v2-candidate
MTR,VIB_001,2026-03-02T00:31:00+00:00,0.9202453860364216,0,NORMAL,1,val,1.780617117881775,lstm-ae-v2-candidate
MTR,VIB_001,2026-03-02T00:32:00+00:00,0.9179619675546687,0,NORMAL,1,val,1.2153093814849854,lstm-ae-v2-candidate
MTR,VIB_001,2026-03-02T00:33:00+00:00,0.9627376263615836,0,NORMAL,1,val,0.6948747634887695,lstm-ae-v2-candidate
MTR,VIB_001,2026-03-02T00:34:00+00:00,0.9252246371553003,0,NORMAL,0,val,0.045025236904621124,lstm-ae-v2-candidate
MTR,VIB_001,2026-03-02T00:35:00+00:00,0.924041557812742,0,NORMAL,0,val,0.03972652181982994,lstm-ae-v2-candidate
MTR,VIB_001,2026-03-02T00:36:00+00:00,0.9685784229008464,0,NORMAL,0,val,0.046684812754392624,lstm-ae-v2-candidate
MTR,VIB_001,2026-03-02T00:37:00+00:00,0.967745880610901,0,NORMAL,0,val,0.05059065297245979,lstm-ae-v2-candidate
MTR,VIB_001,2026-03-02T00:38:00+00:00,0.947510883333369,0,NORMAL,0,val,0.047664642333984375,lstm-ae-v2-candidate
MTR,VIB_001,2026-03-02T00:39:00+00:00,0.9396675194412648,0,NORMAL,0,val,0.03966740518808365,lstm-ae-v2-candidate
MTR,VIB_001,2026-03-02T00:40:00+00:00,0.932140904203256,0,NORMAL,0,val,0.03991593420505524,lstm-ae-v2-candidate
MTR,VIB_001,2026-03-02T00:41:00+00:00,0.9336901444695612,0,NORMAL,0,val,0.04067898914217949,lstm-ae-v2-candidate
MTR,VIB_001,2026-03-02T00:42:00+00:00,0.9591014255448538,0,NORMAL,0,val,0.040379587560892105,lstm-ae-v2-candidate
MTR,VIB_001,2026-03-02T00:43:00+00:00,0.9392977947311372,0,NORMAL,0,val,0.03268369287252426,lstm-ae-v2-candidate
MTR,VIB_001,2026-03-02T00:44:00+00:00,0.9510132548544896,0,NORMAL,0,val,0.03000144101679325,lstm-ae-v2-candidate
MTR,VIB_001,2026-03-02T00:45:00+00:00,0.9481983514205188,0,NORMAL,0,val,0.030397498980164528,lstm-ae-v2-candidate
MTR,VIB_001,2026-03-02T00:46:00+00:00,0.9646880743516578,0,NORMAL,0,val,0.02854016423225403,lstm-ae-v2-candidate
MTR,VIB_001,2026-03-02T00:47:00+00:00,0.94330299779616,0,NORMAL,0,val,0.02896823175251484,lstm-ae-v2-candidate
MTR,VIB_001,2026-03-02T00:48:00+00:00,0.9307720080120564,0,NORMAL,0,val,0.027374502271413803,lstm-ae-v2-candidate
MTR,VIB_001,2026-03-02T00:49:00+00:00,0.9404027042699128,0,NORMAL,0,val,0.02789456397294998,lstm-ae-v2-candidate
MTR,VIB_001,2026-03-02T00:50:00+00:00,0.9859901050649988,0,NORMAL,0,val,0.03154151886701584,lstm-ae-v2-candidate
MTR,VIB_001,2026-03-02T00:51:00+00:00,0.947458143772184,0,NORMAL,0,val,0.030594240874052048,lstm-ae-v2-candidate
MTR,VIB_001,2026-03-02T00:52:00+00:00,0.9771744750054544,0,NORMAL,0,val,0.03197562322020531,lstm-ae-v2-candidate
MTR,VIB_001,2026-03-02T00:53:00+00:00,0.9752473488835364,0,NORMAL,0,val,0.031040413305163383,lstm-ae-v2-candidate
MTR,VIB_001,2026-03-02T00:54:00+00:00,1.0017494428702107,0,NORMAL,0,val,0.03463972732424736,lstm-ae-v2-candidate
MTR,VIB_001,2026-03-02T00:55:00+00:00,1.0148243785325732,0,NORMAL,0,val,0.037138983607292175,lstm-ae-v2-candidate
MTR,VIB_001,2026-03-02T00:56:00+00:00,1.051715212442114,0,NORMAL,0,val,0.04344642162322998,lstm-ae-v2-candidate
MTR,VIB_001,2026-03-02T00:57:00+00:00,1.0720239884561666,0,NORMAL,0,val,0.04808133840560913,lstm-ae-v2-candidate
MTR,VIB_001,2026-03-02T00:58:00+00:00,1.0422222429863757,0,NORMAL,0,val,0.035781946033239365,lstm-ae-v2-candidate
MTR,VIB_001,2026-03-02T00:59:00+00:00,1.0869663420963198,0,NORMAL,0,val,0.04254195839166641,lstm-ae-v2-candidate
MTR,VIB_001,2026-03-02T01:00:00+00:00,1.0706340893272046,1,DRIFT,1,val,0.04145754873752594,lstm-ae-v2-candidate
MTR,VIB_001,2026-03-02T01:01:00+00:00,1.050990997248648,1,DRIFT,1,val,0.04063357412815094,lstm-ae-v2-candidate
MTR,VIB_001,2026-03-02T01:02:00+00:00,1.085965859299496,1,DRIFT,1,val,0.043422263115644455,lstm-ae-v2-candidate
MTR,VIB_001,2026-03-02T01:03:00+00:00,1.0655398318694196,1,DRIFT,1,val,0.03924525901675224,lstm-ae-v2-candidate
MTR,VIB_001,2026-03-02T01:04:00+00:00,1.0632484516046523,1,DRIFT,1,val,0.0408819206058979,lstm-ae-v2-candidate
MTR,VIB_001,2026-03-02T01:05:00+00:00,1.073433437660556,1,DRIFT,1,val,0.04230441898107529,lstm-ae-v2-candidate
MTR,VIB_001,2026-03-02T01:06:00+00:00,1.0526478798230547,1,DRIFT,1,val,0.039230287075042725,lstm-ae-v2-candidate
MTR,VIB_001,2026-03-02T01:07:00+00:00,1.1133136479654269,1,DRIFT,1,val,0.03831496462225914,lstm-ae-v2-candidate
MTR,VIB_001,2026-03-02T01:08:00+00:00,1.127032659276147,1,DRIFT,1,val,0.04423249512910843,lstm-ae-v2-candidate
MTR,VIB_001,2026-03-02T01:09:00+00:00,1.129826553864585,1,DRIFT,1,val,0.05071355402469635,lstm-ae-v2-candidate
MTR,VIB_001,2026-03-02T01:10:00+00:00,1.1499357154612844,1,DRIFT,1,val,0.0626535415649414,lstm-ae-v2-candidate
MTR,VIB_001,2026-03-02T01:11:00+00:00,1.1502535660334037,1,DRIFT,1,val,0.07158805429935455,lstm-ae-v2-candidate
MTR,VIB_001,2026-03-02T01:12:00+00:00,1.168553666849531,1,DRIFT,1,val,0.08683598041534424,lstm-ae-v2-candidate
MTR,VIB_001,2026-03-02T01:13:00+00:00,1.14757928359774,1,DRIFT,1,val,0.08920560032129288,lstm-ae-v2-candidate
MTR,VIB_001,2026-03-02T01:14:00+00:00,1.2003841919306772,1,DRIFT,1,val,0.11852366477251053,lstm-ae-v2-candidate
MTR,VIB_001,2026-03-02T01:15:00+00:00,1.2025797893192989,1,DRIFT,1,val,0.14094442129135132,lstm-ae-v2-candidate
MTR,VIB_001,2026-03-02T01:16:00+00:00,1.1863304353650932,1,DRIFT,1,val,0.1494796723127365,lstm-ae-v2-candidate
MTR,VIB_001,2026-03-02T01:17:00+00:00,1.2020153608741937,1,DRIFT,1,val,0.16179639101028442,lstm-ae-v2-candidate
MTR,VIB_001,2026-03-02T01:18:00+00:00,1.2013321738295366,1,DRIFT,1,val,0.16469714045524597,lstm-ae-v2-candidate
MTR,VIB_001,2026-03-02T01:19:00+00:00,1.217768310010194,1,DRIFT,1,val,0.1774817854166031,lstm-ae-v2-candidate
MTR,VIB_001,2026-03-02T01:20:00+00:00,1.1892897717341642,1,DRIFT,1,val,0.17976799607276917,lstm-ae-v2-candidate
MTR,VIB_001,2026-03-02T01:21:00+00:00,1.2041447930444662,1,DRIFT,1,val,0.18729916214942932,lstm-ae-v2-candidate
MTR,VIB_001,2026-03-02T01:22:00+00:00,1.1911781708739344,1,DRIFT,1,val,0.1990482062101364,lstm-ae-v2-candidate
MTR,VIB_001,2026-03-02T01:23:00+00:00,1.2053918687482432,1,DRIFT,1,val,0.22897978127002716,lstm-ae-v2-candidate
MTR,VIB_001,2026-03-02T01:24:00+00:00,1.2158448428685742,1,DRIFT,1,val,0.27459007501602173,lstm-ae-v2-candidate
MTR,VIB_001,2026-03-02T01:25:00+00:00,1.212819862773738,1,DRIFT,1,val,0.3212946057319641,lstm-ae-v2-candidate
MTR,VIB_001,2026-03-02T01:26:00+00:00,1.250206728325045,1,DRIFT,1,val,0.38890737295150757,lstm-ae-v2-candidate
MTR,VIB_001,2026-03-02T01:27:00+00:00,1.2710743180138484,1,DRIFT,1,val,0.4656442701816559,lstm-ae-v2-candidate
MTR,VIB_001,2026-03-02T01:28:00+00:00,1.2806399638114696,1,DRIFT,1,val,0.5622943639755249,lstm-ae-v2-candidate
MTR,VIB_001,2026-03-02T01:29:00+00:00,1.3076682912198336,1,DRIFT,1,val,0.6654226779937744,lstm-ae-v2-candidate
MTR,VIB_001,2026-03-02T01:30:00+00:00,1.0909418058644629,0,NORMAL,1,val,0.6457163095474243,lstm-ae-v2-candidate
MTR,VIB_001,2026-03-02T01:31:00+00:00,1.0787952106436929,0,NORMAL,1,val,0.6482431888580322,lstm-ae-v2-candidate
MTR,VIB_001,2026-03-02T01:32:00+00:00,1.0881662000738574,0,NORMAL,1,val,0.648340106010437,lstm-ae-v2-candidate
MTR,VIB_001,2026-03-02T01:33:00+00:00,1.0684521986812,0,NORMAL,1,val,0.6619976162910461,lstm-ae-v2-candidate
MTR,VIB_001,2026-03-02T01:34:00+00:00,1.0621174485024316,0,NORMAL,1,val,0.677371621131897,lstm-ae-v2-candidate
MTR,VIB_001,2026-03-02T01:35:00+00:00,1.0617899499513868,0,NORMAL,1,val,0.6858373880386353,lstm-ae-v2-candidate
MTR,VIB_001,2026-03-02T01:36:00+00:00,1.0610623057580275,0,NORMAL,1,val,0.6976982355117798,lstm-ae-v2-candidate
MTR,VIB_001,2026-03-02T01:37:00+00:00,1.0452277757436603,0,NORMAL,1,val,0.667458713054657,lstm-ae-v2-candidate
MTR,VIB_001,2026-03-02T01:38:00+00:00,1.0664294648772528,0,NORMAL,1,val,0.6519423127174377,lstm-ae-v2-candidate
MTR,VIB_001,2026-03-02T01:39:00+00:00,1.042284853552641,0,NORMAL,1,val,0.6196611523628235,lstm-ae-v2-candidate
MTR,VIB_001,2026-03-02T01:40:00+00:00,1.022597743278976,0,NORMAL,1,val,0.5752745866775513,lstm-ae-v2-candidate
MTR,VIB_001,2026-03-02T01:41:00+00:00,1.0444937072907057,0,NORMAL,1,val,0.5584033131599426,lstm-ae-v2-candidate
MTR,VIB_001,2026-03-02T01:42:00+00:00,1.0509593132473218,0,NORMAL,1,val,0.5435472726821899,lstm-ae-v2-candidate
MTR,VIB_001,2026-03-02T01:43:00+00:00,1.0298325888151487,0,NORMAL,1,val,0.5380172729492188,lstm-ae-v2-candidate
MTR,VIB_001,2026-03-02T01:44:00+00:00,1.0288822007979157,0,NORMAL,1,val,0.5124276876449585,lstm-ae-v2-candidate
MTR,VIB_001,2026-03-02T01:45:00+00:00,1.068524956359674,0,NORMAL,1,val,0.506314754486084,lstm-ae-v2-candidate
MTR,VIB_001,2026-03-02T01:46:00+00:00,1.0171986351282687,0,NORMAL,1,val,0.49260425567626953,lstm-ae-v2-candidate
MTR,VIB_001,2026-03-02T01:47:00+00:00,1.0621438251914597,0,NORMAL,1,val,0.48689383268356323,lstm-ae-v2-candidate
MTR,VIB_001,2026-03-02T01:48:00+00:00,1.0203550334908618,0,NORMAL,1,val,0.470186322927475,lstm-ae-v2-candidate
MTR,VIB_001,2026-03-02T01:49:00+00:00,1.037937525566425,0,NORMAL,1,val,0.44616806507110596,lstm-ae-v2-candidate
MTR,VIB_001,2026-03-02T01:50:00+00:00,1.0570744101556468,0,NORMAL,1,val,0.4432840943336487,lstm-ae-v2-candidate
MTR,VIB_001,2026-03-02T01:51:00+00:00,1.030088888396239,0,NORMAL,1,val,0.4242612421512604,lstm-ae-v2-candidate
MTR,VIB_001,2026-03-02T01:52:00+00:00,1.0427480045677269,0,NORMAL,1,val,0.4158133864402771,lstm-ae-v2-candidate
MTR,VIB_001,2026-03-02T01:53:00+00:00,1.002009631722988,0,NORMAL,1,val,0.3987465798854828,lstm-ae-v2-candidate
MTR,VIB_001,2026-03-02T01:54:00+00:00,0.995597235203028,0,NORMAL,1,val,0.376916766166687,lstm-ae-v2-candidate
MTR,VIB_001,2026-03-02T01:55:00+00:00,0.9858518749963529,0,NORMAL,1,val,0.359491229057312,lstm-ae-v2-candidate
MTR,VIB_001,2026-03-02T01:56:00+00:00,1.004611659718452,0,NORMAL,1,val,0.31116601824760437,lstm-ae-v2-candidate
MTR,VIB_001,2026-03-02T01:57:00+00:00,0.971504354722804,0,NORMAL,1,val,0.24450570344924927,lstm-ae-v2-candidate
MTR,VIB_001,2026-03-02T01:58:00+00:00,0.9975318277363076,0,NORMAL,1,val,0.16012129187583923,lstm-ae-v2-candidate
MTR,VIB_001,2026-03-02T01:59:00+00:00,0.978170314252076,0,NORMAL,0,val,0.023612935096025467,lstm-ae-v2-candidate
MTR,VIB_001,2026-03-02T02:00:00+00:00,0.9488180684856464,0,NORMAL,0,val,0.022828219458460808,lstm-ae-v2-candidate
MTR,VIB_001,2026-03-02T02:01:00+00:00,0.9735731688440872,0,NORMAL,0,val,0.021949630230665207,lstm-ae-v2-candidate
MTR,VIB_001,2026-03-02T02:02:00+00:00,0.9794767015894368,0,NORMAL,0,val,0.019062817096710205,lstm-ae-v2-candidate
MTR,VIB_001,2026-03-02T02:03:00+00:00,0.9595622800425686,0,NORMAL,0,val,0.01825614459812641,lstm-ae-v2-candidate
MTR,VIB_001,2026-03-02T02:04:00+00:00,0.9687396395927802,0,NORMAL,0,val,0.018591612577438354,lstm-ae-v2-candidate
MTR,VIB_001,2026-03-02T02:05:00+00:00,0.9572028430454724,0,NORMAL,0,val,0.018511924892663956,lstm-ae-v2-candidate
MTR,VIB_001,2026-03-02T02:06:00+00:00,0.9539100646598624,0,NORMAL,0,val,0.018086735159158707,lstm-ae-v2-candidate
MTR,VIB_001,2026-03-02T02:07:00+00:00,0.9403512725802194,0,NORMAL,0,val,0.018830949440598488,lstm-ae-v2-candidate
MTR,VIB_001,2026-03-02T02:08:00+00:00,0.9284049487741696,0,NORMAL,0,val,0.017725326120853424,lstm-ae-v2-candidate
MTR,VIB_001,2026-03-02T02:09:00+00:00,0.9048207169529856,0,NORMAL,0,val,0.018363185226917267,lstm-ae-v2-candidate
MTR,VIB_001,2026-03-02T02:10:00+00:00,0.9182518567034936,0,NORMAL,0,val,0.017766790464520454,lstm-ae-v2-candidate
MTR,VIB_001,2026-03-02T02:11:00+00:00,0.8954149210263783,0,NORMAL,0,val,0.01861392706632614,lstm-ae-v2-candidate
MTR,VIB_001,2026-03-02T02:12:00+00:00,0.8838904589776198,0,NORMAL,0,val,0.01876034401357174,lstm-ae-v2-candidate
MTR,VIB_001,2026-03-02T02:13:00+00:00,0.8994165243860703,0,NORMAL,0,val,0.018633069470524788,lstm-ae-v2-candidate
MTR,VIB_001,2026-03-02T02:14:00+00:00,0.8470704416479912,0,NORMAL,0,val,0.02269453927874565,lstm-ae-v2-candidate
MTR,VIB_001,2026-03-02T02:15:00+00:00,0.8332726063360548,0,NORMAL,0,val,0.023098459467291832,lstm-ae-v2-candidate
MTR,VIB_001,2026-03-02T02:16:00+00:00,0.8553876038203276,0,NORMAL,0,val,0.024076610803604126,lstm-ae-v2-candidate
MTR,VIB_001,2026-03-02T02:17:00+00:00,0.8637421945604707,0,NORMAL,0,val,0.022325968369841576,lstm-ae-v2-candidate
MTR,VIB_001,2026-03-02T02:18:00+00:00,0.8304537078346177,0,NORMAL,0,val,0.024013595655560493,lstm-ae-v2-candidate
MTR,VIB_001,2026-03-02T02:19:00+00:00,0.8827315471067894,0,NORMAL,0,val,0.02869727648794651,lstm-ae-v2-candidate
MTR,VIB_001,2026-03-02T02:56:00+00:00,0.7144026569887009,0,NORMAL,0,val,0.023647891357541084,lstm-ae-v2-candidate
MTR,VIB_001,2026-03-02T02:57:00+00:00,0.7254885087564377,0,NORMAL,0,val,0.022965649142861366,lstm-ae-v2-candidate
MTR,VIB_001,2026-03-02T02:58:00+00:00,0.6828071291241792,0,NORMAL,0,val,0.023746764287352562,lstm-ae-v2-candidate
MTR,VIB_001,2026-03-02T02:59:00+00:00,0.6942655437541165,0,NORMAL,0,val,0.021259406581521034,lstm-ae-v2-candidate
MTR,VIB_001,2026-03-02T03:00:00+00:00,0.705766283375636,0,NORMAL,0,val,0.021087851375341415,lstm-ae-v2-candidate
MTR,VIB_001,2026-03-02T03:01:00+00:00,0.7229544578439805,0,NORMAL,0,val,0.019336342811584473,lstm-ae-v2-candidate
MTR,VIB_001,2026-03-02T03:02:00+00:00,0.7287305751447298,0,NORMAL,0,val,0.021066812798380852,lstm-ae-v2-candidate
MTR,VIB_001,2026-03-02T03:03:00+00:00,0.7154761772349727,0,NORMAL,0,val,0.02145153097808361,lstm-ae-v2-candidate
MTR,VIB_001,2026-03-02T03:04:00+00:00,0.7162301539979342,0,NORMAL,0,val,0.021463481709361076,lstm-ae-v2-candidate
MTR,VIB_001,2026-03-02T03:05:00+00:00,0.721199095320559,0,NORMAL,0,val,0.02244413085281849,lstm-ae-v2-candidate
MTR,VIB_001,2026-03-02T03:06:00+00:00,0.7409217303794449,0,NORMAL,0,val,0.025275317952036858,lstm-ae-v2-candidate
MTR,VIB_001,2026-03-02T03:07:00+00:00,0.7128768219112712,0,NORMAL,0,val,0.026099899783730507,lstm-ae-v2-candidate
MTR,VIB_001,2026-03-02T03:08:00+00:00,0.711152339034173,0,NORMAL,0,val,0.027303747832775116,lstm-ae-v2-candidate
MTR,VIB_001,2026-03-02T03:09:00+00:00,0.7616227752076046,0,NORMAL,0,val,0.030186641961336136,lstm-ae-v2-candidate
MTR,VIB_001,2026-03-02T03:10:00+00:00,0.7327932693197987,0,NORMAL,0,val,0.032474104315042496,lstm-ae-v2-candidate
MTR,VIB_001,2026-03-02T03:11:00+00:00,0.7479963119770429,0,NORMAL,0,val,0.035687852650880814,lstm-ae-v2-candidate
MTR,VIB_001,2026-03-02T03:12:00+00:00,0.7310126082577744,0,NORMAL,0,val,0.038709305226802826,lstm-ae-v2-candidate
MTR,VIB_001,2026-03-02T03:13:00+00:00,0.7549891183316237,0,NORMAL,0,val,0.03330085054039955,lstm-ae-v2-candidate
MTR,VIB_001,2026-03-02T03:14:00+00:00,0.7201716754855065,0,NORMAL,0,val,0.03426939994096756,lstm-ae-v2-candidate
MTR,VIB_001,2026-03-02T03:15:00+00:00,0.7250902498818615,0,NORMAL,0,val,0.029876329004764557,lstm-ae-v2-candidate
MTR,VIB_001,2026-03-02T03:16:00+00:00,0.6999429616100848,0,NORMAL,0,val,0.028131676837801933,lstm-ae-v2-candidate
MTR,VIB_001,2026-03-02T03:17:00+00:00,0.6860874126562091,0,NORMAL,0,val,0.02874196507036686,lstm-ae-v2-candidate
MTR,VIB_001,2026-03-02T03:18:00+00:00,0.6714994137241119,0,NORMAL,0,val,0.027332449331879616,lstm-ae-v2-candidate
MTR,VIB_001,2026-03-02T03:19:00+00:00,0.674782475242056,0,NORMAL,0,val,0.031237322837114334,lstm-ae-v2-candidate
MTR,VIB_001,2026-03-02T03:20:00+00:00,0.674782475242056,1,STUCK_VALUE,1,val,0.03404683247208595,lstm-ae-v2-candidate
MTR,VIB_001,2026-03-02T03:21:00+00:00,0.674782475242056,1,STUCK_VALUE,1,val,0.03595273569226265,lstm-ae-v2-candidate
MTR,VIB_001,2026-03-02T03:22:00+00:00,0.674782475242056,1,STUCK_VALUE,1,val,0.03709821775555611,lstm-ae-v2-candidate
MTR,VIB_001,2026-03-02T03:23:00+00:00,0.674782475242056,1,STUCK_VALUE,1,val,0.037882547825574875,lstm-ae-v2-candidate
MTR,VIB_001,2026-03-02T03:24:00+00:00,0.674782475242056,1,STUCK_VALUE,1,val,0.037913043051958084,lstm-ae-v2-candidate
MTR,VIB_001,2026-03-02T03:25:00+00:00,0.674782475242056,1,STUCK_VALUE,1,val,0.03792865201830864,lstm-ae-v2-candidate
MTR,VIB_001,2026-03-02T03:26:00+00:00,0.674782475242056,1,STUCK_VALUE,1,val,0.03745998442173004,lstm-ae-v2-candidate
MTR,VIB_001,2026-03-02T03:27:00+00:00,0.674782475242056,1,STUCK_VALUE,1,val,0.03690800815820694,lstm-ae-v2-candidate
MTR,VIB_001,2026-03-02T03:28:00+00:00,0.674782475242056,1,STUCK_VALUE,1,val,0.03045397810637951,lstm-ae-v2-candidate
MTR,VIB_001,2026-03-02T03:29:00+00:00,0.674782475242056,1,STUCK_VALUE,1,val,0.025305168703198433,lstm-ae-v2-candidate
MTR,VIB_001,2026-03-02T03:30:00+00:00,0.674782475242056,1,STUCK_VALUE,1,val,0.021718094125390053,lstm-ae-v2-candidate
MTR,VIB_001,2026-03-02T03:31:00+00:00,0.674782475242056,1,STUCK_VALUE,1,val,0.02035204879939556,lstm-ae-v2-candidate
MTR,VIB_001,2026-03-02T03:32:00+00:00,0.674782475242056,1,STUCK_VALUE,1,val,0.019447023048996925,lstm-ae-v2-candidate
MTR,VIB_001,2026-03-02T03:33:00+00:00,0.674782475242056,1,STUCK_VALUE,1,val,0.017524130642414093,lstm-ae-v2-candidate
MTR,VIB_001,2026-03-02T03:34:00+00:00,0.674782475242056,1,STUCK_VALUE,1,val,0.01600702852010727,lstm-ae-v2-candidate
MTR,VIB_001,2026-03-02T03:35:00+00:00,0.674782475242056,1,STUCK_VALUE,1,val,0.01577511616051197,lstm-ae-v2-candidate
MTR,VIB_001,2026-03-02T03:36:00+00:00,0.674782475242056,1,STUCK_VALUE,1,val,0.016355693340301514,lstm-ae-v2-candidate
MTR,VIB_001,2026-03-02T03:37:00+00:00,0.674782475242056,1,STUCK_VALUE,1,val,0.015644222497940063,lstm-ae-v2-candidate
MTR,VIB_001,2026-03-02T03:38:00+00:00,0.674782475242056,1,STUCK_VALUE,1,val,0.015807809308171272,lstm-ae-v2-candidate
MTR,VIB_001,2026-03-02T03:39:00+00:00,0.674782475242056,1,STUCK_VALUE,1,val,0.014651982113718987,lstm-ae-v2-candidate
MTR,VIB_001,2026-03-02T03:40:00+00:00,0.674782475242056,1,STUCK_VALUE,1,val,0.015432157553732395,lstm-ae-v2-candidate
MTR,VIB_001,2026-03-02T03:41:00+00:00,0.674782475242056,1,STUCK_VALUE,1,val,0.013611487112939358,lstm-ae-v2-candidate
MTR,VIB_001,2026-03-02T03:42:00+00:00,0.674782475242056,1,STUCK_VALUE,1,val,0.012934687547385693,lstm-ae-v2-candidate
MTR,VIB_001,2026-03-02T03:43:00+00:00,0.674782475242056,1,STUCK_VALUE,1,val,0.006234427448362112,lstm-ae-v2-candidate
MTR,VIB_001,2026-03-02T03:44:00+00:00,0.6532990613473657,0,NORMAL,1,val,0.005775614641606808,lstm-ae-v2-candidate
MTR,VIB_001,2026-03-02T03:45:00+00:00,0.6328961790601524,0,NORMAL,1,val,0.006227529142051935,lstm-ae-v2-candidate
MTR,VIB_001,2026-03-02T03:46:00+00:00,0.6601454380227573,0,NORMAL,1,val,0.00600278889760375,lstm-ae-v2-candidate
MTR,VIB_001,2026-03-02T03:47:00+00:00,0.6703897573490655,0,NORMAL,1,val,0.006106309127062559,lstm-ae-v2-candidate
MTR,VIB_001,2026-03-02T03:48:00+00:00,0.6647856002912872,0,NORMAL,1,val,0.005825517699122429,lstm-ae-v2-candidate
MTR,VIB_001,2026-03-02T03:49:00+00:00,0.6829939198916026,0,NORMAL,1,val,0.006033977959305048,lstm-ae-v2-candidate
MTR,VIB_001,2026-03-02T03:50:00+00:00,0.6926760548336319,0,NORMAL,1,val,0.0066833472810685635,lstm-ae-v2-candidate
MTR,VIB_001,2026-03-02T03:51:00+00:00,0.7230860040444128,0,NORMAL,1,val,0.010899204760789871,lstm-ae-v2-candidate
MTR,VIB_001,2026-03-02T03:52:00+00:00,0.7070367807129601,0,NORMAL,1,val,0.0117643428966403,lstm-ae-v2-candidate
MTR,VIB_001,2026-03-02T03:53:00+00:00,0.7318598063810895,0,NORMAL,1,val,0.014887083321809769,lstm-ae-v2-candidate
MTR,VIB_001,2026-03-02T03:54:00+00:00,0.6946292865335882,0,NORMAL,1,val,0.014939113520085812,lstm-ae-v2-candidate
MTR,VIB_001,2026-03-02T03:55:00+00:00,0.7263131746601297,0,NORMAL,1,val,0.01575913093984127,lstm-ae-v2-candidate
MTR,VIB_001,2026-03-02T03:56:00+00:00,0.7317488072845605,0,NORMAL,1,val,0.016551701352000237,lstm-ae-v2-candidate
MTR,VIB_001,2026-03-02T03:57:00+00:00,0.7518954714619288,0,NORMAL,1,val,0.01914333365857601,lstm-ae-v2-candidate
MTR,VIB_001,2026-03-02T03:58:00+00:00,0.7417233899369196,0,NORMAL,1,val,0.019918667152523994,lstm-ae-v2-candidate
MTR,VIB_001,2026-03-02T03:59:00+00:00,0.7290533051230282,0,NORMAL,1,val,0.0198416318744421,lstm-ae-v2-candidate
MTR,VIB_001,2026-03-02T04:00:00+00:00,0.7644559093415879,0,NORMAL,1,val,0.021143397316336632,lstm-ae-v2-candidate
MTR,VIB_001,2026-03-02T04:01:00+00:00,0.7325106469604379,0,NORMAL,1,val,0.0209333598613739,lstm-ae-v2-candidate
MTR,VIB_001,2026-03-02T04:02:00+00:00,0.7198864286170367,0,NORMAL,1,val,0.02163906954228878,lstm-ae-v2-candidate
MTR,VIB_001,2026-03-02T04:03:00+00:00,0.7823579683977439,0,NORMAL,1,val,0.022396700456738472,lstm-ae-v2-candidate
MTR,VIB_001,2026-03-02T04:04:00+00:00,0.7543414060669149,0,NORMAL,1,val,0.021561570465564728,lstm-ae-v2-candidate
MTR,VIB_001,2026-03-02T04:05:00+00:00,0.7544271529591142,0,NORMAL,1,val,0.020866116508841515,lstm-ae-v2-candidate
MTR,VIB_001,2026-03-02T04:06:00+00:00,0.7602238742188381,0,NORMAL,1,val,0.02029171958565712,lstm-ae-v2-candidate
MTR,VIB_001,2026-03-02T04:07:00+00:00,0.7625106663362156,0,NORMAL,1,val,0.020144345238804817,lstm-ae-v2-candidate
MTR,VIB_001,2026-03-02T04:08:00+00:00,0.7938566451630825,0,NORMAL,1,val,0.02077927440404892,lstm-ae-v2-candidate
MTR,VIB_001,2026-03-02T04:09:00+00:00,0.7930440674470908,0,NORMAL,1,val,0.02139967493712902,lstm-ae-v2-candidate
MTR,VIB_001,2026-03-02T04:10:00+00:00,0.7772169592692677,0,NORMAL,1,val,0.022246170789003372,lstm-ae-v2-candidate
MTR,VIB_001,2026-03-02T04:11:00+00:00,0.7651414697810756,0,NORMAL,1,val,0.024370241910219193,lstm-ae-v2-candidate
MTR,VIB_001,2026-03-02T04:12:00+00:00,0.7627036127343673,0,NORMAL,1,val,0.026895593851804733,lstm-ae-v2-candidate
MTR,VIB_001,2026-03-02T04:13:00+00:00,0.7887445880858707,0,NORMAL,0,val,0.02868018113076687,lstm-ae-v2-candidate
MTR,VIB_001,2026-03-02T04:14:00+00:00,0.776331997091483,0,NORMAL,0,val,0.02947060950100422,lstm-ae-v2-candidate
MTR,VIB_001,2026-03-02T04:15:00+00:00,0.7851423099208868,0,NORMAL,0,val,0.023462863638997078,lstm-ae-v2-candidate
MTR,VIB_001,2026-03-02T04:16:00+00:00,0.7991328260967705,0,NORMAL,0,val,0.02141307108104229,lstm-ae-v2-candidate
MTR,VIB_001,2026-03-02T04:17:00+00:00,0.8297180418159632,0,NORMAL,0,val,0.022429553791880608,lstm-ae-v2-candidate
MTR,VIB_001,2026-03-02T04:18:00+00:00,0.8442632707192697,0,NORMAL,0,val,0.022054824978113174,lstm-ae-v2-candidate
MTR,VIB_001,2026-03-02T04:19:00+00:00,0.8070886176758901,0,NORMAL,0,val,0.020273391157388687,lstm-ae-v2-candidate
MTR,HUM_001,2026-03-02T04:49:00+00:00,55.571311322015966,0,NORMAL,0,test,0.006660912651568651,lstm-ae-v2-candidate
MTR,HUM_001,2026-03-02T04:50:00+00:00,55.33313933392248,0,NORMAL,0,test,0.007111475337296724,lstm-ae-v2-candidate
MTR,HUM_001,2026-03-02T04:51:00+00:00,56.92196244052107,0,NORMAL,0,test,0.007982362993061543,lstm-ae-v2-candidate
MTR,HUM_001,2026-03-02T04:52:00+00:00,56.371829471877646,0,NORMAL,0,test,0.007960877381265163,lstm-ae-v2-candidate
MTR,HUM_001,2026-03-02T04:53:00+00:00,57.881564476669624,0,NORMAL,0,test,0.009916574694216251,lstm-ae-v2-candidate
MTR,HUM_001,2026-03-02T04:54:00+00:00,58.103791971970765,0,NORMAL,0,test,0.010473540984094143,lstm-ae-v2-candidate
MTR,HUM_001,2026-03-02T04:55:00+00:00,57.2696143076612,0,NORMAL,0,test,0.010150711052119732,lstm-ae-v2-candidate
MTR,HUM_001,2026-03-02T04:56:00+00:00,57.018253096643704,0,NORMAL,0,test,0.009969929233193398,lstm-ae-v2-candidate
MTR,HUM_001,2026-03-02T04:57:00+00:00,57.67817520307414,0,NORMAL,0,test,0.009831554256379604,lstm-ae-v2-candidate
MTR,HUM_001,2026-03-02T04:58:00+00:00,58.991545507342224,0,NORMAL,0,test,0.011438149027526379,lstm-ae-v2-candidate
MTR,HUM_001,2026-03-02T04:59:00+00:00,59.37746315290104,0,NORMAL,0,test,0.012883037328720093,lstm-ae-v2-candidate
MTR,HUM_001,2026-03-02T05:00:00+00:00,31.49883268332174,1,SPIKE,1,test,0.6145266890525818,lstm-ae-v2-candidate
MTR,HUM_001,2026-03-02T05:01:00+00:00,32.295059548269094,1,SPIKE,1,test,1.023266077041626,lstm-ae-v2-candidate
MTR,HUM_001,2026-03-02T05:02:00+00:00,31.04404968878255,1,SPIKE,1,test,1.3499752283096313,lstm-ae-v2-candidate
MTR,HUM_001,2026-03-02T05:03:00+00:00,59.090791666091334,0,NORMAL,1,test,1.4401335716247559,lstm-ae-v2-candidate
MTR,HUM_001,2026-03-02T05:04:00+00:00,57.368427326681946,0,NORMAL,1,test,1.5477946996688843,lstm-ae-v2-candidate
MTR,HUM_001,2026-03-02T05:05:00+00:00,59.05583371381307,0,NORMAL,1,test,1.6630922555923462,lstm-ae-v2-candidate
MTR,HUM_001,2026-03-02T05:06:00+00:00,57.36312551597615,0,NORMAL,1,test,1.679614543914795,lstm-ae-v2-candidate
MTR,HUM_001,2026-03-02T05:07:00+00:00,58.34540559246768,0,NORMAL,1,test,1.694164752960205,lstm-ae-v2-candidate
MTR,HUM_001,2026-03-02T05:08:00+00:00,57.62209040562659,0,NORMAL,1,test,1.7005289793014526,lstm-ae-v2-candidate
MTR,HUM_001,2026-03-02T05:09:00+00:00,57.25701537330253,0,NORMAL,1,test,1.7061206102371216,lstm-ae-v2-candidate
MTR,HUM_001,2026-03-02T05:10:00+00:00,59.4602853871765,0,NORMAL,1,test,1.7322921752929688,lstm-ae-v2-candidate
MTR,HUM_001,2026-03-02T05:11:00+00:00,58.83588128876364,0,NORMAL,1,test,1.7498784065246582,lstm-ae-v2-candidate
MTR,HUM_001,2026-03-02T05:12:00+00:00,58.49381671329325,0,NORMAL,1,test,1.7628897428512573,lstm-ae-v2-candidate
MTR,HUM_001,2026-03-02T05:13:00+00:00,57.93762573389577,0,NORMAL,1,test,1.7703533172607422,lstm-ae-v2-candidate
MTR,HUM_001,2026-03-02T05:14:00+00:00,58.06589049773179,0,NORMAL,1,test,1.7750002145767212,lstm-ae-v2-candidate
MTR,HUM_001,2026-03-02T05:15:00+00:00,58.78303951424425,0,NORMAL,1,test,1.7767200469970703,lstm-ae-v2-candidate
MTR,HUM_001,2026-03-02T05:16:00+00:00,59.38438541349466,0,NORMAL,1,test,1.778072714805603,lstm-ae-v2-candidate
MTR,HUM_001,2026-03-02T05:17:00+00:00,58.48835311316489,0,NORMAL,1,test,1.7773380279541016,lstm-ae-v2-candidate
MTR,HUM_001,2026-03-02T05:18:00+00:00,59.62194818758529,0,NORMAL,1,test,1.7764843702316284,lstm-ae-v2-candidate
MTR,HUM_001,2026-03-02T05:19:00+00:00,59.69940200031107,0,NORMAL,1,test,1.7727407217025757,lstm-ae-v2-candidate
MTR,HUM_001,2026-03-02T05:20:00+00:00,60.191241432905045,0,NORMAL,1,test,1.7668914794921875,lstm-ae-v2-candidate
MTR,HUM_001,2026-03-02T05:21:00+00:00,60.18338773815693,0,NORMAL,1,test,1.747003436088562,lstm-ae-v2-candidate
MTR,HUM_001,2026-03-02T05:22:00+00:00,60.99033374674348,0,NORMAL,1,test,1.7247984409332275,lstm-ae-v2-candidate
MTR,HUM_001,2026-03-02T05:23:00+00:00,60.91987418490545,0,NORMAL,1,test,1.6822744607925415,lstm-ae-v2-candidate
MTR,HUM_001,2026-03-02T05:24:00+00:00,60.387766443308905,0,NORMAL,1,test,1.6331957578659058,lstm-ae-v2-candidate
MTR,HUM_001,2026-03-02T05:25:00+00:00,60.78511880129161,0,NORMAL,1,test,1.592766284942627,lstm-ae-v2-candidate
MTR,HUM_001,2026-03-02T05:26:00+00:00,60.88099551216407,0,NORMAL,1,test,1.5555177927017212,lstm-ae-v2-candidate
MTR,HUM_001,2026-03-02T05:27:00+00:00,61.41754170963308,0,NORMAL,1,test,1.5083624124526978,lstm-ae-v2-candidate
MTR,HUM_001,2026-03-02T05:28:00+00:00,61.9913282448733,0,NORMAL,1,test,1.4406466484069824,lstm-ae-v2-candidate
MTR,HUM_001,2026-03-02T05:29:00+00:00,61.56107679083543,0,NORMAL,1,test,1.376348853111267,lstm-ae-v2-candidate
MTR,HUM_001,2026-03-02T05:30:00+00:00,61.14612834111947,0,NORMAL,1,test,1.0128586292266846,lstm-ae-v2-candidate
MTR,HUM_001,2026-03-02T05:31:00+00:00,61.26983078785169,0,NORMAL,1,test,0.5991011261940002,lstm-ae-v2-candidate
MTR,HUM_001,2026-03-02T05:32:00+00:00,61.97916775613736,0,NORMAL,0,test,0.011471453122794628,lstm-ae-v2-candidate
MTR,HUM_001,2026-03-02T05:33:00+00:00,62.05686385797408,0,NORMAL,0,test,0.00893025565892458,lstm-ae-v2-candidate
MTR,HUM_001,2026-03-02T05:34:00+00:00,61.82908463802836,0,NORMAL,0,test,0.009038631804287434,lstm-ae-v2-candidate
MTR,HUM_001,2026-03-02T05:35:00+00:00,62.24691017935607,0,NORMAL,0,test,0.006759961601346731,lstm-ae-v2-candidate
MTR,HUM_001,2026-03-02T05:36:00+00:00,62.32560942709608,0,NORMAL,0,test,0.006993945222347975,lstm-ae-v2-candidate
MTR,HUM_001,2026-03-02T05:37:00+00:00,61.14097072936249,0,NORMAL,0,test,0.00714452238753438,lstm-ae-v2-candidate
MTR,HUM_001,2026-03-02T05:38:00+00:00,61.341536116209184,0,NORMAL,0,test,0.007698541507124901,lstm-ae-v2-candidate
MTR,HUM_001,2026-03-02T05:39:00+00:00,62.31409144820923,0,NORMAL,0,test,0.007906732149422169,lstm-ae-v2-candidate
MTR,HUM_001,2026-03-02T05:40:00+00:00,62.041501110135144,0,NORMAL,0,test,0.0064245848916471004,lstm-ae-v2-candidate
MTR,HUM_001,2026-03-02T05:41:00+00:00,63.110086322115976,0,NORMAL,0,test,0.008367693051695824,lstm-ae-v2-candidate
MTR,HUM_001,2026-03-02T05:42:00+00:00,62.50989656405584,0,NORMAL,0,test,0.00847719982266426,lstm-ae-v2-candidate
MTR,HUM_001,2026-03-02T05:43:00+00:00,63.94734454964512,0,NORMAL,0,test,0.011262530460953712,lstm-ae-v2-candidate
MTR,HUM_001,2026-03-02T05:44:00+00:00,63.57814929408865,0,NORMAL,0,test,0.01048732828348875,lstm-ae-v2-candidate
MTR,HUM_001,2026-03-02T05:45:00+00:00,63.454102792118064,0,NORMAL,0,test,0.009691868908703327,lstm-ae-v2-candidate
MTR,HUM_001,2026-03-02T05:46:00+00:00,63.06194184909171,0,NORMAL,0,test,0.009199564345180988,lstm-ae-v2-candidate
MTR,HUM_001,2026-03-02T05:47:00+00:00,62.78383649861221,0,NORMAL,0,test,0.007178095635026693,lstm-ae-v2-candidate
MTR,HUM_001,2026-03-02T05:48:00+00:00,63.31446849806238,0,NORMAL,0,test,0.006956297438591719,lstm-ae-v2-candidate
MTR,HUM_001,2026-03-02T05:49:00+00:00,63.43618754774412,0,NORMAL,0,test,0.006576326675713062,lstm-ae-v2-candidate
MTR,HUM_001,2026-03-02T05:50:00+00:00,62.95591400071641,0,NORMAL,0,test,0.006551808211952448,lstm-ae-v2-candidate
MTR,HUM_001,2026-03-02T05:51:00+00:00,64.18094906352961,0,NORMAL,0,test,0.0070501104928553104,lstm-ae-v2-candidate
MTR,HUM_001,2026-03-02T05:52:00+00:00,64.16411903725648,0,NORMAL,0,test,0.007127212360501289,lstm-ae-v2-candidate
MTR,HUM_001,2026-03-02T05:53:00+00:00,63.25738204784971,0,NORMAL,0,test,0.007123805116862059,lstm-ae-v2-candidate
MTR,HUM_001,2026-03-02T05:54:00+00:00,62.71050013064359,0,NORMAL,0,test,0.007488076575100422,lstm-ae-v2-candidate
MTR,HUM_001,2026-03-02T05:55:00+00:00,63.18394270764132,0,NORMAL,0,test,0.007661157287657261,lstm-ae-v2-candidate
MTR,HUM_001,2026-03-02T05:56:00+00:00,63.45353165658652,0,NORMAL,0,test,0.007732023019343615,lstm-ae-v2-candidate
MTR,HUM_001,2026-03-02T05:57:00+00:00,63.179023280270435,0,NORMAL,0,test,0.007544876076281071,lstm-ae-v2-candidate
MTR,HUM_001,2026-03-02T05:58:00+00:00,63.42499968395528,0,NORMAL,0,test,0.007127831224352121,lstm-ae-v2-candidate
MTR,HUM_001,2026-03-02T05:59:00+00:00,62.14597821701366,0,NORMAL,0,test,0.007514210883527994,lstm-ae-v2-candidate
MTR,HUM_001,2026-03-02T06:00:00+00:00,63.30976072166102,1,DRIFT,1,test,0.008137826807796955,lstm-ae-v2-candidate
MTR,HUM_001,2026-03-02T06:01:00+00:00,62.45679416519879,1,DRIFT,1,test,0.007913846522569656,lstm-ae-v2-candidate
MTR,HUM_001,2026-03-02T06:02:00+00:00,62.81758930689439,1,DRIFT,1,test,0.007973861880600452,lstm-ae-v2-candidate
MTR,HUM_001,2026-03-02T06:03:00+00:00,62.58546179670322,1,DRIFT,1,test,0.007948380894958973,lstm-ae-v2-candidate
MTR,HUM_001,2026-03-02T06:04:00+00:00,62.83381571749494,1,DRIFT,1,test,0.00832658726722002,lstm-ae-v2-candidate
MTR,HUM_001,2026-03-02T06:05:00+00:00,62.41673092530561,1,DRIFT,1,test,0.008198780007660389,lstm-ae-v2-candidate
MTR,HUM_001,2026-03-02T06:06:00+00:00,61.497179453037944,1,DRIFT,1,test,0.008404030464589596,lstm-ae-v2-candidate
MTR,HUM_001,2026-03-02T06:07:00+00:00,60.04531490021166,1,DRIFT,1,test,0.00932460930198431,lstm-ae-v2-candidate
MTR,HUM_001,2026-03-02T06:08:00+00:00,59.735788200875064,1,DRIFT,1,test,0.009405627846717834,lstm-ae-v2-candidate
MTR,HUM_001,2026-03-02T06:09:00+00:00,59.1240223665771,1,DRIFT,1,test,0.010393189266324043,lstm-ae-v2-candidate
MTR,HUM_001,2026-03-02T06:10:00+00:00,59.53721608832867,1,DRIFT,1,test,0.009740999899804592,lstm-ae-v2-candidate
MTR,HUM_001,2026-03-02T06:11:00+00:00,59.07240291669311,1,DRIFT,1,test,0.009535682387650013,lstm-ae-v2-candidate
MTR,HUM_001,2026-03-02T06:12:00+00:00,59.188953078798505,1,DRIFT,1,test,0.009425991214811802,lstm-ae-v2-candidate
MTR,HUM_001,2026-03-02T06:13:00+00:00,59.07441063384436,1,DRIFT,1,test,0.009346737526357174,lstm-ae-v2-candidate
MTR,HUM_001,2026-03-02T06:14:00+00:00,57.45757578074499,1,DRIFT,1,test,0.010006319731473923,lstm-ae-v2-candidate
MTR,HUM_001,2026-03-02T06:15:00+00:00,57.763323896577994,1,DRIFT,1,test,0.010249908082187176,lstm-ae-v2-candidate
MTR,HUM_001,2026-03-02T06:16:00+00:00,56.13271346103616,1,DRIFT,1,test,0.012117719277739525,lstm-ae-v2-candidate
MTR,HUM_001,2026-03-02T06:17:00+00:00,57.32163150732974,1,DRIFT,1,test,0.01226051989942789,lstm-ae-v2-candidate
MTR,HUM_001,2026-03-02T06:18:00+00:00,56.216228784352886,1,DRIFT,1,test,0.013427930884063244,lstm-ae-v2-candidate
MTR,HUM_001,2026-03-02T06:19:00+00:00,57.051607835000354,1,DRIFT,1,test,0.014647710137069225,lstm-ae-v2-candidate
MTR,HUM_001,2026-03-02T06:20:00+00:00,55.26998816145161,1,DRIFT,1,test,0.01634310558438301,lstm-ae-v2-candidate
MTR,HUM_001,2026-03-02T06:21:00+00:00,56.20017772141093,1,DRIFT,1,test,0.017581555992364883,lstm-ae-v2-candidate
MTR,HUM_001,2026-03-02T06:22:00+00:00,55.38973933427019,1,DRIFT,1,test,0.018169822171330452,lstm-ae-v2-candidate
MTR,HUM_001,2026-03-02T06:23:00+00:00,54.033911792867166,1,DRIFT,1,test,0.019997185096144676,lstm-ae-v2-candidate
MTR,HUM_001,2026-03-02T06:24:00+00:00,53.98498515246642,1,DRIFT,1,test,0.021251343190670013,lstm-ae-v2-candidate
MTR,HUM_001,2026-03-02T06:25:00+00:00,52.532246357674374,1,DRIFT,1,test,0.025551000609993935,lstm-ae-v2-candidate
MTR,HUM_001,2026-03-02T06:26:00+00:00,52.403026688442154,1,DRIFT,1,test,0.028541911393404007,lstm-ae-v2-candidate
MTR,HUM_001,2026-03-02T06:27:00+00:00,51.95494500297187,1,DRIFT,1,test,0.03161174803972244,lstm-ae-v2-candidate
MTR,HUM_001,2026-03-02T06:28:00+00:00,51.73419679590432,1,DRIFT,1,test,0.032940082252025604,lstm-ae-v2-candidate
MTR,HUM_001,2026-03-02T06:29:00+00:00,50.08258855196206,1,DRIFT,1,test,0.03902725130319595,lstm-ae-v2-candidate
MTR,HUM_001,2026-03-02T06:30:00+00:00,61.8333314301975,0,NORMAL,1,test,0.1321687400341034,lstm-ae-v2-candidate
MTR,HUM_001,2026-03-02T06:31:00+00:00,60.55336809048702,0,NORMAL,1,test,0.185278981924057,lstm-ae-v2-candidate
MTR,HUM_001,2026-03-02T06:32:00+00:00,61.19402733850892,0,NORMAL,1,test,0.2094544619321823,lstm-ae-v2-candidate
MTR,HUM_001,2026-03-02T06:33:00+00:00,60.93016521593997,0,NORMAL,1,test,0.2118072211742401,lstm-ae-v2-candidate
MTR,HUM_001,2026-03-02T06:34:00+00:00,61.63571356702799,0,NORMAL,1,test,0.2135586440563202,lstm-ae-v2-candidate
MTR,HUM_001,2026-03-02T06:35:00+00:00,60.032891882398424,0,NORMAL,1,test,0.2086636871099472,lstm-ae-v2-candidate
MTR,HUM_001,2026-03-02T06:36:00+00:00,59.58609517775825,0,NORMAL,1,test,0.2106683999300003,lstm-ae-v2-candidate
MTR,HUM_001,2026-03-02T06:37:00+00:00,59.8900244852924,0,NORMAL,1,test,0.22101758420467377,lstm-ae-v2-candidate
MTR,HUM_001,2026-03-02T06:38:00+00:00,58.99113318264294,0,NORMAL,1,test,0.23420527577400208,lstm-ae-v2-candidate
MTR,HUM_001,2026-03-02T06:39:00+00:00,59.05653052096885,0,NORMAL,1,test,0.24881680309772491,lstm-ae-v2-candidate
MTR,HUM_001,2026-03-02T06:40:00+00:00,59.21413815371807,0,NORMAL,1,test,0.2585979402065277,lstm-ae-v2-candidate
MTR,HUM_001,2026-03-02T06:41:00+00:00,59.46312315384286,0,NORMAL,1,test,0.2598339319229126,lstm-ae-v2-candidate
MTR,HUM_001,2026-03-02T06:42:00+00:00,59.28832432062065,0,NORMAL,1,test,0.2501594126224518,lstm-ae-v2-candidate
MTR,HUM_001,2026-03-02T06:43:00+00:00,59.12951247739504,0,NORMAL,1,test,0.2353951334953308,lstm-ae-v2-candidate
MTR,HUM_001,2026-03-02T06:44:00+00:00,58.11862684442641,0,NORMAL,1,test,0.23308198153972626,lstm-ae-v2-candidate
MTR,HUM_001,2026-03-02T06:45:00+00:00,59.014623797521814,0,NORMAL,1,test,0.2213096022605896,lstm-ae-v2-candidate
MTR,HUM_001,2026-03-02T06:46:00+00:00,58.10415005775237,0,NORMAL,1,test,0.22116594016551971,lstm-ae-v2-candidate
MTR,HUM_001,2026-03-02T06:47:00+00:00,58.29145496690688,0,NORMAL,1,test,0.21195106208324432,lstm-ae-v2-candidate
MTR,HUM_001,2026-03-02T06:48:00+00:00,58.704345748240094,0,NORMAL,1,test,0.2079933136701584,lstm-ae-v2-candidate
MTR,HUM_001,2026-03-02T06:49:00+00:00,57.85466060783438,0,NORMAL,1,test,0.2014486938714981,lstm-ae-v2-candidate
MTR,HUM_001,2026-03-02T06:50:00+00:00,57.902419442945295,0,NORMAL,1,test,0.20284081995487213,lstm-ae-v2-candidate
MTR,HUM_001,2026-03-02T06:51:00+00:00,57.97265560019348,0,NORMAL,1,test,0.20154835283756256,lstm-ae-v2-candidate
MTR,HUM_001,2026-03-02T06:52:00+00:00,56.81092496117769,0,NORMAL,1,test,0.2035556137561798,lstm-ae-v2-candidate
MTR,HUM_001,2026-03-02T06:53:00+00:00,57.84945612506939,0,NORMAL,1,test,0.2056230902671814,lstm-ae-v2-candidate
MTR,HUM_001,2026-03-02T06:54:00+00:00,57.72721577511957,0,NORMAL,1,test,0.2058073729276657,lstm-ae-v2-candidate
MTR,HUM_001,2026-03-02T06:55:00+00:00,58.05848586338461,0,NORMAL,1,test,0.19823631644248962,lstm-ae-v2-candidate
MTR,HUM_001,2026-03-02T06:56:00+00:00,56.85598920705799,0,NORMAL,1,test,0.1826610118150711,lstm-ae-v2-candidate
MTR,HUM_001,2026-03-02T06:57:00+00:00,56.986190550792614,0,NORMAL,1,test,0.15580062568187714,lstm-ae-v2-candidate
MTR,HUM_001,2026-03-02T06:58:00+00:00,57.22042623113406,0,NORMAL,1,test,0.11015700548887253,lstm-ae-v2-candidate
MTR,HUM_001,2026-03-02T06:59:00+00:00,57.18862028688255,0,NORMAL,0,test,0.007052966393530369,lstm-ae-v2-candidate
MTR,HUM_001,2026-03-02T07:00:00+00:00,57.16837318818206,0,NORMAL,0,test,0.006648271344602108,lstm-ae-v2-candidate
MTR,HUM_001,2026-03-02T07:01:00+00:00,56.050054583700586,0,NORMAL,0,test,0.007537448313087225,lstm-ae-v2-candidate
MTR,HUM_001,2026-03-02T07:02:00+00:00,57.85804824105065,0,NORMAL,0,test,0.008305694907903671,lstm-ae-v2-candidate
MTR,HUM_001,2026-03-02T07:03:00+00:00,56.08138206317321,0,NORMAL,0,test,0.008464459329843521,lstm-ae-v2-candidate
MTR,HUM_001,2026-03-02T07:04:00+00:00,56.89289414492853,0,NORMAL,0,test,0.006063627079129219,lstm-ae-v2-candidate
MTR,HUM_001,2026-03-02T07:05:00+00:00,56.86022854520401,0,NORMAL,0,test,0.005994404200464487,lstm-ae-v2-candidate
MTR,HUM_001,2026-03-02T07:06:00+00:00,56.931034134738475,0,NORMAL,0,test,0.005954297259449959,lstm-ae-v2-candidate
MTR,HUM_001,2026-03-02T07:07:00+00:00,56.298158319085815,0,NORMAL,0,test,0.005858824122697115,lstm-ae-v2-candidate
MTR,HUM_001,2026-03-02T07:08:00+00:00,56.27369172656425,0,NORMAL,0,test,0.0058503239415585995,lstm-ae-v2-candidate
MTR,HUM_001,2026-03-02T07:09:00+00:00,56.094491526069255,0,NORMAL,0,test,0.005975887645035982,lstm-ae-v2-candidate
MTR,HUM_001,2026-03-02T07:10:00+00:00,55.61177907509591,0,NORMAL,0,test,0.006374744698405266,lstm-ae-v2-candidate
MTR,HUM_001,2026-03-02T07:11:00+00:00,56.163200242265994,0,NORMAL,0,test,0.006116031669080257,lstm-ae-v2-candidate
MTR,HUM_001,2026-03-02T07:12:00+00:00,55.70213804880464,0,NORMAL,0,test,0.005849495995789766,lstm-ae-v2-candidate
MTR,HUM_001,2026-03-02T07:13:00+00:00,55.308208671129606,0,NORMAL,0,test,0.005756990518420935,lstm-ae-v2-candidate
MTR,HUM_001,2026-03-02T07:14:00+00:00,54.27745259964562,0,NORMAL,0,test,0.006719338707625866,lstm-ae-v2-candidate
MTR,HUM_001,2026-03-02T07:15:00+00:00,54.87976589186977,0,NORMAL,0,test,0.006215425208210945,lstm-ae-v2-candidate
MTR,HUM_001,2026-03-02T07:16:00+00:00,54.393919696402065,0,NORMAL,0,test,0.006244364194571972,lstm-ae-v2-candidate
MTR,HUM_001,2026-03-02T07:17:00+00:00,54.41902075569398,0,NORMAL,0,test,0.006144443526864052,lstm-ae-v2-candidate
MTR,HUM_001,2026-03-02T07:18:00+00:00,53.623267157995315,0,NORMAL,0,test,0.00587202375754714,lstm-ae-v2-candidate
MTR,HUM_001,2026-03-02T07:19:00+00:00,55.05844474228763,0,NORMAL,0,test,0.007385273929685354,lstm-ae-v2-candidate
MTR,HUM_001,2026-03-02T07:55:00+00:00,50.06779896297014,0,NORMAL,0,test,0.0175840612500906,lstm-ae-v2-candidate
MTR,HUM_001,2026-03-02T07:56:00+00:00,49.02985881014044,0,NORMAL,0,test,0.019235622137784958,lstm-ae-v2-candidate
MTR,HUM_001,2026-03-02T07:57:00+00:00,49.03597814721572,0,NORMAL,0,test,0.01826859824359417,lstm-ae-v2-candidate
MTR,HUM_001,2026-03-02T07:58:00+00:00,48.949616877866774,0,NORMAL,0,test,0.015805356204509735,lstm-ae-v2-candidate
MTR,HUM_001,2026-03-02T07:59:00+00:00,48.346724431385574,0,NORMAL,0,test,0.01596156693994999,lstm-ae-v2-candidate
MTR,HUM_001,2026-03-02T08:00:00+00:00,49.14986312618914,0,NORMAL,0,test,0.015797998756170273,lstm-ae-v2-candidate
MTR,HUM_001,2026-03-02T08:01:00+00:00,48.06067810062868,0,NORMAL,0,test,0.015106910839676857,lstm-ae-v2-candidate
MTR,HUM_001,2026-03-02T08:02:00+00:00,47.34650844979438,0,NORMAL,0,test,0.014557077549397945,lstm-ae-v2-candidate
MTR,HUM_001,2026-03-02T08:03:00+00:00,47.60347926810555,0,NORMAL,0,test,0.015219482593238354,lstm-ae-v2-candidate
MTR,HUM_001,2026-03-02T08:04:00+00:00,47.64098098244313,0,NORMAL,0,test,0.015864616259932518,lstm-ae-v2-candidate
MTR,HUM_001,2026-03-02T08:05:00+00:00,47.46722440035127,0,NORMAL,0,test,0.014496936462819576,lstm-ae-v2-candidate
MTR,HUM_001,2026-03-02T08:06:00+00:00,49.37195156753507,0,NORMAL,0,test,0.016046227887272835,lstm-ae-v2-candidate
MTR,HUM_001,2026-03-02T08:07:00+00:00,49.06230941650603,0,NORMAL,0,test,0.016566772013902664,lstm-ae-v2-candidate
MTR,HUM_001,2026-03-02T08:08:00+00:00,49.05700151666449,0,NORMAL,0,test,0.017020007595419884,lstm-ae-v2-candidate
MTR,HUM_001,2026-03-02T08:09:00+00:00,47.710371878905775,0,NORMAL,0,test,0.017069054767489433,lstm-ae-v2-candidate
MTR,HUM_001,2026-03-02T08:10:00+00:00,49.07264022370603,0,NORMAL,0,test,0.017609750851988792,lstm-ae-v2-candidate
MTR,HUM_001,2026-03-02T08:11:00+00:00,49.10671634404677,0,NORMAL,0,test,0.017858857288956642,lstm-ae-v2-candidate
MTR,HUM_001,2026-03-02T08:12:00+00:00,48.7473749848619,0,NORMAL,0,test,0.01778235100209713,lstm-ae-v2-candidate
MTR,HUM_001,2026-03-02T08:13:00+00:00,48.16062074368967,0,NORMAL,0,test,0.017486443743109703,lstm-ae-v2-candidate
MTR,HUM_001,2026-03-02T08:14:00+00:00,48.40659911365624,0,NORMAL,0,test,0.01677730306982994,lstm-ae-v2-candidate
MTR,HUM_001,2026-03-02T08:15:00+00:00,48.102171857383325,0,NORMAL,0,test,0.01657365821301937,lstm-ae-v2-candidate
MTR,HUM_001,2026-03-02T08:16:00+00:00,47.241013490902986,0,NORMAL,0,test,0.017049236223101616,lstm-ae-v2-candidate
MTR,HUM_001,2026-03-02T08:17:00+00:00,47.28496770438119,0,NORMAL,0,test,0.017795473337173462,lstm-ae-v2-candidate
MTR,HUM_001,2026-03-02T08:18:00+00:00,46.75440785929572,0,NORMAL,0,test,0.018853899091482162,lstm-ae-v2-candidate
MTR,HUM_001,2026-03-02T08:19:00+00:00,46.82996829501438,0,NORMAL,0,test,0.01880878396332264,lstm-ae-v2-candidate
MTR,HUM_001,2026-03-02T08:20:00+00:00,46.82996829501438,1,STUCK_VALUE,1,test,0.019126366823911667,lstm-ae-v2-candidate
MTR,HUM_001,2026-03-02T08:21:00+00:00,46.82996829501438,1,STUCK_VALUE,1,test,0.0183932613581419,lstm-ae-v2-candidate
MTR,HUM_001,2026-03-02T08:22:00+00:00,46.82996829501438,1,STUCK_VALUE,1,test,0.016106901690363884,lstm-ae-v2-candidate
MTR,HUM_001,2026-03-02T08:23:00+00:00,46.82996829501438,1,STUCK_VALUE,1,test,0.01617879420518875,lstm-ae-v2-candidate
MTR,HUM_001,2026-03-02T08:24:00+00:00,46.82996829501438,1,STUCK_VALUE,1,test,0.015354011207818985,lstm-ae-v2-candidate
MTR,HUM_001,2026-03-02T08:25:00+00:00,46.82996829501438,1,STUCK_VALUE,1,test,0.014278199523687363,lstm-ae-v2-candidate
MTR,HUM_001,2026-03-02T08:26:00+00:00,46.82996829501438,1,STUCK_VALUE,1,test,0.014004413969814777,lstm-ae-v2-candidate
MTR,HUM_001,2026-03-02T08:27:00+00:00,46.82996829501438,1,STUCK_VALUE,1,test,0.013709153048694134,lstm-ae-v2-candidate
MTR,HUM_001,2026-03-02T08:28:00+00:00,46.82996829501438,1,STUCK_VALUE,1,test,0.013329576700925827,lstm-ae-v2-candidate
MTR,HUM_001,2026-03-02T08:29:00+00:00,46.82996829501438,1,STUCK_VALUE,1,test,0.01301876362413168,lstm-ae-v2-candidate
MTR,HUM_001,2026-03-02T08:30:00+00:00,46.82996829501438,1,STUCK_VALUE,1,test,0.012711859308183193,lstm-ae-v2-candidate
MTR,HUM_001,2026-03-02T08:31:00+00:00,46.82996829501438,1,STUCK_VALUE,1,test,0.012079313397407532,lstm-ae-v2-candidate
MTR,HUM_001,2026-03-02T08:32:00+00:00,46.82996829501438,1,STUCK_VALUE,1,test,0.009961510077118874,lstm-ae-v2-candidate
MTR,HUM_001,2026-03-02T08:33:00+00:00,46.82996829501438,1,STUCK_VALUE,1,test,0.008321058936417103,lstm-ae-v2-candidate
MTR,HUM_001,2026-03-02T08:34:00+00:00,46.82996829501438,1,STUCK_VALUE,1,test,0.00658408273011446,lstm-ae-v2-candidate
MTR,HUM_001,2026-03-02T08:35:00+00:00,46.82996829501438,1,STUCK_VALUE,1,test,0.004792859312146902,lstm-ae-v2-candidate
MTR,HUM_001,2026-03-02T08:36:00+00:00,46.82996829501438,1,STUCK_VALUE,1,test,0.005049062427133322,lstm-ae-v2-candidate
MTR,HUM_001,2026-03-02T08:37:00+00:00,46.82996829501438,1,STUCK_VALUE,1,test,0.005364093463867903,lstm-ae-v2-candidate
MTR,HUM_001,2026-03-02T08:38:00+00:00,46.82996829501438,1,STUCK_VALUE,1,test,0.005153159145265818,lstm-ae-v2-candidate
MTR,HUM_001,2026-03-02T08:39:00+00:00,46.82996829501438,1,STUCK_VALUE,1,test,0.005115016829222441,lstm-ae-v2-candidate
MTR,HUM_001,2026-03-02T08:40:00+00:00,46.82996829501438,1,STUCK_VALUE,1,test,0.004675170872360468,lstm-ae-v2-candidate
MTR,HUM_001,2026-03-02T08:41:00+00:00,46.82996829501438,1,STUCK_VALUE,1,test,0.0035285078920423985,lstm-ae-v2-candidate
MTR,HUM_001,2026-03-02T08:42:00+00:00,46.82996829501438,1,STUCK_VALUE,1,test,0.0025691839400678873,lstm-ae-v2-candidate
MTR,HUM_001,2026-03-02T08:43:00+00:00,46.82996829501438,1,STUCK_VALUE,1,test,0.0022518124897032976,lstm-ae-v2-candidate
MTR,HUM_001,2026-03-02T08:44:00+00:00,46.63950086655564,0,NORMAL,1,test,0.0013268586480990052,lstm-ae-v2-candidate
MTR,HUM_001,2026-03-02T08:45:00+00:00,47.245996047210035,0,NORMAL,1,test,0.0006206337711773813,lstm-ae-v2-candidate
MTR,HUM_001,2026-03-02T08:46:00+00:00,48.12952457707706,0,NORMAL,1,test,0.0014548113103955984,lstm-ae-v2-candidate
MTR,HUM_001,2026-03-02T08:47:00+00:00,47.029620201525994,0,NORMAL,1,test,0.0014513005735352635,lstm-ae-v2-candidate
MTR,HUM_001,2026-03-02T08:48:00+00:00,47.20598618011763,0,NORMAL,1,test,0.0013987160054966807,lstm-ae-v2-candidate
MTR,HUM_001,2026-03-02T08:49:00+00:00,47.51681317657692,0,NORMAL,1,test,0.0013887055683881044,lstm-ae-v2-candidate
MTR,HUM_001,2026-03-02T08:50:00+00:00,47.85504104961824,0,NORMAL,1,test,0.0014896620996296406,lstm-ae-v2-candidate
MTR,HUM_001,2026-03-02T08:51:00+00:00,47.57981156944565,0,NORMAL,1,test,0.0014637585263699293,lstm-ae-v2-candidate
MTR,HUM_001,2026-03-02T08:52:00+00:00,47.72643174683701,0,NORMAL,1,test,0.001443372806534171,lstm-ae-v2-candidate
MTR,HUM_001,2026-03-02T08:53:00+00:00,48.1397650380353,0,NORMAL,1,test,0.001523502403870225,lstm-ae-v2-candidate
MTR,HUM_001,2026-03-02T08:54:00+00:00,47.594349508980464,0,NORMAL,1,test,0.0016066631069406867,lstm-ae-v2-candidate
MTR,HUM_001,2026-03-02T08:55:00+00:00,48.1409117940151,0,NORMAL,1,test,0.0016096512554213405,lstm-ae-v2-candidate
MTR,HUM_001,2026-03-02T08:56:00+00:00,48.283611073447055,0,NORMAL,1,test,0.0016183393308892846,lstm-ae-v2-candidate
MTR,HUM_001,2026-03-02T08:57:00+00:00,48.563547467161605,0,NORMAL,1,test,0.0016831851098686457,lstm-ae-v2-candidate
MTR,HUM_001,2026-03-02T08:58:00+00:00,47.74073134683778,0,NORMAL,1,test,0.0020712167024612427,lstm-ae-v2-candidate
MTR,HUM_001,2026-03-02T08:59:00+00:00,48.12956425312859,0,NORMAL,1,test,0.0021668479312211275,lstm-ae-v2-candidate
MTR,HUM_001,2026-03-02T09:00:00+00:00,47.875896541206515,0,NORMAL,1,test,0.002519946778193116,lstm-ae-v2-candidate
MTR,HUM_001,2026-03-02T09:01:00+00:00,48.35254345639056,0,NORMAL,1,test,0.0026077749207615852,lstm-ae-v2-candidate
MTR,HUM_001,2026-03-02T09:02:00+00:00,48.37902627233439,0,NORMAL,1,test,0.0027140441816300154,lstm-ae-v2-candidate
MTR,HUM_001,2026-03-02T09:03:00+00:00,48.7900483484412,0,NORMAL,1,test,0.0028180081862956285,lstm-ae-v2-candidate
MTR,HUM_001,2026-03-02T09:04:00+00:00,47.99744853169645,0,NORMAL,1,test,0.0033603792544454336,lstm-ae-v2-candidate
MTR,HUM_001,2026-03-02T09:05:00+00:00,49.00587153902007,0,NORMAL,1,test,0.0035544270649552345,lstm-ae-v2-candidate
MTR,HUM_001,2026-03-02T09:06:00+00:00,49.38563737783464,0,NORMAL,1,test,0.003857289906591177,lstm-ae-v2-candidate
MTR,HUM_001,2026-03-02T09:07:00+00:00,49.57102260110389,0,NORMAL,1,test,0.004124918021261692,lstm-ae-v2-candidate
MTR,HUM_001,2026-03-02T09:08:00+00:00,48.68575444310675,0,NORMAL,1,test,0.004298408981412649,lstm-ae-v2-candidate
MTR,HUM_001,2026-03-02T09:09:00+00:00,49.63447943507296,0,NORMAL,1,test,0.004462844226509333,lstm-ae-v2-candidate
MTR,HUM_001,2026-03-02T09:10:00+00:00,49.06013450848542,0,NORMAL,1,test,0.004440004471689463,lstm-ae-v2-candidate
MTR,HUM_001,2026-03-02T09:11:00+00:00,50.21833611586624,0,NORMAL,1,test,0.004809812642633915,lstm-ae-v2-candidate
MTR,HUM_001,2026-03-02T09:12:00+00:00,51.183380231697406,0,NORMAL,1,test,0.0065153962932527065,lstm-ae-v2-candidate
MTR,HUM_001,2026-03-02T09:13:00+00:00,51.72373695139485,0,NORMAL,0,test,0.008830488659441471,lstm-ae-v2-candidate
MTR,HUM_001,2026-03-02T09:14:00+00:00,50.85774456963825,0,NORMAL,0,test,0.008447539992630482,lstm-ae-v2-candidate
MTR,HUM_001,2026-03-02T09:15:00+00:00,51.67985569208564,0,NORMAL,0,test,0.00884296651929617,lstm-ae-v2-candidate
MTR,HUM_001,2026-03-02T09:16:00+00:00,51.31892039998799,0,NORMAL,0,test,0.008152227848768234,lstm-ae-v2-candidate
MTR,HUM_001,2026-03-02T09:17:00+00:00,51.716142912640954,0,NORMAL,0,test,0.008043822832405567,lstm-ae-v2-candidate
MTR,HUM_001,2026-03-02T09:18:00+00:00,53.16388222730796,0,NORMAL,0,test,0.009735656902194023,lstm-ae-v2-candidate
MTR,HUM_001,2026-03-02T09:19:00+00:00,52.76049677725561,0,NORMAL,0,test,0.009689840488135815,lstm-ae-v2-candidate
MTR,POWER_001,2026-03-02T04:49:00+00:00,35.08976987491668,0,NORMAL,0,test,0.009201228618621826,lstm-ae-v2-candidate
MTR,POWER_001,2026-03-02T04:50:00+00:00,35.34299867683248,0,NORMAL,0,test,0.009053732268512249,lstm-ae-v2-candidate
MTR,POWER_001,2026-03-02T04:51:00+00:00,35.26635470100642,0,NORMAL,0,test,0.008987830951809883,lstm-ae-v2-candidate
MTR,POWER_001,2026-03-02T04:52:00+00:00,36.103802076136894,0,NORMAL,0,test,0.009267427958548069,lstm-ae-v2-candidate
MTR,POWER_001,2026-03-02T04:53:00+00:00,35.44633190467579,0,NORMAL,0,test,0.008246843703091145,lstm-ae-v2-candidate
MTR,POWER_001,2026-03-02T04:54:00+00:00,35.47318049365823,0,NORMAL,0,test,0.008340773172676563,lstm-ae-v2-candidate
MTR,POWER_001,2026-03-02T04:55:00+00:00,35.910530962773926,0,NORMAL,0,test,0.00822475180029869,lstm-ae-v2-candidate
MTR,POWER_001,2026-03-02T04:56:00+00:00,36.67978218072805,0,NORMAL,0,test,0.008861382491886616,lstm-ae-v2-candidate
MTR,POWER_001,2026-03-02T04:57:00+00:00,36.8400007029392,0,NORMAL,0,test,0.009191407822072506,lstm-ae-v2-candidate
MTR,POWER_001,2026-03-02T04:58:00+00:00,36.70312760173433,0,NORMAL,0,test,0.00921512208878994,lstm-ae-v2-candidate
MTR,POWER_001,2026-03-02T04:59:00+00:00,36.53398223888525,0,NORMAL,0,test,0.009132890030741692,lstm-ae-v2-candidate
MTR,POWER_001,2026-03-02T05:00:00+00:00,16.578940171961815,1,SPIKE,1,test,0.5992928147315979,lstm-ae-v2-candidate
MTR,POWER_001,2026-03-02T05:01:00+00:00,16.943569716561466,1,SPIKE,1,test,1.0057250261306763,lstm-ae-v2-candidate
MTR,POWER_001,2026-03-02T05:02:00+00:00,16.755750497638434,1,SPIKE,1,test,1.2882853746414185,lstm-ae-v2-candidate
MTR,POWER_001,2026-03-02T05:03:00+00:00,17.587250366424467,1,SPIKE,1,test,1.5032399892807007,lstm-ae-v2-candidate
MTR,POWER_001,2026-03-02T05:04:00+00:00,16.90120637684007,1,SPIKE,1,test,1.7374111413955688,lstm-ae-v2-candidate
MTR,POWER_001,2026-03-02T05:05:00+00:00,37.324543731046624,0,NORMAL,1,test,1.8420798778533936,lstm-ae-v2-candidate
MTR,POWER_001,2026-03-02T05:06:00+00:00,37.076166988470376,0,NORMAL,1,test,2.180293321609497,lstm-ae-v2-candidate
MTR,POWER_001,2026-03-02T05:07:00+00:00,37.074626323086406,0,NORMAL,1,test,2.3766229152679443,lstm-ae-v2-candidate
MTR,POWER_001,2026-03-02T05:08:00+00:00,37.2767508192034,0,NORMAL,1,test,2.424898862838745,lstm-ae-v2-candidate
MTR,POWER_001,2026-03-02T05:09:00+00:00,37.563641076780776,0,NORMAL,1,test,2.4588263034820557,lstm-ae-v2-candidate
MTR,POWER_001,2026-03-02T05:10:00+00:00,38.4897102754175,0,NORMAL,1,test,2.5208921432495117,lstm-ae-v2-candidate
MTR,POWER_001,2026-03-02T05:11:00+00:00,37.65320246624521,0,NORMAL,1,test,2.5826923847198486,lstm-ae-v2-candidate
MTR,POWER_001,2026-03-02T05:12:00+00:00,37.48186282751821,0,NORMAL,1,test,2.6414859294891357,lstm-ae-v2-candidate
MTR,POWER_001,2026-03-02T05:13:00+00:00,37.38240037811249,0,NORMAL,1,test,2.6848723888397217,lstm-ae-v2-candidate
MTR,POWER_001,2026-03-02T05:14:00+00:00,36.6472065470132,0,NORMAL,1,test,2.7076125144958496,lstm-ae-v2-candidate
MTR,POWER_001,2026-03-02T05:15:00+00:00,37.03048163785603,0,NORMAL,1,test,2.728217840194702,lstm-ae-v2-candidate
MTR,POWER_001,2026-03-02T05:16:00+00:00,37.501387906358275,0,NORMAL,1,test,2.7418861389160156,lstm-ae-v2-candidate
MTR,POWER_001,2026-03-02T05:17:00+00:00,38.09146948201031,0,NORMAL,1,test,2.737786293029785,lstm-ae-v2-candidate
MTR,POWER_001,2026-03-02T05:18:00+00:00,38.62067478848154,0,NORMAL,1,test,2.7091171741485596,lstm-ae-v2-candidate
MTR,POWER_001,2026-03-02T05:19:00+00:00,38.47295433366646,0,NORMAL,1,test,2.6719233989715576,lstm-ae-v2-candidate
MTR,POWER_001,2026-03-02T05:20:00+00:00,38.94048975878236,0,NORMAL,1,test,2.613178014755249,lstm-ae-v2-candidate
MTR,POWER_001,2026-03-02T05:21:00+00:00,39.019919477943944,0,NORMAL,1,test,2.5464539527893066,lstm-ae-v2-candidate
MTR,POWER_001,2026-03-02T05:22:00+00:00,38.46106136534126,0,NORMAL,1,test,2.4622690677642822,lstm-ae-v2-candidate
MTR,POWER_001,2026-03-02T05:23:00+00:00,38.34210980916477,0,NORMAL,1,test,2.3936588764190674,lstm-ae-v2-candidate
MTR,POWER_001,2026-03-02T05:24:00+00:00,38.16047293686247,0,NORMAL,1,test,2.332500457763672,lstm-ae-v2-candidate
MTR,POWER_001,2026-03-02T05:25:00+00:00,38.56128398582373,0,NORMAL,1,test,2.2716777324676514,lstm-ae-v2-candidate
MTR,POWER_001,2026-03-02T05:26:00+00:00,39.30722428834399,0,NORMAL,1,test,2.210078001022339,lstm-ae-v2-candidate
MTR,POWER_001,2026-03-02T05:27:00+00:00,39.046964256667195,0,NORMAL,1,test,2.156297445297241,lstm-ae-v2-candidate
MTR,POWER_001,2026-03-02T05:28:00+00:00,39.511816114667475,0,NORMAL,1,test,2.118746519088745,lstm-ae-v2-candidate
MTR,POWER_001,2026-03-02T05:29:00+00:00,38.52954219953884,0,NORMAL,1,test,2.102775812149048,lstm-ae-v2-candidate
MTR,POWER_001,2026-03-02T05:30:00+00:00,38.758812019884495,0,NORMAL,1,test,1.7347623109817505,lstm-ae-v2-candidate
MTR,POWER_001,2026-03-02T05:31:00+00:00,39.90850315018279,0,NORMAL,1,test,1.4057157039642334,lstm-ae-v2-candidate
MTR,POWER_001,2026-03-02T05:32:00+00:00,39.893330378097176,0,NORMAL,1,test,1.0264837741851807,lstm-ae-v2-candidate
MTR,POWER_001,2026-03-02T05:33:00+00:00,39.78974281959662,0,NORMAL,1,test,0.5987573266029358,lstm-ae-v2-candidate
MTR,POWER_001,2026-03-02T05:34:00+00:00,39.96042746828898,0,NORMAL,0,test,0.011614128015935421,lstm-ae-v2-candidate
MTR,POWER_001,2026-03-02T05:35:00+00:00,40.86567936812652,0,NORMAL,0,test,0.013056651689112186,lstm-ae-v2-candidate
MTR,POWER_001,2026-03-02T05:36:00+00:00,40.92404944308322,0,NORMAL,0,test,0.013717574067413807,lstm-ae-v2-candidate
MTR,POWER_001,2026-03-02T05:37:00+00:00,40.54425171994645,0,NORMAL,0,test,0.013608149252831936,lstm-ae-v2-candidate
MTR,POWER_001,2026-03-02T05:38:00+00:00,41.20373467960307,0,NORMAL,0,test,0.014114991761744022,lstm-ae-v2-candidate
MTR,POWER_001,2026-03-02T05:39:00+00:00,41.04984834837543,0,NORMAL,0,test,0.013795639388263226,lstm-ae-v2-candidate
MTR,POWER_001,2026-03-02T05:40:00+00:00,41.22979087693996,0,NORMAL,0,test,0.010857885703444481,lstm-ae-v2-candidate
MTR,POWER_001,2026-03-02T05:41:00+00:00,41.40235131127192,0,NORMAL,0,test,0.009996146894991398,lstm-ae-v2-candidate
MTR,POWER_001,2026-03-02T05:42:00+00:00,40.762233307880365,0,NORMAL,0,test,0.009731930680572987,lstm-ae-v2-candidate
MTR,POWER_001,2026-03-02T05:43:00+00:00,40.617229020154504,0,NORMAL,0,test,0.009922456927597523,lstm-ae-v2-candidate
MTR,POWER_001,2026-03-02T05:44:00+00:00,41.70145194433907,0,NORMAL,0,test,0.00917299184948206,lstm-ae-v2-candidate
MTR,POWER_001,2026-03-02T05:45:00+00:00,40.32408308144448,0,NORMAL,0,test,0.01028684712946415,lstm-ae-v2-candidate
MTR,POWER_001,2026-03-02T05:46:00+00:00,40.04749505904087,0,NORMAL,0,test,0.01215385738760233,lstm-ae-v2-candidate
MTR,POWER_001,2026-03-02T05:47:00+00:00,40.15255552620871,0,NORMAL,0,test,0.013150757178664207,lstm-ae-v2-candidate
MTR,POWER_001,2026-03-02T05:48:00+00:00,40.70158869831747,0,NORMAL,0,test,0.012979105114936829,lstm-ae-v2-candidate
MTR,POWER_001,2026-03-02T05:49:00+00:00,41.817981132121254,0,NORMAL,0,test,0.015980172902345657,lstm-ae-v2-candidate
MTR,POWER_001,2026-03-02T05:50:00+00:00,41.832843998434235,0,NORMAL,0,test,0.017546143382787704,lstm-ae-v2-candidate
MTR,POWER_001,2026-03-02T05:51:00+00:00,41.6224601776794,0,NORMAL,0,test,0.01773040182888508,lstm-ae-v2-candidate
MTR,POWER_001,2026-03-02T05:52:00+00:00,41.79151089151834,0,NORMAL,0,test,0.018725482746958733,lstm-ae-v2-candidate
MTR,POWER_001,2026-03-02T05:53:00+00:00,41.74038112243022,0,NORMAL,0,test,0.01891028881072998,lstm-ae-v2-candidate
MTR,POWER_001,2026-03-02T05:54:00+00:00,42.17433428882145,0,NORMAL,0,test,0.01905968226492405,lstm-ae-v2-candidate
MTR,POWER_001,2026-03-02T05:55:00+00:00,42.32002326938435,0,NORMAL,0,test,0.018825123086571693,lstm-ae-v2-candidate
MTR,POWER_001,2026-03-02T05:56:00+00:00,41.21818180189303,0,NORMAL,0,test,0.01812065951526165,lstm-ae-v2-candidate
MTR,POWER_001,2026-03-02T05:57:00+00:00,41.81629050639679,0,NORMAL,0,test,0.017532866448163986,lstm-ae-v2-candidate
MTR,POWER_001,2026-03-02T05:58:00+00:00,40.512221546813706,0,NORMAL,0,test,0.018606148660182953,lstm-ae-v2-candidate
MTR,POWER_001,2026-03-02T05:59:00+00:00,42.054230933190226,0,NORMAL,0,test,0.0177512988448143,lstm-ae-v2-candidate
MTR,POWER_001,2026-03-02T06:00:00+00:00,41.46529236353847,1,DRIFT,1,test,0.015091675333678722,lstm-ae-v2-candidate
MTR,POWER_001,2026-03-02T06:01:00+00:00,41.05039481086932,1,DRIFT,1,test,0.015222424641251564,lstm-ae-v2-candidate
MTR,POWER_001,2026-03-02T06:02:00+00:00,39.868408082225095,1,DRIFT,1,test,0.018185092136263847,lstm-ae-v2-candidate
MTR,POWER_001,2026-03-02T06:03:00+00:00,39.77614970605238,1,DRIFT,1,test,0.019753197208046913,lstm-ae-v2-candidate
MTR,POWER_001,2026-03-02T06:04:00+00:00,39.66726972696512,1,DRIFT,1,test,0.020177599042654037,lstm-ae-v2-candidate
MTR,POWER_001,2026-03-02T06:05:00+00:00,39.35021040957342,1,DRIFT,1,test,0.020536692813038826,lstm-ae-v2-candidate
MTR,POWER_001,2026-03-02T06:06:00+00:00,38.580220734066806,1,DRIFT,1,test,0.021735096350312233,lstm-ae-v2-candidate
MTR,POWER_001,2026-03-02T06:07:00+00:00,38.23706272363171,1,DRIFT,1,test,0.022552084177732468,lstm-ae-v2-candidate
MTR,POWER_001,2026-03-02T06:08:00+00:00,38.84074392433848,1,DRIFT,1,test,0.021695448085665703,lstm-ae-v2-candidate
MTR,POWER_001,2026-03-02T06:09:00+00:00,37.76865307250339,1,DRIFT,1,test,0.022626498714089394,lstm-ae-v2-candidate
MTR,POWER_001,2026-03-02T06:10:00+00:00,37.59035060552621,1,DRIFT,1,test,0.023572232574224472,lstm-ae-v2-candidate
MTR,POWER_001,2026-03-02T06:11:00+00:00,37.326044415993614,1,DRIFT,1,test,0.024987924844026566,lstm-ae-v2-candidate
MTR,POWER_001,2026-03-02T06:12:00+00:00,36.67789587452639,1,DRIFT,1,test,0.027842717245221138,lstm-ae-v2-candidate
MTR,POWER_001,2026-03-02T06:13:00+00:00,36.40229741420017,1,DRIFT,1,test,0.03012997657060623,lstm-ae-v2-candidate
MTR,POWER_001,2026-03-02T06:14:00+00:00,35.95038986887936,1,DRIFT,1,test,0.033561285585165024,lstm-ae-v2-candidate
MTR,POWER_001,2026-03-02T06:15:00+00:00,36.35869425405215,1,DRIFT,1,test,0.031248101964592934,lstm-ae-v2-candidate
MTR,POWER_001,2026-03-02T06:16:00+00:00,35.87600329682706,1,DRIFT,1,test,0.027555814012885094,lstm-ae-v2-candidate
MTR,POWER_001,2026-03-02T06:17:00+00:00,35.44580216696572,1,DRIFT,1,test,0.024330805987119675,lstm-ae-v2-candidate
MTR,POWER_001,2026-03-02T06:18:00+00:00,35.26794367510996,1,DRIFT,1,test,0.024087924510240555,lstm-ae-v2-candidate
MTR,POWER_001,2026-03-02T06:19:00+00:00,34.746569432495555,1,DRIFT,1,test,0.02658034674823284,lstm-ae-v2-candidate
MTR,POWER_001,2026-03-02T06:20:00+00:00,34.442176845672094,1,DRIFT,1,test,0.028885547071695328,lstm-ae-v2-candidate
MTR,POWER_001,2026-03-02T06:21:00+00:00,34.194988080451346,1,DRIFT,1,test,0.031206095591187477,lstm-ae-v2-candidate
MTR,POWER_001,2026-03-02T06:22:00+00:00,34.20131161419281,1,DRIFT,1,test,0.0327153205871582,lstm-ae-v2-candidate
MTR,POWER_001,2026-03-02T06:23:00+00:00,33.763904922060945,1,DRIFT,1,test,0.03442276269197464,lstm-ae-v2-candidate
MTR,POWER_001,2026-03-02T06:24:00+00:00,33.19711257007537,1,DRIFT,1,test,0.03497385233640671,lstm-ae-v2-candidate
MTR,POWER_001,2026-03-02T06:25:00+00:00,33.06148498647701,1,DRIFT,1,test,0.03306902199983597,lstm-ae-v2-candidate
MTR,POWER_001,2026-03-02T06:26:00+00:00,31.99400475731724,1,DRIFT,1,test,0.036066684871912,lstm-ae-v2-candidate
MTR,POWER_001,2026-03-02T06:27:00+00:00,31.578052180649564,1,DRIFT,1,test,0.03627708926796913,lstm-ae-v2-candidate
MTR,POWER_001,2026-03-02T06:28:00+00:00,32.09877136969736,1,DRIFT,1,test,0.03702297434210777,lstm-ae-v2-candidate
MTR,POWER_001,2026-03-02T06:29:00+00:00,30.665356289885253,1,DRIFT,1,test,0.03299955651164055,lstm-ae-v2-candidate
MTR,POWER_001,2026-03-02T06:30:00+00:00,40.14116672399795,0,NORMAL,1,test,0.14686451852321625,lstm-ae-v2-candidate
MTR,POWER_001,2026-03-02T06:31:00+00:00,39.613770310037225,0,NORMAL,1,test,0.20766636729240417,lstm-ae-v2-candidate
MTR,POWER_001,2026-03-02T06:32:00+00:00,40.752055967207525,0,NORMAL,1,test,0.2466890662908554,lstm-ae-v2-candidate
MTR,POWER_001,2026-03-02T06:33:00+00:00,39.96719479063044,0,NORMAL,1,test,0.2580051124095917,lstm-ae-v2-candidate
MTR,POWER_001,2026-03-02T06:34:00+00:00,39.80959689050684,0,NORMAL,1,test,0.2708708941936493,lstm-ae-v2-candidate
MTR,POWER_001,2026-03-02T06:35:00+00:00,39.87179161938722,0,NORMAL,1,test,0.2931451201438904,lstm-ae-v2-candidate
MTR,POWER_001,2026-03-02T06:36:00+00:00,39.53008035347147,0,NORMAL,1,test,0.32011350989341736,lstm-ae-v2-candidate
MTR,POWER_001,2026-03-02T06:37:00+00:00,39.51829029066453,0,NORMAL,1,test,0.35035160183906555,lstm-ae-v2-candidate
MTR,POWER_001,2026-03-02T06:38:00+00:00,39.13928997267437,0,NORMAL,1,test,0.3657088875770569,lstm-ae-v2-candidate
MTR,POWER_001,2026-03-02T06:39:00+00:00,38.92685101560882,0,NORMAL,1,test,0.3602294921875,lstm-ae-v2-candidate
MTR,POWER_001,2026-03-02T06:40:00+00:00,39.23351218652509,0,NORMAL,1,test,0.3388315439224243,lstm-ae-v2-candidate
MTR,POWER_001,2026-03-02T06:41:00+00:00,38.24647491539931,0,NORMAL,1,test,0.32235684990882874,lstm-ae-v2-candidate
MTR,POWER_001,2026-03-02T06:42:00+00:00,38.61189294800255,0,NORMAL,1,test,0.3130444884300232,lstm-ae-v2-candidate
MTR,POWER_001,2026-03-02T06:43:00+00:00,38.53101164818354,0,NORMAL,1,test,0.3036802411079407,lstm-ae-v2-candidate
MTR,POWER_001,2026-03-02T06:44:00+00:00,38.51570727581959,0,NORMAL,1,test,0.2950466573238373,lstm-ae-v2-candidate
MTR,POWER_001,2026-03-02T06:45:00+00:00,38.62431279005583,0,NORMAL,1,test,0.2794205844402313,lstm-ae-v2-candidate
MTR,POWER_001,2026-03-02T06:46:00+00:00,37.7237755355151,0,NORMAL,1,test,0.2739313840866089,lstm-ae-v2-candidate
MTR,POWER_001,2026-03-02T06:47:00+00:00,38.16884723445772,0,NORMAL,1,test,0.2681453824043274,lstm-ae-v2-candidate
MTR,POWER_001,2026-03-02T06:48:00+00:00,37.57072496232519,0,NORMAL,1,test,0.2678218185901642,lstm-ae-v2-candidate
MTR,POWER_001,2026-03-02T06:49:00+00:00,37.27626458858643,0,NORMAL,1,test,0.2723004221916199,lstm-ae-v2-candidate
MTR,POWER_001,2026-03-02T06:50:00+00:00,37.24264266216719,0,NORMAL,1,test,0.2775796949863434,lstm-ae-v2-candidate
MTR,POWER_001,2026-03-02T06:51:00+00:00,36.74542966119348,0,NORMAL,1,test,0.28402048349380493,lstm-ae-v2-candidate
MTR,POWER_001,2026-03-02T06:52:00+00:00,37.4171045938131,0,NORMAL,1,test,0.28767362236976624,lstm-ae-v2-candidate
MTR,POWER_001,2026-03-02T06:53:00+00:00,37.43519020294724,0,NORMAL,1,test,0.28858324885368347,lstm-ae-v2-candidate
MTR,POWER_001,2026-03-02T06:54:00+00:00,36.75134680967581,0,NORMAL,1,test,0.2828523516654968,lstm-ae-v2-candidate
MTR,POWER_001,2026-03-02T06:55:00+00:00,36.72049501501612,0,NORMAL,1,test,0.2736034095287323,lstm-ae-v2-candidate
MTR,POWER_001,2026-03-02T06:56:00+00:00,36.6903481195592,0,NORMAL,1,test,0.2471349686384201,lstm-ae-v2-candidate
MTR,POWER_001,2026-03-02T06:57:00+00:00,37.34169890436811,0,NORMAL,1,test,0.2033870965242386,lstm-ae-v2-candidate
MTR,POWER_001,2026-03-02T06:58:00+00:00,36.47938469361969,0,NORMAL,1,test,0.14190323650836945,lstm-ae-v2-candidate
MTR,POWER_001,2026-03-02T06:59:00+00:00,37.0322439199816,0,NORMAL,0,test,0.005841483362019062,lstm-ae-v2-candidate
MTR,POWER_001,2026-03-02T07:00:00+00:00,36.81247494027018,0,NORMAL,0,test,0.005777805577963591,lstm-ae-v2-candidate
MTR,POWER_001,2026-03-02T07:01:00+00:00,36.50264028058982,0,NORMAL,0,test,0.005187557078897953,lstm-ae-v2-candidate
MTR,POWER_001,2026-03-02T07:02:00+00:00,36.07149982530636,0,NORMAL,0,test,0.004930963274091482,lstm-ae-v2-candidate
MTR,POWER_001,2026-03-02T07:03:00+00:00,36.327929562085465,0,NORMAL,0,test,0.005052192136645317,lstm-ae-v2-candidate
MTR,POWER_001,2026-03-02T07:04:00+00:00,35.52344914218242,0,NORMAL,0,test,0.006220535840839148,lstm-ae-v2-candidate
MTR,POWER_001,2026-03-02T07:05:00+00:00,35.66000726359167,0,NORMAL,0,test,0.00634585740044713,lstm-ae-v2-candidate
MTR,POWER_001,2026-03-02T07:06:00+00:00,35.820310672461844,0,NORMAL,0,test,0.006183058489114046,lstm-ae-v2-candidate
MTR,POWER_001,2026-03-02T07:07:00+00:00,35.43056758902544,0,NORMAL,0,test,0.006047057919204235,lstm-ae-v2-candidate
MTR,POWER_001,2026-03-02T07:08:00+00:00,35.90489644497604,0,NORMAL,0,test,0.00604467187076807,lstm-ae-v2-candidate
MTR,POWER_001,2026-03-02T07:09:00+00:00,35.66428140726603,0,NORMAL,0,test,0.005944752134382725,lstm-ae-v2-candidate
MTR,POWER_001,2026-03-02T07:10:00+00:00,34.94979026767839,0,NORMAL,0,test,0.005854963790625334,lstm-ae-v2-candidate
MTR,POWER_001,2026-03-02T07:11:00+00:00,35.20493869367614,0,NORMAL,0,test,0.005765025038272142,lstm-ae-v2-candidate
MTR,POWER_001,2026-03-02T07:12:00+00:00,35.119695206923616,0,NORMAL,0,test,0.005692513659596443,lstm-ae-v2-candidate
MTR,POWER_001,2026-03-02T07:13:00+00:00,35.053587441425705,0,NORMAL,0,test,0.005571481306105852,lstm-ae-v2-candidate
MTR,POWER_001,2026-03-02T07:14:00+00:00,34.69826178796871,0,NORMAL,0,test,0.005294737871736288,lstm-ae-v2-candidate
MTR,POWER_001,2026-03-02T07:15:00+00:00,33.97922212644935,0,NORMAL,0,test,0.005145507864654064,lstm-ae-v2-candidate
MTR,POWER_001,2026-03-02T07:16:00+00:00,34.2490952299833,0,NORMAL,0,test,0.005060901865363121,lstm-ae-v2-candidate
MTR,POWER_001,2026-03-02T07:17:00+00:00,33.67209196974772,0,NORMAL,0,test,0.00478896452113986,lstm-ae-v2-candidate
MTR,POWER_001,2026-03-02T07:18:00+00:00,33.52336140583261,0,NORMAL,0,test,0.0048942784778773785,lstm-ae-v2-candidate
MTR,POWER_001,2026-03-02T07:19:00+00:00,33.41341290753861,0,NORMAL,0,test,0.0048752701841294765,lstm-ae-v2-candidate
MTR,POWER_001,2026-03-02T07:54:00+00:00,29.90629944088869,0,NORMAL,0,test,0.007183786015957594,lstm-ae-v2-candidate
MTR,POWER_001,2026-03-02T07:55:00+00:00,29.814633113224737,0,NORMAL,0,test,0.006613449193537235,lstm-ae-v2-candidate
MTR,POWER_001,2026-03-02T07:56:00+00:00,28.86908039238762,0,NORMAL,0,test,0.007976245135068893,lstm-ae-v2-candidate
MTR,POWER_001,2026-03-02T07:57:00+00:00,28.527069220785087,0,NORMAL,0,test,0.009888269938528538,lstm-ae-v2-candidate
MTR,POWER_001,2026-03-02T07:58:00+00:00,28.95073686024314,0,NORMAL,0,test,0.009075162932276726,lstm-ae-v2-candidate
MTR,POWER_001,2026-03-02T07:59:00+00:00,29.281333521124537,0,NORMAL,0,test,0.008693190291523933,lstm-ae-v2-candidate
MTR,POWER_001,2026-03-02T08:00:00+00:00,29.086152511229056,0,NORMAL,0,test,0.00813806988298893,lstm-ae-v2-candidate
MTR,POWER_001,2026-03-02T08:01:00+00:00,28.44629531642574,0,NORMAL,0,test,0.008355164900422096,lstm-ae-v2-candidate
MTR,POWER_001,2026-03-02T08:02:00+00:00,29.24666035542103,0,NORMAL,0,test,0.008057874627411366,lstm-ae-v2-candidate
MTR,POWER_001,2026-03-02T08:03:00+00:00,29.442180873504093,0,NORMAL,0,test,0.007726476527750492,lstm-ae-v2-candidate
MTR,POWER_001,2026-03-02T08:04:00+00:00,28.86465669400466,0,NORMAL,0,test,0.007587249390780926,lstm-ae-v2-candidate
MTR,POWER_001,2026-03-02T08:05:00+00:00,29.40280605371566,0,NORMAL,0,test,0.0077340928837656975,lstm-ae-v2-candidate
MTR,POWER_001,2026-03-02T08:06:00+00:00,28.78796270425766,0,NORMAL,0,test,0.00770440511405468,lstm-ae-v2-candidate
MTR,POWER_001,2026-03-02T08:07:00+00:00,28.991610823489548,0,NORMAL,0,test,0.007444484159350395,lstm-ae-v2-candidate
MTR,POWER_001,2026-03-02T08:08:00+00:00,28.51319567497173,0,NORMAL,0,test,0.00705972732976079,lstm-ae-v2-candidate
MTR,POWER_001,2026-03-02T08:09:00+00:00,28.346238930153408,0,NORMAL,0,test,0.007319261319935322,lstm-ae-v2-candidate
MTR,POWER_001,2026-03-02T08:10:00+00:00,28.376871708586172,0,NORMAL,0,test,0.007465972565114498,lstm-ae-v2-candidate
MTR,POWER_001,2026-03-02T08:11:00+00:00,27.9012391000809,0,NORMAL,0,test,0.008442100137472153,lstm-ae-v2-candidate
MTR,POWER_001,2026-03-02T08:12:00+00:00,28.06361831781908,0,NORMAL,0,test,0.008378737606108189,lstm-ae-v2-candidate
MTR,POWER_001,2026-03-02T08:13:00+00:00,28.10067528364659,0,NORMAL,0,test,0.00842295866459608,lstm-ae-v2-candidate
MTR,POWER_001,2026-03-02T08:14:00+00:00,28.973152908394052,0,NORMAL,0,test,0.008662630803883076,lstm-ae-v2-candidate
MTR,POWER_001,2026-03-02T08:15:00+00:00,28.622331142105427,0,NORMAL,0,test,0.008820188231766224,lstm-ae-v2-candidate
MTR,POWER_001,2026-03-02T08:16:00+00:00,28.97822320665736,0,NORMAL,0,test,0.008800606243312359,lstm-ae-v2-candidate
MTR,POWER_001,2026-03-02T08:17:00+00:00,29.079614000381675,0,NORMAL,0,test,0.008624834008514881,lstm-ae-v2-candidate
MTR,POWER_001,2026-03-02T08:18:00+00:00,29.515184546401613,0,NORMAL,0,test,0.009988800622522831,lstm-ae-v2-candidate
MTR,POWER_001,2026-03-02T08:19:00+00:00,28.621434512802853,0,NORMAL,0,test,0.00956752710044384,lstm-ae-v2-candidate
MTR,POWER_001,2026-03-02T08:20:00+00:00,28.621434512802853,1,STUCK_VALUE,1,test,0.00978914275765419,lstm-ae-v2-candidate
MTR,POWER_001,2026-03-02T08:21:00+00:00,28.621434512802853,1,STUCK_VALUE,1,test,0.008991631679236889,lstm-ae-v2-candidate
MTR,POWER_001,2026-03-02T08:22:00+00:00,28.621434512802853,1,STUCK_VALUE,1,test,0.008514885790646076,lstm-ae-v2-candidate
MTR,POWER_001,2026-03-02T08:23:00+00:00,28.621434512802853,1,STUCK_VALUE,1,test,0.008529171347618103,lstm-ae-v2-candidate
MTR,POWER_001,2026-03-02T08:24:00+00:00,28.621434512802853,1,STUCK_VALUE,1,test,0.007879010401666164,lstm-ae-v2-candidate
MTR,POWER_001,2026-03-02T08:25:00+00:00,28.621434512802853,1,STUCK_VALUE,1,test,0.0071669030003249645,lstm-ae-v2-candidate
MTR,POWER_001,2026-03-02T08:26:00+00:00,28.621434512802853,1,STUCK_VALUE,1,test,0.007211464457213879,lstm-ae-v2-candidate
MTR,POWER_001,2026-03-02T08:27:00+00:00,28.621434512802853,1,STUCK_VALUE,1,test,0.00680010300129652,lstm-ae-v2-candidate
MTR,POWER_001,2026-03-02T08:28:00+00:00,28.621434512802853,1,STUCK_VALUE,1,test,0.006850572302937508,lstm-ae-v2-candidate
MTR,POWER_001,2026-03-02T08:29:00+00:00,28.621434512802853,1,STUCK_VALUE,1,test,0.006849286146461964,lstm-ae-v2-candidate
MTR,POWER_001,2026-03-02T08:30:00+00:00,28.621434512802853,1,STUCK_VALUE,1,test,0.007039776537567377,lstm-ae-v2-candidate
MTR,POWER_001,2026-03-02T08:31:00+00:00,28.621434512802853,1,STUCK_VALUE,1,test,0.0065668304450809956,lstm-ae-v2-candidate
MTR,POWER_001,2026-03-02T08:32:00+00:00,28.621434512802853,1,STUCK_VALUE,1,test,0.006485435646027327,lstm-ae-v2-candidate
MTR,POWER_001,2026-03-02T08:33:00+00:00,28.621434512802853,1,STUCK_VALUE,1,test,0.0061287968419492245,lstm-ae-v2-candidate
MTR,POWER_001,2026-03-02T08:34:00+00:00,28.621434512802853,1,STUCK_VALUE,1,test,0.006090998649597168,lstm-ae-v2-candidate
MTR,POWER_001,2026-03-02T08:35:00+00:00,28.621434512802853,1,STUCK_VALUE,1,test,0.005625699646770954,lstm-ae-v2-candidate
MTR,POWER_001,2026-03-02T08:36:00+00:00,28.621434512802853,1,STUCK_VALUE,1,test,0.005625909194350243,lstm-ae-v2-candidate
MTR,POWER_001,2026-03-02T08:37:00+00:00,28.621434512802853,1,STUCK_VALUE,1,test,0.005682682618498802,lstm-ae-v2-candidate
MTR,POWER_001,2026-03-02T08:38:00+00:00,28.621434512802853,1,STUCK_VALUE,1,test,0.005725811701267958,lstm-ae-v2-candidate
MTR,POWER_001,2026-03-02T08:39:00+00:00,28.621434512802853,1,STUCK_VALUE,1,test,0.0054761930368840694,lstm-ae-v2-candidate
MTR,POWER_001,2026-03-02T08:40:00+00:00,28.621434512802853,1,STUCK_VALUE,1,test,0.005313245579600334,lstm-ae-v2-candidate
MTR,POWER_001,2026-03-02T08:41:00+00:00,28.621434512802853,1,STUCK_VALUE,1,test,0.0038892016746103764,lstm-ae-v2-candidate
MTR,POWER_001,2026-03-02T08:42:00+00:00,28.621434512802853,1,STUCK_VALUE,1,test,0.0027438278775662184,lstm-ae-v2-candidate
MTR,POWER_001,2026-03-02T08:43:00+00:00,28.621434512802853,1,STUCK_VALUE,1,test,0.0013672896893694997,lstm-ae-v2-candidate
MTR,POWER_001,2026-03-02T08:44:00+00:00,28.88085262711451,0,NORMAL,1,test,0.001389757264405489,lstm-ae-v2-candidate
MTR,POWER_001,2026-03-02T08:45:00+00:00,27.930236745536583,0,NORMAL,1,test,0.002304882975295186,lstm-ae-v2-candidate
MTR,POWER_001,2026-03-02T08:46:00+00:00,28.399643212619026,0,NORMAL,1,test,0.0024772649630904198,lstm-ae-v2-candidate
MTR,POWER_001,2026-03-02T08:47:00+00:00,28.76922335562669,0,NORMAL,1,test,0.002384916413575411,lstm-ae-v2-candidate
MTR,POWER_001,2026-03-02T08:48:00+00:00,29.341838965544195,0,NORMAL,1,test,0.0022609590087085962,lstm-ae-v2-candidate
MTR,POWER_001,2026-03-02T08:49:00+00:00,28.65431232952221,0,NORMAL,1,test,0.002230967627838254,lstm-ae-v2-candidate
MTR,POWER_001,2026-03-02T08:50:00+00:00,29.184938459870455,0,NORMAL,1,test,0.002312835305929184,lstm-ae-v2-candidate
MTR,POWER_001,2026-03-02T08:51:00+00:00,29.06923627890149,0,NORMAL,1,test,0.0022635911591351032,lstm-ae-v2-candidate
MTR,POWER_001,2026-03-02T08:52:00+00:00,29.381698677935596,0,NORMAL,1,test,0.002390842651948333,lstm-ae-v2-candidate
MTR,POWER_001,2026-03-02T08:53:00+00:00,29.75055634734712,0,NORMAL,1,test,0.0028574764728546143,lstm-ae-v2-candidate
MTR,POWER_001,2026-03-02T08:54:00+00:00,30.28489928327568,0,NORMAL,1,test,0.004082430154085159,lstm-ae-v2-candidate
MTR,POWER_001,2026-03-02T08:55:00+00:00,30.41525172358064,0,NORMAL,1,test,0.004982267040759325,lstm-ae-v2-candidate
MTR,POWER_001,2026-03-02T08:56:00+00:00,30.190372022018288,0,NORMAL,1,test,0.005125001538544893,lstm-ae-v2-candidate
MTR,POWER_001,2026-03-02T08:57:00+00:00,30.43224716812138,0,NORMAL,1,test,0.0053578270599246025,lstm-ae-v2-candidate
MTR,POWER_001,2026-03-02T08:58:00+00:00,29.83914950244367,0,NORMAL,1,test,0.0054559349082410336,lstm-ae-v2-candidate
MTR,POWER_001,2026-03-02T08:59:00+00:00,30.03890586496546,0,NORMAL,1,test,0.005399188958108425,lstm-ae-v2-candidate
MTR,POWER_001,2026-03-02T09:00:00+00:00,29.39641725837797,0,NORMAL,1,test,0.0065313102677464485,lstm-ae-v2-candidate
MTR,POWER_001,2026-03-02T09:01:00+00:00,29.38431557734424,0,NORMAL,1,test,0.007685534656047821,lstm-ae-v2-candidate
MTR,POWER_001,2026-03-02T09:02:00+00:00,29.74894613158241,0,NORMAL,1,test,0.008091029711067677,lstm-ae-v2-candidate
MTR,POWER_001,2026-03-02T09:03:00+00:00,30.32341526719447,0,NORMAL,1,test,0.008144603110849857,lstm-ae-v2-candidate
MTR,POWER_001,2026-03-02T09:04:00+00:00,30.09290811369976,0,NORMAL,1,test,0.008376630954444408,lstm-ae-v2-candidate
MTR,POWER_001,2026-03-02T09:05:00+00:00,30.17408772589444,0,NORMAL,1,test,0.008655339479446411,lstm-ae-v2-candidate
MTR,POWER_001,2026-03-02T09:06:00+00:00,30.194689448023755,0,NORMAL,1,test,0.009016202762722969,lstm-ae-v2-candidate
MTR,POWER_001,2026-03-02T09:07:00+00:00,29.97537831763664,0,NORMAL,1,test,0.009752663783729076,lstm-ae-v2-candidate
MTR,POWER_001,2026-03-02T09:08:00+00:00,30.605787509571503,0,NORMAL,1,test,0.010162434540688992,lstm-ae-v2-candidate
MTR,POWER_001,2026-03-02T09:09:00+00:00,30.463019284804822,0,NORMAL,1,test,0.010503392666578293,lstm-ae-v2-candidate
MTR,POWER_001,2026-03-02T09:10:00+00:00,30.968656624904405,0,NORMAL,1,test,0.011041981168091297,lstm-ae-v2-candidate
MTR,POWER_001,2026-03-02T09:11:00+00:00,31.693177847075606,0,NORMAL,1,test,0.012668927200138569,lstm-ae-v2-candidate
MTR,POWER_001,2026-03-02T09:12:00+00:00,31.794670251088935,0,NORMAL,1,test,0.013595006428658962,lstm-ae-v2-candidate
MTR,POWER_001,2026-03-02T09:13:00+00:00,31.77670009997006,0,NORMAL,0,test,0.013588379137217999,lstm-ae-v2-candidate
MTR,POWER_001,2026-03-02T09:14:00+00:00,31.67515666720522,0,NORMAL,0,test,0.013874959200620651,lstm-ae-v2-candidate
MTR,POWER_001,2026-03-02T09:15:00+00:00,32.3123566878525,0,NORMAL,0,test,0.012655128724873066,lstm-ae-v2-candidate
MTR,POWER_001,2026-03-02T09:16:00+00:00,31.762811317288236,0,NORMAL,0,test,0.011427376419305801,lstm-ae-v2-candidate
MTR,POWER_001,2026-03-02T09:17:00+00:00,31.840018472476192,0,NORMAL,0,test,0.010591777041554451,lstm-ae-v2-candidate
MTR,POWER_001,2026-03-02T09:18:00+00:00,32.58311688701039,0,NORMAL,0,test,0.010921747423708439,lstm-ae-v2-candidate
MTR,POWER_001,2026-03-02T09:19:00+00:00,32.099830983528314,0,NORMAL,0,test,0.009729941375553608,lstm-ae-v2-candidate
MTR,PRESS_001,2026-03-02T04:49:00+00:00,990.0354742199828,0,NORMAL,0,test,0.009808389469981194,lstm-ae-v2-candidate
MTR,PRESS_001,2026-03-02T04:50:00+00:00,990.1211507813732,0,NORMAL,0,test,0.010303113609552383,lstm-ae-v2-candidate
MTR,PRESS_001,2026-03-02T04:51:00+00:00,990.1182828669712,0,NORMAL,0,test,0.010571788065135479,lstm-ae-v2-candidate
MTR,PRESS_001,2026-03-02T04:52:00+00:00,990.1928653092184,0,NORMAL,0,test,0.010790453292429447,lstm-ae-v2-candidate
MTR,PRESS_001,2026-03-02T04:53:00+00:00,990.1861840676524,0,NORMAL,0,test,0.01079437043517828,lstm-ae-v2-candidate
MTR,PRESS_001,2026-03-02T04:54:00+00:00,990.4630192655266,0,NORMAL,0,test,0.012049444951117039,lstm-ae-v2-candidate
MTR,PRESS_001,2026-03-02T04:55:00+00:00,990.351053280967,0,NORMAL,0,test,0.01219022274017334,lstm-ae-v2-candidate
MTR,PRESS_001,2026-03-02T04:56:00+00:00,990.4030865086768,0,NORMAL,0,test,0.012128537520766258,lstm-ae-v2-candidate
MTR,PRESS_001,2026-03-02T04:57:00+00:00,990.772230514921,0,NORMAL,0,test,0.014274362474679947,lstm-ae-v2-candidate
MTR,PRESS_001,2026-03-02T04:58:00+00:00,990.6011911816466,0,NORMAL,0,test,0.013912462629377842,lstm-ae-v2-candidate
MTR,PRESS_001,2026-03-02T04:59:00+00:00,990.6835581093712,0,NORMAL,0,test,0.012889588251709938,lstm-ae-v2-candidate
MTR,PRESS_001,2026-03-02T05:00:00+00:00,984.4883577010852,1,SPIKE,1,test,0.5465373396873474,lstm-ae-v2-candidate
MTR,PRESS_001,2026-03-02T05:01:00+00:00,984.4305300659804,1,SPIKE,1,test,0.9249805808067322,lstm-ae-v2-candidate
MTR,PRESS_001,2026-03-02T05:02:00+00:00,984.3948761352116,1,SPIKE,1,test,1.2008453607559204,lstm-ae-v2-candidate
MTR,PRESS_001,2026-03-02T05:03:00+00:00,984.1120561466204,1,SPIKE,1,test,1.4723583459854126,lstm-ae-v2-candidate
MTR,PRESS_001,2026-03-02T05:04:00+00:00,990.7631309605356,0,NORMAL,1,test,1.5880169868469238,lstm-ae-v2-candidate
MTR,PRESS_001,2026-03-02T05:05:00+00:00,991.1392095177872,0,NORMAL,1,test,1.8818416595458984,lstm-ae-v2-candidate
MTR,PRESS_001,2026-03-02T05:06:00+00:00,991.0816393084392,0,NORMAL,1,test,2.0154452323913574,lstm-ae-v2-candidate
MTR,PRESS_001,2026-03-02T05:07:00+00:00,991.1435513809142,0,NORMAL,1,test,2.0661020278930664,lstm-ae-v2-candidate
MTR,PRESS_001,2026-03-02T05:08:00+00:00,991.2808728318684,0,NORMAL,1,test,2.1207573413848877,lstm-ae-v2-candidate
MTR,PRESS_001,2026-03-02T05:09:00+00:00,991.1298458043536,0,NORMAL,1,test,2.1700403690338135,lstm-ae-v2-candidate
MTR,PRESS_001,2026-03-02T05:10:00+00:00,990.9363495865596,0,NORMAL,1,test,2.20524525642395,lstm-ae-v2-candidate
MTR,PRESS_001,2026-03-02T05:11:00+00:00,991.2241749602224,0,NORMAL,1,test,2.2477095127105713,lstm-ae-v2-candidate
MTR,PRESS_001,2026-03-02T05:12:00+00:00,991.2082995133736,0,NORMAL,1,test,2.275299549102783,lstm-ae-v2-candidate
MTR,PRESS_001,2026-03-02T05:13:00+00:00,991.299625998618,0,NORMAL,1,test,2.292952537536621,lstm-ae-v2-candidate
MTR,PRESS_001,2026-03-02T05:14:00+00:00,991.0728419958692,0,NORMAL,1,test,2.3051626682281494,lstm-ae-v2-candidate
MTR,PRESS_001,2026-03-02T05:15:00+00:00,991.3196876140636,0,NORMAL,1,test,2.3180134296417236,lstm-ae-v2-candidate
MTR,PRESS_001,2026-03-02T05:16:00+00:00,991.1912692631496,0,NORMAL,1,test,2.3296098709106445,lstm-ae-v2-candidate
MTR,PRESS_001,2026-03-02T05:17:00+00:00,991.3532609754952,0,NORMAL,1,test,2.326115131378174,lstm-ae-v2-candidate
MTR,PRESS_001,2026-03-02T05:18:00+00:00,991.3280075047916,0,NORMAL,1,test,2.3182756900787354,lstm-ae-v2-candidate
MTR,PRESS_001,2026-03-02T05:19:00+00:00,991.3526000066752,0,NORMAL,1,test,2.297961711883545,lstm-ae-v2-candidate
MTR,PRESS_001,2026-03-02T05:20:00+00:00,991.3050152081298,0,NORMAL,1,test,2.268977165222168,lstm-ae-v2-candidate
MTR,PRESS_001,2026-03-02T05:21:00+00:00,991.4748401857142,0,NORMAL,1,test,2.229884386062622,lstm-ae-v2-candidate
MTR,PRESS_001,2026-03-02T05:22:00+00:00,991.5115714384432,0,NORMAL,1,test,2.1860146522521973,lstm-ae-v2-candidate
MTR,PRESS_001,2026-03-02T05:23:00+00:00,991.5889190234964,0,NORMAL,1,test,2.1421115398406982,lstm-ae-v2-candidate
MTR,PRESS_001,2026-03-02T05:24:00+00:00,991.5808966094476,0,NORMAL,1,test,2.0868570804595947,lstm-ae-v2-candidate
MTR,PRESS_001,2026-03-02T05:25:00+00:00,991.4525595080916,0,NORMAL,1,test,2.045807361602783,lstm-ae-v2-candidate
MTR,PRESS_001,2026-03-02T05:26:00+00:00,991.6741567743156,0,NORMAL,1,test,2.0065696239471436,lstm-ae-v2-candidate
MTR,PRESS_001,2026-03-02T05:27:00+00:00,991.8398796541492,0,NORMAL,1,test,1.951547384262085,lstm-ae-v2-candidate
MTR,PRESS_001,2026-03-02T05:28:00+00:00,991.6155412622434,0,NORMAL,1,test,1.9096674919128418,lstm-ae-v2-candidate
MTR,PRESS_001,2026-03-02T05:29:00+00:00,991.727470523416,0,NORMAL,1,test,1.8818507194519043,lstm-ae-v2-candidate
MTR,PRESS_001,2026-03-02T05:30:00+00:00,991.6130060543884,0,NORMAL,1,test,1.5536524057388306,lstm-ae-v2-candidate
MTR,PRESS_001,2026-03-02T05:31:00+00:00,991.6306752184738,0,NORMAL,1,test,1.1660397052764893,lstm-ae-v2-candidate
MTR,PRESS_001,2026-03-02T05:32:00+00:00,991.8031263109168,0,NORMAL,1,test,0.6813395023345947,lstm-ae-v2-candidate
MTR,PRESS_001,2026-03-02T05:33:00+00:00,992.0285726118252,0,NORMAL,0,test,0.006682456936687231,lstm-ae-v2-candidate
MTR,PRESS_001,2026-03-02T05:34:00+00:00,991.9970068092174,0,NORMAL,0,test,0.005948597565293312,lstm-ae-v2-candidate
MTR,PRESS_001,2026-03-02T05:35:00+00:00,992.1650278889628,0,NORMAL,0,test,0.0067719994112849236,lstm-ae-v2-candidate
MTR,PRESS_001,2026-03-02T05:36:00+00:00,992.1070687377672,0,NORMAL,0,test,0.006796467117965221,lstm-ae-v2-candidate
MTR,PRESS_001,2026-03-02T05:37:00+00:00,992.2704326314174,0,NORMAL,0,test,0.007145510986447334,lstm-ae-v2-candidate
MTR,PRESS_001,2026-03-02T05:38:00+00:00,992.1390054537236,0,NORMAL,0,test,0.006053565535694361,lstm-ae-v2-candidate
MTR,PRESS_001,2026-03-02T05:39:00+00:00,992.4105602553096,0,NORMAL,0,test,0.006749026942998171,lstm-ae-v2-candidate
MTR,PRESS_001,2026-03-02T05:40:00+00:00,992.3453152956408,0,NORMAL,0,test,0.0060922252014279366,lstm-ae-v2-candidate
MTR,PRESS_001,2026-03-02T05:41:00+00:00,992.3556470608293,0,NORMAL,0,test,0.005782137159258127,lstm-ae-v2-candidate
MTR,PRESS_001,2026-03-02T05:42:00+00:00,992.2851795902408,0,NORMAL,0,test,0.0054666753858327866,lstm-ae-v2-candidate
MTR,PRESS_001,2026-03-02T05:43:00+00:00,992.3152857930696,0,NORMAL,0,test,0.005144121591001749,lstm-ae-v2-candidate
MTR,PRESS_001,2026-03-02T05:44:00+00:00,992.5571363982284,0,NORMAL,0,test,0.005468621850013733,lstm-ae-v2-candidate
MTR,PRESS_001,2026-03-02T05:45:00+00:00,992.179211138278,0,NORMAL,0,test,0.005931687541306019,lstm-ae-v2-candidate
MTR,PRESS_001,2026-03-02T05:46:00+00:00,992.3588387790866,0,NORMAL,0,test,0.006061578635126352,lstm-ae-v2-candidate
MTR,PRESS_001,2026-03-02T05:47:00+00:00,992.2835265330503,0,NORMAL,0,test,0.006156472023576498,lstm-ae-v2-candidate
MTR,PRESS_001,2026-03-02T05:48:00+00:00,992.4389014817656,0,NORMAL,0,test,0.0066640377044677734,lstm-ae-v2-candidate
MTR,PRESS_001,2026-03-02T05:49:00+00:00,992.1477812120364,0,NORMAL,0,test,0.0072789681144058704,lstm-ae-v2-candidate
MTR,PRESS_001,2026-03-02T05:50:00+00:00,992.286418366991,0,NORMAL,0,test,0.007523795124143362,lstm-ae-v2-candidate
MTR,PRESS_001,2026-03-02T05:51:00+00:00,992.281408433204,0,NORMAL,0,test,0.0077469549141824245,lstm-ae-v2-candidate
MTR,PRESS_001,2026-03-02T05:52:00+00:00,992.250312695191,0,NORMAL,0,test,0.007824203930795193,lstm-ae-v2-candidate
MTR,PRESS_001,2026-03-02T05:53:00+00:00,992.5449506203852,0,NORMAL,0,test,0.01024616602808237,lstm-ae-v2-candidate
MTR,PRESS_001,2026-03-02T05:54:00+00:00,992.4768520522424,0,NORMAL,0,test,0.011396433226764202,lstm-ae-v2-candidate
MTR,PRESS_001,2026-03-02T05:55:00+00:00,992.3333608891892,0,NORMAL,0,test,0.01058910135179758,lstm-ae-v2-candidate
MTR,PRESS_001,2026-03-02T05:56:00+00:00,992.5202154318448,0,NORMAL,0,test,0.011593153700232506,lstm-ae-v2-candidate
MTR,PRESS_001,2026-03-02T05:57:00+00:00,992.2672295184652,0,NORMAL,0,test,0.01088208518922329,lstm-ae-v2-candidate
MTR,PRESS_001,2026-03-02T05:58:00+00:00,992.2507248962804,0,NORMAL,0,test,0.010280889458954334,lstm-ae-v2-candidate
MTR,PRESS_001,2026-03-02T05:59:00+00:00,992.3183585201232,0,NORMAL,0,test,0.010483874939382076,lstm-ae-v2-candidate
MTR,PRESS_001,2026-03-02T06:00:00+00:00,992.1882504926966,1,DRIFT,1,test,0.00930755864828825,lstm-ae-v2-candidate
MTR,PRESS_001,2026-03-02T06:01:00+00:00,992.1569084319896,1,DRIFT,1,test,0.007647283840924501,lstm-ae-v2-candidate
MTR,PRESS_001,2026-03-02T06:02:00+00:00,991.596602629326,1,DRIFT,1,test,0.010714753530919552,lstm-ae-v2-candidate
MTR,PRESS_001,2026-03-02T06:03:00+00:00,991.702872081092,1,DRIFT,1,test,0.01161445863544941,lstm-ae-v2-candidate
MTR,PRESS_001,2026-03-02T06:04:00+00:00,991.5953138229818,1,DRIFT,1,test,0.012392518110573292,lstm-ae-v2-candidate
MTR,PRESS_001,2026-03-02T06:05:00+00:00,991.4926029349638,1,DRIFT,1,test,0.012625670060515404,lstm-ae-v2-candidate
MTR,PRESS_001,2026-03-02T06:06:00+00:00,991.2195735385882,1,DRIFT,1,test,0.014156511053442955,lstm-ae-v2-candidate
MTR,PRESS_001,2026-03-02T06:07:00+00:00,991.1477749668828,1,DRIFT,1,test,0.01444039586931467,lstm-ae-v2-candidate
MTR,PRESS_001,2026-03-02T06:08:00+00:00,991.2844052205191,1,DRIFT,1,test,0.014583987183868885,lstm-ae-v2-candidate
MTR,PRESS_001,2026-03-02T06:09:00+00:00,991.039214684874,1,DRIFT,1,test,0.014704164117574692,lstm-ae-v2-candidate
MTR,PRESS_001,2026-03-02T06:10:00+00:00,991.0252244183506,1,DRIFT,1,test,0.014953766018152237,lstm-ae-v2-candidate
MTR,PRESS_001,2026-03-02T06:11:00+00:00,990.6655751727376,1,DRIFT,1,test,0.01776248961687088,lstm-ae-v2-candidate
MTR,PRESS_001,2026-03-02T06:12:00+00:00,990.6166412755924,1,DRIFT,1,test,0.020261529833078384,lstm-ae-v2-candidate
MTR,PRESS_001,2026-03-02T06:13:00+00:00,990.491677886946,1,DRIFT,1,test,0.024431558325886726,lstm-ae-v2-candidate
MTR,PRESS_001,2026-03-02T06:14:00+00:00,990.3612602531658,1,DRIFT,1,test,0.027454180642962456,lstm-ae-v2-candidate
MTR,PRESS_001,2026-03-02T06:15:00+00:00,990.0607673442544,1,DRIFT,1,test,0.035702817142009735,lstm-ae-v2-candidate
MTR,PRESS_001,2026-03-02T06:16:00+00:00,990.122330757309,1,DRIFT,1,test,0.04053576663136482,lstm-ae-v2-candidate
MTR,PRESS_001,2026-03-02T06:17:00+00:00,989.8874626689112,1,DRIFT,1,test,0.049063730984926224,lstm-ae-v2-candidate
MTR,PRESS_001,2026-03-02T06:18:00+00:00,989.854852431592,1,DRIFT,1,test,0.05441932752728462,lstm-ae-v2-candidate
MTR,PRESS_001,2026-03-02T06:19:00+00:00,989.7600573617954,1,DRIFT,1,test,0.05994115024805069,lstm-ae-v2-candidate
MTR,PRESS_001,2026-03-02T06:20:00+00:00,989.6694546218938,1,DRIFT,1,test,0.0653003379702568,lstm-ae-v2-candidate
MTR,PRESS_001,2026-03-02T06:21:00+00:00,989.605158001894,1,DRIFT,1,test,0.0696348175406456,lstm-ae-v2-candidate
MTR,PRESS_001,2026-03-02T06:22:00+00:00,989.6408749406896,1,DRIFT,1,test,0.0723709911108017,lstm-ae-v2-candidate
MTR,PRESS_001,2026-03-02T06:23:00+00:00,989.343257515791,1,DRIFT,1,test,0.07433343678712845,lstm-ae-v2-candidate
MTR,PRESS_001,2026-03-02T06:24:00+00:00,989.336398595024,1,DRIFT,1,test,0.07383022457361221,lstm-ae-v2-candidate
MTR,PRESS_001,2026-03-02T06:25:00+00:00,989.0691281217424,1,DRIFT,1,test,0.0765477642416954,lstm-ae-v2-candidate
MTR,PRESS_001,2026-03-02T06:26:00+00:00,989.15893303885,1,DRIFT,1,test,0.07082643359899521,lstm-ae-v2-candidate
MTR,PRESS_001,2026-03-02T06:27:00+00:00,988.7523681911296,1,DRIFT,1,test,0.07181866466999054,lstm-ae-v2-candidate
MTR,PRESS_001,2026-03-02T06:28:00+00:00,988.6862758749626,1,DRIFT,1,test,0.07007262110710144,lstm-ae-v2-candidate
MTR,PRESS_001,2026-03-02T06:29:00+00:00,988.5438943902928,1,DRIFT,1,test,0.0642925500869751,lstm-ae-v2-candidate
MTR,PRESS_001,2026-03-02T06:30:00+00:00,991.3905220322308,0,NORMAL,1,test,0.1655324548482895,lstm-ae-v2-candidate
MTR,PRESS_001,2026-03-02T06:31:00+00:00,991.5834209359682,0,NORMAL,1,test,0.2511589825153351,lstm-ae-v2-candidate
MTR,PRESS_001,2026-03-02T06:32:00+00:00,991.4201962153636,0,NORMAL,1,test,0.2751223146915436,lstm-ae-v2-candidate
MTR,PRESS_001,2026-03-02T06:33:00+00:00,991.2993505117356,0,NORMAL,1,test,0.27487748861312866,lstm-ae-v2-candidate
MTR,PRESS_001,2026-03-02T06:34:00+00:00,991.42503236915,0,NORMAL,1,test,0.2823674976825714,lstm-ae-v2-candidate
MTR,PRESS_001,2026-03-02T06:35:00+00:00,991.4540074793672,0,NORMAL,1,test,0.2999766170978546,lstm-ae-v2-candidate
MTR,PRESS_001,2026-03-02T06:36:00+00:00,991.4255448430206,0,NORMAL,1,test,0.32965531945228577,lstm-ae-v2-candidate
MTR,PRESS_001,2026-03-02T06:37:00+00:00,991.2996068576442,0,NORMAL,1,test,0.3642323315143585,lstm-ae-v2-candidate
MTR,PRESS_001,2026-03-02T06:38:00+00:00,991.3008354284902,0,NORMAL,1,test,0.3946934640407562,lstm-ae-v2-candidate
MTR,PRESS_001,2026-03-02T06:39:00+00:00,991.285093249001,0,NORMAL,1,test,0.3984586000442505,lstm-ae-v2-candidate
MTR,PRESS_001,2026-03-02T06:40:00+00:00,991.4493314619156,0,NORMAL,1,test,0.3638366758823395,lstm-ae-v2-candidate
MTR,PRESS_001,2026-03-02T06:41:00+00:00,991.4647097735932,0,NORMAL,1,test,0.3335873484611511,lstm-ae-v2-candidate
MTR,PRESS_001,2026-03-02T06:42:00+00:00,991.3285033073188,0,NORMAL,1,test,0.312362939119339,lstm-ae-v2-candidate
MTR,PRESS_001,2026-03-02T06:43:00+00:00,991.4396375735984,0,NORMAL,1,test,0.291883260011673,lstm-ae-v2-candidate
MTR,PRESS_001,2026-03-02T06:44:00+00:00,991.4909880613012,0,NORMAL,1,test,0.2718476951122284,lstm-ae-v2-candidate
MTR,PRESS_001,2026-03-02T06:45:00+00:00,991.4932570553271,0,NORMAL,1,test,0.2603953778743744,lstm-ae-v2-candidate
MTR,PRESS_001,2026-03-02T06:46:00+00:00,991.1791799283448,0,NORMAL,1,test,0.2526818513870239,lstm-ae-v2-candidate
MTR,PRESS_001,2026-03-02T06:47:00+00:00,991.2803891518864,0,NORMAL,1,test,0.24875575304031372,lstm-ae-v2-candidate
MTR,PRESS_001,2026-03-02T06:48:00+00:00,991.1756451060122,0,NORMAL,1,test,0.2484300285577774,lstm-ae-v2-candidate
MTR,PRESS_001,2026-03-02T06:49:00+00:00,991.1341368921176,0,NORMAL,1,test,0.2513623833656311,lstm-ae-v2-candidate
MTR,PRESS_001,2026-03-02T06:50:00+00:00,990.9525785201575,0,NORMAL,1,test,0.258370041847229,lstm-ae-v2-candidate
MTR,PRESS_001,2026-03-02T06:51:00+00:00,990.9653595854408,0,NORMAL,1,test,0.26529252529144287,lstm-ae-v2-candidate
MTR,PRESS_001,2026-03-02T06:52:00+00:00,991.0253533804846,0,NORMAL,1,test,0.27090978622436523,lstm-ae-v2-candidate
MTR,PRESS_001,2026-03-02T06:53:00+00:00,990.63822466903,0,NORMAL,1,test,0.27524635195732117,lstm-ae-v2-candidate
MTR,PRESS_001,2026-03-02T06:54:00+00:00,990.6892263099924,0,NORMAL,1,test,0.2752642333507538,lstm-ae-v2-candidate
MTR,PRESS_001,2026-03-02T06:55:00+00:00,990.4532180439684,0,NORMAL,1,test,0.26286622881889343,lstm-ae-v2-candidate
MTR,PRESS_001,2026-03-02T06:56:00+00:00,990.685384178554,0,NORMAL,1,test,0.24611611664295197,lstm-ae-v2-candidate
MTR,PRESS_001,2026-03-02T06:57:00+00:00,990.7130409733398,0,NORMAL,1,test,0.20034272968769073,lstm-ae-v2-candidate
MTR,PRESS_001,2026-03-02T06:58:00+00:00,990.6631246826204,0,NORMAL,1,test,0.13098479807376862,lstm-ae-v2-candidate
MTR,PRESS_001,2026-03-02T06:59:00+00:00,990.8948964865292,0,NORMAL,0,test,0.011464959941804409,lstm-ae-v2-candidate
MTR,PRESS_001,2026-03-02T07:00:00+00:00,990.7331062070206,0,NORMAL,0,test,0.012000175192952156,lstm-ae-v2-candidate
MTR,PRESS_001,2026-03-02T07:01:00+00:00,990.733528390798,0,NORMAL,0,test,0.012703003361821175,lstm-ae-v2-candidate
MTR,PRESS_001,2026-03-02T07:02:00+00:00,990.6200314104982,0,NORMAL,0,test,0.012561741285026073,lstm-ae-v2-candidate
MTR,PRESS_001,2026-03-02T07:03:00+00:00,990.530757958986,0,NORMAL,0,test,0.011497358791530132,lstm-ae-v2-candidate
MTR,PRESS_001,2026-03-02T07:04:00+00:00,990.6151654058568,0,NORMAL,0,test,0.011309304274618626,lstm-ae-v2-candidate
MTR,PRESS_001,2026-03-02T07:05:00+00:00,990.5540088814084,0,NORMAL,0,test,0.011005866341292858,lstm-ae-v2-candidate
MTR,PRESS_001,2026-03-02T07:06:00+00:00,990.2962307855312,0,NORMAL,0,test,0.011463668197393417,lstm-ae-v2-candidate
MTR,PRESS_001,2026-03-02T07:07:00+00:00,990.3340097570374,0,NORMAL,0,test,0.010952613316476345,lstm-ae-v2-candidate
MTR,PRESS_001,2026-03-02T07:08:00+00:00,990.3449367293362,0,NORMAL,0,test,0.010265973396599293,lstm-ae-v2-candidate
MTR,PRESS_001,2026-03-02T07:09:00+00:00,990.4960756643718,0,NORMAL,0,test,0.009400753304362297,lstm-ae-v2-candidate
MTR,PRESS_001,2026-03-02T07:10:00+00:00,990.296586369694,0,NORMAL,0,test,0.009645825251936913,lstm-ae-v2-candidate
MTR,PRESS_001,2026-03-02T07:11:00+00:00,990.225285752698,0,NORMAL,0,test,0.010175471194088459,lstm-ae-v2-candidate
MTR,PRESS_001,2026-03-02T07:12:00+00:00,990.3030890227936,0,NORMAL,0,test,0.010226176120340824,lstm-ae-v2-candidate
MTR,PRESS_001,2026-03-02T07:13:00+00:00,990.2274478298002,0,NORMAL,0,test,0.010336299426853657,lstm-ae-v2-candidate
MTR,PRESS_001,2026-03-02T07:14:00+00:00,990.0365446635828,0,NORMAL,0,test,0.010307087562978268,lstm-ae-v2-candidate
MTR,PRESS_001,2026-03-02T07:15:00+00:00,989.973529302138,0,NORMAL,0,test,0.009170535951852798,lstm-ae-v2-candidate
MTR,PRESS_001,2026-03-02T07:16:00+00:00,989.8706831583934,0,NORMAL,0,test,0.009403274394571781,lstm-ae-v2-candidate
MTR,PRESS_001,2026-03-02T07:17:00+00:00,989.9883561312452,0,NORMAL,0,test,0.008287755772471428,lstm-ae-v2-candidate
MTR,PRESS_001,2026-03-02T07:18:00+00:00,989.9192737426544,0,NORMAL,0,test,0.007600049953907728,lstm-ae-v2-candidate
MTR,PRESS_001,2026-03-02T07:19:00+00:00,989.6592764075066,0,NORMAL,0,test,0.007268482353538275,lstm-ae-v2-candidate
MTR,PRESS_001,2026-03-02T07:57:00+00:00,988.7593432414318,0,NORMAL,0,test,0.007161484565585852,lstm-ae-v2-candidate
MTR,PRESS_001,2026-03-02T07:58:00+00:00,988.7554139990564,0,NORMAL,0,test,0.007115629967302084,lstm-ae-v2-candidate
MTR,PRESS_001,2026-03-02T07:59:00+00:00,988.5325704847794,0,NORMAL,0,test,0.006845620460808277,lstm-ae-v2-candidate
MTR,PRESS_001,2026-03-02T08:00:00+00:00,988.3595694404646,0,NORMAL,0,test,0.007819327525794506,lstm-ae-v2-candidate
MTR,PRESS_001,2026-03-02T08:01:00+00:00,988.234771721518,0,NORMAL,0,test,0.009067712351679802,lstm-ae-v2-candidate
MTR,PRESS_001,2026-03-02T08:02:00+00:00,988.1616245842084,0,NORMAL,0,test,0.010366770438849926,lstm-ae-v2-candidate
MTR,PRESS_001,2026-03-02T08:03:00+00:00,988.344151878966,0,NORMAL,0,test,0.01001635193824768,lstm-ae-v2-candidate
MTR,PRESS_001,2026-03-02T08:04:00+00:00,988.2348578309848,0,NORMAL,0,test,0.008729126304388046,lstm-ae-v2-candidate
MTR,PRESS_001,2026-03-02T08:05:00+00:00,988.4762833863092,0,NORMAL,0,test,0.008582035079598427,lstm-ae-v2-candidate
MTR,PRESS_001,2026-03-02T08:06:00+00:00,988.290772101226,0,NORMAL,0,test,0.008317633531987667,lstm-ae-v2-candidate
MTR,PRESS_001,2026-03-02T08:07:00+00:00,988.3673412851656,0,NORMAL,0,test,0.008515694178640842,lstm-ae-v2-candidate
MTR,PRESS_001,2026-03-02T08:08:00+00:00,988.5397896306888,0,NORMAL,0,test,0.009291012771427631,lstm-ae-v2-candidate
MTR,PRESS_001,2026-03-02T08:09:00+00:00,988.3840020164658,0,NORMAL,0,test,0.008211870677769184,lstm-ae-v2-candidate
MTR,PRESS_001,2026-03-02T08:10:00+00:00,988.5214687144515,0,NORMAL,0,test,0.008407311514019966,lstm-ae-v2-candidate
MTR,PRESS_001,2026-03-02T08:11:00+00:00,988.1465082009876,0,NORMAL,0,test,0.009273704141378403,lstm-ae-v2-candidate
MTR,PRESS_001,2026-03-02T08:12:00+00:00,988.4400656970648,0,NORMAL,0,test,0.00965877529233694,lstm-ae-v2-candidate
MTR,PRESS_001,2026-03-02T08:13:00+00:00,988.1888721774972,0,NORMAL,0,test,0.00995569583028555,lstm-ae-v2-candidate
MTR,PRESS_001,2026-03-02T08:14:00+00:00,988.239291536819,0,NORMAL,0,test,0.009664268232882023,lstm-ae-v2-candidate
MTR,PRESS_001,2026-03-02T08:15:00+00:00,988.3604869637236,0,NORMAL,0,test,0.009969483129680157,lstm-ae-v2-candidate
MTR,PRESS_001,2026-03-02T08:16:00+00:00,988.0620550574996,0,NORMAL,0,test,0.010867643170058727,lstm-ae-v2-candidate
MTR,PRESS_001,2026-03-02T08:17:00+00:00,987.9208776303068,0,NORMAL,0,test,0.012652751989662647,lstm-ae-v2-candidate
MTR,PRESS_001,2026-03-02T08:18:00+00:00,988.0000642264644,0,NORMAL,0,test,0.012776940129697323,lstm-ae-v2-candidate
MTR,PRESS_001,2026-03-02T08:19:00+00:00,987.8520730687368,0,NORMAL,0,test,0.013648027554154396,lstm-ae-v2-candidate
MTR,PRESS_001,2026-03-02T08:20:00+00:00,987.8520730687368,1,STUCK_VALUE,1,test,0.013783162459731102,lstm-ae-v2-candidate
MTR,PRESS_001,2026-03-02T08:21:00+00:00,987.8520730687368,1,STUCK_VALUE,1,test,0.014108552597463131,lstm-ae-v2-candidate
MTR,PRESS_001,2026-03-02T08:22:00+00:00,987.8520730687368,1,STUCK_VALUE,1,test,0.014153387397527695,lstm-ae-v2-candidate
MTR,PRESS_001,2026-03-02T08:23:00+00:00,987.8520730687368,1,STUCK_VALUE,1,test,0.014054038561880589,lstm-ae-v2-candidate
MTR,PRESS_001,2026-03-02T08:24:00+00:00,987.8520730687368,1,STUCK_VALUE,1,test,0.013548891060054302,lstm-ae-v2-candidate
MTR,PRESS_001,2026-03-02T08:25:00+00:00,987.8520730687368,1,STUCK_VALUE,1,test,0.013020859099924564,lstm-ae-v2-candidate
MTR,PRESS_001,2026-03-02T08:26:00+00:00,987.8520730687368,1,STUCK_VALUE,1,test,0.012616496533155441,lstm-ae-v2-candidate
MTR,PRESS_001,2026-03-02T08:27:00+00:00,987.8520730687368,1,STUCK_VALUE,1,test,0.011898563243448734,lstm-ae-v2-candidate
MTR,PRESS_001,2026-03-02T08:28:00+00:00,987.8520730687368,1,STUCK_VALUE,1,test,0.010808269493281841,lstm-ae-v2-candidate
MTR,PRESS_001,2026-03-02T08:29:00+00:00,987.8520730687368,1,STUCK_VALUE,1,test,0.010426568798720837,lstm-ae-v2-candidate
MTR,PRESS_001,2026-03-02T08:30:00+00:00,987.8520730687368,1,STUCK_VALUE,1,test,0.009783762507140636,lstm-ae-v2-candidate
MTR,PRESS_001,2026-03-02T08:31:00+00:00,987.8520730687368,1,STUCK_VALUE,1,test,0.008331806398928165,lstm-ae-v2-candidate
MTR,PRESS_001,2026-03-02T08:32:00+00:00,987.8520730687368,1,STUCK_VALUE,1,test,0.006371624767780304,lstm-ae-v2-candidate
MTR,PRESS_001,2026-03-02T08:33:00+00:00,987.8520730687368,1,STUCK_VALUE,1,test,0.005880477838218212,lstm-ae-v2-candidate
MTR,PRESS_001,2026-03-02T08:34:00+00:00,987.8520730687368,1,STUCK_VALUE,1,test,0.005135738290846348,lstm-ae-v2-candidate
MTR,PRESS_001,2026-03-02T08:35:00+00:00,987.8520730687368,1,STUCK_VALUE,1,test,0.0053567420691251755,lstm-ae-v2-candidate
MTR,PRESS_001,2026-03-02T08:36:00+00:00,987.8520730687368,1,STUCK_VALUE,1,test,0.005403646733611822,lstm-ae-v2-candidate
MTR,PRESS_001,2026-03-02T08:37:00+00:00,987.8520730687368,1,STUCK_VALUE,1,test,0.006030415650457144,lstm-ae-v2-candidate
MTR,PRESS_001,2026-03-02T08:38:00+00:00,987.8520730687368,1,STUCK_VALUE,1,test,0.005874090362340212,lstm-ae-v2-candidate
MTR,PRESS_001,2026-03-02T08:39:00+00:00,987.8520730687368,1,STUCK_VALUE,1,test,0.006225398276001215,lstm-ae-v2-candidate
MTR,PRESS_001,2026-03-02T08:40:00+00:00,987.8520730687368,1,STUCK_VALUE,1,test,0.004936674144119024,lstm-ae-v2-candidate
MTR,PRESS_001,2026-03-02T08:41:00+00:00,987.8520730687368,1,STUCK_VALUE,1,test,0.0051373024471104145,lstm-ae-v2-candidate
MTR,PRESS_001,2026-03-02T08:42:00+00:00,987.8520730687368,1,STUCK_VALUE,1,test,0.0036618246231228113,lstm-ae-v2-candidate
MTR,PRESS_001,2026-03-02T08:43:00+00:00,987.8520730687368,1,STUCK_VALUE,1,test,0.003587869694456458,lstm-ae-v2-candidate
MTR,PRESS_001,2026-03-02T08:44:00+00:00,988.5908763737792,0,NORMAL,1,test,0.00980753917247057,lstm-ae-v2-candidate
MTR,PRESS_001,2026-03-02T08:45:00+00:00,988.5506014023932,0,NORMAL,1,test,0.011004999279975891,lstm-ae-v2-candidate
MTR,PRESS_001,2026-03-02T08:46:00+00:00,988.3398064651592,0,NORMAL,1,test,0.011051243171095848,lstm-ae-v2-candidate
MTR,PRESS_001,2026-03-02T08:47:00+00:00,988.4016239810812,0,NORMAL,1,test,0.01118283998221159,lstm-ae-v2-candidate
MTR,PRESS_001,2026-03-02T08:48:00+00:00,988.456868248566,0,NORMAL,1,test,0.011286561377346516,lstm-ae-v2-candidate
MTR,PRESS_001,2026-03-02T08:49:00+00:00,988.4575791882032,0,NORMAL,1,test,0.011461860500276089,lstm-ae-v2-candidate
MTR,PRESS_001,2026-03-02T08:50:00+00:00,988.2322918701442,0,NORMAL,1,test,0.011787249706685543,lstm-ae-v2-candidate
MTR,PRESS_001,2026-03-02T08:51:00+00:00,988.1774625431948,0,NORMAL,1,test,0.012455806136131287,lstm-ae-v2-candidate
MTR,PRESS_001,2026-03-02T08:52:00+00:00,988.2857369454538,0,NORMAL,1,test,0.012556428089737892,lstm-ae-v2-candidate
MTR,PRESS_001,2026-03-02T08:53:00+00:00,988.33131730589,0,NORMAL,1,test,0.012587231583893299,lstm-ae-v2-candidate
MTR,PRESS_001,2026-03-02T08:54:00+00:00,988.0441770338156,0,NORMAL,1,test,0.015097180381417274,lstm-ae-v2-candidate
MTR,PRESS_001,2026-03-02T08:55:00+00:00,988.570408319205,0,NORMAL,1,test,0.015374467708170414,lstm-ae-v2-candidate
MTR,PRESS_001,2026-03-02T08:56:00+00:00,988.3257902848296,0,NORMAL,1,test,0.015838315710425377,lstm-ae-v2-candidate
MTR,PRESS_001,2026-03-02T08:57:00+00:00,988.5220297225276,0,NORMAL,1,test,0.016045980155467987,lstm-ae-v2-candidate
MTR,PRESS_001,2026-03-02T08:58:00+00:00,988.4046839250894,0,NORMAL,1,test,0.01653388887643814,lstm-ae-v2-candidate
MTR,PRESS_001,2026-03-02T08:59:00+00:00,988.4496793964136,0,NORMAL,1,test,0.017052847892045975,lstm-ae-v2-candidate
MTR,PRESS_001,2026-03-02T09:00:00+00:00,988.3952327784632,0,NORMAL,1,test,0.01789505034685135,lstm-ae-v2-candidate
MTR,PRESS_001,2026-03-02T09:01:00+00:00,988.3681980560832,0,NORMAL,1,test,0.018971208482980728,lstm-ae-v2-candidate
MTR,PRESS_001,2026-03-02T09:02:00+00:00,988.6303480316208,0,NORMAL,1,test,0.01973649300634861,lstm-ae-v2-candidate
MTR,PRESS_001,2026-03-02T09:03:00+00:00,988.5149219134428,0,NORMAL,1,test,0.02017677016556263,lstm-ae-v2-candidate
MTR,PRESS_001,2026-03-02T09:04:00+00:00,988.3504754481236,0,NORMAL,1,test,0.02123774215579033,lstm-ae-v2-candidate
MTR,PRESS_001,2026-03-02T09:05:00+00:00,988.2540416631762,0,NORMAL,1,test,0.022884219884872437,lstm-ae-v2-candidate
MTR,PRESS_001,2026-03-02T09:06:00+00:00,988.4032140933872,0,NORMAL,1,test,0.023303763940930367,lstm-ae-v2-candidate
MTR,PRESS_001,2026-03-02T09:07:00+00:00,988.542958149559,0,NORMAL,1,test,0.023003309965133667,lstm-ae-v2-candidate
MTR,PRESS_001,2026-03-02T09:08:00+00:00,988.541859114233,0,NORMAL,1,test,0.0219758041203022,lstm-ae-v2-candidate
MTR,PRESS_001,2026-03-02T09:09:00+00:00,988.7194088136253,0,NORMAL,1,test,0.020724739879369736,lstm-ae-v2-candidate
MTR,PRESS_001,2026-03-02T09:10:00+00:00,988.6375920783522,0,NORMAL,1,test,0.018307851627469063,lstm-ae-v2-candidate
MTR,PRESS_001,2026-03-02T09:11:00+00:00,988.4990338309148,0,NORMAL,1,test,0.01573582924902439,lstm-ae-v2-candidate
MTR,PRESS_001,2026-03-02T09:12:00+00:00,988.7892362846746,0,NORMAL,1,test,0.013229393400251865,lstm-ae-v2-candidate
MTR,PRESS_001,2026-03-02T09:13:00+00:00,988.7153696840428,0,NORMAL,0,test,0.009589203633368015,lstm-ae-v2-candidate
MTR,PRESS_001,2026-03-02T09:14:00+00:00,988.7751783088672,0,NORMAL,0,test,0.00856686756014824,lstm-ae-v2-candidate
MTR,PRESS_001,2026-03-02T09:15:00+00:00,988.7087310585124,0,NORMAL,0,test,0.0075925132259726524,lstm-ae-v2-candidate
MTR,PRESS_001,2026-03-02T09:16:00+00:00,989.1918366559744,0,NORMAL,0,test,0.010491619817912579,lstm-ae-v2-candidate
MTR,PRESS_001,2026-03-02T09:17:00+00:00,988.916621479441,0,NORMAL,0,test,0.010398473590612411,lstm-ae-v2-candidate
MTR,PRESS_001,2026-03-02T09:18:00+00:00,989.2444596282728,0,NORMAL,0,test,0.011513159610331059,lstm-ae-v2-candidate
MTR,PRESS_001,2026-03-02T09:19:00+00:00,989.2068207170717,0,NORMAL,0,test,0.011511782184243202,lstm-ae-v2-candidate
MTR,TEMP_001,2026-03-02T04:49:00+00:00,-15.23485583322223,0,NORMAL,0,test,0.0022558558266609907,lstm-ae-v2-candidate
MTR,TEMP_001,2026-03-02T04:50:00+00:00,-15.268522991322882,0,NORMAL,0,test,0.0021300858352333307,lstm-ae-v2-candidate
MTR,TEMP_001,2026-03-02T04:51:00+00:00,-14.95785114507492,0,NORMAL,0,test,0.002012592973187566,lstm-ae-v2-candidate
MTR,TEMP_001,2026-03-02T04:52:00+00:00,-14.566806873319274,0,NORMAL,0,test,0.002499047899618745,lstm-ae-v2-candidate
MTR,TEMP_001,2026-03-02T04:53:00+00:00,-15.046939263461486,0,NORMAL,0,test,0.002090275287628174,lstm-ae-v2-candidate
MTR,TEMP_001,2026-03-02T04:54:00+00:00,-14.91830506181375,0,NORMAL,0,test,0.001917684101499617,lstm-ae-v2-candidate
MTR,TEMP_001,2026-03-02T04:55:00+00:00,-14.783268041348204,0,NORMAL,0,test,0.0018149553798139095,lstm-ae-v2-candidate
MTR,TEMP_001,2026-03-02T04:56:00+00:00,-14.810143108383956,0,NORMAL,0,test,0.0018027700716629624,lstm-ae-v2-candidate
MTR,TEMP_001,2026-03-02T04:57:00+00:00,-14.42675470092146,0,NORMAL,0,test,0.0018053253879770637,lstm-ae-v2-candidate
MTR,TEMP_001,2026-03-02T04:58:00+00:00,-14.700622278633336,0,NORMAL,0,test,0.0018830100307241082,lstm-ae-v2-candidate
MTR,TEMP_001,2026-03-02T04:59:00+00:00,-14.54304162364055,0,NORMAL,0,test,0.0018995439168065786,lstm-ae-v2-candidate
MTR,TEMP_001,2026-03-02T05:00:00+00:00,-27.970055942029127,1,SPIKE,1,test,0.5408880710601807,lstm-ae-v2-candidate
MTR,TEMP_001,2026-03-02T05:01:00+00:00,-27.592043442810287,1,SPIKE,1,test,0.917689859867096,lstm-ae-v2-candidate
MTR,TEMP_001,2026-03-02T05:02:00+00:00,-27.565754768066896,1,SPIKE,1,test,1.1483670473098755,lstm-ae-v2-candidate
MTR,TEMP_001,2026-03-02T05:03:00+00:00,-13.910191144082006,0,NORMAL,1,test,1.2432061433792114,lstm-ae-v2-candidate
MTR,TEMP_001,2026-03-02T05:04:00+00:00,-13.430487938841608,0,NORMAL,1,test,1.379196286201477,lstm-ae-v2-candidate
MTR,TEMP_001,2026-03-02T05:05:00+00:00,-13.843354487817852,0,NORMAL,1,test,1.4416354894638062,lstm-ae-v2-candidate
MTR,TEMP_001,2026-03-02T05:06:00+00:00,-13.973887313194844,0,NORMAL,1,test,1.4675214290618896,lstm-ae-v2-candidate
MTR,TEMP_001,2026-03-02T05:07:00+00:00,-13.474997660935388,0,NORMAL,1,test,1.4941694736480713,lstm-ae-v2-candidate
MTR,TEMP_001,2026-03-02T05:08:00+00:00,-13.64500197313769,0,NORMAL,1,test,1.5172176361083984,lstm-ae-v2-candidate
MTR,TEMP_001,2026-03-02T05:09:00+00:00,-13.167506524189127,0,NORMAL,1,test,1.5487196445465088,lstm-ae-v2-candidate
MTR,TEMP_001,2026-03-02T05:10:00+00:00,-13.363642925595313,0,NORMAL,1,test,1.5737158060073853,lstm-ae-v2-candidate
MTR,TEMP_001,2026-03-02T05:11:00+00:00,-13.370608012212164,0,NORMAL,1,test,1.5926653146743774,lstm-ae-v2-candidate
MTR,TEMP_001,2026-03-02T05:12:00+00:00,-13.267977550214807,0,NORMAL,1,test,1.6061103343963623,lstm-ae-v2-candidate
MTR,TEMP_001,2026-03-02T05:13:00+00:00,-13.088205141799389,0,NORMAL,1,test,1.6148382425308228,lstm-ae-v2-candidate
MTR,TEMP_001,2026-03-02T05:14:00+00:00,-13.01389248635208,0,NORMAL,1,test,1.620769739151001,lstm-ae-v2-candidate
MTR,TEMP_001,2026-03-02T05:15:00+00:00,-12.891759135211826,0,NORMAL,1,test,1.6240707635879517,lstm-ae-v2-candidate
MTR,TEMP_001,2026-03-02T05:16:00+00:00,-12.588560329736705,0,NORMAL,1,test,1.6255632638931274,lstm-ae-v2-candidate
MTR,TEMP_001,2026-03-02T05:17:00+00:00,-12.431082330355258,0,NORMAL,1,test,1.6219838857650757,lstm-ae-v2-candidate
MTR,TEMP_001,2026-03-02T05:18:00+00:00,-12.223358795543788,0,NORMAL,1,test,1.611877202987671,lstm-ae-v2-candidate
MTR,TEMP_001,2026-03-02T05:19:00+00:00,-12.444219888219958,0,NORMAL,1,test,1.5976183414459229,lstm-ae-v2-candidate
MTR,TEMP_001,2026-03-02T05:20:00+00:00,-12.295204829366352,0,NORMAL,1,test,1.5777949094772339,lstm-ae-v2-candidate
MTR,TEMP_001,2026-03-02T05:21:00+00:00,-12.123384470303554,0,NORMAL,1,test,1.5487622022628784,lstm-ae-v2-candidate
MTR,TEMP_001,2026-03-02T05:22:00+00:00,-12.168049776914556,0,NORMAL,1,test,1.5105681419372559,lstm-ae-v2-candidate
MTR,TEMP_001,2026-03-02T05:23:00+00:00,-12.149754718391018,0,NORMAL,1,test,1.4825878143310547,lstm-ae-v2-candidate
MTR,TEMP_001,2026-03-02T05:24:00+00:00,-12.260650847229378,0,NORMAL,1,test,1.4552336931228638,lstm-ae-v2-candidate
MTR,TEMP_001,2026-03-02T05:25:00+00:00,-12.015921544140785,0,NORMAL,1,test,1.427215337753296,lstm-ae-v2-candidate
MTR,TEMP_001,2026-03-02T05:26:00+00:00,-12.0851433870063,0,NORMAL,1,test,1.4032902717590332,lstm-ae-v2-candidate
MTR,TEMP_001,2026-03-02T05:27:00+00:00,-11.982788002346076,0,NORMAL,1,test,1.3729170560836792,lstm-ae-v2-candidate
MTR,TEMP_001,2026-03-02T05:28:00+00:00,-11.924269245339913,0,NORMAL,1,test,1.3500773906707764,lstm-ae-v2-candidate
MTR,TEMP_001,2026-03-02T05:29:00+00:00,-11.591395391667335,0,NORMAL,1,test,1.3372397422790527,lstm-ae-v2-candidate
MTR,TEMP_001,2026-03-02T05:30:00+00:00,-11.733368005426245,0,NORMAL,1,test,0.9673440456390381,lstm-ae-v2-candidate
MTR,TEMP_001,2026-03-02T05:31:00+00:00,-11.78434321859874,0,NORMAL,1,test,0.5388020277023315,lstm-ae-v2-candidate
MTR,TEMP_001,2026-03-02T05:32:00+00:00,-11.598098705718254,0,NORMAL,0,test,0.003080578986555338,lstm-ae-v2-candidate
MTR,TEMP_001,2026-03-02T05:33:00+00:00,-11.344145518556846,0,NORMAL,0,test,0.003676115768030286,lstm-ae-v2-candidate
MTR,TEMP_001,2026-03-02T05:34:00+00:00,-11.09808416394925,0,NORMAL,0,test,0.0040677739307284355,lstm-ae-v2-candidate
MTR,TEMP_001,2026-03-02T05:35:00+00:00,-11.29905508405792,0,NORMAL,0,test,0.003994409926235676,lstm-ae-v2-candidate
MTR,TEMP_001,2026-03-02T05:36:00+00:00,-11.376243263685868,0,NORMAL,0,test,0.003373724641278386,lstm-ae-v2-candidate
MTR,TEMP_001,2026-03-02T05:37:00+00:00,-11.11029715113648,0,NORMAL,0,test,0.0035247609484940767,lstm-ae-v2-candidate
MTR,TEMP_001,2026-03-02T05:38:00+00:00,-11.243470317186336,0,NORMAL,0,test,0.0030375460628420115,lstm-ae-v2-candidate
MTR,TEMP_001,2026-03-02T05:39:00+00:00,-11.300821933289413,0,NORMAL,0,test,0.0026665288023650646,lstm-ae-v2-candidate
MTR,TEMP_001,2026-03-02T05:40:00+00:00,-10.859631670606174,0,NORMAL,0,test,0.003031533444300294,lstm-ae-v2-candidate
MTR,TEMP_001,2026-03-02T05:41:00+00:00,-11.121995107277955,0,NORMAL,0,test,0.002553734462708235,lstm-ae-v2-candidate
MTR,TEMP_001,2026-03-02T05:42:00+00:00,-11.195938088968049,0,NORMAL,0,test,0.0021557954605668783,lstm-ae-v2-candidate
MTR,TEMP_001,2026-03-02T05:43:00+00:00,-10.925321627221887,0,NORMAL,0,test,0.00218540639616549,lstm-ae-v2-candidate
MTR,TEMP_001,2026-03-02T05:44:00+00:00,-10.744748287020723,0,NORMAL,0,test,0.0023528377059847116,lstm-ae-v2-candidate
MTR,TEMP_001,2026-03-02T05:45:00+00:00,-11.00983792439752,0,NORMAL,0,test,0.002112946705892682,lstm-ae-v2-candidate
MTR,TEMP_001,2026-03-02T05:46:00+00:00,-10.742488246262376,0,NORMAL,0,test,0.0023641285952180624,lstm-ae-v2-candidate
MTR,TEMP_001,2026-03-02T05:47:00+00:00,-10.818401497267915,0,NORMAL,0,test,0.002340469276532531,lstm-ae-v2-candidate
MTR,TEMP_001,2026-03-02T05:48:00+00:00,-10.513219161196304,0,NORMAL,0,test,0.0027544493786990643,lstm-ae-v2-candidate
MTR,TEMP_001,2026-03-02T05:49:00+00:00,-10.703328710704604,0,NORMAL,0,test,0.0026850299909710884,lstm-ae-v2-candidate
MTR,TEMP_001,2026-03-02T05:50:00+00:00,-10.841100333894127,0,NORMAL,0,test,0.0025255694054067135,lstm-ae-v2-candidate
MTR,TEMP_001,2026-03-02T05:51:00+00:00,-10.531381161108046,0,NORMAL,0,test,0.0027179981116205454,lstm-ae-v2-candidate
MTR,TEMP_001,2026-03-02T05:52:00+00:00,-10.749266078854475,0,NORMAL,0,test,0.002505563199520111,lstm-ae-v2-candidate
MTR,TEMP_001,2026-03-02T05:53:00+00:00,-10.604033159542452,0,NORMAL,0,test,0.0026188266929239035,lstm-ae-v2-candidate
MTR,TEMP_001,2026-03-02T05:54:00+00:00,-11.073467468829485,0,NORMAL,0,test,0.0024102111347019672,lstm-ae-v2-candidate
MTR,TEMP_001,2026-03-02T05:55:00+00:00,-10.897680033659768,0,NORMAL,0,test,0.0024604543577879667,lstm-ae-v2-candidate
MTR,TEMP_001,2026-03-02T05:56:00+00:00,-11.11462588074562,0,NORMAL,0,test,0.0024222468491643667,lstm-ae-v2-candidate
MTR,TEMP_001,2026-03-02T05:57:00+00:00,-11.02245879660683,0,NORMAL,0,test,0.0024743617977946997,lstm-ae-v2-candidate
MTR,TEMP_001,2026-03-02T05:58:00+00:00,-10.792475705824858,0,NORMAL,0,test,0.00266021816059947,lstm-ae-v2-candidate
MTR,TEMP_001,2026-03-02T05:59:00+00:00,-10.940926480868168,0,NORMAL,0,test,0.0027565404307097197,lstm-ae-v2-candidate
MTR,TEMP_001,2026-03-02T06:00:00+00:00,-11.189120113404014,1,DRIFT,1,test,0.002763911848887801,lstm-ae-v2-candidate
MTR,TEMP_001,2026-03-02T06:01:00+00:00,-11.41520277154824,1,DRIFT,1,test,0.0026387402322143316,lstm-ae-v2-candidate
MTR,TEMP_001,2026-03-02T06:02:00+00:00,-11.584943344103854,1,DRIFT,1,test,0.0026499773375689983,lstm-ae-v2-candidate
MTR,TEMP_001,2026-03-02T06:03:00+00:00,-11.76740234834195,1,DRIFT,1,test,0.0027004473377019167,lstm-ae-v2-candidate
MTR,TEMP_001,2026-03-02T06:04:00+00:00,-11.879391306390932,1,DRIFT,1,test,0.002610917901620269,lstm-ae-v2-candidate
MTR,TEMP_001,2026-03-02T06:05:00+00:00,-12.792397462550936,1,DRIFT,1,test,0.004437654744833708,lstm-ae-v2-candidate
MTR,TEMP_001,2026-03-02T06:06:00+00:00,-12.709400476573164,1,DRIFT,1,test,0.0047296485863626,lstm-ae-v2-candidate
MTR,TEMP_001,2026-03-02T06:07:00+00:00,-12.790432469330844,1,DRIFT,1,test,0.004905420355498791,lstm-ae-v2-candidate
MTR,TEMP_001,2026-03-02T06:08:00+00:00,-13.04523541280176,1,DRIFT,1,test,0.005151534918695688,lstm-ae-v2-candidate
MTR,TEMP_001,2026-03-02T06:09:00+00:00,-13.106349888604562,1,DRIFT,1,test,0.005138960666954517,lstm-ae-v2-candidate
MTR,TEMP_001,2026-03-02T06:10:00+00:00,-13.548890321245231,1,DRIFT,1,test,0.005732845049351454,lstm-ae-v2-candidate
MTR,TEMP_001,2026-03-02T06:11:00+00:00,-14.049568779514528,1,DRIFT,1,test,0.006756586022675037,lstm-ae-v2-candidate
MTR,TEMP_001,2026-03-02T06:12:00+00:00,-14.276069981436615,1,DRIFT,1,test,0.007476802449673414,lstm-ae-v2-candidate
MTR,TEMP_001,2026-03-02T06:13:00+00:00,-14.463860997836132,1,DRIFT,1,test,0.008951427415013313,lstm-ae-v2-candidate
MTR,TEMP_001,2026-03-02T06:14:00+00:00,-14.481498980874438,1,DRIFT,1,test,0.010153179056942463,lstm-ae-v2-candidate
MTR,TEMP_001,2026-03-02T06:15:00+00:00,-15.023271201933705,1,DRIFT,1,test,0.012203057296574116,lstm-ae-v2-candidate
MTR,TEMP_001,2026-03-02T06:16:00+00:00,-15.098766134720734,1,DRIFT,1,test,0.014275864697992802,lstm-ae-v2-candidate
MTR,TEMP_001,2026-03-02T06:17:00+00:00,-15.212744459190972,1,DRIFT,1,test,0.0162490326911211,lstm-ae-v2-candidate
MTR,TEMP_001,2026-03-02T06:18:00+00:00,-15.21881257839595,1,DRIFT,1,test,0.01798124797642231,lstm-ae-v2-candidate
MTR,TEMP_001,2026-03-02T06:19:00+00:00,-15.75563350972321,1,DRIFT,1,test,0.020439086481928825,lstm-ae-v2-candidate
MTR,TEMP_001,2026-03-02T06:20:00+00:00,-16.038127915703093,1,DRIFT,1,test,0.023076225072145462,lstm-ae-v2-candidate
MTR,TEMP_001,2026-03-02T06:21:00+00:00,-16.17092645189932,1,DRIFT,1,test,0.025204261764883995,lstm-ae-v2-candidate
MTR,TEMP_001,2026-03-02T06:22:00+00:00,-16.484805107550756,1,DRIFT,1,test,0.027644073590636253,lstm-ae-v2-candidate
MTR,TEMP_001,2026-03-02T06:23:00+00:00,-16.70179466137644,1,DRIFT,1,test,0.029249947518110275,lstm-ae-v2-candidate
MTR,TEMP_001,2026-03-02T06:24:00+00:00,-17.06901998372868,1,DRIFT,1,test,0.031591467559337616,lstm-ae-v2-candidate
MTR,TEMP_001,2026-03-02T06:25:00+00:00,-17.255944085391295,1,DRIFT,1,test,0.0330696776509285,lstm-ae-v2-candidate
MTR,TEMP_001,2026-03-02T06:26:00+00:00,-17.28435597602161,1,DRIFT,1,test,0.0337451808154583,lstm-ae-v2-candidate
MTR,TEMP_001,2026-03-02T06:27:00+00:00,-17.492523975692396,1,DRIFT,1,test,0.033423468470573425,lstm-ae-v2-candidate
MTR,TEMP_001,2026-03-02T06:28:00+00:00,-17.859553496744937,1,DRIFT,1,test,0.03130057081580162,lstm-ae-v2-candidate
MTR,TEMP_001,2026-03-02T06:29:00+00:00,-18.352254246650855,1,DRIFT,1,test,0.02974051982164383,lstm-ae-v2-candidate
MTR,TEMP_001,2026-03-02T06:30:00+00:00,-11.562900645935205,0,NORMAL,1,test,0.16146595776081085,lstm-ae-v2-candidate
MTR,TEMP_001,2026-03-02T06:31:00+00:00,-11.182451467369004,0,NORMAL,1,test,0.24979938566684723,lstm-ae-v2-candidate
MTR,TEMP_001,2026-03-02T06:32:00+00:00,-11.679527341391545,0,NORMAL,1,test,0.2715783715248108,lstm-ae-v2-candidate
MTR,TEMP_001,2026-03-02T06:33:00+00:00,-11.78231501432403,0,NORMAL,1,test,0.2864066958427429,lstm-ae-v2-candidate
MTR,TEMP_001,2026-03-02T06:34:00+00:00,-11.480030286912584,0,NORMAL,1,test,0.3153762221336365,lstm-ae-v2-candidate
MTR,TEMP_001,2026-03-02T06:35:00+00:00,-11.699495508385969,0,NORMAL,1,test,0.3530349135398865,lstm-ae-v2-candidate
MTR,TEMP_001,2026-03-02T06:36:00+00:00,-11.70556154652762,0,NORMAL,1,test,0.39836132526397705,lstm-ae-v2-candidate
MTR,TEMP_001,2026-03-02T06:37:00+00:00,-11.902615418103409,0,NORMAL,1,test,0.43436363339424133,lstm-ae-v2-candidate
MTR,TEMP_001,2026-03-02T06:38:00+00:00,-11.854880638150927,0,NORMAL,1,test,0.4424498379230499,lstm-ae-v2-candidate
MTR,TEMP_001,2026-03-02T06:39:00+00:00,-12.001359204354186,0,NORMAL,1,test,0.4044528901576996,lstm-ae-v2-candidate
MTR,TEMP_001,2026-03-02T06:40:00+00:00,-12.30548288395192,0,NORMAL,1,test,0.3697839677333832,lstm-ae-v2-candidate
MTR,TEMP_001,2026-03-02T06:41:00+00:00,-12.19884366451637,0,NORMAL,1,test,0.35492846369743347,lstm-ae-v2-candidate
MTR,TEMP_001,2026-03-02T06:42:00+00:00,-12.13605331790493,0,NORMAL,1,test,0.34127703309059143,lstm-ae-v2-candidate
MTR,TEMP_001,2026-03-02T06:43:00+00:00,-12.147031704355935,0,NORMAL,1,test,0.32635343074798584,lstm-ae-v2-candidate
MTR,TEMP_001,2026-03-02T06:44:00+00:00,-12.599585624537562,0,NORMAL,1,test,0.31332626938819885,lstm-ae-v2-candidate
MTR,TEMP_001,2026-03-02T06:45:00+00:00,-13.2114268100085,0,NORMAL,1,test,0.3130525052547455,lstm-ae-v2-candidate
MTR,TEMP_001,2026-03-02T06:46:00+00:00,-12.96142534073408,0,NORMAL,1,test,0.3076612651348114,lstm-ae-v2-candidate
MTR,TEMP_001,2026-03-02T06:47:00+00:00,-12.743054722725484,0,NORMAL,1,test,0.3020208477973938,lstm-ae-v2-candidate
MTR,TEMP_001,2026-03-02T06:48:00+00:00,-13.109017002443537,0,NORMAL,1,test,0.30114129185676575,lstm-ae-v2-candidate
MTR,TEMP_001,2026-03-02T06:49:00+00:00,-13.345355873714338,0,NORMAL,1,test,0.3071594834327698,lstm-ae-v2-candidate
MTR,TEMP_001,2026-03-02T06:50:00+00:00,-13.282677161508444,0,NORMAL,1,test,0.31363317370414734,lstm-ae-v2-candidate
MTR,TEMP_001,2026-03-02T06:51:00+00:00,-13.516485935033138,0,NORMAL,1,test,0.3204253613948822,lstm-ae-v2-candidate
MTR,TEMP_001,2026-03-02T06:52:00+00:00,-13.703873024935785,0,NORMAL,1,test,0.3249853551387787,lstm-ae-v2-candidate
MTR,TEMP_001,2026-03-02T06:53:00+00:00,-13.570021667640091,0,NORMAL,1,test,0.32386642694473267,lstm-ae-v2-candidate
MTR,TEMP_001,2026-03-02T06:54:00+00:00,-13.538813960969106,0,NORMAL,1,test,0.31332236528396606,lstm-ae-v2-candidate
MTR,TEMP_001,2026-03-02T06:55:00+00:00,-13.961695084070374,0,NORMAL,1,test,0.2929854989051819,lstm-ae-v2-candidate
MTR,TEMP_001,2026-03-02T06:56:00+00:00,-13.95566143410926,0,NORMAL,1,test,0.26644161343574524,lstm-ae-v2-candidate
MTR,TEMP_001,2026-03-02T06:57:00+00:00,-13.770303561577004,0,NORMAL,1,test,0.2254793345928192,lstm-ae-v2-candidate
MTR,TEMP_001,2026-03-02T06:58:00+00:00,-13.874916222499625,0,NORMAL,1,test,0.1471719592809677,lstm-ae-v2-candidate
MTR,TEMP_001,2026-03-02T06:59:00+00:00,-13.986508293164862,0,NORMAL,0,test,0.004009826574474573,lstm-ae-v2-candidate
MTR,TEMP_001,2026-03-02T07:00:00+00:00,-14.230089229761232,0,NORMAL,0,test,0.003775455057621002,lstm-ae-v2-candidate
MTR,TEMP_001,2026-03-02T07:01:00+00:00,-14.15246191295692,0,NORMAL,0,test,0.0036258928012102842,lstm-ae-v2-candidate
MTR,TEMP_001,2026-03-02T07:02:00+00:00,-14.362465109104075,0,NORMAL,0,test,0.0034716385416686535,lstm-ae-v2-candidate
MTR,TEMP_001,2026-03-02T07:03:00+00:00,-13.955637476659344,0,NORMAL,0,test,0.0035323980264365673,lstm-ae-v2-candidate
MTR,TEMP_001,2026-03-02T07:04:00+00:00,-14.491366242554848,0,NORMAL,0,test,0.003621877171099186,lstm-ae-v2-candidate
MTR,TEMP_001,2026-03-02T07:05:00+00:00,-14.484267348295637,0,NORMAL,0,test,0.003722761059179902,lstm-ae-v2-candidate
MTR,TEMP_001,2026-03-02T07:06:00+00:00,-14.38991577244073,0,NORMAL,0,test,0.003737259190529585,lstm-ae-v2-candidate
MTR,TEMP_001,2026-03-02T07:07:00+00:00,-14.244897988580504,0,NORMAL,0,test,0.003832637332379818,lstm-ae-v2-candidate
MTR,TEMP_001,2026-03-02T07:08:00+00:00,-14.56910931058559,0,NORMAL,0,test,0.003912897314876318,lstm-ae-v2-candidate
MTR,TEMP_001,2026-03-02T07:09:00+00:00,-14.60899949320219,0,NORMAL,0,test,0.004083774518221617,lstm-ae-v2-candidate
MTR,TEMP_001,2026-03-02T07:10:00+00:00,-14.6986371589237,0,NORMAL,0,test,0.0043829213827848434,lstm-ae-v2-candidate
MTR,TEMP_001,2026-03-02T07:11:00+00:00,-15.002070227755956,0,NORMAL,0,test,0.004920703358948231,lstm-ae-v2-candidate
MTR,TEMP_001,2026-03-02T07:12:00+00:00,-15.087286027034551,0,NORMAL,0,test,0.004599858541041613,lstm-ae-v2-candidate
MTR,TEMP_001,2026-03-02T07:13:00+00:00,-15.40280215251368,0,NORMAL,0,test,0.0038520300295203924,lstm-ae-v2-candidate
MTR,TEMP_001,2026-03-02T07:14:00+00:00,-15.609194064451469,0,NORMAL,0,test,0.00397727033123374,lstm-ae-v2-candidate
MTR,TEMP_001,2026-03-02T07:15:00+00:00,-15.641783902138105,0,NORMAL,0,test,0.003920588176697493,lstm-ae-v2-candidate
MTR,TEMP_001,2026-03-02T07:16:00+00:00,-15.865488621068172,0,NORMAL,0,test,0.003794078016653657,lstm-ae-v2-candidate
MTR,TEMP_001,2026-03-02T07:17:00+00:00,-15.571290897531412,0,NORMAL,0,test,0.002973309252411127,lstm-ae-v2-candidate
MTR,TEMP_001,2026-03-02T07:18:00+00:00,-15.751023234614395,0,NORMAL,0,test,0.0028952518478035927,lstm-ae-v2-candidate
MTR,TEMP_001,2026-03-02T07:19:00+00:00,-15.784562071864343,0,NORMAL,0,test,0.003038502298295498,lstm-ae-v2-candidate
MTR,TEMP_001,2026-03-02T07:54:00+00:00,-19.37493541015848,0,NORMAL,0,test,0.0053697796538472176,lstm-ae-v2-candidate
MTR,TEMP_001,2026-03-02T07:55:00+00:00,-19.433852707866556,0,NORMAL,0,test,0.005344170145690441,lstm-ae-v2-candidate
MTR,TEMP_001,2026-03-02T07:56:00+00:00,-19.53069786039455,0,NORMAL,0,test,0.005641634110361338,lstm-ae-v2-candidate
MTR,TEMP_001,2026-03-02T07:57:00+00:00,-19.50052420747205,0,NORMAL,0,test,0.005289911292493343,lstm-ae-v2-candidate
MTR,TEMP_001,2026-03-02T07:58:00+00:00,-19.436383384319416,0,NORMAL,0,test,0.004929174203425646,lstm-ae-v2-candidate
MTR,TEMP_001,2026-03-02T07:59:00+00:00,-19.58069524148549,0,NORMAL,0,test,0.00480143865570426,lstm-ae-v2-candidate
MTR,TEMP_001,2026-03-02T08:00:00+00:00,-19.716428313880236,0,NORMAL,0,test,0.004668399691581726,lstm-ae-v2-candidate
MTR,TEMP_001,2026-03-02T08:01:00+00:00,-19.71885494646306,0,NORMAL,0,test,0.004420670215040445,lstm-ae-v2-candidate
MTR,TEMP_001,2026-03-02T08:02:00+00:00,-20.03423723059171,0,NORMAL,0,test,0.004887992981821299,lstm-ae-v2-candidate
MTR,TEMP_001,2026-03-02T08:03:00+00:00,-19.684992543453212,0,NORMAL,0,test,0.004793644417077303,lstm-ae-v2-candidate
MTR,TEMP_001,2026-03-02T08:04:00+00:00,-19.794623687691157,0,NORMAL,0,test,0.004400966223329306,lstm-ae-v2-candidate
MTR,TEMP_001,2026-03-02T08:05:00+00:00,-19.800657294395457,0,NORMAL,0,test,0.003915042150765657,lstm-ae-v2-candidate
MTR,TEMP_001,2026-03-02T08:06:00+00:00,-19.87787326062174,0,NORMAL,0,test,0.0035741287283599377,lstm-ae-v2-candidate
MTR,TEMP_001,2026-03-02T08:07:00+00:00,-20.290554990464337,0,NORMAL,0,test,0.0038336084689944983,lstm-ae-v2-candidate
MTR,TEMP_001,2026-03-02T08:08:00+00:00,-20.206091806360664,0,NORMAL,0,test,0.0038148320745676756,lstm-ae-v2-candidate
MTR,TEMP_001,2026-03-02T08:09:00+00:00,-20.040799905623693,0,NORMAL,0,test,0.0035477892961353064,lstm-ae-v2-candidate
MTR,TEMP_001,2026-03-02T08:10:00+00:00,-20.254966304028724,0,NORMAL,0,test,0.0035808344837278128,lstm-ae-v2-candidate
MTR,TEMP_001,2026-03-02T08:11:00+00:00,-20.036789477475896,0,NORMAL,0,test,0.0033122312743216753,lstm-ae-v2-candidate
MTR,TEMP_001,2026-03-02T08:12:00+00:00,-20.171483424693065,0,NORMAL,0,test,0.003096761414781213,lstm-ae-v2-candidate
MTR,TEMP_001,2026-03-02T08:13:00+00:00,-19.929430116710066,0,NORMAL,0,test,0.003051056992262602,lstm-ae-v2-candidate
MTR,TEMP_001,2026-03-02T08:14:00+00:00,-20.153919090391675,0,NORMAL,0,test,0.0033030593767762184,lstm-ae-v2-candidate
MTR,TEMP_001,2026-03-02T08:15:00+00:00,-20.01055977237106,0,NORMAL,0,test,0.0028987268451601267,lstm-ae-v2-candidate
MTR,TEMP_001,2026-03-02T08:16:00+00:00,-19.86812307771746,0,NORMAL,0,test,0.0031752376817166805,lstm-ae-v2-candidate
MTR,TEMP_001,2026-03-02T08:17:00+00:00,-20.07600688544154,0,NORMAL,0,test,0.003364951815456152,lstm-ae-v2-candidate
MTR,TEMP_001,2026-03-02T08:18:00+00:00,-20.18471685059732,0,NORMAL,0,test,0.003571360372006893,lstm-ae-v2-candidate
MTR,TEMP_001,2026-03-02T08:19:00+00:00,-20.04798788857005,0,NORMAL,0,test,0.0038163752760738134,lstm-ae-v2-candidate
MTR,TEMP_001,2026-03-02T08:20:00+00:00,-20.04798788857005,1,STUCK_VALUE,1,test,0.0035862342920154333,lstm-ae-v2-candidate
MTR,TEMP_001,2026-03-02T08:21:00+00:00,-20.04798788857005,1,STUCK_VALUE,1,test,0.0021026418544352055,lstm-ae-v2-candidate
MTR,TEMP_001,2026-03-02T08:22:00+00:00,-20.04798788857005,1,STUCK_VALUE,1,test,0.0015485462499782443,lstm-ae-v2-candidate
MTR,TEMP_001,2026-03-02T08:23:00+00:00,-20.04798788857005,1,STUCK_VALUE,1,test,0.0015839500119909644,lstm-ae-v2-candidate
MTR,TEMP_001,2026-03-02T08:24:00+00:00,-20.04798788857005,1,STUCK_VALUE,1,test,0.0016044055810198188,lstm-ae-v2-candidate
MTR,TEMP_001,2026-03-02T08:25:00+00:00,-20.04798788857005,1,STUCK_VALUE,1,test,0.001655339146964252,lstm-ae-v2-candidate
MTR,TEMP_001,2026-03-02T08:26:00+00:00,-20.04798788857005,1,STUCK_VALUE,1,test,0.0017296384321525693,lstm-ae-v2-candidate
MTR,TEMP_001,2026-03-02T08:27:00+00:00,-20.04798788857005,1,STUCK_VALUE,1,test,0.001740679144859314,lstm-ae-v2-candidate
MTR,TEMP_001,2026-03-02T08:28:00+00:00,-20.04798788857005,1,STUCK_VALUE,1,test,0.001647286699153483,lstm-ae-v2-candidate
MTR,TEMP_001,2026-03-02T08:29:00+00:00,-20.04798788857005,1,STUCK_VALUE,1,test,0.0016404588241130114,lstm-ae-v2-candidate
MTR,TEMP_001,2026-03-02T08:30:00+00:00,-20.04798788857005,1,STUCK_VALUE,1,test,0.0016400968888774514,lstm-ae-v2-candidate
MTR,TEMP_001,2026-03-02T08:31:00+00:00,-20.04798788857005,1,STUCK_VALUE,1,test,0.001824149047024548,lstm-ae-v2-candidate
MTR,TEMP_001,2026-03-02T08:32:00+00:00,-20.04798788857005,1,STUCK_VALUE,1,test,0.0016461445484310389,lstm-ae-v2-candidate
MTR,TEMP_001,2026-03-02T08:33:00+00:00,-20.04798788857005,1,STUCK_VALUE,1,test,0.0016960978973656893,lstm-ae-v2-candidate
MTR,TEMP_001,2026-03-02T08:34:00+00:00,-20.04798788857005,1,STUCK_VALUE,1,test,0.0017279873136430979,lstm-ae-v2-candidate
MTR,TEMP_001,2026-03-02T08:35:00+00:00,-20.04798788857005,1,STUCK_VALUE,1,test,0.0017169086495414376,lstm-ae-v2-candidate
MTR,TEMP_001,2026-03-02T08:36:00+00:00,-20.04798788857005,1,STUCK_VALUE,1,test,0.0020228629000484943,lstm-ae-v2-candidate
MTR,TEMP_001,2026-03-02T08:37:00+00:00,-20.04798788857005,1,STUCK_VALUE,1,test,0.0016978661296889186,lstm-ae-v2-candidate
MTR,TEMP_001,2026-03-02T08:38:00+00:00,-20.04798788857005,1,STUCK_VALUE,1,test,0.0014226791681721807,lstm-ae-v2-candidate
MTR,TEMP_001,2026-03-02T08:39:00+00:00,-20.04798788857005,1,STUCK_VALUE,1,test,0.0015775468200445175,lstm-ae-v2-candidate
MTR,TEMP_001,2026-03-02T08:40:00+00:00,-20.04798788857005,1,STUCK_VALUE,1,test,0.0011618791613727808,lstm-ae-v2-candidate
MTR,TEMP_001,2026-03-02T08:41:00+00:00,-20.04798788857005,1,STUCK_VALUE,1,test,0.0012552000116556883,lstm-ae-v2-candidate
MTR,TEMP_001,2026-03-02T08:42:00+00:00,-20.04798788857005,1,STUCK_VALUE,1,test,0.0009285077685490251,lstm-ae-v2-candidate
MTR,TEMP_001,2026-03-02T08:43:00+00:00,-20.04798788857005,1,STUCK_VALUE,1,test,0.0011404270771890879,lstm-ae-v2-candidate
MTR,TEMP_001,2026-03-02T08:44:00+00:00,-20.131956407919315,0,NORMAL,1,test,0.001067533390596509,lstm-ae-v2-candidate
MTR,TEMP_001,2026-03-02T08:45:00+00:00,-20.080212732857465,0,NORMAL,1,test,0.0010203595738857985,lstm-ae-v2-candidate
MTR,TEMP_001,2026-03-02T08:46:00+00:00,-20.00189115051821,0,NORMAL,1,test,0.0011163699673488736,lstm-ae-v2-candidate
MTR,TEMP_001,2026-03-02T08:47:00+00:00,-19.9364040736519,0,NORMAL,1,test,0.0010957162594422698,lstm-ae-v2-candidate
MTR,TEMP_001,2026-03-02T08:48:00+00:00,-19.836945600679904,0,NORMAL,1,test,0.0007663078722544014,lstm-ae-v2-candidate
MTR,TEMP_001,2026-03-02T08:49:00+00:00,-19.73307456176516,0,NORMAL,1,test,0.0007053115987218916,lstm-ae-v2-candidate
MTR,TEMP_001,2026-03-02T08:50:00+00:00,-19.748757775487217,0,NORMAL,1,test,0.0006217365735210478,lstm-ae-v2-candidate
MTR,TEMP_001,2026-03-02T08:51:00+00:00,-19.446147666426707,0,NORMAL,1,test,0.0007844587089493871,lstm-ae-v2-candidate
MTR,TEMP_001,2026-03-02T08:52:00+00:00,-19.348921948483927,0,NORMAL,1,test,0.0009399724658578634,lstm-ae-v2-candidate
MTR,TEMP_001,2026-03-02T08:53:00+00:00,-18.892382123380777,0,NORMAL,1,test,0.001958457985892892,lstm-ae-v2-candidate
MTR,TEMP_001,2026-03-02T08:54:00+00:00,-19.276445006009073,0,NORMAL,1,test,0.0019071676069870591,lstm-ae-v2-candidate
MTR,TEMP_001,2026-03-02T08:55:00+00:00,-18.980856214854978,0,NORMAL,1,test,0.0020603372249752283,lstm-ae-v2-candidate
MTR,TEMP_001,2026-03-02T08:56:00+00:00,-19.08126792528317,0,NORMAL,1,test,0.002030824078246951,lstm-ae-v2-candidate
MTR,TEMP_001,2026-03-02T08:57:00+00:00,-19.048257407358953,0,NORMAL,1,test,0.002001497894525528,lstm-ae-v2-candidate
MTR,TEMP_001,2026-03-02T08:58:00+00:00,-18.663446570655104,0,NORMAL,1,test,0.002304161200299859,lstm-ae-v2-candidate
MTR,TEMP_001,2026-03-02T08:59:00+00:00,-18.52612527484911,0,NORMAL,1,test,0.002652389695867896,lstm-ae-v2-candidate
MTR,TEMP_001,2026-03-02T09:00:00+00:00,-18.48808045478464,0,NORMAL,1,test,0.002800895366817713,lstm-ae-v2-candidate
MTR,TEMP_001,2026-03-02T09:01:00+00:00,-18.54038235073154,0,NORMAL,1,test,0.002700889017432928,lstm-ae-v2-candidate
MTR,TEMP_001,2026-03-02T09:02:00+00:00,-18.464240203184666,0,NORMAL,1,test,0.002536446088925004,lstm-ae-v2-candidate
MTR,TEMP_001,2026-03-02T09:03:00+00:00,-18.54231272125931,0,NORMAL,1,test,0.0023766160011291504,lstm-ae-v2-candidate
MTR,TEMP_001,2026-03-02T09:04:00+00:00,-18.45081860735151,0,NORMAL,1,test,0.0022203729022294283,lstm-ae-v2-candidate
MTR,TEMP_001,2026-03-02T09:05:00+00:00,-18.359772528256407,0,NORMAL,1,test,0.00210866192355752,lstm-ae-v2-candidate
MTR,TEMP_001,2026-03-02T09:06:00+00:00,-18.315135539616616,0,NORMAL,1,test,0.002110086614266038,lstm-ae-v2-candidate
MTR,TEMP_001,2026-03-02T09:07:00+00:00,-18.07611027485963,0,NORMAL,1,test,0.0021548138465732336,lstm-ae-v2-candidate
MTR,TEMP_001,2026-03-02T09:08:00+00:00,-17.950315644406004,0,NORMAL,1,test,0.0023109675385057926,lstm-ae-v2-candidate
MTR,TEMP_001,2026-03-02T09:09:00+00:00,-18.27577824518344,0,NORMAL,1,test,0.0030043700244277716,lstm-ae-v2-candidate
MTR,TEMP_001,2026-03-02T09:10:00+00:00,-17.96251550182612,0,NORMAL,1,test,0.0034478423185646534,lstm-ae-v2-candidate
MTR,TEMP_001,2026-03-02T09:11:00+00:00,-17.986788644242598,0,NORMAL,1,test,0.003972544334828854,lstm-ae-v2-candidate
MTR,TEMP_001,2026-03-02T09:12:00+00:00,-17.757218466462966,0,NORMAL,1,test,0.004415262956172228,lstm-ae-v2-candidate
MTR,TEMP_001,2026-03-02T09:13:00+00:00,-17.612457080964937,0,NORMAL,0,test,0.004894069861620665,lstm-ae-v2-candidate
MTR,TEMP_001,2026-03-02T09:14:00+00:00,-17.32229936087192,0,NORMAL,0,test,0.005152938887476921,lstm-ae-v2-candidate
MTR,TEMP_001,2026-03-02T09:15:00+00:00,-17.36246053089598,0,NORMAL,0,test,0.004967079497873783,lstm-ae-v2-candidate
MTR,TEMP_001,2026-03-02T09:16:00+00:00,-16.996419489551393,0,NORMAL,0,test,0.005113729741424322,lstm-ae-v2-candidate
MTR,TEMP_001,2026-03-02T09:17:00+00:00,-17.08255091343169,0,NORMAL,0,test,0.004608915653079748,lstm-ae-v2-candidate
MTR,TEMP_001,2026-03-02T09:18:00+00:00,-17.09139880886738,0,NORMAL,0,test,0.004041516222059727,lstm-ae-v2-candidate
MTR,TEMP_001,2026-03-02T09:19:00+00:00,-16.85669064278331,0,NORMAL,0,test,0.003758694976568222,lstm-ae-v2-candidate
MTR,VIB_001,2026-03-02T04:49:00+00:00,0.8374669382150395,0,NORMAL,0,test,0.02889670617878437,lstm-ae-v2-candidate
MTR,VIB_001,2026-03-02T04:50:00+00:00,0.841213189104195,0,NORMAL,0,test,0.023118972778320312,lstm-ae-v2-candidate
MTR,VIB_001,2026-03-02T04:51:00+00:00,0.8582511942371086,0,NORMAL,0,test,0.02308954857289791,lstm-ae-v2-candidate
MTR,VIB_001,2026-03-02T04:52:00+00:00,0.8525878446433834,0,NORMAL,0,test,0.022834423929452896,lstm-ae-v2-candidate
MTR,VIB_001,2026-03-02T04:53:00+00:00,0.8367587861099535,0,NORMAL,0,test,0.023725586012005806,lstm-ae-v2-candidate
MTR,VIB_001,2026-03-02T04:54:00+00:00,0.8654749755813287,0,NORMAL,0,test,0.01848580874502659,lstm-ae-v2-candidate
MTR,VIB_001,2026-03-02T04:55:00+00:00,0.854508983659994,0,NORMAL,0,test,0.018786976113915443,lstm-ae-v2-candidate
MTR,VIB_001,2026-03-02T04:56:00+00:00,0.8974450610252296,0,NORMAL,0,test,0.020818324759602547,lstm-ae-v2-candidate
MTR,VIB_001,2026-03-02T04:57:00+00:00,0.8315444906791493,0,NORMAL,0,test,0.022767316550016403,lstm-ae-v2-candidate
MTR,VIB_001,2026-03-02T04:58:00+00:00,0.8467053740155386,0,NORMAL,0,test,0.022465597838163376,lstm-ae-v2-candidate
MTR,VIB_001,2026-03-02T04:59:00+00:00,0.8737090542526912,0,NORMAL,0,test,0.022024087607860565,lstm-ae-v2-candidate
MTR,VIB_001,2026-03-02T05:00:00+00:00,0.2750924037643473,1,SPIKE,1,test,0.682961106300354,lstm-ae-v2-candidate
MTR,VIB_001,2026-03-02T05:01:00+00:00,0.2789313617325804,1,SPIKE,1,test,1.0981193780899048,lstm-ae-v2-candidate
MTR,VIB_001,2026-03-02T05:02:00+00:00,0.2791268596834924,1,SPIKE,1,test,1.4969419240951538,lstm-ae-v2-candidate
MTR,VIB_001,2026-03-02T05:03:00+00:00,0.2715529884976285,1,SPIKE,1,test,1.8858031034469604,lstm-ae-v2-candidate
MTR,VIB_001,2026-03-02T05:04:00+00:00,0.9213130121740214,0,NORMAL,1,test,1.996656894683838,lstm-ae-v2-candidate
MTR,VIB_001,2026-03-02T05:05:00+00:00,0.8942648573388359,0,NORMAL,1,test,2.3072283267974854,lstm-ae-v2-candidate
MTR,VIB_001,2026-03-02T05:06:00+00:00,0.9192014618331243,0,NORMAL,1,test,2.529352903366089,lstm-ae-v2-candidate
MTR,VIB_001,2026-03-02T05:07:00+00:00,0.925686288431848,0,NORMAL,1,test,2.5969412326812744,lstm-ae-v2-candidate
MTR,VIB_001,2026-03-02T05:08:00+00:00,0.9293822908199056,0,NORMAL,1,test,2.6544227600097656,lstm-ae-v2-candidate
MTR,VIB_001,2026-03-02T05:09:00+00:00,0.934672228157488,0,NORMAL,1,test,2.728677272796631,lstm-ae-v2-candidate
MTR,VIB_001,2026-03-02T05:10:00+00:00,0.9520005355993136,0,NORMAL,1,test,2.815359592437744,lstm-ae-v2-candidate
MTR,VIB_001,2026-03-02T05:11:00+00:00,0.9407059916835908,0,NORMAL,1,test,2.877009391784668,lstm-ae-v2-candidate
MTR,VIB_001,2026-03-02T05:12:00+00:00,0.97252656380529,0,NORMAL,1,test,2.9316940307617188,lstm-ae-v2-candidate
MTR,VIB_001,2026-03-02T05:13:00+00:00,0.9582920875226218,0,NORMAL,1,test,2.9726243019104004,lstm-ae-v2-candidate
MTR,VIB_001,2026-03-02T05:14:00+00:00,0.9305265835621512,0,NORMAL,1,test,3.0059854984283447,lstm-ae-v2-candidate
MTR,VIB_001,2026-03-02T05:15:00+00:00,0.9516983987637944,0,NORMAL,1,test,2.989824056625366,lstm-ae-v2-candidate
MTR,VIB_001,2026-03-02T05:16:00+00:00,0.9386114420131813,0,NORMAL,1,test,2.98534893989563,lstm-ae-v2-candidate
MTR,VIB_001,2026-03-02T05:17:00+00:00,1.0046681183859278,0,NORMAL,1,test,2.9538304805755615,lstm-ae-v2-candidate
MTR,VIB_001,2026-03-02T05:18:00+00:00,0.9389472708064076,0,NORMAL,1,test,2.9222686290740967,lstm-ae-v2-candidate
MTR,VIB_001,2026-03-02T05:19:00+00:00,0.9405696427566164,0,NORMAL,1,test,2.8735568523406982,lstm-ae-v2-candidate
MTR,VIB_001,2026-03-02T05:20:00+00:00,0.965258195898136,0,NORMAL,1,test,2.811183452606201,lstm-ae-v2-candidate
MTR,VIB_001,2026-03-02T05:21:00+00:00,0.9691108160437774,0,NORMAL,1,test,2.7408688068389893,lstm-ae-v2-candidate
MTR,VIB_001,2026-03-02T05:22:00+00:00,0.9142214674880847,0,NORMAL,1,test,2.6967430114746094,lstm-ae-v2-candidate
MTR,VIB_001,2026-03-02T05:23:00+00:00,0.9539997430517158,0,NORMAL,1,test,2.651329278945923,lstm-ae-v2-candidate
MTR,VIB_001,2026-03-02T05:24:00+00:00,0.9819539567403468,0,NORMAL,1,test,2.599923849105835,lstm-ae-v2-candidate
MTR,VIB_001,2026-03-02T05:25:00+00:00,0.939076981783416,0,NORMAL,1,test,2.57127046585083,lstm-ae-v2-candidate
MTR,VIB_001,2026-03-02T05:26:00+00:00,0.9772695604270176,0,NORMAL,1,test,2.526275873184204,lstm-ae-v2-candidate
MTR,VIB_001,2026-03-02T05:27:00+00:00,0.946440680574568,0,NORMAL,1,test,2.5227508544921875,lstm-ae-v2-candidate
MTR,VIB_001,2026-03-02T05:28:00+00:00,0.9371199124896736,0,NORMAL,1,test,2.514448404312134,lstm-ae-v2-candidate
MTR,VIB_001,2026-03-02T05:29:00+00:00,0.9501490655146716,0,NORMAL,1,test,2.5114123821258545,lstm-ae-v2-candidate
MTR,VIB_001,2026-03-02T05:30:00+00:00,0.954469155771722,0,NORMAL,1,test,2.022212505340576,lstm-ae-v2-candidate
MTR,VIB_001,2026-03-02T05:31:00+00:00,0.9393161906846088,0,NORMAL,1,test,1.501240849494934,lstm-ae-v2-candidate
MTR,VIB_001,2026-03-02T05:32:00+00:00,0.9222795578177438,0,NORMAL,1,test,0.847931444644928,lstm-ae-v2-candidate
MTR,VIB_001,2026-03-02T05:33:00+00:00,0.9533745666425032,0,NORMAL,0,test,0.024508265778422356,lstm-ae-v2-candidate
MTR,VIB_001,2026-03-02T05:34:00+00:00,0.9607021605147712,0,NORMAL,0,test,0.026398954913020134,lstm-ae-v2-candidate
MTR,VIB_001,2026-03-02T05:35:00+00:00,0.950678089761852,0,NORMAL,0,test,0.023787593469023705,lstm-ae-v2-candidate
MTR,VIB_001,2026-03-02T05:36:00+00:00,0.9797613474627904,0,NORMAL,0,test,0.026046736165881157,lstm-ae-v2-candidate
MTR,VIB_001,2026-03-02T05:37:00+00:00,0.9835223841254892,0,NORMAL,0,test,0.02690003626048565,lstm-ae-v2-candidate
MTR,VIB_001,2026-03-02T05:38:00+00:00,0.979797266283958,0,NORMAL,0,test,0.026121508330106735,lstm-ae-v2-candidate
MTR,VIB_001,2026-03-02T05:39:00+00:00,0.9740783254009902,0,NORMAL,0,test,0.024824345484375954,lstm-ae-v2-candidate
MTR,VIB_001,2026-03-02T05:40:00+00:00,0.9810468174081384,0,NORMAL,0,test,0.024783484637737274,lstm-ae-v2-candidate
MTR,VIB_001,2026-03-02T05:41:00+00:00,0.9725350925017976,0,NORMAL,0,test,0.02387455478310585,lstm-ae-v2-candidate
MTR,VIB_001,2026-03-02T05:42:00+00:00,0.9942841850397094,0,NORMAL,0,test,0.023569947108626366,lstm-ae-v2-candidate
MTR,VIB_001,2026-03-02T05:43:00+00:00,0.9952350361008738,0,NORMAL,0,test,0.02356935478746891,lstm-ae-v2-candidate
MTR,VIB_001,2026-03-02T05:44:00+00:00,0.9818477941499066,0,NORMAL,0,test,0.022594960406422615,lstm-ae-v2-candidate
MTR,VIB_001,2026-03-02T05:45:00+00:00,1.0039266854245488,0,NORMAL,0,test,0.023416642099618912,lstm-ae-v2-candidate
MTR,VIB_001,2026-03-02T05:46:00+00:00,0.9835779803674488,0,NORMAL,0,test,0.023225735872983932,lstm-ae-v2-candidate
MTR,VIB_001,2026-03-02T05:47:00+00:00,1.0123838177087958,0,NORMAL,0,test,0.016963811591267586,lstm-ae-v2-candidate
MTR,VIB_001,2026-03-02T05:48:00+00:00,1.022065795559385,0,NORMAL,0,test,0.017713192850351334,lstm-ae-v2-candidate
MTR,VIB_001,2026-03-02T05:49:00+00:00,0.9981766862751764,0,NORMAL,0,test,0.018035300076007843,lstm-ae-v2-candidate
MTR,VIB_001,2026-03-02T05:50:00+00:00,0.9946436811016114,0,NORMAL,0,test,0.017593463882803917,lstm-ae-v2-candidate
MTR,VIB_001,2026-03-02T05:51:00+00:00,0.9925017502564693,0,NORMAL,0,test,0.016545390710234642,lstm-ae-v2-candidate
MTR,VIB_001,2026-03-02T05:52:00+00:00,0.9909398782605348,0,NORMAL,0,test,0.016052650287747383,lstm-ae-v2-candidate
MTR,VIB_001,2026-03-02T05:53:00+00:00,1.0360993126172489,0,NORMAL,0,test,0.01780121959745884,lstm-ae-v2-candidate
MTR,VIB_001,2026-03-02T05:54:00+00:00,1.015564887041224,0,NORMAL,0,test,0.014271720312535763,lstm-ae-v2-candidate
MTR,VIB_001,2026-03-02T05:55:00+00:00,1.0601637203703889,0,NORMAL,0,test,0.018566925078630447,lstm-ae-v2-candidate
MTR,VIB_001,2026-03-02T05:56:00+00:00,1.0800973147597557,0,NORMAL,0,test,0.02061099372804165,lstm-ae-v2-candidate
MTR,VIB_001,2026-03-02T05:57:00+00:00,1.0485509491050242,0,NORMAL,0,test,0.019563229754567146,lstm-ae-v2-candidate
MTR,VIB_001,2026-03-02T05:58:00+00:00,1.045622784018311,0,NORMAL,0,test,0.018833952024579048,lstm-ae-v2-candidate
MTR,VIB_001,2026-03-02T05:59:00+00:00,1.0490285141438982,0,NORMAL,0,test,0.018030012026429176,lstm-ae-v2-candidate
MTR,VIB_001,2026-03-02T06:00:00+00:00,1.0461654381248735,1,DRIFT,1,test,0.017238760367035866,lstm-ae-v2-candidate
MTR,VIB_001,2026-03-02T06:01:00+00:00,1.0163942232883798,1,DRIFT,1,test,0.019255466759204865,lstm-ae-v2-candidate
MTR,VIB_001,2026-03-02T06:02:00+00:00,1.0305440935867625,1,DRIFT,1,test,0.017782796174287796,lstm-ae-v2-candidate
MTR,VIB_001,2026-03-02T06:03:00+00:00,0.990763722245503,1,DRIFT,1,test,0.022714996710419655,lstm-ae-v2-candidate
MTR,VIB_001,2026-03-02T06:04:00+00:00,1.0310030627641336,1,DRIFT,1,test,0.02310865931212902,lstm-ae-v2-candidate
MTR,VIB_001,2026-03-02T06:05:00+00:00,1.015274954969617,1,DRIFT,1,test,0.02305258996784687,lstm-ae-v2-candidate
MTR,VIB_001,2026-03-02T06:06:00+00:00,0.9715531330614088,1,DRIFT,1,test,0.02794555202126503,lstm-ae-v2-candidate
MTR,VIB_001,2026-03-02T06:07:00+00:00,0.9995299650156632,1,DRIFT,1,test,0.027709554880857468,lstm-ae-v2-candidate
MTR,VIB_001,2026-03-02T06:08:00+00:00,0.9629028100511604,1,DRIFT,1,test,0.0307830311357975,lstm-ae-v2-candidate
MTR,VIB_001,2026-03-02T06:09:00+00:00,0.9783030139992182,1,DRIFT,1,test,0.030637923628091812,lstm-ae-v2-candidate
MTR,VIB_001,2026-03-02T06:10:00+00:00,0.9790992872704594,1,DRIFT,1,test,0.0303556676954031,lstm-ae-v2-candidate
MTR,VIB_001,2026-03-02T06:11:00+00:00,0.9581528422942162,1,DRIFT,1,test,0.02968759462237358,lstm-ae-v2-candidate
MTR,VIB_001,2026-03-02T06:12:00+00:00,0.9328854250266866,1,DRIFT,1,test,0.031267404556274414,lstm-ae-v2-candidate
MTR,VIB_001,2026-03-02T06:13:00+00:00,0.9325016999306132,1,DRIFT,1,test,0.03281738981604576,lstm-ae-v2-candidate
MTR,VIB_001,2026-03-02T06:14:00+00:00,0.95330870473812,1,DRIFT,1,test,0.03348838910460472,lstm-ae-v2-candidate
MTR,VIB_001,2026-03-02T06:15:00+00:00,0.9230932594779612,1,DRIFT,1,test,0.03542158380150795,lstm-ae-v2-candidate
MTR,VIB_001,2026-03-02T06:16:00+00:00,0.9060176627180414,1,DRIFT,1,test,0.03533472493290901,lstm-ae-v2-candidate
MTR,VIB_001,2026-03-02T06:17:00+00:00,0.8857311382208153,1,DRIFT,1,test,0.03918636962771416,lstm-ae-v2-candidate
MTR,VIB_001,2026-03-02T06:18:00+00:00,0.8475215668814802,1,DRIFT,1,test,0.050756681710481644,lstm-ae-v2-candidate
MTR,VIB_001,2026-03-02T06:19:00+00:00,0.8440592693985691,1,DRIFT,1,test,0.05708371847867966,lstm-ae-v2-candidate
MTR,VIB_001,2026-03-02T06:20:00+00:00,0.8216989025626803,1,DRIFT,1,test,0.06600109487771988,lstm-ae-v2-candidate
MTR,VIB_001,2026-03-02T06:21:00+00:00,0.787980225460051,1,DRIFT,1,test,0.0841822400689125,lstm-ae-v2-candidate
MTR,VIB_001,2026-03-02T06:22:00+00:00,0.8235283513423541,1,DRIFT,1,test,0.08195309340953827,lstm-ae-v2-candidate
MTR,VIB_001,2026-03-02T06:23:00+00:00,0.7952428967475175,1,DRIFT,1,test,0.09303876757621765,lstm-ae-v2-candidate
MTR,VIB_001,2026-03-02T06:24:00+00:00,0.7733984915519176,1,DRIFT,1,test,0.10797977447509766,lstm-ae-v2-candidate
MTR,VIB_001,2026-03-02T06:25:00+00:00,0.7524874787240554,1,DRIFT,1,test,0.12665583193302155,lstm-ae-v2-candidate
MTR,VIB_001,2026-03-02T06:26:00+00:00,0.7521380427566184,1,DRIFT,1,test,0.1325766146183014,lstm-ae-v2-candidate
MTR,VIB_001,2026-03-02T06:27:00+00:00,0.7498076213902108,1,DRIFT,1,test,0.13698239624500275,lstm-ae-v2-candidate
MTR,VIB_001,2026-03-02T06:28:00+00:00,0.7495202829153671,1,DRIFT,1,test,0.13582958281040192,lstm-ae-v2-candidate
MTR,VIB_001,2026-03-02T06:29:00+00:00,0.7263860134519049,1,DRIFT,1,test,0.1357927918434143,lstm-ae-v2-candidate
MTR,VIB_001,2026-03-02T06:30:00+00:00,0.9446595711641302,0,NORMAL,1,test,0.19613943994045258,lstm-ae-v2-candidate
MTR,VIB_001,2026-03-02T06:31:00+00:00,0.9208467019703148,0,NORMAL,1,test,0.25639477372169495,lstm-ae-v2-candidate
MTR,VIB_001,2026-03-02T06:32:00+00:00,0.95514055173267,0,NORMAL,1,test,0.3087044656276703,lstm-ae-v2-candidate
MTR,VIB_001,2026-03-02T06:33:00+00:00,0.9327505272759092,0,NORMAL,1,test,0.3120250999927521,lstm-ae-v2-candidate
MTR,VIB_001,2026-03-02T06:34:00+00:00,0.9378663519650884,0,NORMAL,1,test,0.2973456084728241,lstm-ae-v2-candidate
MTR,VIB_001,2026-03-02T06:35:00+00:00,0.9390422937369064,0,NORMAL,1,test,0.28320878744125366,lstm-ae-v2-candidate
MTR,VIB_001,2026-03-02T06:36:00+00:00,0.918285284753716,0,NORMAL,1,test,0.2751724123954773,lstm-ae-v2-candidate
MTR,VIB_001,2026-03-02T06:37:00+00:00,0.932940545878426,0,NORMAL,1,test,0.272989958524704,lstm-ae-v2-candidate
MTR,VIB_001,2026-03-02T06:38:00+00:00,0.9273539573900512,0,NORMAL,1,test,0.2846492826938629,lstm-ae-v2-candidate
MTR,VIB_001,2026-03-02T06:39:00+00:00,0.969414901486446,0,NORMAL,1,test,0.3131757080554962,lstm-ae-v2-candidate
MTR,VIB_001,2026-03-02T06:40:00+00:00,0.894424076080739,0,NORMAL,1,test,0.3376978635787964,lstm-ae-v2-candidate
MTR,VIB_001,2026-03-02T06:41:00+00:00,0.921829268529604,0,NORMAL,1,test,0.35326865315437317,lstm-ae-v2-candidate
MTR,VIB_001,2026-03-02T06:42:00+00:00,0.9580451625562196,0,NORMAL,1,test,0.357583224773407,lstm-ae-v2-candidate
MTR,VIB_001,2026-03-02T06:43:00+00:00,0.946968850914889,0,NORMAL,1,test,0.33114391565322876,lstm-ae-v2-candidate
MTR,VIB_001,2026-03-02T06:44:00+00:00,0.8930192651234263,0,NORMAL,1,test,0.29287853837013245,lstm-ae-v2-candidate
MTR,VIB_001,2026-03-02T06:45:00+00:00,0.942875764916292,0,NORMAL,1,test,0.25756627321243286,lstm-ae-v2-candidate
MTR,VIB_001,2026-03-02T06:46:00+00:00,0.9439603831214354,0,NORMAL,1,test,0.22623461484909058,lstm-ae-v2-candidate
MTR,VIB_001,2026-03-02T06:47:00+00:00,0.8983067373327394,0,NORMAL,1,test,0.2109796553850174,lstm-ae-v2-candidate
MTR,VIB_001,2026-03-02T06:48:00+00:00,0.855865310577465,0,NORMAL,1,test,0.22236809134483337,lstm-ae-v2-candidate
MTR,VIB_001,2026-03-02T06:49:00+00:00,0.8763784338244107,0,NORMAL,1,test,0.2243935763835907,lstm-ae-v2-candidate
MTR,VIB_001,2026-03-02T06:50:00+00:00,0.868449556955527,0,NORMAL,1,test,0.23282384872436523,lstm-ae-v2-candidate
MTR,VIB_001,2026-03-02T06:51:00+00:00,0.8776730196630766,0,NORMAL,1,test,0.24011902511119843,lstm-ae-v2-candidate
MTR,VIB_001,2026-03-02T06:52:00+00:00,0.8668069240227332,0,NORMAL,1,test,0.24739113450050354,lstm-ae-v2-candidate
MTR,VIB_001,2026-03-02T06:53:00+00:00,0.8485265037335811,0,NORMAL,1,test,0.2568383812904358,lstm-ae-v2-candidate
MTR,VIB_001,2026-03-02T06:54:00+00:00,0.8323519910442261,0,NORMAL,1,test,0.259893536567688,lstm-ae-v2-candidate
MTR,VIB_001,2026-03-02T06:55:00+00:00,0.890709457104259,0,NORMAL,1,test,0.2448224127292633,lstm-ae-v2-candidate
MTR,VIB_001,2026-03-02T06:56:00+00:00,0.8328985149002713,0,NORMAL,1,test,0.21956245601177216,lstm-ae-v2-candidate
MTR,VIB_001,2026-03-02T06:57:00+00:00,0.8113989895942259,0,NORMAL,1,test,0.18502086400985718,lstm-ae-v2-candidate
MTR,VIB_001,2026-03-02T06:58:00+00:00,0.8230771075718339,0,NORMAL,1,test,0.13272610306739807,lstm-ae-v2-candidate
MTR,VIB_001,2026-03-02T06:59:00+00:00,0.8218899075935568,0,NORMAL,0,test,0.033372681587934494,lstm-ae-v2-candidate
MTR,VIB_001,2026-03-02T07:00:00+00:00,0.8353628454051396,0,NORMAL,0,test,0.03575427457690239,lstm-ae-v2-candidate
MTR,VIB_001,2026-03-02T07:01:00+00:00,0.8027284930892494,0,NORMAL,0,test,0.033494677394628525,lstm-ae-v2-candidate
MTR,VIB_001,2026-03-02T07:02:00+00:00,0.8104343828819086,0,NORMAL,0,test,0.03423367440700531,lstm-ae-v2-candidate
MTR,VIB_001,2026-03-02T07:03:00+00:00,0.8133074664611163,0,NORMAL,0,test,0.03421732038259506,lstm-ae-v2-candidate
MTR,VIB_001,2026-03-02T07:04:00+00:00,0.8391065127071726,0,NORMAL,0,test,0.03719549626111984,lstm-ae-v2-candidate
MTR,VIB_001,2026-03-02T07:05:00+00:00,0.8012764407483228,0,NORMAL,0,test,0.03674013912677765,lstm-ae-v2-candidate
MTR,VIB_001,2026-03-02T07:06:00+00:00,0.8289749322491682,0,NORMAL,0,test,0.035581935197114944,lstm-ae-v2-candidate
MTR,VIB_001,2026-03-02T07:07:00+00:00,0.8433560743615656,0,NORMAL,0,test,0.03713739663362503,lstm-ae-v2-candidate
MTR,VIB_001,2026-03-02T07:08:00+00:00,0.7975403760148563,0,NORMAL,0,test,0.03624086081981659,lstm-ae-v2-candidate
MTR,VIB_001,2026-03-02T07:09:00+00:00,0.8273746141042184,0,NORMAL,0,test,0.0343388095498085,lstm-ae-v2-candidate
MTR,VIB_001,2026-03-02T07:10:00+00:00,0.8350893869896402,0,NORMAL,0,test,0.030960284173488617,lstm-ae-v2-candidate
MTR,VIB_001,2026-03-02T07:11:00+00:00,0.8310604792977363,0,NORMAL,0,test,0.031168749555945396,lstm-ae-v2-candidate
MTR,VIB_001,2026-03-02T07:12:00+00:00,0.79640961855912,0,NORMAL,0,test,0.03219366818666458,lstm-ae-v2-candidate
MTR,VIB_001,2026-03-02T07:13:00+00:00,0.8019021331035505,0,NORMAL,0,test,0.03179670497775078,lstm-ae-v2-candidate
MTR,VIB_001,2026-03-02T07:14:00+00:00,0.8039652712054899,0,NORMAL,0,test,0.032940786331892014,lstm-ae-v2-candidate
MTR,VIB_001,2026-03-02T07:15:00+00:00,0.8005539721943454,0,NORMAL,0,test,0.029398564249277115,lstm-ae-v2-candidate
MTR,VIB_001,2026-03-02T07:16:00+00:00,0.7799040060592695,0,NORMAL,0,test,0.022771576419472694,lstm-ae-v2-candidate
MTR,VIB_001,2026-03-02T07:17:00+00:00,0.7888115505517183,0,NORMAL,0,test,0.020824993029236794,lstm-ae-v2-candidate
MTR,VIB_001,2026-03-02T07:18:00+00:00,0.7897736252435609,0,NORMAL,0,test,0.02040991373360157,lstm-ae-v2-candidate
MTR,VIB_001,2026-03-02T07:19:00+00:00,0.7714520643288548,0,NORMAL,0,test,0.02056404948234558,lstm-ae-v2-candidate
MTR,VIB_001,2026-03-02T07:53:00+00:00,0.709510340493031,0,NORMAL,0,test,0.03065938875079155,lstm-ae-v2-candidate
MTR,VIB_001,2026-03-02T07:54:00+00:00,0.7140679239300162,0,NORMAL,0,test,0.028636347502470016,lstm-ae-v2-candidate
MTR,VIB_001,2026-03-02T07:55:00+00:00,0.7332939657390234,0,NORMAL,0,test,0.027874566614627838,lstm-ae-v2-candidate
MTR,VIB_001,2026-03-02T07:56:00+00:00,0.7469915431686468,0,NORMAL,0,test,0.030080441385507584,lstm-ae-v2-candidate
MTR,VIB_001,2026-03-02T07:57:00+00:00,0.7093078073597345,0,NORMAL,0,test,0.030663128942251205,lstm-ae-v2-candidate
MTR,VIB_001,2026-03-02T07:58:00+00:00,0.6920881978334811,0,NORMAL,0,test,0.02992880716919899,lstm-ae-v2-candidate
MTR,VIB_001,2026-03-02T07:59:00+00:00,0.696452363505476,0,NORMAL,0,test,0.030730320140719414,lstm-ae-v2-candidate
MTR,VIB_001,2026-03-02T08:00:00+00:00,0.710126253593019,0,NORMAL,0,test,0.027772080153226852,lstm-ae-v2-candidate
MTR,VIB_001,2026-03-02T08:01:00+00:00,0.6619104697683211,0,NORMAL,0,test,0.02995135262608528,lstm-ae-v2-candidate
MTR,VIB_001,2026-03-02T08:02:00+00:00,0.7102781071250861,0,NORMAL,0,test,0.029357779771089554,lstm-ae-v2-candidate
MTR,VIB_001,2026-03-02T08:03:00+00:00,0.6864964648798537,0,NORMAL,0,test,0.026364557445049286,lstm-ae-v2-candidate
MTR,VIB_001,2026-03-02T08:04:00+00:00,0.6650737945433752,0,NORMAL,0,test,0.028668463230133057,lstm-ae-v2-candidate
MTR,VIB_001,2026-03-02T08:05:00+00:00,0.6714133360136721,0,NORMAL,0,test,0.030257010832428932,lstm-ae-v2-candidate
MTR,VIB_001,2026-03-02T08:06:00+00:00,0.6918567701832603,0,NORMAL,0,test,0.02647942677140236,lstm-ae-v2-candidate
MTR,VIB_001,2026-03-02T08:07:00+00:00,0.6549186589359793,0,NORMAL,0,test,0.027982376515865326,lstm-ae-v2-candidate
MTR,VIB_001,2026-03-02T08:08:00+00:00,0.669911422370942,0,NORMAL,0,test,0.02813350036740303,lstm-ae-v2-candidate
MTR,VIB_001,2026-03-02T08:09:00+00:00,0.6676416499306023,0,NORMAL,0,test,0.02654835395514965,lstm-ae-v2-candidate
MTR,VIB_001,2026-03-02T08:10:00+00:00,0.6794913929742327,0,NORMAL,0,test,0.020562855526804924,lstm-ae-v2-candidate
MTR,VIB_001,2026-03-02T08:11:00+00:00,0.6678061277972684,0,NORMAL,0,test,0.019798772409558296,lstm-ae-v2-candidate
MTR,VIB_001,2026-03-02T08:12:00+00:00,0.6765559712403937,0,NORMAL,0,test,0.018879126757383347,lstm-ae-v2-candidate
MTR,VIB_001,2026-03-02T08:13:00+00:00,0.6955833938160726,0,NORMAL,0,test,0.017239529639482498,lstm-ae-v2-candidate
MTR,VIB_001,2026-03-02T08:14:00+00:00,0.6973183438231477,0,NORMAL,0,test,0.018050385639071465,lstm-ae-v2-candidate
MTR,VIB_001,2026-03-02T08:15:00+00:00,0.7192598996162061,0,NORMAL,0,test,0.021428022533655167,lstm-ae-v2-candidate
MTR,VIB_001,2026-03-02T08:16:00+00:00,0.6958478427696595,0,NORMAL,0,test,0.020384471863508224,lstm-ae-v2-candidate
MTR,VIB_001,2026-03-02T08:17:00+00:00,0.7034744000879364,0,NORMAL,0,test,0.020841989666223526,lstm-ae-v2-candidate
MTR,VIB_001,2026-03-02T08:18:00+00:00,0.664068160887736,0,NORMAL,0,test,0.02237362042069435,lstm-ae-v2-candidate
MTR,VIB_001,2026-03-02T08:19:00+00:00,0.6968009920413948,0,NORMAL,0,test,0.023386001586914062,lstm-ae-v2-candidate
MTR,VIB_001,2026-03-02T08:20:00+00:00,0.6968009920413948,1,STUCK_VALUE,1,test,0.023865770548582077,lstm-ae-v2-candidate
MTR,VIB_001,2026-03-02T08:21:00+00:00,0.6968009920413948,1,STUCK_VALUE,1,test,0.023929830640554428,lstm-ae-v2-candidate
MTR,VIB_001,2026-03-02T08:22:00+00:00,0.6968009920413948,1,STUCK_VALUE,1,test,0.024281656369566917,lstm-ae-v2-candidate
MTR,VIB_001,2026-03-02T08:23:00+00:00,0.6968009920413948,1,STUCK_VALUE,1,test,0.02473393827676773,lstm-ae-v2-candidate
MTR,VIB_001,2026-03-02T08:24:00+00:00,0.6968009920413948,1,STUCK_VALUE,1,test,0.02496042288839817,lstm-ae-v2-candidate
MTR,VIB_001,2026-03-02T08:25:00+00:00,0.6968009920413948,1,STUCK_VALUE,1,test,0.022475434467196465,lstm-ae-v2-candidate
MTR,VIB_001,2026-03-02T08:26:00+00:00,0.6968009920413948,1,STUCK_VALUE,1,test,0.01573888212442398,lstm-ae-v2-candidate
MTR,VIB_001,2026-03-02T08:27:00+00:00,0.6968009920413948,1,STUCK_VALUE,1,test,0.014873071573674679,lstm-ae-v2-candidate
MTR,VIB_001,2026-03-02T08:28:00+00:00,0.6968009920413948,1,STUCK_VALUE,1,test,0.014873948879539967,lstm-ae-v2-candidate
MTR,VIB_001,2026-03-02T08:29:00+00:00,0.6968009920413948,1,STUCK_VALUE,1,test,0.014527294784784317,lstm-ae-v2-candidate
MTR,VIB_001,2026-03-02T08:30:00+00:00,0.6968009920413948,1,STUCK_VALUE,1,test,0.01377124898135662,lstm-ae-v2-candidate
MTR,VIB_001,2026-03-02T08:31:00+00:00,0.6968009920413948,1,STUCK_VALUE,1,test,0.012581306509673595,lstm-ae-v2-candidate
MTR,VIB_001,2026-03-02T08:32:00+00:00,0.6968009920413948,1,STUCK_VALUE,1,test,0.011296603828668594,lstm-ae-v2-candidate
MTR,VIB_001,2026-03-02T08:33:00+00:00,0.6968009920413948,1,STUCK_VALUE,1,test,0.011984487995505333,lstm-ae-v2-candidate
MTR,VIB_001,2026-03-02T08:34:00+00:00,0.6968009920413948,1,STUCK_VALUE,1,test,0.011601653881371021,lstm-ae-v2-candidate
MTR,VIB_001,2026-03-02T08:35:00+00:00,0.6968009920413948,1,STUCK_VALUE,1,test,0.011163088493049145,lstm-ae-v2-candidate
MTR,VIB_001,2026-03-02T08:36:00+00:00,0.6968009920413948,1,STUCK_VALUE,1,test,0.011749555356800556,lstm-ae-v2-candidate
MTR,VIB_001,2026-03-02T08:37:00+00:00,0.6968009920413948,1,STUCK_VALUE,1,test,0.009425087831914425,lstm-ae-v2-candidate
MTR,VIB_001,2026-03-02T08:38:00+00:00,0.6968009920413948,1,STUCK_VALUE,1,test,0.00867229513823986,lstm-ae-v2-candidate
MTR,VIB_001,2026-03-02T08:39:00+00:00,0.6968009920413948,1,STUCK_VALUE,1,test,0.007266625761985779,lstm-ae-v2-candidate
MTR,VIB_001,2026-03-02T08:40:00+00:00,0.6968009920413948,1,STUCK_VALUE,1,test,0.006862066686153412,lstm-ae-v2-candidate
MTR,VIB_001,2026-03-02T08:41:00+00:00,0.6968009920413948,1,STUCK_VALUE,1,test,0.004996391944587231,lstm-ae-v2-candidate
MTR,VIB_001,2026-03-02T08:42:00+00:00,0.6968009920413948,1,STUCK_VALUE,1,test,0.0038506805431097746,lstm-ae-v2-candidate
MTR,VIB_001,2026-03-02T08:43:00+00:00,0.6968009920413948,1,STUCK_VALUE,1,test,0.003867592429742217,lstm-ae-v2-candidate
MTR,VIB_001,2026-03-02T08:44:00+00:00,0.7525388656866816,0,NORMAL,1,test,0.008918391540646553,lstm-ae-v2-candidate
MTR,VIB_001,2026-03-02T08:45:00+00:00,0.7521715149735337,0,NORMAL,1,test,0.010890984907746315,lstm-ae-v2-candidate
MTR,VIB_001,2026-03-02T08:46:00+00:00,0.7570536389638888,0,NORMAL,1,test,0.013080528005957603,lstm-ae-v2-candidate
MTR,VIB_001,2026-03-02T08:47:00+00:00,0.7709589695324722,0,NORMAL,1,test,0.01647571288049221,lstm-ae-v2-candidate
MTR,VIB_001,2026-03-02T08:48:00+00:00,0.7617307388099854,0,NORMAL,1,test,0.01570490002632141,lstm-ae-v2-candidate
MTR,VIB_001,2026-03-02T08:49:00+00:00,0.7850655100346556,0,NORMAL,1,test,0.018741505220532417,lstm-ae-v2-candidate
MTR,VIB_001,2026-03-02T08:50:00+00:00,0.7992607165889205,0,NORMAL,1,test,0.0222941841930151,lstm-ae-v2-candidate
MTR,VIB_001,2026-03-02T08:51:00+00:00,0.7671786706075749,0,NORMAL,1,test,0.022218473255634308,lstm-ae-v2-candidate
MTR,VIB_001,2026-03-02T08:52:00+00:00,0.7943283877730841,0,NORMAL,1,test,0.022074464708566666,lstm-ae-v2-candidate
MTR,VIB_001,2026-03-02T08:53:00+00:00,0.8105477084759625,0,NORMAL,1,test,0.022069068625569344,lstm-ae-v2-candidate
MTR,VIB_001,2026-03-02T08:54:00+00:00,0.8001250173235029,0,NORMAL,1,test,0.020772604271769524,lstm-ae-v2-candidate
MTR,VIB_001,2026-03-02T08:55:00+00:00,0.786936036386581,0,NORMAL,1,test,0.019844956696033478,lstm-ae-v2-candidate
MTR,VIB_001,2026-03-02T08:56:00+00:00,0.794889352685629,0,NORMAL,1,test,0.018455294892191887,lstm-ae-v2-candidate
MTR,VIB_001,2026-03-02T08:57:00+00:00,0.8076719921845397,0,NORMAL,1,test,0.01682310178875923,lstm-ae-v2-candidate
MTR,VIB_001,2026-03-02T08:58:00+00:00,0.7927207635929562,0,NORMAL,1,test,0.01683163270354271,lstm-ae-v2-candidate
MTR,VIB_001,2026-03-02T08:59:00+00:00,0.7611537031419707,0,NORMAL,1,test,0.02307014912366867,lstm-ae-v2-candidate
MTR,VIB_001,2026-03-02T09:00:00+00:00,0.7348896348420049,0,NORMAL,1,test,0.03571132943034172,lstm-ae-v2-candidate
MTR,VIB_001,2026-03-02T09:01:00+00:00,0.7680121437267119,0,NORMAL,1,test,0.03828447684645653,lstm-ae-v2-candidate
MTR,VIB_001,2026-03-02T09:02:00+00:00,0.7454935433835337,0,NORMAL,1,test,0.04485839232802391,lstm-ae-v2-candidate
MTR,VIB_001,2026-03-02T09:03:00+00:00,0.7307117053828673,0,NORMAL,1,test,0.05359184369444847,lstm-ae-v2-candidate
MTR,VIB_001,2026-03-02T09:04:00+00:00,0.7182380089953033,0,NORMAL,1,test,0.06441653519868851,lstm-ae-v2-candidate
MTR,VIB_001,2026-03-02T09:05:00+00:00,0.769025551239219,0,NORMAL,1,test,0.06768719106912613,lstm-ae-v2-candidate
MTR,VIB_001,2026-03-02T09:06:00+00:00,0.7338988953450263,0,NORMAL,1,test,0.07347820699214935,lstm-ae-v2-candidate
MTR,VIB_001,2026-03-02T09:07:00+00:00,0.7618344213500353,0,NORMAL,1,test,0.07580532878637314,lstm-ae-v2-candidate
MTR,VIB_001,2026-03-02T09:08:00+00:00,0.7216367670072095,0,NORMAL,1,test,0.07970283180475235,lstm-ae-v2-candidate
MTR,VIB_001,2026-03-02T09:09:00+00:00,0.7648912904441523,0,NORMAL,1,test,0.07701963931322098,lstm-ae-v2-candidate
MTR,VIB_001,2026-03-02T09:10:00+00:00,0.7741097192574965,0,NORMAL,1,test,0.07091069966554642,lstm-ae-v2-candidate
MTR,VIB_001,2026-03-02T09:11:00+00:00,0.7083160076247592,0,NORMAL,1,test,0.06676440685987473,lstm-ae-v2-candidate
MTR,VIB_001,2026-03-02T09:12:00+00:00,0.7158056391972526,0,NORMAL,1,test,0.05584515258669853,lstm-ae-v2-candidate
MTR,VIB_001,2026-03-02T09:13:00+00:00,0.7322711883703088,0,NORMAL,0,test,0.03969128802418709,lstm-ae-v2-candidate
MTR,VIB_001,2026-03-02T09:14:00+00:00,0.7223957908907064,0,NORMAL,0,test,0.037035439163446426,lstm-ae-v2-candidate
MTR,VIB_001,2026-03-02T09:15:00+00:00,0.7716483515509975,0,NORMAL,0,test,0.03796779736876488,lstm-ae-v2-candidate
MTR,VIB_001,2026-03-02T09:16:00+00:00,0.7580877134077179,0,NORMAL,0,test,0.035910919308662415,lstm-ae-v2-candidate
MTR,VIB_001,2026-03-02T09:17:00+00:00,0.784691713737039,0,NORMAL,0,test,0.03885559365153313,lstm-ae-v2-candidate
MTR,VIB_001,2026-03-02T09:18:00+00:00,0.7986930620552405,0,NORMAL,0,test,0.04287043586373329,lstm-ae-v2-candidate
MTR,VIB_001,2026-03-02T09:19:00+00:00,0.833566184565963,0,NORMAL,0,test,0.059391219168901443,lstm-ae-v2-candidate
