station_id,sensor_id,timestamp,value,unit,quality,source,anomaly_type,is_anomaly
BRT,BRT_HUM_001,2026-03-01T00:00:00+00:00,59.937499833388806,%,GOOD,SYNTHETIC_ML_DATASET,NORMAL,0
BRT,BRT_POWER_001,2026-03-01T00:00:00+00:00,41.904257907852056,kW,GOOD,SYNTHETIC_ML_DATASET,NORMAL,0
BRT,BRT_PRESS_001,2026-03-01T00:00:00+00:00,985.0056348928357,hPa,GOOD,SYNTHETIC_ML_DATASET,NORMAL,0
BRT,BRT_TEMP_001,2026-03-01T00:00:00+00:00,-10.047454852884618,C,GOOD,SYNTHETIC_ML_DATASET,NORMAL,0
BRT,BRT_VIB_001,2026-03-01T00:00:00+00:00,0.7551797286004674,mm/s,GOOD,SYNTHETIC_ML_DATASET,NORMAL,0
BRT,BRT_HUM_001,2026-03-01T00:01:00+00:00,59.87455587420955,%,GOOD,SYNTHETIC_ML_DATASET,NORMAL,0
BRT,BRT_POWER_001,2026-03-01T00:01:00+00:00,41.67748098291765,kW,GOOD,SYNTHETIC_ML_DATASET,NORMAL,0
BRT,BRT_PRESS_001,2026-03-01T00:01:00+00:00,984.9026337743063,hPa,GOOD,SYNTHETIC_ML_DATASET,NORMAL,0
BRT,BRT_TEMP_001,2026-03-01T00:01:00+00:00,-10.090985541974254,C,GOOD,SYNTHETIC_ML_DATASET,NORMAL,0
BRT,BRT_VIB_001,2026-03-01T00:01:00+00:00,0.7385385219400801,mm/s,GOOD,SYNTHETIC_ML_DATASET,NORMAL,0
BRT,BRT_HUM_001,2026-03-01T00:02:00+00:00,60.02107180743909,%,GOOD,SYNTHETIC_ML_DATASET,NORMAL,0
BRT,BRT_POWER_001,2026-03-01T00:02:00+00:00,41.38720249097029,kW,GOOD,SYNTHETIC_ML_DATASET,NORMAL,0
BRT,BRT_PRESS_001,2026-03-01T00:02:00+00:00,985.0521330212811,hPa,GOOD,SYNTHETIC_ML_DATASET,NORMAL,0
BRT,BRT_TEMP_001,2026-03-01T00:02:00+00:00,-9.82401207545465,C,GOOD,SYNTHETIC_ML_DATASET,NORMAL,0
BRT,BRT_VIB_001,2026-03-01T00:02:00+00:00,0.7748328236446212,mm/s,GOOD,SYNTHETIC_ML_DATASET,NORMAL,0
BRT,BRT_HUM_001,2026-03-01T00:03:00+00:00,60.031908066922995,%,GOOD,SYNTHETIC_ML_DATASET,NORMAL,0
BRT,BRT_POWER_001,2026-03-01T00:03:00+00:00,41.93796246031526,kW,GOOD,SYNTHETIC_ML_DATASET,NORMAL,0
BRT,BRT_PRESS_001,2026-03-01T00:03:00+00:00,985.0506224034367,hPa,GOOD,SYNTHETIC_ML_DATASET,NORMAL,0
BRT,BRT_TEMP_001,2026-03-01T00:03:00+00:00,-9.677675377080922,C,GOOD,SYNTHETIC_ML_DATASET,NORMAL,0
BRT,BRT_VIB_001,2026-03-01T00:03:00+00:00,0.7640042343506582,mm/s,GOOD,SYNTHETIC_ML_DATASET,NORMAL,0
BRT,BRT_HUM_001,2026-03-01T00:04:00+00:00,60.12096438790946,%,GOOD,SYNTHETIC_ML_DATASET,NORMAL,0
BRT,BRT_POWER_001,2026-03-01T00:04:00+00:00,42.41527895261037,kW,GOOD,SYNTHETIC_ML_DATASET,NORMAL,0
BRT,BRT_PRESS_001,2026-03-01T00:04:00+00:00,985.0023143283842,hPa,GOOD,SYNTHETIC_ML_DATASET,NORMAL,0
BRT,BRT_TEMP_001,2026-03-01T00:04:00+00:00,-9.96160066644428,C,GOOD,SYNTHETIC_ML_DATASET,NORMAL,0
BRT,BRT_VIB_001,2026-03-01T00:04:00+00:00,0.7844130416112723,mm/s,GOOD,SYNTHETIC_ML_DATASET,NORMAL,0
BRT,BRT_HUM_001,2026-03-01T00:05:00+00:00,60.06969185602238,%,GOOD,SYNTHETIC_ML_DATASET,NORMAL,0
BRT,BRT_POWER_001,2026-03-01T00:05:00+00:00,41.82869360254519,kW,GOOD,SYNTHETIC_ML_DATASET,NORMAL,0
BRT,BRT_PRESS_001,2026-03-01T00:05:00+00:00,985.2388369841267,hPa,GOOD,SYNTHETIC_ML_DATASET,NORMAL,0
BRT,BRT_TEMP_001,2026-03-01T00:05:00+00:00,-9.736251868381489,C,GOOD,SYNTHETIC_ML_DATASET,NORMAL,0
BRT,BRT_VIB_001,2026-03-01T00:05:00+00:00,0.7882697757348396,mm/s,GOOD,SYNTHETIC_ML_DATASET,NORMAL,0
BRT,BRT_HUM_001,2026-03-01T00:06:00+00:00,59.58466056676027,%,GOOD,SYNTHETIC_ML_DATASET,NORMAL,0
BRT,BRT_POWER_001,2026-03-01T00:06:00+00:00,42.4061747284186,kW,GOOD,SYNTHETIC_ML_DATASET,NORMAL,0
BRT,BRT_PRESS_001,2026-03-01T00:06:00+00:00,985.2249672557875,hPa,GOOD,SYNTHETIC_ML_DATASET,NORMAL,0
BRT,BRT_TEMP_001,2026-03-01T00:06:00+00:00,-9.764482101451176,C,GOOD,SYNTHETIC_ML_DATASET,NORMAL,0
BRT,BRT_VIB_001,2026-03-01T00:06:00+00:00,0.8260804195308667,mm/s,GOOD,SYNTHETIC_ML_DATASET,NORMAL,0
BRT,BRT_HUM_001,2026-03-01T00:07:00+00:00,61.02414492114363,%,GOOD,SYNTHETIC_ML_DATASET,NORMAL,0
BRT,BRT_POWER_001,2026-03-01T00:07:00+00:00,42.17498065999198,kW,GOOD,SYNTHETIC_ML_DATASET,NORMAL,0
BRT,BRT_PRESS_001,2026-03-01T00:07:00+00:00,985.3575195954301,hPa,GOOD,SYNTHETIC_ML_DATASET,NORMAL,0
BRT,BRT_TEMP_001,2026-03-01T00:07:00+00:00,-9.814701605294896,C,GOOD,SYNTHETIC_ML_DATASET,NORMAL,0
BRT,BRT_VIB_001,2026-03-01T00:07:00+00:00,0.7987925473477043,mm/s,GOOD,SYNTHETIC_ML_DATASET,NORMAL,0
BRT,BRT_HUM_001,2026-03-01T00:08:00+00:00,61.118063741402366,%,GOOD,SYNTHETIC_ML_DATASET,NORMAL,0
BRT,BRT_POWER_001,2026-03-01T00:08:00+00:00,43.1342173595587,kW,GOOD,SYNTHETIC_ML_DATASET,NORMAL,0
BRT,BRT_PRESS_001,2026-03-01T00:08:00+00:00,985.4564051728681,hPa,GOOD,SYNTHETIC_ML_DATASET,NORMAL,0
BRT,BRT_TEMP_001,2026-03-01T00:08:00+00:00,-9.487944301447218,C,GOOD,SYNTHETIC_ML_DATASET,NORMAL,0
BRT,BRT_VIB_001,2026-03-01T00:08:00+00:00,0.799217444206633,mm/s,GOOD,SYNTHETIC_ML_DATASET,NORMAL,0
BRT,BRT_HUM_001,2026-03-01T00:09:00+00:00,61.116492145061834,%,GOOD,SYNTHETIC_ML_DATASET,NORMAL,0
BRT,BRT_POWER_001,2026-03-01T00:09:00+00:00,42.65342860313395,kW,GOOD,SYNTHETIC_ML_DATASET,NORMAL,0
BRT,BRT_PRESS_001,2026-03-01T00:09:00+00:00,985.3926710926659,hPa,GOOD,SYNTHETIC_ML_DATASET,NORMAL,0
BRT,BRT_TEMP_001,2026-03-01T00:09:00+00:00,-9.540905294753797,C,GOOD,SYNTHETIC_ML_DATASET,NORMAL,0
BRT,BRT_VIB_001,2026-03-01T00:09:00+00:00,0.8210745641791971,mm/s,GOOD,SYNTHETIC_ML_DATASET,NORMAL,0
BRT,BRT_HUM_001,2026-03-01T00:10:00+00:00,60.285333076076924,%,GOOD,SYNTHETIC_ML_DATASET,NORMAL,0
BRT,BRT_POWER_001,2026-03-01T00:10:00+00:00,43.01209752437155,kW,GOOD,SYNTHETIC_ML_DATASET,NORMAL,0
BRT,BRT_PRESS_001,2026-03-01T00:10:00+00:00,985.6812418868407,hPa,GOOD,SYNTHETIC_ML_DATASET,NORMAL,0
BRT,BRT_TEMP_001,2026-03-01T00:10:00+00:00,-9.567807170465413,C,GOOD,SYNTHETIC_ML_DATASET,NORMAL,0
BRT,BRT_VIB_001,2026-03-01T00:10:00+00:00,0.787785420681033,mm/s,GOOD,SYNTHETIC_ML_DATASET,NORMAL,0
BRT,BRT_HUM_001,2026-03-01T00:11:00+00:00,61.141792563417184,%,GOOD,SYNTHETIC_ML_DATASET,NORMAL,0
BRT,BRT_POWER_001,2026-03-01T00:11:00+00:00,43.04202883303899,kW,GOOD,SYNTHETIC_ML_DATASET,NORMAL,0
BRT,BRT_PRESS_001,2026-03-01T00:11:00+00:00,985.6700363650409,hPa,GOOD,SYNTHETIC_ML_DATASET,NORMAL,0
BRT,BRT_TEMP_001,2026-03-01T00:11:00+00:00,-9.091576007022,C,GOOD,SYNTHETIC_ML_DATASET,NORMAL,0
BRT,BRT_VIB_001,2026-03-01T00:11:00+00:00,0.7860815144049699,mm/s,GOOD,SYNTHETIC_ML_DATASET,NORMAL,0
BRT,BRT_HUM_001,2026-03-01T00:12:00+00:00,61.310840658875144,%,GOOD,SYNTHETIC_ML_DATASET,NORMAL,0
BRT,BRT_POWER_001,2026-03-01T00:12:00+00:00,43.435138787154926,kW,GOOD,SYNTHETIC_ML_DATASET,NORMAL,0
BRT,BRT_PRESS_001,2026-03-01T00:12:00+00:00,985.8520223997887,hPa,GOOD,SYNTHETIC_ML_DATASET,NORMAL,0
BRT,BRT_TEMP_001,2026-03-01T00:12:00+00:00,-9.12335098182232,C,GOOD,SYNTHETIC_ML_DATASET,NORMAL,0
BRT,BRT_VIB_001,2026-03-01T00:12:00+00:00,0.7870104484284901,mm/s,GOOD,SYNTHETIC_ML_DATASET,NORMAL,0
BRT,BRT_HUM_001,2026-03-01T00:13:00+00:00,61.81001837004474,%,GOOD,SYNTHETIC_ML_DATASET,NORMAL,0
BRT,BRT_POWER_001,2026-03-01T00:13:00+00:00,43.12183178508932,kW,GOOD,SYNTHETIC_ML_DATASET,NORMAL,0
BRT,BRT_PRESS_001,2026-03-01T00:13:00+00:00,985.7492258543375,hPa,GOOD,SYNTHETIC_ML_DATASET,NORMAL,0
BRT,BRT_TEMP_001,2026-03-01T00:13:00+00:00,-9.009546552005359,C,GOOD,SYNTHETIC_ML_DATASET,NORMAL,0
BRT,BRT_VIB_001,2026-03-01T00:13:00+00:00,0.7869895101019748,mm/s,GOOD,SYNTHETIC_ML_DATASET,NORMAL,0
BRT,BRT_HUM_001,2026-03-01T00:14:00+00:00,62.341651178435725,%,GOOD,SYNTHETIC_ML_DATASET,NORMAL,0
BRT,BRT_POWER_001,2026-03-01T00:14:00+00:00,43.34119323145049,kW,GOOD,SYNTHETIC_ML_DATASET,NORMAL,0
BRT,BRT_PRESS_001,2026-03-01T00:14:00+00:00,985.8021305244832,hPa,GOOD,SYNTHETIC_ML_DATASET,NORMAL,0
BRT,BRT_TEMP_001,2026-03-01T00:14:00+00:00,-8.725246437070348,C,GOOD,SYNTHETIC_ML_DATASET,NORMAL,0
BRT,BRT_VIB_001,2026-03-01T00:14:00+00:00,0.8008826098673837,mm/s,GOOD,SYNTHETIC_ML_DATASET,NORMAL,0
BRT,BRT_HUM_001,2026-03-01T00:15:00+00:00,62.35932813648882,%,GOOD,SYNTHETIC_ML_DATASET,NORMAL,0
BRT,BRT_POWER_001,2026-03-01T00:15:00+00:00,43.21008923613598,kW,GOOD,SYNTHETIC_ML_DATASET,NORMAL,0
BRT,BRT_PRESS_001,2026-03-01T00:15:00+00:00,986.0342709991296,hPa,GOOD,SYNTHETIC_ML_DATASET,NORMAL,0
BRT,BRT_TEMP_001,2026-03-01T00:15:00+00:00,-8.886185024227302,C,GOOD,SYNTHETIC_ML_DATASET,NORMAL,0
BRT,BRT_VIB_001,2026-03-01T00:15:00+00:00,0.8252536955741663,mm/s,GOOD,SYNTHETIC_ML_DATASET,NORMAL,0
BRT,BRT_HUM_001,2026-03-01T00:16:00+00:00,62.44962061855779,%,GOOD,SYNTHETIC_ML_DATASET,NORMAL,0
BRT,BRT_POWER_001,2026-03-01T00:16:00+00:00,43.59919936494716,kW,GOOD,SYNTHETIC_ML_DATASET,NORMAL,0
BRT,BRT_PRESS_001,2026-03-01T00:16:00+00:00,985.852370929988,hPa,GOOD,SYNTHETIC_ML_DATASET,NORMAL,0
BRT,BRT_TEMP_001,2026-03-01T00:16:00+00:00,-8.797887451704494,C,GOOD,SYNTHETIC_ML_DATASET,NORMAL,0
BRT,BRT_VIB_001,2026-03-01T00:16:00+00:00,0.8449948239875559,mm/s,GOOD,SYNTHETIC_ML_DATASET,NORMAL,0
BRT,BRT_HUM_001,2026-03-01T00:17:00+00:00,62.86145059312599,%,GOOD,SYNTHETIC_ML_DATASET,NORMAL,0
BRT,BRT_POWER_001,2026-03-01T00:17:00+00:00,43.377691862161285,kW,GOOD,SYNTHETIC_ML_DATASET,NORMAL,0
BRT,BRT_PRESS_001,2026-03-01T00:17:00+00:00,985.8278947267415,hPa,GOOD,SYNTHETIC_ML_DATASET,NORMAL,0
BRT,BRT_TEMP_001,2026-03-01T00:17:00+00:00,-8.883030445967988,C,GOOD,SYNTHETIC_ML_DATASET,NORMAL,0
BRT,BRT_VIB_001,2026-03-01T00:17:00+00:00,0.8404345013892528,mm/s,GOOD,SYNTHETIC_ML_DATASET,NORMAL,0
BRT,BRT_HUM_001,2026-03-01T00:18:00+00:00,62.76975914908566,%,GOOD,SYNTHETIC_ML_DATASET,NORMAL,0
BRT,BRT_POWER_001,2026-03-01T00:18:00+00:00,43.86409396476098,kW,GOOD,SYNTHETIC_ML_DATASET,NORMAL,0
BRT,BRT_PRESS_001,2026-03-01T00:18:00+00:00,985.9107925157122,hPa,GOOD,SYNTHETIC_ML_DATASET,NORMAL,0
BRT,BRT_TEMP_001,2026-03-01T00:18:00+00:00,-8.5953453493843,C,GOOD,SYNTHETIC_ML_DATASET,NORMAL,0
BRT,BRT_VIB_001,2026-03-01T00:18:00+00:00,0.8333265319152903,mm/s,GOOD,SYNTHETIC_ML_DATASET,NORMAL,0
BRT,BRT_HUM_001,2026-03-01T00:19:00+00:00,63.08855497687348,%,GOOD,SYNTHETIC_ML_DATASET,NORMAL,0
BRT,BRT_POWER_001,2026-03-01T00:19:00+00:00,44.079990565052476,kW,GOOD,SYNTHETIC_ML_DATASET,NORMAL,0
BRT,BRT_PRESS_001,2026-03-01T00:19:00+00:00,986.008284726641,hPa,GOOD,SYNTHETIC_ML_DATASET,NORMAL,0
BRT,BRT_TEMP_001,2026-03-01T00:19:00+00:00,-8.54106015798795,C,GOOD,SYNTHETIC_ML_DATASET,NORMAL,0
BRT,BRT_VIB_001,2026-03-01T00:19:00+00:00,0.8326888412608832,mm/s,GOOD,SYNTHETIC_ML_DATASET,NORMAL,0
BRT,BRT_HUM_001,2026-03-01T00:20:00+00:00,63.55438950830507,%,GOOD,SYNTHETIC_ML_DATASET,NORMAL,0
BRT,BRT_POWER_001,2026-03-01T00:20:00+00:00,44.38506054349544,kW,GOOD,SYNTHETIC_ML_DATASET,NORMAL,0
BRT,BRT_PRESS_001,2026-03-01T00:20:00+00:00,985.805582441321,hPa,GOOD,SYNTHETIC_ML_DATASET,NORMAL,0
BRT,BRT_TEMP_001,2026-03-01T00:20:00+00:00,-8.537292685433343,C,GOOD,SYNTHETIC_ML_DATASET,NORMAL,0
BRT,BRT_VIB_001,2026-03-01T00:20:00+00:00,0.8386803634238049,mm/s,GOOD,SYNTHETIC_ML_DATASET,NORMAL,0
BRT,BRT_HUM_001,2026-03-01T00:21:00+00:00,63.28361995648194,%,GOOD,SYNTHETIC_ML_DATASET,NORMAL,0
BRT,BRT_POWER_001,2026-03-01T00:21:00+00:00,44.22292479851027,kW,GOOD,SYNTHETIC_ML_DATASET,NORMAL,0
BRT,BRT_PRESS_001,2026-03-01T00:21:00+00:00,985.9852316103038,hPa,GOOD,SYNTHETIC_ML_DATASET,NORMAL,0
BRT,BRT_TEMP_001,2026-03-01T00:21:00+00:00,-8.615822321420888,C,GOOD,SYNTHETIC_ML_DATASET,NORMAL,0
BRT,BRT_VIB_001,2026-03-01T00:21:00+00:00,0.8165504997780665,mm/s,GOOD,SYNTHETIC_ML_DATASET,NORMAL,0
BRT,BRT_HUM_001,2026-03-01T00:22:00+00:00,63.35283190749318,%,GOOD,SYNTHETIC_ML_DATASET,NORMAL,0
BRT,BRT_POWER_001,2026-03-01T00:22:00+00:00,44.5530901509869,kW,GOOD,SYNTHETIC_ML_DATASET,NORMAL,0
BRT,BRT_PRESS_001,2026-03-01T00:22:00+00:00,986.1033706329272,hPa,GOOD,SYNTHETIC_ML_DATASET,NORMAL,0
BRT,BRT_TEMP_001,2026-03-01T00:22:00+00:00,-8.332555657324995,C,GOOD,SYNTHETIC_ML_DATASET,NORMAL,0
BRT,BRT_VIB_001,2026-03-01T00:22:00+00:00,0.8320529581458151,mm/s,GOOD,SYNTHETIC_ML_DATASET,NORMAL,0
BRT,BRT_HUM_001,2026-03-01T00:23:00+00:00,64.2049392337956,%,GOOD,SYNTHETIC_ML_DATASET,NORMAL,0
BRT,BRT_POWER_001,2026-03-01T00:23:00+00:00,45.28676627862351,kW,GOOD,SYNTHETIC_ML_DATASET,NORMAL,0
BRT,BRT_PRESS_001,2026-03-01T00:23:00+00:00,986.1404538489621,hPa,GOOD,SYNTHETIC_ML_DATASET,NORMAL,0
BRT,BRT_TEMP_001,2026-03-01T00:23:00+00:00,-8.302546242298664,C,GOOD,SYNTHETIC_ML_DATASET,NORMAL,0
BRT,BRT_VIB_001,2026-03-01T00:23:00+00:00,0.8430094178365196,mm/s,GOOD,SYNTHETIC_ML_DATASET,NORMAL,0
BRT,BRT_HUM_001,2026-03-01T00:24:00+00:00,64.52872934621735,%,GOOD,SYNTHETIC_ML_DATASET,NORMAL,0
BRT,BRT_POWER_001,2026-03-01T00:24:00+00:00,45.15661723395285,kW,GOOD,SYNTHETIC_ML_DATASET,NORMAL,0
BRT,BRT_PRESS_001,2026-03-01T00:24:00+00:00,986.2617391530439,hPa,GOOD,SYNTHETIC_ML_DATASET,NORMAL,0
BRT,BRT_TEMP_001,2026-03-01T00:24:00+00:00,-8.409882557309016,C,GOOD,SYNTHETIC_ML_DATASET,NORMAL,0
BRT,BRT_VIB_001,2026-03-01T00:24:00+00:00,0.847105855896493,mm/s,GOOD,SYNTHETIC_ML_DATASET,NORMAL,0
BRT,BRT_HUM_001,2026-03-01T00:25:00+00:00,64.20704543966818,%,GOOD,SYNTHETIC_ML_DATASET,NORMAL,0
BRT,BRT_POWER_001,2026-03-01T00:25:00+00:00,45.27700113163601,kW,GOOD,SYNTHETIC_ML_DATASET,NORMAL,0
BRT,BRT_PRESS_001,2026-03-01T00:25:00+00:00,986.2371371213411,hPa,GOOD,SYNTHETIC_ML_DATASET,NORMAL,0
BRT,BRT_TEMP_001,2026-03-01T00:25:00+00:00,-8.390694359246563,C,GOOD,SYNTHETIC_ML_DATASET,NORMAL,0
BRT,BRT_VIB_001,2026-03-01T00:25:00+00:00,0.8552125733191618,mm/s,GOOD,SYNTHETIC_ML_DATASET,NORMAL,0
BRT,BRT_HUM_001,2026-03-01T00:26:00+00:00,64.06684811357125,%,GOOD,SYNTHETIC_ML_DATASET,NORMAL,0
BRT,BRT_POWER_001,2026-03-01T00:26:00+00:00,45.77790781089903,kW,GOOD,SYNTHETIC_ML_DATASET,NORMAL,0
BRT,BRT_PRESS_001,2026-03-01T00:26:00+00:00,986.3584407247298,hPa,GOOD,SYNTHETIC_ML_DATASET,NORMAL,0
BRT,BRT_TEMP_001,2026-03-01T00:26:00+00:00,-8.059513661659825,C,GOOD,SYNTHETIC_ML_DATASET,NORMAL,0
BRT,BRT_VIB_001,2026-03-01T00:26:00+00:00,0.8366282089753599,mm/s,GOOD,SYNTHETIC_ML_DATASET,NORMAL,0
BRT,BRT_HUM_001,2026-03-01T00:27:00+00:00,63.8804009702307,%,GOOD,SYNTHETIC_ML_DATASET,NORMAL,0
BRT,BRT_POWER_001,2026-03-01T00:27:00+00:00,45.59751205581242,kW,GOOD,SYNTHETIC_ML_DATASET,NORMAL,0
BRT,BRT_PRESS_001,2026-03-01T00:27:00+00:00,986.4560743059584,hPa,GOOD,SYNTHETIC_ML_DATASET,NORMAL,0
BRT,BRT_TEMP_001,2026-03-01T00:27:00+00:00,-8.293902721620913,C,GOOD,SYNTHETIC_ML_DATASET,NORMAL,0
BRT,BRT_VIB_001,2026-03-01T00:27:00+00:00,0.833047001069525,mm/s,GOOD,SYNTHETIC_ML_DATASET,NORMAL,0
BRT,BRT_HUM_001,2026-03-01T00:28:00+00:00,64.90544321294583,%,GOOD,SYNTHETIC_ML_DATASET,NORMAL,0
BRT,BRT_POWER_001,2026-03-01T00:28:00+00:00,45.65808262126295,kW,GOOD,SYNTHETIC_ML_DATASET,NORMAL,0
BRT,BRT_PRESS_001,2026-03-01T00:28:00+00:00,986.6570007783118,hPa,GOOD,SYNTHETIC_ML_DATASET,NORMAL,0
BRT,BRT_TEMP_001,2026-03-01T00:28:00+00:00,-7.899191903344686,C,GOOD,SYNTHETIC_ML_DATASET,NORMAL,0
BRT,BRT_VIB_001,2026-03-01T00:28:00+00:00,0.8285840747494193,mm/s,GOOD,SYNTHETIC_ML_DATASET,NORMAL,0
BRT,BRT_HUM_001,2026-03-01T00:29:00+00:00,64.63132595564994,%,GOOD,SYNTHETIC_ML_DATASET,NORMAL,0
BRT,BRT_POWER_001,2026-03-01T00:29:00+00:00,45.267050341597006,kW,GOOD,SYNTHETIC_ML_DATASET,NORMAL,0
BRT,BRT_PRESS_001,2026-03-01T00:29:00+00:00,986.5590683743201,hPa,GOOD,SYNTHETIC_ML_DATASET,NORMAL,0
BRT,BRT_TEMP_001,2026-03-01T00:29:00+00:00,-7.8721214663788945,C,GOOD,SYNTHETIC_ML_DATASET,NORMAL,0
BRT,BRT_VIB_001,2026-03-01T00:29:00+00:00,0.8627794576741071,mm/s,GOOD,SYNTHETIC_ML_DATASET,NORMAL,0
BRT,BRT_HUM_001,2026-03-01T00:30:00+00:00,64.95314929430239,%,GOOD,SYNTHETIC_ML_DATASET,NORMAL,0
BRT,BRT_POWER_001,2026-03-01T00:30:00+00:00,45.98103833524268,kW,GOOD,SYNTHETIC_ML_DATASET,NORMAL,0
BRT,BRT_PRESS_001,2026-03-01T00:30:00+00:00,986.5821695131812,hPa,GOOD,SYNTHETIC_ML_DATASET,NORMAL,0
BRT,BRT_TEMP_001,2026-03-01T00:30:00+00:00,-7.4282815188943445,C,GOOD,SYNTHETIC_ML_DATASET,NORMAL,0
BRT,BRT_VIB_001,2026-03-01T00:30:00+00:00,0.854208057271609,mm/s,GOOD,SYNTHETIC_ML_DATASET,NORMAL,0
BRT,BRT_HUM_001,2026-03-01T00:31:00+00:00,65.47301113645472,%,GOOD,SYNTHETIC_ML_DATASET,NORMAL,0
BRT,BRT_POWER_001,2026-03-01T00:31:00+00:00,46.33968267472795,kW,GOOD,SYNTHETIC_ML_DATASET,NORMAL,0
BRT,BRT_PRESS_001,2026-03-01T00:31:00+00:00,986.6715481134588,hPa,GOOD,SYNTHETIC_ML_DATASET,NORMAL,0
BRT,BRT_TEMP_001,2026-03-01T00:31:00+00:00,-7.610649717214458,C,GOOD,SYNTHETIC_ML_DATASET,NORMAL,0
BRT,BRT_VIB_001,2026-03-01T00:31:00+00:00,0.8677073762998916,mm/s,GOOD,SYNTHETIC_ML_DATASET,NORMAL,0
BRT,BRT_HUM_001,2026-03-01T00:32:00+00:00,65.08729677459135,%,GOOD,SYNTHETIC_ML_DATASET,NORMAL,0
BRT,BRT_POWER_001,2026-03-01T00:32:00+00:00,46.27601083104513,kW,GOOD,SYNTHETIC_ML_DATASET,NORMAL,0
BRT,BRT_PRESS_001,2026-03-01T00:32:00+00:00,986.6283996397918,hPa,GOOD,SYNTHETIC_ML_DATASET,NORMAL,0
BRT,BRT_TEMP_001,2026-03-01T00:32:00+00:00,-7.491071168369485,C,GOOD,SYNTHETIC_ML_DATASET,NORMAL,0
BRT,BRT_VIB_001,2026-03-01T00:32:00+00:00,0.8955584946659383,mm/s,GOOD,SYNTHETIC_ML_DATASET,NORMAL,0
BRT,BRT_HUM_001,2026-03-01T00:33:00+00:00,64.56990977573494,%,GOOD,SYNTHETIC_ML_DATASET,NORMAL,0
BRT,BRT_POWER_001,2026-03-01T00:33:00+00:00,46.6062760470399,kW,GOOD,SYNTHETIC_ML_DATASET,NORMAL,0
BRT,BRT_PRESS_001,2026-03-01T00:33:00+00:00,986.6818066350606,hPa,GOOD,SYNTHETIC_ML_DATASET,NORMAL,0
BRT,BRT_TEMP_001,2026-03-01T00:33:00+00:00,-7.629765698895995,C,GOOD,SYNTHETIC_ML_DATASET,NORMAL,0
BRT,BRT_VIB_001,2026-03-01T00:33:00+00:00,0.8861913219805635,mm/s,GOOD,SYNTHETIC_ML_DATASET,NORMAL,0
BRT,BRT_HUM_001,2026-03-01T00:34:00+00:00,65.10829501191466,%,GOOD,SYNTHETIC_ML_DATASET,NORMAL,0
BRT,BRT_POWER_001,2026-03-01T00:34:00+00:00,46.1888526922943,kW,GOOD,SYNTHETIC_ML_DATASET,NORMAL,0
BRT,BRT_PRESS_001,2026-03-01T00:34:00+00:00,986.7901414101867,hPa,GOOD,SYNTHETIC_ML_DATASET,NORMAL,0
BRT,BRT_TEMP_001,2026-03-01T00:34:00+00:00,-7.46679895680902,C,GOOD,SYNTHETIC_ML_DATASET,NORMAL,0
BRT,BRT_VIB_001,2026-03-01T00:34:00+00:00,0.8933416857551952,mm/s,GOOD,SYNTHETIC_ML_DATASET,NORMAL,0
BRT,BRT_HUM_001,2026-03-01T00:35:00+00:00,64.669772265398,%,GOOD,SYNTHETIC_ML_DATASET,NORMAL,0
BRT,BRT_POWER_001,2026-03-01T00:35:00+00:00,46.29143536584165,kW,GOOD,SYNTHETIC_ML_DATASET,NORMAL,0
BRT,BRT_PRESS_001,2026-03-01T00:35:00+00:00,986.7134406746517,hPa,GOOD,SYNTHETIC_ML_DATASET,NORMAL,0
BRT,BRT_TEMP_001,2026-03-01T00:35:00+00:00,-7.2477228509919955,C,GOOD,SYNTHETIC_ML_DATASET,NORMAL,0
BRT,BRT_VIB_001,2026-03-01T00:35:00+00:00,0.8655081091674788,mm/s,GOOD,SYNTHETIC_ML_DATASET,NORMAL,0
BRT,BRT_HUM_001,2026-03-01T00:36:00+00:00,64.62077261236834,%,GOOD,SYNTHETIC_ML_DATASET,NORMAL,0
BRT,BRT_POWER_001,2026-03-01T00:36:00+00:00,46.20499875312325,kW,GOOD,SYNTHETIC_ML_DATASET,NORMAL,0
BRT,BRT_PRESS_001,2026-03-01T00:36:00+00:00,986.820032700107,hPa,GOOD,SYNTHETIC_ML_DATASET,NORMAL,0
BRT,BRT_TEMP_001,2026-03-01T00:36:00+00:00,-7.342485703613542,C,GOOD,SYNTHETIC_ML_DATASET,NORMAL,0
BRT,BRT_VIB_001,2026-03-01T00:36:00+00:00,0.8713924799618125,mm/s,GOOD,SYNTHETIC_ML_DATASET,NORMAL,0
BRT,BRT_HUM_001,2026-03-01T00:37:00+00:00,64.86498547016072,%,GOOD,SYNTHETIC_ML_DATASET,NORMAL,0
BRT,BRT_POWER_001,2026-03-01T00:37:00+00:00,46.601181778143676,kW,GOOD,SYNTHETIC_ML_DATASET,NORMAL,0
BRT,BRT_PRESS_001,2026-03-01T00:37:00+00:00,986.8844467795531,hPa,GOOD,SYNTHETIC_ML_DATASET,NORMAL,0
BRT,BRT_TEMP_001,2026-03-01T00:37:00+00:00,-7.226141035847867,C,GOOD,SYNTHETIC_ML_DATASET,NORMAL,0
BRT,BRT_VIB_001,2026-03-01T00:37:00+00:00,0.9075956469687062,mm/s,GOOD,SYNTHETIC_ML_DATASET,NORMAL,0
BRT,BRT_HUM_001,2026-03-01T00:38:00+00:00,65.90052254807645,%,GOOD,SYNTHETIC_ML_DATASET,NORMAL,0
BRT,BRT_POWER_001,2026-03-01T00:38:00+00:00,45.9922291963577,kW,GOOD,SYNTHETIC_ML_DATASET,NORMAL,0
BRT,BRT_PRESS_001,2026-03-01T00:38:00+00:00,986.9236901918028,hPa,GOOD,SYNTHETIC_ML_DATASET,NORMAL,0
BRT,BRT_TEMP_001,2026-03-01T00:38:00+00:00,-7.467201359019256,C,GOOD,SYNTHETIC_ML_DATASET,NORMAL,0
BRT,BRT_VIB_001,2026-03-01T00:38:00+00:00,0.9091539267738344,mm/s,GOOD,SYNTHETIC_ML_DATASET,NORMAL,0
BRT,BRT_HUM_001,2026-03-01T00:39:00+00:00,65.55694591960837,%,GOOD,SYNTHETIC_ML_DATASET,NORMAL,0
BRT,BRT_POWER_001,2026-03-01T00:39:00+00:00,46.683014421239854,kW,GOOD,SYNTHETIC_ML_DATASET,NORMAL,0
BRT,BRT_PRESS_001,2026-03-01T00:39:00+00:00,986.8694695862652,hPa,GOOD,SYNTHETIC_ML_DATASET,NORMAL,0
BRT,BRT_TEMP_001,2026-03-01T00:39:00+00:00,-7.222851238209468,C,GOOD,SYNTHETIC_ML_DATASET,NORMAL,0
BRT,BRT_VIB_001,2026-03-01T00:39:00+00:00,0.8982785280950988,mm/s,GOOD,SYNTHETIC_ML_DATASET,NORMAL,0
BRT,BRT_HUM_001,2026-03-01T00:40:00+00:00,65.41667790401083,%,GOOD,SYNTHETIC_ML_DATASET,NORMAL,0
BRT,BRT_POWER_001,2026-03-01T00:40:00+00:00,47.072748193062694,kW,GOOD,SYNTHETIC_ML_DATASET,NORMAL,0
BRT,BRT_PRESS_001,2026-03-01T00:40:00+00:00,986.9026326263548,hPa,GOOD,SYNTHETIC_ML_DATASET,NORMAL,0
BRT,BRT_TEMP_001,2026-03-01T00:40:00+00:00,-7.0433046382306435,C,GOOD,SYNTHETIC_ML_DATASET,NORMAL,0
BRT,BRT_VIB_001,2026-03-01T00:40:00+00:00,0.9120989659583688,mm/s,GOOD,SYNTHETIC_ML_DATASET,NORMAL,0
BRT,BRT_HUM_001,2026-03-01T00:41:00+00:00,65.42044981002958,%,GOOD,SYNTHETIC_ML_DATASET,NORMAL,0
BRT,BRT_POWER_001,2026-03-01T00:41:00+00:00,47.067866040520435,kW,GOOD,SYNTHETIC_ML_DATASET,NORMAL,0
BRT,BRT_PRESS_001,2026-03-01T00:41:00+00:00,986.8965428740245,hPa,GOOD,SYNTHETIC_ML_DATASET,NORMAL,0
BRT,BRT_TEMP_001,2026-03-01T00:41:00+00:00,-6.980490904798918,C,GOOD,SYNTHETIC_ML_DATASET,NORMAL,0
BRT,BRT_VIB_001,2026-03-01T00:41:00+00:00,0.9343985681468076,mm/s,GOOD,SYNTHETIC_ML_DATASET,NORMAL,0
BRT,BRT_HUM_001,2026-03-01T00:42:00+00:00,66.08901765488223,%,GOOD,SYNTHETIC_ML_DATASET,NORMAL,0
BRT,BRT_POWER_001,2026-03-01T00:42:00+00:00,46.562743970414616,kW,GOOD,SYNTHETIC_ML_DATASET,NORMAL,0
BRT,BRT_PRESS_001,2026-03-01T00:42:00+00:00,986.8559241010106,hPa,GOOD,SYNTHETIC_ML_DATASET,NORMAL,0
BRT,BRT_TEMP_001,2026-03-01T00:42:00+00:00,-6.874799204421338,C,GOOD,SYNTHETIC_ML_DATASET,NORMAL,0
BRT,BRT_VIB_001,2026-03-01T00:42:00+00:00,0.914570980182402,mm/s,GOOD,SYNTHETIC_ML_DATASET,NORMAL,0
BRT,BRT_HUM_001,2026-03-01T00:43:00+00:00,65.68958870044442,%,GOOD,SYNTHETIC_ML_DATASET,NORMAL,0
BRT,BRT_POWER_001,2026-03-01T00:43:00+00:00,46.57239664603559,kW,GOOD,SYNTHETIC_ML_DATASET,NORMAL,0
BRT,BRT_PRESS_001,2026-03-01T00:43:00+00:00,987.01207278917,hPa,GOOD,SYNTHETIC_ML_DATASET,NORMAL,0
BRT,BRT_TEMP_001,2026-03-01T00:43:00+00:00,-7.095981785536558,C,GOOD,SYNTHETIC_ML_DATASET,NORMAL,0
BRT,BRT_VIB_001,2026-03-01T00:43:00+00:00,0.9108326583694877,mm/s,GOOD,SYNTHETIC_ML_DATASET,NORMAL,0
BRT,BRT_HUM_001,2026-03-01T00:44:00+00:00,66.22210769016456,%,GOOD,SYNTHETIC_ML_DATASET,NORMAL,0
BRT,BRT_POWER_001,2026-03-01T00:44:00+00:00,47.01127518405459,kW,GOOD,SYNTHETIC_ML_DATASET,NORMAL,0
BRT,BRT_PRESS_001,2026-03-01T00:44:00+00:00,986.8507256154587,hPa,GOOD,SYNTHETIC_ML_DATASET,NORMAL,0
BRT,BRT_TEMP_001,2026-03-01T00:44:00+00:00,-7.113305910259622,C,GOOD,SYNTHETIC_ML_DATASET,NORMAL,0
BRT,BRT_VIB_001,2026-03-01T00:44:00+00:00,0.9181554640740865,mm/s,GOOD,SYNTHETIC_ML_DATASET,NORMAL,0
BRT,BRT_HUM_001,2026-03-01T00:45:00+00:00,66.03704732718292,%,GOOD,SYNTHETIC_ML_DATASET,NORMAL,0
BRT,BRT_POWER_001,2026-03-01T00:45:00+00:00,46.74038094655986,kW,GOOD,SYNTHETIC_ML_DATASET,NORMAL,0
BRT,BRT_PRESS_001,2026-03-01T00:45:00+00:00,986.9085532258619,hPa,GOOD,SYNTHETIC_ML_DATASET,NORMAL,0
BRT,BRT_TEMP_001,2026-03-01T00:45:00+00:00,-7.017526919785917,C,GOOD,SYNTHETIC_ML_DATASET,NORMAL,0
BRT,BRT_VIB_001,2026-03-01T00:45:00+00:00,0.9327298224774913,mm/s,GOOD,SYNTHETIC_ML_DATASET,NORMAL,0
BRT,BRT_HUM_001,2026-03-01T00:46:00+00:00,65.42753387864296,%,GOOD,SYNTHETIC_ML_DATASET,NORMAL,0
BRT,BRT_POWER_001,2026-03-01T00:46:00+00:00,47.36015654920641,kW,GOOD,SYNTHETIC_ML_DATASET,NORMAL,0
BRT,BRT_PRESS_001,2026-03-01T00:46:00+00:00,986.90030493658,hPa,GOOD,SYNTHETIC_ML_DATASET,NORMAL,0
BRT,BRT_TEMP_001,2026-03-01T00:46:00+00:00,-6.729254513187012,C,GOOD,SYNTHETIC_ML_DATASET,NORMAL,0
BRT,BRT_VIB_001,2026-03-01T00:46:00+00:00,0.9172414820649641,mm/s,GOOD,SYNTHETIC_ML_DATASET,NORMAL,0
BRT,BRT_HUM_001,2026-03-01T00:47:00+00:00,65.56239067853319,%,GOOD,SYNTHETIC_ML_DATASET,NORMAL,0
BRT,BRT_POWER_001,2026-03-01T00:47:00+00:00,47.16945286355462,kW,GOOD,SYNTHETIC_ML_DATASET,NORMAL,0
BRT,BRT_PRESS_001,2026-03-01T00:47:00+00:00,986.9733249310259,hPa,GOOD,SYNTHETIC_ML_DATASET,NORMAL,0
BRT,BRT_TEMP_001,2026-03-01T00:47:00+00:00,-6.697528729096885,C,GOOD,SYNTHETIC_ML_DATASET,NORMAL,0
BRT,BRT_VIB_001,2026-03-01T00:47:00+00:00,0.9283579879356653,mm/s,GOOD,SYNTHETIC_ML_DATASET,NORMAL,0
BRT,BRT_HUM_001,2026-03-01T00:48:00+00:00,65.41059838276705,%,GOOD,SYNTHETIC_ML_DATASET,NORMAL,0
BRT,BRT_POWER_001,2026-03-01T00:48:00+00:00,46.745571810928226,kW,GOOD,SYNTHETIC_ML_DATASET,NORMAL,0
BRT,BRT_PRESS_001,2026-03-01T00:48:00+00:00,986.9358889625277,hPa,GOOD,SYNTHETIC_ML_DATASET,NORMAL,0
BRT,BRT_TEMP_001,2026-03-01T00:48:00+00:00,-6.649479005177402,C,GOOD,SYNTHETIC_ML_DATASET,NORMAL,0
BRT,BRT_VIB_001,2026-03-01T00:48:00+00:00,0.9235801788168075,mm/s,GOOD,SYNTHETIC_ML_DATASET,NORMAL,0
BRT,BRT_HUM_001,2026-03-01T00:49:00+00:00,65.36614779417692,%,GOOD,SYNTHETIC_ML_DATASET,NORMAL,0
BRT,BRT_POWER_001,2026-03-01T00:49:00+00:00,46.85280197247118,kW,GOOD,SYNTHETIC_ML_DATASET,NORMAL,0
BRT,BRT_PRESS_001,2026-03-01T00:49:00+00:00,986.9095329789795,hPa,GOOD,SYNTHETIC_ML_DATASET,NORMAL,0
BRT,BRT_TEMP_001,2026-03-01T00:49:00+00:00,-6.749776002176215,C,GOOD,SYNTHETIC_ML_DATASET,NORMAL,0
BRT,BRT_VIB_001,2026-03-01T00:49:00+00:00,0.9128626508401757,mm/s,GOOD,SYNTHETIC_ML_DATASET,NORMAL,0
BRT,BRT_HUM_001,2026-03-01T00:50:00+00:00,65.01377853008462,%,GOOD,SYNTHETIC_ML_DATASET,NORMAL,0
BRT,BRT_POWER_001,2026-03-01T00:50:00+00:00,47.13637697552623,kW,GOOD,SYNTHETIC_ML_DATASET,NORMAL,0
BRT,BRT_PRESS_001,2026-03-01T00:50:00+00:00,986.9154933506162,hPa,GOOD,SYNTHETIC_ML_DATASET,NORMAL,0
BRT,BRT_TEMP_001,2026-03-01T00:50:00+00:00,-6.503246466231347,C,GOOD,SYNTHETIC_ML_DATASET,NORMAL,0
BRT,BRT_VIB_001,2026-03-01T00:50:00+00:00,0.9146770850519094,mm/s,GOOD,SYNTHETIC_ML_DATASET,NORMAL,0
BRT,BRT_HUM_001,2026-03-01T00:51:00+00:00,65.04407952767507,%,GOOD,SYNTHETIC_ML_DATASET,NORMAL,0
BRT,BRT_POWER_001,2026-03-01T00:51:00+00:00,47.309389740254524,kW,GOOD,SYNTHETIC_ML_DATASET,NORMAL,0
BRT,BRT_PRESS_001,2026-03-01T00:51:00+00:00,987.0979657386578,hPa,GOOD,SYNTHETIC_ML_DATASET,NORMAL,0
BRT,BRT_TEMP_001,2026-03-01T00:51:00+00:00,-6.634293676434226,C,GOOD,SYNTHETIC_ML_DATASET,NORMAL,0
BRT,BRT_VIB_001,2026-03-01T00:51:00+00:00,0.9235233305274313,mm/s,GOOD,SYNTHETIC_ML_DATASET,NORMAL,0
BRT,BRT_HUM_001,2026-03-01T00:52:00+00:00,64.97312729784827,%,GOOD,SYNTHETIC_ML_DATASET,NORMAL,0
BRT,BRT_POWER_001,2026-03-01T00:52:00+00:00,47.030786628296724,kW,GOOD,SYNTHETIC_ML_DATASET,NORMAL,0
BRT,BRT_PRESS_001,2026-03-01T00:52:00+00:00,987.151295305172,hPa,GOOD,SYNTHETIC_ML_DATASET,NORMAL,0
BRT,BRT_TEMP_001,2026-03-01T00:52:00+00:00,-6.505248623535512,C,GOOD,SYNTHETIC_ML_DATASET,NORMAL,0
BRT,BRT_VIB_001,2026-03-01T00:52:00+00:00,0.9251398833288509,mm/s,GOOD,SYNTHETIC_ML_DATASET,NORMAL,0
BRT,BRT_HUM_001,2026-03-01T00:53:00+00:00,65.48930647963101,%,GOOD,SYNTHETIC_ML_DATASET,NORMAL,0
BRT,BRT_POWER_001,2026-03-01T00:53:00+00:00,46.5672480895883,kW,GOOD,SYNTHETIC_ML_DATASET,NORMAL,0
BRT,BRT_PRESS_001,2026-03-01T00:53:00+00:00,987.1603481551502,hPa,GOOD,SYNTHETIC_ML_DATASET,NORMAL,0
BRT,BRT_TEMP_001,2026-03-01T00:53:00+00:00,-6.335388785344397,C,GOOD,SYNTHETIC_ML_DATASET,NORMAL,0
BRT,BRT_VIB_001,2026-03-01T00:53:00+00:00,0.9408691255845241,mm/s,GOOD,SYNTHETIC_ML_DATASET,NORMAL,0
BRT,BRT_HUM_001,2026-03-01T00:54:00+00:00,65.8396536222377,%,GOOD,SYNTHETIC_ML_DATASET,NORMAL,0
BRT,BRT_POWER_001,2026-03-01T00:54:00+00:00,46.564943790905076,kW,GOOD,SYNTHETIC_ML_DATASET,NORMAL,0
BRT,BRT_PRESS_001,2026-03-01T00:54:00+00:00,987.0512338603592,hPa,GOOD,SYNTHETIC_ML_DATASET,NORMAL,0
BRT,BRT_TEMP_001,2026-03-01T00:54:00+00:00,-6.619065906946421,C,GOOD,SYNTHETIC_ML_DATASET,NORMAL,0
BRT,BRT_VIB_001,2026-03-01T00:54:00+00:00,0.9207869120020079,mm/s,GOOD,SYNTHETIC_ML_DATASET,NORMAL,0
BRT,BRT_HUM_001,2026-03-01T00:55:00+00:00,65.6064254595019,%,GOOD,SYNTHETIC_ML_DATASET,NORMAL,0
BRT,BRT_POWER_001,2026-03-01T00:55:00+00:00,46.375652267380424,kW,GOOD,SYNTHETIC_ML_DATASET,NORMAL,0
BRT,BRT_PRESS_001,2026-03-01T00:55:00+00:00,987.1430238121997,hPa,GOOD,SYNTHETIC_ML_DATASET,NORMAL,0
BRT,BRT_TEMP_001,2026-03-01T00:55:00+00:00,-6.633158525588294,C,GOOD,SYNTHETIC_ML_DATASET,NORMAL,0
BRT,BRT_VIB_001,2026-03-01T00:55:00+00:00,0.9203474745258137,mm/s,GOOD,SYNTHETIC_ML_DATASET,NORMAL,0
BRT,BRT_HUM_001,2026-03-01T00:56:00+00:00,65.70800855341496,%,GOOD,SYNTHETIC_ML_DATASET,NORMAL,0
BRT,BRT_POWER_001,2026-03-01T00:56:00+00:00,46.609233436584795,kW,GOOD,SYNTHETIC_ML_DATASET,NORMAL,0
BRT,BRT_PRESS_001,2026-03-01T00:56:00+00:00,987.3551763451285,hPa,GOOD,SYNTHETIC_ML_DATASET,NORMAL,0
BRT,BRT_TEMP_001,2026-03-01T00:56:00+00:00,-6.74719184631218,C,GOOD,SYNTHETIC_ML_DATASET,NORMAL,0
BRT,BRT_VIB_001,2026-03-01T00:56:00+00:00,0.9171003036149226,mm/s,GOOD,SYNTHETIC_ML_DATASET,NORMAL,0
BRT,BRT_HUM_001,2026-03-01T00:57:00+00:00,65.41379626171224,%,GOOD,SYNTHETIC_ML_DATASET,NORMAL,0
BRT,BRT_POWER_001,2026-03-01T00:57:00+00:00,46.35621407697139,kW,GOOD,SYNTHETIC_ML_DATASET,NORMAL,0
BRT,BRT_PRESS_001,2026-03-01T00:57:00+00:00,987.4269219121934,hPa,GOOD,SYNTHETIC_ML_DATASET,NORMAL,0
BRT,BRT_TEMP_001,2026-03-01T00:57:00+00:00,-6.720925819197903,C,GOOD,SYNTHETIC_ML_DATASET,NORMAL,0
BRT,BRT_VIB_001,2026-03-01T00:57:00+00:00,0.9135617565769429,mm/s,GOOD,SYNTHETIC_ML_DATASET,NORMAL,0
BRT,BRT_HUM_001,2026-03-01T00:58:00+00:00,65.45809863721611,%,GOOD,SYNTHETIC_ML_DATASET,NORMAL,0
BRT,BRT_POWER_001,2026-03-01T00:58:00+00:00,46.50749916232506,kW,GOOD,SYNTHETIC_ML_DATASET,NORMAL,0
BRT,BRT_PRESS_001,2026-03-01T00:58:00+00:00,987.3032470754068,hPa,GOOD,SYNTHETIC_ML_DATASET,NORMAL,0
BRT,BRT_TEMP_001,2026-03-01T00:58:00+00:00,-6.659236339297033,C,GOOD,SYNTHETIC_ML_DATASET,NORMAL,0
BRT,BRT_VIB_001,2026-03-01T00:58:00+00:00,0.9210408744060663,mm/s,GOOD,SYNTHETIC_ML_DATASET,NORMAL,0
BRT,BRT_HUM_001,2026-03-01T00:59:00+00:00,66.77487516120453,%,GOOD,SYNTHETIC_ML_DATASET,NORMAL,0
BRT,BRT_POWER_001,2026-03-01T00:59:00+00:00,46.294119196005106,kW,GOOD,SYNTHETIC_ML_DATASET,NORMAL,0
BRT,BRT_PRESS_001,2026-03-01T00:59:00+00:00,987.2238462178666,hPa,GOOD,SYNTHETIC_ML_DATASET,NORMAL,0
BRT,BRT_TEMP_001,2026-03-01T00:59:00+00:00,-6.601138191277645,C,GOOD,SYNTHETIC_ML_DATASET,NORMAL,0
BRT,BRT_VIB_001,2026-03-01T00:59:00+00:00,0.9256970486238953,mm/s,GOOD,SYNTHETIC_ML_DATASET,NORMAL,0
BRT,BRT_HUM_001,2026-03-01T01:00:00+00:00,67.02329357098667,%,GOOD,SYNTHETIC_ML_DATASET,NORMAL,0
BRT,BRT_POWER_001,2026-03-01T01:00:00+00:00,46.40196669193918,kW,GOOD,SYNTHETIC_ML_DATASET,NORMAL,0
BRT,BRT_PRESS_001,2026-03-01T01:00:00+00:00,987.3943220794472,hPa,GOOD,SYNTHETIC_ML_DATASET,NORMAL,0
BRT,BRT_TEMP_001,2026-03-01T01:00:00+00:00,-6.783068611088801,C,GOOD,SYNTHETIC_ML_DATASET,NORMAL,0
BRT,BRT_VIB_001,2026-03-01T01:00:00+00:00,0.9124545599269325,mm/s,GOOD,SYNTHETIC_ML_DATASET,NORMAL,0
BRT,BRT_HUM_001,2026-03-01T01:01:00+00:00,67.09576246948913,%,GOOD,SYNTHETIC_ML_DATASET,NORMAL,0
BRT,BRT_POWER_001,2026-03-01T01:01:00+00:00,47.07215627755845,kW,GOOD,SYNTHETIC_ML_DATASET,NORMAL,0
BRT,BRT_PRESS_001,2026-03-01T01:01:00+00:00,987.3175707006392,hPa,GOOD,SYNTHETIC_ML_DATASET,NORMAL,0
BRT,BRT_TEMP_001,2026-03-01T01:01:00+00:00,-6.462105153321478,C,GOOD,SYNTHETIC_ML_DATASET,NORMAL,0
BRT,BRT_VIB_001,2026-03-01T01:01:00+00:00,0.9080230559613283,mm/s,GOOD,SYNTHETIC_ML_DATASET,NORMAL,0
BRT,BRT_HUM_001,2026-03-01T01:02:00+00:00,66.31853034379141,%,GOOD,SYNTHETIC_ML_DATASET,NORMAL,0
BRT,BRT_POWER_001,2026-03-01T01:02:00+00:00,47.28383622269725,kW,GOOD,SYNTHETIC_ML_DATASET,NORMAL,0
BRT,BRT_PRESS_001,2026-03-01T01:02:00+00:00,987.3665986275751,hPa,GOOD,SYNTHETIC_ML_DATASET,NORMAL,0
BRT,BRT_TEMP_001,2026-03-01T01:02:00+00:00,-6.5795852041988825,C,GOOD,SYNTHETIC_ML_DATASET,NORMAL,0
BRT,BRT_VIB_001,2026-03-01T01:02:00+00:00,0.9037299294538534,mm/s,GOOD,SYNTHETIC_ML_DATASET,NORMAL,0
BRT,BRT_HUM_001,2026-03-01T01:03:00+00:00,65.8447575749535,%,GOOD,SYNTHETIC_ML_DATASET,NORMAL,0
BRT,BRT_POWER_001,2026-03-01T01:03:00+00:00,47.05185245588106,kW,GOOD,SYNTHETIC_ML_DATASET,NORMAL,0
BRT,BRT_PRESS_001,2026-03-01T01:03:00+00:00,987.5640274311406,hPa,GOOD,SYNTHETIC_ML_DATASET,NORMAL,0
BRT,BRT_TEMP_001,2026-03-01T01:03:00+00:00,-6.496478167170686,C,GOOD,SYNTHETIC_ML_DATASET,NORMAL,0
BRT,BRT_VIB_001,2026-03-01T01:03:00+00:00,0.8751885818235954,mm/s,GOOD,SYNTHETIC_ML_DATASET,NORMAL,0
BRT,BRT_HUM_001,2026-03-01T01:04:00+00:00,66.32320562931758,%,GOOD,SYNTHETIC_ML_DATASET,NORMAL,0
BRT,BRT_POWER_001,2026-03-01T01:04:00+00:00,47.13228626053905,kW,GOOD,SYNTHETIC_ML_DATASET,NORMAL,0
BRT,BRT_PRESS_001,2026-03-01T01:04:00+00:00,987.368206178029,hPa,GOOD,SYNTHETIC_ML_DATASET,NORMAL,0
BRT,BRT_TEMP_001,2026-03-01T01:04:00+00:00,-6.489635236613804,C,GOOD,SYNTHETIC_ML_DATASET,NORMAL,0
BRT,BRT_VIB_001,2026-03-01T01:04:00+00:00,0.881688078449218,mm/s,GOOD,SYNTHETIC_ML_DATASET,NORMAL,0
BRT,BRT_HUM_001,2026-03-01T01:05:00+00:00,66.27733019820265,%,GOOD,SYNTHETIC_ML_DATASET,NORMAL,0
BRT,BRT_POWER_001,2026-03-01T01:05:00+00:00,46.96929830103648,kW,GOOD,SYNTHETIC_ML_DATASET,NORMAL,0
BRT,BRT_PRESS_001,2026-03-01T01:05:00+00:00,987.3358711794347,hPa,GOOD,SYNTHETIC_ML_DATASET,NORMAL,0
BRT,BRT_TEMP_001,2026-03-01T01:05:00+00:00,-6.393383671201901,C,GOOD,SYNTHETIC_ML_DATASET,NORMAL,0
BRT,BRT_VIB_001,2026-03-01T01:05:00+00:00,0.8996865715422326,mm/s,GOOD,SYNTHETIC_ML_DATASET,NORMAL,0
BRT,BRT_HUM_001,2026-03-01T01:06:00+00:00,65.96176304091325,%,GOOD,SYNTHETIC_ML_DATASET,NORMAL,0
BRT,BRT_POWER_001,2026-03-01T01:06:00+00:00,47.257230779006846,kW,GOOD,SYNTHETIC_ML_DATASET,NORMAL,0
BRT,BRT_PRESS_001,2026-03-01T01:06:00+00:00,987.2912801579209,hPa,GOOD,SYNTHETIC_ML_DATASET,NORMAL,0
BRT,BRT_TEMP_001,2026-03-01T01:06:00+00:00,-6.304104593702654,C,GOOD,SYNTHETIC_ML_DATASET,NORMAL,0
BRT,BRT_VIB_001,2026-03-01T01:06:00+00:00,0.8950907643067448,mm/s,GOOD,SYNTHETIC_ML_DATASET,NORMAL,0
BRT,BRT_HUM_001,2026-03-01T01:07:00+00:00,64.90759761543289,%,GOOD,SYNTHETIC_ML_DATASET,NORMAL,0
BRT,BRT_POWER_001,2026-03-01T01:07:00+00:00,46.52959284636889,kW,GOOD,SYNTHETIC_ML_DATASET,NORMAL,0
BRT,BRT_PRESS_001,2026-03-01T01:07:00+00:00,987.3654929468586,hPa,GOOD,SYNTHETIC_ML_DATASET,NORMAL,0
BRT,BRT_TEMP_001,2026-03-01T01:07:00+00:00,-6.449176462619885,C,GOOD,SYNTHETIC_ML_DATASET,NORMAL,0
BRT,BRT_VIB_001,2026-03-01T01:07:00+00:00,0.8685711416482853,mm/s,GOOD,SYNTHETIC_ML_DATASET,NORMAL,0
BRT,BRT_HUM_001,2026-03-01T01:08:00+00:00,65.07063307802012,%,GOOD,SYNTHETIC_ML_DATASET,NORMAL,0
BRT,BRT_POWER_001,2026-03-01T01:08:00+00:00,46.70760294111052,kW,GOOD,SYNTHETIC_ML_DATASET,NORMAL,0
BRT,BRT_PRESS_001,2026-03-01T01:08:00+00:00,987.1696361857739,hPa,GOOD,SYNTHETIC_ML_DATASET,NORMAL,0
BRT,BRT_TEMP_001,2026-03-01T01:08:00+00:00,-6.305954164757674,C,GOOD,SYNTHETIC_ML_DATASET,NORMAL,0
BRT,BRT_VIB_001,2026-03-01T01:08:00+00:00,0.8702455765361259,mm/s,GOOD,SYNTHETIC_ML_DATASET,NORMAL,0
BRT,BRT_HUM_001,2026-03-01T01:09:00+00:00,65.00778341676367,%,GOOD,SYNTHETIC_ML_DATASET,NORMAL,0
BRT,BRT_POWER_001,2026-03-01T01:09:00+00:00,46.83280855233024,kW,GOOD,SYNTHETIC_ML_DATASET,NORMAL,0
BRT,BRT_PRESS_001,2026-03-01T01:09:00+00:00,987.1245084385903,hPa,GOOD,SYNTHETIC_ML_DATASET,NORMAL,0
BRT,BRT_TEMP_001,2026-03-01T01:09:00+00:00,-6.401935194820986,C,GOOD,SYNTHETIC_ML_DATASET,NORMAL,0
BRT,BRT_VIB_001,2026-03-01T01:09:00+00:00,0.8812489904349812,mm/s,GOOD,SYNTHETIC_ML_DATASET,NORMAL,0
BRT,BRT_HUM_001,2026-03-01T01:10:00+00:00,64.81420216569025,%,GOOD,SYNTHETIC_ML_DATASET,NORMAL,0
BRT,BRT_POWER_001,2026-03-01T01:10:00+00:00,47.598561088065175,kW,GOOD,SYNTHETIC_ML_DATASET,NORMAL,0
BRT,BRT_PRESS_001,2026-03-01T01:10:00+00:00,987.0086838452401,hPa,GOOD,SYNTHETIC_ML_DATASET,NORMAL,0
BRT,BRT_TEMP_001,2026-03-01T01:10:00+00:00,-6.538925082166058,C,GOOD,SYNTHETIC_ML_DATASET,NORMAL,0
BRT,BRT_VIB_001,2026-03-01T01:10:00+00:00,0.8864860321912849,mm/s,GOOD,SYNTHETIC_ML_DATASET,NORMAL,0
BRT,BRT_HUM_001,2026-03-01T01:11:00+00:00,64.53601637686123,%,GOOD,SYNTHETIC_ML_DATASET,NORMAL,0
BRT,BRT_POWER_001,2026-03-01T01:11:00+00:00,47.39467379592904,kW,GOOD,SYNTHETIC_ML_DATASET,NORMAL,0
BRT,BRT_PRESS_001,2026-03-01T01:11:00+00:00,987.1355861587743,hPa,GOOD,SYNTHETIC_ML_DATASET,NORMAL,0
BRT,BRT_TEMP_001,2026-03-01T01:11:00+00:00,-6.754403952321358,C,GOOD,SYNTHETIC_ML_DATASET,NORMAL,0
BRT,BRT_VIB_001,2026-03-01T01:11:00+00:00,0.8797757743790446,mm/s,GOOD,SYNTHETIC_ML_DATASET,NORMAL,0
BRT,BRT_HUM_001,2026-03-01T01:12:00+00:00,64.65924951100452,%,GOOD,SYNTHETIC_ML_DATASET,NORMAL,0
BRT,BRT_POWER_001,2026-03-01T01:12:00+00:00,47.596109223345046,kW,GOOD,SYNTHETIC_ML_DATASET,NORMAL,0
BRT,BRT_PRESS_001,2026-03-01T01:12:00+00:00,987.1506624876153,hPa,GOOD,SYNTHETIC_ML_DATASET,NORMAL,0
BRT,BRT_TEMP_001,2026-03-01T01:12:00+00:00,-6.894346123561294,C,GOOD,SYNTHETIC_ML_DATASET,NORMAL,0
BRT,BRT_VIB_001,2026-03-01T01:12:00+00:00,0.8643710889907472,mm/s,GOOD,SYNTHETIC_ML_DATASET,NORMAL,0
BRT,BRT_HUM_001,2026-03-01T01:13:00+00:00,64.80457868480111,%,GOOD,SYNTHETIC_ML_DATASET,NORMAL,0
BRT,BRT_POWER_001,2026-03-01T01:13:00+00:00,47.69359014019656,kW,GOOD,SYNTHETIC_ML_DATASET,NORMAL,0
BRT,BRT_PRESS_001,2026-03-01T01:13:00+00:00,987.0752768847856,hPa,GOOD,SYNTHETIC_ML_DATASET,NORMAL,0
BRT,BRT_TEMP_001,2026-03-01T01:13:00+00:00,-6.659073735471928,C,GOOD,SYNTHETIC_ML_DATASET,NORMAL,0
BRT,BRT_VIB_001,2026-03-01T01:13:00+00:00,0.8710487119220813,mm/s,GOOD,SYNTHETIC_ML_DATASET,NORMAL,0
BRT,BRT_HUM_001,2026-03-01T01:14:00+00:00,65.31129994927157,%,GOOD,SYNTHETIC_ML_DATASET,NORMAL,0
BRT,BRT_POWER_001,2026-03-01T01:14:00+00:00,47.48615329188639,kW,GOOD,SYNTHETIC_ML_DATASET,NORMAL,0
BRT,BRT_PRESS_001,2026-03-01T01:14:00+00:00,987.2110574543685,hPa,GOOD,SYNTHETIC_ML_DATASET,NORMAL,0
BRT,BRT_TEMP_001,2026-03-01T01:14:00+00:00,-6.608295334361648,C,GOOD,SYNTHETIC_ML_DATASET,NORMAL,0
BRT,BRT_VIB_001,2026-03-01T01:14:00+00:00,0.8366135080904411,mm/s,GOOD,SYNTHETIC_ML_DATASET,NORMAL,0
BRT,BRT_HUM_001,2026-03-01T01:15:00+00:00,65.84532037845219,%,GOOD,SYNTHETIC_ML_DATASET,NORMAL,0
BRT,BRT_POWER_001,2026-03-01T01:15:00+00:00,47.86965919766944,kW,GOOD,SYNTHETIC_ML_DATASET,NORMAL,0
BRT,BRT_PRESS_001,2026-03-01T01:15:00+00:00,987.2117189155458,hPa,GOOD,SYNTHETIC_ML_DATASET,NORMAL,0
BRT,BRT_TEMP_001,2026-03-01T01:15:00+00:00,-6.683207677137729,C,GOOD,SYNTHETIC_ML_DATASET,NORMAL,0
BRT,BRT_VIB_001,2026-03-01T01:15:00+00:00,0.8539384700046939,mm/s,GOOD,SYNTHETIC_ML_DATASET,NORMAL,0
BRT,BRT_HUM_001,2026-03-01T01:16:00+00:00,65.26424026871042,%,GOOD,SYNTHETIC_ML_DATASET,NORMAL,0
BRT,BRT_POWER_001,2026-03-01T01:16:00+00:00,48.12820346587648,kW,GOOD,SYNTHETIC_ML_DATASET,NORMAL,0
BRT,BRT_PRESS_001,2026-03-01T01:16:00+00:00,987.0425528061337,hPa,GOOD,SYNTHETIC_ML_DATASET,NORMAL,0
BRT,BRT_TEMP_001,2026-03-01T01:16:00+00:00,-6.5955980382127555,C,GOOD,SYNTHETIC_ML_DATASET,NORMAL,0
BRT,BRT_VIB_001,2026-03-01T01:16:00+00:00,0.8462240779295108,mm/s,GOOD,SYNTHETIC_ML_DATASET,NORMAL,0
BRT,BRT_HUM_001,2026-03-01T01:17:00+00:00,65.77370715955233,%,GOOD,SYNTHETIC_ML_DATASET,NORMAL,0
BRT,BRT_POWER_001,2026-03-01T01:17:00+00:00,48.144182344878175,kW,GOOD,SYNTHETIC_ML_DATASET,NORMAL,0
BRT,BRT_PRESS_001,2026-03-01T01:17:00+00:00,987.0752631232147,hPa,GOOD,SYNTHETIC_ML_DATASET,NORMAL,0
BRT,BRT_TEMP_001,2026-03-01T01:17:00+00:00,-6.575034235976234,C,GOOD,SYNTHETIC_ML_DATASET,NORMAL,0
BRT,BRT_VIB_001,2026-03-01T01:17:00+00:00,0.8583543600655813,mm/s,GOOD,SYNTHETIC_ML_DATASET,NORMAL,0
BRT,BRT_HUM_001,2026-03-01T01:18:00+00:00,65.71076961530937,%,GOOD,SYNTHETIC_ML_DATASET,NORMAL,0
BRT,BRT_POWER_001,2026-03-01T01:18:00+00:00,47.97504472055716,kW,GOOD,SYNTHETIC_ML_DATASET,NORMAL,0
BRT,BRT_PRESS_001,2026-03-01T01:18:00+00:00,986.9761357160444,hPa,GOOD,SYNTHETIC_ML_DATASET,NORMAL,0
BRT,BRT_TEMP_001,2026-03-01T01:18:00+00:00,-6.754603331380687,C,GOOD,SYNTHETIC_ML_DATASET,NORMAL,0
BRT,BRT_VIB_001,2026-03-01T01:18:00+00:00,0.8609166677778759,mm/s,GOOD,SYNTHETIC_ML_DATASET,NORMAL,0
BRT,BRT_HUM_001,2026-03-01T01:19:00+00:00,65.49834596050746,%,GOOD,SYNTHETIC_ML_DATASET,NORMAL,0
BRT,BRT_POWER_001,2026-03-01T01:19:00+00:00,47.594767674004785,kW,GOOD,SYNTHETIC_ML_DATASET,NORMAL,0
BRT,BRT_PRESS_001,2026-03-01T01:19:00+00:00,986.9777735712862,hPa,GOOD,SYNTHETIC_ML_DATASET,NORMAL,0
BRT,BRT_TEMP_001,2026-03-01T01:19:00+00:00,-6.6641663607038,C,GOOD,SYNTHETIC_ML_DATASET,NORMAL,0
BRT,BRT_VIB_001,2026-03-01T01:19:00+00:00,0.8513054194942905,mm/s,GOOD,SYNTHETIC_ML_DATASET,NORMAL,0
BRT,BRT_HUM_001,2026-03-01T01:20:00+00:00,66.61872537445983,%,GOOD,SYNTHETIC_ML_DATASET,NORMAL,0
BRT,BRT_POWER_001,2026-03-01T01:20:00+00:00,47.84442104864839,kW,GOOD,SYNTHETIC_ML_DATASET,NORMAL,0
BRT,BRT_PRESS_001,2026-03-01T01:20:00+00:00,986.992347191863,hPa,GOOD,SYNTHETIC_ML_DATASET,NORMAL,0
BRT,BRT_TEMP_001,2026-03-01T01:20:00+00:00,-6.493598129141922,C,GOOD,SYNTHETIC_ML_DATASET,NORMAL,0
BRT,BRT_VIB_001,2026-03-01T01:20:00+00:00,0.8379131271372322,mm/s,GOOD,SYNTHETIC_ML_DATASET,NORMAL,0
BRT,BRT_HUM_001,2026-03-01T01:21:00+00:00,66.06419019993854,%,GOOD,SYNTHETIC_ML_DATASET,NORMAL,0
BRT,BRT_POWER_001,2026-03-01T01:21:00+00:00,47.261160528538284,kW,GOOD,SYNTHETIC_ML_DATASET,NORMAL,0
BRT,BRT_PRESS_001,2026-03-01T01:21:00+00:00,986.9447146808349,hPa,GOOD,SYNTHETIC_ML_DATASET,NORMAL,0
BRT,BRT_TEMP_001,2026-03-01T01:21:00+00:00,-6.572644819508408,C,GOOD,SYNTHETIC_ML_DATASET,NORMAL,0
BRT,BRT_VIB_001,2026-03-01T01:21:00+00:00,0.8528279557473732,mm/s,GOOD,SYNTHETIC_ML_DATASET,NORMAL,0
BRT,BRT_HUM_001,2026-03-01T01:22:00+00:00,65.65116252893667,%,GOOD,SYNTHETIC_ML_DATASET,NORMAL,0
BRT,BRT_POWER_001,2026-03-01T01:22:00+00:00,47.29409275975486,kW,GOOD,SYNTHETIC_ML_DATASET,NORMAL,0
BRT,BRT_PRESS_001,2026-03-01T01:22:00+00:00,987.0903714820608,hPa,GOOD,SYNTHETIC_ML_DATASET,NORMAL,0
BRT,BRT_TEMP_001,2026-03-01T01:22:00+00:00,-6.781841643609808,C,GOOD,SYNTHETIC_ML_DATASET,NORMAL,0
BRT,BRT_VIB_001,2026-03-01T01:22:00+00:00,0.8522901447367773,mm/s,GOOD,SYNTHETIC_ML_DATASET,NORMAL,0
BRT,BRT_HUM_001,2026-03-01T01:23:00+00:00,66.03367707635489,%,GOOD,SYNTHETIC_ML_DATASET,NORMAL,0
BRT,BRT_POWER_001,2026-03-01T01:23:00+00:00,47.32427061286344,kW,GOOD,SYNTHETIC_ML_DATASET,NORMAL,0
BRT,BRT_PRESS_001,2026-03-01T01:23:00+00:00,987.1031130424257,hPa,GOOD,SYNTHETIC_ML_DATASET,NORMAL,0
BRT,BRT_TEMP_001,2026-03-01T01:23:00+00:00,-6.693279708302319,C,GOOD,SYNTHETIC_ML_DATASET,NORMAL,0
BRT,BRT_VIB_001,2026-03-01T01:23:00+00:00,0.8286116232175073,mm/s,GOOD,SYNTHETIC_ML_DATASET,NORMAL,0
BRT,BRT_HUM_001,2026-03-01T01:24:00+00:00,66.34074573868028,%,GOOD,SYNTHETIC_ML_DATASET,NORMAL,0
BRT,BRT_POWER_001,2026-03-01T01:24:00+00:00,47.08039903289797,kW,GOOD,SYNTHETIC_ML_DATASET,NORMAL,0
BRT,BRT_PRESS_001,2026-03-01T01:24:00+00:00,987.0402034819892,hPa,GOOD,SYNTHETIC_ML_DATASET,NORMAL,0
BRT,BRT_TEMP_001,2026-03-01T01:24:00+00:00,-6.728060390275693,C,GOOD,SYNTHETIC_ML_DATASET,NORMAL,0
BRT,BRT_VIB_001,2026-03-01T01:24:00+00:00,0.8499399439535235,mm/s,GOOD,SYNTHETIC_ML_DATASET,NORMAL,0
BRT,BRT_HUM_001,2026-03-01T01:25:00+00:00,66.39273288045982,%,GOOD,SYNTHETIC_ML_DATASET,NORMAL,0
BRT,BRT_POWER_001,2026-03-01T01:25:00+00:00,46.847952091046174,kW,GOOD,SYNTHETIC_ML_DATASET,NORMAL,0
BRT,BRT_PRESS_001,2026-03-01T01:25:00+00:00,987.0905033268843,hPa,GOOD,SYNTHETIC_ML_DATASET,NORMAL,0
BRT,BRT_TEMP_001,2026-03-01T01:25:00+00:00,-6.717961580341256,C,GOOD,SYNTHETIC_ML_DATASET,NORMAL,0
BRT,BRT_VIB_001,2026-03-01T01:25:00+00:00,0.833983702446087,mm/s,GOOD,SYNTHETIC_ML_DATASET,NORMAL,0
BRT,BRT_HUM_001,2026-03-01T01:26:00+00:00,66.81794595758055,%,GOOD,SYNTHETIC_ML_DATASET,NORMAL,0
BRT,BRT_POWER_001,2026-03-01T01:26:00+00:00,46.79310116496082,kW,GOOD,SYNTHETIC_ML_DATASET,NORMAL,0
BRT,BRT_PRESS_001,2026-03-01T01:26:00+00:00,987.0099678242974,hPa,GOOD,SYNTHETIC_ML_DATASET,NORMAL,0
BRT,BRT_TEMP_001,2026-03-01T01:26:00+00:00,-6.867709224959561,C,GOOD,SYNTHETIC_ML_DATASET,NORMAL,0
BRT,BRT_VIB_001,2026-03-01T01:26:00+00:00,0.838866166097959,mm/s,GOOD,SYNTHETIC_ML_DATASET,NORMAL,0
BRT,BRT_HUM_001,2026-03-01T01:27:00+00:00,66.41602769749814,%,GOOD,SYNTHETIC_ML_DATASET,NORMAL,0
BRT,BRT_POWER_001,2026-03-01T01:27:00+00:00,46.86046183788367,kW,GOOD,SYNTHETIC_ML_DATASET,NORMAL,0
BRT,BRT_PRESS_001,2026-03-01T01:27:00+00:00,987.0932477331351,hPa,GOOD,SYNTHETIC_ML_DATASET,NORMAL,0
BRT,BRT_TEMP_001,2026-03-01T01:27:00+00:00,-6.919639541164285,C,GOOD,SYNTHETIC_ML_DATASET,NORMAL,0
BRT,BRT_VIB_001,2026-03-01T01:27:00+00:00,0.8474100173434342,mm/s,GOOD,SYNTHETIC_ML_DATASET,NORMAL,0
BRT,BRT_HUM_001,2026-03-01T01:28:00+00:00,66.53589556567897,%,GOOD,SYNTHETIC_ML_DATASET,NORMAL,0
BRT,BRT_POWER_001,2026-03-01T01:28:00+00:00,46.42190663852202,kW,GOOD,SYNTHETIC_ML_DATASET,NORMAL,0
BRT,BRT_PRESS_001,2026-03-01T01:28:00+00:00,987.0116467183175,hPa,GOOD,SYNTHETIC_ML_DATASET,NORMAL,0
BRT,BRT_TEMP_001,2026-03-01T01:28:00+00:00,-6.907642676688581,C,GOOD,SYNTHETIC_ML_DATASET,NORMAL,0
BRT,BRT_VIB_001,2026-03-01T01:28:00+00:00,0.8147264394434629,mm/s,GOOD,SYNTHETIC_ML_DATASET,NORMAL,0
BRT,BRT_HUM_001,2026-03-01T01:29:00+00:00,66.6233680732105,%,GOOD,SYNTHETIC_ML_DATASET,NORMAL,0
BRT,BRT_POWER_001,2026-03-01T01:29:00+00:00,46.788341780832894,kW,GOOD,SYNTHETIC_ML_DATASET,NORMAL,0
BRT,BRT_PRESS_001,2026-03-01T01:29:00+00:00,987.0295987067788,hPa,GOOD,SYNTHETIC_ML_DATASET,NORMAL,0
BRT,BRT_TEMP_001,2026-03-01T01:29:00+00:00,-6.770983980451679,C,GOOD,SYNTHETIC_ML_DATASET,NORMAL,0
BRT,BRT_VIB_001,2026-03-01T01:29:00+00:00,0.8604184907737235,mm/s,GOOD,SYNTHETIC_ML_DATASET,NORMAL,0
BRT,BRT_HUM_001,2026-03-01T01:30:00+00:00,65.989237965234,%,GOOD,SYNTHETIC_ML_DATASET,NORMAL,0
BRT,BRT_POWER_001,2026-03-01T01:30:00+00:00,46.47124557211172,kW,GOOD,SYNTHETIC_ML_DATASET,NORMAL,0
BRT,BRT_PRESS_001,2026-03-01T01:30:00+00:00,986.8795846670185,hPa,GOOD,SYNTHETIC_ML_DATASET,NORMAL,0
BRT,BRT_TEMP_001,2026-03-01T01:30:00+00:00,-6.761631759064645,C,GOOD,SYNTHETIC_ML_DATASET,NORMAL,0
BRT,BRT_VIB_001,2026-03-01T01:30:00+00:00,0.8590564685232625,mm/s,GOOD,SYNTHETIC_ML_DATASET,NORMAL,0
BRT,BRT_HUM_001,2026-03-01T01:31:00+00:00,65.81543784900207,%,GOOD,SYNTHETIC_ML_DATASET,NORMAL,0
BRT,BRT_POWER_001,2026-03-01T01:31:00+00:00,46.479939656935535,kW,GOOD,SYNTHETIC_ML_DATASET,NORMAL,0
BRT,BRT_PRESS_001,2026-03-01T01:31:00+00:00,986.7642661683435,hPa,GOOD,SYNTHETIC_ML_DATASET,NORMAL,0
BRT,BRT_TEMP_001,2026-03-01T01:31:00+00:00,-6.754459265278138,C,GOOD,SYNTHETIC_ML_DATASET,NORMAL,0
BRT,BRT_VIB_001,2026-03-01T01:31:00+00:00,0.8421789600032074,mm/s,GOOD,SYNTHETIC_ML_DATASET,NORMAL,0
BRT,BRT_HUM_001,2026-03-01T01:32:00+00:00,65.25691576211409,%,GOOD,SYNTHETIC_ML_DATASET,NORMAL,0
BRT,BRT_POWER_001,2026-03-01T01:32:00+00:00,46.718568397941304,kW,GOOD,SYNTHETIC_ML_DATASET,NORMAL,0
BRT,BRT_PRESS_001,2026-03-01T01:32:00+00:00,986.9363689642788,hPa,GOOD,SYNTHETIC_ML_DATASET,NORMAL,0
BRT,BRT_TEMP_001,2026-03-01T01:32:00+00:00,-6.876658471360708,C,GOOD,SYNTHETIC_ML_DATASET,NORMAL,0
BRT,BRT_VIB_001,2026-03-01T01:32:00+00:00,0.8315984615078711,mm/s,GOOD,SYNTHETIC_ML_DATASET,NORMAL,0
BRT,BRT_HUM_001,2026-03-01T01:33:00+00:00,65.51865750680652,%,GOOD,SYNTHETIC_ML_DATASET,NORMAL,0
BRT,BRT_POWER_001,2026-03-01T01:33:00+00:00,46.54319564722008,kW,GOOD,SYNTHETIC_ML_DATASET,NORMAL,0
BRT,BRT_PRESS_001,2026-03-01T01:33:00+00:00,987.045226463583,hPa,GOOD,SYNTHETIC_ML_DATASET,NORMAL,0
BRT,BRT_TEMP_001,2026-03-01T01:33:00+00:00,-6.841896143410674,C,GOOD,SYNTHETIC_ML_DATASET,NORMAL,0
BRT,BRT_VIB_001,2026-03-01T01:33:00+00:00,0.8249275978071091,mm/s,GOOD,SYNTHETIC_ML_DATASET,NORMAL,0
BRT,BRT_HUM_001,2026-03-01T01:34:00+00:00,65.57696952256318,%,GOOD,SYNTHETIC_ML_DATASET,NORMAL,0
BRT,BRT_POWER_001,2026-03-01T01:34:00+00:00,46.52966369679189,kW,GOOD,SYNTHETIC_ML_DATASET,NORMAL,0
BRT,BRT_PRESS_001,2026-03-01T01:34:00+00:00,986.9269173424331,hPa,GOOD,SYNTHETIC_ML_DATASET,NORMAL,0
BRT,BRT_TEMP_001,2026-03-01T01:34:00+00:00,-7.107165776239601,C,GOOD,SYNTHETIC_ML_DATASET,NORMAL,0
BRT,BRT_VIB_001,2026-03-01T01:34:00+00:00,0.8274282245851885,mm/s,GOOD,SYNTHETIC_ML_DATASET,NORMAL,0
BRT,BRT_HUM_001,2026-03-01T01:35:00+00:00,65.3969673594972,%,GOOD,SYNTHETIC_ML_DATASET,NORMAL,0
BRT,BRT_POWER_001,2026-03-01T01:35:00+00:00,46.581695101778365,kW,GOOD,SYNTHETIC_ML_DATASET,NORMAL,0
BRT,BRT_PRESS_001,2026-03-01T01:35:00+00:00,986.8456251343887,hPa,GOOD,SYNTHETIC_ML_DATASET,NORMAL,0
BRT,BRT_TEMP_001,2026-03-01T01:35:00+00:00,-7.195176370143728,C,GOOD,SYNTHETIC_ML_DATASET,NORMAL,0
BRT,BRT_VIB_001,2026-03-01T01:35:00+00:00,0.8400469922697424,mm/s,GOOD,SYNTHETIC_ML_DATASET,NORMAL,0
BRT,BRT_HUM_001,2026-03-01T01:36:00+00:00,66.71002579504716,%,GOOD,SYNTHETIC_ML_DATASET,NORMAL,0
BRT,BRT_POWER_001,2026-03-01T01:36:00+00:00,45.7948434286513,kW,GOOD,SYNTHETIC_ML_DATASET,NORMAL,0
BRT,BRT_PRESS_001,2026-03-01T01:36:00+00:00,986.7895651821984,hPa,GOOD,SYNTHETIC_ML_DATASET,NORMAL,0
BRT,BRT_TEMP_001,2026-03-01T01:36:00+00:00,-7.330185256138641,C,GOOD,SYNTHETIC_ML_DATASET,NORMAL,0
BRT,BRT_VIB_001,2026-03-01T01:36:00+00:00,0.8181983658409916,mm/s,GOOD,SYNTHETIC_ML_DATASET,NORMAL,0
BRT,BRT_HUM_001,2026-03-01T01:37:00+00:00,66.21152987565598,%,GOOD,SYNTHETIC_ML_DATASET,NORMAL,0
BRT,BRT_POWER_001,2026-03-01T01:37:00+00:00,45.44313534290889,kW,GOOD,SYNTHETIC_ML_DATASET,NORMAL,0
BRT,BRT_PRESS_001,2026-03-01T01:37:00+00:00,986.818538821462,hPa,GOOD,SYNTHETIC_ML_DATASET,NORMAL,0
BRT,BRT_TEMP_001,2026-03-01T01:37:00+00:00,-7.6157758477115385,C,GOOD,SYNTHETIC_ML_DATASET,NORMAL,0
BRT,BRT_VIB_001,2026-03-01T01:37:00+00:00,0.8405904233052138,mm/s,GOOD,SYNTHETIC_ML_DATASET,NORMAL,0
BRT,BRT_HUM_001,2026-03-01T01:38:00+00:00,66.11927898497247,%,GOOD,SYNTHETIC_ML_DATASET,NORMAL,0
BRT,BRT_POWER_001,2026-03-01T01:38:00+00:00,45.809270149269224,kW,GOOD,SYNTHETIC_ML_DATASET,NORMAL,0
BRT,BRT_PRESS_001,2026-03-01T01:38:00+00:00,986.8645649201036,hPa,GOOD,SYNTHETIC_ML_DATASET,NORMAL,0
BRT,BRT_TEMP_001,2026-03-01T01:38:00+00:00,-7.697853719839425,C,GOOD,SYNTHETIC_ML_DATASET,NORMAL,0
BRT,BRT_VIB_001,2026-03-01T01:38:00+00:00,0.8317634210364967,mm/s,GOOD,SYNTHETIC_ML_DATASET,NORMAL,0
BRT,BRT_HUM_001,2026-03-01T01:39:00+00:00,66.23532752808497,%,GOOD,SYNTHETIC_ML_DATASET,NORMAL,0
BRT,BRT_POWER_001,2026-03-01T01:39:00+00:00,45.650289118856016,kW,GOOD,SYNTHETIC_ML_DATASET,NORMAL,0
BRT,BRT_PRESS_001,2026-03-01T01:39:00+00:00,986.8634536041131,hPa,GOOD,SYNTHETIC_ML_DATASET,NORMAL,0
BRT,BRT_TEMP_001,2026-03-01T01:39:00+00:00,-7.449485552884235,C,GOOD,SYNTHETIC_ML_DATASET,NORMAL,0
BRT,BRT_VIB_001,2026-03-01T01:39:00+00:00,0.8444270764973358,mm/s,GOOD,SYNTHETIC_ML_DATASET,NORMAL,0
BRT,BRT_HUM_001,2026-03-01T01:40:00+00:00,66.42310183531326,%,GOOD,SYNTHETIC_ML_DATASET,NORMAL,0
BRT,BRT_POWER_001,2026-03-01T01:40:00+00:00,45.856223832456095,kW,GOOD,SYNTHETIC_ML_DATASET,NORMAL,0
BRT,BRT_PRESS_001,2026-03-01T01:40:00+00:00,986.9603793254307,hPa,GOOD,SYNTHETIC_ML_DATASET,NORMAL,0
BRT,BRT_TEMP_001,2026-03-01T01:40:00+00:00,-7.637054192692857,C,GOOD,SYNTHETIC_ML_DATASET,NORMAL,0
BRT,BRT_VIB_001,2026-03-01T01:40:00+00:00,0.8517063288311056,mm/s,GOOD,SYNTHETIC_ML_DATASET,NORMAL,0
BRT,BRT_HUM_001,2026-03-01T01:41:00+00:00,65.90708070314022,%,GOOD,SYNTHETIC_ML_DATASET,NORMAL,0
BRT,BRT_POWER_001,2026-03-01T01:41:00+00:00,45.1719869669685,kW,GOOD,SYNTHETIC_ML_DATASET,NORMAL,0
BRT,BRT_PRESS_001,2026-03-01T01:41:00+00:00,986.8207177821705,hPa,GOOD,SYNTHETIC_ML_DATASET,NORMAL,0
BRT,BRT_TEMP_001,2026-03-01T01:41:00+00:00,-7.7402434710115156,C,GOOD,SYNTHETIC_ML_DATASET,NORMAL,0
BRT,BRT_VIB_001,2026-03-01T01:41:00+00:00,0.8345010912572904,mm/s,GOOD,SYNTHETIC_ML_DATASET,NORMAL,0
BRT,BRT_HUM_001,2026-03-01T01:42:00+00:00,65.58590326151283,%,GOOD,SYNTHETIC_ML_DATASET,NORMAL,0
BRT,BRT_POWER_001,2026-03-01T01:42:00+00:00,46.02455918141288,kW,GOOD,SYNTHETIC_ML_DATASET,NORMAL,0
BRT,BRT_PRESS_001,2026-03-01T01:42:00+00:00,986.626237312569,hPa,GOOD,SYNTHETIC_ML_DATASET,NORMAL,0
BRT,BRT_TEMP_001,2026-03-01T01:42:00+00:00,-7.695227011555924,C,GOOD,SYNTHETIC_ML_DATASET,NORMAL,0
BRT,BRT_VIB_001,2026-03-01T01:42:00+00:00,0.8181602464783468,mm/s,GOOD,SYNTHETIC_ML_DATASET,NORMAL,0
BRT,BRT_HUM_001,2026-03-01T01:43:00+00:00,66.51553791059449,%,GOOD,SYNTHETIC_ML_DATASET,NORMAL,0
BRT,BRT_POWER_001,2026-03-01T01:43:00+00:00,45.740794297661914,kW,GOOD,SYNTHETIC_ML_DATASET,NORMAL,0
BRT,BRT_PRESS_001,2026-03-01T01:43:00+00:00,986.6299101960005,hPa,GOOD,SYNTHETIC_ML_DATASET,NORMAL,0
BRT,BRT_TEMP_001,2026-03-01T01:43:00+00:00,-7.497432782342029,C,GOOD,SYNTHETIC_ML_DATASET,NORMAL,0
BRT,BRT_VIB_001,2026-03-01T01:43:00+00:00,0.7900869370458617,mm/s,GOOD,SYNTHETIC_ML_DATASET,NORMAL,0
BRT,BRT_HUM_001,2026-03-01T01:44:00+00:00,65.49358719585732,%,GOOD,SYNTHETIC_ML_DATASET,NORMAL,0
BRT,BRT_POWER_001,2026-03-01T01:44:00+00:00,46.1851875865246,kW,GOOD,SYNTHETIC_ML_DATASET,NORMAL,0
BRT,BRT_PRESS_001,2026-03-01T01:44:00+00:00,986.6993731515633,hPa,GOOD,SYNTHETIC_ML_DATASET,NORMAL,0
BRT,BRT_TEMP_001,2026-03-01T01:44:00+00:00,-7.728338634669147,C,GOOD,SYNTHETIC_ML_DATASET,NORMAL,0
BRT,BRT_VIB_001,2026-03-01T01:44:00+00:00,0.8176582875834275,mm/s,GOOD,SYNTHETIC_ML_DATASET,NORMAL,0
BRT,BRT_HUM_001,2026-03-01T01:45:00+00:00,66.06100257533811,%,GOOD,SYNTHETIC_ML_DATASET,NORMAL,0
BRT,BRT_POWER_001,2026-03-01T01:45:00+00:00,45.891341437529576,kW,GOOD,SYNTHETIC_ML_DATASET,NORMAL,0
BRT,BRT_PRESS_001,2026-03-01T01:45:00+00:00,986.7278151517596,hPa,GOOD,SYNTHETIC_ML_DATASET,NORMAL,0
BRT,BRT_TEMP_001,2026-03-01T01:45:00+00:00,-7.802693192318061,C,GOOD,SYNTHETIC_ML_DATASET,NORMAL,0
BRT,BRT_VIB_001,2026-03-01T01:45:00+00:00,0.8353791737022993,mm/s,GOOD,SYNTHETIC_ML_DATASET,NORMAL,0
BRT,BRT_HUM_001,2026-03-01T01:46:00+00:00,65.25642368040752,%,GOOD,SYNTHETIC_ML_DATASET,NORMAL,0
BRT,BRT_POWER_001,2026-03-01T01:46:00+00:00,45.43917150196301,kW,GOOD,SYNTHETIC_ML_DATASET,NORMAL,0
BRT,BRT_PRESS_001,2026-03-01T01:46:00+00:00,986.7909162925025,hPa,GOOD,SYNTHETIC_ML_DATASET,NORMAL,0
BRT,BRT_TEMP_001,2026-03-01T01:46:00+00:00,-7.722777779294643,C,GOOD,SYNTHETIC_ML_DATASET,NORMAL,0
BRT,BRT_VIB_001,2026-03-01T01:46:00+00:00,0.8477612163486666,mm/s,GOOD,SYNTHETIC_ML_DATASET,NORMAL,0
BRT,BRT_HUM_001,2026-03-01T01:47:00+00:00,65.66735880423883,%,GOOD,SYNTHETIC_ML_DATASET,NORMAL,0
BRT,BRT_POWER_001,2026-03-01T01:47:00+00:00,45.921275688776035,kW,GOOD,SYNTHETIC_ML_DATASET,NORMAL,0
BRT,BRT_PRESS_001,2026-03-01T01:47:00+00:00,986.6929650858422,hPa,GOOD,SYNTHETIC_ML_DATASET,NORMAL,0
BRT,BRT_TEMP_001,2026-03-01T01:47:00+00:00,-8.041274197156797,C,GOOD,SYNTHETIC_ML_DATASET,NORMAL,0
BRT,BRT_VIB_001,2026-03-01T01:47:00+00:00,0.8308651160513324,mm/s,GOOD,SYNTHETIC_ML_DATASET,NORMAL,0
BRT,BRT_HUM_001,2026-03-01T01:48:00+00:00,65.66138896817735,%,GOOD,SYNTHETIC_ML_DATASET,NORMAL,0
BRT,BRT_POWER_001,2026-03-01T01:48:00+00:00,46.16391502281532,kW,GOOD,SYNTHETIC_ML_DATASET,NORMAL,0
BRT,BRT_PRESS_001,2026-03-01T01:48:00+00:00,986.458311867312,hPa,GOOD,SYNTHETIC_ML_DATASET,NORMAL,0
BRT,BRT_TEMP_001,2026-03-01T01:48:00+00:00,-7.966820297160309,C,GOOD,SYNTHETIC_ML_DATASET,NORMAL,0
BRT,BRT_VIB_001,2026-03-01T01:48:00+00:00,0.8637928894967574,mm/s,GOOD,SYNTHETIC_ML_DATASET,NORMAL,0
BRT,BRT_HUM_001,2026-03-01T01:49:00+00:00,65.1449598323932,%,GOOD,SYNTHETIC_ML_DATASET,NORMAL,0
BRT,BRT_POWER_001,2026-03-01T01:49:00+00:00,46.076758231558394,kW,GOOD,SYNTHETIC_ML_DATASET,NORMAL,0
BRT,BRT_PRESS_001,2026-03-01T01:49:00+00:00,986.5418189955797,hPa,GOOD,SYNTHETIC_ML_DATASET,NORMAL,0
BRT,BRT_TEMP_001,2026-03-01T01:49:00+00:00,-8.059308945974943,C,GOOD,SYNTHETIC_ML_DATASET,NORMAL,0
BRT,BRT_VIB_001,2026-03-01T01:49:00+00:00,0.8453743427782358,mm/s,GOOD,SYNTHETIC_ML_DATASET,NORMAL,0
BRT,BRT_HUM_001,2026-03-01T01:50:00+00:00,66.15891377606967,%,GOOD,SYNTHETIC_ML_DATASET,NORMAL,0
BRT,BRT_POWER_001,2026-03-01T01:50:00+00:00,46.189924621219724,kW,GOOD,SYNTHETIC_ML_DATASET,NORMAL,0
BRT,BRT_PRESS_001,2026-03-01T01:50:00+00:00,986.5012808831732,hPa,GOOD,SYNTHETIC_ML_DATASET,NORMAL,0
BRT,BRT_TEMP_001,2026-03-01T01:50:00+00:00,-8.030452093751823,C,GOOD,SYNTHETIC_ML_DATASET,NORMAL,0
BRT,BRT_VIB_001,2026-03-01T01:50:00+00:00,0.8431444920167602,mm/s,GOOD,SYNTHETIC_ML_DATASET,NORMAL,0
BRT,BRT_HUM_001,2026-03-01T01:51:00+00:00,65.15286219005641,%,GOOD,SYNTHETIC_ML_DATASET,NORMAL,0
BRT,BRT_POWER_001,2026-03-01T01:51:00+00:00,45.931378355491134,kW,GOOD,SYNTHETIC_ML_DATASET,NORMAL,0
BRT,BRT_PRESS_001,2026-03-01T01:51:00+00:00,986.5314512386213,hPa,GOOD,SYNTHETIC_ML_DATASET,NORMAL,0
BRT,BRT_TEMP_001,2026-03-01T01:51:00+00:00,-8.032118561991965,C,GOOD,SYNTHETIC_ML_DATASET,NORMAL,0
BRT,BRT_VIB_001,2026-03-01T01:51:00+00:00,0.8241788061947904,mm/s,GOOD,SYNTHETIC_ML_DATASET,NORMAL,0
BRT,BRT_HUM_001,2026-03-01T01:52:00+00:00,64.9862425889114,%,GOOD,SYNTHETIC_ML_DATASET,NORMAL,0
BRT,BRT_POWER_001,2026-03-01T01:52:00+00:00,45.59641438459995,kW,GOOD,SYNTHETIC_ML_DATASET,NORMAL,0
BRT,BRT_PRESS_001,2026-03-01T01:52:00+00:00,986.3889117829295,hPa,GOOD,SYNTHETIC_ML_DATASET,NORMAL,0
BRT,BRT_TEMP_001,2026-03-01T01:52:00+00:00,-8.08256803745408,C,GOOD,SYNTHETIC_ML_DATASET,NORMAL,0
BRT,BRT_VIB_001,2026-03-01T01:52:00+00:00,0.8409927054771174,mm/s,GOOD,SYNTHETIC_ML_DATASET,NORMAL,0
BRT,BRT_HUM_001,2026-03-01T01:53:00+00:00,64.99205606704287,%,GOOD,SYNTHETIC_ML_DATASET,NORMAL,0
BRT,BRT_POWER_001,2026-03-01T01:53:00+00:00,46.05211442670587,kW,GOOD,SYNTHETIC_ML_DATASET,NORMAL,0
BRT,BRT_PRESS_001,2026-03-01T01:53:00+00:00,986.5385349936141,hPa,GOOD,SYNTHETIC_ML_DATASET,NORMAL,0
BRT,BRT_TEMP_001,2026-03-01T01:53:00+00:00,-8.330480951012468,C,GOOD,SYNTHETIC_ML_DATASET,NORMAL,0
BRT,BRT_VIB_001,2026-03-01T01:53:00+00:00,0.835415832719556,mm/s,GOOD,SYNTHETIC_ML_DATASET,NORMAL,0
BRT,BRT_HUM_001,2026-03-01T01:54:00+00:00,63.71947477327414,%,GOOD,SYNTHETIC_ML_DATASET,NORMAL,0
BRT,BRT_POWER_001,2026-03-01T01:54:00+00:00,45.85476082647966,kW,GOOD,SYNTHETIC_ML_DATASET,NORMAL,0
BRT,BRT_PRESS_001,2026-03-01T01:54:00+00:00,986.4645375711816,hPa,GOOD,SYNTHETIC_ML_DATASET,NORMAL,0
BRT,BRT_TEMP_001,2026-03-01T01:54:00+00:00,-8.326153621298289,C,GOOD,SYNTHETIC_ML_DATASET,NORMAL,0
BRT,BRT_VIB_001,2026-03-01T01:54:00+00:00,0.8060824249972258,mm/s,GOOD,SYNTHETIC_ML_DATASET,NORMAL,0
BRT,BRT_HUM_001,2026-03-01T01:55:00+00:00,64.59085545123796,%,GOOD,SYNTHETIC_ML_DATASET,NORMAL,0
BRT,BRT_POWER_001,2026-03-01T01:55:00+00:00,45.69264636549115,kW,GOOD,SYNTHETIC_ML_DATASET,NORMAL,0
BRT,BRT_PRESS_001,2026-03-01T01:55:00+00:00,986.4476543634478,hPa,GOOD,SYNTHETIC_ML_DATASET,NORMAL,0
BRT,BRT_TEMP_001,2026-03-01T01:55:00+00:00,-8.490027156176073,C,GOOD,SYNTHETIC_ML_DATASET,NORMAL,0
BRT,BRT_VIB_001,2026-03-01T01:55:00+00:00,0.823534273969987,mm/s,GOOD,SYNTHETIC_ML_DATASET,NORMAL,0
BRT,BRT_HUM_001,2026-03-01T01:56:00+00:00,63.906554723144964,%,GOOD,SYNTHETIC_ML_DATASET,NORMAL,0
BRT,BRT_POWER_001,2026-03-01T01:56:00+00:00,44.852419533912716,kW,GOOD,SYNTHETIC_ML_DATASET,NORMAL,0
BRT,BRT_PRESS_001,2026-03-01T01:56:00+00:00,986.2671280192272,hPa,GOOD,SYNTHETIC_ML_DATASET,NORMAL,0
BRT,BRT_TEMP_001,2026-03-01T01:56:00+00:00,-8.46987746937821,C,GOOD,SYNTHETIC_ML_DATASET,NORMAL,0
BRT,BRT_VIB_001,2026-03-01T01:56:00+00:00,0.8123093606818873,mm/s,GOOD,SYNTHETIC_ML_DATASET,NORMAL,0
BRT,BRT_HUM_001,2026-03-01T01:57:00+00:00,62.99954934151498,%,GOOD,SYNTHETIC_ML_DATASET,NORMAL,0
BRT,BRT_POWER_001,2026-03-01T01:57:00+00:00,44.829296147223964,kW,GOOD,SYNTHETIC_ML_DATASET,NORMAL,0
BRT,BRT_PRESS_001,2026-03-01T01:57:00+00:00,986.2730803329127,hPa,GOOD,SYNTHETIC_ML_DATASET,NORMAL,0
BRT,BRT_TEMP_001,2026-03-01T01:57:00+00:00,-8.50194549897433,C,GOOD,SYNTHETIC_ML_DATASET,NORMAL,0
BRT,BRT_VIB_001,2026-03-01T01:57:00+00:00,0.8080158047050403,mm/s,GOOD,SYNTHETIC_ML_DATASET,NORMAL,0
BRT,BRT_HUM_001,2026-03-01T01:58:00+00:00,63.50886787533685,%,GOOD,SYNTHETIC_ML_DATASET,NORMAL,0
BRT,BRT_POWER_001,2026-03-01T01:58:00+00:00,45.21898205224039,kW,GOOD,SYNTHETIC_ML_DATASET,NORMAL,0
BRT,BRT_PRESS_001,2026-03-01T01:58:00+00:00,986.0547911341681,hPa,GOOD,SYNTHETIC_ML_DATASET,NORMAL,0
BRT,BRT_TEMP_001,2026-03-01T01:58:00+00:00,-8.38166526024862,C,GOOD,SYNTHETIC_ML_DATASET,NORMAL,0
BRT,BRT_VIB_001,2026-03-01T01:58:00+00:00,0.8121543550127625,mm/s,GOOD,SYNTHETIC_ML_DATASET,NORMAL,0
BRT,BRT_HUM_001,2026-03-01T01:59:00+00:00,63.096086106437795,%,GOOD,SYNTHETIC_ML_DATASET,NORMAL,0
BRT,BRT_POWER_001,2026-03-01T01:59:00+00:00,45.81634718401475,kW,GOOD,SYNTHETIC_ML_DATASET,NORMAL,0
BRT,BRT_PRESS_001,2026-03-01T01:59:00+00:00,985.9085752820815,hPa,GOOD,SYNTHETIC_ML_DATASET,NORMAL,0
BRT,BRT_TEMP_001,2026-03-01T01:59:00+00:00,-8.396157781896427,C,GOOD,SYNTHETIC_ML_DATASET,NORMAL,0
BRT,BRT_VIB_001,2026-03-01T01:59:00+00:00,0.825802247383853,mm/s,GOOD,SYNTHETIC_ML_DATASET,NORMAL,0
BRT,BRT_HUM_001,2026-03-01T02:00:00+00:00,63.153583130865094,%,GOOD,SYNTHETIC_ML_DATASET,NORMAL,0
BRT,BRT_POWER_001,2026-03-01T02:00:00+00:00,44.97982411533456,kW,GOOD,SYNTHETIC_ML_DATASET,NORMAL,0
BRT,BRT_PRESS_001,2026-03-01T02:00:00+00:00,985.9968707346067,hPa,GOOD,SYNTHETIC_ML_DATASET,NORMAL,0
BRT,BRT_TEMP_001,2026-03-01T02:00:00+00:00,-8.565917622279352,C,GOOD,SYNTHETIC_ML_DATASET,NORMAL,0
BRT,BRT_VIB_001,2026-03-01T02:00:00+00:00,0.8101339253307358,mm/s,GOOD,SYNTHETIC_ML_DATASET,NORMAL,0
BRT,BRT_HUM_001,2026-03-01T02:01:00+00:00,64.05328891369228,%,GOOD,SYNTHETIC_ML_DATASET,NORMAL,0
BRT,BRT_POWER_001,2026-03-01T02:01:00+00:00,44.91495138017856,kW,GOOD,SYNTHETIC_ML_DATASET,NORMAL,0
BRT,BRT_PRESS_001,2026-03-01T02:01:00+00:00,985.8078270469906,hPa,GOOD,SYNTHETIC_ML_DATASET,NORMAL,0
BRT,BRT_TEMP_001,2026-03-01T02:01:00+00:00,-8.650600406695052,C,GOOD,SYNTHETIC_ML_DATASET,NORMAL,0
BRT,BRT_VIB_001,2026-03-01T02:01:00+00:00,0.7924240274490882,mm/s,GOOD,SYNTHETIC_ML_DATASET,NORMAL,0
BRT,BRT_HUM_001,2026-03-01T02:02:00+00:00,62.77428331137358,%,GOOD,SYNTHETIC_ML_DATASET,NORMAL,0
BRT,BRT_POWER_001,2026-03-01T02:02:00+00:00,44.82025844990297,kW,GOOD,SYNTHETIC_ML_DATASET,NORMAL,0
BRT,BRT_PRESS_001,2026-03-01T02:02:00+00:00,985.894930176678,hPa,GOOD,SYNTHETIC_ML_DATASET,NORMAL,0
BRT,BRT_TEMP_001,2026-03-01T02:02:00+00:00,-8.769998588386876,C,GOOD,SYNTHETIC_ML_DATASET,NORMAL,0
BRT,BRT_VIB_001,2026-03-01T02:02:00+00:00,0.7900475853120815,mm/s,GOOD,SYNTHETIC_ML_DATASET,NORMAL,0
BRT,BRT_HUM_001,2026-03-01T02:03:00+00:00,63.5764595925372,%,GOOD,SYNTHETIC_ML_DATASET,NORMAL,0
BRT,BRT_POWER_001,2026-03-01T02:03:00+00:00,44.882580372157676,kW,GOOD,SYNTHETIC_ML_DATASET,NORMAL,0
BRT,BRT_PRESS_001,2026-03-01T02:03:00+00:00,985.7958821264396,hPa,GOOD,SYNTHETIC_ML_DATASET,NORMAL,0
BRT,BRT_TEMP_001,2026-03-01T02:03:00+00:00,-8.603664727810694,C,GOOD,SYNTHETIC_ML_DATASET,NORMAL,0
BRT,BRT_VIB_001,2026-03-01T02:03:00+00:00,0.7676851585079839,mm/s,GOOD,SYNTHETIC_ML_DATASET,NORMAL,0
BRT,BRT_HUM_001,2026-03-01T02:04:00+00:00,62.712696511997294,%,GOOD,SYNTHETIC_ML_DATASET,NORMAL,0
BRT,BRT_POWER_001,2026-03-01T02:04:00+00:00,44.75850711481683,kW,GOOD,SYNTHETIC_ML_DATASET,NORMAL,0
BRT,BRT_PRESS_001,2026-03-01T02:04:00+00:00,985.7248746973441,hPa,GOOD,SYNTHETIC_ML_DATASET,NORMAL,0
BRT,BRT_TEMP_001,2026-03-01T02:04:00+00:00,-8.596390524824052,C,GOOD,SYNTHETIC_ML_DATASET,NORMAL,0
BRT,BRT_VIB_001,2026-03-01T02:04:00+00:00,0.8022188701490186,mm/s,GOOD,SYNTHETIC_ML_DATASET,NORMAL,0
BRT,BRT_HUM_001,2026-03-01T02:05:00+00:00,62.700358646222455,%,GOOD,SYNTHETIC_ML_DATASET,NORMAL,0
BRT,BRT_POWER_001,2026-03-01T02:05:00+00:00,44.1427887168685,kW,GOOD,SYNTHETIC_ML_DATASET,NORMAL,0
BRT,BRT_PRESS_001,2026-03-01T02:05:00+00:00,985.6620684004788,hPa,GOOD,SYNTHETIC_ML_DATASET,NORMAL,0
BRT,BRT_TEMP_001,2026-03-01T02:05:00+00:00,-8.605654578690233,C,GOOD,SYNTHETIC_ML_DATASET,NORMAL,0
BRT,BRT_VIB_001,2026-03-01T02:05:00+00:00,0.7891592089838737,mm/s,GOOD,SYNTHETIC_ML_DATASET,NORMAL,0
BRT,BRT_HUM_001,2026-03-01T02:06:00+00:00,62.71003635300195,%,GOOD,SYNTHETIC_ML_DATASET,NORMAL,0
BRT,BRT_POWER_001,2026-03-01T02:06:00+00:00,43.88288187556776,kW,GOOD,SYNTHETIC_ML_DATASET,NORMAL,0
BRT,BRT_PRESS_001,2026-03-01T02:06:00+00:00,985.5748115693366,hPa,GOOD,SYNTHETIC_ML_DATASET,NORMAL,0
BRT,BRT_TEMP_001,2026-03-01T02:06:00+00:00,-8.32562243119408,C,GOOD,SYNTHETIC_ML_DATASET,NORMAL,0
BRT,BRT_VIB_001,2026-03-01T02:06:00+00:00,0.7737099728475554,mm/s,GOOD,SYNTHETIC_ML_DATASET,NORMAL,0
BRT,BRT_HUM_001,2026-03-01T02:07:00+00:00,62.40920671418259,%,GOOD,SYNTHETIC_ML_DATASET,NORMAL,0
BRT,BRT_POWER_001,2026-03-01T02:07:00+00:00,44.227240841038885,kW,GOOD,SYNTHETIC_ML_DATASET,NORMAL,0
BRT,BRT_PRESS_001,2026-03-01T02:07:00+00:00,985.4448006354228,hPa,GOOD,SYNTHETIC_ML_DATASET,NORMAL,0
BRT,BRT_TEMP_001,2026-03-01T02:07:00+00:00,-8.799684972811672,C,GOOD,SYNTHETIC_ML_DATASET,NORMAL,0
BRT,BRT_VIB_001,2026-03-01T02:07:00+00:00,0.7703656079813953,mm/s,GOOD,SYNTHETIC_ML_DATASET,NORMAL,0
BRT,BRT_HUM_001,2026-03-01T02:08:00+00:00,62.85265002521587,%,GOOD,SYNTHETIC_ML_DATASET,NORMAL,0
BRT,BRT_POWER_001,2026-03-01T02:08:00+00:00,44.02263087176782,kW,GOOD,SYNTHETIC_ML_DATASET,NORMAL,0
BRT,BRT_PRESS_001,2026-03-01T02:08:00+00:00,985.5607191252975,hPa,GOOD,SYNTHETIC_ML_DATASET,NORMAL,0
BRT,BRT_TEMP_001,2026-03-01T02:08:00+00:00,-8.831078723779322,C,GOOD,SYNTHETIC_ML_DATASET,NORMAL,0
BRT,BRT_VIB_001,2026-03-01T02:08:00+00:00,0.7812256622331952,mm/s,GOOD,SYNTHETIC_ML_DATASET,NORMAL,0
BRT,BRT_HUM_001,2026-03-01T02:09:00+00:00,61.953876992572006,%,GOOD,SYNTHETIC_ML_DATASET,NORMAL,0
BRT,BRT_POWER_001,2026-03-01T02:09:00+00:00,43.74201394541455,kW,GOOD,SYNTHETIC_ML_DATASET,NORMAL,0
BRT,BRT_PRESS_001,2026-03-01T02:09:00+00:00,985.6463585391549,hPa,GOOD,SYNTHETIC_ML_DATASET,NORMAL,0
BRT,BRT_TEMP_001,2026-03-01T02:09:00+00:00,-8.918435421675866,C,GOOD,SYNTHETIC_ML_DATASET,NORMAL,0
BRT,BRT_VIB_001,2026-03-01T02:09:00+00:00,0.7866688137115347,mm/s,GOOD,SYNTHETIC_ML_DATASET,NORMAL,0
BRT,BRT_HUM_001,2026-03-01T02:10:00+00:00,62.30279725914034,%,GOOD,SYNTHETIC_ML_DATASET,NORMAL,0
BRT,BRT_POWER_001,2026-03-01T02:10:00+00:00,43.84113114403037,kW,GOOD,SYNTHETIC_ML_DATASET,NORMAL,0
BRT,BRT_PRESS_001,2026-03-01T02:10:00+00:00,985.4798677340485,hPa,GOOD,SYNTHETIC_ML_DATASET,NORMAL,0
BRT,BRT_TEMP_001,2026-03-01T02:10:00+00:00,-9.12163388629427,C,GOOD,SYNTHETIC_ML_DATASET,NORMAL,0
BRT,BRT_VIB_001,2026-03-01T02:10:00+00:00,0.7518554981235368,mm/s,GOOD,SYNTHETIC_ML_DATASET,NORMAL,0
BRT,BRT_HUM_001,2026-03-01T02:11:00+00:00,61.66714337136062,%,GOOD,SYNTHETIC_ML_DATASET,NORMAL,0
BRT,BRT_POWER_001,2026-03-01T02:11:00+00:00,43.60966358108517,kW,GOOD,SYNTHETIC_ML_DATASET,NORMAL,0
BRT,BRT_PRESS_001,2026-03-01T02:11:00+00:00,985.5451572094597,hPa,GOOD,SYNTHETIC_ML_DATASET,NORMAL,0
BRT,BRT_TEMP_001,2026-03-01T02:11:00+00:00,-9.07926041317981,C,GOOD,SYNTHETIC_ML_DATASET,NORMAL,0
BRT,BRT_VIB_001,2026-03-01T02:11:00+00:00,0.7622861141659424,mm/s,GOOD,SYNTHETIC_ML_DATASET,NORMAL,0
BRT,BRT_HUM_001,2026-03-01T02:12:00+00:00,62.4652915739117,%,GOOD,SYNTHETIC_ML_DATASET,NORMAL,0
BRT,BRT_POWER_001,2026-03-01T02:12:00+00:00,43.389416635568026,kW,GOOD,SYNTHETIC_ML_DATASET,NORMAL,0
BRT,BRT_PRESS_001,2026-03-01T02:12:00+00:00,985.5347950461862,hPa,GOOD,SYNTHETIC_ML_DATASET,NORMAL,0
BRT,BRT_TEMP_001,2026-03-01T02:12:00+00:00,-9.36325863671122,C,GOOD,SYNTHETIC_ML_DATASET,NORMAL,0
BRT,BRT_VIB_001,2026-03-01T02:12:00+00:00,0.7891980228827681,mm/s,GOOD,SYNTHETIC_ML_DATASET,NORMAL,0
BRT,BRT_HUM_001,2026-03-01T02:13:00+00:00,61.82209371294584,%,GOOD,SYNTHETIC_ML_DATASET,NORMAL,0
BRT,BRT_POWER_001,2026-03-01T02:13:00+00:00,42.8515829753511,kW,GOOD,SYNTHETIC_ML_DATASET,NORMAL,0
BRT,BRT_PRESS_001,2026-03-01T02:13:00+00:00,985.4546567602108,hPa,GOOD,SYNTHETIC_ML_DATASET,NORMAL,0
BRT,BRT_TEMP_001,2026-03-01T02:13:00+00:00,-9.372846323484822,C,GOOD,SYNTHETIC_ML_DATASET,NORMAL,0
BRT,BRT_VIB_001,2026-03-01T02:13:00+00:00,0.7698548868738423,mm/s,GOOD,SYNTHETIC_ML_DATASET,NORMAL,0
BRT,BRT_HUM_001,2026-03-01T02:14:00+00:00,62.001614402572066,%,GOOD,SYNTHETIC_ML_DATASET,NORMAL,0
BRT,BRT_POWER_001,2026-03-01T02:14:00+00:00,42.56206660501598,kW,GOOD,SYNTHETIC_ML_DATASET,NORMAL,0
BRT,BRT_PRESS_001,2026-03-01T02:14:00+00:00,985.3936570154626,hPa,GOOD,SYNTHETIC_ML_DATASET,NORMAL,0
BRT,BRT_TEMP_001,2026-03-01T02:14:00+00:00,-9.690951189129947,C,GOOD,SYNTHETIC_ML_DATASET,NORMAL,0
BRT,BRT_VIB_001,2026-03-01T02:14:00+00:00,0.7750420041326108,mm/s,GOOD,SYNTHETIC_ML_DATASET,NORMAL,0
BRT,BRT_HUM_001,2026-03-01T02:15:00+00:00,61.42324921466902,%,GOOD,SYNTHETIC_ML_DATASET,NORMAL,0
BRT,BRT_POWER_001,2026-03-01T02:15:00+00:00,42.005490353982324,kW,GOOD,SYNTHETIC_ML_DATASET,NORMAL,0
BRT,BRT_PRESS_001,2026-03-01T02:15:00+00:00,985.5257014428646,hPa,GOOD,SYNTHETIC_ML_DATASET,NORMAL,0
BRT,BRT_TEMP_001,2026-03-01T02:15:00+00:00,-9.795612783038509,C,GOOD,SYNTHETIC_ML_DATASET,NORMAL,0
BRT,BRT_VIB_001,2026-03-01T02:15:00+00:00,0.7441778565766249,mm/s,GOOD,SYNTHETIC_ML_DATASET,NORMAL,0
BRT,BRT_HUM_001,2026-03-01T02:16:00+00:00,60.804069414185996,%,GOOD,SYNTHETIC_ML_DATASET,NORMAL,0
BRT,BRT_POWER_001,2026-03-01T02:16:00+00:00,42.440785343321146,kW,GOOD,SYNTHETIC_ML_DATASET,NORMAL,0
BRT,BRT_PRESS_001,2026-03-01T02:16:00+00:00,985.4753667111786,hPa,GOOD,SYNTHETIC_ML_DATASET,NORMAL,0
BRT,BRT_TEMP_001,2026-03-01T02:16:00+00:00,-9.756167789586815,C,GOOD,SYNTHETIC_ML_DATASET,NORMAL,0
BRT,BRT_VIB_001,2026-03-01T02:16:00+00:00,0.7572454995101636,mm/s,GOOD,SYNTHETIC_ML_DATASET,NORMAL,0
BRT,BRT_HUM_001,2026-03-01T02:17:00+00:00,59.391624373573414,%,GOOD,SYNTHETIC_ML_DATASET,NORMAL,0
BRT,BRT_POWER_001,2026-03-01T02:17:00+00:00,42.57461752155078,kW,GOOD,SYNTHETIC_ML_DATASET,NORMAL,0
BRT,BRT_PRESS_001,2026-03-01T02:17:00+00:00,985.2923830994304,hPa,GOOD,SYNTHETIC_ML_DATASET,NORMAL,0
BRT,BRT_TEMP_001,2026-03-01T02:17:00+00:00,-9.670765489121491,C,GOOD,SYNTHETIC_ML_DATASET,NORMAL,0
BRT,BRT_VIB_001,2026-03-01T02:17:00+00:00,0.7254096779667761,mm/s,GOOD,SYNTHETIC_ML_DATASET,NORMAL,0
BRT,BRT_HUM_001,2026-03-01T02:18:00+00:00,60.482235812598354,%,GOOD,SYNTHETIC_ML_DATASET,NORMAL,0
BRT,BRT_POWER_001,2026-03-01T02:18:00+00:00,42.032026825352425,kW,GOOD,SYNTHETIC_ML_DATASET,NORMAL,0
BRT,BRT_PRESS_001,2026-03-01T02:18:00+00:00,985.3416330682034,hPa,GOOD,SYNTHETIC_ML_DATASET,NORMAL,0
BRT,BRT_TEMP_001,2026-03-01T02:18:00+00:00,-9.600065967290096,C,GOOD,SYNTHETIC_ML_DATASET,NORMAL,0
BRT,BRT_VIB_001,2026-03-01T02:18:00+00:00,0.7338536466764607,mm/s,GOOD,SYNTHETIC_ML_DATASET,NORMAL,0
BRT,BRT_HUM_001,2026-03-01T02:19:00+00:00,60.81106441336566,%,GOOD,SYNTHETIC_ML_DATASET,NORMAL,0
BRT,BRT_POWER_001,2026-03-01T02:19:00+00:00,42.21550161322267,kW,GOOD,SYNTHETIC_ML_DATASET,NORMAL,0
BRT,BRT_PRESS_001,2026-03-01T02:19:00+00:00,985.2422282780171,hPa,GOOD,SYNTHETIC_ML_DATASET,NORMAL,0
BRT,BRT_TEMP_001,2026-03-01T02:19:00+00:00,-9.29969486757173,C,GOOD,SYNTHETIC_ML_DATASET,NORMAL,0
BRT,BRT_VIB_001,2026-03-01T02:19:00+00:00,0.7153780862474141,mm/s,GOOD,SYNTHETIC_ML_DATASET,NORMAL,0
BRT,BRT_HUM_001,2026-03-01T02:20:00+00:00,60.62316490222611,%,GOOD,SYNTHETIC_ML_DATASET,NORMAL,0
BRT,BRT_POWER_001,2026-03-01T02:20:00+00:00,41.66610170335149,kW,GOOD,SYNTHETIC_ML_DATASET,NORMAL,0
BRT,BRT_PRESS_001,2026-03-01T02:20:00+00:00,985.3647003925576,hPa,GOOD,SYNTHETIC_ML_DATASET,NORMAL,0
BRT,BRT_TEMP_001,2026-03-01T02:20:00+00:00,-9.488395656072603,C,GOOD,SYNTHETIC_ML_DATASET,NORMAL,0
BRT,BRT_VIB_001,2026-03-01T02:20:00+00:00,0.7378852055810547,mm/s,GOOD,SYNTHETIC_ML_DATASET,NORMAL,0
BRT,BRT_HUM_001,2026-03-01T02:21:00+00:00,60.77005754542992,%,GOOD,SYNTHETIC_ML_DATASET,NORMAL,0
BRT,BRT_POWER_001,2026-03-01T02:21:00+00:00,41.64370836507687,kW,GOOD,SYNTHETIC_ML_DATASET,NORMAL,0
BRT,BRT_PRESS_001,2026-03-01T02:21:00+00:00,985.1713632334378,hPa,GOOD,SYNTHETIC_ML_DATASET,NORMAL,0
BRT,BRT_TEMP_001,2026-03-01T02:21:00+00:00,-9.69295762518498,C,GOOD,SYNTHETIC_ML_DATASET,NORMAL,0
BRT,BRT_VIB_001,2026-03-01T02:21:00+00:00,0.7269782687375239,mm/s,GOOD,SYNTHETIC_ML_DATASET,NORMAL,0
BRT,BRT_HUM_001,2026-03-01T02:22:00+00:00,60.37858860652289,%,GOOD,SYNTHETIC_ML_DATASET,NORMAL,0
BRT,BRT_POWER_001,2026-03-01T02:22:00+00:00,41.72066455424315,kW,GOOD,SYNTHETIC_ML_DATASET,NORMAL,0
BRT,BRT_PRESS_001,2026-03-01T02:22:00+00:00,985.1282445844348,hPa,GOOD,SYNTHETIC_ML_DATASET,NORMAL,0
BRT,BRT_TEMP_001,2026-03-01T02:22:00+00:00,-9.655774417056403,C,GOOD,SYNTHETIC_ML_DATASET,NORMAL,0
BRT,BRT_VIB_001,2026-03-01T02:22:00+00:00,0.7454993109807997,mm/s,GOOD,SYNTHETIC_ML_DATASET,NORMAL,0
BRT,BRT_HUM_001,2026-03-01T02:23:00+00:00,60.1324611806216,%,GOOD,SYNTHETIC_ML_DATASET,NORMAL,0
BRT,BRT_POWER_001,2026-03-01T02:23:00+00:00,41.10315873035127,kW,GOOD,SYNTHETIC_ML_DATASET,NORMAL,0
BRT,BRT_PRESS_001,2026-03-01T02:23:00+00:00,985.2035895706493,hPa,GOOD,SYNTHETIC_ML_DATASET,NORMAL,0
BRT,BRT_TEMP_001,2026-03-01T02:23:00+00:00,-9.944917759634784,C,GOOD,SYNTHETIC_ML_DATASET,NORMAL,0
BRT,BRT_VIB_001,2026-03-01T02:23:00+00:00,0.7544339319567345,mm/s,GOOD,SYNTHETIC_ML_DATASET,NORMAL,0
BRT,BRT_HUM_001,2026-03-01T02:24:00+00:00,59.700774821614004,%,GOOD,SYNTHETIC_ML_DATASET,NORMAL,0
BRT,BRT_POWER_001,2026-03-01T02:24:00+00:00,41.132060998471125,kW,GOOD,SYNTHETIC_ML_DATASET,NORMAL,0
BRT,BRT_PRESS_001,2026-03-01T02:24:00+00:00,985.0520825218414,hPa,GOOD,SYNTHETIC_ML_DATASET,NORMAL,0
BRT,BRT_TEMP_001,2026-03-01T02:24:00+00:00,-10.21122936494798,C,GOOD,SYNTHETIC_ML_DATASET,NORMAL,0
BRT,BRT_VIB_001,2026-03-01T02:24:00+00:00,0.7503050053504492,mm/s,GOOD,SYNTHETIC_ML_DATASET,NORMAL,0
BRT,BRT_HUM_001,2026-03-01T02:25:00+00:00,58.48124695666038,%,GOOD,SYNTHETIC_ML_DATASET,NORMAL,0
BRT,BRT_POWER_001,2026-03-01T02:25:00+00:00,41.65855053368584,kW,GOOD,SYNTHETIC_ML_DATASET,NORMAL,0
BRT,BRT_PRESS_001,2026-03-01T02:25:00+00:00,985.1162547783039,hPa,GOOD,SYNTHETIC_ML_DATASET,NORMAL,0
BRT,BRT_TEMP_001,2026-03-01T02:25:00+00:00,-10.317057984022869,C,GOOD,SYNTHETIC_ML_DATASET,NORMAL,0
BRT,BRT_VIB_001,2026-03-01T02:25:00+00:00,0.7513380716604953,mm/s,GOOD,SYNTHETIC_ML_DATASET,NORMAL,0
BRT,BRT_HUM_001,2026-03-01T02:26:00+00:00,59.073529064256135,%,GOOD,SYNTHETIC_ML_DATASET,NORMAL,0
BRT,BRT_POWER_001,2026-03-01T02:26:00+00:00,41.034719583587325,kW,GOOD,SYNTHETIC_ML_DATASET,NORMAL,0
BRT,BRT_PRESS_001,2026-03-01T02:26:00+00:00,985.0542075751491,hPa,GOOD,SYNTHETIC_ML_DATASET,NORMAL,0
BRT,BRT_TEMP_001,2026-03-01T02:26:00+00:00,-10.468405177876349,C,GOOD,SYNTHETIC_ML_DATASET,NORMAL,0
BRT,BRT_VIB_001,2026-03-01T02:26:00+00:00,0.7623102851496618,mm/s,GOOD,SYNTHETIC_ML_DATASET,NORMAL,0
BRT,BRT_HUM_001,2026-03-01T02:27:00+00:00,58.473507381797084,%,GOOD,SYNTHETIC_ML_DATASET,NORMAL,0
BRT,BRT_POWER_001,2026-03-01T02:27:00+00:00,41.29827955906961,kW,GOOD,SYNTHETIC_ML_DATASET,NORMAL,0
BRT,BRT_PRESS_001,2026-03-01T02:27:00+00:00,984.8534104858991,hPa,GOOD,SYNTHETIC_ML_DATASET,NORMAL,0
BRT,BRT_TEMP_001,2026-03-01T02:27:00+00:00,-10.349677886516773,C,GOOD,SYNTHETIC_ML_DATASET,NORMAL,0
BRT,BRT_VIB_001,2026-03-01T02:27:00+00:00,0.7291806616017047,mm/s,GOOD,SYNTHETIC_ML_DATASET,NORMAL,0
BRT,BRT_HUM_001,2026-03-01T02:28:00+00:00,58.63208072907752,%,GOOD,SYNTHETIC_ML_DATASET,NORMAL,0
BRT,BRT_POWER_001,2026-03-01T02:28:00+00:00,41.395267828192125,kW,GOOD,SYNTHETIC_ML_DATASET,NORMAL,0
BRT,BRT_PRESS_001,2026-03-01T02:28:00+00:00,984.8797352253771,hPa,GOOD,SYNTHETIC_ML_DATASET,NORMAL,0
BRT,BRT_TEMP_001,2026-03-01T02:28:00+00:00,-10.451600430004001,C,GOOD,SYNTHETIC_ML_DATASET,NORMAL,0
BRT,BRT_VIB_001,2026-03-01T02:28:00+00:00,0.7092052277238248,mm/s,GOOD,SYNTHETIC_ML_DATASET,NORMAL,0
BRT,BRT_HUM_001,2026-03-01T02:29:00+00:00,57.9172569627974,%,GOOD,SYNTHETIC_ML_DATASET,NORMAL,0
BRT,BRT_POWER_001,2026-03-01T02:29:00+00:00,41.39696708925429,kW,GOOD,SYNTHETIC_ML_DATASET,NORMAL,0
BRT,BRT_PRESS_001,2026-03-01T02:29:00+00:00,984.827924883306,hPa,GOOD,SYNTHETIC_ML_DATASET,NORMAL,0
BRT,BRT_TEMP_001,2026-03-01T02:29:00+00:00,-10.455830411099468,C,GOOD,SYNTHETIC_ML_DATASET,NORMAL,0
BRT,BRT_VIB_001,2026-03-01T02:29:00+00:00,0.746937622257178,mm/s,GOOD,SYNTHETIC_ML_DATASET,NORMAL,0
BRT,BRT_HUM_001,2026-03-01T02:30:00+00:00,58.32517998039755,%,GOOD,SYNTHETIC_ML_DATASET,NORMAL,0
BRT,BRT_POWER_001,2026-03-01T02:30:00+00:00,41.50968761018513,kW,GOOD,SYNTHETIC_ML_DATASET,NORMAL,0
BRT,BRT_PRESS_001,2026-03-01T02:30:00+00:00,984.6481124046504,hPa,GOOD,SYNTHETIC_ML_DATASET,NORMAL,0
BRT,BRT_TEMP_001,2026-03-01T02:30:00+00:00,-10.56213113579139,C,GOOD,SYNTHETIC_ML_DATASET,NORMAL,0
BRT,BRT_VIB_001,2026-03-01T02:30:00+00:00,0.703015453392679,mm/s,GOOD,SYNTHETIC_ML_DATASET,NORMAL,0
BRT,BRT_HUM_001,2026-03-01T02:31:00+00:00,58.283286051140266,%,GOOD,SYNTHETIC_ML_DATASET,NORMAL,0
BRT,BRT_POWER_001,2026-03-01T02:31:00+00:00,41.22079362187664,kW,GOOD,SYNTHETIC_ML_DATASET,NORMAL,0
BRT,BRT_PRESS_001,2026-03-01T02:31:00+00:00,984.5471731930633,hPa,GOOD,SYNTHETIC_ML_DATASET,NORMAL,0
BRT,BRT_TEMP_001,2026-03-01T02:31:00+00:00,-10.646329982627305,C,GOOD,SYNTHETIC_ML_DATASET,NORMAL,0
BRT,BRT_VIB_001,2026-03-01T02:31:00+00:00,0.697047465445017,mm/s,GOOD,SYNTHETIC_ML_DATASET,NORMAL,0
BRT,BRT_HUM_001,2026-03-01T02:32:00+00:00,58.37640978816025,%,GOOD,SYNTHETIC_ML_DATASET,NORMAL,0
BRT,BRT_POWER_001,2026-03-01T02:32:00+00:00,41.365113092041305,kW,GOOD,SYNTHETIC_ML_DATASET,NORMAL,0
BRT,BRT_PRESS_001,2026-03-01T02:32:00+00:00,984.4295307305009,hPa,GOOD,SYNTHETIC_ML_DATASET,NORMAL,0
BRT,BRT_TEMP_001,2026-03-01T02:32:00+00:00,-11.034722218258112,C,GOOD,SYNTHETIC_ML_DATASET,NORMAL,0
BRT,BRT_VIB_001,2026-03-01T02:32:00+00:00,0.6981554222113225,mm/s,GOOD,SYNTHETIC_ML_DATASET,NORMAL,0
BRT,BRT_HUM_001,2026-03-01T02:33:00+00:00,57.95931742550654,%,GOOD,SYNTHETIC_ML_DATASET,NORMAL,0
BRT,BRT_POWER_001,2026-03-01T02:33:00+00:00,41.51441314245547,kW,GOOD,SYNTHETIC_ML_DATASET,NORMAL,0
BRT,BRT_PRESS_001,2026-03-01T02:33:00+00:00,984.3868640834172,hPa,GOOD,SYNTHETIC_ML_DATASET,NORMAL,0
BRT,BRT_TEMP_001,2026-03-01T02:33:00+00:00,-11.162449289220474,C,GOOD,SYNTHETIC_ML_DATASET,NORMAL,0
BRT,BRT_VIB_001,2026-03-01T02:33:00+00:00,0.7009251702796582,mm/s,GOOD,SYNTHETIC_ML_DATASET,NORMAL,0
BRT,BRT_HUM_001,2026-03-01T02:34:00+00:00,58.47048657629662,%,GOOD,SYNTHETIC_ML_DATASET,NORMAL,0
BRT,BRT_POWER_001,2026-03-01T02:34:00+00:00,41.19686743295583,kW,GOOD,SYNTHETIC_ML_DATASET,NORMAL,0
BRT,BRT_PRESS_001,2026-03-01T02:34:00+00:00,984.1317974871025,hPa,GOOD,SYNTHETIC_ML_DATASET,NORMAL,0
BRT,BRT_TEMP_001,2026-03-01T02:34:00+00:00,-11.087388678875488,C,GOOD,SYNTHETIC_ML_DATASET,NORMAL,0
BRT,BRT_VIB_001,2026-03-01T02:34:00+00:00,0.7161554210642403,mm/s,GOOD,SYNTHETIC_ML_DATASET,NORMAL,0
BRT,BRT_HUM_001,2026-03-01T02:35:00+00:00,58.625749748200064,%,GOOD,SYNTHETIC_ML_DATASET,NORMAL,0
BRT,BRT_POWER_001,2026-03-01T02:35:00+00:00,41.30207632700926,kW,GOOD,SYNTHETIC_ML_DATASET,NORMAL,0
BRT,BRT_PRESS_001,2026-03-01T02:35:00+00:00,984.1263960054227,hPa,GOOD,SYNTHETIC_ML_DATASET,NORMAL,0
BRT,BRT_TEMP_001,2026-03-01T02:35:00+00:00,-10.938920301652777,C,GOOD,SYNTHETIC_ML_DATASET,NORMAL,0
BRT,BRT_VIB_001,2026-03-01T02:35:00+00:00,0.7059879143894687,mm/s,GOOD,SYNTHETIC_ML_DATASET,NORMAL,0
BRT,BRT_HUM_001,2026-03-01T02:36:00+00:00,58.06756053362724,%,GOOD,SYNTHETIC_ML_DATASET,NORMAL,0
BRT,BRT_POWER_001,2026-03-01T02:36:00+00:00,40.827853955705756,kW,GOOD,SYNTHETIC_ML_DATASET,NORMAL,0
BRT,BRT_PRESS_001,2026-03-01T02:36:00+00:00,984.08696860163,hPa,GOOD,SYNTHETIC_ML_DATASET,NORMAL,0
BRT,BRT_TEMP_001,2026-03-01T02:36:00+00:00,-11.020361686330387,C,GOOD,SYNTHETIC_ML_DATASET,NORMAL,0
BRT,BRT_VIB_001,2026-03-01T02:36:00+00:00,0.7018105515147479,mm/s,GOOD,SYNTHETIC_ML_DATASET,NORMAL,0
BRT,BRT_HUM_001,2026-03-01T02:37:00+00:00,59.46654781761766,%,GOOD,SYNTHETIC_ML_DATASET,NORMAL,0
BRT,BRT_POWER_001,2026-03-01T02:37:00+00:00,40.474722829346085,kW,GOOD,SYNTHETIC_ML_DATASET,NORMAL,0
BRT,BRT_PRESS_001,2026-03-01T02:37:00+00:00,984.1813652637163,hPa,GOOD,SYNTHETIC_ML_DATASET,NORMAL,0
BRT,BRT_TEMP_001,2026-03-01T02:37:00+00:00,-11.114276471753877,C,GOOD,SYNTHETIC_ML_DATASET,NORMAL,0
BRT,BRT_VIB_001,2026-03-01T02:37:00+00:00,0.6762931888854955,mm/s,GOOD,SYNTHETIC_ML_DATASET,NORMAL,0
BRT,BRT_HUM_001,2026-03-01T02:38:00+00:00,58.717865030549106,%,GOOD,SYNTHETIC_ML_DATASET,NORMAL,0
BRT,BRT_POWER_001,2026-03-01T02:38:00+00:00,40.65032561562227,kW,GOOD,SYNTHETIC_ML_DATASET,NORMAL,0
BRT,BRT_PRESS_001,2026-03-01T02:38:00+00:00,983.9510814931409,hPa,GOOD,SYNTHETIC_ML_DATASET,NORMAL,0
BRT,BRT_TEMP_001,2026-03-01T02:38:00+00:00,-11.075494057083331,C,GOOD,SYNTHETIC_ML_DATASET,NORMAL,0
BRT,BRT_VIB_001,2026-03-01T02:38:00+00:00,0.6766929483564893,mm/s,GOOD,SYNTHETIC_ML_DATASET,NORMAL,0
BRT,BRT_HUM_001,2026-03-01T02:39:00+00:00,58.15387454673667,%,GOOD,SYNTHETIC_ML_DATASET,NORMAL,0
BRT,BRT_POWER_001,2026-03-01T02:39:00+00:00,40.25137628391929,kW,GOOD,SYNTHETIC_ML_DATASET,NORMAL,0
BRT,BRT_PRESS_001,2026-03-01T02:39:00+00:00,983.9708292920274,hPa,GOOD,SYNTHETIC_ML_DATASET,NORMAL,0
BRT,BRT_TEMP_001,2026-03-01T02:39:00+00:00,-11.403594781524514,C,GOOD,SYNTHETIC_ML_DATASET,NORMAL,0
BRT,BRT_VIB_001,2026-03-01T02:39:00+00:00,0.6696269908269318,mm/s,GOOD,SYNTHETIC_ML_DATASET,NORMAL,0
BRT,BRT_HUM_001,2026-03-01T02:40:00+00:00,58.8328973881705,%,GOOD,SYNTHETIC_ML_DATASET,NORMAL,0
BRT,BRT_POWER_001,2026-03-01T02:40:00+00:00,39.976128146422255,kW,GOOD,SYNTHETIC_ML_DATASET,NORMAL,0
BRT,BRT_PRESS_001,2026-03-01T02:40:00+00:00,983.7572689622191,hPa,GOOD,SYNTHETIC_ML_DATASET,NORMAL,0
BRT,BRT_TEMP_001,2026-03-01T02:40:00+00:00,-11.532668035905326,C,GOOD,SYNTHETIC_ML_DATASET,NORMAL,0
BRT,BRT_VIB_001,2026-03-01T02:40:00+00:00,0.6454571529758644,mm/s,GOOD,SYNTHETIC_ML_DATASET,NORMAL,0
BRT,BRT_HUM_001,2026-03-01T02:41:00+00:00,57.93350918364999,%,GOOD,SYNTHETIC_ML_DATASET,NORMAL,0
BRT,BRT_POWER_001,2026-03-01T02:41:00+00:00,39.8795338185693,kW,GOOD,SYNTHETIC_ML_DATASET,NORMAL,0
BRT,BRT_PRESS_001,2026-03-01T02:41:00+00:00,983.795217264143,hPa,GOOD,SYNTHETIC_ML_DATASET,NORMAL,0
BRT,BRT_TEMP_001,2026-03-01T02:41:00+00:00,-11.702377961644716,C,GOOD,SYNTHETIC_ML_DATASET,NORMAL,0
BRT,BRT_VIB_001,2026-03-01T02:41:00+00:00,0.6404192145600963,mm/s,GOOD,SYNTHETIC_ML_DATASET,NORMAL,0
BRT,BRT_HUM_001,2026-03-01T02:42:00+00:00,57.00280053947453,%,GOOD,SYNTHETIC_ML_DATASET,NORMAL,0
BRT,BRT_POWER_001,2026-03-01T02:42:00+00:00,39.256682639859505,kW,GOOD,SYNTHETIC_ML_DATASET,NORMAL,0
BRT,BRT_PRESS_001,2026-03-01T02:42:00+00:00,983.7427055704682,hPa,GOOD,SYNTHETIC_ML_DATASET,NORMAL,0
BRT,BRT_TEMP_001,2026-03-01T02:42:00+00:00,-11.321379270566867,C,GOOD,SYNTHETIC_ML_DATASET,NORMAL,0
BRT,BRT_VIB_001,2026-03-01T02:42:00+00:00,0.6382931057009936,mm/s,GOOD,SYNTHETIC_ML_DATASET,NORMAL,0
BRT,BRT_HUM_001,2026-03-01T02:43:00+00:00,57.844780875564744,%,GOOD,SYNTHETIC_ML_DATASET,NORMAL,0
BRT,BRT_POWER_001,2026-03-01T02:43:00+00:00,39.39019779821245,kW,GOOD,SYNTHETIC_ML_DATASET,NORMAL,0
BRT,BRT_PRESS_001,2026-03-01T02:43:00+00:00,983.4840053324299,hPa,GOOD,SYNTHETIC_ML_DATASET,NORMAL,0
BRT,BRT_TEMP_001,2026-03-01T02:43:00+00:00,-11.53272596491536,C,GOOD,SYNTHETIC_ML_DATASET,NORMAL,0
BRT,BRT_VIB_001,2026-03-01T02:43:00+00:00,0.6325196012961508,mm/s,GOOD,SYNTHETIC_ML_DATASET,NORMAL,0
BRT,BRT_HUM_001,2026-03-01T02:44:00+00:00,56.390020592260136,%,GOOD,SYNTHETIC_ML_DATASET,NORMAL,0
BRT,BRT_POWER_001,2026-03-01T02:44:00+00:00,38.606476879278304,kW,GOOD,SYNTHETIC_ML_DATASET,NORMAL,0
BRT,BRT_PRESS_001,2026-03-01T02:44:00+00:00,983.525344455418,hPa,GOOD,SYNTHETIC_ML_DATASET,NORMAL,0
BRT,BRT_TEMP_001,2026-03-01T02:44:00+00:00,-11.51723488226775,C,GOOD,SYNTHETIC_ML_DATASET,NORMAL,0
BRT,BRT_VIB_001,2026-03-01T02:44:00+00:00,0.6747145648642192,mm/s,GOOD,SYNTHETIC_ML_DATASET,NORMAL,0
BRT,BRT_HUM_001,2026-03-01T02:45:00+00:00,57.06720263605683,%,GOOD,SYNTHETIC_ML_DATASET,NORMAL,0
BRT,BRT_POWER_001,2026-03-01T02:45:00+00:00,38.44654235981933,kW,GOOD,SYNTHETIC_ML_DATASET,NORMAL,0
BRT,BRT_PRESS_001,2026-03-01T02:45:00+00:00,983.581899041343,hPa,GOOD,SYNTHETIC_ML_DATASET,NORMAL,0
BRT,BRT_TEMP_001,2026-03-01T02:45:00+00:00,-11.598150399934847,C,GOOD,SYNTHETIC_ML_DATASET,NORMAL,0
BRT,BRT_VIB_001,2026-03-01T02:45:00+00:00,0.6631505473260618,mm/s,GOOD,SYNTHETIC_ML_DATASET,NORMAL,0
BRT,BRT_HUM_001,2026-03-01T02:46:00+00:00,56.956859499237865,%,GOOD,SYNTHETIC_ML_DATASET,NORMAL,0
BRT,BRT_POWER_001,2026-03-01T02:46:00+00:00,39.5104539178012,kW,GOOD,SYNTHETIC_ML_DATASET,NORMAL,0
BRT,BRT_PRESS_001,2026-03-01T02:46:00+00:00,983.5075313013954,hPa,GOOD,SYNTHETIC_ML_DATASET,NORMAL,0
BRT,BRT_TEMP_001,2026-03-01T02:46:00+00:00,-11.405569225465015,C,GOOD,SYNTHETIC_ML_DATASET,NORMAL,0
BRT,BRT_VIB_001,2026-03-01T02:46:00+00:00,0.657323358416068,mm/s,GOOD,SYNTHETIC_ML_DATASET,NORMAL,0
BRT,BRT_HUM_001,2026-03-01T02:47:00+00:00,57.02210440190092,%,GOOD,SYNTHETIC_ML_DATASET,NORMAL,0
BRT,BRT_POWER_001,2026-03-01T02:47:00+00:00,40.10925072791877,kW,GOOD,SYNTHETIC_ML_DATASET,NORMAL,0
BRT,BRT_PRESS_001,2026-03-01T02:47:00+00:00,983.5042821879623,hPa,GOOD,SYNTHETIC_ML_DATASET,NORMAL,0
BRT,BRT_TEMP_001,2026-03-01T02:47:00+00:00,-11.907407549633323,C,GOOD,SYNTHETIC_ML_DATASET,NORMAL,0
BRT,BRT_VIB_001,2026-03-01T02:47:00+00:00,0.6600995053722086,mm/s,GOOD,SYNTHETIC_ML_DATASET,NORMAL,0
BRT,BRT_HUM_001,2026-03-01T02:48:00+00:00,57.54666663226777,%,GOOD,SYNTHETIC_ML_DATASET,NORMAL,0
BRT,BRT_POWER_001,2026-03-01T02:48:00+00:00,40.243349845880495,kW,GOOD,SYNTHETIC_ML_DATASET,NORMAL,0
BRT,BRT_PRESS_001,2026-03-01T02:48:00+00:00,983.5325296483959,hPa,GOOD,SYNTHETIC_ML_DATASET,NORMAL,0
BRT,BRT_TEMP_001,2026-03-01T02:48:00+00:00,-11.884456802981973,C,GOOD,SYNTHETIC_ML_DATASET,NORMAL,0
BRT,BRT_VIB_001,2026-03-01T02:48:00+00:00,0.6338485371369901,mm/s,GOOD,SYNTHETIC_ML_DATASET,NORMAL,0
BRT,BRT_HUM_001,2026-03-01T02:49:00+00:00,57.68371576024908,%,GOOD,SYNTHETIC_ML_DATASET,NORMAL,0
BRT,BRT_POWER_001,2026-03-01T02:49:00+00:00,40.03192801975092,kW,GOOD,SYNTHETIC_ML_DATASET,NORMAL,0
BRT,BRT_PRESS_001,2026-03-01T02:49:00+00:00,983.4750627012509,hPa,GOOD,SYNTHETIC_ML_DATASET,NORMAL,0
BRT,BRT_TEMP_001,2026-03-01T02:49:00+00:00,-11.938304114702415,C,GOOD,SYNTHETIC_ML_DATASET,NORMAL,0
BRT,BRT_VIB_001,2026-03-01T02:49:00+00:00,0.6580201534711074,mm/s,GOOD,SYNTHETIC_ML_DATASET,NORMAL,0
BRT,BRT_HUM_001,2026-03-01T02:50:00+00:00,57.256535192870956,%,GOOD,SYNTHETIC_ML_DATASET,NORMAL,0
BRT,BRT_POWER_001,2026-03-01T02:50:00+00:00,39.90623392837304,kW,GOOD,SYNTHETIC_ML_DATASET,NORMAL,0
BRT,BRT_PRESS_001,2026-03-01T02:50:00+00:00,983.3427748841716,hPa,GOOD,SYNTHETIC_ML_DATASET,NORMAL,0
BRT,BRT_TEMP_001,2026-03-01T02:50:00+00:00,-12.086226268211204,C,GOOD,SYNTHETIC_ML_DATASET,NORMAL,0
BRT,BRT_VIB_001,2026-03-01T02:50:00+00:00,0.6530135576700526,mm/s,GOOD,SYNTHETIC_ML_DATASET,NORMAL,0
BRT,BRT_HUM_001,2026-03-01T02:51:00+00:00,57.63950766243562,%,GOOD,SYNTHETIC_ML_DATASET,NORMAL,0
BRT,BRT_POWER_001,2026-03-01T02:51:00+00:00,39.754158378730295,kW,GOOD,SYNTHETIC_ML_DATASET,NORMAL,0
BRT,BRT_PRESS_001,2026-03-01T02:51:00+00:00,983.2373475953934,hPa,GOOD,SYNTHETIC_ML_DATASET,NORMAL,0
BRT,BRT_TEMP_001,2026-03-01T02:51:00+00:00,-12.126380756200826,C,GOOD,SYNTHETIC_ML_DATASET,NORMAL,0
BRT,BRT_VIB_001,2026-03-01T02:51:00+00:00,0.6658673571996242,mm/s,GOOD,SYNTHETIC_ML_DATASET,NORMAL,0
BRT,BRT_HUM_001,2026-03-01T02:52:00+00:00,57.09044621342064,%,GOOD,SYNTHETIC_ML_DATASET,NORMAL,0
BRT,BRT_POWER_001,2026-03-01T02:52:00+00:00,39.84025483778813,kW,GOOD,SYNTHETIC_ML_DATASET,NORMAL,0
BRT,BRT_PRESS_001,2026-03-01T02:52:00+00:00,983.2176681237983,hPa,GOOD,SYNTHETIC_ML_DATASET,NORMAL,0
BRT,BRT_TEMP_001,2026-03-01T02:52:00+00:00,-12.1469034274671,C,GOOD,SYNTHETIC_ML_DATASET,NORMAL,0
BRT,BRT_VIB_001,2026-03-01T02:52:00+00:00,0.6664072753023608,mm/s,GOOD,SYNTHETIC_ML_DATASET,NORMAL,0
BRT,BRT_HUM_001,2026-03-01T02:53:00+00:00,58.27490101778806,%,GOOD,SYNTHETIC_ML_DATASET,NORMAL,0
BRT,BRT_POWER_001,2026-03-01T02:53:00+00:00,39.387371018472365,kW,GOOD,SYNTHETIC_ML_DATASET,NORMAL,0
BRT,BRT_PRESS_001,2026-03-01T02:53:00+00:00,983.2279140504124,hPa,GOOD,SYNTHETIC_ML_DATASET,NORMAL,0
BRT,BRT_TEMP_001,2026-03-01T02:53:00+00:00,-12.414661954588198,C,GOOD,SYNTHETIC_ML_DATASET,NORMAL,0
BRT,BRT_VIB_001,2026-03-01T02:53:00+00:00,0.6870210604247328,mm/s,GOOD,SYNTHETIC_ML_DATASET,NORMAL,0
BRT,BRT_HUM_001,2026-03-01T02:54:00+00:00,57.31420807017592,%,GOOD,SYNTHETIC_ML_DATASET,NORMAL,0
BRT,BRT_POWER_001,2026-03-01T02:54:00+00:00,40.06568911121383,kW,GOOD,SYNTHETIC_ML_DATASET,NORMAL,0
BRT,BRT_PRESS_001,2026-03-01T02:54:00+00:00,983.1609654824841,hPa,GOOD,SYNTHETIC_ML_DATASET,NORMAL,0
BRT,BRT_TEMP_001,2026-03-01T02:54:00+00:00,-12.421664372294414,C,GOOD,SYNTHETIC_ML_DATASET,NORMAL,0
BRT,BRT_VIB_001,2026-03-01T02:54:00+00:00,0.6573950828921626,mm/s,GOOD,SYNTHETIC_ML_DATASET,NORMAL,0
BRT,BRT_HUM_001,2026-03-01T02:55:00+00:00,57.3551472559733,%,GOOD,SYNTHETIC_ML_DATASET,NORMAL,0
BRT,BRT_POWER_001,2026-03-01T02:55:00+00:00,38.91862527705792,kW,GOOD,SYNTHETIC_ML_DATASET,NORMAL,0
BRT,BRT_PRESS_001,2026-03-01T02:55:00+00:00,983.2557676432712,hPa,GOOD,SYNTHETIC_ML_DATASET,NORMAL,0
BRT,BRT_TEMP_001,2026-03-01T02:55:00+00:00,-12.479006539270921,C,GOOD,SYNTHETIC_ML_DATASET,NORMAL,0
BRT,BRT_VIB_001,2026-03-01T02:55:00+00:00,0.6605560236796891,mm/s,GOOD,SYNTHETIC_ML_DATASET,NORMAL,0
BRT,BRT_HUM_001,2026-03-01T02:56:00+00:00,56.59036127104827,%,GOOD,SYNTHETIC_ML_DATASET,NORMAL,0
BRT,BRT_POWER_001,2026-03-01T02:56:00+00:00,39.71166676962383,kW,GOOD,SYNTHETIC_ML_DATASET,NORMAL,0
BRT,BRT_PRESS_001,2026-03-01T02:56:00+00:00,983.2986732208699,hPa,GOOD,SYNTHETIC_ML_DATASET,NORMAL,0
BRT,BRT_TEMP_001,2026-03-01T02:56:00+00:00,-12.330344872927014,C,GOOD,SYNTHETIC_ML_DATASET,NORMAL,0
BRT,BRT_VIB_001,2026-03-01T02:56:00+00:00,0.6655774873791157,mm/s,GOOD,SYNTHETIC_ML_DATASET,NORMAL,0
BRT,BRT_HUM_001,2026-03-01T02:57:00+00:00,56.424029517243184,%,GOOD,SYNTHETIC_ML_DATASET,NORMAL,0
BRT,BRT_POWER_001,2026-03-01T02:57:00+00:00,39.59928629354829,kW,GOOD,SYNTHETIC_ML_DATASET,NORMAL,0
BRT,BRT_PRESS_001,2026-03-01T02:57:00+00:00,983.2853819805143,hPa,GOOD,SYNTHETIC_ML_DATASET,NORMAL,0
BRT,BRT_TEMP_001,2026-03-01T02:57:00+00:00,-12.363953092213421,C,GOOD,SYNTHETIC_ML_DATASET,NORMAL,0
BRT,BRT_VIB_001,2026-03-01T02:57:00+00:00,0.6440043141812929,mm/s,GOOD,SYNTHETIC_ML_DATASET,NORMAL,0
BRT,BRT_HUM_001,2026-03-01T02:58:00+00:00,55.81865054663005,%,GOOD,SYNTHETIC_ML_DATASET,NORMAL,0
BRT,BRT_POWER_001,2026-03-01T02:58:00+00:00,39.307903299387526,kW,GOOD,SYNTHETIC_ML_DATASET,NORMAL,0
BRT,BRT_PRESS_001,2026-03-01T02:58:00+00:00,983.2106901715903,hPa,GOOD,SYNTHETIC_ML_DATASET,NORMAL,0
BRT,BRT_TEMP_001,2026-03-01T02:58:00+00:00,-12.416439964127289,C,GOOD,SYNTHETIC_ML_DATASET,NORMAL,0
BRT,BRT_VIB_001,2026-03-01T02:58:00+00:00,0.6648223392756609,mm/s,GOOD,SYNTHETIC_ML_DATASET,NORMAL,0
BRT,BRT_HUM_001,2026-03-01T02:59:00+00:00,55.999803965610816,%,GOOD,SYNTHETIC_ML_DATASET,NORMAL,0
BRT,BRT_POWER_001,2026-03-01T02:59:00+00:00,38.746637433621686,kW,GOOD,SYNTHETIC_ML_DATASET,NORMAL,0
BRT,BRT_PRESS_001,2026-03-01T02:59:00+00:00,983.0317778537805,hPa,GOOD,SYNTHETIC_ML_DATASET,NORMAL,0
BRT,BRT_TEMP_001,2026-03-01T02:59:00+00:00,-12.542159337786998,C,GOOD,SYNTHETIC_ML_DATASET,NORMAL,0
BRT,BRT_VIB_001,2026-03-01T02:59:00+00:00,0.6421602317752748,mm/s,GOOD,SYNTHETIC_ML_DATASET,NORMAL,0
BRT,BRT_HUM_001,2026-03-01T03:00:00+00:00,55.74221155040865,%,GOOD,SYNTHETIC_ML_DATASET,NORMAL,0
BRT,BRT_POWER_001,2026-03-01T03:00:00+00:00,38.29829842487511,kW,GOOD,SYNTHETIC_ML_DATASET,NORMAL,0
BRT,BRT_PRESS_001,2026-03-01T03:00:00+00:00,983.2449076661637,hPa,GOOD,SYNTHETIC_ML_DATASET,NORMAL,0
BRT,BRT_TEMP_001,2026-03-01T03:00:00+00:00,-12.208336921906842,C,GOOD,SYNTHETIC_ML_DATASET,NORMAL,0
BRT,BRT_VIB_001,2026-03-01T03:00:00+00:00,0.6153777599069463,mm/s,GOOD,SYNTHETIC_ML_DATASET,NORMAL,0
BRT,BRT_HUM_001,2026-03-01T03:01:00+00:00,55.753934864733644,%,GOOD,SYNTHETIC_ML_DATASET,NORMAL,0
BRT,BRT_POWER_001,2026-03-01T03:01:00+00:00,37.8490882321793,kW,GOOD,SYNTHETIC_ML_DATASET,NORMAL,0
BRT,BRT_PRESS_001,2026-03-01T03:01:00+00:00,983.2993671236352,hPa,GOOD,SYNTHETIC_ML_DATASET,NORMAL,0
BRT,BRT_TEMP_001,2026-03-01T03:01:00+00:00,-12.441482033528947,C,GOOD,SYNTHETIC_ML_DATASET,NORMAL,0
BRT,BRT_VIB_001,2026-03-01T03:01:00+00:00,0.6539578453523519,mm/s,GOOD,SYNTHETIC_ML_DATASET,NORMAL,0
BRT,BRT_HUM_001,2026-03-01T03:02:00+00:00,55.55436722266065,%,GOOD,SYNTHETIC_ML_DATASET,NORMAL,0
BRT,BRT_POWER_001,2026-03-01T03:02:00+00:00,38.32320542059531,kW,GOOD,SYNTHETIC_ML_DATASET,NORMAL,0
BRT,BRT_PRESS_001,2026-03-01T03:02:00+00:00,983.1797082463593,hPa,GOOD,SYNTHETIC_ML_DATASET,NORMAL,0
BRT,BRT_TEMP_001,2026-03-01T03:02:00+00:00,-12.755457435744601,C,GOOD,SYNTHETIC_ML_DATASET,NORMAL,0
BRT,BRT_VIB_001,2026-03-01T03:02:00+00:00,0.6243573165794316,mm/s,GOOD,SYNTHETIC_ML_DATASET,NORMAL,0
BRT,BRT_HUM_001,2026-03-01T03:03:00+00:00,54.69221127119414,%,GOOD,SYNTHETIC_ML_DATASET,NORMAL,0
BRT,BRT_POWER_001,2026-03-01T03:03:00+00:00,37.852873544684456,kW,GOOD,SYNTHETIC_ML_DATASET,NORMAL,0
BRT,BRT_PRESS_001,2026-03-01T03:03:00+00:00,983.2615113179447,hPa,GOOD,SYNTHETIC_ML_DATASET,NORMAL,0
BRT,BRT_TEMP_001,2026-03-01T03:03:00+00:00,-12.613511782771637,C,GOOD,SYNTHETIC_ML_DATASET,NORMAL,0
BRT,BRT_VIB_001,2026-03-01T03:03:00+00:00,0.6274606418899442,mm/s,GOOD,SYNTHETIC_ML_DATASET,NORMAL,0
BRT,BRT_HUM_001,2026-03-01T03:04:00+00:00,54.60751228966077,%,GOOD,SYNTHETIC_ML_DATASET,NORMAL,0
BRT,BRT_POWER_001,2026-03-01T03:04:00+00:00,38.166794588810724,kW,GOOD,SYNTHETIC_ML_DATASET,NORMAL,0
BRT,BRT_PRESS_001,2026-03-01T03:04:00+00:00,983.1507411978403,hPa,GOOD,SYNTHETIC_ML_DATASET,NORMAL,0
BRT,BRT_TEMP_001,2026-03-01T03:04:00+00:00,-12.706726471389722,C,GOOD,SYNTHETIC_ML_DATASET,NORMAL,0
BRT,BRT_VIB_001,2026-03-01T03:04:00+00:00,0.6265049654875449,mm/s,GOOD,SYNTHETIC_ML_DATASET,NORMAL,0
BRT,BRT_HUM_001,2026-03-01T03:05:00+00:00,55.196071958548025,%,GOOD,SYNTHETIC_ML_DATASET,NORMAL,0
BRT,BRT_POWER_001,2026-03-01T03:05:00+00:00,38.01260551229646,kW,GOOD,SYNTHETIC_ML_DATASET,NORMAL,0
BRT,BRT_PRESS_001,2026-03-01T03:05:00+00:00,982.9349987977264,hPa,GOOD,SYNTHETIC_ML_DATASET,NORMAL,0
BRT,BRT_TEMP_001,2026-03-01T03:05:00+00:00,-12.434590859617659,C,GOOD,SYNTHETIC_ML_DATASET,NORMAL,0
BRT,BRT_VIB_001,2026-03-01T03:05:00+00:00,0.62220928407694,mm/s,GOOD,SYNTHETIC_ML_DATASET,NORMAL,0
BRT,BRT_HUM_001,2026-03-01T03:06:00+00:00,54.2928651635175,%,GOOD,SYNTHETIC_ML_DATASET,NORMAL,0
BRT,BRT_POWER_001,2026-03-01T03:06:00+00:00,37.70247522612096,kW,GOOD,SYNTHETIC_ML_DATASET,NORMAL,0
BRT,BRT_PRESS_001,2026-03-01T03:06:00+00:00,982.975909149512,hPa,GOOD,SYNTHETIC_ML_DATASET,NORMAL,0
BRT,BRT_TEMP_001,2026-03-01T03:06:00+00:00,-12.493836298750383,C,GOOD,SYNTHETIC_ML_DATASET,NORMAL,0
BRT,BRT_VIB_001,2026-03-01T03:06:00+00:00,0.6084620272427687,mm/s,GOOD,SYNTHETIC_ML_DATASET,NORMAL,0
BRT,BRT_HUM_001,2026-03-01T03:07:00+00:00,55.102507909079485,%,GOOD,SYNTHETIC_ML_DATASET,NORMAL,0
BRT,BRT_POWER_001,2026-03-01T03:07:00+00:00,37.23596004488574,kW,GOOD,SYNTHETIC_ML_DATASET,NORMAL,0
BRT,BRT_PRESS_001,2026-03-01T03:07:00+00:00,982.8496807492725,hPa,GOOD,SYNTHETIC_ML_DATASET,NORMAL,0
BRT,BRT_TEMP_001,2026-03-01T03:07:00+00:00,-12.70553746924375,C,GOOD,SYNTHETIC_ML_DATASET,NORMAL,0
BRT,BRT_VIB_001,2026-03-01T03:07:00+00:00,0.6141754830807585,mm/s,GOOD,SYNTHETIC_ML_DATASET,NORMAL,0
BRT,BRT_HUM_001,2026-03-01T03:08:00+00:00,55.182590950905784,%,GOOD,SYNTHETIC_ML_DATASET,NORMAL,0
BRT,BRT_POWER_001,2026-03-01T03:08:00+00:00,37.36950013901155,kW,GOOD,SYNTHETIC_ML_DATASET,NORMAL,0
BRT,BRT_PRESS_001,2026-03-01T03:08:00+00:00,982.8744716400296,hPa,GOOD,SYNTHETIC_ML_DATASET,NORMAL,0
BRT,BRT_TEMP_001,2026-03-01T03:08:00+00:00,-12.626154008347822,C,GOOD,SYNTHETIC_ML_DATASET,NORMAL,0
BRT,BRT_VIB_001,2026-03-01T03:08:00+00:00,0.6253253911445509,mm/s,GOOD,SYNTHETIC_ML_DATASET,NORMAL,0
BRT,BRT_HUM_001,2026-03-01T03:09:00+00:00,54.9219556204895,%,GOOD,SYNTHETIC_ML_DATASET,NORMAL,0
BRT,BRT_POWER_001,2026-03-01T03:09:00+00:00,37.31234672238732,kW,GOOD,SYNTHETIC_ML_DATASET,NORMAL,0
BRT,BRT_PRESS_001,2026-03-01T03:09:00+00:00,982.8405867412066,hPa,GOOD,SYNTHETIC_ML_DATASET,NORMAL,0
BRT,BRT_TEMP_001,2026-03-01T03:09:00+00:00,-12.669605457178056,C,GOOD,SYNTHETIC_ML_DATASET,NORMAL,0
BRT,BRT_VIB_001,2026-03-01T03:09:00+00:00,0.6267647548431765,mm/s,GOOD,SYNTHETIC_ML_DATASET,NORMAL,0
BRT,BRT_HUM_001,2026-03-01T03:10:00+00:00,55.30046004436794,%,GOOD,SYNTHETIC_ML_DATASET,NORMAL,0
BRT,BRT_POWER_001,2026-03-01T03:10:00+00:00,37.89708607848346,kW,GOOD,SYNTHETIC_ML_DATASET,NORMAL,0
BRT,BRT_PRESS_001,2026-03-01T03:10:00+00:00,982.8277943843767,hPa,GOOD,SYNTHETIC_ML_DATASET,NORMAL,0
BRT,BRT_TEMP_001,2026-03-01T03:10:00+00:00,-12.5404151628526,C,GOOD,SYNTHETIC_ML_DATASET,NORMAL,0
BRT,BRT_VIB_001,2026-03-01T03:10:00+00:00,0.608944693232119,mm/s,GOOD,SYNTHETIC_ML_DATASET,NORMAL,0
BRT,BRT_HUM_001,2026-03-01T03:11:00+00:00,54.62484243517932,%,GOOD,SYNTHETIC_ML_DATASET,NORMAL,0
BRT,BRT_POWER_001,2026-03-01T03:11:00+00:00,37.26131945017424,kW,GOOD,SYNTHETIC_ML_DATASET,NORMAL,0
BRT,BRT_PRESS_001,2026-03-01T03:11:00+00:00,982.9160240077518,hPa,GOOD,SYNTHETIC_ML_DATASET,NORMAL,0
BRT,BRT_TEMP_001,2026-03-01T03:11:00+00:00,-12.788316879439991,C,GOOD,SYNTHETIC_ML_DATASET,NORMAL,0
BRT,BRT_VIB_001,2026-03-01T03:11:00+00:00,0.6163477887071372,mm/s,GOOD,SYNTHETIC_ML_DATASET,NORMAL,0
BRT,BRT_HUM_001,2026-03-01T03:12:00+00:00,54.494623546617184,%,GOOD,SYNTHETIC_ML_DATASET,NORMAL,0
BRT,BRT_POWER_001,2026-03-01T03:12:00+00:00,37.58643622225244,kW,GOOD,SYNTHETIC_ML_DATASET,NORMAL,0
BRT,BRT_PRESS_001,2026-03-01T03:12:00+00:00,982.9321567897446,hPa,GOOD,SYNTHETIC_ML_DATASET,NORMAL,0
BRT,BRT_TEMP_001,2026-03-01T03:12:00+00:00,-12.885338672696097,C,GOOD,SYNTHETIC_ML_DATASET,NORMAL,0
BRT,BRT_VIB_001,2026-03-01T03:12:00+00:00,0.6322959884689007,mm/s,GOOD,SYNTHETIC_ML_DATASET,NORMAL,0
BRT,BRT_HUM_001,2026-03-01T03:13:00+00:00,54.65372964915336,%,GOOD,SYNTHETIC_ML_DATASET,NORMAL,0
BRT,BRT_POWER_001,2026-03-01T03:13:00+00:00,37.35296258359626,kW,GOOD,SYNTHETIC_ML_DATASET,NORMAL,0
BRT,BRT_PRESS_001,2026-03-01T03:13:00+00:00,983.0803085598006,hPa,GOOD,SYNTHETIC_ML_DATASET,NORMAL,0
BRT,BRT_TEMP_001,2026-03-01T03:13:00+00:00,-12.689650885941514,C,GOOD,SYNTHETIC_ML_DATASET,NORMAL,0
BRT,BRT_VIB_001,2026-03-01T03:13:00+00:00,0.6236447164621387,mm/s,GOOD,SYNTHETIC_ML_DATASET,NORMAL,0
BRT,BRT_HUM_001,2026-03-01T03:14:00+00:00,54.191336279846794,%,GOOD,SYNTHETIC_ML_DATASET,NORMAL,0
BRT,BRT_POWER_001,2026-03-01T03:14:00+00:00,37.51467338145806,kW,GOOD,SYNTHETIC_ML_DATASET,NORMAL,0
BRT,BRT_PRESS_001,2026-03-01T03:14:00+00:00,982.768937383365,hPa,GOOD,SYNTHETIC_ML_DATASET,NORMAL,0
BRT,BRT_TEMP_001,2026-03-01T03:14:00+00:00,-12.833797864939646,C,GOOD,SYNTHETIC_ML_DATASET,NORMAL,0
BRT,BRT_VIB_001,2026-03-01T03:14:00+00:00,0.6331227013758645,mm/s,GOOD,SYNTHETIC_ML_DATASET,NORMAL,0
BRT,BRT_HUM_001,2026-03-01T03:15:00+00:00,54.14721358604728,%,GOOD,SYNTHETIC_ML_DATASET,NORMAL,0
BRT,BRT_POWER_001,2026-03-01T03:15:00+00:00,36.97391448709754,kW,GOOD,SYNTHETIC_ML_DATASET,NORMAL,0
BRT,BRT_PRESS_001,2026-03-01T03:15:00+00:00,982.774894175957,hPa,GOOD,SYNTHETIC_ML_DATASET,NORMAL,0
BRT,BRT_TEMP_001,2026-03-01T03:15:00+00:00,-13.177835250104195,C,GOOD,SYNTHETIC_ML_DATASET,NORMAL,0
BRT,BRT_VIB_001,2026-03-01T03:15:00+00:00,0.6267376286980585,mm/s,GOOD,SYNTHETIC_ML_DATASET,NORMAL,0
BRT,BRT_HUM_001,2026-03-01T03:16:00+00:00,54.92067340361526,%,GOOD,SYNTHETIC_ML_DATASET,NORMAL,0
BRT,BRT_POWER_001,2026-03-01T03:16:00+00:00,37.09626588717237,kW,GOOD,SYNTHETIC_ML_DATASET,NORMAL,0
BRT,BRT_PRESS_001,2026-03-01T03:16:00+00:00,982.724524564656,hPa,GOOD,SYNTHETIC_ML_DATASET,NORMAL,0
BRT,BRT_TEMP_001,2026-03-01T03:16:00+00:00,-12.982420417033365,C,GOOD,SYNTHETIC_ML_DATASET,NORMAL,0
BRT,BRT_VIB_001,2026-03-01T03:16:00+00:00,0.6414191324478001,mm/s,GOOD,SYNTHETIC_ML_DATASET,NORMAL,0
BRT,BRT_HUM_001,2026-03-01T03:17:00+00:00,55.50365001851951,%,GOOD,SYNTHETIC_ML_DATASET,NORMAL,0
BRT,BRT_POWER_001,2026-03-01T03:17:00+00:00,36.98606873740162,kW,GOOD,SYNTHETIC_ML_DATASET,NORMAL,0
BRT,BRT_PRESS_001,2026-03-01T03:17:00+00:00,982.8169674264011,hPa,GOOD,SYNTHETIC_ML_DATASET,NORMAL,0
BRT,BRT_TEMP_001,2026-03-01T03:17:00+00:00,-13.040917610008183,C,GOOD,SYNTHETIC_ML_DATASET,NORMAL,0
BRT,BRT_VIB_001,2026-03-01T03:17:00+00:00,0.6439211221681661,mm/s,GOOD,SYNTHETIC_ML_DATASET,NORMAL,0
BRT,BRT_HUM_001,2026-03-01T03:18:00+00:00,54.871043856182204,%,GOOD,SYNTHETIC_ML_DATASET,NORMAL,0
BRT,BRT_POWER_001,2026-03-01T03:18:00+00:00,37.42435624048505,kW,GOOD,SYNTHETIC_ML_DATASET,NORMAL,0
BRT,BRT_PRESS_001,2026-03-01T03:18:00+00:00,982.7109633476331,hPa,GOOD,SYNTHETIC_ML_DATASET,NORMAL,0
BRT,BRT_TEMP_001,2026-03-01T03:18:00+00:00,-13.103513568608943,C,GOOD,SYNTHETIC_ML_DATASET,NORMAL,0
BRT,BRT_VIB_001,2026-03-01T03:18:00+00:00,0.637662726549714,mm/s,GOOD,SYNTHETIC_ML_DATASET,NORMAL,0
BRT,BRT_HUM_001,2026-03-01T03:19:00+00:00,54.38286165323766,%,GOOD,SYNTHETIC_ML_DATASET,NORMAL,0
BRT,BRT_POWER_001,2026-03-01T03:19:00+00:00,37.32896898562847,kW,GOOD,SYNTHETIC_ML_DATASET,NORMAL,0
BRT,BRT_PRESS_001,2026-03-01T03:19:00+00:00,982.7200911758041,hPa,GOOD,SYNTHETIC_ML_DATASET,NORMAL,0
BRT,BRT_TEMP_001,2026-03-01T03:19:00+00:00,-13.217721359691062,C,GOOD,SYNTHETIC_ML_DATASET,NORMAL,0
BRT,BRT_VIB_001,2026-03-01T03:19:00+00:00,0.639728316107996,mm/s,GOOD,SYNTHETIC_ML_DATASET,NORMAL,0
BRT,BRT_HUM_001,2026-03-01T03:20:00+00:00,54.74852944140895,%,GOOD,SYNTHETIC_ML_DATASET,NORMAL,0
BRT,BRT_POWER_001,2026-03-01T03:20:00+00:00,37.093801862578545,kW,GOOD,SYNTHETIC_ML_DATASET,NORMAL,0
BRT,BRT_PRESS_001,2026-03-01T03:20:00+00:00,982.623583368717,hPa,GOOD,SYNTHETIC_ML_DATASET,NORMAL,0
BRT,BRT_TEMP_001,2026-03-01T03:20:00+00:00,-13.190726513838626,C,GOOD,SYNTHETIC_ML_DATASET,NORMAL,0
BRT,BRT_VIB_001,2026-03-01T03:20:00+00:00,0.6574058745049076,mm/s,GOOD,SYNTHETIC_ML_DATASET,NORMAL,0
BRT,BRT_HUM_001,2026-03-01T03:21:00+00:00,53.94921986899396,%,GOOD,SYNTHETIC_ML_DATASET,NORMAL,0
BRT,BRT_POWER_001,2026-03-01T03:21:00+00:00,36.83807913219958,kW,GOOD,SYNTHETIC_ML_DATASET,NORMAL,0
BRT,BRT_PRESS_001,2026-03-01T03:21:00+00:00,982.702491876252,hPa,GOOD,SYNTHETIC_ML_DATASET,NORMAL,0
BRT,BRT_TEMP_001,2026-03-01T03:21:00+00:00,-13.053873437094635,C,GOOD,SYNTHETIC_ML_DATASET,NORMAL,0
BRT,BRT_VIB_001,2026-03-01T03:21:00+00:00,0.6463884744495909,mm/s,GOOD,SYNTHETIC_ML_DATASET,NORMAL,0
BRT,BRT_HUM_001,2026-03-01T03:22:00+00:00,54.41800372995897,%,GOOD,SYNTHETIC_ML_DATASET,NORMAL,0
BRT,BRT_POWER_001,2026-03-01T03:22:00+00:00,36.960870211421536,kW,GOOD,SYNTHETIC_ML_DATASET,NORMAL,0
BRT,BRT_PRESS_001,2026-03-01T03:22:00+00:00,982.6920429559904,hPa,GOOD,SYNTHETIC_ML_DATASET,NORMAL,0
BRT,BRT_TEMP_001,2026-03-01T03:22:00+00:00,-13.054985166815232,C,GOOD,SYNTHETIC_ML_DATASET,NORMAL,0
BRT,BRT_VIB_001,2026-03-01T03:22:00+00:00,0.650331241189862,mm/s,GOOD,SYNTHETIC_ML_DATASET,NORMAL,0
BRT,BRT_HUM_001,2026-03-01T03:23:00+00:00,53.79033533443575,%,GOOD,SYNTHETIC_ML_DATASET,NORMAL,0
BRT,BRT_POWER_001,2026-03-01T03:23:00+00:00,37.11799760834985,kW,GOOD,SYNTHETIC_ML_DATASET,NORMAL,0
BRT,BRT_PRESS_001,2026-03-01T03:23:00+00:00,982.6684031016292,hPa,GOOD,SYNTHETIC_ML_DATASET,NORMAL,0
BRT,BRT_TEMP_001,2026-03-01T03:23:00+00:00,-12.976534776648084,C,GOOD,SYNTHETIC_ML_DATASET,NORMAL,0
BRT,BRT_VIB_001,2026-03-01T03:23:00+00:00,0.6063643811900529,mm/s,GOOD,SYNTHETIC_ML_DATASET,NORMAL,0
BRT,BRT_HUM_001,2026-03-01T03:24:00+00:00,54.08344977968431,%,GOOD,SYNTHETIC_ML_DATASET,NORMAL,0
BRT,BRT_POWER_001,2026-03-01T03:24:00+00:00,37.00502281929418,kW,GOOD,SYNTHETIC_ML_DATASET,NORMAL,0
BRT,BRT_PRESS_001,2026-03-01T03:24:00+00:00,982.7532933576273,hPa,GOOD,SYNTHETIC_ML_DATASET,NORMAL,0
BRT,BRT_TEMP_001,2026-03-01T03:24:00+00:00,-13.155170532843448,C,GOOD,SYNTHETIC_ML_DATASET,NORMAL,0
BRT,BRT_VIB_001,2026-03-01T03:24:00+00:00,0.6215273544285023,mm/s,GOOD,SYNTHETIC_ML_DATASET,NORMAL,0
BRT,BRT_HUM_001,2026-03-01T03:25:00+00:00,53.97131819838085,%,GOOD,SYNTHETIC_ML_DATASET,NORMAL,0
BRT,BRT_POWER_001,2026-03-01T03:25:00+00:00,36.91463675022322,kW,GOOD,SYNTHETIC_ML_DATASET,NORMAL,0
BRT,BRT_PRESS_001,2026-03-01T03:25:00+00:00,982.6718983750919,hPa,GOOD,SYNTHETIC_ML_DATASET,NORMAL,0
BRT,BRT_TEMP_001,2026-03-01T03:25:00+00:00,-13.328691490388831,C,GOOD,SYNTHETIC_ML_DATASET,NORMAL,0
BRT,BRT_VIB_001,2026-03-01T03:25:00+00:00,0.584321338982677,mm/s,GOOD,SYNTHETIC_ML_DATASET,NORMAL,0
BRT,BRT_HUM_001,2026-03-01T03:26:00+00:00,54.28274650342134,%,GOOD,SYNTHETIC_ML_DATASET,NORMAL,0
BRT,BRT_POWER_001,2026-03-01T03:26:00+00:00,36.527026097397346,kW,GOOD,SYNTHETIC_ML_DATASET,NORMAL,0
BRT,BRT_PRESS_001,2026-03-01T03:26:00+00:00,982.5832158845759,hPa,GOOD,SYNTHETIC_ML_DATASET,NORMAL,0
BRT,BRT_TEMP_001,2026-03-01T03:26:00+00:00,-13.44710534408285,C,GOOD,SYNTHETIC_ML_DATASET,NORMAL,0
BRT,BRT_VIB_001,2026-03-01T03:26:00+00:00,0.6103768440845899,mm/s,GOOD,SYNTHETIC_ML_DATASET,NORMAL,0
BRT,BRT_HUM_001,2026-03-01T03:27:00+00:00,53.74969985764499,%,GOOD,SYNTHETIC_ML_DATASET,NORMAL,0
BRT,BRT_POWER_001,2026-03-01T03:27:00+00:00,37.10071645420496,kW,GOOD,SYNTHETIC_ML_DATASET,NORMAL,0
BRT,BRT_PRESS_001,2026-03-01T03:27:00+00:00,982.6472606617741,hPa,GOOD,SYNTHETIC_ML_DATASET,NORMAL,0
BRT,BRT_TEMP_001,2026-03-01T03:27:00+00:00,-13.484031185174135,C,GOOD,SYNTHETIC_ML_DATASET,NORMAL,0
BRT,BRT_VIB_001,2026-03-01T03:27:00+00:00,0.5983341563982063,mm/s,GOOD,SYNTHETIC_ML_DATASET,NORMAL,0
BRT,BRT_HUM_001,2026-03-01T03:28:00+00:00,53.399145800190084,%,GOOD,SYNTHETIC_ML_DATASET,NORMAL,0
BRT,BRT_POWER_001,2026-03-01T03:28:00+00:00,37.48410114028421,kW,GOOD,SYNTHETIC_ML_DATASET,NORMAL,0
BRT,BRT_PRESS_001,2026-03-01T03:28:00+00:00,982.6643521329606,hPa,GOOD,SYNTHETIC_ML_DATASET,NORMAL,0
BRT,BRT_TEMP_001,2026-03-01T03:28:00+00:00,-13.55732403793571,C,GOOD,SYNTHETIC_ML_DATASET,NORMAL,0
BRT,BRT_VIB_001,2026-03-01T03:28:00+00:00,0.569354795450787,mm/s,GOOD,SYNTHETIC_ML_DATASET,NORMAL,0
BRT,BRT_HUM_001,2026-03-01T03:29:00+00:00,54.225190718399894,%,GOOD,SYNTHETIC_ML_DATASET,NORMAL,0
BRT,BRT_POWER_001,2026-03-01T03:29:00+00:00,36.99984953828026,kW,GOOD,SYNTHETIC_ML_DATASET,NORMAL,0
BRT,BRT_PRESS_001,2026-03-01T03:29:00+00:00,982.6647360655198,hPa,GOOD,SYNTHETIC_ML_DATASET,NORMAL,0
BRT,BRT_TEMP_001,2026-03-01T03:29:00+00:00,-13.702059173090577,C,GOOD,SYNTHETIC_ML_DATASET,NORMAL,0
BRT,BRT_VIB_001,2026-03-01T03:29:00+00:00,0.6039717424628261,mm/s,GOOD,SYNTHETIC_ML_DATASET,NORMAL,0
BRT,BRT_HUM_001,2026-03-01T03:30:00+00:00,53.49193030532114,%,GOOD,SYNTHETIC_ML_DATASET,NORMAL,0
BRT,BRT_POWER_001,2026-03-01T03:30:00+00:00,37.06687968817724,kW,GOOD,SYNTHETIC_ML_DATASET,NORMAL,0
BRT,BRT_PRESS_001,2026-03-01T03:30:00+00:00,982.5192038239082,hPa,GOOD,SYNTHETIC_ML_DATASET,NORMAL,0
BRT,BRT_TEMP_001,2026-03-01T03:30:00+00:00,-13.488611255483939,C,GOOD,SYNTHETIC_ML_DATASET,NORMAL,0
BRT,BRT_VIB_001,2026-03-01T03:30:00+00:00,0.5952828796362669,mm/s,GOOD,SYNTHETIC_ML_DATASET,NORMAL,0
BRT,BRT_HUM_001,2026-03-01T03:31:00+00:00,54.10358337783434,%,GOOD,SYNTHETIC_ML_DATASET,NORMAL,0
BRT,BRT_POWER_001,2026-03-01T03:31:00+00:00,36.98816450649103,kW,GOOD,SYNTHETIC_ML_DATASET,NORMAL,0
BRT,BRT_PRESS_001,2026-03-01T03:31:00+00:00,982.6289688038172,hPa,GOOD,SYNTHETIC_ML_DATASET,NORMAL,0
BRT,BRT_TEMP_001,2026-03-01T03:31:00+00:00,-13.597058798936548,C,GOOD,SYNTHETIC_ML_DATASET,NORMAL,0
BRT,BRT_VIB_001,2026-03-01T03:31:00+00:00,0.6361797130121651,mm/s,GOOD,SYNTHETIC_ML_DATASET,NORMAL,0
BRT,BRT_HUM_001,2026-03-01T03:32:00+00:00,54.59312743244523,%,GOOD,SYNTHETIC_ML_DATASET,NORMAL,0
BRT,BRT_POWER_001,2026-03-01T03:32:00+00:00,37.56007149803071,kW,GOOD,SYNTHETIC_ML_DATASET,NORMAL,0
BRT,BRT_PRESS_001,2026-03-01T03:32:00+00:00,982.5577649210246,hPa,GOOD,SYNTHETIC_ML_DATASET,NORMAL,0
BRT,BRT_TEMP_001,2026-03-01T03:32:00+00:00,-13.557867132458664,C,GOOD,SYNTHETIC_ML_DATASET,NORMAL,0
BRT,BRT_VIB_001,2026-03-01T03:32:00+00:00,0.5955346207333677,mm/s,GOOD,SYNTHETIC_ML_DATASET,NORMAL,0
BRT,BRT_HUM_001,2026-03-01T03:33:00+00:00,54.32762199523507,%,GOOD,SYNTHETIC_ML_DATASET,NORMAL,0
BRT,BRT_POWER_001,2026-03-01T03:33:00+00:00,36.95404909265687,kW,GOOD,SYNTHETIC_ML_DATASET,NORMAL,0
BRT,BRT_PRESS_001,2026-03-01T03:33:00+00:00,982.5090323385185,hPa,GOOD,SYNTHETIC_ML_DATASET,NORMAL,0
BRT,BRT_TEMP_001,2026-03-01T03:33:00+00:00,-13.547609222890467,C,GOOD,SYNTHETIC_ML_DATASET,NORMAL,0
BRT,BRT_VIB_001,2026-03-01T03:33:00+00:00,0.6092678547357943,mm/s,GOOD,SYNTHETIC_ML_DATASET,NORMAL,0
BRT,BRT_HUM_001,2026-03-01T03:34:00+00:00,54.215350837739365,%,GOOD,SYNTHETIC_ML_DATASET,NORMAL,0
BRT,BRT_POWER_001,2026-03-01T03:34:00+00:00,37.372063526925345,kW,GOOD,SYNTHETIC_ML_DATASET,NORMAL,0
BRT,BRT_PRESS_001,2026-03-01T03:34:00+00:00,982.585945153731,hPa,GOOD,SYNTHETIC_ML_DATASET,NORMAL,0
BRT,BRT_TEMP_001,2026-03-01T03:34:00+00:00,-13.848072589794924,C,GOOD,SYNTHETIC_ML_DATASET,NORMAL,0
BRT,BRT_VIB_001,2026-03-01T03:34:00+00:00,0.6166978974518039,mm/s,GOOD,SYNTHETIC_ML_DATASET,NORMAL,0
BRT,BRT_HUM_001,2026-03-01T03:35:00+00:00,54.1469577227302,%,GOOD,SYNTHETIC_ML_DATASET,NORMAL,0
BRT,BRT_POWER_001,2026-03-01T03:35:00+00:00,37.31880341643954,kW,GOOD,SYNTHETIC_ML_DATASET,NORMAL,0
BRT,BRT_PRESS_001,2026-03-01T03:35:00+00:00,982.5475949568093,hPa,GOOD,SYNTHETIC_ML_DATASET,NORMAL,0
BRT,BRT_TEMP_001,2026-03-01T03:35:00+00:00,-13.651183087335406,C,GOOD,SYNTHETIC_ML_DATASET,NORMAL,0
BRT,BRT_VIB_001,2026-03-01T03:35:00+00:00,0.6132564104476272,mm/s,GOOD,SYNTHETIC_ML_DATASET,NORMAL,0
BRT,BRT_HUM_001,2026-03-01T03:36:00+00:00,54.314702533391305,%,GOOD,SYNTHETIC_ML_DATASET,NORMAL,0
BRT,BRT_POWER_001,2026-03-01T03:36:00+00:00,37.550391530276954,kW,GOOD,SYNTHETIC_ML_DATASET,NORMAL,0
BRT,BRT_PRESS_001,2026-03-01T03:36:00+00:00,982.6246409940638,hPa,GOOD,SYNTHETIC_ML_DATASET,NORMAL,0
BRT,BRT_TEMP_001,2026-03-01T03:36:00+00:00,-13.594209433758946,C,GOOD,SYNTHETIC_ML_DATASET,NORMAL,0
BRT,BRT_VIB_001,2026-03-01T03:36:00+00:00,0.6174857256159983,mm/s,GOOD,SYNTHETIC_ML_DATASET,NORMAL,0
BRT,BRT_HUM_001,2026-03-01T03:37:00+00:00,53.42029911824648,%,GOOD,SYNTHETIC_ML_DATASET,NORMAL,0
BRT,BRT_POWER_001,2026-03-01T03:37:00+00:00,37.42456342524622,kW,GOOD,SYNTHETIC_ML_DATASET,NORMAL,0
BRT,BRT_PRESS_001,2026-03-01T03:37:00+00:00,982.608403138576,hPa,GOOD,SYNTHETIC_ML_DATASET,NORMAL,0
BRT,BRT_TEMP_001,2026-03-01T03:37:00+00:00,-13.474808004223679,C,GOOD,SYNTHETIC_ML_DATASET,NORMAL,0
BRT,BRT_VIB_001,2026-03-01T03:37:00+00:00,0.6293061889791619,mm/s,GOOD,SYNTHETIC_ML_DATASET,NORMAL,0
BRT,BRT_HUM_001,2026-03-01T03:38:00+00:00,52.95865177014192,%,GOOD,SYNTHETIC_ML_DATASET,NORMAL,0
BRT,BRT_POWER_001,2026-03-01T03:38:00+00:00,37.372280888888945,kW,GOOD,SYNTHETIC_ML_DATASET,NORMAL,0
BRT,BRT_PRESS_001,2026-03-01T03:38:00+00:00,982.6841371344169,hPa,GOOD,SYNTHETIC_ML_DATASET,NORMAL,0
BRT,BRT_TEMP_001,2026-03-01T03:38:00+00:00,-13.546390722471099,C,GOOD,SYNTHETIC_ML_DATASET,NORMAL,0
BRT,BRT_VIB_001,2026-03-01T03:38:00+00:00,0.6351537228148034,mm/s,GOOD,SYNTHETIC_ML_DATASET,NORMAL,0
BRT,BRT_HUM_001,2026-03-01T03:39:00+00:00,53.36634487140911,%,GOOD,SYNTHETIC_ML_DATASET,NORMAL,0
BRT,BRT_POWER_001,2026-03-01T03:39:00+00:00,37.385312323361,kW,GOOD,SYNTHETIC_ML_DATASET,NORMAL,0
BRT,BRT_PRESS_001,2026-03-01T03:39:00+00:00,982.5419068412002,hPa,GOOD,SYNTHETIC_ML_DATASET,NORMAL,0
BRT,BRT_TEMP_001,2026-03-01T03:39:00+00:00,-13.696154518284384,C,GOOD,SYNTHETIC_ML_DATASET,NORMAL,0
BRT,BRT_VIB_001,2026-03-01T03:39:00+00:00,0.6041779635479707,mm/s,GOOD,SYNTHETIC_ML_DATASET,NORMAL,0
BRT,BRT_HUM_001,2026-03-01T03:40:00+00:00,53.519833536439954,%,GOOD,SYNTHETIC_ML_DATASET,NORMAL,0
BRT,BRT_POWER_001,2026-03-01T03:40:00+00:00,37.3368698611264,kW,GOOD,SYNTHETIC_ML_DATASET,NORMAL,0
BRT,BRT_PRESS_001,2026-03-01T03:40:00+00:00,982.6886384694944,hPa,GOOD,SYNTHETIC_ML_DATASET,NORMAL,0
BRT,BRT_TEMP_001,2026-03-01T03:40:00+00:00,-13.543201132217712,C,GOOD,SYNTHETIC_ML_DATASET,NORMAL,0
BRT,BRT_VIB_001,2026-03-01T03:40:00+00:00,0.6122514739345233,mm/s,GOOD,SYNTHETIC_ML_DATASET,NORMAL,0
BRT,BRT_HUM_001,2026-03-01T03:41:00+00:00,53.80138018999378,%,GOOD,SYNTHETIC_ML_DATASET,NORMAL,0
BRT,BRT_POWER_001,2026-03-01T03:41:00+00:00,37.07903350254846,kW,GOOD,SYNTHETIC_ML_DATASET,NORMAL,0
BRT,BRT_PRESS_001,2026-03-01T03:41:00+00:00,982.6838226202416,hPa,GOOD,SYNTHETIC_ML_DATASET,NORMAL,0
BRT,BRT_TEMP_001,2026-03-01T03:41:00+00:00,-13.600097127582213,C,GOOD,SYNTHETIC_ML_DATASET,NORMAL,0
BRT,BRT_VIB_001,2026-03-01T03:41:00+00:00,0.60290957852434,mm/s,GOOD,SYNTHETIC_ML_DATASET,NORMAL,0
BRT,BRT_HUM_001,2026-03-01T03:42:00+00:00,54.48531018776526,%,GOOD,SYNTHETIC_ML_DATASET,NORMAL,0
BRT,BRT_POWER_001,2026-03-01T03:42:00+00:00,37.444531685653445,kW,GOOD,SYNTHETIC_ML_DATASET,NORMAL,0
BRT,BRT_PRESS_001,2026-03-01T03:42:00+00:00,982.6797625259513,hPa,GOOD,SYNTHETIC_ML_DATASET,NORMAL,0
BRT,BRT_TEMP_001,2026-03-01T03:42:00+00:00,-13.482698664852112,C,GOOD,SYNTHETIC_ML_DATASET,NORMAL,0
BRT,BRT_VIB_001,2026-03-01T03:42:00+00:00,0.6277486766114166,mm/s,GOOD,SYNTHETIC_ML_DATASET,NORMAL,0
BRT,BRT_HUM_001,2026-03-01T03:43:00+00:00,53.432281669419716,%,GOOD,SYNTHETIC_ML_DATASET,NORMAL,0
BRT,BRT_POWER_001,2026-03-01T03:43:00+00:00,37.737217501953786,kW,GOOD,SYNTHETIC_ML_DATASET,NORMAL,0
BRT,BRT_PRESS_001,2026-03-01T03:43:00+00:00,982.5257541056652,hPa,GOOD,SYNTHETIC_ML_DATASET,NORMAL,0
BRT,BRT_TEMP_001,2026-03-01T03:43:00+00:00,-13.664807295870473,C,GOOD,SYNTHETIC_ML_DATASET,NORMAL,0
BRT,BRT_VIB_001,2026-03-01T03:43:00+00:00,0.6596755992356249,mm/s,GOOD,SYNTHETIC_ML_DATASET,NORMAL,0
BRT,BRT_HUM_001,2026-03-01T03:44:00+00:00,53.22525373072601,%,GOOD,SYNTHETIC_ML_DATASET,NORMAL,0
BRT,BRT_POWER_001,2026-03-01T03:44:00+00:00,36.86780629009884,kW,GOOD,SYNTHETIC_ML_DATASET,NORMAL,0
BRT,BRT_PRESS_001,2026-03-01T03:44:00+00:00,982.6823672291783,hPa,GOOD,SYNTHETIC_ML_DATASET,NORMAL,0
BRT,BRT_TEMP_001,2026-03-01T03:44:00+00:00,-13.669873699766443,C,GOOD,SYNTHETIC_ML_DATASET,NORMAL,0
BRT,BRT_VIB_001,2026-03-01T03:44:00+00:00,0.6693486586279934,mm/s,GOOD,SYNTHETIC_ML_DATASET,NORMAL,0
BRT,BRT_HUM_001,2026-03-01T03:45:00+00:00,52.15758172563307,%,GOOD,SYNTHETIC_ML_DATASET,NORMAL,0
BRT,BRT_POWER_001,2026-03-01T03:45:00+00:00,37.16694926250424,kW,GOOD,SYNTHETIC_ML_DATASET,NORMAL,0
BRT,BRT_PRESS_001,2026-03-01T03:45:00+00:00,982.635479623057,hPa,GOOD,SYNTHETIC_ML_DATASET,NORMAL,0
BRT,BRT_TEMP_001,2026-03-01T03:45:00+00:00,-13.488971187612858,C,GOOD,SYNTHETIC_ML_DATASET,NORMAL,0
BRT,BRT_VIB_001,2026-03-01T03:45:00+00:00,0.6667315475833183,mm/s,GOOD,SYNTHETIC_ML_DATASET,NORMAL,0
BRT,BRT_HUM_001,2026-03-01T03:46:00+00:00,53.58306166175948,%,GOOD,SYNTHETIC_ML_DATASET,NORMAL,0
BRT,BRT_POWER_001,2026-03-01T03:46:00+00:00,37.53491517865661,kW,GOOD,SYNTHETIC_ML_DATASET,NORMAL,0
BRT,BRT_PRESS_001,2026-03-01T03:46:00+00:00,982.6765445875578,hPa,GOOD,SYNTHETIC_ML_DATASET,NORMAL,0
BRT,BRT_TEMP_001,2026-03-01T03:46:00+00:00,-13.242147792062866,C,GOOD,SYNTHETIC_ML_DATASET,NORMAL,0
BRT,BRT_VIB_001,2026-03-01T03:46:00+00:00,0.6891631192717907,mm/s,GOOD,SYNTHETIC_ML_DATASET,NORMAL,0
BRT,BRT_HUM_001,2026-03-01T03:47:00+00:00,52.395278478677064,%,GOOD,SYNTHETIC_ML_DATASET,NORMAL,0
BRT,BRT_POWER_001,2026-03-01T03:47:00+00:00,37.02156139103812,kW,GOOD,SYNTHETIC_ML_DATASET,NORMAL,0
BRT,BRT_PRESS_001,2026-03-01T03:47:00+00:00,982.5334817483031,hPa,GOOD,SYNTHETIC_ML_DATASET,NORMAL,0
BRT,BRT_TEMP_001,2026-03-01T03:47:00+00:00,-13.011969875831227,C,GOOD,SYNTHETIC_ML_DATASET,NORMAL,0
BRT,BRT_VIB_001,2026-03-01T03:47:00+00:00,0.6473181575830235,mm/s,GOOD,SYNTHETIC_ML_DATASET,NORMAL,0
BRT,BRT_HUM_001,2026-03-01T03:48:00+00:00,53.16459106579895,%,GOOD,SYNTHETIC_ML_DATASET,NORMAL,0
BRT,BRT_POWER_001,2026-03-01T03:48:00+00:00,36.81848732205058,kW,GOOD,SYNTHETIC_ML_DATASET,NORMAL,0
BRT,BRT_PRESS_001,2026-03-01T03:48:00+00:00,982.6344020389121,hPa,GOOD,SYNTHETIC_ML_DATASET,NORMAL,0
BRT,BRT_TEMP_001,2026-03-01T03:48:00+00:00,-12.920594618333523,C,GOOD,SYNTHETIC_ML_DATASET,NORMAL,0
BRT,BRT_VIB_001,2026-03-01T03:48:00+00:00,0.648744906645232,mm/s,GOOD,SYNTHETIC_ML_DATASET,NORMAL,0
BRT,BRT_HUM_001,2026-03-01T03:49:00+00:00,53.026878503193245,%,GOOD,SYNTHETIC_ML_DATASET,NORMAL,0
BRT,BRT_POWER_001,2026-03-01T03:49:00+00:00,36.474852335748544,kW,GOOD,SYNTHETIC_ML_DATASET,NORMAL,0
BRT,BRT_PRESS_001,2026-03-01T03:49:00+00:00,982.6179058629713,hPa,GOOD,SYNTHETIC_ML_DATASET,NORMAL,0
BRT,BRT_TEMP_001,2026-03-01T03:49:00+00:00,-13.138881143044179,C,GOOD,SYNTHETIC_ML_DATASET,NORMAL,0
BRT,BRT_VIB_001,2026-03-01T03:49:00+00:00,0.6716039129523952,mm/s,GOOD,SYNTHETIC_ML_DATASET,NORMAL,0
BRT,BRT_HUM_001,2026-03-01T03:50:00+00:00,52.853801832732636,%,GOOD,SYNTHETIC_ML_DATASET,NORMAL,0
BRT,BRT_POWER_001,2026-03-01T03:50:00+00:00,37.388711630599374,kW,GOOD,SYNTHETIC_ML_DATASET,NORMAL,0
BRT,BRT_PRESS_001,2026-03-01T03:50:00+00:00,982.7224218126903,hPa,GOOD,SYNTHETIC_ML_DATASET,NORMAL,0
BRT,BRT_TEMP_001,2026-03-01T03:50:00+00:00,-13.241594578457761,C,GOOD,SYNTHETIC_ML_DATASET,NORMAL,0
BRT,BRT_VIB_001,2026-03-01T03:50:00+00:00,0.6593117050331383,mm/s,GOOD,SYNTHETIC_ML_DATASET,NORMAL,0
BRT,BRT_HUM_001,2026-03-01T03:51:00+00:00,52.646003371946655,%,GOOD,SYNTHETIC_ML_DATASET,NORMAL,0
BRT,BRT_POWER_001,2026-03-01T03:51:00+00:00,37.1824260835069,kW,GOOD,SYNTHETIC_ML_DATASET,NORMAL,0
BRT,BRT_PRESS_001,2026-03-01T03:51:00+00:00,982.6588562464678,hPa,GOOD,SYNTHETIC_ML_DATASET,NORMAL,0
BRT,BRT_TEMP_001,2026-03-01T03:51:00+00:00,-13.439526749123234,C,GOOD,SYNTHETIC_ML_DATASET,NORMAL,0
BRT,BRT_VIB_001,2026-03-01T03:51:00+00:00,0.6611525492774196,mm/s,GOOD,SYNTHETIC_ML_DATASET,NORMAL,0
BRT,BRT_HUM_001,2026-03-01T03:52:00+00:00,51.53016620822224,%,GOOD,SYNTHETIC_ML_DATASET,NORMAL,0
BRT,BRT_POWER_001,2026-03-01T03:52:00+00:00,37.16995276748268,kW,GOOD,SYNTHETIC_ML_DATASET,NORMAL,0
BRT,BRT_PRESS_001,2026-03-01T03:52:00+00:00,982.6011737947742,hPa,GOOD,SYNTHETIC_ML_DATASET,NORMAL,0
BRT,BRT_TEMP_001,2026-03-01T03:52:00+00:00,-13.406006153312735,C,GOOD,SYNTHETIC_ML_DATASET,NORMAL,0
BRT,BRT_VIB_001,2026-03-01T03:52:00+00:00,0.645611386391535,mm/s,GOOD,SYNTHETIC_ML_DATASET,NORMAL,0
BRT,BRT_HUM_001,2026-03-01T03:53:00+00:00,52.07818406138091,%,GOOD,SYNTHETIC_ML_DATASET,NORMAL,0
BRT,BRT_POWER_001,2026-03-01T03:53:00+00:00,36.230614457756424,kW,GOOD,SYNTHETIC_ML_DATASET,NORMAL,0
BRT,BRT_PRESS_001,2026-03-01T03:53:00+00:00,982.7230277535775,hPa,GOOD,SYNTHETIC_ML_DATASET,NORMAL,0
BRT,BRT_TEMP_001,2026-03-01T03:53:00+00:00,-12.965731013186916,C,GOOD,SYNTHETIC_ML_DATASET,NORMAL,0
BRT,BRT_VIB_001,2026-03-01T03:53:00+00:00,0.6353075870765701,mm/s,GOOD,SYNTHETIC_ML_DATASET,NORMAL,0
BRT,BRT_HUM_001,2026-03-01T03:54:00+00:00,52.67781479008468,%,GOOD,SYNTHETIC_ML_DATASET,NORMAL,0
BRT,BRT_POWER_001,2026-03-01T03:54:00+00:00,36.78989395228839,kW,GOOD,SYNTHETIC_ML_DATASET,NORMAL,0
BRT,BRT_PRESS_001,2026-03-01T03:54:00+00:00,982.8424152003985,hPa,GOOD,SYNTHETIC_ML_DATASET,NORMAL,0
BRT,BRT_TEMP_001,2026-03-01T03:54:00+00:00,-13.275246181771008,C,GOOD,SYNTHETIC_ML_DATASET,NORMAL,0
BRT,BRT_VIB_001,2026-03-01T03:54:00+00:00,0.6444415788642546,mm/s,GOOD,SYNTHETIC_ML_DATASET,NORMAL,0
BRT,BRT_HUM_001,2026-03-01T03:55:00+00:00,53.24980168969646,%,GOOD,SYNTHETIC_ML_DATASET,NORMAL,0
BRT,BRT_POWER_001,2026-03-01T03:55:00+00:00,36.35531949323658,kW,GOOD,SYNTHETIC_ML_DATASET,NORMAL,0
BRT,BRT_PRESS_001,2026-03-01T03:55:00+00:00,982.7118301815365,hPa,GOOD,SYNTHETIC_ML_DATASET,NORMAL,0
BRT,BRT_TEMP_001,2026-03-01T03:55:00+00:00,-13.321948771589598,C,GOOD,SYNTHETIC_ML_DATASET,NORMAL,0
BRT,BRT_VIB_001,2026-03-01T03:55:00+00:00,0.6389649851044201,mm/s,GOOD,SYNTHETIC_ML_DATASET,NORMAL,0
BRT,BRT_HUM_001,2026-03-01T03:56:00+00:00,52.57076797072346,%,GOOD,SYNTHETIC_ML_DATASET,NORMAL,0
BRT,BRT_POWER_001,2026-03-01T03:56:00+00:00,36.87338026787249,kW,GOOD,SYNTHETIC_ML_DATASET,NORMAL,0
BRT,BRT_PRESS_001,2026-03-01T03:56:00+00:00,982.5964717682424,hPa,GOOD,SYNTHETIC_ML_DATASET,NORMAL,0
BRT,BRT_TEMP_001,2026-03-01T03:56:00+00:00,-13.385637120555485,C,GOOD,SYNTHETIC_ML_DATASET,NORMAL,0
BRT,BRT_VIB_001,2026-03-01T03:56:00+00:00,0.6490170563541492,mm/s,GOOD,SYNTHETIC_ML_DATASET,NORMAL,0
BRT,BRT_HUM_001,2026-03-01T03:57:00+00:00,53.5258214475931,%,GOOD,SYNTHETIC_ML_DATASET,NORMAL,0
BRT,BRT_POWER_001,2026-03-01T03:57:00+00:00,37.43716342418215,kW,GOOD,SYNTHETIC_ML_DATASET,NORMAL,0
BRT,BRT_PRESS_001,2026-03-01T03:57:00+00:00,982.6190677234273,hPa,GOOD,SYNTHETIC_ML_DATASET,NORMAL,0
BRT,BRT_TEMP_001,2026-03-01T03:57:00+00:00,-13.36274427923169,C,GOOD,SYNTHETIC_ML_DATASET,NORMAL,0
BRT,BRT_VIB_001,2026-03-01T03:57:00+00:00,0.6688517415664832,mm/s,GOOD,SYNTHETIC_ML_DATASET,NORMAL,0
BRT,BRT_HUM_001,2026-03-01T03:58:00+00:00,52.78931747616818,%,GOOD,SYNTHETIC_ML_DATASET,NORMAL,0
BRT,BRT_POWER_001,2026-03-01T03:58:00+00:00,38.189544291488396,kW,GOOD,SYNTHETIC_ML_DATASET,NORMAL,0
BRT,BRT_PRESS_001,2026-03-01T03:58:00+00:00,982.9001403927754,hPa,GOOD,SYNTHETIC_ML_DATASET,NORMAL,0
BRT,BRT_TEMP_001,2026-03-01T03:58:00+00:00,-13.502331243872836,C,GOOD,SYNTHETIC_ML_DATASET,NORMAL,0
BRT,BRT_VIB_001,2026-03-01T03:58:00+00:00,0.6564091952468226,mm/s,GOOD,SYNTHETIC_ML_DATASET,NORMAL,0
BRT,BRT_HUM_001,2026-03-01T03:59:00+00:00,53.271166710663806,%,GOOD,SYNTHETIC_ML_DATASET,NORMAL,0
BRT,BRT_POWER_001,2026-03-01T03:59:00+00:00,38.160860144825726,kW,GOOD,SYNTHETIC_ML_DATASET,NORMAL,0
BRT,BRT_PRESS_001,2026-03-01T03:59:00+00:00,982.8155640495816,hPa,GOOD,SYNTHETIC_ML_DATASET,NORMAL,0
BRT,BRT_TEMP_001,2026-03-01T03:59:00+00:00,-13.438039692747653,C,GOOD,SYNTHETIC_ML_DATASET,NORMAL,0
BRT,BRT_VIB_001,2026-03-01T03:59:00+00:00,0.684914412837947,mm/s,GOOD,SYNTHETIC_ML_DATASET,NORMAL,0
BRT,BRT_HUM_001,2026-03-01T04:00:00+00:00,53.0765615388186,%,GOOD,SYNTHETIC_ML_DATASET,NORMAL,0
BRT,BRT_POWER_001,2026-03-01T04:00:00+00:00,38.01410971999336,kW,GOOD,SYNTHETIC_ML_DATASET,NORMAL,0
BRT,BRT_PRESS_001,2026-03-01T04:00:00+00:00,982.9778547391002,hPa,GOOD,SYNTHETIC_ML_DATASET,NORMAL,0
BRT,BRT_TEMP_001,2026-03-01T04:00:00+00:00,-13.304744536776411,C,GOOD,SYNTHETIC_ML_DATASET,NORMAL,0
BRT,BRT_VIB_001,2026-03-01T04:00:00+00:00,0.6604891878463823,mm/s,GOOD,SYNTHETIC_ML_DATASET,NORMAL,0
BRT,BRT_HUM_001,2026-03-01T04:01:00+00:00,53.38229437791564,%,GOOD,SYNTHETIC_ML_DATASET,NORMAL,0
BRT,BRT_POWER_001,2026-03-01T04:01:00+00:00,38.06111694746732,kW,GOOD,SYNTHETIC_ML_DATASET,NORMAL,0
BRT,BRT_PRESS_001,2026-03-01T04:01:00+00:00,982.8698478889058,hPa,GOOD,SYNTHETIC_ML_DATASET,NORMAL,0
BRT,BRT_TEMP_001,2026-03-01T04:01:00+00:00,-13.468253988412044,C,GOOD,SYNTHETIC_ML_DATASET,NORMAL,0
BRT,BRT_VIB_001,2026-03-01T04:01:00+00:00,0.6624659828045917,mm/s,GOOD,SYNTHETIC_ML_DATASET,NORMAL,0
BRT,BRT_HUM_001,2026-03-01T04:02:00+00:00,53.4377615984969,%,GOOD,SYNTHETIC_ML_DATASET,NORMAL,0
BRT,BRT_POWER_001,2026-03-01T04:02:00+00:00,38.17248197842302,kW,GOOD,SYNTHETIC_ML_DATASET,NORMAL,0
BRT,BRT_PRESS_001,2026-03-01T04:02:00+00:00,982.9961765438921,hPa,GOOD,SYNTHETIC_ML_DATASET,NORMAL,0
BRT,BRT_TEMP_001,2026-03-01T04:02:00+00:00,-13.634722282012728,C,GOOD,SYNTHETIC_ML_DATASET,NORMAL,0
BRT,BRT_VIB_001,2026-03-01T04:02:00+00:00,0.6445393033130405,mm/s,GOOD,SYNTHETIC_ML_DATASET,NORMAL,0
BRT,BRT_HUM_001,2026-03-01T04:03:00+00:00,52.19722757806836,%,GOOD,SYNTHETIC_ML_DATASET,NORMAL,0
BRT,BRT_POWER_001,2026-03-01T04:03:00+00:00,38.25900570749673,kW,GOOD,SYNTHETIC_ML_DATASET,NORMAL,0
BRT,BRT_PRESS_001,2026-03-01T04:03:00+00:00,983.0099533837123,hPa,GOOD,SYNTHETIC_ML_DATASET,NORMAL,0
BRT,BRT_TEMP_001,2026-03-01T04:03:00+00:00,-13.45828751244855,C,GOOD,SYNTHETIC_ML_DATASET,NORMAL,0
BRT,BRT_VIB_001,2026-03-01T04:03:00+00:00,0.6237750565586591,mm/s,GOOD,SYNTHETIC_ML_DATASET,NORMAL,0
BRT,BRT_HUM_001,2026-03-01T04:04:00+00:00,51.97231397001593,%,GOOD,SYNTHETIC_ML_DATASET,NORMAL,0
BRT,BRT_POWER_001,2026-03-01T04:04:00+00:00,38.3554690878946,kW,GOOD,SYNTHETIC_ML_DATASET,NORMAL,0
BRT,BRT_PRESS_001,2026-03-01T04:04:00+00:00,983.0744344446484,hPa,GOOD,SYNTHETIC_ML_DATASET,NORMAL,0
BRT,BRT_TEMP_001,2026-03-01T04:04:00+00:00,-13.230644209572207,C,GOOD,SYNTHETIC_ML_DATASET,NORMAL,0
BRT,BRT_VIB_001,2026-03-01T04:04:00+00:00,0.6603015700362154,mm/s,GOOD,SYNTHETIC_ML_DATASET,NORMAL,0
BRT,BRT_HUM_001,2026-03-01T04:05:00+00:00,51.723721681818084,%,GOOD,SYNTHETIC_ML_DATASET,NORMAL,0
BRT,BRT_POWER_001,2026-03-01T04:05:00+00:00,38.57123000832327,kW,GOOD,SYNTHETIC_ML_DATASET,NORMAL,0
BRT,BRT_PRESS_001,2026-03-01T04:05:00+00:00,983.1451743291251,hPa,GOOD,SYNTHETIC_ML_DATASET,NORMAL,0
BRT,BRT_TEMP_001,2026-03-01T04:05:00+00:00,-13.402847910550056,C,GOOD,SYNTHETIC_ML_DATASET,NORMAL,0
BRT,BRT_VIB_001,2026-03-01T04:05:00+00:00,0.6433264305653627,mm/s,GOOD,SYNTHETIC_ML_DATASET,NORMAL,0
BRT,BRT_HUM_001,2026-03-01T04:06:00+00:00,53.011993509110475,%,GOOD,SYNTHETIC_ML_DATASET,NORMAL,0
BRT,BRT_POWER_001,2026-03-01T04:06:00+00:00,38.0091714039649,kW,GOOD,SYNTHETIC_ML_DATASET,NORMAL,0
BRT,BRT_PRESS_001,2026-03-01T04:06:00+00:00,983.3363588248413,hPa,GOOD,SYNTHETIC_ML_DATASET,NORMAL,0
BRT,BRT_TEMP_001,2026-03-01T04:06:00+00:00,-13.534986057267938,C,GOOD,SYNTHETIC_ML_DATASET,NORMAL,0
BRT,BRT_VIB_001,2026-03-01T04:06:00+00:00,0.6565524953745578,mm/s,GOOD,SYNTHETIC_ML_DATASET,NORMAL,0
BRT,BRT_HUM_001,2026-03-01T04:07:00+00:00,52.858473870475365,%,GOOD,SYNTHETIC_ML_DATASET,NORMAL,0
BRT,BRT_POWER_001,2026-03-01T04:07:00+00:00,38.18182589487257,kW,GOOD,SYNTHETIC_ML_DATASET,NORMAL,0
BRT,BRT_PRESS_001,2026-03-01T04:07:00+00:00,983.2734923630314,hPa,GOOD,SYNTHETIC_ML_DATASET,NORMAL,0
BRT,BRT_TEMP_001,2026-03-01T04:07:00+00:00,-13.198224061714699,C,GOOD,SYNTHETIC_ML_DATASET,NORMAL,0
BRT,BRT_VIB_001,2026-03-01T04:07:00+00:00,0.6367103901892487,mm/s,GOOD,SYNTHETIC_ML_DATASET,NORMAL,0
BRT,BRT_HUM_001,2026-03-01T04:08:00+00:00,52.93526529621765,%,GOOD,SYNTHETIC_ML_DATASET,NORMAL,0
BRT,BRT_POWER_001,2026-03-01T04:08:00+00:00,38.99139130523739,kW,GOOD,SYNTHETIC_ML_DATASET,NORMAL,0
BRT,BRT_PRESS_001,2026-03-01T04:08:00+00:00,983.1695991596043,hPa,GOOD,SYNTHETIC_ML_DATASET,NORMAL,0
BRT,BRT_TEMP_001,2026-03-01T04:08:00+00:00,-12.785688209469193,C,GOOD,SYNTHETIC_ML_DATASET,NORMAL,0
BRT,BRT_VIB_001,2026-03-01T04:08:00+00:00,0.640310923480056,mm/s,GOOD,SYNTHETIC_ML_DATASET,NORMAL,0
BRT,BRT_HUM_001,2026-03-01T04:09:00+00:00,53.583141473517784,%,GOOD,SYNTHETIC_ML_DATASET,NORMAL,0
BRT,BRT_POWER_001,2026-03-01T04:09:00+00:00,38.027505765392675,kW,GOOD,SYNTHETIC_ML_DATASET,NORMAL,0
BRT,BRT_PRESS_001,2026-03-01T04:09:00+00:00,983.0983085266793,hPa,GOOD,SYNTHETIC_ML_DATASET,NORMAL,0
BRT,BRT_TEMP_001,2026-03-01T04:09:00+00:00,-12.712639483568106,C,GOOD,SYNTHETIC_ML_DATASET,NORMAL,0
BRT,BRT_VIB_001,2026-03-01T04:09:00+00:00,0.6505237521839001,mm/s,GOOD,SYNTHETIC_ML_DATASET,NORMAL,0
BRT,BRT_HUM_001,2026-03-01T04:10:00+00:00,54.07304889548687,%,GOOD,SYNTHETIC_ML_DATASET,NORMAL,0
BRT,BRT_POWER_001,2026-03-01T04:10:00+00:00,38.902025253479,kW,GOOD,SYNTHETIC_ML_DATASET,NORMAL,0
BRT,BRT_PRESS_001,2026-03-01T04:10:00+00:00,983.2519474427334,hPa,GOOD,SYNTHETIC_ML_DATASET,NORMAL,0
BRT,BRT_TEMP_001,2026-03-01T04:10:00+00:00,-12.917223436655561,C,GOOD,SYNTHETIC_ML_DATASET,NORMAL,0
BRT,BRT_VIB_001,2026-03-01T04:10:00+00:00,0.6500374857841934,mm/s,GOOD,SYNTHETIC_ML_DATASET,NORMAL,0
BRT,BRT_HUM_001,2026-03-01T04:11:00+00:00,53.20361432106645,%,GOOD,SYNTHETIC_ML_DATASET,NORMAL,0
BRT,BRT_POWER_001,2026-03-01T04:11:00+00:00,38.553140614705946,kW,GOOD,SYNTHETIC_ML_DATASET,NORMAL,0
BRT,BRT_PRESS_001,2026-03-01T04:11:00+00:00,983.1399230673633,hPa,GOOD,SYNTHETIC_ML_DATASET,NORMAL,0
BRT,BRT_TEMP_001,2026-03-01T04:11:00+00:00,-12.721669316724242,C,GOOD,SYNTHETIC_ML_DATASET,NORMAL,0
BRT,BRT_VIB_001,2026-03-01T04:11:00+00:00,0.6595532839219409,mm/s,GOOD,SYNTHETIC_ML_DATASET,NORMAL,0
BRT,BRT_HUM_001,2026-03-01T04:12:00+00:00,53.12263445845229,%,GOOD,SYNTHETIC_ML_DATASET,NORMAL,0
BRT,BRT_POWER_001,2026-03-01T04:12:00+00:00,38.134996962981525,kW,GOOD,SYNTHETIC_ML_DATASET,NORMAL,0
BRT,BRT_PRESS_001,2026-03-01T04:12:00+00:00,983.2466264481177,hPa,GOOD,SYNTHETIC_ML_DATASET,NORMAL,0
BRT,BRT_TEMP_001,2026-03-01T04:12:00+00:00,-12.417342663785291,C,GOOD,SYNTHETIC_ML_DATASET,NORMAL,0
BRT,BRT_VIB_001,2026-03-01T04:12:00+00:00,0.6497241973680019,mm/s,GOOD,SYNTHETIC_ML_DATASET,NORMAL,0
BRT,BRT_HUM_001,2026-03-01T04:13:00+00:00,53.134827456593335,%,GOOD,SYNTHETIC_ML_DATASET,NORMAL,0
BRT,BRT_POWER_001,2026-03-01T04:13:00+00:00,38.24960637060012,kW,GOOD,SYNTHETIC_ML_DATASET,NORMAL,0
BRT,BRT_PRESS_001,2026-03-01T04:13:00+00:00,983.390677743915,hPa,GOOD,SYNTHETIC_ML_DATASET,NORMAL,0
BRT,BRT_TEMP_001,2026-03-01T04:13:00+00:00,-12.775463736118361,C,GOOD,SYNTHETIC_ML_DATASET,NORMAL,0
BRT,BRT_VIB_001,2026-03-01T04:13:00+00:00,0.6578578751575067,mm/s,GOOD,SYNTHETIC_ML_DATASET,NORMAL,0
BRT,BRT_HUM_001,2026-03-01T04:14:00+00:00,53.426437246255766,%,GOOD,SYNTHETIC_ML_DATASET,NORMAL,0
BRT,BRT_POWER_001,2026-03-01T04:14:00+00:00,38.488889845048355,kW,GOOD,SYNTHETIC_ML_DATASET,NORMAL,0
BRT,BRT_PRESS_001,2026-03-01T04:14:00+00:00,983.397927335057,hPa,GOOD,SYNTHETIC_ML_DATASET,NORMAL,0
BRT,BRT_TEMP_001,2026-03-01T04:14:00+00:00,-12.378872795534862,C,GOOD,SYNTHETIC_ML_DATASET,NORMAL,0
BRT,BRT_VIB_001,2026-03-01T04:14:00+00:00,0.6372011526062122,mm/s,GOOD,SYNTHETIC_ML_DATASET,NORMAL,0
BRT,BRT_HUM_001,2026-03-01T04:15:00+00:00,53.89427808744376,%,GOOD,SYNTHETIC_ML_DATASET,NORMAL,0
BRT,BRT_POWER_001,2026-03-01T04:15:00+00:00,37.91083582650044,kW,GOOD,SYNTHETIC_ML_DATASET,NORMAL,0
BRT,BRT_PRESS_001,2026-03-01T04:15:00+00:00,983.2752067063545,hPa,GOOD,SYNTHETIC_ML_DATASET,NORMAL,0
BRT,BRT_TEMP_001,2026-03-01T04:15:00+00:00,-12.475762474521087,C,GOOD,SYNTHETIC_ML_DATASET,NORMAL,0
BRT,BRT_VIB_001,2026-03-01T04:15:00+00:00,0.6458772576184992,mm/s,GOOD,SYNTHETIC_ML_DATASET,NORMAL,0
BRT,BRT_HUM_001,2026-03-01T04:16:00+00:00,54.57634874816941,%,GOOD,SYNTHETIC_ML_DATASET,NORMAL,0
BRT,BRT_POWER_001,2026-03-01T04:16:00+00:00,38.71138495269907,kW,GOOD,SYNTHETIC_ML_DATASET,NORMAL,0
BRT,BRT_PRESS_001,2026-03-01T04:16:00+00:00,983.1397381063347,hPa,GOOD,SYNTHETIC_ML_DATASET,NORMAL,0
BRT,BRT_TEMP_001,2026-03-01T04:16:00+00:00,-12.21587047912739,C,GOOD,SYNTHETIC_ML_DATASET,NORMAL,0
BRT,BRT_VIB_001,2026-03-01T04:16:00+00:00,0.6724249130529129,mm/s,GOOD,SYNTHETIC_ML_DATASET,NORMAL,0
BRT,BRT_HUM_001,2026-03-01T04:17:00+00:00,54.930724585418915,%,GOOD,SYNTHETIC_ML_DATASET,NORMAL,0
BRT,BRT_POWER_001,2026-03-01T04:17:00+00:00,38.83934414648955,kW,GOOD,SYNTHETIC_ML_DATASET,NORMAL,0
BRT,BRT_PRESS_001,2026-03-01T04:17:00+00:00,983.3715054326859,hPa,GOOD,SYNTHETIC_ML_DATASET,NORMAL,0
BRT,BRT_TEMP_001,2026-03-01T04:17:00+00:00,-12.200991534049443,C,GOOD,SYNTHETIC_ML_DATASET,NORMAL,0
BRT,BRT_VIB_001,2026-03-01T04:17:00+00:00,0.6642222028798465,mm/s,GOOD,SYNTHETIC_ML_DATASET,NORMAL,0
BRT,BRT_HUM_001,2026-03-01T04:18:00+00:00,55.91789969177412,%,GOOD,SYNTHETIC_ML_DATASET,NORMAL,0
BRT,BRT_POWER_001,2026-03-01T04:18:00+00:00,39.130573858793376,kW,GOOD,SYNTHETIC_ML_DATASET,NORMAL,0
BRT,BRT_PRESS_001,2026-03-01T04:18:00+00:00,983.3795697070049,hPa,GOOD,SYNTHETIC_ML_DATASET,NORMAL,0
BRT,BRT_TEMP_001,2026-03-01T04:18:00+00:00,-12.063672349118603,C,GOOD,SYNTHETIC_ML_DATASET,NORMAL,0
BRT,BRT_VIB_001,2026-03-01T04:18:00+00:00,0.6808797286450468,mm/s,GOOD,SYNTHETIC_ML_DATASET,NORMAL,0
BRT,BRT_HUM_001,2026-03-01T04:19:00+00:00,55.62742423593634,%,GOOD,SYNTHETIC_ML_DATASET,NORMAL,0
BRT,BRT_POWER_001,2026-03-01T04:19:00+00:00,38.68962580079415,kW,GOOD,SYNTHETIC_ML_DATASET,NORMAL,0
BRT,BRT_PRESS_001,2026-03-01T04:19:00+00:00,983.5147414293508,hPa,GOOD,SYNTHETIC_ML_DATASET,NORMAL,0
BRT,BRT_TEMP_001,2026-03-01T04:19:00+00:00,-12.185074505605066,C,GOOD,SYNTHETIC_ML_DATASET,NORMAL,0
BRT,BRT_VIB_001,2026-03-01T04:19:00+00:00,0.6915466546433308,mm/s,GOOD,SYNTHETIC_ML_DATASET,NORMAL,0
BRT,BRT_HUM_001,2026-03-01T04:20:00+00:00,56.47304351720516,%,GOOD,SYNTHETIC_ML_DATASET,NORMAL,0
BRT,BRT_POWER_001,2026-03-01T04:20:00+00:00,38.59465790564602,kW,GOOD,SYNTHETIC_ML_DATASET,NORMAL,0
BRT,BRT_PRESS_001,2026-03-01T04:20:00+00:00,983.5464431916417,hPa,GOOD,SYNTHETIC_ML_DATASET,NORMAL,0
BRT,BRT_TEMP_001,2026-03-01T04:20:00+00:00,-12.444114853686234,C,GOOD,SYNTHETIC_ML_DATASET,NORMAL,0
BRT,BRT_VIB_001,2026-03-01T04:20:00+00:00,0.6953252796569436,mm/s,GOOD,SYNTHETIC_ML_DATASET,NORMAL,0
BRT,BRT_HUM_001,2026-03-01T04:21:00+00:00,56.644869654807536,%,GOOD,SYNTHETIC_ML_DATASET,NORMAL,0
BRT,BRT_POWER_001,2026-03-01T04:21:00+00:00,39.320630643031215,kW,GOOD,SYNTHETIC_ML_DATASET,NORMAL,0
BRT,BRT_PRESS_001,2026-03-01T04:21:00+00:00,983.6305514317696,hPa,GOOD,SYNTHETIC_ML_DATASET,NORMAL,0
BRT,BRT_TEMP_001,2026-03-01T04:21:00+00:00,-12.22948421023318,C,GOOD,SYNTHETIC_ML_DATASET,NORMAL,0
BRT,BRT_VIB_001,2026-03-01T04:21:00+00:00,0.6945894549674153,mm/s,GOOD,SYNTHETIC_ML_DATASET,NORMAL,0
BRT,BRT_HUM_001,2026-03-01T04:22:00+00:00,56.3399842299655,%,GOOD,SYNTHETIC_ML_DATASET,NORMAL,0
BRT,BRT_POWER_001,2026-03-01T04:22:00+00:00,38.765236346010006,kW,GOOD,SYNTHETIC_ML_DATASET,NORMAL,0
BRT,BRT_PRESS_001,2026-03-01T04:22:00+00:00,983.7188706423193,hPa,GOOD,SYNTHETIC_ML_DATASET,NORMAL,0
BRT,BRT_TEMP_001,2026-03-01T04:22:00+00:00,-12.036745828219253,C,GOOD,SYNTHETIC_ML_DATASET,NORMAL,0
BRT,BRT_VIB_001,2026-03-01T04:22:00+00:00,0.6879301040585843,mm/s,GOOD,SYNTHETIC_ML_DATASET,NORMAL,0
BRT,BRT_HUM_001,2026-03-01T04:23:00+00:00,57.10044119758363,%,GOOD,SYNTHETIC_ML_DATASET,NORMAL,0
BRT,BRT_POWER_001,2026-03-01T04:23:00+00:00,39.208379427160494,kW,GOOD,SYNTHETIC_ML_DATASET,NORMAL,0
BRT,BRT_PRESS_001,2026-03-01T04:23:00+00:00,983.6637988124762,hPa,GOOD,SYNTHETIC_ML_DATASET,NORMAL,0
BRT,BRT_TEMP_001,2026-03-01T04:23:00+00:00,-12.05037285286221,C,GOOD,SYNTHETIC_ML_DATASET,NORMAL,0
BRT,BRT_VIB_001,2026-03-01T04:23:00+00:00,0.6517510635976594,mm/s,GOOD,SYNTHETIC_ML_DATASET,NORMAL,0
BRT,BRT_HUM_001,2026-03-01T04:24:00+00:00,56.99440073858187,%,GOOD,SYNTHETIC_ML_DATASET,NORMAL,0
BRT,BRT_POWER_001,2026-03-01T04:24:00+00:00,39.271226301343795,kW,GOOD,SYNTHETIC_ML_DATASET,NORMAL,0
BRT,BRT_PRESS_001,2026-03-01T04:24:00+00:00,983.7891465813374,hPa,GOOD,SYNTHETIC_ML_DATASET,NORMAL,0
BRT,BRT_TEMP_001,2026-03-01T04:24:00+00:00,-11.859163399628521,C,GOOD,SYNTHETIC_ML_DATASET,NORMAL,0
BRT,BRT_VIB_001,2026-03-01T04:24:00+00:00,0.6947407312833109,mm/s,GOOD,SYNTHETIC_ML_DATASET,NORMAL,0
BRT,BRT_HUM_001,2026-03-01T04:25:00+00:00,56.51551316328468,%,GOOD,SYNTHETIC_ML_DATASET,NORMAL,0
BRT,BRT_POWER_001,2026-03-01T04:25:00+00:00,39.53787467107883,kW,GOOD,SYNTHETIC_ML_DATASET,NORMAL,0
BRT,BRT_PRESS_001,2026-03-01T04:25:00+00:00,983.8410244529339,hPa,GOOD,SYNTHETIC_ML_DATASET,NORMAL,0
BRT,BRT_TEMP_001,2026-03-01T04:25:00+00:00,-11.657057978984405,C,GOOD,SYNTHETIC_ML_DATASET,NORMAL,0
BRT,BRT_VIB_001,2026-03-01T04:25:00+00:00,0.6815901049464559,mm/s,GOOD,SYNTHETIC_ML_DATASET,NORMAL,0
BRT,BRT_HUM_001,2026-03-01T04:26:00+00:00,56.647450932885725,%,GOOD,SYNTHETIC_ML_DATASET,NORMAL,0
BRT,BRT_POWER_001,2026-03-01T04:26:00+00:00,39.955893460374384,kW,GOOD,SYNTHETIC_ML_DATASET,NORMAL,0
BRT,BRT_PRESS_001,2026-03-01T04:26:00+00:00,983.862369323614,hPa,GOOD,SYNTHETIC_ML_DATASET,NORMAL,0
BRT,BRT_TEMP_001,2026-03-01T04:26:00+00:00,-11.591329613701049,C,GOOD,SYNTHETIC_ML_DATASET,NORMAL,0
BRT,BRT_VIB_001,2026-03-01T04:26:00+00:00,0.6790196056275278,mm/s,GOOD,SYNTHETIC_ML_DATASET,NORMAL,0
BRT,BRT_HUM_001,2026-03-01T04:27:00+00:00,57.6350418956999,%,GOOD,SYNTHETIC_ML_DATASET,NORMAL,0
BRT,BRT_POWER_001,2026-03-01T04:27:00+00:00,39.319710727840544,kW,GOOD,SYNTHETIC_ML_DATASET,NORMAL,0
BRT,BRT_PRESS_001,2026-03-01T04:27:00+00:00,983.9954801011322,hPa,GOOD,SYNTHETIC_ML_DATASET,NORMAL,0
BRT,BRT_TEMP_001,2026-03-01T04:27:00+00:00,-11.574700568457438,C,GOOD,SYNTHETIC_ML_DATASET,NORMAL,0
BRT,BRT_VIB_001,2026-03-01T04:27:00+00:00,0.6824434475647185,mm/s,GOOD,SYNTHETIC_ML_DATASET,NORMAL,0
BRT,BRT_HUM_001,2026-03-01T04:28:00+00:00,57.299607635736635,%,GOOD,SYNTHETIC_ML_DATASET,NORMAL,0
BRT,BRT_POWER_001,2026-03-01T04:28:00+00:00,39.910108353825656,kW,GOOD,SYNTHETIC_ML_DATASET,NORMAL,0
BRT,BRT_PRESS_001,2026-03-01T04:28:00+00:00,984.0569405868367,hPa,GOOD,SYNTHETIC_ML_DATASET,NORMAL,0
BRT,BRT_TEMP_001,2026-03-01T04:28:00+00:00,-11.672031696208258,C,GOOD,SYNTHETIC_ML_DATASET,NORMAL,0
BRT,BRT_VIB_001,2026-03-01T04:28:00+00:00,0.691577081207092,mm/s,GOOD,SYNTHETIC_ML_DATASET,NORMAL,0
BRT,BRT_HUM_001,2026-03-01T04:29:00+00:00,56.983699657450806,%,GOOD,SYNTHETIC_ML_DATASET,NORMAL,0
BRT,BRT_POWER_001,2026-03-01T04:29:00+00:00,39.60634896513176,kW,GOOD,SYNTHETIC_ML_DATASET,NORMAL,0
BRT,BRT_PRESS_001,2026-03-01T04:29:00+00:00,984.1400289160138,hPa,GOOD,SYNTHETIC_ML_DATASET,NORMAL,0
BRT,BRT_TEMP_001,2026-03-01T04:29:00+00:00,-11.456483314365784,C,GOOD,SYNTHETIC_ML_DATASET,NORMAL,0
BRT,BRT_VIB_001,2026-03-01T04:29:00+00:00,0.6792779084125833,mm/s,GOOD,SYNTHETIC_ML_DATASET,NORMAL,0
BRT,BRT_HUM_001,2026-03-01T04:30:00+00:00,57.00996291368857,%,GOOD,SYNTHETIC_ML_DATASET,NORMAL,0
BRT,BRT_POWER_001,2026-03-01T04:30:00+00:00,40.35914894274806,kW,GOOD,SYNTHETIC_ML_DATASET,NORMAL,0
BRT,BRT_PRESS_001,2026-03-01T04:30:00+00:00,984.3031482767824,hPa,GOOD,SYNTHETIC_ML_DATASET,NORMAL,0
BRT,BRT_TEMP_001,2026-03-01T04:30:00+00:00,-11.362357435145201,C,GOOD,SYNTHETIC_ML_DATASET,NORMAL,0
BRT,BRT_VIB_001,2026-03-01T04:30:00+00:00,0.7066186289428779,mm/s,GOOD,SYNTHETIC_ML_DATASET,NORMAL,0
BRT,BRT_HUM_001,2026-03-01T04:31:00+00:00,57.4629780238594,%,GOOD,SYNTHETIC_ML_DATASET,NORMAL,0
BRT,BRT_POWER_001,2026-03-01T04:31:00+00:00,40.78452227832964,kW,GOOD,SYNTHETIC_ML_DATASET,NORMAL,0
BRT,BRT_PRESS_001,2026-03-01T04:31:00+00:00,984.2607705754564,hPa,GOOD,SYNTHETIC_ML_DATASET,NORMAL,0
BRT,BRT_TEMP_001,2026-03-01T04:31:00+00:00,-11.416732378601816,C,GOOD,SYNTHETIC_ML_DATASET,NORMAL,0
BRT,BRT_VIB_001,2026-03-01T04:31:00+00:00,0.6891657973698616,mm/s,GOOD,SYNTHETIC_ML_DATASET,NORMAL,0
BRT,BRT_HUM_001,2026-03-01T04:32:00+00:00,57.490997568550604,%,GOOD,SYNTHETIC_ML_DATASET,NORMAL,0
BRT,BRT_POWER_001,2026-03-01T04:32:00+00:00,41.393289848842,kW,GOOD,SYNTHETIC_ML_DATASET,NORMAL,0
BRT,BRT_PRESS_001,2026-03-01T04:32:00+00:00,984.3054763818805,hPa,GOOD,SYNTHETIC_ML_DATASET,NORMAL,0
BRT,BRT_TEMP_001,2026-03-01T04:32:00+00:00,-11.171917143099032,C,GOOD,SYNTHETIC_ML_DATASET,NORMAL,0
BRT,BRT_VIB_001,2026-03-01T04:32:00+00:00,0.7029139631442163,mm/s,GOOD,SYNTHETIC_ML_DATASET,NORMAL,0
BRT,BRT_HUM_001,2026-03-01T04:33:00+00:00,57.30165926918901,%,GOOD,SYNTHETIC_ML_DATASET,NORMAL,0
BRT,BRT_POWER_001,2026-03-01T04:33:00+00:00,41.23316633233402,kW,GOOD,SYNTHETIC_ML_DATASET,NORMAL,0
BRT,BRT_PRESS_001,2026-03-01T04:33:00+00:00,984.5787383885236,hPa,GOOD,SYNTHETIC_ML_DATASET,NORMAL,0
BRT,BRT_TEMP_001,2026-03-01T04:33:00+00:00,-10.87265331757012,C,GOOD,SYNTHETIC_ML_DATASET,NORMAL,0
BRT,BRT_VIB_001,2026-03-01T04:33:00+00:00,0.7045400765332167,mm/s,GOOD,SYNTHETIC_ML_DATASET,NORMAL,0
BRT,BRT_HUM_001,2026-03-01T04:34:00+00:00,58.70217557110492,%,GOOD,SYNTHETIC_ML_DATASET,NORMAL,0
BRT,BRT_POWER_001,2026-03-01T04:34:00+00:00,41.02843251864579,kW,GOOD,SYNTHETIC_ML_DATASET,NORMAL,0
BRT,BRT_PRESS_001,2026-03-01T04:34:00+00:00,984.6660621202986,hPa,GOOD,SYNTHETIC_ML_DATASET,NORMAL,0
BRT,BRT_TEMP_001,2026-03-01T04:34:00+00:00,-10.742611953463983,C,GOOD,SYNTHETIC_ML_DATASET,NORMAL,0
BRT,BRT_VIB_001,2026-03-01T04:34:00+00:00,0.7036270306549633,mm/s,GOOD,SYNTHETIC_ML_DATASET,NORMAL,0
BRT,BRT_HUM_001,2026-03-01T04:35:00+00:00,59.178494437227414,%,GOOD,SYNTHETIC_ML_DATASET,NORMAL,0
BRT,BRT_POWER_001,2026-03-01T04:35:00+00:00,40.84604313378844,kW,GOOD,SYNTHETIC_ML_DATASET,NORMAL,0
BRT,BRT_PRESS_001,2026-03-01T04:35:00+00:00,984.6610238257317,hPa,GOOD,SYNTHETIC_ML_DATASET,NORMAL,0
BRT,BRT_TEMP_001,2026-03-01T04:35:00+00:00,-10.983243824169797,C,GOOD,SYNTHETIC_ML_DATASET,NORMAL,0
BRT,BRT_VIB_001,2026-03-01T04:35:00+00:00,0.7117036448380657,mm/s,GOOD,SYNTHETIC_ML_DATASET,NORMAL,0
BRT,BRT_HUM_001,2026-03-01T04:36:00+00:00,59.03762818189227,%,GOOD,SYNTHETIC_ML_DATASET,NORMAL,0
BRT,BRT_POWER_001,2026-03-01T04:36:00+00:00,41.25250218046087,kW,GOOD,SYNTHETIC_ML_DATASET,NORMAL,0
BRT,BRT_PRESS_001,2026-03-01T04:36:00+00:00,984.7172438677169,hPa,GOOD,SYNTHETIC_ML_DATASET,NORMAL,0
BRT,BRT_TEMP_001,2026-03-01T04:36:00+00:00,-10.809583416795268,C,GOOD,SYNTHETIC_ML_DATASET,NORMAL,0
BRT,BRT_VIB_001,2026-03-01T04:36:00+00:00,0.6728142940285232,mm/s,GOOD,SYNTHETIC_ML_DATASET,NORMAL,0
BRT,BRT_HUM_001,2026-03-01T04:37:00+00:00,59.301764975104035,%,GOOD,SYNTHETIC_ML_DATASET,NORMAL,0
BRT,BRT_POWER_001,2026-03-01T04:37:00+00:00,40.52799608755487,kW,GOOD,SYNTHETIC_ML_DATASET,NORMAL,0
BRT,BRT_PRESS_001,2026-03-01T04:37:00+00:00,984.7909522341789,hPa,GOOD,SYNTHETIC_ML_DATASET,NORMAL,0
BRT,BRT_TEMP_001,2026-03-01T04:37:00+00:00,-10.519097479541315,C,GOOD,SYNTHETIC_ML_DATASET,NORMAL,0
BRT,BRT_VIB_001,2026-03-01T04:37:00+00:00,0.6873687711742851,mm/s,GOOD,SYNTHETIC_ML_DATASET,NORMAL,0
BRT,BRT_HUM_001,2026-03-01T04:38:00+00:00,59.739884169389306,%,GOOD,SYNTHETIC_ML_DATASET,NORMAL,0
BRT,BRT_POWER_001,2026-03-01T04:38:00+00:00,40.74624044895265,kW,GOOD,SYNTHETIC_ML_DATASET,NORMAL,0
BRT,BRT_PRESS_001,2026-03-01T04:38:00+00:00,985.0136629228097,hPa,GOOD,SYNTHETIC_ML_DATASET,NORMAL,0
BRT,BRT_TEMP_001,2026-03-01T04:38:00+00:00,-10.594329218829339,C,GOOD,SYNTHETIC_ML_DATASET,NORMAL,0
BRT,BRT_VIB_001,2026-03-01T04:38:00+00:00,0.6971630738255762,mm/s,GOOD,SYNTHETIC_ML_DATASET,NORMAL,0
BRT,BRT_HUM_001,2026-03-01T04:39:00+00:00,59.14379186455486,%,GOOD,SYNTHETIC_ML_DATASET,NORMAL,0
BRT,BRT_POWER_001,2026-03-01T04:39:00+00:00,40.56307586870939,kW,GOOD,SYNTHETIC_ML_DATASET,NORMAL,0
BRT,BRT_PRESS_001,2026-03-01T04:39:00+00:00,984.894440279804,hPa,GOOD,SYNTHETIC_ML_DATASET,NORMAL,0
BRT,BRT_TEMP_001,2026-03-01T04:39:00+00:00,-10.656972036397224,C,GOOD,SYNTHETIC_ML_DATASET,NORMAL,0
BRT,BRT_VIB_001,2026-03-01T04:39:00+00:00,0.6985512393097747,mm/s,GOOD,SYNTHETIC_ML_DATASET,NORMAL,0
BRT,BRT_HUM_001,2026-03-01T04:40:00+00:00,59.34035500850865,%,GOOD,SYNTHETIC_ML_DATASET,NORMAL,0
BRT,BRT_POWER_001,2026-03-01T04:40:00+00:00,41.3948523160594,kW,GOOD,SYNTHETIC_ML_DATASET,NORMAL,0
BRT,BRT_PRESS_001,2026-03-01T04:40:00+00:00,984.965933334714,hPa,GOOD,SYNTHETIC_ML_DATASET,NORMAL,0
BRT,BRT_TEMP_001,2026-03-01T04:40:00+00:00,-10.210620054531425,C,GOOD,SYNTHETIC_ML_DATASET,NORMAL,0
BRT,BRT_VIB_001,2026-03-01T04:40:00+00:00,0.7138055963756903,mm/s,GOOD,SYNTHETIC_ML_DATASET,NORMAL,0
BRT,BRT_HUM_001,2026-03-01T04:41:00+00:00,59.278687240135504,%,GOOD,SYNTHETIC_ML_DATASET,NORMAL,0
BRT,BRT_POWER_001,2026-03-01T04:41:00+00:00,41.674037877697074,kW,GOOD,SYNTHETIC_ML_DATASET,NORMAL,0
BRT,BRT_PRESS_001,2026-03-01T04:41:00+00:00,984.8490732549892,hPa,GOOD,SYNTHETIC_ML_DATASET,NORMAL,0
BRT,BRT_TEMP_001,2026-03-01T04:41:00+00:00,-10.440378342549199,C,GOOD,SYNTHETIC_ML_DATASET,NORMAL,0
BRT,BRT_VIB_001,2026-03-01T04:41:00+00:00,0.7215820016222837,mm/s,GOOD,SYNTHETIC_ML_DATASET,NORMAL,0
BRT,BRT_HUM_001,2026-03-01T04:42:00+00:00,58.930634858168126,%,GOOD,SYNTHETIC_ML_DATASET,NORMAL,0
BRT,BRT_POWER_001,2026-03-01T04:42:00+00:00,41.33428786388327,kW,GOOD,SYNTHETIC_ML_DATASET,NORMAL,0
BRT,BRT_PRESS_001,2026-03-01T04:42:00+00:00,985.1004737477053,hPa,GOOD,SYNTHETIC_ML_DATASET,NORMAL,0
BRT,BRT_TEMP_001,2026-03-01T04:42:00+00:00,-10.167826536111841,C,GOOD,SYNTHETIC_ML_DATASET,NORMAL,0
BRT,BRT_VIB_001,2026-03-01T04:42:00+00:00,0.7236133489283832,mm/s,GOOD,SYNTHETIC_ML_DATASET,NORMAL,0
BRT,BRT_HUM_001,2026-03-01T04:43:00+00:00,59.21031270531425,%,GOOD,SYNTHETIC_ML_DATASET,NORMAL,0
BRT,BRT_POWER_001,2026-03-01T04:43:00+00:00,41.776052076195384,kW,GOOD,SYNTHETIC_ML_DATASET,NORMAL,0
BRT,BRT_PRESS_001,2026-03-01T04:43:00+00:00,984.9829787037169,hPa,GOOD,SYNTHETIC_ML_DATASET,NORMAL,0
BRT,BRT_TEMP_001,2026-03-01T04:43:00+00:00,-10.145039023493245,C,GOOD,SYNTHETIC_ML_DATASET,NORMAL,0
BRT,BRT_VIB_001,2026-03-01T04:43:00+00:00,0.7258271765785029,mm/s,GOOD,SYNTHETIC_ML_DATASET,NORMAL,0
BRT,BRT_HUM_001,2026-03-01T04:44:00+00:00,60.284796519075236,%,GOOD,SYNTHETIC_ML_DATASET,NORMAL,0
BRT,BRT_POWER_001,2026-03-01T04:44:00+00:00,41.859156222923815,kW,GOOD,SYNTHETIC_ML_DATASET,NORMAL,0
BRT,BRT_PRESS_001,2026-03-01T04:44:00+00:00,984.9208266804754,hPa,GOOD,SYNTHETIC_ML_DATASET,NORMAL,0
BRT,BRT_TEMP_001,2026-03-01T04:44:00+00:00,-10.164347292626388,C,GOOD,SYNTHETIC_ML_DATASET,NORMAL,0
BRT,BRT_VIB_001,2026-03-01T04:44:00+00:00,0.7179218020243316,mm/s,GOOD,SYNTHETIC_ML_DATASET,NORMAL,0
BRT,BRT_HUM_001,2026-03-01T04:45:00+00:00,59.51014446137813,%,GOOD,SYNTHETIC_ML_DATASET,NORMAL,0
BRT,BRT_POWER_001,2026-03-01T04:45:00+00:00,41.916654966282685,kW,GOOD,SYNTHETIC_ML_DATASET,NORMAL,0
BRT,BRT_PRESS_001,2026-03-01T04:45:00+00:00,985.0867008862652,hPa,GOOD,SYNTHETIC_ML_DATASET,NORMAL,0
BRT,BRT_TEMP_001,2026-03-01T04:45:00+00:00,-10.147043410672547,C,GOOD,SYNTHETIC_ML_DATASET,NORMAL,0
BRT,BRT_VIB_001,2026-03-01T04:45:00+00:00,0.7183260058820958,mm/s,GOOD,SYNTHETIC_ML_DATASET,NORMAL,0
BRT,BRT_HUM_001,2026-03-01T04:46:00+00:00,60.052379110966385,%,GOOD,SYNTHETIC_ML_DATASET,NORMAL,0
BRT,BRT_POWER_001,2026-03-01T04:46:00+00:00,41.981769057261864,kW,GOOD,SYNTHETIC_ML_DATASET,NORMAL,0
BRT,BRT_PRESS_001,2026-03-01T04:46:00+00:00,985.4425190350349,hPa,GOOD,SYNTHETIC_ML_DATASET,NORMAL,0
BRT,BRT_TEMP_001,2026-03-01T04:46:00+00:00,-10.013163889734944,C,GOOD,SYNTHETIC_ML_DATASET,NORMAL,0
BRT,BRT_VIB_001,2026-03-01T04:46:00+00:00,0.7004248604646737,mm/s,GOOD,SYNTHETIC_ML_DATASET,NORMAL,0
BRT,BRT_HUM_001,2026-03-01T04:47:00+00:00,59.46487171573132,%,GOOD,SYNTHETIC_ML_DATASET,NORMAL,0
BRT,BRT_POWER_001,2026-03-01T04:47:00+00:00,41.80258210669809,kW,GOOD,SYNTHETIC_ML_DATASET,NORMAL,0
BRT,BRT_PRESS_001,2026-03-01T04:47:00+00:00,985.354253702024,hPa,GOOD,SYNTHETIC_ML_DATASET,NORMAL,0
BRT,BRT_TEMP_001,2026-03-01T04:47:00+00:00,-9.769352766134391,C,GOOD,SYNTHETIC_ML_DATASET,NORMAL,0
BRT,BRT_VIB_001,2026-03-01T04:47:00+00:00,0.7126242731176634,mm/s,GOOD,SYNTHETIC_ML_DATASET,NORMAL,0
BRT,BRT_HUM_001,2026-03-01T04:48:00+00:00,58.81870708371665,%,GOOD,SYNTHETIC_ML_DATASET,NORMAL,0
BRT,BRT_POWER_001,2026-03-01T04:48:00+00:00,42.296228690959445,kW,GOOD,SYNTHETIC_ML_DATASET,NORMAL,0
BRT,BRT_PRESS_001,2026-03-01T04:48:00+00:00,985.3419344988556,hPa,GOOD,SYNTHETIC_ML_DATASET,NORMAL,0
BRT,BRT_TEMP_001,2026-03-01T04:48:00+00:00,-9.860937784113506,C,GOOD,SYNTHETIC_ML_DATASET,NORMAL,0
BRT,BRT_VIB_001,2026-03-01T04:48:00+00:00,0.7279388930523547,mm/s,GOOD,SYNTHETIC_ML_DATASET,NORMAL,0
BRT,BRT_HUM_001,2026-03-01T04:49:00+00:00,60.144591326039425,%,GOOD,SYNTHETIC_ML_DATASET,NORMAL,0
BRT,BRT_POWER_001,2026-03-01T04:49:00+00:00,42.059855653969926,kW,GOOD,SYNTHETIC_ML_DATASET,NORMAL,0
BRT,BRT_PRESS_001,2026-03-01T04:49:00+00:00,985.3156634238513,hPa,GOOD,SYNTHETIC_ML_DATASET,NORMAL,0
BRT,BRT_TEMP_001,2026-03-01T04:49:00+00:00,-10.064026568076523,C,GOOD,SYNTHETIC_ML_DATASET,NORMAL,0
BRT,BRT_VIB_001,2026-03-01T04:49:00+00:00,0.7506825574250626,mm/s,GOOD,SYNTHETIC_ML_DATASET,NORMAL,0
BRT,BRT_HUM_001,2026-03-01T04:50:00+00:00,58.959627008231145,%,GOOD,SYNTHETIC_ML_DATASET,NORMAL,0
BRT,BRT_POWER_001,2026-03-01T04:50:00+00:00,42.59880106253467,kW,GOOD,SYNTHETIC_ML_DATASET,NORMAL,0
BRT,BRT_PRESS_001,2026-03-01T04:50:00+00:00,985.4744814073034,hPa,GOOD,SYNTHETIC_ML_DATASET,NORMAL,0
BRT,BRT_TEMP_001,2026-03-01T04:50:00+00:00,-9.799757543912714,C,GOOD,SYNTHETIC_ML_DATASET,NORMAL,0
BRT,BRT_VIB_001,2026-03-01T04:50:00+00:00,0.774591491910908,mm/s,GOOD,SYNTHETIC_ML_DATASET,NORMAL,0
BRT,BRT_HUM_001,2026-03-01T04:51:00+00:00,59.927252993436674,%,GOOD,SYNTHETIC_ML_DATASET,NORMAL,0
BRT,BRT_POWER_001,2026-03-01T04:51:00+00:00,42.545929241073466,kW,GOOD,SYNTHETIC_ML_DATASET,NORMAL,0
BRT,BRT_PRESS_001,2026-03-01T04:51:00+00:00,985.5893707708498,hPa,GOOD,SYNTHETIC_ML_DATASET,NORMAL,0
BRT,BRT_TEMP_001,2026-03-01T04:51:00+00:00,-9.636300894158897,C,GOOD,SYNTHETIC_ML_DATASET,NORMAL,0
BRT,BRT_VIB_001,2026-03-01T04:51:00+00:00,0.7457851928726965,mm/s,GOOD,SYNTHETIC_ML_DATASET,NORMAL,0
BRT,BRT_HUM_001,2026-03-01T04:52:00+00:00,60.30109716620556,%,GOOD,SYNTHETIC_ML_DATASET,NORMAL,0
BRT,BRT_POWER_001,2026-03-01T04:52:00+00:00,42.593693328317634,kW,GOOD,SYNTHETIC_ML_DATASET,NORMAL,0
BRT,BRT_PRESS_001,2026-03-01T04:52:00+00:00,985.6682961248706,hPa,GOOD,SYNTHETIC_ML_DATASET,NORMAL,0
BRT,BRT_TEMP_001,2026-03-01T04:52:00+00:00,-9.41664331006635,C,GOOD,SYNTHETIC_ML_DATASET,NORMAL,0
BRT,BRT_VIB_001,2026-03-01T04:52:00+00:00,0.7491351910337866,mm/s,GOOD,SYNTHETIC_ML_DATASET,NORMAL,0
BRT,BRT_HUM_001,2026-03-01T04:53:00+00:00,61.02613665446185,%,GOOD,SYNTHETIC_ML_DATASET,NORMAL,0
BRT,BRT_POWER_001,2026-03-01T04:53:00+00:00,42.87802311083585,kW,GOOD,SYNTHETIC_ML_DATASET,NORMAL,0
BRT,BRT_PRESS_001,2026-03-01T04:53:00+00:00,985.7631204536463,hPa,GOOD,SYNTHETIC_ML_DATASET,NORMAL,0
BRT,BRT_TEMP_001,2026-03-01T04:53:00+00:00,-9.75976450828313,C,GOOD,SYNTHETIC_ML_DATASET,NORMAL,0
BRT,BRT_VIB_001,2026-03-01T04:53:00+00:00,0.7621558347001259,mm/s,GOOD,SYNTHETIC_ML_DATASET,NORMAL,0
BRT,BRT_HUM_001,2026-03-01T04:54:00+00:00,60.73443987318576,%,GOOD,SYNTHETIC_ML_DATASET,NORMAL,0
BRT,BRT_POWER_001,2026-03-01T04:54:00+00:00,43.424736857562536,kW,GOOD,SYNTHETIC_ML_DATASET,NORMAL,0
BRT,BRT_PRESS_001,2026-03-01T04:54:00+00:00,985.6382881033215,hPa,GOOD,SYNTHETIC_ML_DATASET,NORMAL,0
BRT,BRT_TEMP_001,2026-03-01T04:54:00+00:00,-9.534230896593419,C,GOOD,SYNTHETIC_ML_DATASET,NORMAL,0
BRT,BRT_VIB_001,2026-03-01T04:54:00+00:00,0.7696746347605059,mm/s,GOOD,SYNTHETIC_ML_DATASET,NORMAL,0
BRT,BRT_HUM_001,2026-03-01T04:55:00+00:00,60.86264545821763,%,GOOD,SYNTHETIC_ML_DATASET,NORMAL,0
BRT,BRT_POWER_001,2026-03-01T04:55:00+00:00,43.04495961408411,kW,GOOD,SYNTHETIC_ML_DATASET,NORMAL,0
BRT,BRT_PRESS_001,2026-03-01T04:55:00+00:00,985.8707764082895,hPa,GOOD,SYNTHETIC_ML_DATASET,NORMAL,0
BRT,BRT_TEMP_001,2026-03-01T04:55:00+00:00,-9.461342549912901,C,GOOD,SYNTHETIC_ML_DATASET,NORMAL,0
BRT,BRT_VIB_001,2026-03-01T04:55:00+00:00,0.7414063773136176,mm/s,GOOD,SYNTHETIC_ML_DATASET,NORMAL,0
BRT,BRT_HUM_001,2026-03-01T04:56:00+00:00,61.61892153942271,%,GOOD,SYNTHETIC_ML_DATASET,NORMAL,0
BRT,BRT_POWER_001,2026-03-01T04:56:00+00:00,43.29973930414308,kW,GOOD,SYNTHETIC_ML_DATASET,NORMAL,0
BRT,BRT_PRESS_001,2026-03-01T04:56:00+00:00,985.7574443465746,hPa,GOOD,SYNTHETIC_ML_DATASET,NORMAL,0
BRT,BRT_TEMP_001,2026-03-01T04:56:00+00:00,-9.181017805040877,C,GOOD,SYNTHETIC_ML_DATASET,NORMAL,0
BRT,BRT_VIB_001,2026-03-01T04:56:00+00:00,0.7653762893005778,mm/s,GOOD,SYNTHETIC_ML_DATASET,NORMAL,0
BRT,BRT_HUM_001,2026-03-01T04:57:00+00:00,61.01706874126859,%,GOOD,SYNTHETIC_ML_DATASET,NORMAL,0
BRT,BRT_POWER_001,2026-03-01T04:57:00+00:00,43.45125271795286,kW,GOOD,SYNTHETIC_ML_DATASET,NORMAL,0
BRT,BRT_PRESS_001,2026-03-01T04:57:00+00:00,985.7152006185622,hPa,GOOD,SYNTHETIC_ML_DATASET,NORMAL,0
BRT,BRT_TEMP_001,2026-03-01T04:57:00+00:00,-9.48672886235765,C,GOOD,SYNTHETIC_ML_DATASET,NORMAL,0
BRT,BRT_VIB_001,2026-03-01T04:57:00+00:00,0.7408085220345851,mm/s,GOOD,SYNTHETIC_ML_DATASET,NORMAL,0
BRT,BRT_HUM_001,2026-03-01T04:58:00+00:00,61.63036970398802,%,GOOD,SYNTHETIC_ML_DATASET,NORMAL,0
BRT,BRT_POWER_001,2026-03-01T04:58:00+00:00,43.31346892593341,kW,GOOD,SYNTHETIC_ML_DATASET,NORMAL,0
BRT,BRT_PRESS_001,2026-03-01T04:58:00+00:00,985.7724640477302,hPa,GOOD,SYNTHETIC_ML_DATASET,NORMAL,0
BRT,BRT_TEMP_001,2026-03-01T04:58:00+00:00,-9.546554338721116,C,GOOD,SYNTHETIC_ML_DATASET,NORMAL,0
BRT,BRT_VIB_001,2026-03-01T04:58:00+00:00,0.7472551996442958,mm/s,GOOD,SYNTHETIC_ML_DATASET,NORMAL,0
BRT,BRT_HUM_001,2026-03-01T04:59:00+00:00,61.13368454033973,%,GOOD,SYNTHETIC_ML_DATASET,NORMAL,0
BRT,BRT_POWER_001,2026-03-01T04:59:00+00:00,43.86279360930173,kW,GOOD,SYNTHETIC_ML_DATASET,NORMAL,0
BRT,BRT_PRESS_001,2026-03-01T04:59:00+00:00,985.8317478755398,hPa,GOOD,SYNTHETIC_ML_DATASET,NORMAL,0
BRT,BRT_TEMP_001,2026-03-01T04:59:00+00:00,-9.407792040490824,C,GOOD,SYNTHETIC_ML_DATASET,NORMAL,0
BRT,BRT_VIB_001,2026-03-01T04:59:00+00:00,0.7527063160056674,mm/s,GOOD,SYNTHETIC_ML_DATASET,NORMAL,0
BRT,BRT_HUM_001,2026-03-01T05:00:00+00:00,61.90939831518732,%,GOOD,SYNTHETIC_ML_DATASET,NORMAL,0
BRT,BRT_POWER_001,2026-03-01T05:00:00+00:00,44.056319791185956,kW,GOOD,SYNTHETIC_ML_DATASET,NORMAL,0
BRT,BRT_PRESS_001,2026-03-01T05:00:00+00:00,985.875304498235,hPa,GOOD,SYNTHETIC_ML_DATASET,NORMAL,0
BRT,BRT_TEMP_001,2026-03-01T05:00:00+00:00,-9.180969843812353,C,GOOD,SYNTHETIC_ML_DATASET,NORMAL,0
BRT,BRT_VIB_001,2026-03-01T05:00:00+00:00,0.7697191331154608,mm/s,GOOD,SYNTHETIC_ML_DATASET,NORMAL,0
BRT,BRT_HUM_001,2026-03-01T05:01:00+00:00,62.30955423185193,%,GOOD,SYNTHETIC_ML_DATASET,NORMAL,0
BRT,BRT_POWER_001,2026-03-01T05:01:00+00:00,43.68265381333402,kW,GOOD,SYNTHETIC_ML_DATASET,NORMAL,0
BRT,BRT_PRESS_001,2026-03-01T05:01:00+00:00,985.8643350014835,hPa,GOOD,SYNTHETIC_ML_DATASET,NORMAL,0
BRT,BRT_TEMP_001,2026-03-01T05:01:00+00:00,-9.29133006779078,C,GOOD,SYNTHETIC_ML_DATASET,NORMAL,0
BRT,BRT_VIB_001,2026-03-01T05:01:00+00:00,0.7845542324504924,mm/s,GOOD,SYNTHETIC_ML_DATASET,NORMAL,0
BRT,BRT_HUM_001,2026-03-01T05:02:00+00:00,62.271941823804354,%,GOOD,SYNTHETIC_ML_DATASET,NORMAL,0
BRT,BRT_POWER_001,2026-03-01T05:02:00+00:00,43.48431159501422,kW,GOOD,SYNTHETIC_ML_DATASET,NORMAL,0
BRT,BRT_PRESS_001,2026-03-01T05:02:00+00:00,985.9209484211952,hPa,GOOD,SYNTHETIC_ML_DATASET,NORMAL,0
BRT,BRT_TEMP_001,2026-03-01T05:02:00+00:00,-9.325107032848575,C,GOOD,SYNTHETIC_ML_DATASET,NORMAL,0
BRT,BRT_VIB_001,2026-03-01T05:02:00+00:00,0.774376826799897,mm/s,GOOD,SYNTHETIC_ML_DATASET,NORMAL,0
BRT,BRT_HUM_001,2026-03-01T05:03:00+00:00,62.38862215756152,%,GOOD,SYNTHETIC_ML_DATASET,NORMAL,0
BRT,BRT_POWER_001,2026-03-01T05:03:00+00:00,43.38837008938231,kW,GOOD,SYNTHETIC_ML_DATASET,NORMAL,0
BRT,BRT_PRESS_001,2026-03-01T05:03:00+00:00,985.9930679286681,hPa,GOOD,SYNTHETIC_ML_DATASET,NORMAL,0
BRT,BRT_TEMP_001,2026-03-01T05:03:00+00:00,-9.034501489459146,C,GOOD,SYNTHETIC_ML_DATASET,NORMAL,0
BRT,BRT_VIB_001,2026-03-01T05:03:00+00:00,0.7630943462327374,mm/s,GOOD,SYNTHETIC_ML_DATASET,NORMAL,0
BRT,BRT_HUM_001,2026-03-01T05:04:00+00:00,63.072732333170144,%,GOOD,SYNTHETIC_ML_DATASET,NORMAL,0
BRT,BRT_POWER_001,2026-03-01T05:04:00+00:00,43.33659137453256,kW,GOOD,SYNTHETIC_ML_DATASET,NORMAL,0
BRT,BRT_PRESS_001,2026-03-01T05:04:00+00:00,985.9896717977172,hPa,GOOD,SYNTHETIC_ML_DATASET,NORMAL,0
BRT,BRT_TEMP_001,2026-03-01T05:04:00+00:00,-8.878092822961303,C,GOOD,SYNTHETIC_ML_DATASET,NORMAL,0
BRT,BRT_VIB_001,2026-03-01T05:04:00+00:00,0.768409435475606,mm/s,GOOD,SYNTHETIC_ML_DATASET,NORMAL,0
BRT,BRT_HUM_001,2026-03-01T05:05:00+00:00,63.33026262045159,%,GOOD,SYNTHETIC_ML_DATASET,NORMAL,0
BRT,BRT_POWER_001,2026-03-01T05:05:00+00:00,43.48876670492699,kW,GOOD,SYNTHETIC_ML_DATASET,NORMAL,0
BRT,BRT_PRESS_001,2026-03-01T05:05:00+00:00,986.0335158071979,hPa,GOOD,SYNTHETIC_ML_DATASET,NORMAL,0
BRT,BRT_TEMP_001,2026-03-01T05:05:00+00:00,-8.99013402098926,C,GOOD,SYNTHETIC_ML_DATASET,NORMAL,0
BRT,BRT_VIB_001,2026-03-01T05:05:00+00:00,0.8000835231798703,mm/s,GOOD,SYNTHETIC_ML_DATASET,NORMAL,0
BRT,BRT_HUM_001,2026-03-01T05:06:00+00:00,63.663413166959025,%,GOOD,SYNTHETIC_ML_DATASET,NORMAL,0
BRT,BRT_POWER_001,2026-03-01T05:06:00+00:00,43.96193071654391,kW,GOOD,SYNTHETIC_ML_DATASET,NORMAL,0
BRT,BRT_PRESS_001,2026-03-01T05:06:00+00:00,986.172912263969,hPa,GOOD,SYNTHETIC_ML_DATASET,NORMAL,0
BRT,BRT_TEMP_001,2026-03-01T05:06:00+00:00,-8.685258052499234,C,GOOD,SYNTHETIC_ML_DATASET,NORMAL,0
BRT,BRT_VIB_001,2026-03-01T05:06:00+00:00,0.7728099310683486,mm/s,GOOD,SYNTHETIC_ML_DATASET,NORMAL,0
BRT,BRT_HUM_001,2026-03-01T05:07:00+00:00,63.93849861544952,%,GOOD,SYNTHETIC_ML_DATASET,NORMAL,0
BRT,BRT_POWER_001,2026-03-01T05:07:00+00:00,43.54436570747473,kW,GOOD,SYNTHETIC_ML_DATASET,NORMAL,0
BRT,BRT_PRESS_001,2026-03-01T05:07:00+00:00,986.1422414364447,hPa,GOOD,SYNTHETIC_ML_DATASET,NORMAL,0
BRT,BRT_TEMP_001,2026-03-01T05:07:00+00:00,-8.683672322328626,C,GOOD,SYNTHETIC_ML_DATASET,NORMAL,0
BRT,BRT_VIB_001,2026-03-01T05:07:00+00:00,0.7800346387115078,mm/s,GOOD,SYNTHETIC_ML_DATASET,NORMAL,0
BRT,BRT_HUM_001,2026-03-01T05:08:00+00:00,64.57489337937352,%,GOOD,SYNTHETIC_ML_DATASET,NORMAL,0
BRT,BRT_POWER_001,2026-03-01T05:08:00+00:00,44.08229519255868,kW,GOOD,SYNTHETIC_ML_DATASET,NORMAL,0
BRT,BRT_PRESS_001,2026-03-01T05:08:00+00:00,986.1181262331132,hPa,GOOD,SYNTHETIC_ML_DATASET,NORMAL,0
BRT,BRT_TEMP_001,2026-03-01T05:08:00+00:00,-8.420653508124577,C,GOOD,SYNTHETIC_ML_DATASET,NORMAL,0
BRT,BRT_VIB_001,2026-03-01T05:08:00+00:00,0.8116776575638939,mm/s,GOOD,SYNTHETIC_ML_DATASET,NORMAL,0
BRT,BRT_HUM_001,2026-03-01T05:09:00+00:00,63.64715878081491,%,GOOD,SYNTHETIC_ML_DATASET,NORMAL,0
BRT,BRT_POWER_001,2026-03-01T05:09:00+00:00,44.201086675639026,kW,GOOD,SYNTHETIC_ML_DATASET,NORMAL,0
BRT,BRT_PRESS_001,2026-03-01T05:09:00+00:00,985.9276847233417,hPa,GOOD,SYNTHETIC_ML_DATASET,NORMAL,0
BRT,BRT_TEMP_001,2026-03-01T05:09:00+00:00,-8.29587290453183,C,GOOD,SYNTHETIC_ML_DATASET,NORMAL,0
BRT,BRT_VIB_001,2026-03-01T05:09:00+00:00,0.7983840049435107,mm/s,GOOD,SYNTHETIC_ML_DATASET,NORMAL,0
BRT,BRT_HUM_001,2026-03-01T05:10:00+00:00,64.15033347485281,%,GOOD,SYNTHETIC_ML_DATASET,NORMAL,0
BRT,BRT_POWER_001,2026-03-01T05:10:00+00:00,44.31989196154829,kW,GOOD,SYNTHETIC_ML_DATASET,NORMAL,0
BRT,BRT_PRESS_001,2026-03-01T05:10:00+00:00,986.1185287177633,hPa,GOOD,SYNTHETIC_ML_DATASET,NORMAL,0
BRT,BRT_TEMP_001,2026-03-01T05:10:00+00:00,-8.064578903242477,C,GOOD,SYNTHETIC_ML_DATASET,NORMAL,0
BRT,BRT_VIB_001,2026-03-01T05:10:00+00:00,0.8204547299168938,mm/s,GOOD,SYNTHETIC_ML_DATASET,NORMAL,0
BRT,BRT_HUM_001,2026-03-01T05:11:00+00:00,64.94991850973756,%,GOOD,SYNTHETIC_ML_DATASET,NORMAL,0
BRT,BRT_POWER_001,2026-03-01T05:11:00+00:00,44.65615674882067,kW,GOOD,SYNTHETIC_ML_DATASET,NORMAL,0
BRT,BRT_PRESS_001,2026-03-01T05:11:00+00:00,986.3245908232797,hPa,GOOD,SYNTHETIC_ML_DATASET,NORMAL,0
BRT,BRT_TEMP_001,2026-03-01T05:11:00+00:00,-8.025185740402234,C,GOOD,SYNTHETIC_ML_DATASET,NORMAL,0
BRT,BRT_VIB_001,2026-03-01T05:11:00+00:00,0.823138698183888,mm/s,GOOD,SYNTHETIC_ML_DATASET,NORMAL,0
BRT,BRT_HUM_001,2026-03-01T05:12:00+00:00,65.13892898178368,%,GOOD,SYNTHETIC_ML_DATASET,NORMAL,0
BRT,BRT_POWER_001,2026-03-01T05:12:00+00:00,45.097805794309615,kW,GOOD,SYNTHETIC_ML_DATASET,NORMAL,0
BRT,BRT_PRESS_001,2026-03-01T05:12:00+00:00,986.211648612825,hPa,GOOD,SYNTHETIC_ML_DATASET,NORMAL,0
BRT,BRT_TEMP_001,2026-03-01T05:12:00+00:00,-7.69398305431525,C,GOOD,SYNTHETIC_ML_DATASET,NORMAL,0
BRT,BRT_VIB_001,2026-03-01T05:12:00+00:00,0.8284067276994792,mm/s,GOOD,SYNTHETIC_ML_DATASET,NORMAL,0
BRT,BRT_HUM_001,2026-03-01T05:13:00+00:00,64.69839876323881,%,GOOD,SYNTHETIC_ML_DATASET,NORMAL,0
BRT,BRT_POWER_001,2026-03-01T05:13:00+00:00,44.91809360839098,kW,GOOD,SYNTHETIC_ML_DATASET,NORMAL,0
BRT,BRT_PRESS_001,2026-03-01T05:13:00+00:00,986.1010953057641,hPa,GOOD,SYNTHETIC_ML_DATASET,NORMAL,0
BRT,BRT_TEMP_001,2026-03-01T05:13:00+00:00,-7.745617462341671,C,GOOD,SYNTHETIC_ML_DATASET,NORMAL,0
BRT,BRT_VIB_001,2026-03-01T05:13:00+00:00,0.851978942923222,mm/s,GOOD,SYNTHETIC_ML_DATASET,NORMAL,0
BRT,BRT_HUM_001,2026-03-01T05:14:00+00:00,64.69733808564321,%,GOOD,SYNTHETIC_ML_DATASET,NORMAL,0
BRT,BRT_POWER_001,2026-03-01T05:14:00+00:00,45.136507419738166,kW,GOOD,SYNTHETIC_ML_DATASET,NORMAL,0
BRT,BRT_PRESS_001,2026-03-01T05:14:00+00:00,986.2478610813952,hPa,GOOD,SYNTHETIC_ML_DATASET,NORMAL,0
BRT,BRT_TEMP_001,2026-03-01T05:14:00+00:00,-7.578634551618898,C,GOOD,SYNTHETIC_ML_DATASET,NORMAL,0
BRT,BRT_VIB_001,2026-03-01T05:14:00+00:00,0.8346190167853956,mm/s,GOOD,SYNTHETIC_ML_DATASET,NORMAL,0
BRT,BRT_HUM_001,2026-03-01T05:15:00+00:00,65.6750294558517,%,GOOD,SYNTHETIC_ML_DATASET,NORMAL,0
BRT,BRT_POWER_001,2026-03-01T05:15:00+00:00,45.131392536996394,kW,GOOD,SYNTHETIC_ML_DATASET,NORMAL,0
BRT,BRT_PRESS_001,2026-03-01T05:15:00+00:00,986.2959990748226,hPa,GOOD,SYNTHETIC_ML_DATASET,NORMAL,0
BRT,BRT_TEMP_001,2026-03-01T05:15:00+00:00,-7.580532563989243,C,GOOD,SYNTHETIC_ML_DATASET,NORMAL,0
BRT,BRT_VIB_001,2026-03-01T05:15:00+00:00,0.8484508915377325,mm/s,GOOD,SYNTHETIC_ML_DATASET,NORMAL,0
BRT,BRT_HUM_001,2026-03-01T05:16:00+00:00,64.40630084106999,%,GOOD,SYNTHETIC_ML_DATASET,NORMAL,0
BRT,BRT_POWER_001,2026-03-01T05:16:00+00:00,45.18168103971195,kW,GOOD,SYNTHETIC_ML_DATASET,NORMAL,0
BRT,BRT_PRESS_001,2026-03-01T05:16:00+00:00,986.4796733099987,hPa,GOOD,SYNTHETIC_ML_DATASET,NORMAL,0
BRT,BRT_TEMP_001,2026-03-01T05:16:00+00:00,-7.60183743928362,C,GOOD,SYNTHETIC_ML_DATASET,NORMAL,0
BRT,BRT_VIB_001,2026-03-01T05:16:00+00:00,0.8563253082420567,mm/s,GOOD,SYNTHETIC_ML_DATASET,NORMAL,0
BRT,BRT_HUM_001,2026-03-01T05:17:00+00:00,64.74942653261098,%,GOOD,SYNTHETIC_ML_DATASET,NORMAL,0
BRT,BRT_POWER_001,2026-03-01T05:17:00+00:00,45.48048552405521,kW,GOOD,SYNTHETIC_ML_DATASET,NORMAL,0
BRT,BRT_PRESS_001,2026-03-01T05:17:00+00:00,986.3520202784496,hPa,GOOD,SYNTHETIC_ML_DATASET,NORMAL,0
BRT,BRT_TEMP_001,2026-03-01T05:17:00+00:00,-7.553354986687021,C,GOOD,SYNTHETIC_ML_DATASET,NORMAL,0
BRT,BRT_VIB_001,2026-03-01T05:17:00+00:00,0.8485414229918489,mm/s,GOOD,SYNTHETIC_ML_DATASET,NORMAL,0
BRT,BRT_HUM_001,2026-03-01T05:18:00+00:00,63.95569633933497,%,GOOD,SYNTHETIC_ML_DATASET,NORMAL,0
BRT,BRT_POWER_001,2026-03-01T05:18:00+00:00,45.401809953040576,kW,GOOD,SYNTHETIC_ML_DATASET,NORMAL,0
BRT,BRT_PRESS_001,2026-03-01T05:18:00+00:00,986.3733787941264,hPa,GOOD,SYNTHETIC_ML_DATASET,NORMAL,0
BRT,BRT_TEMP_001,2026-03-01T05:18:00+00:00,-7.224214001731158,C,GOOD,SYNTHETIC_ML_DATASET,NORMAL,0
BRT,BRT_VIB_001,2026-03-01T05:18:00+00:00,0.8486204977803549,mm/s,GOOD,SYNTHETIC_ML_DATASET,NORMAL,0
BRT,BRT_HUM_001,2026-03-01T05:19:00+00:00,64.02536275575596,%,GOOD,SYNTHETIC_ML_DATASET,NORMAL,0
BRT,BRT_POWER_001,2026-03-01T05:19:00+00:00,45.78722218463358,kW,GOOD,SYNTHETIC_ML_DATASET,NORMAL,0
BRT,BRT_PRESS_001,2026-03-01T05:19:00+00:00,986.5467228510829,hPa,GOOD,SYNTHETIC_ML_DATASET,NORMAL,0
BRT,BRT_TEMP_001,2026-03-01T05:19:00+00:00,-7.5580521639505,C,GOOD,SYNTHETIC_ML_DATASET,NORMAL,0
BRT,BRT_VIB_001,2026-03-01T05:19:00+00:00,0.8404060962370775,mm/s,GOOD,SYNTHETIC_ML_DATASET,NORMAL,0
BRT,BRT_HUM_001,2026-03-01T05:20:00+00:00,64.13400627252571,%,GOOD,SYNTHETIC_ML_DATASET,NORMAL,0
BRT,BRT_POWER_001,2026-03-01T05:20:00+00:00,45.731099357644005,kW,GOOD,SYNTHETIC_ML_DATASET,NORMAL,0
BRT,BRT_PRESS_001,2026-03-01T05:20:00+00:00,986.565274167635,hPa,GOOD,SYNTHETIC_ML_DATASET,NORMAL,0
BRT,BRT_TEMP_001,2026-03-01T05:20:00+00:00,-7.367285913301803,C,GOOD,SYNTHETIC_ML_DATASET,NORMAL,0
BRT,BRT_VIB_001,2026-03-01T05:20:00+00:00,0.8406003631679347,mm/s,GOOD,SYNTHETIC_ML_DATASET,NORMAL,0
BRT,BRT_HUM_001,2026-03-01T05:21:00+00:00,64.23056348342665,%,GOOD,SYNTHETIC_ML_DATASET,NORMAL,0
BRT,BRT_POWER_001,2026-03-01T05:21:00+00:00,46.48961456615951,kW,GOOD,SYNTHETIC_ML_DATASET,NORMAL,0
BRT,BRT_PRESS_001,2026-03-01T05:21:00+00:00,986.4977441266635,hPa,GOOD,SYNTHETIC_ML_DATASET,NORMAL,0
BRT,BRT_TEMP_001,2026-03-01T05:21:00+00:00,-7.25611413230272,C,GOOD,SYNTHETIC_ML_DATASET,NORMAL,0
BRT,BRT_VIB_001,2026-03-01T05:21:00+00:00,0.8483035489824191,mm/s,GOOD,SYNTHETIC_ML_DATASET,NORMAL,0
BRT,BRT_HUM_001,2026-03-01T05:22:00+00:00,64.9104454652891,%,GOOD,SYNTHETIC_ML_DATASET,NORMAL,0
BRT,BRT_POWER_001,2026-03-01T05:22:00+00:00,46.888283445519235,kW,GOOD,SYNTHETIC_ML_DATASET,NORMAL,0
BRT,BRT_PRESS_001,2026-03-01T05:22:00+00:00,986.5307512531864,hPa,GOOD,SYNTHETIC_ML_DATASET,NORMAL,0
BRT,BRT_TEMP_001,2026-03-01T05:22:00+00:00,-7.117087853775579,C,GOOD,SYNTHETIC_ML_DATASET,NORMAL,0
BRT,BRT_VIB_001,2026-03-01T05:22:00+00:00,0.8272526491550829,mm/s,GOOD,SYNTHETIC_ML_DATASET,NORMAL,0
BRT,BRT_HUM_001,2026-03-01T05:23:00+00:00,65.62219109646884,%,GOOD,SYNTHETIC_ML_DATASET,NORMAL,0
BRT,BRT_POWER_001,2026-03-01T05:23:00+00:00,46.336904507830255,kW,GOOD,SYNTHETIC_ML_DATASET,NORMAL,0
BRT,BRT_PRESS_001,2026-03-01T05:23:00+00:00,986.9182105930113,hPa,GOOD,SYNTHETIC_ML_DATASET,NORMAL,0
BRT,BRT_TEMP_001,2026-03-01T05:23:00+00:00,-7.129447617109294,C,GOOD,SYNTHETIC_ML_DATASET,NORMAL,0
BRT,BRT_VIB_001,2026-03-01T05:23:00+00:00,0.8291308637073448,mm/s,GOOD,SYNTHETIC_ML_DATASET,NORMAL,0
BRT,BRT_HUM_001,2026-03-01T05:24:00+00:00,66.15264514945727,%,GOOD,SYNTHETIC_ML_DATASET,NORMAL,0
BRT,BRT_POWER_001,2026-03-01T05:24:00+00:00,46.3937168076108,kW,GOOD,SYNTHETIC_ML_DATASET,NORMAL,0
BRT,BRT_PRESS_001,2026-03-01T05:24:00+00:00,986.7948970611459,hPa,GOOD,SYNTHETIC_ML_DATASET,NORMAL,0
BRT,BRT_TEMP_001,2026-03-01T05:24:00+00:00,-7.178257964900547,C,GOOD,SYNTHETIC_ML_DATASET,NORMAL,0
BRT,BRT_VIB_001,2026-03-01T05:24:00+00:00,0.8497332978944215,mm/s,GOOD,SYNTHETIC_ML_DATASET,NORMAL,0
BRT,BRT_HUM_001,2026-03-01T05:25:00+00:00,65.7037969887874,%,GOOD,SYNTHETIC_ML_DATASET,NORMAL,0
BRT,BRT_POWER_001,2026-03-01T05:25:00+00:00,46.45908506847794,kW,GOOD,SYNTHETIC_ML_DATASET,NORMAL,0
BRT,BRT_PRESS_001,2026-03-01T05:25:00+00:00,986.963500954513,hPa,GOOD,SYNTHETIC_ML_DATASET,NORMAL,0
BRT,BRT_TEMP_001,2026-03-01T05:25:00+00:00,-6.781749130561947,C,GOOD,SYNTHETIC_ML_DATASET,NORMAL,0
BRT,BRT_VIB_001,2026-03-01T05:25:00+00:00,0.8543401483741232,mm/s,GOOD,SYNTHETIC_ML_DATASET,NORMAL,0
BRT,BRT_HUM_001,2026-03-01T05:26:00+00:00,66.19203863049304,%,GOOD,SYNTHETIC_ML_DATASET,NORMAL,0
BRT,BRT_POWER_001,2026-03-01T05:26:00+00:00,46.84480285054669,kW,GOOD,SYNTHETIC_ML_DATASET,NORMAL,0
BRT,BRT_PRESS_001,2026-03-01T05:26:00+00:00,986.8617892696068,hPa,GOOD,SYNTHETIC_ML_DATASET,NORMAL,0
BRT,BRT_TEMP_001,2026-03-01T05:26:00+00:00,-7.195897896112048,C,GOOD,SYNTHETIC_ML_DATASET,NORMAL,0
BRT,BRT_VIB_001,2026-03-01T05:26:00+00:00,0.8497978330976631,mm/s,GOOD,SYNTHETIC_ML_DATASET,NORMAL,0
BRT,BRT_HUM_001,2026-03-01T05:27:00+00:00,66.48910632447313,%,GOOD,SYNTHETIC_ML_DATASET,NORMAL,0
BRT,BRT_POWER_001,2026-03-01T05:27:00+00:00,46.09461016469177,kW,GOOD,SYNTHETIC_ML_DATASET,NORMAL,0
BRT,BRT_PRESS_001,2026-03-01T05:27:00+00:00,987.0454027636521,hPa,GOOD,SYNTHETIC_ML_DATASET,NORMAL,0
BRT,BRT_TEMP_001,2026-03-01T05:27:00+00:00,-6.786646689938243,C,GOOD,SYNTHETIC_ML_DATASET,NORMAL,0
BRT,BRT_VIB_001,2026-03-01T05:27:00+00:00,0.8601371239523684,mm/s,GOOD,SYNTHETIC_ML_DATASET,NORMAL,0
BRT,BRT_HUM_001,2026-03-01T05:28:00+00:00,67.84096537212878,%,GOOD,SYNTHETIC_ML_DATASET,NORMAL,0
BRT,BRT_POWER_001,2026-03-01T05:28:00+00:00,46.58356272405894,kW,GOOD,SYNTHETIC_ML_DATASET,NORMAL,0
BRT,BRT_PRESS_001,2026-03-01T05:28:00+00:00,987.2804516480012,hPa,GOOD,SYNTHETIC_ML_DATASET,NORMAL,0
BRT,BRT_TEMP_001,2026-03-01T05:28:00+00:00,-7.004645385281553,C,GOOD,SYNTHETIC_ML_DATASET,NORMAL,0
BRT,BRT_VIB_001,2026-03-01T05:28:00+00:00,0.8768369239909942,mm/s,GOOD,SYNTHETIC_ML_DATASET,NORMAL,0
BRT,BRT_HUM_001,2026-03-01T05:29:00+00:00,66.48280410045386,%,GOOD,SYNTHETIC_ML_DATASET,NORMAL,0
BRT,BRT_POWER_001,2026-03-01T05:29:00+00:00,46.90089308103482,kW,GOOD,SYNTHETIC_ML_DATASET,NORMAL,0
BRT,BRT_PRESS_001,2026-03-01T05:29:00+00:00,987.1508271310521,hPa,GOOD,SYNTHETIC_ML_DATASET,NORMAL,0
BRT,BRT_TEMP_001,2026-03-01T05:29:00+00:00,-6.932404293800772,C,GOOD,SYNTHETIC_ML_DATASET,NORMAL,0
BRT,BRT_VIB_001,2026-03-01T05:29:00+00:00,0.8510985549933283,mm/s,GOOD,SYNTHETIC_ML_DATASET,NORMAL,0
BRT,BRT_HUM_001,2026-03-01T05:30:00+00:00,68.40663136638412,%,GOOD,SYNTHETIC_ML_DATASET,NORMAL,0
BRT,BRT_POWER_001,2026-03-01T05:30:00+00:00,46.91296461704879,kW,GOOD,SYNTHETIC_ML_DATASET,NORMAL,0
BRT,BRT_PRESS_001,2026-03-01T05:30:00+00:00,987.2256716876442,hPa,GOOD,SYNTHETIC_ML_DATASET,NORMAL,0
BRT,BRT_TEMP_001,2026-03-01T05:30:00+00:00,-6.9550381692524486,C,GOOD,SYNTHETIC_ML_DATASET,NORMAL,0
BRT,BRT_VIB_001,2026-03-01T05:30:00+00:00,0.8561097924444587,mm/s,GOOD,SYNTHETIC_ML_DATASET,NORMAL,0
BRT,BRT_HUM_001,2026-03-01T05:31:00+00:00,67.78760022872085,%,GOOD,SYNTHETIC_ML_DATASET,NORMAL,0
BRT,BRT_POWER_001,2026-03-01T05:31:00+00:00,46.98570189779754,kW,GOOD,SYNTHETIC_ML_DATASET,NORMAL,0
BRT,BRT_PRESS_001,2026-03-01T05:31:00+00:00,987.2127928436481,hPa,GOOD,SYNTHETIC_ML_DATASET,NORMAL,0
BRT,BRT_TEMP_001,2026-03-01T05:31:00+00:00,-6.935936740390426,C,GOOD,SYNTHETIC_ML_DATASET,NORMAL,0
BRT,BRT_VIB_001,2026-03-01T05:31:00+00:00,0.8779478909380729,mm/s,GOOD,SYNTHETIC_ML_DATASET,NORMAL,0
BRT,BRT_HUM_001,2026-03-01T05:32:00+00:00,68.37134841742831,%,GOOD,SYNTHETIC_ML_DATASET,NORMAL,0
BRT,BRT_POWER_001,2026-03-01T05:32:00+00:00,46.8985461930077,kW,GOOD,SYNTHETIC_ML_DATASET,NORMAL,0
BRT,BRT_PRESS_001,2026-03-01T05:32:00+00:00,987.2421534473756,hPa,GOOD,SYNTHETIC_ML_DATASET,NORMAL,0
BRT,BRT_TEMP_001,2026-03-01T05:32:00+00:00,-6.78676651366472,C,GOOD,SYNTHETIC_ML_DATASET,NORMAL,0
BRT,BRT_VIB_001,2026-03-01T05:32:00+00:00,0.8959036096363348,mm/s,GOOD,SYNTHETIC_ML_DATASET,NORMAL,0
BRT,BRT_HUM_001,2026-03-01T05:33:00+00:00,67.60258190131754,%,GOOD,SYNTHETIC_ML_DATASET,NORMAL,0
BRT,BRT_POWER_001,2026-03-01T05:33:00+00:00,47.41876580086019,kW,GOOD,SYNTHETIC_ML_DATASET,NORMAL,0
BRT,BRT_PRESS_001,2026-03-01T05:33:00+00:00,987.164686839465,hPa,GOOD,SYNTHETIC_ML_DATASET,NORMAL,0
BRT,BRT_TEMP_001,2026-03-01T05:33:00+00:00,-6.8854636470623785,C,GOOD,SYNTHETIC_ML_DATASET,NORMAL,0
BRT,BRT_VIB_001,2026-03-01T05:33:00+00:00,0.8922661965595704,mm/s,GOOD,SYNTHETIC_ML_DATASET,NORMAL,0
BRT,BRT_HUM_001,2026-03-01T05:34:00+00:00,66.8110520743594,%,GOOD,SYNTHETIC_ML_DATASET,NORMAL,0
BRT,BRT_POWER_001,2026-03-01T05:34:00+00:00,47.06877312901424,kW,GOOD,SYNTHETIC_ML_DATASET,NORMAL,0
BRT,BRT_PRESS_001,2026-03-01T05:34:00+00:00,987.1777250583085,hPa,GOOD,SYNTHETIC_ML_DATASET,NORMAL,0
BRT,BRT_TEMP_001,2026-03-01T05:34:00+00:00,-6.899145847315066,C,GOOD,SYNTHETIC_ML_DATASET,NORMAL,0
BRT,BRT_VIB_001,2026-03-01T05:34:00+00:00,0.8990453089796404,mm/s,GOOD,SYNTHETIC_ML_DATASET,NORMAL,0
BRT,BRT_HUM_001,2026-03-01T05:35:00+00:00,66.36808759803498,%,GOOD,SYNTHETIC_ML_DATASET,NORMAL,0
BRT,BRT_POWER_001,2026-03-01T05:35:00+00:00,47.37442971443399,kW,GOOD,SYNTHETIC_ML_DATASET,NORMAL,0
BRT,BRT_PRESS_001,2026-03-01T05:35:00+00:00,987.2505059696776,hPa,GOOD,SYNTHETIC_ML_DATASET,NORMAL,0
BRT,BRT_TEMP_001,2026-03-01T05:35:00+00:00,-6.922314168502976,C,GOOD,SYNTHETIC_ML_DATASET,NORMAL,0
BRT,BRT_VIB_001,2026-03-01T05:35:00+00:00,0.8972755131642968,mm/s,GOOD,SYNTHETIC_ML_DATASET,NORMAL,0
BRT,BRT_HUM_001,2026-03-01T05:36:00+00:00,67.22685180297779,%,GOOD,SYNTHETIC_ML_DATASET,NORMAL,0
BRT,BRT_POWER_001,2026-03-01T05:36:00+00:00,47.35542028297646,kW,GOOD,SYNTHETIC_ML_DATASET,NORMAL,0
BRT,BRT_PRESS_001,2026-03-01T05:36:00+00:00,987.1615587258286,hPa,GOOD,SYNTHETIC_ML_DATASET,NORMAL,0
BRT,BRT_TEMP_001,2026-03-01T05:36:00+00:00,-6.668424756244336,C,GOOD,SYNTHETIC_ML_DATASET,NORMAL,0
BRT,BRT_VIB_001,2026-03-01T05:36:00+00:00,0.892903536652334,mm/s,GOOD,SYNTHETIC_ML_DATASET,NORMAL,0
BRT,BRT_HUM_001,2026-03-01T05:37:00+00:00,67.55259989708959,%,GOOD,SYNTHETIC_ML_DATASET,NORMAL,0
BRT,BRT_POWER_001,2026-03-01T05:37:00+00:00,47.78284734547479,kW,GOOD,SYNTHETIC_ML_DATASET,NORMAL,0
BRT,BRT_PRESS_001,2026-03-01T05:37:00+00:00,987.1583951784726,hPa,GOOD,SYNTHETIC_ML_DATASET,NORMAL,0
BRT,BRT_TEMP_001,2026-03-01T05:37:00+00:00,-6.805193410915788,C,GOOD,SYNTHETIC_ML_DATASET,NORMAL,0
BRT,BRT_VIB_001,2026-03-01T05:37:00+00:00,0.908070136049936,mm/s,GOOD,SYNTHETIC_ML_DATASET,NORMAL,0
BRT,BRT_HUM_001,2026-03-01T05:38:00+00:00,67.53220165822414,%,GOOD,SYNTHETIC_ML_DATASET,NORMAL,0
BRT,BRT_POWER_001,2026-03-01T05:38:00+00:00,47.38406939784441,kW,GOOD,SYNTHETIC_ML_DATASET,NORMAL,0
BRT,BRT_PRESS_001,2026-03-01T05:38:00+00:00,987.0745611016482,hPa,GOOD,SYNTHETIC_ML_DATASET,NORMAL,0
BRT,BRT_TEMP_001,2026-03-01T05:38:00+00:00,-6.64033503641292,C,GOOD,SYNTHETIC_ML_DATASET,NORMAL,0
BRT,BRT_VIB_001,2026-03-01T05:38:00+00:00,0.8983816074310086,mm/s,GOOD,SYNTHETIC_ML_DATASET,NORMAL,0
BRT,BRT_HUM_001,2026-03-01T05:39:00+00:00,67.57266951122567,%,GOOD,SYNTHETIC_ML_DATASET,NORMAL,0
BRT,BRT_POWER_001,2026-03-01T05:39:00+00:00,47.334962485351475,kW,GOOD,SYNTHETIC_ML_DATASET,NORMAL,0
BRT,BRT_PRESS_001,2026-03-01T05:39:00+00:00,987.2787394761015,hPa,GOOD,SYNTHETIC_ML_DATASET,NORMAL,0
BRT,BRT_TEMP_001,2026-03-01T05:39:00+00:00,-6.577623109234062,C,GOOD,SYNTHETIC_ML_DATASET,NORMAL,0
BRT,BRT_VIB_001,2026-03-01T05:39:00+00:00,0.9161615169009386,mm/s,GOOD,SYNTHETIC_ML_DATASET,NORMAL,0
BRT,BRT_HUM_001,2026-03-01T05:40:00+00:00,67.9261293851802,%,GOOD,SYNTHETIC_ML_DATASET,NORMAL,0
BRT,BRT_POWER_001,2026-03-01T05:40:00+00:00,47.279267127925394,kW,GOOD,SYNTHETIC_ML_DATASET,NORMAL,0
BRT,BRT_PRESS_001,2026-03-01T05:40:00+00:00,987.1742709755732,hPa,GOOD,SYNTHETIC_ML_DATASET,NORMAL,0
BRT,BRT_TEMP_001,2026-03-01T05:40:00+00:00,-6.702242220492433,C,GOOD,SYNTHETIC_ML_DATASET,NORMAL,0
BRT,BRT_VIB_001,2026-03-01T05:40:00+00:00,0.9078120620710644,mm/s,GOOD,SYNTHETIC_ML_DATASET,NORMAL,0
BRT,BRT_HUM_001,2026-03-01T05:41:00+00:00,67.93609040436729,%,GOOD,SYNTHETIC_ML_DATASET,NORMAL,0
BRT,BRT_POWER_001,2026-03-01T05:41:00+00:00,47.46152658813172,kW,GOOD,SYNTHETIC_ML_DATASET,NORMAL,0
BRT,BRT_PRESS_001,2026-03-01T05:41:00+00:00,987.176415060313,hPa,GOOD,SYNTHETIC_ML_DATASET,NORMAL,0
BRT,BRT_TEMP_001,2026-03-01T05:41:00+00:00,-6.816035654746849,C,GOOD,SYNTHETIC_ML_DATASET,NORMAL,0
BRT,BRT_VIB_001,2026-03-01T05:41:00+00:00,0.9107768994487682,mm/s,GOOD,SYNTHETIC_ML_DATASET,NORMAL,0
BRT,BRT_HUM_001,2026-03-01T05:42:00+00:00,68.47860589363434,%,GOOD,SYNTHETIC_ML_DATASET,NORMAL,0
BRT,BRT_POWER_001,2026-03-01T05:42:00+00:00,46.94584096639467,kW,GOOD,SYNTHETIC_ML_DATASET,NORMAL,0
BRT,BRT_PRESS_001,2026-03-01T05:42:00+00:00,987.3965892588382,hPa,GOOD,SYNTHETIC_ML_DATASET,NORMAL,0
BRT,BRT_TEMP_001,2026-03-01T05:42:00+00:00,-6.975108721416396,C,GOOD,SYNTHETIC_ML_DATASET,NORMAL,0
BRT,BRT_VIB_001,2026-03-01T05:42:00+00:00,0.9385087127475227,mm/s,GOOD,SYNTHETIC_ML_DATASET,NORMAL,0
BRT,BRT_HUM_001,2026-03-01T05:43:00+00:00,67.65004613189012,%,GOOD,SYNTHETIC_ML_DATASET,NORMAL,0
BRT,BRT_POWER_001,2026-03-01T05:43:00+00:00,47.18761522225308,kW,GOOD,SYNTHETIC_ML_DATASET,NORMAL,0
BRT,BRT_PRESS_001,2026-03-01T05:43:00+00:00,987.3189524883162,hPa,GOOD,SYNTHETIC_ML_DATASET,NORMAL,0
BRT,BRT_TEMP_001,2026-03-01T05:43:00+00:00,-6.712293131925194,C,GOOD,SYNTHETIC_ML_DATASET,NORMAL,0
BRT,BRT_VIB_001,2026-03-01T05:43:00+00:00,0.9151762843565782,mm/s,GOOD,SYNTHETIC_ML_DATASET,NORMAL,0
BRT,BRT_HUM_001,2026-03-01T05:44:00+00:00,67.64847679392918,%,GOOD,SYNTHETIC_ML_DATASET,NORMAL,0
BRT,BRT_POWER_001,2026-03-01T05:44:00+00:00,46.91418477332045,kW,GOOD,SYNTHETIC_ML_DATASET,NORMAL,0
BRT,BRT_PRESS_001,2026-03-01T05:44:00+00:00,987.5109928912676,hPa,GOOD,SYNTHETIC_ML_DATASET,NORMAL,0
BRT,BRT_TEMP_001,2026-03-01T05:44:00+00:00,-6.431238358223021,C,GOOD,SYNTHETIC_ML_DATASET,NORMAL,0
BRT,BRT_VIB_001,2026-03-01T05:44:00+00:00,0.9259601188429546,mm/s,GOOD,SYNTHETIC_ML_DATASET,NORMAL,0
BRT,BRT_HUM_001,2026-03-01T05:45:00+00:00,67.34371546086237,%,GOOD,SYNTHETIC_ML_DATASET,NORMAL,0
BRT,BRT_POWER_001,2026-03-01T05:45:00+00:00,47.22447613169479,kW,GOOD,SYNTHETIC_ML_DATASET,NORMAL,0
BRT,BRT_PRESS_001,2026-03-01T05:45:00+00:00,987.4897521118087,hPa,GOOD,SYNTHETIC_ML_DATASET,NORMAL,0
BRT,BRT_TEMP_001,2026-03-01T05:45:00+00:00,-6.795972413384347,C,GOOD,SYNTHETIC_ML_DATASET,NORMAL,0
BRT,BRT_VIB_001,2026-03-01T05:45:00+00:00,0.9030730067127808,mm/s,GOOD,SYNTHETIC_ML_DATASET,NORMAL,0
BRT,BRT_HUM_001,2026-03-01T05:46:00+00:00,67.2663282763184,%,GOOD,SYNTHETIC_ML_DATASET,NORMAL,0
BRT,BRT_POWER_001,2026-03-01T05:46:00+00:00,47.22204568987457,kW,GOOD,SYNTHETIC_ML_DATASET,NORMAL,0
BRT,BRT_PRESS_001,2026-03-01T05:46:00+00:00,987.393116846075,hPa,GOOD,SYNTHETIC_ML_DATASET,NORMAL,0
BRT,BRT_TEMP_001,2026-03-01T05:46:00+00:00,-6.743859576663687,C,GOOD,SYNTHETIC_ML_DATASET,NORMAL,0
BRT,BRT_VIB_001,2026-03-01T05:46:00+00:00,0.9097554664191594,mm/s,GOOD,SYNTHETIC_ML_DATASET,NORMAL,0
BRT,BRT_HUM_001,2026-03-01T05:47:00+00:00,67.86512610134275,%,GOOD,SYNTHETIC_ML_DATASET,NORMAL,0
BRT,BRT_POWER_001,2026-03-01T05:47:00+00:00,47.16214224721521,kW,GOOD,SYNTHETIC_ML_DATASET,NORMAL,0
BRT,BRT_PRESS_001,2026-03-01T05:47:00+00:00,987.52720815172,hPa,GOOD,SYNTHETIC_ML_DATASET,NORMAL,0
BRT,BRT_TEMP_001,2026-03-01T05:47:00+00:00,-6.717291156125255,C,GOOD,SYNTHETIC_ML_DATASET,NORMAL,0
BRT,BRT_VIB_001,2026-03-01T05:47:00+00:00,0.8970403185905085,mm/s,GOOD,SYNTHETIC_ML_DATASET,NORMAL,0
BRT,BRT_HUM_001,2026-03-01T05:48:00+00:00,67.55994747466431,%,GOOD,SYNTHETIC_ML_DATASET,NORMAL,0
BRT,BRT_POWER_001,2026-03-01T05:48:00+00:00,47.638732938966236,kW,GOOD,SYNTHETIC_ML_DATASET,NORMAL,0
BRT,BRT_PRESS_001,2026-03-01T05:48:00+00:00,987.5449931767113,hPa,GOOD,SYNTHETIC_ML_DATASET,NORMAL,0
BRT,BRT_TEMP_001,2026-03-01T05:48:00+00:00,-6.614290676715479,C,GOOD,SYNTHETIC_ML_DATASET,NORMAL,0
BRT,BRT_VIB_001,2026-03-01T05:48:00+00:00,0.8902016582846851,mm/s,GOOD,SYNTHETIC_ML_DATASET,NORMAL,0
BRT,BRT_HUM_001,2026-03-01T05:49:00+00:00,67.32166840429618,%,GOOD,SYNTHETIC_ML_DATASET,NORMAL,0
BRT,BRT_POWER_001,2026-03-01T05:49:00+00:00,47.87423830722281,kW,GOOD,SYNTHETIC_ML_DATASET,NORMAL,0
BRT,BRT_PRESS_001,2026-03-01T05:49:00+00:00,987.4220048118872,hPa,GOOD,SYNTHETIC_ML_DATASET,NORMAL,0
BRT,BRT_TEMP_001,2026-03-01T05:49:00+00:00,-6.528457219435621,C,GOOD,SYNTHETIC_ML_DATASET,NORMAL,0
BRT,BRT_VIB_001,2026-03-01T05:49:00+00:00,0.8700557093671382,mm/s,GOOD,SYNTHETIC_ML_DATASET,NORMAL,0
BRT,BRT_HUM_001,2026-03-01T05:50:00+00:00,66.98944307833663,%,GOOD,SYNTHETIC_ML_DATASET,NORMAL,0
BRT,BRT_POWER_001,2026-03-01T05:50:00+00:00,47.51638617936352,kW,GOOD,SYNTHETIC_ML_DATASET,NORMAL,0
BRT,BRT_PRESS_001,2026-03-01T05:50:00+00:00,987.5037074146218,hPa,GOOD,SYNTHETIC_ML_DATASET,NORMAL,0
BRT,BRT_TEMP_001,2026-03-01T05:50:00+00:00,-6.486551493157171,C,GOOD,SYNTHETIC_ML_DATASET,NORMAL,0
BRT,BRT_VIB_001,2026-03-01T05:50:00+00:00,0.9046472045960731,mm/s,GOOD,SYNTHETIC_ML_DATASET,NORMAL,0
BRT,BRT_HUM_001,2026-03-01T05:51:00+00:00,66.84171046553544,%,GOOD,SYNTHETIC_ML_DATASET,NORMAL,0
BRT,BRT_POWER_001,2026-03-01T05:51:00+00:00,48.4176071887342,kW,GOOD,SYNTHETIC_ML_DATASET,NORMAL,0
BRT,BRT_PRESS_001,2026-03-01T05:51:00+00:00,987.4933504060662,hPa,GOOD,SYNTHETIC_ML_DATASET,NORMAL,0
BRT,BRT_TEMP_001,2026-03-01T05:51:00+00:00,-6.396078970337295,C,GOOD,SYNTHETIC_ML_DATASET,NORMAL,0
BRT,BRT_VIB_001,2026-03-01T05:51:00+00:00,0.9080645415249942,mm/s,GOOD,SYNTHETIC_ML_DATASET,NORMAL,0
BRT,BRT_HUM_001,2026-03-01T05:52:00+00:00,65.95860358661461,%,GOOD,SYNTHETIC_ML_DATASET,NORMAL,0
BRT,BRT_POWER_001,2026-03-01T05:52:00+00:00,47.38833103558349,kW,GOOD,SYNTHETIC_ML_DATASET,NORMAL,0
BRT,BRT_PRESS_001,2026-03-01T05:52:00+00:00,987.5275545544505,hPa,GOOD,SYNTHETIC_ML_DATASET,NORMAL,0
BRT,BRT_TEMP_001,2026-03-01T05:52:00+00:00,-6.50995797647126,C,GOOD,SYNTHETIC_ML_DATASET,NORMAL,0
BRT,BRT_VIB_001,2026-03-01T05:52:00+00:00,0.9052509014961151,mm/s,GOOD,SYNTHETIC_ML_DATASET,NORMAL,0
BRT,BRT_HUM_001,2026-03-01T05:53:00+00:00,66.15763934758517,%,GOOD,SYNTHETIC_ML_DATASET,NORMAL,0
BRT,BRT_POWER_001,2026-03-01T05:53:00+00:00,48.149082904479044,kW,GOOD,SYNTHETIC_ML_DATASET,NORMAL,0
BRT,BRT_PRESS_001,2026-03-01T05:53:00+00:00,987.6481855715689,hPa,GOOD,SYNTHETIC_ML_DATASET,NORMAL,0
BRT,BRT_TEMP_001,2026-03-01T05:53:00+00:00,-6.398992257943539,C,GOOD,SYNTHETIC_ML_DATASET,NORMAL,0
BRT,BRT_VIB_001,2026-03-01T05:53:00+00:00,0.878531640311807,mm/s,GOOD,SYNTHETIC_ML_DATASET,NORMAL,0
BRT,BRT_HUM_001,2026-03-01T05:54:00+00:00,66.30351290880861,%,GOOD,SYNTHETIC_ML_DATASET,NORMAL,0
BRT,BRT_POWER_001,2026-03-01T05:54:00+00:00,47.8303948650579,kW,GOOD,SYNTHETIC_ML_DATASET,NORMAL,0
BRT,BRT_PRESS_001,2026-03-01T05:54:00+00:00,987.4285868132114,hPa,GOOD,SYNTHETIC_ML_DATASET,NORMAL,0
BRT,BRT_TEMP_001,2026-03-01T05:54:00+00:00,-6.4393492317538845,C,GOOD,SYNTHETIC_ML_DATASET,NORMAL,0
BRT,BRT_VIB_001,2026-03-01T05:54:00+00:00,0.8743425324567846,mm/s,GOOD,SYNTHETIC_ML_DATASET,NORMAL,0
BRT,BRT_HUM_001,2026-03-01T05:55:00+00:00,66.81750495512868,%,GOOD,SYNTHETIC_ML_DATASET,NORMAL,0
BRT,BRT_POWER_001,2026-03-01T05:55:00+00:00,48.05985920423262,kW,GOOD,SYNTHETIC_ML_DATASET,NORMAL,0
BRT,BRT_PRESS_001,2026-03-01T05:55:00+00:00,987.6580402512724,hPa,GOOD,SYNTHETIC_ML_DATASET,NORMAL,0
BRT,BRT_TEMP_001,2026-03-01T05:55:00+00:00,-6.524278154772289,C,GOOD,SYNTHETIC_ML_DATASET,NORMAL,0
BRT,BRT_VIB_001,2026-03-01T05:55:00+00:00,0.8778682740210977,mm/s,GOOD,SYNTHETIC_ML_DATASET,NORMAL,0
BRT,BRT_HUM_001,2026-03-01T05:56:00+00:00,67.09360977528281,%,GOOD,SYNTHETIC_ML_DATASET,NORMAL,0
BRT,BRT_POWER_001,2026-03-01T05:56:00+00:00,48.197713612478324,kW,GOOD,SYNTHETIC_ML_DATASET,NORMAL,0
BRT,BRT_PRESS_001,2026-03-01T05:56:00+00:00,987.7841645771919,hPa,GOOD,SYNTHETIC_ML_DATASET,NORMAL,0
BRT,BRT_TEMP_001,2026-03-01T05:56:00+00:00,-6.260806525649289,C,GOOD,SYNTHETIC_ML_DATASET,NORMAL,0
BRT,BRT_VIB_001,2026-03-01T05:56:00+00:00,0.8634202751730854,mm/s,GOOD,SYNTHETIC_ML_DATASET,NORMAL,0
BRT,BRT_HUM_001,2026-03-01T05:57:00+00:00,66.5888482996693,%,GOOD,SYNTHETIC_ML_DATASET,NORMAL,0
BRT,BRT_POWER_001,2026-03-01T05:57:00+00:00,47.57013002294568,kW,GOOD,SYNTHETIC_ML_DATASET,NORMAL,0
BRT,BRT_PRESS_001,2026-03-01T05:57:00+00:00,987.7130101179886,hPa,GOOD,SYNTHETIC_ML_DATASET,NORMAL,0
BRT,BRT_TEMP_001,2026-03-01T05:57:00+00:00,-6.2232345602071835,C,GOOD,SYNTHETIC_ML_DATASET,NORMAL,0
BRT,BRT_VIB_001,2026-03-01T05:57:00+00:00,0.8718062781854172,mm/s,GOOD,SYNTHETIC_ML_DATASET,NORMAL,0
BRT,BRT_HUM_001,2026-03-01T05:58:00+00:00,66.6740462093741,%,GOOD,SYNTHETIC_ML_DATASET,NORMAL,0
BRT,BRT_POWER_001,2026-03-01T05:58:00+00:00,47.53114259706425,kW,GOOD,SYNTHETIC_ML_DATASET,NORMAL,0
BRT,BRT_PRESS_001,2026-03-01T05:58:00+00:00,987.6070811875162,hPa,GOOD,SYNTHETIC_ML_DATASET,NORMAL,0
BRT,BRT_TEMP_001,2026-03-01T05:58:00+00:00,-6.219504066560523,C,GOOD,SYNTHETIC_ML_DATASET,NORMAL,0
BRT,BRT_VIB_001,2026-03-01T05:58:00+00:00,0.9050093707406538,mm/s,GOOD,SYNTHETIC_ML_DATASET,NORMAL,0
BRT,BRT_HUM_001,2026-03-01T05:59:00+00:00,65.52308642775081,%,GOOD,SYNTHETIC_ML_DATASET,NORMAL,0
BRT,BRT_POWER_001,2026-03-01T05:59:00+00:00,47.67693556478149,kW,GOOD,SYNTHETIC_ML_DATASET,NORMAL,0
BRT,BRT_PRESS_001,2026-03-01T05:59:00+00:00,987.7340751667284,hPa,GOOD,SYNTHETIC_ML_DATASET,NORMAL,0
BRT,BRT_TEMP_001,2026-03-01T05:59:00+00:00,-6.200650729916385,C,GOOD,SYNTHETIC_ML_DATASET,NORMAL,0
BRT,BRT_VIB_001,2026-03-01T05:59:00+00:00,0.8867966000892853,mm/s,GOOD,SYNTHETIC_ML_DATASET,NORMAL,0
BRT,BRT_HUM_001,2026-03-01T06:00:00+00:00,66.78355138233167,%,GOOD,SYNTHETIC_ML_DATASET,NORMAL,0
BRT,BRT_POWER_001,2026-03-01T06:00:00+00:00,47.805365108856755,kW,GOOD,SYNTHETIC_ML_DATASET,NORMAL,0
BRT,BRT_PRESS_001,2026-03-01T06:00:00+00:00,987.7399389873661,hPa,GOOD,SYNTHETIC_ML_DATASET,NORMAL,0
BRT,BRT_TEMP_001,2026-03-01T06:00:00+00:00,-6.221005383838725,C,GOOD,SYNTHETIC_ML_DATASET,NORMAL,0
BRT,BRT_VIB_001,2026-03-01T06:00:00+00:00,0.9080686866882826,mm/s,GOOD,SYNTHETIC_ML_DATASET,NORMAL,0
BRT,BRT_HUM_001,2026-03-01T06:01:00+00:00,66.02520140685021,%,GOOD,SYNTHETIC_ML_DATASET,NORMAL,0
BRT,BRT_POWER_001,2026-03-01T06:01:00+00:00,47.54848030128158,kW,GOOD,SYNTHETIC_ML_DATASET,NORMAL,0
BRT,BRT_PRESS_001,2026-03-01T06:01:00+00:00,987.8206554347403,hPa,GOOD,SYNTHETIC_ML_DATASET,NORMAL,0
BRT,BRT_TEMP_001,2026-03-01T06:01:00+00:00,-6.4612734373093215,C,GOOD,SYNTHETIC_ML_DATASET,NORMAL,0
BRT,BRT_VIB_001,2026-03-01T06:01:00+00:00,0.8972386593994217,mm/s,GOOD,SYNTHETIC_ML_DATASET,NORMAL,0
BRT,BRT_HUM_001,2026-03-01T06:02:00+00:00,66.37780946466886,%,GOOD,SYNTHETIC_ML_DATASET,NORMAL,0
BRT,BRT_POWER_001,2026-03-01T06:02:00+00:00,47.60774341984106,kW,GOOD,SYNTHETIC_ML_DATASET,NORMAL,0
BRT,BRT_PRESS_001,2026-03-01T06:02:00+00:00,987.7697582265247,hPa,GOOD,SYNTHETIC_ML_DATASET,NORMAL,0
BRT,BRT_TEMP_001,2026-03-01T06:02:00+00:00,-6.309526198876138,C,GOOD,SYNTHETIC_ML_DATASET,NORMAL,0
BRT,BRT_VIB_001,2026-03-01T06:02:00+00:00,0.8623838889146832,mm/s,GOOD,SYNTHETIC_ML_DATASET,NORMAL,0
BRT,BRT_HUM_001,2026-03-01T06:03:00+00:00,66.43816053433223,%,GOOD,SYNTHETIC_ML_DATASET,NORMAL,0
BRT,BRT_POWER_001,2026-03-01T06:03:00+00:00,47.51285351089406,kW,GOOD,SYNTHETIC_ML_DATASET,NORMAL,0
BRT,BRT_PRESS_001,2026-03-01T06:03:00+00:00,987.7526978501949,hPa,GOOD,SYNTHETIC_ML_DATASET,NORMAL,0
BRT,BRT_TEMP_001,2026-03-01T06:03:00+00:00,-6.336963791750927,C,GOOD,SYNTHETIC_ML_DATASET,NORMAL,0
BRT,BRT_VIB_001,2026-03-01T06:03:00+00:00,0.8751856598786693,mm/s,GOOD,SYNTHETIC_ML_DATASET,NORMAL,0
BRT,BRT_HUM_001,2026-03-01T06:04:00+00:00,66.62479103496429,%,GOOD,SYNTHETIC_ML_DATASET,NORMAL,0
BRT,BRT_POWER_001,2026-03-01T06:04:00+00:00,48.18369117183341,kW,GOOD,SYNTHETIC_ML_DATASET,NORMAL,0
BRT,BRT_PRESS_001,2026-03-01T06:04:00+00:00,987.7066262591095,hPa,GOOD,SYNTHETIC_ML_DATASET,NORMAL,0
BRT,BRT_TEMP_001,2026-03-01T06:04:00+00:00,-6.145088650623778,C,GOOD,SYNTHETIC_ML_DATASET,NORMAL,0
BRT,BRT_VIB_001,2026-03-01T06:04:00+00:00,0.8743834914655616,mm/s,GOOD,SYNTHETIC_ML_DATASET,NORMAL,0
BRT,BRT_HUM_001,2026-03-01T06:05:00+00:00,67.04151957115637,%,GOOD,SYNTHETIC_ML_DATASET,NORMAL,0
BRT,BRT_POWER_001,2026-03-01T06:05:00+00:00,47.40496300100054,kW,GOOD,SYNTHETIC_ML_DATASET,NORMAL,0
BRT,BRT_PRESS_001,2026-03-01T06:05:00+00:00,987.6141708092309,hPa,GOOD,SYNTHETIC_ML_DATASET,NORMAL,0
BRT,BRT_TEMP_001,2026-03-01T06:05:00+00:00,-6.129356176736648,C,GOOD,SYNTHETIC_ML_DATASET,NORMAL,0
BRT,BRT_VIB_001,2026-03-01T06:05:00+00:00,0.896487552757105,mm/s,GOOD,SYNTHETIC_ML_DATASET,NORMAL,0
BRT,BRT_HUM_001,2026-03-01T06:06:00+00:00,66.69436221275714,%,GOOD,SYNTHETIC_ML_DATASET,NORMAL,0
BRT,BRT_POWER_001,2026-03-01T06:06:00+00:00,48.02030240447942,kW,GOOD,SYNTHETIC_ML_DATASET,NORMAL,0
BRT,BRT_PRESS_001,2026-03-01T06:06:00+00:00,987.6660965502747,hPa,GOOD,SYNTHETIC_ML_DATASET,NORMAL,0
BRT,BRT_TEMP_001,2026-03-01T06:06:00+00:00,-6.257827476249831,C,GOOD,SYNTHETIC_ML_DATASET,NORMAL,0
BRT,BRT_VIB_001,2026-03-01T06:06:00+00:00,0.8863784529709182,mm/s,GOOD,SYNTHETIC_ML_DATASET,NORMAL,0
BRT,BRT_HUM_001,2026-03-01T06:07:00+00:00,66.7477672812219,%,GOOD,SYNTHETIC_ML_DATASET,NORMAL,0
BRT,BRT_POWER_001,2026-03-01T06:07:00+00:00,47.71953824676351,kW,GOOD,SYNTHETIC_ML_DATASET,NORMAL,0
BRT,BRT_PRESS_001,2026-03-01T06:07:00+00:00,987.6532781872482,hPa,GOOD,SYNTHETIC_ML_DATASET,NORMAL,0
BRT,BRT_TEMP_001,2026-03-01T06:07:00+00:00,-6.511626827792528,C,GOOD,SYNTHETIC_ML_DATASET,NORMAL,0
BRT,BRT_VIB_001,2026-03-01T06:07:00+00:00,0.8857463367146927,mm/s,GOOD,SYNTHETIC_ML_DATASET,NORMAL,0
BRT,BRT_HUM_001,2026-03-01T06:08:00+00:00,66.92569183694624,%,GOOD,SYNTHETIC_ML_DATASET,NORMAL,0
BRT,BRT_POWER_001,2026-03-01T06:08:00+00:00,47.942610499319876,kW,GOOD,SYNTHETIC_ML_DATASET,NORMAL,0
BRT,BRT_PRESS_001,2026-03-01T06:08:00+00:00,987.6265504317834,hPa,GOOD,SYNTHETIC_ML_DATASET,NORMAL,0
BRT,BRT_TEMP_001,2026-03-01T06:08:00+00:00,-6.560623459424983,C,GOOD,SYNTHETIC_ML_DATASET,NORMAL,0
BRT,BRT_VIB_001,2026-03-01T06:08:00+00:00,0.8683167938751428,mm/s,GOOD,SYNTHETIC_ML_DATASET,NORMAL,0
BRT,BRT_HUM_001,2026-03-01T06:09:00+00:00,66.53000118662341,%,GOOD,SYNTHETIC_ML_DATASET,NORMAL,0
BRT,BRT_POWER_001,2026-03-01T06:09:00+00:00,48.2811235402039,kW,GOOD,SYNTHETIC_ML_DATASET,NORMAL,0
BRT,BRT_PRESS_001,2026-03-01T06:09:00+00:00,987.7178716105533,hPa,GOOD,SYNTHETIC_ML_DATASET,NORMAL,0
BRT,BRT_TEMP_001,2026-03-01T06:09:00+00:00,-6.324297335478185,C,GOOD,SYNTHETIC_ML_DATASET,NORMAL,0
BRT,BRT_VIB_001,2026-03-01T06:09:00+00:00,0.8756440182620313,mm/s,GOOD,SYNTHETIC_ML_DATASET,NORMAL,0
BRT,BRT_HUM_001,2026-03-01T06:10:00+00:00,66.90988598013985,%,GOOD,SYNTHETIC_ML_DATASET,NORMAL,0
BRT,BRT_POWER_001,2026-03-01T06:10:00+00:00,48.43577970049038,kW,GOOD,SYNTHETIC_ML_DATASET,NORMAL,0
BRT,BRT_PRESS_001,2026-03-01T06:10:00+00:00,987.6022552274419,hPa,GOOD,SYNTHETIC_ML_DATASET,NORMAL,0
BRT,BRT_TEMP_001,2026-03-01T06:10:00+00:00,-6.5453501598257455,C,GOOD,SYNTHETIC_ML_DATASET,NORMAL,0
BRT,BRT_VIB_001,2026-03-01T06:10:00+00:00,0.8673164572176215,mm/s,GOOD,SYNTHETIC_ML_DATASET,NORMAL,0
BRT,BRT_HUM_001,2026-03-01T06:11:00+00:00,66.90585446431497,%,GOOD,SYNTHETIC_ML_DATASET,NORMAL,0
BRT,BRT_POWER_001,2026-03-01T06:11:00+00:00,47.87430351948976,kW,GOOD,SYNTHETIC_ML_DATASET,NORMAL,0
BRT,BRT_PRESS_001,2026-03-01T06:11:00+00:00,987.5647653947831,hPa,GOOD,SYNTHETIC_ML_DATASET,NORMAL,0
BRT,BRT_TEMP_001,2026-03-01T06:11:00+00:00,-6.355324143498937,C,GOOD,SYNTHETIC_ML_DATASET,NORMAL,0
BRT,BRT_VIB_001,2026-03-01T06:11:00+00:00,0.8778389997845611,mm/s,GOOD,SYNTHETIC_ML_DATASET,NORMAL,0
BRT,BRT_HUM_001,2026-03-01T06:12:00+00:00,67.8102251526379,%,GOOD,SYNTHETIC_ML_DATASET,NORMAL,0
BRT,BRT_POWER_001,2026-03-01T06:12:00+00:00,48.779439319183815,kW,GOOD,SYNTHETIC_ML_DATASET,NORMAL,0
BRT,BRT_PRESS_001,2026-03-01T06:12:00+00:00,987.3948958665627,hPa,GOOD,SYNTHETIC_ML_DATASET,NORMAL,0
BRT,BRT_TEMP_001,2026-03-01T06:12:00+00:00,-6.294537434483744,C,GOOD,SYNTHETIC_ML_DATASET,NORMAL,0
BRT,BRT_VIB_001,2026-03-01T06:12:00+00:00,0.8483176053790902,mm/s,GOOD,SYNTHETIC_ML_DATASET,NORMAL,0
BRT,BRT_HUM_001,2026-03-01T06:13:00+00:00,67.38913457662817,%,GOOD,SYNTHETIC_ML_DATASET,NORMAL,0
BRT,BRT_POWER_001,2026-03-01T06:13:00+00:00,47.82426656125018,kW,GOOD,SYNTHETIC_ML_DATASET,NORMAL,0
BRT,BRT_PRESS_001,2026-03-01T06:13:00+00:00,987.6277523765704,hPa,GOOD,SYNTHETIC_ML_DATASET,NORMAL,0
BRT,BRT_TEMP_001,2026-03-01T06:13:00+00:00,-6.0737771055580225,C,GOOD,SYNTHETIC_ML_DATASET,NORMAL,0
BRT,BRT_VIB_001,2026-03-01T06:13:00+00:00,0.8786161266301353,mm/s,GOOD,SYNTHETIC_ML_DATASET,NORMAL,0
BRT,BRT_HUM_001,2026-03-01T06:14:00+00:00,67.49837020418394,%,GOOD,SYNTHETIC_ML_DATASET,NORMAL,0
BRT,BRT_POWER_001,2026-03-01T06:14:00+00:00,48.54262253370775,kW,GOOD,SYNTHETIC_ML_DATASET,NORMAL,0
BRT,BRT_PRESS_001,2026-03-01T06:14:00+00:00,987.3319358878184,hPa,GOOD,SYNTHETIC_ML_DATASET,NORMAL,0
BRT,BRT_TEMP_001,2026-03-01T06:14:00+00:00,-6.268474039570579,C,GOOD,SYNTHETIC_ML_DATASET,NORMAL,0
BRT,BRT_VIB_001,2026-03-01T06:14:00+00:00,0.8782952953463915,mm/s,GOOD,SYNTHETIC_ML_DATASET,NORMAL,0
BRT,BRT_HUM_001,2026-03-01T06:15:00+00:00,67.91355476727963,%,GOOD,SYNTHETIC_ML_DATASET,NORMAL,0
BRT,BRT_POWER_001,2026-03-01T06:15:00+00:00,48.732385071964586,kW,GOOD,SYNTHETIC_ML_DATASET,NORMAL,0
BRT,BRT_PRESS_001,2026-03-01T06:15:00+00:00,987.1646625802772,hPa,GOOD,SYNTHETIC_ML_DATASET,NORMAL,0
BRT,BRT_TEMP_001,2026-03-01T06:15:00+00:00,-6.314601067387525,C,GOOD,SYNTHETIC_ML_DATASET,NORMAL,0
BRT,BRT_VIB_001,2026-03-01T06:15:00+00:00,0.8747988459206406,mm/s,GOOD,SYNTHETIC_ML_DATASET,NORMAL,0
BRT,BRT_HUM_001,2026-03-01T06:16:00+00:00,67.52805114705014,%,GOOD,SYNTHETIC_ML_DATASET,NORMAL,0
BRT,BRT_POWER_001,2026-03-01T06:16:00+00:00,49.2412701042695,kW,GOOD,SYNTHETIC_ML_DATASET,NORMAL,0
BRT,BRT_PRESS_001,2026-03-01T06:16:00+00:00,987.2592211339759,hPa,GOOD,SYNTHETIC_ML_DATASET,NORMAL,0
BRT,BRT_TEMP_001,2026-03-01T06:16:00+00:00,-6.0814261974312664,C,GOOD,SYNTHETIC_ML_DATASET,NORMAL,0
BRT,BRT_VIB_001,2026-03-01T06:16:00+00:00,0.852733277070104,mm/s,GOOD,SYNTHETIC_ML_DATASET,NORMAL,0
BRT,BRT_HUM_001,2026-03-01T06:17:00+00:00,67.1231446947008,%,GOOD,SYNTHETIC_ML_DATASET,NORMAL,0
BRT,BRT_POWER_001,2026-03-01T06:17:00+00:00,48.59636066386197,kW,GOOD,SYNTHETIC_ML_DATASET,NORMAL,0
BRT,BRT_PRESS_001,2026-03-01T06:17:00+00:00,987.2662170558541,hPa,GOOD,SYNTHETIC_ML_DATASET,NORMAL,0
BRT,BRT_TEMP_001,2026-03-01T06:17:00+00:00,-6.451200847918824,C,GOOD,SYNTHETIC_ML_DATASET,NORMAL,0
BRT,BRT_VIB_001,2026-03-01T06:17:00+00:00,0.8751850052349396,mm/s,GOOD,SYNTHETIC_ML_DATASET,NORMAL,0
BRT,BRT_HUM_001,2026-03-01T06:18:00+00:00,66.36002911813478,%,GOOD,SYNTHETIC_ML_DATASET,NORMAL,0
BRT,BRT_POWER_001,2026-03-01T06:18:00+00:00,48.70764646113561,kW,GOOD,SYNTHETIC_ML_DATASET,NORMAL,0
BRT,BRT_PRESS_001,2026-03-01T06:18:00+00:00,987.1679872997148,hPa,GOOD,SYNTHETIC_ML_DATASET,NORMAL,0
BRT,BRT_TEMP_001,2026-03-01T06:18:00+00:00,-6.269506440536659,C,GOOD,SYNTHETIC_ML_DATASET,NORMAL,0
BRT,BRT_VIB_001,2026-03-01T06:18:00+00:00,0.8879694112179437,mm/s,GOOD,SYNTHETIC_ML_DATASET,NORMAL,0
BRT,BRT_HUM_001,2026-03-01T06:19:00+00:00,66.65298930850226,%,GOOD,SYNTHETIC_ML_DATASET,NORMAL,0
BRT,BRT_POWER_001,2026-03-01T06:19:00+00:00,48.53589069442262,kW,GOOD,SYNTHETIC_ML_DATASET,NORMAL,0
BRT,BRT_PRESS_001,2026-03-01T06:19:00+00:00,987.1743688192962,hPa,GOOD,SYNTHETIC_ML_DATASET,NORMAL,0
BRT,BRT_TEMP_001,2026-03-01T06:19:00+00:00,-6.380571805920778,C,GOOD,SYNTHETIC_ML_DATASET,NORMAL,0
BRT,BRT_VIB_001,2026-03-01T06:19:00+00:00,0.8559797852037955,mm/s,GOOD,SYNTHETIC_ML_DATASET,NORMAL,0
BRT,BRT_HUM_001,2026-03-01T06:20:00+00:00,66.4874593914724,%,GOOD,SYNTHETIC_ML_DATASET,NORMAL,0
BRT,BRT_POWER_001,2026-03-01T06:20:00+00:00,48.409699457764646,kW,GOOD,SYNTHETIC_ML_DATASET,NORMAL,0
BRT,BRT_PRESS_001,2026-03-01T06:20:00+00:00,987.2126341617862,hPa,GOOD,SYNTHETIC_ML_DATASET,NORMAL,0
BRT,BRT_TEMP_001,2026-03-01T06:20:00+00:00,-6.442861057335661,C,GOOD,SYNTHETIC_ML_DATASET,NORMAL,0
BRT,BRT_VIB_001,2026-03-01T06:20:00+00:00,0.8742838432959774,mm/s,GOOD,SYNTHETIC_ML_DATASET,NORMAL,0
BRT,BRT_HUM_001,2026-03-01T06:21:00+00:00,65.88648618343828,%,GOOD,SYNTHETIC_ML_DATASET,NORMAL,0
BRT,BRT_POWER_001,2026-03-01T06:21:00+00:00,47.93818808892646,kW,GOOD,SYNTHETIC_ML_DATASET,NORMAL,0
BRT,BRT_PRESS_001,2026-03-01T06:21:00+00:00,987.0222395308518,hPa,GOOD,SYNTHETIC_ML_DATASET,NORMAL,0
BRT,BRT_TEMP_001,2026-03-01T06:21:00+00:00,-6.262176945244784,C,GOOD,SYNTHETIC_ML_DATASET,NORMAL,0
BRT,BRT_VIB_001,2026-03-01T06:21:00+00:00,0.8573019125180996,mm/s,GOOD,SYNTHETIC_ML_DATASET,NORMAL,0
BRT,BRT_HUM_001,2026-03-01T06:22:00+00:00,66.1008406109395,%,GOOD,SYNTHETIC_ML_DATASET,NORMAL,0
BRT,BRT_POWER_001,2026-03-01T06:22:00+00:00,48.00621400549445,kW,GOOD,SYNTHETIC_ML_DATASET,NORMAL,0
BRT,BRT_PRESS_001,2026-03-01T06:22:00+00:00,987.0140119715402,hPa,GOOD,SYNTHETIC_ML_DATASET,NORMAL,0
BRT,BRT_TEMP_001,2026-03-01T06:22:00+00:00,-6.716510947117434,C,GOOD,SYNTHETIC_ML_DATASET,NORMAL,0
BRT,BRT_VIB_001,2026-03-01T06:22:00+00:00,0.8530635191149305,mm/s,GOOD,SYNTHETIC_ML_DATASET,NORMAL,0
BRT,BRT_HUM_001,2026-03-01T06:23:00+00:00,65.80764727901256,%,GOOD,SYNTHETIC_ML_DATASET,NORMAL,0
BRT,BRT_POWER_001,2026-03-01T06:23:00+00:00,47.96025637419913,kW,GOOD,SYNTHETIC_ML_DATASET,NORMAL,0
BRT,BRT_PRESS_001,2026-03-01T06:23:00+00:00,987.0628277636472,hPa,GOOD,SYNTHETIC_ML_DATASET,NORMAL,0
BRT,BRT_TEMP_001,2026-03-01T06:23:00+00:00,-6.780084012309304,C,GOOD,SYNTHETIC_ML_DATASET,NORMAL,0
BRT,BRT_VIB_001,2026-03-01T06:23:00+00:00,0.8734589517874723,mm/s,GOOD,SYNTHETIC_ML_DATASET,NORMAL,0
BRT,BRT_HUM_001,2026-03-01T06:24:00+00:00,65.45520702076756,%,GOOD,SYNTHETIC_ML_DATASET,NORMAL,0
BRT,BRT_POWER_001,2026-03-01T06:24:00+00:00,48.05366123851755,kW,GOOD,SYNTHETIC_ML_DATASET,NORMAL,0
BRT,BRT_PRESS_001,2026-03-01T06:24:00+00:00,987.2749734289072,hPa,GOOD,SYNTHETIC_ML_DATASET,NORMAL,0
BRT,BRT_TEMP_001,2026-03-01T06:24:00+00:00,-6.851710874042045,C,GOOD,SYNTHETIC_ML_DATASET,NORMAL,0
BRT,BRT_VIB_001,2026-03-01T06:24:00+00:00,0.8772272408936633,mm/s,GOOD,SYNTHETIC_ML_DATASET,NORMAL,0
BRT,BRT_HUM_001,2026-03-01T06:25:00+00:00,65.298865977724,%,GOOD,SYNTHETIC_ML_DATASET,NORMAL,0
BRT,BRT_POWER_001,2026-03-01T06:25:00+00:00,47.616767262358536,kW,GOOD,SYNTHETIC_ML_DATASET,NORMAL,0
BRT,BRT_PRESS_001,2026-03-01T06:25:00+00:00,987.153050296907,hPa,GOOD,SYNTHETIC_ML_DATASET,NORMAL,0
BRT,BRT_TEMP_001,2026-03-01T06:25:00+00:00,-7.103570626937472,C,GOOD,SYNTHETIC_ML_DATASET,NORMAL,0
BRT,BRT_VIB_001,2026-03-01T06:25:00+00:00,0.8621264403191458,mm/s,GOOD,SYNTHETIC_ML_DATASET,NORMAL,0
BRT,BRT_HUM_001,2026-03-01T06:26:00+00:00,65.35219256868264,%,GOOD,SYNTHETIC_ML_DATASET,NORMAL,0
BRT,BRT_POWER_001,2026-03-01T06:26:00+00:00,47.27818216427987,kW,GOOD,SYNTHETIC_ML_DATASET,NORMAL,0
BRT,BRT_PRESS_001,2026-03-01T06:26:00+00:00,986.9471944660423,hPa,GOOD,SYNTHETIC_ML_DATASET,NORMAL,0
BRT,BRT_TEMP_001,2026-03-01T06:26:00+00:00,-7.20559080749681,C,GOOD,SYNTHETIC_ML_DATASET,NORMAL,0
BRT,BRT_VIB_001,2026-03-01T06:26:00+00:00,0.8671582565103031,mm/s,GOOD,SYNTHETIC_ML_DATASET,NORMAL,0
BRT,BRT_HUM_001,2026-03-01T06:27:00+00:00,65.71676730113043,%,GOOD,SYNTHETIC_ML_DATASET,NORMAL,0
BRT,BRT_POWER_001,2026-03-01T06:27:00+00:00,47.332438329690426,kW,GOOD,SYNTHETIC_ML_DATASET,NORMAL,0
BRT,BRT_PRESS_001,2026-03-01T06:27:00+00:00,986.9727497013314,hPa,GOOD,SYNTHETIC_ML_DATASET,NORMAL,0
BRT,BRT_TEMP_001,2026-03-01T06:27:00+00:00,-6.95966412066201,C,GOOD,SYNTHETIC_ML_DATASET,NORMAL,0
BRT,BRT_VIB_001,2026-03-01T06:27:00+00:00,0.8359845435203137,mm/s,GOOD,SYNTHETIC_ML_DATASET,NORMAL,0
BRT,BRT_HUM_001,2026-03-01T06:28:00+00:00,65.26506655197814,%,GOOD,SYNTHETIC_ML_DATASET,NORMAL,0
BRT,BRT_POWER_001,2026-03-01T06:28:00+00:00,47.16777005710533,kW,GOOD,SYNTHETIC_ML_DATASET,NORMAL,0
BRT,BRT_PRESS_001,2026-03-01T06:28:00+00:00,986.817313079286,hPa,GOOD,SYNTHETIC_ML_DATASET,NORMAL,0
BRT,BRT_TEMP_001,2026-03-01T06:28:00+00:00,-6.932168704363159,C,GOOD,SYNTHETIC_ML_DATASET,NORMAL,0
BRT,BRT_VIB_001,2026-03-01T06:28:00+00:00,0.8494688053070248,mm/s,GOOD,SYNTHETIC_ML_DATASET,NORMAL,0
BRT,BRT_HUM_001,2026-03-01T06:29:00+00:00,65.15305695316822,%,GOOD,SYNTHETIC_ML_DATASET,NORMAL,0
BRT,BRT_POWER_001,2026-03-01T06:29:00+00:00,46.863966299469645,kW,GOOD,SYNTHETIC_ML_DATASET,NORMAL,0
BRT,BRT_PRESS_001,2026-03-01T06:29:00+00:00,986.8855934737685,hPa,GOOD,SYNTHETIC_ML_DATASET,NORMAL,0
BRT,BRT_TEMP_001,2026-03-01T06:29:00+00:00,-7.235778689415471,C,GOOD,SYNTHETIC_ML_DATASET,NORMAL,0
BRT,BRT_VIB_001,2026-03-01T06:29:00+00:00,0.8558089871184344,mm/s,GOOD,SYNTHETIC_ML_DATASET,NORMAL,0
BRT,BRT_HUM_001,2026-03-01T06:30:00+00:00,65.22909352115977,%,GOOD,SYNTHETIC_ML_DATASET,NORMAL,0
BRT,BRT_POWER_001,2026-03-01T06:30:00+00:00,46.63610045294052,kW,GOOD,SYNTHETIC_ML_DATASET,NORMAL,0
BRT,BRT_PRESS_001,2026-03-01T06:30:00+00:00,986.83414835103,hPa,GOOD,SYNTHETIC_ML_DATASET,NORMAL,0
BRT,BRT_TEMP_001,2026-03-01T06:30:00+00:00,-7.696480759059627,C,GOOD,SYNTHETIC_ML_DATASET,NORMAL,0
BRT,BRT_VIB_001,2026-03-01T06:30:00+00:00,0.8295814127507478,mm/s,GOOD,SYNTHETIC_ML_DATASET,NORMAL,0
BRT,BRT_HUM_001,2026-03-01T06:31:00+00:00,65.91887803558079,%,GOOD,SYNTHETIC_ML_DATASET,NORMAL,0
BRT,BRT_POWER_001,2026-03-01T06:31:00+00:00,46.83551530597748,kW,GOOD,SYNTHETIC_ML_DATASET,NORMAL,0
BRT,BRT_PRESS_001,2026-03-01T06:31:00+00:00,986.9341732654117,hPa,GOOD,SYNTHETIC_ML_DATASET,NORMAL,0
BRT,BRT_TEMP_001,2026-03-01T06:31:00+00:00,-7.445148144419672,C,GOOD,SYNTHETIC_ML_DATASET,NORMAL,0
BRT,BRT_VIB_001,2026-03-01T06:31:00+00:00,0.849589467287957,mm/s,GOOD,SYNTHETIC_ML_DATASET,NORMAL,0
BRT,BRT_HUM_001,2026-03-01T06:32:00+00:00,65.5183936629089,%,GOOD,SYNTHETIC_ML_DATASET,NORMAL,0
BRT,BRT_POWER_001,2026-03-01T06:32:00+00:00,46.27249122627514,kW,GOOD,SYNTHETIC_ML_DATASET,NORMAL,0
BRT,BRT_PRESS_001,2026-03-01T06:32:00+00:00,986.8511798514323,hPa,GOOD,SYNTHETIC_ML_DATASET,NORMAL,0
BRT,BRT_TEMP_001,2026-03-01T06:32:00+00:00,-7.7737534081348265,C,GOOD,SYNTHETIC_ML_DATASET,NORMAL,0
BRT,BRT_VIB_001,2026-03-01T06:32:00+00:00,0.8304112748867717,mm/s,GOOD,SYNTHETIC_ML_DATASET,NORMAL,0
BRT,BRT_HUM_001,2026-03-01T06:33:00+00:00,65.72283286665356,%,GOOD,SYNTHETIC_ML_DATASET,NORMAL,0
BRT,BRT_POWER_001,2026-03-01T06:33:00+00:00,46.47890556410388,kW,GOOD,SYNTHETIC_ML_DATASET,NORMAL,0
BRT,BRT_PRESS_001,2026-03-01T06:33:00+00:00,986.8743422331705,hPa,GOOD,SYNTHETIC_ML_DATASET,NORMAL,0
BRT,BRT_TEMP_001,2026-03-01T06:33:00+00:00,-7.559693496308654,C,GOOD,SYNTHETIC_ML_DATASET,NORMAL,0
BRT,BRT_VIB_001,2026-03-01T06:33:00+00:00,0.8314102019408687,mm/s,GOOD,SYNTHETIC_ML_DATASET,NORMAL,0
BRT,BRT_HUM_001,2026-03-01T06:34:00+00:00,66.994523171248,%,GOOD,SYNTHETIC_ML_DATASET,NORMAL,0
BRT,BRT_POWER_001,2026-03-01T06:34:00+00:00,46.709092669014815,kW,GOOD,SYNTHETIC_ML_DATASET,NORMAL,0
BRT,BRT_PRESS_001,2026-03-01T06:34:00+00:00,986.7404361916726,hPa,GOOD,SYNTHETIC_ML_DATASET,NORMAL,0
BRT,BRT_TEMP_001,2026-03-01T06:34:00+00:00,-7.659336447128112,C,GOOD,SYNTHETIC_ML_DATASET,NORMAL,0
BRT,BRT_VIB_001,2026-03-01T06:34:00+00:00,0.8473511559205297,mm/s,GOOD,SYNTHETIC_ML_DATASET,NORMAL,0
BRT,BRT_HUM_001,2026-03-01T06:35:00+00:00,67.02469408384394,%,GOOD,SYNTHETIC_ML_DATASET,NORMAL,0
BRT,BRT_POWER_001,2026-03-01T06:35:00+00:00,46.53670729826124,kW,GOOD,SYNTHETIC_ML_DATASET,NORMAL,0
BRT,BRT_PRESS_001,2026-03-01T06:35:00+00:00,986.8830666277863,hPa,GOOD,SYNTHETIC_ML_DATASET,NORMAL,0
BRT,BRT_TEMP_001,2026-03-01T06:35:00+00:00,-7.7198517489461915,C,GOOD,SYNTHETIC_ML_DATASET,NORMAL,0
BRT,BRT_VIB_001,2026-03-01T06:35:00+00:00,0.8360380467720794,mm/s,GOOD,SYNTHETIC_ML_DATASET,NORMAL,0
BRT,BRT_HUM_001,2026-03-01T06:36:00+00:00,65.83002856037501,%,GOOD,SYNTHETIC_ML_DATASET,NORMAL,0
BRT,BRT_POWER_001,2026-03-01T06:36:00+00:00,47.5010628505353,kW,GOOD,SYNTHETIC_ML_DATASET,NORMAL,0
BRT,BRT_PRESS_001,2026-03-01T06:36:00+00:00,986.903343662387,hPa,GOOD,SYNTHETIC_ML_DATASET,NORMAL,0
BRT,BRT_TEMP_001,2026-03-01T06:36:00+00:00,-7.620346740282439,C,GOOD,SYNTHETIC_ML_DATASET,NORMAL,0
BRT,BRT_VIB_001,2026-03-01T06:36:00+00:00,0.8484751894790405,mm/s,GOOD,SYNTHETIC_ML_DATASET,NORMAL,0
BRT,BRT_HUM_001,2026-03-01T06:37:00+00:00,64.73964715005053,%,GOOD,SYNTHETIC_ML_DATASET,NORMAL,0
BRT,BRT_POWER_001,2026-03-01T06:37:00+00:00,46.69906788284094,kW,GOOD,SYNTHETIC_ML_DATASET,NORMAL,0
BRT,BRT_PRESS_001,2026-03-01T06:37:00+00:00,986.8754521867057,hPa,GOOD,SYNTHETIC_ML_DATASET,NORMAL,0
BRT,BRT_TEMP_001,2026-03-01T06:37:00+00:00,-7.623858106108425,C,GOOD,SYNTHETIC_ML_DATASET,NORMAL,0
BRT,BRT_VIB_001,2026-03-01T06:37:00+00:00,0.8225653852092651,mm/s,GOOD,SYNTHETIC_ML_DATASET,NORMAL,0
BRT,BRT_HUM_001,2026-03-01T06:38:00+00:00,66.17712682066102,%,GOOD,SYNTHETIC_ML_DATASET,NORMAL,0
BRT,BRT_POWER_001,2026-03-01T06:38:00+00:00,46.90242531553949,kW,GOOD,SYNTHETIC_ML_DATASET,NORMAL,0
BRT,BRT_PRESS_001,2026-03-01T06:38:00+00:00,986.9457035759151,hPa,GOOD,SYNTHETIC_ML_DATASET,NORMAL,0
BRT,BRT_TEMP_001,2026-03-01T06:38:00+00:00,-7.677084524278654,C,GOOD,SYNTHETIC_ML_DATASET,NORMAL,0
BRT,BRT_VIB_001,2026-03-01T06:38:00+00:00,0.8426024354471284,mm/s,GOOD,SYNTHETIC_ML_DATASET,NORMAL,0
BRT,BRT_HUM_001,2026-03-01T06:39:00+00:00,65.54694855942363,%,GOOD,SYNTHETIC_ML_DATASET,NORMAL,0
BRT,BRT_POWER_001,2026-03-01T06:39:00+00:00,46.51316987477474,kW,GOOD,SYNTHETIC_ML_DATASET,NORMAL,0
BRT,BRT_PRESS_001,2026-03-01T06:39:00+00:00,986.8287687350959,hPa,GOOD,SYNTHETIC_ML_DATASET,NORMAL,0
BRT,BRT_TEMP_001,2026-03-01T06:39:00+00:00,-7.67179401509012,C,GOOD,SYNTHETIC_ML_DATASET,NORMAL,0
BRT,BRT_VIB_001,2026-03-01T06:39:00+00:00,0.81426038294996,mm/s,GOOD,SYNTHETIC_ML_DATASET,NORMAL,0
BRT,BRT_HUM_001,2026-03-01T06:40:00+00:00,66.27753047062046,%,GOOD,SYNTHETIC_ML_DATASET,NORMAL,0
BRT,BRT_POWER_001,2026-03-01T06:40:00+00:00,47.18954838318234,kW,GOOD,SYNTHETIC_ML_DATASET,NORMAL,0
BRT,BRT_PRESS_001,2026-03-01T06:40:00+00:00,986.8018546144623,hPa,GOOD,SYNTHETIC_ML_DATASET,NORMAL,0
BRT,BRT_TEMP_001,2026-03-01T06:40:00+00:00,-7.853158046178601,C,GOOD,SYNTHETIC_ML_DATASET,NORMAL,0
BRT,BRT_VIB_001,2026-03-01T06:40:00+00:00,0.8277798937975493,mm/s,GOOD,SYNTHETIC_ML_DATASET,NORMAL,0
BRT,BRT_HUM_001,2026-03-01T06:41:00+00:00,65.84582464593943,%,GOOD,SYNTHETIC_ML_DATASET,NORMAL,0
BRT,BRT_POWER_001,2026-03-01T06:41:00+00:00,46.593532964918964,kW,GOOD,SYNTHETIC_ML_DATASET,NORMAL,0
BRT,BRT_PRESS_001,2026-03-01T06:41:00+00:00,986.8188141536021,hPa,GOOD,SYNTHETIC_ML_DATASET,NORMAL,0
BRT,BRT_TEMP_001,2026-03-01T06:41:00+00:00,-7.741188336460066,C,GOOD,SYNTHETIC_ML_DATASET,NORMAL,0
BRT,BRT_VIB_001,2026-03-01T06:41:00+00:00,0.8078162421787796,mm/s,GOOD,SYNTHETIC_ML_DATASET,NORMAL,0
BRT,BRT_HUM_001,2026-03-01T06:42:00+00:00,65.36223201774686,%,GOOD,SYNTHETIC_ML_DATASET,NORMAL,0
BRT,BRT_POWER_001,2026-03-01T06:42:00+00:00,46.737430083578275,kW,GOOD,SYNTHETIC_ML_DATASET,NORMAL,0
BRT,BRT_PRESS_001,2026-03-01T06:42:00+00:00,986.743688751008,hPa,GOOD,SYNTHETIC_ML_DATASET,NORMAL,0
BRT,BRT_TEMP_001,2026-03-01T06:42:00+00:00,-7.796047339876075,C,GOOD,SYNTHETIC_ML_DATASET,NORMAL,0
BRT,BRT_VIB_001,2026-03-01T06:42:00+00:00,0.8343590599561097,mm/s,GOOD,SYNTHETIC_ML_DATASET,NORMAL,0
BRT,BRT_HUM_001,2026-03-01T06:43:00+00:00,65.66926231066574,%,GOOD,SYNTHETIC_ML_DATASET,NORMAL,0
BRT,BRT_POWER_001,2026-03-01T06:43:00+00:00,46.25832372003167,kW,GOOD,SYNTHETIC_ML_DATASET,NORMAL,0
BRT,BRT_PRESS_001,2026-03-01T06:43:00+00:00,986.791960241141,hPa,GOOD,SYNTHETIC_ML_DATASET,NORMAL,0
BRT,BRT_TEMP_001,2026-03-01T06:43:00+00:00,-7.99896717751572,C,GOOD,SYNTHETIC_ML_DATASET,NORMAL,0
BRT,BRT_VIB_001,2026-03-01T06:43:00+00:00,0.8401892310633611,mm/s,GOOD,SYNTHETIC_ML_DATASET,NORMAL,0
BRT,BRT_HUM_001,2026-03-01T06:44:00+00:00,65.30013151193687,%,GOOD,SYNTHETIC_ML_DATASET,NORMAL,0
BRT,BRT_POWER_001,2026-03-01T06:44:00+00:00,45.60897508326463,kW,GOOD,SYNTHETIC_ML_DATASET,NORMAL,0
BRT,BRT_PRESS_001,2026-03-01T06:44:00+00:00,986.6250040931457,hPa,GOOD,SYNTHETIC_ML_DATASET,NORMAL,0
BRT,BRT_TEMP_001,2026-03-01T06:44:00+00:00,-8.030127901631428,C,GOOD,SYNTHETIC_ML_DATASET,NORMAL,0
BRT,BRT_VIB_001,2026-03-01T06:44:00+00:00,0.8440730119009526,mm/s,GOOD,SYNTHETIC_ML_DATASET,NORMAL,0
BRT,BRT_HUM_001,2026-03-01T06:45:00+00:00,65.06749397539595,%,GOOD,SYNTHETIC_ML_DATASET,NORMAL,0
BRT,BRT_POWER_001,2026-03-01T06:45:00+00:00,45.92014273638711,kW,GOOD,SYNTHETIC_ML_DATASET,NORMAL,0
BRT,BRT_PRESS_001,2026-03-01T06:45:00+00:00,986.5974604143578,hPa,GOOD,SYNTHETIC_ML_DATASET,NORMAL,0
BRT,BRT_TEMP_001,2026-03-01T06:45:00+00:00,-8.202779390687304,C,GOOD,SYNTHETIC_ML_DATASET,NORMAL,0
BRT,BRT_VIB_001,2026-03-01T06:45:00+00:00,0.8192412549673617,mm/s,GOOD,SYNTHETIC_ML_DATASET,NORMAL,0
BRT,BRT_HUM_001,2026-03-01T06:46:00+00:00,64.88223268524422,%,GOOD,SYNTHETIC_ML_DATASET,NORMAL,0
BRT,BRT_POWER_001,2026-03-01T06:46:00+00:00,45.763877056085,kW,GOOD,SYNTHETIC_ML_DATASET,NORMAL,0
BRT,BRT_PRESS_001,2026-03-01T06:46:00+00:00,986.6903599813226,hPa,GOOD,SYNTHETIC_ML_DATASET,NORMAL,0
BRT,BRT_TEMP_001,2026-03-01T06:46:00+00:00,-8.07550883621861,C,GOOD,SYNTHETIC_ML_DATASET,NORMAL,0
BRT,BRT_VIB_001,2026-03-01T06:46:00+00:00,0.8098586514373242,mm/s,GOOD,SYNTHETIC_ML_DATASET,NORMAL,0
BRT,BRT_HUM_001,2026-03-01T06:47:00+00:00,63.888973428801755,%,GOOD,SYNTHETIC_ML_DATASET,NORMAL,0
BRT,BRT_POWER_001,2026-03-01T06:47:00+00:00,45.42047150730163,kW,GOOD,SYNTHETIC_ML_DATASET,NORMAL,0
BRT,BRT_PRESS_001,2026-03-01T06:47:00+00:00,986.6151996083338,hPa,GOOD,SYNTHETIC_ML_DATASET,NORMAL,0
BRT,BRT_TEMP_001,2026-03-01T06:47:00+00:00,-8.131075344196553,C,GOOD,SYNTHETIC_ML_DATASET,NORMAL,0
BRT,BRT_VIB_001,2026-03-01T06:47:00+00:00,0.8150009114637782,mm/s,GOOD,SYNTHETIC_ML_DATASET,NORMAL,0
BRT,BRT_HUM_001,2026-03-01T06:48:00+00:00,64.39902046562088,%,GOOD,SYNTHETIC_ML_DATASET,NORMAL,0
BRT,BRT_POWER_001,2026-03-01T06:48:00+00:00,45.42902088390126,kW,GOOD,SYNTHETIC_ML_DATASET,NORMAL,0
BRT,BRT_PRESS_001,2026-03-01T06:48:00+00:00,986.4687523125285,hPa,GOOD,SYNTHETIC_ML_DATASET,NORMAL,0
BRT,BRT_TEMP_001,2026-03-01T06:48:00+00:00,-8.599852953397608,C,GOOD,SYNTHETIC_ML_DATASET,NORMAL,0
BRT,BRT_VIB_001,2026-03-01T06:48:00+00:00,0.8119432622541279,mm/s,GOOD,SYNTHETIC_ML_DATASET,NORMAL,0
BRT,BRT_HUM_001,2026-03-01T06:49:00+00:00,64.05450886225005,%,GOOD,SYNTHETIC_ML_DATASET,NORMAL,0
BRT,BRT_POWER_001,2026-03-01T06:49:00+00:00,45.38059390232596,kW,GOOD,SYNTHETIC_ML_DATASET,NORMAL,0
BRT,BRT_PRESS_001,2026-03-01T06:49:00+00:00,986.5578350776798,hPa,GOOD,SYNTHETIC_ML_DATASET,NORMAL,0
BRT,BRT_TEMP_001,2026-03-01T06:49:00+00:00,-8.589970178633408,C,GOOD,SYNTHETIC_ML_DATASET,NORMAL,0
BRT,BRT_VIB_001,2026-03-01T06:49:00+00:00,0.8262221167348841,mm/s,GOOD,SYNTHETIC_ML_DATASET,NORMAL,0
BRT,BRT_HUM_001,2026-03-01T06:50:00+00:00,63.880172961393335,%,GOOD,SYNTHETIC_ML_DATASET,NORMAL,0
BRT,BRT_POWER_001,2026-03-01T06:50:00+00:00,45.15169039999796,kW,GOOD,SYNTHETIC_ML_DATASET,NORMAL,0
BRT,BRT_PRESS_001,2026-03-01T06:50:00+00:00,986.3094118343218,hPa,GOOD,SYNTHETIC_ML_DATASET,NORMAL,0
BRT,BRT_TEMP_001,2026-03-01T06:50:00+00:00,-8.823653867153391,C,GOOD,SYNTHETIC_ML_DATASET,NORMAL,0
BRT,BRT_VIB_001,2026-03-01T06:50:00+00:00,0.7920506598990912,mm/s,GOOD,SYNTHETIC_ML_DATASET,NORMAL,0
BRT,BRT_HUM_001,2026-03-01T06:51:00+00:00,63.97680490884526,%,GOOD,SYNTHETIC_ML_DATASET,NORMAL,0
BRT,BRT_POWER_001,2026-03-01T06:51:00+00:00,44.90714320399289,kW,GOOD,SYNTHETIC_ML_DATASET,NORMAL,0
BRT,BRT_PRESS_001,2026-03-01T06:51:00+00:00,986.1609700699446,hPa,GOOD,SYNTHETIC_ML_DATASET,NORMAL,0
BRT,BRT_TEMP_001,2026-03-01T06:51:00+00:00,-8.833052025401852,C,GOOD,SYNTHETIC_ML_DATASET,NORMAL,0
BRT,BRT_VIB_001,2026-03-01T06:51:00+00:00,0.7685646492461348,mm/s,GOOD,SYNTHETIC_ML_DATASET,NORMAL,0
BRT,BRT_HUM_001,2026-03-01T06:52:00+00:00,62.98843977698343,%,GOOD,SYNTHETIC_ML_DATASET,NORMAL,0
BRT,BRT_POWER_001,2026-03-01T06:52:00+00:00,44.7151920553581,kW,GOOD,SYNTHETIC_ML_DATASET,NORMAL,0
BRT,BRT_PRESS_001,2026-03-01T06:52:00+00:00,986.2012632879606,hPa,GOOD,SYNTHETIC_ML_DATASET,NORMAL,0
BRT,BRT_TEMP_001,2026-03-01T06:52:00+00:00,-9.282347398152611,C,GOOD,SYNTHETIC_ML_DATASET,NORMAL,0
BRT,BRT_VIB_001,2026-03-01T06:52:00+00:00,0.7903992109853251,mm/s,GOOD,SYNTHETIC_ML_DATASET,NORMAL,0
BRT,BRT_HUM_001,2026-03-01T06:53:00+00:00,63.42579918753179,%,GOOD,SYNTHETIC_ML_DATASET,NORMAL,0
BRT,BRT_POWER_001,2026-03-01T06:53:00+00:00,44.40028327453336,kW,GOOD,SYNTHETIC_ML_DATASET,NORMAL,0
BRT,BRT_PRESS_001,2026-03-01T06:53:00+00:00,986.0577589949302,hPa,GOOD,SYNTHETIC_ML_DATASET,NORMAL,0
BRT,BRT_TEMP_001,2026-03-01T06:53:00+00:00,-9.225108803406973,C,GOOD,SYNTHETIC_ML_DATASET,NORMAL,0
BRT,BRT_VIB_001,2026-03-01T06:53:00+00:00,0.746729727217282,mm/s,GOOD,SYNTHETIC_ML_DATASET,NORMAL,0
BRT,BRT_HUM_001,2026-03-01T06:54:00+00:00,62.4276219920267,%,GOOD,SYNTHETIC_ML_DATASET,NORMAL,0
BRT,BRT_POWER_001,2026-03-01T06:54:00+00:00,44.45444290426368,kW,GOOD,SYNTHETIC_ML_DATASET,NORMAL,0
BRT,BRT_PRESS_001,2026-03-01T06:54:00+00:00,986.0541833901913,hPa,GOOD,SYNTHETIC_ML_DATASET,NORMAL,0
BRT,BRT_TEMP_001,2026-03-01T06:54:00+00:00,-9.029959045304562,C,GOOD,SYNTHETIC_ML_DATASET,NORMAL,0
BRT,BRT_VIB_001,2026-03-01T06:54:00+00:00,0.7476165226646952,mm/s,GOOD,SYNTHETIC_ML_DATASET,NORMAL,0
BRT,BRT_HUM_001,2026-03-01T06:55:00+00:00,63.103560237903665,%,GOOD,SYNTHETIC_ML_DATASET,NORMAL,0
BRT,BRT_POWER_001,2026-03-01T06:55:00+00:00,44.4923321173943,kW,GOOD,SYNTHETIC_ML_DATASET,NORMAL,0
BRT,BRT_PRESS_001,2026-03-01T06:55:00+00:00,986.0044962490191,hPa,GOOD,SYNTHETIC_ML_DATASET,NORMAL,0
BRT,BRT_TEMP_001,2026-03-01T06:55:00+00:00,-9.032081732038936,C,GOOD,SYNTHETIC_ML_DATASET,NORMAL,0
BRT,BRT_VIB_001,2026-03-01T06:55:00+00:00,0.7818142875729426,mm/s,GOOD,SYNTHETIC_ML_DATASET,NORMAL,0
BRT,BRT_HUM_001,2026-03-01T06:56:00+00:00,62.34535877859693,%,GOOD,SYNTHETIC_ML_DATASET,NORMAL,0
BRT,BRT_POWER_001,2026-03-01T06:56:00+00:00,44.7991906672366,kW,GOOD,SYNTHETIC_ML_DATASET,NORMAL,0
BRT,BRT_PRESS_001,2026-03-01T06:56:00+00:00,985.9380397436555,hPa,GOOD,SYNTHETIC_ML_DATASET,NORMAL,0
BRT,BRT_TEMP_001,2026-03-01T06:56:00+00:00,-9.200041538311984,C,GOOD,SYNTHETIC_ML_DATASET,NORMAL,0
BRT,BRT_VIB_001,2026-03-01T06:56:00+00:00,0.7582183265349993,mm/s,GOOD,SYNTHETIC_ML_DATASET,NORMAL,0
BRT,BRT_HUM_001,2026-03-01T06:57:00+00:00,62.59950235596587,%,GOOD,SYNTHETIC_ML_DATASET,NORMAL,0
BRT,BRT_POWER_001,2026-03-01T06:57:00+00:00,44.33207767007544,kW,GOOD,SYNTHETIC_ML_DATASET,NORMAL,0
BRT,BRT_PRESS_001,2026-03-01T06:57:00+00:00,985.8087551792057,hPa,GOOD,SYNTHETIC_ML_DATASET,NORMAL,0
BRT,BRT_TEMP_001,2026-03-01T06:57:00+00:00,-9.119904314072524,C,GOOD,SYNTHETIC_ML_DATASET,NORMAL,0
BRT,BRT_VIB_001,2026-03-01T06:57:00+00:00,0.7713247752184479,mm/s,GOOD,SYNTHETIC_ML_DATASET,NORMAL,0
BRT,BRT_HUM_001,2026-03-01T06:58:00+00:00,62.35209179642283,%,GOOD,SYNTHETIC_ML_DATASET,NORMAL,0
BRT,BRT_POWER_001,2026-03-01T06:58:00+00:00,44.39090480537962,kW,GOOD,SYNTHETIC_ML_DATASET,NORMAL,0
BRT,BRT_PRESS_001,2026-03-01T06:58:00+00:00,985.6480788530114,hPa,GOOD,SYNTHETIC_ML_DATASET,NORMAL,0
BRT,BRT_TEMP_001,2026-03-01T06:58:00+00:00,-9.058946238733343,C,GOOD,SYNTHETIC_ML_DATASET,NORMAL,0
BRT,BRT_VIB_001,2026-03-01T06:58:00+00:00,0.7505351850006576,mm/s,GOOD,SYNTHETIC_ML_DATASET,NORMAL,0
BRT,BRT_HUM_001,2026-03-01T06:59:00+00:00,62.10618907132349,%,GOOD,SYNTHETIC_ML_DATASET,NORMAL,0
BRT,BRT_POWER_001,2026-03-01T06:59:00+00:00,44.07746424839504,kW,GOOD,SYNTHETIC_ML_DATASET,NORMAL,0
BRT,BRT_PRESS_001,2026-03-01T06:59:00+00:00,985.5080204030761,hPa,GOOD,SYNTHETIC_ML_DATASET,NORMAL,0
BRT,BRT_TEMP_001,2026-03-01T06:59:00+00:00,-9.305462002960036,C,GOOD,SYNTHETIC_ML_DATASET,NORMAL,0
BRT,BRT_VIB_001,2026-03-01T06:59:00+00:00,0.7831751211606603,mm/s,GOOD,SYNTHETIC_ML_DATASET,NORMAL,0
BRT,BRT_HUM_001,2026-03-01T07:00:00+00:00,62.55256906220926,%,GOOD,SYNTHETIC_ML_DATASET,NORMAL,0
BRT,BRT_POWER_001,2026-03-01T07:00:00+00:00,44.12635099941959,kW,GOOD,SYNTHETIC_ML_DATASET,NORMAL,0
BRT,BRT_PRESS_001,2026-03-01T07:00:00+00:00,985.6359015404793,hPa,GOOD,SYNTHETIC_ML_DATASET,NORMAL,0
BRT,BRT_TEMP_001,2026-03-01T07:00:00+00:00,-9.319420886771251,C,GOOD,SYNTHETIC_ML_DATASET,NORMAL,0
BRT,BRT_VIB_001,2026-03-01T07:00:00+00:00,0.7514313784486971,mm/s,GOOD,SYNTHETIC_ML_DATASET,NORMAL,0
BRT,BRT_HUM_001,2026-03-01T07:01:00+00:00,62.137927745700786,%,GOOD,SYNTHETIC_ML_DATASET,NORMAL,0
BRT,BRT_POWER_001,2026-03-01T07:01:00+00:00,44.60879843304405,kW,GOOD,SYNTHETIC_ML_DATASET,NORMAL,0
BRT,BRT_PRESS_001,2026-03-01T07:01:00+00:00,985.4427542662622,hPa,GOOD,SYNTHETIC_ML_DATASET,NORMAL,0
BRT,BRT_TEMP_001,2026-03-01T07:01:00+00:00,-9.304388734791834,C,GOOD,SYNTHETIC_ML_DATASET,NORMAL,0
BRT,BRT_VIB_001,2026-03-01T07:01:00+00:00,0.7541667740760992,mm/s,GOOD,SYNTHETIC_ML_DATASET,NORMAL,0
BRT,BRT_HUM_001,2026-03-01T07:02:00+00:00,62.302450484825265,%,GOOD,SYNTHETIC_ML_DATASET,NORMAL,0
BRT,BRT_POWER_001,2026-03-01T07:02:00+00:00,43.781752163636064,kW,GOOD,SYNTHETIC_ML_DATASET,NORMAL,0
BRT,BRT_PRESS_001,2026-03-01T07:02:00+00:00,985.6050887885356,hPa,GOOD,SYNTHETIC_ML_DATASET,NORMAL,0
BRT,BRT_TEMP_001,2026-03-01T07:02:00+00:00,-9.236875010220919,C,GOOD,SYNTHETIC_ML_DATASET,NORMAL,0
BRT,BRT_VIB_001,2026-03-01T07:02:00+00:00,0.7742549018211569,mm/s,GOOD,SYNTHETIC_ML_DATASET,NORMAL,0
BRT,BRT_HUM_001,2026-03-01T07:03:00+00:00,62.525873377188226,%,GOOD,SYNTHETIC_ML_DATASET,NORMAL,0
BRT,BRT_POWER_001,2026-03-01T07:03:00+00:00,43.917639367558984,kW,GOOD,SYNTHETIC_ML_DATASET,NORMAL,0
BRT,BRT_PRESS_001,2026-03-01T07:03:00+00:00,985.7238387754472,hPa,GOOD,SYNTHETIC_ML_DATASET,NORMAL,0
BRT,BRT_TEMP_001,2026-03-01T07:03:00+00:00,-9.650919305589364,C,GOOD,SYNTHETIC_ML_DATASET,NORMAL,0
BRT,BRT_VIB_001,2026-03-01T07:03:00+00:00,0.7658314181848651,mm/s,GOOD,SYNTHETIC_ML_DATASET,NORMAL,0
BRT,BRT_HUM_001,2026-03-01T07:04:00+00:00,62.932985139739124,%,GOOD,SYNTHETIC_ML_DATASET,NORMAL,0
BRT,BRT_POWER_001,2026-03-01T07:04:00+00:00,44.40689290680758,kW,GOOD,SYNTHETIC_ML_DATASET,NORMAL,0
BRT,BRT_PRESS_001,2026-03-01T07:04:00+00:00,985.5785040607557,hPa,GOOD,SYNTHETIC_ML_DATASET,NORMAL,0
BRT,BRT_TEMP_001,2026-03-01T07:04:00+00:00,-9.738413511835592,C,GOOD,SYNTHETIC_ML_DATASET,NORMAL,0
BRT,BRT_VIB_001,2026-03-01T07:04:00+00:00,0.7565622442003243,mm/s,GOOD,SYNTHETIC_ML_DATASET,NORMAL,0
BRT,BRT_HUM_001,2026-03-01T07:05:00+00:00,61.90584183054389,%,GOOD,SYNTHETIC_ML_DATASET,NORMAL,0
BRT,BRT_POWER_001,2026-03-01T07:05:00+00:00,44.56150361585761,kW,GOOD,SYNTHETIC_ML_DATASET,NORMAL,0
BRT,BRT_PRESS_001,2026-03-01T07:05:00+00:00,985.5621405965212,hPa,GOOD,SYNTHETIC_ML_DATASET,NORMAL,0
BRT,BRT_TEMP_001,2026-03-01T07:05:00+00:00,-9.720998949184276,C,GOOD,SYNTHETIC_ML_DATASET,NORMAL,0
BRT,BRT_VIB_001,2026-03-01T07:05:00+00:00,0.7409059668111854,mm/s,GOOD,SYNTHETIC_ML_DATASET,NORMAL,0
BRT,BRT_HUM_001,2026-03-01T07:06:00+00:00,61.49515137470256,%,GOOD,SYNTHETIC_ML_DATASET,NORMAL,0
BRT,BRT_POWER_001,2026-03-01T07:06:00+00:00,44.064026519252515,kW,GOOD,SYNTHETIC_ML_DATASET,NORMAL,0
BRT,BRT_PRESS_001,2026-03-01T07:06:00+00:00,985.5094935321268,hPa,GOOD,SYNTHETIC_ML_DATASET,NORMAL,0
BRT,BRT_TEMP_001,2026-03-01T07:06:00+00:00,-9.600514368416972,C,GOOD,SYNTHETIC_ML_DATASET,NORMAL,0
BRT,BRT_VIB_001,2026-03-01T07:06:00+00:00,0.7455074306872326,mm/s,GOOD,SYNTHETIC_ML_DATASET,NORMAL,0
BRT,BRT_HUM_001,2026-03-01T07:07:00+00:00,61.81536674398975,%,GOOD,SYNTHETIC_ML_DATASET,NORMAL,0
BRT,BRT_POWER_001,2026-03-01T07:07:00+00:00,44.21775846220491,kW,GOOD,SYNTHETIC_ML_DATASET,NORMAL,0
BRT,BRT_PRESS_001,2026-03-01T07:07:00+00:00,985.4515456716169,hPa,GOOD,SYNTHETIC_ML_DATASET,NORMAL,0
BRT,BRT_TEMP_001,2026-03-01T07:07:00+00:00,-9.782991956700954,C,GOOD,SYNTHETIC_ML_DATASET,NORMAL,0
BRT,BRT_VIB_001,2026-03-01T07:07:00+00:00,0.7288251985874837,mm/s,GOOD,SYNTHETIC_ML_DATASET,NORMAL,0
BRT,BRT_HUM_001,2026-03-01T07:08:00+00:00,60.987929033609234,%,GOOD,SYNTHETIC_ML_DATASET,NORMAL,0
BRT,BRT_POWER_001,2026-03-01T07:08:00+00:00,44.111875685364964,kW,GOOD,SYNTHETIC_ML_DATASET,NORMAL,0
BRT,BRT_PRESS_001,2026-03-01T07:08:00+00:00,985.3901418928014,hPa,GOOD,SYNTHETIC_ML_DATASET,NORMAL,0
BRT,BRT_TEMP_001,2026-03-01T07:08:00+00:00,-9.924482650881641,C,GOOD,SYNTHETIC_ML_DATASET,NORMAL,0
BRT,BRT_VIB_001,2026-03-01T07:08:00+00:00,0.7199290066989903,mm/s,GOOD,SYNTHETIC_ML_DATASET,NORMAL,0
BRT,BRT_HUM_001,2026-03-01T07:09:00+00:00,61.422242607283394,%,GOOD,SYNTHETIC_ML_DATASET,NORMAL,0
BRT,BRT_POWER_001,2026-03-01T07:09:00+00:00,43.98286326040462,kW,GOOD,SYNTHETIC_ML_DATASET,NORMAL,0
BRT,BRT_PRESS_001,2026-03-01T07:09:00+00:00,985.1216050425445,hPa,GOOD,SYNTHETIC_ML_DATASET,NORMAL,0
BRT,BRT_TEMP_001,2026-03-01T07:09:00+00:00,-9.759347047939633,C,GOOD,SYNTHETIC_ML_DATASET,NORMAL,0
BRT,BRT_VIB_001,2026-03-01T07:09:00+00:00,0.695392660432065,mm/s,GOOD,SYNTHETIC_ML_DATASET,NORMAL,0
BRT,BRT_HUM_001,2026-03-01T07:10:00+00:00,60.28251834646867,%,GOOD,SYNTHETIC_ML_DATASET,NORMAL,0
BRT,BRT_POWER_001,2026-03-01T07:10:00+00:00,43.72636499201888,kW,GOOD,SYNTHETIC_ML_DATASET,NORMAL,0
BRT,BRT_PRESS_001,2026-03-01T07:10:00+00:00,985.1323844068385,hPa,GOOD,SYNTHETIC_ML_DATASET,NORMAL,0
BRT,BRT_TEMP_001,2026-03-01T07:10:00+00:00,-10.275231098937507,C,GOOD,SYNTHETIC_ML_DATASET,NORMAL,0
BRT,BRT_VIB_001,2026-03-01T07:10:00+00:00,0.6949849713574724,mm/s,GOOD,SYNTHETIC_ML_DATASET,NORMAL,0
BRT,BRT_HUM_001,2026-03-01T07:11:00+00:00,59.80607200397392,%,GOOD,SYNTHETIC_ML_DATASET,NORMAL,0
BRT,BRT_POWER_001,2026-03-01T07:11:00+00:00,43.53993394767617,kW,GOOD,SYNTHETIC_ML_DATASET,NORMAL,0
BRT,BRT_PRESS_001,2026-03-01T07:11:00+00:00,985.2663558880436,hPa,GOOD,SYNTHETIC_ML_DATASET,NORMAL,0
BRT,BRT_TEMP_001,2026-03-01T07:11:00+00:00,-10.025949283741445,C,GOOD,SYNTHETIC_ML_DATASET,NORMAL,0
BRT,BRT_VIB_001,2026-03-01T07:11:00+00:00,0.7154205943647142,mm/s,GOOD,SYNTHETIC_ML_DATASET,NORMAL,0
BRT,BRT_HUM_001,2026-03-01T07:12:00+00:00,60.69464521001443,%,GOOD,SYNTHETIC_ML_DATASET,NORMAL,0
BRT,BRT_POWER_001,2026-03-01T07:12:00+00:00,43.64998047638679,kW,GOOD,SYNTHETIC_ML_DATASET,NORMAL,0
BRT,BRT_PRESS_001,2026-03-01T07:12:00+00:00,984.9021783433269,hPa,GOOD,SYNTHETIC_ML_DATASET,NORMAL,0
BRT,BRT_TEMP_001,2026-03-01T07:12:00+00:00,-10.318890193047388,C,GOOD,SYNTHETIC_ML_DATASET,NORMAL,0
BRT,BRT_VIB_001,2026-03-01T07:12:00+00:00,0.7197447011927853,mm/s,GOOD,SYNTHETIC_ML_DATASET,NORMAL,0
BRT,BRT_HUM_001,2026-03-01T07:13:00+00:00,60.3717978407425,%,GOOD,SYNTHETIC_ML_DATASET,NORMAL,0
BRT,BRT_POWER_001,2026-03-01T07:13:00+00:00,43.0057355207293,kW,GOOD,SYNTHETIC_ML_DATASET,NORMAL,0
BRT,BRT_PRESS_001,2026-03-01T07:13:00+00:00,985.0087513824785,hPa,GOOD,SYNTHETIC_ML_DATASET,NORMAL,0
BRT,BRT_TEMP_001,2026-03-01T07:13:00+00:00,-10.438471256382218,C,GOOD,SYNTHETIC_ML_DATASET,NORMAL,0
BRT,BRT_VIB_001,2026-03-01T07:13:00+00:00,0.7382630674524194,mm/s,GOOD,SYNTHETIC_ML_DATASET,NORMAL,0
BRT,BRT_HUM_001,2026-03-01T07:14:00+00:00,60.99832685243524,%,GOOD,SYNTHETIC_ML_DATASET,NORMAL,0
BRT,BRT_POWER_001,2026-03-01T07:14:00+00:00,42.85673625219301,kW,GOOD,SYNTHETIC_ML_DATASET,NORMAL,0
BRT,BRT_PRESS_001,2026-03-01T07:14:00+00:00,985.1140013977421,hPa,GOOD,SYNTHETIC_ML_DATASET,NORMAL,0
BRT,BRT_TEMP_001,2026-03-01T07:14:00+00:00,-10.44541948238347,C,GOOD,SYNTHETIC_ML_DATASET,NORMAL,0
BRT,BRT_VIB_001,2026-03-01T07:14:00+00:00,0.7361741770290356,mm/s,GOOD,SYNTHETIC_ML_DATASET,NORMAL,0
BRT,BRT_HUM_001,2026-03-01T07:15:00+00:00,60.37159539741239,%,GOOD,SYNTHETIC_ML_DATASET,NORMAL,0
BRT,BRT_POWER_001,2026-03-01T07:15:00+00:00,42.91846046932814,kW,GOOD,SYNTHETIC_ML_DATASET,NORMAL,0
BRT,BRT_PRESS_001,2026-03-01T07:15:00+00:00,984.9715057416648,hPa,GOOD,SYNTHETIC_ML_DATASET,NORMAL,0
BRT,BRT_TEMP_001,2026-03-01T07:15:00+00:00,-10.640088389283314,C,GOOD,SYNTHETIC_ML_DATASET,NORMAL,0
BRT,BRT_VIB_001,2026-03-01T07:15:00+00:00,0.7179259965463454,mm/s,GOOD,SYNTHETIC_ML_DATASET,NORMAL,0
BRT,BRT_HUM_001,2026-03-01T07:16:00+00:00,60.21412599346966,%,GOOD,SYNTHETIC_ML_DATASET,NORMAL,0
BRT,BRT_POWER_001,2026-03-01T07:16:00+00:00,42.80090866827553,kW,GOOD,SYNTHETIC_ML_DATASET,NORMAL,0
BRT,BRT_PRESS_001,2026-03-01T07:16:00+00:00,984.8881825924624,hPa,GOOD,SYNTHETIC_ML_DATASET,NORMAL,0
BRT,BRT_TEMP_001,2026-03-01T07:16:00+00:00,-10.753340798779703,C,GOOD,SYNTHETIC_ML_DATASET,NORMAL,0
BRT,BRT_VIB_001,2026-03-01T07:16:00+00:00,0.6984557288596507,mm/s,GOOD,SYNTHETIC_ML_DATASET,NORMAL,0
BRT,BRT_HUM_001,2026-03-01T07:17:00+00:00,59.603071431663544,%,GOOD,SYNTHETIC_ML_DATASET,NORMAL,0
BRT,BRT_POWER_001,2026-03-01T07:17:00+00:00,42.650809400766285,kW,GOOD,SYNTHETIC_ML_DATASET,NORMAL,0
BRT,BRT_PRESS_001,2026-03-01T07:17:00+00:00,984.9211061541989,hPa,GOOD,SYNTHETIC_ML_DATASET,NORMAL,0
BRT,BRT_TEMP_001,2026-03-01T07:17:00+00:00,-10.780036075665363,C,GOOD,SYNTHETIC_ML_DATASET,NORMAL,0
BRT,BRT_VIB_001,2026-03-01T07:17:00+00:00,0.7345581794444628,mm/s,GOOD,SYNTHETIC_ML_DATASET,NORMAL,0
BRT,BRT_HUM_001,2026-03-01T07:18:00+00:00,59.99083327997232,%,GOOD,SYNTHETIC_ML_DATASET,NORMAL,0
BRT,BRT_POWER_001,2026-03-01T07:18:00+00:00,41.96514615465707,kW,GOOD,SYNTHETIC_ML_DATASET,NORMAL,0
BRT,BRT_PRESS_001,2026-03-01T07:18:00+00:00,984.8467307379033,hPa,GOOD,SYNTHETIC_ML_DATASET,NORMAL,0
BRT,BRT_TEMP_001,2026-03-01T07:18:00+00:00,-10.820224255446217,C,GOOD,SYNTHETIC_ML_DATASET,NORMAL,0
BRT,BRT_VIB_001,2026-03-01T07:18:00+00:00,0.6886396625240722,mm/s,GOOD,SYNTHETIC_ML_DATASET,NORMAL,0
BRT,BRT_HUM_001,2026-03-01T07:19:00+00:00,59.228483856449024,%,GOOD,SYNTHETIC_ML_DATASET,NORMAL,0
BRT,BRT_POWER_001,2026-03-01T07:19:00+00:00,42.074033925816366,kW,GOOD,SYNTHETIC_ML_DATASET,NORMAL,0
BRT,BRT_PRESS_001,2026-03-01T07:19:00+00:00,984.7966127566492,hPa,GOOD,SYNTHETIC_ML_DATASET,NORMAL,0
BRT,BRT_TEMP_001,2026-03-01T07:19:00+00:00,-10.950490030340857,C,GOOD,SYNTHETIC_ML_DATASET,NORMAL,0
BRT,BRT_VIB_001,2026-03-01T07:19:00+00:00,0.6874299779505145,mm/s,GOOD,SYNTHETIC_ML_DATASET,NORMAL,0
BRT,BRT_HUM_001,2026-03-01T07:20:00+00:00,59.27796460974559,%,GOOD,SYNTHETIC_ML_DATASET,NORMAL,0
BRT,BRT_POWER_001,2026-03-01T07:20:00+00:00,42.08723613107667,kW,GOOD,SYNTHETIC_ML_DATASET,NORMAL,0
BRT,BRT_PRESS_001,2026-03-01T07:20:00+00:00,984.6555635808672,hPa,GOOD,SYNTHETIC_ML_DATASET,NORMAL,0
BRT,BRT_TEMP_001,2026-03-01T07:20:00+00:00,-11.002348281596896,C,GOOD,SYNTHETIC_ML_DATASET,NORMAL,0
BRT,BRT_VIB_001,2026-03-01T07:20:00+00:00,0.6499475185863143,mm/s,GOOD,SYNTHETIC_ML_DATASET,NORMAL,0
BRT,BRT_HUM_001,2026-03-01T07:21:00+00:00,58.6702136371025,%,GOOD,SYNTHETIC_ML_DATASET,NORMAL,0
BRT,BRT_POWER_001,2026-03-01T07:21:00+00:00,42.360101784047124,kW,GOOD,SYNTHETIC_ML_DATASET,NORMAL,0
BRT,BRT_PRESS_001,2026-03-01T07:21:00+00:00,984.5421241147382,hPa,GOOD,SYNTHETIC_ML_DATASET,NORMAL,0
BRT,BRT_TEMP_001,2026-03-01T07:21:00+00:00,-10.973899911257979,C,GOOD,SYNTHETIC_ML_DATASET,NORMAL,0
BRT,BRT_VIB_001,2026-03-01T07:21:00+00:00,0.6565806653735982,mm/s,GOOD,SYNTHETIC_ML_DATASET,NORMAL,0
BRT,BRT_HUM_001,2026-03-01T07:22:00+00:00,58.124863037507396,%,GOOD,SYNTHETIC_ML_DATASET,NORMAL,0
BRT,BRT_POWER_001,2026-03-01T07:22:00+00:00,41.03930352333171,kW,GOOD,SYNTHETIC_ML_DATASET,NORMAL,0
BRT,BRT_PRESS_001,2026-03-01T07:22:00+00:00,984.6324334440745,hPa,GOOD,SYNTHETIC_ML_DATASET,NORMAL,0
BRT,BRT_TEMP_001,2026-03-01T07:22:00+00:00,-11.159159809253277,C,GOOD,SYNTHETIC_ML_DATASET,NORMAL,0
BRT,BRT_VIB_001,2026-03-01T07:22:00+00:00,0.6590682968429703,mm/s,GOOD,SYNTHETIC_ML_DATASET,NORMAL,0
BRT,BRT_HUM_001,2026-03-01T07:23:00+00:00,58.52731013961454,%,GOOD,SYNTHETIC_ML_DATASET,NORMAL,0
BRT,BRT_POWER_001,2026-03-01T07:23:00+00:00,41.73385498005756,kW,GOOD,SYNTHETIC_ML_DATASET,NORMAL,0
BRT,BRT_PRESS_001,2026-03-01T07:23:00+00:00,984.4121032466362,hPa,GOOD,SYNTHETIC_ML_DATASET,NORMAL,0
BRT,BRT_TEMP_001,2026-03-01T07:23:00+00:00,-10.9151410986666,C,GOOD,SYNTHETIC_ML_DATASET,NORMAL,0
BRT,BRT_VIB_001,2026-03-01T07:23:00+00:00,0.660696463538477,mm/s,GOOD,SYNTHETIC_ML_DATASET,NORMAL,0
BRT,BRT_HUM_001,2026-03-01T07:24:00+00:00,58.15148669135266,%,GOOD,SYNTHETIC_ML_DATASET,NORMAL,0
BRT,BRT_POWER_001,2026-03-01T07:24:00+00:00,41.55749766739209,kW,GOOD,SYNTHETIC_ML_DATASET,NORMAL,0
BRT,BRT_PRESS_001,2026-03-01T07:24:00+00:00,984.4248491331562,hPa,GOOD,SYNTHETIC_ML_DATASET,NORMAL,0
BRT,BRT_TEMP_001,2026-03-01T07:24:00+00:00,-11.004808894520885,C,GOOD,SYNTHETIC_ML_DATASET,NORMAL,0
BRT,BRT_VIB_001,2026-03-01T07:24:00+00:00,0.6813056703266369,mm/s,GOOD,SYNTHETIC_ML_DATASET,NORMAL,0
BRT,BRT_HUM_001,2026-03-01T07:25:00+00:00,57.66410430754563,%,GOOD,SYNTHETIC_ML_DATASET,NORMAL,0
BRT,BRT_POWER_001,2026-03-01T07:25:00+00:00,41.35854873968406,kW,GOOD,SYNTHETIC_ML_DATASET,NORMAL,0
BRT,BRT_PRESS_001,2026-03-01T07:25:00+00:00,984.3081135871024,hPa,GOOD,SYNTHETIC_ML_DATASET,NORMAL,0
BRT,BRT_TEMP_001,2026-03-01T07:25:00+00:00,-11.020089998152153,C,GOOD,SYNTHETIC_ML_DATASET,NORMAL,0
BRT,BRT_VIB_001,2026-03-01T07:25:00+00:00,0.6749121223232943,mm/s,GOOD,SYNTHETIC_ML_DATASET,NORMAL,0
BRT,BRT_HUM_001,2026-03-01T07:26:00+00:00,58.11618381810903,%,GOOD,SYNTHETIC_ML_DATASET,NORMAL,0
BRT,BRT_POWER_001,2026-03-01T07:26:00+00:00,41.59170959790078,kW,GOOD,SYNTHETIC_ML_DATASET,NORMAL,0
BRT,BRT_PRESS_001,2026-03-01T07:26:00+00:00,984.5029971110428,hPa,GOOD,SYNTHETIC_ML_DATASET,NORMAL,0
BRT,BRT_TEMP_001,2026-03-01T07:26:00+00:00,-11.290354960335499,C,GOOD,SYNTHETIC_ML_DATASET,NORMAL,0
BRT,BRT_VIB_001,2026-03-01T07:26:00+00:00,0.6447601109604347,mm/s,GOOD,SYNTHETIC_ML_DATASET,NORMAL,0
BRT,BRT_HUM_001,2026-03-01T07:27:00+00:00,58.38888456726397,%,GOOD,SYNTHETIC_ML_DATASET,NORMAL,0
BRT,BRT_POWER_001,2026-03-01T07:27:00+00:00,40.75192767495518,kW,GOOD,SYNTHETIC_ML_DATASET,NORMAL,0
BRT,BRT_PRESS_001,2026-03-01T07:27:00+00:00,984.3109641932238,hPa,GOOD,SYNTHETIC_ML_DATASET,NORMAL,0
BRT,BRT_TEMP_001,2026-03-01T07:27:00+00:00,-11.392662898263515,C,GOOD,SYNTHETIC_ML_DATASET,NORMAL,0
BRT,BRT_VIB_001,2026-03-01T07:27:00+00:00,0.6804983980095617,mm/s,GOOD,SYNTHETIC_ML_DATASET,NORMAL,0
BRT,BRT_HUM_001,2026-03-01T07:28:00+00:00,58.789952064442076,%,GOOD,SYNTHETIC_ML_DATASET,NORMAL,0
BRT,BRT_POWER_001,2026-03-01T07:28:00+00:00,40.64615795140692,kW,GOOD,SYNTHETIC_ML_DATASET,NORMAL,0
BRT,BRT_PRESS_001,2026-03-01T07:28:00+00:00,984.2728352689835,hPa,GOOD,SYNTHETIC_ML_DATASET,NORMAL,0
BRT,BRT_TEMP_001,2026-03-01T07:28:00+00:00,-11.220469542844292,C,GOOD,SYNTHETIC_ML_DATASET,NORMAL,0
BRT,BRT_VIB_001,2026-03-01T07:28:00+00:00,0.6962235841253437,mm/s,GOOD,SYNTHETIC_ML_DATASET,NORMAL,0
BRT,BRT_HUM_001,2026-03-01T07:29:00+00:00,58.715078383350516,%,GOOD,SYNTHETIC_ML_DATASET,NORMAL,0
BRT,BRT_POWER_001,2026-03-01T07:29:00+00:00,40.05135773120666,kW,GOOD,SYNTHETIC_ML_DATASET,NORMAL,0
BRT,BRT_PRESS_001,2026-03-01T07:29:00+00:00,984.3000010878947,hPa,GOOD,SYNTHETIC_ML_DATASET,NORMAL,0
BRT,BRT_TEMP_001,2026-03-01T07:29:00+00:00,-11.24554779152405,C,GOOD,SYNTHETIC_ML_DATASET,NORMAL,0
BRT,BRT_VIB_001,2026-03-01T07:29:00+00:00,0.6900483991481178,mm/s,GOOD,SYNTHETIC_ML_DATASET,NORMAL,0
BRT,BRT_HUM_001,2026-03-01T07:30:00+00:00,58.28605595697513,%,GOOD,SYNTHETIC_ML_DATASET,NORMAL,0
BRT,BRT_POWER_001,2026-03-01T07:30:00+00:00,40.37393901715016,kW,GOOD,SYNTHETIC_ML_DATASET,NORMAL,0
BRT,BRT_PRESS_001,2026-03-01T07:30:00+00:00,984.2300915022972,hPa,GOOD,SYNTHETIC_ML_DATASET,NORMAL,0
BRT,BRT_TEMP_001,2026-03-01T07:30:00+00:00,-11.467730034090417,C,GOOD,SYNTHETIC_ML_DATASET,NORMAL,0
BRT,BRT_VIB_001,2026-03-01T07:30:00+00:00,0.676461392285985,mm/s,GOOD,SYNTHETIC_ML_DATASET,NORMAL,0
BRT,BRT_HUM_001,2026-03-01T07:31:00+00:00,57.95958019918896,%,GOOD,SYNTHETIC_ML_DATASET,NORMAL,0
BRT,BRT_POWER_001,2026-03-01T07:31:00+00:00,40.108282080494625,kW,GOOD,SYNTHETIC_ML_DATASET,NORMAL,0
BRT,BRT_PRESS_001,2026-03-01T07:31:00+00:00,984.1643219851583,hPa,GOOD,SYNTHETIC_ML_DATASET,NORMAL,0
BRT,BRT_TEMP_001,2026-03-01T07:31:00+00:00,-11.487820100402747,C,GOOD,SYNTHETIC_ML_DATASET,NORMAL,0
BRT,BRT_VIB_001,2026-03-01T07:31:00+00:00,0.6800938268612052,mm/s,GOOD,SYNTHETIC_ML_DATASET,NORMAL,0
BRT,BRT_HUM_001,2026-03-01T07:32:00+00:00,58.68909072593566,%,GOOD,SYNTHETIC_ML_DATASET,NORMAL,0
BRT,BRT_POWER_001,2026-03-01T07:32:00+00:00,39.837147306480816,kW,GOOD,SYNTHETIC_ML_DATASET,NORMAL,0
BRT,BRT_PRESS_001,2026-03-01T07:32:00+00:00,984.2193578728229,hPa,GOOD,SYNTHETIC_ML_DATASET,NORMAL,0
BRT,BRT_TEMP_001,2026-03-01T07:32:00+00:00,-11.273665009665507,C,GOOD,SYNTHETIC_ML_DATASET,NORMAL,0
BRT,BRT_VIB_001,2026-03-01T07:32:00+00:00,0.7010832556864743,mm/s,GOOD,SYNTHETIC_ML_DATASET,NORMAL,0
BRT,BRT_HUM_001,2026-03-01T07:33:00+00:00,58.10403777760433,%,GOOD,SYNTHETIC_ML_DATASET,NORMAL,0
BRT,BRT_POWER_001,2026-03-01T07:33:00+00:00,40.474201293955836,kW,GOOD,SYNTHETIC_ML_DATASET,NORMAL,0
BRT,BRT_PRESS_001,2026-03-01T07:33:00+00:00,983.958818754645,hPa,GOOD,SYNTHETIC_ML_DATASET,NORMAL,0
BRT,BRT_TEMP_001,2026-03-01T07:33:00+00:00,-11.299099512350505,C,GOOD,SYNTHETIC_ML_DATASET,NORMAL,0
BRT,BRT_VIB_001,2026-03-01T07:33:00+00:00,0.690818283065339,mm/s,GOOD,SYNTHETIC_ML_DATASET,NORMAL,0
BRT,BRT_HUM_001,2026-03-01T07:34:00+00:00,57.305825014155886,%,GOOD,SYNTHETIC_ML_DATASET,NORMAL,0
BRT,BRT_POWER_001,2026-03-01T07:34:00+00:00,39.504003932592674,kW,GOOD,SYNTHETIC_ML_DATASET,NORMAL,0
BRT,BRT_PRESS_001,2026-03-01T07:34:00+00:00,984.1036579126867,hPa,GOOD,SYNTHETIC_ML_DATASET,NORMAL,0
BRT,BRT_TEMP_001,2026-03-01T07:34:00+00:00,-11.333710053055249,C,GOOD,SYNTHETIC_ML_DATASET,NORMAL,0
BRT,BRT_VIB_001,2026-03-01T07:34:00+00:00,0.680432404817204,mm/s,GOOD,SYNTHETIC_ML_DATASET,NORMAL,0
BRT,BRT_HUM_001,2026-03-01T07:35:00+00:00,57.73955902338317,%,GOOD,SYNTHETIC_ML_DATASET,NORMAL,0
BRT,BRT_POWER_001,2026-03-01T07:35:00+00:00,40.246426260941895,kW,GOOD,SYNTHETIC_ML_DATASET,NORMAL,0
BRT,BRT_PRESS_001,2026-03-01T07:35:00+00:00,984.0404437544906,hPa,GOOD,SYNTHETIC_ML_DATASET,NORMAL,0
BRT,BRT_TEMP_001,2026-03-01T07:35:00+00:00,-11.349807247716262,C,GOOD,SYNTHETIC_ML_DATASET,NORMAL,0
BRT,BRT_VIB_001,2026-03-01T07:35:00+00:00,0.6831888354393987,mm/s,GOOD,SYNTHETIC_ML_DATASET,NORMAL,0
BRT,BRT_HUM_001,2026-03-01T07:36:00+00:00,57.37736467098127,%,GOOD,SYNTHETIC_ML_DATASET,NORMAL,0
BRT,BRT_POWER_001,2026-03-01T07:36:00+00:00,39.747108411025906,kW,GOOD,SYNTHETIC_ML_DATASET,NORMAL,0
BRT,BRT_PRESS_001,2026-03-01T07:36:00+00:00,984.1969951202719,hPa,GOOD,SYNTHETIC_ML_DATASET,NORMAL,0
BRT,BRT_TEMP_001,2026-03-01T07:36:00+00:00,-11.236575780874544,C,GOOD,SYNTHETIC_ML_DATASET,NORMAL,0
BRT,BRT_VIB_001,2026-03-01T07:36:00+00:00,0.6743839643364562,mm/s,GOOD,SYNTHETIC_ML_DATASET,NORMAL,0
BRT,BRT_HUM_001,2026-03-01T07:37:00+00:00,56.287275696619886,%,GOOD,SYNTHETIC_ML_DATASET,NORMAL,0
BRT,BRT_POWER_001,2026-03-01T07:37:00+00:00,39.67097051616103,kW,GOOD,SYNTHETIC_ML_DATASET,NORMAL,0
BRT,BRT_PRESS_001,2026-03-01T07:37:00+00:00,984.1485767451691,hPa,GOOD,SYNTHETIC_ML_DATASET,NORMAL,0
BRT,BRT_TEMP_001,2026-03-01T07:37:00+00:00,-11.569998405756852,C,GOOD,SYNTHETIC_ML_DATASET,NORMAL,0
BRT,BRT_VIB_001,2026-03-01T07:37:00+00:00,0.6508703666423671,mm/s,GOOD,SYNTHETIC_ML_DATASET,NORMAL,0
BRT,BRT_HUM_001,2026-03-01T07:38:00+00:00,57.28942394146172,%,GOOD,SYNTHETIC_ML_DATASET,NORMAL,0
BRT,BRT_POWER_001,2026-03-01T07:38:00+00:00,39.016471282967906,kW,GOOD,SYNTHETIC_ML_DATASET,NORMAL,0
BRT,BRT_PRESS_001,2026-03-01T07:38:00+00:00,983.9279040564345,hPa,GOOD,SYNTHETIC_ML_DATASET,NORMAL,0
BRT,BRT_TEMP_001,2026-03-01T07:38:00+00:00,-11.749067330693562,C,GOOD,SYNTHETIC_ML_DATASET,NORMAL,0
BRT,BRT_VIB_001,2026-03-01T07:38:00+00:00,0.6788567500825126,mm/s,GOOD,SYNTHETIC_ML_DATASET,NORMAL,0
BRT,BRT_HUM_001,2026-03-01T07:39:00+00:00,57.252268470100006,%,GOOD,SYNTHETIC_ML_DATASET,NORMAL,0
BRT,BRT_POWER_001,2026-03-01T07:39:00+00:00,39.04763271336615,kW,GOOD,SYNTHETIC_ML_DATASET,NORMAL,0
BRT,BRT_PRESS_001,2026-03-01T07:39:00+00:00,983.66494420768,hPa,GOOD,SYNTHETIC_ML_DATASET,NORMAL,0
BRT,BRT_TEMP_001,2026-03-01T07:39:00+00:00,-11.83947616748173,C,GOOD,SYNTHETIC_ML_DATASET,NORMAL,0
BRT,BRT_VIB_001,2026-03-01T07:39:00+00:00,0.6517539597644958,mm/s,GOOD,SYNTHETIC_ML_DATASET,NORMAL,0
BRT,BRT_HUM_001,2026-03-01T07:40:00+00:00,57.732626377994855,%,GOOD,SYNTHETIC_ML_DATASET,NORMAL,0
BRT,BRT_POWER_001,2026-03-01T07:40:00+00:00,39.2568183876905,kW,GOOD,SYNTHETIC_ML_DATASET,NORMAL,0
BRT,BRT_PRESS_001,2026-03-01T07:40:00+00:00,983.8168100011741,hPa,GOOD,SYNTHETIC_ML_DATASET,NORMAL,0
BRT,BRT_TEMP_001,2026-03-01T07:40:00+00:00,-11.819401293881834,C,GOOD,SYNTHETIC_ML_DATASET,NORMAL,0
BRT,BRT_VIB_001,2026-03-01T07:40:00+00:00,0.6835427702362207,mm/s,GOOD,SYNTHETIC_ML_DATASET,NORMAL,0
BRT,BRT_HUM_001,2026-03-01T07:41:00+00:00,57.878463968610674,%,GOOD,SYNTHETIC_ML_DATASET,NORMAL,0
BRT,BRT_POWER_001,2026-03-01T07:41:00+00:00,39.23378594379913,kW,GOOD,SYNTHETIC_ML_DATASET,NORMAL,0
BRT,BRT_PRESS_001,2026-03-01T07:41:00+00:00,983.7390795746502,hPa,GOOD,SYNTHETIC_ML_DATASET,NORMAL,0
BRT,BRT_TEMP_001,2026-03-01T07:41:00+00:00,-11.981195302476333,C,GOOD,SYNTHETIC_ML_DATASET,NORMAL,0
BRT,BRT_VIB_001,2026-03-01T07:41:00+00:00,0.6733186040448751,mm/s,GOOD,SYNTHETIC_ML_DATASET,NORMAL,0
BRT,BRT_HUM_001,2026-03-01T07:42:00+00:00,55.81071788491334,%,GOOD,SYNTHETIC_ML_DATASET,NORMAL,0
BRT,BRT_POWER_001,2026-03-01T07:42:00+00:00,38.50457066604257,kW,GOOD,SYNTHETIC_ML_DATASET,NORMAL,0
BRT,BRT_PRESS_001,2026-03-01T07:42:00+00:00,983.6530323785543,hPa,GOOD,SYNTHETIC_ML_DATASET,NORMAL,0
BRT,BRT_TEMP_001,2026-03-01T07:42:00+00:00,-12.080844295049278,C,GOOD,SYNTHETIC_ML_DATASET,NORMAL,0
BRT,BRT_VIB_001,2026-03-01T07:42:00+00:00,0.6795621666071417,mm/s,GOOD,SYNTHETIC_ML_DATASET,NORMAL,0
BRT,BRT_HUM_001,2026-03-01T07:43:00+00:00,56.95364199265607,%,GOOD,SYNTHETIC_ML_DATASET,NORMAL,0
BRT,BRT_POWER_001,2026-03-01T07:43:00+00:00,38.83189200805501,kW,GOOD,SYNTHETIC_ML_DATASET,NORMAL,0
BRT,BRT_PRESS_001,2026-03-01T07:43:00+00:00,983.7276097221625,hPa,GOOD,SYNTHETIC_ML_DATASET,NORMAL,0
BRT,BRT_TEMP_001,2026-03-01T07:43:00+00:00,-12.446999135569616,C,GOOD,SYNTHETIC_ML_DATASET,NORMAL,0
BRT,BRT_VIB_001,2026-03-01T07:43:00+00:00,0.6664743834277735,mm/s,GOOD,SYNTHETIC_ML_DATASET,NORMAL,0
BRT,BRT_HUM_001,2026-03-01T07:44:00+00:00,56.62082050593734,%,GOOD,SYNTHETIC_ML_DATASET,NORMAL,0
BRT,BRT_POWER_001,2026-03-01T07:44:00+00:00,39.752462406824954,kW,GOOD,SYNTHETIC_ML_DATASET,NORMAL,0
BRT,BRT_PRESS_001,2026-03-01T07:44:00+00:00,983.6577069350991,hPa,GOOD,SYNTHETIC_ML_DATASET,NORMAL,0
BRT,BRT_TEMP_001,2026-03-01T07:44:00+00:00,-12.553079666377828,C,GOOD,SYNTHETIC_ML_DATASET,NORMAL,0
BRT,BRT_VIB_001,2026-03-01T07:44:00+00:00,0.6670545963808315,mm/s,GOOD,SYNTHETIC_ML_DATASET,NORMAL,0
BRT,BRT_HUM_001,2026-03-01T07:45:00+00:00,56.91244786031226,%,GOOD,SYNTHETIC_ML_DATASET,NORMAL,0
BRT,BRT_POWER_001,2026-03-01T07:45:00+00:00,39.5493193609951,kW,GOOD,SYNTHETIC_ML_DATASET,NORMAL,0
BRT,BRT_PRESS_001,2026-03-01T07:45:00+00:00,983.6933849395323,hPa,GOOD,SYNTHETIC_ML_DATASET,NORMAL,0
BRT,BRT_TEMP_001,2026-03-01T07:45:00+00:00,-12.650012837927793,C,GOOD,SYNTHETIC_ML_DATASET,NORMAL,0
BRT,BRT_VIB_001,2026-03-01T07:45:00+00:00,0.6740317351579701,mm/s,GOOD,SYNTHETIC_ML_DATASET,NORMAL,0
BRT,BRT_HUM_001,2026-03-01T07:46:00+00:00,56.20280014144206,%,GOOD,SYNTHETIC_ML_DATASET,NORMAL,0
BRT,BRT_POWER_001,2026-03-01T07:46:00+00:00,39.53535597167973,kW,GOOD,SYNTHETIC_ML_DATASET,NORMAL,0
BRT,BRT_PRESS_001,2026-03-01T07:46:00+00:00,983.5698875736865,hPa,GOOD,SYNTHETIC_ML_DATASET,NORMAL,0
BRT,BRT_TEMP_001,2026-03-01T07:46:00+00:00,-12.686256058917099,C,GOOD,SYNTHETIC_ML_DATASET,NORMAL,0
BRT,BRT_VIB_001,2026-03-01T07:46:00+00:00,0.6692532492916804,mm/s,GOOD,SYNTHETIC_ML_DATASET,NORMAL,0
BRT,BRT_HUM_001,2026-03-01T07:47:00+00:00,55.44916624214891,%,GOOD,SYNTHETIC_ML_DATASET,NORMAL,0
BRT,BRT_POWER_001,2026-03-01T07:47:00+00:00,39.353020612066544,kW,GOOD,SYNTHETIC_ML_DATASET,NORMAL,0
BRT,BRT_PRESS_001,2026-03-01T07:47:00+00:00,983.4722300221848,hPa,GOOD,SYNTHETIC_ML_DATASET,NORMAL,0
BRT,BRT_TEMP_001,2026-03-01T07:47:00+00:00,-12.36162782598049,C,GOOD,SYNTHETIC_ML_DATASET,NORMAL,0
BRT,BRT_VIB_001,2026-03-01T07:47:00+00:00,0.7099874514916503,mm/s,GOOD,SYNTHETIC_ML_DATASET,NORMAL,0
BRT,BRT_HUM_001,2026-03-01T07:48:00+00:00,56.13214649143359,%,GOOD,SYNTHETIC_ML_DATASET,NORMAL,0
BRT,BRT_POWER_001,2026-03-01T07:48:00+00:00,38.93126983088532,kW,GOOD,SYNTHETIC_ML_DATASET,NORMAL,0
BRT,BRT_PRESS_001,2026-03-01T07:48:00+00:00,983.4225491087424,hPa,GOOD,SYNTHETIC_ML_DATASET,NORMAL,0
BRT,BRT_TEMP_001,2026-03-01T07:48:00+00:00,-12.377950672817875,C,GOOD,SYNTHETIC_ML_DATASET,NORMAL,0
BRT,BRT_VIB_001,2026-03-01T07:48:00+00:00,0.6959258584663168,mm/s,GOOD,SYNTHETIC_ML_DATASET,NORMAL,0
BRT,BRT_HUM_001,2026-03-01T07:49:00+00:00,55.35854529615408,%,GOOD,SYNTHETIC_ML_DATASET,NORMAL,0
BRT,BRT_POWER_001,2026-03-01T07:49:00+00:00,38.62217474332287,kW,GOOD,SYNTHETIC_ML_DATASET,NORMAL,0
BRT,BRT_PRESS_001,2026-03-01T07:49:00+00:00,983.3224730915301,hPa,GOOD,SYNTHETIC_ML_DATASET,NORMAL,0
BRT,BRT_TEMP_001,2026-03-01T07:49:00+00:00,-12.590656498820016,C,GOOD,SYNTHETIC_ML_DATASET,NORMAL,0
BRT,BRT_VIB_001,2026-03-01T07:49:00+00:00,0.6937340193047491,mm/s,GOOD,SYNTHETIC_ML_DATASET,NORMAL,0
BRT,BRT_HUM_001,2026-03-01T07:50:00+00:00,54.70813721147211,%,GOOD,SYNTHETIC_ML_DATASET,NORMAL,0
BRT,BRT_POWER_001,2026-03-01T07:50:00+00:00,39.02650909039712,kW,GOOD,SYNTHETIC_ML_DATASET,NORMAL,0
BRT,BRT_PRESS_001,2026-03-01T07:50:00+00:00,983.2226324924848,hPa,GOOD,SYNTHETIC_ML_DATASET,NORMAL,0
BRT,BRT_TEMP_001,2026-03-01T07:50:00+00:00,-12.657179268656797,C,GOOD,SYNTHETIC_ML_DATASET,NORMAL,0
BRT,BRT_VIB_001,2026-03-01T07:50:00+00:00,0.7046951944853888,mm/s,GOOD,SYNTHETIC_ML_DATASET,NORMAL,0
BRT,BRT_HUM_001,2026-03-01T07:51:00+00:00,55.59489547985102,%,GOOD,SYNTHETIC_ML_DATASET,NORMAL,0
BRT,BRT_POWER_001,2026-03-01T07:51:00+00:00,38.590027883761685,kW,GOOD,SYNTHETIC_ML_DATASET,NORMAL,0
BRT,BRT_PRESS_001,2026-03-01T07:51:00+00:00,983.1903823823856,hPa,GOOD,SYNTHETIC_ML_DATASET,NORMAL,0
BRT,BRT_TEMP_001,2026-03-01T07:51:00+00:00,-12.74194758553219,C,GOOD,SYNTHETIC_ML_DATASET,NORMAL,0
BRT,BRT_VIB_001,2026-03-01T07:51:00+00:00,0.6883611656876629,mm/s,GOOD,SYNTHETIC_ML_DATASET,NORMAL,0
BRT,BRT_HUM_001,2026-03-01T07:52:00+00:00,54.80343678959948,%,GOOD,SYNTHETIC_ML_DATASET,NORMAL,0
BRT,BRT_POWER_001,2026-03-01T07:52:00+00:00,38.532620289799766,kW,GOOD,SYNTHETIC_ML_DATASET,NORMAL,0
BRT,BRT_PRESS_001,2026-03-01T07:52:00+00:00,983.2108639558775,hPa,GOOD,SYNTHETIC_ML_DATASET,NORMAL,0
BRT,BRT_TEMP_001,2026-03-01T07:52:00+00:00,-12.735147834451956,C,GOOD,SYNTHETIC_ML_DATASET,NORMAL,0
BRT,BRT_VIB_001,2026-03-01T07:52:00+00:00,0.7002999275715995,mm/s,GOOD,SYNTHETIC_ML_DATASET,NORMAL,0
BRT,BRT_HUM_001,2026-03-01T07:53:00+00:00,53.92687151291678,%,GOOD,SYNTHETIC_ML_DATASET,NORMAL,0
BRT,BRT_POWER_001,2026-03-01T07:53:00+00:00,38.44777231091867,kW,GOOD,SYNTHETIC_ML_DATASET,NORMAL,0
BRT,BRT_PRESS_001,2026-03-01T07:53:00+00:00,983.2018386297692,hPa,GOOD,SYNTHETIC_ML_DATASET,NORMAL,0
BRT,BRT_TEMP_001,2026-03-01T07:53:00+00:00,-12.734882943214798,C,GOOD,SYNTHETIC_ML_DATASET,NORMAL,0
BRT,BRT_VIB_001,2026-03-01T07:53:00+00:00,0.6728768412967393,mm/s,GOOD,SYNTHETIC_ML_DATASET,NORMAL,0
BRT,BRT_HUM_001,2026-03-01T07:54:00+00:00,54.33344648886341,%,GOOD,SYNTHETIC_ML_DATASET,NORMAL,0
BRT,BRT_POWER_001,2026-03-01T07:54:00+00:00,37.708794333305704,kW,GOOD,SYNTHETIC_ML_DATASET,NORMAL,0
BRT,BRT_PRESS_001,2026-03-01T07:54:00+00:00,983.1775019736788,hPa,GOOD,SYNTHETIC_ML_DATASET,NORMAL,0
BRT,BRT_TEMP_001,2026-03-01T07:54:00+00:00,-12.87732944820434,C,GOOD,SYNTHETIC_ML_DATASET,NORMAL,0
BRT,BRT_VIB_001,2026-03-01T07:54:00+00:00,0.6729773359047085,mm/s,GOOD,SYNTHETIC_ML_DATASET,NORMAL,0
BRT,BRT_HUM_001,2026-03-01T07:55:00+00:00,54.19105316627315,%,GOOD,SYNTHETIC_ML_DATASET,NORMAL,0
BRT,BRT_POWER_001,2026-03-01T07:55:00+00:00,37.651923433130406,kW,GOOD,SYNTHETIC_ML_DATASET,NORMAL,0
BRT,BRT_PRESS_001,2026-03-01T07:55:00+00:00,983.1277153698093,hPa,GOOD,SYNTHETIC_ML_DATASET,NORMAL,0
BRT,BRT_TEMP_001,2026-03-01T07:55:00+00:00,-12.855533936980859,C,GOOD,SYNTHETIC_ML_DATASET,NORMAL,0
BRT,BRT_VIB_001,2026-03-01T07:55:00+00:00,0.6612093662448723,mm/s,GOOD,SYNTHETIC_ML_DATASET,NORMAL,0
BRT,BRT_HUM_001,2026-03-01T07:56:00+00:00,54.578392986959,%,GOOD,SYNTHETIC_ML_DATASET,NORMAL,0
BRT,BRT_POWER_001,2026-03-01T07:56:00+00:00,37.17319261963745,kW,GOOD,SYNTHETIC_ML_DATASET,NORMAL,0
BRT,BRT_PRESS_001,2026-03-01T07:56:00+00:00,983.2256917962814,hPa,GOOD,SYNTHETIC_ML_DATASET,NORMAL,0
BRT,BRT_TEMP_001,2026-03-01T07:56:00+00:00,-13.015663835648255,C,GOOD,SYNTHETIC_ML_DATASET,NORMAL,0
BRT,BRT_VIB_001,2026-03-01T07:56:00+00:00,0.6512114956968196,mm/s,GOOD,SYNTHETIC_ML_DATASET,NORMAL,0
BRT,BRT_HUM_001,2026-03-01T07:57:00+00:00,53.98716949088442,%,GOOD,SYNTHETIC_ML_DATASET,NORMAL,0
BRT,BRT_POWER_001,2026-03-01T07:57:00+00:00,36.92982379560514,kW,GOOD,SYNTHETIC_ML_DATASET,NORMAL,0
BRT,BRT_PRESS_001,2026-03-01T07:57:00+00:00,983.3032346607437,hPa,GOOD,SYNTHETIC_ML_DATASET,NORMAL,0
BRT,BRT_TEMP_001,2026-03-01T07:57:00+00:00,-12.933430769400115,C,GOOD,SYNTHETIC_ML_DATASET,NORMAL,0
BRT,BRT_VIB_001,2026-03-01T07:57:00+00:00,0.7070070103713808,mm/s,GOOD,SYNTHETIC_ML_DATASET,NORMAL,0
BRT,BRT_HUM_001,2026-03-01T07:58:00+00:00,53.75841982629956,%,GOOD,SYNTHETIC_ML_DATASET,NORMAL,0
BRT,BRT_POWER_001,2026-03-01T07:58:00+00:00,37.47753859257605,kW,GOOD,SYNTHETIC_ML_DATASET,NORMAL,0
BRT,BRT_PRESS_001,2026-03-01T07:58:00+00:00,983.273335306719,hPa,GOOD,SYNTHETIC_ML_DATASET,NORMAL,0
BRT,BRT_TEMP_001,2026-03-01T07:58:00+00:00,-12.914491798458137,C,GOOD,SYNTHETIC_ML_DATASET,NORMAL,0
BRT,BRT_VIB_001,2026-03-01T07:58:00+00:00,0.686235008655428,mm/s,GOOD,SYNTHETIC_ML_DATASET,NORMAL,0
BRT,BRT_HUM_001,2026-03-01T07:59:00+00:00,53.65091639599191,%,GOOD,SYNTHETIC_ML_DATASET,NORMAL,0
BRT,BRT_POWER_001,2026-03-01T07:59:00+00:00,36.76513637406724,kW,GOOD,SYNTHETIC_ML_DATASET,NORMAL,0
BRT,BRT_PRESS_001,2026-03-01T07:59:00+00:00,983.0450080646939,hPa,GOOD,SYNTHETIC_ML_DATASET,NORMAL,0
BRT,BRT_TEMP_001,2026-03-01T07:59:00+00:00,-12.818776782924322,C,GOOD,SYNTHETIC_ML_DATASET,NORMAL,0
BRT,BRT_VIB_001,2026-03-01T07:59:00+00:00,0.6773751794982534,mm/s,GOOD,SYNTHETIC_ML_DATASET,NORMAL,0
BRT,BRT_HUM_001,2026-03-01T08:00:00+00:00,53.48019427017903,%,GOOD,SYNTHETIC_ML_DATASET,NORMAL,0
BRT,BRT_POWER_001,2026-03-01T08:00:00+00:00,37.0716578149659,kW,GOOD,SYNTHETIC_ML_DATASET,NORMAL,0
BRT,BRT_PRESS_001,2026-03-01T08:00:00+00:00,983.0423354774856,hPa,GOOD,SYNTHETIC_ML_DATASET,NORMAL,0
BRT,BRT_TEMP_001,2026-03-01T08:00:00+00:00,-12.626775718717344,C,GOOD,SYNTHETIC_ML_DATASET,NORMAL,0
BRT,BRT_VIB_001,2026-03-01T08:00:00+00:00,0.6755581053877788,mm/s,GOOD,SYNTHETIC_ML_DATASET,NORMAL,0
BRT,BRT_HUM_001,2026-03-01T08:01:00+00:00,53.644908818132244,%,GOOD,SYNTHETIC_ML_DATASET,NORMAL,0
BRT,BRT_POWER_001,2026-03-01T08:01:00+00:00,36.86199528702613,kW,GOOD,SYNTHETIC_ML_DATASET,NORMAL,0
BRT,BRT_PRESS_001,2026-03-01T08:01:00+00:00,983.1398732591175,hPa,GOOD,SYNTHETIC_ML_DATASET,NORMAL,0
BRT,BRT_TEMP_001,2026-03-01T08:01:00+00:00,-12.823918389144792,C,GOOD,SYNTHETIC_ML_DATASET,NORMAL,0
BRT,BRT_VIB_001,2026-03-01T08:01:00+00:00,0.6561546511031766,mm/s,GOOD,SYNTHETIC_ML_DATASET,NORMAL,0
BRT,BRT_HUM_001,2026-03-01T08:02:00+00:00,53.740975246363455,%,GOOD,SYNTHETIC_ML_DATASET,NORMAL,0
BRT,BRT_POWER_001,2026-03-01T08:02:00+00:00,36.409107662068934,kW,GOOD,SYNTHETIC_ML_DATASET,NORMAL,0
BRT,BRT_PRESS_001,2026-03-01T08:02:00+00:00,983.0545438543621,hPa,GOOD,SYNTHETIC_ML_DATASET,NORMAL,0
BRT,BRT_TEMP_001,2026-03-01T08:02:00+00:00,-12.752835994402707,C,GOOD,SYNTHETIC_ML_DATASET,NORMAL,0
BRT,BRT_VIB_001,2026-03-01T08:02:00+00:00,0.6563224912057745,mm/s,GOOD,SYNTHETIC_ML_DATASET,NORMAL,0
BRT,BRT_HUM_001,2026-03-01T08:03:00+00:00,53.77483014911133,%,GOOD,SYNTHETIC_ML_DATASET,NORMAL,0
BRT,BRT_POWER_001,2026-03-01T08:03:00+00:00,36.38553915431503,kW,GOOD,SYNTHETIC_ML_DATASET,NORMAL,0
BRT,BRT_PRESS_001,2026-03-01T08:03:00+00:00,982.9084378720748,hPa,GOOD,SYNTHETIC_ML_DATASET,NORMAL,0
BRT,BRT_TEMP_001,2026-03-01T08:03:00+00:00,-12.775984772588062,C,GOOD,SYNTHETIC_ML_DATASET,NORMAL,0
BRT,BRT_VIB_001,2026-03-01T08:03:00+00:00,0.6564502522402281,mm/s,GOOD,SYNTHETIC_ML_DATASET,NORMAL,0
BRT,BRT_HUM_001,2026-03-01T08:04:00+00:00,54.23001311284899,%,GOOD,SYNTHETIC_ML_DATASET,NORMAL,0
BRT,BRT_POWER_001,2026-03-01T08:04:00+00:00,36.79115595341804,kW,GOOD,SYNTHETIC_ML_DATASET,NORMAL,0
BRT,BRT_PRESS_001,2026-03-01T08:04:00+00:00,983.0473272856797,hPa,GOOD,SYNTHETIC_ML_DATASET,NORMAL,0
BRT,BRT_TEMP_001,2026-03-01T08:04:00+00:00,-12.839437823622253,C,GOOD,SYNTHETIC_ML_DATASET,NORMAL,0
BRT,BRT_VIB_001,2026-03-01T08:04:00+00:00,0.6679809290175839,mm/s,GOOD,SYNTHETIC_ML_DATASET,NORMAL,0
BRT,BRT_HUM_001,2026-03-01T08:05:00+00:00,54.150611455200114,%,GOOD,SYNTHETIC_ML_DATASET,NORMAL,0
BRT,BRT_POWER_001,2026-03-01T08:05:00+00:00,36.99061822799482,kW,GOOD,SYNTHETIC_ML_DATASET,NORMAL,0
BRT,BRT_PRESS_001,2026-03-01T08:05:00+00:00,982.8693643708436,hPa,GOOD,SYNTHETIC_ML_DATASET,NORMAL,0
BRT,BRT_TEMP_001,2026-03-01T08:05:00+00:00,-12.905544777824597,C,GOOD,SYNTHETIC_ML_DATASET,NORMAL,0
BRT,BRT_VIB_001,2026-03-01T08:05:00+00:00,0.6636111694369285,mm/s,GOOD,SYNTHETIC_ML_DATASET,NORMAL,0
BRT,BRT_HUM_001,2026-03-01T08:06:00+00:00,54.120298509638324,%,GOOD,SYNTHETIC_ML_DATASET,NORMAL,0
BRT,BRT_POWER_001,2026-03-01T08:06:00+00:00,37.3302177194364,kW,GOOD,SYNTHETIC_ML_DATASET,NORMAL,0
BRT,BRT_PRESS_001,2026-03-01T08:06:00+00:00,982.8447735667492,hPa,GOOD,SYNTHETIC_ML_DATASET,NORMAL,0
BRT,BRT_TEMP_001,2026-03-01T08:06:00+00:00,-13.000803560351295,C,GOOD,SYNTHETIC_ML_DATASET,NORMAL,0
BRT,BRT_VIB_001,2026-03-01T08:06:00+00:00,0.6761454983217325,mm/s,GOOD,SYNTHETIC_ML_DATASET,NORMAL,0
BRT,BRT_HUM_001,2026-03-01T08:07:00+00:00,54.12033453311101,%,GOOD,SYNTHETIC_ML_DATASET,NORMAL,0
BRT,BRT_POWER_001,2026-03-01T08:07:00+00:00,37.17368078616922,kW,GOOD,SYNTHETIC_ML_DATASET,NORMAL,0
BRT,BRT_PRESS_001,2026-03-01T08:07:00+00:00,982.9118105282159,hPa,GOOD,SYNTHETIC_ML_DATASET,NORMAL,0
BRT,BRT_TEMP_001,2026-03-01T08:07:00+00:00,-12.922231071022283,C,GOOD,SYNTHETIC_ML_DATASET,NORMAL,0
BRT,BRT_VIB_001,2026-03-01T08:07:00+00:00,0.6593032319080435,mm/s,GOOD,SYNTHETIC_ML_DATASET,NORMAL,0
BRT,BRT_HUM_001,2026-03-01T08:08:00+00:00,53.93548566589359,%,GOOD,SYNTHETIC_ML_DATASET,NORMAL,0
BRT,BRT_POWER_001,2026-03-01T08:08:00+00:00,37.178661636797194,kW,GOOD,SYNTHETIC_ML_DATASET,NORMAL,0
BRT,BRT_PRESS_001,2026-03-01T08:08:00+00:00,982.6726488572673,hPa,GOOD,SYNTHETIC_ML_DATASET,NORMAL,0
BRT,BRT_TEMP_001,2026-03-01T08:08:00+00:00,-12.985806825338603,C,GOOD,SYNTHETIC_ML_DATASET,NORMAL,0
BRT,BRT_VIB_001,2026-03-01T08:08:00+00:00,0.671939699033693,mm/s,GOOD,SYNTHETIC_ML_DATASET,NORMAL,0
BRT,BRT_HUM_001,2026-03-01T08:09:00+00:00,54.445969364542634,%,GOOD,SYNTHETIC_ML_DATASET,NORMAL,0
BRT,BRT_POWER_001,2026-03-01T08:09:00+00:00,36.90609896152563,kW,GOOD,SYNTHETIC_ML_DATASET,NORMAL,0
BRT,BRT_PRESS_001,2026-03-01T08:09:00+00:00,982.8140448570826,hPa,GOOD,SYNTHETIC_ML_DATASET,NORMAL,0
BRT,BRT_TEMP_001,2026-03-01T08:09:00+00:00,-13.101610761404626,C,GOOD,SYNTHETIC_ML_DATASET,NORMAL,0
BRT,BRT_VIB_001,2026-03-01T08:09:00+00:00,0.6553409875089014,mm/s,GOOD,SYNTHETIC_ML_DATASET,NORMAL,0
BRT,BRT_HUM_001,2026-03-01T08:10:00+00:00,54.206322788010496,%,GOOD,SYNTHETIC_ML_DATASET,NORMAL,0
BRT,BRT_POWER_001,2026-03-01T08:10:00+00:00,37.21245976812694,kW,GOOD,SYNTHETIC_ML_DATASET,NORMAL,0
BRT,BRT_PRESS_001,2026-03-01T08:10:00+00:00,982.7694729883926,hPa,GOOD,SYNTHETIC_ML_DATASET,NORMAL,0
BRT,BRT_TEMP_001,2026-03-01T08:10:00+00:00,-12.948499993357864,C,GOOD,SYNTHETIC_ML_DATASET,NORMAL,0
BRT,BRT_VIB_001,2026-03-01T08:10:00+00:00,0.6356341634490627,mm/s,GOOD,SYNTHETIC_ML_DATASET,NORMAL,0
BRT,BRT_HUM_001,2026-03-01T08:11:00+00:00,53.940975631942585,%,GOOD,SYNTHETIC_ML_DATASET,NORMAL,0
BRT,BRT_POWER_001,2026-03-01T08:11:00+00:00,36.9469107701927,kW,GOOD,SYNTHETIC_ML_DATASET,NORMAL,0
BRT,BRT_PRESS_001,2026-03-01T08:11:00+00:00,982.6716873808138,hPa,GOOD,SYNTHETIC_ML_DATASET,NORMAL,0
BRT,BRT_TEMP_001,2026-03-01T08:11:00+00:00,-13.110819111791802,C,GOOD,SYNTHETIC_ML_DATASET,NORMAL,0
BRT,BRT_VIB_001,2026-03-01T08:11:00+00:00,0.6500965740286361,mm/s,GOOD,SYNTHETIC_ML_DATASET,NORMAL,0
BRT,BRT_HUM_001,2026-03-01T08:12:00+00:00,54.43398627659252,%,GOOD,SYNTHETIC_ML_DATASET,NORMAL,0
BRT,BRT_POWER_001,2026-03-01T08:12:00+00:00,36.788451691893954,kW,GOOD,SYNTHETIC_ML_DATASET,NORMAL,0
BRT,BRT_PRESS_001,2026-03-01T08:12:00+00:00,982.6339171162915,hPa,GOOD,SYNTHETIC_ML_DATASET,NORMAL,0
BRT,BRT_TEMP_001,2026-03-01T08:12:00+00:00,-13.020240548475861,C,GOOD,SYNTHETIC_ML_DATASET,NORMAL,0
BRT,BRT_VIB_001,2026-03-01T08:12:00+00:00,0.6140050959504009,mm/s,GOOD,SYNTHETIC_ML_DATASET,NORMAL,0
BRT,BRT_HUM_001,2026-03-01T08:13:00+00:00,53.837566410232554,%,GOOD,SYNTHETIC_ML_DATASET,NORMAL,0
BRT,BRT_POWER_001,2026-03-01T08:13:00+00:00,37.62867740535739,kW,GOOD,SYNTHETIC_ML_DATASET,NORMAL,0
BRT,BRT_PRESS_001,2026-03-01T08:13:00+00:00,982.6317751817112,hPa,GOOD,SYNTHETIC_ML_DATASET,NORMAL,0
BRT,BRT_TEMP_001,2026-03-01T08:13:00+00:00,-13.171110347386739,C,GOOD,SYNTHETIC_ML_DATASET,NORMAL,0
BRT,BRT_VIB_001,2026-03-01T08:13:00+00:00,0.6321216131643741,mm/s,GOOD,SYNTHETIC_ML_DATASET,NORMAL,0
BRT,BRT_HUM_001,2026-03-01T08:14:00+00:00,54.6785049623353,%,GOOD,SYNTHETIC_ML_DATASET,NORMAL,0
BRT,BRT_POWER_001,2026-03-01T08:14:00+00:00,36.903237776987815,kW,GOOD,SYNTHETIC_ML_DATASET,NORMAL,0
BRT,BRT_PRESS_001,2026-03-01T08:14:00+00:00,982.7004281559033,hPa,GOOD,SYNTHETIC_ML_DATASET,NORMAL,0
BRT,BRT_TEMP_001,2026-03-01T08:14:00+00:00,-13.03826546422778,C,GOOD,SYNTHETIC_ML_DATASET,NORMAL,0
BRT,BRT_VIB_001,2026-03-01T08:14:00+00:00,0.6341069169852108,mm/s,GOOD,SYNTHETIC_ML_DATASET,NORMAL,0
BRT,BRT_HUM_001,2026-03-01T08:15:00+00:00,54.454764991294056,%,GOOD,SYNTHETIC_ML_DATASET,NORMAL,0
BRT,BRT_POWER_001,2026-03-01T08:15:00+00:00,37.39923410854899,kW,GOOD,SYNTHETIC_ML_DATASET,NORMAL,0
BRT,BRT_PRESS_001,2026-03-01T08:15:00+00:00,982.7644871866622,hPa,GOOD,SYNTHETIC_ML_DATASET,NORMAL,0
BRT,BRT_TEMP_001,2026-03-01T08:15:00+00:00,-12.861955136363363,C,GOOD,SYNTHETIC_ML_DATASET,NORMAL,0
BRT,BRT_VIB_001,2026-03-01T08:15:00+00:00,0.6316393804733234,mm/s,GOOD,SYNTHETIC_ML_DATASET,NORMAL,0
BRT,BRT_HUM_001,2026-03-01T08:16:00+00:00,53.341306251488675,%,GOOD,SYNTHETIC_ML_DATASET,NORMAL,0
BRT,BRT_POWER_001,2026-03-01T08:16:00+00:00,36.84228666103398,kW,GOOD,SYNTHETIC_ML_DATASET,NORMAL,0
BRT,BRT_PRESS_001,2026-03-01T08:16:00+00:00,982.6797831613446,hPa,GOOD,SYNTHETIC_ML_DATASET,NORMAL,0
BRT,BRT_TEMP_001,2026-03-01T08:16:00+00:00,-13.309460603456825,C,GOOD,SYNTHETIC_ML_DATASET,NORMAL,0
BRT,BRT_VIB_001,2026-03-01T08:16:00+00:00,0.6401987853337291,mm/s,GOOD,SYNTHETIC_ML_DATASET,NORMAL,0
BRT,BRT_HUM_001,2026-03-01T08:17:00+00:00,53.48694672883711,%,GOOD,SYNTHETIC_ML_DATASET,NORMAL,0
BRT,BRT_POWER_001,2026-03-01T08:17:00+00:00,37.86479052584522,kW,GOOD,SYNTHETIC_ML_DATASET,NORMAL,0
BRT,BRT_PRESS_001,2026-03-01T08:17:00+00:00,982.791856394466,hPa,GOOD,SYNTHETIC_ML_DATASET,NORMAL,0
BRT,BRT_TEMP_001,2026-03-01T08:17:00+00:00,-13.578244289997414,C,GOOD,SYNTHETIC_ML_DATASET,NORMAL,0
BRT,BRT_VIB_001,2026-03-01T08:17:00+00:00,0.6470252047085481,mm/s,GOOD,SYNTHETIC_ML_DATASET,NORMAL,0
BRT,BRT_HUM_001,2026-03-01T08:18:00+00:00,53.528642382025836,%,GOOD,SYNTHETIC_ML_DATASET,NORMAL,0
BRT,BRT_POWER_001,2026-03-01T08:18:00+00:00,37.11265853441986,kW,GOOD,SYNTHETIC_ML_DATASET,NORMAL,0
BRT,BRT_PRESS_001,2026-03-01T08:18:00+00:00,982.6572517098527,hPa,GOOD,SYNTHETIC_ML_DATASET,NORMAL,0
BRT,BRT_TEMP_001,2026-03-01T08:18:00+00:00,-13.608417766654298,C,GOOD,SYNTHETIC_ML_DATASET,NORMAL,0
BRT,BRT_VIB_001,2026-03-01T08:18:00+00:00,0.647133127853038,mm/s,GOOD,SYNTHETIC_ML_DATASET,NORMAL,0
BRT,BRT_HUM_001,2026-03-01T08:19:00+00:00,53.23879145455083,%,GOOD,SYNTHETIC_ML_DATASET,NORMAL,0
BRT,BRT_POWER_001,2026-03-01T08:19:00+00:00,37.336373676796384,kW,GOOD,SYNTHETIC_ML_DATASET,NORMAL,0
BRT,BRT_PRESS_001,2026-03-01T08:19:00+00:00,982.5670286126868,hPa,GOOD,SYNTHETIC_ML_DATASET,NORMAL,0
BRT,BRT_TEMP_001,2026-03-01T08:19:00+00:00,-13.566672512224025,C,GOOD,SYNTHETIC_ML_DATASET,NORMAL,0
BRT,BRT_VIB_001,2026-03-01T08:19:00+00:00,0.6133558999350087,mm/s,GOOD,SYNTHETIC_ML_DATASET,NORMAL,0
BRT,BRT_HUM_001,2026-03-01T08:20:00+00:00,53.079072628887815,%,GOOD,SYNTHETIC_ML_DATASET,NORMAL,0
BRT,BRT_POWER_001,2026-03-01T08:20:00+00:00,37.37536079826988,kW,GOOD,SYNTHETIC_ML_DATASET,NORMAL,0
BRT,BRT_PRESS_001,2026-03-01T08:20:00+00:00,982.7157948730073,hPa,GOOD,SYNTHETIC_ML_DATASET,NORMAL,0
BRT,BRT_TEMP_001,2026-03-01T08:20:00+00:00,-13.506829733923244,C,GOOD,SYNTHETIC_ML_DATASET,NORMAL,0
BRT,BRT_VIB_001,2026-03-01T08:20:00+00:00,0.6413922357931656,mm/s,GOOD,SYNTHETIC_ML_DATASET,NORMAL,0
BRT,BRT_HUM_001,2026-03-01T08:21:00+00:00,53.043194182228795,%,GOOD,SYNTHETIC_ML_DATASET,NORMAL,0
BRT,BRT_POWER_001,2026-03-01T08:21:00+00:00,37.277884925329964,kW,GOOD,SYNTHETIC_ML_DATASET,NORMAL,0
BRT,BRT_PRESS_001,2026-03-01T08:21:00+00:00,982.7935102004087,hPa,GOOD,SYNTHETIC_ML_DATASET,NORMAL,0
BRT,BRT_TEMP_001,2026-03-01T08:21:00+00:00,-13.456824162742885,C,GOOD,SYNTHETIC_ML_DATASET,NORMAL,0
BRT,BRT_VIB_001,2026-03-01T08:21:00+00:00,0.6392351894580371,mm/s,GOOD,SYNTHETIC_ML_DATASET,NORMAL,0
BRT,BRT_HUM_001,2026-03-01T08:22:00+00:00,53.182532832091006,%,GOOD,SYNTHETIC_ML_DATASET,NORMAL,0
BRT,BRT_POWER_001,2026-03-01T08:22:00+00:00,37.470918320927055,kW,GOOD,SYNTHETIC_ML_DATASET,NORMAL,0
BRT,BRT_PRESS_001,2026-03-01T08:22:00+00:00,982.7789433635639,hPa,GOOD,SYNTHETIC_ML_DATASET,NORMAL,0
BRT,BRT_TEMP_001,2026-03-01T08:22:00+00:00,-13.449087053717726,C,GOOD,SYNTHETIC_ML_DATASET,NORMAL,0
BRT,BRT_VIB_001,2026-03-01T08:22:00+00:00,0.6362678942794773,mm/s,GOOD,SYNTHETIC_ML_DATASET,NORMAL,0
BRT,BRT_HUM_001,2026-03-01T08:23:00+00:00,52.51835011089945,%,GOOD,SYNTHETIC_ML_DATASET,NORMAL,0
BRT,BRT_POWER_001,2026-03-01T08:23:00+00:00,37.43658040485027,kW,GOOD,SYNTHETIC_ML_DATASET,NORMAL,0
BRT,BRT_PRESS_001,2026-03-01T08:23:00+00:00,982.7062944641423,hPa,GOOD,SYNTHETIC_ML_DATASET,NORMAL,0
BRT,BRT_TEMP_001,2026-03-01T08:23:00+00:00,-13.644458482570686,C,GOOD,SYNTHETIC_ML_DATASET,NORMAL,0
BRT,BRT_VIB_001,2026-03-01T08:23:00+00:00,0.6472256845565647,mm/s,GOOD,SYNTHETIC_ML_DATASET,NORMAL,0
BRT,BRT_HUM_001,2026-03-01T08:24:00+00:00,53.2003924910969,%,GOOD,SYNTHETIC_ML_DATASET,NORMAL,0
BRT,BRT_POWER_001,2026-03-01T08:24:00+00:00,37.41088665620952,kW,GOOD,SYNTHETIC_ML_DATASET,NORMAL,0
BRT,BRT_PRESS_001,2026-03-01T08:24:00+00:00,982.7691048664057,hPa,GOOD,SYNTHETIC_ML_DATASET,NORMAL,0
BRT,BRT_TEMP_001,2026-03-01T08:24:00+00:00,-13.836192054161847,C,GOOD,SYNTHETIC_ML_DATASET,NORMAL,0
BRT,BRT_VIB_001,2026-03-01T08:24:00+00:00,0.6619624192207129,mm/s,GOOD,SYNTHETIC_ML_DATASET,NORMAL,0
BRT,BRT_HUM_001,2026-03-01T08:25:00+00:00,53.42148677679113,%,GOOD,SYNTHETIC_ML_DATASET,NORMAL,0
BRT,BRT_POWER_001,2026-03-01T08:25:00+00:00,38.187880586735375,kW,GOOD,SYNTHETIC_ML_DATASET,NORMAL,0
BRT,BRT_PRESS_001,2026-03-01T08:25:00+00:00,982.8388217793371,hPa,GOOD,SYNTHETIC_ML_DATASET,NORMAL,0
BRT,BRT_TEMP_001,2026-03-01T08:25:00+00:00,-13.89439007302142,C,GOOD,SYNTHETIC_ML_DATASET,NORMAL,0
BRT,BRT_VIB_001,2026-03-01T08:25:00+00:00,0.6592045814629972,mm/s,GOOD,SYNTHETIC_ML_DATASET,NORMAL,0
BRT,BRT_HUM_001,2026-03-01T08:26:00+00:00,53.31785832774759,%,GOOD,SYNTHETIC_ML_DATASET,NORMAL,0
BRT,BRT_POWER_001,2026-03-01T08:26:00+00:00,37.84387281388242,kW,GOOD,SYNTHETIC_ML_DATASET,NORMAL,0
BRT,BRT_PRESS_001,2026-03-01T08:26:00+00:00,982.6793595363899,hPa,GOOD,SYNTHETIC_ML_DATASET,NORMAL,0
BRT,BRT_TEMP_001,2026-03-01T08:26:00+00:00,-13.577332265472632,C,GOOD,SYNTHETIC_ML_DATASET,NORMAL,0
BRT,BRT_VIB_001,2026-03-01T08:26:00+00:00,0.6593090543547725,mm/s,GOOD,SYNTHETIC_ML_DATASET,NORMAL,0
BRT,BRT_HUM_001,2026-03-01T08:27:00+00:00,53.06073604730747,%,GOOD,SYNTHETIC_ML_DATASET,NORMAL,0
BRT,BRT_POWER_001,2026-03-01T08:27:00+00:00,37.553932430659216,kW,GOOD,SYNTHETIC_ML_DATASET,NORMAL,0
BRT,BRT_PRESS_001,2026-03-01T08:27:00+00:00,982.6608232205094,hPa,GOOD,SYNTHETIC_ML_DATASET,NORMAL,0
BRT,BRT_TEMP_001,2026-03-01T08:27:00+00:00,-13.64251480705241,C,GOOD,SYNTHETIC_ML_DATASET,NORMAL,0
BRT,BRT_VIB_001,2026-03-01T08:27:00+00:00,0.661338271092216,mm/s,GOOD,SYNTHETIC_ML_DATASET,NORMAL,0
BRT,BRT_HUM_001,2026-03-01T08:28:00+00:00,51.83177439901034,%,GOOD,SYNTHETIC_ML_DATASET,NORMAL,0
BRT,BRT_POWER_001,2026-03-01T08:28:00+00:00,37.55467513465388,kW,GOOD,SYNTHETIC_ML_DATASET,NORMAL,0
BRT,BRT_PRESS_001,2026-03-01T08:28:00+00:00,982.7699929858991,hPa,GOOD,SYNTHETIC_ML_DATASET,NORMAL,0
BRT,BRT_TEMP_001,2026-03-01T08:28:00+00:00,-13.6223451795604,C,GOOD,SYNTHETIC_ML_DATASET,NORMAL,0
BRT,BRT_VIB_001,2026-03-01T08:28:00+00:00,0.6437643140213254,mm/s,GOOD,SYNTHETIC_ML_DATASET,NORMAL,0
BRT,BRT_HUM_001,2026-03-01T08:29:00+00:00,53.14592048116323,%,GOOD,SYNTHETIC_ML_DATASET,NORMAL,0
BRT,BRT_POWER_001,2026-03-01T08:29:00+00:00,37.3461582574941,kW,GOOD,SYNTHETIC_ML_DATASET,NORMAL,0
BRT,BRT_PRESS_001,2026-03-01T08:29:00+00:00,982.8138959640198,hPa,GOOD,SYNTHETIC_ML_DATASET,NORMAL,0
BRT,BRT_TEMP_001,2026-03-01T08:29:00+00:00,-13.687059326517112,C,GOOD,SYNTHETIC_ML_DATASET,NORMAL,0
BRT,BRT_VIB_001,2026-03-01T08:29:00+00:00,0.6405515952298213,mm/s,GOOD,SYNTHETIC_ML_DATASET,NORMAL,0
BRT,BRT_HUM_001,2026-03-01T08:30:00+00:00,53.37390022485183,%,GOOD,SYNTHETIC_ML_DATASET,NORMAL,0
BRT,BRT_POWER_001,2026-03-01T08:30:00+00:00,37.41731262270388,kW,GOOD,SYNTHETIC_ML_DATASET,NORMAL,0
BRT,BRT_PRESS_001,2026-03-01T08:30:00+00:00,982.8563376912538,hPa,GOOD,SYNTHETIC_ML_DATASET,NORMAL,0
BRT,BRT_TEMP_001,2026-03-01T08:30:00+00:00,-13.846266236934271,C,GOOD,SYNTHETIC_ML_DATASET,NORMAL,0
BRT,BRT_VIB_001,2026-03-01T08:30:00+00:00,0.6430354046264647,mm/s,GOOD,SYNTHETIC_ML_DATASET,NORMAL,0
BRT,BRT_HUM_001,2026-03-01T08:31:00+00:00,52.223642572794766,%,GOOD,SYNTHETIC_ML_DATASET,NORMAL,0
BRT,BRT_POWER_001,2026-03-01T08:31:00+00:00,37.1623166038167,kW,GOOD,SYNTHETIC_ML_DATASET,NORMAL,0
BRT,BRT_PRESS_001,2026-03-01T08:31:00+00:00,982.6542114595927,hPa,GOOD,SYNTHETIC_ML_DATASET,NORMAL,0
BRT,BRT_TEMP_001,2026-03-01T08:31:00+00:00,-13.605309486533656,C,GOOD,SYNTHETIC_ML_DATASET,NORMAL,0
BRT,BRT_VIB_001,2026-03-01T08:31:00+00:00,0.6405685049069911,mm/s,GOOD,SYNTHETIC_ML_DATASET,NORMAL,0
BRT,BRT_HUM_001,2026-03-01T08:32:00+00:00,52.45985204841967,%,GOOD,SYNTHETIC_ML_DATASET,NORMAL,0
BRT,BRT_POWER_001,2026-03-01T08:32:00+00:00,37.18656106232112,kW,GOOD,SYNTHETIC_ML_DATASET,NORMAL,0
BRT,BRT_PRESS_001,2026-03-01T08:32:00+00:00,982.5317173042696,hPa,GOOD,SYNTHETIC_ML_DATASET,NORMAL,0
BRT,BRT_TEMP_001,2026-03-01T08:32:00+00:00,-13.723799157264272,C,GOOD,SYNTHETIC_ML_DATASET,NORMAL,0
BRT,BRT_VIB_001,2026-03-01T08:32:00+00:00,0.6760273236703851,mm/s,GOOD,SYNTHETIC_ML_DATASET,NORMAL,0
BRT,BRT_HUM_001,2026-03-01T08:33:00+00:00,52.98073040585478,%,GOOD,SYNTHETIC_ML_DATASET,NORMAL,0
BRT,BRT_POWER_001,2026-03-01T08:33:00+00:00,37.211436155070075,kW,GOOD,SYNTHETIC_ML_DATASET,NORMAL,0
BRT,BRT_PRESS_001,2026-03-01T08:33:00+00:00,982.7360880816091,hPa,GOOD,SYNTHETIC_ML_DATASET,NORMAL,0
BRT,BRT_TEMP_001,2026-03-01T08:33:00+00:00,-13.640991335068659,C,GOOD,SYNTHETIC_ML_DATASET,NORMAL,0
BRT,BRT_VIB_001,2026-03-01T08:33:00+00:00,0.6693542042267441,mm/s,GOOD,SYNTHETIC_ML_DATASET,NORMAL,0
BRT,BRT_HUM_001,2026-03-01T08:34:00+00:00,52.85701375519009,%,GOOD,SYNTHETIC_ML_DATASET,NORMAL,0
BRT,BRT_POWER_001,2026-03-01T08:34:00+00:00,36.648533455412895,kW,GOOD,SYNTHETIC_ML_DATASET,NORMAL,0
BRT,BRT_PRESS_001,2026-03-01T08:34:00+00:00,982.7952161417896,hPa,GOOD,SYNTHETIC_ML_DATASET,NORMAL,0
BRT,BRT_TEMP_001,2026-03-01T08:34:00+00:00,-13.608082131119692,C,GOOD,SYNTHETIC_ML_DATASET,NORMAL,0
BRT,BRT_VIB_001,2026-03-01T08:34:00+00:00,0.6846528465657827,mm/s,GOOD,SYNTHETIC_ML_DATASET,NORMAL,0
BRT,BRT_HUM_001,2026-03-01T08:35:00+00:00,52.242010810600384,%,GOOD,SYNTHETIC_ML_DATASET,NORMAL,0
BRT,BRT_POWER_001,2026-03-01T08:35:00+00:00,37.41657890439985,kW,GOOD,SYNTHETIC_ML_DATASET,NORMAL,0
BRT,BRT_PRESS_001,2026-03-01T08:35:00+00:00,982.7587519483122,hPa,GOOD,SYNTHETIC_ML_DATASET,NORMAL,0
BRT,BRT_TEMP_001,2026-03-01T08:35:00+00:00,-13.622833623800451,C,GOOD,SYNTHETIC_ML_DATASET,NORMAL,0
BRT,BRT_VIB_001,2026-03-01T08:35:00+00:00,0.6246297401627722,mm/s,GOOD,SYNTHETIC_ML_DATASET,NORMAL,0
BRT,BRT_HUM_001,2026-03-01T08:36:00+00:00,52.302997787213265,%,GOOD,SYNTHETIC_ML_DATASET,NORMAL,0
BRT,BRT_POWER_001,2026-03-01T08:36:00+00:00,37.27077042943616,kW,GOOD,SYNTHETIC_ML_DATASET,NORMAL,0
BRT,BRT_PRESS_001,2026-03-01T08:36:00+00:00,982.6175982376957,hPa,GOOD,SYNTHETIC_ML_DATASET,NORMAL,0
BRT,BRT_TEMP_001,2026-03-01T08:36:00+00:00,-13.470456392912226,C,GOOD,SYNTHETIC_ML_DATASET,NORMAL,0
BRT,BRT_VIB_001,2026-03-01T08:36:00+00:00,0.6328317227978854,mm/s,GOOD,SYNTHETIC_ML_DATASET,NORMAL,0
BRT,BRT_HUM_001,2026-03-01T08:37:00+00:00,51.238206689705216,%,GOOD,SYNTHETIC_ML_DATASET,NORMAL,0
BRT,BRT_POWER_001,2026-03-01T08:37:00+00:00,37.592785087269405,kW,GOOD,SYNTHETIC_ML_DATASET,NORMAL,0
BRT,BRT_PRESS_001,2026-03-01T08:37:00+00:00,982.6963461275751,hPa,GOOD,SYNTHETIC_ML_DATASET,NORMAL,0
BRT,BRT_TEMP_001,2026-03-01T08:37:00+00:00,-13.360204115745955,C,GOOD,SYNTHETIC_ML_DATASET,NORMAL,0
BRT,BRT_VIB_001,2026-03-01T08:37:00+00:00,0.6442801595574938,mm/s,GOOD,SYNTHETIC_ML_DATASET,NORMAL,0
BRT,BRT_HUM_001,2026-03-01T08:38:00+00:00,51.8565965084826,%,GOOD,SYNTHETIC_ML_DATASET,NORMAL,0
BRT,BRT_POWER_001,2026-03-01T08:38:00+00:00,37.35204850877098,kW,GOOD,SYNTHETIC_ML_DATASET,NORMAL,0
BRT,BRT_PRESS_001,2026-03-01T08:38:00+00:00,982.719813916742,hPa,GOOD,SYNTHETIC_ML_DATASET,NORMAL,0
BRT,BRT_TEMP_001,2026-03-01T08:38:00+00:00,-13.338874835790405,C,GOOD,SYNTHETIC_ML_DATASET,NORMAL,0
BRT,BRT_VIB_001,2026-03-01T08:38:00+00:00,0.6351195477274103,mm/s,GOOD,SYNTHETIC_ML_DATASET,NORMAL,0
BRT,BRT_HUM_001,2026-03-01T08:39:00+00:00,51.75658989315752,%,GOOD,SYNTHETIC_ML_DATASET,NORMAL,0
BRT,BRT_POWER_001,2026-03-01T08:39:00+00:00,37.39235643455656,kW,GOOD,SYNTHETIC_ML_DATASET,NORMAL,0
BRT,BRT_PRESS_001,2026-03-01T08:39:00+00:00,982.7818317440001,hPa,GOOD,SYNTHETIC_ML_DATASET,NORMAL,0
BRT,BRT_TEMP_001,2026-03-01T08:39:00+00:00,-13.397576945515535,C,GOOD,SYNTHETIC_ML_DATASET,NORMAL,0
BRT,BRT_VIB_001,2026-03-01T08:39:00+00:00,0.6363300154730916,mm/s,GOOD,SYNTHETIC_ML_DATASET,NORMAL,0
BRT,BRT_HUM_001,2026-03-01T08:40:00+00:00,52.14575905243772,%,GOOD,SYNTHETIC_ML_DATASET,NORMAL,0
BRT,BRT_POWER_001,2026-03-01T08:40:00+00:00,37.782738536007756,kW,GOOD,SYNTHETIC_ML_DATASET,NORMAL,0
BRT,BRT_PRESS_001,2026-03-01T08:40:00+00:00,982.8713194395075,hPa,GOOD,SYNTHETIC_ML_DATASET,NORMAL,0
BRT,BRT_TEMP_001,2026-03-01T08:40:00+00:00,-13.310839537802147,C,GOOD,SYNTHETIC_ML_DATASET,NORMAL,0
BRT,BRT_VIB_001,2026-03-01T08:40:00+00:00,0.6396020526669033,mm/s,GOOD,SYNTHETIC_ML_DATASET,NORMAL,0
BRT,BRT_HUM_001,2026-03-01T08:41:00+00:00,52.39269530089696,%,GOOD,SYNTHETIC_ML_DATASET,NORMAL,0
BRT,BRT_POWER_001,2026-03-01T08:41:00+00:00,37.892027216487705,kW,GOOD,SYNTHETIC_ML_DATASET,NORMAL,0
BRT,BRT_PRESS_001,2026-03-01T08:41:00+00:00,983.0769783970783,hPa,GOOD,SYNTHETIC_ML_DATASET,NORMAL,0
BRT,BRT_TEMP_001,2026-03-01T08:41:00+00:00,-13.157390520408088,C,GOOD,SYNTHETIC_ML_DATASET,NORMAL,0
BRT,BRT_VIB_001,2026-03-01T08:41:00+00:00,0.6739682067314338,mm/s,GOOD,SYNTHETIC_ML_DATASET,NORMAL,0
BRT,BRT_HUM_001,2026-03-01T08:42:00+00:00,52.987692318929746,%,GOOD,SYNTHETIC_ML_DATASET,NORMAL,0
BRT,BRT_POWER_001,2026-03-01T08:42:00+00:00,37.85886586355078,kW,GOOD,SYNTHETIC_ML_DATASET,NORMAL,0
BRT,BRT_PRESS_001,2026-03-01T08:42:00+00:00,982.8787996687395,hPa,GOOD,SYNTHETIC_ML_DATASET,NORMAL,0
BRT,BRT_TEMP_001,2026-03-01T08:42:00+00:00,-13.209276111529247,C,GOOD,SYNTHETIC_ML_DATASET,NORMAL,0
BRT,BRT_VIB_001,2026-03-01T08:42:00+00:00,0.6768257764182396,mm/s,GOOD,SYNTHETIC_ML_DATASET,NORMAL,0
BRT,BRT_HUM_001,2026-03-01T08:43:00+00:00,52.53466794060406,%,GOOD,SYNTHETIC_ML_DATASET,NORMAL,0
BRT,BRT_POWER_001,2026-03-01T08:43:00+00:00,38.593496777231145,kW,GOOD,SYNTHETIC_ML_DATASET,NORMAL,0
BRT,BRT_PRESS_001,2026-03-01T08:43:00+00:00,983.0505814533061,hPa,GOOD,SYNTHETIC_ML_DATASET,NORMAL,0
BRT,BRT_TEMP_001,2026-03-01T08:43:00+00:00,-13.36615120514212,C,GOOD,SYNTHETIC_ML_DATASET,NORMAL,0
BRT,BRT_VIB_001,2026-03-01T08:43:00+00:00,0.659515822262452,mm/s,GOOD,SYNTHETIC_ML_DATASET,NORMAL,0
BRT,BRT_HUM_001,2026-03-01T08:44:00+00:00,52.4563457825841,%,GOOD,SYNTHETIC_ML_DATASET,NORMAL,0
BRT,BRT_POWER_001,2026-03-01T08:44:00+00:00,38.628094062320585,kW,GOOD,SYNTHETIC_ML_DATASET,NORMAL,0
BRT,BRT_PRESS_001,2026-03-01T08:44:00+00:00,983.0003079093573,hPa,GOOD,SYNTHETIC_ML_DATASET,NORMAL,0
BRT,BRT_TEMP_001,2026-03-01T08:44:00+00:00,-12.816639422217806,C,GOOD,SYNTHETIC_ML_DATASET,NORMAL,0
BRT,BRT_VIB_001,2026-03-01T08:44:00+00:00,0.6485971956611374,mm/s,GOOD,SYNTHETIC_ML_DATASET,NORMAL,0
BRT,BRT_HUM_001,2026-03-01T08:45:00+00:00,53.29017797012204,%,GOOD,SYNTHETIC_ML_DATASET,NORMAL,0
BRT,BRT_POWER_001,2026-03-01T08:45:00+00:00,38.68129252972442,kW,GOOD,SYNTHETIC_ML_DATASET,NORMAL,0
BRT,BRT_PRESS_001,2026-03-01T08:45:00+00:00,983.0676150040116,hPa,GOOD,SYNTHETIC_ML_DATASET,NORMAL,0
BRT,BRT_TEMP_001,2026-03-01T08:45:00+00:00,-12.960023586889822,C,GOOD,SYNTHETIC_ML_DATASET,NORMAL,0
BRT,BRT_VIB_001,2026-03-01T08:45:00+00:00,0.639855760441426,mm/s,GOOD,SYNTHETIC_ML_DATASET,NORMAL,0
BRT,BRT_HUM_001,2026-03-01T08:46:00+00:00,53.4974887239933,%,GOOD,SYNTHETIC_ML_DATASET,NORMAL,0
BRT,BRT_POWER_001,2026-03-01T08:46:00+00:00,38.641086355644596,kW,GOOD,SYNTHETIC_ML_DATASET,NORMAL,0
BRT,BRT_PRESS_001,2026-03-01T08:46:00+00:00,983.2119787913751,hPa,GOOD,SYNTHETIC_ML_DATASET,NORMAL,0
BRT,BRT_TEMP_001,2026-03-01T08:46:00+00:00,-12.87357711043125,C,GOOD,SYNTHETIC_ML_DATASET,NORMAL,0
BRT,BRT_VIB_001,2026-03-01T08:46:00+00:00,0.6245574771925941,mm/s,GOOD,SYNTHETIC_ML_DATASET,NORMAL,0
BRT,BRT_HUM_001,2026-03-01T08:47:00+00:00,53.180907507944006,%,GOOD,SYNTHETIC_ML_DATASET,NORMAL,0
BRT,BRT_POWER_001,2026-03-01T08:47:00+00:00,38.919982054250234,kW,GOOD,SYNTHETIC_ML_DATASET,NORMAL,0
BRT,BRT_PRESS_001,2026-03-01T08:47:00+00:00,983.1938165187556,hPa,GOOD,SYNTHETIC_ML_DATASET,NORMAL,0
BRT,BRT_TEMP_001,2026-03-01T08:47:00+00:00,-12.8688290292489,C,GOOD,SYNTHETIC_ML_DATASET,NORMAL,0
BRT,BRT_VIB_001,2026-03-01T08:47:00+00:00,0.6316489909509848,mm/s,GOOD,SYNTHETIC_ML_DATASET,NORMAL,0
BRT,BRT_HUM_001,2026-03-01T08:48:00+00:00,54.268493594352144,%,GOOD,SYNTHETIC_ML_DATASET,NORMAL,0
BRT,BRT_POWER_001,2026-03-01T08:48:00+00:00,39.06491402885081,kW,GOOD,SYNTHETIC_ML_DATASET,NORMAL,0
BRT,BRT_PRESS_001,2026-03-01T08:48:00+00:00,983.0857010224919,hPa,GOOD,SYNTHETIC_ML_DATASET,NORMAL,0
BRT,BRT_TEMP_001,2026-03-01T08:48:00+00:00,-12.66647457923052,C,GOOD,SYNTHETIC_ML_DATASET,NORMAL,0
BRT,BRT_VIB_001,2026-03-01T08:48:00+00:00,0.6214504921149164,mm/s,GOOD,SYNTHETIC_ML_DATASET,NORMAL,0
BRT,BRT_HUM_001,2026-03-01T08:49:00+00:00,53.76774764666219,%,GOOD,SYNTHETIC_ML_DATASET,NORMAL,0
BRT,BRT_POWER_001,2026-03-01T08:49:00+00:00,38.395937738785236,kW,GOOD,SYNTHETIC_ML_DATASET,NORMAL,0
BRT,BRT_PRESS_001,2026-03-01T08:49:00+00:00,983.0970000121071,hPa,GOOD,SYNTHETIC_ML_DATASET,NORMAL,0
BRT,BRT_TEMP_001,2026-03-01T08:49:00+00:00,-12.664105878360731,C,GOOD,SYNTHETIC_ML_DATASET,NORMAL,0
BRT,BRT_VIB_001,2026-03-01T08:49:00+00:00,0.618202293146787,mm/s,GOOD,SYNTHETIC_ML_DATASET,NORMAL,0
BRT,BRT_HUM_001,2026-03-01T08:50:00+00:00,54.3722807379108,%,GOOD,SYNTHETIC_ML_DATASET,NORMAL,0
BRT,BRT_POWER_001,2026-03-01T08:50:00+00:00,39.003894998280344,kW,GOOD,SYNTHETIC_ML_DATASET,NORMAL,0
BRT,BRT_PRESS_001,2026-03-01T08:50:00+00:00,983.2019629095877,hPa,GOOD,SYNTHETIC_ML_DATASET,NORMAL,0
BRT,BRT_TEMP_001,2026-03-01T08:50:00+00:00,-12.499447744666282,C,GOOD,SYNTHETIC_ML_DATASET,NORMAL,0
BRT,BRT_VIB_001,2026-03-01T08:50:00+00:00,0.6274874710479096,mm/s,GOOD,SYNTHETIC_ML_DATASET,NORMAL,0
BRT,BRT_HUM_001,2026-03-01T08:51:00+00:00,54.97801869980199,%,GOOD,SYNTHETIC_ML_DATASET,NORMAL,0
BRT,BRT_POWER_001,2026-03-01T08:51:00+00:00,39.23090058527518,kW,GOOD,SYNTHETIC_ML_DATASET,NORMAL,0
BRT,BRT_PRESS_001,2026-03-01T08:51:00+00:00,983.1880066944793,hPa,GOOD,SYNTHETIC_ML_DATASET,NORMAL,0
BRT,BRT_TEMP_001,2026-03-01T08:51:00+00:00,-12.626110100587953,C,GOOD,SYNTHETIC_ML_DATASET,NORMAL,0
BRT,BRT_VIB_001,2026-03-01T08:51:00+00:00,0.6546119514142346,mm/s,GOOD,SYNTHETIC_ML_DATASET,NORMAL,0
BRT,BRT_HUM_001,2026-03-01T08:52:00+00:00,54.15935809818036,%,GOOD,SYNTHETIC_ML_DATASET,NORMAL,0
BRT,BRT_POWER_001,2026-03-01T08:52:00+00:00,39.77642540599218,kW,GOOD,SYNTHETIC_ML_DATASET,NORMAL,0
BRT,BRT_PRESS_001,2026-03-01T08:52:00+00:00,983.2842439774495,hPa,GOOD,SYNTHETIC_ML_DATASET,NORMAL,0
BRT,BRT_TEMP_001,2026-03-01T08:52:00+00:00,-12.667611905958243,C,GOOD,SYNTHETIC_ML_DATASET,NORMAL,0
BRT,BRT_VIB_001,2026-03-01T08:52:00+00:00,0.6649201934729269,mm/s,GOOD,SYNTHETIC_ML_DATASET,NORMAL,0
BRT,BRT_HUM_001,2026-03-01T08:53:00+00:00,54.92212355635977,%,GOOD,SYNTHETIC_ML_DATASET,NORMAL,0
BRT,BRT_POWER_001,2026-03-01T08:53:00+00:00,39.71112155619691,kW,GOOD,SYNTHETIC_ML_DATASET,NORMAL,0
BRT,BRT_PRESS_001,2026-03-01T08:53:00+00:00,983.2239512648015,hPa,GOOD,SYNTHETIC_ML_DATASET,NORMAL,0
BRT,BRT_TEMP_001,2026-03-01T08:53:00+00:00,-12.599862476597139,C,GOOD,SYNTHETIC_ML_DATASET,NORMAL,0
BRT,BRT_VIB_001,2026-03-01T08:53:00+00:00,0.6515075229147774,mm/s,GOOD,SYNTHETIC_ML_DATASET,NORMAL,0
BRT,BRT_HUM_001,2026-03-01T08:54:00+00:00,54.17772087720313,%,GOOD,SYNTHETIC_ML_DATASET,NORMAL,0
BRT,BRT_POWER_001,2026-03-01T08:54:00+00:00,39.35340862254482,kW,GOOD,SYNTHETIC_ML_DATASET,NORMAL,0
BRT,BRT_PRESS_001,2026-03-01T08:54:00+00:00,983.2593373705137,hPa,GOOD,SYNTHETIC_ML_DATASET,NORMAL,0
BRT,BRT_TEMP_001,2026-03-01T08:54:00+00:00,-12.744736914360557,C,GOOD,SYNTHETIC_ML_DATASET,NORMAL,0
BRT,BRT_VIB_001,2026-03-01T08:54:00+00:00,0.6551723920551072,mm/s,GOOD,SYNTHETIC_ML_DATASET,NORMAL,0
BRT,BRT_HUM_001,2026-03-01T08:55:00+00:00,53.27407203111126,%,GOOD,SYNTHETIC_ML_DATASET,NORMAL,0
BRT,BRT_POWER_001,2026-03-01T08:55:00+00:00,39.12508657767779,kW,GOOD,SYNTHETIC_ML_DATASET,NORMAL,0
BRT,BRT_PRESS_001,2026-03-01T08:55:00+00:00,983.4996073925078,hPa,GOOD,SYNTHETIC_ML_DATASET,NORMAL,0
BRT,BRT_TEMP_001,2026-03-01T08:55:00+00:00,-12.512235561048643,C,GOOD,SYNTHETIC_ML_DATASET,NORMAL,0
BRT,BRT_VIB_001,2026-03-01T08:55:00+00:00,0.6565744886115936,mm/s,GOOD,SYNTHETIC_ML_DATASET,NORMAL,0
BRT,BRT_HUM_001,2026-03-01T08:56:00+00:00,54.012502858146966,%,GOOD,SYNTHETIC_ML_DATASET,NORMAL,0
BRT,BRT_POWER_001,2026-03-01T08:56:00+00:00,39.494721549682296,kW,GOOD,SYNTHETIC_ML_DATASET,NORMAL,0
BRT,BRT_PRESS_001,2026-03-01T08:56:00+00:00,983.4115760625117,hPa,GOOD,SYNTHETIC_ML_DATASET,NORMAL,0
BRT,BRT_TEMP_001,2026-03-01T08:56:00+00:00,-12.72029641399213,C,GOOD,SYNTHETIC_ML_DATASET,NORMAL,0
BRT,BRT_VIB_001,2026-03-01T08:56:00+00:00,0.6632506614805544,mm/s,GOOD,SYNTHETIC_ML_DATASET,NORMAL,0
BRT,BRT_HUM_001,2026-03-01T08:57:00+00:00,54.17165966035075,%,GOOD,SYNTHETIC_ML_DATASET,NORMAL,0
BRT,BRT_POWER_001,2026-03-01T08:57:00+00:00,39.34652348314634,kW,GOOD,SYNTHETIC_ML_DATASET,NORMAL,0
BRT,BRT_PRESS_001,2026-03-01T08:57:00+00:00,983.3454673768393,hPa,GOOD,SYNTHETIC_ML_DATASET,NORMAL,0
BRT,BRT_TEMP_001,2026-03-01T08:57:00+00:00,-12.645086020381095,C,GOOD,SYNTHETIC_ML_DATASET,NORMAL,0
BRT,BRT_VIB_001,2026-03-01T08:57:00+00:00,0.7052067513190218,mm/s,GOOD,SYNTHETIC_ML_DATASET,NORMAL,0
BRT,BRT_HUM_001,2026-03-01T08:58:00+00:00,55.21846971711053,%,GOOD,SYNTHETIC_ML_DATASET,NORMAL,0
BRT,BRT_POWER_001,2026-03-01T08:58:00+00:00,39.23400730473876,kW,GOOD,SYNTHETIC_ML_DATASET,NORMAL,0
BRT,BRT_PRESS_001,2026-03-01T08:58:00+00:00,983.2185904495548,hPa,GOOD,SYNTHETIC_ML_DATASET,NORMAL,0
BRT,BRT_TEMP_001,2026-03-01T08:58:00+00:00,-12.591414056201074,C,GOOD,SYNTHETIC_ML_DATASET,NORMAL,0
BRT,BRT_VIB_001,2026-03-01T08:58:00+00:00,0.6736936430089624,mm/s,GOOD,SYNTHETIC_ML_DATASET,NORMAL,0
BRT,BRT_HUM_001,2026-03-01T08:59:00+00:00,54.539308977408425,%,GOOD,SYNTHETIC_ML_DATASET,NORMAL,0
BRT,BRT_POWER_001,2026-03-01T08:59:00+00:00,39.106928355854,kW,GOOD,SYNTHETIC_ML_DATASET,NORMAL,0
BRT,BRT_PRESS_001,2026-03-01T08:59:00+00:00,983.3263216967501,hPa,GOOD,SYNTHETIC_ML_DATASET,NORMAL,0
BRT,BRT_TEMP_001,2026-03-01T08:59:00+00:00,-12.60736197888499,C,GOOD,SYNTHETIC_ML_DATASET,NORMAL,0
BRT,BRT_VIB_001,2026-03-01T08:59:00+00:00,0.6626016809522164,mm/s,GOOD,SYNTHETIC_ML_DATASET,NORMAL,0
BRT,BRT_HUM_001,2026-03-01T09:00:00+00:00,55.26369821702147,%,GOOD,SYNTHETIC_ML_DATASET,NORMAL,0
BRT,BRT_POWER_001,2026-03-01T09:00:00+00:00,39.03130405490731,kW,GOOD,SYNTHETIC_ML_DATASET,NORMAL,0
BRT,BRT_PRESS_001,2026-03-01T09:00:00+00:00,983.1111589761642,hPa,GOOD,SYNTHETIC_ML_DATASET,NORMAL,0
BRT,BRT_TEMP_001,2026-03-01T09:00:00+00:00,-12.720527995888228,C,GOOD,SYNTHETIC_ML_DATASET,NORMAL,0
BRT,BRT_VIB_001,2026-03-01T09:00:00+00:00,0.6849702195124463,mm/s,GOOD,SYNTHETIC_ML_DATASET,NORMAL,0
BRT,BRT_HUM_001,2026-03-01T09:01:00+00:00,55.63727292048699,%,GOOD,SYNTHETIC_ML_DATASET,NORMAL,0
BRT,BRT_POWER_001,2026-03-01T09:01:00+00:00,39.263749725273414,kW,GOOD,SYNTHETIC_ML_DATASET,NORMAL,0
BRT,BRT_PRESS_001,2026-03-01T09:01:00+00:00,983.169950836785,hPa,GOOD,SYNTHETIC_ML_DATASET,NORMAL,0
BRT,BRT_TEMP_001,2026-03-01T09:01:00+00:00,-12.736156840494552,C,GOOD,SYNTHETIC_ML_DATASET,NORMAL,0
BRT,BRT_VIB_001,2026-03-01T09:01:00+00:00,0.6700764161123692,mm/s,GOOD,SYNTHETIC_ML_DATASET,NORMAL,0
BRT,BRT_HUM_001,2026-03-01T09:02:00+00:00,56.116346405418916,%,GOOD,SYNTHETIC_ML_DATASET,NORMAL,0
BRT,BRT_POWER_001,2026-03-01T09:02:00+00:00,39.317298584854846,kW,GOOD,SYNTHETIC_ML_DATASET,NORMAL,0
BRT,BRT_PRESS_001,2026-03-01T09:02:00+00:00,983.2392798996516,hPa,GOOD,SYNTHETIC_ML_DATASET,NORMAL,0
BRT,BRT_TEMP_001,2026-03-01T09:02:00+00:00,-12.715761363392978,C,GOOD,SYNTHETIC_ML_DATASET,NORMAL,0
BRT,BRT_VIB_001,2026-03-01T09:02:00+00:00,0.6681575324456259,mm/s,GOOD,SYNTHETIC_ML_DATASET,NORMAL,0
BRT,BRT_HUM_001,2026-03-01T09:03:00+00:00,55.426242564208295,%,GOOD,SYNTHETIC_ML_DATASET,NORMAL,0
BRT,BRT_POWER_001,2026-03-01T09:03:00+00:00,39.49098796655671,kW,GOOD,SYNTHETIC_ML_DATASET,NORMAL,0
BRT,BRT_PRESS_001,2026-03-01T09:03:00+00:00,983.223249624841,hPa,GOOD,SYNTHETIC_ML_DATASET,NORMAL,0
BRT,BRT_TEMP_001,2026-03-01T09:03:00+00:00,-12.543475669809752,C,GOOD,SYNTHETIC_ML_DATASET,NORMAL,0
BRT,BRT_VIB_001,2026-03-01T09:03:00+00:00,0.6718181902853139,mm/s,GOOD,SYNTHETIC_ML_DATASET,NORMAL,0
BRT,BRT_HUM_001,2026-03-01T09:04:00+00:00,56.42327745986894,%,GOOD,SYNTHETIC_ML_DATASET,NORMAL,0
BRT,BRT_POWER_001,2026-03-01T09:04:00+00:00,39.60553626108862,kW,GOOD,SYNTHETIC_ML_DATASET,NORMAL,0
BRT,BRT_PRESS_001,2026-03-01T09:04:00+00:00,983.1999221139397,hPa,GOOD,SYNTHETIC_ML_DATASET,NORMAL,0
BRT,BRT_TEMP_001,2026-03-01T09:04:00+00:00,-12.580803824249893,C,GOOD,SYNTHETIC_ML_DATASET,NORMAL,0
BRT,BRT_VIB_001,2026-03-01T09:04:00+00:00,0.683331493169376,mm/s,GOOD,SYNTHETIC_ML_DATASET,NORMAL,0
BRT,BRT_HUM_001,2026-03-01T09:05:00+00:00,56.6042283113951,%,GOOD,SYNTHETIC_ML_DATASET,NORMAL,0
BRT,BRT_POWER_001,2026-03-01T09:05:00+00:00,39.541537635011636,kW,GOOD,SYNTHETIC_ML_DATASET,NORMAL,0
BRT,BRT_PRESS_001,2026-03-01T09:05:00+00:00,983.3467634099226,hPa,GOOD,SYNTHETIC_ML_DATASET,NORMAL,0
BRT,BRT_TEMP_001,2026-03-01T09:05:00+00:00,-12.566741122262847,C,GOOD,SYNTHETIC_ML_DATASET,NORMAL,0
BRT,BRT_VIB_001,2026-03-01T09:05:00+00:00,0.6848455775766608,mm/s,GOOD,SYNTHETIC_ML_DATASET,NORMAL,0
BRT,BRT_HUM_001,2026-03-01T09:06:00+00:00,55.726626433936595,%,GOOD,SYNTHETIC_ML_DATASET,NORMAL,0
BRT,BRT_POWER_001,2026-03-01T09:06:00+00:00,39.33910323051815,kW,GOOD,SYNTHETIC_ML_DATASET,NORMAL,0
BRT,BRT_PRESS_001,2026-03-01T09:06:00+00:00,983.2774508911862,hPa,GOOD,SYNTHETIC_ML_DATASET,NORMAL,0
BRT,BRT_TEMP_001,2026-03-01T09:06:00+00:00,-12.452980145430196,C,GOOD,SYNTHETIC_ML_DATASET,NORMAL,0
BRT,BRT_VIB_001,2026-03-01T09:06:00+00:00,0.7179533406350528,mm/s,GOOD,SYNTHETIC_ML_DATASET,NORMAL,0
BRT,BRT_HUM_001,2026-03-01T09:07:00+00:00,57.04446210679238,%,GOOD,SYNTHETIC_ML_DATASET,NORMAL,0
BRT,BRT_POWER_001,2026-03-01T09:07:00+00:00,39.0627274972165,kW,GOOD,SYNTHETIC_ML_DATASET,NORMAL,0
BRT,BRT_PRESS_001,2026-03-01T09:07:00+00:00,983.3297460454637,hPa,GOOD,SYNTHETIC_ML_DATASET,NORMAL,0
BRT,BRT_TEMP_001,2026-03-01T09:07:00+00:00,-12.226979412657002,C,GOOD,SYNTHETIC_ML_DATASET,NORMAL,0
BRT,BRT_VIB_001,2026-03-01T09:07:00+00:00,0.7056208664180332,mm/s,GOOD,SYNTHETIC_ML_DATASET,NORMAL,0
BRT,BRT_HUM_001,2026-03-01T09:08:00+00:00,56.570169860486736,%,GOOD,SYNTHETIC_ML_DATASET,NORMAL,0
BRT,BRT_POWER_001,2026-03-01T09:08:00+00:00,39.220300244407845,kW,GOOD,SYNTHETIC_ML_DATASET,NORMAL,0
BRT,BRT_PRESS_001,2026-03-01T09:08:00+00:00,983.2510008020358,hPa,GOOD,SYNTHETIC_ML_DATASET,NORMAL,0
BRT,BRT_TEMP_001,2026-03-01T09:08:00+00:00,-12.474560568122811,C,GOOD,SYNTHETIC_ML_DATASET,NORMAL,0
BRT,BRT_VIB_001,2026-03-01T09:08:00+00:00,0.7062458761600593,mm/s,GOOD,SYNTHETIC_ML_DATASET,NORMAL,0
BRT,BRT_HUM_001,2026-03-01T09:09:00+00:00,56.08205269171558,%,GOOD,SYNTHETIC_ML_DATASET,NORMAL,0
BRT,BRT_POWER_001,2026-03-01T09:09:00+00:00,39.127095157680415,kW,GOOD,SYNTHETIC_ML_DATASET,NORMAL,0
BRT,BRT_PRESS_001,2026-03-01T09:09:00+00:00,983.3011386292744,hPa,GOOD,SYNTHETIC_ML_DATASET,NORMAL,0
BRT,BRT_TEMP_001,2026-03-01T09:09:00+00:00,-12.100569874402998,C,GOOD,SYNTHETIC_ML_DATASET,NORMAL,0
BRT,BRT_VIB_001,2026-03-01T09:09:00+00:00,0.7150592345570738,mm/s,GOOD,SYNTHETIC_ML_DATASET,NORMAL,0
BRT,BRT_HUM_001,2026-03-01T09:10:00+00:00,56.870890573289785,%,GOOD,SYNTHETIC_ML_DATASET,NORMAL,0
BRT,BRT_POWER_001,2026-03-01T09:10:00+00:00,39.55575733483245,kW,GOOD,SYNTHETIC_ML_DATASET,NORMAL,0
BRT,BRT_PRESS_001,2026-03-01T09:10:00+00:00,983.3922013137758,hPa,GOOD,SYNTHETIC_ML_DATASET,NORMAL,0
BRT,BRT_TEMP_001,2026-03-01T09:10:00+00:00,-12.218911026161004,C,GOOD,SYNTHETIC_ML_DATASET,NORMAL,0
BRT,BRT_VIB_001,2026-03-01T09:10:00+00:00,0.7083780876357292,mm/s,GOOD,SYNTHETIC_ML_DATASET,NORMAL,0
BRT,BRT_HUM_001,2026-03-01T09:11:00+00:00,56.605980824047236,%,GOOD,SYNTHETIC_ML_DATASET,NORMAL,0
BRT,BRT_POWER_001,2026-03-01T09:11:00+00:00,39.7283594700239,kW,GOOD,SYNTHETIC_ML_DATASET,NORMAL,0
BRT,BRT_PRESS_001,2026-03-01T09:11:00+00:00,983.3356702855501,hPa,GOOD,SYNTHETIC_ML_DATASET,NORMAL,0
BRT,BRT_TEMP_001,2026-03-01T09:11:00+00:00,-11.928890662489687,C,GOOD,SYNTHETIC_ML_DATASET,NORMAL,0
BRT,BRT_VIB_001,2026-03-01T09:11:00+00:00,0.7137108366176353,mm/s,GOOD,SYNTHETIC_ML_DATASET,NORMAL,0
BRT,BRT_HUM_001,2026-03-01T09:12:00+00:00,57.84514140669554,%,GOOD,SYNTHETIC_ML_DATASET,NORMAL,0
BRT,BRT_POWER_001,2026-03-01T09:12:00+00:00,39.82961017325192,kW,GOOD,SYNTHETIC_ML_DATASET,NORMAL,0
BRT,BRT_PRESS_001,2026-03-01T09:12:00+00:00,983.4605337208959,hPa,GOOD,SYNTHETIC_ML_DATASET,NORMAL,0
BRT,BRT_TEMP_001,2026-03-01T09:12:00+00:00,-11.86449270909885,C,GOOD,SYNTHETIC_ML_DATASET,NORMAL,0
BRT,BRT_VIB_001,2026-03-01T09:12:00+00:00,0.7508873473296409,mm/s,GOOD,SYNTHETIC_ML_DATASET,NORMAL,0
BRT,BRT_HUM_001,2026-03-01T09:13:00+00:00,57.17789493794954,%,GOOD,SYNTHETIC_ML_DATASET,NORMAL,0
BRT,BRT_POWER_001,2026-03-01T09:13:00+00:00,39.62945798712206,kW,GOOD,SYNTHETIC_ML_DATASET,NORMAL,0
BRT,BRT_PRESS_001,2026-03-01T09:13:00+00:00,983.6188139902048,hPa,GOOD,SYNTHETIC_ML_DATASET,NORMAL,0
BRT,BRT_TEMP_001,2026-03-01T09:13:00+00:00,-11.777266963836778,C,GOOD,SYNTHETIC_ML_DATASET,NORMAL,0
BRT,BRT_VIB_001,2026-03-01T09:13:00+00:00,0.7429041995749597,mm/s,GOOD,SYNTHETIC_ML_DATASET,NORMAL,0
BRT,BRT_HUM_001,2026-03-01T09:14:00+00:00,57.34072702019998,%,GOOD,SYNTHETIC_ML_DATASET,NORMAL,0
BRT,BRT_POWER_001,2026-03-01T09:14:00+00:00,39.72590906691998,kW,GOOD,SYNTHETIC_ML_DATASET,NORMAL,0
BRT,BRT_PRESS_001,2026-03-01T09:14:00+00:00,983.7210064692141,hPa,GOOD,SYNTHETIC_ML_DATASET,NORMAL,0
BRT,BRT_TEMP_001,2026-03-01T09:14:00+00:00,-11.46456412957966,C,GOOD,SYNTHETIC_ML_DATASET,NORMAL,0
BRT,BRT_VIB_001,2026-03-01T09:14:00+00:00,0.7416422085966539,mm/s,GOOD,SYNTHETIC_ML_DATASET,NORMAL,0
BRT,BRT_HUM_001,2026-03-01T09:15:00+00:00,58.324579197187376,%,GOOD,SYNTHETIC_ML_DATASET,NORMAL,0
BRT,BRT_POWER_001,2026-03-01T09:15:00+00:00,39.7654550496802,kW,GOOD,SYNTHETIC_ML_DATASET,NORMAL,0
BRT,BRT_PRESS_001,2026-03-01T09:15:00+00:00,983.8511276627409,hPa,GOOD,SYNTHETIC_ML_DATASET,NORMAL,0
BRT,BRT_TEMP_001,2026-03-01T09:15:00+00:00,-11.511508707294254,C,GOOD,SYNTHETIC_ML_DATASET,NORMAL,0
BRT,BRT_VIB_001,2026-03-01T09:15:00+00:00,0.7444053644461944,mm/s,GOOD,SYNTHETIC_ML_DATASET,NORMAL,0
BRT,BRT_HUM_001,2026-03-01T09:16:00+00:00,58.4147065138548,%,GOOD,SYNTHETIC_ML_DATASET,NORMAL,0
BRT,BRT_POWER_001,2026-03-01T09:16:00+00:00,40.184205440865014,kW,GOOD,SYNTHETIC_ML_DATASET,NORMAL,0
BRT,BRT_PRESS_001,2026-03-01T09:16:00+00:00,983.8339130149855,hPa,GOOD,SYNTHETIC_ML_DATASET,NORMAL,0
BRT,BRT_TEMP_001,2026-03-01T09:16:00+00:00,-11.697581835775118,C,GOOD,SYNTHETIC_ML_DATASET,NORMAL,0
BRT,BRT_VIB_001,2026-03-01T09:16:00+00:00,0.7426603447065092,mm/s,GOOD,SYNTHETIC_ML_DATASET,NORMAL,0
BRT,BRT_HUM_001,2026-03-01T09:17:00+00:00,58.50346988822859,%,GOOD,SYNTHETIC_ML_DATASET,NORMAL,0
BRT,BRT_POWER_001,2026-03-01T09:17:00+00:00,40.21592999748009,kW,GOOD,SYNTHETIC_ML_DATASET,NORMAL,0
BRT,BRT_PRESS_001,2026-03-01T09:17:00+00:00,984.0553942024202,hPa,GOOD,SYNTHETIC_ML_DATASET,NORMAL,0
BRT,BRT_TEMP_001,2026-03-01T09:17:00+00:00,-11.416257130676039,C,GOOD,SYNTHETIC_ML_DATASET,NORMAL,0
BRT,BRT_VIB_001,2026-03-01T09:17:00+00:00,0.7788509032019626,mm/s,GOOD,SYNTHETIC_ML_DATASET,NORMAL,0
BRT,BRT_HUM_001,2026-03-01T09:18:00+00:00,58.00222939972398,%,GOOD,SYNTHETIC_ML_DATASET,NORMAL,0
BRT,BRT_POWER_001,2026-03-01T09:18:00+00:00,40.57858757597054,kW,GOOD,SYNTHETIC_ML_DATASET,NORMAL,0
BRT,BRT_PRESS_001,2026-03-01T09:18:00+00:00,983.9671442765153,hPa,GOOD,SYNTHETIC_ML_DATASET,NORMAL,0
BRT,BRT_TEMP_001,2026-03-01T09:18:00+00:00,-11.395350669345124,C,GOOD,SYNTHETIC_ML_DATASET,NORMAL,0
BRT,BRT_VIB_001,2026-03-01T09:18:00+00:00,0.7645970410637062,mm/s,GOOD,SYNTHETIC_ML_DATASET,NORMAL,0
BRT,BRT_HUM_001,2026-03-01T09:19:00+00:00,58.76149575336776,%,GOOD,SYNTHETIC_ML_DATASET,NORMAL,0
BRT,BRT_POWER_001,2026-03-01T09:19:00+00:00,40.17511410843127,kW,GOOD,SYNTHETIC_ML_DATASET,NORMAL,0
BRT,BRT_PRESS_001,2026-03-01T09:19:00+00:00,984.0476268535829,hPa,GOOD,SYNTHETIC_ML_DATASET,NORMAL,0
BRT,BRT_TEMP_001,2026-03-01T09:19:00+00:00,-11.391630729201788,C,GOOD,SYNTHETIC_ML_DATASET,NORMAL,0
BRT,BRT_VIB_001,2026-03-01T09:19:00+00:00,0.7676240562983678,mm/s,GOOD,SYNTHETIC_ML_DATASET,NORMAL,0
BRT,BRT_HUM_001,2026-03-01T09:20:00+00:00,58.11608864896046,%,GOOD,SYNTHETIC_ML_DATASET,NORMAL,0
BRT,BRT_POWER_001,2026-03-01T09:20:00+00:00,40.10115465353362,kW,GOOD,SYNTHETIC_ML_DATASET,NORMAL,0
BRT,BRT_PRESS_001,2026-03-01T09:20:00+00:00,983.8979980931701,hPa,GOOD,SYNTHETIC_ML_DATASET,NORMAL,0
BRT,BRT_TEMP_001,2026-03-01T09:20:00+00:00,-11.431583676593057,C,GOOD,SYNTHETIC_ML_DATASET,NORMAL,0
BRT,BRT_VIB_001,2026-03-01T09:20:00+00:00,0.7687825057187119,mm/s,GOOD,SYNTHETIC_ML_DATASET,NORMAL,0
BRT,BRT_HUM_001,2026-03-01T09:21:00+00:00,58.475566236624985,%,GOOD,SYNTHETIC_ML_DATASET,NORMAL,0
BRT,BRT_POWER_001,2026-03-01T09:21:00+00:00,40.62598827851631,kW,GOOD,SYNTHETIC_ML_DATASET,NORMAL,0
BRT,BRT_PRESS_001,2026-03-01T09:21:00+00:00,984.2040435273532,hPa,GOOD,SYNTHETIC_ML_DATASET,NORMAL,0
BRT,BRT_TEMP_001,2026-03-01T09:21:00+00:00,-11.347480359045873,C,GOOD,SYNTHETIC_ML_DATASET,NORMAL,0
BRT,BRT_VIB_001,2026-03-01T09:21:00+00:00,0.7664379356551705,mm/s,GOOD,SYNTHETIC_ML_DATASET,NORMAL,0
BRT,BRT_HUM_001,2026-03-01T09:22:00+00:00,59.099988338657596,%,GOOD,SYNTHETIC_ML_DATASET,NORMAL,0
BRT,BRT_POWER_001,2026-03-01T09:22:00+00:00,41.50066455843618,kW,GOOD,SYNTHETIC_ML_DATASET,NORMAL,0
BRT,BRT_PRESS_001,2026-03-01T09:22:00+00:00,984.0421239391654,hPa,GOOD,SYNTHETIC_ML_DATASET,NORMAL,0
BRT,BRT_TEMP_001,2026-03-01T09:22:00+00:00,-11.12413754055515,C,GOOD,SYNTHETIC_ML_DATASET,NORMAL,0
BRT,BRT_VIB_001,2026-03-01T09:22:00+00:00,0.7862410944523376,mm/s,GOOD,SYNTHETIC_ML_DATASET,NORMAL,0
BRT,BRT_HUM_001,2026-03-01T09:23:00+00:00,58.6920313143834,%,GOOD,SYNTHETIC_ML_DATASET,NORMAL,0
BRT,BRT_POWER_001,2026-03-01T09:23:00+00:00,41.17652553541836,kW,GOOD,SYNTHETIC_ML_DATASET,NORMAL,0
BRT,BRT_PRESS_001,2026-03-01T09:23:00+00:00,983.9492463791988,hPa,GOOD,SYNTHETIC_ML_DATASET,NORMAL,0
BRT,BRT_TEMP_001,2026-03-01T09:23:00+00:00,-11.075030269886577,C,GOOD,SYNTHETIC_ML_DATASET,NORMAL,0
BRT,BRT_VIB_001,2026-03-01T09:23:00+00:00,0.7917197898392676,mm/s,GOOD,SYNTHETIC_ML_DATASET,NORMAL,0
BRT,BRT_HUM_001,2026-03-01T09:24:00+00:00,59.45099519391046,%,GOOD,SYNTHETIC_ML_DATASET,NORMAL,0
BRT,BRT_POWER_001,2026-03-01T09:24:00+00:00,40.99926375567015,kW,GOOD,SYNTHETIC_ML_DATASET,NORMAL,0
BRT,BRT_PRESS_001,2026-03-01T09:24:00+00:00,984.1495186494956,hPa,GOOD,SYNTHETIC_ML_DATASET,NORMAL,0
BRT,BRT_TEMP_001,2026-03-01T09:24:00+00:00,-10.961182229426358,C,GOOD,SYNTHETIC_ML_DATASET,NORMAL,0
BRT,BRT_VIB_001,2026-03-01T09:24:00+00:00,0.7737505591546973,mm/s,GOOD,SYNTHETIC_ML_DATASET,NORMAL,0
BRT,BRT_HUM_001,2026-03-01T09:25:00+00:00,59.235175072495956,%,GOOD,SYNTHETIC_ML_DATASET,NORMAL,0
BRT,BRT_POWER_001,2026-03-01T09:25:00+00:00,41.948097369034926,kW,GOOD,SYNTHETIC_ML_DATASET,NORMAL,0
BRT,BRT_PRESS_001,2026-03-01T09:25:00+00:00,984.1293599753798,hPa,GOOD,SYNTHETIC_ML_DATASET,NORMAL,0
BRT,BRT_TEMP_001,2026-03-01T09:25:00+00:00,-11.027120882599084,C,GOOD,SYNTHETIC_ML_DATASET,NORMAL,0
BRT,BRT_VIB_001,2026-03-01T09:25:00+00:00,0.7702323992438244,mm/s,GOOD,SYNTHETIC_ML_DATASET,NORMAL,0
BRT,BRT_HUM_001,2026-03-01T09:26:00+00:00,59.49374723098739,%,GOOD,SYNTHETIC_ML_DATASET,NORMAL,0
BRT,BRT_POWER_001,2026-03-01T09:26:00+00:00,41.656206039775434,kW,GOOD,SYNTHETIC_ML_DATASET,NORMAL,0
BRT,BRT_PRESS_001,2026-03-01T09:26:00+00:00,984.1401355583326,hPa,GOOD,SYNTHETIC_ML_DATASET,NORMAL,0
BRT,BRT_TEMP_001,2026-03-01T09:26:00+00:00,-10.842893360262442,C,GOOD,SYNTHETIC_ML_DATASET,NORMAL,0
BRT,BRT_VIB_001,2026-03-01T09:26:00+00:00,0.7819099187825824,mm/s,GOOD,SYNTHETIC_ML_DATASET,NORMAL,0
BRT,BRT_HUM_001,2026-03-01T09:27:00+00:00,59.77708892393275,%,GOOD,SYNTHETIC_ML_DATASET,NORMAL,0
BRT,BRT_POWER_001,2026-03-01T09:27:00+00:00,42.31634279701327,kW,GOOD,SYNTHETIC_ML_DATASET,NORMAL,0
BRT,BRT_PRESS_001,2026-03-01T09:27:00+00:00,984.2800519464728,hPa,GOOD,SYNTHETIC_ML_DATASET,NORMAL,0
BRT,BRT_TEMP_001,2026-03-01T09:27:00+00:00,-10.798999957167466,C,GOOD,SYNTHETIC_ML_DATASET,NORMAL,0
BRT,BRT_VIB_001,2026-03-01T09:27:00+00:00,0.7637066952144549,mm/s,GOOD,SYNTHETIC_ML_DATASET,NORMAL,0
BRT,BRT_HUM_001,2026-03-01T09:28:00+00:00,61.20725374328033,%,GOOD,SYNTHETIC_ML_DATASET,NORMAL,0
BRT,BRT_POWER_001,2026-03-01T09:28:00+00:00,42.218670801361434,kW,GOOD,SYNTHETIC_ML_DATASET,NORMAL,0
BRT,BRT_PRESS_001,2026-03-01T09:28:00+00:00,984.316730583673,hPa,GOOD,SYNTHETIC_ML_DATASET,NORMAL,0
BRT,BRT_TEMP_001,2026-03-01T09:28:00+00:00,-10.900620808551384,C,GOOD,SYNTHETIC_ML_DATASET,NORMAL,0
BRT,BRT_VIB_001,2026-03-01T09:28:00+00:00,0.7817130479914834,mm/s,GOOD,SYNTHETIC_ML_DATASET,NORMAL,0
BRT,BRT_HUM_001,2026-03-01T09:29:00+00:00,61.134515131888584,%,GOOD,SYNTHETIC_ML_DATASET,NORMAL,0
BRT,BRT_POWER_001,2026-03-01T09:29:00+00:00,42.20689527548824,kW,GOOD,SYNTHETIC_ML_DATASET,NORMAL,0
BRT,BRT_PRESS_001,2026-03-01T09:29:00+00:00,984.4756472219605,hPa,GOOD,SYNTHETIC_ML_DATASET,NORMAL,0
BRT,BRT_TEMP_001,2026-03-01T09:29:00+00:00,-10.563240846972269,C,GOOD,SYNTHETIC_ML_DATASET,NORMAL,0
BRT,BRT_VIB_001,2026-03-01T09:29:00+00:00,0.8016184308925921,mm/s,GOOD,SYNTHETIC_ML_DATASET,NORMAL,0
BRT,BRT_HUM_001,2026-03-01T09:30:00+00:00,59.91183075994765,%,GOOD,SYNTHETIC_ML_DATASET,NORMAL,0
BRT,BRT_POWER_001,2026-03-01T09:30:00+00:00,42.85297467582774,kW,GOOD,SYNTHETIC_ML_DATASET,NORMAL,0
BRT,BRT_PRESS_001,2026-03-01T09:30:00+00:00,984.2734267589475,hPa,GOOD,SYNTHETIC_ML_DATASET,NORMAL,0
BRT,BRT_TEMP_001,2026-03-01T09:30:00+00:00,-10.42991807992879,C,GOOD,SYNTHETIC_ML_DATASET,NORMAL,0
BRT,BRT_VIB_001,2026-03-01T09:30:00+00:00,0.8159548721484736,mm/s,GOOD,SYNTHETIC_ML_DATASET,NORMAL,0
BRT,BRT_HUM_001,2026-03-01T09:31:00+00:00,60.326853678154094,%,GOOD,SYNTHETIC_ML_DATASET,NORMAL,0
BRT,BRT_POWER_001,2026-03-01T09:31:00+00:00,43.18110138267465,kW,GOOD,SYNTHETIC_ML_DATASET,NORMAL,0
BRT,BRT_PRESS_001,2026-03-01T09:31:00+00:00,984.3407798455517,hPa,GOOD,SYNTHETIC_ML_DATASET,NORMAL,0
BRT,BRT_TEMP_001,2026-03-01T09:31:00+00:00,-10.521362334453224,C,GOOD,SYNTHETIC_ML_DATASET,NORMAL,0
BRT,BRT_VIB_001,2026-03-01T09:31:00+00:00,0.7954561828818489,mm/s,GOOD,SYNTHETIC_ML_DATASET,NORMAL,0
BRT,BRT_HUM_001,2026-03-01T09:32:00+00:00,60.96563022949535,%,GOOD,SYNTHETIC_ML_DATASET,NORMAL,0
BRT,BRT_POWER_001,2026-03-01T09:32:00+00:00,43.16885774708764,kW,GOOD,SYNTHETIC_ML_DATASET,NORMAL,0
BRT,BRT_PRESS_001,2026-03-01T09:32:00+00:00,984.4623276262804,hPa,GOOD,SYNTHETIC_ML_DATASET,NORMAL,0
BRT,BRT_TEMP_001,2026-03-01T09:32:00+00:00,-10.322936020623127,C,GOOD,SYNTHETIC_ML_DATASET,NORMAL,0
BRT,BRT_VIB_001,2026-03-01T09:32:00+00:00,0.8010376562328418,mm/s,GOOD,SYNTHETIC_ML_DATASET,NORMAL,0
BRT,BRT_HUM_001,2026-03-01T09:33:00+00:00,60.680983071674255,%,GOOD,SYNTHETIC_ML_DATASET,NORMAL,0
BRT,BRT_POWER_001,2026-03-01T09:33:00+00:00,43.56472103172822,kW,GOOD,SYNTHETIC_ML_DATASET,NORMAL,0
BRT,BRT_PRESS_001,2026-03-01T09:33:00+00:00,984.6053066248857,hPa,GOOD,SYNTHETIC_ML_DATASET,NORMAL,0
BRT,BRT_TEMP_001,2026-03-01T09:33:00+00:00,-10.457953117583592,C,GOOD,SYNTHETIC_ML_DATASET,NORMAL,0
BRT,BRT_VIB_001,2026-03-01T09:33:00+00:00,0.801404614925815,mm/s,GOOD,SYNTHETIC_ML_DATASET,NORMAL,0
BRT,BRT_HUM_001,2026-03-01T09:34:00+00:00,59.23106321886523,%,GOOD,SYNTHETIC_ML_DATASET,NORMAL,0
BRT,BRT_POWER_001,2026-03-01T09:34:00+00:00,43.672530216821315,kW,GOOD,SYNTHETIC_ML_DATASET,NORMAL,0
BRT,BRT_PRESS_001,2026-03-01T09:34:00+00:00,984.5864688040325,hPa,GOOD,SYNTHETIC_ML_DATASET,NORMAL,0
BRT,BRT_TEMP_001,2026-03-01T09:34:00+00:00,-10.378408007017311,C,GOOD,SYNTHETIC_ML_DATASET,NORMAL,0
BRT,BRT_VIB_001,2026-03-01T09:34:00+00:00,0.8139095805587543,mm/s,GOOD,SYNTHETIC_ML_DATASET,NORMAL,0
BRT,BRT_HUM_001,2026-03-01T09:35:00+00:00,59.3493792894522,%,GOOD,SYNTHETIC_ML_DATASET,NORMAL,0
BRT,BRT_POWER_001,2026-03-01T09:35:00+00:00,43.47954397243677,kW,GOOD,SYNTHETIC_ML_DATASET,NORMAL,0
BRT,BRT_PRESS_001,2026-03-01T09:35:00+00:00,984.5523424108715,hPa,GOOD,SYNTHETIC_ML_DATASET,NORMAL,0
BRT,BRT_TEMP_001,2026-03-01T09:35:00+00:00,-10.379748670148688,C,GOOD,SYNTHETIC_ML_DATASET,NORMAL,0
BRT,BRT_VIB_001,2026-03-01T09:35:00+00:00,0.834699458594436,mm/s,GOOD,SYNTHETIC_ML_DATASET,NORMAL,0
BRT,BRT_HUM_001,2026-03-01T09:36:00+00:00,59.47283565404762,%,GOOD,SYNTHETIC_ML_DATASET,NORMAL,0
BRT,BRT_POWER_001,2026-03-01T09:36:00+00:00,44.21642524865663,kW,GOOD,SYNTHETIC_ML_DATASET,NORMAL,0
BRT,BRT_PRESS_001,2026-03-01T09:36:00+00:00,984.7272580021717,hPa,GOOD,SYNTHETIC_ML_DATASET,NORMAL,0
BRT,BRT_TEMP_001,2026-03-01T09:36:00+00:00,-10.286753170299319,C,GOOD,SYNTHETIC_ML_DATASET,NORMAL,0
BRT,BRT_VIB_001,2026-03-01T09:36:00+00:00,0.8174309585928055,mm/s,GOOD,SYNTHETIC_ML_DATASET,NORMAL,0
BRT,BRT_HUM_001,2026-03-01T09:37:00+00:00,59.2739673427927,%,GOOD,SYNTHETIC_ML_DATASET,NORMAL,0
BRT,BRT_POWER_001,2026-03-01T09:37:00+00:00,43.9869986642448,kW,GOOD,SYNTHETIC_ML_DATASET,NORMAL,0
BRT,BRT_PRESS_001,2026-03-01T09:37:00+00:00,984.9961293062215,hPa,GOOD,SYNTHETIC_ML_DATASET,NORMAL,0
BRT,BRT_TEMP_001,2026-03-01T09:37:00+00:00,-10.098979423304586,C,GOOD,SYNTHETIC_ML_DATASET,NORMAL,0
BRT,BRT_VIB_001,2026-03-01T09:37:00+00:00,0.851983888369896,mm/s,GOOD,SYNTHETIC_ML_DATASET,NORMAL,0
BRT,BRT_HUM_001,2026-03-01T09:38:00+00:00,59.4386949281767,%,GOOD,SYNTHETIC_ML_DATASET,NORMAL,0
BRT,BRT_POWER_001,2026-03-01T09:38:00+00:00,44.1852836032394,kW,GOOD,SYNTHETIC_ML_DATASET,NORMAL,0
BRT,BRT_PRESS_001,2026-03-01T09:38:00+00:00,984.9480386935923,hPa,GOOD,SYNTHETIC_ML_DATASET,NORMAL,0
BRT,BRT_TEMP_001,2026-03-01T09:38:00+00:00,-9.808453089380436,C,GOOD,SYNTHETIC_ML_DATASET,NORMAL,0
BRT,BRT_VIB_001,2026-03-01T09:38:00+00:00,0.8264354739583454,mm/s,GOOD,SYNTHETIC_ML_DATASET,NORMAL,0
BRT,BRT_HUM_001,2026-03-01T09:39:00+00:00,59.00528919999739,%,GOOD,SYNTHETIC_ML_DATASET,NORMAL,0
BRT,BRT_POWER_001,2026-03-01T09:39:00+00:00,45.08705965770226,kW,GOOD,SYNTHETIC_ML_DATASET,NORMAL,0
BRT,BRT_PRESS_001,2026-03-01T09:39:00+00:00,985.061974925095,hPa,GOOD,SYNTHETIC_ML_DATASET,NORMAL,0
BRT,BRT_TEMP_001,2026-03-01T09:39:00+00:00,-9.682325304987595,C,GOOD,SYNTHETIC_ML_DATASET,NORMAL,0
BRT,BRT_VIB_001,2026-03-01T09:39:00+00:00,0.8305462299843723,mm/s,GOOD,SYNTHETIC_ML_DATASET,NORMAL,0
BRT,BRT_HUM_001,2026-03-01T09:40:00+00:00,60.09458236140688,%,GOOD,SYNTHETIC_ML_DATASET,NORMAL,0
BRT,BRT_POWER_001,2026-03-01T09:40:00+00:00,44.69721469908791,kW,GOOD,SYNTHETIC_ML_DATASET,NORMAL,0
BRT,BRT_PRESS_001,2026-03-01T09:40:00+00:00,985.3590815506404,hPa,GOOD,SYNTHETIC_ML_DATASET,NORMAL,0
BRT,BRT_TEMP_001,2026-03-01T09:40:00+00:00,-10.077336024439996,C,GOOD,SYNTHETIC_ML_DATASET,NORMAL,0
BRT,BRT_VIB_001,2026-03-01T09:40:00+00:00,0.8539399322127711,mm/s,GOOD,SYNTHETIC_ML_DATASET,NORMAL,0
BRT,BRT_HUM_001,2026-03-01T09:41:00+00:00,60.015980144842175,%,GOOD,SYNTHETIC_ML_DATASET,NORMAL,0
BRT,BRT_POWER_001,2026-03-01T09:41:00+00:00,44.20009210828695,kW,GOOD,SYNTHETIC_ML_DATASET,NORMAL,0
BRT,BRT_PRESS_001,2026-03-01T09:41:00+00:00,985.2306616721303,hPa,GOOD,SYNTHETIC_ML_DATASET,NORMAL,0
BRT,BRT_TEMP_001,2026-03-01T09:41:00+00:00,-9.890046108771228,C,GOOD,SYNTHETIC_ML_DATASET,NORMAL,0
BRT,BRT_VIB_001,2026-03-01T09:41:00+00:00,0.8537906557269577,mm/s,GOOD,SYNTHETIC_ML_DATASET,NORMAL,0
BRT,BRT_HUM_001,2026-03-01T09:42:00+00:00,61.062301678252915,%,GOOD,SYNTHETIC_ML_DATASET,NORMAL,0
BRT,BRT_POWER_001,2026-03-01T09:42:00+00:00,44.596268340307475,kW,GOOD,SYNTHETIC_ML_DATASET,NORMAL,0
BRT,BRT_PRESS_001,2026-03-01T09:42:00+00:00,985.4957779664855,hPa,GOOD,SYNTHETIC_ML_DATASET,NORMAL,0
BRT,BRT_TEMP_001,2026-03-01T09:42:00+00:00,-9.933892899162982,C,GOOD,SYNTHETIC_ML_DATASET,NORMAL,0
BRT,BRT_VIB_001,2026-03-01T09:42:00+00:00,0.8516607013705515,mm/s,GOOD,SYNTHETIC_ML_DATASET,NORMAL,0
BRT,BRT_HUM_001,2026-03-01T09:43:00+00:00,61.22479199519006,%,GOOD,SYNTHETIC_ML_DATASET,NORMAL,0
BRT,BRT_POWER_001,2026-03-01T09:43:00+00:00,44.532666101223626,kW,GOOD,SYNTHETIC_ML_DATASET,NORMAL,0
BRT,BRT_PRESS_001,2026-03-01T09:43:00+00:00,985.6059946552868,hPa,GOOD,SYNTHETIC_ML_DATASET,NORMAL,0
BRT,BRT_TEMP_001,2026-03-01T09:43:00+00:00,-9.89484386237601,C,GOOD,SYNTHETIC_ML_DATASET,NORMAL,0
BRT,BRT_VIB_001,2026-03-01T09:43:00+00:00,0.8317237846152071,mm/s,GOOD,SYNTHETIC_ML_DATASET,NORMAL,0
BRT,BRT_HUM_001,2026-03-01T09:44:00+00:00,60.166360961174824,%,GOOD,SYNTHETIC_ML_DATASET,NORMAL,0
BRT,BRT_POWER_001,2026-03-01T09:44:00+00:00,44.66821354717521,kW,GOOD,SYNTHETIC_ML_DATASET,NORMAL,0
BRT,BRT_PRESS_001,2026-03-01T09:44:00+00:00,985.5326731861763,hPa,GOOD,SYNTHETIC_ML_DATASET,NORMAL,0
BRT,BRT_TEMP_001,2026-03-01T09:44:00+00:00,-9.716795185607797,C,GOOD,SYNTHETIC_ML_DATASET,NORMAL,0
BRT,BRT_VIB_001,2026-03-01T09:44:00+00:00,0.8279110127453893,mm/s,GOOD,SYNTHETIC_ML_DATASET,NORMAL,0
BRT,BRT_HUM_001,2026-03-01T09:45:00+00:00,62.17083640416133,%,GOOD,SYNTHETIC_ML_DATASET,NORMAL,0
BRT,BRT_POWER_001,2026-03-01T09:45:00+00:00,44.489850929126824,kW,GOOD,SYNTHETIC_ML_DATASET,NORMAL,0
BRT,BRT_PRESS_001,2026-03-01T09:45:00+00:00,985.4901380292482,hPa,GOOD,SYNTHETIC_ML_DATASET,NORMAL,0
BRT,BRT_TEMP_001,2026-03-01T09:45:00+00:00,-9.379922807593159,C,GOOD,SYNTHETIC_ML_DATASET,NORMAL,0
BRT,BRT_VIB_001,2026-03-01T09:45:00+00:00,0.8253190482173974,mm/s,GOOD,SYNTHETIC_ML_DATASET,NORMAL,0
BRT,BRT_HUM_001,2026-03-01T09:46:00+00:00,62.149931060012634,%,GOOD,SYNTHETIC_ML_DATASET,NORMAL,0
BRT,BRT_POWER_001,2026-03-01T09:46:00+00:00,45.101988688080894,kW,GOOD,SYNTHETIC_ML_DATASET,NORMAL,0
BRT,BRT_PRESS_001,2026-03-01T09:46:00+00:00,985.7697100884048,hPa,GOOD,SYNTHETIC_ML_DATASET,NORMAL,0
BRT,BRT_TEMP_001,2026-03-01T09:46:00+00:00,-9.502783735649365,C,GOOD,SYNTHETIC_ML_DATASET,NORMAL,0
BRT,BRT_VIB_001,2026-03-01T09:46:00+00:00,0.8202951774018823,mm/s,GOOD,SYNTHETIC_ML_DATASET,NORMAL,0
BRT,BRT_HUM_001,2026-03-01T09:47:00+00:00,62.04999162801631,%,GOOD,SYNTHETIC_ML_DATASET,NORMAL,0
BRT,BRT_POWER_001,2026-03-01T09:47:00+00:00,44.71416867019079,kW,GOOD,SYNTHETIC_ML_DATASET,NORMAL,0
BRT,BRT_PRESS_001,2026-03-01T09:47:00+00:00,985.6228190763964,hPa,GOOD,SYNTHETIC_ML_DATASET,NORMAL,0
BRT,BRT_TEMP_001,2026-03-01T09:47:00+00:00,-9.354039132432288,C,GOOD,SYNTHETIC_ML_DATASET,NORMAL,0
BRT,BRT_VIB_001,2026-03-01T09:47:00+00:00,0.8109166077035386,mm/s,GOOD,SYNTHETIC_ML_DATASET,NORMAL,0
BRT,BRT_HUM_001,2026-03-01T09:48:00+00:00,61.801153848130866,%,GOOD,SYNTHETIC_ML_DATASET,NORMAL,0
BRT,BRT_POWER_001,2026-03-01T09:48:00+00:00,45.05763777300844,kW,GOOD,SYNTHETIC_ML_DATASET,NORMAL,0
BRT,BRT_PRESS_001,2026-03-01T09:48:00+00:00,985.7338789214766,hPa,GOOD,SYNTHETIC_ML_DATASET,NORMAL,0
BRT,BRT_TEMP_001,2026-03-01T09:48:00+00:00,-9.356895801960622,C,GOOD,SYNTHETIC_ML_DATASET,NORMAL,0
BRT,BRT_VIB_001,2026-03-01T09:48:00+00:00,0.8339432925899978,mm/s,GOOD,SYNTHETIC_ML_DATASET,NORMAL,0
BRT,BRT_HUM_001,2026-03-01T09:49:00+00:00,61.86279916666774,%,GOOD,SYNTHETIC_ML_DATASET,NORMAL,0
BRT,BRT_POWER_001,2026-03-01T09:49:00+00:00,44.76073220740339,kW,GOOD,SYNTHETIC_ML_DATASET,NORMAL,0
BRT,BRT_PRESS_001,2026-03-01T09:49:00+00:00,985.7132216306994,hPa,GOOD,SYNTHETIC_ML_DATASET,NORMAL,0
BRT,BRT_TEMP_001,2026-03-01T09:49:00+00:00,-9.084626113038247,C,GOOD,SYNTHETIC_ML_DATASET,NORMAL,0
BRT,BRT_VIB_001,2026-03-01T09:49:00+00:00,0.8208312588300705,mm/s,GOOD,SYNTHETIC_ML_DATASET,NORMAL,0
BRT,BRT_HUM_001,2026-03-01T09:50:00+00:00,62.421070038497234,%,GOOD,SYNTHETIC_ML_DATASET,NORMAL,0
BRT,BRT_POWER_001,2026-03-01T09:50:00+00:00,45.208870337818546,kW,GOOD,SYNTHETIC_ML_DATASET,NORMAL,0
BRT,BRT_PRESS_001,2026-03-01T09:50:00+00:00,985.6501355748063,hPa,GOOD,SYNTHETIC_ML_DATASET,NORMAL,0
BRT,BRT_TEMP_001,2026-03-01T09:50:00+00:00,-9.272616811091252,C,GOOD,SYNTHETIC_ML_DATASET,NORMAL,0
BRT,BRT_VIB_001,2026-03-01T09:50:00+00:00,0.8659497316479464,mm/s,GOOD,SYNTHETIC_ML_DATASET,NORMAL,0
BRT,BRT_HUM_001,2026-03-01T09:51:00+00:00,62.84563150346798,%,GOOD,SYNTHETIC_ML_DATASET,NORMAL,0
BRT,BRT_POWER_001,2026-03-01T09:51:00+00:00,44.85907905365775,kW,GOOD,SYNTHETIC_ML_DATASET,NORMAL,0
BRT,BRT_PRESS_001,2026-03-01T09:51:00+00:00,985.8635469887125,hPa,GOOD,SYNTHETIC_ML_DATASET,NORMAL,0
BRT,BRT_TEMP_001,2026-03-01T09:51:00+00:00,-8.850689034417448,C,GOOD,SYNTHETIC_ML_DATASET,NORMAL,0
BRT,BRT_VIB_001,2026-03-01T09:51:00+00:00,0.8338464869941347,mm/s,GOOD,SYNTHETIC_ML_DATASET,NORMAL,0
BRT,BRT_HUM_001,2026-03-01T09:52:00+00:00,61.93857358584294,%,GOOD,SYNTHETIC_ML_DATASET,NORMAL,0
BRT,BRT_POWER_001,2026-03-01T09:52:00+00:00,44.67702625388319,kW,GOOD,SYNTHETIC_ML_DATASET,NORMAL,0
BRT,BRT_PRESS_001,2026-03-01T09:52:00+00:00,985.7342373318644,hPa,GOOD,SYNTHETIC_ML_DATASET,NORMAL,0
BRT,BRT_TEMP_001,2026-03-01T09:52:00+00:00,-8.775254807403837,C,GOOD,SYNTHETIC_ML_DATASET,NORMAL,0
BRT,BRT_VIB_001,2026-03-01T09:52:00+00:00,0.7988300185567258,mm/s,GOOD,SYNTHETIC_ML_DATASET,NORMAL,0
BRT,BRT_HUM_001,2026-03-01T09:53:00+00:00,62.076039454761606,%,GOOD,SYNTHETIC_ML_DATASET,NORMAL,0
BRT,BRT_POWER_001,2026-03-01T09:53:00+00:00,44.92227495987933,kW,GOOD,SYNTHETIC_ML_DATASET,NORMAL,0
BRT,BRT_PRESS_001,2026-03-01T09:53:00+00:00,986.0807588158281,hPa,GOOD,SYNTHETIC_ML_DATASET,NORMAL,0
BRT,BRT_TEMP_001,2026-03-01T09:53:00+00:00,-8.831904704640236,C,GOOD,SYNTHETIC_ML_DATASET,NORMAL,0
BRT,BRT_VIB_001,2026-03-01T09:53:00+00:00,0.8169113646875281,mm/s,GOOD,SYNTHETIC_ML_DATASET,NORMAL,0
BRT,BRT_HUM_001,2026-03-01T09:54:00+00:00,62.490595997530505,%,GOOD,SYNTHETIC_ML_DATASET,NORMAL,0
BRT,BRT_POWER_001,2026-03-01T09:54:00+00:00,45.39146030487184,kW,GOOD,SYNTHETIC_ML_DATASET,NORMAL,0
BRT,BRT_PRESS_001,2026-03-01T09:54:00+00:00,986.0341855629086,hPa,GOOD,SYNTHETIC_ML_DATASET,NORMAL,0
BRT,BRT_TEMP_001,2026-03-01T09:54:00+00:00,-9.11600905626753,C,GOOD,SYNTHETIC_ML_DATASET,NORMAL,0
BRT,BRT_VIB_001,2026-03-01T09:54:00+00:00,0.8311722041568405,mm/s,GOOD,SYNTHETIC_ML_DATASET,NORMAL,0
BRT,BRT_HUM_001,2026-03-01T09:55:00+00:00,62.80039338941702,%,GOOD,SYNTHETIC_ML_DATASET,NORMAL,0
BRT,BRT_POWER_001,2026-03-01T09:55:00+00:00,44.93608492907948,kW,GOOD,SYNTHETIC_ML_DATASET,NORMAL,0
BRT,BRT_PRESS_001,2026-03-01T09:55:00+00:00,986.1338198771203,hPa,GOOD,SYNTHETIC_ML_DATASET,NORMAL,0
BRT,BRT_TEMP_001,2026-03-01T09:55:00+00:00,-8.988666115459298,C,GOOD,SYNTHETIC_ML_DATASET,NORMAL,0
BRT,BRT_VIB_001,2026-03-01T09:55:00+00:00,0.8353530467200908,mm/s,GOOD,SYNTHETIC_ML_DATASET,NORMAL,0
BRT,BRT_HUM_001,2026-03-01T09:56:00+00:00,63.52502026888541,%,GOOD,SYNTHETIC_ML_DATASET,NORMAL,0
BRT,BRT_POWER_001,2026-03-01T09:56:00+00:00,45.13435168410093,kW,GOOD,SYNTHETIC_ML_DATASET,NORMAL,0
BRT,BRT_PRESS_001,2026-03-01T09:56:00+00:00,986.0749513299161,hPa,GOOD,SYNTHETIC_ML_DATASET,NORMAL,0
BRT,BRT_TEMP_001,2026-03-01T09:56:00+00:00,-8.735925427284652,C,GOOD,SYNTHETIC_ML_DATASET,NORMAL,0
BRT,BRT_VIB_001,2026-03-01T09:56:00+00:00,0.8449758228123184,mm/s,GOOD,SYNTHETIC_ML_DATASET,NORMAL,0
BRT,BRT_HUM_001,2026-03-01T09:57:00+00:00,64.00349589889726,%,GOOD,SYNTHETIC_ML_DATASET,NORMAL,0
BRT,BRT_POWER_001,2026-03-01T09:57:00+00:00,44.65325174334675,kW,GOOD,SYNTHETIC_ML_DATASET,NORMAL,0
BRT,BRT_PRESS_001,2026-03-01T09:57:00+00:00,986.1312013418383,hPa,GOOD,SYNTHETIC_ML_DATASET,NORMAL,0
BRT,BRT_TEMP_001,2026-03-01T09:57:00+00:00,-8.67355938965815,C,GOOD,SYNTHETIC_ML_DATASET,NORMAL,0
BRT,BRT_VIB_001,2026-03-01T09:57:00+00:00,0.8149895028395017,mm/s,GOOD,SYNTHETIC_ML_DATASET,NORMAL,0
BRT,BRT_HUM_001,2026-03-01T09:58:00+00:00,63.75450387247339,%,GOOD,SYNTHETIC_ML_DATASET,NORMAL,0
BRT,BRT_POWER_001,2026-03-01T09:58:00+00:00,45.53380672567011,kW,GOOD,SYNTHETIC_ML_DATASET,NORMAL,0
BRT,BRT_PRESS_001,2026-03-01T09:58:00+00:00,986.2196258670383,hPa,GOOD,SYNTHETIC_ML_DATASET,NORMAL,0
BRT,BRT_TEMP_001,2026-03-01T09:58:00+00:00,-8.801297963038902,C,GOOD,SYNTHETIC_ML_DATASET,NORMAL,0
BRT,BRT_VIB_001,2026-03-01T09:58:00+00:00,0.847781716436916,mm/s,GOOD,SYNTHETIC_ML_DATASET,NORMAL,0
BRT,BRT_HUM_001,2026-03-01T09:59:00+00:00,64.52095723378727,%,GOOD,SYNTHETIC_ML_DATASET,NORMAL,0
BRT,BRT_POWER_001,2026-03-01T09:59:00+00:00,45.30621836915982,kW,GOOD,SYNTHETIC_ML_DATASET,NORMAL,0
BRT,BRT_PRESS_001,2026-03-01T09:59:00+00:00,986.3985733542806,hPa,GOOD,SYNTHETIC_ML_DATASET,NORMAL,0
BRT,BRT_TEMP_001,2026-03-01T09:59:00+00:00,-8.579436059228577,C,GOOD,SYNTHETIC_ML_DATASET,NORMAL,0
BRT,BRT_VIB_001,2026-03-01T09:59:00+00:00,0.8373588755863187,mm/s,GOOD,SYNTHETIC_ML_DATASET,NORMAL,0
BRT,BRT_HUM_001,2026-03-01T10:00:00+00:00,63.280784586789515,%,GOOD,SYNTHETIC_ML_DATASET,NORMAL,0
BRT,BRT_POWER_001,2026-03-01T10:00:00+00:00,46.06128020563248,kW,GOOD,SYNTHETIC_ML_DATASET,NORMAL,0
BRT,BRT_PRESS_001,2026-03-01T10:00:00+00:00,986.3876758772257,hPa,GOOD,SYNTHETIC_ML_DATASET,NORMAL,0
BRT,BRT_TEMP_001,2026-03-01T10:00:00+00:00,-8.612137473780248,C,GOOD,SYNTHETIC_ML_DATASET,NORMAL,0
BRT,BRT_VIB_001,2026-03-01T10:00:00+00:00,0.8361708844281133,mm/s,GOOD,SYNTHETIC_ML_DATASET,NORMAL,0
BRT,BRT_HUM_001,2026-03-01T10:01:00+00:00,64.51098771323839,%,GOOD,SYNTHETIC_ML_DATASET,NORMAL,0
BRT,BRT_POWER_001,2026-03-01T10:01:00+00:00,45.72544105614551,kW,GOOD,SYNTHETIC_ML_DATASET,NORMAL,0
BRT,BRT_PRESS_001,2026-03-01T10:01:00+00:00,986.3154025985351,hPa,GOOD,SYNTHETIC_ML_DATASET,NORMAL,0
BRT,BRT_TEMP_001,2026-03-01T10:01:00+00:00,-8.379994516211166,C,GOOD,SYNTHETIC_ML_DATASET,NORMAL,0
BRT,BRT_VIB_001,2026-03-01T10:01:00+00:00,0.8290432292058274,mm/s,GOOD,SYNTHETIC_ML_DATASET,NORMAL,0
BRT,BRT_HUM_001,2026-03-01T10:02:00+00:00,64.78751119633868,%,GOOD,SYNTHETIC_ML_DATASET,NORMAL,0
BRT,BRT_POWER_001,2026-03-01T10:02:00+00:00,46.059630182844195,kW,GOOD,SYNTHETIC_ML_DATASET,NORMAL,0
BRT,BRT_PRESS_001,2026-03-01T10:02:00+00:00,986.5113505209988,hPa,GOOD,SYNTHETIC_ML_DATASET,NORMAL,0
BRT,BRT_TEMP_001,2026-03-01T10:02:00+00:00,-8.335985055382114,C,GOOD,SYNTHETIC_ML_DATASET,NORMAL,0
BRT,BRT_VIB_001,2026-03-01T10:02:00+00:00,0.8259962926611137,mm/s,GOOD,SYNTHETIC_ML_DATASET,NORMAL,0
BRT,BRT_HUM_001,2026-03-01T10:03:00+00:00,64.83157296606917,%,GOOD,SYNTHETIC_ML_DATASET,NORMAL,0
BRT,BRT_POWER_001,2026-03-01T10:03:00+00:00,45.93767056847297,kW,GOOD,SYNTHETIC_ML_DATASET,NORMAL,0
BRT,BRT_PRESS_001,2026-03-01T10:03:00+00:00,986.6421517432191,hPa,GOOD,SYNTHETIC_ML_DATASET,NORMAL,0
BRT,BRT_TEMP_001,2026-03-01T10:03:00+00:00,-8.28974461745774,C,GOOD,SYNTHETIC_ML_DATASET,NORMAL,0
BRT,BRT_VIB_001,2026-03-01T10:03:00+00:00,0.8398381654697953,mm/s,GOOD,SYNTHETIC_ML_DATASET,NORMAL,0
BRT,BRT_HUM_001,2026-03-01T10:04:00+00:00,64.53258964265456,%,GOOD,SYNTHETIC_ML_DATASET,NORMAL,0
BRT,BRT_POWER_001,2026-03-01T10:04:00+00:00,45.34914580270592,kW,GOOD,SYNTHETIC_ML_DATASET,NORMAL,0
BRT,BRT_PRESS_001,2026-03-01T10:04:00+00:00,986.5638021972693,hPa,GOOD,SYNTHETIC_ML_DATASET,NORMAL,0
BRT,BRT_TEMP_001,2026-03-01T10:04:00+00:00,-8.171275062855646,C,GOOD,SYNTHETIC_ML_DATASET,NORMAL,0
BRT,BRT_VIB_001,2026-03-01T10:04:00+00:00,0.8285670325653328,mm/s,GOOD,SYNTHETIC_ML_DATASET,NORMAL,0
BRT,BRT_HUM_001,2026-03-01T10:05:00+00:00,63.67788142178141,%,GOOD,SYNTHETIC_ML_DATASET,NORMAL,0
BRT,BRT_POWER_001,2026-03-01T10:05:00+00:00,45.16516486867689,kW,GOOD,SYNTHETIC_ML_DATASET,NORMAL,0
BRT,BRT_PRESS_001,2026-03-01T10:05:00+00:00,986.6296342483108,hPa,GOOD,SYNTHETIC_ML_DATASET,NORMAL,0
BRT,BRT_TEMP_001,2026-03-01T10:05:00+00:00,-8.26141618506664,C,GOOD,SYNTHETIC_ML_DATASET,NORMAL,0
BRT,BRT_VIB_001,2026-03-01T10:05:00+00:00,0.8435607858333322,mm/s,GOOD,SYNTHETIC_ML_DATASET,NORMAL,0
BRT,BRT_HUM_001,2026-03-01T10:06:00+00:00,64.286967758566,%,GOOD,SYNTHETIC_ML_DATASET,NORMAL,0
BRT,BRT_POWER_001,2026-03-01T10:06:00+00:00,45.48930375415175,kW,GOOD,SYNTHETIC_ML_DATASET,NORMAL,0
BRT,BRT_PRESS_001,2026-03-01T10:06:00+00:00,986.7088683937912,hPa,GOOD,SYNTHETIC_ML_DATASET,NORMAL,0
BRT,BRT_TEMP_001,2026-03-01T10:06:00+00:00,-8.127041830744721,C,GOOD,SYNTHETIC_ML_DATASET,NORMAL,0
BRT,BRT_VIB_001,2026-03-01T10:06:00+00:00,0.8345581386309688,mm/s,GOOD,SYNTHETIC_ML_DATASET,NORMAL,0
BRT,BRT_HUM_001,2026-03-01T10:07:00+00:00,63.996530457688344,%,GOOD,SYNTHETIC_ML_DATASET,NORMAL,0
BRT,BRT_POWER_001,2026-03-01T10:07:00+00:00,45.461230975886195,kW,GOOD,SYNTHETIC_ML_DATASET,NORMAL,0
BRT,BRT_PRESS_001,2026-03-01T10:07:00+00:00,986.5282599684457,hPa,GOOD,SYNTHETIC_ML_DATASET,NORMAL,0
BRT,BRT_TEMP_001,2026-03-01T10:07:00+00:00,-7.933709508614663,C,GOOD,SYNTHETIC_ML_DATASET,NORMAL,0
BRT,BRT_VIB_001,2026-03-01T10:07:00+00:00,0.8144774210237271,mm/s,GOOD,SYNTHETIC_ML_DATASET,NORMAL,0
BRT,BRT_HUM_001,2026-03-01T10:08:00+00:00,64.15157807460564,%,GOOD,SYNTHETIC_ML_DATASET,NORMAL,0
BRT,BRT_POWER_001,2026-03-01T10:08:00+00:00,45.66283850631772,kW,GOOD,SYNTHETIC_ML_DATASET,NORMAL,0
BRT,BRT_PRESS_001,2026-03-01T10:08:00+00:00,986.675865834221,hPa,GOOD,SYNTHETIC_ML_DATASET,NORMAL,0
BRT,BRT_TEMP_001,2026-03-01T10:08:00+00:00,-7.9199073609957065,C,GOOD,SYNTHETIC_ML_DATASET,NORMAL,0
BRT,BRT_VIB_001,2026-03-01T10:08:00+00:00,0.7826244223045825,mm/s,GOOD,SYNTHETIC_ML_DATASET,NORMAL,0
BRT,BRT_HUM_001,2026-03-01T10:09:00+00:00,63.83348981584598,%,GOOD,SYNTHETIC_ML_DATASET,NORMAL,0
BRT,BRT_POWER_001,2026-03-01T10:09:00+00:00,45.89550509355168,kW,GOOD,SYNTHETIC_ML_DATASET,NORMAL,0
BRT,BRT_PRESS_001,2026-03-01T10:09:00+00:00,986.7257801565382,hPa,GOOD,SYNTHETIC_ML_DATASET,NORMAL,0
BRT,BRT_TEMP_001,2026-03-01T10:09:00+00:00,-8.025322680583734,C,GOOD,SYNTHETIC_ML_DATASET,NORMAL,0
BRT,BRT_VIB_001,2026-03-01T10:09:00+00:00,0.7974467309075122,mm/s,GOOD,SYNTHETIC_ML_DATASET,NORMAL,0
BRT,BRT_HUM_001,2026-03-01T10:10:00+00:00,64.59908022110896,%,GOOD,SYNTHETIC_ML_DATASET,NORMAL,0
BRT,BRT_POWER_001,2026-03-01T10:10:00+00:00,46.59539418973804,kW,GOOD,SYNTHETIC_ML_DATASET,NORMAL,0
BRT,BRT_PRESS_001,2026-03-01T10:10:00+00:00,986.7921117523514,hPa,GOOD,SYNTHETIC_ML_DATASET,NORMAL,0
BRT,BRT_TEMP_001,2026-03-01T10:10:00+00:00,-8.091093057834135,C,GOOD,SYNTHETIC_ML_DATASET,NORMAL,0
BRT,BRT_VIB_001,2026-03-01T10:10:00+00:00,0.773957917706073,mm/s,GOOD,SYNTHETIC_ML_DATASET,NORMAL,0
BRT,BRT_HUM_001,2026-03-01T10:11:00+00:00,65.17312481829264,%,GOOD,SYNTHETIC_ML_DATASET,NORMAL,0
BRT,BRT_POWER_001,2026-03-01T10:11:00+00:00,46.09539918184955,kW,GOOD,SYNTHETIC_ML_DATASET,NORMAL,0
BRT,BRT_PRESS_001,2026-03-01T10:11:00+00:00,987.0642564081357,hPa,GOOD,SYNTHETIC_ML_DATASET,NORMAL,0
BRT,BRT_TEMP_001,2026-03-01T10:11:00+00:00,-7.737663518658928,C,GOOD,SYNTHETIC_ML_DATASET,NORMAL,0
BRT,BRT_VIB_001,2026-03-01T10:11:00+00:00,0.8121837987452252,mm/s,GOOD,SYNTHETIC_ML_DATASET,NORMAL,0
BRT,BRT_HUM_001,2026-03-01T10:12:00+00:00,65.07445045955977,%,GOOD,SYNTHETIC_ML_DATASET,NORMAL,0
BRT,BRT_POWER_001,2026-03-01T10:12:00+00:00,46.4774619832739,kW,GOOD,SYNTHETIC_ML_DATASET,NORMAL,0
BRT,BRT_PRESS_001,2026-03-01T10:12:00+00:00,986.8352363393677,hPa,GOOD,SYNTHETIC_ML_DATASET,NORMAL,0
BRT,BRT_TEMP_001,2026-03-01T10:12:00+00:00,-7.954034684831032,C,GOOD,SYNTHETIC_ML_DATASET,NORMAL,0
BRT,BRT_VIB_001,2026-03-01T10:12:00+00:00,0.8243582958119281,mm/s,GOOD,SYNTHETIC_ML_DATASET,NORMAL,0
BRT,BRT_HUM_001,2026-03-01T10:13:00+00:00,65.08319923082553,%,GOOD,SYNTHETIC_ML_DATASET,NORMAL,0
BRT,BRT_POWER_001,2026-03-01T10:13:00+00:00,46.145943152451615,kW,GOOD,SYNTHETIC_ML_DATASET,NORMAL,0
BRT,BRT_PRESS_001,2026-03-01T10:13:00+00:00,986.9475091489878,hPa,GOOD,SYNTHETIC_ML_DATASET,NORMAL,0
BRT,BRT_TEMP_001,2026-03-01T10:13:00+00:00,-7.818416561732968,C,GOOD,SYNTHETIC_ML_DATASET,NORMAL,0
BRT,BRT_VIB_001,2026-03-01T10:13:00+00:00,0.7966855956025809,mm/s,GOOD,SYNTHETIC_ML_DATASET,NORMAL,0
BRT,BRT_HUM_001,2026-03-01T10:14:00+00:00,65.00415803787372,%,GOOD,SYNTHETIC_ML_DATASET,NORMAL,0
BRT,BRT_POWER_001,2026-03-01T10:14:00+00:00,46.32178292476543,kW,GOOD,SYNTHETIC_ML_DATASET,NORMAL,0
BRT,BRT_PRESS_001,2026-03-01T10:14:00+00:00,987.1402402242803,hPa,GOOD,SYNTHETIC_ML_DATASET,NORMAL,0
BRT,BRT_TEMP_001,2026-03-01T10:14:00+00:00,-7.980283904218141,C,GOOD,SYNTHETIC_ML_DATASET,NORMAL,0
BRT,BRT_VIB_001,2026-03-01T10:14:00+00:00,0.8128669268893539,mm/s,GOOD,SYNTHETIC_ML_DATASET,NORMAL,0
BRT,BRT_HUM_001,2026-03-01T10:15:00+00:00,65.69088533244205,%,GOOD,SYNTHETIC_ML_DATASET,NORMAL,0
BRT,BRT_POWER_001,2026-03-01T10:15:00+00:00,46.40909216019166,kW,GOOD,SYNTHETIC_ML_DATASET,NORMAL,0
BRT,BRT_PRESS_001,2026-03-01T10:15:00+00:00,986.9021939205262,hPa,GOOD,SYNTHETIC_ML_DATASET,NORMAL,0
BRT,BRT_TEMP_001,2026-03-01T10:15:00+00:00,-7.907504280491204,C,GOOD,SYNTHETIC_ML_DATASET,NORMAL,0
BRT,BRT_VIB_001,2026-03-01T10:15:00+00:00,0.7838750111728956,mm/s,GOOD,SYNTHETIC_ML_DATASET,NORMAL,0
BRT,BRT_HUM_001,2026-03-01T10:16:00+00:00,65.52028837944361,%,GOOD,SYNTHETIC_ML_DATASET,NORMAL,0
BRT,BRT_POWER_001,2026-03-01T10:16:00+00:00,45.85606711234406,kW,GOOD,SYNTHETIC_ML_DATASET,NORMAL,0
BRT,BRT_PRESS_001,2026-03-01T10:16:00+00:00,987.0143349462192,hPa,GOOD,SYNTHETIC_ML_DATASET,NORMAL,0
BRT,BRT_TEMP_001,2026-03-01T10:16:00+00:00,-7.6970401751042425,C,GOOD,SYNTHETIC_ML_DATASET,NORMAL,0
BRT,BRT_VIB_001,2026-03-01T10:16:00+00:00,0.8010693490922258,mm/s,GOOD,SYNTHETIC_ML_DATASET,NORMAL,0
BRT,BRT_HUM_001,2026-03-01T10:17:00+00:00,65.83223721009034,%,GOOD,SYNTHETIC_ML_DATASET,NORMAL,0
BRT,BRT_POWER_001,2026-03-01T10:17:00+00:00,46.58746553343954,kW,GOOD,SYNTHETIC_ML_DATASET,NORMAL,0
BRT,BRT_PRESS_001,2026-03-01T10:17:00+00:00,987.091787471375,hPa,GOOD,SYNTHETIC_ML_DATASET,NORMAL,0
BRT,BRT_TEMP_001,2026-03-01T10:17:00+00:00,-7.508609692692261,C,GOOD,SYNTHETIC_ML_DATASET,NORMAL,0
BRT,BRT_VIB_001,2026-03-01T10:17:00+00:00,0.7672340640908266,mm/s,GOOD,SYNTHETIC_ML_DATASET,NORMAL,0
BRT,BRT_HUM_001,2026-03-01T10:18:00+00:00,64.79219485146952,%,GOOD,SYNTHETIC_ML_DATASET,NORMAL,0
BRT,BRT_POWER_001,2026-03-01T10:18:00+00:00,46.18384488772898,kW,GOOD,SYNTHETIC_ML_DATASET,NORMAL,0
BRT,BRT_PRESS_001,2026-03-01T10:18:00+00:00,987.2115446563593,hPa,GOOD,SYNTHETIC_ML_DATASET,NORMAL,0
BRT,BRT_TEMP_001,2026-03-01T10:18:00+00:00,-7.680857040511101,C,GOOD,SYNTHETIC_ML_DATASET,NORMAL,0
BRT,BRT_VIB_001,2026-03-01T10:18:00+00:00,0.801293913399045,mm/s,GOOD,SYNTHETIC_ML_DATASET,NORMAL,0
BRT,BRT_HUM_001,2026-03-01T10:19:00+00:00,65.6438432679764,%,GOOD,SYNTHETIC_ML_DATASET,NORMAL,0
BRT,BRT_POWER_001,2026-03-01T10:19:00+00:00,46.2923264030827,kW,GOOD,SYNTHETIC_ML_DATASET,NORMAL,0
BRT,BRT_PRESS_001,2026-03-01T10:19:00+00:00,987.1790469013326,hPa,GOOD,SYNTHETIC_ML_DATASET,NORMAL,0
BRT,BRT_TEMP_001,2026-03-01T10:19:00+00:00,-7.225264093199573,C,GOOD,SYNTHETIC_ML_DATASET,NORMAL,0
BRT,BRT_VIB_001,2026-03-01T10:19:00+00:00,0.8146053789840056,mm/s,GOOD,SYNTHETIC_ML_DATASET,NORMAL,0
BRT,BRT_HUM_001,2026-03-01T10:20:00+00:00,65.4935524223219,%,GOOD,SYNTHETIC_ML_DATASET,NORMAL,0
BRT,BRT_POWER_001,2026-03-01T10:20:00+00:00,47.38419778673469,kW,GOOD,SYNTHETIC_ML_DATASET,NORMAL,0
BRT,BRT_PRESS_001,2026-03-01T10:20:00+00:00,987.219072624375,hPa,GOOD,SYNTHETIC_ML_DATASET,NORMAL,0
BRT,BRT_TEMP_001,2026-03-01T10:20:00+00:00,-7.45687679560996,C,GOOD,SYNTHETIC_ML_DATASET,NORMAL,0
BRT,BRT_VIB_001,2026-03-01T10:20:00+00:00,0.8150291390981641,mm/s,GOOD,SYNTHETIC_ML_DATASET,NORMAL,0
BRT,BRT_HUM_001,2026-03-01T10:21:00+00:00,65.23855343537868,%,GOOD,SYNTHETIC_ML_DATASET,NORMAL,0
BRT,BRT_POWER_001,2026-03-01T10:21:00+00:00,47.59512594849057,kW,GOOD,SYNTHETIC_ML_DATASET,NORMAL,0
BRT,BRT_PRESS_001,2026-03-01T10:21:00+00:00,987.1330665011222,hPa,GOOD,SYNTHETIC_ML_DATASET,NORMAL,0
BRT,BRT_TEMP_001,2026-03-01T10:21:00+00:00,-7.398002350390737,C,GOOD,SYNTHETIC_ML_DATASET,NORMAL,0
BRT,BRT_VIB_001,2026-03-01T10:21:00+00:00,0.8321341520176967,mm/s,GOOD,SYNTHETIC_ML_DATASET,NORMAL,0
BRT,BRT_HUM_001,2026-03-01T10:22:00+00:00,66.33728834018748,%,GOOD,SYNTHETIC_ML_DATASET,NORMAL,0
BRT,BRT_POWER_001,2026-03-01T10:22:00+00:00,47.38753611449681,kW,GOOD,SYNTHETIC_ML_DATASET,NORMAL,0
BRT,BRT_PRESS_001,2026-03-01T10:22:00+00:00,987.1802145357354,hPa,GOOD,SYNTHETIC_ML_DATASET,NORMAL,0
BRT,BRT_TEMP_001,2026-03-01T10:22:00+00:00,-7.086117224137244,C,GOOD,SYNTHETIC_ML_DATASET,NORMAL,0
BRT,BRT_VIB_001,2026-03-01T10:22:00+00:00,0.826273983303282,mm/s,GOOD,SYNTHETIC_ML_DATASET,NORMAL,0
BRT,BRT_HUM_001,2026-03-01T10:23:00+00:00,65.71473930455066,%,GOOD,SYNTHETIC_ML_DATASET,NORMAL,0
BRT,BRT_POWER_001,2026-03-01T10:23:00+00:00,47.70177969486526,kW,GOOD,SYNTHETIC_ML_DATASET,NORMAL,0
BRT,BRT_PRESS_001,2026-03-01T10:23:00+00:00,987.2388065538947,hPa,GOOD,SYNTHETIC_ML_DATASET,NORMAL,0
BRT,BRT_TEMP_001,2026-03-01T10:23:00+00:00,-7.233091660481139,C,GOOD,SYNTHETIC_ML_DATASET,NORMAL,0
BRT,BRT_VIB_001,2026-03-01T10:23:00+00:00,0.8361382678069457,mm/s,GOOD,SYNTHETIC_ML_DATASET,NORMAL,0
BRT,BRT_HUM_001,2026-03-01T10:24:00+00:00,65.6455664990809,%,GOOD,SYNTHETIC_ML_DATASET,NORMAL,0
BRT,BRT_POWER_001,2026-03-01T10:24:00+00:00,47.590105433355475,kW,GOOD,SYNTHETIC_ML_DATASET,NORMAL,0
BRT,BRT_PRESS_001,2026-03-01T10:24:00+00:00,987.253409699698,hPa,GOOD,SYNTHETIC_ML_DATASET,NORMAL,0
BRT,BRT_TEMP_001,2026-03-01T10:24:00+00:00,-7.2178522028047825,C,GOOD,SYNTHETIC_ML_DATASET,NORMAL,0
BRT,BRT_VIB_001,2026-03-01T10:24:00+00:00,0.8202264746057317,mm/s,GOOD,SYNTHETIC_ML_DATASET,NORMAL,0
BRT,BRT_HUM_001,2026-03-01T10:25:00+00:00,65.68033818068842,%,GOOD,SYNTHETIC_ML_DATASET,NORMAL,0
BRT,BRT_POWER_001,2026-03-01T10:25:00+00:00,47.542480565962435,kW,GOOD,SYNTHETIC_ML_DATASET,NORMAL,0
BRT,BRT_PRESS_001,2026-03-01T10:25:00+00:00,987.2123833550727,hPa,GOOD,SYNTHETIC_ML_DATASET,NORMAL,0
BRT,BRT_TEMP_001,2026-03-01T10:25:00+00:00,-7.17914605993085,C,GOOD,SYNTHETIC_ML_DATASET,NORMAL,0
BRT,BRT_VIB_001,2026-03-01T10:25:00+00:00,0.8136527649144676,mm/s,GOOD,SYNTHETIC_ML_DATASET,NORMAL,0
BRT,BRT_HUM_001,2026-03-01T10:26:00+00:00,65.45636764696187,%,GOOD,SYNTHETIC_ML_DATASET,NORMAL,0
BRT,BRT_POWER_001,2026-03-01T10:26:00+00:00,47.67066772596807,kW,GOOD,SYNTHETIC_ML_DATASET,NORMAL,0
BRT,BRT_PRESS_001,2026-03-01T10:26:00+00:00,987.0520459256023,hPa,GOOD,SYNTHETIC_ML_DATASET,NORMAL,0
BRT,BRT_TEMP_001,2026-03-01T10:26:00+00:00,-7.011780255535379,C,GOOD,SYNTHETIC_ML_DATASET,NORMAL,0
BRT,BRT_VIB_001,2026-03-01T10:26:00+00:00,0.8305670880126153,mm/s,GOOD,SYNTHETIC_ML_DATASET,NORMAL,0
BRT,BRT_HUM_001,2026-03-01T10:27:00+00:00,64.96047219297574,%,GOOD,SYNTHETIC_ML_DATASET,NORMAL,0
BRT,BRT_POWER_001,2026-03-01T10:27:00+00:00,47.5930503180915,kW,GOOD,SYNTHETIC_ML_DATASET,NORMAL,0
BRT,BRT_PRESS_001,2026-03-01T10:27:00+00:00,987.3545582371393,hPa,GOOD,SYNTHETIC_ML_DATASET,NORMAL,0
BRT,BRT_TEMP_001,2026-03-01T10:27:00+00:00,-6.8248199526393485,C,GOOD,SYNTHETIC_ML_DATASET,NORMAL,0
BRT,BRT_VIB_001,2026-03-01T10:27:00+00:00,0.8631902824692892,mm/s,GOOD,SYNTHETIC_ML_DATASET,NORMAL,0
BRT,BRT_HUM_001,2026-03-01T10:28:00+00:00,64.55349565087789,%,GOOD,SYNTHETIC_ML_DATASET,NORMAL,0
BRT,BRT_POWER_001,2026-03-01T10:28:00+00:00,48.30580859949931,kW,GOOD,SYNTHETIC_ML_DATASET,NORMAL,0
BRT,BRT_PRESS_001,2026-03-01T10:28:00+00:00,987.2035414665613,hPa,GOOD,SYNTHETIC_ML_DATASET,NORMAL,0
BRT,BRT_TEMP_001,2026-03-01T10:28:00+00:00,-7.123097448282858,C,GOOD,SYNTHETIC_ML_DATASET,NORMAL,0
BRT,BRT_VIB_001,2026-03-01T10:28:00+00:00,0.8169519751333474,mm/s,GOOD,SYNTHETIC_ML_DATASET,NORMAL,0
BRT,BRT_HUM_001,2026-03-01T10:29:00+00:00,64.69862911403445,%,GOOD,SYNTHETIC_ML_DATASET,NORMAL,0
BRT,BRT_POWER_001,2026-03-01T10:29:00+00:00,47.888202817072745,kW,GOOD,SYNTHETIC_ML_DATASET,NORMAL,0
BRT,BRT_PRESS_001,2026-03-01T10:29:00+00:00,987.3755965876361,hPa,GOOD,SYNTHETIC_ML_DATASET,NORMAL,0
BRT,BRT_TEMP_001,2026-03-01T10:29:00+00:00,-7.225823346332053,C,GOOD,SYNTHETIC_ML_DATASET,NORMAL,0
BRT,BRT_VIB_001,2026-03-01T10:29:00+00:00,0.8283171805331447,mm/s,GOOD,SYNTHETIC_ML_DATASET,NORMAL,0
BRT,BRT_HUM_001,2026-03-01T10:30:00+00:00,64.87071719663716,%,GOOD,SYNTHETIC_ML_DATASET,NORMAL,0
BRT,BRT_POWER_001,2026-03-01T10:30:00+00:00,47.8816910555241,kW,GOOD,SYNTHETIC_ML_DATASET,NORMAL,0
BRT,BRT_PRESS_001,2026-03-01T10:30:00+00:00,987.3492034134358,hPa,GOOD,SYNTHETIC_ML_DATASET,NORMAL,0
BRT,BRT_TEMP_001,2026-03-01T10:30:00+00:00,-7.009760769196693,C,GOOD,SYNTHETIC_ML_DATASET,NORMAL,0
BRT,BRT_VIB_001,2026-03-01T10:30:00+00:00,0.8699042314926475,mm/s,GOOD,SYNTHETIC_ML_DATASET,NORMAL,0
BRT,BRT_HUM_001,2026-03-01T10:31:00+00:00,65.10519441260314,%,GOOD,SYNTHETIC_ML_DATASET,NORMAL,0
BRT,BRT_POWER_001,2026-03-01T10:31:00+00:00,48.401309319525176,kW,GOOD,SYNTHETIC_ML_DATASET,NORMAL,0
BRT,BRT_PRESS_001,2026-03-01T10:31:00+00:00,987.3482273360007,hPa,GOOD,SYNTHETIC_ML_DATASET,NORMAL,0
BRT,BRT_TEMP_001,2026-03-01T10:31:00+00:00,-6.8428847695918,C,GOOD,SYNTHETIC_ML_DATASET,NORMAL,0
BRT,BRT_VIB_001,2026-03-01T10:31:00+00:00,0.9136353075829898,mm/s,GOOD,SYNTHETIC_ML_DATASET,NORMAL,0
BRT,BRT_HUM_001,2026-03-01T10:32:00+00:00,64.81611318538928,%,GOOD,SYNTHETIC_ML_DATASET,NORMAL,0
BRT,BRT_POWER_001,2026-03-01T10:32:00+00:00,48.20205334525933,kW,GOOD,SYNTHETIC_ML_DATASET,NORMAL,0
BRT,BRT_PRESS_001,2026-03-01T10:32:00+00:00,987.3098931549004,hPa,GOOD,SYNTHETIC_ML_DATASET,NORMAL,0
BRT,BRT_TEMP_001,2026-03-01T10:32:00+00:00,-6.756175589504204,C,GOOD,SYNTHETIC_ML_DATASET,NORMAL,0
BRT,BRT_VIB_001,2026-03-01T10:32:00+00:00,0.8912835443573032,mm/s,GOOD,SYNTHETIC_ML_DATASET,NORMAL,0
BRT,BRT_HUM_001,2026-03-01T10:33:00+00:00,64.32312335515412,%,GOOD,SYNTHETIC_ML_DATASET,NORMAL,0
BRT,BRT_POWER_001,2026-03-01T10:33:00+00:00,48.43315671962007,kW,GOOD,SYNTHETIC_ML_DATASET,NORMAL,0
BRT,BRT_PRESS_001,2026-03-01T10:33:00+00:00,987.3532134891311,hPa,GOOD,SYNTHETIC_ML_DATASET,NORMAL,0
BRT,BRT_TEMP_001,2026-03-01T10:33:00+00:00,-6.903909081863429,C,GOOD,SYNTHETIC_ML_DATASET,NORMAL,0
BRT,BRT_VIB_001,2026-03-01T10:33:00+00:00,0.8802286824115487,mm/s,GOOD,SYNTHETIC_ML_DATASET,NORMAL,0
BRT,BRT_HUM_001,2026-03-01T10:34:00+00:00,64.8913123518817,%,GOOD,SYNTHETIC_ML_DATASET,NORMAL,0
BRT,BRT_POWER_001,2026-03-01T10:34:00+00:00,48.06882095884674,kW,GOOD,SYNTHETIC_ML_DATASET,NORMAL,0
BRT,BRT_PRESS_001,2026-03-01T10:34:00+00:00,987.4932070860382,hPa,GOOD,SYNTHETIC_ML_DATASET,NORMAL,0
BRT,BRT_TEMP_001,2026-03-01T10:34:00+00:00,-6.779140517912564,C,GOOD,SYNTHETIC_ML_DATASET,NORMAL,0
BRT,BRT_VIB_001,2026-03-01T10:34:00+00:00,0.8857102387303856,mm/s,GOOD,SYNTHETIC_ML_DATASET,NORMAL,0
BRT,BRT_HUM_001,2026-03-01T10:35:00+00:00,64.45822907406178,%,GOOD,SYNTHETIC_ML_DATASET,NORMAL,0
BRT,BRT_POWER_001,2026-03-01T10:35:00+00:00,48.73982880971355,kW,GOOD,SYNTHETIC_ML_DATASET,NORMAL,0
BRT,BRT_PRESS_001,2026-03-01T10:35:00+00:00,987.4405328872961,hPa,GOOD,SYNTHETIC_ML_DATASET,NORMAL,0
BRT,BRT_TEMP_001,2026-03-01T10:35:00+00:00,-6.7648860566880655,C,GOOD,SYNTHETIC_ML_DATASET,NORMAL,0
BRT,BRT_VIB_001,2026-03-01T10:35:00+00:00,0.8891833421048521,mm/s,GOOD,SYNTHETIC_ML_DATASET,NORMAL,0
BRT,BRT_HUM_001,2026-03-01T10:36:00+00:00,64.16336322702526,%,GOOD,SYNTHETIC_ML_DATASET,NORMAL,0
BRT,BRT_POWER_001,2026-03-01T10:36:00+00:00,48.47707329756615,kW,GOOD,SYNTHETIC_ML_DATASET,NORMAL,0
BRT,BRT_PRESS_001,2026-03-01T10:36:00+00:00,987.5045851517128,hPa,GOOD,SYNTHETIC_ML_DATASET,NORMAL,0
BRT,BRT_TEMP_001,2026-03-01T10:36:00+00:00,-6.910865871182356,C,GOOD,SYNTHETIC_ML_DATASET,NORMAL,0
BRT,BRT_VIB_001,2026-03-01T10:36:00+00:00,0.8865503865869055,mm/s,GOOD,SYNTHETIC_ML_DATASET,NORMAL,0
BRT,BRT_HUM_001,2026-03-01T10:37:00+00:00,64.36672400533247,%,GOOD,SYNTHETIC_ML_DATASET,NORMAL,0
BRT,BRT_POWER_001,2026-03-01T10:37:00+00:00,48.800136572096676,kW,GOOD,SYNTHETIC_ML_DATASET,NORMAL,0
BRT,BRT_PRESS_001,2026-03-01T10:37:00+00:00,987.5252046189975,hPa,GOOD,SYNTHETIC_ML_DATASET,NORMAL,0
BRT,BRT_TEMP_001,2026-03-01T10:37:00+00:00,-6.971251739705688,C,GOOD,SYNTHETIC_ML_DATASET,NORMAL,0
BRT,BRT_VIB_001,2026-03-01T10:37:00+00:00,0.8885446516223691,mm/s,GOOD,SYNTHETIC_ML_DATASET,NORMAL,0
BRT,BRT_HUM_001,2026-03-01T10:38:00+00:00,64.69310316438943,%,GOOD,SYNTHETIC_ML_DATASET,NORMAL,0
BRT,BRT_POWER_001,2026-03-01T10:38:00+00:00,48.82094852157133,kW,GOOD,SYNTHETIC_ML_DATASET,NORMAL,0
BRT,BRT_PRESS_001,2026-03-01T10:38:00+00:00,987.311550880988,hPa,GOOD,SYNTHETIC_ML_DATASET,NORMAL,0
BRT,BRT_TEMP_001,2026-03-01T10:38:00+00:00,-6.789982619493048,C,GOOD,SYNTHETIC_ML_DATASET,NORMAL,0
BRT,BRT_VIB_001,2026-03-01T10:38:00+00:00,0.9052046621148969,mm/s,GOOD,SYNTHETIC_ML_DATASET,NORMAL,0
BRT,BRT_HUM_001,2026-03-01T10:39:00+00:00,64.23946538608473,%,GOOD,SYNTHETIC_ML_DATASET,NORMAL,0
BRT,BRT_POWER_001,2026-03-01T10:39:00+00:00,48.600393705000094,kW,GOOD,SYNTHETIC_ML_DATASET,NORMAL,0
BRT,BRT_PRESS_001,2026-03-01T10:39:00+00:00,987.3407766237747,hPa,GOOD,SYNTHETIC_ML_DATASET,NORMAL,0
BRT,BRT_TEMP_001,2026-03-01T10:39:00+00:00,-6.842493962416152,C,GOOD,SYNTHETIC_ML_DATASET,NORMAL,0
BRT,BRT_VIB_001,2026-03-01T10:39:00+00:00,0.8701275175891581,mm/s,GOOD,SYNTHETIC_ML_DATASET,NORMAL,0
BRT,BRT_HUM_001,2026-03-01T10:40:00+00:00,65.01232798136016,%,GOOD,SYNTHETIC_ML_DATASET,NORMAL,0
BRT,BRT_POWER_001,2026-03-01T10:40:00+00:00,49.134034711596016,kW,GOOD,SYNTHETIC_ML_DATASET,NORMAL,0
BRT,BRT_PRESS_001,2026-03-01T10:40:00+00:00,987.2938938492304,hPa,GOOD,SYNTHETIC_ML_DATASET,NORMAL,0
BRT,BRT_TEMP_001,2026-03-01T10:40:00+00:00,-6.834461823948963,C,GOOD,SYNTHETIC_ML_DATASET,NORMAL,0
BRT,BRT_VIB_001,2026-03-01T10:40:00+00:00,0.8763529429918698,mm/s,GOOD,SYNTHETIC_ML_DATASET,NORMAL,0
BRT,BRT_HUM_001,2026-03-01T10:41:00+00:00,65.48105321071448,%,GOOD,SYNTHETIC_ML_DATASET,NORMAL,0
BRT,BRT_POWER_001,2026-03-01T10:41:00+00:00,48.34057820048952,kW,GOOD,SYNTHETIC_ML_DATASET,NORMAL,0
BRT,BRT_PRESS_001,2026-03-01T10:41:00+00:00,987.4199770987503,hPa,GOOD,SYNTHETIC_ML_DATASET,NORMAL,0
BRT,BRT_TEMP_001,2026-03-01T10:41:00+00:00,-6.810409028340698,C,GOOD,SYNTHETIC_ML_DATASET,NORMAL,0
BRT,BRT_VIB_001,2026-03-01T10:41:00+00:00,0.9014265170327325,mm/s,GOOD,SYNTHETIC_ML_DATASET,NORMAL,0
BRT,BRT_HUM_001,2026-03-01T10:42:00+00:00,65.53413223998899,%,GOOD,SYNTHETIC_ML_DATASET,NORMAL,0
BRT,BRT_POWER_001,2026-03-01T10:42:00+00:00,48.40725733112667,kW,GOOD,SYNTHETIC_ML_DATASET,NORMAL,0
BRT,BRT_PRESS_001,2026-03-01T10:42:00+00:00,987.4672402681255,hPa,GOOD,SYNTHETIC_ML_DATASET,NORMAL,0
BRT,BRT_TEMP_001,2026-03-01T10:42:00+00:00,-6.68686655891419,C,GOOD,SYNTHETIC_ML_DATASET,NORMAL,0
BRT,BRT_VIB_001,2026-03-01T10:42:00+00:00,0.8959116689765105,mm/s,GOOD,SYNTHETIC_ML_DATASET,NORMAL,0
BRT,BRT_HUM_001,2026-03-01T10:43:00+00:00,64.97391356722912,%,GOOD,SYNTHETIC_ML_DATASET,NORMAL,0
BRT,BRT_POWER_001,2026-03-01T10:43:00+00:00,48.05783439592128,kW,GOOD,SYNTHETIC_ML_DATASET,NORMAL,0
BRT,BRT_PRESS_001,2026-03-01T10:43:00+00:00,987.346096676751,hPa,GOOD,SYNTHETIC_ML_DATASET,NORMAL,0
BRT,BRT_TEMP_001,2026-03-01T10:43:00+00:00,-6.657542179003116,C,GOOD,SYNTHETIC_ML_DATASET,NORMAL,0
BRT,BRT_VIB_001,2026-03-01T10:43:00+00:00,0.9063041836713492,mm/s,GOOD,SYNTHETIC_ML_DATASET,NORMAL,0
BRT,BRT_HUM_001,2026-03-01T10:44:00+00:00,65.0826874473356,%,GOOD,SYNTHETIC_ML_DATASET,NORMAL,0
BRT,BRT_POWER_001,2026-03-01T10:44:00+00:00,48.20594549159086,kW,GOOD,SYNTHETIC_ML_DATASET,NORMAL,0
BRT,BRT_PRESS_001,2026-03-01T10:44:00+00:00,987.6207981118084,hPa,GOOD,SYNTHETIC_ML_DATASET,NORMAL,0
BRT,BRT_TEMP_001,2026-03-01T10:44:00+00:00,-6.427434250556961,C,GOOD,SYNTHETIC_ML_DATASET,NORMAL,0
BRT,BRT_VIB_001,2026-03-01T10:44:00+00:00,0.8975133819848335,mm/s,GOOD,SYNTHETIC_ML_DATASET,NORMAL,0
BRT,BRT_HUM_001,2026-03-01T10:45:00+00:00,64.9703270480856,%,GOOD,SYNTHETIC_ML_DATASET,NORMAL,0
BRT,BRT_POWER_001,2026-03-01T10:45:00+00:00,47.998473206389264,kW,GOOD,SYNTHETIC_ML_DATASET,NORMAL,0
BRT,BRT_PRESS_001,2026-03-01T10:45:00+00:00,987.6116654215225,hPa,GOOD,SYNTHETIC_ML_DATASET,NORMAL,0
BRT,BRT_TEMP_001,2026-03-01T10:45:00+00:00,-6.599974184934322,C,GOOD,SYNTHETIC_ML_DATASET,NORMAL,0
BRT,BRT_VIB_001,2026-03-01T10:45:00+00:00,0.9025838744600203,mm/s,GOOD,SYNTHETIC_ML_DATASET,NORMAL,0
BRT,BRT_HUM_001,2026-03-01T10:46:00+00:00,65.37891283803827,%,GOOD,SYNTHETIC_ML_DATASET,NORMAL,0
BRT,BRT_POWER_001,2026-03-01T10:46:00+00:00,47.813005637643194,kW,GOOD,SYNTHETIC_ML_DATASET,NORMAL,0
BRT,BRT_PRESS_001,2026-03-01T10:46:00+00:00,987.8055016145764,hPa,GOOD,SYNTHETIC_ML_DATASET,NORMAL,0
BRT,BRT_TEMP_001,2026-03-01T10:46:00+00:00,-6.345713238342296,C,GOOD,SYNTHETIC_ML_DATASET,NORMAL,0
BRT,BRT_VIB_001,2026-03-01T10:46:00+00:00,0.8777219202039974,mm/s,GOOD,SYNTHETIC_ML_DATASET,NORMAL,0
BRT,BRT_HUM_001,2026-03-01T10:47:00+00:00,64.49589137172418,%,GOOD,SYNTHETIC_ML_DATASET,NORMAL,0
BRT,BRT_POWER_001,2026-03-01T10:47:00+00:00,47.301286382614,kW,GOOD,SYNTHETIC_ML_DATASET,NORMAL,0
BRT,BRT_PRESS_001,2026-03-01T10:47:00+00:00,987.6731758670068,hPa,GOOD,SYNTHETIC_ML_DATASET,NORMAL,0
BRT,BRT_TEMP_001,2026-03-01T10:47:00+00:00,-6.730773557330762,C,GOOD,SYNTHETIC_ML_DATASET,NORMAL,0
BRT,BRT_VIB_001,2026-03-01T10:47:00+00:00,0.9230031913079588,mm/s,GOOD,SYNTHETIC_ML_DATASET,NORMAL,0
BRT,BRT_HUM_001,2026-03-01T10:48:00+00:00,64.83259240763773,%,GOOD,SYNTHETIC_ML_DATASET,NORMAL,0
BRT,BRT_POWER_001,2026-03-01T10:48:00+00:00,47.401849857869415,kW,GOOD,SYNTHETIC_ML_DATASET,NORMAL,0
BRT,BRT_PRESS_001,2026-03-01T10:48:00+00:00,987.6897603657945,hPa,GOOD,SYNTHETIC_ML_DATASET,NORMAL,0
BRT,BRT_TEMP_001,2026-03-01T10:48:00+00:00,-6.6212325622140735,C,GOOD,SYNTHETIC_ML_DATASET,NORMAL,0
BRT,BRT_VIB_001,2026-03-01T10:48:00+00:00,0.9275294567230242,mm/s,GOOD,SYNTHETIC_ML_DATASET,NORMAL,0
BRT,BRT_HUM_001,2026-03-01T10:49:00+00:00,64.78138391178474,%,GOOD,SYNTHETIC_ML_DATASET,NORMAL,0
BRT,BRT_POWER_001,2026-03-01T10:49:00+00:00,47.922691944396064,kW,GOOD,SYNTHETIC_ML_DATASET,NORMAL,0
BRT,BRT_PRESS_001,2026-03-01T10:49:00+00:00,987.4321358879159,hPa,GOOD,SYNTHETIC_ML_DATASET,NORMAL,0
BRT,BRT_TEMP_001,2026-03-01T10:49:00+00:00,-6.430397200962269,C,GOOD,SYNTHETIC_ML_DATASET,NORMAL,0
BRT,BRT_VIB_001,2026-03-01T10:49:00+00:00,0.9092061790469541,mm/s,GOOD,SYNTHETIC_ML_DATASET,NORMAL,0
BRT,BRT_HUM_001,2026-03-01T10:50:00+00:00,64.55048140109501,%,GOOD,SYNTHETIC_ML_DATASET,NORMAL,0
BRT,BRT_POWER_001,2026-03-01T10:50:00+00:00,47.33491220989632,kW,GOOD,SYNTHETIC_ML_DATASET,NORMAL,0
BRT,BRT_PRESS_001,2026-03-01T10:50:00+00:00,987.6433907994583,hPa,GOOD,SYNTHETIC_ML_DATASET,NORMAL,0
BRT,BRT_TEMP_001,2026-03-01T10:50:00+00:00,-6.61301746411955,C,GOOD,SYNTHETIC_ML_DATASET,NORMAL,0
BRT,BRT_VIB_001,2026-03-01T10:50:00+00:00,0.9226693035083541,mm/s,GOOD,SYNTHETIC_ML_DATASET,NORMAL,0
BRT,BRT_HUM_001,2026-03-01T10:51:00+00:00,64.89636733889873,%,GOOD,SYNTHETIC_ML_DATASET,NORMAL,0
BRT,BRT_POWER_001,2026-03-01T10:51:00+00:00,47.24054078988649,kW,GOOD,SYNTHETIC_ML_DATASET,NORMAL,0
BRT,BRT_PRESS_001,2026-03-01T10:51:00+00:00,987.7797237910398,hPa,GOOD,SYNTHETIC_ML_DATASET,NORMAL,0
BRT,BRT_TEMP_001,2026-03-01T10:51:00+00:00,-6.7218075166572655,C,GOOD,SYNTHETIC_ML_DATASET,NORMAL,0
BRT,BRT_VIB_001,2026-03-01T10:51:00+00:00,0.9131643504342927,mm/s,GOOD,SYNTHETIC_ML_DATASET,NORMAL,0
BRT,BRT_HUM_001,2026-03-01T10:52:00+00:00,64.75846322320406,%,GOOD,SYNTHETIC_ML_DATASET,NORMAL,0
BRT,BRT_POWER_001,2026-03-01T10:52:00+00:00,47.80396297218638,kW,GOOD,SYNTHETIC_ML_DATASET,NORMAL,0
BRT,BRT_PRESS_001,2026-03-01T10:52:00+00:00,987.7866318405966,hPa,GOOD,SYNTHETIC_ML_DATASET,NORMAL,0
BRT,BRT_TEMP_001,2026-03-01T10:52:00+00:00,-6.236278335226563,C,GOOD,SYNTHETIC_ML_DATASET,NORMAL,0
BRT,BRT_VIB_001,2026-03-01T10:52:00+00:00,0.9232257535362524,mm/s,GOOD,SYNTHETIC_ML_DATASET,NORMAL,0
BRT,BRT_HUM_001,2026-03-01T10:53:00+00:00,65.77809034222271,%,GOOD,SYNTHETIC_ML_DATASET,NORMAL,0
BRT,BRT_POWER_001,2026-03-01T10:53:00+00:00,47.62884300474474,kW,GOOD,SYNTHETIC_ML_DATASET,NORMAL,0
BRT,BRT_PRESS_001,2026-03-01T10:53:00+00:00,987.8475805130367,hPa,GOOD,SYNTHETIC_ML_DATASET,NORMAL,0
BRT,BRT_TEMP_001,2026-03-01T10:53:00+00:00,-6.576159804230338,C,GOOD,SYNTHETIC_ML_DATASET,NORMAL,0
BRT,BRT_VIB_001,2026-03-01T10:53:00+00:00,0.9030889760930119,mm/s,GOOD,SYNTHETIC_ML_DATASET,NORMAL,0
BRT,BRT_HUM_001,2026-03-01T10:54:00+00:00,64.40989385034617,%,GOOD,SYNTHETIC_ML_DATASET,NORMAL,0
BRT,BRT_POWER_001,2026-03-01T10:54:00+00:00,47.56477287579016,kW,GOOD,SYNTHETIC_ML_DATASET,NORMAL,0
BRT,BRT_PRESS_001,2026-03-01T10:54:00+00:00,987.6942641528874,hPa,GOOD,SYNTHETIC_ML_DATASET,NORMAL,0
BRT,BRT_TEMP_001,2026-03-01T10:54:00+00:00,-6.4472205989495235,C,GOOD,SYNTHETIC_ML_DATASET,NORMAL,0
BRT,BRT_VIB_001,2026-03-01T10:54:00+00:00,0.9233695447223866,mm/s,GOOD,SYNTHETIC_ML_DATASET,NORMAL,0
BRT,BRT_HUM_001,2026-03-01T10:55:00+00:00,64.8055352615429,%,GOOD,SYNTHETIC_ML_DATASET,NORMAL,0
BRT,BRT_POWER_001,2026-03-01T10:55:00+00:00,47.53068297551481,kW,GOOD,SYNTHETIC_ML_DATASET,NORMAL,0
BRT,BRT_PRESS_001,2026-03-01T10:55:00+00:00,987.7418439285054,hPa,GOOD,SYNTHETIC_ML_DATASET,NORMAL,0
BRT,BRT_TEMP_001,2026-03-01T10:55:00+00:00,-6.491684588589663,C,GOOD,SYNTHETIC_ML_DATASET,NORMAL,0
BRT,BRT_VIB_001,2026-03-01T10:55:00+00:00,0.8904189796451918,mm/s,GOOD,SYNTHETIC_ML_DATASET,NORMAL,0
BRT,BRT_HUM_001,2026-03-01T10:56:00+00:00,65.3008182360101,%,GOOD,SYNTHETIC_ML_DATASET,NORMAL,0
BRT,BRT_POWER_001,2026-03-01T10:56:00+00:00,47.69413648152287,kW,GOOD,SYNTHETIC_ML_DATASET,NORMAL,0
BRT,BRT_PRESS_001,2026-03-01T10:56:00+00:00,987.664694108482,hPa,GOOD,SYNTHETIC_ML_DATASET,NORMAL,0
BRT,BRT_TEMP_001,2026-03-01T10:56:00+00:00,-6.501380787281338,C,GOOD,SYNTHETIC_ML_DATASET,NORMAL,0
BRT,BRT_VIB_001,2026-03-01T10:56:00+00:00,0.9013465708235869,mm/s,GOOD,SYNTHETIC_ML_DATASET,NORMAL,0
BRT,BRT_HUM_001,2026-03-01T10:57:00+00:00,65.00296457434473,%,GOOD,SYNTHETIC_ML_DATASET,NORMAL,0
BRT,BRT_POWER_001,2026-03-01T10:57:00+00:00,47.38143544122938,kW,GOOD,SYNTHETIC_ML_DATASET,NORMAL,0
BRT,BRT_PRESS_001,2026-03-01T10:57:00+00:00,987.547031717236,hPa,GOOD,SYNTHETIC_ML_DATASET,NORMAL,0
BRT,BRT_TEMP_001,2026-03-01T10:57:00+00:00,-6.627987008713885,C,GOOD,SYNTHETIC_ML_DATASET,NORMAL,0
BRT,BRT_VIB_001,2026-03-01T10:57:00+00:00,0.8812566942717972,mm/s,GOOD,SYNTHETIC_ML_DATASET,NORMAL,0
BRT,BRT_HUM_001,2026-03-01T10:58:00+00:00,64.08691699033028,%,GOOD,SYNTHETIC_ML_DATASET,NORMAL,0
BRT,BRT_POWER_001,2026-03-01T10:58:00+00:00,47.721751140356275,kW,GOOD,SYNTHETIC_ML_DATASET,NORMAL,0
BRT,BRT_PRESS_001,2026-03-01T10:58:00+00:00,987.6539524290783,hPa,GOOD,SYNTHETIC_ML_DATASET,NORMAL,0
BRT,BRT_TEMP_001,2026-03-01T10:58:00+00:00,-6.451157747624627,C,GOOD,SYNTHETIC_ML_DATASET,NORMAL,0
BRT,BRT_VIB_001,2026-03-01T10:58:00+00:00,0.9007254808337855,mm/s,GOOD,SYNTHETIC_ML_DATASET,NORMAL,0
BRT,BRT_HUM_001,2026-03-01T10:59:00+00:00,63.54014963818054,%,GOOD,SYNTHETIC_ML_DATASET,NORMAL,0
BRT,BRT_POWER_001,2026-03-01T10:59:00+00:00,47.7728110529977,kW,GOOD,SYNTHETIC_ML_DATASET,NORMAL,0
BRT,BRT_PRESS_001,2026-03-01T10:59:00+00:00,987.601710233383,hPa,GOOD,SYNTHETIC_ML_DATASET,NORMAL,0
BRT,BRT_TEMP_001,2026-03-01T10:59:00+00:00,-6.4402383846934805,C,GOOD,SYNTHETIC_ML_DATASET,NORMAL,0
BRT,BRT_VIB_001,2026-03-01T10:59:00+00:00,0.8659661175378391,mm/s,GOOD,SYNTHETIC_ML_DATASET,NORMAL,0
BRT,BRT_HUM_001,2026-03-01T11:00:00+00:00,64.70365201489855,%,GOOD,SYNTHETIC_ML_DATASET,NORMAL,0
BRT,BRT_POWER_001,2026-03-01T11:00:00+00:00,47.802534306932245,kW,GOOD,SYNTHETIC_ML_DATASET,NORMAL,0
BRT,BRT_PRESS_001,2026-03-01T11:00:00+00:00,987.5263954927243,hPa,GOOD,SYNTHETIC_ML_DATASET,NORMAL,0
BRT,BRT_TEMP_001,2026-03-01T11:00:00+00:00,-6.776434517820421,C,GOOD,SYNTHETIC_ML_DATASET,NORMAL,0
BRT,BRT_VIB_001,2026-03-01T11:00:00+00:00,0.9059607793390111,mm/s,GOOD,SYNTHETIC_ML_DATASET,NORMAL,0
BRT,BRT_HUM_001,2026-03-01T11:01:00+00:00,63.77849209468369,%,GOOD,SYNTHETIC_ML_DATASET,NORMAL,0
BRT,BRT_POWER_001,2026-03-01T11:01:00+00:00,47.37783931353618,kW,GOOD,SYNTHETIC_ML_DATASET,NORMAL,0
BRT,BRT_PRESS_001,2026-03-01T11:01:00+00:00,987.5327008103762,hPa,GOOD,SYNTHETIC_ML_DATASET,NORMAL,0
BRT,BRT_TEMP_001,2026-03-01T11:01:00+00:00,-6.763716882939734,C,GOOD,SYNTHETIC_ML_DATASET,NORMAL,0
BRT,BRT_VIB_001,2026-03-01T11:01:00+00:00,0.8946775010495349,mm/s,GOOD,SYNTHETIC_ML_DATASET,NORMAL,0
BRT,BRT_HUM_001,2026-03-01T11:02:00+00:00,63.83007821477608,%,GOOD,SYNTHETIC_ML_DATASET,NORMAL,0
BRT,BRT_POWER_001,2026-03-01T11:02:00+00:00,47.685897404313266,kW,GOOD,SYNTHETIC_ML_DATASET,NORMAL,0
BRT,BRT_PRESS_001,2026-03-01T11:02:00+00:00,987.3670415554808,hPa,GOOD,SYNTHETIC_ML_DATASET,NORMAL,0
BRT,BRT_TEMP_001,2026-03-01T11:02:00+00:00,-6.8308637488881505,C,GOOD,SYNTHETIC_ML_DATASET,NORMAL,0
BRT,BRT_VIB_001,2026-03-01T11:02:00+00:00,0.8964998492532786,mm/s,GOOD,SYNTHETIC_ML_DATASET,NORMAL,0
BRT,BRT_HUM_001,2026-03-01T11:03:00+00:00,64.3077494718709,%,GOOD,SYNTHETIC_ML_DATASET,NORMAL,0
BRT,BRT_POWER_001,2026-03-01T11:03:00+00:00,47.425709313567765,kW,GOOD,SYNTHETIC_ML_DATASET,NORMAL,0
BRT,BRT_PRESS_001,2026-03-01T11:03:00+00:00,987.4470708199644,hPa,GOOD,SYNTHETIC_ML_DATASET,NORMAL,0
BRT,BRT_TEMP_001,2026-03-01T11:03:00+00:00,-6.993616929541916,C,GOOD,SYNTHETIC_ML_DATASET,NORMAL,0
BRT,BRT_VIB_001,2026-03-01T11:03:00+00:00,0.8821842645980611,mm/s,GOOD,SYNTHETIC_ML_DATASET,NORMAL,0
BRT,BRT_HUM_001,2026-03-01T11:04:00+00:00,63.99393569813912,%,GOOD,SYNTHETIC_ML_DATASET,NORMAL,0
BRT,BRT_POWER_001,2026-03-01T11:04:00+00:00,47.277145755535805,kW,GOOD,SYNTHETIC_ML_DATASET,NORMAL,0
BRT,BRT_PRESS_001,2026-03-01T11:04:00+00:00,987.4501145876212,hPa,GOOD,SYNTHETIC_ML_DATASET,NORMAL,0
BRT,BRT_TEMP_001,2026-03-01T11:04:00+00:00,-6.913041886390829,C,GOOD,SYNTHETIC_ML_DATASET,NORMAL,0
BRT,BRT_VIB_001,2026-03-01T11:04:00+00:00,0.8732796077124145,mm/s,GOOD,SYNTHETIC_ML_DATASET,NORMAL,0
BRT,BRT_HUM_001,2026-03-01T11:05:00+00:00,64.56904682682189,%,GOOD,SYNTHETIC_ML_DATASET,NORMAL,0
BRT,BRT_POWER_001,2026-03-01T11:05:00+00:00,46.88850872857311,kW,GOOD,SYNTHETIC_ML_DATASET,NORMAL,0
BRT,BRT_PRESS_001,2026-03-01T11:05:00+00:00,987.2944187013006,hPa,GOOD,SYNTHETIC_ML_DATASET,NORMAL,0
BRT,BRT_TEMP_001,2026-03-01T11:05:00+00:00,-7.034993039095369,C,GOOD,SYNTHETIC_ML_DATASET,NORMAL,0
BRT,BRT_VIB_001,2026-03-01T11:05:00+00:00,0.8895888320659862,mm/s,GOOD,SYNTHETIC_ML_DATASET,NORMAL,0
BRT,BRT_HUM_001,2026-03-01T11:06:00+00:00,64.0722581401172,%,GOOD,SYNTHETIC_ML_DATASET,NORMAL,0
BRT,BRT_POWER_001,2026-03-01T11:06:00+00:00,47.65631729956642,kW,GOOD,SYNTHETIC_ML_DATASET,NORMAL,0
BRT,BRT_PRESS_001,2026-03-01T11:06:00+00:00,987.3445154426496,hPa,GOOD,SYNTHETIC_ML_DATASET,NORMAL,0
BRT,BRT_TEMP_001,2026-03-01T11:06:00+00:00,-7.2537405288658,C,GOOD,SYNTHETIC_ML_DATASET,NORMAL,0
BRT,BRT_VIB_001,2026-03-01T11:06:00+00:00,0.8729453375762285,mm/s,GOOD,SYNTHETIC_ML_DATASET,NORMAL,0
BRT,BRT_HUM_001,2026-03-01T11:07:00+00:00,63.5833738611246,%,GOOD,SYNTHETIC_ML_DATASET,NORMAL,0
BRT,BRT_POWER_001,2026-03-01T11:07:00+00:00,47.68802895883719,kW,GOOD,SYNTHETIC_ML_DATASET,NORMAL,0
BRT,BRT_PRESS_001,2026-03-01T11:07:00+00:00,987.142022808994,hPa,GOOD,SYNTHETIC_ML_DATASET,NORMAL,0
BRT,BRT_TEMP_001,2026-03-01T11:07:00+00:00,-7.202844699594588,C,GOOD,SYNTHETIC_ML_DATASET,NORMAL,0
BRT,BRT_VIB_001,2026-03-01T11:07:00+00:00,0.8750762804160908,mm/s,GOOD,SYNTHETIC_ML_DATASET,NORMAL,0
BRT,BRT_HUM_001,2026-03-01T11:08:00+00:00,64.28520777760414,%,GOOD,SYNTHETIC_ML_DATASET,NORMAL,0
BRT,BRT_POWER_001,2026-03-01T11:08:00+00:00,47.639609554231896,kW,GOOD,SYNTHETIC_ML_DATASET,NORMAL,0
BRT,BRT_PRESS_001,2026-03-01T11:08:00+00:00,987.1658191934871,hPa,GOOD,SYNTHETIC_ML_DATASET,NORMAL,0
BRT,BRT_TEMP_001,2026-03-01T11:08:00+00:00,-7.238021406503577,C,GOOD,SYNTHETIC_ML_DATASET,NORMAL,0
BRT,BRT_VIB_001,2026-03-01T11:08:00+00:00,0.8673335593192528,mm/s,GOOD,SYNTHETIC_ML_DATASET,NORMAL,0
BRT,BRT_HUM_001,2026-03-01T11:09:00+00:00,64.02781700905749,%,GOOD,SYNTHETIC_ML_DATASET,NORMAL,0
BRT,BRT_POWER_001,2026-03-01T11:09:00+00:00,47.27481815939474,kW,GOOD,SYNTHETIC_ML_DATASET,NORMAL,0
BRT,BRT_PRESS_001,2026-03-01T11:09:00+00:00,987.0521045259028,hPa,GOOD,SYNTHETIC_ML_DATASET,NORMAL,0
BRT,BRT_TEMP_001,2026-03-01T11:09:00+00:00,-7.557659353809408,C,GOOD,SYNTHETIC_ML_DATASET,NORMAL,0
BRT,BRT_VIB_001,2026-03-01T11:09:00+00:00,0.8618156838000428,mm/s,GOOD,SYNTHETIC_ML_DATASET,NORMAL,0
BRT,BRT_HUM_001,2026-03-01T11:10:00+00:00,64.24511596077721,%,GOOD,SYNTHETIC_ML_DATASET,NORMAL,0
BRT,BRT_POWER_001,2026-03-01T11:10:00+00:00,47.81911328590604,kW,GOOD,SYNTHETIC_ML_DATASET,NORMAL,0
BRT,BRT_PRESS_001,2026-03-01T11:10:00+00:00,986.9226317945254,hPa,GOOD,SYNTHETIC_ML_DATASET,NORMAL,0
BRT,BRT_TEMP_001,2026-03-01T11:10:00+00:00,-7.34584811423261,C,GOOD,SYNTHETIC_ML_DATASET,NORMAL,0
BRT,BRT_VIB_001,2026-03-01T11:10:00+00:00,0.8824657814742537,mm/s,GOOD,SYNTHETIC_ML_DATASET,NORMAL,0
BRT,BRT_HUM_001,2026-03-01T11:11:00+00:00,63.53271220111531,%,GOOD,SYNTHETIC_ML_DATASET,NORMAL,0
BRT,BRT_POWER_001,2026-03-01T11:11:00+00:00,46.97221704216723,kW,GOOD,SYNTHETIC_ML_DATASET,NORMAL,0
BRT,BRT_PRESS_001,2026-03-01T11:11:00+00:00,986.7466953582358,hPa,GOOD,SYNTHETIC_ML_DATASET,NORMAL,0
BRT,BRT_TEMP_001,2026-03-01T11:11:00+00:00,-7.251964643055645,C,GOOD,SYNTHETIC_ML_DATASET,NORMAL,0
BRT,BRT_VIB_001,2026-03-01T11:11:00+00:00,0.8819140346023869,mm/s,GOOD,SYNTHETIC_ML_DATASET,NORMAL,0
BRT,BRT_HUM_001,2026-03-01T11:12:00+00:00,64.52923245115126,%,GOOD,SYNTHETIC_ML_DATASET,NORMAL,0
BRT,BRT_POWER_001,2026-03-01T11:12:00+00:00,47.04756099128993,kW,GOOD,SYNTHETIC_ML_DATASET,NORMAL,0
BRT,BRT_PRESS_001,2026-03-01T11:12:00+00:00,986.7965731874979,hPa,GOOD,SYNTHETIC_ML_DATASET,NORMAL,0
BRT,BRT_TEMP_001,2026-03-01T11:12:00+00:00,-7.532264922222517,C,GOOD,SYNTHETIC_ML_DATASET,NORMAL,0
BRT,BRT_VIB_001,2026-03-01T11:12:00+00:00,0.8775977157953593,mm/s,GOOD,SYNTHETIC_ML_DATASET,NORMAL,0
BRT,BRT_HUM_001,2026-03-01T11:13:00+00:00,64.31768464675578,%,GOOD,SYNTHETIC_ML_DATASET,NORMAL,0
BRT,BRT_POWER_001,2026-03-01T11:13:00+00:00,46.62563623774336,kW,GOOD,SYNTHETIC_ML_DATASET,NORMAL,0
BRT,BRT_PRESS_001,2026-03-01T11:13:00+00:00,986.8844792636739,hPa,GOOD,SYNTHETIC_ML_DATASET,NORMAL,0
BRT,BRT_TEMP_001,2026-03-01T11:13:00+00:00,-7.56908086839702,C,GOOD,SYNTHETIC_ML_DATASET,NORMAL,0
BRT,BRT_VIB_001,2026-03-01T11:13:00+00:00,0.8578996081224811,mm/s,GOOD,SYNTHETIC_ML_DATASET,NORMAL,0
BRT,BRT_HUM_001,2026-03-01T11:14:00+00:00,64.66790593597705,%,GOOD,SYNTHETIC_ML_DATASET,NORMAL,0
BRT,BRT_POWER_001,2026-03-01T11:14:00+00:00,46.109603051247475,kW,GOOD,SYNTHETIC_ML_DATASET,NORMAL,0
BRT,BRT_PRESS_001,2026-03-01T11:14:00+00:00,986.9214572946833,hPa,GOOD,SYNTHETIC_ML_DATASET,NORMAL,0
BRT,BRT_TEMP_001,2026-03-01T11:14:00+00:00,-7.576602779937221,C,GOOD,SYNTHETIC_ML_DATASET,NORMAL,0
BRT,BRT_VIB_001,2026-03-01T11:14:00+00:00,0.8442421233671931,mm/s,GOOD,SYNTHETIC_ML_DATASET,NORMAL,0
BRT,BRT_HUM_001,2026-03-01T11:15:00+00:00,64.4507546558778,%,GOOD,SYNTHETIC_ML_DATASET,NORMAL,0
BRT,BRT_POWER_001,2026-03-01T11:15:00+00:00,45.81840730552561,kW,GOOD,SYNTHETIC_ML_DATASET,NORMAL,0
BRT,BRT_PRESS_001,2026-03-01T11:15:00+00:00,986.7627390058916,hPa,GOOD,SYNTHETIC_ML_DATASET,NORMAL,0
BRT,BRT_TEMP_001,2026-03-01T11:15:00+00:00,-7.496902163646218,C,GOOD,SYNTHETIC_ML_DATASET,NORMAL,0
BRT,BRT_VIB_001,2026-03-01T11:15:00+00:00,0.8713107079939975,mm/s,GOOD,SYNTHETIC_ML_DATASET,NORMAL,0
BRT,BRT_HUM_001,2026-03-01T11:16:00+00:00,65.11216253550904,%,GOOD,SYNTHETIC_ML_DATASET,NORMAL,0
BRT,BRT_POWER_001,2026-03-01T11:16:00+00:00,46.03724495251718,kW,GOOD,SYNTHETIC_ML_DATASET,NORMAL,0
BRT,BRT_PRESS_001,2026-03-01T11:16:00+00:00,986.7299819286604,hPa,GOOD,SYNTHETIC_ML_DATASET,NORMAL,0
BRT,BRT_TEMP_001,2026-03-01T11:16:00+00:00,-7.1685216759545245,C,GOOD,SYNTHETIC_ML_DATASET,NORMAL,0
BRT,BRT_VIB_001,2026-03-01T11:16:00+00:00,0.8546529778480911,mm/s,GOOD,SYNTHETIC_ML_DATASET,NORMAL,0
BRT,BRT_HUM_001,2026-03-01T11:17:00+00:00,64.54535215307467,%,GOOD,SYNTHETIC_ML_DATASET,NORMAL,0
BRT,BRT_POWER_001,2026-03-01T11:17:00+00:00,46.87182221409298,kW,GOOD,SYNTHETIC_ML_DATASET,NORMAL,0
BRT,BRT_PRESS_001,2026-03-01T11:17:00+00:00,986.846494836789,hPa,GOOD,SYNTHETIC_ML_DATASET,NORMAL,0
BRT,BRT_TEMP_001,2026-03-01T11:17:00+00:00,-7.274636126332321,C,GOOD,SYNTHETIC_ML_DATASET,NORMAL,0
BRT,BRT_VIB_001,2026-03-01T11:17:00+00:00,0.8081167255342225,mm/s,GOOD,SYNTHETIC_ML_DATASET,NORMAL,0
BRT,BRT_HUM_001,2026-03-01T11:18:00+00:00,64.81669574869416,%,GOOD,SYNTHETIC_ML_DATASET,NORMAL,0
BRT,BRT_POWER_001,2026-03-01T11:18:00+00:00,46.475002689241556,kW,GOOD,SYNTHETIC_ML_DATASET,NORMAL,0
BRT,BRT_PRESS_001,2026-03-01T11:18:00+00:00,986.6912528362001,hPa,GOOD,SYNTHETIC_ML_DATASET,NORMAL,0
BRT,BRT_TEMP_001,2026-03-01T11:18:00+00:00,-7.51622517405952,C,GOOD,SYNTHETIC_ML_DATASET,NORMAL,0
BRT,BRT_VIB_001,2026-03-01T11:18:00+00:00,0.789158478001969,mm/s,GOOD,SYNTHETIC_ML_DATASET,NORMAL,0
BRT,BRT_HUM_001,2026-03-01T11:19:00+00:00,64.72423839736105,%,GOOD,SYNTHETIC_ML_DATASET,NORMAL,0
BRT,BRT_POWER_001,2026-03-01T11:19:00+00:00,46.06283279983267,kW,GOOD,SYNTHETIC_ML_DATASET,NORMAL,0
BRT,BRT_PRESS_001,2026-03-01T11:19:00+00:00,986.716327357191,hPa,GOOD,SYNTHETIC_ML_DATASET,NORMAL,0
BRT,BRT_TEMP_001,2026-03-01T11:19:00+00:00,-7.339787408292698,C,GOOD,SYNTHETIC_ML_DATASET,NORMAL,0
BRT,BRT_VIB_001,2026-03-01T11:19:00+00:00,0.798835948611699,mm/s,GOOD,SYNTHETIC_ML_DATASET,NORMAL,0
BRT,BRT_HUM_001,2026-03-01T11:20:00+00:00,64.2284198690197,%,GOOD,SYNTHETIC_ML_DATASET,NORMAL,0
BRT,BRT_POWER_001,2026-03-01T11:20:00+00:00,46.08759412249136,kW,GOOD,SYNTHETIC_ML_DATASET,NORMAL,0
BRT,BRT_PRESS_001,2026-03-01T11:20:00+00:00,986.6890875971159,hPa,GOOD,SYNTHETIC_ML_DATASET,NORMAL,0
BRT,BRT_TEMP_001,2026-03-01T11:20:00+00:00,-7.224082309597722,C,GOOD,SYNTHETIC_ML_DATASET,NORMAL,0
BRT,BRT_VIB_001,2026-03-01T11:20:00+00:00,0.8080945117937648,mm/s,GOOD,SYNTHETIC_ML_DATASET,NORMAL,0
BRT,BRT_HUM_001,2026-03-01T11:21:00+00:00,64.43117826947092,%,GOOD,SYNTHETIC_ML_DATASET,NORMAL,0
BRT,BRT_POWER_001,2026-03-01T11:21:00+00:00,45.701827459210044,kW,GOOD,SYNTHETIC_ML_DATASET,NORMAL,0
BRT,BRT_PRESS_001,2026-03-01T11:21:00+00:00,986.8852622273561,hPa,GOOD,SYNTHETIC_ML_DATASET,NORMAL,0
BRT,BRT_TEMP_001,2026-03-01T11:21:00+00:00,-7.366227560097538,C,GOOD,SYNTHETIC_ML_DATASET,NORMAL,0
BRT,BRT_VIB_001,2026-03-01T11:21:00+00:00,0.8232643880131761,mm/s,GOOD,SYNTHETIC_ML_DATASET,NORMAL,0
BRT,BRT_HUM_001,2026-03-01T11:22:00+00:00,64.62147124057935,%,GOOD,SYNTHETIC_ML_DATASET,NORMAL,0
BRT,BRT_POWER_001,2026-03-01T11:22:00+00:00,45.90643986383361,kW,GOOD,SYNTHETIC_ML_DATASET,NORMAL,0
BRT,BRT_PRESS_001,2026-03-01T11:22:00+00:00,986.7609212887661,hPa,GOOD,SYNTHETIC_ML_DATASET,NORMAL,0
BRT,BRT_TEMP_001,2026-03-01T11:22:00+00:00,-7.17341168792962,C,GOOD,SYNTHETIC_ML_DATASET,NORMAL,0
BRT,BRT_VIB_001,2026-03-01T11:22:00+00:00,0.8301377841985147,mm/s,GOOD,SYNTHETIC_ML_DATASET,NORMAL,0
BRT,BRT_HUM_001,2026-03-01T11:23:00+00:00,64.46952106056277,%,GOOD,SYNTHETIC_ML_DATASET,NORMAL,0
BRT,BRT_POWER_001,2026-03-01T11:23:00+00:00,45.68345993968203,kW,GOOD,SYNTHETIC_ML_DATASET,NORMAL,0
BRT,BRT_PRESS_001,2026-03-01T11:23:00+00:00,986.6078542319282,hPa,GOOD,SYNTHETIC_ML_DATASET,NORMAL,0
BRT,BRT_TEMP_001,2026-03-01T11:23:00+00:00,-7.458525993700008,C,GOOD,SYNTHETIC_ML_DATASET,NORMAL,0
BRT,BRT_VIB_001,2026-03-01T11:23:00+00:00,0.830713786837354,mm/s,GOOD,SYNTHETIC_ML_DATASET,NORMAL,0
BRT,BRT_HUM_001,2026-03-01T11:24:00+00:00,63.39799649351733,%,GOOD,SYNTHETIC_ML_DATASET,NORMAL,0
BRT,BRT_POWER_001,2026-03-01T11:24:00+00:00,45.928921100579444,kW,GOOD,SYNTHETIC_ML_DATASET,NORMAL,0
BRT,BRT_PRESS_001,2026-03-01T11:24:00+00:00,986.6045307300076,hPa,GOOD,SYNTHETIC_ML_DATASET,NORMAL,0
BRT,BRT_TEMP_001,2026-03-01T11:24:00+00:00,-7.640515502186046,C,GOOD,SYNTHETIC_ML_DATASET,NORMAL,0
BRT,BRT_VIB_001,2026-03-01T11:24:00+00:00,0.8190514359109218,mm/s,GOOD,SYNTHETIC_ML_DATASET,NORMAL,0
BRT,BRT_HUM_001,2026-03-01T11:25:00+00:00,63.061696284340776,%,GOOD,SYNTHETIC_ML_DATASET,NORMAL,0
BRT,BRT_POWER_001,2026-03-01T11:25:00+00:00,46.23110921169877,kW,GOOD,SYNTHETIC_ML_DATASET,NORMAL,0
BRT,BRT_PRESS_001,2026-03-01T11:25:00+00:00,986.6549144546913,hPa,GOOD,SYNTHETIC_ML_DATASET,NORMAL,0
BRT,BRT_TEMP_001,2026-03-01T11:25:00+00:00,-7.571198776294871,C,GOOD,SYNTHETIC_ML_DATASET,NORMAL,0
BRT,BRT_VIB_001,2026-03-01T11:25:00+00:00,0.842816004766063,mm/s,GOOD,SYNTHETIC_ML_DATASET,NORMAL,0
BRT,BRT_HUM_001,2026-03-01T11:26:00+00:00,63.697719301469824,%,GOOD,SYNTHETIC_ML_DATASET,NORMAL,0
BRT,BRT_POWER_001,2026-03-01T11:26:00+00:00,45.93056591395112,kW,GOOD,SYNTHETIC_ML_DATASET,NORMAL,0
BRT,BRT_PRESS_001,2026-03-01T11:26:00+00:00,986.7003113196721,hPa,GOOD,SYNTHETIC_ML_DATASET,NORMAL,0
BRT,BRT_TEMP_001,2026-03-01T11:26:00+00:00,-7.751787359119897,C,GOOD,SYNTHETIC_ML_DATASET,NORMAL,0
BRT,BRT_VIB_001,2026-03-01T11:26:00+00:00,0.8194665535302712,mm/s,GOOD,SYNTHETIC_ML_DATASET,NORMAL,0
BRT,BRT_HUM_001,2026-03-01T11:27:00+00:00,63.405860562402395,%,GOOD,SYNTHETIC_ML_DATASET,NORMAL,0
BRT,BRT_POWER_001,2026-03-01T11:27:00+00:00,45.69705225683488,kW,GOOD,SYNTHETIC_ML_DATASET,NORMAL,0
BRT,BRT_PRESS_001,2026-03-01T11:27:00+00:00,986.5190672059847,hPa,GOOD,SYNTHETIC_ML_DATASET,NORMAL,0
BRT,BRT_TEMP_001,2026-03-01T11:27:00+00:00,-7.512432301387546,C,GOOD,SYNTHETIC_ML_DATASET,NORMAL,0
BRT,BRT_VIB_001,2026-03-01T11:27:00+00:00,0.8024471616987203,mm/s,GOOD,SYNTHETIC_ML_DATASET,NORMAL,0
BRT,BRT_HUM_001,2026-03-01T11:28:00+00:00,63.383288983431854,%,GOOD,SYNTHETIC_ML_DATASET,NORMAL,0
BRT,BRT_POWER_001,2026-03-01T11:28:00+00:00,45.7789183938007,kW,GOOD,SYNTHETIC_ML_DATASET,NORMAL,0
BRT,BRT_PRESS_001,2026-03-01T11:28:00+00:00,986.4807834160646,hPa,GOOD,SYNTHETIC_ML_DATASET,NORMAL,0
BRT,BRT_TEMP_001,2026-03-01T11:28:00+00:00,-7.463325160928614,C,GOOD,SYNTHETIC_ML_DATASET,NORMAL,0
BRT,BRT_VIB_001,2026-03-01T11:28:00+00:00,0.8068710025378524,mm/s,GOOD,SYNTHETIC_ML_DATASET,NORMAL,0
BRT,BRT_HUM_001,2026-03-01T11:29:00+00:00,63.45919505512916,%,GOOD,SYNTHETIC_ML_DATASET,NORMAL,0
BRT,BRT_POWER_001,2026-03-01T11:29:00+00:00,45.315511450505575,kW,GOOD,SYNTHETIC_ML_DATASET,NORMAL,0
BRT,BRT_PRESS_001,2026-03-01T11:29:00+00:00,986.5144364823873,hPa,GOOD,SYNTHETIC_ML_DATASET,NORMAL,0
BRT,BRT_TEMP_001,2026-03-01T11:29:00+00:00,-7.905373839445567,C,GOOD,SYNTHETIC_ML_DATASET,NORMAL,0
BRT,BRT_VIB_001,2026-03-01T11:29:00+00:00,0.7836404386741593,mm/s,GOOD,SYNTHETIC_ML_DATASET,NORMAL,0
BRT,BRT_HUM_001,2026-03-01T11:30:00+00:00,63.96021436369388,%,GOOD,SYNTHETIC_ML_DATASET,NORMAL,0
BRT,BRT_POWER_001,2026-03-01T11:30:00+00:00,45.52085138288026,kW,GOOD,SYNTHETIC_ML_DATASET,NORMAL,0
BRT,BRT_PRESS_001,2026-03-01T11:30:00+00:00,986.550443133915,hPa,GOOD,SYNTHETIC_ML_DATASET,NORMAL,0
BRT,BRT_TEMP_001,2026-03-01T11:30:00+00:00,-7.875062830161398,C,GOOD,SYNTHETIC_ML_DATASET,NORMAL,0
BRT,BRT_VIB_001,2026-03-01T11:30:00+00:00,0.8004756428582729,mm/s,GOOD,SYNTHETIC_ML_DATASET,NORMAL,0
BRT,BRT_HUM_001,2026-03-01T11:31:00+00:00,63.942501429973674,%,GOOD,SYNTHETIC_ML_DATASET,NORMAL,0
BRT,BRT_POWER_001,2026-03-01T11:31:00+00:00,45.146653263778695,kW,GOOD,SYNTHETIC_ML_DATASET,NORMAL,0
BRT,BRT_PRESS_001,2026-03-01T11:31:00+00:00,986.7081275159641,hPa,GOOD,SYNTHETIC_ML_DATASET,NORMAL,0
BRT,BRT_TEMP_001,2026-03-01T11:31:00+00:00,-7.939612952319292,C,GOOD,SYNTHETIC_ML_DATASET,NORMAL,0
BRT,BRT_VIB_001,2026-03-01T11:31:00+00:00,0.785867282934988,mm/s,GOOD,SYNTHETIC_ML_DATASET,NORMAL,0
BRT,BRT_HUM_001,2026-03-01T11:32:00+00:00,64.17722607171541,%,GOOD,SYNTHETIC_ML_DATASET,NORMAL,0
BRT,BRT_POWER_001,2026-03-01T11:32:00+00:00,45.106877408034336,kW,GOOD,SYNTHETIC_ML_DATASET,NORMAL,0
BRT,BRT_PRESS_001,2026-03-01T11:32:00+00:00,986.6000396782355,hPa,GOOD,SYNTHETIC_ML_DATASET,NORMAL,0
BRT,BRT_TEMP_001,2026-03-01T11:32:00+00:00,-7.815739129724963,C,GOOD,SYNTHETIC_ML_DATASET,NORMAL,0
BRT,BRT_VIB_001,2026-03-01T11:32:00+00:00,0.7845006235238843,mm/s,GOOD,SYNTHETIC_ML_DATASET,NORMAL,0
BRT,BRT_HUM_001,2026-03-01T11:33:00+00:00,63.90247540187426,%,GOOD,SYNTHETIC_ML_DATASET,NORMAL,0
BRT,BRT_POWER_001,2026-03-01T11:33:00+00:00,44.49476728148633,kW,GOOD,SYNTHETIC_ML_DATASET,NORMAL,0
BRT,BRT_PRESS_001,2026-03-01T11:33:00+00:00,986.6029881868402,hPa,GOOD,SYNTHETIC_ML_DATASET,NORMAL,0
BRT,BRT_TEMP_001,2026-03-01T11:33:00+00:00,-8.130617285115342,C,GOOD,SYNTHETIC_ML_DATASET,NORMAL,0
BRT,BRT_VIB_001,2026-03-01T11:33:00+00:00,0.7817972219663474,mm/s,GOOD,SYNTHETIC_ML_DATASET,NORMAL,0
BRT,BRT_HUM_001,2026-03-01T11:34:00+00:00,64.30085636361994,%,GOOD,SYNTHETIC_ML_DATASET,NORMAL,0
BRT,BRT_POWER_001,2026-03-01T11:34:00+00:00,44.35485490410925,kW,GOOD,SYNTHETIC_ML_DATASET,NORMAL,0
BRT,BRT_PRESS_001,2026-03-01T11:34:00+00:00,986.5297075151907,hPa,GOOD,SYNTHETIC_ML_DATASET,NORMAL,0
BRT,BRT_TEMP_001,2026-03-01T11:34:00+00:00,-8.084860817438507,C,GOOD,SYNTHETIC_ML_DATASET,NORMAL,0
BRT,BRT_VIB_001,2026-03-01T11:34:00+00:00,0.78320400267479,mm/s,GOOD,SYNTHETIC_ML_DATASET,NORMAL,0
BRT,BRT_HUM_001,2026-03-01T11:35:00+00:00,63.85039379561447,%,GOOD,SYNTHETIC_ML_DATASET,NORMAL,0
BRT,BRT_POWER_001,2026-03-01T11:35:00+00:00,44.85390349079091,kW,GOOD,SYNTHETIC_ML_DATASET,NORMAL,0
BRT,BRT_PRESS_001,2026-03-01T11:35:00+00:00,986.4137844855976,hPa,GOOD,SYNTHETIC_ML_DATASET,NORMAL,0
BRT,BRT_TEMP_001,2026-03-01T11:35:00+00:00,-8.264082676870046,C,GOOD,SYNTHETIC_ML_DATASET,NORMAL,0
BRT,BRT_VIB_001,2026-03-01T11:35:00+00:00,0.7758084737297257,mm/s,GOOD,SYNTHETIC_ML_DATASET,NORMAL,0
BRT,BRT_HUM_001,2026-03-01T11:36:00+00:00,63.681126709005476,%,GOOD,SYNTHETIC_ML_DATASET,NORMAL,0
BRT,BRT_POWER_001,2026-03-01T11:36:00+00:00,43.98805985029368,kW,GOOD,SYNTHETIC_ML_DATASET,NORMAL,0
BRT,BRT_PRESS_001,2026-03-01T11:36:00+00:00,986.24754138002,hPa,GOOD,SYNTHETIC_ML_DATASET,NORMAL,0
BRT,BRT_TEMP_001,2026-03-01T11:36:00+00:00,-8.586351492693819,C,GOOD,SYNTHETIC_ML_DATASET,NORMAL,0
BRT,BRT_VIB_001,2026-03-01T11:36:00+00:00,0.7751418433344356,mm/s,GOOD,SYNTHETIC_ML_DATASET,NORMAL,0
BRT,BRT_HUM_001,2026-03-01T11:37:00+00:00,63.28791669290897,%,GOOD,SYNTHETIC_ML_DATASET,NORMAL,0
BRT,BRT_POWER_001,2026-03-01T11:37:00+00:00,44.05212433158661,kW,GOOD,SYNTHETIC_ML_DATASET,NORMAL,0
BRT,BRT_PRESS_001,2026-03-01T11:37:00+00:00,986.2885952356529,hPa,GOOD,SYNTHETIC_ML_DATASET,NORMAL,0
BRT,BRT_TEMP_001,2026-03-01T11:37:00+00:00,-8.760454322549458,C,GOOD,SYNTHETIC_ML_DATASET,NORMAL,0
BRT,BRT_VIB_001,2026-03-01T11:37:00+00:00,0.7726561541871658,mm/s,GOOD,SYNTHETIC_ML_DATASET,NORMAL,0
BRT,BRT_HUM_001,2026-03-01T11:38:00+00:00,62.28748669469578,%,GOOD,SYNTHETIC_ML_DATASET,NORMAL,0
BRT,BRT_POWER_001,2026-03-01T11:38:00+00:00,44.149985485793025,kW,GOOD,SYNTHETIC_ML_DATASET,NORMAL,0
BRT,BRT_PRESS_001,2026-03-01T11:38:00+00:00,986.0214893190258,hPa,GOOD,SYNTHETIC_ML_DATASET,NORMAL,0
BRT,BRT_TEMP_001,2026-03-01T11:38:00+00:00,-8.864563835703915,C,GOOD,SYNTHETIC_ML_DATASET,NORMAL,0
BRT,BRT_VIB_001,2026-03-01T11:38:00+00:00,0.7872775451089808,mm/s,GOOD,SYNTHETIC_ML_DATASET,NORMAL,0
BRT,BRT_HUM_001,2026-03-01T11:39:00+00:00,63.32240273032838,%,GOOD,SYNTHETIC_ML_DATASET,NORMAL,0
BRT,BRT_POWER_001,2026-03-01T11:39:00+00:00,44.02951920820708,kW,GOOD,SYNTHETIC_ML_DATASET,NORMAL,0
BRT,BRT_PRESS_001,2026-03-01T11:39:00+00:00,985.9892612529082,hPa,GOOD,SYNTHETIC_ML_DATASET,NORMAL,0
BRT,BRT_TEMP_001,2026-03-01T11:39:00+00:00,-9.057210657194924,C,GOOD,SYNTHETIC_ML_DATASET,NORMAL,0
BRT,BRT_VIB_001,2026-03-01T11:39:00+00:00,0.7723910115659643,mm/s,GOOD,SYNTHETIC_ML_DATASET,NORMAL,0
BRT,BRT_HUM_001,2026-03-01T11:40:00+00:00,62.53061620936681,%,GOOD,SYNTHETIC_ML_DATASET,NORMAL,0
BRT,BRT_POWER_001,2026-03-01T11:40:00+00:00,43.23701006182622,kW,GOOD,SYNTHETIC_ML_DATASET,NORMAL,0
BRT,BRT_PRESS_001,2026-03-01T11:40:00+00:00,986.1185905149446,hPa,GOOD,SYNTHETIC_ML_DATASET,NORMAL,0
BRT,BRT_TEMP_001,2026-03-01T11:40:00+00:00,-8.815549229669394,C,GOOD,SYNTHETIC_ML_DATASET,NORMAL,0
BRT,BRT_VIB_001,2026-03-01T11:40:00+00:00,0.7617975368500383,mm/s,GOOD,SYNTHETIC_ML_DATASET,NORMAL,0
BRT,BRT_HUM_001,2026-03-01T11:41:00+00:00,62.13592224240425,%,GOOD,SYNTHETIC_ML_DATASET,NORMAL,0
BRT,BRT_POWER_001,2026-03-01T11:41:00+00:00,43.20204604306227,kW,GOOD,SYNTHETIC_ML_DATASET,NORMAL,0
BRT,BRT_PRESS_001,2026-03-01T11:41:00+00:00,985.9393961358489,hPa,GOOD,SYNTHETIC_ML_DATASET,NORMAL,0
BRT,BRT_TEMP_001,2026-03-01T11:41:00+00:00,-9.09559150258575,C,GOOD,SYNTHETIC_ML_DATASET,NORMAL,0
BRT,BRT_VIB_001,2026-03-01T11:41:00+00:00,0.7522963399575588,mm/s,GOOD,SYNTHETIC_ML_DATASET,NORMAL,0
BRT,BRT_HUM_001,2026-03-01T11:42:00+00:00,61.145354294321685,%,GOOD,SYNTHETIC_ML_DATASET,NORMAL,0
BRT,BRT_POWER_001,2026-03-01T11:42:00+00:00,43.05755320913694,kW,GOOD,SYNTHETIC_ML_DATASET,NORMAL,0
BRT,BRT_PRESS_001,2026-03-01T11:42:00+00:00,985.8370576406827,hPa,GOOD,SYNTHETIC_ML_DATASET,NORMAL,0
BRT,BRT_TEMP_001,2026-03-01T11:42:00+00:00,-9.038473103524101,C,GOOD,SYNTHETIC_ML_DATASET,NORMAL,0
BRT,BRT_VIB_001,2026-03-01T11:42:00+00:00,0.780671532022672,mm/s,GOOD,SYNTHETIC_ML_DATASET,NORMAL,0
BRT,BRT_HUM_001,2026-03-01T11:43:00+00:00,61.49946525567027,%,GOOD,SYNTHETIC_ML_DATASET,NORMAL,0
BRT,BRT_POWER_001,2026-03-01T11:43:00+00:00,41.9740065839898,kW,GOOD,SYNTHETIC_ML_DATASET,NORMAL,0
BRT,BRT_PRESS_001,2026-03-01T11:43:00+00:00,985.9253857842768,hPa,GOOD,SYNTHETIC_ML_DATASET,NORMAL,0
BRT,BRT_TEMP_001,2026-03-01T11:43:00+00:00,-9.054557834326305,C,GOOD,SYNTHETIC_ML_DATASET,NORMAL,0
BRT,BRT_VIB_001,2026-03-01T11:43:00+00:00,0.8251039459204278,mm/s,GOOD,SYNTHETIC_ML_DATASET,NORMAL,0
BRT,BRT_HUM_001,2026-03-01T11:44:00+00:00,61.26448139777268,%,GOOD,SYNTHETIC_ML_DATASET,NORMAL,0
BRT,BRT_POWER_001,2026-03-01T11:44:00+00:00,42.13752254080777,kW,GOOD,SYNTHETIC_ML_DATASET,NORMAL,0
BRT,BRT_PRESS_001,2026-03-01T11:44:00+00:00,985.8505920386864,hPa,GOOD,SYNTHETIC_ML_DATASET,NORMAL,0
BRT,BRT_TEMP_001,2026-03-01T11:44:00+00:00,-9.107761542142455,C,GOOD,SYNTHETIC_ML_DATASET,NORMAL,0
BRT,BRT_VIB_001,2026-03-01T11:44:00+00:00,0.8155572443162173,mm/s,GOOD,SYNTHETIC_ML_DATASET,NORMAL,0
BRT,BRT_HUM_001,2026-03-01T11:45:00+00:00,61.44208448544812,%,GOOD,SYNTHETIC_ML_DATASET,NORMAL,0
BRT,BRT_POWER_001,2026-03-01T11:45:00+00:00,42.105373472925706,kW,GOOD,SYNTHETIC_ML_DATASET,NORMAL,0
BRT,BRT_PRESS_001,2026-03-01T11:45:00+00:00,985.8742606684046,hPa,GOOD,SYNTHETIC_ML_DATASET,NORMAL,0
BRT,BRT_TEMP_001,2026-03-01T11:45:00+00:00,-9.295511341078766,C,GOOD,SYNTHETIC_ML_DATASET,NORMAL,0
BRT,BRT_VIB_001,2026-03-01T11:45:00+00:00,0.8089321049012764,mm/s,GOOD,SYNTHETIC_ML_DATASET,NORMAL,0
BRT,BRT_HUM_001,2026-03-01T11:46:00+00:00,61.65420057421933,%,GOOD,SYNTHETIC_ML_DATASET,NORMAL,0
BRT,BRT_POWER_001,2026-03-01T11:46:00+00:00,42.03293024447726,kW,GOOD,SYNTHETIC_ML_DATASET,NORMAL,0
BRT,BRT_PRESS_001,2026-03-01T11:46:00+00:00,985.7339679175967,hPa,GOOD,SYNTHETIC_ML_DATASET,NORMAL,0
BRT,BRT_TEMP_001,2026-03-01T11:46:00+00:00,-9.372739979801128,C,GOOD,SYNTHETIC_ML_DATASET,NORMAL,0
BRT,BRT_VIB_001,2026-03-01T11:46:00+00:00,0.8008056242057968,mm/s,GOOD,SYNTHETIC_ML_DATASET,NORMAL,0
BRT,BRT_HUM_001,2026-03-01T11:47:00+00:00,61.03957038876241,%,GOOD,SYNTHETIC_ML_DATASET,NORMAL,0
BRT,BRT_POWER_001,2026-03-01T11:47:00+00:00,42.27025933241614,kW,GOOD,SYNTHETIC_ML_DATASET,NORMAL,0
BRT,BRT_PRESS_001,2026-03-01T11:47:00+00:00,985.7946512275885,hPa,GOOD,SYNTHETIC_ML_DATASET,NORMAL,0
BRT,BRT_TEMP_001,2026-03-01T11:47:00+00:00,-9.712616500278642,C,GOOD,SYNTHETIC_ML_DATASET,NORMAL,0
BRT,BRT_VIB_001,2026-03-01T11:47:00+00:00,0.782162892450638,mm/s,GOOD,SYNTHETIC_ML_DATASET,NORMAL,0
BRT,BRT_HUM_001,2026-03-01T11:48:00+00:00,60.93268419523071,%,GOOD,SYNTHETIC_ML_DATASET,NORMAL,0
BRT,BRT_POWER_001,2026-03-01T11:48:00+00:00,41.8378559310928,kW,GOOD,SYNTHETIC_ML_DATASET,NORMAL,0
BRT,BRT_PRESS_001,2026-03-01T11:48:00+00:00,985.8891362694236,hPa,GOOD,SYNTHETIC_ML_DATASET,NORMAL,0
BRT,BRT_TEMP_001,2026-03-01T11:48:00+00:00,-9.455129307690108,C,GOOD,SYNTHETIC_ML_DATASET,NORMAL,0
BRT,BRT_VIB_001,2026-03-01T11:48:00+00:00,0.7956565855020096,mm/s,GOOD,SYNTHETIC_ML_DATASET,NORMAL,0
BRT,BRT_HUM_001,2026-03-01T11:49:00+00:00,60.53164863054328,%,GOOD,SYNTHETIC_ML_DATASET,NORMAL,0
BRT,BRT_POWER_001,2026-03-01T11:49:00+00:00,42.227548696279406,kW,GOOD,SYNTHETIC_ML_DATASET,NORMAL,0
BRT,BRT_PRESS_001,2026-03-01T11:49:00+00:00,985.6356201738793,hPa,GOOD,SYNTHETIC_ML_DATASET,NORMAL,0
BRT,BRT_TEMP_001,2026-03-01T11:49:00+00:00,-9.49244486223486,C,GOOD,SYNTHETIC_ML_DATASET,NORMAL,0
BRT,BRT_VIB_001,2026-03-01T11:49:00+00:00,0.7793278136409015,mm/s,GOOD,SYNTHETIC_ML_DATASET,NORMAL,0
BRT,BRT_HUM_001,2026-03-01T11:50:00+00:00,60.658122175747536,%,GOOD,SYNTHETIC_ML_DATASET,NORMAL,0
BRT,BRT_POWER_001,2026-03-01T11:50:00+00:00,41.89501816252277,kW,GOOD,SYNTHETIC_ML_DATASET,NORMAL,0
BRT,BRT_PRESS_001,2026-03-01T11:50:00+00:00,985.6341042063162,hPa,GOOD,SYNTHETIC_ML_DATASET,NORMAL,0
BRT,BRT_TEMP_001,2026-03-01T11:50:00+00:00,-9.545876815722437,C,GOOD,SYNTHETIC_ML_DATASET,NORMAL,0
BRT,BRT_VIB_001,2026-03-01T11:50:00+00:00,0.7358497290276225,mm/s,GOOD,SYNTHETIC_ML_DATASET,NORMAL,0
BRT,BRT_HUM_001,2026-03-01T11:51:00+00:00,60.22237971802184,%,GOOD,SYNTHETIC_ML_DATASET,NORMAL,0
BRT,BRT_POWER_001,2026-03-01T11:51:00+00:00,41.72861352969106,kW,GOOD,SYNTHETIC_ML_DATASET,NORMAL,0
BRT,BRT_PRESS_001,2026-03-01T11:51:00+00:00,985.6073209339312,hPa,GOOD,SYNTHETIC_ML_DATASET,NORMAL,0
BRT,BRT_TEMP_001,2026-03-01T11:51:00+00:00,-9.460464174924326,C,GOOD,SYNTHETIC_ML_DATASET,NORMAL,0
BRT,BRT_VIB_001,2026-03-01T11:51:00+00:00,0.7666366748086382,mm/s,GOOD,SYNTHETIC_ML_DATASET,NORMAL,0
BRT,BRT_HUM_001,2026-03-01T11:52:00+00:00,60.18822433868085,%,GOOD,SYNTHETIC_ML_DATASET,NORMAL,0
BRT,BRT_POWER_001,2026-03-01T11:52:00+00:00,41.39900195447684,kW,GOOD,SYNTHETIC_ML_DATASET,NORMAL,0
BRT,BRT_PRESS_001,2026-03-01T11:52:00+00:00,985.5659874472439,hPa,GOOD,SYNTHETIC_ML_DATASET,NORMAL,0
BRT,BRT_TEMP_001,2026-03-01T11:52:00+00:00,-9.703635931228888,C,GOOD,SYNTHETIC_ML_DATASET,NORMAL,0
BRT,BRT_VIB_001,2026-03-01T11:52:00+00:00,0.7376221606344161,mm/s,GOOD,SYNTHETIC_ML_DATASET,NORMAL,0
BRT,BRT_HUM_001,2026-03-01T11:53:00+00:00,59.74184183514268,%,GOOD,SYNTHETIC_ML_DATASET,NORMAL,0
BRT,BRT_POWER_001,2026-03-01T11:53:00+00:00,41.58786327806236,kW,GOOD,SYNTHETIC_ML_DATASET,NORMAL,0
BRT,BRT_PRESS_001,2026-03-01T11:53:00+00:00,985.5318385494952,hPa,GOOD,SYNTHETIC_ML_DATASET,NORMAL,0
BRT,BRT_TEMP_001,2026-03-01T11:53:00+00:00,-9.876798023067327,C,GOOD,SYNTHETIC_ML_DATASET,NORMAL,0
BRT,BRT_VIB_001,2026-03-01T11:53:00+00:00,0.7660131070218414,mm/s,GOOD,SYNTHETIC_ML_DATASET,NORMAL,0
BRT,BRT_HUM_001,2026-03-01T11:54:00+00:00,60.379873425612764,%,GOOD,SYNTHETIC_ML_DATASET,NORMAL,0
BRT,BRT_POWER_001,2026-03-01T11:54:00+00:00,41.30568018397644,kW,GOOD,SYNTHETIC_ML_DATASET,NORMAL,0
BRT,BRT_PRESS_001,2026-03-01T11:54:00+00:00,985.3991415451023,hPa,GOOD,SYNTHETIC_ML_DATASET,NORMAL,0
BRT,BRT_TEMP_001,2026-03-01T11:54:00+00:00,-9.85277473548067,C,GOOD,SYNTHETIC_ML_DATASET,NORMAL,0
BRT,BRT_VIB_001,2026-03-01T11:54:00+00:00,0.73797277371411,mm/s,GOOD,SYNTHETIC_ML_DATASET,NORMAL,0
BRT,BRT_HUM_001,2026-03-01T11:55:00+00:00,60.73715183058715,%,GOOD,SYNTHETIC_ML_DATASET,NORMAL,0
BRT,BRT_POWER_001,2026-03-01T11:55:00+00:00,41.75756720310703,kW,GOOD,SYNTHETIC_ML_DATASET,NORMAL,0
BRT,BRT_PRESS_001,2026-03-01T11:55:00+00:00,985.2695493827044,hPa,GOOD,SYNTHETIC_ML_DATASET,NORMAL,0
BRT,BRT_TEMP_001,2026-03-01T11:55:00+00:00,-10.005801829422639,C,GOOD,SYNTHETIC_ML_DATASET,NORMAL,0
BRT,BRT_VIB_001,2026-03-01T11:55:00+00:00,0.7436102891183934,mm/s,GOOD,SYNTHETIC_ML_DATASET,NORMAL,0
BRT,BRT_HUM_001,2026-03-01T11:56:00+00:00,61.00099449246665,%,GOOD,SYNTHETIC_ML_DATASET,NORMAL,0
BRT,BRT_POWER_001,2026-03-01T11:56:00+00:00,41.59061354789287,kW,GOOD,SYNTHETIC_ML_DATASET,NORMAL,0
BRT,BRT_PRESS_001,2026-03-01T11:56:00+00:00,985.4010359250559,hPa,GOOD,SYNTHETIC_ML_DATASET,NORMAL,0
BRT,BRT_TEMP_001,2026-03-01T11:56:00+00:00,-10.203578345863235,C,GOOD,SYNTHETIC_ML_DATASET,NORMAL,0
BRT,BRT_VIB_001,2026-03-01T11:56:00+00:00,0.7445570404971213,mm/s,GOOD,SYNTHETIC_ML_DATASET,NORMAL,0
BRT,BRT_HUM_001,2026-03-01T11:57:00+00:00,60.583120345739026,%,GOOD,SYNTHETIC_ML_DATASET,NORMAL,0
BRT,BRT_POWER_001,2026-03-01T11:57:00+00:00,41.53137484968331,kW,GOOD,SYNTHETIC_ML_DATASET,NORMAL,0
BRT,BRT_PRESS_001,2026-03-01T11:57:00+00:00,985.2864103887656,hPa,GOOD,SYNTHETIC_ML_DATASET,NORMAL,0
BRT,BRT_TEMP_001,2026-03-01T11:57:00+00:00,-10.1845069247254,C,GOOD,SYNTHETIC_ML_DATASET,NORMAL,0
BRT,BRT_VIB_001,2026-03-01T11:57:00+00:00,0.7292425521675882,mm/s,GOOD,SYNTHETIC_ML_DATASET,NORMAL,0
BRT,BRT_HUM_001,2026-03-01T11:58:00+00:00,60.371793781285085,%,GOOD,SYNTHETIC_ML_DATASET,NORMAL,0
BRT,BRT_POWER_001,2026-03-01T11:58:00+00:00,40.80677005403828,kW,GOOD,SYNTHETIC_ML_DATASET,NORMAL,0
BRT,BRT_PRESS_001,2026-03-01T11:58:00+00:00,985.1898081721096,hPa,GOOD,SYNTHETIC_ML_DATASET,NORMAL,0
BRT,BRT_TEMP_001,2026-03-01T11:58:00+00:00,-10.179972288438181,C,GOOD,SYNTHETIC_ML_DATASET,NORMAL,0
BRT,BRT_VIB_001,2026-03-01T11:58:00+00:00,0.7492037620168144,mm/s,GOOD,SYNTHETIC_ML_DATASET,NORMAL,0
BRT,BRT_HUM_001,2026-03-01T11:59:00+00:00,60.393425828299414,%,GOOD,SYNTHETIC_ML_DATASET,NORMAL,0
BRT,BRT_POWER_001,2026-03-01T11:59:00+00:00,40.599370824369956,kW,GOOD,SYNTHETIC_ML_DATASET,NORMAL,0
BRT,BRT_PRESS_001,2026-03-01T11:59:00+00:00,985.2028120620932,hPa,GOOD,SYNTHETIC_ML_DATASET,NORMAL,0
BRT,BRT_TEMP_001,2026-03-01T11:59:00+00:00,-10.553128804374612,C,GOOD,SYNTHETIC_ML_DATASET,NORMAL,0
BRT,BRT_VIB_001,2026-03-01T11:59:00+00:00,0.7302907314435763,mm/s,GOOD,SYNTHETIC_ML_DATASET,NORMAL,0
BRT,BRT_HUM_001,2026-03-01T12:00:00+00:00,60.085185068417616,%,GOOD,SYNTHETIC_ML_DATASET,NORMAL,0
BRT,BRT_POWER_001,2026-03-01T12:00:00+00:00,40.111085494604886,kW,GOOD,SYNTHETIC_ML_DATASET,NORMAL,0
BRT,BRT_PRESS_001,2026-03-01T12:00:00+00:00,985.2665631742631,hPa,GOOD,SYNTHETIC_ML_DATASET,NORMAL,0
BRT,BRT_TEMP_001,2026-03-01T12:00:00+00:00,-10.480235921361945,C,GOOD,SYNTHETIC_ML_DATASET,NORMAL,0
BRT,BRT_VIB_001,2026-03-01T12:00:00+00:00,0.7539951535172966,mm/s,GOOD,SYNTHETIC_ML_DATASET,NORMAL,0
BRT,BRT_HUM_001,2026-03-01T12:01:00+00:00,60.81491330116779,%,GOOD,SYNTHETIC_ML_DATASET,NORMAL,0
BRT,BRT_POWER_001,2026-03-01T12:01:00+00:00,40.47633789880335,kW,GOOD,SYNTHETIC_ML_DATASET,NORMAL,0
BRT,BRT_PRESS_001,2026-03-01T12:01:00+00:00,985.0950164300876,hPa,GOOD,SYNTHETIC_ML_DATASET,NORMAL,0
BRT,BRT_TEMP_001,2026-03-01T12:01:00+00:00,-10.308992592467806,C,GOOD,SYNTHETIC_ML_DATASET,NORMAL,0
BRT,BRT_VIB_001,2026-03-01T12:01:00+00:00,0.7551514499069271,mm/s,GOOD,SYNTHETIC_ML_DATASET,NORMAL,0
BRT,BRT_HUM_001,2026-03-01T12:02:00+00:00,59.63044937367639,%,GOOD,SYNTHETIC_ML_DATASET,NORMAL,0
BRT,BRT_POWER_001,2026-03-01T12:02:00+00:00,40.140648175445605,kW,GOOD,SYNTHETIC_ML_DATASET,NORMAL,0
BRT,BRT_PRESS_001,2026-03-01T12:02:00+00:00,984.9992099363725,hPa,GOOD,SYNTHETIC_ML_DATASET,NORMAL,0
BRT,BRT_TEMP_001,2026-03-01T12:02:00+00:00,-10.898129069687037,C,GOOD,SYNTHETIC_ML_DATASET,NORMAL,0
BRT,BRT_VIB_001,2026-03-01T12:02:00+00:00,0.7554160611163809,mm/s,GOOD,SYNTHETIC_ML_DATASET,NORMAL,0
BRT,BRT_HUM_001,2026-03-01T12:03:00+00:00,59.887037729259504,%,GOOD,SYNTHETIC_ML_DATASET,NORMAL,0
BRT,BRT_POWER_001,2026-03-01T12:03:00+00:00,40.05480960718355,kW,GOOD,SYNTHETIC_ML_DATASET,NORMAL,0
BRT,BRT_PRESS_001,2026-03-01T12:03:00+00:00,984.751452932091,hPa,GOOD,SYNTHETIC_ML_DATASET,NORMAL,0
BRT,BRT_TEMP_001,2026-03-01T12:03:00+00:00,-10.885406291558635,C,GOOD,SYNTHETIC_ML_DATASET,NORMAL,0
BRT,BRT_VIB_001,2026-03-01T12:03:00+00:00,0.732889663944585,mm/s,GOOD,SYNTHETIC_ML_DATASET,NORMAL,0
BRT,BRT_HUM_001,2026-03-01T12:04:00+00:00,59.338803753628966,%,GOOD,SYNTHETIC_ML_DATASET,NORMAL,0
BRT,BRT_POWER_001,2026-03-01T12:04:00+00:00,40.36387947116538,kW,GOOD,SYNTHETIC_ML_DATASET,NORMAL,0
BRT,BRT_PRESS_001,2026-03-01T12:04:00+00:00,984.7774736114906,hPa,GOOD,SYNTHETIC_ML_DATASET,NORMAL,0
BRT,BRT_TEMP_001,2026-03-01T12:04:00+00:00,-11.094551530758034,C,GOOD,SYNTHETIC_ML_DATASET,NORMAL,0
BRT,BRT_VIB_001,2026-03-01T12:04:00+00:00,0.7351327921231331,mm/s,GOOD,SYNTHETIC_ML_DATASET,NORMAL,0
BRT,BRT_HUM_001,2026-03-01T12:05:00+00:00,59.70719000925909,%,GOOD,SYNTHETIC_ML_DATASET,NORMAL,0
BRT,BRT_POWER_001,2026-03-01T12:05:00+00:00,40.76094459404643,kW,GOOD,SYNTHETIC_ML_DATASET,NORMAL,0
BRT,BRT_PRESS_001,2026-03-01T12:05:00+00:00,984.5465799912186,hPa,GOOD,SYNTHETIC_ML_DATASET,NORMAL,0
BRT,BRT_TEMP_001,2026-03-01T12:05:00+00:00,-10.974722369894351,C,GOOD,SYNTHETIC_ML_DATASET,NORMAL,0
BRT,BRT_VIB_001,2026-03-01T12:05:00+00:00,0.7178671199141625,mm/s,GOOD,SYNTHETIC_ML_DATASET,NORMAL,0
BRT,BRT_HUM_001,2026-03-01T12:06:00+00:00,57.95833117218511,%,GOOD,SYNTHETIC_ML_DATASET,NORMAL,0
BRT,BRT_POWER_001,2026-03-01T12:06:00+00:00,40.35074034925569,kW,GOOD,SYNTHETIC_ML_DATASET,NORMAL,0
BRT,BRT_PRESS_001,2026-03-01T12:06:00+00:00,984.6905695043096,hPa,GOOD,SYNTHETIC_ML_DATASET,NORMAL,0
BRT,BRT_TEMP_001,2026-03-01T12:06:00+00:00,-11.05240066513279,C,GOOD,SYNTHETIC_ML_DATASET,NORMAL,0
BRT,BRT_VIB_001,2026-03-01T12:06:00+00:00,0.7249209973627164,mm/s,GOOD,SYNTHETIC_ML_DATASET,NORMAL,0
BRT,BRT_HUM_001,2026-03-01T12:07:00+00:00,58.65135212079407,%,GOOD,SYNTHETIC_ML_DATASET,NORMAL,0
BRT,BRT_POWER_001,2026-03-01T12:07:00+00:00,40.43368975740516,kW,GOOD,SYNTHETIC_ML_DATASET,NORMAL,0
BRT,BRT_PRESS_001,2026-03-01T12:07:00+00:00,984.5289625722057,hPa,GOOD,SYNTHETIC_ML_DATASET,NORMAL,0
BRT,BRT_TEMP_001,2026-03-01T12:07:00+00:00,-10.953882751649841,C,GOOD,SYNTHETIC_ML_DATASET,NORMAL,0
BRT,BRT_VIB_001,2026-03-01T12:07:00+00:00,0.7287542146721019,mm/s,GOOD,SYNTHETIC_ML_DATASET,NORMAL,0
BRT,BRT_HUM_001,2026-03-01T12:08:00+00:00,57.95053406428092,%,GOOD,SYNTHETIC_ML_DATASET,NORMAL,0
BRT,BRT_POWER_001,2026-03-01T12:08:00+00:00,41.138578036142356,kW,GOOD,SYNTHETIC_ML_DATASET,NORMAL,0
BRT,BRT_PRESS_001,2026-03-01T12:08:00+00:00,984.6028062815184,hPa,GOOD,SYNTHETIC_ML_DATASET,NORMAL,0
BRT,BRT_TEMP_001,2026-03-01T12:08:00+00:00,-10.904706993281117,C,GOOD,SYNTHETIC_ML_DATASET,NORMAL,0
BRT,BRT_VIB_001,2026-03-01T12:08:00+00:00,0.7029686411118526,mm/s,GOOD,SYNTHETIC_ML_DATASET,NORMAL,0
BRT,BRT_HUM_001,2026-03-01T12:09:00+00:00,58.14065864006906,%,GOOD,SYNTHETIC_ML_DATASET,NORMAL,0
BRT,BRT_POWER_001,2026-03-01T12:09:00+00:00,40.416741268863504,kW,GOOD,SYNTHETIC_ML_DATASET,NORMAL,0
BRT,BRT_PRESS_001,2026-03-01T12:09:00+00:00,984.4439245253365,hPa,GOOD,SYNTHETIC_ML_DATASET,NORMAL,0
BRT,BRT_TEMP_001,2026-03-01T12:09:00+00:00,-11.38621050489665,C,GOOD,SYNTHETIC_ML_DATASET,NORMAL,0
BRT,BRT_VIB_001,2026-03-01T12:09:00+00:00,0.7072991247880914,mm/s,GOOD,SYNTHETIC_ML_DATASET,NORMAL,0
BRT,BRT_HUM_001,2026-03-01T12:10:00+00:00,58.527157164129605,%,GOOD,SYNTHETIC_ML_DATASET,NORMAL,0
BRT,BRT_POWER_001,2026-03-01T12:10:00+00:00,39.99478380694482,kW,GOOD,SYNTHETIC_ML_DATASET,NORMAL,0
BRT,BRT_PRESS_001,2026-03-01T12:10:00+00:00,984.3672425197348,hPa,GOOD,SYNTHETIC_ML_DATASET,NORMAL,0
BRT,BRT_TEMP_001,2026-03-01T12:10:00+00:00,-11.380496492995574,C,GOOD,SYNTHETIC_ML_DATASET,NORMAL,0
BRT,BRT_VIB_001,2026-03-01T12:10:00+00:00,0.722771871490525,mm/s,GOOD,SYNTHETIC_ML_DATASET,NORMAL,0
BRT,BRT_HUM_001,2026-03-01T12:11:00+00:00,57.317986491419035,%,GOOD,SYNTHETIC_ML_DATASET,NORMAL,0
BRT,BRT_POWER_001,2026-03-01T12:11:00+00:00,39.5232881868446,kW,GOOD,SYNTHETIC_ML_DATASET,NORMAL,0
BRT,BRT_PRESS_001,2026-03-01T12:11:00+00:00,984.2726923710693,hPa,GOOD,SYNTHETIC_ML_DATASET,NORMAL,0
BRT,BRT_TEMP_001,2026-03-01T12:11:00+00:00,-11.438286261062366,C,GOOD,SYNTHETIC_ML_DATASET,NORMAL,0
BRT,BRT_VIB_001,2026-03-01T12:11:00+00:00,0.7249879532543874,mm/s,GOOD,SYNTHETIC_ML_DATASET,NORMAL,0
BRT,BRT_HUM_001,2026-03-01T12:12:00+00:00,57.62618687028286,%,GOOD,SYNTHETIC_ML_DATASET,NORMAL,0
BRT,BRT_POWER_001,2026-03-01T12:12:00+00:00,40.10194304092145,kW,GOOD,SYNTHETIC_ML_DATASET,NORMAL,0
BRT,BRT_PRESS_001,2026-03-01T12:12:00+00:00,984.2272847191756,hPa,GOOD,SYNTHETIC_ML_DATASET,NORMAL,0
BRT,BRT_TEMP_001,2026-03-01T12:12:00+00:00,-11.119283028032033,C,GOOD,SYNTHETIC_ML_DATASET,NORMAL,0
BRT,BRT_VIB_001,2026-03-01T12:12:00+00:00,0.7274604976444958,mm/s,GOOD,SYNTHETIC_ML_DATASET,NORMAL,0
BRT,BRT_HUM_001,2026-03-01T12:13:00+00:00,57.925810093080216,%,GOOD,SYNTHETIC_ML_DATASET,NORMAL,0
BRT,BRT_POWER_001,2026-03-01T12:13:00+00:00,39.37244314168924,kW,GOOD,SYNTHETIC_ML_DATASET,NORMAL,0
BRT,BRT_PRESS_001,2026-03-01T12:13:00+00:00,984.2404286293829,hPa,GOOD,SYNTHETIC_ML_DATASET,NORMAL,0
BRT,BRT_TEMP_001,2026-03-01T12:13:00+00:00,-11.420582818384492,C,GOOD,SYNTHETIC_ML_DATASET,NORMAL,0
BRT,BRT_VIB_001,2026-03-01T12:13:00+00:00,0.7279622056060795,mm/s,GOOD,SYNTHETIC_ML_DATASET,NORMAL,0
BRT,BRT_HUM_001,2026-03-01T12:14:00+00:00,57.63510217221927,%,GOOD,SYNTHETIC_ML_DATASET,NORMAL,0
BRT,BRT_POWER_001,2026-03-01T12:14:00+00:00,39.33191306947764,kW,GOOD,SYNTHETIC_ML_DATASET,NORMAL,0
BRT,BRT_PRESS_001,2026-03-01T12:14:00+00:00,984.144939956433,hPa,GOOD,SYNTHETIC_ML_DATASET,NORMAL,0
BRT,BRT_TEMP_001,2026-03-01T12:14:00+00:00,-11.402111114563294,C,GOOD,SYNTHETIC_ML_DATASET,NORMAL,0
BRT,BRT_VIB_001,2026-03-01T12:14:00+00:00,0.7276136354463045,mm/s,GOOD,SYNTHETIC_ML_DATASET,NORMAL,0
BRT,BRT_HUM_001,2026-03-01T12:15:00+00:00,56.600570376692595,%,GOOD,SYNTHETIC_ML_DATASET,NORMAL,0
BRT,BRT_POWER_001,2026-03-01T12:15:00+00:00,39.829736321519455,kW,GOOD,SYNTHETIC_ML_DATASET,NORMAL,0
BRT,BRT_PRESS_001,2026-03-01T12:15:00+00:00,983.9202663060933,hPa,GOOD,SYNTHETIC_ML_DATASET,NORMAL,0
BRT,BRT_TEMP_001,2026-03-01T12:15:00+00:00,-11.482119816059845,C,GOOD,SYNTHETIC_ML_DATASET,NORMAL,0
BRT,BRT_VIB_001,2026-03-01T12:15:00+00:00,0.696784664781005,mm/s,GOOD,SYNTHETIC_ML_DATASET,NORMAL,0
BRT,BRT_HUM_001,2026-03-01T12:16:00+00:00,57.23358154737439,%,GOOD,SYNTHETIC_ML_DATASET,NORMAL,0
BRT,BRT_POWER_001,2026-03-01T12:16:00+00:00,39.94395684759115,kW,GOOD,SYNTHETIC_ML_DATASET,NORMAL,0
BRT,BRT_PRESS_001,2026-03-01T12:16:00+00:00,983.8117801319095,hPa,GOOD,SYNTHETIC_ML_DATASET,NORMAL,0
BRT,BRT_TEMP_001,2026-03-01T12:16:00+00:00,-11.522427571799833,C,GOOD,SYNTHETIC_ML_DATASET,NORMAL,0
BRT,BRT_VIB_001,2026-03-01T12:16:00+00:00,0.6770844078265834,mm/s,GOOD,SYNTHETIC_ML_DATASET,NORMAL,0
BRT,BRT_HUM_001,2026-03-01T12:17:00+00:00,57.31533619119724,%,GOOD,SYNTHETIC_ML_DATASET,NORMAL,0
BRT,BRT_POWER_001,2026-03-01T12:17:00+00:00,39.11034543147953,kW,GOOD,SYNTHETIC_ML_DATASET,NORMAL,0
BRT,BRT_PRESS_001,2026-03-01T12:17:00+00:00,983.8098939454912,hPa,GOOD,SYNTHETIC_ML_DATASET,NORMAL,0
BRT,BRT_TEMP_001,2026-03-01T12:17:00+00:00,-11.432510509837254,C,GOOD,SYNTHETIC_ML_DATASET,NORMAL,0
BRT,BRT_VIB_001,2026-03-01T12:17:00+00:00,0.6809432745932402,mm/s,GOOD,SYNTHETIC_ML_DATASET,NORMAL,0
BRT,BRT_HUM_001,2026-03-01T12:18:00+00:00,56.954638638038965,%,GOOD,SYNTHETIC_ML_DATASET,NORMAL,0
BRT,BRT_POWER_001,2026-03-01T12:18:00+00:00,39.32525528032267,kW,GOOD,SYNTHETIC_ML_DATASET,NORMAL,0
BRT,BRT_PRESS_001,2026-03-01T12:18:00+00:00,983.6212051391879,hPa,GOOD,SYNTHETIC_ML_DATASET,NORMAL,0
BRT,BRT_TEMP_001,2026-03-01T12:18:00+00:00,-11.36534012516734,C,GOOD,SYNTHETIC_ML_DATASET,NORMAL,0
BRT,BRT_VIB_001,2026-03-01T12:18:00+00:00,0.6779926674929896,mm/s,GOOD,SYNTHETIC_ML_DATASET,NORMAL,0
BRT,BRT_HUM_001,2026-03-01T12:19:00+00:00,57.081959355483804,%,GOOD,SYNTHETIC_ML_DATASET,NORMAL,0
BRT,BRT_POWER_001,2026-03-01T12:19:00+00:00,38.65318251885722,kW,GOOD,SYNTHETIC_ML_DATASET,NORMAL,0
BRT,BRT_PRESS_001,2026-03-01T12:19:00+00:00,983.7139576190556,hPa,GOOD,SYNTHETIC_ML_DATASET,NORMAL,0
BRT,BRT_TEMP_001,2026-03-01T12:19:00+00:00,-11.743819288220052,C,GOOD,SYNTHETIC_ML_DATASET,NORMAL,0
BRT,BRT_VIB_001,2026-03-01T12:19:00+00:00,0.6864577115669941,mm/s,GOOD,SYNTHETIC_ML_DATASET,NORMAL,0
BRT,BRT_HUM_001,2026-03-01T12:20:00+00:00,56.19410521635622,%,GOOD,SYNTHETIC_ML_DATASET,NORMAL,0
BRT,BRT_POWER_001,2026-03-01T12:20:00+00:00,38.77225781602271,kW,GOOD,SYNTHETIC_ML_DATASET,NORMAL,0
BRT,BRT_PRESS_001,2026-03-01T12:20:00+00:00,983.7310826721371,hPa,GOOD,SYNTHETIC_ML_DATASET,NORMAL,0
BRT,BRT_TEMP_001,2026-03-01T12:20:00+00:00,-11.931238571307988,C,GOOD,SYNTHETIC_ML_DATASET,NORMAL,0
BRT,BRT_VIB_001,2026-03-01T12:20:00+00:00,0.6726121815777968,mm/s,GOOD,SYNTHETIC_ML_DATASET,NORMAL,0
BRT,BRT_HUM_001,2026-03-01T12:21:00+00:00,56.486753671735165,%,GOOD,SYNTHETIC_ML_DATASET,NORMAL,0
BRT,BRT_POWER_001,2026-03-01T12:21:00+00:00,38.2325425711681,kW,GOOD,SYNTHETIC_ML_DATASET,NORMAL,0
BRT,BRT_PRESS_001,2026-03-01T12:21:00+00:00,983.715308195038,hPa,GOOD,SYNTHETIC_ML_DATASET,NORMAL,0
BRT,BRT_TEMP_001,2026-03-01T12:21:00+00:00,-11.713145397623995,C,GOOD,SYNTHETIC_ML_DATASET,NORMAL,0
BRT,BRT_VIB_001,2026-03-01T12:21:00+00:00,0.665800778470277,mm/s,GOOD,SYNTHETIC_ML_DATASET,NORMAL,0
BRT,BRT_HUM_001,2026-03-01T12:22:00+00:00,56.322430728962814,%,GOOD,SYNTHETIC_ML_DATASET,NORMAL,0
BRT,BRT_POWER_001,2026-03-01T12:22:00+00:00,38.8226701600416,kW,GOOD,SYNTHETIC_ML_DATASET,NORMAL,0
BRT,BRT_PRESS_001,2026-03-01T12:22:00+00:00,983.6336320389521,hPa,GOOD,SYNTHETIC_ML_DATASET,NORMAL,0
BRT,BRT_TEMP_001,2026-03-01T12:22:00+00:00,-12.020510617707309,C,GOOD,SYNTHETIC_ML_DATASET,NORMAL,0
BRT,BRT_VIB_001,2026-03-01T12:22:00+00:00,0.6355561860838379,mm/s,GOOD,SYNTHETIC_ML_DATASET,NORMAL,0
BRT,BRT_HUM_001,2026-03-01T12:23:00+00:00,55.893994439349356,%,GOOD,SYNTHETIC_ML_DATASET,NORMAL,0
BRT,BRT_POWER_001,2026-03-01T12:23:00+00:00,37.97435272128968,kW,GOOD,SYNTHETIC_ML_DATASET,NORMAL,0
BRT,BRT_PRESS_001,2026-03-01T12:23:00+00:00,983.6985918170969,hPa,GOOD,SYNTHETIC_ML_DATASET,NORMAL,0
BRT,BRT_TEMP_001,2026-03-01T12:23:00+00:00,-12.345425870407112,C,GOOD,SYNTHETIC_ML_DATASET,NORMAL,0
BRT,BRT_VIB_001,2026-03-01T12:23:00+00:00,0.6398899623085375,mm/s,GOOD,SYNTHETIC_ML_DATASET,NORMAL,0
BRT,BRT_HUM_001,2026-03-01T12:24:00+00:00,56.50957549343635,%,GOOD,SYNTHETIC_ML_DATASET,NORMAL,0
BRT,BRT_POWER_001,2026-03-01T12:24:00+00:00,38.24553003622851,kW,GOOD,SYNTHETIC_ML_DATASET,NORMAL,0
BRT,BRT_PRESS_001,2026-03-01T12:24:00+00:00,983.5262317118405,hPa,GOOD,SYNTHETIC_ML_DATASET,NORMAL,0
BRT,BRT_TEMP_001,2026-03-01T12:24:00+00:00,-12.08534851801567,C,GOOD,SYNTHETIC_ML_DATASET,NORMAL,0
BRT,BRT_VIB_001,2026-03-01T12:24:00+00:00,0.6236124442644226,mm/s,GOOD,SYNTHETIC_ML_DATASET,NORMAL,0
BRT,BRT_HUM_001,2026-03-01T12:25:00+00:00,55.74327359454042,%,GOOD,SYNTHETIC_ML_DATASET,NORMAL,0
BRT,BRT_POWER_001,2026-03-01T12:25:00+00:00,38.44318401865095,kW,GOOD,SYNTHETIC_ML_DATASET,NORMAL,0
BRT,BRT_PRESS_001,2026-03-01T12:25:00+00:00,983.6525994047809,hPa,GOOD,SYNTHETIC_ML_DATASET,NORMAL,0
BRT,BRT_TEMP_001,2026-03-01T12:25:00+00:00,-12.026977717910315,C,GOOD,SYNTHETIC_ML_DATASET,NORMAL,0
BRT,BRT_VIB_001,2026-03-01T12:25:00+00:00,0.6302045155959853,mm/s,GOOD,SYNTHETIC_ML_DATASET,NORMAL,0
BRT,BRT_HUM_001,2026-03-01T12:26:00+00:00,56.13337393628505,%,GOOD,SYNTHETIC_ML_DATASET,NORMAL,0
BRT,BRT_POWER_001,2026-03-01T12:26:00+00:00,38.314834380612005,kW,GOOD,SYNTHETIC_ML_DATASET,NORMAL,0
BRT,BRT_PRESS_001,2026-03-01T12:26:00+00:00,983.5979639087353,hPa,GOOD,SYNTHETIC_ML_DATASET,NORMAL,0
BRT,BRT_TEMP_001,2026-03-01T12:26:00+00:00,-11.91875054001959,C,GOOD,SYNTHETIC_ML_DATASET,NORMAL,0
BRT,BRT_VIB_001,2026-03-01T12:26:00+00:00,0.6539945699209682,mm/s,GOOD,SYNTHETIC_ML_DATASET,NORMAL,0
BRT,BRT_HUM_001,2026-03-01T12:27:00+00:00,56.30516691799541,%,GOOD,SYNTHETIC_ML_DATASET,NORMAL,0
BRT,BRT_POWER_001,2026-03-01T12:27:00+00:00,37.48779289841779,kW,GOOD,SYNTHETIC_ML_DATASET,NORMAL,0
BRT,BRT_PRESS_001,2026-03-01T12:27:00+00:00,983.6887288961204,hPa,GOOD,SYNTHETIC_ML_DATASET,NORMAL,0
BRT,BRT_TEMP_001,2026-03-01T12:27:00+00:00,-12.086103034478837,C,GOOD,SYNTHETIC_ML_DATASET,NORMAL,0
BRT,BRT_VIB_001,2026-03-01T12:27:00+00:00,0.645008753358126,mm/s,GOOD,SYNTHETIC_ML_DATASET,NORMAL,0
BRT,BRT_HUM_001,2026-03-01T12:28:00+00:00,56.13972447560851,%,GOOD,SYNTHETIC_ML_DATASET,NORMAL,0
BRT,BRT_POWER_001,2026-03-01T12:28:00+00:00,37.6689967608525,kW,GOOD,SYNTHETIC_ML_DATASET,NORMAL,0
BRT,BRT_PRESS_001,2026-03-01T12:28:00+00:00,983.7155017653064,hPa,GOOD,SYNTHETIC_ML_DATASET,NORMAL,0
BRT,BRT_TEMP_001,2026-03-01T12:28:00+00:00,-12.147507329046178,C,GOOD,SYNTHETIC_ML_DATASET,NORMAL,0
BRT,BRT_VIB_001,2026-03-01T12:28:00+00:00,0.6405363074091709,mm/s,GOOD,SYNTHETIC_ML_DATASET,NORMAL,0
BRT,BRT_HUM_001,2026-03-01T12:29:00+00:00,55.645601737042064,%,GOOD,SYNTHETIC_ML_DATASET,NORMAL,0
BRT,BRT_POWER_001,2026-03-01T12:29:00+00:00,37.573919587539756,kW,GOOD,SYNTHETIC_ML_DATASET,NORMAL,0
BRT,BRT_PRESS_001,2026-03-01T12:29:00+00:00,983.5884820657586,hPa,GOOD,SYNTHETIC_ML_DATASET,NORMAL,0
BRT,BRT_TEMP_001,2026-03-01T12:29:00+00:00,-12.190876802559965,C,GOOD,SYNTHETIC_ML_DATASET,NORMAL,0
BRT,BRT_VIB_001,2026-03-01T12:29:00+00:00,0.6222021087451206,mm/s,GOOD,SYNTHETIC_ML_DATASET,NORMAL,0
BRT,BRT_HUM_001,2026-03-01T12:30:00+00:00,56.04402594508939,%,GOOD,SYNTHETIC_ML_DATASET,NORMAL,0
BRT,BRT_POWER_001,2026-03-01T12:30:00+00:00,37.44635543979268,kW,GOOD,SYNTHETIC_ML_DATASET,NORMAL,0
BRT,BRT_PRESS_001,2026-03-01T12:30:00+00:00,983.4777732939089,hPa,GOOD,SYNTHETIC_ML_DATASET,NORMAL,0
BRT,BRT_TEMP_001,2026-03-01T12:30:00+00:00,-12.278502713805986,C,GOOD,SYNTHETIC_ML_DATASET,NORMAL,0
BRT,BRT_VIB_001,2026-03-01T12:30:00+00:00,0.6425961814581168,mm/s,GOOD,SYNTHETIC_ML_DATASET,NORMAL,0
BRT,BRT_HUM_001,2026-03-01T12:31:00+00:00,56.12306909370634,%,GOOD,SYNTHETIC_ML_DATASET,NORMAL,0
BRT,BRT_POWER_001,2026-03-01T12:31:00+00:00,37.74219789738784,kW,GOOD,SYNTHETIC_ML_DATASET,NORMAL,0
BRT,BRT_PRESS_001,2026-03-01T12:31:00+00:00,983.5008385256772,hPa,GOOD,SYNTHETIC_ML_DATASET,NORMAL,0
BRT,BRT_TEMP_001,2026-03-01T12:31:00+00:00,-12.43959525566888,C,GOOD,SYNTHETIC_ML_DATASET,NORMAL,0
BRT,BRT_VIB_001,2026-03-01T12:31:00+00:00,0.6395986875243692,mm/s,GOOD,SYNTHETIC_ML_DATASET,NORMAL,0
BRT,BRT_HUM_001,2026-03-01T12:32:00+00:00,56.091392019040235,%,GOOD,SYNTHETIC_ML_DATASET,NORMAL,0
BRT,BRT_POWER_001,2026-03-01T12:32:00+00:00,37.379951916629196,kW,GOOD,SYNTHETIC_ML_DATASET,NORMAL,0
BRT,BRT_PRESS_001,2026-03-01T12:32:00+00:00,983.4150343796059,hPa,GOOD,SYNTHETIC_ML_DATASET,NORMAL,0
BRT,BRT_TEMP_001,2026-03-01T12:32:00+00:00,-12.712000240719588,C,GOOD,SYNTHETIC_ML_DATASET,NORMAL,0
BRT,BRT_VIB_001,2026-03-01T12:32:00+00:00,0.620667898451799,mm/s,GOOD,SYNTHETIC_ML_DATASET,NORMAL,0
BRT,BRT_HUM_001,2026-03-01T12:33:00+00:00,55.34733020578955,%,GOOD,SYNTHETIC_ML_DATASET,NORMAL,0
BRT,BRT_POWER_001,2026-03-01T12:33:00+00:00,37.21586189715015,kW,GOOD,SYNTHETIC_ML_DATASET,NORMAL,0
BRT,BRT_PRESS_001,2026-03-01T12:33:00+00:00,983.4300078959402,hPa,GOOD,SYNTHETIC_ML_DATASET,NORMAL,0
BRT,BRT_TEMP_001,2026-03-01T12:33:00+00:00,-12.381465345801669,C,GOOD,SYNTHETIC_ML_DATASET,NORMAL,0
BRT,BRT_VIB_001,2026-03-01T12:33:00+00:00,0.6560555627603891,mm/s,GOOD,SYNTHETIC_ML_DATASET,NORMAL,0
BRT,BRT_HUM_001,2026-03-01T12:34:00+00:00,54.447940336290436,%,GOOD,SYNTHETIC_ML_DATASET,NORMAL,0
BRT,BRT_POWER_001,2026-03-01T12:34:00+00:00,37.586498677850685,kW,GOOD,SYNTHETIC_ML_DATASET,NORMAL,0
BRT,BRT_PRESS_001,2026-03-01T12:34:00+00:00,983.1504006441191,hPa,GOOD,SYNTHETIC_ML_DATASET,NORMAL,0
BRT,BRT_TEMP_001,2026-03-01T12:34:00+00:00,-12.165470411988371,C,GOOD,SYNTHETIC_ML_DATASET,NORMAL,0
BRT,BRT_VIB_001,2026-03-01T12:34:00+00:00,0.6322505761023345,mm/s,GOOD,SYNTHETIC_ML_DATASET,NORMAL,0
BRT,BRT_HUM_001,2026-03-01T12:35:00+00:00,53.4477655839279,%,GOOD,SYNTHETIC_ML_DATASET,NORMAL,0
BRT,BRT_POWER_001,2026-03-01T12:35:00+00:00,37.24809689947859,kW,GOOD,SYNTHETIC_ML_DATASET,NORMAL,0
BRT,BRT_PRESS_001,2026-03-01T12:35:00+00:00,983.1987098714449,hPa,GOOD,SYNTHETIC_ML_DATASET,NORMAL,0
BRT,BRT_TEMP_001,2026-03-01T12:35:00+00:00,-12.35811380184391,C,GOOD,SYNTHETIC_ML_DATASET,NORMAL,0
BRT,BRT_VIB_001,2026-03-01T12:35:00+00:00,0.6353956221277453,mm/s,GOOD,SYNTHETIC_ML_DATASET,NORMAL,0
BRT,BRT_HUM_001,2026-03-01T12:36:00+00:00,53.81514945043638,%,GOOD,SYNTHETIC_ML_DATASET,NORMAL,0
BRT,BRT_POWER_001,2026-03-01T12:36:00+00:00,36.8896888582074,kW,GOOD,SYNTHETIC_ML_DATASET,NORMAL,0
BRT,BRT_PRESS_001,2026-03-01T12:36:00+00:00,983.4164789758855,hPa,GOOD,SYNTHETIC_ML_DATASET,NORMAL,0
BRT,BRT_TEMP_001,2026-03-01T12:36:00+00:00,-12.315532401888595,C,GOOD,SYNTHETIC_ML_DATASET,NORMAL,0
BRT,BRT_VIB_001,2026-03-01T12:36:00+00:00,0.6320752377083976,mm/s,GOOD,SYNTHETIC_ML_DATASET,NORMAL,0
BRT,BRT_HUM_001,2026-03-01T12:37:00+00:00,53.683926738150625,%,GOOD,SYNTHETIC_ML_DATASET,NORMAL,0
BRT,BRT_POWER_001,2026-03-01T12:37:00+00:00,36.55745841685167,kW,GOOD,SYNTHETIC_ML_DATASET,NORMAL,0
BRT,BRT_PRESS_001,2026-03-01T12:37:00+00:00,983.347729399287,hPa,GOOD,SYNTHETIC_ML_DATASET,NORMAL,0
BRT,BRT_TEMP_001,2026-03-01T12:37:00+00:00,-12.325710062358752,C,GOOD,SYNTHETIC_ML_DATASET,NORMAL,0
BRT,BRT_VIB_001,2026-03-01T12:37:00+00:00,0.6122445602387719,mm/s,GOOD,SYNTHETIC_ML_DATASET,NORMAL,0
BRT,BRT_HUM_001,2026-03-01T12:38:00+00:00,53.39844050422531,%,GOOD,SYNTHETIC_ML_DATASET,NORMAL,0
BRT,BRT_POWER_001,2026-03-01T12:38:00+00:00,36.10340952327485,kW,GOOD,SYNTHETIC_ML_DATASET,NORMAL,0
BRT,BRT_PRESS_001,2026-03-01T12:38:00+00:00,983.289196857561,hPa,GOOD,SYNTHETIC_ML_DATASET,NORMAL,0
BRT,BRT_TEMP_001,2026-03-01T12:38:00+00:00,-12.282423795972191,C,GOOD,SYNTHETIC_ML_DATASET,NORMAL,0
BRT,BRT_VIB_001,2026-03-01T12:38:00+00:00,0.612659541471946,mm/s,GOOD,SYNTHETIC_ML_DATASET,NORMAL,0
BRT,BRT_HUM_001,2026-03-01T12:39:00+00:00,54.387136169805146,%,GOOD,SYNTHETIC_ML_DATASET,NORMAL,0
BRT,BRT_POWER_001,2026-03-01T12:39:00+00:00,36.31024745969544,kW,GOOD,SYNTHETIC_ML_DATASET,NORMAL,0
BRT,BRT_PRESS_001,2026-03-01T12:39:00+00:00,983.327923609051,hPa,GOOD,SYNTHETIC_ML_DATASET,NORMAL,0
BRT,BRT_TEMP_001,2026-03-01T12:39:00+00:00,-12.290109201182963,C,GOOD,SYNTHETIC_ML_DATASET,NORMAL,0
BRT,BRT_VIB_001,2026-03-01T12:39:00+00:00,0.6018024105369705,mm/s,GOOD,SYNTHETIC_ML_DATASET,NORMAL,0
BRT,BRT_HUM_001,2026-03-01T12:40:00+00:00,54.26247506360871,%,GOOD,SYNTHETIC_ML_DATASET,NORMAL,0
BRT,BRT_POWER_001,2026-03-01T12:40:00+00:00,36.06730707005832,kW,GOOD,SYNTHETIC_ML_DATASET,NORMAL,0
BRT,BRT_PRESS_001,2026-03-01T12:40:00+00:00,983.3478003501288,hPa,GOOD,SYNTHETIC_ML_DATASET,NORMAL,0
BRT,BRT_TEMP_001,2026-03-01T12:40:00+00:00,-12.399727982301417,C,GOOD,SYNTHETIC_ML_DATASET,NORMAL,0
BRT,BRT_VIB_001,2026-03-01T12:40:00+00:00,0.6178104306699218,mm/s,GOOD,SYNTHETIC_ML_DATASET,NORMAL,0
BRT,BRT_HUM_001,2026-03-01T12:41:00+00:00,55.129700287219556,%,GOOD,SYNTHETIC_ML_DATASET,NORMAL,0
BRT,BRT_POWER_001,2026-03-01T12:41:00+00:00,35.84951179499422,kW,GOOD,SYNTHETIC_ML_DATASET,NORMAL,0
BRT,BRT_PRESS_001,2026-03-01T12:41:00+00:00,983.1112642313117,hPa,GOOD,SYNTHETIC_ML_DATASET,NORMAL,0
BRT,BRT_TEMP_001,2026-03-01T12:41:00+00:00,-12.503228957044964,C,GOOD,SYNTHETIC_ML_DATASET,NORMAL,0
BRT,BRT_VIB_001,2026-03-01T12:41:00+00:00,0.6174881191876336,mm/s,GOOD,SYNTHETIC_ML_DATASET,NORMAL,0
BRT,BRT_HUM_001,2026-03-01T12:42:00+00:00,54.74258070295896,%,GOOD,SYNTHETIC_ML_DATASET,NORMAL,0
BRT,BRT_POWER_001,2026-03-01T12:42:00+00:00,35.84707911853795,kW,GOOD,SYNTHETIC_ML_DATASET,NORMAL,0
BRT,BRT_PRESS_001,2026-03-01T12:42:00+00:00,983.2362761096053,hPa,GOOD,SYNTHETIC_ML_DATASET,NORMAL,0
BRT,BRT_TEMP_001,2026-03-01T12:42:00+00:00,-12.38709533259085,C,GOOD,SYNTHETIC_ML_DATASET,NORMAL,0
BRT,BRT_VIB_001,2026-03-01T12:42:00+00:00,0.6122264002761281,mm/s,GOOD,SYNTHETIC_ML_DATASET,NORMAL,0
BRT,BRT_HUM_001,2026-03-01T12:43:00+00:00,55.600065546767716,%,GOOD,SYNTHETIC_ML_DATASET,NORMAL,0
BRT,BRT_POWER_001,2026-03-01T12:43:00+00:00,36.22301605792667,kW,GOOD,SYNTHETIC_ML_DATASET,NORMAL,0
BRT,BRT_PRESS_001,2026-03-01T12:43:00+00:00,983.2615433729098,hPa,GOOD,SYNTHETIC_ML_DATASET,NORMAL,0
BRT,BRT_TEMP_001,2026-03-01T12:43:00+00:00,-12.24615770642954,C,GOOD,SYNTHETIC_ML_DATASET,NORMAL,0
BRT,BRT_VIB_001,2026-03-01T12:43:00+00:00,0.5910620248270253,mm/s,GOOD,SYNTHETIC_ML_DATASET,NORMAL,0
BRT,BRT_HUM_001,2026-03-01T12:44:00+00:00,55.10474457802233,%,GOOD,SYNTHETIC_ML_DATASET,NORMAL,0
BRT,BRT_POWER_001,2026-03-01T12:44:00+00:00,36.32033934232858,kW,GOOD,SYNTHETIC_ML_DATASET,NORMAL,0
BRT,BRT_PRESS_001,2026-03-01T12:44:00+00:00,983.2025900659747,hPa,GOOD,SYNTHETIC_ML_DATASET,NORMAL,0
BRT,BRT_TEMP_001,2026-03-01T12:44:00+00:00,-12.433130901811033,C,GOOD,SYNTHETIC_ML_DATASET,NORMAL,0
BRT,BRT_VIB_001,2026-03-01T12:44:00+00:00,0.5860795997269376,mm/s,GOOD,SYNTHETIC_ML_DATASET,NORMAL,0
BRT,BRT_HUM_001,2026-03-01T12:45:00+00:00,54.818472417281896,%,GOOD,SYNTHETIC_ML_DATASET,NORMAL,0
BRT,BRT_POWER_001,2026-03-01T12:45:00+00:00,36.22180235411928,kW,GOOD,SYNTHETIC_ML_DATASET,NORMAL,0
BRT,BRT_PRESS_001,2026-03-01T12:45:00+00:00,983.1644713467617,hPa,GOOD,SYNTHETIC_ML_DATASET,NORMAL,0
BRT,BRT_TEMP_001,2026-03-01T12:45:00+00:00,-12.68382683117162,C,GOOD,SYNTHETIC_ML_DATASET,NORMAL,0
BRT,BRT_VIB_001,2026-03-01T12:45:00+00:00,0.6101789327558867,mm/s,GOOD,SYNTHETIC_ML_DATASET,NORMAL,0
BRT,BRT_HUM_001,2026-03-01T12:46:00+00:00,55.43022024278908,%,GOOD,SYNTHETIC_ML_DATASET,NORMAL,0
BRT,BRT_POWER_001,2026-03-01T12:46:00+00:00,36.42377226072957,kW,GOOD,SYNTHETIC_ML_DATASET,NORMAL,0
BRT,BRT_PRESS_001,2026-03-01T12:46:00+00:00,983.26651198698,hPa,GOOD,SYNTHETIC_ML_DATASET,NORMAL,0
BRT,BRT_TEMP_001,2026-03-01T12:46:00+00:00,-12.851046851483668,C,GOOD,SYNTHETIC_ML_DATASET,NORMAL,0
BRT,BRT_VIB_001,2026-03-01T12:46:00+00:00,0.6050475872416932,mm/s,GOOD,SYNTHETIC_ML_DATASET,NORMAL,0
BRT,BRT_HUM_001,2026-03-01T12:47:00+00:00,55.621201536375395,%,GOOD,SYNTHETIC_ML_DATASET,NORMAL,0
BRT,BRT_POWER_001,2026-03-01T12:47:00+00:00,36.89883081340834,kW,GOOD,SYNTHETIC_ML_DATASET,NORMAL,0
BRT,BRT_PRESS_001,2026-03-01T12:47:00+00:00,983.1638497974802,hPa,GOOD,SYNTHETIC_ML_DATASET,NORMAL,0
BRT,BRT_TEMP_001,2026-03-01T12:47:00+00:00,-12.582803074148194,C,GOOD,SYNTHETIC_ML_DATASET,NORMAL,0
BRT,BRT_VIB_001,2026-03-01T12:47:00+00:00,0.5733270259299661,mm/s,GOOD,SYNTHETIC_ML_DATASET,NORMAL,0
BRT,BRT_HUM_001,2026-03-01T12:48:00+00:00,56.019858978296384,%,GOOD,SYNTHETIC_ML_DATASET,NORMAL,0
BRT,BRT_POWER_001,2026-03-01T12:48:00+00:00,36.2218555716845,kW,GOOD,SYNTHETIC_ML_DATASET,NORMAL,0
BRT,BRT_PRESS_001,2026-03-01T12:48:00+00:00,982.9445160068113,hPa,GOOD,SYNTHETIC_ML_DATASET,NORMAL,0
BRT,BRT_TEMP_001,2026-03-01T12:48:00+00:00,-12.850185588196522,C,GOOD,SYNTHETIC_ML_DATASET,NORMAL,0
BRT,BRT_VIB_001,2026-03-01T12:48:00+00:00,0.5932847826880704,mm/s,GOOD,SYNTHETIC_ML_DATASET,NORMAL,0
BRT,BRT_HUM_001,2026-03-01T12:49:00+00:00,54.46955305502579,%,GOOD,SYNTHETIC_ML_DATASET,NORMAL,0
BRT,BRT_POWER_001,2026-03-01T12:49:00+00:00,36.40128384525913,kW,GOOD,SYNTHETIC_ML_DATASET,NORMAL,0
BRT,BRT_PRESS_001,2026-03-01T12:49:00+00:00,982.7016701417498,hPa,GOOD,SYNTHETIC_ML_DATASET,NORMAL,0
BRT,BRT_TEMP_001,2026-03-01T12:49:00+00:00,-12.740667222559937,C,GOOD,SYNTHETIC_ML_DATASET,NORMAL,0
BRT,BRT_VIB_001,2026-03-01T12:49:00+00:00,0.5697337955394122,mm/s,GOOD,SYNTHETIC_ML_DATASET,NORMAL,0
BRT,BRT_HUM_001,2026-03-01T12:50:00+00:00,54.70089767685792,%,GOOD,SYNTHETIC_ML_DATASET,NORMAL,0
BRT,BRT_POWER_001,2026-03-01T12:50:00+00:00,36.56438374159403,kW,GOOD,SYNTHETIC_ML_DATASET,NORMAL,0
BRT,BRT_PRESS_001,2026-03-01T12:50:00+00:00,982.8348870942468,hPa,GOOD,SYNTHETIC_ML_DATASET,NORMAL,0
BRT,BRT_TEMP_001,2026-03-01T12:50:00+00:00,-12.606277686702501,C,GOOD,SYNTHETIC_ML_DATASET,NORMAL,0
BRT,BRT_VIB_001,2026-03-01T12:50:00+00:00,0.5624811230392444,mm/s,GOOD,SYNTHETIC_ML_DATASET,NORMAL,0
BRT,BRT_HUM_001,2026-03-01T12:51:00+00:00,53.89862325691262,%,GOOD,SYNTHETIC_ML_DATASET,NORMAL,0
BRT,BRT_POWER_001,2026-03-01T12:51:00+00:00,36.76523766864234,kW,GOOD,SYNTHETIC_ML_DATASET,NORMAL,0
BRT,BRT_PRESS_001,2026-03-01T12:51:00+00:00,982.7835202366505,hPa,GOOD,SYNTHETIC_ML_DATASET,NORMAL,0
BRT,BRT_TEMP_001,2026-03-01T12:51:00+00:00,-12.574358657859971,C,GOOD,SYNTHETIC_ML_DATASET,NORMAL,0
BRT,BRT_VIB_001,2026-03-01T12:51:00+00:00,0.5903012085191672,mm/s,GOOD,SYNTHETIC_ML_DATASET,NORMAL,0
BRT,BRT_HUM_001,2026-03-01T12:52:00+00:00,54.058748623422105,%,GOOD,SYNTHETIC_ML_DATASET,NORMAL,0
BRT,BRT_POWER_001,2026-03-01T12:52:00+00:00,36.49332944798268,kW,GOOD,SYNTHETIC_ML_DATASET,NORMAL,0
BRT,BRT_PRESS_001,2026-03-01T12:52:00+00:00,982.5647637769217,hPa,GOOD,SYNTHETIC_ML_DATASET,NORMAL,0
BRT,BRT_TEMP_001,2026-03-01T12:52:00+00:00,-12.694890193695423,C,GOOD,SYNTHETIC_ML_DATASET,NORMAL,0
BRT,BRT_VIB_001,2026-03-01T12:52:00+00:00,0.5964464882326499,mm/s,GOOD,SYNTHETIC_ML_DATASET,NORMAL,0
BRT,BRT_HUM_001,2026-03-01T12:53:00+00:00,54.04558090856818,%,GOOD,SYNTHETIC_ML_DATASET,NORMAL,0
BRT,BRT_POWER_001,2026-03-01T12:53:00+00:00,36.02338295509472,kW,GOOD,SYNTHETIC_ML_DATASET,NORMAL,0
BRT,BRT_PRESS_001,2026-03-01T12:53:00+00:00,982.6967876590354,hPa,GOOD,SYNTHETIC_ML_DATASET,NORMAL,0
BRT,BRT_TEMP_001,2026-03-01T12:53:00+00:00,-12.61656612900649,C,GOOD,SYNTHETIC_ML_DATASET,NORMAL,0
BRT,BRT_VIB_001,2026-03-01T12:53:00+00:00,0.5758137552375897,mm/s,GOOD,SYNTHETIC_ML_DATASET,NORMAL,0
BRT,BRT_HUM_001,2026-03-01T12:54:00+00:00,53.849793028490126,%,GOOD,SYNTHETIC_ML_DATASET,NORMAL,0
BRT,BRT_POWER_001,2026-03-01T12:54:00+00:00,36.50013288484684,kW,GOOD,SYNTHETIC_ML_DATASET,NORMAL,0
BRT,BRT_PRESS_001,2026-03-01T12:54:00+00:00,982.5055928764729,hPa,GOOD,SYNTHETIC_ML_DATASET,NORMAL,0
BRT,BRT_TEMP_001,2026-03-01T12:54:00+00:00,-12.703335225838499,C,GOOD,SYNTHETIC_ML_DATASET,NORMAL,0
BRT,BRT_VIB_001,2026-03-01T12:54:00+00:00,0.5771002613152512,mm/s,GOOD,SYNTHETIC_ML_DATASET,NORMAL,0
BRT,BRT_HUM_001,2026-03-01T12:55:00+00:00,53.90591991631262,%,GOOD,SYNTHETIC_ML_DATASET,NORMAL,0
BRT,BRT_POWER_001,2026-03-01T12:55:00+00:00,36.97103807390984,kW,GOOD,SYNTHETIC_ML_DATASET,NORMAL,0
BRT,BRT_PRESS_001,2026-03-01T12:55:00+00:00,982.424663347209,hPa,GOOD,SYNTHETIC_ML_DATASET,NORMAL,0
BRT,BRT_TEMP_001,2026-03-01T12:55:00+00:00,-12.420002208030093,C,GOOD,SYNTHETIC_ML_DATASET,NORMAL,0
BRT,BRT_VIB_001,2026-03-01T12:55:00+00:00,0.5602720264662204,mm/s,GOOD,SYNTHETIC_ML_DATASET,NORMAL,0
BRT,BRT_HUM_001,2026-03-01T12:56:00+00:00,53.91310124452693,%,GOOD,SYNTHETIC_ML_DATASET,NORMAL,0
BRT,BRT_POWER_001,2026-03-01T12:56:00+00:00,36.87305585588397,kW,GOOD,SYNTHETIC_ML_DATASET,NORMAL,0
BRT,BRT_PRESS_001,2026-03-01T12:56:00+00:00,982.3499256818793,hPa,GOOD,SYNTHETIC_ML_DATASET,NORMAL,0
BRT,BRT_TEMP_001,2026-03-01T12:56:00+00:00,-12.79587562977803,C,GOOD,SYNTHETIC_ML_DATASET,NORMAL,0
BRT,BRT_VIB_001,2026-03-01T12:56:00+00:00,0.5806899283814636,mm/s,GOOD,SYNTHETIC_ML_DATASET,NORMAL,0
BRT,BRT_HUM_001,2026-03-01T12:57:00+00:00,53.28833839506237,%,GOOD,SYNTHETIC_ML_DATASET,NORMAL,0
BRT,BRT_POWER_001,2026-03-01T12:57:00+00:00,36.38112407027995,kW,GOOD,SYNTHETIC_ML_DATASET,NORMAL,0
BRT,BRT_PRESS_001,2026-03-01T12:57:00+00:00,982.2853788652184,hPa,GOOD,SYNTHETIC_ML_DATASET,NORMAL,0
BRT,BRT_TEMP_001,2026-03-01T12:57:00+00:00,-12.912822460343222,C,GOOD,SYNTHETIC_ML_DATASET,NORMAL,0
BRT,BRT_VIB_001,2026-03-01T12:57:00+00:00,0.5729494844745192,mm/s,GOOD,SYNTHETIC_ML_DATASET,NORMAL,0
BRT,BRT_HUM_001,2026-03-01T12:58:00+00:00,54.0296647061046,%,GOOD,SYNTHETIC_ML_DATASET,NORMAL,0
BRT,BRT_POWER_001,2026-03-01T12:58:00+00:00,36.304203311213094,kW,GOOD,SYNTHETIC_ML_DATASET,NORMAL,0
BRT,BRT_PRESS_001,2026-03-01T12:58:00+00:00,982.3480731269618,hPa,GOOD,SYNTHETIC_ML_DATASET,NORMAL,0
BRT,BRT_TEMP_001,2026-03-01T12:58:00+00:00,-12.855850079029238,C,GOOD,SYNTHETIC_ML_DATASET,NORMAL,0
BRT,BRT_VIB_001,2026-03-01T12:58:00+00:00,0.5680840349109423,mm/s,GOOD,SYNTHETIC_ML_DATASET,NORMAL,0
BRT,BRT_HUM_001,2026-03-01T12:59:00+00:00,54.408244934373705,%,GOOD,SYNTHETIC_ML_DATASET,NORMAL,0
BRT,BRT_POWER_001,2026-03-01T12:59:00+00:00,36.39936561423784,kW,GOOD,SYNTHETIC_ML_DATASET,NORMAL,0
BRT,BRT_PRESS_001,2026-03-01T12:59:00+00:00,982.3544383644828,hPa,GOOD,SYNTHETIC_ML_DATASET,NORMAL,0
BRT,BRT_TEMP_001,2026-03-01T12:59:00+00:00,-13.176723641722281,C,GOOD,SYNTHETIC_ML_DATASET,NORMAL,0
BRT,BRT_VIB_001,2026-03-01T12:59:00+00:00,0.5615818681680536,mm/s,GOOD,SYNTHETIC_ML_DATASET,NORMAL,0
BRT,BRT_HUM_001,2026-03-01T13:00:00+00:00,54.080107498711385,%,GOOD,SYNTHETIC_ML_DATASET,NORMAL,0
BRT,BRT_POWER_001,2026-03-01T13:00:00+00:00,35.87054531279685,kW,GOOD,SYNTHETIC_ML_DATASET,NORMAL,0
BRT,BRT_PRESS_001,2026-03-01T13:00:00+00:00,982.4330790591496,hPa,GOOD,SYNTHETIC_ML_DATASET,NORMAL,0
BRT,BRT_TEMP_001,2026-03-01T13:00:00+00:00,-12.95245059371893,C,GOOD,SYNTHETIC_ML_DATASET,NORMAL,0
BRT,BRT_VIB_001,2026-03-01T13:00:00+00:00,0.5725522548284949,mm/s,GOOD,SYNTHETIC_ML_DATASET,NORMAL,0
BRT,BRT_HUM_001,2026-03-01T13:01:00+00:00,52.96865798397075,%,GOOD,SYNTHETIC_ML_DATASET,NORMAL,0
BRT,BRT_POWER_001,2026-03-01T13:01:00+00:00,35.95506250606641,kW,GOOD,SYNTHETIC_ML_DATASET,NORMAL,0
BRT,BRT_PRESS_001,2026-03-01T13:01:00+00:00,982.3510365677685,hPa,GOOD,SYNTHETIC_ML_DATASET,NORMAL,0
BRT,BRT_TEMP_001,2026-03-01T13:01:00+00:00,-13.219777400707757,C,GOOD,SYNTHETIC_ML_DATASET,NORMAL,0
BRT,BRT_VIB_001,2026-03-01T13:01:00+00:00,0.5920787638407484,mm/s,GOOD,SYNTHETIC_ML_DATASET,NORMAL,0
BRT,BRT_HUM_001,2026-03-01T13:02:00+00:00,52.84014953823453,%,GOOD,SYNTHETIC_ML_DATASET,NORMAL,0
BRT,BRT_POWER_001,2026-03-01T13:02:00+00:00,36.38681514732097,kW,GOOD,SYNTHETIC_ML_DATASET,NORMAL,0
BRT,BRT_PRESS_001,2026-03-01T13:02:00+00:00,982.4752357544374,hPa,GOOD,SYNTHETIC_ML_DATASET,NORMAL,0
BRT,BRT_TEMP_001,2026-03-01T13:02:00+00:00,-12.959170072415503,C,GOOD,SYNTHETIC_ML_DATASET,NORMAL,0
BRT,BRT_VIB_001,2026-03-01T13:02:00+00:00,0.5509507436939227,mm/s,GOOD,SYNTHETIC_ML_DATASET,NORMAL,0
BRT,BRT_HUM_001,2026-03-01T13:03:00+00:00,52.465986510804676,%,GOOD,SYNTHETIC_ML_DATASET,NORMAL,0
BRT,BRT_POWER_001,2026-03-01T13:03:00+00:00,36.91625708200386,kW,GOOD,SYNTHETIC_ML_DATASET,NORMAL,0
BRT,BRT_PRESS_001,2026-03-01T13:03:00+00:00,982.2576524473653,hPa,GOOD,SYNTHETIC_ML_DATASET,NORMAL,0
BRT,BRT_TEMP_001,2026-03-01T13:03:00+00:00,-12.852066040612707,C,GOOD,SYNTHETIC_ML_DATASET,NORMAL,0
BRT,BRT_VIB_001,2026-03-01T13:03:00+00:00,0.5682644073849121,mm/s,GOOD,SYNTHETIC_ML_DATASET,NORMAL,0
BRT,BRT_HUM_001,2026-03-01T13:04:00+00:00,52.280424994774926,%,GOOD,SYNTHETIC_ML_DATASET,NORMAL,0
BRT,BRT_POWER_001,2026-03-01T13:04:00+00:00,36.53898898143587,kW,GOOD,SYNTHETIC_ML_DATASET,NORMAL,0
BRT,BRT_PRESS_001,2026-03-01T13:04:00+00:00,982.402271522655,hPa,GOOD,SYNTHETIC_ML_DATASET,NORMAL,0
BRT,BRT_TEMP_001,2026-03-01T13:04:00+00:00,-12.960037237046155,C,GOOD,SYNTHETIC_ML_DATASET,NORMAL,0
BRT,BRT_VIB_001,2026-03-01T13:04:00+00:00,0.5806632518084779,mm/s,GOOD,SYNTHETIC_ML_DATASET,NORMAL,0
BRT,BRT_HUM_001,2026-03-01T13:05:00+00:00,52.979099749741174,%,GOOD,SYNTHETIC_ML_DATASET,NORMAL,0
BRT,BRT_POWER_001,2026-03-01T13:05:00+00:00,36.63422683117817,kW,GOOD,SYNTHETIC_ML_DATASET,NORMAL,0
BRT,BRT_PRESS_001,2026-03-01T13:05:00+00:00,982.4569363226517,hPa,GOOD,SYNTHETIC_ML_DATASET,NORMAL,0
BRT,BRT_TEMP_001,2026-03-01T13:05:00+00:00,-13.001971052432786,C,GOOD,SYNTHETIC_ML_DATASET,NORMAL,0
BRT,BRT_VIB_001,2026-03-01T13:05:00+00:00,0.5823492845016066,mm/s,GOOD,SYNTHETIC_ML_DATASET,NORMAL,0
BRT,BRT_HUM_001,2026-03-01T13:06:00+00:00,52.262916156034066,%,GOOD,SYNTHETIC_ML_DATASET,NORMAL,0
BRT,BRT_POWER_001,2026-03-01T13:06:00+00:00,36.37989202295352,kW,GOOD,SYNTHETIC_ML_DATASET,NORMAL,0
BRT,BRT_PRESS_001,2026-03-01T13:06:00+00:00,982.3813565154472,hPa,GOOD,SYNTHETIC_ML_DATASET,NORMAL,0
BRT,BRT_TEMP_001,2026-03-01T13:06:00+00:00,-13.039775061896831,C,GOOD,SYNTHETIC_ML_DATASET,NORMAL,0
BRT,BRT_VIB_001,2026-03-01T13:06:00+00:00,0.5890661701610186,mm/s,GOOD,SYNTHETIC_ML_DATASET,NORMAL,0
BRT,BRT_HUM_001,2026-03-01T13:07:00+00:00,53.20921974565757,%,GOOD,SYNTHETIC_ML_DATASET,NORMAL,0
BRT,BRT_POWER_001,2026-03-01T13:07:00+00:00,36.48213055756046,kW,GOOD,SYNTHETIC_ML_DATASET,NORMAL,0
BRT,BRT_PRESS_001,2026-03-01T13:07:00+00:00,982.2863210191579,hPa,GOOD,SYNTHETIC_ML_DATASET,NORMAL,0
BRT,BRT_TEMP_001,2026-03-01T13:07:00+00:00,-13.09644111308315,C,GOOD,SYNTHETIC_ML_DATASET,NORMAL,0
BRT,BRT_VIB_001,2026-03-01T13:07:00+00:00,0.5892857795344915,mm/s,GOOD,SYNTHETIC_ML_DATASET,NORMAL,0
BRT,BRT_HUM_001,2026-03-01T13:08:00+00:00,52.93482326169665,%,GOOD,SYNTHETIC_ML_DATASET,NORMAL,0
BRT,BRT_POWER_001,2026-03-01T13:08:00+00:00,36.36010861935394,kW,GOOD,SYNTHETIC_ML_DATASET,NORMAL,0
BRT,BRT_PRESS_001,2026-03-01T13:08:00+00:00,982.4725353243585,hPa,GOOD,SYNTHETIC_ML_DATASET,NORMAL,0
BRT,BRT_TEMP_001,2026-03-01T13:08:00+00:00,-13.279382853300314,C,GOOD,SYNTHETIC_ML_DATASET,NORMAL,0
BRT,BRT_VIB_001,2026-03-01T13:08:00+00:00,0.6066774907290454,mm/s,GOOD,SYNTHETIC_ML_DATASET,NORMAL,0
BRT,BRT_HUM_001,2026-03-01T13:09:00+00:00,52.711903771646156,%,GOOD,SYNTHETIC_ML_DATASET,NORMAL,0
BRT,BRT_POWER_001,2026-03-01T13:09:00+00:00,36.54071380796758,kW,GOOD,SYNTHETIC_ML_DATASET,NORMAL,0
BRT,BRT_PRESS_001,2026-03-01T13:09:00+00:00,982.6206205772556,hPa,GOOD,SYNTHETIC_ML_DATASET,NORMAL,0
BRT,BRT_TEMP_001,2026-03-01T13:09:00+00:00,-13.299392436770301,C,GOOD,SYNTHETIC_ML_DATASET,NORMAL,0
BRT,BRT_VIB_001,2026-03-01T13:09:00+00:00,0.5970825003361138,mm/s,GOOD,SYNTHETIC_ML_DATASET,NORMAL,0
BRT,BRT_HUM_001,2026-03-01T13:10:00+00:00,52.59783715343593,%,GOOD,SYNTHETIC_ML_DATASET,NORMAL,0
BRT,BRT_POWER_001,2026-03-01T13:10:00+00:00,36.308952873915196,kW,GOOD,SYNTHETIC_ML_DATASET,NORMAL,0
BRT,BRT_PRESS_001,2026-03-01T13:10:00+00:00,982.701480640595,hPa,GOOD,SYNTHETIC_ML_DATASET,NORMAL,0
BRT,BRT_TEMP_001,2026-03-01T13:10:00+00:00,-13.182908441138109,C,GOOD,SYNTHETIC_ML_DATASET,NORMAL,0
BRT,BRT_VIB_001,2026-03-01T13:10:00+00:00,0.6293353227071706,mm/s,GOOD,SYNTHETIC_ML_DATASET,NORMAL,0
BRT,BRT_HUM_001,2026-03-01T13:11:00+00:00,53.050316424331335,%,GOOD,SYNTHETIC_ML_DATASET,NORMAL,0
BRT,BRT_POWER_001,2026-03-01T13:11:00+00:00,37.00525766475503,kW,GOOD,SYNTHETIC_ML_DATASET,NORMAL,0
BRT,BRT_PRESS_001,2026-03-01T13:11:00+00:00,982.6829713024539,hPa,GOOD,SYNTHETIC_ML_DATASET,NORMAL,0
BRT,BRT_TEMP_001,2026-03-01T13:11:00+00:00,-13.477203533873954,C,GOOD,SYNTHETIC_ML_DATASET,NORMAL,0
BRT,BRT_VIB_001,2026-03-01T13:11:00+00:00,0.6419261030780887,mm/s,GOOD,SYNTHETIC_ML_DATASET,NORMAL,0
BRT,BRT_HUM_001,2026-03-01T13:12:00+00:00,52.67185307828326,%,GOOD,SYNTHETIC_ML_DATASET,NORMAL,0
BRT,BRT_POWER_001,2026-03-01T13:12:00+00:00,37.05533012723076,kW,GOOD,SYNTHETIC_ML_DATASET,NORMAL,0
BRT,BRT_PRESS_001,2026-03-01T13:12:00+00:00,982.7780535924123,hPa,GOOD,SYNTHETIC_ML_DATASET,NORMAL,0
BRT,BRT_TEMP_001,2026-03-01T13:12:00+00:00,-13.5029280081856,C,GOOD,SYNTHETIC_ML_DATASET,NORMAL,0
BRT,BRT_VIB_001,2026-03-01T13:12:00+00:00,0.6128097312395058,mm/s,GOOD,SYNTHETIC_ML_DATASET,NORMAL,0
BRT,BRT_HUM_001,2026-03-01T13:13:00+00:00,53.167890344535905,%,GOOD,SYNTHETIC_ML_DATASET,NORMAL,0
BRT,BRT_POWER_001,2026-03-01T13:13:00+00:00,36.396368307950404,kW,GOOD,SYNTHETIC_ML_DATASET,NORMAL,0
BRT,BRT_PRESS_001,2026-03-01T13:13:00+00:00,982.6441319493355,hPa,GOOD,SYNTHETIC_ML_DATASET,NORMAL,0
BRT,BRT_TEMP_001,2026-03-01T13:13:00+00:00,-13.441125067083624,C,GOOD,SYNTHETIC_ML_DATASET,NORMAL,0
BRT,BRT_VIB_001,2026-03-01T13:13:00+00:00,0.6246554793233707,mm/s,GOOD,SYNTHETIC_ML_DATASET,NORMAL,0
BRT,BRT_HUM_001,2026-03-01T13:14:00+00:00,52.986180952097705,%,GOOD,SYNTHETIC_ML_DATASET,NORMAL,0
BRT,BRT_POWER_001,2026-03-01T13:14:00+00:00,35.93463354705166,kW,GOOD,SYNTHETIC_ML_DATASET,NORMAL,0
BRT,BRT_PRESS_001,2026-03-01T13:14:00+00:00,982.882001547024,hPa,GOOD,SYNTHETIC_ML_DATASET,NORMAL,0
BRT,BRT_TEMP_001,2026-03-01T13:14:00+00:00,-13.441859014948358,C,GOOD,SYNTHETIC_ML_DATASET,NORMAL,0
BRT,BRT_VIB_001,2026-03-01T13:14:00+00:00,0.5945834050591745,mm/s,GOOD,SYNTHETIC_ML_DATASET,NORMAL,0
BRT,BRT_HUM_001,2026-03-01T13:15:00+00:00,52.576751074539274,%,GOOD,SYNTHETIC_ML_DATASET,NORMAL,0
BRT,BRT_POWER_001,2026-03-01T13:15:00+00:00,36.54201721091981,kW,GOOD,SYNTHETIC_ML_DATASET,NORMAL,0
BRT,BRT_PRESS_001,2026-03-01T13:15:00+00:00,982.6669165841465,hPa,GOOD,SYNTHETIC_ML_DATASET,NORMAL,0
BRT,BRT_TEMP_001,2026-03-01T13:15:00+00:00,-13.49075271742752,C,GOOD,SYNTHETIC_ML_DATASET,NORMAL,0
BRT,BRT_VIB_001,2026-03-01T13:15:00+00:00,0.6026892450166184,mm/s,GOOD,SYNTHETIC_ML_DATASET,NORMAL,0
BRT,BRT_HUM_001,2026-03-01T13:16:00+00:00,52.76911116661283,%,GOOD,SYNTHETIC_ML_DATASET,NORMAL,0
BRT,BRT_POWER_001,2026-03-01T13:16:00+00:00,36.01194080779129,kW,GOOD,SYNTHETIC_ML_DATASET,NORMAL,0
BRT,BRT_PRESS_001,2026-03-01T13:16:00+00:00,982.7901607658365,hPa,GOOD,SYNTHETIC_ML_DATASET,NORMAL,0
BRT,BRT_TEMP_001,2026-03-01T13:16:00+00:00,-13.400300505623457,C,GOOD,SYNTHETIC_ML_DATASET,NORMAL,0
BRT,BRT_VIB_001,2026-03-01T13:16:00+00:00,0.5991017156588728,mm/s,GOOD,SYNTHETIC_ML_DATASET,NORMAL,0
BRT,BRT_HUM_001,2026-03-01T13:17:00+00:00,52.732329548800685,%,GOOD,SYNTHETIC_ML_DATASET,NORMAL,0
BRT,BRT_POWER_001,2026-03-01T13:17:00+00:00,36.16462242762661,kW,GOOD,SYNTHETIC_ML_DATASET,NORMAL,0
BRT,BRT_PRESS_001,2026-03-01T13:17:00+00:00,982.6351158482632,hPa,GOOD,SYNTHETIC_ML_DATASET,NORMAL,0
BRT,BRT_TEMP_001,2026-03-01T13:17:00+00:00,-13.380845102440588,C,GOOD,SYNTHETIC_ML_DATASET,NORMAL,0
BRT,BRT_VIB_001,2026-03-01T13:17:00+00:00,0.6183485215373489,mm/s,GOOD,SYNTHETIC_ML_DATASET,NORMAL,0
BRT,BRT_HUM_001,2026-03-01T13:18:00+00:00,52.86418440937099,%,GOOD,SYNTHETIC_ML_DATASET,NORMAL,0
BRT,BRT_POWER_001,2026-03-01T13:18:00+00:00,36.11517570586431,kW,GOOD,SYNTHETIC_ML_DATASET,NORMAL,0
BRT,BRT_PRESS_001,2026-03-01T13:18:00+00:00,982.4813063234159,hPa,GOOD,SYNTHETIC_ML_DATASET,NORMAL,0
BRT,BRT_TEMP_001,2026-03-01T13:18:00+00:00,-13.194636503120748,C,GOOD,SYNTHETIC_ML_DATASET,NORMAL,0
BRT,BRT_VIB_001,2026-03-01T13:18:00+00:00,0.591950867971887,mm/s,GOOD,SYNTHETIC_ML_DATASET,NORMAL,0
BRT,BRT_HUM_001,2026-03-01T13:19:00+00:00,53.00499307544311,%,GOOD,SYNTHETIC_ML_DATASET,NORMAL,0
BRT,BRT_POWER_001,2026-03-01T13:19:00+00:00,36.009997490021,kW,GOOD,SYNTHETIC_ML_DATASET,NORMAL,0
BRT,BRT_PRESS_001,2026-03-01T13:19:00+00:00,982.5559578105645,hPa,GOOD,SYNTHETIC_ML_DATASET,NORMAL,0
BRT,BRT_TEMP_001,2026-03-01T13:19:00+00:00,-13.31873743156536,C,GOOD,SYNTHETIC_ML_DATASET,NORMAL,0
BRT,BRT_VIB_001,2026-03-01T13:19:00+00:00,0.5845670850389587,mm/s,GOOD,SYNTHETIC_ML_DATASET,NORMAL,0
BRT,BRT_HUM_001,2026-03-01T13:20:00+00:00,52.619841256970496,%,GOOD,SYNTHETIC_ML_DATASET,NORMAL,0
BRT,BRT_POWER_001,2026-03-01T13:20:00+00:00,36.22924107725238,kW,GOOD,SYNTHETIC_ML_DATASET,NORMAL,0
BRT,BRT_PRESS_001,2026-03-01T13:20:00+00:00,982.5757309529826,hPa,GOOD,SYNTHETIC_ML_DATASET,NORMAL,0
BRT,BRT_TEMP_001,2026-03-01T13:20:00+00:00,-13.355549520027843,C,GOOD,SYNTHETIC_ML_DATASET,NORMAL,0
BRT,BRT_VIB_001,2026-03-01T13:20:00+00:00,0.6033548698587686,mm/s,GOOD,SYNTHETIC_ML_DATASET,NORMAL,0
BRT,BRT_HUM_001,2026-03-01T13:21:00+00:00,52.995176186816536,%,GOOD,SYNTHETIC_ML_DATASET,NORMAL,0
BRT,BRT_POWER_001,2026-03-01T13:21:00+00:00,36.78649786503853,kW,GOOD,SYNTHETIC_ML_DATASET,NORMAL,0
BRT,BRT_PRESS_001,2026-03-01T13:21:00+00:00,982.7586580246178,hPa,GOOD,SYNTHETIC_ML_DATASET,NORMAL,0
BRT,BRT_TEMP_001,2026-03-01T13:21:00+00:00,-13.319824230985057,C,GOOD,SYNTHETIC_ML_DATASET,NORMAL,0
BRT,BRT_VIB_001,2026-03-01T13:21:00+00:00,0.6054811589899975,mm/s,GOOD,SYNTHETIC_ML_DATASET,NORMAL,0
BRT,BRT_HUM_001,2026-03-01T13:22:00+00:00,53.10590164563249,%,GOOD,SYNTHETIC_ML_DATASET,NORMAL,0
BRT,BRT_POWER_001,2026-03-01T13:22:00+00:00,36.86409962406292,kW,GOOD,SYNTHETIC_ML_DATASET,NORMAL,0
BRT,BRT_PRESS_001,2026-03-01T13:22:00+00:00,982.4718198567962,hPa,GOOD,SYNTHETIC_ML_DATASET,NORMAL,0
BRT,BRT_TEMP_001,2026-03-01T13:22:00+00:00,-13.282415974239592,C,GOOD,SYNTHETIC_ML_DATASET,NORMAL,0
BRT,BRT_VIB_001,2026-03-01T13:22:00+00:00,0.5975470643727104,mm/s,GOOD,SYNTHETIC_ML_DATASET,NORMAL,0
BRT,BRT_HUM_001,2026-03-01T13:23:00+00:00,53.125135300369166,%,GOOD,SYNTHETIC_ML_DATASET,NORMAL,0
BRT,BRT_POWER_001,2026-03-01T13:23:00+00:00,35.823111849005805,kW,GOOD,SYNTHETIC_ML_DATASET,NORMAL,0
BRT,BRT_PRESS_001,2026-03-01T13:23:00+00:00,982.4528485198334,hPa,GOOD,SYNTHETIC_ML_DATASET,NORMAL,0
BRT,BRT_TEMP_001,2026-03-01T13:23:00+00:00,-13.426588882665616,C,GOOD,SYNTHETIC_ML_DATASET,NORMAL,0
BRT,BRT_VIB_001,2026-03-01T13:23:00+00:00,0.6283842016222057,mm/s,GOOD,SYNTHETIC_ML_DATASET,NORMAL,0
BRT,BRT_HUM_001,2026-03-01T13:24:00+00:00,53.08345221024312,%,GOOD,SYNTHETIC_ML_DATASET,NORMAL,0
BRT,BRT_POWER_001,2026-03-01T13:24:00+00:00,36.6162497963957,kW,GOOD,SYNTHETIC_ML_DATASET,NORMAL,0
BRT,BRT_PRESS_001,2026-03-01T13:24:00+00:00,982.5693755016298,hPa,GOOD,SYNTHETIC_ML_DATASET,NORMAL,0
BRT,BRT_TEMP_001,2026-03-01T13:24:00+00:00,-13.277581515608045,C,GOOD,SYNTHETIC_ML_DATASET,NORMAL,0
BRT,BRT_VIB_001,2026-03-01T13:24:00+00:00,0.6121837049346556,mm/s,GOOD,SYNTHETIC_ML_DATASET,NORMAL,0
BRT,BRT_HUM_001,2026-03-01T13:25:00+00:00,53.80311054023662,%,GOOD,SYNTHETIC_ML_DATASET,NORMAL,0
BRT,BRT_POWER_001,2026-03-01T13:25:00+00:00,36.44338228714508,kW,GOOD,SYNTHETIC_ML_DATASET,NORMAL,0
BRT,BRT_PRESS_001,2026-03-01T13:25:00+00:00,982.4349170472432,hPa,GOOD,SYNTHETIC_ML_DATASET,NORMAL,0
BRT,BRT_TEMP_001,2026-03-01T13:25:00+00:00,-13.062380507324223,C,GOOD,SYNTHETIC_ML_DATASET,NORMAL,0
BRT,BRT_VIB_001,2026-03-01T13:25:00+00:00,0.6632264863528713,mm/s,GOOD,SYNTHETIC_ML_DATASET,NORMAL,0
BRT,BRT_HUM_001,2026-03-01T13:26:00+00:00,53.6326966441813,%,GOOD,SYNTHETIC_ML_DATASET,NORMAL,0
BRT,BRT_POWER_001,2026-03-01T13:26:00+00:00,36.40159672420904,kW,GOOD,SYNTHETIC_ML_DATASET,NORMAL,0
BRT,BRT_PRESS_001,2026-03-01T13:26:00+00:00,982.7262648911324,hPa,GOOD,SYNTHETIC_ML_DATASET,NORMAL,0
BRT,BRT_TEMP_001,2026-03-01T13:26:00+00:00,-12.897090699576953,C,GOOD,SYNTHETIC_ML_DATASET,NORMAL,0
BRT,BRT_VIB_001,2026-03-01T13:26:00+00:00,0.6369381832484021,mm/s,GOOD,SYNTHETIC_ML_DATASET,NORMAL,0
BRT,BRT_HUM_001,2026-03-01T13:27:00+00:00,53.54027090684228,%,GOOD,SYNTHETIC_ML_DATASET,NORMAL,0
BRT,BRT_POWER_001,2026-03-01T13:27:00+00:00,35.939321939244714,kW,GOOD,SYNTHETIC_ML_DATASET,NORMAL,0
BRT,BRT_PRESS_001,2026-03-01T13:27:00+00:00,982.6085632631775,hPa,GOOD,SYNTHETIC_ML_DATASET,NORMAL,0
BRT,BRT_TEMP_001,2026-03-01T13:27:00+00:00,-13.38524975158187,C,GOOD,SYNTHETIC_ML_DATASET,NORMAL,0
BRT,BRT_VIB_001,2026-03-01T13:27:00+00:00,0.6318890455685915,mm/s,GOOD,SYNTHETIC_ML_DATASET,NORMAL,0
BRT,BRT_HUM_001,2026-03-01T13:28:00+00:00,53.79908860707886,%,GOOD,SYNTHETIC_ML_DATASET,NORMAL,0
BRT,BRT_POWER_001,2026-03-01T13:28:00+00:00,36.66831037419806,kW,GOOD,SYNTHETIC_ML_DATASET,NORMAL,0
BRT,BRT_PRESS_001,2026-03-01T13:28:00+00:00,982.6834112504716,hPa,GOOD,SYNTHETIC_ML_DATASET,NORMAL,0
BRT,BRT_TEMP_001,2026-03-01T13:28:00+00:00,-13.165958473265679,C,GOOD,SYNTHETIC_ML_DATASET,NORMAL,0
BRT,BRT_VIB_001,2026-03-01T13:28:00+00:00,0.6454708679568892,mm/s,GOOD,SYNTHETIC_ML_DATASET,NORMAL,0
BRT,BRT_HUM_001,2026-03-01T13:29:00+00:00,53.23287428295787,%,GOOD,SYNTHETIC_ML_DATASET,NORMAL,0
BRT,BRT_POWER_001,2026-03-01T13:29:00+00:00,36.819716181747424,kW,GOOD,SYNTHETIC_ML_DATASET,NORMAL,0
BRT,BRT_PRESS_001,2026-03-01T13:29:00+00:00,982.6398802943463,hPa,GOOD,SYNTHETIC_ML_DATASET,NORMAL,0
BRT,BRT_TEMP_001,2026-03-01T13:29:00+00:00,-13.297109262864662,C,GOOD,SYNTHETIC_ML_DATASET,NORMAL,0
BRT,BRT_VIB_001,2026-03-01T13:29:00+00:00,0.6503726782881832,mm/s,GOOD,SYNTHETIC_ML_DATASET,NORMAL,0
BRT,BRT_HUM_001,2026-03-01T13:30:00+00:00,53.61185928379209,%,GOOD,SYNTHETIC_ML_DATASET,NORMAL,0
BRT,BRT_POWER_001,2026-03-01T13:30:00+00:00,36.563909329945055,kW,GOOD,SYNTHETIC_ML_DATASET,NORMAL,0
BRT,BRT_PRESS_001,2026-03-01T13:30:00+00:00,982.6067853909009,hPa,GOOD,SYNTHETIC_ML_DATASET,NORMAL,0
BRT,BRT_TEMP_001,2026-03-01T13:30:00+00:00,-13.215180572085893,C,GOOD,SYNTHETIC_ML_DATASET,NORMAL,0
BRT,BRT_VIB_001,2026-03-01T13:30:00+00:00,0.6475461630181925,mm/s,GOOD,SYNTHETIC_ML_DATASET,NORMAL,0
BRT,BRT_HUM_001,2026-03-01T13:31:00+00:00,52.52755950980876,%,GOOD,SYNTHETIC_ML_DATASET,NORMAL,0
BRT,BRT_POWER_001,2026-03-01T13:31:00+00:00,36.57930350740679,kW,GOOD,SYNTHETIC_ML_DATASET,NORMAL,0
BRT,BRT_PRESS_001,2026-03-01T13:31:00+00:00,982.7402148780446,hPa,GOOD,SYNTHETIC_ML_DATASET,NORMAL,0
BRT,BRT_TEMP_001,2026-03-01T13:31:00+00:00,-13.215236955315671,C,GOOD,SYNTHETIC_ML_DATASET,NORMAL,0
BRT,BRT_VIB_001,2026-03-01T13:31:00+00:00,0.6391192196507585,mm/s,GOOD,SYNTHETIC_ML_DATASET,NORMAL,0
BRT,BRT_HUM_001,2026-03-01T13:32:00+00:00,52.803307001179924,%,GOOD,SYNTHETIC_ML_DATASET,NORMAL,0
BRT,BRT_POWER_001,2026-03-01T13:32:00+00:00,36.639737296127166,kW,GOOD,SYNTHETIC_ML_DATASET,NORMAL,0
BRT,BRT_PRESS_001,2026-03-01T13:32:00+00:00,982.7235449712829,hPa,GOOD,SYNTHETIC_ML_DATASET,NORMAL,0
BRT,BRT_TEMP_001,2026-03-01T13:32:00+00:00,-13.167254358015281,C,GOOD,SYNTHETIC_ML_DATASET,NORMAL,0
BRT,BRT_VIB_001,2026-03-01T13:32:00+00:00,0.6305841486903387,mm/s,GOOD,SYNTHETIC_ML_DATASET,NORMAL,0
BRT,BRT_HUM_001,2026-03-01T13:33:00+00:00,52.97717311466371,%,GOOD,SYNTHETIC_ML_DATASET,NORMAL,0
BRT,BRT_POWER_001,2026-03-01T13:33:00+00:00,36.88189724387554,kW,GOOD,SYNTHETIC_ML_DATASET,NORMAL,0
BRT,BRT_PRESS_001,2026-03-01T13:33:00+00:00,982.7562922295459,hPa,GOOD,SYNTHETIC_ML_DATASET,NORMAL,0
BRT,BRT_TEMP_001,2026-03-01T13:33:00+00:00,-13.195783936284252,C,GOOD,SYNTHETIC_ML_DATASET,NORMAL,0
BRT,BRT_VIB_001,2026-03-01T13:33:00+00:00,0.6239435739575616,mm/s,GOOD,SYNTHETIC_ML_DATASET,NORMAL,0
BRT,BRT_HUM_001,2026-03-01T13:34:00+00:00,52.434223276555066,%,GOOD,SYNTHETIC_ML_DATASET,NORMAL,0
BRT,BRT_POWER_001,2026-03-01T13:34:00+00:00,36.657819591390414,kW,GOOD,SYNTHETIC_ML_DATASET,NORMAL,0
BRT,BRT_PRESS_001,2026-03-01T13:34:00+00:00,982.998324884126,hPa,GOOD,SYNTHETIC_ML_DATASET,NORMAL,0
BRT,BRT_TEMP_001,2026-03-01T13:34:00+00:00,-13.163261975213002,C,GOOD,SYNTHETIC_ML_DATASET,NORMAL,0
BRT,BRT_VIB_001,2026-03-01T13:34:00+00:00,0.6310820328350489,mm/s,GOOD,SYNTHETIC_ML_DATASET,NORMAL,0
BRT,BRT_HUM_001,2026-03-01T13:35:00+00:00,52.97391046897674,%,GOOD,SYNTHETIC_ML_DATASET,NORMAL,0
BRT,BRT_POWER_001,2026-03-01T13:35:00+00:00,36.24883833919937,kW,GOOD,SYNTHETIC_ML_DATASET,NORMAL,0
BRT,BRT_PRESS_001,2026-03-01T13:35:00+00:00,982.9427290221635,hPa,GOOD,SYNTHETIC_ML_DATASET,NORMAL,0
BRT,BRT_TEMP_001,2026-03-01T13:35:00+00:00,-13.152076904977488,C,GOOD,SYNTHETIC_ML_DATASET,NORMAL,0
BRT,BRT_VIB_001,2026-03-01T13:35:00+00:00,0.6576669971141159,mm/s,GOOD,SYNTHETIC_ML_DATASET,NORMAL,0
BRT,BRT_HUM_001,2026-03-01T13:36:00+00:00,52.56727758939724,%,GOOD,SYNTHETIC_ML_DATASET,NORMAL,0
BRT,BRT_POWER_001,2026-03-01T13:36:00+00:00,36.759165626986544,kW,GOOD,SYNTHETIC_ML_DATASET,NORMAL,0
BRT,BRT_PRESS_001,2026-03-01T13:36:00+00:00,982.9176388437021,hPa,GOOD,SYNTHETIC_ML_DATASET,NORMAL,0
BRT,BRT_TEMP_001,2026-03-01T13:36:00+00:00,-13.24826843575914,C,GOOD,SYNTHETIC_ML_DATASET,NORMAL,0
BRT,BRT_VIB_001,2026-03-01T13:36:00+00:00,0.6353397350764265,mm/s,GOOD,SYNTHETIC_ML_DATASET,NORMAL,0
BRT,BRT_HUM_001,2026-03-01T13:37:00+00:00,52.82446817260444,%,GOOD,SYNTHETIC_ML_DATASET,NORMAL,0
BRT,BRT_POWER_001,2026-03-01T13:37:00+00:00,36.45302701357541,kW,GOOD,SYNTHETIC_ML_DATASET,NORMAL,0
BRT,BRT_PRESS_001,2026-03-01T13:37:00+00:00,983.0552362563113,hPa,GOOD,SYNTHETIC_ML_DATASET,NORMAL,0
BRT,BRT_TEMP_001,2026-03-01T13:37:00+00:00,-12.9478791889806,C,GOOD,SYNTHETIC_ML_DATASET,NORMAL,0
BRT,BRT_VIB_001,2026-03-01T13:37:00+00:00,0.6321290722405956,mm/s,GOOD,SYNTHETIC_ML_DATASET,NORMAL,0
BRT,BRT_HUM_001,2026-03-01T13:38:00+00:00,52.38143431889444,%,GOOD,SYNTHETIC_ML_DATASET,NORMAL,0
BRT,BRT_POWER_001,2026-03-01T13:38:00+00:00,36.18420668887815,kW,GOOD,SYNTHETIC_ML_DATASET,NORMAL,0
BRT,BRT_PRESS_001,2026-03-01T13:38:00+00:00,983.0416905390675,hPa,GOOD,SYNTHETIC_ML_DATASET,NORMAL,0
BRT,BRT_TEMP_001,2026-03-01T13:38:00+00:00,-12.882921357549645,C,GOOD,SYNTHETIC_ML_DATASET,NORMAL,0
BRT,BRT_VIB_001,2026-03-01T13:38:00+00:00,0.6410777153370973,mm/s,GOOD,SYNTHETIC_ML_DATASET,NORMAL,0
BRT,BRT_HUM_001,2026-03-01T13:39:00+00:00,53.34796880772056,%,GOOD,SYNTHETIC_ML_DATASET,NORMAL,0
BRT,BRT_POWER_001,2026-03-01T13:39:00+00:00,36.84519690740316,kW,GOOD,SYNTHETIC_ML_DATASET,NORMAL,0
BRT,BRT_PRESS_001,2026-03-01T13:39:00+00:00,983.1563469375023,hPa,GOOD,SYNTHETIC_ML_DATASET,NORMAL,0
BRT,BRT_TEMP_001,2026-03-01T13:39:00+00:00,-12.937944048990955,C,GOOD,SYNTHETIC_ML_DATASET,NORMAL,0
BRT,BRT_VIB_001,2026-03-01T13:39:00+00:00,0.6363354789259693,mm/s,GOOD,SYNTHETIC_ML_DATASET,NORMAL,0
BRT,BRT_HUM_001,2026-03-01T13:40:00+00:00,52.94363301240147,%,GOOD,SYNTHETIC_ML_DATASET,NORMAL,0
BRT,BRT_POWER_001,2026-03-01T13:40:00+00:00,36.39364263814809,kW,GOOD,SYNTHETIC_ML_DATASET,NORMAL,0
BRT,BRT_PRESS_001,2026-03-01T13:40:00+00:00,983.1517765878674,hPa,GOOD,SYNTHETIC_ML_DATASET,NORMAL,0
BRT,BRT_TEMP_001,2026-03-01T13:40:00+00:00,-13.184406548008706,C,GOOD,SYNTHETIC_ML_DATASET,NORMAL,0
BRT,BRT_VIB_001,2026-03-01T13:40:00+00:00,0.6362622858519545,mm/s,GOOD,SYNTHETIC_ML_DATASET,NORMAL,0
BRT,BRT_HUM_001,2026-03-01T13:41:00+00:00,53.63579717907617,%,GOOD,SYNTHETIC_ML_DATASET,NORMAL,0
BRT,BRT_POWER_001,2026-03-01T13:41:00+00:00,37.137095708072664,kW,GOOD,SYNTHETIC_ML_DATASET,NORMAL,0
BRT,BRT_PRESS_001,2026-03-01T13:41:00+00:00,983.2581826737504,hPa,GOOD,SYNTHETIC_ML_DATASET,NORMAL,0
BRT,BRT_TEMP_001,2026-03-01T13:41:00+00:00,-12.80430340458106,C,GOOD,SYNTHETIC_ML_DATASET,NORMAL,0
BRT,BRT_VIB_001,2026-03-01T13:41:00+00:00,0.6273853399465635,mm/s,GOOD,SYNTHETIC_ML_DATASET,NORMAL,0
BRT,BRT_HUM_001,2026-03-01T13:42:00+00:00,52.81084724008137,%,GOOD,SYNTHETIC_ML_DATASET,NORMAL,0
BRT,BRT_POWER_001,2026-03-01T13:42:00+00:00,36.9663157147669,kW,GOOD,SYNTHETIC_ML_DATASET,NORMAL,0
BRT,BRT_PRESS_001,2026-03-01T13:42:00+00:00,983.3389372530954,hPa,GOOD,SYNTHETIC_ML_DATASET,NORMAL,0
BRT,BRT_TEMP_001,2026-03-01T13:42:00+00:00,-12.827093685507567,C,GOOD,SYNTHETIC_ML_DATASET,NORMAL,0
BRT,BRT_VIB_001,2026-03-01T13:42:00+00:00,0.6459377565212012,mm/s,GOOD,SYNTHETIC_ML_DATASET,NORMAL,0
BRT,BRT_HUM_001,2026-03-01T13:43:00+00:00,52.528126613345236,%,GOOD,SYNTHETIC_ML_DATASET,NORMAL,0
BRT,BRT_POWER_001,2026-03-01T13:43:00+00:00,36.960102674451825,kW,GOOD,SYNTHETIC_ML_DATASET,NORMAL,0
BRT,BRT_PRESS_001,2026-03-01T13:43:00+00:00,983.2117290017487,hPa,GOOD,SYNTHETIC_ML_DATASET,NORMAL,0
BRT,BRT_TEMP_001,2026-03-01T13:43:00+00:00,-13.151417485598646,C,GOOD,SYNTHETIC_ML_DATASET,NORMAL,0
BRT,BRT_VIB_001,2026-03-01T13:43:00+00:00,0.6298561720356034,mm/s,GOOD,SYNTHETIC_ML_DATASET,NORMAL,0
BRT,BRT_HUM_001,2026-03-01T13:44:00+00:00,52.26424340720774,%,GOOD,SYNTHETIC_ML_DATASET,NORMAL,0
BRT,BRT_POWER_001,2026-03-01T13:44:00+00:00,36.815891617693175,kW,GOOD,SYNTHETIC_ML_DATASET,NORMAL,0
BRT,BRT_PRESS_001,2026-03-01T13:44:00+00:00,983.4114725323655,hPa,GOOD,SYNTHETIC_ML_DATASET,NORMAL,0
BRT,BRT_TEMP_001,2026-03-01T13:44:00+00:00,-13.152468947395251,C,GOOD,SYNTHETIC_ML_DATASET,NORMAL,0
BRT,BRT_VIB_001,2026-03-01T13:44:00+00:00,0.666608466536272,mm/s,GOOD,SYNTHETIC_ML_DATASET,NORMAL,0
BRT,BRT_HUM_001,2026-03-01T13:45:00+00:00,53.171621270903046,%,GOOD,SYNTHETIC_ML_DATASET,NORMAL,0
BRT,BRT_POWER_001,2026-03-01T13:45:00+00:00,36.41483212733068,kW,GOOD,SYNTHETIC_ML_DATASET,NORMAL,0
BRT,BRT_PRESS_001,2026-03-01T13:45:00+00:00,983.3750336499799,hPa,GOOD,SYNTHETIC_ML_DATASET,NORMAL,0
BRT,BRT_TEMP_001,2026-03-01T13:45:00+00:00,-13.089583208723484,C,GOOD,SYNTHETIC_ML_DATASET,NORMAL,0
BRT,BRT_VIB_001,2026-03-01T13:45:00+00:00,0.6533362098663981,mm/s,GOOD,SYNTHETIC_ML_DATASET,NORMAL,0
BRT,BRT_HUM_001,2026-03-01T13:46:00+00:00,53.52131931306375,%,GOOD,SYNTHETIC_ML_DATASET,NORMAL,0
BRT,BRT_POWER_001,2026-03-01T13:46:00+00:00,37.235497521211315,kW,GOOD,SYNTHETIC_ML_DATASET,NORMAL,0
BRT,BRT_PRESS_001,2026-03-01T13:46:00+00:00,983.3303496640864,hPa,GOOD,SYNTHETIC_ML_DATASET,NORMAL,0
BRT,BRT_TEMP_001,2026-03-01T13:46:00+00:00,-12.807787775144316,C,GOOD,SYNTHETIC_ML_DATASET,NORMAL,0
BRT,BRT_VIB_001,2026-03-01T13:46:00+00:00,0.6251605487270865,mm/s,GOOD,SYNTHETIC_ML_DATASET,NORMAL,0
BRT,BRT_HUM_001,2026-03-01T13:47:00+00:00,53.355050413062116,%,GOOD,SYNTHETIC_ML_DATASET,NORMAL,0
BRT,BRT_POWER_001,2026-03-01T13:47:00+00:00,37.444565169401706,kW,GOOD,SYNTHETIC_ML_DATASET,NORMAL,0
BRT,BRT_PRESS_001,2026-03-01T13:47:00+00:00,983.2597268043593,hPa,GOOD,SYNTHETIC_ML_DATASET,NORMAL,0
BRT,BRT_TEMP_001,2026-03-01T13:47:00+00:00,-12.736924746359247,C,GOOD,SYNTHETIC_ML_DATASET,NORMAL,0
BRT,BRT_VIB_001,2026-03-01T13:47:00+00:00,0.6201215263185044,mm/s,GOOD,SYNTHETIC_ML_DATASET,NORMAL,0
BRT,BRT_HUM_001,2026-03-01T13:48:00+00:00,54.56952356897094,%,GOOD,SYNTHETIC_ML_DATASET,NORMAL,0
BRT,BRT_POWER_001,2026-03-01T13:48:00+00:00,36.9614013622584,kW,GOOD,SYNTHETIC_ML_DATASET,NORMAL,0
BRT,BRT_PRESS_001,2026-03-01T13:48:00+00:00,983.3912092002076,hPa,GOOD,SYNTHETIC_ML_DATASET,NORMAL,0
BRT,BRT_TEMP_001,2026-03-01T13:48:00+00:00,-12.926078774567175,C,GOOD,SYNTHETIC_ML_DATASET,NORMAL,0
BRT,BRT_VIB_001,2026-03-01T13:48:00+00:00,0.6157606064154122,mm/s,GOOD,SYNTHETIC_ML_DATASET,NORMAL,0
BRT,BRT_HUM_001,2026-03-01T13:49:00+00:00,54.4331923226271,%,GOOD,SYNTHETIC_ML_DATASET,NORMAL,0
BRT,BRT_POWER_001,2026-03-01T13:49:00+00:00,37.0077045002499,kW,GOOD,SYNTHETIC_ML_DATASET,NORMAL,0
BRT,BRT_PRESS_001,2026-03-01T13:49:00+00:00,983.3848541866082,hPa,GOOD,SYNTHETIC_ML_DATASET,NORMAL,0
BRT,BRT_TEMP_001,2026-03-01T13:49:00+00:00,-12.67143628306703,C,GOOD,SYNTHETIC_ML_DATASET,NORMAL,0
BRT,BRT_VIB_001,2026-03-01T13:49:00+00:00,0.6214739840614717,mm/s,GOOD,SYNTHETIC_ML_DATASET,NORMAL,0
BRT,BRT_HUM_001,2026-03-01T13:50:00+00:00,54.86776057307931,%,GOOD,SYNTHETIC_ML_DATASET,NORMAL,0
BRT,BRT_POWER_001,2026-03-01T13:50:00+00:00,37.40200226252652,kW,GOOD,SYNTHETIC_ML_DATASET,NORMAL,0
BRT,BRT_PRESS_001,2026-03-01T13:50:00+00:00,983.423447751875,hPa,GOOD,SYNTHETIC_ML_DATASET,NORMAL,0
BRT,BRT_TEMP_001,2026-03-01T13:50:00+00:00,-12.91092811083513,C,GOOD,SYNTHETIC_ML_DATASET,NORMAL,0
BRT,BRT_VIB_001,2026-03-01T13:50:00+00:00,0.6311780027425588,mm/s,GOOD,SYNTHETIC_ML_DATASET,NORMAL,0
BRT,BRT_HUM_001,2026-03-01T13:51:00+00:00,54.69459027903186,%,GOOD,SYNTHETIC_ML_DATASET,NORMAL,0
BRT,BRT_POWER_001,2026-03-01T13:51:00+00:00,37.55442802236519,kW,GOOD,SYNTHETIC_ML_DATASET,NORMAL,0
BRT,BRT_PRESS_001,2026-03-01T13:51:00+00:00,983.5119197655708,hPa,GOOD,SYNTHETIC_ML_DATASET,NORMAL,0
BRT,BRT_TEMP_001,2026-03-01T13:51:00+00:00,-12.486222479558839,C,GOOD,SYNTHETIC_ML_DATASET,NORMAL,0
BRT,BRT_VIB_001,2026-03-01T13:51:00+00:00,0.6666042066394723,mm/s,GOOD,SYNTHETIC_ML_DATASET,NORMAL,0
BRT,BRT_HUM_001,2026-03-01T13:52:00+00:00,55.09312422654206,%,GOOD,SYNTHETIC_ML_DATASET,NORMAL,0
BRT,BRT_POWER_001,2026-03-01T13:52:00+00:00,36.87606143937227,kW,GOOD,SYNTHETIC_ML_DATASET,NORMAL,0
BRT,BRT_PRESS_001,2026-03-01T13:52:00+00:00,983.5445291143938,hPa,GOOD,SYNTHETIC_ML_DATASET,NORMAL,0
BRT,BRT_TEMP_001,2026-03-01T13:52:00+00:00,-12.52090785668523,C,GOOD,SYNTHETIC_ML_DATASET,NORMAL,0
BRT,BRT_VIB_001,2026-03-01T13:52:00+00:00,0.6540658207153189,mm/s,GOOD,SYNTHETIC_ML_DATASET,NORMAL,0
BRT,BRT_HUM_001,2026-03-01T13:53:00+00:00,54.99896847167308,%,GOOD,SYNTHETIC_ML_DATASET,NORMAL,0
BRT,BRT_POWER_001,2026-03-01T13:53:00+00:00,37.39021263020604,kW,GOOD,SYNTHETIC_ML_DATASET,NORMAL,0
BRT,BRT_PRESS_001,2026-03-01T13:53:00+00:00,983.4762966287797,hPa,GOOD,SYNTHETIC_ML_DATASET,NORMAL,0
BRT,BRT_TEMP_001,2026-03-01T13:53:00+00:00,-12.685258825285581,C,GOOD,SYNTHETIC_ML_DATASET,NORMAL,0
BRT,BRT_VIB_001,2026-03-01T13:53:00+00:00,0.6051751079266022,mm/s,GOOD,SYNTHETIC_ML_DATASET,NORMAL,0
BRT,BRT_HUM_001,2026-03-01T13:54:00+00:00,54.7186225324526,%,GOOD,SYNTHETIC_ML_DATASET,NORMAL,0
BRT,BRT_POWER_001,2026-03-01T13:54:00+00:00,37.653637802059656,kW,GOOD,SYNTHETIC_ML_DATASET,NORMAL,0
BRT,BRT_PRESS_001,2026-03-01T13:54:00+00:00,983.5626209065063,hPa,GOOD,SYNTHETIC_ML_DATASET,NORMAL,0
BRT,BRT_TEMP_001,2026-03-01T13:54:00+00:00,-12.519879249800798,C,GOOD,SYNTHETIC_ML_DATASET,NORMAL,0
BRT,BRT_VIB_001,2026-03-01T13:54:00+00:00,0.6218401445048395,mm/s,GOOD,SYNTHETIC_ML_DATASET,NORMAL,0
BRT,BRT_HUM_001,2026-03-01T13:55:00+00:00,55.813904112756305,%,GOOD,SYNTHETIC_ML_DATASET,NORMAL,0
BRT,BRT_POWER_001,2026-03-01T13:55:00+00:00,37.14075914228283,kW,GOOD,SYNTHETIC_ML_DATASET,NORMAL,0
BRT,BRT_PRESS_001,2026-03-01T13:55:00+00:00,983.6216033748725,hPa,GOOD,SYNTHETIC_ML_DATASET,NORMAL,0
BRT,BRT_TEMP_001,2026-03-01T13:55:00+00:00,-12.583609649727135,C,GOOD,SYNTHETIC_ML_DATASET,NORMAL,0
BRT,BRT_VIB_001,2026-03-01T13:55:00+00:00,0.6483078349475785,mm/s,GOOD,SYNTHETIC_ML_DATASET,NORMAL,0
BRT,BRT_HUM_001,2026-03-01T13:56:00+00:00,57.04158713939714,%,GOOD,SYNTHETIC_ML_DATASET,NORMAL,0
BRT,BRT_POWER_001,2026-03-01T13:56:00+00:00,37.11306706863114,kW,GOOD,SYNTHETIC_ML_DATASET,NORMAL,0
BRT,BRT_PRESS_001,2026-03-01T13:56:00+00:00,983.5623465270446,hPa,GOOD,SYNTHETIC_ML_DATASET,NORMAL,0
BRT,BRT_TEMP_001,2026-03-01T13:56:00+00:00,-12.457473555708415,C,GOOD,SYNTHETIC_ML_DATASET,NORMAL,0
BRT,BRT_VIB_001,2026-03-01T13:56:00+00:00,0.6426707477949496,mm/s,GOOD,SYNTHETIC_ML_DATASET,NORMAL,0
BRT,BRT_HUM_001,2026-03-01T13:57:00+00:00,56.3813884971462,%,GOOD,SYNTHETIC_ML_DATASET,NORMAL,0
BRT,BRT_POWER_001,2026-03-01T13:57:00+00:00,37.57985358164769,kW,GOOD,SYNTHETIC_ML_DATASET,NORMAL,0
BRT,BRT_PRESS_001,2026-03-01T13:57:00+00:00,983.5946538178264,hPa,GOOD,SYNTHETIC_ML_DATASET,NORMAL,0
BRT,BRT_TEMP_001,2026-03-01T13:57:00+00:00,-12.269308227746196,C,GOOD,SYNTHETIC_ML_DATASET,NORMAL,0
BRT,BRT_VIB_001,2026-03-01T13:57:00+00:00,0.6521616240419875,mm/s,GOOD,SYNTHETIC_ML_DATASET,NORMAL,0
BRT,BRT_HUM_001,2026-03-01T13:58:00+00:00,55.93300360644121,%,GOOD,SYNTHETIC_ML_DATASET,NORMAL,0
BRT,BRT_POWER_001,2026-03-01T13:58:00+00:00,37.84582926731519,kW,GOOD,SYNTHETIC_ML_DATASET,NORMAL,0
BRT,BRT_PRESS_001,2026-03-01T13:58:00+00:00,983.7371568653125,hPa,GOOD,SYNTHETIC_ML_DATASET,NORMAL,0
BRT,BRT_TEMP_001,2026-03-01T13:58:00+00:00,-11.914397195320642,C,GOOD,SYNTHETIC_ML_DATASET,NORMAL,0
BRT,BRT_VIB_001,2026-03-01T13:58:00+00:00,0.6623033138887969,mm/s,GOOD,SYNTHETIC_ML_DATASET,NORMAL,0
BRT,BRT_HUM_001,2026-03-01T13:59:00+00:00,55.64986290142451,%,GOOD,SYNTHETIC_ML_DATASET,NORMAL,0
BRT,BRT_POWER_001,2026-03-01T13:59:00+00:00,38.161293508268244,kW,GOOD,SYNTHETIC_ML_DATASET,NORMAL,0
BRT,BRT_PRESS_001,2026-03-01T13:59:00+00:00,983.7712304232506,hPa,GOOD,SYNTHETIC_ML_DATASET,NORMAL,0
BRT,BRT_TEMP_001,2026-03-01T13:59:00+00:00,-11.990749549817982,C,GOOD,SYNTHETIC_ML_DATASET,NORMAL,0
BRT,BRT_VIB_001,2026-03-01T13:59:00+00:00,0.6667354666284918,mm/s,GOOD,SYNTHETIC_ML_DATASET,NORMAL,0
BRT,BRT_HUM_001,2026-03-01T14:00:00+00:00,56.62327044891627,%,GOOD,SYNTHETIC_ML_DATASET,NORMAL,0
BRT,BRT_POWER_001,2026-03-01T14:00:00+00:00,38.00736405952491,kW,GOOD,SYNTHETIC_ML_DATASET,NORMAL,0
BRT,BRT_PRESS_001,2026-03-01T14:00:00+00:00,983.8134238775333,hPa,GOOD,SYNTHETIC_ML_DATASET,NORMAL,0
BRT,BRT_TEMP_001,2026-03-01T14:00:00+00:00,-11.762982412307007,C,GOOD,SYNTHETIC_ML_DATASET,NORMAL,0
BRT,BRT_VIB_001,2026-03-01T14:00:00+00:00,0.6726398632850134,mm/s,GOOD,SYNTHETIC_ML_DATASET,NORMAL,0
BRT,BRT_HUM_001,2026-03-01T14:01:00+00:00,57.88193991405513,%,GOOD,SYNTHETIC_ML_DATASET,NORMAL,0
BRT,BRT_POWER_001,2026-03-01T14:01:00+00:00,38.23949541153667,kW,GOOD,SYNTHETIC_ML_DATASET,NORMAL,0
BRT,BRT_PRESS_001,2026-03-01T14:01:00+00:00,983.6034212617966,hPa,GOOD,SYNTHETIC_ML_DATASET,NORMAL,0
BRT,BRT_TEMP_001,2026-03-01T14:01:00+00:00,-11.560629174599852,C,GOOD,SYNTHETIC_ML_DATASET,NORMAL,0
BRT,BRT_VIB_001,2026-03-01T14:01:00+00:00,0.6998444341620512,mm/s,GOOD,SYNTHETIC_ML_DATASET,NORMAL,0
BRT,BRT_HUM_001,2026-03-01T14:02:00+00:00,56.77403588918508,%,GOOD,SYNTHETIC_ML_DATASET,NORMAL,0
BRT,BRT_POWER_001,2026-03-01T14:02:00+00:00,38.31220237415184,kW,GOOD,SYNTHETIC_ML_DATASET,NORMAL,0
BRT,BRT_PRESS_001,2026-03-01T14:02:00+00:00,983.7727373283393,hPa,GOOD,SYNTHETIC_ML_DATASET,NORMAL,0
BRT,BRT_TEMP_001,2026-03-01T14:02:00+00:00,-11.383544082199453,C,GOOD,SYNTHETIC_ML_DATASET,NORMAL,0
BRT,BRT_VIB_001,2026-03-01T14:02:00+00:00,0.686971791930935,mm/s,GOOD,SYNTHETIC_ML_DATASET,NORMAL,0
BRT,BRT_HUM_001,2026-03-01T14:03:00+00:00,57.72896707487383,%,GOOD,SYNTHETIC_ML_DATASET,NORMAL,0
BRT,BRT_POWER_001,2026-03-01T14:03:00+00:00,38.32503221673729,kW,GOOD,SYNTHETIC_ML_DATASET,NORMAL,0
BRT,BRT_PRESS_001,2026-03-01T14:03:00+00:00,984.0269401298642,hPa,GOOD,SYNTHETIC_ML_DATASET,NORMAL,0
BRT,BRT_TEMP_001,2026-03-01T14:03:00+00:00,-11.31685699414553,C,GOOD,SYNTHETIC_ML_DATASET,NORMAL,0
BRT,BRT_VIB_001,2026-03-01T14:03:00+00:00,0.7007629425055014,mm/s,GOOD,SYNTHETIC_ML_DATASET,NORMAL,0
BRT,BRT_HUM_001,2026-03-01T14:04:00+00:00,58.492073721709644,%,GOOD,SYNTHETIC_ML_DATASET,NORMAL,0
BRT,BRT_POWER_001,2026-03-01T14:04:00+00:00,38.3195651180409,kW,GOOD,SYNTHETIC_ML_DATASET,NORMAL,0
BRT,BRT_PRESS_001,2026-03-01T14:04:00+00:00,983.9477315910665,hPa,GOOD,SYNTHETIC_ML_DATASET,NORMAL,0
BRT,BRT_TEMP_001,2026-03-01T14:04:00+00:00,-11.390071314303194,C,GOOD,SYNTHETIC_ML_DATASET,NORMAL,0
BRT,BRT_VIB_001,2026-03-01T14:04:00+00:00,0.7031298583125913,mm/s,GOOD,SYNTHETIC_ML_DATASET,NORMAL,0
BRT,BRT_HUM_001,2026-03-01T14:05:00+00:00,59.341101742981515,%,GOOD,SYNTHETIC_ML_DATASET,NORMAL,0
BRT,BRT_POWER_001,2026-03-01T14:05:00+00:00,38.9589788837832,kW,GOOD,SYNTHETIC_ML_DATASET,NORMAL,0
BRT,BRT_PRESS_001,2026-03-01T14:05:00+00:00,983.8856068984877,hPa,GOOD,SYNTHETIC_ML_DATASET,NORMAL,0
BRT,BRT_TEMP_001,2026-03-01T14:05:00+00:00,-11.334199704043046,C,GOOD,SYNTHETIC_ML_DATASET,NORMAL,0
BRT,BRT_VIB_001,2026-03-01T14:05:00+00:00,0.6769775319971095,mm/s,GOOD,SYNTHETIC_ML_DATASET,NORMAL,0
BRT,BRT_HUM_001,2026-03-01T14:06:00+00:00,58.792485418355945,%,GOOD,SYNTHETIC_ML_DATASET,NORMAL,0
BRT,BRT_POWER_001,2026-03-01T14:06:00+00:00,39.32191254440447,kW,GOOD,SYNTHETIC_ML_DATASET,NORMAL,0
BRT,BRT_PRESS_001,2026-03-01T14:06:00+00:00,983.987151330399,hPa,GOOD,SYNTHETIC_ML_DATASET,NORMAL,0
BRT,BRT_TEMP_001,2026-03-01T14:06:00+00:00,-10.925315827962667,C,GOOD,SYNTHETIC_ML_DATASET,NORMAL,0
BRT,BRT_VIB_001,2026-03-01T14:06:00+00:00,0.7203052863065085,mm/s,GOOD,SYNTHETIC_ML_DATASET,NORMAL,0
BRT,BRT_HUM_001,2026-03-01T14:07:00+00:00,58.538256750083356,%,GOOD,SYNTHETIC_ML_DATASET,NORMAL,0
BRT,BRT_POWER_001,2026-03-01T14:07:00+00:00,39.77618257014228,kW,GOOD,SYNTHETIC_ML_DATASET,NORMAL,0
BRT,BRT_PRESS_001,2026-03-01T14:07:00+00:00,984.0039382164053,hPa,GOOD,SYNTHETIC_ML_DATASET,NORMAL,0
BRT,BRT_TEMP_001,2026-03-01T14:07:00+00:00,-10.803972568985994,C,GOOD,SYNTHETIC_ML_DATASET,NORMAL,0
BRT,BRT_VIB_001,2026-03-01T14:07:00+00:00,0.712022027370418,mm/s,GOOD,SYNTHETIC_ML_DATASET,NORMAL,0
BRT,BRT_HUM_001,2026-03-01T14:08:00+00:00,59.192973279896805,%,GOOD,SYNTHETIC_ML_DATASET,NORMAL,0
BRT,BRT_POWER_001,2026-03-01T14:08:00+00:00,39.83967859460354,kW,GOOD,SYNTHETIC_ML_DATASET,NORMAL,0
BRT,BRT_PRESS_001,2026-03-01T14:08:00+00:00,984.0507962342966,hPa,GOOD,SYNTHETIC_ML_DATASET,NORMAL,0
BRT,BRT_TEMP_001,2026-03-01T14:08:00+00:00,-10.677513092061313,C,GOOD,SYNTHETIC_ML_DATASET,NORMAL,0
BRT,BRT_VIB_001,2026-03-01T14:08:00+00:00,0.714819999828638,mm/s,GOOD,SYNTHETIC_ML_DATASET,NORMAL,0
BRT,BRT_HUM_001,2026-03-01T14:09:00+00:00,58.483710479731975,%,GOOD,SYNTHETIC_ML_DATASET,NORMAL,0
BRT,BRT_POWER_001,2026-03-01T14:09:00+00:00,39.878387112089165,kW,GOOD,SYNTHETIC_ML_DATASET,NORMAL,0
BRT,BRT_PRESS_001,2026-03-01T14:09:00+00:00,984.1087560103367,hPa,GOOD,SYNTHETIC_ML_DATASET,NORMAL,0
BRT,BRT_TEMP_001,2026-03-01T14:09:00+00:00,-10.51663279482384,C,GOOD,SYNTHETIC_ML_DATASET,NORMAL,0
BRT,BRT_VIB_001,2026-03-01T14:09:00+00:00,0.7308522446803343,mm/s,GOOD,SYNTHETIC_ML_DATASET,NORMAL,0
BRT,BRT_HUM_001,2026-03-01T14:10:00+00:00,58.97453074546981,%,GOOD,SYNTHETIC_ML_DATASET,NORMAL,0
BRT,BRT_POWER_001,2026-03-01T14:10:00+00:00,40.532177657962855,kW,GOOD,SYNTHETIC_ML_DATASET,NORMAL,0
BRT,BRT_PRESS_001,2026-03-01T14:10:00+00:00,984.1818623806254,hPa,GOOD,SYNTHETIC_ML_DATASET,NORMAL,0
BRT,BRT_TEMP_001,2026-03-01T14:10:00+00:00,-10.622022972680035,C,GOOD,SYNTHETIC_ML_DATASET,NORMAL,0
BRT,BRT_VIB_001,2026-03-01T14:10:00+00:00,0.700887131538064,mm/s,GOOD,SYNTHETIC_ML_DATASET,NORMAL,0
BRT,BRT_HUM_001,2026-03-01T14:11:00+00:00,59.20690026229671,%,GOOD,SYNTHETIC_ML_DATASET,NORMAL,0
BRT,BRT_POWER_001,2026-03-01T14:11:00+00:00,40.99719238319492,kW,GOOD,SYNTHETIC_ML_DATASET,NORMAL,0
BRT,BRT_PRESS_001,2026-03-01T14:11:00+00:00,984.1732092592803,hPa,GOOD,SYNTHETIC_ML_DATASET,NORMAL,0
BRT,BRT_TEMP_001,2026-03-01T14:11:00+00:00,-10.450633180124374,C,GOOD,SYNTHETIC_ML_DATASET,NORMAL,0
BRT,BRT_VIB_001,2026-03-01T14:11:00+00:00,0.7235481293306333,mm/s,GOOD,SYNTHETIC_ML_DATASET,NORMAL,0
BRT,BRT_HUM_001,2026-03-01T14:12:00+00:00,59.51065725480652,%,GOOD,SYNTHETIC_ML_DATASET,NORMAL,0
BRT,BRT_POWER_001,2026-03-01T14:12:00+00:00,40.65517618497487,kW,GOOD,SYNTHETIC_ML_DATASET,NORMAL,0
BRT,BRT_PRESS_001,2026-03-01T14:12:00+00:00,984.391351277505,hPa,GOOD,SYNTHETIC_ML_DATASET,NORMAL,0
BRT,BRT_TEMP_001,2026-03-01T14:12:00+00:00,-10.317468387998307,C,GOOD,SYNTHETIC_ML_DATASET,NORMAL,0
BRT,BRT_VIB_001,2026-03-01T14:12:00+00:00,0.7383709156826068,mm/s,GOOD,SYNTHETIC_ML_DATASET,NORMAL,0
BRT,BRT_HUM_001,2026-03-01T14:13:00+00:00,59.27148139106789,%,GOOD,SYNTHETIC_ML_DATASET,NORMAL,0
BRT,BRT_POWER_001,2026-03-01T14:13:00+00:00,41.28058677282362,kW,GOOD,SYNTHETIC_ML_DATASET,NORMAL,0
BRT,BRT_PRESS_001,2026-03-01T14:13:00+00:00,984.3551246014392,hPa,GOOD,SYNTHETIC_ML_DATASET,NORMAL,0
BRT,BRT_TEMP_001,2026-03-01T14:13:00+00:00,-10.380958261078984,C,GOOD,SYNTHETIC_ML_DATASET,NORMAL,0
BRT,BRT_VIB_001,2026-03-01T14:13:00+00:00,0.7340724086290564,mm/s,GOOD,SYNTHETIC_ML_DATASET,NORMAL,0
BRT,BRT_HUM_001,2026-03-01T14:14:00+00:00,59.17092391549872,%,GOOD,SYNTHETIC_ML_DATASET,NORMAL,0
BRT,BRT_POWER_001,2026-03-01T14:14:00+00:00,41.40924741132855,kW,GOOD,SYNTHETIC_ML_DATASET,NORMAL,0
BRT,BRT_PRESS_001,2026-03-01T14:14:00+00:00,984.2275455304493,hPa,GOOD,SYNTHETIC_ML_DATASET,NORMAL,0
BRT,BRT_TEMP_001,2026-03-01T14:14:00+00:00,-10.413625492318909,C,GOOD,SYNTHETIC_ML_DATASET,NORMAL,0
BRT,BRT_VIB_001,2026-03-01T14:14:00+00:00,0.7353312751336509,mm/s,GOOD,SYNTHETIC_ML_DATASET,NORMAL,0
BRT,BRT_HUM_001,2026-03-01T14:15:00+00:00,59.7168599239777,%,GOOD,SYNTHETIC_ML_DATASET,NORMAL,0
BRT,BRT_POWER_001,2026-03-01T14:15:00+00:00,40.722825489665446,kW,GOOD,SYNTHETIC_ML_DATASET,NORMAL,0
BRT,BRT_PRESS_001,2026-03-01T14:15:00+00:00,984.225085874982,hPa,GOOD,SYNTHETIC_ML_DATASET,NORMAL,0
BRT,BRT_TEMP_001,2026-03-01T14:15:00+00:00,-10.107390310774734,C,GOOD,SYNTHETIC_ML_DATASET,NORMAL,0
BRT,BRT_VIB_001,2026-03-01T14:15:00+00:00,0.7376910916467087,mm/s,GOOD,SYNTHETIC_ML_DATASET,NORMAL,0
BRT,BRT_HUM_001,2026-03-01T14:16:00+00:00,59.91939897705654,%,GOOD,SYNTHETIC_ML_DATASET,NORMAL,0
BRT,BRT_POWER_001,2026-03-01T14:16:00+00:00,41.01648958910305,kW,GOOD,SYNTHETIC_ML_DATASET,NORMAL,0
BRT,BRT_PRESS_001,2026-03-01T14:16:00+00:00,984.430743980171,hPa,GOOD,SYNTHETIC_ML_DATASET,NORMAL,0
BRT,BRT_TEMP_001,2026-03-01T14:16:00+00:00,-10.193135324726622,C,GOOD,SYNTHETIC_ML_DATASET,NORMAL,0
BRT,BRT_VIB_001,2026-03-01T14:16:00+00:00,0.7221307679709783,mm/s,GOOD,SYNTHETIC_ML_DATASET,NORMAL,0
BRT,BRT_HUM_001,2026-03-01T14:17:00+00:00,58.86841543463679,%,GOOD,SYNTHETIC_ML_DATASET,NORMAL,0
BRT,BRT_POWER_001,2026-03-01T14:17:00+00:00,42.019771801192555,kW,GOOD,SYNTHETIC_ML_DATASET,NORMAL,0
BRT,BRT_PRESS_001,2026-03-01T14:17:00+00:00,984.4388715355547,hPa,GOOD,SYNTHETIC_ML_DATASET,NORMAL,0
BRT,BRT_TEMP_001,2026-03-01T14:17:00+00:00,-10.079387725338977,C,GOOD,SYNTHETIC_ML_DATASET,NORMAL,0
BRT,BRT_VIB_001,2026-03-01T14:17:00+00:00,0.7419240153805277,mm/s,GOOD,SYNTHETIC_ML_DATASET,NORMAL,0
BRT,BRT_HUM_001,2026-03-01T14:18:00+00:00,59.27966904480677,%,GOOD,SYNTHETIC_ML_DATASET,NORMAL,0
BRT,BRT_POWER_001,2026-03-01T14:18:00+00:00,41.60216280120749,kW,GOOD,SYNTHETIC_ML_DATASET,NORMAL,0
BRT,BRT_PRESS_001,2026-03-01T14:18:00+00:00,984.4623407426096,hPa,GOOD,SYNTHETIC_ML_DATASET,NORMAL,0
BRT,BRT_TEMP_001,2026-03-01T14:18:00+00:00,-10.256138578059042,C,GOOD,SYNTHETIC_ML_DATASET,NORMAL,0
BRT,BRT_VIB_001,2026-03-01T14:18:00+00:00,0.7610981332390625,mm/s,GOOD,SYNTHETIC_ML_DATASET,NORMAL,0
BRT,BRT_HUM_001,2026-03-01T14:19:00+00:00,60.04015305384785,%,GOOD,SYNTHETIC_ML_DATASET,NORMAL,0
BRT,BRT_POWER_001,2026-03-01T14:19:00+00:00,41.73018903571273,kW,GOOD,SYNTHETIC_ML_DATASET,NORMAL,0
BRT,BRT_PRESS_001,2026-03-01T14:19:00+00:00,984.6148475669014,hPa,GOOD,SYNTHETIC_ML_DATASET,NORMAL,0
BRT,BRT_TEMP_001,2026-03-01T14:19:00+00:00,-10.187477330244455,C,GOOD,SYNTHETIC_ML_DATASET,NORMAL,0
BRT,BRT_VIB_001,2026-03-01T14:19:00+00:00,0.7575545609022803,mm/s,GOOD,SYNTHETIC_ML_DATASET,NORMAL,0
BRT,BRT_HUM_001,2026-03-01T14:20:00+00:00,60.53814744689117,%,GOOD,SYNTHETIC_ML_DATASET,NORMAL,0
BRT,BRT_POWER_001,2026-03-01T14:20:00+00:00,41.55719661739998,kW,GOOD,SYNTHETIC_ML_DATASET,NORMAL,0
BRT,BRT_PRESS_001,2026-03-01T14:20:00+00:00,984.6362421214354,hPa,GOOD,SYNTHETIC_ML_DATASET,NORMAL,0
BRT,BRT_TEMP_001,2026-03-01T14:20:00+00:00,-10.278607399269646,C,GOOD,SYNTHETIC_ML_DATASET,NORMAL,0
BRT,BRT_VIB_001,2026-03-01T14:20:00+00:00,0.7624983601685692,mm/s,GOOD,SYNTHETIC_ML_DATASET,NORMAL,0
BRT,BRT_HUM_001,2026-03-01T14:21:00+00:00,59.170729799189786,%,GOOD,SYNTHETIC_ML_DATASET,NORMAL,0
BRT,BRT_POWER_001,2026-03-01T14:21:00+00:00,41.58927566720689,kW,GOOD,SYNTHETIC_ML_DATASET,NORMAL,0
BRT,BRT_PRESS_001,2026-03-01T14:21:00+00:00,984.8778450595481,hPa,GOOD,SYNTHETIC_ML_DATASET,NORMAL,0
BRT,BRT_TEMP_001,2026-03-01T14:21:00+00:00,-10.125954508048139,C,GOOD,SYNTHETIC_ML_DATASET,NORMAL,0
BRT,BRT_VIB_001,2026-03-01T14:21:00+00:00,0.780103215764677,mm/s,GOOD,SYNTHETIC_ML_DATASET,NORMAL,0
BRT,BRT_HUM_001,2026-03-01T14:22:00+00:00,60.406570375578546,%,GOOD,SYNTHETIC_ML_DATASET,NORMAL,0
BRT,BRT_POWER_001,2026-03-01T14:22:00+00:00,41.82751294190655,kW,GOOD,SYNTHETIC_ML_DATASET,NORMAL,0
BRT,BRT_PRESS_001,2026-03-01T14:22:00+00:00,984.7018108912863,hPa,GOOD,SYNTHETIC_ML_DATASET,NORMAL,0
BRT,BRT_TEMP_001,2026-03-01T14:22:00+00:00,-10.205716631182879,C,GOOD,SYNTHETIC_ML_DATASET,NORMAL,0
BRT,BRT_VIB_001,2026-03-01T14:22:00+00:00,0.7700053996559573,mm/s,GOOD,SYNTHETIC_ML_DATASET,NORMAL,0
BRT,BRT_HUM_001,2026-03-01T14:23:00+00:00,60.13977952210068,%,GOOD,SYNTHETIC_ML_DATASET,NORMAL,0
BRT,BRT_POWER_001,2026-03-01T14:23:00+00:00,42.35312299588673,kW,GOOD,SYNTHETIC_ML_DATASET,NORMAL,0
BRT,BRT_PRESS_001,2026-03-01T14:23:00+00:00,984.858177069906,hPa,GOOD,SYNTHETIC_ML_DATASET,NORMAL,0
BRT,BRT_TEMP_001,2026-03-01T14:23:00+00:00,-9.719486482120072,C,GOOD,SYNTHETIC_ML_DATASET,NORMAL,0
BRT,BRT_VIB_001,2026-03-01T14:23:00+00:00,0.7924588475691756,mm/s,GOOD,SYNTHETIC_ML_DATASET,NORMAL,0
BRT,BRT_HUM_001,2026-03-01T14:24:00+00:00,61.058535446108586,%,GOOD,SYNTHETIC_ML_DATASET,NORMAL,0
BRT,BRT_POWER_001,2026-03-01T14:24:00+00:00,42.0608117260901,kW,GOOD,SYNTHETIC_ML_DATASET,NORMAL,0
BRT,BRT_PRESS_001,2026-03-01T14:24:00+00:00,984.9894068464087,hPa,GOOD,SYNTHETIC_ML_DATASET,NORMAL,0
BRT,BRT_TEMP_001,2026-03-01T14:24:00+00:00,-10.145167800685359,C,GOOD,SYNTHETIC_ML_DATASET,NORMAL,0
BRT,BRT_VIB_001,2026-03-01T14:24:00+00:00,0.753540775670179,mm/s,GOOD,SYNTHETIC_ML_DATASET,NORMAL,0
BRT,BRT_HUM_001,2026-03-01T14:25:00+00:00,60.10303394775033,%,GOOD,SYNTHETIC_ML_DATASET,NORMAL,0
BRT,BRT_POWER_001,2026-03-01T14:25:00+00:00,41.44937651845378,kW,GOOD,SYNTHETIC_ML_DATASET,NORMAL,0
BRT,BRT_PRESS_001,2026-03-01T14:25:00+00:00,984.8980753002288,hPa,GOOD,SYNTHETIC_ML_DATASET,NORMAL,0
BRT,BRT_TEMP_001,2026-03-01T14:25:00+00:00,-10.007399748721438,C,GOOD,SYNTHETIC_ML_DATASET,NORMAL,0
BRT,BRT_VIB_001,2026-03-01T14:25:00+00:00,0.7576936477500917,mm/s,GOOD,SYNTHETIC_ML_DATASET,NORMAL,0
BRT,BRT_HUM_001,2026-03-01T14:26:00+00:00,60.00152848935393,%,GOOD,SYNTHETIC_ML_DATASET,NORMAL,0
BRT,BRT_POWER_001,2026-03-01T14:26:00+00:00,41.71299903981971,kW,GOOD,SYNTHETIC_ML_DATASET,NORMAL,0
BRT,BRT_PRESS_001,2026-03-01T14:26:00+00:00,985.1093312399403,hPa,GOOD,SYNTHETIC_ML_DATASET,NORMAL,0
BRT,BRT_TEMP_001,2026-03-01T14:26:00+00:00,-9.873636149640113,C,GOOD,SYNTHETIC_ML_DATASET,NORMAL,0
BRT,BRT_VIB_001,2026-03-01T14:26:00+00:00,0.7510801974599719,mm/s,GOOD,SYNTHETIC_ML_DATASET,NORMAL,0
BRT,BRT_HUM_001,2026-03-01T14:27:00+00:00,61.91335885420272,%,GOOD,SYNTHETIC_ML_DATASET,NORMAL,0
BRT,BRT_POWER_001,2026-03-01T14:27:00+00:00,41.89368207066438,kW,GOOD,SYNTHETIC_ML_DATASET,NORMAL,0
BRT,BRT_PRESS_001,2026-03-01T14:27:00+00:00,985.169464070309,hPa,GOOD,SYNTHETIC_ML_DATASET,NORMAL,0
BRT,BRT_TEMP_001,2026-03-01T14:27:00+00:00,-9.724506717881406,C,GOOD,SYNTHETIC_ML_DATASET,NORMAL,0
BRT,BRT_VIB_001,2026-03-01T14:27:00+00:00,0.7338910917914676,mm/s,GOOD,SYNTHETIC_ML_DATASET,NORMAL,0
BRT,BRT_HUM_001,2026-03-01T14:28:00+00:00,61.09579279608756,%,GOOD,SYNTHETIC_ML_DATASET,NORMAL,0
BRT,BRT_POWER_001,2026-03-01T14:28:00+00:00,42.721589377934656,kW,GOOD,SYNTHETIC_ML_DATASET,NORMAL,0
BRT,BRT_PRESS_001,2026-03-01T14:28:00+00:00,985.195130135726,hPa,GOOD,SYNTHETIC_ML_DATASET,NORMAL,0
BRT,BRT_TEMP_001,2026-03-01T14:28:00+00:00,-9.851256859638282,C,GOOD,SYNTHETIC_ML_DATASET,NORMAL,0
BRT,BRT_VIB_001,2026-03-01T14:28:00+00:00,0.7578894018137512,mm/s,GOOD,SYNTHETIC_ML_DATASET,NORMAL,0
BRT,BRT_HUM_001,2026-03-01T14:29:00+00:00,62.30098895034252,%,GOOD,SYNTHETIC_ML_DATASET,NORMAL,0
BRT,BRT_POWER_001,2026-03-01T14:29:00+00:00,42.44189348100067,kW,GOOD,SYNTHETIC_ML_DATASET,NORMAL,0
BRT,BRT_PRESS_001,2026-03-01T14:29:00+00:00,985.2339759806764,hPa,GOOD,SYNTHETIC_ML_DATASET,NORMAL,0
BRT,BRT_TEMP_001,2026-03-01T14:29:00+00:00,-9.718174224621169,C,GOOD,SYNTHETIC_ML_DATASET,NORMAL,0
BRT,BRT_VIB_001,2026-03-01T14:29:00+00:00,0.7620667529054478,mm/s,GOOD,SYNTHETIC_ML_DATASET,NORMAL,0
BRT,BRT_HUM_001,2026-03-01T14:30:00+00:00,62.611327592994634,%,GOOD,SYNTHETIC_ML_DATASET,NORMAL,0
BRT,BRT_POWER_001,2026-03-01T14:30:00+00:00,42.814729745116146,kW,GOOD,SYNTHETIC_ML_DATASET,NORMAL,0
BRT,BRT_PRESS_001,2026-03-01T14:30:00+00:00,985.1297077700635,hPa,GOOD,SYNTHETIC_ML_DATASET,NORMAL,0
BRT,BRT_TEMP_001,2026-03-01T14:30:00+00:00,-9.861937256257857,C,GOOD,SYNTHETIC_ML_DATASET,NORMAL,0
BRT,BRT_VIB_001,2026-03-01T14:30:00+00:00,0.7567226993168115,mm/s,GOOD,SYNTHETIC_ML_DATASET,NORMAL,0
BRT,BRT_HUM_001,2026-03-01T14:31:00+00:00,62.73214877275724,%,GOOD,SYNTHETIC_ML_DATASET,NORMAL,0
BRT,BRT_POWER_001,2026-03-01T14:31:00+00:00,42.904912762672446,kW,GOOD,SYNTHETIC_ML_DATASET,NORMAL,0
BRT,BRT_PRESS_001,2026-03-01T14:31:00+00:00,985.4104082289522,hPa,GOOD,SYNTHETIC_ML_DATASET,NORMAL,0
BRT,BRT_TEMP_001,2026-03-01T14:31:00+00:00,-9.75206733011304,C,GOOD,SYNTHETIC_ML_DATASET,NORMAL,0
BRT,BRT_VIB_001,2026-03-01T14:31:00+00:00,0.7545980382554632,mm/s,GOOD,SYNTHETIC_ML_DATASET,NORMAL,0
BRT,BRT_HUM_001,2026-03-01T14:32:00+00:00,62.59757363044132,%,GOOD,SYNTHETIC_ML_DATASET,NORMAL,0
BRT,BRT_POWER_001,2026-03-01T14:32:00+00:00,43.51239939293421,kW,GOOD,SYNTHETIC_ML_DATASET,NORMAL,0
BRT,BRT_PRESS_001,2026-03-01T14:32:00+00:00,985.4296376222009,hPa,GOOD,SYNTHETIC_ML_DATASET,NORMAL,0
BRT,BRT_TEMP_001,2026-03-01T14:32:00+00:00,-9.639806317666466,C,GOOD,SYNTHETIC_ML_DATASET,NORMAL,0
BRT,BRT_VIB_001,2026-03-01T14:32:00+00:00,0.759185221439101,mm/s,GOOD,SYNTHETIC_ML_DATASET,NORMAL,0
BRT,BRT_HUM_001,2026-03-01T14:33:00+00:00,62.86307850257072,%,GOOD,SYNTHETIC_ML_DATASET,NORMAL,0
BRT,BRT_POWER_001,2026-03-01T14:33:00+00:00,43.17294390202474,kW,GOOD,SYNTHETIC_ML_DATASET,NORMAL,0
BRT,BRT_PRESS_001,2026-03-01T14:33:00+00:00,985.2991270788449,hPa,GOOD,SYNTHETIC_ML_DATASET,NORMAL,0
BRT,BRT_TEMP_001,2026-03-01T14:33:00+00:00,-9.638364965770126,C,GOOD,SYNTHETIC_ML_DATASET,NORMAL,0
BRT,BRT_VIB_001,2026-03-01T14:33:00+00:00,0.7649035680079952,mm/s,GOOD,SYNTHETIC_ML_DATASET,NORMAL,0
BRT,BRT_HUM_001,2026-03-01T14:34:00+00:00,62.64865950683648,%,GOOD,SYNTHETIC_ML_DATASET,NORMAL,0
BRT,BRT_POWER_001,2026-03-01T14:34:00+00:00,43.19475491954615,kW,GOOD,SYNTHETIC_ML_DATASET,NORMAL,0
BRT,BRT_PRESS_001,2026-03-01T14:34:00+00:00,985.4349960998115,hPa,GOOD,SYNTHETIC_ML_DATASET,NORMAL,0
BRT,BRT_TEMP_001,2026-03-01T14:34:00+00:00,-9.523497649772231,C,GOOD,SYNTHETIC_ML_DATASET,NORMAL,0
BRT,BRT_VIB_001,2026-03-01T14:34:00+00:00,0.7974644841323216,mm/s,GOOD,SYNTHETIC_ML_DATASET,NORMAL,0
BRT,BRT_HUM_001,2026-03-01T14:35:00+00:00,62.40621147427477,%,GOOD,SYNTHETIC_ML_DATASET,NORMAL,0
BRT,BRT_POWER_001,2026-03-01T14:35:00+00:00,43.093493574034234,kW,GOOD,SYNTHETIC_ML_DATASET,NORMAL,0
BRT,BRT_PRESS_001,2026-03-01T14:35:00+00:00,985.6135273013034,hPa,GOOD,SYNTHETIC_ML_DATASET,NORMAL,0
BRT,BRT_TEMP_001,2026-03-01T14:35:00+00:00,-9.865720533473583,C,GOOD,SYNTHETIC_ML_DATASET,NORMAL,0
BRT,BRT_VIB_001,2026-03-01T14:35:00+00:00,0.7778046784604308,mm/s,GOOD,SYNTHETIC_ML_DATASET,NORMAL,0
BRT,BRT_HUM_001,2026-03-01T14:36:00+00:00,62.48473441716157,%,GOOD,SYNTHETIC_ML_DATASET,NORMAL,0
BRT,BRT_POWER_001,2026-03-01T14:36:00+00:00,42.59876299892744,kW,GOOD,SYNTHETIC_ML_DATASET,NORMAL,0
BRT,BRT_PRESS_001,2026-03-01T14:36:00+00:00,985.5466073478354,hPa,GOOD,SYNTHETIC_ML_DATASET,NORMAL,0
BRT,BRT_TEMP_001,2026-03-01T14:36:00+00:00,-9.673135971504415,C,GOOD,SYNTHETIC_ML_DATASET,NORMAL,0
BRT,BRT_VIB_001,2026-03-01T14:36:00+00:00,0.8073716745603607,mm/s,GOOD,SYNTHETIC_ML_DATASET,NORMAL,0
BRT,BRT_HUM_001,2026-03-01T14:37:00+00:00,62.104450591400145,%,GOOD,SYNTHETIC_ML_DATASET,NORMAL,0
BRT,BRT_POWER_001,2026-03-01T14:37:00+00:00,43.017384695207085,kW,GOOD,SYNTHETIC_ML_DATASET,NORMAL,0
BRT,BRT_PRESS_001,2026-03-01T14:37:00+00:00,985.7547911509729,hPa,GOOD,SYNTHETIC_ML_DATASET,NORMAL,0
BRT,BRT_TEMP_001,2026-03-01T14:37:00+00:00,-9.515866356400101,C,GOOD,SYNTHETIC_ML_DATASET,NORMAL,0
BRT,BRT_VIB_001,2026-03-01T14:37:00+00:00,0.7924197380014257,mm/s,GOOD,SYNTHETIC_ML_DATASET,NORMAL,0
BRT,BRT_HUM_001,2026-03-01T14:38:00+00:00,62.52593909683567,%,GOOD,SYNTHETIC_ML_DATASET,NORMAL,0
BRT,BRT_POWER_001,2026-03-01T14:38:00+00:00,43.20588609229189,kW,GOOD,SYNTHETIC_ML_DATASET,NORMAL,0
BRT,BRT_PRESS_001,2026-03-01T14:38:00+00:00,985.803378740392,hPa,GOOD,SYNTHETIC_ML_DATASET,NORMAL,0
BRT,BRT_TEMP_001,2026-03-01T14:38:00+00:00,-9.46142201982423,C,GOOD,SYNTHETIC_ML_DATASET,NORMAL,0
BRT,BRT_VIB_001,2026-03-01T14:38:00+00:00,0.7957036280572801,mm/s,GOOD,SYNTHETIC_ML_DATASET,NORMAL,0
BRT,BRT_HUM_001,2026-03-01T14:39:00+00:00,62.2252737147409,%,GOOD,SYNTHETIC_ML_DATASET,NORMAL,0
BRT,BRT_POWER_001,2026-03-01T14:39:00+00:00,42.884034409076826,kW,GOOD,SYNTHETIC_ML_DATASET,NORMAL,0
BRT,BRT_PRESS_001,2026-03-01T14:39:00+00:00,985.7279653049334,hPa,GOOD,SYNTHETIC_ML_DATASET,NORMAL,0
BRT,BRT_TEMP_001,2026-03-01T14:39:00+00:00,-9.241237174531125,C,GOOD,SYNTHETIC_ML_DATASET,NORMAL,0
BRT,BRT_VIB_001,2026-03-01T14:39:00+00:00,0.7902406785954907,mm/s,GOOD,SYNTHETIC_ML_DATASET,NORMAL,0
BRT,BRT_HUM_001,2026-03-01T14:40:00+00:00,62.573858515815814,%,GOOD,SYNTHETIC_ML_DATASET,NORMAL,0
BRT,BRT_POWER_001,2026-03-01T14:40:00+00:00,43.127966572488056,kW,GOOD,SYNTHETIC_ML_DATASET,NORMAL,0
BRT,BRT_PRESS_001,2026-03-01T14:40:00+00:00,985.8144280663416,hPa,GOOD,SYNTHETIC_ML_DATASET,NORMAL,0
BRT,BRT_TEMP_001,2026-03-01T14:40:00+00:00,-9.137217553049231,C,GOOD,SYNTHETIC_ML_DATASET,NORMAL,0
BRT,BRT_VIB_001,2026-03-01T14:40:00+00:00,0.7818502861171122,mm/s,GOOD,SYNTHETIC_ML_DATASET,NORMAL,0
BRT,BRT_HUM_001,2026-03-01T14:41:00+00:00,62.45761246849393,%,GOOD,SYNTHETIC_ML_DATASET,NORMAL,0
BRT,BRT_POWER_001,2026-03-01T14:41:00+00:00,43.56359258224912,kW,GOOD,SYNTHETIC_ML_DATASET,NORMAL,0
BRT,BRT_PRESS_001,2026-03-01T14:41:00+00:00,985.8349133400736,hPa,GOOD,SYNTHETIC_ML_DATASET,NORMAL,0
BRT,BRT_TEMP_001,2026-03-01T14:41:00+00:00,-8.89690222503043,C,GOOD,SYNTHETIC_ML_DATASET,NORMAL,0
BRT,BRT_VIB_001,2026-03-01T14:41:00+00:00,0.8079167857002764,mm/s,GOOD,SYNTHETIC_ML_DATASET,NORMAL,0
BRT,BRT_HUM_001,2026-03-01T14:42:00+00:00,63.829769116354264,%,GOOD,SYNTHETIC_ML_DATASET,NORMAL,0
BRT,BRT_POWER_001,2026-03-01T14:42:00+00:00,44.25249131290238,kW,GOOD,SYNTHETIC_ML_DATASET,NORMAL,0
BRT,BRT_PRESS_001,2026-03-01T14:42:00+00:00,986.0342183823773,hPa,GOOD,SYNTHETIC_ML_DATASET,NORMAL,0
BRT,BRT_TEMP_001,2026-03-01T14:42:00+00:00,-8.932010429000247,C,GOOD,SYNTHETIC_ML_DATASET,NORMAL,0
BRT,BRT_VIB_001,2026-03-01T14:42:00+00:00,0.7797604168695305,mm/s,GOOD,SYNTHETIC_ML_DATASET,NORMAL,0
BRT,BRT_HUM_001,2026-03-01T14:43:00+00:00,62.99648282421971,%,GOOD,SYNTHETIC_ML_DATASET,NORMAL,0
BRT,BRT_POWER_001,2026-03-01T14:43:00+00:00,44.458686598409415,kW,GOOD,SYNTHETIC_ML_DATASET,NORMAL,0
BRT,BRT_PRESS_001,2026-03-01T14:43:00+00:00,985.9098344251652,hPa,GOOD,SYNTHETIC_ML_DATASET,NORMAL,0
BRT,BRT_TEMP_001,2026-03-01T14:43:00+00:00,-8.913268243891403,C,GOOD,SYNTHETIC_ML_DATASET,NORMAL,0
BRT,BRT_VIB_001,2026-03-01T14:43:00+00:00,0.8137326087932956,mm/s,GOOD,SYNTHETIC_ML_DATASET,NORMAL,0
BRT,BRT_HUM_001,2026-03-01T14:44:00+00:00,63.389712329243075,%,GOOD,SYNTHETIC_ML_DATASET,NORMAL,0
BRT,BRT_POWER_001,2026-03-01T14:44:00+00:00,45.13617297848996,kW,GOOD,SYNTHETIC_ML_DATASET,NORMAL,0
BRT,BRT_PRESS_001,2026-03-01T14:44:00+00:00,986.1206169798277,hPa,GOOD,SYNTHETIC_ML_DATASET,NORMAL,0
BRT,BRT_TEMP_001,2026-03-01T14:44:00+00:00,-9.043988246686045,C,GOOD,SYNTHETIC_ML_DATASET,NORMAL,0
BRT,BRT_VIB_001,2026-03-01T14:44:00+00:00,0.7918511568038709,mm/s,GOOD,SYNTHETIC_ML_DATASET,NORMAL,0
BRT,BRT_HUM_001,2026-03-01T14:45:00+00:00,63.39323561507592,%,GOOD,SYNTHETIC_ML_DATASET,NORMAL,0
BRT,BRT_POWER_001,2026-03-01T14:45:00+00:00,44.13662286554178,kW,GOOD,SYNTHETIC_ML_DATASET,NORMAL,0
BRT,BRT_PRESS_001,2026-03-01T14:45:00+00:00,986.0938302829471,hPa,GOOD,SYNTHETIC_ML_DATASET,NORMAL,0
BRT,BRT_TEMP_001,2026-03-01T14:45:00+00:00,-8.889864493763822,C,GOOD,SYNTHETIC_ML_DATASET,NORMAL,0
BRT,BRT_VIB_001,2026-03-01T14:45:00+00:00,0.7997633876787752,mm/s,GOOD,SYNTHETIC_ML_DATASET,NORMAL,0
BRT,BRT_HUM_001,2026-03-01T14:46:00+00:00,62.993597906428015,%,GOOD,SYNTHETIC_ML_DATASET,NORMAL,0
BRT,BRT_POWER_001,2026-03-01T14:46:00+00:00,44.257855097925066,kW,GOOD,SYNTHETIC_ML_DATASET,NORMAL,0
BRT,BRT_PRESS_001,2026-03-01T14:46:00+00:00,986.2519065628592,hPa,GOOD,SYNTHETIC_ML_DATASET,NORMAL,0
BRT,BRT_TEMP_001,2026-03-01T14:46:00+00:00,-8.659802494069764,C,GOOD,SYNTHETIC_ML_DATASET,NORMAL,0
BRT,BRT_VIB_001,2026-03-01T14:46:00+00:00,0.8244360773051377,mm/s,GOOD,SYNTHETIC_ML_DATASET,NORMAL,0
BRT,BRT_HUM_001,2026-03-01T14:47:00+00:00,63.16508085795958,%,GOOD,SYNTHETIC_ML_DATASET,NORMAL,0
BRT,BRT_POWER_001,2026-03-01T14:47:00+00:00,44.74011161160126,kW,GOOD,SYNTHETIC_ML_DATASET,NORMAL,0
BRT,BRT_PRESS_001,2026-03-01T14:47:00+00:00,986.3098979117417,hPa,GOOD,SYNTHETIC_ML_DATASET,NORMAL,0
BRT,BRT_TEMP_001,2026-03-01T14:47:00+00:00,-8.65522106462183,C,GOOD,SYNTHETIC_ML_DATASET,NORMAL,0
BRT,BRT_VIB_001,2026-03-01T14:47:00+00:00,0.8303503833366791,mm/s,GOOD,SYNTHETIC_ML_DATASET,NORMAL,0
BRT,BRT_HUM_001,2026-03-01T14:48:00+00:00,63.00014028826111,%,GOOD,SYNTHETIC_ML_DATASET,NORMAL,0
BRT,BRT_POWER_001,2026-03-01T14:48:00+00:00,44.74162287350532,kW,GOOD,SYNTHETIC_ML_DATASET,NORMAL,0
BRT,BRT_PRESS_001,2026-03-01T14:48:00+00:00,986.1156760474732,hPa,GOOD,SYNTHETIC_ML_DATASET,NORMAL,0
BRT,BRT_TEMP_001,2026-03-01T14:48:00+00:00,-8.861929983944313,C,GOOD,SYNTHETIC_ML_DATASET,NORMAL,0
BRT,BRT_VIB_001,2026-03-01T14:48:00+00:00,0.8217364431766699,mm/s,GOOD,SYNTHETIC_ML_DATASET,NORMAL,0
BRT,BRT_HUM_001,2026-03-01T14:49:00+00:00,63.854275166202605,%,GOOD,SYNTHETIC_ML_DATASET,NORMAL,0
BRT,BRT_POWER_001,2026-03-01T14:49:00+00:00,44.970517827334525,kW,GOOD,SYNTHETIC_ML_DATASET,NORMAL,0
BRT,BRT_PRESS_001,2026-03-01T14:49:00+00:00,986.3106019553459,hPa,GOOD,SYNTHETIC_ML_DATASET,NORMAL,0
BRT,BRT_TEMP_001,2026-03-01T14:49:00+00:00,-8.920534895121026,C,GOOD,SYNTHETIC_ML_DATASET,NORMAL,0
BRT,BRT_VIB_001,2026-03-01T14:49:00+00:00,0.8076093932558548,mm/s,GOOD,SYNTHETIC_ML_DATASET,NORMAL,0
BRT,BRT_HUM_001,2026-03-01T14:50:00+00:00,63.94372008244656,%,GOOD,SYNTHETIC_ML_DATASET,NORMAL,0
BRT,BRT_POWER_001,2026-03-01T14:50:00+00:00,45.239873215686934,kW,GOOD,SYNTHETIC_ML_DATASET,NORMAL,0
BRT,BRT_PRESS_001,2026-03-01T14:50:00+00:00,986.3521063001684,hPa,GOOD,SYNTHETIC_ML_DATASET,NORMAL,0
BRT,BRT_TEMP_001,2026-03-01T14:50:00+00:00,-8.949597783555882,C,GOOD,SYNTHETIC_ML_DATASET,NORMAL,0
BRT,BRT_VIB_001,2026-03-01T14:50:00+00:00,0.7953279397207983,mm/s,GOOD,SYNTHETIC_ML_DATASET,NORMAL,0
BRT,BRT_HUM_001,2026-03-01T14:51:00+00:00,63.68373675971538,%,GOOD,SYNTHETIC_ML_DATASET,NORMAL,0
BRT,BRT_POWER_001,2026-03-01T14:51:00+00:00,45.57274334811791,kW,GOOD,SYNTHETIC_ML_DATASET,NORMAL,0
BRT,BRT_PRESS_001,2026-03-01T14:51:00+00:00,986.4217762916658,hPa,GOOD,SYNTHETIC_ML_DATASET,NORMAL,0
BRT,BRT_TEMP_001,2026-03-01T14:51:00+00:00,-8.770567295979564,C,GOOD,SYNTHETIC_ML_DATASET,NORMAL,0
BRT,BRT_VIB_001,2026-03-01T14:51:00+00:00,0.8144196001879503,mm/s,GOOD,SYNTHETIC_ML_DATASET,NORMAL,0
BRT,BRT_HUM_001,2026-03-01T14:52:00+00:00,63.27497032563905,%,GOOD,SYNTHETIC_ML_DATASET,NORMAL,0
BRT,BRT_POWER_001,2026-03-01T14:52:00+00:00,45.2739715333819,kW,GOOD,SYNTHETIC_ML_DATASET,NORMAL,0
BRT,BRT_PRESS_001,2026-03-01T14:52:00+00:00,986.247373549445,hPa,GOOD,SYNTHETIC_ML_DATASET,NORMAL,0
BRT,BRT_TEMP_001,2026-03-01T14:52:00+00:00,-8.761976093201165,C,GOOD,SYNTHETIC_ML_DATASET,NORMAL,0
BRT,BRT_VIB_001,2026-03-01T14:52:00+00:00,0.843078605645611,mm/s,GOOD,SYNTHETIC_ML_DATASET,NORMAL,0
BRT,BRT_HUM_001,2026-03-01T14:53:00+00:00,63.22792132833349,%,GOOD,SYNTHETIC_ML_DATASET,NORMAL,0
BRT,BRT_POWER_001,2026-03-01T14:53:00+00:00,46.09226906896177,kW,GOOD,SYNTHETIC_ML_DATASET,NORMAL,0
BRT,BRT_PRESS_001,2026-03-01T14:53:00+00:00,986.4373992154938,hPa,GOOD,SYNTHETIC_ML_DATASET,NORMAL,0
BRT,BRT_TEMP_001,2026-03-01T14:53:00+00:00,-8.718076314800788,C,GOOD,SYNTHETIC_ML_DATASET,NORMAL,0
BRT,BRT_VIB_001,2026-03-01T14:53:00+00:00,0.8019684993786224,mm/s,GOOD,SYNTHETIC_ML_DATASET,NORMAL,0
BRT,BRT_HUM_001,2026-03-01T14:54:00+00:00,62.43414307209707,%,GOOD,SYNTHETIC_ML_DATASET,NORMAL,0
BRT,BRT_POWER_001,2026-03-01T14:54:00+00:00,46.238726642584815,kW,GOOD,SYNTHETIC_ML_DATASET,NORMAL,0
BRT,BRT_PRESS_001,2026-03-01T14:54:00+00:00,986.5055918065095,hPa,GOOD,SYNTHETIC_ML_DATASET,NORMAL,0
BRT,BRT_TEMP_001,2026-03-01T14:54:00+00:00,-8.650199030922117,C,GOOD,SYNTHETIC_ML_DATASET,NORMAL,0
BRT,BRT_VIB_001,2026-03-01T14:54:00+00:00,0.8036904310116241,mm/s,GOOD,SYNTHETIC_ML_DATASET,NORMAL,0
BRT,BRT_HUM_001,2026-03-01T14:55:00+00:00,62.88482042881159,%,GOOD,SYNTHETIC_ML_DATASET,NORMAL,0
BRT,BRT_POWER_001,2026-03-01T14:55:00+00:00,45.10579850821417,kW,GOOD,SYNTHETIC_ML_DATASET,NORMAL,0
BRT,BRT_PRESS_001,2026-03-01T14:55:00+00:00,986.6660084836233,hPa,GOOD,SYNTHETIC_ML_DATASET,NORMAL,0
BRT,BRT_TEMP_001,2026-03-01T14:55:00+00:00,-8.513824767363111,C,GOOD,SYNTHETIC_ML_DATASET,NORMAL,0
BRT,BRT_VIB_001,2026-03-01T14:55:00+00:00,0.8104315552432945,mm/s,GOOD,SYNTHETIC_ML_DATASET,NORMAL,0
BRT,BRT_HUM_001,2026-03-01T14:56:00+00:00,63.19857673084348,%,GOOD,SYNTHETIC_ML_DATASET,NORMAL,0
BRT,BRT_POWER_001,2026-03-01T14:56:00+00:00,45.58635931467749,kW,GOOD,SYNTHETIC_ML_DATASET,NORMAL,0
BRT,BRT_PRESS_001,2026-03-01T14:56:00+00:00,986.463956454055,hPa,GOOD,SYNTHETIC_ML_DATASET,NORMAL,0
BRT,BRT_TEMP_001,2026-03-01T14:56:00+00:00,-8.259382726990768,C,GOOD,SYNTHETIC_ML_DATASET,NORMAL,0
BRT,BRT_VIB_001,2026-03-01T14:56:00+00:00,0.8243008696206662,mm/s,GOOD,SYNTHETIC_ML_DATASET,NORMAL,0
BRT,BRT_HUM_001,2026-03-01T14:57:00+00:00,62.86577375720225,%,GOOD,SYNTHETIC_ML_DATASET,NORMAL,0
BRT,BRT_POWER_001,2026-03-01T14:57:00+00:00,45.722054607187935,kW,GOOD,SYNTHETIC_ML_DATASET,NORMAL,0
BRT,BRT_PRESS_001,2026-03-01T14:57:00+00:00,986.4389378029354,hPa,GOOD,SYNTHETIC_ML_DATASET,NORMAL,0
BRT,BRT_TEMP_001,2026-03-01T14:57:00+00:00,-8.346134217449922,C,GOOD,SYNTHETIC_ML_DATASET,NORMAL,0
BRT,BRT_VIB_001,2026-03-01T14:57:00+00:00,0.8275223554839701,mm/s,GOOD,SYNTHETIC_ML_DATASET,NORMAL,0
BRT,BRT_HUM_001,2026-03-01T14:58:00+00:00,63.68716247220125,%,GOOD,SYNTHETIC_ML_DATASET,NORMAL,0
BRT,BRT_POWER_001,2026-03-01T14:58:00+00:00,46.66462042147003,kW,GOOD,SYNTHETIC_ML_DATASET,NORMAL,0
BRT,BRT_PRESS_001,2026-03-01T14:58:00+00:00,986.5190052784461,hPa,GOOD,SYNTHETIC_ML_DATASET,NORMAL,0
BRT,BRT_TEMP_001,2026-03-01T14:58:00+00:00,-8.310164078028192,C,GOOD,SYNTHETIC_ML_DATASET,NORMAL,0
BRT,BRT_VIB_001,2026-03-01T14:58:00+00:00,0.8302280057236959,mm/s,GOOD,SYNTHETIC_ML_DATASET,NORMAL,0
BRT,BRT_HUM_001,2026-03-01T14:59:00+00:00,63.54093455228284,%,GOOD,SYNTHETIC_ML_DATASET,NORMAL,0
BRT,BRT_POWER_001,2026-03-01T14:59:00+00:00,46.26793356484673,kW,GOOD,SYNTHETIC_ML_DATASET,NORMAL,0
BRT,BRT_PRESS_001,2026-03-01T14:59:00+00:00,986.5468559032641,hPa,GOOD,SYNTHETIC_ML_DATASET,NORMAL,0
BRT,BRT_TEMP_001,2026-03-01T14:59:00+00:00,-8.19358702834444,C,GOOD,SYNTHETIC_ML_DATASET,NORMAL,0
BRT,BRT_VIB_001,2026-03-01T14:59:00+00:00,0.8453567488056514,mm/s,GOOD,SYNTHETIC_ML_DATASET,NORMAL,0
BRT,BRT_HUM_001,2026-03-01T15:00:00+00:00,63.25119200826098,%,GOOD,SYNTHETIC_ML_DATASET,NORMAL,0
BRT,BRT_POWER_001,2026-03-01T15:00:00+00:00,46.52761658350713,kW,GOOD,SYNTHETIC_ML_DATASET,NORMAL,0
BRT,BRT_PRESS_001,2026-03-01T15:00:00+00:00,986.6184326071639,hPa,GOOD,SYNTHETIC_ML_DATASET,NORMAL,0
BRT,BRT_TEMP_001,2026-03-01T15:00:00+00:00,-8.211310257505822,C,GOOD,SYNTHETIC_ML_DATASET,NORMAL,0
BRT,BRT_VIB_001,2026-03-01T15:00:00+00:00,0.8461491716451173,mm/s,GOOD,SYNTHETIC_ML_DATASET,NORMAL,0
BRT,BRT_HUM_001,2026-03-01T15:01:00+00:00,63.76055299124392,%,GOOD,SYNTHETIC_ML_DATASET,NORMAL,0
BRT,BRT_POWER_001,2026-03-01T15:01:00+00:00,46.690641296838116,kW,GOOD,SYNTHETIC_ML_DATASET,NORMAL,0
BRT,BRT_PRESS_001,2026-03-01T15:01:00+00:00,986.5167016851512,hPa,GOOD,SYNTHETIC_ML_DATASET,NORMAL,0
BRT,BRT_TEMP_001,2026-03-01T15:01:00+00:00,-8.205772055519454,C,GOOD,SYNTHETIC_ML_DATASET,NORMAL,0
BRT,BRT_VIB_001,2026-03-01T15:01:00+00:00,0.8286628778682602,mm/s,GOOD,SYNTHETIC_ML_DATASET,NORMAL,0
BRT,BRT_HUM_001,2026-03-01T15:02:00+00:00,64.11455878351865,%,GOOD,SYNTHETIC_ML_DATASET,NORMAL,0
BRT,BRT_POWER_001,2026-03-01T15:02:00+00:00,46.25904723879228,kW,GOOD,SYNTHETIC_ML_DATASET,NORMAL,0
BRT,BRT_PRESS_001,2026-03-01T15:02:00+00:00,986.7513633289471,hPa,GOOD,SYNTHETIC_ML_DATASET,NORMAL,0
BRT,BRT_TEMP_001,2026-03-01T15:02:00+00:00,-7.883157840660525,C,GOOD,SYNTHETIC_ML_DATASET,NORMAL,0
BRT,BRT_VIB_001,2026-03-01T15:02:00+00:00,0.8529630845970585,mm/s,GOOD,SYNTHETIC_ML_DATASET,NORMAL,0
BRT,BRT_HUM_001,2026-03-01T15:03:00+00:00,64.3824041041878,%,GOOD,SYNTHETIC_ML_DATASET,NORMAL,0
BRT,BRT_POWER_001,2026-03-01T15:03:00+00:00,46.18934719012347,kW,GOOD,SYNTHETIC_ML_DATASET,NORMAL,0
BRT,BRT_PRESS_001,2026-03-01T15:03:00+00:00,986.8744244887664,hPa,GOOD,SYNTHETIC_ML_DATASET,NORMAL,0
BRT,BRT_TEMP_001,2026-03-01T15:03:00+00:00,-7.818488157948025,C,GOOD,SYNTHETIC_ML_DATASET,NORMAL,0
BRT,BRT_VIB_001,2026-03-01T15:03:00+00:00,0.8384850659172968,mm/s,GOOD,SYNTHETIC_ML_DATASET,NORMAL,0
BRT,BRT_HUM_001,2026-03-01T15:04:00+00:00,63.45761042444467,%,GOOD,SYNTHETIC_ML_DATASET,NORMAL,0
BRT,BRT_POWER_001,2026-03-01T15:04:00+00:00,46.35328212954939,kW,GOOD,SYNTHETIC_ML_DATASET,NORMAL,0
BRT,BRT_PRESS_001,2026-03-01T15:04:00+00:00,986.9326950765934,hPa,GOOD,SYNTHETIC_ML_DATASET,NORMAL,0
BRT,BRT_TEMP_001,2026-03-01T15:04:00+00:00,-7.793919802521317,C,GOOD,SYNTHETIC_ML_DATASET,NORMAL,0
BRT,BRT_VIB_001,2026-03-01T15:04:00+00:00,0.8500542447289899,mm/s,GOOD,SYNTHETIC_ML_DATASET,NORMAL,0
BRT,BRT_HUM_001,2026-03-01T15:05:00+00:00,63.41819243617496,%,GOOD,SYNTHETIC_ML_DATASET,NORMAL,0
BRT,BRT_POWER_001,2026-03-01T15:05:00+00:00,46.17324900088658,kW,GOOD,SYNTHETIC_ML_DATASET,NORMAL,0
BRT,BRT_PRESS_001,2026-03-01T15:05:00+00:00,986.8325487126276,hPa,GOOD,SYNTHETIC_ML_DATASET,NORMAL,0
BRT,BRT_TEMP_001,2026-03-01T15:05:00+00:00,-7.483615939290375,C,GOOD,SYNTHETIC_ML_DATASET,NORMAL,0
BRT,BRT_VIB_001,2026-03-01T15:05:00+00:00,0.8260129496699854,mm/s,GOOD,SYNTHETIC_ML_DATASET,NORMAL,0
BRT,BRT_HUM_001,2026-03-01T15:06:00+00:00,63.86199996151428,%,GOOD,SYNTHETIC_ML_DATASET,NORMAL,0
BRT,BRT_POWER_001,2026-03-01T15:06:00+00:00,46.16562008180907,kW,GOOD,SYNTHETIC_ML_DATASET,NORMAL,0
BRT,BRT_PRESS_001,2026-03-01T15:06:00+00:00,986.8109550824199,hPa,GOOD,SYNTHETIC_ML_DATASET,NORMAL,0
BRT,BRT_TEMP_001,2026-03-01T15:06:00+00:00,-7.331067480465309,C,GOOD,SYNTHETIC_ML_DATASET,NORMAL,0
BRT,BRT_VIB_001,2026-03-01T15:06:00+00:00,0.8263541029062177,mm/s,GOOD,SYNTHETIC_ML_DATASET,NORMAL,0
BRT,BRT_HUM_001,2026-03-01T15:07:00+00:00,63.35603257227088,%,GOOD,SYNTHETIC_ML_DATASET,NORMAL,0
BRT,BRT_POWER_001,2026-03-01T15:07:00+00:00,45.75170429212149,kW,GOOD,SYNTHETIC_ML_DATASET,NORMAL,0
BRT,BRT_PRESS_001,2026-03-01T15:07:00+00:00,987.0474546621407,hPa,GOOD,SYNTHETIC_ML_DATASET,NORMAL,0
BRT,BRT_TEMP_001,2026-03-01T15:07:00+00:00,-7.511351684547979,C,GOOD,SYNTHETIC_ML_DATASET,NORMAL,0
BRT,BRT_VIB_001,2026-03-01T15:07:00+00:00,0.8242282667219271,mm/s,GOOD,SYNTHETIC_ML_DATASET,NORMAL,0
BRT,BRT_HUM_001,2026-03-01T15:08:00+00:00,64.28251611078161,%,GOOD,SYNTHETIC_ML_DATASET,NORMAL,0
BRT,BRT_POWER_001,2026-03-01T15:08:00+00:00,46.87594126053186,kW,GOOD,SYNTHETIC_ML_DATASET,NORMAL,0
BRT,BRT_PRESS_001,2026-03-01T15:08:00+00:00,986.9460890721969,hPa,GOOD,SYNTHETIC_ML_DATASET,NORMAL,0
BRT,BRT_TEMP_001,2026-03-01T15:08:00+00:00,-7.57153655785723,C,GOOD,SYNTHETIC_ML_DATASET,NORMAL,0
BRT,BRT_VIB_001,2026-03-01T15:08:00+00:00,0.8415520864326227,mm/s,GOOD,SYNTHETIC_ML_DATASET,NORMAL,0
BRT,BRT_HUM_001,2026-03-01T15:09:00+00:00,64.27533196691799,%,GOOD,SYNTHETIC_ML_DATASET,NORMAL,0
BRT,BRT_POWER_001,2026-03-01T15:09:00+00:00,46.22773974270542,kW,GOOD,SYNTHETIC_ML_DATASET,NORMAL,0
BRT,BRT_PRESS_001,2026-03-01T15:09:00+00:00,987.159743407221,hPa,GOOD,SYNTHETIC_ML_DATASET,NORMAL,0
BRT,BRT_TEMP_001,2026-03-01T15:09:00+00:00,-7.430594852228241,C,GOOD,SYNTHETIC_ML_DATASET,NORMAL,0
BRT,BRT_VIB_001,2026-03-01T15:09:00+00:00,0.786517795732537,mm/s,GOOD,SYNTHETIC_ML_DATASET,NORMAL,0
BRT,BRT_HUM_001,2026-03-01T15:10:00+00:00,64.80375809086705,%,GOOD,SYNTHETIC_ML_DATASET,NORMAL,0
BRT,BRT_POWER_001,2026-03-01T15:10:00+00:00,45.79786394970904,kW,GOOD,SYNTHETIC_ML_DATASET,NORMAL,0
BRT,BRT_PRESS_001,2026-03-01T15:10:00+00:00,987.183947132705,hPa,GOOD,SYNTHETIC_ML_DATASET,NORMAL,0
BRT,BRT_TEMP_001,2026-03-01T15:10:00+00:00,-7.547427868858557,C,GOOD,SYNTHETIC_ML_DATASET,NORMAL,0
BRT,BRT_VIB_001,2026-03-01T15:10:00+00:00,0.7984610423311645,mm/s,GOOD,SYNTHETIC_ML_DATASET,NORMAL,0
BRT,BRT_HUM_001,2026-03-01T15:11:00+00:00,64.81139502685771,%,GOOD,SYNTHETIC_ML_DATASET,NORMAL,0
BRT,BRT_POWER_001,2026-03-01T15:11:00+00:00,45.993524340769916,kW,GOOD,SYNTHETIC_ML_DATASET,NORMAL,0
BRT,BRT_PRESS_001,2026-03-01T15:11:00+00:00,987.2090037623162,hPa,GOOD,SYNTHETIC_ML_DATASET,NORMAL,0
BRT,BRT_TEMP_001,2026-03-01T15:11:00+00:00,-7.198339660924048,C,GOOD,SYNTHETIC_ML_DATASET,NORMAL,0
BRT,BRT_VIB_001,2026-03-01T15:11:00+00:00,0.820188001320004,mm/s,GOOD,SYNTHETIC_ML_DATASET,NORMAL,0
BRT,BRT_HUM_001,2026-03-01T15:12:00+00:00,64.77281807764643,%,GOOD,SYNTHETIC_ML_DATASET,NORMAL,0
BRT,BRT_POWER_001,2026-03-01T15:12:00+00:00,46.73126147263992,kW,GOOD,SYNTHETIC_ML_DATASET,NORMAL,0
BRT,BRT_PRESS_001,2026-03-01T15:12:00+00:00,987.0993646340745,hPa,GOOD,SYNTHETIC_ML_DATASET,NORMAL,0
BRT,BRT_TEMP_001,2026-03-01T15:12:00+00:00,-7.286309586116211,C,GOOD,SYNTHETIC_ML_DATASET,NORMAL,0
BRT,BRT_VIB_001,2026-03-01T15:12:00+00:00,0.8102705680747888,mm/s,GOOD,SYNTHETIC_ML_DATASET,NORMAL,0
BRT,BRT_HUM_001,2026-03-01T15:13:00+00:00,64.76894271517024,%,GOOD,SYNTHETIC_ML_DATASET,NORMAL,0
BRT,BRT_POWER_001,2026-03-01T15:13:00+00:00,46.44702173313995,kW,GOOD,SYNTHETIC_ML_DATASET,NORMAL,0
BRT,BRT_PRESS_001,2026-03-01T15:13:00+00:00,987.153848173026,hPa,GOOD,SYNTHETIC_ML_DATASET,NORMAL,0
BRT,BRT_TEMP_001,2026-03-01T15:13:00+00:00,-7.525833505068787,C,GOOD,SYNTHETIC_ML_DATASET,NORMAL,0
BRT,BRT_VIB_001,2026-03-01T15:13:00+00:00,0.8234857331196133,mm/s,GOOD,SYNTHETIC_ML_DATASET,NORMAL,0
BRT,BRT_HUM_001,2026-03-01T15:14:00+00:00,64.44300758345123,%,GOOD,SYNTHETIC_ML_DATASET,NORMAL,0
BRT,BRT_POWER_001,2026-03-01T15:14:00+00:00,47.343169641828155,kW,GOOD,SYNTHETIC_ML_DATASET,NORMAL,0
BRT,BRT_PRESS_001,2026-03-01T15:14:00+00:00,987.1087337468223,hPa,GOOD,SYNTHETIC_ML_DATASET,NORMAL,0
BRT,BRT_TEMP_001,2026-03-01T15:14:00+00:00,-7.107157116110952,C,GOOD,SYNTHETIC_ML_DATASET,NORMAL,0
BRT,BRT_VIB_001,2026-03-01T15:14:00+00:00,0.8023358052034328,mm/s,GOOD,SYNTHETIC_ML_DATASET,NORMAL,0
BRT,BRT_HUM_001,2026-03-01T15:15:00+00:00,64.45150852284056,%,GOOD,SYNTHETIC_ML_DATASET,NORMAL,0
BRT,BRT_POWER_001,2026-03-01T15:15:00+00:00,46.615555564434274,kW,GOOD,SYNTHETIC_ML_DATASET,NORMAL,0
BRT,BRT_PRESS_001,2026-03-01T15:15:00+00:00,987.1810499116029,hPa,GOOD,SYNTHETIC_ML_DATASET,NORMAL,0
BRT,BRT_TEMP_001,2026-03-01T15:15:00+00:00,-6.785090568564199,C,GOOD,SYNTHETIC_ML_DATASET,NORMAL,0
BRT,BRT_VIB_001,2026-03-01T15:15:00+00:00,0.8021533066680349,mm/s,GOOD,SYNTHETIC_ML_DATASET,NORMAL,0
BRT,BRT_HUM_001,2026-03-01T15:16:00+00:00,64.5580351588916,%,GOOD,SYNTHETIC_ML_DATASET,NORMAL,0
BRT,BRT_POWER_001,2026-03-01T15:16:00+00:00,46.8185690835928,kW,GOOD,SYNTHETIC_ML_DATASET,NORMAL,0
BRT,BRT_PRESS_001,2026-03-01T15:16:00+00:00,987.1902981157417,hPa,GOOD,SYNTHETIC_ML_DATASET,NORMAL,0
BRT,BRT_TEMP_001,2026-03-01T15:16:00+00:00,-6.649817126662092,C,GOOD,SYNTHETIC_ML_DATASET,NORMAL,0
BRT,BRT_VIB_001,2026-03-01T15:16:00+00:00,0.8084515886496321,mm/s,GOOD,SYNTHETIC_ML_DATASET,NORMAL,0
BRT,BRT_HUM_001,2026-03-01T15:17:00+00:00,65.42627543372971,%,GOOD,SYNTHETIC_ML_DATASET,NORMAL,0
BRT,BRT_POWER_001,2026-03-01T15:17:00+00:00,46.69462103340078,kW,GOOD,SYNTHETIC_ML_DATASET,NORMAL,0
BRT,BRT_PRESS_001,2026-03-01T15:17:00+00:00,987.2994748762968,hPa,GOOD,SYNTHETIC_ML_DATASET,NORMAL,0
BRT,BRT_TEMP_001,2026-03-01T15:17:00+00:00,-6.542564548753361,C,GOOD,SYNTHETIC_ML_DATASET,NORMAL,0
BRT,BRT_VIB_001,2026-03-01T15:17:00+00:00,0.8269120828336468,mm/s,GOOD,SYNTHETIC_ML_DATASET,NORMAL,0
BRT,BRT_HUM_001,2026-03-01T15:18:00+00:00,65.45470237224308,%,GOOD,SYNTHETIC_ML_DATASET,NORMAL,0
BRT,BRT_POWER_001,2026-03-01T15:18:00+00:00,46.52105506128116,kW,GOOD,SYNTHETIC_ML_DATASET,NORMAL,0
BRT,BRT_PRESS_001,2026-03-01T15:18:00+00:00,987.2658910283642,hPa,GOOD,SYNTHETIC_ML_DATASET,NORMAL,0
BRT,BRT_TEMP_001,2026-03-01T15:18:00+00:00,-6.687261991697862,C,GOOD,SYNTHETIC_ML_DATASET,NORMAL,0
BRT,BRT_VIB_001,2026-03-01T15:18:00+00:00,0.8349961865698313,mm/s,GOOD,SYNTHETIC_ML_DATASET,NORMAL,0
BRT,BRT_HUM_001,2026-03-01T15:19:00+00:00,65.31270188318516,%,GOOD,SYNTHETIC_ML_DATASET,NORMAL,0
BRT,BRT_POWER_001,2026-03-01T15:19:00+00:00,46.956240964461195,kW,GOOD,SYNTHETIC_ML_DATASET,NORMAL,0
BRT,BRT_PRESS_001,2026-03-01T15:19:00+00:00,987.4048056797277,hPa,GOOD,SYNTHETIC_ML_DATASET,NORMAL,0
BRT,BRT_TEMP_001,2026-03-01T15:19:00+00:00,-6.641457451425173,C,GOOD,SYNTHETIC_ML_DATASET,NORMAL,0
BRT,BRT_VIB_001,2026-03-01T15:19:00+00:00,0.8375119011502462,mm/s,GOOD,SYNTHETIC_ML_DATASET,NORMAL,0
BRT,BRT_HUM_001,2026-03-01T15:20:00+00:00,64.84218128298006,%,GOOD,SYNTHETIC_ML_DATASET,NORMAL,0
BRT,BRT_POWER_001,2026-03-01T15:20:00+00:00,47.357304810341425,kW,GOOD,SYNTHETIC_ML_DATASET,NORMAL,0
BRT,BRT_PRESS_001,2026-03-01T15:20:00+00:00,987.5084645076461,hPa,GOOD,SYNTHETIC_ML_DATASET,NORMAL,0
BRT,BRT_TEMP_001,2026-03-01T15:20:00+00:00,-6.815963086037512,C,GOOD,SYNTHETIC_ML_DATASET,NORMAL,0
BRT,BRT_VIB_001,2026-03-01T15:20:00+00:00,0.842872493020736,mm/s,GOOD,SYNTHETIC_ML_DATASET,NORMAL,0
BRT,BRT_HUM_001,2026-03-01T15:21:00+00:00,65.18498033860395,%,GOOD,SYNTHETIC_ML_DATASET,NORMAL,0
BRT,BRT_POWER_001,2026-03-01T15:21:00+00:00,47.747488769600956,kW,GOOD,SYNTHETIC_ML_DATASET,NORMAL,0
BRT,BRT_PRESS_001,2026-03-01T15:21:00+00:00,987.2664942355873,hPa,GOOD,SYNTHETIC_ML_DATASET,NORMAL,0
BRT,BRT_TEMP_001,2026-03-01T15:21:00+00:00,-6.771034791693508,C,GOOD,SYNTHETIC_ML_DATASET,NORMAL,0
BRT,BRT_VIB_001,2026-03-01T15:21:00+00:00,0.8576322333789452,mm/s,GOOD,SYNTHETIC_ML_DATASET,NORMAL,0
BRT,BRT_HUM_001,2026-03-01T15:22:00+00:00,64.8442504624346,%,GOOD,SYNTHETIC_ML_DATASET,NORMAL,0
BRT,BRT_POWER_001,2026-03-01T15:22:00+00:00,46.74195297650762,kW,GOOD,SYNTHETIC_ML_DATASET,NORMAL,0
BRT,BRT_PRESS_001,2026-03-01T15:22:00+00:00,987.4367302134708,hPa,GOOD,SYNTHETIC_ML_DATASET,NORMAL,0
BRT,BRT_TEMP_001,2026-03-01T15:22:00+00:00,-6.887880798709308,C,GOOD,SYNTHETIC_ML_DATASET,NORMAL,0
BRT,BRT_VIB_001,2026-03-01T15:22:00+00:00,0.8500671889673636,mm/s,GOOD,SYNTHETIC_ML_DATASET,NORMAL,0
BRT,BRT_HUM_001,2026-03-01T15:23:00+00:00,64.82423459418673,%,GOOD,SYNTHETIC_ML_DATASET,NORMAL,0
BRT,BRT_POWER_001,2026-03-01T15:23:00+00:00,46.57668896379073,kW,GOOD,SYNTHETIC_ML_DATASET,NORMAL,0
BRT,BRT_PRESS_001,2026-03-01T15:23:00+00:00,987.4935637273636,hPa,GOOD,SYNTHETIC_ML_DATASET,NORMAL,0
BRT,BRT_TEMP_001,2026-03-01T15:23:00+00:00,-6.8486424686578955,C,GOOD,SYNTHETIC_ML_DATASET,NORMAL,0
BRT,BRT_VIB_001,2026-03-01T15:23:00+00:00,0.8284631765999652,mm/s,GOOD,SYNTHETIC_ML_DATASET,NORMAL,0
BRT,BRT_HUM_001,2026-03-01T15:24:00+00:00,63.8722411655125,%,GOOD,SYNTHETIC_ML_DATASET,NORMAL,0
BRT,BRT_POWER_001,2026-03-01T15:24:00+00:00,46.67069745072249,kW,GOOD,SYNTHETIC_ML_DATASET,NORMAL,0
BRT,BRT_PRESS_001,2026-03-01T15:24:00+00:00,987.6154258045957,hPa,GOOD,SYNTHETIC_ML_DATASET,NORMAL,0
BRT,BRT_TEMP_001,2026-03-01T15:24:00+00:00,-6.839921990578515,C,GOOD,SYNTHETIC_ML_DATASET,NORMAL,0
BRT,BRT_VIB_001,2026-03-01T15:24:00+00:00,0.8361670529852347,mm/s,GOOD,SYNTHETIC_ML_DATASET,NORMAL,0
BRT,BRT_HUM_001,2026-03-01T15:25:00+00:00,63.66913347321438,%,GOOD,SYNTHETIC_ML_DATASET,NORMAL,0
BRT,BRT_POWER_001,2026-03-01T15:25:00+00:00,46.36268412826602,kW,GOOD,SYNTHETIC_ML_DATASET,NORMAL,0
BRT,BRT_PRESS_001,2026-03-01T15:25:00+00:00,987.449553250844,hPa,GOOD,SYNTHETIC_ML_DATASET,NORMAL,0
BRT,BRT_TEMP_001,2026-03-01T15:25:00+00:00,-6.47181543124468,C,GOOD,SYNTHETIC_ML_DATASET,NORMAL,0
BRT,BRT_VIB_001,2026-03-01T15:25:00+00:00,0.8310496286093213,mm/s,GOOD,SYNTHETIC_ML_DATASET,NORMAL,0
BRT,BRT_HUM_001,2026-03-01T15:26:00+00:00,64.44195551951574,%,GOOD,SYNTHETIC_ML_DATASET,NORMAL,0
BRT,BRT_POWER_001,2026-03-01T15:26:00+00:00,46.02605514053908,kW,GOOD,SYNTHETIC_ML_DATASET,NORMAL,0
BRT,BRT_PRESS_001,2026-03-01T15:26:00+00:00,987.4368547866552,hPa,GOOD,SYNTHETIC_ML_DATASET,NORMAL,0
BRT,BRT_TEMP_001,2026-03-01T15:26:00+00:00,-6.482354895144695,C,GOOD,SYNTHETIC_ML_DATASET,NORMAL,0
BRT,BRT_VIB_001,2026-03-01T15:26:00+00:00,0.8574489377266021,mm/s,GOOD,SYNTHETIC_ML_DATASET,NORMAL,0
BRT,BRT_HUM_001,2026-03-01T15:27:00+00:00,64.39350921246417,%,GOOD,SYNTHETIC_ML_DATASET,NORMAL,0
BRT,BRT_POWER_001,2026-03-01T15:27:00+00:00,46.75538554813285,kW,GOOD,SYNTHETIC_ML_DATASET,NORMAL,0
BRT,BRT_PRESS_001,2026-03-01T15:27:00+00:00,987.3910911372423,hPa,GOOD,SYNTHETIC_ML_DATASET,NORMAL,0
BRT,BRT_TEMP_001,2026-03-01T15:27:00+00:00,-6.483716570567661,C,GOOD,SYNTHETIC_ML_DATASET,NORMAL,0
BRT,BRT_VIB_001,2026-03-01T15:27:00+00:00,0.8525474204951186,mm/s,GOOD,SYNTHETIC_ML_DATASET,NORMAL,0
BRT,BRT_HUM_001,2026-03-01T15:28:00+00:00,64.6947131371238,%,GOOD,SYNTHETIC_ML_DATASET,NORMAL,0
BRT,BRT_POWER_001,2026-03-01T15:28:00+00:00,46.576346524851125,kW,GOOD,SYNTHETIC_ML_DATASET,NORMAL,0
BRT,BRT_PRESS_001,2026-03-01T15:28:00+00:00,987.3975721839736,hPa,GOOD,SYNTHETIC_ML_DATASET,NORMAL,0
BRT,BRT_TEMP_001,2026-03-01T15:28:00+00:00,-6.664979503240847,C,GOOD,SYNTHETIC_ML_DATASET,NORMAL,0
BRT,BRT_VIB_001,2026-03-01T15:28:00+00:00,0.8732352758402137,mm/s,GOOD,SYNTHETIC_ML_DATASET,NORMAL,0
BRT,BRT_HUM_001,2026-03-01T15:29:00+00:00,64.85655634458094,%,GOOD,SYNTHETIC_ML_DATASET,NORMAL,0
BRT,BRT_POWER_001,2026-03-01T15:29:00+00:00,46.80976734287226,kW,GOOD,SYNTHETIC_ML_DATASET,NORMAL,0
BRT,BRT_PRESS_001,2026-03-01T15:29:00+00:00,987.4637656440697,hPa,GOOD,SYNTHETIC_ML_DATASET,NORMAL,0
BRT,BRT_TEMP_001,2026-03-01T15:29:00+00:00,-6.537876184344792,C,GOOD,SYNTHETIC_ML_DATASET,NORMAL,0
BRT,BRT_VIB_001,2026-03-01T15:29:00+00:00,0.8732505804151585,mm/s,GOOD,SYNTHETIC_ML_DATASET,NORMAL,0
BRT,BRT_HUM_001,2026-03-01T15:30:00+00:00,65.19083296732984,%,GOOD,SYNTHETIC_ML_DATASET,NORMAL,0
BRT,BRT_POWER_001,2026-03-01T15:30:00+00:00,46.51557560545999,kW,GOOD,SYNTHETIC_ML_DATASET,NORMAL,0
BRT,BRT_PRESS_001,2026-03-01T15:30:00+00:00,987.4888376557926,hPa,GOOD,SYNTHETIC_ML_DATASET,NORMAL,0
BRT,BRT_TEMP_001,2026-03-01T15:30:00+00:00,-6.57391996743782,C,GOOD,SYNTHETIC_ML_DATASET,NORMAL,0
BRT,BRT_VIB_001,2026-03-01T15:30:00+00:00,0.9031889140300337,mm/s,GOOD,SYNTHETIC_ML_DATASET,NORMAL,0
BRT,BRT_HUM_001,2026-03-01T15:31:00+00:00,65.00075669332703,%,GOOD,SYNTHETIC_ML_DATASET,NORMAL,0
BRT,BRT_POWER_001,2026-03-01T15:31:00+00:00,45.99925796906924,kW,GOOD,SYNTHETIC_ML_DATASET,NORMAL,0
BRT,BRT_PRESS_001,2026-03-01T15:31:00+00:00,987.2545882072494,hPa,GOOD,SYNTHETIC_ML_DATASET,NORMAL,0
BRT,BRT_TEMP_001,2026-03-01T15:31:00+00:00,-6.3548431323097265,C,GOOD,SYNTHETIC_ML_DATASET,NORMAL,0
BRT,BRT_VIB_001,2026-03-01T15:31:00+00:00,0.8974970620625985,mm/s,GOOD,SYNTHETIC_ML_DATASET,NORMAL,0
BRT,BRT_HUM_001,2026-03-01T15:32:00+00:00,65.19386845317582,%,GOOD,SYNTHETIC_ML_DATASET,NORMAL,0
BRT,BRT_POWER_001,2026-03-01T15:32:00+00:00,47.12969253567066,kW,GOOD,SYNTHETIC_ML_DATASET,NORMAL,0
BRT,BRT_PRESS_001,2026-03-01T15:32:00+00:00,987.3245198234874,hPa,GOOD,SYNTHETIC_ML_DATASET,NORMAL,0
BRT,BRT_TEMP_001,2026-03-01T15:32:00+00:00,-6.209537455741655,C,GOOD,SYNTHETIC_ML_DATASET,NORMAL,0
BRT,BRT_VIB_001,2026-03-01T15:32:00+00:00,0.9015371709839964,mm/s,GOOD,SYNTHETIC_ML_DATASET,NORMAL,0
BRT,BRT_HUM_001,2026-03-01T15:33:00+00:00,64.7735561038055,%,GOOD,SYNTHETIC_ML_DATASET,NORMAL,0
BRT,BRT_POWER_001,2026-03-01T15:33:00+00:00,47.04396853587123,kW,GOOD,SYNTHETIC_ML_DATASET,NORMAL,0
BRT,BRT_PRESS_001,2026-03-01T15:33:00+00:00,987.4347487203102,hPa,GOOD,SYNTHETIC_ML_DATASET,NORMAL,0
BRT,BRT_TEMP_001,2026-03-01T15:33:00+00:00,-6.0711855920456905,C,GOOD,SYNTHETIC_ML_DATASET,NORMAL,0
BRT,BRT_VIB_001,2026-03-01T15:33:00+00:00,0.9120813472066066,mm/s,GOOD,SYNTHETIC_ML_DATASET,NORMAL,0
BRT,BRT_HUM_001,2026-03-01T15:34:00+00:00,65.00956129319512,%,GOOD,SYNTHETIC_ML_DATASET,NORMAL,0
BRT,BRT_POWER_001,2026-03-01T15:34:00+00:00,46.521888609731555,kW,GOOD,SYNTHETIC_ML_DATASET,NORMAL,0
BRT,BRT_PRESS_001,2026-03-01T15:34:00+00:00,987.3028024334449,hPa,GOOD,SYNTHETIC_ML_DATASET,NORMAL,0
BRT,BRT_TEMP_001,2026-03-01T15:34:00+00:00,-6.244507306043826,C,GOOD,SYNTHETIC_ML_DATASET,NORMAL,0
BRT,BRT_VIB_001,2026-03-01T15:34:00+00:00,0.9120841559053431,mm/s,GOOD,SYNTHETIC_ML_DATASET,NORMAL,0
BRT,BRT_HUM_001,2026-03-01T15:35:00+00:00,65.58741981788171,%,GOOD,SYNTHETIC_ML_DATASET,NORMAL,0
BRT,BRT_POWER_001,2026-03-01T15:35:00+00:00,47.19542534272555,kW,GOOD,SYNTHETIC_ML_DATASET,NORMAL,0
BRT,BRT_PRESS_001,2026-03-01T15:35:00+00:00,987.4063021649905,hPa,GOOD,SYNTHETIC_ML_DATASET,NORMAL,0
BRT,BRT_TEMP_001,2026-03-01T15:35:00+00:00,-6.412042236626363,C,GOOD,SYNTHETIC_ML_DATASET,NORMAL,0
BRT,BRT_VIB_001,2026-03-01T15:35:00+00:00,0.8840266224099361,mm/s,GOOD,SYNTHETIC_ML_DATASET,NORMAL,0
BRT,BRT_HUM_001,2026-03-01T15:36:00+00:00,65.37493414902443,%,GOOD,SYNTHETIC_ML_DATASET,NORMAL,0
BRT,BRT_POWER_001,2026-03-01T15:36:00+00:00,46.75997324906565,kW,GOOD,SYNTHETIC_ML_DATASET,NORMAL,0
BRT,BRT_PRESS_001,2026-03-01T15:36:00+00:00,987.2697116819119,hPa,GOOD,SYNTHETIC_ML_DATASET,NORMAL,0
BRT,BRT_TEMP_001,2026-03-01T15:36:00+00:00,-6.435718633535397,C,GOOD,SYNTHETIC_ML_DATASET,NORMAL,0
BRT,BRT_VIB_001,2026-03-01T15:36:00+00:00,0.9109286510699525,mm/s,GOOD,SYNTHETIC_ML_DATASET,NORMAL,0
BRT,BRT_HUM_001,2026-03-01T15:37:00+00:00,64.9431025431237,%,GOOD,SYNTHETIC_ML_DATASET,NORMAL,0
BRT,BRT_POWER_001,2026-03-01T15:37:00+00:00,46.930685738066536,kW,GOOD,SYNTHETIC_ML_DATASET,NORMAL,0
BRT,BRT_PRESS_001,2026-03-01T15:37:00+00:00,987.1693029180849,hPa,GOOD,SYNTHETIC_ML_DATASET,NORMAL,0
BRT,BRT_TEMP_001,2026-03-01T15:37:00+00:00,-6.12247217624921,C,GOOD,SYNTHETIC_ML_DATASET,NORMAL,0
BRT,BRT_VIB_001,2026-03-01T15:37:00+00:00,0.8775084632954965,mm/s,GOOD,SYNTHETIC_ML_DATASET,NORMAL,0
BRT,BRT_HUM_001,2026-03-01T15:38:00+00:00,65.21560596954606,%,GOOD,SYNTHETIC_ML_DATASET,NORMAL,0
BRT,BRT_POWER_001,2026-03-01T15:38:00+00:00,46.985840271393556,kW,GOOD,SYNTHETIC_ML_DATASET,NORMAL,0
BRT,BRT_PRESS_001,2026-03-01T15:38:00+00:00,987.2716949455167,hPa,GOOD,SYNTHETIC_ML_DATASET,NORMAL,0
BRT,BRT_TEMP_001,2026-03-01T15:38:00+00:00,-6.239746004241531,C,GOOD,SYNTHETIC_ML_DATASET,NORMAL,0
BRT,BRT_VIB_001,2026-03-01T15:38:00+00:00,0.8690075575391365,mm/s,GOOD,SYNTHETIC_ML_DATASET,NORMAL,0
BRT,BRT_HUM_001,2026-03-01T15:39:00+00:00,65.34164241197836,%,GOOD,SYNTHETIC_ML_DATASET,NORMAL,0
BRT,BRT_POWER_001,2026-03-01T15:39:00+00:00,46.70516897117479,kW,GOOD,SYNTHETIC_ML_DATASET,NORMAL,0
BRT,BRT_PRESS_001,2026-03-01T15:39:00+00:00,987.2101619306675,hPa,GOOD,SYNTHETIC_ML_DATASET,NORMAL,0
BRT,BRT_TEMP_001,2026-03-01T15:39:00+00:00,-6.214769127970839,C,GOOD,SYNTHETIC_ML_DATASET,NORMAL,0
BRT,BRT_VIB_001,2026-03-01T15:39:00+00:00,0.8735482583052687,mm/s,GOOD,SYNTHETIC_ML_DATASET,NORMAL,0
BRT,BRT_HUM_001,2026-03-01T15:40:00+00:00,66.56345971172291,%,GOOD,SYNTHETIC_ML_DATASET,NORMAL,0
BRT,BRT_POWER_001,2026-03-01T15:40:00+00:00,47.071690636316724,kW,GOOD,SYNTHETIC_ML_DATASET,NORMAL,0
BRT,BRT_PRESS_001,2026-03-01T15:40:00+00:00,987.5832922938523,hPa,GOOD,SYNTHETIC_ML_DATASET,NORMAL,0
BRT,BRT_TEMP_001,2026-03-01T15:40:00+00:00,-5.968043501170594,C,GOOD,SYNTHETIC_ML_DATASET,NORMAL,0
BRT,BRT_VIB_001,2026-03-01T15:40:00+00:00,0.850731608479526,mm/s,GOOD,SYNTHETIC_ML_DATASET,NORMAL,0
BRT,BRT_HUM_001,2026-03-01T15:41:00+00:00,65.28143016492088,%,GOOD,SYNTHETIC_ML_DATASET,NORMAL,0
BRT,BRT_POWER_001,2026-03-01T15:41:00+00:00,47.36568660151247,kW,GOOD,SYNTHETIC_ML_DATASET,NORMAL,0
BRT,BRT_PRESS_001,2026-03-01T15:41:00+00:00,987.3876596441864,hPa,GOOD,SYNTHETIC_ML_DATASET,NORMAL,0
BRT,BRT_TEMP_001,2026-03-01T15:41:00+00:00,-5.950772155933576,C,GOOD,SYNTHETIC_ML_DATASET,NORMAL,0
BRT,BRT_VIB_001,2026-03-01T15:41:00+00:00,0.8738973921385697,mm/s,GOOD,SYNTHETIC_ML_DATASET,NORMAL,0
BRT,BRT_HUM_001,2026-03-01T15:42:00+00:00,65.44163333274159,%,GOOD,SYNTHETIC_ML_DATASET,NORMAL,0
BRT,BRT_POWER_001,2026-03-01T15:42:00+00:00,47.7302112630494,kW,GOOD,SYNTHETIC_ML_DATASET,NORMAL,0
BRT,BRT_PRESS_001,2026-03-01T15:42:00+00:00,987.4347984281573,hPa,GOOD,SYNTHETIC_ML_DATASET,NORMAL,0
BRT,BRT_TEMP_001,2026-03-01T15:42:00+00:00,-6.066073889948453,C,GOOD,SYNTHETIC_ML_DATASET,NORMAL,0
BRT,BRT_VIB_001,2026-03-01T15:42:00+00:00,0.8483918174644046,mm/s,GOOD,SYNTHETIC_ML_DATASET,NORMAL,0
BRT,BRT_HUM_001,2026-03-01T15:43:00+00:00,65.98516533358094,%,GOOD,SYNTHETIC_ML_DATASET,NORMAL,0
BRT,BRT_POWER_001,2026-03-01T15:43:00+00:00,47.26444188202237,kW,GOOD,SYNTHETIC_ML_DATASET,NORMAL,0
BRT,BRT_PRESS_001,2026-03-01T15:43:00+00:00,987.3976688761073,hPa,GOOD,SYNTHETIC_ML_DATASET,NORMAL,0
BRT,BRT_TEMP_001,2026-03-01T15:43:00+00:00,-6.020866504750584,C,GOOD,SYNTHETIC_ML_DATASET,NORMAL,0
BRT,BRT_VIB_001,2026-03-01T15:43:00+00:00,0.8558694492638009,mm/s,GOOD,SYNTHETIC_ML_DATASET,NORMAL,0
BRT,BRT_HUM_001,2026-03-01T15:44:00+00:00,65.62799034161289,%,GOOD,SYNTHETIC_ML_DATASET,NORMAL,0
BRT,BRT_POWER_001,2026-03-01T15:44:00+00:00,47.65363729890977,kW,GOOD,SYNTHETIC_ML_DATASET,NORMAL,0
BRT,BRT_PRESS_001,2026-03-01T15:44:00+00:00,987.2939927182912,hPa,GOOD,SYNTHETIC_ML_DATASET,NORMAL,0
BRT,BRT_TEMP_001,2026-03-01T15:44:00+00:00,-6.016796024947145,C,GOOD,SYNTHETIC_ML_DATASET,NORMAL,0
BRT,BRT_VIB_001,2026-03-01T15:44:00+00:00,0.8480924217656174,mm/s,GOOD,SYNTHETIC_ML_DATASET,NORMAL,0
BRT,BRT_HUM_001,2026-03-01T15:45:00+00:00,65.83523783966338,%,GOOD,SYNTHETIC_ML_DATASET,NORMAL,0
BRT,BRT_POWER_001,2026-03-01T15:45:00+00:00,48.048609512335794,kW,GOOD,SYNTHETIC_ML_DATASET,NORMAL,0
BRT,BRT_PRESS_001,2026-03-01T15:45:00+00:00,987.433641424507,hPa,GOOD,SYNTHETIC_ML_DATASET,NORMAL,0
BRT,BRT_TEMP_001,2026-03-01T15:45:00+00:00,-6.053984360276901,C,GOOD,SYNTHETIC_ML_DATASET,NORMAL,0
BRT,BRT_VIB_001,2026-03-01T15:45:00+00:00,0.8705177236635506,mm/s,GOOD,SYNTHETIC_ML_DATASET,NORMAL,0
BRT,BRT_HUM_001,2026-03-01T15:46:00+00:00,65.33184216377897,%,GOOD,SYNTHETIC_ML_DATASET,NORMAL,0
BRT,BRT_POWER_001,2026-03-01T15:46:00+00:00,47.89662145706976,kW,GOOD,SYNTHETIC_ML_DATASET,NORMAL,0
BRT,BRT_PRESS_001,2026-03-01T15:46:00+00:00,987.5025310881091,hPa,GOOD,SYNTHETIC_ML_DATASET,NORMAL,0
BRT,BRT_TEMP_001,2026-03-01T15:46:00+00:00,-5.918554779624728,C,GOOD,SYNTHETIC_ML_DATASET,NORMAL,0
BRT,BRT_VIB_001,2026-03-01T15:46:00+00:00,0.8729275653364674,mm/s,GOOD,SYNTHETIC_ML_DATASET,NORMAL,0
BRT,BRT_HUM_001,2026-03-01T15:47:00+00:00,65.65034974492345,%,GOOD,SYNTHETIC_ML_DATASET,NORMAL,0
BRT,BRT_POWER_001,2026-03-01T15:47:00+00:00,48.318700907259355,kW,GOOD,SYNTHETIC_ML_DATASET,NORMAL,0
BRT,BRT_PRESS_001,2026-03-01T15:47:00+00:00,987.3710388319898,hPa,GOOD,SYNTHETIC_ML_DATASET,NORMAL,0
BRT,BRT_TEMP_001,2026-03-01T15:47:00+00:00,-6.358882996907351,C,GOOD,SYNTHETIC_ML_DATASET,NORMAL,0
BRT,BRT_VIB_001,2026-03-01T15:47:00+00:00,0.8641555338028994,mm/s,GOOD,SYNTHETIC_ML_DATASET,NORMAL,0
BRT,BRT_HUM_001,2026-03-01T15:48:00+00:00,65.68183871490236,%,GOOD,SYNTHETIC_ML_DATASET,NORMAL,0
BRT,BRT_POWER_001,2026-03-01T15:48:00+00:00,47.88442356676644,kW,GOOD,SYNTHETIC_ML_DATASET,NORMAL,0
BRT,BRT_PRESS_001,2026-03-01T15:48:00+00:00,987.3326547341592,hPa,GOOD,SYNTHETIC_ML_DATASET,NORMAL,0
BRT,BRT_TEMP_001,2026-03-01T15:48:00+00:00,-6.319952104417792,C,GOOD,SYNTHETIC_ML_DATASET,NORMAL,0
BRT,BRT_VIB_001,2026-03-01T15:48:00+00:00,0.8488016756751652,mm/s,GOOD,SYNTHETIC_ML_DATASET,NORMAL,0
BRT,BRT_HUM_001,2026-03-01T15:49:00+00:00,65.2804451293232,%,GOOD,SYNTHETIC_ML_DATASET,NORMAL,0
BRT,BRT_POWER_001,2026-03-01T15:49:00+00:00,48.175063976598025,kW,GOOD,SYNTHETIC_ML_DATASET,NORMAL,0
BRT,BRT_PRESS_001,2026-03-01T15:49:00+00:00,987.4636265852262,hPa,GOOD,SYNTHETIC_ML_DATASET,NORMAL,0
BRT,BRT_TEMP_001,2026-03-01T15:49:00+00:00,-6.64689637771255,C,GOOD,SYNTHETIC_ML_DATASET,NORMAL,0
BRT,BRT_VIB_001,2026-03-01T15:49:00+00:00,0.8458185521115521,mm/s,GOOD,SYNTHETIC_ML_DATASET,NORMAL,0
BRT,BRT_HUM_001,2026-03-01T15:50:00+00:00,66.02235642271496,%,GOOD,SYNTHETIC_ML_DATASET,NORMAL,0
BRT,BRT_POWER_001,2026-03-01T15:50:00+00:00,47.681878076588546,kW,GOOD,SYNTHETIC_ML_DATASET,NORMAL,0
BRT,BRT_PRESS_001,2026-03-01T15:50:00+00:00,987.5214112759415,hPa,GOOD,SYNTHETIC_ML_DATASET,NORMAL,0
BRT,BRT_TEMP_001,2026-03-01T15:50:00+00:00,-7.069604053472054,C,GOOD,SYNTHETIC_ML_DATASET,NORMAL,0
BRT,BRT_VIB_001,2026-03-01T15:50:00+00:00,0.8539087667224715,mm/s,GOOD,SYNTHETIC_ML_DATASET,NORMAL,0
BRT,BRT_HUM_001,2026-03-01T15:51:00+00:00,65.57512257354531,%,GOOD,SYNTHETIC_ML_DATASET,NORMAL,0
BRT,BRT_POWER_001,2026-03-01T15:51:00+00:00,48.485512086314976,kW,GOOD,SYNTHETIC_ML_DATASET,NORMAL,0
BRT,BRT_PRESS_001,2026-03-01T15:51:00+00:00,987.459950218153,hPa,GOOD,SYNTHETIC_ML_DATASET,NORMAL,0
BRT,BRT_TEMP_001,2026-03-01T15:51:00+00:00,-6.8347221688622355,C,GOOD,SYNTHETIC_ML_DATASET,NORMAL,0
BRT,BRT_VIB_001,2026-03-01T15:51:00+00:00,0.8243443816139147,mm/s,GOOD,SYNTHETIC_ML_DATASET,NORMAL,0
BRT,BRT_HUM_001,2026-03-01T15:52:00+00:00,65.77325738374786,%,GOOD,SYNTHETIC_ML_DATASET,NORMAL,0
BRT,BRT_POWER_001,2026-03-01T15:52:00+00:00,48.10683063615921,kW,GOOD,SYNTHETIC_ML_DATASET,NORMAL,0
BRT,BRT_PRESS_001,2026-03-01T15:52:00+00:00,987.3101363904193,hPa,GOOD,SYNTHETIC_ML_DATASET,NORMAL,0
BRT,BRT_TEMP_001,2026-03-01T15:52:00+00:00,-6.91409921492231,C,GOOD,SYNTHETIC_ML_DATASET,NORMAL,0
BRT,BRT_VIB_001,2026-03-01T15:52:00+00:00,0.8521140088643927,mm/s,GOOD,SYNTHETIC_ML_DATASET,NORMAL,0
BRT,BRT_HUM_001,2026-03-01T15:53:00+00:00,66.20111715331164,%,GOOD,SYNTHETIC_ML_DATASET,NORMAL,0
BRT,BRT_POWER_001,2026-03-01T15:53:00+00:00,48.320104110401054,kW,GOOD,SYNTHETIC_ML_DATASET,NORMAL,0
BRT,BRT_PRESS_001,2026-03-01T15:53:00+00:00,987.3760376470334,hPa,GOOD,SYNTHETIC_ML_DATASET,NORMAL,0
BRT,BRT_TEMP_001,2026-03-01T15:53:00+00:00,-7.274541919157012,C,GOOD,SYNTHETIC_ML_DATASET,NORMAL,0
BRT,BRT_VIB_001,2026-03-01T15:53:00+00:00,0.8511122625499541,mm/s,GOOD,SYNTHETIC_ML_DATASET,NORMAL,0
BRT,BRT_HUM_001,2026-03-01T15:54:00+00:00,65.34249379003363,%,GOOD,SYNTHETIC_ML_DATASET,NORMAL,0
BRT,BRT_POWER_001,2026-03-01T15:54:00+00:00,47.68514850395889,kW,GOOD,SYNTHETIC_ML_DATASET,NORMAL,0
BRT,BRT_PRESS_001,2026-03-01T15:54:00+00:00,987.2755551530988,hPa,GOOD,SYNTHETIC_ML_DATASET,NORMAL,0
BRT,BRT_TEMP_001,2026-03-01T15:54:00+00:00,-7.31534606829798,C,GOOD,SYNTHETIC_ML_DATASET,NORMAL,0
BRT,BRT_VIB_001,2026-03-01T15:54:00+00:00,0.8467629744762784,mm/s,GOOD,SYNTHETIC_ML_DATASET,NORMAL,0
BRT,BRT_HUM_001,2026-03-01T15:55:00+00:00,65.28751523901634,%,GOOD,SYNTHETIC_ML_DATASET,NORMAL,0
BRT,BRT_POWER_001,2026-03-01T15:55:00+00:00,48.24711864623792,kW,GOOD,SYNTHETIC_ML_DATASET,NORMAL,0
BRT,BRT_PRESS_001,2026-03-01T15:55:00+00:00,987.1848854413312,hPa,GOOD,SYNTHETIC_ML_DATASET,NORMAL,0
BRT,BRT_TEMP_001,2026-03-01T15:55:00+00:00,-7.084120085002148,C,GOOD,SYNTHETIC_ML_DATASET,NORMAL,0
BRT,BRT_VIB_001,2026-03-01T15:55:00+00:00,0.8458279300364894,mm/s,GOOD,SYNTHETIC_ML_DATASET,NORMAL,0
BRT,BRT_HUM_001,2026-03-01T15:56:00+00:00,64.94003898413412,%,GOOD,SYNTHETIC_ML_DATASET,NORMAL,0
BRT,BRT_POWER_001,2026-03-01T15:56:00+00:00,48.219189156302136,kW,GOOD,SYNTHETIC_ML_DATASET,NORMAL,0
BRT,BRT_PRESS_001,2026-03-01T15:56:00+00:00,987.2957441496162,hPa,GOOD,SYNTHETIC_ML_DATASET,NORMAL,0
BRT,BRT_TEMP_001,2026-03-01T15:56:00+00:00,-6.989253331487254,C,GOOD,SYNTHETIC_ML_DATASET,NORMAL,0
BRT,BRT_VIB_001,2026-03-01T15:56:00+00:00,0.8502232252645285,mm/s,GOOD,SYNTHETIC_ML_DATASET,NORMAL,0
BRT,BRT_HUM_001,2026-03-01T15:57:00+00:00,64.46959476048322,%,GOOD,SYNTHETIC_ML_DATASET,NORMAL,0
BRT,BRT_POWER_001,2026-03-01T15:57:00+00:00,47.96612186982916,kW,GOOD,SYNTHETIC_ML_DATASET,NORMAL,0
BRT,BRT_PRESS_001,2026-03-01T15:57:00+00:00,987.3867936465468,hPa,GOOD,SYNTHETIC_ML_DATASET,NORMAL,0
BRT,BRT_TEMP_001,2026-03-01T15:57:00+00:00,-6.845144531213871,C,GOOD,SYNTHETIC_ML_DATASET,NORMAL,0
BRT,BRT_VIB_001,2026-03-01T15:57:00+00:00,0.8803273112996703,mm/s,GOOD,SYNTHETIC_ML_DATASET,NORMAL,0
BRT,BRT_HUM_001,2026-03-01T15:58:00+00:00,64.37595369235349,%,GOOD,SYNTHETIC_ML_DATASET,NORMAL,0
BRT,BRT_POWER_001,2026-03-01T15:58:00+00:00,47.79088029855662,kW,GOOD,SYNTHETIC_ML_DATASET,NORMAL,0
BRT,BRT_PRESS_001,2026-03-01T15:58:00+00:00,987.301382631634,hPa,GOOD,SYNTHETIC_ML_DATASET,NORMAL,0
BRT,BRT_TEMP_001,2026-03-01T15:58:00+00:00,-6.8726240987034855,C,GOOD,SYNTHETIC_ML_DATASET,NORMAL,0
BRT,BRT_VIB_001,2026-03-01T15:58:00+00:00,0.8748345213083802,mm/s,GOOD,SYNTHETIC_ML_DATASET,NORMAL,0
BRT,BRT_HUM_001,2026-03-01T15:59:00+00:00,64.91779481017137,%,GOOD,SYNTHETIC_ML_DATASET,NORMAL,0
BRT,BRT_POWER_001,2026-03-01T15:59:00+00:00,47.61865969553384,kW,GOOD,SYNTHETIC_ML_DATASET,NORMAL,0
BRT,BRT_PRESS_001,2026-03-01T15:59:00+00:00,987.1555657311653,hPa,GOOD,SYNTHETIC_ML_DATASET,NORMAL,0
BRT,BRT_TEMP_001,2026-03-01T15:59:00+00:00,-6.6850790058498255,C,GOOD,SYNTHETIC_ML_DATASET,NORMAL,0
BRT,BRT_VIB_001,2026-03-01T15:59:00+00:00,0.8790257467983125,mm/s,GOOD,SYNTHETIC_ML_DATASET,NORMAL,0
BRT,BRT_HUM_001,2026-03-01T16:00:00+00:00,64.83387032978125,%,GOOD,SYNTHETIC_ML_DATASET,NORMAL,0
BRT,BRT_POWER_001,2026-03-01T16:00:00+00:00,48.15735006133857,kW,GOOD,SYNTHETIC_ML_DATASET,NORMAL,0
BRT,BRT_PRESS_001,2026-03-01T16:00:00+00:00,986.9035179763592,hPa,GOOD,SYNTHETIC_ML_DATASET,NORMAL,0
BRT,BRT_TEMP_001,2026-03-01T16:00:00+00:00,-6.911252966263257,C,GOOD,SYNTHETIC_ML_DATASET,NORMAL,0
BRT,BRT_VIB_001,2026-03-01T16:00:00+00:00,0.8679725959729636,mm/s,GOOD,SYNTHETIC_ML_DATASET,NORMAL,0
BRT,BRT_HUM_001,2026-03-01T16:01:00+00:00,64.88138858245888,%,GOOD,SYNTHETIC_ML_DATASET,NORMAL,0
BRT,BRT_POWER_001,2026-03-01T16:01:00+00:00,47.72747041330211,kW,GOOD,SYNTHETIC_ML_DATASET,NORMAL,0
BRT,BRT_PRESS_001,2026-03-01T16:01:00+00:00,986.920696972939,hPa,GOOD,SYNTHETIC_ML_DATASET,NORMAL,0
BRT,BRT_TEMP_001,2026-03-01T16:01:00+00:00,-6.817048090109614,C,GOOD,SYNTHETIC_ML_DATASET,NORMAL,0
BRT,BRT_VIB_001,2026-03-01T16:01:00+00:00,0.8684463088651115,mm/s,GOOD,SYNTHETIC_ML_DATASET,NORMAL,0
BRT,BRT_HUM_001,2026-03-01T16:02:00+00:00,65.83808882560506,%,GOOD,SYNTHETIC_ML_DATASET,NORMAL,0
BRT,BRT_POWER_001,2026-03-01T16:02:00+00:00,47.43608840596173,kW,GOOD,SYNTHETIC_ML_DATASET,NORMAL,0
BRT,BRT_PRESS_001,2026-03-01T16:02:00+00:00,986.8561792066765,hPa,GOOD,SYNTHETIC_ML_DATASET,NORMAL,0
BRT,BRT_TEMP_001,2026-03-01T16:02:00+00:00,-6.926099930568113,C,GOOD,SYNTHETIC_ML_DATASET,NORMAL,0
BRT,BRT_VIB_001,2026-03-01T16:02:00+00:00,0.8629236000725362,mm/s,GOOD,SYNTHETIC_ML_DATASET,NORMAL,0
BRT,BRT_HUM_001,2026-03-01T16:03:00+00:00,65.55363089992557,%,GOOD,SYNTHETIC_ML_DATASET,NORMAL,0
BRT,BRT_POWER_001,2026-03-01T16:03:00+00:00,47.43061615554377,kW,GOOD,SYNTHETIC_ML_DATASET,NORMAL,0
BRT,BRT_PRESS_001,2026-03-01T16:03:00+00:00,986.9444586466701,hPa,GOOD,SYNTHETIC_ML_DATASET,NORMAL,0
BRT,BRT_TEMP_001,2026-03-01T16:03:00+00:00,-7.091882684688849,C,GOOD,SYNTHETIC_ML_DATASET,NORMAL,0
BRT,BRT_VIB_001,2026-03-01T16:03:00+00:00,0.8746597418861616,mm/s,GOOD,SYNTHETIC_ML_DATASET,NORMAL,0
BRT,BRT_HUM_001,2026-03-01T16:04:00+00:00,66.20357353166999,%,GOOD,SYNTHETIC_ML_DATASET,NORMAL,0
BRT,BRT_POWER_001,2026-03-01T16:04:00+00:00,47.29883726822581,kW,GOOD,SYNTHETIC_ML_DATASET,NORMAL,0
BRT,BRT_PRESS_001,2026-03-01T16:04:00+00:00,986.8531275269121,hPa,GOOD,SYNTHETIC_ML_DATASET,NORMAL,0
BRT,BRT_TEMP_001,2026-03-01T16:04:00+00:00,-7.061811139383926,C,GOOD,SYNTHETIC_ML_DATASET,NORMAL,0
BRT,BRT_VIB_001,2026-03-01T16:04:00+00:00,0.8607099598782197,mm/s,GOOD,SYNTHETIC_ML_DATASET,NORMAL,0
BRT,BRT_HUM_001,2026-03-01T16:05:00+00:00,66.21801731914272,%,GOOD,SYNTHETIC_ML_DATASET,NORMAL,0
BRT,BRT_POWER_001,2026-03-01T16:05:00+00:00,47.01007368188425,kW,GOOD,SYNTHETIC_ML_DATASET,NORMAL,0
BRT,BRT_PRESS_001,2026-03-01T16:05:00+00:00,986.9601955071535,hPa,GOOD,SYNTHETIC_ML_DATASET,NORMAL,0
BRT,BRT_TEMP_001,2026-03-01T16:05:00+00:00,-7.408507420935256,C,GOOD,SYNTHETIC_ML_DATASET,NORMAL,0
BRT,BRT_VIB_001,2026-03-01T16:05:00+00:00,0.8597723648612583,mm/s,GOOD,SYNTHETIC_ML_DATASET,NORMAL,0
BRT,BRT_HUM_001,2026-03-01T16:06:00+00:00,65.5186844435376,%,GOOD,SYNTHETIC_ML_DATASET,NORMAL,0
BRT,BRT_POWER_001,2026-03-01T16:06:00+00:00,46.61738147625788,kW,GOOD,SYNTHETIC_ML_DATASET,NORMAL,0
BRT,BRT_PRESS_001,2026-03-01T16:06:00+00:00,986.8868429859241,hPa,GOOD,SYNTHETIC_ML_DATASET,NORMAL,0
BRT,BRT_TEMP_001,2026-03-01T16:06:00+00:00,-7.1591036307715,C,GOOD,SYNTHETIC_ML_DATASET,NORMAL,0
BRT,BRT_VIB_001,2026-03-01T16:06:00+00:00,0.8586951051561887,mm/s,GOOD,SYNTHETIC_ML_DATASET,NORMAL,0
BRT,BRT_HUM_001,2026-03-01T16:07:00+00:00,64.74679180994119,%,GOOD,SYNTHETIC_ML_DATASET,NORMAL,0
BRT,BRT_POWER_001,2026-03-01T16:07:00+00:00,46.505593460328264,kW,GOOD,SYNTHETIC_ML_DATASET,NORMAL,0
BRT,BRT_PRESS_001,2026-03-01T16:07:00+00:00,986.7873917168872,hPa,GOOD,SYNTHETIC_ML_DATASET,NORMAL,0
BRT,BRT_TEMP_001,2026-03-01T16:07:00+00:00,-7.49118511018669,C,GOOD,SYNTHETIC_ML_DATASET,NORMAL,0
BRT,BRT_VIB_001,2026-03-01T16:07:00+00:00,0.8548424095333071,mm/s,GOOD,SYNTHETIC_ML_DATASET,NORMAL,0
BRT,BRT_HUM_001,2026-03-01T16:08:00+00:00,64.24881451983156,%,GOOD,SYNTHETIC_ML_DATASET,NORMAL,0
BRT,BRT_POWER_001,2026-03-01T16:08:00+00:00,46.14421802047759,kW,GOOD,SYNTHETIC_ML_DATASET,NORMAL,0
BRT,BRT_PRESS_001,2026-03-01T16:08:00+00:00,986.9207496986536,hPa,GOOD,SYNTHETIC_ML_DATASET,NORMAL,0
BRT,BRT_TEMP_001,2026-03-01T16:08:00+00:00,-7.160708955976524,C,GOOD,SYNTHETIC_ML_DATASET,NORMAL,0
BRT,BRT_VIB_001,2026-03-01T16:08:00+00:00,0.8194026973566716,mm/s,GOOD,SYNTHETIC_ML_DATASET,NORMAL,0
BRT,BRT_HUM_001,2026-03-01T16:09:00+00:00,64.78868064236617,%,GOOD,SYNTHETIC_ML_DATASET,NORMAL,0
BRT,BRT_POWER_001,2026-03-01T16:09:00+00:00,45.63413359110223,kW,GOOD,SYNTHETIC_ML_DATASET,NORMAL,0
BRT,BRT_PRESS_001,2026-03-01T16:09:00+00:00,986.8987183936025,hPa,GOOD,SYNTHETIC_ML_DATASET,NORMAL,0
BRT,BRT_TEMP_001,2026-03-01T16:09:00+00:00,-7.42113165954475,C,GOOD,SYNTHETIC_ML_DATASET,NORMAL,0
BRT,BRT_VIB_001,2026-03-01T16:09:00+00:00,0.8440919255189007,mm/s,GOOD,SYNTHETIC_ML_DATASET,NORMAL,0
BRT,BRT_HUM_001,2026-03-01T16:10:00+00:00,64.61667928361591,%,GOOD,SYNTHETIC_ML_DATASET,NORMAL,0
BRT,BRT_POWER_001,2026-03-01T16:10:00+00:00,46.721726525545,kW,GOOD,SYNTHETIC_ML_DATASET,NORMAL,0
BRT,BRT_PRESS_001,2026-03-01T16:10:00+00:00,986.839927158091,hPa,GOOD,SYNTHETIC_ML_DATASET,NORMAL,0
BRT,BRT_TEMP_001,2026-03-01T16:10:00+00:00,-7.384777702732729,C,GOOD,SYNTHETIC_ML_DATASET,NORMAL,0
BRT,BRT_VIB_001,2026-03-01T16:10:00+00:00,0.8497880566250864,mm/s,GOOD,SYNTHETIC_ML_DATASET,NORMAL,0
BRT,BRT_HUM_001,2026-03-01T16:11:00+00:00,65.25438485877174,%,GOOD,SYNTHETIC_ML_DATASET,NORMAL,0
BRT,BRT_POWER_001,2026-03-01T16:11:00+00:00,46.4608694635498,kW,GOOD,SYNTHETIC_ML_DATASET,NORMAL,0
BRT,BRT_PRESS_001,2026-03-01T16:11:00+00:00,986.7020166995103,hPa,GOOD,SYNTHETIC_ML_DATASET,NORMAL,0
BRT,BRT_TEMP_001,2026-03-01T16:11:00+00:00,-7.556803828836318,C,GOOD,SYNTHETIC_ML_DATASET,NORMAL,0
BRT,BRT_VIB_001,2026-03-01T16:11:00+00:00,0.8628759041520869,mm/s,GOOD,SYNTHETIC_ML_DATASET,NORMAL,0
BRT,BRT_HUM_001,2026-03-01T16:12:00+00:00,65.56266712248737,%,GOOD,SYNTHETIC_ML_DATASET,NORMAL,0
BRT,BRT_POWER_001,2026-03-01T16:12:00+00:00,46.38385931615069,kW,GOOD,SYNTHETIC_ML_DATASET,NORMAL,0
BRT,BRT_PRESS_001,2026-03-01T16:12:00+00:00,986.7416239540847,hPa,GOOD,SYNTHETIC_ML_DATASET,NORMAL,0
BRT,BRT_TEMP_001,2026-03-01T16:12:00+00:00,-7.582960269920576,C,GOOD,SYNTHETIC_ML_DATASET,NORMAL,0
BRT,BRT_VIB_001,2026-03-01T16:12:00+00:00,0.8703311147656215,mm/s,GOOD,SYNTHETIC_ML_DATASET,NORMAL,0
BRT,BRT_HUM_001,2026-03-01T16:13:00+00:00,65.31830124928157,%,GOOD,SYNTHETIC_ML_DATASET,NORMAL,0
BRT,BRT_POWER_001,2026-03-01T16:13:00+00:00,45.24029333605482,kW,GOOD,SYNTHETIC_ML_DATASET,NORMAL,0
BRT,BRT_PRESS_001,2026-03-01T16:13:00+00:00,986.6737205203079,hPa,GOOD,SYNTHETIC_ML_DATASET,NORMAL,0
BRT,BRT_TEMP_001,2026-03-01T16:13:00+00:00,-7.6351229397155,C,GOOD,SYNTHETIC_ML_DATASET,NORMAL,0
BRT,BRT_VIB_001,2026-03-01T16:13:00+00:00,0.840355321848492,mm/s,GOOD,SYNTHETIC_ML_DATASET,NORMAL,0
BRT,BRT_HUM_001,2026-03-01T16:14:00+00:00,64.9710446616119,%,GOOD,SYNTHETIC_ML_DATASET,NORMAL,0
BRT,BRT_POWER_001,2026-03-01T16:14:00+00:00,45.85007323858064,kW,GOOD,SYNTHETIC_ML_DATASET,NORMAL,0
BRT,BRT_PRESS_001,2026-03-01T16:14:00+00:00,986.6570551276425,hPa,GOOD,SYNTHETIC_ML_DATASET,NORMAL,0
BRT,BRT_TEMP_001,2026-03-01T16:14:00+00:00,-7.710965050983824,C,GOOD,SYNTHETIC_ML_DATASET,NORMAL,0
BRT,BRT_VIB_001,2026-03-01T16:14:00+00:00,0.8585861931692292,mm/s,GOOD,SYNTHETIC_ML_DATASET,NORMAL,0
BRT,BRT_HUM_001,2026-03-01T16:15:00+00:00,64.48233551304469,%,GOOD,SYNTHETIC_ML_DATASET,NORMAL,0
BRT,BRT_POWER_001,2026-03-01T16:15:00+00:00,44.841750170818955,kW,GOOD,SYNTHETIC_ML_DATASET,NORMAL,0
BRT,BRT_PRESS_001,2026-03-01T16:15:00+00:00,986.8277688195395,hPa,GOOD,SYNTHETIC_ML_DATASET,NORMAL,0
BRT,BRT_TEMP_001,2026-03-01T16:15:00+00:00,-7.840107325160427,C,GOOD,SYNTHETIC_ML_DATASET,NORMAL,0
BRT,BRT_VIB_001,2026-03-01T16:15:00+00:00,0.8592490107216454,mm/s,GOOD,SYNTHETIC_ML_DATASET,NORMAL,0
BRT,BRT_HUM_001,2026-03-01T16:16:00+00:00,64.47922665913762,%,GOOD,SYNTHETIC_ML_DATASET,NORMAL,0
BRT,BRT_POWER_001,2026-03-01T16:16:00+00:00,45.115378658322285,kW,GOOD,SYNTHETIC_ML_DATASET,NORMAL,0
BRT,BRT_PRESS_001,2026-03-01T16:16:00+00:00,986.7734224733639,hPa,GOOD,SYNTHETIC_ML_DATASET,NORMAL,0
BRT,BRT_TEMP_001,2026-03-01T16:16:00+00:00,-7.901256881075224,C,GOOD,SYNTHETIC_ML_DATASET,NORMAL,0
BRT,BRT_VIB_001,2026-03-01T16:16:00+00:00,0.8411999274735218,mm/s,GOOD,SYNTHETIC_ML_DATASET,NORMAL,0
BRT,BRT_HUM_001,2026-03-01T16:17:00+00:00,64.23868123199611,%,GOOD,SYNTHETIC_ML_DATASET,NORMAL,0
BRT,BRT_POWER_001,2026-03-01T16:17:00+00:00,44.6340720206862,kW,GOOD,SYNTHETIC_ML_DATASET,NORMAL,0
BRT,BRT_PRESS_001,2026-03-01T16:17:00+00:00,986.483203100909,hPa,GOOD,SYNTHETIC_ML_DATASET,NORMAL,0
BRT,BRT_TEMP_001,2026-03-01T16:17:00+00:00,-7.926256208109763,C,GOOD,SYNTHETIC_ML_DATASET,NORMAL,0
BRT,BRT_VIB_001,2026-03-01T16:17:00+00:00,0.8335425953690003,mm/s,GOOD,SYNTHETIC_ML_DATASET,NORMAL,0
BRT,BRT_HUM_001,2026-03-01T16:18:00+00:00,64.74179686177553,%,GOOD,SYNTHETIC_ML_DATASET,NORMAL,0
BRT,BRT_POWER_001,2026-03-01T16:18:00+00:00,45.40372263389699,kW,GOOD,SYNTHETIC_ML_DATASET,NORMAL,0
BRT,BRT_PRESS_001,2026-03-01T16:18:00+00:00,986.4704719065611,hPa,GOOD,SYNTHETIC_ML_DATASET,NORMAL,0
BRT,BRT_TEMP_001,2026-03-01T16:18:00+00:00,-8.164783782124431,C,GOOD,SYNTHETIC_ML_DATASET,NORMAL,0
BRT,BRT_VIB_001,2026-03-01T16:18:00+00:00,0.850737279185708,mm/s,GOOD,SYNTHETIC_ML_DATASET,NORMAL,0
BRT,BRT_HUM_001,2026-03-01T16:19:00+00:00,65.19758717073017,%,GOOD,SYNTHETIC_ML_DATASET,NORMAL,0
BRT,BRT_POWER_001,2026-03-01T16:19:00+00:00,44.990845730011074,kW,GOOD,SYNTHETIC_ML_DATASET,NORMAL,0
BRT,BRT_PRESS_001,2026-03-01T16:19:00+00:00,986.5676186299297,hPa,GOOD,SYNTHETIC_ML_DATASET,NORMAL,0
BRT,BRT_TEMP_001,2026-03-01T16:19:00+00:00,-7.867196343774492,C,GOOD,SYNTHETIC_ML_DATASET,NORMAL,0
BRT,BRT_VIB_001,2026-03-01T16:19:00+00:00,0.8559828045743519,mm/s,GOOD,SYNTHETIC_ML_DATASET,NORMAL,0
BRT,BRT_HUM_001,2026-03-01T16:20:00+00:00,64.7778712816881,%,GOOD,SYNTHETIC_ML_DATASET,NORMAL,0
BRT,BRT_POWER_001,2026-03-01T16:20:00+00:00,44.818916073961084,kW,GOOD,SYNTHETIC_ML_DATASET,NORMAL,0
BRT,BRT_PRESS_001,2026-03-01T16:20:00+00:00,986.2736936847567,hPa,GOOD,SYNTHETIC_ML_DATASET,NORMAL,0
BRT,BRT_TEMP_001,2026-03-01T16:20:00+00:00,-8.127830649282929,C,GOOD,SYNTHETIC_ML_DATASET,NORMAL,0
BRT,BRT_VIB_001,2026-03-01T16:20:00+00:00,0.8586250213347915,mm/s,GOOD,SYNTHETIC_ML_DATASET,NORMAL,0
BRT,BRT_HUM_001,2026-03-01T16:21:00+00:00,65.42855199012878,%,GOOD,SYNTHETIC_ML_DATASET,NORMAL,0
BRT,BRT_POWER_001,2026-03-01T16:21:00+00:00,44.54696591711627,kW,GOOD,SYNTHETIC_ML_DATASET,NORMAL,0
BRT,BRT_PRESS_001,2026-03-01T16:21:00+00:00,986.3613403536951,hPa,GOOD,SYNTHETIC_ML_DATASET,NORMAL,0
BRT,BRT_TEMP_001,2026-03-01T16:21:00+00:00,-8.15627463765587,C,GOOD,SYNTHETIC_ML_DATASET,NORMAL,0
BRT,BRT_VIB_001,2026-03-01T16:21:00+00:00,0.8531634435815292,mm/s,GOOD,SYNTHETIC_ML_DATASET,NORMAL,0
BRT,BRT_HUM_001,2026-03-01T16:22:00+00:00,64.32678848006283,%,GOOD,SYNTHETIC_ML_DATASET,NORMAL,0
BRT,BRT_POWER_001,2026-03-01T16:22:00+00:00,44.376770384085184,kW,GOOD,SYNTHETIC_ML_DATASET,NORMAL,0
BRT,BRT_PRESS_001,2026-03-01T16:22:00+00:00,986.302942520152,hPa,GOOD,SYNTHETIC_ML_DATASET,NORMAL,0
BRT,BRT_TEMP_001,2026-03-01T16:22:00+00:00,-8.36836386040983,C,GOOD,SYNTHETIC_ML_DATASET,NORMAL,0
BRT,BRT_VIB_001,2026-03-01T16:22:00+00:00,0.8506702830205558,mm/s,GOOD,SYNTHETIC_ML_DATASET,NORMAL,0
BRT,BRT_HUM_001,2026-03-01T16:23:00+00:00,64.03965011844403,%,GOOD,SYNTHETIC_ML_DATASET,NORMAL,0
BRT,BRT_POWER_001,2026-03-01T16:23:00+00:00,44.579620476217116,kW,GOOD,SYNTHETIC_ML_DATASET,NORMAL,0
BRT,BRT_PRESS_001,2026-03-01T16:23:00+00:00,986.4246730058726,hPa,GOOD,SYNTHETIC_ML_DATASET,NORMAL,0
BRT,BRT_TEMP_001,2026-03-01T16:23:00+00:00,-8.305116207623405,C,GOOD,SYNTHETIC_ML_DATASET,NORMAL,0
BRT,BRT_VIB_001,2026-03-01T16:23:00+00:00,0.8692321478649355,mm/s,GOOD,SYNTHETIC_ML_DATASET,NORMAL,0
BRT,BRT_HUM_001,2026-03-01T16:24:00+00:00,64.82490219013937,%,GOOD,SYNTHETIC_ML_DATASET,NORMAL,0
BRT,BRT_POWER_001,2026-03-01T16:24:00+00:00,44.63561451173439,kW,GOOD,SYNTHETIC_ML_DATASET,NORMAL,0
BRT,BRT_PRESS_001,2026-03-01T16:24:00+00:00,986.1816931964527,hPa,GOOD,SYNTHETIC_ML_DATASET,NORMAL,0
BRT,BRT_TEMP_001,2026-03-01T16:24:00+00:00,-8.494318010768831,C,GOOD,SYNTHETIC_ML_DATASET,NORMAL,0
BRT,BRT_VIB_001,2026-03-01T16:24:00+00:00,0.8110449393254081,mm/s,GOOD,SYNTHETIC_ML_DATASET,NORMAL,0
BRT,BRT_HUM_001,2026-03-01T16:25:00+00:00,64.74446074489775,%,GOOD,SYNTHETIC_ML_DATASET,NORMAL,0
BRT,BRT_POWER_001,2026-03-01T16:25:00+00:00,44.1684911745138,kW,GOOD,SYNTHETIC_ML_DATASET,NORMAL,0
BRT,BRT_PRESS_001,2026-03-01T16:25:00+00:00,986.2168029986021,hPa,GOOD,SYNTHETIC_ML_DATASET,NORMAL,0
BRT,BRT_TEMP_001,2026-03-01T16:25:00+00:00,-8.40457712849532,C,GOOD,SYNTHETIC_ML_DATASET,NORMAL,0
BRT,BRT_VIB_001,2026-03-01T16:25:00+00:00,0.8099730000138802,mm/s,GOOD,SYNTHETIC_ML_DATASET,NORMAL,0
BRT,BRT_HUM_001,2026-03-01T16:26:00+00:00,64.34522030665907,%,GOOD,SYNTHETIC_ML_DATASET,NORMAL,0
BRT,BRT_POWER_001,2026-03-01T16:26:00+00:00,44.86553882594679,kW,GOOD,SYNTHETIC_ML_DATASET,NORMAL,0
BRT,BRT_PRESS_001,2026-03-01T16:26:00+00:00,986.0951429524464,hPa,GOOD,SYNTHETIC_ML_DATASET,NORMAL,0
BRT,BRT_TEMP_001,2026-03-01T16:26:00+00:00,-8.532359016535048,C,GOOD,SYNTHETIC_ML_DATASET,NORMAL,0
BRT,BRT_VIB_001,2026-03-01T16:26:00+00:00,0.8276348432289307,mm/s,GOOD,SYNTHETIC_ML_DATASET,NORMAL,0
BRT,BRT_HUM_001,2026-03-01T16:27:00+00:00,63.84865277962719,%,GOOD,SYNTHETIC_ML_DATASET,NORMAL,0
BRT,BRT_POWER_001,2026-03-01T16:27:00+00:00,44.10594479678455,kW,GOOD,SYNTHETIC_ML_DATASET,NORMAL,0
BRT,BRT_PRESS_001,2026-03-01T16:27:00+00:00,985.9681470968903,hPa,GOOD,SYNTHETIC_ML_DATASET,NORMAL,0
BRT,BRT_TEMP_001,2026-03-01T16:27:00+00:00,-8.41650504352861,C,GOOD,SYNTHETIC_ML_DATASET,NORMAL,0
BRT,BRT_VIB_001,2026-03-01T16:27:00+00:00,0.8387673592701714,mm/s,GOOD,SYNTHETIC_ML_DATASET,NORMAL,0
BRT,BRT_HUM_001,2026-03-01T16:28:00+00:00,64.4075495009169,%,GOOD,SYNTHETIC_ML_DATASET,NORMAL,0
BRT,BRT_POWER_001,2026-03-01T16:28:00+00:00,44.62228286818479,kW,GOOD,SYNTHETIC_ML_DATASET,NORMAL,0
BRT,BRT_PRESS_001,2026-03-01T16:28:00+00:00,985.949363939978,hPa,GOOD,SYNTHETIC_ML_DATASET,NORMAL,0
BRT,BRT_TEMP_001,2026-03-01T16:28:00+00:00,-8.650369357602678,C,GOOD,SYNTHETIC_ML_DATASET,NORMAL,0
BRT,BRT_VIB_001,2026-03-01T16:28:00+00:00,0.8130962780230949,mm/s,GOOD,SYNTHETIC_ML_DATASET,NORMAL,0
BRT,BRT_HUM_001,2026-03-01T16:29:00+00:00,64.21735536012767,%,GOOD,SYNTHETIC_ML_DATASET,NORMAL,0
BRT,BRT_POWER_001,2026-03-01T16:29:00+00:00,44.699853087662994,kW,GOOD,SYNTHETIC_ML_DATASET,NORMAL,0
BRT,BRT_PRESS_001,2026-03-01T16:29:00+00:00,986.0111553341109,hPa,GOOD,SYNTHETIC_ML_DATASET,NORMAL,0
BRT,BRT_TEMP_001,2026-03-01T16:29:00+00:00,-8.635520693275957,C,GOOD,SYNTHETIC_ML_DATASET,NORMAL,0
BRT,BRT_VIB_001,2026-03-01T16:29:00+00:00,0.7975741442338203,mm/s,GOOD,SYNTHETIC_ML_DATASET,NORMAL,0
BRT,BRT_HUM_001,2026-03-01T16:30:00+00:00,63.98492672857286,%,GOOD,SYNTHETIC_ML_DATASET,NORMAL,0
BRT,BRT_POWER_001,2026-03-01T16:30:00+00:00,44.450863067397144,kW,GOOD,SYNTHETIC_ML_DATASET,NORMAL,0
BRT,BRT_PRESS_001,2026-03-01T16:30:00+00:00,985.646205521593,hPa,GOOD,SYNTHETIC_ML_DATASET,NORMAL,0
BRT,BRT_TEMP_001,2026-03-01T16:30:00+00:00,-8.69268566799754,C,GOOD,SYNTHETIC_ML_DATASET,NORMAL,0
BRT,BRT_VIB_001,2026-03-01T16:30:00+00:00,0.811948690283962,mm/s,GOOD,SYNTHETIC_ML_DATASET,NORMAL,0
BRT,BRT_HUM_001,2026-03-01T16:31:00+00:00,63.92401101817133,%,GOOD,SYNTHETIC_ML_DATASET,NORMAL,0
BRT,BRT_POWER_001,2026-03-01T16:31:00+00:00,44.32588003203268,kW,GOOD,SYNTHETIC_ML_DATASET,NORMAL,0
BRT,BRT_PRESS_001,2026-03-01T16:31:00+00:00,985.7351354907835,hPa,GOOD,SYNTHETIC_ML_DATASET,NORMAL,0
BRT,BRT_TEMP_001,2026-03-01T16:31:00+00:00,-8.516405255943944,C,GOOD,SYNTHETIC_ML_DATASET,NORMAL,0
BRT,BRT_VIB_001,2026-03-01T16:31:00+00:00,0.8500909137562883,mm/s,GOOD,SYNTHETIC_ML_DATASET,NORMAL,0
BRT,BRT_HUM_001,2026-03-01T16:32:00+00:00,64.19064392224747,%,GOOD,SYNTHETIC_ML_DATASET,NORMAL,0
BRT,BRT_POWER_001,2026-03-01T16:32:00+00:00,43.82976025559389,kW,GOOD,SYNTHETIC_ML_DATASET,NORMAL,0
BRT,BRT_PRESS_001,2026-03-01T16:32:00+00:00,985.7747989981013,hPa,GOOD,SYNTHETIC_ML_DATASET,NORMAL,0
BRT,BRT_TEMP_001,2026-03-01T16:32:00+00:00,-8.599066124238366,C,GOOD,SYNTHETIC_ML_DATASET,NORMAL,0
BRT,BRT_VIB_001,2026-03-01T16:32:00+00:00,0.829963560958603,mm/s,GOOD,SYNTHETIC_ML_DATASET,NORMAL,0
BRT,BRT_HUM_001,2026-03-01T16:33:00+00:00,63.694019851126946,%,GOOD,SYNTHETIC_ML_DATASET,NORMAL,0
BRT,BRT_POWER_001,2026-03-01T16:33:00+00:00,44.25864587148017,kW,GOOD,SYNTHETIC_ML_DATASET,NORMAL,0
BRT,BRT_PRESS_001,2026-03-01T16:33:00+00:00,985.6592200556738,hPa,GOOD,SYNTHETIC_ML_DATASET,NORMAL,0
BRT,BRT_TEMP_001,2026-03-01T16:33:00+00:00,-8.301264232341119,C,GOOD,SYNTHETIC_ML_DATASET,NORMAL,0
BRT,BRT_VIB_001,2026-03-01T16:33:00+00:00,0.7983861813871487,mm/s,GOOD,SYNTHETIC_ML_DATASET,NORMAL,0
BRT,BRT_HUM_001,2026-03-01T16:34:00+00:00,63.68218831894753,%,GOOD,SYNTHETIC_ML_DATASET,NORMAL,0
BRT,BRT_POWER_001,2026-03-01T16:34:00+00:00,44.02248696237544,kW,GOOD,SYNTHETIC_ML_DATASET,NORMAL,0
BRT,BRT_PRESS_001,2026-03-01T16:34:00+00:00,985.5468800381841,hPa,GOOD,SYNTHETIC_ML_DATASET,NORMAL,0
BRT,BRT_TEMP_001,2026-03-01T16:34:00+00:00,-8.702187607455164,C,GOOD,SYNTHETIC_ML_DATASET,NORMAL,0
BRT,BRT_VIB_001,2026-03-01T16:34:00+00:00,0.8110124727405063,mm/s,GOOD,SYNTHETIC_ML_DATASET,NORMAL,0
BRT,BRT_HUM_001,2026-03-01T16:35:00+00:00,63.428772474958905,%,GOOD,SYNTHETIC_ML_DATASET,NORMAL,0
BRT,BRT_POWER_001,2026-03-01T16:35:00+00:00,43.2049672796101,kW,GOOD,SYNTHETIC_ML_DATASET,NORMAL,0
BRT,BRT_PRESS_001,2026-03-01T16:35:00+00:00,985.5125256855503,hPa,GOOD,SYNTHETIC_ML_DATASET,NORMAL,0
BRT,BRT_TEMP_001,2026-03-01T16:35:00+00:00,-8.786542631994296,C,GOOD,SYNTHETIC_ML_DATASET,NORMAL,0
BRT,BRT_VIB_001,2026-03-01T16:35:00+00:00,0.8158015578999349,mm/s,GOOD,SYNTHETIC_ML_DATASET,NORMAL,0
BRT,BRT_HUM_001,2026-03-01T16:36:00+00:00,63.47772513359895,%,GOOD,SYNTHETIC_ML_DATASET,NORMAL,0
BRT,BRT_POWER_001,2026-03-01T16:36:00+00:00,42.682451126805425,kW,GOOD,SYNTHETIC_ML_DATASET,NORMAL,0
BRT,BRT_PRESS_001,2026-03-01T16:36:00+00:00,985.5373532973522,hPa,GOOD,SYNTHETIC_ML_DATASET,NORMAL,0
BRT,BRT_TEMP_001,2026-03-01T16:36:00+00:00,-8.850549185953657,C,GOOD,SYNTHETIC_ML_DATASET,NORMAL,0
BRT,BRT_VIB_001,2026-03-01T16:36:00+00:00,0.8176231794162082,mm/s,GOOD,SYNTHETIC_ML_DATASET,NORMAL,0
BRT,BRT_HUM_001,2026-03-01T16:37:00+00:00,62.45305411196173,%,GOOD,SYNTHETIC_ML_DATASET,NORMAL,0
BRT,BRT_POWER_001,2026-03-01T16:37:00+00:00,42.92866549834302,kW,GOOD,SYNTHETIC_ML_DATASET,NORMAL,0
BRT,BRT_PRESS_001,2026-03-01T16:37:00+00:00,985.3352296646659,hPa,GOOD,SYNTHETIC_ML_DATASET,NORMAL,0
BRT,BRT_TEMP_001,2026-03-01T16:37:00+00:00,-8.559882725447803,C,GOOD,SYNTHETIC_ML_DATASET,NORMAL,0
BRT,BRT_VIB_001,2026-03-01T16:37:00+00:00,0.8070086748711577,mm/s,GOOD,SYNTHETIC_ML_DATASET,NORMAL,0
BRT,BRT_HUM_001,2026-03-01T16:38:00+00:00,61.71306451154071,%,GOOD,SYNTHETIC_ML_DATASET,NORMAL,0
BRT,BRT_POWER_001,2026-03-01T16:38:00+00:00,43.043157240165364,kW,GOOD,SYNTHETIC_ML_DATASET,NORMAL,0
BRT,BRT_PRESS_001,2026-03-01T16:38:00+00:00,985.3448147825585,hPa,GOOD,SYNTHETIC_ML_DATASET,NORMAL,0
BRT,BRT_TEMP_001,2026-03-01T16:38:00+00:00,-8.798883916863067,C,GOOD,SYNTHETIC_ML_DATASET,NORMAL,0
BRT,BRT_VIB_001,2026-03-01T16:38:00+00:00,0.7824360290680672,mm/s,GOOD,SYNTHETIC_ML_DATASET,NORMAL,0
BRT,BRT_HUM_001,2026-03-01T16:39:00+00:00,61.800239185928724,%,GOOD,SYNTHETIC_ML_DATASET,NORMAL,0
BRT,BRT_POWER_001,2026-03-01T16:39:00+00:00,41.95380101924466,kW,GOOD,SYNTHETIC_ML_DATASET,NORMAL,0
BRT,BRT_PRESS_001,2026-03-01T16:39:00+00:00,985.2758579302603,hPa,GOOD,SYNTHETIC_ML_DATASET,NORMAL,0
BRT,BRT_TEMP_001,2026-03-01T16:39:00+00:00,-8.935442832785109,C,GOOD,SYNTHETIC_ML_DATASET,NORMAL,0
BRT,BRT_VIB_001,2026-03-01T16:39:00+00:00,0.7716635830998423,mm/s,GOOD,SYNTHETIC_ML_DATASET,NORMAL,0
BRT,BRT_HUM_001,2026-03-01T16:40:00+00:00,61.634535083031516,%,GOOD,SYNTHETIC_ML_DATASET,NORMAL,0
BRT,BRT_POWER_001,2026-03-01T16:40:00+00:00,42.72273853333548,kW,GOOD,SYNTHETIC_ML_DATASET,NORMAL,0
BRT,BRT_PRESS_001,2026-03-01T16:40:00+00:00,985.1596341851133,hPa,GOOD,SYNTHETIC_ML_DATASET,NORMAL,0
BRT,BRT_TEMP_001,2026-03-01T16:40:00+00:00,-8.870654763775393,C,GOOD,SYNTHETIC_ML_DATASET,NORMAL,0
BRT,BRT_VIB_001,2026-03-01T16:40:00+00:00,0.81050129008261,mm/s,GOOD,SYNTHETIC_ML_DATASET,NORMAL,0
BRT,BRT_HUM_001,2026-03-01T16:41:00+00:00,60.0522870509217,%,GOOD,SYNTHETIC_ML_DATASET,NORMAL,0
BRT,BRT_POWER_001,2026-03-01T16:41:00+00:00,43.0824164955582,kW,GOOD,SYNTHETIC_ML_DATASET,NORMAL,0
BRT,BRT_PRESS_001,2026-03-01T16:41:00+00:00,985.0675506046227,hPa,GOOD,SYNTHETIC_ML_DATASET,NORMAL,0
BRT,BRT_TEMP_001,2026-03-01T16:41:00+00:00,-9.092768631108894,C,GOOD,SYNTHETIC_ML_DATASET,NORMAL,0
BRT,BRT_VIB_001,2026-03-01T16:41:00+00:00,0.7880345182688016,mm/s,GOOD,SYNTHETIC_ML_DATASET,NORMAL,0
BRT,BRT_HUM_001,2026-03-01T16:42:00+00:00,60.18193578724552,%,GOOD,SYNTHETIC_ML_DATASET,NORMAL,0
BRT,BRT_POWER_001,2026-03-01T16:42:00+00:00,42.65685480585926,kW,GOOD,SYNTHETIC_ML_DATASET,NORMAL,0
BRT,BRT_PRESS_001,2026-03-01T16:42:00+00:00,985.1457501176973,hPa,GOOD,SYNTHETIC_ML_DATASET,NORMAL,0
BRT,BRT_TEMP_001,2026-03-01T16:42:00+00:00,-9.088078448833826,C,GOOD,SYNTHETIC_ML_DATASET,NORMAL,0
BRT,BRT_VIB_001,2026-03-01T16:42:00+00:00,0.7799984966618543,mm/s,GOOD,SYNTHETIC_ML_DATASET,NORMAL,0
BRT,BRT_HUM_001,2026-03-01T16:43:00+00:00,59.57639514082324,%,GOOD,SYNTHETIC_ML_DATASET,NORMAL,0
BRT,BRT_POWER_001,2026-03-01T16:43:00+00:00,42.80263944532022,kW,GOOD,SYNTHETIC_ML_DATASET,NORMAL,0
BRT,BRT_PRESS_001,2026-03-01T16:43:00+00:00,984.9586262989432,hPa,GOOD,SYNTHETIC_ML_DATASET,NORMAL,0
BRT,BRT_TEMP_001,2026-03-01T16:43:00+00:00,-9.485902180647669,C,GOOD,SYNTHETIC_ML_DATASET,NORMAL,0
BRT,BRT_VIB_001,2026-03-01T16:43:00+00:00,0.8001684742948323,mm/s,GOOD,SYNTHETIC_ML_DATASET,NORMAL,0
BRT,BRT_HUM_001,2026-03-01T16:44:00+00:00,59.297254855250216,%,GOOD,SYNTHETIC_ML_DATASET,NORMAL,0
BRT,BRT_POWER_001,2026-03-01T16:44:00+00:00,42.3639701095344,kW,GOOD,SYNTHETIC_ML_DATASET,NORMAL,0
BRT,BRT_PRESS_001,2026-03-01T16:44:00+00:00,984.9495804696381,hPa,GOOD,SYNTHETIC_ML_DATASET,NORMAL,0
BRT,BRT_TEMP_001,2026-03-01T16:44:00+00:00,-9.441730420725179,C,GOOD,SYNTHETIC_ML_DATASET,NORMAL,0
BRT,BRT_VIB_001,2026-03-01T16:44:00+00:00,0.7912632248082169,mm/s,GOOD,SYNTHETIC_ML_DATASET,NORMAL,0
BRT,BRT_HUM_001,2026-03-01T16:45:00+00:00,58.840723821915645,%,GOOD,SYNTHETIC_ML_DATASET,NORMAL,0
BRT,BRT_POWER_001,2026-03-01T16:45:00+00:00,43.0178262514968,kW,GOOD,SYNTHETIC_ML_DATASET,NORMAL,0
BRT,BRT_PRESS_001,2026-03-01T16:45:00+00:00,985.0134635816366,hPa,GOOD,SYNTHETIC_ML_DATASET,NORMAL,0
BRT,BRT_TEMP_001,2026-03-01T16:45:00+00:00,-9.520751707160361,C,GOOD,SYNTHETIC_ML_DATASET,NORMAL,0
BRT,BRT_VIB_001,2026-03-01T16:45:00+00:00,0.7829948108004138,mm/s,GOOD,SYNTHETIC_ML_DATASET,NORMAL,0
BRT,BRT_HUM_001,2026-03-01T16:46:00+00:00,58.49699700839364,%,GOOD,SYNTHETIC_ML_DATASET,NORMAL,0
BRT,BRT_POWER_001,2026-03-01T16:46:00+00:00,41.732366413912,kW,GOOD,SYNTHETIC_ML_DATASET,NORMAL,0
BRT,BRT_PRESS_001,2026-03-01T16:46:00+00:00,984.9494649015122,hPa,GOOD,SYNTHETIC_ML_DATASET,NORMAL,0
BRT,BRT_TEMP_001,2026-03-01T16:46:00+00:00,-9.707842190793684,C,GOOD,SYNTHETIC_ML_DATASET,NORMAL,0
BRT,BRT_VIB_001,2026-03-01T16:46:00+00:00,0.7935220232202262,mm/s,GOOD,SYNTHETIC_ML_DATASET,NORMAL,0
BRT,BRT_HUM_001,2026-03-01T16:47:00+00:00,59.40599314620517,%,GOOD,SYNTHETIC_ML_DATASET,NORMAL,0
BRT,BRT_POWER_001,2026-03-01T16:47:00+00:00,41.0400585389873,kW,GOOD,SYNTHETIC_ML_DATASET,NORMAL,0
BRT,BRT_PRESS_001,2026-03-01T16:47:00+00:00,984.9255090019553,hPa,GOOD,SYNTHETIC_ML_DATASET,NORMAL,0
BRT,BRT_TEMP_001,2026-03-01T16:47:00+00:00,-9.518036505931835,C,GOOD,SYNTHETIC_ML_DATASET,NORMAL,0
BRT,BRT_VIB_001,2026-03-01T16:47:00+00:00,0.8005013279980607,mm/s,GOOD,SYNTHETIC_ML_DATASET,NORMAL,0
BRT,BRT_HUM_001,2026-03-01T16:48:00+00:00,58.60313570159623,%,GOOD,SYNTHETIC_ML_DATASET,NORMAL,0
BRT,BRT_POWER_001,2026-03-01T16:48:00+00:00,41.33257154235703,kW,GOOD,SYNTHETIC_ML_DATASET,NORMAL,0
BRT,BRT_PRESS_001,2026-03-01T16:48:00+00:00,984.974946319244,hPa,GOOD,SYNTHETIC_ML_DATASET,NORMAL,0
BRT,BRT_TEMP_001,2026-03-01T16:48:00+00:00,-9.677986926388874,C,GOOD,SYNTHETIC_ML_DATASET,NORMAL,0
BRT,BRT_VIB_001,2026-03-01T16:48:00+00:00,0.7743078499518196,mm/s,GOOD,SYNTHETIC_ML_DATASET,NORMAL,0
BRT,BRT_HUM_001,2026-03-01T16:49:00+00:00,58.62021972484177,%,GOOD,SYNTHETIC_ML_DATASET,NORMAL,0
BRT,BRT_POWER_001,2026-03-01T16:49:00+00:00,41.55488945535002,kW,GOOD,SYNTHETIC_ML_DATASET,NORMAL,0
BRT,BRT_PRESS_001,2026-03-01T16:49:00+00:00,984.7997667022064,hPa,GOOD,SYNTHETIC_ML_DATASET,NORMAL,0
BRT,BRT_TEMP_001,2026-03-01T16:49:00+00:00,-9.630318275220834,C,GOOD,SYNTHETIC_ML_DATASET,NORMAL,0
BRT,BRT_VIB_001,2026-03-01T16:49:00+00:00,0.7811620773632553,mm/s,GOOD,SYNTHETIC_ML_DATASET,NORMAL,0
BRT,BRT_HUM_001,2026-03-01T16:50:00+00:00,59.457481487864634,%,GOOD,SYNTHETIC_ML_DATASET,NORMAL,0
BRT,BRT_POWER_001,2026-03-01T16:50:00+00:00,40.78795440082202,kW,GOOD,SYNTHETIC_ML_DATASET,NORMAL,0
BRT,BRT_PRESS_001,2026-03-01T16:50:00+00:00,985.0672531120273,hPa,GOOD,SYNTHETIC_ML_DATASET,NORMAL,0
BRT,BRT_TEMP_001,2026-03-01T16:50:00+00:00,-9.670608962933727,C,GOOD,SYNTHETIC_ML_DATASET,NORMAL,0
BRT,BRT_VIB_001,2026-03-01T16:50:00+00:00,0.7557099695741532,mm/s,GOOD,SYNTHETIC_ML_DATASET,NORMAL,0
BRT,BRT_HUM_001,2026-03-01T16:51:00+00:00,57.91608025529215,%,GOOD,SYNTHETIC_ML_DATASET,NORMAL,0
BRT,BRT_POWER_001,2026-03-01T16:51:00+00:00,41.04501188260503,kW,GOOD,SYNTHETIC_ML_DATASET,NORMAL,0
BRT,BRT_PRESS_001,2026-03-01T16:51:00+00:00,984.9355272729722,hPa,GOOD,SYNTHETIC_ML_DATASET,NORMAL,0
BRT,BRT_TEMP_001,2026-03-01T16:51:00+00:00,-9.908324984183494,C,GOOD,SYNTHETIC_ML_DATASET,NORMAL,0
BRT,BRT_VIB_001,2026-03-01T16:51:00+00:00,0.6992561773810058,mm/s,GOOD,SYNTHETIC_ML_DATASET,NORMAL,0
BRT,BRT_HUM_001,2026-03-01T16:52:00+00:00,58.24761287795362,%,GOOD,SYNTHETIC_ML_DATASET,NORMAL,0
BRT,BRT_POWER_001,2026-03-01T16:52:00+00:00,40.51625140662982,kW,GOOD,SYNTHETIC_ML_DATASET,NORMAL,0
BRT,BRT_PRESS_001,2026-03-01T16:52:00+00:00,984.8825188033903,hPa,GOOD,SYNTHETIC_ML_DATASET,NORMAL,0
BRT,BRT_TEMP_001,2026-03-01T16:52:00+00:00,-10.056380683657165,C,GOOD,SYNTHETIC_ML_DATASET,NORMAL,0
BRT,BRT_VIB_001,2026-03-01T16:52:00+00:00,0.7415780610182264,mm/s,GOOD,SYNTHETIC_ML_DATASET,NORMAL,0
BRT,BRT_HUM_001,2026-03-01T16:53:00+00:00,59.05037922638079,%,GOOD,SYNTHETIC_ML_DATASET,NORMAL,0
BRT,BRT_POWER_001,2026-03-01T16:53:00+00:00,40.588119449621075,kW,GOOD,SYNTHETIC_ML_DATASET,NORMAL,0
BRT,BRT_PRESS_001,2026-03-01T16:53:00+00:00,984.5957374608935,hPa,GOOD,SYNTHETIC_ML_DATASET,NORMAL,0
BRT,BRT_TEMP_001,2026-03-01T16:53:00+00:00,-10.245374125559396,C,GOOD,SYNTHETIC_ML_DATASET,NORMAL,0
BRT,BRT_VIB_001,2026-03-01T16:53:00+00:00,0.7549650956193132,mm/s,GOOD,SYNTHETIC_ML_DATASET,NORMAL,0
BRT,BRT_HUM_001,2026-03-01T16:54:00+00:00,57.88182339443852,%,GOOD,SYNTHETIC_ML_DATASET,NORMAL,0
BRT,BRT_POWER_001,2026-03-01T16:54:00+00:00,40.58059595036775,kW,GOOD,SYNTHETIC_ML_DATASET,NORMAL,0
BRT,BRT_PRESS_001,2026-03-01T16:54:00+00:00,984.8157306298154,hPa,GOOD,SYNTHETIC_ML_DATASET,NORMAL,0
BRT,BRT_TEMP_001,2026-03-01T16:54:00+00:00,-10.334034950154612,C,GOOD,SYNTHETIC_ML_DATASET,NORMAL,0
BRT,BRT_VIB_001,2026-03-01T16:54:00+00:00,0.7552094086633915,mm/s,GOOD,SYNTHETIC_ML_DATASET,NORMAL,0
BRT,BRT_HUM_001,2026-03-01T16:55:00+00:00,59.21152952818389,%,GOOD,SYNTHETIC_ML_DATASET,NORMAL,0
BRT,BRT_POWER_001,2026-03-01T16:55:00+00:00,40.660697330365544,kW,GOOD,SYNTHETIC_ML_DATASET,NORMAL,0
BRT,BRT_PRESS_001,2026-03-01T16:55:00+00:00,984.6223793878798,hPa,GOOD,SYNTHETIC_ML_DATASET,NORMAL,0
BRT,BRT_TEMP_001,2026-03-01T16:55:00+00:00,-10.669394631068235,C,GOOD,SYNTHETIC_ML_DATASET,NORMAL,0
BRT,BRT_VIB_001,2026-03-01T16:55:00+00:00,0.7551821594143251,mm/s,GOOD,SYNTHETIC_ML_DATASET,NORMAL,0
BRT,BRT_HUM_001,2026-03-01T16:56:00+00:00,57.916916232866555,%,GOOD,SYNTHETIC_ML_DATASET,NORMAL,0
BRT,BRT_POWER_001,2026-03-01T16:56:00+00:00,40.01691383173276,kW,GOOD,SYNTHETIC_ML_DATASET,NORMAL,0
BRT,BRT_PRESS_001,2026-03-01T16:56:00+00:00,984.494913702798,hPa,GOOD,SYNTHETIC_ML_DATASET,NORMAL,0
BRT,BRT_TEMP_001,2026-03-01T16:56:00+00:00,-10.742717271633001,C,GOOD,SYNTHETIC_ML_DATASET,NORMAL,0
BRT,BRT_VIB_001,2026-03-01T16:56:00+00:00,0.7359178294337084,mm/s,GOOD,SYNTHETIC_ML_DATASET,NORMAL,0
BRT,BRT_HUM_001,2026-03-01T16:57:00+00:00,57.95034000572627,%,GOOD,SYNTHETIC_ML_DATASET,NORMAL,0
BRT,BRT_POWER_001,2026-03-01T16:57:00+00:00,40.22059005341412,kW,GOOD,SYNTHETIC_ML_DATASET,NORMAL,0
BRT,BRT_PRESS_001,2026-03-01T16:57:00+00:00,984.4221472885704,hPa,GOOD,SYNTHETIC_ML_DATASET,NORMAL,0
BRT,BRT_TEMP_001,2026-03-01T16:57:00+00:00,-10.66272698956093,C,GOOD,SYNTHETIC_ML_DATASET,NORMAL,0
BRT,BRT_VIB_001,2026-03-01T16:57:00+00:00,0.7092139306944287,mm/s,GOOD,SYNTHETIC_ML_DATASET,NORMAL,0
BRT,BRT_HUM_001,2026-03-01T16:58:00+00:00,57.95404476100578,%,GOOD,SYNTHETIC_ML_DATASET,NORMAL,0
BRT,BRT_POWER_001,2026-03-01T16:58:00+00:00,40.71522276700139,kW,GOOD,SYNTHETIC_ML_DATASET,NORMAL,0
BRT,BRT_PRESS_001,2026-03-01T16:58:00+00:00,984.3378458639339,hPa,GOOD,SYNTHETIC_ML_DATASET,NORMAL,0
BRT,BRT_TEMP_001,2026-03-01T16:58:00+00:00,-10.83570419332188,C,GOOD,SYNTHETIC_ML_DATASET,NORMAL,0
BRT,BRT_VIB_001,2026-03-01T16:58:00+00:00,0.7204856924743245,mm/s,GOOD,SYNTHETIC_ML_DATASET,NORMAL,0
BRT,BRT_HUM_001,2026-03-01T16:59:00+00:00,57.42203541456695,%,GOOD,SYNTHETIC_ML_DATASET,NORMAL,0
BRT,BRT_POWER_001,2026-03-01T16:59:00+00:00,40.413356272139396,kW,GOOD,SYNTHETIC_ML_DATASET,NORMAL,0
BRT,BRT_PRESS_001,2026-03-01T16:59:00+00:00,984.3951591739683,hPa,GOOD,SYNTHETIC_ML_DATASET,NORMAL,0
BRT,BRT_TEMP_001,2026-03-01T16:59:00+00:00,-11.100573067610934,C,GOOD,SYNTHETIC_ML_DATASET,NORMAL,0
BRT,BRT_VIB_001,2026-03-01T16:59:00+00:00,0.7344237952651183,mm/s,GOOD,SYNTHETIC_ML_DATASET,NORMAL,0
BRT,BRT_HUM_001,2026-03-01T17:00:00+00:00,57.19517393040005,%,GOOD,SYNTHETIC_ML_DATASET,NORMAL,0
BRT,BRT_POWER_001,2026-03-01T17:00:00+00:00,40.37603842045898,kW,GOOD,SYNTHETIC_ML_DATASET,NORMAL,0
BRT,BRT_PRESS_001,2026-03-01T17:00:00+00:00,984.2447233385436,hPa,GOOD,SYNTHETIC_ML_DATASET,NORMAL,0
BRT,BRT_TEMP_001,2026-03-01T17:00:00+00:00,-11.053972160558908,C,GOOD,SYNTHETIC_ML_DATASET,NORMAL,0
BRT,BRT_VIB_001,2026-03-01T17:00:00+00:00,0.7337393902045799,mm/s,GOOD,SYNTHETIC_ML_DATASET,NORMAL,0
BRT,BRT_HUM_001,2026-03-01T17:01:00+00:00,56.834175230675704,%,GOOD,SYNTHETIC_ML_DATASET,NORMAL,0
BRT,BRT_POWER_001,2026-03-01T17:01:00+00:00,39.89673016480838,kW,GOOD,SYNTHETIC_ML_DATASET,NORMAL,0
BRT,BRT_PRESS_001,2026-03-01T17:01:00+00:00,984.2466295017081,hPa,GOOD,SYNTHETIC_ML_DATASET,NORMAL,0
BRT,BRT_TEMP_001,2026-03-01T17:01:00+00:00,-10.810633404181077,C,GOOD,SYNTHETIC_ML_DATASET,NORMAL,0
BRT,BRT_VIB_001,2026-03-01T17:01:00+00:00,0.721985347132622,mm/s,GOOD,SYNTHETIC_ML_DATASET,NORMAL,0
BRT,BRT_HUM_001,2026-03-01T17:02:00+00:00,56.87628063480712,%,GOOD,SYNTHETIC_ML_DATASET,NORMAL,0
BRT,BRT_POWER_001,2026-03-01T17:02:00+00:00,39.125985705650976,kW,GOOD,SYNTHETIC_ML_DATASET,NORMAL,0
BRT,BRT_PRESS_001,2026-03-01T17:02:00+00:00,984.1683798393776,hPa,GOOD,SYNTHETIC_ML_DATASET,NORMAL,0
BRT,BRT_TEMP_001,2026-03-01T17:02:00+00:00,-10.961295699841841,C,GOOD,SYNTHETIC_ML_DATASET,NORMAL,0
BRT,BRT_VIB_001,2026-03-01T17:02:00+00:00,0.7215787803415623,mm/s,GOOD,SYNTHETIC_ML_DATASET,NORMAL,0
BRT,BRT_HUM_001,2026-03-01T17:03:00+00:00,57.37579504632348,%,GOOD,SYNTHETIC_ML_DATASET,NORMAL,0
BRT,BRT_POWER_001,2026-03-01T17:03:00+00:00,39.461691482645094,kW,GOOD,SYNTHETIC_ML_DATASET,NORMAL,0
BRT,BRT_PRESS_001,2026-03-01T17:03:00+00:00,984.0876839849554,hPa,GOOD,SYNTHETIC_ML_DATASET,NORMAL,0
BRT,BRT_TEMP_001,2026-03-01T17:03:00+00:00,-11.10082878252887,C,GOOD,SYNTHETIC_ML_DATASET,NORMAL,0
BRT,BRT_VIB_001,2026-03-01T17:03:00+00:00,0.7207089898861332,mm/s,GOOD,SYNTHETIC_ML_DATASET,NORMAL,0
BRT,BRT_HUM_001,2026-03-01T17:04:00+00:00,57.53900626687507,%,GOOD,SYNTHETIC_ML_DATASET,NORMAL,0
BRT,BRT_POWER_001,2026-03-01T17:04:00+00:00,39.254702809958395,kW,GOOD,SYNTHETIC_ML_DATASET,NORMAL,0
BRT,BRT_PRESS_001,2026-03-01T17:04:00+00:00,984.0281937791344,hPa,GOOD,SYNTHETIC_ML_DATASET,NORMAL,0
BRT,BRT_TEMP_001,2026-03-01T17:04:00+00:00,-11.31339805879972,C,GOOD,SYNTHETIC_ML_DATASET,NORMAL,0
BRT,BRT_VIB_001,2026-03-01T17:04:00+00:00,0.7214452554784463,mm/s,GOOD,SYNTHETIC_ML_DATASET,NORMAL,0
BRT,BRT_HUM_001,2026-03-01T17:05:00+00:00,56.86895684520121,%,GOOD,SYNTHETIC_ML_DATASET,NORMAL,0
BRT,BRT_POWER_001,2026-03-01T17:05:00+00:00,39.339301012349,kW,GOOD,SYNTHETIC_ML_DATASET,NORMAL,0
BRT,BRT_PRESS_001,2026-03-01T17:05:00+00:00,983.8382415542031,hPa,GOOD,SYNTHETIC_ML_DATASET,NORMAL,0
BRT,BRT_TEMP_001,2026-03-01T17:05:00+00:00,-11.394794841680447,C,GOOD,SYNTHETIC_ML_DATASET,NORMAL,0
BRT,BRT_VIB_001,2026-03-01T17:05:00+00:00,0.7185648974631219,mm/s,GOOD,SYNTHETIC_ML_DATASET,NORMAL,0
BRT,BRT_HUM_001,2026-03-01T17:06:00+00:00,56.55021690300954,%,GOOD,SYNTHETIC_ML_DATASET,NORMAL,0
BRT,BRT_POWER_001,2026-03-01T17:06:00+00:00,39.31463990298419,kW,GOOD,SYNTHETIC_ML_DATASET,NORMAL,0
BRT,BRT_PRESS_001,2026-03-01T17:06:00+00:00,983.7829757730158,hPa,GOOD,SYNTHETIC_ML_DATASET,NORMAL,0
BRT,BRT_TEMP_001,2026-03-01T17:06:00+00:00,-11.587640103195863,C,GOOD,SYNTHETIC_ML_DATASET,NORMAL,0
BRT,BRT_VIB_001,2026-03-01T17:06:00+00:00,0.7047331396740542,mm/s,GOOD,SYNTHETIC_ML_DATASET,NORMAL,0
BRT,BRT_HUM_001,2026-03-01T17:07:00+00:00,56.686699146830954,%,GOOD,SYNTHETIC_ML_DATASET,NORMAL,0
BRT,BRT_POWER_001,2026-03-01T17:07:00+00:00,38.59063430603695,kW,GOOD,SYNTHETIC_ML_DATASET,NORMAL,0
BRT,BRT_PRESS_001,2026-03-01T17:07:00+00:00,983.7808671365466,hPa,GOOD,SYNTHETIC_ML_DATASET,NORMAL,0
BRT,BRT_TEMP_001,2026-03-01T17:07:00+00:00,-11.858078246515722,C,GOOD,SYNTHETIC_ML_DATASET,NORMAL,0
BRT,BRT_VIB_001,2026-03-01T17:07:00+00:00,0.6807845757313693,mm/s,GOOD,SYNTHETIC_ML_DATASET,NORMAL,0
BRT,BRT_HUM_001,2026-03-01T17:08:00+00:00,56.73880957211199,%,GOOD,SYNTHETIC_ML_DATASET,NORMAL,0
BRT,BRT_POWER_001,2026-03-01T17:08:00+00:00,38.67706624790425,kW,GOOD,SYNTHETIC_ML_DATASET,NORMAL,0
BRT,BRT_PRESS_001,2026-03-01T17:08:00+00:00,983.7466918337649,hPa,GOOD,SYNTHETIC_ML_DATASET,NORMAL,0
BRT,BRT_TEMP_001,2026-03-01T17:08:00+00:00,-11.858452385959332,C,GOOD,SYNTHETIC_ML_DATASET,NORMAL,0
BRT,BRT_VIB_001,2026-03-01T17:08:00+00:00,0.7263585857705925,mm/s,GOOD,SYNTHETIC_ML_DATASET,NORMAL,0
BRT,BRT_HUM_001,2026-03-01T17:09:00+00:00,56.81931205032871,%,GOOD,SYNTHETIC_ML_DATASET,NORMAL,0
BRT,BRT_POWER_001,2026-03-01T17:09:00+00:00,38.39631202644861,kW,GOOD,SYNTHETIC_ML_DATASET,NORMAL,0
BRT,BRT_PRESS_001,2026-03-01T17:09:00+00:00,983.5505427493399,hPa,GOOD,SYNTHETIC_ML_DATASET,NORMAL,0
BRT,BRT_TEMP_001,2026-03-01T17:09:00+00:00,-11.697849226847161,C,GOOD,SYNTHETIC_ML_DATASET,NORMAL,0
BRT,BRT_VIB_001,2026-03-01T17:09:00+00:00,0.7211594310361065,mm/s,GOOD,SYNTHETIC_ML_DATASET,NORMAL,0
BRT,BRT_HUM_001,2026-03-01T17:10:00+00:00,56.37154842328193,%,GOOD,SYNTHETIC_ML_DATASET,NORMAL,0
BRT,BRT_POWER_001,2026-03-01T17:10:00+00:00,38.725022816086515,kW,GOOD,SYNTHETIC_ML_DATASET,NORMAL,0
BRT,BRT_PRESS_001,2026-03-01T17:10:00+00:00,983.6356098251775,hPa,GOOD,SYNTHETIC_ML_DATASET,NORMAL,0
BRT,BRT_TEMP_001,2026-03-01T17:10:00+00:00,-11.68492536826831,C,GOOD,SYNTHETIC_ML_DATASET,NORMAL,0
BRT,BRT_VIB_001,2026-03-01T17:10:00+00:00,0.7095556429700426,mm/s,GOOD,SYNTHETIC_ML_DATASET,NORMAL,0
BRT,BRT_HUM_001,2026-03-01T17:11:00+00:00,56.30773035501568,%,GOOD,SYNTHETIC_ML_DATASET,NORMAL,0
BRT,BRT_POWER_001,2026-03-01T17:11:00+00:00,37.60183263476584,kW,GOOD,SYNTHETIC_ML_DATASET,NORMAL,0
BRT,BRT_PRESS_001,2026-03-01T17:11:00+00:00,983.3181543668898,hPa,GOOD,SYNTHETIC_ML_DATASET,NORMAL,0
BRT,BRT_TEMP_001,2026-03-01T17:11:00+00:00,-11.659826991928067,C,GOOD,SYNTHETIC_ML_DATASET,NORMAL,0
BRT,BRT_VIB_001,2026-03-01T17:11:00+00:00,0.7157905262364193,mm/s,GOOD,SYNTHETIC_ML_DATASET,NORMAL,0
BRT,BRT_HUM_001,2026-03-01T17:12:00+00:00,57.13067749339287,%,GOOD,SYNTHETIC_ML_DATASET,NORMAL,0
BRT,BRT_POWER_001,2026-03-01T17:12:00+00:00,37.83055934320174,kW,GOOD,SYNTHETIC_ML_DATASET,NORMAL,0
BRT,BRT_PRESS_001,2026-03-01T17:12:00+00:00,983.3984286392345,hPa,GOOD,SYNTHETIC_ML_DATASET,NORMAL,0
BRT,BRT_TEMP_001,2026-03-01T17:12:00+00:00,-11.96056052476777,C,GOOD,SYNTHETIC_ML_DATASET,NORMAL,0
BRT,BRT_VIB_001,2026-03-01T17:12:00+00:00,0.7303571825963519,mm/s,GOOD,SYNTHETIC_ML_DATASET,NORMAL,0
BRT,BRT_HUM_001,2026-03-01T17:13:00+00:00,57.763666637513545,%,GOOD,SYNTHETIC_ML_DATASET,NORMAL,0
BRT,BRT_POWER_001,2026-03-01T17:13:00+00:00,38.11350802790961,kW,GOOD,SYNTHETIC_ML_DATASET,NORMAL,0
BRT,BRT_PRESS_001,2026-03-01T17:13:00+00:00,983.3841181315356,hPa,GOOD,SYNTHETIC_ML_DATASET,NORMAL,0
BRT,BRT_TEMP_001,2026-03-01T17:13:00+00:00,-11.810149575544864,C,GOOD,SYNTHETIC_ML_DATASET,NORMAL,0
BRT,BRT_VIB_001,2026-03-01T17:13:00+00:00,0.7294149000313664,mm/s,GOOD,SYNTHETIC_ML_DATASET,NORMAL,0
BRT,BRT_HUM_001,2026-03-01T17:14:00+00:00,55.494457201977546,%,GOOD,SYNTHETIC_ML_DATASET,NORMAL,0
BRT,BRT_POWER_001,2026-03-01T17:14:00+00:00,38.23698690715531,kW,GOOD,SYNTHETIC_ML_DATASET,NORMAL,0
BRT,BRT_PRESS_001,2026-03-01T17:14:00+00:00,983.2014014559263,hPa,GOOD,SYNTHETIC_ML_DATASET,NORMAL,0
BRT,BRT_TEMP_001,2026-03-01T17:14:00+00:00,-11.84572961684735,C,GOOD,SYNTHETIC_ML_DATASET,NORMAL,0
BRT,BRT_VIB_001,2026-03-01T17:14:00+00:00,0.7134523724622592,mm/s,GOOD,SYNTHETIC_ML_DATASET,NORMAL,0
BRT,BRT_HUM_001,2026-03-01T17:15:00+00:00,55.53802301070259,%,GOOD,SYNTHETIC_ML_DATASET,NORMAL,0
BRT,BRT_POWER_001,2026-03-01T17:15:00+00:00,38.0458396009251,kW,GOOD,SYNTHETIC_ML_DATASET,NORMAL,0
BRT,BRT_PRESS_001,2026-03-01T17:15:00+00:00,983.0708622902077,hPa,GOOD,SYNTHETIC_ML_DATASET,NORMAL,0
BRT,BRT_TEMP_001,2026-03-01T17:15:00+00:00,-11.969317728984771,C,GOOD,SYNTHETIC_ML_DATASET,NORMAL,0
BRT,BRT_VIB_001,2026-03-01T17:15:00+00:00,0.7171668997167926,mm/s,GOOD,SYNTHETIC_ML_DATASET,NORMAL,0
BRT,BRT_HUM_001,2026-03-01T17:16:00+00:00,55.18449128074183,%,GOOD,SYNTHETIC_ML_DATASET,NORMAL,0
BRT,BRT_POWER_001,2026-03-01T17:16:00+00:00,38.0714512155691,kW,GOOD,SYNTHETIC_ML_DATASET,NORMAL,0
BRT,BRT_PRESS_001,2026-03-01T17:16:00+00:00,983.1083662319902,hPa,GOOD,SYNTHETIC_ML_DATASET,NORMAL,0
BRT,BRT_TEMP_001,2026-03-01T17:16:00+00:00,-11.97267547249366,C,GOOD,SYNTHETIC_ML_DATASET,NORMAL,0
BRT,BRT_VIB_001,2026-03-01T17:16:00+00:00,0.6941967733878988,mm/s,GOOD,SYNTHETIC_ML_DATASET,NORMAL,0
BRT,BRT_HUM_001,2026-03-01T17:17:00+00:00,55.91705385853926,%,GOOD,SYNTHETIC_ML_DATASET,NORMAL,0
BRT,BRT_POWER_001,2026-03-01T17:17:00+00:00,37.487440639607186,kW,GOOD,SYNTHETIC_ML_DATASET,NORMAL,0
BRT,BRT_PRESS_001,2026-03-01T17:17:00+00:00,983.273668800933,hPa,GOOD,SYNTHETIC_ML_DATASET,NORMAL,0
BRT,BRT_TEMP_001,2026-03-01T17:17:00+00:00,-12.11267720567396,C,GOOD,SYNTHETIC_ML_DATASET,NORMAL,0
BRT,BRT_VIB_001,2026-03-01T17:17:00+00:00,0.6822142412571389,mm/s,GOOD,SYNTHETIC_ML_DATASET,NORMAL,0
BRT,BRT_HUM_001,2026-03-01T17:18:00+00:00,56.127401493712554,%,GOOD,SYNTHETIC_ML_DATASET,NORMAL,0
BRT,BRT_POWER_001,2026-03-01T17:18:00+00:00,37.0828251473689,kW,GOOD,SYNTHETIC_ML_DATASET,NORMAL,0
BRT,BRT_PRESS_001,2026-03-01T17:18:00+00:00,982.9650578424422,hPa,GOOD,SYNTHETIC_ML_DATASET,NORMAL,0
BRT,BRT_TEMP_001,2026-03-01T17:18:00+00:00,-12.174226825455598,C,GOOD,SYNTHETIC_ML_DATASET,NORMAL,0
BRT,BRT_VIB_001,2026-03-01T17:18:00+00:00,0.6943485688548051,mm/s,GOOD,SYNTHETIC_ML_DATASET,NORMAL,0
BRT,BRT_HUM_001,2026-03-01T17:19:00+00:00,55.25273360713026,%,GOOD,SYNTHETIC_ML_DATASET,NORMAL,0
BRT,BRT_POWER_001,2026-03-01T17:19:00+00:00,37.63686193460795,kW,GOOD,SYNTHETIC_ML_DATASET,NORMAL,0
BRT,BRT_PRESS_001,2026-03-01T17:19:00+00:00,982.9604767615576,hPa,GOOD,SYNTHETIC_ML_DATASET,NORMAL,0
BRT,BRT_TEMP_001,2026-03-01T17:19:00+00:00,-12.092943782216311,C,GOOD,SYNTHETIC_ML_DATASET,NORMAL,0
BRT,BRT_VIB_001,2026-03-01T17:19:00+00:00,0.6855167964235229,mm/s,GOOD,SYNTHETIC_ML_DATASET,NORMAL,0
BRT,BRT_HUM_001,2026-03-01T17:20:00+00:00,55.205176713017345,%,GOOD,SYNTHETIC_ML_DATASET,NORMAL,0
BRT,BRT_POWER_001,2026-03-01T17:20:00+00:00,37.38263295878183,kW,GOOD,SYNTHETIC_ML_DATASET,NORMAL,0
BRT,BRT_PRESS_001,2026-03-01T17:20:00+00:00,983.0038200247833,hPa,GOOD,SYNTHETIC_ML_DATASET,NORMAL,0
BRT,BRT_TEMP_001,2026-03-01T17:20:00+00:00,-12.106846802651111,C,GOOD,SYNTHETIC_ML_DATASET,NORMAL,0
BRT,BRT_VIB_001,2026-03-01T17:20:00+00:00,0.687686728230066,mm/s,GOOD,SYNTHETIC_ML_DATASET,NORMAL,0
BRT,BRT_HUM_001,2026-03-01T17:21:00+00:00,55.04858946353167,%,GOOD,SYNTHETIC_ML_DATASET,NORMAL,0
BRT,BRT_POWER_001,2026-03-01T17:21:00+00:00,37.58465918943075,kW,GOOD,SYNTHETIC_ML_DATASET,NORMAL,0
BRT,BRT_PRESS_001,2026-03-01T17:21:00+00:00,983.0041071103825,hPa,GOOD,SYNTHETIC_ML_DATASET,NORMAL,0
BRT,BRT_TEMP_001,2026-03-01T17:21:00+00:00,-12.218870161958352,C,GOOD,SYNTHETIC_ML_DATASET,NORMAL,0
BRT,BRT_VIB_001,2026-03-01T17:21:00+00:00,0.6866219048911217,mm/s,GOOD,SYNTHETIC_ML_DATASET,NORMAL,0
BRT,BRT_HUM_001,2026-03-01T17:22:00+00:00,56.09330737973576,%,GOOD,SYNTHETIC_ML_DATASET,NORMAL,0
BRT,BRT_POWER_001,2026-03-01T17:22:00+00:00,37.25669822449819,kW,GOOD,SYNTHETIC_ML_DATASET,NORMAL,0
BRT,BRT_PRESS_001,2026-03-01T17:22:00+00:00,983.0417443932578,hPa,GOOD,SYNTHETIC_ML_DATASET,NORMAL,0
BRT,BRT_TEMP_001,2026-03-01T17:22:00+00:00,-12.296285689226831,C,GOOD,SYNTHETIC_ML_DATASET,NORMAL,0
BRT,BRT_VIB_001,2026-03-01T17:22:00+00:00,0.6910550124287768,mm/s,GOOD,SYNTHETIC_ML_DATASET,NORMAL,0
BRT,BRT_HUM_001,2026-03-01T17:23:00+00:00,54.996536674483565,%,GOOD,SYNTHETIC_ML_DATASET,NORMAL,0
BRT,BRT_POWER_001,2026-03-01T17:23:00+00:00,36.940960516412474,kW,GOOD,SYNTHETIC_ML_DATASET,NORMAL,0
BRT,BRT_PRESS_001,2026-03-01T17:23:00+00:00,982.8561425827512,hPa,GOOD,SYNTHETIC_ML_DATASET,NORMAL,0
BRT,BRT_TEMP_001,2026-03-01T17:23:00+00:00,-12.308809751624805,C,GOOD,SYNTHETIC_ML_DATASET,NORMAL,0
BRT,BRT_VIB_001,2026-03-01T17:23:00+00:00,0.6860444199831498,mm/s,GOOD,SYNTHETIC_ML_DATASET,NORMAL,0
BRT,BRT_HUM_001,2026-03-01T17:24:00+00:00,55.5992004212982,%,GOOD,SYNTHETIC_ML_DATASET,NORMAL,0
BRT,BRT_POWER_001,2026-03-01T17:24:00+00:00,36.52118627489887,kW,GOOD,SYNTHETIC_ML_DATASET,NORMAL,0
BRT,BRT_PRESS_001,2026-03-01T17:24:00+00:00,982.830139893052,hPa,GOOD,SYNTHETIC_ML_DATASET,NORMAL,0
BRT,BRT_TEMP_001,2026-03-01T17:24:00+00:00,-12.370181786444837,C,GOOD,SYNTHETIC_ML_DATASET,NORMAL,0
BRT,BRT_VIB_001,2026-03-01T17:24:00+00:00,0.6804718038632398,mm/s,GOOD,SYNTHETIC_ML_DATASET,NORMAL,0
BRT,BRT_HUM_001,2026-03-01T17:25:00+00:00,55.6957451355448,%,GOOD,SYNTHETIC_ML_DATASET,NORMAL,0
BRT,BRT_POWER_001,2026-03-01T17:25:00+00:00,37.08406290280924,kW,GOOD,SYNTHETIC_ML_DATASET,NORMAL,0
BRT,BRT_PRESS_001,2026-03-01T17:25:00+00:00,982.8575165721323,hPa,GOOD,SYNTHETIC_ML_DATASET,NORMAL,0
BRT,BRT_TEMP_001,2026-03-01T17:25:00+00:00,-12.568556401736984,C,GOOD,SYNTHETIC_ML_DATASET,NORMAL,0
BRT,BRT_VIB_001,2026-03-01T17:25:00+00:00,0.7168155533080267,mm/s,GOOD,SYNTHETIC_ML_DATASET,NORMAL,0
BRT,BRT_HUM_001,2026-03-01T17:26:00+00:00,55.74181151655305,%,GOOD,SYNTHETIC_ML_DATASET,NORMAL,0
BRT,BRT_POWER_001,2026-03-01T17:26:00+00:00,36.72973736933693,kW,GOOD,SYNTHETIC_ML_DATASET,NORMAL,0
BRT,BRT_PRESS_001,2026-03-01T17:26:00+00:00,982.9008680649864,hPa,GOOD,SYNTHETIC_ML_DATASET,NORMAL,0
BRT,BRT_TEMP_001,2026-03-01T17:26:00+00:00,-12.580889746445058,C,GOOD,SYNTHETIC_ML_DATASET,NORMAL,0
BRT,BRT_VIB_001,2026-03-01T17:26:00+00:00,0.6882128129098378,mm/s,GOOD,SYNTHETIC_ML_DATASET,NORMAL,0
BRT,BRT_HUM_001,2026-03-01T17:27:00+00:00,55.113927897013305,%,GOOD,SYNTHETIC_ML_DATASET,NORMAL,0
BRT,BRT_POWER_001,2026-03-01T17:27:00+00:00,36.315349857194164,kW,GOOD,SYNTHETIC_ML_DATASET,NORMAL,0
BRT,BRT_PRESS_001,2026-03-01T17:27:00+00:00,982.7652585375952,hPa,GOOD,SYNTHETIC_ML_DATASET,NORMAL,0
BRT,BRT_TEMP_001,2026-03-01T17:27:00+00:00,-12.574520327954458,C,GOOD,SYNTHETIC_ML_DATASET,NORMAL,0
BRT,BRT_VIB_001,2026-03-01T17:27:00+00:00,0.7190299100879185,mm/s,GOOD,SYNTHETIC_ML_DATASET,NORMAL,0
BRT,BRT_HUM_001,2026-03-01T17:28:00+00:00,55.01894742147106,%,GOOD,SYNTHETIC_ML_DATASET,NORMAL,0
BRT,BRT_POWER_001,2026-03-01T17:28:00+00:00,36.455103245972246,kW,GOOD,SYNTHETIC_ML_DATASET,NORMAL,0
BRT,BRT_PRESS_001,2026-03-01T17:28:00+00:00,982.869469728158,hPa,GOOD,SYNTHETIC_ML_DATASET,NORMAL,0
BRT,BRT_TEMP_001,2026-03-01T17:28:00+00:00,-12.675411092662406,C,GOOD,SYNTHETIC_ML_DATASET,NORMAL,0
BRT,BRT_VIB_001,2026-03-01T17:28:00+00:00,0.7051753370209691,mm/s,GOOD,SYNTHETIC_ML_DATASET,NORMAL,0
BRT,BRT_HUM_001,2026-03-01T17:29:00+00:00,55.1070612289719,%,GOOD,SYNTHETIC_ML_DATASET,NORMAL,0
BRT,BRT_POWER_001,2026-03-01T17:29:00+00:00,36.88782871231635,kW,GOOD,SYNTHETIC_ML_DATASET,NORMAL,0
BRT,BRT_PRESS_001,2026-03-01T17:29:00+00:00,982.9149350744369,hPa,GOOD,SYNTHETIC_ML_DATASET,NORMAL,0
BRT,BRT_TEMP_001,2026-03-01T17:29:00+00:00,-12.622356836387716,C,GOOD,SYNTHETIC_ML_DATASET,NORMAL,0
BRT,BRT_VIB_001,2026-03-01T17:29:00+00:00,0.6991073066005298,mm/s,GOOD,SYNTHETIC_ML_DATASET,NORMAL,0
BRT,BRT_HUM_001,2026-03-01T17:30:00+00:00,54.24237654348784,%,GOOD,SYNTHETIC_ML_DATASET,NORMAL,0
BRT,BRT_POWER_001,2026-03-01T17:30:00+00:00,37.00283678312502,kW,GOOD,SYNTHETIC_ML_DATASET,NORMAL,0
BRT,BRT_PRESS_001,2026-03-01T17:30:00+00:00,982.8607309023416,hPa,GOOD,SYNTHETIC_ML_DATASET,NORMAL,0
BRT,BRT_TEMP_001,2026-03-01T17:30:00+00:00,-12.828616082488338,C,GOOD,SYNTHETIC_ML_DATASET,NORMAL,0
BRT,BRT_VIB_001,2026-03-01T17:30:00+00:00,0.6936986649654764,mm/s,GOOD,SYNTHETIC_ML_DATASET,NORMAL,0
BRT,BRT_HUM_001,2026-03-01T17:31:00+00:00,53.57821628558897,%,GOOD,SYNTHETIC_ML_DATASET,NORMAL,0
BRT,BRT_POWER_001,2026-03-01T17:31:00+00:00,36.80001346840711,kW,GOOD,SYNTHETIC_ML_DATASET,NORMAL,0
BRT,BRT_PRESS_001,2026-03-01T17:31:00+00:00,982.7343421148512,hPa,GOOD,SYNTHETIC_ML_DATASET,NORMAL,0
BRT,BRT_TEMP_001,2026-03-01T17:31:00+00:00,-13.08838966484378,C,GOOD,SYNTHETIC_ML_DATASET,NORMAL,0
BRT,BRT_VIB_001,2026-03-01T17:31:00+00:00,0.6872202535593978,mm/s,GOOD,SYNTHETIC_ML_DATASET,NORMAL,0
BRT,BRT_HUM_001,2026-03-01T17:32:00+00:00,53.2572053939952,%,GOOD,SYNTHETIC_ML_DATASET,NORMAL,0
BRT,BRT_POWER_001,2026-03-01T17:32:00+00:00,36.64386686091552,kW,GOOD,SYNTHETIC_ML_DATASET,NORMAL,0
BRT,BRT_PRESS_001,2026-03-01T17:32:00+00:00,982.86442264347,hPa,GOOD,SYNTHETIC_ML_DATASET,NORMAL,0
BRT,BRT_TEMP_001,2026-03-01T17:32:00+00:00,-13.110983547547784,C,GOOD,SYNTHETIC_ML_DATASET,NORMAL,0
BRT,BRT_VIB_001,2026-03-01T17:32:00+00:00,0.6781124908910465,mm/s,GOOD,SYNTHETIC_ML_DATASET,NORMAL,0
BRT,BRT_HUM_001,2026-03-01T17:33:00+00:00,52.67973187161285,%,GOOD,SYNTHETIC_ML_DATASET,NORMAL,0
BRT,BRT_POWER_001,2026-03-01T17:33:00+00:00,36.27588234130247,kW,GOOD,SYNTHETIC_ML_DATASET,NORMAL,0
BRT,BRT_PRESS_001,2026-03-01T17:33:00+00:00,982.7630562316173,hPa,GOOD,SYNTHETIC_ML_DATASET,NORMAL,0
BRT,BRT_TEMP_001,2026-03-01T17:33:00+00:00,-12.830678417024956,C,GOOD,SYNTHETIC_ML_DATASET,NORMAL,0
BRT,BRT_VIB_001,2026-03-01T17:33:00+00:00,0.6452286749141134,mm/s,GOOD,SYNTHETIC_ML_DATASET,NORMAL,0
BRT,BRT_HUM_001,2026-03-01T17:34:00+00:00,52.69118686354168,%,GOOD,SYNTHETIC_ML_DATASET,NORMAL,0
BRT,BRT_POWER_001,2026-03-01T17:34:00+00:00,36.26718113778257,kW,GOOD,SYNTHETIC_ML_DATASET,NORMAL,0
BRT,BRT_PRESS_001,2026-03-01T17:34:00+00:00,982.6324596802281,hPa,GOOD,SYNTHETIC_ML_DATASET,NORMAL,0
BRT,BRT_TEMP_001,2026-03-01T17:34:00+00:00,-13.045213306024426,C,GOOD,SYNTHETIC_ML_DATASET,NORMAL,0
BRT,BRT_VIB_001,2026-03-01T17:34:00+00:00,0.6636969984855707,mm/s,GOOD,SYNTHETIC_ML_DATASET,NORMAL,0
BRT,BRT_HUM_001,2026-03-01T17:35:00+00:00,51.72796258652986,%,GOOD,SYNTHETIC_ML_DATASET,NORMAL,0
BRT,BRT_POWER_001,2026-03-01T17:35:00+00:00,36.775714278470474,kW,GOOD,SYNTHETIC_ML_DATASET,NORMAL,0
BRT,BRT_PRESS_001,2026-03-01T17:35:00+00:00,982.5826522729908,hPa,GOOD,SYNTHETIC_ML_DATASET,NORMAL,0
BRT,BRT_TEMP_001,2026-03-01T17:35:00+00:00,-13.017496274876777,C,GOOD,SYNTHETIC_ML_DATASET,NORMAL,0
BRT,BRT_VIB_001,2026-03-01T17:35:00+00:00,0.6668150148069758,mm/s,GOOD,SYNTHETIC_ML_DATASET,NORMAL,0
BRT,BRT_HUM_001,2026-03-01T17:36:00+00:00,52.40278465486909,%,GOOD,SYNTHETIC_ML_DATASET,NORMAL,0
BRT,BRT_POWER_001,2026-03-01T17:36:00+00:00,37.179958180412406,kW,GOOD,SYNTHETIC_ML_DATASET,NORMAL,0
BRT,BRT_PRESS_001,2026-03-01T17:36:00+00:00,982.6129079372756,hPa,GOOD,SYNTHETIC_ML_DATASET,NORMAL,0
BRT,BRT_TEMP_001,2026-03-01T17:36:00+00:00,-12.973921468133357,C,GOOD,SYNTHETIC_ML_DATASET,NORMAL,0
BRT,BRT_VIB_001,2026-03-01T17:36:00+00:00,0.6460491759897226,mm/s,GOOD,SYNTHETIC_ML_DATASET,NORMAL,0
BRT,BRT_HUM_001,2026-03-01T17:37:00+00:00,52.63352992030567,%,GOOD,SYNTHETIC_ML_DATASET,NORMAL,0
BRT,BRT_POWER_001,2026-03-01T17:37:00+00:00,37.385694252482224,kW,GOOD,SYNTHETIC_ML_DATASET,NORMAL,0
BRT,BRT_PRESS_001,2026-03-01T17:37:00+00:00,982.6388363874584,hPa,GOOD,SYNTHETIC_ML_DATASET,NORMAL,0
BRT,BRT_TEMP_001,2026-03-01T17:37:00+00:00,-12.981483156605833,C,GOOD,SYNTHETIC_ML_DATASET,NORMAL,0
BRT,BRT_VIB_001,2026-03-01T17:37:00+00:00,0.6526946418976438,mm/s,GOOD,SYNTHETIC_ML_DATASET,NORMAL,0
BRT,BRT_HUM_001,2026-03-01T17:38:00+00:00,51.34386360250354,%,GOOD,SYNTHETIC_ML_DATASET,NORMAL,0
BRT,BRT_POWER_001,2026-03-01T17:38:00+00:00,37.0756860574054,kW,GOOD,SYNTHETIC_ML_DATASET,NORMAL,0
BRT,BRT_PRESS_001,2026-03-01T17:38:00+00:00,982.5665808255118,hPa,GOOD,SYNTHETIC_ML_DATASET,NORMAL,0
BRT,BRT_TEMP_001,2026-03-01T17:38:00+00:00,-13.03395556248492,C,GOOD,SYNTHETIC_ML_DATASET,NORMAL,0
BRT,BRT_VIB_001,2026-03-01T17:38:00+00:00,0.6568130035014098,mm/s,GOOD,SYNTHETIC_ML_DATASET,NORMAL,0
BRT,BRT_HUM_001,2026-03-01T17:39:00+00:00,51.7766374726047,%,GOOD,SYNTHETIC_ML_DATASET,NORMAL,0
BRT,BRT_POWER_001,2026-03-01T17:39:00+00:00,37.082570233111404,kW,GOOD,SYNTHETIC_ML_DATASET,NORMAL,0
BRT,BRT_PRESS_001,2026-03-01T17:39:00+00:00,982.7259774995706,hPa,GOOD,SYNTHETIC_ML_DATASET,NORMAL,0
BRT,BRT_TEMP_001,2026-03-01T17:39:00+00:00,-12.996482672070648,C,GOOD,SYNTHETIC_ML_DATASET,NORMAL,0
BRT,BRT_VIB_001,2026-03-01T17:39:00+00:00,0.6201996174402546,mm/s,GOOD,SYNTHETIC_ML_DATASET,NORMAL,0
BRT,BRT_HUM_001,2026-03-01T17:40:00+00:00,51.61899884325306,%,GOOD,SYNTHETIC_ML_DATASET,NORMAL,0
BRT,BRT_POWER_001,2026-03-01T17:40:00+00:00,36.85148274971819,kW,GOOD,SYNTHETIC_ML_DATASET,NORMAL,0
BRT,BRT_PRESS_001,2026-03-01T17:40:00+00:00,982.5751311805079,hPa,GOOD,SYNTHETIC_ML_DATASET,NORMAL,0
BRT,BRT_TEMP_001,2026-03-01T17:40:00+00:00,-12.89579303450868,C,GOOD,SYNTHETIC_ML_DATASET,NORMAL,0
BRT,BRT_VIB_001,2026-03-01T17:40:00+00:00,0.6257571762528364,mm/s,GOOD,SYNTHETIC_ML_DATASET,NORMAL,0
BRT,BRT_HUM_001,2026-03-01T17:41:00+00:00,51.83115712770086,%,GOOD,SYNTHETIC_ML_DATASET,NORMAL,0
BRT,BRT_POWER_001,2026-03-01T17:41:00+00:00,36.70163421355856,kW,GOOD,SYNTHETIC_ML_DATASET,NORMAL,0
BRT,BRT_PRESS_001,2026-03-01T17:41:00+00:00,982.7382592261722,hPa,GOOD,SYNTHETIC_ML_DATASET,NORMAL,0
BRT,BRT_TEMP_001,2026-03-01T17:41:00+00:00,-12.901542538700943,C,GOOD,SYNTHETIC_ML_DATASET,NORMAL,0
BRT,BRT_VIB_001,2026-03-01T17:41:00+00:00,0.6349536362285445,mm/s,GOOD,SYNTHETIC_ML_DATASET,NORMAL,0
BRT,BRT_HUM_001,2026-03-01T17:42:00+00:00,51.99466729681636,%,GOOD,SYNTHETIC_ML_DATASET,NORMAL,0
BRT,BRT_POWER_001,2026-03-01T17:42:00+00:00,36.5327195767567,kW,GOOD,SYNTHETIC_ML_DATASET,NORMAL,0
BRT,BRT_PRESS_001,2026-03-01T17:42:00+00:00,982.4834780360447,hPa,GOOD,SYNTHETIC_ML_DATASET,NORMAL,0
BRT,BRT_TEMP_001,2026-03-01T17:42:00+00:00,-12.749727069842175,C,GOOD,SYNTHETIC_ML_DATASET,NORMAL,0
BRT,BRT_VIB_001,2026-03-01T17:42:00+00:00,0.6199811354531348,mm/s,GOOD,SYNTHETIC_ML_DATASET,NORMAL,0
BRT,BRT_HUM_001,2026-03-01T17:43:00+00:00,52.183275386752456,%,GOOD,SYNTHETIC_ML_DATASET,NORMAL,0
BRT,BRT_POWER_001,2026-03-01T17:43:00+00:00,36.94876855059788,kW,GOOD,SYNTHETIC_ML_DATASET,NORMAL,0
BRT,BRT_PRESS_001,2026-03-01T17:43:00+00:00,982.5263541114467,hPa,GOOD,SYNTHETIC_ML_DATASET,NORMAL,0
BRT,BRT_TEMP_001,2026-03-01T17:43:00+00:00,-12.924966369489653,C,GOOD,SYNTHETIC_ML_DATASET,NORMAL,0
BRT,BRT_VIB_001,2026-03-01T17:43:00+00:00,0.6285653423518633,mm/s,GOOD,SYNTHETIC_ML_DATASET,NORMAL,0
BRT,BRT_HUM_001,2026-03-01T17:44:00+00:00,52.8205808301733,%,GOOD,SYNTHETIC_ML_DATASET,NORMAL,0
BRT,BRT_POWER_001,2026-03-01T17:44:00+00:00,36.902070077707855,kW,GOOD,SYNTHETIC_ML_DATASET,NORMAL,0
BRT,BRT_PRESS_001,2026-03-01T17:44:00+00:00,982.5797553779015,hPa,GOOD,SYNTHETIC_ML_DATASET,NORMAL,0
BRT,BRT_TEMP_001,2026-03-01T17:44:00+00:00,-13.076542226858873,C,GOOD,SYNTHETIC_ML_DATASET,NORMAL,0
BRT,BRT_VIB_001,2026-03-01T17:44:00+00:00,0.6324919260268124,mm/s,GOOD,SYNTHETIC_ML_DATASET,NORMAL,0
BRT,BRT_HUM_001,2026-03-01T17:45:00+00:00,52.417292391732964,%,GOOD,SYNTHETIC_ML_DATASET,NORMAL,0
BRT,BRT_POWER_001,2026-03-01T17:45:00+00:00,37.13398218181618,kW,GOOD,SYNTHETIC_ML_DATASET,NORMAL,0
BRT,BRT_PRESS_001,2026-03-01T17:45:00+00:00,982.4127895196261,hPa,GOOD,SYNTHETIC_ML_DATASET,NORMAL,0
BRT,BRT_TEMP_001,2026-03-01T17:45:00+00:00,-13.088768680909288,C,GOOD,SYNTHETIC_ML_DATASET,NORMAL,0
BRT,BRT_VIB_001,2026-03-01T17:45:00+00:00,0.6139985943560009,mm/s,GOOD,SYNTHETIC_ML_DATASET,NORMAL,0
BRT,BRT_HUM_001,2026-03-01T17:46:00+00:00,52.596124223132634,%,GOOD,SYNTHETIC_ML_DATASET,NORMAL,0
BRT,BRT_POWER_001,2026-03-01T17:46:00+00:00,37.17982562463914,kW,GOOD,SYNTHETIC_ML_DATASET,NORMAL,0
BRT,BRT_PRESS_001,2026-03-01T17:46:00+00:00,982.4552808558122,hPa,GOOD,SYNTHETIC_ML_DATASET,NORMAL,0
BRT,BRT_TEMP_001,2026-03-01T17:46:00+00:00,-13.1976935511208,C,GOOD,SYNTHETIC_ML_DATASET,NORMAL,0
BRT,BRT_VIB_001,2026-03-01T17:46:00+00:00,0.6232998603537979,mm/s,GOOD,SYNTHETIC_ML_DATASET,NORMAL,0
BRT,BRT_HUM_001,2026-03-01T17:47:00+00:00,52.18227441058595,%,GOOD,SYNTHETIC_ML_DATASET,NORMAL,0
BRT,BRT_POWER_001,2026-03-01T17:47:00+00:00,37.04296582631231,kW,GOOD,SYNTHETIC_ML_DATASET,NORMAL,0
BRT,BRT_PRESS_001,2026-03-01T17:47:00+00:00,982.3467492527557,hPa,GOOD,SYNTHETIC_ML_DATASET,NORMAL,0
BRT,BRT_TEMP_001,2026-03-01T17:47:00+00:00,-13.164133578682529,C,GOOD,SYNTHETIC_ML_DATASET,NORMAL,0
BRT,BRT_VIB_001,2026-03-01T17:47:00+00:00,0.6221743452049446,mm/s,GOOD,SYNTHETIC_ML_DATASET,NORMAL,0
BRT,BRT_HUM_001,2026-03-01T17:48:00+00:00,51.905085789920676,%,GOOD,SYNTHETIC_ML_DATASET,NORMAL,0
BRT,BRT_POWER_001,2026-03-01T17:48:00+00:00,37.06182622157244,kW,GOOD,SYNTHETIC_ML_DATASET,NORMAL,0
BRT,BRT_PRESS_001,2026-03-01T17:48:00+00:00,982.4182994012064,hPa,GOOD,SYNTHETIC_ML_DATASET,NORMAL,0
BRT,BRT_TEMP_001,2026-03-01T17:48:00+00:00,-12.884491288312947,C,GOOD,SYNTHETIC_ML_DATASET,NORMAL,0
BRT,BRT_VIB_001,2026-03-01T17:48:00+00:00,0.6085596471387973,mm/s,GOOD,SYNTHETIC_ML_DATASET,NORMAL,0
BRT,BRT_HUM_001,2026-03-01T17:49:00+00:00,51.54487635850506,%,GOOD,SYNTHETIC_ML_DATASET,NORMAL,0
BRT,BRT_POWER_001,2026-03-01T17:49:00+00:00,37.03192967803364,kW,GOOD,SYNTHETIC_ML_DATASET,NORMAL,0
BRT,BRT_PRESS_001,2026-03-01T17:49:00+00:00,982.523480288269,hPa,GOOD,SYNTHETIC_ML_DATASET,NORMAL,0
BRT,BRT_TEMP_001,2026-03-01T17:49:00+00:00,-13.23141753723182,C,GOOD,SYNTHETIC_ML_DATASET,NORMAL,0
BRT,BRT_VIB_001,2026-03-01T17:49:00+00:00,0.6164873785491745,mm/s,GOOD,SYNTHETIC_ML_DATASET,NORMAL,0
BRT,BRT_HUM_001,2026-03-01T17:50:00+00:00,51.415765875315806,%,GOOD,SYNTHETIC_ML_DATASET,NORMAL,0
BRT,BRT_POWER_001,2026-03-01T17:50:00+00:00,37.27244839166889,kW,GOOD,SYNTHETIC_ML_DATASET,NORMAL,0
BRT,BRT_PRESS_001,2026-03-01T17:50:00+00:00,982.3247793278263,hPa,GOOD,SYNTHETIC_ML_DATASET,NORMAL,0
BRT,BRT_TEMP_001,2026-03-01T17:50:00+00:00,-13.101093012585519,C,GOOD,SYNTHETIC_ML_DATASET,NORMAL,0
BRT,BRT_VIB_001,2026-03-01T17:50:00+00:00,0.6282529615973845,mm/s,GOOD,SYNTHETIC_ML_DATASET,NORMAL,0
BRT,BRT_HUM_001,2026-03-01T17:51:00+00:00,51.60377861636898,%,GOOD,SYNTHETIC_ML_DATASET,NORMAL,0
BRT,BRT_POWER_001,2026-03-01T17:51:00+00:00,37.116251217303265,kW,GOOD,SYNTHETIC_ML_DATASET,NORMAL,0
BRT,BRT_PRESS_001,2026-03-01T17:51:00+00:00,982.314104419118,hPa,GOOD,SYNTHETIC_ML_DATASET,NORMAL,0
BRT,BRT_TEMP_001,2026-03-01T17:51:00+00:00,-13.300890361797615,C,GOOD,SYNTHETIC_ML_DATASET,NORMAL,0
BRT,BRT_VIB_001,2026-03-01T17:51:00+00:00,0.6387131767173708,mm/s,GOOD,SYNTHETIC_ML_DATASET,NORMAL,0
BRT,BRT_HUM_001,2026-03-01T17:52:00+00:00,51.83798611179973,%,GOOD,SYNTHETIC_ML_DATASET,NORMAL,0
BRT,BRT_POWER_001,2026-03-01T17:52:00+00:00,37.52176160354887,kW,GOOD,SYNTHETIC_ML_DATASET,NORMAL,0
BRT,BRT_PRESS_001,2026-03-01T17:52:00+00:00,982.432491660575,hPa,GOOD,SYNTHETIC_ML_DATASET,NORMAL,0
BRT,BRT_TEMP_001,2026-03-01T17:52:00+00:00,-13.528729289428869,C,GOOD,SYNTHETIC_ML_DATASET,NORMAL,0
BRT,BRT_VIB_001,2026-03-01T17:52:00+00:00,0.6166434093471023,mm/s,GOOD,SYNTHETIC_ML_DATASET,NORMAL,0
BRT,BRT_HUM_001,2026-03-01T17:53:00+00:00,51.68903585970628,%,GOOD,SYNTHETIC_ML_DATASET,NORMAL,0
BRT,BRT_POWER_001,2026-03-01T17:53:00+00:00,36.63309143938515,kW,GOOD,SYNTHETIC_ML_DATASET,NORMAL,0
BRT,BRT_PRESS_001,2026-03-01T17:53:00+00:00,982.3635835956575,hPa,GOOD,SYNTHETIC_ML_DATASET,NORMAL,0
BRT,BRT_TEMP_001,2026-03-01T17:53:00+00:00,-13.448636915344949,C,GOOD,SYNTHETIC_ML_DATASET,NORMAL,0
BRT,BRT_VIB_001,2026-03-01T17:53:00+00:00,0.6428903004286134,mm/s,GOOD,SYNTHETIC_ML_DATASET,NORMAL,0
BRT,BRT_HUM_001,2026-03-01T17:54:00+00:00,51.40228185852067,%,GOOD,SYNTHETIC_ML_DATASET,NORMAL,0
BRT,BRT_POWER_001,2026-03-01T17:54:00+00:00,37.36333111896149,kW,GOOD,SYNTHETIC_ML_DATASET,NORMAL,0
BRT,BRT_PRESS_001,2026-03-01T17:54:00+00:00,982.362224099875,hPa,GOOD,SYNTHETIC_ML_DATASET,NORMAL,0
BRT,BRT_TEMP_001,2026-03-01T17:54:00+00:00,-13.489250609707891,C,GOOD,SYNTHETIC_ML_DATASET,NORMAL,0
BRT,BRT_VIB_001,2026-03-01T17:54:00+00:00,0.6111098977003232,mm/s,GOOD,SYNTHETIC_ML_DATASET,NORMAL,0
BRT,BRT_HUM_001,2026-03-01T17:55:00+00:00,51.82894204947784,%,GOOD,SYNTHETIC_ML_DATASET,NORMAL,0
BRT,BRT_POWER_001,2026-03-01T17:55:00+00:00,36.71891949969379,kW,GOOD,SYNTHETIC_ML_DATASET,NORMAL,0
BRT,BRT_PRESS_001,2026-03-01T17:55:00+00:00,982.2016148905161,hPa,GOOD,SYNTHETIC_ML_DATASET,NORMAL,0
BRT,BRT_TEMP_001,2026-03-01T17:55:00+00:00,-13.692635895459272,C,GOOD,SYNTHETIC_ML_DATASET,NORMAL,0
BRT,BRT_VIB_001,2026-03-01T17:55:00+00:00,0.6267408460163455,mm/s,GOOD,SYNTHETIC_ML_DATASET,NORMAL,0
BRT,BRT_HUM_001,2026-03-01T17:56:00+00:00,50.629865968615555,%,GOOD,SYNTHETIC_ML_DATASET,NORMAL,0
BRT,BRT_POWER_001,2026-03-01T17:56:00+00:00,37.108542404325505,kW,GOOD,SYNTHETIC_ML_DATASET,NORMAL,0
BRT,BRT_PRESS_001,2026-03-01T17:56:00+00:00,982.4313021017997,hPa,GOOD,SYNTHETIC_ML_DATASET,NORMAL,0
BRT,BRT_TEMP_001,2026-03-01T17:56:00+00:00,-13.481324407573721,C,GOOD,SYNTHETIC_ML_DATASET,NORMAL,0
BRT,BRT_VIB_001,2026-03-01T17:56:00+00:00,0.6435270557090412,mm/s,GOOD,SYNTHETIC_ML_DATASET,NORMAL,0
BRT,BRT_HUM_001,2026-03-01T17:57:00+00:00,50.8283199192309,%,GOOD,SYNTHETIC_ML_DATASET,NORMAL,0
BRT,BRT_POWER_001,2026-03-01T17:57:00+00:00,37.676763687741605,kW,GOOD,SYNTHETIC_ML_DATASET,NORMAL,0
BRT,BRT_PRESS_001,2026-03-01T17:57:00+00:00,982.3795726915536,hPa,GOOD,SYNTHETIC_ML_DATASET,NORMAL,0
BRT,BRT_TEMP_001,2026-03-01T17:57:00+00:00,-13.404535348481819,C,GOOD,SYNTHETIC_ML_DATASET,NORMAL,0
BRT,BRT_VIB_001,2026-03-01T17:57:00+00:00,0.6408286890418267,mm/s,GOOD,SYNTHETIC_ML_DATASET,NORMAL,0
BRT,BRT_HUM_001,2026-03-01T17:58:00+00:00,51.071034645318555,%,GOOD,SYNTHETIC_ML_DATASET,NORMAL,0
BRT,BRT_POWER_001,2026-03-01T17:58:00+00:00,37.11359008497443,kW,GOOD,SYNTHETIC_ML_DATASET,NORMAL,0
BRT,BRT_PRESS_001,2026-03-01T17:58:00+00:00,982.3574789914182,hPa,GOOD,SYNTHETIC_ML_DATASET,NORMAL,0
BRT,BRT_TEMP_001,2026-03-01T17:58:00+00:00,-13.428115367689834,C,GOOD,SYNTHETIC_ML_DATASET,NORMAL,0
BRT,BRT_VIB_001,2026-03-01T17:58:00+00:00,0.6558278453303867,mm/s,GOOD,SYNTHETIC_ML_DATASET,NORMAL,0
BRT,BRT_HUM_001,2026-03-01T17:59:00+00:00,51.10601997347578,%,GOOD,SYNTHETIC_ML_DATASET,NORMAL,0
BRT,BRT_POWER_001,2026-03-01T17:59:00+00:00,37.54515799798899,kW,GOOD,SYNTHETIC_ML_DATASET,NORMAL,0
BRT,BRT_PRESS_001,2026-03-01T17:59:00+00:00,982.3151827850115,hPa,GOOD,SYNTHETIC_ML_DATASET,NORMAL,0
BRT,BRT_TEMP_001,2026-03-01T17:59:00+00:00,-13.063980608241748,C,GOOD,SYNTHETIC_ML_DATASET,NORMAL,0
BRT,BRT_VIB_001,2026-03-01T17:59:00+00:00,0.6327109523536607,mm/s,GOOD,SYNTHETIC_ML_DATASET,NORMAL,0
BRT,BRT_HUM_001,2026-03-01T18:00:00+00:00,50.911251579152506,%,GOOD,SYNTHETIC_ML_DATASET,NORMAL,0
BRT,BRT_POWER_001,2026-03-01T18:00:00+00:00,37.145775558610076,kW,GOOD,SYNTHETIC_ML_DATASET,NORMAL,0
BRT,BRT_PRESS_001,2026-03-01T18:00:00+00:00,982.4498584997881,hPa,GOOD,SYNTHETIC_ML_DATASET,NORMAL,0
BRT,BRT_TEMP_001,2026-03-01T18:00:00+00:00,-13.21725401500387,C,GOOD,SYNTHETIC_ML_DATASET,NORMAL,0
BRT,BRT_VIB_001,2026-03-01T18:00:00+00:00,0.6570886631030021,mm/s,GOOD,SYNTHETIC_ML_DATASET,NORMAL,0
BRT,BRT_HUM_001,2026-03-01T18:01:00+00:00,51.24999852732372,%,GOOD,SYNTHETIC_ML_DATASET,NORMAL,0
BRT,BRT_POWER_001,2026-03-01T18:01:00+00:00,37.55349717500253,kW,GOOD,SYNTHETIC_ML_DATASET,NORMAL,0
BRT,BRT_PRESS_001,2026-03-01T18:01:00+00:00,982.4065909760919,hPa,GOOD,SYNTHETIC_ML_DATASET,NORMAL,0
BRT,BRT_TEMP_001,2026-03-01T18:01:00+00:00,-13.314625793695516,C,GOOD,SYNTHETIC_ML_DATASET,NORMAL,0
BRT,BRT_VIB_001,2026-03-01T18:01:00+00:00,0.6253663419579488,mm/s,GOOD,SYNTHETIC_ML_DATASET,NORMAL,0
BRT,BRT_HUM_001,2026-03-01T18:02:00+00:00,51.76700181316231,%,GOOD,SYNTHETIC_ML_DATASET,NORMAL,0
BRT,BRT_POWER_001,2026-03-01T18:02:00+00:00,37.69270355035409,kW,GOOD,SYNTHETIC_ML_DATASET,NORMAL,0
BRT,BRT_PRESS_001,2026-03-01T18:02:00+00:00,982.31105247375,hPa,GOOD,SYNTHETIC_ML_DATASET,NORMAL,0
BRT,BRT_TEMP_001,2026-03-01T18:02:00+00:00,-13.146134832211116,C,GOOD,SYNTHETIC_ML_DATASET,NORMAL,0
BRT,BRT_VIB_001,2026-03-01T18:02:00+00:00,0.6296604106205301,mm/s,GOOD,SYNTHETIC_ML_DATASET,NORMAL,0
BRT,BRT_HUM_001,2026-03-01T18:03:00+00:00,51.439069890433586,%,GOOD,SYNTHETIC_ML_DATASET,NORMAL,0
BRT,BRT_POWER_001,2026-03-01T18:03:00+00:00,37.64559488623903,kW,GOOD,SYNTHETIC_ML_DATASET,NORMAL,0
BRT,BRT_PRESS_001,2026-03-01T18:03:00+00:00,982.5154975824693,hPa,GOOD,SYNTHETIC_ML_DATASET,NORMAL,0
BRT,BRT_TEMP_001,2026-03-01T18:03:00+00:00,-13.231440937081246,C,GOOD,SYNTHETIC_ML_DATASET,NORMAL,0
BRT,BRT_VIB_001,2026-03-01T18:03:00+00:00,0.6042747114652758,mm/s,GOOD,SYNTHETIC_ML_DATASET,NORMAL,0
BRT,BRT_HUM_001,2026-03-01T18:04:00+00:00,51.33171790045489,%,GOOD,SYNTHETIC_ML_DATASET,NORMAL,0
BRT,BRT_POWER_001,2026-03-01T18:04:00+00:00,38.16467188650132,kW,GOOD,SYNTHETIC_ML_DATASET,NORMAL,0
BRT,BRT_PRESS_001,2026-03-01T18:04:00+00:00,982.5304008019182,hPa,GOOD,SYNTHETIC_ML_DATASET,NORMAL,0
BRT,BRT_TEMP_001,2026-03-01T18:04:00+00:00,-13.225653731528922,C,GOOD,SYNTHETIC_ML_DATASET,NORMAL,0
BRT,BRT_VIB_001,2026-03-01T18:04:00+00:00,0.5881638106398422,mm/s,GOOD,SYNTHETIC_ML_DATASET,NORMAL,0
BRT,BRT_HUM_001,2026-03-01T18:05:00+00:00,51.38631048743293,%,GOOD,SYNTHETIC_ML_DATASET,NORMAL,0
BRT,BRT_POWER_001,2026-03-01T18:05:00+00:00,37.84367571942775,kW,GOOD,SYNTHETIC_ML_DATASET,NORMAL,0
BRT,BRT_PRESS_001,2026-03-01T18:05:00+00:00,982.5217470283952,hPa,GOOD,SYNTHETIC_ML_DATASET,NORMAL,0
BRT,BRT_TEMP_001,2026-03-01T18:05:00+00:00,-13.14487776128455,C,GOOD,SYNTHETIC_ML_DATASET,NORMAL,0
BRT,BRT_VIB_001,2026-03-01T18:05:00+00:00,0.5789325776972519,mm/s,GOOD,SYNTHETIC_ML_DATASET,NORMAL,0
BRT,BRT_HUM_001,2026-03-01T18:06:00+00:00,51.888557467091246,%,GOOD,SYNTHETIC_ML_DATASET,NORMAL,0
BRT,BRT_POWER_001,2026-03-01T18:06:00+00:00,37.35380287392212,kW,GOOD,SYNTHETIC_ML_DATASET,NORMAL,0
BRT,BRT_PRESS_001,2026-03-01T18:06:00+00:00,982.4647075571368,hPa,GOOD,SYNTHETIC_ML_DATASET,NORMAL,0
BRT,BRT_TEMP_001,2026-03-01T18:06:00+00:00,-13.479151217593403,C,GOOD,SYNTHETIC_ML_DATASET,NORMAL,0
BRT,BRT_VIB_001,2026-03-01T18:06:00+00:00,0.6128305147781341,mm/s,GOOD,SYNTHETIC_ML_DATASET,NORMAL,0
BRT,BRT_HUM_001,2026-03-01T18:07:00+00:00,50.78392983761093,%,GOOD,SYNTHETIC_ML_DATASET,NORMAL,0
BRT,BRT_POWER_001,2026-03-01T18:07:00+00:00,36.765640608460245,kW,GOOD,SYNTHETIC_ML_DATASET,NORMAL,0
BRT,BRT_PRESS_001,2026-03-01T18:07:00+00:00,982.508930247323,hPa,GOOD,SYNTHETIC_ML_DATASET,NORMAL,0
BRT,BRT_TEMP_001,2026-03-01T18:07:00+00:00,-13.591684268561284,C,GOOD,SYNTHETIC_ML_DATASET,NORMAL,0
BRT,BRT_VIB_001,2026-03-01T18:07:00+00:00,0.6186776786424797,mm/s,GOOD,SYNTHETIC_ML_DATASET,NORMAL,0
BRT,BRT_HUM_001,2026-03-01T18:08:00+00:00,51.254455807404874,%,GOOD,SYNTHETIC_ML_DATASET,NORMAL,0
BRT,BRT_POWER_001,2026-03-01T18:08:00+00:00,36.76612069537661,kW,GOOD,SYNTHETIC_ML_DATASET,NORMAL,0
BRT,BRT_PRESS_001,2026-03-01T18:08:00+00:00,982.4566682752929,hPa,GOOD,SYNTHETIC_ML_DATASET,NORMAL,0
BRT,BRT_TEMP_001,2026-03-01T18:08:00+00:00,-13.404943894401669,C,GOOD,SYNTHETIC_ML_DATASET,NORMAL,0
BRT,BRT_VIB_001,2026-03-01T18:08:00+00:00,0.6094283721541647,mm/s,GOOD,SYNTHETIC_ML_DATASET,NORMAL,0
BRT,BRT_HUM_001,2026-03-01T18:09:00+00:00,51.04349427547767,%,GOOD,SYNTHETIC_ML_DATASET,NORMAL,0
BRT,BRT_POWER_001,2026-03-01T18:09:00+00:00,37.4146134725826,kW,GOOD,SYNTHETIC_ML_DATASET,NORMAL,0
BRT,BRT_PRESS_001,2026-03-01T18:09:00+00:00,982.352713418861,hPa,GOOD,SYNTHETIC_ML_DATASET,NORMAL,0
BRT,BRT_TEMP_001,2026-03-01T18:09:00+00:00,-13.332460726146717,C,GOOD,SYNTHETIC_ML_DATASET,NORMAL,0
BRT,BRT_VIB_001,2026-03-01T18:09:00+00:00,0.6257746493114467,mm/s,GOOD,SYNTHETIC_ML_DATASET,NORMAL,0
BRT,BRT_HUM_001,2026-03-01T18:10:00+00:00,51.04629540980981,%,GOOD,SYNTHETIC_ML_DATASET,NORMAL,0
BRT,BRT_POWER_001,2026-03-01T18:10:00+00:00,37.765638001896306,kW,GOOD,SYNTHETIC_ML_DATASET,NORMAL,0
BRT,BRT_PRESS_001,2026-03-01T18:10:00+00:00,982.4189835375269,hPa,GOOD,SYNTHETIC_ML_DATASET,NORMAL,0
BRT,BRT_TEMP_001,2026-03-01T18:10:00+00:00,-13.344293062167411,C,GOOD,SYNTHETIC_ML_DATASET,NORMAL,0
BRT,BRT_VIB_001,2026-03-01T18:10:00+00:00,0.6237432866101782,mm/s,GOOD,SYNTHETIC_ML_DATASET,NORMAL,0
BRT,BRT_HUM_001,2026-03-01T18:11:00+00:00,51.43314689452594,%,GOOD,SYNTHETIC_ML_DATASET,NORMAL,0
BRT,BRT_POWER_001,2026-03-01T18:11:00+00:00,38.09536314428378,kW,GOOD,SYNTHETIC_ML_DATASET,NORMAL,0
BRT,BRT_PRESS_001,2026-03-01T18:11:00+00:00,982.4467026826759,hPa,GOOD,SYNTHETIC_ML_DATASET,NORMAL,0
BRT,BRT_TEMP_001,2026-03-01T18:11:00+00:00,-13.523132636115344,C,GOOD,SYNTHETIC_ML_DATASET,NORMAL,0
BRT,BRT_VIB_001,2026-03-01T18:11:00+00:00,0.646016598862839,mm/s,GOOD,SYNTHETIC_ML_DATASET,NORMAL,0
BRT,BRT_HUM_001,2026-03-01T18:12:00+00:00,51.31036551607925,%,GOOD,SYNTHETIC_ML_DATASET,NORMAL,0
BRT,BRT_POWER_001,2026-03-01T18:12:00+00:00,37.751323048182925,kW,GOOD,SYNTHETIC_ML_DATASET,NORMAL,0
BRT,BRT_PRESS_001,2026-03-01T18:12:00+00:00,982.5815407684664,hPa,GOOD,SYNTHETIC_ML_DATASET,NORMAL,0
BRT,BRT_TEMP_001,2026-03-01T18:12:00+00:00,-13.258774271134778,C,GOOD,SYNTHETIC_ML_DATASET,NORMAL,0
BRT,BRT_VIB_001,2026-03-01T18:12:00+00:00,0.6335113052573403,mm/s,GOOD,SYNTHETIC_ML_DATASET,NORMAL,0
BRT,BRT_HUM_001,2026-03-01T18:13:00+00:00,51.69300063354443,%,GOOD,SYNTHETIC_ML_DATASET,NORMAL,0
BRT,BRT_POWER_001,2026-03-01T18:13:00+00:00,37.80078084422941,kW,GOOD,SYNTHETIC_ML_DATASET,NORMAL,0
BRT,BRT_PRESS_001,2026-03-01T18:13:00+00:00,982.445998590285,hPa,GOOD,SYNTHETIC_ML_DATASET,NORMAL,0
BRT,BRT_TEMP_001,2026-03-01T18:13:00+00:00,-13.40324938183452,C,GOOD,SYNTHETIC_ML_DATASET,NORMAL,0
BRT,BRT_VIB_001,2026-03-01T18:13:00+00:00,0.6519795656643005,mm/s,GOOD,SYNTHETIC_ML_DATASET,NORMAL,0
BRT,BRT_HUM_001,2026-03-01T18:14:00+00:00,52.96704064487288,%,GOOD,SYNTHETIC_ML_DATASET,NORMAL,0
BRT,BRT_POWER_001,2026-03-01T18:14:00+00:00,37.97213515747798,kW,GOOD,SYNTHETIC_ML_DATASET,NORMAL,0
BRT,BRT_PRESS_001,2026-03-01T18:14:00+00:00,982.4959105638835,hPa,GOOD,SYNTHETIC_ML_DATASET,NORMAL,0
BRT,BRT_TEMP_001,2026-03-01T18:14:00+00:00,-13.17041622582192,C,GOOD,SYNTHETIC_ML_DATASET,NORMAL,0
BRT,BRT_VIB_001,2026-03-01T18:14:00+00:00,0.6596927586188535,mm/s,GOOD,SYNTHETIC_ML_DATASET,NORMAL,0
BRT,BRT_HUM_001,2026-03-01T18:15:00+00:00,52.30092931206302,%,GOOD,SYNTHETIC_ML_DATASET,NORMAL,0
BRT,BRT_POWER_001,2026-03-01T18:15:00+00:00,37.896997499728414,kW,GOOD,SYNTHETIC_ML_DATASET,NORMAL,0
BRT,BRT_PRESS_001,2026-03-01T18:15:00+00:00,982.5062437838486,hPa,GOOD,SYNTHETIC_ML_DATASET,NORMAL,0
BRT,BRT_TEMP_001,2026-03-01T18:15:00+00:00,-13.3413793907467,C,GOOD,SYNTHETIC_ML_DATASET,NORMAL,0
BRT,BRT_VIB_001,2026-03-01T18:15:00+00:00,0.6631774486306519,mm/s,GOOD,SYNTHETIC_ML_DATASET,NORMAL,0
BRT,BRT_HUM_001,2026-03-01T18:16:00+00:00,52.571618812248346,%,GOOD,SYNTHETIC_ML_DATASET,NORMAL,0
BRT,BRT_POWER_001,2026-03-01T18:16:00+00:00,38.071081283583794,kW,GOOD,SYNTHETIC_ML_DATASET,NORMAL,0
BRT,BRT_PRESS_001,2026-03-01T18:16:00+00:00,982.5435693416523,hPa,GOOD,SYNTHETIC_ML_DATASET,NORMAL,0
BRT,BRT_TEMP_001,2026-03-01T18:16:00+00:00,-12.914177823891764,C,GOOD,SYNTHETIC_ML_DATASET,NORMAL,0
BRT,BRT_VIB_001,2026-03-01T18:16:00+00:00,0.681842356696539,mm/s,GOOD,SYNTHETIC_ML_DATASET,NORMAL,0
BRT,BRT_HUM_001,2026-03-01T18:17:00+00:00,52.607390832071005,%,GOOD,SYNTHETIC_ML_DATASET,NORMAL,0
BRT,BRT_POWER_001,2026-03-01T18:17:00+00:00,37.580329760783485,kW,GOOD,SYNTHETIC_ML_DATASET,NORMAL,0
BRT,BRT_PRESS_001,2026-03-01T18:17:00+00:00,982.3894683521481,hPa,GOOD,SYNTHETIC_ML_DATASET,NORMAL,0
BRT,BRT_TEMP_001,2026-03-01T18:17:00+00:00,-13.061137733827481,C,GOOD,SYNTHETIC_ML_DATASET,NORMAL,0
BRT,BRT_VIB_001,2026-03-01T18:17:00+00:00,0.6878806489762861,mm/s,GOOD,SYNTHETIC_ML_DATASET,NORMAL,0
BRT,BRT_HUM_001,2026-03-01T18:18:00+00:00,53.45304147657859,%,GOOD,SYNTHETIC_ML_DATASET,NORMAL,0
BRT,BRT_POWER_001,2026-03-01T18:18:00+00:00,37.95565252473571,kW,GOOD,SYNTHETIC_ML_DATASET,NORMAL,0
BRT,BRT_PRESS_001,2026-03-01T18:18:00+00:00,982.3841345623003,hPa,GOOD,SYNTHETIC_ML_DATASET,NORMAL,0
BRT,BRT_TEMP_001,2026-03-01T18:18:00+00:00,-12.674649778459845,C,GOOD,SYNTHETIC_ML_DATASET,NORMAL,0
BRT,BRT_VIB_001,2026-03-01T18:18:00+00:00,0.6982498348980161,mm/s,GOOD,SYNTHETIC_ML_DATASET,NORMAL,0
BRT,BRT_HUM_001,2026-03-01T18:19:00+00:00,53.73951891056909,%,GOOD,SYNTHETIC_ML_DATASET,NORMAL,0
BRT,BRT_POWER_001,2026-03-01T18:19:00+00:00,37.48011454634681,kW,GOOD,SYNTHETIC_ML_DATASET,NORMAL,0
BRT,BRT_PRESS_001,2026-03-01T18:19:00+00:00,982.4384500410298,hPa,GOOD,SYNTHETIC_ML_DATASET,NORMAL,0
BRT,BRT_TEMP_001,2026-03-01T18:19:00+00:00,-12.695000112778242,C,GOOD,SYNTHETIC_ML_DATASET,NORMAL,0
BRT,BRT_VIB_001,2026-03-01T18:19:00+00:00,0.6712416185129565,mm/s,GOOD,SYNTHETIC_ML_DATASET,NORMAL,0
BRT,BRT_HUM_001,2026-03-01T18:20:00+00:00,54.01583592062357,%,GOOD,SYNTHETIC_ML_DATASET,NORMAL,0
BRT,BRT_POWER_001,2026-03-01T18:20:00+00:00,37.63052927296946,kW,GOOD,SYNTHETIC_ML_DATASET,NORMAL,0
BRT,BRT_PRESS_001,2026-03-01T18:20:00+00:00,982.4196609333723,hPa,GOOD,SYNTHETIC_ML_DATASET,NORMAL,0
BRT,BRT_TEMP_001,2026-03-01T18:20:00+00:00,-12.74872065245228,C,GOOD,SYNTHETIC_ML_DATASET,NORMAL,0
BRT,BRT_VIB_001,2026-03-01T18:20:00+00:00,0.6665456960070594,mm/s,GOOD,SYNTHETIC_ML_DATASET,NORMAL,0
BRT,BRT_HUM_001,2026-03-01T18:21:00+00:00,53.80584745917538,%,GOOD,SYNTHETIC_ML_DATASET,NORMAL,0
BRT,BRT_POWER_001,2026-03-01T18:21:00+00:00,37.857155263067106,kW,GOOD,SYNTHETIC_ML_DATASET,NORMAL,0
BRT,BRT_PRESS_001,2026-03-01T18:21:00+00:00,982.5045745530191,hPa,GOOD,SYNTHETIC_ML_DATASET,NORMAL,0
BRT,BRT_TEMP_001,2026-03-01T18:21:00+00:00,-12.63282749286241,C,GOOD,SYNTHETIC_ML_DATASET,NORMAL,0
BRT,BRT_VIB_001,2026-03-01T18:21:00+00:00,0.6760023266001463,mm/s,GOOD,SYNTHETIC_ML_DATASET,NORMAL,0
BRT,BRT_HUM_001,2026-03-01T18:22:00+00:00,53.062445818695195,%,GOOD,SYNTHETIC_ML_DATASET,NORMAL,0
BRT,BRT_POWER_001,2026-03-01T18:22:00+00:00,37.69445444969007,kW,GOOD,SYNTHETIC_ML_DATASET,NORMAL,0
BRT,BRT_PRESS_001,2026-03-01T18:22:00+00:00,982.5862443325155,hPa,GOOD,SYNTHETIC_ML_DATASET,NORMAL,0
BRT,BRT_TEMP_001,2026-03-01T18:22:00+00:00,-12.433454712194067,C,GOOD,SYNTHETIC_ML_DATASET,NORMAL,0
BRT,BRT_VIB_001,2026-03-01T18:22:00+00:00,0.656339222412577,mm/s,GOOD,SYNTHETIC_ML_DATASET,NORMAL,0
BRT,BRT_HUM_001,2026-03-01T18:23:00+00:00,53.52818201103383,%,GOOD,SYNTHETIC_ML_DATASET,NORMAL,0
BRT,BRT_POWER_001,2026-03-01T18:23:00+00:00,38.153639736048575,kW,GOOD,SYNTHETIC_ML_DATASET,NORMAL,0
BRT,BRT_PRESS_001,2026-03-01T18:23:00+00:00,982.6134051928478,hPa,GOOD,SYNTHETIC_ML_DATASET,NORMAL,0
BRT,BRT_TEMP_001,2026-03-01T18:23:00+00:00,-12.349730574008552,C,GOOD,SYNTHETIC_ML_DATASET,NORMAL,0
BRT,BRT_VIB_001,2026-03-01T18:23:00+00:00,0.6530350059093916,mm/s,GOOD,SYNTHETIC_ML_DATASET,NORMAL,0
BRT,BRT_HUM_001,2026-03-01T18:24:00+00:00,52.366360773415536,%,GOOD,SYNTHETIC_ML_DATASET,NORMAL,0
BRT,BRT_POWER_001,2026-03-01T18:24:00+00:00,38.621095997515006,kW,GOOD,SYNTHETIC_ML_DATASET,NORMAL,0
BRT,BRT_PRESS_001,2026-03-01T18:24:00+00:00,982.5357709607341,hPa,GOOD,SYNTHETIC_ML_DATASET,NORMAL,0
BRT,BRT_TEMP_001,2026-03-01T18:24:00+00:00,-12.563435987331118,C,GOOD,SYNTHETIC_ML_DATASET,NORMAL,0
BRT,BRT_VIB_001,2026-03-01T18:24:00+00:00,0.7048071846288118,mm/s,GOOD,SYNTHETIC_ML_DATASET,NORMAL,0
BRT,BRT_HUM_001,2026-03-01T18:25:00+00:00,52.37026933425165,%,GOOD,SYNTHETIC_ML_DATASET,NORMAL,0
BRT,BRT_POWER_001,2026-03-01T18:25:00+00:00,38.26667107306826,kW,GOOD,SYNTHETIC_ML_DATASET,NORMAL,0
BRT,BRT_PRESS_001,2026-03-01T18:25:00+00:00,982.4873243763694,hPa,GOOD,SYNTHETIC_ML_DATASET,NORMAL,0
BRT,BRT_TEMP_001,2026-03-01T18:25:00+00:00,-12.470538047280646,C,GOOD,SYNTHETIC_ML_DATASET,NORMAL,0
BRT,BRT_VIB_001,2026-03-01T18:25:00+00:00,0.6843874623892803,mm/s,GOOD,SYNTHETIC_ML_DATASET,NORMAL,0
BRT,BRT_HUM_001,2026-03-01T18:26:00+00:00,52.438637301136296,%,GOOD,SYNTHETIC_ML_DATASET,NORMAL,0
BRT,BRT_POWER_001,2026-03-01T18:26:00+00:00,38.39686727318036,kW,GOOD,SYNTHETIC_ML_DATASET,NORMAL,0
BRT,BRT_PRESS_001,2026-03-01T18:26:00+00:00,982.4967606725162,hPa,GOOD,SYNTHETIC_ML_DATASET,NORMAL,0
BRT,BRT_TEMP_001,2026-03-01T18:26:00+00:00,-12.508132663410935,C,GOOD,SYNTHETIC_ML_DATASET,NORMAL,0
BRT,BRT_VIB_001,2026-03-01T18:26:00+00:00,0.7022302971399247,mm/s,GOOD,SYNTHETIC_ML_DATASET,NORMAL,0
BRT,BRT_HUM_001,2026-03-01T18:27:00+00:00,52.307000034065204,%,GOOD,SYNTHETIC_ML_DATASET,NORMAL,0
BRT,BRT_POWER_001,2026-03-01T18:27:00+00:00,37.89002182762023,kW,GOOD,SYNTHETIC_ML_DATASET,NORMAL,0
BRT,BRT_PRESS_001,2026-03-01T18:27:00+00:00,982.5741499694066,hPa,GOOD,SYNTHETIC_ML_DATASET,NORMAL,0
BRT,BRT_TEMP_001,2026-03-01T18:27:00+00:00,-12.624834076243328,C,GOOD,SYNTHETIC_ML_DATASET,NORMAL,0
BRT,BRT_VIB_001,2026-03-01T18:27:00+00:00,0.6913032204277708,mm/s,GOOD,SYNTHETIC_ML_DATASET,NORMAL,0
BRT,BRT_HUM_001,2026-03-01T18:28:00+00:00,52.89327949001147,%,GOOD,SYNTHETIC_ML_DATASET,NORMAL,0
BRT,BRT_POWER_001,2026-03-01T18:28:00+00:00,37.91059223060509,kW,GOOD,SYNTHETIC_ML_DATASET,NORMAL,0
BRT,BRT_PRESS_001,2026-03-01T18:28:00+00:00,982.7426351318172,hPa,GOOD,SYNTHETIC_ML_DATASET,NORMAL,0
BRT,BRT_TEMP_001,2026-03-01T18:28:00+00:00,-12.622841551272876,C,GOOD,SYNTHETIC_ML_DATASET,NORMAL,0
BRT,BRT_VIB_001,2026-03-01T18:28:00+00:00,0.7077741364356642,mm/s,GOOD,SYNTHETIC_ML_DATASET,NORMAL,0
BRT,BRT_HUM_001,2026-03-01T18:29:00+00:00,52.814754950006744,%,GOOD,SYNTHETIC_ML_DATASET,NORMAL,0
BRT,BRT_POWER_001,2026-03-01T18:29:00+00:00,38.232325320552725,kW,GOOD,SYNTHETIC_ML_DATASET,NORMAL,0
BRT,BRT_PRESS_001,2026-03-01T18:29:00+00:00,982.5511268971352,hPa,GOOD,SYNTHETIC_ML_DATASET,NORMAL,0
BRT,BRT_TEMP_001,2026-03-01T18:29:00+00:00,-12.468202605739151,C,GOOD,SYNTHETIC_ML_DATASET,NORMAL,0
BRT,BRT_VIB_001,2026-03-01T18:29:00+00:00,0.7064984335952893,mm/s,GOOD,SYNTHETIC_ML_DATASET,NORMAL,0
BRT,BRT_HUM_001,2026-03-01T18:30:00+00:00,54.080502692382474,%,GOOD,SYNTHETIC_ML_DATASET,NORMAL,0
BRT,BRT_POWER_001,2026-03-01T18:30:00+00:00,38.14278600222912,kW,GOOD,SYNTHETIC_ML_DATASET,NORMAL,0
BRT,BRT_PRESS_001,2026-03-01T18:30:00+00:00,982.6926040869388,hPa,GOOD,SYNTHETIC_ML_DATASET,NORMAL,0
BRT,BRT_TEMP_001,2026-03-01T18:30:00+00:00,-12.194987114164709,C,GOOD,SYNTHETIC_ML_DATASET,NORMAL,0
BRT,BRT_VIB_001,2026-03-01T18:30:00+00:00,0.695484736024937,mm/s,GOOD,SYNTHETIC_ML_DATASET,NORMAL,0
BRT,BRT_HUM_001,2026-03-01T18:31:00+00:00,53.270445968252815,%,GOOD,SYNTHETIC_ML_DATASET,NORMAL,0
BRT,BRT_POWER_001,2026-03-01T18:31:00+00:00,37.93257534766413,kW,GOOD,SYNTHETIC_ML_DATASET,NORMAL,0
BRT,BRT_PRESS_001,2026-03-01T18:31:00+00:00,982.9504921703771,hPa,GOOD,SYNTHETIC_ML_DATASET,NORMAL,0
BRT,BRT_TEMP_001,2026-03-01T18:31:00+00:00,-12.098210243145473,C,GOOD,SYNTHETIC_ML_DATASET,NORMAL,0
BRT,BRT_VIB_001,2026-03-01T18:31:00+00:00,0.689584615774214,mm/s,GOOD,SYNTHETIC_ML_DATASET,NORMAL,0
BRT,BRT_HUM_001,2026-03-01T18:32:00+00:00,54.1992766742132,%,GOOD,SYNTHETIC_ML_DATASET,NORMAL,0
BRT,BRT_POWER_001,2026-03-01T18:32:00+00:00,37.568853056264786,kW,GOOD,SYNTHETIC_ML_DATASET,NORMAL,0
BRT,BRT_PRESS_001,2026-03-01T18:32:00+00:00,982.8998384216137,hPa,GOOD,SYNTHETIC_ML_DATASET,NORMAL,0
BRT,BRT_TEMP_001,2026-03-01T18:32:00+00:00,-12.140842467740875,C,GOOD,SYNTHETIC_ML_DATASET,NORMAL,0
BRT,BRT_VIB_001,2026-03-01T18:32:00+00:00,0.7019800704351652,mm/s,GOOD,SYNTHETIC_ML_DATASET,NORMAL,0
BRT,BRT_HUM_001,2026-03-01T18:33:00+00:00,54.117796235974716,%,GOOD,SYNTHETIC_ML_DATASET,NORMAL,0
BRT,BRT_POWER_001,2026-03-01T18:33:00+00:00,38.267080205461276,kW,GOOD,SYNTHETIC_ML_DATASET,NORMAL,0
BRT,BRT_PRESS_001,2026-03-01T18:33:00+00:00,982.874013920117,hPa,GOOD,SYNTHETIC_ML_DATASET,NORMAL,0
BRT,BRT_TEMP_001,2026-03-01T18:33:00+00:00,-12.220008502005488,C,GOOD,SYNTHETIC_ML_DATASET,NORMAL,0
BRT,BRT_VIB_001,2026-03-01T18:33:00+00:00,0.6982888226186342,mm/s,GOOD,SYNTHETIC_ML_DATASET,NORMAL,0
BRT,BRT_HUM_001,2026-03-01T18:34:00+00:00,53.99264573924156,%,GOOD,SYNTHETIC_ML_DATASET,NORMAL,0
BRT,BRT_POWER_001,2026-03-01T18:34:00+00:00,38.02391378094487,kW,GOOD,SYNTHETIC_ML_DATASET,NORMAL,0
BRT,BRT_PRESS_001,2026-03-01T18:34:00+00:00,982.8557418837637,hPa,GOOD,SYNTHETIC_ML_DATASET,NORMAL,0
BRT,BRT_TEMP_001,2026-03-01T18:34:00+00:00,-12.227646146980561,C,GOOD,SYNTHETIC_ML_DATASET,NORMAL,0
BRT,BRT_VIB_001,2026-03-01T18:34:00+00:00,0.694642979525216,mm/s,GOOD,SYNTHETIC_ML_DATASET,NORMAL,0
BRT,BRT_HUM_001,2026-03-01T18:35:00+00:00,53.411569270625264,%,GOOD,SYNTHETIC_ML_DATASET,NORMAL,0
BRT,BRT_POWER_001,2026-03-01T18:35:00+00:00,38.84159101320186,kW,GOOD,SYNTHETIC_ML_DATASET,NORMAL,0
BRT,BRT_PRESS_001,2026-03-01T18:35:00+00:00,982.921507162083,hPa,GOOD,SYNTHETIC_ML_DATASET,NORMAL,0
BRT,BRT_TEMP_001,2026-03-01T18:35:00+00:00,-12.135723091700642,C,GOOD,SYNTHETIC_ML_DATASET,NORMAL,0
BRT,BRT_VIB_001,2026-03-01T18:35:00+00:00,0.7319503011946414,mm/s,GOOD,SYNTHETIC_ML_DATASET,NORMAL,0
BRT,BRT_HUM_001,2026-03-01T18:36:00+00:00,53.06753170093168,%,GOOD,SYNTHETIC_ML_DATASET,NORMAL,0
BRT,BRT_POWER_001,2026-03-01T18:36:00+00:00,39.03877636543801,kW,GOOD,SYNTHETIC_ML_DATASET,NORMAL,0
BRT,BRT_PRESS_001,2026-03-01T18:36:00+00:00,982.9650204343379,hPa,GOOD,SYNTHETIC_ML_DATASET,NORMAL,0
BRT,BRT_TEMP_001,2026-03-01T18:36:00+00:00,-12.140456037008427,C,GOOD,SYNTHETIC_ML_DATASET,NORMAL,0
BRT,BRT_VIB_001,2026-03-01T18:36:00+00:00,0.7232740059636547,mm/s,GOOD,SYNTHETIC_ML_DATASET,NORMAL,0
BRT,BRT_HUM_001,2026-03-01T18:37:00+00:00,53.601438343009,%,GOOD,SYNTHETIC_ML_DATASET,NORMAL,0
BRT,BRT_POWER_001,2026-03-01T18:37:00+00:00,38.72199614022685,kW,GOOD,SYNTHETIC_ML_DATASET,NORMAL,0
BRT,BRT_PRESS_001,2026-03-01T18:37:00+00:00,982.9784615443912,hPa,GOOD,SYNTHETIC_ML_DATASET,NORMAL,0
BRT,BRT_TEMP_001,2026-03-01T18:37:00+00:00,-12.086021732685065,C,GOOD,SYNTHETIC_ML_DATASET,NORMAL,0
BRT,BRT_VIB_001,2026-03-01T18:37:00+00:00,0.7314153022077188,mm/s,GOOD,SYNTHETIC_ML_DATASET,NORMAL,0
BRT,BRT_HUM_001,2026-03-01T18:38:00+00:00,54.24377037109693,%,GOOD,SYNTHETIC_ML_DATASET,NORMAL,0
BRT,BRT_POWER_001,2026-03-01T18:38:00+00:00,38.393338827533896,kW,GOOD,SYNTHETIC_ML_DATASET,NORMAL,0
BRT,BRT_PRESS_001,2026-03-01T18:38:00+00:00,983.1263533587584,hPa,GOOD,SYNTHETIC_ML_DATASET,NORMAL,0
BRT,BRT_TEMP_001,2026-03-01T18:38:00+00:00,-12.085277581107812,C,GOOD,SYNTHETIC_ML_DATASET,NORMAL,0
BRT,BRT_VIB_001,2026-03-01T18:38:00+00:00,0.7483462988912172,mm/s,GOOD,SYNTHETIC_ML_DATASET,NORMAL,0
BRT,BRT_HUM_001,2026-03-01T18:39:00+00:00,54.20637906461261,%,GOOD,SYNTHETIC_ML_DATASET,NORMAL,0
BRT,BRT_POWER_001,2026-03-01T18:39:00+00:00,37.73089044401773,kW,GOOD,SYNTHETIC_ML_DATASET,NORMAL,0
BRT,BRT_PRESS_001,2026-03-01T18:39:00+00:00,983.1946380073425,hPa,GOOD,SYNTHETIC_ML_DATASET,NORMAL,0
BRT,BRT_TEMP_001,2026-03-01T18:39:00+00:00,-12.18390716779201,C,GOOD,SYNTHETIC_ML_DATASET,NORMAL,0
BRT,BRT_VIB_001,2026-03-01T18:39:00+00:00,0.7275111755420488,mm/s,GOOD,SYNTHETIC_ML_DATASET,NORMAL,0
BRT,BRT_HUM_001,2026-03-01T18:40:00+00:00,54.835226068696485,%,GOOD,SYNTHETIC_ML_DATASET,NORMAL,0
BRT,BRT_POWER_001,2026-03-01T18:40:00+00:00,38.357196321307356,kW,GOOD,SYNTHETIC_ML_DATASET,NORMAL,0
BRT,BRT_PRESS_001,2026-03-01T18:40:00+00:00,982.9683086296362,hPa,GOOD,SYNTHETIC_ML_DATASET,NORMAL,0
BRT,BRT_TEMP_001,2026-03-01T18:40:00+00:00,-11.930375428957255,C,GOOD,SYNTHETIC_ML_DATASET,NORMAL,0
BRT,BRT_VIB_001,2026-03-01T18:40:00+00:00,0.7703076687108771,mm/s,GOOD,SYNTHETIC_ML_DATASET,NORMAL,0
BRT,BRT_HUM_001,2026-03-01T18:41:00+00:00,53.81184028265147,%,GOOD,SYNTHETIC_ML_DATASET,NORMAL,0
BRT,BRT_POWER_001,2026-03-01T18:41:00+00:00,38.0420034279213,kW,GOOD,SYNTHETIC_ML_DATASET,NORMAL,0
BRT,BRT_PRESS_001,2026-03-01T18:41:00+00:00,983.1686019613494,hPa,GOOD,SYNTHETIC_ML_DATASET,NORMAL,0
BRT,BRT_TEMP_001,2026-03-01T18:41:00+00:00,-11.900821431319864,C,GOOD,SYNTHETIC_ML_DATASET,NORMAL,0
BRT,BRT_VIB_001,2026-03-01T18:41:00+00:00,0.7481262738347169,mm/s,GOOD,SYNTHETIC_ML_DATASET,NORMAL,0
BRT,BRT_HUM_001,2026-03-01T18:42:00+00:00,54.245822873921384,%,GOOD,SYNTHETIC_ML_DATASET,NORMAL,0
BRT,BRT_POWER_001,2026-03-01T18:42:00+00:00,37.7227306172551,kW,GOOD,SYNTHETIC_ML_DATASET,NORMAL,0
BRT,BRT_PRESS_001,2026-03-01T18:42:00+00:00,983.0505876215162,hPa,GOOD,SYNTHETIC_ML_DATASET,NORMAL,0
BRT,BRT_TEMP_001,2026-03-01T18:42:00+00:00,-11.871789999682168,C,GOOD,SYNTHETIC_ML_DATASET,NORMAL,0
BRT,BRT_VIB_001,2026-03-01T18:42:00+00:00,0.7641274346763681,mm/s,GOOD,SYNTHETIC_ML_DATASET,NORMAL,0
BRT,BRT_HUM_001,2026-03-01T18:43:00+00:00,54.35217254840965,%,GOOD,SYNTHETIC_ML_DATASET,NORMAL,0
BRT,BRT_POWER_001,2026-03-01T18:43:00+00:00,37.90683260944034,kW,GOOD,SYNTHETIC_ML_DATASET,NORMAL,0
BRT,BRT_PRESS_001,2026-03-01T18:43:00+00:00,983.2955846661683,hPa,GOOD,SYNTHETIC_ML_DATASET,NORMAL,0
BRT,BRT_TEMP_001,2026-03-01T18:43:00+00:00,-11.856995419023852,C,GOOD,SYNTHETIC_ML_DATASET,NORMAL,0
BRT,BRT_VIB_001,2026-03-01T18:43:00+00:00,0.751098314419853,mm/s,GOOD,SYNTHETIC_ML_DATASET,NORMAL,0
BRT,BRT_HUM_001,2026-03-01T18:44:00+00:00,54.4348585996815,%,GOOD,SYNTHETIC_ML_DATASET,NORMAL,0
BRT,BRT_POWER_001,2026-03-01T18:44:00+00:00,37.518186302497426,kW,GOOD,SYNTHETIC_ML_DATASET,NORMAL,0
BRT,BRT_PRESS_001,2026-03-01T18:44:00+00:00,983.3057537411834,hPa,GOOD,SYNTHETIC_ML_DATASET,NORMAL,0
BRT,BRT_TEMP_001,2026-03-01T18:44:00+00:00,-11.851808258660045,C,GOOD,SYNTHETIC_ML_DATASET,NORMAL,0
BRT,BRT_VIB_001,2026-03-01T18:44:00+00:00,0.7471748697241725,mm/s,GOOD,SYNTHETIC_ML_DATASET,NORMAL,0
BRT,BRT_HUM_001,2026-03-01T18:45:00+00:00,55.159004369494475,%,GOOD,SYNTHETIC_ML_DATASET,NORMAL,0
BRT,BRT_POWER_001,2026-03-01T18:45:00+00:00,38.241245878200715,kW,GOOD,SYNTHETIC_ML_DATASET,NORMAL,0
BRT,BRT_PRESS_001,2026-03-01T18:45:00+00:00,983.4627820659598,hPa,GOOD,SYNTHETIC_ML_DATASET,NORMAL,0
BRT,BRT_TEMP_001,2026-03-01T18:45:00+00:00,-11.787637800226333,C,GOOD,SYNTHETIC_ML_DATASET,NORMAL,0
BRT,BRT_VIB_001,2026-03-01T18:45:00+00:00,0.7450086310191156,mm/s,GOOD,SYNTHETIC_ML_DATASET,NORMAL,0
BRT,BRT_HUM_001,2026-03-01T18:46:00+00:00,55.2542817640984,%,GOOD,SYNTHETIC_ML_DATASET,NORMAL,0
BRT,BRT_POWER_001,2026-03-01T18:46:00+00:00,38.304108915637265,kW,GOOD,SYNTHETIC_ML_DATASET,NORMAL,0
BRT,BRT_PRESS_001,2026-03-01T18:46:00+00:00,983.4918731504239,hPa,GOOD,SYNTHETIC_ML_DATASET,NORMAL,0
BRT,BRT_TEMP_001,2026-03-01T18:46:00+00:00,-11.625607414457312,C,GOOD,SYNTHETIC_ML_DATASET,NORMAL,0
BRT,BRT_VIB_001,2026-03-01T18:46:00+00:00,0.7341687251576239,mm/s,GOOD,SYNTHETIC_ML_DATASET,NORMAL,0
BRT,BRT_HUM_001,2026-03-01T18:47:00+00:00,55.8682638594957,%,GOOD,SYNTHETIC_ML_DATASET,NORMAL,0
BRT,BRT_POWER_001,2026-03-01T18:47:00+00:00,38.614079167596294,kW,GOOD,SYNTHETIC_ML_DATASET,NORMAL,0
BRT,BRT_PRESS_001,2026-03-01T18:47:00+00:00,983.3823605744384,hPa,GOOD,SYNTHETIC_ML_DATASET,NORMAL,0
BRT,BRT_TEMP_001,2026-03-01T18:47:00+00:00,-11.535122940506485,C,GOOD,SYNTHETIC_ML_DATASET,NORMAL,0
BRT,BRT_VIB_001,2026-03-01T18:47:00+00:00,0.7521346642874439,mm/s,GOOD,SYNTHETIC_ML_DATASET,NORMAL,0
BRT,BRT_HUM_001,2026-03-01T18:48:00+00:00,56.046934612963696,%,GOOD,SYNTHETIC_ML_DATASET,NORMAL,0
BRT,BRT_POWER_001,2026-03-01T18:48:00+00:00,38.963869863968185,kW,GOOD,SYNTHETIC_ML_DATASET,NORMAL,0
BRT,BRT_PRESS_001,2026-03-01T18:48:00+00:00,983.4601984712351,hPa,GOOD,SYNTHETIC_ML_DATASET,NORMAL,0
BRT,BRT_TEMP_001,2026-03-01T18:48:00+00:00,-11.623723749851061,C,GOOD,SYNTHETIC_ML_DATASET,NORMAL,0
BRT,BRT_VIB_001,2026-03-01T18:48:00+00:00,0.7328913719939059,mm/s,GOOD,SYNTHETIC_ML_DATASET,NORMAL,0
BRT,BRT_HUM_001,2026-03-01T18:49:00+00:00,55.51271794954156,%,GOOD,SYNTHETIC_ML_DATASET,NORMAL,0
BRT,BRT_POWER_001,2026-03-01T18:49:00+00:00,38.62122783493002,kW,GOOD,SYNTHETIC_ML_DATASET,NORMAL,0
BRT,BRT_PRESS_001,2026-03-01T18:49:00+00:00,983.6602459379149,hPa,GOOD,SYNTHETIC_ML_DATASET,NORMAL,0
BRT,BRT_TEMP_001,2026-03-01T18:49:00+00:00,-11.648724882696495,C,GOOD,SYNTHETIC_ML_DATASET,NORMAL,0
BRT,BRT_VIB_001,2026-03-01T18:49:00+00:00,0.7440658535457092,mm/s,GOOD,SYNTHETIC_ML_DATASET,NORMAL,0
BRT,BRT_HUM_001,2026-03-01T18:50:00+00:00,56.53232924700737,%,GOOD,SYNTHETIC_ML_DATASET,NORMAL,0
BRT,BRT_POWER_001,2026-03-01T18:50:00+00:00,38.70219222629823,kW,GOOD,SYNTHETIC_ML_DATASET,NORMAL,0
BRT,BRT_PRESS_001,2026-03-01T18:50:00+00:00,983.8539957985097,hPa,GOOD,SYNTHETIC_ML_DATASET,NORMAL,0
BRT,BRT_TEMP_001,2026-03-01T18:50:00+00:00,-11.633580284203772,C,GOOD,SYNTHETIC_ML_DATASET,NORMAL,0
BRT,BRT_VIB_001,2026-03-01T18:50:00+00:00,0.7518954584332471,mm/s,GOOD,SYNTHETIC_ML_DATASET,NORMAL,0
BRT,BRT_HUM_001,2026-03-01T18:51:00+00:00,56.02795003471096,%,GOOD,SYNTHETIC_ML_DATASET,NORMAL,0
BRT,BRT_POWER_001,2026-03-01T18:51:00+00:00,39.18959999353373,kW,GOOD,SYNTHETIC_ML_DATASET,NORMAL,0
BRT,BRT_PRESS_001,2026-03-01T18:51:00+00:00,983.7976232596612,hPa,GOOD,SYNTHETIC_ML_DATASET,NORMAL,0
BRT,BRT_TEMP_001,2026-03-01T18:51:00+00:00,-11.72623215594589,C,GOOD,SYNTHETIC_ML_DATASET,NORMAL,0
BRT,BRT_VIB_001,2026-03-01T18:51:00+00:00,0.7639769626162188,mm/s,GOOD,SYNTHETIC_ML_DATASET,NORMAL,0
BRT,BRT_HUM_001,2026-03-01T18:52:00+00:00,56.5677325948737,%,GOOD,SYNTHETIC_ML_DATASET,NORMAL,0
BRT,BRT_POWER_001,2026-03-01T18:52:00+00:00,39.16684039443349,kW,GOOD,SYNTHETIC_ML_DATASET,NORMAL,0
BRT,BRT_PRESS_001,2026-03-01T18:52:00+00:00,983.8494445079466,hPa,GOOD,SYNTHETIC_ML_DATASET,NORMAL,0
BRT,BRT_TEMP_001,2026-03-01T18:52:00+00:00,-11.640478705267194,C,GOOD,SYNTHETIC_ML_DATASET,NORMAL,0
BRT,BRT_VIB_001,2026-03-01T18:52:00+00:00,0.7603826339279732,mm/s,GOOD,SYNTHETIC_ML_DATASET,NORMAL,0
BRT,BRT_HUM_001,2026-03-01T18:53:00+00:00,56.59091603477799,%,GOOD,SYNTHETIC_ML_DATASET,NORMAL,0
BRT,BRT_POWER_001,2026-03-01T18:53:00+00:00,39.12730948255996,kW,GOOD,SYNTHETIC_ML_DATASET,NORMAL,0
BRT,BRT_PRESS_001,2026-03-01T18:53:00+00:00,983.9167559472589,hPa,GOOD,SYNTHETIC_ML_DATASET,NORMAL,0
BRT,BRT_TEMP_001,2026-03-01T18:53:00+00:00,-11.504079562281966,C,GOOD,SYNTHETIC_ML_DATASET,NORMAL,0
BRT,BRT_VIB_001,2026-03-01T18:53:00+00:00,0.7411348949033513,mm/s,GOOD,SYNTHETIC_ML_DATASET,NORMAL,0
BRT,BRT_HUM_001,2026-03-01T18:54:00+00:00,56.34064277763045,%,GOOD,SYNTHETIC_ML_DATASET,NORMAL,0
BRT,BRT_POWER_001,2026-03-01T18:54:00+00:00,39.43970265698211,kW,GOOD,SYNTHETIC_ML_DATASET,NORMAL,0
BRT,BRT_PRESS_001,2026-03-01T18:54:00+00:00,984.0160772915688,hPa,GOOD,SYNTHETIC_ML_DATASET,NORMAL,0
BRT,BRT_TEMP_001,2026-03-01T18:54:00+00:00,-11.43766424762219,C,GOOD,SYNTHETIC_ML_DATASET,NORMAL,0
BRT,BRT_VIB_001,2026-03-01T18:54:00+00:00,0.757642231801039,mm/s,GOOD,SYNTHETIC_ML_DATASET,NORMAL,0
BRT,BRT_HUM_001,2026-03-01T18:55:00+00:00,56.09314632855876,%,GOOD,SYNTHETIC_ML_DATASET,NORMAL,0
BRT,BRT_POWER_001,2026-03-01T18:55:00+00:00,39.4201425781625,kW,GOOD,SYNTHETIC_ML_DATASET,NORMAL,0
BRT,BRT_PRESS_001,2026-03-01T18:55:00+00:00,984.0961998380398,hPa,GOOD,SYNTHETIC_ML_DATASET,NORMAL,0
BRT,BRT_TEMP_001,2026-03-01T18:55:00+00:00,-11.306795319557764,C,GOOD,SYNTHETIC_ML_DATASET,NORMAL,0
BRT,BRT_VIB_001,2026-03-01T18:55:00+00:00,0.7391595649382895,mm/s,GOOD,SYNTHETIC_ML_DATASET,NORMAL,0
BRT,BRT_HUM_001,2026-03-01T18:56:00+00:00,56.913165707743595,%,GOOD,SYNTHETIC_ML_DATASET,NORMAL,0
BRT,BRT_POWER_001,2026-03-01T18:56:00+00:00,39.70423393108716,kW,GOOD,SYNTHETIC_ML_DATASET,NORMAL,0
BRT,BRT_PRESS_001,2026-03-01T18:56:00+00:00,984.1584564294023,hPa,GOOD,SYNTHETIC_ML_DATASET,NORMAL,0
BRT,BRT_TEMP_001,2026-03-01T18:56:00+00:00,-10.982521327870423,C,GOOD,SYNTHETIC_ML_DATASET,NORMAL,0
BRT,BRT_VIB_001,2026-03-01T18:56:00+00:00,0.7381943779669397,mm/s,GOOD,SYNTHETIC_ML_DATASET,NORMAL,0
BRT,BRT_HUM_001,2026-03-01T18:57:00+00:00,56.35231733252754,%,GOOD,SYNTHETIC_ML_DATASET,NORMAL,0
BRT,BRT_POWER_001,2026-03-01T18:57:00+00:00,40.04026693403727,kW,GOOD,SYNTHETIC_ML_DATASET,NORMAL,0
BRT,BRT_PRESS_001,2026-03-01T18:57:00+00:00,984.2211455516432,hPa,GOOD,SYNTHETIC_ML_DATASET,NORMAL,0
BRT,BRT_TEMP_001,2026-03-01T18:57:00+00:00,-10.932093202460818,C,GOOD,SYNTHETIC_ML_DATASET,NORMAL,0
BRT,BRT_VIB_001,2026-03-01T18:57:00+00:00,0.7297288828256578,mm/s,GOOD,SYNTHETIC_ML_DATASET,NORMAL,0
BRT,BRT_HUM_001,2026-03-01T18:58:00+00:00,56.544590878473805,%,GOOD,SYNTHETIC_ML_DATASET,NORMAL,0
BRT,BRT_POWER_001,2026-03-01T18:58:00+00:00,40.2419455815987,kW,GOOD,SYNTHETIC_ML_DATASET,NORMAL,0
BRT,BRT_PRESS_001,2026-03-01T18:58:00+00:00,984.1868375894578,hPa,GOOD,SYNTHETIC_ML_DATASET,NORMAL,0
BRT,BRT_TEMP_001,2026-03-01T18:58:00+00:00,-10.927362164527619,C,GOOD,SYNTHETIC_ML_DATASET,NORMAL,0
BRT,BRT_VIB_001,2026-03-01T18:58:00+00:00,0.7373002577626324,mm/s,GOOD,SYNTHETIC_ML_DATASET,NORMAL,0
BRT,BRT_HUM_001,2026-03-01T18:59:00+00:00,56.88089142583253,%,GOOD,SYNTHETIC_ML_DATASET,NORMAL,0
BRT,BRT_POWER_001,2026-03-01T18:59:00+00:00,39.425937152949096,kW,GOOD,SYNTHETIC_ML_DATASET,NORMAL,0
BRT,BRT_PRESS_001,2026-03-01T18:59:00+00:00,984.1666023311128,hPa,GOOD,SYNTHETIC_ML_DATASET,NORMAL,0
BRT,BRT_TEMP_001,2026-03-01T18:59:00+00:00,-10.70672166030642,C,GOOD,SYNTHETIC_ML_DATASET,NORMAL,0
BRT,BRT_VIB_001,2026-03-01T18:59:00+00:00,0.7349162305927388,mm/s,GOOD,SYNTHETIC_ML_DATASET,NORMAL,0
BRT,BRT_HUM_001,2026-03-01T19:00:00+00:00,57.81950568194852,%,GOOD,SYNTHETIC_ML_DATASET,NORMAL,0
BRT,BRT_POWER_001,2026-03-01T19:00:00+00:00,39.79699118969342,kW,GOOD,SYNTHETIC_ML_DATASET,NORMAL,0
BRT,BRT_PRESS_001,2026-03-01T19:00:00+00:00,984.3465861059041,hPa,GOOD,SYNTHETIC_ML_DATASET,NORMAL,0
BRT,BRT_TEMP_001,2026-03-01T19:00:00+00:00,-10.702410037537387,C,GOOD,SYNTHETIC_ML_DATASET,NORMAL,0
BRT,BRT_VIB_001,2026-03-01T19:00:00+00:00,0.7623635323368105,mm/s,GOOD,SYNTHETIC_ML_DATASET,NORMAL,0
BRT,BRT_HUM_001,2026-03-01T19:01:00+00:00,57.827423068779865,%,GOOD,SYNTHETIC_ML_DATASET,NORMAL,0
BRT,BRT_POWER_001,2026-03-01T19:01:00+00:00,39.68672667045948,kW,GOOD,SYNTHETIC_ML_DATASET,NORMAL,0
BRT,BRT_PRESS_001,2026-03-01T19:01:00+00:00,984.2602513475338,hPa,GOOD,SYNTHETIC_ML_DATASET,NORMAL,0
BRT,BRT_TEMP_001,2026-03-01T19:01:00+00:00,-10.5186939872013,C,GOOD,SYNTHETIC_ML_DATASET,NORMAL,0
BRT,BRT_VIB_001,2026-03-01T19:01:00+00:00,0.7375960152435366,mm/s,GOOD,SYNTHETIC_ML_DATASET,NORMAL,0
BRT,BRT_HUM_001,2026-03-01T19:02:00+00:00,58.626377540225626,%,GOOD,SYNTHETIC_ML_DATASET,NORMAL,0
BRT,BRT_POWER_001,2026-03-01T19:02:00+00:00,39.21005037277343,kW,GOOD,SYNTHETIC_ML_DATASET,NORMAL,0
BRT,BRT_PRESS_001,2026-03-01T19:02:00+00:00,984.2898977469702,hPa,GOOD,SYNTHETIC_ML_DATASET,NORMAL,0
BRT,BRT_TEMP_001,2026-03-01T19:02:00+00:00,-10.973795971676344,C,GOOD,SYNTHETIC_ML_DATASET,NORMAL,0
BRT,BRT_VIB_001,2026-03-01T19:02:00+00:00,0.7480190809764934,mm/s,GOOD,SYNTHETIC_ML_DATASET,NORMAL,0
BRT,BRT_HUM_001,2026-03-01T19:03:00+00:00,58.880609309201404,%,GOOD,SYNTHETIC_ML_DATASET,NORMAL,0
BRT,BRT_POWER_001,2026-03-01T19:03:00+00:00,39.73905819716956,kW,GOOD,SYNTHETIC_ML_DATASET,NORMAL,0
BRT,BRT_PRESS_001,2026-03-01T19:03:00+00:00,984.4934127796267,hPa,GOOD,SYNTHETIC_ML_DATASET,NORMAL,0
BRT,BRT_TEMP_001,2026-03-01T19:03:00+00:00,-10.889650733978918,C,GOOD,SYNTHETIC_ML_DATASET,NORMAL,0
BRT,BRT_VIB_001,2026-03-01T19:03:00+00:00,0.7417218506668616,mm/s,GOOD,SYNTHETIC_ML_DATASET,NORMAL,0
BRT,BRT_HUM_001,2026-03-01T19:04:00+00:00,58.501517574601145,%,GOOD,SYNTHETIC_ML_DATASET,NORMAL,0
BRT,BRT_POWER_001,2026-03-01T19:04:00+00:00,40.454012576230284,kW,GOOD,SYNTHETIC_ML_DATASET,NORMAL,0
BRT,BRT_PRESS_001,2026-03-01T19:04:00+00:00,984.5054401814423,hPa,GOOD,SYNTHETIC_ML_DATASET,NORMAL,0
BRT,BRT_TEMP_001,2026-03-01T19:04:00+00:00,-10.87012281730767,C,GOOD,SYNTHETIC_ML_DATASET,NORMAL,0
BRT,BRT_VIB_001,2026-03-01T19:04:00+00:00,0.7676137101707579,mm/s,GOOD,SYNTHETIC_ML_DATASET,NORMAL,0
BRT,BRT_HUM_001,2026-03-01T19:05:00+00:00,59.21409346928988,%,GOOD,SYNTHETIC_ML_DATASET,NORMAL,0
BRT,BRT_POWER_001,2026-03-01T19:05:00+00:00,39.81933817472389,kW,GOOD,SYNTHETIC_ML_DATASET,NORMAL,0
BRT,BRT_PRESS_001,2026-03-01T19:05:00+00:00,984.5444290762965,hPa,GOOD,SYNTHETIC_ML_DATASET,NORMAL,0
BRT,BRT_TEMP_001,2026-03-01T19:05:00+00:00,-10.63825029537253,C,GOOD,SYNTHETIC_ML_DATASET,NORMAL,0
BRT,BRT_VIB_001,2026-03-01T19:05:00+00:00,0.7635585798294954,mm/s,GOOD,SYNTHETIC_ML_DATASET,NORMAL,0
BRT,BRT_HUM_001,2026-03-01T19:06:00+00:00,59.00275097861136,%,GOOD,SYNTHETIC_ML_DATASET,NORMAL,0
BRT,BRT_POWER_001,2026-03-01T19:06:00+00:00,39.898747405057335,kW,GOOD,SYNTHETIC_ML_DATASET,NORMAL,0
BRT,BRT_PRESS_001,2026-03-01T19:06:00+00:00,984.5360006652638,hPa,GOOD,SYNTHETIC_ML_DATASET,NORMAL,0
BRT,BRT_TEMP_001,2026-03-01T19:06:00+00:00,-10.46245267240933,C,GOOD,SYNTHETIC_ML_DATASET,NORMAL,0
BRT,BRT_VIB_001,2026-03-01T19:06:00+00:00,0.7715908254469478,mm/s,GOOD,SYNTHETIC_ML_DATASET,NORMAL,0
BRT,BRT_HUM_001,2026-03-01T19:07:00+00:00,59.839082556935246,%,GOOD,SYNTHETIC_ML_DATASET,NORMAL,0
BRT,BRT_POWER_001,2026-03-01T19:07:00+00:00,40.121687189971084,kW,GOOD,SYNTHETIC_ML_DATASET,NORMAL,0
BRT,BRT_PRESS_001,2026-03-01T19:07:00+00:00,984.7874878490195,hPa,GOOD,SYNTHETIC_ML_DATASET,NORMAL,0
BRT,BRT_TEMP_001,2026-03-01T19:07:00+00:00,-10.517672546318764,C,GOOD,SYNTHETIC_ML_DATASET,NORMAL,0
BRT,BRT_VIB_001,2026-03-01T19:07:00+00:00,0.7624995581888522,mm/s,GOOD,SYNTHETIC_ML_DATASET,NORMAL,0
BRT,BRT_HUM_001,2026-03-01T19:08:00+00:00,59.897872922077966,%,GOOD,SYNTHETIC_ML_DATASET,NORMAL,0
BRT,BRT_POWER_001,2026-03-01T19:08:00+00:00,40.843935952668424,kW,GOOD,SYNTHETIC_ML_DATASET,NORMAL,0
BRT,BRT_PRESS_001,2026-03-01T19:08:00+00:00,984.8691255302062,hPa,GOOD,SYNTHETIC_ML_DATASET,NORMAL,0
BRT,BRT_TEMP_001,2026-03-01T19:08:00+00:00,-10.141474028213823,C,GOOD,SYNTHETIC_ML_DATASET,NORMAL,0
BRT,BRT_VIB_001,2026-03-01T19:08:00+00:00,0.7550690930964261,mm/s,GOOD,SYNTHETIC_ML_DATASET,NORMAL,0
BRT,BRT_HUM_001,2026-03-01T19:09:00+00:00,60.08613468492,%,GOOD,SYNTHETIC_ML_DATASET,NORMAL,0
BRT,BRT_POWER_001,2026-03-01T19:09:00+00:00,40.92399443959011,kW,GOOD,SYNTHETIC_ML_DATASET,NORMAL,0
BRT,BRT_PRESS_001,2026-03-01T19:09:00+00:00,984.7323151065112,hPa,GOOD,SYNTHETIC_ML_DATASET,NORMAL,0
BRT,BRT_TEMP_001,2026-03-01T19:09:00+00:00,-10.129132040876433,C,GOOD,SYNTHETIC_ML_DATASET,NORMAL,0
BRT,BRT_VIB_001,2026-03-01T19:09:00+00:00,0.776917675406407,mm/s,GOOD,SYNTHETIC_ML_DATASET,NORMAL,0
BRT,BRT_HUM_001,2026-03-01T19:10:00+00:00,60.3450812044053,%,GOOD,SYNTHETIC_ML_DATASET,NORMAL,0
BRT,BRT_POWER_001,2026-03-01T19:10:00+00:00,41.3984049398201,kW,GOOD,SYNTHETIC_ML_DATASET,NORMAL,0
BRT,BRT_PRESS_001,2026-03-01T19:10:00+00:00,985.1662231343248,hPa,GOOD,SYNTHETIC_ML_DATASET,NORMAL,0
BRT,BRT_TEMP_001,2026-03-01T19:10:00+00:00,-10.036090453703471,C,GOOD,SYNTHETIC_ML_DATASET,NORMAL,0
BRT,BRT_VIB_001,2026-03-01T19:10:00+00:00,0.7385011323145951,mm/s,GOOD,SYNTHETIC_ML_DATASET,NORMAL,0
BRT,BRT_HUM_001,2026-03-01T19:11:00+00:00,59.96891348398477,%,GOOD,SYNTHETIC_ML_DATASET,NORMAL,0
BRT,BRT_POWER_001,2026-03-01T19:11:00+00:00,40.690259792377894,kW,GOOD,SYNTHETIC_ML_DATASET,NORMAL,0
BRT,BRT_PRESS_001,2026-03-01T19:11:00+00:00,985.0504080002949,hPa,GOOD,SYNTHETIC_ML_DATASET,NORMAL,0
BRT,BRT_TEMP_001,2026-03-01T19:11:00+00:00,-9.997852321638092,C,GOOD,SYNTHETIC_ML_DATASET,NORMAL,0
BRT,BRT_VIB_001,2026-03-01T19:11:00+00:00,0.726844722542336,mm/s,GOOD,SYNTHETIC_ML_DATASET,NORMAL,0
BRT,BRT_HUM_001,2026-03-01T19:12:00+00:00,61.77683706984069,%,GOOD,SYNTHETIC_ML_DATASET,NORMAL,0
BRT,BRT_POWER_001,2026-03-01T19:12:00+00:00,41.13664349167978,kW,GOOD,SYNTHETIC_ML_DATASET,NORMAL,0
BRT,BRT_PRESS_001,2026-03-01T19:12:00+00:00,985.2392655654238,hPa,GOOD,SYNTHETIC_ML_DATASET,NORMAL,0
BRT,BRT_TEMP_001,2026-03-01T19:12:00+00:00,-9.765270253094643,C,GOOD,SYNTHETIC_ML_DATASET,NORMAL,0
BRT,BRT_VIB_001,2026-03-01T19:12:00+00:00,0.7216127280123402,mm/s,GOOD,SYNTHETIC_ML_DATASET,NORMAL,0
BRT,BRT_HUM_001,2026-03-01T19:13:00+00:00,60.85127752531301,%,GOOD,SYNTHETIC_ML_DATASET,NORMAL,0
BRT,BRT_POWER_001,2026-03-01T19:13:00+00:00,40.901539553559985,kW,GOOD,SYNTHETIC_ML_DATASET,NORMAL,0
BRT,BRT_PRESS_001,2026-03-01T19:13:00+00:00,985.4380954861622,hPa,GOOD,SYNTHETIC_ML_DATASET,NORMAL,0
BRT,BRT_TEMP_001,2026-03-01T19:13:00+00:00,-9.80906968936624,C,GOOD,SYNTHETIC_ML_DATASET,NORMAL,0
BRT,BRT_VIB_001,2026-03-01T19:13:00+00:00,0.7242281098068828,mm/s,GOOD,SYNTHETIC_ML_DATASET,NORMAL,0
BRT,BRT_HUM_001,2026-03-01T19:14:00+00:00,61.49506053268652,%,GOOD,SYNTHETIC_ML_DATASET,NORMAL,0
BRT,BRT_POWER_001,2026-03-01T19:14:00+00:00,41.46855546818992,kW,GOOD,SYNTHETIC_ML_DATASET,NORMAL,0
BRT,BRT_PRESS_001,2026-03-01T19:14:00+00:00,985.2358898769174,hPa,GOOD,SYNTHETIC_ML_DATASET,NORMAL,0
BRT,BRT_TEMP_001,2026-03-01T19:14:00+00:00,-9.723610826721783,C,GOOD,SYNTHETIC_ML_DATASET,NORMAL,0
BRT,BRT_VIB_001,2026-03-01T19:14:00+00:00,0.7106862160555774,mm/s,GOOD,SYNTHETIC_ML_DATASET,NORMAL,0
BRT,BRT_HUM_001,2026-03-01T19:15:00+00:00,61.92319972259385,%,GOOD,SYNTHETIC_ML_DATASET,NORMAL,0
BRT,BRT_POWER_001,2026-03-01T19:15:00+00:00,41.87738662896822,kW,GOOD,SYNTHETIC_ML_DATASET,NORMAL,0
BRT,BRT_PRESS_001,2026-03-01T19:15:00+00:00,985.2836568652851,hPa,GOOD,SYNTHETIC_ML_DATASET,NORMAL,0
BRT,BRT_TEMP_001,2026-03-01T19:15:00+00:00,-9.664050014987613,C,GOOD,SYNTHETIC_ML_DATASET,NORMAL,0
BRT,BRT_VIB_001,2026-03-01T19:15:00+00:00,0.743400106776552,mm/s,GOOD,SYNTHETIC_ML_DATASET,NORMAL,0
BRT,BRT_HUM_001,2026-03-01T19:16:00+00:00,62.64924319379837,%,GOOD,SYNTHETIC_ML_DATASET,NORMAL,0
BRT,BRT_POWER_001,2026-03-01T19:16:00+00:00,42.054379368789036,kW,GOOD,SYNTHETIC_ML_DATASET,NORMAL,0
BRT,BRT_PRESS_001,2026-03-01T19:16:00+00:00,985.4482883959483,hPa,GOOD,SYNTHETIC_ML_DATASET,NORMAL,0
BRT,BRT_TEMP_001,2026-03-01T19:16:00+00:00,-9.23515383211992,C,GOOD,SYNTHETIC_ML_DATASET,NORMAL,0
BRT,BRT_VIB_001,2026-03-01T19:16:00+00:00,0.7516890994222133,mm/s,GOOD,SYNTHETIC_ML_DATASET,NORMAL,0
BRT,BRT_HUM_001,2026-03-01T19:17:00+00:00,63.17052847036428,%,GOOD,SYNTHETIC_ML_DATASET,NORMAL,0
BRT,BRT_POWER_001,2026-03-01T19:17:00+00:00,41.75717111231074,kW,GOOD,SYNTHETIC_ML_DATASET,NORMAL,0
BRT,BRT_PRESS_001,2026-03-01T19:17:00+00:00,985.4475021500157,hPa,GOOD,SYNTHETIC_ML_DATASET,NORMAL,0
BRT,BRT_TEMP_001,2026-03-01T19:17:00+00:00,-9.338349549916675,C,GOOD,SYNTHETIC_ML_DATASET,NORMAL,0
BRT,BRT_VIB_001,2026-03-01T19:17:00+00:00,0.728665520832115,mm/s,GOOD,SYNTHETIC_ML_DATASET,NORMAL,0
BRT,BRT_HUM_001,2026-03-01T19:18:00+00:00,62.858728381870975,%,GOOD,SYNTHETIC_ML_DATASET,NORMAL,0
BRT,BRT_POWER_001,2026-03-01T19:18:00+00:00,42.098447828652844,kW,GOOD,SYNTHETIC_ML_DATASET,NORMAL,0
BRT,BRT_PRESS_001,2026-03-01T19:18:00+00:00,985.3514123220536,hPa,GOOD,SYNTHETIC_ML_DATASET,NORMAL,0
BRT,BRT_TEMP_001,2026-03-01T19:18:00+00:00,-9.632859745066055,C,GOOD,SYNTHETIC_ML_DATASET,NORMAL,0
BRT,BRT_VIB_001,2026-03-01T19:18:00+00:00,0.7638932299583884,mm/s,GOOD,SYNTHETIC_ML_DATASET,NORMAL,0
BRT,BRT_HUM_001,2026-03-01T19:19:00+00:00,62.86813696087882,%,GOOD,SYNTHETIC_ML_DATASET,NORMAL,0
BRT,BRT_POWER_001,2026-03-01T19:19:00+00:00,42.346706711208505,kW,GOOD,SYNTHETIC_ML_DATASET,NORMAL,0
BRT,BRT_PRESS_001,2026-03-01T19:19:00+00:00,985.3953824626619,hPa,GOOD,SYNTHETIC_ML_DATASET,NORMAL,0
BRT,BRT_TEMP_001,2026-03-01T19:19:00+00:00,-9.61356497490382,C,GOOD,SYNTHETIC_ML_DATASET,NORMAL,0
BRT,BRT_VIB_001,2026-03-01T19:19:00+00:00,0.7636090444265414,mm/s,GOOD,SYNTHETIC_ML_DATASET,NORMAL,0
BRT,BRT_HUM_001,2026-03-01T19:20:00+00:00,63.30453311901535,%,GOOD,SYNTHETIC_ML_DATASET,NORMAL,0
BRT,BRT_POWER_001,2026-03-01T19:20:00+00:00,42.25959393876905,kW,GOOD,SYNTHETIC_ML_DATASET,NORMAL,0
BRT,BRT_PRESS_001,2026-03-01T19:20:00+00:00,985.4593678495416,hPa,GOOD,SYNTHETIC_ML_DATASET,NORMAL,0
BRT,BRT_TEMP_001,2026-03-01T19:20:00+00:00,-9.577894182492514,C,GOOD,SYNTHETIC_ML_DATASET,NORMAL,0
BRT,BRT_VIB_001,2026-03-01T19:20:00+00:00,0.7722861272769932,mm/s,GOOD,SYNTHETIC_ML_DATASET,NORMAL,0
BRT,BRT_HUM_001,2026-03-01T19:21:00+00:00,63.83982355666726,%,GOOD,SYNTHETIC_ML_DATASET,NORMAL,0
BRT,BRT_POWER_001,2026-03-01T19:21:00+00:00,42.214732316689485,kW,GOOD,SYNTHETIC_ML_DATASET,NORMAL,0
BRT,BRT_PRESS_001,2026-03-01T19:21:00+00:00,985.2556094672442,hPa,GOOD,SYNTHETIC_ML_DATASET,NORMAL,0
BRT,BRT_TEMP_001,2026-03-01T19:21:00+00:00,-9.465048036895963,C,GOOD,SYNTHETIC_ML_DATASET,NORMAL,0
BRT,BRT_VIB_001,2026-03-01T19:21:00+00:00,0.7846833137672157,mm/s,GOOD,SYNTHETIC_ML_DATASET,NORMAL,0
BRT,BRT_HUM_001,2026-03-01T19:22:00+00:00,63.629841238232004,%,GOOD,SYNTHETIC_ML_DATASET,NORMAL,0
BRT,BRT_POWER_001,2026-03-01T19:22:00+00:00,42.72567632091928,kW,GOOD,SYNTHETIC_ML_DATASET,NORMAL,0
BRT,BRT_PRESS_001,2026-03-01T19:22:00+00:00,985.6413336668121,hPa,GOOD,SYNTHETIC_ML_DATASET,NORMAL,0
BRT,BRT_TEMP_001,2026-03-01T19:22:00+00:00,-9.403059121352229,C,GOOD,SYNTHETIC_ML_DATASET,NORMAL,0
BRT,BRT_VIB_001,2026-03-01T19:22:00+00:00,0.7756580385561659,mm/s,GOOD,SYNTHETIC_ML_DATASET,NORMAL,0
BRT,BRT_HUM_001,2026-03-01T19:23:00+00:00,63.470871310583604,%,GOOD,SYNTHETIC_ML_DATASET,NORMAL,0
BRT,BRT_POWER_001,2026-03-01T19:23:00+00:00,43.12038157718353,kW,GOOD,SYNTHETIC_ML_DATASET,NORMAL,0
BRT,BRT_PRESS_001,2026-03-01T19:23:00+00:00,985.4607823457716,hPa,GOOD,SYNTHETIC_ML_DATASET,NORMAL,0
BRT,BRT_TEMP_001,2026-03-01T19:23:00+00:00,-9.44616236839194,C,GOOD,SYNTHETIC_ML_DATASET,NORMAL,0
BRT,BRT_VIB_001,2026-03-01T19:23:00+00:00,0.7674460237895764,mm/s,GOOD,SYNTHETIC_ML_DATASET,NORMAL,0
BRT,BRT_HUM_001,2026-03-01T19:24:00+00:00,63.56016165115871,%,GOOD,SYNTHETIC_ML_DATASET,NORMAL,0
BRT,BRT_POWER_001,2026-03-01T19:24:00+00:00,42.99353389804939,kW,GOOD,SYNTHETIC_ML_DATASET,NORMAL,0
BRT,BRT_PRESS_001,2026-03-01T19:24:00+00:00,985.5294390146175,hPa,GOOD,SYNTHETIC_ML_DATASET,NORMAL,0
BRT,BRT_TEMP_001,2026-03-01T19:24:00+00:00,-9.585780466932984,C,GOOD,SYNTHETIC_ML_DATASET,NORMAL,0
BRT,BRT_VIB_001,2026-03-01T19:24:00+00:00,0.7931498594599006,mm/s,GOOD,SYNTHETIC_ML_DATASET,NORMAL,0
BRT,BRT_HUM_001,2026-03-01T19:25:00+00:00,64.40261448698915,%,GOOD,SYNTHETIC_ML_DATASET,NORMAL,0
BRT,BRT_POWER_001,2026-03-01T19:25:00+00:00,42.57979744599126,kW,GOOD,SYNTHETIC_ML_DATASET,NORMAL,0
BRT,BRT_PRESS_001,2026-03-01T19:25:00+00:00,985.6517023435849,hPa,GOOD,SYNTHETIC_ML_DATASET,NORMAL,0
BRT,BRT_TEMP_001,2026-03-01T19:25:00+00:00,-9.468231475678763,C,GOOD,SYNTHETIC_ML_DATASET,NORMAL,0
BRT,BRT_VIB_001,2026-03-01T19:25:00+00:00,0.7631082889356336,mm/s,GOOD,SYNTHETIC_ML_DATASET,NORMAL,0
BRT,BRT_HUM_001,2026-03-01T19:26:00+00:00,64.01570950076174,%,GOOD,SYNTHETIC_ML_DATASET,NORMAL,0
BRT,BRT_POWER_001,2026-03-01T19:26:00+00:00,42.709428145128236,kW,GOOD,SYNTHETIC_ML_DATASET,NORMAL,0
BRT,BRT_PRESS_001,2026-03-01T19:26:00+00:00,985.4609560018355,hPa,GOOD,SYNTHETIC_ML_DATASET,NORMAL,0
BRT,BRT_TEMP_001,2026-03-01T19:26:00+00:00,-9.268527125210362,C,GOOD,SYNTHETIC_ML_DATASET,NORMAL,0
BRT,BRT_VIB_001,2026-03-01T19:26:00+00:00,0.7895736512681459,mm/s,GOOD,SYNTHETIC_ML_DATASET,NORMAL,0
BRT,BRT_HUM_001,2026-03-01T19:27:00+00:00,63.90261729433528,%,GOOD,SYNTHETIC_ML_DATASET,NORMAL,0
BRT,BRT_POWER_001,2026-03-01T19:27:00+00:00,43.16153573398425,kW,GOOD,SYNTHETIC_ML_DATASET,NORMAL,0
BRT,BRT_PRESS_001,2026-03-01T19:27:00+00:00,985.594433749911,hPa,GOOD,SYNTHETIC_ML_DATASET,NORMAL,0
BRT,BRT_TEMP_001,2026-03-01T19:27:00+00:00,-8.988806882552257,C,GOOD,SYNTHETIC_ML_DATASET,NORMAL,0
BRT,BRT_VIB_001,2026-03-01T19:27:00+00:00,0.8063460391182463,mm/s,GOOD,SYNTHETIC_ML_DATASET,NORMAL,0
BRT,BRT_HUM_001,2026-03-01T19:28:00+00:00,64.63961241387165,%,GOOD,SYNTHETIC_ML_DATASET,NORMAL,0
BRT,BRT_POWER_001,2026-03-01T19:28:00+00:00,43.80635590555449,kW,GOOD,SYNTHETIC_ML_DATASET,NORMAL,0
BRT,BRT_PRESS_001,2026-03-01T19:28:00+00:00,985.7297054378254,hPa,GOOD,SYNTHETIC_ML_DATASET,NORMAL,0
BRT,BRT_TEMP_001,2026-03-01T19:28:00+00:00,-8.984202928023931,C,GOOD,SYNTHETIC_ML_DATASET,NORMAL,0
BRT,BRT_VIB_001,2026-03-01T19:28:00+00:00,0.8136841364174787,mm/s,GOOD,SYNTHETIC_ML_DATASET,NORMAL,0
BRT,BRT_HUM_001,2026-03-01T19:29:00+00:00,64.79607797231496,%,GOOD,SYNTHETIC_ML_DATASET,NORMAL,0
BRT,BRT_POWER_001,2026-03-01T19:29:00+00:00,43.97409079974044,kW,GOOD,SYNTHETIC_ML_DATASET,NORMAL,0
BRT,BRT_PRESS_001,2026-03-01T19:29:00+00:00,985.8506901962348,hPa,GOOD,SYNTHETIC_ML_DATASET,NORMAL,0
BRT,BRT_TEMP_001,2026-03-01T19:29:00+00:00,-8.970974637517292,C,GOOD,SYNTHETIC_ML_DATASET,NORMAL,0
BRT,BRT_VIB_001,2026-03-01T19:29:00+00:00,0.8392754190692898,mm/s,GOOD,SYNTHETIC_ML_DATASET,NORMAL,0
BRT,BRT_HUM_001,2026-03-01T19:30:00+00:00,64.73113621517265,%,GOOD,SYNTHETIC_ML_DATASET,NORMAL,0
BRT,BRT_POWER_001,2026-03-01T19:30:00+00:00,43.92462564800728,kW,GOOD,SYNTHETIC_ML_DATASET,NORMAL,0
BRT,BRT_PRESS_001,2026-03-01T19:30:00+00:00,985.7843575500017,hPa,GOOD,SYNTHETIC_ML_DATASET,NORMAL,0
BRT,BRT_TEMP_001,2026-03-01T19:30:00+00:00,-8.765508235013552,C,GOOD,SYNTHETIC_ML_DATASET,NORMAL,0
BRT,BRT_VIB_001,2026-03-01T19:30:00+00:00,0.8742078290082046,mm/s,GOOD,SYNTHETIC_ML_DATASET,NORMAL,0
BRT,BRT_HUM_001,2026-03-01T19:31:00+00:00,65.15385674401426,%,GOOD,SYNTHETIC_ML_DATASET,NORMAL,0
BRT,BRT_POWER_001,2026-03-01T19:31:00+00:00,44.58452746582223,kW,GOOD,SYNTHETIC_ML_DATASET,NORMAL,0
BRT,BRT_PRESS_001,2026-03-01T19:31:00+00:00,985.750974842479,hPa,GOOD,SYNTHETIC_ML_DATASET,NORMAL,0
BRT,BRT_TEMP_001,2026-03-01T19:31:00+00:00,-8.902636548451143,C,GOOD,SYNTHETIC_ML_DATASET,NORMAL,0
BRT,BRT_VIB_001,2026-03-01T19:31:00+00:00,0.8664355846022945,mm/s,GOOD,SYNTHETIC_ML_DATASET,NORMAL,0
BRT,BRT_HUM_001,2026-03-01T19:32:00+00:00,65.09289012297056,%,GOOD,SYNTHETIC_ML_DATASET,NORMAL,0
BRT,BRT_POWER_001,2026-03-01T19:32:00+00:00,44.581186381584445,kW,GOOD,SYNTHETIC_ML_DATASET,NORMAL,0
BRT,BRT_PRESS_001,2026-03-01T19:32:00+00:00,985.8209222030445,hPa,GOOD,SYNTHETIC_ML_DATASET,NORMAL,0
BRT,BRT_TEMP_001,2026-03-01T19:32:00+00:00,-8.794561449993987,C,GOOD,SYNTHETIC_ML_DATASET,NORMAL,0
BRT,BRT_VIB_001,2026-03-01T19:32:00+00:00,0.8598030915555008,mm/s,GOOD,SYNTHETIC_ML_DATASET,NORMAL,0
BRT,BRT_HUM_001,2026-03-01T19:33:00+00:00,65.04849494644458,%,GOOD,SYNTHETIC_ML_DATASET,NORMAL,0
BRT,BRT_POWER_001,2026-03-01T19:33:00+00:00,44.455571479534996,kW,GOOD,SYNTHETIC_ML_DATASET,NORMAL,0
BRT,BRT_PRESS_001,2026-03-01T19:33:00+00:00,985.7988778830098,hPa,GOOD,SYNTHETIC_ML_DATASET,NORMAL,0
BRT,BRT_TEMP_001,2026-03-01T19:33:00+00:00,-8.89879693530922,C,GOOD,SYNTHETIC_ML_DATASET,NORMAL,0
BRT,BRT_VIB_001,2026-03-01T19:33:00+00:00,0.8330914326680773,mm/s,GOOD,SYNTHETIC_ML_DATASET,NORMAL,0
BRT,BRT_HUM_001,2026-03-01T19:34:00+00:00,63.96330867332034,%,GOOD,SYNTHETIC_ML_DATASET,NORMAL,0
BRT,BRT_POWER_001,2026-03-01T19:34:00+00:00,45.06779660748175,kW,GOOD,SYNTHETIC_ML_DATASET,NORMAL,0
BRT,BRT_PRESS_001,2026-03-01T19:34:00+00:00,985.8697419248285,hPa,GOOD,SYNTHETIC_ML_DATASET,NORMAL,0
BRT,BRT_TEMP_001,2026-03-01T19:34:00+00:00,-8.738651878160288,C,GOOD,SYNTHETIC_ML_DATASET,NORMAL,0
BRT,BRT_VIB_001,2026-03-01T19:34:00+00:00,0.8418529945470261,mm/s,GOOD,SYNTHETIC_ML_DATASET,NORMAL,0
BRT,BRT_HUM_001,2026-03-01T19:35:00+00:00,64.30952577055382,%,GOOD,SYNTHETIC_ML_DATASET,NORMAL,0
BRT,BRT_POWER_001,2026-03-01T19:35:00+00:00,44.8690920588529,kW,GOOD,SYNTHETIC_ML_DATASET,NORMAL,0
BRT,BRT_PRESS_001,2026-03-01T19:35:00+00:00,985.9926922916144,hPa,GOOD,SYNTHETIC_ML_DATASET,NORMAL,0
BRT,BRT_TEMP_001,2026-03-01T19:35:00+00:00,-9.065893922354702,C,GOOD,SYNTHETIC_ML_DATASET,NORMAL,0
BRT,BRT_VIB_001,2026-03-01T19:35:00+00:00,0.8439336768205108,mm/s,GOOD,SYNTHETIC_ML_DATASET,NORMAL,0
BRT,BRT_HUM_001,2026-03-01T19:36:00+00:00,63.64127458436524,%,GOOD,SYNTHETIC_ML_DATASET,NORMAL,0
BRT,BRT_POWER_001,2026-03-01T19:36:00+00:00,44.67629247463133,kW,GOOD,SYNTHETIC_ML_DATASET,NORMAL,0
BRT,BRT_PRESS_001,2026-03-01T19:36:00+00:00,985.8363488475135,hPa,GOOD,SYNTHETIC_ML_DATASET,NORMAL,0
BRT,BRT_TEMP_001,2026-03-01T19:36:00+00:00,-8.766952009890739,C,GOOD,SYNTHETIC_ML_DATASET,NORMAL,0
BRT,BRT_VIB_001,2026-03-01T19:36:00+00:00,0.8233530241954609,mm/s,GOOD,SYNTHETIC_ML_DATASET,NORMAL,0
BRT,BRT_HUM_001,2026-03-01T19:37:00+00:00,63.429371265328726,%,GOOD,SYNTHETIC_ML_DATASET,NORMAL,0
BRT,BRT_POWER_001,2026-03-01T19:37:00+00:00,44.776708935238844,kW,GOOD,SYNTHETIC_ML_DATASET,NORMAL,0
BRT,BRT_PRESS_001,2026-03-01T19:37:00+00:00,986.0387190045217,hPa,GOOD,SYNTHETIC_ML_DATASET,NORMAL,0
BRT,BRT_TEMP_001,2026-03-01T19:37:00+00:00,-8.728970764918774,C,GOOD,SYNTHETIC_ML_DATASET,NORMAL,0
BRT,BRT_VIB_001,2026-03-01T19:37:00+00:00,0.8301540211097878,mm/s,GOOD,SYNTHETIC_ML_DATASET,NORMAL,0
BRT,BRT_HUM_001,2026-03-01T19:38:00+00:00,63.44415756454897,%,GOOD,SYNTHETIC_ML_DATASET,NORMAL,0
BRT,BRT_POWER_001,2026-03-01T19:38:00+00:00,45.108768220561444,kW,GOOD,SYNTHETIC_ML_DATASET,NORMAL,0
BRT,BRT_PRESS_001,2026-03-01T19:38:00+00:00,985.9365794771692,hPa,GOOD,SYNTHETIC_ML_DATASET,NORMAL,0
BRT,BRT_TEMP_001,2026-03-01T19:38:00+00:00,-8.554411202792704,C,GOOD,SYNTHETIC_ML_DATASET,NORMAL,0
BRT,BRT_VIB_001,2026-03-01T19:38:00+00:00,0.8167002865551277,mm/s,GOOD,SYNTHETIC_ML_DATASET,NORMAL,0
BRT,BRT_HUM_001,2026-03-01T19:39:00+00:00,64.0022059393885,%,GOOD,SYNTHETIC_ML_DATASET,NORMAL,0
BRT,BRT_POWER_001,2026-03-01T19:39:00+00:00,45.53499146941967,kW,GOOD,SYNTHETIC_ML_DATASET,NORMAL,0
BRT,BRT_PRESS_001,2026-03-01T19:39:00+00:00,985.9246466113423,hPa,GOOD,SYNTHETIC_ML_DATASET,NORMAL,0
BRT,BRT_TEMP_001,2026-03-01T19:39:00+00:00,-8.452261087851456,C,GOOD,SYNTHETIC_ML_DATASET,NORMAL,0
BRT,BRT_VIB_001,2026-03-01T19:39:00+00:00,0.8115422570663591,mm/s,GOOD,SYNTHETIC_ML_DATASET,NORMAL,0
BRT,BRT_HUM_001,2026-03-01T19:40:00+00:00,64.30188653541185,%,GOOD,SYNTHETIC_ML_DATASET,NORMAL,0
BRT,BRT_POWER_001,2026-03-01T19:40:00+00:00,45.82798955132356,kW,GOOD,SYNTHETIC_ML_DATASET,NORMAL,0
BRT,BRT_PRESS_001,2026-03-01T19:40:00+00:00,986.0403252991348,hPa,GOOD,SYNTHETIC_ML_DATASET,NORMAL,0
BRT,BRT_TEMP_001,2026-03-01T19:40:00+00:00,-8.634646412271382,C,GOOD,SYNTHETIC_ML_DATASET,NORMAL,0
BRT,BRT_VIB_001,2026-03-01T19:40:00+00:00,0.8197414950813044,mm/s,GOOD,SYNTHETIC_ML_DATASET,NORMAL,0
BRT,BRT_HUM_001,2026-03-01T19:41:00+00:00,64.49772065748493,%,GOOD,SYNTHETIC_ML_DATASET,NORMAL,0
BRT,BRT_POWER_001,2026-03-01T19:41:00+00:00,45.94626624388438,kW,GOOD,SYNTHETIC_ML_DATASET,NORMAL,0
BRT,BRT_PRESS_001,2026-03-01T19:41:00+00:00,986.3347508726115,hPa,GOOD,SYNTHETIC_ML_DATASET,NORMAL,0
BRT,BRT_TEMP_001,2026-03-01T19:41:00+00:00,-8.519244737894166,C,GOOD,SYNTHETIC_ML_DATASET,NORMAL,0
BRT,BRT_VIB_001,2026-03-01T19:41:00+00:00,0.8154606097148683,mm/s,GOOD,SYNTHETIC_ML_DATASET,NORMAL,0
BRT,BRT_HUM_001,2026-03-01T19:42:00+00:00,64.28574808946937,%,GOOD,SYNTHETIC_ML_DATASET,NORMAL,0
BRT,BRT_POWER_001,2026-03-01T19:42:00+00:00,45.2236539223223,kW,GOOD,SYNTHETIC_ML_DATASET,NORMAL,0
BRT,BRT_PRESS_001,2026-03-01T19:42:00+00:00,986.3067713682881,hPa,GOOD,SYNTHETIC_ML_DATASET,NORMAL,0
BRT,BRT_TEMP_001,2026-03-01T19:42:00+00:00,-8.429018106785405,C,GOOD,SYNTHETIC_ML_DATASET,NORMAL,0
BRT,BRT_VIB_001,2026-03-01T19:42:00+00:00,0.8502403027009262,mm/s,GOOD,SYNTHETIC_ML_DATASET,NORMAL,0
BRT,BRT_HUM_001,2026-03-01T19:43:00+00:00,64.76703493591062,%,GOOD,SYNTHETIC_ML_DATASET,NORMAL,0
BRT,BRT_POWER_001,2026-03-01T19:43:00+00:00,45.72238606888047,kW,GOOD,SYNTHETIC_ML_DATASET,NORMAL,0
BRT,BRT_PRESS_001,2026-03-01T19:43:00+00:00,986.327733442624,hPa,GOOD,SYNTHETIC_ML_DATASET,NORMAL,0
BRT,BRT_TEMP_001,2026-03-01T19:43:00+00:00,-8.15134013649562,C,GOOD,SYNTHETIC_ML_DATASET,NORMAL,0
BRT,BRT_VIB_001,2026-03-01T19:43:00+00:00,0.8369028626035862,mm/s,GOOD,SYNTHETIC_ML_DATASET,NORMAL,0
BRT,BRT_HUM_001,2026-03-01T19:44:00+00:00,64.95513527751311,%,GOOD,SYNTHETIC_ML_DATASET,NORMAL,0
BRT,BRT_POWER_001,2026-03-01T19:44:00+00:00,46.23919059524396,kW,GOOD,SYNTHETIC_ML_DATASET,NORMAL,0
BRT,BRT_PRESS_001,2026-03-01T19:44:00+00:00,986.4584694718446,hPa,GOOD,SYNTHETIC_ML_DATASET,NORMAL,0
BRT,BRT_TEMP_001,2026-03-01T19:44:00+00:00,-8.060099518706298,C,GOOD,SYNTHETIC_ML_DATASET,NORMAL,0
BRT,BRT_VIB_001,2026-03-01T19:44:00+00:00,0.8361282337057987,mm/s,GOOD,SYNTHETIC_ML_DATASET,NORMAL,0
BRT,BRT_HUM_001,2026-03-01T19:45:00+00:00,65.11599318593052,%,GOOD,SYNTHETIC_ML_DATASET,NORMAL,0
BRT,BRT_POWER_001,2026-03-01T19:45:00+00:00,45.90994939746377,kW,GOOD,SYNTHETIC_ML_DATASET,NORMAL,0
BRT,BRT_PRESS_001,2026-03-01T19:45:00+00:00,986.3854891554461,hPa,GOOD,SYNTHETIC_ML_DATASET,NORMAL,0
BRT,BRT_TEMP_001,2026-03-01T19:45:00+00:00,-8.328056607568765,C,GOOD,SYNTHETIC_ML_DATASET,NORMAL,0
BRT,BRT_VIB_001,2026-03-01T19:45:00+00:00,0.8477932186840756,mm/s,GOOD,SYNTHETIC_ML_DATASET,NORMAL,0
BRT,BRT_HUM_001,2026-03-01T19:46:00+00:00,65.73077152687446,%,GOOD,SYNTHETIC_ML_DATASET,NORMAL,0
BRT,BRT_POWER_001,2026-03-01T19:46:00+00:00,46.13078126938895,kW,GOOD,SYNTHETIC_ML_DATASET,NORMAL,0
BRT,BRT_PRESS_001,2026-03-01T19:46:00+00:00,986.5395102836986,hPa,GOOD,SYNTHETIC_ML_DATASET,NORMAL,0
BRT,BRT_TEMP_001,2026-03-01T19:46:00+00:00,-8.235595887641683,C,GOOD,SYNTHETIC_ML_DATASET,NORMAL,0
BRT,BRT_VIB_001,2026-03-01T19:46:00+00:00,0.838573945598231,mm/s,GOOD,SYNTHETIC_ML_DATASET,NORMAL,0
BRT,BRT_HUM_001,2026-03-01T19:47:00+00:00,65.79212603926416,%,GOOD,SYNTHETIC_ML_DATASET,NORMAL,0
BRT,BRT_POWER_001,2026-03-01T19:47:00+00:00,45.86405464275471,kW,GOOD,SYNTHETIC_ML_DATASET,NORMAL,0
BRT,BRT_PRESS_001,2026-03-01T19:47:00+00:00,986.4944414080575,hPa,GOOD,SYNTHETIC_ML_DATASET,NORMAL,0
BRT,BRT_TEMP_001,2026-03-01T19:47:00+00:00,-8.09370748589442,C,GOOD,SYNTHETIC_ML_DATASET,NORMAL,0
BRT,BRT_VIB_001,2026-03-01T19:47:00+00:00,0.830615921878153,mm/s,GOOD,SYNTHETIC_ML_DATASET,NORMAL,0
BRT,BRT_HUM_001,2026-03-01T19:48:00+00:00,64.96429052466287,%,GOOD,SYNTHETIC_ML_DATASET,NORMAL,0
BRT,BRT_POWER_001,2026-03-01T19:48:00+00:00,46.04425676040896,kW,GOOD,SYNTHETIC_ML_DATASET,NORMAL,0
BRT,BRT_PRESS_001,2026-03-01T19:48:00+00:00,986.4138075648177,hPa,GOOD,SYNTHETIC_ML_DATASET,NORMAL,0
BRT,BRT_TEMP_001,2026-03-01T19:48:00+00:00,-7.921384045965975,C,GOOD,SYNTHETIC_ML_DATASET,NORMAL,0
BRT,BRT_VIB_001,2026-03-01T19:48:00+00:00,0.8393033704538221,mm/s,GOOD,SYNTHETIC_ML_DATASET,NORMAL,0
BRT,BRT_HUM_001,2026-03-01T19:49:00+00:00,65.41524324372291,%,GOOD,SYNTHETIC_ML_DATASET,NORMAL,0
BRT,BRT_POWER_001,2026-03-01T19:49:00+00:00,45.35123083040501,kW,GOOD,SYNTHETIC_ML_DATASET,NORMAL,0
BRT,BRT_PRESS_001,2026-03-01T19:49:00+00:00,986.5542648078539,hPa,GOOD,SYNTHETIC_ML_DATASET,NORMAL,0
BRT,BRT_TEMP_001,2026-03-01T19:49:00+00:00,-7.968752218441798,C,GOOD,SYNTHETIC_ML_DATASET,NORMAL,0
BRT,BRT_VIB_001,2026-03-01T19:49:00+00:00,0.8414998293673056,mm/s,GOOD,SYNTHETIC_ML_DATASET,NORMAL,0
BRT,BRT_HUM_001,2026-03-01T19:50:00+00:00,65.63361601752267,%,GOOD,SYNTHETIC_ML_DATASET,NORMAL,0
BRT,BRT_POWER_001,2026-03-01T19:50:00+00:00,45.39230664714284,kW,GOOD,SYNTHETIC_ML_DATASET,NORMAL,0
BRT,BRT_PRESS_001,2026-03-01T19:50:00+00:00,986.6350171241772,hPa,GOOD,SYNTHETIC_ML_DATASET,NORMAL,0
BRT,BRT_TEMP_001,2026-03-01T19:50:00+00:00,-7.761665626013237,C,GOOD,SYNTHETIC_ML_DATASET,NORMAL,0
BRT,BRT_VIB_001,2026-03-01T19:50:00+00:00,0.8234884554159789,mm/s,GOOD,SYNTHETIC_ML_DATASET,NORMAL,0
BRT,BRT_HUM_001,2026-03-01T19:51:00+00:00,64.77115835531654,%,GOOD,SYNTHETIC_ML_DATASET,NORMAL,0
BRT,BRT_POWER_001,2026-03-01T19:51:00+00:00,45.53551897726216,kW,GOOD,SYNTHETIC_ML_DATASET,NORMAL,0
BRT,BRT_PRESS_001,2026-03-01T19:51:00+00:00,986.7149342656982,hPa,GOOD,SYNTHETIC_ML_DATASET,NORMAL,0
BRT,BRT_TEMP_001,2026-03-01T19:51:00+00:00,-7.5436546646574945,C,GOOD,SYNTHETIC_ML_DATASET,NORMAL,0
BRT,BRT_VIB_001,2026-03-01T19:51:00+00:00,0.8508454222874202,mm/s,GOOD,SYNTHETIC_ML_DATASET,NORMAL,0
BRT,BRT_HUM_001,2026-03-01T19:52:00+00:00,65.69819750059867,%,GOOD,SYNTHETIC_ML_DATASET,NORMAL,0
BRT,BRT_POWER_001,2026-03-01T19:52:00+00:00,45.30270912950636,kW,GOOD,SYNTHETIC_ML_DATASET,NORMAL,0
BRT,BRT_PRESS_001,2026-03-01T19:52:00+00:00,986.8341415688991,hPa,GOOD,SYNTHETIC_ML_DATASET,NORMAL,0
BRT,BRT_TEMP_001,2026-03-01T19:52:00+00:00,-7.418191083403475,C,GOOD,SYNTHETIC_ML_DATASET,NORMAL,0
BRT,BRT_VIB_001,2026-03-01T19:52:00+00:00,0.8375314933927739,mm/s,GOOD,SYNTHETIC_ML_DATASET,NORMAL,0
BRT,BRT_HUM_001,2026-03-01T19:53:00+00:00,66.24760694502035,%,GOOD,SYNTHETIC_ML_DATASET,NORMAL,0
BRT,BRT_POWER_001,2026-03-01T19:53:00+00:00,45.097281002620484,kW,GOOD,SYNTHETIC_ML_DATASET,NORMAL,0
BRT,BRT_PRESS_001,2026-03-01T19:53:00+00:00,986.9893003228182,hPa,GOOD,SYNTHETIC_ML_DATASET,NORMAL,0
BRT,BRT_TEMP_001,2026-03-01T19:53:00+00:00,-7.427082199386127,C,GOOD,SYNTHETIC_ML_DATASET,NORMAL,0
BRT,BRT_VIB_001,2026-03-01T19:53:00+00:00,0.8254844835565757,mm/s,GOOD,SYNTHETIC_ML_DATASET,NORMAL,0
BRT,BRT_HUM_001,2026-03-01T19:54:00+00:00,66.48782268058908,%,GOOD,SYNTHETIC_ML_DATASET,NORMAL,0
BRT,BRT_POWER_001,2026-03-01T19:54:00+00:00,45.75166319382419,kW,GOOD,SYNTHETIC_ML_DATASET,NORMAL,0
BRT,BRT_PRESS_001,2026-03-01T19:54:00+00:00,987.0201602325659,hPa,GOOD,SYNTHETIC_ML_DATASET,NORMAL,0
BRT,BRT_TEMP_001,2026-03-01T19:54:00+00:00,-7.085354341173213,C,GOOD,SYNTHETIC_ML_DATASET,NORMAL,0
BRT,BRT_VIB_001,2026-03-01T19:54:00+00:00,0.8262349361523909,mm/s,GOOD,SYNTHETIC_ML_DATASET,NORMAL,0
BRT,BRT_HUM_001,2026-03-01T19:55:00+00:00,66.17583279428422,%,GOOD,SYNTHETIC_ML_DATASET,NORMAL,0
BRT,BRT_POWER_001,2026-03-01T19:55:00+00:00,46.07207058959497,kW,GOOD,SYNTHETIC_ML_DATASET,NORMAL,0
BRT,BRT_PRESS_001,2026-03-01T19:55:00+00:00,986.8710773428122,hPa,GOOD,SYNTHETIC_ML_DATASET,NORMAL,0
BRT,BRT_TEMP_001,2026-03-01T19:55:00+00:00,-6.740082583715427,C,GOOD,SYNTHETIC_ML_DATASET,NORMAL,0
BRT,BRT_VIB_001,2026-03-01T19:55:00+00:00,0.8104384029863112,mm/s,GOOD,SYNTHETIC_ML_DATASET,NORMAL,0
BRT,BRT_HUM_001,2026-03-01T19:56:00+00:00,65.23211379968798,%,GOOD,SYNTHETIC_ML_DATASET,NORMAL,0
BRT,BRT_POWER_001,2026-03-01T19:56:00+00:00,45.635625372978396,kW,GOOD,SYNTHETIC_ML_DATASET,NORMAL,0
BRT,BRT_PRESS_001,2026-03-01T19:56:00+00:00,987.1345798806211,hPa,GOOD,SYNTHETIC_ML_DATASET,NORMAL,0
BRT,BRT_TEMP_001,2026-03-01T19:56:00+00:00,-7.07478497651268,C,GOOD,SYNTHETIC_ML_DATASET,NORMAL,0
BRT,BRT_VIB_001,2026-03-01T19:56:00+00:00,0.8474852791108611,mm/s,GOOD,SYNTHETIC_ML_DATASET,NORMAL,0
BRT,BRT_HUM_001,2026-03-01T19:57:00+00:00,66.46790267542615,%,GOOD,SYNTHETIC_ML_DATASET,NORMAL,0
BRT,BRT_POWER_001,2026-03-01T19:57:00+00:00,45.561071544557684,kW,GOOD,SYNTHETIC_ML_DATASET,NORMAL,0
BRT,BRT_PRESS_001,2026-03-01T19:57:00+00:00,987.19503913552,hPa,GOOD,SYNTHETIC_ML_DATASET,NORMAL,0
BRT,BRT_TEMP_001,2026-03-01T19:57:00+00:00,-7.013199869084538,C,GOOD,SYNTHETIC_ML_DATASET,NORMAL,0
BRT,BRT_VIB_001,2026-03-01T19:57:00+00:00,0.8252094808286842,mm/s,GOOD,SYNTHETIC_ML_DATASET,NORMAL,0
BRT,BRT_HUM_001,2026-03-01T19:58:00+00:00,65.67783946993964,%,GOOD,SYNTHETIC_ML_DATASET,NORMAL,0
BRT,BRT_POWER_001,2026-03-01T19:58:00+00:00,45.18642353365981,kW,GOOD,SYNTHETIC_ML_DATASET,NORMAL,0
BRT,BRT_PRESS_001,2026-03-01T19:58:00+00:00,987.2128199629435,hPa,GOOD,SYNTHETIC_ML_DATASET,NORMAL,0
BRT,BRT_TEMP_001,2026-03-01T19:58:00+00:00,-6.708014131981837,C,GOOD,SYNTHETIC_ML_DATASET,NORMAL,0
BRT,BRT_VIB_001,2026-03-01T19:58:00+00:00,0.8356920297650046,mm/s,GOOD,SYNTHETIC_ML_DATASET,NORMAL,0
BRT,BRT_HUM_001,2026-03-01T19:59:00+00:00,66.32755667161982,%,GOOD,SYNTHETIC_ML_DATASET,NORMAL,0
BRT,BRT_POWER_001,2026-03-01T19:59:00+00:00,46.15652489114409,kW,GOOD,SYNTHETIC_ML_DATASET,NORMAL,0
BRT,BRT_PRESS_001,2026-03-01T19:59:00+00:00,987.1421559794052,hPa,GOOD,SYNTHETIC_ML_DATASET,NORMAL,0
BRT,BRT_TEMP_001,2026-03-01T19:59:00+00:00,-6.9299705461984775,C,GOOD,SYNTHETIC_ML_DATASET,NORMAL,0
BRT,BRT_VIB_001,2026-03-01T19:59:00+00:00,0.8739828209517977,mm/s,GOOD,SYNTHETIC_ML_DATASET,NORMAL,0
BRT,BRT_HUM_001,2026-03-01T20:00:00+00:00,66.36261949688424,%,GOOD,SYNTHETIC_ML_DATASET,NORMAL,0
BRT,BRT_POWER_001,2026-03-01T20:00:00+00:00,45.887933372243154,kW,GOOD,SYNTHETIC_ML_DATASET,NORMAL,0
BRT,BRT_PRESS_001,2026-03-01T20:00:00+00:00,987.1647044208607,hPa,GOOD,SYNTHETIC_ML_DATASET,NORMAL,0
BRT,BRT_TEMP_001,2026-03-01T20:00:00+00:00,-7.037367122185002,C,GOOD,SYNTHETIC_ML_DATASET,NORMAL,0
BRT,BRT_VIB_001,2026-03-01T20:00:00+00:00,0.8628084475309845,mm/s,GOOD,SYNTHETIC_ML_DATASET,NORMAL,0
BRT,BRT_HUM_001,2026-03-01T20:01:00+00:00,66.08637941287526,%,GOOD,SYNTHETIC_ML_DATASET,NORMAL,0
BRT,BRT_POWER_001,2026-03-01T20:01:00+00:00,46.28257984561551,kW,GOOD,SYNTHETIC_ML_DATASET,NORMAL,0
BRT,BRT_PRESS_001,2026-03-01T20:01:00+00:00,987.0819431845653,hPa,GOOD,SYNTHETIC_ML_DATASET,NORMAL,0
BRT,BRT_TEMP_001,2026-03-01T20:01:00+00:00,-6.862643197113156,C,GOOD,SYNTHETIC_ML_DATASET,NORMAL,0
BRT,BRT_VIB_001,2026-03-01T20:01:00+00:00,0.8459612071978876,mm/s,GOOD,SYNTHETIC_ML_DATASET,NORMAL,0
BRT,BRT_HUM_001,2026-03-01T20:02:00+00:00,65.98684535852266,%,GOOD,SYNTHETIC_ML_DATASET,NORMAL,0
BRT,BRT_POWER_001,2026-03-01T20:02:00+00:00,46.39263559949887,kW,GOOD,SYNTHETIC_ML_DATASET,NORMAL,0
BRT,BRT_PRESS_001,2026-03-01T20:02:00+00:00,987.3532536708425,hPa,GOOD,SYNTHETIC_ML_DATASET,NORMAL,0
BRT,BRT_TEMP_001,2026-03-01T20:02:00+00:00,-6.938934785237128,C,GOOD,SYNTHETIC_ML_DATASET,NORMAL,0
BRT,BRT_VIB_001,2026-03-01T20:02:00+00:00,0.8673123912551592,mm/s,GOOD,SYNTHETIC_ML_DATASET,NORMAL,0
BRT,BRT_HUM_001,2026-03-01T20:03:00+00:00,65.62627047858152,%,GOOD,SYNTHETIC_ML_DATASET,NORMAL,0
BRT,BRT_POWER_001,2026-03-01T20:03:00+00:00,45.918854631469834,kW,GOOD,SYNTHETIC_ML_DATASET,NORMAL,0
BRT,BRT_PRESS_001,2026-03-01T20:03:00+00:00,987.2733353996217,hPa,GOOD,SYNTHETIC_ML_DATASET,NORMAL,0
BRT,BRT_TEMP_001,2026-03-01T20:03:00+00:00,-6.765320844321888,C,GOOD,SYNTHETIC_ML_DATASET,NORMAL,0
BRT,BRT_VIB_001,2026-03-01T20:03:00+00:00,0.8589815183176943,mm/s,GOOD,SYNTHETIC_ML_DATASET,NORMAL,0
BRT,BRT_HUM_001,2026-03-01T20:04:00+00:00,65.8267991672461,%,GOOD,SYNTHETIC_ML_DATASET,NORMAL,0
BRT,BRT_POWER_001,2026-03-01T20:04:00+00:00,46.14192814896158,kW,GOOD,SYNTHETIC_ML_DATASET,NORMAL,0
BRT,BRT_PRESS_001,2026-03-01T20:04:00+00:00,987.195418440481,hPa,GOOD,SYNTHETIC_ML_DATASET,NORMAL,0
BRT,BRT_TEMP_001,2026-03-01T20:04:00+00:00,-6.863152953378564,C,GOOD,SYNTHETIC_ML_DATASET,NORMAL,0
BRT,BRT_VIB_001,2026-03-01T20:04:00+00:00,0.8461852333424301,mm/s,GOOD,SYNTHETIC_ML_DATASET,NORMAL,0
BRT,BRT_HUM_001,2026-03-01T20:05:00+00:00,66.27487149817895,%,GOOD,SYNTHETIC_ML_DATASET,NORMAL,0
BRT,BRT_POWER_001,2026-03-01T20:05:00+00:00,46.71724426461819,kW,GOOD,SYNTHETIC_ML_DATASET,NORMAL,0
BRT,BRT_PRESS_001,2026-03-01T20:05:00+00:00,987.1904439086675,hPa,GOOD,SYNTHETIC_ML_DATASET,NORMAL,0
BRT,BRT_TEMP_001,2026-03-01T20:05:00+00:00,-6.971823339118375,C,GOOD,SYNTHETIC_ML_DATASET,NORMAL,0
BRT,BRT_VIB_001,2026-03-01T20:05:00+00:00,0.8961110190910943,mm/s,GOOD,SYNTHETIC_ML_DATASET,NORMAL,0
BRT,BRT_HUM_001,2026-03-01T20:06:00+00:00,66.0704098334259,%,GOOD,SYNTHETIC_ML_DATASET,NORMAL,0
BRT,BRT_POWER_001,2026-03-01T20:06:00+00:00,46.237246637850305,kW,GOOD,SYNTHETIC_ML_DATASET,NORMAL,0
BRT,BRT_PRESS_001,2026-03-01T20:06:00+00:00,987.2989421939651,hPa,GOOD,SYNTHETIC_ML_DATASET,NORMAL,0
BRT,BRT_TEMP_001,2026-03-01T20:06:00+00:00,-6.915226369726254,C,GOOD,SYNTHETIC_ML_DATASET,NORMAL,0
BRT,BRT_VIB_001,2026-03-01T20:06:00+00:00,0.9098353037758623,mm/s,GOOD,SYNTHETIC_ML_DATASET,NORMAL,0
BRT,BRT_HUM_001,2026-03-01T20:07:00+00:00,66.60378272810838,%,GOOD,SYNTHETIC_ML_DATASET,NORMAL,0
BRT,BRT_POWER_001,2026-03-01T20:07:00+00:00,46.33729207349754,kW,GOOD,SYNTHETIC_ML_DATASET,NORMAL,0
BRT,BRT_PRESS_001,2026-03-01T20:07:00+00:00,987.1805815013101,hPa,GOOD,SYNTHETIC_ML_DATASET,NORMAL,0
BRT,BRT_TEMP_001,2026-03-01T20:07:00+00:00,-6.975926923881652,C,GOOD,SYNTHETIC_ML_DATASET,NORMAL,0
BRT,BRT_VIB_001,2026-03-01T20:07:00+00:00,0.8803330243821733,mm/s,GOOD,SYNTHETIC_ML_DATASET,NORMAL,0
BRT,BRT_HUM_001,2026-03-01T20:08:00+00:00,66.48610119857405,%,GOOD,SYNTHETIC_ML_DATASET,NORMAL,0
BRT,BRT_POWER_001,2026-03-01T20:08:00+00:00,46.47046552317162,kW,GOOD,SYNTHETIC_ML_DATASET,NORMAL,0
BRT,BRT_PRESS_001,2026-03-01T20:08:00+00:00,987.3362542653488,hPa,GOOD,SYNTHETIC_ML_DATASET,NORMAL,0
BRT,BRT_TEMP_001,2026-03-01T20:08:00+00:00,-6.648172821828044,C,GOOD,SYNTHETIC_ML_DATASET,NORMAL,0
BRT,BRT_VIB_001,2026-03-01T20:08:00+00:00,0.9064609458028337,mm/s,GOOD,SYNTHETIC_ML_DATASET,NORMAL,0
BRT,BRT_HUM_001,2026-03-01T20:09:00+00:00,65.97465835855024,%,GOOD,SYNTHETIC_ML_DATASET,NORMAL,0
BRT,BRT_POWER_001,2026-03-01T20:09:00+00:00,46.034955711507536,kW,GOOD,SYNTHETIC_ML_DATASET,NORMAL,0
BRT,BRT_PRESS_001,2026-03-01T20:09:00+00:00,987.3370172432869,hPa,GOOD,SYNTHETIC_ML_DATASET,NORMAL,0
BRT,BRT_TEMP_001,2026-03-01T20:09:00+00:00,-6.75752669382691,C,GOOD,SYNTHETIC_ML_DATASET,NORMAL,0
BRT,BRT_VIB_001,2026-03-01T20:09:00+00:00,0.9054266933829404,mm/s,GOOD,SYNTHETIC_ML_DATASET,NORMAL,0
BRT,BRT_HUM_001,2026-03-01T20:10:00+00:00,65.95130591007835,%,GOOD,SYNTHETIC_ML_DATASET,NORMAL,0
BRT,BRT_POWER_001,2026-03-01T20:10:00+00:00,46.0724066510893,kW,GOOD,SYNTHETIC_ML_DATASET,NORMAL,0
BRT,BRT_PRESS_001,2026-03-01T20:10:00+00:00,987.0670428946077,hPa,GOOD,SYNTHETIC_ML_DATASET,NORMAL,0
BRT,BRT_TEMP_001,2026-03-01T20:10:00+00:00,-6.588092479876604,C,GOOD,SYNTHETIC_ML_DATASET,NORMAL,0
BRT,BRT_VIB_001,2026-03-01T20:10:00+00:00,0.9143641510602197,mm/s,GOOD,SYNTHETIC_ML_DATASET,NORMAL,0
BRT,BRT_HUM_001,2026-03-01T20:11:00+00:00,65.9692164913193,%,GOOD,SYNTHETIC_ML_DATASET,NORMAL,0
BRT,BRT_POWER_001,2026-03-01T20:11:00+00:00,46.62827084641048,kW,GOOD,SYNTHETIC_ML_DATASET,NORMAL,0
BRT,BRT_PRESS_001,2026-03-01T20:11:00+00:00,987.0674838137702,hPa,GOOD,SYNTHETIC_ML_DATASET,NORMAL,0
BRT,BRT_TEMP_001,2026-03-01T20:11:00+00:00,-6.626005995431798,C,GOOD,SYNTHETIC_ML_DATASET,NORMAL,0
BRT,BRT_VIB_001,2026-03-01T20:11:00+00:00,0.9068642901063142,mm/s,GOOD,SYNTHETIC_ML_DATASET,NORMAL,0
BRT,BRT_HUM_001,2026-03-01T20:12:00+00:00,67.4735180196028,%,GOOD,SYNTHETIC_ML_DATASET,NORMAL,0
BRT,BRT_POWER_001,2026-03-01T20:12:00+00:00,46.24694177619028,kW,GOOD,SYNTHETIC_ML_DATASET,NORMAL,0
BRT,BRT_PRESS_001,2026-03-01T20:12:00+00:00,987.1625250591117,hPa,GOOD,SYNTHETIC_ML_DATASET,NORMAL,0
BRT,BRT_TEMP_001,2026-03-01T20:12:00+00:00,-6.543478811721178,C,GOOD,SYNTHETIC_ML_DATASET,NORMAL,0
BRT,BRT_VIB_001,2026-03-01T20:12:00+00:00,0.9106517970166466,mm/s,GOOD,SYNTHETIC_ML_DATASET,NORMAL,0
BRT,BRT_HUM_001,2026-03-01T20:13:00+00:00,66.23457198562907,%,GOOD,SYNTHETIC_ML_DATASET,NORMAL,0
BRT,BRT_POWER_001,2026-03-01T20:13:00+00:00,46.56992326718222,kW,GOOD,SYNTHETIC_ML_DATASET,NORMAL,0
BRT,BRT_PRESS_001,2026-03-01T20:13:00+00:00,987.2120907742959,hPa,GOOD,SYNTHETIC_ML_DATASET,NORMAL,0
BRT,BRT_TEMP_001,2026-03-01T20:13:00+00:00,-6.773035739526169,C,GOOD,SYNTHETIC_ML_DATASET,NORMAL,0
BRT,BRT_VIB_001,2026-03-01T20:13:00+00:00,0.8987322261201761,mm/s,GOOD,SYNTHETIC_ML_DATASET,NORMAL,0
BRT,BRT_HUM_001,2026-03-01T20:14:00+00:00,67.14178149155335,%,GOOD,SYNTHETIC_ML_DATASET,NORMAL,0
BRT,BRT_POWER_001,2026-03-01T20:14:00+00:00,46.16407810147593,kW,GOOD,SYNTHETIC_ML_DATASET,NORMAL,0
BRT,BRT_PRESS_001,2026-03-01T20:14:00+00:00,987.3176567968692,hPa,GOOD,SYNTHETIC_ML_DATASET,NORMAL,0
BRT,BRT_TEMP_001,2026-03-01T20:14:00+00:00,-6.786414793707009,C,GOOD,SYNTHETIC_ML_DATASET,NORMAL,0
BRT,BRT_VIB_001,2026-03-01T20:14:00+00:00,0.8745138865930072,mm/s,GOOD,SYNTHETIC_ML_DATASET,NORMAL,0
BRT,BRT_HUM_001,2026-03-01T20:15:00+00:00,67.63817597492879,%,GOOD,SYNTHETIC_ML_DATASET,NORMAL,0
BRT,BRT_POWER_001,2026-03-01T20:15:00+00:00,46.23430821197898,kW,GOOD,SYNTHETIC_ML_DATASET,NORMAL,0
BRT,BRT_PRESS_001,2026-03-01T20:15:00+00:00,987.2219162695243,hPa,GOOD,SYNTHETIC_ML_DATASET,NORMAL,0
BRT,BRT_TEMP_001,2026-03-01T20:15:00+00:00,-6.942093713403303,C,GOOD,SYNTHETIC_ML_DATASET,NORMAL,0
BRT,BRT_VIB_001,2026-03-01T20:15:00+00:00,0.8643264237701729,mm/s,GOOD,SYNTHETIC_ML_DATASET,NORMAL,0
BRT,BRT_HUM_001,2026-03-01T20:16:00+00:00,67.23216228156544,%,GOOD,SYNTHETIC_ML_DATASET,NORMAL,0
BRT,BRT_POWER_001,2026-03-01T20:16:00+00:00,46.62191341079657,kW,GOOD,SYNTHETIC_ML_DATASET,NORMAL,0
BRT,BRT_PRESS_001,2026-03-01T20:16:00+00:00,987.3266671669982,hPa,GOOD,SYNTHETIC_ML_DATASET,NORMAL,0
BRT,BRT_TEMP_001,2026-03-01T20:16:00+00:00,-7.263676027771714,C,GOOD,SYNTHETIC_ML_DATASET,NORMAL,0
BRT,BRT_VIB_001,2026-03-01T20:16:00+00:00,0.8801663677439949,mm/s,GOOD,SYNTHETIC_ML_DATASET,NORMAL,0
BRT,BRT_HUM_001,2026-03-01T20:17:00+00:00,66.30166295835473,%,GOOD,SYNTHETIC_ML_DATASET,NORMAL,0
BRT,BRT_POWER_001,2026-03-01T20:17:00+00:00,46.726262420559785,kW,GOOD,SYNTHETIC_ML_DATASET,NORMAL,0
BRT,BRT_PRESS_001,2026-03-01T20:17:00+00:00,987.4062866384061,hPa,GOOD,SYNTHETIC_ML_DATASET,NORMAL,0
BRT,BRT_TEMP_001,2026-03-01T20:17:00+00:00,-7.168230273593272,C,GOOD,SYNTHETIC_ML_DATASET,NORMAL,0
BRT,BRT_VIB_001,2026-03-01T20:17:00+00:00,0.8450306100213789,mm/s,GOOD,SYNTHETIC_ML_DATASET,NORMAL,0
BRT,BRT_HUM_001,2026-03-01T20:18:00+00:00,67.00329063872697,%,GOOD,SYNTHETIC_ML_DATASET,NORMAL,0
BRT,BRT_POWER_001,2026-03-01T20:18:00+00:00,46.09054074245137,kW,GOOD,SYNTHETIC_ML_DATASET,NORMAL,0
BRT,BRT_PRESS_001,2026-03-01T20:18:00+00:00,987.2714620692082,hPa,GOOD,SYNTHETIC_ML_DATASET,NORMAL,0
BRT,BRT_TEMP_001,2026-03-01T20:18:00+00:00,-7.123983426796383,C,GOOD,SYNTHETIC_ML_DATASET,NORMAL,0
BRT,BRT_VIB_001,2026-03-01T20:18:00+00:00,0.8692796739004964,mm/s,GOOD,SYNTHETIC_ML_DATASET,NORMAL,0
BRT,BRT_HUM_001,2026-03-01T20:19:00+00:00,67.52810213500976,%,GOOD,SYNTHETIC_ML_DATASET,NORMAL,0
BRT,BRT_POWER_001,2026-03-01T20:19:00+00:00,46.50924598034074,kW,GOOD,SYNTHETIC_ML_DATASET,NORMAL,0
BRT,BRT_PRESS_001,2026-03-01T20:19:00+00:00,987.3086619236016,hPa,GOOD,SYNTHETIC_ML_DATASET,NORMAL,0
BRT,BRT_TEMP_001,2026-03-01T20:19:00+00:00,-7.0786842702676775,C,GOOD,SYNTHETIC_ML_DATASET,NORMAL,0
BRT,BRT_VIB_001,2026-03-01T20:19:00+00:00,0.8944416776882078,mm/s,GOOD,SYNTHETIC_ML_DATASET,NORMAL,0
BRT,BRT_HUM_001,2026-03-01T20:20:00+00:00,68.49649412219271,%,GOOD,SYNTHETIC_ML_DATASET,NORMAL,0
BRT,BRT_POWER_001,2026-03-01T20:20:00+00:00,46.28712588372085,kW,GOOD,SYNTHETIC_ML_DATASET,NORMAL,0
BRT,BRT_PRESS_001,2026-03-01T20:20:00+00:00,987.4775668664766,hPa,GOOD,SYNTHETIC_ML_DATASET,NORMAL,0
BRT,BRT_TEMP_001,2026-03-01T20:20:00+00:00,-6.997568032601724,C,GOOD,SYNTHETIC_ML_DATASET,NORMAL,0
BRT,BRT_VIB_001,2026-03-01T20:20:00+00:00,0.8733723757771076,mm/s,GOOD,SYNTHETIC_ML_DATASET,NORMAL,0
BRT,BRT_HUM_001,2026-03-01T20:21:00+00:00,68.05357812179763,%,GOOD,SYNTHETIC_ML_DATASET,NORMAL,0
BRT,BRT_POWER_001,2026-03-01T20:21:00+00:00,46.788164915082135,kW,GOOD,SYNTHETIC_ML_DATASET,NORMAL,0
BRT,BRT_PRESS_001,2026-03-01T20:21:00+00:00,987.4495150007801,hPa,GOOD,SYNTHETIC_ML_DATASET,NORMAL,0
BRT,BRT_TEMP_001,2026-03-01T20:21:00+00:00,-6.98001498456663,C,GOOD,SYNTHETIC_ML_DATASET,NORMAL,0
BRT,BRT_VIB_001,2026-03-01T20:21:00+00:00,0.8723088001704259,mm/s,GOOD,SYNTHETIC_ML_DATASET,NORMAL,0
BRT,BRT_HUM_001,2026-03-01T20:22:00+00:00,68.60404678591792,%,GOOD,SYNTHETIC_ML_DATASET,NORMAL,0
BRT,BRT_POWER_001,2026-03-01T20:22:00+00:00,46.834636208628915,kW,GOOD,SYNTHETIC_ML_DATASET,NORMAL,0
BRT,BRT_PRESS_001,2026-03-01T20:22:00+00:00,987.1844966346844,hPa,GOOD,SYNTHETIC_ML_DATASET,NORMAL,0
BRT,BRT_TEMP_001,2026-03-01T20:22:00+00:00,-7.096701410905715,C,GOOD,SYNTHETIC_ML_DATASET,NORMAL,0
BRT,BRT_VIB_001,2026-03-01T20:22:00+00:00,0.8821598481108722,mm/s,GOOD,SYNTHETIC_ML_DATASET,NORMAL,0
BRT,BRT_HUM_001,2026-03-01T20:23:00+00:00,68.69640329551177,%,GOOD,SYNTHETIC_ML_DATASET,NORMAL,0
BRT,BRT_POWER_001,2026-03-01T20:23:00+00:00,47.61707526573217,kW,GOOD,SYNTHETIC_ML_DATASET,NORMAL,0
BRT,BRT_PRESS_001,2026-03-01T20:23:00+00:00,987.3752195645973,hPa,GOOD,SYNTHETIC_ML_DATASET,NORMAL,0
BRT,BRT_TEMP_001,2026-03-01T20:23:00+00:00,-7.019125939465796,C,GOOD,SYNTHETIC_ML_DATASET,NORMAL,0
BRT,BRT_VIB_001,2026-03-01T20:23:00+00:00,0.8782660800725556,mm/s,GOOD,SYNTHETIC_ML_DATASET,NORMAL,0
BRT,BRT_HUM_001,2026-03-01T20:24:00+00:00,68.25591927902387,%,GOOD,SYNTHETIC_ML_DATASET,NORMAL,0
BRT,BRT_POWER_001,2026-03-01T20:24:00+00:00,47.349563932573105,kW,GOOD,SYNTHETIC_ML_DATASET,NORMAL,0
BRT,BRT_PRESS_001,2026-03-01T20:24:00+00:00,987.228835320708,hPa,GOOD,SYNTHETIC_ML_DATASET,NORMAL,0
BRT,BRT_TEMP_001,2026-03-01T20:24:00+00:00,-6.866035251909731,C,GOOD,SYNTHETIC_ML_DATASET,NORMAL,0
BRT,BRT_VIB_001,2026-03-01T20:24:00+00:00,0.8887530741724562,mm/s,GOOD,SYNTHETIC_ML_DATASET,NORMAL,0
BRT,BRT_HUM_001,2026-03-01T20:25:00+00:00,67.16293744660139,%,GOOD,SYNTHETIC_ML_DATASET,NORMAL,0
BRT,BRT_POWER_001,2026-03-01T20:25:00+00:00,46.906276741832606,kW,GOOD,SYNTHETIC_ML_DATASET,NORMAL,0
BRT,BRT_PRESS_001,2026-03-01T20:25:00+00:00,987.315781602822,hPa,GOOD,SYNTHETIC_ML_DATASET,NORMAL,0
BRT,BRT_TEMP_001,2026-03-01T20:25:00+00:00,-6.887087513319138,C,GOOD,SYNTHETIC_ML_DATASET,NORMAL,0
BRT,BRT_VIB_001,2026-03-01T20:25:00+00:00,0.888073483366642,mm/s,GOOD,SYNTHETIC_ML_DATASET,NORMAL,0
BRT,BRT_HUM_001,2026-03-01T20:26:00+00:00,68.09035536453105,%,GOOD,SYNTHETIC_ML_DATASET,NORMAL,0
BRT,BRT_POWER_001,2026-03-01T20:26:00+00:00,46.75430397943355,kW,GOOD,SYNTHETIC_ML_DATASET,NORMAL,0
BRT,BRT_PRESS_001,2026-03-01T20:26:00+00:00,987.2436023511474,hPa,GOOD,SYNTHETIC_ML_DATASET,NORMAL,0
BRT,BRT_TEMP_001,2026-03-01T20:26:00+00:00,-6.838991441312702,C,GOOD,SYNTHETIC_ML_DATASET,NORMAL,0
BRT,BRT_VIB_001,2026-03-01T20:26:00+00:00,0.8808553011703922,mm/s,GOOD,SYNTHETIC_ML_DATASET,NORMAL,0
BRT,BRT_HUM_001,2026-03-01T20:27:00+00:00,68.26173333576197,%,GOOD,SYNTHETIC_ML_DATASET,NORMAL,0
BRT,BRT_POWER_001,2026-03-01T20:27:00+00:00,46.34889558472341,kW,GOOD,SYNTHETIC_ML_DATASET,NORMAL,0
BRT,BRT_PRESS_001,2026-03-01T20:27:00+00:00,987.2857360626327,hPa,GOOD,SYNTHETIC_ML_DATASET,NORMAL,0
BRT,BRT_TEMP_001,2026-03-01T20:27:00+00:00,-6.795747810511909,C,GOOD,SYNTHETIC_ML_DATASET,NORMAL,0
BRT,BRT_VIB_001,2026-03-01T20:27:00+00:00,0.8944431417308906,mm/s,GOOD,SYNTHETIC_ML_DATASET,NORMAL,0
BRT,BRT_HUM_001,2026-03-01T20:28:00+00:00,68.00562303818887,%,GOOD,SYNTHETIC_ML_DATASET,NORMAL,0
BRT,BRT_POWER_001,2026-03-01T20:28:00+00:00,46.129316884357564,kW,GOOD,SYNTHETIC_ML_DATASET,NORMAL,0
BRT,BRT_PRESS_001,2026-03-01T20:28:00+00:00,987.1694202209853,hPa,GOOD,SYNTHETIC_ML_DATASET,NORMAL,0
BRT,BRT_TEMP_001,2026-03-01T20:28:00+00:00,-6.663849532064432,C,GOOD,SYNTHETIC_ML_DATASET,NORMAL,0
BRT,BRT_VIB_001,2026-03-01T20:28:00+00:00,0.8983792829681321,mm/s,GOOD,SYNTHETIC_ML_DATASET,NORMAL,0
BRT,BRT_HUM_001,2026-03-01T20:29:00+00:00,68.57996146785791,%,GOOD,SYNTHETIC_ML_DATASET,NORMAL,0
BRT,BRT_POWER_001,2026-03-01T20:29:00+00:00,46.25283249476399,kW,GOOD,SYNTHETIC_ML_DATASET,NORMAL,0
BRT,BRT_PRESS_001,2026-03-01T20:29:00+00:00,987.2708872010361,hPa,GOOD,SYNTHETIC_ML_DATASET,NORMAL,0
BRT,BRT_TEMP_001,2026-03-01T20:29:00+00:00,-6.824713796427073,C,GOOD,SYNTHETIC_ML_DATASET,NORMAL,0
BRT,BRT_VIB_001,2026-03-01T20:29:00+00:00,0.9187902642530887,mm/s,GOOD,SYNTHETIC_ML_DATASET,NORMAL,0
BRT,BRT_HUM_001,2026-03-01T20:30:00+00:00,68.90065813119362,%,GOOD,SYNTHETIC_ML_DATASET,NORMAL,0
BRT,BRT_POWER_001,2026-03-01T20:30:00+00:00,46.95960256198694,kW,GOOD,SYNTHETIC_ML_DATASET,NORMAL,0
BRT,BRT_PRESS_001,2026-03-01T20:30:00+00:00,987.1222170136384,hPa,GOOD,SYNTHETIC_ML_DATASET,NORMAL,0
BRT,BRT_TEMP_001,2026-03-01T20:30:00+00:00,-6.7723573265110915,C,GOOD,SYNTHETIC_ML_DATASET,NORMAL,0
BRT,BRT_VIB_001,2026-03-01T20:30:00+00:00,0.9115995615542983,mm/s,GOOD,SYNTHETIC_ML_DATASET,NORMAL,0
BRT,BRT_HUM_001,2026-03-01T20:31:00+00:00,67.35541511308463,%,GOOD,SYNTHETIC_ML_DATASET,NORMAL,0
BRT,BRT_POWER_001,2026-03-01T20:31:00+00:00,46.48549617116406,kW,GOOD,SYNTHETIC_ML_DATASET,NORMAL,0
BRT,BRT_PRESS_001,2026-03-01T20:31:00+00:00,987.0972106578059,hPa,GOOD,SYNTHETIC_ML_DATASET,NORMAL,0
BRT,BRT_TEMP_001,2026-03-01T20:31:00+00:00,-6.672891672448652,C,GOOD,SYNTHETIC_ML_DATASET,NORMAL,0
BRT,BRT_VIB_001,2026-03-01T20:31:00+00:00,0.9081475271285194,mm/s,GOOD,SYNTHETIC_ML_DATASET,NORMAL,0
BRT,BRT_HUM_001,2026-03-01T20:32:00+00:00,67.5397219796861,%,GOOD,SYNTHETIC_ML_DATASET,NORMAL,0
BRT,BRT_POWER_001,2026-03-01T20:32:00+00:00,46.95032506628635,kW,GOOD,SYNTHETIC_ML_DATASET,NORMAL,0
BRT,BRT_PRESS_001,2026-03-01T20:32:00+00:00,987.2950335407835,hPa,GOOD,SYNTHETIC_ML_DATASET,NORMAL,0
BRT,BRT_TEMP_001,2026-03-01T20:32:00+00:00,-7.053160042091564,C,GOOD,SYNTHETIC_ML_DATASET,NORMAL,0
BRT,BRT_VIB_001,2026-03-01T20:32:00+00:00,0.9043861640638524,mm/s,GOOD,SYNTHETIC_ML_DATASET,NORMAL,0
BRT,BRT_HUM_001,2026-03-01T20:33:00+00:00,67.37034453626198,%,GOOD,SYNTHETIC_ML_DATASET,NORMAL,0
BRT,BRT_POWER_001,2026-03-01T20:33:00+00:00,46.339192477836654,kW,GOOD,SYNTHETIC_ML_DATASET,NORMAL,0
BRT,BRT_PRESS_001,2026-03-01T20:33:00+00:00,987.1770247388085,hPa,GOOD,SYNTHETIC_ML_DATASET,NORMAL,0
BRT,BRT_TEMP_001,2026-03-01T20:33:00+00:00,-6.835550992719621,C,GOOD,SYNTHETIC_ML_DATASET,NORMAL,0
BRT,BRT_VIB_001,2026-03-01T20:33:00+00:00,0.9218783450176102,mm/s,GOOD,SYNTHETIC_ML_DATASET,NORMAL,0
BRT,BRT_HUM_001,2026-03-01T20:34:00+00:00,67.48679495054668,%,GOOD,SYNTHETIC_ML_DATASET,NORMAL,0
BRT,BRT_POWER_001,2026-03-01T20:34:00+00:00,46.177748646808126,kW,GOOD,SYNTHETIC_ML_DATASET,NORMAL,0
BRT,BRT_PRESS_001,2026-03-01T20:34:00+00:00,987.2491682833021,hPa,GOOD,SYNTHETIC_ML_DATASET,NORMAL,0
BRT,BRT_TEMP_001,2026-03-01T20:34:00+00:00,-6.944871244246272,C,GOOD,SYNTHETIC_ML_DATASET,NORMAL,0
BRT,BRT_VIB_001,2026-03-01T20:34:00+00:00,0.9074766838574077,mm/s,GOOD,SYNTHETIC_ML_DATASET,NORMAL,0
BRT,BRT_HUM_001,2026-03-01T20:35:00+00:00,67.86768660852488,%,GOOD,SYNTHETIC_ML_DATASET,NORMAL,0
BRT,BRT_POWER_001,2026-03-01T20:35:00+00:00,45.803752111619474,kW,GOOD,SYNTHETIC_ML_DATASET,NORMAL,0
BRT,BRT_PRESS_001,2026-03-01T20:35:00+00:00,987.1349266447625,hPa,GOOD,SYNTHETIC_ML_DATASET,NORMAL,0
BRT,BRT_TEMP_001,2026-03-01T20:35:00+00:00,-6.912694256485898,C,GOOD,SYNTHETIC_ML_DATASET,NORMAL,0
BRT,BRT_VIB_001,2026-03-01T20:35:00+00:00,0.907862592940564,mm/s,GOOD,SYNTHETIC_ML_DATASET,NORMAL,0
BRT,BRT_HUM_001,2026-03-01T20:36:00+00:00,67.58251039380696,%,GOOD,SYNTHETIC_ML_DATASET,NORMAL,0
BRT,BRT_POWER_001,2026-03-01T20:36:00+00:00,45.98952535919139,kW,GOOD,SYNTHETIC_ML_DATASET,NORMAL,0
BRT,BRT_PRESS_001,2026-03-01T20:36:00+00:00,987.1649712359387,hPa,GOOD,SYNTHETIC_ML_DATASET,NORMAL,0
BRT,BRT_TEMP_001,2026-03-01T20:36:00+00:00,-6.852764692017167,C,GOOD,SYNTHETIC_ML_DATASET,NORMAL,0
BRT,BRT_VIB_001,2026-03-01T20:36:00+00:00,0.9141970881827618,mm/s,GOOD,SYNTHETIC_ML_DATASET,NORMAL,0
BRT,BRT_HUM_001,2026-03-01T20:37:00+00:00,67.9033638301741,%,GOOD,SYNTHETIC_ML_DATASET,NORMAL,0
BRT,BRT_POWER_001,2026-03-01T20:37:00+00:00,45.62294181396322,kW,GOOD,SYNTHETIC_ML_DATASET,NORMAL,0
BRT,BRT_PRESS_001,2026-03-01T20:37:00+00:00,987.2544475876405,hPa,GOOD,SYNTHETIC_ML_DATASET,NORMAL,0
BRT,BRT_TEMP_001,2026-03-01T20:37:00+00:00,-6.839834133056312,C,GOOD,SYNTHETIC_ML_DATASET,NORMAL,0
BRT,BRT_VIB_001,2026-03-01T20:37:00+00:00,0.916027256230913,mm/s,GOOD,SYNTHETIC_ML_DATASET,NORMAL,0
BRT,BRT_HUM_001,2026-03-01T20:38:00+00:00,67.01298540779878,%,GOOD,SYNTHETIC_ML_DATASET,NORMAL,0
BRT,BRT_POWER_001,2026-03-01T20:38:00+00:00,45.80638114869251,kW,GOOD,SYNTHETIC_ML_DATASET,NORMAL,0
BRT,BRT_PRESS_001,2026-03-01T20:38:00+00:00,987.1448601963014,hPa,GOOD,SYNTHETIC_ML_DATASET,NORMAL,0
BRT,BRT_TEMP_001,2026-03-01T20:38:00+00:00,-6.772570966006518,C,GOOD,SYNTHETIC_ML_DATASET,NORMAL,0
BRT,BRT_VIB_001,2026-03-01T20:38:00+00:00,0.9077536258914152,mm/s,GOOD,SYNTHETIC_ML_DATASET,NORMAL,0
BRT,BRT_HUM_001,2026-03-01T20:39:00+00:00,68.18873377895838,%,GOOD,SYNTHETIC_ML_DATASET,NORMAL,0
BRT,BRT_POWER_001,2026-03-01T20:39:00+00:00,45.46761624171775,kW,GOOD,SYNTHETIC_ML_DATASET,NORMAL,0
BRT,BRT_PRESS_001,2026-03-01T20:39:00+00:00,987.3362344878435,hPa,GOOD,SYNTHETIC_ML_DATASET,NORMAL,0
BRT,BRT_TEMP_001,2026-03-01T20:39:00+00:00,-6.8570294933810585,C,GOOD,SYNTHETIC_ML_DATASET,NORMAL,0
BRT,BRT_VIB_001,2026-03-01T20:39:00+00:00,0.910230052939716,mm/s,GOOD,SYNTHETIC_ML_DATASET,NORMAL,0
BRT,BRT_HUM_001,2026-03-01T20:40:00+00:00,68.31597198248072,%,GOOD,SYNTHETIC_ML_DATASET,NORMAL,0
BRT,BRT_POWER_001,2026-03-01T20:40:00+00:00,46.04341916430298,kW,GOOD,SYNTHETIC_ML_DATASET,NORMAL,0
BRT,BRT_PRESS_001,2026-03-01T20:40:00+00:00,987.4860833105538,hPa,GOOD,SYNTHETIC_ML_DATASET,NORMAL,0
BRT,BRT_TEMP_001,2026-03-01T20:40:00+00:00,-6.522369661251223,C,GOOD,SYNTHETIC_ML_DATASET,NORMAL,0
BRT,BRT_VIB_001,2026-03-01T20:40:00+00:00,0.9157870037943544,mm/s,GOOD,SYNTHETIC_ML_DATASET,NORMAL,0
BRT,BRT_HUM_001,2026-03-01T20:41:00+00:00,69.12668895828335,%,GOOD,SYNTHETIC_ML_DATASET,NORMAL,0
BRT,BRT_POWER_001,2026-03-01T20:41:00+00:00,46.322460115715344,kW,GOOD,SYNTHETIC_ML_DATASET,NORMAL,0
BRT,BRT_PRESS_001,2026-03-01T20:41:00+00:00,987.2438738453654,hPa,GOOD,SYNTHETIC_ML_DATASET,NORMAL,0
BRT,BRT_TEMP_001,2026-03-01T20:41:00+00:00,-6.85311787749678,C,GOOD,SYNTHETIC_ML_DATASET,NORMAL,0
BRT,BRT_VIB_001,2026-03-01T20:41:00+00:00,0.8875832880108888,mm/s,GOOD,SYNTHETIC_ML_DATASET,NORMAL,0
BRT,BRT_HUM_001,2026-03-01T20:42:00+00:00,69.19291569929983,%,GOOD,SYNTHETIC_ML_DATASET,NORMAL,0
BRT,BRT_POWER_001,2026-03-01T20:42:00+00:00,47.23077120024134,kW,GOOD,SYNTHETIC_ML_DATASET,NORMAL,0
BRT,BRT_PRESS_001,2026-03-01T20:42:00+00:00,987.2667454035591,hPa,GOOD,SYNTHETIC_ML_DATASET,NORMAL,0
BRT,BRT_TEMP_001,2026-03-01T20:42:00+00:00,-6.605791873997469,C,GOOD,SYNTHETIC_ML_DATASET,NORMAL,0
BRT,BRT_VIB_001,2026-03-01T20:42:00+00:00,0.9205935814502683,mm/s,GOOD,SYNTHETIC_ML_DATASET,NORMAL,0
BRT,BRT_HUM_001,2026-03-01T20:43:00+00:00,68.97764990790381,%,GOOD,SYNTHETIC_ML_DATASET,NORMAL,0
BRT,BRT_POWER_001,2026-03-01T20:43:00+00:00,46.2876231758166,kW,GOOD,SYNTHETIC_ML_DATASET,NORMAL,0
BRT,BRT_PRESS_001,2026-03-01T20:43:00+00:00,987.3123305179761,hPa,GOOD,SYNTHETIC_ML_DATASET,NORMAL,0
BRT,BRT_TEMP_001,2026-03-01T20:43:00+00:00,-6.692324198582816,C,GOOD,SYNTHETIC_ML_DATASET,NORMAL,0
BRT,BRT_VIB_001,2026-03-01T20:43:00+00:00,0.880774591072527,mm/s,GOOD,SYNTHETIC_ML_DATASET,NORMAL,0
BRT,BRT_HUM_001,2026-03-01T20:44:00+00:00,68.6626254972468,%,GOOD,SYNTHETIC_ML_DATASET,NORMAL,0
BRT,BRT_POWER_001,2026-03-01T20:44:00+00:00,46.88828910693202,kW,GOOD,SYNTHETIC_ML_DATASET,NORMAL,0
BRT,BRT_PRESS_001,2026-03-01T20:44:00+00:00,987.2808713822219,hPa,GOOD,SYNTHETIC_ML_DATASET,NORMAL,0
BRT,BRT_TEMP_001,2026-03-01T20:44:00+00:00,-6.605985161233846,C,GOOD,SYNTHETIC_ML_DATASET,NORMAL,0
BRT,BRT_VIB_001,2026-03-01T20:44:00+00:00,0.9161178432836357,mm/s,GOOD,SYNTHETIC_ML_DATASET,NORMAL,0
BRT,BRT_HUM_001,2026-03-01T20:45:00+00:00,69.26258835863433,%,GOOD,SYNTHETIC_ML_DATASET,NORMAL,0
BRT,BRT_POWER_001,2026-03-01T20:45:00+00:00,46.19492962317129,kW,GOOD,SYNTHETIC_ML_DATASET,NORMAL,0
BRT,BRT_PRESS_001,2026-03-01T20:45:00+00:00,987.2775642622998,hPa,GOOD,SYNTHETIC_ML_DATASET,NORMAL,0
BRT,BRT_TEMP_001,2026-03-01T20:45:00+00:00,-6.656746578811422,C,GOOD,SYNTHETIC_ML_DATASET,NORMAL,0
BRT,BRT_VIB_001,2026-03-01T20:45:00+00:00,0.8831411184100634,mm/s,GOOD,SYNTHETIC_ML_DATASET,NORMAL,0
BRT,BRT_HUM_001,2026-03-01T20:46:00+00:00,69.39173042548305,%,GOOD,SYNTHETIC_ML_DATASET,NORMAL,0
BRT,BRT_POWER_001,2026-03-01T20:46:00+00:00,46.94268361458654,kW,GOOD,SYNTHETIC_ML_DATASET,NORMAL,0
BRT,BRT_PRESS_001,2026-03-01T20:46:00+00:00,987.3308799603313,hPa,GOOD,SYNTHETIC_ML_DATASET,NORMAL,0
BRT,BRT_TEMP_001,2026-03-01T20:46:00+00:00,-6.8622927561779425,C,GOOD,SYNTHETIC_ML_DATASET,NORMAL,0
BRT,BRT_VIB_001,2026-03-01T20:46:00+00:00,0.888740555773434,mm/s,GOOD,SYNTHETIC_ML_DATASET,NORMAL,0
BRT,BRT_HUM_001,2026-03-01T20:47:00+00:00,68.35814736575642,%,GOOD,SYNTHETIC_ML_DATASET,NORMAL,0
BRT,BRT_POWER_001,2026-03-01T20:47:00+00:00,46.808237629889234,kW,GOOD,SYNTHETIC_ML_DATASET,NORMAL,0
BRT,BRT_PRESS_001,2026-03-01T20:47:00+00:00,987.1309855766792,hPa,GOOD,SYNTHETIC_ML_DATASET,NORMAL,0
BRT,BRT_TEMP_001,2026-03-01T20:47:00+00:00,-7.126847475708646,C,GOOD,SYNTHETIC_ML_DATASET,NORMAL,0
BRT,BRT_VIB_001,2026-03-01T20:47:00+00:00,0.8768598797822916,mm/s,GOOD,SYNTHETIC_ML_DATASET,NORMAL,0
BRT,BRT_HUM_001,2026-03-01T20:48:00+00:00,68.4067402834052,%,GOOD,SYNTHETIC_ML_DATASET,NORMAL,0
BRT,BRT_POWER_001,2026-03-01T20:48:00+00:00,46.72203571397274,kW,GOOD,SYNTHETIC_ML_DATASET,NORMAL,0
BRT,BRT_PRESS_001,2026-03-01T20:48:00+00:00,987.1143626656886,hPa,GOOD,SYNTHETIC_ML_DATASET,NORMAL,0
BRT,BRT_TEMP_001,2026-03-01T20:48:00+00:00,-6.944358065976111,C,GOOD,SYNTHETIC_ML_DATASET,NORMAL,0
BRT,BRT_VIB_001,2026-03-01T20:48:00+00:00,0.8598682638405563,mm/s,GOOD,SYNTHETIC_ML_DATASET,NORMAL,0
BRT,BRT_HUM_001,2026-03-01T20:49:00+00:00,68.22324066937753,%,GOOD,SYNTHETIC_ML_DATASET,NORMAL,0
BRT,BRT_POWER_001,2026-03-01T20:49:00+00:00,47.117383803922834,kW,GOOD,SYNTHETIC_ML_DATASET,NORMAL,0
BRT,BRT_PRESS_001,2026-03-01T20:49:00+00:00,987.1468320629209,hPa,GOOD,SYNTHETIC_ML_DATASET,NORMAL,0
BRT,BRT_TEMP_001,2026-03-01T20:49:00+00:00,-7.19806241084025,C,GOOD,SYNTHETIC_ML_DATASET,NORMAL,0
BRT,BRT_VIB_001,2026-03-01T20:49:00+00:00,0.8532840703861564,mm/s,GOOD,SYNTHETIC_ML_DATASET,NORMAL,0
BRT,BRT_HUM_001,2026-03-01T20:50:00+00:00,67.56243088916938,%,GOOD,SYNTHETIC_ML_DATASET,NORMAL,0
BRT,BRT_POWER_001,2026-03-01T20:50:00+00:00,47.06040937364844,kW,GOOD,SYNTHETIC_ML_DATASET,NORMAL,0
BRT,BRT_PRESS_001,2026-03-01T20:50:00+00:00,986.9730697822192,hPa,GOOD,SYNTHETIC_ML_DATASET,NORMAL,0
BRT,BRT_TEMP_001,2026-03-01T20:50:00+00:00,-7.036111903872268,C,GOOD,SYNTHETIC_ML_DATASET,NORMAL,0
BRT,BRT_VIB_001,2026-03-01T20:50:00+00:00,0.8400635314544446,mm/s,GOOD,SYNTHETIC_ML_DATASET,NORMAL,0
BRT,BRT_HUM_001,2026-03-01T20:51:00+00:00,67.26893829193021,%,GOOD,SYNTHETIC_ML_DATASET,NORMAL,0
BRT,BRT_POWER_001,2026-03-01T20:51:00+00:00,46.71764174075277,kW,GOOD,SYNTHETIC_ML_DATASET,NORMAL,0
BRT,BRT_PRESS_001,2026-03-01T20:51:00+00:00,986.9258854051114,hPa,GOOD,SYNTHETIC_ML_DATASET,NORMAL,0
BRT,BRT_TEMP_001,2026-03-01T20:51:00+00:00,-7.0557010143055585,C,GOOD,SYNTHETIC_ML_DATASET,NORMAL,0
BRT,BRT_VIB_001,2026-03-01T20:51:00+00:00,0.8473149948864416,mm/s,GOOD,SYNTHETIC_ML_DATASET,NORMAL,0
BRT,BRT_HUM_001,2026-03-01T20:52:00+00:00,67.30035093216391,%,GOOD,SYNTHETIC_ML_DATASET,NORMAL,0
BRT,BRT_POWER_001,2026-03-01T20:52:00+00:00,46.67484886844293,kW,GOOD,SYNTHETIC_ML_DATASET,NORMAL,0
BRT,BRT_PRESS_001,2026-03-01T20:52:00+00:00,987.1190186763985,hPa,GOOD,SYNTHETIC_ML_DATASET,NORMAL,0
BRT,BRT_TEMP_001,2026-03-01T20:52:00+00:00,-7.318251030166505,C,GOOD,SYNTHETIC_ML_DATASET,NORMAL,0
BRT,BRT_VIB_001,2026-03-01T20:52:00+00:00,0.8382019415004432,mm/s,GOOD,SYNTHETIC_ML_DATASET,NORMAL,0
BRT,BRT_HUM_001,2026-03-01T20:53:00+00:00,67.30685667439906,%,GOOD,SYNTHETIC_ML_DATASET,NORMAL,0
BRT,BRT_POWER_001,2026-03-01T20:53:00+00:00,46.87971969135975,kW,GOOD,SYNTHETIC_ML_DATASET,NORMAL,0
BRT,BRT_PRESS_001,2026-03-01T20:53:00+00:00,987.0020001501204,hPa,GOOD,SYNTHETIC_ML_DATASET,NORMAL,0
BRT,BRT_TEMP_001,2026-03-01T20:53:00+00:00,-7.083567049260821,C,GOOD,SYNTHETIC_ML_DATASET,NORMAL,0
BRT,BRT_VIB_001,2026-03-01T20:53:00+00:00,0.8373765644360892,mm/s,GOOD,SYNTHETIC_ML_DATASET,NORMAL,0
BRT,BRT_HUM_001,2026-03-01T20:54:00+00:00,66.93160562670111,%,GOOD,SYNTHETIC_ML_DATASET,NORMAL,0
BRT,BRT_POWER_001,2026-03-01T20:54:00+00:00,46.651948163788546,kW,GOOD,SYNTHETIC_ML_DATASET,NORMAL,0
BRT,BRT_PRESS_001,2026-03-01T20:54:00+00:00,987.0348702215806,hPa,GOOD,SYNTHETIC_ML_DATASET,NORMAL,0
BRT,BRT_TEMP_001,2026-03-01T20:54:00+00:00,-7.337291693707336,C,GOOD,SYNTHETIC_ML_DATASET,NORMAL,0
BRT,BRT_VIB_001,2026-03-01T20:54:00+00:00,0.8389137169823049,mm/s,GOOD,SYNTHETIC_ML_DATASET,NORMAL,0
BRT,BRT_HUM_001,2026-03-01T20:55:00+00:00,66.24482237200478,%,GOOD,SYNTHETIC_ML_DATASET,NORMAL,0
BRT,BRT_POWER_001,2026-03-01T20:55:00+00:00,47.01935687559469,kW,GOOD,SYNTHETIC_ML_DATASET,NORMAL,0
BRT,BRT_PRESS_001,2026-03-01T20:55:00+00:00,987.0432933809815,hPa,GOOD,SYNTHETIC_ML_DATASET,NORMAL,0
BRT,BRT_TEMP_001,2026-03-01T20:55:00+00:00,-7.364749731548252,C,GOOD,SYNTHETIC_ML_DATASET,NORMAL,0
BRT,BRT_VIB_001,2026-03-01T20:55:00+00:00,0.8376037125982378,mm/s,GOOD,SYNTHETIC_ML_DATASET,NORMAL,0
BRT,BRT_HUM_001,2026-03-01T20:56:00+00:00,66.88088130864182,%,GOOD,SYNTHETIC_ML_DATASET,NORMAL,0
BRT,BRT_POWER_001,2026-03-01T20:56:00+00:00,47.061930990483525,kW,GOOD,SYNTHETIC_ML_DATASET,NORMAL,0
BRT,BRT_PRESS_001,2026-03-01T20:56:00+00:00,987.0193010493564,hPa,GOOD,SYNTHETIC_ML_DATASET,NORMAL,0
BRT,BRT_TEMP_001,2026-03-01T20:56:00+00:00,-7.438019917075202,C,GOOD,SYNTHETIC_ML_DATASET,NORMAL,0
BRT,BRT_VIB_001,2026-03-01T20:56:00+00:00,0.8254469233634218,mm/s,GOOD,SYNTHETIC_ML_DATASET,NORMAL,0
BRT,BRT_HUM_001,2026-03-01T20:57:00+00:00,66.77202732066041,%,GOOD,SYNTHETIC_ML_DATASET,NORMAL,0
BRT,BRT_POWER_001,2026-03-01T20:57:00+00:00,46.98663198289145,kW,GOOD,SYNTHETIC_ML_DATASET,NORMAL,0
BRT,BRT_PRESS_001,2026-03-01T20:57:00+00:00,986.9482110430222,hPa,GOOD,SYNTHETIC_ML_DATASET,NORMAL,0
BRT,BRT_TEMP_001,2026-03-01T20:57:00+00:00,-7.248151681371368,C,GOOD,SYNTHETIC_ML_DATASET,NORMAL,0
BRT,BRT_VIB_001,2026-03-01T20:57:00+00:00,0.8257798394338114,mm/s,GOOD,SYNTHETIC_ML_DATASET,NORMAL,0
BRT,BRT_HUM_001,2026-03-01T20:58:00+00:00,67.38748821166445,%,GOOD,SYNTHETIC_ML_DATASET,NORMAL,0
BRT,BRT_POWER_001,2026-03-01T20:58:00+00:00,46.7516532631213,kW,GOOD,SYNTHETIC_ML_DATASET,NORMAL,0
BRT,BRT_PRESS_001,2026-03-01T20:58:00+00:00,986.8299285381959,hPa,GOOD,SYNTHETIC_ML_DATASET,NORMAL,0
BRT,BRT_TEMP_001,2026-03-01T20:58:00+00:00,-7.398237702373357,C,GOOD,SYNTHETIC_ML_DATASET,NORMAL,0
BRT,BRT_VIB_001,2026-03-01T20:58:00+00:00,0.8265969540973973,mm/s,GOOD,SYNTHETIC_ML_DATASET,NORMAL,0
BRT,BRT_HUM_001,2026-03-01T20:59:00+00:00,67.48599799083541,%,GOOD,SYNTHETIC_ML_DATASET,NORMAL,0
BRT,BRT_POWER_001,2026-03-01T20:59:00+00:00,46.43410217439115,kW,GOOD,SYNTHETIC_ML_DATASET,NORMAL,0
BRT,BRT_PRESS_001,2026-03-01T20:59:00+00:00,986.8642179984931,hPa,GOOD,SYNTHETIC_ML_DATASET,NORMAL,0
BRT,BRT_TEMP_001,2026-03-01T20:59:00+00:00,-7.444664990872018,C,GOOD,SYNTHETIC_ML_DATASET,NORMAL,0
BRT,BRT_VIB_001,2026-03-01T20:59:00+00:00,0.8281351974140525,mm/s,GOOD,SYNTHETIC_ML_DATASET,NORMAL,0
BRT,BRT_HUM_001,2026-03-01T21:00:00+00:00,66.03666471620008,%,GOOD,SYNTHETIC_ML_DATASET,NORMAL,0
BRT,BRT_POWER_001,2026-03-01T21:00:00+00:00,46.25089941165544,kW,GOOD,SYNTHETIC_ML_DATASET,NORMAL,0
BRT,BRT_PRESS_001,2026-03-01T21:00:00+00:00,986.8339416956628,hPa,GOOD,SYNTHETIC_ML_DATASET,NORMAL,0
BRT,BRT_TEMP_001,2026-03-01T21:00:00+00:00,-7.360864648328436,C,GOOD,SYNTHETIC_ML_DATASET,NORMAL,0
BRT,BRT_VIB_001,2026-03-01T21:00:00+00:00,0.8192301009331225,mm/s,GOOD,SYNTHETIC_ML_DATASET,NORMAL,0
BRT,BRT_HUM_001,2026-03-01T21:01:00+00:00,66.02628895099924,%,GOOD,SYNTHETIC_ML_DATASET,NORMAL,0
BRT,BRT_POWER_001,2026-03-01T21:01:00+00:00,46.0312604620456,kW,GOOD,SYNTHETIC_ML_DATASET,NORMAL,0
BRT,BRT_PRESS_001,2026-03-01T21:01:00+00:00,986.7034202779131,hPa,GOOD,SYNTHETIC_ML_DATASET,NORMAL,0
BRT,BRT_TEMP_001,2026-03-01T21:01:00+00:00,-7.539927722023451,C,GOOD,SYNTHETIC_ML_DATASET,NORMAL,0
BRT,BRT_VIB_001,2026-03-01T21:01:00+00:00,0.8190538691362963,mm/s,GOOD,SYNTHETIC_ML_DATASET,NORMAL,0
BRT,BRT_HUM_001,2026-03-01T21:02:00+00:00,65.87569207507393,%,GOOD,SYNTHETIC_ML_DATASET,NORMAL,0
BRT,BRT_POWER_001,2026-03-01T21:02:00+00:00,45.90010216281934,kW,GOOD,SYNTHETIC_ML_DATASET,NORMAL,0
BRT,BRT_PRESS_001,2026-03-01T21:02:00+00:00,986.7549136980006,hPa,GOOD,SYNTHETIC_ML_DATASET,NORMAL,0
BRT,BRT_TEMP_001,2026-03-01T21:02:00+00:00,-7.379452300944548,C,GOOD,SYNTHETIC_ML_DATASET,NORMAL,0
BRT,BRT_VIB_001,2026-03-01T21:02:00+00:00,0.8286332509901104,mm/s,GOOD,SYNTHETIC_ML_DATASET,NORMAL,0
BRT,BRT_HUM_001,2026-03-01T21:03:00+00:00,65.58559747242649,%,GOOD,SYNTHETIC_ML_DATASET,NORMAL,0
BRT,BRT_POWER_001,2026-03-01T21:03:00+00:00,45.32051331903598,kW,GOOD,SYNTHETIC_ML_DATASET,NORMAL,0
BRT,BRT_PRESS_001,2026-03-01T21:03:00+00:00,986.8133835923047,hPa,GOOD,SYNTHETIC_ML_DATASET,NORMAL,0
BRT,BRT_TEMP_001,2026-03-01T21:03:00+00:00,-7.354712976336585,C,GOOD,SYNTHETIC_ML_DATASET,NORMAL,0
BRT,BRT_VIB_001,2026-03-01T21:03:00+00:00,0.8188848567995718,mm/s,GOOD,SYNTHETIC_ML_DATASET,NORMAL,0
BRT,BRT_HUM_001,2026-03-01T21:04:00+00:00,65.43360243636882,%,GOOD,SYNTHETIC_ML_DATASET,NORMAL,0
BRT,BRT_POWER_001,2026-03-01T21:04:00+00:00,45.24290376189141,kW,GOOD,SYNTHETIC_ML_DATASET,NORMAL,0
BRT,BRT_PRESS_001,2026-03-01T21:04:00+00:00,986.6008786937723,hPa,GOOD,SYNTHETIC_ML_DATASET,NORMAL,0
BRT,BRT_TEMP_001,2026-03-01T21:04:00+00:00,-7.646474548444514,C,GOOD,SYNTHETIC_ML_DATASET,NORMAL,0
BRT,BRT_VIB_001,2026-03-01T21:04:00+00:00,0.8254458753120141,mm/s,GOOD,SYNTHETIC_ML_DATASET,NORMAL,0
BRT,BRT_HUM_001,2026-03-01T21:05:00+00:00,65.12261101585838,%,GOOD,SYNTHETIC_ML_DATASET,NORMAL,0
BRT,BRT_POWER_001,2026-03-01T21:05:00+00:00,45.751822564395084,kW,GOOD,SYNTHETIC_ML_DATASET,NORMAL,0
BRT,BRT_PRESS_001,2026-03-01T21:05:00+00:00,986.667319149756,hPa,GOOD,SYNTHETIC_ML_DATASET,NORMAL,0
BRT,BRT_TEMP_001,2026-03-01T21:05:00+00:00,-7.631093228108883,C,GOOD,SYNTHETIC_ML_DATASET,NORMAL,0
BRT,BRT_VIB_001,2026-03-01T21:05:00+00:00,0.8117533124934371,mm/s,GOOD,SYNTHETIC_ML_DATASET,NORMAL,0
BRT,BRT_HUM_001,2026-03-01T21:06:00+00:00,65.46476232162446,%,GOOD,SYNTHETIC_ML_DATASET,NORMAL,0
BRT,BRT_POWER_001,2026-03-01T21:06:00+00:00,44.775588573981295,kW,GOOD,SYNTHETIC_ML_DATASET,NORMAL,0
BRT,BRT_PRESS_001,2026-03-01T21:06:00+00:00,986.4716849361198,hPa,GOOD,SYNTHETIC_ML_DATASET,NORMAL,0
BRT,BRT_TEMP_001,2026-03-01T21:06:00+00:00,-8.106492947048755,C,GOOD,SYNTHETIC_ML_DATASET,NORMAL,0
BRT,BRT_VIB_001,2026-03-01T21:06:00+00:00,0.8516383879820475,mm/s,GOOD,SYNTHETIC_ML_DATASET,NORMAL,0
BRT,BRT_HUM_001,2026-03-01T21:07:00+00:00,64.64437836915975,%,GOOD,SYNTHETIC_ML_DATASET,NORMAL,0
BRT,BRT_POWER_001,2026-03-01T21:07:00+00:00,44.45292134808527,kW,GOOD,SYNTHETIC_ML_DATASET,NORMAL,0
BRT,BRT_PRESS_001,2026-03-01T21:07:00+00:00,986.356338030671,hPa,GOOD,SYNTHETIC_ML_DATASET,NORMAL,0
BRT,BRT_TEMP_001,2026-03-01T21:07:00+00:00,-7.823527200297741,C,GOOD,SYNTHETIC_ML_DATASET,NORMAL,0
BRT,BRT_VIB_001,2026-03-01T21:07:00+00:00,0.8365480439821983,mm/s,GOOD,SYNTHETIC_ML_DATASET,NORMAL,0
BRT,BRT_HUM_001,2026-03-01T21:08:00+00:00,64.63826826955426,%,GOOD,SYNTHETIC_ML_DATASET,NORMAL,0
BRT,BRT_POWER_001,2026-03-01T21:08:00+00:00,44.235669293454805,kW,GOOD,SYNTHETIC_ML_DATASET,NORMAL,0
BRT,BRT_PRESS_001,2026-03-01T21:08:00+00:00,986.4741533454774,hPa,GOOD,SYNTHETIC_ML_DATASET,NORMAL,0
BRT,BRT_TEMP_001,2026-03-01T21:08:00+00:00,-7.85901209006254,C,GOOD,SYNTHETIC_ML_DATASET,NORMAL,0
BRT,BRT_VIB_001,2026-03-01T21:08:00+00:00,0.8029469913377553,mm/s,GOOD,SYNTHETIC_ML_DATASET,NORMAL,0
BRT,BRT_HUM_001,2026-03-01T21:09:00+00:00,64.26937169011528,%,GOOD,SYNTHETIC_ML_DATASET,NORMAL,0
BRT,BRT_POWER_001,2026-03-01T21:09:00+00:00,44.27764578918667,kW,GOOD,SYNTHETIC_ML_DATASET,NORMAL,0
BRT,BRT_PRESS_001,2026-03-01T21:09:00+00:00,986.3742761225978,hPa,GOOD,SYNTHETIC_ML_DATASET,NORMAL,0
BRT,BRT_TEMP_001,2026-03-01T21:09:00+00:00,-7.927822382865595,C,GOOD,SYNTHETIC_ML_DATASET,NORMAL,0
BRT,BRT_VIB_001,2026-03-01T21:09:00+00:00,0.8331066116432795,mm/s,GOOD,SYNTHETIC_ML_DATASET,NORMAL,0
BRT,BRT_HUM_001,2026-03-01T21:10:00+00:00,64.2123784481227,%,GOOD,SYNTHETIC_ML_DATASET,NORMAL,0
BRT,BRT_POWER_001,2026-03-01T21:10:00+00:00,44.37034035383065,kW,GOOD,SYNTHETIC_ML_DATASET,NORMAL,0
BRT,BRT_PRESS_001,2026-03-01T21:10:00+00:00,986.3176535343777,hPa,GOOD,SYNTHETIC_ML_DATASET,NORMAL,0
BRT,BRT_TEMP_001,2026-03-01T21:10:00+00:00,-7.658981012662334,C,GOOD,SYNTHETIC_ML_DATASET,NORMAL,0
BRT,BRT_VIB_001,2026-03-01T21:10:00+00:00,0.798161237403766,mm/s,GOOD,SYNTHETIC_ML_DATASET,NORMAL,0
BRT,BRT_HUM_001,2026-03-01T21:11:00+00:00,64.55397533409425,%,GOOD,SYNTHETIC_ML_DATASET,NORMAL,0
BRT,BRT_POWER_001,2026-03-01T21:11:00+00:00,43.79114817317879,kW,GOOD,SYNTHETIC_ML_DATASET,NORMAL,0
BRT,BRT_PRESS_001,2026-03-01T21:11:00+00:00,986.2579023446057,hPa,GOOD,SYNTHETIC_ML_DATASET,NORMAL,0
BRT,BRT_TEMP_001,2026-03-01T21:11:00+00:00,-7.753209696395892,C,GOOD,SYNTHETIC_ML_DATASET,NORMAL,0
BRT,BRT_VIB_001,2026-03-01T21:11:00+00:00,0.8144478206663064,mm/s,GOOD,SYNTHETIC_ML_DATASET,NORMAL,0
BRT,BRT_HUM_001,2026-03-01T21:12:00+00:00,64.24115882178427,%,GOOD,SYNTHETIC_ML_DATASET,NORMAL,0
BRT,BRT_POWER_001,2026-03-01T21:12:00+00:00,44.22711962908548,kW,GOOD,SYNTHETIC_ML_DATASET,NORMAL,0
BRT,BRT_PRESS_001,2026-03-01T21:12:00+00:00,986.2113063735308,hPa,GOOD,SYNTHETIC_ML_DATASET,NORMAL,0
BRT,BRT_TEMP_001,2026-03-01T21:12:00+00:00,-7.861685556426948,C,GOOD,SYNTHETIC_ML_DATASET,NORMAL,0
BRT,BRT_VIB_001,2026-03-01T21:12:00+00:00,0.7984607018458146,mm/s,GOOD,SYNTHETIC_ML_DATASET,NORMAL,0
BRT,BRT_HUM_001,2026-03-01T21:13:00+00:00,63.83065125343757,%,GOOD,SYNTHETIC_ML_DATASET,NORMAL,0
BRT,BRT_POWER_001,2026-03-01T21:13:00+00:00,44.50977508323292,kW,GOOD,SYNTHETIC_ML_DATASET,NORMAL,0
BRT,BRT_PRESS_001,2026-03-01T21:13:00+00:00,986.1531118732865,hPa,GOOD,SYNTHETIC_ML_DATASET,NORMAL,0
BRT,BRT_TEMP_001,2026-03-01T21:13:00+00:00,-7.934596795174219,C,GOOD,SYNTHETIC_ML_DATASET,NORMAL,0
BRT,BRT_VIB_001,2026-03-01T21:13:00+00:00,0.800861471008335,mm/s,GOOD,SYNTHETIC_ML_DATASET,NORMAL,0
BRT,BRT_HUM_001,2026-03-01T21:14:00+00:00,64.60611451013162,%,GOOD,SYNTHETIC_ML_DATASET,NORMAL,0
BRT,BRT_POWER_001,2026-03-01T21:14:00+00:00,44.20229517178897,kW,GOOD,SYNTHETIC_ML_DATASET,NORMAL,0
BRT,BRT_PRESS_001,2026-03-01T21:14:00+00:00,986.3992866333186,hPa,GOOD,SYNTHETIC_ML_DATASET,NORMAL,0
BRT,BRT_TEMP_001,2026-03-01T21:14:00+00:00,-8.243090918868235,C,GOOD,SYNTHETIC_ML_DATASET,NORMAL,0
BRT,BRT_VIB_001,2026-03-01T21:14:00+00:00,0.7790525756365353,mm/s,GOOD,SYNTHETIC_ML_DATASET,NORMAL,0
BRT,BRT_HUM_001,2026-03-01T21:15:00+00:00,64.11383133782216,%,GOOD,SYNTHETIC_ML_DATASET,NORMAL,0
BRT,BRT_POWER_001,2026-03-01T21:15:00+00:00,44.092219797616856,kW,GOOD,SYNTHETIC_ML_DATASET,NORMAL,0
BRT,BRT_PRESS_001,2026-03-01T21:15:00+00:00,986.1864342717065,hPa,GOOD,SYNTHETIC_ML_DATASET,NORMAL,0
BRT,BRT_TEMP_001,2026-03-01T21:15:00+00:00,-8.243708480628522,C,GOOD,SYNTHETIC_ML_DATASET,NORMAL,0
BRT,BRT_VIB_001,2026-03-01T21:15:00+00:00,0.7747107776675587,mm/s,GOOD,SYNTHETIC_ML_DATASET,NORMAL,0
BRT,BRT_HUM_001,2026-03-01T21:16:00+00:00,64.33791953662099,%,GOOD,SYNTHETIC_ML_DATASET,NORMAL,0
BRT,BRT_POWER_001,2026-03-01T21:16:00+00:00,43.56886688165688,kW,GOOD,SYNTHETIC_ML_DATASET,NORMAL,0
BRT,BRT_PRESS_001,2026-03-01T21:16:00+00:00,986.0334324280013,hPa,GOOD,SYNTHETIC_ML_DATASET,NORMAL,0
BRT,BRT_TEMP_001,2026-03-01T21:16:00+00:00,-8.165320083681832,C,GOOD,SYNTHETIC_ML_DATASET,NORMAL,0
BRT,BRT_VIB_001,2026-03-01T21:16:00+00:00,0.7853430814915419,mm/s,GOOD,SYNTHETIC_ML_DATASET,NORMAL,0
BRT,BRT_HUM_001,2026-03-01T21:17:00+00:00,64.28508415667686,%,GOOD,SYNTHETIC_ML_DATASET,NORMAL,0
BRT,BRT_POWER_001,2026-03-01T21:17:00+00:00,43.686880441247375,kW,GOOD,SYNTHETIC_ML_DATASET,NORMAL,0
BRT,BRT_PRESS_001,2026-03-01T21:17:00+00:00,986.1317419533395,hPa,GOOD,SYNTHETIC_ML_DATASET,NORMAL,0
BRT,BRT_TEMP_001,2026-03-01T21:17:00+00:00,-8.418300240875583,C,GOOD,SYNTHETIC_ML_DATASET,NORMAL,0
BRT,BRT_VIB_001,2026-03-01T21:17:00+00:00,0.7974364494950021,mm/s,GOOD,SYNTHETIC_ML_DATASET,NORMAL,0
BRT,BRT_HUM_001,2026-03-01T21:18:00+00:00,64.37322169960665,%,GOOD,SYNTHETIC_ML_DATASET,NORMAL,0
BRT,BRT_POWER_001,2026-03-01T21:18:00+00:00,43.29798887652671,kW,GOOD,SYNTHETIC_ML_DATASET,NORMAL,0
BRT,BRT_PRESS_001,2026-03-01T21:18:00+00:00,986.045435283602,hPa,GOOD,SYNTHETIC_ML_DATASET,NORMAL,0
BRT,BRT_TEMP_001,2026-03-01T21:18:00+00:00,-8.333052080703967,C,GOOD,SYNTHETIC_ML_DATASET,NORMAL,0
BRT,BRT_VIB_001,2026-03-01T21:18:00+00:00,0.8004927282303012,mm/s,GOOD,SYNTHETIC_ML_DATASET,NORMAL,0
BRT,BRT_HUM_001,2026-03-01T21:19:00+00:00,64.06553078072905,%,GOOD,SYNTHETIC_ML_DATASET,NORMAL,0
BRT,BRT_POWER_001,2026-03-01T21:19:00+00:00,43.24808704100678,kW,GOOD,SYNTHETIC_ML_DATASET,NORMAL,0
BRT,BRT_PRESS_001,2026-03-01T21:19:00+00:00,985.9970329487422,hPa,GOOD,SYNTHETIC_ML_DATASET,NORMAL,0
BRT,BRT_TEMP_001,2026-03-01T21:19:00+00:00,-8.406243277105073,C,GOOD,SYNTHETIC_ML_DATASET,NORMAL,0
BRT,BRT_VIB_001,2026-03-01T21:19:00+00:00,0.7864523757533549,mm/s,GOOD,SYNTHETIC_ML_DATASET,NORMAL,0
BRT,BRT_HUM_001,2026-03-01T21:20:00+00:00,64.01276991507916,%,GOOD,SYNTHETIC_ML_DATASET,NORMAL,0
BRT,BRT_POWER_001,2026-03-01T21:20:00+00:00,43.696401483976054,kW,GOOD,SYNTHETIC_ML_DATASET,NORMAL,0
BRT,BRT_PRESS_001,2026-03-01T21:20:00+00:00,986.0997203229621,hPa,GOOD,SYNTHETIC_ML_DATASET,NORMAL,0
BRT,BRT_TEMP_001,2026-03-01T21:20:00+00:00,-8.159202533341354,C,GOOD,SYNTHETIC_ML_DATASET,NORMAL,0
BRT,BRT_VIB_001,2026-03-01T21:20:00+00:00,0.7707421911872337,mm/s,GOOD,SYNTHETIC_ML_DATASET,NORMAL,0
BRT,BRT_HUM_001,2026-03-01T21:21:00+00:00,64.33622518749455,%,GOOD,SYNTHETIC_ML_DATASET,NORMAL,0
BRT,BRT_POWER_001,2026-03-01T21:21:00+00:00,44.10512145462714,kW,GOOD,SYNTHETIC_ML_DATASET,NORMAL,0
BRT,BRT_PRESS_001,2026-03-01T21:21:00+00:00,985.9228140365498,hPa,GOOD,SYNTHETIC_ML_DATASET,NORMAL,0
BRT,BRT_TEMP_001,2026-03-01T21:21:00+00:00,-8.559976473898258,C,GOOD,SYNTHETIC_ML_DATASET,NORMAL,0
BRT,BRT_VIB_001,2026-03-01T21:21:00+00:00,0.7877001363786109,mm/s,GOOD,SYNTHETIC_ML_DATASET,NORMAL,0
BRT,BRT_HUM_001,2026-03-01T21:22:00+00:00,62.70261592385697,%,GOOD,SYNTHETIC_ML_DATASET,NORMAL,0
BRT,BRT_POWER_001,2026-03-01T21:22:00+00:00,43.779672932230824,kW,GOOD,SYNTHETIC_ML_DATASET,NORMAL,0
BRT,BRT_PRESS_001,2026-03-01T21:22:00+00:00,985.9416357724735,hPa,GOOD,SYNTHETIC_ML_DATASET,NORMAL,0
BRT,BRT_TEMP_001,2026-03-01T21:22:00+00:00,-8.97213570512279,C,GOOD,SYNTHETIC_ML_DATASET,NORMAL,0
BRT,BRT_VIB_001,2026-03-01T21:22:00+00:00,0.7651266331692116,mm/s,GOOD,SYNTHETIC_ML_DATASET,NORMAL,0
BRT,BRT_HUM_001,2026-03-01T21:23:00+00:00,62.663318567688826,%,GOOD,SYNTHETIC_ML_DATASET,NORMAL,0
BRT,BRT_POWER_001,2026-03-01T21:23:00+00:00,43.46141800780339,kW,GOOD,SYNTHETIC_ML_DATASET,NORMAL,0
BRT,BRT_PRESS_001,2026-03-01T21:23:00+00:00,985.7487143000453,hPa,GOOD,SYNTHETIC_ML_DATASET,NORMAL,0
BRT,BRT_TEMP_001,2026-03-01T21:23:00+00:00,-8.776872293705761,C,GOOD,SYNTHETIC_ML_DATASET,NORMAL,0
BRT,BRT_VIB_001,2026-03-01T21:23:00+00:00,0.766532638211575,mm/s,GOOD,SYNTHETIC_ML_DATASET,NORMAL,0
BRT,BRT_HUM_001,2026-03-01T21:24:00+00:00,63.58291316484813,%,GOOD,SYNTHETIC_ML_DATASET,NORMAL,0
BRT,BRT_POWER_001,2026-03-01T21:24:00+00:00,43.12119088470286,kW,GOOD,SYNTHETIC_ML_DATASET,NORMAL,0
BRT,BRT_PRESS_001,2026-03-01T21:24:00+00:00,985.6258229066168,hPa,GOOD,SYNTHETIC_ML_DATASET,NORMAL,0
BRT,BRT_TEMP_001,2026-03-01T21:24:00+00:00,-9.064808515192702,C,GOOD,SYNTHETIC_ML_DATASET,NORMAL,0
BRT,BRT_VIB_001,2026-03-01T21:24:00+00:00,0.7858282632241395,mm/s,GOOD,SYNTHETIC_ML_DATASET,NORMAL,0
BRT,BRT_HUM_001,2026-03-01T21:25:00+00:00,63.616893012801484,%,GOOD,SYNTHETIC_ML_DATASET,NORMAL,0
BRT,BRT_POWER_001,2026-03-01T21:25:00+00:00,43.16319014398964,kW,GOOD,SYNTHETIC_ML_DATASET,NORMAL,0
BRT,BRT_PRESS_001,2026-03-01T21:25:00+00:00,985.5648658296419,hPa,GOOD,SYNTHETIC_ML_DATASET,NORMAL,0
BRT,BRT_TEMP_001,2026-03-01T21:25:00+00:00,-8.936958309112763,C,GOOD,SYNTHETIC_ML_DATASET,NORMAL,0
BRT,BRT_VIB_001,2026-03-01T21:25:00+00:00,0.76264197301171,mm/s,GOOD,SYNTHETIC_ML_DATASET,NORMAL,0
BRT,BRT_HUM_001,2026-03-01T21:26:00+00:00,62.953435561969286,%,GOOD,SYNTHETIC_ML_DATASET,NORMAL,0
BRT,BRT_POWER_001,2026-03-01T21:26:00+00:00,42.407287368151195,kW,GOOD,SYNTHETIC_ML_DATASET,NORMAL,0
BRT,BRT_PRESS_001,2026-03-01T21:26:00+00:00,985.6258149165695,hPa,GOOD,SYNTHETIC_ML_DATASET,NORMAL,0
BRT,BRT_TEMP_001,2026-03-01T21:26:00+00:00,-9.3904672682573,C,GOOD,SYNTHETIC_ML_DATASET,NORMAL,0
BRT,BRT_VIB_001,2026-03-01T21:26:00+00:00,0.7771958154740961,mm/s,GOOD,SYNTHETIC_ML_DATASET,NORMAL,0
BRT,BRT_HUM_001,2026-03-01T21:27:00+00:00,62.395849938500874,%,GOOD,SYNTHETIC_ML_DATASET,NORMAL,0
BRT,BRT_POWER_001,2026-03-01T21:27:00+00:00,42.898985329117465,kW,GOOD,SYNTHETIC_ML_DATASET,NORMAL,0
BRT,BRT_PRESS_001,2026-03-01T21:27:00+00:00,985.5456053315954,hPa,GOOD,SYNTHETIC_ML_DATASET,NORMAL,0
BRT,BRT_TEMP_001,2026-03-01T21:27:00+00:00,-9.211725833679834,C,GOOD,SYNTHETIC_ML_DATASET,NORMAL,0
BRT,BRT_VIB_001,2026-03-01T21:27:00+00:00,0.7618659019434381,mm/s,GOOD,SYNTHETIC_ML_DATASET,NORMAL,0
BRT,BRT_HUM_001,2026-03-01T21:28:00+00:00,62.1730160757235,%,GOOD,SYNTHETIC_ML_DATASET,NORMAL,0
BRT,BRT_POWER_001,2026-03-01T21:28:00+00:00,42.255435150165084,kW,GOOD,SYNTHETIC_ML_DATASET,NORMAL,0
BRT,BRT_PRESS_001,2026-03-01T21:28:00+00:00,985.5347800442388,hPa,GOOD,SYNTHETIC_ML_DATASET,NORMAL,0
BRT,BRT_TEMP_001,2026-03-01T21:28:00+00:00,-9.2540690584947,C,GOOD,SYNTHETIC_ML_DATASET,NORMAL,0
BRT,BRT_VIB_001,2026-03-01T21:28:00+00:00,0.7724156819094571,mm/s,GOOD,SYNTHETIC_ML_DATASET,NORMAL,0
BRT,BRT_HUM_001,2026-03-01T21:29:00+00:00,61.68757124482531,%,GOOD,SYNTHETIC_ML_DATASET,NORMAL,0
BRT,BRT_POWER_001,2026-03-01T21:29:00+00:00,42.54483419148827,kW,GOOD,SYNTHETIC_ML_DATASET,NORMAL,0
BRT,BRT_PRESS_001,2026-03-01T21:29:00+00:00,985.4559278009721,hPa,GOOD,SYNTHETIC_ML_DATASET,NORMAL,0
BRT,BRT_TEMP_001,2026-03-01T21:29:00+00:00,-9.326588184172314,C,GOOD,SYNTHETIC_ML_DATASET,NORMAL,0
BRT,BRT_VIB_001,2026-03-01T21:29:00+00:00,0.7721409477861227,mm/s,GOOD,SYNTHETIC_ML_DATASET,NORMAL,0
BRT,BRT_HUM_001,2026-03-01T21:30:00+00:00,61.30509931858191,%,GOOD,SYNTHETIC_ML_DATASET,NORMAL,0
BRT,BRT_POWER_001,2026-03-01T21:30:00+00:00,42.092171199390194,kW,GOOD,SYNTHETIC_ML_DATASET,NORMAL,0
BRT,BRT_PRESS_001,2026-03-01T21:30:00+00:00,985.5264175735257,hPa,GOOD,SYNTHETIC_ML_DATASET,NORMAL,0
BRT,BRT_TEMP_001,2026-03-01T21:30:00+00:00,-9.31353688709313,C,GOOD,SYNTHETIC_ML_DATASET,NORMAL,0
BRT,BRT_VIB_001,2026-03-01T21:30:00+00:00,0.7526181892167496,mm/s,GOOD,SYNTHETIC_ML_DATASET,NORMAL,0
BRT,BRT_HUM_001,2026-03-01T21:31:00+00:00,61.37906657650524,%,GOOD,SYNTHETIC_ML_DATASET,NORMAL,0
BRT,BRT_POWER_001,2026-03-01T21:31:00+00:00,42.19911712876081,kW,GOOD,SYNTHETIC_ML_DATASET,NORMAL,0
BRT,BRT_PRESS_001,2026-03-01T21:31:00+00:00,985.5587010736165,hPa,GOOD,SYNTHETIC_ML_DATASET,NORMAL,0
BRT,BRT_TEMP_001,2026-03-01T21:31:00+00:00,-9.391172717460195,C,GOOD,SYNTHETIC_ML_DATASET,NORMAL,0
BRT,BRT_VIB_001,2026-03-01T21:31:00+00:00,0.7433618158553428,mm/s,GOOD,SYNTHETIC_ML_DATASET,NORMAL,0
BRT,BRT_HUM_001,2026-03-01T21:32:00+00:00,61.14349427666638,%,GOOD,SYNTHETIC_ML_DATASET,NORMAL,0
BRT,BRT_POWER_001,2026-03-01T21:32:00+00:00,42.17096676066863,kW,GOOD,SYNTHETIC_ML_DATASET,NORMAL,0
BRT,BRT_PRESS_001,2026-03-01T21:32:00+00:00,985.3975228718851,hPa,GOOD,SYNTHETIC_ML_DATASET,NORMAL,0
BRT,BRT_TEMP_001,2026-03-01T21:32:00+00:00,-9.595126608037654,C,GOOD,SYNTHETIC_ML_DATASET,NORMAL,0
BRT,BRT_VIB_001,2026-03-01T21:32:00+00:00,0.7531378099937773,mm/s,GOOD,SYNTHETIC_ML_DATASET,NORMAL,0
BRT,BRT_HUM_001,2026-03-01T21:33:00+00:00,60.564982316416526,%,GOOD,SYNTHETIC_ML_DATASET,NORMAL,0
BRT,BRT_POWER_001,2026-03-01T21:33:00+00:00,41.404638972421324,kW,GOOD,SYNTHETIC_ML_DATASET,NORMAL,0
BRT,BRT_PRESS_001,2026-03-01T21:33:00+00:00,985.318351203919,hPa,GOOD,SYNTHETIC_ML_DATASET,NORMAL,0
BRT,BRT_TEMP_001,2026-03-01T21:33:00+00:00,-9.768188444235522,C,GOOD,SYNTHETIC_ML_DATASET,NORMAL,0
BRT,BRT_VIB_001,2026-03-01T21:33:00+00:00,0.7385207930961121,mm/s,GOOD,SYNTHETIC_ML_DATASET,NORMAL,0
BRT,BRT_HUM_001,2026-03-01T21:34:00+00:00,60.486717390886824,%,GOOD,SYNTHETIC_ML_DATASET,NORMAL,0
BRT,BRT_POWER_001,2026-03-01T21:34:00+00:00,41.587939930456045,kW,GOOD,SYNTHETIC_ML_DATASET,NORMAL,0
BRT,BRT_PRESS_001,2026-03-01T21:34:00+00:00,985.200526994033,hPa,GOOD,SYNTHETIC_ML_DATASET,NORMAL,0
BRT,BRT_TEMP_001,2026-03-01T21:34:00+00:00,-9.936913332248665,C,GOOD,SYNTHETIC_ML_DATASET,NORMAL,0
BRT,BRT_VIB_001,2026-03-01T21:34:00+00:00,0.7342171766656522,mm/s,GOOD,SYNTHETIC_ML_DATASET,NORMAL,0
BRT,BRT_HUM_001,2026-03-01T21:35:00+00:00,60.6167649133469,%,GOOD,SYNTHETIC_ML_DATASET,NORMAL,0
BRT,BRT_POWER_001,2026-03-01T21:35:00+00:00,41.832731332085295,kW,GOOD,SYNTHETIC_ML_DATASET,NORMAL,0
BRT,BRT_PRESS_001,2026-03-01T21:35:00+00:00,985.2106585661282,hPa,GOOD,SYNTHETIC_ML_DATASET,NORMAL,0
BRT,BRT_TEMP_001,2026-03-01T21:35:00+00:00,-9.806256684944493,C,GOOD,SYNTHETIC_ML_DATASET,NORMAL,0
BRT,BRT_VIB_001,2026-03-01T21:35:00+00:00,0.7180008727827528,mm/s,GOOD,SYNTHETIC_ML_DATASET,NORMAL,0
BRT,BRT_HUM_001,2026-03-01T21:36:00+00:00,60.28618640709177,%,GOOD,SYNTHETIC_ML_DATASET,NORMAL,0
BRT,BRT_POWER_001,2026-03-01T21:36:00+00:00,41.31196412070449,kW,GOOD,SYNTHETIC_ML_DATASET,NORMAL,0
BRT,BRT_PRESS_001,2026-03-01T21:36:00+00:00,985.0166824033876,hPa,GOOD,SYNTHETIC_ML_DATASET,NORMAL,0
BRT,BRT_TEMP_001,2026-03-01T21:36:00+00:00,-10.051523266384267,C,GOOD,SYNTHETIC_ML_DATASET,NORMAL,0
BRT,BRT_VIB_001,2026-03-01T21:36:00+00:00,0.7330346329337116,mm/s,GOOD,SYNTHETIC_ML_DATASET,NORMAL,0
BRT,BRT_HUM_001,2026-03-01T21:37:00+00:00,60.065498501315524,%,GOOD,SYNTHETIC_ML_DATASET,NORMAL,0
BRT,BRT_POWER_001,2026-03-01T21:37:00+00:00,40.6068282097401,kW,GOOD,SYNTHETIC_ML_DATASET,NORMAL,0
BRT,BRT_PRESS_001,2026-03-01T21:37:00+00:00,984.9736557655713,hPa,GOOD,SYNTHETIC_ML_DATASET,NORMAL,0
BRT,BRT_TEMP_001,2026-03-01T21:37:00+00:00,-10.237765979646944,C,GOOD,SYNTHETIC_ML_DATASET,NORMAL,0
BRT,BRT_VIB_001,2026-03-01T21:37:00+00:00,0.7227253287143747,mm/s,GOOD,SYNTHETIC_ML_DATASET,NORMAL,0
BRT,BRT_HUM_001,2026-03-01T21:38:00+00:00,59.83273003082319,%,GOOD,SYNTHETIC_ML_DATASET,NORMAL,0
BRT,BRT_POWER_001,2026-03-01T21:38:00+00:00,40.8008959314661,kW,GOOD,SYNTHETIC_ML_DATASET,NORMAL,0
BRT,BRT_PRESS_001,2026-03-01T21:38:00+00:00,984.9251009657692,hPa,GOOD,SYNTHETIC_ML_DATASET,NORMAL,0
BRT,BRT_TEMP_001,2026-03-01T21:38:00+00:00,-10.454704576467382,C,GOOD,SYNTHETIC_ML_DATASET,NORMAL,0
BRT,BRT_VIB_001,2026-03-01T21:38:00+00:00,0.7188090240659875,mm/s,GOOD,SYNTHETIC_ML_DATASET,NORMAL,0
BRT,BRT_HUM_001,2026-03-01T21:39:00+00:00,59.79319343154387,%,GOOD,SYNTHETIC_ML_DATASET,NORMAL,0
BRT,BRT_POWER_001,2026-03-01T21:39:00+00:00,40.61889349585835,kW,GOOD,SYNTHETIC_ML_DATASET,NORMAL,0
BRT,BRT_PRESS_001,2026-03-01T21:39:00+00:00,984.7690951487499,hPa,GOOD,SYNTHETIC_ML_DATASET,NORMAL,0
BRT,BRT_TEMP_001,2026-03-01T21:39:00+00:00,-10.546335411935898,C,GOOD,SYNTHETIC_ML_DATASET,NORMAL,0
BRT,BRT_VIB_001,2026-03-01T21:39:00+00:00,0.6994757093070588,mm/s,GOOD,SYNTHETIC_ML_DATASET,NORMAL,0
BRT,BRT_HUM_001,2026-03-01T21:40:00+00:00,59.85150990299201,%,GOOD,SYNTHETIC_ML_DATASET,NORMAL,0
BRT,BRT_POWER_001,2026-03-01T21:40:00+00:00,40.47282338564341,kW,GOOD,SYNTHETIC_ML_DATASET,NORMAL,0
BRT,BRT_PRESS_001,2026-03-01T21:40:00+00:00,984.6199740609114,hPa,GOOD,SYNTHETIC_ML_DATASET,NORMAL,0
BRT,BRT_TEMP_001,2026-03-01T21:40:00+00:00,-10.558927997837918,C,GOOD,SYNTHETIC_ML_DATASET,NORMAL,0
BRT,BRT_VIB_001,2026-03-01T21:40:00+00:00,0.7390596319655233,mm/s,GOOD,SYNTHETIC_ML_DATASET,NORMAL,0
BRT,BRT_HUM_001,2026-03-01T21:41:00+00:00,59.61982585799635,%,GOOD,SYNTHETIC_ML_DATASET,NORMAL,0
BRT,BRT_POWER_001,2026-03-01T21:41:00+00:00,40.04220700449542,kW,GOOD,SYNTHETIC_ML_DATASET,NORMAL,0
BRT,BRT_PRESS_001,2026-03-01T21:41:00+00:00,984.5207350783397,hPa,GOOD,SYNTHETIC_ML_DATASET,NORMAL,0
BRT,BRT_TEMP_001,2026-03-01T21:41:00+00:00,-10.655878024409143,C,GOOD,SYNTHETIC_ML_DATASET,NORMAL,0
BRT,BRT_VIB_001,2026-03-01T21:41:00+00:00,0.7078393793686643,mm/s,GOOD,SYNTHETIC_ML_DATASET,NORMAL,0
BRT,BRT_HUM_001,2026-03-01T21:42:00+00:00,59.20094703638441,%,GOOD,SYNTHETIC_ML_DATASET,NORMAL,0
BRT,BRT_POWER_001,2026-03-01T21:42:00+00:00,39.88844814559882,kW,GOOD,SYNTHETIC_ML_DATASET,NORMAL,0
BRT,BRT_PRESS_001,2026-03-01T21:42:00+00:00,984.3785575096804,hPa,GOOD,SYNTHETIC_ML_DATASET,NORMAL,0
BRT,BRT_TEMP_001,2026-03-01T21:42:00+00:00,-10.767426993402024,C,GOOD,SYNTHETIC_ML_DATASET,NORMAL,0
BRT,BRT_VIB_001,2026-03-01T21:42:00+00:00,0.7164206856736159,mm/s,GOOD,SYNTHETIC_ML_DATASET,NORMAL,0
BRT,BRT_HUM_001,2026-03-01T21:43:00+00:00,58.912706377077974,%,GOOD,SYNTHETIC_ML_DATASET,NORMAL,0
BRT,BRT_POWER_001,2026-03-01T21:43:00+00:00,39.88707896953745,kW,GOOD,SYNTHETIC_ML_DATASET,NORMAL,0
BRT,BRT_PRESS_001,2026-03-01T21:43:00+00:00,984.3128915340011,hPa,GOOD,SYNTHETIC_ML_DATASET,NORMAL,0
BRT,BRT_TEMP_001,2026-03-01T21:43:00+00:00,-10.748098797566389,C,GOOD,SYNTHETIC_ML_DATASET,NORMAL,0
BRT,BRT_VIB_001,2026-03-01T21:43:00+00:00,0.6849420495271186,mm/s,GOOD,SYNTHETIC_ML_DATASET,NORMAL,0
BRT,BRT_HUM_001,2026-03-01T21:44:00+00:00,58.012806024583625,%,GOOD,SYNTHETIC_ML_DATASET,NORMAL,0
BRT,BRT_POWER_001,2026-03-01T21:44:00+00:00,40.03095534542344,kW,GOOD,SYNTHETIC_ML_DATASET,NORMAL,0
BRT,BRT_PRESS_001,2026-03-01T21:44:00+00:00,984.310324865727,hPa,GOOD,SYNTHETIC_ML_DATASET,NORMAL,0
BRT,BRT_TEMP_001,2026-03-01T21:44:00+00:00,-10.609235464869897,C,GOOD,SYNTHETIC_ML_DATASET,NORMAL,0
BRT,BRT_VIB_001,2026-03-01T21:44:00+00:00,0.7212282664835223,mm/s,GOOD,SYNTHETIC_ML_DATASET,NORMAL,0
BRT,BRT_HUM_001,2026-03-01T21:45:00+00:00,57.983381598224895,%,GOOD,SYNTHETIC_ML_DATASET,NORMAL,0
BRT,BRT_POWER_001,2026-03-01T21:45:00+00:00,39.79753651724595,kW,GOOD,SYNTHETIC_ML_DATASET,NORMAL,0
BRT,BRT_PRESS_001,2026-03-01T21:45:00+00:00,984.3679141722148,hPa,GOOD,SYNTHETIC_ML_DATASET,NORMAL,0
BRT,BRT_TEMP_001,2026-03-01T21:45:00+00:00,-11.170493374508945,C,GOOD,SYNTHETIC_ML_DATASET,NORMAL,0
BRT,BRT_VIB_001,2026-03-01T21:45:00+00:00,0.7226446537311344,mm/s,GOOD,SYNTHETIC_ML_DATASET,NORMAL,0
BRT,BRT_HUM_001,2026-03-01T21:46:00+00:00,57.75432023915399,%,GOOD,SYNTHETIC_ML_DATASET,NORMAL,0
BRT,BRT_POWER_001,2026-03-01T21:46:00+00:00,39.95208216278646,kW,GOOD,SYNTHETIC_ML_DATASET,NORMAL,0
BRT,BRT_PRESS_001,2026-03-01T21:46:00+00:00,984.3647566223515,hPa,GOOD,SYNTHETIC_ML_DATASET,NORMAL,0
BRT,BRT_TEMP_001,2026-03-01T21:46:00+00:00,-11.314750808107384,C,GOOD,SYNTHETIC_ML_DATASET,NORMAL,0
BRT,BRT_VIB_001,2026-03-01T21:46:00+00:00,0.7262904770675535,mm/s,GOOD,SYNTHETIC_ML_DATASET,NORMAL,0
BRT,BRT_HUM_001,2026-03-01T21:47:00+00:00,57.9783618219922,%,GOOD,SYNTHETIC_ML_DATASET,NORMAL,0
BRT,BRT_POWER_001,2026-03-01T21:47:00+00:00,40.20213298217047,kW,GOOD,SYNTHETIC_ML_DATASET,NORMAL,0
BRT,BRT_PRESS_001,2026-03-01T21:47:00+00:00,984.21154256456,hPa,GOOD,SYNTHETIC_ML_DATASET,NORMAL,0
BRT,BRT_TEMP_001,2026-03-01T21:47:00+00:00,-11.22018173028859,C,GOOD,SYNTHETIC_ML_DATASET,NORMAL,0
BRT,BRT_VIB_001,2026-03-01T21:47:00+00:00,0.7107638979276556,mm/s,GOOD,SYNTHETIC_ML_DATASET,NORMAL,0
BRT,BRT_HUM_001,2026-03-01T21:48:00+00:00,57.233763471757236,%,GOOD,SYNTHETIC_ML_DATASET,NORMAL,0
BRT,BRT_POWER_001,2026-03-01T21:48:00+00:00,40.383963046793994,kW,GOOD,SYNTHETIC_ML_DATASET,NORMAL,0
BRT,BRT_PRESS_001,2026-03-01T21:48:00+00:00,984.3603673838052,hPa,GOOD,SYNTHETIC_ML_DATASET,NORMAL,0
BRT,BRT_TEMP_001,2026-03-01T21:48:00+00:00,-11.711129171799502,C,GOOD,SYNTHETIC_ML_DATASET,NORMAL,0
BRT,BRT_VIB_001,2026-03-01T21:48:00+00:00,0.6942451222489099,mm/s,GOOD,SYNTHETIC_ML_DATASET,NORMAL,0
BRT,BRT_HUM_001,2026-03-01T21:49:00+00:00,57.84116576043394,%,GOOD,SYNTHETIC_ML_DATASET,NORMAL,0
BRT,BRT_POWER_001,2026-03-01T21:49:00+00:00,40.486185571199954,kW,GOOD,SYNTHETIC_ML_DATASET,NORMAL,0
BRT,BRT_PRESS_001,2026-03-01T21:49:00+00:00,984.3572627930049,hPa,GOOD,SYNTHETIC_ML_DATASET,NORMAL,0
BRT,BRT_TEMP_001,2026-03-01T21:49:00+00:00,-11.72292049811482,C,GOOD,SYNTHETIC_ML_DATASET,NORMAL,0
BRT,BRT_VIB_001,2026-03-01T21:49:00+00:00,0.7164399268543639,mm/s,GOOD,SYNTHETIC_ML_DATASET,NORMAL,0
BRT,BRT_HUM_001,2026-03-01T21:50:00+00:00,57.3668505764811,%,GOOD,SYNTHETIC_ML_DATASET,NORMAL,0
BRT,BRT_POWER_001,2026-03-01T21:50:00+00:00,39.8122066715531,kW,GOOD,SYNTHETIC_ML_DATASET,NORMAL,0
BRT,BRT_PRESS_001,2026-03-01T21:50:00+00:00,984.0815307942164,hPa,GOOD,SYNTHETIC_ML_DATASET,NORMAL,0
BRT,BRT_TEMP_001,2026-03-01T21:50:00+00:00,-11.878218422085471,C,GOOD,SYNTHETIC_ML_DATASET,NORMAL,0
BRT,BRT_VIB_001,2026-03-01T21:50:00+00:00,0.728853046837151,mm/s,GOOD,SYNTHETIC_ML_DATASET,NORMAL,0
BRT,BRT_HUM_001,2026-03-01T21:51:00+00:00,56.788777258694914,%,GOOD,SYNTHETIC_ML_DATASET,NORMAL,0
BRT,BRT_POWER_001,2026-03-01T21:51:00+00:00,39.30044444332615,kW,GOOD,SYNTHETIC_ML_DATASET,NORMAL,0
BRT,BRT_PRESS_001,2026-03-01T21:51:00+00:00,984.0187642933748,hPa,GOOD,SYNTHETIC_ML_DATASET,NORMAL,0
BRT,BRT_TEMP_001,2026-03-01T21:51:00+00:00,-11.715640895385416,C,GOOD,SYNTHETIC_ML_DATASET,NORMAL,0
BRT,BRT_VIB_001,2026-03-01T21:51:00+00:00,0.7227629374202553,mm/s,GOOD,SYNTHETIC_ML_DATASET,NORMAL,0
BRT,BRT_HUM_001,2026-03-01T21:52:00+00:00,58.20324724761876,%,GOOD,SYNTHETIC_ML_DATASET,NORMAL,0
BRT,BRT_POWER_001,2026-03-01T21:52:00+00:00,39.39280525816512,kW,GOOD,SYNTHETIC_ML_DATASET,NORMAL,0
BRT,BRT_PRESS_001,2026-03-01T21:52:00+00:00,983.9174294408334,hPa,GOOD,SYNTHETIC_ML_DATASET,NORMAL,0
BRT,BRT_TEMP_001,2026-03-01T21:52:00+00:00,-11.90427223258124,C,GOOD,SYNTHETIC_ML_DATASET,NORMAL,0
BRT,BRT_VIB_001,2026-03-01T21:52:00+00:00,0.676419145360468,mm/s,GOOD,SYNTHETIC_ML_DATASET,NORMAL,0
BRT,BRT_HUM_001,2026-03-01T21:53:00+00:00,57.46230502321139,%,GOOD,SYNTHETIC_ML_DATASET,NORMAL,0
BRT,BRT_POWER_001,2026-03-01T21:53:00+00:00,39.62548127745623,kW,GOOD,SYNTHETIC_ML_DATASET,NORMAL,0
BRT,BRT_PRESS_001,2026-03-01T21:53:00+00:00,984.0394879834381,hPa,GOOD,SYNTHETIC_ML_DATASET,NORMAL,0
BRT,BRT_TEMP_001,2026-03-01T21:53:00+00:00,-11.870647025366845,C,GOOD,SYNTHETIC_ML_DATASET,NORMAL,0
BRT,BRT_VIB_001,2026-03-01T21:53:00+00:00,0.6635837508492619,mm/s,GOOD,SYNTHETIC_ML_DATASET,NORMAL,0
BRT,BRT_HUM_001,2026-03-01T21:54:00+00:00,56.685566853447405,%,GOOD,SYNTHETIC_ML_DATASET,NORMAL,0
BRT,BRT_POWER_001,2026-03-01T21:54:00+00:00,39.64389865504967,kW,GOOD,SYNTHETIC_ML_DATASET,NORMAL,0
BRT,BRT_PRESS_001,2026-03-01T21:54:00+00:00,984.0553414351002,hPa,GOOD,SYNTHETIC_ML_DATASET,NORMAL,0
BRT,BRT_TEMP_001,2026-03-01T21:54:00+00:00,-11.758035773870223,C,GOOD,SYNTHETIC_ML_DATASET,NORMAL,0
BRT,BRT_VIB_001,2026-03-01T21:54:00+00:00,0.6626643936487261,mm/s,GOOD,SYNTHETIC_ML_DATASET,NORMAL,0
BRT,BRT_HUM_001,2026-03-01T21:55:00+00:00,57.708588709987374,%,GOOD,SYNTHETIC_ML_DATASET,NORMAL,0
BRT,BRT_POWER_001,2026-03-01T21:55:00+00:00,39.41532185804178,kW,GOOD,SYNTHETIC_ML_DATASET,NORMAL,0
BRT,BRT_PRESS_001,2026-03-01T21:55:00+00:00,984.0337270245759,hPa,GOOD,SYNTHETIC_ML_DATASET,NORMAL,0
BRT,BRT_TEMP_001,2026-03-01T21:55:00+00:00,-11.65315935745841,C,GOOD,SYNTHETIC_ML_DATASET,NORMAL,0
BRT,BRT_VIB_001,2026-03-01T21:55:00+00:00,0.6497337733342773,mm/s,GOOD,SYNTHETIC_ML_DATASET,NORMAL,0
BRT,BRT_HUM_001,2026-03-01T21:56:00+00:00,57.47692742561156,%,GOOD,SYNTHETIC_ML_DATASET,NORMAL,0
BRT,BRT_POWER_001,2026-03-01T21:56:00+00:00,39.85257070189054,kW,GOOD,SYNTHETIC_ML_DATASET,NORMAL,0
BRT,BRT_PRESS_001,2026-03-01T21:56:00+00:00,983.923237259974,hPa,GOOD,SYNTHETIC_ML_DATASET,NORMAL,0
BRT,BRT_TEMP_001,2026-03-01T21:56:00+00:00,-11.83262313388337,C,GOOD,SYNTHETIC_ML_DATASET,NORMAL,0
BRT,BRT_VIB_001,2026-03-01T21:56:00+00:00,0.677481272858794,mm/s,GOOD,SYNTHETIC_ML_DATASET,NORMAL,0
BRT,BRT_HUM_001,2026-03-01T21:57:00+00:00,58.279334524982325,%,GOOD,SYNTHETIC_ML_DATASET,NORMAL,0
BRT,BRT_POWER_001,2026-03-01T21:57:00+00:00,39.31680736216974,kW,GOOD,SYNTHETIC_ML_DATASET,NORMAL,0
BRT,BRT_PRESS_001,2026-03-01T21:57:00+00:00,983.9402727699044,hPa,GOOD,SYNTHETIC_ML_DATASET,NORMAL,0
BRT,BRT_TEMP_001,2026-03-01T21:57:00+00:00,-11.902788542752708,C,GOOD,SYNTHETIC_ML_DATASET,NORMAL,0
BRT,BRT_VIB_001,2026-03-01T21:57:00+00:00,0.6566556885813475,mm/s,GOOD,SYNTHETIC_ML_DATASET,NORMAL,0
BRT,BRT_HUM_001,2026-03-01T21:58:00+00:00,58.3723777338463,%,GOOD,SYNTHETIC_ML_DATASET,NORMAL,0
BRT,BRT_POWER_001,2026-03-01T21:58:00+00:00,39.38090282786588,kW,GOOD,SYNTHETIC_ML_DATASET,NORMAL,0
BRT,BRT_PRESS_001,2026-03-01T21:58:00+00:00,983.9502146197726,hPa,GOOD,SYNTHETIC_ML_DATASET,NORMAL,0
BRT,BRT_TEMP_001,2026-03-01T21:58:00+00:00,-11.906236036642234,C,GOOD,SYNTHETIC_ML_DATASET,NORMAL,0
BRT,BRT_VIB_001,2026-03-01T21:58:00+00:00,0.677027707852974,mm/s,GOOD,SYNTHETIC_ML_DATASET,NORMAL,0
BRT,BRT_HUM_001,2026-03-01T21:59:00+00:00,58.24066224022317,%,GOOD,SYNTHETIC_ML_DATASET,NORMAL,0
BRT,BRT_POWER_001,2026-03-01T21:59:00+00:00,38.503947552426034,kW,GOOD,SYNTHETIC_ML_DATASET,NORMAL,0
BRT,BRT_PRESS_001,2026-03-01T21:59:00+00:00,983.8005320128174,hPa,GOOD,SYNTHETIC_ML_DATASET,NORMAL,0
BRT,BRT_TEMP_001,2026-03-01T21:59:00+00:00,-11.879543912707822,C,GOOD,SYNTHETIC_ML_DATASET,NORMAL,0
BRT,BRT_VIB_001,2026-03-01T21:59:00+00:00,0.6830493038383985,mm/s,GOOD,SYNTHETIC_ML_DATASET,NORMAL,0
BRT,BRT_HUM_001,2026-03-01T22:00:00+00:00,56.73023264787614,%,GOOD,SYNTHETIC_ML_DATASET,NORMAL,0
BRT,BRT_POWER_001,2026-03-01T22:00:00+00:00,38.03691878761103,kW,GOOD,SYNTHETIC_ML_DATASET,NORMAL,0
BRT,BRT_PRESS_001,2026-03-01T22:00:00+00:00,983.8429081180434,hPa,GOOD,SYNTHETIC_ML_DATASET,NORMAL,0
BRT,BRT_TEMP_001,2026-03-01T22:00:00+00:00,-12.253372315141778,C,GOOD,SYNTHETIC_ML_DATASET,NORMAL,0
BRT,BRT_VIB_001,2026-03-01T22:00:00+00:00,0.7114714744983215,mm/s,GOOD,SYNTHETIC_ML_DATASET,NORMAL,0
BRT,BRT_HUM_001,2026-03-01T22:01:00+00:00,56.81018380362872,%,GOOD,SYNTHETIC_ML_DATASET,NORMAL,0
BRT,BRT_POWER_001,2026-03-01T22:01:00+00:00,38.62620821103905,kW,GOOD,SYNTHETIC_ML_DATASET,NORMAL,0
BRT,BRT_PRESS_001,2026-03-01T22:01:00+00:00,983.7734136062218,hPa,GOOD,SYNTHETIC_ML_DATASET,NORMAL,0
BRT,BRT_TEMP_001,2026-03-01T22:01:00+00:00,-12.21909577839175,C,GOOD,SYNTHETIC_ML_DATASET,NORMAL,0
BRT,BRT_VIB_001,2026-03-01T22:01:00+00:00,0.69011505875281,mm/s,GOOD,SYNTHETIC_ML_DATASET,NORMAL,0
BRT,BRT_HUM_001,2026-03-01T22:02:00+00:00,56.999183571837115,%,GOOD,SYNTHETIC_ML_DATASET,NORMAL,0
BRT,BRT_POWER_001,2026-03-01T22:02:00+00:00,37.667842229241884,kW,GOOD,SYNTHETIC_ML_DATASET,NORMAL,0
BRT,BRT_PRESS_001,2026-03-01T22:02:00+00:00,983.7567057563015,hPa,GOOD,SYNTHETIC_ML_DATASET,NORMAL,0
BRT,BRT_TEMP_001,2026-03-01T22:02:00+00:00,-12.217236367898991,C,GOOD,SYNTHETIC_ML_DATASET,NORMAL,0
BRT,BRT_VIB_001,2026-03-01T22:02:00+00:00,0.6898016095158008,mm/s,GOOD,SYNTHETIC_ML_DATASET,NORMAL,0
BRT,BRT_HUM_001,2026-03-01T22:03:00+00:00,57.21998622780218,%,GOOD,SYNTHETIC_ML_DATASET,NORMAL,0
BRT,BRT_POWER_001,2026-03-01T22:03:00+00:00,37.59933268673062,kW,GOOD,SYNTHETIC_ML_DATASET,NORMAL,0
BRT,BRT_PRESS_001,2026-03-01T22:03:00+00:00,983.5900492718389,hPa,GOOD,SYNTHETIC_ML_DATASET,NORMAL,0
BRT,BRT_TEMP_001,2026-03-01T22:03:00+00:00,-12.345485358483547,C,GOOD,SYNTHETIC_ML_DATASET,NORMAL,0
BRT,BRT_VIB_001,2026-03-01T22:03:00+00:00,0.7016894951410629,mm/s,GOOD,SYNTHETIC_ML_DATASET,NORMAL,0
BRT,BRT_HUM_001,2026-03-01T22:04:00+00:00,56.27870587064575,%,GOOD,SYNTHETIC_ML_DATASET,NORMAL,0
BRT,BRT_POWER_001,2026-03-01T22:04:00+00:00,37.421171705207726,kW,GOOD,SYNTHETIC_ML_DATASET,NORMAL,0
BRT,BRT_PRESS_001,2026-03-01T22:04:00+00:00,983.5541480430802,hPa,GOOD,SYNTHETIC_ML_DATASET,NORMAL,0
BRT,BRT_TEMP_001,2026-03-01T22:04:00+00:00,-12.349155174720687,C,GOOD,SYNTHETIC_ML_DATASET,NORMAL,0
BRT,BRT_VIB_001,2026-03-01T22:04:00+00:00,0.6984664162985262,mm/s,GOOD,SYNTHETIC_ML_DATASET,NORMAL,0
BRT,BRT_HUM_001,2026-03-01T22:05:00+00:00,56.47028196814474,%,GOOD,SYNTHETIC_ML_DATASET,NORMAL,0
BRT,BRT_POWER_001,2026-03-01T22:05:00+00:00,37.89992189942466,kW,GOOD,SYNTHETIC_ML_DATASET,NORMAL,0
BRT,BRT_PRESS_001,2026-03-01T22:05:00+00:00,983.5865290078686,hPa,GOOD,SYNTHETIC_ML_DATASET,NORMAL,0
BRT,BRT_TEMP_001,2026-03-01T22:05:00+00:00,-12.36448465431776,C,GOOD,SYNTHETIC_ML_DATASET,NORMAL,0
BRT,BRT_VIB_001,2026-03-01T22:05:00+00:00,0.6749246228198991,mm/s,GOOD,SYNTHETIC_ML_DATASET,NORMAL,0
BRT,BRT_HUM_001,2026-03-01T22:06:00+00:00,56.19967513522648,%,GOOD,SYNTHETIC_ML_DATASET,NORMAL,0
BRT,BRT_POWER_001,2026-03-01T22:06:00+00:00,37.671020295680286,kW,GOOD,SYNTHETIC_ML_DATASET,NORMAL,0
BRT,BRT_PRESS_001,2026-03-01T22:06:00+00:00,983.5996875076293,hPa,GOOD,SYNTHETIC_ML_DATASET,NORMAL,0
BRT,BRT_TEMP_001,2026-03-01T22:06:00+00:00,-12.350248908026987,C,GOOD,SYNTHETIC_ML_DATASET,NORMAL,0
BRT,BRT_VIB_001,2026-03-01T22:06:00+00:00,0.6695287637975067,mm/s,GOOD,SYNTHETIC_ML_DATASET,NORMAL,0
BRT,BRT_HUM_001,2026-03-01T22:07:00+00:00,56.0708746668853,%,GOOD,SYNTHETIC_ML_DATASET,NORMAL,0
BRT,BRT_POWER_001,2026-03-01T22:07:00+00:00,38.235990820424355,kW,GOOD,SYNTHETIC_ML_DATASET,NORMAL,0
BRT,BRT_PRESS_001,2026-03-01T22:07:00+00:00,983.5575444874889,hPa,GOOD,SYNTHETIC_ML_DATASET,NORMAL,0
BRT,BRT_TEMP_001,2026-03-01T22:07:00+00:00,-12.59982087243854,C,GOOD,SYNTHETIC_ML_DATASET,NORMAL,0
BRT,BRT_VIB_001,2026-03-01T22:07:00+00:00,0.63629269669822,mm/s,GOOD,SYNTHETIC_ML_DATASET,NORMAL,0
BRT,BRT_HUM_001,2026-03-01T22:08:00+00:00,55.57565532062725,%,GOOD,SYNTHETIC_ML_DATASET,NORMAL,0
BRT,BRT_POWER_001,2026-03-01T22:08:00+00:00,38.04487624925254,kW,GOOD,SYNTHETIC_ML_DATASET,NORMAL,0
BRT,BRT_PRESS_001,2026-03-01T22:08:00+00:00,983.5087104360684,hPa,GOOD,SYNTHETIC_ML_DATASET,NORMAL,0
BRT,BRT_TEMP_001,2026-03-01T22:08:00+00:00,-12.727140822932771,C,GOOD,SYNTHETIC_ML_DATASET,NORMAL,0
BRT,BRT_VIB_001,2026-03-01T22:08:00+00:00,0.6748888353025343,mm/s,GOOD,SYNTHETIC_ML_DATASET,NORMAL,0
BRT,BRT_HUM_001,2026-03-01T22:09:00+00:00,55.46487203722476,%,GOOD,SYNTHETIC_ML_DATASET,NORMAL,0
BRT,BRT_POWER_001,2026-03-01T22:09:00+00:00,37.58385796112627,kW,GOOD,SYNTHETIC_ML_DATASET,NORMAL,0
BRT,BRT_PRESS_001,2026-03-01T22:09:00+00:00,983.3320887517716,hPa,GOOD,SYNTHETIC_ML_DATASET,NORMAL,0
BRT,BRT_TEMP_001,2026-03-01T22:09:00+00:00,-12.65193185238403,C,GOOD,SYNTHETIC_ML_DATASET,NORMAL,0
BRT,BRT_VIB_001,2026-03-01T22:09:00+00:00,0.656273291166777,mm/s,GOOD,SYNTHETIC_ML_DATASET,NORMAL,0
BRT,BRT_HUM_001,2026-03-01T22:10:00+00:00,55.63197561285501,%,GOOD,SYNTHETIC_ML_DATASET,NORMAL,0
BRT,BRT_POWER_001,2026-03-01T22:10:00+00:00,37.6662379852727,kW,GOOD,SYNTHETIC_ML_DATASET,NORMAL,0
BRT,BRT_PRESS_001,2026-03-01T22:10:00+00:00,983.2992369982517,hPa,GOOD,SYNTHETIC_ML_DATASET,NORMAL,0
BRT,BRT_TEMP_001,2026-03-01T22:10:00+00:00,-12.839441494875418,C,GOOD,SYNTHETIC_ML_DATASET,NORMAL,0
BRT,BRT_VIB_001,2026-03-01T22:10:00+00:00,0.6627142800673135,mm/s,GOOD,SYNTHETIC_ML_DATASET,NORMAL,0
BRT,BRT_HUM_001,2026-03-01T22:11:00+00:00,55.076645047062954,%,GOOD,SYNTHETIC_ML_DATASET,NORMAL,0
BRT,BRT_POWER_001,2026-03-01T22:11:00+00:00,37.871076846975654,kW,GOOD,SYNTHETIC_ML_DATASET,NORMAL,0
BRT,BRT_PRESS_001,2026-03-01T22:11:00+00:00,983.2406532106216,hPa,GOOD,SYNTHETIC_ML_DATASET,NORMAL,0
BRT,BRT_TEMP_001,2026-03-01T22:11:00+00:00,-12.977642041242385,C,GOOD,SYNTHETIC_ML_DATASET,NORMAL,0
BRT,BRT_VIB_001,2026-03-01T22:11:00+00:00,0.6562892473406416,mm/s,GOOD,SYNTHETIC_ML_DATASET,NORMAL,0
BRT,BRT_HUM_001,2026-03-01T22:12:00+00:00,55.52217030259058,%,GOOD,SYNTHETIC_ML_DATASET,NORMAL,0
BRT,BRT_POWER_001,2026-03-01T22:12:00+00:00,37.44094838244909,kW,GOOD,SYNTHETIC_ML_DATASET,NORMAL,0
BRT,BRT_PRESS_001,2026-03-01T22:12:00+00:00,983.1797058831793,hPa,GOOD,SYNTHETIC_ML_DATASET,NORMAL,0
BRT,BRT_TEMP_001,2026-03-01T22:12:00+00:00,-13.116768466839384,C,GOOD,SYNTHETIC_ML_DATASET,NORMAL,0
BRT,BRT_VIB_001,2026-03-01T22:12:00+00:00,0.6384701127713277,mm/s,GOOD,SYNTHETIC_ML_DATASET,NORMAL,0
BRT,BRT_HUM_001,2026-03-01T22:13:00+00:00,55.122512521901356,%,GOOD,SYNTHETIC_ML_DATASET,NORMAL,0
BRT,BRT_POWER_001,2026-03-01T22:13:00+00:00,38.08764627433096,kW,GOOD,SYNTHETIC_ML_DATASET,NORMAL,0
BRT,BRT_PRESS_001,2026-03-01T22:13:00+00:00,983.2363217041506,hPa,GOOD,SYNTHETIC_ML_DATASET,NORMAL,0
BRT,BRT_TEMP_001,2026-03-01T22:13:00+00:00,-12.966422534521563,C,GOOD,SYNTHETIC_ML_DATASET,NORMAL,0
BRT,BRT_VIB_001,2026-03-01T22:13:00+00:00,0.6640755499831567,mm/s,GOOD,SYNTHETIC_ML_DATASET,NORMAL,0
BRT,BRT_HUM_001,2026-03-01T22:14:00+00:00,54.03210026859496,%,GOOD,SYNTHETIC_ML_DATASET,NORMAL,0
BRT,BRT_POWER_001,2026-03-01T22:14:00+00:00,37.82261801153886,kW,GOOD,SYNTHETIC_ML_DATASET,NORMAL,0
BRT,BRT_PRESS_001,2026-03-01T22:14:00+00:00,983.0218568274232,hPa,GOOD,SYNTHETIC_ML_DATASET,NORMAL,0
BRT,BRT_TEMP_001,2026-03-01T22:14:00+00:00,-12.912569930961972,C,GOOD,SYNTHETIC_ML_DATASET,NORMAL,0
BRT,BRT_VIB_001,2026-03-01T22:14:00+00:00,0.64940163910198,mm/s,GOOD,SYNTHETIC_ML_DATASET,NORMAL,0
BRT,BRT_HUM_001,2026-03-01T22:15:00+00:00,54.98363239799614,%,GOOD,SYNTHETIC_ML_DATASET,NORMAL,0
BRT,BRT_POWER_001,2026-03-01T22:15:00+00:00,37.246724361878805,kW,GOOD,SYNTHETIC_ML_DATASET,NORMAL,0
BRT,BRT_PRESS_001,2026-03-01T22:15:00+00:00,982.9897613539989,hPa,GOOD,SYNTHETIC_ML_DATASET,NORMAL,0
BRT,BRT_TEMP_001,2026-03-01T22:15:00+00:00,-12.80789585846778,C,GOOD,SYNTHETIC_ML_DATASET,NORMAL,0
BRT,BRT_VIB_001,2026-03-01T22:15:00+00:00,0.6272548868437037,mm/s,GOOD,SYNTHETIC_ML_DATASET,NORMAL,0
BRT,BRT_HUM_001,2026-03-01T22:16:00+00:00,54.389886176404545,%,GOOD,SYNTHETIC_ML_DATASET,NORMAL,0
BRT,BRT_POWER_001,2026-03-01T22:16:00+00:00,36.99161020945247,kW,GOOD,SYNTHETIC_ML_DATASET,NORMAL,0
BRT,BRT_PRESS_001,2026-03-01T22:16:00+00:00,983.0548639864912,hPa,GOOD,SYNTHETIC_ML_DATASET,NORMAL,0
BRT,BRT_TEMP_001,2026-03-01T22:16:00+00:00,-12.802747430970616,C,GOOD,SYNTHETIC_ML_DATASET,NORMAL,0
BRT,BRT_VIB_001,2026-03-01T22:16:00+00:00,0.6155796733746878,mm/s,GOOD,SYNTHETIC_ML_DATASET,NORMAL,0
BRT,BRT_HUM_001,2026-03-01T22:17:00+00:00,54.77253312023881,%,GOOD,SYNTHETIC_ML_DATASET,NORMAL,0
BRT,BRT_POWER_001,2026-03-01T22:17:00+00:00,36.9738753384347,kW,GOOD,SYNTHETIC_ML_DATASET,NORMAL,0
BRT,BRT_PRESS_001,2026-03-01T22:17:00+00:00,983.001096466471,hPa,GOOD,SYNTHETIC_ML_DATASET,NORMAL,0
BRT,BRT_TEMP_001,2026-03-01T22:17:00+00:00,-12.707620569714917,C,GOOD,SYNTHETIC_ML_DATASET,NORMAL,0
BRT,BRT_VIB_001,2026-03-01T22:17:00+00:00,0.6323747421953181,mm/s,GOOD,SYNTHETIC_ML_DATASET,NORMAL,0
BRT,BRT_HUM_001,2026-03-01T22:18:00+00:00,54.2140341811171,%,GOOD,SYNTHETIC_ML_DATASET,NORMAL,0
BRT,BRT_POWER_001,2026-03-01T22:18:00+00:00,37.141394493966445,kW,GOOD,SYNTHETIC_ML_DATASET,NORMAL,0
BRT,BRT_PRESS_001,2026-03-01T22:18:00+00:00,982.8611982884785,hPa,GOOD,SYNTHETIC_ML_DATASET,NORMAL,0
BRT,BRT_TEMP_001,2026-03-01T22:18:00+00:00,-12.663898963967844,C,GOOD,SYNTHETIC_ML_DATASET,NORMAL,0
BRT,BRT_VIB_001,2026-03-01T22:18:00+00:00,0.6319518011594283,mm/s,GOOD,SYNTHETIC_ML_DATASET,NORMAL,0
BRT,BRT_HUM_001,2026-03-01T22:19:00+00:00,54.37805775780942,%,GOOD,SYNTHETIC_ML_DATASET,NORMAL,0
BRT,BRT_POWER_001,2026-03-01T22:19:00+00:00,37.343563811754095,kW,GOOD,SYNTHETIC_ML_DATASET,NORMAL,0
BRT,BRT_PRESS_001,2026-03-01T22:19:00+00:00,982.9131530697396,hPa,GOOD,SYNTHETIC_ML_DATASET,NORMAL,0
BRT,BRT_TEMP_001,2026-03-01T22:19:00+00:00,-12.798706862853914,C,GOOD,SYNTHETIC_ML_DATASET,NORMAL,0
BRT,BRT_VIB_001,2026-03-01T22:19:00+00:00,0.6269757067290023,mm/s,GOOD,SYNTHETIC_ML_DATASET,NORMAL,0
BRT,BRT_HUM_001,2026-03-01T22:20:00+00:00,54.72364924238997,%,GOOD,SYNTHETIC_ML_DATASET,NORMAL,0
BRT,BRT_POWER_001,2026-03-01T22:20:00+00:00,36.95790661280456,kW,GOOD,SYNTHETIC_ML_DATASET,NORMAL,0
BRT,BRT_PRESS_001,2026-03-01T22:20:00+00:00,982.8972347072529,hPa,GOOD,SYNTHETIC_ML_DATASET,NORMAL,0
BRT,BRT_TEMP_001,2026-03-01T22:20:00+00:00,-12.79327762665583,C,GOOD,SYNTHETIC_ML_DATASET,NORMAL,0
BRT,BRT_VIB_001,2026-03-01T22:20:00+00:00,0.6388822508819507,mm/s,GOOD,SYNTHETIC_ML_DATASET,NORMAL,0
BRT,BRT_HUM_001,2026-03-01T22:21:00+00:00,54.230536791263226,%,GOOD,SYNTHETIC_ML_DATASET,NORMAL,0
BRT,BRT_POWER_001,2026-03-01T22:21:00+00:00,36.94533366784172,kW,GOOD,SYNTHETIC_ML_DATASET,NORMAL,0
BRT,BRT_PRESS_001,2026-03-01T22:21:00+00:00,982.9312969270225,hPa,GOOD,SYNTHETIC_ML_DATASET,NORMAL,0
BRT,BRT_TEMP_001,2026-03-01T22:21:00+00:00,-12.685041077145776,C,GOOD,SYNTHETIC_ML_DATASET,NORMAL,0
BRT,BRT_VIB_001,2026-03-01T22:21:00+00:00,0.6512143660270251,mm/s,GOOD,SYNTHETIC_ML_DATASET,NORMAL,0
BRT,BRT_HUM_001,2026-03-01T22:22:00+00:00,54.26154538035203,%,GOOD,SYNTHETIC_ML_DATASET,NORMAL,0
BRT,BRT_POWER_001,2026-03-01T22:22:00+00:00,36.414737838602214,kW,GOOD,SYNTHETIC_ML_DATASET,NORMAL,0
BRT,BRT_PRESS_001,2026-03-01T22:22:00+00:00,982.984822700212,hPa,GOOD,SYNTHETIC_ML_DATASET,NORMAL,0
BRT,BRT_TEMP_001,2026-03-01T22:22:00+00:00,-12.595927494032598,C,GOOD,SYNTHETIC_ML_DATASET,NORMAL,0
BRT,BRT_VIB_001,2026-03-01T22:22:00+00:00,0.6365497208637518,mm/s,GOOD,SYNTHETIC_ML_DATASET,NORMAL,0
BRT,BRT_HUM_001,2026-03-01T22:23:00+00:00,54.30314723595036,%,GOOD,SYNTHETIC_ML_DATASET,NORMAL,0
BRT,BRT_POWER_001,2026-03-01T22:23:00+00:00,36.693162796341305,kW,GOOD,SYNTHETIC_ML_DATASET,NORMAL,0
BRT,BRT_PRESS_001,2026-03-01T22:23:00+00:00,982.8622898483088,hPa,GOOD,SYNTHETIC_ML_DATASET,NORMAL,0
BRT,BRT_TEMP_001,2026-03-01T22:23:00+00:00,-12.789596108468732,C,GOOD,SYNTHETIC_ML_DATASET,NORMAL,0
BRT,BRT_VIB_001,2026-03-01T22:23:00+00:00,0.668870428562378,mm/s,GOOD,SYNTHETIC_ML_DATASET,NORMAL,0
BRT,BRT_HUM_001,2026-03-01T22:24:00+00:00,54.25159759261829,%,GOOD,SYNTHETIC_ML_DATASET,NORMAL,0
BRT,BRT_POWER_001,2026-03-01T22:24:00+00:00,36.48922218068576,kW,GOOD,SYNTHETIC_ML_DATASET,NORMAL,0
BRT,BRT_PRESS_001,2026-03-01T22:24:00+00:00,982.9814827963094,hPa,GOOD,SYNTHETIC_ML_DATASET,NORMAL,0
BRT,BRT_TEMP_001,2026-03-01T22:24:00+00:00,-13.167517992749305,C,GOOD,SYNTHETIC_ML_DATASET,NORMAL,0
BRT,BRT_VIB_001,2026-03-01T22:24:00+00:00,0.6254193699171551,mm/s,GOOD,SYNTHETIC_ML_DATASET,NORMAL,0
BRT,BRT_HUM_001,2026-03-01T22:25:00+00:00,54.75845599404798,%,GOOD,SYNTHETIC_ML_DATASET,NORMAL,0
BRT,BRT_POWER_001,2026-03-01T22:25:00+00:00,37.003344202007675,kW,GOOD,SYNTHETIC_ML_DATASET,NORMAL,0
BRT,BRT_PRESS_001,2026-03-01T22:25:00+00:00,982.8669787850558,hPa,GOOD,SYNTHETIC_ML_DATASET,NORMAL,0
BRT,BRT_TEMP_001,2026-03-01T22:25:00+00:00,-12.859715913704031,C,GOOD,SYNTHETIC_ML_DATASET,NORMAL,0
BRT,BRT_VIB_001,2026-03-01T22:25:00+00:00,0.6561797388669465,mm/s,GOOD,SYNTHETIC_ML_DATASET,NORMAL,0
BRT,BRT_HUM_001,2026-03-01T22:26:00+00:00,53.952888088757845,%,GOOD,SYNTHETIC_ML_DATASET,NORMAL,0
BRT,BRT_POWER_001,2026-03-01T22:26:00+00:00,36.81732662898587,kW,GOOD,SYNTHETIC_ML_DATASET,NORMAL,0
BRT,BRT_PRESS_001,2026-03-01T22:26:00+00:00,982.6349179985766,hPa,GOOD,SYNTHETIC_ML_DATASET,NORMAL,0
BRT,BRT_TEMP_001,2026-03-01T22:26:00+00:00,-12.825409276998313,C,GOOD,SYNTHETIC_ML_DATASET,NORMAL,0
BRT,BRT_VIB_001,2026-03-01T22:26:00+00:00,0.6339168446265657,mm/s,GOOD,SYNTHETIC_ML_DATASET,NORMAL,0
BRT,BRT_HUM_001,2026-03-01T22:27:00+00:00,54.486374600285146,%,GOOD,SYNTHETIC_ML_DATASET,NORMAL,0
BRT,BRT_POWER_001,2026-03-01T22:27:00+00:00,36.40427059173947,kW,GOOD,SYNTHETIC_ML_DATASET,NORMAL,0
BRT,BRT_PRESS_001,2026-03-01T22:27:00+00:00,982.7007965321734,hPa,GOOD,SYNTHETIC_ML_DATASET,NORMAL,0
BRT,BRT_TEMP_001,2026-03-01T22:27:00+00:00,-12.94943141154781,C,GOOD,SYNTHETIC_ML_DATASET,NORMAL,0
BRT,BRT_VIB_001,2026-03-01T22:27:00+00:00,0.6470330007281867,mm/s,GOOD,SYNTHETIC_ML_DATASET,NORMAL,0
BRT,BRT_HUM_001,2026-03-01T22:28:00+00:00,54.30835074215543,%,GOOD,SYNTHETIC_ML_DATASET,NORMAL,0
BRT,BRT_POWER_001,2026-03-01T22:28:00+00:00,36.91770116898944,kW,GOOD,SYNTHETIC_ML_DATASET,NORMAL,0
BRT,BRT_PRESS_001,2026-03-01T22:28:00+00:00,982.4138135405316,hPa,GOOD,SYNTHETIC_ML_DATASET,NORMAL,0
BRT,BRT_TEMP_001,2026-03-01T22:28:00+00:00,-12.867223222290496,C,GOOD,SYNTHETIC_ML_DATASET,NORMAL,0
BRT,BRT_VIB_001,2026-03-01T22:28:00+00:00,0.6373219859096173,mm/s,GOOD,SYNTHETIC_ML_DATASET,NORMAL,0
BRT,BRT_HUM_001,2026-03-01T22:29:00+00:00,54.367171383100576,%,GOOD,SYNTHETIC_ML_DATASET,NORMAL,0
BRT,BRT_POWER_001,2026-03-01T22:29:00+00:00,36.93746393630489,kW,GOOD,SYNTHETIC_ML_DATASET,NORMAL,0
BRT,BRT_PRESS_001,2026-03-01T22:29:00+00:00,982.5840949180781,hPa,GOOD,SYNTHETIC_ML_DATASET,NORMAL,0
BRT,BRT_TEMP_001,2026-03-01T22:29:00+00:00,-13.074288783527143,C,GOOD,SYNTHETIC_ML_DATASET,NORMAL,0
BRT,BRT_VIB_001,2026-03-01T22:29:00+00:00,0.6482170038182036,mm/s,GOOD,SYNTHETIC_ML_DATASET,NORMAL,0
BRT,BRT_HUM_001,2026-03-01T22:30:00+00:00,53.58763590740171,%,GOOD,SYNTHETIC_ML_DATASET,NORMAL,0
BRT,BRT_POWER_001,2026-03-01T22:30:00+00:00,37.43278107303901,kW,GOOD,SYNTHETIC_ML_DATASET,NORMAL,0
BRT,BRT_PRESS_001,2026-03-01T22:30:00+00:00,982.5141422787376,hPa,GOOD,SYNTHETIC_ML_DATASET,NORMAL,0
BRT,BRT_TEMP_001,2026-03-01T22:30:00+00:00,-13.036136045357148,C,GOOD,SYNTHETIC_ML_DATASET,NORMAL,0
BRT,BRT_VIB_001,2026-03-01T22:30:00+00:00,0.6549305909994849,mm/s,GOOD,SYNTHETIC_ML_DATASET,NORMAL,0
BRT,BRT_HUM_001,2026-03-01T22:31:00+00:00,53.48205447382638,%,GOOD,SYNTHETIC_ML_DATASET,NORMAL,0
BRT,BRT_POWER_001,2026-03-01T22:31:00+00:00,36.503780226204235,kW,GOOD,SYNTHETIC_ML_DATASET,NORMAL,0
BRT,BRT_PRESS_001,2026-03-01T22:31:00+00:00,982.6486028313008,hPa,GOOD,SYNTHETIC_ML_DATASET,NORMAL,0
BRT,BRT_TEMP_001,2026-03-01T22:31:00+00:00,-12.98413062144085,C,GOOD,SYNTHETIC_ML_DATASET,NORMAL,0
BRT,BRT_VIB_001,2026-03-01T22:31:00+00:00,0.6497042044670062,mm/s,GOOD,SYNTHETIC_ML_DATASET,NORMAL,0
BRT,BRT_HUM_001,2026-03-01T22:32:00+00:00,52.4739358838569,%,GOOD,SYNTHETIC_ML_DATASET,NORMAL,0
BRT,BRT_POWER_001,2026-03-01T22:32:00+00:00,36.327032485304,kW,GOOD,SYNTHETIC_ML_DATASET,NORMAL,0
BRT,BRT_PRESS_001,2026-03-01T22:32:00+00:00,982.7539026282624,hPa,GOOD,SYNTHETIC_ML_DATASET,NORMAL,0
BRT,BRT_TEMP_001,2026-03-01T22:32:00+00:00,-13.101170882616568,C,GOOD,SYNTHETIC_ML_DATASET,NORMAL,0
BRT,BRT_VIB_001,2026-03-01T22:32:00+00:00,0.6656848851695136,mm/s,GOOD,SYNTHETIC_ML_DATASET,NORMAL,0
BRT,BRT_HUM_001,2026-03-01T22:33:00+00:00,52.595961934497325,%,GOOD,SYNTHETIC_ML_DATASET,NORMAL,0
BRT,BRT_POWER_001,2026-03-01T22:33:00+00:00,36.37090523418028,kW,GOOD,SYNTHETIC_ML_DATASET,NORMAL,0
BRT,BRT_PRESS_001,2026-03-01T22:33:00+00:00,982.8217565786739,hPa,GOOD,SYNTHETIC_ML_DATASET,NORMAL,0
BRT,BRT_TEMP_001,2026-03-01T22:33:00+00:00,-13.26981856995219,C,GOOD,SYNTHETIC_ML_DATASET,NORMAL,0
BRT,BRT_VIB_001,2026-03-01T22:33:00+00:00,0.6506583290138501,mm/s,GOOD,SYNTHETIC_ML_DATASET,NORMAL,0
BRT,BRT_HUM_001,2026-03-01T22:34:00+00:00,52.555834288622506,%,GOOD,SYNTHETIC_ML_DATASET,NORMAL,0
BRT,BRT_POWER_001,2026-03-01T22:34:00+00:00,36.35418702533835,kW,GOOD,SYNTHETIC_ML_DATASET,NORMAL,0
BRT,BRT_PRESS_001,2026-03-01T22:34:00+00:00,982.6792047767801,hPa,GOOD,SYNTHETIC_ML_DATASET,NORMAL,0
BRT,BRT_TEMP_001,2026-03-01T22:34:00+00:00,-13.072469388263356,C,GOOD,SYNTHETIC_ML_DATASET,NORMAL,0
BRT,BRT_VIB_001,2026-03-01T22:34:00+00:00,0.6254267296426934,mm/s,GOOD,SYNTHETIC_ML_DATASET,NORMAL,0
BRT,BRT_HUM_001,2026-03-01T22:35:00+00:00,52.69649918939172,%,GOOD,SYNTHETIC_ML_DATASET,NORMAL,0
BRT,BRT_POWER_001,2026-03-01T22:35:00+00:00,36.23887013158662,kW,GOOD,SYNTHETIC_ML_DATASET,NORMAL,0
BRT,BRT_PRESS_001,2026-03-01T22:35:00+00:00,982.7323249411874,hPa,GOOD,SYNTHETIC_ML_DATASET,NORMAL,0
BRT,BRT_TEMP_001,2026-03-01T22:35:00+00:00,-13.313713828353505,C,GOOD,SYNTHETIC_ML_DATASET,NORMAL,0
BRT,BRT_VIB_001,2026-03-01T22:35:00+00:00,0.6313992201072768,mm/s,GOOD,SYNTHETIC_ML_DATASET,NORMAL,0
BRT,BRT_HUM_001,2026-03-01T22:36:00+00:00,52.79772536328756,%,GOOD,SYNTHETIC_ML_DATASET,NORMAL,0
BRT,BRT_POWER_001,2026-03-01T22:36:00+00:00,36.83406345484377,kW,GOOD,SYNTHETIC_ML_DATASET,NORMAL,0
BRT,BRT_PRESS_001,2026-03-01T22:36:00+00:00,982.6371075270996,hPa,GOOD,SYNTHETIC_ML_DATASET,NORMAL,0
BRT,BRT_TEMP_001,2026-03-01T22:36:00+00:00,-13.167392113649218,C,GOOD,SYNTHETIC_ML_DATASET,NORMAL,0
BRT,BRT_VIB_001,2026-03-01T22:36:00+00:00,0.6598341490072439,mm/s,GOOD,SYNTHETIC_ML_DATASET,NORMAL,0
BRT,BRT_HUM_001,2026-03-01T22:37:00+00:00,52.32632886944602,%,GOOD,SYNTHETIC_ML_DATASET,NORMAL,0
BRT,BRT_POWER_001,2026-03-01T22:37:00+00:00,36.21044135818244,kW,GOOD,SYNTHETIC_ML_DATASET,NORMAL,0
BRT,BRT_PRESS_001,2026-03-01T22:37:00+00:00,982.7330269298287,hPa,GOOD,SYNTHETIC_ML_DATASET,NORMAL,0
BRT,BRT_TEMP_001,2026-03-01T22:37:00+00:00,-13.237592184316872,C,GOOD,SYNTHETIC_ML_DATASET,NORMAL,0
BRT,BRT_VIB_001,2026-03-01T22:37:00+00:00,0.654148247712563,mm/s,GOOD,SYNTHETIC_ML_DATASET,NORMAL,0
BRT,BRT_HUM_001,2026-03-01T22:38:00+00:00,52.797145458066744,%,GOOD,SYNTHETIC_ML_DATASET,NORMAL,0
BRT,BRT_POWER_001,2026-03-01T22:38:00+00:00,36.74543802840649,kW,GOOD,SYNTHETIC_ML_DATASET,NORMAL,0
BRT,BRT_PRESS_001,2026-03-01T22:38:00+00:00,982.8607057214706,hPa,GOOD,SYNTHETIC_ML_DATASET,NORMAL,0
BRT,BRT_TEMP_001,2026-03-01T22:38:00+00:00,-13.356220790358469,C,GOOD,SYNTHETIC_ML_DATASET,NORMAL,0
BRT,BRT_VIB_001,2026-03-01T22:38:00+00:00,0.6649594232104753,mm/s,GOOD,SYNTHETIC_ML_DATASET,NORMAL,0
BRT,BRT_HUM_001,2026-03-01T22:39:00+00:00,52.493174002207574,%,GOOD,SYNTHETIC_ML_DATASET,NORMAL,0
BRT,BRT_POWER_001,2026-03-01T22:39:00+00:00,36.14692146756674,kW,GOOD,SYNTHETIC_ML_DATASET,NORMAL,0
BRT,BRT_PRESS_001,2026-03-01T22:39:00+00:00,982.8830002411203,hPa,GOOD,SYNTHETIC_ML_DATASET,NORMAL,0
BRT,BRT_TEMP_001,2026-03-01T22:39:00+00:00,-13.279671124355085,C,GOOD,SYNTHETIC_ML_DATASET,NORMAL,0
BRT,BRT_VIB_001,2026-03-01T22:39:00+00:00,0.6587288835165582,mm/s,GOOD,SYNTHETIC_ML_DATASET,NORMAL,0
BRT,BRT_HUM_001,2026-03-01T22:40:00+00:00,51.65450539777484,%,GOOD,SYNTHETIC_ML_DATASET,NORMAL,0
BRT,BRT_POWER_001,2026-03-01T22:40:00+00:00,36.34984264309509,kW,GOOD,SYNTHETIC_ML_DATASET,NORMAL,0
BRT,BRT_PRESS_001,2026-03-01T22:40:00+00:00,982.8817431420078,hPa,GOOD,SYNTHETIC_ML_DATASET,NORMAL,0
BRT,BRT_TEMP_001,2026-03-01T22:40:00+00:00,-13.359188744302639,C,GOOD,SYNTHETIC_ML_DATASET,NORMAL,0
BRT,BRT_VIB_001,2026-03-01T22:40:00+00:00,0.6378394133263073,mm/s,GOOD,SYNTHETIC_ML_DATASET,NORMAL,0
BRT,BRT_HUM_001,2026-03-01T22:41:00+00:00,52.13802682481322,%,GOOD,SYNTHETIC_ML_DATASET,NORMAL,0
BRT,BRT_POWER_001,2026-03-01T22:41:00+00:00,35.946798314170174,kW,GOOD,SYNTHETIC_ML_DATASET,NORMAL,0
BRT,BRT_PRESS_001,2026-03-01T22:41:00+00:00,982.810609850826,hPa,GOOD,SYNTHETIC_ML_DATASET,NORMAL,0
BRT,BRT_TEMP_001,2026-03-01T22:41:00+00:00,-13.521810268526906,C,GOOD,SYNTHETIC_ML_DATASET,NORMAL,0
BRT,BRT_VIB_001,2026-03-01T22:41:00+00:00,0.6786592337048958,mm/s,GOOD,SYNTHETIC_ML_DATASET,NORMAL,0
BRT,BRT_HUM_001,2026-03-01T22:42:00+00:00,52.13956531724763,%,GOOD,SYNTHETIC_ML_DATASET,NORMAL,0
BRT,BRT_POWER_001,2026-03-01T22:42:00+00:00,36.37926402167725,kW,GOOD,SYNTHETIC_ML_DATASET,NORMAL,0
BRT,BRT_PRESS_001,2026-03-01T22:42:00+00:00,982.7519744285486,hPa,GOOD,SYNTHETIC_ML_DATASET,NORMAL,0
BRT,BRT_TEMP_001,2026-03-01T22:42:00+00:00,-13.443848137243732,C,GOOD,SYNTHETIC_ML_DATASET,NORMAL,0
BRT,BRT_VIB_001,2026-03-01T22:42:00+00:00,0.6636536213465034,mm/s,GOOD,SYNTHETIC_ML_DATASET,NORMAL,0
BRT,BRT_HUM_001,2026-03-01T22:43:00+00:00,51.61073889748182,%,GOOD,SYNTHETIC_ML_DATASET,NORMAL,0
BRT,BRT_POWER_001,2026-03-01T22:43:00+00:00,35.80462158304601,kW,GOOD,SYNTHETIC_ML_DATASET,NORMAL,0
BRT,BRT_PRESS_001,2026-03-01T22:43:00+00:00,982.7321292337489,hPa,GOOD,SYNTHETIC_ML_DATASET,NORMAL,0
BRT,BRT_TEMP_001,2026-03-01T22:43:00+00:00,-13.492521874920797,C,GOOD,SYNTHETIC_ML_DATASET,NORMAL,0
BRT,BRT_VIB_001,2026-03-01T22:43:00+00:00,0.662134502424309,mm/s,GOOD,SYNTHETIC_ML_DATASET,NORMAL,0
BRT,BRT_HUM_001,2026-03-01T22:44:00+00:00,51.4793612261235,%,GOOD,SYNTHETIC_ML_DATASET,NORMAL,0
BRT,BRT_POWER_001,2026-03-01T22:44:00+00:00,36.15105888031237,kW,GOOD,SYNTHETIC_ML_DATASET,NORMAL,0
BRT,BRT_PRESS_001,2026-03-01T22:44:00+00:00,982.8306199167514,hPa,GOOD,SYNTHETIC_ML_DATASET,NORMAL,0
BRT,BRT_TEMP_001,2026-03-01T22:44:00+00:00,-13.391309350988454,C,GOOD,SYNTHETIC_ML_DATASET,NORMAL,0
BRT,BRT_VIB_001,2026-03-01T22:44:00+00:00,0.6576007932030051,mm/s,GOOD,SYNTHETIC_ML_DATASET,NORMAL,0
BRT,BRT_HUM_001,2026-03-01T22:45:00+00:00,51.48463007571211,%,GOOD,SYNTHETIC_ML_DATASET,NORMAL,0
BRT,BRT_POWER_001,2026-03-01T22:45:00+00:00,35.88526207529986,kW,GOOD,SYNTHETIC_ML_DATASET,NORMAL,0
BRT,BRT_PRESS_001,2026-03-01T22:45:00+00:00,982.7424417851641,hPa,GOOD,SYNTHETIC_ML_DATASET,NORMAL,0
BRT,BRT_TEMP_001,2026-03-01T22:45:00+00:00,-13.54963402580233,C,GOOD,SYNTHETIC_ML_DATASET,NORMAL,0
BRT,BRT_VIB_001,2026-03-01T22:45:00+00:00,0.656872290997651,mm/s,GOOD,SYNTHETIC_ML_DATASET,NORMAL,0
BRT,BRT_HUM_001,2026-03-01T22:46:00+00:00,52.1792202935911,%,GOOD,SYNTHETIC_ML_DATASET,NORMAL,0
BRT,BRT_POWER_001,2026-03-01T22:46:00+00:00,36.66449331531476,kW,GOOD,SYNTHETIC_ML_DATASET,NORMAL,0
BRT,BRT_PRESS_001,2026-03-01T22:46:00+00:00,982.7641103922986,hPa,GOOD,SYNTHETIC_ML_DATASET,NORMAL,0
BRT,BRT_TEMP_001,2026-03-01T22:46:00+00:00,-13.52549539042503,C,GOOD,SYNTHETIC_ML_DATASET,NORMAL,0
BRT,BRT_VIB_001,2026-03-01T22:46:00+00:00,0.6505757142501419,mm/s,GOOD,SYNTHETIC_ML_DATASET,NORMAL,0
BRT,BRT_HUM_001,2026-03-01T22:47:00+00:00,51.6930279127181,%,GOOD,SYNTHETIC_ML_DATASET,NORMAL,0
BRT,BRT_POWER_001,2026-03-01T22:47:00+00:00,35.50422357416133,kW,GOOD,SYNTHETIC_ML_DATASET,NORMAL,0
BRT,BRT_PRESS_001,2026-03-01T22:47:00+00:00,982.8583428219405,hPa,GOOD,SYNTHETIC_ML_DATASET,NORMAL,0
BRT,BRT_TEMP_001,2026-03-01T22:47:00+00:00,-13.43481820537906,C,GOOD,SYNTHETIC_ML_DATASET,NORMAL,0
BRT,BRT_VIB_001,2026-03-01T22:47:00+00:00,0.6653452732991897,mm/s,GOOD,SYNTHETIC_ML_DATASET,NORMAL,0
BRT,BRT_HUM_001,2026-03-01T22:48:00+00:00,52.460964034614165,%,GOOD,SYNTHETIC_ML_DATASET,NORMAL,0
BRT,BRT_POWER_001,2026-03-01T22:48:00+00:00,35.759487945174776,kW,GOOD,SYNTHETIC_ML_DATASET,NORMAL,0
BRT,BRT_PRESS_001,2026-03-01T22:48:00+00:00,982.8851734204156,hPa,GOOD,SYNTHETIC_ML_DATASET,NORMAL,0
BRT,BRT_TEMP_001,2026-03-01T22:48:00+00:00,-13.262112497598066,C,GOOD,SYNTHETIC_ML_DATASET,NORMAL,0
BRT,BRT_VIB_001,2026-03-01T22:48:00+00:00,0.6160965966399933,mm/s,GOOD,SYNTHETIC_ML_DATASET,NORMAL,0
BRT,BRT_HUM_001,2026-03-01T22:49:00+00:00,52.239659786264056,%,GOOD,SYNTHETIC_ML_DATASET,NORMAL,0
BRT,BRT_POWER_001,2026-03-01T22:49:00+00:00,35.3416296739444,kW,GOOD,SYNTHETIC_ML_DATASET,NORMAL,0
BRT,BRT_PRESS_001,2026-03-01T22:49:00+00:00,982.9284886166562,hPa,GOOD,SYNTHETIC_ML_DATASET,NORMAL,0
BRT,BRT_TEMP_001,2026-03-01T22:49:00+00:00,-13.200425552679382,C,GOOD,SYNTHETIC_ML_DATASET,NORMAL,0
BRT,BRT_VIB_001,2026-03-01T22:49:00+00:00,0.6359706788536884,mm/s,GOOD,SYNTHETIC_ML_DATASET,NORMAL,0
BRT,BRT_HUM_001,2026-03-01T22:50:00+00:00,52.17830710184696,%,GOOD,SYNTHETIC_ML_DATASET,NORMAL,0
BRT,BRT_POWER_001,2026-03-01T22:50:00+00:00,34.831478656586484,kW,GOOD,SYNTHETIC_ML_DATASET,NORMAL,0
BRT,BRT_PRESS_001,2026-03-01T22:50:00+00:00,982.8657397774158,hPa,GOOD,SYNTHETIC_ML_DATASET,NORMAL,0
BRT,BRT_TEMP_001,2026-03-01T22:50:00+00:00,-13.393989710507617,C,GOOD,SYNTHETIC_ML_DATASET,NORMAL,0
BRT,BRT_VIB_001,2026-03-01T22:50:00+00:00,0.6346251674305508,mm/s,GOOD,SYNTHETIC_ML_DATASET,NORMAL,0
BRT,BRT_HUM_001,2026-03-01T22:51:00+00:00,51.57173265038219,%,GOOD,SYNTHETIC_ML_DATASET,NORMAL,0
BRT,BRT_POWER_001,2026-03-01T22:51:00+00:00,34.97010242289186,kW,GOOD,SYNTHETIC_ML_DATASET,NORMAL,0
BRT,BRT_PRESS_001,2026-03-01T22:51:00+00:00,982.6921016591972,hPa,GOOD,SYNTHETIC_ML_DATASET,NORMAL,0
BRT,BRT_TEMP_001,2026-03-01T22:51:00+00:00,-13.453149194635365,C,GOOD,SYNTHETIC_ML_DATASET,NORMAL,0
BRT,BRT_VIB_001,2026-03-01T22:51:00+00:00,0.6162859357266081,mm/s,GOOD,SYNTHETIC_ML_DATASET,NORMAL,0
BRT,BRT_HUM_001,2026-03-01T22:52:00+00:00,51.978183947642385,%,GOOD,SYNTHETIC_ML_DATASET,NORMAL,0
BRT,BRT_POWER_001,2026-03-01T22:52:00+00:00,35.40351863610438,kW,GOOD,SYNTHETIC_ML_DATASET,NORMAL,0
BRT,BRT_PRESS_001,2026-03-01T22:52:00+00:00,982.6864415071451,hPa,GOOD,SYNTHETIC_ML_DATASET,NORMAL,0
BRT,BRT_TEMP_001,2026-03-01T22:52:00+00:00,-13.413231143114949,C,GOOD,SYNTHETIC_ML_DATASET,NORMAL,0
BRT,BRT_VIB_001,2026-03-01T22:52:00+00:00,0.6212106184868802,mm/s,GOOD,SYNTHETIC_ML_DATASET,NORMAL,0
BRT,BRT_HUM_001,2026-03-01T22:53:00+00:00,53.2555767417528,%,GOOD,SYNTHETIC_ML_DATASET,NORMAL,0
BRT,BRT_POWER_001,2026-03-01T22:53:00+00:00,35.242376726687986,kW,GOOD,SYNTHETIC_ML_DATASET,NORMAL,0
BRT,BRT_PRESS_001,2026-03-01T22:53:00+00:00,982.7267878290373,hPa,GOOD,SYNTHETIC_ML_DATASET,NORMAL,0
BRT,BRT_TEMP_001,2026-03-01T22:53:00+00:00,-13.473749768710151,C,GOOD,SYNTHETIC_ML_DATASET,NORMAL,0
BRT,BRT_VIB_001,2026-03-01T22:53:00+00:00,0.6273831713893642,mm/s,GOOD,SYNTHETIC_ML_DATASET,NORMAL,0
BRT,BRT_HUM_001,2026-03-01T22:54:00+00:00,53.55814390226361,%,GOOD,SYNTHETIC_ML_DATASET,NORMAL,0
BRT,BRT_POWER_001,2026-03-01T22:54:00+00:00,35.5401981161211,kW,GOOD,SYNTHETIC_ML_DATASET,NORMAL,0
BRT,BRT_PRESS_001,2026-03-01T22:54:00+00:00,982.6079761030262,hPa,GOOD,SYNTHETIC_ML_DATASET,NORMAL,0
BRT,BRT_TEMP_001,2026-03-01T22:54:00+00:00,-13.409784692827152,C,GOOD,SYNTHETIC_ML_DATASET,NORMAL,0
BRT,BRT_VIB_001,2026-03-01T22:54:00+00:00,0.6422405863806891,mm/s,GOOD,SYNTHETIC_ML_DATASET,NORMAL,0
BRT,BRT_HUM_001,2026-03-01T22:55:00+00:00,53.61272904879138,%,GOOD,SYNTHETIC_ML_DATASET,NORMAL,0
BRT,BRT_POWER_001,2026-03-01T22:55:00+00:00,35.71616820475171,kW,GOOD,SYNTHETIC_ML_DATASET,NORMAL,0
BRT,BRT_PRESS_001,2026-03-01T22:55:00+00:00,982.7419781219164,hPa,GOOD,SYNTHETIC_ML_DATASET,NORMAL,0
BRT,BRT_TEMP_001,2026-03-01T22:55:00+00:00,-13.43089893947357,C,GOOD,SYNTHETIC_ML_DATASET,NORMAL,0
BRT,BRT_VIB_001,2026-03-01T22:55:00+00:00,0.6400151652299798,mm/s,GOOD,SYNTHETIC_ML_DATASET,NORMAL,0
BRT,BRT_HUM_001,2026-03-01T22:56:00+00:00,53.10514543830226,%,GOOD,SYNTHETIC_ML_DATASET,NORMAL,0
BRT,BRT_POWER_001,2026-03-01T22:56:00+00:00,34.996268092410034,kW,GOOD,SYNTHETIC_ML_DATASET,NORMAL,0
BRT,BRT_PRESS_001,2026-03-01T22:56:00+00:00,982.5836806076672,hPa,GOOD,SYNTHETIC_ML_DATASET,NORMAL,0
BRT,BRT_TEMP_001,2026-03-01T22:56:00+00:00,-13.241468785713593,C,GOOD,SYNTHETIC_ML_DATASET,NORMAL,0
BRT,BRT_VIB_001,2026-03-01T22:56:00+00:00,0.6549834617588441,mm/s,GOOD,SYNTHETIC_ML_DATASET,NORMAL,0
BRT,BRT_HUM_001,2026-03-01T22:57:00+00:00,52.43999064700216,%,GOOD,SYNTHETIC_ML_DATASET,NORMAL,0
BRT,BRT_POWER_001,2026-03-01T22:57:00+00:00,34.72048510143929,kW,GOOD,SYNTHETIC_ML_DATASET,NORMAL,0
BRT,BRT_PRESS_001,2026-03-01T22:57:00+00:00,982.6896580816302,hPa,GOOD,SYNTHETIC_ML_DATASET,NORMAL,0
BRT,BRT_TEMP_001,2026-03-01T22:57:00+00:00,-13.312736182439322,C,GOOD,SYNTHETIC_ML_DATASET,NORMAL,0
BRT,BRT_VIB_001,2026-03-01T22:57:00+00:00,0.6714831640816046,mm/s,GOOD,SYNTHETIC_ML_DATASET,NORMAL,0
BRT,BRT_HUM_001,2026-03-01T22:58:00+00:00,52.54825800214572,%,GOOD,SYNTHETIC_ML_DATASET,NORMAL,0
BRT,BRT_POWER_001,2026-03-01T22:58:00+00:00,35.01570444069695,kW,GOOD,SYNTHETIC_ML_DATASET,NORMAL,0
BRT,BRT_PRESS_001,2026-03-01T22:58:00+00:00,982.4395951241142,hPa,GOOD,SYNTHETIC_ML_DATASET,NORMAL,0
BRT,BRT_TEMP_001,2026-03-01T22:58:00+00:00,-13.34921729607763,C,GOOD,SYNTHETIC_ML_DATASET,NORMAL,0
BRT,BRT_VIB_001,2026-03-01T22:58:00+00:00,0.6589990783831892,mm/s,GOOD,SYNTHETIC_ML_DATASET,NORMAL,0
BRT,BRT_HUM_001,2026-03-01T22:59:00+00:00,52.77373707962244,%,GOOD,SYNTHETIC_ML_DATASET,NORMAL,0
BRT,BRT_POWER_001,2026-03-01T22:59:00+00:00,34.88818782077489,kW,GOOD,SYNTHETIC_ML_DATASET,NORMAL,0
BRT,BRT_PRESS_001,2026-03-01T22:59:00+00:00,982.528566762336,hPa,GOOD,SYNTHETIC_ML_DATASET,NORMAL,0
BRT,BRT_TEMP_001,2026-03-01T22:59:00+00:00,-13.130169040487791,C,GOOD,SYNTHETIC_ML_DATASET,NORMAL,0
BRT,BRT_VIB_001,2026-03-01T22:59:00+00:00,0.672907984660759,mm/s,GOOD,SYNTHETIC_ML_DATASET,NORMAL,0
BRT,BRT_HUM_001,2026-03-01T23:00:00+00:00,52.58208720847079,%,GOOD,SYNTHETIC_ML_DATASET,NORMAL,0
BRT,BRT_POWER_001,2026-03-01T23:00:00+00:00,34.745173492553654,kW,GOOD,SYNTHETIC_ML_DATASET,NORMAL,0
BRT,BRT_PRESS_001,2026-03-01T23:00:00+00:00,982.7130407852869,hPa,GOOD,SYNTHETIC_ML_DATASET,NORMAL,0
BRT,BRT_TEMP_001,2026-03-01T23:00:00+00:00,-12.95838452060685,C,GOOD,SYNTHETIC_ML_DATASET,NORMAL,0
BRT,BRT_VIB_001,2026-03-01T23:00:00+00:00,0.6921070435250427,mm/s,GOOD,SYNTHETIC_ML_DATASET,NORMAL,0
BRT,BRT_HUM_001,2026-03-01T23:01:00+00:00,52.63088351077164,%,GOOD,SYNTHETIC_ML_DATASET,NORMAL,0
BRT,BRT_POWER_001,2026-03-01T23:01:00+00:00,34.99518939835981,kW,GOOD,SYNTHETIC_ML_DATASET,NORMAL,0
BRT,BRT_PRESS_001,2026-03-01T23:01:00+00:00,982.6561810021251,hPa,GOOD,SYNTHETIC_ML_DATASET,NORMAL,0
BRT,BRT_TEMP_001,2026-03-01T23:01:00+00:00,-13.215924322427176,C,GOOD,SYNTHETIC_ML_DATASET,NORMAL,0
BRT,BRT_VIB_001,2026-03-01T23:01:00+00:00,0.642356410078052,mm/s,GOOD,SYNTHETIC_ML_DATASET,NORMAL,0
BRT,BRT_HUM_001,2026-03-01T23:02:00+00:00,52.686951411504594,%,GOOD,SYNTHETIC_ML_DATASET,NORMAL,0
BRT,BRT_POWER_001,2026-03-01T23:02:00+00:00,35.30661431840749,kW,GOOD,SYNTHETIC_ML_DATASET,NORMAL,0
BRT,BRT_PRESS_001,2026-03-01T23:02:00+00:00,982.7197402306244,hPa,GOOD,SYNTHETIC_ML_DATASET,NORMAL,0
BRT,BRT_TEMP_001,2026-03-01T23:02:00+00:00,-13.065885157028509,C,GOOD,SYNTHETIC_ML_DATASET,NORMAL,0
BRT,BRT_VIB_001,2026-03-01T23:02:00+00:00,0.6683846707844542,mm/s,GOOD,SYNTHETIC_ML_DATASET,NORMAL,0
BRT,BRT_HUM_001,2026-03-01T23:03:00+00:00,52.50688985521559,%,GOOD,SYNTHETIC_ML_DATASET,NORMAL,0
BRT,BRT_POWER_001,2026-03-01T23:03:00+00:00,35.31514615423589,kW,GOOD,SYNTHETIC_ML_DATASET,NORMAL,0
BRT,BRT_PRESS_001,2026-03-01T23:03:00+00:00,982.7732769677921,hPa,GOOD,SYNTHETIC_ML_DATASET,NORMAL,0
BRT,BRT_TEMP_001,2026-03-01T23:03:00+00:00,-13.328764970350464,C,GOOD,SYNTHETIC_ML_DATASET,NORMAL,0
BRT,BRT_VIB_001,2026-03-01T23:03:00+00:00,0.656459161196921,mm/s,GOOD,SYNTHETIC_ML_DATASET,NORMAL,0
BRT,BRT_HUM_001,2026-03-01T23:04:00+00:00,52.494430867305624,%,GOOD,SYNTHETIC_ML_DATASET,NORMAL,0
BRT,BRT_POWER_001,2026-03-01T23:04:00+00:00,35.1732485136516,kW,GOOD,SYNTHETIC_ML_DATASET,NORMAL,0
BRT,BRT_PRESS_001,2026-03-01T23:04:00+00:00,982.7167467931725,hPa,GOOD,SYNTHETIC_ML_DATASET,NORMAL,0
BRT,BRT_TEMP_001,2026-03-01T23:04:00+00:00,-13.407827548009198,C,GOOD,SYNTHETIC_ML_DATASET,NORMAL,0
BRT,BRT_VIB_001,2026-03-01T23:04:00+00:00,0.6589195613849195,mm/s,GOOD,SYNTHETIC_ML_DATASET,NORMAL,0
BRT,BRT_HUM_001,2026-03-01T23:05:00+00:00,52.624011550535705,%,GOOD,SYNTHETIC_ML_DATASET,NORMAL,0
BRT,BRT_POWER_001,2026-03-01T23:05:00+00:00,35.262465094859444,kW,GOOD,SYNTHETIC_ML_DATASET,NORMAL,0
BRT,BRT_PRESS_001,2026-03-01T23:05:00+00:00,982.7125082744394,hPa,GOOD,SYNTHETIC_ML_DATASET,NORMAL,0
BRT,BRT_TEMP_001,2026-03-01T23:05:00+00:00,-13.314090642923544,C,GOOD,SYNTHETIC_ML_DATASET,NORMAL,0
BRT,BRT_VIB_001,2026-03-01T23:05:00+00:00,0.64048363906311,mm/s,GOOD,SYNTHETIC_ML_DATASET,NORMAL,0
BRT,BRT_HUM_001,2026-03-01T23:06:00+00:00,51.688213756514344,%,GOOD,SYNTHETIC_ML_DATASET,NORMAL,0
BRT,BRT_POWER_001,2026-03-01T23:06:00+00:00,35.27554357591785,kW,GOOD,SYNTHETIC_ML_DATASET,NORMAL,0
BRT,BRT_PRESS_001,2026-03-01T23:06:00+00:00,982.7355957932303,hPa,GOOD,SYNTHETIC_ML_DATASET,NORMAL,0
BRT,BRT_TEMP_001,2026-03-01T23:06:00+00:00,-13.211026236775073,C,GOOD,SYNTHETIC_ML_DATASET,NORMAL,0
BRT,BRT_VIB_001,2026-03-01T23:06:00+00:00,0.6471412039386664,mm/s,GOOD,SYNTHETIC_ML_DATASET,NORMAL,0
BRT,BRT_HUM_001,2026-03-01T23:07:00+00:00,51.89460583510959,%,GOOD,SYNTHETIC_ML_DATASET,NORMAL,0
BRT,BRT_POWER_001,2026-03-01T23:07:00+00:00,35.67082105993479,kW,GOOD,SYNTHETIC_ML_DATASET,NORMAL,0
BRT,BRT_PRESS_001,2026-03-01T23:07:00+00:00,982.7322520825229,hPa,GOOD,SYNTHETIC_ML_DATASET,NORMAL,0
BRT,BRT_TEMP_001,2026-03-01T23:07:00+00:00,-13.334178333026887,C,GOOD,SYNTHETIC_ML_DATASET,NORMAL,0
BRT,BRT_VIB_001,2026-03-01T23:07:00+00:00,0.6557425922441663,mm/s,GOOD,SYNTHETIC_ML_DATASET,NORMAL,0
BRT,BRT_HUM_001,2026-03-01T23:08:00+00:00,52.427552755011746,%,GOOD,SYNTHETIC_ML_DATASET,NORMAL,0
BRT,BRT_POWER_001,2026-03-01T23:08:00+00:00,35.4564687655009,kW,GOOD,SYNTHETIC_ML_DATASET,NORMAL,0
BRT,BRT_PRESS_001,2026-03-01T23:08:00+00:00,982.784131406834,hPa,GOOD,SYNTHETIC_ML_DATASET,NORMAL,0
BRT,BRT_TEMP_001,2026-03-01T23:08:00+00:00,-13.377358998553769,C,GOOD,SYNTHETIC_ML_DATASET,NORMAL,0
BRT,BRT_VIB_001,2026-03-01T23:08:00+00:00,0.6582840019451631,mm/s,GOOD,SYNTHETIC_ML_DATASET,NORMAL,0
BRT,BRT_HUM_001,2026-03-01T23:09:00+00:00,52.72645745189716,%,GOOD,SYNTHETIC_ML_DATASET,NORMAL,0
BRT,BRT_POWER_001,2026-03-01T23:09:00+00:00,35.482152739092754,kW,GOOD,SYNTHETIC_ML_DATASET,NORMAL,0
BRT,BRT_PRESS_001,2026-03-01T23:09:00+00:00,982.7128059826047,hPa,GOOD,SYNTHETIC_ML_DATASET,NORMAL,0
BRT,BRT_TEMP_001,2026-03-01T23:09:00+00:00,-13.3189612141929,C,GOOD,SYNTHETIC_ML_DATASET,NORMAL,0
BRT,BRT_VIB_001,2026-03-01T23:09:00+00:00,0.6527845978627905,mm/s,GOOD,SYNTHETIC_ML_DATASET,NORMAL,0
BRT,BRT_HUM_001,2026-03-01T23:10:00+00:00,53.366717923484075,%,GOOD,SYNTHETIC_ML_DATASET,NORMAL,0
BRT,BRT_POWER_001,2026-03-01T23:10:00+00:00,35.49655850878517,kW,GOOD,SYNTHETIC_ML_DATASET,NORMAL,0
BRT,BRT_PRESS_001,2026-03-01T23:10:00+00:00,982.9754764534323,hPa,GOOD,SYNTHETIC_ML_DATASET,NORMAL,0
BRT,BRT_TEMP_001,2026-03-01T23:10:00+00:00,-13.400173548725364,C,GOOD,SYNTHETIC_ML_DATASET,NORMAL,0
BRT,BRT_VIB_001,2026-03-01T23:10:00+00:00,0.676878306079236,mm/s,GOOD,SYNTHETIC_ML_DATASET,NORMAL,0
BRT,BRT_HUM_001,2026-03-01T23:11:00+00:00,52.9407665481981,%,GOOD,SYNTHETIC_ML_DATASET,NORMAL,0
BRT,BRT_POWER_001,2026-03-01T23:11:00+00:00,36.11403176088889,kW,GOOD,SYNTHETIC_ML_DATASET,NORMAL,0
BRT,BRT_PRESS_001,2026-03-01T23:11:00+00:00,982.9612536027537,hPa,GOOD,SYNTHETIC_ML_DATASET,NORMAL,0
BRT,BRT_TEMP_001,2026-03-01T23:11:00+00:00,-13.2851945774736,C,GOOD,SYNTHETIC_ML_DATASET,NORMAL,0
BRT,BRT_VIB_001,2026-03-01T23:11:00+00:00,0.6624580303327227,mm/s,GOOD,SYNTHETIC_ML_DATASET,NORMAL,0
BRT,BRT_HUM_001,2026-03-01T23:12:00+00:00,53.41010706979174,%,GOOD,SYNTHETIC_ML_DATASET,NORMAL,0
BRT,BRT_POWER_001,2026-03-01T23:12:00+00:00,36.083110518044485,kW,GOOD,SYNTHETIC_ML_DATASET,NORMAL,0
BRT,BRT_PRESS_001,2026-03-01T23:12:00+00:00,982.7739933401233,hPa,GOOD,SYNTHETIC_ML_DATASET,NORMAL,0
BRT,BRT_TEMP_001,2026-03-01T23:12:00+00:00,-13.199048648560522,C,GOOD,SYNTHETIC_ML_DATASET,NORMAL,0
BRT,BRT_VIB_001,2026-03-01T23:12:00+00:00,0.681227777627688,mm/s,GOOD,SYNTHETIC_ML_DATASET,NORMAL,0
BRT,BRT_HUM_001,2026-03-01T23:13:00+00:00,53.46805428385185,%,GOOD,SYNTHETIC_ML_DATASET,NORMAL,0
BRT,BRT_POWER_001,2026-03-01T23:13:00+00:00,36.17779136099551,kW,GOOD,SYNTHETIC_ML_DATASET,NORMAL,0
BRT,BRT_PRESS_001,2026-03-01T23:13:00+00:00,982.9606874640588,hPa,GOOD,SYNTHETIC_ML_DATASET,NORMAL,0
BRT,BRT_TEMP_001,2026-03-01T23:13:00+00:00,-13.13903122109779,C,GOOD,SYNTHETIC_ML_DATASET,NORMAL,0
BRT,BRT_VIB_001,2026-03-01T23:13:00+00:00,0.6649261882095961,mm/s,GOOD,SYNTHETIC_ML_DATASET,NORMAL,0
BRT,BRT_HUM_001,2026-03-01T23:14:00+00:00,53.31978738310074,%,GOOD,SYNTHETIC_ML_DATASET,NORMAL,0
BRT,BRT_POWER_001,2026-03-01T23:14:00+00:00,36.340163287264254,kW,GOOD,SYNTHETIC_ML_DATASET,NORMAL,0
BRT,BRT_PRESS_001,2026-03-01T23:14:00+00:00,982.8091734089716,hPa,GOOD,SYNTHETIC_ML_DATASET,NORMAL,0
BRT,BRT_TEMP_001,2026-03-01T23:14:00+00:00,-13.10090906483875,C,GOOD,SYNTHETIC_ML_DATASET,NORMAL,0
BRT,BRT_VIB_001,2026-03-01T23:14:00+00:00,0.6510845839925631,mm/s,GOOD,SYNTHETIC_ML_DATASET,NORMAL,0
BRT,BRT_HUM_001,2026-03-01T23:15:00+00:00,52.78317549241751,%,GOOD,SYNTHETIC_ML_DATASET,NORMAL,0
BRT,BRT_POWER_001,2026-03-01T23:15:00+00:00,36.43545459762601,kW,GOOD,SYNTHETIC_ML_DATASET,NORMAL,0
BRT,BRT_PRESS_001,2026-03-01T23:15:00+00:00,982.7828796085186,hPa,GOOD,SYNTHETIC_ML_DATASET,NORMAL,0
BRT,BRT_TEMP_001,2026-03-01T23:15:00+00:00,-12.872396220642955,C,GOOD,SYNTHETIC_ML_DATASET,NORMAL,0
BRT,BRT_VIB_001,2026-03-01T23:15:00+00:00,0.682738640064109,mm/s,GOOD,SYNTHETIC_ML_DATASET,NORMAL,0
BRT,BRT_HUM_001,2026-03-01T23:16:00+00:00,53.39508329857145,%,GOOD,SYNTHETIC_ML_DATASET,NORMAL,0
BRT,BRT_POWER_001,2026-03-01T23:16:00+00:00,36.37535549369242,kW,GOOD,SYNTHETIC_ML_DATASET,NORMAL,0
BRT,BRT_PRESS_001,2026-03-01T23:16:00+00:00,982.826764869896,hPa,GOOD,SYNTHETIC_ML_DATASET,NORMAL,0
BRT,BRT_TEMP_001,2026-03-01T23:16:00+00:00,-12.929584890090675,C,GOOD,SYNTHETIC_ML_DATASET,NORMAL,0
BRT,BRT_VIB_001,2026-03-01T23:16:00+00:00,0.6775236077717706,mm/s,GOOD,SYNTHETIC_ML_DATASET,NORMAL,0
BRT,BRT_HUM_001,2026-03-01T23:17:00+00:00,52.5874880711444,%,GOOD,SYNTHETIC_ML_DATASET,NORMAL,0
BRT,BRT_POWER_001,2026-03-01T23:17:00+00:00,36.45668530815123,kW,GOOD,SYNTHETIC_ML_DATASET,NORMAL,0
BRT,BRT_PRESS_001,2026-03-01T23:17:00+00:00,982.8659429517606,hPa,GOOD,SYNTHETIC_ML_DATASET,NORMAL,0
BRT,BRT_TEMP_001,2026-03-01T23:17:00+00:00,-12.83623892761576,C,GOOD,SYNTHETIC_ML_DATASET,NORMAL,0
BRT,BRT_VIB_001,2026-03-01T23:17:00+00:00,0.6687998875423129,mm/s,GOOD,SYNTHETIC_ML_DATASET,NORMAL,0
BRT,BRT_HUM_001,2026-03-01T23:18:00+00:00,53.278505743676085,%,GOOD,SYNTHETIC_ML_DATASET,NORMAL,0
BRT,BRT_POWER_001,2026-03-01T23:18:00+00:00,36.735908019912,kW,GOOD,SYNTHETIC_ML_DATASET,NORMAL,0
BRT,BRT_PRESS_001,2026-03-01T23:18:00+00:00,982.9675378131612,hPa,GOOD,SYNTHETIC_ML_DATASET,NORMAL,0
BRT,BRT_TEMP_001,2026-03-01T23:18:00+00:00,-12.904978734644038,C,GOOD,SYNTHETIC_ML_DATASET,NORMAL,0
BRT,BRT_VIB_001,2026-03-01T23:18:00+00:00,0.6835423688229586,mm/s,GOOD,SYNTHETIC_ML_DATASET,NORMAL,0
BRT,BRT_HUM_001,2026-03-01T23:19:00+00:00,53.42334135889065,%,GOOD,SYNTHETIC_ML_DATASET,NORMAL,0
BRT,BRT_POWER_001,2026-03-01T23:19:00+00:00,37.207067872690665,kW,GOOD,SYNTHETIC_ML_DATASET,NORMAL,0
BRT,BRT_PRESS_001,2026-03-01T23:19:00+00:00,983.1076357274098,hPa,GOOD,SYNTHETIC_ML_DATASET,NORMAL,0
BRT,BRT_TEMP_001,2026-03-01T23:19:00+00:00,-12.85003641417025,C,GOOD,SYNTHETIC_ML_DATASET,NORMAL,0
BRT,BRT_VIB_001,2026-03-01T23:19:00+00:00,0.687249245711946,mm/s,GOOD,SYNTHETIC_ML_DATASET,NORMAL,0
BRT,BRT_HUM_001,2026-03-01T23:20:00+00:00,52.920908460632596,%,GOOD,SYNTHETIC_ML_DATASET,NORMAL,0
BRT,BRT_POWER_001,2026-03-01T23:20:00+00:00,36.74337745649455,kW,GOOD,SYNTHETIC_ML_DATASET,NORMAL,0
BRT,BRT_PRESS_001,2026-03-01T23:20:00+00:00,983.3194448434808,hPa,GOOD,SYNTHETIC_ML_DATASET,NORMAL,0
BRT,BRT_TEMP_001,2026-03-01T23:20:00+00:00,-12.593597196760518,C,GOOD,SYNTHETIC_ML_DATASET,NORMAL,0
BRT,BRT_VIB_001,2026-03-01T23:20:00+00:00,0.6757383197882203,mm/s,GOOD,SYNTHETIC_ML_DATASET,NORMAL,0
BRT,BRT_HUM_001,2026-03-01T23:21:00+00:00,53.37900062011627,%,GOOD,SYNTHETIC_ML_DATASET,NORMAL,0
BRT,BRT_POWER_001,2026-03-01T23:21:00+00:00,36.83961444169041,kW,GOOD,SYNTHETIC_ML_DATASET,NORMAL,0
BRT,BRT_PRESS_001,2026-03-01T23:21:00+00:00,983.2273472771764,hPa,GOOD,SYNTHETIC_ML_DATASET,NORMAL,0
BRT,BRT_TEMP_001,2026-03-01T23:21:00+00:00,-12.531788120031186,C,GOOD,SYNTHETIC_ML_DATASET,NORMAL,0
BRT,BRT_VIB_001,2026-03-01T23:21:00+00:00,0.6626325040003666,mm/s,GOOD,SYNTHETIC_ML_DATASET,NORMAL,0
BRT,BRT_HUM_001,2026-03-01T23:22:00+00:00,53.963249704367776,%,GOOD,SYNTHETIC_ML_DATASET,NORMAL,0
BRT,BRT_POWER_001,2026-03-01T23:22:00+00:00,37.68551229770623,kW,GOOD,SYNTHETIC_ML_DATASET,NORMAL,0
BRT,BRT_PRESS_001,2026-03-01T23:22:00+00:00,983.3713530752964,hPa,GOOD,SYNTHETIC_ML_DATASET,NORMAL,0
BRT,BRT_TEMP_001,2026-03-01T23:22:00+00:00,-12.66207573675922,C,GOOD,SYNTHETIC_ML_DATASET,NORMAL,0
BRT,BRT_VIB_001,2026-03-01T23:22:00+00:00,0.6918962911070603,mm/s,GOOD,SYNTHETIC_ML_DATASET,NORMAL,0
BRT,BRT_HUM_001,2026-03-01T23:23:00+00:00,54.02650570866374,%,GOOD,SYNTHETIC_ML_DATASET,NORMAL,0
BRT,BRT_POWER_001,2026-03-01T23:23:00+00:00,37.67879955540816,kW,GOOD,SYNTHETIC_ML_DATASET,NORMAL,0
BRT,BRT_PRESS_001,2026-03-01T23:23:00+00:00,983.2755689627148,hPa,GOOD,SYNTHETIC_ML_DATASET,NORMAL,0
BRT,BRT_TEMP_001,2026-03-01T23:23:00+00:00,-12.470283290453063,C,GOOD,SYNTHETIC_ML_DATASET,NORMAL,0
BRT,BRT_VIB_001,2026-03-01T23:23:00+00:00,0.6890320980533514,mm/s,GOOD,SYNTHETIC_ML_DATASET,NORMAL,0
BRT,BRT_HUM_001,2026-03-01T23:24:00+00:00,53.65448619085077,%,GOOD,SYNTHETIC_ML_DATASET,NORMAL,0
BRT,BRT_POWER_001,2026-03-01T23:24:00+00:00,37.30837056070396,kW,GOOD,SYNTHETIC_ML_DATASET,NORMAL,0
BRT,BRT_PRESS_001,2026-03-01T23:24:00+00:00,983.3749487297382,hPa,GOOD,SYNTHETIC_ML_DATASET,NORMAL,0
BRT,BRT_TEMP_001,2026-03-01T23:24:00+00:00,-12.738245363049877,C,GOOD,SYNTHETIC_ML_DATASET,NORMAL,0
BRT,BRT_VIB_001,2026-03-01T23:24:00+00:00,0.6835987993699866,mm/s,GOOD,SYNTHETIC_ML_DATASET,NORMAL,0
BRT,BRT_HUM_001,2026-03-01T23:25:00+00:00,54.33748292162932,%,GOOD,SYNTHETIC_ML_DATASET,NORMAL,0
BRT,BRT_POWER_001,2026-03-01T23:25:00+00:00,37.1140603694947,kW,GOOD,SYNTHETIC_ML_DATASET,NORMAL,0
BRT,BRT_PRESS_001,2026-03-01T23:25:00+00:00,983.4245302667013,hPa,GOOD,SYNTHETIC_ML_DATASET,NORMAL,0
BRT,BRT_TEMP_001,2026-03-01T23:25:00+00:00,-12.585236143741694,C,GOOD,SYNTHETIC_ML_DATASET,NORMAL,0
BRT,BRT_VIB_001,2026-03-01T23:25:00+00:00,0.6804802325932479,mm/s,GOOD,SYNTHETIC_ML_DATASET,NORMAL,0
BRT,BRT_HUM_001,2026-03-01T23:26:00+00:00,54.36723561409751,%,GOOD,SYNTHETIC_ML_DATASET,NORMAL,0
BRT,BRT_POWER_001,2026-03-01T23:26:00+00:00,37.51804977049963,kW,GOOD,SYNTHETIC_ML_DATASET,NORMAL,0
BRT,BRT_PRESS_001,2026-03-01T23:26:00+00:00,983.4257545263814,hPa,GOOD,SYNTHETIC_ML_DATASET,NORMAL,0
BRT,BRT_TEMP_001,2026-03-01T23:26:00+00:00,-12.298321717376655,C,GOOD,SYNTHETIC_ML_DATASET,NORMAL,0
BRT,BRT_VIB_001,2026-03-01T23:26:00+00:00,0.6562765127018354,mm/s,GOOD,SYNTHETIC_ML_DATASET,NORMAL,0
BRT,BRT_HUM_001,2026-03-01T23:27:00+00:00,53.540344818584444,%,GOOD,SYNTHETIC_ML_DATASET,NORMAL,0
BRT,BRT_POWER_001,2026-03-01T23:27:00+00:00,37.61944975596464,kW,GOOD,SYNTHETIC_ML_DATASET,NORMAL,0
BRT,BRT_PRESS_001,2026-03-01T23:27:00+00:00,983.4281526653396,hPa,GOOD,SYNTHETIC_ML_DATASET,NORMAL,0
BRT,BRT_TEMP_001,2026-03-01T23:27:00+00:00,-12.079047098556392,C,GOOD,SYNTHETIC_ML_DATASET,NORMAL,0
BRT,BRT_VIB_001,2026-03-01T23:27:00+00:00,0.6902096540120983,mm/s,GOOD,SYNTHETIC_ML_DATASET,NORMAL,0
BRT,BRT_HUM_001,2026-03-01T23:28:00+00:00,55.65162867598384,%,GOOD,SYNTHETIC_ML_DATASET,NORMAL,0
BRT,BRT_POWER_001,2026-03-01T23:28:00+00:00,38.098018502708925,kW,GOOD,SYNTHETIC_ML_DATASET,NORMAL,0
BRT,BRT_PRESS_001,2026-03-01T23:28:00+00:00,983.395906838532,hPa,GOOD,SYNTHETIC_ML_DATASET,NORMAL,0
BRT,BRT_TEMP_001,2026-03-01T23:28:00+00:00,-12.148234368387149,C,GOOD,SYNTHETIC_ML_DATASET,NORMAL,0
BRT,BRT_VIB_001,2026-03-01T23:28:00+00:00,0.6939107604887357,mm/s,GOOD,SYNTHETIC_ML_DATASET,NORMAL,0
BRT,BRT_HUM_001,2026-03-01T23:29:00+00:00,55.66428457941038,%,GOOD,SYNTHETIC_ML_DATASET,NORMAL,0
BRT,BRT_POWER_001,2026-03-01T23:29:00+00:00,38.19330842546693,kW,GOOD,SYNTHETIC_ML_DATASET,NORMAL,0
BRT,BRT_PRESS_001,2026-03-01T23:29:00+00:00,983.508031003266,hPa,GOOD,SYNTHETIC_ML_DATASET,NORMAL,0
BRT,BRT_TEMP_001,2026-03-01T23:29:00+00:00,-12.09966781491731,C,GOOD,SYNTHETIC_ML_DATASET,NORMAL,0
BRT,BRT_VIB_001,2026-03-01T23:29:00+00:00,0.7012665799559692,mm/s,GOOD,SYNTHETIC_ML_DATASET,NORMAL,0
BRT,BRT_HUM_001,2026-03-01T23:30:00+00:00,54.59013054373262,%,GOOD,SYNTHETIC_ML_DATASET,NORMAL,0
BRT,BRT_POWER_001,2026-03-01T23:30:00+00:00,38.296826120441686,kW,GOOD,SYNTHETIC_ML_DATASET,NORMAL,0
BRT,BRT_PRESS_001,2026-03-01T23:30:00+00:00,983.5224208022488,hPa,GOOD,SYNTHETIC_ML_DATASET,NORMAL,0
BRT,BRT_TEMP_001,2026-03-01T23:30:00+00:00,-12.309859664529691,C,GOOD,SYNTHETIC_ML_DATASET,NORMAL,0
BRT,BRT_VIB_001,2026-03-01T23:30:00+00:00,0.7236839220670825,mm/s,GOOD,SYNTHETIC_ML_DATASET,NORMAL,0
BRT,BRT_HUM_001,2026-03-01T23:31:00+00:00,55.74763909619243,%,GOOD,SYNTHETIC_ML_DATASET,NORMAL,0
BRT,BRT_POWER_001,2026-03-01T23:31:00+00:00,38.60420883404608,kW,GOOD,SYNTHETIC_ML_DATASET,NORMAL,0
BRT,BRT_PRESS_001,2026-03-01T23:31:00+00:00,983.4826114218473,hPa,GOOD,SYNTHETIC_ML_DATASET,NORMAL,0
BRT,BRT_TEMP_001,2026-03-01T23:31:00+00:00,-12.024335997992216,C,GOOD,SYNTHETIC_ML_DATASET,NORMAL,0
BRT,BRT_VIB_001,2026-03-01T23:31:00+00:00,0.7021383455731397,mm/s,GOOD,SYNTHETIC_ML_DATASET,NORMAL,0
BRT,BRT_HUM_001,2026-03-01T23:32:00+00:00,55.83993850265015,%,GOOD,SYNTHETIC_ML_DATASET,NORMAL,0
BRT,BRT_POWER_001,2026-03-01T23:32:00+00:00,38.9138989775694,kW,GOOD,SYNTHETIC_ML_DATASET,NORMAL,0
BRT,BRT_PRESS_001,2026-03-01T23:32:00+00:00,983.5479825278017,hPa,GOOD,SYNTHETIC_ML_DATASET,NORMAL,0
BRT,BRT_TEMP_001,2026-03-01T23:32:00+00:00,-11.896080883981492,C,GOOD,SYNTHETIC_ML_DATASET,NORMAL,0
BRT,BRT_VIB_001,2026-03-01T23:32:00+00:00,0.6961119494311754,mm/s,GOOD,SYNTHETIC_ML_DATASET,NORMAL,0
BRT,BRT_HUM_001,2026-03-01T23:33:00+00:00,55.27765972538888,%,GOOD,SYNTHETIC_ML_DATASET,NORMAL,0
BRT,BRT_POWER_001,2026-03-01T23:33:00+00:00,39.051418205004666,kW,GOOD,SYNTHETIC_ML_DATASET,NORMAL,0
BRT,BRT_PRESS_001,2026-03-01T23:33:00+00:00,983.5074420630602,hPa,GOOD,SYNTHETIC_ML_DATASET,NORMAL,0
BRT,BRT_TEMP_001,2026-03-01T23:33:00+00:00,-11.771017920167772,C,GOOD,SYNTHETIC_ML_DATASET,NORMAL,0
BRT,BRT_VIB_001,2026-03-01T23:33:00+00:00,0.7117685641436816,mm/s,GOOD,SYNTHETIC_ML_DATASET,NORMAL,0
BRT,BRT_HUM_001,2026-03-01T23:34:00+00:00,56.08982552261453,%,GOOD,SYNTHETIC_ML_DATASET,NORMAL,0
BRT,BRT_POWER_001,2026-03-01T23:34:00+00:00,38.295290341489824,kW,GOOD,SYNTHETIC_ML_DATASET,NORMAL,0
BRT,BRT_PRESS_001,2026-03-01T23:34:00+00:00,983.6760015229925,hPa,GOOD,SYNTHETIC_ML_DATASET,NORMAL,0
BRT,BRT_TEMP_001,2026-03-01T23:34:00+00:00,-11.66800188204315,C,GOOD,SYNTHETIC_ML_DATASET,NORMAL,0
BRT,BRT_VIB_001,2026-03-01T23:34:00+00:00,0.71432118220894,mm/s,GOOD,SYNTHETIC_ML_DATASET,NORMAL,0
BRT,BRT_HUM_001,2026-03-01T23:35:00+00:00,55.41535314972584,%,GOOD,SYNTHETIC_ML_DATASET,NORMAL,0
BRT,BRT_POWER_001,2026-03-01T23:35:00+00:00,38.87588957565535,kW,GOOD,SYNTHETIC_ML_DATASET,NORMAL,0
BRT,BRT_PRESS_001,2026-03-01T23:35:00+00:00,983.62243051689,hPa,GOOD,SYNTHETIC_ML_DATASET,NORMAL,0
BRT,BRT_TEMP_001,2026-03-01T23:35:00+00:00,-11.576424963906382,C,GOOD,SYNTHETIC_ML_DATASET,NORMAL,0
BRT,BRT_VIB_001,2026-03-01T23:35:00+00:00,0.7004975289697414,mm/s,GOOD,SYNTHETIC_ML_DATASET,NORMAL,0
BRT,BRT_HUM_001,2026-03-01T23:36:00+00:00,56.12547756641237,%,GOOD,SYNTHETIC_ML_DATASET,NORMAL,0
BRT,BRT_POWER_001,2026-03-01T23:36:00+00:00,38.652222446992525,kW,GOOD,SYNTHETIC_ML_DATASET,NORMAL,0
BRT,BRT_PRESS_001,2026-03-01T23:36:00+00:00,983.7226752537381,hPa,GOOD,SYNTHETIC_ML_DATASET,NORMAL,0
BRT,BRT_TEMP_001,2026-03-01T23:36:00+00:00,-11.30830357513973,C,GOOD,SYNTHETIC_ML_DATASET,NORMAL,0
BRT,BRT_VIB_001,2026-03-01T23:36:00+00:00,0.703075383391469,mm/s,GOOD,SYNTHETIC_ML_DATASET,NORMAL,0
BRT,BRT_HUM_001,2026-03-01T23:37:00+00:00,56.72203128391759,%,GOOD,SYNTHETIC_ML_DATASET,NORMAL,0
BRT,BRT_POWER_001,2026-03-01T23:37:00+00:00,39.034290974434874,kW,GOOD,SYNTHETIC_ML_DATASET,NORMAL,0
BRT,BRT_PRESS_001,2026-03-01T23:37:00+00:00,983.5674702932552,hPa,GOOD,SYNTHETIC_ML_DATASET,NORMAL,0
BRT,BRT_TEMP_001,2026-03-01T23:37:00+00:00,-11.082917252946508,C,GOOD,SYNTHETIC_ML_DATASET,NORMAL,0
BRT,BRT_VIB_001,2026-03-01T23:37:00+00:00,0.6918671597472157,mm/s,GOOD,SYNTHETIC_ML_DATASET,NORMAL,0
BRT,BRT_HUM_001,2026-03-01T23:38:00+00:00,57.32751475773314,%,GOOD,SYNTHETIC_ML_DATASET,NORMAL,0
BRT,BRT_POWER_001,2026-03-01T23:38:00+00:00,38.16390421391984,kW,GOOD,SYNTHETIC_ML_DATASET,NORMAL,0
BRT,BRT_PRESS_001,2026-03-01T23:38:00+00:00,983.7390594617377,hPa,GOOD,SYNTHETIC_ML_DATASET,NORMAL,0
BRT,BRT_TEMP_001,2026-03-01T23:38:00+00:00,-11.034494705828763,C,GOOD,SYNTHETIC_ML_DATASET,NORMAL,0
BRT,BRT_VIB_001,2026-03-01T23:38:00+00:00,0.686059330527801,mm/s,GOOD,SYNTHETIC_ML_DATASET,NORMAL,0
BRT,BRT_HUM_001,2026-03-01T23:39:00+00:00,56.78783368098515,%,GOOD,SYNTHETIC_ML_DATASET,NORMAL,0
BRT,BRT_POWER_001,2026-03-01T23:39:00+00:00,38.67914656523656,kW,GOOD,SYNTHETIC_ML_DATASET,NORMAL,0
BRT,BRT_PRESS_001,2026-03-01T23:39:00+00:00,983.9452768940656,hPa,GOOD,SYNTHETIC_ML_DATASET,NORMAL,0
BRT,BRT_TEMP_001,2026-03-01T23:39:00+00:00,-10.877485938824428,C,GOOD,SYNTHETIC_ML_DATASET,NORMAL,0
BRT,BRT_VIB_001,2026-03-01T23:39:00+00:00,0.7086235847094353,mm/s,GOOD,SYNTHETIC_ML_DATASET,NORMAL,0
BRT,BRT_HUM_001,2026-03-01T23:40:00+00:00,56.73037974694543,%,GOOD,SYNTHETIC_ML_DATASET,NORMAL,0
BRT,BRT_POWER_001,2026-03-01T23:40:00+00:00,38.90643908055042,kW,GOOD,SYNTHETIC_ML_DATASET,NORMAL,0
BRT,BRT_PRESS_001,2026-03-01T23:40:00+00:00,984.089617307676,hPa,GOOD,SYNTHETIC_ML_DATASET,NORMAL,0
BRT,BRT_TEMP_001,2026-03-01T23:40:00+00:00,-10.98420728198535,C,GOOD,SYNTHETIC_ML_DATASET,NORMAL,0
BRT,BRT_VIB_001,2026-03-01T23:40:00+00:00,0.6952913657414094,mm/s,GOOD,SYNTHETIC_ML_DATASET,NORMAL,0
BRT,BRT_HUM_001,2026-03-01T23:41:00+00:00,57.856244324455744,%,GOOD,SYNTHETIC_ML_DATASET,NORMAL,0
BRT,BRT_POWER_001,2026-03-01T23:41:00+00:00,39.38269176860799,kW,GOOD,SYNTHETIC_ML_DATASET,NORMAL,0
BRT,BRT_PRESS_001,2026-03-01T23:41:00+00:00,984.0636472640703,hPa,GOOD,SYNTHETIC_ML_DATASET,NORMAL,0
BRT,BRT_TEMP_001,2026-03-01T23:41:00+00:00,-10.971928556591731,C,GOOD,SYNTHETIC_ML_DATASET,NORMAL,0
BRT,BRT_VIB_001,2026-03-01T23:41:00+00:00,0.6881240811320631,mm/s,GOOD,SYNTHETIC_ML_DATASET,NORMAL,0
BRT,BRT_HUM_001,2026-03-01T23:42:00+00:00,57.47525035449178,%,GOOD,SYNTHETIC_ML_DATASET,NORMAL,0
BRT,BRT_POWER_001,2026-03-01T23:42:00+00:00,39.336558565602196,kW,GOOD,SYNTHETIC_ML_DATASET,NORMAL,0
BRT,BRT_PRESS_001,2026-03-01T23:42:00+00:00,984.1347373225577,hPa,GOOD,SYNTHETIC_ML_DATASET,NORMAL,0
BRT,BRT_TEMP_001,2026-03-01T23:42:00+00:00,-10.763751011086754,C,GOOD,SYNTHETIC_ML_DATASET,NORMAL,0
BRT,BRT_VIB_001,2026-03-01T23:42:00+00:00,0.691238712387841,mm/s,GOOD,SYNTHETIC_ML_DATASET,NORMAL,0
BRT,BRT_HUM_001,2026-03-01T23:43:00+00:00,58.33727705567907,%,GOOD,SYNTHETIC_ML_DATASET,NORMAL,0
BRT,BRT_POWER_001,2026-03-01T23:43:00+00:00,39.405100976524935,kW,GOOD,SYNTHETIC_ML_DATASET,NORMAL,0
BRT,BRT_PRESS_001,2026-03-01T23:43:00+00:00,984.1145694193133,hPa,GOOD,SYNTHETIC_ML_DATASET,NORMAL,0
BRT,BRT_TEMP_001,2026-03-01T23:43:00+00:00,-10.799319532649395,C,GOOD,SYNTHETIC_ML_DATASET,NORMAL,0
BRT,BRT_VIB_001,2026-03-01T23:43:00+00:00,0.7017024760716499,mm/s,GOOD,SYNTHETIC_ML_DATASET,NORMAL,0
BRT,BRT_HUM_001,2026-03-01T23:44:00+00:00,58.795783278120695,%,GOOD,SYNTHETIC_ML_DATASET,NORMAL,0
BRT,BRT_POWER_001,2026-03-01T23:44:00+00:00,39.234937689884966,kW,GOOD,SYNTHETIC_ML_DATASET,NORMAL,0
BRT,BRT_PRESS_001,2026-03-01T23:44:00+00:00,984.1426529261337,hPa,GOOD,SYNTHETIC_ML_DATASET,NORMAL,0
BRT,BRT_TEMP_001,2026-03-01T23:44:00+00:00,-10.341216516071995,C,GOOD,SYNTHETIC_ML_DATASET,NORMAL,0
BRT,BRT_VIB_001,2026-03-01T23:44:00+00:00,0.6996726557178928,mm/s,GOOD,SYNTHETIC_ML_DATASET,NORMAL,0
BRT,BRT_HUM_001,2026-03-01T23:45:00+00:00,58.379666823987705,%,GOOD,SYNTHETIC_ML_DATASET,NORMAL,0
BRT,BRT_POWER_001,2026-03-01T23:45:00+00:00,38.994219125039294,kW,GOOD,SYNTHETIC_ML_DATASET,NORMAL,0
BRT,BRT_PRESS_001,2026-03-01T23:45:00+00:00,984.1452336427666,hPa,GOOD,SYNTHETIC_ML_DATASET,NORMAL,0
BRT,BRT_TEMP_001,2026-03-01T23:45:00+00:00,-10.6386953945596,C,GOOD,SYNTHETIC_ML_DATASET,NORMAL,0
BRT,BRT_VIB_001,2026-03-01T23:45:00+00:00,0.7199974201310301,mm/s,GOOD,SYNTHETIC_ML_DATASET,NORMAL,0
BRT,BRT_HUM_001,2026-03-01T23:46:00+00:00,58.94483401298463,%,GOOD,SYNTHETIC_ML_DATASET,NORMAL,0
BRT,BRT_POWER_001,2026-03-01T23:46:00+00:00,39.2946777494837,kW,GOOD,SYNTHETIC_ML_DATASET,NORMAL,0
BRT,BRT_PRESS_001,2026-03-01T23:46:00+00:00,984.2673386304291,hPa,GOOD,SYNTHETIC_ML_DATASET,NORMAL,0
BRT,BRT_TEMP_001,2026-03-01T23:46:00+00:00,-10.510661382546433,C,GOOD,SYNTHETIC_ML_DATASET,NORMAL,0
BRT,BRT_VIB_001,2026-03-01T23:46:00+00:00,0.7328041873259091,mm/s,GOOD,SYNTHETIC_ML_DATASET,NORMAL,0
BRT,BRT_HUM_001,2026-03-01T23:47:00+00:00,58.98980120521516,%,GOOD,SYNTHETIC_ML_DATASET,NORMAL,0
BRT,BRT_POWER_001,2026-03-01T23:47:00+00:00,39.432822382927235,kW,GOOD,SYNTHETIC_ML_DATASET,NORMAL,0
BRT,BRT_PRESS_001,2026-03-01T23:47:00+00:00,984.2286312173053,hPa,GOOD,SYNTHETIC_ML_DATASET,NORMAL,0
BRT,BRT_TEMP_001,2026-03-01T23:47:00+00:00,-10.361246951367422,C,GOOD,SYNTHETIC_ML_DATASET,NORMAL,0
BRT,BRT_VIB_001,2026-03-01T23:47:00+00:00,0.7401899768830159,mm/s,GOOD,SYNTHETIC_ML_DATASET,NORMAL,0
BRT,BRT_HUM_001,2026-03-01T23:48:00+00:00,58.83872546253134,%,GOOD,SYNTHETIC_ML_DATASET,NORMAL,0
BRT,BRT_POWER_001,2026-03-01T23:48:00+00:00,39.597745126769134,kW,GOOD,SYNTHETIC_ML_DATASET,NORMAL,0
BRT,BRT_PRESS_001,2026-03-01T23:48:00+00:00,984.3610698624426,hPa,GOOD,SYNTHETIC_ML_DATASET,NORMAL,0
BRT,BRT_TEMP_001,2026-03-01T23:48:00+00:00,-10.11257357182695,C,GOOD,SYNTHETIC_ML_DATASET,NORMAL,0
BRT,BRT_VIB_001,2026-03-01T23:48:00+00:00,0.7049447021988687,mm/s,GOOD,SYNTHETIC_ML_DATASET,NORMAL,0
BRT,BRT_HUM_001,2026-03-01T23:49:00+00:00,58.38449334183063,%,GOOD,SYNTHETIC_ML_DATASET,NORMAL,0
BRT,BRT_POWER_001,2026-03-01T23:49:00+00:00,39.29607932396837,kW,GOOD,SYNTHETIC_ML_DATASET,NORMAL,0
BRT,BRT_PRESS_001,2026-03-01T23:49:00+00:00,984.5229437900623,hPa,GOOD,SYNTHETIC_ML_DATASET,NORMAL,0
BRT,BRT_TEMP_001,2026-03-01T23:49:00+00:00,-10.112468688914172,C,GOOD,SYNTHETIC_ML_DATASET,NORMAL,0
BRT,BRT_VIB_001,2026-03-01T23:49:00+00:00,0.7004492780091096,mm/s,GOOD,SYNTHETIC_ML_DATASET,NORMAL,0
BRT,BRT_HUM_001,2026-03-01T23:50:00+00:00,59.02516394667025,%,GOOD,SYNTHETIC_ML_DATASET,NORMAL,0
BRT,BRT_POWER_001,2026-03-01T23:50:00+00:00,39.47356131908594,kW,GOOD,SYNTHETIC_ML_DATASET,NORMAL,0
BRT,BRT_PRESS_001,2026-03-01T23:50:00+00:00,984.4363997445522,hPa,GOOD,SYNTHETIC_ML_DATASET,NORMAL,0
BRT,BRT_TEMP_001,2026-03-01T23:50:00+00:00,-10.347040987835223,C,GOOD,SYNTHETIC_ML_DATASET,NORMAL,0
BRT,BRT_VIB_001,2026-03-01T23:50:00+00:00,0.7333547715920357,mm/s,GOOD,SYNTHETIC_ML_DATASET,NORMAL,0
BRT,BRT_HUM_001,2026-03-01T23:51:00+00:00,59.12213166154991,%,GOOD,SYNTHETIC_ML_DATASET,NORMAL,0
BRT,BRT_POWER_001,2026-03-01T23:51:00+00:00,39.25502949314814,kW,GOOD,SYNTHETIC_ML_DATASET,NORMAL,0
BRT,BRT_PRESS_001,2026-03-01T23:51:00+00:00,984.4419106769394,hPa,GOOD,SYNTHETIC_ML_DATASET,NORMAL,0
BRT,BRT_TEMP_001,2026-03-01T23:51:00+00:00,-10.072397657188466,C,GOOD,SYNTHETIC_ML_DATASET,NORMAL,0
BRT,BRT_VIB_001,2026-03-01T23:51:00+00:00,0.721613337583101,mm/s,GOOD,SYNTHETIC_ML_DATASET,NORMAL,0
BRT,BRT_HUM_001,2026-03-01T23:52:00+00:00,58.88276613970218,%,GOOD,SYNTHETIC_ML_DATASET,NORMAL,0
BRT,BRT_POWER_001,2026-03-01T23:52:00+00:00,39.36333661497174,kW,GOOD,SYNTHETIC_ML_DATASET,NORMAL,0
BRT,BRT_PRESS_001,2026-03-01T23:52:00+00:00,984.777145573705,hPa,GOOD,SYNTHETIC_ML_DATASET,NORMAL,0
BRT,BRT_TEMP_001,2026-03-01T23:52:00+00:00,-10.284989380730575,C,GOOD,SYNTHETIC_ML_DATASET,NORMAL,0
BRT,BRT_VIB_001,2026-03-01T23:52:00+00:00,0.7611389468175225,mm/s,GOOD,SYNTHETIC_ML_DATASET,NORMAL,0
BRT,BRT_HUM_001,2026-03-01T23:53:00+00:00,58.11396866510391,%,GOOD,SYNTHETIC_ML_DATASET,NORMAL,0
BRT,BRT_POWER_001,2026-03-01T23:53:00+00:00,39.516763106163864,kW,GOOD,SYNTHETIC_ML_DATASET,NORMAL,0
BRT,BRT_PRESS_001,2026-03-01T23:53:00+00:00,984.7116731810588,hPa,GOOD,SYNTHETIC_ML_DATASET,NORMAL,0
BRT,BRT_TEMP_001,2026-03-01T23:53:00+00:00,-10.333737826864557,C,GOOD,SYNTHETIC_ML_DATASET,NORMAL,0
BRT,BRT_VIB_001,2026-03-01T23:53:00+00:00,0.7612038907575291,mm/s,GOOD,SYNTHETIC_ML_DATASET,NORMAL,0
BRT,BRT_HUM_001,2026-03-01T23:54:00+00:00,59.582770246947725,%,GOOD,SYNTHETIC_ML_DATASET,NORMAL,0
BRT,BRT_POWER_001,2026-03-01T23:54:00+00:00,39.91128944241828,kW,GOOD,SYNTHETIC_ML_DATASET,NORMAL,0
BRT,BRT_PRESS_001,2026-03-01T23:54:00+00:00,984.6892009846835,hPa,GOOD,SYNTHETIC_ML_DATASET,NORMAL,0
BRT,BRT_TEMP_001,2026-03-01T23:54:00+00:00,-10.390896580731736,C,GOOD,SYNTHETIC_ML_DATASET,NORMAL,0
BRT,BRT_VIB_001,2026-03-01T23:54:00+00:00,0.7881222396009466,mm/s,GOOD,SYNTHETIC_ML_DATASET,NORMAL,0
BRT,BRT_HUM_001,2026-03-01T23:55:00+00:00,59.32738235694197,%,GOOD,SYNTHETIC_ML_DATASET,NORMAL,0
BRT,BRT_POWER_001,2026-03-01T23:55:00+00:00,40.72742808006571,kW,GOOD,SYNTHETIC_ML_DATASET,NORMAL,0
BRT,BRT_PRESS_001,2026-03-01T23:55:00+00:00,984.828331775542,hPa,GOOD,SYNTHETIC_ML_DATASET,NORMAL,0
BRT,BRT_TEMP_001,2026-03-01T23:55:00+00:00,-10.143346491181134,C,GOOD,SYNTHETIC_ML_DATASET,NORMAL,0
BRT,BRT_VIB_001,2026-03-01T23:55:00+00:00,0.7732746501463154,mm/s,GOOD,SYNTHETIC_ML_DATASET,NORMAL,0
BRT,BRT_HUM_001,2026-03-01T23:56:00+00:00,59.66413786595387,%,GOOD,SYNTHETIC_ML_DATASET,NORMAL,0
BRT,BRT_POWER_001,2026-03-01T23:56:00+00:00,40.20434919002332,kW,GOOD,SYNTHETIC_ML_DATASET,NORMAL,0
BRT,BRT_PRESS_001,2026-03-01T23:56:00+00:00,985.0304157183143,hPa,GOOD,SYNTHETIC_ML_DATASET,NORMAL,0
BRT,BRT_TEMP_001,2026-03-01T23:56:00+00:00,-10.241340694132685,C,GOOD,SYNTHETIC_ML_DATASET,NORMAL,0
BRT,BRT_VIB_001,2026-03-01T23:56:00+00:00,0.7604259395746786,mm/s,GOOD,SYNTHETIC_ML_DATASET,NORMAL,0
BRT,BRT_HUM_001,2026-03-01T23:57:00+00:00,59.812104649986324,%,GOOD,SYNTHETIC_ML_DATASET,NORMAL,0
BRT,BRT_POWER_001,2026-03-01T23:57:00+00:00,40.26850574457836,kW,GOOD,SYNTHETIC_ML_DATASET,NORMAL,0
BRT,BRT_PRESS_001,2026-03-01T23:57:00+00:00,985.0466481185498,hPa,GOOD,SYNTHETIC_ML_DATASET,NORMAL,0
BRT,BRT_TEMP_001,2026-03-01T23:57:00+00:00,-10.369766874302977,C,GOOD,SYNTHETIC_ML_DATASET,NORMAL,0
BRT,BRT_VIB_001,2026-03-01T23:57:00+00:00,0.7928967544145884,mm/s,GOOD,SYNTHETIC_ML_DATASET,NORMAL,0
BRT,BRT_HUM_001,2026-03-01T23:58:00+00:00,59.183363410626534,%,GOOD,SYNTHETIC_ML_DATASET,NORMAL,0
BRT,BRT_POWER_001,2026-03-01T23:58:00+00:00,39.748356687706135,kW,GOOD,SYNTHETIC_ML_DATASET,NORMAL,0
BRT,BRT_PRESS_001,2026-03-01T23:58:00+00:00,985.1002477091746,hPa,GOOD,SYNTHETIC_ML_DATASET,NORMAL,0
BRT,BRT_TEMP_001,2026-03-01T23:58:00+00:00,-10.443145725153125,C,GOOD,SYNTHETIC_ML_DATASET,NORMAL,0
BRT,BRT_VIB_001,2026-03-01T23:58:00+00:00,0.8044601979623384,mm/s,GOOD,SYNTHETIC_ML_DATASET,NORMAL,0
BRT,BRT_HUM_001,2026-03-01T23:59:00+00:00,59.97064235726757,%,GOOD,SYNTHETIC_ML_DATASET,NORMAL,0
BRT,BRT_POWER_001,2026-03-01T23:59:00+00:00,39.81390242071919,kW,GOOD,SYNTHETIC_ML_DATASET,NORMAL,0
BRT,BRT_PRESS_001,2026-03-01T23:59:00+00:00,985.1960948961225,hPa,GOOD,SYNTHETIC_ML_DATASET,NORMAL,0
BRT,BRT_TEMP_001,2026-03-01T23:59:00+00:00,-10.016846139191657,C,GOOD,SYNTHETIC_ML_DATASET,NORMAL,0
BRT,BRT_VIB_001,2026-03-01T23:59:00+00:00,0.7789695438476674,mm/s,GOOD,SYNTHETIC_ML_DATASET,NORMAL,0
BRT,BRT_HUM_001,2026-03-02T00:00:00+00:00,84.23431566793627,%,BAD,SYNTHETIC_ML_DATASET,SPIKE,1
BRT,BRT_POWER_001,2026-03-02T00:00:00+00:00,58.07052591663299,kW,BAD,SYNTHETIC_ML_DATASET,SPIKE,1
BRT,BRT_PRESS_001,2026-03-02T00:00:00+00:00,992.8299916142417,hPa,BAD,SYNTHETIC_ML_DATASET,SPIKE,1
BRT,BRT_TEMP_001,2026-03-02T00:00:00+00:00,0.5603891444488234,C,BAD,SYNTHETIC_ML_DATASET,SPIKE,1
BRT,BRT_VIB_001,2026-03-02T00:00:00+00:00,1.245670674118816,mm/s,BAD,SYNTHETIC_ML_DATASET,SPIKE,1
BRT,BRT_HUM_001,2026-03-02T00:01:00+00:00,83.81842658249266,%,BAD,SYNTHETIC_ML_DATASET,SPIKE,1
BRT,BRT_POWER_001,2026-03-02T00:01:00+00:00,58.18907827826095,kW,BAD,SYNTHETIC_ML_DATASET,SPIKE,1
BRT,BRT_PRESS_001,2026-03-02T00:01:00+00:00,992.7837524817797,hPa,BAD,SYNTHETIC_ML_DATASET,SPIKE,1
BRT,BRT_TEMP_001,2026-03-02T00:01:00+00:00,0.47715361735847317,C,BAD,SYNTHETIC_ML_DATASET,SPIKE,1
BRT,BRT_VIB_001,2026-03-02T00:01:00+00:00,1.2471525225539326,mm/s,BAD,SYNTHETIC_ML_DATASET,SPIKE,1
BRT,BRT_HUM_001,2026-03-02T00:02:00+00:00,84.19209557656315,%,BAD,SYNTHETIC_ML_DATASET,SPIKE,1
BRT,BRT_POWER_001,2026-03-02T00:02:00+00:00,58.009057267796436,kW,BAD,SYNTHETIC_ML_DATASET,SPIKE,1
BRT,BRT_PRESS_001,2026-03-02T00:02:00+00:00,992.8407905940882,hPa,BAD,SYNTHETIC_ML_DATASET,SPIKE,1
BRT,BRT_TEMP_001,2026-03-02T00:02:00+00:00,0.4327348545951448,C,BAD,SYNTHETIC_ML_DATASET,SPIKE,1
BRT,BRT_VIB_001,2026-03-02T00:02:00+00:00,1.2609776519957232,mm/s,BAD,SYNTHETIC_ML_DATASET,SPIKE,1
BRT,BRT_HUM_001,2026-03-02T00:03:00+00:00,61.28882466469707,%,GOOD,SYNTHETIC_ML_DATASET,NORMAL,0
BRT,BRT_POWER_001,2026-03-02T00:03:00+00:00,58.39554447650356,kW,BAD,SYNTHETIC_ML_DATASET,SPIKE,1
BRT,BRT_PRESS_001,2026-03-02T00:03:00+00:00,992.710330267875,hPa,BAD,SYNTHETIC_ML_DATASET,SPIKE,1
BRT,BRT_TEMP_001,2026-03-02T00:03:00+00:00,-9.93834799413031,C,GOOD,SYNTHETIC_ML_DATASET,NORMAL,0
BRT,BRT_VIB_001,2026-03-02T00:03:00+00:00,1.2281165749356462,mm/s,BAD,SYNTHETIC_ML_DATASET,SPIKE,1
BRT,BRT_HUM_001,2026-03-02T00:04:00+00:00,61.809392050677154,%,GOOD,SYNTHETIC_ML_DATASET,NORMAL,0
BRT,BRT_POWER_001,2026-03-02T00:04:00+00:00,58.816134004872055,kW,BAD,SYNTHETIC_ML_DATASET,SPIKE,1
BRT,BRT_PRESS_001,2026-03-02T00:04:00+00:00,992.9351013428333,hPa,BAD,SYNTHETIC_ML_DATASET,SPIKE,1
BRT,BRT_TEMP_001,2026-03-02T00:04:00+00:00,-9.713961089727409,C,GOOD,SYNTHETIC_ML_DATASET,NORMAL,0
BRT,BRT_VIB_001,2026-03-02T00:04:00+00:00,1.2344388498552412,mm/s,BAD,SYNTHETIC_ML_DATASET,SPIKE,1
BRT,BRT_HUM_001,2026-03-02T00:05:00+00:00,60.82277020580864,%,GOOD,SYNTHETIC_ML_DATASET,NORMAL,0
BRT,BRT_POWER_001,2026-03-02T00:05:00+00:00,58.73131981725291,kW,BAD,SYNTHETIC_ML_DATASET,SPIKE,1
BRT,BRT_PRESS_001,2026-03-02T00:05:00+00:00,985.5050648851135,hPa,GOOD,SYNTHETIC_ML_DATASET,NORMAL,0
BRT,BRT_TEMP_001,2026-03-02T00:05:00+00:00,-9.754713006425106,C,GOOD,SYNTHETIC_ML_DATASET,NORMAL,0
BRT,BRT_VIB_001,2026-03-02T00:05:00+00:00,0.7313595663623197,mm/s,GOOD,SYNTHETIC_ML_DATASET,NORMAL,0
BRT,BRT_HUM_001,2026-03-02T00:06:00+00:00,60.827377203991546,%,GOOD,SYNTHETIC_ML_DATASET,NORMAL,0
BRT,BRT_POWER_001,2026-03-02T00:06:00+00:00,41.138510590350165,kW,GOOD,SYNTHETIC_ML_DATASET,NORMAL,0
BRT,BRT_PRESS_001,2026-03-02T00:06:00+00:00,985.6222868563877,hPa,GOOD,SYNTHETIC_ML_DATASET,NORMAL,0
BRT,BRT_TEMP_001,2026-03-02T00:06:00+00:00,-9.465681346813252,C,GOOD,SYNTHETIC_ML_DATASET,NORMAL,0
BRT,BRT_VIB_001,2026-03-02T00:06:00+00:00,0.7591071891608623,mm/s,GOOD,SYNTHETIC_ML_DATASET,NORMAL,0
BRT,BRT_HUM_001,2026-03-02T00:07:00+00:00,61.05299849690695,%,GOOD,SYNTHETIC_ML_DATASET,NORMAL,0
BRT,BRT_POWER_001,2026-03-02T00:07:00+00:00,41.260519838182745,kW,GOOD,SYNTHETIC_ML_DATASET,NORMAL,0
BRT,BRT_PRESS_001,2026-03-02T00:07:00+00:00,985.7683154300156,hPa,GOOD,SYNTHETIC_ML_DATASET,NORMAL,0
BRT,BRT_TEMP_001,2026-03-02T00:07:00+00:00,-9.107131892215756,C,GOOD,SYNTHETIC_ML_DATASET,NORMAL,0
BRT,BRT_VIB_001,2026-03-02T00:07:00+00:00,0.7716702828683687,mm/s,GOOD,SYNTHETIC_ML_DATASET,NORMAL,0
BRT,BRT_HUM_001,2026-03-02T00:08:00+00:00,60.86287464340508,%,GOOD,SYNTHETIC_ML_DATASET,NORMAL,0
BRT,BRT_POWER_001,2026-03-02T00:08:00+00:00,40.697956713196454,kW,GOOD,SYNTHETIC_ML_DATASET,NORMAL,0
BRT,BRT_PRESS_001,2026-03-02T00:08:00+00:00,985.6205045888893,hPa,GOOD,SYNTHETIC_ML_DATASET,NORMAL,0
BRT,BRT_TEMP_001,2026-03-02T00:08:00+00:00,-9.232670503380735,C,GOOD,SYNTHETIC_ML_DATASET,NORMAL,0
BRT,BRT_VIB_001,2026-03-02T00:08:00+00:00,0.7816722802596378,mm/s,GOOD,SYNTHETIC_ML_DATASET,NORMAL,0
BRT,BRT_HUM_001,2026-03-02T00:09:00+00:00,61.58986077810137,%,GOOD,SYNTHETIC_ML_DATASET,NORMAL,0
BRT,BRT_POWER_001,2026-03-02T00:09:00+00:00,40.69481678705687,kW,GOOD,SYNTHETIC_ML_DATASET,NORMAL,0
BRT,BRT_PRESS_001,2026-03-02T00:09:00+00:00,985.6370660599756,hPa,GOOD,SYNTHETIC_ML_DATASET,NORMAL,0
BRT,BRT_TEMP_001,2026-03-02T00:09:00+00:00,-9.171439868763917,C,GOOD,SYNTHETIC_ML_DATASET,NORMAL,0
BRT,BRT_VIB_001,2026-03-02T00:09:00+00:00,0.8013676351486626,mm/s,GOOD,SYNTHETIC_ML_DATASET,NORMAL,0
BRT,BRT_HUM_001,2026-03-02T00:10:00+00:00,61.8097512924855,%,GOOD,SYNTHETIC_ML_DATASET,NORMAL,0
BRT,BRT_POWER_001,2026-03-02T00:10:00+00:00,40.54140723574846,kW,GOOD,SYNTHETIC_ML_DATASET,NORMAL,0
BRT,BRT_PRESS_001,2026-03-02T00:10:00+00:00,985.8632205072563,hPa,GOOD,SYNTHETIC_ML_DATASET,NORMAL,0
BRT,BRT_TEMP_001,2026-03-02T00:10:00+00:00,-9.296771533798335,C,GOOD,SYNTHETIC_ML_DATASET,NORMAL,0
BRT,BRT_VIB_001,2026-03-02T00:10:00+00:00,0.7678948049063385,mm/s,GOOD,SYNTHETIC_ML_DATASET,NORMAL,0
BRT,BRT_HUM_001,2026-03-02T00:11:00+00:00,62.6471506201042,%,GOOD,SYNTHETIC_ML_DATASET,NORMAL,0
BRT,BRT_POWER_001,2026-03-02T00:11:00+00:00,40.70834636958224,kW,GOOD,SYNTHETIC_ML_DATASET,NORMAL,0
BRT,BRT_PRESS_001,2026-03-02T00:11:00+00:00,986.0001285235006,hPa,GOOD,SYNTHETIC_ML_DATASET,NORMAL,0
BRT,BRT_TEMP_001,2026-03-02T00:11:00+00:00,-8.940253610500497,C,GOOD,SYNTHETIC_ML_DATASET,NORMAL,0
BRT,BRT_VIB_001,2026-03-02T00:11:00+00:00,0.759912553200155,mm/s,GOOD,SYNTHETIC_ML_DATASET,NORMAL,0
BRT,BRT_HUM_001,2026-03-02T00:12:00+00:00,61.175516508885195,%,GOOD,SYNTHETIC_ML_DATASET,NORMAL,0
BRT,BRT_POWER_001,2026-03-02T00:12:00+00:00,41.15663657635108,kW,GOOD,SYNTHETIC_ML_DATASET,NORMAL,0
BRT,BRT_PRESS_001,2026-03-02T00:12:00+00:00,985.9150288174899,hPa,GOOD,SYNTHETIC_ML_DATASET,NORMAL,0
BRT,BRT_TEMP_001,2026-03-02T00:12:00+00:00,-8.753988690029816,C,GOOD,SYNTHETIC_ML_DATASET,NORMAL,0
BRT,BRT_VIB_001,2026-03-02T00:12:00+00:00,0.776511462482206,mm/s,GOOD,SYNTHETIC_ML_DATASET,NORMAL,0
BRT,BRT_HUM_001,2026-03-02T00:13:00+00:00,62.66608026067487,%,GOOD,SYNTHETIC_ML_DATASET,NORMAL,0
BRT,BRT_POWER_001,2026-03-02T00:13:00+00:00,41.140064845613665,kW,GOOD,SYNTHETIC_ML_DATASET,NORMAL,0
BRT,BRT_PRESS_001,2026-03-02T00:13:00+00:00,986.0548201488507,hPa,GOOD,SYNTHETIC_ML_DATASET,NORMAL,0
BRT,BRT_TEMP_001,2026-03-02T00:13:00+00:00,-8.852358327841541,C,GOOD,SYNTHETIC_ML_DATASET,NORMAL,0
BRT,BRT_VIB_001,2026-03-02T00:13:00+00:00,0.8070719765509032,mm/s,GOOD,SYNTHETIC_ML_DATASET,NORMAL,0
BRT,BRT_HUM_001,2026-03-02T00:14:00+00:00,62.99122430816701,%,GOOD,SYNTHETIC_ML_DATASET,NORMAL,0
BRT,BRT_POWER_001,2026-03-02T00:14:00+00:00,42.0159204619081,kW,GOOD,SYNTHETIC_ML_DATASET,NORMAL,0
BRT,BRT_PRESS_001,2026-03-02T00:14:00+00:00,985.9382237568932,hPa,GOOD,SYNTHETIC_ML_DATASET,NORMAL,0
BRT,BRT_TEMP_001,2026-03-02T00:14:00+00:00,-8.568716743572375,C,GOOD,SYNTHETIC_ML_DATASET,NORMAL,0
BRT,BRT_VIB_001,2026-03-02T00:14:00+00:00,0.784469748786412,mm/s,GOOD,SYNTHETIC_ML_DATASET,NORMAL,0
BRT,BRT_HUM_001,2026-03-02T00:15:00+00:00,62.36040286624702,%,GOOD,SYNTHETIC_ML_DATASET,NORMAL,0
BRT,BRT_POWER_001,2026-03-02T00:15:00+00:00,41.49894702688225,kW,GOOD,SYNTHETIC_ML_DATASET,NORMAL,0
BRT,BRT_PRESS_001,2026-03-02T00:15:00+00:00,985.9722000504654,hPa,GOOD,SYNTHETIC_ML_DATASET,NORMAL,0
BRT,BRT_TEMP_001,2026-03-02T00:15:00+00:00,-8.760443360629125,C,GOOD,SYNTHETIC_ML_DATASET,NORMAL,0
BRT,BRT_VIB_001,2026-03-02T00:15:00+00:00,0.7618998555138181,mm/s,GOOD,SYNTHETIC_ML_DATASET,NORMAL,0
BRT,BRT_HUM_001,2026-03-02T00:16:00+00:00,63.744994203633965,%,GOOD,SYNTHETIC_ML_DATASET,NORMAL,0
BRT,BRT_POWER_001,2026-03-02T00:16:00+00:00,41.4879912087766,kW,GOOD,SYNTHETIC_ML_DATASET,NORMAL,0
BRT,BRT_PRESS_001,2026-03-02T00:16:00+00:00,985.9251677430908,hPa,GOOD,SYNTHETIC_ML_DATASET,NORMAL,0
BRT,BRT_TEMP_001,2026-03-02T00:16:00+00:00,-8.369510236146827,C,GOOD,SYNTHETIC_ML_DATASET,NORMAL,0
BRT,BRT_VIB_001,2026-03-02T00:16:00+00:00,0.7823145215045363,mm/s,GOOD,SYNTHETIC_ML_DATASET,NORMAL,0
BRT,BRT_HUM_001,2026-03-02T00:17:00+00:00,63.69728089241602,%,GOOD,SYNTHETIC_ML_DATASET,NORMAL,0
BRT,BRT_POWER_001,2026-03-02T00:17:00+00:00,41.643749320009455,kW,GOOD,SYNTHETIC_ML_DATASET,NORMAL,0
BRT,BRT_PRESS_001,2026-03-02T00:17:00+00:00,985.9453262272127,hPa,GOOD,SYNTHETIC_ML_DATASET,NORMAL,0
BRT,BRT_TEMP_001,2026-03-02T00:17:00+00:00,-8.433823399160442,C,GOOD,SYNTHETIC_ML_DATASET,NORMAL,0
BRT,BRT_VIB_001,2026-03-02T00:17:00+00:00,0.7693522853989704,mm/s,GOOD,SYNTHETIC_ML_DATASET,NORMAL,0
BRT,BRT_HUM_001,2026-03-02T00:18:00+00:00,63.223558565414464,%,GOOD,SYNTHETIC_ML_DATASET,NORMAL,0
BRT,BRT_POWER_001,2026-03-02T00:18:00+00:00,41.94805361578087,kW,GOOD,SYNTHETIC_ML_DATASET,NORMAL,0
BRT,BRT_PRESS_001,2026-03-02T00:18:00+00:00,985.9372328140396,hPa,GOOD,SYNTHETIC_ML_DATASET,NORMAL,0
BRT,BRT_TEMP_001,2026-03-02T00:18:00+00:00,-8.140442226071562,C,GOOD,SYNTHETIC_ML_DATASET,NORMAL,0
BRT,BRT_VIB_001,2026-03-02T00:18:00+00:00,0.7859510911303956,mm/s,GOOD,SYNTHETIC_ML_DATASET,NORMAL,0
BRT,BRT_HUM_001,2026-03-02T00:19:00+00:00,62.26977947706882,%,GOOD,SYNTHETIC_ML_DATASET,NORMAL,0
BRT,BRT_POWER_001,2026-03-02T00:19:00+00:00,41.972084668248584,kW,GOOD,SYNTHETIC_ML_DATASET,NORMAL,0
BRT,BRT_PRESS_001,2026-03-02T00:19:00+00:00,985.9709279003588,hPa,GOOD,SYNTHETIC_ML_DATASET,NORMAL,0
BRT,BRT_TEMP_001,2026-03-02T00:19:00+00:00,-7.958955408388312,C,GOOD,SYNTHETIC_ML_DATASET,NORMAL,0
BRT,BRT_VIB_001,2026-03-02T00:19:00+00:00,0.7728642756137428,mm/s,GOOD,SYNTHETIC_ML_DATASET,NORMAL,0
BRT,BRT_HUM_001,2026-03-02T00:20:00+00:00,62.90640720624642,%,GOOD,SYNTHETIC_ML_DATASET,NORMAL,0
BRT,BRT_POWER_001,2026-03-02T00:20:00+00:00,42.337195366563975,kW,GOOD,SYNTHETIC_ML_DATASET,NORMAL,0
BRT,BRT_PRESS_001,2026-03-02T00:20:00+00:00,986.1731510102181,hPa,GOOD,SYNTHETIC_ML_DATASET,NORMAL,0
BRT,BRT_TEMP_001,2026-03-02T00:20:00+00:00,-7.897108093359628,C,GOOD,SYNTHETIC_ML_DATASET,NORMAL,0
BRT,BRT_VIB_001,2026-03-02T00:20:00+00:00,0.7829015976475591,mm/s,GOOD,SYNTHETIC_ML_DATASET,NORMAL,0
BRT,BRT_HUM_001,2026-03-02T00:21:00+00:00,62.924855316517856,%,GOOD,SYNTHETIC_ML_DATASET,NORMAL,0
BRT,BRT_POWER_001,2026-03-02T00:21:00+00:00,41.96571318047973,kW,GOOD,SYNTHETIC_ML_DATASET,NORMAL,0
BRT,BRT_PRESS_001,2026-03-02T00:21:00+00:00,986.1282557707927,hPa,GOOD,SYNTHETIC_ML_DATASET,NORMAL,0
BRT,BRT_TEMP_001,2026-03-02T00:21:00+00:00,-8.085809825238346,C,GOOD,SYNTHETIC_ML_DATASET,NORMAL,0
BRT,BRT_VIB_001,2026-03-02T00:21:00+00:00,0.753905657301996,mm/s,GOOD,SYNTHETIC_ML_DATASET,NORMAL,0
BRT,BRT_HUM_001,2026-03-02T00:22:00+00:00,63.09188592017992,%,GOOD,SYNTHETIC_ML_DATASET,NORMAL,0
BRT,BRT_POWER_001,2026-03-02T00:22:00+00:00,42.22067751437146,kW,GOOD,SYNTHETIC_ML_DATASET,NORMAL,0
BRT,BRT_PRESS_001,2026-03-02T00:22:00+00:00,986.197159452816,hPa,GOOD,SYNTHETIC_ML_DATASET,NORMAL,0
BRT,BRT_TEMP_001,2026-03-02T00:22:00+00:00,-8.11315206625156,C,GOOD,SYNTHETIC_ML_DATASET,NORMAL,0
BRT,BRT_VIB_001,2026-03-02T00:22:00+00:00,0.7846837217188879,mm/s,GOOD,SYNTHETIC_ML_DATASET,NORMAL,0
BRT,BRT_HUM_001,2026-03-02T00:23:00+00:00,63.43044884766935,%,GOOD,SYNTHETIC_ML_DATASET,NORMAL,0
BRT,BRT_POWER_001,2026-03-02T00:23:00+00:00,41.955844334220664,kW,GOOD,SYNTHETIC_ML_DATASET,NORMAL,0
BRT,BRT_PRESS_001,2026-03-02T00:23:00+00:00,986.4311287463003,hPa,GOOD,SYNTHETIC_ML_DATASET,NORMAL,0
BRT,BRT_TEMP_001,2026-03-02T00:23:00+00:00,-8.030133028722938,C,GOOD,SYNTHETIC_ML_DATASET,NORMAL,0
BRT,BRT_VIB_001,2026-03-02T00:23:00+00:00,0.7554472415310469,mm/s,GOOD,SYNTHETIC_ML_DATASET,NORMAL,0
BRT,BRT_HUM_001,2026-03-02T00:24:00+00:00,62.5500539490973,%,GOOD,SYNTHETIC_ML_DATASET,NORMAL,0
BRT,BRT_POWER_001,2026-03-02T00:24:00+00:00,41.90607391041422,kW,GOOD,SYNTHETIC_ML_DATASET,NORMAL,0
BRT,BRT_PRESS_001,2026-03-02T00:24:00+00:00,986.282622150687,hPa,GOOD,SYNTHETIC_ML_DATASET,NORMAL,0
BRT,BRT_TEMP_001,2026-03-02T00:24:00+00:00,-7.695937714526313,C,GOOD,SYNTHETIC_ML_DATASET,NORMAL,0
BRT,BRT_VIB_001,2026-03-02T00:24:00+00:00,0.7895789555339313,mm/s,GOOD,SYNTHETIC_ML_DATASET,NORMAL,0
BRT,BRT_HUM_001,2026-03-02T00:25:00+00:00,62.09037252665923,%,GOOD,SYNTHETIC_ML_DATASET,NORMAL,0
BRT,BRT_POWER_001,2026-03-02T00:25:00+00:00,42.89718030274381,kW,GOOD,SYNTHETIC_ML_DATASET,NORMAL,0
BRT,BRT_PRESS_001,2026-03-02T00:25:00+00:00,986.4834143419001,hPa,GOOD,SYNTHETIC_ML_DATASET,NORMAL,0
BRT,BRT_TEMP_001,2026-03-02T00:25:00+00:00,-7.486476868224455,C,GOOD,SYNTHETIC_ML_DATASET,NORMAL,0
BRT,BRT_VIB_001,2026-03-02T00:25:00+00:00,0.7753986763512402,mm/s,GOOD,SYNTHETIC_ML_DATASET,NORMAL,0
BRT,BRT_HUM_001,2026-03-02T00:26:00+00:00,62.817032888343526,%,GOOD,SYNTHETIC_ML_DATASET,NORMAL,0
BRT,BRT_POWER_001,2026-03-02T00:26:00+00:00,43.38276202574343,kW,GOOD,SYNTHETIC_ML_DATASET,NORMAL,0
BRT,BRT_PRESS_001,2026-03-02T00:26:00+00:00,986.592553188094,hPa,GOOD,SYNTHETIC_ML_DATASET,NORMAL,0
BRT,BRT_TEMP_001,2026-03-02T00:26:00+00:00,-7.639843700336087,C,GOOD,SYNTHETIC_ML_DATASET,NORMAL,0
BRT,BRT_VIB_001,2026-03-02T00:26:00+00:00,0.7774089514026793,mm/s,GOOD,SYNTHETIC_ML_DATASET,NORMAL,0
BRT,BRT_HUM_001,2026-03-02T00:27:00+00:00,62.79101527816988,%,GOOD,SYNTHETIC_ML_DATASET,NORMAL,0
BRT,BRT_POWER_001,2026-03-02T00:27:00+00:00,43.51018319513491,kW,GOOD,SYNTHETIC_ML_DATASET,NORMAL,0
BRT,BRT_PRESS_001,2026-03-02T00:27:00+00:00,986.685703300354,hPa,GOOD,SYNTHETIC_ML_DATASET,NORMAL,0
BRT,BRT_TEMP_001,2026-03-02T00:27:00+00:00,-8.062282714874947,C,GOOD,SYNTHETIC_ML_DATASET,NORMAL,0
BRT,BRT_VIB_001,2026-03-02T00:27:00+00:00,0.7717270723631994,mm/s,GOOD,SYNTHETIC_ML_DATASET,NORMAL,0
BRT,BRT_HUM_001,2026-03-02T00:28:00+00:00,63.189818609215855,%,GOOD,SYNTHETIC_ML_DATASET,NORMAL,0
BRT,BRT_POWER_001,2026-03-02T00:28:00+00:00,43.6804322510678,kW,GOOD,SYNTHETIC_ML_DATASET,NORMAL,0
BRT,BRT_PRESS_001,2026-03-02T00:28:00+00:00,986.7576388564407,hPa,GOOD,SYNTHETIC_ML_DATASET,NORMAL,0
BRT,BRT_TEMP_001,2026-03-02T00:28:00+00:00,-7.794271539206978,C,GOOD,SYNTHETIC_ML_DATASET,NORMAL,0
BRT,BRT_VIB_001,2026-03-02T00:28:00+00:00,0.7498374462297664,mm/s,GOOD,SYNTHETIC_ML_DATASET,NORMAL,0
BRT,BRT_HUM_001,2026-03-02T00:29:00+00:00,62.88855098544912,%,GOOD,SYNTHETIC_ML_DATASET,NORMAL,0
BRT,BRT_POWER_001,2026-03-02T00:29:00+00:00,43.82050345037841,kW,GOOD,SYNTHETIC_ML_DATASET,NORMAL,0
BRT,BRT_PRESS_001,2026-03-02T00:29:00+00:00,986.8544714868991,hPa,GOOD,SYNTHETIC_ML_DATASET,NORMAL,0
BRT,BRT_TEMP_001,2026-03-02T00:29:00+00:00,-7.951128073235721,C,GOOD,SYNTHETIC_ML_DATASET,NORMAL,0
BRT,BRT_VIB_001,2026-03-02T00:29:00+00:00,0.7935831960757115,mm/s,GOOD,SYNTHETIC_ML_DATASET,NORMAL,0
BRT,BRT_HUM_001,2026-03-02T00:30:00+00:00,62.66547819620236,%,GOOD,SYNTHETIC_ML_DATASET,NORMAL,0
BRT,BRT_POWER_001,2026-03-02T00:30:00+00:00,43.83345560070556,kW,GOOD,SYNTHETIC_ML_DATASET,NORMAL,0
BRT,BRT_PRESS_001,2026-03-02T00:30:00+00:00,986.867012551919,hPa,GOOD,SYNTHETIC_ML_DATASET,NORMAL,0
BRT,BRT_TEMP_001,2026-03-02T00:30:00+00:00,-8.134417646971032,C,GOOD,SYNTHETIC_ML_DATASET,NORMAL,0
BRT,BRT_VIB_001,2026-03-02T00:30:00+00:00,0.8143292991801645,mm/s,GOOD,SYNTHETIC_ML_DATASET,NORMAL,0
BRT,BRT_HUM_001,2026-03-02T00:31:00+00:00,64.09539983334993,%,GOOD,SYNTHETIC_ML_DATASET,NORMAL,0
BRT,BRT_POWER_001,2026-03-02T00:31:00+00:00,44.075995451917265,kW,GOOD,SYNTHETIC_ML_DATASET,NORMAL,0
BRT,BRT_PRESS_001,2026-03-02T00:31:00+00:00,986.8575793573971,hPa,GOOD,SYNTHETIC_ML_DATASET,NORMAL,0
BRT,BRT_TEMP_001,2026-03-02T00:31:00+00:00,-7.833400408032716,C,GOOD,SYNTHETIC_ML_DATASET,NORMAL,0
BRT,BRT_VIB_001,2026-03-02T00:31:00+00:00,0.8041831568842627,mm/s,GOOD,SYNTHETIC_ML_DATASET,NORMAL,0
BRT,BRT_HUM_001,2026-03-02T00:32:00+00:00,62.846458639153624,%,GOOD,SYNTHETIC_ML_DATASET,NORMAL,0
BRT,BRT_POWER_001,2026-03-02T00:32:00+00:00,43.569651254229996,kW,GOOD,SYNTHETIC_ML_DATASET,NORMAL,0
BRT,BRT_PRESS_001,2026-03-02T00:32:00+00:00,986.8710976446024,hPa,GOOD,SYNTHETIC_ML_DATASET,NORMAL,0
BRT,BRT_TEMP_001,2026-03-02T00:32:00+00:00,-7.6291518077036535,C,GOOD,SYNTHETIC_ML_DATASET,NORMAL,0
BRT,BRT_VIB_001,2026-03-02T00:32:00+00:00,0.8038840973875974,mm/s,GOOD,SYNTHETIC_ML_DATASET,NORMAL,0
BRT,BRT_HUM_001,2026-03-02T00:33:00+00:00,63.03345636526622,%,GOOD,SYNTHETIC_ML_DATASET,NORMAL,0
BRT,BRT_POWER_001,2026-03-02T00:33:00+00:00,43.86936590746239,kW,GOOD,SYNTHETIC_ML_DATASET,NORMAL,0
BRT,BRT_PRESS_001,2026-03-02T00:33:00+00:00,987.0549583114129,hPa,GOOD,SYNTHETIC_ML_DATASET,NORMAL,0
BRT,BRT_TEMP_001,2026-03-02T00:33:00+00:00,-7.840479793101396,C,GOOD,SYNTHETIC_ML_DATASET,NORMAL,0
BRT,BRT_VIB_001,2026-03-02T00:33:00+00:00,0.8374591406647457,mm/s,GOOD,SYNTHETIC_ML_DATASET,NORMAL,0
BRT,BRT_HUM_001,2026-03-02T00:34:00+00:00,62.56876043891141,%,GOOD,SYNTHETIC_ML_DATASET,NORMAL,0
BRT,BRT_POWER_001,2026-03-02T00:34:00+00:00,44.41420427413346,kW,GOOD,SYNTHETIC_ML_DATASET,NORMAL,0
BRT,BRT_PRESS_001,2026-03-02T00:34:00+00:00,986.9325016904492,hPa,GOOD,SYNTHETIC_ML_DATASET,NORMAL,0
BRT,BRT_TEMP_001,2026-03-02T00:34:00+00:00,-7.986445115610161,C,GOOD,SYNTHETIC_ML_DATASET,NORMAL,0
BRT,BRT_VIB_001,2026-03-02T00:34:00+00:00,0.8113559797843115,mm/s,GOOD,SYNTHETIC_ML_DATASET,NORMAL,0
BRT,BRT_HUM_001,2026-03-02T00:35:00+00:00,63.461520521736,%,GOOD,SYNTHETIC_ML_DATASET,NORMAL,0
BRT,BRT_POWER_001,2026-03-02T00:35:00+00:00,44.996948177306585,kW,GOOD,SYNTHETIC_ML_DATASET,NORMAL,0
BRT,BRT_PRESS_001,2026-03-02T00:35:00+00:00,987.1631437476158,hPa,GOOD,SYNTHETIC_ML_DATASET,NORMAL,0
BRT,BRT_TEMP_001,2026-03-02T00:35:00+00:00,-7.733704638201168,C,GOOD,SYNTHETIC_ML_DATASET,NORMAL,0
BRT,BRT_VIB_001,2026-03-02T00:35:00+00:00,0.8114703398366145,mm/s,GOOD,SYNTHETIC_ML_DATASET,NORMAL,0
BRT,BRT_HUM_001,2026-03-02T00:36:00+00:00,63.99157080942064,%,GOOD,SYNTHETIC_ML_DATASET,NORMAL,0
BRT,BRT_POWER_001,2026-03-02T00:36:00+00:00,44.4027147235274,kW,GOOD,SYNTHETIC_ML_DATASET,NORMAL,0
BRT,BRT_PRESS_001,2026-03-02T00:36:00+00:00,987.2314116056867,hPa,GOOD,SYNTHETIC_ML_DATASET,NORMAL,0
BRT,BRT_TEMP_001,2026-03-02T00:36:00+00:00,-7.760443055246312,C,GOOD,SYNTHETIC_ML_DATASET,NORMAL,0
BRT,BRT_VIB_001,2026-03-02T00:36:00+00:00,0.8450059241232918,mm/s,GOOD,SYNTHETIC_ML_DATASET,NORMAL,0
BRT,BRT_HUM_001,2026-03-02T00:37:00+00:00,64.21344903378031,%,GOOD,SYNTHETIC_ML_DATASET,NORMAL,0
BRT,BRT_POWER_001,2026-03-02T00:37:00+00:00,45.29183581354105,kW,GOOD,SYNTHETIC_ML_DATASET,NORMAL,0
BRT,BRT_PRESS_001,2026-03-02T00:37:00+00:00,987.2581454689197,hPa,GOOD,SYNTHETIC_ML_DATASET,NORMAL,0
BRT,BRT_TEMP_001,2026-03-02T00:37:00+00:00,-7.641955076959196,C,GOOD,SYNTHETIC_ML_DATASET,NORMAL,0
BRT,BRT_VIB_001,2026-03-02T00:37:00+00:00,0.8446268989132028,mm/s,GOOD,SYNTHETIC_ML_DATASET,NORMAL,0
BRT,BRT_HUM_001,2026-03-02T00:38:00+00:00,64.16145503822047,%,GOOD,SYNTHETIC_ML_DATASET,NORMAL,0
BRT,BRT_POWER_001,2026-03-02T00:38:00+00:00,45.26319559211685,kW,GOOD,SYNTHETIC_ML_DATASET,NORMAL,0
BRT,BRT_PRESS_001,2026-03-02T00:38:00+00:00,987.1703970695592,hPa,GOOD,SYNTHETIC_ML_DATASET,NORMAL,0
BRT,BRT_TEMP_001,2026-03-02T00:38:00+00:00,-7.476131557999478,C,GOOD,SYNTHETIC_ML_DATASET,NORMAL,0
BRT,BRT_VIB_001,2026-03-02T00:38:00+00:00,0.8318281989257539,mm/s,GOOD,SYNTHETIC_ML_DATASET,NORMAL,0
BRT,BRT_HUM_001,2026-03-02T00:39:00+00:00,63.742140810323754,%,GOOD,SYNTHETIC_ML_DATASET,NORMAL,0
BRT,BRT_POWER_001,2026-03-02T00:39:00+00:00,45.597370493608096,kW,GOOD,SYNTHETIC_ML_DATASET,NORMAL,0
BRT,BRT_PRESS_001,2026-03-02T00:39:00+00:00,987.2780525334364,hPa,GOOD,SYNTHETIC_ML_DATASET,NORMAL,0
BRT,BRT_TEMP_001,2026-03-02T00:39:00+00:00,-7.3741168952959555,C,GOOD,SYNTHETIC_ML_DATASET,NORMAL,0
BRT,BRT_VIB_001,2026-03-02T00:39:00+00:00,0.824757661056103,mm/s,GOOD,SYNTHETIC_ML_DATASET,NORMAL,0
BRT,BRT_HUM_001,2026-03-02T00:40:00+00:00,63.43707614501636,%,GOOD,SYNTHETIC_ML_DATASET,NORMAL,0
BRT,BRT_POWER_001,2026-03-02T00:40:00+00:00,45.391009180603874,kW,GOOD,SYNTHETIC_ML_DATASET,NORMAL,0
BRT,BRT_PRESS_001,2026-03-02T00:40:00+00:00,987.3372364495586,hPa,GOOD,SYNTHETIC_ML_DATASET,NORMAL,0
BRT,BRT_TEMP_001,2026-03-02T00:40:00+00:00,-7.336194417616109,C,GOOD,SYNTHETIC_ML_DATASET,NORMAL,0
BRT,BRT_VIB_001,2026-03-02T00:40:00+00:00,0.8212109109776559,mm/s,GOOD,SYNTHETIC_ML_DATASET,NORMAL,0
BRT,BRT_HUM_001,2026-03-02T00:41:00+00:00,64.51039406113003,%,GOOD,SYNTHETIC_ML_DATASET,NORMAL,0
BRT,BRT_POWER_001,2026-03-02T00:41:00+00:00,45.528910515967944,kW,GOOD,SYNTHETIC_ML_DATASET,NORMAL,0
BRT,BRT_PRESS_001,2026-03-02T00:41:00+00:00,987.2871025557009,hPa,GOOD,SYNTHETIC_ML_DATASET,NORMAL,0
BRT,BRT_TEMP_001,2026-03-02T00:41:00+00:00,-7.090968066777286,C,GOOD,SYNTHETIC_ML_DATASET,NORMAL,0
BRT,BRT_VIB_001,2026-03-02T00:41:00+00:00,0.820188994140626,mm/s,GOOD,SYNTHETIC_ML_DATASET,NORMAL,0
BRT,BRT_HUM_001,2026-03-02T00:42:00+00:00,65.58841922973951,%,GOOD,SYNTHETIC_ML_DATASET,NORMAL,0
BRT,BRT_POWER_001,2026-03-02T00:42:00+00:00,45.47355108717816,kW,GOOD,SYNTHETIC_ML_DATASET,NORMAL,0
BRT,BRT_PRESS_001,2026-03-02T00:42:00+00:00,987.3437205239585,hPa,GOOD,SYNTHETIC_ML_DATASET,NORMAL,0
BRT,BRT_TEMP_001,2026-03-02T00:42:00+00:00,-7.028428533234699,C,GOOD,SYNTHETIC_ML_DATASET,NORMAL,0
BRT,BRT_VIB_001,2026-03-02T00:42:00+00:00,0.8387111679661131,mm/s,GOOD,SYNTHETIC_ML_DATASET,NORMAL,0
BRT,BRT_HUM_001,2026-03-02T00:43:00+00:00,64.93111204486243,%,GOOD,SYNTHETIC_ML_DATASET,NORMAL,0
BRT,BRT_POWER_001,2026-03-02T00:43:00+00:00,45.63870707423947,kW,GOOD,SYNTHETIC_ML_DATASET,NORMAL,0
BRT,BRT_PRESS_001,2026-03-02T00:43:00+00:00,987.2667798950545,hPa,GOOD,SYNTHETIC_ML_DATASET,NORMAL,0
BRT,BRT_TEMP_001,2026-03-02T00:43:00+00:00,-6.92112072283151,C,GOOD,SYNTHETIC_ML_DATASET,NORMAL,0
BRT,BRT_VIB_001,2026-03-02T00:43:00+00:00,0.8236834215803872,mm/s,GOOD,SYNTHETIC_ML_DATASET,NORMAL,0
BRT,BRT_HUM_001,2026-03-02T00:44:00+00:00,64.84140168427584,%,GOOD,SYNTHETIC_ML_DATASET,NORMAL,0
BRT,BRT_POWER_001,2026-03-02T00:44:00+00:00,45.729685448121025,kW,GOOD,SYNTHETIC_ML_DATASET,NORMAL,0
BRT,BRT_PRESS_001,2026-03-02T00:44:00+00:00,987.28459535973,hPa,GOOD,SYNTHETIC_ML_DATASET,NORMAL,0
BRT,BRT_TEMP_001,2026-03-02T00:44:00+00:00,-6.85548879584257,C,GOOD,SYNTHETIC_ML_DATASET,NORMAL,0
BRT,BRT_VIB_001,2026-03-02T00:44:00+00:00,0.8335743257502523,mm/s,GOOD,SYNTHETIC_ML_DATASET,NORMAL,0
BRT,BRT_HUM_001,2026-03-02T00:45:00+00:00,64.05918053593403,%,GOOD,SYNTHETIC_ML_DATASET,NORMAL,0
BRT,BRT_POWER_001,2026-03-02T00:45:00+00:00,45.724936173819195,kW,GOOD,SYNTHETIC_ML_DATASET,NORMAL,0
BRT,BRT_PRESS_001,2026-03-02T00:45:00+00:00,987.3225835294863,hPa,GOOD,SYNTHETIC_ML_DATASET,NORMAL,0
BRT,BRT_TEMP_001,2026-03-02T00:45:00+00:00,-6.875751170744795,C,GOOD,SYNTHETIC_ML_DATASET,NORMAL,0
BRT,BRT_VIB_001,2026-03-02T00:45:00+00:00,0.8316377984261302,mm/s,GOOD,SYNTHETIC_ML_DATASET,NORMAL,0
BRT,BRT_HUM_001,2026-03-02T00:46:00+00:00,64.57676455903945,%,GOOD,SYNTHETIC_ML_DATASET,NORMAL,0
BRT,BRT_POWER_001,2026-03-02T00:46:00+00:00,46.41308441143672,kW,GOOD,SYNTHETIC_ML_DATASET,NORMAL,0
BRT,BRT_PRESS_001,2026-03-02T00:46:00+00:00,987.3696990989392,hPa,GOOD,SYNTHETIC_ML_DATASET,NORMAL,0
BRT,BRT_TEMP_001,2026-03-02T00:46:00+00:00,-6.793389638916341,C,GOOD,SYNTHETIC_ML_DATASET,NORMAL,0
BRT,BRT_VIB_001,2026-03-02T00:46:00+00:00,0.8423126107203437,mm/s,GOOD,SYNTHETIC_ML_DATASET,NORMAL,0
BRT,BRT_HUM_001,2026-03-02T00:47:00+00:00,63.99696863325249,%,GOOD,SYNTHETIC_ML_DATASET,NORMAL,0
BRT,BRT_POWER_001,2026-03-02T00:47:00+00:00,46.09664197665377,kW,GOOD,SYNTHETIC_ML_DATASET,NORMAL,0
BRT,BRT_PRESS_001,2026-03-02T00:47:00+00:00,987.4424570712798,hPa,GOOD,SYNTHETIC_ML_DATASET,NORMAL,0
BRT,BRT_TEMP_001,2026-03-02T00:47:00+00:00,-6.939648303773892,C,GOOD,SYNTHETIC_ML_DATASET,NORMAL,0
BRT,BRT_VIB_001,2026-03-02T00:47:00+00:00,0.8271781183830603,mm/s,GOOD,SYNTHETIC_ML_DATASET,NORMAL,0
BRT,BRT_HUM_001,2026-03-02T00:48:00+00:00,65.22931008021513,%,GOOD,SYNTHETIC_ML_DATASET,NORMAL,0
BRT,BRT_POWER_001,2026-03-02T00:48:00+00:00,46.58099497700445,kW,GOOD,SYNTHETIC_ML_DATASET,NORMAL,0
BRT,BRT_PRESS_001,2026-03-02T00:48:00+00:00,987.4478739076502,hPa,GOOD,SYNTHETIC_ML_DATASET,NORMAL,0
BRT,BRT_TEMP_001,2026-03-02T00:48:00+00:00,-6.890487123105318,C,GOOD,SYNTHETIC_ML_DATASET,NORMAL,0
BRT,BRT_VIB_001,2026-03-02T00:48:00+00:00,0.8190833764039468,mm/s,GOOD,SYNTHETIC_ML_DATASET,NORMAL,0
BRT,BRT_HUM_001,2026-03-02T00:49:00+00:00,64.32930690953324,%,GOOD,SYNTHETIC_ML_DATASET,NORMAL,0
BRT,BRT_POWER_001,2026-03-02T00:49:00+00:00,47.34087303510129,kW,GOOD,SYNTHETIC_ML_DATASET,NORMAL,0
BRT,BRT_PRESS_001,2026-03-02T00:49:00+00:00,987.3397853447046,hPa,GOOD,SYNTHETIC_ML_DATASET,NORMAL,0
BRT,BRT_TEMP_001,2026-03-02T00:49:00+00:00,-6.874050828419373,C,GOOD,SYNTHETIC_ML_DATASET,NORMAL,0
BRT,BRT_VIB_001,2026-03-02T00:49:00+00:00,0.8275689590230064,mm/s,GOOD,SYNTHETIC_ML_DATASET,NORMAL,0
BRT,BRT_HUM_001,2026-03-02T00:50:00+00:00,64.23888144707834,%,GOOD,SYNTHETIC_ML_DATASET,NORMAL,0
BRT,BRT_POWER_001,2026-03-02T00:50:00+00:00,47.263328736448095,kW,GOOD,SYNTHETIC_ML_DATASET,NORMAL,0
BRT,BRT_PRESS_001,2026-03-02T00:50:00+00:00,987.3505001248145,hPa,GOOD,SYNTHETIC_ML_DATASET,NORMAL,0
BRT,BRT_TEMP_001,2026-03-02T00:50:00+00:00,-7.002290083926189,C,GOOD,SYNTHETIC_ML_DATASET,NORMAL,0
BRT,BRT_VIB_001,2026-03-02T00:50:00+00:00,0.8596900752731654,mm/s,GOOD,SYNTHETIC_ML_DATASET,NORMAL,0
BRT,BRT_HUM_001,2026-03-02T00:51:00+00:00,63.75576704032603,%,GOOD,SYNTHETIC_ML_DATASET,NORMAL,0
BRT,BRT_POWER_001,2026-03-02T00:51:00+00:00,47.02433636319748,kW,GOOD,SYNTHETIC_ML_DATASET,NORMAL,0
BRT,BRT_PRESS_001,2026-03-02T00:51:00+00:00,987.3411927060014,hPa,GOOD,SYNTHETIC_ML_DATASET,NORMAL,0
BRT,BRT_TEMP_001,2026-03-02T00:51:00+00:00,-6.943931018361463,C,GOOD,SYNTHETIC_ML_DATASET,NORMAL,0
BRT,BRT_VIB_001,2026-03-02T00:51:00+00:00,0.833851417512659,mm/s,GOOD,SYNTHETIC_ML_DATASET,NORMAL,0
BRT,BRT_HUM_001,2026-03-02T00:52:00+00:00,64.52804533463707,%,GOOD,SYNTHETIC_ML_DATASET,NORMAL,0
BRT,BRT_POWER_001,2026-03-02T00:52:00+00:00,47.55519312235215,kW,GOOD,SYNTHETIC_ML_DATASET,NORMAL,0
BRT,BRT_PRESS_001,2026-03-02T00:52:00+00:00,987.2634702643738,hPa,GOOD,SYNTHETIC_ML_DATASET,NORMAL,0
BRT,BRT_TEMP_001,2026-03-02T00:52:00+00:00,-6.899394706119516,C,GOOD,SYNTHETIC_ML_DATASET,NORMAL,0
BRT,BRT_VIB_001,2026-03-02T00:52:00+00:00,0.8567243133477983,mm/s,GOOD,SYNTHETIC_ML_DATASET,NORMAL,0
BRT,BRT_HUM_001,2026-03-02T00:53:00+00:00,64.52902687441957,%,GOOD,SYNTHETIC_ML_DATASET,NORMAL,0
BRT,BRT_POWER_001,2026-03-02T00:53:00+00:00,47.868699742291085,kW,GOOD,SYNTHETIC_ML_DATASET,NORMAL,0
BRT,BRT_PRESS_001,2026-03-02T00:53:00+00:00,987.2140171274352,hPa,GOOD,SYNTHETIC_ML_DATASET,NORMAL,0
BRT,BRT_TEMP_001,2026-03-02T00:53:00+00:00,-6.911216354078027,C,GOOD,SYNTHETIC_ML_DATASET,NORMAL,0
BRT,BRT_VIB_001,2026-03-02T00:53:00+00:00,0.8512183658542911,mm/s,GOOD,SYNTHETIC_ML_DATASET,NORMAL,0
BRT,BRT_HUM_001,2026-03-02T00:54:00+00:00,65.37303224230031,%,GOOD,SYNTHETIC_ML_DATASET,NORMAL,0
BRT,BRT_POWER_001,2026-03-02T00:54:00+00:00,47.48119041369814,kW,GOOD,SYNTHETIC_ML_DATASET,NORMAL,0
BRT,BRT_PRESS_001,2026-03-02T00:54:00+00:00,987.3580791988409,hPa,GOOD,SYNTHETIC_ML_DATASET,NORMAL,0
BRT,BRT_TEMP_001,2026-03-02T00:54:00+00:00,-6.781412221090404,C,GOOD,SYNTHETIC_ML_DATASET,NORMAL,0
BRT,BRT_VIB_001,2026-03-02T00:54:00+00:00,0.876678880292084,mm/s,GOOD,SYNTHETIC_ML_DATASET,NORMAL,0
BRT,BRT_HUM_001,2026-03-02T00:55:00+00:00,65.18351443150553,%,GOOD,SYNTHETIC_ML_DATASET,NORMAL,0
BRT,BRT_POWER_001,2026-03-02T00:55:00+00:00,46.82207928367846,kW,GOOD,SYNTHETIC_ML_DATASET,NORMAL,0
BRT,BRT_PRESS_001,2026-03-02T00:55:00+00:00,987.2694457331445,hPa,GOOD,SYNTHETIC_ML_DATASET,NORMAL,0
BRT,BRT_TEMP_001,2026-03-02T00:55:00+00:00,-7.003739380996228,C,GOOD,SYNTHETIC_ML_DATASET,NORMAL,0
BRT,BRT_VIB_001,2026-03-02T00:55:00+00:00,0.8854180452509922,mm/s,GOOD,SYNTHETIC_ML_DATASET,NORMAL,0
BRT,BRT_HUM_001,2026-03-02T00:56:00+00:00,65.2788008299665,%,GOOD,SYNTHETIC_ML_DATASET,NORMAL,0
BRT,BRT_POWER_001,2026-03-02T00:56:00+00:00,47.379144101645394,kW,GOOD,SYNTHETIC_ML_DATASET,NORMAL,0
BRT,BRT_PRESS_001,2026-03-02T00:56:00+00:00,987.2839873823749,hPa,GOOD,SYNTHETIC_ML_DATASET,NORMAL,0
BRT,BRT_TEMP_001,2026-03-02T00:56:00+00:00,-6.823782077781044,C,GOOD,SYNTHETIC_ML_DATASET,NORMAL,0
BRT,BRT_VIB_001,2026-03-02T00:56:00+00:00,0.912203158763013,mm/s,GOOD,SYNTHETIC_ML_DATASET,NORMAL,0
BRT,BRT_HUM_001,2026-03-02T00:57:00+00:00,65.68650771871484,%,GOOD,SYNTHETIC_ML_DATASET,NORMAL,0
BRT,BRT_POWER_001,2026-03-02T00:57:00+00:00,47.73539621043633,kW,GOOD,SYNTHETIC_ML_DATASET,NORMAL,0
BRT,BRT_PRESS_001,2026-03-02T00:57:00+00:00,987.3329909543592,hPa,GOOD,SYNTHETIC_ML_DATASET,NORMAL,0
BRT,BRT_TEMP_001,2026-03-02T00:57:00+00:00,-6.887318324996474,C,GOOD,SYNTHETIC_ML_DATASET,NORMAL,0
BRT,BRT_VIB_001,2026-03-02T00:57:00+00:00,0.9269374845402756,mm/s,GOOD,SYNTHETIC_ML_DATASET,NORMAL,0
BRT,BRT_HUM_001,2026-03-02T00:58:00+00:00,66.45771578111786,%,GOOD,SYNTHETIC_ML_DATASET,NORMAL,0
BRT,BRT_POWER_001,2026-03-02T00:58:00+00:00,48.26742765260215,kW,GOOD,SYNTHETIC_ML_DATASET,NORMAL,0
BRT,BRT_PRESS_001,2026-03-02T00:58:00+00:00,987.3161334857997,hPa,GOOD,SYNTHETIC_ML_DATASET,NORMAL,0
BRT,BRT_TEMP_001,2026-03-02T00:58:00+00:00,-6.918754985933236,C,GOOD,SYNTHETIC_ML_DATASET,NORMAL,0
BRT,BRT_VIB_001,2026-03-02T00:58:00+00:00,0.9083803027923619,mm/s,GOOD,SYNTHETIC_ML_DATASET,NORMAL,0
BRT,BRT_HUM_001,2026-03-02T00:59:00+00:00,66.49614202385877,%,GOOD,SYNTHETIC_ML_DATASET,NORMAL,0
BRT,BRT_POWER_001,2026-03-02T00:59:00+00:00,48.272231223459045,kW,GOOD,SYNTHETIC_ML_DATASET,NORMAL,0
BRT,BRT_PRESS_001,2026-03-02T00:59:00+00:00,987.2920020980556,hPa,GOOD,SYNTHETIC_ML_DATASET,NORMAL,0
BRT,BRT_TEMP_001,2026-03-02T00:59:00+00:00,-6.9088973334758315,C,GOOD,SYNTHETIC_ML_DATASET,NORMAL,0
BRT,BRT_VIB_001,2026-03-02T00:59:00+00:00,0.9385279493801455,mm/s,GOOD,SYNTHETIC_ML_DATASET,NORMAL,0
BRT,BRT_HUM_001,2026-03-02T01:00:00+00:00,66.7357979381301,%,BAD,SYNTHETIC_ML_DATASET,DRIFT,1
BRT,BRT_POWER_001,2026-03-02T01:00:00+00:00,48.869422355857274,kW,BAD,SYNTHETIC_ML_DATASET,DRIFT,1
BRT,BRT_PRESS_001,2026-03-02T01:00:00+00:00,987.3945645653952,hPa,BAD,SYNTHETIC_ML_DATASET,DRIFT,1
BRT,BRT_TEMP_001,2026-03-02T01:00:00+00:00,-6.837816292803397,C,BAD,SYNTHETIC_ML_DATASET,DRIFT,1
BRT,BRT_VIB_001,2026-03-02T01:00:00+00:00,0.928033418086069,mm/s,BAD,SYNTHETIC_ML_DATASET,DRIFT,1
BRT,BRT_HUM_001,2026-03-02T01:01:00+00:00,67.12029305367896,%,BAD,SYNTHETIC_ML_DATASET,DRIFT,1
BRT,BRT_POWER_001,2026-03-02T01:01:00+00:00,49.01844815451033,kW,BAD,SYNTHETIC_ML_DATASET,DRIFT,1
BRT,BRT_PRESS_001,2026-03-02T01:01:00+00:00,987.604293440763,hPa,BAD,SYNTHETIC_ML_DATASET,DRIFT,1
BRT,BRT_TEMP_001,2026-03-02T01:01:00+00:00,-6.519575120699115,C,BAD,SYNTHETIC_ML_DATASET,DRIFT,1
BRT,BRT_VIB_001,2026-03-02T01:01:00+00:00,0.9134521214829328,mm/s,BAD,SYNTHETIC_ML_DATASET,DRIFT,1
BRT,BRT_HUM_001,2026-03-02T01:02:00+00:00,67.78574461455138,%,BAD,SYNTHETIC_ML_DATASET,DRIFT,1
BRT,BRT_POWER_001,2026-03-02T01:02:00+00:00,49.6631087758803,kW,BAD,SYNTHETIC_ML_DATASET,DRIFT,1
BRT,BRT_PRESS_001,2026-03-02T01:02:00+00:00,987.8223257655447,hPa,BAD,SYNTHETIC_ML_DATASET,DRIFT,1
BRT,BRT_TEMP_001,2026-03-02T01:02:00+00:00,-6.254759146748782,C,BAD,SYNTHETIC_ML_DATASET,DRIFT,1
BRT,BRT_VIB_001,2026-03-02T01:02:00+00:00,0.9367789774382304,mm/s,BAD,SYNTHETIC_ML_DATASET,DRIFT,1
BRT,BRT_HUM_001,2026-03-02T01:03:00+00:00,68.59388791978607,%,BAD,SYNTHETIC_ML_DATASET,DRIFT,1
BRT,BRT_POWER_001,2026-03-02T01:03:00+00:00,49.76527084892703,kW,BAD,SYNTHETIC_ML_DATASET,DRIFT,1
BRT,BRT_PRESS_001,2026-03-02T01:03:00+00:00,987.9219567662993,hPa,BAD,SYNTHETIC_ML_DATASET,DRIFT,1
BRT,BRT_TEMP_001,2026-03-02T01:03:00+00:00,-6.211693198169115,C,BAD,SYNTHETIC_ML_DATASET,DRIFT,1
BRT,BRT_VIB_001,2026-03-02T01:03:00+00:00,0.9225049000550527,mm/s,BAD,SYNTHETIC_ML_DATASET,DRIFT,1
BRT,BRT_HUM_001,2026-03-02T01:04:00+00:00,68.54833681906553,%,BAD,SYNTHETIC_ML_DATASET,DRIFT,1
BRT,BRT_POWER_001,2026-03-02T01:04:00+00:00,49.24903665068511,kW,BAD,SYNTHETIC_ML_DATASET,DRIFT,1
BRT,BRT_PRESS_001,2026-03-02T01:04:00+00:00,988.0537914761134,hPa,BAD,SYNTHETIC_ML_DATASET,DRIFT,1
BRT,BRT_TEMP_001,2026-03-02T01:04:00+00:00,-5.889515774648599,C,BAD,SYNTHETIC_ML_DATASET,DRIFT,1
BRT,BRT_VIB_001,2026-03-02T01:04:00+00:00,0.9198598597835242,mm/s,BAD,SYNTHETIC_ML_DATASET,DRIFT,1
BRT,BRT_HUM_001,2026-03-02T01:05:00+00:00,69.00004872817783,%,BAD,SYNTHETIC_ML_DATASET,DRIFT,1
BRT,BRT_POWER_001,2026-03-02T01:05:00+00:00,50.26419088694056,kW,BAD,SYNTHETIC_ML_DATASET,DRIFT,1
BRT,BRT_PRESS_001,2026-03-02T01:05:00+00:00,988.2381116524346,hPa,BAD,SYNTHETIC_ML_DATASET,DRIFT,1
BRT,BRT_TEMP_001,2026-03-02T01:05:00+00:00,-5.4878532564367974,C,BAD,SYNTHETIC_ML_DATASET,DRIFT,1
BRT,BRT_VIB_001,2026-03-02T01:05:00+00:00,0.9262869513039754,mm/s,BAD,SYNTHETIC_ML_DATASET,DRIFT,1
BRT,BRT_HUM_001,2026-03-02T01:06:00+00:00,68.45591801914894,%,BAD,SYNTHETIC_ML_DATASET,DRIFT,1
BRT,BRT_POWER_001,2026-03-02T01:06:00+00:00,50.73533820167114,kW,BAD,SYNTHETIC_ML_DATASET,DRIFT,1
BRT,BRT_PRESS_001,2026-03-02T01:06:00+00:00,988.2533407422621,hPa,BAD,SYNTHETIC_ML_DATASET,DRIFT,1
BRT,BRT_TEMP_001,2026-03-02T01:06:00+00:00,-5.683025227750978,C,BAD,SYNTHETIC_ML_DATASET,DRIFT,1
BRT,BRT_VIB_001,2026-03-02T01:06:00+00:00,0.9143280383766389,mm/s,BAD,SYNTHETIC_ML_DATASET,DRIFT,1
BRT,BRT_HUM_001,2026-03-02T01:07:00+00:00,68.62471280209371,%,BAD,SYNTHETIC_ML_DATASET,DRIFT,1
BRT,BRT_POWER_001,2026-03-02T01:07:00+00:00,50.80289058150181,kW,BAD,SYNTHETIC_ML_DATASET,DRIFT,1
BRT,BRT_PRESS_001,2026-03-02T01:07:00+00:00,988.389208838116,hPa,BAD,SYNTHETIC_ML_DATASET,DRIFT,1
BRT,BRT_TEMP_001,2026-03-02T01:07:00+00:00,-5.418933610511781,C,BAD,SYNTHETIC_ML_DATASET,DRIFT,1
BRT,BRT_VIB_001,2026-03-02T01:07:00+00:00,0.9582175418535976,mm/s,BAD,SYNTHETIC_ML_DATASET,DRIFT,1
BRT,BRT_HUM_001,2026-03-02T01:08:00+00:00,69.81059660342615,%,BAD,SYNTHETIC_ML_DATASET,DRIFT,1
BRT,BRT_POWER_001,2026-03-02T01:08:00+00:00,51.55547227577102,kW,BAD,SYNTHETIC_ML_DATASET,DRIFT,1
BRT,BRT_PRESS_001,2026-03-02T01:08:00+00:00,988.3736034275023,hPa,BAD,SYNTHETIC_ML_DATASET,DRIFT,1
BRT,BRT_TEMP_001,2026-03-02T01:08:00+00:00,-5.0217680269112215,C,BAD,SYNTHETIC_ML_DATASET,DRIFT,1
BRT,BRT_VIB_001,2026-03-02T01:08:00+00:00,0.968468359349283,mm/s,BAD,SYNTHETIC_ML_DATASET,DRIFT,1
BRT,BRT_HUM_001,2026-03-02T01:09:00+00:00,70.78985730494757,%,BAD,SYNTHETIC_ML_DATASET,DRIFT,1
BRT,BRT_POWER_001,2026-03-02T01:09:00+00:00,51.98511485469133,kW,BAD,SYNTHETIC_ML_DATASET,DRIFT,1
BRT,BRT_PRESS_001,2026-03-02T01:09:00+00:00,988.7622566236664,hPa,BAD,SYNTHETIC_ML_DATASET,DRIFT,1
BRT,BRT_TEMP_001,2026-03-02T01:09:00+00:00,-4.987670028848668,C,BAD,SYNTHETIC_ML_DATASET,DRIFT,1
BRT,BRT_VIB_001,2026-03-02T01:09:00+00:00,0.9724678003238545,mm/s,BAD,SYNTHETIC_ML_DATASET,DRIFT,1
BRT,BRT_HUM_001,2026-03-02T01:10:00+00:00,71.0044108339424,%,BAD,SYNTHETIC_ML_DATASET,DRIFT,1
BRT,BRT_POWER_001,2026-03-02T01:10:00+00:00,52.35096514897493,kW,BAD,SYNTHETIC_ML_DATASET,DRIFT,1
BRT,BRT_PRESS_001,2026-03-02T01:10:00+00:00,988.7841619935367,hPa,BAD,SYNTHETIC_ML_DATASET,DRIFT,1
BRT,BRT_TEMP_001,2026-03-02T01:10:00+00:00,-4.633609438696091,C,BAD,SYNTHETIC_ML_DATASET,DRIFT,1
BRT,BRT_VIB_001,2026-03-02T01:10:00+00:00,0.9861102242640303,mm/s,BAD,SYNTHETIC_ML_DATASET,DRIFT,1
BRT,BRT_HUM_001,2026-03-02T01:11:00+00:00,71.86418912092753,%,BAD,SYNTHETIC_ML_DATASET,DRIFT,1
BRT,BRT_POWER_001,2026-03-02T01:11:00+00:00,51.97415292360513,kW,BAD,SYNTHETIC_ML_DATASET,DRIFT,1
BRT,BRT_PRESS_001,2026-03-02T01:11:00+00:00,988.9415887772267,hPa,BAD,SYNTHETIC_ML_DATASET,DRIFT,1
BRT,BRT_TEMP_001,2026-03-02T01:11:00+00:00,-4.599297108133002,C,BAD,SYNTHETIC_ML_DATASET,DRIFT,1
BRT,BRT_VIB_001,2026-03-02T01:11:00+00:00,0.9865775482025794,mm/s,BAD,SYNTHETIC_ML_DATASET,DRIFT,1
BRT,BRT_HUM_001,2026-03-02T01:12:00+00:00,72.60671293144844,%,BAD,SYNTHETIC_ML_DATASET,DRIFT,1
BRT,BRT_POWER_001,2026-03-02T01:12:00+00:00,52.852324847792815,kW,BAD,SYNTHETIC_ML_DATASET,DRIFT,1
BRT,BRT_PRESS_001,2026-03-02T01:12:00+00:00,989.0603262349948,hPa,BAD,SYNTHETIC_ML_DATASET,DRIFT,1
BRT,BRT_TEMP_001,2026-03-02T01:12:00+00:00,-4.256300673245944,C,BAD,SYNTHETIC_ML_DATASET,DRIFT,1
BRT,BRT_VIB_001,2026-03-02T01:12:00+00:00,1.0020850619808828,mm/s,BAD,SYNTHETIC_ML_DATASET,DRIFT,1
BRT,BRT_HUM_001,2026-03-02T01:13:00+00:00,73.40271787041704,%,BAD,SYNTHETIC_ML_DATASET,DRIFT,1
BRT,BRT_POWER_001,2026-03-02T01:13:00+00:00,52.783125513564954,kW,BAD,SYNTHETIC_ML_DATASET,DRIFT,1
BRT,BRT_PRESS_001,2026-03-02T01:13:00+00:00,989.0795509669235,hPa,BAD,SYNTHETIC_ML_DATASET,DRIFT,1
BRT,BRT_TEMP_001,2026-03-02T01:13:00+00:00,-4.092324261088006,C,BAD,SYNTHETIC_ML_DATASET,DRIFT,1
BRT,BRT_VIB_001,2026-03-02T01:13:00+00:00,0.988050401092518,mm/s,BAD,SYNTHETIC_ML_DATASET,DRIFT,1
BRT,BRT_HUM_001,2026-03-02T01:14:00+00:00,73.70070869730242,%,BAD,SYNTHETIC_ML_DATASET,DRIFT,1
BRT,BRT_POWER_001,2026-03-02T01:14:00+00:00,52.925831946305074,kW,BAD,SYNTHETIC_ML_DATASET,DRIFT,1
BRT,BRT_PRESS_001,2026-03-02T01:14:00+00:00,989.4034962082488,hPa,BAD,SYNTHETIC_ML_DATASET,DRIFT,1
BRT,BRT_TEMP_001,2026-03-02T01:14:00+00:00,-4.145183850734532,C,BAD,SYNTHETIC_ML_DATASET,DRIFT,1
BRT,BRT_VIB_001,2026-03-02T01:14:00+00:00,1.0246262705669194,mm/s,BAD,SYNTHETIC_ML_DATASET,DRIFT,1
BRT,BRT_HUM_001,2026-03-02T01:15:00+00:00,74.28833940764791,%,BAD,SYNTHETIC_ML_DATASET,DRIFT,1
BRT,BRT_POWER_001,2026-03-02T01:15:00+00:00,53.19474365318639,kW,BAD,SYNTHETIC_ML_DATASET,DRIFT,1
BRT,BRT_PRESS_001,2026-03-02T01:15:00+00:00,989.3490069359494,hPa,BAD,SYNTHETIC_ML_DATASET,DRIFT,1
BRT,BRT_TEMP_001,2026-03-02T01:15:00+00:00,-4.008861343015311,C,BAD,SYNTHETIC_ML_DATASET,DRIFT,1
BRT,BRT_VIB_001,2026-03-02T01:15:00+00:00,1.0268599169205865,mm/s,BAD,SYNTHETIC_ML_DATASET,DRIFT,1
BRT,BRT_HUM_001,2026-03-02T01:16:00+00:00,74.08904856409036,%,BAD,SYNTHETIC_ML_DATASET,DRIFT,1
BRT,BRT_POWER_001,2026-03-02T01:16:00+00:00,53.46560499369015,kW,BAD,SYNTHETIC_ML_DATASET,DRIFT,1
BRT,BRT_PRESS_001,2026-03-02T01:16:00+00:00,989.3812958727138,hPa,BAD,SYNTHETIC_ML_DATASET,DRIFT,1
BRT,BRT_TEMP_001,2026-03-02T01:16:00+00:00,-3.8143337242306092,C,BAD,SYNTHETIC_ML_DATASET,DRIFT,1
BRT,BRT_VIB_001,2026-03-02T01:16:00+00:00,1.0170788927079488,mm/s,BAD,SYNTHETIC_ML_DATASET,DRIFT,1
BRT,BRT_HUM_001,2026-03-02T01:17:00+00:00,74.23310321704834,%,BAD,SYNTHETIC_ML_DATASET,DRIFT,1
BRT,BRT_POWER_001,2026-03-02T01:17:00+00:00,53.35178244586679,kW,BAD,SYNTHETIC_ML_DATASET,DRIFT,1
BRT,BRT_PRESS_001,2026-03-02T01:17:00+00:00,989.6699613419979,hPa,BAD,SYNTHETIC_ML_DATASET,DRIFT,1
BRT,BRT_TEMP_001,2026-03-02T01:17:00+00:00,-3.560957471233339,C,BAD,SYNTHETIC_ML_DATASET,DRIFT,1
BRT,BRT_VIB_001,2026-03-02T01:17:00+00:00,1.029920582405866,mm/s,BAD,SYNTHETIC_ML_DATASET,DRIFT,1
BRT,BRT_HUM_001,2026-03-02T01:18:00+00:00,75.83421902206936,%,BAD,SYNTHETIC_ML_DATASET,DRIFT,1
BRT,BRT_POWER_001,2026-03-02T01:18:00+00:00,53.8553317484353,kW,BAD,SYNTHETIC_ML_DATASET,DRIFT,1
BRT,BRT_PRESS_001,2026-03-02T01:18:00+00:00,989.6083952797173,hPa,BAD,SYNTHETIC_ML_DATASET,DRIFT,1
BRT,BRT_TEMP_001,2026-03-02T01:18:00+00:00,-3.407798914501727,C,BAD,SYNTHETIC_ML_DATASET,DRIFT,1
BRT,BRT_VIB_001,2026-03-02T01:18:00+00:00,1.0277674447648315,mm/s,BAD,SYNTHETIC_ML_DATASET,DRIFT,1
BRT,BRT_HUM_001,2026-03-02T01:19:00+00:00,76.19850955933939,%,BAD,SYNTHETIC_ML_DATASET,DRIFT,1
BRT,BRT_POWER_001,2026-03-02T01:19:00+00:00,54.47548816226188,kW,BAD,SYNTHETIC_ML_DATASET,DRIFT,1
BRT,BRT_PRESS_001,2026-03-02T01:19:00+00:00,989.8811208365895,hPa,BAD,SYNTHETIC_ML_DATASET,DRIFT,1
BRT,BRT_TEMP_001,2026-03-02T01:19:00+00:00,-3.346953715096906,C,BAD,SYNTHETIC_ML_DATASET,DRIFT,1
BRT,BRT_VIB_001,2026-03-02T01:19:00+00:00,1.0363367522186788,mm/s,BAD,SYNTHETIC_ML_DATASET,DRIFT,1
BRT,BRT_HUM_001,2026-03-02T01:20:00+00:00,76.7241351618582,%,BAD,SYNTHETIC_ML_DATASET,DRIFT,1
BRT,BRT_POWER_001,2026-03-02T01:20:00+00:00,54.80605856417183,kW,BAD,SYNTHETIC_ML_DATASET,DRIFT,1
BRT,BRT_PRESS_001,2026-03-02T01:20:00+00:00,989.971285239566,hPa,BAD,SYNTHETIC_ML_DATASET,DRIFT,1
BRT,BRT_TEMP_001,2026-03-02T01:20:00+00:00,-3.42975334250366,C,BAD,SYNTHETIC_ML_DATASET,DRIFT,1
BRT,BRT_VIB_001,2026-03-02T01:20:00+00:00,1.0188286439220469,mm/s,BAD,SYNTHETIC_ML_DATASET,DRIFT,1
BRT,BRT_HUM_001,2026-03-02T01:21:00+00:00,76.68278616562331,%,BAD,SYNTHETIC_ML_DATASET,DRIFT,1
BRT,BRT_POWER_001,2026-03-02T01:21:00+00:00,54.64972086043841,kW,BAD,SYNTHETIC_ML_DATASET,DRIFT,1
BRT,BRT_PRESS_001,2026-03-02T01:21:00+00:00,990.0994264329531,hPa,BAD,SYNTHETIC_ML_DATASET,DRIFT,1
BRT,BRT_TEMP_001,2026-03-02T01:21:00+00:00,-3.422038536601324,C,BAD,SYNTHETIC_ML_DATASET,DRIFT,1
BRT,BRT_VIB_001,2026-03-02T01:21:00+00:00,1.0298748209205284,mm/s,BAD,SYNTHETIC_ML_DATASET,DRIFT,1
BRT,BRT_HUM_001,2026-03-02T01:22:00+00:00,77.35769434829854,%,BAD,SYNTHETIC_ML_DATASET,DRIFT,1
BRT,BRT_POWER_001,2026-03-02T01:22:00+00:00,54.79998752293709,kW,BAD,SYNTHETIC_ML_DATASET,DRIFT,1
BRT,BRT_PRESS_001,2026-03-02T01:22:00+00:00,990.3043365655438,hPa,BAD,SYNTHETIC_ML_DATASET,DRIFT,1
BRT,BRT_TEMP_001,2026-03-02T01:22:00+00:00,-3.2862550617555977,C,BAD,SYNTHETIC_ML_DATASET,DRIFT,1
BRT,BRT_VIB_001,2026-03-02T01:22:00+00:00,1.0202818693584608,mm/s,BAD,SYNTHETIC_ML_DATASET,DRIFT,1
BRT,BRT_HUM_001,2026-03-02T01:23:00+00:00,77.33384652827954,%,BAD,SYNTHETIC_ML_DATASET,DRIFT,1
BRT,BRT_POWER_001,2026-03-02T01:23:00+00:00,54.76634665537753,kW,BAD,SYNTHETIC_ML_DATASET,DRIFT,1
BRT,BRT_PRESS_001,2026-03-02T01:23:00+00:00,990.3807494118955,hPa,BAD,SYNTHETIC_ML_DATASET,DRIFT,1
BRT,BRT_TEMP_001,2026-03-02T01:23:00+00:00,-3.245165767381639,C,BAD,SYNTHETIC_ML_DATASET,DRIFT,1
BRT,BRT_VIB_001,2026-03-02T01:23:00+00:00,1.029011958975999,mm/s,BAD,SYNTHETIC_ML_DATASET,DRIFT,1
BRT,BRT_HUM_001,2026-03-02T01:24:00+00:00,78.32500879037258,%,BAD,SYNTHETIC_ML_DATASET,DRIFT,1
BRT,BRT_POWER_001,2026-03-02T01:24:00+00:00,54.675240307162134,kW,BAD,SYNTHETIC_ML_DATASET,DRIFT,1
BRT,BRT_PRESS_001,2026-03-02T01:24:00+00:00,990.4025490396104,hPa,BAD,SYNTHETIC_ML_DATASET,DRIFT,1
BRT,BRT_TEMP_001,2026-03-02T01:24:00+00:00,-3.02512491851445,C,BAD,SYNTHETIC_ML_DATASET,DRIFT,1
BRT,BRT_VIB_001,2026-03-02T01:24:00+00:00,1.038400262640159,mm/s,BAD,SYNTHETIC_ML_DATASET,DRIFT,1
BRT,BRT_HUM_001,2026-03-02T01:25:00+00:00,77.59137082763183,%,BAD,SYNTHETIC_ML_DATASET,DRIFT,1
BRT,BRT_POWER_001,2026-03-02T01:25:00+00:00,54.914910312382425,kW,BAD,SYNTHETIC_ML_DATASET,DRIFT,1
BRT,BRT_PRESS_001,2026-03-02T01:25:00+00:00,990.6660511292461,hPa,BAD,SYNTHETIC_ML_DATASET,DRIFT,1
BRT,BRT_TEMP_001,2026-03-02T01:25:00+00:00,-2.4741064544327402,C,BAD,SYNTHETIC_ML_DATASET,DRIFT,1
BRT,BRT_VIB_001,2026-03-02T01:25:00+00:00,1.0383122273684142,mm/s,BAD,SYNTHETIC_ML_DATASET,DRIFT,1
BRT,BRT_HUM_001,2026-03-02T01:26:00+00:00,78.28067359087876,%,BAD,SYNTHETIC_ML_DATASET,DRIFT,1
BRT,BRT_POWER_001,2026-03-02T01:26:00+00:00,55.64155505384534,kW,BAD,SYNTHETIC_ML_DATASET,DRIFT,1
BRT,BRT_PRESS_001,2026-03-02T01:26:00+00:00,990.9615387085199,hPa,BAD,SYNTHETIC_ML_DATASET,DRIFT,1
BRT,BRT_TEMP_001,2026-03-02T01:26:00+00:00,-2.3058189052873796,C,BAD,SYNTHETIC_ML_DATASET,DRIFT,1
BRT,BRT_VIB_001,2026-03-02T01:26:00+00:00,1.0659379902809716,mm/s,BAD,SYNTHETIC_ML_DATASET,DRIFT,1
BRT,BRT_HUM_001,2026-03-02T01:27:00+00:00,78.3611826978565,%,BAD,SYNTHETIC_ML_DATASET,DRIFT,1
BRT,BRT_POWER_001,2026-03-02T01:27:00+00:00,55.01799646074236,kW,BAD,SYNTHETIC_ML_DATASET,DRIFT,1
BRT,BRT_PRESS_001,2026-03-02T01:27:00+00:00,990.9588533143655,hPa,BAD,SYNTHETIC_ML_DATASET,DRIFT,1
BRT,BRT_TEMP_001,2026-03-02T01:27:00+00:00,-2.3294454207471524,C,BAD,SYNTHETIC_ML_DATASET,DRIFT,1
BRT,BRT_VIB_001,2026-03-02T01:27:00+00:00,1.081937309563448,mm/s,BAD,SYNTHETIC_ML_DATASET,DRIFT,1
BRT,BRT_HUM_001,2026-03-02T01:28:00+00:00,78.49315053182832,%,BAD,SYNTHETIC_ML_DATASET,DRIFT,1
BRT,BRT_POWER_001,2026-03-02T01:28:00+00:00,55.56585878139006,kW,BAD,SYNTHETIC_ML_DATASET,DRIFT,1
BRT,BRT_PRESS_001,2026-03-02T01:28:00+00:00,990.9381066115105,hPa,BAD,SYNTHETIC_ML_DATASET,DRIFT,1
BRT,BRT_TEMP_001,2026-03-02T01:28:00+00:00,-2.382268299138439,C,BAD,SYNTHETIC_ML_DATASET,DRIFT,1
BRT,BRT_VIB_001,2026-03-02T01:28:00+00:00,1.0908990453484209,mm/s,BAD,SYNTHETIC_ML_DATASET,DRIFT,1
BRT,BRT_HUM_001,2026-03-02T01:29:00+00:00,78.73662363009231,%,BAD,SYNTHETIC_ML_DATASET,DRIFT,1
BRT,BRT_POWER_001,2026-03-02T01:29:00+00:00,55.99341108699644,kW,BAD,SYNTHETIC_ML_DATASET,DRIFT,1
BRT,BRT_PRESS_001,2026-03-02T01:29:00+00:00,990.8887929774006,hPa,BAD,SYNTHETIC_ML_DATASET,DRIFT,1
BRT,BRT_TEMP_001,2026-03-02T01:29:00+00:00,-1.9971583328062685,C,BAD,SYNTHETIC_ML_DATASET,DRIFT,1
BRT,BRT_VIB_001,2026-03-02T01:29:00+00:00,1.1113899403222303,mm/s,BAD,SYNTHETIC_ML_DATASET,DRIFT,1
BRT,BRT_HUM_001,2026-03-02T01:30:00+00:00,68.01636882708746,%,GOOD,SYNTHETIC_ML_DATASET,NORMAL,0
BRT,BRT_POWER_001,2026-03-02T01:30:00+00:00,47.723281036750095,kW,GOOD,SYNTHETIC_ML_DATASET,NORMAL,0
BRT,BRT_PRESS_001,2026-03-02T01:30:00+00:00,987.0569026868851,hPa,GOOD,SYNTHETIC_ML_DATASET,NORMAL,0
BRT,BRT_TEMP_001,2026-03-02T01:30:00+00:00,-7.0230119299907985,C,GOOD,SYNTHETIC_ML_DATASET,NORMAL,0
BRT,BRT_VIB_001,2026-03-02T01:30:00+00:00,0.93828995638787,mm/s,GOOD,SYNTHETIC_ML_DATASET,NORMAL,0
BRT,BRT_HUM_001,2026-03-02T01:31:00+00:00,67.70509495312074,%,GOOD,SYNTHETIC_ML_DATASET,NORMAL,0
BRT,BRT_POWER_001,2026-03-02T01:31:00+00:00,47.53137749584288,kW,GOOD,SYNTHETIC_ML_DATASET,NORMAL,0
BRT,BRT_PRESS_001,2026-03-02T01:31:00+00:00,987.1298915290348,hPa,GOOD,SYNTHETIC_ML_DATASET,NORMAL,0
BRT,BRT_TEMP_001,2026-03-02T01:31:00+00:00,-7.1865263169667655,C,GOOD,SYNTHETIC_ML_DATASET,NORMAL,0
BRT,BRT_VIB_001,2026-03-02T01:31:00+00:00,0.932018791671426,mm/s,GOOD,SYNTHETIC_ML_DATASET,NORMAL,0
BRT,BRT_HUM_001,2026-03-02T01:32:00+00:00,67.92283815885429,%,GOOD,SYNTHETIC_ML_DATASET,NORMAL,0
BRT,BRT_POWER_001,2026-03-02T01:32:00+00:00,47.2598446338576,kW,GOOD,SYNTHETIC_ML_DATASET,NORMAL,0
BRT,BRT_PRESS_001,2026-03-02T01:32:00+00:00,987.1735506342624,hPa,GOOD,SYNTHETIC_ML_DATASET,NORMAL,0
BRT,BRT_TEMP_001,2026-03-02T01:32:00+00:00,-6.950729251459686,C,GOOD,SYNTHETIC_ML_DATASET,NORMAL,0
BRT,BRT_VIB_001,2026-03-02T01:32:00+00:00,0.9365675674644627,mm/s,GOOD,SYNTHETIC_ML_DATASET,NORMAL,0
BRT,BRT_HUM_001,2026-03-02T01:33:00+00:00,68.62132587554348,%,GOOD,SYNTHETIC_ML_DATASET,NORMAL,0
BRT,BRT_POWER_001,2026-03-02T01:33:00+00:00,47.55998073488761,kW,GOOD,SYNTHETIC_ML_DATASET,NORMAL,0
BRT,BRT_PRESS_001,2026-03-02T01:33:00+00:00,987.0534400963751,hPa,GOOD,SYNTHETIC_ML_DATASET,NORMAL,0
BRT,BRT_TEMP_001,2026-03-02T01:33:00+00:00,-7.1801472968984115,C,GOOD,SYNTHETIC_ML_DATASET,NORMAL,0
BRT,BRT_VIB_001,2026-03-02T01:33:00+00:00,0.9223001900303279,mm/s,GOOD,SYNTHETIC_ML_DATASET,NORMAL,0
BRT,BRT_HUM_001,2026-03-02T01:34:00+00:00,68.60610121310879,%,GOOD,SYNTHETIC_ML_DATASET,NORMAL,0
BRT,BRT_POWER_001,2026-03-02T01:34:00+00:00,47.322652634964605,kW,GOOD,SYNTHETIC_ML_DATASET,NORMAL,0
BRT,BRT_PRESS_001,2026-03-02T01:34:00+00:00,987.1475606577109,hPa,GOOD,SYNTHETIC_ML_DATASET,NORMAL,0
BRT,BRT_TEMP_001,2026-03-02T01:34:00+00:00,-6.9961575773512665,C,GOOD,SYNTHETIC_ML_DATASET,NORMAL,0
BRT,BRT_VIB_001,2026-03-02T01:34:00+00:00,0.9187072264496174,mm/s,GOOD,SYNTHETIC_ML_DATASET,NORMAL,0
BRT,BRT_HUM_001,2026-03-02T01:35:00+00:00,68.54853091949126,%,GOOD,SYNTHETIC_ML_DATASET,NORMAL,0
BRT,BRT_POWER_001,2026-03-02T01:35:00+00:00,47.194007830224365,kW,GOOD,SYNTHETIC_ML_DATASET,NORMAL,0
BRT,BRT_PRESS_001,2026-03-02T01:35:00+00:00,987.1826406455243,hPa,GOOD,SYNTHETIC_ML_DATASET,NORMAL,0
BRT,BRT_TEMP_001,2026-03-02T01:35:00+00:00,-7.304249326441797,C,GOOD,SYNTHETIC_ML_DATASET,NORMAL,0
BRT,BRT_VIB_001,2026-03-02T01:35:00+00:00,0.9163915900507168,mm/s,GOOD,SYNTHETIC_ML_DATASET,NORMAL,0
BRT,BRT_HUM_001,2026-03-02T01:36:00+00:00,68.61497756437896,%,GOOD,SYNTHETIC_ML_DATASET,NORMAL,0
BRT,BRT_POWER_001,2026-03-02T01:36:00+00:00,47.2761566822308,kW,GOOD,SYNTHETIC_ML_DATASET,NORMAL,0
BRT,BRT_PRESS_001,2026-03-02T01:36:00+00:00,987.2329055081111,hPa,GOOD,SYNTHETIC_ML_DATASET,NORMAL,0
BRT,BRT_TEMP_001,2026-03-02T01:36:00+00:00,-7.02120294680393,C,GOOD,SYNTHETIC_ML_DATASET,NORMAL,0
BRT,BRT_VIB_001,2026-03-02T01:36:00+00:00,0.9134249021412673,mm/s,GOOD,SYNTHETIC_ML_DATASET,NORMAL,0
BRT,BRT_HUM_001,2026-03-02T01:37:00+00:00,68.11646707101663,%,GOOD,SYNTHETIC_ML_DATASET,NORMAL,0
BRT,BRT_POWER_001,2026-03-02T01:37:00+00:00,47.12701793213338,kW,GOOD,SYNTHETIC_ML_DATASET,NORMAL,0
BRT,BRT_PRESS_001,2026-03-02T01:37:00+00:00,987.1312439410545,hPa,GOOD,SYNTHETIC_ML_DATASET,NORMAL,0
BRT,BRT_TEMP_001,2026-03-02T01:37:00+00:00,-7.344233739663154,C,GOOD,SYNTHETIC_ML_DATASET,NORMAL,0
BRT,BRT_VIB_001,2026-03-02T01:37:00+00:00,0.9017292178590093,mm/s,GOOD,SYNTHETIC_ML_DATASET,NORMAL,0
BRT,BRT_HUM_001,2026-03-02T01:38:00+00:00,68.37834377274105,%,GOOD,SYNTHETIC_ML_DATASET,NORMAL,0
BRT,BRT_POWER_001,2026-03-02T01:38:00+00:00,47.70034035583383,kW,GOOD,SYNTHETIC_ML_DATASET,NORMAL,0
BRT,BRT_PRESS_001,2026-03-02T01:38:00+00:00,987.255055328124,hPa,GOOD,SYNTHETIC_ML_DATASET,NORMAL,0
BRT,BRT_TEMP_001,2026-03-02T01:38:00+00:00,-7.330842300624982,C,GOOD,SYNTHETIC_ML_DATASET,NORMAL,0
BRT,BRT_VIB_001,2026-03-02T01:38:00+00:00,0.9121746160958554,mm/s,GOOD,SYNTHETIC_ML_DATASET,NORMAL,0
BRT,BRT_HUM_001,2026-03-02T01:39:00+00:00,68.59853815961846,%,GOOD,SYNTHETIC_ML_DATASET,NORMAL,0
BRT,BRT_POWER_001,2026-03-02T01:39:00+00:00,47.160404096380056,kW,GOOD,SYNTHETIC_ML_DATASET,NORMAL,0
BRT,BRT_PRESS_001,2026-03-02T01:39:00+00:00,987.0615940786201,hPa,GOOD,SYNTHETIC_ML_DATASET,NORMAL,0
BRT,BRT_TEMP_001,2026-03-02T01:39:00+00:00,-7.387968632764397,C,GOOD,SYNTHETIC_ML_DATASET,NORMAL,0
BRT,BRT_VIB_001,2026-03-02T01:39:00+00:00,0.8951887782400205,mm/s,GOOD,SYNTHETIC_ML_DATASET,NORMAL,0
BRT,BRT_HUM_001,2026-03-02T01:40:00+00:00,68.37729137031859,%,GOOD,SYNTHETIC_ML_DATASET,NORMAL,0
BRT,BRT_POWER_001,2026-03-02T01:40:00+00:00,46.41746206963754,kW,GOOD,SYNTHETIC_ML_DATASET,NORMAL,0
BRT,BRT_PRESS_001,2026-03-02T01:40:00+00:00,986.8936381592698,hPa,GOOD,SYNTHETIC_ML_DATASET,NORMAL,0
BRT,BRT_TEMP_001,2026-03-02T01:40:00+00:00,-7.34081065291536,C,GOOD,SYNTHETIC_ML_DATASET,NORMAL,0
BRT,BRT_VIB_001,2026-03-02T01:40:00+00:00,0.880477708981732,mm/s,GOOD,SYNTHETIC_ML_DATASET,NORMAL,0
BRT,BRT_HUM_001,2026-03-02T01:41:00+00:00,68.02956195550244,%,GOOD,SYNTHETIC_ML_DATASET,NORMAL,0
BRT,BRT_POWER_001,2026-03-02T01:41:00+00:00,46.91580041659686,kW,GOOD,SYNTHETIC_ML_DATASET,NORMAL,0
BRT,BRT_PRESS_001,2026-03-02T01:41:00+00:00,986.8172743858263,hPa,GOOD,SYNTHETIC_ML_DATASET,NORMAL,0
BRT,BRT_TEMP_001,2026-03-02T01:41:00+00:00,-7.2769151900269975,C,GOOD,SYNTHETIC_ML_DATASET,NORMAL,0
BRT,BRT_VIB_001,2026-03-02T01:41:00+00:00,0.8967547014640379,mm/s,GOOD,SYNTHETIC_ML_DATASET,NORMAL,0
BRT,BRT_HUM_001,2026-03-02T01:42:00+00:00,68.48873156959564,%,GOOD,SYNTHETIC_ML_DATASET,NORMAL,0
BRT,BRT_POWER_001,2026-03-02T01:42:00+00:00,46.44220203639401,kW,GOOD,SYNTHETIC_ML_DATASET,NORMAL,0
BRT,BRT_PRESS_001,2026-03-02T01:42:00+00:00,986.7170610734373,hPa,GOOD,SYNTHETIC_ML_DATASET,NORMAL,0
BRT,BRT_TEMP_001,2026-03-02T01:42:00+00:00,-7.346850052667534,C,GOOD,SYNTHETIC_ML_DATASET,NORMAL,0
BRT,BRT_VIB_001,2026-03-02T01:42:00+00:00,0.902592171613432,mm/s,GOOD,SYNTHETIC_ML_DATASET,NORMAL,0
BRT,BRT_HUM_001,2026-03-02T01:43:00+00:00,67.84796168375418,%,GOOD,SYNTHETIC_ML_DATASET,NORMAL,0
BRT,BRT_POWER_001,2026-03-02T01:43:00+00:00,46.88942279253691,kW,GOOD,SYNTHETIC_ML_DATASET,NORMAL,0
BRT,BRT_PRESS_001,2026-03-02T01:43:00+00:00,986.9601965795433,hPa,GOOD,SYNTHETIC_ML_DATASET,NORMAL,0
BRT,BRT_TEMP_001,2026-03-02T01:43:00+00:00,-7.3398015991869805,C,GOOD,SYNTHETIC_ML_DATASET,NORMAL,0
BRT,BRT_VIB_001,2026-03-02T01:43:00+00:00,0.8874444737950529,mm/s,GOOD,SYNTHETIC_ML_DATASET,NORMAL,0
BRT,BRT_HUM_001,2026-03-02T01:44:00+00:00,67.23650989016964,%,GOOD,SYNTHETIC_ML_DATASET,NORMAL,0
BRT,BRT_POWER_001,2026-03-02T01:44:00+00:00,47.334831044057196,kW,GOOD,SYNTHETIC_ML_DATASET,NORMAL,0
BRT,BRT_PRESS_001,2026-03-02T01:44:00+00:00,987.0247324081687,hPa,GOOD,SYNTHETIC_ML_DATASET,NORMAL,0
BRT,BRT_TEMP_001,2026-03-02T01:44:00+00:00,-7.325338312260809,C,GOOD,SYNTHETIC_ML_DATASET,NORMAL,0
BRT,BRT_VIB_001,2026-03-02T01:44:00+00:00,0.8869027052422336,mm/s,GOOD,SYNTHETIC_ML_DATASET,NORMAL,0
BRT,BRT_HUM_001,2026-03-02T01:45:00+00:00,67.0595017765661,%,GOOD,SYNTHETIC_ML_DATASET,NORMAL,0
BRT,BRT_POWER_001,2026-03-02T01:45:00+00:00,46.78909655732512,kW,GOOD,SYNTHETIC_ML_DATASET,NORMAL,0
BRT,BRT_PRESS_001,2026-03-02T01:45:00+00:00,986.9151382321611,hPa,GOOD,SYNTHETIC_ML_DATASET,NORMAL,0
BRT,BRT_TEMP_001,2026-03-02T01:45:00+00:00,-7.438477017954655,C,GOOD,SYNTHETIC_ML_DATASET,NORMAL,0
BRT,BRT_VIB_001,2026-03-02T01:45:00+00:00,0.9127428008656874,mm/s,GOOD,SYNTHETIC_ML_DATASET,NORMAL,0
BRT,BRT_HUM_001,2026-03-02T01:46:00+00:00,66.96345727305969,%,GOOD,SYNTHETIC_ML_DATASET,NORMAL,0
BRT,BRT_POWER_001,2026-03-02T01:46:00+00:00,46.56462422654481,kW,GOOD,SYNTHETIC_ML_DATASET,NORMAL,0
BRT,BRT_PRESS_001,2026-03-02T01:46:00+00:00,987.0029033828953,hPa,GOOD,SYNTHETIC_ML_DATASET,NORMAL,0
BRT,BRT_TEMP_001,2026-03-02T01:46:00+00:00,-7.41944097129093,C,GOOD,SYNTHETIC_ML_DATASET,NORMAL,0
BRT,BRT_VIB_001,2026-03-02T01:46:00+00:00,0.8757647573250891,mm/s,GOOD,SYNTHETIC_ML_DATASET,NORMAL,0
BRT,BRT_HUM_001,2026-03-02T01:47:00+00:00,66.2844028441838,%,GOOD,SYNTHETIC_ML_DATASET,NORMAL,0
BRT,BRT_POWER_001,2026-03-02T01:47:00+00:00,47.07524338931349,kW,GOOD,SYNTHETIC_ML_DATASET,NORMAL,0
BRT,BRT_PRESS_001,2026-03-02T01:47:00+00:00,986.9248673745474,hPa,GOOD,SYNTHETIC_ML_DATASET,NORMAL,0
BRT,BRT_TEMP_001,2026-03-02T01:47:00+00:00,-7.5968926083737305,C,GOOD,SYNTHETIC_ML_DATASET,NORMAL,0
BRT,BRT_VIB_001,2026-03-02T01:47:00+00:00,0.9084672541236172,mm/s,GOOD,SYNTHETIC_ML_DATASET,NORMAL,0
BRT,BRT_HUM_001,2026-03-02T01:48:00+00:00,66.9147561386341,%,GOOD,SYNTHETIC_ML_DATASET,NORMAL,0
BRT,BRT_POWER_001,2026-03-02T01:48:00+00:00,47.04148123674687,kW,GOOD,SYNTHETIC_ML_DATASET,NORMAL,0
BRT,BRT_PRESS_001,2026-03-02T01:48:00+00:00,986.8930469655853,hPa,GOOD,SYNTHETIC_ML_DATASET,NORMAL,0
BRT,BRT_TEMP_001,2026-03-02T01:48:00+00:00,-7.77692539566328,C,GOOD,SYNTHETIC_ML_DATASET,NORMAL,0
BRT,BRT_VIB_001,2026-03-02T01:48:00+00:00,0.8811428359661644,mm/s,GOOD,SYNTHETIC_ML_DATASET,NORMAL,0
BRT,BRT_HUM_001,2026-03-02T01:49:00+00:00,66.39789004436246,%,GOOD,SYNTHETIC_ML_DATASET,NORMAL,0
BRT,BRT_POWER_001,2026-03-02T01:49:00+00:00,45.948536745794655,kW,GOOD,SYNTHETIC_ML_DATASET,NORMAL,0
BRT,BRT_PRESS_001,2026-03-02T01:49:00+00:00,986.6790601137052,hPa,GOOD,SYNTHETIC_ML_DATASET,NORMAL,0
BRT,BRT_TEMP_001,2026-03-02T01:49:00+00:00,-7.646281264017711,C,GOOD,SYNTHETIC_ML_DATASET,NORMAL,0
BRT,BRT_VIB_001,2026-03-02T01:49:00+00:00,0.8894180227760936,mm/s,GOOD,SYNTHETIC_ML_DATASET,NORMAL,0
BRT,BRT_HUM_001,2026-03-02T01:50:00+00:00,66.84705627064751,%,GOOD,SYNTHETIC_ML_DATASET,NORMAL,0
BRT,BRT_POWER_001,2026-03-02T01:50:00+00:00,45.960175210523175,kW,GOOD,SYNTHETIC_ML_DATASET,NORMAL,0
BRT,BRT_PRESS_001,2026-03-02T01:50:00+00:00,986.7178820359974,hPa,GOOD,SYNTHETIC_ML_DATASET,NORMAL,0
BRT,BRT_TEMP_001,2026-03-02T01:50:00+00:00,-7.980160118406161,C,GOOD,SYNTHETIC_ML_DATASET,NORMAL,0
BRT,BRT_VIB_001,2026-03-02T01:50:00+00:00,0.9047231333592689,mm/s,GOOD,SYNTHETIC_ML_DATASET,NORMAL,0
BRT,BRT_HUM_001,2026-03-02T01:51:00+00:00,67.0164552630002,%,GOOD,SYNTHETIC_ML_DATASET,NORMAL,0
BRT,BRT_POWER_001,2026-03-02T01:51:00+00:00,45.953794549883305,kW,GOOD,SYNTHETIC_ML_DATASET,NORMAL,0
BRT,BRT_PRESS_001,2026-03-02T01:51:00+00:00,986.6969157323681,hPa,GOOD,SYNTHETIC_ML_DATASET,NORMAL,0
BRT,BRT_TEMP_001,2026-03-02T01:51:00+00:00,-8.13794163554368,C,GOOD,SYNTHETIC_ML_DATASET,NORMAL,0
BRT,BRT_VIB_001,2026-03-02T01:51:00+00:00,0.886425407363986,mm/s,GOOD,SYNTHETIC_ML_DATASET,NORMAL,0
BRT,BRT_HUM_001,2026-03-02T01:52:00+00:00,67.90157137846512,%,GOOD,SYNTHETIC_ML_DATASET,NORMAL,0
BRT,BRT_POWER_001,2026-03-02T01:52:00+00:00,45.81070901172181,kW,GOOD,SYNTHETIC_ML_DATASET,NORMAL,0
BRT,BRT_PRESS_001,2026-03-02T01:52:00+00:00,986.6407699225933,hPa,GOOD,SYNTHETIC_ML_DATASET,NORMAL,0
BRT,BRT_TEMP_001,2026-03-02T01:52:00+00:00,-8.00138320044002,C,GOOD,SYNTHETIC_ML_DATASET,NORMAL,0
BRT,BRT_VIB_001,2026-03-02T01:52:00+00:00,0.8934055156882856,mm/s,GOOD,SYNTHETIC_ML_DATASET,NORMAL,0
BRT,BRT_HUM_001,2026-03-02T01:53:00+00:00,66.811073570963,%,GOOD,SYNTHETIC_ML_DATASET,NORMAL,0
BRT,BRT_POWER_001,2026-03-02T01:53:00+00:00,45.59002769512333,kW,GOOD,SYNTHETIC_ML_DATASET,NORMAL,0
BRT,BRT_PRESS_001,2026-03-02T01:53:00+00:00,986.5693409709811,hPa,GOOD,SYNTHETIC_ML_DATASET,NORMAL,0
BRT,BRT_TEMP_001,2026-03-02T01:53:00+00:00,-8.364138995709872,C,GOOD,SYNTHETIC_ML_DATASET,NORMAL,0
BRT,BRT_VIB_001,2026-03-02T01:53:00+00:00,0.8638458499929782,mm/s,GOOD,SYNTHETIC_ML_DATASET,NORMAL,0
BRT,BRT_HUM_001,2026-03-02T01:54:00+00:00,66.94771931847234,%,GOOD,SYNTHETIC_ML_DATASET,NORMAL,0
BRT,BRT_POWER_001,2026-03-02T01:54:00+00:00,45.90731577223349,kW,GOOD,SYNTHETIC_ML_DATASET,NORMAL,0
BRT,BRT_PRESS_001,2026-03-02T01:54:00+00:00,986.4967141212376,hPa,GOOD,SYNTHETIC_ML_DATASET,NORMAL,0
BRT,BRT_TEMP_001,2026-03-02T01:54:00+00:00,-8.258047444923763,C,GOOD,SYNTHETIC_ML_DATASET,NORMAL,0
BRT,BRT_VIB_001,2026-03-02T01:54:00+00:00,0.8577648502990337,mm/s,GOOD,SYNTHETIC_ML_DATASET,NORMAL,0
BRT,BRT_HUM_001,2026-03-02T01:55:00+00:00,66.8172214497291,%,GOOD,SYNTHETIC_ML_DATASET,NORMAL,0
BRT,BRT_POWER_001,2026-03-02T01:55:00+00:00,45.06670153644897,kW,GOOD,SYNTHETIC_ML_DATASET,NORMAL,0
BRT,BRT_PRESS_001,2026-03-02T01:55:00+00:00,986.4979822028852,hPa,GOOD,SYNTHETIC_ML_DATASET,NORMAL,0
BRT,BRT_TEMP_001,2026-03-02T01:55:00+00:00,-8.477545419745335,C,GOOD,SYNTHETIC_ML_DATASET,NORMAL,0
BRT,BRT_VIB_001,2026-03-02T01:55:00+00:00,0.8507439439430522,mm/s,GOOD,SYNTHETIC_ML_DATASET,NORMAL,0
BRT,BRT_HUM_001,2026-03-02T01:56:00+00:00,66.74087690187143,%,GOOD,SYNTHETIC_ML_DATASET,NORMAL,0
BRT,BRT_POWER_001,2026-03-02T01:56:00+00:00,45.91726517194996,kW,GOOD,SYNTHETIC_ML_DATASET,NORMAL,0
BRT,BRT_PRESS_001,2026-03-02T01:56:00+00:00,986.2944973887328,hPa,GOOD,SYNTHETIC_ML_DATASET,NORMAL,0
BRT,BRT_TEMP_001,2026-03-02T01:56:00+00:00,-8.577511110313488,C,GOOD,SYNTHETIC_ML_DATASET,NORMAL,0
BRT,BRT_VIB_001,2026-03-02T01:56:00+00:00,0.8627034939203498,mm/s,GOOD,SYNTHETIC_ML_DATASET,NORMAL,0
BRT,BRT_HUM_001,2026-03-02T01:57:00+00:00,66.24369007136733,%,GOOD,SYNTHETIC_ML_DATASET,NORMAL,0
BRT,BRT_POWER_001,2026-03-02T01:57:00+00:00,45.74290218029561,kW,GOOD,SYNTHETIC_ML_DATASET,NORMAL,0
BRT,BRT_PRESS_001,2026-03-02T01:57:00+00:00,986.4016862240325,hPa,GOOD,SYNTHETIC_ML_DATASET,NORMAL,0
BRT,BRT_TEMP_001,2026-03-02T01:57:00+00:00,-8.47488238343503,C,GOOD,SYNTHETIC_ML_DATASET,NORMAL,0
BRT,BRT_VIB_001,2026-03-02T01:57:00+00:00,0.8388410926011294,mm/s,GOOD,SYNTHETIC_ML_DATASET,NORMAL,0
BRT,BRT_HUM_001,2026-03-02T01:58:00+00:00,65.61032473161491,%,GOOD,SYNTHETIC_ML_DATASET,NORMAL,0
BRT,BRT_POWER_001,2026-03-02T01:58:00+00:00,46.46658107028991,kW,GOOD,SYNTHETIC_ML_DATASET,NORMAL,0
BRT,BRT_PRESS_001,2026-03-02T01:58:00+00:00,986.3395664374382,hPa,GOOD,SYNTHETIC_ML_DATASET,NORMAL,0
BRT,BRT_TEMP_001,2026-03-02T01:58:00+00:00,-8.421913054223673,C,GOOD,SYNTHETIC_ML_DATASET,NORMAL,0
BRT,BRT_VIB_001,2026-03-02T01:58:00+00:00,0.8578370486086426,mm/s,GOOD,SYNTHETIC_ML_DATASET,NORMAL,0
BRT,BRT_HUM_001,2026-03-02T01:59:00+00:00,64.78268608401127,%,GOOD,SYNTHETIC_ML_DATASET,NORMAL,0
BRT,BRT_POWER_001,2026-03-02T01:59:00+00:00,46.176599731483165,kW,GOOD,SYNTHETIC_ML_DATASET,NORMAL,0
BRT,BRT_PRESS_001,2026-03-02T01:59:00+00:00,986.4032864985643,hPa,GOOD,SYNTHETIC_ML_DATASET,NORMAL,0
BRT,BRT_TEMP_001,2026-03-02T01:59:00+00:00,-8.630031601050979,C,GOOD,SYNTHETIC_ML_DATASET,NORMAL,0
BRT,BRT_VIB_001,2026-03-02T01:59:00+00:00,0.8424042041730706,mm/s,GOOD,SYNTHETIC_ML_DATASET,NORMAL,0
BRT,BRT_HUM_001,2026-03-02T02:00:00+00:00,65.44145207790416,%,GOOD,SYNTHETIC_ML_DATASET,NORMAL,0
BRT,BRT_POWER_001,2026-03-02T02:00:00+00:00,45.317463788271226,kW,GOOD,SYNTHETIC_ML_DATASET,NORMAL,0
BRT,BRT_PRESS_001,2026-03-02T02:00:00+00:00,986.0696999508189,hPa,GOOD,SYNTHETIC_ML_DATASET,NORMAL,0
BRT,BRT_TEMP_001,2026-03-02T02:00:00+00:00,-8.55238649968229,C,GOOD,SYNTHETIC_ML_DATASET,NORMAL,0
BRT,BRT_VIB_001,2026-03-02T02:00:00+00:00,0.823745189666862,mm/s,GOOD,SYNTHETIC_ML_DATASET,NORMAL,0
BRT,BRT_HUM_001,2026-03-02T02:01:00+00:00,65.44889013214481,%,GOOD,SYNTHETIC_ML_DATASET,NORMAL,0
BRT,BRT_POWER_001,2026-03-02T02:01:00+00:00,44.78464558915056,kW,GOOD,SYNTHETIC_ML_DATASET,NORMAL,0
BRT,BRT_PRESS_001,2026-03-02T02:01:00+00:00,986.1189637168557,hPa,GOOD,SYNTHETIC_ML_DATASET,NORMAL,0
BRT,BRT_TEMP_001,2026-03-02T02:01:00+00:00,-8.650388300731326,C,GOOD,SYNTHETIC_ML_DATASET,NORMAL,0
BRT,BRT_VIB_001,2026-03-02T02:01:00+00:00,0.8435084465538141,mm/s,GOOD,SYNTHETIC_ML_DATASET,NORMAL,0
BRT,BRT_HUM_001,2026-03-02T02:02:00+00:00,64.69151569668227,%,GOOD,SYNTHETIC_ML_DATASET,NORMAL,0
BRT,BRT_POWER_001,2026-03-02T02:02:00+00:00,45.0993701037823,kW,GOOD,SYNTHETIC_ML_DATASET,NORMAL,0
BRT,BRT_PRESS_001,2026-03-02T02:02:00+00:00,986.030227954691,hPa,GOOD,SYNTHETIC_ML_DATASET,NORMAL,0
BRT,BRT_TEMP_001,2026-03-02T02:02:00+00:00,-8.920723509122283,C,GOOD,SYNTHETIC_ML_DATASET,NORMAL,0
BRT,BRT_VIB_001,2026-03-02T02:02:00+00:00,0.8406817334591657,mm/s,GOOD,SYNTHETIC_ML_DATASET,NORMAL,0
BRT,BRT_HUM_001,2026-03-02T02:03:00+00:00,65.43202405428414,%,GOOD,SYNTHETIC_ML_DATASET,NORMAL,0
BRT,BRT_POWER_001,2026-03-02T02:03:00+00:00,44.713464705760444,kW,GOOD,SYNTHETIC_ML_DATASET,NORMAL,0
BRT,BRT_PRESS_001,2026-03-02T02:03:00+00:00,986.0979808668246,hPa,GOOD,SYNTHETIC_ML_DATASET,NORMAL,0
BRT,BRT_TEMP_001,2026-03-02T02:03:00+00:00,-8.961965872957945,C,GOOD,SYNTHETIC_ML_DATASET,NORMAL,0
BRT,BRT_VIB_001,2026-03-02T02:03:00+00:00,0.827062227503861,mm/s,GOOD,SYNTHETIC_ML_DATASET,NORMAL,0
BRT,BRT_HUM_001,2026-03-02T02:04:00+00:00,65.07108281775903,%,GOOD,SYNTHETIC_ML_DATASET,NORMAL,0
BRT,BRT_POWER_001,2026-03-02T02:04:00+00:00,44.860293596851875,kW,GOOD,SYNTHETIC_ML_DATASET,NORMAL,0
BRT,BRT_PRESS_001,2026-03-02T02:04:00+00:00,985.968067382976,hPa,GOOD,SYNTHETIC_ML_DATASET,NORMAL,0
BRT,BRT_TEMP_001,2026-03-02T02:04:00+00:00,-8.931409475341914,C,GOOD,SYNTHETIC_ML_DATASET,NORMAL,0
BRT,BRT_VIB_001,2026-03-02T02:04:00+00:00,0.8365598638541677,mm/s,GOOD,SYNTHETIC_ML_DATASET,NORMAL,0
BRT,BRT_HUM_001,2026-03-02T02:05:00+00:00,64.41923161356408,%,GOOD,SYNTHETIC_ML_DATASET,NORMAL,0
BRT,BRT_POWER_001,2026-03-02T02:05:00+00:00,44.06210093621031,kW,GOOD,SYNTHETIC_ML_DATASET,NORMAL,0
BRT,BRT_PRESS_001,2026-03-02T02:05:00+00:00,985.9931660652925,hPa,GOOD,SYNTHETIC_ML_DATASET,NORMAL,0
BRT,BRT_TEMP_001,2026-03-02T02:05:00+00:00,-9.001637539418637,C,GOOD,SYNTHETIC_ML_DATASET,NORMAL,0
BRT,BRT_VIB_001,2026-03-02T02:05:00+00:00,0.8266949523861139,mm/s,GOOD,SYNTHETIC_ML_DATASET,NORMAL,0
BRT,BRT_HUM_001,2026-03-02T02:06:00+00:00,63.572024113640325,%,GOOD,SYNTHETIC_ML_DATASET,NORMAL,0
BRT,BRT_POWER_001,2026-03-02T02:06:00+00:00,43.78935579890327,kW,GOOD,SYNTHETIC_ML_DATASET,NORMAL,0
BRT,BRT_PRESS_001,2026-03-02T02:06:00+00:00,985.9010270450201,hPa,GOOD,SYNTHETIC_ML_DATASET,NORMAL,0
BRT,BRT_TEMP_001,2026-03-02T02:06:00+00:00,-9.252203509289673,C,GOOD,SYNTHETIC_ML_DATASET,NORMAL,0
BRT,BRT_VIB_001,2026-03-02T02:06:00+00:00,0.8233972017845512,mm/s,GOOD,SYNTHETIC_ML_DATASET,NORMAL,0
BRT,BRT_HUM_001,2026-03-02T02:07:00+00:00,63.396260176015595,%,GOOD,SYNTHETIC_ML_DATASET,NORMAL,0
BRT,BRT_POWER_001,2026-03-02T02:07:00+00:00,43.753019944324954,kW,GOOD,SYNTHETIC_ML_DATASET,NORMAL,0
BRT,BRT_PRESS_001,2026-03-02T02:07:00+00:00,985.8927507527205,hPa,GOOD,SYNTHETIC_ML_DATASET,NORMAL,0
BRT,BRT_TEMP_001,2026-03-02T02:07:00+00:00,-9.474843263020775,C,GOOD,SYNTHETIC_ML_DATASET,NORMAL,0
BRT,BRT_VIB_001,2026-03-02T02:07:00+00:00,0.814980809413486,mm/s,GOOD,SYNTHETIC_ML_DATASET,NORMAL,0
BRT,BRT_HUM_001,2026-03-02T02:08:00+00:00,62.91609985286832,%,GOOD,SYNTHETIC_ML_DATASET,NORMAL,0
BRT,BRT_POWER_001,2026-03-02T02:08:00+00:00,43.952657856669255,kW,GOOD,SYNTHETIC_ML_DATASET,NORMAL,0
BRT,BRT_PRESS_001,2026-03-02T02:08:00+00:00,985.8345960322584,hPa,GOOD,SYNTHETIC_ML_DATASET,NORMAL,0
BRT,BRT_TEMP_001,2026-03-02T02:08:00+00:00,-9.27053049398784,C,GOOD,SYNTHETIC_ML_DATASET,NORMAL,0
BRT,BRT_VIB_001,2026-03-02T02:08:00+00:00,0.8026297198051975,mm/s,GOOD,SYNTHETIC_ML_DATASET,NORMAL,0
BRT,BRT_HUM_001,2026-03-02T02:09:00+00:00,62.93453706378707,%,GOOD,SYNTHETIC_ML_DATASET,NORMAL,0
BRT,BRT_POWER_001,2026-03-02T02:09:00+00:00,44.22320430147368,kW,GOOD,SYNTHETIC_ML_DATASET,NORMAL,0
BRT,BRT_PRESS_001,2026-03-02T02:09:00+00:00,985.8845968030054,hPa,GOOD,SYNTHETIC_ML_DATASET,NORMAL,0
BRT,BRT_TEMP_001,2026-03-02T02:09:00+00:00,-9.427451846576197,C,GOOD,SYNTHETIC_ML_DATASET,NORMAL,0
BRT,BRT_VIB_001,2026-03-02T02:09:00+00:00,0.7857602110292875,mm/s,GOOD,SYNTHETIC_ML_DATASET,NORMAL,0
BRT,BRT_HUM_001,2026-03-02T02:10:00+00:00,62.37538046906283,%,GOOD,SYNTHETIC_ML_DATASET,NORMAL,0
BRT,BRT_POWER_001,2026-03-02T02:10:00+00:00,43.55159301541624,kW,GOOD,SYNTHETIC_ML_DATASET,NORMAL,0
BRT,BRT_PRESS_001,2026-03-02T02:10:00+00:00,985.6820350285981,hPa,GOOD,SYNTHETIC_ML_DATASET,NORMAL,0
BRT,BRT_TEMP_001,2026-03-02T02:10:00+00:00,-9.478715283758246,C,GOOD,SYNTHETIC_ML_DATASET,NORMAL,0
BRT,BRT_VIB_001,2026-03-02T02:10:00+00:00,0.7963411364192235,mm/s,GOOD,SYNTHETIC_ML_DATASET,NORMAL,0
BRT,BRT_HUM_001,2026-03-02T02:11:00+00:00,61.108160666053266,%,GOOD,SYNTHETIC_ML_DATASET,NORMAL,0
BRT,BRT_POWER_001,2026-03-02T02:11:00+00:00,43.56164951065421,kW,GOOD,SYNTHETIC_ML_DATASET,NORMAL,0
BRT,BRT_PRESS_001,2026-03-02T02:11:00+00:00,985.6843346178937,hPa,GOOD,SYNTHETIC_ML_DATASET,NORMAL,0
BRT,BRT_TEMP_001,2026-03-02T02:11:00+00:00,-9.535796403855583,C,GOOD,SYNTHETIC_ML_DATASET,NORMAL,0
BRT,BRT_VIB_001,2026-03-02T02:11:00+00:00,0.778953419870222,mm/s,GOOD,SYNTHETIC_ML_DATASET,NORMAL,0
BRT,BRT_HUM_001,2026-03-02T02:12:00+00:00,61.77798302131942,%,GOOD,SYNTHETIC_ML_DATASET,NORMAL,0
BRT,BRT_POWER_001,2026-03-02T02:12:00+00:00,43.75453080628994,kW,GOOD,SYNTHETIC_ML_DATASET,NORMAL,0
BRT,BRT_PRESS_001,2026-03-02T02:12:00+00:00,985.7874134396644,hPa,GOOD,SYNTHETIC_ML_DATASET,NORMAL,0
BRT,BRT_TEMP_001,2026-03-02T02:12:00+00:00,-9.591737148568477,C,GOOD,SYNTHETIC_ML_DATASET,NORMAL,0
BRT,BRT_VIB_001,2026-03-02T02:12:00+00:00,0.7678630387543961,mm/s,GOOD,SYNTHETIC_ML_DATASET,NORMAL,0
BRT,BRT_HUM_001,2026-03-02T02:13:00+00:00,61.81021572196494,%,GOOD,SYNTHETIC_ML_DATASET,NORMAL,0
BRT,BRT_POWER_001,2026-03-02T02:13:00+00:00,43.178286928369786,kW,GOOD,SYNTHETIC_ML_DATASET,NORMAL,0
BRT,BRT_PRESS_001,2026-03-02T02:13:00+00:00,985.6499726126655,hPa,GOOD,SYNTHETIC_ML_DATASET,NORMAL,0
BRT,BRT_TEMP_001,2026-03-02T02:13:00+00:00,-9.685873819410116,C,GOOD,SYNTHETIC_ML_DATASET,NORMAL,0
BRT,BRT_VIB_001,2026-03-02T02:13:00+00:00,0.7779531730614422,mm/s,GOOD,SYNTHETIC_ML_DATASET,NORMAL,0
BRT,BRT_HUM_001,2026-03-02T02:14:00+00:00,61.3745072039617,%,GOOD,SYNTHETIC_ML_DATASET,NORMAL,0
BRT,BRT_POWER_001,2026-03-02T02:14:00+00:00,43.039848201776735,kW,GOOD,SYNTHETIC_ML_DATASET,NORMAL,0
BRT,BRT_PRESS_001,2026-03-02T02:14:00+00:00,985.378698668118,hPa,GOOD,SYNTHETIC_ML_DATASET,NORMAL,0
BRT,BRT_TEMP_001,2026-03-02T02:14:00+00:00,-9.927168396817033,C,GOOD,SYNTHETIC_ML_DATASET,NORMAL,0
BRT,BRT_VIB_001,2026-03-02T02:14:00+00:00,0.74353833608308,mm/s,GOOD,SYNTHETIC_ML_DATASET,NORMAL,0
BRT,BRT_HUM_001,2026-03-02T02:15:00+00:00,61.81997432826725,%,GOOD,SYNTHETIC_ML_DATASET,NORMAL,0
BRT,BRT_POWER_001,2026-03-02T02:15:00+00:00,43.51049392160253,kW,GOOD,SYNTHETIC_ML_DATASET,NORMAL,0
BRT,BRT_PRESS_001,2026-03-02T02:15:00+00:00,985.3345450286869,hPa,GOOD,SYNTHETIC_ML_DATASET,NORMAL,0
BRT,BRT_TEMP_001,2026-03-02T02:15:00+00:00,-10.224508417658605,C,GOOD,SYNTHETIC_ML_DATASET,NORMAL,0
BRT,BRT_VIB_001,2026-03-02T02:15:00+00:00,0.7334914935586434,mm/s,GOOD,SYNTHETIC_ML_DATASET,NORMAL,0
BRT,BRT_HUM_001,2026-03-02T02:16:00+00:00,62.13866860491012,%,GOOD,SYNTHETIC_ML_DATASET,NORMAL,0
BRT,BRT_POWER_001,2026-03-02T02:16:00+00:00,43.544164419716495,kW,GOOD,SYNTHETIC_ML_DATASET,NORMAL,0
BRT,BRT_PRESS_001,2026-03-02T02:16:00+00:00,985.3697244488029,hPa,GOOD,SYNTHETIC_ML_DATASET,NORMAL,0
BRT,BRT_TEMP_001,2026-03-02T02:16:00+00:00,-10.026451989610097,C,GOOD,SYNTHETIC_ML_DATASET,NORMAL,0
BRT,BRT_VIB_001,2026-03-02T02:16:00+00:00,0.7483514713620552,mm/s,GOOD,SYNTHETIC_ML_DATASET,NORMAL,0
BRT,BRT_HUM_001,2026-03-02T02:17:00+00:00,60.52567511062863,%,GOOD,SYNTHETIC_ML_DATASET,NORMAL,0
BRT,BRT_POWER_001,2026-03-02T02:17:00+00:00,42.5527947814571,kW,GOOD,SYNTHETIC_ML_DATASET,NORMAL,0
BRT,BRT_PRESS_001,2026-03-02T02:17:00+00:00,985.1611592481884,hPa,GOOD,SYNTHETIC_ML_DATASET,NORMAL,0
BRT,BRT_TEMP_001,2026-03-02T02:17:00+00:00,-9.988050425084571,C,GOOD,SYNTHETIC_ML_DATASET,NORMAL,0
BRT,BRT_VIB_001,2026-03-02T02:17:00+00:00,0.7536952496522196,mm/s,GOOD,SYNTHETIC_ML_DATASET,NORMAL,0
BRT,BRT_HUM_001,2026-03-02T02:18:00+00:00,59.60554417016437,%,GOOD,SYNTHETIC_ML_DATASET,NORMAL,0
BRT,BRT_POWER_001,2026-03-02T02:18:00+00:00,42.5858784550312,kW,GOOD,SYNTHETIC_ML_DATASET,NORMAL,0
BRT,BRT_PRESS_001,2026-03-02T02:18:00+00:00,985.1335818632274,hPa,GOOD,SYNTHETIC_ML_DATASET,NORMAL,0
BRT,BRT_TEMP_001,2026-03-02T02:18:00+00:00,-10.205043733302986,C,GOOD,SYNTHETIC_ML_DATASET,NORMAL,0
BRT,BRT_VIB_001,2026-03-02T02:18:00+00:00,0.734189534080908,mm/s,GOOD,SYNTHETIC_ML_DATASET,NORMAL,0
BRT,BRT_HUM_001,2026-03-02T02:19:00+00:00,59.92588294565688,%,GOOD,SYNTHETIC_ML_DATASET,NORMAL,0
BRT,BRT_POWER_001,2026-03-02T02:19:00+00:00,41.71966096291384,kW,GOOD,SYNTHETIC_ML_DATASET,NORMAL,0
BRT,BRT_PRESS_001,2026-03-02T02:19:00+00:00,985.0347935512495,hPa,GOOD,SYNTHETIC_ML_DATASET,NORMAL,0
BRT,BRT_TEMP_001,2026-03-02T02:19:00+00:00,-10.411431424922336,C,GOOD,SYNTHETIC_ML_DATASET,NORMAL,0
BRT,BRT_VIB_001,2026-03-02T02:19:00+00:00,0.7719957844273558,mm/s,GOOD,SYNTHETIC_ML_DATASET,NORMAL,0
BRT,BRT_HUM_001,2026-03-02T02:20:00+00:00,,%,MISSING,SYNTHETIC_ML_DATASET,DROPOUT,1
BRT,BRT_POWER_001,2026-03-02T02:20:00+00:00,,kW,MISSING,SYNTHETIC_ML_DATASET,DROPOUT,1
BRT,BRT_PRESS_001,2026-03-02T02:20:00+00:00,,hPa,MISSING,SYNTHETIC_ML_DATASET,DROPOUT,1
BRT,BRT_TEMP_001,2026-03-02T02:20:00+00:00,,C,MISSING,SYNTHETIC_ML_DATASET,DROPOUT,1
BRT,BRT_VIB_001,2026-03-02T02:20:00+00:00,,mm/s,MISSING,SYNTHETIC_ML_DATASET,DROPOUT,1
BRT,BRT_HUM_001,2026-03-02T02:21:00+00:00,,%,MISSING,SYNTHETIC_ML_DATASET,DROPOUT,1
BRT,BRT_POWER_001,2026-03-02T02:21:00+00:00,,kW,MISSING,SYNTHETIC_ML_DATASET,DROPOUT,1
BRT,BRT_PRESS_001,2026-03-02T02:21:00+00:00,,hPa,MISSING,SYNTHETIC_ML_DATASET,DROPOUT,1
BRT,BRT_TEMP_001,2026-03-02T02:21:00+00:00,,C,MISSING,SYNTHETIC_ML_DATASET,DROPOUT,1
BRT,BRT_VIB_001,2026-03-02T02:21:00+00:00,,mm/s,MISSING,SYNTHETIC_ML_DATASET,DROPOUT,1
BRT,BRT_HUM_001,2026-03-02T02:22:00+00:00,,%,MISSING,SYNTHETIC_ML_DATASET,DROPOUT,1
BRT,BRT_POWER_001,2026-03-02T02:22:00+00:00,,kW,MISSING,SYNTHETIC_ML_DATASET,DROPOUT,1
BRT,BRT_PRESS_001,2026-03-02T02:22:00+00:00,,hPa,MISSING,SYNTHETIC_ML_DATASET,DROPOUT,1
BRT,BRT_TEMP_001,2026-03-02T02:22:00+00:00,,C,MISSING,SYNTHETIC_ML_DATASET,DROPOUT,1
BRT,BRT_VIB_001,2026-03-02T02:22:00+00:00,,mm/s,MISSING,SYNTHETIC_ML_DATASET,DROPOUT,1
BRT,BRT_HUM_001,2026-03-02T02:23:00+00:00,,%,MISSING,SYNTHETIC_ML_DATASET,DROPOUT,1
BRT,BRT_POWER_001,2026-03-02T02:23:00+00:00,,kW,MISSING,SYNTHETIC_ML_DATASET,DROPOUT,1
BRT,BRT_PRESS_001,2026-03-02T02:23:00+00:00,,hPa,MISSING,SYNTHETIC_ML_DATASET,DROPOUT,1
BRT,BRT_TEMP_001,2026-03-02T02:23:00+00:00,,C,MISSING,SYNTHETIC_ML_DATASET,DROPOUT,1
BRT,BRT_VIB_001,2026-03-02T02:23:00+00:00,,mm/s,MISSING,SYNTHETIC_ML_DATASET,DROPOUT,1
BRT,BRT_HUM_001,2026-03-02T02:24:00+00:00,,%,MISSING,SYNTHETIC_ML_DATASET,DROPOUT,1
BRT,BRT_POWER_001,2026-03-02T02:24:00+00:00,,kW,MISSING,SYNTHETIC_ML_DATASET,DROPOUT,1
BRT,BRT_PRESS_001,2026-03-02T02:24:00+00:00,,hPa,MISSING,SYNTHETIC_ML_DATASET,DROPOUT,1
BRT,BRT_TEMP_001,2026-03-02T02:24:00+00:00,,C,MISSING,SYNTHETIC_ML_DATASET,DROPOUT,1
BRT,BRT_VIB_001,2026-03-02T02:24:00+00:00,,mm/s,MISSING,SYNTHETIC_ML_DATASET,DROPOUT,1
BRT,BRT_HUM_001,2026-03-02T02:25:00+00:00,,%,MISSING,SYNTHETIC_ML_DATASET,DROPOUT,1
BRT,BRT_POWER_001,2026-03-02T02:25:00+00:00,40.87017269259257,kW,GOOD,SYNTHETIC_ML_DATASET,NORMAL,0
BRT,BRT_PRESS_001,2026-03-02T02:25:00+00:00,984.74131500214,hPa,GOOD,SYNTHETIC_ML_DATASET,NORMAL,0
BRT,BRT_TEMP_001,2026-03-02T02:25:00+00:00,-10.445411987216026,C,GOOD,SYNTHETIC_ML_DATASET,NORMAL,0
BRT,BRT_VIB_001,2026-03-02T02:25:00+00:00,,mm/s,MISSING,SYNTHETIC_ML_DATASET,DROPOUT,1
BRT,BRT_HUM_001,2026-03-02T02:26:00+00:00,,%,MISSING,SYNTHETIC_ML_DATASET,DROPOUT,1
BRT,BRT_POWER_001,2026-03-02T02:26:00+00:00,41.03763694294527,kW,GOOD,SYNTHETIC_ML_DATASET,NORMAL,0
BRT,BRT_PRESS_001,2026-03-02T02:26:00+00:00,984.4539914672791,hPa,GOOD,SYNTHETIC_ML_DATASET,NORMAL,0
BRT,BRT_TEMP_001,2026-03-02T02:26:00+00:00,-11.033089673116859,C,GOOD,SYNTHETIC_ML_DATASET,NORMAL,0
BRT,BRT_VIB_001,2026-03-02T02:26:00+00:00,,mm/s,MISSING,SYNTHETIC_ML_DATASET,DROPOUT,1
BRT,BRT_HUM_001,2026-03-02T02:27:00+00:00,57.22963306025527,%,GOOD,SYNTHETIC_ML_DATASET,NORMAL,0
BRT,BRT_POWER_001,2026-03-02T02:27:00+00:00,40.771121570250855,kW,GOOD,SYNTHETIC_ML_DATASET,NORMAL,0
BRT,BRT_PRESS_001,2026-03-02T02:27:00+00:00,984.5271360858343,hPa,GOOD,SYNTHETIC_ML_DATASET,NORMAL,0
BRT,BRT_TEMP_001,2026-03-02T02:27:00+00:00,-10.85355252841668,C,GOOD,SYNTHETIC_ML_DATASET,NORMAL,0
BRT,BRT_VIB_001,2026-03-02T02:27:00+00:00,0.7842351202776654,mm/s,GOOD,SYNTHETIC_ML_DATASET,NORMAL,0
BRT,BRT_HUM_001,2026-03-02T02:28:00+00:00,57.39239492474695,%,GOOD,SYNTHETIC_ML_DATASET,NORMAL,0
BRT,BRT_POWER_001,2026-03-02T02:28:00+00:00,40.67917673286604,kW,GOOD,SYNTHETIC_ML_DATASET,NORMAL,0
BRT,BRT_PRESS_001,2026-03-02T02:28:00+00:00,984.47544736536,hPa,GOOD,SYNTHETIC_ML_DATASET,NORMAL,0
BRT,BRT_TEMP_001,2026-03-02T02:28:00+00:00,-11.094957888150807,C,GOOD,SYNTHETIC_ML_DATASET,NORMAL,0
BRT,BRT_VIB_001,2026-03-02T02:28:00+00:00,0.7554927636440495,mm/s,GOOD,SYNTHETIC_ML_DATASET,NORMAL,0
BRT,BRT_HUM_001,2026-03-02T02:29:00+00:00,57.64959924962452,%,GOOD,SYNTHETIC_ML_DATASET,NORMAL,0
BRT,BRT_POWER_001,2026-03-02T02:29:00+00:00,41.01204201165364,kW,GOOD,SYNTHETIC_ML_DATASET,NORMAL,0
BRT,BRT_PRESS_001,2026-03-02T02:29:00+00:00,984.4239904539858,hPa,GOOD,SYNTHETIC_ML_DATASET,NORMAL,0
BRT,BRT_TEMP_001,2026-03-02T02:29:00+00:00,-11.15179243610764,C,GOOD,SYNTHETIC_ML_DATASET,NORMAL,0
BRT,BRT_VIB_001,2026-03-02T02:29:00+00:00,0.742042897470655,mm/s,GOOD,SYNTHETIC_ML_DATASET,NORMAL,0
BRT,BRT_HUM_001,2026-03-02T02:30:00+00:00,58.28544270548405,%,GOOD,SYNTHETIC_ML_DATASET,NORMAL,0
BRT,BRT_POWER_001,2026-03-02T02:30:00+00:00,41.13837163036291,kW,GOOD,SYNTHETIC_ML_DATASET,NORMAL,0
BRT,BRT_PRESS_001,2026-03-02T02:30:00+00:00,984.3795147336093,hPa,GOOD,SYNTHETIC_ML_DATASET,NORMAL,0
BRT,BRT_TEMP_001,2026-03-02T02:30:00+00:00,-11.269580326061469,C,GOOD,SYNTHETIC_ML_DATASET,NORMAL,0
BRT,BRT_VIB_001,2026-03-02T02:30:00+00:00,0.7677584950080172,mm/s,GOOD,SYNTHETIC_ML_DATASET,NORMAL,0
BRT,BRT_HUM_001,2026-03-02T02:31:00+00:00,57.53403125317718,%,GOOD,SYNTHETIC_ML_DATASET,NORMAL,0
BRT,BRT_POWER_001,2026-03-02T02:31:00+00:00,40.32333856812439,kW,GOOD,SYNTHETIC_ML_DATASET,NORMAL,0
BRT,BRT_PRESS_001,2026-03-02T02:31:00+00:00,984.5491009393086,hPa,GOOD,SYNTHETIC_ML_DATASET,NORMAL,0
BRT,BRT_TEMP_001,2026-03-02T02:31:00+00:00,-11.29019686831419,C,GOOD,SYNTHETIC_ML_DATASET,NORMAL,0
BRT,BRT_VIB_001,2026-03-02T02:31:00+00:00,0.7778882741247667,mm/s,GOOD,SYNTHETIC_ML_DATASET,NORMAL,0
BRT,BRT_HUM_001,2026-03-02T02:32:00+00:00,57.44123092028086,%,GOOD,SYNTHETIC_ML_DATASET,NORMAL,0
BRT,BRT_POWER_001,2026-03-02T02:32:00+00:00,40.72200640228158,kW,GOOD,SYNTHETIC_ML_DATASET,NORMAL,0
BRT,BRT_PRESS_001,2026-03-02T02:32:00+00:00,984.386857500156,hPa,GOOD,SYNTHETIC_ML_DATASET,NORMAL,0
BRT,BRT_TEMP_001,2026-03-02T02:32:00+00:00,-11.289221109266965,C,GOOD,SYNTHETIC_ML_DATASET,NORMAL,0
BRT,BRT_VIB_001,2026-03-02T02:32:00+00:00,0.7378850976327228,mm/s,GOOD,SYNTHETIC_ML_DATASET,NORMAL,0
BRT,BRT_HUM_001,2026-03-02T02:33:00+00:00,57.298731057976134,%,GOOD,SYNTHETIC_ML_DATASET,NORMAL,0
BRT,BRT_POWER_001,2026-03-02T02:33:00+00:00,40.944365253224206,kW,GOOD,SYNTHETIC_ML_DATASET,NORMAL,0
BRT,BRT_PRESS_001,2026-03-02T02:33:00+00:00,984.3827034520342,hPa,GOOD,SYNTHETIC_ML_DATASET,NORMAL,0
BRT,BRT_TEMP_001,2026-03-02T02:33:00+00:00,-11.531132999106218,C,GOOD,SYNTHETIC_ML_DATASET,NORMAL,0
BRT,BRT_VIB_001,2026-03-02T02:33:00+00:00,0.7398294735119046,mm/s,GOOD,SYNTHETIC_ML_DATASET,NORMAL,0
BRT,BRT_HUM_001,2026-03-02T02:34:00+00:00,57.159480136041694,%,GOOD,SYNTHETIC_ML_DATASET,NORMAL,0
BRT,BRT_POWER_001,2026-03-02T02:34:00+00:00,41.02036440480486,kW,GOOD,SYNTHETIC_ML_DATASET,NORMAL,0
BRT,BRT_PRESS_001,2026-03-02T02:34:00+00:00,984.3875020425578,hPa,GOOD,SYNTHETIC_ML_DATASET,NORMAL,0
BRT,BRT_TEMP_001,2026-03-02T02:34:00+00:00,-11.612277880185687,C,GOOD,SYNTHETIC_ML_DATASET,NORMAL,0
BRT,BRT_VIB_001,2026-03-02T02:34:00+00:00,0.7440847329686185,mm/s,GOOD,SYNTHETIC_ML_DATASET,NORMAL,0
BRT,BRT_HUM_001,2026-03-02T02:35:00+00:00,57.25698885869115,%,GOOD,SYNTHETIC_ML_DATASET,NORMAL,0
BRT,BRT_POWER_001,2026-03-02T02:35:00+00:00,41.36766613269215,kW,GOOD,SYNTHETIC_ML_DATASET,NORMAL,0
BRT,BRT_PRESS_001,2026-03-02T02:35:00+00:00,984.3596865442088,hPa,GOOD,SYNTHETIC_ML_DATASET,NORMAL,0
BRT,BRT_TEMP_001,2026-03-02T02:35:00+00:00,-11.302208465544302,C,GOOD,SYNTHETIC_ML_DATASET,NORMAL,0
BRT,BRT_VIB_001,2026-03-02T02:35:00+00:00,0.728108373909083,mm/s,GOOD,SYNTHETIC_ML_DATASET,NORMAL,0
BRT,BRT_HUM_001,2026-03-02T02:36:00+00:00,57.78304832658988,%,GOOD,SYNTHETIC_ML_DATASET,NORMAL,0
BRT,BRT_POWER_001,2026-03-02T02:36:00+00:00,40.9113716331417,kW,GOOD,SYNTHETIC_ML_DATASET,NORMAL,0
BRT,BRT_PRESS_001,2026-03-02T02:36:00+00:00,984.1807192913262,hPa,GOOD,SYNTHETIC_ML_DATASET,NORMAL,0
BRT,BRT_TEMP_001,2026-03-02T02:36:00+00:00,-11.6161474496419,C,GOOD,SYNTHETIC_ML_DATASET,NORMAL,0
BRT,BRT_VIB_001,2026-03-02T02:36:00+00:00,0.727129599754223,mm/s,GOOD,SYNTHETIC_ML_DATASET,NORMAL,0
BRT,BRT_HUM_001,2026-03-02T02:37:00+00:00,56.9047538220749,%,GOOD,SYNTHETIC_ML_DATASET,NORMAL,0
BRT,BRT_POWER_001,2026-03-02T02:37:00+00:00,40.400316316000854,kW,GOOD,SYNTHETIC_ML_DATASET,NORMAL,0
BRT,BRT_PRESS_001,2026-03-02T02:37:00+00:00,984.1172415810107,hPa,GOOD,SYNTHETIC_ML_DATASET,NORMAL,0
BRT,BRT_TEMP_001,2026-03-02T02:37:00+00:00,-11.649138090871093,C,GOOD,SYNTHETIC_ML_DATASET,NORMAL,0
BRT,BRT_VIB_001,2026-03-02T02:37:00+00:00,0.7176556011801619,mm/s,GOOD,SYNTHETIC_ML_DATASET,NORMAL,0
BRT,BRT_HUM_001,2026-03-02T02:38:00+00:00,57.19791459802147,%,GOOD,SYNTHETIC_ML_DATASET,NORMAL,0
BRT,BRT_POWER_001,2026-03-02T02:38:00+00:00,40.486830465052236,kW,GOOD,SYNTHETIC_ML_DATASET,NORMAL,0
BRT,BRT_PRESS_001,2026-03-02T02:38:00+00:00,984.035823069628,hPa,GOOD,SYNTHETIC_ML_DATASET,NORMAL,0
BRT,BRT_TEMP_001,2026-03-02T02:38:00+00:00,-11.67032083593677,C,GOOD,SYNTHETIC_ML_DATASET,NORMAL,0
BRT,BRT_VIB_001,2026-03-02T02:38:00+00:00,0.6999936789990229,mm/s,GOOD,SYNTHETIC_ML_DATASET,NORMAL,0
BRT,BRT_HUM_001,2026-03-02T02:39:00+00:00,57.64882639732679,%,GOOD,SYNTHETIC_ML_DATASET,NORMAL,0
BRT,BRT_POWER_001,2026-03-02T02:39:00+00:00,40.745793289606524,kW,GOOD,SYNTHETIC_ML_DATASET,NORMAL,0
BRT,BRT_PRESS_001,2026-03-02T02:39:00+00:00,983.887557775087,hPa,GOOD,SYNTHETIC_ML_DATASET,NORMAL,0
BRT,BRT_TEMP_001,2026-03-02T02:39:00+00:00,-11.488362770143691,C,GOOD,SYNTHETIC_ML_DATASET,NORMAL,0
BRT,BRT_VIB_001,2026-03-02T02:39:00+00:00,0.7288576568163118,mm/s,GOOD,SYNTHETIC_ML_DATASET,NORMAL,0
BRT,BRT_HUM_001,2026-03-02T02:40:00+00:00,57.00118761548378,%,GOOD,SYNTHETIC_ML_DATASET,NORMAL,0
BRT,BRT_POWER_001,2026-03-02T02:40:00+00:00,40.67598753872781,kW,GOOD,SYNTHETIC_ML_DATASET,NORMAL,0
BRT,BRT_PRESS_001,2026-03-02T02:40:00+00:00,984.1353498095016,hPa,GOOD,SYNTHETIC_ML_DATASET,NORMAL,0
BRT,BRT_TEMP_001,2026-03-02T02:40:00+00:00,-11.584969279918715,C,GOOD,SYNTHETIC_ML_DATASET,NORMAL,0
BRT,BRT_VIB_001,2026-03-02T02:40:00+00:00,0.6996275230405815,mm/s,GOOD,SYNTHETIC_ML_DATASET,NORMAL,0
BRT,BRT_HUM_001,2026-03-02T02:41:00+00:00,56.76107415949262,%,GOOD,SYNTHETIC_ML_DATASET,NORMAL,0
BRT,BRT_POWER_001,2026-03-02T02:41:00+00:00,40.21925301460937,kW,GOOD,SYNTHETIC_ML_DATASET,NORMAL,0
BRT,BRT_PRESS_001,2026-03-02T02:41:00+00:00,984.2413465726167,hPa,GOOD,SYNTHETIC_ML_DATASET,NORMAL,0
BRT,BRT_TEMP_001,2026-03-02T02:41:00+00:00,-11.373645204975418,C,GOOD,SYNTHETIC_ML_DATASET,NORMAL,0
BRT,BRT_VIB_001,2026-03-02T02:41:00+00:00,0.6863854725823479,mm/s,GOOD,SYNTHETIC_ML_DATASET,NORMAL,0
BRT,BRT_HUM_001,2026-03-02T02:42:00+00:00,56.091983350465064,%,GOOD,SYNTHETIC_ML_DATASET,NORMAL,0
BRT,BRT_POWER_001,2026-03-02T02:42:00+00:00,40.64697942280788,kW,GOOD,SYNTHETIC_ML_DATASET,NORMAL,0
BRT,BRT_PRESS_001,2026-03-02T02:42:00+00:00,984.1006387040575,hPa,GOOD,SYNTHETIC_ML_DATASET,NORMAL,0
BRT,BRT_TEMP_001,2026-03-02T02:42:00+00:00,-11.707868806248515,C,GOOD,SYNTHETIC_ML_DATASET,NORMAL,0
BRT,BRT_VIB_001,2026-03-02T02:42:00+00:00,0.6983519691333865,mm/s,GOOD,SYNTHETIC_ML_DATASET,NORMAL,0
BRT,BRT_HUM_001,2026-03-02T02:43:00+00:00,56.84152404412878,%,GOOD,SYNTHETIC_ML_DATASET,NORMAL,0
BRT,BRT_POWER_001,2026-03-02T02:43:00+00:00,40.32620647539072,kW,GOOD,SYNTHETIC_ML_DATASET,NORMAL,0
BRT,BRT_PRESS_001,2026-03-02T02:43:00+00:00,983.9367559175708,hPa,GOOD,SYNTHETIC_ML_DATASET,NORMAL,0
BRT,BRT_TEMP_001,2026-03-02T02:43:00+00:00,-11.601137145823976,C,GOOD,SYNTHETIC_ML_DATASET,NORMAL,0
BRT,BRT_VIB_001,2026-03-02T02:43:00+00:00,0.7252633318592155,mm/s,GOOD,SYNTHETIC_ML_DATASET,NORMAL,0
BRT,BRT_HUM_001,2026-03-02T02:44:00+00:00,56.29034737657072,%,GOOD,SYNTHETIC_ML_DATASET,NORMAL,0
BRT,BRT_POWER_001,2026-03-02T02:44:00+00:00,39.58108989166205,kW,GOOD,SYNTHETIC_ML_DATASET,NORMAL,0
BRT,BRT_PRESS_001,2026-03-02T02:44:00+00:00,983.9223277664021,hPa,GOOD,SYNTHETIC_ML_DATASET,NORMAL,0
BRT,BRT_TEMP_001,2026-03-02T02:44:00+00:00,-11.828459656081458,C,GOOD,SYNTHETIC_ML_DATASET,NORMAL,0
BRT,BRT_VIB_001,2026-03-02T02:44:00+00:00,0.6875684771681932,mm/s,GOOD,SYNTHETIC_ML_DATASET,NORMAL,0
BRT,BRT_HUM_001,2026-03-02T02:45:00+00:00,56.50560540547586,%,GOOD,SYNTHETIC_ML_DATASET,NORMAL,0
BRT,BRT_POWER_001,2026-03-02T02:45:00+00:00,40.19961080664912,kW,GOOD,SYNTHETIC_ML_DATASET,NORMAL,0
BRT,BRT_PRESS_001,2026-03-02T02:45:00+00:00,983.7715604611451,hPa,GOOD,SYNTHETIC_ML_DATASET,NORMAL,0
BRT,BRT_TEMP_001,2026-03-02T02:45:00+00:00,-11.674974911069953,C,GOOD,SYNTHETIC_ML_DATASET,NORMAL,0
BRT,BRT_VIB_001,2026-03-02T02:45:00+00:00,0.7031623757425428,mm/s,GOOD,SYNTHETIC_ML_DATASET,NORMAL,0
BRT,BRT_HUM_001,2026-03-02T02:46:00+00:00,57.071543804630984,%,GOOD,SYNTHETIC_ML_DATASET,NORMAL,0
BRT,BRT_POWER_001,2026-03-02T02:46:00+00:00,39.848129884279594,kW,GOOD,SYNTHETIC_ML_DATASET,NORMAL,0
BRT,BRT_PRESS_001,2026-03-02T02:46:00+00:00,984.1051731347883,hPa,GOOD,SYNTHETIC_ML_DATASET,NORMAL,0
BRT,BRT_TEMP_001,2026-03-02T02:46:00+00:00,-11.942567218377743,C,GOOD,SYNTHETIC_ML_DATASET,NORMAL,0
BRT,BRT_VIB_001,2026-03-02T02:46:00+00:00,0.6898559788735386,mm/s,GOOD,SYNTHETIC_ML_DATASET,NORMAL,0
BRT,BRT_HUM_001,2026-03-02T02:47:00+00:00,56.69979262324812,%,GOOD,SYNTHETIC_ML_DATASET,NORMAL,0
BRT,BRT_POWER_001,2026-03-02T02:47:00+00:00,39.476932439654256,kW,GOOD,SYNTHETIC_ML_DATASET,NORMAL,0
BRT,BRT_PRESS_001,2026-03-02T02:47:00+00:00,984.0933827461553,hPa,GOOD,SYNTHETIC_ML_DATASET,NORMAL,0
BRT,BRT_TEMP_001,2026-03-02T02:47:00+00:00,-11.6567797898539,C,GOOD,SYNTHETIC_ML_DATASET,NORMAL,0
BRT,BRT_VIB_001,2026-03-02T02:47:00+00:00,0.680014015628694,mm/s,GOOD,SYNTHETIC_ML_DATASET,NORMAL,0
BRT,BRT_HUM_001,2026-03-02T02:48:00+00:00,57.72704905238094,%,GOOD,SYNTHETIC_ML_DATASET,NORMAL,0
BRT,BRT_POWER_001,2026-03-02T02:48:00+00:00,38.922169015456724,kW,GOOD,SYNTHETIC_ML_DATASET,NORMAL,0
BRT,BRT_PRESS_001,2026-03-02T02:48:00+00:00,984.112738782564,hPa,GOOD,SYNTHETIC_ML_DATASET,NORMAL,0
BRT,BRT_TEMP_001,2026-03-02T02:48:00+00:00,-11.808901653746993,C,GOOD,SYNTHETIC_ML_DATASET,NORMAL,0
BRT,BRT_VIB_001,2026-03-02T02:48:00+00:00,0.687773649130805,mm/s,GOOD,SYNTHETIC_ML_DATASET,NORMAL,0
BRT,BRT_HUM_001,2026-03-02T02:49:00+00:00,56.13824790281298,%,GOOD,SYNTHETIC_ML_DATASET,NORMAL,0
BRT,BRT_POWER_001,2026-03-02T02:49:00+00:00,39.39400587617723,kW,GOOD,SYNTHETIC_ML_DATASET,NORMAL,0
BRT,BRT_PRESS_001,2026-03-02T02:49:00+00:00,983.7633867190971,hPa,GOOD,SYNTHETIC_ML_DATASET,NORMAL,0
BRT,BRT_TEMP_001,2026-03-02T02:49:00+00:00,-11.990156114411782,C,GOOD,SYNTHETIC_ML_DATASET,NORMAL,0
BRT,BRT_VIB_001,2026-03-02T02:49:00+00:00,0.646169323383781,mm/s,GOOD,SYNTHETIC_ML_DATASET,NORMAL,0
BRT,BRT_HUM_001,2026-03-02T02:50:00+00:00,56.55383638268645,%,GOOD,SYNTHETIC_ML_DATASET,NORMAL,0
BRT,BRT_POWER_001,2026-03-02T02:50:00+00:00,39.14714914932467,kW,GOOD,SYNTHETIC_ML_DATASET,NORMAL,0
BRT,BRT_PRESS_001,2026-03-02T02:50:00+00:00,983.8617245908822,hPa,GOOD,SYNTHETIC_ML_DATASET,NORMAL,0
BRT,BRT_TEMP_001,2026-03-02T02:50:00+00:00,-11.94765883426552,C,GOOD,SYNTHETIC_ML_DATASET,NORMAL,0
BRT,BRT_VIB_001,2026-03-02T02:50:00+00:00,0.6482753472678829,mm/s,GOOD,SYNTHETIC_ML_DATASET,NORMAL,0
BRT,BRT_HUM_001,2026-03-02T02:51:00+00:00,56.06343108994116,%,GOOD,SYNTHETIC_ML_DATASET,NORMAL,0
BRT,BRT_POWER_001,2026-03-02T02:51:00+00:00,38.80338459842233,kW,GOOD,SYNTHETIC_ML_DATASET,NORMAL,0
BRT,BRT_PRESS_001,2026-03-02T02:51:00+00:00,983.8906545481314,hPa,GOOD,SYNTHETIC_ML_DATASET,NORMAL,0
BRT,BRT_TEMP_001,2026-03-02T02:51:00+00:00,-12.176618646151939,C,GOOD,SYNTHETIC_ML_DATASET,NORMAL,0
BRT,BRT_VIB_001,2026-03-02T02:51:00+00:00,0.6491923720189453,mm/s,GOOD,SYNTHETIC_ML_DATASET,NORMAL,0
BRT,BRT_HUM_001,2026-03-02T02:52:00+00:00,55.66521044798015,%,GOOD,SYNTHETIC_ML_DATASET,NORMAL,0
BRT,BRT_POWER_001,2026-03-02T02:52:00+00:00,38.580147977813446,kW,GOOD,SYNTHETIC_ML_DATASET,NORMAL,0
BRT,BRT_PRESS_001,2026-03-02T02:52:00+00:00,983.8500974040057,hPa,GOOD,SYNTHETIC_ML_DATASET,NORMAL,0
BRT,BRT_TEMP_001,2026-03-02T02:52:00+00:00,-12.216505820037883,C,GOOD,SYNTHETIC_ML_DATASET,NORMAL,0
BRT,BRT_VIB_001,2026-03-02T02:52:00+00:00,0.6513825865278527,mm/s,GOOD,SYNTHETIC_ML_DATASET,NORMAL,0
BRT,BRT_HUM_001,2026-03-02T02:53:00+00:00,56.19285218754713,%,GOOD,SYNTHETIC_ML_DATASET,NORMAL,0
BRT,BRT_POWER_001,2026-03-02T02:53:00+00:00,38.71697770666256,kW,GOOD,SYNTHETIC_ML_DATASET,NORMAL,0
BRT,BRT_PRESS_001,2026-03-02T02:53:00+00:00,983.7039393479142,hPa,GOOD,SYNTHETIC_ML_DATASET,NORMAL,0
BRT,BRT_TEMP_001,2026-03-02T02:53:00+00:00,-12.251622451899724,C,GOOD,SYNTHETIC_ML_DATASET,NORMAL,0
BRT,BRT_VIB_001,2026-03-02T02:53:00+00:00,0.6530687801110455,mm/s,GOOD,SYNTHETIC_ML_DATASET,NORMAL,0
BRT,BRT_HUM_001,2026-03-02T02:54:00+00:00,56.974717096614626,%,GOOD,SYNTHETIC_ML_DATASET,NORMAL,0
BRT,BRT_POWER_001,2026-03-02T02:54:00+00:00,38.013270708774265,kW,GOOD,SYNTHETIC_ML_DATASET,NORMAL,0
BRT,BRT_PRESS_001,2026-03-02T02:54:00+00:00,983.7538400680742,hPa,GOOD,SYNTHETIC_ML_DATASET,NORMAL,0
BRT,BRT_TEMP_001,2026-03-02T02:54:00+00:00,-12.515427905367895,C,GOOD,SYNTHETIC_ML_DATASET,NORMAL,0
BRT,BRT_VIB_001,2026-03-02T02:54:00+00:00,0.6633158578024134,mm/s,GOOD,SYNTHETIC_ML_DATASET,NORMAL,0
BRT,BRT_HUM_001,2026-03-02T02:55:00+00:00,56.63890711396657,%,GOOD,SYNTHETIC_ML_DATASET,NORMAL,0
BRT,BRT_POWER_001,2026-03-02T02:55:00+00:00,38.61837505005414,kW,GOOD,SYNTHETIC_ML_DATASET,NORMAL,0
BRT,BRT_PRESS_001,2026-03-02T02:55:00+00:00,983.6288368027422,hPa,GOOD,SYNTHETIC_ML_DATASET,NORMAL,0
BRT,BRT_TEMP_001,2026-03-02T02:55:00+00:00,-12.231115462073062,C,GOOD,SYNTHETIC_ML_DATASET,NORMAL,0
BRT,BRT_VIB_001,2026-03-02T02:55:00+00:00,0.6477559375763595,mm/s,GOOD,SYNTHETIC_ML_DATASET,NORMAL,0
BRT,BRT_HUM_001,2026-03-02T02:56:00+00:00,55.69429545650268,%,GOOD,SYNTHETIC_ML_DATASET,NORMAL,0
BRT,BRT_POWER_001,2026-03-02T02:56:00+00:00,38.718598697984945,kW,GOOD,SYNTHETIC_ML_DATASET,NORMAL,0
BRT,BRT_PRESS_001,2026-03-02T02:56:00+00:00,983.3913672866859,hPa,GOOD,SYNTHETIC_ML_DATASET,NORMAL,0
BRT,BRT_TEMP_001,2026-03-02T02:56:00+00:00,-11.975972078224961,C,GOOD,SYNTHETIC_ML_DATASET,NORMAL,0
BRT,BRT_VIB_001,2026-03-02T02:56:00+00:00,0.6396287044135758,mm/s,GOOD,SYNTHETIC_ML_DATASET,NORMAL,0
BRT,BRT_HUM_001,2026-03-02T02:57:00+00:00,55.57207459250508,%,GOOD,SYNTHETIC_ML_DATASET,NORMAL,0
BRT,BRT_POWER_001,2026-03-02T02:57:00+00:00,38.32339996012236,kW,GOOD,SYNTHETIC_ML_DATASET,NORMAL,0
BRT,BRT_PRESS_001,2026-03-02T02:57:00+00:00,983.4809845499182,hPa,GOOD,SYNTHETIC_ML_DATASET,NORMAL,0
BRT,BRT_TEMP_001,2026-03-02T02:57:00+00:00,-12.406576793782717,C,GOOD,SYNTHETIC_ML_DATASET,NORMAL,0
BRT,BRT_VIB_001,2026-03-02T02:57:00+00:00,0.6467773854527756,mm/s,GOOD,SYNTHETIC_ML_DATASET,NORMAL,0
BRT,BRT_HUM_001,2026-03-02T02:58:00+00:00,55.61563561446915,%,GOOD,SYNTHETIC_ML_DATASET,NORMAL,0
BRT,BRT_POWER_001,2026-03-02T02:58:00+00:00,38.355208965155406,kW,GOOD,SYNTHETIC_ML_DATASET,NORMAL,0
BRT,BRT_PRESS_001,2026-03-02T02:58:00+00:00,983.332505052554,hPa,GOOD,SYNTHETIC_ML_DATASET,NORMAL,0
BRT,BRT_TEMP_001,2026-03-02T02:58:00+00:00,-12.321616586452166,C,GOOD,SYNTHETIC_ML_DATASET,NORMAL,0
BRT,BRT_VIB_001,2026-03-02T02:58:00+00:00,0.6183986605851246,mm/s,GOOD,SYNTHETIC_ML_DATASET,NORMAL,0
BRT,BRT_HUM_001,2026-03-02T02:59:00+00:00,54.78494856895795,%,GOOD,SYNTHETIC_ML_DATASET,NORMAL,0
BRT,BRT_POWER_001,2026-03-02T02:59:00+00:00,38.538186664342795,kW,GOOD,SYNTHETIC_ML_DATASET,NORMAL,0
BRT,BRT_PRESS_001,2026-03-02T02:59:00+00:00,983.4340437273141,hPa,GOOD,SYNTHETIC_ML_DATASET,NORMAL,0
BRT,BRT_TEMP_001,2026-03-02T02:59:00+00:00,-12.513319796449396,C,GOOD,SYNTHETIC_ML_DATASET,NORMAL,0
BRT,BRT_VIB_001,2026-03-02T02:59:00+00:00,0.6268412761998405,mm/s,GOOD,SYNTHETIC_ML_DATASET,NORMAL,0
BRT,BRT_HUM_001,2026-03-02T03:00:00+00:00,54.626028185569055,%,GOOD,SYNTHETIC_ML_DATASET,NORMAL,0
BRT,BRT_POWER_001,2026-03-02T03:00:00+00:00,38.04733501357864,kW,GOOD,SYNTHETIC_ML_DATASET,NORMAL,0
BRT,BRT_PRESS_001,2026-03-02T03:00:00+00:00,983.3578277914196,hPa,GOOD,SYNTHETIC_ML_DATASET,NORMAL,0
BRT,BRT_TEMP_001,2026-03-02T03:00:00+00:00,-12.448202032827846,C,GOOD,SYNTHETIC_ML_DATASET,NORMAL,0
BRT,BRT_VIB_001,2026-03-02T03:00:00+00:00,0.6365441885554289,mm/s,GOOD,SYNTHETIC_ML_DATASET,NORMAL,0
BRT,BRT_HUM_001,2026-03-02T03:01:00+00:00,54.85320373556824,%,GOOD,SYNTHETIC_ML_DATASET,NORMAL,0
BRT,BRT_POWER_001,2026-03-02T03:01:00+00:00,38.39135679255701,kW,GOOD,SYNTHETIC_ML_DATASET,NORMAL,0
BRT,BRT_PRESS_001,2026-03-02T03:01:00+00:00,983.2427000848323,hPa,GOOD,SYNTHETIC_ML_DATASET,NORMAL,0
BRT,BRT_TEMP_001,2026-03-02T03:01:00+00:00,-12.59721541907893,C,GOOD,SYNTHETIC_ML_DATASET,NORMAL,0
BRT,BRT_VIB_001,2026-03-02T03:01:00+00:00,0.6482312797785418,mm/s,GOOD,SYNTHETIC_ML_DATASET,NORMAL,0
BRT,BRT_HUM_001,2026-03-02T03:02:00+00:00,54.838004623450864,%,GOOD,SYNTHETIC_ML_DATASET,NORMAL,0
BRT,BRT_POWER_001,2026-03-02T03:02:00+00:00,38.54488328360654,kW,GOOD,SYNTHETIC_ML_DATASET,NORMAL,0
BRT,BRT_PRESS_001,2026-03-02T03:02:00+00:00,983.2859965204641,hPa,GOOD,SYNTHETIC_ML_DATASET,NORMAL,0
BRT,BRT_TEMP_001,2026-03-02T03:02:00+00:00,-12.604757241605657,C,GOOD,SYNTHETIC_ML_DATASET,NORMAL,0
BRT,BRT_VIB_001,2026-03-02T03:02:00+00:00,0.6538945039646346,mm/s,GOOD,SYNTHETIC_ML_DATASET,NORMAL,0
BRT,BRT_HUM_001,2026-03-02T03:03:00+00:00,54.004985379258116,%,GOOD,SYNTHETIC_ML_DATASET,NORMAL,0
BRT,BRT_POWER_001,2026-03-02T03:03:00+00:00,37.99769907238847,kW,GOOD,SYNTHETIC_ML_DATASET,NORMAL,0
BRT,BRT_PRESS_001,2026-03-02T03:03:00+00:00,983.1951142158945,hPa,GOOD,SYNTHETIC_ML_DATASET,NORMAL,0
BRT,BRT_TEMP_001,2026-03-02T03:03:00+00:00,-12.345806495194866,C,GOOD,SYNTHETIC_ML_DATASET,NORMAL,0
BRT,BRT_VIB_001,2026-03-02T03:03:00+00:00,0.6444273889669454,mm/s,GOOD,SYNTHETIC_ML_DATASET,NORMAL,0
BRT,BRT_HUM_001,2026-03-02T03:04:00+00:00,54.03780139642008,%,GOOD,SYNTHETIC_ML_DATASET,NORMAL,0
BRT,BRT_POWER_001,2026-03-02T03:04:00+00:00,37.98464495701478,kW,GOOD,SYNTHETIC_ML_DATASET,NORMAL,0
BRT,BRT_PRESS_001,2026-03-02T03:04:00+00:00,983.2512600832235,hPa,GOOD,SYNTHETIC_ML_DATASET,NORMAL,0
BRT,BRT_TEMP_001,2026-03-02T03:04:00+00:00,-12.503430200373217,C,GOOD,SYNTHETIC_ML_DATASET,NORMAL,0
BRT,BRT_VIB_001,2026-03-02T03:04:00+00:00,0.6463616148155101,mm/s,GOOD,SYNTHETIC_ML_DATASET,NORMAL,0
BRT,BRT_HUM_001,2026-03-02T03:05:00+00:00,53.892571738585374,%,GOOD,SYNTHETIC_ML_DATASET,NORMAL,0
BRT,BRT_POWER_001,2026-03-02T03:05:00+00:00,37.292930938060465,kW,GOOD,SYNTHETIC_ML_DATASET,NORMAL,0
BRT,BRT_PRESS_001,2026-03-02T03:05:00+00:00,983.2413077632411,hPa,GOOD,SYNTHETIC_ML_DATASET,NORMAL,0
BRT,BRT_TEMP_001,2026-03-02T03:05:00+00:00,-12.236019112974828,C,GOOD,SYNTHETIC_ML_DATASET,NORMAL,0
BRT,BRT_VIB_001,2026-03-02T03:05:00+00:00,0.6476494535207968,mm/s,GOOD,SYNTHETIC_ML_DATASET,NORMAL,0
BRT,BRT_HUM_001,2026-03-02T03:06:00+00:00,53.3617478224287,%,GOOD,SYNTHETIC_ML_DATASET,NORMAL,0
BRT,BRT_POWER_001,2026-03-02T03:06:00+00:00,37.53104467217963,kW,GOOD,SYNTHETIC_ML_DATASET,NORMAL,0
BRT,BRT_PRESS_001,2026-03-02T03:06:00+00:00,983.2083753933717,hPa,GOOD,SYNTHETIC_ML_DATASET,NORMAL,0
BRT,BRT_TEMP_001,2026-03-02T03:06:00+00:00,-12.724283798421219,C,GOOD,SYNTHETIC_ML_DATASET,NORMAL,0
BRT,BRT_VIB_001,2026-03-02T03:06:00+00:00,0.6593147789337871,mm/s,GOOD,SYNTHETIC_ML_DATASET,NORMAL,0
BRT,BRT_HUM_001,2026-03-02T03:07:00+00:00,53.27051657982055,%,GOOD,SYNTHETIC_ML_DATASET,NORMAL,0
BRT,BRT_POWER_001,2026-03-02T03:07:00+00:00,37.39588583592221,kW,GOOD,SYNTHETIC_ML_DATASET,NORMAL,0
BRT,BRT_PRESS_001,2026-03-02T03:07:00+00:00,983.3076914570978,hPa,GOOD,SYNTHETIC_ML_DATASET,NORMAL,0
BRT,BRT_TEMP_001,2026-03-02T03:07:00+00:00,-12.725597908937507,C,GOOD,SYNTHETIC_ML_DATASET,NORMAL,0
BRT,BRT_VIB_001,2026-03-02T03:07:00+00:00,0.6403551060709892,mm/s,GOOD,SYNTHETIC_ML_DATASET,NORMAL,0
BRT,BRT_HUM_001,2026-03-02T03:08:00+00:00,53.77175235710935,%,GOOD,SYNTHETIC_ML_DATASET,NORMAL,0
BRT,BRT_POWER_001,2026-03-02T03:08:00+00:00,36.73293878836541,kW,GOOD,SYNTHETIC_ML_DATASET,NORMAL,0
BRT,BRT_PRESS_001,2026-03-02T03:08:00+00:00,983.2794929822954,hPa,GOOD,SYNTHETIC_ML_DATASET,NORMAL,0
BRT,BRT_TEMP_001,2026-03-02T03:08:00+00:00,-12.518582846944355,C,GOOD,SYNTHETIC_ML_DATASET,NORMAL,0
BRT,BRT_VIB_001,2026-03-02T03:08:00+00:00,0.6389852096335483,mm/s,GOOD,SYNTHETIC_ML_DATASET,NORMAL,0
BRT,BRT_HUM_001,2026-03-02T03:09:00+00:00,54.02754837095789,%,GOOD,SYNTHETIC_ML_DATASET,NORMAL,0
BRT,BRT_POWER_001,2026-03-02T03:09:00+00:00,37.93011756939876,kW,GOOD,SYNTHETIC_ML_DATASET,NORMAL,0
BRT,BRT_PRESS_001,2026-03-02T03:09:00+00:00,983.2877457608237,hPa,GOOD,SYNTHETIC_ML_DATASET,NORMAL,0
BRT,BRT_TEMP_001,2026-03-02T03:09:00+00:00,-12.534303191596056,C,GOOD,SYNTHETIC_ML_DATASET,NORMAL,0
BRT,BRT_VIB_001,2026-03-02T03:09:00+00:00,0.6740006056716579,mm/s,GOOD,SYNTHETIC_ML_DATASET,NORMAL,0
BRT,BRT_HUM_001,2026-03-02T03:10:00+00:00,53.402606043103724,%,GOOD,SYNTHETIC_ML_DATASET,NORMAL,0
BRT,BRT_POWER_001,2026-03-02T03:10:00+00:00,37.662474283142586,kW,GOOD,SYNTHETIC_ML_DATASET,NORMAL,0
BRT,BRT_PRESS_001,2026-03-02T03:10:00+00:00,983.2137923682654,hPa,GOOD,SYNTHETIC_ML_DATASET,NORMAL,0
BRT,BRT_TEMP_001,2026-03-02T03:10:00+00:00,-12.69569412091329,C,GOOD,SYNTHETIC_ML_DATASET,NORMAL,0
BRT,BRT_VIB_001,2026-03-02T03:10:00+00:00,0.6560510532443109,mm/s,GOOD,SYNTHETIC_ML_DATASET,NORMAL,0
BRT,BRT_HUM_001,2026-03-02T03:11:00+00:00,53.78057084991989,%,GOOD,SYNTHETIC_ML_DATASET,NORMAL,0
BRT,BRT_POWER_001,2026-03-02T03:11:00+00:00,37.71158160868208,kW,GOOD,SYNTHETIC_ML_DATASET,NORMAL,0
BRT,BRT_PRESS_001,2026-03-02T03:11:00+00:00,983.2742168664811,hPa,GOOD,SYNTHETIC_ML_DATASET,NORMAL,0
BRT,BRT_TEMP_001,2026-03-02T03:11:00+00:00,-12.774139245483997,C,GOOD,SYNTHETIC_ML_DATASET,NORMAL,0
BRT,BRT_VIB_001,2026-03-02T03:11:00+00:00,0.6664424190084426,mm/s,GOOD,SYNTHETIC_ML_DATASET,NORMAL,0
BRT,BRT_HUM_001,2026-03-02T03:12:00+00:00,53.41971663341323,%,GOOD,SYNTHETIC_ML_DATASET,NORMAL,0
BRT,BRT_POWER_001,2026-03-02T03:12:00+00:00,37.96780685860556,kW,GOOD,SYNTHETIC_ML_DATASET,NORMAL,0
BRT,BRT_PRESS_001,2026-03-02T03:12:00+00:00,983.1046137627193,hPa,GOOD,SYNTHETIC_ML_DATASET,NORMAL,0
BRT,BRT_TEMP_001,2026-03-02T03:12:00+00:00,-12.997574489716316,C,GOOD,SYNTHETIC_ML_DATASET,NORMAL,0
BRT,BRT_VIB_001,2026-03-02T03:12:00+00:00,0.6535169580683599,mm/s,GOOD,SYNTHETIC_ML_DATASET,NORMAL,0
BRT,BRT_HUM_001,2026-03-02T03:13:00+00:00,54.236233303602965,%,GOOD,SYNTHETIC_ML_DATASET,NORMAL,0
BRT,BRT_POWER_001,2026-03-02T03:13:00+00:00,37.290560780178055,kW,GOOD,SYNTHETIC_ML_DATASET,NORMAL,0
BRT,BRT_PRESS_001,2026-03-02T03:13:00+00:00,982.9669755755469,hPa,GOOD,SYNTHETIC_ML_DATASET,NORMAL,0
BRT,BRT_TEMP_001,2026-03-02T03:13:00+00:00,-12.98654613352799,C,GOOD,SYNTHETIC_ML_DATASET,NORMAL,0
BRT,BRT_VIB_001,2026-03-02T03:13:00+00:00,0.6713641160236947,mm/s,GOOD,SYNTHETIC_ML_DATASET,NORMAL,0
BRT,BRT_HUM_001,2026-03-02T03:14:00+00:00,53.47393904250776,%,GOOD,SYNTHETIC_ML_DATASET,NORMAL,0
BRT,BRT_POWER_001,2026-03-02T03:14:00+00:00,37.337138224272415,kW,GOOD,SYNTHETIC_ML_DATASET,NORMAL,0
BRT,BRT_PRESS_001,2026-03-02T03:14:00+00:00,983.0493606861813,hPa,GOOD,SYNTHETIC_ML_DATASET,NORMAL,0
BRT,BRT_TEMP_001,2026-03-02T03:14:00+00:00,-13.005432553499855,C,GOOD,SYNTHETIC_ML_DATASET,NORMAL,0
BRT,BRT_VIB_001,2026-03-02T03:14:00+00:00,0.6499058973118755,mm/s,GOOD,SYNTHETIC_ML_DATASET,NORMAL,0
BRT,BRT_HUM_001,2026-03-02T03:15:00+00:00,53.7081951572012,%,GOOD,SYNTHETIC_ML_DATASET,NORMAL,0
BRT,BRT_POWER_001,2026-03-02T03:15:00+00:00,37.23801789776262,kW,GOOD,SYNTHETIC_ML_DATASET,NORMAL,0
BRT,BRT_PRESS_001,2026-03-02T03:15:00+00:00,982.8743239774789,hPa,GOOD,SYNTHETIC_ML_DATASET,NORMAL,0
BRT,BRT_TEMP_001,2026-03-02T03:15:00+00:00,-13.061738841418318,C,GOOD,SYNTHETIC_ML_DATASET,NORMAL,0
BRT,BRT_VIB_001,2026-03-02T03:15:00+00:00,0.6516049583952065,mm/s,GOOD,SYNTHETIC_ML_DATASET,NORMAL,0
BRT,BRT_HUM_001,2026-03-02T03:16:00+00:00,53.86577735405538,%,GOOD,SYNTHETIC_ML_DATASET,NORMAL,0
BRT,BRT_POWER_001,2026-03-02T03:16:00+00:00,36.988796930834546,kW,GOOD,SYNTHETIC_ML_DATASET,NORMAL,0
BRT,BRT_PRESS_001,2026-03-02T03:16:00+00:00,982.8297412355926,hPa,GOOD,SYNTHETIC_ML_DATASET,NORMAL,0
BRT,BRT_TEMP_001,2026-03-02T03:16:00+00:00,-13.162909247125752,C,GOOD,SYNTHETIC_ML_DATASET,NORMAL,0
BRT,BRT_VIB_001,2026-03-02T03:16:00+00:00,0.6316961675305147,mm/s,GOOD,SYNTHETIC_ML_DATASET,NORMAL,0
BRT,BRT_HUM_001,2026-03-02T03:17:00+00:00,53.842581506080535,%,GOOD,SYNTHETIC_ML_DATASET,NORMAL,0
BRT,BRT_POWER_001,2026-03-02T03:17:00+00:00,37.02699961842608,kW,GOOD,SYNTHETIC_ML_DATASET,NORMAL,0
BRT,BRT_PRESS_001,2026-03-02T03:17:00+00:00,982.8492096365769,hPa,GOOD,SYNTHETIC_ML_DATASET,NORMAL,0
BRT,BRT_TEMP_001,2026-03-02T03:17:00+00:00,-12.937045136930161,C,GOOD,SYNTHETIC_ML_DATASET,NORMAL,0
BRT,BRT_VIB_001,2026-03-02T03:17:00+00:00,0.6198379010313544,mm/s,GOOD,SYNTHETIC_ML_DATASET,NORMAL,0
BRT,BRT_HUM_001,2026-03-02T03:18:00+00:00,53.883379882293255,%,GOOD,SYNTHETIC_ML_DATASET,NORMAL,0
BRT,BRT_POWER_001,2026-03-02T03:18:00+00:00,36.55859497720966,kW,GOOD,SYNTHETIC_ML_DATASET,NORMAL,0
BRT,BRT_PRESS_001,2026-03-02T03:18:00+00:00,982.8940209796745,hPa,GOOD,SYNTHETIC_ML_DATASET,NORMAL,0
BRT,BRT_TEMP_001,2026-03-02T03:18:00+00:00,-13.087968118159203,C,GOOD,SYNTHETIC_ML_DATASET,NORMAL,0
BRT,BRT_VIB_001,2026-03-02T03:18:00+00:00,0.6086990404061677,mm/s,GOOD,SYNTHETIC_ML_DATASET,NORMAL,0
BRT,BRT_HUM_001,2026-03-02T03:19:00+00:00,54.08653114359452,%,GOOD,SYNTHETIC_ML_DATASET,NORMAL,0
BRT,BRT_POWER_001,2026-03-02T03:19:00+00:00,36.776457403755586,kW,GOOD,SYNTHETIC_ML_DATASET,NORMAL,0
BRT,BRT_PRESS_001,2026-03-02T03:19:00+00:00,982.9216886241554,hPa,GOOD,SYNTHETIC_ML_DATASET,NORMAL,0
BRT,BRT_TEMP_001,2026-03-02T03:19:00+00:00,-13.307797984140665,C,GOOD,SYNTHETIC_ML_DATASET,NORMAL,0
BRT,BRT_VIB_001,2026-03-02T03:19:00+00:00,0.6102833103047819,mm/s,GOOD,SYNTHETIC_ML_DATASET,NORMAL,0
BRT,BRT_HUM_001,2026-03-02T03:20:00+00:00,54.08653114359452,%,BAD,SYNTHETIC_ML_DATASET,STUCK_VALUE,1
BRT,BRT_POWER_001,2026-03-02T03:20:00+00:00,36.776457403755586,kW,BAD,SYNTHETIC_ML_DATASET,STUCK_VALUE,1
BRT,BRT_PRESS_001,2026-03-02T03:20:00+00:00,982.9216886241554,hPa,BAD,SYNTHETIC_ML_DATASET,STUCK_VALUE,1
BRT,BRT_TEMP_001,2026-03-02T03:20:00+00:00,-13.307797984140665,C,BAD,SYNTHETIC_ML_DATASET,STUCK_VALUE,1
BRT,BRT_VIB_001,2026-03-02T03:20:00+00:00,0.6102833103047819,mm/s,BAD,SYNTHETIC_ML_DATASET,STUCK_VALUE,1
BRT,BRT_HUM_001,2026-03-02T03:21:00+00:00,54.08653114359452,%,BAD,SYNTHETIC_ML_DATASET,STUCK_VALUE,1
BRT,BRT_POWER_001,2026-03-02T03:21:00+00:00,36.776457403755586,kW,BAD,SYNTHETIC_ML_DATASET,STUCK_VALUE,1
BRT,BRT_PRESS_001,2026-03-02T03:21:00+00:00,982.9216886241554,hPa,BAD,SYNTHETIC_ML_DATASET,STUCK_VALUE,1
BRT,BRT_TEMP_001,2026-03-02T03:21:00+00:00,-13.307797984140665,C,BAD,SYNTHETIC_ML_DATASET,STUCK_VALUE,1
BRT,BRT_VIB_001,2026-03-02T03:21:00+00:00,0.6102833103047819,mm/s,BAD,SYNTHETIC_ML_DATASET,STUCK_VALUE,1
BRT,BRT_HUM_001,2026-03-02T03:22:00+00:00,54.08653114359452,%,BAD,SYNTHETIC_ML_DATASET,STUCK_VALUE,1
BRT,BRT_POWER_001,2026-03-02T03:22:00+00:00,36.776457403755586,kW,BAD,SYNTHETIC_ML_DATASET,STUCK_VALUE,1
BRT,BRT_PRESS_001,2026-03-02T03:22:00+00:00,982.9216886241554,hPa,BAD,SYNTHETIC_ML_DATASET,STUCK_VALUE,1
BRT,BRT_TEMP_001,2026-03-02T03:22:00+00:00,-13.307797984140665,C,BAD,SYNTHETIC_ML_DATASET,STUCK_VALUE,1
BRT,BRT_VIB_001,2026-03-02T03:22:00+00:00,0.6102833103047819,mm/s,BAD,SYNTHETIC_ML_DATASET,STUCK_VALUE,1
BRT,BRT_HUM_001,2026-03-02T03:23:00+00:00,54.08653114359452,%,BAD,SYNTHETIC_ML_DATASET,STUCK_VALUE,1
BRT,BRT_POWER_001,2026-03-02T03:23:00+00:00,36.776457403755586,kW,BAD,SYNTHETIC_ML_DATASET,STUCK_VALUE,1
BRT,BRT_PRESS_001,2026-03-02T03:23:00+00:00,982.9216886241554,hPa,BAD,SYNTHETIC_ML_DATASET,STUCK_VALUE,1
BRT,BRT_TEMP_001,2026-03-02T03:23:00+00:00,-13.307797984140665,C,BAD,SYNTHETIC_ML_DATASET,STUCK_VALUE,1
BRT,BRT_VIB_001,2026-03-02T03:23:00+00:00,0.6102833103047819,mm/s,BAD,SYNTHETIC_ML_DATASET,STUCK_VALUE,1
BRT,BRT_HUM_001,2026-03-02T03:24:00+00:00,54.08653114359452,%,BAD,SYNTHETIC_ML_DATASET,STUCK_VALUE,1
BRT,BRT_POWER_001,2026-03-02T03:24:00+00:00,36.776457403755586,kW,BAD,SYNTHETIC_ML_DATASET,STUCK_VALUE,1
BRT,BRT_PRESS_001,2026-03-02T03:24:00+00:00,982.9216886241554,hPa,BAD,SYNTHETIC_ML_DATASET,STUCK_VALUE,1
BRT,BRT_TEMP_001,2026-03-02T03:24:00+00:00,-13.307797984140665,C,BAD,SYNTHETIC_ML_DATASET,STUCK_VALUE,1
BRT,BRT_VIB_001,2026-03-02T03:24:00+00:00,0.6102833103047819,mm/s,BAD,SYNTHETIC_ML_DATASET,STUCK_VALUE,1
BRT,BRT_HUM_001,2026-03-02T03:25:00+00:00,54.08653114359452,%,BAD,SYNTHETIC_ML_DATASET,STUCK_VALUE,1
BRT,BRT_POWER_001,2026-03-02T03:25:00+00:00,36.776457403755586,kW,BAD,SYNTHETIC_ML_DATASET,STUCK_VALUE,1
BRT,BRT_PRESS_001,2026-03-02T03:25:00+00:00,982.9216886241554,hPa,BAD,SYNTHETIC_ML_DATASET,STUCK_VALUE,1
BRT,BRT_TEMP_001,2026-03-02T03:25:00+00:00,-13.307797984140665,C,BAD,SYNTHETIC_ML_DATASET,STUCK_VALUE,1
BRT,BRT_VIB_001,2026-03-02T03:25:00+00:00,0.6102833103047819,mm/s,BAD,SYNTHETIC_ML_DATASET,STUCK_VALUE,1
BRT,BRT_HUM_001,2026-03-02T03:26:00+00:00,54.08653114359452,%,BAD,SYNTHETIC_ML_DATASET,STUCK_VALUE,1
BRT,BRT_POWER_001,2026-03-02T03:26:00+00:00,36.776457403755586,kW,BAD,SYNTHETIC_ML_DATASET,STUCK_VALUE,1
BRT,BRT_PRESS_001,2026-03-02T03:26:00+00:00,982.9216886241554,hPa,BAD,SYNTHETIC_ML_DATASET,STUCK_VALUE,1
BRT,BRT_TEMP_001,2026-03-02T03:26:00+00:00,-13.307797984140665,C,BAD,SYNTHETIC_ML_DATASET,STUCK_VALUE,1
BRT,BRT_VIB_001,2026-03-02T03:26:00+00:00,0.6102833103047819,mm/s,BAD,SYNTHETIC_ML_DATASET,STUCK_VALUE,1
BRT,BRT_HUM_001,2026-03-02T03:27:00+00:00,54.08653114359452,%,BAD,SYNTHETIC_ML_DATASET,STUCK_VALUE,1
BRT,BRT_POWER_001,2026-03-02T03:27:00+00:00,36.776457403755586,kW,BAD,SYNTHETIC_ML_DATASET,STUCK_VALUE,1
BRT,BRT_PRESS_001,2026-03-02T03:27:00+00:00,982.9216886241554,hPa,BAD,SYNTHETIC_ML_DATASET,STUCK_VALUE,1
BRT,BRT_TEMP_001,2026-03-02T03:27:00+00:00,-13.307797984140665,C,BAD,SYNTHETIC_ML_DATASET,STUCK_VALUE,1
BRT,BRT_VIB_001,2026-03-02T03:27:00+00:00,0.6102833103047819,mm/s,BAD,SYNTHETIC_ML_DATASET,STUCK_VALUE,1
BRT,BRT_HUM_001,2026-03-02T03:28:00+00:00,54.08653114359452,%,BAD,SYNTHETIC_ML_DATASET,STUCK_VALUE,1
BRT,BRT_POWER_001,2026-03-02T03:28:00+00:00,36.776457403755586,kW,BAD,SYNTHETIC_ML_DATASET,STUCK_VALUE,1
BRT,BRT_PRESS_001,2026-03-02T03:28:00+00:00,982.9216886241554,hPa,BAD,SYNTHETIC_ML_DATASET,STUCK_VALUE,1
BRT,BRT_TEMP_001,2026-03-02T03:28:00+00:00,-13.307797984140665,C,BAD,SYNTHETIC_ML_DATASET,STUCK_VALUE,1
BRT,BRT_VIB_001,2026-03-02T03:28:00+00:00,0.6102833103047819,mm/s,BAD,SYNTHETIC_ML_DATASET,STUCK_VALUE,1
BRT,BRT_HUM_001,2026-03-02T03:29:00+00:00,54.08653114359452,%,BAD,SYNTHETIC_ML_DATASET,STUCK_VALUE,1
BRT,BRT_POWER_001,2026-03-02T03:29:00+00:00,36.776457403755586,kW,BAD,SYNTHETIC_ML_DATASET,STUCK_VALUE,1
BRT,BRT_PRESS_001,2026-03-02T03:29:00+00:00,982.9216886241554,hPa,BAD,SYNTHETIC_ML_DATASET,STUCK_VALUE,1
BRT,BRT_TEMP_001,2026-03-02T03:29:00+00:00,-13.307797984140665,C,BAD,SYNTHETIC_ML_DATASET,STUCK_VALUE,1
BRT,BRT_VIB_001,2026-03-02T03:29:00+00:00,0.6102833103047819,mm/s,BAD,SYNTHETIC_ML_DATASET,STUCK_VALUE,1
BRT,BRT_HUM_001,2026-03-02T03:30:00+00:00,54.08653114359452,%,BAD,SYNTHETIC_ML_DATASET,STUCK_VALUE,1
BRT,BRT_POWER_001,2026-03-02T03:30:00+00:00,36.776457403755586,kW,BAD,SYNTHETIC_ML_DATASET,STUCK_VALUE,1
BRT,BRT_PRESS_001,2026-03-02T03:30:00+00:00,982.9216886241554,hPa,BAD,SYNTHETIC_ML_DATASET,STUCK_VALUE,1
BRT,BRT_TEMP_001,2026-03-02T03:30:00+00:00,-13.307797984140665,C,BAD,SYNTHETIC_ML_DATASET,STUCK_VALUE,1
BRT,BRT_VIB_001,2026-03-02T03:30:00+00:00,0.6102833103047819,mm/s,BAD,SYNTHETIC_ML_DATASET,STUCK_VALUE,1
BRT,BRT_HUM_001,2026-03-02T03:31:00+00:00,54.08653114359452,%,BAD,SYNTHETIC_ML_DATASET,STUCK_VALUE,1
BRT,BRT_POWER_001,2026-03-02T03:31:00+00:00,36.776457403755586,kW,BAD,SYNTHETIC_ML_DATASET,STUCK_VALUE,1
BRT,BRT_PRESS_001,2026-03-02T03:31:00+00:00,982.9216886241554,hPa,BAD,SYNTHETIC_ML_DATASET,STUCK_VALUE,1
BRT,BRT_TEMP_001,2026-03-02T03:31:00+00:00,-13.307797984140665,C,BAD,SYNTHETIC_ML_DATASET,STUCK_VALUE,1
BRT,BRT_VIB_001,2026-03-02T03:31:00+00:00,0.6102833103047819,mm/s,BAD,SYNTHETIC_ML_DATASET,STUCK_VALUE,1
BRT,BRT_HUM_001,2026-03-02T03:32:00+00:00,54.08653114359452,%,BAD,SYNTHETIC_ML_DATASET,STUCK_VALUE,1
BRT,BRT_POWER_001,2026-03-02T03:32:00+00:00,36.776457403755586,kW,BAD,SYNTHETIC_ML_DATASET,STUCK_VALUE,1
BRT,BRT_PRESS_001,2026-03-02T03:32:00+00:00,982.9216886241554,hPa,BAD,SYNTHETIC_ML_DATASET,STUCK_VALUE,1
BRT,BRT_TEMP_001,2026-03-02T03:32:00+00:00,-13.307797984140665,C,BAD,SYNTHETIC_ML_DATASET,STUCK_VALUE,1
BRT,BRT_VIB_001,2026-03-02T03:32:00+00:00,0.6102833103047819,mm/s,BAD,SYNTHETIC_ML_DATASET,STUCK_VALUE,1
BRT,BRT_HUM_001,2026-03-02T03:33:00+00:00,54.08653114359452,%,BAD,SYNTHETIC_ML_DATASET,STUCK_VALUE,1
BRT,BRT_POWER_001,2026-03-02T03:33:00+00:00,36.776457403755586,kW,BAD,SYNTHETIC_ML_DATASET,STUCK_VALUE,1
BRT,BRT_PRESS_001,2026-03-02T03:33:00+00:00,982.9216886241554,hPa,BAD,SYNTHETIC_ML_DATASET,STUCK_VALUE,1
BRT,BRT_TEMP_001,2026-03-02T03:33:00+00:00,-13.307797984140665,C,BAD,SYNTHETIC_ML_DATASET,STUCK_VALUE,1
BRT,BRT_VIB_001,2026-03-02T03:33:00+00:00,0.6102833103047819,mm/s,BAD,SYNTHETIC_ML_DATASET,STUCK_VALUE,1
BRT,BRT_HUM_001,2026-03-02T03:34:00+00:00,54.08653114359452,%,BAD,SYNTHETIC_ML_DATASET,STUCK_VALUE,1
BRT,BRT_POWER_001,2026-03-02T03:34:00+00:00,36.776457403755586,kW,BAD,SYNTHETIC_ML_DATASET,STUCK_VALUE,1
BRT,BRT_PRESS_001,2026-03-02T03:34:00+00:00,982.9216886241554,hPa,BAD,SYNTHETIC_ML_DATASET,STUCK_VALUE,1
BRT,BRT_TEMP_001,2026-03-02T03:34:00+00:00,-13.307797984140665,C,BAD,SYNTHETIC_ML_DATASET,STUCK_VALUE,1
BRT,BRT_VIB_001,2026-03-02T03:34:00+00:00,0.6102833103047819,mm/s,BAD,SYNTHETIC_ML_DATASET,STUCK_VALUE,1
BRT,BRT_HUM_001,2026-03-02T03:35:00+00:00,54.08653114359452,%,BAD,SYNTHETIC_ML_DATASET,STUCK_VALUE,1
BRT,BRT_POWER_001,2026-03-02T03:35:00+00:00,36.776457403755586,kW,BAD,SYNTHETIC_ML_DATASET,STUCK_VALUE,1
BRT,BRT_PRESS_001,2026-03-02T03:35:00+00:00,982.9216886241554,hPa,BAD,SYNTHETIC_ML_DATASET,STUCK_VALUE,1
BRT,BRT_TEMP_001,2026-03-02T03:35:00+00:00,-13.307797984140665,C,BAD,SYNTHETIC_ML_DATASET,STUCK_VALUE,1
BRT,BRT_VIB_001,2026-03-02T03:35:00+00:00,0.6102833103047819,mm/s,BAD,SYNTHETIC_ML_DATASET,STUCK_VALUE,1
BRT,BRT_HUM_001,2026-03-02T03:36:00+00:00,54.08653114359452,%,BAD,SYNTHETIC_ML_DATASET,STUCK_VALUE,1
BRT,BRT_POWER_001,2026-03-02T03:36:00+00:00,36.776457403755586,kW,BAD,SYNTHETIC_ML_DATASET,STUCK_VALUE,1
BRT,BRT_PRESS_001,2026-03-02T03:36:00+00:00,982.9216886241554,hPa,BAD,SYNTHETIC_ML_DATASET,STUCK_VALUE,1
BRT,BRT_TEMP_001,2026-03-02T03:36:00+00:00,-13.307797984140665,C,BAD,SYNTHETIC_ML_DATASET,STUCK_VALUE,1
BRT,BRT_VIB_001,2026-03-02T03:36:00+00:00,0.6102833103047819,mm/s,BAD,SYNTHETIC_ML_DATASET,STUCK_VALUE,1
BRT,BRT_HUM_001,2026-03-02T03:37:00+00:00,54.08653114359452,%,BAD,SYNTHETIC_ML_DATASET,STUCK_VALUE,1
BRT,BRT_POWER_001,2026-03-02T03:37:00+00:00,36.776457403755586,kW,BAD,SYNTHETIC_ML_DATASET,STUCK_VALUE,1
BRT,BRT_PRESS_001,2026-03-02T03:37:00+00:00,982.9216886241554,hPa,BAD,SYNTHETIC_ML_DATASET,STUCK_VALUE,1
BRT,BRT_TEMP_001,2026-03-02T03:37:00+00:00,-13.307797984140665,C,BAD,SYNTHETIC_ML_DATASET,STUCK_VALUE,1
BRT,BRT_VIB_001,2026-03-02T03:37:00+00:00,0.6102833103047819,mm/s,BAD,SYNTHETIC_ML_DATASET,STUCK_VALUE,1
BRT,BRT_HUM_001,2026-03-02T03:38:00+00:00,54.08653114359452,%,BAD,SYNTHETIC_ML_DATASET,STUCK_VALUE,1
BRT,BRT_POWER_001,2026-03-02T03:38:00+00:00,36.776457403755586,kW,BAD,SYNTHETIC_ML_DATASET,STUCK_VALUE,1
BRT,BRT_PRESS_001,2026-03-02T03:38:00+00:00,982.9216886241554,hPa,BAD,SYNTHETIC_ML_DATASET,STUCK_VALUE,1
BRT,BRT_TEMP_001,2026-03-02T03:38:00+00:00,-13.307797984140665,C,BAD,SYNTHETIC_ML_DATASET,STUCK_VALUE,1
BRT,BRT_VIB_001,2026-03-02T03:38:00+00:00,0.6102833103047819,mm/s,BAD,SYNTHETIC_ML_DATASET,STUCK_VALUE,1
BRT,BRT_HUM_001,2026-03-02T03:39:00+00:00,54.08653114359452,%,BAD,SYNTHETIC_ML_DATASET,STUCK_VALUE,1
BRT,BRT_POWER_001,2026-03-02T03:39:00+00:00,36.776457403755586,kW,BAD,SYNTHETIC_ML_DATASET,STUCK_VALUE,1
BRT,BRT_PRESS_001,2026-03-02T03:39:00+00:00,982.9216886241554,hPa,BAD,SYNTHETIC_ML_DATASET,STUCK_VALUE,1
BRT,BRT_TEMP_001,2026-03-02T03:39:00+00:00,-13.307797984140665,C,BAD,SYNTHETIC_ML_DATASET,STUCK_VALUE,1
BRT,BRT_VIB_001,2026-03-02T03:39:00+00:00,0.6102833103047819,mm/s,BAD,SYNTHETIC_ML_DATASET,STUCK_VALUE,1
BRT,BRT_HUM_001,2026-03-02T03:40:00+00:00,54.08653114359452,%,BAD,SYNTHETIC_ML_DATASET,STUCK_VALUE,1
BRT,BRT_POWER_001,2026-03-02T03:40:00+00:00,36.776457403755586,kW,BAD,SYNTHETIC_ML_DATASET,STUCK_VALUE,1
BRT,BRT_PRESS_001,2026-03-02T03:40:00+00:00,982.9216886241554,hPa,BAD,SYNTHETIC_ML_DATASET,STUCK_VALUE,1
BRT,BRT_TEMP_001,2026-03-02T03:40:00+00:00,-13.307797984140665,C,BAD,SYNTHETIC_ML_DATASET,STUCK_VALUE,1
BRT,BRT_VIB_001,2026-03-02T03:40:00+00:00,0.6102833103047819,mm/s,BAD,SYNTHETIC_ML_DATASET,STUCK_VALUE,1
BRT,BRT_HUM_001,2026-03-02T03:41:00+00:00,54.08653114359452,%,BAD,SYNTHETIC_ML_DATASET,STUCK_VALUE,1
BRT,BRT_POWER_001,2026-03-02T03:41:00+00:00,36.776457403755586,kW,BAD,SYNTHETIC_ML_DATASET,STUCK_VALUE,1
BRT,BRT_PRESS_001,2026-03-02T03:41:00+00:00,982.9216886241554,hPa,BAD,SYNTHETIC_ML_DATASET,STUCK_VALUE,1
BRT,BRT_TEMP_001,2026-03-02T03:41:00+00:00,-13.307797984140665,C,BAD,SYNTHETIC_ML_DATASET,STUCK_VALUE,1
BRT,BRT_VIB_001,2026-03-02T03:41:00+00:00,0.6102833103047819,mm/s,BAD,SYNTHETIC_ML_DATASET,STUCK_VALUE,1
BRT,BRT_HUM_001,2026-03-02T03:42:00+00:00,54.08653114359452,%,BAD,SYNTHETIC_ML_DATASET,STUCK_VALUE,1
BRT,BRT_POWER_001,2026-03-02T03:42:00+00:00,36.776457403755586,kW,BAD,SYNTHETIC_ML_DATASET,STUCK_VALUE,1
BRT,BRT_PRESS_001,2026-03-02T03:42:00+00:00,982.9216886241554,hPa,BAD,SYNTHETIC_ML_DATASET,STUCK_VALUE,1
BRT,BRT_TEMP_001,2026-03-02T03:42:00+00:00,-13.307797984140665,C,BAD,SYNTHETIC_ML_DATASET,STUCK_VALUE,1
BRT,BRT_VIB_001,2026-03-02T03:42:00+00:00,0.6102833103047819,mm/s,BAD,SYNTHETIC_ML_DATASET,STUCK_VALUE,1
BRT,BRT_HUM_001,2026-03-02T03:43:00+00:00,54.08653114359452,%,BAD,SYNTHETIC_ML_DATASET,STUCK_VALUE,1
BRT,BRT_POWER_001,2026-03-02T03:43:00+00:00,36.776457403755586,kW,BAD,SYNTHETIC_ML_DATASET,STUCK_VALUE,1
BRT,BRT_PRESS_001,2026-03-02T03:43:00+00:00,982.9216886241554,hPa,BAD,SYNTHETIC_ML_DATASET,STUCK_VALUE,1
BRT,BRT_TEMP_001,2026-03-02T03:43:00+00:00,-13.307797984140665,C,BAD,SYNTHETIC_ML_DATASET,STUCK_VALUE,1
BRT,BRT_VIB_001,2026-03-02T03:43:00+00:00,0.6102833103047819,mm/s,BAD,SYNTHETIC_ML_DATASET,STUCK_VALUE,1
BRT,BRT_HUM_001,2026-03-02T03:44:00+00:00,53.6692614427842,%,GOOD,SYNTHETIC_ML_DATASET,NORMAL,0
BRT,BRT_POWER_001,2026-03-02T03:44:00+00:00,36.29812516870898,kW,GOOD,SYNTHETIC_ML_DATASET,NORMAL,0
BRT,BRT_PRESS_001,2026-03-02T03:44:00+00:00,982.3789992549813,hPa,GOOD,SYNTHETIC_ML_DATASET,NORMAL,0
BRT,BRT_TEMP_001,2026-03-02T03:44:00+00:00,-13.294901118323194,C,GOOD,SYNTHETIC_ML_DATASET,NORMAL,0
BRT,BRT_VIB_001,2026-03-02T03:44:00+00:00,0.5959215827281708,mm/s,GOOD,SYNTHETIC_ML_DATASET,NORMAL,0
BRT,BRT_HUM_001,2026-03-02T03:45:00+00:00,53.59013962332044,%,GOOD,SYNTHETIC_ML_DATASET,NORMAL,0
BRT,BRT_POWER_001,2026-03-02T03:45:00+00:00,36.318892979302944,kW,GOOD,SYNTHETIC_ML_DATASET,NORMAL,0
BRT,BRT_PRESS_001,2026-03-02T03:45:00+00:00,982.4172499364807,hPa,GOOD,SYNTHETIC_ML_DATASET,NORMAL,0
BRT,BRT_TEMP_001,2026-03-02T03:45:00+00:00,-13.502899374538394,C,GOOD,SYNTHETIC_ML_DATASET,NORMAL,0
BRT,BRT_VIB_001,2026-03-02T03:45:00+00:00,0.5816622785143273,mm/s,GOOD,SYNTHETIC_ML_DATASET,NORMAL,0
BRT,BRT_HUM_001,2026-03-02T03:46:00+00:00,53.9180052533696,%,GOOD,SYNTHETIC_ML_DATASET,NORMAL,0
BRT,BRT_POWER_001,2026-03-02T03:46:00+00:00,36.15726461254841,kW,GOOD,SYNTHETIC_ML_DATASET,NORMAL,0
BRT,BRT_PRESS_001,2026-03-02T03:46:00+00:00,982.5959806881299,hPa,GOOD,SYNTHETIC_ML_DATASET,NORMAL,0
BRT,BRT_TEMP_001,2026-03-02T03:46:00+00:00,-13.30389647759062,C,GOOD,SYNTHETIC_ML_DATASET,NORMAL,0
BRT,BRT_VIB_001,2026-03-02T03:46:00+00:00,0.6025948514623127,mm/s,GOOD,SYNTHETIC_ML_DATASET,NORMAL,0
BRT,BRT_HUM_001,2026-03-02T03:47:00+00:00,54.64973588744846,%,GOOD,SYNTHETIC_ML_DATASET,NORMAL,0
BRT,BRT_POWER_001,2026-03-02T03:47:00+00:00,36.55799279166128,kW,GOOD,SYNTHETIC_ML_DATASET,NORMAL,0
BRT,BRT_PRESS_001,2026-03-02T03:47:00+00:00,982.7974108453149,hPa,GOOD,SYNTHETIC_ML_DATASET,NORMAL,0
BRT,BRT_TEMP_001,2026-03-02T03:47:00+00:00,-13.40853958525386,C,GOOD,SYNTHETIC_ML_DATASET,NORMAL,0
BRT,BRT_VIB_001,2026-03-02T03:47:00+00:00,0.6115000294491652,mm/s,GOOD,SYNTHETIC_ML_DATASET,NORMAL,0
BRT,BRT_HUM_001,2026-03-02T03:48:00+00:00,54.04670862131404,%,GOOD,SYNTHETIC_ML_DATASET,NORMAL,0
BRT,BRT_POWER_001,2026-03-02T03:48:00+00:00,36.02301653116648,kW,GOOD,SYNTHETIC_ML_DATASET,NORMAL,0
BRT,BRT_PRESS_001,2026-03-02T03:48:00+00:00,982.7927122235885,hPa,GOOD,SYNTHETIC_ML_DATASET,NORMAL,0
BRT,BRT_TEMP_001,2026-03-02T03:48:00+00:00,-13.435057521548492,C,GOOD,SYNTHETIC_ML_DATASET,NORMAL,0
BRT,BRT_VIB_001,2026-03-02T03:48:00+00:00,0.608958043546275,mm/s,GOOD,SYNTHETIC_ML_DATASET,NORMAL,0
BRT,BRT_HUM_001,2026-03-02T03:49:00+00:00,53.78903204169265,%,GOOD,SYNTHETIC_ML_DATASET,NORMAL,0
BRT,BRT_POWER_001,2026-03-02T03:49:00+00:00,35.72500443021395,kW,GOOD,SYNTHETIC_ML_DATASET,NORMAL,0
BRT,BRT_PRESS_001,2026-03-02T03:49:00+00:00,982.817949529202,hPa,GOOD,SYNTHETIC_ML_DATASET,NORMAL,0
BRT,BRT_TEMP_001,2026-03-02T03:49:00+00:00,-13.289847953797677,C,GOOD,SYNTHETIC_ML_DATASET,NORMAL,0
BRT,BRT_VIB_001,2026-03-02T03:49:00+00:00,0.62457470159467,mm/s,GOOD,SYNTHETIC_ML_DATASET,NORMAL,0
BRT,BRT_HUM_001,2026-03-02T03:50:00+00:00,53.87911940038319,%,GOOD,SYNTHETIC_ML_DATASET,NORMAL,0
BRT,BRT_POWER_001,2026-03-02T03:50:00+00:00,35.881010849263824,kW,GOOD,SYNTHETIC_ML_DATASET,NORMAL,0
BRT,BRT_PRESS_001,2026-03-02T03:50:00+00:00,982.7457713678449,hPa,GOOD,SYNTHETIC_ML_DATASET,NORMAL,0
BRT,BRT_TEMP_001,2026-03-02T03:50:00+00:00,-13.241991566761325,C,GOOD,SYNTHETIC_ML_DATASET,NORMAL,0
BRT,BRT_VIB_001,2026-03-02T03:50:00+00:00,0.6314303220372397,mm/s,GOOD,SYNTHETIC_ML_DATASET,NORMAL,0
BRT,BRT_HUM_001,2026-03-02T03:51:00+00:00,54.16803246451016,%,GOOD,SYNTHETIC_ML_DATASET,NORMAL,0
BRT,BRT_POWER_001,2026-03-02T03:51:00+00:00,35.766753284683595,kW,GOOD,SYNTHETIC_ML_DATASET,NORMAL,0
BRT,BRT_PRESS_001,2026-03-02T03:51:00+00:00,982.7662675471578,hPa,GOOD,SYNTHETIC_ML_DATASET,NORMAL,0
BRT,BRT_TEMP_001,2026-03-02T03:51:00+00:00,-13.366099157637825,C,GOOD,SYNTHETIC_ML_DATASET,NORMAL,0
BRT,BRT_VIB_001,2026-03-02T03:51:00+00:00,0.6546870364853108,mm/s,GOOD,SYNTHETIC_ML_DATASET,NORMAL,0
BRT,BRT_HUM_001,2026-03-02T03:52:00+00:00,53.58932760798774,%,GOOD,SYNTHETIC_ML_DATASET,NORMAL,0
BRT,BRT_POWER_001,2026-03-02T03:52:00+00:00,36.28952222107041,kW,GOOD,SYNTHETIC_ML_DATASET,NORMAL,0
BRT,BRT_PRESS_001,2026-03-02T03:52:00+00:00,982.6603109878598,hPa,GOOD,SYNTHETIC_ML_DATASET,NORMAL,0
BRT,BRT_TEMP_001,2026-03-02T03:52:00+00:00,-13.318503212101454,C,GOOD,SYNTHETIC_ML_DATASET,NORMAL,0
BRT,BRT_VIB_001,2026-03-02T03:52:00+00:00,0.6434945518985221,mm/s,GOOD,SYNTHETIC_ML_DATASET,NORMAL,0
BRT,BRT_HUM_001,2026-03-02T03:53:00+00:00,53.19900598813695,%,GOOD,SYNTHETIC_ML_DATASET,NORMAL,0
BRT,BRT_POWER_001,2026-03-02T03:53:00+00:00,36.08709895268956,kW,GOOD,SYNTHETIC_ML_DATASET,NORMAL,0
BRT,BRT_PRESS_001,2026-03-02T03:53:00+00:00,982.8724800016286,hPa,GOOD,SYNTHETIC_ML_DATASET,NORMAL,0
BRT,BRT_TEMP_001,2026-03-02T03:53:00+00:00,-13.507469082025656,C,GOOD,SYNTHETIC_ML_DATASET,NORMAL,0
BRT,BRT_VIB_001,2026-03-02T03:53:00+00:00,0.659080198253955,mm/s,GOOD,SYNTHETIC_ML_DATASET,NORMAL,0
BRT,BRT_HUM_001,2026-03-02T03:54:00+00:00,54.749538714469985,%,GOOD,SYNTHETIC_ML_DATASET,NORMAL,0
BRT,BRT_POWER_001,2026-03-02T03:54:00+00:00,36.24970638549015,kW,GOOD,SYNTHETIC_ML_DATASET,NORMAL,0
BRT,BRT_PRESS_001,2026-03-02T03:54:00+00:00,982.8187011017511,hPa,GOOD,SYNTHETIC_ML_DATASET,NORMAL,0
BRT,BRT_TEMP_001,2026-03-02T03:54:00+00:00,-13.438182355591394,C,GOOD,SYNTHETIC_ML_DATASET,NORMAL,0
BRT,BRT_VIB_001,2026-03-02T03:54:00+00:00,0.6326820401345414,mm/s,GOOD,SYNTHETIC_ML_DATASET,NORMAL,0
BRT,BRT_HUM_001,2026-03-02T03:55:00+00:00,53.793995351032095,%,GOOD,SYNTHETIC_ML_DATASET,NORMAL,0
BRT,BRT_POWER_001,2026-03-02T03:55:00+00:00,36.48411578813175,kW,GOOD,SYNTHETIC_ML_DATASET,NORMAL,0
BRT,BRT_PRESS_001,2026-03-02T03:55:00+00:00,982.8319138218279,hPa,GOOD,SYNTHETIC_ML_DATASET,NORMAL,0
BRT,BRT_TEMP_001,2026-03-02T03:55:00+00:00,-13.206272623390864,C,GOOD,SYNTHETIC_ML_DATASET,NORMAL,0
BRT,BRT_VIB_001,2026-03-02T03:55:00+00:00,0.6580251728569704,mm/s,GOOD,SYNTHETIC_ML_DATASET,NORMAL,0
BRT,BRT_HUM_001,2026-03-02T03:56:00+00:00,53.7410997241989,%,GOOD,SYNTHETIC_ML_DATASET,NORMAL,0
BRT,BRT_POWER_001,2026-03-02T03:56:00+00:00,36.58066862502042,kW,GOOD,SYNTHETIC_ML_DATASET,NORMAL,0
BRT,BRT_PRESS_001,2026-03-02T03:56:00+00:00,982.8547792563307,hPa,GOOD,SYNTHETIC_ML_DATASET,NORMAL,0
BRT,BRT_TEMP_001,2026-03-02T03:56:00+00:00,-13.388840569334787,C,GOOD,SYNTHETIC_ML_DATASET,NORMAL,0
BRT,BRT_VIB_001,2026-03-02T03:56:00+00:00,0.6607078373036304,mm/s,GOOD,SYNTHETIC_ML_DATASET,NORMAL,0
BRT,BRT_HUM_001,2026-03-02T03:57:00+00:00,53.81763218291159,%,GOOD,SYNTHETIC_ML_DATASET,NORMAL,0
BRT,BRT_POWER_001,2026-03-02T03:57:00+00:00,37.0836054078348,kW,GOOD,SYNTHETIC_ML_DATASET,NORMAL,0
BRT,BRT_PRESS_001,2026-03-02T03:57:00+00:00,982.8377638319346,hPa,GOOD,SYNTHETIC_ML_DATASET,NORMAL,0
BRT,BRT_TEMP_001,2026-03-02T03:57:00+00:00,-13.142235490259088,C,GOOD,SYNTHETIC_ML_DATASET,NORMAL,0
BRT,BRT_VIB_001,2026-03-02T03:57:00+00:00,0.675321627564042,mm/s,GOOD,SYNTHETIC_ML_DATASET,NORMAL,0
BRT,BRT_HUM_001,2026-03-02T03:58:00+00:00,54.3421774739447,%,GOOD,SYNTHETIC_ML_DATASET,NORMAL,0
BRT,BRT_POWER_001,2026-03-02T03:58:00+00:00,35.47469643588022,kW,GOOD,SYNTHETIC_ML_DATASET,NORMAL,0
BRT,BRT_PRESS_001,2026-03-02T03:58:00+00:00,982.8326857606423,hPa,GOOD,SYNTHETIC_ML_DATASET,NORMAL,0
BRT,BRT_TEMP_001,2026-03-02T03:58:00+00:00,-13.30862905188377,C,GOOD,SYNTHETIC_ML_DATASET,NORMAL,0
BRT,BRT_VIB_001,2026-03-02T03:58:00+00:00,0.6687415445856814,mm/s,GOOD,SYNTHETIC_ML_DATASET,NORMAL,0
BRT,BRT_HUM_001,2026-03-02T03:59:00+00:00,53.80510243605765,%,GOOD,SYNTHETIC_ML_DATASET,NORMAL,0
BRT,BRT_POWER_001,2026-03-02T03:59:00+00:00,36.228035650605186,kW,GOOD,SYNTHETIC_ML_DATASET,NORMAL,0
BRT,BRT_PRESS_001,2026-03-02T03:59:00+00:00,982.7238126653882,hPa,GOOD,SYNTHETIC_ML_DATASET,NORMAL,0
BRT,BRT_TEMP_001,2026-03-02T03:59:00+00:00,-13.211827796996808,C,GOOD,SYNTHETIC_ML_DATASET,NORMAL,0
BRT,BRT_VIB_001,2026-03-02T03:59:00+00:00,0.6579221425441455,mm/s,GOOD,SYNTHETIC_ML_DATASET,NORMAL,0
BRT,BRT_HUM_001,2026-03-02T04:00:00+00:00,54.42281204823562,%,GOOD,SYNTHETIC_ML_DATASET,NORMAL,0
BRT,BRT_POWER_001,2026-03-02T04:00:00+00:00,36.66425198526725,kW,GOOD,SYNTHETIC_ML_DATASET,NORMAL,0
BRT,BRT_PRESS_001,2026-03-02T04:00:00+00:00,982.8455938052897,hPa,GOOD,SYNTHETIC_ML_DATASET,NORMAL,0
BRT,BRT_TEMP_001,2026-03-02T04:00:00+00:00,-13.382223065895156,C,GOOD,SYNTHETIC_ML_DATASET,NORMAL,0
BRT,BRT_VIB_001,2026-03-02T04:00:00+00:00,0.6812095515885704,mm/s,GOOD,SYNTHETIC_ML_DATASET,NORMAL,0
BRT,BRT_HUM_001,2026-03-02T04:01:00+00:00,54.22498664412401,%,GOOD,SYNTHETIC_ML_DATASET,NORMAL,0
BRT,BRT_POWER_001,2026-03-02T04:01:00+00:00,37.095667517517136,kW,GOOD,SYNTHETIC_ML_DATASET,NORMAL,0
BRT,BRT_PRESS_001,2026-03-02T04:01:00+00:00,982.830991808179,hPa,GOOD,SYNTHETIC_ML_DATASET,NORMAL,0
BRT,BRT_TEMP_001,2026-03-02T04:01:00+00:00,-13.299695327393264,C,GOOD,SYNTHETIC_ML_DATASET,NORMAL,0
BRT,BRT_VIB_001,2026-03-02T04:01:00+00:00,0.6622350662246764,mm/s,GOOD,SYNTHETIC_ML_DATASET,NORMAL,0
BRT,BRT_HUM_001,2026-03-02T04:02:00+00:00,54.12516689172357,%,GOOD,SYNTHETIC_ML_DATASET,NORMAL,0
BRT,BRT_POWER_001,2026-03-02T04:02:00+00:00,36.420372930087,kW,GOOD,SYNTHETIC_ML_DATASET,NORMAL,0
BRT,BRT_PRESS_001,2026-03-02T04:02:00+00:00,982.9008065744404,hPa,GOOD,SYNTHETIC_ML_DATASET,NORMAL,0
BRT,BRT_TEMP_001,2026-03-02T04:02:00+00:00,-13.336030560958948,C,GOOD,SYNTHETIC_ML_DATASET,NORMAL,0
BRT,BRT_VIB_001,2026-03-02T04:02:00+00:00,0.6543759059397078,mm/s,GOOD,SYNTHETIC_ML_DATASET,NORMAL,0
BRT,BRT_HUM_001,2026-03-02T04:03:00+00:00,54.54966486807285,%,GOOD,SYNTHETIC_ML_DATASET,NORMAL,0
BRT,BRT_POWER_001,2026-03-02T04:03:00+00:00,36.96591234226853,kW,GOOD,SYNTHETIC_ML_DATASET,NORMAL,0
BRT,BRT_PRESS_001,2026-03-02T04:03:00+00:00,982.9670797712333,hPa,GOOD,SYNTHETIC_ML_DATASET,NORMAL,0
BRT,BRT_TEMP_001,2026-03-02T04:03:00+00:00,-13.220737480368836,C,GOOD,SYNTHETIC_ML_DATASET,NORMAL,0
BRT,BRT_VIB_001,2026-03-02T04:03:00+00:00,0.6938861661214583,mm/s,GOOD,SYNTHETIC_ML_DATASET,NORMAL,0
BRT,BRT_HUM_001,2026-03-02T04:04:00+00:00,53.92843679223,%,GOOD,SYNTHETIC_ML_DATASET,NORMAL,0
BRT,BRT_POWER_001,2026-03-02T04:04:00+00:00,36.55940557359432,kW,GOOD,SYNTHETIC_ML_DATASET,NORMAL,0
BRT,BRT_PRESS_001,2026-03-02T04:04:00+00:00,982.9859003226454,hPa,GOOD,SYNTHETIC_ML_DATASET,NORMAL,0
BRT,BRT_TEMP_001,2026-03-02T04:04:00+00:00,-13.287552929042292,C,GOOD,SYNTHETIC_ML_DATASET,NORMAL,0
BRT,BRT_VIB_001,2026-03-02T04:04:00+00:00,0.6757544368334225,mm/s,GOOD,SYNTHETIC_ML_DATASET,NORMAL,0
BRT,BRT_HUM_001,2026-03-02T04:05:00+00:00,54.97150583516993,%,GOOD,SYNTHETIC_ML_DATASET,NORMAL,0
BRT,BRT_POWER_001,2026-03-02T04:05:00+00:00,37.55015748388498,kW,GOOD,SYNTHETIC_ML_DATASET,NORMAL,0
BRT,BRT_PRESS_001,2026-03-02T04:05:00+00:00,982.967974883824,hPa,GOOD,SYNTHETIC_ML_DATASET,NORMAL,0
BRT,BRT_TEMP_001,2026-03-02T04:05:00+00:00,-13.029207895274766,C,GOOD,SYNTHETIC_ML_DATASET,NORMAL,0
BRT,BRT_VIB_001,2026-03-02T04:05:00+00:00,0.6765962063633012,mm/s,GOOD,SYNTHETIC_ML_DATASET,NORMAL,0
BRT,BRT_HUM_001,2026-03-02T04:06:00+00:00,53.611551835808754,%,GOOD,SYNTHETIC_ML_DATASET,NORMAL,0
BRT,BRT_POWER_001,2026-03-02T04:06:00+00:00,37.281237978858286,kW,GOOD,SYNTHETIC_ML_DATASET,NORMAL,0
BRT,BRT_PRESS_001,2026-03-02T04:06:00+00:00,982.8700947078235,hPa,GOOD,SYNTHETIC_ML_DATASET,NORMAL,0
BRT,BRT_TEMP_001,2026-03-02T04:06:00+00:00,-13.177528586580953,C,GOOD,SYNTHETIC_ML_DATASET,NORMAL,0
BRT,BRT_VIB_001,2026-03-02T04:06:00+00:00,0.6811747955469858,mm/s,GOOD,SYNTHETIC_ML_DATASET,NORMAL,0
BRT,BRT_HUM_001,2026-03-02T04:07:00+00:00,55.683474128767344,%,GOOD,SYNTHETIC_ML_DATASET,NORMAL,0
BRT,BRT_POWER_001,2026-03-02T04:07:00+00:00,37.22375185233311,kW,GOOD,SYNTHETIC_ML_DATASET,NORMAL,0
BRT,BRT_PRESS_001,2026-03-02T04:07:00+00:00,982.9709942456188,hPa,GOOD,SYNTHETIC_ML_DATASET,NORMAL,0
BRT,BRT_TEMP_001,2026-03-02T04:07:00+00:00,-12.921267301663041,C,GOOD,SYNTHETIC_ML_DATASET,NORMAL,0
BRT,BRT_VIB_001,2026-03-02T04:07:00+00:00,0.6845625208037324,mm/s,GOOD,SYNTHETIC_ML_DATASET,NORMAL,0
BRT,BRT_HUM_001,2026-03-02T04:08:00+00:00,55.535540368834184,%,GOOD,SYNTHETIC_ML_DATASET,NORMAL,0
BRT,BRT_POWER_001,2026-03-02T04:08:00+00:00,37.34262524874806,kW,GOOD,SYNTHETIC_ML_DATASET,NORMAL,0
BRT,BRT_PRESS_001,2026-03-02T04:08:00+00:00,982.9734821324014,hPa,GOOD,SYNTHETIC_ML_DATASET,NORMAL,0
BRT,BRT_TEMP_001,2026-03-02T04:08:00+00:00,-12.64334911913321,C,GOOD,SYNTHETIC_ML_DATASET,NORMAL,0
BRT,BRT_VIB_001,2026-03-02T04:08:00+00:00,0.7071408369817623,mm/s,GOOD,SYNTHETIC_ML_DATASET,NORMAL,0
BRT,BRT_HUM_001,2026-03-02T04:09:00+00:00,55.518545022864046,%,GOOD,SYNTHETIC_ML_DATASET,NORMAL,0
BRT,BRT_POWER_001,2026-03-02T04:09:00+00:00,38.34803269772919,kW,GOOD,SYNTHETIC_ML_DATASET,NORMAL,0
BRT,BRT_PRESS_001,2026-03-02T04:09:00+00:00,983.1194539102202,hPa,GOOD,SYNTHETIC_ML_DATASET,NORMAL,0
BRT,BRT_TEMP_001,2026-03-02T04:09:00+00:00,-12.633963679475283,C,GOOD,SYNTHETIC_ML_DATASET,NORMAL,0
BRT,BRT_VIB_001,2026-03-02T04:09:00+00:00,0.7050644361784068,mm/s,GOOD,SYNTHETIC_ML_DATASET,NORMAL,0
BRT,BRT_HUM_001,2026-03-02T04:10:00+00:00,54.880598263871555,%,GOOD,SYNTHETIC_ML_DATASET,NORMAL,0
BRT,BRT_POWER_001,2026-03-02T04:10:00+00:00,38.212728087361704,kW,GOOD,SYNTHETIC_ML_DATASET,NORMAL,0
BRT,BRT_PRESS_001,2026-03-02T04:10:00+00:00,983.2236120971226,hPa,GOOD,SYNTHETIC_ML_DATASET,NORMAL,0
BRT,BRT_TEMP_001,2026-03-02T04:10:00+00:00,-12.692220185009296,C,GOOD,SYNTHETIC_ML_DATASET,NORMAL,0
BRT,BRT_VIB_001,2026-03-02T04:10:00+00:00,0.6907843515985698,mm/s,GOOD,SYNTHETIC_ML_DATASET,NORMAL,0
BRT,BRT_HUM_001,2026-03-02T04:11:00+00:00,54.90813315775274,%,GOOD,SYNTHETIC_ML_DATASET,NORMAL,0
BRT,BRT_POWER_001,2026-03-02T04:11:00+00:00,38.00099925755943,kW,GOOD,SYNTHETIC_ML_DATASET,NORMAL,0
BRT,BRT_PRESS_001,2026-03-02T04:11:00+00:00,983.4012613836311,hPa,GOOD,SYNTHETIC_ML_DATASET,NORMAL,0
BRT,BRT_TEMP_001,2026-03-02T04:11:00+00:00,-12.862386402660173,C,GOOD,SYNTHETIC_ML_DATASET,NORMAL,0
BRT,BRT_VIB_001,2026-03-02T04:11:00+00:00,0.6847024390416672,mm/s,GOOD,SYNTHETIC_ML_DATASET,NORMAL,0
BRT,BRT_HUM_001,2026-03-02T04:12:00+00:00,55.996608482601616,%,GOOD,SYNTHETIC_ML_DATASET,NORMAL,0
BRT,BRT_POWER_001,2026-03-02T04:12:00+00:00,38.20185508339515,kW,GOOD,SYNTHETIC_ML_DATASET,NORMAL,0
BRT,BRT_PRESS_001,2026-03-02T04:12:00+00:00,983.197141212336,hPa,GOOD,SYNTHETIC_ML_DATASET,NORMAL,0
BRT,BRT_TEMP_001,2026-03-02T04:12:00+00:00,-13.11676437473841,C,GOOD,SYNTHETIC_ML_DATASET,NORMAL,0
BRT,BRT_VIB_001,2026-03-02T04:12:00+00:00,0.6806466396502516,mm/s,GOOD,SYNTHETIC_ML_DATASET,NORMAL,0
BRT,BRT_HUM_001,2026-03-02T04:13:00+00:00,56.33550391832368,%,GOOD,SYNTHETIC_ML_DATASET,NORMAL,0
BRT,BRT_POWER_001,2026-03-02T04:13:00+00:00,38.4448485128436,kW,GOOD,SYNTHETIC_ML_DATASET,NORMAL,0
BRT,BRT_PRESS_001,2026-03-02T04:13:00+00:00,983.429490468694,hPa,GOOD,SYNTHETIC_ML_DATASET,NORMAL,0
BRT,BRT_TEMP_001,2026-03-02T04:13:00+00:00,-13.02536490909606,C,GOOD,SYNTHETIC_ML_DATASET,NORMAL,0
BRT,BRT_VIB_001,2026-03-02T04:13:00+00:00,0.6947196618916666,mm/s,GOOD,SYNTHETIC_ML_DATASET,NORMAL,0
BRT,BRT_HUM_001,2026-03-02T04:14:00+00:00,56.085316677635625,%,GOOD,SYNTHETIC_ML_DATASET,NORMAL,0
BRT,BRT_POWER_001,2026-03-02T04:14:00+00:00,38.08033027647691,kW,GOOD,SYNTHETIC_ML_DATASET,NORMAL,0
BRT,BRT_PRESS_001,2026-03-02T04:14:00+00:00,983.603622956835,hPa,GOOD,SYNTHETIC_ML_DATASET,NORMAL,0
BRT,BRT_TEMP_001,2026-03-02T04:14:00+00:00,-12.789795817189646,C,GOOD,SYNTHETIC_ML_DATASET,NORMAL,0
BRT,BRT_VIB_001,2026-03-02T04:14:00+00:00,0.6892010059649827,mm/s,GOOD,SYNTHETIC_ML_DATASET,NORMAL,0
BRT,BRT_HUM_001,2026-03-02T04:15:00+00:00,56.69551072029915,%,GOOD,SYNTHETIC_ML_DATASET,NORMAL,0
BRT,BRT_POWER_001,2026-03-02T04:15:00+00:00,37.7420265679152,kW,GOOD,SYNTHETIC_ML_DATASET,NORMAL,0
BRT,BRT_PRESS_001,2026-03-02T04:15:00+00:00,983.6504711156344,hPa,GOOD,SYNTHETIC_ML_DATASET,NORMAL,0
BRT,BRT_TEMP_001,2026-03-02T04:15:00+00:00,-12.884135316415124,C,GOOD,SYNTHETIC_ML_DATASET,NORMAL,0
BRT,BRT_VIB_001,2026-03-02T04:15:00+00:00,0.6954208901053288,mm/s,GOOD,SYNTHETIC_ML_DATASET,NORMAL,0
BRT,BRT_HUM_001,2026-03-02T04:16:00+00:00,57.55933520737091,%,GOOD,SYNTHETIC_ML_DATASET,NORMAL,0
BRT,BRT_POWER_001,2026-03-02T04:16:00+00:00,38.031668749864174,kW,GOOD,SYNTHETIC_ML_DATASET,NORMAL,0
BRT,BRT_PRESS_001,2026-03-02T04:16:00+00:00,983.6869149589635,hPa,GOOD,SYNTHETIC_ML_DATASET,NORMAL,0
BRT,BRT_TEMP_001,2026-03-02T04:16:00+00:00,-12.835634469463145,C,GOOD,SYNTHETIC_ML_DATASET,NORMAL,0
BRT,BRT_VIB_001,2026-03-02T04:16:00+00:00,0.7088275553251094,mm/s,GOOD,SYNTHETIC_ML_DATASET,NORMAL,0
BRT,BRT_HUM_001,2026-03-02T04:17:00+00:00,57.17616109390025,%,GOOD,SYNTHETIC_ML_DATASET,NORMAL,0
BRT,BRT_POWER_001,2026-03-02T04:17:00+00:00,38.1778391553948,kW,GOOD,SYNTHETIC_ML_DATASET,NORMAL,0
BRT,BRT_PRESS_001,2026-03-02T04:17:00+00:00,983.7085547513686,hPa,GOOD,SYNTHETIC_ML_DATASET,NORMAL,0
BRT,BRT_TEMP_001,2026-03-02T04:17:00+00:00,-12.472517802302919,C,GOOD,SYNTHETIC_ML_DATASET,NORMAL,0
BRT,BRT_VIB_001,2026-03-02T04:17:00+00:00,0.7304516198517315,mm/s,GOOD,SYNTHETIC_ML_DATASET,NORMAL,0
BRT,BRT_HUM_001,2026-03-02T04:18:00+00:00,57.14744254462557,%,GOOD,SYNTHETIC_ML_DATASET,NORMAL,0
BRT,BRT_POWER_001,2026-03-02T04:18:00+00:00,38.5984220162123,kW,GOOD,SYNTHETIC_ML_DATASET,NORMAL,0
BRT,BRT_PRESS_001,2026-03-02T04:18:00+00:00,983.6827189712404,hPa,GOOD,SYNTHETIC_ML_DATASET,NORMAL,0
BRT,BRT_TEMP_001,2026-03-02T04:18:00+00:00,-12.656132953462002,C,GOOD,SYNTHETIC_ML_DATASET,NORMAL,0
BRT,BRT_VIB_001,2026-03-02T04:18:00+00:00,0.7399284721864053,mm/s,GOOD,SYNTHETIC_ML_DATASET,NORMAL,0
BRT,BRT_HUM_001,2026-03-02T04:19:00+00:00,57.821981387198115,%,GOOD,SYNTHETIC_ML_DATASET,NORMAL,0
BRT,BRT_POWER_001,2026-03-02T04:19:00+00:00,38.58691404535926,kW,GOOD,SYNTHETIC_ML_DATASET,NORMAL,0
BRT,BRT_PRESS_001,2026-03-02T04:19:00+00:00,983.622920742386,hPa,GOOD,SYNTHETIC_ML_DATASET,NORMAL,0
BRT,BRT_TEMP_001,2026-03-02T04:19:00+00:00,-12.57257459451366,C,GOOD,SYNTHETIC_ML_DATASET,NORMAL,0
BRT,BRT_VIB_001,2026-03-02T04:19:00+00:00,0.7151333766083295,mm/s,GOOD,SYNTHETIC_ML_DATASET,NORMAL,0
BRT,BRT_HUM_001,2026-03-02T04:20:00+00:00,56.57989898155739,%,GOOD,SYNTHETIC_ML_DATASET,NORMAL,0
BRT,BRT_POWER_001,2026-03-02T04:20:00+00:00,38.73532503164654,kW,GOOD,SYNTHETIC_ML_DATASET,NORMAL,0
BRT,BRT_PRESS_001,2026-03-02T04:20:00+00:00,983.6865160992805,hPa,GOOD,SYNTHETIC_ML_DATASET,NORMAL,0
BRT,BRT_TEMP_001,2026-03-02T04:20:00+00:00,-12.473949373189468,C,GOOD,SYNTHETIC_ML_DATASET,NORMAL,0
BRT,BRT_VIB_001,2026-03-02T04:20:00+00:00,0.7450213019597797,mm/s,GOOD,SYNTHETIC_ML_DATASET,NORMAL,0
BRT,BRT_HUM_001,2026-03-02T04:21:00+00:00,56.86587641897904,%,GOOD,SYNTHETIC_ML_DATASET,NORMAL,0
BRT,BRT_POWER_001,2026-03-02T04:21:00+00:00,39.001750729344614,kW,GOOD,SYNTHETIC_ML_DATASET,NORMAL,0
BRT,BRT_PRESS_001,2026-03-02T04:21:00+00:00,983.7705508330998,hPa,GOOD,SYNTHETIC_ML_DATASET,NORMAL,0
BRT,BRT_TEMP_001,2026-03-02T04:21:00+00:00,-12.522401228958437,C,GOOD,SYNTHETIC_ML_DATASET,NORMAL,0
BRT,BRT_VIB_001,2026-03-02T04:21:00+00:00,0.7120082258847361,mm/s,GOOD,SYNTHETIC_ML_DATASET,NORMAL,0
BRT,BRT_HUM_001,2026-03-02T04:22:00+00:00,56.410241767692845,%,GOOD,SYNTHETIC_ML_DATASET,NORMAL,0
BRT,BRT_POWER_001,2026-03-02T04:22:00+00:00,39.45685580286408,kW,GOOD,SYNTHETIC_ML_DATASET,NORMAL,0
BRT,BRT_PRESS_001,2026-03-02T04:22:00+00:00,983.8486527782397,hPa,GOOD,SYNTHETIC_ML_DATASET,NORMAL,0
BRT,BRT_TEMP_001,2026-03-02T04:22:00+00:00,-12.405188194788266,C,GOOD,SYNTHETIC_ML_DATASET,NORMAL,0
BRT,BRT_VIB_001,2026-03-02T04:22:00+00:00,0.7175935286284144,mm/s,GOOD,SYNTHETIC_ML_DATASET,NORMAL,0
BRT,BRT_HUM_001,2026-03-02T04:23:00+00:00,56.80799155139383,%,GOOD,SYNTHETIC_ML_DATASET,NORMAL,0
BRT,BRT_POWER_001,2026-03-02T04:23:00+00:00,38.614933774593666,kW,GOOD,SYNTHETIC_ML_DATASET,NORMAL,0
BRT,BRT_PRESS_001,2026-03-02T04:23:00+00:00,983.7577108591158,hPa,GOOD,SYNTHETIC_ML_DATASET,NORMAL,0
BRT,BRT_TEMP_001,2026-03-02T04:23:00+00:00,-12.540051538994332,C,GOOD,SYNTHETIC_ML_DATASET,NORMAL,0
BRT,BRT_VIB_001,2026-03-02T04:23:00+00:00,0.7091552848238375,mm/s,GOOD,SYNTHETIC_ML_DATASET,NORMAL,0
BRT,BRT_HUM_001,2026-03-02T04:24:00+00:00,56.30318433173988,%,GOOD,SYNTHETIC_ML_DATASET,NORMAL,0
BRT,BRT_POWER_001,2026-03-02T04:24:00+00:00,39.36819533991513,kW,GOOD,SYNTHETIC_ML_DATASET,NORMAL,0
BRT,BRT_PRESS_001,2026-03-02T04:24:00+00:00,983.9512720724443,hPa,GOOD,SYNTHETIC_ML_DATASET,NORMAL,0
BRT,BRT_TEMP_001,2026-03-02T04:24:00+00:00,-12.283171571970469,C,GOOD,SYNTHETIC_ML_DATASET,NORMAL,0
BRT,BRT_VIB_001,2026-03-02T04:24:00+00:00,0.7423895455173858,mm/s,GOOD,SYNTHETIC_ML_DATASET,NORMAL,0
BRT,BRT_HUM_001,2026-03-02T04:25:00+00:00,56.86171350917849,%,GOOD,SYNTHETIC_ML_DATASET,NORMAL,0
BRT,BRT_POWER_001,2026-03-02T04:25:00+00:00,39.630448524164514,kW,GOOD,SYNTHETIC_ML_DATASET,NORMAL,0
BRT,BRT_PRESS_001,2026-03-02T04:25:00+00:00,983.9237718238869,hPa,GOOD,SYNTHETIC_ML_DATASET,NORMAL,0
BRT,BRT_TEMP_001,2026-03-02T04:25:00+00:00,-12.088197514026197,C,GOOD,SYNTHETIC_ML_DATASET,NORMAL,0
BRT,BRT_VIB_001,2026-03-02T04:25:00+00:00,0.7059579375537617,mm/s,GOOD,SYNTHETIC_ML_DATASET,NORMAL,0
BRT,BRT_HUM_001,2026-03-02T04:26:00+00:00,57.173775364218585,%,GOOD,SYNTHETIC_ML_DATASET,NORMAL,0
BRT,BRT_POWER_001,2026-03-02T04:26:00+00:00,39.743662438914534,kW,GOOD,SYNTHETIC_ML_DATASET,NORMAL,0
BRT,BRT_PRESS_001,2026-03-02T04:26:00+00:00,983.8858836129248,hPa,GOOD,SYNTHETIC_ML_DATASET,NORMAL,0
BRT,BRT_TEMP_001,2026-03-02T04:26:00+00:00,-12.038691465978136,C,GOOD,SYNTHETIC_ML_DATASET,NORMAL,0
BRT,BRT_VIB_001,2026-03-02T04:26:00+00:00,0.7199292269027839,mm/s,GOOD,SYNTHETIC_ML_DATASET,NORMAL,0
BRT,BRT_HUM_001,2026-03-02T04:27:00+00:00,57.36227499331511,%,GOOD,SYNTHETIC_ML_DATASET,NORMAL,0
BRT,BRT_POWER_001,2026-03-02T04:27:00+00:00,39.449925084488775,kW,GOOD,SYNTHETIC_ML_DATASET,NORMAL,0
BRT,BRT_PRESS_001,2026-03-02T04:27:00+00:00,983.9318818649049,hPa,GOOD,SYNTHETIC_ML_DATASET,NORMAL,0
BRT,BRT_TEMP_001,2026-03-02T04:27:00+00:00,-11.844623803238614,C,GOOD,SYNTHETIC_ML_DATASET,NORMAL,0
BRT,BRT_VIB_001,2026-03-02T04:27:00+00:00,0.6965565099795497,mm/s,GOOD,SYNTHETIC_ML_DATASET,NORMAL,0
BRT,BRT_HUM_001,2026-03-02T04:28:00+00:00,57.832735944256385,%,GOOD,SYNTHETIC_ML_DATASET,NORMAL,0
BRT,BRT_POWER_001,2026-03-02T04:28:00+00:00,39.71845139013277,kW,GOOD,SYNTHETIC_ML_DATASET,NORMAL,0
BRT,BRT_PRESS_001,2026-03-02T04:28:00+00:00,984.1062727753072,hPa,GOOD,SYNTHETIC_ML_DATASET,NORMAL,0
BRT,BRT_TEMP_001,2026-03-02T04:28:00+00:00,-11.739396637480713,C,GOOD,SYNTHETIC_ML_DATASET,NORMAL,0
BRT,BRT_VIB_001,2026-03-02T04:28:00+00:00,0.699730831073684,mm/s,GOOD,SYNTHETIC_ML_DATASET,NORMAL,0
BRT,BRT_HUM_001,2026-03-02T04:29:00+00:00,57.76833026331547,%,GOOD,SYNTHETIC_ML_DATASET,NORMAL,0
BRT,BRT_POWER_001,2026-03-02T04:29:00+00:00,39.95744130244323,kW,GOOD,SYNTHETIC_ML_DATASET,NORMAL,0
BRT,BRT_PRESS_001,2026-03-02T04:29:00+00:00,983.8507016611986,hPa,GOOD,SYNTHETIC_ML_DATASET,NORMAL,0
BRT,BRT_TEMP_001,2026-03-02T04:29:00+00:00,-11.687241033783696,C,GOOD,SYNTHETIC_ML_DATASET,NORMAL,0
BRT,BRT_VIB_001,2026-03-02T04:29:00+00:00,0.703294737396119,mm/s,GOOD,SYNTHETIC_ML_DATASET,NORMAL,0
BRT,BRT_HUM_001,2026-03-02T04:30:00+00:00,58.58616778389183,%,GOOD,SYNTHETIC_ML_DATASET,NORMAL,0
BRT,BRT_POWER_001,2026-03-02T04:30:00+00:00,40.52337247452612,kW,GOOD,SYNTHETIC_ML_DATASET,NORMAL,0
BRT,BRT_PRESS_001,2026-03-02T04:30:00+00:00,984.0787792185732,hPa,GOOD,SYNTHETIC_ML_DATASET,NORMAL,0
BRT,BRT_TEMP_001,2026-03-02T04:30:00+00:00,-11.58040657907147,C,GOOD,SYNTHETIC_ML_DATASET,NORMAL,0
BRT,BRT_VIB_001,2026-03-02T04:30:00+00:00,0.7099186454723668,mm/s,GOOD,SYNTHETIC_ML_DATASET,NORMAL,0
BRT,BRT_HUM_001,2026-03-02T04:31:00+00:00,58.93008065833227,%,GOOD,SYNTHETIC_ML_DATASET,NORMAL,0
BRT,BRT_POWER_001,2026-03-02T04:31:00+00:00,40.72087483675757,kW,GOOD,SYNTHETIC_ML_DATASET,NORMAL,0
BRT,BRT_PRESS_001,2026-03-02T04:31:00+00:00,984.0447827596723,hPa,GOOD,SYNTHETIC_ML_DATASET,NORMAL,0
BRT,BRT_TEMP_001,2026-03-02T04:31:00+00:00,-11.687443160183385,C,GOOD,SYNTHETIC_ML_DATASET,NORMAL,0
BRT,BRT_VIB_001,2026-03-02T04:31:00+00:00,0.6893471919830294,mm/s,GOOD,SYNTHETIC_ML_DATASET,NORMAL,0
BRT,BRT_HUM_001,2026-03-02T04:32:00+00:00,58.213277698161576,%,GOOD,SYNTHETIC_ML_DATASET,NORMAL,0
BRT,BRT_POWER_001,2026-03-02T04:32:00+00:00,40.34116724408834,kW,GOOD,SYNTHETIC_ML_DATASET,NORMAL,0
BRT,BRT_PRESS_001,2026-03-02T04:32:00+00:00,984.5412617933167,hPa,GOOD,SYNTHETIC_ML_DATASET,NORMAL,0
BRT,BRT_TEMP_001,2026-03-02T04:32:00+00:00,-11.617085692469812,C,GOOD,SYNTHETIC_ML_DATASET,NORMAL,0
BRT,BRT_VIB_001,2026-03-02T04:32:00+00:00,0.7144802745010593,mm/s,GOOD,SYNTHETIC_ML_DATASET,NORMAL,0
BRT,BRT_HUM_001,2026-03-02T04:33:00+00:00,58.45460380206336,%,GOOD,SYNTHETIC_ML_DATASET,NORMAL,0
BRT,BRT_POWER_001,2026-03-02T04:33:00+00:00,40.1213454109647,kW,GOOD,SYNTHETIC_ML_DATASET,NORMAL,0
BRT,BRT_PRESS_001,2026-03-02T04:33:00+00:00,984.3473501565963,hPa,GOOD,SYNTHETIC_ML_DATASET,NORMAL,0
BRT,BRT_TEMP_001,2026-03-02T04:33:00+00:00,-11.511519209216974,C,GOOD,SYNTHETIC_ML_DATASET,NORMAL,0
BRT,BRT_VIB_001,2026-03-02T04:33:00+00:00,0.7334935175468343,mm/s,GOOD,SYNTHETIC_ML_DATASET,NORMAL,0
BRT,BRT_HUM_001,2026-03-02T04:34:00+00:00,58.131973462534674,%,GOOD,SYNTHETIC_ML_DATASET,NORMAL,0
BRT,BRT_POWER_001,2026-03-02T04:34:00+00:00,40.68896681451266,kW,GOOD,SYNTHETIC_ML_DATASET,NORMAL,0
BRT,BRT_PRESS_001,2026-03-02T04:34:00+00:00,984.3988466295219,hPa,GOOD,SYNTHETIC_ML_DATASET,NORMAL,0
BRT,BRT_TEMP_001,2026-03-02T04:34:00+00:00,-11.60461905400217,C,GOOD,SYNTHETIC_ML_DATASET,NORMAL,0
BRT,BRT_VIB_001,2026-03-02T04:34:00+00:00,0.7298742280873587,mm/s,GOOD,SYNTHETIC_ML_DATASET,NORMAL,0
BRT,BRT_HUM_001,2026-03-02T04:35:00+00:00,58.74364911273203,%,GOOD,SYNTHETIC_ML_DATASET,NORMAL,0
BRT,BRT_POWER_001,2026-03-02T04:35:00+00:00,40.82362203792835,kW,GOOD,SYNTHETIC_ML_DATASET,NORMAL,0
BRT,BRT_PRESS_001,2026-03-02T04:35:00+00:00,984.4103854022172,hPa,GOOD,SYNTHETIC_ML_DATASET,NORMAL,0
BRT,BRT_TEMP_001,2026-03-02T04:35:00+00:00,-11.50447206814087,C,GOOD,SYNTHETIC_ML_DATASET,NORMAL,0
BRT,BRT_VIB_001,2026-03-02T04:35:00+00:00,0.7257228706085006,mm/s,GOOD,SYNTHETIC_ML_DATASET,NORMAL,0
BRT,BRT_HUM_001,2026-03-02T04:36:00+00:00,58.229475743224185,%,GOOD,SYNTHETIC_ML_DATASET,NORMAL,0
BRT,BRT_POWER_001,2026-03-02T04:36:00+00:00,41.357634902693306,kW,GOOD,SYNTHETIC_ML_DATASET,NORMAL,0
BRT,BRT_PRESS_001,2026-03-02T04:36:00+00:00,984.4038822742824,hPa,GOOD,SYNTHETIC_ML_DATASET,NORMAL,0
BRT,BRT_TEMP_001,2026-03-02T04:36:00+00:00,-11.292746269576801,C,GOOD,SYNTHETIC_ML_DATASET,NORMAL,0
BRT,BRT_VIB_001,2026-03-02T04:36:00+00:00,0.728562761102722,mm/s,GOOD,SYNTHETIC_ML_DATASET,NORMAL,0
BRT,BRT_HUM_001,2026-03-02T04:37:00+00:00,59.02597874192527,%,GOOD,SYNTHETIC_ML_DATASET,NORMAL,0
BRT,BRT_POWER_001,2026-03-02T04:37:00+00:00,41.17005280730174,kW,GOOD,SYNTHETIC_ML_DATASET,NORMAL,0
BRT,BRT_PRESS_001,2026-03-02T04:37:00+00:00,984.4998558765959,hPa,GOOD,SYNTHETIC_ML_DATASET,NORMAL,0
BRT,BRT_TEMP_001,2026-03-02T04:37:00+00:00,-11.27894010299447,C,GOOD,SYNTHETIC_ML_DATASET,NORMAL,0
BRT,BRT_VIB_001,2026-03-02T04:37:00+00:00,0.7315046359333378,mm/s,GOOD,SYNTHETIC_ML_DATASET,NORMAL,0
BRT,BRT_HUM_001,2026-03-02T04:38:00+00:00,59.94914306110382,%,GOOD,SYNTHETIC_ML_DATASET,NORMAL,0
BRT,BRT_POWER_001,2026-03-02T04:38:00+00:00,40.58900643942812,kW,GOOD,SYNTHETIC_ML_DATASET,NORMAL,0
BRT,BRT_PRESS_001,2026-03-02T04:38:00+00:00,984.515748237499,hPa,GOOD,SYNTHETIC_ML_DATASET,NORMAL,0
BRT,BRT_TEMP_001,2026-03-02T04:38:00+00:00,-11.122008483503498,C,GOOD,SYNTHETIC_ML_DATASET,NORMAL,0
BRT,BRT_VIB_001,2026-03-02T04:38:00+00:00,0.7419099901875952,mm/s,GOOD,SYNTHETIC_ML_DATASET,NORMAL,0
BRT,BRT_HUM_001,2026-03-02T04:39:00+00:00,60.09780919350424,%,GOOD,SYNTHETIC_ML_DATASET,NORMAL,0
BRT,BRT_POWER_001,2026-03-02T04:39:00+00:00,40.6889019154327,kW,GOOD,SYNTHETIC_ML_DATASET,NORMAL,0
BRT,BRT_PRESS_001,2026-03-02T04:39:00+00:00,984.606861714052,hPa,GOOD,SYNTHETIC_ML_DATASET,NORMAL,0
BRT,BRT_TEMP_001,2026-03-02T04:39:00+00:00,-11.170361714853577,C,GOOD,SYNTHETIC_ML_DATASET,NORMAL,0
BRT,BRT_VIB_001,2026-03-02T04:39:00+00:00,0.7383621844516494,mm/s,GOOD,SYNTHETIC_ML_DATASET,NORMAL,0
BRT,BRT_HUM_001,2026-03-02T04:40:00+00:00,59.63951269652549,%,GOOD,SYNTHETIC_ML_DATASET,NORMAL,0
BRT,BRT_POWER_001,2026-03-02T04:40:00+00:00,40.30212008706605,kW,GOOD,SYNTHETIC_ML_DATASET,NORMAL,0
BRT,BRT_PRESS_001,2026-03-02T04:40:00+00:00,984.4037432848041,hPa,GOOD,SYNTHETIC_ML_DATASET,NORMAL,0
BRT,BRT_TEMP_001,2026-03-02T04:40:00+00:00,-10.995993579588003,C,GOOD,SYNTHETIC_ML_DATASET,NORMAL,0
BRT,BRT_VIB_001,2026-03-02T04:40:00+00:00,0.751043435717344,mm/s,GOOD,SYNTHETIC_ML_DATASET,NORMAL,0
BRT,BRT_HUM_001,2026-03-02T04:41:00+00:00,59.35050469885107,%,GOOD,SYNTHETIC_ML_DATASET,NORMAL,0
BRT,BRT_POWER_001,2026-03-02T04:41:00+00:00,41.75543135441147,kW,GOOD,SYNTHETIC_ML_DATASET,NORMAL,0
BRT,BRT_PRESS_001,2026-03-02T04:41:00+00:00,984.4814925012853,hPa,GOOD,SYNTHETIC_ML_DATASET,NORMAL,0
BRT,BRT_TEMP_001,2026-03-02T04:41:00+00:00,-10.963659299122863,C,GOOD,SYNTHETIC_ML_DATASET,NORMAL,0
BRT,BRT_VIB_001,2026-03-02T04:41:00+00:00,0.7324816233146588,mm/s,GOOD,SYNTHETIC_ML_DATASET,NORMAL,0
BRT,BRT_HUM_001,2026-03-02T04:42:00+00:00,59.47890397520894,%,GOOD,SYNTHETIC_ML_DATASET,NORMAL,0
BRT,BRT_POWER_001,2026-03-02T04:42:00+00:00,41.25500316368906,kW,GOOD,SYNTHETIC_ML_DATASET,NORMAL,0
BRT,BRT_PRESS_001,2026-03-02T04:42:00+00:00,984.5383315021163,hPa,GOOD,SYNTHETIC_ML_DATASET,NORMAL,0
BRT,BRT_TEMP_001,2026-03-02T04:42:00+00:00,-10.899866948588338,C,GOOD,SYNTHETIC_ML_DATASET,NORMAL,0
BRT,BRT_VIB_001,2026-03-02T04:42:00+00:00,0.7357789719426332,mm/s,GOOD,SYNTHETIC_ML_DATASET,NORMAL,0
BRT,BRT_HUM_001,2026-03-02T04:43:00+00:00,60.23017999523822,%,GOOD,SYNTHETIC_ML_DATASET,NORMAL,0
BRT,BRT_POWER_001,2026-03-02T04:43:00+00:00,41.78152466145562,kW,GOOD,SYNTHETIC_ML_DATASET,NORMAL,0
BRT,BRT_PRESS_001,2026-03-02T04:43:00+00:00,984.6397831750586,hPa,GOOD,SYNTHETIC_ML_DATASET,NORMAL,0
BRT,BRT_TEMP_001,2026-03-02T04:43:00+00:00,-10.619374305381518,C,GOOD,SYNTHETIC_ML_DATASET,NORMAL,0
BRT,BRT_VIB_001,2026-03-02T04:43:00+00:00,0.7509147890869405,mm/s,GOOD,SYNTHETIC_ML_DATASET,NORMAL,0
BRT,BRT_HUM_001,2026-03-02T04:44:00+00:00,60.29692723447223,%,GOOD,SYNTHETIC_ML_DATASET,NORMAL,0
BRT,BRT_POWER_001,2026-03-02T04:44:00+00:00,42.291873210838546,kW,GOOD,SYNTHETIC_ML_DATASET,NORMAL,0
BRT,BRT_PRESS_001,2026-03-02T04:44:00+00:00,984.7196090765747,hPa,GOOD,SYNTHETIC_ML_DATASET,NORMAL,0
BRT,BRT_TEMP_001,2026-03-02T04:44:00+00:00,-10.527340082089419,C,GOOD,SYNTHETIC_ML_DATASET,NORMAL,0
BRT,BRT_VIB_001,2026-03-02T04:44:00+00:00,0.7370693744355906,mm/s,GOOD,SYNTHETIC_ML_DATASET,NORMAL,0
BRT,BRT_HUM_001,2026-03-02T04:45:00+00:00,60.64472111355602,%,GOOD,SYNTHETIC_ML_DATASET,NORMAL,0
BRT,BRT_POWER_001,2026-03-02T04:45:00+00:00,42.22353175027112,kW,GOOD,SYNTHETIC_ML_DATASET,NORMAL,0
BRT,BRT_PRESS_001,2026-03-02T04:45:00+00:00,984.6873867220677,hPa,GOOD,SYNTHETIC_ML_DATASET,NORMAL,0
BRT,BRT_TEMP_001,2026-03-02T04:45:00+00:00,-10.275261300831914,C,GOOD,SYNTHETIC_ML_DATASET,NORMAL,0
BRT,BRT_VIB_001,2026-03-02T04:45:00+00:00,0.7741205471543412,mm/s,GOOD,SYNTHETIC_ML_DATASET,NORMAL,0
BRT,BRT_HUM_001,2026-03-02T04:46:00+00:00,60.27664659637867,%,GOOD,SYNTHETIC_ML_DATASET,NORMAL,0
BRT,BRT_POWER_001,2026-03-02T04:46:00+00:00,42.061648683197966,kW,GOOD,SYNTHETIC_ML_DATASET,NORMAL,0
BRT,BRT_PRESS_001,2026-03-02T04:46:00+00:00,984.7848661041363,hPa,GOOD,SYNTHETIC_ML_DATASET,NORMAL,0
BRT,BRT_TEMP_001,2026-03-02T04:46:00+00:00,-10.399168979803846,C,GOOD,SYNTHETIC_ML_DATASET,NORMAL,0
BRT,BRT_VIB_001,2026-03-02T04:46:00+00:00,0.7228504124638363,mm/s,GOOD,SYNTHETIC_ML_DATASET,NORMAL,0
BRT,BRT_HUM_001,2026-03-02T04:47:00+00:00,60.43964843285016,%,GOOD,SYNTHETIC_ML_DATASET,NORMAL,0
BRT,BRT_POWER_001,2026-03-02T04:47:00+00:00,42.25320483917859,kW,GOOD,SYNTHETIC_ML_DATASET,NORMAL,0
BRT,BRT_PRESS_001,2026-03-02T04:47:00+00:00,984.933488269162,hPa,GOOD,SYNTHETIC_ML_DATASET,NORMAL,0
BRT,BRT_TEMP_001,2026-03-02T04:47:00+00:00,-10.316497185667481,C,GOOD,SYNTHETIC_ML_DATASET,NORMAL,0
BRT,BRT_VIB_001,2026-03-02T04:47:00+00:00,0.7349420144291204,mm/s,GOOD,SYNTHETIC_ML_DATASET,NORMAL,0
BRT,BRT_HUM_001,2026-03-02T04:48:00+00:00,59.82664304596812,%,GOOD,SYNTHETIC_ML_DATASET,NORMAL,0
BRT,BRT_POWER_001,2026-03-02T04:48:00+00:00,42.554989767971264,kW,GOOD,SYNTHETIC_ML_DATASET,NORMAL,0
BRT,BRT_PRESS_001,2026-03-02T04:48:00+00:00,984.909046061469,hPa,GOOD,SYNTHETIC_ML_DATASET,NORMAL,0
BRT,BRT_TEMP_001,2026-03-02T04:48:00+00:00,-10.254734067421188,C,GOOD,SYNTHETIC_ML_DATASET,NORMAL,0
BRT,BRT_VIB_001,2026-03-02T04:48:00+00:00,0.7408854840070893,mm/s,GOOD,SYNTHETIC_ML_DATASET,NORMAL,0
BRT,BRT_HUM_001,2026-03-02T04:49:00+00:00,60.411638064445505,%,GOOD,SYNTHETIC_ML_DATASET,NORMAL,0
BRT,BRT_POWER_001,2026-03-02T04:49:00+00:00,42.11338003438097,kW,GOOD,SYNTHETIC_ML_DATASET,NORMAL,0
BRT,BRT_PRESS_001,2026-03-02T04:49:00+00:00,985.0512579634092,hPa,GOOD,SYNTHETIC_ML_DATASET,NORMAL,0
BRT,BRT_TEMP_001,2026-03-02T04:49:00+00:00,-10.16433284159128,C,GOOD,SYNTHETIC_ML_DATASET,NORMAL,0
BRT,BRT_VIB_001,2026-03-02T04:49:00+00:00,0.7364493098984337,mm/s,GOOD,SYNTHETIC_ML_DATASET,NORMAL,0
BRT,BRT_HUM_001,2026-03-02T04:50:00+00:00,60.30607764029049,%,GOOD,SYNTHETIC_ML_DATASET,NORMAL,0
BRT,BRT_POWER_001,2026-03-02T04:50:00+00:00,42.2899808882697,kW,GOOD,SYNTHETIC_ML_DATASET,NORMAL,0
BRT,BRT_PRESS_001,2026-03-02T04:50:00+00:00,985.1168706192734,hPa,GOOD,SYNTHETIC_ML_DATASET,NORMAL,0
BRT,BRT_TEMP_001,2026-03-02T04:50:00+00:00,-10.186388046125177,C,GOOD,SYNTHETIC_ML_DATASET,NORMAL,0
BRT,BRT_VIB_001,2026-03-02T04:50:00+00:00,0.7397748959505773,mm/s,GOOD,SYNTHETIC_ML_DATASET,NORMAL,0
BRT,BRT_HUM_001,2026-03-02T04:51:00+00:00,61.54822507312308,%,GOOD,SYNTHETIC_ML_DATASET,NORMAL,0
BRT,BRT_POWER_001,2026-03-02T04:51:00+00:00,42.2786313559947,kW,GOOD,SYNTHETIC_ML_DATASET,NORMAL,0
BRT,BRT_PRESS_001,2026-03-02T04:51:00+00:00,985.1500085968357,hPa,GOOD,SYNTHETIC_ML_DATASET,NORMAL,0
BRT,BRT_TEMP_001,2026-03-02T04:51:00+00:00,-9.949047290280616,C,GOOD,SYNTHETIC_ML_DATASET,NORMAL,0
BRT,BRT_VIB_001,2026-03-02T04:51:00+00:00,0.7529747314755819,mm/s,GOOD,SYNTHETIC_ML_DATASET,NORMAL,0
BRT,BRT_HUM_001,2026-03-02T04:52:00+00:00,61.24373935353801,%,GOOD,SYNTHETIC_ML_DATASET,NORMAL,0
BRT,BRT_POWER_001,2026-03-02T04:52:00+00:00,42.968208669393846,kW,GOOD,SYNTHETIC_ML_DATASET,NORMAL,0
BRT,BRT_PRESS_001,2026-03-02T04:52:00+00:00,985.2473745034329,hPa,GOOD,SYNTHETIC_ML_DATASET,NORMAL,0
BRT,BRT_TEMP_001,2026-03-02T04:52:00+00:00,-9.655300647464841,C,GOOD,SYNTHETIC_ML_DATASET,NORMAL,0
BRT,BRT_VIB_001,2026-03-02T04:52:00+00:00,0.7503108069335306,mm/s,GOOD,SYNTHETIC_ML_DATASET,NORMAL,0
BRT,BRT_HUM_001,2026-03-02T04:53:00+00:00,62.43287787003341,%,GOOD,SYNTHETIC_ML_DATASET,NORMAL,0
BRT,BRT_POWER_001,2026-03-02T04:53:00+00:00,42.45203208724782,kW,GOOD,SYNTHETIC_ML_DATASET,NORMAL,0
BRT,BRT_PRESS_001,2026-03-02T04:53:00+00:00,985.2747743143743,hPa,GOOD,SYNTHETIC_ML_DATASET,NORMAL,0
BRT,BRT_TEMP_001,2026-03-02T04:53:00+00:00,-10.03954331125777,C,GOOD,SYNTHETIC_ML_DATASET,NORMAL,0
BRT,BRT_VIB_001,2026-03-02T04:53:00+00:00,0.7384276265244889,mm/s,GOOD,SYNTHETIC_ML_DATASET,NORMAL,0
BRT,BRT_HUM_001,2026-03-02T04:54:00+00:00,62.61300554606915,%,GOOD,SYNTHETIC_ML_DATASET,NORMAL,0
BRT,BRT_POWER_001,2026-03-02T04:54:00+00:00,42.53392732418789,kW,GOOD,SYNTHETIC_ML_DATASET,NORMAL,0
BRT,BRT_PRESS_001,2026-03-02T04:54:00+00:00,985.4878029903399,hPa,GOOD,SYNTHETIC_ML_DATASET,NORMAL,0
BRT,BRT_TEMP_001,2026-03-02T04:54:00+00:00,-9.946250706241726,C,GOOD,SYNTHETIC_ML_DATASET,NORMAL,0
BRT,BRT_VIB_001,2026-03-02T04:54:00+00:00,0.7579782167470502,mm/s,GOOD,SYNTHETIC_ML_DATASET,NORMAL,0
BRT,BRT_HUM_001,2026-03-02T04:55:00+00:00,61.970017557839014,%,GOOD,SYNTHETIC_ML_DATASET,NORMAL,0
BRT,BRT_POWER_001,2026-03-02T04:55:00+00:00,42.845340374449144,kW,GOOD,SYNTHETIC_ML_DATASET,NORMAL,0
BRT,BRT_PRESS_001,2026-03-02T04:55:00+00:00,985.4351618629006,hPa,GOOD,SYNTHETIC_ML_DATASET,NORMAL,0
BRT,BRT_TEMP_001,2026-03-02T04:55:00+00:00,-9.818761803220172,C,GOOD,SYNTHETIC_ML_DATASET,NORMAL,0
BRT,BRT_VIB_001,2026-03-02T04:55:00+00:00,0.7515959190229015,mm/s,GOOD,SYNTHETIC_ML_DATASET,NORMAL,0
BRT,BRT_HUM_001,2026-03-02T04:56:00+00:00,61.69589839102811,%,GOOD,SYNTHETIC_ML_DATASET,NORMAL,0
BRT,BRT_POWER_001,2026-03-02T04:56:00+00:00,43.47766402872929,kW,GOOD,SYNTHETIC_ML_DATASET,NORMAL,0
BRT,BRT_PRESS_001,2026-03-02T04:56:00+00:00,985.5075670016224,hPa,GOOD,SYNTHETIC_ML_DATASET,NORMAL,0
BRT,BRT_TEMP_001,2026-03-02T04:56:00+00:00,-9.860777139091956,C,GOOD,SYNTHETIC_ML_DATASET,NORMAL,0
BRT,BRT_VIB_001,2026-03-02T04:56:00+00:00,0.7813914860951389,mm/s,GOOD,SYNTHETIC_ML_DATASET,NORMAL,0
BRT,BRT_HUM_001,2026-03-02T04:57:00+00:00,62.24084688840389,%,GOOD,SYNTHETIC_ML_DATASET,NORMAL,0
BRT,BRT_POWER_001,2026-03-02T04:57:00+00:00,43.60258648123391,kW,GOOD,SYNTHETIC_ML_DATASET,NORMAL,0
BRT,BRT_PRESS_001,2026-03-02T04:57:00+00:00,985.7810502659647,hPa,GOOD,SYNTHETIC_ML_DATASET,NORMAL,0
BRT,BRT_TEMP_001,2026-03-02T04:57:00+00:00,-9.569211772292403,C,GOOD,SYNTHETIC_ML_DATASET,NORMAL,0
BRT,BRT_VIB_001,2026-03-02T04:57:00+00:00,0.7365225817154604,mm/s,GOOD,SYNTHETIC_ML_DATASET,NORMAL,0
BRT,BRT_HUM_001,2026-03-02T04:58:00+00:00,63.330893670957856,%,GOOD,SYNTHETIC_ML_DATASET,NORMAL,0
BRT,BRT_POWER_001,2026-03-02T04:58:00+00:00,43.52521487043823,kW,GOOD,SYNTHETIC_ML_DATASET,NORMAL,0
BRT,BRT_PRESS_001,2026-03-02T04:58:00+00:00,985.6772220602542,hPa,GOOD,SYNTHETIC_ML_DATASET,NORMAL,0
BRT,BRT_TEMP_001,2026-03-02T04:58:00+00:00,-9.783399072567057,C,GOOD,SYNTHETIC_ML_DATASET,NORMAL,0
BRT,BRT_VIB_001,2026-03-02T04:58:00+00:00,0.7492812487911118,mm/s,GOOD,SYNTHETIC_ML_DATASET,NORMAL,0
BRT,BRT_HUM_001,2026-03-02T04:59:00+00:00,63.67546737805778,%,GOOD,SYNTHETIC_ML_DATASET,NORMAL,0
BRT,BRT_POWER_001,2026-03-02T04:59:00+00:00,43.43017565009147,kW,GOOD,SYNTHETIC_ML_DATASET,NORMAL,0
BRT,BRT_PRESS_001,2026-03-02T04:59:00+00:00,985.7680599910404,hPa,GOOD,SYNTHETIC_ML_DATASET,NORMAL,0
BRT,BRT_TEMP_001,2026-03-02T04:59:00+00:00,-9.654209054695777,C,GOOD,SYNTHETIC_ML_DATASET,NORMAL,0
BRT,BRT_VIB_001,2026-03-02T04:59:00+00:00,0.7678977941633828,mm/s,GOOD,SYNTHETIC_ML_DATASET,NORMAL,0
BRT,BRT_HUM_001,2026-03-02T05:00:00+00:00,39.618849863579605,%,BAD,SYNTHETIC_ML_DATASET,SPIKE,1
BRT,BRT_POWER_001,2026-03-02T05:00:00+00:00,25.347579306730008,kW,BAD,SYNTHETIC_ML_DATASET,SPIKE,1
BRT,BRT_PRESS_001,2026-03-02T05:00:00+00:00,978.5554479016115,hPa,BAD,SYNTHETIC_ML_DATASET,SPIKE,1
BRT,BRT_TEMP_001,2026-03-02T05:00:00+00:00,-20.261739956928274,C,BAD,SYNTHETIC_ML_DATASET,SPIKE,1
BRT,BRT_VIB_001,2026-03-02T05:00:00+00:00,0.30082616160984454,mm/s,BAD,SYNTHETIC_ML_DATASET,SPIKE,1
BRT,BRT_HUM_001,2026-03-02T05:01:00+00:00,40.172933129622685,%,BAD,SYNTHETIC_ML_DATASET,SPIKE,1
BRT,BRT_POWER_001,2026-03-02T05:01:00+00:00,25.624288270906494,kW,BAD,SYNTHETIC_ML_DATASET,SPIKE,1
BRT,BRT_PRESS_001,2026-03-02T05:01:00+00:00,978.5343597514545,hPa,BAD,SYNTHETIC_ML_DATASET,SPIKE,1
BRT,BRT_TEMP_001,2026-03-02T05:01:00+00:00,-19.940126749639802,C,BAD,SYNTHETIC_ML_DATASET,SPIKE,1
BRT,BRT_VIB_001,2026-03-02T05:01:00+00:00,0.30209426158828623,mm/s,BAD,SYNTHETIC_ML_DATASET,SPIKE,1
BRT,BRT_HUM_001,2026-03-02T05:02:00+00:00,39.287357008309854,%,BAD,SYNTHETIC_ML_DATASET,SPIKE,1
BRT,BRT_POWER_001,2026-03-02T05:02:00+00:00,25.498279683832177,kW,BAD,SYNTHETIC_ML_DATASET,SPIKE,1
BRT,BRT_PRESS_001,2026-03-02T05:02:00+00:00,978.5202451289208,hPa,BAD,SYNTHETIC_ML_DATASET,SPIKE,1
BRT,BRT_TEMP_001,2026-03-02T05:02:00+00:00,-19.90493764302382,C,BAD,SYNTHETIC_ML_DATASET,SPIKE,1
BRT,BRT_VIB_001,2026-03-02T05:02:00+00:00,0.30430197562981964,mm/s,BAD,SYNTHETIC_ML_DATASET,SPIKE,1
BRT,BRT_HUM_001,2026-03-02T05:03:00+00:00,63.36816127507065,%,GOOD,SYNTHETIC_ML_DATASET,NORMAL,0
BRT,BRT_POWER_001,2026-03-02T05:03:00+00:00,26.15102682606204,kW,BAD,SYNTHETIC_ML_DATASET,SPIKE,1
BRT,BRT_PRESS_001,2026-03-02T05:03:00+00:00,978.3518726288132,hPa,BAD,SYNTHETIC_ML_DATASET,SPIKE,1
BRT,BRT_TEMP_001,2026-03-02T05:03:00+00:00,-9.148130155092483,C,GOOD,SYNTHETIC_ML_DATASET,NORMAL,0
BRT,BRT_VIB_001,2026-03-02T05:03:00+00:00,0.30159362368081555,mm/s,BAD,SYNTHETIC_ML_DATASET,SPIKE,1
BRT,BRT_HUM_001,2026-03-02T05:04:00+00:00,62.12562099846895,%,GOOD,SYNTHETIC_ML_DATASET,NORMAL,0
BRT,BRT_POWER_001,2026-03-02T05:04:00+00:00,25.601614695220892,kW,BAD,SYNTHETIC_ML_DATASET,SPIKE,1
BRT,BRT_PRESS_001,2026-03-02T05:04:00+00:00,985.9131658302625,hPa,GOOD,SYNTHETIC_ML_DATASET,NORMAL,0
BRT,BRT_TEMP_001,2026-03-02T05:04:00+00:00,-8.768616414449571,C,GOOD,SYNTHETIC_ML_DATASET,NORMAL,0
BRT,BRT_VIB_001,2026-03-02T05:04:00+00:00,0.80603543872049,mm/s,GOOD,SYNTHETIC_ML_DATASET,NORMAL,0
BRT,BRT_HUM_001,2026-03-02T05:05:00+00:00,63.30571424784416,%,GOOD,SYNTHETIC_ML_DATASET,NORMAL,0
BRT,BRT_POWER_001,2026-03-02T05:05:00+00:00,44.089815497868344,kW,GOOD,SYNTHETIC_ML_DATASET,NORMAL,0
BRT,BRT_PRESS_001,2026-03-02T05:05:00+00:00,986.2309618541926,hPa,GOOD,SYNTHETIC_ML_DATASET,NORMAL,0
BRT,BRT_TEMP_001,2026-03-02T05:05:00+00:00,-9.089205996880732,C,GOOD,SYNTHETIC_ML_DATASET,NORMAL,0
BRT,BRT_VIB_001,2026-03-02T05:05:00+00:00,0.7862921106186158,mm/s,GOOD,SYNTHETIC_ML_DATASET,NORMAL,0
BRT,BRT_HUM_001,2026-03-02T05:06:00+00:00,61.93523333064824,%,GOOD,SYNTHETIC_ML_DATASET,NORMAL,0
BRT,BRT_POWER_001,2026-03-02T05:06:00+00:00,43.925026019260386,kW,GOOD,SYNTHETIC_ML_DATASET,NORMAL,0
BRT,BRT_PRESS_001,2026-03-02T05:06:00+00:00,986.2345267870567,hPa,GOOD,SYNTHETIC_ML_DATASET,NORMAL,0
BRT,BRT_TEMP_001,2026-03-02T05:06:00+00:00,-9.192943652114575,C,GOOD,SYNTHETIC_ML_DATASET,NORMAL,0
BRT,BRT_VIB_001,2026-03-02T05:06:00+00:00,0.8055231836651942,mm/s,GOOD,SYNTHETIC_ML_DATASET,NORMAL,0
BRT,BRT_HUM_001,2026-03-02T05:07:00+00:00,62.728687159409844,%,GOOD,SYNTHETIC_ML_DATASET,NORMAL,0
BRT,BRT_POWER_001,2026-03-02T05:07:00+00:00,43.981627915632345,kW,GOOD,SYNTHETIC_ML_DATASET,NORMAL,0
BRT,BRT_PRESS_001,2026-03-02T05:07:00+00:00,986.2920418310557,hPa,GOOD,SYNTHETIC_ML_DATASET,NORMAL,0
BRT,BRT_TEMP_001,2026-03-02T05:07:00+00:00,-8.80594941174988,C,GOOD,SYNTHETIC_ML_DATASET,NORMAL,0
BRT,BRT_VIB_001,2026-03-02T05:07:00+00:00,0.810620471994183,mm/s,GOOD,SYNTHETIC_ML_DATASET,NORMAL,0
BRT,BRT_HUM_001,2026-03-02T05:08:00+00:00,62.147340314416965,%,GOOD,SYNTHETIC_ML_DATASET,NORMAL,0
BRT,BRT_POWER_001,2026-03-02T05:08:00+00:00,44.12636655474613,kW,GOOD,SYNTHETIC_ML_DATASET,NORMAL,0
BRT,BRT_PRESS_001,2026-03-02T05:08:00+00:00,986.3997977724816,hPa,GOOD,SYNTHETIC_ML_DATASET,NORMAL,0
BRT,BRT_TEMP_001,2026-03-02T05:08:00+00:00,-8.937787280843748,C,GOOD,SYNTHETIC_ML_DATASET,NORMAL,0
BRT,BRT_VIB_001,2026-03-02T05:08:00+00:00,0.8146884856216233,mm/s,GOOD,SYNTHETIC_ML_DATASET,NORMAL,0
BRT,BRT_HUM_001,2026-03-02T05:09:00+00:00,61.85775884898948,%,GOOD,SYNTHETIC_ML_DATASET,NORMAL,0
BRT,BRT_POWER_001,2026-03-02T05:09:00+00:00,44.3142146777878,kW,GOOD,SYNTHETIC_ML_DATASET,NORMAL,0
BRT,BRT_PRESS_001,2026-03-02T05:09:00+00:00,986.3116040606957,hPa,GOOD,SYNTHETIC_ML_DATASET,NORMAL,0
BRT,BRT_TEMP_001,2026-03-02T05:09:00+00:00,-8.55551278717454,C,GOOD,SYNTHETIC_ML_DATASET,NORMAL,0
BRT,BRT_VIB_001,2026-03-02T05:09:00+00:00,0.816858493089778,mm/s,GOOD,SYNTHETIC_ML_DATASET,NORMAL,0
BRT,BRT_HUM_001,2026-03-02T05:10:00+00:00,63.54641766083279,%,GOOD,SYNTHETIC_ML_DATASET,NORMAL,0
BRT,BRT_POWER_001,2026-03-02T05:10:00+00:00,45.04249576558528,kW,GOOD,SYNTHETIC_ML_DATASET,NORMAL,0
BRT,BRT_PRESS_001,2026-03-02T05:10:00+00:00,986.180681726299,hPa,GOOD,SYNTHETIC_ML_DATASET,NORMAL,0
BRT,BRT_TEMP_001,2026-03-02T05:10:00+00:00,-8.714002009570404,C,GOOD,SYNTHETIC_ML_DATASET,NORMAL,0
BRT,BRT_VIB_001,2026-03-02T05:10:00+00:00,0.8308702168512705,mm/s,GOOD,SYNTHETIC_ML_DATASET,NORMAL,0
BRT,BRT_HUM_001,2026-03-02T05:11:00+00:00,63.20564957791113,%,GOOD,SYNTHETIC_ML_DATASET,NORMAL,0
BRT,BRT_POWER_001,2026-03-02T05:11:00+00:00,44.37631255008056,kW,GOOD,SYNTHETIC_ML_DATASET,NORMAL,0
BRT,BRT_PRESS_001,2026-03-02T05:11:00+00:00,986.3914201944118,hPa,GOOD,SYNTHETIC_ML_DATASET,NORMAL,0
BRT,BRT_TEMP_001,2026-03-02T05:11:00+00:00,-8.726343406447882,C,GOOD,SYNTHETIC_ML_DATASET,NORMAL,0
BRT,BRT_VIB_001,2026-03-02T05:11:00+00:00,0.8225848622489582,mm/s,GOOD,SYNTHETIC_ML_DATASET,NORMAL,0
BRT,BRT_HUM_001,2026-03-02T05:12:00+00:00,62.990116790829084,%,GOOD,SYNTHETIC_ML_DATASET,NORMAL,0
BRT,BRT_POWER_001,2026-03-02T05:12:00+00:00,44.202208679235525,kW,GOOD,SYNTHETIC_ML_DATASET,NORMAL,0
BRT,BRT_PRESS_001,2026-03-02T05:12:00+00:00,986.388048823536,hPa,GOOD,SYNTHETIC_ML_DATASET,NORMAL,0
BRT,BRT_TEMP_001,2026-03-02T05:12:00+00:00,-8.656461344895954,C,GOOD,SYNTHETIC_ML_DATASET,NORMAL,0
BRT,BRT_VIB_001,2026-03-02T05:12:00+00:00,0.8437408715323776,mm/s,GOOD,SYNTHETIC_ML_DATASET,NORMAL,0
BRT,BRT_HUM_001,2026-03-02T05:13:00+00:00,62.4080494411605,%,GOOD,SYNTHETIC_ML_DATASET,NORMAL,0
BRT,BRT_POWER_001,2026-03-02T05:13:00+00:00,44.07006585532285,kW,GOOD,SYNTHETIC_ML_DATASET,NORMAL,0
BRT,BRT_PRESS_001,2026-03-02T05:13:00+00:00,986.4839710411973,hPa,GOOD,SYNTHETIC_ML_DATASET,NORMAL,0
BRT,BRT_TEMP_001,2026-03-02T05:13:00+00:00,-8.526100240774818,C,GOOD,SYNTHETIC_ML_DATASET,NORMAL,0
BRT,BRT_VIB_001,2026-03-02T05:13:00+00:00,0.8331543109617802,mm/s,GOOD,SYNTHETIC_ML_DATASET,NORMAL,0
BRT,BRT_HUM_001,2026-03-02T05:14:00+00:00,62.57440768782354,%,GOOD,SYNTHETIC_ML_DATASET,NORMAL,0
BRT,BRT_POWER_001,2026-03-02T05:14:00+00:00,43.492153187022666,kW,GOOD,SYNTHETIC_ML_DATASET,NORMAL,0
BRT,BRT_PRESS_001,2026-03-02T05:14:00+00:00,986.3209540205195,hPa,GOOD,SYNTHETIC_ML_DATASET,NORMAL,0
BRT,BRT_TEMP_001,2026-03-02T05:14:00+00:00,-8.440668345074862,C,GOOD,SYNTHETIC_ML_DATASET,NORMAL,0
BRT,BRT_VIB_001,2026-03-02T05:14:00+00:00,0.8169924548272363,mm/s,GOOD,SYNTHETIC_ML_DATASET,NORMAL,0
BRT,BRT_HUM_001,2026-03-02T05:15:00+00:00,63.15803248202196,%,GOOD,SYNTHETIC_ML_DATASET,NORMAL,0
BRT,BRT_POWER_001,2026-03-02T05:15:00+00:00,43.82408506407851,kW,GOOD,SYNTHETIC_ML_DATASET,NORMAL,0
BRT,BRT_PRESS_001,2026-03-02T05:15:00+00:00,986.5217477596221,hPa,GOOD,SYNTHETIC_ML_DATASET,NORMAL,0
BRT,BRT_TEMP_001,2026-03-02T05:15:00+00:00,-8.331228721956222,C,GOOD,SYNTHETIC_ML_DATASET,NORMAL,0
BRT,BRT_VIB_001,2026-03-02T05:15:00+00:00,0.8302762009570095,mm/s,GOOD,SYNTHETIC_ML_DATASET,NORMAL,0
BRT,BRT_HUM_001,2026-03-02T05:16:00+00:00,63.7461033429106,%,GOOD,SYNTHETIC_ML_DATASET,NORMAL,0
BRT,BRT_POWER_001,2026-03-02T05:16:00+00:00,44.288865449527286,kW,GOOD,SYNTHETIC_ML_DATASET,NORMAL,0
BRT,BRT_PRESS_001,2026-03-02T05:16:00+00:00,986.4513845572391,hPa,GOOD,SYNTHETIC_ML_DATASET,NORMAL,0
BRT,BRT_TEMP_001,2026-03-02T05:16:00+00:00,-8.065570864076346,C,GOOD,SYNTHETIC_ML_DATASET,NORMAL,0
BRT,BRT_VIB_001,2026-03-02T05:16:00+00:00,0.8223799343114564,mm/s,GOOD,SYNTHETIC_ML_DATASET,NORMAL,0
BRT,BRT_HUM_001,2026-03-02T05:17:00+00:00,63.092426487890414,%,GOOD,SYNTHETIC_ML_DATASET,NORMAL,0
BRT,BRT_POWER_001,2026-03-02T05:17:00+00:00,44.85073147912553,kW,GOOD,SYNTHETIC_ML_DATASET,NORMAL,0
BRT,BRT_PRESS_001,2026-03-02T05:17:00+00:00,986.5926562185205,hPa,GOOD,SYNTHETIC_ML_DATASET,NORMAL,0
BRT,BRT_TEMP_001,2026-03-02T05:17:00+00:00,-7.901140041726202,C,GOOD,SYNTHETIC_ML_DATASET,NORMAL,0
BRT,BRT_VIB_001,2026-03-02T05:17:00+00:00,0.8684558752360919,mm/s,GOOD,SYNTHETIC_ML_DATASET,NORMAL,0
BRT,BRT_HUM_001,2026-03-02T05:18:00+00:00,63.984216905042025,%,GOOD,SYNTHETIC_ML_DATASET,NORMAL,0
BRT,BRT_POWER_001,2026-03-02T05:18:00+00:00,45.31533814396998,kW,GOOD,SYNTHETIC_ML_DATASET,NORMAL,0
BRT,BRT_PRESS_001,2026-03-02T05:18:00+00:00,986.5818004521192,hPa,GOOD,SYNTHETIC_ML_DATASET,NORMAL,0
BRT,BRT_TEMP_001,2026-03-02T05:18:00+00:00,-7.769519133043449,C,GOOD,SYNTHETIC_ML_DATASET,NORMAL,0
BRT,BRT_VIB_001,2026-03-02T05:18:00+00:00,0.8215215276176142,mm/s,GOOD,SYNTHETIC_ML_DATASET,NORMAL,0
BRT,BRT_HUM_001,2026-03-02T05:19:00+00:00,64.17720771420056,%,GOOD,SYNTHETIC_ML_DATASET,NORMAL,0
BRT,BRT_POWER_001,2026-03-02T05:19:00+00:00,45.225602745139675,kW,GOOD,SYNTHETIC_ML_DATASET,NORMAL,0
BRT,BRT_PRESS_001,2026-03-02T05:19:00+00:00,986.6046806923238,hPa,GOOD,SYNTHETIC_ML_DATASET,NORMAL,0
BRT,BRT_TEMP_001,2026-03-02T05:19:00+00:00,-7.935056460245479,C,GOOD,SYNTHETIC_ML_DATASET,NORMAL,0
BRT,BRT_VIB_001,2026-03-02T05:19:00+00:00,0.821326599491238,mm/s,GOOD,SYNTHETIC_ML_DATASET,NORMAL,0
BRT,BRT_HUM_001,2026-03-02T05:20:00+00:00,64.53910086206625,%,GOOD,SYNTHETIC_ML_DATASET,NORMAL,0
BRT,BRT_POWER_001,2026-03-02T05:20:00+00:00,45.576389333890305,kW,GOOD,SYNTHETIC_ML_DATASET,NORMAL,0
BRT,BRT_PRESS_001,2026-03-02T05:20:00+00:00,986.6034624888143,hPa,GOOD,SYNTHETIC_ML_DATASET,NORMAL,0
BRT,BRT_TEMP_001,2026-03-02T05:20:00+00:00,-7.848329852661981,C,GOOD,SYNTHETIC_ML_DATASET,NORMAL,0
BRT,BRT_VIB_001,2026-03-02T05:20:00+00:00,0.8372547602514753,mm/s,GOOD,SYNTHETIC_ML_DATASET,NORMAL,0
BRT,BRT_HUM_001,2026-03-02T05:21:00+00:00,64.50326866701914,%,GOOD,SYNTHETIC_ML_DATASET,NORMAL,0
BRT,BRT_POWER_001,2026-03-02T05:21:00+00:00,45.67227572899837,kW,GOOD,SYNTHETIC_ML_DATASET,NORMAL,0
BRT,BRT_PRESS_001,2026-03-02T05:21:00+00:00,986.7664630492493,hPa,GOOD,SYNTHETIC_ML_DATASET,NORMAL,0
BRT,BRT_TEMP_001,2026-03-02T05:21:00+00:00,-7.734277459321167,C,GOOD,SYNTHETIC_ML_DATASET,NORMAL,0
BRT,BRT_VIB_001,2026-03-02T05:21:00+00:00,0.8435929959071156,mm/s,GOOD,SYNTHETIC_ML_DATASET,NORMAL,0
BRT,BRT_HUM_001,2026-03-02T05:22:00+00:00,65.01679894529657,%,GOOD,SYNTHETIC_ML_DATASET,NORMAL,0
BRT,BRT_POWER_001,2026-03-02T05:22:00+00:00,45.26625764005188,kW,GOOD,SYNTHETIC_ML_DATASET,NORMAL,0
BRT,BRT_PRESS_001,2026-03-02T05:22:00+00:00,986.8134742525964,hPa,GOOD,SYNTHETIC_ML_DATASET,NORMAL,0
BRT,BRT_TEMP_001,2026-03-02T05:22:00+00:00,-7.778274260011538,C,GOOD,SYNTHETIC_ML_DATASET,NORMAL,0
BRT,BRT_VIB_001,2026-03-02T05:22:00+00:00,0.8072629321249093,mm/s,GOOD,SYNTHETIC_ML_DATASET,NORMAL,0
BRT,BRT_HUM_001,2026-03-02T05:23:00+00:00,65.10732105055469,%,GOOD,SYNTHETIC_ML_DATASET,NORMAL,0
BRT,BRT_POWER_001,2026-03-02T05:23:00+00:00,45.10717274110304,kW,GOOD,SYNTHETIC_ML_DATASET,NORMAL,0
BRT,BRT_PRESS_001,2026-03-02T05:23:00+00:00,986.8827199749664,hPa,GOOD,SYNTHETIC_ML_DATASET,NORMAL,0
BRT,BRT_TEMP_001,2026-03-02T05:23:00+00:00,-7.782676649248908,C,GOOD,SYNTHETIC_ML_DATASET,NORMAL,0
BRT,BRT_VIB_001,2026-03-02T05:23:00+00:00,0.8329882195223408,mm/s,GOOD,SYNTHETIC_ML_DATASET,NORMAL,0
BRT,BRT_HUM_001,2026-03-02T05:24:00+00:00,64.7925041097618,%,GOOD,SYNTHETIC_ML_DATASET,NORMAL,0
BRT,BRT_POWER_001,2026-03-02T05:24:00+00:00,44.94954219143276,kW,GOOD,SYNTHETIC_ML_DATASET,NORMAL,0
BRT,BRT_PRESS_001,2026-03-02T05:24:00+00:00,986.8766948323106,hPa,GOOD,SYNTHETIC_ML_DATASET,NORMAL,0
BRT,BRT_TEMP_001,2026-03-02T05:24:00+00:00,-7.882199774607339,C,GOOD,SYNTHETIC_ML_DATASET,NORMAL,0
BRT,BRT_VIB_001,2026-03-02T05:24:00+00:00,0.854537251065222,mm/s,GOOD,SYNTHETIC_ML_DATASET,NORMAL,0
BRT,BRT_HUM_001,2026-03-02T05:25:00+00:00,65.01917017610077,%,GOOD,SYNTHETIC_ML_DATASET,NORMAL,0
BRT,BRT_POWER_001,2026-03-02T05:25:00+00:00,45.289397883634194,kW,GOOD,SYNTHETIC_ML_DATASET,NORMAL,0
BRT,BRT_PRESS_001,2026-03-02T05:25:00+00:00,986.8116557823947,hPa,GOOD,SYNTHETIC_ML_DATASET,NORMAL,0
BRT,BRT_TEMP_001,2026-03-02T05:25:00+00:00,-7.695150146081798,C,GOOD,SYNTHETIC_ML_DATASET,NORMAL,0
BRT,BRT_VIB_001,2026-03-02T05:25:00+00:00,0.8231858314761292,mm/s,GOOD,SYNTHETIC_ML_DATASET,NORMAL,0
BRT,BRT_HUM_001,2026-03-02T05:26:00+00:00,65.12019888137472,%,GOOD,SYNTHETIC_ML_DATASET,NORMAL,0
BRT,BRT_POWER_001,2026-03-02T05:26:00+00:00,45.93877092942339,kW,GOOD,SYNTHETIC_ML_DATASET,NORMAL,0
BRT,BRT_PRESS_001,2026-03-02T05:26:00+00:00,987.0043485852653,hPa,GOOD,SYNTHETIC_ML_DATASET,NORMAL,0
BRT,BRT_TEMP_001,2026-03-02T05:26:00+00:00,-7.765346960995012,C,GOOD,SYNTHETIC_ML_DATASET,NORMAL,0
BRT,BRT_VIB_001,2026-03-02T05:26:00+00:00,0.8484286993453233,mm/s,GOOD,SYNTHETIC_ML_DATASET,NORMAL,0
BRT,BRT_HUM_001,2026-03-02T05:27:00+00:00,65.62600368774456,%,GOOD,SYNTHETIC_ML_DATASET,NORMAL,0
BRT,BRT_POWER_001,2026-03-02T05:27:00+00:00,45.71045969222048,kW,GOOD,SYNTHETIC_ML_DATASET,NORMAL,0
BRT,BRT_PRESS_001,2026-03-02T05:27:00+00:00,987.1295647550297,hPa,GOOD,SYNTHETIC_ML_DATASET,NORMAL,0
BRT,BRT_TEMP_001,2026-03-02T05:27:00+00:00,-7.6635951534811,C,GOOD,SYNTHETIC_ML_DATASET,NORMAL,0
BRT,BRT_VIB_001,2026-03-02T05:27:00+00:00,0.8290504922561894,mm/s,GOOD,SYNTHETIC_ML_DATASET,NORMAL,0
BRT,BRT_HUM_001,2026-03-02T05:28:00+00:00,66.05170168453908,%,GOOD,SYNTHETIC_ML_DATASET,NORMAL,0
BRT,BRT_POWER_001,2026-03-02T05:28:00+00:00,46.11483239313568,kW,GOOD,SYNTHETIC_ML_DATASET,NORMAL,0
BRT,BRT_PRESS_001,2026-03-02T05:28:00+00:00,986.9792252865752,hPa,GOOD,SYNTHETIC_ML_DATASET,NORMAL,0
BRT,BRT_TEMP_001,2026-03-02T05:28:00+00:00,-7.632207998376929,C,GOOD,SYNTHETIC_ML_DATASET,NORMAL,0
BRT,BRT_VIB_001,2026-03-02T05:28:00+00:00,0.8216259983274931,mm/s,GOOD,SYNTHETIC_ML_DATASET,NORMAL,0
BRT,BRT_HUM_001,2026-03-02T05:29:00+00:00,65.71960333425356,%,GOOD,SYNTHETIC_ML_DATASET,NORMAL,0
BRT,BRT_POWER_001,2026-03-02T05:29:00+00:00,45.374510373113836,kW,GOOD,SYNTHETIC_ML_DATASET,NORMAL,0
BRT,BRT_PRESS_001,2026-03-02T05:29:00+00:00,987.056289754265,hPa,GOOD,SYNTHETIC_ML_DATASET,NORMAL,0
BRT,BRT_TEMP_001,2026-03-02T05:29:00+00:00,-7.318641610159045,C,GOOD,SYNTHETIC_ML_DATASET,NORMAL,0
BRT,BRT_VIB_001,2026-03-02T05:29:00+00:00,0.8295409395406534,mm/s,GOOD,SYNTHETIC_ML_DATASET,NORMAL,0
BRT,BRT_HUM_001,2026-03-02T05:30:00+00:00,65.38859791112587,%,GOOD,SYNTHETIC_ML_DATASET,NORMAL,0
BRT,BRT_POWER_001,2026-03-02T05:30:00+00:00,45.55274433686176,kW,GOOD,SYNTHETIC_ML_DATASET,NORMAL,0
BRT,BRT_PRESS_001,2026-03-02T05:30:00+00:00,986.9900941536662,hPa,GOOD,SYNTHETIC_ML_DATASET,NORMAL,0
BRT,BRT_TEMP_001,2026-03-02T05:30:00+00:00,-7.432370588260487,C,GOOD,SYNTHETIC_ML_DATASET,NORMAL,0
BRT,BRT_VIB_001,2026-03-02T05:30:00+00:00,0.8310634420064834,mm/s,GOOD,SYNTHETIC_ML_DATASET,NORMAL,0
BRT,BRT_HUM_001,2026-03-02T05:31:00+00:00,65.45108686129039,%,GOOD,SYNTHETIC_ML_DATASET,NORMAL,0
BRT,BRT_POWER_001,2026-03-02T05:31:00+00:00,46.49648745255519,kW,GOOD,SYNTHETIC_ML_DATASET,NORMAL,0
BRT,BRT_PRESS_001,2026-03-02T05:31:00+00:00,987.0249550224136,hPa,GOOD,SYNTHETIC_ML_DATASET,NORMAL,0
BRT,BRT_TEMP_001,2026-03-02T05:31:00+00:00,-7.4666224502065415,C,GOOD,SYNTHETIC_ML_DATASET,NORMAL,0
BRT,BRT_VIB_001,2026-03-02T05:31:00+00:00,0.8202982051733765,mm/s,GOOD,SYNTHETIC_ML_DATASET,NORMAL,0
BRT,BRT_HUM_001,2026-03-02T05:32:00+00:00,66.06078230830599,%,GOOD,SYNTHETIC_ML_DATASET,NORMAL,0
BRT,BRT_POWER_001,2026-03-02T05:32:00+00:00,46.47886709860068,kW,GOOD,SYNTHETIC_ML_DATASET,NORMAL,0
BRT,BRT_PRESS_001,2026-03-02T05:32:00+00:00,987.1506136268263,hPa,GOOD,SYNTHETIC_ML_DATASET,NORMAL,0
BRT,BRT_TEMP_001,2026-03-02T05:32:00+00:00,-7.350836588782944,C,GOOD,SYNTHETIC_ML_DATASET,NORMAL,0
BRT,BRT_VIB_001,2026-03-02T05:32:00+00:00,0.8071686968644121,mm/s,GOOD,SYNTHETIC_ML_DATASET,NORMAL,0
BRT,BRT_HUM_001,2026-03-02T05:33:00+00:00,66.1231965745713,%,GOOD,SYNTHETIC_ML_DATASET,NORMAL,0
BRT,BRT_POWER_001,2026-03-02T05:33:00+00:00,46.44409161991392,kW,GOOD,SYNTHETIC_ML_DATASET,NORMAL,0
BRT,BRT_PRESS_001,2026-03-02T05:33:00+00:00,987.3580991131121,hPa,GOOD,SYNTHETIC_ML_DATASET,NORMAL,0
BRT,BRT_TEMP_001,2026-03-02T05:33:00+00:00,-7.1216053221424165,C,GOOD,SYNTHETIC_ML_DATASET,NORMAL,0
BRT,BRT_VIB_001,2026-03-02T05:33:00+00:00,0.8324331364385458,mm/s,GOOD,SYNTHETIC_ML_DATASET,NORMAL,0
BRT,BRT_HUM_001,2026-03-02T05:34:00+00:00,65.95524223761988,%,GOOD,SYNTHETIC_ML_DATASET,NORMAL,0
BRT,BRT_POWER_001,2026-03-02T05:34:00+00:00,46.639053523197475,kW,GOOD,SYNTHETIC_ML_DATASET,NORMAL,0
BRT,BRT_PRESS_001,2026-03-02T05:34:00+00:00,987.3598744088732,hPa,GOOD,SYNTHETIC_ML_DATASET,NORMAL,0
BRT,BRT_TEMP_001,2026-03-02T05:34:00+00:00,-6.913395105639754,C,GOOD,SYNTHETIC_ML_DATASET,NORMAL,0
BRT,BRT_VIB_001,2026-03-02T05:34:00+00:00,0.8375629049187874,mm/s,GOOD,SYNTHETIC_ML_DATASET,NORMAL,0
BRT,BRT_HUM_001,2026-03-02T05:35:00+00:00,66.22646410206349,%,GOOD,SYNTHETIC_ML_DATASET,NORMAL,0
BRT,BRT_POWER_001,2026-03-02T05:35:00+00:00,47.45065195086114,kW,GOOD,SYNTHETIC_ML_DATASET,NORMAL,0
BRT,BRT_PRESS_001,2026-03-02T05:35:00+00:00,987.4884764009277,hPa,GOOD,SYNTHETIC_ML_DATASET,NORMAL,0
BRT,BRT_TEMP_001,2026-03-02T05:35:00+00:00,-7.059085090049537,C,GOOD,SYNTHETIC_ML_DATASET,NORMAL,0
BRT,BRT_VIB_001,2026-03-02T05:35:00+00:00,0.8314798669108323,mm/s,GOOD,SYNTHETIC_ML_DATASET,NORMAL,0
BRT,BRT_HUM_001,2026-03-02T05:36:00+00:00,66.26520162349475,%,GOOD,SYNTHETIC_ML_DATASET,NORMAL,0
BRT,BRT_POWER_001,2026-03-02T05:36:00+00:00,47.458589785507755,kW,GOOD,SYNTHETIC_ML_DATASET,NORMAL,0
BRT,BRT_PRESS_001,2026-03-02T05:36:00+00:00,987.4606039985605,hPa,GOOD,SYNTHETIC_ML_DATASET,NORMAL,0
BRT,BRT_TEMP_001,2026-03-02T05:36:00+00:00,-7.145562794647895,C,GOOD,SYNTHETIC_ML_DATASET,NORMAL,0
BRT,BRT_VIB_001,2026-03-02T05:36:00+00:00,0.8567365073446416,mm/s,GOOD,SYNTHETIC_ML_DATASET,NORMAL,0
BRT,BRT_HUM_001,2026-03-02T05:37:00+00:00,65.38168070630238,%,GOOD,SYNTHETIC_ML_DATASET,NORMAL,0
BRT,BRT_POWER_001,2026-03-02T05:37:00+00:00,47.153851655177796,kW,GOOD,SYNTHETIC_ML_DATASET,NORMAL,0
BRT,BRT_PRESS_001,2026-03-02T05:37:00+00:00,987.6082752563409,hPa,GOOD,SYNTHETIC_ML_DATASET,NORMAL,0
BRT,BRT_TEMP_001,2026-03-02T05:37:00+00:00,-6.940835237951489,C,GOOD,SYNTHETIC_ML_DATASET,NORMAL,0
BRT,BRT_VIB_001,2026-03-02T05:37:00+00:00,0.8569125811466154,mm/s,GOOD,SYNTHETIC_ML_DATASET,NORMAL,0
BRT,BRT_HUM_001,2026-03-02T05:38:00+00:00,65.62221509009882,%,GOOD,SYNTHETIC_ML_DATASET,NORMAL,0
BRT,BRT_POWER_001,2026-03-02T05:38:00+00:00,47.6936090433673,kW,GOOD,SYNTHETIC_ML_DATASET,NORMAL,0
BRT,BRT_PRESS_001,2026-03-02T05:38:00+00:00,987.5183991574545,hPa,GOOD,SYNTHETIC_ML_DATASET,NORMAL,0
BRT,BRT_TEMP_001,2026-03-02T05:38:00+00:00,-7.062769627617165,C,GOOD,SYNTHETIC_ML_DATASET,NORMAL,0
BRT,BRT_VIB_001,2026-03-02T05:38:00+00:00,0.8525690094715337,mm/s,GOOD,SYNTHETIC_ML_DATASET,NORMAL,0
BRT,BRT_HUM_001,2026-03-02T05:39:00+00:00,66.35441034955075,%,GOOD,SYNTHETIC_ML_DATASET,NORMAL,0
BRT,BRT_POWER_001,2026-03-02T05:39:00+00:00,47.56926345901335,kW,GOOD,SYNTHETIC_ML_DATASET,NORMAL,0
BRT,BRT_PRESS_001,2026-03-02T05:39:00+00:00,987.7391067703919,hPa,GOOD,SYNTHETIC_ML_DATASET,NORMAL,0
BRT,BRT_TEMP_001,2026-03-02T05:39:00+00:00,-7.073807547761276,C,GOOD,SYNTHETIC_ML_DATASET,NORMAL,0
BRT,BRT_VIB_001,2026-03-02T05:39:00+00:00,0.8461470532390366,mm/s,GOOD,SYNTHETIC_ML_DATASET,NORMAL,0
BRT,BRT_HUM_001,2026-03-02T05:40:00+00:00,66.17389966051299,%,GOOD,SYNTHETIC_ML_DATASET,NORMAL,0
BRT,BRT_POWER_001,2026-03-02T05:40:00+00:00,47.747477579757884,kW,GOOD,SYNTHETIC_ML_DATASET,NORMAL,0
BRT,BRT_PRESS_001,2026-03-02T05:40:00+00:00,987.6989672287134,hPa,GOOD,SYNTHETIC_ML_DATASET,NORMAL,0
BRT,BRT_TEMP_001,2026-03-02T05:40:00+00:00,-6.726849411281407,C,GOOD,SYNTHETIC_ML_DATASET,NORMAL,0
BRT,BRT_VIB_001,2026-03-02T05:40:00+00:00,0.8537408640065449,mm/s,GOOD,SYNTHETIC_ML_DATASET,NORMAL,0
BRT,BRT_HUM_001,2026-03-02T05:41:00+00:00,67.02998029204635,%,GOOD,SYNTHETIC_ML_DATASET,NORMAL,0
BRT,BRT_POWER_001,2026-03-02T05:41:00+00:00,47.87756166430635,kW,GOOD,SYNTHETIC_ML_DATASET,NORMAL,0
BRT,BRT_PRESS_001,2026-03-02T05:41:00+00:00,987.7111347648687,hPa,GOOD,SYNTHETIC_ML_DATASET,NORMAL,0
BRT,BRT_TEMP_001,2026-03-02T05:41:00+00:00,-6.923371352039576,C,GOOD,SYNTHETIC_ML_DATASET,NORMAL,0
BRT,BRT_VIB_001,2026-03-02T05:41:00+00:00,0.8497596907848187,mm/s,GOOD,SYNTHETIC_ML_DATASET,NORMAL,0
BRT,BRT_HUM_001,2026-03-02T05:42:00+00:00,66.67078622055752,%,GOOD,SYNTHETIC_ML_DATASET,NORMAL,0
BRT,BRT_POWER_001,2026-03-02T05:42:00+00:00,47.371540758280474,kW,GOOD,SYNTHETIC_ML_DATASET,NORMAL,0
BRT,BRT_PRESS_001,2026-03-02T05:42:00+00:00,987.6397270783126,hPa,GOOD,SYNTHETIC_ML_DATASET,NORMAL,0
BRT,BRT_TEMP_001,2026-03-02T05:42:00+00:00,-7.029735258001698,C,GOOD,SYNTHETIC_ML_DATASET,NORMAL,0
BRT,BRT_VIB_001,2026-03-02T05:42:00+00:00,0.8629940493680198,mm/s,GOOD,SYNTHETIC_ML_DATASET,NORMAL,0
BRT,BRT_HUM_001,2026-03-02T05:43:00+00:00,67.73711031671102,%,GOOD,SYNTHETIC_ML_DATASET,NORMAL,0
BRT,BRT_POWER_001,2026-03-02T05:43:00+00:00,47.25236565709819,kW,GOOD,SYNTHETIC_ML_DATASET,NORMAL,0
BRT,BRT_PRESS_001,2026-03-02T05:43:00+00:00,987.6763122857228,hPa,GOOD,SYNTHETIC_ML_DATASET,NORMAL,0
BRT,BRT_TEMP_001,2026-03-02T05:43:00+00:00,-6.844025975286951,C,GOOD,SYNTHETIC_ML_DATASET,NORMAL,0
BRT,BRT_VIB_001,2026-03-02T05:43:00+00:00,0.8661768904828195,mm/s,GOOD,SYNTHETIC_ML_DATASET,NORMAL,0
BRT,BRT_HUM_001,2026-03-02T05:44:00+00:00,67.46026959238023,%,GOOD,SYNTHETIC_ML_DATASET,NORMAL,0
BRT,BRT_POWER_001,2026-03-02T05:44:00+00:00,48.0218985749265,kW,GOOD,SYNTHETIC_ML_DATASET,NORMAL,0
BRT,BRT_PRESS_001,2026-03-02T05:44:00+00:00,987.8803975670227,hPa,GOOD,SYNTHETIC_ML_DATASET,NORMAL,0
BRT,BRT_TEMP_001,2026-03-02T05:44:00+00:00,-6.690618585857013,C,GOOD,SYNTHETIC_ML_DATASET,NORMAL,0
BRT,BRT_VIB_001,2026-03-02T05:44:00+00:00,0.8561950362798916,mm/s,GOOD,SYNTHETIC_ML_DATASET,NORMAL,0
BRT,BRT_HUM_001,2026-03-02T05:45:00+00:00,67.37856058043016,%,GOOD,SYNTHETIC_ML_DATASET,NORMAL,0
BRT,BRT_POWER_001,2026-03-02T05:45:00+00:00,46.85869357012752,kW,GOOD,SYNTHETIC_ML_DATASET,NORMAL,0
BRT,BRT_PRESS_001,2026-03-02T05:45:00+00:00,987.6031761008055,hPa,GOOD,SYNTHETIC_ML_DATASET,NORMAL,0
BRT,BRT_TEMP_001,2026-03-02T05:45:00+00:00,-6.862368924753732,C,GOOD,SYNTHETIC_ML_DATASET,NORMAL,0
BRT,BRT_VIB_001,2026-03-02T05:45:00+00:00,0.8745508424397725,mm/s,GOOD,SYNTHETIC_ML_DATASET,NORMAL,0
BRT,BRT_HUM_001,2026-03-02T05:46:00+00:00,67.05419602472253,%,GOOD,SYNTHETIC_ML_DATASET,NORMAL,0
BRT,BRT_POWER_001,2026-03-02T05:46:00+00:00,46.616949172494884,kW,GOOD,SYNTHETIC_ML_DATASET,NORMAL,0
BRT,BRT_PRESS_001,2026-03-02T05:46:00+00:00,987.7463583504964,hPa,GOOD,SYNTHETIC_ML_DATASET,NORMAL,0
BRT,BRT_TEMP_001,2026-03-02T05:46:00+00:00,-6.639206771351953,C,GOOD,SYNTHETIC_ML_DATASET,NORMAL,0
BRT,BRT_VIB_001,2026-03-02T05:46:00+00:00,0.8604217772955123,mm/s,GOOD,SYNTHETIC_ML_DATASET,NORMAL,0
BRT,BRT_HUM_001,2026-03-02T05:47:00+00:00,66.80656893047525,%,GOOD,SYNTHETIC_ML_DATASET,NORMAL,0
BRT,BRT_POWER_001,2026-03-02T05:47:00+00:00,46.722721554479364,kW,GOOD,SYNTHETIC_ML_DATASET,NORMAL,0
BRT,BRT_PRESS_001,2026-03-02T05:47:00+00:00,987.6965303465919,hPa,GOOD,SYNTHETIC_ML_DATASET,NORMAL,0
BRT,BRT_TEMP_001,2026-03-02T05:47:00+00:00,-6.729980403077608,C,GOOD,SYNTHETIC_ML_DATASET,NORMAL,0
BRT,BRT_VIB_001,2026-03-02T05:47:00+00:00,0.8798209249522911,mm/s,GOOD,SYNTHETIC_ML_DATASET,NORMAL,0
BRT,BRT_HUM_001,2026-03-02T05:48:00+00:00,67.2510509083588,%,GOOD,SYNTHETIC_ML_DATASET,NORMAL,0
BRT,BRT_POWER_001,2026-03-02T05:48:00+00:00,47.26165584660222,kW,GOOD,SYNTHETIC_ML_DATASET,NORMAL,0
BRT,BRT_PRESS_001,2026-03-02T05:48:00+00:00,987.8125261756095,hPa,GOOD,SYNTHETIC_ML_DATASET,NORMAL,0
BRT,BRT_TEMP_001,2026-03-02T05:48:00+00:00,-6.493881622739356,C,GOOD,SYNTHETIC_ML_DATASET,NORMAL,0
BRT,BRT_VIB_001,2026-03-02T05:48:00+00:00,0.8898222148794663,mm/s,GOOD,SYNTHETIC_ML_DATASET,NORMAL,0
BRT,BRT_HUM_001,2026-03-02T05:49:00+00:00,67.31620415549878,%,GOOD,SYNTHETIC_ML_DATASET,NORMAL,0
BRT,BRT_POWER_001,2026-03-02T05:49:00+00:00,48.25468140849926,kW,GOOD,SYNTHETIC_ML_DATASET,NORMAL,0
BRT,BRT_PRESS_001,2026-03-02T05:49:00+00:00,987.5975776187732,hPa,GOOD,SYNTHETIC_ML_DATASET,NORMAL,0
BRT,BRT_TEMP_001,2026-03-02T05:49:00+00:00,-6.615493937800766,C,GOOD,SYNTHETIC_ML_DATASET,NORMAL,0
BRT,BRT_VIB_001,2026-03-02T05:49:00+00:00,0.8708992443004823,mm/s,GOOD,SYNTHETIC_ML_DATASET,NORMAL,0
BRT,BRT_HUM_001,2026-03-02T05:50:00+00:00,66.99727454157342,%,GOOD,SYNTHETIC_ML_DATASET,NORMAL,0
BRT,BRT_POWER_001,2026-03-02T05:50:00+00:00,48.29340766217641,kW,GOOD,SYNTHETIC_ML_DATASET,NORMAL,0
BRT,BRT_PRESS_001,2026-03-02T05:50:00+00:00,987.7134497920969,hPa,GOOD,SYNTHETIC_ML_DATASET,NORMAL,0
BRT,BRT_TEMP_001,2026-03-02T05:50:00+00:00,-6.753649277309074,C,GOOD,SYNTHETIC_ML_DATASET,NORMAL,0
BRT,BRT_VIB_001,2026-03-02T05:50:00+00:00,0.8666969261339542,mm/s,GOOD,SYNTHETIC_ML_DATASET,NORMAL,0
BRT,BRT_HUM_001,2026-03-02T05:51:00+00:00,67.89999920191391,%,GOOD,SYNTHETIC_ML_DATASET,NORMAL,0
BRT,BRT_POWER_001,2026-03-02T05:51:00+00:00,48.09244609186883,kW,GOOD,SYNTHETIC_ML_DATASET,NORMAL,0
BRT,BRT_PRESS_001,2026-03-02T05:51:00+00:00,987.7190843440852,hPa,GOOD,SYNTHETIC_ML_DATASET,NORMAL,0
BRT,BRT_TEMP_001,2026-03-02T05:51:00+00:00,-6.519957646010187,C,GOOD,SYNTHETIC_ML_DATASET,NORMAL,0
BRT,BRT_VIB_001,2026-03-02T05:51:00+00:00,0.8656915878920924,mm/s,GOOD,SYNTHETIC_ML_DATASET,NORMAL,0
BRT,BRT_HUM_001,2026-03-02T05:52:00+00:00,67.85166887843978,%,GOOD,SYNTHETIC_ML_DATASET,NORMAL,0
BRT,BRT_POWER_001,2026-03-02T05:52:00+00:00,48.224149472063345,kW,GOOD,SYNTHETIC_ML_DATASET,NORMAL,0
BRT,BRT_PRESS_001,2026-03-02T05:52:00+00:00,987.700778445418,hPa,GOOD,SYNTHETIC_ML_DATASET,NORMAL,0
BRT,BRT_TEMP_001,2026-03-02T05:52:00+00:00,-6.6764297425600825,C,GOOD,SYNTHETIC_ML_DATASET,NORMAL,0
BRT,BRT_VIB_001,2026-03-02T05:52:00+00:00,0.8660519463296648,mm/s,GOOD,SYNTHETIC_ML_DATASET,NORMAL,0
BRT,BRT_HUM_001,2026-03-02T05:53:00+00:00,67.16248825670878,%,GOOD,SYNTHETIC_ML_DATASET,NORMAL,0
BRT,BRT_POWER_001,2026-03-02T05:53:00+00:00,48.22933733869276,kW,GOOD,SYNTHETIC_ML_DATASET,NORMAL,0
BRT,BRT_PRESS_001,2026-03-02T05:53:00+00:00,987.9134380732069,hPa,GOOD,SYNTHETIC_ML_DATASET,NORMAL,0
BRT,BRT_TEMP_001,2026-03-02T05:53:00+00:00,-6.572786463590736,C,GOOD,SYNTHETIC_ML_DATASET,NORMAL,0
BRT,BRT_VIB_001,2026-03-02T05:53:00+00:00,0.8990274754290559,mm/s,GOOD,SYNTHETIC_ML_DATASET,NORMAL,0
BRT,BRT_HUM_001,2026-03-02T05:54:00+00:00,66.79209644298493,%,GOOD,SYNTHETIC_ML_DATASET,NORMAL,0
BRT,BRT_POWER_001,2026-03-02T05:54:00+00:00,48.594804018630654,kW,GOOD,SYNTHETIC_ML_DATASET,NORMAL,0
BRT,BRT_PRESS_001,2026-03-02T05:54:00+00:00,987.8617407961736,hPa,GOOD,SYNTHETIC_ML_DATASET,NORMAL,0
BRT,BRT_TEMP_001,2026-03-02T05:54:00+00:00,-6.961032985909734,C,GOOD,SYNTHETIC_ML_DATASET,NORMAL,0
BRT,BRT_VIB_001,2026-03-02T05:54:00+00:00,0.8863412004401363,mm/s,GOOD,SYNTHETIC_ML_DATASET,NORMAL,0
BRT,BRT_HUM_001,2026-03-02T05:55:00+00:00,67.1476912430684,%,GOOD,SYNTHETIC_ML_DATASET,NORMAL,0
BRT,BRT_POWER_001,2026-03-02T05:55:00+00:00,48.65705066921072,kW,GOOD,SYNTHETIC_ML_DATASET,NORMAL,0
BRT,BRT_PRESS_001,2026-03-02T05:55:00+00:00,987.7619122022049,hPa,GOOD,SYNTHETIC_ML_DATASET,NORMAL,0
BRT,BRT_TEMP_001,2026-03-02T05:55:00+00:00,-6.831482504946164,C,GOOD,SYNTHETIC_ML_DATASET,NORMAL,0
BRT,BRT_VIB_001,2026-03-02T05:55:00+00:00,0.9180911844973378,mm/s,GOOD,SYNTHETIC_ML_DATASET,NORMAL,0
BRT,BRT_HUM_001,2026-03-02T05:56:00+00:00,67.29632989855209,%,GOOD,SYNTHETIC_ML_DATASET,NORMAL,0
BRT,BRT_POWER_001,2026-03-02T05:56:00+00:00,47.75798932758049,kW,GOOD,SYNTHETIC_ML_DATASET,NORMAL,0
BRT,BRT_PRESS_001,2026-03-02T05:56:00+00:00,987.8920557623969,hPa,GOOD,SYNTHETIC_ML_DATASET,NORMAL,0
BRT,BRT_TEMP_001,2026-03-02T05:56:00+00:00,-6.9963017891201345,C,GOOD,SYNTHETIC_ML_DATASET,NORMAL,0
BRT,BRT_VIB_001,2026-03-02T05:56:00+00:00,0.9326896516224791,mm/s,GOOD,SYNTHETIC_ML_DATASET,NORMAL,0
BRT,BRT_HUM_001,2026-03-02T05:57:00+00:00,67.21410261939634,%,GOOD,SYNTHETIC_ML_DATASET,NORMAL,0
BRT,BRT_POWER_001,2026-03-02T05:57:00+00:00,48.13623923419089,kW,GOOD,SYNTHETIC_ML_DATASET,NORMAL,0
BRT,BRT_PRESS_001,2026-03-02T05:57:00+00:00,987.6938574849229,hPa,GOOD,SYNTHETIC_ML_DATASET,NORMAL,0
BRT,BRT_TEMP_001,2026-03-02T05:57:00+00:00,-6.9254742799116435,C,GOOD,SYNTHETIC_ML_DATASET,NORMAL,0
BRT,BRT_VIB_001,2026-03-02T05:57:00+00:00,0.9077150619665108,mm/s,GOOD,SYNTHETIC_ML_DATASET,NORMAL,0
BRT,BRT_HUM_001,2026-03-02T05:58:00+00:00,67.24322902969348,%,GOOD,SYNTHETIC_ML_DATASET,NORMAL,0
BRT,BRT_POWER_001,2026-03-02T05:58:00+00:00,47.14132720999511,kW,GOOD,SYNTHETIC_ML_DATASET,NORMAL,0
BRT,BRT_PRESS_001,2026-03-02T05:58:00+00:00,987.6681739520699,hPa,GOOD,SYNTHETIC_ML_DATASET,NORMAL,0
BRT,BRT_TEMP_001,2026-03-02T05:58:00+00:00,-6.759800217065609,C,GOOD,SYNTHETIC_ML_DATASET,NORMAL,0
BRT,BRT_VIB_001,2026-03-02T05:58:00+00:00,0.9048039376993555,mm/s,GOOD,SYNTHETIC_ML_DATASET,NORMAL,0
BRT,BRT_HUM_001,2026-03-02T05:59:00+00:00,66.25127389798645,%,GOOD,SYNTHETIC_ML_DATASET,NORMAL,0
BRT,BRT_POWER_001,2026-03-02T05:59:00+00:00,48.33294530213623,kW,GOOD,SYNTHETIC_ML_DATASET,NORMAL,0
BRT,BRT_PRESS_001,2026-03-02T05:59:00+00:00,987.7192452921557,hPa,GOOD,SYNTHETIC_ML_DATASET,NORMAL,0
BRT,BRT_TEMP_001,2026-03-02T05:59:00+00:00,-6.874927999586754,C,GOOD,SYNTHETIC_ML_DATASET,NORMAL,0
BRT,BRT_VIB_001,2026-03-02T05:59:00+00:00,0.9086187954226074,mm/s,GOOD,SYNTHETIC_ML_DATASET,NORMAL,0
BRT,BRT_HUM_001,2026-03-02T06:00:00+00:00,67.10374316880656,%,BAD,SYNTHETIC_ML_DATASET,DRIFT,1
BRT,BRT_POWER_001,2026-03-02T06:00:00+00:00,47.8889224951933,kW,BAD,SYNTHETIC_ML_DATASET,DRIFT,1
BRT,BRT_PRESS_001,2026-03-02T06:00:00+00:00,987.558585751989,hPa,BAD,SYNTHETIC_ML_DATASET,DRIFT,1
BRT,BRT_TEMP_001,2026-03-02T06:00:00+00:00,-7.062637864451988,C,BAD,SYNTHETIC_ML_DATASET,DRIFT,1
BRT,BRT_VIB_001,2026-03-02T06:00:00+00:00,0.9056690797385156,mm/s,BAD,SYNTHETIC_ML_DATASET,DRIFT,1
BRT,BRT_HUM_001,2026-03-02T06:01:00+00:00,66.50069882429949,%,BAD,SYNTHETIC_ML_DATASET,DRIFT,1
BRT,BRT_POWER_001,2026-03-02T06:01:00+00:00,47.501013345545374,kW,BAD,SYNTHETIC_ML_DATASET,DRIFT,1
BRT,BRT_PRESS_001,2026-03-02T06:01:00+00:00,987.4823940340546,hPa,BAD,SYNTHETIC_ML_DATASET,DRIFT,1
BRT,BRT_TEMP_001,2026-03-02T06:01:00+00:00,-7.224429867511272,C,BAD,SYNTHETIC_ML_DATASET,DRIFT,1
BRT,BRT_VIB_001,2026-03-02T06:01:00+00:00,0.8841685342598355,mm/s,BAD,SYNTHETIC_ML_DATASET,DRIFT,1
BRT,BRT_HUM_001,2026-03-02T06:02:00+00:00,66.82491441569722,%,BAD,SYNTHETIC_ML_DATASET,DRIFT,1
BRT,BRT_POWER_001,2026-03-02T06:02:00+00:00,46.46923440214282,kW,BAD,SYNTHETIC_ML_DATASET,DRIFT,1
BRT,BRT_PRESS_001,2026-03-02T06:02:00+00:00,987.0135337594775,hPa,BAD,SYNTHETIC_ML_DATASET,DRIFT,1
BRT,BRT_TEMP_001,2026-03-02T06:02:00+00:00,-7.360246619208626,C,BAD,SYNTHETIC_ML_DATASET,DRIFT,1
BRT,BRT_VIB_001,2026-03-02T06:02:00+00:00,0.8933502315179739,mm/s,BAD,SYNTHETIC_ML_DATASET,DRIFT,1
BRT,BRT_HUM_001,2026-03-02T06:03:00+00:00,66.67764797954668,%,BAD,SYNTHETIC_ML_DATASET,DRIFT,1
BRT,BRT_POWER_001,2026-03-02T06:03:00+00:00,46.35134092757481,kW,BAD,SYNTHETIC_ML_DATASET,DRIFT,1
BRT,BRT_PRESS_001,2026-03-02T06:03:00+00:00,987.0280775126046,hPa,BAD,SYNTHETIC_ML_DATASET,DRIFT,1
BRT,BRT_TEMP_001,2026-03-02T06:03:00+00:00,-7.50755991888693,C,BAD,SYNTHETIC_ML_DATASET,DRIFT,1
BRT,BRT_VIB_001,2026-03-02T06:03:00+00:00,0.8655751046247734,mm/s,BAD,SYNTHETIC_ML_DATASET,DRIFT,1
BRT,BRT_HUM_001,2026-03-02T06:04:00+00:00,66.74210419853979,%,BAD,SYNTHETIC_ML_DATASET,DRIFT,1
BRT,BRT_POWER_001,2026-03-02T06:04:00+00:00,46.22463222025466,kW,BAD,SYNTHETIC_ML_DATASET,DRIFT,1
BRT,BRT_PRESS_001,2026-03-02T06:04:00+00:00,986.8974959959755,hPa,BAD,SYNTHETIC_ML_DATASET,DRIFT,1
BRT,BRT_TEMP_001,2026-03-02T06:04:00+00:00,-7.591559974368994,C,BAD,SYNTHETIC_ML_DATASET,DRIFT,1
BRT,BRT_VIB_001,2026-03-02T06:04:00+00:00,0.8887706391870571,mm/s,BAD,SYNTHETIC_ML_DATASET,DRIFT,1
BRT,BRT_HUM_001,2026-03-02T06:05:00+00:00,66.43721273940828,%,BAD,SYNTHETIC_ML_DATASET,DRIFT,1
BRT,BRT_POWER_001,2026-03-02T06:05:00+00:00,45.90119902517427,kW,BAD,SYNTHETIC_ML_DATASET,DRIFT,1
BRT,BRT_PRESS_001,2026-03-02T06:05:00+00:00,986.7615924021615,hPa,BAD,SYNTHETIC_ML_DATASET,DRIFT,1
BRT,BRT_TEMP_001,2026-03-02T06:05:00+00:00,-8.317510198136809,C,BAD,SYNTHETIC_ML_DATASET,DRIFT,1
BRT,BRT_VIB_001,2026-03-02T06:05:00+00:00,0.8766899784785951,mm/s,BAD,SYNTHETIC_ML_DATASET,DRIFT,1
BRT,BRT_HUM_001,2026-03-02T06:06:00+00:00,65.70527641057157,%,BAD,SYNTHETIC_ML_DATASET,DRIFT,1
BRT,BRT_POWER_001,2026-03-02T06:06:00+00:00,45.25499184066005,kW,BAD,SYNTHETIC_ML_DATASET,DRIFT,1
BRT,BRT_PRESS_001,2026-03-02T06:06:00+00:00,986.5242882211817,hPa,BAD,SYNTHETIC_ML_DATASET,DRIFT,1
BRT,BRT_TEMP_001,2026-03-02T06:06:00+00:00,-8.24510528834936,C,BAD,SYNTHETIC_ML_DATASET,DRIFT,1
BRT,BRT_VIB_001,2026-03-02T06:06:00+00:00,0.8480733386733517,mm/s,BAD,SYNTHETIC_ML_DATASET,DRIFT,1
BRT,BRT_HUM_001,2026-03-02T06:07:00+00:00,64.54126969338519,%,BAD,SYNTHETIC_ML_DATASET,DRIFT,1
BRT,BRT_POWER_001,2026-03-02T06:07:00+00:00,44.95821687870301,kW,BAD,SYNTHETIC_ML_DATASET,DRIFT,1
BRT,BRT_PRESS_001,2026-03-02T06:07:00+00:00,986.3967380092532,hPa,BAD,SYNTHETIC_ML_DATASET,DRIFT,1
BRT,BRT_TEMP_001,2026-03-02T06:07:00+00:00,-8.306768366906176,C,BAD,SYNTHETIC_ML_DATASET,DRIFT,1
BRT,BRT_VIB_001,2026-03-02T06:07:00+00:00,0.8643319263314764,mm/s,BAD,SYNTHETIC_ML_DATASET,DRIFT,1
BRT,BRT_HUM_001,2026-03-02T06:08:00+00:00,64.17287406756974,%,BAD,SYNTHETIC_ML_DATASET,DRIFT,1
BRT,BRT_POWER_001,2026-03-02T06:08:00+00:00,45.399184443191295,kW,BAD,SYNTHETIC_ML_DATASET,DRIFT,1
BRT,BRT_PRESS_001,2026-03-02T06:08:00+00:00,986.4489102256501,hPa,BAD,SYNTHETIC_ML_DATASET,DRIFT,1
BRT,BRT_TEMP_001,2026-03-02T06:08:00+00:00,-8.498437022745566,C,BAD,SYNTHETIC_ML_DATASET,DRIFT,1
BRT,BRT_VIB_001,2026-03-02T06:08:00+00:00,0.8397348460417848,mm/s,BAD,SYNTHETIC_ML_DATASET,DRIFT,1
BRT,BRT_HUM_001,2026-03-02T06:09:00+00:00,63.59212593828691,%,BAD,SYNTHETIC_ML_DATASET,DRIFT,1
BRT,BRT_POWER_001,2026-03-02T06:09:00+00:00,44.467542464939086,kW,BAD,SYNTHETIC_ML_DATASET,DRIFT,1
BRT,BRT_PRESS_001,2026-03-02T06:09:00+00:00,986.2207374980813,hPa,BAD,SYNTHETIC_ML_DATASET,DRIFT,1
BRT,BRT_TEMP_001,2026-03-02T06:09:00+00:00,-8.526789610261229,C,BAD,SYNTHETIC_ML_DATASET,DRIFT,1
BRT,BRT_VIB_001,2026-03-02T06:09:00+00:00,0.8468939137689218,mm/s,BAD,SYNTHETIC_ML_DATASET,DRIFT,1
BRT,BRT_HUM_001,2026-03-02T06:10:00+00:00,63.830635554199596,%,BAD,SYNTHETIC_ML_DATASET,DRIFT,1
BRT,BRT_POWER_001,2026-03-02T06:10:00+00:00,44.29268842242761,kW,BAD,SYNTHETIC_ML_DATASET,DRIFT,1
BRT,BRT_PRESS_001,2026-03-02T06:10:00+00:00,986.1655264931682,hPa,BAD,SYNTHETIC_ML_DATASET,DRIFT,1
BRT,BRT_TEMP_001,2026-03-02T06:10:00+00:00,-8.90210014846378,C,BAD,SYNTHETIC_ML_DATASET,DRIFT,1
BRT,BRT_VIB_001,2026-03-02T06:10:00+00:00,0.8478531203810564,mm/s,BAD,SYNTHETIC_ML_DATASET,DRIFT,1
BRT,BRT_HUM_001,2026-03-02T06:11:00+00:00,63.49121578172155,%,BAD,SYNTHETIC_ML_DATASET,DRIFT,1
BRT,BRT_POWER_001,2026-03-02T06:11:00+00:00,44.03794259198318,kW,BAD,SYNTHETIC_ML_DATASET,DRIFT,1
BRT,BRT_PRESS_001,2026-03-02T06:11:00+00:00,985.8386182786878,hPa,BAD,SYNTHETIC_ML_DATASET,DRIFT,1
BRT,BRT_TEMP_001,2026-03-02T06:11:00+00:00,-9.318329218019993,C,BAD,SYNTHETIC_ML_DATASET,DRIFT,1
BRT,BRT_VIB_001,2026-03-02T06:11:00+00:00,0.8343931550379011,mm/s,BAD,SYNTHETIC_ML_DATASET,DRIFT,1
BRT,BRT_HUM_001,2026-03-02T06:12:00+00:00,63.56560440113935,%,BAD,SYNTHETIC_ML_DATASET,DRIFT,1
BRT,BRT_POWER_001,2026-03-02T06:12:00+00:00,43.53799717543215,kW,BAD,SYNTHETIC_ML_DATASET,DRIFT,1
BRT,BRT_PRESS_001,2026-03-02T06:12:00+00:00,985.7449323886356,hPa,BAD,SYNTHETIC_ML_DATASET,DRIFT,1
BRT,BRT_TEMP_001,2026-03-02T06:12:00+00:00,-9.480645196491425,C,BAD,SYNTHETIC_ML_DATASET,DRIFT,1
BRT,BRT_VIB_001,2026-03-02T06:12:00+00:00,0.8141855593352592,mm/s,BAD,SYNTHETIC_ML_DATASET,DRIFT,1
BRT,BRT_HUM_001,2026-03-02T06:13:00+00:00,63.41798073121971,%,BAD,SYNTHETIC_ML_DATASET,DRIFT,1
BRT,BRT_POWER_001,2026-03-02T06:13:00+00:00,43.29724642845506,kW,BAD,SYNTHETIC_ML_DATASET,DRIFT,1
BRT,BRT_PRESS_001,2026-03-02T06:13:00+00:00,985.5970972170818,hPa,BAD,SYNTHETIC_ML_DATASET,DRIFT,1
BRT,BRT_TEMP_001,2026-03-02T06:13:00+00:00,-9.620782540040244,C,BAD,SYNTHETIC_ML_DATASET,DRIFT,1
BRT,BRT_VIB_001,2026-03-02T06:13:00+00:00,0.8117672855123521,mm/s,BAD,SYNTHETIC_ML_DATASET,DRIFT,1
BRT,BRT_HUM_001,2026-03-02T06:14:00+00:00,62.22260039195278,%,BAD,SYNTHETIC_ML_DATASET,DRIFT,1
BRT,BRT_POWER_001,2026-03-02T06:14:00+00:00,42.9099809372081,kW,BAD,SYNTHETIC_ML_DATASET,DRIFT,1
BRT,BRT_PRESS_001,2026-03-02T06:14:00+00:00,985.4241525750019,hPa,BAD,SYNTHETIC_ML_DATASET,DRIFT,1
BRT,BRT_TEMP_001,2026-03-02T06:14:00+00:00,-9.630351810876043,C,BAD,SYNTHETIC_ML_DATASET,DRIFT,1
BRT,BRT_VIB_001,2026-03-02T06:14:00+00:00,0.8258368571216254,mm/s,BAD,SYNTHETIC_ML_DATASET,DRIFT,1
BRT,BRT_HUM_001,2026-03-02T06:15:00+00:00,62.34604680812841,%,BAD,SYNTHETIC_ML_DATASET,DRIFT,1
BRT,BRT_POWER_001,2026-03-02T06:15:00+00:00,43.17668429955291,kW,BAD,SYNTHETIC_ML_DATASET,DRIFT,1
BRT,BRT_PRESS_001,2026-03-02T06:15:00+00:00,985.1594021076402,hPa,BAD,SYNTHETIC_ML_DATASET,DRIFT,1
BRT,BRT_TEMP_001,2026-03-02T06:15:00+00:00,-10.04667525057901,C,BAD,SYNTHETIC_ML_DATASET,DRIFT,1
BRT,BRT_VIB_001,2026-03-02T06:15:00+00:00,0.8027606493890317,mm/s,BAD,SYNTHETIC_ML_DATASET,DRIFT,1
BRT,BRT_HUM_001,2026-03-02T06:16:00+00:00,61.059737089180786,%,BAD,SYNTHETIC_ML_DATASET,DRIFT,1
BRT,BRT_POWER_001,2026-03-02T06:16:00+00:00,42.777582689743184,kW,BAD,SYNTHETIC_ML_DATASET,DRIFT,1
BRT,BRT_PRESS_001,2026-03-02T06:16:00+00:00,985.143486565619,hPa,BAD,SYNTHETIC_ML_DATASET,DRIFT,1
BRT,BRT_TEMP_001,2026-03-02T06:16:00+00:00,-10.09030360000552,C,BAD,SYNTHETIC_ML_DATASET,DRIFT,1
BRT,BRT_VIB_001,2026-03-02T06:16:00+00:00,0.7928206387082393,mm/s,BAD,SYNTHETIC_ML_DATASET,DRIFT,1
BRT,BRT_HUM_001,2026-03-02T06:17:00+00:00,61.87983095566544,%,BAD,SYNTHETIC_ML_DATASET,DRIFT,1
BRT,BRT_POWER_001,2026-03-02T06:17:00+00:00,42.408678054261756,kW,BAD,SYNTHETIC_ML_DATASET,DRIFT,1
BRT,BRT_PRESS_001,2026-03-02T06:17:00+00:00,984.9147303336221,hPa,BAD,SYNTHETIC_ML_DATASET,DRIFT,1
BRT,BRT_TEMP_001,2026-03-02T06:17:00+00:00,-10.159108022909523,C,BAD,SYNTHETIC_ML_DATASET,DRIFT,1
BRT,BRT_VIB_001,2026-03-02T06:17:00+00:00,0.7749619730493281,mm/s,BAD,SYNTHETIC_ML_DATASET,DRIFT,1
BRT,BRT_HUM_001,2026-03-02T06:18:00+00:00,60.96225554525736,%,BAD,SYNTHETIC_ML_DATASET,DRIFT,1
BRT,BRT_POWER_001,2026-03-02T06:18:00+00:00,42.26903237117246,kW,BAD,SYNTHETIC_ML_DATASET,DRIFT,1
BRT,BRT_PRESS_001,2026-03-02T06:18:00+00:00,984.8359862031689,hPa,BAD,SYNTHETIC_ML_DATASET,DRIFT,1
BRT,BRT_TEMP_001,2026-03-02T06:18:00+00:00,-10.158114934694563,C,BAD,SYNTHETIC_ML_DATASET,DRIFT,1
BRT,BRT_VIB_001,2026-03-02T06:18:00+00:00,0.7452123526021792,mm/s,BAD,SYNTHETIC_ML_DATASET,DRIFT,1
BRT,BRT_HUM_001,2026-03-02T06:19:00+00:00,61.64313834981134,%,BAD,SYNTHETIC_ML_DATASET,DRIFT,1
BRT,BRT_POWER_001,2026-03-02T06:19:00+00:00,41.812414593471935,kW,BAD,SYNTHETIC_ML_DATASET,DRIFT,1
BRT,BRT_PRESS_001,2026-03-02T06:19:00+00:00,984.7080917617429,hPa,BAD,SYNTHETIC_ML_DATASET,DRIFT,1
BRT,BRT_TEMP_001,2026-03-02T06:19:00+00:00,-10.571378927021511,C,BAD,SYNTHETIC_ML_DATASET,DRIFT,1
BRT,BRT_VIB_001,2026-03-02T06:19:00+00:00,0.739161506795265,mm/s,BAD,SYNTHETIC_ML_DATASET,DRIFT,1
BRT,BRT_HUM_001,2026-03-02T06:20:00+00:00,60.25205518437273,%,BAD,SYNTHETIC_ML_DATASET,DRIFT,1
BRT,BRT_POWER_001,2026-03-02T06:20:00+00:00,41.48065782104429,kW,BAD,SYNTHETIC_ML_DATASET,DRIFT,1
BRT,BRT_PRESS_001,2026-03-02T06:20:00+00:00,984.5880369470999,hPa,BAD,SYNTHETIC_ML_DATASET,DRIFT,1
BRT,BRT_TEMP_001,2026-03-02T06:20:00+00:00,-10.830950686577566,C,BAD,SYNTHETIC_ML_DATASET,DRIFT,1
BRT,BRT_VIB_001,2026-03-02T06:20:00+00:00,0.7226628415684351,mm/s,BAD,SYNTHETIC_ML_DATASET,DRIFT,1
BRT,BRT_HUM_001,2026-03-02T06:21:00+00:00,60.80793199261484,%,BAD,SYNTHETIC_ML_DATASET,DRIFT,1
BRT,BRT_POWER_001,2026-03-02T06:21:00+00:00,41.27615590510874,kW,BAD,SYNTHETIC_ML_DATASET,DRIFT,1
BRT,BRT_PRESS_001,2026-03-02T06:21:00+00:00,984.4856045249851,hPa,BAD,SYNTHETIC_ML_DATASET,DRIFT,1
BRT,BRT_TEMP_001,2026-03-02T06:21:00+00:00,-10.916796896683087,C,BAD,SYNTHETIC_ML_DATASET,DRIFT,1
BRT,BRT_VIB_001,2026-03-02T06:21:00+00:00,0.698428667963569,mm/s,BAD,SYNTHETIC_ML_DATASET,DRIFT,1
BRT,BRT_HUM_001,2026-03-02T06:22:00+00:00,60.22613213298803,%,BAD,SYNTHETIC_ML_DATASET,DRIFT,1
BRT,BRT_POWER_001,2026-03-02T06:22:00+00:00,41.25713822352609,kW,BAD,SYNTHETIC_ML_DATASET,DRIFT,1
BRT,BRT_PRESS_001,2026-03-02T06:22:00+00:00,984.4549112899341,hPa,BAD,SYNTHETIC_ML_DATASET,DRIFT,1
BRT,BRT_TEMP_001,2026-03-02T06:22:00+00:00,-11.131159748494332,C,BAD,SYNTHETIC_ML_DATASET,DRIFT,1
BRT,BRT_VIB_001,2026-03-02T06:22:00+00:00,0.7211118630778406,mm/s,BAD,SYNTHETIC_ML_DATASET,DRIFT,1
BRT,BRT_HUM_001,2026-03-02T06:23:00+00:00,59.08340340071644,%,BAD,SYNTHETIC_ML_DATASET,DRIFT,1
BRT,BRT_POWER_001,2026-03-02T06:23:00+00:00,40.81320569327277,kW,BAD,SYNTHETIC_ML_DATASET,DRIFT,1
BRT,BRT_PRESS_001,2026-03-02T06:23:00+00:00,984.1663015436806,hPa,BAD,SYNTHETIC_ML_DATASET,DRIFT,1
BRT,BRT_TEMP_001,2026-03-02T06:23:00+00:00,-11.287006151390809,C,BAD,SYNTHETIC_ML_DATASET,DRIFT,1
BRT,BRT_VIB_001,2026-03-02T06:23:00+00:00,0.7010355349198492,mm/s,BAD,SYNTHETIC_ML_DATASET,DRIFT,1
BRT,BRT_HUM_001,2026-03-02T06:24:00+00:00,58.912615226234934,%,BAD,SYNTHETIC_ML_DATASET,DRIFT,1
BRT,BRT_POWER_001,2026-03-02T06:24:00+00:00,40.336889667073834,kW,BAD,SYNTHETIC_ML_DATASET,DRIFT,1
BRT,BRT_PRESS_001,2026-03-02T06:24:00+00:00,984.08572858414,hPa,BAD,SYNTHETIC_ML_DATASET,DRIFT,1
BRT,BRT_TEMP_001,2026-03-02T06:24:00+00:00,-11.587615288678593,C,BAD,SYNTHETIC_ML_DATASET,DRIFT,1
BRT,BRT_VIB_001,2026-03-02T06:24:00+00:00,0.6863441524092347,mm/s,BAD,SYNTHETIC_ML_DATASET,DRIFT,1
BRT,BRT_HUM_001,2026-03-02T06:25:00+00:00,57.87174724764919,%,BAD,SYNTHETIC_ML_DATASET,DRIFT,1
BRT,BRT_POWER_001,2026-03-02T06:25:00+00:00,40.19898311877221,kW,BAD,SYNTHETIC_ML_DATASET,DRIFT,1
BRT,BRT_PRESS_001,2026-03-02T06:25:00+00:00,983.8302914241531,hPa,BAD,SYNTHETIC_ML_DATASET,DRIFT,1
BRT,BRT_TEMP_001,2026-03-02T06:25:00+00:00,-11.720248100184467,C,BAD,SYNTHETIC_ML_DATASET,DRIFT,1
BRT,BRT_VIB_001,2026-03-02T06:25:00+00:00,0.6704879472976861,mm/s,BAD,SYNTHETIC_ML_DATASET,DRIFT,1
BRT,BRT_HUM_001,2026-03-02T06:26:00+00:00,57.62887108370656,%,BAD,SYNTHETIC_ML_DATASET,DRIFT,1
BRT,BRT_POWER_001,2026-03-02T06:26:00+00:00,39.284996687545004,kW,BAD,SYNTHETIC_ML_DATASET,DRIFT,1
BRT,BRT_PRESS_001,2026-03-02T06:26:00+00:00,983.8215676582123,hPa,BAD,SYNTHETIC_ML_DATASET,DRIFT,1
BRT,BRT_TEMP_001,2026-03-02T06:26:00+00:00,-11.731623967259708,C,BAD,SYNTHETIC_ML_DATASET,DRIFT,1
BRT,BRT_VIB_001,2026-03-02T06:26:00+00:00,0.6676596539145722,mm/s,BAD,SYNTHETIC_ML_DATASET,DRIFT,1
BRT,BRT_HUM_001,2026-03-02T06:27:00+00:00,57.24453677619475,%,BAD,SYNTHETIC_ML_DATASET,DRIFT,1
BRT,BRT_POWER_001,2026-03-02T06:27:00+00:00,38.868906447546706,kW,BAD,SYNTHETIC_ML_DATASET,DRIFT,1
BRT,BRT_PRESS_001,2026-03-02T06:27:00+00:00,983.474739556153,hPa,BAD,SYNTHETIC_ML_DATASET,DRIFT,1
BRT,BRT_TEMP_001,2026-03-02T06:27:00+00:00,-11.86535799643572,C,BAD,SYNTHETIC_ML_DATASET,DRIFT,1
BRT,BRT_VIB_001,2026-03-02T06:27:00+00:00,0.6635309862136403,mm/s,BAD,SYNTHETIC_ML_DATASET,DRIFT,1
BRT,BRT_HUM_001,2026-03-02T06:28:00+00:00,56.99917641522223,%,BAD,SYNTHETIC_ML_DATASET,DRIFT,1
BRT,BRT_POWER_001,2026-03-02T06:28:00+00:00,39.264860307731546,kW,BAD,SYNTHETIC_ML_DATASET,DRIFT,1
BRT,BRT_PRESS_001,2026-03-02T06:28:00+00:00,983.3546729440807,hPa,BAD,SYNTHETIC_ML_DATASET,DRIFT,1
BRT,BRT_TEMP_001,2026-03-02T06:28:00+00:00,-12.17010179912454,C,BAD,SYNTHETIC_ML_DATASET,DRIFT,1
BRT,BRT_VIB_001,2026-03-02T06:28:00+00:00,0.6667863977344831,mm/s,BAD,SYNTHETIC_ML_DATASET,DRIFT,1
BRT,BRT_HUM_001,2026-03-02T06:29:00+00:00,55.60400617759585,%,BAD,SYNTHETIC_ML_DATASET,DRIFT,1
BRT,BRT_POWER_001,2026-03-02T06:29:00+00:00,38.0366951233086,kW,BAD,SYNTHETIC_ML_DATASET,DRIFT,1
BRT,BRT_PRESS_001,2026-03-02T06:29:00+00:00,983.1737500610399,hPa,BAD,SYNTHETIC_ML_DATASET,DRIFT,1
BRT,BRT_TEMP_001,2026-03-02T06:29:00+00:00,-12.5543028849807,C,BAD,SYNTHETIC_ML_DATASET,DRIFT,1
BRT,BRT_VIB_001,2026-03-02T06:29:00+00:00,0.649220029220148,mm/s,BAD,SYNTHETIC_ML_DATASET,DRIFT,1
BRT,BRT_HUM_001,2026-03-02T06:30:00+00:00,65.7333841000286,%,GOOD,SYNTHETIC_ML_DATASET,NORMAL,0
BRT,BRT_POWER_001,2026-03-02T06:30:00+00:00,46.654155797687395,kW,GOOD,SYNTHETIC_ML_DATASET,NORMAL,0
BRT,BRT_PRESS_001,2026-03-02T06:30:00+00:00,986.807946150377,hPa,GOOD,SYNTHETIC_ML_DATASET,NORMAL,0
BRT,BRT_TEMP_001,2026-03-02T06:30:00+00:00,-7.2631240849109755,C,GOOD,SYNTHETIC_ML_DATASET,NORMAL,0
BRT,BRT_VIB_001,2026-03-02T06:30:00+00:00,0.8241955413779465,mm/s,GOOD,SYNTHETIC_ML_DATASET,NORMAL,0
BRT,BRT_HUM_001,2026-03-02T06:31:00+00:00,64.7813082530494,%,GOOD,SYNTHETIC_ML_DATASET,NORMAL,0
BRT,BRT_POWER_001,2026-03-02T06:31:00+00:00,46.2428519429442,kW,GOOD,SYNTHETIC_ML_DATASET,NORMAL,0
BRT,BRT_PRESS_001,2026-03-02T06:31:00+00:00,986.9320520618456,hPa,GOOD,SYNTHETIC_ML_DATASET,NORMAL,0
BRT,BRT_TEMP_001,2026-03-02T06:31:00+00:00,-6.981325107770637,C,GOOD,SYNTHETIC_ML_DATASET,NORMAL,0
BRT,BRT_VIB_001,2026-03-02T06:31:00+00:00,0.8083097473764312,mm/s,GOOD,SYNTHETIC_ML_DATASET,NORMAL,0
BRT,BRT_HUM_001,2026-03-02T06:32:00+00:00,65.19457367196205,%,GOOD,SYNTHETIC_ML_DATASET,NORMAL,0
BRT,BRT_POWER_001,2026-03-02T06:32:00+00:00,47.103550376703396,kW,GOOD,SYNTHETIC_ML_DATASET,NORMAL,0
BRT,BRT_PRESS_001,2026-03-02T06:32:00+00:00,986.8077959656883,hPa,GOOD,SYNTHETIC_ML_DATASET,NORMAL,0
BRT,BRT_TEMP_001,2026-03-02T06:32:00+00:00,-7.381365359251805,C,GOOD,SYNTHETIC_ML_DATASET,NORMAL,0
BRT,BRT_VIB_001,2026-03-02T06:32:00+00:00,0.8300672244263302,mm/s,GOOD,SYNTHETIC_ML_DATASET,NORMAL,0
BRT,BRT_HUM_001,2026-03-02T06:33:00+00:00,65.02454699611238,%,GOOD,SYNTHETIC_ML_DATASET,NORMAL,0
BRT,BRT_POWER_001,2026-03-02T06:33:00+00:00,46.465641147554834,kW,GOOD,SYNTHETIC_ML_DATASET,NORMAL,0
BRT,BRT_PRESS_001,2026-03-02T06:33:00+00:00,986.7056630637039,hPa,GOOD,SYNTHETIC_ML_DATASET,NORMAL,0
BRT,BRT_TEMP_001,2026-03-02T06:33:00+00:00,-7.4527293138701545,C,GOOD,SYNTHETIC_ML_DATASET,NORMAL,0
BRT,BRT_VIB_001,2026-03-02T06:33:00+00:00,0.815437607196342,mm/s,GOOD,SYNTHETIC_ML_DATASET,NORMAL,0
BRT,BRT_HUM_001,2026-03-02T06:34:00+00:00,65.45219505394901,%,GOOD,SYNTHETIC_ML_DATASET,NORMAL,0
BRT,BRT_POWER_001,2026-03-02T06:34:00+00:00,46.36816013577565,kW,GOOD,SYNTHETIC_ML_DATASET,NORMAL,0
BRT,BRT_PRESS_001,2026-03-02T06:34:00+00:00,986.7910267673961,hPa,GOOD,SYNTHETIC_ML_DATASET,NORMAL,0
BRT,BRT_TEMP_001,2026-03-02T06:34:00+00:00,-7.217734499089117,C,GOOD,SYNTHETIC_ML_DATASET,NORMAL,0
BRT,BRT_VIB_001,2026-03-02T06:34:00+00:00,0.817576285546229,mm/s,GOOD,SYNTHETIC_ML_DATASET,NORMAL,0
BRT,BRT_HUM_001,2026-03-02T06:35:00+00:00,64.20799642496571,%,GOOD,SYNTHETIC_ML_DATASET,NORMAL,0
BRT,BRT_POWER_001,2026-03-02T06:35:00+00:00,46.412073263080245,kW,GOOD,SYNTHETIC_ML_DATASET,NORMAL,0
BRT,BRT_PRESS_001,2026-03-02T06:35:00+00:00,986.7973586947927,hPa,GOOD,SYNTHETIC_ML_DATASET,NORMAL,0
BRT,BRT_TEMP_001,2026-03-02T06:35:00+00:00,-7.384943374302121,C,GOOD,SYNTHETIC_ML_DATASET,NORMAL,0
BRT,BRT_VIB_001,2026-03-02T06:35:00+00:00,0.8193273090321034,mm/s,GOOD,SYNTHETIC_ML_DATASET,NORMAL,0
BRT,BRT_HUM_001,2026-03-02T06:36:00+00:00,63.71660323819775,%,GOOD,SYNTHETIC_ML_DATASET,NORMAL,0
BRT,BRT_POWER_001,2026-03-02T06:36:00+00:00,46.16742344291896,kW,GOOD,SYNTHETIC_ML_DATASET,NORMAL,0
BRT,BRT_PRESS_001,2026-03-02T06:36:00+00:00,986.7722484459536,hPa,GOOD,SYNTHETIC_ML_DATASET,NORMAL,0
BRT,BRT_TEMP_001,2026-03-02T06:36:00+00:00,-7.389517170282445,C,GOOD,SYNTHETIC_ML_DATASET,NORMAL,0
BRT,BRT_VIB_001,2026-03-02T06:36:00+00:00,0.8081596704053535,mm/s,GOOD,SYNTHETIC_ML_DATASET,NORMAL,0
BRT,BRT_HUM_001,2026-03-02T06:37:00+00:00,64.05384932832254,%,GOOD,SYNTHETIC_ML_DATASET,NORMAL,0
BRT,BRT_POWER_001,2026-03-02T06:37:00+00:00,46.10014730699182,kW,GOOD,SYNTHETIC_ML_DATASET,NORMAL,0
BRT,BRT_PRESS_001,2026-03-02T06:37:00+00:00,986.656085806737,hPa,GOOD,SYNTHETIC_ML_DATASET,NORMAL,0
BRT,BRT_TEMP_001,2026-03-02T06:37:00+00:00,-7.5472758274104725,C,GOOD,SYNTHETIC_ML_DATASET,NORMAL,0
BRT,BRT_VIB_001,2026-03-02T06:37:00+00:00,0.8151445852590575,mm/s,GOOD,SYNTHETIC_ML_DATASET,NORMAL,0
BRT,BRT_HUM_001,2026-03-02T06:38:00+00:00,63.36407460355116,%,GOOD,SYNTHETIC_ML_DATASET,NORMAL,0
BRT,BRT_POWER_001,2026-03-02T06:38:00+00:00,45.70884404662785,kW,GOOD,SYNTHETIC_ML_DATASET,NORMAL,0
BRT,BRT_PRESS_001,2026-03-02T06:38:00+00:00,986.6240747271571,hPa,GOOD,SYNTHETIC_ML_DATASET,NORMAL,0
BRT,BRT_TEMP_001,2026-03-02T06:38:00+00:00,-7.485839963693086,C,GOOD,SYNTHETIC_ML_DATASET,NORMAL,0
BRT,BRT_VIB_001,2026-03-02T06:38:00+00:00,0.8111605697881135,mm/s,GOOD,SYNTHETIC_ML_DATASET,NORMAL,0
BRT,BRT_HUM_001,2026-03-02T06:39:00+00:00,63.33948113768922,%,GOOD,SYNTHETIC_ML_DATASET,NORMAL,0
BRT,BRT_POWER_001,2026-03-02T06:39:00+00:00,45.55264761857821,kW,GOOD,SYNTHETIC_ML_DATASET,NORMAL,0
BRT,BRT_PRESS_001,2026-03-02T06:39:00+00:00,986.6312714601268,hPa,GOOD,SYNTHETIC_ML_DATASET,NORMAL,0
BRT,BRT_TEMP_001,2026-03-02T06:39:00+00:00,-7.620566294574329,C,GOOD,SYNTHETIC_ML_DATASET,NORMAL,0
BRT,BRT_VIB_001,2026-03-02T06:39:00+00:00,0.8411922053276053,mm/s,GOOD,SYNTHETIC_ML_DATASET,NORMAL,0
BRT,BRT_HUM_001,2026-03-02T06:40:00+00:00,63.47162395487935,%,GOOD,SYNTHETIC_ML_DATASET,NORMAL,0
BRT,BRT_POWER_001,2026-03-02T06:40:00+00:00,45.73459471559232,kW,GOOD,SYNTHETIC_ML_DATASET,NORMAL,0
BRT,BRT_PRESS_001,2026-03-02T06:40:00+00:00,986.7504496918638,hPa,GOOD,SYNTHETIC_ML_DATASET,NORMAL,0
BRT,BRT_TEMP_001,2026-03-02T06:40:00+00:00,-7.8653947031933775,C,GOOD,SYNTHETIC_ML_DATASET,NORMAL,0
BRT,BRT_VIB_001,2026-03-02T06:40:00+00:00,0.7892499136802359,mm/s,GOOD,SYNTHETIC_ML_DATASET,NORMAL,0
BRT,BRT_HUM_001,2026-03-02T06:41:00+00:00,63.728049749081826,%,GOOD,SYNTHETIC_ML_DATASET,NORMAL,0
BRT,BRT_POWER_001,2026-03-02T06:41:00+00:00,44.95066709803783,kW,GOOD,SYNTHETIC_ML_DATASET,NORMAL,0
BRT,BRT_PRESS_001,2026-03-02T06:41:00+00:00,986.7425263030173,hPa,GOOD,SYNTHETIC_ML_DATASET,NORMAL,0
BRT,BRT_TEMP_001,2026-03-02T06:41:00+00:00,-7.788936795449173,C,GOOD,SYNTHETIC_ML_DATASET,NORMAL,0
BRT,BRT_VIB_001,2026-03-02T06:41:00+00:00,0.8078512559860945,mm/s,GOOD,SYNTHETIC_ML_DATASET,NORMAL,0
BRT,BRT_HUM_001,2026-03-02T06:42:00+00:00,63.596287234863624,%,GOOD,SYNTHETIC_ML_DATASET,NORMAL,0
BRT,BRT_POWER_001,2026-03-02T06:42:00+00:00,45.21227855742868,kW,GOOD,SYNTHETIC_ML_DATASET,NORMAL,0
BRT,BRT_PRESS_001,2026-03-02T06:42:00+00:00,986.635991719971,hPa,GOOD,SYNTHETIC_ML_DATASET,NORMAL,0
BRT,BRT_TEMP_001,2026-03-02T06:42:00+00:00,-7.727830274823944,C,GOOD,SYNTHETIC_ML_DATASET,NORMAL,0
BRT,BRT_VIB_001,2026-03-02T06:42:00+00:00,0.8304408249226347,mm/s,GOOD,SYNTHETIC_ML_DATASET,NORMAL,0
BRT,BRT_HUM_001,2026-03-02T06:43:00+00:00,63.55699671651489,%,GOOD,SYNTHETIC_ML_DATASET,NORMAL,0
BRT,BRT_POWER_001,2026-03-02T06:43:00+00:00,45.21770414783962,kW,GOOD,SYNTHETIC_ML_DATASET,NORMAL,0
BRT,BRT_PRESS_001,2026-03-02T06:43:00+00:00,986.6932982050886,hPa,GOOD,SYNTHETIC_ML_DATASET,NORMAL,0
BRT,BRT_TEMP_001,2026-03-02T06:43:00+00:00,-7.771483789897038,C,GOOD,SYNTHETIC_ML_DATASET,NORMAL,0
BRT,BRT_VIB_001,2026-03-02T06:43:00+00:00,0.8242562996248906,mm/s,GOOD,SYNTHETIC_ML_DATASET,NORMAL,0
BRT,BRT_HUM_001,2026-03-02T06:44:00+00:00,62.72582097031208,%,GOOD,SYNTHETIC_ML_DATASET,NORMAL,0
BRT,BRT_POWER_001,2026-03-02T06:44:00+00:00,45.18624467382902,kW,GOOD,SYNTHETIC_ML_DATASET,NORMAL,0
BRT,BRT_PRESS_001,2026-03-02T06:44:00+00:00,986.7068434023865,hPa,GOOD,SYNTHETIC_ML_DATASET,NORMAL,0
BRT,BRT_TEMP_001,2026-03-02T06:44:00+00:00,-8.139792468426707,C,GOOD,SYNTHETIC_ML_DATASET,NORMAL,0
BRT,BRT_VIB_001,2026-03-02T06:44:00+00:00,0.7864578143544793,mm/s,GOOD,SYNTHETIC_ML_DATASET,NORMAL,0
BRT,BRT_HUM_001,2026-03-02T06:45:00+00:00,63.383011627229536,%,GOOD,SYNTHETIC_ML_DATASET,NORMAL,0
BRT,BRT_POWER_001,2026-03-02T06:45:00+00:00,45.20426727456302,kW,GOOD,SYNTHETIC_ML_DATASET,NORMAL,0
BRT,BRT_PRESS_001,2026-03-02T06:45:00+00:00,986.6809372613568,hPa,GOOD,SYNTHETIC_ML_DATASET,NORMAL,0
BRT,BRT_TEMP_001,2026-03-02T06:45:00+00:00,-8.639999833251574,C,GOOD,SYNTHETIC_ML_DATASET,NORMAL,0
BRT,BRT_VIB_001,2026-03-02T06:45:00+00:00,0.8209906796869549,mm/s,GOOD,SYNTHETIC_ML_DATASET,NORMAL,0
BRT,BRT_HUM_001,2026-03-02T06:46:00+00:00,62.724408639265,%,GOOD,SYNTHETIC_ML_DATASET,NORMAL,0
BRT,BRT_POWER_001,2026-03-02T06:46:00+00:00,44.46612693911226,kW,GOOD,SYNTHETIC_ML_DATASET,NORMAL,0
BRT,BRT_PRESS_001,2026-03-02T06:46:00+00:00,986.4330397496489,hPa,GOOD,SYNTHETIC_ML_DATASET,NORMAL,0
BRT,BRT_TEMP_001,2026-03-02T06:46:00+00:00,-8.448693823403225,C,GOOD,SYNTHETIC_ML_DATASET,NORMAL,0
BRT,BRT_VIB_001,2026-03-02T06:46:00+00:00,0.8204031752472039,mm/s,GOOD,SYNTHETIC_ML_DATASET,NORMAL,0
BRT,BRT_HUM_001,2026-03-02T06:47:00+00:00,62.91986777268317,%,GOOD,SYNTHETIC_ML_DATASET,NORMAL,0
BRT,BRT_POWER_001,2026-03-02T06:47:00+00:00,44.771964202673054,kW,GOOD,SYNTHETIC_ML_DATASET,NORMAL,0
BRT,BRT_PRESS_001,2026-03-02T06:47:00+00:00,986.4790857770377,hPa,GOOD,SYNTHETIC_ML_DATASET,NORMAL,0
BRT,BRT_TEMP_001,2026-03-02T06:47:00+00:00,-8.304808209378582,C,GOOD,SYNTHETIC_ML_DATASET,NORMAL,0
BRT,BRT_VIB_001,2026-03-02T06:47:00+00:00,0.7896158661840045,mm/s,GOOD,SYNTHETIC_ML_DATASET,NORMAL,0
BRT,BRT_HUM_001,2026-03-02T06:48:00+00:00,63.222138016128724,%,GOOD,SYNTHETIC_ML_DATASET,NORMAL,0
BRT,BRT_POWER_001,2026-03-02T06:48:00+00:00,44.29879950702278,kW,GOOD,SYNTHETIC_ML_DATASET,NORMAL,0
BRT,BRT_PRESS_001,2026-03-02T06:48:00+00:00,986.3983879947157,hPa,GOOD,SYNTHETIC_ML_DATASET,NORMAL,0
BRT,BRT_TEMP_001,2026-03-02T06:48:00+00:00,-8.582808684907704,C,GOOD,SYNTHETIC_ML_DATASET,NORMAL,0
BRT,BRT_VIB_001,2026-03-02T06:48:00+00:00,0.758073205725216,mm/s,GOOD,SYNTHETIC_ML_DATASET,NORMAL,0
BRT,BRT_HUM_001,2026-03-02T06:49:00+00:00,62.59688285353667,%,GOOD,SYNTHETIC_ML_DATASET,NORMAL,0
BRT,BRT_POWER_001,2026-03-02T06:49:00+00:00,44.07637200713116,kW,GOOD,SYNTHETIC_ML_DATASET,NORMAL,0
BRT,BRT_PRESS_001,2026-03-02T06:49:00+00:00,986.3379430910257,hPa,GOOD,SYNTHETIC_ML_DATASET,NORMAL,0
BRT,BRT_TEMP_001,2026-03-02T06:49:00+00:00,-8.74231634840324,C,GOOD,SYNTHETIC_ML_DATASET,NORMAL,0
BRT,BRT_VIB_001,2026-03-02T06:49:00+00:00,0.7722144751483624,mm/s,GOOD,SYNTHETIC_ML_DATASET,NORMAL,0
BRT,BRT_HUM_001,2026-03-02T06:50:00+00:00,62.63449460668673,%,GOOD,SYNTHETIC_ML_DATASET,NORMAL,0
BRT,BRT_POWER_001,2026-03-02T06:50:00+00:00,44.012777111038176,kW,GOOD,SYNTHETIC_ML_DATASET,NORMAL,0
BRT,BRT_PRESS_001,2026-03-02T06:50:00+00:00,986.1800148402042,hPa,GOOD,SYNTHETIC_ML_DATASET,NORMAL,0
BRT,BRT_TEMP_001,2026-03-02T06:50:00+00:00,-8.705512180264954,C,GOOD,SYNTHETIC_ML_DATASET,NORMAL,0
BRT,BRT_VIB_001,2026-03-02T06:50:00+00:00,0.7658779301501626,mm/s,GOOD,SYNTHETIC_ML_DATASET,NORMAL,0
BRT,BRT_HUM_001,2026-03-02T06:51:00+00:00,62.582834389595874,%,GOOD,SYNTHETIC_ML_DATASET,NORMAL,0
BRT,BRT_POWER_001,2026-03-02T06:51:00+00:00,43.64511263158619,kW,GOOD,SYNTHETIC_ML_DATASET,NORMAL,0
BRT,BRT_PRESS_001,2026-03-02T06:51:00+00:00,986.165153342702,hPa,GOOD,SYNTHETIC_ML_DATASET,NORMAL,0
BRT,BRT_TEMP_001,2026-03-02T06:51:00+00:00,-8.872749242383101,C,GOOD,SYNTHETIC_ML_DATASET,NORMAL,0
BRT,BRT_VIB_001,2026-03-02T06:51:00+00:00,0.7703436370811328,mm/s,GOOD,SYNTHETIC_ML_DATASET,NORMAL,0
BRT,BRT_HUM_001,2026-03-02T06:52:00+00:00,61.63921912608837,%,GOOD,SYNTHETIC_ML_DATASET,NORMAL,0
BRT,BRT_POWER_001,2026-03-02T06:52:00+00:00,44.15743973504453,kW,GOOD,SYNTHETIC_ML_DATASET,NORMAL,0
BRT,BRT_PRESS_001,2026-03-02T06:52:00+00:00,986.1707443512579,hPa,GOOD,SYNTHETIC_ML_DATASET,NORMAL,0
BRT,BRT_TEMP_001,2026-03-02T06:52:00+00:00,-9.01673217909065,C,GOOD,SYNTHETIC_ML_DATASET,NORMAL,0
BRT,BRT_VIB_001,2026-03-02T06:52:00+00:00,0.7595006206365471,mm/s,GOOD,SYNTHETIC_ML_DATASET,NORMAL,0
BRT,BRT_HUM_001,2026-03-02T06:53:00+00:00,62.493153104072654,%,GOOD,SYNTHETIC_ML_DATASET,NORMAL,0
BRT,BRT_POWER_001,2026-03-02T06:53:00+00:00,44.143095919694254,kW,GOOD,SYNTHETIC_ML_DATASET,NORMAL,0
BRT,BRT_PRESS_001,2026-03-02T06:53:00+00:00,985.8529556058792,hPa,GOOD,SYNTHETIC_ML_DATASET,NORMAL,0
BRT,BRT_TEMP_001,2026-03-02T06:53:00+00:00,-8.900064070696066,C,GOOD,SYNTHETIC_ML_DATASET,NORMAL,0
BRT,BRT_VIB_001,2026-03-02T06:53:00+00:00,0.7502052151431151,mm/s,GOOD,SYNTHETIC_ML_DATASET,NORMAL,0
BRT,BRT_HUM_001,2026-03-02T06:54:00+00:00,62.42977662951822,%,GOOD,SYNTHETIC_ML_DATASET,NORMAL,0
BRT,BRT_POWER_001,2026-03-02T06:54:00+00:00,43.581874612315495,kW,GOOD,SYNTHETIC_ML_DATASET,NORMAL,0
BRT,BRT_PRESS_001,2026-03-02T06:54:00+00:00,985.8796216753016,hPa,GOOD,SYNTHETIC_ML_DATASET,NORMAL,0
BRT,BRT_TEMP_001,2026-03-02T06:54:00+00:00,-8.865933870117491,C,GOOD,SYNTHETIC_ML_DATASET,NORMAL,0
BRT,BRT_VIB_001,2026-03-02T06:54:00+00:00,0.738339698130209,mm/s,GOOD,SYNTHETIC_ML_DATASET,NORMAL,0
BRT,BRT_HUM_001,2026-03-02T06:55:00+00:00,62.62172974698894,%,GOOD,SYNTHETIC_ML_DATASET,NORMAL,0
BRT,BRT_POWER_001,2026-03-02T06:55:00+00:00,43.591890372178405,kW,GOOD,SYNTHETIC_ML_DATASET,NORMAL,0
BRT,BRT_PRESS_001,2026-03-02T06:55:00+00:00,985.6901084611764,hPa,GOOD,SYNTHETIC_ML_DATASET,NORMAL,0
BRT,BRT_TEMP_001,2026-03-02T06:55:00+00:00,-9.197049413516698,C,GOOD,SYNTHETIC_ML_DATASET,NORMAL,0
BRT,BRT_VIB_001,2026-03-02T06:55:00+00:00,0.778688253129704,mm/s,GOOD,SYNTHETIC_ML_DATASET,NORMAL,0
BRT,BRT_HUM_001,2026-03-02T06:56:00+00:00,61.58666172816813,%,GOOD,SYNTHETIC_ML_DATASET,NORMAL,0
BRT,BRT_POWER_001,2026-03-02T06:56:00+00:00,43.56928831862739,kW,GOOD,SYNTHETIC_ML_DATASET,NORMAL,0
BRT,BRT_PRESS_001,2026-03-02T06:56:00+00:00,985.8438557565452,hPa,GOOD,SYNTHETIC_ML_DATASET,NORMAL,0
BRT,BRT_TEMP_001,2026-03-02T06:56:00+00:00,-9.19494558056935,C,GOOD,SYNTHETIC_ML_DATASET,NORMAL,0
BRT,BRT_VIB_001,2026-03-02T06:56:00+00:00,0.7396529631950917,mm/s,GOOD,SYNTHETIC_ML_DATASET,NORMAL,0
BRT,BRT_HUM_001,2026-03-02T06:57:00+00:00,61.83017399047841,%,GOOD,SYNTHETIC_ML_DATASET,NORMAL,0
BRT,BRT_POWER_001,2026-03-02T06:57:00+00:00,44.11585483021351,kW,GOOD,SYNTHETIC_ML_DATASET,NORMAL,0
BRT,BRT_PRESS_001,2026-03-02T06:57:00+00:00,985.8451731761888,hPa,GOOD,SYNTHETIC_ML_DATASET,NORMAL,0
BRT,BRT_TEMP_001,2026-03-02T06:57:00+00:00,-9.033890644728187,C,GOOD,SYNTHETIC_ML_DATASET,NORMAL,0
BRT,BRT_VIB_001,2026-03-02T06:57:00+00:00,0.7254343131643621,mm/s,GOOD,SYNTHETIC_ML_DATASET,NORMAL,0
BRT,BRT_HUM_001,2026-03-02T06:58:00+00:00,61.94134402717675,%,GOOD,SYNTHETIC_ML_DATASET,NORMAL,0
BRT,BRT_POWER_001,2026-03-02T06:58:00+00:00,43.41799576298712,kW,GOOD,SYNTHETIC_ML_DATASET,NORMAL,0
BRT,BRT_PRESS_001,2026-03-02T06:58:00+00:00,985.789648819553,hPa,GOOD,SYNTHETIC_ML_DATASET,NORMAL,0
BRT,BRT_TEMP_001,2026-03-02T06:58:00+00:00,-9.105551625755828,C,GOOD,SYNTHETIC_ML_DATASET,NORMAL,0
BRT,BRT_VIB_001,2026-03-02T06:58:00+00:00,0.7331193965154116,mm/s,GOOD,SYNTHETIC_ML_DATASET,NORMAL,0
BRT,BRT_HUM_001,2026-03-02T06:59:00+00:00,61.86897904214361,%,GOOD,SYNTHETIC_ML_DATASET,NORMAL,0
BRT,BRT_POWER_001,2026-03-02T06:59:00+00:00,43.863591461387784,kW,GOOD,SYNTHETIC_ML_DATASET,NORMAL,0
BRT,BRT_PRESS_001,2026-03-02T06:59:00+00:00,985.956167798895,hPa,GOOD,SYNTHETIC_ML_DATASET,NORMAL,0
BRT,BRT_TEMP_001,2026-03-02T06:59:00+00:00,-9.219409199753436,C,GOOD,SYNTHETIC_ML_DATASET,NORMAL,0
BRT,BRT_VIB_001,2026-03-02T06:59:00+00:00,0.7344940564544692,mm/s,GOOD,SYNTHETIC_ML_DATASET,NORMAL,0
BRT,BRT_HUM_001,2026-03-02T07:00:00+00:00,61.871011267448395,%,GOOD,SYNTHETIC_ML_DATASET,NORMAL,0
BRT,BRT_POWER_001,2026-03-02T07:00:00+00:00,43.61837460355224,kW,GOOD,SYNTHETIC_ML_DATASET,NORMAL,0
BRT,BRT_PRESS_001,2026-03-02T07:00:00+00:00,985.8289116311713,hPa,GOOD,SYNTHETIC_ML_DATASET,NORMAL,0
BRT,BRT_TEMP_001,2026-03-02T07:00:00+00:00,-9.388511150028261,C,GOOD,SYNTHETIC_ML_DATASET,NORMAL,0
BRT,BRT_VIB_001,2026-03-02T07:00:00+00:00,0.740664489160493,mm/s,GOOD,SYNTHETIC_ML_DATASET,NORMAL,0
BRT,BRT_HUM_001,2026-03-02T07:01:00+00:00,61.05182894822506,%,GOOD,SYNTHETIC_ML_DATASET,NORMAL,0
BRT,BRT_POWER_001,2026-03-02T07:01:00+00:00,43.36041913954808,kW,GOOD,SYNTHETIC_ML_DATASET,NORMAL,0
BRT,BRT_PRESS_001,2026-03-02T07:01:00+00:00,985.8120424192829,hPa,GOOD,SYNTHETIC_ML_DATASET,NORMAL,0
BRT,BRT_TEMP_001,2026-03-02T07:01:00+00:00,-9.353214052596346,C,GOOD,SYNTHETIC_ML_DATASET,NORMAL,0
BRT,BRT_VIB_001,2026-03-02T07:01:00+00:00,0.7165300306996402,mm/s,GOOD,SYNTHETIC_ML_DATASET,NORMAL,0
BRT,BRT_HUM_001,2026-03-02T07:02:00+00:00,62.44690618747163,%,GOOD,SYNTHETIC_ML_DATASET,NORMAL,0
BRT,BRT_POWER_001,2026-03-02T07:02:00+00:00,42.981549669739415,kW,GOOD,SYNTHETIC_ML_DATASET,NORMAL,0
BRT,BRT_PRESS_001,2026-03-02T07:02:00+00:00,985.7140329925892,hPa,GOOD,SYNTHETIC_ML_DATASET,NORMAL,0
BRT,BRT_TEMP_001,2026-03-02T07:02:00+00:00,-9.481530725357945,C,GOOD,SYNTHETIC_ML_DATASET,NORMAL,0
BRT,BRT_VIB_001,2026-03-02T07:02:00+00:00,0.7192322070051107,mm/s,GOOD,SYNTHETIC_ML_DATASET,NORMAL,0
BRT,BRT_HUM_001,2026-03-02T07:03:00+00:00,61.10758706254669,%,GOOD,SYNTHETIC_ML_DATASET,NORMAL,0
BRT,BRT_POWER_001,2026-03-02T07:03:00+00:00,43.2303665879804,kW,GOOD,SYNTHETIC_ML_DATASET,NORMAL,0
BRT,BRT_PRESS_001,2026-03-02T07:03:00+00:00,985.6154842268716,hPa,GOOD,SYNTHETIC_ML_DATASET,NORMAL,0
BRT,BRT_TEMP_001,2026-03-02T07:03:00+00:00,-9.157800278668033,C,GOOD,SYNTHETIC_ML_DATASET,NORMAL,0
BRT,BRT_VIB_001,2026-03-02T07:03:00+00:00,0.7238440731169216,mm/s,GOOD,SYNTHETIC_ML_DATASET,NORMAL,0
BRT,BRT_HUM_001,2026-03-02T07:04:00+00:00,61.628255428005865,%,GOOD,SYNTHETIC_ML_DATASET,NORMAL,0
BRT,BRT_POWER_001,2026-03-02T07:04:00+00:00,42.539656204005965,kW,GOOD,SYNTHETIC_ML_DATASET,NORMAL,0
BRT,BRT_PRESS_001,2026-03-02T07:04:00+00:00,985.644986872269,hPa,GOOD,SYNTHETIC_ML_DATASET,NORMAL,0
BRT,BRT_TEMP_001,2026-03-02T07:04:00+00:00,-9.557679316828883,C,GOOD,SYNTHETIC_ML_DATASET,NORMAL,0
BRT,BRT_VIB_001,2026-03-02T07:04:00+00:00,0.7420057018324329,mm/s,GOOD,SYNTHETIC_ML_DATASET,NORMAL,0
BRT,BRT_HUM_001,2026-03-02T07:05:00+00:00,61.62545459054852,%,GOOD,SYNTHETIC_ML_DATASET,NORMAL,0
BRT,BRT_POWER_001,2026-03-02T07:05:00+00:00,42.6621174710382,kW,GOOD,SYNTHETIC_ML_DATASET,NORMAL,0
BRT,BRT_PRESS_001,2026-03-02T07:05:00+00:00,985.5636445707584,hPa,GOOD,SYNTHETIC_ML_DATASET,NORMAL,0
BRT,BRT_TEMP_001,2026-03-02T07:05:00+00:00,-9.55358621770066,C,GOOD,SYNTHETIC_ML_DATASET,NORMAL,0
BRT,BRT_VIB_001,2026-03-02T07:05:00+00:00,0.7177024720237589,mm/s,GOOD,SYNTHETIC_ML_DATASET,NORMAL,0
BRT,BRT_HUM_001,2026-03-02T07:06:00+00:00,61.7073507036817,%,GOOD,SYNTHETIC_ML_DATASET,NORMAL,0
BRT,BRT_POWER_001,2026-03-02T07:06:00+00:00,42.768483739336304,kW,GOOD,SYNTHETIC_ML_DATASET,NORMAL,0
BRT,BRT_PRESS_001,2026-03-02T07:06:00+00:00,985.3452959208961,hPa,GOOD,SYNTHETIC_ML_DATASET,NORMAL,0
BRT,BRT_TEMP_001,2026-03-02T07:06:00+00:00,-9.49165036064522,C,GOOD,SYNTHETIC_ML_DATASET,NORMAL,0
BRT,BRT_VIB_001,2026-03-02T07:06:00+00:00,0.73711317705806,mm/s,GOOD,SYNTHETIC_ML_DATASET,NORMAL,0
BRT,BRT_HUM_001,2026-03-02T07:07:00+00:00,61.14693137092925,%,GOOD,SYNTHETIC_ML_DATASET,NORMAL,0
BRT,BRT_POWER_001,2026-03-02T07:07:00+00:00,42.442985451540544,kW,GOOD,SYNTHETIC_ML_DATASET,NORMAL,0
BRT,BRT_PRESS_001,2026-03-02T07:07:00+00:00,985.3714604835915,hPa,GOOD,SYNTHETIC_ML_DATASET,NORMAL,0
BRT,BRT_TEMP_001,2026-03-02T07:07:00+00:00,-9.37336090518256,C,GOOD,SYNTHETIC_ML_DATASET,NORMAL,0
BRT,BRT_VIB_001,2026-03-02T07:07:00+00:00,0.747171069487577,mm/s,GOOD,SYNTHETIC_ML_DATASET,NORMAL,0
BRT,BRT_HUM_001,2026-03-02T07:08:00+00:00,61.033147935595345,%,GOOD,SYNTHETIC_ML_DATASET,NORMAL,0
BRT,BRT_POWER_001,2026-03-02T07:08:00+00:00,42.88085541692696,kW,GOOD,SYNTHETIC_ML_DATASET,NORMAL,0
BRT,BRT_PRESS_001,2026-03-02T07:08:00+00:00,985.3526134846778,hPa,GOOD,SYNTHETIC_ML_DATASET,NORMAL,0
BRT,BRT_TEMP_001,2026-03-02T07:08:00+00:00,-9.629290501126196,C,GOOD,SYNTHETIC_ML_DATASET,NORMAL,0
BRT,BRT_VIB_001,2026-03-02T07:08:00+00:00,0.7168094192824183,mm/s,GOOD,SYNTHETIC_ML_DATASET,NORMAL,0
BRT,BRT_HUM_001,2026-03-02T07:09:00+00:00,60.93842314653723,%,GOOD,SYNTHETIC_ML_DATASET,NORMAL,0
BRT,BRT_POWER_001,2026-03-02T07:09:00+00:00,42.58697568149307,kW,GOOD,SYNTHETIC_ML_DATASET,NORMAL,0
BRT,BRT_PRESS_001,2026-03-02T07:09:00+00:00,985.4527834606131,hPa,GOOD,SYNTHETIC_ML_DATASET,NORMAL,0
BRT,BRT_TEMP_001,2026-03-02T07:09:00+00:00,-9.658966329074357,C,GOOD,SYNTHETIC_ML_DATASET,NORMAL,0
BRT,BRT_VIB_001,2026-03-02T07:09:00+00:00,0.7360923515084759,mm/s,GOOD,SYNTHETIC_ML_DATASET,NORMAL,0
BRT,BRT_HUM_001,2026-03-02T07:10:00+00:00,60.66141195840645,%,GOOD,SYNTHETIC_ML_DATASET,NORMAL,0
BRT,BRT_POWER_001,2026-03-02T07:10:00+00:00,42.03843322491733,kW,GOOD,SYNTHETIC_ML_DATASET,NORMAL,0
BRT,BRT_PRESS_001,2026-03-02T07:10:00+00:00,985.2871188573174,hPa,GOOD,SYNTHETIC_ML_DATASET,NORMAL,0
BRT,BRT_TEMP_001,2026-03-02T07:10:00+00:00,-9.71344083878999,C,GOOD,SYNTHETIC_ML_DATASET,NORMAL,0
BRT,BRT_VIB_001,2026-03-02T07:10:00+00:00,0.7396284162305147,mm/s,GOOD,SYNTHETIC_ML_DATASET,NORMAL,0
BRT,BRT_HUM_001,2026-03-02T07:11:00+00:00,61.04598568124863,%,GOOD,SYNTHETIC_ML_DATASET,NORMAL,0
BRT,BRT_POWER_001,2026-03-02T07:11:00+00:00,42.17488304527733,kW,GOOD,SYNTHETIC_ML_DATASET,NORMAL,0
BRT,BRT_PRESS_001,2026-03-02T07:11:00+00:00,985.2079891258205,hPa,GOOD,SYNTHETIC_ML_DATASET,NORMAL,0
BRT,BRT_TEMP_001,2026-03-02T07:11:00+00:00,-9.958599516940307,C,GOOD,SYNTHETIC_ML_DATASET,NORMAL,0
BRT,BRT_VIB_001,2026-03-02T07:11:00+00:00,0.7370277995654524,mm/s,GOOD,SYNTHETIC_ML_DATASET,NORMAL,0
BRT,BRT_HUM_001,2026-03-02T07:12:00+00:00,60.61429871587563,%,GOOD,SYNTHETIC_ML_DATASET,NORMAL,0
BRT,BRT_POWER_001,2026-03-02T07:12:00+00:00,42.07708596712189,kW,GOOD,SYNTHETIC_ML_DATASET,NORMAL,0
BRT,BRT_PRESS_001,2026-03-02T07:12:00+00:00,985.2343884393438,hPa,GOOD,SYNTHETIC_ML_DATASET,NORMAL,0
BRT,BRT_TEMP_001,2026-03-02T07:12:00+00:00,-10.040007151018404,C,GOOD,SYNTHETIC_ML_DATASET,NORMAL,0
BRT,BRT_VIB_001,2026-03-02T07:12:00+00:00,0.7143340336414794,mm/s,GOOD,SYNTHETIC_ML_DATASET,NORMAL,0
BRT,BRT_HUM_001,2026-03-02T07:13:00+00:00,60.2552329357217,%,GOOD,SYNTHETIC_ML_DATASET,NORMAL,0
BRT,BRT_POWER_001,2026-03-02T07:13:00+00:00,41.94830954602216,kW,GOOD,SYNTHETIC_ML_DATASET,NORMAL,0
BRT,BRT_PRESS_001,2026-03-02T07:13:00+00:00,985.1462466019024,hPa,GOOD,SYNTHETIC_ML_DATASET,NORMAL,0
BRT,BRT_TEMP_001,2026-03-02T07:13:00+00:00,-10.304600261996795,C,GOOD,SYNTHETIC_ML_DATASET,NORMAL,0
BRT,BRT_VIB_001,2026-03-02T07:13:00+00:00,0.7172761852168394,mm/s,GOOD,SYNTHETIC_ML_DATASET,NORMAL,0
BRT,BRT_HUM_001,2026-03-02T07:14:00+00:00,59.381734903441235,%,GOOD,SYNTHETIC_ML_DATASET,NORMAL,0
BRT,BRT_POWER_001,2026-03-02T07:14:00+00:00,41.638341871355664,kW,GOOD,SYNTHETIC_ML_DATASET,NORMAL,0
BRT,BRT_PRESS_001,2026-03-02T07:14:00+00:00,984.9679513519798,hPa,GOOD,SYNTHETIC_ML_DATASET,NORMAL,0
BRT,BRT_TEMP_001,2026-03-02T07:14:00+00:00,-10.482594616517755,C,GOOD,SYNTHETIC_ML_DATASET,NORMAL,0
BRT,BRT_VIB_001,2026-03-02T07:14:00+00:00,0.7193587382560482,mm/s,GOOD,SYNTHETIC_ML_DATASET,NORMAL,0
BRT,BRT_HUM_001,2026-03-02T07:15:00+00:00,59.911344451277465,%,GOOD,SYNTHETIC_ML_DATASET,NORMAL,0
BRT,BRT_POWER_001,2026-03-02T07:15:00+00:00,41.09658668238293,kW,GOOD,SYNTHETIC_ML_DATASET,NORMAL,0
BRT,BRT_PRESS_001,2026-03-02T07:15:00+00:00,984.9002965151184,hPa,GOOD,SYNTHETIC_ML_DATASET,NORMAL,0
BRT,BRT_TEMP_001,2026-03-02T07:15:00+00:00,-10.543881295096817,C,GOOD,SYNTHETIC_ML_DATASET,NORMAL,0
BRT,BRT_VIB_001,2026-03-02T07:15:00+00:00,0.7155747771134999,mm/s,GOOD,SYNTHETIC_ML_DATASET,NORMAL,0
BRT,BRT_HUM_001,2026-03-02T07:16:00+00:00,59.573334732579276,%,GOOD,SYNTHETIC_ML_DATASET,NORMAL,0
BRT,BRT_POWER_001,2026-03-02T07:16:00+00:00,41.31306783327795,kW,GOOD,SYNTHETIC_ML_DATASET,NORMAL,0
BRT,BRT_PRESS_001,2026-03-02T07:16:00+00:00,984.8013197729231,hPa,GOOD,SYNTHETIC_ML_DATASET,NORMAL,0
BRT,BRT_TEMP_001,2026-03-02T07:16:00+00:00,-10.693908378191287,C,GOOD,SYNTHETIC_ML_DATASET,NORMAL,0
BRT,BRT_VIB_001,2026-03-02T07:16:00+00:00,0.7005276311229921,mm/s,GOOD,SYNTHETIC_ML_DATASET,NORMAL,0
BRT,BRT_HUM_001,2026-03-02T07:17:00+00:00,59.51583560763809,%,GOOD,SYNTHETIC_ML_DATASET,NORMAL,0
BRT,BRT_POWER_001,2026-03-02T07:17:00+00:00,40.770108163461884,kW,GOOD,SYNTHETIC_ML_DATASET,NORMAL,0
BRT,BRT_PRESS_001,2026-03-02T07:17:00+00:00,984.8684480810891,hPa,GOOD,SYNTHETIC_ML_DATASET,NORMAL,0
BRT,BRT_TEMP_001,2026-03-02T07:17:00+00:00,-10.435413986789708,C,GOOD,SYNTHETIC_ML_DATASET,NORMAL,0
BRT,BRT_VIB_001,2026-03-02T07:17:00+00:00,0.703900912424939,mm/s,GOOD,SYNTHETIC_ML_DATASET,NORMAL,0
BRT,BRT_HUM_001,2026-03-02T07:18:00+00:00,58.86812352956973,%,GOOD,SYNTHETIC_ML_DATASET,NORMAL,0
BRT,BRT_POWER_001,2026-03-02T07:18:00+00:00,40.64693168223024,kW,GOOD,SYNTHETIC_ML_DATASET,NORMAL,0
BRT,BRT_PRESS_001,2026-03-02T07:18:00+00:00,984.8009512681426,hPa,GOOD,SYNTHETIC_ML_DATASET,NORMAL,0
BRT,BRT_TEMP_001,2026-03-02T07:18:00+00:00,-10.543551856506031,C,GOOD,SYNTHETIC_ML_DATASET,NORMAL,0
BRT,BRT_VIB_001,2026-03-02T07:18:00+00:00,0.7036006904689263,mm/s,GOOD,SYNTHETIC_ML_DATASET,NORMAL,0
BRT,BRT_HUM_001,2026-03-02T07:19:00+00:00,59.996973425125645,%,GOOD,SYNTHETIC_ML_DATASET,NORMAL,0
BRT,BRT_POWER_001,2026-03-02T07:19:00+00:00,40.55903659386847,kW,GOOD,SYNTHETIC_ML_DATASET,NORMAL,0
BRT,BRT_PRESS_001,2026-03-02T07:19:00+00:00,984.5803642935881,hPa,GOOD,SYNTHETIC_ML_DATASET,NORMAL,0
BRT,BRT_TEMP_001,2026-03-02T07:19:00+00:00,-10.606152905217929,C,GOOD,SYNTHETIC_ML_DATASET,NORMAL,0
BRT,BRT_VIB_001,2026-03-02T07:19:00+00:00,0.6921030225091397,mm/s,GOOD,SYNTHETIC_ML_DATASET,NORMAL,0
BRT,BRT_HUM_001,2026-03-02T07:20:00+00:00,,%,MISSING,SYNTHETIC_ML_DATASET,DROPOUT,1
BRT,BRT_POWER_001,2026-03-02T07:20:00+00:00,,kW,MISSING,SYNTHETIC_ML_DATASET,DROPOUT,1
BRT,BRT_PRESS_001,2026-03-02T07:20:00+00:00,,hPa,MISSING,SYNTHETIC_ML_DATASET,DROPOUT,1
BRT,BRT_TEMP_001,2026-03-02T07:20:00+00:00,,C,MISSING,SYNTHETIC_ML_DATASET,DROPOUT,1
BRT,BRT_VIB_001,2026-03-02T07:20:00+00:00,,mm/s,MISSING,SYNTHETIC_ML_DATASET,DROPOUT,1
BRT,BRT_HUM_001,2026-03-02T07:21:00+00:00,,%,MISSING,SYNTHETIC_ML_DATASET,DROPOUT,1
BRT,BRT_POWER_001,2026-03-02T07:21:00+00:00,,kW,MISSING,SYNTHETIC_ML_DATASET,DROPOUT,1
BRT,BRT_PRESS_001,2026-03-02T07:21:00+00:00,,hPa,MISSING,SYNTHETIC_ML_DATASET,DROPOUT,1
BRT,BRT_TEMP_001,2026-03-02T07:21:00+00:00,,C,MISSING,SYNTHETIC_ML_DATASET,DROPOUT,1
BRT,BRT_VIB_001,2026-03-02T07:21:00+00:00,,mm/s,MISSING,SYNTHETIC_ML_DATASET,DROPOUT,1
BRT,BRT_HUM_001,2026-03-02T07:22:00+00:00,,%,MISSING,SYNTHETIC_ML_DATASET,DROPOUT,1
BRT,BRT_POWER_001,2026-03-02T07:22:00+00:00,,kW,MISSING,SYNTHETIC_ML_DATASET,DROPOUT,1
BRT,BRT_PRESS_001,2026-03-02T07:22:00+00:00,,hPa,MISSING,SYNTHETIC_ML_DATASET,DROPOUT,1
BRT,BRT_TEMP_001,2026-03-02T07:22:00+00:00,,C,MISSING,SYNTHETIC_ML_DATASET,DROPOUT,1
BRT,BRT_VIB_001,2026-03-02T07:22:00+00:00,,mm/s,MISSING,SYNTHETIC_ML_DATASET,DROPOUT,1
BRT,BRT_HUM_001,2026-03-02T07:23:00+00:00,,%,MISSING,SYNTHETIC_ML_DATASET,DROPOUT,1
BRT,BRT_POWER_001,2026-03-02T07:23:00+00:00,,kW,MISSING,SYNTHETIC_ML_DATASET,DROPOUT,1
BRT,BRT_PRESS_001,2026-03-02T07:23:00+00:00,,hPa,MISSING,SYNTHETIC_ML_DATASET,DROPOUT,1
BRT,BRT_TEMP_001,2026-03-02T07:23:00+00:00,,C,MISSING,SYNTHETIC_ML_DATASET,DROPOUT,1
BRT,BRT_VIB_001,2026-03-02T07:23:00+00:00,,mm/s,MISSING,SYNTHETIC_ML_DATASET,DROPOUT,1
BRT,BRT_HUM_001,2026-03-02T07:24:00+00:00,,%,MISSING,SYNTHETIC_ML_DATASET,DROPOUT,1
BRT,BRT_POWER_001,2026-03-02T07:24:00+00:00,,kW,MISSING,SYNTHETIC_ML_DATASET,DROPOUT,1
BRT,BRT_PRESS_001,2026-03-02T07:24:00+00:00,,hPa,MISSING,SYNTHETIC_ML_DATASET,DROPOUT,1
BRT,BRT_TEMP_001,2026-03-02T07:24:00+00:00,,C,MISSING,SYNTHETIC_ML_DATASET,DROPOUT,1
BRT,BRT_VIB_001,2026-03-02T07:24:00+00:00,0.7267816303880676,mm/s,GOOD,SYNTHETIC_ML_DATASET,NORMAL,0
BRT,BRT_HUM_001,2026-03-02T07:25:00+00:00,,%,MISSING,SYNTHETIC_ML_DATASET,DROPOUT,1
BRT,BRT_POWER_001,2026-03-02T07:25:00+00:00,40.24123054356065,kW,GOOD,SYNTHETIC_ML_DATASET,NORMAL,0
BRT,BRT_PRESS_001,2026-03-02T07:25:00+00:00,,hPa,MISSING,SYNTHETIC_ML_DATASET,DROPOUT,1
BRT,BRT_TEMP_001,2026-03-02T07:25:00+00:00,-11.071339410324061,C,GOOD,SYNTHETIC_ML_DATASET,NORMAL,0
BRT,BRT_VIB_001,2026-03-02T07:25:00+00:00,0.6831678389543481,mm/s,GOOD,SYNTHETIC_ML_DATASET,NORMAL,0
BRT,BRT_HUM_001,2026-03-02T07:26:00+00:00,57.70677833539373,%,GOOD,SYNTHETIC_ML_DATASET,NORMAL,0
BRT,BRT_POWER_001,2026-03-02T07:26:00+00:00,39.60248987767241,kW,GOOD,SYNTHETIC_ML_DATASET,NORMAL,0
BRT,BRT_PRESS_001,2026-03-02T07:26:00+00:00,,hPa,MISSING,SYNTHETIC_ML_DATASET,DROPOUT,1
BRT,BRT_TEMP_001,2026-03-02T07:26:00+00:00,-11.348054641933794,C,GOOD,SYNTHETIC_ML_DATASET,NORMAL,0
BRT,BRT_VIB_001,2026-03-02T07:26:00+00:00,0.7144169494394403,mm/s,GOOD,SYNTHETIC_ML_DATASET,NORMAL,0
BRT,BRT_HUM_001,2026-03-02T07:27:00+00:00,58.562110457117804,%,GOOD,SYNTHETIC_ML_DATASET,NORMAL,0
BRT,BRT_POWER_001,2026-03-02T07:27:00+00:00,39.340331702379714,kW,GOOD,SYNTHETIC_ML_DATASET,NORMAL,0
BRT,BRT_PRESS_001,2026-03-02T07:27:00+00:00,,hPa,MISSING,SYNTHETIC_ML_DATASET,DROPOUT,1
BRT,BRT_TEMP_001,2026-03-02T07:27:00+00:00,-11.3327075572035,C,GOOD,SYNTHETIC_ML_DATASET,NORMAL,0
BRT,BRT_VIB_001,2026-03-02T07:27:00+00:00,0.7120518873269867,mm/s,GOOD,SYNTHETIC_ML_DATASET,NORMAL,0
BRT,BRT_HUM_001,2026-03-02T07:28:00+00:00,58.45922765743383,%,GOOD,SYNTHETIC_ML_DATASET,NORMAL,0
BRT,BRT_POWER_001,2026-03-02T07:28:00+00:00,39.72846083712688,kW,GOOD,SYNTHETIC_ML_DATASET,NORMAL,0
BRT,BRT_PRESS_001,2026-03-02T07:28:00+00:00,984.2053891675712,hPa,GOOD,SYNTHETIC_ML_DATASET,NORMAL,0
BRT,BRT_TEMP_001,2026-03-02T07:28:00+00:00,-11.52686591613702,C,GOOD,SYNTHETIC_ML_DATASET,NORMAL,0
BRT,BRT_VIB_001,2026-03-02T07:28:00+00:00,0.711883913201265,mm/s,GOOD,SYNTHETIC_ML_DATASET,NORMAL,0
BRT,BRT_HUM_001,2026-03-02T07:29:00+00:00,57.41591262988973,%,GOOD,SYNTHETIC_ML_DATASET,NORMAL,0
BRT,BRT_POWER_001,2026-03-02T07:29:00+00:00,39.274581032932254,kW,GOOD,SYNTHETIC_ML_DATASET,NORMAL,0
BRT,BRT_PRESS_001,2026-03-02T07:29:00+00:00,984.1994827359941,hPa,GOOD,SYNTHETIC_ML_DATASET,NORMAL,0
BRT,BRT_TEMP_001,2026-03-02T07:29:00+00:00,-11.581056766839508,C,GOOD,SYNTHETIC_ML_DATASET,NORMAL,0
BRT,BRT_VIB_001,2026-03-02T07:29:00+00:00,0.687269044718218,mm/s,GOOD,SYNTHETIC_ML_DATASET,NORMAL,0
BRT,BRT_HUM_001,2026-03-02T07:30:00+00:00,56.85851368082032,%,GOOD,SYNTHETIC_ML_DATASET,NORMAL,0
BRT,BRT_POWER_001,2026-03-02T07:30:00+00:00,39.384968259089604,kW,GOOD,SYNTHETIC_ML_DATASET,NORMAL,0
BRT,BRT_PRESS_001,2026-03-02T07:30:00+00:00,984.017562249777,hPa,GOOD,SYNTHETIC_ML_DATASET,NORMAL,0
BRT,BRT_TEMP_001,2026-03-02T07:30:00+00:00,-11.59554171303668,C,GOOD,SYNTHETIC_ML_DATASET,NORMAL,0
BRT,BRT_VIB_001,2026-03-02T07:30:00+00:00,0.696600847786018,mm/s,GOOD,SYNTHETIC_ML_DATASET,NORMAL,0
BRT,BRT_HUM_001,2026-03-02T07:31:00+00:00,57.62082465741515,%,GOOD,SYNTHETIC_ML_DATASET,NORMAL,0
BRT,BRT_POWER_001,2026-03-02T07:31:00+00:00,39.23415931272737,kW,GOOD,SYNTHETIC_ML_DATASET,NORMAL,0
BRT,BRT_PRESS_001,2026-03-02T07:31:00+00:00,983.88804017043,hPa,GOOD,SYNTHETIC_ML_DATASET,NORMAL,0
BRT,BRT_TEMP_001,2026-03-02T07:31:00+00:00,-11.753492888122139,C,GOOD,SYNTHETIC_ML_DATASET,NORMAL,0
BRT,BRT_VIB_001,2026-03-02T07:31:00+00:00,0.6934220795960351,mm/s,GOOD,SYNTHETIC_ML_DATASET,NORMAL,0
BRT,BRT_HUM_001,2026-03-02T07:32:00+00:00,57.62057112551006,%,GOOD,SYNTHETIC_ML_DATASET,NORMAL,0
BRT,BRT_POWER_001,2026-03-02T07:32:00+00:00,38.81167712469319,kW,GOOD,SYNTHETIC_ML_DATASET,NORMAL,0
BRT,BRT_PRESS_001,2026-03-02T07:32:00+00:00,983.9338497615458,hPa,GOOD,SYNTHETIC_ML_DATASET,NORMAL,0
BRT,BRT_TEMP_001,2026-03-02T07:32:00+00:00,-12.017025803821744,C,GOOD,SYNTHETIC_ML_DATASET,NORMAL,0
BRT,BRT_VIB_001,2026-03-02T07:32:00+00:00,0.6789852758461831,mm/s,GOOD,SYNTHETIC_ML_DATASET,NORMAL,0
BRT,BRT_HUM_001,2026-03-02T07:33:00+00:00,56.23093961918736,%,GOOD,SYNTHETIC_ML_DATASET,NORMAL,0
BRT,BRT_POWER_001,2026-03-02T07:33:00+00:00,38.17313978340308,kW,GOOD,SYNTHETIC_ML_DATASET,NORMAL,0
BRT,BRT_PRESS_001,2026-03-02T07:33:00+00:00,983.7875177106739,hPa,GOOD,SYNTHETIC_ML_DATASET,NORMAL,0
BRT,BRT_TEMP_001,2026-03-02T07:33:00+00:00,-12.138471107013755,C,GOOD,SYNTHETIC_ML_DATASET,NORMAL,0
BRT,BRT_VIB_001,2026-03-02T07:33:00+00:00,0.6890923870850246,mm/s,GOOD,SYNTHETIC_ML_DATASET,NORMAL,0
BRT,BRT_HUM_001,2026-03-02T07:34:00+00:00,56.3602422485119,%,GOOD,SYNTHETIC_ML_DATASET,NORMAL,0
BRT,BRT_POWER_001,2026-03-02T07:34:00+00:00,38.65387576447376,kW,GOOD,SYNTHETIC_ML_DATASET,NORMAL,0
BRT,BRT_PRESS_001,2026-03-02T07:34:00+00:00,983.7283746827577,hPa,GOOD,SYNTHETIC_ML_DATASET,NORMAL,0
BRT,BRT_TEMP_001,2026-03-02T07:34:00+00:00,-12.030756663928189,C,GOOD,SYNTHETIC_ML_DATASET,NORMAL,0
BRT,BRT_VIB_001,2026-03-02T07:34:00+00:00,0.6575413756310982,mm/s,GOOD,SYNTHETIC_ML_DATASET,NORMAL,0
BRT,BRT_HUM_001,2026-03-02T07:35:00+00:00,57.13992908905959,%,GOOD,SYNTHETIC_ML_DATASET,NORMAL,0
BRT,BRT_POWER_001,2026-03-02T07:35:00+00:00,38.33644310680434,kW,GOOD,SYNTHETIC_ML_DATASET,NORMAL,0
BRT,BRT_PRESS_001,2026-03-02T07:35:00+00:00,983.7919880523082,hPa,GOOD,SYNTHETIC_ML_DATASET,NORMAL,0
BRT,BRT_TEMP_001,2026-03-02T07:35:00+00:00,-12.362281039329607,C,GOOD,SYNTHETIC_ML_DATASET,NORMAL,0
BRT,BRT_VIB_001,2026-03-02T07:35:00+00:00,0.6603292690266194,mm/s,GOOD,SYNTHETIC_ML_DATASET,NORMAL,0
BRT,BRT_HUM_001,2026-03-02T07:36:00+00:00,55.63221538808604,%,GOOD,SYNTHETIC_ML_DATASET,NORMAL,0
BRT,BRT_POWER_001,2026-03-02T07:36:00+00:00,38.26276197520685,kW,GOOD,SYNTHETIC_ML_DATASET,NORMAL,0
BRT,BRT_PRESS_001,2026-03-02T07:36:00+00:00,983.8203289043264,hPa,GOOD,SYNTHETIC_ML_DATASET,NORMAL,0
BRT,BRT_TEMP_001,2026-03-02T07:36:00+00:00,-12.524373697878282,C,GOOD,SYNTHETIC_ML_DATASET,NORMAL,0
BRT,BRT_VIB_001,2026-03-02T07:36:00+00:00,0.6886756544123851,mm/s,GOOD,SYNTHETIC_ML_DATASET,NORMAL,0
BRT,BRT_HUM_001,2026-03-02T07:37:00+00:00,55.74824316173864,%,GOOD,SYNTHETIC_ML_DATASET,NORMAL,0
BRT,BRT_POWER_001,2026-03-02T07:37:00+00:00,38.183163374707085,kW,GOOD,SYNTHETIC_ML_DATASET,NORMAL,0
BRT,BRT_PRESS_001,2026-03-02T07:37:00+00:00,983.940478489935,hPa,GOOD,SYNTHETIC_ML_DATASET,NORMAL,0
BRT,BRT_TEMP_001,2026-03-02T07:37:00+00:00,-12.184410294256882,C,GOOD,SYNTHETIC_ML_DATASET,NORMAL,0
BRT,BRT_VIB_001,2026-03-02T07:37:00+00:00,0.643544382468333,mm/s,GOOD,SYNTHETIC_ML_DATASET,NORMAL,0
BRT,BRT_HUM_001,2026-03-02T07:38:00+00:00,55.82651528062704,%,GOOD,SYNTHETIC_ML_DATASET,NORMAL,0
BRT,BRT_POWER_001,2026-03-02T07:38:00+00:00,37.87691633211032,kW,GOOD,SYNTHETIC_ML_DATASET,NORMAL,0
BRT,BRT_PRESS_001,2026-03-02T07:38:00+00:00,983.824165660972,hPa,GOOD,SYNTHETIC_ML_DATASET,NORMAL,0
BRT,BRT_TEMP_001,2026-03-02T07:38:00+00:00,-12.518442505099976,C,GOOD,SYNTHETIC_ML_DATASET,NORMAL,0
BRT,BRT_VIB_001,2026-03-02T07:38:00+00:00,0.6465362663233495,mm/s,GOOD,SYNTHETIC_ML_DATASET,NORMAL,0
BRT,BRT_HUM_001,2026-03-02T07:39:00+00:00,55.78197268078198,%,GOOD,SYNTHETIC_ML_DATASET,NORMAL,0
BRT,BRT_POWER_001,2026-03-02T07:39:00+00:00,38.04270898293773,kW,GOOD,SYNTHETIC_ML_DATASET,NORMAL,0
BRT,BRT_PRESS_001,2026-03-02T07:39:00+00:00,983.6874279817617,hPa,GOOD,SYNTHETIC_ML_DATASET,NORMAL,0
BRT,BRT_TEMP_001,2026-03-02T07:39:00+00:00,-12.554064219353904,C,GOOD,SYNTHETIC_ML_DATASET,NORMAL,0
BRT,BRT_VIB_001,2026-03-02T07:39:00+00:00,0.6406564869413062,mm/s,GOOD,SYNTHETIC_ML_DATASET,NORMAL,0
BRT,BRT_HUM_001,2026-03-02T07:40:00+00:00,55.54061513640358,%,GOOD,SYNTHETIC_ML_DATASET,NORMAL,0
BRT,BRT_POWER_001,2026-03-02T07:40:00+00:00,38.39804510417962,kW,GOOD,SYNTHETIC_ML_DATASET,NORMAL,0
BRT,BRT_PRESS_001,2026-03-02T07:40:00+00:00,983.6961522688715,hPa,GOOD,SYNTHETIC_ML_DATASET,NORMAL,0
BRT,BRT_TEMP_001,2026-03-02T07:40:00+00:00,-12.603138103304214,C,GOOD,SYNTHETIC_ML_DATASET,NORMAL,0
BRT,BRT_VIB_001,2026-03-02T07:40:00+00:00,0.6269327745174345,mm/s,GOOD,SYNTHETIC_ML_DATASET,NORMAL,0
BRT,BRT_HUM_001,2026-03-02T07:41:00+00:00,55.327064560035936,%,GOOD,SYNTHETIC_ML_DATASET,NORMAL,0
BRT,BRT_POWER_001,2026-03-02T07:41:00+00:00,38.39765449772213,kW,GOOD,SYNTHETIC_ML_DATASET,NORMAL,0
BRT,BRT_PRESS_001,2026-03-02T07:41:00+00:00,983.8582307203843,hPa,GOOD,SYNTHETIC_ML_DATASET,NORMAL,0
BRT,BRT_TEMP_001,2026-03-02T07:41:00+00:00,-12.529574787761334,C,GOOD,SYNTHETIC_ML_DATASET,NORMAL,0
BRT,BRT_VIB_001,2026-03-02T07:41:00+00:00,0.6703044263914177,mm/s,GOOD,SYNTHETIC_ML_DATASET,NORMAL,0
BRT,BRT_HUM_001,2026-03-02T07:42:00+00:00,55.381622994386724,%,GOOD,SYNTHETIC_ML_DATASET,NORMAL,0
BRT,BRT_POWER_001,2026-03-02T07:42:00+00:00,38.41165516629924,kW,GOOD,SYNTHETIC_ML_DATASET,NORMAL,0
BRT,BRT_PRESS_001,2026-03-02T07:42:00+00:00,983.7923185390359,hPa,GOOD,SYNTHETIC_ML_DATASET,NORMAL,0
BRT,BRT_TEMP_001,2026-03-02T07:42:00+00:00,-12.73710634465072,C,GOOD,SYNTHETIC_ML_DATASET,NORMAL,0
BRT,BRT_VIB_001,2026-03-02T07:42:00+00:00,0.6518918132227917,mm/s,GOOD,SYNTHETIC_ML_DATASET,NORMAL,0
BRT,BRT_HUM_001,2026-03-02T07:43:00+00:00,55.33656342876087,%,GOOD,SYNTHETIC_ML_DATASET,NORMAL,0
BRT,BRT_POWER_001,2026-03-02T07:43:00+00:00,37.87765486742171,kW,GOOD,SYNTHETIC_ML_DATASET,NORMAL,0
BRT,BRT_PRESS_001,2026-03-02T07:43:00+00:00,983.6556623707503,hPa,GOOD,SYNTHETIC_ML_DATASET,NORMAL,0
BRT,BRT_TEMP_001,2026-03-02T07:43:00+00:00,-12.65144203790166,C,GOOD,SYNTHETIC_ML_DATASET,NORMAL,0
BRT,BRT_VIB_001,2026-03-02T07:43:00+00:00,0.637451520482064,mm/s,GOOD,SYNTHETIC_ML_DATASET,NORMAL,0
BRT,BRT_HUM_001,2026-03-02T07:44:00+00:00,54.9013622411777,%,GOOD,SYNTHETIC_ML_DATASET,NORMAL,0
BRT,BRT_POWER_001,2026-03-02T07:44:00+00:00,37.62199669768207,kW,GOOD,SYNTHETIC_ML_DATASET,NORMAL,0
BRT,BRT_PRESS_001,2026-03-02T07:44:00+00:00,983.5635029513029,hPa,GOOD,SYNTHETIC_ML_DATASET,NORMAL,0
BRT,BRT_TEMP_001,2026-03-02T07:44:00+00:00,-12.776302041110243,C,GOOD,SYNTHETIC_ML_DATASET,NORMAL,0
BRT,BRT_VIB_001,2026-03-02T07:44:00+00:00,0.6596110127497533,mm/s,GOOD,SYNTHETIC_ML_DATASET,NORMAL,0
BRT,BRT_HUM_001,2026-03-02T07:45:00+00:00,56.13307364776946,%,GOOD,SYNTHETIC_ML_DATASET,NORMAL,0
BRT,BRT_POWER_001,2026-03-02T07:45:00+00:00,37.8556108083652,kW,GOOD,SYNTHETIC_ML_DATASET,NORMAL,0
BRT,BRT_PRESS_001,2026-03-02T07:45:00+00:00,983.6336887380468,hPa,GOOD,SYNTHETIC_ML_DATASET,NORMAL,0
BRT,BRT_TEMP_001,2026-03-02T07:45:00+00:00,-12.498395337036472,C,GOOD,SYNTHETIC_ML_DATASET,NORMAL,0
BRT,BRT_VIB_001,2026-03-02T07:45:00+00:00,0.6547525660343207,mm/s,GOOD,SYNTHETIC_ML_DATASET,NORMAL,0
BRT,BRT_HUM_001,2026-03-02T07:46:00+00:00,55.07749843948549,%,GOOD,SYNTHETIC_ML_DATASET,NORMAL,0
BRT,BRT_POWER_001,2026-03-02T07:46:00+00:00,38.05218747456656,kW,GOOD,SYNTHETIC_ML_DATASET,NORMAL,0
BRT,BRT_PRESS_001,2026-03-02T07:46:00+00:00,983.6393544683054,hPa,GOOD,SYNTHETIC_ML_DATASET,NORMAL,0
BRT,BRT_TEMP_001,2026-03-02T07:46:00+00:00,-12.954166302565957,C,GOOD,SYNTHETIC_ML_DATASET,NORMAL,0
BRT,BRT_VIB_001,2026-03-02T07:46:00+00:00,0.6415866925507633,mm/s,GOOD,SYNTHETIC_ML_DATASET,NORMAL,0
BRT,BRT_HUM_001,2026-03-02T07:47:00+00:00,55.423466284414836,%,GOOD,SYNTHETIC_ML_DATASET,NORMAL,0
BRT,BRT_POWER_001,2026-03-02T07:47:00+00:00,37.117547753396124,kW,GOOD,SYNTHETIC_ML_DATASET,NORMAL,0
BRT,BRT_PRESS_001,2026-03-02T07:47:00+00:00,983.5192321022552,hPa,GOOD,SYNTHETIC_ML_DATASET,NORMAL,0
BRT,BRT_TEMP_001,2026-03-02T07:47:00+00:00,-12.917550242864184,C,GOOD,SYNTHETIC_ML_DATASET,NORMAL,0
BRT,BRT_VIB_001,2026-03-02T07:47:00+00:00,0.6415548661047967,mm/s,GOOD,SYNTHETIC_ML_DATASET,NORMAL,0
BRT,BRT_HUM_001,2026-03-02T07:48:00+00:00,55.90221170331538,%,GOOD,SYNTHETIC_ML_DATASET,NORMAL,0
BRT,BRT_POWER_001,2026-03-02T07:48:00+00:00,37.2188375764704,kW,GOOD,SYNTHETIC_ML_DATASET,NORMAL,0
BRT,BRT_PRESS_001,2026-03-02T07:48:00+00:00,983.583770433693,hPa,GOOD,SYNTHETIC_ML_DATASET,NORMAL,0
BRT,BRT_TEMP_001,2026-03-02T07:48:00+00:00,-12.996018503151182,C,GOOD,SYNTHETIC_ML_DATASET,NORMAL,0
BRT,BRT_VIB_001,2026-03-02T07:48:00+00:00,0.6579692025620116,mm/s,GOOD,SYNTHETIC_ML_DATASET,NORMAL,0
BRT,BRT_HUM_001,2026-03-02T07:49:00+00:00,54.9814495699725,%,GOOD,SYNTHETIC_ML_DATASET,NORMAL,0
BRT,BRT_POWER_001,2026-03-02T07:49:00+00:00,37.892979235465596,kW,GOOD,SYNTHETIC_ML_DATASET,NORMAL,0
BRT,BRT_PRESS_001,2026-03-02T07:49:00+00:00,983.58564472082,hPa,GOOD,SYNTHETIC_ML_DATASET,NORMAL,0
BRT,BRT_TEMP_001,2026-03-02T07:49:00+00:00,-13.035919265996352,C,GOOD,SYNTHETIC_ML_DATASET,NORMAL,0
BRT,BRT_VIB_001,2026-03-02T07:49:00+00:00,0.6575896740218149,mm/s,GOOD,SYNTHETIC_ML_DATASET,NORMAL,0
BRT,BRT_HUM_001,2026-03-02T07:50:00+00:00,55.32159784528879,%,GOOD,SYNTHETIC_ML_DATASET,NORMAL,0
BRT,BRT_POWER_001,2026-03-02T07:50:00+00:00,37.24954961539715,kW,GOOD,SYNTHETIC_ML_DATASET,NORMAL,0
BRT,BRT_PRESS_001,2026-03-02T07:50:00+00:00,983.5376248668492,hPa,GOOD,SYNTHETIC_ML_DATASET,NORMAL,0
BRT,BRT_TEMP_001,2026-03-02T07:50:00+00:00,-12.844526645037808,C,GOOD,SYNTHETIC_ML_DATASET,NORMAL,0
BRT,BRT_VIB_001,2026-03-02T07:50:00+00:00,0.6634332021695702,mm/s,GOOD,SYNTHETIC_ML_DATASET,NORMAL,0
BRT,BRT_HUM_001,2026-03-02T07:51:00+00:00,56.345284289583226,%,GOOD,SYNTHETIC_ML_DATASET,NORMAL,0
BRT,BRT_POWER_001,2026-03-02T07:51:00+00:00,37.79588680933222,kW,GOOD,SYNTHETIC_ML_DATASET,NORMAL,0
BRT,BRT_PRESS_001,2026-03-02T07:51:00+00:00,983.4140718771816,hPa,GOOD,SYNTHETIC_ML_DATASET,NORMAL,0
BRT,BRT_TEMP_001,2026-03-02T07:51:00+00:00,-12.715099267459076,C,GOOD,SYNTHETIC_ML_DATASET,NORMAL,0
BRT,BRT_VIB_001,2026-03-02T07:51:00+00:00,0.656476699360141,mm/s,GOOD,SYNTHETIC_ML_DATASET,NORMAL,0
BRT,BRT_HUM_001,2026-03-02T07:52:00+00:00,56.50618164686871,%,GOOD,SYNTHETIC_ML_DATASET,NORMAL,0
BRT,BRT_POWER_001,2026-03-02T07:52:00+00:00,37.5378012278975,kW,GOOD,SYNTHETIC_ML_DATASET,NORMAL,0
BRT,BRT_PRESS_001,2026-03-02T07:52:00+00:00,983.3633125292278,hPa,GOOD,SYNTHETIC_ML_DATASET,NORMAL,0
BRT,BRT_TEMP_001,2026-03-02T07:52:00+00:00,-13.000529976941664,C,GOOD,SYNTHETIC_ML_DATASET,NORMAL,0
BRT,BRT_VIB_001,2026-03-02T07:52:00+00:00,0.6392327493681417,mm/s,GOOD,SYNTHETIC_ML_DATASET,NORMAL,0
BRT,BRT_HUM_001,2026-03-02T07:53:00+00:00,55.156791112763635,%,GOOD,SYNTHETIC_ML_DATASET,NORMAL,0
BRT,BRT_POWER_001,2026-03-02T07:53:00+00:00,37.12894564010448,kW,GOOD,SYNTHETIC_ML_DATASET,NORMAL,0
BRT,BRT_PRESS_001,2026-03-02T07:53:00+00:00,983.2295300111927,hPa,GOOD,SYNTHETIC_ML_DATASET,NORMAL,0
BRT,BRT_TEMP_001,2026-03-02T07:53:00+00:00,-13.397454715555723,C,GOOD,SYNTHETIC_ML_DATASET,NORMAL,0
BRT,BRT_VIB_001,2026-03-02T07:53:00+00:00,0.642245727398154,mm/s,GOOD,SYNTHETIC_ML_DATASET,NORMAL,0
BRT,BRT_HUM_001,2026-03-02T07:54:00+00:00,55.76748251771147,%,GOOD,SYNTHETIC_ML_DATASET,NORMAL,0
BRT,BRT_POWER_001,2026-03-02T07:54:00+00:00,37.36493953729705,kW,GOOD,SYNTHETIC_ML_DATASET,NORMAL,0
BRT,BRT_PRESS_001,2026-03-02T07:54:00+00:00,983.1175631553707,hPa,GOOD,SYNTHETIC_ML_DATASET,NORMAL,0
BRT,BRT_TEMP_001,2026-03-02T07:54:00+00:00,-13.402865881943391,C,GOOD,SYNTHETIC_ML_DATASET,NORMAL,0
BRT,BRT_VIB_001,2026-03-02T07:54:00+00:00,0.6486265492175356,mm/s,GOOD,SYNTHETIC_ML_DATASET,NORMAL,0
BRT,BRT_HUM_001,2026-03-02T07:55:00+00:00,55.6586354413962,%,GOOD,SYNTHETIC_ML_DATASET,NORMAL,0
BRT,BRT_POWER_001,2026-03-02T07:55:00+00:00,37.268397747512836,kW,GOOD,SYNTHETIC_ML_DATASET,NORMAL,0
BRT,BRT_PRESS_001,2026-03-02T07:55:00+00:00,983.2119788137575,hPa,GOOD,SYNTHETIC_ML_DATASET,NORMAL,0
BRT,BRT_TEMP_001,2026-03-02T07:55:00+00:00,-13.50536383231817,C,GOOD,SYNTHETIC_ML_DATASET,NORMAL,0
BRT,BRT_VIB_001,2026-03-02T07:55:00+00:00,0.6589258161532995,mm/s,GOOD,SYNTHETIC_ML_DATASET,NORMAL,0
BRT,BRT_HUM_001,2026-03-02T07:56:00+00:00,54.82785941714225,%,GOOD,SYNTHETIC_ML_DATASET,NORMAL,0
BRT,BRT_POWER_001,2026-03-02T07:56:00+00:00,36.51068882617585,kW,GOOD,SYNTHETIC_ML_DATASET,NORMAL,0
BRT,BRT_PRESS_001,2026-03-02T07:56:00+00:00,983.1225960289064,hPa,GOOD,SYNTHETIC_ML_DATASET,NORMAL,0
BRT,BRT_TEMP_001,2026-03-02T07:56:00+00:00,-13.582276385256417,C,GOOD,SYNTHETIC_ML_DATASET,NORMAL,0
BRT,BRT_VIB_001,2026-03-02T07:56:00+00:00,0.669505878829271,mm/s,GOOD,SYNTHETIC_ML_DATASET,NORMAL,0
BRT,BRT_HUM_001,2026-03-02T07:57:00+00:00,54.9290948241464,%,GOOD,SYNTHETIC_ML_DATASET,NORMAL,0
BRT,BRT_POWER_001,2026-03-02T07:57:00+00:00,36.17233018420106,kW,GOOD,SYNTHETIC_ML_DATASET,NORMAL,0
BRT,BRT_PRESS_001,2026-03-02T07:57:00+00:00,983.2380725343622,hPa,GOOD,SYNTHETIC_ML_DATASET,NORMAL,0
BRT,BRT_TEMP_001,2026-03-02T07:57:00+00:00,-13.530404857775054,C,GOOD,SYNTHETIC_ML_DATASET,NORMAL,0
BRT,BRT_VIB_001,2026-03-02T07:57:00+00:00,0.643502980640348,mm/s,GOOD,SYNTHETIC_ML_DATASET,NORMAL,0
BRT,BRT_HUM_001,2026-03-02T07:58:00+00:00,54.66805970890117,%,GOOD,SYNTHETIC_ML_DATASET,NORMAL,0
BRT,BRT_POWER_001,2026-03-02T07:58:00+00:00,36.51581231844643,kW,GOOD,SYNTHETIC_ML_DATASET,NORMAL,0
BRT,BRT_PRESS_001,2026-03-02T07:58:00+00:00,983.2376866432312,hPa,GOOD,SYNTHETIC_ML_DATASET,NORMAL,0
BRT,BRT_TEMP_001,2026-03-02T07:58:00+00:00,-13.4826288485153,C,GOOD,SYNTHETIC_ML_DATASET,NORMAL,0
BRT,BRT_VIB_001,2026-03-02T07:58:00+00:00,0.6286586738133068,mm/s,GOOD,SYNTHETIC_ML_DATASET,NORMAL,0
BRT,BRT_HUM_001,2026-03-02T07:59:00+00:00,54.21971933145221,%,GOOD,SYNTHETIC_ML_DATASET,NORMAL,0
BRT,BRT_POWER_001,2026-03-02T07:59:00+00:00,36.77262194517564,kW,GOOD,SYNTHETIC_ML_DATASET,NORMAL,0
BRT,BRT_PRESS_001,2026-03-02T07:59:00+00:00,983.0334611839528,hPa,GOOD,SYNTHETIC_ML_DATASET,NORMAL,0
BRT,BRT_TEMP_001,2026-03-02T07:59:00+00:00,-13.614346325592543,C,GOOD,SYNTHETIC_ML_DATASET,NORMAL,0
BRT,BRT_VIB_001,2026-03-02T07:59:00+00:00,0.6322372913116598,mm/s,GOOD,SYNTHETIC_ML_DATASET,NORMAL,0
BRT,BRT_HUM_001,2026-03-02T08:00:00+00:00,54.78487303878646,%,GOOD,SYNTHETIC_ML_DATASET,NORMAL,0
BRT,BRT_POWER_001,2026-03-02T08:00:00+00:00,36.63900372240044,kW,GOOD,SYNTHETIC_ML_DATASET,NORMAL,0
BRT,BRT_PRESS_001,2026-03-02T08:00:00+00:00,982.8889366165234,hPa,GOOD,SYNTHETIC_ML_DATASET,NORMAL,0
BRT,BRT_TEMP_001,2026-03-02T08:00:00+00:00,-13.730086517901183,C,GOOD,SYNTHETIC_ML_DATASET,NORMAL,0
BRT,BRT_VIB_001,2026-03-02T08:00:00+00:00,0.6393763354485446,mm/s,GOOD,SYNTHETIC_ML_DATASET,NORMAL,0
BRT,BRT_HUM_001,2026-03-02T08:01:00+00:00,53.92729551645319,%,GOOD,SYNTHETIC_ML_DATASET,NORMAL,0
BRT,BRT_POWER_001,2026-03-02T08:01:00+00:00,36.17641397665276,kW,GOOD,SYNTHETIC_ML_DATASET,NORMAL,0
BRT,BRT_PRESS_001,2026-03-02T08:01:00+00:00,982.7763975558445,hPa,GOOD,SYNTHETIC_ML_DATASET,NORMAL,0
BRT,BRT_TEMP_001,2026-03-02T08:01:00+00:00,-13.701816670980403,C,GOOD,SYNTHETIC_ML_DATASET,NORMAL,0
BRT,BRT_VIB_001,2026-03-02T08:01:00+00:00,0.6054479857177895,mm/s,GOOD,SYNTHETIC_ML_DATASET,NORMAL,0
BRT,BRT_HUM_001,2026-03-02T08:02:00+00:00,53.316649172501606,%,GOOD,SYNTHETIC_ML_DATASET,NORMAL,0
BRT,BRT_POWER_001,2026-03-02T08:02:00+00:00,36.83723873743865,kW,GOOD,SYNTHETIC_ML_DATASET,NORMAL,0
BRT,BRT_PRESS_001,2026-03-02T08:02:00+00:00,982.7266308751679,hPa,GOOD,SYNTHETIC_ML_DATASET,NORMAL,0
BRT,BRT_TEMP_001,2026-03-02T08:02:00+00:00,-13.970281006161986,C,GOOD,SYNTHETIC_ML_DATASET,NORMAL,0
BRT,BRT_VIB_001,2026-03-02T08:02:00+00:00,0.6369517879752894,mm/s,GOOD,SYNTHETIC_ML_DATASET,NORMAL,0
BRT,BRT_HUM_001,2026-03-02T08:03:00+00:00,53.477823995001465,%,GOOD,SYNTHETIC_ML_DATASET,NORMAL,0
BRT,BRT_POWER_001,2026-03-02T08:03:00+00:00,36.953009029284,kW,GOOD,SYNTHETIC_ML_DATASET,NORMAL,0
BRT,BRT_PRESS_001,2026-03-02T08:03:00+00:00,982.8607975467687,hPa,GOOD,SYNTHETIC_ML_DATASET,NORMAL,0
BRT,BRT_TEMP_001,2026-03-02T08:03:00+00:00,-13.675953070645205,C,GOOD,SYNTHETIC_ML_DATASET,NORMAL,0
BRT,BRT_VIB_001,2026-03-02T08:03:00+00:00,0.6214480025105097,mm/s,GOOD,SYNTHETIC_ML_DATASET,NORMAL,0
BRT,BRT_HUM_001,2026-03-02T08:04:00+00:00,53.547539547868446,%,GOOD,SYNTHETIC_ML_DATASET,NORMAL,0
BRT,BRT_POWER_001,2026-03-02T08:04:00+00:00,36.45587595343488,kW,GOOD,SYNTHETIC_ML_DATASET,NORMAL,0
BRT,BRT_PRESS_001,2026-03-02T08:04:00+00:00,982.7597597876722,hPa,GOOD,SYNTHETIC_ML_DATASET,NORMAL,0
BRT,BRT_TEMP_001,2026-03-02T08:04:00+00:00,-13.752395400385394,C,GOOD,SYNTHETIC_ML_DATASET,NORMAL,0
BRT,BRT_VIB_001,2026-03-02T08:04:00+00:00,0.6065978703424404,mm/s,GOOD,SYNTHETIC_ML_DATASET,NORMAL,0
BRT,BRT_HUM_001,2026-03-02T08:05:00+00:00,53.391617048679905,%,GOOD,SYNTHETIC_ML_DATASET,NORMAL,0
BRT,BRT_POWER_001,2026-03-02T08:05:00+00:00,36.89993982588321,kW,GOOD,SYNTHETIC_ML_DATASET,NORMAL,0
BRT,BRT_PRESS_001,2026-03-02T08:05:00+00:00,982.9059881136492,hPa,GOOD,SYNTHETIC_ML_DATASET,NORMAL,0
BRT,BRT_TEMP_001,2026-03-02T08:05:00+00:00,-13.77456071956068,C,GOOD,SYNTHETIC_ML_DATASET,NORMAL,0
BRT,BRT_VIB_001,2026-03-02T08:05:00+00:00,0.6095596037961013,mm/s,GOOD,SYNTHETIC_ML_DATASET,NORMAL,0
BRT,BRT_HUM_001,2026-03-02T08:06:00+00:00,54.8779477368833,%,GOOD,SYNTHETIC_ML_DATASET,NORMAL,0
BRT,BRT_POWER_001,2026-03-02T08:06:00+00:00,36.40448390473561,kW,GOOD,SYNTHETIC_ML_DATASET,NORMAL,0
BRT,BRT_PRESS_001,2026-03-02T08:06:00+00:00,982.7686570062177,hPa,GOOD,SYNTHETIC_ML_DATASET,NORMAL,0
BRT,BRT_TEMP_001,2026-03-02T08:06:00+00:00,-13.83627939659815,C,GOOD,SYNTHETIC_ML_DATASET,NORMAL,0
BRT,BRT_VIB_001,2026-03-02T08:06:00+00:00,0.6224573329134202,mm/s,GOOD,SYNTHETIC_ML_DATASET,NORMAL,0
BRT,BRT_HUM_001,2026-03-02T08:07:00+00:00,54.70503147265568,%,GOOD,SYNTHETIC_ML_DATASET,NORMAL,0
BRT,BRT_POWER_001,2026-03-02T08:07:00+00:00,36.56783688025711,kW,GOOD,SYNTHETIC_ML_DATASET,NORMAL,0
BRT,BRT_PRESS_001,2026-03-02T08:07:00+00:00,982.8214835080996,hPa,GOOD,SYNTHETIC_ML_DATASET,NORMAL,0
BRT,BRT_TEMP_001,2026-03-02T08:07:00+00:00,-14.157977036579343,C,GOOD,SYNTHETIC_ML_DATASET,NORMAL,0
BRT,BRT_VIB_001,2026-03-02T08:07:00+00:00,0.6007224275356825,mm/s,GOOD,SYNTHETIC_ML_DATASET,NORMAL,0
BRT,BRT_HUM_001,2026-03-02T08:08:00+00:00,54.71492931355095,%,GOOD,SYNTHETIC_ML_DATASET,NORMAL,0
BRT,BRT_POWER_001,2026-03-02T08:08:00+00:00,36.23885900844913,kW,GOOD,SYNTHETIC_ML_DATASET,NORMAL,0
BRT,BRT_PRESS_001,2026-03-02T08:08:00+00:00,982.9567315997413,hPa,GOOD,SYNTHETIC_ML_DATASET,NORMAL,0
BRT,BRT_TEMP_001,2026-03-02T08:08:00+00:00,-14.067705137848495,C,GOOD,SYNTHETIC_ML_DATASET,NORMAL,0
BRT,BRT_VIB_001,2026-03-02T08:08:00+00:00,0.6096642008827826,mm/s,GOOD,SYNTHETIC_ML_DATASET,NORMAL,0
BRT,BRT_HUM_001,2026-03-02T08:09:00+00:00,53.619407180385586,%,GOOD,SYNTHETIC_ML_DATASET,NORMAL,0
BRT,BRT_POWER_001,2026-03-02T08:09:00+00:00,36.03463376441607,kW,GOOD,SYNTHETIC_ML_DATASET,NORMAL,0
BRT,BRT_PRESS_001,2026-03-02T08:09:00+00:00,982.8346649688601,hPa,GOOD,SYNTHETIC_ML_DATASET,NORMAL,0
BRT,BRT_TEMP_001,2026-03-02T08:09:00+00:00,-13.921755327260547,C,GOOD,SYNTHETIC_ML_DATASET,NORMAL,0
BRT,BRT_VIB_001,2026-03-02T08:09:00+00:00,0.6095401325386609,mm/s,GOOD,SYNTHETIC_ML_DATASET,NORMAL,0
BRT,BRT_HUM_001,2026-03-02T08:10:00+00:00,54.69036247816833,%,GOOD,SYNTHETIC_ML_DATASET,NORMAL,0
BRT,BRT_POWER_001,2026-03-02T08:10:00+00:00,36.02954106028302,kW,GOOD,SYNTHETIC_ML_DATASET,NORMAL,0
BRT,BRT_PRESS_001,2026-03-02T08:10:00+00:00,982.9435377036993,hPa,GOOD,SYNTHETIC_ML_DATASET,NORMAL,0
BRT,BRT_TEMP_001,2026-03-02T08:10:00+00:00,-14.111719256720939,C,GOOD,SYNTHETIC_ML_DATASET,NORMAL,0
BRT,BRT_VIB_001,2026-03-02T08:10:00+00:00,0.6165809396398958,mm/s,GOOD,SYNTHETIC_ML_DATASET,NORMAL,0
BRT,BRT_HUM_001,2026-03-02T08:11:00+00:00,54.683657567575956,%,GOOD,SYNTHETIC_ML_DATASET,NORMAL,0
BRT,BRT_POWER_001,2026-03-02T08:11:00+00:00,35.653315328582366,kW,GOOD,SYNTHETIC_ML_DATASET,NORMAL,0
BRT,BRT_PRESS_001,2026-03-02T08:11:00+00:00,982.6427166373828,hPa,GOOD,SYNTHETIC_ML_DATASET,NORMAL,0
BRT,BRT_TEMP_001,2026-03-02T08:11:00+00:00,-13.948341491628145,C,GOOD,SYNTHETIC_ML_DATASET,NORMAL,0
BRT,BRT_VIB_001,2026-03-02T08:11:00+00:00,0.6099787711820448,mm/s,GOOD,SYNTHETIC_ML_DATASET,NORMAL,0
BRT,BRT_HUM_001,2026-03-02T08:12:00+00:00,54.45181648643855,%,GOOD,SYNTHETIC_ML_DATASET,NORMAL,0
BRT,BRT_POWER_001,2026-03-02T08:12:00+00:00,35.72909884297882,kW,GOOD,SYNTHETIC_ML_DATASET,NORMAL,0
BRT,BRT_PRESS_001,2026-03-02T08:12:00+00:00,982.8536608679402,hPa,GOOD,SYNTHETIC_ML_DATASET,NORMAL,0
BRT,BRT_TEMP_001,2026-03-02T08:12:00+00:00,-14.058806782903938,C,GOOD,SYNTHETIC_ML_DATASET,NORMAL,0
BRT,BRT_VIB_001,2026-03-02T08:12:00+00:00,0.6155248032725874,mm/s,GOOD,SYNTHETIC_ML_DATASET,NORMAL,0
BRT,BRT_HUM_001,2026-03-02T08:13:00+00:00,53.859342750950454,%,GOOD,SYNTHETIC_ML_DATASET,NORMAL,0
BRT,BRT_POWER_001,2026-03-02T08:13:00+00:00,35.762735175450956,kW,GOOD,SYNTHETIC_ML_DATASET,NORMAL,0
BRT,BRT_PRESS_001,2026-03-02T08:13:00+00:00,982.6605168548267,hPa,GOOD,SYNTHETIC_ML_DATASET,NORMAL,0
BRT,BRT_TEMP_001,2026-03-02T08:13:00+00:00,-13.842319629067285,C,GOOD,SYNTHETIC_ML_DATASET,NORMAL,0
BRT,BRT_VIB_001,2026-03-02T08:13:00+00:00,0.6296705027188058,mm/s,GOOD,SYNTHETIC_ML_DATASET,NORMAL,0
BRT,BRT_HUM_001,2026-03-02T08:14:00+00:00,54.014223369261124,%,GOOD,SYNTHETIC_ML_DATASET,NORMAL,0
BRT,BRT_POWER_001,2026-03-02T08:14:00+00:00,36.497428837802524,kW,GOOD,SYNTHETIC_ML_DATASET,NORMAL,0
BRT,BRT_PRESS_001,2026-03-02T08:14:00+00:00,982.6977979245127,hPa,GOOD,SYNTHETIC_ML_DATASET,NORMAL,0
BRT,BRT_TEMP_001,2026-03-02T08:14:00+00:00,-14.032010272311616,C,GOOD,SYNTHETIC_ML_DATASET,NORMAL,0
BRT,BRT_VIB_001,2026-03-02T08:14:00+00:00,0.6318760898512532,mm/s,GOOD,SYNTHETIC_ML_DATASET,NORMAL,0
BRT,BRT_HUM_001,2026-03-02T08:15:00+00:00,53.862220744890614,%,GOOD,SYNTHETIC_ML_DATASET,NORMAL,0
BRT,BRT_POWER_001,2026-03-02T08:15:00+00:00,36.257491357362284,kW,GOOD,SYNTHETIC_ML_DATASET,NORMAL,0
BRT,BRT_PRESS_001,2026-03-02T08:15:00+00:00,982.7773319572221,hPa,GOOD,SYNTHETIC_ML_DATASET,NORMAL,0
BRT,BRT_TEMP_001,2026-03-02T08:15:00+00:00,-13.884339257157645,C,GOOD,SYNTHETIC_ML_DATASET,NORMAL,0
BRT,BRT_VIB_001,2026-03-02T08:15:00+00:00,0.6459321339754162,mm/s,GOOD,SYNTHETIC_ML_DATASET,NORMAL,0
BRT,BRT_HUM_001,2026-03-02T08:16:00+00:00,53.16482625860671,%,GOOD,SYNTHETIC_ML_DATASET,NORMAL,0
BRT,BRT_POWER_001,2026-03-02T08:16:00+00:00,36.579189760769744,kW,GOOD,SYNTHETIC_ML_DATASET,NORMAL,0
BRT,BRT_PRESS_001,2026-03-02T08:16:00+00:00,982.5329990451106,hPa,GOOD,SYNTHETIC_ML_DATASET,NORMAL,0
BRT,BRT_TEMP_001,2026-03-02T08:16:00+00:00,-13.773798425082088,C,GOOD,SYNTHETIC_ML_DATASET,NORMAL,0
BRT,BRT_VIB_001,2026-03-02T08:16:00+00:00,0.6290718000591451,mm/s,GOOD,SYNTHETIC_ML_DATASET,NORMAL,0
BRT,BRT_HUM_001,2026-03-02T08:17:00+00:00,53.185867730507915,%,GOOD,SYNTHETIC_ML_DATASET,NORMAL,0
BRT,BRT_POWER_001,2026-03-02T08:17:00+00:00,36.68627498111303,kW,GOOD,SYNTHETIC_ML_DATASET,NORMAL,0
BRT,BRT_PRESS_001,2026-03-02T08:17:00+00:00,982.4278559423394,hPa,GOOD,SYNTHETIC_ML_DATASET,NORMAL,0
BRT,BRT_TEMP_001,2026-03-02T08:17:00+00:00,-13.94908385724841,C,GOOD,SYNTHETIC_ML_DATASET,NORMAL,0
BRT,BRT_VIB_001,2026-03-02T08:17:00+00:00,0.6319341126790207,mm/s,GOOD,SYNTHETIC_ML_DATASET,NORMAL,0
BRT,BRT_HUM_001,2026-03-02T08:18:00+00:00,52.67308613770801,%,GOOD,SYNTHETIC_ML_DATASET,NORMAL,0
BRT,BRT_POWER_001,2026-03-02T08:18:00+00:00,37.02767089682008,kW,GOOD,SYNTHETIC_ML_DATASET,NORMAL,0
BRT,BRT_PRESS_001,2026-03-02T08:18:00+00:00,982.4735363004655,hPa,GOOD,SYNTHETIC_ML_DATASET,NORMAL,0
BRT,BRT_TEMP_001,2026-03-02T08:18:00+00:00,-14.038532996719209,C,GOOD,SYNTHETIC_ML_DATASET,NORMAL,0
BRT,BRT_VIB_001,2026-03-02T08:18:00+00:00,0.60092549232347,mm/s,GOOD,SYNTHETIC_ML_DATASET,NORMAL,0
BRT,BRT_HUM_001,2026-03-02T08:19:00+00:00,52.784823198901,%,GOOD,SYNTHETIC_ML_DATASET,NORMAL,0
BRT,BRT_POWER_001,2026-03-02T08:19:00+00:00,36.33381438959988,kW,GOOD,SYNTHETIC_ML_DATASET,NORMAL,0
BRT,BRT_PRESS_001,2026-03-02T08:19:00+00:00,982.3447368952054,hPa,GOOD,SYNTHETIC_ML_DATASET,NORMAL,0
BRT,BRT_TEMP_001,2026-03-02T08:19:00+00:00,-13.945686489974799,C,GOOD,SYNTHETIC_ML_DATASET,NORMAL,0
BRT,BRT_VIB_001,2026-03-02T08:19:00+00:00,0.6243337461734442,mm/s,GOOD,SYNTHETIC_ML_DATASET,NORMAL,0
BRT,BRT_HUM_001,2026-03-02T08:20:00+00:00,52.784823198901,%,BAD,SYNTHETIC_ML_DATASET,STUCK_VALUE,1
BRT,BRT_POWER_001,2026-03-02T08:20:00+00:00,36.33381438959988,kW,BAD,SYNTHETIC_ML_DATASET,STUCK_VALUE,1
BRT,BRT_PRESS_001,2026-03-02T08:20:00+00:00,982.3447368952054,hPa,BAD,SYNTHETIC_ML_DATASET,STUCK_VALUE,1
BRT,BRT_TEMP_001,2026-03-02T08:20:00+00:00,-13.945686489974799,C,BAD,SYNTHETIC_ML_DATASET,STUCK_VALUE,1
BRT,BRT_VIB_001,2026-03-02T08:20:00+00:00,0.6243337461734442,mm/s,BAD,SYNTHETIC_ML_DATASET,STUCK_VALUE,1
BRT,BRT_HUM_001,2026-03-02T08:21:00+00:00,52.784823198901,%,BAD,SYNTHETIC_ML_DATASET,STUCK_VALUE,1
BRT,BRT_POWER_001,2026-03-02T08:21:00+00:00,36.33381438959988,kW,BAD,SYNTHETIC_ML_DATASET,STUCK_VALUE,1
BRT,BRT_PRESS_001,2026-03-02T08:21:00+00:00,982.3447368952054,hPa,BAD,SYNTHETIC_ML_DATASET,STUCK_VALUE,1
BRT,BRT_TEMP_001,2026-03-02T08:21:00+00:00,-13.945686489974799,C,BAD,SYNTHETIC_ML_DATASET,STUCK_VALUE,1
BRT,BRT_VIB_001,2026-03-02T08:21:00+00:00,0.6243337461734442,mm/s,BAD,SYNTHETIC_ML_DATASET,STUCK_VALUE,1
BRT,BRT_HUM_001,2026-03-02T08:22:00+00:00,52.784823198901,%,BAD,SYNTHETIC_ML_DATASET,STUCK_VALUE,1
BRT,BRT_POWER_001,2026-03-02T08:22:00+00:00,36.33381438959988,kW,BAD,SYNTHETIC_ML_DATASET,STUCK_VALUE,1
BRT,BRT_PRESS_001,2026-03-02T08:22:00+00:00,982.3447368952054,hPa,BAD,SYNTHETIC_ML_DATASET,STUCK_VALUE,1
BRT,BRT_TEMP_001,2026-03-02T08:22:00+00:00,-13.945686489974799,C,BAD,SYNTHETIC_ML_DATASET,STUCK_VALUE,1
BRT,BRT_VIB_001,2026-03-02T08:22:00+00:00,0.6243337461734442,mm/s,BAD,SYNTHETIC_ML_DATASET,STUCK_VALUE,1
BRT,BRT_HUM_001,2026-03-02T08:23:00+00:00,52.784823198901,%,BAD,SYNTHETIC_ML_DATASET,STUCK_VALUE,1
BRT,BRT_POWER_001,2026-03-02T08:23:00+00:00,36.33381438959988,kW,BAD,SYNTHETIC_ML_DATASET,STUCK_VALUE,1
BRT,BRT_PRESS_001,2026-03-02T08:23:00+00:00,982.3447368952054,hPa,BAD,SYNTHETIC_ML_DATASET,STUCK_VALUE,1
BRT,BRT_TEMP_001,2026-03-02T08:23:00+00:00,-13.945686489974799,C,BAD,SYNTHETIC_ML_DATASET,STUCK_VALUE,1
BRT,BRT_VIB_001,2026-03-02T08:23:00+00:00,0.6243337461734442,mm/s,BAD,SYNTHETIC_ML_DATASET,STUCK_VALUE,1
BRT,BRT_HUM_001,2026-03-02T08:24:00+00:00,52.784823198901,%,BAD,SYNTHETIC_ML_DATASET,STUCK_VALUE,1
BRT,BRT_POWER_001,2026-03-02T08:24:00+00:00,36.33381438959988,kW,BAD,SYNTHETIC_ML_DATASET,STUCK_VALUE,1
BRT,BRT_PRESS_001,2026-03-02T08:24:00+00:00,982.3447368952054,hPa,BAD,SYNTHETIC_ML_DATASET,STUCK_VALUE,1
BRT,BRT_TEMP_001,2026-03-02T08:24:00+00:00,-13.945686489974799,C,BAD,SYNTHETIC_ML_DATASET,STUCK_VALUE,1
BRT,BRT_VIB_001,2026-03-02T08:24:00+00:00,0.6243337461734442,mm/s,BAD,SYNTHETIC_ML_DATASET,STUCK_VALUE,1
BRT,BRT_HUM_001,2026-03-02T08:25:00+00:00,52.784823198901,%,BAD,SYNTHETIC_ML_DATASET,STUCK_VALUE,1
BRT,BRT_POWER_001,2026-03-02T08:25:00+00:00,36.33381438959988,kW,BAD,SYNTHETIC_ML_DATASET,STUCK_VALUE,1
BRT,BRT_PRESS_001,2026-03-02T08:25:00+00:00,982.3447368952054,hPa,BAD,SYNTHETIC_ML_DATASET,STUCK_VALUE,1
BRT,BRT_TEMP_001,2026-03-02T08:25:00+00:00,-13.945686489974799,C,BAD,SYNTHETIC_ML_DATASET,STUCK_VALUE,1
BRT,BRT_VIB_001,2026-03-02T08:25:00+00:00,0.6243337461734442,mm/s,BAD,SYNTHETIC_ML_DATASET,STUCK_VALUE,1
BRT,BRT_HUM_001,2026-03-02T08:26:00+00:00,52.784823198901,%,BAD,SYNTHETIC_ML_DATASET,STUCK_VALUE,1
BRT,BRT_POWER_001,2026-03-02T08:26:00+00:00,36.33381438959988,kW,BAD,SYNTHETIC_ML_DATASET,STUCK_VALUE,1
BRT,BRT_PRESS_001,2026-03-02T08:26:00+00:00,982.3447368952054,hPa,BAD,SYNTHETIC_ML_DATASET,STUCK_VALUE,1
BRT,BRT_TEMP_001,2026-03-02T08:26:00+00:00,-13.945686489974799,C,BAD,SYNTHETIC_ML_DATASET,STUCK_VALUE,1
BRT,BRT_VIB_001,2026-03-02T08:26:00+00:00,0.6243337461734442,mm/s,BAD,SYNTHETIC_ML_DATASET,STUCK_VALUE,1
BRT,BRT_HUM_001,2026-03-02T08:27:00+00:00,52.784823198901,%,BAD,SYNTHETIC_ML_DATASET,STUCK_VALUE,1
BRT,BRT_POWER_001,2026-03-02T08:27:00+00:00,36.33381438959988,kW,BAD,SYNTHETIC_ML_DATASET,STUCK_VALUE,1
BRT,BRT_PRESS_001,2026-03-02T08:27:00+00:00,982.3447368952054,hPa,BAD,SYNTHETIC_ML_DATASET,STUCK_VALUE,1
BRT,BRT_TEMP_001,2026-03-02T08:27:00+00:00,-13.945686489974799,C,BAD,SYNTHETIC_ML_DATASET,STUCK_VALUE,1
BRT,BRT_VIB_001,2026-03-02T08:27:00+00:00,0.6243337461734442,mm/s,BAD,SYNTHETIC_ML_DATASET,STUCK_VALUE,1
BRT,BRT_HUM_001,2026-03-02T08:28:00+00:00,52.784823198901,%,BAD,SYNTHETIC_ML_DATASET,STUCK_VALUE,1
BRT,BRT_POWER_001,2026-03-02T08:28:00+00:00,36.33381438959988,kW,BAD,SYNTHETIC_ML_DATASET,STUCK_VALUE,1
BRT,BRT_PRESS_001,2026-03-02T08:28:00+00:00,982.3447368952054,hPa,BAD,SYNTHETIC_ML_DATASET,STUCK_VALUE,1
BRT,BRT_TEMP_001,2026-03-02T08:28:00+00:00,-13.945686489974799,C,BAD,SYNTHETIC_ML_DATASET,STUCK_VALUE,1
BRT,BRT_VIB_001,2026-03-02T08:28:00+00:00,0.6243337461734442,mm/s,BAD,SYNTHETIC_ML_DATASET,STUCK_VALUE,1
BRT,BRT_HUM_001,2026-03-02T08:29:00+00:00,52.784823198901,%,BAD,SYNTHETIC_ML_DATASET,STUCK_VALUE,1
BRT,BRT_POWER_001,2026-03-02T08:29:00+00:00,36.33381438959988,kW,BAD,SYNTHETIC_ML_DATASET,STUCK_VALUE,1
BRT,BRT_PRESS_001,2026-03-02T08:29:00+00:00,982.3447368952054,hPa,BAD,SYNTHETIC_ML_DATASET,STUCK_VALUE,1
BRT,BRT_TEMP_001,2026-03-02T08:29:00+00:00,-13.945686489974799,C,BAD,SYNTHETIC_ML_DATASET,STUCK_VALUE,1
BRT,BRT_VIB_001,2026-03-02T08:29:00+00:00,0.6243337461734442,mm/s,BAD,SYNTHETIC_ML_DATASET,STUCK_VALUE,1
BRT,BRT_HUM_001,2026-03-02T08:30:00+00:00,52.784823198901,%,BAD,SYNTHETIC_ML_DATASET,STUCK_VALUE,1
BRT,BRT_POWER_001,2026-03-02T08:30:00+00:00,36.33381438959988,kW,BAD,SYNTHETIC_ML_DATASET,STUCK_VALUE,1
BRT,BRT_PRESS_001,2026-03-02T08:30:00+00:00,982.3447368952054,hPa,BAD,SYNTHETIC_ML_DATASET,STUCK_VALUE,1
BRT,BRT_TEMP_001,2026-03-02T08:30:00+00:00,-13.945686489974799,C,BAD,SYNTHETIC_ML_DATASET,STUCK_VALUE,1
BRT,BRT_VIB_001,2026-03-02T08:30:00+00:00,0.6243337461734442,mm/s,BAD,SYNTHETIC_ML_DATASET,STUCK_VALUE,1
BRT,BRT_HUM_001,2026-03-02T08:31:00+00:00,52.784823198901,%,BAD,SYNTHETIC_ML_DATASET,STUCK_VALUE,1
BRT,BRT_POWER_001,2026-03-02T08:31:00+00:00,36.33381438959988,kW,BAD,SYNTHETIC_ML_DATASET,STUCK_VALUE,1
BRT,BRT_PRESS_001,2026-03-02T08:31:00+00:00,982.3447368952054,hPa,BAD,SYNTHETIC_ML_DATASET,STUCK_VALUE,1
BRT,BRT_TEMP_001,2026-03-02T08:31:00+00:00,-13.945686489974799,C,BAD,SYNTHETIC_ML_DATASET,STUCK_VALUE,1
BRT,BRT_VIB_001,2026-03-02T08:31:00+00:00,0.6243337461734442,mm/s,BAD,SYNTHETIC_ML_DATASET,STUCK_VALUE,1
BRT,BRT_HUM_001,2026-03-02T08:32:00+00:00,52.784823198901,%,BAD,SYNTHETIC_ML_DATASET,STUCK_VALUE,1
BRT,BRT_POWER_001,2026-03-02T08:32:00+00:00,36.33381438959988,kW,BAD,SYNTHETIC_ML_DATASET,STUCK_VALUE,1
BRT,BRT_PRESS_001,2026-03-02T08:32:00+00:00,982.3447368952054,hPa,BAD,SYNTHETIC_ML_DATASET,STUCK_VALUE,1
BRT,BRT_TEMP_001,2026-03-02T08:32:00+00:00,-13.945686489974799,C,BAD,SYNTHETIC_ML_DATASET,STUCK_VALUE,1
BRT,BRT_VIB_001,2026-03-02T08:32:00+00:00,0.6243337461734442,mm/s,BAD,SYNTHETIC_ML_DATASET,STUCK_VALUE,1
BRT,BRT_HUM_001,2026-03-02T08:33:00+00:00,52.784823198901,%,BAD,SYNTHETIC_ML_DATASET,STUCK_VALUE,1
BRT,BRT_POWER_001,2026-03-02T08:33:00+00:00,36.33381438959988,kW,BAD,SYNTHETIC_ML_DATASET,STUCK_VALUE,1
BRT,BRT_PRESS_001,2026-03-02T08:33:00+00:00,982.3447368952054,hPa,BAD,SYNTHETIC_ML_DATASET,STUCK_VALUE,1
BRT,BRT_TEMP_001,2026-03-02T08:33:00+00:00,-13.945686489974799,C,BAD,SYNTHETIC_ML_DATASET,STUCK_VALUE,1
BRT,BRT_VIB_001,2026-03-02T08:33:00+00:00,0.6243337461734442,mm/s,BAD,SYNTHETIC_ML_DATASET,STUCK_VALUE,1
BRT,BRT_HUM_001,2026-03-02T08:34:00+00:00,52.784823198901,%,BAD,SYNTHETIC_ML_DATASET,STUCK_VALUE,1
BRT,BRT_POWER_001,2026-03-02T08:34:00+00:00,36.33381438959988,kW,BAD,SYNTHETIC_ML_DATASET,STUCK_VALUE,1
BRT,BRT_PRESS_001,2026-03-02T08:34:00+00:00,982.3447368952054,hPa,BAD,SYNTHETIC_ML_DATASET,STUCK_VALUE,1
BRT,BRT_TEMP_001,2026-03-02T08:34:00+00:00,-13.945686489974799,C,BAD,SYNTHETIC_ML_DATASET,STUCK_VALUE,1
BRT,BRT_VIB_001,2026-03-02T08:34:00+00:00,0.6243337461734442,mm/s,BAD,SYNTHETIC_ML_DATASET,STUCK_VALUE,1
BRT,BRT_HUM_001,2026-03-02T08:35:00+00:00,52.784823198901,%,BAD,SYNTHETIC_ML_DATASET,STUCK_VALUE,1
BRT,BRT_POWER_001,2026-03-02T08:35:00+00:00,36.33381438959988,kW,BAD,SYNTHETIC_ML_DATASET,STUCK_VALUE,1
BRT,BRT_PRESS_001,2026-03-02T08:35:00+00:00,982.3447368952054,hPa,BAD,SYNTHETIC_ML_DATASET,STUCK_VALUE,1
BRT,BRT_TEMP_001,2026-03-02T08:35:00+00:00,-13.945686489974799,C,BAD,SYNTHETIC_ML_DATASET,STUCK_VALUE,1
BRT,BRT_VIB_001,2026-03-02T08:35:00+00:00,0.6243337461734442,mm/s,BAD,SYNTHETIC_ML_DATASET,STUCK_VALUE,1
BRT,BRT_HUM_001,2026-03-02T08:36:00+00:00,52.784823198901,%,BAD,SYNTHETIC_ML_DATASET,STUCK_VALUE,1
BRT,BRT_POWER_001,2026-03-02T08:36:00+00:00,36.33381438959988,kW,BAD,SYNTHETIC_ML_DATASET,STUCK_VALUE,1
BRT,BRT_PRESS_001,2026-03-02T08:36:00+00:00,982.3447368952054,hPa,BAD,SYNTHETIC_ML_DATASET,STUCK_VALUE,1
BRT,BRT_TEMP_001,2026-03-02T08:36:00+00:00,-13.945686489974799,C,BAD,SYNTHETIC_ML_DATASET,STUCK_VALUE,1
BRT,BRT_VIB_001,2026-03-02T08:36:00+00:00,0.6243337461734442,mm/s,BAD,SYNTHETIC_ML_DATASET,STUCK_VALUE,1
BRT,BRT_HUM_001,2026-03-02T08:37:00+00:00,52.784823198901,%,BAD,SYNTHETIC_ML_DATASET,STUCK_VALUE,1
BRT,BRT_POWER_001,2026-03-02T08:37:00+00:00,36.33381438959988,kW,BAD,SYNTHETIC_ML_DATASET,STUCK_VALUE,1
BRT,BRT_PRESS_001,2026-03-02T08:37:00+00:00,982.3447368952054,hPa,BAD,SYNTHETIC_ML_DATASET,STUCK_VALUE,1
BRT,BRT_TEMP_001,2026-03-02T08:37:00+00:00,-13.945686489974799,C,BAD,SYNTHETIC_ML_DATASET,STUCK_VALUE,1
BRT,BRT_VIB_001,2026-03-02T08:37:00+00:00,0.6243337461734442,mm/s,BAD,SYNTHETIC_ML_DATASET,STUCK_VALUE,1
BRT,BRT_HUM_001,2026-03-02T08:38:00+00:00,52.784823198901,%,BAD,SYNTHETIC_ML_DATASET,STUCK_VALUE,1
BRT,BRT_POWER_001,2026-03-02T08:38:00+00:00,36.33381438959988,kW,BAD,SYNTHETIC_ML_DATASET,STUCK_VALUE,1
BRT,BRT_PRESS_001,2026-03-02T08:38:00+00:00,982.3447368952054,hPa,BAD,SYNTHETIC_ML_DATASET,STUCK_VALUE,1
BRT,BRT_TEMP_001,2026-03-02T08:38:00+00:00,-13.945686489974799,C,BAD,SYNTHETIC_ML_DATASET,STUCK_VALUE,1
BRT,BRT_VIB_001,2026-03-02T08:38:00+00:00,0.6243337461734442,mm/s,BAD,SYNTHETIC_ML_DATASET,STUCK_VALUE,1
BRT,BRT_HUM_001,2026-03-02T08:39:00+00:00,52.784823198901,%,BAD,SYNTHETIC_ML_DATASET,STUCK_VALUE,1
BRT,BRT_POWER_001,2026-03-02T08:39:00+00:00,36.33381438959988,kW,BAD,SYNTHETIC_ML_DATASET,STUCK_VALUE,1
BRT,BRT_PRESS_001,2026-03-02T08:39:00+00:00,982.3447368952054,hPa,BAD,SYNTHETIC_ML_DATASET,STUCK_VALUE,1
BRT,BRT_TEMP_001,2026-03-02T08:39:00+00:00,-13.945686489974799,C,BAD,SYNTHETIC_ML_DATASET,STUCK_VALUE,1
BRT,BRT_VIB_001,2026-03-02T08:39:00+00:00,0.6243337461734442,mm/s,BAD,SYNTHETIC_ML_DATASET,STUCK_VALUE,1
BRT,BRT_HUM_001,2026-03-02T08:40:00+00:00,52.784823198901,%,BAD,SYNTHETIC_ML_DATASET,STUCK_VALUE,1
BRT,BRT_POWER_001,2026-03-02T08:40:00+00:00,36.33381438959988,kW,BAD,SYNTHETIC_ML_DATASET,STUCK_VALUE,1
BRT,BRT_PRESS_001,2026-03-02T08:40:00+00:00,982.3447368952054,hPa,BAD,SYNTHETIC_ML_DATASET,STUCK_VALUE,1
BRT,BRT_TEMP_001,2026-03-02T08:40:00+00:00,-13.945686489974799,C,BAD,SYNTHETIC_ML_DATASET,STUCK_VALUE,1
BRT,BRT_VIB_001,2026-03-02T08:40:00+00:00,0.6243337461734442,mm/s,BAD,SYNTHETIC_ML_DATASET,STUCK_VALUE,1
BRT,BRT_HUM_001,2026-03-02T08:41:00+00:00,52.784823198901,%,BAD,SYNTHETIC_ML_DATASET,STUCK_VALUE,1
BRT,BRT_POWER_001,2026-03-02T08:41:00+00:00,36.33381438959988,kW,BAD,SYNTHETIC_ML_DATASET,STUCK_VALUE,1
BRT,BRT_PRESS_001,2026-03-02T08:41:00+00:00,982.3447368952054,hPa,BAD,SYNTHETIC_ML_DATASET,STUCK_VALUE,1
BRT,BRT_TEMP_001,2026-03-02T08:41:00+00:00,-13.945686489974799,C,BAD,SYNTHETIC_ML_DATASET,STUCK_VALUE,1
BRT,BRT_VIB_001,2026-03-02T08:41:00+00:00,0.6243337461734442,mm/s,BAD,SYNTHETIC_ML_DATASET,STUCK_VALUE,1
BRT,BRT_HUM_001,2026-03-02T08:42:00+00:00,52.784823198901,%,BAD,SYNTHETIC_ML_DATASET,STUCK_VALUE,1
BRT,BRT_POWER_001,2026-03-02T08:42:00+00:00,36.33381438959988,kW,BAD,SYNTHETIC_ML_DATASET,STUCK_VALUE,1
BRT,BRT_PRESS_001,2026-03-02T08:42:00+00:00,982.3447368952054,hPa,BAD,SYNTHETIC_ML_DATASET,STUCK_VALUE,1
BRT,BRT_TEMP_001,2026-03-02T08:42:00+00:00,-13.945686489974799,C,BAD,SYNTHETIC_ML_DATASET,STUCK_VALUE,1
BRT,BRT_VIB_001,2026-03-02T08:42:00+00:00,0.6243337461734442,mm/s,BAD,SYNTHETIC_ML_DATASET,STUCK_VALUE,1
BRT,BRT_HUM_001,2026-03-02T08:43:00+00:00,52.784823198901,%,BAD,SYNTHETIC_ML_DATASET,STUCK_VALUE,1
BRT,BRT_POWER_001,2026-03-02T08:43:00+00:00,36.33381438959988,kW,BAD,SYNTHETIC_ML_DATASET,STUCK_VALUE,1
BRT,BRT_PRESS_001,2026-03-02T08:43:00+00:00,982.3447368952054,hPa,BAD,SYNTHETIC_ML_DATASET,STUCK_VALUE,1
BRT,BRT_TEMP_001,2026-03-02T08:43:00+00:00,-13.945686489974799,C,BAD,SYNTHETIC_ML_DATASET,STUCK_VALUE,1
BRT,BRT_VIB_001,2026-03-02T08:43:00+00:00,0.6243337461734442,mm/s,BAD,SYNTHETIC_ML_DATASET,STUCK_VALUE,1
BRT,BRT_HUM_001,2026-03-02T08:44:00+00:00,52.667115275941626,%,GOOD,SYNTHETIC_ML_DATASET,NORMAL,0
BRT,BRT_POWER_001,2026-03-02T08:44:00+00:00,36.454916040242736,kW,GOOD,SYNTHETIC_ML_DATASET,NORMAL,0
BRT,BRT_PRESS_001,2026-03-02T08:44:00+00:00,983.0508984082936,hPa,GOOD,SYNTHETIC_ML_DATASET,NORMAL,0
BRT,BRT_TEMP_001,2026-03-02T08:44:00+00:00,-13.99265149746902,C,GOOD,SYNTHETIC_ML_DATASET,NORMAL,0
BRT,BRT_VIB_001,2026-03-02T08:44:00+00:00,0.6697711697075689,mm/s,GOOD,SYNTHETIC_ML_DATASET,NORMAL,0
BRT,BRT_HUM_001,2026-03-02T08:45:00+00:00,53.177097096135,%,GOOD,SYNTHETIC_ML_DATASET,NORMAL,0
BRT,BRT_POWER_001,2026-03-02T08:45:00+00:00,35.69470221428397,kW,GOOD,SYNTHETIC_ML_DATASET,NORMAL,0
BRT,BRT_PRESS_001,2026-03-02T08:45:00+00:00,983.025652226816,hPa,GOOD,SYNTHETIC_ML_DATASET,NORMAL,0
BRT,BRT_TEMP_001,2026-03-02T08:45:00+00:00,-13.93370747971614,C,GOOD,SYNTHETIC_ML_DATASET,NORMAL,0
BRT,BRT_VIB_001,2026-03-02T08:45:00+00:00,0.6713410991571683,mm/s,GOOD,SYNTHETIC_ML_DATASET,NORMAL,0
BRT,BRT_HUM_001,2026-03-02T08:46:00+00:00,53.78070740625659,%,GOOD,SYNTHETIC_ML_DATASET,NORMAL,0
BRT,BRT_POWER_001,2026-03-02T08:46:00+00:00,36.05967927055036,kW,GOOD,SYNTHETIC_ML_DATASET,NORMAL,0
BRT,BRT_PRESS_001,2026-03-02T08:46:00+00:00,982.8668569695812,hPa,GOOD,SYNTHETIC_ML_DATASET,NORMAL,0
BRT,BRT_TEMP_001,2026-03-02T08:46:00+00:00,-13.861364351233304,C,GOOD,SYNTHETIC_ML_DATASET,NORMAL,0
BRT,BRT_VIB_001,2026-03-02T08:46:00+00:00,0.6737947771291455,mm/s,GOOD,SYNTHETIC_ML_DATASET,NORMAL,0
BRT,BRT_HUM_001,2026-03-02T08:47:00+00:00,53.00074144415019,%,GOOD,SYNTHETIC_ML_DATASET,NORMAL,0
BRT,BRT_POWER_001,2026-03-02T08:47:00+00:00,36.42433955225146,kW,GOOD,SYNTHETIC_ML_DATASET,NORMAL,0
BRT,BRT_PRESS_001,2026-03-02T08:47:00+00:00,982.9174425759103,hPa,GOOD,SYNTHETIC_ML_DATASET,NORMAL,0
BRT,BRT_TEMP_001,2026-03-02T08:47:00+00:00,-13.806264779640658,C,GOOD,SYNTHETIC_ML_DATASET,NORMAL,0
BRT,BRT_VIB_001,2026-03-02T08:47:00+00:00,0.6831973708342752,mm/s,GOOD,SYNTHETIC_ML_DATASET,NORMAL,0
BRT,BRT_HUM_001,2026-03-02T08:48:00+00:00,53.171266021743,%,GOOD,SYNTHETIC_ML_DATASET,NORMAL,0
BRT,BRT_POWER_001,2026-03-02T08:48:00+00:00,36.975569260011284,kW,GOOD,SYNTHETIC_ML_DATASET,NORMAL,0
BRT,BRT_PRESS_001,2026-03-02T08:48:00+00:00,982.9646718444261,hPa,GOOD,SYNTHETIC_ML_DATASET,NORMAL,0
BRT,BRT_TEMP_001,2026-03-02T08:48:00+00:00,-13.73296233064333,C,GOOD,SYNTHETIC_ML_DATASET,NORMAL,0
BRT,BRT_VIB_001,2026-03-02T08:48:00+00:00,0.6778584600933842,mm/s,GOOD,SYNTHETIC_ML_DATASET,NORMAL,0
BRT,BRT_HUM_001,2026-03-02T08:49:00+00:00,53.466473214381345,%,GOOD,SYNTHETIC_ML_DATASET,NORMAL,0
BRT,BRT_POWER_001,2026-03-02T08:49:00+00:00,36.403160655479,kW,GOOD,SYNTHETIC_ML_DATASET,NORMAL,0
BRT,BRT_PRESS_001,2026-03-02T08:49:00+00:00,982.9782843781703,hPa,GOOD,SYNTHETIC_ML_DATASET,NORMAL,0
BRT,BRT_TEMP_001,2026-03-02T08:49:00+00:00,-13.631349832684782,C,GOOD,SYNTHETIC_ML_DATASET,NORMAL,0
BRT,BRT_VIB_001,2026-03-02T08:49:00+00:00,0.6936919424618091,mm/s,GOOD,SYNTHETIC_ML_DATASET,NORMAL,0
BRT,BRT_HUM_001,2026-03-02T08:50:00+00:00,53.686598540592115,%,GOOD,SYNTHETIC_ML_DATASET,NORMAL,0
BRT,BRT_POWER_001,2026-03-02T08:50:00+00:00,36.869282463605785,kW,GOOD,SYNTHETIC_ML_DATASET,NORMAL,0
BRT,BRT_PRESS_001,2026-03-02T08:50:00+00:00,982.8200429222702,hPa,GOOD,SYNTHETIC_ML_DATASET,NORMAL,0
BRT,BRT_TEMP_001,2026-03-02T08:50:00+00:00,-13.642137815742931,C,GOOD,SYNTHETIC_ML_DATASET,NORMAL,0
BRT,BRT_VIB_001,2026-03-02T08:50:00+00:00,0.7048897162033254,mm/s,GOOD,SYNTHETIC_ML_DATASET,NORMAL,0
BRT,BRT_HUM_001,2026-03-02T08:51:00+00:00,53.60637277999089,%,GOOD,SYNTHETIC_ML_DATASET,NORMAL,0
BRT,BRT_POWER_001,2026-03-02T08:51:00+00:00,36.7452332314931,kW,GOOD,SYNTHETIC_ML_DATASET,NORMAL,0
BRT,BRT_PRESS_001,2026-03-02T08:51:00+00:00,982.7868514310234,hPa,GOOD,SYNTHETIC_ML_DATASET,NORMAL,0
BRT,BRT_TEMP_001,2026-03-02T08:51:00+00:00,-13.41561100401681,C,GOOD,SYNTHETIC_ML_DATASET,NORMAL,0
BRT,BRT_VIB_001,2026-03-02T08:51:00+00:00,0.6853723263319816,mm/s,GOOD,SYNTHETIC_ML_DATASET,NORMAL,0
BRT,BRT_HUM_001,2026-03-02T08:52:00+00:00,53.61533968321764,%,GOOD,SYNTHETIC_ML_DATASET,NORMAL,0
BRT,BRT_POWER_001,2026-03-02T08:52:00+00:00,37.029135804858285,kW,GOOD,SYNTHETIC_ML_DATASET,NORMAL,0
BRT,BRT_PRESS_001,2026-03-02T08:52:00+00:00,982.8335688180185,hPa,GOOD,SYNTHETIC_ML_DATASET,NORMAL,0
BRT,BRT_TEMP_001,2026-03-02T08:52:00+00:00,-13.334672192829071,C,GOOD,SYNTHETIC_ML_DATASET,NORMAL,0
BRT,BRT_VIB_001,2026-03-02T08:52:00+00:00,0.7033472194796351,mm/s,GOOD,SYNTHETIC_ML_DATASET,NORMAL,0
BRT,BRT_HUM_001,2026-03-02T08:53:00+00:00,53.99808627106439,%,GOOD,SYNTHETIC_ML_DATASET,NORMAL,0
BRT,BRT_POWER_001,2026-03-02T08:53:00+00:00,37.25103083050028,kW,GOOD,SYNTHETIC_ML_DATASET,NORMAL,0
BRT,BRT_PRESS_001,2026-03-02T08:53:00+00:00,982.8821437826006,hPa,GOOD,SYNTHETIC_ML_DATASET,NORMAL,0
BRT,BRT_TEMP_001,2026-03-02T08:53:00+00:00,-12.95270411383313,C,GOOD,SYNTHETIC_ML_DATASET,NORMAL,0
BRT,BRT_VIB_001,2026-03-02T08:53:00+00:00,0.7141856409027624,mm/s,GOOD,SYNTHETIC_ML_DATASET,NORMAL,0
BRT,BRT_HUM_001,2026-03-02T08:54:00+00:00,53.51792642013,%,GOOD,SYNTHETIC_ML_DATASET,NORMAL,0
BRT,BRT_POWER_001,2026-03-02T08:54:00+00:00,37.75360782624671,kW,GOOD,SYNTHETIC_ML_DATASET,NORMAL,0
BRT,BRT_PRESS_001,2026-03-02T08:54:00+00:00,982.7187055913589,hPa,GOOD,SYNTHETIC_ML_DATASET,NORMAL,0
BRT,BRT_TEMP_001,2026-03-02T08:54:00+00:00,-13.265764723845379,C,GOOD,SYNTHETIC_ML_DATASET,NORMAL,0
BRT,BRT_VIB_001,2026-03-02T08:54:00+00:00,0.7081109505854638,mm/s,GOOD,SYNTHETIC_ML_DATASET,NORMAL,0
BRT,BRT_HUM_001,2026-03-02T08:55:00+00:00,54.02434981518474,%,GOOD,SYNTHETIC_ML_DATASET,NORMAL,0
BRT,BRT_POWER_001,2026-03-02T08:55:00+00:00,37.90203054868362,kW,GOOD,SYNTHETIC_ML_DATASET,NORMAL,0
BRT,BRT_PRESS_001,2026-03-02T08:55:00+00:00,983.1133797896017,hPa,GOOD,SYNTHETIC_ML_DATASET,NORMAL,0
BRT,BRT_TEMP_001,2026-03-02T08:55:00+00:00,-13.024298686513248,C,GOOD,SYNTHETIC_ML_DATASET,NORMAL,0
BRT,BRT_VIB_001,2026-03-02T08:55:00+00:00,0.6983783543169703,mm/s,GOOD,SYNTHETIC_ML_DATASET,NORMAL,0
BRT,BRT_HUM_001,2026-03-02T08:56:00+00:00,54.139748199958994,%,GOOD,SYNTHETIC_ML_DATASET,NORMAL,0
BRT,BRT_POWER_001,2026-03-02T08:56:00+00:00,37.78170390898501,kW,GOOD,SYNTHETIC_ML_DATASET,NORMAL,0
BRT,BRT_PRESS_001,2026-03-02T08:56:00+00:00,982.9555661182959,hPa,GOOD,SYNTHETIC_ML_DATASET,NORMAL,0
BRT,BRT_TEMP_001,2026-03-02T08:56:00+00:00,-13.135167361499619,C,GOOD,SYNTHETIC_ML_DATASET,NORMAL,0
BRT,BRT_VIB_001,2026-03-02T08:56:00+00:00,0.7025612453794378,mm/s,GOOD,SYNTHETIC_ML_DATASET,NORMAL,0
BRT,BRT_HUM_001,2026-03-02T08:57:00+00:00,54.29341629773269,%,GOOD,SYNTHETIC_ML_DATASET,NORMAL,0
BRT,BRT_POWER_001,2026-03-02T08:57:00+00:00,37.880148739448344,kW,GOOD,SYNTHETIC_ML_DATASET,NORMAL,0
BRT,BRT_PRESS_001,2026-03-02T08:57:00+00:00,983.1102425003282,hPa,GOOD,SYNTHETIC_ML_DATASET,NORMAL,0
BRT,BRT_TEMP_001,2026-03-02T08:57:00+00:00,-13.10024351335764,C,GOOD,SYNTHETIC_ML_DATASET,NORMAL,0
BRT,BRT_VIB_001,2026-03-02T08:57:00+00:00,0.709140379345165,mm/s,GOOD,SYNTHETIC_ML_DATASET,NORMAL,0
BRT,BRT_HUM_001,2026-03-02T08:58:00+00:00,53.69367909033068,%,GOOD,SYNTHETIC_ML_DATASET,NORMAL,0
BRT,BRT_POWER_001,2026-03-02T08:58:00+00:00,37.40966119027815,kW,GOOD,SYNTHETIC_ML_DATASET,NORMAL,0
BRT,BRT_PRESS_001,2026-03-02T08:58:00+00:00,983.0350085238019,hPa,GOOD,SYNTHETIC_ML_DATASET,NORMAL,0
BRT,BRT_TEMP_001,2026-03-02T08:58:00+00:00,-12.77481349653069,C,GOOD,SYNTHETIC_ML_DATASET,NORMAL,0
BRT,BRT_VIB_001,2026-03-02T08:58:00+00:00,0.6990051219675791,mm/s,GOOD,SYNTHETIC_ML_DATASET,NORMAL,0
BRT,BRT_HUM_001,2026-03-02T08:59:00+00:00,53.96254374586635,%,GOOD,SYNTHETIC_ML_DATASET,NORMAL,0
BRT,BRT_POWER_001,2026-03-02T08:59:00+00:00,37.463625173756974,kW,GOOD,SYNTHETIC_ML_DATASET,NORMAL,0
BRT,BRT_PRESS_001,2026-03-02T08:59:00+00:00,983.074471201243,hPa,GOOD,SYNTHETIC_ML_DATASET,NORMAL,0
BRT,BRT_TEMP_001,2026-03-02T08:59:00+00:00,-12.659971745520409,C,GOOD,SYNTHETIC_ML_DATASET,NORMAL,0
BRT,BRT_VIB_001,2026-03-02T08:59:00+00:00,0.6754928022059754,mm/s,GOOD,SYNTHETIC_ML_DATASET,NORMAL,0
BRT,BRT_HUM_001,2026-03-02T09:00:00+00:00,53.72637577661855,%,GOOD,SYNTHETIC_ML_DATASET,NORMAL,0
BRT,BRT_POWER_001,2026-03-02T09:00:00+00:00,37.005544913916495,kW,GOOD,SYNTHETIC_ML_DATASET,NORMAL,0
BRT,BRT_PRESS_001,2026-03-02T09:00:00+00:00,983.0662224699423,hPa,GOOD,SYNTHETIC_ML_DATASET,NORMAL,0
BRT,BRT_TEMP_001,2026-03-02T09:00:00+00:00,-12.626954365831862,C,GOOD,SYNTHETIC_ML_DATASET,NORMAL,0
BRT,BRT_VIB_001,2026-03-02T09:00:00+00:00,0.6560568041323537,mm/s,GOOD,SYNTHETIC_ML_DATASET,NORMAL,0
BRT,BRT_HUM_001,2026-03-02T09:01:00+00:00,54.19648225905762,%,GOOD,SYNTHETIC_ML_DATASET,NORMAL,0
BRT,BRT_POWER_001,2026-03-02T09:01:00+00:00,36.99658135917131,kW,GOOD,SYNTHETIC_ML_DATASET,NORMAL,0
BRT,BRT_PRESS_001,2026-03-02T09:01:00+00:00,983.0591554193768,hPa,GOOD,SYNTHETIC_ML_DATASET,NORMAL,0
BRT,BRT_TEMP_001,2026-03-02T09:01:00+00:00,-12.676773808272104,C,GOOD,SYNTHETIC_ML_DATASET,NORMAL,0
BRT,BRT_VIB_001,2026-03-02T09:01:00+00:00,0.6769893731080064,mm/s,GOOD,SYNTHETIC_ML_DATASET,NORMAL,0
BRT,BRT_HUM_001,2026-03-02T09:02:00+00:00,54.17474203726842,%,GOOD,SYNTHETIC_ML_DATASET,NORMAL,0
BRT,BRT_POWER_001,2026-03-02T09:02:00+00:00,37.264773759189296,kW,GOOD,SYNTHETIC_ML_DATASET,NORMAL,0
BRT,BRT_PRESS_001,2026-03-02T09:02:00+00:00,983.2521499338266,hPa,GOOD,SYNTHETIC_ML_DATASET,NORMAL,0
BRT,BRT_TEMP_001,2026-03-02T09:02:00+00:00,-12.617352189283363,C,GOOD,SYNTHETIC_ML_DATASET,NORMAL,0
BRT,BRT_VIB_001,2026-03-02T09:02:00+00:00,0.662027322575557,mm/s,GOOD,SYNTHETIC_ML_DATASET,NORMAL,0
BRT,BRT_HUM_001,2026-03-02T09:03:00+00:00,54.54995715471104,%,GOOD,SYNTHETIC_ML_DATASET,NORMAL,0
BRT,BRT_POWER_001,2026-03-02T09:03:00+00:00,37.74629626565122,kW,GOOD,SYNTHETIC_ML_DATASET,NORMAL,0
BRT,BRT_PRESS_001,2026-03-02T09:03:00+00:00,983.1906727421002,hPa,GOOD,SYNTHETIC_ML_DATASET,NORMAL,0
BRT,BRT_TEMP_001,2026-03-02T09:03:00+00:00,-12.679420000057702,C,GOOD,SYNTHETIC_ML_DATASET,NORMAL,0
BRT,BRT_VIB_001,2026-03-02T09:03:00+00:00,0.6493311378678959,mm/s,GOOD,SYNTHETIC_ML_DATASET,NORMAL,0
BRT,BRT_HUM_001,2026-03-02T09:04:00+00:00,54.02751667715142,%,GOOD,SYNTHETIC_ML_DATASET,NORMAL,0
BRT,BRT_POWER_001,2026-03-02T09:04:00+00:00,37.61368505527779,kW,GOOD,SYNTHETIC_ML_DATASET,NORMAL,0
BRT,BRT_PRESS_001,2026-03-02T09:04:00+00:00,983.07598287488,hPa,GOOD,SYNTHETIC_ML_DATASET,NORMAL,0
BRT,BRT_TEMP_001,2026-03-02T09:04:00+00:00,-12.624695049249627,C,GOOD,SYNTHETIC_ML_DATASET,NORMAL,0
BRT,BRT_VIB_001,2026-03-02T09:04:00+00:00,0.6403845688181112,mm/s,GOOD,SYNTHETIC_ML_DATASET,NORMAL,0
BRT,BRT_HUM_001,2026-03-02T09:05:00+00:00,54.85122847501872,%,GOOD,SYNTHETIC_ML_DATASET,NORMAL,0
BRT,BRT_POWER_001,2026-03-02T09:05:00+00:00,37.67527347453182,kW,GOOD,SYNTHETIC_ML_DATASET,NORMAL,0
BRT,BRT_PRESS_001,2026-03-02T09:05:00+00:00,983.0180669138307,hPa,GOOD,SYNTHETIC_ML_DATASET,NORMAL,0
BRT,BRT_TEMP_001,2026-03-02T09:05:00+00:00,-12.558998228392541,C,GOOD,SYNTHETIC_ML_DATASET,NORMAL,0
BRT,BRT_VIB_001,2026-03-02T09:05:00+00:00,0.6773509711264577,mm/s,GOOD,SYNTHETIC_ML_DATASET,NORMAL,0
BRT,BRT_HUM_001,2026-03-02T09:06:00+00:00,55.16879597069882,%,GOOD,SYNTHETIC_ML_DATASET,NORMAL,0
BRT,BRT_POWER_001,2026-03-02T09:06:00+00:00,37.77508109907843,kW,GOOD,SYNTHETIC_ML_DATASET,NORMAL,0
BRT,BRT_PRESS_001,2026-03-02T09:06:00+00:00,983.1507747614778,hPa,GOOD,SYNTHETIC_ML_DATASET,NORMAL,0
BRT,BRT_TEMP_001,2026-03-02T09:06:00+00:00,-12.517906208771866,C,GOOD,SYNTHETIC_ML_DATASET,NORMAL,0
BRT,BRT_VIB_001,2026-03-02T09:06:00+00:00,0.6527787653526251,mm/s,GOOD,SYNTHETIC_ML_DATASET,NORMAL,0
BRT,BRT_HUM_001,2026-03-02T09:07:00+00:00,55.321877123497515,%,GOOD,SYNTHETIC_ML_DATASET,NORMAL,0
BRT,BRT_POWER_001,2026-03-02T09:07:00+00:00,37.66617501092957,kW,GOOD,SYNTHETIC_ML_DATASET,NORMAL,0
BRT,BRT_PRESS_001,2026-03-02T09:07:00+00:00,983.2681407342949,hPa,GOOD,SYNTHETIC_ML_DATASET,NORMAL,0
BRT,BRT_TEMP_001,2026-03-02T09:07:00+00:00,-12.351023752206949,C,GOOD,SYNTHETIC_ML_DATASET,NORMAL,0
BRT,BRT_VIB_001,2026-03-02T09:07:00+00:00,0.6735776616001649,mm/s,GOOD,SYNTHETIC_ML_DATASET,NORMAL,0
BRT,BRT_HUM_001,2026-03-02T09:08:00+00:00,54.706843625038914,%,GOOD,SYNTHETIC_ML_DATASET,NORMAL,0
BRT,BRT_POWER_001,2026-03-02T09:08:00+00:00,38.10387427918702,kW,GOOD,SYNTHETIC_ML_DATASET,NORMAL,0
BRT,BRT_PRESS_001,2026-03-02T09:08:00+00:00,983.3254934289596,hPa,GOOD,SYNTHETIC_ML_DATASET,NORMAL,0
BRT,BRT_TEMP_001,2026-03-02T09:08:00+00:00,-12.268650425794615,C,GOOD,SYNTHETIC_ML_DATASET,NORMAL,0
BRT,BRT_VIB_001,2026-03-02T09:08:00+00:00,0.6448683903631734,mm/s,GOOD,SYNTHETIC_ML_DATASET,NORMAL,0
BRT,BRT_HUM_001,2026-03-02T09:09:00+00:00,55.40126608857213,%,GOOD,SYNTHETIC_ML_DATASET,NORMAL,0
BRT,BRT_POWER_001,2026-03-02T09:09:00+00:00,38.00940431964981,kW,GOOD,SYNTHETIC_ML_DATASET,NORMAL,0
BRT,BRT_PRESS_001,2026-03-02T09:09:00+00:00,983.4757763951634,hPa,GOOD,SYNTHETIC_ML_DATASET,NORMAL,0
BRT,BRT_TEMP_001,2026-03-02T09:09:00+00:00,-12.534703017708757,C,GOOD,SYNTHETIC_ML_DATASET,NORMAL,0
BRT,BRT_VIB_001,2026-03-02T09:09:00+00:00,0.6769787930971236,mm/s,GOOD,SYNTHETIC_ML_DATASET,NORMAL,0
BRT,BRT_HUM_001,2026-03-02T09:10:00+00:00,55.082678845214744,%,GOOD,SYNTHETIC_ML_DATASET,NORMAL,0
BRT,BRT_POWER_001,2026-03-02T09:10:00+00:00,38.46911385941947,kW,GOOD,SYNTHETIC_ML_DATASET,NORMAL,0
BRT,BRT_PRESS_001,2026-03-02T09:10:00+00:00,983.4134441701483,hPa,GOOD,SYNTHETIC_ML_DATASET,NORMAL,0
BRT,BRT_TEMP_001,2026-03-02T09:10:00+00:00,-12.284303737781258,C,GOOD,SYNTHETIC_ML_DATASET,NORMAL,0
BRT,BRT_VIB_001,2026-03-02T09:10:00+00:00,0.6813680706006596,mm/s,GOOD,SYNTHETIC_ML_DATASET,NORMAL,0
BRT,BRT_HUM_001,2026-03-02T09:11:00+00:00,55.91325323992991,%,GOOD,SYNTHETIC_ML_DATASET,NORMAL,0
BRT,BRT_POWER_001,2026-03-02T09:11:00+00:00,39.10592556267213,kW,GOOD,SYNTHETIC_ML_DATASET,NORMAL,0
BRT,BRT_PRESS_001,2026-03-02T09:11:00+00:00,983.3403671142945,hPa,GOOD,SYNTHETIC_ML_DATASET,NORMAL,0
BRT,BRT_TEMP_001,2026-03-02T09:11:00+00:00,-12.285045569375002,C,GOOD,SYNTHETIC_ML_DATASET,NORMAL,0
BRT,BRT_VIB_001,2026-03-02T09:11:00+00:00,0.6361244531706056,mm/s,GOOD,SYNTHETIC_ML_DATASET,NORMAL,0
BRT,BRT_HUM_001,2026-03-02T09:12:00+00:00,56.74488937096589,%,GOOD,SYNTHETIC_ML_DATASET,NORMAL,0
BRT,BRT_POWER_001,2026-03-02T09:12:00+00:00,39.16227373039288,kW,GOOD,SYNTHETIC_ML_DATASET,NORMAL,0
BRT,BRT_PRESS_001,2026-03-02T09:12:00+00:00,983.5717395813292,hPa,GOOD,SYNTHETIC_ML_DATASET,NORMAL,0
BRT,BRT_TEMP_001,2026-03-02T09:12:00+00:00,-12.103035664144578,C,GOOD,SYNTHETIC_ML_DATASET,NORMAL,0
BRT,BRT_VIB_001,2026-03-02T09:12:00+00:00,0.6419412816452197,mm/s,GOOD,SYNTHETIC_ML_DATASET,NORMAL,0
BRT,BRT_HUM_001,2026-03-02T09:13:00+00:00,57.18734320715764,%,GOOD,SYNTHETIC_ML_DATASET,NORMAL,0
BRT,BRT_POWER_001,2026-03-02T09:13:00+00:00,39.19101221536259,kW,GOOD,SYNTHETIC_ML_DATASET,NORMAL,0
BRT,BRT_PRESS_001,2026-03-02T09:13:00+00:00,983.5397029164405,hPa,GOOD,SYNTHETIC_ML_DATASET,NORMAL,0
BRT,BRT_TEMP_001,2026-03-02T09:13:00+00:00,-11.970500874489627,C,GOOD,SYNTHETIC_ML_DATASET,NORMAL,0
BRT,BRT_VIB_001,2026-03-02T09:13:00+00:00,0.6535082624250574,mm/s,GOOD,SYNTHETIC_ML_DATASET,NORMAL,0
BRT,BRT_HUM_001,2026-03-02T09:14:00+00:00,56.532486982056376,%,GOOD,SYNTHETIC_ML_DATASET,NORMAL,0
BRT,BRT_POWER_001,2026-03-02T09:14:00+00:00,39.1386115859022,kW,GOOD,SYNTHETIC_ML_DATASET,NORMAL,0
BRT,BRT_PRESS_001,2026-03-02T09:14:00+00:00,983.5991552017306,hPa,GOOD,SYNTHETIC_ML_DATASET,NORMAL,0
BRT,BRT_TEMP_001,2026-03-02T09:14:00+00:00,-11.748517903538735,C,GOOD,SYNTHETIC_ML_DATASET,NORMAL,0
BRT,BRT_VIB_001,2026-03-02T09:14:00+00:00,0.647387083660278,mm/s,GOOD,SYNTHETIC_ML_DATASET,NORMAL,0
BRT,BRT_HUM_001,2026-03-02T09:15:00+00:00,57.23032887959809,%,GOOD,SYNTHETIC_ML_DATASET,NORMAL,0
BRT,BRT_POWER_001,2026-03-02T09:15:00+00:00,39.65565779531605,kW,GOOD,SYNTHETIC_ML_DATASET,NORMAL,0
BRT,BRT_PRESS_001,2026-03-02T09:15:00+00:00,983.5603248095,hPa,GOOD,SYNTHETIC_ML_DATASET,NORMAL,0
BRT,BRT_TEMP_001,2026-03-02T09:15:00+00:00,-11.768378521535755,C,GOOD,SYNTHETIC_ML_DATASET,NORMAL,0
BRT,BRT_VIB_001,2026-03-02T09:15:00+00:00,0.6871711074011211,mm/s,GOOD,SYNTHETIC_ML_DATASET,NORMAL,0
BRT,BRT_HUM_001,2026-03-02T09:16:00+00:00,56.98338891316051,%,GOOD,SYNTHETIC_ML_DATASET,NORMAL,0
BRT,BRT_POWER_001,2026-03-02T09:16:00+00:00,39.17717377346916,kW,GOOD,SYNTHETIC_ML_DATASET,NORMAL,0
BRT,BRT_PRESS_001,2026-03-02T09:16:00+00:00,983.9661254874218,hPa,GOOD,SYNTHETIC_ML_DATASET,NORMAL,0
BRT,BRT_TEMP_001,2026-03-02T09:16:00+00:00,-11.486118191069096,C,GOOD,SYNTHETIC_ML_DATASET,NORMAL,0
BRT,BRT_VIB_001,2026-03-02T09:16:00+00:00,0.6791257489722097,mm/s,GOOD,SYNTHETIC_ML_DATASET,NORMAL,0
BRT,BRT_HUM_001,2026-03-02T09:17:00+00:00,57.30061928470283,%,GOOD,SYNTHETIC_ML_DATASET,NORMAL,0
BRT,BRT_POWER_001,2026-03-02T09:17:00+00:00,39.29673141035716,kW,GOOD,SYNTHETIC_ML_DATASET,NORMAL,0
BRT,BRT_PRESS_001,2026-03-02T09:17:00+00:00,983.802241072207,hPa,GOOD,SYNTHETIC_ML_DATASET,NORMAL,0
BRT,BRT_TEMP_001,2026-03-02T09:17:00+00:00,-11.551508791805755,C,GOOD,SYNTHETIC_ML_DATASET,NORMAL,0
BRT,BRT_VIB_001,2026-03-02T09:17:00+00:00,0.6972039779483868,mm/s,GOOD,SYNTHETIC_ML_DATASET,NORMAL,0
BRT,BRT_HUM_001,2026-03-02T09:18:00+00:00,58.3697329743613,%,GOOD,SYNTHETIC_ML_DATASET,NORMAL,0
BRT,BRT_POWER_001,2026-03-02T09:18:00+00:00,39.876973437818975,kW,GOOD,SYNTHETIC_ML_DATASET,NORMAL,0
BRT,BRT_PRESS_001,2026-03-02T09:18:00+00:00,984.0389719312573,hPa,GOOD,SYNTHETIC_ML_DATASET,NORMAL,0
BRT,BRT_TEMP_001,2026-03-02T09:18:00+00:00,-11.567615082860284,C,GOOD,SYNTHETIC_ML_DATASET,NORMAL,0
BRT,BRT_VIB_001,2026-03-02T09:18:00+00:00,0.7082575702307845,mm/s,GOOD,SYNTHETIC_ML_DATASET,NORMAL,0
BRT,BRT_HUM_001,2026-03-02T09:19:00+00:00,58.05227839344811,%,GOOD,SYNTHETIC_ML_DATASET,NORMAL,0
BRT,BRT_POWER_001,2026-03-02T09:19:00+00:00,39.530127438800484,kW,GOOD,SYNTHETIC_ML_DATASET,NORMAL,0
BRT,BRT_PRESS_001,2026-03-02T09:19:00+00:00,984.0394823545215,hPa,GOOD,SYNTHETIC_ML_DATASET,NORMAL,0
BRT,BRT_TEMP_001,2026-03-02T09:19:00+00:00,-11.344733452803913,C,GOOD,SYNTHETIC_ML_DATASET,NORMAL,0
BRT,BRT_VIB_001,2026-03-02T09:19:00+00:00,0.7325059398684166,mm/s,GOOD,SYNTHETIC_ML_DATASET,NORMAL,0
