station_id,sensor_id,timestamp,value,unit,quality,source,anomaly_type,is_anomaly
MTR,HUM_001,2026-03-01T00:00:00+00:00,54.375369312941054,%,GOOD,SYNTHETIC_ML_DATASET,NORMAL,0
MTR,POWER_001,2026-03-01T00:00:00+00:00,35.208471995647386,kW,GOOD,SYNTHETIC_ML_DATASET,NORMAL,0
MTR,PRESS_001,2026-03-01T00:00:00+00:00,989.9829090113526,hPa,GOOD,SYNTHETIC_ML_DATASET,NORMAL,0
MTR,TEMP_001,2026-03-01T00:00:00+00:00,-15.008299570443631,°C,GOOD,SYNTHETIC_ML_DATASET,NORMAL,0
MTR,VIB_001,2026-03-01T00:00:00+00:00,0.8743430215708854,mm/s,GOOD,SYNTHETIC_ML_DATASET,NORMAL,0
MTR,HUM_001,2026-03-01T00:01:00+00:00,53.828249382315946,%,GOOD,SYNTHETIC_ML_DATASET,NORMAL,0
MTR,POWER_001,2026-03-01T00:01:00+00:00,35.2641392253908,kW,GOOD,SYNTHETIC_ML_DATASET,NORMAL,0
MTR,PRESS_001,2026-03-01T00:01:00+00:00,989.6425353029938,hPa,GOOD,SYNTHETIC_ML_DATASET,NORMAL,0
MTR,TEMP_001,2026-03-01T00:01:00+00:00,-15.18438372172252,°C,GOOD,SYNTHETIC_ML_DATASET,NORMAL,0
MTR,VIB_001,2026-03-01T00:01:00+00:00,0.8288575209855131,mm/s,GOOD,SYNTHETIC_ML_DATASET,NORMAL,0
MTR,HUM_001,2026-03-01T00:02:00+00:00,54.01173483592347,%,GOOD,SYNTHETIC_ML_DATASET,NORMAL,0
MTR,POWER_001,2026-03-01T00:02:00+00:00,34.64391750580336,kW,GOOD,SYNTHETIC_ML_DATASET,NORMAL,0
MTR,PRESS_001,2026-03-01T00:02:00+00:00,989.8976913083378,hPa,GOOD,SYNTHETIC_ML_DATASET,NORMAL,0
MTR,TEMP_001,2026-03-01T00:02:00+00:00,-15.04305430700041,°C,GOOD,SYNTHETIC_ML_DATASET,NORMAL,0
MTR,VIB_001,2026-03-01T00:02:00+00:00,0.8504489466493714,mm/s,GOOD,SYNTHETIC_ML_DATASET,NORMAL,0
MTR,HUM_001,2026-03-01T00:03:00+00:00,55.15204780064645,%,GOOD,SYNTHETIC_ML_DATASET,NORMAL,0
MTR,POWER_001,2026-03-01T00:03:00+00:00,34.97500565646446,kW,GOOD,SYNTHETIC_ML_DATASET,NORMAL,0
MTR,PRESS_001,2026-03-01T00:03:00+00:00,989.880006543457,hPa,GOOD,SYNTHETIC_ML_DATASET,NORMAL,0
MTR,TEMP_001,2026-03-01T00:03:00+00:00,-14.783499612864915,°C,GOOD,SYNTHETIC_ML_DATASET,NORMAL,0
MTR,VIB_001,2026-03-01T00:03:00+00:00,0.881450385109427,mm/s,GOOD,SYNTHETIC_ML_DATASET,NORMAL,0
MTR,HUM_001,2026-03-01T00:04:00+00:00,54.07785072301461,%,GOOD,SYNTHETIC_ML_DATASET,NORMAL,0
MTR,POWER_001,2026-03-01T00:04:00+00:00,34.8331537306836,kW,GOOD,SYNTHETIC_ML_DATASET,NORMAL,0
MTR,PRESS_001,2026-03-01T00:04:00+00:00,989.963904153107,hPa,GOOD,SYNTHETIC_ML_DATASET,NORMAL,0
MTR,TEMP_001,2026-03-01T00:04:00+00:00,-15.04615079473825,°C,GOOD,SYNTHETIC_ML_DATASET,NORMAL,0
MTR,VIB_001,2026-03-01T00:04:00+00:00,0.8903506025856321,mm/s,GOOD,SYNTHETIC_ML_DATASET,NORMAL,0
MTR,HUM_001,2026-03-01T00:05:00+00:00,54.08854781902754,%,GOOD,SYNTHETIC_ML_DATASET,NORMAL,0
MTR,POWER_001,2026-03-01T00:05:00+00:00,34.615156249537016,kW,GOOD,SYNTHETIC_ML_DATASET,NORMAL,0
MTR,PRESS_001,2026-03-01T00:05:00+00:00,989.9747135192264,hPa,GOOD,SYNTHETIC_ML_DATASET,NORMAL,0
MTR,TEMP_001,2026-03-01T00:05:00+00:00,-15.101918669350471,°C,GOOD,SYNTHETIC_ML_DATASET,NORMAL,0
MTR,VIB_001,2026-03-01T00:05:00+00:00,0.8994767055586919,mm/s,GOOD,SYNTHETIC_ML_DATASET,NORMAL,0
MTR,HUM_001,2026-03-01T00:06:00+00:00,54.73847360692574,%,GOOD,SYNTHETIC_ML_DATASET,NORMAL,0
MTR,POWER_001,2026-03-01T00:06:00+00:00,33.68661133476939,kW,GOOD,SYNTHETIC_ML_DATASET,NORMAL,0
MTR,PRESS_001,2026-03-01T00:06:00+00:00,989.8606024032669,hPa,GOOD,SYNTHETIC_ML_DATASET,NORMAL,0
MTR,TEMP_001,2026-03-01T00:06:00+00:00,-15.013670726012732,°C,GOOD,SYNTHETIC_ML_DATASET,NORMAL,0
MTR,VIB_001,2026-03-01T00:06:00+00:00,0.9066634630686725,mm/s,GOOD,SYNTHETIC_ML_DATASET,NORMAL,0
MTR,HUM_001,2026-03-01T00:07:00+00:00,55.06675573976156,%,GOOD,SYNTHETIC_ML_DATASET,NORMAL,0
MTR,POWER_001,2026-03-01T00:07:00+00:00,34.260524600520796,kW,GOOD,SYNTHETIC_ML_DATASET,NORMAL,0
MTR,PRESS_001,2026-03-01T00:07:00+00:00,990.0799885594918,hPa,GOOD,SYNTHETIC_ML_DATASET,NORMAL,0
MTR,TEMP_001,2026-03-01T00:07:00+00:00,-15.162313233225344,°C,GOOD,SYNTHETIC_ML_DATASET,NORMAL,0
MTR,VIB_001,2026-03-01T00:07:00+00:00,0.9036416802160503,mm/s,GOOD,SYNTHETIC_ML_DATASET,NORMAL,0
MTR,HUM_001,2026-03-01T00:08:00+00:00,55.32881020087094,%,GOOD,SYNTHETIC_ML_DATASET,NORMAL,0
MTR,POWER_001,2026-03-01T00:08:00+00:00,34.57682080180984,kW,GOOD,SYNTHETIC_ML_DATASET,NORMAL,0
MTR,PRESS_001,2026-03-01T00:08:00+00:00,990.1434769045796,hPa,GOOD,SYNTHETIC_ML_DATASET,NORMAL,0
MTR,TEMP_001,2026-03-01T00:08:00+00:00,-14.97609242371532,°C,GOOD,SYNTHETIC_ML_DATASET,NORMAL,0
MTR,VIB_001,2026-03-01T00:08:00+00:00,0.8662644089932849,mm/s,GOOD,SYNTHETIC_ML_DATASET,NORMAL,0
MTR,HUM_001,2026-03-01T00:09:00+00:00,55.947345208784334,%,GOOD,SYNTHETIC_ML_DATASET,NORMAL,0
MTR,POWER_001,2026-03-01T00:09:00+00:00,34.794064964849056,kW,GOOD,SYNTHETIC_ML_DATASET,NORMAL,0
MTR,PRESS_001,2026-03-01T00:09:00+00:00,990.1360639001128,hPa,GOOD,SYNTHETIC_ML_DATASET,NORMAL,0
MTR,TEMP_001,2026-03-01T00:09:00+00:00,-15.083345475215584,°C,GOOD,SYNTHETIC_ML_DATASET,NORMAL,0
MTR,VIB_001,2026-03-01T00:09:00+00:00,0.8779950491653911,mm/s,GOOD,SYNTHETIC_ML_DATASET,NORMAL,0
MTR,HUM_001,2026-03-01T00:10:00+00:00,54.86628345271453,%,GOOD,SYNTHETIC_ML_DATASET,NORMAL,0
MTR,POWER_001,2026-03-01T00:10:00+00:00,34.44980242630735,kW,GOOD,SYNTHETIC_ML_DATASET,NORMAL,0
MTR,PRESS_001,2026-03-01T00:10:00+00:00,990.5223533991716,hPa,GOOD,SYNTHETIC_ML_DATASET,NORMAL,0
MTR,TEMP_001,2026-03-01T00:10:00+00:00,-15.190936093677983,°C,GOOD,SYNTHETIC_ML_DATASET,NORMAL,0
MTR,VIB_001,2026-03-01T00:10:00+00:00,0.8820276640916802,mm/s,GOOD,SYNTHETIC_ML_DATASET,NORMAL,0
MTR,HUM_001,2026-03-01T00:11:00+00:00,53.49641583972885,%,GOOD,SYNTHETIC_ML_DATASET,NORMAL,0
MTR,POWER_001,2026-03-01T00:11:00+00:00,35.799395787434364,kW,GOOD,SYNTHETIC_ML_DATASET,NORMAL,0
MTR,PRESS_001,2026-03-01T00:11:00+00:00,990.2106049185049,hPa,GOOD,SYNTHETIC_ML_DATASET,NORMAL,0
MTR,TEMP_001,2026-03-01T00:11:00+00:00,-14.711727665684055,°C,GOOD,SYNTHETIC_ML_DATASET,NORMAL,0
MTR,VIB_001,2026-03-01T00:11:00+00:00,0.8435972332201509,mm/s,GOOD,SYNTHETIC_ML_DATASET,NORMAL,0
MTR,HUM_001,2026-03-01T00:12:00+00:00,54.61379666360466,%,GOOD,SYNTHETIC_ML_DATASET,NORMAL,0
MTR,POWER_001,2026-03-01T00:12:00+00:00,34.98826998292523,kW,GOOD,SYNTHETIC_ML_DATASET,NORMAL,0
MTR,PRESS_001,2026-03-01T00:12:00+00:00,990.2453133275664,hPa,GOOD,SYNTHETIC_ML_DATASET,NORMAL,0
MTR,TEMP_001,2026-03-01T00:12:00+00:00,-14.952491290876049,°C,GOOD,SYNTHETIC_ML_DATASET,NORMAL,0
MTR,VIB_001,2026-03-01T00:12:00+00:00,0.8924642567272026,mm/s,GOOD,SYNTHETIC_ML_DATASET,NORMAL,0
MTR,HUM_001,2026-03-01T00:13:00+00:00,55.070096851553785,%,GOOD,SYNTHETIC_ML_DATASET,NORMAL,0
MTR,POWER_001,2026-03-01T00:13:00+00:00,34.80866924506358,kW,GOOD,SYNTHETIC_ML_DATASET,NORMAL,0
MTR,PRESS_001,2026-03-01T00:13:00+00:00,989.9781521543363,hPa,GOOD,SYNTHETIC_ML_DATASET,NORMAL,0
MTR,TEMP_001,2026-03-01T00:13:00+00:00,-14.979309042377455,°C,GOOD,SYNTHETIC_ML_DATASET,NORMAL,0
MTR,VIB_001,2026-03-01T00:13:00+00:00,0.8878583786602988,mm/s,GOOD,SYNTHETIC_ML_DATASET,NORMAL,0
MTR,HUM_001,2026-03-01T00:14:00+00:00,54.780437679647676,%,GOOD,SYNTHETIC_ML_DATASET,NORMAL,0
MTR,POWER_001,2026-03-01T00:14:00+00:00,35.41829844966262,kW,GOOD,SYNTHETIC_ML_DATASET,NORMAL,0
MTR,PRESS_001,2026-03-01T00:14:00+00:00,990.2695841058564,hPa,GOOD,SYNTHETIC_ML_DATASET,NORMAL,0
MTR,TEMP_001,2026-03-01T00:14:00+00:00,-14.828376484726585,°C,GOOD,SYNTHETIC_ML_DATASET,NORMAL,0
MTR,VIB_001,2026-03-01T00:14:00+00:00,0.893244831412277,mm/s,GOOD,SYNTHETIC_ML_DATASET,NORMAL,0
MTR,HUM_001,2026-03-01T00:15:00+00:00,56.34416161173583,%,GOOD,SYNTHETIC_ML_DATASET,NORMAL,0
MTR,POWER_001,2026-03-01T00:15:00+00:00,35.02467712804304,kW,GOOD,SYNTHETIC_ML_DATASET,NORMAL,0
MTR,PRESS_001,2026-03-01T00:15:00+00:00,990.219788796152,hPa,GOOD,SYNTHETIC_ML_DATASET,NORMAL,0
MTR,TEMP_001,2026-03-01T00:15:00+00:00,-14.891360143881583,°C,GOOD,SYNTHETIC_ML_DATASET,NORMAL,0
MTR,VIB_001,2026-03-01T00:15:00+00:00,0.8955038426022126,mm/s,GOOD,SYNTHETIC_ML_DATASET,NORMAL,0
MTR,HUM_001,2026-03-01T00:16:00+00:00,55.49171134026052,%,GOOD,SYNTHETIC_ML_DATASET,NORMAL,0
MTR,POWER_001,2026-03-01T00:16:00+00:00,34.84747009777755,kW,GOOD,SYNTHETIC_ML_DATASET,NORMAL,0
MTR,PRESS_001,2026-03-01T00:16:00+00:00,990.2432880997487,hPa,GOOD,SYNTHETIC_ML_DATASET,NORMAL,0
MTR,TEMP_001,2026-03-01T00:16:00+00:00,-14.68367281350467,°C,GOOD,SYNTHETIC_ML_DATASET,NORMAL,0
MTR,VIB_001,2026-03-01T00:16:00+00:00,0.8878091586225754,mm/s,GOOD,SYNTHETIC_ML_DATASET,NORMAL,0
MTR,HUM_001,2026-03-01T00:17:00+00:00,55.349776964299316,%,GOOD,SYNTHETIC_ML_DATASET,NORMAL,0
MTR,POWER_001,2026-03-01T00:17:00+00:00,35.152824988872844,kW,GOOD,SYNTHETIC_ML_DATASET,NORMAL,0
MTR,PRESS_001,2026-03-01T00:17:00+00:00,990.191143077933,hPa,GOOD,SYNTHETIC_ML_DATASET,NORMAL,0
MTR,TEMP_001,2026-03-01T00:17:00+00:00,-14.803507321345094,°C,GOOD,SYNTHETIC_ML_DATASET,NORMAL,0
MTR,VIB_001,2026-03-01T00:17:00+00:00,0.8760602117582984,mm/s,GOOD,SYNTHETIC_ML_DATASET,NORMAL,0
MTR,HUM_001,2026-03-01T00:18:00+00:00,55.473732182910446,%,GOOD,SYNTHETIC_ML_DATASET,NORMAL,0
MTR,POWER_001,2026-03-01T00:18:00+00:00,35.4212916750749,kW,GOOD,SYNTHETIC_ML_DATASET,NORMAL,0
MTR,PRESS_001,2026-03-01T00:18:00+00:00,990.0005107909824,hPa,GOOD,SYNTHETIC_ML_DATASET,NORMAL,0
MTR,TEMP_001,2026-03-01T00:18:00+00:00,-14.702712613356267,°C,GOOD,SYNTHETIC_ML_DATASET,NORMAL,0
MTR,VIB_001,2026-03-01T00:18:00+00:00,0.9373894126503176,mm/s,GOOD,SYNTHETIC_ML_DATASET,NORMAL,0
MTR,HUM_001,2026-03-01T00:19:00+00:00,56.099694737455096,%,GOOD,SYNTHETIC_ML_DATASET,NORMAL,0
MTR,POWER_001,2026-03-01T00:19:00+00:00,34.87352410106429,kW,GOOD,SYNTHETIC_ML_DATASET,NORMAL,0
MTR,PRESS_001,2026-03-01T00:19:00+00:00,989.9979803575669,hPa,GOOD,SYNTHETIC_ML_DATASET,NORMAL,0
MTR,TEMP_001,2026-03-01T00:19:00+00:00,-14.553774716219598,°C,GOOD,SYNTHETIC_ML_DATASET,NORMAL,0
MTR,VIB_001,2026-03-01T00:19:00+00:00,0.9236502038195877,mm/s,GOOD,SYNTHETIC_ML_DATASET,NORMAL,0
MTR,HUM_001,2026-03-01T00:20:00+00:00,55.899984726634926,%,GOOD,SYNTHETIC_ML_DATASET,NORMAL,0
MTR,POWER_001,2026-03-01T00:20:00+00:00,35.76040081049663,kW,GOOD,SYNTHETIC_ML_DATASET,NORMAL,0
MTR,PRESS_001,2026-03-01T00:20:00+00:00,990.1382010884612,hPa,GOOD,SYNTHETIC_ML_DATASET,NORMAL,0
MTR,TEMP_001,2026-03-01T00:20:00+00:00,-14.590976246880377,°C,GOOD,SYNTHETIC_ML_DATASET,NORMAL,0
MTR,VIB_001,2026-03-01T00:20:00+00:00,0.9136798027852632,mm/s,GOOD,SYNTHETIC_ML_DATASET,NORMAL,0
MTR,HUM_001,2026-03-01T00:21:00+00:00,54.82062317398549,%,GOOD,SYNTHETIC_ML_DATASET,NORMAL,0
MTR,POWER_001,2026-03-01T00:21:00+00:00,35.112471616640214,kW,GOOD,SYNTHETIC_ML_DATASET,NORMAL,0
MTR,PRESS_001,2026-03-01T00:21:00+00:00,990.0768713512667,hPa,GOOD,SYNTHETIC_ML_DATASET,NORMAL,0
MTR,TEMP_001,2026-03-01T00:21:00+00:00,-14.64025636369542,°C,GOOD,SYNTHETIC_ML_DATASET,NORMAL,0
MTR,VIB_001,2026-03-01T00:21:00+00:00,0.9154798262787749,mm/s,GOOD,SYNTHETIC_ML_DATASET,NORMAL,0
MTR,HUM_001,2026-03-01T00:22:00+00:00,56.72008122922868,%,GOOD,SYNTHETIC_ML_DATASET,NORMAL,0
MTR,POWER_001,2026-03-01T00:22:00+00:00,34.71163313701526,kW,GOOD,SYNTHETIC_ML_DATASET,NORMAL,0
MTR,PRESS_001,2026-03-01T00:22:00+00:00,990.0349933586366,hPa,GOOD,SYNTHETIC_ML_DATASET,NORMAL,0
MTR,TEMP_001,2026-03-01T00:22:00+00:00,-14.483919014031015,°C,GOOD,SYNTHETIC_ML_DATASET,NORMAL,0
MTR,VIB_001,2026-03-01T00:22:00+00:00,0.9173004362251559,mm/s,GOOD,SYNTHETIC_ML_DATASET,NORMAL,0
MTR,HUM_001,2026-03-01T00:23:00+00:00,56.522252785498466,%,GOOD,SYNTHETIC_ML_DATASET,NORMAL,0
MTR,POWER_001,2026-03-01T00:23:00+00:00,36.07008759642433,kW,GOOD,SYNTHETIC_ML_DATASET,NORMAL,0
MTR,PRESS_001,2026-03-01T00:23:00+00:00,990.125991319724,hPa,GOOD,SYNTHETIC_ML_DATASET,NORMAL,0
MTR,TEMP_001,2026-03-01T00:23:00+00:00,-14.451735607490205,°C,GOOD,SYNTHETIC_ML_DATASET,NORMAL,0
MTR,VIB_001,2026-03-01T00:23:00+00:00,0.8917550633362568,mm/s,GOOD,SYNTHETIC_ML_DATASET,NORMAL,0
MTR,HUM_001,2026-03-01T00:24:00+00:00,56.48519256459531,%,GOOD,SYNTHETIC_ML_DATASET,NORMAL,0
MTR,POWER_001,2026-03-01T00:24:00+00:00,35.91638963502292,kW,GOOD,SYNTHETIC_ML_DATASET,NORMAL,0
MTR,PRESS_001,2026-03-01T00:24:00+00:00,990.1605228986979,hPa,GOOD,SYNTHETIC_ML_DATASET,NORMAL,0
MTR,TEMP_001,2026-03-01T00:24:00+00:00,-14.85599861845065,°C,GOOD,SYNTHETIC_ML_DATASET,NORMAL,0
MTR,VIB_001,2026-03-01T00:24:00+00:00,0.9271197151022197,mm/s,GOOD,SYNTHETIC_ML_DATASET,NORMAL,0
MTR,HUM_001,2026-03-01T00:25:00+00:00,56.5529137005643,%,GOOD,SYNTHETIC_ML_DATASET,NORMAL,0
MTR,POWER_001,2026-03-01T00:25:00+00:00,35.550888736047675,kW,GOOD,SYNTHETIC_ML_DATASET,NORMAL,0
MTR,PRESS_001,2026-03-01T00:25:00+00:00,990.2975742008086,hPa,GOOD,SYNTHETIC_ML_DATASET,NORMAL,0
MTR,TEMP_001,2026-03-01T00:25:00+00:00,-14.62564221232503,°C,GOOD,SYNTHETIC_ML_DATASET,NORMAL,0
MTR,VIB_001,2026-03-01T00:25:00+00:00,0.9209090187181681,mm/s,GOOD,SYNTHETIC_ML_DATASET,NORMAL,0
MTR,HUM_001,2026-03-01T00:26:00+00:00,55.60774603525677,%,GOOD,SYNTHETIC_ML_DATASET,NORMAL,0
MTR,POWER_001,2026-03-01T00:26:00+00:00,35.77190914863267,kW,GOOD,SYNTHETIC_ML_DATASET,NORMAL,0
MTR,PRESS_001,2026-03-01T00:26:00+00:00,990.10828171994,hPa,GOOD,SYNTHETIC_ML_DATASET,NORMAL,0
MTR,TEMP_001,2026-03-01T00:26:00+00:00,-14.80558956897689,°C,GOOD,SYNTHETIC_ML_DATASET,NORMAL,0
MTR,VIB_001,2026-03-01T00:26:00+00:00,0.8968303211253291,mm/s,GOOD,SYNTHETIC_ML_DATASET,NORMAL,0
MTR,HUM_001,2026-03-01T00:27:00+00:00,56.44296406276662,%,GOOD,SYNTHETIC_ML_DATASET,NORMAL,0
MTR,POWER_001,2026-03-01T00:27:00+00:00,35.65413107301695,kW,GOOD,SYNTHETIC_ML_DATASET,NORMAL,0
MTR,PRESS_001,2026-03-01T00:27:00+00:00,990.4475701329442,hPa,GOOD,SYNTHETIC_ML_DATASET,NORMAL,0
MTR,TEMP_001,2026-03-01T00:27:00+00:00,-14.439603440408147,°C,GOOD,SYNTHETIC_ML_DATASET,NORMAL,0
MTR,VIB_001,2026-03-01T00:27:00+00:00,0.8930727554629938,mm/s,GOOD,SYNTHETIC_ML_DATASET,NORMAL,0
MTR,HUM_001,2026-03-01T00:28:00+00:00,56.58695179809098,%,GOOD,SYNTHETIC_ML_DATASET,NORMAL,0
MTR,POWER_001,2026-03-01T00:28:00+00:00,36.239267313185806,kW,GOOD,SYNTHETIC_ML_DATASET,NORMAL,0
MTR,PRESS_001,2026-03-01T00:28:00+00:00,990.2930881911435,hPa,GOOD,SYNTHETIC_ML_DATASET,NORMAL,0
MTR,TEMP_001,2026-03-01T00:28:00+00:00,-14.386416088823141,°C,GOOD,SYNTHETIC_ML_DATASET,NORMAL,0
MTR,VIB_001,2026-03-01T00:28:00+00:00,0.9257121160383537,mm/s,GOOD,SYNTHETIC_ML_DATASET,NORMAL,0
MTR,HUM_001,2026-03-01T00:29:00+00:00,57.39013918049643,%,GOOD,SYNTHETIC_ML_DATASET,NORMAL,0
MTR,POWER_001,2026-03-01T00:29:00+00:00,36.575204407266064,kW,GOOD,SYNTHETIC_ML_DATASET,NORMAL,0
MTR,PRESS_001,2026-03-01T00:29:00+00:00,990.1636541506156,hPa,GOOD,SYNTHETIC_ML_DATASET,NORMAL,0
MTR,TEMP_001,2026-03-01T00:29:00+00:00,-14.18032199943694,°C,GOOD,SYNTHETIC_ML_DATASET,NORMAL,0
MTR,VIB_001,2026-03-01T00:29:00+00:00,0.9231935241738405,mm/s,GOOD,SYNTHETIC_ML_DATASET,NORMAL,0
MTR,HUM_001,2026-03-01T00:30:00+00:00,57.549300570889095,%,GOOD,SYNTHETIC_ML_DATASET,NORMAL,0
MTR,POWER_001,2026-03-01T00:30:00+00:00,36.66782696344114,kW,GOOD,SYNTHETIC_ML_DATASET,NORMAL,0
MTR,PRESS_001,2026-03-01T00:30:00+00:00,990.2468837753403,hPa,GOOD,SYNTHETIC_ML_DATASET,NORMAL,0
MTR,TEMP_001,2026-03-01T00:30:00+00:00,-13.935290059001485,°C,GOOD,SYNTHETIC_ML_DATASET,NORMAL,0
MTR,VIB_001,2026-03-01T00:30:00+00:00,0.9058151349139859,mm/s,GOOD,SYNTHETIC_ML_DATASET,NORMAL,0
MTR,HUM_001,2026-03-01T00:31:00+00:00,57.51116063767825,%,GOOD,SYNTHETIC_ML_DATASET,NORMAL,0
MTR,POWER_001,2026-03-01T00:31:00+00:00,35.64877898446577,kW,GOOD,SYNTHETIC_ML_DATASET,NORMAL,0
MTR,PRESS_001,2026-03-01T00:31:00+00:00,990.1730485637785,hPa,GOOD,SYNTHETIC_ML_DATASET,NORMAL,0
MTR,TEMP_001,2026-03-01T00:31:00+00:00,-14.105980648032375,°C,GOOD,SYNTHETIC_ML_DATASET,NORMAL,0
MTR,VIB_001,2026-03-01T00:31:00+00:00,0.9410172363985179,mm/s,GOOD,SYNTHETIC_ML_DATASET,NORMAL,0
MTR,HUM_001,2026-03-01T00:32:00+00:00,57.73106027957329,%,GOOD,SYNTHETIC_ML_DATASET,NORMAL,0
MTR,POWER_001,2026-03-01T00:32:00+00:00,36.66127367747091,kW,GOOD,SYNTHETIC_ML_DATASET,NORMAL,0
MTR,PRESS_001,2026-03-01T00:32:00+00:00,990.2403818762293,hPa,GOOD,SYNTHETIC_ML_DATASET,NORMAL,0
MTR,TEMP_001,2026-03-01T00:32:00+00:00,-14.245521791342963,°C,GOOD,SYNTHETIC_ML_DATASET,NORMAL,0
MTR,VIB_001,2026-03-01T00:32:00+00:00,0.9581173264267219,mm/s,GOOD,SYNTHETIC_ML_DATASET,NORMAL,0
MTR,HUM_001,2026-03-01T00:33:00+00:00,56.9304634324517,%,GOOD,SYNTHETIC_ML_DATASET,NORMAL,0
MTR,POWER_001,2026-03-01T00:33:00+00:00,37.058332097248325,kW,GOOD,SYNTHETIC_ML_DATASET,NORMAL,0
MTR,PRESS_001,2026-03-01T00:33:00+00:00,990.417936435012,hPa,GOOD,SYNTHETIC_ML_DATASET,NORMAL,0
MTR,TEMP_001,2026-03-01T00:33:00+00:00,-14.175790559686163,°C,GOOD,SYNTHETIC_ML_DATASET,NORMAL,0
MTR,VIB_001,2026-03-01T00:33:00+00:00,0.9725321170918014,mm/s,GOOD,SYNTHETIC_ML_DATASET,NORMAL,0
MTR,HUM_001,2026-03-01T00:34:00+00:00,55.32378514799336,%,GOOD,SYNTHETIC_ML_DATASET,NORMAL,0
MTR,POWER_001,2026-03-01T00:34:00+00:00,36.25864832135175,kW,GOOD,SYNTHETIC_ML_DATASET,NORMAL,0
MTR,PRESS_001,2026-03-01T00:34:00+00:00,990.3451264134716,hPa,GOOD,SYNTHETIC_ML_DATASET,NORMAL,0
MTR,TEMP_001,2026-03-01T00:34:00+00:00,-14.242252853556518,°C,GOOD,SYNTHETIC_ML_DATASET,NORMAL,0
MTR,VIB_001,2026-03-01T00:34:00+00:00,0.9401539595161199,mm/s,GOOD,SYNTHETIC_ML_DATASET,NORMAL,0
MTR,HUM_001,2026-03-01T00:35:00+00:00,56.29736508894466,%,GOOD,SYNTHETIC_ML_DATASET,NORMAL,0
MTR,POWER_001,2026-03-01T00:35:00+00:00,36.29726985016503,kW,GOOD,SYNTHETIC_ML_DATASET,NORMAL,0
MTR,PRESS_001,2026-03-01T00:35:00+00:00,990.2795846612678,hPa,GOOD,SYNTHETIC_ML_DATASET,NORMAL,0
MTR,TEMP_001,2026-03-01T00:35:00+00:00,-14.045147713698585,°C,GOOD,SYNTHETIC_ML_DATASET,NORMAL,0
MTR,VIB_001,2026-03-01T00:35:00+00:00,0.9088487873854755,mm/s,GOOD,SYNTHETIC_ML_DATASET,NORMAL,0
MTR,HUM_001,2026-03-01T00:36:00+00:00,56.586938525716775,%,GOOD,SYNTHETIC_ML_DATASET,NORMAL,0
MTR,POWER_001,2026-03-01T00:36:00+00:00,36.207774870745084,kW,GOOD,SYNTHETIC_ML_DATASET,NORMAL,0
MTR,PRESS_001,2026-03-01T00:36:00+00:00,990.1324084302322,hPa,GOOD,SYNTHETIC_ML_DATASET,NORMAL,0
MTR,TEMP_001,2026-03-01T00:36:00+00:00,-13.909480334931725,°C,GOOD,SYNTHETIC_ML_DATASET,NORMAL,0
MTR,VIB_001,2026-03-01T00:36:00+00:00,0.9358424707269832,mm/s,GOOD,SYNTHETIC_ML_DATASET,NORMAL,0
MTR,HUM_001,2026-03-01T00:37:00+00:00,56.83737822862495,%,GOOD,SYNTHETIC_ML_DATASET,NORMAL,0
MTR,POWER_001,2026-03-01T00:37:00+00:00,35.93199707909523,kW,GOOD,SYNTHETIC_ML_DATASET,NORMAL,0
MTR,PRESS_001,2026-03-01T00:37:00+00:00,990.3983270091803,hPa,GOOD,SYNTHETIC_ML_DATASET,NORMAL,0
MTR,TEMP_001,2026-03-01T00:37:00+00:00,-14.19851650947141,°C,GOOD,SYNTHETIC_ML_DATASET,NORMAL,0
MTR,VIB_001,2026-03-01T00:37:00+00:00,0.9558062638707109,mm/s,GOOD,SYNTHETIC_ML_DATASET,NORMAL,0
MTR,HUM_001,2026-03-01T00:38:00+00:00,56.760502580021054,%,GOOD,SYNTHETIC_ML_DATASET,NORMAL,0
MTR,POWER_001,2026-03-01T00:38:00+00:00,36.01884039855196,kW,GOOD,SYNTHETIC_ML_DATASET,NORMAL,0
MTR,PRESS_001,2026-03-01T00:38:00+00:00,990.2316298202002,hPa,GOOD,SYNTHETIC_ML_DATASET,NORMAL,0
MTR,TEMP_001,2026-03-01T00:38:00+00:00,-14.075309186870847,°C,GOOD,SYNTHETIC_ML_DATASET,NORMAL,0
MTR,VIB_001,2026-03-01T00:38:00+00:00,0.9717276277558135,mm/s,GOOD,SYNTHETIC_ML_DATASET,NORMAL,0
MTR,HUM_001,2026-03-01T00:39:00+00:00,56.15285041549311,%,GOOD,SYNTHETIC_ML_DATASET,NORMAL,0
MTR,POWER_001,2026-03-01T00:39:00+00:00,36.69640099404903,kW,GOOD,SYNTHETIC_ML_DATASET,NORMAL,0
MTR,PRESS_001,2026-03-01T00:39:00+00:00,990.2509883273642,hPa,GOOD,SYNTHETIC_ML_DATASET,NORMAL,0
MTR,TEMP_001,2026-03-01T00:39:00+00:00,-14.012918633683979,°C,GOOD,SYNTHETIC_ML_DATASET,NORMAL,0
MTR,VIB_001,2026-03-01T00:39:00+00:00,0.9783152491324395,mm/s,GOOD,SYNTHETIC_ML_DATASET,NORMAL,0
MTR,HUM_001,2026-03-01T00:40:00+00:00,55.482839531529706,%,GOOD,SYNTHETIC_ML_DATASET,NORMAL,0
MTR,POWER_001,2026-03-01T00:40:00+00:00,36.74627399930831,kW,GOOD,SYNTHETIC_ML_DATASET,NORMAL,0
MTR,PRESS_001,2026-03-01T00:40:00+00:00,990.3871628405283,hPa,GOOD,SYNTHETIC_ML_DATASET,NORMAL,0
MTR,TEMP_001,2026-03-01T00:40:00+00:00,-14.15444963503584,°C,GOOD,SYNTHETIC_ML_DATASET,NORMAL,0
MTR,VIB_001,2026-03-01T00:40:00+00:00,0.9941128502045626,mm/s,GOOD,SYNTHETIC_ML_DATASET,NORMAL,0
MTR,HUM_001,2026-03-01T00:41:00+00:00,57.32344955119169,%,GOOD,SYNTHETIC_ML_DATASET,NORMAL,0
MTR,POWER_001,2026-03-01T00:41:00+00:00,36.83595670421679,kW,GOOD,SYNTHETIC_ML_DATASET,NORMAL,0
MTR,PRESS_001,2026-03-01T00:41:00+00:00,990.4154821703216,hPa,GOOD,SYNTHETIC_ML_DATASET,NORMAL,0
MTR,TEMP_001,2026-03-01T00:41:00+00:00,-13.819787506056532,°C,GOOD,SYNTHETIC_ML_DATASET,NORMAL,0
MTR,VIB_001,2026-03-01T00:41:00+00:00,0.9842051384617814,mm/s,GOOD,SYNTHETIC_ML_DATASET,NORMAL,0
MTR,HUM_001,2026-03-01T00:42:00+00:00,57.580235227703376,%,GOOD,SYNTHETIC_ML_DATASET,NORMAL,0
MTR,POWER_001,2026-03-01T00:42:00+00:00,36.28911758149811,kW,GOOD,SYNTHETIC_ML_DATASET,NORMAL,0
MTR,PRESS_001,2026-03-01T00:42:00+00:00,990.2816657353414,hPa,GOOD,SYNTHETIC_ML_DATASET,NORMAL,0
MTR,TEMP_001,2026-03-01T00:42:00+00:00,-13.913964291341305,°C,GOOD,SYNTHETIC_ML_DATASET,NORMAL,0
MTR,VIB_001,2026-03-01T00:42:00+00:00,0.9893841660260702,mm/s,GOOD,SYNTHETIC_ML_DATASET,NORMAL,0
MTR,HUM_001,2026-03-01T00:43:00+00:00,56.37052641321829,%,GOOD,SYNTHETIC_ML_DATASET,NORMAL,0
MTR,POWER_001,2026-03-01T00:43:00+00:00,36.05652876317441,kW,GOOD,SYNTHETIC_ML_DATASET,NORMAL,0
MTR,PRESS_001,2026-03-01T00:43:00+00:00,990.1339059090077,hPa,GOOD,SYNTHETIC_ML_DATASET,NORMAL,0
MTR,TEMP_001,2026-03-01T00:43:00+00:00,-13.962170910699642,°C,GOOD,SYNTHETIC_ML_DATASET,NORMAL,0
MTR,VIB_001,2026-03-01T00:43:00+00:00,0.9531425859079187,mm/s,GOOD,SYNTHETIC_ML_DATASET,NORMAL,0
MTR,HUM_001,2026-03-01T00:44:00+00:00,57.668590727124815,%,GOOD,SYNTHETIC_ML_DATASET,NORMAL,0
MTR,POWER_001,2026-03-01T00:44:00+00:00,36.0695705889174,kW,GOOD,SYNTHETIC_ML_DATASET,NORMAL,0
MTR,PRESS_001,2026-03-01T00:44:00+00:00,990.4094110819909,hPa,GOOD,SYNTHETIC_ML_DATASET,NORMAL,0
MTR,TEMP_001,2026-03-01T00:44:00+00:00,-14.059816344725904,°C,GOOD,SYNTHETIC_ML_DATASET,NORMAL,0
MTR,VIB_001,2026-03-01T00:44:00+00:00,0.973753948764168,mm/s,GOOD,SYNTHETIC_ML_DATASET,NORMAL,0
MTR,HUM_001,2026-03-01T00:45:00+00:00,57.197645153272425,%,GOOD,SYNTHETIC_ML_DATASET,NORMAL,0
MTR,POWER_001,2026-03-01T00:45:00+00:00,36.16842939506612,kW,GOOD,SYNTHETIC_ML_DATASET,NORMAL,0
MTR,PRESS_001,2026-03-01T00:45:00+00:00,990.075591185892,hPa,GOOD,SYNTHETIC_ML_DATASET,NORMAL,0
MTR,TEMP_001,2026-03-01T00:45:00+00:00,-14.040213189253183,°C,GOOD,SYNTHETIC_ML_DATASET,NORMAL,0
MTR,VIB_001,2026-03-01T00:45:00+00:00,1.001114151899218,mm/s,GOOD,SYNTHETIC_ML_DATASET,NORMAL,0
MTR,HUM_001,2026-03-01T00:46:00+00:00,56.30316556005712,%,GOOD,SYNTHETIC_ML_DATASET,NORMAL,0
MTR,POWER_001,2026-03-01T00:46:00+00:00,36.550011300114576,kW,GOOD,SYNTHETIC_ML_DATASET,NORMAL,0
MTR,PRESS_001,2026-03-01T00:46:00+00:00,990.2699789230352,hPa,GOOD,SYNTHETIC_ML_DATASET,NORMAL,0
MTR,TEMP_001,2026-03-01T00:46:00+00:00,-13.898634599546286,°C,GOOD,SYNTHETIC_ML_DATASET,NORMAL,0
MTR,VIB_001,2026-03-01T00:46:00+00:00,0.9869830711747788,mm/s,GOOD,SYNTHETIC_ML_DATASET,NORMAL,0
MTR,HUM_001,2026-03-01T00:47:00+00:00,55.08713748210354,%,GOOD,SYNTHETIC_ML_DATASET,NORMAL,0
MTR,POWER_001,2026-03-01T00:47:00+00:00,36.330226900081314,kW,GOOD,SYNTHETIC_ML_DATASET,NORMAL,0
MTR,PRESS_001,2026-03-01T00:47:00+00:00,990.1758173553155,hPa,GOOD,SYNTHETIC_ML_DATASET,NORMAL,0
MTR,TEMP_001,2026-03-01T00:47:00+00:00,-13.71743337313937,°C,GOOD,SYNTHETIC_ML_DATASET,NORMAL,0
MTR,VIB_001,2026-03-01T00:47:00+00:00,0.9790973830133772,mm/s,GOOD,SYNTHETIC_ML_DATASET,NORMAL,0
MTR,HUM_001,2026-03-01T00:48:00+00:00,56.21763440226919,%,GOOD,SYNTHETIC_ML_DATASET,NORMAL,0
MTR,POWER_001,2026-03-01T00:48:00+00:00,36.52495116350409,kW,GOOD,SYNTHETIC_ML_DATASET,NORMAL,0
MTR,PRESS_001,2026-03-01T00:48:00+00:00,990.2642263352099,hPa,GOOD,SYNTHETIC_ML_DATASET,NORMAL,0
MTR,TEMP_001,2026-03-01T00:48:00+00:00,-13.853044484581034,°C,GOOD,SYNTHETIC_ML_DATASET,NORMAL,0
MTR,VIB_001,2026-03-01T00:48:00+00:00,0.9589990087528747,mm/s,GOOD,SYNTHETIC_ML_DATASET,NORMAL,0
MTR,HUM_001,2026-03-01T00:49:00+00:00,55.4924972311934,%,GOOD,SYNTHETIC_ML_DATASET,NORMAL,0
MTR,POWER_001,2026-03-01T00:49:00+00:00,36.80359393237109,kW,GOOD,SYNTHETIC_ML_DATASET,NORMAL,0
MTR,PRESS_001,2026-03-01T00:49:00+00:00,990.2465719860303,hPa,GOOD,SYNTHETIC_ML_DATASET,NORMAL,0
MTR,TEMP_001,2026-03-01T00:49:00+00:00,-13.645991198711064,°C,GOOD,SYNTHETIC_ML_DATASET,NORMAL,0
MTR,VIB_001,2026-03-01T00:49:00+00:00,0.9821068721200513,mm/s,GOOD,SYNTHETIC_ML_DATASET,NORMAL,0
MTR,HUM_001,2026-03-01T00:50:00+00:00,55.05298010603756,%,GOOD,SYNTHETIC_ML_DATASET,NORMAL,0
MTR,POWER_001,2026-03-01T00:50:00+00:00,36.62280292013343,kW,GOOD,SYNTHETIC_ML_DATASET,NORMAL,0
MTR,PRESS_001,2026-03-01T00:50:00+00:00,990.1633329233767,hPa,GOOD,SYNTHETIC_ML_DATASET,NORMAL,0
MTR,TEMP_001,2026-03-01T00:50:00+00:00,-13.847094550942874,°C,GOOD,SYNTHETIC_ML_DATASET,NORMAL,0
MTR,VIB_001,2026-03-01T00:50:00+00:00,0.9899608413811678,mm/s,GOOD,SYNTHETIC_ML_DATASET,NORMAL,0
MTR,HUM_001,2026-03-01T00:51:00+00:00,55.11391538606082,%,GOOD,SYNTHETIC_ML_DATASET,NORMAL,0
MTR,POWER_001,2026-03-01T00:51:00+00:00,36.40407450561049,kW,GOOD,SYNTHETIC_ML_DATASET,NORMAL,0
MTR,PRESS_001,2026-03-01T00:51:00+00:00,990.213710991728,hPa,GOOD,SYNTHETIC_ML_DATASET,NORMAL,0
MTR,TEMP_001,2026-03-01T00:51:00+00:00,-13.634902856129013,°C,GOOD,SYNTHETIC_ML_DATASET,NORMAL,0
MTR,VIB_001,2026-03-01T00:51:00+00:00,0.9538799547532101,mm/s,GOOD,SYNTHETIC_ML_DATASET,NORMAL,0
MTR,HUM_001,2026-03-01T00:52:00+00:00,54.642722617306525,%,GOOD,SYNTHETIC_ML_DATASET,NORMAL,0
MTR,POWER_001,2026-03-01T00:52:00+00:00,36.31038451512297,kW,GOOD,SYNTHETIC_ML_DATASET,NORMAL,0
MTR,PRESS_001,2026-03-01T00:52:00+00:00,990.3106077739359,hPa,GOOD,SYNTHETIC_ML_DATASET,NORMAL,0
MTR,TEMP_001,2026-03-01T00:52:00+00:00,-13.730663683586258,°C,GOOD,SYNTHETIC_ML_DATASET,NORMAL,0
MTR,VIB_001,2026-03-01T00:52:00+00:00,0.9735452661770893,mm/s,GOOD,SYNTHETIC_ML_DATASET,NORMAL,0
MTR,HUM_001,2026-03-01T00:53:00+00:00,55.50053810521114,%,GOOD,SYNTHETIC_ML_DATASET,NORMAL,0
MTR,POWER_001,2026-03-01T00:53:00+00:00,36.82389068804852,kW,GOOD,SYNTHETIC_ML_DATASET,NORMAL,0
MTR,PRESS_001,2026-03-01T00:53:00+00:00,990.2020790855663,hPa,GOOD,SYNTHETIC_ML_DATASET,NORMAL,0
MTR,TEMP_001,2026-03-01T00:53:00+00:00,-13.425570148966955,°C,GOOD,SYNTHETIC_ML_DATASET,NORMAL,0
MTR,VIB_001,2026-03-01T00:53:00+00:00,0.9624129607152792,mm/s,GOOD,SYNTHETIC_ML_DATASET,NORMAL,0
MTR,HUM_001,2026-03-01T00:54:00+00:00,56.32335359556758,%,GOOD,SYNTHETIC_ML_DATASET,NORMAL,0
MTR,POWER_001,2026-03-01T00:54:00+00:00,36.09764671870755,kW,GOOD,SYNTHETIC_ML_DATASET,NORMAL,0
MTR,PRESS_001,2026-03-01T00:54:00+00:00,990.1997899910735,hPa,GOOD,SYNTHETIC_ML_DATASET,NORMAL,0
MTR,TEMP_001,2026-03-01T00:54:00+00:00,-13.995735097830996,°C,GOOD,SYNTHETIC_ML_DATASET,NORMAL,0
MTR,VIB_001,2026-03-01T00:54:00+00:00,0.9853087733062028,mm/s,GOOD,SYNTHETIC_ML_DATASET,NORMAL,0
MTR,HUM_001,2026-03-01T00:55:00+00:00,54.44659636481539,%,GOOD,SYNTHETIC_ML_DATASET,NORMAL,0
MTR,POWER_001,2026-03-01T00:55:00+00:00,36.304349919233715,kW,GOOD,SYNTHETIC_ML_DATASET,NORMAL,0
MTR,PRESS_001,2026-03-01T00:55:00+00:00,990.2055931463649,hPa,GOOD,SYNTHETIC_ML_DATASET,NORMAL,0
MTR,TEMP_001,2026-03-01T00:55:00+00:00,-13.646219916024778,°C,GOOD,SYNTHETIC_ML_DATASET,NORMAL,0
MTR,VIB_001,2026-03-01T00:55:00+00:00,0.9830936432128081,mm/s,GOOD,SYNTHETIC_ML_DATASET,NORMAL,0
MTR,HUM_001,2026-03-01T00:56:00+00:00,55.53075097612994,%,GOOD,SYNTHETIC_ML_DATASET,NORMAL,0
MTR,POWER_001,2026-03-01T00:56:00+00:00,36.19223160661795,kW,GOOD,SYNTHETIC_ML_DATASET,NORMAL,0
MTR,PRESS_001,2026-03-01T00:56:00+00:00,990.4858531332011,hPa,GOOD,SYNTHETIC_ML_DATASET,NORMAL,0
MTR,TEMP_001,2026-03-01T00:56:00+00:00,-13.84235040443262,°C,GOOD,SYNTHETIC_ML_DATASET,NORMAL,0
MTR,VIB_001,2026-03-01T00:56:00+00:00,0.9680030230496615,mm/s,GOOD,SYNTHETIC_ML_DATASET,NORMAL,0
MTR,HUM_001,2026-03-01T00:57:00+00:00,56.11677013379402,%,GOOD,SYNTHETIC_ML_DATASET,NORMAL,0
MTR,POWER_001,2026-03-01T00:57:00+00:00,36.18063662631723,kW,GOOD,SYNTHETIC_ML_DATASET,NORMAL,0
MTR,PRESS_001,2026-03-01T00:57:00+00:00,990.5585362564053,hPa,GOOD,SYNTHETIC_ML_DATASET,NORMAL,0
MTR,TEMP_001,2026-03-01T00:57:00+00:00,-13.642139662032097,°C,GOOD,SYNTHETIC_ML_DATASET,NORMAL,0
MTR,VIB_001,2026-03-01T00:57:00+00:00,0.9514278715341886,mm/s,GOOD,SYNTHETIC_ML_DATASET,NORMAL,0
MTR,HUM_001,2026-03-01T00:58:00+00:00,54.78560236230769,%,GOOD,SYNTHETIC_ML_DATASET,NORMAL,0
MTR,POWER_001,2026-03-01T00:58:00+00:00,35.713754167413136,kW,GOOD,SYNTHETIC_ML_DATASET,NORMAL,0
MTR,PRESS_001,2026-03-01T00:58:00+00:00,990.4140721178668,hPa,GOOD,SYNTHETIC_ML_DATASET,NORMAL,0
MTR,TEMP_001,2026-03-01T00:58:00+00:00,-13.756670530436011,°C,GOOD,SYNTHETIC_ML_DATASET,NORMAL,0
MTR,VIB_001,2026-03-01T00:58:00+00:00,0.952708952671292,mm/s,GOOD,SYNTHETIC_ML_DATASET,NORMAL,0
MTR,HUM_001,2026-03-01T00:59:00+00:00,56.12526716451583,%,GOOD,SYNTHETIC_ML_DATASET,NORMAL,0
MTR,POWER_001,2026-03-01T00:59:00+00:00,36.23532519027118,kW,GOOD,SYNTHETIC_ML_DATASET,NORMAL,0
MTR,PRESS_001,2026-03-01T00:59:00+00:00,990.3809349595581,hPa,GOOD,SYNTHETIC_ML_DATASET,NORMAL,0
MTR,TEMP_001,2026-03-01T00:59:00+00:00,-13.60108948607096,°C,GOOD,SYNTHETIC_ML_DATASET,NORMAL,0
MTR,VIB_001,2026-03-01T00:59:00+00:00,0.9458621147641461,mm/s,GOOD,SYNTHETIC_ML_DATASET,NORMAL,0
MTR,HUM_001,2026-03-01T01:00:00+00:00,57.1123247892712,%,GOOD,SYNTHETIC_ML_DATASET,NORMAL,0
MTR,POWER_001,2026-03-01T01:00:00+00:00,36.016351209743306,kW,GOOD,SYNTHETIC_ML_DATASET,NORMAL,0
MTR,PRESS_001,2026-03-01T01:00:00+00:00,990.3554260311081,hPa,GOOD,SYNTHETIC_ML_DATASET,NORMAL,0
MTR,TEMP_001,2026-03-01T01:00:00+00:00,-13.83844905650913,°C,GOOD,SYNTHETIC_ML_DATASET,NORMAL,0
MTR,VIB_001,2026-03-01T01:00:00+00:00,0.9309966868954934,mm/s,GOOD,SYNTHETIC_ML_DATASET,NORMAL,0
MTR,HUM_001,2026-03-01T01:01:00+00:00,56.40740597370303,%,GOOD,SYNTHETIC_ML_DATASET,NORMAL,0
MTR,POWER_001,2026-03-01T01:01:00+00:00,35.54546529830783,kW,GOOD,SYNTHETIC_ML_DATASET,NORMAL,0
MTR,PRESS_001,2026-03-01T01:01:00+00:00,990.5710330302038,hPa,GOOD,SYNTHETIC_ML_DATASET,NORMAL,0
MTR,TEMP_001,2026-03-01T01:01:00+00:00,-13.627965333539073,°C,GOOD,SYNTHETIC_ML_DATASET,NORMAL,0
MTR,VIB_001,2026-03-01T01:01:00+00:00,0.9494749467374336,mm/s,GOOD,SYNTHETIC_ML_DATASET,NORMAL,0
MTR,HUM_001,2026-03-01T01:02:00+00:00,56.86101200194146,%,GOOD,SYNTHETIC_ML_DATASET,NORMAL,0
MTR,POWER_001,2026-03-01T01:02:00+00:00,36.439102145449546,kW,GOOD,SYNTHETIC_ML_DATASET,NORMAL,0
MTR,PRESS_001,2026-03-01T01:02:00+00:00,990.3331103617106,hPa,GOOD,SYNTHETIC_ML_DATASET,NORMAL,0
MTR,TEMP_001,2026-03-01T01:02:00+00:00,-13.859949378502858,°C,GOOD,SYNTHETIC_ML_DATASET,NORMAL,0
MTR,VIB_001,2026-03-01T01:02:00+00:00,0.9485651855166009,mm/s,GOOD,SYNTHETIC_ML_DATASET,NORMAL,0
MTR,HUM_001,2026-03-01T01:03:00+00:00,56.97840867057759,%,GOOD,SYNTHETIC_ML_DATASET,NORMAL,0
MTR,POWER_001,2026-03-01T01:03:00+00:00,36.28843393242906,kW,GOOD,SYNTHETIC_ML_DATASET,NORMAL,0
MTR,PRESS_001,2026-03-01T01:03:00+00:00,990.5010112583958,hPa,GOOD,SYNTHETIC_ML_DATASET,NORMAL,0
MTR,TEMP_001,2026-03-01T01:03:00+00:00,-13.561226813265872,°C,GOOD,SYNTHETIC_ML_DATASET,NORMAL,0
MTR,VIB_001,2026-03-01T01:03:00+00:00,0.9220043227255663,mm/s,GOOD,SYNTHETIC_ML_DATASET,NORMAL,0
MTR,HUM_001,2026-03-01T01:04:00+00:00,57.704867858709136,%,GOOD,SYNTHETIC_ML_DATASET,NORMAL,0
MTR,POWER_001,2026-03-01T01:04:00+00:00,36.20539755935169,kW,GOOD,SYNTHETIC_ML_DATASET,NORMAL,0
MTR,PRESS_001,2026-03-01T01:04:00+00:00,990.4438069133369,hPa,GOOD,SYNTHETIC_ML_DATASET,NORMAL,0
MTR,TEMP_001,2026-03-01T01:04:00+00:00,-13.723715901486875,°C,GOOD,SYNTHETIC_ML_DATASET,NORMAL,0
MTR,VIB_001,2026-03-01T01:04:00+00:00,0.9318795451098372,mm/s,GOOD,SYNTHETIC_ML_DATASET,NORMAL,0
MTR,HUM_001,2026-03-01T01:05:00+00:00,55.89227795028315,%,GOOD,SYNTHETIC_ML_DATASET,NORMAL,0
MTR,POWER_001,2026-03-01T01:05:00+00:00,36.129245347144476,kW,GOOD,SYNTHETIC_ML_DATASET,NORMAL,0
MTR,PRESS_001,2026-03-01T01:05:00+00:00,990.2758230685954,hPa,GOOD,SYNTHETIC_ML_DATASET,NORMAL,0
MTR,TEMP_001,2026-03-01T01:05:00+00:00,-13.550374367907331,°C,GOOD,SYNTHETIC_ML_DATASET,NORMAL,0
MTR,VIB_001,2026-03-01T01:05:00+00:00,0.920598693235815,mm/s,GOOD,SYNTHETIC_ML_DATASET,NORMAL,0
MTR,HUM_001,2026-03-01T01:06:00+00:00,56.12981801601871,%,GOOD,SYNTHETIC_ML_DATASET,NORMAL,0
MTR,POWER_001,2026-03-01T01:06:00+00:00,36.364381055845584,kW,GOOD,SYNTHETIC_ML_DATASET,NORMAL,0
MTR,PRESS_001,2026-03-01T01:06:00+00:00,990.4795061636648,hPa,GOOD,SYNTHETIC_ML_DATASET,NORMAL,0
MTR,TEMP_001,2026-03-01T01:06:00+00:00,-13.715303648881918,°C,GOOD,SYNTHETIC_ML_DATASET,NORMAL,0
MTR,VIB_001,2026-03-01T01:06:00+00:00,0.9442426596154606,mm/s,GOOD,SYNTHETIC_ML_DATASET,NORMAL,0
MTR,HUM_001,2026-03-01T01:07:00+00:00,55.51678473848367,%,GOOD,SYNTHETIC_ML_DATASET,NORMAL,0
MTR,POWER_001,2026-03-01T01:07:00+00:00,35.7708467724924,kW,GOOD,SYNTHETIC_ML_DATASET,NORMAL,0
MTR,PRESS_001,2026-03-01T01:07:00+00:00,990.3048022037253,hPa,GOOD,SYNTHETIC_ML_DATASET,NORMAL,0
MTR,TEMP_001,2026-03-01T01:07:00+00:00,-13.534289973248853,°C,GOOD,SYNTHETIC_ML_DATASET,NORMAL,0
MTR,VIB_001,2026-03-01T01:07:00+00:00,0.9261357401909837,mm/s,GOOD,SYNTHETIC_ML_DATASET,NORMAL,0
MTR,HUM_001,2026-03-01T01:08:00+00:00,55.2121379604334,%,GOOD,SYNTHETIC_ML_DATASET,NORMAL,0
MTR,POWER_001,2026-03-01T01:08:00+00:00,35.49048309222261,kW,GOOD,SYNTHETIC_ML_DATASET,NORMAL,0
MTR,PRESS_001,2026-03-01T01:08:00+00:00,990.1434743111824,hPa,GOOD,SYNTHETIC_ML_DATASET,NORMAL,0
MTR,TEMP_001,2026-03-01T01:08:00+00:00,-13.29700949908764,°C,GOOD,SYNTHETIC_ML_DATASET,NORMAL,0
MTR,VIB_001,2026-03-01T01:08:00+00:00,0.9099298025220486,mm/s,GOOD,SYNTHETIC_ML_DATASET,NORMAL,0
MTR,HUM_001,2026-03-01T01:09:00+00:00,54.53468210360295,%,GOOD,SYNTHETIC_ML_DATASET,NORMAL,0
MTR,POWER_001,2026-03-01T01:09:00+00:00,36.0120401227585,kW,GOOD,SYNTHETIC_ML_DATASET,NORMAL,0
MTR,PRESS_001,2026-03-01T01:09:00+00:00,990.2999945501211,hPa,GOOD,SYNTHETIC_ML_DATASET,NORMAL,0
MTR,TEMP_001,2026-03-01T01:09:00+00:00,-13.517540413760532,°C,GOOD,SYNTHETIC_ML_DATASET,NORMAL,0
MTR,VIB_001,2026-03-01T01:09:00+00:00,0.9246779790896752,mm/s,GOOD,SYNTHETIC_ML_DATASET,NORMAL,0
MTR,HUM_001,2026-03-01T01:10:00+00:00,54.6275614922364,%,GOOD,SYNTHETIC_ML_DATASET,NORMAL,0
MTR,POWER_001,2026-03-01T01:10:00+00:00,36.96844758267291,kW,GOOD,SYNTHETIC_ML_DATASET,NORMAL,0
MTR,PRESS_001,2026-03-01T01:10:00+00:00,990.1071536367454,hPa,GOOD,SYNTHETIC_ML_DATASET,NORMAL,0
MTR,TEMP_001,2026-03-01T01:10:00+00:00,-13.646906890273089,°C,GOOD,SYNTHETIC_ML_DATASET,NORMAL,0
MTR,VIB_001,2026-03-01T01:10:00+00:00,0.9004255451145406,mm/s,GOOD,SYNTHETIC_ML_DATASET,NORMAL,0
MTR,HUM_001,2026-03-01T01:11:00+00:00,54.4139263634266,%,GOOD,SYNTHETIC_ML_DATASET,NORMAL,0
MTR,POWER_001,2026-03-01T01:11:00+00:00,36.994846017198235,kW,GOOD,SYNTHETIC_ML_DATASET,NORMAL,0
MTR,PRESS_001,2026-03-01T01:11:00+00:00,990.2314591928334,hPa,GOOD,SYNTHETIC_ML_DATASET,NORMAL,0
MTR,TEMP_001,2026-03-01T01:11:00+00:00,-13.868837406790622,°C,GOOD,SYNTHETIC_ML_DATASET,NORMAL,0
MTR,VIB_001,2026-03-01T01:11:00+00:00,0.9259884430620038,mm/s,GOOD,SYNTHETIC_ML_DATASET,NORMAL,0
MTR,HUM_001,2026-03-01T01:12:00+00:00,55.759027932230644,%,GOOD,SYNTHETIC_ML_DATASET,NORMAL,0
MTR,POWER_001,2026-03-01T01:12:00+00:00,37.276848770128964,kW,GOOD,SYNTHETIC_ML_DATASET,NORMAL,0
MTR,PRESS_001,2026-03-01T01:12:00+00:00,990.103045843299,hPa,GOOD,SYNTHETIC_ML_DATASET,NORMAL,0
MTR,TEMP_001,2026-03-01T01:12:00+00:00,-13.812923983321893,°C,GOOD,SYNTHETIC_ML_DATASET,NORMAL,0
MTR,VIB_001,2026-03-01T01:12:00+00:00,0.9294036856136726,mm/s,GOOD,SYNTHETIC_ML_DATASET,NORMAL,0
MTR,HUM_001,2026-03-01T01:13:00+00:00,54.70487382640533,%,GOOD,SYNTHETIC_ML_DATASET,NORMAL,0
MTR,POWER_001,2026-03-01T01:13:00+00:00,36.68279863601677,kW,GOOD,SYNTHETIC_ML_DATASET,NORMAL,0
MTR,PRESS_001,2026-03-01T01:13:00+00:00,990.0941739852385,hPa,GOOD,SYNTHETIC_ML_DATASET,NORMAL,0
MTR,TEMP_001,2026-03-01T01:13:00+00:00,-13.929575821318231,°C,GOOD,SYNTHETIC_ML_DATASET,NORMAL,0
MTR,VIB_001,2026-03-01T01:13:00+00:00,0.8955159622957359,mm/s,GOOD,SYNTHETIC_ML_DATASET,NORMAL,0
MTR,HUM_001,2026-03-01T01:14:00+00:00,55.44620440240681,%,GOOD,SYNTHETIC_ML_DATASET,NORMAL,0
MTR,POWER_001,2026-03-01T01:14:00+00:00,36.94119056025635,kW,GOOD,SYNTHETIC_ML_DATASET,NORMAL,0
MTR,PRESS_001,2026-03-01T01:14:00+00:00,990.1123600521498,hPa,GOOD,SYNTHETIC_ML_DATASET,NORMAL,0
MTR,TEMP_001,2026-03-01T01:14:00+00:00,-13.797163126151533,°C,GOOD,SYNTHETIC_ML_DATASET,NORMAL,0
MTR,VIB_001,2026-03-01T01:14:00+00:00,0.8458504612531866,mm/s,GOOD,SYNTHETIC_ML_DATASET,NORMAL,0
MTR,HUM_001,2026-03-01T01:15:00+00:00,55.52653336492013,%,GOOD,SYNTHETIC_ML_DATASET,NORMAL,0
MTR,POWER_001,2026-03-01T01:15:00+00:00,36.69894341322185,kW,GOOD,SYNTHETIC_ML_DATASET,NORMAL,0
MTR,PRESS_001,2026-03-01T01:15:00+00:00,990.1937238111411,hPa,GOOD,SYNTHETIC_ML_DATASET,NORMAL,0
MTR,TEMP_001,2026-03-01T01:15:00+00:00,-13.547446710342312,°C,GOOD,SYNTHETIC_ML_DATASET,NORMAL,0
MTR,VIB_001,2026-03-01T01:15:00+00:00,0.8990260375113824,mm/s,GOOD,SYNTHETIC_ML_DATASET,NORMAL,0
MTR,HUM_001,2026-03-01T01:16:00+00:00,54.88493158871689,%,GOOD,SYNTHETIC_ML_DATASET,NORMAL,0
MTR,POWER_001,2026-03-01T01:16:00+00:00,36.75138594319397,kW,GOOD,SYNTHETIC_ML_DATASET,NORMAL,0
MTR,PRESS_001,2026-03-01T01:16:00+00:00,990.3866896611966,hPa,GOOD,SYNTHETIC_ML_DATASET,NORMAL,0
MTR,TEMP_001,2026-03-01T01:16:00+00:00,-13.416799593235325,°C,GOOD,SYNTHETIC_ML_DATASET,NORMAL,0
MTR,VIB_001,2026-03-01T01:16:00+00:00,0.9068622439631032,mm/s,GOOD,SYNTHETIC_ML_DATASET,NORMAL,0
MTR,HUM_001,2026-03-01T01:17:00+00:00,55.66455612929176,%,GOOD,SYNTHETIC_ML_DATASET,NORMAL,0
MTR,POWER_001,2026-03-01T01:17:00+00:00,38.26987546432436,kW,GOOD,SYNTHETIC_ML_DATASET,NORMAL,0
MTR,PRESS_001,2026-03-01T01:17:00+00:00,990.081902910883,hPa,GOOD,SYNTHETIC_ML_DATASET,NORMAL,0
MTR,TEMP_001,2026-03-01T01:17:00+00:00,-13.171423096557081,°C,GOOD,SYNTHETIC_ML_DATASET,NORMAL,0
MTR,VIB_001,2026-03-01T01:17:00+00:00,0.9146380177875445,mm/s,GOOD,SYNTHETIC_ML_DATASET,NORMAL,0
MTR,HUM_001,2026-03-01T01:18:00+00:00,56.32409451353738,%,GOOD,SYNTHETIC_ML_DATASET,NORMAL,0
MTR,POWER_001,2026-03-01T01:18:00+00:00,36.788274818765196,kW,GOOD,SYNTHETIC_ML_DATASET,NORMAL,0
MTR,PRESS_001,2026-03-01T01:18:00+00:00,990.0265101013207,hPa,GOOD,SYNTHETIC_ML_DATASET,NORMAL,0
MTR,TEMP_001,2026-03-01T01:18:00+00:00,-13.565070886728442,°C,GOOD,SYNTHETIC_ML_DATASET,NORMAL,0
MTR,VIB_001,2026-03-01T01:18:00+00:00,0.894714076006006,mm/s,GOOD,SYNTHETIC_ML_DATASET,NORMAL,0
MTR,HUM_001,2026-03-01T01:19:00+00:00,55.78388554236407,%,GOOD,SYNTHETIC_ML_DATASET,NORMAL,0
MTR,POWER_001,2026-03-01T01:19:00+00:00,37.7617127485135,kW,GOOD,SYNTHETIC_ML_DATASET,NORMAL,0
MTR,PRESS_001,2026-03-01T01:19:00+00:00,990.0249338073969,hPa,GOOD,SYNTHETIC_ML_DATASET,NORMAL,0
MTR,TEMP_001,2026-03-01T01:19:00+00:00,-13.294425355662916,°C,GOOD,SYNTHETIC_ML_DATASET,NORMAL,0
MTR,VIB_001,2026-03-01T01:19:00+00:00,0.878750316075605,mm/s,GOOD,SYNTHETIC_ML_DATASET,NORMAL,0
MTR,HUM_001,2026-03-01T01:20:00+00:00,56.01188349478712,%,GOOD,SYNTHETIC_ML_DATASET,NORMAL,0
MTR,POWER_001,2026-03-01T01:20:00+00:00,37.094767888799296,kW,GOOD,SYNTHETIC_ML_DATASET,NORMAL,0
MTR,PRESS_001,2026-03-01T01:20:00+00:00,990.180721964967,hPa,GOOD,SYNTHETIC_ML_DATASET,NORMAL,0
MTR,TEMP_001,2026-03-01T01:20:00+00:00,-13.397372938761555,°C,GOOD,SYNTHETIC_ML_DATASET,NORMAL,0
MTR,VIB_001,2026-03-01T01:20:00+00:00,0.8886911465555236,mm/s,GOOD,SYNTHETIC_ML_DATASET,NORMAL,0
MTR,HUM_001,2026-03-01T01:21:00+00:00,56.975564345572984,%,GOOD,SYNTHETIC_ML_DATASET,NORMAL,0
MTR,POWER_001,2026-03-01T01:21:00+00:00,38.02412332135147,kW,GOOD,SYNTHETIC_ML_DATASET,NORMAL,0
MTR,PRESS_001,2026-03-01T01:21:00+00:00,990.2069476210637,hPa,GOOD,SYNTHETIC_ML_DATASET,NORMAL,0
MTR,TEMP_001,2026-03-01T01:21:00+00:00,-13.500282029664268,°C,GOOD,SYNTHETIC_ML_DATASET,NORMAL,0
MTR,VIB_001,2026-03-01T01:21:00+00:00,0.8455546449933969,mm/s,GOOD,SYNTHETIC_ML_DATASET,NORMAL,0
MTR,HUM_001,2026-03-01T01:22:00+00:00,56.258909598878574,%,GOOD,SYNTHETIC_ML_DATASET,NORMAL,0
MTR,POWER_001,2026-03-01T01:22:00+00:00,36.97851994144852,kW,GOOD,SYNTHETIC_ML_DATASET,NORMAL,0
MTR,PRESS_001,2026-03-01T01:22:00+00:00,990.3361017653807,hPa,GOOD,SYNTHETIC_ML_DATASET,NORMAL,0
MTR,TEMP_001,2026-03-01T01:22:00+00:00,-13.434251589383864,°C,GOOD,SYNTHETIC_ML_DATASET,NORMAL,0
MTR,VIB_001,2026-03-01T01:22:00+00:00,0.8533492650241497,mm/s,GOOD,SYNTHETIC_ML_DATASET,NORMAL,0
MTR,HUM_001,2026-03-01T01:23:00+00:00,56.49206557576738,%,GOOD,SYNTHETIC_ML_DATASET,NORMAL,0
MTR,POWER_001,2026-03-01T01:23:00+00:00,37.56472752724721,kW,GOOD,SYNTHETIC_ML_DATASET,NORMAL,0
MTR,PRESS_001,2026-03-01T01:23:00+00:00,990.3407587508792,hPa,GOOD,SYNTHETIC_ML_DATASET,NORMAL,0
MTR,TEMP_001,2026-03-01T01:23:00+00:00,-13.502350442068325,°C,GOOD,SYNTHETIC_ML_DATASET,NORMAL,0
MTR,VIB_001,2026-03-01T01:23:00+00:00,0.8561689299681622,mm/s,GOOD,SYNTHETIC_ML_DATASET,NORMAL,0
MTR,HUM_001,2026-03-01T01:24:00+00:00,57.63582464880527,%,GOOD,SYNTHETIC_ML_DATASET,NORMAL,0
MTR,POWER_001,2026-03-01T01:24:00+00:00,37.06139013365884,kW,GOOD,SYNTHETIC_ML_DATASET,NORMAL,0
MTR,PRESS_001,2026-03-01T01:24:00+00:00,990.3822393355266,hPa,GOOD,SYNTHETIC_ML_DATASET,NORMAL,0
MTR,TEMP_001,2026-03-01T01:24:00+00:00,-13.590196394670476,°C,GOOD,SYNTHETIC_ML_DATASET,NORMAL,0
MTR,VIB_001,2026-03-01T01:24:00+00:00,0.8559743315732455,mm/s,GOOD,SYNTHETIC_ML_DATASET,NORMAL,0
MTR,HUM_001,2026-03-01T01:25:00+00:00,56.89932303193699,%,GOOD,SYNTHETIC_ML_DATASET,NORMAL,0
MTR,POWER_001,2026-03-01T01:25:00+00:00,36.61862546575006,kW,GOOD,SYNTHETIC_ML_DATASET,NORMAL,0
MTR,PRESS_001,2026-03-01T01:25:00+00:00,990.2037532808591,hPa,GOOD,SYNTHETIC_ML_DATASET,NORMAL,0
MTR,TEMP_001,2026-03-01T01:25:00+00:00,-13.588047433843725,°C,GOOD,SYNTHETIC_ML_DATASET,NORMAL,0
MTR,VIB_001,2026-03-01T01:25:00+00:00,0.8471017854229755,mm/s,GOOD,SYNTHETIC_ML_DATASET,NORMAL,0
MTR,HUM_001,2026-03-01T01:26:00+00:00,57.70605809765221,%,GOOD,SYNTHETIC_ML_DATASET,NORMAL,0
MTR,POWER_001,2026-03-01T01:26:00+00:00,35.95551498106217,kW,GOOD,SYNTHETIC_ML_DATASET,NORMAL,0
MTR,PRESS_001,2026-03-01T01:26:00+00:00,990.217179762631,hPa,GOOD,SYNTHETIC_ML_DATASET,NORMAL,0
MTR,TEMP_001,2026-03-01T01:26:00+00:00,-13.74785914624403,°C,GOOD,SYNTHETIC_ML_DATASET,NORMAL,0
MTR,VIB_001,2026-03-01T01:26:00+00:00,0.8907557360307814,mm/s,GOOD,SYNTHETIC_ML_DATASET,NORMAL,0
MTR,HUM_001,2026-03-01T01:27:00+00:00,57.059116384538925,%,GOOD,SYNTHETIC_ML_DATASET,NORMAL,0
MTR,POWER_001,2026-03-01T01:27:00+00:00,35.805495920100796,kW,GOOD,SYNTHETIC_ML_DATASET,NORMAL,0
MTR,PRESS_001,2026-03-01T01:27:00+00:00,990.3161255295337,hPa,GOOD,SYNTHETIC_ML_DATASET,NORMAL,0
MTR,TEMP_001,2026-03-01T01:27:00+00:00,-13.740698777489783,°C,GOOD,SYNTHETIC_ML_DATASET,NORMAL,0
MTR,VIB_001,2026-03-01T01:27:00+00:00,0.912048170367527,mm/s,GOOD,SYNTHETIC_ML_DATASET,NORMAL,0
MTR,HUM_001,2026-03-01T01:28:00+00:00,58.155968156848644,%,GOOD,SYNTHETIC_ML_DATASET,NORMAL,0
MTR,POWER_001,2026-03-01T01:28:00+00:00,36.76360924347579,kW,GOOD,SYNTHETIC_ML_DATASET,NORMAL,0
MTR,PRESS_001,2026-03-01T01:28:00+00:00,990.2412213775457,hPa,GOOD,SYNTHETIC_ML_DATASET,NORMAL,0
MTR,TEMP_001,2026-03-01T01:28:00+00:00,-13.360118602609962,°C,GOOD,SYNTHETIC_ML_DATASET,NORMAL,0
MTR,VIB_001,2026-03-01T01:28:00+00:00,0.8607485912220231,mm/s,GOOD,SYNTHETIC_ML_DATASET,NORMAL,0
MTR,HUM_001,2026-03-01T01:29:00+00:00,57.20693503499545,%,GOOD,SYNTHETIC_ML_DATASET,NORMAL,0
MTR,POWER_001,2026-03-01T01:29:00+00:00,37.072546816799075,kW,GOOD,SYNTHETIC_ML_DATASET,NORMAL,0
MTR,PRESS_001,2026-03-01T01:29:00+00:00,990.128734015003,hPa,GOOD,SYNTHETIC_ML_DATASET,NORMAL,0
MTR,TEMP_001,2026-03-01T01:29:00+00:00,-13.422869633650418,°C,GOOD,SYNTHETIC_ML_DATASET,NORMAL,0
MTR,VIB_001,2026-03-01T01:29:00+00:00,0.9084253796954145,mm/s,GOOD,SYNTHETIC_ML_DATASET,NORMAL,0
MTR,HUM_001,2026-03-01T01:30:00+00:00,56.489988133467264,%,GOOD,SYNTHETIC_ML_DATASET,NORMAL,0
MTR,POWER_001,2026-03-01T01:30:00+00:00,37.412480428827536,kW,GOOD,SYNTHETIC_ML_DATASET,NORMAL,0
MTR,PRESS_001,2026-03-01T01:30:00+00:00,990.2720585439691,hPa,GOOD,SYNTHETIC_ML_DATASET,NORMAL,0
MTR,TEMP_001,2026-03-01T01:30:00+00:00,-13.380697642789018,°C,GOOD,SYNTHETIC_ML_DATASET,NORMAL,0
MTR,VIB_001,2026-03-01T01:30:00+00:00,0.9077463364723972,mm/s,GOOD,SYNTHETIC_ML_DATASET,NORMAL,0
MTR,HUM_001,2026-03-01T01:31:00+00:00,57.56436958929742,%,GOOD,SYNTHETIC_ML_DATASET,NORMAL,0
MTR,POWER_001,2026-03-01T01:31:00+00:00,37.02597448751044,kW,GOOD,SYNTHETIC_ML_DATASET,NORMAL,0
MTR,PRESS_001,2026-03-01T01:31:00+00:00,990.2346453778212,hPa,GOOD,SYNTHETIC_ML_DATASET,NORMAL,0
MTR,TEMP_001,2026-03-01T01:31:00+00:00,-13.286809279155845,°C,GOOD,SYNTHETIC_ML_DATASET,NORMAL,0
MTR,VIB_001,2026-03-01T01:31:00+00:00,0.9013968514065945,mm/s,GOOD,SYNTHETIC_ML_DATASET,NORMAL,0
MTR,HUM_001,2026-03-01T01:32:00+00:00,57.502416063667965,%,GOOD,SYNTHETIC_ML_DATASET,NORMAL,0
MTR,POWER_001,2026-03-01T01:32:00+00:00,37.276095628162025,kW,GOOD,SYNTHETIC_ML_DATASET,NORMAL,0
MTR,PRESS_001,2026-03-01T01:32:00+00:00,990.2292306793644,hPa,GOOD,SYNTHETIC_ML_DATASET,NORMAL,0
MTR,TEMP_001,2026-03-01T01:32:00+00:00,-13.198974059462676,°C,GOOD,SYNTHETIC_ML_DATASET,NORMAL,0
MTR,VIB_001,2026-03-01T01:32:00+00:00,0.8697353339494848,mm/s,GOOD,SYNTHETIC_ML_DATASET,NORMAL,0
MTR,HUM_001,2026-03-01T01:33:00+00:00,58.52501273104987,%,GOOD,SYNTHETIC_ML_DATASET,NORMAL,0
MTR,POWER_001,2026-03-01T01:33:00+00:00,37.00809256964222,kW,GOOD,SYNTHETIC_ML_DATASET,NORMAL,0
MTR,PRESS_001,2026-03-01T01:33:00+00:00,990.4367886728098,hPa,GOOD,SYNTHETIC_ML_DATASET,NORMAL,0
MTR,TEMP_001,2026-03-01T01:33:00+00:00,-13.272026545865621,°C,GOOD,SYNTHETIC_ML_DATASET,NORMAL,0
MTR,VIB_001,2026-03-01T01:33:00+00:00,0.8824460918994608,mm/s,GOOD,SYNTHETIC_ML_DATASET,NORMAL,0
MTR,HUM_001,2026-03-01T01:34:00+00:00,57.901082866953715,%,GOOD,SYNTHETIC_ML_DATASET,NORMAL,0
MTR,POWER_001,2026-03-01T01:34:00+00:00,37.1420813115336,kW,GOOD,SYNTHETIC_ML_DATASET,NORMAL,0
MTR,PRESS_001,2026-03-01T01:34:00+00:00,990.4212961763876,hPa,GOOD,SYNTHETIC_ML_DATASET,NORMAL,0
MTR,TEMP_001,2026-03-01T01:34:00+00:00,-13.533515513047792,°C,GOOD,SYNTHETIC_ML_DATASET,NORMAL,0
MTR,VIB_001,2026-03-01T01:34:00+00:00,0.9210436612202684,mm/s,GOOD,SYNTHETIC_ML_DATASET,NORMAL,0
MTR,HUM_001,2026-03-01T01:35:00+00:00,57.45336042246168,%,GOOD,SYNTHETIC_ML_DATASET,NORMAL,0
MTR,POWER_001,2026-03-01T01:35:00+00:00,37.19919041947323,kW,GOOD,SYNTHETIC_ML_DATASET,NORMAL,0
MTR,PRESS_001,2026-03-01T01:35:00+00:00,990.343725289141,hPa,GOOD,SYNTHETIC_ML_DATASET,NORMAL,0
MTR,TEMP_001,2026-03-01T01:35:00+00:00,-13.38437299094069,°C,GOOD,SYNTHETIC_ML_DATASET,NORMAL,0
MTR,VIB_001,2026-03-01T01:35:00+00:00,0.8667757440030682,mm/s,GOOD,SYNTHETIC_ML_DATASET,NORMAL,0
MTR,HUM_001,2026-03-01T01:36:00+00:00,58.3707043306181,%,GOOD,SYNTHETIC_ML_DATASET,NORMAL,0
MTR,POWER_001,2026-03-01T01:36:00+00:00,36.790260974652185,kW,GOOD,SYNTHETIC_ML_DATASET,NORMAL,0
MTR,PRESS_001,2026-03-01T01:36:00+00:00,990.5422781310649,hPa,GOOD,SYNTHETIC_ML_DATASET,NORMAL,0
MTR,TEMP_001,2026-03-01T01:36:00+00:00,-13.431901242484228,°C,GOOD,SYNTHETIC_ML_DATASET,NORMAL,0
MTR,VIB_001,2026-03-01T01:36:00+00:00,0.9261538923324263,mm/s,GOOD,SYNTHETIC_ML_DATASET,NORMAL,0
MTR,HUM_001,2026-03-01T01:37:00+00:00,58.281330098618845,%,GOOD,SYNTHETIC_ML_DATASET,NORMAL,0
MTR,POWER_001,2026-03-01T01:37:00+00:00,36.612322724177226,kW,GOOD,SYNTHETIC_ML_DATASET,NORMAL,0
MTR,PRESS_001,2026-03-01T01:37:00+00:00,990.229846219591,hPa,GOOD,SYNTHETIC_ML_DATASET,NORMAL,0
MTR,TEMP_001,2026-03-01T01:37:00+00:00,-13.644227443072145,°C,GOOD,SYNTHETIC_ML_DATASET,NORMAL,0
MTR,VIB_001,2026-03-01T01:37:00+00:00,0.922721682720462,mm/s,GOOD,SYNTHETIC_ML_DATASET,NORMAL,0
MTR,HUM_001,2026-03-01T01:38:00+00:00,59.19797781671536,%,GOOD,SYNTHETIC_ML_DATASET,NORMAL,0
MTR,POWER_001,2026-03-01T01:38:00+00:00,36.22830673012848,kW,GOOD,SYNTHETIC_ML_DATASET,NORMAL,0
MTR,PRESS_001,2026-03-01T01:38:00+00:00,990.3369043317035,hPa,GOOD,SYNTHETIC_ML_DATASET,NORMAL,0
MTR,TEMP_001,2026-03-01T01:38:00+00:00,-13.497621845354727,°C,GOOD,SYNTHETIC_ML_DATASET,NORMAL,0
MTR,VIB_001,2026-03-01T01:38:00+00:00,0.9178638289341493,mm/s,GOOD,SYNTHETIC_ML_DATASET,NORMAL,0
MTR,HUM_001,2026-03-01T01:39:00+00:00,58.715100839149144,%,GOOD,SYNTHETIC_ML_DATASET,NORMAL,0
MTR,POWER_001,2026-03-01T01:39:00+00:00,36.76156693653184,kW,GOOD,SYNTHETIC_ML_DATASET,NORMAL,0
MTR,PRESS_001,2026-03-01T01:39:00+00:00,990.3469275265863,hPa,GOOD,SYNTHETIC_ML_DATASET,NORMAL,0
MTR,TEMP_001,2026-03-01T01:39:00+00:00,-13.510945884693065,°C,GOOD,SYNTHETIC_ML_DATASET,NORMAL,0
MTR,VIB_001,2026-03-01T01:39:00+00:00,0.8921187202284506,mm/s,GOOD,SYNTHETIC_ML_DATASET,NORMAL,0
MTR,HUM_001,2026-03-01T01:40:00+00:00,59.158531363380845,%,GOOD,SYNTHETIC_ML_DATASET,NORMAL,0
MTR,POWER_001,2026-03-01T01:40:00+00:00,36.24473325078731,kW,GOOD,SYNTHETIC_ML_DATASET,NORMAL,0
MTR,PRESS_001,2026-03-01T01:40:00+00:00,990.473281649613,hPa,GOOD,SYNTHETIC_ML_DATASET,NORMAL,0
MTR,TEMP_001,2026-03-01T01:40:00+00:00,-13.523101387204886,°C,GOOD,SYNTHETIC_ML_DATASET,NORMAL,0
MTR,VIB_001,2026-03-01T01:40:00+00:00,0.9009531662987764,mm/s,GOOD,SYNTHETIC_ML_DATASET,NORMAL,0
MTR,HUM_001,2026-03-01T01:41:00+00:00,58.76103189380701,%,GOOD,SYNTHETIC_ML_DATASET,NORMAL,0
MTR,POWER_001,2026-03-01T01:41:00+00:00,36.62186347807084,kW,GOOD,SYNTHETIC_ML_DATASET,NORMAL,0
MTR,PRESS_001,2026-03-01T01:41:00+00:00,990.6864893961924,hPa,GOOD,SYNTHETIC_ML_DATASET,NORMAL,0
MTR,TEMP_001,2026-03-01T01:41:00+00:00,-13.426915983025916,°C,GOOD,SYNTHETIC_ML_DATASET,NORMAL,0
MTR,VIB_001,2026-03-01T01:41:00+00:00,0.89803279178767,mm/s,GOOD,SYNTHETIC_ML_DATASET,NORMAL,0
MTR,HUM_001,2026-03-01T01:42:00+00:00,58.00371143513877,%,GOOD,SYNTHETIC_ML_DATASET,NORMAL,0
MTR,POWER_001,2026-03-01T01:42:00+00:00,37.59413804009136,kW,GOOD,SYNTHETIC_ML_DATASET,NORMAL,0
MTR,PRESS_001,2026-03-01T01:42:00+00:00,990.6631026987151,hPa,GOOD,SYNTHETIC_ML_DATASET,NORMAL,0
MTR,TEMP_001,2026-03-01T01:42:00+00:00,-13.428996576419324,°C,GOOD,SYNTHETIC_ML_DATASET,NORMAL,0
MTR,VIB_001,2026-03-01T01:42:00+00:00,0.8893686687428558,mm/s,GOOD,SYNTHETIC_ML_DATASET,NORMAL,0
MTR,HUM_001,2026-03-01T01:43:00+00:00,57.81261350556864,%,GOOD,SYNTHETIC_ML_DATASET,NORMAL,0
MTR,POWER_001,2026-03-01T01:43:00+00:00,36.96566267547788,kW,GOOD,SYNTHETIC_ML_DATASET,NORMAL,0
MTR,PRESS_001,2026-03-01T01:43:00+00:00,990.4324493652285,hPa,GOOD,SYNTHETIC_ML_DATASET,NORMAL,0
MTR,TEMP_001,2026-03-01T01:43:00+00:00,-13.332029830403089,°C,GOOD,SYNTHETIC_ML_DATASET,NORMAL,0
MTR,VIB_001,2026-03-01T01:43:00+00:00,0.8819867444252874,mm/s,GOOD,SYNTHETIC_ML_DATASET,NORMAL,0
MTR,HUM_001,2026-03-01T01:44:00+00:00,57.96223820823429,%,GOOD,SYNTHETIC_ML_DATASET,NORMAL,0
MTR,POWER_001,2026-03-01T01:44:00+00:00,37.59822541567183,kW,GOOD,SYNTHETIC_ML_DATASET,NORMAL,0
MTR,PRESS_001,2026-03-01T01:44:00+00:00,990.3759702575576,hPa,GOOD,SYNTHETIC_ML_DATASET,NORMAL,0
MTR,TEMP_001,2026-03-01T01:44:00+00:00,-13.61784617675852,°C,GOOD,SYNTHETIC_ML_DATASET,NORMAL,0
MTR,VIB_001,2026-03-01T01:44:00+00:00,0.9193996623266552,mm/s,GOOD,SYNTHETIC_ML_DATASET,NORMAL,0
MTR,HUM_001,2026-03-01T01:45:00+00:00,58.154666054523354,%,GOOD,SYNTHETIC_ML_DATASET,NORMAL,0
MTR,POWER_001,2026-03-01T01:45:00+00:00,37.04556626014652,kW,GOOD,SYNTHETIC_ML_DATASET,NORMAL,0
MTR,PRESS_001,2026-03-01T01:45:00+00:00,990.5488601940568,hPa,GOOD,SYNTHETIC_ML_DATASET,NORMAL,0
MTR,TEMP_001,2026-03-01T01:45:00+00:00,-13.351146033083053,°C,GOOD,SYNTHETIC_ML_DATASET,NORMAL,0
MTR,VIB_001,2026-03-01T01:45:00+00:00,0.9224651744025888,mm/s,GOOD,SYNTHETIC_ML_DATASET,NORMAL,0
MTR,HUM_001,2026-03-01T01:46:00+00:00,58.468847964442986,%,GOOD,SYNTHETIC_ML_DATASET,NORMAL,0
MTR,POWER_001,2026-03-01T01:46:00+00:00,36.939561312446315,kW,GOOD,SYNTHETIC_ML_DATASET,NORMAL,0
MTR,PRESS_001,2026-03-01T01:46:00+00:00,990.6766508830766,hPa,GOOD,SYNTHETIC_ML_DATASET,NORMAL,0
MTR,TEMP_001,2026-03-01T01:46:00+00:00,-13.69699048413256,°C,GOOD,SYNTHETIC_ML_DATASET,NORMAL,0
MTR,VIB_001,2026-03-01T01:46:00+00:00,0.9254727475079948,mm/s,GOOD,SYNTHETIC_ML_DATASET,NORMAL,0
MTR,HUM_001,2026-03-01T01:47:00+00:00,58.46273640308961,%,GOOD,SYNTHETIC_ML_DATASET,NORMAL,0
MTR,POWER_001,2026-03-01T01:47:00+00:00,37.514653971953365,kW,GOOD,SYNTHETIC_ML_DATASET,NORMAL,0
MTR,PRESS_001,2026-03-01T01:47:00+00:00,990.5749900904085,hPa,GOOD,SYNTHETIC_ML_DATASET,NORMAL,0
MTR,TEMP_001,2026-03-01T01:47:00+00:00,-13.613490200169528,°C,GOOD,SYNTHETIC_ML_DATASET,NORMAL,0
MTR,VIB_001,2026-03-01T01:47:00+00:00,0.9201942866329175,mm/s,GOOD,SYNTHETIC_ML_DATASET,NORMAL,0
MTR,HUM_001,2026-03-01T01:48:00+00:00,59.68910323092203,%,GOOD,SYNTHETIC_ML_DATASET,NORMAL,0
MTR,POWER_001,2026-03-01T01:48:00+00:00,37.937687315421975,kW,GOOD,SYNTHETIC_ML_DATASET,NORMAL,0
MTR,PRESS_001,2026-03-01T01:48:00+00:00,990.6222402424877,hPa,GOOD,SYNTHETIC_ML_DATASET,NORMAL,0
MTR,TEMP_001,2026-03-01T01:48:00+00:00,-13.198775134883741,°C,GOOD,SYNTHETIC_ML_DATASET,NORMAL,0
MTR,VIB_001,2026-03-01T01:48:00+00:00,0.9441266734222716,mm/s,GOOD,SYNTHETIC_ML_DATASET,NORMAL,0
MTR,HUM_001,2026-03-01T01:49:00+00:00,59.107117362608165,%,GOOD,SYNTHETIC_ML_DATASET,NORMAL,0
MTR,POWER_001,2026-03-01T01:49:00+00:00,37.85089000398114,kW,GOOD,SYNTHETIC_ML_DATASET,NORMAL,0
MTR,PRESS_001,2026-03-01T01:49:00+00:00,990.7370140658859,hPa,GOOD,SYNTHETIC_ML_DATASET,NORMAL,0
MTR,TEMP_001,2026-03-01T01:49:00+00:00,-13.398476194146,°C,GOOD,SYNTHETIC_ML_DATASET,NORMAL,0
MTR,VIB_001,2026-03-01T01:49:00+00:00,0.9313713729398669,mm/s,GOOD,SYNTHETIC_ML_DATASET,NORMAL,0
MTR,HUM_001,2026-03-01T01:50:00+00:00,59.98568551273841,%,GOOD,SYNTHETIC_ML_DATASET,NORMAL,0
MTR,POWER_001,2026-03-01T01:50:00+00:00,37.742709312616334,kW,GOOD,SYNTHETIC_ML_DATASET,NORMAL,0
MTR,PRESS_001,2026-03-01T01:50:00+00:00,990.766076802547,hPa,GOOD,SYNTHETIC_ML_DATASET,NORMAL,0
MTR,TEMP_001,2026-03-01T01:50:00+00:00,-13.224800012370343,°C,GOOD,SYNTHETIC_ML_DATASET,NORMAL,0
MTR,VIB_001,2026-03-01T01:50:00+00:00,0.9066353394670519,mm/s,GOOD,SYNTHETIC_ML_DATASET,NORMAL,0
MTR,HUM_001,2026-03-01T01:51:00+00:00,58.16149689073776,%,GOOD,SYNTHETIC_ML_DATASET,NORMAL,0
MTR,POWER_001,2026-03-01T01:51:00+00:00,37.9501172199883,kW,GOOD,SYNTHETIC_ML_DATASET,NORMAL,0
MTR,PRESS_001,2026-03-01T01:51:00+00:00,990.6025216156359,hPa,GOOD,SYNTHETIC_ML_DATASET,NORMAL,0
MTR,TEMP_001,2026-03-01T01:51:00+00:00,-13.40993933440931,°C,GOOD,SYNTHETIC_ML_DATASET,NORMAL,0
MTR,VIB_001,2026-03-01T01:51:00+00:00,0.929502845662716,mm/s,GOOD,SYNTHETIC_ML_DATASET,NORMAL,0
MTR,HUM_001,2026-03-01T01:52:00+00:00,60.22584525154812,%,GOOD,SYNTHETIC_ML_DATASET,NORMAL,0
MTR,POWER_001,2026-03-01T01:52:00+00:00,37.65856935834948,kW,GOOD,SYNTHETIC_ML_DATASET,NORMAL,0
MTR,PRESS_001,2026-03-01T01:52:00+00:00,990.63261496833,hPa,GOOD,SYNTHETIC_ML_DATASET,NORMAL,0
MTR,TEMP_001,2026-03-01T01:52:00+00:00,-13.555402952570374,°C,GOOD,SYNTHETIC_ML_DATASET,NORMAL,0
MTR,VIB_001,2026-03-01T01:52:00+00:00,0.9187268024994915,mm/s,GOOD,SYNTHETIC_ML_DATASET,NORMAL,0
MTR,HUM_001,2026-03-01T01:53:00+00:00,58.995162582450874,%,GOOD,SYNTHETIC_ML_DATASET,NORMAL,0
MTR,POWER_001,2026-03-01T01:53:00+00:00,38.26142241257581,kW,GOOD,SYNTHETIC_ML_DATASET,NORMAL,0
MTR,PRESS_001,2026-03-01T01:53:00+00:00,990.6590097324921,hPa,GOOD,SYNTHETIC_ML_DATASET,NORMAL,0
MTR,TEMP_001,2026-03-01T01:53:00+00:00,-13.531878116423131,°C,GOOD,SYNTHETIC_ML_DATASET,NORMAL,0
MTR,VIB_001,2026-03-01T01:53:00+00:00,0.9240092285151809,mm/s,GOOD,SYNTHETIC_ML_DATASET,NORMAL,0
MTR,HUM_001,2026-03-01T01:54:00+00:00,58.62292417743435,%,GOOD,SYNTHETIC_ML_DATASET,NORMAL,0
MTR,POWER_001,2026-03-01T01:54:00+00:00,37.93335411426392,kW,GOOD,SYNTHETIC_ML_DATASET,NORMAL,0
MTR,PRESS_001,2026-03-01T01:54:00+00:00,990.7104638279658,hPa,GOOD,SYNTHETIC_ML_DATASET,NORMAL,0
MTR,TEMP_001,2026-03-01T01:54:00+00:00,-13.434461700180597,°C,GOOD,SYNTHETIC_ML_DATASET,NORMAL,0
MTR,VIB_001,2026-03-01T01:54:00+00:00,0.9461449932007352,mm/s,GOOD,SYNTHETIC_ML_DATASET,NORMAL,0
MTR,HUM_001,2026-03-01T01:55:00+00:00,58.331475254631435,%,GOOD,SYNTHETIC_ML_DATASET,NORMAL,0
MTR,POWER_001,2026-03-01T01:55:00+00:00,38.64635850356376,kW,GOOD,SYNTHETIC_ML_DATASET,NORMAL,0
MTR,PRESS_001,2026-03-01T01:55:00+00:00,990.8132005247189,hPa,GOOD,SYNTHETIC_ML_DATASET,NORMAL,0
MTR,TEMP_001,2026-03-01T01:55:00+00:00,-13.448504487907423,°C,GOOD,SYNTHETIC_ML_DATASET,NORMAL,0
MTR,VIB_001,2026-03-01T01:55:00+00:00,0.9543875792249213,mm/s,GOOD,SYNTHETIC_ML_DATASET,NORMAL,0
MTR,HUM_001,2026-03-01T01:56:00+00:00,58.08855307299744,%,GOOD,SYNTHETIC_ML_DATASET,NORMAL,0
MTR,POWER_001,2026-03-01T01:56:00+00:00,38.09825972393443,kW,GOOD,SYNTHETIC_ML_DATASET,NORMAL,0
MTR,PRESS_001,2026-03-01T01:56:00+00:00,990.5680768528468,hPa,GOOD,SYNTHETIC_ML_DATASET,NORMAL,0
MTR,TEMP_001,2026-03-01T01:56:00+00:00,-13.235891046751762,°C,GOOD,SYNTHETIC_ML_DATASET,NORMAL,0
MTR,VIB_001,2026-03-01T01:56:00+00:00,0.9140071192751372,mm/s,GOOD,SYNTHETIC_ML_DATASET,NORMAL,0
MTR,HUM_001,2026-03-01T01:57:00+00:00,58.376223904105615,%,GOOD,SYNTHETIC_ML_DATASET,NORMAL,0
MTR,POWER_001,2026-03-01T01:57:00+00:00,37.55707885391548,kW,GOOD,SYNTHETIC_ML_DATASET,NORMAL,0
MTR,PRESS_001,2026-03-01T01:57:00+00:00,990.639736405457,hPa,GOOD,SYNTHETIC_ML_DATASET,NORMAL,0
MTR,TEMP_001,2026-03-01T01:57:00+00:00,-13.402840383193654,°C,GOOD,SYNTHETIC_ML_DATASET,NORMAL,0
MTR,VIB_001,2026-03-01T01:57:00+00:00,0.9061229608657637,mm/s,GOOD,SYNTHETIC_ML_DATASET,NORMAL,0
MTR,HUM_001,2026-03-01T01:58:00+00:00,58.576711154086205,%,GOOD,SYNTHETIC_ML_DATASET,NORMAL,0
MTR,POWER_001,2026-03-01T01:58:00+00:00,37.87359471219038,kW,GOOD,SYNTHETIC_ML_DATASET,NORMAL,0
MTR,PRESS_001,2026-03-01T01:58:00+00:00,990.5062873354204,hPa,GOOD,SYNTHETIC_ML_DATASET,NORMAL,0
MTR,TEMP_001,2026-03-01T01:58:00+00:00,-13.106850608144832,°C,GOOD,SYNTHETIC_ML_DATASET,NORMAL,0
MTR,VIB_001,2026-03-01T01:58:00+00:00,0.9639568498326485,mm/s,GOOD,SYNTHETIC_ML_DATASET,NORMAL,0
MTR,HUM_001,2026-03-01T01:59:00+00:00,58.669380645624045,%,GOOD,SYNTHETIC_ML_DATASET,NORMAL,0
MTR,POWER_001,2026-03-01T01:59:00+00:00,37.778724946119326,kW,GOOD,SYNTHETIC_ML_DATASET,NORMAL,0
MTR,PRESS_001,2026-03-01T01:59:00+00:00,990.4428530496867,hPa,GOOD,SYNTHETIC_ML_DATASET,NORMAL,0
MTR,TEMP_001,2026-03-01T01:59:00+00:00,-13.286050182351092,°C,GOOD,SYNTHETIC_ML_DATASET,NORMAL,0
MTR,VIB_001,2026-03-01T01:59:00+00:00,0.9208930627695329,mm/s,GOOD,SYNTHETIC_ML_DATASET,NORMAL,0
MTR,HUM_001,2026-03-01T02:00:00+00:00,58.460638374966926,%,GOOD,SYNTHETIC_ML_DATASET,NORMAL,0
MTR,POWER_001,2026-03-01T02:00:00+00:00,38.17326177773379,kW,GOOD,SYNTHETIC_ML_DATASET,NORMAL,0
MTR,PRESS_001,2026-03-01T02:00:00+00:00,990.3845549115985,hPa,GOOD,SYNTHETIC_ML_DATASET,NORMAL,0
MTR,TEMP_001,2026-03-01T02:00:00+00:00,-13.152650317400745,°C,GOOD,SYNTHETIC_ML_DATASET,NORMAL,0
MTR,VIB_001,2026-03-01T02:00:00+00:00,0.947020802597523,mm/s,GOOD,SYNTHETIC_ML_DATASET,NORMAL,0
MTR,HUM_001,2026-03-01T02:01:00+00:00,58.78826439378696,%,GOOD,SYNTHETIC_ML_DATASET,NORMAL,0
MTR,POWER_001,2026-03-01T02:01:00+00:00,37.93949952819469,kW,GOOD,SYNTHETIC_ML_DATASET,NORMAL,0
MTR,PRESS_001,2026-03-01T02:01:00+00:00,990.5829267049307,hPa,GOOD,SYNTHETIC_ML_DATASET,NORMAL,0
MTR,TEMP_001,2026-03-01T02:01:00+00:00,-13.162079840917228,°C,GOOD,SYNTHETIC_ML_DATASET,NORMAL,0
MTR,VIB_001,2026-03-01T02:01:00+00:00,0.9244406196664564,mm/s,GOOD,SYNTHETIC_ML_DATASET,NORMAL,0
MTR,HUM_001,2026-03-01T02:02:00+00:00,58.79575740486755,%,GOOD,SYNTHETIC_ML_DATASET,NORMAL,0
MTR,POWER_001,2026-03-01T02:02:00+00:00,37.91586984080404,kW,GOOD,SYNTHETIC_ML_DATASET,NORMAL,0
MTR,PRESS_001,2026-03-01T02:02:00+00:00,990.4392632467353,hPa,GOOD,SYNTHETIC_ML_DATASET,NORMAL,0
MTR,TEMP_001,2026-03-01T02:02:00+00:00,-13.211809576269593,°C,GOOD,SYNTHETIC_ML_DATASET,NORMAL,0
MTR,VIB_001,2026-03-01T02:02:00+00:00,0.9147650478840803,mm/s,GOOD,SYNTHETIC_ML_DATASET,NORMAL,0
MTR,HUM_001,2026-03-01T02:03:00+00:00,58.820116112580706,%,GOOD,SYNTHETIC_ML_DATASET,NORMAL,0
MTR,POWER_001,2026-03-01T02:03:00+00:00,38.586213090460234,kW,GOOD,SYNTHETIC_ML_DATASET,NORMAL,0
MTR,PRESS_001,2026-03-01T02:03:00+00:00,990.7379042943141,hPa,GOOD,SYNTHETIC_ML_DATASET,NORMAL,0
MTR,TEMP_001,2026-03-01T02:03:00+00:00,-12.974124849527795,°C,GOOD,SYNTHETIC_ML_DATASET,NORMAL,0
MTR,VIB_001,2026-03-01T02:03:00+00:00,0.8919004684447228,mm/s,GOOD,SYNTHETIC_ML_DATASET,NORMAL,0
MTR,HUM_001,2026-03-01T02:04:00+00:00,58.80164003467179,%,GOOD,SYNTHETIC_ML_DATASET,NORMAL,0
MTR,POWER_001,2026-03-01T02:04:00+00:00,37.89989686837908,kW,GOOD,SYNTHETIC_ML_DATASET,NORMAL,0
MTR,PRESS_001,2026-03-01T02:04:00+00:00,990.6936942454647,hPa,GOOD,SYNTHETIC_ML_DATASET,NORMAL,0
MTR,TEMP_001,2026-03-01T02:04:00+00:00,-12.858522886440506,°C,GOOD,SYNTHETIC_ML_DATASET,NORMAL,0
MTR,VIB_001,2026-03-01T02:04:00+00:00,0.9159179811165716,mm/s,GOOD,SYNTHETIC_ML_DATASET,NORMAL,0
MTR,HUM_001,2026-03-01T02:05:00+00:00,59.76963945620833,%,GOOD,SYNTHETIC_ML_DATASET,NORMAL,0
MTR,POWER_001,2026-03-01T02:05:00+00:00,38.46539030512239,kW,GOOD,SYNTHETIC_ML_DATASET,NORMAL,0
MTR,PRESS_001,2026-03-01T02:05:00+00:00,990.5459221569296,hPa,GOOD,SYNTHETIC_ML_DATASET,NORMAL,0
MTR,TEMP_001,2026-03-01T02:05:00+00:00,-12.81276192685087,°C,GOOD,SYNTHETIC_ML_DATASET,NORMAL,0
MTR,VIB_001,2026-03-01T02:05:00+00:00,0.9006097907860653,mm/s,GOOD,SYNTHETIC_ML_DATASET,NORMAL,0
MTR,HUM_001,2026-03-01T02:06:00+00:00,59.75401320287496,%,GOOD,SYNTHETIC_ML_DATASET,NORMAL,0
MTR,POWER_001,2026-03-01T02:06:00+00:00,38.21802527339508,kW,GOOD,SYNTHETIC_ML_DATASET,NORMAL,0
MTR,PRESS_001,2026-03-01T02:06:00+00:00,990.5295684989649,hPa,GOOD,SYNTHETIC_ML_DATASET,NORMAL,0
MTR,TEMP_001,2026-03-01T02:06:00+00:00,-12.362408077168618,°C,GOOD,SYNTHETIC_ML_DATASET,NORMAL,0
MTR,VIB_001,2026-03-01T02:06:00+00:00,0.9124997977963668,mm/s,GOOD,SYNTHETIC_ML_DATASET,NORMAL,0
MTR,HUM_001,2026-03-01T02:07:00+00:00,60.070138109036826,%,GOOD,SYNTHETIC_ML_DATASET,NORMAL,0
MTR,POWER_001,2026-03-01T02:07:00+00:00,38.218958389148995,kW,GOOD,SYNTHETIC_ML_DATASET,NORMAL,0
MTR,PRESS_001,2026-03-01T02:07:00+00:00,990.6154577549682,hPa,GOOD,SYNTHETIC_ML_DATASET,NORMAL,0
MTR,TEMP_001,2026-03-01T02:07:00+00:00,-12.725492379828879,°C,GOOD,SYNTHETIC_ML_DATASET,NORMAL,0
MTR,VIB_001,2026-03-01T02:07:00+00:00,0.9126156353499513,mm/s,GOOD,SYNTHETIC_ML_DATASET,NORMAL,0
MTR,HUM_001,2026-03-01T02:08:00+00:00,59.33627770711725,%,GOOD,SYNTHETIC_ML_DATASET,NORMAL,0
MTR,POWER_001,2026-03-01T02:08:00+00:00,38.46272138882143,kW,GOOD,SYNTHETIC_ML_DATASET,NORMAL,0
MTR,PRESS_001,2026-03-01T02:08:00+00:00,990.7473642969624,hPa,GOOD,SYNTHETIC_ML_DATASET,NORMAL,0
MTR,TEMP_001,2026-03-01T02:08:00+00:00,-12.7886901086865,°C,GOOD,SYNTHETIC_ML_DATASET,NORMAL,0
MTR,VIB_001,2026-03-01T02:08:00+00:00,0.9022912061581242,mm/s,GOOD,SYNTHETIC_ML_DATASET,NORMAL,0
MTR,HUM_001,2026-03-01T02:09:00+00:00,59.540378762381636,%,GOOD,SYNTHETIC_ML_DATASET,NORMAL,0
MTR,POWER_001,2026-03-01T02:09:00+00:00,38.03972499109624,kW,GOOD,SYNTHETIC_ML_DATASET,NORMAL,0
MTR,PRESS_001,2026-03-01T02:09:00+00:00,990.9373392133064,hPa,GOOD,SYNTHETIC_ML_DATASET,NORMAL,0
MTR,TEMP_001,2026-03-01T02:09:00+00:00,-13.116796343321562,°C,GOOD,SYNTHETIC_ML_DATASET,NORMAL,0
MTR,VIB_001,2026-03-01T02:09:00+00:00,0.9066928698564729,mm/s,GOOD,SYNTHETIC_ML_DATASET,NORMAL,0
MTR,HUM_001,2026-03-01T02:10:00+00:00,59.57735097787552,%,GOOD,SYNTHETIC_ML_DATASET,NORMAL,0
MTR,POWER_001,2026-03-01T02:10:00+00:00,38.16661009426871,kW,GOOD,SYNTHETIC_ML_DATASET,NORMAL,0
MTR,PRESS_001,2026-03-01T02:10:00+00:00,990.7515637505753,hPa,GOOD,SYNTHETIC_ML_DATASET,NORMAL,0
MTR,TEMP_001,2026-03-01T02:10:00+00:00,-12.960983942067022,°C,GOOD,SYNTHETIC_ML_DATASET,NORMAL,0
MTR,VIB_001,2026-03-01T02:10:00+00:00,0.8947243187845352,mm/s,GOOD,SYNTHETIC_ML_DATASET,NORMAL,0
MTR,HUM_001,2026-03-01T02:11:00+00:00,59.0562663912118,%,GOOD,SYNTHETIC_ML_DATASET,NORMAL,0
MTR,POWER_001,2026-03-01T02:11:00+00:00,38.073696748832724,kW,GOOD,SYNTHETIC_ML_DATASET,NORMAL,0
MTR,PRESS_001,2026-03-01T02:11:00+00:00,990.8140240647253,hPa,GOOD,SYNTHETIC_ML_DATASET,NORMAL,0
MTR,TEMP_001,2026-03-01T02:11:00+00:00,-12.980857825065012,°C,GOOD,SYNTHETIC_ML_DATASET,NORMAL,0
MTR,VIB_001,2026-03-01T02:11:00+00:00,0.9389075080079433,mm/s,GOOD,SYNTHETIC_ML_DATASET,NORMAL,0
MTR,HUM_001,2026-03-01T02:12:00+00:00,59.327426295772845,%,GOOD,SYNTHETIC_ML_DATASET,NORMAL,0
MTR,POWER_001,2026-03-01T02:12:00+00:00,38.16522616671622,kW,GOOD,SYNTHETIC_ML_DATASET,NORMAL,0
MTR,PRESS_001,2026-03-01T02:12:00+00:00,991.0519581509366,hPa,GOOD,SYNTHETIC_ML_DATASET,NORMAL,0
MTR,TEMP_001,2026-03-01T02:12:00+00:00,-12.94617508443451,°C,GOOD,SYNTHETIC_ML_DATASET,NORMAL,0
MTR,VIB_001,2026-03-01T02:12:00+00:00,0.9105935534984129,mm/s,GOOD,SYNTHETIC_ML_DATASET,NORMAL,0
MTR,HUM_001,2026-03-01T02:13:00+00:00,59.870238174130115,%,GOOD,SYNTHETIC_ML_DATASET,NORMAL,0
MTR,POWER_001,2026-03-01T02:13:00+00:00,37.1142234203724,kW,GOOD,SYNTHETIC_ML_DATASET,NORMAL,0
MTR,PRESS_001,2026-03-01T02:13:00+00:00,990.9699361352099,hPa,GOOD,SYNTHETIC_ML_DATASET,NORMAL,0
MTR,TEMP_001,2026-03-01T02:13:00+00:00,-12.650009341047081,°C,GOOD,SYNTHETIC_ML_DATASET,NORMAL,0
MTR,VIB_001,2026-03-01T02:13:00+00:00,0.918945985990267,mm/s,GOOD,SYNTHETIC_ML_DATASET,NORMAL,0
MTR,HUM_001,2026-03-01T02:14:00+00:00,58.85834163599974,%,GOOD,SYNTHETIC_ML_DATASET,NORMAL,0
MTR,POWER_001,2026-03-01T02:14:00+00:00,37.35977063038335,kW,GOOD,SYNTHETIC_ML_DATASET,NORMAL,0
MTR,PRESS_001,2026-03-01T02:14:00+00:00,990.9792089418979,hPa,GOOD,SYNTHETIC_ML_DATASET,NORMAL,0
MTR,TEMP_001,2026-03-01T02:14:00+00:00,-12.981851090993672,°C,GOOD,SYNTHETIC_ML_DATASET,NORMAL,0
MTR,VIB_001,2026-03-01T02:14:00+00:00,0.9066074002951919,mm/s,GOOD,SYNTHETIC_ML_DATASET,NORMAL,0
MTR,HUM_001,2026-03-01T02:15:00+00:00,58.7813634969154,%,GOOD,SYNTHETIC_ML_DATASET,NORMAL,0
MTR,POWER_001,2026-03-01T02:15:00+00:00,38.04091090930115,kW,GOOD,SYNTHETIC_ML_DATASET,NORMAL,0
MTR,PRESS_001,2026-03-01T02:15:00+00:00,991.0156334916703,hPa,GOOD,SYNTHETIC_ML_DATASET,NORMAL,0
MTR,TEMP_001,2026-03-01T02:15:00+00:00,-12.843855693354339,°C,GOOD,SYNTHETIC_ML_DATASET,NORMAL,0
MTR,VIB_001,2026-03-01T02:15:00+00:00,0.8896023173106309,mm/s,GOOD,SYNTHETIC_ML_DATASET,NORMAL,0
MTR,HUM_001,2026-03-01T02:16:00+00:00,58.6215523291771,%,GOOD,SYNTHETIC_ML_DATASET,NORMAL,0
MTR,POWER_001,2026-03-01T02:16:00+00:00,37.85613862399697,kW,GOOD,SYNTHETIC_ML_DATASET,NORMAL,0
MTR,PRESS_001,2026-03-01T02:16:00+00:00,991.1754864362535,hPa,GOOD,SYNTHETIC_ML_DATASET,NORMAL,0
MTR,TEMP_001,2026-03-01T02:16:00+00:00,-12.947600707937687,°C,GOOD,SYNTHETIC_ML_DATASET,NORMAL,0
MTR,VIB_001,2026-03-01T02:16:00+00:00,0.8946749650064387,mm/s,GOOD,SYNTHETIC_ML_DATASET,NORMAL,0
MTR,HUM_001,2026-03-01T02:17:00+00:00,57.98457863799369,%,GOOD,SYNTHETIC_ML_DATASET,NORMAL,0
MTR,POWER_001,2026-03-01T02:17:00+00:00,37.55106500108221,kW,GOOD,SYNTHETIC_ML_DATASET,NORMAL,0
MTR,PRESS_001,2026-03-01T02:17:00+00:00,990.9791788782309,hPa,GOOD,SYNTHETIC_ML_DATASET,NORMAL,0
MTR,TEMP_001,2026-03-01T02:17:00+00:00,-12.833732650049699,°C,GOOD,SYNTHETIC_ML_DATASET,NORMAL,0
MTR,VIB_001,2026-03-01T02:17:00+00:00,0.8588503417886177,mm/s,GOOD,SYNTHETIC_ML_DATASET,NORMAL,0
MTR,HUM_001,2026-03-01T02:18:00+00:00,58.38700035523719,%,GOOD,SYNTHETIC_ML_DATASET,NORMAL,0
MTR,POWER_001,2026-03-01T02:18:00+00:00,37.86788103899538,kW,GOOD,SYNTHETIC_ML_DATASET,NORMAL,0
MTR,PRESS_001,2026-03-01T02:18:00+00:00,991.1631807488691,hPa,GOOD,SYNTHETIC_ML_DATASET,NORMAL,0
MTR,TEMP_001,2026-03-01T02:18:00+00:00,-12.624627862037674,°C,GOOD,SYNTHETIC_ML_DATASET,NORMAL,0
MTR,VIB_001,2026-03-01T02:18:00+00:00,0.8673580605037736,mm/s,GOOD,SYNTHETIC_ML_DATASET,NORMAL,0
MTR,HUM_001,2026-03-01T02:19:00+00:00,60.046450837653474,%,GOOD,SYNTHETIC_ML_DATASET,NORMAL,0
MTR,POWER_001,2026-03-01T02:19:00+00:00,37.2975830777782,kW,GOOD,SYNTHETIC_ML_DATASET,NORMAL,0
MTR,PRESS_001,2026-03-01T02:19:00+00:00,991.0458664616749,hPa,GOOD,SYNTHETIC_ML_DATASET,NORMAL,0
MTR,TEMP_001,2026-03-01T02:19:00+00:00,-12.303508019919796,°C,GOOD,SYNTHETIC_ML_DATASET,NORMAL,0
MTR,VIB_001,2026-03-01T02:19:00+00:00,0.8941289024506581,mm/s,GOOD,SYNTHETIC_ML_DATASET,NORMAL,0
MTR,HUM_001,2026-03-01T02:20:00+00:00,59.57877184881302,%,GOOD,SYNTHETIC_ML_DATASET,NORMAL,0
MTR,POWER_001,2026-03-01T02:20:00+00:00,37.57857817996315,kW,GOOD,SYNTHETIC_ML_DATASET,NORMAL,0
MTR,PRESS_001,2026-03-01T02:20:00+00:00,991.0761988698232,hPa,GOOD,SYNTHETIC_ML_DATASET,NORMAL,0
MTR,TEMP_001,2026-03-01T02:20:00+00:00,-12.011926541289224,°C,GOOD,SYNTHETIC_ML_DATASET,NORMAL,0
MTR,VIB_001,2026-03-01T02:20:00+00:00,0.9057605339027024,mm/s,GOOD,SYNTHETIC_ML_DATASET,NORMAL,0
MTR,HUM_001,2026-03-01T02:21:00+00:00,59.85416158837482,%,GOOD,SYNTHETIC_ML_DATASET,NORMAL,0
MTR,POWER_001,2026-03-01T02:21:00+00:00,37.67900393458179,kW,GOOD,SYNTHETIC_ML_DATASET,NORMAL,0
MTR,PRESS_001,2026-03-01T02:21:00+00:00,991.0702784572105,hPa,GOOD,SYNTHETIC_ML_DATASET,NORMAL,0
MTR,TEMP_001,2026-03-01T02:21:00+00:00,-12.664872615424816,°C,GOOD,SYNTHETIC_ML_DATASET,NORMAL,0
MTR,VIB_001,2026-03-01T02:21:00+00:00,0.8894284151541999,mm/s,GOOD,SYNTHETIC_ML_DATASET,NORMAL,0
MTR,HUM_001,2026-03-01T02:22:00+00:00,60.41409256672039,%,GOOD,SYNTHETIC_ML_DATASET,NORMAL,0
MTR,POWER_001,2026-03-01T02:22:00+00:00,37.344565428348325,kW,GOOD,SYNTHETIC_ML_DATASET,NORMAL,0
MTR,PRESS_001,2026-03-01T02:22:00+00:00,991.0504691575657,hPa,GOOD,SYNTHETIC_ML_DATASET,NORMAL,0
MTR,TEMP_001,2026-03-01T02:22:00+00:00,-12.815782889127163,°C,GOOD,SYNTHETIC_ML_DATASET,NORMAL,0
MTR,VIB_001,2026-03-01T02:22:00+00:00,0.9049590741425376,mm/s,GOOD,SYNTHETIC_ML_DATASET,NORMAL,0
MTR,HUM_001,2026-03-01T02:23:00+00:00,59.52886167321758,%,GOOD,SYNTHETIC_ML_DATASET,NORMAL,0
MTR,POWER_001,2026-03-01T02:23:00+00:00,37.59762653402582,kW,GOOD,SYNTHETIC_ML_DATASET,NORMAL,0
MTR,PRESS_001,2026-03-01T02:23:00+00:00,991.2515219706279,hPa,GOOD,SYNTHETIC_ML_DATASET,NORMAL,0
MTR,TEMP_001,2026-03-01T02:23:00+00:00,-12.563465291850484,°C,GOOD,SYNTHETIC_ML_DATASET,NORMAL,0
MTR,VIB_001,2026-03-01T02:23:00+00:00,0.9589331762566826,mm/s,GOOD,SYNTHETIC_ML_DATASET,NORMAL,0
MTR,HUM_001,2026-03-01T02:24:00+00:00,58.69496673328166,%,GOOD,SYNTHETIC_ML_DATASET,NORMAL,0
MTR,POWER_001,2026-03-01T02:24:00+00:00,37.55803770727398,kW,GOOD,SYNTHETIC_ML_DATASET,NORMAL,0
MTR,PRESS_001,2026-03-01T02:24:00+00:00,991.189842258614,hPa,GOOD,SYNTHETIC_ML_DATASET,NORMAL,0
MTR,TEMP_001,2026-03-01T02:24:00+00:00,-12.544483764589263,°C,GOOD,SYNTHETIC_ML_DATASET,NORMAL,0
MTR,VIB_001,2026-03-01T02:24:00+00:00,0.9499645630338894,mm/s,GOOD,SYNTHETIC_ML_DATASET,NORMAL,0
MTR,HUM_001,2026-03-01T02:25:00+00:00,58.662706421245105,%,GOOD,SYNTHETIC_ML_DATASET,NORMAL,0
MTR,POWER_001,2026-03-01T02:25:00+00:00,37.77493796181796,kW,GOOD,SYNTHETIC_ML_DATASET,NORMAL,0
MTR,PRESS_001,2026-03-01T02:25:00+00:00,991.2286546874215,hPa,GOOD,SYNTHETIC_ML_DATASET,NORMAL,0
MTR,TEMP_001,2026-03-01T02:25:00+00:00,-12.46708622563611,°C,GOOD,SYNTHETIC_ML_DATASET,NORMAL,0
MTR,VIB_001,2026-03-01T02:25:00+00:00,0.9359906020430547,mm/s,GOOD,SYNTHETIC_ML_DATASET,NORMAL,0
MTR,HUM_001,2026-03-01T02:26:00+00:00,59.5529289632239,%,GOOD,SYNTHETIC_ML_DATASET,NORMAL,0
MTR,POWER_001,2026-03-01T02:26:00+00:00,37.995135392580636,kW,GOOD,SYNTHETIC_ML_DATASET,NORMAL,0
MTR,PRESS_001,2026-03-01T02:26:00+00:00,991.4144537218237,hPa,GOOD,SYNTHETIC_ML_DATASET,NORMAL,0
MTR,TEMP_001,2026-03-01T02:26:00+00:00,-12.532661230432605,°C,GOOD,SYNTHETIC_ML_DATASET,NORMAL,0
MTR,VIB_001,2026-03-01T02:26:00+00:00,0.9531468358171789,mm/s,GOOD,SYNTHETIC_ML_DATASET,NORMAL,0
MTR,HUM_001,2026-03-01T02:27:00+00:00,58.867477044362744,%,GOOD,SYNTHETIC_ML_DATASET,NORMAL,0
MTR,POWER_001,2026-03-01T02:27:00+00:00,38.31239117327936,kW,GOOD,SYNTHETIC_ML_DATASET,NORMAL,0
MTR,PRESS_001,2026-03-01T02:27:00+00:00,991.3153051302995,hPa,GOOD,SYNTHETIC_ML_DATASET,NORMAL,0
MTR,TEMP_001,2026-03-01T02:27:00+00:00,-12.63970337150011,°C,GOOD,SYNTHETIC_ML_DATASET,NORMAL,0
MTR,VIB_001,2026-03-01T02:27:00+00:00,0.9149965977525873,mm/s,GOOD,SYNTHETIC_ML_DATASET,NORMAL,0
MTR,HUM_001,2026-03-01T02:28:00+00:00,58.040121614429694,%,GOOD,SYNTHETIC_ML_DATASET,NORMAL,0
MTR,POWER_001,2026-03-01T02:28:00+00:00,38.44870304455421,kW,GOOD,SYNTHETIC_ML_DATASET,NORMAL,0
MTR,PRESS_001,2026-03-01T02:28:00+00:00,991.331422708364,hPa,GOOD,SYNTHETIC_ML_DATASET,NORMAL,0
MTR,TEMP_001,2026-03-01T02:28:00+00:00,-12.311935076558951,°C,GOOD,SYNTHETIC_ML_DATASET,NORMAL,0
MTR,VIB_001,2026-03-01T02:28:00+00:00,0.9131336998234079,mm/s,GOOD,SYNTHETIC_ML_DATASET,NORMAL,0
MTR,HUM_001,2026-03-01T02:29:00+00:00,58.71182025255366,%,GOOD,SYNTHETIC_ML_DATASET,NORMAL,0
MTR,POWER_001,2026-03-01T02:29:00+00:00,38.8808971833002,kW,GOOD,SYNTHETIC_ML_DATASET,NORMAL,0
MTR,PRESS_001,2026-03-01T02:29:00+00:00,991.290690076089,hPa,GOOD,SYNTHETIC_ML_DATASET,NORMAL,0
MTR,TEMP_001,2026-03-01T02:29:00+00:00,-12.272816983641082,°C,GOOD,SYNTHETIC_ML_DATASET,NORMAL,0
MTR,VIB_001,2026-03-01T02:29:00+00:00,0.9298221782211067,mm/s,GOOD,SYNTHETIC_ML_DATASET,NORMAL,0
MTR,HUM_001,2026-03-01T02:30:00+00:00,85.79543144088541,%,BAD,SYNTHETIC_ML_DATASET,SPIKE,1
MTR,POWER_001,2026-03-01T02:30:00+00:00,58.51639864083174,kW,BAD,SYNTHETIC_ML_DATASET,SPIKE,1
MTR,PRESS_001,2026-03-01T02:30:00+00:00,997.9073730838716,hPa,BAD,SYNTHETIC_ML_DATASET,SPIKE,1
MTR,TEMP_001,2026-03-01T02:30:00+00:00,0.9644157180630017,°C,BAD,SYNTHETIC_ML_DATASET,SPIKE,1
MTR,VIB_001,2026-03-01T02:30:00+00:00,1.4820663288406628,mm/s,BAD,SYNTHETIC_ML_DATASET,SPIKE,1
MTR,HUM_001,2026-03-01T02:31:00+00:00,86.38708535672936,%,BAD,SYNTHETIC_ML_DATASET,SPIKE,1
MTR,POWER_001,2026-03-01T02:31:00+00:00,58.37535606222713,kW,BAD,SYNTHETIC_ML_DATASET,SPIKE,1
MTR,PRESS_001,2026-03-01T02:31:00+00:00,997.6042675592529,hPa,BAD,SYNTHETIC_ML_DATASET,SPIKE,1
MTR,TEMP_001,2026-03-01T02:31:00+00:00,0.9935080960261597,°C,BAD,SYNTHETIC_ML_DATASET,SPIKE,1
MTR,VIB_001,2026-03-01T02:31:00+00:00,1.4747646534113321,mm/s,BAD,SYNTHETIC_ML_DATASET,SPIKE,1
MTR,HUM_001,2026-03-01T02:32:00+00:00,87.62889657825475,%,BAD,SYNTHETIC_ML_DATASET,SPIKE,1
MTR,POWER_001,2026-03-01T02:32:00+00:00,58.75289391831792,kW,BAD,SYNTHETIC_ML_DATASET,SPIKE,1
MTR,PRESS_001,2026-03-01T02:32:00+00:00,997.6229337478383,hPa,BAD,SYNTHETIC_ML_DATASET,SPIKE,1
MTR,TEMP_001,2026-03-01T02:32:00+00:00,0.7581359919589943,°C,BAD,SYNTHETIC_ML_DATASET,SPIKE,1
MTR,VIB_001,2026-03-01T02:32:00+00:00,1.491921767820468,mm/s,BAD,SYNTHETIC_ML_DATASET,SPIKE,1
MTR,HUM_001,2026-03-01T02:33:00+00:00,86.26351948418353,%,BAD,SYNTHETIC_ML_DATASET,SPIKE,1
MTR,POWER_001,2026-03-01T02:33:00+00:00,59.16099281188211,kW,BAD,SYNTHETIC_ML_DATASET,SPIKE,1
MTR,PRESS_001,2026-03-01T02:33:00+00:00,991.0440893224334,hPa,GOOD,SYNTHETIC_ML_DATASET,NORMAL,0
MTR,TEMP_001,2026-03-01T02:33:00+00:00,0.6251664285239755,°C,BAD,SYNTHETIC_ML_DATASET,SPIKE,1
MTR,VIB_001,2026-03-01T02:33:00+00:00,1.4957918653124418,mm/s,BAD,SYNTHETIC_ML_DATASET,SPIKE,1
MTR,HUM_001,2026-03-01T02:34:00+00:00,87.50207024346282,%,BAD,SYNTHETIC_ML_DATASET,SPIKE,1
MTR,POWER_001,2026-03-01T02:34:00+00:00,58.81165576825289,kW,BAD,SYNTHETIC_ML_DATASET,SPIKE,1
MTR,PRESS_001,2026-03-01T02:34:00+00:00,990.8474497780311,hPa,GOOD,SYNTHETIC_ML_DATASET,NORMAL,0
MTR,TEMP_001,2026-03-01T02:34:00+00:00,0.8288767615132446,°C,BAD,SYNTHETIC_ML_DATASET,SPIKE,1
MTR,VIB_001,2026-03-01T02:34:00+00:00,0.9092676234113002,mm/s,GOOD,SYNTHETIC_ML_DATASET,NORMAL,0
MTR,HUM_001,2026-03-01T02:35:00+00:00,60.702378908023235,%,GOOD,SYNTHETIC_ML_DATASET,NORMAL,0
MTR,POWER_001,2026-03-01T02:35:00+00:00,58.85962171219704,kW,BAD,SYNTHETIC_ML_DATASET,SPIKE,1
MTR,PRESS_001,2026-03-01T02:35:00+00:00,990.9094638677726,hPa,GOOD,SYNTHETIC_ML_DATASET,NORMAL,0
MTR,TEMP_001,2026-03-01T02:35:00+00:00,0.9520704711367074,°C,BAD,SYNTHETIC_ML_DATASET,SPIKE,1
MTR,VIB_001,2026-03-01T02:35:00+00:00,0.9080094332828716,mm/s,GOOD,SYNTHETIC_ML_DATASET,NORMAL,0
MTR,HUM_001,2026-03-01T02:36:00+00:00,61.02783058727139,%,GOOD,SYNTHETIC_ML_DATASET,NORMAL,0
MTR,POWER_001,2026-03-01T02:36:00+00:00,38.69773561656612,kW,GOOD,SYNTHETIC_ML_DATASET,NORMAL,0
MTR,PRESS_001,2026-03-01T02:36:00+00:00,990.9078453038503,hPa,GOOD,SYNTHETIC_ML_DATASET,NORMAL,0
MTR,TEMP_001,2026-03-01T02:36:00+00:00,-12.37597190984423,°C,GOOD,SYNTHETIC_ML_DATASET,NORMAL,0
MTR,VIB_001,2026-03-01T02:36:00+00:00,0.9447834863665945,mm/s,GOOD,SYNTHETIC_ML_DATASET,NORMAL,0
MTR,HUM_001,2026-03-01T02:37:00+00:00,60.859316137001514,%,GOOD,SYNTHETIC_ML_DATASET,NORMAL,0
MTR,POWER_001,2026-03-01T02:37:00+00:00,38.59685629184093,kW,GOOD,SYNTHETIC_ML_DATASET,NORMAL,0
MTR,PRESS_001,2026-03-01T02:37:00+00:00,990.9986269318271,hPa,GOOD,SYNTHETIC_ML_DATASET,NORMAL,0
MTR,TEMP_001,2026-03-01T02:37:00+00:00,-12.05008124747144,°C,GOOD,SYNTHETIC_ML_DATASET,NORMAL,0
MTR,VIB_001,2026-03-01T02:37:00+00:00,0.8758687035210653,mm/s,GOOD,SYNTHETIC_ML_DATASET,NORMAL,0
MTR,HUM_001,2026-03-01T02:38:00+00:00,60.16353169225241,%,GOOD,SYNTHETIC_ML_DATASET,NORMAL,0
MTR,POWER_001,2026-03-01T02:38:00+00:00,39.08500423372089,kW,GOOD,SYNTHETIC_ML_DATASET,NORMAL,0
MTR,PRESS_001,2026-03-01T02:38:00+00:00,990.8430518606335,hPa,GOOD,SYNTHETIC_ML_DATASET,NORMAL,0
MTR,TEMP_001,2026-03-01T02:38:00+00:00,-12.629031052467441,°C,GOOD,SYNTHETIC_ML_DATASET,NORMAL,0
MTR,VIB_001,2026-03-01T02:38:00+00:00,0.9066880976825687,mm/s,GOOD,SYNTHETIC_ML_DATASET,NORMAL,0
MTR,HUM_001,2026-03-01T02:39:00+00:00,60.58508982867889,%,GOOD,SYNTHETIC_ML_DATASET,NORMAL,0
MTR,POWER_001,2026-03-01T02:39:00+00:00,38.795621876575844,kW,GOOD,SYNTHETIC_ML_DATASET,NORMAL,0
MTR,PRESS_001,2026-03-01T02:39:00+00:00,990.8462982692552,hPa,GOOD,SYNTHETIC_ML_DATASET,NORMAL,0
MTR,TEMP_001,2026-03-01T02:39:00+00:00,-12.579455271911472,°C,GOOD,SYNTHETIC_ML_DATASET,NORMAL,0
MTR,VIB_001,2026-03-01T02:39:00+00:00,0.8974793117707835,mm/s,GOOD,SYNTHETIC_ML_DATASET,NORMAL,0
MTR,HUM_001,2026-03-01T02:40:00+00:00,61.07312777998024,%,GOOD,SYNTHETIC_ML_DATASET,NORMAL,0
MTR,POWER_001,2026-03-01T02:40:00+00:00,39.13328933108774,kW,GOOD,SYNTHETIC_ML_DATASET,NORMAL,0
MTR,PRESS_001,2026-03-01T02:40:00+00:00,990.8509056474932,hPa,GOOD,SYNTHETIC_ML_DATASET,NORMAL,0
MTR,TEMP_001,2026-03-01T02:40:00+00:00,-12.616343855923452,°C,GOOD,SYNTHETIC_ML_DATASET,NORMAL,0
MTR,VIB_001,2026-03-01T02:40:00+00:00,0.8793542143871331,mm/s,GOOD,SYNTHETIC_ML_DATASET,NORMAL,0
MTR,HUM_001,2026-03-01T02:41:00+00:00,60.90495714514493,%,GOOD,SYNTHETIC_ML_DATASET,NORMAL,0
MTR,POWER_001,2026-03-01T02:41:00+00:00,38.600555127521304,kW,GOOD,SYNTHETIC_ML_DATASET,NORMAL,0
MTR,PRESS_001,2026-03-01T02:41:00+00:00,990.8365705104915,hPa,GOOD,SYNTHETIC_ML_DATASET,NORMAL,0
MTR,TEMP_001,2026-03-01T02:41:00+00:00,-12.543361046818449,°C,GOOD,SYNTHETIC_ML_DATASET,NORMAL,0
MTR,VIB_001,2026-03-01T02:41:00+00:00,0.8661636505834762,mm/s,GOOD,SYNTHETIC_ML_DATASET,NORMAL,0
MTR,HUM_001,2026-03-01T02:42:00+00:00,60.32152664065421,%,GOOD,SYNTHETIC_ML_DATASET,NORMAL,0
MTR,POWER_001,2026-03-01T02:42:00+00:00,38.95643699170171,kW,GOOD,SYNTHETIC_ML_DATASET,NORMAL,0
MTR,PRESS_001,2026-03-01T02:42:00+00:00,990.967902639524,hPa,GOOD,SYNTHETIC_ML_DATASET,NORMAL,0
MTR,TEMP_001,2026-03-01T02:42:00+00:00,-12.288598858472836,°C,GOOD,SYNTHETIC_ML_DATASET,NORMAL,0
MTR,VIB_001,2026-03-01T02:42:00+00:00,0.8647881952616913,mm/s,GOOD,SYNTHETIC_ML_DATASET,NORMAL,0
MTR,HUM_001,2026-03-01T02:43:00+00:00,60.43597008743157,%,GOOD,SYNTHETIC_ML_DATASET,NORMAL,0
MTR,POWER_001,2026-03-01T02:43:00+00:00,38.45675500904279,kW,GOOD,SYNTHETIC_ML_DATASET,NORMAL,0
MTR,PRESS_001,2026-03-01T02:43:00+00:00,990.5173920619931,hPa,GOOD,SYNTHETIC_ML_DATASET,NORMAL,0
MTR,TEMP_001,2026-03-01T02:43:00+00:00,-12.522553734073727,°C,GOOD,SYNTHETIC_ML_DATASET,NORMAL,0
MTR,VIB_001,2026-03-01T02:43:00+00:00,0.8526113031577971,mm/s,GOOD,SYNTHETIC_ML_DATASET,NORMAL,0
MTR,HUM_001,2026-03-01T02:44:00+00:00,59.828530681702155,%,GOOD,SYNTHETIC_ML_DATASET,NORMAL,0
MTR,POWER_001,2026-03-01T02:44:00+00:00,37.46896650281923,kW,GOOD,SYNTHETIC_ML_DATASET,NORMAL,0
MTR,PRESS_001,2026-03-01T02:44:00+00:00,990.788213648856,hPa,GOOD,SYNTHETIC_ML_DATASET,NORMAL,0
MTR,TEMP_001,2026-03-01T02:44:00+00:00,-12.342473700389116,°C,GOOD,SYNTHETIC_ML_DATASET,NORMAL,0
MTR,VIB_001,2026-03-01T02:44:00+00:00,0.9039436654113793,mm/s,GOOD,SYNTHETIC_ML_DATASET,NORMAL,0
MTR,HUM_001,2026-03-01T02:45:00+00:00,60.94129765653848,%,GOOD,SYNTHETIC_ML_DATASET,NORMAL,0
MTR,POWER_001,2026-03-01T02:45:00+00:00,37.52211191033528,kW,GOOD,SYNTHETIC_ML_DATASET,NORMAL,0
MTR,PRESS_001,2026-03-01T02:45:00+00:00,990.8735944092771,hPa,GOOD,SYNTHETIC_ML_DATASET,NORMAL,0
MTR,TEMP_001,2026-03-01T02:45:00+00:00,-12.392493048565482,°C,GOOD,SYNTHETIC_ML_DATASET,NORMAL,0
MTR,VIB_001,2026-03-01T02:45:00+00:00,0.8681376981692271,mm/s,GOOD,SYNTHETIC_ML_DATASET,NORMAL,0
MTR,HUM_001,2026-03-01T02:46:00+00:00,61.077298890456845,%,GOOD,SYNTHETIC_ML_DATASET,NORMAL,0
MTR,POWER_001,2026-03-01T02:46:00+00:00,39.018781164172,kW,GOOD,SYNTHETIC_ML_DATASET,NORMAL,0
MTR,PRESS_001,2026-03-01T02:46:00+00:00,990.858119002499,hPa,GOOD,SYNTHETIC_ML_DATASET,NORMAL,0
MTR,TEMP_001,2026-03-01T02:46:00+00:00,-11.812346381138473,°C,GOOD,SYNTHETIC_ML_DATASET,NORMAL,0
MTR,VIB_001,2026-03-01T02:46:00+00:00,0.8920854432566705,mm/s,GOOD,SYNTHETIC_ML_DATASET,NORMAL,0
MTR,HUM_001,2026-03-01T02:47:00+00:00,60.59529518598077,%,GOOD,SYNTHETIC_ML_DATASET,NORMAL,0
MTR,POWER_001,2026-03-01T02:47:00+00:00,39.322741452975,kW,GOOD,SYNTHETIC_ML_DATASET,NORMAL,0
MTR,PRESS_001,2026-03-01T02:47:00+00:00,990.9100129729032,hPa,GOOD,SYNTHETIC_ML_DATASET,NORMAL,0
MTR,TEMP_001,2026-03-01T02:47:00+00:00,-11.846212367793191,°C,GOOD,SYNTHETIC_ML_DATASET,NORMAL,0
MTR,VIB_001,2026-03-01T02:47:00+00:00,0.9291651239651222,mm/s,GOOD,SYNTHETIC_ML_DATASET,NORMAL,0
MTR,HUM_001,2026-03-01T02:48:00+00:00,61.81885395655906,%,GOOD,SYNTHETIC_ML_DATASET,NORMAL,0
MTR,POWER_001,2026-03-01T02:48:00+00:00,40.58442957171666,kW,GOOD,SYNTHETIC_ML_DATASET,NORMAL,0
MTR,PRESS_001,2026-03-01T02:48:00+00:00,990.9435118811398,hPa,GOOD,SYNTHETIC_ML_DATASET,NORMAL,0
MTR,TEMP_001,2026-03-01T02:48:00+00:00,-12.153034491813766,°C,GOOD,SYNTHETIC_ML_DATASET,NORMAL,0
MTR,VIB_001,2026-03-01T02:48:00+00:00,0.8976745823336522,mm/s,GOOD,SYNTHETIC_ML_DATASET,NORMAL,0
MTR,HUM_001,2026-03-01T02:49:00+00:00,61.388431971408025,%,GOOD,SYNTHETIC_ML_DATASET,NORMAL,0
MTR,POWER_001,2026-03-01T02:49:00+00:00,39.73945741484704,kW,GOOD,SYNTHETIC_ML_DATASET,NORMAL,0
MTR,PRESS_001,2026-03-01T02:49:00+00:00,991.2029481505525,hPa,GOOD,SYNTHETIC_ML_DATASET,NORMAL,0
MTR,TEMP_001,2026-03-01T02:49:00+00:00,-12.131463964622885,°C,GOOD,SYNTHETIC_ML_DATASET,NORMAL,0
MTR,VIB_001,2026-03-01T02:49:00+00:00,0.9175742065165507,mm/s,GOOD,SYNTHETIC_ML_DATASET,NORMAL,0
MTR,HUM_001,2026-03-01T02:50:00+00:00,61.5006581280343,%,GOOD,SYNTHETIC_ML_DATASET,NORMAL,0
MTR,POWER_001,2026-03-01T02:50:00+00:00,39.89488727573695,kW,GOOD,SYNTHETIC_ML_DATASET,NORMAL,0
MTR,PRESS_001,2026-03-01T02:50:00+00:00,991.0077938093932,hPa,GOOD,SYNTHETIC_ML_DATASET,NORMAL,0
MTR,TEMP_001,2026-03-01T02:50:00+00:00,-12.286866239426471,°C,GOOD,SYNTHETIC_ML_DATASET,NORMAL,0
MTR,VIB_001,2026-03-01T02:50:00+00:00,0.9513268593150269,mm/s,GOOD,SYNTHETIC_ML_DATASET,NORMAL,0
MTR,HUM_001,2026-03-01T02:51:00+00:00,62.14271645879704,%,GOOD,SYNTHETIC_ML_DATASET,NORMAL,0
MTR,POWER_001,2026-03-01T02:51:00+00:00,40.17113485810291,kW,GOOD,SYNTHETIC_ML_DATASET,NORMAL,0
MTR,PRESS_001,2026-03-01T02:51:00+00:00,990.8594703818596,hPa,GOOD,SYNTHETIC_ML_DATASET,NORMAL,0
MTR,TEMP_001,2026-03-01T02:51:00+00:00,-12.328308096735014,°C,GOOD,SYNTHETIC_ML_DATASET,NORMAL,0
MTR,VIB_001,2026-03-01T02:51:00+00:00,0.9443408008060523,mm/s,GOOD,SYNTHETIC_ML_DATASET,NORMAL,0
MTR,HUM_001,2026-03-01T02:52:00+00:00,61.67261128722995,%,GOOD,SYNTHETIC_ML_DATASET,NORMAL,0
MTR,POWER_001,2026-03-01T02:52:00+00:00,40.27928313819671,kW,GOOD,SYNTHETIC_ML_DATASET,NORMAL,0
MTR,PRESS_001,2026-03-01T02:52:00+00:00,990.8985087256974,hPa,GOOD,SYNTHETIC_ML_DATASET,NORMAL,0
MTR,TEMP_001,2026-03-01T02:52:00+00:00,-12.103101252919792,°C,GOOD,SYNTHETIC_ML_DATASET,NORMAL,0
MTR,VIB_001,2026-03-01T02:52:00+00:00,0.9338551951158008,mm/s,GOOD,SYNTHETIC_ML_DATASET,NORMAL,0
MTR,HUM_001,2026-03-01T02:53:00+00:00,61.56440940188317,%,GOOD,SYNTHETIC_ML_DATASET,NORMAL,0
MTR,POWER_001,2026-03-01T02:53:00+00:00,39.76909829387644,kW,GOOD,SYNTHETIC_ML_DATASET,NORMAL,0
MTR,PRESS_001,2026-03-01T02:53:00+00:00,990.7297602008493,hPa,GOOD,SYNTHETIC_ML_DATASET,NORMAL,0
MTR,TEMP_001,2026-03-01T02:53:00+00:00,-12.325986607254427,°C,GOOD,SYNTHETIC_ML_DATASET,NORMAL,0
MTR,VIB_001,2026-03-01T02:53:00+00:00,0.9184572006334416,mm/s,GOOD,SYNTHETIC_ML_DATASET,NORMAL,0
MTR,HUM_001,2026-03-01T02:54:00+00:00,61.759153948616685,%,GOOD,SYNTHETIC_ML_DATASET,NORMAL,0
MTR,POWER_001,2026-03-01T02:54:00+00:00,40.11772485295862,kW,GOOD,SYNTHETIC_ML_DATASET,NORMAL,0
MTR,PRESS_001,2026-03-01T02:54:00+00:00,991.0207233748289,hPa,GOOD,SYNTHETIC_ML_DATASET,NORMAL,0
MTR,TEMP_001,2026-03-01T02:54:00+00:00,-12.298347720720235,°C,GOOD,SYNTHETIC_ML_DATASET,NORMAL,0
MTR,VIB_001,2026-03-01T02:54:00+00:00,0.9330713120197959,mm/s,GOOD,SYNTHETIC_ML_DATASET,NORMAL,0
MTR,HUM_001,2026-03-01T02:55:00+00:00,61.99816637311463,%,GOOD,SYNTHETIC_ML_DATASET,NORMAL,0
MTR,POWER_001,2026-03-01T02:55:00+00:00,39.9518322007842,kW,GOOD,SYNTHETIC_ML_DATASET,NORMAL,0
MTR,PRESS_001,2026-03-01T02:55:00+00:00,990.9225916272314,hPa,GOOD,SYNTHETIC_ML_DATASET,NORMAL,0
MTR,TEMP_001,2026-03-01T02:55:00+00:00,-12.464008119342177,°C,GOOD,SYNTHETIC_ML_DATASET,NORMAL,0
MTR,VIB_001,2026-03-01T02:55:00+00:00,0.9144910916631657,mm/s,GOOD,SYNTHETIC_ML_DATASET,NORMAL,0
MTR,HUM_001,2026-03-01T02:56:00+00:00,61.67596204561412,%,GOOD,SYNTHETIC_ML_DATASET,NORMAL,0
MTR,POWER_001,2026-03-01T02:56:00+00:00,39.64732583282714,kW,GOOD,SYNTHETIC_ML_DATASET,NORMAL,0
MTR,PRESS_001,2026-03-01T02:56:00+00:00,991.047180549308,hPa,GOOD,SYNTHETIC_ML_DATASET,NORMAL,0
MTR,TEMP_001,2026-03-01T02:56:00+00:00,-12.163679343406175,°C,GOOD,SYNTHETIC_ML_DATASET,NORMAL,0
MTR,VIB_001,2026-03-01T02:56:00+00:00,0.9238061335764292,mm/s,GOOD,SYNTHETIC_ML_DATASET,NORMAL,0
MTR,HUM_001,2026-03-01T02:57:00+00:00,61.645351680413455,%,GOOD,SYNTHETIC_ML_DATASET,NORMAL,0
MTR,POWER_001,2026-03-01T02:57:00+00:00,40.09714953006783,kW,GOOD,SYNTHETIC_ML_DATASET,NORMAL,0
MTR,PRESS_001,2026-03-01T02:57:00+00:00,991.2921421744968,hPa,GOOD,SYNTHETIC_ML_DATASET,NORMAL,0
MTR,TEMP_001,2026-03-01T02:57:00+00:00,-11.999102922095743,°C,GOOD,SYNTHETIC_ML_DATASET,NORMAL,0
MTR,VIB_001,2026-03-01T02:57:00+00:00,0.9029450601786505,mm/s,GOOD,SYNTHETIC_ML_DATASET,NORMAL,0
MTR,HUM_001,2026-03-01T02:58:00+00:00,61.74795753485986,%,GOOD,SYNTHETIC_ML_DATASET,NORMAL,0
MTR,POWER_001,2026-03-01T02:58:00+00:00,40.06799808072427,kW,GOOD,SYNTHETIC_ML_DATASET,NORMAL,0
MTR,PRESS_001,2026-03-01T02:58:00+00:00,991.0111367168396,hPa,GOOD,SYNTHETIC_ML_DATASET,NORMAL,0
MTR,TEMP_001,2026-03-01T02:58:00+00:00,-11.95983459625636,°C,GOOD,SYNTHETIC_ML_DATASET,NORMAL,0
MTR,VIB_001,2026-03-01T02:58:00+00:00,0.9213736022315198,mm/s,GOOD,SYNTHETIC_ML_DATASET,NORMAL,0
MTR,HUM_001,2026-03-01T02:59:00+00:00,61.26256895775684,%,GOOD,SYNTHETIC_ML_DATASET,NORMAL,0
MTR,POWER_001,2026-03-01T02:59:00+00:00,40.24909951224391,kW,GOOD,SYNTHETIC_ML_DATASET,NORMAL,0
MTR,PRESS_001,2026-03-01T02:59:00+00:00,991.3397780421914,hPa,GOOD,SYNTHETIC_ML_DATASET,NORMAL,0
MTR,TEMP_001,2026-03-01T02:59:00+00:00,-11.904064508166835,°C,GOOD,SYNTHETIC_ML_DATASET,NORMAL,0
MTR,VIB_001,2026-03-01T02:59:00+00:00,0.894304690562783,mm/s,GOOD,SYNTHETIC_ML_DATASET,NORMAL,0
MTR,HUM_001,2026-03-01T03:00:00+00:00,61.436362777928196,%,GOOD,SYNTHETIC_ML_DATASET,NORMAL,0
MTR,POWER_001,2026-03-01T03:00:00+00:00,39.54566797138828,kW,GOOD,SYNTHETIC_ML_DATASET,NORMAL,0
MTR,PRESS_001,2026-03-01T03:00:00+00:00,991.4252511747825,hPa,GOOD,SYNTHETIC_ML_DATASET,NORMAL,0
MTR,TEMP_001,2026-03-01T03:00:00+00:00,-12.000253540500122,°C,GOOD,SYNTHETIC_ML_DATASET,NORMAL,0
MTR,VIB_001,2026-03-01T03:00:00+00:00,0.9370424464476992,mm/s,GOOD,SYNTHETIC_ML_DATASET,NORMAL,0
MTR,HUM_001,2026-03-01T03:01:00+00:00,61.92376030590569,%,GOOD,SYNTHETIC_ML_DATASET,NORMAL,0
MTR,POWER_001,2026-03-01T03:01:00+00:00,39.161038219447,kW,GOOD,SYNTHETIC_ML_DATASET,NORMAL,0
MTR,PRESS_001,2026-03-01T03:01:00+00:00,991.5492963961121,hPa,GOOD,SYNTHETIC_ML_DATASET,NORMAL,0
MTR,TEMP_001,2026-03-01T03:01:00+00:00,-11.66048129647788,°C,GOOD,SYNTHETIC_ML_DATASET,NORMAL,0
MTR,VIB_001,2026-03-01T03:01:00+00:00,0.9402105123079113,mm/s,GOOD,SYNTHETIC_ML_DATASET,NORMAL,0
MTR,HUM_001,2026-03-01T03:02:00+00:00,61.63215795781633,%,GOOD,SYNTHETIC_ML_DATASET,NORMAL,0
MTR,POWER_001,2026-03-01T03:02:00+00:00,39.39325931172475,kW,GOOD,SYNTHETIC_ML_DATASET,NORMAL,0
MTR,PRESS_001,2026-03-01T03:02:00+00:00,991.3825397347649,hPa,GOOD,SYNTHETIC_ML_DATASET,NORMAL,0
MTR,TEMP_001,2026-03-01T03:02:00+00:00,-11.919606114393723,°C,GOOD,SYNTHETIC_ML_DATASET,NORMAL,0
MTR,VIB_001,2026-03-01T03:02:00+00:00,0.9323121087959709,mm/s,GOOD,SYNTHETIC_ML_DATASET,NORMAL,0
MTR,HUM_001,2026-03-01T03:03:00+00:00,60.01217286037311,%,GOOD,SYNTHETIC_ML_DATASET,NORMAL,0
MTR,POWER_001,2026-03-01T03:03:00+00:00,39.23812169166559,kW,GOOD,SYNTHETIC_ML_DATASET,NORMAL,0
MTR,PRESS_001,2026-03-01T03:03:00+00:00,991.5586365743638,hPa,GOOD,SYNTHETIC_ML_DATASET,NORMAL,0
MTR,TEMP_001,2026-03-01T03:03:00+00:00,-11.596140211098913,°C,GOOD,SYNTHETIC_ML_DATASET,NORMAL,0
MTR,VIB_001,2026-03-01T03:03:00+00:00,0.8745108508352676,mm/s,GOOD,SYNTHETIC_ML_DATASET,NORMAL,0
MTR,HUM_001,2026-03-01T03:04:00+00:00,62.39238272455391,%,GOOD,SYNTHETIC_ML_DATASET,NORMAL,0
MTR,POWER_001,2026-03-01T03:04:00+00:00,39.78914369413987,kW,GOOD,SYNTHETIC_ML_DATASET,NORMAL,0
MTR,PRESS_001,2026-03-01T03:04:00+00:00,991.5701080021656,hPa,GOOD,SYNTHETIC_ML_DATASET,NORMAL,0
MTR,TEMP_001,2026-03-01T03:04:00+00:00,-11.634217284206064,°C,GOOD,SYNTHETIC_ML_DATASET,NORMAL,0
MTR,VIB_001,2026-03-01T03:04:00+00:00,0.9215299451776613,mm/s,GOOD,SYNTHETIC_ML_DATASET,NORMAL,0
MTR,HUM_001,2026-03-01T03:05:00+00:00,60.5258247634168,%,GOOD,SYNTHETIC_ML_DATASET,NORMAL,0
MTR,POWER_001,2026-03-01T03:05:00+00:00,39.348939485903244,kW,GOOD,SYNTHETIC_ML_DATASET,NORMAL,0
MTR,PRESS_001,2026-03-01T03:05:00+00:00,991.2798097511906,hPa,GOOD,SYNTHETIC_ML_DATASET,NORMAL,0
MTR,TEMP_001,2026-03-01T03:05:00+00:00,-11.666519025549714,°C,GOOD,SYNTHETIC_ML_DATASET,NORMAL,0
MTR,VIB_001,2026-03-01T03:05:00+00:00,0.914656208136111,mm/s,GOOD,SYNTHETIC_ML_DATASET,NORMAL,0
MTR,HUM_001,2026-03-01T03:06:00+00:00,61.05253683212635,%,GOOD,SYNTHETIC_ML_DATASET,NORMAL,0
MTR,POWER_001,2026-03-01T03:06:00+00:00,39.48131302979683,kW,GOOD,SYNTHETIC_ML_DATASET,NORMAL,0
MTR,PRESS_001,2026-03-01T03:06:00+00:00,991.2668033618706,hPa,GOOD,SYNTHETIC_ML_DATASET,NORMAL,0
MTR,TEMP_001,2026-03-01T03:06:00+00:00,-11.497610134988118,°C,GOOD,SYNTHETIC_ML_DATASET,NORMAL,0
MTR,VIB_001,2026-03-01T03:06:00+00:00,0.9328105262002864,mm/s,GOOD,SYNTHETIC_ML_DATASET,NORMAL,0
MTR,HUM_001,2026-03-01T03:07:00+00:00,61.37089945435746,%,GOOD,SYNTHETIC_ML_DATASET,NORMAL,0
MTR,POWER_001,2026-03-01T03:07:00+00:00,38.8615009375162,kW,GOOD,SYNTHETIC_ML_DATASET,NORMAL,0
MTR,PRESS_001,2026-03-01T03:07:00+00:00,991.2127794704775,hPa,GOOD,SYNTHETIC_ML_DATASET,NORMAL,0
MTR,TEMP_001,2026-03-01T03:07:00+00:00,-11.520003717614845,°C,GOOD,SYNTHETIC_ML_DATASET,NORMAL,0
MTR,VIB_001,2026-03-01T03:07:00+00:00,0.8844367066747038,mm/s,GOOD,SYNTHETIC_ML_DATASET,NORMAL,0
MTR,HUM_001,2026-03-01T03:08:00+00:00,61.321469256350234,%,GOOD,SYNTHETIC_ML_DATASET,NORMAL,0
MTR,POWER_001,2026-03-01T03:08:00+00:00,39.610583994769904,kW,GOOD,SYNTHETIC_ML_DATASET,NORMAL,0
MTR,PRESS_001,2026-03-01T03:08:00+00:00,991.141293988939,hPa,GOOD,SYNTHETIC_ML_DATASET,NORMAL,0
MTR,TEMP_001,2026-03-01T03:08:00+00:00,-11.612043836708958,°C,GOOD,SYNTHETIC_ML_DATASET,NORMAL,0
MTR,VIB_001,2026-03-01T03:08:00+00:00,0.9200495586464184,mm/s,GOOD,SYNTHETIC_ML_DATASET,NORMAL,0
MTR,HUM_001,2026-03-01T03:09:00+00:00,61.71139434779693,%,GOOD,SYNTHETIC_ML_DATASET,NORMAL,0
MTR,POWER_001,2026-03-01T03:09:00+00:00,38.92954608209192,kW,GOOD,SYNTHETIC_ML_DATASET,NORMAL,0
MTR,PRESS_001,2026-03-01T03:09:00+00:00,991.3687933843538,hPa,GOOD,SYNTHETIC_ML_DATASET,NORMAL,0
MTR,TEMP_001,2026-03-01T03:09:00+00:00,-11.542888697194172,°C,GOOD,SYNTHETIC_ML_DATASET,NORMAL,0
MTR,VIB_001,2026-03-01T03:09:00+00:00,0.9077349769192692,mm/s,GOOD,SYNTHETIC_ML_DATASET,NORMAL,0
MTR,HUM_001,2026-03-01T03:10:00+00:00,61.77325678473094,%,GOOD,SYNTHETIC_ML_DATASET,NORMAL,0
MTR,POWER_001,2026-03-01T03:10:00+00:00,39.43543888903119,kW,GOOD,SYNTHETIC_ML_DATASET,NORMAL,0
MTR,PRESS_001,2026-03-01T03:10:00+00:00,991.4768821325915,hPa,GOOD,SYNTHETIC_ML_DATASET,NORMAL,0
MTR,TEMP_001,2026-03-01T03:10:00+00:00,-11.133381315685565,°C,GOOD,SYNTHETIC_ML_DATASET,NORMAL,0
MTR,VIB_001,2026-03-01T03:10:00+00:00,0.889339855526947,mm/s,GOOD,SYNTHETIC_ML_DATASET,NORMAL,0
MTR,HUM_001,2026-03-01T03:11:00+00:00,61.31634306565561,%,GOOD,SYNTHETIC_ML_DATASET,NORMAL,0
MTR,POWER_001,2026-03-01T03:11:00+00:00,39.60807617799688,kW,GOOD,SYNTHETIC_ML_DATASET,NORMAL,0
MTR,PRESS_001,2026-03-01T03:11:00+00:00,991.5894480042796,hPa,GOOD,SYNTHETIC_ML_DATASET,NORMAL,0
MTR,TEMP_001,2026-03-01T03:11:00+00:00,-11.224515042247495,°C,GOOD,SYNTHETIC_ML_DATASET,NORMAL,0
MTR,VIB_001,2026-03-01T03:11:00+00:00,0.9139625921583381,mm/s,GOOD,SYNTHETIC_ML_DATASET,NORMAL,0
MTR,HUM_001,2026-03-01T03:12:00+00:00,61.862530008900556,%,GOOD,SYNTHETIC_ML_DATASET,NORMAL,0
MTR,POWER_001,2026-03-01T03:12:00+00:00,39.71294597470383,kW,GOOD,SYNTHETIC_ML_DATASET,NORMAL,0
MTR,PRESS_001,2026-03-01T03:12:00+00:00,991.646268252694,hPa,GOOD,SYNTHETIC_ML_DATASET,NORMAL,0
MTR,TEMP_001,2026-03-01T03:12:00+00:00,-11.438018418040322,°C,GOOD,SYNTHETIC_ML_DATASET,NORMAL,0
MTR,VIB_001,2026-03-01T03:12:00+00:00,0.9054571639635965,mm/s,GOOD,SYNTHETIC_ML_DATASET,NORMAL,0
MTR,HUM_001,2026-03-01T03:13:00+00:00,62.03383048340123,%,GOOD,SYNTHETIC_ML_DATASET,NORMAL,0
MTR,POWER_001,2026-03-01T03:13:00+00:00,39.40659283031881,kW,GOOD,SYNTHETIC_ML_DATASET,NORMAL,0
MTR,PRESS_001,2026-03-01T03:13:00+00:00,991.8526430515996,hPa,GOOD,SYNTHETIC_ML_DATASET,NORMAL,0
MTR,TEMP_001,2026-03-01T03:13:00+00:00,-11.15089223202037,°C,GOOD,SYNTHETIC_ML_DATASET,NORMAL,0
MTR,VIB_001,2026-03-01T03:13:00+00:00,0.9252498168102826,mm/s,GOOD,SYNTHETIC_ML_DATASET,NORMAL,0
MTR,HUM_001,2026-03-01T03:14:00+00:00,62.156465342156544,%,GOOD,SYNTHETIC_ML_DATASET,NORMAL,0
MTR,POWER_001,2026-03-01T03:14:00+00:00,40.10051048374363,kW,GOOD,SYNTHETIC_ML_DATASET,NORMAL,0
MTR,PRESS_001,2026-03-01T03:14:00+00:00,991.5509092315649,hPa,GOOD,SYNTHETIC_ML_DATASET,NORMAL,0
MTR,TEMP_001,2026-03-01T03:14:00+00:00,-11.096099419920707,°C,GOOD,SYNTHETIC_ML_DATASET,NORMAL,0
MTR,VIB_001,2026-03-01T03:14:00+00:00,0.9440377067630528,mm/s,GOOD,SYNTHETIC_ML_DATASET,NORMAL,0
MTR,HUM_001,2026-03-01T03:15:00+00:00,61.66790421240015,%,GOOD,SYNTHETIC_ML_DATASET,NORMAL,0
MTR,POWER_001,2026-03-01T03:15:00+00:00,40.19546138544022,kW,GOOD,SYNTHETIC_ML_DATASET,NORMAL,0
MTR,PRESS_001,2026-03-01T03:15:00+00:00,991.4650482679572,hPa,GOOD,SYNTHETIC_ML_DATASET,NORMAL,0
MTR,TEMP_001,2026-03-01T03:15:00+00:00,-11.177582271434309,°C,GOOD,SYNTHETIC_ML_DATASET,NORMAL,0
MTR,VIB_001,2026-03-01T03:15:00+00:00,0.9296032881254495,mm/s,GOOD,SYNTHETIC_ML_DATASET,NORMAL,0
MTR,HUM_001,2026-03-01T03:16:00+00:00,62.24137358756925,%,GOOD,SYNTHETIC_ML_DATASET,NORMAL,0
MTR,POWER_001,2026-03-01T03:16:00+00:00,39.46840246230249,kW,GOOD,SYNTHETIC_ML_DATASET,NORMAL,0
MTR,PRESS_001,2026-03-01T03:16:00+00:00,991.7596373515722,hPa,GOOD,SYNTHETIC_ML_DATASET,NORMAL,0
MTR,TEMP_001,2026-03-01T03:16:00+00:00,-11.554596925664505,°C,GOOD,SYNTHETIC_ML_DATASET,NORMAL,0
MTR,VIB_001,2026-03-01T03:16:00+00:00,0.9485628991447355,mm/s,GOOD,SYNTHETIC_ML_DATASET,NORMAL,0
MTR,HUM_001,2026-03-01T03:17:00+00:00,62.53623454689744,%,GOOD,SYNTHETIC_ML_DATASET,NORMAL,0
MTR,POWER_001,2026-03-01T03:17:00+00:00,39.93018356735831,kW,GOOD,SYNTHETIC_ML_DATASET,NORMAL,0
MTR,PRESS_001,2026-03-01T03:17:00+00:00,991.4059417738092,hPa,GOOD,SYNTHETIC_ML_DATASET,NORMAL,0
MTR,TEMP_001,2026-03-01T03:17:00+00:00,-11.547058759091778,°C,GOOD,SYNTHETIC_ML_DATASET,NORMAL,0
MTR,VIB_001,2026-03-01T03:17:00+00:00,0.9455371607722046,mm/s,GOOD,SYNTHETIC_ML_DATASET,NORMAL,0
MTR,HUM_001,2026-03-01T03:18:00+00:00,62.28488722837302,%,GOOD,SYNTHETIC_ML_DATASET,NORMAL,0
MTR,POWER_001,2026-03-01T03:18:00+00:00,39.40103865203824,kW,GOOD,SYNTHETIC_ML_DATASET,NORMAL,0
MTR,PRESS_001,2026-03-01T03:18:00+00:00,991.590009448128,hPa,GOOD,SYNTHETIC_ML_DATASET,NORMAL,0
MTR,TEMP_001,2026-03-01T03:18:00+00:00,-11.204117558723366,°C,GOOD,SYNTHETIC_ML_DATASET,NORMAL,0
MTR,VIB_001,2026-03-01T03:18:00+00:00,0.9773983680038467,mm/s,GOOD,SYNTHETIC_ML_DATASET,NORMAL,0
MTR,HUM_001,2026-03-01T03:19:00+00:00,62.65051285925379,%,GOOD,SYNTHETIC_ML_DATASET,NORMAL,0
MTR,POWER_001,2026-03-01T03:19:00+00:00,40.06961776188535,kW,GOOD,SYNTHETIC_ML_DATASET,NORMAL,0
MTR,PRESS_001,2026-03-01T03:19:00+00:00,991.5411994562418,hPa,GOOD,SYNTHETIC_ML_DATASET,NORMAL,0
MTR,TEMP_001,2026-03-01T03:19:00+00:00,-11.570110349854888,°C,GOOD,SYNTHETIC_ML_DATASET,NORMAL,0
MTR,VIB_001,2026-03-01T03:19:00+00:00,1.000817105298065,mm/s,GOOD,SYNTHETIC_ML_DATASET,NORMAL,0
MTR,HUM_001,2026-03-01T03:20:00+00:00,61.96716181579855,%,GOOD,SYNTHETIC_ML_DATASET,NORMAL,0
MTR,POWER_001,2026-03-01T03:20:00+00:00,40.10240190682271,kW,GOOD,SYNTHETIC_ML_DATASET,NORMAL,0
MTR,PRESS_001,2026-03-01T03:20:00+00:00,991.6688614525632,hPa,GOOD,SYNTHETIC_ML_DATASET,NORMAL,0
MTR,TEMP_001,2026-03-01T03:20:00+00:00,-11.567110690931777,°C,GOOD,SYNTHETIC_ML_DATASET,NORMAL,0
MTR,VIB_001,2026-03-01T03:20:00+00:00,0.9819308242090892,mm/s,GOOD,SYNTHETIC_ML_DATASET,NORMAL,0
MTR,HUM_001,2026-03-01T03:21:00+00:00,61.943314374297486,%,GOOD,SYNTHETIC_ML_DATASET,NORMAL,0
MTR,POWER_001,2026-03-01T03:21:00+00:00,40.157220619789776,kW,GOOD,SYNTHETIC_ML_DATASET,NORMAL,0
MTR,PRESS_001,2026-03-01T03:21:00+00:00,991.6009829234156,hPa,GOOD,SYNTHETIC_ML_DATASET,NORMAL,0
MTR,TEMP_001,2026-03-01T03:21:00+00:00,-11.306334440812643,°C,GOOD,SYNTHETIC_ML_DATASET,NORMAL,0
MTR,VIB_001,2026-03-01T03:21:00+00:00,0.963473341599663,mm/s,GOOD,SYNTHETIC_ML_DATASET,NORMAL,0
MTR,HUM_001,2026-03-01T03:22:00+00:00,61.45223841336936,%,GOOD,SYNTHETIC_ML_DATASET,NORMAL,0
MTR,POWER_001,2026-03-01T03:22:00+00:00,39.93504416144592,kW,GOOD,SYNTHETIC_ML_DATASET,NORMAL,0
MTR,PRESS_001,2026-03-01T03:22:00+00:00,991.9012876151659,hPa,GOOD,SYNTHETIC_ML_DATASET,NORMAL,0
MTR,TEMP_001,2026-03-01T03:22:00+00:00,-11.170113601123978,°C,GOOD,SYNTHETIC_ML_DATASET,NORMAL,0
MTR,VIB_001,2026-03-01T03:22:00+00:00,0.986577882744424,mm/s,GOOD,SYNTHETIC_ML_DATASET,NORMAL,0
MTR,HUM_001,2026-03-01T03:23:00+00:00,62.30225059231726,%,GOOD,SYNTHETIC_ML_DATASET,NORMAL,0
MTR,POWER_001,2026-03-01T03:23:00+00:00,39.376498283745654,kW,GOOD,SYNTHETIC_ML_DATASET,NORMAL,0
MTR,PRESS_001,2026-03-01T03:23:00+00:00,991.6100854500257,hPa,GOOD,SYNTHETIC_ML_DATASET,NORMAL,0
MTR,TEMP_001,2026-03-01T03:23:00+00:00,-11.179668365881941,°C,GOOD,SYNTHETIC_ML_DATASET,NORMAL,0
MTR,VIB_001,2026-03-01T03:23:00+00:00,0.9434444895514575,mm/s,GOOD,SYNTHETIC_ML_DATASET,NORMAL,0
MTR,HUM_001,2026-03-01T03:24:00+00:00,62.27799893323537,%,GOOD,SYNTHETIC_ML_DATASET,NORMAL,0
MTR,POWER_001,2026-03-01T03:24:00+00:00,39.96418574581714,kW,GOOD,SYNTHETIC_ML_DATASET,NORMAL,0
MTR,PRESS_001,2026-03-01T03:24:00+00:00,991.5936844083762,hPa,GOOD,SYNTHETIC_ML_DATASET,NORMAL,0
MTR,TEMP_001,2026-03-01T03:24:00+00:00,-11.458934682514627,°C,GOOD,SYNTHETIC_ML_DATASET,NORMAL,0
MTR,VIB_001,2026-03-01T03:24:00+00:00,0.9312142658588876,mm/s,GOOD,SYNTHETIC_ML_DATASET,NORMAL,0
MTR,HUM_001,2026-03-01T03:25:00+00:00,61.73891067716866,%,GOOD,SYNTHETIC_ML_DATASET,NORMAL,0
MTR,POWER_001,2026-03-01T03:25:00+00:00,39.762035071518746,kW,GOOD,SYNTHETIC_ML_DATASET,NORMAL,0
MTR,PRESS_001,2026-03-01T03:25:00+00:00,991.751908875584,hPa,GOOD,SYNTHETIC_ML_DATASET,NORMAL,0
MTR,TEMP_001,2026-03-01T03:25:00+00:00,-11.460096072238258,°C,GOOD,SYNTHETIC_ML_DATASET,NORMAL,0
MTR,VIB_001,2026-03-01T03:25:00+00:00,0.9557799216269879,mm/s,GOOD,SYNTHETIC_ML_DATASET,NORMAL,0
MTR,HUM_001,2026-03-01T03:26:00+00:00,62.056830027317034,%,GOOD,SYNTHETIC_ML_DATASET,NORMAL,0
MTR,POWER_001,2026-03-01T03:26:00+00:00,39.52481120089301,kW,GOOD,SYNTHETIC_ML_DATASET,NORMAL,0
MTR,PRESS_001,2026-03-01T03:26:00+00:00,991.6776606048289,hPa,GOOD,SYNTHETIC_ML_DATASET,NORMAL,0
MTR,TEMP_001,2026-03-01T03:26:00+00:00,-11.540806091124823,°C,GOOD,SYNTHETIC_ML_DATASET,NORMAL,0
MTR,VIB_001,2026-03-01T03:26:00+00:00,0.9552558733158081,mm/s,GOOD,SYNTHETIC_ML_DATASET,NORMAL,0
MTR,HUM_001,2026-03-01T03:27:00+00:00,62.34184020350864,%,GOOD,SYNTHETIC_ML_DATASET,NORMAL,0
MTR,POWER_001,2026-03-01T03:27:00+00:00,40.1176134782872,kW,GOOD,SYNTHETIC_ML_DATASET,NORMAL,0
MTR,PRESS_001,2026-03-01T03:27:00+00:00,991.5564603141086,hPa,GOOD,SYNTHETIC_ML_DATASET,NORMAL,0
MTR,TEMP_001,2026-03-01T03:27:00+00:00,-11.672951822595605,°C,GOOD,SYNTHETIC_ML_DATASET,NORMAL,0
MTR,VIB_001,2026-03-01T03:27:00+00:00,0.9212013657855554,mm/s,GOOD,SYNTHETIC_ML_DATASET,NORMAL,0
MTR,HUM_001,2026-03-01T03:28:00+00:00,61.99357031075251,%,GOOD,SYNTHETIC_ML_DATASET,NORMAL,0
MTR,POWER_001,2026-03-01T03:28:00+00:00,39.69462039140649,kW,GOOD,SYNTHETIC_ML_DATASET,NORMAL,0
MTR,PRESS_001,2026-03-01T03:28:00+00:00,991.6855412167344,hPa,GOOD,SYNTHETIC_ML_DATASET,NORMAL,0
MTR,TEMP_001,2026-03-01T03:28:00+00:00,-11.300978734914956,°C,GOOD,SYNTHETIC_ML_DATASET,NORMAL,0
MTR,VIB_001,2026-03-01T03:28:00+00:00,0.8887887999095698,mm/s,GOOD,SYNTHETIC_ML_DATASET,NORMAL,0
MTR,HUM_001,2026-03-01T03:29:00+00:00,62.20712037233488,%,GOOD,SYNTHETIC_ML_DATASET,NORMAL,0
MTR,POWER_001,2026-03-01T03:29:00+00:00,40.144611344162804,kW,GOOD,SYNTHETIC_ML_DATASET,NORMAL,0
MTR,PRESS_001,2026-03-01T03:29:00+00:00,991.6786449776073,hPa,GOOD,SYNTHETIC_ML_DATASET,NORMAL,0
MTR,TEMP_001,2026-03-01T03:29:00+00:00,-11.592786965180707,°C,GOOD,SYNTHETIC_ML_DATASET,NORMAL,0
MTR,VIB_001,2026-03-01T03:29:00+00:00,0.9174703095262592,mm/s,GOOD,SYNTHETIC_ML_DATASET,NORMAL,0
MTR,HUM_001,2026-03-01T03:30:00+00:00,62.783193918415925,%,GOOD,SYNTHETIC_ML_DATASET,NORMAL,0
MTR,POWER_001,2026-03-01T03:30:00+00:00,39.80160454023694,kW,GOOD,SYNTHETIC_ML_DATASET,NORMAL,0
MTR,PRESS_001,2026-03-01T03:30:00+00:00,991.3977446816028,hPa,GOOD,SYNTHETIC_ML_DATASET,NORMAL,0
MTR,TEMP_001,2026-03-01T03:30:00+00:00,-11.40084518503611,°C,GOOD,SYNTHETIC_ML_DATASET,NORMAL,0
MTR,VIB_001,2026-03-01T03:30:00+00:00,0.9531410885348603,mm/s,GOOD,SYNTHETIC_ML_DATASET,NORMAL,0
MTR,HUM_001,2026-03-01T03:31:00+00:00,62.598813571782344,%,GOOD,SYNTHETIC_ML_DATASET,NORMAL,0
MTR,POWER_001,2026-03-01T03:31:00+00:00,40.69794109677581,kW,GOOD,SYNTHETIC_ML_DATASET,NORMAL,0
MTR,PRESS_001,2026-03-01T03:31:00+00:00,991.5207678647234,hPa,GOOD,SYNTHETIC_ML_DATASET,NORMAL,0
MTR,TEMP_001,2026-03-01T03:31:00+00:00,-11.707726545074127,°C,GOOD,SYNTHETIC_ML_DATASET,NORMAL,0
MTR,VIB_001,2026-03-01T03:31:00+00:00,0.9417681796068764,mm/s,GOOD,SYNTHETIC_ML_DATASET,NORMAL,0
MTR,HUM_001,2026-03-01T03:32:00+00:00,63.52262040377264,%,GOOD,SYNTHETIC_ML_DATASET,NORMAL,0
MTR,POWER_001,2026-03-01T03:32:00+00:00,41.0550611661922,kW,GOOD,SYNTHETIC_ML_DATASET,NORMAL,0
MTR,PRESS_001,2026-03-01T03:32:00+00:00,991.7646192400754,hPa,GOOD,SYNTHETIC_ML_DATASET,NORMAL,0
MTR,TEMP_001,2026-03-01T03:32:00+00:00,-11.64158637582452,°C,GOOD,SYNTHETIC_ML_DATASET,NORMAL,0
MTR,VIB_001,2026-03-01T03:32:00+00:00,0.9226298614257423,mm/s,GOOD,SYNTHETIC_ML_DATASET,NORMAL,0
MTR,HUM_001,2026-03-01T03:33:00+00:00,63.00372601417361,%,GOOD,SYNTHETIC_ML_DATASET,NORMAL,0
MTR,POWER_001,2026-03-01T03:33:00+00:00,40.10712847820775,kW,GOOD,SYNTHETIC_ML_DATASET,NORMAL,0
MTR,PRESS_001,2026-03-01T03:33:00+00:00,991.6948891603245,hPa,GOOD,SYNTHETIC_ML_DATASET,NORMAL,0
MTR,TEMP_001,2026-03-01T03:33:00+00:00,-11.742739751530806,°C,GOOD,SYNTHETIC_ML_DATASET,NORMAL,0
MTR,VIB_001,2026-03-01T03:33:00+00:00,0.9294467046749535,mm/s,GOOD,SYNTHETIC_ML_DATASET,NORMAL,0
MTR,HUM_001,2026-03-01T03:34:00+00:00,62.675365328998154,%,GOOD,SYNTHETIC_ML_DATASET,NORMAL,0
MTR,POWER_001,2026-03-01T03:34:00+00:00,40.48898040132252,kW,GOOD,SYNTHETIC_ML_DATASET,NORMAL,0
MTR,PRESS_001,2026-03-01T03:34:00+00:00,991.7301072594825,hPa,GOOD,SYNTHETIC_ML_DATASET,NORMAL,0
MTR,TEMP_001,2026-03-01T03:34:00+00:00,-12.024540234557465,°C,GOOD,SYNTHETIC_ML_DATASET,NORMAL,0
MTR,VIB_001,2026-03-01T03:34:00+00:00,0.9303764716453352,mm/s,GOOD,SYNTHETIC_ML_DATASET,NORMAL,0
MTR,HUM_001,2026-03-01T03:35:00+00:00,63.23160119189165,%,GOOD,SYNTHETIC_ML_DATASET,NORMAL,0
MTR,POWER_001,2026-03-01T03:35:00+00:00,40.72709440736785,kW,GOOD,SYNTHETIC_ML_DATASET,NORMAL,0
MTR,PRESS_001,2026-03-01T03:35:00+00:00,991.6436038927642,hPa,GOOD,SYNTHETIC_ML_DATASET,NORMAL,0
MTR,TEMP_001,2026-03-01T03:35:00+00:00,-11.725480975503583,°C,GOOD,SYNTHETIC_ML_DATASET,NORMAL,0
MTR,VIB_001,2026-03-01T03:35:00+00:00,0.9504881274665355,mm/s,GOOD,SYNTHETIC_ML_DATASET,NORMAL,0
MTR,HUM_001,2026-03-01T03:36:00+00:00,62.96150019729595,%,GOOD,SYNTHETIC_ML_DATASET,NORMAL,0
MTR,POWER_001,2026-03-01T03:36:00+00:00,40.81399316653034,kW,GOOD,SYNTHETIC_ML_DATASET,NORMAL,0
MTR,PRESS_001,2026-03-01T03:36:00+00:00,991.7066988852916,hPa,GOOD,SYNTHETIC_ML_DATASET,NORMAL,0
MTR,TEMP_001,2026-03-01T03:36:00+00:00,-11.715272807794218,°C,GOOD,SYNTHETIC_ML_DATASET,NORMAL,0
MTR,VIB_001,2026-03-01T03:36:00+00:00,0.9590597229323382,mm/s,GOOD,SYNTHETIC_ML_DATASET,NORMAL,0
MTR,HUM_001,2026-03-01T03:37:00+00:00,61.58188757142991,%,GOOD,SYNTHETIC_ML_DATASET,NORMAL,0
MTR,POWER_001,2026-03-01T03:37:00+00:00,40.71396005424972,kW,GOOD,SYNTHETIC_ML_DATASET,NORMAL,0
MTR,PRESS_001,2026-03-01T03:37:00+00:00,991.8460536238136,hPa,GOOD,SYNTHETIC_ML_DATASET,NORMAL,0
MTR,TEMP_001,2026-03-01T03:37:00+00:00,-11.630089956134135,°C,GOOD,SYNTHETIC_ML_DATASET,NORMAL,0
MTR,VIB_001,2026-03-01T03:37:00+00:00,0.9433753698483934,mm/s,GOOD,SYNTHETIC_ML_DATASET,NORMAL,0
MTR,HUM_001,2026-03-01T03:38:00+00:00,62.39238494743002,%,GOOD,SYNTHETIC_ML_DATASET,NORMAL,0
MTR,POWER_001,2026-03-01T03:38:00+00:00,40.97046746401148,kW,GOOD,SYNTHETIC_ML_DATASET,NORMAL,0
MTR,PRESS_001,2026-03-01T03:38:00+00:00,991.8326215906164,hPa,GOOD,SYNTHETIC_ML_DATASET,NORMAL,0
MTR,TEMP_001,2026-03-01T03:38:00+00:00,-11.487487000585716,°C,GOOD,SYNTHETIC_ML_DATASET,NORMAL,0
MTR,VIB_001,2026-03-01T03:38:00+00:00,0.9490634461653004,mm/s,GOOD,SYNTHETIC_ML_DATASET,NORMAL,0
MTR,HUM_001,2026-03-01T03:39:00+00:00,62.99788413443147,%,GOOD,SYNTHETIC_ML_DATASET,NORMAL,0
MTR,POWER_001,2026-03-01T03:39:00+00:00,40.80068838444616,kW,GOOD,SYNTHETIC_ML_DATASET,NORMAL,0
MTR,PRESS_001,2026-03-01T03:39:00+00:00,991.588206129956,hPa,GOOD,SYNTHETIC_ML_DATASET,NORMAL,0
MTR,TEMP_001,2026-03-01T03:39:00+00:00,-11.192131896318667,°C,GOOD,SYNTHETIC_ML_DATASET,NORMAL,0
MTR,VIB_001,2026-03-01T03:39:00+00:00,0.9881182277051838,mm/s,GOOD,SYNTHETIC_ML_DATASET,NORMAL,0
MTR,HUM_001,2026-03-01T03:40:00+00:00,63.05293816450253,%,GOOD,SYNTHETIC_ML_DATASET,NORMAL,0
MTR,POWER_001,2026-03-01T03:40:00+00:00,41.21375277771567,kW,GOOD,SYNTHETIC_ML_DATASET,NORMAL,0
MTR,PRESS_001,2026-03-01T03:40:00+00:00,991.744402174798,hPa,GOOD,SYNTHETIC_ML_DATASET,NORMAL,0
MTR,TEMP_001,2026-03-01T03:40:00+00:00,-11.3923872103057,°C,GOOD,SYNTHETIC_ML_DATASET,NORMAL,0
MTR,VIB_001,2026-03-01T03:40:00+00:00,0.8943249202900856,mm/s,GOOD,SYNTHETIC_ML_DATASET,NORMAL,0
MTR,HUM_001,2026-03-01T03:41:00+00:00,63.11932405633928,%,GOOD,SYNTHETIC_ML_DATASET,NORMAL,0
MTR,POWER_001,2026-03-01T03:41:00+00:00,41.476015649170556,kW,GOOD,SYNTHETIC_ML_DATASET,NORMAL,0
MTR,PRESS_001,2026-03-01T03:41:00+00:00,992.058965926782,hPa,GOOD,SYNTHETIC_ML_DATASET,NORMAL,0
MTR,TEMP_001,2026-03-01T03:41:00+00:00,-11.167601499273172,°C,GOOD,SYNTHETIC_ML_DATASET,NORMAL,0
MTR,VIB_001,2026-03-01T03:41:00+00:00,0.9459573317734672,mm/s,GOOD,SYNTHETIC_ML_DATASET,NORMAL,0
MTR,HUM_001,2026-03-01T03:42:00+00:00,62.90381204514823,%,GOOD,SYNTHETIC_ML_DATASET,NORMAL,0
MTR,POWER_001,2026-03-01T03:42:00+00:00,41.32971100724516,kW,GOOD,SYNTHETIC_ML_DATASET,NORMAL,0
MTR,PRESS_001,2026-03-01T03:42:00+00:00,991.7799277523659,hPa,GOOD,SYNTHETIC_ML_DATASET,NORMAL,0
MTR,TEMP_001,2026-03-01T03:42:00+00:00,-11.2604543821747,°C,GOOD,SYNTHETIC_ML_DATASET,NORMAL,0
MTR,VIB_001,2026-03-01T03:42:00+00:00,0.9623976329841514,mm/s,GOOD,SYNTHETIC_ML_DATASET,NORMAL,0
MTR,HUM_001,2026-03-01T03:43:00+00:00,62.37338575297264,%,GOOD,SYNTHETIC_ML_DATASET,NORMAL,0
MTR,POWER_001,2026-03-01T03:43:00+00:00,40.823405827230104,kW,GOOD,SYNTHETIC_ML_DATASET,NORMAL,0
MTR,PRESS_001,2026-03-01T03:43:00+00:00,991.7132154935547,hPa,GOOD,SYNTHETIC_ML_DATASET,NORMAL,0
MTR,TEMP_001,2026-03-01T03:43:00+00:00,-11.302555324476696,°C,GOOD,SYNTHETIC_ML_DATASET,NORMAL,0
MTR,VIB_001,2026-03-01T03:43:00+00:00,0.9961137423261541,mm/s,GOOD,SYNTHETIC_ML_DATASET,NORMAL,0
MTR,HUM_001,2026-03-01T03:44:00+00:00,61.63359887566787,%,GOOD,SYNTHETIC_ML_DATASET,NORMAL,0
MTR,POWER_001,2026-03-01T03:44:00+00:00,40.597434032159654,kW,GOOD,SYNTHETIC_ML_DATASET,NORMAL,0
MTR,PRESS_001,2026-03-01T03:44:00+00:00,991.744235804084,hPa,GOOD,SYNTHETIC_ML_DATASET,NORMAL,0
MTR,TEMP_001,2026-03-01T03:44:00+00:00,-11.513085238148621,°C,GOOD,SYNTHETIC_ML_DATASET,NORMAL,0
MTR,VIB_001,2026-03-01T03:44:00+00:00,1.0008048103416,mm/s,GOOD,SYNTHETIC_ML_DATASET,NORMAL,0
MTR,HUM_001,2026-03-01T03:45:00+00:00,60.864469900940485,%,GOOD,SYNTHETIC_ML_DATASET,NORMAL,0
MTR,POWER_001,2026-03-01T03:45:00+00:00,40.486646286691794,kW,GOOD,SYNTHETIC_ML_DATASET,NORMAL,0
MTR,PRESS_001,2026-03-01T03:45:00+00:00,991.6381766603444,hPa,GOOD,SYNTHETIC_ML_DATASET,NORMAL,0
MTR,TEMP_001,2026-03-01T03:45:00+00:00,-11.275590820589482,°C,GOOD,SYNTHETIC_ML_DATASET,NORMAL,0
MTR,VIB_001,2026-03-01T03:45:00+00:00,1.0130332344692101,mm/s,GOOD,SYNTHETIC_ML_DATASET,NORMAL,0
MTR,HUM_001,2026-03-01T03:46:00+00:00,61.87614409102007,%,GOOD,SYNTHETIC_ML_DATASET,NORMAL,0
MTR,POWER_001,2026-03-01T03:46:00+00:00,40.11100433700707,kW,GOOD,SYNTHETIC_ML_DATASET,NORMAL,0
MTR,PRESS_001,2026-03-01T03:46:00+00:00,991.7786857291275,hPa,GOOD,SYNTHETIC_ML_DATASET,NORMAL,0
MTR,TEMP_001,2026-03-01T03:46:00+00:00,-10.985716273405403,°C,GOOD,SYNTHETIC_ML_DATASET,NORMAL,0
MTR,VIB_001,2026-03-01T03:46:00+00:00,1.021279137478149,mm/s,GOOD,SYNTHETIC_ML_DATASET,NORMAL,0
MTR,HUM_001,2026-03-01T03:47:00+00:00,61.58678008941775,%,GOOD,SYNTHETIC_ML_DATASET,NORMAL,0
MTR,POWER_001,2026-03-01T03:47:00+00:00,40.130533549544374,kW,GOOD,SYNTHETIC_ML_DATASET,NORMAL,0
MTR,PRESS_001,2026-03-01T03:47:00+00:00,991.6558628071691,hPa,GOOD,SYNTHETIC_ML_DATASET,NORMAL,0
MTR,TEMP_001,2026-03-01T03:47:00+00:00,-10.980125714551143,°C,GOOD,SYNTHETIC_ML_DATASET,NORMAL,0
MTR,VIB_001,2026-03-01T03:47:00+00:00,1.0049156750239263,mm/s,GOOD,SYNTHETIC_ML_DATASET,NORMAL,0
MTR,HUM_001,2026-03-01T03:48:00+00:00,61.565461442250026,%,GOOD,SYNTHETIC_ML_DATASET,NORMAL,0
MTR,POWER_001,2026-03-01T03:48:00+00:00,40.26450341108891,kW,GOOD,SYNTHETIC_ML_DATASET,NORMAL,0
MTR,PRESS_001,2026-03-01T03:48:00+00:00,991.7540857676083,hPa,GOOD,SYNTHETIC_ML_DATASET,NORMAL,0
MTR,TEMP_001,2026-03-01T03:48:00+00:00,-10.907440123869302,°C,GOOD,SYNTHETIC_ML_DATASET,NORMAL,0
MTR,VIB_001,2026-03-01T03:48:00+00:00,1.0115227701037708,mm/s,GOOD,SYNTHETIC_ML_DATASET,NORMAL,0
MTR,HUM_001,2026-03-01T03:49:00+00:00,61.38620524591612,%,GOOD,SYNTHETIC_ML_DATASET,NORMAL,0
MTR,POWER_001,2026-03-01T03:49:00+00:00,40.753142155972995,kW,GOOD,SYNTHETIC_ML_DATASET,NORMAL,0
MTR,PRESS_001,2026-03-01T03:49:00+00:00,991.8090033613242,hPa,GOOD,SYNTHETIC_ML_DATASET,NORMAL,0
MTR,TEMP_001,2026-03-01T03:49:00+00:00,-10.93362332314115,°C,GOOD,SYNTHETIC_ML_DATASET,NORMAL,0
MTR,VIB_001,2026-03-01T03:49:00+00:00,1.0317775679099845,mm/s,GOOD,SYNTHETIC_ML_DATASET,NORMAL,0
MTR,HUM_001,2026-03-01T03:50:00+00:00,61.28922712574776,%,GOOD,SYNTHETIC_ML_DATASET,NORMAL,0
MTR,POWER_001,2026-03-01T03:50:00+00:00,40.84115609484855,kW,GOOD,SYNTHETIC_ML_DATASET,NORMAL,0
MTR,PRESS_001,2026-03-01T03:50:00+00:00,991.7135863355512,hPa,GOOD,SYNTHETIC_ML_DATASET,NORMAL,0
MTR,TEMP_001,2026-03-01T03:50:00+00:00,-11.230755737954391,°C,GOOD,SYNTHETIC_ML_DATASET,NORMAL,0
MTR,VIB_001,2026-03-01T03:50:00+00:00,0.9860602587019736,mm/s,GOOD,SYNTHETIC_ML_DATASET,NORMAL,0
MTR,HUM_001,2026-03-01T03:51:00+00:00,59.71343516715066,%,GOOD,SYNTHETIC_ML_DATASET,NORMAL,0
MTR,POWER_001,2026-03-01T03:51:00+00:00,40.26570563294767,kW,GOOD,SYNTHETIC_ML_DATASET,NORMAL,0
MTR,PRESS_001,2026-03-01T03:51:00+00:00,991.6696392292233,hPa,GOOD,SYNTHETIC_ML_DATASET,NORMAL,0
MTR,TEMP_001,2026-03-01T03:51:00+00:00,-11.360418352286478,°C,GOOD,SYNTHETIC_ML_DATASET,NORMAL,0
MTR,VIB_001,2026-03-01T03:51:00+00:00,1.0044829494289316,mm/s,GOOD,SYNTHETIC_ML_DATASET,NORMAL,0
MTR,HUM_001,2026-03-01T03:52:00+00:00,60.184509723851946,%,GOOD,SYNTHETIC_ML_DATASET,NORMAL,0
MTR,POWER_001,2026-03-01T03:52:00+00:00,39.719738688449624,kW,GOOD,SYNTHETIC_ML_DATASET,NORMAL,0
MTR,PRESS_001,2026-03-01T03:52:00+00:00,991.767276800449,hPa,GOOD,SYNTHETIC_ML_DATASET,NORMAL,0
MTR,TEMP_001,2026-03-01T03:52:00+00:00,-11.327277974068949,°C,GOOD,SYNTHETIC_ML_DATASET,NORMAL,0
MTR,VIB_001,2026-03-01T03:52:00+00:00,0.9859028978546355,mm/s,GOOD,SYNTHETIC_ML_DATASET,NORMAL,0
MTR,HUM_001,2026-03-01T03:53:00+00:00,60.252227760260396,%,GOOD,SYNTHETIC_ML_DATASET,NORMAL,0
MTR,POWER_001,2026-03-01T03:53:00+00:00,39.612547439538844,kW,GOOD,SYNTHETIC_ML_DATASET,NORMAL,0
MTR,PRESS_001,2026-03-01T03:53:00+00:00,991.7776376663323,hPa,GOOD,SYNTHETIC_ML_DATASET,NORMAL,0
MTR,TEMP_001,2026-03-01T03:53:00+00:00,-11.021738339498741,°C,GOOD,SYNTHETIC_ML_DATASET,NORMAL,0
MTR,VIB_001,2026-03-01T03:53:00+00:00,0.9930356766682288,mm/s,GOOD,SYNTHETIC_ML_DATASET,NORMAL,0
MTR,HUM_001,2026-03-01T03:54:00+00:00,61.785321163110616,%,GOOD,SYNTHETIC_ML_DATASET,NORMAL,0
MTR,POWER_001,2026-03-01T03:54:00+00:00,39.95922179119479,kW,GOOD,SYNTHETIC_ML_DATASET,NORMAL,0
MTR,PRESS_001,2026-03-01T03:54:00+00:00,991.6952899914922,hPa,GOOD,SYNTHETIC_ML_DATASET,NORMAL,0
MTR,TEMP_001,2026-03-01T03:54:00+00:00,-11.05480485760882,°C,GOOD,SYNTHETIC_ML_DATASET,NORMAL,0
MTR,VIB_001,2026-03-01T03:54:00+00:00,0.9707957648264419,mm/s,GOOD,SYNTHETIC_ML_DATASET,NORMAL,0
MTR,HUM_001,2026-03-01T03:55:00+00:00,62.13929022953775,%,GOOD,SYNTHETIC_ML_DATASET,NORMAL,0
MTR,POWER_001,2026-03-01T03:55:00+00:00,39.69361561519724,kW,GOOD,SYNTHETIC_ML_DATASET,NORMAL,0
MTR,PRESS_001,2026-03-01T03:55:00+00:00,991.7652598440241,hPa,GOOD,SYNTHETIC_ML_DATASET,NORMAL,0
MTR,TEMP_001,2026-03-01T03:55:00+00:00,-11.267924849041924,°C,GOOD,SYNTHETIC_ML_DATASET,NORMAL,0
MTR,VIB_001,2026-03-01T03:55:00+00:00,1.010068661728965,mm/s,GOOD,SYNTHETIC_ML_DATASET,NORMAL,0
MTR,HUM_001,2026-03-01T03:56:00+00:00,62.03708942647881,%,GOOD,SYNTHETIC_ML_DATASET,NORMAL,0
MTR,POWER_001,2026-03-01T03:56:00+00:00,40.32811968812215,kW,GOOD,SYNTHETIC_ML_DATASET,NORMAL,0
MTR,PRESS_001,2026-03-01T03:56:00+00:00,991.5991654910741,hPa,GOOD,SYNTHETIC_ML_DATASET,NORMAL,0
MTR,TEMP_001,2026-03-01T03:56:00+00:00,-11.353371188743061,°C,GOOD,SYNTHETIC_ML_DATASET,NORMAL,0
MTR,VIB_001,2026-03-01T03:56:00+00:00,0.9905523586480849,mm/s,GOOD,SYNTHETIC_ML_DATASET,NORMAL,0
MTR,HUM_001,2026-03-01T03:57:00+00:00,61.01321931110147,%,GOOD,SYNTHETIC_ML_DATASET,NORMAL,0
MTR,POWER_001,2026-03-01T03:57:00+00:00,40.66445176511652,kW,GOOD,SYNTHETIC_ML_DATASET,NORMAL,0
MTR,PRESS_001,2026-03-01T03:57:00+00:00,991.6968404663282,hPa,GOOD,SYNTHETIC_ML_DATASET,NORMAL,0
MTR,TEMP_001,2026-03-01T03:57:00+00:00,-11.274509373498168,°C,GOOD,SYNTHETIC_ML_DATASET,NORMAL,0
MTR,VIB_001,2026-03-01T03:57:00+00:00,0.9693765911012018,mm/s,GOOD,SYNTHETIC_ML_DATASET,NORMAL,0
MTR,HUM_001,2026-03-01T03:58:00+00:00,61.05220045486495,%,GOOD,SYNTHETIC_ML_DATASET,NORMAL,0
MTR,POWER_001,2026-03-01T03:58:00+00:00,41.21866454029124,kW,GOOD,SYNTHETIC_ML_DATASET,NORMAL,0
MTR,PRESS_001,2026-03-01T03:58:00+00:00,991.9116923538471,hPa,GOOD,SYNTHETIC_ML_DATASET,NORMAL,0
MTR,TEMP_001,2026-03-01T03:58:00+00:00,-11.353083564223757,°C,GOOD,SYNTHETIC_ML_DATASET,NORMAL,0
MTR,VIB_001,2026-03-01T03:58:00+00:00,1.0221503890664125,mm/s,GOOD,SYNTHETIC_ML_DATASET,NORMAL,0
MTR,HUM_001,2026-03-01T03:59:00+00:00,61.953967053807,%,GOOD,SYNTHETIC_ML_DATASET,NORMAL,0
MTR,POWER_001,2026-03-01T03:59:00+00:00,41.12408969214254,kW,GOOD,SYNTHETIC_ML_DATASET,NORMAL,0
MTR,PRESS_001,2026-03-01T03:59:00+00:00,991.9761930282589,hPa,GOOD,SYNTHETIC_ML_DATASET,NORMAL,0
MTR,TEMP_001,2026-03-01T03:59:00+00:00,-11.251645100458163,°C,GOOD,SYNTHETIC_ML_DATASET,NORMAL,0
MTR,VIB_001,2026-03-01T03:59:00+00:00,1.0269754005225302,mm/s,GOOD,SYNTHETIC_ML_DATASET,NORMAL,0
MTR,HUM_001,2026-03-01T04:00:00+00:00,60.75469639942707,%,GOOD,SYNTHETIC_ML_DATASET,NORMAL,0
MTR,POWER_001,2026-03-01T04:00:00+00:00,41.591384377197265,kW,GOOD,SYNTHETIC_ML_DATASET,NORMAL,0
MTR,PRESS_001,2026-03-01T04:00:00+00:00,991.7074806528839,hPa,GOOD,SYNTHETIC_ML_DATASET,NORMAL,0
MTR,TEMP_001,2026-03-01T04:00:00+00:00,-11.351962089790009,°C,GOOD,SYNTHETIC_ML_DATASET,NORMAL,0
MTR,VIB_001,2026-03-01T04:00:00+00:00,1.0332882892025224,mm/s,GOOD,SYNTHETIC_ML_DATASET,NORMAL,0
MTR,HUM_001,2026-03-01T04:01:00+00:00,62.1062725834114,%,GOOD,SYNTHETIC_ML_DATASET,NORMAL,0
MTR,POWER_001,2026-03-01T04:01:00+00:00,41.22838109802325,kW,GOOD,SYNTHETIC_ML_DATASET,NORMAL,0
MTR,PRESS_001,2026-03-01T04:01:00+00:00,991.6195980801639,hPa,GOOD,SYNTHETIC_ML_DATASET,NORMAL,0
MTR,TEMP_001,2026-03-01T04:01:00+00:00,-11.65326344009613,°C,GOOD,SYNTHETIC_ML_DATASET,NORMAL,0
MTR,VIB_001,2026-03-01T04:01:00+00:00,0.9604048820694275,mm/s,GOOD,SYNTHETIC_ML_DATASET,NORMAL,0
MTR,HUM_001,2026-03-01T04:02:00+00:00,61.38261696795477,%,GOOD,SYNTHETIC_ML_DATASET,NORMAL,0
MTR,POWER_001,2026-03-01T04:02:00+00:00,42.313366629817274,kW,GOOD,SYNTHETIC_ML_DATASET,NORMAL,0
MTR,PRESS_001,2026-03-01T04:02:00+00:00,991.9679169180895,hPa,GOOD,SYNTHETIC_ML_DATASET,NORMAL,0
MTR,TEMP_001,2026-03-01T04:02:00+00:00,-11.423132893810978,°C,GOOD,SYNTHETIC_ML_DATASET,NORMAL,0
MTR,VIB_001,2026-03-01T04:02:00+00:00,0.9589159226703374,mm/s,GOOD,SYNTHETIC_ML_DATASET,NORMAL,0
MTR,HUM_001,2026-03-01T04:03:00+00:00,60.720641108167875,%,GOOD,SYNTHETIC_ML_DATASET,NORMAL,0
MTR,POWER_001,2026-03-01T04:03:00+00:00,40.82200822109472,kW,GOOD,SYNTHETIC_ML_DATASET,NORMAL,0
MTR,PRESS_001,2026-03-01T04:03:00+00:00,991.9214046735774,hPa,GOOD,SYNTHETIC_ML_DATASET,NORMAL,0
MTR,TEMP_001,2026-03-01T04:03:00+00:00,-11.844293283939345,°C,GOOD,SYNTHETIC_ML_DATASET,NORMAL,0
MTR,VIB_001,2026-03-01T04:03:00+00:00,0.967603959264864,mm/s,GOOD,SYNTHETIC_ML_DATASET,NORMAL,0
MTR,HUM_001,2026-03-01T04:04:00+00:00,60.13220767430736,%,GOOD,SYNTHETIC_ML_DATASET,NORMAL,0
MTR,POWER_001,2026-03-01T04:04:00+00:00,41.22700989789492,kW,GOOD,SYNTHETIC_ML_DATASET,NORMAL,0
MTR,PRESS_001,2026-03-01T04:04:00+00:00,991.910034901906,hPa,GOOD,SYNTHETIC_ML_DATASET,NORMAL,0
MTR,TEMP_001,2026-03-01T04:04:00+00:00,-11.377603968074292,°C,GOOD,SYNTHETIC_ML_DATASET,NORMAL,0
MTR,VIB_001,2026-03-01T04:04:00+00:00,0.9737332884545067,mm/s,GOOD,SYNTHETIC_ML_DATASET,NORMAL,0
MTR,HUM_001,2026-03-01T04:05:00+00:00,60.59603549235185,%,GOOD,SYNTHETIC_ML_DATASET,NORMAL,0
MTR,POWER_001,2026-03-01T04:05:00+00:00,40.86488712160331,kW,GOOD,SYNTHETIC_ML_DATASET,NORMAL,0
MTR,PRESS_001,2026-03-01T04:05:00+00:00,991.9200759546618,hPa,GOOD,SYNTHETIC_ML_DATASET,NORMAL,0
MTR,TEMP_001,2026-03-01T04:05:00+00:00,-11.612666734821302,°C,GOOD,SYNTHETIC_ML_DATASET,NORMAL,0
MTR,VIB_001,2026-03-01T04:05:00+00:00,0.9626643703145593,mm/s,GOOD,SYNTHETIC_ML_DATASET,NORMAL,0
MTR,HUM_001,2026-03-01T04:06:00+00:00,60.84251153711429,%,GOOD,SYNTHETIC_ML_DATASET,NORMAL,0
MTR,POWER_001,2026-03-01T04:06:00+00:00,41.37406988363535,kW,GOOD,SYNTHETIC_ML_DATASET,NORMAL,0
MTR,PRESS_001,2026-03-01T04:06:00+00:00,992.048137318542,hPa,GOOD,SYNTHETIC_ML_DATASET,NORMAL,0
MTR,TEMP_001,2026-03-01T04:06:00+00:00,-11.755265945319836,°C,GOOD,SYNTHETIC_ML_DATASET,NORMAL,0
MTR,VIB_001,2026-03-01T04:06:00+00:00,0.9728689493936711,mm/s,GOOD,SYNTHETIC_ML_DATASET,NORMAL,0
MTR,HUM_001,2026-03-01T04:07:00+00:00,60.360992629373385,%,GOOD,SYNTHETIC_ML_DATASET,NORMAL,0
MTR,POWER_001,2026-03-01T04:07:00+00:00,41.16164934069862,kW,GOOD,SYNTHETIC_ML_DATASET,NORMAL,0
MTR,PRESS_001,2026-03-01T04:07:00+00:00,991.9232652115533,hPa,GOOD,SYNTHETIC_ML_DATASET,NORMAL,0
MTR,TEMP_001,2026-03-01T04:07:00+00:00,-11.735204070410884,°C,GOOD,SYNTHETIC_ML_DATASET,NORMAL,0
MTR,VIB_001,2026-03-01T04:07:00+00:00,0.9265756688501094,mm/s,GOOD,SYNTHETIC_ML_DATASET,NORMAL,0
MTR,HUM_001,2026-03-01T04:08:00+00:00,60.49124040164176,%,GOOD,SYNTHETIC_ML_DATASET,NORMAL,0
MTR,POWER_001,2026-03-01T04:08:00+00:00,41.549506374046075,kW,GOOD,SYNTHETIC_ML_DATASET,NORMAL,0
MTR,PRESS_001,2026-03-01T04:08:00+00:00,991.7556190159619,hPa,GOOD,SYNTHETIC_ML_DATASET,NORMAL,0
MTR,TEMP_001,2026-03-01T04:08:00+00:00,-11.19434771966752,°C,GOOD,SYNTHETIC_ML_DATASET,NORMAL,0
MTR,VIB_001,2026-03-01T04:08:00+00:00,0.943849720386569,mm/s,GOOD,SYNTHETIC_ML_DATASET,NORMAL,0
MTR,HUM_001,2026-03-01T04:09:00+00:00,60.13720038996953,%,GOOD,SYNTHETIC_ML_DATASET,NORMAL,0
MTR,POWER_001,2026-03-01T04:09:00+00:00,41.21490436411952,kW,GOOD,SYNTHETIC_ML_DATASET,NORMAL,0
MTR,PRESS_001,2026-03-01T04:09:00+00:00,991.7159831131049,hPa,GOOD,SYNTHETIC_ML_DATASET,NORMAL,0
MTR,TEMP_001,2026-03-01T04:09:00+00:00,-11.488531955842285,°C,GOOD,SYNTHETIC_ML_DATASET,NORMAL,0
MTR,VIB_001,2026-03-01T04:09:00+00:00,0.940284008359182,mm/s,GOOD,SYNTHETIC_ML_DATASET,NORMAL,0
MTR,HUM_001,2026-03-01T04:10:00+00:00,60.726528659211574,%,GOOD,SYNTHETIC_ML_DATASET,NORMAL,0
MTR,POWER_001,2026-03-01T04:10:00+00:00,41.38923503297745,kW,GOOD,SYNTHETIC_ML_DATASET,NORMAL,0
MTR,PRESS_001,2026-03-01T04:10:00+00:00,992.0580866506285,hPa,GOOD,SYNTHETIC_ML_DATASET,NORMAL,0
MTR,TEMP_001,2026-03-01T04:10:00+00:00,-11.151673920069104,°C,GOOD,SYNTHETIC_ML_DATASET,NORMAL,0
MTR,VIB_001,2026-03-01T04:10:00+00:00,0.9867961986285148,mm/s,GOOD,SYNTHETIC_ML_DATASET,NORMAL,0
MTR,HUM_001,2026-03-01T04:11:00+00:00,59.235488018585535,%,GOOD,SYNTHETIC_ML_DATASET,NORMAL,0
MTR,POWER_001,2026-03-01T04:11:00+00:00,40.95086056668422,kW,GOOD,SYNTHETIC_ML_DATASET,NORMAL,0
MTR,PRESS_001,2026-03-01T04:11:00+00:00,991.7683228439229,hPa,GOOD,SYNTHETIC_ML_DATASET,NORMAL,0
MTR,TEMP_001,2026-03-01T04:11:00+00:00,-11.021098227216049,°C,GOOD,SYNTHETIC_ML_DATASET,NORMAL,0
MTR,VIB_001,2026-03-01T04:11:00+00:00,0.9804103466118568,mm/s,GOOD,SYNTHETIC_ML_DATASET,NORMAL,0
MTR,HUM_001,2026-03-01T04:12:00+00:00,60.59054374687118,%,GOOD,SYNTHETIC_ML_DATASET,NORMAL,0
MTR,POWER_001,2026-03-01T04:12:00+00:00,40.72474548714759,kW,GOOD,SYNTHETIC_ML_DATASET,NORMAL,0
MTR,PRESS_001,2026-03-01T04:12:00+00:00,991.9453777185059,hPa,GOOD,SYNTHETIC_ML_DATASET,NORMAL,0
MTR,TEMP_001,2026-03-01T04:12:00+00:00,-11.157291092967435,°C,GOOD,SYNTHETIC_ML_DATASET,NORMAL,0
MTR,VIB_001,2026-03-01T04:12:00+00:00,0.9584248580210399,mm/s,GOOD,SYNTHETIC_ML_DATASET,NORMAL,0
MTR,HUM_001,2026-03-01T04:13:00+00:00,59.89532495160118,%,GOOD,SYNTHETIC_ML_DATASET,NORMAL,0
MTR,POWER_001,2026-03-01T04:13:00+00:00,40.62398648144532,kW,GOOD,SYNTHETIC_ML_DATASET,NORMAL,0
MTR,PRESS_001,2026-03-01T04:13:00+00:00,991.9579113244133,hPa,GOOD,SYNTHETIC_ML_DATASET,NORMAL,0
MTR,TEMP_001,2026-03-01T04:13:00+00:00,-11.089073641164164,°C,GOOD,SYNTHETIC_ML_DATASET,NORMAL,0
MTR,VIB_001,2026-03-01T04:13:00+00:00,0.9758012041164922,mm/s,GOOD,SYNTHETIC_ML_DATASET,NORMAL,0
MTR,HUM_001,2026-03-01T04:14:00+00:00,60.00781158511043,%,GOOD,SYNTHETIC_ML_DATASET,NORMAL,0
MTR,POWER_001,2026-03-01T04:14:00+00:00,40.71061082057473,kW,GOOD,SYNTHETIC_ML_DATASET,NORMAL,0
MTR,PRESS_001,2026-03-01T04:14:00+00:00,991.9384600251221,hPa,GOOD,SYNTHETIC_ML_DATASET,NORMAL,0
MTR,TEMP_001,2026-03-01T04:14:00+00:00,-11.242152013622631,°C,GOOD,SYNTHETIC_ML_DATASET,NORMAL,0
MTR,VIB_001,2026-03-01T04:14:00+00:00,0.9841220605154755,mm/s,GOOD,SYNTHETIC_ML_DATASET,NORMAL,0
MTR,HUM_001,2026-03-01T04:15:00+00:00,60.56298169785079,%,GOOD,SYNTHETIC_ML_DATASET,NORMAL,0
MTR,POWER_001,2026-03-01T04:15:00+00:00,41.29597601161578,kW,GOOD,SYNTHETIC_ML_DATASET,NORMAL,0
MTR,PRESS_001,2026-03-01T04:15:00+00:00,991.9499660230869,hPa,GOOD,SYNTHETIC_ML_DATASET,NORMAL,0
MTR,TEMP_001,2026-03-01T04:15:00+00:00,-11.136971197508604,°C,GOOD,SYNTHETIC_ML_DATASET,NORMAL,0
MTR,VIB_001,2026-03-01T04:15:00+00:00,0.969309474113648,mm/s,GOOD,SYNTHETIC_ML_DATASET,NORMAL,0
MTR,HUM_001,2026-03-01T04:16:00+00:00,61.72008695788348,%,GOOD,SYNTHETIC_ML_DATASET,NORMAL,0
MTR,POWER_001,2026-03-01T04:16:00+00:00,40.780137691057,kW,GOOD,SYNTHETIC_ML_DATASET,NORMAL,0
MTR,PRESS_001,2026-03-01T04:16:00+00:00,991.6717663741406,hPa,GOOD,SYNTHETIC_ML_DATASET,NORMAL,0
MTR,TEMP_001,2026-03-01T04:16:00+00:00,-10.885904703113958,°C,GOOD,SYNTHETIC_ML_DATASET,NORMAL,0
MTR,VIB_001,2026-03-01T04:16:00+00:00,0.9590259913966594,mm/s,GOOD,SYNTHETIC_ML_DATASET,NORMAL,0
MTR,HUM_001,2026-03-01T04:17:00+00:00,62.86332990967863,%,GOOD,SYNTHETIC_ML_DATASET,NORMAL,0
MTR,POWER_001,2026-03-01T04:17:00+00:00,40.699894287935756,kW,GOOD,SYNTHETIC_ML_DATASET,NORMAL,0
MTR,PRESS_001,2026-03-01T04:17:00+00:00,991.731573611568,hPa,GOOD,SYNTHETIC_ML_DATASET,NORMAL,0
MTR,TEMP_001,2026-03-01T04:17:00+00:00,-11.026467457888288,°C,GOOD,SYNTHETIC_ML_DATASET,NORMAL,0
MTR,VIB_001,2026-03-01T04:17:00+00:00,0.98176862783867,mm/s,GOOD,SYNTHETIC_ML_DATASET,NORMAL,0
MTR,HUM_001,2026-03-01T04:18:00+00:00,61.96789714811232,%,GOOD,SYNTHETIC_ML_DATASET,NORMAL,0
MTR,POWER_001,2026-03-01T04:18:00+00:00,40.27106604848308,kW,GOOD,SYNTHETIC_ML_DATASET,NORMAL,0
MTR,PRESS_001,2026-03-01T04:18:00+00:00,991.639081089433,hPa,GOOD,SYNTHETIC_ML_DATASET,NORMAL,0
MTR,TEMP_001,2026-03-01T04:18:00+00:00,-10.779175756132439,°C,GOOD,SYNTHETIC_ML_DATASET,NORMAL,0
MTR,VIB_001,2026-03-01T04:18:00+00:00,0.9813785530992416,mm/s,GOOD,SYNTHETIC_ML_DATASET,NORMAL,0
MTR,HUM_001,2026-03-01T04:19:00+00:00,62.41391641472844,%,GOOD,SYNTHETIC_ML_DATASET,NORMAL,0
MTR,POWER_001,2026-03-01T04:19:00+00:00,40.55012929627981,kW,GOOD,SYNTHETIC_ML_DATASET,NORMAL,0
MTR,PRESS_001,2026-03-01T04:19:00+00:00,991.8887190418484,hPa,GOOD,SYNTHETIC_ML_DATASET,NORMAL,0
MTR,TEMP_001,2026-03-01T04:19:00+00:00,-11.213190032808079,°C,GOOD,SYNTHETIC_ML_DATASET,NORMAL,0
MTR,VIB_001,2026-03-01T04:19:00+00:00,0.986345288215995,mm/s,GOOD,SYNTHETIC_ML_DATASET,NORMAL,0
MTR,HUM_001,2026-03-01T04:20:00+00:00,61.06733179919706,%,GOOD,SYNTHETIC_ML_DATASET,NORMAL,0
MTR,POWER_001,2026-03-01T04:20:00+00:00,40.336264159530906,kW,GOOD,SYNTHETIC_ML_DATASET,NORMAL,0
MTR,PRESS_001,2026-03-01T04:20:00+00:00,991.7175769006888,hPa,GOOD,SYNTHETIC_ML_DATASET,NORMAL,0
MTR,TEMP_001,2026-03-01T04:20:00+00:00,-11.012145513419117,°C,GOOD,SYNTHETIC_ML_DATASET,NORMAL,0
MTR,VIB_001,2026-03-01T04:20:00+00:00,0.9922011391445401,mm/s,GOOD,SYNTHETIC_ML_DATASET,NORMAL,0
MTR,HUM_001,2026-03-01T04:21:00+00:00,62.209785898622094,%,GOOD,SYNTHETIC_ML_DATASET,NORMAL,0
MTR,POWER_001,2026-03-01T04:21:00+00:00,40.74777150395802,kW,GOOD,SYNTHETIC_ML_DATASET,NORMAL,0
MTR,PRESS_001,2026-03-01T04:21:00+00:00,991.7570942347212,hPa,GOOD,SYNTHETIC_ML_DATASET,NORMAL,0
MTR,TEMP_001,2026-03-01T04:21:00+00:00,-11.147043949959173,°C,GOOD,SYNTHETIC_ML_DATASET,NORMAL,0
MTR,VIB_001,2026-03-01T04:21:00+00:00,0.9898309625298716,mm/s,GOOD,SYNTHETIC_ML_DATASET,NORMAL,0
MTR,HUM_001,2026-03-01T04:22:00+00:00,61.95507577699099,%,GOOD,SYNTHETIC_ML_DATASET,NORMAL,0
MTR,POWER_001,2026-03-01T04:22:00+00:00,40.72197298102228,kW,GOOD,SYNTHETIC_ML_DATASET,NORMAL,0
MTR,PRESS_001,2026-03-01T04:22:00+00:00,991.9002921685317,hPa,GOOD,SYNTHETIC_ML_DATASET,NORMAL,0
MTR,TEMP_001,2026-03-01T04:22:00+00:00,-11.008445776094671,°C,GOOD,SYNTHETIC_ML_DATASET,NORMAL,0
MTR,VIB_001,2026-03-01T04:22:00+00:00,0.9734218744897207,mm/s,GOOD,SYNTHETIC_ML_DATASET,NORMAL,0
MTR,HUM_001,2026-03-01T04:23:00+00:00,62.2999837096503,%,GOOD,SYNTHETIC_ML_DATASET,NORMAL,0
MTR,POWER_001,2026-03-01T04:23:00+00:00,40.43089814459187,kW,GOOD,SYNTHETIC_ML_DATASET,NORMAL,0
MTR,PRESS_001,2026-03-01T04:23:00+00:00,991.8897092937598,hPa,GOOD,SYNTHETIC_ML_DATASET,NORMAL,0
MTR,TEMP_001,2026-03-01T04:23:00+00:00,-11.220188143120735,°C,GOOD,SYNTHETIC_ML_DATASET,NORMAL,0
MTR,VIB_001,2026-03-01T04:23:00+00:00,0.9793550580998074,mm/s,GOOD,SYNTHETIC_ML_DATASET,NORMAL,0
MTR,HUM_001,2026-03-01T04:24:00+00:00,62.75650153936179,%,GOOD,SYNTHETIC_ML_DATASET,NORMAL,0
MTR,POWER_001,2026-03-01T04:24:00+00:00,40.42725264268376,kW,GOOD,SYNTHETIC_ML_DATASET,NORMAL,0
MTR,PRESS_001,2026-03-01T04:24:00+00:00,991.8116710743599,hPa,GOOD,SYNTHETIC_ML_DATASET,NORMAL,0
MTR,TEMP_001,2026-03-01T04:24:00+00:00,-11.099867559159877,°C,GOOD,SYNTHETIC_ML_DATASET,NORMAL,0
MTR,VIB_001,2026-03-01T04:24:00+00:00,0.996698852000946,mm/s,GOOD,SYNTHETIC_ML_DATASET,NORMAL,0
MTR,HUM_001,2026-03-01T04:25:00+00:00,62.29937302968231,%,GOOD,SYNTHETIC_ML_DATASET,NORMAL,0
MTR,POWER_001,2026-03-01T04:25:00+00:00,41.19344226749252,kW,GOOD,SYNTHETIC_ML_DATASET,NORMAL,0
MTR,PRESS_001,2026-03-01T04:25:00+00:00,992.0364404374138,hPa,GOOD,SYNTHETIC_ML_DATASET,NORMAL,0
MTR,TEMP_001,2026-03-01T04:25:00+00:00,-10.993750562960582,°C,GOOD,SYNTHETIC_ML_DATASET,NORMAL,0
MTR,VIB_001,2026-03-01T04:25:00+00:00,0.9778134353588316,mm/s,GOOD,SYNTHETIC_ML_DATASET,NORMAL,0
MTR,HUM_001,2026-03-01T04:26:00+00:00,62.2894039244112,%,GOOD,SYNTHETIC_ML_DATASET,NORMAL,0
MTR,POWER_001,2026-03-01T04:26:00+00:00,40.22976653127523,kW,GOOD,SYNTHETIC_ML_DATASET,NORMAL,0
MTR,PRESS_001,2026-03-01T04:26:00+00:00,991.5809543110834,hPa,GOOD,SYNTHETIC_ML_DATASET,NORMAL,0
MTR,TEMP_001,2026-03-01T04:26:00+00:00,-11.067668668094235,°C,GOOD,SYNTHETIC_ML_DATASET,NORMAL,0
MTR,VIB_001,2026-03-01T04:26:00+00:00,0.9563564134778174,mm/s,GOOD,SYNTHETIC_ML_DATASET,NORMAL,0
MTR,HUM_001,2026-03-01T04:27:00+00:00,62.47843815724781,%,GOOD,SYNTHETIC_ML_DATASET,NORMAL,0
MTR,POWER_001,2026-03-01T04:27:00+00:00,39.68437286876464,kW,GOOD,SYNTHETIC_ML_DATASET,NORMAL,0
MTR,PRESS_001,2026-03-01T04:27:00+00:00,991.8742925823028,hPa,GOOD,SYNTHETIC_ML_DATASET,NORMAL,0
MTR,TEMP_001,2026-03-01T04:27:00+00:00,-10.812571377944318,°C,GOOD,SYNTHETIC_ML_DATASET,NORMAL,0
MTR,VIB_001,2026-03-01T04:27:00+00:00,0.9729979297453506,mm/s,GOOD,SYNTHETIC_ML_DATASET,NORMAL,0
MTR,HUM_001,2026-03-01T04:28:00+00:00,62.87093207568917,%,GOOD,SYNTHETIC_ML_DATASET,NORMAL,0
MTR,POWER_001,2026-03-01T04:28:00+00:00,40.74227255957006,kW,GOOD,SYNTHETIC_ML_DATASET,NORMAL,0
MTR,PRESS_001,2026-03-01T04:28:00+00:00,992.0101383912918,hPa,GOOD,SYNTHETIC_ML_DATASET,NORMAL,0
MTR,TEMP_001,2026-03-01T04:28:00+00:00,-10.79971438353799,°C,GOOD,SYNTHETIC_ML_DATASET,NORMAL,0
MTR,VIB_001,2026-03-01T04:28:00+00:00,0.9762794292358918,mm/s,GOOD,SYNTHETIC_ML_DATASET,NORMAL,0
MTR,HUM_001,2026-03-01T04:29:00+00:00,61.89908694929602,%,GOOD,SYNTHETIC_ML_DATASET,NORMAL,0
MTR,POWER_001,2026-03-01T04:29:00+00:00,40.40545640057253,kW,GOOD,SYNTHETIC_ML_DATASET,NORMAL,0
MTR,PRESS_001,2026-03-01T04:29:00+00:00,992.0174701861122,hPa,GOOD,SYNTHETIC_ML_DATASET,NORMAL,0
MTR,TEMP_001,2026-03-01T04:29:00+00:00,-10.798689941133972,°C,GOOD,SYNTHETIC_ML_DATASET,NORMAL,0
MTR,VIB_001,2026-03-01T04:29:00+00:00,0.9725133886050253,mm/s,GOOD,SYNTHETIC_ML_DATASET,NORMAL,0
MTR,HUM_001,2026-03-01T04:30:00+00:00,61.865575377315345,%,GOOD,SYNTHETIC_ML_DATASET,NORMAL,0
MTR,POWER_001,2026-03-01T04:30:00+00:00,41.512195207628565,kW,GOOD,SYNTHETIC_ML_DATASET,NORMAL,0
MTR,PRESS_001,2026-03-01T04:30:00+00:00,992.2615051779811,hPa,GOOD,SYNTHETIC_ML_DATASET,NORMAL,0
MTR,TEMP_001,2026-03-01T04:30:00+00:00,-10.728503891538214,°C,GOOD,SYNTHETIC_ML_DATASET,NORMAL,0
MTR,VIB_001,2026-03-01T04:30:00+00:00,0.9608163228373373,mm/s,GOOD,SYNTHETIC_ML_DATASET,NORMAL,0
MTR,HUM_001,2026-03-01T04:31:00+00:00,62.27088163468314,%,GOOD,SYNTHETIC_ML_DATASET,NORMAL,0
MTR,POWER_001,2026-03-01T04:31:00+00:00,41.20497294161344,kW,GOOD,SYNTHETIC_ML_DATASET,NORMAL,0
MTR,PRESS_001,2026-03-01T04:31:00+00:00,992.0639323795308,hPa,GOOD,SYNTHETIC_ML_DATASET,NORMAL,0
MTR,TEMP_001,2026-03-01T04:31:00+00:00,-10.69823452231586,°C,GOOD,SYNTHETIC_ML_DATASET,NORMAL,0
MTR,VIB_001,2026-03-01T04:31:00+00:00,0.9794488200787698,mm/s,GOOD,SYNTHETIC_ML_DATASET,NORMAL,0
MTR,HUM_001,2026-03-01T04:32:00+00:00,62.12160446967941,%,GOOD,SYNTHETIC_ML_DATASET,NORMAL,0
MTR,POWER_001,2026-03-01T04:32:00+00:00,41.99061228856128,kW,GOOD,SYNTHETIC_ML_DATASET,NORMAL,0
MTR,PRESS_001,2026-03-01T04:32:00+00:00,992.2064764727636,hPa,GOOD,SYNTHETIC_ML_DATASET,NORMAL,0
MTR,TEMP_001,2026-03-01T04:32:00+00:00,-10.953131057738128,°C,GOOD,SYNTHETIC_ML_DATASET,NORMAL,0
MTR,VIB_001,2026-03-01T04:32:00+00:00,0.9905775206106574,mm/s,GOOD,SYNTHETIC_ML_DATASET,NORMAL,0
MTR,HUM_001,2026-03-01T04:33:00+00:00,62.922455456320215,%,GOOD,SYNTHETIC_ML_DATASET,NORMAL,0
MTR,POWER_001,2026-03-01T04:33:00+00:00,41.85215520538866,kW,GOOD,SYNTHETIC_ML_DATASET,NORMAL,0
MTR,PRESS_001,2026-03-01T04:33:00+00:00,992.2395423409259,hPa,GOOD,SYNTHETIC_ML_DATASET,NORMAL,0
MTR,TEMP_001,2026-03-01T04:33:00+00:00,-10.63304669406176,°C,GOOD,SYNTHETIC_ML_DATASET,NORMAL,0
MTR,VIB_001,2026-03-01T04:33:00+00:00,0.9743830581085573,mm/s,GOOD,SYNTHETIC_ML_DATASET,NORMAL,0
MTR,HUM_001,2026-03-01T04:34:00+00:00,62.969915917199714,%,GOOD,SYNTHETIC_ML_DATASET,NORMAL,0
MTR,POWER_001,2026-03-01T04:34:00+00:00,41.21152994586563,kW,GOOD,SYNTHETIC_ML_DATASET,NORMAL,0
MTR,PRESS_001,2026-03-01T04:34:00+00:00,992.420429027896,hPa,GOOD,SYNTHETIC_ML_DATASET,NORMAL,0
MTR,TEMP_001,2026-03-01T04:34:00+00:00,-10.616556586438021,°C,GOOD,SYNTHETIC_ML_DATASET,NORMAL,0
MTR,VIB_001,2026-03-01T04:34:00+00:00,0.9774719005235984,mm/s,GOOD,SYNTHETIC_ML_DATASET,NORMAL,0
MTR,HUM_001,2026-03-01T04:35:00+00:00,63.28901949326299,%,GOOD,SYNTHETIC_ML_DATASET,NORMAL,0
MTR,POWER_001,2026-03-01T04:35:00+00:00,41.452275694572855,kW,GOOD,SYNTHETIC_ML_DATASET,NORMAL,0
MTR,PRESS_001,2026-03-01T04:35:00+00:00,992.2907407629975,hPa,GOOD,SYNTHETIC_ML_DATASET,NORMAL,0
MTR,TEMP_001,2026-03-01T04:35:00+00:00,-10.492368165847374,°C,GOOD,SYNTHETIC_ML_DATASET,NORMAL,0
MTR,VIB_001,2026-03-01T04:35:00+00:00,0.9658495237933904,mm/s,GOOD,SYNTHETIC_ML_DATASET,NORMAL,0
MTR,HUM_001,2026-03-01T04:36:00+00:00,64.07018265447864,%,GOOD,SYNTHETIC_ML_DATASET,NORMAL,0
MTR,POWER_001,2026-03-01T04:36:00+00:00,40.952152039917976,kW,GOOD,SYNTHETIC_ML_DATASET,NORMAL,0
MTR,PRESS_001,2026-03-01T04:36:00+00:00,992.3110558255547,hPa,GOOD,SYNTHETIC_ML_DATASET,NORMAL,0
MTR,TEMP_001,2026-03-01T04:36:00+00:00,-10.659718999190284,°C,GOOD,SYNTHETIC_ML_DATASET,NORMAL,0
MTR,VIB_001,2026-03-01T04:36:00+00:00,0.9902653989536565,mm/s,GOOD,SYNTHETIC_ML_DATASET,NORMAL,0
MTR,HUM_001,2026-03-01T04:37:00+00:00,63.51939646346966,%,GOOD,SYNTHETIC_ML_DATASET,NORMAL,0
MTR,POWER_001,2026-03-01T04:37:00+00:00,40.31949626496045,kW,GOOD,SYNTHETIC_ML_DATASET,NORMAL,0
MTR,PRESS_001,2026-03-01T04:37:00+00:00,992.316484039399,hPa,GOOD,SYNTHETIC_ML_DATASET,NORMAL,0
MTR,TEMP_001,2026-03-01T04:37:00+00:00,-10.459889393117285,°C,GOOD,SYNTHETIC_ML_DATASET,NORMAL,0
MTR,VIB_001,2026-03-01T04:37:00+00:00,0.9555107281930186,mm/s,GOOD,SYNTHETIC_ML_DATASET,NORMAL,0
MTR,HUM_001,2026-03-01T04:38:00+00:00,63.81038255226596,%,GOOD,SYNTHETIC_ML_DATASET,NORMAL,0
MTR,POWER_001,2026-03-01T04:38:00+00:00,40.05937044603146,kW,GOOD,SYNTHETIC_ML_DATASET,NORMAL,0
MTR,PRESS_001,2026-03-01T04:38:00+00:00,992.5336608180321,hPa,GOOD,SYNTHETIC_ML_DATASET,NORMAL,0
MTR,TEMP_001,2026-03-01T04:38:00+00:00,-10.516340770715537,°C,GOOD,SYNTHETIC_ML_DATASET,NORMAL,0
MTR,VIB_001,2026-03-01T04:38:00+00:00,0.9820754640263254,mm/s,GOOD,SYNTHETIC_ML_DATASET,NORMAL,0
MTR,HUM_001,2026-03-01T04:39:00+00:00,63.39045079933822,%,GOOD,SYNTHETIC_ML_DATASET,NORMAL,0
MTR,POWER_001,2026-03-01T04:39:00+00:00,40.44299493777844,kW,GOOD,SYNTHETIC_ML_DATASET,NORMAL,0
MTR,PRESS_001,2026-03-01T04:39:00+00:00,992.5243178535629,hPa,GOOD,SYNTHETIC_ML_DATASET,NORMAL,0
MTR,TEMP_001,2026-03-01T04:39:00+00:00,-10.573905671065107,°C,GOOD,SYNTHETIC_ML_DATASET,NORMAL,0
MTR,VIB_001,2026-03-01T04:39:00+00:00,0.9636873250256581,mm/s,GOOD,SYNTHETIC_ML_DATASET,NORMAL,0
MTR,HUM_001,2026-03-01T04:40:00+00:00,63.108497151683025,%,GOOD,SYNTHETIC_ML_DATASET,NORMAL,0
MTR,POWER_001,2026-03-01T04:40:00+00:00,41.23797263518835,kW,GOOD,SYNTHETIC_ML_DATASET,NORMAL,0
MTR,PRESS_001,2026-03-01T04:40:00+00:00,992.4646407761154,hPa,GOOD,SYNTHETIC_ML_DATASET,NORMAL,0
MTR,TEMP_001,2026-03-01T04:40:00+00:00,-10.331855453461543,°C,GOOD,SYNTHETIC_ML_DATASET,NORMAL,0
MTR,VIB_001,2026-03-01T04:40:00+00:00,0.9577469455274706,mm/s,GOOD,SYNTHETIC_ML_DATASET,NORMAL,0
MTR,HUM_001,2026-03-01T04:41:00+00:00,63.14198979791021,%,GOOD,SYNTHETIC_ML_DATASET,NORMAL,0
MTR,POWER_001,2026-03-01T04:41:00+00:00,41.29978644783768,kW,GOOD,SYNTHETIC_ML_DATASET,NORMAL,0
MTR,PRESS_001,2026-03-01T04:41:00+00:00,992.2031322421743,hPa,GOOD,SYNTHETIC_ML_DATASET,NORMAL,0
MTR,TEMP_001,2026-03-01T04:41:00+00:00,-10.978039208616863,°C,GOOD,SYNTHETIC_ML_DATASET,NORMAL,0
MTR,VIB_001,2026-03-01T04:41:00+00:00,0.9682927015894404,mm/s,GOOD,SYNTHETIC_ML_DATASET,NORMAL,0
MTR,HUM_001,2026-03-01T04:42:00+00:00,62.45655462958259,%,GOOD,SYNTHETIC_ML_DATASET,NORMAL,0
MTR,POWER_001,2026-03-01T04:42:00+00:00,40.62732155848447,kW,GOOD,SYNTHETIC_ML_DATASET,NORMAL,0
MTR,PRESS_001,2026-03-01T04:42:00+00:00,992.2910625364894,hPa,GOOD,SYNTHETIC_ML_DATASET,NORMAL,0
MTR,TEMP_001,2026-03-01T04:42:00+00:00,-10.862265997276843,°C,GOOD,SYNTHETIC_ML_DATASET,NORMAL,0
MTR,VIB_001,2026-03-01T04:42:00+00:00,0.9624173695530085,mm/s,GOOD,SYNTHETIC_ML_DATASET,NORMAL,0
MTR,HUM_001,2026-03-01T04:43:00+00:00,62.51092818770859,%,GOOD,SYNTHETIC_ML_DATASET,NORMAL,0
MTR,POWER_001,2026-03-01T04:43:00+00:00,40.61247271902403,kW,GOOD,SYNTHETIC_ML_DATASET,NORMAL,0
MTR,PRESS_001,2026-03-01T04:43:00+00:00,992.2012277879456,hPa,GOOD,SYNTHETIC_ML_DATASET,NORMAL,0
MTR,TEMP_001,2026-03-01T04:43:00+00:00,-10.424940013510781,°C,GOOD,SYNTHETIC_ML_DATASET,NORMAL,0
MTR,VIB_001,2026-03-01T04:43:00+00:00,0.978852720840471,mm/s,GOOD,SYNTHETIC_ML_DATASET,NORMAL,0
MTR,HUM_001,2026-03-01T04:44:00+00:00,64.31669746233162,%,GOOD,SYNTHETIC_ML_DATASET,NORMAL,0
MTR,POWER_001,2026-03-01T04:44:00+00:00,40.47917931227984,kW,GOOD,SYNTHETIC_ML_DATASET,NORMAL,0
MTR,PRESS_001,2026-03-01T04:44:00+00:00,992.1647552707494,hPa,GOOD,SYNTHETIC_ML_DATASET,NORMAL,0
MTR,TEMP_001,2026-03-01T04:44:00+00:00,-10.638890730467976,°C,GOOD,SYNTHETIC_ML_DATASET,NORMAL,0
MTR,VIB_001,2026-03-01T04:44:00+00:00,0.9521770929270506,mm/s,GOOD,SYNTHETIC_ML_DATASET,NORMAL,0
MTR,HUM_001,2026-03-01T04:45:00+00:00,62.60944716102433,%,GOOD,SYNTHETIC_ML_DATASET,NORMAL,0
MTR,POWER_001,2026-03-01T04:45:00+00:00,40.74038821861273,kW,GOOD,SYNTHETIC_ML_DATASET,NORMAL,0
MTR,PRESS_001,2026-03-01T04:45:00+00:00,992.434731812081,hPa,GOOD,SYNTHETIC_ML_DATASET,NORMAL,0
MTR,TEMP_001,2026-03-01T04:45:00+00:00,-10.656063673630891,°C,GOOD,SYNTHETIC_ML_DATASET,NORMAL,0
MTR,VIB_001,2026-03-01T04:45:00+00:00,0.9632940722020727,mm/s,GOOD,SYNTHETIC_ML_DATASET,NORMAL,0
MTR,HUM_001,2026-03-01T04:46:00+00:00,62.55818257534011,%,GOOD,SYNTHETIC_ML_DATASET,NORMAL,0
MTR,POWER_001,2026-03-01T04:46:00+00:00,40.4652076890945,kW,GOOD,SYNTHETIC_ML_DATASET,NORMAL,0
MTR,PRESS_001,2026-03-01T04:46:00+00:00,992.2969108295722,hPa,GOOD,SYNTHETIC_ML_DATASET,NORMAL,0
MTR,TEMP_001,2026-03-01T04:46:00+00:00,-10.84661398886932,°C,GOOD,SYNTHETIC_ML_DATASET,NORMAL,0
MTR,VIB_001,2026-03-01T04:46:00+00:00,0.94346309402326,mm/s,GOOD,SYNTHETIC_ML_DATASET,NORMAL,0
MTR,HUM_001,2026-03-01T04:47:00+00:00,62.668462285946944,%,GOOD,SYNTHETIC_ML_DATASET,NORMAL,0
MTR,POWER_001,2026-03-01T04:47:00+00:00,41.21268239547521,kW,GOOD,SYNTHETIC_ML_DATASET,NORMAL,0
MTR,PRESS_001,2026-03-01T04:47:00+00:00,992.5048816166876,hPa,GOOD,SYNTHETIC_ML_DATASET,NORMAL,0
MTR,TEMP_001,2026-03-01T04:47:00+00:00,-10.655704888891009,°C,GOOD,SYNTHETIC_ML_DATASET,NORMAL,0
MTR,VIB_001,2026-03-01T04:47:00+00:00,0.9586779454013308,mm/s,GOOD,SYNTHETIC_ML_DATASET,NORMAL,0
MTR,HUM_001,2026-03-01T04:48:00+00:00,60.81926143931826,%,GOOD,SYNTHETIC_ML_DATASET,NORMAL,0
MTR,POWER_001,2026-03-01T04:48:00+00:00,40.48692121005706,kW,GOOD,SYNTHETIC_ML_DATASET,NORMAL,0
MTR,PRESS_001,2026-03-01T04:48:00+00:00,992.4348767352734,hPa,GOOD,SYNTHETIC_ML_DATASET,NORMAL,0
MTR,TEMP_001,2026-03-01T04:48:00+00:00,-10.397441443213557,°C,GOOD,SYNTHETIC_ML_DATASET,NORMAL,0
MTR,VIB_001,2026-03-01T04:48:00+00:00,0.9478476021584618,mm/s,GOOD,SYNTHETIC_ML_DATASET,NORMAL,0
MTR,HUM_001,2026-03-01T04:49:00+00:00,62.13686262665127,%,GOOD,SYNTHETIC_ML_DATASET,NORMAL,0
MTR,POWER_001,2026-03-01T04:49:00+00:00,40.76726315303181,kW,GOOD,SYNTHETIC_ML_DATASET,NORMAL,0
MTR,PRESS_001,2026-03-01T04:49:00+00:00,992.2795777871024,hPa,GOOD,SYNTHETIC_ML_DATASET,NORMAL,0
MTR,TEMP_001,2026-03-01T04:49:00+00:00,-10.568352405742308,°C,GOOD,SYNTHETIC_ML_DATASET,NORMAL,0
MTR,VIB_001,2026-03-01T04:49:00+00:00,0.988109417229681,mm/s,GOOD,SYNTHETIC_ML_DATASET,NORMAL,0
MTR,HUM_001,2026-03-01T04:50:00+00:00,61.93135770753774,%,GOOD,SYNTHETIC_ML_DATASET,NORMAL,0
MTR,POWER_001,2026-03-01T04:50:00+00:00,40.93595465211367,kW,GOOD,SYNTHETIC_ML_DATASET,NORMAL,0
MTR,PRESS_001,2026-03-01T04:50:00+00:00,992.5835996485795,hPa,GOOD,SYNTHETIC_ML_DATASET,NORMAL,0
MTR,TEMP_001,2026-03-01T04:50:00+00:00,-10.679949181249402,°C,GOOD,SYNTHETIC_ML_DATASET,NORMAL,0
MTR,VIB_001,2026-03-01T04:50:00+00:00,1.0109315936591092,mm/s,GOOD,SYNTHETIC_ML_DATASET,NORMAL,0
MTR,HUM_001,2026-03-01T04:51:00+00:00,63.223222717365566,%,GOOD,SYNTHETIC_ML_DATASET,NORMAL,0
MTR,POWER_001,2026-03-01T04:51:00+00:00,41.599420584863964,kW,GOOD,SYNTHETIC_ML_DATASET,NORMAL,0
MTR,PRESS_001,2026-03-01T04:51:00+00:00,992.6089258758568,hPa,GOOD,SYNTHETIC_ML_DATASET,NORMAL,0
MTR,TEMP_001,2026-03-01T04:51:00+00:00,-10.744543672070272,°C,GOOD,SYNTHETIC_ML_DATASET,NORMAL,0
MTR,VIB_001,2026-03-01T04:51:00+00:00,0.9536977017721314,mm/s,GOOD,SYNTHETIC_ML_DATASET,NORMAL,0
MTR,HUM_001,2026-03-01T04:52:00+00:00,62.25164810499066,%,GOOD,SYNTHETIC_ML_DATASET,NORMAL,0
MTR,POWER_001,2026-03-01T04:52:00+00:00,40.70457305176822,kW,GOOD,SYNTHETIC_ML_DATASET,NORMAL,0
MTR,PRESS_001,2026-03-01T04:52:00+00:00,992.3269436069351,hPa,GOOD,SYNTHETIC_ML_DATASET,NORMAL,0
MTR,TEMP_001,2026-03-01T04:52:00+00:00,-10.589101823799131,°C,GOOD,SYNTHETIC_ML_DATASET,NORMAL,0
MTR,VIB_001,2026-03-01T04:52:00+00:00,1.002518242107787,mm/s,GOOD,SYNTHETIC_ML_DATASET,NORMAL,0
MTR,HUM_001,2026-03-01T04:53:00+00:00,62.339408830767056,%,GOOD,SYNTHETIC_ML_DATASET,NORMAL,0
MTR,POWER_001,2026-03-01T04:53:00+00:00,40.602655716774564,kW,GOOD,SYNTHETIC_ML_DATASET,NORMAL,0
MTR,PRESS_001,2026-03-01T04:53:00+00:00,992.3287506372758,hPa,GOOD,SYNTHETIC_ML_DATASET,NORMAL,0
MTR,TEMP_001,2026-03-01T04:53:00+00:00,-11.084292813393835,°C,GOOD,SYNTHETIC_ML_DATASET,NORMAL,0
MTR,VIB_001,2026-03-01T04:53:00+00:00,0.9810003234924196,mm/s,GOOD,SYNTHETIC_ML_DATASET,NORMAL,0
MTR,HUM_001,2026-03-01T04:54:00+00:00,61.77088822865694,%,GOOD,SYNTHETIC_ML_DATASET,NORMAL,0
MTR,POWER_001,2026-03-01T04:54:00+00:00,41.310618049593074,kW,GOOD,SYNTHETIC_ML_DATASET,NORMAL,0
MTR,PRESS_001,2026-03-01T04:54:00+00:00,992.3508475675685,hPa,GOOD,SYNTHETIC_ML_DATASET,NORMAL,0
MTR,TEMP_001,2026-03-01T04:54:00+00:00,-10.763918043312515,°C,GOOD,SYNTHETIC_ML_DATASET,NORMAL,0
MTR,VIB_001,2026-03-01T04:54:00+00:00,0.9784404902396558,mm/s,GOOD,SYNTHETIC_ML_DATASET,NORMAL,0
MTR,HUM_001,2026-03-01T04:55:00+00:00,62.49745195143444,%,GOOD,SYNTHETIC_ML_DATASET,NORMAL,0
MTR,POWER_001,2026-03-01T04:55:00+00:00,41.59143963551998,kW,GOOD,SYNTHETIC_ML_DATASET,NORMAL,0
MTR,PRESS_001,2026-03-01T04:55:00+00:00,992.3750153888424,hPa,GOOD,SYNTHETIC_ML_DATASET,NORMAL,0
MTR,TEMP_001,2026-03-01T04:55:00+00:00,-10.654199251563774,°C,GOOD,SYNTHETIC_ML_DATASET,NORMAL,0
MTR,VIB_001,2026-03-01T04:55:00+00:00,0.978681576444464,mm/s,GOOD,SYNTHETIC_ML_DATASET,NORMAL,0
MTR,HUM_001,2026-03-01T04:56:00+00:00,62.568935098163685,%,GOOD,SYNTHETIC_ML_DATASET,NORMAL,0
MTR,POWER_001,2026-03-01T04:56:00+00:00,40.75200668439301,kW,GOOD,SYNTHETIC_ML_DATASET,NORMAL,0
MTR,PRESS_001,2026-03-01T04:56:00+00:00,992.3230425636169,hPa,GOOD,SYNTHETIC_ML_DATASET,NORMAL,0
MTR,TEMP_001,2026-03-01T04:56:00+00:00,-10.95498124532051,°C,GOOD,SYNTHETIC_ML_DATASET,NORMAL,0
MTR,VIB_001,2026-03-01T04:56:00+00:00,0.9758278759799268,mm/s,GOOD,SYNTHETIC_ML_DATASET,NORMAL,0
MTR,HUM_001,2026-03-01T04:57:00+00:00,63.208742325881836,%,GOOD,SYNTHETIC_ML_DATASET,NORMAL,0
MTR,POWER_001,2026-03-01T04:57:00+00:00,40.96860385806108,kW,GOOD,SYNTHETIC_ML_DATASET,NORMAL,0
MTR,PRESS_001,2026-03-01T04:57:00+00:00,992.348023954041,hPa,GOOD,SYNTHETIC_ML_DATASET,NORMAL,0
MTR,TEMP_001,2026-03-01T04:57:00+00:00,-10.855666714240526,°C,GOOD,SYNTHETIC_ML_DATASET,NORMAL,0
MTR,VIB_001,2026-03-01T04:57:00+00:00,0.966464448302662,mm/s,GOOD,SYNTHETIC_ML_DATASET,NORMAL,0
MTR,HUM_001,2026-03-01T04:58:00+00:00,63.3917628133672,%,GOOD,SYNTHETIC_ML_DATASET,NORMAL,0
MTR,POWER_001,2026-03-01T04:58:00+00:00,41.170780835333176,kW,GOOD,SYNTHETIC_ML_DATASET,NORMAL,0
MTR,PRESS_001,2026-03-01T04:58:00+00:00,992.2401696751623,hPa,GOOD,SYNTHETIC_ML_DATASET,NORMAL,0
MTR,TEMP_001,2026-03-01T04:58:00+00:00,-11.088218980581402,°C,GOOD,SYNTHETIC_ML_DATASET,NORMAL,0
MTR,VIB_001,2026-03-01T04:58:00+00:00,0.9702707374758907,mm/s,GOOD,SYNTHETIC_ML_DATASET,NORMAL,0
MTR,HUM_001,2026-03-01T04:59:00+00:00,62.19441999847269,%,GOOD,SYNTHETIC_ML_DATASET,NORMAL,0
MTR,POWER_001,2026-03-01T04:59:00+00:00,40.947559998423976,kW,GOOD,SYNTHETIC_ML_DATASET,NORMAL,0
MTR,PRESS_001,2026-03-01T04:59:00+00:00,992.1261693436524,hPa,GOOD,SYNTHETIC_ML_DATASET,NORMAL,0
MTR,TEMP_001,2026-03-01T04:59:00+00:00,-11.013473185286811,°C,GOOD,SYNTHETIC_ML_DATASET,NORMAL,0
MTR,VIB_001,2026-03-01T04:59:00+00:00,0.9337492968156353,mm/s,GOOD,SYNTHETIC_ML_DATASET,NORMAL,0
MTR,HUM_001,2026-03-01T05:00:00+00:00,63.38397916775261,%,GOOD,SYNTHETIC_ML_DATASET,NORMAL,0
MTR,POWER_001,2026-03-01T05:00:00+00:00,40.89210873816058,kW,GOOD,SYNTHETIC_ML_DATASET,NORMAL,0
MTR,PRESS_001,2026-03-01T05:00:00+00:00,992.0280035549526,hPa,GOOD,SYNTHETIC_ML_DATASET,NORMAL,0
MTR,TEMP_001,2026-03-01T05:00:00+00:00,-10.687638329189548,°C,GOOD,SYNTHETIC_ML_DATASET,NORMAL,0
MTR,VIB_001,2026-03-01T05:00:00+00:00,0.9788081560918879,mm/s,GOOD,SYNTHETIC_ML_DATASET,NORMAL,0
MTR,HUM_001,2026-03-01T05:01:00+00:00,63.083627607437045,%,GOOD,SYNTHETIC_ML_DATASET,NORMAL,0
MTR,POWER_001,2026-03-01T05:01:00+00:00,40.910186232599045,kW,GOOD,SYNTHETIC_ML_DATASET,NORMAL,0
MTR,PRESS_001,2026-03-01T05:01:00+00:00,992.1221461351997,hPa,GOOD,SYNTHETIC_ML_DATASET,NORMAL,0
MTR,TEMP_001,2026-03-01T05:01:00+00:00,-11.130548290503029,°C,GOOD,SYNTHETIC_ML_DATASET,NORMAL,0
MTR,VIB_001,2026-03-01T05:01:00+00:00,0.996057138148203,mm/s,GOOD,SYNTHETIC_ML_DATASET,NORMAL,0
MTR,HUM_001,2026-03-01T05:02:00+00:00,62.79722289567191,%,GOOD,SYNTHETIC_ML_DATASET,NORMAL,0
MTR,POWER_001,2026-03-01T05:02:00+00:00,40.25112569423091,kW,GOOD,SYNTHETIC_ML_DATASET,NORMAL,0
MTR,PRESS_001,2026-03-01T05:02:00+00:00,992.1579631357268,hPa,GOOD,SYNTHETIC_ML_DATASET,NORMAL,0
MTR,TEMP_001,2026-03-01T05:02:00+00:00,-10.655503776946794,°C,GOOD,SYNTHETIC_ML_DATASET,NORMAL,0
MTR,VIB_001,2026-03-01T05:02:00+00:00,0.9486810206323948,mm/s,GOOD,SYNTHETIC_ML_DATASET,NORMAL,0
MTR,HUM_001,2026-03-01T05:03:00+00:00,63.301243487912366,%,GOOD,SYNTHETIC_ML_DATASET,NORMAL,0
MTR,POWER_001,2026-03-01T05:03:00+00:00,40.49994808795196,kW,GOOD,SYNTHETIC_ML_DATASET,NORMAL,0
MTR,PRESS_001,2026-03-01T05:03:00+00:00,992.2234288875294,hPa,GOOD,SYNTHETIC_ML_DATASET,NORMAL,0
MTR,TEMP_001,2026-03-01T05:03:00+00:00,-10.659356047612471,°C,GOOD,SYNTHETIC_ML_DATASET,NORMAL,0
MTR,VIB_001,2026-03-01T05:03:00+00:00,0.97616784365413,mm/s,GOOD,SYNTHETIC_ML_DATASET,NORMAL,0
MTR,HUM_001,2026-03-01T05:04:00+00:00,62.550792521234904,%,GOOD,SYNTHETIC_ML_DATASET,NORMAL,0
MTR,POWER_001,2026-03-01T05:04:00+00:00,40.31522207910263,kW,GOOD,SYNTHETIC_ML_DATASET,NORMAL,0
MTR,PRESS_001,2026-03-01T05:04:00+00:00,992.1296409262443,hPa,GOOD,SYNTHETIC_ML_DATASET,NORMAL,0
MTR,TEMP_001,2026-03-01T05:04:00+00:00,-10.79621083701465,°C,GOOD,SYNTHETIC_ML_DATASET,NORMAL,0
MTR,VIB_001,2026-03-01T05:04:00+00:00,0.9665032842588517,mm/s,GOOD,SYNTHETIC_ML_DATASET,NORMAL,0
MTR,HUM_001,2026-03-01T05:05:00+00:00,63.65685690766919,%,GOOD,SYNTHETIC_ML_DATASET,NORMAL,0
MTR,POWER_001,2026-03-01T05:05:00+00:00,41.08080138529167,kW,GOOD,SYNTHETIC_ML_DATASET,NORMAL,0
MTR,PRESS_001,2026-03-01T05:05:00+00:00,992.2827665474621,hPa,GOOD,SYNTHETIC_ML_DATASET,NORMAL,0
MTR,TEMP_001,2026-03-01T05:05:00+00:00,-11.201735684501353,°C,GOOD,SYNTHETIC_ML_DATASET,NORMAL,0
MTR,VIB_001,2026-03-01T05:05:00+00:00,1.0061936805413223,mm/s,GOOD,SYNTHETIC_ML_DATASET,NORMAL,0
MTR,HUM_001,2026-03-01T05:06:00+00:00,63.44391035186375,%,GOOD,SYNTHETIC_ML_DATASET,NORMAL,0
MTR,POWER_001,2026-03-01T05:06:00+00:00,40.649047206308886,kW,GOOD,SYNTHETIC_ML_DATASET,NORMAL,0
MTR,PRESS_001,2026-03-01T05:06:00+00:00,992.2987928018462,hPa,GOOD,SYNTHETIC_ML_DATASET,NORMAL,0
MTR,TEMP_001,2026-03-01T05:06:00+00:00,-11.013067445714332,°C,GOOD,SYNTHETIC_ML_DATASET,NORMAL,0
MTR,VIB_001,2026-03-01T05:06:00+00:00,0.9644675892795234,mm/s,GOOD,SYNTHETIC_ML_DATASET,NORMAL,0
MTR,HUM_001,2026-03-01T05:07:00+00:00,64.92907153293866,%,GOOD,SYNTHETIC_ML_DATASET,NORMAL,0
MTR,POWER_001,2026-03-01T05:07:00+00:00,40.23296733972658,kW,GOOD,SYNTHETIC_ML_DATASET,NORMAL,0
MTR,PRESS_001,2026-03-01T05:07:00+00:00,992.294404392469,hPa,GOOD,SYNTHETIC_ML_DATASET,NORMAL,0
MTR,TEMP_001,2026-03-01T05:07:00+00:00,-10.559046836542107,°C,GOOD,SYNTHETIC_ML_DATASET,NORMAL,0
MTR,VIB_001,2026-03-01T05:07:00+00:00,0.9670456505263221,mm/s,GOOD,SYNTHETIC_ML_DATASET,NORMAL,0
MTR,HUM_001,2026-03-01T05:08:00+00:00,64.0549769085788,%,GOOD,SYNTHETIC_ML_DATASET,NORMAL,0
MTR,POWER_001,2026-03-01T05:08:00+00:00,40.98556664097094,kW,GOOD,SYNTHETIC_ML_DATASET,NORMAL,0
MTR,PRESS_001,2026-03-01T05:08:00+00:00,992.0357112351766,hPa,GOOD,SYNTHETIC_ML_DATASET,NORMAL,0
MTR,TEMP_001,2026-03-01T05:08:00+00:00,-11.054539073626609,°C,GOOD,SYNTHETIC_ML_DATASET,NORMAL,0
MTR,VIB_001,2026-03-01T05:08:00+00:00,0.9924478586070486,mm/s,GOOD,SYNTHETIC_ML_DATASET,NORMAL,0
MTR,HUM_001,2026-03-01T05:09:00+00:00,63.90807797857936,%,GOOD,SYNTHETIC_ML_DATASET,NORMAL,0
MTR,POWER_001,2026-03-01T05:09:00+00:00,40.75523527423017,kW,GOOD,SYNTHETIC_ML_DATASET,NORMAL,0
MTR,PRESS_001,2026-03-01T05:09:00+00:00,992.080644297768,hPa,GOOD,SYNTHETIC_ML_DATASET,NORMAL,0
MTR,TEMP_001,2026-03-01T05:09:00+00:00,-10.538120057312453,°C,GOOD,SYNTHETIC_ML_DATASET,NORMAL,0
MTR,VIB_001,2026-03-01T05:09:00+00:00,1.014323841811803,mm/s,GOOD,SYNTHETIC_ML_DATASET,NORMAL,0
MTR,HUM_001,2026-03-01T05:10:00+00:00,63.46200879125366,%,GOOD,SYNTHETIC_ML_DATASET,NORMAL,0
MTR,POWER_001,2026-03-01T05:10:00+00:00,40.179433840558666,kW,GOOD,SYNTHETIC_ML_DATASET,NORMAL,0
MTR,PRESS_001,2026-03-01T05:10:00+00:00,991.8999942454567,hPa,GOOD,SYNTHETIC_ML_DATASET,NORMAL,0
MTR,TEMP_001,2026-03-01T05:10:00+00:00,-10.539848644843822,°C,GOOD,SYNTHETIC_ML_DATASET,NORMAL,0
MTR,VIB_001,2026-03-01T05:10:00+00:00,0.9882020746101248,mm/s,GOOD,SYNTHETIC_ML_DATASET,NORMAL,0
MTR,HUM_001,2026-03-01T05:11:00+00:00,64.58819195497695,%,GOOD,SYNTHETIC_ML_DATASET,NORMAL,0
MTR,POWER_001,2026-03-01T05:11:00+00:00,40.85001159269009,kW,GOOD,SYNTHETIC_ML_DATASET,NORMAL,0
MTR,PRESS_001,2026-03-01T05:11:00+00:00,991.855718854333,hPa,GOOD,SYNTHETIC_ML_DATASET,NORMAL,0
MTR,TEMP_001,2026-03-01T05:11:00+00:00,-10.224051029343151,°C,GOOD,SYNTHETIC_ML_DATASET,NORMAL,0
MTR,VIB_001,2026-03-01T05:11:00+00:00,1.0268766302836183,mm/s,GOOD,SYNTHETIC_ML_DATASET,NORMAL,0
MTR,HUM_001,2026-03-01T05:12:00+00:00,64.55690124977478,%,GOOD,SYNTHETIC_ML_DATASET,NORMAL,0
MTR,POWER_001,2026-03-01T05:12:00+00:00,41.19073013098786,kW,GOOD,SYNTHETIC_ML_DATASET,NORMAL,0
MTR,PRESS_001,2026-03-01T05:12:00+00:00,992.0524497600705,hPa,GOOD,SYNTHETIC_ML_DATASET,NORMAL,0
MTR,TEMP_001,2026-03-01T05:12:00+00:00,-10.266807783054716,°C,GOOD,SYNTHETIC_ML_DATASET,NORMAL,0
MTR,VIB_001,2026-03-01T05:12:00+00:00,1.0003077753317058,mm/s,GOOD,SYNTHETIC_ML_DATASET,NORMAL,0
MTR,HUM_001,2026-03-01T05:13:00+00:00,63.37686125527043,%,GOOD,SYNTHETIC_ML_DATASET,NORMAL,0
MTR,POWER_001,2026-03-01T05:13:00+00:00,41.165264981153165,kW,GOOD,SYNTHETIC_ML_DATASET,NORMAL,0
MTR,PRESS_001,2026-03-01T05:13:00+00:00,992.0065750393705,hPa,GOOD,SYNTHETIC_ML_DATASET,NORMAL,0
MTR,TEMP_001,2026-03-01T05:13:00+00:00,-10.08571827309452,°C,GOOD,SYNTHETIC_ML_DATASET,NORMAL,0
MTR,VIB_001,2026-03-01T05:13:00+00:00,1.0146833400211217,mm/s,GOOD,SYNTHETIC_ML_DATASET,NORMAL,0
MTR,HUM_001,2026-03-01T05:14:00+00:00,63.01060435033454,%,GOOD,SYNTHETIC_ML_DATASET,NORMAL,0
MTR,POWER_001,2026-03-01T05:14:00+00:00,41.055102026991264,kW,GOOD,SYNTHETIC_ML_DATASET,NORMAL,0
MTR,PRESS_001,2026-03-01T05:14:00+00:00,992.0532953327673,hPa,GOOD,SYNTHETIC_ML_DATASET,NORMAL,0
MTR,TEMP_001,2026-03-01T05:14:00+00:00,-9.99608893288749,°C,GOOD,SYNTHETIC_ML_DATASET,NORMAL,0
MTR,VIB_001,2026-03-01T05:14:00+00:00,1.0326675717890461,mm/s,GOOD,SYNTHETIC_ML_DATASET,NORMAL,0
MTR,HUM_001,2026-03-01T05:15:00+00:00,65.13475106347612,%,GOOD,SYNTHETIC_ML_DATASET,NORMAL,0
MTR,POWER_001,2026-03-01T05:15:00+00:00,40.80165325717871,kW,GOOD,SYNTHETIC_ML_DATASET,NORMAL,0
MTR,PRESS_001,2026-03-01T05:15:00+00:00,991.7962935021925,hPa,GOOD,SYNTHETIC_ML_DATASET,NORMAL,0
MTR,TEMP_001,2026-03-01T05:15:00+00:00,-9.863976553939962,°C,GOOD,SYNTHETIC_ML_DATASET,NORMAL,0
MTR,VIB_001,2026-03-01T05:15:00+00:00,1.01671166165985,mm/s,GOOD,SYNTHETIC_ML_DATASET,NORMAL,0
MTR,HUM_001,2026-03-01T05:16:00+00:00,64.62826946665884,%,GOOD,SYNTHETIC_ML_DATASET,NORMAL,0
MTR,POWER_001,2026-03-01T05:16:00+00:00,42.0059252072343,kW,GOOD,SYNTHETIC_ML_DATASET,NORMAL,0
MTR,PRESS_001,2026-03-01T05:16:00+00:00,991.9634786912412,hPa,GOOD,SYNTHETIC_ML_DATASET,NORMAL,0
MTR,TEMP_001,2026-03-01T05:16:00+00:00,-10.157766712629895,°C,GOOD,SYNTHETIC_ML_DATASET,NORMAL,0
MTR,VIB_001,2026-03-01T05:16:00+00:00,1.0278758765624327,mm/s,GOOD,SYNTHETIC_ML_DATASET,NORMAL,0
MTR,HUM_001,2026-03-01T05:17:00+00:00,63.619332976037775,%,GOOD,SYNTHETIC_ML_DATASET,NORMAL,0
MTR,POWER_001,2026-03-01T05:17:00+00:00,41.15187768473078,kW,GOOD,SYNTHETIC_ML_DATASET,NORMAL,0
MTR,PRESS_001,2026-03-01T05:17:00+00:00,992.0414396063018,hPa,GOOD,SYNTHETIC_ML_DATASET,NORMAL,0
MTR,TEMP_001,2026-03-01T05:17:00+00:00,-10.159484612560105,°C,GOOD,SYNTHETIC_ML_DATASET,NORMAL,0
MTR,VIB_001,2026-03-01T05:17:00+00:00,1.047723574671976,mm/s,GOOD,SYNTHETIC_ML_DATASET,NORMAL,0
MTR,HUM_001,2026-03-01T05:18:00+00:00,63.895058855109,%,GOOD,SYNTHETIC_ML_DATASET,NORMAL,0
MTR,POWER_001,2026-03-01T05:18:00+00:00,41.64288766988734,kW,GOOD,SYNTHETIC_ML_DATASET,NORMAL,0
MTR,PRESS_001,2026-03-01T05:18:00+00:00,991.768000922438,hPa,GOOD,SYNTHETIC_ML_DATASET,NORMAL,0
MTR,TEMP_001,2026-03-01T05:18:00+00:00,-10.334112766958933,°C,GOOD,SYNTHETIC_ML_DATASET,NORMAL,0
MTR,VIB_001,2026-03-01T05:18:00+00:00,1.044998189949131,mm/s,GOOD,SYNTHETIC_ML_DATASET,NORMAL,0
MTR,HUM_001,2026-03-01T05:19:00+00:00,62.67428355973267,%,GOOD,SYNTHETIC_ML_DATASET,NORMAL,0
MTR,POWER_001,2026-03-01T05:19:00+00:00,40.44015812508034,kW,GOOD,SYNTHETIC_ML_DATASET,NORMAL,0
MTR,PRESS_001,2026-03-01T05:19:00+00:00,991.7681275367295,hPa,GOOD,SYNTHETIC_ML_DATASET,NORMAL,0
MTR,TEMP_001,2026-03-01T05:19:00+00:00,-10.089450717357956,°C,GOOD,SYNTHETIC_ML_DATASET,NORMAL,0
MTR,VIB_001,2026-03-01T05:19:00+00:00,1.0173566529201212,mm/s,GOOD,SYNTHETIC_ML_DATASET,NORMAL,0
MTR,HUM_001,2026-03-01T05:20:00+00:00,62.878548701936616,%,GOOD,SYNTHETIC_ML_DATASET,NORMAL,0
MTR,POWER_001,2026-03-01T05:20:00+00:00,40.83141747809012,kW,GOOD,SYNTHETIC_ML_DATASET,NORMAL,0
MTR,PRESS_001,2026-03-01T05:20:00+00:00,991.9084402608269,hPa,GOOD,SYNTHETIC_ML_DATASET,NORMAL,0
MTR,TEMP_001,2026-03-01T05:20:00+00:00,-10.295086102020418,°C,GOOD,SYNTHETIC_ML_DATASET,NORMAL,0
MTR,VIB_001,2026-03-01T05:20:00+00:00,1.0328137485312157,mm/s,GOOD,SYNTHETIC_ML_DATASET,NORMAL,0
MTR,HUM_001,2026-03-01T05:21:00+00:00,63.187908374159335,%,GOOD,SYNTHETIC_ML_DATASET,NORMAL,0
MTR,POWER_001,2026-03-01T05:21:00+00:00,40.996712050124245,kW,GOOD,SYNTHETIC_ML_DATASET,NORMAL,0
MTR,PRESS_001,2026-03-01T05:21:00+00:00,991.8911707149981,hPa,GOOD,SYNTHETIC_ML_DATASET,NORMAL,0
MTR,TEMP_001,2026-03-01T05:21:00+00:00,-10.297626882617987,°C,GOOD,SYNTHETIC_ML_DATASET,NORMAL,0
MTR,VIB_001,2026-03-01T05:21:00+00:00,1.001449443509471,mm/s,GOOD,SYNTHETIC_ML_DATASET,NORMAL,0
MTR,HUM_001,2026-03-01T05:22:00+00:00,63.7218292065357,%,GOOD,SYNTHETIC_ML_DATASET,NORMAL,0
MTR,POWER_001,2026-03-01T05:22:00+00:00,41.33245516004063,kW,GOOD,SYNTHETIC_ML_DATASET,NORMAL,0
MTR,PRESS_001,2026-03-01T05:22:00+00:00,991.8991419140748,hPa,GOOD,SYNTHETIC_ML_DATASET,NORMAL,0
MTR,TEMP_001,2026-03-01T05:22:00+00:00,-10.118005891992322,°C,GOOD,SYNTHETIC_ML_DATASET,NORMAL,0
MTR,VIB_001,2026-03-01T05:22:00+00:00,1.0133036996916838,mm/s,GOOD,SYNTHETIC_ML_DATASET,NORMAL,0
MTR,HUM_001,2026-03-01T05:23:00+00:00,64.09040574871385,%,GOOD,SYNTHETIC_ML_DATASET,NORMAL,0
MTR,POWER_001,2026-03-01T05:23:00+00:00,41.78726286385054,kW,GOOD,SYNTHETIC_ML_DATASET,NORMAL,0
MTR,PRESS_001,2026-03-01T05:23:00+00:00,992.0303586951201,hPa,GOOD,SYNTHETIC_ML_DATASET,NORMAL,0
MTR,TEMP_001,2026-03-01T05:23:00+00:00,-10.274784349256606,°C,GOOD,SYNTHETIC_ML_DATASET,NORMAL,0
MTR,VIB_001,2026-03-01T05:23:00+00:00,0.9973338648539272,mm/s,GOOD,SYNTHETIC_ML_DATASET,NORMAL,0
MTR,HUM_001,2026-03-01T05:24:00+00:00,63.37440173983079,%,GOOD,SYNTHETIC_ML_DATASET,NORMAL,0
MTR,POWER_001,2026-03-01T05:24:00+00:00,41.49576102952749,kW,GOOD,SYNTHETIC_ML_DATASET,NORMAL,0
MTR,PRESS_001,2026-03-01T05:24:00+00:00,992.0724922470109,hPa,GOOD,SYNTHETIC_ML_DATASET,NORMAL,0
MTR,TEMP_001,2026-03-01T05:24:00+00:00,-9.862516962635311,°C,GOOD,SYNTHETIC_ML_DATASET,NORMAL,0
MTR,VIB_001,2026-03-01T05:24:00+00:00,1.0096644200948217,mm/s,GOOD,SYNTHETIC_ML_DATASET,NORMAL,0
MTR,HUM_001,2026-03-01T05:25:00+00:00,64.3686932413557,%,GOOD,SYNTHETIC_ML_DATASET,NORMAL,0
MTR,POWER_001,2026-03-01T05:25:00+00:00,41.76898106553727,kW,GOOD,SYNTHETIC_ML_DATASET,NORMAL,0
MTR,PRESS_001,2026-03-01T05:25:00+00:00,992.3141603441908,hPa,GOOD,SYNTHETIC_ML_DATASET,NORMAL,0
MTR,TEMP_001,2026-03-01T05:25:00+00:00,-9.710888612342929,°C,GOOD,SYNTHETIC_ML_DATASET,NORMAL,0
MTR,VIB_001,2026-03-01T05:25:00+00:00,0.9757070252620141,mm/s,GOOD,SYNTHETIC_ML_DATASET,NORMAL,0
MTR,HUM_001,2026-03-01T05:26:00+00:00,64.51673133475185,%,GOOD,SYNTHETIC_ML_DATASET,NORMAL,0
MTR,POWER_001,2026-03-01T05:26:00+00:00,41.5617988393253,kW,GOOD,SYNTHETIC_ML_DATASET,NORMAL,0
MTR,PRESS_001,2026-03-01T05:26:00+00:00,992.1866656248877,hPa,GOOD,SYNTHETIC_ML_DATASET,NORMAL,0
MTR,TEMP_001,2026-03-01T05:26:00+00:00,-9.984680084786831,°C,GOOD,SYNTHETIC_ML_DATASET,NORMAL,0
MTR,VIB_001,2026-03-01T05:26:00+00:00,1.0184218206412365,mm/s,GOOD,SYNTHETIC_ML_DATASET,NORMAL,0
MTR,HUM_001,2026-03-01T05:27:00+00:00,64.37266026410416,%,GOOD,SYNTHETIC_ML_DATASET,NORMAL,0
MTR,POWER_001,2026-03-01T05:27:00+00:00,41.89514499033112,kW,GOOD,SYNTHETIC_ML_DATASET,NORMAL,0
MTR,PRESS_001,2026-03-01T05:27:00+00:00,992.2356009076567,hPa,GOOD,SYNTHETIC_ML_DATASET,NORMAL,0
MTR,TEMP_001,2026-03-01T05:27:00+00:00,-10.272787546237405,°C,GOOD,SYNTHETIC_ML_DATASET,NORMAL,0
MTR,VIB_001,2026-03-01T05:27:00+00:00,1.0054833490485924,mm/s,GOOD,SYNTHETIC_ML_DATASET,NORMAL,0
MTR,HUM_001,2026-03-01T05:28:00+00:00,64.94538490411472,%,GOOD,SYNTHETIC_ML_DATASET,NORMAL,0
MTR,POWER_001,2026-03-01T05:28:00+00:00,41.215665422757176,kW,GOOD,SYNTHETIC_ML_DATASET,NORMAL,0
MTR,PRESS_001,2026-03-01T05:28:00+00:00,992.0547567884139,hPa,GOOD,SYNTHETIC_ML_DATASET,NORMAL,0
MTR,TEMP_001,2026-03-01T05:28:00+00:00,-10.199605899566642,°C,GOOD,SYNTHETIC_ML_DATASET,NORMAL,0
MTR,VIB_001,2026-03-01T05:28:00+00:00,1.0516492899913958,mm/s,GOOD,SYNTHETIC_ML_DATASET,NORMAL,0
MTR,HUM_001,2026-03-01T05:29:00+00:00,64.30115381367578,%,GOOD,SYNTHETIC_ML_DATASET,NORMAL,0
MTR,POWER_001,2026-03-01T05:29:00+00:00,41.50106684644535,kW,GOOD,SYNTHETIC_ML_DATASET,NORMAL,0
MTR,PRESS_001,2026-03-01T05:29:00+00:00,992.2302088840527,hPa,GOOD,SYNTHETIC_ML_DATASET,NORMAL,0
MTR,TEMP_001,2026-03-01T05:29:00+00:00,-10.140950591283449,°C,GOOD,SYNTHETIC_ML_DATASET,NORMAL,0
MTR,VIB_001,2026-03-01T05:29:00+00:00,1.0511389239847129,mm/s,GOOD,SYNTHETIC_ML_DATASET,NORMAL,0
MTR,HUM_001,2026-03-01T05:30:00+00:00,65.35153051614064,%,GOOD,SYNTHETIC_ML_DATASET,NORMAL,0
MTR,POWER_001,2026-03-01T05:30:00+00:00,41.911575426493236,kW,GOOD,SYNTHETIC_ML_DATASET,NORMAL,0
MTR,PRESS_001,2026-03-01T05:30:00+00:00,992.2399801549006,hPa,GOOD,SYNTHETIC_ML_DATASET,NORMAL,0
MTR,TEMP_001,2026-03-01T05:30:00+00:00,-10.368898093495847,°C,GOOD,SYNTHETIC_ML_DATASET,NORMAL,0
MTR,VIB_001,2026-03-01T05:30:00+00:00,1.026049989953202,mm/s,GOOD,SYNTHETIC_ML_DATASET,NORMAL,0
MTR,HUM_001,2026-03-01T05:31:00+00:00,65.06201108990432,%,GOOD,SYNTHETIC_ML_DATASET,NORMAL,0
MTR,POWER_001,2026-03-01T05:31:00+00:00,41.274944476043316,kW,GOOD,SYNTHETIC_ML_DATASET,NORMAL,0
MTR,PRESS_001,2026-03-01T05:31:00+00:00,992.0375144156529,hPa,GOOD,SYNTHETIC_ML_DATASET,NORMAL,0
MTR,TEMP_001,2026-03-01T05:31:00+00:00,-10.208748935652846,°C,GOOD,SYNTHETIC_ML_DATASET,NORMAL,0
MTR,VIB_001,2026-03-01T05:31:00+00:00,1.0451972418438773,mm/s,GOOD,SYNTHETIC_ML_DATASET,NORMAL,0
MTR,HUM_001,2026-03-01T05:32:00+00:00,65.44362607179129,%,GOOD,SYNTHETIC_ML_DATASET,NORMAL,0
MTR,POWER_001,2026-03-01T05:32:00+00:00,41.488417316900936,kW,GOOD,SYNTHETIC_ML_DATASET,NORMAL,0
MTR,PRESS_001,2026-03-01T05:32:00+00:00,992.2621794582074,hPa,GOOD,SYNTHETIC_ML_DATASET,NORMAL,0
MTR,TEMP_001,2026-03-01T05:32:00+00:00,-10.020733203629355,°C,GOOD,SYNTHETIC_ML_DATASET,NORMAL,0
MTR,VIB_001,2026-03-01T05:32:00+00:00,1.0126205502245849,mm/s,GOOD,SYNTHETIC_ML_DATASET,NORMAL,0
MTR,HUM_001,2026-03-01T05:33:00+00:00,65.06402696143401,%,GOOD,SYNTHETIC_ML_DATASET,NORMAL,0
MTR,POWER_001,2026-03-01T05:33:00+00:00,41.856116914839745,kW,GOOD,SYNTHETIC_ML_DATASET,NORMAL,0
MTR,PRESS_001,2026-03-01T05:33:00+00:00,992.2050801752296,hPa,GOOD,SYNTHETIC_ML_DATASET,NORMAL,0
MTR,TEMP_001,2026-03-01T05:33:00+00:00,-10.21823359578962,°C,GOOD,SYNTHETIC_ML_DATASET,NORMAL,0
MTR,VIB_001,2026-03-01T05:33:00+00:00,1.0421949865860298,mm/s,GOOD,SYNTHETIC_ML_DATASET,NORMAL,0
MTR,HUM_001,2026-03-01T05:34:00+00:00,63.50335294119151,%,GOOD,SYNTHETIC_ML_DATASET,NORMAL,0
MTR,POWER_001,2026-03-01T05:34:00+00:00,41.84098761364926,kW,GOOD,SYNTHETIC_ML_DATASET,NORMAL,0
MTR,PRESS_001,2026-03-01T05:34:00+00:00,992.0148547007802,hPa,GOOD,SYNTHETIC_ML_DATASET,NORMAL,0
MTR,TEMP_001,2026-03-01T05:34:00+00:00,-10.203898795215169,°C,GOOD,SYNTHETIC_ML_DATASET,NORMAL,0
MTR,VIB_001,2026-03-01T05:34:00+00:00,1.040680148052504,mm/s,GOOD,SYNTHETIC_ML_DATASET,NORMAL,0
MTR,HUM_001,2026-03-01T05:35:00+00:00,63.76436509958159,%,GOOD,SYNTHETIC_ML_DATASET,NORMAL,0
MTR,POWER_001,2026-03-01T05:35:00+00:00,41.56294079778366,kW,GOOD,SYNTHETIC_ML_DATASET,NORMAL,0
MTR,PRESS_001,2026-03-01T05:35:00+00:00,992.1512319264001,hPa,GOOD,SYNTHETIC_ML_DATASET,NORMAL,0
MTR,TEMP_001,2026-03-01T05:35:00+00:00,-10.128982340138904,°C,GOOD,SYNTHETIC_ML_DATASET,NORMAL,0
MTR,VIB_001,2026-03-01T05:35:00+00:00,1.0627052368821737,mm/s,GOOD,SYNTHETIC_ML_DATASET,NORMAL,0
MTR,HUM_001,2026-03-01T05:36:00+00:00,64.52180666985664,%,GOOD,SYNTHETIC_ML_DATASET,NORMAL,0
MTR,POWER_001,2026-03-01T05:36:00+00:00,41.33337399804187,kW,GOOD,SYNTHETIC_ML_DATASET,NORMAL,0
MTR,PRESS_001,2026-03-01T05:36:00+00:00,991.8411999437351,hPa,GOOD,SYNTHETIC_ML_DATASET,NORMAL,0
MTR,TEMP_001,2026-03-01T05:36:00+00:00,-10.392888358835107,°C,GOOD,SYNTHETIC_ML_DATASET,NORMAL,0
MTR,VIB_001,2026-03-01T05:36:00+00:00,1.0232596080334961,mm/s,GOOD,SYNTHETIC_ML_DATASET,NORMAL,0
MTR,HUM_001,2026-03-01T05:37:00+00:00,65.38543040343197,%,GOOD,SYNTHETIC_ML_DATASET,NORMAL,0
MTR,POWER_001,2026-03-01T05:37:00+00:00,41.87045673710363,kW,GOOD,SYNTHETIC_ML_DATASET,NORMAL,0
MTR,PRESS_001,2026-03-01T05:37:00+00:00,992.0766339450118,hPa,GOOD,SYNTHETIC_ML_DATASET,NORMAL,0
MTR,TEMP_001,2026-03-01T05:37:00+00:00,-10.336441324102106,°C,GOOD,SYNTHETIC_ML_DATASET,NORMAL,0
MTR,VIB_001,2026-03-01T05:37:00+00:00,1.099084632997992,mm/s,GOOD,SYNTHETIC_ML_DATASET,NORMAL,0
MTR,HUM_001,2026-03-01T05:38:00+00:00,63.99122886159742,%,GOOD,SYNTHETIC_ML_DATASET,NORMAL,0
MTR,POWER_001,2026-03-01T05:38:00+00:00,41.689464281663845,kW,GOOD,SYNTHETIC_ML_DATASET,NORMAL,0
MTR,PRESS_001,2026-03-01T05:38:00+00:00,991.8586137263333,hPa,GOOD,SYNTHETIC_ML_DATASET,NORMAL,0
MTR,TEMP_001,2026-03-01T05:38:00+00:00,-9.937659972582857,°C,GOOD,SYNTHETIC_ML_DATASET,NORMAL,0
MTR,VIB_001,2026-03-01T05:38:00+00:00,1.0820694637484924,mm/s,GOOD,SYNTHETIC_ML_DATASET,NORMAL,0
MTR,HUM_001,2026-03-01T05:39:00+00:00,64.70909107533764,%,GOOD,SYNTHETIC_ML_DATASET,NORMAL,0
MTR,POWER_001,2026-03-01T05:39:00+00:00,41.92501423746459,kW,GOOD,SYNTHETIC_ML_DATASET,NORMAL,0
MTR,PRESS_001,2026-03-01T05:39:00+00:00,992.0693341974735,hPa,GOOD,SYNTHETIC_ML_DATASET,NORMAL,0
MTR,TEMP_001,2026-03-01T05:39:00+00:00,-10.293741189252591,°C,GOOD,SYNTHETIC_ML_DATASET,NORMAL,0
MTR,VIB_001,2026-03-01T05:39:00+00:00,1.0526764592360105,mm/s,GOOD,SYNTHETIC_ML_DATASET,NORMAL,0
MTR,HUM_001,2026-03-01T05:40:00+00:00,65.02125438785286,%,GOOD,SYNTHETIC_ML_DATASET,NORMAL,0
MTR,POWER_001,2026-03-01T05:40:00+00:00,41.148293833188674,kW,GOOD,SYNTHETIC_ML_DATASET,NORMAL,0
MTR,PRESS_001,2026-03-01T05:40:00+00:00,992.0594594633532,hPa,GOOD,SYNTHETIC_ML_DATASET,NORMAL,0
MTR,TEMP_001,2026-03-01T05:40:00+00:00,-10.608507313534012,°C,GOOD,SYNTHETIC_ML_DATASET,NORMAL,0
MTR,VIB_001,2026-03-01T05:40:00+00:00,1.0714901143816102,mm/s,GOOD,SYNTHETIC_ML_DATASET,NORMAL,0
MTR,HUM_001,2026-03-01T05:41:00+00:00,64.7762255162106,%,GOOD,SYNTHETIC_ML_DATASET,NORMAL,0
MTR,POWER_001,2026-03-01T05:41:00+00:00,40.92617145144995,kW,GOOD,SYNTHETIC_ML_DATASET,NORMAL,0
MTR,PRESS_001,2026-03-01T05:41:00+00:00,991.887033579431,hPa,GOOD,SYNTHETIC_ML_DATASET,NORMAL,0
MTR,TEMP_001,2026-03-01T05:41:00+00:00,-10.406228476879177,°C,GOOD,SYNTHETIC_ML_DATASET,NORMAL,0
MTR,VIB_001,2026-03-01T05:41:00+00:00,1.065252603983388,mm/s,GOOD,SYNTHETIC_ML_DATASET,NORMAL,0
MTR,HUM_001,2026-03-01T05:42:00+00:00,65.16103944320525,%,GOOD,SYNTHETIC_ML_DATASET,NORMAL,0
MTR,POWER_001,2026-03-01T05:42:00+00:00,40.99286391166125,kW,GOOD,SYNTHETIC_ML_DATASET,NORMAL,0
MTR,PRESS_001,2026-03-01T05:42:00+00:00,992.1239150623421,hPa,GOOD,SYNTHETIC_ML_DATASET,NORMAL,0
MTR,TEMP_001,2026-03-01T05:42:00+00:00,-10.397992108428442,°C,GOOD,SYNTHETIC_ML_DATASET,NORMAL,0
MTR,VIB_001,2026-03-01T05:42:00+00:00,1.0694036492931271,mm/s,GOOD,SYNTHETIC_ML_DATASET,NORMAL,0
MTR,HUM_001,2026-03-01T05:43:00+00:00,64.40646279071743,%,GOOD,SYNTHETIC_ML_DATASET,NORMAL,0
MTR,POWER_001,2026-03-01T05:43:00+00:00,41.729957571154635,kW,GOOD,SYNTHETIC_ML_DATASET,NORMAL,0
MTR,PRESS_001,2026-03-01T05:43:00+00:00,991.9711496392682,hPa,GOOD,SYNTHETIC_ML_DATASET,NORMAL,0
MTR,TEMP_001,2026-03-01T05:43:00+00:00,-10.493308774126543,°C,GOOD,SYNTHETIC_ML_DATASET,NORMAL,0
MTR,VIB_001,2026-03-01T05:43:00+00:00,1.1116141763743255,mm/s,GOOD,SYNTHETIC_ML_DATASET,NORMAL,0
MTR,HUM_001,2026-03-01T05:44:00+00:00,63.887976719454464,%,GOOD,SYNTHETIC_ML_DATASET,NORMAL,0
MTR,POWER_001,2026-03-01T05:44:00+00:00,40.89238184786299,kW,GOOD,SYNTHETIC_ML_DATASET,NORMAL,0
MTR,PRESS_001,2026-03-01T05:44:00+00:00,992.1664333653104,hPa,GOOD,SYNTHETIC_ML_DATASET,NORMAL,0
MTR,TEMP_001,2026-03-01T05:44:00+00:00,-10.40801548188034,°C,GOOD,SYNTHETIC_ML_DATASET,NORMAL,0
MTR,VIB_001,2026-03-01T05:44:00+00:00,1.0520103208732476,mm/s,GOOD,SYNTHETIC_ML_DATASET,NORMAL,0
MTR,HUM_001,2026-03-01T05:45:00+00:00,64.55446763368911,%,GOOD,SYNTHETIC_ML_DATASET,NORMAL,0
MTR,POWER_001,2026-03-01T05:45:00+00:00,41.36869028816418,kW,GOOD,SYNTHETIC_ML_DATASET,NORMAL,0
MTR,PRESS_001,2026-03-01T05:45:00+00:00,991.9511287721213,hPa,GOOD,SYNTHETIC_ML_DATASET,NORMAL,0
MTR,TEMP_001,2026-03-01T05:45:00+00:00,-10.150871377759934,°C,GOOD,SYNTHETIC_ML_DATASET,NORMAL,0
MTR,VIB_001,2026-03-01T05:45:00+00:00,1.0707572183683594,mm/s,GOOD,SYNTHETIC_ML_DATASET,NORMAL,0
MTR,HUM_001,2026-03-01T05:46:00+00:00,63.78414240139718,%,GOOD,SYNTHETIC_ML_DATASET,NORMAL,0
MTR,POWER_001,2026-03-01T05:46:00+00:00,41.17468783085806,kW,GOOD,SYNTHETIC_ML_DATASET,NORMAL,0
MTR,PRESS_001,2026-03-01T05:46:00+00:00,991.9813670355811,hPa,GOOD,SYNTHETIC_ML_DATASET,NORMAL,0
MTR,TEMP_001,2026-03-01T05:46:00+00:00,-10.486593618285212,°C,GOOD,SYNTHETIC_ML_DATASET,NORMAL,0
MTR,VIB_001,2026-03-01T05:46:00+00:00,1.0711362613476771,mm/s,GOOD,SYNTHETIC_ML_DATASET,NORMAL,0
MTR,HUM_001,2026-03-01T05:47:00+00:00,64.84644433387807,%,GOOD,SYNTHETIC_ML_DATASET,NORMAL,0
MTR,POWER_001,2026-03-01T05:47:00+00:00,41.44940172450949,kW,GOOD,SYNTHETIC_ML_DATASET,NORMAL,0
MTR,PRESS_001,2026-03-01T05:47:00+00:00,992.0487771204217,hPa,GOOD,SYNTHETIC_ML_DATASET,NORMAL,0
MTR,TEMP_001,2026-03-01T05:47:00+00:00,-10.574848581410894,°C,GOOD,SYNTHETIC_ML_DATASET,NORMAL,0
MTR,VIB_001,2026-03-01T05:47:00+00:00,1.060821102800435,mm/s,GOOD,SYNTHETIC_ML_DATASET,NORMAL,0
MTR,HUM_001,2026-03-01T05:48:00+00:00,63.73273528679206,%,GOOD,SYNTHETIC_ML_DATASET,NORMAL,0
MTR,POWER_001,2026-03-01T05:48:00+00:00,41.28034215039943,kW,GOOD,SYNTHETIC_ML_DATASET,NORMAL,0
MTR,PRESS_001,2026-03-01T05:48:00+00:00,992.0381112765152,hPa,GOOD,SYNTHETIC_ML_DATASET,NORMAL,0
MTR,TEMP_001,2026-03-01T05:48:00+00:00,-10.499420602133526,°C,GOOD,SYNTHETIC_ML_DATASET,NORMAL,0
MTR,VIB_001,2026-03-01T05:48:00+00:00,1.0359139544158489,mm/s,GOOD,SYNTHETIC_ML_DATASET,NORMAL,0
MTR,HUM_001,2026-03-01T05:49:00+00:00,63.534237399763846,%,GOOD,SYNTHETIC_ML_DATASET,NORMAL,0
MTR,POWER_001,2026-03-01T05:49:00+00:00,41.48479118099257,kW,GOOD,SYNTHETIC_ML_DATASET,NORMAL,0
MTR,PRESS_001,2026-03-01T05:49:00+00:00,992.3265823669149,hPa,GOOD,SYNTHETIC_ML_DATASET,NORMAL,0
MTR,TEMP_001,2026-03-01T05:49:00+00:00,-10.492443976141386,°C,GOOD,SYNTHETIC_ML_DATASET,NORMAL,0
MTR,VIB_001,2026-03-01T05:49:00+00:00,1.0631660627487705,mm/s,GOOD,SYNTHETIC_ML_DATASET,NORMAL,0
MTR,HUM_001,2026-03-01T05:50:00+00:00,62.64276221836277,%,BAD,SYNTHETIC_ML_DATASET,DRIFT,1
MTR,POWER_001,2026-03-01T05:50:00+00:00,41.5520203925174,kW,BAD,SYNTHETIC_ML_DATASET,DRIFT,1
MTR,PRESS_001,2026-03-01T05:50:00+00:00,992.0938566040513,hPa,BAD,SYNTHETIC_ML_DATASET,DRIFT,1
MTR,TEMP_001,2026-03-01T05:50:00+00:00,-10.326689595662344,°C,BAD,SYNTHETIC_ML_DATASET,DRIFT,1
MTR,VIB_001,2026-03-01T05:50:00+00:00,1.061170520605788,mm/s,BAD,SYNTHETIC_ML_DATASET,DRIFT,1
MTR,HUM_001,2026-03-01T05:51:00+00:00,63.39722868103149,%,BAD,SYNTHETIC_ML_DATASET,DRIFT,1
MTR,POWER_001,2026-03-01T05:51:00+00:00,41.92060714006134,kW,BAD,SYNTHETIC_ML_DATASET,DRIFT,1
MTR,PRESS_001,2026-03-01T05:51:00+00:00,992.3033422827508,hPa,BAD,SYNTHETIC_ML_DATASET,DRIFT,1
MTR,TEMP_001,2026-03-01T05:51:00+00:00,-9.981308966920427,°C,BAD,SYNTHETIC_ML_DATASET,DRIFT,1
MTR,VIB_001,2026-03-01T05:51:00+00:00,1.083861263780942,mm/s,BAD,SYNTHETIC_ML_DATASET,DRIFT,1
MTR,HUM_001,2026-03-01T05:52:00+00:00,63.02785739818617,%,BAD,SYNTHETIC_ML_DATASET,DRIFT,1
MTR,POWER_001,2026-03-01T05:52:00+00:00,41.517456792402534,kW,BAD,SYNTHETIC_ML_DATASET,DRIFT,1
MTR,PRESS_001,2026-03-01T05:52:00+00:00,992.4690400719527,hPa,BAD,SYNTHETIC_ML_DATASET,DRIFT,1
MTR,TEMP_001,2026-03-01T05:52:00+00:00,-10.151852793584482,°C,BAD,SYNTHETIC_ML_DATASET,DRIFT,1
MTR,VIB_001,2026-03-01T05:52:00+00:00,1.0556509733427495,mm/s,BAD,SYNTHETIC_ML_DATASET,DRIFT,1
MTR,HUM_001,2026-03-01T05:53:00+00:00,63.56337587858082,%,BAD,SYNTHETIC_ML_DATASET,DRIFT,1
MTR,POWER_001,2026-03-01T05:53:00+00:00,42.35115799063468,kW,BAD,SYNTHETIC_ML_DATASET,DRIFT,1
MTR,PRESS_001,2026-03-01T05:53:00+00:00,992.3889303849687,hPa,BAD,SYNTHETIC_ML_DATASET,DRIFT,1
MTR,TEMP_001,2026-03-01T05:53:00+00:00,-9.694500268782956,°C,BAD,SYNTHETIC_ML_DATASET,DRIFT,1
MTR,VIB_001,2026-03-01T05:53:00+00:00,1.0129505666632768,mm/s,BAD,SYNTHETIC_ML_DATASET,DRIFT,1
MTR,HUM_001,2026-03-01T05:54:00+00:00,64.29544042040547,%,BAD,SYNTHETIC_ML_DATASET,DRIFT,1
MTR,POWER_001,2026-03-01T05:54:00+00:00,42.56841967473296,kW,BAD,SYNTHETIC_ML_DATASET,DRIFT,1
MTR,PRESS_001,2026-03-01T05:54:00+00:00,992.3148098743987,hPa,BAD,SYNTHETIC_ML_DATASET,DRIFT,1
MTR,TEMP_001,2026-03-01T05:54:00+00:00,-9.227116618693326,°C,BAD,SYNTHETIC_ML_DATASET,DRIFT,1
MTR,VIB_001,2026-03-01T05:54:00+00:00,1.008641267528124,mm/s,BAD,SYNTHETIC_ML_DATASET,DRIFT,1
MTR,HUM_001,2026-03-01T05:55:00+00:00,65.31187930490607,%,BAD,SYNTHETIC_ML_DATASET,DRIFT,1
MTR,POWER_001,2026-03-01T05:55:00+00:00,43.04796404616337,kW,BAD,SYNTHETIC_ML_DATASET,DRIFT,1
MTR,PRESS_001,2026-03-01T05:55:00+00:00,992.7897505018868,hPa,BAD,SYNTHETIC_ML_DATASET,DRIFT,1
MTR,TEMP_001,2026-03-01T05:55:00+00:00,-9.26663668345849,°C,BAD,SYNTHETIC_ML_DATASET,DRIFT,1
MTR,VIB_001,2026-03-01T05:55:00+00:00,1.0565611311169718,mm/s,BAD,SYNTHETIC_ML_DATASET,DRIFT,1
MTR,HUM_001,2026-03-01T05:56:00+00:00,64.68349035665851,%,BAD,SYNTHETIC_ML_DATASET,DRIFT,1
MTR,POWER_001,2026-03-01T05:56:00+00:00,43.424292970405475,kW,BAD,SYNTHETIC_ML_DATASET,DRIFT,1
MTR,PRESS_001,2026-03-01T05:56:00+00:00,992.6713766961611,hPa,BAD,SYNTHETIC_ML_DATASET,DRIFT,1
MTR,TEMP_001,2026-03-01T05:56:00+00:00,-9.22198122974613,°C,BAD,SYNTHETIC_ML_DATASET,DRIFT,1
MTR,VIB_001,2026-03-01T05:56:00+00:00,1.080238634576231,mm/s,BAD,SYNTHETIC_ML_DATASET,DRIFT,1
MTR,HUM_001,2026-03-01T05:57:00+00:00,65.39130322181377,%,BAD,SYNTHETIC_ML_DATASET,DRIFT,1
MTR,POWER_001,2026-03-01T05:57:00+00:00,42.86534172935909,kW,BAD,SYNTHETIC_ML_DATASET,DRIFT,1
MTR,PRESS_001,2026-03-01T05:57:00+00:00,992.9123449478254,hPa,BAD,SYNTHETIC_ML_DATASET,DRIFT,1
MTR,TEMP_001,2026-03-01T05:57:00+00:00,-9.07476774461071,°C,BAD,SYNTHETIC_ML_DATASET,DRIFT,1
MTR,VIB_001,2026-03-01T05:57:00+00:00,1.066729195928956,mm/s,BAD,SYNTHETIC_ML_DATASET,DRIFT,1
MTR,HUM_001,2026-03-01T05:58:00+00:00,64.79189601074451,%,BAD,SYNTHETIC_ML_DATASET,DRIFT,1
MTR,POWER_001,2026-03-01T05:58:00+00:00,42.979184768788976,kW,BAD,SYNTHETIC_ML_DATASET,DRIFT,1
MTR,PRESS_001,2026-03-01T05:58:00+00:00,992.9200450400979,hPa,BAD,SYNTHETIC_ML_DATASET,DRIFT,1
MTR,TEMP_001,2026-03-01T05:58:00+00:00,-9.00747875868044,°C,BAD,SYNTHETIC_ML_DATASET,DRIFT,1
MTR,VIB_001,2026-03-01T05:58:00+00:00,1.0980251411439774,mm/s,BAD,SYNTHETIC_ML_DATASET,DRIFT,1
MTR,HUM_001,2026-03-01T05:59:00+00:00,63.655961174237106,%,BAD,SYNTHETIC_ML_DATASET,DRIFT,1
MTR,POWER_001,2026-03-01T05:59:00+00:00,43.33200902108367,kW,BAD,SYNTHETIC_ML_DATASET,DRIFT,1
MTR,PRESS_001,2026-03-01T05:59:00+00:00,992.9892117979576,hPa,BAD,SYNTHETIC_ML_DATASET,DRIFT,1
MTR,TEMP_001,2026-03-01T05:59:00+00:00,-8.857920845899798,°C,BAD,SYNTHETIC_ML_DATASET,DRIFT,1
MTR,VIB_001,2026-03-01T05:59:00+00:00,1.0910435762430875,mm/s,BAD,SYNTHETIC_ML_DATASET,DRIFT,1
MTR,HUM_001,2026-03-01T06:00:00+00:00,64.82569395294318,%,BAD,SYNTHETIC_ML_DATASET,DRIFT,1
MTR,POWER_001,2026-03-01T06:00:00+00:00,43.13128039610553,kW,BAD,SYNTHETIC_ML_DATASET,DRIFT,1
MTR,PRESS_001,2026-03-01T06:00:00+00:00,993.1230080745304,hPa,BAD,SYNTHETIC_ML_DATASET,DRIFT,1
MTR,TEMP_001,2026-03-01T06:00:00+00:00,-8.747270427614247,°C,BAD,SYNTHETIC_ML_DATASET,DRIFT,1
MTR,VIB_001,2026-03-01T06:00:00+00:00,1.0849851285183512,mm/s,BAD,SYNTHETIC_ML_DATASET,DRIFT,1
MTR,HUM_001,2026-03-01T06:01:00+00:00,66.09765355495809,%,BAD,SYNTHETIC_ML_DATASET,DRIFT,1
MTR,POWER_001,2026-03-01T06:01:00+00:00,43.13440728215703,kW,BAD,SYNTHETIC_ML_DATASET,DRIFT,1
MTR,PRESS_001,2026-03-01T06:01:00+00:00,993.1000279582098,hPa,BAD,SYNTHETIC_ML_DATASET,DRIFT,1
MTR,TEMP_001,2026-03-01T06:01:00+00:00,-8.384789048806578,°C,BAD,SYNTHETIC_ML_DATASET,DRIFT,1
MTR,VIB_001,2026-03-01T06:01:00+00:00,1.1273971761375632,mm/s,BAD,SYNTHETIC_ML_DATASET,DRIFT,1
MTR,HUM_001,2026-03-01T06:02:00+00:00,65.36809191947421,%,BAD,SYNTHETIC_ML_DATASET,DRIFT,1
MTR,POWER_001,2026-03-01T06:02:00+00:00,43.807623897810466,kW,BAD,SYNTHETIC_ML_DATASET,DRIFT,1
MTR,PRESS_001,2026-03-01T06:02:00+00:00,993.1957292299802,hPa,BAD,SYNTHETIC_ML_DATASET,DRIFT,1
MTR,TEMP_001,2026-03-01T06:02:00+00:00,-8.51534646571159,°C,BAD,SYNTHETIC_ML_DATASET,DRIFT,1
MTR,VIB_001,2026-03-01T06:02:00+00:00,1.0707496552352387,mm/s,BAD,SYNTHETIC_ML_DATASET,DRIFT,1
MTR,HUM_001,2026-03-01T06:03:00+00:00,65.64126759605432,%,BAD,SYNTHETIC_ML_DATASET,DRIFT,1
MTR,POWER_001,2026-03-01T06:03:00+00:00,44.25120990096389,kW,BAD,SYNTHETIC_ML_DATASET,DRIFT,1
MTR,PRESS_001,2026-03-01T06:03:00+00:00,993.2580866923809,hPa,BAD,SYNTHETIC_ML_DATASET,DRIFT,1
MTR,TEMP_001,2026-03-01T06:03:00+00:00,-8.117066866142212,°C,BAD,SYNTHETIC_ML_DATASET,DRIFT,1
MTR,VIB_001,2026-03-01T06:03:00+00:00,1.076480789785703,mm/s,BAD,SYNTHETIC_ML_DATASET,DRIFT,1
MTR,HUM_001,2026-03-01T06:04:00+00:00,67.36116708937354,%,BAD,SYNTHETIC_ML_DATASET,DRIFT,1
MTR,POWER_001,2026-03-01T06:04:00+00:00,43.919892219495814,kW,BAD,SYNTHETIC_ML_DATASET,DRIFT,1
MTR,PRESS_001,2026-03-01T06:04:00+00:00,993.579362216611,hPa,BAD,SYNTHETIC_ML_DATASET,DRIFT,1
MTR,TEMP_001,2026-03-01T06:04:00+00:00,-8.159959263679141,°C,BAD,SYNTHETIC_ML_DATASET,DRIFT,1
MTR,VIB_001,2026-03-01T06:04:00+00:00,1.0856226456756013,mm/s,BAD,SYNTHETIC_ML_DATASET,DRIFT,1
MTR,HUM_001,2026-03-01T06:05:00+00:00,67.16172485028335,%,BAD,SYNTHETIC_ML_DATASET,DRIFT,1
MTR,POWER_001,2026-03-01T06:05:00+00:00,44.790545750252,kW,BAD,SYNTHETIC_ML_DATASET,DRIFT,1
MTR,PRESS_001,2026-03-01T06:05:00+00:00,993.4220482424334,hPa,BAD,SYNTHETIC_ML_DATASET,DRIFT,1
MTR,TEMP_001,2026-03-01T06:05:00+00:00,-7.7649886117009,°C,BAD,SYNTHETIC_ML_DATASET,DRIFT,1
MTR,VIB_001,2026-03-01T06:05:00+00:00,1.1091877690828598,mm/s,BAD,SYNTHETIC_ML_DATASET,DRIFT,1
MTR,HUM_001,2026-03-01T06:06:00+00:00,67.61070609733709,%,BAD,SYNTHETIC_ML_DATASET,DRIFT,1
MTR,POWER_001,2026-03-01T06:06:00+00:00,44.987145842538695,kW,BAD,SYNTHETIC_ML_DATASET,DRIFT,1
MTR,PRESS_001,2026-03-01T06:06:00+00:00,993.4776500591989,hPa,BAD,SYNTHETIC_ML_DATASET,DRIFT,1
MTR,TEMP_001,2026-03-01T06:06:00+00:00,-7.910214798077276,°C,BAD,SYNTHETIC_ML_DATASET,DRIFT,1
MTR,VIB_001,2026-03-01T06:06:00+00:00,1.0999119297048554,mm/s,BAD,SYNTHETIC_ML_DATASET,DRIFT,1
MTR,HUM_001,2026-03-01T06:07:00+00:00,67.81173586853927,%,BAD,SYNTHETIC_ML_DATASET,DRIFT,1
MTR,POWER_001,2026-03-01T06:07:00+00:00,44.909108840803846,kW,BAD,SYNTHETIC_ML_DATASET,DRIFT,1
MTR,PRESS_001,2026-03-01T06:07:00+00:00,993.5759741376362,hPa,BAD,SYNTHETIC_ML_DATASET,DRIFT,1
MTR,TEMP_001,2026-03-01T06:07:00+00:00,-7.5055296684879185,°C,BAD,SYNTHETIC_ML_DATASET,DRIFT,1
MTR,VIB_001,2026-03-01T06:07:00+00:00,1.0970938666323422,mm/s,BAD,SYNTHETIC_ML_DATASET,DRIFT,1
MTR,HUM_001,2026-03-01T06:08:00+00:00,67.81949526753337,%,BAD,SYNTHETIC_ML_DATASET,DRIFT,1
MTR,POWER_001,2026-03-01T06:08:00+00:00,44.97043124458017,kW,BAD,SYNTHETIC_ML_DATASET,DRIFT,1
MTR,PRESS_001,2026-03-01T06:08:00+00:00,993.5892900667952,hPa,BAD,SYNTHETIC_ML_DATASET,DRIFT,1
MTR,TEMP_001,2026-03-01T06:08:00+00:00,-7.352387986738115,°C,BAD,SYNTHETIC_ML_DATASET,DRIFT,1
MTR,VIB_001,2026-03-01T06:08:00+00:00,1.0773926444507065,mm/s,BAD,SYNTHETIC_ML_DATASET,DRIFT,1
MTR,HUM_001,2026-03-01T06:09:00+00:00,68.56925768597146,%,BAD,SYNTHETIC_ML_DATASET,DRIFT,1
MTR,POWER_001,2026-03-01T06:09:00+00:00,45.62547138756549,kW,BAD,SYNTHETIC_ML_DATASET,DRIFT,1
MTR,PRESS_001,2026-03-01T06:09:00+00:00,993.5556171732424,hPa,BAD,SYNTHETIC_ML_DATASET,DRIFT,1
MTR,TEMP_001,2026-03-01T06:09:00+00:00,-7.1654510932823605,°C,BAD,SYNTHETIC_ML_DATASET,DRIFT,1
MTR,VIB_001,2026-03-01T06:09:00+00:00,1.1191577807954087,mm/s,BAD,SYNTHETIC_ML_DATASET,DRIFT,1
MTR,HUM_001,2026-03-01T06:10:00+00:00,68.26368995858452,%,BAD,SYNTHETIC_ML_DATASET,DRIFT,1
MTR,POWER_001,2026-03-01T06:10:00+00:00,45.568902016845485,kW,BAD,SYNTHETIC_ML_DATASET,DRIFT,1
MTR,PRESS_001,2026-03-01T06:10:00+00:00,993.5977316473791,hPa,BAD,SYNTHETIC_ML_DATASET,DRIFT,1
MTR,TEMP_001,2026-03-01T06:10:00+00:00,-7.369700370819588,°C,BAD,SYNTHETIC_ML_DATASET,DRIFT,1
MTR,VIB_001,2026-03-01T06:10:00+00:00,1.1355887064801948,mm/s,BAD,SYNTHETIC_ML_DATASET,DRIFT,1
MTR,HUM_001,2026-03-01T06:11:00+00:00,69.03050899057571,%,BAD,SYNTHETIC_ML_DATASET,DRIFT,1
MTR,POWER_001,2026-03-01T06:11:00+00:00,46.5194761062823,kW,BAD,SYNTHETIC_ML_DATASET,DRIFT,1
MTR,PRESS_001,2026-03-01T06:11:00+00:00,993.5116795098488,hPa,BAD,SYNTHETIC_ML_DATASET,DRIFT,1
MTR,TEMP_001,2026-03-01T06:11:00+00:00,-6.77008480435943,°C,BAD,SYNTHETIC_ML_DATASET,DRIFT,1
MTR,VIB_001,2026-03-01T06:11:00+00:00,1.1216453014398944,mm/s,BAD,SYNTHETIC_ML_DATASET,DRIFT,1
MTR,HUM_001,2026-03-01T06:12:00+00:00,70.8444247405246,%,BAD,SYNTHETIC_ML_DATASET,DRIFT,1
MTR,POWER_001,2026-03-01T06:12:00+00:00,46.80449902422017,kW,BAD,SYNTHETIC_ML_DATASET,DRIFT,1
MTR,PRESS_001,2026-03-01T06:12:00+00:00,993.6287905924411,hPa,BAD,SYNTHETIC_ML_DATASET,DRIFT,1
MTR,TEMP_001,2026-03-01T06:12:00+00:00,-6.609261884795217,°C,BAD,SYNTHETIC_ML_DATASET,DRIFT,1
MTR,VIB_001,2026-03-01T06:12:00+00:00,1.1374166544656756,mm/s,BAD,SYNTHETIC_ML_DATASET,DRIFT,1
MTR,HUM_001,2026-03-01T06:13:00+00:00,70.65789191752847,%,BAD,SYNTHETIC_ML_DATASET,DRIFT,1
MTR,POWER_001,2026-03-01T06:13:00+00:00,46.93185028478773,kW,BAD,SYNTHETIC_ML_DATASET,DRIFT,1
MTR,PRESS_001,2026-03-01T06:13:00+00:00,993.7190699027846,hPa,BAD,SYNTHETIC_ML_DATASET,DRIFT,1
MTR,TEMP_001,2026-03-01T06:13:00+00:00,-6.674860613856669,°C,BAD,SYNTHETIC_ML_DATASET,DRIFT,1
MTR,VIB_001,2026-03-01T06:13:00+00:00,1.138697804498433,mm/s,BAD,SYNTHETIC_ML_DATASET,DRIFT,1
MTR,HUM_001,2026-03-01T06:14:00+00:00,71.06776386082328,%,BAD,SYNTHETIC_ML_DATASET,DRIFT,1
MTR,POWER_001,2026-03-01T06:14:00+00:00,47.43124531595318,kW,BAD,SYNTHETIC_ML_DATASET,DRIFT,1
MTR,PRESS_001,2026-03-01T06:14:00+00:00,993.6231670101138,hPa,BAD,SYNTHETIC_ML_DATASET,DRIFT,1
MTR,TEMP_001,2026-03-01T06:14:00+00:00,-6.268661374195284,°C,BAD,SYNTHETIC_ML_DATASET,DRIFT,1
MTR,VIB_001,2026-03-01T06:14:00+00:00,1.135324936675227,mm/s,BAD,SYNTHETIC_ML_DATASET,DRIFT,1
MTR,HUM_001,2026-03-01T06:15:00+00:00,69.59748047036055,%,BAD,SYNTHETIC_ML_DATASET,DRIFT,1
MTR,POWER_001,2026-03-01T06:15:00+00:00,47.542492278464856,kW,BAD,SYNTHETIC_ML_DATASET,DRIFT,1
MTR,PRESS_001,2026-03-01T06:15:00+00:00,993.894973455878,hPa,BAD,SYNTHETIC_ML_DATASET,DRIFT,1
MTR,TEMP_001,2026-03-01T06:15:00+00:00,-5.85708169315885,°C,BAD,SYNTHETIC_ML_DATASET,DRIFT,1
MTR,VIB_001,2026-03-01T06:15:00+00:00,1.1611553511433244,mm/s,BAD,SYNTHETIC_ML_DATASET,DRIFT,1
MTR,HUM_001,2026-03-01T06:16:00+00:00,70.50623862184261,%,BAD,SYNTHETIC_ML_DATASET,DRIFT,1
MTR,POWER_001,2026-03-01T06:16:00+00:00,47.726137834693,kW,BAD,SYNTHETIC_ML_DATASET,DRIFT,1
MTR,PRESS_001,2026-03-01T06:16:00+00:00,993.5436133808391,hPa,BAD,SYNTHETIC_ML_DATASET,DRIFT,1
MTR,TEMP_001,2026-03-01T06:16:00+00:00,-5.729759490153758,°C,BAD,SYNTHETIC_ML_DATASET,DRIFT,1
MTR,VIB_001,2026-03-01T06:16:00+00:00,1.1797943877115755,mm/s,BAD,SYNTHETIC_ML_DATASET,DRIFT,1
MTR,HUM_001,2026-03-01T06:17:00+00:00,70.82542476970579,%,BAD,SYNTHETIC_ML_DATASET,DRIFT,1
MTR,POWER_001,2026-03-01T06:17:00+00:00,47.83303800285506,kW,BAD,SYNTHETIC_ML_DATASET,DRIFT,1
MTR,PRESS_001,2026-03-01T06:17:00+00:00,993.7711043532597,hPa,BAD,SYNTHETIC_ML_DATASET,DRIFT,1
MTR,TEMP_001,2026-03-01T06:17:00+00:00,-5.856685084773871,°C,BAD,SYNTHETIC_ML_DATASET,DRIFT,1
MTR,VIB_001,2026-03-01T06:17:00+00:00,1.1971893638070845,mm/s,BAD,SYNTHETIC_ML_DATASET,DRIFT,1
MTR,HUM_001,2026-03-01T06:18:00+00:00,72.657577459299,%,BAD,SYNTHETIC_ML_DATASET,DRIFT,1
MTR,POWER_001,2026-03-01T06:18:00+00:00,49.1596245674976,kW,BAD,SYNTHETIC_ML_DATASET,DRIFT,1
MTR,PRESS_001,2026-03-01T06:18:00+00:00,993.7654915471802,hPa,BAD,SYNTHETIC_ML_DATASET,DRIFT,1
MTR,TEMP_001,2026-03-01T06:18:00+00:00,-5.552245081144232,°C,BAD,SYNTHETIC_ML_DATASET,DRIFT,1
MTR,VIB_001,2026-03-01T06:18:00+00:00,1.1760591734414263,mm/s,BAD,SYNTHETIC_ML_DATASET,DRIFT,1
MTR,HUM_001,2026-03-01T06:19:00+00:00,71.08658033657447,%,BAD,SYNTHETIC_ML_DATASET,DRIFT,1
MTR,POWER_001,2026-03-01T06:19:00+00:00,48.046361112795296,kW,BAD,SYNTHETIC_ML_DATASET,DRIFT,1
MTR,PRESS_001,2026-03-01T06:19:00+00:00,993.9181304439527,hPa,BAD,SYNTHETIC_ML_DATASET,DRIFT,1
MTR,TEMP_001,2026-03-01T06:19:00+00:00,-5.305983850128271,°C,BAD,SYNTHETIC_ML_DATASET,DRIFT,1
MTR,VIB_001,2026-03-01T06:19:00+00:00,1.1870597179480156,mm/s,BAD,SYNTHETIC_ML_DATASET,DRIFT,1
MTR,HUM_001,2026-03-01T06:20:00+00:00,71.35499653758256,%,BAD,SYNTHETIC_ML_DATASET,DRIFT,1
MTR,POWER_001,2026-03-01T06:20:00+00:00,48.4662960053602,kW,BAD,SYNTHETIC_ML_DATASET,DRIFT,1
MTR,PRESS_001,2026-03-01T06:20:00+00:00,994.2534920783058,hPa,BAD,SYNTHETIC_ML_DATASET,DRIFT,1
MTR,TEMP_001,2026-03-01T06:20:00+00:00,-5.201867665686319,°C,BAD,SYNTHETIC_ML_DATASET,DRIFT,1
MTR,VIB_001,2026-03-01T06:20:00+00:00,1.179245995063576,mm/s,BAD,SYNTHETIC_ML_DATASET,DRIFT,1
MTR,HUM_001,2026-03-01T06:21:00+00:00,71.35205230415676,%,BAD,SYNTHETIC_ML_DATASET,DRIFT,1
MTR,POWER_001,2026-03-01T06:21:00+00:00,48.619694933561476,kW,BAD,SYNTHETIC_ML_DATASET,DRIFT,1
MTR,PRESS_001,2026-03-01T06:21:00+00:00,993.978136449518,hPa,BAD,SYNTHETIC_ML_DATASET,DRIFT,1
MTR,TEMP_001,2026-03-01T06:21:00+00:00,-5.518062564634477,°C,BAD,SYNTHETIC_ML_DATASET,DRIFT,1
MTR,VIB_001,2026-03-01T06:21:00+00:00,1.1244975452704173,mm/s,BAD,SYNTHETIC_ML_DATASET,DRIFT,1
MTR,HUM_001,2026-03-01T06:22:00+00:00,71.46387533867987,%,BAD,SYNTHETIC_ML_DATASET,DRIFT,1
MTR,POWER_001,2026-03-01T06:22:00+00:00,49.45687465031251,kW,BAD,SYNTHETIC_ML_DATASET,DRIFT,1
MTR,PRESS_001,2026-03-01T06:22:00+00:00,994.1618535056674,hPa,BAD,SYNTHETIC_ML_DATASET,DRIFT,1
MTR,TEMP_001,2026-03-01T06:22:00+00:00,-5.194065103431982,°C,BAD,SYNTHETIC_ML_DATASET,DRIFT,1
MTR,VIB_001,2026-03-01T06:22:00+00:00,1.1862252180880564,mm/s,BAD,SYNTHETIC_ML_DATASET,DRIFT,1
MTR,HUM_001,2026-03-01T06:23:00+00:00,70.89853532563498,%,BAD,SYNTHETIC_ML_DATASET,DRIFT,1
MTR,POWER_001,2026-03-01T06:23:00+00:00,48.94811326888576,kW,BAD,SYNTHETIC_ML_DATASET,DRIFT,1
MTR,PRESS_001,2026-03-01T06:23:00+00:00,994.0608329276182,hPa,BAD,SYNTHETIC_ML_DATASET,DRIFT,1
MTR,TEMP_001,2026-03-01T06:23:00+00:00,-5.1641045731801825,°C,BAD,SYNTHETIC_ML_DATASET,DRIFT,1
MTR,VIB_001,2026-03-01T06:23:00+00:00,1.2110225592226307,mm/s,BAD,SYNTHETIC_ML_DATASET,DRIFT,1
MTR,HUM_001,2026-03-01T06:24:00+00:00,71.95317233160684,%,BAD,SYNTHETIC_ML_DATASET,DRIFT,1
MTR,POWER_001,2026-03-01T06:24:00+00:00,49.01296281073531,kW,BAD,SYNTHETIC_ML_DATASET,DRIFT,1
MTR,PRESS_001,2026-03-01T06:24:00+00:00,994.5055316208982,hPa,BAD,SYNTHETIC_ML_DATASET,DRIFT,1
MTR,TEMP_001,2026-03-01T06:24:00+00:00,-5.4065457998572,°C,BAD,SYNTHETIC_ML_DATASET,DRIFT,1
MTR,VIB_001,2026-03-01T06:24:00+00:00,1.1918637698692673,mm/s,BAD,SYNTHETIC_ML_DATASET,DRIFT,1
MTR,HUM_001,2026-03-01T06:25:00+00:00,71.39980941848171,%,BAD,SYNTHETIC_ML_DATASET,DRIFT,1
MTR,POWER_001,2026-03-01T06:25:00+00:00,49.58888954744251,kW,BAD,SYNTHETIC_ML_DATASET,DRIFT,1
MTR,PRESS_001,2026-03-01T06:25:00+00:00,994.3400431807031,hPa,BAD,SYNTHETIC_ML_DATASET,DRIFT,1
MTR,TEMP_001,2026-03-01T06:25:00+00:00,-5.08252271394888,°C,BAD,SYNTHETIC_ML_DATASET,DRIFT,1
MTR,VIB_001,2026-03-01T06:25:00+00:00,1.192411451517412,mm/s,BAD,SYNTHETIC_ML_DATASET,DRIFT,1
MTR,HUM_001,2026-03-01T06:26:00+00:00,72.01016547229506,%,BAD,SYNTHETIC_ML_DATASET,DRIFT,1
MTR,POWER_001,2026-03-01T06:26:00+00:00,48.97874839223904,kW,BAD,SYNTHETIC_ML_DATASET,DRIFT,1
MTR,PRESS_001,2026-03-01T06:26:00+00:00,994.3203646350369,hPa,BAD,SYNTHETIC_ML_DATASET,DRIFT,1
MTR,TEMP_001,2026-03-01T06:26:00+00:00,-4.731219563465989,°C,BAD,SYNTHETIC_ML_DATASET,DRIFT,1
MTR,VIB_001,2026-03-01T06:26:00+00:00,1.1855302541442003,mm/s,BAD,SYNTHETIC_ML_DATASET,DRIFT,1
MTR,HUM_001,2026-03-01T06:27:00+00:00,72.72553630168116,%,BAD,SYNTHETIC_ML_DATASET,DRIFT,1
MTR,POWER_001,2026-03-01T06:27:00+00:00,49.32782250119648,kW,BAD,SYNTHETIC_ML_DATASET,DRIFT,1
MTR,PRESS_001,2026-03-01T06:27:00+00:00,994.3156822065152,hPa,BAD,SYNTHETIC_ML_DATASET,DRIFT,1
MTR,TEMP_001,2026-03-01T06:27:00+00:00,-4.86197527751204,°C,BAD,SYNTHETIC_ML_DATASET,DRIFT,1
MTR,VIB_001,2026-03-01T06:27:00+00:00,1.2015394473007637,mm/s,BAD,SYNTHETIC_ML_DATASET,DRIFT,1
MTR,HUM_001,2026-03-01T06:28:00+00:00,73.63235055274744,%,BAD,SYNTHETIC_ML_DATASET,DRIFT,1
MTR,POWER_001,2026-03-01T06:28:00+00:00,49.40353725043052,kW,BAD,SYNTHETIC_ML_DATASET,DRIFT,1
MTR,PRESS_001,2026-03-01T06:28:00+00:00,994.4087052203747,hPa,BAD,SYNTHETIC_ML_DATASET,DRIFT,1
MTR,TEMP_001,2026-03-01T06:28:00+00:00,-4.4928885967511345,°C,BAD,SYNTHETIC_ML_DATASET,DRIFT,1
MTR,VIB_001,2026-03-01T06:28:00+00:00,1.1837393690299478,mm/s,BAD,SYNTHETIC_ML_DATASET,DRIFT,1
MTR,HUM_001,2026-03-01T06:29:00+00:00,73.20114386505328,%,BAD,SYNTHETIC_ML_DATASET,DRIFT,1
MTR,POWER_001,2026-03-01T06:29:00+00:00,49.63918529453154,kW,BAD,SYNTHETIC_ML_DATASET,DRIFT,1
MTR,PRESS_001,2026-03-01T06:29:00+00:00,994.5643410565893,hPa,BAD,SYNTHETIC_ML_DATASET,DRIFT,1
MTR,TEMP_001,2026-03-01T06:29:00+00:00,-4.664828784015755,°C,BAD,SYNTHETIC_ML_DATASET,DRIFT,1
MTR,VIB_001,2026-03-01T06:29:00+00:00,1.2239913516645105,mm/s,BAD,SYNTHETIC_ML_DATASET,DRIFT,1
MTR,HUM_001,2026-03-01T06:30:00+00:00,74.39146724568207,%,BAD,SYNTHETIC_ML_DATASET,DRIFT,1
MTR,POWER_001,2026-03-01T06:30:00+00:00,50.02370832071092,kW,BAD,SYNTHETIC_ML_DATASET,DRIFT,1
MTR,PRESS_001,2026-03-01T06:30:00+00:00,994.8685881235427,hPa,BAD,SYNTHETIC_ML_DATASET,DRIFT,1
MTR,TEMP_001,2026-03-01T06:30:00+00:00,-4.70956628384586,°C,BAD,SYNTHETIC_ML_DATASET,DRIFT,1
MTR,VIB_001,2026-03-01T06:30:00+00:00,1.1951267273187485,mm/s,BAD,SYNTHETIC_ML_DATASET,DRIFT,1
MTR,HUM_001,2026-03-01T06:31:00+00:00,74.35418394315235,%,BAD,SYNTHETIC_ML_DATASET,DRIFT,1
MTR,POWER_001,2026-03-01T06:31:00+00:00,50.31404216738585,kW,BAD,SYNTHETIC_ML_DATASET,DRIFT,1
MTR,PRESS_001,2026-03-01T06:31:00+00:00,994.6186844155382,hPa,BAD,SYNTHETIC_ML_DATASET,DRIFT,1
MTR,TEMP_001,2026-03-01T06:31:00+00:00,-4.246862159251305,°C,BAD,SYNTHETIC_ML_DATASET,DRIFT,1
MTR,VIB_001,2026-03-01T06:31:00+00:00,1.1775433904146162,mm/s,BAD,SYNTHETIC_ML_DATASET,DRIFT,1
MTR,HUM_001,2026-03-01T06:32:00+00:00,74.31746036728818,%,BAD,SYNTHETIC_ML_DATASET,DRIFT,1
MTR,POWER_001,2026-03-01T06:32:00+00:00,49.59294000334717,kW,BAD,SYNTHETIC_ML_DATASET,DRIFT,1
MTR,PRESS_001,2026-03-01T06:32:00+00:00,994.5905815033462,hPa,BAD,SYNTHETIC_ML_DATASET,DRIFT,1
MTR,TEMP_001,2026-03-01T06:32:00+00:00,-4.420075890800184,°C,BAD,SYNTHETIC_ML_DATASET,DRIFT,1
MTR,VIB_001,2026-03-01T06:32:00+00:00,1.2135429036790863,mm/s,BAD,SYNTHETIC_ML_DATASET,DRIFT,1
MTR,HUM_001,2026-03-01T06:33:00+00:00,75.49605328472569,%,BAD,SYNTHETIC_ML_DATASET,DRIFT,1
MTR,POWER_001,2026-03-01T06:33:00+00:00,50.80789102264099,kW,BAD,SYNTHETIC_ML_DATASET,DRIFT,1
MTR,PRESS_001,2026-03-01T06:33:00+00:00,995.0420622481781,hPa,BAD,SYNTHETIC_ML_DATASET,DRIFT,1
MTR,TEMP_001,2026-03-01T06:33:00+00:00,-4.0771503463305,°C,BAD,SYNTHETIC_ML_DATASET,DRIFT,1
MTR,VIB_001,2026-03-01T06:33:00+00:00,1.218077535935422,mm/s,BAD,SYNTHETIC_ML_DATASET,DRIFT,1
MTR,HUM_001,2026-03-01T06:34:00+00:00,75.88038209550388,%,BAD,SYNTHETIC_ML_DATASET,DRIFT,1
MTR,POWER_001,2026-03-01T06:34:00+00:00,50.69177494053421,kW,BAD,SYNTHETIC_ML_DATASET,DRIFT,1
MTR,PRESS_001,2026-03-01T06:34:00+00:00,994.9073235989873,hPa,BAD,SYNTHETIC_ML_DATASET,DRIFT,1
MTR,TEMP_001,2026-03-01T06:34:00+00:00,-4.18008737781151,°C,BAD,SYNTHETIC_ML_DATASET,DRIFT,1
MTR,VIB_001,2026-03-01T06:34:00+00:00,1.2196065708718198,mm/s,BAD,SYNTHETIC_ML_DATASET,DRIFT,1
MTR,HUM_001,2026-03-01T06:35:00+00:00,64.84513447299288,%,GOOD,SYNTHETIC_ML_DATASET,NORMAL,0
MTR,POWER_001,2026-03-01T06:35:00+00:00,42.05355972150978,kW,GOOD,SYNTHETIC_ML_DATASET,NORMAL,0
MTR,PRESS_001,2026-03-01T06:35:00+00:00,991.910699316192,hPa,GOOD,SYNTHETIC_ML_DATASET,NORMAL,0
MTR,TEMP_001,2026-03-01T06:35:00+00:00,-10.392041781581977,°C,GOOD,SYNTHETIC_ML_DATASET,NORMAL,0
MTR,VIB_001,2026-03-01T06:35:00+00:00,0.988943042547325,mm/s,GOOD,SYNTHETIC_ML_DATASET,NORMAL,0
MTR,HUM_001,2026-03-01T06:36:00+00:00,64.30404502722362,%,GOOD,SYNTHETIC_ML_DATASET,NORMAL,0
MTR,POWER_001,2026-03-01T06:36:00+00:00,42.31886584579674,kW,GOOD,SYNTHETIC_ML_DATASET,NORMAL,0
MTR,PRESS_001,2026-03-01T06:36:00+00:00,992.1123059090413,hPa,GOOD,SYNTHETIC_ML_DATASET,NORMAL,0
MTR,TEMP_001,2026-03-01T06:36:00+00:00,-10.492915398263031,°C,GOOD,SYNTHETIC_ML_DATASET,NORMAL,0
MTR,VIB_001,2026-03-01T06:36:00+00:00,1.0241967458639145,mm/s,GOOD,SYNTHETIC_ML_DATASET,NORMAL,0
MTR,HUM_001,2026-03-01T06:37:00+00:00,63.69789556142808,%,GOOD,SYNTHETIC_ML_DATASET,NORMAL,0
MTR,POWER_001,2026-03-01T06:37:00+00:00,41.66325688857759,kW,GOOD,SYNTHETIC_ML_DATASET,NORMAL,0
MTR,PRESS_001,2026-03-01T06:37:00+00:00,992.1489371472678,hPa,GOOD,SYNTHETIC_ML_DATASET,NORMAL,0
MTR,TEMP_001,2026-03-01T06:37:00+00:00,-10.582612516273818,°C,GOOD,SYNTHETIC_ML_DATASET,NORMAL,0
MTR,VIB_001,2026-03-01T06:37:00+00:00,0.9998381696800928,mm/s,GOOD,SYNTHETIC_ML_DATASET,NORMAL,0
MTR,HUM_001,2026-03-01T06:38:00+00:00,64.33658947543658,%,GOOD,SYNTHETIC_ML_DATASET,NORMAL,0
MTR,POWER_001,2026-03-01T06:38:00+00:00,42.42763191802672,kW,GOOD,SYNTHETIC_ML_DATASET,NORMAL,0
MTR,PRESS_001,2026-03-01T06:38:00+00:00,992.2203355876974,hPa,GOOD,SYNTHETIC_ML_DATASET,NORMAL,0
MTR,TEMP_001,2026-03-01T06:38:00+00:00,-10.4277962808444,°C,GOOD,SYNTHETIC_ML_DATASET,NORMAL,0
MTR,VIB_001,2026-03-01T06:38:00+00:00,0.9996420656373041,mm/s,GOOD,SYNTHETIC_ML_DATASET,NORMAL,0
MTR,HUM_001,2026-03-01T06:39:00+00:00,63.64846523352028,%,GOOD,SYNTHETIC_ML_DATASET,NORMAL,0
MTR,POWER_001,2026-03-01T06:39:00+00:00,42.73925798188565,kW,GOOD,SYNTHETIC_ML_DATASET,NORMAL,0
MTR,PRESS_001,2026-03-01T06:39:00+00:00,992.4216852928315,hPa,GOOD,SYNTHETIC_ML_DATASET,NORMAL,0
MTR,TEMP_001,2026-03-01T06:39:00+00:00,-10.78022211324804,°C,GOOD,SYNTHETIC_ML_DATASET,NORMAL,0
MTR,VIB_001,2026-03-01T06:39:00+00:00,0.9711748082763925,mm/s,GOOD,SYNTHETIC_ML_DATASET,NORMAL,0
MTR,HUM_001,2026-03-01T06:40:00+00:00,64.46791134451871,%,GOOD,SYNTHETIC_ML_DATASET,NORMAL,0
MTR,POWER_001,2026-03-01T06:40:00+00:00,42.36878319553714,kW,GOOD,SYNTHETIC_ML_DATASET,NORMAL,0
MTR,PRESS_001,2026-03-01T06:40:00+00:00,992.3289571160722,hPa,GOOD,SYNTHETIC_ML_DATASET,NORMAL,0
MTR,TEMP_001,2026-03-01T06:40:00+00:00,-10.437548398753606,°C,GOOD,SYNTHETIC_ML_DATASET,NORMAL,0
MTR,VIB_001,2026-03-01T06:40:00+00:00,0.9872167633859835,mm/s,GOOD,SYNTHETIC_ML_DATASET,NORMAL,0
MTR,HUM_001,2026-03-01T06:41:00+00:00,65.23806071031426,%,GOOD,SYNTHETIC_ML_DATASET,NORMAL,0
MTR,POWER_001,2026-03-01T06:41:00+00:00,42.5882435589245,kW,GOOD,SYNTHETIC_ML_DATASET,NORMAL,0
MTR,PRESS_001,2026-03-01T06:41:00+00:00,992.3517466592164,hPa,GOOD,SYNTHETIC_ML_DATASET,NORMAL,0
MTR,TEMP_001,2026-03-01T06:41:00+00:00,-10.631238759196567,°C,GOOD,SYNTHETIC_ML_DATASET,NORMAL,0
MTR,VIB_001,2026-03-01T06:41:00+00:00,1.003330985359848,mm/s,GOOD,SYNTHETIC_ML_DATASET,NORMAL,0
MTR,HUM_001,2026-03-01T06:42:00+00:00,64.2669456043461,%,GOOD,SYNTHETIC_ML_DATASET,NORMAL,0
MTR,POWER_001,2026-03-01T06:42:00+00:00,42.97340278194837,kW,GOOD,SYNTHETIC_ML_DATASET,NORMAL,0
MTR,PRESS_001,2026-03-01T06:42:00+00:00,992.2355455695164,hPa,GOOD,SYNTHETIC_ML_DATASET,NORMAL,0
MTR,TEMP_001,2026-03-01T06:42:00+00:00,-10.537012326312038,°C,GOOD,SYNTHETIC_ML_DATASET,NORMAL,0
MTR,VIB_001,2026-03-01T06:42:00+00:00,1.0192013342463893,mm/s,GOOD,SYNTHETIC_ML_DATASET,NORMAL,0
MTR,HUM_001,2026-03-01T06:43:00+00:00,65.33236156550188,%,GOOD,SYNTHETIC_ML_DATASET,NORMAL,0
MTR,POWER_001,2026-03-01T06:43:00+00:00,41.990931786389396,kW,GOOD,SYNTHETIC_ML_DATASET,NORMAL,0
MTR,PRESS_001,2026-03-01T06:43:00+00:00,992.2569847002374,hPa,GOOD,SYNTHETIC_ML_DATASET,NORMAL,0
MTR,TEMP_001,2026-03-01T06:43:00+00:00,-10.62215772232171,°C,GOOD,SYNTHETIC_ML_DATASET,NORMAL,0
MTR,VIB_001,2026-03-01T06:43:00+00:00,0.9892998184402628,mm/s,GOOD,SYNTHETIC_ML_DATASET,NORMAL,0
MTR,HUM_001,2026-03-01T06:44:00+00:00,65.14566046317087,%,GOOD,SYNTHETIC_ML_DATASET,NORMAL,0
MTR,POWER_001,2026-03-01T06:44:00+00:00,41.55401843768528,kW,GOOD,SYNTHETIC_ML_DATASET,NORMAL,0
MTR,PRESS_001,2026-03-01T06:44:00+00:00,992.1950700610162,hPa,GOOD,SYNTHETIC_ML_DATASET,NORMAL,0
MTR,TEMP_001,2026-03-01T06:44:00+00:00,-10.588273096759831,°C,GOOD,SYNTHETIC_ML_DATASET,NORMAL,0
MTR,VIB_001,2026-03-01T06:44:00+00:00,1.0018243562332219,mm/s,GOOD,SYNTHETIC_ML_DATASET,NORMAL,0
MTR,HUM_001,2026-03-01T06:45:00+00:00,64.75146676334573,%,GOOD,SYNTHETIC_ML_DATASET,NORMAL,0
MTR,POWER_001,2026-03-01T06:45:00+00:00,41.57220036925484,kW,GOOD,SYNTHETIC_ML_DATASET,NORMAL,0
MTR,PRESS_001,2026-03-01T06:45:00+00:00,992.0641041348002,hPa,GOOD,SYNTHETIC_ML_DATASET,NORMAL,0
MTR,TEMP_001,2026-03-01T06:45:00+00:00,-10.442596611019534,°C,GOOD,SYNTHETIC_ML_DATASET,NORMAL,0
MTR,VIB_001,2026-03-01T06:45:00+00:00,1.0033492388021021,mm/s,GOOD,SYNTHETIC_ML_DATASET,NORMAL,0
MTR,HUM_001,2026-03-01T06:46:00+00:00,63.469259073500936,%,GOOD,SYNTHETIC_ML_DATASET,NORMAL,0
MTR,POWER_001,2026-03-01T06:46:00+00:00,42.068508440665056,kW,GOOD,SYNTHETIC_ML_DATASET,NORMAL,0
MTR,PRESS_001,2026-03-01T06:46:00+00:00,992.1201057355747,hPa,GOOD,SYNTHETIC_ML_DATASET,NORMAL,0
MTR,TEMP_001,2026-03-01T06:46:00+00:00,-10.5212798907134,°C,GOOD,SYNTHETIC_ML_DATASET,NORMAL,0
MTR,VIB_001,2026-03-01T06:46:00+00:00,1.0144286515772485,mm/s,GOOD,SYNTHETIC_ML_DATASET,NORMAL,0
MTR,HUM_001,2026-03-01T06:47:00+00:00,63.181432823508814,%,GOOD,SYNTHETIC_ML_DATASET,NORMAL,0
MTR,POWER_001,2026-03-01T06:47:00+00:00,41.36742328132783,kW,GOOD,SYNTHETIC_ML_DATASET,NORMAL,0
MTR,PRESS_001,2026-03-01T06:47:00+00:00,992.5140963128597,hPa,GOOD,SYNTHETIC_ML_DATASET,NORMAL,0
MTR,TEMP_001,2026-03-01T06:47:00+00:00,-10.38985506760544,°C,GOOD,SYNTHETIC_ML_DATASET,NORMAL,0
MTR,VIB_001,2026-03-01T06:47:00+00:00,1.0352062065957226,mm/s,GOOD,SYNTHETIC_ML_DATASET,NORMAL,0
MTR,HUM_001,2026-03-01T06:48:00+00:00,64.71765899232716,%,GOOD,SYNTHETIC_ML_DATASET,NORMAL,0
MTR,POWER_001,2026-03-01T06:48:00+00:00,42.25240288402073,kW,GOOD,SYNTHETIC_ML_DATASET,NORMAL,0
MTR,PRESS_001,2026-03-01T06:48:00+00:00,992.1961272103968,hPa,GOOD,SYNTHETIC_ML_DATASET,NORMAL,0
MTR,TEMP_001,2026-03-01T06:48:00+00:00,-10.686219225828356,°C,GOOD,SYNTHETIC_ML_DATASET,NORMAL,0
MTR,VIB_001,2026-03-01T06:48:00+00:00,1.0161679071582346,mm/s,GOOD,SYNTHETIC_ML_DATASET,NORMAL,0
MTR,HUM_001,2026-03-01T06:49:00+00:00,63.64686898771155,%,GOOD,SYNTHETIC_ML_DATASET,NORMAL,0
MTR,POWER_001,2026-03-01T06:49:00+00:00,42.12708554936264,kW,GOOD,SYNTHETIC_ML_DATASET,NORMAL,0
MTR,PRESS_001,2026-03-01T06:49:00+00:00,992.2462192514035,hPa,GOOD,SYNTHETIC_ML_DATASET,NORMAL,0
MTR,TEMP_001,2026-03-01T06:49:00+00:00,-10.740852421216868,°C,GOOD,SYNTHETIC_ML_DATASET,NORMAL,0
MTR,VIB_001,2026-03-01T06:49:00+00:00,1.0477808105146615,mm/s,GOOD,SYNTHETIC_ML_DATASET,NORMAL,0
MTR,HUM_001,2026-03-01T06:50:00+00:00,63.42581656697924,%,GOOD,SYNTHETIC_ML_DATASET,NORMAL,0
MTR,POWER_001,2026-03-01T06:50:00+00:00,41.799733918573,kW,GOOD,SYNTHETIC_ML_DATASET,NORMAL,0
MTR,PRESS_001,2026-03-01T06:50:00+00:00,992.0542112483506,hPa,GOOD,SYNTHETIC_ML_DATASET,NORMAL,0
MTR,TEMP_001,2026-03-01T06:50:00+00:00,-11.012391719954941,°C,GOOD,SYNTHETIC_ML_DATASET,NORMAL,0
MTR,VIB_001,2026-03-01T06:50:00+00:00,0.9994175689915669,mm/s,GOOD,SYNTHETIC_ML_DATASET,NORMAL,0
MTR,HUM_001,2026-03-01T06:51:00+00:00,63.952504033350586,%,GOOD,SYNTHETIC_ML_DATASET,NORMAL,0
MTR,POWER_001,2026-03-01T06:51:00+00:00,42.11184598700242,kW,GOOD,SYNTHETIC_ML_DATASET,NORMAL,0
MTR,PRESS_001,2026-03-01T06:51:00+00:00,991.9916581627061,hPa,GOOD,SYNTHETIC_ML_DATASET,NORMAL,0
MTR,TEMP_001,2026-03-01T06:51:00+00:00,-10.86069301039082,°C,GOOD,SYNTHETIC_ML_DATASET,NORMAL,0
MTR,VIB_001,2026-03-01T06:51:00+00:00,0.9530282105080861,mm/s,GOOD,SYNTHETIC_ML_DATASET,NORMAL,0
MTR,HUM_001,2026-03-01T06:52:00+00:00,63.79639216543795,%,GOOD,SYNTHETIC_ML_DATASET,NORMAL,0
MTR,POWER_001,2026-03-01T06:52:00+00:00,40.985096645295904,kW,GOOD,SYNTHETIC_ML_DATASET,NORMAL,0
MTR,PRESS_001,2026-03-01T06:52:00+00:00,992.26759223102,hPa,GOOD,SYNTHETIC_ML_DATASET,NORMAL,0
MTR,TEMP_001,2026-03-01T06:52:00+00:00,-11.440734955959323,°C,GOOD,SYNTHETIC_ML_DATASET,NORMAL,0
MTR,VIB_001,2026-03-01T06:52:00+00:00,0.9579339287395625,mm/s,GOOD,SYNTHETIC_ML_DATASET,NORMAL,0
MTR,HUM_001,2026-03-01T06:53:00+00:00,63.2268648925592,%,GOOD,SYNTHETIC_ML_DATASET,NORMAL,0
MTR,POWER_001,2026-03-01T06:53:00+00:00,41.41129778623233,kW,GOOD,SYNTHETIC_ML_DATASET,NORMAL,0
MTR,PRESS_001,2026-03-01T06:53:00+00:00,992.0358646253461,hPa,GOOD,SYNTHETIC_ML_DATASET,NORMAL,0
MTR,TEMP_001,2026-03-01T06:53:00+00:00,-10.951471979080752,°C,GOOD,SYNTHETIC_ML_DATASET,NORMAL,0
MTR,VIB_001,2026-03-01T06:53:00+00:00,0.9703288192418121,mm/s,GOOD,SYNTHETIC_ML_DATASET,NORMAL,0
MTR,HUM_001,2026-03-01T06:54:00+00:00,62.776893692546594,%,GOOD,SYNTHETIC_ML_DATASET,NORMAL,0
MTR,POWER_001,2026-03-01T06:54:00+00:00,40.69116317534351,kW,GOOD,SYNTHETIC_ML_DATASET,NORMAL,0
MTR,PRESS_001,2026-03-01T06:54:00+00:00,991.9950170647992,hPa,GOOD,SYNTHETIC_ML_DATASET,NORMAL,0
MTR,TEMP_001,2026-03-01T06:54:00+00:00,-10.948628426368538,°C,GOOD,SYNTHETIC_ML_DATASET,NORMAL,0
MTR,VIB_001,2026-03-01T06:54:00+00:00,0.9343351615023,mm/s,GOOD,SYNTHETIC_ML_DATASET,NORMAL,0
MTR,HUM_001,2026-03-01T06:55:00+00:00,63.146481837034344,%,GOOD,SYNTHETIC_ML_DATASET,NORMAL,0
MTR,POWER_001,2026-03-01T06:55:00+00:00,41.849805651258855,kW,GOOD,SYNTHETIC_ML_DATASET,NORMAL,0
MTR,PRESS_001,2026-03-01T06:55:00+00:00,991.9959904690293,hPa,GOOD,SYNTHETIC_ML_DATASET,NORMAL,0
MTR,TEMP_001,2026-03-01T06:55:00+00:00,-11.224047597453861,°C,GOOD,SYNTHETIC_ML_DATASET,NORMAL,0
MTR,VIB_001,2026-03-01T06:55:00+00:00,0.9396153926909198,mm/s,GOOD,SYNTHETIC_ML_DATASET,NORMAL,0
MTR,HUM_001,2026-03-01T06:56:00+00:00,63.62110413191611,%,GOOD,SYNTHETIC_ML_DATASET,NORMAL,0
MTR,POWER_001,2026-03-01T06:56:00+00:00,41.58933012790456,kW,GOOD,SYNTHETIC_ML_DATASET,NORMAL,0
MTR,PRESS_001,2026-03-01T06:56:00+00:00,992.157926172833,hPa,GOOD,SYNTHETIC_ML_DATASET,NORMAL,0
MTR,TEMP_001,2026-03-01T06:56:00+00:00,-10.671580903229746,°C,GOOD,SYNTHETIC_ML_DATASET,NORMAL,0
MTR,VIB_001,2026-03-01T06:56:00+00:00,0.9474989802825566,mm/s,GOOD,SYNTHETIC_ML_DATASET,NORMAL,0
MTR,HUM_001,2026-03-01T06:57:00+00:00,64.12368508120419,%,GOOD,SYNTHETIC_ML_DATASET,NORMAL,0
MTR,POWER_001,2026-03-01T06:57:00+00:00,41.54504166405743,kW,GOOD,SYNTHETIC_ML_DATASET,NORMAL,0
MTR,PRESS_001,2026-03-01T06:57:00+00:00,991.7904691259886,hPa,GOOD,SYNTHETIC_ML_DATASET,NORMAL,0
MTR,TEMP_001,2026-03-01T06:57:00+00:00,-10.704988603616608,°C,GOOD,SYNTHETIC_ML_DATASET,NORMAL,0
MTR,VIB_001,2026-03-01T06:57:00+00:00,0.949735902411821,mm/s,GOOD,SYNTHETIC_ML_DATASET,NORMAL,0
MTR,HUM_001,2026-03-01T06:58:00+00:00,63.49337972370252,%,GOOD,SYNTHETIC_ML_DATASET,NORMAL,0
MTR,POWER_001,2026-03-01T06:58:00+00:00,41.33258500233248,kW,GOOD,SYNTHETIC_ML_DATASET,NORMAL,0
MTR,PRESS_001,2026-03-01T06:58:00+00:00,992.049545974403,hPa,GOOD,SYNTHETIC_ML_DATASET,NORMAL,0
MTR,TEMP_001,2026-03-01T06:58:00+00:00,-10.711812158379443,°C,GOOD,SYNTHETIC_ML_DATASET,NORMAL,0
MTR,VIB_001,2026-03-01T06:58:00+00:00,0.9724753747099943,mm/s,GOOD,SYNTHETIC_ML_DATASET,NORMAL,0
MTR,HUM_001,2026-03-01T06:59:00+00:00,63.425616162100695,%,GOOD,SYNTHETIC_ML_DATASET,NORMAL,0
MTR,POWER_001,2026-03-01T06:59:00+00:00,41.34602936452233,kW,GOOD,SYNTHETIC_ML_DATASET,NORMAL,0
MTR,PRESS_001,2026-03-01T06:59:00+00:00,992.041595279524,hPa,GOOD,SYNTHETIC_ML_DATASET,NORMAL,0
MTR,TEMP_001,2026-03-01T06:59:00+00:00,-10.707977312520521,°C,GOOD,SYNTHETIC_ML_DATASET,NORMAL,0
MTR,VIB_001,2026-03-01T06:59:00+00:00,0.9811799269685201,mm/s,GOOD,SYNTHETIC_ML_DATASET,NORMAL,0
MTR,HUM_001,2026-03-01T07:00:00+00:00,63.96128033181381,%,GOOD,SYNTHETIC_ML_DATASET,NORMAL,0
MTR,POWER_001,2026-03-01T07:00:00+00:00,41.74878939225008,kW,GOOD,SYNTHETIC_ML_DATASET,NORMAL,0
MTR,PRESS_001,2026-03-01T07:00:00+00:00,992.037801513247,hPa,GOOD,SYNTHETIC_ML_DATASET,NORMAL,0
MTR,TEMP_001,2026-03-01T07:00:00+00:00,-10.735779889387478,°C,GOOD,SYNTHETIC_ML_DATASET,NORMAL,0
MTR,VIB_001,2026-03-01T07:00:00+00:00,0.9709961993554928,mm/s,GOOD,SYNTHETIC_ML_DATASET,NORMAL,0
MTR,HUM_001,2026-03-01T07:01:00+00:00,63.99845722715276,%,GOOD,SYNTHETIC_ML_DATASET,NORMAL,0
MTR,POWER_001,2026-03-01T07:01:00+00:00,42.02610935519694,kW,GOOD,SYNTHETIC_ML_DATASET,NORMAL,0
MTR,PRESS_001,2026-03-01T07:01:00+00:00,991.7654964821993,hPa,GOOD,SYNTHETIC_ML_DATASET,NORMAL,0
MTR,TEMP_001,2026-03-01T07:01:00+00:00,-10.819792372207141,°C,GOOD,SYNTHETIC_ML_DATASET,NORMAL,0
MTR,VIB_001,2026-03-01T07:01:00+00:00,0.9505634582916218,mm/s,GOOD,SYNTHETIC_ML_DATASET,NORMAL,0
MTR,HUM_001,2026-03-01T07:02:00+00:00,63.430870390031934,%,GOOD,SYNTHETIC_ML_DATASET,NORMAL,0
MTR,POWER_001,2026-03-01T07:02:00+00:00,42.1774829498597,kW,GOOD,SYNTHETIC_ML_DATASET,NORMAL,0
MTR,PRESS_001,2026-03-01T07:02:00+00:00,991.9979666473023,hPa,GOOD,SYNTHETIC_ML_DATASET,NORMAL,0
MTR,TEMP_001,2026-03-01T07:02:00+00:00,-10.793977281497146,°C,GOOD,SYNTHETIC_ML_DATASET,NORMAL,0
MTR,VIB_001,2026-03-01T07:02:00+00:00,0.9903011443069017,mm/s,GOOD,SYNTHETIC_ML_DATASET,NORMAL,0
MTR,HUM_001,2026-03-01T07:03:00+00:00,64.72249811911084,%,GOOD,SYNTHETIC_ML_DATASET,NORMAL,0
MTR,POWER_001,2026-03-01T07:03:00+00:00,42.08943871437539,kW,GOOD,SYNTHETIC_ML_DATASET,NORMAL,0
MTR,PRESS_001,2026-03-01T07:03:00+00:00,991.8826363087929,hPa,GOOD,SYNTHETIC_ML_DATASET,NORMAL,0
MTR,TEMP_001,2026-03-01T07:03:00+00:00,-10.795466995929067,°C,GOOD,SYNTHETIC_ML_DATASET,NORMAL,0
MTR,VIB_001,2026-03-01T07:03:00+00:00,0.9771488912042393,mm/s,GOOD,SYNTHETIC_ML_DATASET,NORMAL,0
MTR,HUM_001,2026-03-01T07:04:00+00:00,64.31630892989659,%,GOOD,SYNTHETIC_ML_DATASET,NORMAL,0
MTR,POWER_001,2026-03-01T07:04:00+00:00,41.72099055533782,kW,GOOD,SYNTHETIC_ML_DATASET,NORMAL,0
MTR,PRESS_001,2026-03-01T07:04:00+00:00,991.9372514691224,hPa,GOOD,SYNTHETIC_ML_DATASET,NORMAL,0
MTR,TEMP_001,2026-03-01T07:04:00+00:00,-11.045749868379081,°C,GOOD,SYNTHETIC_ML_DATASET,NORMAL,0
MTR,VIB_001,2026-03-01T07:04:00+00:00,0.9985823990452893,mm/s,GOOD,SYNTHETIC_ML_DATASET,NORMAL,0
MTR,HUM_001,2026-03-01T07:05:00+00:00,64.26562682789519,%,GOOD,SYNTHETIC_ML_DATASET,NORMAL,0
MTR,POWER_001,2026-03-01T07:05:00+00:00,42.12075040505019,kW,GOOD,SYNTHETIC_ML_DATASET,NORMAL,0
MTR,PRESS_001,2026-03-01T07:05:00+00:00,992.0009971334655,hPa,GOOD,SYNTHETIC_ML_DATASET,NORMAL,0
MTR,TEMP_001,2026-03-01T07:05:00+00:00,-11.223402428911866,°C,GOOD,SYNTHETIC_ML_DATASET,NORMAL,0
MTR,VIB_001,2026-03-01T07:05:00+00:00,0.9868335840932962,mm/s,GOOD,SYNTHETIC_ML_DATASET,NORMAL,0
MTR,HUM_001,2026-03-01T07:06:00+00:00,63.82094959808845,%,GOOD,SYNTHETIC_ML_DATASET,NORMAL,0
MTR,POWER_001,2026-03-01T07:06:00+00:00,42.266585355679034,kW,GOOD,SYNTHETIC_ML_DATASET,NORMAL,0
MTR,PRESS_001,2026-03-01T07:06:00+00:00,992.2502353831974,hPa,GOOD,SYNTHETIC_ML_DATASET,NORMAL,0
MTR,TEMP_001,2026-03-01T07:06:00+00:00,-10.890523752213083,°C,GOOD,SYNTHETIC_ML_DATASET,NORMAL,0
MTR,VIB_001,2026-03-01T07:06:00+00:00,0.980934270697055,mm/s,GOOD,SYNTHETIC_ML_DATASET,NORMAL,0
MTR,HUM_001,2026-03-01T07:07:00+00:00,63.53582784141698,%,GOOD,SYNTHETIC_ML_DATASET,NORMAL,0
MTR,POWER_001,2026-03-01T07:07:00+00:00,42.4543986589612,kW,GOOD,SYNTHETIC_ML_DATASET,NORMAL,0
MTR,PRESS_001,2026-03-01T07:07:00+00:00,992.1928019927948,hPa,GOOD,SYNTHETIC_ML_DATASET,NORMAL,0
MTR,TEMP_001,2026-03-01T07:07:00+00:00,-10.70113938236849,°C,GOOD,SYNTHETIC_ML_DATASET,NORMAL,0
MTR,VIB_001,2026-03-01T07:07:00+00:00,0.9559412914965515,mm/s,GOOD,SYNTHETIC_ML_DATASET,NORMAL,0
MTR,HUM_001,2026-03-01T07:08:00+00:00,63.32696344207953,%,GOOD,SYNTHETIC_ML_DATASET,NORMAL,0
MTR,POWER_001,2026-03-01T07:08:00+00:00,42.55386283986734,kW,GOOD,SYNTHETIC_ML_DATASET,NORMAL,0
MTR,PRESS_001,2026-03-01T07:08:00+00:00,992.1632755794924,hPa,GOOD,SYNTHETIC_ML_DATASET,NORMAL,0
MTR,TEMP_001,2026-03-01T07:08:00+00:00,-10.874034798756611,°C,GOOD,SYNTHETIC_ML_DATASET,NORMAL,0
MTR,VIB_001,2026-03-01T07:08:00+00:00,0.910016620082031,mm/s,GOOD,SYNTHETIC_ML_DATASET,NORMAL,0
MTR,HUM_001,2026-03-01T07:09:00+00:00,63.277675588871155,%,GOOD,SYNTHETIC_ML_DATASET,NORMAL,0
MTR,POWER_001,2026-03-01T07:09:00+00:00,41.80644064314638,kW,GOOD,SYNTHETIC_ML_DATASET,NORMAL,0
MTR,PRESS_001,2026-03-01T07:09:00+00:00,992.0552207422038,hPa,GOOD,SYNTHETIC_ML_DATASET,NORMAL,0
MTR,TEMP_001,2026-03-01T07:09:00+00:00,-10.817839504329731,°C,GOOD,SYNTHETIC_ML_DATASET,NORMAL,0
MTR,VIB_001,2026-03-01T07:09:00+00:00,0.9274110985953447,mm/s,GOOD,SYNTHETIC_ML_DATASET,NORMAL,0
MTR,HUM_001,2026-03-01T07:10:00+00:00,63.13906502381348,%,GOOD,SYNTHETIC_ML_DATASET,NORMAL,0
MTR,POWER_001,2026-03-01T07:10:00+00:00,41.64123592700463,kW,GOOD,SYNTHETIC_ML_DATASET,NORMAL,0
MTR,PRESS_001,2026-03-01T07:10:00+00:00,992.0091492426103,hPa,GOOD,SYNTHETIC_ML_DATASET,NORMAL,0
MTR,TEMP_001,2026-03-01T07:10:00+00:00,-11.059184103141057,°C,GOOD,SYNTHETIC_ML_DATASET,NORMAL,0
MTR,VIB_001,2026-03-01T07:10:00+00:00,0.9566323452857157,mm/s,GOOD,SYNTHETIC_ML_DATASET,NORMAL,0
MTR,HUM_001,2026-03-01T07:11:00+00:00,63.11703780213766,%,GOOD,SYNTHETIC_ML_DATASET,NORMAL,0
MTR,POWER_001,2026-03-01T07:11:00+00:00,42.1765469661593,kW,GOOD,SYNTHETIC_ML_DATASET,NORMAL,0
MTR,PRESS_001,2026-03-01T07:11:00+00:00,992.0991651364178,hPa,GOOD,SYNTHETIC_ML_DATASET,NORMAL,0
MTR,TEMP_001,2026-03-01T07:11:00+00:00,-11.09821829588868,°C,GOOD,SYNTHETIC_ML_DATASET,NORMAL,0
MTR,VIB_001,2026-03-01T07:11:00+00:00,0.9685161055684216,mm/s,GOOD,SYNTHETIC_ML_DATASET,NORMAL,0
MTR,HUM_001,2026-03-01T07:12:00+00:00,62.77113563548808,%,GOOD,SYNTHETIC_ML_DATASET,NORMAL,0
MTR,POWER_001,2026-03-01T07:12:00+00:00,42.55262920125687,kW,GOOD,SYNTHETIC_ML_DATASET,NORMAL,0
MTR,PRESS_001,2026-03-01T07:12:00+00:00,992.1852402567692,hPa,GOOD,SYNTHETIC_ML_DATASET,NORMAL,0
MTR,TEMP_001,2026-03-01T07:12:00+00:00,-11.09842252317866,°C,GOOD,SYNTHETIC_ML_DATASET,NORMAL,0
MTR,VIB_001,2026-03-01T07:12:00+00:00,0.9615658616195675,mm/s,GOOD,SYNTHETIC_ML_DATASET,NORMAL,0
MTR,HUM_001,2026-03-01T07:13:00+00:00,63.643373091936596,%,GOOD,SYNTHETIC_ML_DATASET,NORMAL,0
MTR,POWER_001,2026-03-01T07:13:00+00:00,41.68203623471724,kW,GOOD,SYNTHETIC_ML_DATASET,NORMAL,0
MTR,PRESS_001,2026-03-01T07:13:00+00:00,992.1041271106485,hPa,GOOD,SYNTHETIC_ML_DATASET,NORMAL,0
MTR,TEMP_001,2026-03-01T07:13:00+00:00,-11.38111213337717,°C,GOOD,SYNTHETIC_ML_DATASET,NORMAL,0
MTR,VIB_001,2026-03-01T07:13:00+00:00,0.9856204007334205,mm/s,GOOD,SYNTHETIC_ML_DATASET,NORMAL,0
MTR,HUM_001,2026-03-01T07:14:00+00:00,64.86225085380924,%,GOOD,SYNTHETIC_ML_DATASET,NORMAL,0
MTR,POWER_001,2026-03-01T07:14:00+00:00,42.553716091091744,kW,GOOD,SYNTHETIC_ML_DATASET,NORMAL,0
MTR,PRESS_001,2026-03-01T07:14:00+00:00,992.0128651647784,hPa,GOOD,SYNTHETIC_ML_DATASET,NORMAL,0
MTR,TEMP_001,2026-03-01T07:14:00+00:00,-11.017159253423413,°C,GOOD,SYNTHETIC_ML_DATASET,NORMAL,0
MTR,VIB_001,2026-03-01T07:14:00+00:00,0.9666730445071258,mm/s,GOOD,SYNTHETIC_ML_DATASET,NORMAL,0
MTR,HUM_001,2026-03-01T07:15:00+00:00,63.771974801092306,%,GOOD,SYNTHETIC_ML_DATASET,NORMAL,0
MTR,POWER_001,2026-03-01T07:15:00+00:00,42.70589465848858,kW,GOOD,SYNTHETIC_ML_DATASET,NORMAL,0
MTR,PRESS_001,2026-03-01T07:15:00+00:00,992.1801131127868,hPa,GOOD,SYNTHETIC_ML_DATASET,NORMAL,0
MTR,TEMP_001,2026-03-01T07:15:00+00:00,-11.114864283948037,°C,GOOD,SYNTHETIC_ML_DATASET,NORMAL,0
MTR,VIB_001,2026-03-01T07:15:00+00:00,0.9739260230378298,mm/s,GOOD,SYNTHETIC_ML_DATASET,NORMAL,0
MTR,HUM_001,2026-03-01T07:16:00+00:00,64.11557840997625,%,GOOD,SYNTHETIC_ML_DATASET,NORMAL,0
MTR,POWER_001,2026-03-01T07:16:00+00:00,41.55302252486515,kW,GOOD,SYNTHETIC_ML_DATASET,NORMAL,0
MTR,PRESS_001,2026-03-01T07:16:00+00:00,992.0346701673099,hPa,GOOD,SYNTHETIC_ML_DATASET,NORMAL,0
MTR,TEMP_001,2026-03-01T07:16:00+00:00,-11.20887926734116,°C,GOOD,SYNTHETIC_ML_DATASET,NORMAL,0
MTR,VIB_001,2026-03-01T07:16:00+00:00,0.9626313395172097,mm/s,GOOD,SYNTHETIC_ML_DATASET,NORMAL,0
MTR,HUM_001,2026-03-01T07:17:00+00:00,63.57670993970638,%,GOOD,SYNTHETIC_ML_DATASET,NORMAL,0
MTR,POWER_001,2026-03-01T07:17:00+00:00,41.80576045915219,kW,GOOD,SYNTHETIC_ML_DATASET,NORMAL,0
MTR,PRESS_001,2026-03-01T07:17:00+00:00,992.1856007668201,hPa,GOOD,SYNTHETIC_ML_DATASET,NORMAL,0
MTR,TEMP_001,2026-03-01T07:17:00+00:00,-11.656251775694939,°C,GOOD,SYNTHETIC_ML_DATASET,NORMAL,0
MTR,VIB_001,2026-03-01T07:17:00+00:00,0.9677698003573086,mm/s,GOOD,SYNTHETIC_ML_DATASET,NORMAL,0
MTR,HUM_001,2026-03-01T07:18:00+00:00,62.88736661496199,%,GOOD,SYNTHETIC_ML_DATASET,NORMAL,0
MTR,POWER_001,2026-03-01T07:18:00+00:00,40.79583915130272,kW,GOOD,SYNTHETIC_ML_DATASET,NORMAL,0
MTR,PRESS_001,2026-03-01T07:18:00+00:00,992.1311555802057,hPa,GOOD,SYNTHETIC_ML_DATASET,NORMAL,0
MTR,TEMP_001,2026-03-01T07:18:00+00:00,-11.468088599729755,°C,GOOD,SYNTHETIC_ML_DATASET,NORMAL,0
MTR,VIB_001,2026-03-01T07:18:00+00:00,0.9611971513949014,mm/s,GOOD,SYNTHETIC_ML_DATASET,NORMAL,0
MTR,HUM_001,2026-03-01T07:19:00+00:00,63.846875180336,%,GOOD,SYNTHETIC_ML_DATASET,NORMAL,0
MTR,POWER_001,2026-03-01T07:19:00+00:00,41.20928632732541,kW,GOOD,SYNTHETIC_ML_DATASET,NORMAL,0
MTR,PRESS_001,2026-03-01T07:19:00+00:00,992.1527328830134,hPa,GOOD,SYNTHETIC_ML_DATASET,NORMAL,0
MTR,TEMP_001,2026-03-01T07:19:00+00:00,-11.079793806293665,°C,GOOD,SYNTHETIC_ML_DATASET,NORMAL,0
MTR,VIB_001,2026-03-01T07:19:00+00:00,0.9236624015826852,mm/s,GOOD,SYNTHETIC_ML_DATASET,NORMAL,0
MTR,HUM_001,2026-03-01T07:20:00+00:00,63.46350617149379,%,GOOD,SYNTHETIC_ML_DATASET,NORMAL,0
MTR,POWER_001,2026-03-01T07:20:00+00:00,41.34597997800152,kW,GOOD,SYNTHETIC_ML_DATASET,NORMAL,0
MTR,PRESS_001,2026-03-01T07:20:00+00:00,992.0216466182607,hPa,GOOD,SYNTHETIC_ML_DATASET,NORMAL,0
MTR,TEMP_001,2026-03-01T07:20:00+00:00,-11.336100215382043,°C,GOOD,SYNTHETIC_ML_DATASET,NORMAL,0
MTR,VIB_001,2026-03-01T07:20:00+00:00,0.8686059824879255,mm/s,GOOD,SYNTHETIC_ML_DATASET,NORMAL,0
MTR,HUM_001,2026-03-01T07:21:00+00:00,62.32590080727873,%,GOOD,SYNTHETIC_ML_DATASET,NORMAL,0
MTR,POWER_001,2026-03-01T07:21:00+00:00,41.73632474584849,kW,GOOD,SYNTHETIC_ML_DATASET,NORMAL,0
MTR,PRESS_001,2026-03-01T07:21:00+00:00,992.0498222905795,hPa,GOOD,SYNTHETIC_ML_DATASET,NORMAL,0
MTR,TEMP_001,2026-03-01T07:21:00+00:00,-11.148249871406582,°C,GOOD,SYNTHETIC_ML_DATASET,NORMAL,0
MTR,VIB_001,2026-03-01T07:21:00+00:00,0.8742848126941309,mm/s,GOOD,SYNTHETIC_ML_DATASET,NORMAL,0
MTR,HUM_001,2026-03-01T07:22:00+00:00,63.18294255027779,%,GOOD,SYNTHETIC_ML_DATASET,NORMAL,0
MTR,POWER_001,2026-03-01T07:22:00+00:00,41.240769917679316,kW,GOOD,SYNTHETIC_ML_DATASET,NORMAL,0
MTR,PRESS_001,2026-03-01T07:22:00+00:00,992.0157624442999,hPa,GOOD,SYNTHETIC_ML_DATASET,NORMAL,0
MTR,TEMP_001,2026-03-01T07:22:00+00:00,-11.347972736106248,°C,GOOD,SYNTHETIC_ML_DATASET,NORMAL,0
MTR,VIB_001,2026-03-01T07:22:00+00:00,0.9001754745732607,mm/s,GOOD,SYNTHETIC_ML_DATASET,NORMAL,0
MTR,HUM_001,2026-03-01T07:23:00+00:00,63.27071886838644,%,GOOD,SYNTHETIC_ML_DATASET,NORMAL,0
MTR,POWER_001,2026-03-01T07:23:00+00:00,41.69159359224782,kW,GOOD,SYNTHETIC_ML_DATASET,NORMAL,0
MTR,PRESS_001,2026-03-01T07:23:00+00:00,991.8724804100368,hPa,GOOD,SYNTHETIC_ML_DATASET,NORMAL,0
MTR,TEMP_001,2026-03-01T07:23:00+00:00,-10.814617509067297,°C,GOOD,SYNTHETIC_ML_DATASET,NORMAL,0
MTR,VIB_001,2026-03-01T07:23:00+00:00,0.8926604907884165,mm/s,GOOD,SYNTHETIC_ML_DATASET,NORMAL,0
MTR,HUM_001,2026-03-01T07:24:00+00:00,62.66083448084288,%,GOOD,SYNTHETIC_ML_DATASET,NORMAL,0
MTR,POWER_001,2026-03-01T07:24:00+00:00,41.582223365433975,kW,GOOD,SYNTHETIC_ML_DATASET,NORMAL,0
MTR,PRESS_001,2026-03-01T07:24:00+00:00,992.0272868548371,hPa,GOOD,SYNTHETIC_ML_DATASET,NORMAL,0
MTR,TEMP_001,2026-03-01T07:24:00+00:00,-11.06782392733221,°C,GOOD,SYNTHETIC_ML_DATASET,NORMAL,0
MTR,VIB_001,2026-03-01T07:24:00+00:00,0.9085890481668683,mm/s,GOOD,SYNTHETIC_ML_DATASET,NORMAL,0
MTR,HUM_001,2026-03-01T07:25:00+00:00,61.78996382456297,%,GOOD,SYNTHETIC_ML_DATASET,NORMAL,0
MTR,POWER_001,2026-03-01T07:25:00+00:00,41.46427221032864,kW,GOOD,SYNTHETIC_ML_DATASET,NORMAL,0
MTR,PRESS_001,2026-03-01T07:25:00+00:00,992.0615099176204,hPa,GOOD,SYNTHETIC_ML_DATASET,NORMAL,0
MTR,TEMP_001,2026-03-01T07:25:00+00:00,-11.14891209396608,°C,GOOD,SYNTHETIC_ML_DATASET,NORMAL,0
MTR,VIB_001,2026-03-01T07:25:00+00:00,0.9079346703112579,mm/s,GOOD,SYNTHETIC_ML_DATASET,NORMAL,0
MTR,HUM_001,2026-03-01T07:26:00+00:00,62.34297739831078,%,GOOD,SYNTHETIC_ML_DATASET,NORMAL,0
MTR,POWER_001,2026-03-01T07:26:00+00:00,41.74915008884521,kW,GOOD,SYNTHETIC_ML_DATASET,NORMAL,0
MTR,PRESS_001,2026-03-01T07:26:00+00:00,992.1064232651254,hPa,GOOD,SYNTHETIC_ML_DATASET,NORMAL,0
MTR,TEMP_001,2026-03-01T07:26:00+00:00,-10.751135011189913,°C,GOOD,SYNTHETIC_ML_DATASET,NORMAL,0
MTR,VIB_001,2026-03-01T07:26:00+00:00,0.9217720338457549,mm/s,GOOD,SYNTHETIC_ML_DATASET,NORMAL,0
MTR,HUM_001,2026-03-01T07:27:00+00:00,62.71169320128312,%,GOOD,SYNTHETIC_ML_DATASET,NORMAL,0
MTR,POWER_001,2026-03-01T07:27:00+00:00,41.260179228698114,kW,GOOD,SYNTHETIC_ML_DATASET,NORMAL,0
MTR,PRESS_001,2026-03-01T07:27:00+00:00,992.121634315172,hPa,GOOD,SYNTHETIC_ML_DATASET,NORMAL,0
MTR,TEMP_001,2026-03-01T07:27:00+00:00,-10.893619547312916,°C,GOOD,SYNTHETIC_ML_DATASET,NORMAL,0
MTR,VIB_001,2026-03-01T07:27:00+00:00,0.9593386614417809,mm/s,GOOD,SYNTHETIC_ML_DATASET,NORMAL,0
MTR,HUM_001,2026-03-01T07:28:00+00:00,62.74753326987328,%,GOOD,SYNTHETIC_ML_DATASET,NORMAL,0
MTR,POWER_001,2026-03-01T07:28:00+00:00,40.93060045798083,kW,GOOD,SYNTHETIC_ML_DATASET,NORMAL,0
MTR,PRESS_001,2026-03-01T07:28:00+00:00,991.9751892144712,hPa,GOOD,SYNTHETIC_ML_DATASET,NORMAL,0
MTR,TEMP_001,2026-03-01T07:28:00+00:00,-11.035503365207388,°C,GOOD,SYNTHETIC_ML_DATASET,NORMAL,0
MTR,VIB_001,2026-03-01T07:28:00+00:00,0.9474844287792216,mm/s,GOOD,SYNTHETIC_ML_DATASET,NORMAL,0
MTR,HUM_001,2026-03-01T07:29:00+00:00,63.37692219475853,%,GOOD,SYNTHETIC_ML_DATASET,NORMAL,0
MTR,POWER_001,2026-03-01T07:29:00+00:00,40.53426401802525,kW,GOOD,SYNTHETIC_ML_DATASET,NORMAL,0
MTR,PRESS_001,2026-03-01T07:29:00+00:00,992.2205230446021,hPa,GOOD,SYNTHETIC_ML_DATASET,NORMAL,0
MTR,TEMP_001,2026-03-01T07:29:00+00:00,-11.038862663537554,°C,GOOD,SYNTHETIC_ML_DATASET,NORMAL,0
MTR,VIB_001,2026-03-01T07:29:00+00:00,0.960563955313875,mm/s,GOOD,SYNTHETIC_ML_DATASET,NORMAL,0
MTR,HUM_001,2026-03-01T07:30:00+00:00,64.05503538275879,%,GOOD,SYNTHETIC_ML_DATASET,NORMAL,0
MTR,POWER_001,2026-03-01T07:30:00+00:00,41.23047203861298,kW,GOOD,SYNTHETIC_ML_DATASET,NORMAL,0
MTR,PRESS_001,2026-03-01T07:30:00+00:00,992.2998271254872,hPa,GOOD,SYNTHETIC_ML_DATASET,NORMAL,0
MTR,TEMP_001,2026-03-01T07:30:00+00:00,-11.016884224777236,°C,GOOD,SYNTHETIC_ML_DATASET,NORMAL,0
MTR,VIB_001,2026-03-01T07:30:00+00:00,0.9418955963872673,mm/s,GOOD,SYNTHETIC_ML_DATASET,NORMAL,0
MTR,HUM_001,2026-03-01T07:31:00+00:00,63.2849047400891,%,GOOD,SYNTHETIC_ML_DATASET,NORMAL,0
MTR,POWER_001,2026-03-01T07:31:00+00:00,40.623398636987055,kW,GOOD,SYNTHETIC_ML_DATASET,NORMAL,0
MTR,PRESS_001,2026-03-01T07:31:00+00:00,992.1202082440325,hPa,GOOD,SYNTHETIC_ML_DATASET,NORMAL,0
MTR,TEMP_001,2026-03-01T07:31:00+00:00,-10.868145021766395,°C,GOOD,SYNTHETIC_ML_DATASET,NORMAL,0
MTR,VIB_001,2026-03-01T07:31:00+00:00,0.9635508491688305,mm/s,GOOD,SYNTHETIC_ML_DATASET,NORMAL,0
MTR,HUM_001,2026-03-01T07:32:00+00:00,63.404092529356866,%,GOOD,SYNTHETIC_ML_DATASET,NORMAL,0
MTR,POWER_001,2026-03-01T07:32:00+00:00,40.648864955153165,kW,GOOD,SYNTHETIC_ML_DATASET,NORMAL,0
MTR,PRESS_001,2026-03-01T07:32:00+00:00,992.045103732842,hPa,GOOD,SYNTHETIC_ML_DATASET,NORMAL,0
MTR,TEMP_001,2026-03-01T07:32:00+00:00,-10.767118050474101,°C,GOOD,SYNTHETIC_ML_DATASET,NORMAL,0
MTR,VIB_001,2026-03-01T07:32:00+00:00,0.9787325983424231,mm/s,GOOD,SYNTHETIC_ML_DATASET,NORMAL,0
MTR,HUM_001,2026-03-01T07:33:00+00:00,63.853253141526096,%,GOOD,SYNTHETIC_ML_DATASET,NORMAL,0
MTR,POWER_001,2026-03-01T07:33:00+00:00,40.96013136688529,kW,GOOD,SYNTHETIC_ML_DATASET,NORMAL,0
MTR,PRESS_001,2026-03-01T07:33:00+00:00,992.1538356837135,hPa,GOOD,SYNTHETIC_ML_DATASET,NORMAL,0
MTR,TEMP_001,2026-03-01T07:33:00+00:00,-10.616101814509536,°C,GOOD,SYNTHETIC_ML_DATASET,NORMAL,0
MTR,VIB_001,2026-03-01T07:33:00+00:00,1.0079907300811937,mm/s,GOOD,SYNTHETIC_ML_DATASET,NORMAL,0
MTR,HUM_001,2026-03-01T07:34:00+00:00,64.47143382724707,%,GOOD,SYNTHETIC_ML_DATASET,NORMAL,0
MTR,POWER_001,2026-03-01T07:34:00+00:00,41.54265513832263,kW,GOOD,SYNTHETIC_ML_DATASET,NORMAL,0
MTR,PRESS_001,2026-03-01T07:34:00+00:00,991.9336140388976,hPa,GOOD,SYNTHETIC_ML_DATASET,NORMAL,0
MTR,TEMP_001,2026-03-01T07:34:00+00:00,-10.368539895608592,°C,GOOD,SYNTHETIC_ML_DATASET,NORMAL,0
MTR,VIB_001,2026-03-01T07:34:00+00:00,0.9369982434677344,mm/s,GOOD,SYNTHETIC_ML_DATASET,NORMAL,0
MTR,HUM_001,2026-03-01T07:35:00+00:00,63.06808241856878,%,GOOD,SYNTHETIC_ML_DATASET,NORMAL,0
MTR,POWER_001,2026-03-01T07:35:00+00:00,40.99549429441025,kW,GOOD,SYNTHETIC_ML_DATASET,NORMAL,0
MTR,PRESS_001,2026-03-01T07:35:00+00:00,992.0461657546728,hPa,GOOD,SYNTHETIC_ML_DATASET,NORMAL,0
MTR,TEMP_001,2026-03-01T07:35:00+00:00,-10.594076031889593,°C,GOOD,SYNTHETIC_ML_DATASET,NORMAL,0
MTR,VIB_001,2026-03-01T07:35:00+00:00,0.9570230619106972,mm/s,GOOD,SYNTHETIC_ML_DATASET,NORMAL,0
MTR,HUM_001,2026-03-01T07:36:00+00:00,63.36797369702566,%,GOOD,SYNTHETIC_ML_DATASET,NORMAL,0
MTR,POWER_001,2026-03-01T07:36:00+00:00,41.197511390843516,kW,GOOD,SYNTHETIC_ML_DATASET,NORMAL,0
MTR,PRESS_001,2026-03-01T07:36:00+00:00,992.2799611160691,hPa,GOOD,SYNTHETIC_ML_DATASET,NORMAL,0
MTR,TEMP_001,2026-03-01T07:36:00+00:00,-10.170740203106444,°C,GOOD,SYNTHETIC_ML_DATASET,NORMAL,0
MTR,VIB_001,2026-03-01T07:36:00+00:00,0.9577015909462118,mm/s,GOOD,SYNTHETIC_ML_DATASET,NORMAL,0
MTR,HUM_001,2026-03-01T07:37:00+00:00,62.692328560503576,%,GOOD,SYNTHETIC_ML_DATASET,NORMAL,0
MTR,POWER_001,2026-03-01T07:37:00+00:00,40.52335833590597,kW,GOOD,SYNTHETIC_ML_DATASET,NORMAL,0
MTR,PRESS_001,2026-03-01T07:37:00+00:00,992.3051065584332,hPa,GOOD,SYNTHETIC_ML_DATASET,NORMAL,0
MTR,TEMP_001,2026-03-01T07:37:00+00:00,-10.586733372291436,°C,GOOD,SYNTHETIC_ML_DATASET,NORMAL,0
MTR,VIB_001,2026-03-01T07:37:00+00:00,0.9516718152394649,mm/s,GOOD,SYNTHETIC_ML_DATASET,NORMAL,0
MTR,HUM_001,2026-03-01T07:38:00+00:00,62.83558014247039,%,GOOD,SYNTHETIC_ML_DATASET,NORMAL,0
MTR,POWER_001,2026-03-01T07:38:00+00:00,40.51317521358992,kW,GOOD,SYNTHETIC_ML_DATASET,NORMAL,0
MTR,PRESS_001,2026-03-01T07:38:00+00:00,992.1533226654757,hPa,GOOD,SYNTHETIC_ML_DATASET,NORMAL,0
MTR,TEMP_001,2026-03-01T07:38:00+00:00,-10.336860675568596,°C,GOOD,SYNTHETIC_ML_DATASET,NORMAL,0
MTR,VIB_001,2026-03-01T07:38:00+00:00,0.9462097889091824,mm/s,GOOD,SYNTHETIC_ML_DATASET,NORMAL,0
MTR,HUM_001,2026-03-01T07:39:00+00:00,63.5305152981746,%,GOOD,SYNTHETIC_ML_DATASET,NORMAL,0
MTR,POWER_001,2026-03-01T07:39:00+00:00,40.19909627433126,kW,GOOD,SYNTHETIC_ML_DATASET,NORMAL,0
MTR,PRESS_001,2026-03-01T07:39:00+00:00,991.9816511346638,hPa,GOOD,SYNTHETIC_ML_DATASET,NORMAL,0
MTR,TEMP_001,2026-03-01T07:39:00+00:00,-10.560231288623447,°C,GOOD,SYNTHETIC_ML_DATASET,NORMAL,0
MTR,VIB_001,2026-03-01T07:39:00+00:00,0.9749363564615957,mm/s,GOOD,SYNTHETIC_ML_DATASET,NORMAL,0
MTR,HUM_001,2026-03-01T07:40:00+00:00,62.99430887756096,%,GOOD,SYNTHETIC_ML_DATASET,NORMAL,0
MTR,POWER_001,2026-03-01T07:40:00+00:00,40.92196889256858,kW,GOOD,SYNTHETIC_ML_DATASET,NORMAL,0
MTR,PRESS_001,2026-03-01T07:40:00+00:00,992.2233846334067,hPa,GOOD,SYNTHETIC_ML_DATASET,NORMAL,0
MTR,TEMP_001,2026-03-01T07:40:00+00:00,-10.465061751772481,°C,GOOD,SYNTHETIC_ML_DATASET,NORMAL,0
MTR,VIB_001,2026-03-01T07:40:00+00:00,0.9528018110509952,mm/s,GOOD,SYNTHETIC_ML_DATASET,NORMAL,0
MTR,HUM_001,2026-03-01T07:41:00+00:00,63.22416921370759,%,GOOD,SYNTHETIC_ML_DATASET,NORMAL,0
MTR,POWER_001,2026-03-01T07:41:00+00:00,40.66983300313401,kW,GOOD,SYNTHETIC_ML_DATASET,NORMAL,0
MTR,PRESS_001,2026-03-01T07:41:00+00:00,992.2215504115918,hPa,GOOD,SYNTHETIC_ML_DATASET,NORMAL,0
MTR,TEMP_001,2026-03-01T07:41:00+00:00,-10.804198358395503,°C,GOOD,SYNTHETIC_ML_DATASET,NORMAL,0
MTR,VIB_001,2026-03-01T07:41:00+00:00,0.9436736244668388,mm/s,GOOD,SYNTHETIC_ML_DATASET,NORMAL,0
MTR,HUM_001,2026-03-01T07:42:00+00:00,63.040884108255696,%,GOOD,SYNTHETIC_ML_DATASET,NORMAL,0
MTR,POWER_001,2026-03-01T07:42:00+00:00,40.49484375522534,kW,GOOD,SYNTHETIC_ML_DATASET,NORMAL,0
MTR,PRESS_001,2026-03-01T07:42:00+00:00,991.9648839290055,hPa,GOOD,SYNTHETIC_ML_DATASET,NORMAL,0
MTR,TEMP_001,2026-03-01T07:42:00+00:00,-10.995559053030716,°C,GOOD,SYNTHETIC_ML_DATASET,NORMAL,0
MTR,VIB_001,2026-03-01T07:42:00+00:00,0.9612933182355424,mm/s,GOOD,SYNTHETIC_ML_DATASET,NORMAL,0
MTR,HUM_001,2026-03-01T07:43:00+00:00,63.74680687525001,%,GOOD,SYNTHETIC_ML_DATASET,NORMAL,0
MTR,POWER_001,2026-03-01T07:43:00+00:00,40.667320346792884,kW,GOOD,SYNTHETIC_ML_DATASET,NORMAL,0
MTR,PRESS_001,2026-03-01T07:43:00+00:00,992.3340270404532,hPa,GOOD,SYNTHETIC_ML_DATASET,NORMAL,0
MTR,TEMP_001,2026-03-01T07:43:00+00:00,-11.02581134585854,°C,GOOD,SYNTHETIC_ML_DATASET,NORMAL,0
MTR,VIB_001,2026-03-01T07:43:00+00:00,0.9958855834676152,mm/s,GOOD,SYNTHETIC_ML_DATASET,NORMAL,0
MTR,HUM_001,2026-03-01T07:44:00+00:00,62.58940973484603,%,GOOD,SYNTHETIC_ML_DATASET,NORMAL,0
MTR,POWER_001,2026-03-01T07:44:00+00:00,41.78332481827652,kW,GOOD,SYNTHETIC_ML_DATASET,NORMAL,0
MTR,PRESS_001,2026-03-01T07:44:00+00:00,991.89157940982,hPa,GOOD,SYNTHETIC_ML_DATASET,NORMAL,0
MTR,TEMP_001,2026-03-01T07:44:00+00:00,-11.064112747033379,°C,GOOD,SYNTHETIC_ML_DATASET,NORMAL,0
MTR,VIB_001,2026-03-01T07:44:00+00:00,0.992394610944616,mm/s,GOOD,SYNTHETIC_ML_DATASET,NORMAL,0
MTR,HUM_001,2026-03-01T07:45:00+00:00,63.46681670117059,%,GOOD,SYNTHETIC_ML_DATASET,NORMAL,0
MTR,POWER_001,2026-03-01T07:45:00+00:00,42.10095087983668,kW,GOOD,SYNTHETIC_ML_DATASET,NORMAL,0
MTR,PRESS_001,2026-03-01T07:45:00+00:00,992.2693954983457,hPa,GOOD,SYNTHETIC_ML_DATASET,NORMAL,0
MTR,TEMP_001,2026-03-01T07:45:00+00:00,-11.240587003698673,°C,GOOD,SYNTHETIC_ML_DATASET,NORMAL,0
MTR,VIB_001,2026-03-01T07:45:00+00:00,0.9805764836986464,mm/s,GOOD,SYNTHETIC_ML_DATASET,NORMAL,0
MTR,HUM_001,2026-03-01T07:46:00+00:00,63.49535048043507,%,GOOD,SYNTHETIC_ML_DATASET,NORMAL,0
MTR,POWER_001,2026-03-01T07:46:00+00:00,41.68777483055752,kW,GOOD,SYNTHETIC_ML_DATASET,NORMAL,0
MTR,PRESS_001,2026-03-01T07:46:00+00:00,992.2767754195945,hPa,GOOD,SYNTHETIC_ML_DATASET,NORMAL,0
MTR,TEMP_001,2026-03-01T07:46:00+00:00,-11.452487456034985,°C,GOOD,SYNTHETIC_ML_DATASET,NORMAL,0
MTR,VIB_001,2026-03-01T07:46:00+00:00,0.9610603937710739,mm/s,GOOD,SYNTHETIC_ML_DATASET,NORMAL,0
MTR,HUM_001,2026-03-01T07:47:00+00:00,63.393833177333676,%,GOOD,SYNTHETIC_ML_DATASET,NORMAL,0
MTR,POWER_001,2026-03-01T07:47:00+00:00,42.15367675099514,kW,GOOD,SYNTHETIC_ML_DATASET,NORMAL,0
MTR,PRESS_001,2026-03-01T07:47:00+00:00,992.2224251403242,hPa,GOOD,SYNTHETIC_ML_DATASET,NORMAL,0
MTR,TEMP_001,2026-03-01T07:47:00+00:00,-11.269795407691383,°C,GOOD,SYNTHETIC_ML_DATASET,NORMAL,0
MTR,VIB_001,2026-03-01T07:47:00+00:00,0.993350565793425,mm/s,GOOD,SYNTHETIC_ML_DATASET,NORMAL,0
MTR,HUM_001,2026-03-01T07:48:00+00:00,63.32949430094156,%,GOOD,SYNTHETIC_ML_DATASET,NORMAL,0
MTR,POWER_001,2026-03-01T07:48:00+00:00,41.38287872888556,kW,GOOD,SYNTHETIC_ML_DATASET,NORMAL,0
MTR,PRESS_001,2026-03-01T07:48:00+00:00,992.1079791045453,hPa,GOOD,SYNTHETIC_ML_DATASET,NORMAL,0
MTR,TEMP_001,2026-03-01T07:48:00+00:00,-11.175736289698056,°C,GOOD,SYNTHETIC_ML_DATASET,NORMAL,0
MTR,VIB_001,2026-03-01T07:48:00+00:00,1.0144841600550143,mm/s,GOOD,SYNTHETIC_ML_DATASET,NORMAL,0
MTR,HUM_001,2026-03-01T07:49:00+00:00,62.676930217180434,%,GOOD,SYNTHETIC_ML_DATASET,NORMAL,0
MTR,POWER_001,2026-03-01T07:49:00+00:00,41.48341712947712,kW,GOOD,SYNTHETIC_ML_DATASET,NORMAL,0
MTR,PRESS_001,2026-03-01T07:49:00+00:00,991.997481282309,hPa,GOOD,SYNTHETIC_ML_DATASET,NORMAL,0
MTR,TEMP_001,2026-03-01T07:49:00+00:00,-11.327222778677232,°C,GOOD,SYNTHETIC_ML_DATASET,NORMAL,0
MTR,VIB_001,2026-03-01T07:49:00+00:00,1.0388336555561986,mm/s,GOOD,SYNTHETIC_ML_DATASET,NORMAL,0
MTR,HUM_001,2026-03-01T07:50:00+00:00,62.88402741249019,%,GOOD,SYNTHETIC_ML_DATASET,NORMAL,0
MTR,POWER_001,2026-03-01T07:50:00+00:00,41.495923982434654,kW,GOOD,SYNTHETIC_ML_DATASET,NORMAL,0
MTR,PRESS_001,2026-03-01T07:50:00+00:00,991.8778476797127,hPa,GOOD,SYNTHETIC_ML_DATASET,NORMAL,0
MTR,TEMP_001,2026-03-01T07:50:00+00:00,-11.036167378804688,°C,GOOD,SYNTHETIC_ML_DATASET,NORMAL,0
MTR,VIB_001,2026-03-01T07:50:00+00:00,1.0316029307323775,mm/s,GOOD,SYNTHETIC_ML_DATASET,NORMAL,0
MTR,HUM_001,2026-03-01T07:51:00+00:00,62.70379245339134,%,GOOD,SYNTHETIC_ML_DATASET,NORMAL,0
MTR,POWER_001,2026-03-01T07:51:00+00:00,41.15557590963614,kW,GOOD,SYNTHETIC_ML_DATASET,NORMAL,0
MTR,PRESS_001,2026-03-01T07:51:00+00:00,991.9125637342913,hPa,GOOD,SYNTHETIC_ML_DATASET,NORMAL,0
MTR,TEMP_001,2026-03-01T07:51:00+00:00,-10.941265464831625,°C,GOOD,SYNTHETIC_ML_DATASET,NORMAL,0
MTR,VIB_001,2026-03-01T07:51:00+00:00,1.001829037985192,mm/s,GOOD,SYNTHETIC_ML_DATASET,NORMAL,0
MTR,HUM_001,2026-03-01T07:52:00+00:00,61.536998033433974,%,GOOD,SYNTHETIC_ML_DATASET,NORMAL,0
MTR,POWER_001,2026-03-01T07:52:00+00:00,41.20826816921788,kW,GOOD,SYNTHETIC_ML_DATASET,NORMAL,0
MTR,PRESS_001,2026-03-01T07:52:00+00:00,991.9274715527649,hPa,GOOD,SYNTHETIC_ML_DATASET,NORMAL,0
MTR,TEMP_001,2026-03-01T07:52:00+00:00,-11.134449041588491,°C,GOOD,SYNTHETIC_ML_DATASET,NORMAL,0
MTR,VIB_001,2026-03-01T07:52:00+00:00,1.0285837606631445,mm/s,GOOD,SYNTHETIC_ML_DATASET,NORMAL,0
MTR,HUM_001,2026-03-01T07:53:00+00:00,61.405293733421765,%,GOOD,SYNTHETIC_ML_DATASET,NORMAL,0
MTR,POWER_001,2026-03-01T07:53:00+00:00,40.57957532221864,kW,GOOD,SYNTHETIC_ML_DATASET,NORMAL,0
MTR,PRESS_001,2026-03-01T07:53:00+00:00,992.0265166428661,hPa,GOOD,SYNTHETIC_ML_DATASET,NORMAL,0
MTR,TEMP_001,2026-03-01T07:53:00+00:00,-11.43588942977318,°C,GOOD,SYNTHETIC_ML_DATASET,NORMAL,0
MTR,VIB_001,2026-03-01T07:53:00+00:00,1.0381375992554858,mm/s,GOOD,SYNTHETIC_ML_DATASET,NORMAL,0
MTR,HUM_001,2026-03-01T07:54:00+00:00,61.95130965869464,%,GOOD,SYNTHETIC_ML_DATASET,NORMAL,0
MTR,POWER_001,2026-03-01T07:54:00+00:00,41.14975738968888,kW,GOOD,SYNTHETIC_ML_DATASET,NORMAL,0
MTR,PRESS_001,2026-03-01T07:54:00+00:00,991.9062158896106,hPa,GOOD,SYNTHETIC_ML_DATASET,NORMAL,0
MTR,TEMP_001,2026-03-01T07:54:00+00:00,-11.091452786247714,°C,GOOD,SYNTHETIC_ML_DATASET,NORMAL,0
MTR,VIB_001,2026-03-01T07:54:00+00:00,0.9977634850275475,mm/s,GOOD,SYNTHETIC_ML_DATASET,NORMAL,0
MTR,HUM_001,2026-03-01T07:55:00+00:00,62.07763666549271,%,GOOD,SYNTHETIC_ML_DATASET,NORMAL,0
MTR,POWER_001,2026-03-01T07:55:00+00:00,40.71427048058723,kW,GOOD,SYNTHETIC_ML_DATASET,NORMAL,0
MTR,PRESS_001,2026-03-01T07:55:00+00:00,992.0074080529312,hPa,GOOD,SYNTHETIC_ML_DATASET,NORMAL,0
MTR,TEMP_001,2026-03-01T07:55:00+00:00,-11.129415185893947,°C,GOOD,SYNTHETIC_ML_DATASET,NORMAL,0
MTR,VIB_001,2026-03-01T07:55:00+00:00,1.018893199462755,mm/s,GOOD,SYNTHETIC_ML_DATASET,NORMAL,0
MTR,HUM_001,2026-03-01T07:56:00+00:00,63.0092344119639,%,GOOD,SYNTHETIC_ML_DATASET,NORMAL,0
MTR,POWER_001,2026-03-01T07:56:00+00:00,39.59160146254949,kW,GOOD,SYNTHETIC_ML_DATASET,NORMAL,0
MTR,PRESS_001,2026-03-01T07:56:00+00:00,992.1698192240925,hPa,GOOD,SYNTHETIC_ML_DATASET,NORMAL,0
MTR,TEMP_001,2026-03-01T07:56:00+00:00,-10.71633202060039,°C,GOOD,SYNTHETIC_ML_DATASET,NORMAL,0
MTR,VIB_001,2026-03-01T07:56:00+00:00,1.0473816431592975,mm/s,GOOD,SYNTHETIC_ML_DATASET,NORMAL,0
MTR,HUM_001,2026-03-01T07:57:00+00:00,62.166299965989985,%,GOOD,SYNTHETIC_ML_DATASET,NORMAL,0
MTR,POWER_001,2026-03-01T07:57:00+00:00,40.25728708929512,kW,GOOD,SYNTHETIC_ML_DATASET,NORMAL,0
MTR,PRESS_001,2026-03-01T07:57:00+00:00,992.2721916804502,hPa,GOOD,SYNTHETIC_ML_DATASET,NORMAL,0
MTR,TEMP_001,2026-03-01T07:57:00+00:00,-11.33741532879197,°C,GOOD,SYNTHETIC_ML_DATASET,NORMAL,0
MTR,VIB_001,2026-03-01T07:57:00+00:00,1.0154533071301153,mm/s,GOOD,SYNTHETIC_ML_DATASET,NORMAL,0
MTR,HUM_001,2026-03-01T07:58:00+00:00,62.07905213882207,%,GOOD,SYNTHETIC_ML_DATASET,NORMAL,0
MTR,POWER_001,2026-03-01T07:58:00+00:00,40.00988454821652,kW,GOOD,SYNTHETIC_ML_DATASET,NORMAL,0
MTR,PRESS_001,2026-03-01T07:58:00+00:00,992.134462898622,hPa,GOOD,SYNTHETIC_ML_DATASET,NORMAL,0
MTR,TEMP_001,2026-03-01T07:58:00+00:00,-11.194735135221222,°C,GOOD,SYNTHETIC_ML_DATASET,NORMAL,0
MTR,VIB_001,2026-03-01T07:58:00+00:00,1.0265806617755033,mm/s,GOOD,SYNTHETIC_ML_DATASET,NORMAL,0
MTR,HUM_001,2026-03-01T07:59:00+00:00,61.3532451761955,%,GOOD,SYNTHETIC_ML_DATASET,NORMAL,0
MTR,POWER_001,2026-03-01T07:59:00+00:00,39.91777235683807,kW,GOOD,SYNTHETIC_ML_DATASET,NORMAL,0
MTR,PRESS_001,2026-03-01T07:59:00+00:00,991.9862544150983,hPa,GOOD,SYNTHETIC_ML_DATASET,NORMAL,0
MTR,TEMP_001,2026-03-01T07:59:00+00:00,-10.654089200799637,°C,GOOD,SYNTHETIC_ML_DATASET,NORMAL,0
MTR,VIB_001,2026-03-01T07:59:00+00:00,0.9961949942719741,mm/s,GOOD,SYNTHETIC_ML_DATASET,NORMAL,0
MTR,HUM_001,2026-03-01T08:00:00+00:00,61.591732732780336,%,GOOD,SYNTHETIC_ML_DATASET,NORMAL,0
MTR,POWER_001,2026-03-01T08:00:00+00:00,40.32520900376979,kW,GOOD,SYNTHETIC_ML_DATASET,NORMAL,0
MTR,PRESS_001,2026-03-01T08:00:00+00:00,992.166666664919,hPa,GOOD,SYNTHETIC_ML_DATASET,NORMAL,0
MTR,TEMP_001,2026-03-01T08:00:00+00:00,-10.82583801203017,°C,GOOD,SYNTHETIC_ML_DATASET,NORMAL,0
MTR,VIB_001,2026-03-01T08:00:00+00:00,1.0221317431169026,mm/s,GOOD,SYNTHETIC_ML_DATASET,NORMAL,0
MTR,HUM_001,2026-03-01T08:01:00+00:00,61.96947998602408,%,GOOD,SYNTHETIC_ML_DATASET,NORMAL,0
MTR,POWER_001,2026-03-01T08:01:00+00:00,40.329487315004386,kW,GOOD,SYNTHETIC_ML_DATASET,NORMAL,0
MTR,PRESS_001,2026-03-01T08:01:00+00:00,992.0171026209833,hPa,GOOD,SYNTHETIC_ML_DATASET,NORMAL,0
MTR,TEMP_001,2026-03-01T08:01:00+00:00,-10.687932699615228,°C,GOOD,SYNTHETIC_ML_DATASET,NORMAL,0
MTR,VIB_001,2026-03-01T08:01:00+00:00,0.9949354645049394,mm/s,GOOD,SYNTHETIC_ML_DATASET,NORMAL,0
MTR,HUM_001,2026-03-01T08:02:00+00:00,62.214651855434234,%,GOOD,SYNTHETIC_ML_DATASET,NORMAL,0
MTR,POWER_001,2026-03-01T08:02:00+00:00,40.338963785483486,kW,GOOD,SYNTHETIC_ML_DATASET,NORMAL,0
MTR,PRESS_001,2026-03-01T08:02:00+00:00,992.1158752076292,hPa,GOOD,SYNTHETIC_ML_DATASET,NORMAL,0
MTR,TEMP_001,2026-03-01T08:02:00+00:00,-10.765552030563033,°C,GOOD,SYNTHETIC_ML_DATASET,NORMAL,0
MTR,VIB_001,2026-03-01T08:02:00+00:00,1.0233436606998212,mm/s,GOOD,SYNTHETIC_ML_DATASET,NORMAL,0
MTR,HUM_001,2026-03-01T08:03:00+00:00,61.614498898458336,%,GOOD,SYNTHETIC_ML_DATASET,NORMAL,0
MTR,POWER_001,2026-03-01T08:03:00+00:00,39.65590817240532,kW,GOOD,SYNTHETIC_ML_DATASET,NORMAL,0
MTR,PRESS_001,2026-03-01T08:03:00+00:00,992.0715842365917,hPa,GOOD,SYNTHETIC_ML_DATASET,NORMAL,0
MTR,TEMP_001,2026-03-01T08:03:00+00:00,-10.702130968273035,°C,GOOD,SYNTHETIC_ML_DATASET,NORMAL,0
MTR,VIB_001,2026-03-01T08:03:00+00:00,1.001811098399825,mm/s,GOOD,SYNTHETIC_ML_DATASET,NORMAL,0
MTR,HUM_001,2026-03-01T08:04:00+00:00,61.8220723343527,%,GOOD,SYNTHETIC_ML_DATASET,NORMAL,0
MTR,POWER_001,2026-03-01T08:04:00+00:00,39.536825017773694,kW,GOOD,SYNTHETIC_ML_DATASET,NORMAL,0
MTR,PRESS_001,2026-03-01T08:04:00+00:00,992.0039476375051,hPa,GOOD,SYNTHETIC_ML_DATASET,NORMAL,0
MTR,TEMP_001,2026-03-01T08:04:00+00:00,-10.67047240447591,°C,GOOD,SYNTHETIC_ML_DATASET,NORMAL,0
MTR,VIB_001,2026-03-01T08:04:00+00:00,1.0271576687111912,mm/s,GOOD,SYNTHETIC_ML_DATASET,NORMAL,0
MTR,HUM_001,2026-03-01T08:05:00+00:00,62.41522962932164,%,GOOD,SYNTHETIC_ML_DATASET,NORMAL,0
MTR,POWER_001,2026-03-01T08:05:00+00:00,40.649871523679224,kW,GOOD,SYNTHETIC_ML_DATASET,NORMAL,0
MTR,PRESS_001,2026-03-01T08:05:00+00:00,991.9374236501149,hPa,GOOD,SYNTHETIC_ML_DATASET,NORMAL,0
MTR,TEMP_001,2026-03-01T08:05:00+00:00,-10.934051577770255,°C,GOOD,SYNTHETIC_ML_DATASET,NORMAL,0
MTR,VIB_001,2026-03-01T08:05:00+00:00,1.0107915881432747,mm/s,GOOD,SYNTHETIC_ML_DATASET,NORMAL,0
MTR,HUM_001,2026-03-01T08:06:00+00:00,61.86433185728085,%,GOOD,SYNTHETIC_ML_DATASET,NORMAL,0
MTR,POWER_001,2026-03-01T08:06:00+00:00,40.779544535687805,kW,GOOD,SYNTHETIC_ML_DATASET,NORMAL,0
MTR,PRESS_001,2026-03-01T08:06:00+00:00,992.0380836631376,hPa,GOOD,SYNTHETIC_ML_DATASET,NORMAL,0
MTR,TEMP_001,2026-03-01T08:06:00+00:00,-10.797694168945913,°C,GOOD,SYNTHETIC_ML_DATASET,NORMAL,0
MTR,VIB_001,2026-03-01T08:06:00+00:00,1.0084060147508376,mm/s,GOOD,SYNTHETIC_ML_DATASET,NORMAL,0
MTR,HUM_001,2026-03-01T08:07:00+00:00,62.03631536946335,%,GOOD,SYNTHETIC_ML_DATASET,NORMAL,0
MTR,POWER_001,2026-03-01T08:07:00+00:00,40.16814896616086,kW,GOOD,SYNTHETIC_ML_DATASET,NORMAL,0
MTR,PRESS_001,2026-03-01T08:07:00+00:00,991.9790112768179,hPa,GOOD,SYNTHETIC_ML_DATASET,NORMAL,0
MTR,TEMP_001,2026-03-01T08:07:00+00:00,-11.09066886190912,°C,GOOD,SYNTHETIC_ML_DATASET,NORMAL,0
MTR,VIB_001,2026-03-01T08:07:00+00:00,0.9924246867527304,mm/s,GOOD,SYNTHETIC_ML_DATASET,NORMAL,0
MTR,HUM_001,2026-03-01T08:08:00+00:00,62.56875436973589,%,GOOD,SYNTHETIC_ML_DATASET,NORMAL,0
MTR,POWER_001,2026-03-01T08:08:00+00:00,41.01979626325098,kW,GOOD,SYNTHETIC_ML_DATASET,NORMAL,0
MTR,PRESS_001,2026-03-01T08:08:00+00:00,991.8822330992632,hPa,GOOD,SYNTHETIC_ML_DATASET,NORMAL,0
MTR,TEMP_001,2026-03-01T08:08:00+00:00,-10.957294809584043,°C,GOOD,SYNTHETIC_ML_DATASET,NORMAL,0
MTR,VIB_001,2026-03-01T08:08:00+00:00,1.011094583372841,mm/s,GOOD,SYNTHETIC_ML_DATASET,NORMAL,0
MTR,HUM_001,2026-03-01T08:09:00+00:00,62.27534151338165,%,GOOD,SYNTHETIC_ML_DATASET,NORMAL,0
MTR,POWER_001,2026-03-01T08:09:00+00:00,41.05834527818376,kW,GOOD,SYNTHETIC_ML_DATASET,NORMAL,0
MTR,PRESS_001,2026-03-01T08:09:00+00:00,991.8559957955956,hPa,GOOD,SYNTHETIC_ML_DATASET,NORMAL,0
MTR,TEMP_001,2026-03-01T08:09:00+00:00,-10.93067716245832,°C,GOOD,SYNTHETIC_ML_DATASET,NORMAL,0
MTR,VIB_001,2026-03-01T08:09:00+00:00,1.0148601045153354,mm/s,GOOD,SYNTHETIC_ML_DATASET,NORMAL,0
MTR,HUM_001,2026-03-01T08:10:00+00:00,62.151149996813444,%,GOOD,SYNTHETIC_ML_DATASET,NORMAL,0
MTR,POWER_001,2026-03-01T08:10:00+00:00,40.470587722916186,kW,GOOD,SYNTHETIC_ML_DATASET,NORMAL,0
MTR,PRESS_001,2026-03-01T08:10:00+00:00,991.9270307362696,hPa,GOOD,SYNTHETIC_ML_DATASET,NORMAL,0
MTR,TEMP_001,2026-03-01T08:10:00+00:00,-10.955678450940042,°C,GOOD,SYNTHETIC_ML_DATASET,NORMAL,0
MTR,VIB_001,2026-03-01T08:10:00+00:00,1.0026868074766153,mm/s,GOOD,SYNTHETIC_ML_DATASET,NORMAL,0
MTR,HUM_001,2026-03-01T08:11:00+00:00,62.317215662755416,%,GOOD,SYNTHETIC_ML_DATASET,NORMAL,0
MTR,POWER_001,2026-03-01T08:11:00+00:00,40.459250881538765,kW,GOOD,SYNTHETIC_ML_DATASET,NORMAL,0
MTR,PRESS_001,2026-03-01T08:11:00+00:00,991.8352196195551,hPa,GOOD,SYNTHETIC_ML_DATASET,NORMAL,0
MTR,TEMP_001,2026-03-01T08:11:00+00:00,-10.860652870057663,°C,GOOD,SYNTHETIC_ML_DATASET,NORMAL,0
MTR,VIB_001,2026-03-01T08:11:00+00:00,0.9780538670595911,mm/s,GOOD,SYNTHETIC_ML_DATASET,NORMAL,0
MTR,HUM_001,2026-03-01T08:12:00+00:00,62.152903512023826,%,GOOD,SYNTHETIC_ML_DATASET,NORMAL,0
MTR,POWER_001,2026-03-01T08:12:00+00:00,41.27945193359059,kW,GOOD,SYNTHETIC_ML_DATASET,NORMAL,0
MTR,PRESS_001,2026-03-01T08:12:00+00:00,991.7318469573494,hPa,GOOD,SYNTHETIC_ML_DATASET,NORMAL,0
MTR,TEMP_001,2026-03-01T08:12:00+00:00,-10.997656831764994,°C,GOOD,SYNTHETIC_ML_DATASET,NORMAL,0
MTR,VIB_001,2026-03-01T08:12:00+00:00,0.9909021296520857,mm/s,GOOD,SYNTHETIC_ML_DATASET,NORMAL,0
MTR,HUM_001,2026-03-01T08:13:00+00:00,62.83918086416706,%,GOOD,SYNTHETIC_ML_DATASET,NORMAL,0
MTR,POWER_001,2026-03-01T08:13:00+00:00,41.384511388174865,kW,GOOD,SYNTHETIC_ML_DATASET,NORMAL,0
MTR,PRESS_001,2026-03-01T08:13:00+00:00,991.770985507633,hPa,GOOD,SYNTHETIC_ML_DATASET,NORMAL,0
MTR,TEMP_001,2026-03-01T08:13:00+00:00,-11.039399873173851,°C,GOOD,SYNTHETIC_ML_DATASET,NORMAL,0
MTR,VIB_001,2026-03-01T08:13:00+00:00,0.9414159145398258,mm/s,GOOD,SYNTHETIC_ML_DATASET,NORMAL,0
MTR,HUM_001,2026-03-01T08:14:00+00:00,62.5817958250818,%,GOOD,SYNTHETIC_ML_DATASET,NORMAL,0
MTR,POWER_001,2026-03-01T08:14:00+00:00,40.77692458691791,kW,GOOD,SYNTHETIC_ML_DATASET,NORMAL,0
MTR,PRESS_001,2026-03-01T08:14:00+00:00,991.7706051142019,hPa,GOOD,SYNTHETIC_ML_DATASET,NORMAL,0
MTR,TEMP_001,2026-03-01T08:14:00+00:00,-10.9938132371462,°C,GOOD,SYNTHETIC_ML_DATASET,NORMAL,0
MTR,VIB_001,2026-03-01T08:14:00+00:00,1.0360482065162602,mm/s,GOOD,SYNTHETIC_ML_DATASET,NORMAL,0
MTR,HUM_001,2026-03-01T08:15:00+00:00,62.134049061889556,%,GOOD,SYNTHETIC_ML_DATASET,NORMAL,0
MTR,POWER_001,2026-03-01T08:15:00+00:00,40.26548583907283,kW,GOOD,SYNTHETIC_ML_DATASET,NORMAL,0
MTR,PRESS_001,2026-03-01T08:15:00+00:00,991.8310694114182,hPa,GOOD,SYNTHETIC_ML_DATASET,NORMAL,0
MTR,TEMP_001,2026-03-01T08:15:00+00:00,-11.03018317301264,°C,GOOD,SYNTHETIC_ML_DATASET,NORMAL,0
MTR,VIB_001,2026-03-01T08:15:00+00:00,0.980203050869392,mm/s,GOOD,SYNTHETIC_ML_DATASET,NORMAL,0
MTR,HUM_001,2026-03-01T08:16:00+00:00,61.9483354509962,%,GOOD,SYNTHETIC_ML_DATASET,NORMAL,0
MTR,POWER_001,2026-03-01T08:16:00+00:00,40.982095787012106,kW,GOOD,SYNTHETIC_ML_DATASET,NORMAL,0
MTR,PRESS_001,2026-03-01T08:16:00+00:00,991.9427491027687,hPa,GOOD,SYNTHETIC_ML_DATASET,NORMAL,0
MTR,TEMP_001,2026-03-01T08:16:00+00:00,-11.036165573427517,°C,GOOD,SYNTHETIC_ML_DATASET,NORMAL,0
MTR,VIB_001,2026-03-01T08:16:00+00:00,1.0047760575677873,mm/s,GOOD,SYNTHETIC_ML_DATASET,NORMAL,0
MTR,HUM_001,2026-03-01T08:17:00+00:00,62.540872194148804,%,GOOD,SYNTHETIC_ML_DATASET,NORMAL,0
MTR,POWER_001,2026-03-01T08:17:00+00:00,41.078808232562146,kW,GOOD,SYNTHETIC_ML_DATASET,NORMAL,0
MTR,PRESS_001,2026-03-01T08:17:00+00:00,991.9540157969343,hPa,GOOD,SYNTHETIC_ML_DATASET,NORMAL,0
MTR,TEMP_001,2026-03-01T08:17:00+00:00,-11.293792863286939,°C,GOOD,SYNTHETIC_ML_DATASET,NORMAL,0
MTR,VIB_001,2026-03-01T08:17:00+00:00,1.0064092337829336,mm/s,GOOD,SYNTHETIC_ML_DATASET,NORMAL,0
MTR,HUM_001,2026-03-01T08:18:00+00:00,61.80142093669784,%,GOOD,SYNTHETIC_ML_DATASET,NORMAL,0
MTR,POWER_001,2026-03-01T08:18:00+00:00,40.680043278557704,kW,GOOD,SYNTHETIC_ML_DATASET,NORMAL,0
MTR,PRESS_001,2026-03-01T08:18:00+00:00,991.5777296040233,hPa,GOOD,SYNTHETIC_ML_DATASET,NORMAL,0
MTR,TEMP_001,2026-03-01T08:18:00+00:00,-11.245192318075173,°C,GOOD,SYNTHETIC_ML_DATASET,NORMAL,0
MTR,VIB_001,2026-03-01T08:18:00+00:00,0.9961916219236349,mm/s,GOOD,SYNTHETIC_ML_DATASET,NORMAL,0
MTR,HUM_001,2026-03-01T08:19:00+00:00,62.61897636816841,%,GOOD,SYNTHETIC_ML_DATASET,NORMAL,0
MTR,POWER_001,2026-03-01T08:19:00+00:00,40.80743982964285,kW,GOOD,SYNTHETIC_ML_DATASET,NORMAL,0
MTR,PRESS_001,2026-03-01T08:19:00+00:00,991.7825166993044,hPa,GOOD,SYNTHETIC_ML_DATASET,NORMAL,0
MTR,TEMP_001,2026-03-01T08:19:00+00:00,-11.665811282221835,°C,GOOD,SYNTHETIC_ML_DATASET,NORMAL,0
MTR,VIB_001,2026-03-01T08:19:00+00:00,0.9779871216797027,mm/s,GOOD,SYNTHETIC_ML_DATASET,NORMAL,0
MTR,HUM_001,2026-03-01T08:20:00+00:00,61.37743458609611,%,GOOD,SYNTHETIC_ML_DATASET,NORMAL,0
MTR,POWER_001,2026-03-01T08:20:00+00:00,41.28597636940004,kW,GOOD,SYNTHETIC_ML_DATASET,NORMAL,0
MTR,PRESS_001,2026-03-01T08:20:00+00:00,992.0022569581993,hPa,GOOD,SYNTHETIC_ML_DATASET,NORMAL,0
MTR,TEMP_001,2026-03-01T08:20:00+00:00,-11.44934140647259,°C,GOOD,SYNTHETIC_ML_DATASET,NORMAL,0
MTR,VIB_001,2026-03-01T08:20:00+00:00,0.9777650210058559,mm/s,GOOD,SYNTHETIC_ML_DATASET,NORMAL,0
MTR,HUM_001,2026-03-01T08:21:00+00:00,61.13617128281289,%,GOOD,SYNTHETIC_ML_DATASET,NORMAL,0
MTR,POWER_001,2026-03-01T08:21:00+00:00,41.39811737233891,kW,GOOD,SYNTHETIC_ML_DATASET,NORMAL,0
MTR,PRESS_001,2026-03-01T08:21:00+00:00,992.2201735237594,hPa,GOOD,SYNTHETIC_ML_DATASET,NORMAL,0
MTR,TEMP_001,2026-03-01T08:21:00+00:00,-11.378823895577387,°C,GOOD,SYNTHETIC_ML_DATASET,NORMAL,0
MTR,VIB_001,2026-03-01T08:21:00+00:00,0.9571113570298344,mm/s,GOOD,SYNTHETIC_ML_DATASET,NORMAL,0
MTR,HUM_001,2026-03-01T08:22:00+00:00,62.175319277256406,%,GOOD,SYNTHETIC_ML_DATASET,NORMAL,0
MTR,POWER_001,2026-03-01T08:22:00+00:00,41.20848450840386,kW,GOOD,SYNTHETIC_ML_DATASET,NORMAL,0
MTR,PRESS_001,2026-03-01T08:22:00+00:00,992.0651015447509,hPa,GOOD,SYNTHETIC_ML_DATASET,NORMAL,0
MTR,TEMP_001,2026-03-01T08:22:00+00:00,-11.189084448204623,°C,GOOD,SYNTHETIC_ML_DATASET,NORMAL,0
MTR,VIB_001,2026-03-01T08:22:00+00:00,0.9707460402905448,mm/s,GOOD,SYNTHETIC_ML_DATASET,NORMAL,0
MTR,HUM_001,2026-03-01T08:23:00+00:00,61.58390642992193,%,GOOD,SYNTHETIC_ML_DATASET,NORMAL,0
MTR,POWER_001,2026-03-01T08:23:00+00:00,41.37293093567034,kW,GOOD,SYNTHETIC_ML_DATASET,NORMAL,0
MTR,PRESS_001,2026-03-01T08:23:00+00:00,991.9611272004324,hPa,GOOD,SYNTHETIC_ML_DATASET,NORMAL,0
MTR,TEMP_001,2026-03-01T08:23:00+00:00,-11.485521657399644,°C,GOOD,SYNTHETIC_ML_DATASET,NORMAL,0
MTR,VIB_001,2026-03-01T08:23:00+00:00,0.9731938847835243,mm/s,GOOD,SYNTHETIC_ML_DATASET,NORMAL,0
MTR,HUM_001,2026-03-01T08:24:00+00:00,61.61728595799528,%,GOOD,SYNTHETIC_ML_DATASET,NORMAL,0
MTR,POWER_001,2026-03-01T08:24:00+00:00,40.260770586745885,kW,GOOD,SYNTHETIC_ML_DATASET,NORMAL,0
MTR,PRESS_001,2026-03-01T08:24:00+00:00,991.8513194273361,hPa,GOOD,SYNTHETIC_ML_DATASET,NORMAL,0
MTR,TEMP_001,2026-03-01T08:24:00+00:00,-11.856081445660816,°C,GOOD,SYNTHETIC_ML_DATASET,NORMAL,0
MTR,VIB_001,2026-03-01T08:24:00+00:00,0.9979169246589736,mm/s,GOOD,SYNTHETIC_ML_DATASET,NORMAL,0
MTR,HUM_001,2026-03-01T08:25:00+00:00,61.578433886664556,%,GOOD,SYNTHETIC_ML_DATASET,NORMAL,0
MTR,POWER_001,2026-03-01T08:25:00+00:00,41.40755240839939,kW,GOOD,SYNTHETIC_ML_DATASET,NORMAL,0
MTR,PRESS_001,2026-03-01T08:25:00+00:00,991.8625372047347,hPa,GOOD,SYNTHETIC_ML_DATASET,NORMAL,0
MTR,TEMP_001,2026-03-01T08:25:00+00:00,-11.802775699296154,°C,GOOD,SYNTHETIC_ML_DATASET,NORMAL,0
MTR,VIB_001,2026-03-01T08:25:00+00:00,1.003078406366098,mm/s,GOOD,SYNTHETIC_ML_DATASET,NORMAL,0
MTR,HUM_001,2026-03-01T08:26:00+00:00,61.05212408680491,%,GOOD,SYNTHETIC_ML_DATASET,NORMAL,0
MTR,POWER_001,2026-03-01T08:26:00+00:00,41.61064906970932,kW,GOOD,SYNTHETIC_ML_DATASET,NORMAL,0
MTR,PRESS_001,2026-03-01T08:26:00+00:00,991.7427911376034,hPa,GOOD,SYNTHETIC_ML_DATASET,NORMAL,0
MTR,TEMP_001,2026-03-01T08:26:00+00:00,-11.921983639288035,°C,GOOD,SYNTHETIC_ML_DATASET,NORMAL,0
MTR,VIB_001,2026-03-01T08:26:00+00:00,1.0009546088736918,mm/s,GOOD,SYNTHETIC_ML_DATASET,NORMAL,0
MTR,HUM_001,2026-03-01T08:27:00+00:00,60.579173208157655,%,GOOD,SYNTHETIC_ML_DATASET,NORMAL,0
MTR,POWER_001,2026-03-01T08:27:00+00:00,41.74106971411204,kW,GOOD,SYNTHETIC_ML_DATASET,NORMAL,0
MTR,PRESS_001,2026-03-01T08:27:00+00:00,991.8256307898267,hPa,GOOD,SYNTHETIC_ML_DATASET,NORMAL,0
MTR,TEMP_001,2026-03-01T08:27:00+00:00,-11.5923371669383,°C,GOOD,SYNTHETIC_ML_DATASET,NORMAL,0
MTR,VIB_001,2026-03-01T08:27:00+00:00,1.0243054643873073,mm/s,GOOD,SYNTHETIC_ML_DATASET,NORMAL,0
MTR,HUM_001,2026-03-01T08:28:00+00:00,61.30895946787563,%,GOOD,SYNTHETIC_ML_DATASET,NORMAL,0
MTR,POWER_001,2026-03-01T08:28:00+00:00,41.309351356575874,kW,GOOD,SYNTHETIC_ML_DATASET,NORMAL,0
MTR,PRESS_001,2026-03-01T08:28:00+00:00,992.0385058663558,hPa,GOOD,SYNTHETIC_ML_DATASET,NORMAL,0
MTR,TEMP_001,2026-03-01T08:28:00+00:00,-11.365589300565778,°C,GOOD,SYNTHETIC_ML_DATASET,NORMAL,0
MTR,VIB_001,2026-03-01T08:28:00+00:00,0.9896704926906699,mm/s,GOOD,SYNTHETIC_ML_DATASET,NORMAL,0
MTR,HUM_001,2026-03-01T08:29:00+00:00,61.966857411466634,%,GOOD,SYNTHETIC_ML_DATASET,NORMAL,0
MTR,POWER_001,2026-03-01T08:29:00+00:00,40.86305253236519,kW,GOOD,SYNTHETIC_ML_DATASET,NORMAL,0
MTR,PRESS_001,2026-03-01T08:29:00+00:00,991.9755755689084,hPa,GOOD,SYNTHETIC_ML_DATASET,NORMAL,0
MTR,TEMP_001,2026-03-01T08:29:00+00:00,-11.583421654611207,°C,GOOD,SYNTHETIC_ML_DATASET,NORMAL,0
MTR,VIB_001,2026-03-01T08:29:00+00:00,0.9924601274668305,mm/s,GOOD,SYNTHETIC_ML_DATASET,NORMAL,0
MTR,HUM_001,2026-03-01T08:30:00+00:00,61.2820978772805,%,GOOD,SYNTHETIC_ML_DATASET,NORMAL,0
MTR,POWER_001,2026-03-01T08:30:00+00:00,41.182606169766444,kW,GOOD,SYNTHETIC_ML_DATASET,NORMAL,0
MTR,PRESS_001,2026-03-01T08:30:00+00:00,991.9653600699255,hPa,GOOD,SYNTHETIC_ML_DATASET,NORMAL,0
MTR,TEMP_001,2026-03-01T08:30:00+00:00,-11.749976853436037,°C,GOOD,SYNTHETIC_ML_DATASET,NORMAL,0
MTR,VIB_001,2026-03-01T08:30:00+00:00,0.9863967246104108,mm/s,GOOD,SYNTHETIC_ML_DATASET,NORMAL,0
MTR,HUM_001,2026-03-01T08:31:00+00:00,61.28421794828701,%,GOOD,SYNTHETIC_ML_DATASET,NORMAL,0
MTR,POWER_001,2026-03-01T08:31:00+00:00,40.9228689112846,kW,GOOD,SYNTHETIC_ML_DATASET,NORMAL,0
MTR,PRESS_001,2026-03-01T08:31:00+00:00,991.8604050322721,hPa,GOOD,SYNTHETIC_ML_DATASET,NORMAL,0
MTR,TEMP_001,2026-03-01T08:31:00+00:00,-11.710688373840254,°C,GOOD,SYNTHETIC_ML_DATASET,NORMAL,0
MTR,VIB_001,2026-03-01T08:31:00+00:00,0.9916510235625479,mm/s,GOOD,SYNTHETIC_ML_DATASET,NORMAL,0
MTR,HUM_001,2026-03-01T08:32:00+00:00,62.47824447525753,%,GOOD,SYNTHETIC_ML_DATASET,NORMAL,0
MTR,POWER_001,2026-03-01T08:32:00+00:00,40.961447664893946,kW,GOOD,SYNTHETIC_ML_DATASET,NORMAL,0
MTR,PRESS_001,2026-03-01T08:32:00+00:00,991.6228255614574,hPa,GOOD,SYNTHETIC_ML_DATASET,NORMAL,0
MTR,TEMP_001,2026-03-01T08:32:00+00:00,-11.65052633403416,°C,GOOD,SYNTHETIC_ML_DATASET,NORMAL,0
MTR,VIB_001,2026-03-01T08:32:00+00:00,1.0175549810911821,mm/s,GOOD,SYNTHETIC_ML_DATASET,NORMAL,0
MTR,HUM_001,2026-03-01T08:33:00+00:00,61.09193724456613,%,GOOD,SYNTHETIC_ML_DATASET,NORMAL,0
MTR,POWER_001,2026-03-01T08:33:00+00:00,40.22889488013902,kW,GOOD,SYNTHETIC_ML_DATASET,NORMAL,0
MTR,PRESS_001,2026-03-01T08:33:00+00:00,991.8290653725387,hPa,GOOD,SYNTHETIC_ML_DATASET,NORMAL,0
MTR,TEMP_001,2026-03-01T08:33:00+00:00,-12.063238092874972,°C,GOOD,SYNTHETIC_ML_DATASET,NORMAL,0
MTR,VIB_001,2026-03-01T08:33:00+00:00,1.0048645110356758,mm/s,GOOD,SYNTHETIC_ML_DATASET,NORMAL,0
MTR,HUM_001,2026-03-01T08:34:00+00:00,60.636598067892415,%,GOOD,SYNTHETIC_ML_DATASET,NORMAL,0
MTR,POWER_001,2026-03-01T08:34:00+00:00,40.02783283216714,kW,GOOD,SYNTHETIC_ML_DATASET,NORMAL,0
MTR,PRESS_001,2026-03-01T08:34:00+00:00,991.8867124260688,hPa,GOOD,SYNTHETIC_ML_DATASET,NORMAL,0
MTR,TEMP_001,2026-03-01T08:34:00+00:00,-11.941108188729647,°C,GOOD,SYNTHETIC_ML_DATASET,NORMAL,0
MTR,VIB_001,2026-03-01T08:34:00+00:00,1.0239331384096972,mm/s,GOOD,SYNTHETIC_ML_DATASET,NORMAL,0
MTR,HUM_001,2026-03-01T08:35:00+00:00,59.453924113419966,%,GOOD,SYNTHETIC_ML_DATASET,NORMAL,0
MTR,POWER_001,2026-03-01T08:35:00+00:00,40.328209649048,kW,GOOD,SYNTHETIC_ML_DATASET,NORMAL,0
MTR,PRESS_001,2026-03-01T08:35:00+00:00,991.6378139818513,hPa,GOOD,SYNTHETIC_ML_DATASET,NORMAL,0
MTR,TEMP_001,2026-03-01T08:35:00+00:00,-11.645530232789012,°C,GOOD,SYNTHETIC_ML_DATASET,NORMAL,0
MTR,VIB_001,2026-03-01T08:35:00+00:00,0.9888296863909971,mm/s,GOOD,SYNTHETIC_ML_DATASET,NORMAL,0
MTR,HUM_001,2026-03-01T08:36:00+00:00,60.108754994305244,%,GOOD,SYNTHETIC_ML_DATASET,NORMAL,0
MTR,POWER_001,2026-03-01T08:36:00+00:00,40.20161958626413,kW,GOOD,SYNTHETIC_ML_DATASET,NORMAL,0
MTR,PRESS_001,2026-03-01T08:36:00+00:00,991.759909685907,hPa,GOOD,SYNTHETIC_ML_DATASET,NORMAL,0
MTR,TEMP_001,2026-03-01T08:36:00+00:00,-11.714503082295378,°C,GOOD,SYNTHETIC_ML_DATASET,NORMAL,0
MTR,VIB_001,2026-03-01T08:36:00+00:00,0.9952877631830082,mm/s,GOOD,SYNTHETIC_ML_DATASET,NORMAL,0
MTR,HUM_001,2026-03-01T08:37:00+00:00,59.948378138679075,%,GOOD,SYNTHETIC_ML_DATASET,NORMAL,0
MTR,POWER_001,2026-03-01T08:37:00+00:00,40.17611830328257,kW,GOOD,SYNTHETIC_ML_DATASET,NORMAL,0
MTR,PRESS_001,2026-03-01T08:37:00+00:00,991.6868412414968,hPa,GOOD,SYNTHETIC_ML_DATASET,NORMAL,0
MTR,TEMP_001,2026-03-01T08:37:00+00:00,-11.506124151156643,°C,GOOD,SYNTHETIC_ML_DATASET,NORMAL,0
MTR,VIB_001,2026-03-01T08:37:00+00:00,1.008169039596638,mm/s,GOOD,SYNTHETIC_ML_DATASET,NORMAL,0
MTR,HUM_001,2026-03-01T08:38:00+00:00,60.210449804454974,%,GOOD,SYNTHETIC_ML_DATASET,NORMAL,0
MTR,POWER_001,2026-03-01T08:38:00+00:00,41.60666305407034,kW,GOOD,SYNTHETIC_ML_DATASET,NORMAL,0
MTR,PRESS_001,2026-03-01T08:38:00+00:00,991.7124974246783,hPa,GOOD,SYNTHETIC_ML_DATASET,NORMAL,0
MTR,TEMP_001,2026-03-01T08:38:00+00:00,-11.651419482102733,°C,GOOD,SYNTHETIC_ML_DATASET,NORMAL,0
MTR,VIB_001,2026-03-01T08:38:00+00:00,0.973701549805794,mm/s,GOOD,SYNTHETIC_ML_DATASET,NORMAL,0
MTR,HUM_001,2026-03-01T08:39:00+00:00,60.71558027661864,%,GOOD,SYNTHETIC_ML_DATASET,NORMAL,0
MTR,POWER_001,2026-03-01T08:39:00+00:00,40.99932588648562,kW,GOOD,SYNTHETIC_ML_DATASET,NORMAL,0
MTR,PRESS_001,2026-03-01T08:39:00+00:00,991.694227832652,hPa,GOOD,SYNTHETIC_ML_DATASET,NORMAL,0
MTR,TEMP_001,2026-03-01T08:39:00+00:00,-11.727831702855118,°C,GOOD,SYNTHETIC_ML_DATASET,NORMAL,0
MTR,VIB_001,2026-03-01T08:39:00+00:00,0.9655890828735194,mm/s,GOOD,SYNTHETIC_ML_DATASET,NORMAL,0
MTR,HUM_001,2026-03-01T08:40:00+00:00,60.069105654430835,%,GOOD,SYNTHETIC_ML_DATASET,NORMAL,0
MTR,POWER_001,2026-03-01T08:40:00+00:00,41.13436801903021,kW,GOOD,SYNTHETIC_ML_DATASET,NORMAL,0
MTR,PRESS_001,2026-03-01T08:40:00+00:00,991.6784089843343,hPa,GOOD,SYNTHETIC_ML_DATASET,NORMAL,0
MTR,TEMP_001,2026-03-01T08:40:00+00:00,-11.745510825667012,°C,GOOD,SYNTHETIC_ML_DATASET,NORMAL,0
MTR,VIB_001,2026-03-01T08:40:00+00:00,0.9931363304662835,mm/s,GOOD,SYNTHETIC_ML_DATASET,NORMAL,0
MTR,HUM_001,2026-03-01T08:41:00+00:00,59.81824400644662,%,GOOD,SYNTHETIC_ML_DATASET,NORMAL,0
MTR,POWER_001,2026-03-01T08:41:00+00:00,40.77812127015641,kW,GOOD,SYNTHETIC_ML_DATASET,NORMAL,0
MTR,PRESS_001,2026-03-01T08:41:00+00:00,991.8043799666699,hPa,GOOD,SYNTHETIC_ML_DATASET,NORMAL,0
MTR,TEMP_001,2026-03-01T08:41:00+00:00,-12.05198401947741,°C,GOOD,SYNTHETIC_ML_DATASET,NORMAL,0
MTR,VIB_001,2026-03-01T08:41:00+00:00,1.0015232500590576,mm/s,GOOD,SYNTHETIC_ML_DATASET,NORMAL,0
MTR,HUM_001,2026-03-01T08:42:00+00:00,59.89336564288281,%,GOOD,SYNTHETIC_ML_DATASET,NORMAL,0
MTR,POWER_001,2026-03-01T08:42:00+00:00,40.8126884278896,kW,GOOD,SYNTHETIC_ML_DATASET,NORMAL,0
MTR,PRESS_001,2026-03-01T08:42:00+00:00,991.7194234871002,hPa,GOOD,SYNTHETIC_ML_DATASET,NORMAL,0
MTR,TEMP_001,2026-03-01T08:42:00+00:00,-11.577556336180576,°C,GOOD,SYNTHETIC_ML_DATASET,NORMAL,0
MTR,VIB_001,2026-03-01T08:42:00+00:00,0.975756537109499,mm/s,GOOD,SYNTHETIC_ML_DATASET,NORMAL,0
MTR,HUM_001,2026-03-01T08:43:00+00:00,60.44647612615936,%,GOOD,SYNTHETIC_ML_DATASET,NORMAL,0
MTR,POWER_001,2026-03-01T08:43:00+00:00,41.21536600679243,kW,GOOD,SYNTHETIC_ML_DATASET,NORMAL,0
MTR,PRESS_001,2026-03-01T08:43:00+00:00,992.0347017142869,hPa,GOOD,SYNTHETIC_ML_DATASET,NORMAL,0
MTR,TEMP_001,2026-03-01T08:43:00+00:00,-11.60402444069957,°C,GOOD,SYNTHETIC_ML_DATASET,NORMAL,0
MTR,VIB_001,2026-03-01T08:43:00+00:00,0.9584345328064049,mm/s,GOOD,SYNTHETIC_ML_DATASET,NORMAL,0
MTR,HUM_001,2026-03-01T08:44:00+00:00,59.46298145419483,%,GOOD,SYNTHETIC_ML_DATASET,NORMAL,0
MTR,POWER_001,2026-03-01T08:44:00+00:00,41.585569594552176,kW,GOOD,SYNTHETIC_ML_DATASET,NORMAL,0
MTR,PRESS_001,2026-03-01T08:44:00+00:00,991.8409969133075,hPa,GOOD,SYNTHETIC_ML_DATASET,NORMAL,0
MTR,TEMP_001,2026-03-01T08:44:00+00:00,-11.512882540850818,°C,GOOD,SYNTHETIC_ML_DATASET,NORMAL,0
MTR,VIB_001,2026-03-01T08:44:00+00:00,0.9910514045344803,mm/s,GOOD,SYNTHETIC_ML_DATASET,NORMAL,0
MTR,HUM_001,2026-03-01T08:45:00+00:00,59.994560671995806,%,GOOD,SYNTHETIC_ML_DATASET,NORMAL,0
MTR,POWER_001,2026-03-01T08:45:00+00:00,41.50229024697182,kW,GOOD,SYNTHETIC_ML_DATASET,NORMAL,0
MTR,PRESS_001,2026-03-01T08:45:00+00:00,991.8997473576305,hPa,GOOD,SYNTHETIC_ML_DATASET,NORMAL,0
MTR,TEMP_001,2026-03-01T08:45:00+00:00,-11.364711138230346,°C,GOOD,SYNTHETIC_ML_DATASET,NORMAL,0
MTR,VIB_001,2026-03-01T08:45:00+00:00,0.9856804065889992,mm/s,GOOD,SYNTHETIC_ML_DATASET,NORMAL,0
MTR,HUM_001,2026-03-01T08:46:00+00:00,61.342505028885235,%,GOOD,SYNTHETIC_ML_DATASET,NORMAL,0
MTR,POWER_001,2026-03-01T08:46:00+00:00,40.68006658423597,kW,GOOD,SYNTHETIC_ML_DATASET,NORMAL,0
MTR,PRESS_001,2026-03-01T08:46:00+00:00,992.0888807581225,hPa,GOOD,SYNTHETIC_ML_DATASET,NORMAL,0
MTR,TEMP_001,2026-03-01T08:46:00+00:00,-11.222384016718534,°C,GOOD,SYNTHETIC_ML_DATASET,NORMAL,0
MTR,VIB_001,2026-03-01T08:46:00+00:00,0.9668701068738633,mm/s,GOOD,SYNTHETIC_ML_DATASET,NORMAL,0
MTR,HUM_001,2026-03-01T08:47:00+00:00,60.7126781226453,%,GOOD,SYNTHETIC_ML_DATASET,NORMAL,0
MTR,POWER_001,2026-03-01T08:47:00+00:00,41.093505786004336,kW,GOOD,SYNTHETIC_ML_DATASET,NORMAL,0
MTR,PRESS_001,2026-03-01T08:47:00+00:00,991.9497409424168,hPa,GOOD,SYNTHETIC_ML_DATASET,NORMAL,0
MTR,TEMP_001,2026-03-01T08:47:00+00:00,-11.4237690173314,°C,GOOD,SYNTHETIC_ML_DATASET,NORMAL,0
MTR,VIB_001,2026-03-01T08:47:00+00:00,0.9564781768021016,mm/s,GOOD,SYNTHETIC_ML_DATASET,NORMAL,0
MTR,HUM_001,2026-03-01T08:48:00+00:00,60.52184811640053,%,GOOD,SYNTHETIC_ML_DATASET,NORMAL,0
MTR,POWER_001,2026-03-01T08:48:00+00:00,42.04549902262714,kW,GOOD,SYNTHETIC_ML_DATASET,NORMAL,0
MTR,PRESS_001,2026-03-01T08:48:00+00:00,991.8838586414731,hPa,GOOD,SYNTHETIC_ML_DATASET,NORMAL,0
MTR,TEMP_001,2026-03-01T08:48:00+00:00,-11.696284886918486,°C,GOOD,SYNTHETIC_ML_DATASET,NORMAL,0
MTR,VIB_001,2026-03-01T08:48:00+00:00,0.9595220334359823,mm/s,GOOD,SYNTHETIC_ML_DATASET,NORMAL,0
MTR,HUM_001,2026-03-01T08:49:00+00:00,60.563997878165694,%,GOOD,SYNTHETIC_ML_DATASET,NORMAL,0
MTR,POWER_001,2026-03-01T08:49:00+00:00,41.63374063284576,kW,GOOD,SYNTHETIC_ML_DATASET,NORMAL,0
MTR,PRESS_001,2026-03-01T08:49:00+00:00,991.8004032869093,hPa,GOOD,SYNTHETIC_ML_DATASET,NORMAL,0
MTR,TEMP_001,2026-03-01T08:49:00+00:00,-11.181172947511886,°C,GOOD,SYNTHETIC_ML_DATASET,NORMAL,0
MTR,VIB_001,2026-03-01T08:49:00+00:00,0.9651824793243862,mm/s,GOOD,SYNTHETIC_ML_DATASET,NORMAL,0
MTR,HUM_001,2026-03-01T08:50:00+00:00,61.04367281938021,%,GOOD,SYNTHETIC_ML_DATASET,NORMAL,0
MTR,POWER_001,2026-03-01T08:50:00+00:00,40.89951867787002,kW,GOOD,SYNTHETIC_ML_DATASET,NORMAL,0
MTR,PRESS_001,2026-03-01T08:50:00+00:00,991.8695891598054,hPa,GOOD,SYNTHETIC_ML_DATASET,NORMAL,0
MTR,TEMP_001,2026-03-01T08:50:00+00:00,-11.254586043925455,°C,GOOD,SYNTHETIC_ML_DATASET,NORMAL,0
MTR,VIB_001,2026-03-01T08:50:00+00:00,0.9627410273487409,mm/s,GOOD,SYNTHETIC_ML_DATASET,NORMAL,0
MTR,HUM_001,2026-03-01T08:51:00+00:00,61.297047886787624,%,GOOD,SYNTHETIC_ML_DATASET,NORMAL,0
MTR,POWER_001,2026-03-01T08:51:00+00:00,41.723294905477545,kW,GOOD,SYNTHETIC_ML_DATASET,NORMAL,0
MTR,PRESS_001,2026-03-01T08:51:00+00:00,991.7510680003785,hPa,GOOD,SYNTHETIC_ML_DATASET,NORMAL,0
MTR,TEMP_001,2026-03-01T08:51:00+00:00,-11.408544965017814,°C,GOOD,SYNTHETIC_ML_DATASET,NORMAL,0
MTR,VIB_001,2026-03-01T08:51:00+00:00,0.9786998381721684,mm/s,GOOD,SYNTHETIC_ML_DATASET,NORMAL,0
MTR,HUM_001,2026-03-01T08:52:00+00:00,60.611031395507155,%,GOOD,SYNTHETIC_ML_DATASET,NORMAL,0
MTR,POWER_001,2026-03-01T08:52:00+00:00,41.62872541615873,kW,GOOD,SYNTHETIC_ML_DATASET,NORMAL,0
MTR,PRESS_001,2026-03-01T08:52:00+00:00,991.8888849242334,hPa,GOOD,SYNTHETIC_ML_DATASET,NORMAL,0
MTR,TEMP_001,2026-03-01T08:52:00+00:00,-11.381519104405733,°C,GOOD,SYNTHETIC_ML_DATASET,NORMAL,0
MTR,VIB_001,2026-03-01T08:52:00+00:00,0.9688985334482993,mm/s,GOOD,SYNTHETIC_ML_DATASET,NORMAL,0
MTR,HUM_001,2026-03-01T08:53:00+00:00,60.87146774317584,%,GOOD,SYNTHETIC_ML_DATASET,NORMAL,0
MTR,POWER_001,2026-03-01T08:53:00+00:00,41.87966993135452,kW,GOOD,SYNTHETIC_ML_DATASET,NORMAL,0
MTR,PRESS_001,2026-03-01T08:53:00+00:00,991.8624945355862,hPa,GOOD,SYNTHETIC_ML_DATASET,NORMAL,0
MTR,TEMP_001,2026-03-01T08:53:00+00:00,-11.658695051402047,°C,GOOD,SYNTHETIC_ML_DATASET,NORMAL,0
MTR,VIB_001,2026-03-01T08:53:00+00:00,0.9661797893311554,mm/s,GOOD,SYNTHETIC_ML_DATASET,NORMAL,0
MTR,HUM_001,2026-03-01T08:54:00+00:00,60.85103233033244,%,GOOD,SYNTHETIC_ML_DATASET,NORMAL,0
MTR,POWER_001,2026-03-01T08:54:00+00:00,41.46867362728567,kW,GOOD,SYNTHETIC_ML_DATASET,NORMAL,0
MTR,PRESS_001,2026-03-01T08:54:00+00:00,992.0545499916798,hPa,GOOD,SYNTHETIC_ML_DATASET,NORMAL,0
MTR,TEMP_001,2026-03-01T08:54:00+00:00,-11.390390908526047,°C,GOOD,SYNTHETIC_ML_DATASET,NORMAL,0
MTR,VIB_001,2026-03-01T08:54:00+00:00,0.9821146156422328,mm/s,GOOD,SYNTHETIC_ML_DATASET,NORMAL,0
MTR,HUM_001,2026-03-01T08:55:00+00:00,60.406235577341896,%,GOOD,SYNTHETIC_ML_DATASET,NORMAL,0
MTR,POWER_001,2026-03-01T08:55:00+00:00,41.60409027305625,kW,GOOD,SYNTHETIC_ML_DATASET,NORMAL,0
MTR,PRESS_001,2026-03-01T08:55:00+00:00,991.8657226755162,hPa,GOOD,SYNTHETIC_ML_DATASET,NORMAL,0
MTR,TEMP_001,2026-03-01T08:55:00+00:00,-11.759579186572523,°C,GOOD,SYNTHETIC_ML_DATASET,NORMAL,0
MTR,VIB_001,2026-03-01T08:55:00+00:00,0.9645213591574082,mm/s,GOOD,SYNTHETIC_ML_DATASET,NORMAL,0
MTR,HUM_001,2026-03-01T08:56:00+00:00,60.14973428277251,%,GOOD,SYNTHETIC_ML_DATASET,NORMAL,0
MTR,POWER_001,2026-03-01T08:56:00+00:00,41.706446452940455,kW,GOOD,SYNTHETIC_ML_DATASET,NORMAL,0
MTR,PRESS_001,2026-03-01T08:56:00+00:00,991.826720163863,hPa,GOOD,SYNTHETIC_ML_DATASET,NORMAL,0
MTR,TEMP_001,2026-03-01T08:56:00+00:00,-11.591740522979988,°C,GOOD,SYNTHETIC_ML_DATASET,NORMAL,0
MTR,VIB_001,2026-03-01T08:56:00+00:00,0.9765387157869312,mm/s,GOOD,SYNTHETIC_ML_DATASET,NORMAL,0
MTR,HUM_001,2026-03-01T08:57:00+00:00,59.4900314893637,%,GOOD,SYNTHETIC_ML_DATASET,NORMAL,0
MTR,POWER_001,2026-03-01T08:57:00+00:00,41.169041956815185,kW,GOOD,SYNTHETIC_ML_DATASET,NORMAL,0
MTR,PRESS_001,2026-03-01T08:57:00+00:00,991.7713180250223,hPa,GOOD,SYNTHETIC_ML_DATASET,NORMAL,0
MTR,TEMP_001,2026-03-01T08:57:00+00:00,-11.836698691994592,°C,GOOD,SYNTHETIC_ML_DATASET,NORMAL,0
MTR,VIB_001,2026-03-01T08:57:00+00:00,0.9856014010557791,mm/s,GOOD,SYNTHETIC_ML_DATASET,NORMAL,0
MTR,HUM_001,2026-03-01T08:58:00+00:00,61.008306454984925,%,GOOD,SYNTHETIC_ML_DATASET,NORMAL,0
MTR,POWER_001,2026-03-01T08:58:00+00:00,41.1879978816835,kW,GOOD,SYNTHETIC_ML_DATASET,NORMAL,0
MTR,PRESS_001,2026-03-01T08:58:00+00:00,991.6500213449486,hPa,GOOD,SYNTHETIC_ML_DATASET,NORMAL,0
MTR,TEMP_001,2026-03-01T08:58:00+00:00,-11.986123154684396,°C,GOOD,SYNTHETIC_ML_DATASET,NORMAL,0
MTR,VIB_001,2026-03-01T08:58:00+00:00,0.9520391493215035,mm/s,GOOD,SYNTHETIC_ML_DATASET,NORMAL,0
MTR,HUM_001,2026-03-01T08:59:00+00:00,61.744682175137136,%,GOOD,SYNTHETIC_ML_DATASET,NORMAL,0
MTR,POWER_001,2026-03-01T08:59:00+00:00,40.48553164099894,kW,GOOD,SYNTHETIC_ML_DATASET,NORMAL,0
MTR,PRESS_001,2026-03-01T08:59:00+00:00,991.5466692670375,hPa,GOOD,SYNTHETIC_ML_DATASET,NORMAL,0
MTR,TEMP_001,2026-03-01T08:59:00+00:00,-11.73185023998787,°C,GOOD,SYNTHETIC_ML_DATASET,NORMAL,0
MTR,VIB_001,2026-03-01T08:59:00+00:00,0.9527614431542778,mm/s,GOOD,SYNTHETIC_ML_DATASET,NORMAL,0
MTR,HUM_001,2026-03-01T09:00:00+00:00,61.3440125876398,%,GOOD,SYNTHETIC_ML_DATASET,NORMAL,0
MTR,POWER_001,2026-03-01T09:00:00+00:00,40.22291549779285,kW,GOOD,SYNTHETIC_ML_DATASET,NORMAL,0
MTR,PRESS_001,2026-03-01T09:00:00+00:00,991.3011037968913,hPa,GOOD,SYNTHETIC_ML_DATASET,NORMAL,0
MTR,TEMP_001,2026-03-01T09:00:00+00:00,-12.154196337902427,°C,GOOD,SYNTHETIC_ML_DATASET,NORMAL,0
MTR,VIB_001,2026-03-01T09:00:00+00:00,0.942156372498354,mm/s,GOOD,SYNTHETIC_ML_DATASET,NORMAL,0
MTR,HUM_001,2026-03-01T09:01:00+00:00,60.79499530729996,%,GOOD,SYNTHETIC_ML_DATASET,NORMAL,0
MTR,POWER_001,2026-03-01T09:01:00+00:00,40.66937649421114,kW,GOOD,SYNTHETIC_ML_DATASET,NORMAL,0
MTR,PRESS_001,2026-03-01T09:01:00+00:00,991.4168427421025,hPa,GOOD,SYNTHETIC_ML_DATASET,NORMAL,0
MTR,TEMP_001,2026-03-01T09:01:00+00:00,-12.08297990583412,°C,GOOD,SYNTHETIC_ML_DATASET,NORMAL,0
MTR,VIB_001,2026-03-01T09:01:00+00:00,0.9794751416255698,mm/s,GOOD,SYNTHETIC_ML_DATASET,NORMAL,0
MTR,HUM_001,2026-03-01T09:02:00+00:00,61.472263925057796,%,GOOD,SYNTHETIC_ML_DATASET,NORMAL,0
MTR,POWER_001,2026-03-01T09:02:00+00:00,40.783764653938846,kW,GOOD,SYNTHETIC_ML_DATASET,NORMAL,0
MTR,PRESS_001,2026-03-01T09:02:00+00:00,991.3110672852407,hPa,GOOD,SYNTHETIC_ML_DATASET,NORMAL,0
MTR,TEMP_001,2026-03-01T09:02:00+00:00,-12.142353215301688,°C,GOOD,SYNTHETIC_ML_DATASET,NORMAL,0
MTR,VIB_001,2026-03-01T09:02:00+00:00,0.9785241050368317,mm/s,GOOD,SYNTHETIC_ML_DATASET,NORMAL,0
MTR,HUM_001,2026-03-01T09:03:00+00:00,61.21211697254942,%,GOOD,SYNTHETIC_ML_DATASET,NORMAL,0
MTR,POWER_001,2026-03-01T09:03:00+00:00,41.444803709196655,kW,GOOD,SYNTHETIC_ML_DATASET,NORMAL,0
MTR,PRESS_001,2026-03-01T09:03:00+00:00,991.5374081589401,hPa,GOOD,SYNTHETIC_ML_DATASET,NORMAL,0
MTR,TEMP_001,2026-03-01T09:03:00+00:00,-12.20863519455538,°C,GOOD,SYNTHETIC_ML_DATASET,NORMAL,0
MTR,VIB_001,2026-03-01T09:03:00+00:00,0.9511622471694554,mm/s,GOOD,SYNTHETIC_ML_DATASET,NORMAL,0
MTR,HUM_001,2026-03-01T09:04:00+00:00,61.75565021259938,%,GOOD,SYNTHETIC_ML_DATASET,NORMAL,0
MTR,POWER_001,2026-03-01T09:04:00+00:00,40.56801366141427,kW,GOOD,SYNTHETIC_ML_DATASET,NORMAL,0
MTR,PRESS_001,2026-03-01T09:04:00+00:00,991.4819445337257,hPa,GOOD,SYNTHETIC_ML_DATASET,NORMAL,0
MTR,TEMP_001,2026-03-01T09:04:00+00:00,-12.028567486323643,°C,GOOD,SYNTHETIC_ML_DATASET,NORMAL,0
MTR,VIB_001,2026-03-01T09:04:00+00:00,0.9710362151666887,mm/s,GOOD,SYNTHETIC_ML_DATASET,NORMAL,0
MTR,HUM_001,2026-03-01T09:05:00+00:00,60.79842676923747,%,GOOD,SYNTHETIC_ML_DATASET,NORMAL,0
MTR,POWER_001,2026-03-01T09:05:00+00:00,39.8527333327274,kW,GOOD,SYNTHETIC_ML_DATASET,NORMAL,0
MTR,PRESS_001,2026-03-01T09:05:00+00:00,991.2995900690635,hPa,GOOD,SYNTHETIC_ML_DATASET,NORMAL,0
MTR,TEMP_001,2026-03-01T09:05:00+00:00,-12.268574032750816,°C,GOOD,SYNTHETIC_ML_DATASET,NORMAL,0
MTR,VIB_001,2026-03-01T09:05:00+00:00,0.9795184936584341,mm/s,GOOD,SYNTHETIC_ML_DATASET,NORMAL,0
MTR,HUM_001,2026-03-01T09:06:00+00:00,60.855556447969676,%,GOOD,SYNTHETIC_ML_DATASET,NORMAL,0
MTR,POWER_001,2026-03-01T09:06:00+00:00,39.982682291936186,kW,GOOD,SYNTHETIC_ML_DATASET,NORMAL,0
MTR,PRESS_001,2026-03-01T09:06:00+00:00,991.2035257515304,hPa,GOOD,SYNTHETIC_ML_DATASET,NORMAL,0
MTR,TEMP_001,2026-03-01T09:06:00+00:00,-12.465136223243213,°C,GOOD,SYNTHETIC_ML_DATASET,NORMAL,0
MTR,VIB_001,2026-03-01T09:06:00+00:00,0.951674008445968,mm/s,GOOD,SYNTHETIC_ML_DATASET,NORMAL,0
MTR,HUM_001,2026-03-01T09:07:00+00:00,60.36312622646231,%,GOOD,SYNTHETIC_ML_DATASET,NORMAL,0
MTR,POWER_001,2026-03-01T09:07:00+00:00,40.371915144326536,kW,GOOD,SYNTHETIC_ML_DATASET,NORMAL,0
MTR,PRESS_001,2026-03-01T09:07:00+00:00,991.1122391557227,hPa,GOOD,SYNTHETIC_ML_DATASET,NORMAL,0
MTR,TEMP_001,2026-03-01T09:07:00+00:00,-12.428858028169017,°C,GOOD,SYNTHETIC_ML_DATASET,NORMAL,0
MTR,VIB_001,2026-03-01T09:07:00+00:00,1.0126274306273253,mm/s,GOOD,SYNTHETIC_ML_DATASET,NORMAL,0
MTR,HUM_001,2026-03-01T09:08:00+00:00,61.001663768063665,%,GOOD,SYNTHETIC_ML_DATASET,NORMAL,0
MTR,POWER_001,2026-03-01T09:08:00+00:00,39.928942235428345,kW,GOOD,SYNTHETIC_ML_DATASET,NORMAL,0
MTR,PRESS_001,2026-03-01T09:08:00+00:00,991.118724535905,hPa,GOOD,SYNTHETIC_ML_DATASET,NORMAL,0
MTR,TEMP_001,2026-03-01T09:08:00+00:00,-12.168308029786232,°C,GOOD,SYNTHETIC_ML_DATASET,NORMAL,0
MTR,VIB_001,2026-03-01T09:08:00+00:00,1.0002339584718656,mm/s,GOOD,SYNTHETIC_ML_DATASET,NORMAL,0
MTR,HUM_001,2026-03-01T09:09:00+00:00,60.97154526330273,%,GOOD,SYNTHETIC_ML_DATASET,NORMAL,0
MTR,POWER_001,2026-03-01T09:09:00+00:00,39.29564240317551,kW,GOOD,SYNTHETIC_ML_DATASET,NORMAL,0
MTR,PRESS_001,2026-03-01T09:09:00+00:00,990.8958265166846,hPa,GOOD,SYNTHETIC_ML_DATASET,NORMAL,0
MTR,TEMP_001,2026-03-01T09:09:00+00:00,-12.126972897515516,°C,GOOD,SYNTHETIC_ML_DATASET,NORMAL,0
MTR,VIB_001,2026-03-01T09:09:00+00:00,0.9769326406920469,mm/s,GOOD,SYNTHETIC_ML_DATASET,NORMAL,0
MTR,HUM_001,2026-03-01T09:10:00+00:00,61.30463046928408,%,GOOD,SYNTHETIC_ML_DATASET,NORMAL,0
MTR,POWER_001,2026-03-01T09:10:00+00:00,39.934997892390555,kW,GOOD,SYNTHETIC_ML_DATASET,NORMAL,0
MTR,PRESS_001,2026-03-01T09:10:00+00:00,990.9844988924473,hPa,GOOD,SYNTHETIC_ML_DATASET,NORMAL,0
MTR,TEMP_001,2026-03-01T09:10:00+00:00,-12.368968129084518,°C,GOOD,SYNTHETIC_ML_DATASET,NORMAL,0
MTR,VIB_001,2026-03-01T09:10:00+00:00,1.0152610350729943,mm/s,GOOD,SYNTHETIC_ML_DATASET,NORMAL,0
MTR,HUM_001,2026-03-01T09:11:00+00:00,61.98645706361396,%,GOOD,SYNTHETIC_ML_DATASET,NORMAL,0
MTR,POWER_001,2026-03-01T09:11:00+00:00,39.71153682119796,kW,GOOD,SYNTHETIC_ML_DATASET,NORMAL,0
MTR,PRESS_001,2026-03-01T09:11:00+00:00,991.0033482103577,hPa,GOOD,SYNTHETIC_ML_DATASET,NORMAL,0
MTR,TEMP_001,2026-03-01T09:11:00+00:00,-12.203363513860662,°C,GOOD,SYNTHETIC_ML_DATASET,NORMAL,0
MTR,VIB_001,2026-03-01T09:11:00+00:00,1.0037896976587997,mm/s,GOOD,SYNTHETIC_ML_DATASET,NORMAL,0
MTR,HUM_001,2026-03-01T09:12:00+00:00,61.718222017391945,%,GOOD,SYNTHETIC_ML_DATASET,NORMAL,0
MTR,POWER_001,2026-03-01T09:12:00+00:00,39.083709567886515,kW,GOOD,SYNTHETIC_ML_DATASET,NORMAL,0
MTR,PRESS_001,2026-03-01T09:12:00+00:00,991.0536694980614,hPa,GOOD,SYNTHETIC_ML_DATASET,NORMAL,0
MTR,TEMP_001,2026-03-01T09:12:00+00:00,-12.163806243009745,°C,GOOD,SYNTHETIC_ML_DATASET,NORMAL,0
MTR,VIB_001,2026-03-01T09:12:00+00:00,1.0069675440046386,mm/s,GOOD,SYNTHETIC_ML_DATASET,NORMAL,0
MTR,HUM_001,2026-03-01T09:13:00+00:00,60.76020043312506,%,GOOD,SYNTHETIC_ML_DATASET,NORMAL,0
MTR,POWER_001,2026-03-01T09:13:00+00:00,39.30521409469595,kW,GOOD,SYNTHETIC_ML_DATASET,NORMAL,0
MTR,PRESS_001,2026-03-01T09:13:00+00:00,991.2056139442351,hPa,GOOD,SYNTHETIC_ML_DATASET,NORMAL,0
MTR,TEMP_001,2026-03-01T09:13:00+00:00,-11.944975925931434,°C,GOOD,SYNTHETIC_ML_DATASET,NORMAL,0
MTR,VIB_001,2026-03-01T09:13:00+00:00,1.0057396097098945,mm/s,GOOD,SYNTHETIC_ML_DATASET,NORMAL,0
MTR,HUM_001,2026-03-01T09:14:00+00:00,61.318592960644,%,GOOD,SYNTHETIC_ML_DATASET,NORMAL,0
MTR,POWER_001,2026-03-01T09:14:00+00:00,40.37408550493269,kW,GOOD,SYNTHETIC_ML_DATASET,NORMAL,0
MTR,PRESS_001,2026-03-01T09:14:00+00:00,991.0468915764754,hPa,GOOD,SYNTHETIC_ML_DATASET,NORMAL,0
MTR,TEMP_001,2026-03-01T09:14:00+00:00,-12.114039486765375,°C,GOOD,SYNTHETIC_ML_DATASET,NORMAL,0
MTR,VIB_001,2026-03-01T09:14:00+00:00,1.0127788162429856,mm/s,GOOD,SYNTHETIC_ML_DATASET,NORMAL,0
MTR,HUM_001,2026-03-01T09:15:00+00:00,61.35984180936788,%,GOOD,SYNTHETIC_ML_DATASET,NORMAL,0
MTR,POWER_001,2026-03-01T09:15:00+00:00,39.53156682321679,kW,GOOD,SYNTHETIC_ML_DATASET,NORMAL,0
MTR,PRESS_001,2026-03-01T09:15:00+00:00,991.2487741898095,hPa,GOOD,SYNTHETIC_ML_DATASET,NORMAL,0
MTR,TEMP_001,2026-03-01T09:15:00+00:00,-12.058083671861903,°C,GOOD,SYNTHETIC_ML_DATASET,NORMAL,0
MTR,VIB_001,2026-03-01T09:15:00+00:00,1.0168619460895034,mm/s,GOOD,SYNTHETIC_ML_DATASET,NORMAL,0
MTR,HUM_001,2026-03-01T09:16:00+00:00,62.06644760936413,%,GOOD,SYNTHETIC_ML_DATASET,NORMAL,0
MTR,POWER_001,2026-03-01T09:16:00+00:00,39.90351106829965,kW,GOOD,SYNTHETIC_ML_DATASET,NORMAL,0
MTR,PRESS_001,2026-03-01T09:16:00+00:00,991.1043597375866,hPa,GOOD,SYNTHETIC_ML_DATASET,NORMAL,0
MTR,TEMP_001,2026-03-01T09:16:00+00:00,-12.163266709642539,°C,GOOD,SYNTHETIC_ML_DATASET,NORMAL,0
MTR,VIB_001,2026-03-01T09:16:00+00:00,1.0311262840621436,mm/s,GOOD,SYNTHETIC_ML_DATASET,NORMAL,0
MTR,HUM_001,2026-03-01T09:17:00+00:00,61.80644529263372,%,GOOD,SYNTHETIC_ML_DATASET,NORMAL,0
MTR,POWER_001,2026-03-01T09:17:00+00:00,39.54160682696507,kW,GOOD,SYNTHETIC_ML_DATASET,NORMAL,0
MTR,PRESS_001,2026-03-01T09:17:00+00:00,991.1999439545074,hPa,GOOD,SYNTHETIC_ML_DATASET,NORMAL,0
MTR,TEMP_001,2026-03-01T09:17:00+00:00,-12.068713996544659,°C,GOOD,SYNTHETIC_ML_DATASET,NORMAL,0
MTR,VIB_001,2026-03-01T09:17:00+00:00,1.0196606315204109,mm/s,GOOD,SYNTHETIC_ML_DATASET,NORMAL,0
MTR,HUM_001,2026-03-01T09:18:00+00:00,60.80647764756423,%,GOOD,SYNTHETIC_ML_DATASET,NORMAL,0
MTR,POWER_001,2026-03-01T09:18:00+00:00,39.60790368757277,kW,GOOD,SYNTHETIC_ML_DATASET,NORMAL,0
MTR,PRESS_001,2026-03-01T09:18:00+00:00,991.2427878020782,hPa,GOOD,SYNTHETIC_ML_DATASET,NORMAL,0
MTR,TEMP_001,2026-03-01T09:18:00+00:00,-12.195746671594279,°C,GOOD,SYNTHETIC_ML_DATASET,NORMAL,0
MTR,VIB_001,2026-03-01T09:18:00+00:00,1.047251900076839,mm/s,GOOD,SYNTHETIC_ML_DATASET,NORMAL,0
MTR,HUM_001,2026-03-01T09:19:00+00:00,61.28531036748925,%,GOOD,SYNTHETIC_ML_DATASET,NORMAL,0
MTR,POWER_001,2026-03-01T09:19:00+00:00,39.21510013541663,kW,GOOD,SYNTHETIC_ML_DATASET,NORMAL,0
MTR,PRESS_001,2026-03-01T09:19:00+00:00,991.1200701047829,hPa,GOOD,SYNTHETIC_ML_DATASET,NORMAL,0
MTR,TEMP_001,2026-03-01T09:19:00+00:00,-12.422235970149718,°C,GOOD,SYNTHETIC_ML_DATASET,NORMAL,0
MTR,VIB_001,2026-03-01T09:19:00+00:00,1.0024634859816839,mm/s,GOOD,SYNTHETIC_ML_DATASET,NORMAL,0
MTR,HUM_001,2026-03-01T09:20:00+00:00,61.32929091390528,%,GOOD,SYNTHETIC_ML_DATASET,NORMAL,0
MTR,POWER_001,2026-03-01T09:20:00+00:00,39.18018149245281,kW,GOOD,SYNTHETIC_ML_DATASET,NORMAL,0
MTR,PRESS_001,2026-03-01T09:20:00+00:00,990.9332478579247,hPa,GOOD,SYNTHETIC_ML_DATASET,NORMAL,0
MTR,TEMP_001,2026-03-01T09:20:00+00:00,-12.466273203068573,°C,GOOD,SYNTHETIC_ML_DATASET,NORMAL,0
MTR,VIB_001,2026-03-01T09:20:00+00:00,1.024805336144483,mm/s,GOOD,SYNTHETIC_ML_DATASET,NORMAL,0
MTR,HUM_001,2026-03-01T09:21:00+00:00,60.92908859018052,%,GOOD,SYNTHETIC_ML_DATASET,NORMAL,0
MTR,POWER_001,2026-03-01T09:21:00+00:00,39.54683590667545,kW,GOOD,SYNTHETIC_ML_DATASET,NORMAL,0
MTR,PRESS_001,2026-03-01T09:21:00+00:00,991.2125391829316,hPa,GOOD,SYNTHETIC_ML_DATASET,NORMAL,0
MTR,TEMP_001,2026-03-01T09:21:00+00:00,-12.36194876503577,°C,GOOD,SYNTHETIC_ML_DATASET,NORMAL,0
MTR,VIB_001,2026-03-01T09:21:00+00:00,1.0507155281885963,mm/s,GOOD,SYNTHETIC_ML_DATASET,NORMAL,0
MTR,HUM_001,2026-03-01T09:22:00+00:00,61.337572937833045,%,GOOD,SYNTHETIC_ML_DATASET,NORMAL,0
MTR,POWER_001,2026-03-01T09:22:00+00:00,40.17064355256445,kW,GOOD,SYNTHETIC_ML_DATASET,NORMAL,0
MTR,PRESS_001,2026-03-01T09:22:00+00:00,990.9055060380216,hPa,GOOD,SYNTHETIC_ML_DATASET,NORMAL,0
MTR,TEMP_001,2026-03-01T09:22:00+00:00,-12.495609732584253,°C,GOOD,SYNTHETIC_ML_DATASET,NORMAL,0
MTR,VIB_001,2026-03-01T09:22:00+00:00,0.9860741941507333,mm/s,GOOD,SYNTHETIC_ML_DATASET,NORMAL,0
MTR,HUM_001,2026-03-01T09:23:00+00:00,61.92047375346298,%,GOOD,SYNTHETIC_ML_DATASET,NORMAL,0
MTR,POWER_001,2026-03-01T09:23:00+00:00,39.83153673780457,kW,GOOD,SYNTHETIC_ML_DATASET,NORMAL,0
MTR,PRESS_001,2026-03-01T09:23:00+00:00,990.9153077524198,hPa,GOOD,SYNTHETIC_ML_DATASET,NORMAL,0
MTR,TEMP_001,2026-03-01T09:23:00+00:00,-12.622300530599025,°C,GOOD,SYNTHETIC_ML_DATASET,NORMAL,0
MTR,VIB_001,2026-03-01T09:23:00+00:00,1.033314676484116,mm/s,GOOD,SYNTHETIC_ML_DATASET,NORMAL,0
MTR,HUM_001,2026-03-01T09:24:00+00:00,61.20195560317672,%,GOOD,SYNTHETIC_ML_DATASET,NORMAL,0
MTR,POWER_001,2026-03-01T09:24:00+00:00,39.25412909735086,kW,GOOD,SYNTHETIC_ML_DATASET,NORMAL,0
MTR,PRESS_001,2026-03-01T09:24:00+00:00,990.9837133686106,hPa,GOOD,SYNTHETIC_ML_DATASET,NORMAL,0
MTR,TEMP_001,2026-03-01T09:24:00+00:00,-12.508032419173205,°C,GOOD,SYNTHETIC_ML_DATASET,NORMAL,0
MTR,VIB_001,2026-03-01T09:24:00+00:00,1.0537467640120137,mm/s,GOOD,SYNTHETIC_ML_DATASET,NORMAL,0
MTR,HUM_001,2026-03-01T09:25:00+00:00,60.50206543610028,%,GOOD,SYNTHETIC_ML_DATASET,NORMAL,0
MTR,POWER_001,2026-03-01T09:25:00+00:00,39.27433014817774,kW,GOOD,SYNTHETIC_ML_DATASET,NORMAL,0
MTR,PRESS_001,2026-03-01T09:25:00+00:00,990.9578285826949,hPa,GOOD,SYNTHETIC_ML_DATASET,NORMAL,0
MTR,TEMP_001,2026-03-01T09:25:00+00:00,-12.399765257504203,°C,GOOD,SYNTHETIC_ML_DATASET,NORMAL,0
MTR,VIB_001,2026-03-01T09:25:00+00:00,1.0134498497707132,mm/s,GOOD,SYNTHETIC_ML_DATASET,NORMAL,0
MTR,HUM_001,2026-03-01T09:26:00+00:00,59.97287085506898,%,GOOD,SYNTHETIC_ML_DATASET,NORMAL,0
MTR,POWER_001,2026-03-01T09:26:00+00:00,39.27668516021326,kW,GOOD,SYNTHETIC_ML_DATASET,NORMAL,0
MTR,PRESS_001,2026-03-01T09:26:00+00:00,990.8838192763349,hPa,GOOD,SYNTHETIC_ML_DATASET,NORMAL,0
MTR,TEMP_001,2026-03-01T09:26:00+00:00,-12.499661159030396,°C,GOOD,SYNTHETIC_ML_DATASET,NORMAL,0
MTR,VIB_001,2026-03-01T09:26:00+00:00,1.0246787553105532,mm/s,GOOD,SYNTHETIC_ML_DATASET,NORMAL,0
MTR,HUM_001,2026-03-01T09:27:00+00:00,60.27915527372885,%,GOOD,SYNTHETIC_ML_DATASET,NORMAL,0
MTR,POWER_001,2026-03-01T09:27:00+00:00,40.33245824886915,kW,GOOD,SYNTHETIC_ML_DATASET,NORMAL,0
MTR,PRESS_001,2026-03-01T09:27:00+00:00,990.9492544202402,hPa,GOOD,SYNTHETIC_ML_DATASET,NORMAL,0
MTR,TEMP_001,2026-03-01T09:27:00+00:00,-12.387941736265702,°C,GOOD,SYNTHETIC_ML_DATASET,NORMAL,0
MTR,VIB_001,2026-03-01T09:27:00+00:00,1.022895458580864,mm/s,GOOD,SYNTHETIC_ML_DATASET,NORMAL,0
MTR,HUM_001,2026-03-01T09:28:00+00:00,61.62107244955932,%,GOOD,SYNTHETIC_ML_DATASET,NORMAL,0
MTR,POWER_001,2026-03-01T09:28:00+00:00,40.46734311972691,kW,GOOD,SYNTHETIC_ML_DATASET,NORMAL,0
MTR,PRESS_001,2026-03-01T09:28:00+00:00,990.9032548550282,hPa,GOOD,SYNTHETIC_ML_DATASET,NORMAL,0
MTR,TEMP_001,2026-03-01T09:28:00+00:00,-12.262307963035104,°C,GOOD,SYNTHETIC_ML_DATASET,NORMAL,0
MTR,VIB_001,2026-03-01T09:28:00+00:00,0.9810729216648184,mm/s,GOOD,SYNTHETIC_ML_DATASET,NORMAL,0
MTR,HUM_001,2026-03-01T09:29:00+00:00,62.32714397549247,%,GOOD,SYNTHETIC_ML_DATASET,NORMAL,0
MTR,POWER_001,2026-03-01T09:29:00+00:00,40.346440571249616,kW,GOOD,SYNTHETIC_ML_DATASET,NORMAL,0
MTR,PRESS_001,2026-03-01T09:29:00+00:00,991.040862135965,hPa,GOOD,SYNTHETIC_ML_DATASET,NORMAL,0
MTR,TEMP_001,2026-03-01T09:29:00+00:00,-12.578341594860168,°C,GOOD,SYNTHETIC_ML_DATASET,NORMAL,0
MTR,VIB_001,2026-03-01T09:29:00+00:00,1.0113410663028592,mm/s,GOOD,SYNTHETIC_ML_DATASET,NORMAL,0
MTR,HUM_001,2026-03-01T09:30:00+00:00,61.62058353401613,%,GOOD,SYNTHETIC_ML_DATASET,NORMAL,0
MTR,POWER_001,2026-03-01T09:30:00+00:00,40.0683733107559,kW,GOOD,SYNTHETIC_ML_DATASET,NORMAL,0
MTR,PRESS_001,2026-03-01T09:30:00+00:00,990.7911346304867,hPa,GOOD,SYNTHETIC_ML_DATASET,NORMAL,0
MTR,TEMP_001,2026-03-01T09:30:00+00:00,-12.505652590500485,°C,GOOD,SYNTHETIC_ML_DATASET,NORMAL,0
MTR,VIB_001,2026-03-01T09:30:00+00:00,1.0512122282884178,mm/s,GOOD,SYNTHETIC_ML_DATASET,NORMAL,0
MTR,HUM_001,2026-03-01T09:31:00+00:00,60.755966045503335,%,GOOD,SYNTHETIC_ML_DATASET,NORMAL,0
MTR,POWER_001,2026-03-01T09:31:00+00:00,40.792024744505646,kW,GOOD,SYNTHETIC_ML_DATASET,NORMAL,0
MTR,PRESS_001,2026-03-01T09:31:00+00:00,990.8806460164551,hPa,GOOD,SYNTHETIC_ML_DATASET,NORMAL,0
MTR,TEMP_001,2026-03-01T09:31:00+00:00,-12.552283289216309,°C,GOOD,SYNTHETIC_ML_DATASET,NORMAL,0
MTR,VIB_001,2026-03-01T09:31:00+00:00,1.0137246634933486,mm/s,GOOD,SYNTHETIC_ML_DATASET,NORMAL,0
MTR,HUM_001,2026-03-01T09:32:00+00:00,61.685706520799826,%,GOOD,SYNTHETIC_ML_DATASET,NORMAL,0
MTR,POWER_001,2026-03-01T09:32:00+00:00,39.996484724026836,kW,GOOD,SYNTHETIC_ML_DATASET,NORMAL,0
MTR,PRESS_001,2026-03-01T09:32:00+00:00,990.863802821076,hPa,GOOD,SYNTHETIC_ML_DATASET,NORMAL,0
MTR,TEMP_001,2026-03-01T09:32:00+00:00,-12.453844285366506,°C,GOOD,SYNTHETIC_ML_DATASET,NORMAL,0
MTR,VIB_001,2026-03-01T09:32:00+00:00,0.9976843042989086,mm/s,GOOD,SYNTHETIC_ML_DATASET,NORMAL,0
MTR,HUM_001,2026-03-01T09:33:00+00:00,60.54533141619311,%,GOOD,SYNTHETIC_ML_DATASET,NORMAL,0
MTR,POWER_001,2026-03-01T09:33:00+00:00,40.28704269137481,kW,GOOD,SYNTHETIC_ML_DATASET,NORMAL,0
MTR,PRESS_001,2026-03-01T09:33:00+00:00,990.8092790382653,hPa,GOOD,SYNTHETIC_ML_DATASET,NORMAL,0
MTR,TEMP_001,2026-03-01T09:33:00+00:00,-12.598950995347174,°C,GOOD,SYNTHETIC_ML_DATASET,NORMAL,0
MTR,VIB_001,2026-03-01T09:33:00+00:00,1.0255869507024435,mm/s,GOOD,SYNTHETIC_ML_DATASET,NORMAL,0
MTR,HUM_001,2026-03-01T09:34:00+00:00,59.690124580790005,%,GOOD,SYNTHETIC_ML_DATASET,NORMAL,0
MTR,POWER_001,2026-03-01T09:34:00+00:00,40.832777019398556,kW,GOOD,SYNTHETIC_ML_DATASET,NORMAL,0
MTR,PRESS_001,2026-03-01T09:34:00+00:00,990.6428565696875,hPa,GOOD,SYNTHETIC_ML_DATASET,NORMAL,0
MTR,TEMP_001,2026-03-01T09:34:00+00:00,-12.786212965876736,°C,GOOD,SYNTHETIC_ML_DATASET,NORMAL,0
MTR,VIB_001,2026-03-01T09:34:00+00:00,1.033811394681514,mm/s,GOOD,SYNTHETIC_ML_DATASET,NORMAL,0
MTR,HUM_001,2026-03-01T09:35:00+00:00,60.10661110788734,%,GOOD,SYNTHETIC_ML_DATASET,NORMAL,0
MTR,POWER_001,2026-03-01T09:35:00+00:00,41.02867525427165,kW,GOOD,SYNTHETIC_ML_DATASET,NORMAL,0
MTR,PRESS_001,2026-03-01T09:35:00+00:00,990.678291479755,hPa,GOOD,SYNTHETIC_ML_DATASET,NORMAL,0
MTR,TEMP_001,2026-03-01T09:35:00+00:00,-12.907448830543798,°C,GOOD,SYNTHETIC_ML_DATASET,NORMAL,0
MTR,VIB_001,2026-03-01T09:35:00+00:00,1.035983506449306,mm/s,GOOD,SYNTHETIC_ML_DATASET,NORMAL,0
MTR,HUM_001,2026-03-01T09:36:00+00:00,59.694657188537604,%,GOOD,SYNTHETIC_ML_DATASET,NORMAL,0
MTR,POWER_001,2026-03-01T09:36:00+00:00,40.67227236555823,kW,GOOD,SYNTHETIC_ML_DATASET,NORMAL,0
MTR,PRESS_001,2026-03-01T09:36:00+00:00,990.9063492532249,hPa,GOOD,SYNTHETIC_ML_DATASET,NORMAL,0
MTR,TEMP_001,2026-03-01T09:36:00+00:00,-12.595844262787098,°C,GOOD,SYNTHETIC_ML_DATASET,NORMAL,0
MTR,VIB_001,2026-03-01T09:36:00+00:00,1.0462667748134196,mm/s,GOOD,SYNTHETIC_ML_DATASET,NORMAL,0
MTR,HUM_001,2026-03-01T09:37:00+00:00,58.36298436197291,%,GOOD,SYNTHETIC_ML_DATASET,NORMAL,0
MTR,POWER_001,2026-03-01T09:37:00+00:00,40.24872404410956,kW,GOOD,SYNTHETIC_ML_DATASET,NORMAL,0
MTR,PRESS_001,2026-03-01T09:37:00+00:00,990.9649380202553,hPa,GOOD,SYNTHETIC_ML_DATASET,NORMAL,0
MTR,TEMP_001,2026-03-01T09:37:00+00:00,-12.339745388069067,°C,GOOD,SYNTHETIC_ML_DATASET,NORMAL,0
MTR,VIB_001,2026-03-01T09:37:00+00:00,1.05020333223947,mm/s,GOOD,SYNTHETIC_ML_DATASET,NORMAL,0
MTR,HUM_001,2026-03-01T09:38:00+00:00,58.72796381945659,%,GOOD,SYNTHETIC_ML_DATASET,NORMAL,0
MTR,POWER_001,2026-03-01T09:38:00+00:00,41.09364943215145,kW,GOOD,SYNTHETIC_ML_DATASET,NORMAL,0
MTR,PRESS_001,2026-03-01T09:38:00+00:00,991.0245495468031,hPa,GOOD,SYNTHETIC_ML_DATASET,NORMAL,0
MTR,TEMP_001,2026-03-01T09:38:00+00:00,-12.8299519137223,°C,GOOD,SYNTHETIC_ML_DATASET,NORMAL,0
MTR,VIB_001,2026-03-01T09:38:00+00:00,1.0557152410976722,mm/s,GOOD,SYNTHETIC_ML_DATASET,NORMAL,0
MTR,HUM_001,2026-03-01T09:39:00+00:00,58.202052110198764,%,GOOD,SYNTHETIC_ML_DATASET,NORMAL,0
MTR,POWER_001,2026-03-01T09:39:00+00:00,40.22739033570302,kW,GOOD,SYNTHETIC_ML_DATASET,NORMAL,0
MTR,PRESS_001,2026-03-01T09:39:00+00:00,991.0145933258468,hPa,GOOD,SYNTHETIC_ML_DATASET,NORMAL,0
MTR,TEMP_001,2026-03-01T09:39:00+00:00,-12.446630221728489,°C,GOOD,SYNTHETIC_ML_DATASET,NORMAL,0
MTR,VIB_001,2026-03-01T09:39:00+00:00,1.0739124470302244,mm/s,GOOD,SYNTHETIC_ML_DATASET,NORMAL,0
MTR,HUM_001,2026-03-01T09:40:00+00:00,58.694823687252246,%,GOOD,SYNTHETIC_ML_DATASET,NORMAL,0
MTR,POWER_001,2026-03-01T09:40:00+00:00,40.467008093393105,kW,GOOD,SYNTHETIC_ML_DATASET,NORMAL,0
MTR,PRESS_001,2026-03-01T09:40:00+00:00,991.0013911903618,hPa,GOOD,SYNTHETIC_ML_DATASET,NORMAL,0
MTR,TEMP_001,2026-03-01T09:40:00+00:00,-12.57702919447394,°C,GOOD,SYNTHETIC_ML_DATASET,NORMAL,0
MTR,VIB_001,2026-03-01T09:40:00+00:00,1.067872175668031,mm/s,GOOD,SYNTHETIC_ML_DATASET,NORMAL,0
MTR,HUM_001,2026-03-01T09:41:00+00:00,58.842421894947464,%,GOOD,SYNTHETIC_ML_DATASET,NORMAL,0
MTR,POWER_001,2026-03-01T09:41:00+00:00,40.6922201336679,kW,GOOD,SYNTHETIC_ML_DATASET,NORMAL,0
MTR,PRESS_001,2026-03-01T09:41:00+00:00,991.0584020123665,hPa,GOOD,SYNTHETIC_ML_DATASET,NORMAL,0
MTR,TEMP_001,2026-03-01T09:41:00+00:00,-12.881443690933668,°C,GOOD,SYNTHETIC_ML_DATASET,NORMAL,0
MTR,VIB_001,2026-03-01T09:41:00+00:00,1.044735661784106,mm/s,GOOD,SYNTHETIC_ML_DATASET,NORMAL,0
MTR,HUM_001,2026-03-01T09:42:00+00:00,58.94557143823766,%,GOOD,SYNTHETIC_ML_DATASET,NORMAL,0
MTR,POWER_001,2026-03-01T09:42:00+00:00,40.759563780160654,kW,GOOD,SYNTHETIC_ML_DATASET,NORMAL,0
MTR,PRESS_001,2026-03-01T09:42:00+00:00,991.2826516853189,hPa,GOOD,SYNTHETIC_ML_DATASET,NORMAL,0
MTR,TEMP_001,2026-03-01T09:42:00+00:00,-12.810939198519694,°C,GOOD,SYNTHETIC_ML_DATASET,NORMAL,0
MTR,VIB_001,2026-03-01T09:42:00+00:00,1.0584372421118065,mm/s,GOOD,SYNTHETIC_ML_DATASET,NORMAL,0
MTR,HUM_001,2026-03-01T09:43:00+00:00,59.505495509707,%,GOOD,SYNTHETIC_ML_DATASET,NORMAL,0
MTR,POWER_001,2026-03-01T09:43:00+00:00,39.951705336387604,kW,GOOD,SYNTHETIC_ML_DATASET,NORMAL,0
MTR,PRESS_001,2026-03-01T09:43:00+00:00,991.188627658678,hPa,GOOD,SYNTHETIC_ML_DATASET,NORMAL,0
MTR,TEMP_001,2026-03-01T09:43:00+00:00,-13.090200322357857,°C,GOOD,SYNTHETIC_ML_DATASET,NORMAL,0
MTR,VIB_001,2026-03-01T09:43:00+00:00,1.0217741215576,mm/s,GOOD,SYNTHETIC_ML_DATASET,NORMAL,0
MTR,HUM_001,2026-03-01T09:44:00+00:00,59.21580718193475,%,GOOD,SYNTHETIC_ML_DATASET,NORMAL,0
MTR,POWER_001,2026-03-01T09:44:00+00:00,40.29117504951048,kW,GOOD,SYNTHETIC_ML_DATASET,NORMAL,0
MTR,PRESS_001,2026-03-01T09:44:00+00:00,991.1167290473213,hPa,GOOD,SYNTHETIC_ML_DATASET,NORMAL,0
MTR,TEMP_001,2026-03-01T09:44:00+00:00,-12.933749459616172,°C,GOOD,SYNTHETIC_ML_DATASET,NORMAL,0
MTR,VIB_001,2026-03-01T09:44:00+00:00,1.0301006294546857,mm/s,GOOD,SYNTHETIC_ML_DATASET,NORMAL,0
MTR,HUM_001,2026-03-01T09:45:00+00:00,60.09724115316742,%,GOOD,SYNTHETIC_ML_DATASET,NORMAL,0
MTR,POWER_001,2026-03-01T09:45:00+00:00,40.18516289041356,kW,GOOD,SYNTHETIC_ML_DATASET,NORMAL,0
MTR,PRESS_001,2026-03-01T09:45:00+00:00,991.175349745142,hPa,GOOD,SYNTHETIC_ML_DATASET,NORMAL,0
MTR,TEMP_001,2026-03-01T09:45:00+00:00,-12.947196791003966,°C,GOOD,SYNTHETIC_ML_DATASET,NORMAL,0
MTR,VIB_001,2026-03-01T09:45:00+00:00,0.9923971727035349,mm/s,GOOD,SYNTHETIC_ML_DATASET,NORMAL,0
MTR,HUM_001,2026-03-01T09:46:00+00:00,59.16431296426212,%,GOOD,SYNTHETIC_ML_DATASET,NORMAL,0
MTR,POWER_001,2026-03-01T09:46:00+00:00,40.17110036813833,kW,GOOD,SYNTHETIC_ML_DATASET,NORMAL,0
MTR,PRESS_001,2026-03-01T09:46:00+00:00,991.2344631365811,hPa,GOOD,SYNTHETIC_ML_DATASET,NORMAL,0
MTR,TEMP_001,2026-03-01T09:46:00+00:00,-13.171321420926326,°C,GOOD,SYNTHETIC_ML_DATASET,NORMAL,0
MTR,VIB_001,2026-03-01T09:46:00+00:00,1.0299795275247918,mm/s,GOOD,SYNTHETIC_ML_DATASET,NORMAL,0
MTR,HUM_001,2026-03-01T09:47:00+00:00,58.7288302566336,%,GOOD,SYNTHETIC_ML_DATASET,NORMAL,0
MTR,POWER_001,2026-03-01T09:47:00+00:00,39.810699524426994,kW,GOOD,SYNTHETIC_ML_DATASET,NORMAL,0
MTR,PRESS_001,2026-03-01T09:47:00+00:00,991.0216890621945,hPa,GOOD,SYNTHETIC_ML_DATASET,NORMAL,0
MTR,TEMP_001,2026-03-01T09:47:00+00:00,-12.796521268575066,°C,GOOD,SYNTHETIC_ML_DATASET,NORMAL,0
MTR,VIB_001,2026-03-01T09:47:00+00:00,0.9939488071850898,mm/s,GOOD,SYNTHETIC_ML_DATASET,NORMAL,0
MTR,HUM_001,2026-03-01T09:48:00+00:00,59.59036162898455,%,GOOD,SYNTHETIC_ML_DATASET,NORMAL,0
MTR,POWER_001,2026-03-01T09:48:00+00:00,40.00949643027112,kW,GOOD,SYNTHETIC_ML_DATASET,NORMAL,0
MTR,PRESS_001,2026-03-01T09:48:00+00:00,991.1795993655749,hPa,GOOD,SYNTHETIC_ML_DATASET,NORMAL,0
MTR,TEMP_001,2026-03-01T09:48:00+00:00,-13.043944585262194,°C,GOOD,SYNTHETIC_ML_DATASET,NORMAL,0
MTR,VIB_001,2026-03-01T09:48:00+00:00,0.9884521196355235,mm/s,GOOD,SYNTHETIC_ML_DATASET,NORMAL,0
MTR,HUM_001,2026-03-01T09:49:00+00:00,60.315132093186236,%,GOOD,SYNTHETIC_ML_DATASET,NORMAL,0
MTR,POWER_001,2026-03-01T09:49:00+00:00,40.612676664580356,kW,GOOD,SYNTHETIC_ML_DATASET,NORMAL,0
MTR,PRESS_001,2026-03-01T09:49:00+00:00,990.892596106971,hPa,GOOD,SYNTHETIC_ML_DATASET,NORMAL,0
MTR,TEMP_001,2026-03-01T09:49:00+00:00,-12.814143509422003,°C,GOOD,SYNTHETIC_ML_DATASET,NORMAL,0
MTR,VIB_001,2026-03-01T09:49:00+00:00,1.003722846926329,mm/s,GOOD,SYNTHETIC_ML_DATASET,NORMAL,0
MTR,HUM_001,2026-03-01T09:50:00+00:00,59.14845023903941,%,GOOD,SYNTHETIC_ML_DATASET,NORMAL,0
MTR,POWER_001,2026-03-01T09:50:00+00:00,39.92946720721501,kW,GOOD,SYNTHETIC_ML_DATASET,NORMAL,0
MTR,PRESS_001,2026-03-01T09:50:00+00:00,990.9972113883586,hPa,GOOD,SYNTHETIC_ML_DATASET,NORMAL,0
MTR,TEMP_001,2026-03-01T09:50:00+00:00,-13.073410903512427,°C,GOOD,SYNTHETIC_ML_DATASET,NORMAL,0
MTR,VIB_001,2026-03-01T09:50:00+00:00,0.9819825333991558,mm/s,GOOD,SYNTHETIC_ML_DATASET,NORMAL,0
MTR,HUM_001,2026-03-01T09:51:00+00:00,59.927126550800196,%,GOOD,SYNTHETIC_ML_DATASET,NORMAL,0
MTR,POWER_001,2026-03-01T09:51:00+00:00,40.0398497365907,kW,GOOD,SYNTHETIC_ML_DATASET,NORMAL,0
MTR,PRESS_001,2026-03-01T09:51:00+00:00,991.2371980174089,hPa,GOOD,SYNTHETIC_ML_DATASET,NORMAL,0
MTR,TEMP_001,2026-03-01T09:51:00+00:00,-13.056995833416103,°C,GOOD,SYNTHETIC_ML_DATASET,NORMAL,0
MTR,VIB_001,2026-03-01T09:51:00+00:00,0.9915211415306963,mm/s,GOOD,SYNTHETIC_ML_DATASET,NORMAL,0
MTR,HUM_001,2026-03-01T09:52:00+00:00,59.41875846107706,%,GOOD,SYNTHETIC_ML_DATASET,NORMAL,0
MTR,POWER_001,2026-03-01T09:52:00+00:00,39.944672708553206,kW,GOOD,SYNTHETIC_ML_DATASET,NORMAL,0
MTR,PRESS_001,2026-03-01T09:52:00+00:00,991.0497458689051,hPa,GOOD,SYNTHETIC_ML_DATASET,NORMAL,0
MTR,TEMP_001,2026-03-01T09:52:00+00:00,-12.71164408232457,°C,GOOD,SYNTHETIC_ML_DATASET,NORMAL,0
MTR,VIB_001,2026-03-01T09:52:00+00:00,0.9538221625391292,mm/s,GOOD,SYNTHETIC_ML_DATASET,NORMAL,0
MTR,HUM_001,2026-03-01T09:53:00+00:00,58.90368930616393,%,GOOD,SYNTHETIC_ML_DATASET,NORMAL,0
MTR,POWER_001,2026-03-01T09:53:00+00:00,39.9320414227404,kW,GOOD,SYNTHETIC_ML_DATASET,NORMAL,0
MTR,PRESS_001,2026-03-01T09:53:00+00:00,991.1976380774142,hPa,GOOD,SYNTHETIC_ML_DATASET,NORMAL,0
MTR,TEMP_001,2026-03-01T09:53:00+00:00,-12.96511630089346,°C,GOOD,SYNTHETIC_ML_DATASET,NORMAL,0
MTR,VIB_001,2026-03-01T09:53:00+00:00,0.9734970495576295,mm/s,GOOD,SYNTHETIC_ML_DATASET,NORMAL,0
MTR,HUM_001,2026-03-01T09:54:00+00:00,59.11447652037448,%,GOOD,SYNTHETIC_ML_DATASET,NORMAL,0
MTR,POWER_001,2026-03-01T09:54:00+00:00,39.6894162576579,kW,GOOD,SYNTHETIC_ML_DATASET,NORMAL,0
MTR,PRESS_001,2026-03-01T09:54:00+00:00,991.0305798166352,hPa,GOOD,SYNTHETIC_ML_DATASET,NORMAL,0
MTR,TEMP_001,2026-03-01T09:54:00+00:00,-12.943085925471832,°C,GOOD,SYNTHETIC_ML_DATASET,NORMAL,0
MTR,VIB_001,2026-03-01T09:54:00+00:00,0.9648122351434876,mm/s,GOOD,SYNTHETIC_ML_DATASET,NORMAL,0
MTR,HUM_001,2026-03-01T09:55:00+00:00,59.391898779757966,%,GOOD,SYNTHETIC_ML_DATASET,NORMAL,0
MTR,POWER_001,2026-03-01T09:55:00+00:00,39.57800174809222,kW,GOOD,SYNTHETIC_ML_DATASET,NORMAL,0
MTR,PRESS_001,2026-03-01T09:55:00+00:00,991.1355874235406,hPa,GOOD,SYNTHETIC_ML_DATASET,NORMAL,0
MTR,TEMP_001,2026-03-01T09:55:00+00:00,-12.977033997210016,°C,GOOD,SYNTHETIC_ML_DATASET,NORMAL,0
MTR,VIB_001,2026-03-01T09:55:00+00:00,0.9671395698654779,mm/s,GOOD,SYNTHETIC_ML_DATASET,NORMAL,0
MTR,HUM_001,2026-03-01T09:56:00+00:00,60.02245695936235,%,GOOD,SYNTHETIC_ML_DATASET,NORMAL,0
MTR,POWER_001,2026-03-01T09:56:00+00:00,39.508264946505385,kW,GOOD,SYNTHETIC_ML_DATASET,NORMAL,0
MTR,PRESS_001,2026-03-01T09:56:00+00:00,991.114246193063,hPa,GOOD,SYNTHETIC_ML_DATASET,NORMAL,0
MTR,TEMP_001,2026-03-01T09:56:00+00:00,-13.048301652965067,°C,GOOD,SYNTHETIC_ML_DATASET,NORMAL,0
MTR,VIB_001,2026-03-01T09:56:00+00:00,0.9955472552587145,mm/s,GOOD,SYNTHETIC_ML_DATASET,NORMAL,0
MTR,HUM_001,2026-03-01T09:57:00+00:00,59.95671548099928,%,GOOD,SYNTHETIC_ML_DATASET,NORMAL,0
MTR,POWER_001,2026-03-01T09:57:00+00:00,39.46189162461122,kW,GOOD,SYNTHETIC_ML_DATASET,NORMAL,0
MTR,PRESS_001,2026-03-01T09:57:00+00:00,990.9394764928276,hPa,GOOD,SYNTHETIC_ML_DATASET,NORMAL,0
MTR,TEMP_001,2026-03-01T09:57:00+00:00,-12.98059833864735,°C,GOOD,SYNTHETIC_ML_DATASET,NORMAL,0
MTR,VIB_001,2026-03-01T09:57:00+00:00,0.9504060155446787,mm/s,GOOD,SYNTHETIC_ML_DATASET,NORMAL,0
MTR,HUM_001,2026-03-01T09:58:00+00:00,59.96023859012746,%,GOOD,SYNTHETIC_ML_DATASET,NORMAL,0
MTR,POWER_001,2026-03-01T09:58:00+00:00,39.219735289486145,kW,GOOD,SYNTHETIC_ML_DATASET,NORMAL,0
MTR,PRESS_001,2026-03-01T09:58:00+00:00,991.1848756848565,hPa,GOOD,SYNTHETIC_ML_DATASET,NORMAL,0
MTR,TEMP_001,2026-03-01T09:58:00+00:00,-12.773735648699029,°C,GOOD,SYNTHETIC_ML_DATASET,NORMAL,0
MTR,VIB_001,2026-03-01T09:58:00+00:00,0.9690912586969234,mm/s,GOOD,SYNTHETIC_ML_DATASET,NORMAL,0
MTR,HUM_001,2026-03-01T09:59:00+00:00,60.898205294868035,%,GOOD,SYNTHETIC_ML_DATASET,NORMAL,0
MTR,POWER_001,2026-03-01T09:59:00+00:00,39.74970355943545,kW,GOOD,SYNTHETIC_ML_DATASET,NORMAL,0
MTR,PRESS_001,2026-03-01T09:59:00+00:00,991.0672289843451,hPa,GOOD,SYNTHETIC_ML_DATASET,NORMAL,0
MTR,TEMP_001,2026-03-01T09:59:00+00:00,-13.3238305102905,°C,GOOD,SYNTHETIC_ML_DATASET,NORMAL,0
MTR,VIB_001,2026-03-01T09:59:00+00:00,0.977307380670183,mm/s,GOOD,SYNTHETIC_ML_DATASET,NORMAL,0
MTR,HUM_001,2026-03-01T10:00:00+00:00,,%,MISSING,SYNTHETIC_ML_DATASET,DROPOUT,1
MTR,POWER_001,2026-03-01T10:00:00+00:00,,kW,MISSING,SYNTHETIC_ML_DATASET,DROPOUT,1
MTR,PRESS_001,2026-03-01T10:00:00+00:00,,hPa,MISSING,SYNTHETIC_ML_DATASET,DROPOUT,1
MTR,TEMP_001,2026-03-01T10:00:00+00:00,,°C,MISSING,SYNTHETIC_ML_DATASET,DROPOUT,1
MTR,VIB_001,2026-03-01T10:00:00+00:00,,mm/s,MISSING,SYNTHETIC_ML_DATASET,DROPOUT,1
MTR,HUM_001,2026-03-01T10:01:00+00:00,,%,MISSING,SYNTHETIC_ML_DATASET,DROPOUT,1
MTR,POWER_001,2026-03-01T10:01:00+00:00,,kW,MISSING,SYNTHETIC_ML_DATASET,DROPOUT,1
MTR,PRESS_001,2026-03-01T10:01:00+00:00,,hPa,MISSING,SYNTHETIC_ML_DATASET,DROPOUT,1
MTR,TEMP_001,2026-03-01T10:01:00+00:00,,°C,MISSING,SYNTHETIC_ML_DATASET,DROPOUT,1
MTR,VIB_001,2026-03-01T10:01:00+00:00,,mm/s,MISSING,SYNTHETIC_ML_DATASET,DROPOUT,1
MTR,HUM_001,2026-03-01T10:02:00+00:00,,%,MISSING,SYNTHETIC_ML_DATASET,DROPOUT,1
MTR,POWER_001,2026-03-01T10:02:00+00:00,,kW,MISSING,SYNTHETIC_ML_DATASET,DROPOUT,1
MTR,PRESS_001,2026-03-01T10:02:00+00:00,,hPa,MISSING,SYNTHETIC_ML_DATASET,DROPOUT,1
MTR,TEMP_001,2026-03-01T10:02:00+00:00,,°C,MISSING,SYNTHETIC_ML_DATASET,DROPOUT,1
MTR,VIB_001,2026-03-01T10:02:00+00:00,,mm/s,MISSING,SYNTHETIC_ML_DATASET,DROPOUT,1
MTR,HUM_001,2026-03-01T10:03:00+00:00,,%,MISSING,SYNTHETIC_ML_DATASET,DROPOUT,1
MTR,POWER_001,2026-03-01T10:03:00+00:00,,kW,MISSING,SYNTHETIC_ML_DATASET,DROPOUT,1
MTR,PRESS_001,2026-03-01T10:03:00+00:00,,hPa,MISSING,SYNTHETIC_ML_DATASET,DROPOUT,1
MTR,TEMP_001,2026-03-01T10:03:00+00:00,,°C,MISSING,SYNTHETIC_ML_DATASET,DROPOUT,1
MTR,VIB_001,2026-03-01T10:03:00+00:00,,mm/s,MISSING,SYNTHETIC_ML_DATASET,DROPOUT,1
MTR,HUM_001,2026-03-01T10:04:00+00:00,,%,MISSING,SYNTHETIC_ML_DATASET,DROPOUT,1
MTR,POWER_001,2026-03-01T10:04:00+00:00,,kW,MISSING,SYNTHETIC_ML_DATASET,DROPOUT,1
MTR,PRESS_001,2026-03-01T10:04:00+00:00,,hPa,MISSING,SYNTHETIC_ML_DATASET,DROPOUT,1
MTR,TEMP_001,2026-03-01T10:04:00+00:00,,°C,MISSING,SYNTHETIC_ML_DATASET,DROPOUT,1
MTR,VIB_001,2026-03-01T10:04:00+00:00,,mm/s,MISSING,SYNTHETIC_ML_DATASET,DROPOUT,1
MTR,HUM_001,2026-03-01T10:05:00+00:00,,%,MISSING,SYNTHETIC_ML_DATASET,DROPOUT,1
MTR,POWER_001,2026-03-01T10:05:00+00:00,,kW,MISSING,SYNTHETIC_ML_DATASET,DROPOUT,1
MTR,PRESS_001,2026-03-01T10:05:00+00:00,,hPa,MISSING,SYNTHETIC_ML_DATASET,DROPOUT,1
MTR,TEMP_001,2026-03-01T10:05:00+00:00,-12.950815038402474,°C,GOOD,SYNTHETIC_ML_DATASET,NORMAL,0
MTR,VIB_001,2026-03-01T10:05:00+00:00,,mm/s,MISSING,SYNTHETIC_ML_DATASET,DROPOUT,1
MTR,HUM_001,2026-03-01T10:06:00+00:00,,%,MISSING,SYNTHETIC_ML_DATASET,DROPOUT,1
MTR,POWER_001,2026-03-01T10:06:00+00:00,,kW,MISSING,SYNTHETIC_ML_DATASET,DROPOUT,1
MTR,PRESS_001,2026-03-01T10:06:00+00:00,,hPa,MISSING,SYNTHETIC_ML_DATASET,DROPOUT,1
MTR,TEMP_001,2026-03-01T10:06:00+00:00,-13.000073102717563,°C,GOOD,SYNTHETIC_ML_DATASET,NORMAL,0
MTR,VIB_001,2026-03-01T10:06:00+00:00,,mm/s,MISSING,SYNTHETIC_ML_DATASET,DROPOUT,1
MTR,HUM_001,2026-03-01T10:07:00+00:00,,%,MISSING,SYNTHETIC_ML_DATASET,DROPOUT,1
MTR,POWER_001,2026-03-01T10:07:00+00:00,,kW,MISSING,SYNTHETIC_ML_DATASET,DROPOUT,1
MTR,PRESS_001,2026-03-01T10:07:00+00:00,,hPa,MISSING,SYNTHETIC_ML_DATASET,DROPOUT,1
MTR,TEMP_001,2026-03-01T10:07:00+00:00,-13.008492790264413,°C,GOOD,SYNTHETIC_ML_DATASET,NORMAL,0
MTR,VIB_001,2026-03-01T10:07:00+00:00,0.8774258122986995,mm/s,GOOD,SYNTHETIC_ML_DATASET,NORMAL,0
MTR,HUM_001,2026-03-01T10:08:00+00:00,57.824702031682385,%,GOOD,SYNTHETIC_ML_DATASET,NORMAL,0
MTR,POWER_001,2026-03-01T10:08:00+00:00,,kW,MISSING,SYNTHETIC_ML_DATASET,DROPOUT,1
MTR,PRESS_001,2026-03-01T10:08:00+00:00,,hPa,MISSING,SYNTHETIC_ML_DATASET,DROPOUT,1
MTR,TEMP_001,2026-03-01T10:08:00+00:00,-13.242179753971294,°C,GOOD,SYNTHETIC_ML_DATASET,NORMAL,0
MTR,VIB_001,2026-03-01T10:08:00+00:00,0.883711589756429,mm/s,GOOD,SYNTHETIC_ML_DATASET,NORMAL,0
MTR,HUM_001,2026-03-01T10:09:00+00:00,58.26774488997176,%,GOOD,SYNTHETIC_ML_DATASET,NORMAL,0
MTR,POWER_001,2026-03-01T10:09:00+00:00,,kW,MISSING,SYNTHETIC_ML_DATASET,DROPOUT,1
MTR,PRESS_001,2026-03-01T10:09:00+00:00,,hPa,MISSING,SYNTHETIC_ML_DATASET,DROPOUT,1
MTR,TEMP_001,2026-03-01T10:09:00+00:00,-13.217092305272988,°C,GOOD,SYNTHETIC_ML_DATASET,NORMAL,0
MTR,VIB_001,2026-03-01T10:09:00+00:00,0.8533539750898428,mm/s,GOOD,SYNTHETIC_ML_DATASET,NORMAL,0
MTR,HUM_001,2026-03-01T10:10:00+00:00,58.39490336070803,%,GOOD,SYNTHETIC_ML_DATASET,NORMAL,0
MTR,POWER_001,2026-03-01T10:10:00+00:00,38.5527355127399,kW,GOOD,SYNTHETIC_ML_DATASET,NORMAL,0
MTR,PRESS_001,2026-03-01T10:10:00+00:00,991.0678023498285,hPa,GOOD,SYNTHETIC_ML_DATASET,NORMAL,0
MTR,TEMP_001,2026-03-01T10:10:00+00:00,-13.231423257125222,°C,GOOD,SYNTHETIC_ML_DATASET,NORMAL,0
MTR,VIB_001,2026-03-01T10:10:00+00:00,0.893536313195216,mm/s,GOOD,SYNTHETIC_ML_DATASET,NORMAL,0
MTR,HUM_001,2026-03-01T10:11:00+00:00,59.39710663599883,%,GOOD,SYNTHETIC_ML_DATASET,NORMAL,0
MTR,POWER_001,2026-03-01T10:11:00+00:00,37.625181576757605,kW,GOOD,SYNTHETIC_ML_DATASET,NORMAL,0
MTR,PRESS_001,2026-03-01T10:11:00+00:00,991.3331439683778,hPa,GOOD,SYNTHETIC_ML_DATASET,NORMAL,0
MTR,TEMP_001,2026-03-01T10:11:00+00:00,-13.287499678630772,°C,GOOD,SYNTHETIC_ML_DATASET,NORMAL,0
MTR,VIB_001,2026-03-01T10:11:00+00:00,0.897667092860953,mm/s,GOOD,SYNTHETIC_ML_DATASET,NORMAL,0
MTR,HUM_001,2026-03-01T10:12:00+00:00,58.72043630522645,%,GOOD,SYNTHETIC_ML_DATASET,NORMAL,0
MTR,POWER_001,2026-03-01T10:12:00+00:00,37.716096376673896,kW,GOOD,SYNTHETIC_ML_DATASET,NORMAL,0
MTR,PRESS_001,2026-03-01T10:12:00+00:00,991.1764757706304,hPa,GOOD,SYNTHETIC_ML_DATASET,NORMAL,0
MTR,TEMP_001,2026-03-01T10:12:00+00:00,-13.40262565518025,°C,GOOD,SYNTHETIC_ML_DATASET,NORMAL,0
MTR,VIB_001,2026-03-01T10:12:00+00:00,0.9034143330303117,mm/s,GOOD,SYNTHETIC_ML_DATASET,NORMAL,0
MTR,HUM_001,2026-03-01T10:13:00+00:00,58.81989460982258,%,GOOD,SYNTHETIC_ML_DATASET,NORMAL,0
MTR,POWER_001,2026-03-01T10:13:00+00:00,38.1641640155288,kW,GOOD,SYNTHETIC_ML_DATASET,NORMAL,0
MTR,PRESS_001,2026-03-01T10:13:00+00:00,991.0269775903059,hPa,GOOD,SYNTHETIC_ML_DATASET,NORMAL,0
MTR,TEMP_001,2026-03-01T10:13:00+00:00,-13.341850647195725,°C,GOOD,SYNTHETIC_ML_DATASET,NORMAL,0
MTR,VIB_001,2026-03-01T10:13:00+00:00,0.9108647117973425,mm/s,GOOD,SYNTHETIC_ML_DATASET,NORMAL,0
MTR,HUM_001,2026-03-01T10:14:00+00:00,59.6508198382148,%,GOOD,SYNTHETIC_ML_DATASET,NORMAL,0
MTR,POWER_001,2026-03-01T10:14:00+00:00,37.90912866902334,kW,GOOD,SYNTHETIC_ML_DATASET,NORMAL,0
MTR,PRESS_001,2026-03-01T10:14:00+00:00,990.9743437134091,hPa,GOOD,SYNTHETIC_ML_DATASET,NORMAL,0
MTR,TEMP_001,2026-03-01T10:14:00+00:00,-13.52925210030855,°C,GOOD,SYNTHETIC_ML_DATASET,NORMAL,0
MTR,VIB_001,2026-03-01T10:14:00+00:00,0.8876724727555803,mm/s,GOOD,SYNTHETIC_ML_DATASET,NORMAL,0
MTR,HUM_001,2026-03-01T10:15:00+00:00,58.89004938184021,%,GOOD,SYNTHETIC_ML_DATASET,NORMAL,0
MTR,POWER_001,2026-03-01T10:15:00+00:00,38.41022884840744,kW,GOOD,SYNTHETIC_ML_DATASET,NORMAL,0
MTR,PRESS_001,2026-03-01T10:15:00+00:00,991.1526062671013,hPa,GOOD,SYNTHETIC_ML_DATASET,NORMAL,0
MTR,TEMP_001,2026-03-01T10:15:00+00:00,-13.48542473289768,°C,GOOD,SYNTHETIC_ML_DATASET,NORMAL,0
MTR,VIB_001,2026-03-01T10:15:00+00:00,0.8619914379308377,mm/s,GOOD,SYNTHETIC_ML_DATASET,NORMAL,0
MTR,HUM_001,2026-03-01T10:16:00+00:00,57.931805881681534,%,GOOD,SYNTHETIC_ML_DATASET,NORMAL,0
MTR,POWER_001,2026-03-01T10:16:00+00:00,37.8924544825381,kW,GOOD,SYNTHETIC_ML_DATASET,NORMAL,0
MTR,PRESS_001,2026-03-01T10:16:00+00:00,991.047971017608,hPa,GOOD,SYNTHETIC_ML_DATASET,NORMAL,0
MTR,TEMP_001,2026-03-01T10:16:00+00:00,-13.077594288473241,°C,GOOD,SYNTHETIC_ML_DATASET,NORMAL,0
MTR,VIB_001,2026-03-01T10:16:00+00:00,0.8442518906073364,mm/s,GOOD,SYNTHETIC_ML_DATASET,NORMAL,0
MTR,HUM_001,2026-03-01T10:17:00+00:00,58.33868000111885,%,GOOD,SYNTHETIC_ML_DATASET,NORMAL,0
MTR,POWER_001,2026-03-01T10:17:00+00:00,37.85441170160243,kW,GOOD,SYNTHETIC_ML_DATASET,NORMAL,0
MTR,PRESS_001,2026-03-01T10:17:00+00:00,991.0363703983218,hPa,GOOD,SYNTHETIC_ML_DATASET,NORMAL,0
MTR,TEMP_001,2026-03-01T10:17:00+00:00,-13.71002165987161,°C,GOOD,SYNTHETIC_ML_DATASET,NORMAL,0
MTR,VIB_001,2026-03-01T10:17:00+00:00,0.853801150325301,mm/s,GOOD,SYNTHETIC_ML_DATASET,NORMAL,0
MTR,HUM_001,2026-03-01T10:18:00+00:00,58.00314256263953,%,GOOD,SYNTHETIC_ML_DATASET,NORMAL,0
MTR,POWER_001,2026-03-01T10:18:00+00:00,37.7562918949298,kW,GOOD,SYNTHETIC_ML_DATASET,NORMAL,0
MTR,PRESS_001,2026-03-01T10:18:00+00:00,991.2099815203312,hPa,GOOD,SYNTHETIC_ML_DATASET,NORMAL,0
MTR,TEMP_001,2026-03-01T10:18:00+00:00,-13.477105338650983,°C,GOOD,SYNTHETIC_ML_DATASET,NORMAL,0
MTR,VIB_001,2026-03-01T10:18:00+00:00,0.857034422244871,mm/s,GOOD,SYNTHETIC_ML_DATASET,NORMAL,0
MTR,HUM_001,2026-03-01T10:19:00+00:00,57.0995171845208,%,GOOD,SYNTHETIC_ML_DATASET,NORMAL,0
MTR,POWER_001,2026-03-01T10:19:00+00:00,38.078047272560916,kW,GOOD,SYNTHETIC_ML_DATASET,NORMAL,0
MTR,PRESS_001,2026-03-01T10:19:00+00:00,991.2333657990916,hPa,GOOD,SYNTHETIC_ML_DATASET,NORMAL,0
MTR,TEMP_001,2026-03-01T10:19:00+00:00,-13.486028102213933,°C,GOOD,SYNTHETIC_ML_DATASET,NORMAL,0
MTR,VIB_001,2026-03-01T10:19:00+00:00,0.8776281667962139,mm/s,GOOD,SYNTHETIC_ML_DATASET,NORMAL,0
MTR,HUM_001,2026-03-01T10:20:00+00:00,57.31884596287106,%,GOOD,SYNTHETIC_ML_DATASET,NORMAL,0
MTR,POWER_001,2026-03-01T10:20:00+00:00,38.12492405871941,kW,GOOD,SYNTHETIC_ML_DATASET,NORMAL,0
MTR,PRESS_001,2026-03-01T10:20:00+00:00,991.1451005283201,hPa,GOOD,SYNTHETIC_ML_DATASET,NORMAL,0
MTR,TEMP_001,2026-03-01T10:20:00+00:00,-13.347759785217285,°C,GOOD,SYNTHETIC_ML_DATASET,NORMAL,0
MTR,VIB_001,2026-03-01T10:20:00+00:00,0.9017139266348753,mm/s,GOOD,SYNTHETIC_ML_DATASET,NORMAL,0
MTR,HUM_001,2026-03-01T10:21:00+00:00,58.264327383647306,%,GOOD,SYNTHETIC_ML_DATASET,NORMAL,0
MTR,POWER_001,2026-03-01T10:21:00+00:00,38.569374717923175,kW,GOOD,SYNTHETIC_ML_DATASET,NORMAL,0
MTR,PRESS_001,2026-03-01T10:21:00+00:00,991.0730164856246,hPa,GOOD,SYNTHETIC_ML_DATASET,NORMAL,0
MTR,TEMP_001,2026-03-01T10:21:00+00:00,-13.423529773713524,°C,GOOD,SYNTHETIC_ML_DATASET,NORMAL,0
MTR,VIB_001,2026-03-01T10:21:00+00:00,0.8831916859723579,mm/s,GOOD,SYNTHETIC_ML_DATASET,NORMAL,0
MTR,HUM_001,2026-03-01T10:22:00+00:00,58.83972093979332,%,GOOD,SYNTHETIC_ML_DATASET,NORMAL,0
MTR,POWER_001,2026-03-01T10:22:00+00:00,38.62924161810375,kW,GOOD,SYNTHETIC_ML_DATASET,NORMAL,0
MTR,PRESS_001,2026-03-01T10:22:00+00:00,990.9165945984319,hPa,GOOD,SYNTHETIC_ML_DATASET,NORMAL,0
MTR,TEMP_001,2026-03-01T10:22:00+00:00,-13.302323195150413,°C,GOOD,SYNTHETIC_ML_DATASET,NORMAL,0
MTR,VIB_001,2026-03-01T10:22:00+00:00,0.9012274941498002,mm/s,GOOD,SYNTHETIC_ML_DATASET,NORMAL,0
MTR,HUM_001,2026-03-01T10:23:00+00:00,57.7479296367906,%,GOOD,SYNTHETIC_ML_DATASET,NORMAL,0
MTR,POWER_001,2026-03-01T10:23:00+00:00,38.06577033431919,kW,GOOD,SYNTHETIC_ML_DATASET,NORMAL,0
MTR,PRESS_001,2026-03-01T10:23:00+00:00,990.8696185343431,hPa,GOOD,SYNTHETIC_ML_DATASET,NORMAL,0
MTR,TEMP_001,2026-03-01T10:23:00+00:00,-13.312019861323384,°C,GOOD,SYNTHETIC_ML_DATASET,NORMAL,0
MTR,VIB_001,2026-03-01T10:23:00+00:00,0.872717477545642,mm/s,GOOD,SYNTHETIC_ML_DATASET,NORMAL,0
MTR,HUM_001,2026-03-01T10:24:00+00:00,57.69906669964144,%,GOOD,SYNTHETIC_ML_DATASET,NORMAL,0
MTR,POWER_001,2026-03-01T10:24:00+00:00,38.22867549487509,kW,GOOD,SYNTHETIC_ML_DATASET,NORMAL,0
MTR,PRESS_001,2026-03-01T10:24:00+00:00,991.0878701902819,hPa,GOOD,SYNTHETIC_ML_DATASET,NORMAL,0
MTR,TEMP_001,2026-03-01T10:24:00+00:00,-13.40840738696161,°C,GOOD,SYNTHETIC_ML_DATASET,NORMAL,0
MTR,VIB_001,2026-03-01T10:24:00+00:00,0.896476603915805,mm/s,GOOD,SYNTHETIC_ML_DATASET,NORMAL,0
MTR,HUM_001,2026-03-01T10:25:00+00:00,57.32044519508184,%,GOOD,SYNTHETIC_ML_DATASET,NORMAL,0
MTR,POWER_001,2026-03-01T10:25:00+00:00,38.08923357169647,kW,GOOD,SYNTHETIC_ML_DATASET,NORMAL,0
MTR,PRESS_001,2026-03-01T10:25:00+00:00,990.8659527902801,hPa,GOOD,SYNTHETIC_ML_DATASET,NORMAL,0
MTR,TEMP_001,2026-03-01T10:25:00+00:00,-13.336465693078488,°C,GOOD,SYNTHETIC_ML_DATASET,NORMAL,0
MTR,VIB_001,2026-03-01T10:25:00+00:00,0.8675277779605333,mm/s,GOOD,SYNTHETIC_ML_DATASET,NORMAL,0
MTR,HUM_001,2026-03-01T10:26:00+00:00,56.79088799118311,%,GOOD,SYNTHETIC_ML_DATASET,NORMAL,0
MTR,POWER_001,2026-03-01T10:26:00+00:00,38.38953769557473,kW,GOOD,SYNTHETIC_ML_DATASET,NORMAL,0
MTR,PRESS_001,2026-03-01T10:26:00+00:00,990.7377905875869,hPa,GOOD,SYNTHETIC_ML_DATASET,NORMAL,0
MTR,TEMP_001,2026-03-01T10:26:00+00:00,-13.869192043651951,°C,GOOD,SYNTHETIC_ML_DATASET,NORMAL,0
MTR,VIB_001,2026-03-01T10:26:00+00:00,0.8846902341340709,mm/s,GOOD,SYNTHETIC_ML_DATASET,NORMAL,0
MTR,HUM_001,2026-03-01T10:27:00+00:00,56.364639270827375,%,GOOD,SYNTHETIC_ML_DATASET,NORMAL,0
MTR,POWER_001,2026-03-01T10:27:00+00:00,38.21125579778633,kW,GOOD,SYNTHETIC_ML_DATASET,NORMAL,0
MTR,PRESS_001,2026-03-01T10:27:00+00:00,990.8990374652467,hPa,GOOD,SYNTHETIC_ML_DATASET,NORMAL,0
MTR,TEMP_001,2026-03-01T10:27:00+00:00,-13.189397048599567,°C,GOOD,SYNTHETIC_ML_DATASET,NORMAL,0
MTR,VIB_001,2026-03-01T10:27:00+00:00,0.8866117524825281,mm/s,GOOD,SYNTHETIC_ML_DATASET,NORMAL,0
MTR,HUM_001,2026-03-01T10:28:00+00:00,55.29584584426743,%,GOOD,SYNTHETIC_ML_DATASET,NORMAL,0
MTR,POWER_001,2026-03-01T10:28:00+00:00,37.954473493113646,kW,GOOD,SYNTHETIC_ML_DATASET,NORMAL,0
MTR,PRESS_001,2026-03-01T10:28:00+00:00,990.7899937949054,hPa,GOOD,SYNTHETIC_ML_DATASET,NORMAL,0
MTR,TEMP_001,2026-03-01T10:28:00+00:00,-13.47205006875509,°C,GOOD,SYNTHETIC_ML_DATASET,NORMAL,0
MTR,VIB_001,2026-03-01T10:28:00+00:00,0.8686314938402545,mm/s,GOOD,SYNTHETIC_ML_DATASET,NORMAL,0
MTR,HUM_001,2026-03-01T10:29:00+00:00,56.3015634876651,%,GOOD,SYNTHETIC_ML_DATASET,NORMAL,0
MTR,POWER_001,2026-03-01T10:29:00+00:00,39.01734225410332,kW,GOOD,SYNTHETIC_ML_DATASET,NORMAL,0
MTR,PRESS_001,2026-03-01T10:29:00+00:00,990.8994414000999,hPa,GOOD,SYNTHETIC_ML_DATASET,NORMAL,0
MTR,TEMP_001,2026-03-01T10:29:00+00:00,-13.616889969553952,°C,GOOD,SYNTHETIC_ML_DATASET,NORMAL,0
MTR,VIB_001,2026-03-01T10:29:00+00:00,0.897788131314519,mm/s,GOOD,SYNTHETIC_ML_DATASET,NORMAL,0
MTR,HUM_001,2026-03-01T10:30:00+00:00,56.31409548744932,%,GOOD,SYNTHETIC_ML_DATASET,NORMAL,0
MTR,POWER_001,2026-03-01T10:30:00+00:00,38.79008099235012,kW,GOOD,SYNTHETIC_ML_DATASET,NORMAL,0
MTR,PRESS_001,2026-03-01T10:30:00+00:00,990.8541870846605,hPa,GOOD,SYNTHETIC_ML_DATASET,NORMAL,0
MTR,TEMP_001,2026-03-01T10:30:00+00:00,-13.778503205178755,°C,GOOD,SYNTHETIC_ML_DATASET,NORMAL,0
MTR,VIB_001,2026-03-01T10:30:00+00:00,0.9121453345342649,mm/s,GOOD,SYNTHETIC_ML_DATASET,NORMAL,0
MTR,HUM_001,2026-03-01T10:31:00+00:00,56.538049604994264,%,GOOD,SYNTHETIC_ML_DATASET,NORMAL,0
MTR,POWER_001,2026-03-01T10:31:00+00:00,38.928567675347935,kW,GOOD,SYNTHETIC_ML_DATASET,NORMAL,0
MTR,PRESS_001,2026-03-01T10:31:00+00:00,991.0572295536283,hPa,GOOD,SYNTHETIC_ML_DATASET,NORMAL,0
MTR,TEMP_001,2026-03-01T10:31:00+00:00,-13.479159070665405,°C,GOOD,SYNTHETIC_ML_DATASET,NORMAL,0
MTR,VIB_001,2026-03-01T10:31:00+00:00,0.9568981943633439,mm/s,GOOD,SYNTHETIC_ML_DATASET,NORMAL,0
MTR,HUM_001,2026-03-01T10:32:00+00:00,55.95246014409838,%,GOOD,SYNTHETIC_ML_DATASET,NORMAL,0
MTR,POWER_001,2026-03-01T10:32:00+00:00,38.80761320126409,kW,GOOD,SYNTHETIC_ML_DATASET,NORMAL,0
MTR,PRESS_001,2026-03-01T10:32:00+00:00,990.583888470238,hPa,GOOD,SYNTHETIC_ML_DATASET,NORMAL,0
MTR,TEMP_001,2026-03-01T10:32:00+00:00,-13.397654619175704,°C,GOOD,SYNTHETIC_ML_DATASET,NORMAL,0
MTR,VIB_001,2026-03-01T10:32:00+00:00,0.9411236793530395,mm/s,GOOD,SYNTHETIC_ML_DATASET,NORMAL,0
MTR,HUM_001,2026-03-01T10:33:00+00:00,55.7094591480255,%,GOOD,SYNTHETIC_ML_DATASET,NORMAL,0
MTR,POWER_001,2026-03-01T10:33:00+00:00,38.717258465286505,kW,GOOD,SYNTHETIC_ML_DATASET,NORMAL,0
MTR,PRESS_001,2026-03-01T10:33:00+00:00,990.742983983027,hPa,GOOD,SYNTHETIC_ML_DATASET,NORMAL,0
MTR,TEMP_001,2026-03-01T10:33:00+00:00,-13.624349988392233,°C,GOOD,SYNTHETIC_ML_DATASET,NORMAL,0
MTR,VIB_001,2026-03-01T10:33:00+00:00,0.9569291515419129,mm/s,GOOD,SYNTHETIC_ML_DATASET,NORMAL,0
MTR,HUM_001,2026-03-01T10:34:00+00:00,55.651482033580976,%,GOOD,SYNTHETIC_ML_DATASET,NORMAL,0
MTR,POWER_001,2026-03-01T10:34:00+00:00,38.19312230238192,kW,GOOD,SYNTHETIC_ML_DATASET,NORMAL,0
MTR,PRESS_001,2026-03-01T10:34:00+00:00,990.7314349190952,hPa,GOOD,SYNTHETIC_ML_DATASET,NORMAL,0
MTR,TEMP_001,2026-03-01T10:34:00+00:00,-13.619436533658549,°C,GOOD,SYNTHETIC_ML_DATASET,NORMAL,0
MTR,VIB_001,2026-03-01T10:34:00+00:00,0.9534794096145152,mm/s,GOOD,SYNTHETIC_ML_DATASET,NORMAL,0
MTR,HUM_001,2026-03-01T10:35:00+00:00,55.03612250225483,%,GOOD,SYNTHETIC_ML_DATASET,NORMAL,0
MTR,POWER_001,2026-03-01T10:35:00+00:00,38.264761317779595,kW,GOOD,SYNTHETIC_ML_DATASET,NORMAL,0
MTR,PRESS_001,2026-03-01T10:35:00+00:00,990.6743432794451,hPa,GOOD,SYNTHETIC_ML_DATASET,NORMAL,0
MTR,TEMP_001,2026-03-01T10:35:00+00:00,-13.541235344267246,°C,GOOD,SYNTHETIC_ML_DATASET,NORMAL,0
MTR,VIB_001,2026-03-01T10:35:00+00:00,0.9308543244526772,mm/s,GOOD,SYNTHETIC_ML_DATASET,NORMAL,0
MTR,HUM_001,2026-03-01T10:36:00+00:00,55.94726168905183,%,GOOD,SYNTHETIC_ML_DATASET,NORMAL,0
MTR,POWER_001,2026-03-01T10:36:00+00:00,38.44554375001051,kW,GOOD,SYNTHETIC_ML_DATASET,NORMAL,0
MTR,PRESS_001,2026-03-01T10:36:00+00:00,990.8489547638026,hPa,GOOD,SYNTHETIC_ML_DATASET,NORMAL,0
MTR,TEMP_001,2026-03-01T10:36:00+00:00,-13.964164701119865,°C,GOOD,SYNTHETIC_ML_DATASET,NORMAL,0
MTR,VIB_001,2026-03-01T10:36:00+00:00,0.9087829669027735,mm/s,GOOD,SYNTHETIC_ML_DATASET,NORMAL,0
MTR,HUM_001,2026-03-01T10:37:00+00:00,55.445839658511474,%,GOOD,SYNTHETIC_ML_DATASET,NORMAL,0
MTR,POWER_001,2026-03-01T10:37:00+00:00,38.9637538020978,kW,GOOD,SYNTHETIC_ML_DATASET,NORMAL,0
MTR,PRESS_001,2026-03-01T10:37:00+00:00,990.8999472933108,hPa,GOOD,SYNTHETIC_ML_DATASET,NORMAL,0
MTR,TEMP_001,2026-03-01T10:37:00+00:00,-13.69496973181226,°C,GOOD,SYNTHETIC_ML_DATASET,NORMAL,0
MTR,VIB_001,2026-03-01T10:37:00+00:00,0.9086562082459445,mm/s,GOOD,SYNTHETIC_ML_DATASET,NORMAL,0
MTR,HUM_001,2026-03-01T10:38:00+00:00,54.880219969851474,%,GOOD,SYNTHETIC_ML_DATASET,NORMAL,0
MTR,POWER_001,2026-03-01T10:38:00+00:00,38.40125422251279,kW,GOOD,SYNTHETIC_ML_DATASET,NORMAL,0
MTR,PRESS_001,2026-03-01T10:38:00+00:00,990.720238283181,hPa,GOOD,SYNTHETIC_ML_DATASET,NORMAL,0
MTR,TEMP_001,2026-03-01T10:38:00+00:00,-13.774699834904299,°C,GOOD,SYNTHETIC_ML_DATASET,NORMAL,0
MTR,VIB_001,2026-03-01T10:38:00+00:00,0.9225722497363594,mm/s,GOOD,SYNTHETIC_ML_DATASET,NORMAL,0
MTR,HUM_001,2026-03-01T10:39:00+00:00,55.09561796802653,%,GOOD,SYNTHETIC_ML_DATASET,NORMAL,0
MTR,POWER_001,2026-03-01T10:39:00+00:00,38.39512423025391,kW,GOOD,SYNTHETIC_ML_DATASET,NORMAL,0
MTR,PRESS_001,2026-03-01T10:39:00+00:00,990.7840765556858,hPa,GOOD,SYNTHETIC_ML_DATASET,NORMAL,0
MTR,TEMP_001,2026-03-01T10:39:00+00:00,-13.757321798178053,°C,GOOD,SYNTHETIC_ML_DATASET,NORMAL,0
MTR,VIB_001,2026-03-01T10:39:00+00:00,0.9144026352161911,mm/s,GOOD,SYNTHETIC_ML_DATASET,NORMAL,0
MTR,HUM_001,2026-03-01T10:40:00+00:00,55.18023571650353,%,GOOD,SYNTHETIC_ML_DATASET,NORMAL,0
MTR,POWER_001,2026-03-01T10:40:00+00:00,39.11857018471291,kW,GOOD,SYNTHETIC_ML_DATASET,NORMAL,0
MTR,PRESS_001,2026-03-01T10:40:00+00:00,990.4438073704467,hPa,GOOD,SYNTHETIC_ML_DATASET,NORMAL,0
MTR,TEMP_001,2026-03-01T10:40:00+00:00,-14.08818356928123,°C,GOOD,SYNTHETIC_ML_DATASET,NORMAL,0
MTR,VIB_001,2026-03-01T10:40:00+00:00,0.9237827229326536,mm/s,GOOD,SYNTHETIC_ML_DATASET,NORMAL,0
MTR,HUM_001,2026-03-01T10:41:00+00:00,55.44271004091642,%,GOOD,SYNTHETIC_ML_DATASET,NORMAL,0
MTR,POWER_001,2026-03-01T10:41:00+00:00,38.482819837655256,kW,GOOD,SYNTHETIC_ML_DATASET,NORMAL,0
MTR,PRESS_001,2026-03-01T10:41:00+00:00,990.5909103658767,hPa,GOOD,SYNTHETIC_ML_DATASET,NORMAL,0
MTR,TEMP_001,2026-03-01T10:41:00+00:00,-13.74489203388171,°C,GOOD,SYNTHETIC_ML_DATASET,NORMAL,0
MTR,VIB_001,2026-03-01T10:41:00+00:00,0.9302135902403386,mm/s,GOOD,SYNTHETIC_ML_DATASET,NORMAL,0
MTR,HUM_001,2026-03-01T10:42:00+00:00,55.53309784111111,%,GOOD,SYNTHETIC_ML_DATASET,NORMAL,0
MTR,POWER_001,2026-03-01T10:42:00+00:00,38.71043252978627,kW,GOOD,SYNTHETIC_ML_DATASET,NORMAL,0
MTR,PRESS_001,2026-03-01T10:42:00+00:00,990.4835892431931,hPa,GOOD,SYNTHETIC_ML_DATASET,NORMAL,0
MTR,TEMP_001,2026-03-01T10:42:00+00:00,-13.95718741969234,°C,GOOD,SYNTHETIC_ML_DATASET,NORMAL,0
MTR,VIB_001,2026-03-01T10:42:00+00:00,0.9229737008796439,mm/s,GOOD,SYNTHETIC_ML_DATASET,NORMAL,0
MTR,HUM_001,2026-03-01T10:43:00+00:00,55.03021805581655,%,GOOD,SYNTHETIC_ML_DATASET,NORMAL,0
MTR,POWER_001,2026-03-01T10:43:00+00:00,38.037073056566996,kW,GOOD,SYNTHETIC_ML_DATASET,NORMAL,0
MTR,PRESS_001,2026-03-01T10:43:00+00:00,990.751499860357,hPa,GOOD,SYNTHETIC_ML_DATASET,NORMAL,0
MTR,TEMP_001,2026-03-01T10:43:00+00:00,-13.525254281781173,°C,GOOD,SYNTHETIC_ML_DATASET,NORMAL,0
MTR,VIB_001,2026-03-01T10:43:00+00:00,0.921077120646592,mm/s,GOOD,SYNTHETIC_ML_DATASET,NORMAL,0
MTR,HUM_001,2026-03-01T10:44:00+00:00,54.876846265577015,%,GOOD,SYNTHETIC_ML_DATASET,NORMAL,0
MTR,POWER_001,2026-03-01T10:44:00+00:00,38.23588402988296,kW,GOOD,SYNTHETIC_ML_DATASET,NORMAL,0
MTR,PRESS_001,2026-03-01T10:44:00+00:00,990.7003407711808,hPa,GOOD,SYNTHETIC_ML_DATASET,NORMAL,0
MTR,TEMP_001,2026-03-01T10:44:00+00:00,-13.872547840947375,°C,GOOD,SYNTHETIC_ML_DATASET,NORMAL,0
MTR,VIB_001,2026-03-01T10:44:00+00:00,0.949360249064453,mm/s,GOOD,SYNTHETIC_ML_DATASET,NORMAL,0
MTR,HUM_001,2026-03-01T10:45:00+00:00,54.99567536311518,%,GOOD,SYNTHETIC_ML_DATASET,NORMAL,0
MTR,POWER_001,2026-03-01T10:45:00+00:00,37.751075149560634,kW,GOOD,SYNTHETIC_ML_DATASET,NORMAL,0
MTR,PRESS_001,2026-03-01T10:45:00+00:00,990.9099702412807,hPa,GOOD,SYNTHETIC_ML_DATASET,NORMAL,0
MTR,TEMP_001,2026-03-01T10:45:00+00:00,-13.683515943658094,°C,GOOD,SYNTHETIC_ML_DATASET,NORMAL,0
MTR,VIB_001,2026-03-01T10:45:00+00:00,0.8997880223262198,mm/s,GOOD,SYNTHETIC_ML_DATASET,NORMAL,0
MTR,HUM_001,2026-03-01T10:46:00+00:00,54.600973194232736,%,GOOD,SYNTHETIC_ML_DATASET,NORMAL,0
MTR,POWER_001,2026-03-01T10:46:00+00:00,37.07833179910245,kW,GOOD,SYNTHETIC_ML_DATASET,NORMAL,0
MTR,PRESS_001,2026-03-01T10:46:00+00:00,990.8774594247681,hPa,GOOD,SYNTHETIC_ML_DATASET,NORMAL,0
MTR,TEMP_001,2026-03-01T10:46:00+00:00,-13.66049605971729,°C,GOOD,SYNTHETIC_ML_DATASET,NORMAL,0
MTR,VIB_001,2026-03-01T10:46:00+00:00,0.9507438988591143,mm/s,GOOD,SYNTHETIC_ML_DATASET,NORMAL,0
MTR,HUM_001,2026-03-01T10:47:00+00:00,54.5194194415867,%,GOOD,SYNTHETIC_ML_DATASET,NORMAL,0
MTR,POWER_001,2026-03-01T10:47:00+00:00,37.35268500242947,kW,GOOD,SYNTHETIC_ML_DATASET,NORMAL,0
MTR,PRESS_001,2026-03-01T10:47:00+00:00,990.9269076020696,hPa,GOOD,SYNTHETIC_ML_DATASET,NORMAL,0
MTR,TEMP_001,2026-03-01T10:47:00+00:00,-13.665449388803417,°C,GOOD,SYNTHETIC_ML_DATASET,NORMAL,0
MTR,VIB_001,2026-03-01T10:47:00+00:00,0.9630316682732226,mm/s,GOOD,SYNTHETIC_ML_DATASET,NORMAL,0
MTR,HUM_001,2026-03-01T10:48:00+00:00,54.79255971081722,%,GOOD,SYNTHETIC_ML_DATASET,NORMAL,0
MTR,POWER_001,2026-03-01T10:48:00+00:00,37.231214212685465,kW,GOOD,SYNTHETIC_ML_DATASET,NORMAL,0
MTR,PRESS_001,2026-03-01T10:48:00+00:00,990.7643113945779,hPa,GOOD,SYNTHETIC_ML_DATASET,NORMAL,0
MTR,TEMP_001,2026-03-01T10:48:00+00:00,-13.84720994434028,°C,GOOD,SYNTHETIC_ML_DATASET,NORMAL,0
MTR,VIB_001,2026-03-01T10:48:00+00:00,0.9709445787080734,mm/s,GOOD,SYNTHETIC_ML_DATASET,NORMAL,0
MTR,HUM_001,2026-03-01T10:49:00+00:00,54.773635716347265,%,GOOD,SYNTHETIC_ML_DATASET,NORMAL,0
MTR,POWER_001,2026-03-01T10:49:00+00:00,37.62066960725366,kW,GOOD,SYNTHETIC_ML_DATASET,NORMAL,0
MTR,PRESS_001,2026-03-01T10:49:00+00:00,990.5995864790091,hPa,GOOD,SYNTHETIC_ML_DATASET,NORMAL,0
MTR,TEMP_001,2026-03-01T10:49:00+00:00,-13.967819227532676,°C,GOOD,SYNTHETIC_ML_DATASET,NORMAL,0
MTR,VIB_001,2026-03-01T10:49:00+00:00,0.9506388550931926,mm/s,GOOD,SYNTHETIC_ML_DATASET,NORMAL,0
MTR,HUM_001,2026-03-01T10:50:00+00:00,55.131561545802164,%,GOOD,SYNTHETIC_ML_DATASET,NORMAL,0
MTR,POWER_001,2026-03-01T10:50:00+00:00,36.870689718739165,kW,GOOD,SYNTHETIC_ML_DATASET,NORMAL,0
MTR,PRESS_001,2026-03-01T10:50:00+00:00,990.686250266505,hPa,GOOD,SYNTHETIC_ML_DATASET,NORMAL,0
MTR,TEMP_001,2026-03-01T10:50:00+00:00,-13.769489436011444,°C,GOOD,SYNTHETIC_ML_DATASET,NORMAL,0
MTR,VIB_001,2026-03-01T10:50:00+00:00,0.918799318248017,mm/s,GOOD,SYNTHETIC_ML_DATASET,NORMAL,0
MTR,HUM_001,2026-03-01T10:51:00+00:00,54.02704171404738,%,GOOD,SYNTHETIC_ML_DATASET,NORMAL,0
MTR,POWER_001,2026-03-01T10:51:00+00:00,37.054058674466816,kW,GOOD,SYNTHETIC_ML_DATASET,NORMAL,0
MTR,PRESS_001,2026-03-01T10:51:00+00:00,990.7243768959704,hPa,GOOD,SYNTHETIC_ML_DATASET,NORMAL,0
MTR,TEMP_001,2026-03-01T10:51:00+00:00,-13.55409976298808,°C,GOOD,SYNTHETIC_ML_DATASET,NORMAL,0
MTR,VIB_001,2026-03-01T10:51:00+00:00,0.952591198537697,mm/s,GOOD,SYNTHETIC_ML_DATASET,NORMAL,0
MTR,HUM_001,2026-03-01T10:52:00+00:00,55.38018571454733,%,GOOD,SYNTHETIC_ML_DATASET,NORMAL,0
MTR,POWER_001,2026-03-01T10:52:00+00:00,37.48480775803072,kW,GOOD,SYNTHETIC_ML_DATASET,NORMAL,0
MTR,PRESS_001,2026-03-01T10:52:00+00:00,990.798202076127,hPa,GOOD,SYNTHETIC_ML_DATASET,NORMAL,0
MTR,TEMP_001,2026-03-01T10:52:00+00:00,-13.509863587656296,°C,GOOD,SYNTHETIC_ML_DATASET,NORMAL,0
MTR,VIB_001,2026-03-01T10:52:00+00:00,0.9542691851202796,mm/s,GOOD,SYNTHETIC_ML_DATASET,NORMAL,0
MTR,HUM_001,2026-03-01T10:53:00+00:00,55.306517646791086,%,GOOD,SYNTHETIC_ML_DATASET,NORMAL,0
MTR,POWER_001,2026-03-01T10:53:00+00:00,36.82635887919171,kW,GOOD,SYNTHETIC_ML_DATASET,NORMAL,0
MTR,PRESS_001,2026-03-01T10:53:00+00:00,990.8506946607753,hPa,GOOD,SYNTHETIC_ML_DATASET,NORMAL,0
MTR,TEMP_001,2026-03-01T10:53:00+00:00,-13.76986470040266,°C,GOOD,SYNTHETIC_ML_DATASET,NORMAL,0
MTR,VIB_001,2026-03-01T10:53:00+00:00,0.9381865732127949,mm/s,GOOD,SYNTHETIC_ML_DATASET,NORMAL,0
MTR,HUM_001,2026-03-01T10:54:00+00:00,54.55540211167419,%,GOOD,SYNTHETIC_ML_DATASET,NORMAL,0
MTR,POWER_001,2026-03-01T10:54:00+00:00,37.347699413650325,kW,GOOD,SYNTHETIC_ML_DATASET,NORMAL,0
MTR,PRESS_001,2026-03-01T10:54:00+00:00,990.8647384186532,hPa,GOOD,SYNTHETIC_ML_DATASET,NORMAL,0
MTR,TEMP_001,2026-03-01T10:54:00+00:00,-13.709731370489811,°C,GOOD,SYNTHETIC_ML_DATASET,NORMAL,0
MTR,VIB_001,2026-03-01T10:54:00+00:00,0.9523293103525672,mm/s,GOOD,SYNTHETIC_ML_DATASET,NORMAL,0
MTR,HUM_001,2026-03-01T10:55:00+00:00,53.94515985928968,%,GOOD,SYNTHETIC_ML_DATASET,NORMAL,0
MTR,POWER_001,2026-03-01T10:55:00+00:00,36.66593673860775,kW,GOOD,SYNTHETIC_ML_DATASET,NORMAL,0
MTR,PRESS_001,2026-03-01T10:55:00+00:00,990.7736310059813,hPa,GOOD,SYNTHETIC_ML_DATASET,NORMAL,0
MTR,TEMP_001,2026-03-01T10:55:00+00:00,-13.88538300963889,°C,GOOD,SYNTHETIC_ML_DATASET,NORMAL,0
MTR,VIB_001,2026-03-01T10:55:00+00:00,0.951747122697816,mm/s,GOOD,SYNTHETIC_ML_DATASET,NORMAL,0
MTR,HUM_001,2026-03-01T10:56:00+00:00,54.12719691345517,%,GOOD,SYNTHETIC_ML_DATASET,NORMAL,0
MTR,POWER_001,2026-03-01T10:56:00+00:00,36.840425090377835,kW,GOOD,SYNTHETIC_ML_DATASET,NORMAL,0
MTR,PRESS_001,2026-03-01T10:56:00+00:00,990.72967083011,hPa,GOOD,SYNTHETIC_ML_DATASET,NORMAL,0
MTR,TEMP_001,2026-03-01T10:56:00+00:00,-13.718612569887572,°C,GOOD,SYNTHETIC_ML_DATASET,NORMAL,0
MTR,VIB_001,2026-03-01T10:56:00+00:00,0.9532591224282589,mm/s,GOOD,SYNTHETIC_ML_DATASET,NORMAL,0
MTR,HUM_001,2026-03-01T10:57:00+00:00,54.28091099412049,%,GOOD,SYNTHETIC_ML_DATASET,NORMAL,0
MTR,POWER_001,2026-03-01T10:57:00+00:00,36.999435246692386,kW,GOOD,SYNTHETIC_ML_DATASET,NORMAL,0
MTR,PRESS_001,2026-03-01T10:57:00+00:00,990.7848371563005,hPa,GOOD,SYNTHETIC_ML_DATASET,NORMAL,0
MTR,TEMP_001,2026-03-01T10:57:00+00:00,-14.020339732266066,°C,GOOD,SYNTHETIC_ML_DATASET,NORMAL,0
MTR,VIB_001,2026-03-01T10:57:00+00:00,0.9341958475433906,mm/s,GOOD,SYNTHETIC_ML_DATASET,NORMAL,0
MTR,HUM_001,2026-03-01T10:58:00+00:00,53.50258408165994,%,GOOD,SYNTHETIC_ML_DATASET,NORMAL,0
MTR,POWER_001,2026-03-01T10:58:00+00:00,37.43736630753988,kW,GOOD,SYNTHETIC_ML_DATASET,NORMAL,0
MTR,PRESS_001,2026-03-01T10:58:00+00:00,990.8042531396068,hPa,GOOD,SYNTHETIC_ML_DATASET,NORMAL,0
MTR,TEMP_001,2026-03-01T10:58:00+00:00,-13.568978611699656,°C,GOOD,SYNTHETIC_ML_DATASET,NORMAL,0
MTR,VIB_001,2026-03-01T10:58:00+00:00,0.8720081630544758,mm/s,GOOD,SYNTHETIC_ML_DATASET,NORMAL,0
MTR,HUM_001,2026-03-01T10:59:00+00:00,54.66293306512153,%,GOOD,SYNTHETIC_ML_DATASET,NORMAL,0
MTR,POWER_001,2026-03-01T10:59:00+00:00,37.1236994895677,kW,GOOD,SYNTHETIC_ML_DATASET,NORMAL,0
MTR,PRESS_001,2026-03-01T10:59:00+00:00,990.928266364733,hPa,GOOD,SYNTHETIC_ML_DATASET,NORMAL,0
MTR,TEMP_001,2026-03-01T10:59:00+00:00,-13.711814795908445,°C,GOOD,SYNTHETIC_ML_DATASET,NORMAL,0
MTR,VIB_001,2026-03-01T10:59:00+00:00,0.9224206031599437,mm/s,GOOD,SYNTHETIC_ML_DATASET,NORMAL,0
MTR,HUM_001,2026-03-01T11:00:00+00:00,54.281090498505606,%,GOOD,SYNTHETIC_ML_DATASET,NORMAL,0
MTR,POWER_001,2026-03-01T11:00:00+00:00,36.896027716927605,kW,GOOD,SYNTHETIC_ML_DATASET,NORMAL,0
MTR,PRESS_001,2026-03-01T11:00:00+00:00,990.8085994058057,hPa,GOOD,SYNTHETIC_ML_DATASET,NORMAL,0
MTR,TEMP_001,2026-03-01T11:00:00+00:00,-13.58387717727833,°C,GOOD,SYNTHETIC_ML_DATASET,NORMAL,0
MTR,VIB_001,2026-03-01T11:00:00+00:00,0.9329436304320537,mm/s,GOOD,SYNTHETIC_ML_DATASET,NORMAL,0
MTR,HUM_001,2026-03-01T11:01:00+00:00,54.799875454557416,%,GOOD,SYNTHETIC_ML_DATASET,NORMAL,0
MTR,POWER_001,2026-03-01T11:01:00+00:00,37.121805127384015,kW,GOOD,SYNTHETIC_ML_DATASET,NORMAL,0
MTR,PRESS_001,2026-03-01T11:01:00+00:00,990.4974243469029,hPa,GOOD,SYNTHETIC_ML_DATASET,NORMAL,0
MTR,TEMP_001,2026-03-01T11:01:00+00:00,-14.089458054484142,°C,GOOD,SYNTHETIC_ML_DATASET,NORMAL,0
MTR,VIB_001,2026-03-01T11:01:00+00:00,0.9255634791215838,mm/s,GOOD,SYNTHETIC_ML_DATASET,NORMAL,0
MTR,HUM_001,2026-03-01T11:02:00+00:00,53.73059972715881,%,GOOD,SYNTHETIC_ML_DATASET,NORMAL,0
MTR,POWER_001,2026-03-01T11:02:00+00:00,36.44596397496724,kW,GOOD,SYNTHETIC_ML_DATASET,NORMAL,0
MTR,PRESS_001,2026-03-01T11:02:00+00:00,990.5111840041732,hPa,GOOD,SYNTHETIC_ML_DATASET,NORMAL,0
MTR,TEMP_001,2026-03-01T11:02:00+00:00,-14.054002067922477,°C,GOOD,SYNTHETIC_ML_DATASET,NORMAL,0
MTR,VIB_001,2026-03-01T11:02:00+00:00,0.9041631876018308,mm/s,GOOD,SYNTHETIC_ML_DATASET,NORMAL,0
MTR,HUM_001,2026-03-01T11:03:00+00:00,54.14225729051093,%,GOOD,SYNTHETIC_ML_DATASET,NORMAL,0
MTR,POWER_001,2026-03-01T11:03:00+00:00,36.86006231144823,kW,GOOD,SYNTHETIC_ML_DATASET,NORMAL,0
MTR,PRESS_001,2026-03-01T11:03:00+00:00,990.6554989543918,hPa,GOOD,SYNTHETIC_ML_DATASET,NORMAL,0
MTR,TEMP_001,2026-03-01T11:03:00+00:00,-13.833785132914267,°C,GOOD,SYNTHETIC_ML_DATASET,NORMAL,0
MTR,VIB_001,2026-03-01T11:03:00+00:00,0.925983996618484,mm/s,GOOD,SYNTHETIC_ML_DATASET,NORMAL,0
MTR,HUM_001,2026-03-01T11:04:00+00:00,53.74413603005664,%,GOOD,SYNTHETIC_ML_DATASET,NORMAL,0
MTR,POWER_001,2026-03-01T11:04:00+00:00,36.47298370051311,kW,GOOD,SYNTHETIC_ML_DATASET,NORMAL,0
MTR,PRESS_001,2026-03-01T11:04:00+00:00,990.6224569316481,hPa,GOOD,SYNTHETIC_ML_DATASET,NORMAL,0
MTR,TEMP_001,2026-03-01T11:04:00+00:00,-13.938058342076845,°C,GOOD,SYNTHETIC_ML_DATASET,NORMAL,0
MTR,VIB_001,2026-03-01T11:04:00+00:00,0.8808600491727331,mm/s,GOOD,SYNTHETIC_ML_DATASET,NORMAL,0
MTR,HUM_001,2026-03-01T11:05:00+00:00,54.23498239819854,%,GOOD,SYNTHETIC_ML_DATASET,NORMAL,0
MTR,POWER_001,2026-03-01T11:05:00+00:00,36.39424656765546,kW,GOOD,SYNTHETIC_ML_DATASET,NORMAL,0
MTR,PRESS_001,2026-03-01T11:05:00+00:00,990.6566424892272,hPa,GOOD,SYNTHETIC_ML_DATASET,NORMAL,0
MTR,TEMP_001,2026-03-01T11:05:00+00:00,-14.380798453962429,°C,GOOD,SYNTHETIC_ML_DATASET,NORMAL,0
MTR,VIB_001,2026-03-01T11:05:00+00:00,0.8924288330792872,mm/s,GOOD,SYNTHETIC_ML_DATASET,NORMAL,0
MTR,HUM_001,2026-03-01T11:06:00+00:00,53.293448021240415,%,GOOD,SYNTHETIC_ML_DATASET,NORMAL,0
MTR,POWER_001,2026-03-01T11:06:00+00:00,36.72668182904605,kW,GOOD,SYNTHETIC_ML_DATASET,NORMAL,0
MTR,PRESS_001,2026-03-01T11:06:00+00:00,990.6600862021277,hPa,GOOD,SYNTHETIC_ML_DATASET,NORMAL,0
MTR,TEMP_001,2026-03-01T11:06:00+00:00,-14.41527361085023,°C,GOOD,SYNTHETIC_ML_DATASET,NORMAL,0
MTR,VIB_001,2026-03-01T11:06:00+00:00,0.9246890661988888,mm/s,GOOD,SYNTHETIC_ML_DATASET,NORMAL,0
MTR,HUM_001,2026-03-01T11:07:00+00:00,53.64680815831294,%,GOOD,SYNTHETIC_ML_DATASET,NORMAL,0
MTR,POWER_001,2026-03-01T11:07:00+00:00,37.10551901877193,kW,GOOD,SYNTHETIC_ML_DATASET,NORMAL,0
MTR,PRESS_001,2026-03-01T11:07:00+00:00,990.3928222856848,hPa,GOOD,SYNTHETIC_ML_DATASET,NORMAL,0
MTR,TEMP_001,2026-03-01T11:07:00+00:00,-14.398323641716646,°C,GOOD,SYNTHETIC_ML_DATASET,NORMAL,0
MTR,VIB_001,2026-03-01T11:07:00+00:00,0.9277288149650126,mm/s,GOOD,SYNTHETIC_ML_DATASET,NORMAL,0
MTR,HUM_001,2026-03-01T11:08:00+00:00,53.41020141076766,%,GOOD,SYNTHETIC_ML_DATASET,NORMAL,0
MTR,POWER_001,2026-03-01T11:08:00+00:00,36.80135354516928,kW,GOOD,SYNTHETIC_ML_DATASET,NORMAL,0
MTR,PRESS_001,2026-03-01T11:08:00+00:00,990.3728056368253,hPa,GOOD,SYNTHETIC_ML_DATASET,NORMAL,0
MTR,TEMP_001,2026-03-01T11:08:00+00:00,-14.412277964577052,°C,GOOD,SYNTHETIC_ML_DATASET,NORMAL,0
MTR,VIB_001,2026-03-01T11:08:00+00:00,0.8991206851921014,mm/s,GOOD,SYNTHETIC_ML_DATASET,NORMAL,0
MTR,HUM_001,2026-03-01T11:09:00+00:00,53.670886694846935,%,GOOD,SYNTHETIC_ML_DATASET,NORMAL,0
MTR,POWER_001,2026-03-01T11:09:00+00:00,36.96554683852988,kW,GOOD,SYNTHETIC_ML_DATASET,NORMAL,0
MTR,PRESS_001,2026-03-01T11:09:00+00:00,990.2869108532603,hPa,GOOD,SYNTHETIC_ML_DATASET,NORMAL,0
MTR,TEMP_001,2026-03-01T11:09:00+00:00,-14.801492018276779,°C,GOOD,SYNTHETIC_ML_DATASET,NORMAL,0
MTR,VIB_001,2026-03-01T11:09:00+00:00,0.9300447574282502,mm/s,GOOD,SYNTHETIC_ML_DATASET,NORMAL,0
MTR,HUM_001,2026-03-01T11:10:00+00:00,54.51198883461493,%,GOOD,SYNTHETIC_ML_DATASET,NORMAL,0
MTR,POWER_001,2026-03-01T11:10:00+00:00,36.65300897613012,kW,GOOD,SYNTHETIC_ML_DATASET,NORMAL,0
MTR,PRESS_001,2026-03-01T11:10:00+00:00,990.2393802545831,hPa,GOOD,SYNTHETIC_ML_DATASET,NORMAL,0
MTR,TEMP_001,2026-03-01T11:10:00+00:00,-14.630554484311272,°C,GOOD,SYNTHETIC_ML_DATASET,NORMAL,0
MTR,VIB_001,2026-03-01T11:10:00+00:00,0.9148824774125875,mm/s,GOOD,SYNTHETIC_ML_DATASET,NORMAL,0
MTR,HUM_001,2026-03-01T11:11:00+00:00,54.56420707288418,%,GOOD,SYNTHETIC_ML_DATASET,NORMAL,0
MTR,POWER_001,2026-03-01T11:11:00+00:00,36.67930388317361,kW,GOOD,SYNTHETIC_ML_DATASET,NORMAL,0
MTR,PRESS_001,2026-03-01T11:11:00+00:00,989.9455442096988,hPa,GOOD,SYNTHETIC_ML_DATASET,NORMAL,0
MTR,TEMP_001,2026-03-01T11:11:00+00:00,-14.810582346846301,°C,GOOD,SYNTHETIC_ML_DATASET,NORMAL,0
MTR,VIB_001,2026-03-01T11:11:00+00:00,0.941296371013318,mm/s,GOOD,SYNTHETIC_ML_DATASET,NORMAL,0
MTR,HUM_001,2026-03-01T11:12:00+00:00,53.20133178388142,%,GOOD,SYNTHETIC_ML_DATASET,NORMAL,0
MTR,POWER_001,2026-03-01T11:12:00+00:00,36.83262851717118,kW,GOOD,SYNTHETIC_ML_DATASET,NORMAL,0
MTR,PRESS_001,2026-03-01T11:12:00+00:00,990.02983705088,hPa,GOOD,SYNTHETIC_ML_DATASET,NORMAL,0
MTR,TEMP_001,2026-03-01T11:12:00+00:00,-14.635428198265236,°C,GOOD,SYNTHETIC_ML_DATASET,NORMAL,0
MTR,VIB_001,2026-03-01T11:12:00+00:00,0.8975795025533954,mm/s,GOOD,SYNTHETIC_ML_DATASET,NORMAL,0
MTR,HUM_001,2026-03-01T11:13:00+00:00,54.83070952746258,%,GOOD,SYNTHETIC_ML_DATASET,NORMAL,0
MTR,POWER_001,2026-03-01T11:13:00+00:00,35.504840009185834,kW,GOOD,SYNTHETIC_ML_DATASET,NORMAL,0
MTR,PRESS_001,2026-03-01T11:13:00+00:00,990.0735655337659,hPa,GOOD,SYNTHETIC_ML_DATASET,NORMAL,0
MTR,TEMP_001,2026-03-01T11:13:00+00:00,-14.716008752872268,°C,GOOD,SYNTHETIC_ML_DATASET,NORMAL,0
MTR,VIB_001,2026-03-01T11:13:00+00:00,0.883513282241563,mm/s,GOOD,SYNTHETIC_ML_DATASET,NORMAL,0
MTR,HUM_001,2026-03-01T11:14:00+00:00,54.80305395735938,%,GOOD,SYNTHETIC_ML_DATASET,NORMAL,0
MTR,POWER_001,2026-03-01T11:14:00+00:00,36.14522294104602,kW,GOOD,SYNTHETIC_ML_DATASET,NORMAL,0
MTR,PRESS_001,2026-03-01T11:14:00+00:00,989.9480655058912,hPa,GOOD,SYNTHETIC_ML_DATASET,NORMAL,0
MTR,TEMP_001,2026-03-01T11:14:00+00:00,-14.720357385244789,°C,GOOD,SYNTHETIC_ML_DATASET,NORMAL,0
MTR,VIB_001,2026-03-01T11:14:00+00:00,0.8725327896047814,mm/s,GOOD,SYNTHETIC_ML_DATASET,NORMAL,0
MTR,HUM_001,2026-03-01T11:15:00+00:00,54.886262552307905,%,GOOD,SYNTHETIC_ML_DATASET,NORMAL,0
MTR,POWER_001,2026-03-01T11:15:00+00:00,36.04008656273027,kW,GOOD,SYNTHETIC_ML_DATASET,NORMAL,0
MTR,PRESS_001,2026-03-01T11:15:00+00:00,990.1279369867685,hPa,GOOD,SYNTHETIC_ML_DATASET,NORMAL,0
MTR,TEMP_001,2026-03-01T11:15:00+00:00,-14.876211712056326,°C,GOOD,SYNTHETIC_ML_DATASET,NORMAL,0
MTR,VIB_001,2026-03-01T11:15:00+00:00,0.9220395306981445,mm/s,GOOD,SYNTHETIC_ML_DATASET,NORMAL,0
MTR,HUM_001,2026-03-01T11:16:00+00:00,54.9455532997391,%,GOOD,SYNTHETIC_ML_DATASET,NORMAL,0
MTR,POWER_001,2026-03-01T11:16:00+00:00,36.0224777932195,kW,GOOD,SYNTHETIC_ML_DATASET,NORMAL,0
MTR,PRESS_001,2026-03-01T11:16:00+00:00,990.0113545057177,hPa,GOOD,SYNTHETIC_ML_DATASET,NORMAL,0
MTR,TEMP_001,2026-03-01T11:16:00+00:00,-14.276360631292453,°C,GOOD,SYNTHETIC_ML_DATASET,NORMAL,0
MTR,VIB_001,2026-03-01T11:16:00+00:00,0.8606499101336004,mm/s,GOOD,SYNTHETIC_ML_DATASET,NORMAL,0
MTR,HUM_001,2026-03-01T11:17:00+00:00,55.255078467082804,%,GOOD,SYNTHETIC_ML_DATASET,NORMAL,0
MTR,POWER_001,2026-03-01T11:17:00+00:00,35.92015243382724,kW,GOOD,SYNTHETIC_ML_DATASET,NORMAL,0
MTR,PRESS_001,2026-03-01T11:17:00+00:00,990.0192337200841,hPa,GOOD,SYNTHETIC_ML_DATASET,NORMAL,0
MTR,TEMP_001,2026-03-01T11:17:00+00:00,-14.330889598401326,°C,GOOD,SYNTHETIC_ML_DATASET,NORMAL,0
MTR,VIB_001,2026-03-01T11:17:00+00:00,0.8528970404166336,mm/s,GOOD,SYNTHETIC_ML_DATASET,NORMAL,0
MTR,HUM_001,2026-03-01T11:18:00+00:00,55.320108342867115,%,GOOD,SYNTHETIC_ML_DATASET,NORMAL,0
MTR,POWER_001,2026-03-01T11:18:00+00:00,35.227791993813,kW,GOOD,SYNTHETIC_ML_DATASET,NORMAL,0
MTR,PRESS_001,2026-03-01T11:18:00+00:00,990.0249234085176,hPa,GOOD,SYNTHETIC_ML_DATASET,NORMAL,0
MTR,TEMP_001,2026-03-01T11:18:00+00:00,-14.456017356249033,°C,GOOD,SYNTHETIC_ML_DATASET,NORMAL,0
MTR,VIB_001,2026-03-01T11:18:00+00:00,0.8385665913165848,mm/s,GOOD,SYNTHETIC_ML_DATASET,NORMAL,0
MTR,HUM_001,2026-03-01T11:19:00+00:00,55.27366382982137,%,GOOD,SYNTHETIC_ML_DATASET,NORMAL,0
MTR,POWER_001,2026-03-01T11:19:00+00:00,36.46466146825439,kW,GOOD,SYNTHETIC_ML_DATASET,NORMAL,0
MTR,PRESS_001,2026-03-01T11:19:00+00:00,990.0793098954423,hPa,GOOD,SYNTHETIC_ML_DATASET,NORMAL,0
MTR,TEMP_001,2026-03-01T11:19:00+00:00,-14.422354748069818,°C,GOOD,SYNTHETIC_ML_DATASET,NORMAL,0
MTR,VIB_001,2026-03-01T11:19:00+00:00,0.8195785614518608,mm/s,GOOD,SYNTHETIC_ML_DATASET,NORMAL,0
MTR,HUM_001,2026-03-01T11:20:00+00:00,54.15841797134102,%,GOOD,SYNTHETIC_ML_DATASET,NORMAL,0
MTR,POWER_001,2026-03-01T11:20:00+00:00,36.56983618625647,kW,GOOD,SYNTHETIC_ML_DATASET,NORMAL,0
MTR,PRESS_001,2026-03-01T11:20:00+00:00,990.1114503963972,hPa,GOOD,SYNTHETIC_ML_DATASET,NORMAL,0
MTR,TEMP_001,2026-03-01T11:20:00+00:00,-14.525096856441579,°C,GOOD,SYNTHETIC_ML_DATASET,NORMAL,0
MTR,VIB_001,2026-03-01T11:20:00+00:00,0.8526462102578689,mm/s,GOOD,SYNTHETIC_ML_DATASET,NORMAL,0
MTR,HUM_001,2026-03-01T11:21:00+00:00,54.62095942099384,%,GOOD,SYNTHETIC_ML_DATASET,NORMAL,0
MTR,POWER_001,2026-03-01T11:21:00+00:00,36.198631297635785,kW,GOOD,SYNTHETIC_ML_DATASET,NORMAL,0
MTR,PRESS_001,2026-03-01T11:21:00+00:00,990.3503223381589,hPa,GOOD,SYNTHETIC_ML_DATASET,NORMAL,0
MTR,TEMP_001,2026-03-01T11:21:00+00:00,-14.412789442817152,°C,GOOD,SYNTHETIC_ML_DATASET,NORMAL,0
MTR,VIB_001,2026-03-01T11:21:00+00:00,0.8691872618093193,mm/s,GOOD,SYNTHETIC_ML_DATASET,NORMAL,0
MTR,HUM_001,2026-03-01T11:22:00+00:00,55.59458309309566,%,GOOD,SYNTHETIC_ML_DATASET,NORMAL,0
MTR,POWER_001,2026-03-01T11:22:00+00:00,35.2549053444499,kW,GOOD,SYNTHETIC_ML_DATASET,NORMAL,0
MTR,PRESS_001,2026-03-01T11:22:00+00:00,990.282670909466,hPa,GOOD,SYNTHETIC_ML_DATASET,NORMAL,0
MTR,TEMP_001,2026-03-01T11:22:00+00:00,-14.239962911836463,°C,GOOD,SYNTHETIC_ML_DATASET,NORMAL,0
MTR,VIB_001,2026-03-01T11:22:00+00:00,0.8479054297021388,mm/s,GOOD,SYNTHETIC_ML_DATASET,NORMAL,0
MTR,HUM_001,2026-03-01T11:23:00+00:00,54.57540290271543,%,GOOD,SYNTHETIC_ML_DATASET,NORMAL,0
MTR,POWER_001,2026-03-01T11:23:00+00:00,36.13517013415039,kW,GOOD,SYNTHETIC_ML_DATASET,NORMAL,0
MTR,PRESS_001,2026-03-01T11:23:00+00:00,990.2428103175098,hPa,GOOD,SYNTHETIC_ML_DATASET,NORMAL,0
MTR,TEMP_001,2026-03-01T11:23:00+00:00,-14.066857394820751,°C,GOOD,SYNTHETIC_ML_DATASET,NORMAL,0
MTR,VIB_001,2026-03-01T11:23:00+00:00,0.8353095189342529,mm/s,GOOD,SYNTHETIC_ML_DATASET,NORMAL,0
MTR,HUM_001,2026-03-01T11:24:00+00:00,54.12069723874352,%,GOOD,SYNTHETIC_ML_DATASET,NORMAL,0
MTR,POWER_001,2026-03-01T11:24:00+00:00,35.92860030889722,kW,GOOD,SYNTHETIC_ML_DATASET,NORMAL,0
MTR,PRESS_001,2026-03-01T11:24:00+00:00,990.1681814298206,hPa,GOOD,SYNTHETIC_ML_DATASET,NORMAL,0
MTR,TEMP_001,2026-03-01T11:24:00+00:00,-14.391936053998617,°C,GOOD,SYNTHETIC_ML_DATASET,NORMAL,0
MTR,VIB_001,2026-03-01T11:24:00+00:00,0.8624584485648231,mm/s,GOOD,SYNTHETIC_ML_DATASET,NORMAL,0
MTR,HUM_001,2026-03-01T11:25:00+00:00,54.45274710864981,%,GOOD,SYNTHETIC_ML_DATASET,NORMAL,0
MTR,POWER_001,2026-03-01T11:25:00+00:00,36.174635579528,kW,GOOD,SYNTHETIC_ML_DATASET,NORMAL,0
MTR,PRESS_001,2026-03-01T11:25:00+00:00,990.0431010749613,hPa,GOOD,SYNTHETIC_ML_DATASET,NORMAL,0
MTR,TEMP_001,2026-03-01T11:25:00+00:00,-14.278873205665914,°C,GOOD,SYNTHETIC_ML_DATASET,NORMAL,0
MTR,VIB_001,2026-03-01T11:25:00+00:00,0.8833400443750155,mm/s,GOOD,SYNTHETIC_ML_DATASET,NORMAL,0
MTR,HUM_001,2026-03-01T11:26:00+00:00,54.492752483856385,%,GOOD,SYNTHETIC_ML_DATASET,NORMAL,0
MTR,POWER_001,2026-03-01T11:26:00+00:00,36.21845435712976,kW,GOOD,SYNTHETIC_ML_DATASET,NORMAL,0
MTR,PRESS_001,2026-03-01T11:26:00+00:00,990.1007575260893,hPa,GOOD,SYNTHETIC_ML_DATASET,NORMAL,0
MTR,TEMP_001,2026-03-01T11:26:00+00:00,-14.383659371235337,°C,GOOD,SYNTHETIC_ML_DATASET,NORMAL,0
MTR,VIB_001,2026-03-01T11:26:00+00:00,0.8602664053088956,mm/s,GOOD,SYNTHETIC_ML_DATASET,NORMAL,0
MTR,HUM_001,2026-03-01T11:27:00+00:00,55.573701270246694,%,GOOD,SYNTHETIC_ML_DATASET,NORMAL,0
MTR,POWER_001,2026-03-01T11:27:00+00:00,36.042701776849405,kW,GOOD,SYNTHETIC_ML_DATASET,NORMAL,0
MTR,PRESS_001,2026-03-01T11:27:00+00:00,990.2618856454355,hPa,GOOD,SYNTHETIC_ML_DATASET,NORMAL,0
MTR,TEMP_001,2026-03-01T11:27:00+00:00,-14.147229802172593,°C,GOOD,SYNTHETIC_ML_DATASET,NORMAL,0
MTR,VIB_001,2026-03-01T11:27:00+00:00,0.8608545826486368,mm/s,GOOD,SYNTHETIC_ML_DATASET,NORMAL,0
MTR,HUM_001,2026-03-01T11:28:00+00:00,55.35805593364397,%,GOOD,SYNTHETIC_ML_DATASET,NORMAL,0
MTR,POWER_001,2026-03-01T11:28:00+00:00,36.40443945163034,kW,GOOD,SYNTHETIC_ML_DATASET,NORMAL,0
MTR,PRESS_001,2026-03-01T11:28:00+00:00,990.276578761642,hPa,GOOD,SYNTHETIC_ML_DATASET,NORMAL,0
MTR,TEMP_001,2026-03-01T11:28:00+00:00,-14.273035673574546,°C,GOOD,SYNTHETIC_ML_DATASET,NORMAL,0
MTR,VIB_001,2026-03-01T11:28:00+00:00,0.8590854512588341,mm/s,GOOD,SYNTHETIC_ML_DATASET,NORMAL,0
MTR,HUM_001,2026-03-01T11:29:00+00:00,54.59165341976123,%,GOOD,SYNTHETIC_ML_DATASET,NORMAL,0
MTR,POWER_001,2026-03-01T11:29:00+00:00,36.633465666298456,kW,GOOD,SYNTHETIC_ML_DATASET,NORMAL,0
MTR,PRESS_001,2026-03-01T11:29:00+00:00,990.3230905820216,hPa,GOOD,SYNTHETIC_ML_DATASET,NORMAL,0
MTR,TEMP_001,2026-03-01T11:29:00+00:00,-14.196909202369904,°C,GOOD,SYNTHETIC_ML_DATASET,NORMAL,0
MTR,VIB_001,2026-03-01T11:29:00+00:00,0.828293466008798,mm/s,GOOD,SYNTHETIC_ML_DATASET,NORMAL,0
MTR,HUM_001,2026-03-01T11:30:00+00:00,54.280328042888065,%,GOOD,SYNTHETIC_ML_DATASET,NORMAL,0
MTR,POWER_001,2026-03-01T11:30:00+00:00,35.99329048824941,kW,GOOD,SYNTHETIC_ML_DATASET,NORMAL,0
MTR,PRESS_001,2026-03-01T11:30:00+00:00,990.6226552312668,hPa,GOOD,SYNTHETIC_ML_DATASET,NORMAL,0
MTR,TEMP_001,2026-03-01T11:30:00+00:00,-14.385653814531183,°C,GOOD,SYNTHETIC_ML_DATASET,NORMAL,0
MTR,VIB_001,2026-03-01T11:30:00+00:00,0.8061683414161697,mm/s,GOOD,SYNTHETIC_ML_DATASET,NORMAL,0
MTR,HUM_001,2026-03-01T11:31:00+00:00,54.81164329107142,%,GOOD,SYNTHETIC_ML_DATASET,NORMAL,0
MTR,POWER_001,2026-03-01T11:31:00+00:00,36.06334771934993,kW,GOOD,SYNTHETIC_ML_DATASET,NORMAL,0
MTR,PRESS_001,2026-03-01T11:31:00+00:00,990.5252673573842,hPa,GOOD,SYNTHETIC_ML_DATASET,NORMAL,0
MTR,TEMP_001,2026-03-01T11:31:00+00:00,-14.578565389374356,°C,GOOD,SYNTHETIC_ML_DATASET,NORMAL,0
MTR,VIB_001,2026-03-01T11:31:00+00:00,0.847298624317428,mm/s,GOOD,SYNTHETIC_ML_DATASET,NORMAL,0
MTR,HUM_001,2026-03-01T11:32:00+00:00,56.091937783093535,%,GOOD,SYNTHETIC_ML_DATASET,NORMAL,0
MTR,POWER_001,2026-03-01T11:32:00+00:00,35.88375474493168,kW,GOOD,SYNTHETIC_ML_DATASET,NORMAL,0
MTR,PRESS_001,2026-03-01T11:32:00+00:00,990.4614734348398,hPa,GOOD,SYNTHETIC_ML_DATASET,NORMAL,0
MTR,TEMP_001,2026-03-01T11:32:00+00:00,-14.481014084725874,°C,GOOD,SYNTHETIC_ML_DATASET,NORMAL,0
MTR,VIB_001,2026-03-01T11:32:00+00:00,0.8258081863420476,mm/s,GOOD,SYNTHETIC_ML_DATASET,NORMAL,0
MTR,HUM_001,2026-03-01T11:33:00+00:00,55.9474560723979,%,GOOD,SYNTHETIC_ML_DATASET,NORMAL,0
MTR,POWER_001,2026-03-01T11:33:00+00:00,36.038150680496976,kW,GOOD,SYNTHETIC_ML_DATASET,NORMAL,0
MTR,PRESS_001,2026-03-01T11:33:00+00:00,990.5112387046142,hPa,GOOD,SYNTHETIC_ML_DATASET,NORMAL,0
MTR,TEMP_001,2026-03-01T11:33:00+00:00,-14.608733870104187,°C,GOOD,SYNTHETIC_ML_DATASET,NORMAL,0
MTR,VIB_001,2026-03-01T11:33:00+00:00,0.8084310514137569,mm/s,GOOD,SYNTHETIC_ML_DATASET,NORMAL,0
MTR,HUM_001,2026-03-01T11:34:00+00:00,55.96814905224863,%,GOOD,SYNTHETIC_ML_DATASET,NORMAL,0
MTR,POWER_001,2026-03-01T11:34:00+00:00,34.619930261255426,kW,GOOD,SYNTHETIC_ML_DATASET,NORMAL,0
MTR,PRESS_001,2026-03-01T11:34:00+00:00,990.4938770697194,hPa,GOOD,SYNTHETIC_ML_DATASET,NORMAL,0
MTR,TEMP_001,2026-03-01T11:34:00+00:00,-14.807132765669175,°C,GOOD,SYNTHETIC_ML_DATASET,NORMAL,0
MTR,VIB_001,2026-03-01T11:34:00+00:00,0.850171660330929,mm/s,GOOD,SYNTHETIC_ML_DATASET,NORMAL,0
MTR,HUM_001,2026-03-01T11:35:00+00:00,56.68451738203155,%,GOOD,SYNTHETIC_ML_DATASET,NORMAL,0
MTR,POWER_001,2026-03-01T11:35:00+00:00,35.38851388514783,kW,GOOD,SYNTHETIC_ML_DATASET,NORMAL,0
MTR,PRESS_001,2026-03-01T11:35:00+00:00,990.3759376733211,hPa,GOOD,SYNTHETIC_ML_DATASET,NORMAL,0
MTR,TEMP_001,2026-03-01T11:35:00+00:00,-14.66535786015988,°C,GOOD,SYNTHETIC_ML_DATASET,NORMAL,0
MTR,VIB_001,2026-03-01T11:35:00+00:00,0.8209270235843714,mm/s,GOOD,SYNTHETIC_ML_DATASET,NORMAL,0
MTR,HUM_001,2026-03-01T11:36:00+00:00,56.37675588928623,%,GOOD,SYNTHETIC_ML_DATASET,NORMAL,0
MTR,POWER_001,2026-03-01T11:36:00+00:00,34.349582907452564,kW,GOOD,SYNTHETIC_ML_DATASET,NORMAL,0
MTR,PRESS_001,2026-03-01T11:36:00+00:00,990.1864018143228,hPa,GOOD,SYNTHETIC_ML_DATASET,NORMAL,0
MTR,TEMP_001,2026-03-01T11:36:00+00:00,-15.026405287610835,°C,GOOD,SYNTHETIC_ML_DATASET,NORMAL,0
MTR,VIB_001,2026-03-01T11:36:00+00:00,0.8514343346810422,mm/s,GOOD,SYNTHETIC_ML_DATASET,NORMAL,0
MTR,HUM_001,2026-03-01T11:37:00+00:00,55.649883129283914,%,GOOD,SYNTHETIC_ML_DATASET,NORMAL,0
MTR,POWER_001,2026-03-01T11:37:00+00:00,35.00375221128318,kW,GOOD,SYNTHETIC_ML_DATASET,NORMAL,0
MTR,PRESS_001,2026-03-01T11:37:00+00:00,990.3340616133995,hPa,GOOD,SYNTHETIC_ML_DATASET,NORMAL,0
MTR,TEMP_001,2026-03-01T11:37:00+00:00,-14.72545816935584,°C,GOOD,SYNTHETIC_ML_DATASET,NORMAL,0
MTR,VIB_001,2026-03-01T11:37:00+00:00,0.8420985146684665,mm/s,GOOD,SYNTHETIC_ML_DATASET,NORMAL,0
MTR,HUM_001,2026-03-01T11:38:00+00:00,54.95248816016961,%,GOOD,SYNTHETIC_ML_DATASET,NORMAL,0
MTR,POWER_001,2026-03-01T11:38:00+00:00,35.010129295455286,kW,GOOD,SYNTHETIC_ML_DATASET,NORMAL,0
MTR,PRESS_001,2026-03-01T11:38:00+00:00,989.9819075084697,hPa,GOOD,SYNTHETIC_ML_DATASET,NORMAL,0
MTR,TEMP_001,2026-03-01T11:38:00+00:00,-15.390058845400418,°C,GOOD,SYNTHETIC_ML_DATASET,NORMAL,0
MTR,VIB_001,2026-03-01T11:38:00+00:00,0.8201102602647858,mm/s,GOOD,SYNTHETIC_ML_DATASET,NORMAL,0
MTR,HUM_001,2026-03-01T11:39:00+00:00,55.47668141963481,%,GOOD,SYNTHETIC_ML_DATASET,NORMAL,0
MTR,POWER_001,2026-03-01T11:39:00+00:00,34.82927209946297,kW,GOOD,SYNTHETIC_ML_DATASET,NORMAL,0
MTR,PRESS_001,2026-03-01T11:39:00+00:00,990.0312082378083,hPa,GOOD,SYNTHETIC_ML_DATASET,NORMAL,0
MTR,TEMP_001,2026-03-01T11:39:00+00:00,-15.1344036280235,°C,GOOD,SYNTHETIC_ML_DATASET,NORMAL,0
MTR,VIB_001,2026-03-01T11:39:00+00:00,0.8106274246652871,mm/s,GOOD,SYNTHETIC_ML_DATASET,NORMAL,0
MTR,HUM_001,2026-03-01T11:40:00+00:00,54.097471218283786,%,GOOD,SYNTHETIC_ML_DATASET,NORMAL,0
MTR,POWER_001,2026-03-01T11:40:00+00:00,34.67640417129632,kW,GOOD,SYNTHETIC_ML_DATASET,NORMAL,0
MTR,PRESS_001,2026-03-01T11:40:00+00:00,989.9970601629251,hPa,GOOD,SYNTHETIC_ML_DATASET,NORMAL,0
MTR,TEMP_001,2026-03-01T11:40:00+00:00,-15.20832469829068,°C,GOOD,SYNTHETIC_ML_DATASET,NORMAL,0
MTR,VIB_001,2026-03-01T11:40:00+00:00,0.8196052901195879,mm/s,GOOD,SYNTHETIC_ML_DATASET,NORMAL,0
MTR,HUM_001,2026-03-01T11:41:00+00:00,54.078611604510726,%,GOOD,SYNTHETIC_ML_DATASET,NORMAL,0
MTR,POWER_001,2026-03-01T11:41:00+00:00,34.70473760400185,kW,GOOD,SYNTHETIC_ML_DATASET,NORMAL,0
MTR,PRESS_001,2026-03-01T11:41:00+00:00,990.0726190254633,hPa,GOOD,SYNTHETIC_ML_DATASET,NORMAL,0
MTR,TEMP_001,2026-03-01T11:41:00+00:00,-15.14536283033512,°C,GOOD,SYNTHETIC_ML_DATASET,NORMAL,0
MTR,VIB_001,2026-03-01T11:41:00+00:00,0.7938133677175088,mm/s,GOOD,SYNTHETIC_ML_DATASET,NORMAL,0
MTR,HUM_001,2026-03-01T11:42:00+00:00,53.38419946182124,%,GOOD,SYNTHETIC_ML_DATASET,NORMAL,0
MTR,POWER_001,2026-03-01T11:42:00+00:00,34.1566417892869,kW,GOOD,SYNTHETIC_ML_DATASET,NORMAL,0
MTR,PRESS_001,2026-03-01T11:42:00+00:00,990.1293859625865,hPa,GOOD,SYNTHETIC_ML_DATASET,NORMAL,0
MTR,TEMP_001,2026-03-01T11:42:00+00:00,-15.1591217209706,°C,GOOD,SYNTHETIC_ML_DATASET,NORMAL,0
MTR,VIB_001,2026-03-01T11:42:00+00:00,0.8479645252143863,mm/s,GOOD,SYNTHETIC_ML_DATASET,NORMAL,0
MTR,HUM_001,2026-03-01T11:43:00+00:00,54.02103344955735,%,GOOD,SYNTHETIC_ML_DATASET,NORMAL,0
MTR,POWER_001,2026-03-01T11:43:00+00:00,33.07603418523383,kW,GOOD,SYNTHETIC_ML_DATASET,NORMAL,0
MTR,PRESS_001,2026-03-01T11:43:00+00:00,990.260437338466,hPa,GOOD,SYNTHETIC_ML_DATASET,NORMAL,0
MTR,TEMP_001,2026-03-01T11:43:00+00:00,-15.508352254535064,°C,GOOD,SYNTHETIC_ML_DATASET,NORMAL,0
MTR,VIB_001,2026-03-01T11:43:00+00:00,0.8878033930278455,mm/s,GOOD,SYNTHETIC_ML_DATASET,NORMAL,0
MTR,HUM_001,2026-03-01T11:44:00+00:00,54.15886227205067,%,GOOD,SYNTHETIC_ML_DATASET,NORMAL,0
MTR,POWER_001,2026-03-01T11:44:00+00:00,34.070946510710975,kW,GOOD,SYNTHETIC_ML_DATASET,NORMAL,0
MTR,PRESS_001,2026-03-01T11:44:00+00:00,990.3074216051797,hPa,GOOD,SYNTHETIC_ML_DATASET,NORMAL,0
MTR,TEMP_001,2026-03-01T11:44:00+00:00,-15.045758126114542,°C,GOOD,SYNTHETIC_ML_DATASET,NORMAL,0
MTR,VIB_001,2026-03-01T11:44:00+00:00,0.8775213913720362,mm/s,GOOD,SYNTHETIC_ML_DATASET,NORMAL,0
MTR,HUM_001,2026-03-01T11:45:00+00:00,54.372490446814346,%,GOOD,SYNTHETIC_ML_DATASET,NORMAL,0
MTR,POWER_001,2026-03-01T11:45:00+00:00,33.56756857632186,kW,GOOD,SYNTHETIC_ML_DATASET,NORMAL,0
MTR,PRESS_001,2026-03-01T11:45:00+00:00,990.1054777976327,hPa,GOOD,SYNTHETIC_ML_DATASET,NORMAL,0
MTR,TEMP_001,2026-03-01T11:45:00+00:00,-14.912028035466127,°C,GOOD,SYNTHETIC_ML_DATASET,NORMAL,0
MTR,VIB_001,2026-03-01T11:45:00+00:00,0.8723136965063836,mm/s,GOOD,SYNTHETIC_ML_DATASET,NORMAL,0
MTR,HUM_001,2026-03-01T11:46:00+00:00,54.57121472687222,%,GOOD,SYNTHETIC_ML_DATASET,NORMAL,0
MTR,POWER_001,2026-03-01T11:46:00+00:00,33.86593297651038,kW,GOOD,SYNTHETIC_ML_DATASET,NORMAL,0
MTR,PRESS_001,2026-03-01T11:46:00+00:00,990.0569064871988,hPa,GOOD,SYNTHETIC_ML_DATASET,NORMAL,0
MTR,TEMP_001,2026-03-01T11:46:00+00:00,-15.331838467740397,°C,GOOD,SYNTHETIC_ML_DATASET,NORMAL,0
MTR,VIB_001,2026-03-01T11:46:00+00:00,0.8587822949524605,mm/s,GOOD,SYNTHETIC_ML_DATASET,NORMAL,0
MTR,HUM_001,2026-03-01T11:47:00+00:00,54.21402980838903,%,GOOD,SYNTHETIC_ML_DATASET,NORMAL,0
MTR,POWER_001,2026-03-01T11:47:00+00:00,33.32260051210856,kW,GOOD,SYNTHETIC_ML_DATASET,NORMAL,0
MTR,PRESS_001,2026-03-01T11:47:00+00:00,990.1531392183998,hPa,GOOD,SYNTHETIC_ML_DATASET,NORMAL,0
MTR,TEMP_001,2026-03-01T11:47:00+00:00,-15.17512407052378,°C,GOOD,SYNTHETIC_ML_DATASET,NORMAL,0
MTR,VIB_001,2026-03-01T11:47:00+00:00,0.8544017677528548,mm/s,GOOD,SYNTHETIC_ML_DATASET,NORMAL,0
MTR,HUM_001,2026-03-01T11:48:00+00:00,54.71534255111805,%,GOOD,SYNTHETIC_ML_DATASET,NORMAL,0
MTR,POWER_001,2026-03-01T11:48:00+00:00,33.96080632501715,kW,GOOD,SYNTHETIC_ML_DATASET,NORMAL,0
MTR,PRESS_001,2026-03-01T11:48:00+00:00,990.1947810143272,hPa,GOOD,SYNTHETIC_ML_DATASET,NORMAL,0
MTR,TEMP_001,2026-03-01T11:48:00+00:00,-15.090659825142096,°C,GOOD,SYNTHETIC_ML_DATASET,NORMAL,0
MTR,VIB_001,2026-03-01T11:48:00+00:00,0.8885160530733175,mm/s,GOOD,SYNTHETIC_ML_DATASET,NORMAL,0
MTR,HUM_001,2026-03-01T11:49:00+00:00,54.0321067809778,%,GOOD,SYNTHETIC_ML_DATASET,NORMAL,0
MTR,POWER_001,2026-03-01T11:49:00+00:00,34.25195916936281,kW,GOOD,SYNTHETIC_ML_DATASET,NORMAL,0
MTR,PRESS_001,2026-03-01T11:49:00+00:00,989.9177374229722,hPa,GOOD,SYNTHETIC_ML_DATASET,NORMAL,0
MTR,TEMP_001,2026-03-01T11:49:00+00:00,-15.194472650630185,°C,GOOD,SYNTHETIC_ML_DATASET,NORMAL,0
MTR,VIB_001,2026-03-01T11:49:00+00:00,0.8584107779754194,mm/s,GOOD,SYNTHETIC_ML_DATASET,NORMAL,0
MTR,HUM_001,2026-03-01T11:50:00+00:00,54.30711634454545,%,GOOD,SYNTHETIC_ML_DATASET,NORMAL,0
MTR,POWER_001,2026-03-01T11:50:00+00:00,34.10791348971092,kW,GOOD,SYNTHETIC_ML_DATASET,NORMAL,0
MTR,PRESS_001,2026-03-01T11:50:00+00:00,990.4284295810401,hPa,GOOD,SYNTHETIC_ML_DATASET,NORMAL,0
MTR,TEMP_001,2026-03-01T11:50:00+00:00,-15.258308478259892,°C,GOOD,SYNTHETIC_ML_DATASET,NORMAL,0
MTR,VIB_001,2026-03-01T11:50:00+00:00,0.794136824653977,mm/s,GOOD,SYNTHETIC_ML_DATASET,NORMAL,0
MTR,HUM_001,2026-03-01T11:51:00+00:00,53.83940686914787,%,GOOD,SYNTHETIC_ML_DATASET,NORMAL,0
MTR,POWER_001,2026-03-01T11:51:00+00:00,33.75183717761903,kW,GOOD,SYNTHETIC_ML_DATASET,NORMAL,0
MTR,PRESS_001,2026-03-01T11:51:00+00:00,990.1363774170338,hPa,GOOD,SYNTHETIC_ML_DATASET,NORMAL,0
MTR,TEMP_001,2026-03-01T11:51:00+00:00,-15.431501731301573,°C,GOOD,SYNTHETIC_ML_DATASET,NORMAL,0
MTR,VIB_001,2026-03-01T11:51:00+00:00,0.8362425659506263,mm/s,GOOD,SYNTHETIC_ML_DATASET,NORMAL,0
MTR,HUM_001,2026-03-01T11:52:00+00:00,52.21051925759842,%,GOOD,SYNTHETIC_ML_DATASET,NORMAL,0
MTR,POWER_001,2026-03-01T11:52:00+00:00,33.10876191665973,kW,GOOD,SYNTHETIC_ML_DATASET,NORMAL,0
MTR,PRESS_001,2026-03-01T11:52:00+00:00,990.3567704864486,hPa,GOOD,SYNTHETIC_ML_DATASET,NORMAL,0
MTR,TEMP_001,2026-03-01T11:52:00+00:00,-15.132636312767918,°C,GOOD,SYNTHETIC_ML_DATASET,NORMAL,0
MTR,VIB_001,2026-03-01T11:52:00+00:00,0.8535784033798686,mm/s,GOOD,SYNTHETIC_ML_DATASET,NORMAL,0
MTR,HUM_001,2026-03-01T11:53:00+00:00,53.64702623349904,%,GOOD,SYNTHETIC_ML_DATASET,NORMAL,0
MTR,POWER_001,2026-03-01T11:53:00+00:00,34.21393527633029,kW,GOOD,SYNTHETIC_ML_DATASET,NORMAL,0
MTR,PRESS_001,2026-03-01T11:53:00+00:00,990.2895111781645,hPa,GOOD,SYNTHETIC_ML_DATASET,NORMAL,0
MTR,TEMP_001,2026-03-01T11:53:00+00:00,-15.243850402393784,°C,GOOD,SYNTHETIC_ML_DATASET,NORMAL,0
MTR,VIB_001,2026-03-01T11:53:00+00:00,0.8308167371213498,mm/s,GOOD,SYNTHETIC_ML_DATASET,NORMAL,0
MTR,HUM_001,2026-03-01T11:54:00+00:00,54.290284699714704,%,GOOD,SYNTHETIC_ML_DATASET,NORMAL,0
MTR,POWER_001,2026-03-01T11:54:00+00:00,33.985623262814364,kW,GOOD,SYNTHETIC_ML_DATASET,NORMAL,0
MTR,PRESS_001,2026-03-01T11:54:00+00:00,990.0903062693335,hPa,GOOD,SYNTHETIC_ML_DATASET,NORMAL,0
MTR,TEMP_001,2026-03-01T11:54:00+00:00,-15.395440022313403,°C,GOOD,SYNTHETIC_ML_DATASET,NORMAL,0
MTR,VIB_001,2026-03-01T11:54:00+00:00,0.8411710641330085,mm/s,GOOD,SYNTHETIC_ML_DATASET,NORMAL,0
MTR,HUM_001,2026-03-01T11:55:00+00:00,55.50404600592554,%,GOOD,SYNTHETIC_ML_DATASET,NORMAL,0
MTR,POWER_001,2026-03-01T11:55:00+00:00,34.278078571595756,kW,GOOD,SYNTHETIC_ML_DATASET,NORMAL,0
MTR,PRESS_001,2026-03-01T11:55:00+00:00,990.1939617899806,hPa,GOOD,SYNTHETIC_ML_DATASET,NORMAL,0
MTR,TEMP_001,2026-03-01T11:55:00+00:00,-15.359868916952115,°C,GOOD,SYNTHETIC_ML_DATASET,NORMAL,0
MTR,VIB_001,2026-03-01T11:55:00+00:00,0.8162444003800843,mm/s,GOOD,SYNTHETIC_ML_DATASET,NORMAL,0
MTR,HUM_001,2026-03-01T11:56:00+00:00,54.685512991573034,%,GOOD,SYNTHETIC_ML_DATASET,NORMAL,0
MTR,POWER_001,2026-03-01T11:56:00+00:00,34.28511592772169,kW,GOOD,SYNTHETIC_ML_DATASET,NORMAL,0
MTR,PRESS_001,2026-03-01T11:56:00+00:00,990.0364244320754,hPa,GOOD,SYNTHETIC_ML_DATASET,NORMAL,0
MTR,TEMP_001,2026-03-01T11:56:00+00:00,-15.613129321360876,°C,GOOD,SYNTHETIC_ML_DATASET,NORMAL,0
MTR,VIB_001,2026-03-01T11:56:00+00:00,0.815310664553096,mm/s,GOOD,SYNTHETIC_ML_DATASET,NORMAL,0
MTR,HUM_001,2026-03-01T11:57:00+00:00,55.32244172968217,%,GOOD,SYNTHETIC_ML_DATASET,NORMAL,0
MTR,POWER_001,2026-03-01T11:57:00+00:00,33.58044378623863,kW,GOOD,SYNTHETIC_ML_DATASET,NORMAL,0
MTR,PRESS_001,2026-03-01T11:57:00+00:00,990.1034317803098,hPa,GOOD,SYNTHETIC_ML_DATASET,NORMAL,0
MTR,TEMP_001,2026-03-01T11:57:00+00:00,-15.533424977188961,°C,GOOD,SYNTHETIC_ML_DATASET,NORMAL,0
MTR,VIB_001,2026-03-01T11:57:00+00:00,0.8328703395233611,mm/s,GOOD,SYNTHETIC_ML_DATASET,NORMAL,0
MTR,HUM_001,2026-03-01T11:58:00+00:00,56.52387097684135,%,GOOD,SYNTHETIC_ML_DATASET,NORMAL,0
MTR,POWER_001,2026-03-01T11:58:00+00:00,33.40230963578481,kW,GOOD,SYNTHETIC_ML_DATASET,NORMAL,0
MTR,PRESS_001,2026-03-01T11:58:00+00:00,990.1286312308989,hPa,GOOD,SYNTHETIC_ML_DATASET,NORMAL,0
MTR,TEMP_001,2026-03-01T11:58:00+00:00,-15.407857720807142,°C,GOOD,SYNTHETIC_ML_DATASET,NORMAL,0
MTR,VIB_001,2026-03-01T11:58:00+00:00,0.8256162414228991,mm/s,GOOD,SYNTHETIC_ML_DATASET,NORMAL,0
MTR,HUM_001,2026-03-01T11:59:00+00:00,55.05377136099574,%,GOOD,SYNTHETIC_ML_DATASET,NORMAL,0
MTR,POWER_001,2026-03-01T11:59:00+00:00,33.26932997839898,kW,GOOD,SYNTHETIC_ML_DATASET,NORMAL,0
MTR,PRESS_001,2026-03-01T11:59:00+00:00,990.1643219828999,hPa,GOOD,SYNTHETIC_ML_DATASET,NORMAL,0
MTR,TEMP_001,2026-03-01T11:59:00+00:00,-15.778649690114264,°C,GOOD,SYNTHETIC_ML_DATASET,NORMAL,0
MTR,VIB_001,2026-03-01T11:59:00+00:00,0.8308969356163342,mm/s,GOOD,SYNTHETIC_ML_DATASET,NORMAL,0
MTR,HUM_001,2026-03-01T12:00:00+00:00,54.53871510832441,%,GOOD,SYNTHETIC_ML_DATASET,NORMAL,0
MTR,POWER_001,2026-03-01T12:00:00+00:00,32.91634934719528,kW,GOOD,SYNTHETIC_ML_DATASET,NORMAL,0
MTR,PRESS_001,2026-03-01T12:00:00+00:00,990.1300754032666,hPa,GOOD,SYNTHETIC_ML_DATASET,NORMAL,0
MTR,TEMP_001,2026-03-01T12:00:00+00:00,-15.449275998306032,°C,GOOD,SYNTHETIC_ML_DATASET,NORMAL,0
MTR,VIB_001,2026-03-01T12:00:00+00:00,0.8619635779895304,mm/s,GOOD,SYNTHETIC_ML_DATASET,NORMAL,0
MTR,HUM_001,2026-03-01T12:01:00+00:00,54.427203069229044,%,GOOD,SYNTHETIC_ML_DATASET,NORMAL,0
MTR,POWER_001,2026-03-01T12:01:00+00:00,33.97390497307483,kW,GOOD,SYNTHETIC_ML_DATASET,NORMAL,0
MTR,PRESS_001,2026-03-01T12:01:00+00:00,990.2345043076099,hPa,GOOD,SYNTHETIC_ML_DATASET,NORMAL,0
MTR,TEMP_001,2026-03-01T12:01:00+00:00,-15.676829239419806,°C,GOOD,SYNTHETIC_ML_DATASET,NORMAL,0
MTR,VIB_001,2026-03-01T12:01:00+00:00,0.8339639136194337,mm/s,GOOD,SYNTHETIC_ML_DATASET,NORMAL,0
MTR,HUM_001,2026-03-01T12:02:00+00:00,55.305956632529046,%,GOOD,SYNTHETIC_ML_DATASET,NORMAL,0
MTR,POWER_001,2026-03-01T12:02:00+00:00,33.30796157995681,kW,GOOD,SYNTHETIC_ML_DATASET,NORMAL,0
MTR,PRESS_001,2026-03-01T12:02:00+00:00,990.0680904861964,hPa,GOOD,SYNTHETIC_ML_DATASET,NORMAL,0
MTR,TEMP_001,2026-03-01T12:02:00+00:00,-15.798617469168665,°C,GOOD,SYNTHETIC_ML_DATASET,NORMAL,0
MTR,VIB_001,2026-03-01T12:02:00+00:00,0.8475273609033824,mm/s,GOOD,SYNTHETIC_ML_DATASET,NORMAL,0
MTR,HUM_001,2026-03-01T12:03:00+00:00,54.701122766739545,%,GOOD,SYNTHETIC_ML_DATASET,NORMAL,0
MTR,POWER_001,2026-03-01T12:03:00+00:00,33.83742995246533,kW,GOOD,SYNTHETIC_ML_DATASET,NORMAL,0
MTR,PRESS_001,2026-03-01T12:03:00+00:00,989.9775175042784,hPa,GOOD,SYNTHETIC_ML_DATASET,NORMAL,0
MTR,TEMP_001,2026-03-01T12:03:00+00:00,-15.576268372278252,°C,GOOD,SYNTHETIC_ML_DATASET,NORMAL,0
MTR,VIB_001,2026-03-01T12:03:00+00:00,0.8587878658723122,mm/s,GOOD,SYNTHETIC_ML_DATASET,NORMAL,0
MTR,HUM_001,2026-03-01T12:04:00+00:00,54.73001272270457,%,GOOD,SYNTHETIC_ML_DATASET,NORMAL,0
MTR,POWER_001,2026-03-01T12:04:00+00:00,33.60405718205145,kW,GOOD,SYNTHETIC_ML_DATASET,NORMAL,0
MTR,PRESS_001,2026-03-01T12:04:00+00:00,989.9559184771069,hPa,GOOD,SYNTHETIC_ML_DATASET,NORMAL,0
MTR,TEMP_001,2026-03-01T12:04:00+00:00,-15.766263586645033,°C,GOOD,SYNTHETIC_ML_DATASET,NORMAL,0
MTR,VIB_001,2026-03-01T12:04:00+00:00,0.8226673383033839,mm/s,GOOD,SYNTHETIC_ML_DATASET,NORMAL,0
MTR,HUM_001,2026-03-01T12:05:00+00:00,53.84203927501647,%,GOOD,SYNTHETIC_ML_DATASET,NORMAL,0
MTR,POWER_001,2026-03-01T12:05:00+00:00,33.34466451271443,kW,GOOD,SYNTHETIC_ML_DATASET,NORMAL,0
MTR,PRESS_001,2026-03-01T12:05:00+00:00,989.704747114975,hPa,GOOD,SYNTHETIC_ML_DATASET,NORMAL,0
MTR,TEMP_001,2026-03-01T12:05:00+00:00,-15.753042022102479,°C,GOOD,SYNTHETIC_ML_DATASET,NORMAL,0
MTR,VIB_001,2026-03-01T12:05:00+00:00,0.831243938893803,mm/s,GOOD,SYNTHETIC_ML_DATASET,NORMAL,0
MTR,HUM_001,2026-03-01T12:06:00+00:00,54.43904211656025,%,GOOD,SYNTHETIC_ML_DATASET,NORMAL,0
MTR,POWER_001,2026-03-01T12:06:00+00:00,33.789891301766495,kW,GOOD,SYNTHETIC_ML_DATASET,NORMAL,0
MTR,PRESS_001,2026-03-01T12:06:00+00:00,990.0908845178379,hPa,GOOD,SYNTHETIC_ML_DATASET,NORMAL,0
MTR,TEMP_001,2026-03-01T12:06:00+00:00,-15.863574987689972,°C,GOOD,SYNTHETIC_ML_DATASET,NORMAL,0
MTR,VIB_001,2026-03-01T12:06:00+00:00,0.8131981014622229,mm/s,GOOD,SYNTHETIC_ML_DATASET,NORMAL,0
MTR,HUM_001,2026-03-01T12:07:00+00:00,53.3294646191142,%,GOOD,SYNTHETIC_ML_DATASET,NORMAL,0
MTR,POWER_001,2026-03-01T12:07:00+00:00,34.187185574226554,kW,GOOD,SYNTHETIC_ML_DATASET,NORMAL,0
MTR,PRESS_001,2026-03-01T12:07:00+00:00,989.8474231205307,hPa,GOOD,SYNTHETIC_ML_DATASET,NORMAL,0
MTR,TEMP_001,2026-03-01T12:07:00+00:00,-15.725864653345987,°C,GOOD,SYNTHETIC_ML_DATASET,NORMAL,0
MTR,VIB_001,2026-03-01T12:07:00+00:00,0.8516458637483493,mm/s,GOOD,SYNTHETIC_ML_DATASET,NORMAL,0
MTR,HUM_001,2026-03-01T12:08:00+00:00,53.515011027474046,%,GOOD,SYNTHETIC_ML_DATASET,NORMAL,0
MTR,POWER_001,2026-03-01T12:08:00+00:00,34.22046674304782,kW,GOOD,SYNTHETIC_ML_DATASET,NORMAL,0
MTR,PRESS_001,2026-03-01T12:08:00+00:00,989.9908822197095,hPa,GOOD,SYNTHETIC_ML_DATASET,NORMAL,0
MTR,TEMP_001,2026-03-01T12:08:00+00:00,-15.752294453318875,°C,GOOD,SYNTHETIC_ML_DATASET,NORMAL,0
MTR,VIB_001,2026-03-01T12:08:00+00:00,0.8370791357116825,mm/s,GOOD,SYNTHETIC_ML_DATASET,NORMAL,0
MTR,HUM_001,2026-03-01T12:09:00+00:00,54.09438639243331,%,GOOD,SYNTHETIC_ML_DATASET,NORMAL,0
MTR,POWER_001,2026-03-01T12:09:00+00:00,33.89529324004559,kW,GOOD,SYNTHETIC_ML_DATASET,NORMAL,0
MTR,PRESS_001,2026-03-01T12:09:00+00:00,990.102145497679,hPa,GOOD,SYNTHETIC_ML_DATASET,NORMAL,0
MTR,TEMP_001,2026-03-01T12:09:00+00:00,-15.862415485876406,°C,GOOD,SYNTHETIC_ML_DATASET,NORMAL,0
MTR,VIB_001,2026-03-01T12:09:00+00:00,0.810826411289903,mm/s,GOOD,SYNTHETIC_ML_DATASET,NORMAL,0
MTR,HUM_001,2026-03-01T12:10:00+00:00,54.40512434974977,%,GOOD,SYNTHETIC_ML_DATASET,NORMAL,0
MTR,POWER_001,2026-03-01T12:10:00+00:00,33.398244038235504,kW,GOOD,SYNTHETIC_ML_DATASET,NORMAL,0
MTR,PRESS_001,2026-03-01T12:10:00+00:00,989.7380706206649,hPa,GOOD,SYNTHETIC_ML_DATASET,NORMAL,0
MTR,TEMP_001,2026-03-01T12:10:00+00:00,-15.82848301384144,°C,GOOD,SYNTHETIC_ML_DATASET,NORMAL,0
MTR,VIB_001,2026-03-01T12:10:00+00:00,0.833276474362578,mm/s,GOOD,SYNTHETIC_ML_DATASET,NORMAL,0
MTR,HUM_001,2026-03-01T12:11:00+00:00,54.01188245213781,%,GOOD,SYNTHETIC_ML_DATASET,NORMAL,0
MTR,POWER_001,2026-03-01T12:11:00+00:00,33.66094965944795,kW,GOOD,SYNTHETIC_ML_DATASET,NORMAL,0
MTR,PRESS_001,2026-03-01T12:11:00+00:00,989.9015580380667,hPa,GOOD,SYNTHETIC_ML_DATASET,NORMAL,0
MTR,TEMP_001,2026-03-01T12:11:00+00:00,-15.80920213281396,°C,GOOD,SYNTHETIC_ML_DATASET,NORMAL,0
MTR,VIB_001,2026-03-01T12:11:00+00:00,0.8585753711486706,mm/s,GOOD,SYNTHETIC_ML_DATASET,NORMAL,0
MTR,HUM_001,2026-03-01T12:12:00+00:00,54.318978837340524,%,GOOD,SYNTHETIC_ML_DATASET,NORMAL,0
MTR,POWER_001,2026-03-01T12:12:00+00:00,33.64265261142366,kW,GOOD,SYNTHETIC_ML_DATASET,NORMAL,0
MTR,PRESS_001,2026-03-01T12:12:00+00:00,990.0130529083293,hPa,GOOD,SYNTHETIC_ML_DATASET,NORMAL,0
MTR,TEMP_001,2026-03-01T12:12:00+00:00,-15.77717255659956,°C,GOOD,SYNTHETIC_ML_DATASET,NORMAL,0
MTR,VIB_001,2026-03-01T12:12:00+00:00,0.8471457488641579,mm/s,GOOD,SYNTHETIC_ML_DATASET,NORMAL,0
MTR,HUM_001,2026-03-01T12:13:00+00:00,54.50798318889988,%,GOOD,SYNTHETIC_ML_DATASET,NORMAL,0
MTR,POWER_001,2026-03-01T12:13:00+00:00,33.48176171598341,kW,GOOD,SYNTHETIC_ML_DATASET,NORMAL,0
MTR,PRESS_001,2026-03-01T12:13:00+00:00,989.8880262194132,hPa,GOOD,SYNTHETIC_ML_DATASET,NORMAL,0
MTR,TEMP_001,2026-03-01T12:13:00+00:00,-15.966568632757479,°C,GOOD,SYNTHETIC_ML_DATASET,NORMAL,0
MTR,VIB_001,2026-03-01T12:13:00+00:00,0.8293384285128655,mm/s,GOOD,SYNTHETIC_ML_DATASET,NORMAL,0
MTR,HUM_001,2026-03-01T12:14:00+00:00,54.15544119999147,%,GOOD,SYNTHETIC_ML_DATASET,NORMAL,0
MTR,POWER_001,2026-03-01T12:14:00+00:00,34.17663078782135,kW,GOOD,SYNTHETIC_ML_DATASET,NORMAL,0
MTR,PRESS_001,2026-03-01T12:14:00+00:00,989.7418798762111,hPa,GOOD,SYNTHETIC_ML_DATASET,NORMAL,0
MTR,TEMP_001,2026-03-01T12:14:00+00:00,-15.808962949720195,°C,GOOD,SYNTHETIC_ML_DATASET,NORMAL,0
MTR,VIB_001,2026-03-01T12:14:00+00:00,0.8351180460945837,mm/s,GOOD,SYNTHETIC_ML_DATASET,NORMAL,0
MTR,HUM_001,2026-03-01T12:15:00+00:00,53.14291761346376,%,GOOD,SYNTHETIC_ML_DATASET,NORMAL,0
MTR,POWER_001,2026-03-01T12:15:00+00:00,33.533322841930215,kW,GOOD,SYNTHETIC_ML_DATASET,NORMAL,0
MTR,PRESS_001,2026-03-01T12:15:00+00:00,989.6706883375808,hPa,GOOD,SYNTHETIC_ML_DATASET,NORMAL,0
MTR,TEMP_001,2026-03-01T12:15:00+00:00,-15.594226740851171,°C,GOOD,SYNTHETIC_ML_DATASET,NORMAL,0
MTR,VIB_001,2026-03-01T12:15:00+00:00,0.8284559676219914,mm/s,GOOD,SYNTHETIC_ML_DATASET,NORMAL,0
MTR,HUM_001,2026-03-01T12:16:00+00:00,53.103188889620476,%,GOOD,SYNTHETIC_ML_DATASET,NORMAL,0
MTR,POWER_001,2026-03-01T12:16:00+00:00,33.96093012704024,kW,GOOD,SYNTHETIC_ML_DATASET,NORMAL,0
MTR,PRESS_001,2026-03-01T12:16:00+00:00,989.685392833726,hPa,GOOD,SYNTHETIC_ML_DATASET,NORMAL,0
MTR,TEMP_001,2026-03-01T12:16:00+00:00,-15.840091355174135,°C,GOOD,SYNTHETIC_ML_DATASET,NORMAL,0
MTR,VIB_001,2026-03-01T12:16:00+00:00,0.8261488781228975,mm/s,GOOD,SYNTHETIC_ML_DATASET,NORMAL,0
MTR,HUM_001,2026-03-01T12:17:00+00:00,54.178945843699594,%,GOOD,SYNTHETIC_ML_DATASET,NORMAL,0
MTR,POWER_001,2026-03-01T12:17:00+00:00,33.6290279343257,kW,GOOD,SYNTHETIC_ML_DATASET,NORMAL,0
MTR,PRESS_001,2026-03-01T12:17:00+00:00,989.5012196177634,hPa,GOOD,SYNTHETIC_ML_DATASET,NORMAL,0
MTR,TEMP_001,2026-03-01T12:17:00+00:00,-15.602174770665918,°C,GOOD,SYNTHETIC_ML_DATASET,NORMAL,0
MTR,VIB_001,2026-03-01T12:17:00+00:00,0.7869478517397701,mm/s,GOOD,SYNTHETIC_ML_DATASET,NORMAL,0
MTR,HUM_001,2026-03-01T12:18:00+00:00,55.03767893924232,%,GOOD,SYNTHETIC_ML_DATASET,NORMAL,0
MTR,POWER_001,2026-03-01T12:18:00+00:00,33.64024461652975,kW,GOOD,SYNTHETIC_ML_DATASET,NORMAL,0
MTR,PRESS_001,2026-03-01T12:18:00+00:00,989.4772156395327,hPa,GOOD,SYNTHETIC_ML_DATASET,NORMAL,0
MTR,TEMP_001,2026-03-01T12:18:00+00:00,-15.859041777697891,°C,GOOD,SYNTHETIC_ML_DATASET,NORMAL,0
MTR,VIB_001,2026-03-01T12:18:00+00:00,0.8199332708705496,mm/s,GOOD,SYNTHETIC_ML_DATASET,NORMAL,0
MTR,HUM_001,2026-03-01T12:19:00+00:00,54.578745587394586,%,GOOD,SYNTHETIC_ML_DATASET,NORMAL,0
MTR,POWER_001,2026-03-01T12:19:00+00:00,33.48588434446438,kW,GOOD,SYNTHETIC_ML_DATASET,NORMAL,0
MTR,PRESS_001,2026-03-01T12:19:00+00:00,989.6076602964828,hPa,GOOD,SYNTHETIC_ML_DATASET,NORMAL,0
MTR,TEMP_001,2026-03-01T12:19:00+00:00,-15.952842077131473,°C,GOOD,SYNTHETIC_ML_DATASET,NORMAL,0
MTR,VIB_001,2026-03-01T12:19:00+00:00,0.7968638952342877,mm/s,GOOD,SYNTHETIC_ML_DATASET,NORMAL,0
MTR,HUM_001,2026-03-01T12:20:00+00:00,53.41388128854348,%,GOOD,SYNTHETIC_ML_DATASET,NORMAL,0
MTR,POWER_001,2026-03-01T12:20:00+00:00,33.028239915185594,kW,GOOD,SYNTHETIC_ML_DATASET,NORMAL,0
MTR,PRESS_001,2026-03-01T12:20:00+00:00,989.6137633146594,hPa,GOOD,SYNTHETIC_ML_DATASET,NORMAL,0
MTR,TEMP_001,2026-03-01T12:20:00+00:00,-15.920400874048564,°C,GOOD,SYNTHETIC_ML_DATASET,NORMAL,0
MTR,VIB_001,2026-03-01T12:20:00+00:00,0.8163326015436243,mm/s,GOOD,SYNTHETIC_ML_DATASET,NORMAL,0
MTR,HUM_001,2026-03-01T12:21:00+00:00,53.777157867721336,%,GOOD,SYNTHETIC_ML_DATASET,NORMAL,0
MTR,POWER_001,2026-03-01T12:21:00+00:00,33.15161047615812,kW,GOOD,SYNTHETIC_ML_DATASET,NORMAL,0
MTR,PRESS_001,2026-03-01T12:21:00+00:00,989.6400678396279,hPa,GOOD,SYNTHETIC_ML_DATASET,NORMAL,0
MTR,TEMP_001,2026-03-01T12:21:00+00:00,-15.543364842630545,°C,GOOD,SYNTHETIC_ML_DATASET,NORMAL,0
MTR,VIB_001,2026-03-01T12:21:00+00:00,0.7783833278295467,mm/s,GOOD,SYNTHETIC_ML_DATASET,NORMAL,0
MTR,HUM_001,2026-03-01T12:22:00+00:00,53.977677375659006,%,GOOD,SYNTHETIC_ML_DATASET,NORMAL,0
MTR,POWER_001,2026-03-01T12:22:00+00:00,33.36289706754157,kW,GOOD,SYNTHETIC_ML_DATASET,NORMAL,0
MTR,PRESS_001,2026-03-01T12:22:00+00:00,989.5295171264293,hPa,GOOD,SYNTHETIC_ML_DATASET,NORMAL,0
MTR,TEMP_001,2026-03-01T12:22:00+00:00,-15.785310265538701,°C,GOOD,SYNTHETIC_ML_DATASET,NORMAL,0
MTR,VIB_001,2026-03-01T12:22:00+00:00,0.7910055801446656,mm/s,GOOD,SYNTHETIC_ML_DATASET,NORMAL,0
MTR,HUM_001,2026-03-01T12:23:00+00:00,53.636129361881,%,GOOD,SYNTHETIC_ML_DATASET,NORMAL,0
MTR,POWER_001,2026-03-01T12:23:00+00:00,33.13106712466422,kW,GOOD,SYNTHETIC_ML_DATASET,NORMAL,0
MTR,PRESS_001,2026-03-01T12:23:00+00:00,989.7002886451003,hPa,GOOD,SYNTHETIC_ML_DATASET,NORMAL,0
MTR,TEMP_001,2026-03-01T12:23:00+00:00,-16.22469157025758,°C,GOOD,SYNTHETIC_ML_DATASET,NORMAL,0
MTR,VIB_001,2026-03-01T12:23:00+00:00,0.7835129252618149,mm/s,GOOD,SYNTHETIC_ML_DATASET,NORMAL,0
MTR,HUM_001,2026-03-01T12:24:00+00:00,53.76430597597529,%,GOOD,SYNTHETIC_ML_DATASET,NORMAL,0
MTR,POWER_001,2026-03-01T12:24:00+00:00,32.89796641054075,kW,GOOD,SYNTHETIC_ML_DATASET,NORMAL,0
MTR,PRESS_001,2026-03-01T12:24:00+00:00,989.5567707501747,hPa,GOOD,SYNTHETIC_ML_DATASET,NORMAL,0
MTR,TEMP_001,2026-03-01T12:24:00+00:00,-15.933285886422464,°C,GOOD,SYNTHETIC_ML_DATASET,NORMAL,0
MTR,VIB_001,2026-03-01T12:24:00+00:00,0.776680033968006,mm/s,GOOD,SYNTHETIC_ML_DATASET,NORMAL,0
MTR,HUM_001,2026-03-01T12:25:00+00:00,53.18242273984516,%,GOOD,SYNTHETIC_ML_DATASET,NORMAL,0
MTR,POWER_001,2026-03-01T12:25:00+00:00,33.42673372395681,kW,GOOD,SYNTHETIC_ML_DATASET,NORMAL,0
MTR,PRESS_001,2026-03-01T12:25:00+00:00,989.9340801584948,hPa,GOOD,SYNTHETIC_ML_DATASET,NORMAL,0
MTR,TEMP_001,2026-03-01T12:25:00+00:00,-16.041734584938364,°C,GOOD,SYNTHETIC_ML_DATASET,NORMAL,0
MTR,VIB_001,2026-03-01T12:25:00+00:00,0.7567672168270125,mm/s,GOOD,SYNTHETIC_ML_DATASET,NORMAL,0
MTR,HUM_001,2026-03-01T12:26:00+00:00,52.51376484070887,%,GOOD,SYNTHETIC_ML_DATASET,NORMAL,0
MTR,POWER_001,2026-03-01T12:26:00+00:00,33.310533643037466,kW,GOOD,SYNTHETIC_ML_DATASET,NORMAL,0
MTR,PRESS_001,2026-03-01T12:26:00+00:00,989.9518798895366,hPa,GOOD,SYNTHETIC_ML_DATASET,NORMAL,0
MTR,TEMP_001,2026-03-01T12:26:00+00:00,-15.839676783448592,°C,GOOD,SYNTHETIC_ML_DATASET,NORMAL,0
MTR,VIB_001,2026-03-01T12:26:00+00:00,0.8060885097197891,mm/s,GOOD,SYNTHETIC_ML_DATASET,NORMAL,0
MTR,HUM_001,2026-03-01T12:27:00+00:00,54.2065739489037,%,GOOD,SYNTHETIC_ML_DATASET,NORMAL,0
MTR,POWER_001,2026-03-01T12:27:00+00:00,33.34343646107539,kW,GOOD,SYNTHETIC_ML_DATASET,NORMAL,0
MTR,PRESS_001,2026-03-01T12:27:00+00:00,989.8214128154175,hPa,GOOD,SYNTHETIC_ML_DATASET,NORMAL,0
MTR,TEMP_001,2026-03-01T12:27:00+00:00,-15.67388997999948,°C,GOOD,SYNTHETIC_ML_DATASET,NORMAL,0
MTR,VIB_001,2026-03-01T12:27:00+00:00,0.7835036494071541,mm/s,GOOD,SYNTHETIC_ML_DATASET,NORMAL,0
MTR,HUM_001,2026-03-01T12:28:00+00:00,53.73524080783879,%,GOOD,SYNTHETIC_ML_DATASET,NORMAL,0
MTR,POWER_001,2026-03-01T12:28:00+00:00,32.715636183636754,kW,GOOD,SYNTHETIC_ML_DATASET,NORMAL,0
MTR,PRESS_001,2026-03-01T12:28:00+00:00,989.7612490759298,hPa,GOOD,SYNTHETIC_ML_DATASET,NORMAL,0
MTR,TEMP_001,2026-03-01T12:28:00+00:00,-15.835035020434823,°C,GOOD,SYNTHETIC_ML_DATASET,NORMAL,0
MTR,VIB_001,2026-03-01T12:28:00+00:00,0.781899954326771,mm/s,GOOD,SYNTHETIC_ML_DATASET,NORMAL,0
MTR,HUM_001,2026-03-01T12:29:00+00:00,53.76059705544072,%,GOOD,SYNTHETIC_ML_DATASET,NORMAL,0
MTR,POWER_001,2026-03-01T12:29:00+00:00,32.56338504231768,kW,GOOD,SYNTHETIC_ML_DATASET,NORMAL,0
MTR,PRESS_001,2026-03-01T12:29:00+00:00,989.8227645792423,hPa,GOOD,SYNTHETIC_ML_DATASET,NORMAL,0
MTR,TEMP_001,2026-03-01T12:29:00+00:00,-15.739489550636797,°C,GOOD,SYNTHETIC_ML_DATASET,NORMAL,0
MTR,VIB_001,2026-03-01T12:29:00+00:00,0.7571224649188021,mm/s,GOOD,SYNTHETIC_ML_DATASET,NORMAL,0
MTR,HUM_001,2026-03-01T12:30:00+00:00,54.25339496432289,%,GOOD,SYNTHETIC_ML_DATASET,NORMAL,0
MTR,POWER_001,2026-03-01T12:30:00+00:00,32.6664593421662,kW,GOOD,SYNTHETIC_ML_DATASET,NORMAL,0
MTR,PRESS_001,2026-03-01T12:30:00+00:00,989.6747054650931,hPa,GOOD,SYNTHETIC_ML_DATASET,NORMAL,0
MTR,TEMP_001,2026-03-01T12:30:00+00:00,-15.979407290676729,°C,GOOD,SYNTHETIC_ML_DATASET,NORMAL,0
MTR,VIB_001,2026-03-01T12:30:00+00:00,0.7864451203021862,mm/s,GOOD,SYNTHETIC_ML_DATASET,NORMAL,0
MTR,HUM_001,2026-03-01T12:31:00+00:00,54.736305110523695,%,GOOD,SYNTHETIC_ML_DATASET,NORMAL,0
MTR,POWER_001,2026-03-01T12:31:00+00:00,32.33547813939098,kW,GOOD,SYNTHETIC_ML_DATASET,NORMAL,0
MTR,PRESS_001,2026-03-01T12:31:00+00:00,989.7473622839995,hPa,GOOD,SYNTHETIC_ML_DATASET,NORMAL,0
MTR,TEMP_001,2026-03-01T12:31:00+00:00,-15.995073340966936,°C,GOOD,SYNTHETIC_ML_DATASET,NORMAL,0
MTR,VIB_001,2026-03-01T12:31:00+00:00,0.7670074957534314,mm/s,GOOD,SYNTHETIC_ML_DATASET,NORMAL,0
MTR,HUM_001,2026-03-01T12:32:00+00:00,54.13806795922315,%,GOOD,SYNTHETIC_ML_DATASET,NORMAL,0
MTR,POWER_001,2026-03-01T12:32:00+00:00,32.359482609158604,kW,GOOD,SYNTHETIC_ML_DATASET,NORMAL,0
MTR,PRESS_001,2026-03-01T12:32:00+00:00,989.6669547281546,hPa,GOOD,SYNTHETIC_ML_DATASET,NORMAL,0
MTR,TEMP_001,2026-03-01T12:32:00+00:00,-16.107175506055952,°C,GOOD,SYNTHETIC_ML_DATASET,NORMAL,0
MTR,VIB_001,2026-03-01T12:32:00+00:00,0.7574896957130755,mm/s,GOOD,SYNTHETIC_ML_DATASET,NORMAL,0
MTR,HUM_001,2026-03-01T12:33:00+00:00,52.019514610123544,%,GOOD,SYNTHETIC_ML_DATASET,NORMAL,0
MTR,POWER_001,2026-03-01T12:33:00+00:00,32.18913335501337,kW,GOOD,SYNTHETIC_ML_DATASET,NORMAL,0
MTR,PRESS_001,2026-03-01T12:33:00+00:00,989.8442408751675,hPa,GOOD,SYNTHETIC_ML_DATASET,NORMAL,0
MTR,TEMP_001,2026-03-01T12:33:00+00:00,-15.897572611518774,°C,GOOD,SYNTHETIC_ML_DATASET,NORMAL,0
MTR,VIB_001,2026-03-01T12:33:00+00:00,0.763785327031581,mm/s,GOOD,SYNTHETIC_ML_DATASET,NORMAL,0
MTR,HUM_001,2026-03-01T12:34:00+00:00,53.21123012533133,%,GOOD,SYNTHETIC_ML_DATASET,NORMAL,0
MTR,POWER_001,2026-03-01T12:34:00+00:00,32.56638724074547,kW,GOOD,SYNTHETIC_ML_DATASET,NORMAL,0
MTR,PRESS_001,2026-03-01T12:34:00+00:00,989.4196758879178,hPa,GOOD,SYNTHETIC_ML_DATASET,NORMAL,0
MTR,TEMP_001,2026-03-01T12:34:00+00:00,-15.502068761180697,°C,GOOD,SYNTHETIC_ML_DATASET,NORMAL,0
MTR,VIB_001,2026-03-01T12:34:00+00:00,0.7991909676960225,mm/s,GOOD,SYNTHETIC_ML_DATASET,NORMAL,0
MTR,HUM_001,2026-03-01T12:35:00+00:00,53.103842500596,%,GOOD,SYNTHETIC_ML_DATASET,NORMAL,0
MTR,POWER_001,2026-03-01T12:35:00+00:00,32.651645027963326,kW,GOOD,SYNTHETIC_ML_DATASET,NORMAL,0
MTR,PRESS_001,2026-03-01T12:35:00+00:00,989.6256143265014,hPa,GOOD,SYNTHETIC_ML_DATASET,NORMAL,0
MTR,TEMP_001,2026-03-01T12:35:00+00:00,-15.476371685479927,°C,GOOD,SYNTHETIC_ML_DATASET,NORMAL,0
MTR,VIB_001,2026-03-01T12:35:00+00:00,0.775159827054246,mm/s,GOOD,SYNTHETIC_ML_DATASET,NORMAL,0
MTR,HUM_001,2026-03-01T12:36:00+00:00,53.31075175674782,%,GOOD,SYNTHETIC_ML_DATASET,NORMAL,0
MTR,POWER_001,2026-03-01T12:36:00+00:00,33.06712614222901,kW,GOOD,SYNTHETIC_ML_DATASET,NORMAL,0
MTR,PRESS_001,2026-03-01T12:36:00+00:00,989.825327678404,hPa,GOOD,SYNTHETIC_ML_DATASET,NORMAL,0
MTR,TEMP_001,2026-03-01T12:36:00+00:00,-15.439460289686158,°C,GOOD,SYNTHETIC_ML_DATASET,NORMAL,0
MTR,VIB_001,2026-03-01T12:36:00+00:00,0.7819247665431659,mm/s,GOOD,SYNTHETIC_ML_DATASET,NORMAL,0
MTR,HUM_001,2026-03-01T12:37:00+00:00,52.15966847742248,%,GOOD,SYNTHETIC_ML_DATASET,NORMAL,0
MTR,POWER_001,2026-03-01T12:37:00+00:00,33.08252960629529,kW,GOOD,SYNTHETIC_ML_DATASET,NORMAL,0
MTR,PRESS_001,2026-03-01T12:37:00+00:00,989.9023781317976,hPa,GOOD,SYNTHETIC_ML_DATASET,NORMAL,0
MTR,TEMP_001,2026-03-01T12:37:00+00:00,-15.297980919434325,°C,GOOD,SYNTHETIC_ML_DATASET,NORMAL,0
MTR,VIB_001,2026-03-01T12:37:00+00:00,0.7777505516877247,mm/s,GOOD,SYNTHETIC_ML_DATASET,NORMAL,0
MTR,HUM_001,2026-03-01T12:38:00+00:00,52.768396500456,%,GOOD,SYNTHETIC_ML_DATASET,NORMAL,0
MTR,POWER_001,2026-03-01T12:38:00+00:00,32.480215683394185,kW,GOOD,SYNTHETIC_ML_DATASET,NORMAL,0
MTR,PRESS_001,2026-03-01T12:38:00+00:00,989.7596172569331,hPa,GOOD,SYNTHETIC_ML_DATASET,NORMAL,0
MTR,TEMP_001,2026-03-01T12:38:00+00:00,-15.720756402965266,°C,GOOD,SYNTHETIC_ML_DATASET,NORMAL,0
MTR,VIB_001,2026-03-01T12:38:00+00:00,0.7331431770623027,mm/s,GOOD,SYNTHETIC_ML_DATASET,NORMAL,0
MTR,HUM_001,2026-03-01T12:39:00+00:00,53.309229640030246,%,GOOD,SYNTHETIC_ML_DATASET,NORMAL,0
MTR,POWER_001,2026-03-01T12:39:00+00:00,32.080661857788584,kW,GOOD,SYNTHETIC_ML_DATASET,NORMAL,0
MTR,PRESS_001,2026-03-01T12:39:00+00:00,989.6992522639385,hPa,GOOD,SYNTHETIC_ML_DATASET,NORMAL,0
MTR,TEMP_001,2026-03-01T12:39:00+00:00,-15.549236738759616,°C,GOOD,SYNTHETIC_ML_DATASET,NORMAL,0
MTR,VIB_001,2026-03-01T12:39:00+00:00,0.7541714552379359,mm/s,GOOD,SYNTHETIC_ML_DATASET,NORMAL,0
MTR,HUM_001,2026-03-01T12:40:00+00:00,53.246355392334394,%,GOOD,SYNTHETIC_ML_DATASET,NORMAL,0
MTR,POWER_001,2026-03-01T12:40:00+00:00,31.853993728715555,kW,GOOD,SYNTHETIC_ML_DATASET,NORMAL,0
MTR,PRESS_001,2026-03-01T12:40:00+00:00,989.95292533351,hPa,GOOD,SYNTHETIC_ML_DATASET,NORMAL,0
MTR,TEMP_001,2026-03-01T12:40:00+00:00,-15.628759390955208,°C,GOOD,SYNTHETIC_ML_DATASET,NORMAL,0
MTR,VIB_001,2026-03-01T12:40:00+00:00,0.7666378619810257,mm/s,GOOD,SYNTHETIC_ML_DATASET,NORMAL,0
MTR,HUM_001,2026-03-01T12:41:00+00:00,53.55477117186402,%,GOOD,SYNTHETIC_ML_DATASET,NORMAL,0
MTR,POWER_001,2026-03-01T12:41:00+00:00,32.19696315410136,kW,GOOD,SYNTHETIC_ML_DATASET,NORMAL,0
MTR,PRESS_001,2026-03-01T12:41:00+00:00,990.0029087038511,hPa,GOOD,SYNTHETIC_ML_DATASET,NORMAL,0
MTR,TEMP_001,2026-03-01T12:41:00+00:00,-15.542711977755623,°C,GOOD,SYNTHETIC_ML_DATASET,NORMAL,0
MTR,VIB_001,2026-03-01T12:41:00+00:00,0.7967471152180217,mm/s,GOOD,SYNTHETIC_ML_DATASET,NORMAL,0
MTR,HUM_001,2026-03-01T12:42:00+00:00,53.5027034888155,%,GOOD,SYNTHETIC_ML_DATASET,NORMAL,0
MTR,POWER_001,2026-03-01T12:42:00+00:00,31.86407182432736,kW,GOOD,SYNTHETIC_ML_DATASET,NORMAL,0
MTR,PRESS_001,2026-03-01T12:42:00+00:00,989.9237734801513,hPa,GOOD,SYNTHETIC_ML_DATASET,NORMAL,0
MTR,TEMP_001,2026-03-01T12:42:00+00:00,-15.483527166501666,°C,GOOD,SYNTHETIC_ML_DATASET,NORMAL,0
MTR,VIB_001,2026-03-01T12:42:00+00:00,0.76069348023843,mm/s,GOOD,SYNTHETIC_ML_DATASET,NORMAL,0
MTR,HUM_001,2026-03-01T12:43:00+00:00,55.130200726778405,%,GOOD,SYNTHETIC_ML_DATASET,NORMAL,0
MTR,POWER_001,2026-03-01T12:43:00+00:00,31.670785740388226,kW,GOOD,SYNTHETIC_ML_DATASET,NORMAL,0
MTR,PRESS_001,2026-03-01T12:43:00+00:00,989.8680709683179,hPa,GOOD,SYNTHETIC_ML_DATASET,NORMAL,0
MTR,TEMP_001,2026-03-01T12:43:00+00:00,-15.517188548985352,°C,GOOD,SYNTHETIC_ML_DATASET,NORMAL,0
MTR,VIB_001,2026-03-01T12:43:00+00:00,0.7436609942252692,mm/s,GOOD,SYNTHETIC_ML_DATASET,NORMAL,0
MTR,HUM_001,2026-03-01T12:44:00+00:00,54.57143196880306,%,GOOD,SYNTHETIC_ML_DATASET,NORMAL,0
MTR,POWER_001,2026-03-01T12:44:00+00:00,32.01918899108365,kW,GOOD,SYNTHETIC_ML_DATASET,NORMAL,0
MTR,PRESS_001,2026-03-01T12:44:00+00:00,989.7810330750846,hPa,GOOD,SYNTHETIC_ML_DATASET,NORMAL,0
MTR,TEMP_001,2026-03-01T12:44:00+00:00,-15.521142695800041,°C,GOOD,SYNTHETIC_ML_DATASET,NORMAL,0
MTR,VIB_001,2026-03-01T12:44:00+00:00,0.7822189636034266,mm/s,GOOD,SYNTHETIC_ML_DATASET,NORMAL,0
MTR,HUM_001,2026-03-01T12:45:00+00:00,53.81803467895093,%,GOOD,SYNTHETIC_ML_DATASET,NORMAL,0
MTR,POWER_001,2026-03-01T12:45:00+00:00,32.29275184595675,kW,GOOD,SYNTHETIC_ML_DATASET,NORMAL,0
MTR,PRESS_001,2026-03-01T12:45:00+00:00,989.9464119025977,hPa,GOOD,SYNTHETIC_ML_DATASET,NORMAL,0
MTR,TEMP_001,2026-03-01T12:45:00+00:00,-15.607528631241221,°C,GOOD,SYNTHETIC_ML_DATASET,NORMAL,0
MTR,VIB_001,2026-03-01T12:45:00+00:00,0.7401278124588956,mm/s,GOOD,SYNTHETIC_ML_DATASET,NORMAL,0
MTR,HUM_001,2026-03-01T12:46:00+00:00,54.29619518942381,%,GOOD,SYNTHETIC_ML_DATASET,NORMAL,0
MTR,POWER_001,2026-03-01T12:46:00+00:00,32.95228946652496,kW,GOOD,SYNTHETIC_ML_DATASET,NORMAL,0
MTR,PRESS_001,2026-03-01T12:46:00+00:00,990.0060659761826,hPa,GOOD,SYNTHETIC_ML_DATASET,NORMAL,0
MTR,TEMP_001,2026-03-01T12:46:00+00:00,-15.780346892274023,°C,GOOD,SYNTHETIC_ML_DATASET,NORMAL,0
MTR,VIB_001,2026-03-01T12:46:00+00:00,0.7555021402343715,mm/s,GOOD,SYNTHETIC_ML_DATASET,NORMAL,0
MTR,HUM_001,2026-03-01T12:47:00+00:00,55.240749411006654,%,GOOD,SYNTHETIC_ML_DATASET,NORMAL,0
MTR,POWER_001,2026-03-01T12:47:00+00:00,32.228315102740574,kW,GOOD,SYNTHETIC_ML_DATASET,NORMAL,0
MTR,PRESS_001,2026-03-01T12:47:00+00:00,989.6886550628764,hPa,GOOD,SYNTHETIC_ML_DATASET,NORMAL,0
MTR,TEMP_001,2026-03-01T12:47:00+00:00,-15.577333502288385,°C,GOOD,SYNTHETIC_ML_DATASET,NORMAL,0
MTR,VIB_001,2026-03-01T12:47:00+00:00,0.7388574107851064,mm/s,GOOD,SYNTHETIC_ML_DATASET,NORMAL,0
MTR,HUM_001,2026-03-01T12:48:00+00:00,54.610944748090624,%,GOOD,SYNTHETIC_ML_DATASET,NORMAL,0
MTR,POWER_001,2026-03-01T12:48:00+00:00,33.0749757306599,kW,GOOD,SYNTHETIC_ML_DATASET,NORMAL,0
MTR,PRESS_001,2026-03-01T12:48:00+00:00,989.5625874956303,hPa,GOOD,SYNTHETIC_ML_DATASET,NORMAL,0
MTR,TEMP_001,2026-03-01T12:48:00+00:00,-15.977202178346472,°C,GOOD,SYNTHETIC_ML_DATASET,NORMAL,0
MTR,VIB_001,2026-03-01T12:48:00+00:00,0.7222646860688272,mm/s,GOOD,SYNTHETIC_ML_DATASET,NORMAL,0
MTR,HUM_001,2026-03-01T12:49:00+00:00,53.86867178051926,%,GOOD,SYNTHETIC_ML_DATASET,NORMAL,0
MTR,POWER_001,2026-03-01T12:49:00+00:00,32.7097440845975,kW,GOOD,SYNTHETIC_ML_DATASET,NORMAL,0
MTR,PRESS_001,2026-03-01T12:49:00+00:00,989.4742756702224,hPa,GOOD,SYNTHETIC_ML_DATASET,NORMAL,0
MTR,TEMP_001,2026-03-01T12:49:00+00:00,-15.31323135165001,°C,GOOD,SYNTHETIC_ML_DATASET,NORMAL,0
MTR,VIB_001,2026-03-01T12:49:00+00:00,0.7140096950475225,mm/s,GOOD,SYNTHETIC_ML_DATASET,NORMAL,0
MTR,HUM_001,2026-03-01T12:50:00+00:00,53.87756021720154,%,GOOD,SYNTHETIC_ML_DATASET,NORMAL,0
MTR,POWER_001,2026-03-01T12:50:00+00:00,32.99057431242797,kW,GOOD,SYNTHETIC_ML_DATASET,NORMAL,0
MTR,PRESS_001,2026-03-01T12:50:00+00:00,989.5644248578426,hPa,GOOD,SYNTHETIC_ML_DATASET,NORMAL,0
MTR,TEMP_001,2026-03-01T12:50:00+00:00,-15.629431165898797,°C,GOOD,SYNTHETIC_ML_DATASET,NORMAL,0
MTR,VIB_001,2026-03-01T12:50:00+00:00,0.7220916555063679,mm/s,GOOD,SYNTHETIC_ML_DATASET,NORMAL,0
MTR,HUM_001,2026-03-01T12:51:00+00:00,53.41409238348154,%,GOOD,SYNTHETIC_ML_DATASET,NORMAL,0
MTR,POWER_001,2026-03-01T12:51:00+00:00,33.359379253199975,kW,GOOD,SYNTHETIC_ML_DATASET,NORMAL,0
MTR,PRESS_001,2026-03-01T12:51:00+00:00,989.6090879405591,hPa,GOOD,SYNTHETIC_ML_DATASET,NORMAL,0
MTR,TEMP_001,2026-03-01T12:51:00+00:00,-15.458421085740024,°C,GOOD,SYNTHETIC_ML_DATASET,NORMAL,0
MTR,VIB_001,2026-03-01T12:51:00+00:00,0.7326845407050208,mm/s,GOOD,SYNTHETIC_ML_DATASET,NORMAL,0
MTR,HUM_001,2026-03-01T12:52:00+00:00,54.046063449792456,%,GOOD,SYNTHETIC_ML_DATASET,NORMAL,0
MTR,POWER_001,2026-03-01T12:52:00+00:00,33.001741423776565,kW,GOOD,SYNTHETIC_ML_DATASET,NORMAL,0
MTR,PRESS_001,2026-03-01T12:52:00+00:00,989.4351452201455,hPa,GOOD,SYNTHETIC_ML_DATASET,NORMAL,0
MTR,TEMP_001,2026-03-01T12:52:00+00:00,-15.664967089611952,°C,GOOD,SYNTHETIC_ML_DATASET,NORMAL,0
MTR,VIB_001,2026-03-01T12:52:00+00:00,0.7221452034303184,mm/s,GOOD,SYNTHETIC_ML_DATASET,NORMAL,0
MTR,HUM_001,2026-03-01T12:53:00+00:00,53.5550474701224,%,GOOD,SYNTHETIC_ML_DATASET,NORMAL,0
MTR,POWER_001,2026-03-01T12:53:00+00:00,33.20569765676574,kW,GOOD,SYNTHETIC_ML_DATASET,NORMAL,0
MTR,PRESS_001,2026-03-01T12:53:00+00:00,989.6907625918327,hPa,GOOD,SYNTHETIC_ML_DATASET,NORMAL,0
MTR,TEMP_001,2026-03-01T12:53:00+00:00,-15.152673647229376,°C,GOOD,SYNTHETIC_ML_DATASET,NORMAL,0
MTR,VIB_001,2026-03-01T12:53:00+00:00,0.7694325573749019,mm/s,GOOD,SYNTHETIC_ML_DATASET,NORMAL,0
MTR,HUM_001,2026-03-01T12:54:00+00:00,53.90864748615848,%,GOOD,SYNTHETIC_ML_DATASET,NORMAL,0
MTR,POWER_001,2026-03-01T12:54:00+00:00,33.29630034998548,kW,GOOD,SYNTHETIC_ML_DATASET,NORMAL,0
MTR,PRESS_001,2026-03-01T12:54:00+00:00,989.5015855447464,hPa,GOOD,SYNTHETIC_ML_DATASET,NORMAL,0
MTR,TEMP_001,2026-03-01T12:54:00+00:00,-15.278312575187917,°C,GOOD,SYNTHETIC_ML_DATASET,NORMAL,0
MTR,VIB_001,2026-03-01T12:54:00+00:00,0.7284930437526583,mm/s,GOOD,SYNTHETIC_ML_DATASET,NORMAL,0
MTR,HUM_001,2026-03-01T12:55:00+00:00,53.2076619589313,%,GOOD,SYNTHETIC_ML_DATASET,NORMAL,0
MTR,POWER_001,2026-03-01T12:55:00+00:00,34.0285805439147,kW,GOOD,SYNTHETIC_ML_DATASET,NORMAL,0
MTR,PRESS_001,2026-03-01T12:55:00+00:00,989.3288731400356,hPa,GOOD,SYNTHETIC_ML_DATASET,NORMAL,0
MTR,TEMP_001,2026-03-01T12:55:00+00:00,-15.41730115225154,°C,GOOD,SYNTHETIC_ML_DATASET,NORMAL,0
MTR,VIB_001,2026-03-01T12:55:00+00:00,0.7319812266535752,mm/s,GOOD,SYNTHETIC_ML_DATASET,NORMAL,0
MTR,HUM_001,2026-03-01T12:56:00+00:00,53.25433163866063,%,GOOD,SYNTHETIC_ML_DATASET,NORMAL,0
MTR,POWER_001,2026-03-01T12:56:00+00:00,32.660071966427616,kW,GOOD,SYNTHETIC_ML_DATASET,NORMAL,0
MTR,PRESS_001,2026-03-01T12:56:00+00:00,989.2479346475625,hPa,GOOD,SYNTHETIC_ML_DATASET,NORMAL,0
MTR,TEMP_001,2026-03-01T12:56:00+00:00,-15.798072625672262,°C,GOOD,SYNTHETIC_ML_DATASET,NORMAL,0
MTR,VIB_001,2026-03-01T12:56:00+00:00,0.7892180086441425,mm/s,GOOD,SYNTHETIC_ML_DATASET,NORMAL,0
MTR,HUM_001,2026-03-01T12:57:00+00:00,53.144418073578755,%,GOOD,SYNTHETIC_ML_DATASET,NORMAL,0
MTR,POWER_001,2026-03-01T12:57:00+00:00,32.593823626638425,kW,GOOD,SYNTHETIC_ML_DATASET,NORMAL,0
MTR,PRESS_001,2026-03-01T12:57:00+00:00,989.4323660301961,hPa,GOOD,SYNTHETIC_ML_DATASET,NORMAL,0
MTR,TEMP_001,2026-03-01T12:57:00+00:00,-15.579328177006966,°C,GOOD,SYNTHETIC_ML_DATASET,NORMAL,0
MTR,VIB_001,2026-03-01T12:57:00+00:00,0.7194255563201103,mm/s,GOOD,SYNTHETIC_ML_DATASET,NORMAL,0
MTR,HUM_001,2026-03-01T12:58:00+00:00,53.95475591655328,%,GOOD,SYNTHETIC_ML_DATASET,NORMAL,0
MTR,POWER_001,2026-03-01T12:58:00+00:00,33.007988936931035,kW,GOOD,SYNTHETIC_ML_DATASET,NORMAL,0
MTR,PRESS_001,2026-03-01T12:58:00+00:00,989.1570263196544,hPa,GOOD,SYNTHETIC_ML_DATASET,NORMAL,0
MTR,TEMP_001,2026-03-01T12:58:00+00:00,-15.798878996109437,°C,GOOD,SYNTHETIC_ML_DATASET,NORMAL,0
MTR,VIB_001,2026-03-01T12:58:00+00:00,0.7169761167999896,mm/s,GOOD,SYNTHETIC_ML_DATASET,NORMAL,0
MTR,HUM_001,2026-03-01T12:59:00+00:00,53.92358693727348,%,GOOD,SYNTHETIC_ML_DATASET,NORMAL,0
MTR,POWER_001,2026-03-01T12:59:00+00:00,32.70168112077379,kW,GOOD,SYNTHETIC_ML_DATASET,NORMAL,0
MTR,PRESS_001,2026-03-01T12:59:00+00:00,989.366890224906,hPa,GOOD,SYNTHETIC_ML_DATASET,NORMAL,0
MTR,TEMP_001,2026-03-01T12:59:00+00:00,-15.603200823653534,°C,GOOD,SYNTHETIC_ML_DATASET,NORMAL,0
MTR,VIB_001,2026-03-01T12:59:00+00:00,0.7093857970294933,mm/s,GOOD,SYNTHETIC_ML_DATASET,NORMAL,0
MTR,HUM_001,2026-03-01T13:00:00+00:00,53.81206512033356,%,GOOD,SYNTHETIC_ML_DATASET,NORMAL,0
MTR,POWER_001,2026-03-01T13:00:00+00:00,32.84003164359968,kW,GOOD,SYNTHETIC_ML_DATASET,NORMAL,0
MTR,PRESS_001,2026-03-01T13:00:00+00:00,989.2078791322969,hPa,GOOD,SYNTHETIC_ML_DATASET,NORMAL,0
MTR,TEMP_001,2026-03-01T13:00:00+00:00,-15.73214867933026,°C,GOOD,SYNTHETIC_ML_DATASET,NORMAL,0
MTR,VIB_001,2026-03-01T13:00:00+00:00,0.7447883545355433,mm/s,GOOD,SYNTHETIC_ML_DATASET,NORMAL,0
MTR,HUM_001,2026-03-01T13:01:00+00:00,53.40996340610902,%,GOOD,SYNTHETIC_ML_DATASET,NORMAL,0
MTR,POWER_001,2026-03-01T13:01:00+00:00,32.805535025220394,kW,GOOD,SYNTHETIC_ML_DATASET,NORMAL,0
MTR,PRESS_001,2026-03-01T13:01:00+00:00,989.2223422338468,hPa,GOOD,SYNTHETIC_ML_DATASET,NORMAL,0
MTR,TEMP_001,2026-03-01T13:01:00+00:00,-15.871612726205797,°C,GOOD,SYNTHETIC_ML_DATASET,NORMAL,0
MTR,VIB_001,2026-03-01T13:01:00+00:00,0.7406360575569958,mm/s,GOOD,SYNTHETIC_ML_DATASET,NORMAL,0
MTR,HUM_001,2026-03-01T13:02:00+00:00,53.24228157833707,%,GOOD,SYNTHETIC_ML_DATASET,NORMAL,0
MTR,POWER_001,2026-03-01T13:02:00+00:00,33.01662230641019,kW,GOOD,SYNTHETIC_ML_DATASET,NORMAL,0
MTR,PRESS_001,2026-03-01T13:02:00+00:00,989.0488433586315,hPa,GOOD,SYNTHETIC_ML_DATASET,NORMAL,0
MTR,TEMP_001,2026-03-01T13:02:00+00:00,-16.080784668347473,°C,GOOD,SYNTHETIC_ML_DATASET,NORMAL,0
MTR,VIB_001,2026-03-01T13:02:00+00:00,0.7167086239938146,mm/s,GOOD,SYNTHETIC_ML_DATASET,NORMAL,0
MTR,HUM_001,2026-03-01T13:03:00+00:00,52.425097956019655,%,GOOD,SYNTHETIC_ML_DATASET,NORMAL,0
MTR,POWER_001,2026-03-01T13:03:00+00:00,33.27748317012147,kW,GOOD,SYNTHETIC_ML_DATASET,NORMAL,0
MTR,PRESS_001,2026-03-01T13:03:00+00:00,989.2290298305367,hPa,GOOD,SYNTHETIC_ML_DATASET,NORMAL,0
MTR,TEMP_001,2026-03-01T13:03:00+00:00,-15.82716196302585,°C,GOOD,SYNTHETIC_ML_DATASET,NORMAL,0
MTR,VIB_001,2026-03-01T13:03:00+00:00,0.7395175497759032,mm/s,GOOD,SYNTHETIC_ML_DATASET,NORMAL,0
MTR,HUM_001,2026-03-01T13:04:00+00:00,52.15058275934983,%,GOOD,SYNTHETIC_ML_DATASET,NORMAL,0
MTR,POWER_001,2026-03-01T13:04:00+00:00,32.82712350637473,kW,GOOD,SYNTHETIC_ML_DATASET,NORMAL,0
MTR,PRESS_001,2026-03-01T13:04:00+00:00,989.6028550370165,hPa,GOOD,SYNTHETIC_ML_DATASET,NORMAL,0
MTR,TEMP_001,2026-03-01T13:04:00+00:00,-15.63224152327747,°C,GOOD,SYNTHETIC_ML_DATASET,NORMAL,0
MTR,VIB_001,2026-03-01T13:04:00+00:00,0.7089687648840007,mm/s,GOOD,SYNTHETIC_ML_DATASET,NORMAL,0
MTR,HUM_001,2026-03-01T13:05:00+00:00,52.19120862794988,%,GOOD,SYNTHETIC_ML_DATASET,NORMAL,0
MTR,POWER_001,2026-03-01T13:05:00+00:00,32.237982100351914,kW,GOOD,SYNTHETIC_ML_DATASET,NORMAL,0
MTR,PRESS_001,2026-03-01T13:05:00+00:00,989.2376991602076,hPa,GOOD,SYNTHETIC_ML_DATASET,NORMAL,0
MTR,TEMP_001,2026-03-01T13:05:00+00:00,-15.573679271241673,°C,GOOD,SYNTHETIC_ML_DATASET,NORMAL,0
MTR,VIB_001,2026-03-01T13:05:00+00:00,0.7457310000941461,mm/s,GOOD,SYNTHETIC_ML_DATASET,NORMAL,0
MTR,HUM_001,2026-03-01T13:06:00+00:00,51.99654807413851,%,GOOD,SYNTHETIC_ML_DATASET,NORMAL,0
MTR,POWER_001,2026-03-01T13:06:00+00:00,32.33656624150964,kW,GOOD,SYNTHETIC_ML_DATASET,NORMAL,0
MTR,PRESS_001,2026-03-01T13:06:00+00:00,989.3983363651778,hPa,GOOD,SYNTHETIC_ML_DATASET,NORMAL,0
MTR,TEMP_001,2026-03-01T13:06:00+00:00,-15.623334792450255,°C,GOOD,SYNTHETIC_ML_DATASET,NORMAL,0
MTR,VIB_001,2026-03-01T13:06:00+00:00,0.7298417642464934,mm/s,GOOD,SYNTHETIC_ML_DATASET,NORMAL,0
MTR,HUM_001,2026-03-01T13:07:00+00:00,52.003741121244346,%,GOOD,SYNTHETIC_ML_DATASET,NORMAL,0
MTR,POWER_001,2026-03-01T13:07:00+00:00,33.21216999283159,kW,GOOD,SYNTHETIC_ML_DATASET,NORMAL,0
MTR,PRESS_001,2026-03-01T13:07:00+00:00,989.2199425872249,hPa,GOOD,SYNTHETIC_ML_DATASET,NORMAL,0
MTR,TEMP_001,2026-03-01T13:07:00+00:00,-16.06017813172301,°C,GOOD,SYNTHETIC_ML_DATASET,NORMAL,0
MTR,VIB_001,2026-03-01T13:07:00+00:00,0.7467107990925609,mm/s,GOOD,SYNTHETIC_ML_DATASET,NORMAL,0
MTR,HUM_001,2026-03-01T13:08:00+00:00,52.66519153393107,%,GOOD,SYNTHETIC_ML_DATASET,NORMAL,0
MTR,POWER_001,2026-03-01T13:08:00+00:00,33.672951587501174,kW,GOOD,SYNTHETIC_ML_DATASET,NORMAL,0
MTR,PRESS_001,2026-03-01T13:08:00+00:00,989.3814277820898,hPa,GOOD,SYNTHETIC_ML_DATASET,NORMAL,0
MTR,TEMP_001,2026-03-01T13:08:00+00:00,-15.938329794256134,°C,GOOD,SYNTHETIC_ML_DATASET,NORMAL,0
MTR,VIB_001,2026-03-01T13:08:00+00:00,0.7816766226453015,mm/s,GOOD,SYNTHETIC_ML_DATASET,NORMAL,0
MTR,HUM_001,2026-03-01T13:09:00+00:00,52.26357722404675,%,GOOD,SYNTHETIC_ML_DATASET,NORMAL,0
MTR,POWER_001,2026-03-01T13:09:00+00:00,33.949376991982604,kW,GOOD,SYNTHETIC_ML_DATASET,NORMAL,0
MTR,PRESS_001,2026-03-01T13:09:00+00:00,989.4285722188271,hPa,GOOD,SYNTHETIC_ML_DATASET,NORMAL,0
MTR,TEMP_001,2026-03-01T13:09:00+00:00,-15.88534750920726,°C,GOOD,SYNTHETIC_ML_DATASET,NORMAL,0
MTR,VIB_001,2026-03-01T13:09:00+00:00,0.7323712236669206,mm/s,GOOD,SYNTHETIC_ML_DATASET,NORMAL,0
MTR,HUM_001,2026-03-01T13:10:00+00:00,52.56952513100108,%,GOOD,SYNTHETIC_ML_DATASET,NORMAL,0
MTR,POWER_001,2026-03-01T13:10:00+00:00,33.183723216971984,kW,GOOD,SYNTHETIC_ML_DATASET,NORMAL,0
MTR,PRESS_001,2026-03-01T13:10:00+00:00,989.6483520961077,hPa,GOOD,SYNTHETIC_ML_DATASET,NORMAL,0
MTR,TEMP_001,2026-03-01T13:10:00+00:00,-16.363819956142496,°C,GOOD,SYNTHETIC_ML_DATASET,NORMAL,0
MTR,VIB_001,2026-03-01T13:10:00+00:00,0.7674751878356939,mm/s,GOOD,SYNTHETIC_ML_DATASET,NORMAL,0
MTR,HUM_001,2026-03-01T13:11:00+00:00,52.42645947660691,%,GOOD,SYNTHETIC_ML_DATASET,NORMAL,0
MTR,POWER_001,2026-03-01T13:11:00+00:00,32.70881784399975,kW,GOOD,SYNTHETIC_ML_DATASET,NORMAL,0
MTR,PRESS_001,2026-03-01T13:11:00+00:00,989.6338075478038,hPa,GOOD,SYNTHETIC_ML_DATASET,NORMAL,0
MTR,TEMP_001,2026-03-01T13:11:00+00:00,-16.282864704616856,°C,GOOD,SYNTHETIC_ML_DATASET,NORMAL,0
MTR,VIB_001,2026-03-01T13:11:00+00:00,0.7858992502612495,mm/s,GOOD,SYNTHETIC_ML_DATASET,NORMAL,0
MTR,HUM_001,2026-03-01T13:12:00+00:00,51.69112048268289,%,GOOD,SYNTHETIC_ML_DATASET,NORMAL,0
MTR,POWER_001,2026-03-01T13:12:00+00:00,33.1443543730184,kW,GOOD,SYNTHETIC_ML_DATASET,NORMAL,0
MTR,PRESS_001,2026-03-01T13:12:00+00:00,989.6280808618178,hPa,GOOD,SYNTHETIC_ML_DATASET,NORMAL,0
MTR,TEMP_001,2026-03-01T13:12:00+00:00,-16.21561277886343,°C,GOOD,SYNTHETIC_ML_DATASET,NORMAL,0
MTR,VIB_001,2026-03-01T13:12:00+00:00,0.7923604457845663,mm/s,GOOD,SYNTHETIC_ML_DATASET,NORMAL,0
MTR,HUM_001,2026-03-01T13:13:00+00:00,51.76484156694846,%,GOOD,SYNTHETIC_ML_DATASET,NORMAL,0
MTR,POWER_001,2026-03-01T13:13:00+00:00,33.08408579393107,kW,GOOD,SYNTHETIC_ML_DATASET,NORMAL,0
MTR,PRESS_001,2026-03-01T13:13:00+00:00,989.6023192462519,hPa,GOOD,SYNTHETIC_ML_DATASET,NORMAL,0
MTR,TEMP_001,2026-03-01T13:13:00+00:00,-16.281839504723735,°C,GOOD,SYNTHETIC_ML_DATASET,NORMAL,0
MTR,VIB_001,2026-03-01T13:13:00+00:00,0.7972342942682287,mm/s,GOOD,SYNTHETIC_ML_DATASET,NORMAL,0
MTR,HUM_001,2026-03-01T13:14:00+00:00,52.414038091889545,%,GOOD,SYNTHETIC_ML_DATASET,NORMAL,0
MTR,POWER_001,2026-03-01T13:14:00+00:00,32.87632376789198,kW,GOOD,SYNTHETIC_ML_DATASET,NORMAL,0
MTR,PRESS_001,2026-03-01T13:14:00+00:00,989.5758606950385,hPa,GOOD,SYNTHETIC_ML_DATASET,NORMAL,0
MTR,TEMP_001,2026-03-01T13:14:00+00:00,-16.699546470014745,°C,GOOD,SYNTHETIC_ML_DATASET,NORMAL,0
MTR,VIB_001,2026-03-01T13:14:00+00:00,0.7699942910718877,mm/s,GOOD,SYNTHETIC_ML_DATASET,NORMAL,0
MTR,HUM_001,2026-03-01T13:15:00+00:00,52.436633831818575,%,GOOD,SYNTHETIC_ML_DATASET,NORMAL,0
MTR,POWER_001,2026-03-01T13:15:00+00:00,32.56158229906389,kW,GOOD,SYNTHETIC_ML_DATASET,NORMAL,0
MTR,PRESS_001,2026-03-01T13:15:00+00:00,989.5628225940496,hPa,GOOD,SYNTHETIC_ML_DATASET,NORMAL,0
MTR,TEMP_001,2026-03-01T13:15:00+00:00,-16.5159763659273,°C,GOOD,SYNTHETIC_ML_DATASET,NORMAL,0
MTR,VIB_001,2026-03-01T13:15:00+00:00,0.7718757320264681,mm/s,GOOD,SYNTHETIC_ML_DATASET,NORMAL,0
MTR,HUM_001,2026-03-01T13:16:00+00:00,51.7265813832036,%,GOOD,SYNTHETIC_ML_DATASET,NORMAL,0
MTR,POWER_001,2026-03-01T13:16:00+00:00,32.490308116622636,kW,GOOD,SYNTHETIC_ML_DATASET,NORMAL,0
MTR,PRESS_001,2026-03-01T13:16:00+00:00,989.6460102663491,hPa,GOOD,SYNTHETIC_ML_DATASET,NORMAL,0
MTR,TEMP_001,2026-03-01T13:16:00+00:00,-16.436245714661364,°C,GOOD,SYNTHETIC_ML_DATASET,NORMAL,0
MTR,VIB_001,2026-03-01T13:16:00+00:00,0.7803145082723489,mm/s,GOOD,SYNTHETIC_ML_DATASET,NORMAL,0
MTR,HUM_001,2026-03-01T13:17:00+00:00,52.96164390767388,%,GOOD,SYNTHETIC_ML_DATASET,NORMAL,0
MTR,POWER_001,2026-03-01T13:17:00+00:00,32.03093553376947,kW,GOOD,SYNTHETIC_ML_DATASET,NORMAL,0
MTR,PRESS_001,2026-03-01T13:17:00+00:00,989.3177874020951,hPa,GOOD,SYNTHETIC_ML_DATASET,NORMAL,0
MTR,TEMP_001,2026-03-01T13:17:00+00:00,-16.328885722901106,°C,GOOD,SYNTHETIC_ML_DATASET,NORMAL,0
MTR,VIB_001,2026-03-01T13:17:00+00:00,0.7255616119685502,mm/s,GOOD,SYNTHETIC_ML_DATASET,NORMAL,0
MTR,HUM_001,2026-03-01T13:18:00+00:00,51.008935072991974,%,GOOD,SYNTHETIC_ML_DATASET,NORMAL,0
MTR,POWER_001,2026-03-01T13:18:00+00:00,32.61047483137478,kW,GOOD,SYNTHETIC_ML_DATASET,NORMAL,0
MTR,PRESS_001,2026-03-01T13:18:00+00:00,989.273836863584,hPa,GOOD,SYNTHETIC_ML_DATASET,NORMAL,0
MTR,TEMP_001,2026-03-01T13:18:00+00:00,-16.312050630787322,°C,GOOD,SYNTHETIC_ML_DATASET,NORMAL,0
MTR,VIB_001,2026-03-01T13:18:00+00:00,0.7428482715922242,mm/s,GOOD,SYNTHETIC_ML_DATASET,NORMAL,0
MTR,HUM_001,2026-03-01T13:19:00+00:00,51.92774724496036,%,GOOD,SYNTHETIC_ML_DATASET,NORMAL,0
MTR,POWER_001,2026-03-01T13:19:00+00:00,32.681746375063476,kW,GOOD,SYNTHETIC_ML_DATASET,NORMAL,0
MTR,PRESS_001,2026-03-01T13:19:00+00:00,989.402727010446,hPa,GOOD,SYNTHETIC_ML_DATASET,NORMAL,0
MTR,TEMP_001,2026-03-01T13:19:00+00:00,-16.320625852281246,°C,GOOD,SYNTHETIC_ML_DATASET,NORMAL,0
MTR,VIB_001,2026-03-01T13:19:00+00:00,0.7618655022706583,mm/s,GOOD,SYNTHETIC_ML_DATASET,NORMAL,0
MTR,HUM_001,2026-03-01T13:20:00+00:00,51.92774724496036,%,BAD,SYNTHETIC_ML_DATASET,STUCK_VALUE,1
MTR,POWER_001,2026-03-01T13:20:00+00:00,32.681746375063476,kW,BAD,SYNTHETIC_ML_DATASET,STUCK_VALUE,1
MTR,PRESS_001,2026-03-01T13:20:00+00:00,989.402727010446,hPa,BAD,SYNTHETIC_ML_DATASET,STUCK_VALUE,1
MTR,TEMP_001,2026-03-01T13:20:00+00:00,-16.320625852281246,°C,BAD,SYNTHETIC_ML_DATASET,STUCK_VALUE,1
MTR,VIB_001,2026-03-01T13:20:00+00:00,0.7618655022706583,mm/s,BAD,SYNTHETIC_ML_DATASET,STUCK_VALUE,1
MTR,HUM_001,2026-03-01T13:21:00+00:00,51.92774724496036,%,BAD,SYNTHETIC_ML_DATASET,STUCK_VALUE,1
MTR,POWER_001,2026-03-01T13:21:00+00:00,32.681746375063476,kW,BAD,SYNTHETIC_ML_DATASET,STUCK_VALUE,1
MTR,PRESS_001,2026-03-01T13:21:00+00:00,989.402727010446,hPa,BAD,SYNTHETIC_ML_DATASET,STUCK_VALUE,1
MTR,TEMP_001,2026-03-01T13:21:00+00:00,-16.320625852281246,°C,BAD,SYNTHETIC_ML_DATASET,STUCK_VALUE,1
MTR,VIB_001,2026-03-01T13:21:00+00:00,0.7618655022706583,mm/s,BAD,SYNTHETIC_ML_DATASET,STUCK_VALUE,1
MTR,HUM_001,2026-03-01T13:22:00+00:00,51.92774724496036,%,BAD,SYNTHETIC_ML_DATASET,STUCK_VALUE,1
MTR,POWER_001,2026-03-01T13:22:00+00:00,32.681746375063476,kW,BAD,SYNTHETIC_ML_DATASET,STUCK_VALUE,1
MTR,PRESS_001,2026-03-01T13:22:00+00:00,989.402727010446,hPa,BAD,SYNTHETIC_ML_DATASET,STUCK_VALUE,1
MTR,TEMP_001,2026-03-01T13:22:00+00:00,-16.320625852281246,°C,BAD,SYNTHETIC_ML_DATASET,STUCK_VALUE,1
MTR,VIB_001,2026-03-01T13:22:00+00:00,0.7618655022706583,mm/s,BAD,SYNTHETIC_ML_DATASET,STUCK_VALUE,1
MTR,HUM_001,2026-03-01T13:23:00+00:00,51.92774724496036,%,BAD,SYNTHETIC_ML_DATASET,STUCK_VALUE,1
MTR,POWER_001,2026-03-01T13:23:00+00:00,32.681746375063476,kW,BAD,SYNTHETIC_ML_DATASET,STUCK_VALUE,1
MTR,PRESS_001,2026-03-01T13:23:00+00:00,989.402727010446,hPa,BAD,SYNTHETIC_ML_DATASET,STUCK_VALUE,1
MTR,TEMP_001,2026-03-01T13:23:00+00:00,-16.320625852281246,°C,BAD,SYNTHETIC_ML_DATASET,STUCK_VALUE,1
MTR,VIB_001,2026-03-01T13:23:00+00:00,0.7618655022706583,mm/s,BAD,SYNTHETIC_ML_DATASET,STUCK_VALUE,1
MTR,HUM_001,2026-03-01T13:24:00+00:00,51.92774724496036,%,BAD,SYNTHETIC_ML_DATASET,STUCK_VALUE,1
MTR,POWER_001,2026-03-01T13:24:00+00:00,32.681746375063476,kW,BAD,SYNTHETIC_ML_DATASET,STUCK_VALUE,1
MTR,PRESS_001,2026-03-01T13:24:00+00:00,989.402727010446,hPa,BAD,SYNTHETIC_ML_DATASET,STUCK_VALUE,1
MTR,TEMP_001,2026-03-01T13:24:00+00:00,-16.320625852281246,°C,BAD,SYNTHETIC_ML_DATASET,STUCK_VALUE,1
MTR,VIB_001,2026-03-01T13:24:00+00:00,0.7618655022706583,mm/s,BAD,SYNTHETIC_ML_DATASET,STUCK_VALUE,1
MTR,HUM_001,2026-03-01T13:25:00+00:00,51.92774724496036,%,BAD,SYNTHETIC_ML_DATASET,STUCK_VALUE,1
MTR,POWER_001,2026-03-01T13:25:00+00:00,32.681746375063476,kW,BAD,SYNTHETIC_ML_DATASET,STUCK_VALUE,1
MTR,PRESS_001,2026-03-01T13:25:00+00:00,989.402727010446,hPa,BAD,SYNTHETIC_ML_DATASET,STUCK_VALUE,1
MTR,TEMP_001,2026-03-01T13:25:00+00:00,-16.320625852281246,°C,BAD,SYNTHETIC_ML_DATASET,STUCK_VALUE,1
MTR,VIB_001,2026-03-01T13:25:00+00:00,0.7618655022706583,mm/s,BAD,SYNTHETIC_ML_DATASET,STUCK_VALUE,1
MTR,HUM_001,2026-03-01T13:26:00+00:00,51.92774724496036,%,BAD,SYNTHETIC_ML_DATASET,STUCK_VALUE,1
MTR,POWER_001,2026-03-01T13:26:00+00:00,32.681746375063476,kW,BAD,SYNTHETIC_ML_DATASET,STUCK_VALUE,1
MTR,PRESS_001,2026-03-01T13:26:00+00:00,989.402727010446,hPa,BAD,SYNTHETIC_ML_DATASET,STUCK_VALUE,1
MTR,TEMP_001,2026-03-01T13:26:00+00:00,-16.320625852281246,°C,BAD,SYNTHETIC_ML_DATASET,STUCK_VALUE,1
MTR,VIB_001,2026-03-01T13:26:00+00:00,0.7618655022706583,mm/s,BAD,SYNTHETIC_ML_DATASET,STUCK_VALUE,1
MTR,HUM_001,2026-03-01T13:27:00+00:00,51.92774724496036,%,BAD,SYNTHETIC_ML_DATASET,STUCK_VALUE,1
MTR,POWER_001,2026-03-01T13:27:00+00:00,32.681746375063476,kW,BAD,SYNTHETIC_ML_DATASET,STUCK_VALUE,1
MTR,PRESS_001,2026-03-01T13:27:00+00:00,989.402727010446,hPa,BAD,SYNTHETIC_ML_DATASET,STUCK_VALUE,1
MTR,TEMP_001,2026-03-01T13:27:00+00:00,-16.320625852281246,°C,BAD,SYNTHETIC_ML_DATASET,STUCK_VALUE,1
MTR,VIB_001,2026-03-01T13:27:00+00:00,0.7618655022706583,mm/s,BAD,SYNTHETIC_ML_DATASET,STUCK_VALUE,1
MTR,HUM_001,2026-03-01T13:28:00+00:00,51.92774724496036,%,BAD,SYNTHETIC_ML_DATASET,STUCK_VALUE,1
MTR,POWER_001,2026-03-01T13:28:00+00:00,32.681746375063476,kW,BAD,SYNTHETIC_ML_DATASET,STUCK_VALUE,1
MTR,PRESS_001,2026-03-01T13:28:00+00:00,989.402727010446,hPa,BAD,SYNTHETIC_ML_DATASET,STUCK_VALUE,1
MTR,TEMP_001,2026-03-01T13:28:00+00:00,-16.320625852281246,°C,BAD,SYNTHETIC_ML_DATASET,STUCK_VALUE,1
MTR,VIB_001,2026-03-01T13:28:00+00:00,0.7618655022706583,mm/s,BAD,SYNTHETIC_ML_DATASET,STUCK_VALUE,1
MTR,HUM_001,2026-03-01T13:29:00+00:00,51.92774724496036,%,BAD,SYNTHETIC_ML_DATASET,STUCK_VALUE,1
MTR,POWER_001,2026-03-01T13:29:00+00:00,32.681746375063476,kW,BAD,SYNTHETIC_ML_DATASET,STUCK_VALUE,1
MTR,PRESS_001,2026-03-01T13:29:00+00:00,989.402727010446,hPa,BAD,SYNTHETIC_ML_DATASET,STUCK_VALUE,1
MTR,TEMP_001,2026-03-01T13:29:00+00:00,-16.320625852281246,°C,BAD,SYNTHETIC_ML_DATASET,STUCK_VALUE,1
MTR,VIB_001,2026-03-01T13:29:00+00:00,0.7618655022706583,mm/s,BAD,SYNTHETIC_ML_DATASET,STUCK_VALUE,1
MTR,HUM_001,2026-03-01T13:30:00+00:00,51.92774724496036,%,BAD,SYNTHETIC_ML_DATASET,STUCK_VALUE,1
MTR,POWER_001,2026-03-01T13:30:00+00:00,32.681746375063476,kW,BAD,SYNTHETIC_ML_DATASET,STUCK_VALUE,1
MTR,PRESS_001,2026-03-01T13:30:00+00:00,989.402727010446,hPa,BAD,SYNTHETIC_ML_DATASET,STUCK_VALUE,1
MTR,TEMP_001,2026-03-01T13:30:00+00:00,-16.320625852281246,°C,BAD,SYNTHETIC_ML_DATASET,STUCK_VALUE,1
MTR,VIB_001,2026-03-01T13:30:00+00:00,0.7618655022706583,mm/s,BAD,SYNTHETIC_ML_DATASET,STUCK_VALUE,1
MTR,HUM_001,2026-03-01T13:31:00+00:00,51.92774724496036,%,BAD,SYNTHETIC_ML_DATASET,STUCK_VALUE,1
MTR,POWER_001,2026-03-01T13:31:00+00:00,32.681746375063476,kW,BAD,SYNTHETIC_ML_DATASET,STUCK_VALUE,1
MTR,PRESS_001,2026-03-01T13:31:00+00:00,989.402727010446,hPa,BAD,SYNTHETIC_ML_DATASET,STUCK_VALUE,1
MTR,TEMP_001,2026-03-01T13:31:00+00:00,-16.320625852281246,°C,BAD,SYNTHETIC_ML_DATASET,STUCK_VALUE,1
MTR,VIB_001,2026-03-01T13:31:00+00:00,0.7618655022706583,mm/s,BAD,SYNTHETIC_ML_DATASET,STUCK_VALUE,1
MTR,HUM_001,2026-03-01T13:32:00+00:00,51.92774724496036,%,BAD,SYNTHETIC_ML_DATASET,STUCK_VALUE,1
MTR,POWER_001,2026-03-01T13:32:00+00:00,32.681746375063476,kW,BAD,SYNTHETIC_ML_DATASET,STUCK_VALUE,1
MTR,PRESS_001,2026-03-01T13:32:00+00:00,989.402727010446,hPa,BAD,SYNTHETIC_ML_DATASET,STUCK_VALUE,1
MTR,TEMP_001,2026-03-01T13:32:00+00:00,-16.320625852281246,°C,BAD,SYNTHETIC_ML_DATASET,STUCK_VALUE,1
MTR,VIB_001,2026-03-01T13:32:00+00:00,0.7618655022706583,mm/s,BAD,SYNTHETIC_ML_DATASET,STUCK_VALUE,1
MTR,HUM_001,2026-03-01T13:33:00+00:00,51.92774724496036,%,BAD,SYNTHETIC_ML_DATASET,STUCK_VALUE,1
MTR,POWER_001,2026-03-01T13:33:00+00:00,32.681746375063476,kW,BAD,SYNTHETIC_ML_DATASET,STUCK_VALUE,1
MTR,PRESS_001,2026-03-01T13:33:00+00:00,989.402727010446,hPa,BAD,SYNTHETIC_ML_DATASET,STUCK_VALUE,1
MTR,TEMP_001,2026-03-01T13:33:00+00:00,-16.320625852281246,°C,BAD,SYNTHETIC_ML_DATASET,STUCK_VALUE,1
MTR,VIB_001,2026-03-01T13:33:00+00:00,0.7618655022706583,mm/s,BAD,SYNTHETIC_ML_DATASET,STUCK_VALUE,1
MTR,HUM_001,2026-03-01T13:34:00+00:00,51.92774724496036,%,BAD,SYNTHETIC_ML_DATASET,STUCK_VALUE,1
MTR,POWER_001,2026-03-01T13:34:00+00:00,32.681746375063476,kW,BAD,SYNTHETIC_ML_DATASET,STUCK_VALUE,1
MTR,PRESS_001,2026-03-01T13:34:00+00:00,989.402727010446,hPa,BAD,SYNTHETIC_ML_DATASET,STUCK_VALUE,1
MTR,TEMP_001,2026-03-01T13:34:00+00:00,-16.320625852281246,°C,BAD,SYNTHETIC_ML_DATASET,STUCK_VALUE,1
MTR,VIB_001,2026-03-01T13:34:00+00:00,0.7618655022706583,mm/s,BAD,SYNTHETIC_ML_DATASET,STUCK_VALUE,1
MTR,HUM_001,2026-03-01T13:35:00+00:00,51.92774724496036,%,BAD,SYNTHETIC_ML_DATASET,STUCK_VALUE,1
MTR,POWER_001,2026-03-01T13:35:00+00:00,32.681746375063476,kW,BAD,SYNTHETIC_ML_DATASET,STUCK_VALUE,1
MTR,PRESS_001,2026-03-01T13:35:00+00:00,989.402727010446,hPa,BAD,SYNTHETIC_ML_DATASET,STUCK_VALUE,1
MTR,TEMP_001,2026-03-01T13:35:00+00:00,-16.320625852281246,°C,BAD,SYNTHETIC_ML_DATASET,STUCK_VALUE,1
MTR,VIB_001,2026-03-01T13:35:00+00:00,0.7618655022706583,mm/s,BAD,SYNTHETIC_ML_DATASET,STUCK_VALUE,1
MTR,HUM_001,2026-03-01T13:36:00+00:00,51.92774724496036,%,BAD,SYNTHETIC_ML_DATASET,STUCK_VALUE,1
MTR,POWER_001,2026-03-01T13:36:00+00:00,32.681746375063476,kW,BAD,SYNTHETIC_ML_DATASET,STUCK_VALUE,1
MTR,PRESS_001,2026-03-01T13:36:00+00:00,989.402727010446,hPa,BAD,SYNTHETIC_ML_DATASET,STUCK_VALUE,1
MTR,TEMP_001,2026-03-01T13:36:00+00:00,-16.320625852281246,°C,BAD,SYNTHETIC_ML_DATASET,STUCK_VALUE,1
MTR,VIB_001,2026-03-01T13:36:00+00:00,0.7618655022706583,mm/s,BAD,SYNTHETIC_ML_DATASET,STUCK_VALUE,1
MTR,HUM_001,2026-03-01T13:37:00+00:00,51.92774724496036,%,BAD,SYNTHETIC_ML_DATASET,STUCK_VALUE,1
MTR,POWER_001,2026-03-01T13:37:00+00:00,32.681746375063476,kW,BAD,SYNTHETIC_ML_DATASET,STUCK_VALUE,1
MTR,PRESS_001,2026-03-01T13:37:00+00:00,989.402727010446,hPa,BAD,SYNTHETIC_ML_DATASET,STUCK_VALUE,1
MTR,TEMP_001,2026-03-01T13:37:00+00:00,-16.320625852281246,°C,BAD,SYNTHETIC_ML_DATASET,STUCK_VALUE,1
MTR,VIB_001,2026-03-01T13:37:00+00:00,0.7618655022706583,mm/s,BAD,SYNTHETIC_ML_DATASET,STUCK_VALUE,1
MTR,HUM_001,2026-03-01T13:38:00+00:00,51.92774724496036,%,BAD,SYNTHETIC_ML_DATASET,STUCK_VALUE,1
MTR,POWER_001,2026-03-01T13:38:00+00:00,32.681746375063476,kW,BAD,SYNTHETIC_ML_DATASET,STUCK_VALUE,1
MTR,PRESS_001,2026-03-01T13:38:00+00:00,989.402727010446,hPa,BAD,SYNTHETIC_ML_DATASET,STUCK_VALUE,1
MTR,TEMP_001,2026-03-01T13:38:00+00:00,-16.320625852281246,°C,BAD,SYNTHETIC_ML_DATASET,STUCK_VALUE,1
MTR,VIB_001,2026-03-01T13:38:00+00:00,0.7618655022706583,mm/s,BAD,SYNTHETIC_ML_DATASET,STUCK_VALUE,1
MTR,HUM_001,2026-03-01T13:39:00+00:00,51.92774724496036,%,BAD,SYNTHETIC_ML_DATASET,STUCK_VALUE,1
MTR,POWER_001,2026-03-01T13:39:00+00:00,32.681746375063476,kW,BAD,SYNTHETIC_ML_DATASET,STUCK_VALUE,1
MTR,PRESS_001,2026-03-01T13:39:00+00:00,989.402727010446,hPa,BAD,SYNTHETIC_ML_DATASET,STUCK_VALUE,1
MTR,TEMP_001,2026-03-01T13:39:00+00:00,-16.320625852281246,°C,BAD,SYNTHETIC_ML_DATASET,STUCK_VALUE,1
MTR,VIB_001,2026-03-01T13:39:00+00:00,0.7618655022706583,mm/s,BAD,SYNTHETIC_ML_DATASET,STUCK_VALUE,1
MTR,HUM_001,2026-03-01T13:40:00+00:00,51.92774724496036,%,BAD,SYNTHETIC_ML_DATASET,STUCK_VALUE,1
MTR,POWER_001,2026-03-01T13:40:00+00:00,32.681746375063476,kW,BAD,SYNTHETIC_ML_DATASET,STUCK_VALUE,1
MTR,PRESS_001,2026-03-01T13:40:00+00:00,989.402727010446,hPa,BAD,SYNTHETIC_ML_DATASET,STUCK_VALUE,1
MTR,TEMP_001,2026-03-01T13:40:00+00:00,-16.320625852281246,°C,BAD,SYNTHETIC_ML_DATASET,STUCK_VALUE,1
MTR,VIB_001,2026-03-01T13:40:00+00:00,0.7618655022706583,mm/s,BAD,SYNTHETIC_ML_DATASET,STUCK_VALUE,1
MTR,HUM_001,2026-03-01T13:41:00+00:00,51.92774724496036,%,BAD,SYNTHETIC_ML_DATASET,STUCK_VALUE,1
MTR,POWER_001,2026-03-01T13:41:00+00:00,32.681746375063476,kW,BAD,SYNTHETIC_ML_DATASET,STUCK_VALUE,1
MTR,PRESS_001,2026-03-01T13:41:00+00:00,989.402727010446,hPa,BAD,SYNTHETIC_ML_DATASET,STUCK_VALUE,1
MTR,TEMP_001,2026-03-01T13:41:00+00:00,-16.320625852281246,°C,BAD,SYNTHETIC_ML_DATASET,STUCK_VALUE,1
MTR,VIB_001,2026-03-01T13:41:00+00:00,0.7618655022706583,mm/s,BAD,SYNTHETIC_ML_DATASET,STUCK_VALUE,1
MTR,HUM_001,2026-03-01T13:42:00+00:00,51.92774724496036,%,BAD,SYNTHETIC_ML_DATASET,STUCK_VALUE,1
MTR,POWER_001,2026-03-01T13:42:00+00:00,32.681746375063476,kW,BAD,SYNTHETIC_ML_DATASET,STUCK_VALUE,1
MTR,PRESS_001,2026-03-01T13:42:00+00:00,989.402727010446,hPa,BAD,SYNTHETIC_ML_DATASET,STUCK_VALUE,1
MTR,TEMP_001,2026-03-01T13:42:00+00:00,-16.320625852281246,°C,BAD,SYNTHETIC_ML_DATASET,STUCK_VALUE,1
MTR,VIB_001,2026-03-01T13:42:00+00:00,0.7618655022706583,mm/s,BAD,SYNTHETIC_ML_DATASET,STUCK_VALUE,1
MTR,HUM_001,2026-03-01T13:43:00+00:00,51.92774724496036,%,BAD,SYNTHETIC_ML_DATASET,STUCK_VALUE,1
MTR,POWER_001,2026-03-01T13:43:00+00:00,32.681746375063476,kW,BAD,SYNTHETIC_ML_DATASET,STUCK_VALUE,1
MTR,PRESS_001,2026-03-01T13:43:00+00:00,989.402727010446,hPa,BAD,SYNTHETIC_ML_DATASET,STUCK_VALUE,1
MTR,TEMP_001,2026-03-01T13:43:00+00:00,-16.320625852281246,°C,BAD,SYNTHETIC_ML_DATASET,STUCK_VALUE,1
MTR,VIB_001,2026-03-01T13:43:00+00:00,0.7618655022706583,mm/s,BAD,SYNTHETIC_ML_DATASET,STUCK_VALUE,1
MTR,HUM_001,2026-03-01T13:44:00+00:00,51.92774724496036,%,BAD,SYNTHETIC_ML_DATASET,STUCK_VALUE,1
MTR,POWER_001,2026-03-01T13:44:00+00:00,32.681746375063476,kW,BAD,SYNTHETIC_ML_DATASET,STUCK_VALUE,1
MTR,PRESS_001,2026-03-01T13:44:00+00:00,989.402727010446,hPa,BAD,SYNTHETIC_ML_DATASET,STUCK_VALUE,1
MTR,TEMP_001,2026-03-01T13:44:00+00:00,-16.320625852281246,°C,BAD,SYNTHETIC_ML_DATASET,STUCK_VALUE,1
MTR,VIB_001,2026-03-01T13:44:00+00:00,0.7618655022706583,mm/s,BAD,SYNTHETIC_ML_DATASET,STUCK_VALUE,1
MTR,HUM_001,2026-03-01T13:45:00+00:00,51.92774724496036,%,BAD,SYNTHETIC_ML_DATASET,STUCK_VALUE,1
MTR,POWER_001,2026-03-01T13:45:00+00:00,32.681746375063476,kW,BAD,SYNTHETIC_ML_DATASET,STUCK_VALUE,1
MTR,PRESS_001,2026-03-01T13:45:00+00:00,989.402727010446,hPa,BAD,SYNTHETIC_ML_DATASET,STUCK_VALUE,1
MTR,TEMP_001,2026-03-01T13:45:00+00:00,-16.320625852281246,°C,BAD,SYNTHETIC_ML_DATASET,STUCK_VALUE,1
MTR,VIB_001,2026-03-01T13:45:00+00:00,0.7618655022706583,mm/s,BAD,SYNTHETIC_ML_DATASET,STUCK_VALUE,1
MTR,HUM_001,2026-03-01T13:46:00+00:00,51.92774724496036,%,BAD,SYNTHETIC_ML_DATASET,STUCK_VALUE,1
MTR,POWER_001,2026-03-01T13:46:00+00:00,32.681746375063476,kW,BAD,SYNTHETIC_ML_DATASET,STUCK_VALUE,1
MTR,PRESS_001,2026-03-01T13:46:00+00:00,989.402727010446,hPa,BAD,SYNTHETIC_ML_DATASET,STUCK_VALUE,1
MTR,TEMP_001,2026-03-01T13:46:00+00:00,-16.320625852281246,°C,BAD,SYNTHETIC_ML_DATASET,STUCK_VALUE,1
MTR,VIB_001,2026-03-01T13:46:00+00:00,0.7618655022706583,mm/s,BAD,SYNTHETIC_ML_DATASET,STUCK_VALUE,1
MTR,HUM_001,2026-03-01T13:47:00+00:00,51.92774724496036,%,BAD,SYNTHETIC_ML_DATASET,STUCK_VALUE,1
MTR,POWER_001,2026-03-01T13:47:00+00:00,32.681746375063476,kW,BAD,SYNTHETIC_ML_DATASET,STUCK_VALUE,1
MTR,PRESS_001,2026-03-01T13:47:00+00:00,989.402727010446,hPa,BAD,SYNTHETIC_ML_DATASET,STUCK_VALUE,1
MTR,TEMP_001,2026-03-01T13:47:00+00:00,-16.320625852281246,°C,BAD,SYNTHETIC_ML_DATASET,STUCK_VALUE,1
MTR,VIB_001,2026-03-01T13:47:00+00:00,0.7618655022706583,mm/s,BAD,SYNTHETIC_ML_DATASET,STUCK_VALUE,1
MTR,HUM_001,2026-03-01T13:48:00+00:00,51.92774724496036,%,BAD,SYNTHETIC_ML_DATASET,STUCK_VALUE,1
MTR,POWER_001,2026-03-01T13:48:00+00:00,32.681746375063476,kW,BAD,SYNTHETIC_ML_DATASET,STUCK_VALUE,1
MTR,PRESS_001,2026-03-01T13:48:00+00:00,989.402727010446,hPa,BAD,SYNTHETIC_ML_DATASET,STUCK_VALUE,1
MTR,TEMP_001,2026-03-01T13:48:00+00:00,-16.320625852281246,°C,BAD,SYNTHETIC_ML_DATASET,STUCK_VALUE,1
MTR,VIB_001,2026-03-01T13:48:00+00:00,0.7618655022706583,mm/s,BAD,SYNTHETIC_ML_DATASET,STUCK_VALUE,1
MTR,HUM_001,2026-03-01T13:49:00+00:00,51.92774724496036,%,BAD,SYNTHETIC_ML_DATASET,STUCK_VALUE,1
MTR,POWER_001,2026-03-01T13:49:00+00:00,32.681746375063476,kW,BAD,SYNTHETIC_ML_DATASET,STUCK_VALUE,1
MTR,PRESS_001,2026-03-01T13:49:00+00:00,989.402727010446,hPa,BAD,SYNTHETIC_ML_DATASET,STUCK_VALUE,1
MTR,TEMP_001,2026-03-01T13:49:00+00:00,-16.320625852281246,°C,BAD,SYNTHETIC_ML_DATASET,STUCK_VALUE,1
MTR,VIB_001,2026-03-01T13:49:00+00:00,0.7618655022706583,mm/s,BAD,SYNTHETIC_ML_DATASET,STUCK_VALUE,1
MTR,HUM_001,2026-03-01T13:50:00+00:00,51.92774724496036,%,BAD,SYNTHETIC_ML_DATASET,STUCK_VALUE,1
MTR,POWER_001,2026-03-01T13:50:00+00:00,32.681746375063476,kW,BAD,SYNTHETIC_ML_DATASET,STUCK_VALUE,1
MTR,PRESS_001,2026-03-01T13:50:00+00:00,989.402727010446,hPa,BAD,SYNTHETIC_ML_DATASET,STUCK_VALUE,1
MTR,TEMP_001,2026-03-01T13:50:00+00:00,-16.320625852281246,°C,BAD,SYNTHETIC_ML_DATASET,STUCK_VALUE,1
MTR,VIB_001,2026-03-01T13:50:00+00:00,0.7618655022706583,mm/s,BAD,SYNTHETIC_ML_DATASET,STUCK_VALUE,1
MTR,HUM_001,2026-03-01T13:51:00+00:00,51.92774724496036,%,BAD,SYNTHETIC_ML_DATASET,STUCK_VALUE,1
MTR,POWER_001,2026-03-01T13:51:00+00:00,32.681746375063476,kW,BAD,SYNTHETIC_ML_DATASET,STUCK_VALUE,1
MTR,PRESS_001,2026-03-01T13:51:00+00:00,989.402727010446,hPa,BAD,SYNTHETIC_ML_DATASET,STUCK_VALUE,1
MTR,TEMP_001,2026-03-01T13:51:00+00:00,-16.320625852281246,°C,BAD,SYNTHETIC_ML_DATASET,STUCK_VALUE,1
MTR,VIB_001,2026-03-01T13:51:00+00:00,0.7618655022706583,mm/s,BAD,SYNTHETIC_ML_DATASET,STUCK_VALUE,1
MTR,HUM_001,2026-03-01T13:52:00+00:00,51.92774724496036,%,BAD,SYNTHETIC_ML_DATASET,STUCK_VALUE,1
MTR,POWER_001,2026-03-01T13:52:00+00:00,32.681746375063476,kW,BAD,SYNTHETIC_ML_DATASET,STUCK_VALUE,1
MTR,PRESS_001,2026-03-01T13:52:00+00:00,989.402727010446,hPa,BAD,SYNTHETIC_ML_DATASET,STUCK_VALUE,1
MTR,TEMP_001,2026-03-01T13:52:00+00:00,-16.320625852281246,°C,BAD,SYNTHETIC_ML_DATASET,STUCK_VALUE,1
MTR,VIB_001,2026-03-01T13:52:00+00:00,0.7618655022706583,mm/s,BAD,SYNTHETIC_ML_DATASET,STUCK_VALUE,1
MTR,HUM_001,2026-03-01T13:53:00+00:00,51.92774724496036,%,BAD,SYNTHETIC_ML_DATASET,STUCK_VALUE,1
MTR,POWER_001,2026-03-01T13:53:00+00:00,32.681746375063476,kW,BAD,SYNTHETIC_ML_DATASET,STUCK_VALUE,1
MTR,PRESS_001,2026-03-01T13:53:00+00:00,989.402727010446,hPa,BAD,SYNTHETIC_ML_DATASET,STUCK_VALUE,1
MTR,TEMP_001,2026-03-01T13:53:00+00:00,-16.320625852281246,°C,BAD,SYNTHETIC_ML_DATASET,STUCK_VALUE,1
MTR,VIB_001,2026-03-01T13:53:00+00:00,0.7618655022706583,mm/s,BAD,SYNTHETIC_ML_DATASET,STUCK_VALUE,1
MTR,HUM_001,2026-03-01T13:54:00+00:00,51.92774724496036,%,BAD,SYNTHETIC_ML_DATASET,STUCK_VALUE,1
MTR,POWER_001,2026-03-01T13:54:00+00:00,32.681746375063476,kW,BAD,SYNTHETIC_ML_DATASET,STUCK_VALUE,1
MTR,PRESS_001,2026-03-01T13:54:00+00:00,989.402727010446,hPa,BAD,SYNTHETIC_ML_DATASET,STUCK_VALUE,1
MTR,TEMP_001,2026-03-01T13:54:00+00:00,-16.320625852281246,°C,BAD,SYNTHETIC_ML_DATASET,STUCK_VALUE,1
MTR,VIB_001,2026-03-01T13:54:00+00:00,0.7618655022706583,mm/s,BAD,SYNTHETIC_ML_DATASET,STUCK_VALUE,1
MTR,HUM_001,2026-03-01T13:55:00+00:00,50.15513123550333,%,GOOD,SYNTHETIC_ML_DATASET,NORMAL,0
MTR,POWER_001,2026-03-01T13:55:00+00:00,30.612757119544085,kW,GOOD,SYNTHETIC_ML_DATASET,NORMAL,0
MTR,PRESS_001,2026-03-01T13:55:00+00:00,989.0583133294344,hPa,GOOD,SYNTHETIC_ML_DATASET,NORMAL,0
MTR,TEMP_001,2026-03-01T13:55:00+00:00,-17.70625348588636,°C,GOOD,SYNTHETIC_ML_DATASET,NORMAL,0
MTR,VIB_001,2026-03-01T13:55:00+00:00,0.7329124735290418,mm/s,GOOD,SYNTHETIC_ML_DATASET,NORMAL,0
MTR,HUM_001,2026-03-01T13:56:00+00:00,50.0029313734283,%,GOOD,SYNTHETIC_ML_DATASET,NORMAL,0
MTR,POWER_001,2026-03-01T13:56:00+00:00,30.65297099914011,kW,GOOD,SYNTHETIC_ML_DATASET,NORMAL,0
MTR,PRESS_001,2026-03-01T13:56:00+00:00,989.2117425609068,hPa,GOOD,SYNTHETIC_ML_DATASET,NORMAL,0
MTR,TEMP_001,2026-03-01T13:56:00+00:00,-17.714829155781622,°C,GOOD,SYNTHETIC_ML_DATASET,NORMAL,0
MTR,VIB_001,2026-03-01T13:56:00+00:00,0.7474869087039331,mm/s,GOOD,SYNTHETIC_ML_DATASET,NORMAL,0
MTR,HUM_001,2026-03-01T13:57:00+00:00,52.0232366642607,%,GOOD,SYNTHETIC_ML_DATASET,NORMAL,0
MTR,POWER_001,2026-03-01T13:57:00+00:00,29.94188388939354,kW,GOOD,SYNTHETIC_ML_DATASET,NORMAL,0
MTR,PRESS_001,2026-03-01T13:57:00+00:00,989.0531573066329,hPa,GOOD,SYNTHETIC_ML_DATASET,NORMAL,0
MTR,TEMP_001,2026-03-01T13:57:00+00:00,-17.63649149947038,°C,GOOD,SYNTHETIC_ML_DATASET,NORMAL,0
MTR,VIB_001,2026-03-01T13:57:00+00:00,0.7109685698129666,mm/s,GOOD,SYNTHETIC_ML_DATASET,NORMAL,0
MTR,HUM_001,2026-03-01T13:58:00+00:00,50.481144312565114,%,GOOD,SYNTHETIC_ML_DATASET,NORMAL,0
MTR,POWER_001,2026-03-01T13:58:00+00:00,30.002005203360145,kW,GOOD,SYNTHETIC_ML_DATASET,NORMAL,0
MTR,PRESS_001,2026-03-01T13:58:00+00:00,988.9788013664648,hPa,GOOD,SYNTHETIC_ML_DATASET,NORMAL,0
MTR,TEMP_001,2026-03-01T13:58:00+00:00,-17.21430107830574,°C,GOOD,SYNTHETIC_ML_DATASET,NORMAL,0
MTR,VIB_001,2026-03-01T13:58:00+00:00,0.7281067063027139,mm/s,GOOD,SYNTHETIC_ML_DATASET,NORMAL,0
MTR,HUM_001,2026-03-01T13:59:00+00:00,50.25599341751692,%,GOOD,SYNTHETIC_ML_DATASET,NORMAL,0
MTR,POWER_001,2026-03-01T13:59:00+00:00,30.692457732068696,kW,GOOD,SYNTHETIC_ML_DATASET,NORMAL,0
MTR,PRESS_001,2026-03-01T13:59:00+00:00,989.3196905763656,hPa,GOOD,SYNTHETIC_ML_DATASET,NORMAL,0
MTR,TEMP_001,2026-03-01T13:59:00+00:00,-17.589133160798912,°C,GOOD,SYNTHETIC_ML_DATASET,NORMAL,0
MTR,VIB_001,2026-03-01T13:59:00+00:00,0.7592785604185565,mm/s,GOOD,SYNTHETIC_ML_DATASET,NORMAL,0
MTR,HUM_001,2026-03-01T14:00:00+00:00,51.12961885519844,%,GOOD,SYNTHETIC_ML_DATASET,NORMAL,0
MTR,POWER_001,2026-03-01T14:00:00+00:00,30.185932055671895,kW,GOOD,SYNTHETIC_ML_DATASET,NORMAL,0
MTR,PRESS_001,2026-03-01T14:00:00+00:00,989.1886977859876,hPa,GOOD,SYNTHETIC_ML_DATASET,NORMAL,0
MTR,TEMP_001,2026-03-01T14:00:00+00:00,-17.36638851480769,°C,GOOD,SYNTHETIC_ML_DATASET,NORMAL,0
MTR,VIB_001,2026-03-01T14:00:00+00:00,0.7270559873878425,mm/s,GOOD,SYNTHETIC_ML_DATASET,NORMAL,0
MTR,HUM_001,2026-03-01T14:01:00+00:00,52.083992050023085,%,GOOD,SYNTHETIC_ML_DATASET,NORMAL,0
MTR,POWER_001,2026-03-01T14:01:00+00:00,30.63328027766259,kW,GOOD,SYNTHETIC_ML_DATASET,NORMAL,0
MTR,PRESS_001,2026-03-01T14:01:00+00:00,988.9538547952639,hPa,GOOD,SYNTHETIC_ML_DATASET,NORMAL,0
MTR,TEMP_001,2026-03-01T14:01:00+00:00,-17.29475549376645,°C,GOOD,SYNTHETIC_ML_DATASET,NORMAL,0
MTR,VIB_001,2026-03-01T14:01:00+00:00,0.7701606672679351,mm/s,GOOD,SYNTHETIC_ML_DATASET,NORMAL,0
MTR,HUM_001,2026-03-01T14:02:00+00:00,51.22125041477189,%,GOOD,SYNTHETIC_ML_DATASET,NORMAL,0
MTR,POWER_001,2026-03-01T14:02:00+00:00,30.69244974626434,kW,GOOD,SYNTHETIC_ML_DATASET,NORMAL,0
MTR,PRESS_001,2026-03-01T14:02:00+00:00,989.0724215792344,hPa,GOOD,SYNTHETIC_ML_DATASET,NORMAL,0
MTR,TEMP_001,2026-03-01T14:02:00+00:00,-17.017145495025556,°C,GOOD,SYNTHETIC_ML_DATASET,NORMAL,0
MTR,VIB_001,2026-03-01T14:02:00+00:00,0.7631733006874643,mm/s,GOOD,SYNTHETIC_ML_DATASET,NORMAL,0
MTR,HUM_001,2026-03-01T14:03:00+00:00,52.05654727034401,%,GOOD,SYNTHETIC_ML_DATASET,NORMAL,0
MTR,POWER_001,2026-03-01T14:03:00+00:00,31.173162102419173,kW,GOOD,SYNTHETIC_ML_DATASET,NORMAL,0
MTR,PRESS_001,2026-03-01T14:03:00+00:00,989.0088660116055,hPa,GOOD,SYNTHETIC_ML_DATASET,NORMAL,0
MTR,TEMP_001,2026-03-01T14:03:00+00:00,-17.381619767383302,°C,GOOD,SYNTHETIC_ML_DATASET,NORMAL,0
MTR,VIB_001,2026-03-01T14:03:00+00:00,0.7755135371761729,mm/s,GOOD,SYNTHETIC_ML_DATASET,NORMAL,0
MTR,HUM_001,2026-03-01T14:04:00+00:00,51.41593711736121,%,GOOD,SYNTHETIC_ML_DATASET,NORMAL,0
MTR,POWER_001,2026-03-01T14:04:00+00:00,30.390918450081607,kW,GOOD,SYNTHETIC_ML_DATASET,NORMAL,0
MTR,PRESS_001,2026-03-01T14:04:00+00:00,988.9867548842723,hPa,GOOD,SYNTHETIC_ML_DATASET,NORMAL,0
MTR,TEMP_001,2026-03-01T14:04:00+00:00,-17.364591105884283,°C,GOOD,SYNTHETIC_ML_DATASET,NORMAL,0
MTR,VIB_001,2026-03-01T14:04:00+00:00,0.7607115795423316,mm/s,GOOD,SYNTHETIC_ML_DATASET,NORMAL,0
MTR,HUM_001,2026-03-01T14:05:00+00:00,52.493430501200436,%,GOOD,SYNTHETIC_ML_DATASET,NORMAL,0
MTR,POWER_001,2026-03-01T14:05:00+00:00,30.262495384063705,kW,GOOD,SYNTHETIC_ML_DATASET,NORMAL,0
MTR,PRESS_001,2026-03-01T14:05:00+00:00,988.9157000994797,hPa,GOOD,SYNTHETIC_ML_DATASET,NORMAL,0
MTR,TEMP_001,2026-03-01T14:05:00+00:00,-17.45288424935521,°C,GOOD,SYNTHETIC_ML_DATASET,NORMAL,0
MTR,VIB_001,2026-03-01T14:05:00+00:00,0.7827347907839078,mm/s,GOOD,SYNTHETIC_ML_DATASET,NORMAL,0
MTR,HUM_001,2026-03-01T14:06:00+00:00,52.565043499232566,%,GOOD,SYNTHETIC_ML_DATASET,NORMAL,0
MTR,POWER_001,2026-03-01T14:06:00+00:00,30.378477470295206,kW,GOOD,SYNTHETIC_ML_DATASET,NORMAL,0
MTR,PRESS_001,2026-03-01T14:06:00+00:00,988.9305453756787,hPa,GOOD,SYNTHETIC_ML_DATASET,NORMAL,0
MTR,TEMP_001,2026-03-01T14:06:00+00:00,-16.8749362417963,°C,GOOD,SYNTHETIC_ML_DATASET,NORMAL,0
MTR,VIB_001,2026-03-01T14:06:00+00:00,0.7618125673576148,mm/s,GOOD,SYNTHETIC_ML_DATASET,NORMAL,0
MTR,HUM_001,2026-03-01T14:07:00+00:00,52.83398428550095,%,GOOD,SYNTHETIC_ML_DATASET,NORMAL,0
MTR,POWER_001,2026-03-01T14:07:00+00:00,30.760163694483946,kW,GOOD,SYNTHETIC_ML_DATASET,NORMAL,0
MTR,PRESS_001,2026-03-01T14:07:00+00:00,988.8852527284911,hPa,GOOD,SYNTHETIC_ML_DATASET,NORMAL,0
MTR,TEMP_001,2026-03-01T14:07:00+00:00,-16.988238715333125,°C,GOOD,SYNTHETIC_ML_DATASET,NORMAL,0
MTR,VIB_001,2026-03-01T14:07:00+00:00,0.7695641455351676,mm/s,GOOD,SYNTHETIC_ML_DATASET,NORMAL,0
MTR,HUM_001,2026-03-01T14:08:00+00:00,52.38190752435431,%,GOOD,SYNTHETIC_ML_DATASET,NORMAL,0
MTR,POWER_001,2026-03-01T14:08:00+00:00,30.85113620630622,kW,GOOD,SYNTHETIC_ML_DATASET,NORMAL,0
MTR,PRESS_001,2026-03-01T14:08:00+00:00,988.9822461327907,hPa,GOOD,SYNTHETIC_ML_DATASET,NORMAL,0
MTR,TEMP_001,2026-03-01T14:08:00+00:00,-16.99295034309834,°C,GOOD,SYNTHETIC_ML_DATASET,NORMAL,0
MTR,VIB_001,2026-03-01T14:08:00+00:00,0.7392041523057585,mm/s,GOOD,SYNTHETIC_ML_DATASET,NORMAL,0
MTR,HUM_001,2026-03-01T14:09:00+00:00,51.614472076417776,%,GOOD,SYNTHETIC_ML_DATASET,NORMAL,0
MTR,POWER_001,2026-03-01T14:09:00+00:00,31.303097972463092,kW,GOOD,SYNTHETIC_ML_DATASET,NORMAL,0
MTR,PRESS_001,2026-03-01T14:09:00+00:00,988.7871579957673,hPa,GOOD,SYNTHETIC_ML_DATASET,NORMAL,0
MTR,TEMP_001,2026-03-01T14:09:00+00:00,-16.78600815684893,°C,GOOD,SYNTHETIC_ML_DATASET,NORMAL,0
MTR,VIB_001,2026-03-01T14:09:00+00:00,0.7736302707150395,mm/s,GOOD,SYNTHETIC_ML_DATASET,NORMAL,0
MTR,HUM_001,2026-03-01T14:10:00+00:00,51.8297570270654,%,GOOD,SYNTHETIC_ML_DATASET,NORMAL,0
MTR,POWER_001,2026-03-01T14:10:00+00:00,31.484613895997605,kW,GOOD,SYNTHETIC_ML_DATASET,NORMAL,0
MTR,PRESS_001,2026-03-01T14:10:00+00:00,988.7915623359696,hPa,GOOD,SYNTHETIC_ML_DATASET,NORMAL,0
MTR,TEMP_001,2026-03-01T14:10:00+00:00,-17.041366157645545,°C,GOOD,SYNTHETIC_ML_DATASET,NORMAL,0
MTR,VIB_001,2026-03-01T14:10:00+00:00,0.7458423037362136,mm/s,GOOD,SYNTHETIC_ML_DATASET,NORMAL,0
MTR,HUM_001,2026-03-01T14:11:00+00:00,51.4478581323571,%,GOOD,SYNTHETIC_ML_DATASET,NORMAL,0
MTR,POWER_001,2026-03-01T14:11:00+00:00,31.895023075325422,kW,GOOD,SYNTHETIC_ML_DATASET,NORMAL,0
MTR,PRESS_001,2026-03-01T14:11:00+00:00,988.8180186642895,hPa,GOOD,SYNTHETIC_ML_DATASET,NORMAL,0
MTR,TEMP_001,2026-03-01T14:11:00+00:00,-17.002355017504456,°C,GOOD,SYNTHETIC_ML_DATASET,NORMAL,0
MTR,VIB_001,2026-03-01T14:11:00+00:00,0.747529806000107,mm/s,GOOD,SYNTHETIC_ML_DATASET,NORMAL,0
MTR,HUM_001,2026-03-01T14:12:00+00:00,51.5960279742662,%,GOOD,SYNTHETIC_ML_DATASET,NORMAL,0
MTR,POWER_001,2026-03-01T14:12:00+00:00,32.02350805345153,kW,GOOD,SYNTHETIC_ML_DATASET,NORMAL,0
MTR,PRESS_001,2026-03-01T14:12:00+00:00,988.7356787413677,hPa,GOOD,SYNTHETIC_ML_DATASET,NORMAL,0
MTR,TEMP_001,2026-03-01T14:12:00+00:00,-17.020075435734686,°C,GOOD,SYNTHETIC_ML_DATASET,NORMAL,0
MTR,VIB_001,2026-03-01T14:12:00+00:00,0.7310402772299915,mm/s,GOOD,SYNTHETIC_ML_DATASET,NORMAL,0
MTR,HUM_001,2026-03-01T14:13:00+00:00,52.60715577136377,%,GOOD,SYNTHETIC_ML_DATASET,NORMAL,0
MTR,POWER_001,2026-03-01T14:13:00+00:00,31.719556734757823,kW,GOOD,SYNTHETIC_ML_DATASET,NORMAL,0
MTR,PRESS_001,2026-03-01T14:13:00+00:00,988.6614248471927,hPa,GOOD,SYNTHETIC_ML_DATASET,NORMAL,0
MTR,TEMP_001,2026-03-01T14:13:00+00:00,-16.916377913363085,°C,GOOD,SYNTHETIC_ML_DATASET,NORMAL,0
MTR,VIB_001,2026-03-01T14:13:00+00:00,0.7798117803067562,mm/s,GOOD,SYNTHETIC_ML_DATASET,NORMAL,0
MTR,HUM_001,2026-03-01T14:14:00+00:00,51.722986429118556,%,GOOD,SYNTHETIC_ML_DATASET,NORMAL,0
MTR,POWER_001,2026-03-01T14:14:00+00:00,31.66315949711638,kW,GOOD,SYNTHETIC_ML_DATASET,NORMAL,0
MTR,PRESS_001,2026-03-01T14:14:00+00:00,988.724696092962,hPa,GOOD,SYNTHETIC_ML_DATASET,NORMAL,0
MTR,TEMP_001,2026-03-01T14:14:00+00:00,-16.951326274104883,°C,GOOD,SYNTHETIC_ML_DATASET,NORMAL,0
MTR,VIB_001,2026-03-01T14:14:00+00:00,0.7493474704940497,mm/s,GOOD,SYNTHETIC_ML_DATASET,NORMAL,0
MTR,HUM_001,2026-03-01T14:15:00+00:00,51.337789262954644,%,GOOD,SYNTHETIC_ML_DATASET,NORMAL,0
MTR,POWER_001,2026-03-01T14:15:00+00:00,31.972416941161455,kW,GOOD,SYNTHETIC_ML_DATASET,NORMAL,0
MTR,PRESS_001,2026-03-01T14:15:00+00:00,988.6706709904122,hPa,GOOD,SYNTHETIC_ML_DATASET,NORMAL,0
MTR,TEMP_001,2026-03-01T14:15:00+00:00,-17.14832887315402,°C,GOOD,SYNTHETIC_ML_DATASET,NORMAL,0
MTR,VIB_001,2026-03-01T14:15:00+00:00,0.7967374519924586,mm/s,GOOD,SYNTHETIC_ML_DATASET,NORMAL,0
MTR,HUM_001,2026-03-01T14:16:00+00:00,50.92944545675858,%,GOOD,SYNTHETIC_ML_DATASET,NORMAL,0
MTR,POWER_001,2026-03-01T14:16:00+00:00,32.0673567600043,kW,GOOD,SYNTHETIC_ML_DATASET,NORMAL,0
MTR,PRESS_001,2026-03-01T14:16:00+00:00,988.8312119329349,hPa,GOOD,SYNTHETIC_ML_DATASET,NORMAL,0
MTR,TEMP_001,2026-03-01T14:16:00+00:00,-17.076330587504405,°C,GOOD,SYNTHETIC_ML_DATASET,NORMAL,0
MTR,VIB_001,2026-03-01T14:16:00+00:00,0.7502187062731067,mm/s,GOOD,SYNTHETIC_ML_DATASET,NORMAL,0
MTR,HUM_001,2026-03-01T14:17:00+00:00,52.51154886586246,%,GOOD,SYNTHETIC_ML_DATASET,NORMAL,0
MTR,POWER_001,2026-03-01T14:17:00+00:00,32.188331257297044,kW,GOOD,SYNTHETIC_ML_DATASET,NORMAL,0
MTR,PRESS_001,2026-03-01T14:17:00+00:00,988.7950241429057,hPa,GOOD,SYNTHETIC_ML_DATASET,NORMAL,0
MTR,TEMP_001,2026-03-01T14:17:00+00:00,-16.899748666351776,°C,GOOD,SYNTHETIC_ML_DATASET,NORMAL,0
MTR,VIB_001,2026-03-01T14:17:00+00:00,0.7679877999560782,mm/s,GOOD,SYNTHETIC_ML_DATASET,NORMAL,0
MTR,HUM_001,2026-03-01T14:18:00+00:00,50.88721734519715,%,GOOD,SYNTHETIC_ML_DATASET,NORMAL,0
MTR,POWER_001,2026-03-01T14:18:00+00:00,31.601677164493957,kW,GOOD,SYNTHETIC_ML_DATASET,NORMAL,0
MTR,PRESS_001,2026-03-01T14:18:00+00:00,988.8053576679644,hPa,GOOD,SYNTHETIC_ML_DATASET,NORMAL,0
MTR,TEMP_001,2026-03-01T14:18:00+00:00,-17.21629860843995,°C,GOOD,SYNTHETIC_ML_DATASET,NORMAL,0
MTR,VIB_001,2026-03-01T14:18:00+00:00,0.7867272168733469,mm/s,GOOD,SYNTHETIC_ML_DATASET,NORMAL,0
MTR,HUM_001,2026-03-01T14:19:00+00:00,51.11424409187752,%,GOOD,SYNTHETIC_ML_DATASET,NORMAL,0
MTR,POWER_001,2026-03-01T14:19:00+00:00,32.002665865705616,kW,GOOD,SYNTHETIC_ML_DATASET,NORMAL,0
MTR,PRESS_001,2026-03-01T14:19:00+00:00,988.9258366707604,hPa,GOOD,SYNTHETIC_ML_DATASET,NORMAL,0
MTR,TEMP_001,2026-03-01T14:19:00+00:00,-17.428877570194015,°C,GOOD,SYNTHETIC_ML_DATASET,NORMAL,0
MTR,VIB_001,2026-03-01T14:19:00+00:00,0.8122717234198045,mm/s,GOOD,SYNTHETIC_ML_DATASET,NORMAL,0
MTR,HUM_001,2026-03-01T14:20:00+00:00,51.13756033228784,%,GOOD,SYNTHETIC_ML_DATASET,NORMAL,0
MTR,POWER_001,2026-03-01T14:20:00+00:00,31.152391775345013,kW,GOOD,SYNTHETIC_ML_DATASET,NORMAL,0
MTR,PRESS_001,2026-03-01T14:20:00+00:00,988.8842241466141,hPa,GOOD,SYNTHETIC_ML_DATASET,NORMAL,0
MTR,TEMP_001,2026-03-01T14:20:00+00:00,-17.267130090567555,°C,GOOD,SYNTHETIC_ML_DATASET,NORMAL,0
MTR,VIB_001,2026-03-01T14:20:00+00:00,0.7784913390105278,mm/s,GOOD,SYNTHETIC_ML_DATASET,NORMAL,0
MTR,HUM_001,2026-03-01T14:21:00+00:00,50.940444944590546,%,GOOD,SYNTHETIC_ML_DATASET,NORMAL,0
MTR,POWER_001,2026-03-01T14:21:00+00:00,31.070841112653547,kW,GOOD,SYNTHETIC_ML_DATASET,NORMAL,0
MTR,PRESS_001,2026-03-01T14:21:00+00:00,988.9302822257982,hPa,GOOD,SYNTHETIC_ML_DATASET,NORMAL,0
MTR,TEMP_001,2026-03-01T14:21:00+00:00,-17.677053906923213,°C,GOOD,SYNTHETIC_ML_DATASET,NORMAL,0
MTR,VIB_001,2026-03-01T14:21:00+00:00,0.7828683349652862,mm/s,GOOD,SYNTHETIC_ML_DATASET,NORMAL,0
MTR,HUM_001,2026-03-01T14:22:00+00:00,51.10895997996337,%,GOOD,SYNTHETIC_ML_DATASET,NORMAL,0
MTR,POWER_001,2026-03-01T14:22:00+00:00,31.1531693880927,kW,GOOD,SYNTHETIC_ML_DATASET,NORMAL,0
MTR,PRESS_001,2026-03-01T14:22:00+00:00,988.8525833903544,hPa,GOOD,SYNTHETIC_ML_DATASET,NORMAL,0
MTR,TEMP_001,2026-03-01T14:22:00+00:00,-17.352068634832843,°C,GOOD,SYNTHETIC_ML_DATASET,NORMAL,0
MTR,VIB_001,2026-03-01T14:22:00+00:00,0.7727326163052914,mm/s,GOOD,SYNTHETIC_ML_DATASET,NORMAL,0
MTR,HUM_001,2026-03-01T14:23:00+00:00,50.60292730464724,%,GOOD,SYNTHETIC_ML_DATASET,NORMAL,0
MTR,POWER_001,2026-03-01T14:23:00+00:00,31.917160664497622,kW,GOOD,SYNTHETIC_ML_DATASET,NORMAL,0
MTR,PRESS_001,2026-03-01T14:23:00+00:00,988.7814388785456,hPa,GOOD,SYNTHETIC_ML_DATASET,NORMAL,0
MTR,TEMP_001,2026-03-01T14:23:00+00:00,-17.416710396836923,°C,GOOD,SYNTHETIC_ML_DATASET,NORMAL,0
MTR,VIB_001,2026-03-01T14:23:00+00:00,0.8200672633486064,mm/s,GOOD,SYNTHETIC_ML_DATASET,NORMAL,0
MTR,HUM_001,2026-03-01T14:24:00+00:00,50.78980523763274,%,GOOD,SYNTHETIC_ML_DATASET,NORMAL,0
MTR,POWER_001,2026-03-01T14:24:00+00:00,30.831546041659188,kW,GOOD,SYNTHETIC_ML_DATASET,NORMAL,0
MTR,PRESS_001,2026-03-01T14:24:00+00:00,988.7655558791885,hPa,GOOD,SYNTHETIC_ML_DATASET,NORMAL,0
MTR,TEMP_001,2026-03-01T14:24:00+00:00,-17.6061355823,°C,GOOD,SYNTHETIC_ML_DATASET,NORMAL,0
MTR,VIB_001,2026-03-01T14:24:00+00:00,0.7871716528652704,mm/s,GOOD,SYNTHETIC_ML_DATASET,NORMAL,0
MTR,HUM_001,2026-03-01T14:25:00+00:00,51.16987051742209,%,GOOD,SYNTHETIC_ML_DATASET,NORMAL,0
MTR,POWER_001,2026-03-01T14:25:00+00:00,31.18452522411347,kW,GOOD,SYNTHETIC_ML_DATASET,NORMAL,0
MTR,PRESS_001,2026-03-01T14:25:00+00:00,988.6126007349017,hPa,GOOD,SYNTHETIC_ML_DATASET,NORMAL,0
MTR,TEMP_001,2026-03-01T14:25:00+00:00,-17.559058174571543,°C,GOOD,SYNTHETIC_ML_DATASET,NORMAL,0
MTR,VIB_001,2026-03-01T14:25:00+00:00,0.7686768210051255,mm/s,GOOD,SYNTHETIC_ML_DATASET,NORMAL,0
MTR,HUM_001,2026-03-01T14:26:00+00:00,51.13115025035702,%,GOOD,SYNTHETIC_ML_DATASET,NORMAL,0
MTR,POWER_001,2026-03-01T14:26:00+00:00,30.837997821939954,kW,GOOD,SYNTHETIC_ML_DATASET,NORMAL,0
MTR,PRESS_001,2026-03-01T14:26:00+00:00,988.7148610216254,hPa,GOOD,SYNTHETIC_ML_DATASET,NORMAL,0
MTR,TEMP_001,2026-03-01T14:26:00+00:00,-17.760870483345055,°C,GOOD,SYNTHETIC_ML_DATASET,NORMAL,0
MTR,VIB_001,2026-03-01T14:26:00+00:00,0.7622638186472871,mm/s,GOOD,SYNTHETIC_ML_DATASET,NORMAL,0
MTR,HUM_001,2026-03-01T14:27:00+00:00,50.82004741095934,%,GOOD,SYNTHETIC_ML_DATASET,NORMAL,0
MTR,POWER_001,2026-03-01T14:27:00+00:00,31.03181782144534,kW,GOOD,SYNTHETIC_ML_DATASET,NORMAL,0
MTR,PRESS_001,2026-03-01T14:27:00+00:00,989.0218051933875,hPa,GOOD,SYNTHETIC_ML_DATASET,NORMAL,0
MTR,TEMP_001,2026-03-01T14:27:00+00:00,-17.690055126787044,°C,GOOD,SYNTHETIC_ML_DATASET,NORMAL,0
MTR,VIB_001,2026-03-01T14:27:00+00:00,0.7477125455697687,mm/s,GOOD,SYNTHETIC_ML_DATASET,NORMAL,0
MTR,HUM_001,2026-03-01T14:28:00+00:00,50.83237493739437,%,GOOD,SYNTHETIC_ML_DATASET,NORMAL,0
MTR,POWER_001,2026-03-01T14:28:00+00:00,31.91123078326646,kW,GOOD,SYNTHETIC_ML_DATASET,NORMAL,0
MTR,PRESS_001,2026-03-01T14:28:00+00:00,988.7925199233074,hPa,GOOD,SYNTHETIC_ML_DATASET,NORMAL,0
MTR,TEMP_001,2026-03-01T14:28:00+00:00,-17.906278479450815,°C,GOOD,SYNTHETIC_ML_DATASET,NORMAL,0
MTR,VIB_001,2026-03-01T14:28:00+00:00,0.7519998348451347,mm/s,GOOD,SYNTHETIC_ML_DATASET,NORMAL,0
MTR,HUM_001,2026-03-01T14:29:00+00:00,51.8611541504603,%,GOOD,SYNTHETIC_ML_DATASET,NORMAL,0
MTR,POWER_001,2026-03-01T14:29:00+00:00,30.6443759911288,kW,GOOD,SYNTHETIC_ML_DATASET,NORMAL,0
MTR,PRESS_001,2026-03-01T14:29:00+00:00,988.9760667576608,hPa,GOOD,SYNTHETIC_ML_DATASET,NORMAL,0
MTR,TEMP_001,2026-03-01T14:29:00+00:00,-17.835762571076934,°C,GOOD,SYNTHETIC_ML_DATASET,NORMAL,0
MTR,VIB_001,2026-03-01T14:29:00+00:00,0.7422757776651887,mm/s,GOOD,SYNTHETIC_ML_DATASET,NORMAL,0
MTR,HUM_001,2026-03-01T14:30:00+00:00,52.67121347475425,%,GOOD,SYNTHETIC_ML_DATASET,NORMAL,0
MTR,POWER_001,2026-03-01T14:30:00+00:00,31.311618741445955,kW,GOOD,SYNTHETIC_ML_DATASET,NORMAL,0
MTR,PRESS_001,2026-03-01T14:30:00+00:00,988.7609567364141,hPa,GOOD,SYNTHETIC_ML_DATASET,NORMAL,0
MTR,TEMP_001,2026-03-01T14:30:00+00:00,-17.729149549833643,°C,GOOD,SYNTHETIC_ML_DATASET,NORMAL,0
MTR,VIB_001,2026-03-01T14:30:00+00:00,0.7275780791367437,mm/s,GOOD,SYNTHETIC_ML_DATASET,NORMAL,0
MTR,HUM_001,2026-03-01T14:31:00+00:00,51.91808753114242,%,GOOD,SYNTHETIC_ML_DATASET,NORMAL,0
MTR,POWER_001,2026-03-01T14:31:00+00:00,31.04945726414905,kW,GOOD,SYNTHETIC_ML_DATASET,NORMAL,0
MTR,PRESS_001,2026-03-01T14:31:00+00:00,988.7200934673441,hPa,GOOD,SYNTHETIC_ML_DATASET,NORMAL,0
MTR,TEMP_001,2026-03-01T14:31:00+00:00,-18.039726358694548,°C,GOOD,SYNTHETIC_ML_DATASET,NORMAL,0
MTR,VIB_001,2026-03-01T14:31:00+00:00,0.7316975197908939,mm/s,GOOD,SYNTHETIC_ML_DATASET,NORMAL,0
MTR,HUM_001,2026-03-01T14:32:00+00:00,51.44284090682135,%,GOOD,SYNTHETIC_ML_DATASET,NORMAL,0
MTR,POWER_001,2026-03-01T14:32:00+00:00,31.513355554462226,kW,GOOD,SYNTHETIC_ML_DATASET,NORMAL,0
MTR,PRESS_001,2026-03-01T14:32:00+00:00,988.6699595616516,hPa,GOOD,SYNTHETIC_ML_DATASET,NORMAL,0
MTR,TEMP_001,2026-03-01T14:32:00+00:00,-17.983615775321557,°C,GOOD,SYNTHETIC_ML_DATASET,NORMAL,0
MTR,VIB_001,2026-03-01T14:32:00+00:00,0.733968267602927,mm/s,GOOD,SYNTHETIC_ML_DATASET,NORMAL,0
MTR,HUM_001,2026-03-01T14:33:00+00:00,51.41900409383872,%,GOOD,SYNTHETIC_ML_DATASET,NORMAL,0
MTR,POWER_001,2026-03-01T14:33:00+00:00,31.01251279692866,kW,GOOD,SYNTHETIC_ML_DATASET,NORMAL,0
MTR,PRESS_001,2026-03-01T14:33:00+00:00,988.6237592712458,hPa,GOOD,SYNTHETIC_ML_DATASET,NORMAL,0
MTR,TEMP_001,2026-03-01T14:33:00+00:00,-18.068756973745977,°C,GOOD,SYNTHETIC_ML_DATASET,NORMAL,0
MTR,VIB_001,2026-03-01T14:33:00+00:00,0.7461934486442253,mm/s,GOOD,SYNTHETIC_ML_DATASET,NORMAL,0
MTR,HUM_001,2026-03-01T14:34:00+00:00,50.66962395776387,%,GOOD,SYNTHETIC_ML_DATASET,NORMAL,0
MTR,POWER_001,2026-03-01T14:34:00+00:00,30.964955203745372,kW,GOOD,SYNTHETIC_ML_DATASET,NORMAL,0
MTR,PRESS_001,2026-03-01T14:34:00+00:00,988.5295728560257,hPa,GOOD,SYNTHETIC_ML_DATASET,NORMAL,0
MTR,TEMP_001,2026-03-01T14:34:00+00:00,-18.24675089531981,°C,GOOD,SYNTHETIC_ML_DATASET,NORMAL,0
MTR,VIB_001,2026-03-01T14:34:00+00:00,0.7727038445225978,mm/s,GOOD,SYNTHETIC_ML_DATASET,NORMAL,0
MTR,HUM_001,2026-03-01T14:35:00+00:00,51.5353584420094,%,GOOD,SYNTHETIC_ML_DATASET,NORMAL,0
MTR,POWER_001,2026-03-01T14:35:00+00:00,31.030175185262795,kW,GOOD,SYNTHETIC_ML_DATASET,NORMAL,0
MTR,PRESS_001,2026-03-01T14:35:00+00:00,988.6556655870108,hPa,GOOD,SYNTHETIC_ML_DATASET,NORMAL,0
MTR,TEMP_001,2026-03-01T14:35:00+00:00,-18.549125421742126,°C,GOOD,SYNTHETIC_ML_DATASET,NORMAL,0
MTR,VIB_001,2026-03-01T14:35:00+00:00,0.7567714048990974,mm/s,GOOD,SYNTHETIC_ML_DATASET,NORMAL,0
MTR,HUM_001,2026-03-01T14:36:00+00:00,51.4612067406251,%,GOOD,SYNTHETIC_ML_DATASET,NORMAL,0
MTR,POWER_001,2026-03-01T14:36:00+00:00,30.761577623659274,kW,GOOD,SYNTHETIC_ML_DATASET,NORMAL,0
MTR,PRESS_001,2026-03-01T14:36:00+00:00,988.6173294851711,hPa,GOOD,SYNTHETIC_ML_DATASET,NORMAL,0
MTR,TEMP_001,2026-03-01T14:36:00+00:00,-18.188407695148737,°C,GOOD,SYNTHETIC_ML_DATASET,NORMAL,0
MTR,VIB_001,2026-03-01T14:36:00+00:00,0.7571184055273146,mm/s,GOOD,SYNTHETIC_ML_DATASET,NORMAL,0
MTR,HUM_001,2026-03-01T14:37:00+00:00,50.21782734147319,%,GOOD,SYNTHETIC_ML_DATASET,NORMAL,0
MTR,POWER_001,2026-03-01T14:37:00+00:00,29.956075977628633,kW,GOOD,SYNTHETIC_ML_DATASET,NORMAL,0
MTR,PRESS_001,2026-03-01T14:37:00+00:00,988.8034332717871,hPa,GOOD,SYNTHETIC_ML_DATASET,NORMAL,0
MTR,TEMP_001,2026-03-01T14:37:00+00:00,-18.055877027033972,°C,GOOD,SYNTHETIC_ML_DATASET,NORMAL,0
MTR,VIB_001,2026-03-01T14:37:00+00:00,0.7543613978498686,mm/s,GOOD,SYNTHETIC_ML_DATASET,NORMAL,0
MTR,HUM_001,2026-03-01T14:38:00+00:00,49.856493922826395,%,GOOD,SYNTHETIC_ML_DATASET,NORMAL,0
MTR,POWER_001,2026-03-01T14:38:00+00:00,30.503376764804806,kW,GOOD,SYNTHETIC_ML_DATASET,NORMAL,0
MTR,PRESS_001,2026-03-01T14:38:00+00:00,988.7495434514865,hPa,GOOD,SYNTHETIC_ML_DATASET,NORMAL,0
MTR,TEMP_001,2026-03-01T14:38:00+00:00,-18.116414151312878,°C,GOOD,SYNTHETIC_ML_DATASET,NORMAL,0
MTR,VIB_001,2026-03-01T14:38:00+00:00,0.7634792608751553,mm/s,GOOD,SYNTHETIC_ML_DATASET,NORMAL,0
MTR,HUM_001,2026-03-01T14:39:00+00:00,50.85705373743331,%,GOOD,SYNTHETIC_ML_DATASET,NORMAL,0
MTR,POWER_001,2026-03-01T14:39:00+00:00,30.206451614599025,kW,GOOD,SYNTHETIC_ML_DATASET,NORMAL,0
MTR,PRESS_001,2026-03-01T14:39:00+00:00,988.5612751842035,hPa,GOOD,SYNTHETIC_ML_DATASET,NORMAL,0
MTR,TEMP_001,2026-03-01T14:39:00+00:00,-18.543333501723136,°C,GOOD,SYNTHETIC_ML_DATASET,NORMAL,0
MTR,VIB_001,2026-03-01T14:39:00+00:00,0.7543422840075181,mm/s,GOOD,SYNTHETIC_ML_DATASET,NORMAL,0
MTR,HUM_001,2026-03-01T14:40:00+00:00,50.398348457752945,%,GOOD,SYNTHETIC_ML_DATASET,NORMAL,0
MTR,POWER_001,2026-03-01T14:40:00+00:00,30.27422456572337,kW,GOOD,SYNTHETIC_ML_DATASET,NORMAL,0
MTR,PRESS_001,2026-03-01T14:40:00+00:00,988.648463692433,hPa,GOOD,SYNTHETIC_ML_DATASET,NORMAL,0
MTR,TEMP_001,2026-03-01T14:40:00+00:00,-18.189637643126243,°C,GOOD,SYNTHETIC_ML_DATASET,NORMAL,0
MTR,VIB_001,2026-03-01T14:40:00+00:00,0.7553417448536738,mm/s,GOOD,SYNTHETIC_ML_DATASET,NORMAL,0
MTR,HUM_001,2026-03-01T14:41:00+00:00,50.49813139619246,%,GOOD,SYNTHETIC_ML_DATASET,NORMAL,0
MTR,POWER_001,2026-03-01T14:41:00+00:00,30.331660801594392,kW,GOOD,SYNTHETIC_ML_DATASET,NORMAL,0
MTR,PRESS_001,2026-03-01T14:41:00+00:00,988.5922023569613,hPa,GOOD,SYNTHETIC_ML_DATASET,NORMAL,0
MTR,TEMP_001,2026-03-01T14:41:00+00:00,-17.9982234890514,°C,GOOD,SYNTHETIC_ML_DATASET,NORMAL,0
MTR,VIB_001,2026-03-01T14:41:00+00:00,0.7606147285022474,mm/s,GOOD,SYNTHETIC_ML_DATASET,NORMAL,0
MTR,HUM_001,2026-03-01T14:42:00+00:00,50.47611735579399,%,GOOD,SYNTHETIC_ML_DATASET,NORMAL,0
MTR,POWER_001,2026-03-01T14:42:00+00:00,31.39128631933873,kW,GOOD,SYNTHETIC_ML_DATASET,NORMAL,0
MTR,PRESS_001,2026-03-01T14:42:00+00:00,988.6658259589647,hPa,GOOD,SYNTHETIC_ML_DATASET,NORMAL,0
MTR,TEMP_001,2026-03-01T14:42:00+00:00,-18.373527945940626,°C,GOOD,SYNTHETIC_ML_DATASET,NORMAL,0
MTR,VIB_001,2026-03-01T14:42:00+00:00,0.7604171258184977,mm/s,GOOD,SYNTHETIC_ML_DATASET,NORMAL,0
MTR,HUM_001,2026-03-01T14:43:00+00:00,50.58257533492979,%,GOOD,SYNTHETIC_ML_DATASET,NORMAL,0
MTR,POWER_001,2026-03-01T14:43:00+00:00,31.696892225184513,kW,GOOD,SYNTHETIC_ML_DATASET,NORMAL,0
MTR,PRESS_001,2026-03-01T14:43:00+00:00,988.6411750365947,hPa,GOOD,SYNTHETIC_ML_DATASET,NORMAL,0
MTR,TEMP_001,2026-03-01T14:43:00+00:00,-18.409645459800853,°C,GOOD,SYNTHETIC_ML_DATASET,NORMAL,0
MTR,VIB_001,2026-03-01T14:43:00+00:00,0.7646499986484774,mm/s,GOOD,SYNTHETIC_ML_DATASET,NORMAL,0
MTR,HUM_001,2026-03-01T14:44:00+00:00,50.54235722978382,%,GOOD,SYNTHETIC_ML_DATASET,NORMAL,0
MTR,POWER_001,2026-03-01T14:44:00+00:00,31.152343606431376,kW,GOOD,SYNTHETIC_ML_DATASET,NORMAL,0
MTR,PRESS_001,2026-03-01T14:44:00+00:00,988.7160884741133,hPa,GOOD,SYNTHETIC_ML_DATASET,NORMAL,0
MTR,TEMP_001,2026-03-01T14:44:00+00:00,-18.80748844109213,°C,GOOD,SYNTHETIC_ML_DATASET,NORMAL,0
MTR,VIB_001,2026-03-01T14:44:00+00:00,0.7545205731397573,mm/s,GOOD,SYNTHETIC_ML_DATASET,NORMAL,0
MTR,HUM_001,2026-03-01T14:45:00+00:00,50.46915360627664,%,GOOD,SYNTHETIC_ML_DATASET,NORMAL,0
MTR,POWER_001,2026-03-01T14:45:00+00:00,31.367773984118557,kW,GOOD,SYNTHETIC_ML_DATASET,NORMAL,0
MTR,PRESS_001,2026-03-01T14:45:00+00:00,988.7883512969458,hPa,GOOD,SYNTHETIC_ML_DATASET,NORMAL,0
MTR,TEMP_001,2026-03-01T14:45:00+00:00,-18.45255234323235,°C,GOOD,SYNTHETIC_ML_DATASET,NORMAL,0
MTR,VIB_001,2026-03-01T14:45:00+00:00,0.7397007057662889,mm/s,GOOD,SYNTHETIC_ML_DATASET,NORMAL,0
MTR,HUM_001,2026-03-01T14:46:00+00:00,49.2742772000667,%,GOOD,SYNTHETIC_ML_DATASET,NORMAL,0
MTR,POWER_001,2026-03-01T14:46:00+00:00,29.937709983064117,kW,GOOD,SYNTHETIC_ML_DATASET,NORMAL,0
MTR,PRESS_001,2026-03-01T14:46:00+00:00,988.6948174327822,hPa,GOOD,SYNTHETIC_ML_DATASET,NORMAL,0
MTR,TEMP_001,2026-03-01T14:46:00+00:00,-18.510609405231147,°C,GOOD,SYNTHETIC_ML_DATASET,NORMAL,0
MTR,VIB_001,2026-03-01T14:46:00+00:00,0.7752863834413024,mm/s,GOOD,SYNTHETIC_ML_DATASET,NORMAL,0
MTR,HUM_001,2026-03-01T14:47:00+00:00,50.3396348418253,%,GOOD,SYNTHETIC_ML_DATASET,NORMAL,0
MTR,POWER_001,2026-03-01T14:47:00+00:00,31.04612297455397,kW,GOOD,SYNTHETIC_ML_DATASET,NORMAL,0
MTR,PRESS_001,2026-03-01T14:47:00+00:00,988.7811544055589,hPa,GOOD,SYNTHETIC_ML_DATASET,NORMAL,0
MTR,TEMP_001,2026-03-01T14:47:00+00:00,-18.375513852537505,°C,GOOD,SYNTHETIC_ML_DATASET,NORMAL,0
MTR,VIB_001,2026-03-01T14:47:00+00:00,0.7825602300975322,mm/s,GOOD,SYNTHETIC_ML_DATASET,NORMAL,0
MTR,HUM_001,2026-03-01T14:48:00+00:00,49.94985971043304,%,GOOD,SYNTHETIC_ML_DATASET,NORMAL,0
MTR,POWER_001,2026-03-01T14:48:00+00:00,31.34663907983523,kW,GOOD,SYNTHETIC_ML_DATASET,NORMAL,0
MTR,PRESS_001,2026-03-01T14:48:00+00:00,988.8058678183261,hPa,GOOD,SYNTHETIC_ML_DATASET,NORMAL,0
MTR,TEMP_001,2026-03-01T14:48:00+00:00,-18.865538170168655,°C,GOOD,SYNTHETIC_ML_DATASET,NORMAL,0
MTR,VIB_001,2026-03-01T14:48:00+00:00,0.7591295323066146,mm/s,GOOD,SYNTHETIC_ML_DATASET,NORMAL,0
MTR,HUM_001,2026-03-01T14:49:00+00:00,48.84383146867947,%,GOOD,SYNTHETIC_ML_DATASET,NORMAL,0
MTR,POWER_001,2026-03-01T14:49:00+00:00,30.790292999787752,kW,GOOD,SYNTHETIC_ML_DATASET,NORMAL,0
MTR,PRESS_001,2026-03-01T14:49:00+00:00,988.6919096154448,hPa,GOOD,SYNTHETIC_ML_DATASET,NORMAL,0
MTR,TEMP_001,2026-03-01T14:49:00+00:00,-18.727088533714415,°C,GOOD,SYNTHETIC_ML_DATASET,NORMAL,0
MTR,VIB_001,2026-03-01T14:49:00+00:00,0.7130365910864794,mm/s,GOOD,SYNTHETIC_ML_DATASET,NORMAL,0
MTR,HUM_001,2026-03-01T14:50:00+00:00,49.30296687897759,%,GOOD,SYNTHETIC_ML_DATASET,NORMAL,0
MTR,POWER_001,2026-03-01T14:50:00+00:00,31.40973274325929,kW,GOOD,SYNTHETIC_ML_DATASET,NORMAL,0
MTR,PRESS_001,2026-03-01T14:50:00+00:00,988.5306852087314,hPa,GOOD,SYNTHETIC_ML_DATASET,NORMAL,0
MTR,TEMP_001,2026-03-01T14:50:00+00:00,-18.724702288162604,°C,GOOD,SYNTHETIC_ML_DATASET,NORMAL,0
MTR,VIB_001,2026-03-01T14:50:00+00:00,0.7026560128539314,mm/s,GOOD,SYNTHETIC_ML_DATASET,NORMAL,0
MTR,HUM_001,2026-03-01T14:51:00+00:00,49.37313010548592,%,GOOD,SYNTHETIC_ML_DATASET,NORMAL,0
MTR,POWER_001,2026-03-01T14:51:00+00:00,31.00758181911,kW,GOOD,SYNTHETIC_ML_DATASET,NORMAL,0
MTR,PRESS_001,2026-03-01T14:51:00+00:00,988.45129281064,hPa,GOOD,SYNTHETIC_ML_DATASET,NORMAL,0
MTR,TEMP_001,2026-03-01T14:51:00+00:00,-19.01376496982669,°C,GOOD,SYNTHETIC_ML_DATASET,NORMAL,0
MTR,VIB_001,2026-03-01T14:51:00+00:00,0.7530955265720175,mm/s,GOOD,SYNTHETIC_ML_DATASET,NORMAL,0
MTR,HUM_001,2026-03-01T14:52:00+00:00,49.24493708216162,%,GOOD,SYNTHETIC_ML_DATASET,NORMAL,0
MTR,POWER_001,2026-03-01T14:52:00+00:00,30.87147051225764,kW,GOOD,SYNTHETIC_ML_DATASET,NORMAL,0
MTR,PRESS_001,2026-03-01T14:52:00+00:00,988.571155098952,hPa,GOOD,SYNTHETIC_ML_DATASET,NORMAL,0
MTR,TEMP_001,2026-03-01T14:52:00+00:00,-19.083719644066463,°C,GOOD,SYNTHETIC_ML_DATASET,NORMAL,0
MTR,VIB_001,2026-03-01T14:52:00+00:00,0.7609207503430366,mm/s,GOOD,SYNTHETIC_ML_DATASET,NORMAL,0
MTR,HUM_001,2026-03-01T14:53:00+00:00,47.55326943674899,%,GOOD,SYNTHETIC_ML_DATASET,NORMAL,0
MTR,POWER_001,2026-03-01T14:53:00+00:00,31.314800204935782,kW,GOOD,SYNTHETIC_ML_DATASET,NORMAL,0
MTR,PRESS_001,2026-03-01T14:53:00+00:00,988.4687775707197,hPa,GOOD,SYNTHETIC_ML_DATASET,NORMAL,0
MTR,TEMP_001,2026-03-01T14:53:00+00:00,-19.20272128026573,°C,GOOD,SYNTHETIC_ML_DATASET,NORMAL,0
MTR,VIB_001,2026-03-01T14:53:00+00:00,0.74156863515514,mm/s,GOOD,SYNTHETIC_ML_DATASET,NORMAL,0
MTR,HUM_001,2026-03-01T14:54:00+00:00,47.565191511750854,%,GOOD,SYNTHETIC_ML_DATASET,NORMAL,0
MTR,POWER_001,2026-03-01T14:54:00+00:00,31.47050525471294,kW,GOOD,SYNTHETIC_ML_DATASET,NORMAL,0
MTR,PRESS_001,2026-03-01T14:54:00+00:00,988.6298484919524,hPa,GOOD,SYNTHETIC_ML_DATASET,NORMAL,0
MTR,TEMP_001,2026-03-01T14:54:00+00:00,-18.95029703973953,°C,GOOD,SYNTHETIC_ML_DATASET,NORMAL,0
MTR,VIB_001,2026-03-01T14:54:00+00:00,0.7497374503100255,mm/s,GOOD,SYNTHETIC_ML_DATASET,NORMAL,0
MTR,HUM_001,2026-03-01T14:55:00+00:00,47.81536940709294,%,GOOD,SYNTHETIC_ML_DATASET,NORMAL,0
MTR,POWER_001,2026-03-01T14:55:00+00:00,30.598381097079457,kW,GOOD,SYNTHETIC_ML_DATASET,NORMAL,0
MTR,PRESS_001,2026-03-01T14:55:00+00:00,988.6515490256381,hPa,GOOD,SYNTHETIC_ML_DATASET,NORMAL,0
MTR,TEMP_001,2026-03-01T14:55:00+00:00,-18.87318403215961,°C,GOOD,SYNTHETIC_ML_DATASET,NORMAL,0
MTR,VIB_001,2026-03-01T14:55:00+00:00,0.7292435500585166,mm/s,GOOD,SYNTHETIC_ML_DATASET,NORMAL,0
MTR,HUM_001,2026-03-01T14:56:00+00:00,47.50941969372751,%,GOOD,SYNTHETIC_ML_DATASET,NORMAL,0
MTR,POWER_001,2026-03-01T14:56:00+00:00,30.55066748427516,kW,GOOD,SYNTHETIC_ML_DATASET,NORMAL,0
MTR,PRESS_001,2026-03-01T14:56:00+00:00,988.5432016314013,hPa,GOOD,SYNTHETIC_ML_DATASET,NORMAL,0
MTR,TEMP_001,2026-03-01T14:56:00+00:00,-19.062109125877363,°C,GOOD,SYNTHETIC_ML_DATASET,NORMAL,0
MTR,VIB_001,2026-03-01T14:56:00+00:00,0.7571433753903402,mm/s,GOOD,SYNTHETIC_ML_DATASET,NORMAL,0
MTR,HUM_001,2026-03-01T14:57:00+00:00,47.60519987715346,%,GOOD,SYNTHETIC_ML_DATASET,NORMAL,0
MTR,POWER_001,2026-03-01T14:57:00+00:00,31.278055554819563,kW,GOOD,SYNTHETIC_ML_DATASET,NORMAL,0
MTR,PRESS_001,2026-03-01T14:57:00+00:00,988.7894182001866,hPa,GOOD,SYNTHETIC_ML_DATASET,NORMAL,0
MTR,TEMP_001,2026-03-01T14:57:00+00:00,-18.851385194872286,°C,GOOD,SYNTHETIC_ML_DATASET,NORMAL,0
MTR,VIB_001,2026-03-01T14:57:00+00:00,0.6954049608787183,mm/s,GOOD,SYNTHETIC_ML_DATASET,NORMAL,0
MTR,HUM_001,2026-03-01T14:58:00+00:00,47.80592383132485,%,GOOD,SYNTHETIC_ML_DATASET,NORMAL,0
MTR,POWER_001,2026-03-01T14:58:00+00:00,31.613045000852154,kW,GOOD,SYNTHETIC_ML_DATASET,NORMAL,0
MTR,PRESS_001,2026-03-01T14:58:00+00:00,988.416608306098,hPa,GOOD,SYNTHETIC_ML_DATASET,NORMAL,0
MTR,TEMP_001,2026-03-01T14:58:00+00:00,-18.913918461445064,°C,GOOD,SYNTHETIC_ML_DATASET,NORMAL,0
MTR,VIB_001,2026-03-01T14:58:00+00:00,0.7254043383768525,mm/s,GOOD,SYNTHETIC_ML_DATASET,NORMAL,0
MTR,HUM_001,2026-03-01T14:59:00+00:00,48.24801943850147,%,GOOD,SYNTHETIC_ML_DATASET,NORMAL,0
MTR,POWER_001,2026-03-01T14:59:00+00:00,31.55495327820261,kW,GOOD,SYNTHETIC_ML_DATASET,NORMAL,0
MTR,PRESS_001,2026-03-01T14:59:00+00:00,988.5285991208823,hPa,GOOD,SYNTHETIC_ML_DATASET,NORMAL,0
MTR,TEMP_001,2026-03-01T14:59:00+00:00,-19.13811989900425,°C,GOOD,SYNTHETIC_ML_DATASET,NORMAL,0
MTR,VIB_001,2026-03-01T14:59:00+00:00,0.75416966283867,mm/s,GOOD,SYNTHETIC_ML_DATASET,NORMAL,0
MTR,HUM_001,2026-03-01T15:00:00+00:00,47.545751914460375,%,GOOD,SYNTHETIC_ML_DATASET,NORMAL,0
MTR,POWER_001,2026-03-01T15:00:00+00:00,31.76555275450362,kW,GOOD,SYNTHETIC_ML_DATASET,NORMAL,0
MTR,PRESS_001,2026-03-01T15:00:00+00:00,988.4139589950834,hPa,GOOD,SYNTHETIC_ML_DATASET,NORMAL,0
MTR,TEMP_001,2026-03-01T15:00:00+00:00,-19.008103445560142,°C,GOOD,SYNTHETIC_ML_DATASET,NORMAL,0
MTR,VIB_001,2026-03-01T15:00:00+00:00,0.7761405395944483,mm/s,GOOD,SYNTHETIC_ML_DATASET,NORMAL,0
MTR,HUM_001,2026-03-01T15:01:00+00:00,47.38342454592374,%,GOOD,SYNTHETIC_ML_DATASET,NORMAL,0
MTR,POWER_001,2026-03-01T15:01:00+00:00,32.18075936158091,kW,GOOD,SYNTHETIC_ML_DATASET,NORMAL,0
MTR,PRESS_001,2026-03-01T15:01:00+00:00,988.5306143139993,hPa,GOOD,SYNTHETIC_ML_DATASET,NORMAL,0
MTR,TEMP_001,2026-03-01T15:01:00+00:00,-18.754344824543235,°C,GOOD,SYNTHETIC_ML_DATASET,NORMAL,0
MTR,VIB_001,2026-03-01T15:01:00+00:00,0.7407545226317591,mm/s,GOOD,SYNTHETIC_ML_DATASET,NORMAL,0
MTR,HUM_001,2026-03-01T15:02:00+00:00,48.220995753734314,%,GOOD,SYNTHETIC_ML_DATASET,NORMAL,0
MTR,POWER_001,2026-03-01T15:02:00+00:00,31.083412301359314,kW,GOOD,SYNTHETIC_ML_DATASET,NORMAL,0
MTR,PRESS_001,2026-03-01T15:02:00+00:00,988.5999541003199,hPa,GOOD,SYNTHETIC_ML_DATASET,NORMAL,0
MTR,TEMP_001,2026-03-01T15:02:00+00:00,-18.819818751981124,°C,GOOD,SYNTHETIC_ML_DATASET,NORMAL,0
MTR,VIB_001,2026-03-01T15:02:00+00:00,0.7470299860417453,mm/s,GOOD,SYNTHETIC_ML_DATASET,NORMAL,0
MTR,HUM_001,2026-03-01T15:03:00+00:00,47.82075353294231,%,GOOD,SYNTHETIC_ML_DATASET,NORMAL,0
MTR,POWER_001,2026-03-01T15:03:00+00:00,30.180967415973587,kW,GOOD,SYNTHETIC_ML_DATASET,NORMAL,0
MTR,PRESS_001,2026-03-01T15:03:00+00:00,988.5325448551476,hPa,GOOD,SYNTHETIC_ML_DATASET,NORMAL,0
MTR,TEMP_001,2026-03-01T15:03:00+00:00,-18.75273012231662,°C,GOOD,SYNTHETIC_ML_DATASET,NORMAL,0
MTR,VIB_001,2026-03-01T15:03:00+00:00,0.7461484610865031,mm/s,GOOD,SYNTHETIC_ML_DATASET,NORMAL,0
MTR,HUM_001,2026-03-01T15:04:00+00:00,46.966478671991226,%,GOOD,SYNTHETIC_ML_DATASET,NORMAL,0
MTR,POWER_001,2026-03-01T15:04:00+00:00,30.6880874912062,kW,GOOD,SYNTHETIC_ML_DATASET,NORMAL,0
MTR,PRESS_001,2026-03-01T15:04:00+00:00,988.6358394674411,hPa,GOOD,SYNTHETIC_ML_DATASET,NORMAL,0
MTR,TEMP_001,2026-03-01T15:04:00+00:00,-18.702051747741784,°C,GOOD,SYNTHETIC_ML_DATASET,NORMAL,0
MTR,VIB_001,2026-03-01T15:04:00+00:00,0.7538608105547682,mm/s,GOOD,SYNTHETIC_ML_DATASET,NORMAL,0
MTR,HUM_001,2026-03-01T15:05:00+00:00,47.767727368455965,%,GOOD,SYNTHETIC_ML_DATASET,NORMAL,0
MTR,POWER_001,2026-03-01T15:05:00+00:00,31.107018042291973,kW,GOOD,SYNTHETIC_ML_DATASET,NORMAL,0
MTR,PRESS_001,2026-03-01T15:05:00+00:00,988.3134976266452,hPa,GOOD,SYNTHETIC_ML_DATASET,NORMAL,0
MTR,TEMP_001,2026-03-01T15:05:00+00:00,-18.740885737302495,°C,GOOD,SYNTHETIC_ML_DATASET,NORMAL,0
MTR,VIB_001,2026-03-01T15:05:00+00:00,0.7188389686940164,mm/s,GOOD,SYNTHETIC_ML_DATASET,NORMAL,0
MTR,HUM_001,2026-03-01T15:06:00+00:00,46.669467924728416,%,GOOD,SYNTHETIC_ML_DATASET,NORMAL,0
MTR,POWER_001,2026-03-01T15:06:00+00:00,30.604026006976472,kW,GOOD,SYNTHETIC_ML_DATASET,NORMAL,0
MTR,PRESS_001,2026-03-01T15:06:00+00:00,988.456732094676,hPa,GOOD,SYNTHETIC_ML_DATASET,NORMAL,0
MTR,TEMP_001,2026-03-01T15:06:00+00:00,-18.596356562251742,°C,GOOD,SYNTHETIC_ML_DATASET,NORMAL,0
MTR,VIB_001,2026-03-01T15:06:00+00:00,0.7247399654034358,mm/s,GOOD,SYNTHETIC_ML_DATASET,NORMAL,0
MTR,HUM_001,2026-03-01T15:07:00+00:00,46.845745479459914,%,GOOD,SYNTHETIC_ML_DATASET,NORMAL,0
MTR,POWER_001,2026-03-01T15:07:00+00:00,29.573739599929265,kW,GOOD,SYNTHETIC_ML_DATASET,NORMAL,0
MTR,PRESS_001,2026-03-01T15:07:00+00:00,988.5733933853315,hPa,GOOD,SYNTHETIC_ML_DATASET,NORMAL,0
MTR,TEMP_001,2026-03-01T15:07:00+00:00,-18.70542740833608,°C,GOOD,SYNTHETIC_ML_DATASET,NORMAL,0
MTR,VIB_001,2026-03-01T15:07:00+00:00,0.6996290746242189,mm/s,GOOD,SYNTHETIC_ML_DATASET,NORMAL,0
MTR,HUM_001,2026-03-01T15:08:00+00:00,47.59331716062109,%,GOOD,SYNTHETIC_ML_DATASET,NORMAL,0
MTR,POWER_001,2026-03-01T15:08:00+00:00,30.205638241332547,kW,GOOD,SYNTHETIC_ML_DATASET,NORMAL,0
MTR,PRESS_001,2026-03-01T15:08:00+00:00,988.5991973305139,hPa,GOOD,SYNTHETIC_ML_DATASET,NORMAL,0
MTR,TEMP_001,2026-03-01T15:08:00+00:00,-18.780464492866646,°C,GOOD,SYNTHETIC_ML_DATASET,NORMAL,0
MTR,VIB_001,2026-03-01T15:08:00+00:00,0.7104480185204598,mm/s,GOOD,SYNTHETIC_ML_DATASET,NORMAL,0
MTR,HUM_001,2026-03-01T15:09:00+00:00,47.066432516390904,%,GOOD,SYNTHETIC_ML_DATASET,NORMAL,0
MTR,POWER_001,2026-03-01T15:09:00+00:00,30.548200950347876,kW,GOOD,SYNTHETIC_ML_DATASET,NORMAL,0
MTR,PRESS_001,2026-03-01T15:09:00+00:00,988.7433377039614,hPa,GOOD,SYNTHETIC_ML_DATASET,NORMAL,0
MTR,TEMP_001,2026-03-01T15:09:00+00:00,-18.75561105047272,°C,GOOD,SYNTHETIC_ML_DATASET,NORMAL,0
MTR,VIB_001,2026-03-01T15:09:00+00:00,0.7072089627208175,mm/s,GOOD,SYNTHETIC_ML_DATASET,NORMAL,0
MTR,HUM_001,2026-03-01T15:10:00+00:00,48.08700462330307,%,GOOD,SYNTHETIC_ML_DATASET,NORMAL,0
MTR,POWER_001,2026-03-01T15:10:00+00:00,30.199808937524327,kW,GOOD,SYNTHETIC_ML_DATASET,NORMAL,0
MTR,PRESS_001,2026-03-01T15:10:00+00:00,988.5696891186986,hPa,GOOD,SYNTHETIC_ML_DATASET,NORMAL,0
MTR,TEMP_001,2026-03-01T15:10:00+00:00,-18.99231974042583,°C,GOOD,SYNTHETIC_ML_DATASET,NORMAL,0
MTR,VIB_001,2026-03-01T15:10:00+00:00,0.6829171600694968,mm/s,GOOD,SYNTHETIC_ML_DATASET,NORMAL,0
MTR,HUM_001,2026-03-01T15:11:00+00:00,47.622335695939164,%,GOOD,SYNTHETIC_ML_DATASET,NORMAL,0
MTR,POWER_001,2026-03-01T15:11:00+00:00,30.24698477485604,kW,GOOD,SYNTHETIC_ML_DATASET,NORMAL,0
MTR,PRESS_001,2026-03-01T15:11:00+00:00,988.4559547527341,hPa,GOOD,SYNTHETIC_ML_DATASET,NORMAL,0
MTR,TEMP_001,2026-03-01T15:11:00+00:00,-18.76339601068542,°C,GOOD,SYNTHETIC_ML_DATASET,NORMAL,0
MTR,VIB_001,2026-03-01T15:11:00+00:00,0.651169476282187,mm/s,GOOD,SYNTHETIC_ML_DATASET,NORMAL,0
MTR,HUM_001,2026-03-01T15:12:00+00:00,47.83726184478396,%,GOOD,SYNTHETIC_ML_DATASET,NORMAL,0
MTR,POWER_001,2026-03-01T15:12:00+00:00,30.24880686872427,kW,GOOD,SYNTHETIC_ML_DATASET,NORMAL,0
MTR,PRESS_001,2026-03-01T15:12:00+00:00,988.4542310820831,hPa,GOOD,SYNTHETIC_ML_DATASET,NORMAL,0
MTR,TEMP_001,2026-03-01T15:12:00+00:00,-18.696082204586176,°C,GOOD,SYNTHETIC_ML_DATASET,NORMAL,0
MTR,VIB_001,2026-03-01T15:12:00+00:00,0.6549248998711242,mm/s,GOOD,SYNTHETIC_ML_DATASET,NORMAL,0
MTR,HUM_001,2026-03-01T15:13:00+00:00,46.73728884936976,%,GOOD,SYNTHETIC_ML_DATASET,NORMAL,0
MTR,POWER_001,2026-03-01T15:13:00+00:00,29.946071354778063,kW,GOOD,SYNTHETIC_ML_DATASET,NORMAL,0
MTR,PRESS_001,2026-03-01T15:13:00+00:00,988.3830330856715,hPa,GOOD,SYNTHETIC_ML_DATASET,NORMAL,0
MTR,TEMP_001,2026-03-01T15:13:00+00:00,-19.238656094934345,°C,GOOD,SYNTHETIC_ML_DATASET,NORMAL,0
MTR,VIB_001,2026-03-01T15:13:00+00:00,0.6798317546818037,mm/s,GOOD,SYNTHETIC_ML_DATASET,NORMAL,0
MTR,HUM_001,2026-03-01T15:14:00+00:00,46.48009247017171,%,GOOD,SYNTHETIC_ML_DATASET,NORMAL,0
MTR,POWER_001,2026-03-01T15:14:00+00:00,30.19203150622532,kW,GOOD,SYNTHETIC_ML_DATASET,NORMAL,0
MTR,PRESS_001,2026-03-01T15:14:00+00:00,988.4117793613535,hPa,GOOD,SYNTHETIC_ML_DATASET,NORMAL,0
MTR,TEMP_001,2026-03-01T15:14:00+00:00,-18.56096794374929,°C,GOOD,SYNTHETIC_ML_DATASET,NORMAL,0
MTR,VIB_001,2026-03-01T15:14:00+00:00,0.7013482823613917,mm/s,GOOD,SYNTHETIC_ML_DATASET,NORMAL,0
MTR,HUM_001,2026-03-01T15:15:00+00:00,47.386666732640286,%,GOOD,SYNTHETIC_ML_DATASET,NORMAL,0
MTR,POWER_001,2026-03-01T15:15:00+00:00,30.244505063847036,kW,GOOD,SYNTHETIC_ML_DATASET,NORMAL,0
MTR,PRESS_001,2026-03-01T15:15:00+00:00,988.4703027650565,hPa,GOOD,SYNTHETIC_ML_DATASET,NORMAL,0
MTR,TEMP_001,2026-03-01T15:15:00+00:00,-19.0395295312613,°C,GOOD,SYNTHETIC_ML_DATASET,NORMAL,0
MTR,VIB_001,2026-03-01T15:15:00+00:00,0.6692682431211969,mm/s,GOOD,SYNTHETIC_ML_DATASET,NORMAL,0
MTR,HUM_001,2026-03-01T15:16:00+00:00,46.82375564493179,%,GOOD,SYNTHETIC_ML_DATASET,NORMAL,0
MTR,POWER_001,2026-03-01T15:16:00+00:00,30.21101953153209,kW,GOOD,SYNTHETIC_ML_DATASET,NORMAL,0
MTR,PRESS_001,2026-03-01T15:16:00+00:00,988.1950129377274,hPa,GOOD,SYNTHETIC_ML_DATASET,NORMAL,0
MTR,TEMP_001,2026-03-01T15:16:00+00:00,-18.562080967355385,°C,GOOD,SYNTHETIC_ML_DATASET,NORMAL,0
MTR,VIB_001,2026-03-01T15:16:00+00:00,0.7036093130492792,mm/s,GOOD,SYNTHETIC_ML_DATASET,NORMAL,0
MTR,HUM_001,2026-03-01T15:17:00+00:00,48.0907709597711,%,GOOD,SYNTHETIC_ML_DATASET,NORMAL,0
MTR,POWER_001,2026-03-01T15:17:00+00:00,29.77303832565514,kW,GOOD,SYNTHETIC_ML_DATASET,NORMAL,0
MTR,PRESS_001,2026-03-01T15:17:00+00:00,988.6471078517552,hPa,GOOD,SYNTHETIC_ML_DATASET,NORMAL,0
MTR,TEMP_001,2026-03-01T15:17:00+00:00,-18.29006654409787,°C,GOOD,SYNTHETIC_ML_DATASET,NORMAL,0
MTR,VIB_001,2026-03-01T15:17:00+00:00,0.6829496565215487,mm/s,GOOD,SYNTHETIC_ML_DATASET,NORMAL,0
MTR,HUM_001,2026-03-01T15:18:00+00:00,46.38147192087951,%,GOOD,SYNTHETIC_ML_DATASET,NORMAL,0
MTR,POWER_001,2026-03-01T15:18:00+00:00,30.216627044505678,kW,GOOD,SYNTHETIC_ML_DATASET,NORMAL,0
MTR,PRESS_001,2026-03-01T15:18:00+00:00,988.5376039128149,hPa,GOOD,SYNTHETIC_ML_DATASET,NORMAL,0
MTR,TEMP_001,2026-03-01T15:18:00+00:00,-18.356220898550184,°C,GOOD,SYNTHETIC_ML_DATASET,NORMAL,0
MTR,VIB_001,2026-03-01T15:18:00+00:00,0.657320889343998,mm/s,GOOD,SYNTHETIC_ML_DATASET,NORMAL,0
MTR,HUM_001,2026-03-01T15:19:00+00:00,47.2157678661767,%,GOOD,SYNTHETIC_ML_DATASET,NORMAL,0
MTR,POWER_001,2026-03-01T15:19:00+00:00,30.2829618816258,kW,GOOD,SYNTHETIC_ML_DATASET,NORMAL,0
MTR,PRESS_001,2026-03-01T15:19:00+00:00,988.1773449814435,hPa,GOOD,SYNTHETIC_ML_DATASET,NORMAL,0
MTR,TEMP_001,2026-03-01T15:19:00+00:00,-18.71850535285069,°C,GOOD,SYNTHETIC_ML_DATASET,NORMAL,0
MTR,VIB_001,2026-03-01T15:19:00+00:00,0.7068668205385772,mm/s,GOOD,SYNTHETIC_ML_DATASET,NORMAL,0
MTR,HUM_001,2026-03-01T15:20:00+00:00,46.846842525991164,%,GOOD,SYNTHETIC_ML_DATASET,NORMAL,0
MTR,POWER_001,2026-03-01T15:20:00+00:00,30.569146968461364,kW,GOOD,SYNTHETIC_ML_DATASET,NORMAL,0
MTR,PRESS_001,2026-03-01T15:20:00+00:00,988.4397097552297,hPa,GOOD,SYNTHETIC_ML_DATASET,NORMAL,0
MTR,TEMP_001,2026-03-01T15:20:00+00:00,-18.707023497673553,°C,GOOD,SYNTHETIC_ML_DATASET,NORMAL,0
MTR,VIB_001,2026-03-01T15:20:00+00:00,0.7043118223619829,mm/s,GOOD,SYNTHETIC_ML_DATASET,NORMAL,0
MTR,HUM_001,2026-03-01T15:21:00+00:00,46.87758359672366,%,GOOD,SYNTHETIC_ML_DATASET,NORMAL,0
MTR,POWER_001,2026-03-01T15:21:00+00:00,30.685186881457966,kW,GOOD,SYNTHETIC_ML_DATASET,NORMAL,0
MTR,PRESS_001,2026-03-01T15:21:00+00:00,988.3474884967014,hPa,GOOD,SYNTHETIC_ML_DATASET,NORMAL,0
MTR,TEMP_001,2026-03-01T15:21:00+00:00,-18.503420257363285,°C,GOOD,SYNTHETIC_ML_DATASET,NORMAL,0
MTR,VIB_001,2026-03-01T15:21:00+00:00,0.6844008869764112,mm/s,GOOD,SYNTHETIC_ML_DATASET,NORMAL,0
MTR,HUM_001,2026-03-01T15:22:00+00:00,46.427488470949115,%,GOOD,SYNTHETIC_ML_DATASET,NORMAL,0
MTR,POWER_001,2026-03-01T15:22:00+00:00,30.4632437804723,kW,GOOD,SYNTHETIC_ML_DATASET,NORMAL,0
MTR,PRESS_001,2026-03-01T15:22:00+00:00,988.6052170402266,hPa,GOOD,SYNTHETIC_ML_DATASET,NORMAL,0
MTR,TEMP_001,2026-03-01T15:22:00+00:00,-18.909539989947962,°C,GOOD,SYNTHETIC_ML_DATASET,NORMAL,0
MTR,VIB_001,2026-03-01T15:22:00+00:00,0.701598748773901,mm/s,GOOD,SYNTHETIC_ML_DATASET,NORMAL,0
MTR,HUM_001,2026-03-01T15:23:00+00:00,46.409583001270185,%,GOOD,SYNTHETIC_ML_DATASET,NORMAL,0
MTR,POWER_001,2026-03-01T15:23:00+00:00,29.55647511059052,kW,GOOD,SYNTHETIC_ML_DATASET,NORMAL,0
MTR,PRESS_001,2026-03-01T15:23:00+00:00,988.6752852031285,hPa,GOOD,SYNTHETIC_ML_DATASET,NORMAL,0
MTR,TEMP_001,2026-03-01T15:23:00+00:00,-18.544200148925793,°C,GOOD,SYNTHETIC_ML_DATASET,NORMAL,0
MTR,VIB_001,2026-03-01T15:23:00+00:00,0.6935806176664642,mm/s,GOOD,SYNTHETIC_ML_DATASET,NORMAL,0
MTR,HUM_001,2026-03-01T15:24:00+00:00,45.69439303047958,%,GOOD,SYNTHETIC_ML_DATASET,NORMAL,0
MTR,POWER_001,2026-03-01T15:24:00+00:00,29.317374907155383,kW,GOOD,SYNTHETIC_ML_DATASET,NORMAL,0
MTR,PRESS_001,2026-03-01T15:24:00+00:00,988.4496441139828,hPa,GOOD,SYNTHETIC_ML_DATASET,NORMAL,0
MTR,TEMP_001,2026-03-01T15:24:00+00:00,-18.72994691343638,°C,GOOD,SYNTHETIC_ML_DATASET,NORMAL,0
MTR,VIB_001,2026-03-01T15:24:00+00:00,0.6804190218487332,mm/s,GOOD,SYNTHETIC_ML_DATASET,NORMAL,0
MTR,HUM_001,2026-03-01T15:25:00+00:00,45.25711817563164,%,GOOD,SYNTHETIC_ML_DATASET,NORMAL,0
MTR,POWER_001,2026-03-01T15:25:00+00:00,29.578293302656444,kW,GOOD,SYNTHETIC_ML_DATASET,NORMAL,0
MTR,PRESS_001,2026-03-01T15:25:00+00:00,988.433291025257,hPa,GOOD,SYNTHETIC_ML_DATASET,NORMAL,0
MTR,TEMP_001,2026-03-01T15:25:00+00:00,-18.708035143213436,°C,GOOD,SYNTHETIC_ML_DATASET,NORMAL,0
MTR,VIB_001,2026-03-01T15:25:00+00:00,0.6760766342578309,mm/s,GOOD,SYNTHETIC_ML_DATASET,NORMAL,0
MTR,HUM_001,2026-03-01T15:26:00+00:00,46.600120042767266,%,GOOD,SYNTHETIC_ML_DATASET,NORMAL,0
MTR,POWER_001,2026-03-01T15:26:00+00:00,29.00895603901719,kW,GOOD,SYNTHETIC_ML_DATASET,NORMAL,0
MTR,PRESS_001,2026-03-01T15:26:00+00:00,988.4927749182865,hPa,GOOD,SYNTHETIC_ML_DATASET,NORMAL,0
MTR,TEMP_001,2026-03-01T15:26:00+00:00,-18.650360194119624,°C,GOOD,SYNTHETIC_ML_DATASET,NORMAL,0
MTR,VIB_001,2026-03-01T15:26:00+00:00,0.6970950025181047,mm/s,GOOD,SYNTHETIC_ML_DATASET,NORMAL,0
MTR,HUM_001,2026-03-01T15:27:00+00:00,46.42069472429421,%,GOOD,SYNTHETIC_ML_DATASET,NORMAL,0
MTR,POWER_001,2026-03-01T15:27:00+00:00,29.212220547672814,kW,GOOD,SYNTHETIC_ML_DATASET,NORMAL,0
MTR,PRESS_001,2026-03-01T15:27:00+00:00,988.5491490490048,hPa,GOOD,SYNTHETIC_ML_DATASET,NORMAL,0
MTR,TEMP_001,2026-03-01T15:27:00+00:00,-18.68089383266787,°C,GOOD,SYNTHETIC_ML_DATASET,NORMAL,0
MTR,VIB_001,2026-03-01T15:27:00+00:00,0.7323129857278233,mm/s,GOOD,SYNTHETIC_ML_DATASET,NORMAL,0
MTR,HUM_001,2026-03-01T15:28:00+00:00,46.29115791015228,%,GOOD,SYNTHETIC_ML_DATASET,NORMAL,0
MTR,POWER_001,2026-03-01T15:28:00+00:00,29.73399471321963,kW,GOOD,SYNTHETIC_ML_DATASET,NORMAL,0
MTR,PRESS_001,2026-03-01T15:28:00+00:00,988.6080461333676,hPa,GOOD,SYNTHETIC_ML_DATASET,NORMAL,0
MTR,TEMP_001,2026-03-01T15:28:00+00:00,-18.45191324395491,°C,GOOD,SYNTHETIC_ML_DATASET,NORMAL,0
MTR,VIB_001,2026-03-01T15:28:00+00:00,0.7189658240441414,mm/s,GOOD,SYNTHETIC_ML_DATASET,NORMAL,0
MTR,HUM_001,2026-03-01T15:29:00+00:00,45.42437819205771,%,GOOD,SYNTHETIC_ML_DATASET,NORMAL,0
MTR,POWER_001,2026-03-01T15:29:00+00:00,28.96104738313398,kW,GOOD,SYNTHETIC_ML_DATASET,NORMAL,0
MTR,PRESS_001,2026-03-01T15:29:00+00:00,988.3330720276585,hPa,GOOD,SYNTHETIC_ML_DATASET,NORMAL,0
MTR,TEMP_001,2026-03-01T15:29:00+00:00,-18.474194211871787,°C,GOOD,SYNTHETIC_ML_DATASET,NORMAL,0
MTR,VIB_001,2026-03-01T15:29:00+00:00,0.7372104333992285,mm/s,GOOD,SYNTHETIC_ML_DATASET,NORMAL,0
MTR,HUM_001,2026-03-01T15:30:00+00:00,47.14337542616779,%,GOOD,SYNTHETIC_ML_DATASET,NORMAL,0
MTR,POWER_001,2026-03-01T15:30:00+00:00,29.18274668367895,kW,GOOD,SYNTHETIC_ML_DATASET,NORMAL,0
MTR,PRESS_001,2026-03-01T15:30:00+00:00,988.5193364390391,hPa,GOOD,SYNTHETIC_ML_DATASET,NORMAL,0
MTR,TEMP_001,2026-03-01T15:30:00+00:00,-18.828068737826104,°C,GOOD,SYNTHETIC_ML_DATASET,NORMAL,0
MTR,VIB_001,2026-03-01T15:30:00+00:00,0.7363053050028711,mm/s,GOOD,SYNTHETIC_ML_DATASET,NORMAL,0
MTR,HUM_001,2026-03-01T15:31:00+00:00,46.34618236902559,%,GOOD,SYNTHETIC_ML_DATASET,NORMAL,0
MTR,POWER_001,2026-03-01T15:31:00+00:00,29.087900682224756,kW,GOOD,SYNTHETIC_ML_DATASET,NORMAL,0
MTR,PRESS_001,2026-03-01T15:31:00+00:00,988.0142417108842,hPa,GOOD,SYNTHETIC_ML_DATASET,NORMAL,0
MTR,TEMP_001,2026-03-01T15:31:00+00:00,-18.611180451395125,°C,GOOD,SYNTHETIC_ML_DATASET,NORMAL,0
MTR,VIB_001,2026-03-01T15:31:00+00:00,0.7663341980384439,mm/s,GOOD,SYNTHETIC_ML_DATASET,NORMAL,0
MTR,HUM_001,2026-03-01T15:32:00+00:00,46.72294108612706,%,GOOD,SYNTHETIC_ML_DATASET,NORMAL,0
MTR,POWER_001,2026-03-01T15:32:00+00:00,29.234718399431333,kW,GOOD,SYNTHETIC_ML_DATASET,NORMAL,0
MTR,PRESS_001,2026-03-01T15:32:00+00:00,988.3277284854072,hPa,GOOD,SYNTHETIC_ML_DATASET,NORMAL,0
MTR,TEMP_001,2026-03-01T15:32:00+00:00,-18.574267451118143,°C,GOOD,SYNTHETIC_ML_DATASET,NORMAL,0
MTR,VIB_001,2026-03-01T15:32:00+00:00,0.7582967370924815,mm/s,GOOD,SYNTHETIC_ML_DATASET,NORMAL,0
MTR,HUM_001,2026-03-01T15:33:00+00:00,45.185388284132564,%,GOOD,SYNTHETIC_ML_DATASET,NORMAL,0
MTR,POWER_001,2026-03-01T15:33:00+00:00,29.207532387675712,kW,GOOD,SYNTHETIC_ML_DATASET,NORMAL,0
MTR,PRESS_001,2026-03-01T15:33:00+00:00,988.1690165481175,hPa,GOOD,SYNTHETIC_ML_DATASET,NORMAL,0
MTR,TEMP_001,2026-03-01T15:33:00+00:00,-18.12828534641038,°C,GOOD,SYNTHETIC_ML_DATASET,NORMAL,0
MTR,VIB_001,2026-03-01T15:33:00+00:00,0.7840270519150472,mm/s,GOOD,SYNTHETIC_ML_DATASET,NORMAL,0
MTR,HUM_001,2026-03-01T15:34:00+00:00,46.04517602374072,%,GOOD,SYNTHETIC_ML_DATASET,NORMAL,0
MTR,POWER_001,2026-03-01T15:34:00+00:00,29.69666816349456,kW,GOOD,SYNTHETIC_ML_DATASET,NORMAL,0
MTR,PRESS_001,2026-03-01T15:34:00+00:00,988.2051303209664,hPa,GOOD,SYNTHETIC_ML_DATASET,NORMAL,0
MTR,TEMP_001,2026-03-01T15:34:00+00:00,-18.491612182777597,°C,GOOD,SYNTHETIC_ML_DATASET,NORMAL,0
MTR,VIB_001,2026-03-01T15:34:00+00:00,0.7746210144378872,mm/s,GOOD,SYNTHETIC_ML_DATASET,NORMAL,0
MTR,HUM_001,2026-03-01T15:35:00+00:00,47.19522691364169,%,GOOD,SYNTHETIC_ML_DATASET,NORMAL,0
MTR,POWER_001,2026-03-01T15:35:00+00:00,29.742105392021937,kW,GOOD,SYNTHETIC_ML_DATASET,NORMAL,0
MTR,PRESS_001,2026-03-01T15:35:00+00:00,988.1726631196458,hPa,GOOD,SYNTHETIC_ML_DATASET,NORMAL,0
MTR,TEMP_001,2026-03-01T15:35:00+00:00,-18.044465785840206,°C,GOOD,SYNTHETIC_ML_DATASET,NORMAL,0
MTR,VIB_001,2026-03-01T15:35:00+00:00,0.7389890538291872,mm/s,GOOD,SYNTHETIC_ML_DATASET,NORMAL,0
MTR,HUM_001,2026-03-01T15:36:00+00:00,46.255300091518535,%,GOOD,SYNTHETIC_ML_DATASET,NORMAL,0
MTR,POWER_001,2026-03-01T15:36:00+00:00,29.883613798691762,kW,GOOD,SYNTHETIC_ML_DATASET,NORMAL,0
MTR,PRESS_001,2026-03-01T15:36:00+00:00,987.9419888945433,hPa,GOOD,SYNTHETIC_ML_DATASET,NORMAL,0
MTR,TEMP_001,2026-03-01T15:36:00+00:00,-18.412477315760558,°C,GOOD,SYNTHETIC_ML_DATASET,NORMAL,0
MTR,VIB_001,2026-03-01T15:36:00+00:00,0.7464666546255407,mm/s,GOOD,SYNTHETIC_ML_DATASET,NORMAL,0
MTR,HUM_001,2026-03-01T15:37:00+00:00,46.179251265632125,%,GOOD,SYNTHETIC_ML_DATASET,NORMAL,0
MTR,POWER_001,2026-03-01T15:37:00+00:00,29.489355258754053,kW,GOOD,SYNTHETIC_ML_DATASET,NORMAL,0
MTR,PRESS_001,2026-03-01T15:37:00+00:00,988.0768058731124,hPa,GOOD,SYNTHETIC_ML_DATASET,NORMAL,0
MTR,TEMP_001,2026-03-01T15:37:00+00:00,-18.59991565093178,°C,GOOD,SYNTHETIC_ML_DATASET,NORMAL,0
MTR,VIB_001,2026-03-01T15:37:00+00:00,0.7367958741863349,mm/s,GOOD,SYNTHETIC_ML_DATASET,NORMAL,0
MTR,HUM_001,2026-03-01T15:38:00+00:00,45.352338855886224,%,GOOD,SYNTHETIC_ML_DATASET,NORMAL,0
MTR,POWER_001,2026-03-01T15:38:00+00:00,29.432496964141542,kW,GOOD,SYNTHETIC_ML_DATASET,NORMAL,0
MTR,PRESS_001,2026-03-01T15:38:00+00:00,988.0842927008489,hPa,GOOD,SYNTHETIC_ML_DATASET,NORMAL,0
MTR,TEMP_001,2026-03-01T15:38:00+00:00,-18.45994528939432,°C,GOOD,SYNTHETIC_ML_DATASET,NORMAL,0
MTR,VIB_001,2026-03-01T15:38:00+00:00,0.695814073198242,mm/s,GOOD,SYNTHETIC_ML_DATASET,NORMAL,0
MTR,HUM_001,2026-03-01T15:39:00+00:00,46.40064349437779,%,GOOD,SYNTHETIC_ML_DATASET,NORMAL,0
MTR,POWER_001,2026-03-01T15:39:00+00:00,29.169706836837012,kW,GOOD,SYNTHETIC_ML_DATASET,NORMAL,0
MTR,PRESS_001,2026-03-01T15:39:00+00:00,987.927292776503,hPa,GOOD,SYNTHETIC_ML_DATASET,NORMAL,0
MTR,TEMP_001,2026-03-01T15:39:00+00:00,-18.415791497558658,°C,GOOD,SYNTHETIC_ML_DATASET,NORMAL,0
MTR,VIB_001,2026-03-01T15:39:00+00:00,0.7420669040719001,mm/s,GOOD,SYNTHETIC_ML_DATASET,NORMAL,0
MTR,HUM_001,2026-03-01T15:40:00+00:00,46.18366455736825,%,GOOD,SYNTHETIC_ML_DATASET,NORMAL,0
MTR,POWER_001,2026-03-01T15:40:00+00:00,28.42638899932404,kW,GOOD,SYNTHETIC_ML_DATASET,NORMAL,0
MTR,PRESS_001,2026-03-01T15:40:00+00:00,988.336177953882,hPa,GOOD,SYNTHETIC_ML_DATASET,NORMAL,0
MTR,TEMP_001,2026-03-01T15:40:00+00:00,-18.487423768927297,°C,GOOD,SYNTHETIC_ML_DATASET,NORMAL,0
MTR,VIB_001,2026-03-01T15:40:00+00:00,0.6991428450585395,mm/s,GOOD,SYNTHETIC_ML_DATASET,NORMAL,0
MTR,HUM_001,2026-03-01T15:41:00+00:00,46.856523805969324,%,GOOD,SYNTHETIC_ML_DATASET,NORMAL,0
MTR,POWER_001,2026-03-01T15:41:00+00:00,29.224125334695835,kW,GOOD,SYNTHETIC_ML_DATASET,NORMAL,0
MTR,PRESS_001,2026-03-01T15:41:00+00:00,988.1507047149082,hPa,GOOD,SYNTHETIC_ML_DATASET,NORMAL,0
MTR,TEMP_001,2026-03-01T15:41:00+00:00,-18.2351501259507,°C,GOOD,SYNTHETIC_ML_DATASET,NORMAL,0
MTR,VIB_001,2026-03-01T15:41:00+00:00,0.7306561134206524,mm/s,GOOD,SYNTHETIC_ML_DATASET,NORMAL,0
MTR,HUM_001,2026-03-01T15:42:00+00:00,47.19077453340449,%,GOOD,SYNTHETIC_ML_DATASET,NORMAL,0
MTR,POWER_001,2026-03-01T15:42:00+00:00,29.83812768578631,kW,GOOD,SYNTHETIC_ML_DATASET,NORMAL,0
MTR,PRESS_001,2026-03-01T15:42:00+00:00,988.2194865635612,hPa,GOOD,SYNTHETIC_ML_DATASET,NORMAL,0
MTR,TEMP_001,2026-03-01T15:42:00+00:00,-18.40135496736482,°C,GOOD,SYNTHETIC_ML_DATASET,NORMAL,0
MTR,VIB_001,2026-03-01T15:42:00+00:00,0.7444128138617453,mm/s,GOOD,SYNTHETIC_ML_DATASET,NORMAL,0
MTR,HUM_001,2026-03-01T15:43:00+00:00,47.055034824212065,%,GOOD,SYNTHETIC_ML_DATASET,NORMAL,0
MTR,POWER_001,2026-03-01T15:43:00+00:00,29.97378776138274,kW,GOOD,SYNTHETIC_ML_DATASET,NORMAL,0
MTR,PRESS_001,2026-03-01T15:43:00+00:00,988.4135260535598,hPa,GOOD,SYNTHETIC_ML_DATASET,NORMAL,0
MTR,TEMP_001,2026-03-01T15:43:00+00:00,-18.44731891079642,°C,GOOD,SYNTHETIC_ML_DATASET,NORMAL,0
MTR,VIB_001,2026-03-01T15:43:00+00:00,0.7186098069266342,mm/s,GOOD,SYNTHETIC_ML_DATASET,NORMAL,0
MTR,HUM_001,2026-03-01T15:44:00+00:00,47.43590751422565,%,GOOD,SYNTHETIC_ML_DATASET,NORMAL,0
MTR,POWER_001,2026-03-01T15:44:00+00:00,30.57605636237453,kW,GOOD,SYNTHETIC_ML_DATASET,NORMAL,0
MTR,PRESS_001,2026-03-01T15:44:00+00:00,988.4491476742995,hPa,GOOD,SYNTHETIC_ML_DATASET,NORMAL,0
MTR,TEMP_001,2026-03-01T15:44:00+00:00,-18.20098380471533,°C,GOOD,SYNTHETIC_ML_DATASET,NORMAL,0
MTR,VIB_001,2026-03-01T15:44:00+00:00,0.7217707520328475,mm/s,GOOD,SYNTHETIC_ML_DATASET,NORMAL,0
MTR,HUM_001,2026-03-01T15:45:00+00:00,46.46144247809553,%,GOOD,SYNTHETIC_ML_DATASET,NORMAL,0
MTR,POWER_001,2026-03-01T15:45:00+00:00,30.532349840703077,kW,GOOD,SYNTHETIC_ML_DATASET,NORMAL,0
MTR,PRESS_001,2026-03-01T15:45:00+00:00,988.2279214035894,hPa,GOOD,SYNTHETIC_ML_DATASET,NORMAL,0
MTR,TEMP_001,2026-03-01T15:45:00+00:00,-18.46934517919286,°C,GOOD,SYNTHETIC_ML_DATASET,NORMAL,0
MTR,VIB_001,2026-03-01T15:45:00+00:00,0.7124886572047542,mm/s,GOOD,SYNTHETIC_ML_DATASET,NORMAL,0
MTR,HUM_001,2026-03-01T15:46:00+00:00,46.870450958271064,%,GOOD,SYNTHETIC_ML_DATASET,NORMAL,0
MTR,POWER_001,2026-03-01T15:46:00+00:00,30.818255126499583,kW,GOOD,SYNTHETIC_ML_DATASET,NORMAL,0
MTR,PRESS_001,2026-03-01T15:46:00+00:00,988.5602603644368,hPa,GOOD,SYNTHETIC_ML_DATASET,NORMAL,0
MTR,TEMP_001,2026-03-01T15:46:00+00:00,-18.321195051731863,°C,GOOD,SYNTHETIC_ML_DATASET,NORMAL,0
MTR,VIB_001,2026-03-01T15:46:00+00:00,0.7433519174886796,mm/s,GOOD,SYNTHETIC_ML_DATASET,NORMAL,0
MTR,HUM_001,2026-03-01T15:47:00+00:00,46.80105064450012,%,GOOD,SYNTHETIC_ML_DATASET,NORMAL,0
MTR,POWER_001,2026-03-01T15:47:00+00:00,30.817440943788426,kW,GOOD,SYNTHETIC_ML_DATASET,NORMAL,0
MTR,PRESS_001,2026-03-01T15:47:00+00:00,988.2249592812129,hPa,GOOD,SYNTHETIC_ML_DATASET,NORMAL,0
MTR,TEMP_001,2026-03-01T15:47:00+00:00,-18.662630432217107,°C,GOOD,SYNTHETIC_ML_DATASET,NORMAL,0
MTR,VIB_001,2026-03-01T15:47:00+00:00,0.7064262246992685,mm/s,GOOD,SYNTHETIC_ML_DATASET,NORMAL,0
MTR,HUM_001,2026-03-01T15:48:00+00:00,47.063633057603276,%,GOOD,SYNTHETIC_ML_DATASET,NORMAL,0
MTR,POWER_001,2026-03-01T15:48:00+00:00,30.41524370164236,kW,GOOD,SYNTHETIC_ML_DATASET,NORMAL,0
MTR,PRESS_001,2026-03-01T15:48:00+00:00,988.2807098781813,hPa,GOOD,SYNTHETIC_ML_DATASET,NORMAL,0
MTR,TEMP_001,2026-03-01T15:48:00+00:00,-18.639650597110098,°C,GOOD,SYNTHETIC_ML_DATASET,NORMAL,0
MTR,VIB_001,2026-03-01T15:48:00+00:00,0.7527056655732839,mm/s,GOOD,SYNTHETIC_ML_DATASET,NORMAL,0
MTR,HUM_001,2026-03-01T15:49:00+00:00,46.442911905619525,%,GOOD,SYNTHETIC_ML_DATASET,NORMAL,0
MTR,POWER_001,2026-03-01T15:49:00+00:00,30.076099286092102,kW,GOOD,SYNTHETIC_ML_DATASET,NORMAL,0
MTR,PRESS_001,2026-03-01T15:49:00+00:00,988.3352814174964,hPa,GOOD,SYNTHETIC_ML_DATASET,NORMAL,0
MTR,TEMP_001,2026-03-01T15:49:00+00:00,-18.616001460609386,°C,GOOD,SYNTHETIC_ML_DATASET,NORMAL,0
MTR,VIB_001,2026-03-01T15:49:00+00:00,0.7221674135834787,mm/s,GOOD,SYNTHETIC_ML_DATASET,NORMAL,0
MTR,HUM_001,2026-03-01T15:50:00+00:00,46.904769759146745,%,GOOD,SYNTHETIC_ML_DATASET,NORMAL,0
MTR,POWER_001,2026-03-01T15:50:00+00:00,30.544264612173393,kW,GOOD,SYNTHETIC_ML_DATASET,NORMAL,0
MTR,PRESS_001,2026-03-01T15:50:00+00:00,988.4775095861586,hPa,GOOD,SYNTHETIC_ML_DATASET,NORMAL,0
MTR,TEMP_001,2026-03-01T15:50:00+00:00,-19.063265607712527,°C,GOOD,SYNTHETIC_ML_DATASET,NORMAL,0
MTR,VIB_001,2026-03-01T15:50:00+00:00,0.7167707341501444,mm/s,GOOD,SYNTHETIC_ML_DATASET,NORMAL,0
MTR,HUM_001,2026-03-01T15:51:00+00:00,46.719998527469876,%,GOOD,SYNTHETIC_ML_DATASET,NORMAL,0
MTR,POWER_001,2026-03-01T15:51:00+00:00,30.891421336553716,kW,GOOD,SYNTHETIC_ML_DATASET,NORMAL,0
MTR,PRESS_001,2026-03-01T15:51:00+00:00,988.4379032125306,hPa,GOOD,SYNTHETIC_ML_DATASET,NORMAL,0
MTR,TEMP_001,2026-03-01T15:51:00+00:00,-18.99201558563627,°C,GOOD,SYNTHETIC_ML_DATASET,NORMAL,0
MTR,VIB_001,2026-03-01T15:51:00+00:00,0.7067695516140196,mm/s,GOOD,SYNTHETIC_ML_DATASET,NORMAL,0
MTR,HUM_001,2026-03-01T15:52:00+00:00,46.40820383673814,%,GOOD,SYNTHETIC_ML_DATASET,NORMAL,0
MTR,POWER_001,2026-03-01T15:52:00+00:00,30.90131848847005,kW,GOOD,SYNTHETIC_ML_DATASET,NORMAL,0
MTR,PRESS_001,2026-03-01T15:52:00+00:00,988.3225269392113,hPa,GOOD,SYNTHETIC_ML_DATASET,NORMAL,0
MTR,TEMP_001,2026-03-01T15:52:00+00:00,-19.229882955198317,°C,GOOD,SYNTHETIC_ML_DATASET,NORMAL,0
MTR,VIB_001,2026-03-01T15:52:00+00:00,0.7240883756746553,mm/s,GOOD,SYNTHETIC_ML_DATASET,NORMAL,0
MTR,HUM_001,2026-03-01T15:53:00+00:00,46.145777873693106,%,GOOD,SYNTHETIC_ML_DATASET,NORMAL,0
MTR,POWER_001,2026-03-01T15:53:00+00:00,30.13715295264032,kW,GOOD,SYNTHETIC_ML_DATASET,NORMAL,0
MTR,PRESS_001,2026-03-01T15:53:00+00:00,988.4126195551165,hPa,GOOD,SYNTHETIC_ML_DATASET,NORMAL,0
MTR,TEMP_001,2026-03-01T15:53:00+00:00,-19.19042980220913,°C,GOOD,SYNTHETIC_ML_DATASET,NORMAL,0
MTR,VIB_001,2026-03-01T15:53:00+00:00,0.6772810743673802,mm/s,GOOD,SYNTHETIC_ML_DATASET,NORMAL,0
MTR,HUM_001,2026-03-01T15:54:00+00:00,46.48655531455063,%,GOOD,SYNTHETIC_ML_DATASET,NORMAL,0
MTR,POWER_001,2026-03-01T15:54:00+00:00,30.845734920012482,kW,GOOD,SYNTHETIC_ML_DATASET,NORMAL,0
MTR,PRESS_001,2026-03-01T15:54:00+00:00,988.4034727781321,hPa,GOOD,SYNTHETIC_ML_DATASET,NORMAL,0
MTR,TEMP_001,2026-03-01T15:54:00+00:00,-19.137922724484877,°C,GOOD,SYNTHETIC_ML_DATASET,NORMAL,0
MTR,VIB_001,2026-03-01T15:54:00+00:00,0.7007461607521107,mm/s,GOOD,SYNTHETIC_ML_DATASET,NORMAL,0
MTR,HUM_001,2026-03-01T15:55:00+00:00,46.53812350040737,%,GOOD,SYNTHETIC_ML_DATASET,NORMAL,0
MTR,POWER_001,2026-03-01T15:55:00+00:00,30.364242964979304,kW,GOOD,SYNTHETIC_ML_DATASET,NORMAL,0
MTR,PRESS_001,2026-03-01T15:55:00+00:00,988.4133783123981,hPa,GOOD,SYNTHETIC_ML_DATASET,NORMAL,0
MTR,TEMP_001,2026-03-01T15:55:00+00:00,-19.17416142791184,°C,GOOD,SYNTHETIC_ML_DATASET,NORMAL,0
MTR,VIB_001,2026-03-01T15:55:00+00:00,0.7380875736653879,mm/s,GOOD,SYNTHETIC_ML_DATASET,NORMAL,0
MTR,HUM_001,2026-03-01T15:56:00+00:00,46.574205305787565,%,GOOD,SYNTHETIC_ML_DATASET,NORMAL,0
MTR,POWER_001,2026-03-01T15:56:00+00:00,31.09917812516565,kW,GOOD,SYNTHETIC_ML_DATASET,NORMAL,0
MTR,PRESS_001,2026-03-01T15:56:00+00:00,988.2756416461384,hPa,GOOD,SYNTHETIC_ML_DATASET,NORMAL,0
MTR,TEMP_001,2026-03-01T15:56:00+00:00,-18.953838011553835,°C,GOOD,SYNTHETIC_ML_DATASET,NORMAL,0
MTR,VIB_001,2026-03-01T15:56:00+00:00,0.7218743947454108,mm/s,GOOD,SYNTHETIC_ML_DATASET,NORMAL,0
MTR,HUM_001,2026-03-01T15:57:00+00:00,45.593429885483,%,GOOD,SYNTHETIC_ML_DATASET,NORMAL,0
MTR,POWER_001,2026-03-01T15:57:00+00:00,30.903649868966482,kW,GOOD,SYNTHETIC_ML_DATASET,NORMAL,0
MTR,PRESS_001,2026-03-01T15:57:00+00:00,988.5345350235085,hPa,GOOD,SYNTHETIC_ML_DATASET,NORMAL,0
MTR,TEMP_001,2026-03-01T15:57:00+00:00,-19.030665581394565,°C,GOOD,SYNTHETIC_ML_DATASET,NORMAL,0
MTR,VIB_001,2026-03-01T15:57:00+00:00,0.721389224798588,mm/s,GOOD,SYNTHETIC_ML_DATASET,NORMAL,0
MTR,HUM_001,2026-03-01T15:58:00+00:00,46.23350978260694,%,GOOD,SYNTHETIC_ML_DATASET,NORMAL,0
MTR,POWER_001,2026-03-01T15:58:00+00:00,31.2576203360763,kW,GOOD,SYNTHETIC_ML_DATASET,NORMAL,0
MTR,PRESS_001,2026-03-01T15:58:00+00:00,988.331252658475,hPa,GOOD,SYNTHETIC_ML_DATASET,NORMAL,0
MTR,TEMP_001,2026-03-01T15:58:00+00:00,-18.912771465926678,°C,GOOD,SYNTHETIC_ML_DATASET,NORMAL,0
MTR,VIB_001,2026-03-01T15:58:00+00:00,0.770271517039475,mm/s,GOOD,SYNTHETIC_ML_DATASET,NORMAL,0
MTR,HUM_001,2026-03-01T15:59:00+00:00,46.79391773966855,%,GOOD,SYNTHETIC_ML_DATASET,NORMAL,0
MTR,POWER_001,2026-03-01T15:59:00+00:00,30.535829682051293,kW,GOOD,SYNTHETIC_ML_DATASET,NORMAL,0
MTR,PRESS_001,2026-03-01T15:59:00+00:00,988.097779309465,hPa,GOOD,SYNTHETIC_ML_DATASET,NORMAL,0
MTR,TEMP_001,2026-03-01T15:59:00+00:00,-18.924854483203934,°C,GOOD,SYNTHETIC_ML_DATASET,NORMAL,0
MTR,VIB_001,2026-03-01T15:59:00+00:00,0.7550535828633121,mm/s,GOOD,SYNTHETIC_ML_DATASET,NORMAL,0
MTR,HUM_001,2026-03-01T16:00:00+00:00,45.96536169006231,%,GOOD,SYNTHETIC_ML_DATASET,NORMAL,0
MTR,POWER_001,2026-03-01T16:00:00+00:00,30.578975432906798,kW,GOOD,SYNTHETIC_ML_DATASET,NORMAL,0
MTR,PRESS_001,2026-03-01T16:00:00+00:00,988.0995381208801,hPa,GOOD,SYNTHETIC_ML_DATASET,NORMAL,0
MTR,TEMP_001,2026-03-01T16:00:00+00:00,-18.672981314643714,°C,GOOD,SYNTHETIC_ML_DATASET,NORMAL,0
MTR,VIB_001,2026-03-01T16:00:00+00:00,0.7238538230733044,mm/s,GOOD,SYNTHETIC_ML_DATASET,NORMAL,0
MTR,HUM_001,2026-03-01T16:01:00+00:00,46.40367781301517,%,GOOD,SYNTHETIC_ML_DATASET,NORMAL,0
MTR,POWER_001,2026-03-01T16:01:00+00:00,30.967851591763374,kW,GOOD,SYNTHETIC_ML_DATASET,NORMAL,0
MTR,PRESS_001,2026-03-01T16:01:00+00:00,988.0758233756046,hPa,GOOD,SYNTHETIC_ML_DATASET,NORMAL,0
MTR,TEMP_001,2026-03-01T16:01:00+00:00,-18.790639632204066,°C,GOOD,SYNTHETIC_ML_DATASET,NORMAL,0
MTR,VIB_001,2026-03-01T16:01:00+00:00,0.7358582471905156,mm/s,GOOD,SYNTHETIC_ML_DATASET,NORMAL,0
MTR,HUM_001,2026-03-01T16:02:00+00:00,47.207684021467415,%,GOOD,SYNTHETIC_ML_DATASET,NORMAL,0
MTR,POWER_001,2026-03-01T16:02:00+00:00,30.98446391492976,kW,GOOD,SYNTHETIC_ML_DATASET,NORMAL,0
MTR,PRESS_001,2026-03-01T16:02:00+00:00,987.9806531429533,hPa,GOOD,SYNTHETIC_ML_DATASET,NORMAL,0
MTR,TEMP_001,2026-03-01T16:02:00+00:00,-18.855068752292617,°C,GOOD,SYNTHETIC_ML_DATASET,NORMAL,0
MTR,VIB_001,2026-03-01T16:02:00+00:00,0.7459672833263076,mm/s,GOOD,SYNTHETIC_ML_DATASET,NORMAL,0
MTR,HUM_001,2026-03-01T16:03:00+00:00,47.45563226564483,%,GOOD,SYNTHETIC_ML_DATASET,NORMAL,0
MTR,POWER_001,2026-03-01T16:03:00+00:00,30.795122323793052,kW,GOOD,SYNTHETIC_ML_DATASET,NORMAL,0
MTR,PRESS_001,2026-03-01T16:03:00+00:00,988.1055015291628,hPa,GOOD,SYNTHETIC_ML_DATASET,NORMAL,0
MTR,TEMP_001,2026-03-01T16:03:00+00:00,-18.874564827204757,°C,GOOD,SYNTHETIC_ML_DATASET,NORMAL,0
MTR,VIB_001,2026-03-01T16:03:00+00:00,0.7629259469681277,mm/s,GOOD,SYNTHETIC_ML_DATASET,NORMAL,0
MTR,HUM_001,2026-03-01T16:04:00+00:00,47.988228376028495,%,GOOD,SYNTHETIC_ML_DATASET,NORMAL,0
MTR,POWER_001,2026-03-01T16:04:00+00:00,30.591579134053777,kW,GOOD,SYNTHETIC_ML_DATASET,NORMAL,0
MTR,PRESS_001,2026-03-01T16:04:00+00:00,988.0738957654789,hPa,GOOD,SYNTHETIC_ML_DATASET,NORMAL,0
MTR,TEMP_001,2026-03-01T16:04:00+00:00,-18.960756419535816,°C,GOOD,SYNTHETIC_ML_DATASET,NORMAL,0
MTR,VIB_001,2026-03-01T16:04:00+00:00,0.719800845641285,mm/s,GOOD,SYNTHETIC_ML_DATASET,NORMAL,0
MTR,HUM_001,2026-03-01T16:05:00+00:00,48.463243852858334,%,GOOD,SYNTHETIC_ML_DATASET,NORMAL,0
MTR,POWER_001,2026-03-01T16:05:00+00:00,30.275122629889957,kW,GOOD,SYNTHETIC_ML_DATASET,NORMAL,0
MTR,PRESS_001,2026-03-01T16:05:00+00:00,987.9960617505483,hPa,GOOD,SYNTHETIC_ML_DATASET,NORMAL,0
MTR,TEMP_001,2026-03-01T16:05:00+00:00,-18.936369254328746,°C,GOOD,SYNTHETIC_ML_DATASET,NORMAL,0
MTR,VIB_001,2026-03-01T16:05:00+00:00,0.743072888949969,mm/s,GOOD,SYNTHETIC_ML_DATASET,NORMAL,0
MTR,HUM_001,2026-03-01T16:06:00+00:00,47.003183701142966,%,GOOD,SYNTHETIC_ML_DATASET,NORMAL,0
MTR,POWER_001,2026-03-01T16:06:00+00:00,30.164052888250982,kW,GOOD,SYNTHETIC_ML_DATASET,NORMAL,0
MTR,PRESS_001,2026-03-01T16:06:00+00:00,987.9930923936677,hPa,GOOD,SYNTHETIC_ML_DATASET,NORMAL,0
MTR,TEMP_001,2026-03-01T16:06:00+00:00,-19.00302569291818,°C,GOOD,SYNTHETIC_ML_DATASET,NORMAL,0
MTR,VIB_001,2026-03-01T16:06:00+00:00,0.7224584024642552,mm/s,GOOD,SYNTHETIC_ML_DATASET,NORMAL,0
MTR,HUM_001,2026-03-01T16:07:00+00:00,47.145326858439994,%,GOOD,SYNTHETIC_ML_DATASET,NORMAL,0
MTR,POWER_001,2026-03-01T16:07:00+00:00,30.279027370428416,kW,GOOD,SYNTHETIC_ML_DATASET,NORMAL,0
MTR,PRESS_001,2026-03-01T16:07:00+00:00,988.0568750265625,hPa,GOOD,SYNTHETIC_ML_DATASET,NORMAL,0
MTR,TEMP_001,2026-03-01T16:07:00+00:00,-19.127603235551334,°C,GOOD,SYNTHETIC_ML_DATASET,NORMAL,0
MTR,VIB_001,2026-03-01T16:07:00+00:00,0.7231539039020097,mm/s,GOOD,SYNTHETIC_ML_DATASET,NORMAL,0
MTR,HUM_001,2026-03-01T16:08:00+00:00,47.16061112297211,%,GOOD,SYNTHETIC_ML_DATASET,NORMAL,0
MTR,POWER_001,2026-03-01T16:08:00+00:00,30.224934087182987,kW,GOOD,SYNTHETIC_ML_DATASET,NORMAL,0
MTR,PRESS_001,2026-03-01T16:08:00+00:00,988.1517373502948,hPa,GOOD,SYNTHETIC_ML_DATASET,NORMAL,0
MTR,TEMP_001,2026-03-01T16:08:00+00:00,-19.088082677185472,°C,GOOD,SYNTHETIC_ML_DATASET,NORMAL,0
MTR,VIB_001,2026-03-01T16:08:00+00:00,0.7198526521890266,mm/s,GOOD,SYNTHETIC_ML_DATASET,NORMAL,0
MTR,HUM_001,2026-03-01T16:09:00+00:00,47.44729758900765,%,GOOD,SYNTHETIC_ML_DATASET,NORMAL,0
MTR,POWER_001,2026-03-01T16:09:00+00:00,29.249373741025728,kW,GOOD,SYNTHETIC_ML_DATASET,NORMAL,0
MTR,PRESS_001,2026-03-01T16:09:00+00:00,988.2101573299874,hPa,GOOD,SYNTHETIC_ML_DATASET,NORMAL,0
MTR,TEMP_001,2026-03-01T16:09:00+00:00,-18.919908409570933,°C,GOOD,SYNTHETIC_ML_DATASET,NORMAL,0
MTR,VIB_001,2026-03-01T16:09:00+00:00,0.7288651925247008,mm/s,GOOD,SYNTHETIC_ML_DATASET,NORMAL,0
MTR,HUM_001,2026-03-01T16:10:00+00:00,47.30657526578912,%,GOOD,SYNTHETIC_ML_DATASET,NORMAL,0
MTR,POWER_001,2026-03-01T16:10:00+00:00,30.27694888266892,kW,GOOD,SYNTHETIC_ML_DATASET,NORMAL,0
MTR,PRESS_001,2026-03-01T16:10:00+00:00,988.0894612872476,hPa,GOOD,SYNTHETIC_ML_DATASET,NORMAL,0
MTR,TEMP_001,2026-03-01T16:10:00+00:00,-19.099300523902087,°C,GOOD,SYNTHETIC_ML_DATASET,NORMAL,0
MTR,VIB_001,2026-03-01T16:10:00+00:00,0.7489723139606903,mm/s,GOOD,SYNTHETIC_ML_DATASET,NORMAL,0
MTR,HUM_001,2026-03-01T16:11:00+00:00,48.41165079068504,%,GOOD,SYNTHETIC_ML_DATASET,NORMAL,0
MTR,POWER_001,2026-03-01T16:11:00+00:00,29.814576205045782,kW,GOOD,SYNTHETIC_ML_DATASET,NORMAL,0
MTR,PRESS_001,2026-03-01T16:11:00+00:00,987.9944199198532,hPa,GOOD,SYNTHETIC_ML_DATASET,NORMAL,0
MTR,TEMP_001,2026-03-01T16:11:00+00:00,-19.12566616742992,°C,GOOD,SYNTHETIC_ML_DATASET,NORMAL,0
MTR,VIB_001,2026-03-01T16:11:00+00:00,0.7691009765806893,mm/s,GOOD,SYNTHETIC_ML_DATASET,NORMAL,0
MTR,HUM_001,2026-03-01T16:12:00+00:00,47.3564661677209,%,GOOD,SYNTHETIC_ML_DATASET,NORMAL,0
MTR,POWER_001,2026-03-01T16:12:00+00:00,30.142590667960782,kW,GOOD,SYNTHETIC_ML_DATASET,NORMAL,0
MTR,PRESS_001,2026-03-01T16:12:00+00:00,987.7408535160267,hPa,GOOD,SYNTHETIC_ML_DATASET,NORMAL,0
MTR,TEMP_001,2026-03-01T16:12:00+00:00,-19.051872150890045,°C,GOOD,SYNTHETIC_ML_DATASET,NORMAL,0
MTR,VIB_001,2026-03-01T16:12:00+00:00,0.7524397793684898,mm/s,GOOD,SYNTHETIC_ML_DATASET,NORMAL,0
MTR,HUM_001,2026-03-01T16:13:00+00:00,48.646905495663745,%,GOOD,SYNTHETIC_ML_DATASET,NORMAL,0
MTR,POWER_001,2026-03-01T16:13:00+00:00,29.155893759804,kW,GOOD,SYNTHETIC_ML_DATASET,NORMAL,0
MTR,PRESS_001,2026-03-01T16:13:00+00:00,988.1486573582902,hPa,GOOD,SYNTHETIC_ML_DATASET,NORMAL,0
MTR,TEMP_001,2026-03-01T16:13:00+00:00,-18.77515473854226,°C,GOOD,SYNTHETIC_ML_DATASET,NORMAL,0
MTR,VIB_001,2026-03-01T16:13:00+00:00,0.7455825020910943,mm/s,GOOD,SYNTHETIC_ML_DATASET,NORMAL,0
MTR,HUM_001,2026-03-01T16:14:00+00:00,47.53941569348205,%,GOOD,SYNTHETIC_ML_DATASET,NORMAL,0
MTR,POWER_001,2026-03-01T16:14:00+00:00,30.145267353397593,kW,GOOD,SYNTHETIC_ML_DATASET,NORMAL,0
MTR,PRESS_001,2026-03-01T16:14:00+00:00,988.2971798475791,hPa,GOOD,SYNTHETIC_ML_DATASET,NORMAL,0
MTR,TEMP_001,2026-03-01T16:14:00+00:00,-19.30732705839742,°C,GOOD,SYNTHETIC_ML_DATASET,NORMAL,0
MTR,VIB_001,2026-03-01T16:14:00+00:00,0.7574389409105198,mm/s,GOOD,SYNTHETIC_ML_DATASET,NORMAL,0
MTR,HUM_001,2026-03-01T16:15:00+00:00,47.977358128729634,%,GOOD,SYNTHETIC_ML_DATASET,NORMAL,0
MTR,POWER_001,2026-03-01T16:15:00+00:00,29.292826306511266,kW,GOOD,SYNTHETIC_ML_DATASET,NORMAL,0
MTR,PRESS_001,2026-03-01T16:15:00+00:00,988.3931274953247,hPa,GOOD,SYNTHETIC_ML_DATASET,NORMAL,0
MTR,TEMP_001,2026-03-01T16:15:00+00:00,-19.118996619448957,°C,GOOD,SYNTHETIC_ML_DATASET,NORMAL,0
MTR,VIB_001,2026-03-01T16:15:00+00:00,0.7372564795683918,mm/s,GOOD,SYNTHETIC_ML_DATASET,NORMAL,0
MTR,HUM_001,2026-03-01T16:16:00+00:00,47.28321050657432,%,GOOD,SYNTHETIC_ML_DATASET,NORMAL,0
MTR,POWER_001,2026-03-01T16:16:00+00:00,29.39007520315168,kW,GOOD,SYNTHETIC_ML_DATASET,NORMAL,0
MTR,PRESS_001,2026-03-01T16:16:00+00:00,988.3001740195358,hPa,GOOD,SYNTHETIC_ML_DATASET,NORMAL,0
MTR,TEMP_001,2026-03-01T16:16:00+00:00,-19.38457388548656,°C,GOOD,SYNTHETIC_ML_DATASET,NORMAL,0
MTR,VIB_001,2026-03-01T16:16:00+00:00,0.7329751135877046,mm/s,GOOD,SYNTHETIC_ML_DATASET,NORMAL,0
MTR,HUM_001,2026-03-01T16:17:00+00:00,47.26116924315933,%,GOOD,SYNTHETIC_ML_DATASET,NORMAL,0
MTR,POWER_001,2026-03-01T16:17:00+00:00,28.356513699710202,kW,GOOD,SYNTHETIC_ML_DATASET,NORMAL,0
MTR,PRESS_001,2026-03-01T16:17:00+00:00,988.2150002305866,hPa,GOOD,SYNTHETIC_ML_DATASET,NORMAL,0
MTR,TEMP_001,2026-03-01T16:17:00+00:00,-19.13509129426,°C,GOOD,SYNTHETIC_ML_DATASET,NORMAL,0
MTR,VIB_001,2026-03-01T16:17:00+00:00,0.7288714821303356,mm/s,GOOD,SYNTHETIC_ML_DATASET,NORMAL,0
MTR,HUM_001,2026-03-01T16:18:00+00:00,47.676423668724105,%,GOOD,SYNTHETIC_ML_DATASET,NORMAL,0
MTR,POWER_001,2026-03-01T16:18:00+00:00,28.98073095371019,kW,GOOD,SYNTHETIC_ML_DATASET,NORMAL,0
MTR,PRESS_001,2026-03-01T16:18:00+00:00,988.0314143410064,hPa,GOOD,SYNTHETIC_ML_DATASET,NORMAL,0
MTR,TEMP_001,2026-03-01T16:18:00+00:00,-19.08784546986559,°C,GOOD,SYNTHETIC_ML_DATASET,NORMAL,0
MTR,VIB_001,2026-03-01T16:18:00+00:00,0.7480669970035023,mm/s,GOOD,SYNTHETIC_ML_DATASET,NORMAL,0
MTR,HUM_001,2026-03-01T16:19:00+00:00,48.14395058254623,%,GOOD,SYNTHETIC_ML_DATASET,NORMAL,0
MTR,POWER_001,2026-03-01T16:19:00+00:00,28.65777591447012,kW,GOOD,SYNTHETIC_ML_DATASET,NORMAL,0
MTR,PRESS_001,2026-03-01T16:19:00+00:00,988.0784187574917,hPa,GOOD,SYNTHETIC_ML_DATASET,NORMAL,0
MTR,TEMP_001,2026-03-01T16:19:00+00:00,-19.19499527030987,°C,GOOD,SYNTHETIC_ML_DATASET,NORMAL,0
MTR,VIB_001,2026-03-01T16:19:00+00:00,0.7315517923604018,mm/s,GOOD,SYNTHETIC_ML_DATASET,NORMAL,0
MTR,HUM_001,2026-03-01T16:20:00+00:00,48.309049787620374,%,GOOD,SYNTHETIC_ML_DATASET,NORMAL,0
MTR,POWER_001,2026-03-01T16:20:00+00:00,29.286498302909326,kW,GOOD,SYNTHETIC_ML_DATASET,NORMAL,0
MTR,PRESS_001,2026-03-01T16:20:00+00:00,988.2144214373928,hPa,GOOD,SYNTHETIC_ML_DATASET,NORMAL,0
MTR,TEMP_001,2026-03-01T16:20:00+00:00,-19.19471357050116,°C,GOOD,SYNTHETIC_ML_DATASET,NORMAL,0
MTR,VIB_001,2026-03-01T16:20:00+00:00,0.7379801029939712,mm/s,GOOD,SYNTHETIC_ML_DATASET,NORMAL,0
MTR,HUM_001,2026-03-01T16:21:00+00:00,49.55713737676826,%,GOOD,SYNTHETIC_ML_DATASET,NORMAL,0
MTR,POWER_001,2026-03-01T16:21:00+00:00,28.855319286057185,kW,GOOD,SYNTHETIC_ML_DATASET,NORMAL,0
MTR,PRESS_001,2026-03-01T16:21:00+00:00,988.0829509757689,hPa,GOOD,SYNTHETIC_ML_DATASET,NORMAL,0
MTR,TEMP_001,2026-03-01T16:21:00+00:00,-19.44972470129499,°C,GOOD,SYNTHETIC_ML_DATASET,NORMAL,0
MTR,VIB_001,2026-03-01T16:21:00+00:00,0.7373515478064427,mm/s,GOOD,SYNTHETIC_ML_DATASET,NORMAL,0
MTR,HUM_001,2026-03-01T16:22:00+00:00,48.4643941678711,%,GOOD,SYNTHETIC_ML_DATASET,NORMAL,0
MTR,POWER_001,2026-03-01T16:22:00+00:00,28.717084979705668,kW,GOOD,SYNTHETIC_ML_DATASET,NORMAL,0
MTR,PRESS_001,2026-03-01T16:22:00+00:00,988.1332186504005,hPa,GOOD,SYNTHETIC_ML_DATASET,NORMAL,0
MTR,TEMP_001,2026-03-01T16:22:00+00:00,-19.341222696472318,°C,GOOD,SYNTHETIC_ML_DATASET,NORMAL,0
MTR,VIB_001,2026-03-01T16:22:00+00:00,0.7419326950706708,mm/s,GOOD,SYNTHETIC_ML_DATASET,NORMAL,0
MTR,HUM_001,2026-03-01T16:23:00+00:00,49.26656659034946,%,GOOD,SYNTHETIC_ML_DATASET,NORMAL,0
MTR,POWER_001,2026-03-01T16:23:00+00:00,29.03984475428025,kW,GOOD,SYNTHETIC_ML_DATASET,NORMAL,0
MTR,PRESS_001,2026-03-01T16:23:00+00:00,988.1290628035847,hPa,GOOD,SYNTHETIC_ML_DATASET,NORMAL,0
MTR,TEMP_001,2026-03-01T16:23:00+00:00,-19.30684468936781,°C,GOOD,SYNTHETIC_ML_DATASET,NORMAL,0
MTR,VIB_001,2026-03-01T16:23:00+00:00,0.7312042423858482,mm/s,GOOD,SYNTHETIC_ML_DATASET,NORMAL,0
MTR,HUM_001,2026-03-01T16:24:00+00:00,49.225052630955396,%,GOOD,SYNTHETIC_ML_DATASET,NORMAL,0
MTR,POWER_001,2026-03-01T16:24:00+00:00,29.217419428052917,kW,GOOD,SYNTHETIC_ML_DATASET,NORMAL,0
MTR,PRESS_001,2026-03-01T16:24:00+00:00,987.9994790131211,hPa,GOOD,SYNTHETIC_ML_DATASET,NORMAL,0
MTR,TEMP_001,2026-03-01T16:24:00+00:00,-19.346183043384745,°C,GOOD,SYNTHETIC_ML_DATASET,NORMAL,0
MTR,VIB_001,2026-03-01T16:24:00+00:00,0.7148265209455117,mm/s,GOOD,SYNTHETIC_ML_DATASET,NORMAL,0
MTR,HUM_001,2026-03-01T16:25:00+00:00,49.554289427178915,%,GOOD,SYNTHETIC_ML_DATASET,NORMAL,0
MTR,POWER_001,2026-03-01T16:25:00+00:00,29.149016488904522,kW,GOOD,SYNTHETIC_ML_DATASET,NORMAL,0
MTR,PRESS_001,2026-03-01T16:25:00+00:00,988.0676470310401,hPa,GOOD,SYNTHETIC_ML_DATASET,NORMAL,0
MTR,TEMP_001,2026-03-01T16:25:00+00:00,-19.217734145322723,°C,GOOD,SYNTHETIC_ML_DATASET,NORMAL,0
MTR,VIB_001,2026-03-01T16:25:00+00:00,0.7500218191246075,mm/s,GOOD,SYNTHETIC_ML_DATASET,NORMAL,0
MTR,HUM_001,2026-03-01T16:26:00+00:00,48.984501313072975,%,GOOD,SYNTHETIC_ML_DATASET,NORMAL,0
MTR,POWER_001,2026-03-01T16:26:00+00:00,30.036382561428503,kW,GOOD,SYNTHETIC_ML_DATASET,NORMAL,0
MTR,PRESS_001,2026-03-01T16:26:00+00:00,988.1587380342999,hPa,GOOD,SYNTHETIC_ML_DATASET,NORMAL,0
MTR,TEMP_001,2026-03-01T16:26:00+00:00,-19.292535250852232,°C,GOOD,SYNTHETIC_ML_DATASET,NORMAL,0
MTR,VIB_001,2026-03-01T16:26:00+00:00,0.7079063341655926,mm/s,GOOD,SYNTHETIC_ML_DATASET,NORMAL,0
MTR,HUM_001,2026-03-01T16:27:00+00:00,48.43117645889319,%,GOOD,SYNTHETIC_ML_DATASET,NORMAL,0
MTR,POWER_001,2026-03-01T16:27:00+00:00,29.908498094809946,kW,GOOD,SYNTHETIC_ML_DATASET,NORMAL,0
MTR,PRESS_001,2026-03-01T16:27:00+00:00,988.0451281915518,hPa,GOOD,SYNTHETIC_ML_DATASET,NORMAL,0
MTR,TEMP_001,2026-03-01T16:27:00+00:00,-19.3953256475373,°C,GOOD,SYNTHETIC_ML_DATASET,NORMAL,0
MTR,VIB_001,2026-03-01T16:27:00+00:00,0.7606782967901498,mm/s,GOOD,SYNTHETIC_ML_DATASET,NORMAL,0
MTR,HUM_001,2026-03-01T16:28:00+00:00,48.57418070400844,%,GOOD,SYNTHETIC_ML_DATASET,NORMAL,0
MTR,POWER_001,2026-03-01T16:28:00+00:00,29.328212834978245,kW,GOOD,SYNTHETIC_ML_DATASET,NORMAL,0
MTR,PRESS_001,2026-03-01T16:28:00+00:00,988.267876111699,hPa,GOOD,SYNTHETIC_ML_DATASET,NORMAL,0
MTR,TEMP_001,2026-03-01T16:28:00+00:00,-19.432028651641996,°C,GOOD,SYNTHETIC_ML_DATASET,NORMAL,0
MTR,VIB_001,2026-03-01T16:28:00+00:00,0.7039027628682247,mm/s,GOOD,SYNTHETIC_ML_DATASET,NORMAL,0
MTR,HUM_001,2026-03-01T16:29:00+00:00,48.961505744529624,%,GOOD,SYNTHETIC_ML_DATASET,NORMAL,0
MTR,POWER_001,2026-03-01T16:29:00+00:00,29.57231082400653,kW,GOOD,SYNTHETIC_ML_DATASET,NORMAL,0
MTR,PRESS_001,2026-03-01T16:29:00+00:00,987.9611225753771,hPa,GOOD,SYNTHETIC_ML_DATASET,NORMAL,0
MTR,TEMP_001,2026-03-01T16:29:00+00:00,-19.5574541512967,°C,GOOD,SYNTHETIC_ML_DATASET,NORMAL,0
MTR,VIB_001,2026-03-01T16:29:00+00:00,0.7545043345385953,mm/s,GOOD,SYNTHETIC_ML_DATASET,NORMAL,0
MTR,HUM_001,2026-03-01T16:30:00+00:00,49.353898832979205,%,GOOD,SYNTHETIC_ML_DATASET,NORMAL,0
MTR,POWER_001,2026-03-01T16:30:00+00:00,30.115425201099598,kW,GOOD,SYNTHETIC_ML_DATASET,NORMAL,0
MTR,PRESS_001,2026-03-01T16:30:00+00:00,987.7241385818731,hPa,GOOD,SYNTHETIC_ML_DATASET,NORMAL,0
MTR,TEMP_001,2026-03-01T16:30:00+00:00,-19.225873012541307,°C,GOOD,SYNTHETIC_ML_DATASET,NORMAL,0
MTR,VIB_001,2026-03-01T16:30:00+00:00,0.7247177665222232,mm/s,GOOD,SYNTHETIC_ML_DATASET,NORMAL,0
MTR,HUM_001,2026-03-01T16:31:00+00:00,48.572317156366154,%,GOOD,SYNTHETIC_ML_DATASET,NORMAL,0
MTR,POWER_001,2026-03-01T16:31:00+00:00,30.033768284736865,kW,GOOD,SYNTHETIC_ML_DATASET,NORMAL,0
MTR,PRESS_001,2026-03-01T16:31:00+00:00,987.9105806135167,hPa,GOOD,SYNTHETIC_ML_DATASET,NORMAL,0
MTR,TEMP_001,2026-03-01T16:31:00+00:00,-19.06181006445483,°C,GOOD,SYNTHETIC_ML_DATASET,NORMAL,0
MTR,VIB_001,2026-03-01T16:31:00+00:00,0.7352492859970524,mm/s,GOOD,SYNTHETIC_ML_DATASET,NORMAL,0
MTR,HUM_001,2026-03-01T16:32:00+00:00,49.639053495907454,%,GOOD,SYNTHETIC_ML_DATASET,NORMAL,0
MTR,POWER_001,2026-03-01T16:32:00+00:00,29.196114503686683,kW,GOOD,SYNTHETIC_ML_DATASET,NORMAL,0
MTR,PRESS_001,2026-03-01T16:32:00+00:00,988.0308960589219,hPa,GOOD,SYNTHETIC_ML_DATASET,NORMAL,0
MTR,TEMP_001,2026-03-01T16:32:00+00:00,-18.938340748935715,°C,GOOD,SYNTHETIC_ML_DATASET,NORMAL,0
MTR,VIB_001,2026-03-01T16:32:00+00:00,0.7494757366704692,mm/s,GOOD,SYNTHETIC_ML_DATASET,NORMAL,0
MTR,HUM_001,2026-03-01T16:33:00+00:00,49.32213586326192,%,GOOD,SYNTHETIC_ML_DATASET,NORMAL,0
MTR,POWER_001,2026-03-01T16:33:00+00:00,29.832572661011714,kW,GOOD,SYNTHETIC_ML_DATASET,NORMAL,0
MTR,PRESS_001,2026-03-01T16:33:00+00:00,987.9743852815496,hPa,GOOD,SYNTHETIC_ML_DATASET,NORMAL,0
MTR,TEMP_001,2026-03-01T16:33:00+00:00,-18.722175978489222,°C,GOOD,SYNTHETIC_ML_DATASET,NORMAL,0
MTR,VIB_001,2026-03-01T16:33:00+00:00,0.731316676639483,mm/s,GOOD,SYNTHETIC_ML_DATASET,NORMAL,0
MTR,HUM_001,2026-03-01T16:34:00+00:00,48.73147434918765,%,GOOD,SYNTHETIC_ML_DATASET,NORMAL,0
MTR,POWER_001,2026-03-01T16:34:00+00:00,29.410779806199464,kW,GOOD,SYNTHETIC_ML_DATASET,NORMAL,0
MTR,PRESS_001,2026-03-01T16:34:00+00:00,987.8293535367068,hPa,GOOD,SYNTHETIC_ML_DATASET,NORMAL,0
MTR,TEMP_001,2026-03-01T16:34:00+00:00,-18.875882121693238,°C,GOOD,SYNTHETIC_ML_DATASET,NORMAL,0
MTR,VIB_001,2026-03-01T16:34:00+00:00,0.7415157776765773,mm/s,GOOD,SYNTHETIC_ML_DATASET,NORMAL,0
MTR,HUM_001,2026-03-01T16:35:00+00:00,49.57929399584229,%,GOOD,SYNTHETIC_ML_DATASET,NORMAL,0
MTR,POWER_001,2026-03-01T16:35:00+00:00,29.175947265724712,kW,GOOD,SYNTHETIC_ML_DATASET,NORMAL,0
MTR,PRESS_001,2026-03-01T16:35:00+00:00,987.8537103691943,hPa,GOOD,SYNTHETIC_ML_DATASET,NORMAL,0
MTR,TEMP_001,2026-03-01T16:35:00+00:00,-18.817839658131618,°C,GOOD,SYNTHETIC_ML_DATASET,NORMAL,0
MTR,VIB_001,2026-03-01T16:35:00+00:00,0.806889451679822,mm/s,GOOD,SYNTHETIC_ML_DATASET,NORMAL,0
MTR,HUM_001,2026-03-01T16:36:00+00:00,49.14737819695988,%,GOOD,SYNTHETIC_ML_DATASET,NORMAL,0
MTR,POWER_001,2026-03-01T16:36:00+00:00,28.366563111702614,kW,GOOD,SYNTHETIC_ML_DATASET,NORMAL,0
MTR,PRESS_001,2026-03-01T16:36:00+00:00,988.2161679585207,hPa,GOOD,SYNTHETIC_ML_DATASET,NORMAL,0
MTR,TEMP_001,2026-03-01T16:36:00+00:00,-18.774964384699913,°C,GOOD,SYNTHETIC_ML_DATASET,NORMAL,0
MTR,VIB_001,2026-03-01T16:36:00+00:00,0.7627191606926154,mm/s,GOOD,SYNTHETIC_ML_DATASET,NORMAL,0
MTR,HUM_001,2026-03-01T16:37:00+00:00,48.54029698600832,%,GOOD,SYNTHETIC_ML_DATASET,NORMAL,0
MTR,POWER_001,2026-03-01T16:37:00+00:00,29.168747051177522,kW,GOOD,SYNTHETIC_ML_DATASET,NORMAL,0
MTR,PRESS_001,2026-03-01T16:37:00+00:00,987.8056765958374,hPa,GOOD,SYNTHETIC_ML_DATASET,NORMAL,0
MTR,TEMP_001,2026-03-01T16:37:00+00:00,-18.84078272412395,°C,GOOD,SYNTHETIC_ML_DATASET,NORMAL,0
MTR,VIB_001,2026-03-01T16:37:00+00:00,0.7568893171106281,mm/s,GOOD,SYNTHETIC_ML_DATASET,NORMAL,0
MTR,HUM_001,2026-03-01T16:38:00+00:00,47.94239041981135,%,GOOD,SYNTHETIC_ML_DATASET,NORMAL,0
MTR,POWER_001,2026-03-01T16:38:00+00:00,28.783270370346514,kW,GOOD,SYNTHETIC_ML_DATASET,NORMAL,0
MTR,PRESS_001,2026-03-01T16:38:00+00:00,987.7671833373165,hPa,GOOD,SYNTHETIC_ML_DATASET,NORMAL,0
MTR,TEMP_001,2026-03-01T16:38:00+00:00,-18.911589347846224,°C,GOOD,SYNTHETIC_ML_DATASET,NORMAL,0
MTR,VIB_001,2026-03-01T16:38:00+00:00,0.7702821781129361,mm/s,GOOD,SYNTHETIC_ML_DATASET,NORMAL,0
MTR,HUM_001,2026-03-01T16:39:00+00:00,47.73967551368517,%,GOOD,SYNTHETIC_ML_DATASET,NORMAL,0
MTR,POWER_001,2026-03-01T16:39:00+00:00,28.959527652210443,kW,GOOD,SYNTHETIC_ML_DATASET,NORMAL,0
MTR,PRESS_001,2026-03-01T16:39:00+00:00,987.9132439908201,hPa,GOOD,SYNTHETIC_ML_DATASET,NORMAL,0
MTR,TEMP_001,2026-03-01T16:39:00+00:00,-18.468511301195118,°C,GOOD,SYNTHETIC_ML_DATASET,NORMAL,0
MTR,VIB_001,2026-03-01T16:39:00+00:00,0.7447416137647098,mm/s,GOOD,SYNTHETIC_ML_DATASET,NORMAL,0
