station_id,sensor_id,timestamp,target_value,is_anomaly,anomaly_type,any_anomaly_in_window,split,reconstruction_error,model_version
BRT,BRT_HUM_001,2026-03-01T23:49:00+00:00,58.38449334183063,0,NORMAL,0,val,0.009469508193433285,lstm-ae-bharati-v1
BRT,BRT_HUM_001,2026-03-01T23:50:00+00:00,59.02516394667025,0,NORMAL,0,val,0.009090721607208252,lstm-ae-bharati-v1
BRT,BRT_HUM_001,2026-03-01T23:51:00+00:00,59.12213166154991,0,NORMAL,0,val,0.008916419930756092,lstm-ae-bharati-v1
BRT,BRT_HUM_001,2026-03-01T23:52:00+00:00,58.88276613970218,0,NORMAL,0,val,0.009585012681782246,lstm-ae-bharati-v1
BRT,BRT_HUM_001,2026-03-01T23:53:00+00:00,58.11396866510391,0,NORMAL,0,val,0.012936933897435665,lstm-ae-bharati-v1
BRT,BRT_HUM_001,2026-03-01T23:54:00+00:00,59.582770246947725,0,NORMAL,0,val,0.012301026843488216,lstm-ae-bharati-v1
BRT,BRT_HUM_001,2026-03-01T23:55:00+00:00,59.32738235694197,0,NORMAL,0,val,0.012599984183907509,lstm-ae-bharati-v1
BRT,BRT_HUM_001,2026-03-01T23:56:00+00:00,59.66413786595387,0,NORMAL,0,val,0.0130951888859272,lstm-ae-bharati-v1
BRT,BRT_HUM_001,2026-03-01T23:57:00+00:00,59.81210464998632,0,NORMAL,0,val,0.010145503096282482,lstm-ae-bharati-v1
BRT,BRT_HUM_001,2026-03-01T23:58:00+00:00,59.183363410626534,0,NORMAL,0,val,0.010912825353443623,lstm-ae-bharati-v1
BRT,BRT_HUM_001,2026-03-01T23:59:00+00:00,59.97064235726757,0,NORMAL,0,val,0.0112726129591465,lstm-ae-bharati-v1
BRT,BRT_HUM_001,2026-03-02T00:00:00+00:00,84.23431566793627,1,SPIKE,1,val,0.6820231080055237,lstm-ae-bharati-v1
BRT,BRT_HUM_001,2026-03-02T00:01:00+00:00,83.81842658249266,1,SPIKE,1,val,1.2360821962356567,lstm-ae-bharati-v1
BRT,BRT_HUM_001,2026-03-02T00:02:00+00:00,84.19209557656315,1,SPIKE,1,val,1.7402304410934448,lstm-ae-bharati-v1
BRT,BRT_HUM_001,2026-03-02T00:03:00+00:00,61.28882466469707,0,NORMAL,1,val,1.7490102052688599,lstm-ae-bharati-v1
BRT,BRT_HUM_001,2026-03-02T00:04:00+00:00,61.809392050677154,0,NORMAL,1,val,1.7713474035263062,lstm-ae-bharati-v1
BRT,BRT_HUM_001,2026-03-02T00:05:00+00:00,60.82277020580864,0,NORMAL,1,val,1.8202779293060303,lstm-ae-bharati-v1
BRT,BRT_HUM_001,2026-03-02T00:06:00+00:00,60.827377203991546,0,NORMAL,1,val,1.8741652965545654,lstm-ae-bharati-v1
BRT,BRT_HUM_001,2026-03-02T00:07:00+00:00,61.05299849690695,0,NORMAL,1,val,1.9260592460632324,lstm-ae-bharati-v1
BRT,BRT_HUM_001,2026-03-02T00:08:00+00:00,60.86287464340508,0,NORMAL,1,val,1.9804456233978271,lstm-ae-bharati-v1
BRT,BRT_HUM_001,2026-03-02T00:09:00+00:00,61.58986077810137,0,NORMAL,1,val,2.014569044113159,lstm-ae-bharati-v1
BRT,BRT_HUM_001,2026-03-02T00:10:00+00:00,61.8097512924855,0,NORMAL,1,val,2.0396125316619873,lstm-ae-bharati-v1
BRT,BRT_HUM_001,2026-03-02T00:11:00+00:00,62.6471506201042,0,NORMAL,1,val,2.0480690002441406,lstm-ae-bharati-v1
BRT,BRT_HUM_001,2026-03-02T00:12:00+00:00,61.175516508885195,0,NORMAL,1,val,2.07916522026062,lstm-ae-bharati-v1
BRT,BRT_HUM_001,2026-03-02T00:13:00+00:00,62.66608026067487,0,NORMAL,1,val,2.0822765827178955,lstm-ae-bharati-v1
BRT,BRT_HUM_001,2026-03-02T00:14:00+00:00,62.99122430816701,0,NORMAL,1,val,2.081960439682007,lstm-ae-bharati-v1
BRT,BRT_HUM_001,2026-03-02T00:15:00+00:00,62.36040286624702,0,NORMAL,1,val,2.0828728675842285,lstm-ae-bharati-v1
BRT,BRT_HUM_001,2026-03-02T00:16:00+00:00,63.744994203633965,0,NORMAL,1,val,2.069288492202759,lstm-ae-bharati-v1
BRT,BRT_HUM_001,2026-03-02T00:17:00+00:00,63.69728089241602,0,NORMAL,1,val,2.053828239440918,lstm-ae-bharati-v1
BRT,BRT_HUM_001,2026-03-02T00:18:00+00:00,63.223558565414464,0,NORMAL,1,val,2.0346696376800537,lstm-ae-bharati-v1
BRT,BRT_HUM_001,2026-03-02T00:19:00+00:00,62.26977947706882,0,NORMAL,1,val,2.0060036182403564,lstm-ae-bharati-v1
BRT,BRT_HUM_001,2026-03-02T00:20:00+00:00,62.90640720624642,0,NORMAL,1,val,1.9701322317123413,lstm-ae-bharati-v1
BRT,BRT_HUM_001,2026-03-02T00:21:00+00:00,62.924855316517856,0,NORMAL,1,val,1.926578402519226,lstm-ae-bharati-v1
BRT,BRT_HUM_001,2026-03-02T00:22:00+00:00,63.09188592017992,0,NORMAL,1,val,1.8699357509613037,lstm-ae-bharati-v1
BRT,BRT_HUM_001,2026-03-02T00:23:00+00:00,63.43044884766935,0,NORMAL,1,val,1.7920279502868652,lstm-ae-bharati-v1
BRT,BRT_HUM_001,2026-03-02T00:24:00+00:00,62.5500539490973,0,NORMAL,1,val,1.7338420152664185,lstm-ae-bharati-v1
BRT,BRT_HUM_001,2026-03-02T00:25:00+00:00,62.09037252665923,0,NORMAL,1,val,1.6667461395263672,lstm-ae-bharati-v1
BRT,BRT_HUM_001,2026-03-02T00:26:00+00:00,62.817032888343526,0,NORMAL,1,val,1.6065455675125122,lstm-ae-bharati-v1
BRT,BRT_HUM_001,2026-03-02T00:27:00+00:00,62.79101527816988,0,NORMAL,1,val,1.5498840808868408,lstm-ae-bharati-v1
BRT,BRT_HUM_001,2026-03-02T00:28:00+00:00,63.189818609215855,0,NORMAL,1,val,1.48531174659729,lstm-ae-bharati-v1
BRT,BRT_HUM_001,2026-03-02T00:29:00+00:00,62.88855098544912,0,NORMAL,1,val,1.4676458835601807,lstm-ae-bharati-v1
BRT,BRT_HUM_001,2026-03-02T00:30:00+00:00,62.66547819620236,0,NORMAL,1,val,1.0825201272964478,lstm-ae-bharati-v1
BRT,BRT_HUM_001,2026-03-02T00:31:00+00:00,64.09539983334993,0,NORMAL,1,val,0.6157731413841248,lstm-ae-bharati-v1
BRT,BRT_HUM_001,2026-03-02T00:32:00+00:00,62.846458639153624,0,NORMAL,0,val,0.014449874870479107,lstm-ae-bharati-v1
BRT,BRT_HUM_001,2026-03-02T00:33:00+00:00,63.03345636526622,0,NORMAL,0,val,0.0144972437992692,lstm-ae-bharati-v1
BRT,BRT_HUM_001,2026-03-02T00:34:00+00:00,62.56876043891141,0,NORMAL,0,val,0.015389540232717991,lstm-ae-bharati-v1
BRT,BRT_HUM_001,2026-03-02T00:35:00+00:00,63.461520521736,0,NORMAL,0,val,0.014997059479355812,lstm-ae-bharati-v1
BRT,BRT_HUM_001,2026-03-02T00:36:00+00:00,63.99157080942064,0,NORMAL,0,val,0.01477233786135912,lstm-ae-bharati-v1
BRT,BRT_HUM_001,2026-03-02T00:37:00+00:00,64.21344903378031,0,NORMAL,0,val,0.014941907487809658,lstm-ae-bharati-v1
BRT,BRT_HUM_001,2026-03-02T00:38:00+00:00,64.16145503822047,0,NORMAL,0,val,0.013537689112126827,lstm-ae-bharati-v1
BRT,BRT_HUM_001,2026-03-02T00:39:00+00:00,63.742140810323754,0,NORMAL,0,val,0.013052948750555515,lstm-ae-bharati-v1
BRT,BRT_HUM_001,2026-03-02T00:40:00+00:00,63.43707614501636,0,NORMAL,0,val,0.012808378785848618,lstm-ae-bharati-v1
BRT,BRT_HUM_001,2026-03-02T00:41:00+00:00,64.51039406113003,0,NORMAL,0,val,0.01422877237200737,lstm-ae-bharati-v1
BRT,BRT_HUM_001,2026-03-02T00:42:00+00:00,65.58841922973951,0,NORMAL,0,val,0.015957092866301537,lstm-ae-bharati-v1
BRT,BRT_HUM_001,2026-03-02T00:43:00+00:00,64.93111204486243,0,NORMAL,0,val,0.016936631873250008,lstm-ae-bharati-v1
BRT,BRT_HUM_001,2026-03-02T00:44:00+00:00,64.84140168427584,0,NORMAL,0,val,0.017246278002858162,lstm-ae-bharati-v1
BRT,BRT_HUM_001,2026-03-02T00:45:00+00:00,64.05918053593403,0,NORMAL,0,val,0.01713968627154827,lstm-ae-bharati-v1
BRT,BRT_HUM_001,2026-03-02T00:46:00+00:00,64.57676455903945,0,NORMAL,0,val,0.014699234627187252,lstm-ae-bharati-v1
BRT,BRT_HUM_001,2026-03-02T00:47:00+00:00,63.99696863325249,0,NORMAL,0,val,0.013085433281958103,lstm-ae-bharati-v1
BRT,BRT_HUM_001,2026-03-02T00:48:00+00:00,65.22931008021513,0,NORMAL,0,val,0.01204727403819561,lstm-ae-bharati-v1
BRT,BRT_HUM_001,2026-03-02T00:49:00+00:00,64.32930690953324,0,NORMAL,0,val,0.012214857153594494,lstm-ae-bharati-v1
BRT,BRT_HUM_001,2026-03-02T00:50:00+00:00,64.23888144707834,0,NORMAL,0,val,0.012014885433018208,lstm-ae-bharati-v1
BRT,BRT_HUM_001,2026-03-02T00:51:00+00:00,63.75576704032603,0,NORMAL,0,val,0.012836591340601444,lstm-ae-bharati-v1
BRT,BRT_HUM_001,2026-03-02T00:52:00+00:00,64.52804533463707,0,NORMAL,0,val,0.011747496202588081,lstm-ae-bharati-v1
BRT,BRT_HUM_001,2026-03-02T00:53:00+00:00,64.52902687441957,0,NORMAL,0,val,0.011040659621357918,lstm-ae-bharati-v1
BRT,BRT_HUM_001,2026-03-02T00:54:00+00:00,65.37303224230031,0,NORMAL,0,val,0.011483544483780861,lstm-ae-bharati-v1
BRT,BRT_HUM_001,2026-03-02T00:55:00+00:00,65.18351443150553,0,NORMAL,0,val,0.010854131542146206,lstm-ae-bharati-v1
BRT,BRT_HUM_001,2026-03-02T00:56:00+00:00,65.2788008299665,0,NORMAL,0,val,0.01099342480301857,lstm-ae-bharati-v1
BRT,BRT_HUM_001,2026-03-02T00:57:00+00:00,65.68650771871484,0,NORMAL,0,val,0.01138682197779417,lstm-ae-bharati-v1
BRT,BRT_HUM_001,2026-03-02T00:58:00+00:00,66.45771578111786,0,NORMAL,0,val,0.013554104603827,lstm-ae-bharati-v1
BRT,BRT_HUM_001,2026-03-02T00:59:00+00:00,66.49614202385877,0,NORMAL,0,val,0.014987854287028313,lstm-ae-bharati-v1
BRT,BRT_HUM_001,2026-03-02T01:00:00+00:00,66.7357979381301,1,DRIFT,1,val,0.015806524083018303,lstm-ae-bharati-v1
BRT,BRT_HUM_001,2026-03-02T01:01:00+00:00,67.12029305367896,1,DRIFT,1,val,0.01736479066312313,lstm-ae-bharati-v1
BRT,BRT_HUM_001,2026-03-02T01:02:00+00:00,67.78574461455138,1,DRIFT,1,val,0.020909789949655533,lstm-ae-bharati-v1
BRT,BRT_HUM_001,2026-03-02T01:03:00+00:00,68.59388791978607,1,DRIFT,1,val,0.026928378269076347,lstm-ae-bharati-v1
BRT,BRT_HUM_001,2026-03-02T01:04:00+00:00,68.54833681906553,1,DRIFT,1,val,0.029565123841166496,lstm-ae-bharati-v1
BRT,BRT_HUM_001,2026-03-02T01:05:00+00:00,69.00004872817783,1,DRIFT,1,val,0.0333297923207283,lstm-ae-bharati-v1
BRT,BRT_HUM_001,2026-03-02T01:06:00+00:00,68.45591801914894,1,DRIFT,1,val,0.03376913070678711,lstm-ae-bharati-v1
BRT,BRT_HUM_001,2026-03-02T01:07:00+00:00,68.62471280209371,1,DRIFT,1,val,0.0333997868001461,lstm-ae-bharati-v1
BRT,BRT_HUM_001,2026-03-02T01:08:00+00:00,69.81059660342615,1,DRIFT,1,val,0.03576965257525444,lstm-ae-bharati-v1
BRT,BRT_HUM_001,2026-03-02T01:09:00+00:00,70.78985730494757,1,DRIFT,1,val,0.041884373873472214,lstm-ae-bharati-v1
BRT,BRT_HUM_001,2026-03-02T01:10:00+00:00,71.0044108339424,1,DRIFT,1,val,0.04611022397875786,lstm-ae-bharati-v1
BRT,BRT_HUM_001,2026-03-02T01:11:00+00:00,71.86418912092753,1,DRIFT,1,val,0.05251823365688324,lstm-ae-bharati-v1
BRT,BRT_HUM_001,2026-03-02T01:12:00+00:00,72.60671293144844,1,DRIFT,1,val,0.05990240350365639,lstm-ae-bharati-v1
BRT,BRT_HUM_001,2026-03-02T01:13:00+00:00,73.40271787041704,1,DRIFT,1,val,0.07504042237997055,lstm-ae-bharati-v1
BRT,BRT_HUM_001,2026-03-02T01:14:00+00:00,73.70070869730242,1,DRIFT,1,val,0.09164515137672424,lstm-ae-bharati-v1
BRT,BRT_HUM_001,2026-03-02T01:15:00+00:00,74.28833940764791,1,DRIFT,1,val,0.11264823377132416,lstm-ae-bharati-v1
BRT,BRT_HUM_001,2026-03-02T01:16:00+00:00,74.08904856409036,1,DRIFT,1,val,0.12956483662128448,lstm-ae-bharati-v1
BRT,BRT_HUM_001,2026-03-02T01:17:00+00:00,74.23310321704834,1,DRIFT,1,val,0.145361989736557,lstm-ae-bharati-v1
BRT,BRT_HUM_001,2026-03-02T01:18:00+00:00,75.83421902206936,1,DRIFT,1,val,0.18422961235046387,lstm-ae-bharati-v1
BRT,BRT_HUM_001,2026-03-02T01:19:00+00:00,76.19850955933939,1,DRIFT,1,val,0.22608709335327148,lstm-ae-bharati-v1
BRT,BRT_HUM_001,2026-03-02T01:20:00+00:00,76.7241351618582,1,DRIFT,1,val,0.2756091356277466,lstm-ae-bharati-v1
BRT,BRT_HUM_001,2026-03-02T01:21:00+00:00,76.68278616562331,1,DRIFT,1,val,0.32038435339927673,lstm-ae-bharati-v1
BRT,BRT_HUM_001,2026-03-02T01:22:00+00:00,77.35769434829854,1,DRIFT,1,val,0.382352739572525,lstm-ae-bharati-v1
BRT,BRT_HUM_001,2026-03-02T01:23:00+00:00,77.33384652827954,1,DRIFT,1,val,0.44364064931869507,lstm-ae-bharati-v1
BRT,BRT_HUM_001,2026-03-02T01:24:00+00:00,78.32500879037258,1,DRIFT,1,val,0.5329153537750244,lstm-ae-bharati-v1
BRT,BRT_HUM_001,2026-03-02T01:25:00+00:00,77.59137082763183,1,DRIFT,1,val,0.6041882634162903,lstm-ae-bharati-v1
BRT,BRT_HUM_001,2026-03-02T01:26:00+00:00,78.28067359087876,1,DRIFT,1,val,0.6974830031394958,lstm-ae-bharati-v1
BRT,BRT_HUM_001,2026-03-02T01:27:00+00:00,78.3611826978565,1,DRIFT,1,val,0.7959168553352356,lstm-ae-bharati-v1
BRT,BRT_HUM_001,2026-03-02T01:28:00+00:00,78.49315053182832,1,DRIFT,1,val,0.9024398922920227,lstm-ae-bharati-v1
BRT,BRT_HUM_001,2026-03-02T01:29:00+00:00,78.73662363009231,1,DRIFT,1,val,1.0199053287506104,lstm-ae-bharati-v1
BRT,BRT_HUM_001,2026-03-02T01:30:00+00:00,68.01636882708746,0,NORMAL,1,val,0.9663569927215576,lstm-ae-bharati-v1
BRT,BRT_HUM_001,2026-03-02T01:31:00+00:00,67.70509495312074,0,NORMAL,1,val,0.9489505887031555,lstm-ae-bharati-v1
BRT,BRT_HUM_001,2026-03-02T01:32:00+00:00,67.92283815885429,0,NORMAL,1,val,0.9369367957115173,lstm-ae-bharati-v1
BRT,BRT_HUM_001,2026-03-02T01:33:00+00:00,68.62132587554348,0,NORMAL,1,val,0.9305516481399536,lstm-ae-bharati-v1
BRT,BRT_HUM_001,2026-03-02T01:34:00+00:00,68.60610121310879,0,NORMAL,1,val,0.922216534614563,lstm-ae-bharati-v1
BRT,BRT_HUM_001,2026-03-02T01:35:00+00:00,68.54853091949126,0,NORMAL,1,val,0.9118849635124207,lstm-ae-bharati-v1
BRT,BRT_HUM_001,2026-03-02T01:36:00+00:00,68.61497756437896,0,NORMAL,1,val,0.9027625322341919,lstm-ae-bharati-v1
BRT,BRT_HUM_001,2026-03-02T01:37:00+00:00,68.11646707101663,0,NORMAL,1,val,0.8888747096061707,lstm-ae-bharati-v1
BRT,BRT_HUM_001,2026-03-02T01:38:00+00:00,68.37834377274105,0,NORMAL,1,val,0.8821093440055847,lstm-ae-bharati-v1
BRT,BRT_HUM_001,2026-03-02T01:39:00+00:00,68.59853815961846,0,NORMAL,1,val,0.8769724369049072,lstm-ae-bharati-v1
BRT,BRT_HUM_001,2026-03-02T01:40:00+00:00,68.37729137031859,0,NORMAL,1,val,0.8719380497932434,lstm-ae-bharati-v1
BRT,BRT_HUM_001,2026-03-02T01:41:00+00:00,68.02956195550244,0,NORMAL,1,val,0.8638109564781189,lstm-ae-bharati-v1
BRT,BRT_HUM_001,2026-03-02T01:42:00+00:00,68.48873156959564,0,NORMAL,1,val,0.8634920716285706,lstm-ae-bharati-v1
BRT,BRT_HUM_001,2026-03-02T01:43:00+00:00,67.84796168375418,0,NORMAL,1,val,0.8499473929405212,lstm-ae-bharati-v1
BRT,BRT_HUM_001,2026-03-02T01:44:00+00:00,67.23650989016964,0,NORMAL,1,val,0.8342138528823853,lstm-ae-bharati-v1
BRT,BRT_HUM_001,2026-03-02T01:45:00+00:00,67.0595017765661,0,NORMAL,1,val,0.8162257671356201,lstm-ae-bharati-v1
BRT,BRT_HUM_001,2026-03-02T01:46:00+00:00,66.96345727305969,0,NORMAL,1,val,0.8063848614692688,lstm-ae-bharati-v1
BRT,BRT_HUM_001,2026-03-02T01:47:00+00:00,66.2844028441838,0,NORMAL,1,val,0.798687756061554,lstm-ae-bharati-v1
BRT,BRT_HUM_001,2026-03-02T01:48:00+00:00,66.9147561386341,0,NORMAL,1,val,0.7770569324493408,lstm-ae-bharati-v1
BRT,BRT_HUM_001,2026-03-02T01:49:00+00:00,66.39789004436246,0,NORMAL,1,val,0.7470640540122986,lstm-ae-bharati-v1
BRT,BRT_HUM_001,2026-03-02T01:50:00+00:00,66.84705627064751,0,NORMAL,1,val,0.7122235894203186,lstm-ae-bharati-v1
BRT,BRT_HUM_001,2026-03-02T01:51:00+00:00,67.0164552630002,0,NORMAL,1,val,0.6804819703102112,lstm-ae-bharati-v1
BRT,BRT_HUM_001,2026-03-02T01:52:00+00:00,67.90157137846512,0,NORMAL,1,val,0.6416590213775635,lstm-ae-bharati-v1
BRT,BRT_HUM_001,2026-03-02T01:53:00+00:00,66.811073570963,0,NORMAL,1,val,0.5919623970985413,lstm-ae-bharati-v1
BRT,BRT_HUM_001,2026-03-02T01:54:00+00:00,66.94771931847234,0,NORMAL,1,val,0.5180757641792297,lstm-ae-bharati-v1
BRT,BRT_HUM_001,2026-03-02T01:55:00+00:00,66.8172214497291,0,NORMAL,1,val,0.4581867456436157,lstm-ae-bharati-v1
BRT,BRT_HUM_001,2026-03-02T01:56:00+00:00,66.74087690187143,0,NORMAL,1,val,0.3756553828716278,lstm-ae-bharati-v1
BRT,BRT_HUM_001,2026-03-02T01:57:00+00:00,66.24369007136733,0,NORMAL,1,val,0.2788359820842743,lstm-ae-bharati-v1
BRT,BRT_HUM_001,2026-03-02T01:58:00+00:00,65.61032473161491,0,NORMAL,1,val,0.16226381063461304,lstm-ae-bharati-v1
BRT,BRT_HUM_001,2026-03-02T01:59:00+00:00,64.78268608401127,0,NORMAL,0,val,0.010777922347187996,lstm-ae-bharati-v1
BRT,BRT_HUM_001,2026-03-02T02:00:00+00:00,65.44145207790416,0,NORMAL,0,val,0.010606150142848492,lstm-ae-bharati-v1
BRT,BRT_HUM_001,2026-03-02T02:01:00+00:00,65.44889013214481,0,NORMAL,0,val,0.010827173478901386,lstm-ae-bharati-v1
BRT,BRT_HUM_001,2026-03-02T02:02:00+00:00,64.69151569668227,0,NORMAL,0,val,0.012558615766465664,lstm-ae-bharati-v1
BRT,BRT_HUM_001,2026-03-02T02:03:00+00:00,65.43202405428414,0,NORMAL,0,val,0.012526626698672771,lstm-ae-bharati-v1
BRT,BRT_HUM_001,2026-03-02T02:04:00+00:00,65.07108281775903,0,NORMAL,0,val,0.012376156635582447,lstm-ae-bharati-v1
BRT,BRT_HUM_001,2026-03-02T02:05:00+00:00,64.41923161356408,0,NORMAL,0,val,0.01273651234805584,lstm-ae-bharati-v1
BRT,BRT_HUM_001,2026-03-02T02:06:00+00:00,63.572024113640325,0,NORMAL,0,val,0.013383795507252216,lstm-ae-bharati-v1
BRT,BRT_HUM_001,2026-03-02T02:07:00+00:00,63.396260176015595,0,NORMAL,0,val,0.014835085719823837,lstm-ae-bharati-v1
BRT,BRT_HUM_001,2026-03-02T02:08:00+00:00,62.91609985286832,0,NORMAL,0,val,0.01632697880268097,lstm-ae-bharati-v1
BRT,BRT_HUM_001,2026-03-02T02:09:00+00:00,62.93453706378707,0,NORMAL,0,val,0.015801837667822838,lstm-ae-bharati-v1
BRT,BRT_HUM_001,2026-03-02T02:10:00+00:00,62.37538046906283,0,NORMAL,0,val,0.015988850966095924,lstm-ae-bharati-v1
BRT,BRT_HUM_001,2026-03-02T02:11:00+00:00,61.108160666053266,0,NORMAL,0,val,0.02094060555100441,lstm-ae-bharati-v1
BRT,BRT_HUM_001,2026-03-02T02:12:00+00:00,61.77798302131942,0,NORMAL,0,val,0.01961178332567215,lstm-ae-bharati-v1
BRT,BRT_HUM_001,2026-03-02T02:13:00+00:00,61.81021572196494,0,NORMAL,0,val,0.01840723305940628,lstm-ae-bharati-v1
BRT,BRT_HUM_001,2026-03-02T02:14:00+00:00,61.3745072039617,0,NORMAL,0,val,0.017868144437670708,lstm-ae-bharati-v1
BRT,BRT_HUM_001,2026-03-02T02:15:00+00:00,61.81997432826725,0,NORMAL,0,val,0.01663236692547798,lstm-ae-bharati-v1
BRT,BRT_HUM_001,2026-03-02T02:16:00+00:00,62.13866860491012,0,NORMAL,0,val,0.015460689552128315,lstm-ae-bharati-v1
BRT,BRT_HUM_001,2026-03-02T02:17:00+00:00,60.52567511062863,0,NORMAL,0,val,0.014951537363231182,lstm-ae-bharati-v1
BRT,BRT_HUM_001,2026-03-02T02:18:00+00:00,59.60554417016437,0,NORMAL,0,val,0.016603875905275345,lstm-ae-bharati-v1
BRT,BRT_HUM_001,2026-03-02T02:19:00+00:00,59.92588294565688,0,NORMAL,0,val,0.01705561950802803,lstm-ae-bharati-v1
BRT,BRT_HUM_001,2026-03-02T02:56:00+00:00,55.69429545650268,0,NORMAL,0,val,0.007683476898819208,lstm-ae-bharati-v1
BRT,BRT_HUM_001,2026-03-02T02:57:00+00:00,55.57207459250508,0,NORMAL,0,val,0.007818618789315224,lstm-ae-bharati-v1
BRT,BRT_HUM_001,2026-03-02T02:58:00+00:00,55.61563561446915,0,NORMAL,0,val,0.00796449650079012,lstm-ae-bharati-v1
BRT,BRT_HUM_001,2026-03-02T02:59:00+00:00,54.78494856895795,0,NORMAL,0,val,0.009813135489821434,lstm-ae-bharati-v1
BRT,BRT_HUM_001,2026-03-02T03:00:00+00:00,54.626028185569055,0,NORMAL,0,val,0.010919565334916115,lstm-ae-bharati-v1
BRT,BRT_HUM_001,2026-03-02T03:01:00+00:00,54.85320373556824,0,NORMAL,0,val,0.011411905288696289,lstm-ae-bharati-v1
BRT,BRT_HUM_001,2026-03-02T03:02:00+00:00,54.838004623450864,0,NORMAL,0,val,0.011573152616620064,lstm-ae-bharati-v1
BRT,BRT_HUM_001,2026-03-02T03:03:00+00:00,54.00498537925811,0,NORMAL,0,val,0.013086105696856976,lstm-ae-bharati-v1
BRT,BRT_HUM_001,2026-03-02T03:04:00+00:00,54.03780139642008,0,NORMAL,0,val,0.013671811670064926,lstm-ae-bharati-v1
BRT,BRT_HUM_001,2026-03-02T03:05:00+00:00,53.892571738585374,0,NORMAL,0,val,0.014299603179097176,lstm-ae-bharati-v1
BRT,BRT_HUM_001,2026-03-02T03:06:00+00:00,53.3617478224287,0,NORMAL,0,val,0.015674112364649773,lstm-ae-bharati-v1
BRT,BRT_HUM_001,2026-03-02T03:07:00+00:00,53.27051657982055,0,NORMAL,0,val,0.015945516526699066,lstm-ae-bharati-v1
BRT,BRT_HUM_001,2026-03-02T03:08:00+00:00,53.77175235710935,0,NORMAL,0,val,0.015770774334669113,lstm-ae-bharati-v1
BRT,BRT_HUM_001,2026-03-02T03:09:00+00:00,54.02754837095789,0,NORMAL,0,val,0.015590120106935501,lstm-ae-bharati-v1
BRT,BRT_HUM_001,2026-03-02T03:10:00+00:00,53.40260604310373,0,NORMAL,0,val,0.01515275426208973,lstm-ae-bharati-v1
BRT,BRT_HUM_001,2026-03-02T03:11:00+00:00,53.78057084991989,0,NORMAL,0,val,0.014011234045028687,lstm-ae-bharati-v1
BRT,BRT_HUM_001,2026-03-02T03:12:00+00:00,53.41971663341323,0,NORMAL,0,val,0.011507817544043064,lstm-ae-bharati-v1
BRT,BRT_HUM_001,2026-03-02T03:13:00+00:00,54.236233303602965,0,NORMAL,0,val,0.011629363521933556,lstm-ae-bharati-v1
BRT,BRT_HUM_001,2026-03-02T03:14:00+00:00,53.47393904250776,0,NORMAL,0,val,0.010096792131662369,lstm-ae-bharati-v1
BRT,BRT_HUM_001,2026-03-02T03:15:00+00:00,53.7081951572012,0,NORMAL,0,val,0.009785874746739864,lstm-ae-bharati-v1
BRT,BRT_HUM_001,2026-03-02T03:16:00+00:00,53.86577735405538,0,NORMAL,0,val,0.010370620526373386,lstm-ae-bharati-v1
BRT,BRT_HUM_001,2026-03-02T03:17:00+00:00,53.842581506080535,0,NORMAL,0,val,0.011406898498535156,lstm-ae-bharati-v1
BRT,BRT_HUM_001,2026-03-02T03:18:00+00:00,53.883379882293255,0,NORMAL,0,val,0.010168702341616154,lstm-ae-bharati-v1
BRT,BRT_HUM_001,2026-03-02T03:19:00+00:00,54.08653114359452,0,NORMAL,0,val,0.011212330311536789,lstm-ae-bharati-v1
BRT,BRT_HUM_001,2026-03-02T03:20:00+00:00,54.08653114359452,1,STUCK_VALUE,1,val,0.011799899861216545,lstm-ae-bharati-v1
BRT,BRT_HUM_001,2026-03-02T03:21:00+00:00,54.08653114359452,1,STUCK_VALUE,1,val,0.012405438348650932,lstm-ae-bharati-v1
BRT,BRT_HUM_001,2026-03-02T03:22:00+00:00,54.08653114359452,1,STUCK_VALUE,1,val,0.013325328007340431,lstm-ae-bharati-v1
BRT,BRT_HUM_001,2026-03-02T03:23:00+00:00,54.08653114359452,1,STUCK_VALUE,1,val,0.014107538387179375,lstm-ae-bharati-v1
BRT,BRT_HUM_001,2026-03-02T03:24:00+00:00,54.08653114359452,1,STUCK_VALUE,1,val,0.011524750851094723,lstm-ae-bharati-v1
BRT,BRT_HUM_001,2026-03-02T03:25:00+00:00,54.08653114359452,1,STUCK_VALUE,1,val,0.008569364435970783,lstm-ae-bharati-v1
BRT,BRT_HUM_001,2026-03-02T03:26:00+00:00,54.08653114359452,1,STUCK_VALUE,1,val,0.007783548440784216,lstm-ae-bharati-v1
BRT,BRT_HUM_001,2026-03-02T03:27:00+00:00,54.08653114359452,1,STUCK_VALUE,1,val,0.0066542234271764755,lstm-ae-bharati-v1
BRT,BRT_HUM_001,2026-03-02T03:28:00+00:00,54.08653114359452,1,STUCK_VALUE,1,val,0.004650672432035208,lstm-ae-bharati-v1
BRT,BRT_HUM_001,2026-03-02T03:29:00+00:00,54.08653114359452,1,STUCK_VALUE,1,val,0.0042734271846711636,lstm-ae-bharati-v1
BRT,BRT_HUM_001,2026-03-02T03:30:00+00:00,54.08653114359452,1,STUCK_VALUE,1,val,0.004024562891572714,lstm-ae-bharati-v1
BRT,BRT_HUM_001,2026-03-02T03:31:00+00:00,54.08653114359452,1,STUCK_VALUE,1,val,0.003155551152303815,lstm-ae-bharati-v1
BRT,BRT_HUM_001,2026-03-02T03:32:00+00:00,54.08653114359452,1,STUCK_VALUE,1,val,0.002175658941268921,lstm-ae-bharati-v1
BRT,BRT_HUM_001,2026-03-02T03:33:00+00:00,54.08653114359452,1,STUCK_VALUE,1,val,0.0022850928362458944,lstm-ae-bharati-v1
BRT,BRT_HUM_001,2026-03-02T03:34:00+00:00,54.08653114359452,1,STUCK_VALUE,1,val,0.0023178120609372854,lstm-ae-bharati-v1
BRT,BRT_HUM_001,2026-03-02T03:35:00+00:00,54.08653114359452,1,STUCK_VALUE,1,val,0.0024536626879125834,lstm-ae-bharati-v1
BRT,BRT_HUM_001,2026-03-02T03:36:00+00:00,54.08653114359452,1,STUCK_VALUE,1,val,0.002381146652624011,lstm-ae-bharati-v1
BRT,BRT_HUM_001,2026-03-02T03:37:00+00:00,54.08653114359452,1,STUCK_VALUE,1,val,0.0020583034493029118,lstm-ae-bharati-v1
BRT,BRT_HUM_001,2026-03-02T03:38:00+00:00,54.08653114359452,1,STUCK_VALUE,1,val,0.002121742581948638,lstm-ae-bharati-v1
BRT,BRT_HUM_001,2026-03-02T03:39:00+00:00,54.08653114359452,1,STUCK_VALUE,1,val,0.0022673828061670065,lstm-ae-bharati-v1
BRT,BRT_HUM_001,2026-03-02T03:40:00+00:00,54.08653114359452,1,STUCK_VALUE,1,val,0.001955390674993396,lstm-ae-bharati-v1
BRT,BRT_HUM_001,2026-03-02T03:41:00+00:00,54.08653114359452,1,STUCK_VALUE,1,val,0.0020657703280448914,lstm-ae-bharati-v1
BRT,BRT_HUM_001,2026-03-02T03:42:00+00:00,54.08653114359452,1,STUCK_VALUE,1,val,0.0016102121444419026,lstm-ae-bharati-v1
BRT,BRT_HUM_001,2026-03-02T03:43:00+00:00,54.08653114359452,1,STUCK_VALUE,1,val,0.0016538591589778662,lstm-ae-bharati-v1
BRT,BRT_HUM_001,2026-03-02T03:44:00+00:00,53.6692614427842,0,NORMAL,1,val,0.0016057067550718784,lstm-ae-bharati-v1
BRT,BRT_HUM_001,2026-03-02T03:45:00+00:00,53.59013962332044,0,NORMAL,1,val,0.001777895144186914,lstm-ae-bharati-v1
BRT,BRT_HUM_001,2026-03-02T03:46:00+00:00,53.9180052533696,0,NORMAL,1,val,0.0016627622535452247,lstm-ae-bharati-v1
BRT,BRT_HUM_001,2026-03-02T03:47:00+00:00,54.64973588744846,0,NORMAL,1,val,0.0017850889125838876,lstm-ae-bharati-v1
BRT,BRT_HUM_001,2026-03-02T03:48:00+00:00,54.04670862131404,0,NORMAL,1,val,0.0016455681761726737,lstm-ae-bharati-v1
BRT,BRT_HUM_001,2026-03-02T03:49:00+00:00,53.78903204169265,0,NORMAL,1,val,0.0017941966652870178,lstm-ae-bharati-v1
BRT,BRT_HUM_001,2026-03-02T03:50:00+00:00,53.87911940038319,0,NORMAL,1,val,0.0018447153270244598,lstm-ae-bharati-v1
BRT,BRT_HUM_001,2026-03-02T03:51:00+00:00,54.16803246451016,0,NORMAL,1,val,0.0018110016826540232,lstm-ae-bharati-v1
BRT,BRT_HUM_001,2026-03-02T03:52:00+00:00,53.58932760798774,0,NORMAL,1,val,0.002111955778673291,lstm-ae-bharati-v1
BRT,BRT_HUM_001,2026-03-02T03:53:00+00:00,53.19900598813695,0,NORMAL,1,val,0.002946503460407257,lstm-ae-bharati-v1
BRT,BRT_HUM_001,2026-03-02T03:54:00+00:00,54.749538714469985,0,NORMAL,1,val,0.003559960750862956,lstm-ae-bharati-v1
BRT,BRT_HUM_001,2026-03-02T03:55:00+00:00,53.793995351032095,0,NORMAL,1,val,0.00359033839777112,lstm-ae-bharati-v1
BRT,BRT_HUM_001,2026-03-02T03:56:00+00:00,53.7410997241989,0,NORMAL,1,val,0.003655797801911831,lstm-ae-bharati-v1
BRT,BRT_HUM_001,2026-03-02T03:57:00+00:00,53.81763218291159,0,NORMAL,1,val,0.003652311163023114,lstm-ae-bharati-v1
BRT,BRT_HUM_001,2026-03-02T03:58:00+00:00,54.3421774739447,0,NORMAL,1,val,0.0037318619433790445,lstm-ae-bharati-v1
BRT,BRT_HUM_001,2026-03-02T03:59:00+00:00,53.80510243605765,0,NORMAL,1,val,0.0037507081869989634,lstm-ae-bharati-v1
BRT,BRT_HUM_001,2026-03-02T04:00:00+00:00,54.42281204823562,0,NORMAL,1,val,0.003884546458721161,lstm-ae-bharati-v1
BRT,BRT_HUM_001,2026-03-02T04:01:00+00:00,54.22498664412401,0,NORMAL,1,val,0.0038655507378280163,lstm-ae-bharati-v1
BRT,BRT_HUM_001,2026-03-02T04:02:00+00:00,54.12516689172357,0,NORMAL,1,val,0.003834579372778535,lstm-ae-bharati-v1
BRT,BRT_HUM_001,2026-03-02T04:03:00+00:00,54.54966486807285,0,NORMAL,1,val,0.003987863659858704,lstm-ae-bharati-v1
BRT,BRT_HUM_001,2026-03-02T04:04:00+00:00,53.92843679223,0,NORMAL,1,val,0.00405567092821002,lstm-ae-bharati-v1
BRT,BRT_HUM_001,2026-03-02T04:05:00+00:00,54.97150583516993,0,NORMAL,1,val,0.004669968504458666,lstm-ae-bharati-v1
BRT,BRT_HUM_001,2026-03-02T04:06:00+00:00,53.611551835808754,0,NORMAL,1,val,0.005240562371909618,lstm-ae-bharati-v1
BRT,BRT_HUM_001,2026-03-02T04:07:00+00:00,55.683474128767344,0,NORMAL,1,val,0.007381593342870474,lstm-ae-bharati-v1
BRT,BRT_HUM_001,2026-03-02T04:08:00+00:00,55.535540368834184,0,NORMAL,1,val,0.008467396721243858,lstm-ae-bharati-v1
BRT,BRT_HUM_001,2026-03-02T04:09:00+00:00,55.518545022864046,0,NORMAL,1,val,0.009091334417462349,lstm-ae-bharati-v1
BRT,BRT_HUM_001,2026-03-02T04:10:00+00:00,54.880598263871555,0,NORMAL,1,val,0.00896725244820118,lstm-ae-bharati-v1
BRT,BRT_HUM_001,2026-03-02T04:11:00+00:00,54.90813315775274,0,NORMAL,1,val,0.008810232393443584,lstm-ae-bharati-v1
BRT,BRT_HUM_001,2026-03-02T04:12:00+00:00,55.996608482601616,0,NORMAL,1,val,0.009458864107728004,lstm-ae-bharati-v1
BRT,BRT_HUM_001,2026-03-02T04:13:00+00:00,56.33550391832368,0,NORMAL,0,val,0.010320451110601425,lstm-ae-bharati-v1
BRT,BRT_HUM_001,2026-03-02T04:14:00+00:00,56.085316677635625,0,NORMAL,0,val,0.010564299300312996,lstm-ae-bharati-v1
BRT,BRT_HUM_001,2026-03-02T04:15:00+00:00,56.69551072029915,0,NORMAL,0,val,0.01153208501636982,lstm-ae-bharati-v1
BRT,BRT_HUM_001,2026-03-02T04:16:00+00:00,57.55933520737091,0,NORMAL,0,val,0.013701708987355232,lstm-ae-bharati-v1
BRT,BRT_HUM_001,2026-03-02T04:17:00+00:00,57.17616109390025,0,NORMAL,0,val,0.012430861592292786,lstm-ae-bharati-v1
BRT,BRT_HUM_001,2026-03-02T04:18:00+00:00,57.14744254462557,0,NORMAL,0,val,0.011938643641769886,lstm-ae-bharati-v1
BRT,BRT_HUM_001,2026-03-02T04:19:00+00:00,57.821981387198115,0,NORMAL,0,val,0.012229828163981438,lstm-ae-bharati-v1
BRT,BRT_POWER_001,2026-03-01T23:49:00+00:00,39.29607932396837,0,NORMAL,0,val,0.008808152750134468,lstm-ae-bharati-v1
BRT,BRT_POWER_001,2026-03-01T23:50:00+00:00,39.47356131908594,0,NORMAL,0,val,0.008283126167953014,lstm-ae-bharati-v1
BRT,BRT_POWER_001,2026-03-01T23:51:00+00:00,39.25502949314814,0,NORMAL,0,val,0.007692078128457069,lstm-ae-bharati-v1
BRT,BRT_POWER_001,2026-03-01T23:52:00+00:00,39.36333661497174,0,NORMAL,0,val,0.008056932128965855,lstm-ae-bharati-v1
BRT,BRT_POWER_001,2026-03-01T23:53:00+00:00,39.516763106163864,0,NORMAL,0,val,0.0082098925486207,lstm-ae-bharati-v1
BRT,BRT_POWER_001,2026-03-01T23:54:00+00:00,39.91128944241828,0,NORMAL,0,val,0.007593941874802113,lstm-ae-bharati-v1
BRT,BRT_POWER_001,2026-03-01T23:55:00+00:00,40.72742808006571,0,NORMAL,0,val,0.00739468727260828,lstm-ae-bharati-v1
BRT,BRT_POWER_001,2026-03-01T23:56:00+00:00,40.20434919002332,0,NORMAL,0,val,0.006788626313209534,lstm-ae-bharati-v1
BRT,BRT_POWER_001,2026-03-01T23:57:00+00:00,40.26850574457836,0,NORMAL,0,val,0.0061621167697012424,lstm-ae-bharati-v1
BRT,BRT_POWER_001,2026-03-01T23:58:00+00:00,39.748356687706135,0,NORMAL,0,val,0.0062800077721476555,lstm-ae-bharati-v1
BRT,BRT_POWER_001,2026-03-01T23:59:00+00:00,39.81390242071919,0,NORMAL,0,val,0.006390676833689213,lstm-ae-bharati-v1
BRT,BRT_POWER_001,2026-03-02T00:00:00+00:00,58.07052591663299,1,SPIKE,1,val,0.587147057056427,lstm-ae-bharati-v1
BRT,BRT_POWER_001,2026-03-02T00:01:00+00:00,58.18907827826095,1,SPIKE,1,val,1.0711750984191895,lstm-ae-bharati-v1
BRT,BRT_POWER_001,2026-03-02T00:02:00+00:00,58.00905726779643,1,SPIKE,1,val,1.4811153411865234,lstm-ae-bharati-v1
BRT,BRT_POWER_001,2026-03-02T00:03:00+00:00,58.39554447650356,1,SPIKE,1,val,1.8555123805999756,lstm-ae-bharati-v1
BRT,BRT_POWER_001,2026-03-02T00:04:00+00:00,58.816134004872055,1,SPIKE,1,val,2.199467658996582,lstm-ae-bharati-v1
BRT,BRT_POWER_001,2026-03-02T00:05:00+00:00,58.73131981725291,1,SPIKE,1,val,2.5071959495544434,lstm-ae-bharati-v1
BRT,BRT_POWER_001,2026-03-02T00:06:00+00:00,41.138510590350165,0,NORMAL,1,val,2.649533987045288,lstm-ae-bharati-v1
BRT,BRT_POWER_001,2026-03-02T00:07:00+00:00,41.260519838182745,0,NORMAL,1,val,2.7635579109191895,lstm-ae-bharati-v1
BRT,BRT_POWER_001,2026-03-02T00:08:00+00:00,40.697956713196454,0,NORMAL,1,val,2.932492256164551,lstm-ae-bharati-v1
BRT,BRT_POWER_001,2026-03-02T00:09:00+00:00,40.69481678705687,0,NORMAL,1,val,3.114859104156494,lstm-ae-bharati-v1
BRT,BRT_POWER_001,2026-03-02T00:10:00+00:00,40.54140723574846,0,NORMAL,1,val,3.29506778717041,lstm-ae-bharati-v1
BRT,BRT_POWER_001,2026-03-02T00:11:00+00:00,40.70834636958224,0,NORMAL,1,val,3.4269893169403076,lstm-ae-bharati-v1
BRT,BRT_POWER_001,2026-03-02T00:12:00+00:00,41.15663657635108,0,NORMAL,1,val,3.5103681087493896,lstm-ae-bharati-v1
BRT,BRT_POWER_001,2026-03-02T00:13:00+00:00,41.140064845613665,0,NORMAL,1,val,3.5730652809143066,lstm-ae-bharati-v1
BRT,BRT_POWER_001,2026-03-02T00:14:00+00:00,42.0159204619081,0,NORMAL,1,val,3.5802643299102783,lstm-ae-bharati-v1
BRT,BRT_POWER_001,2026-03-02T00:15:00+00:00,41.49894702688225,0,NORMAL,1,val,3.5697736740112305,lstm-ae-bharati-v1
BRT,BRT_POWER_001,2026-03-02T00:16:00+00:00,41.4879912087766,0,NORMAL,1,val,3.5305893421173096,lstm-ae-bharati-v1
BRT,BRT_POWER_001,2026-03-02T00:17:00+00:00,41.643749320009455,0,NORMAL,1,val,3.4627625942230225,lstm-ae-bharati-v1
BRT,BRT_POWER_001,2026-03-02T00:18:00+00:00,41.94805361578087,0,NORMAL,1,val,3.3724846839904785,lstm-ae-bharati-v1
BRT,BRT_POWER_001,2026-03-02T00:19:00+00:00,41.972084668248584,0,NORMAL,1,val,3.2582459449768066,lstm-ae-bharati-v1
BRT,BRT_POWER_001,2026-03-02T00:20:00+00:00,42.337195366563975,0,NORMAL,1,val,3.1329684257507324,lstm-ae-bharati-v1
BRT,BRT_POWER_001,2026-03-02T00:21:00+00:00,41.96571318047973,0,NORMAL,1,val,2.994295358657837,lstm-ae-bharati-v1
BRT,BRT_POWER_001,2026-03-02T00:22:00+00:00,42.22067751437146,0,NORMAL,1,val,2.850216865539551,lstm-ae-bharati-v1
BRT,BRT_POWER_001,2026-03-02T00:23:00+00:00,41.955844334220664,0,NORMAL,1,val,2.7087290287017822,lstm-ae-bharati-v1
BRT,BRT_POWER_001,2026-03-02T00:24:00+00:00,41.90607391041422,0,NORMAL,1,val,2.579939365386963,lstm-ae-bharati-v1
BRT,BRT_POWER_001,2026-03-02T00:25:00+00:00,42.89718030274381,0,NORMAL,1,val,2.4808568954467773,lstm-ae-bharati-v1
BRT,BRT_POWER_001,2026-03-02T00:26:00+00:00,43.38276202574343,0,NORMAL,1,val,2.3769490718841553,lstm-ae-bharati-v1
BRT,BRT_POWER_001,2026-03-02T00:27:00+00:00,43.51018319513491,0,NORMAL,1,val,2.2810816764831543,lstm-ae-bharati-v1
BRT,BRT_POWER_001,2026-03-02T00:28:00+00:00,43.6804322510678,0,NORMAL,1,val,2.176692247390747,lstm-ae-bharati-v1
BRT,BRT_POWER_001,2026-03-02T00:29:00+00:00,43.82050345037841,0,NORMAL,1,val,2.1089000701904297,lstm-ae-bharati-v1
BRT,BRT_POWER_001,2026-03-02T00:30:00+00:00,43.83345560070556,0,NORMAL,1,val,1.939234972000122,lstm-ae-bharati-v1
BRT,BRT_POWER_001,2026-03-02T00:31:00+00:00,44.075995451917265,0,NORMAL,1,val,1.7346439361572266,lstm-ae-bharati-v1
BRT,BRT_POWER_001,2026-03-02T00:32:00+00:00,43.56965125423,0,NORMAL,1,val,1.482530117034912,lstm-ae-bharati-v1
BRT,BRT_POWER_001,2026-03-02T00:33:00+00:00,43.86936590746239,0,NORMAL,1,val,1.1254589557647705,lstm-ae-bharati-v1
BRT,BRT_POWER_001,2026-03-02T00:34:00+00:00,44.41420427413346,0,NORMAL,1,val,0.6245260834693909,lstm-ae-bharati-v1
BRT,BRT_POWER_001,2026-03-02T00:35:00+00:00,44.996948177306585,0,NORMAL,0,val,0.010047693736851215,lstm-ae-bharati-v1
BRT,BRT_POWER_001,2026-03-02T00:36:00+00:00,44.4027147235274,0,NORMAL,0,val,0.008420840837061405,lstm-ae-bharati-v1
BRT,BRT_POWER_001,2026-03-02T00:37:00+00:00,45.29183581354105,0,NORMAL,0,val,0.007425536867231131,lstm-ae-bharati-v1
BRT,BRT_POWER_001,2026-03-02T00:38:00+00:00,45.26319559211685,0,NORMAL,0,val,0.007350759580731392,lstm-ae-bharati-v1
BRT,BRT_POWER_001,2026-03-02T00:39:00+00:00,45.597370493608096,0,NORMAL,0,val,0.007732594385743141,lstm-ae-bharati-v1
BRT,BRT_POWER_001,2026-03-02T00:40:00+00:00,45.391009180603874,0,NORMAL,0,val,0.007641235366463661,lstm-ae-bharati-v1
BRT,BRT_POWER_001,2026-03-02T00:41:00+00:00,45.528910515967944,0,NORMAL,0,val,0.007525318767875433,lstm-ae-bharati-v1
BRT,BRT_POWER_001,2026-03-02T00:42:00+00:00,45.47355108717816,0,NORMAL,0,val,0.007509674411267042,lstm-ae-bharati-v1
BRT,BRT_POWER_001,2026-03-02T00:43:00+00:00,45.63870707423947,0,NORMAL,0,val,0.007224175147712231,lstm-ae-bharati-v1
BRT,BRT_POWER_001,2026-03-02T00:44:00+00:00,45.729685448121025,0,NORMAL,0,val,0.006130153313279152,lstm-ae-bharati-v1
BRT,BRT_POWER_001,2026-03-02T00:45:00+00:00,45.724936173819195,0,NORMAL,0,val,0.00636062677949667,lstm-ae-bharati-v1
BRT,BRT_POWER_001,2026-03-02T00:46:00+00:00,46.41308441143672,0,NORMAL,0,val,0.006569616962224245,lstm-ae-bharati-v1
BRT,BRT_POWER_001,2026-03-02T00:47:00+00:00,46.09664197665377,0,NORMAL,0,val,0.006497211288660765,lstm-ae-bharati-v1
BRT,BRT_POWER_001,2026-03-02T00:48:00+00:00,46.58099497700445,0,NORMAL,0,val,0.006663350388407707,lstm-ae-bharati-v1
BRT,BRT_POWER_001,2026-03-02T00:49:00+00:00,47.34087303510129,0,NORMAL,0,val,0.008156996220350266,lstm-ae-bharati-v1
BRT,BRT_POWER_001,2026-03-02T00:50:00+00:00,47.263328736448095,0,NORMAL,0,val,0.008801969699561596,lstm-ae-bharati-v1
BRT,BRT_POWER_001,2026-03-02T00:51:00+00:00,47.02433636319748,0,NORMAL,0,val,0.008444452658295631,lstm-ae-bharati-v1
BRT,BRT_POWER_001,2026-03-02T00:52:00+00:00,47.55519312235215,0,NORMAL,0,val,0.00946421455591917,lstm-ae-bharati-v1
BRT,BRT_POWER_001,2026-03-02T00:53:00+00:00,47.868699742291085,0,NORMAL,0,val,0.009505759924650192,lstm-ae-bharati-v1
BRT,BRT_POWER_001,2026-03-02T00:54:00+00:00,47.48119041369814,0,NORMAL,0,val,0.006732231471687555,lstm-ae-bharati-v1
BRT,BRT_POWER_001,2026-03-02T00:55:00+00:00,46.82207928367846,0,NORMAL,0,val,0.00737342843785882,lstm-ae-bharati-v1
BRT,BRT_POWER_001,2026-03-02T00:56:00+00:00,47.379144101645394,0,NORMAL,0,val,0.007149169687181711,lstm-ae-bharati-v1
BRT,BRT_POWER_001,2026-03-02T00:57:00+00:00,47.73539621043633,0,NORMAL,0,val,0.0069450209848582745,lstm-ae-bharati-v1
BRT,BRT_POWER_001,2026-03-02T00:58:00+00:00,48.26742765260215,0,NORMAL,0,val,0.007371661253273487,lstm-ae-bharati-v1
BRT,BRT_POWER_001,2026-03-02T00:59:00+00:00,48.272231223459045,0,NORMAL,0,val,0.007758527062833309,lstm-ae-bharati-v1
BRT,BRT_POWER_001,2026-03-02T01:00:00+00:00,48.869422355857274,1,DRIFT,1,val,0.009344931691884995,lstm-ae-bharati-v1
BRT,BRT_POWER_001,2026-03-02T01:01:00+00:00,49.01844815451033,1,DRIFT,1,val,0.011323588900268078,lstm-ae-bharati-v1
BRT,BRT_POWER_001,2026-03-02T01:02:00+00:00,49.6631087758803,1,DRIFT,1,val,0.013676977716386318,lstm-ae-bharati-v1
BRT,BRT_POWER_001,2026-03-02T01:03:00+00:00,49.76527084892703,1,DRIFT,1,val,0.015152180567383766,lstm-ae-bharati-v1
BRT,BRT_POWER_001,2026-03-02T01:04:00+00:00,49.24903665068511,1,DRIFT,1,val,0.014665349386632442,lstm-ae-bharati-v1
BRT,BRT_POWER_001,2026-03-02T01:05:00+00:00,50.26419088694056,1,DRIFT,1,val,0.01826312392950058,lstm-ae-bharati-v1
BRT,BRT_POWER_001,2026-03-02T01:06:00+00:00,50.73533820167114,1,DRIFT,1,val,0.021761320531368256,lstm-ae-bharati-v1
BRT,BRT_POWER_001,2026-03-02T01:07:00+00:00,50.80289058150181,1,DRIFT,1,val,0.025314263999462128,lstm-ae-bharati-v1
BRT,BRT_POWER_001,2026-03-02T01:08:00+00:00,51.55547227577102,1,DRIFT,1,val,0.03315038979053497,lstm-ae-bharati-v1
BRT,BRT_POWER_001,2026-03-02T01:09:00+00:00,51.98511485469133,1,DRIFT,1,val,0.04350417107343674,lstm-ae-bharati-v1
BRT,BRT_POWER_001,2026-03-02T01:10:00+00:00,52.35096514897493,1,DRIFT,1,val,0.055503204464912415,lstm-ae-bharati-v1
BRT,BRT_POWER_001,2026-03-02T01:11:00+00:00,51.97415292360513,1,DRIFT,1,val,0.061838869005441666,lstm-ae-bharati-v1
BRT,BRT_POWER_001,2026-03-02T01:12:00+00:00,52.852324847792815,1,DRIFT,1,val,0.07650752365589142,lstm-ae-bharati-v1
BRT,BRT_POWER_001,2026-03-02T01:13:00+00:00,52.783125513564954,1,DRIFT,1,val,0.08856524527072906,lstm-ae-bharati-v1
BRT,BRT_POWER_001,2026-03-02T01:14:00+00:00,52.925831946305074,1,DRIFT,1,val,0.10148582607507706,lstm-ae-bharati-v1
BRT,BRT_POWER_001,2026-03-02T01:15:00+00:00,53.19474365318639,1,DRIFT,1,val,0.11673880368471146,lstm-ae-bharati-v1
BRT,BRT_POWER_001,2026-03-02T01:16:00+00:00,53.46560499369015,1,DRIFT,1,val,0.13744312524795532,lstm-ae-bharati-v1
BRT,BRT_POWER_001,2026-03-02T01:17:00+00:00,53.35178244586679,1,DRIFT,1,val,0.15502052009105682,lstm-ae-bharati-v1
BRT,BRT_POWER_001,2026-03-02T01:18:00+00:00,53.8553317484353,1,DRIFT,1,val,0.18265579640865326,lstm-ae-bharati-v1
BRT,BRT_POWER_001,2026-03-02T01:19:00+00:00,54.47548816226188,1,DRIFT,1,val,0.22331231832504272,lstm-ae-bharati-v1
BRT,BRT_POWER_001,2026-03-02T01:20:00+00:00,54.80605856417183,1,DRIFT,1,val,0.27151790261268616,lstm-ae-bharati-v1
BRT,BRT_POWER_001,2026-03-02T01:21:00+00:00,54.64972086043841,1,DRIFT,1,val,0.3163153827190399,lstm-ae-bharati-v1
BRT,BRT_POWER_001,2026-03-02T01:22:00+00:00,54.79998752293709,1,DRIFT,1,val,0.366971492767334,lstm-ae-bharati-v1
BRT,BRT_POWER_001,2026-03-02T01:23:00+00:00,54.76634665537753,1,DRIFT,1,val,0.4188225567340851,lstm-ae-bharati-v1
BRT,BRT_POWER_001,2026-03-02T01:24:00+00:00,54.675240307162134,1,DRIFT,1,val,0.47226664423942566,lstm-ae-bharati-v1
BRT,BRT_POWER_001,2026-03-02T01:25:00+00:00,54.914910312382425,1,DRIFT,1,val,0.5351660251617432,lstm-ae-bharati-v1
BRT,BRT_POWER_001,2026-03-02T01:26:00+00:00,55.64155505384534,1,DRIFT,1,val,0.6229292750358582,lstm-ae-bharati-v1
BRT,BRT_POWER_001,2026-03-02T01:27:00+00:00,55.01799646074236,1,DRIFT,1,val,0.689946711063385,lstm-ae-bharati-v1
BRT,BRT_POWER_001,2026-03-02T01:28:00+00:00,55.56585878139006,1,DRIFT,1,val,0.7791937589645386,lstm-ae-bharati-v1
BRT,BRT_POWER_001,2026-03-02T01:29:00+00:00,55.99341108699644,1,DRIFT,1,val,0.8840713500976562,lstm-ae-bharati-v1
BRT,BRT_POWER_001,2026-03-02T01:30:00+00:00,47.723281036750095,0,NORMAL,1,val,0.8169541954994202,lstm-ae-bharati-v1
BRT,BRT_POWER_001,2026-03-02T01:31:00+00:00,47.53137749584288,0,NORMAL,1,val,0.7846409678459167,lstm-ae-bharati-v1
BRT,BRT_POWER_001,2026-03-02T01:32:00+00:00,47.2598446338576,0,NORMAL,1,val,0.7540847063064575,lstm-ae-bharati-v1
BRT,BRT_POWER_001,2026-03-02T01:33:00+00:00,47.55998073488761,0,NORMAL,1,val,0.7334975004196167,lstm-ae-bharati-v1
BRT,BRT_POWER_001,2026-03-02T01:34:00+00:00,47.322652634964605,0,NORMAL,1,val,0.7189040780067444,lstm-ae-bharati-v1
BRT,BRT_POWER_001,2026-03-02T01:35:00+00:00,47.194007830224365,0,NORMAL,1,val,0.7075583338737488,lstm-ae-bharati-v1
BRT,BRT_POWER_001,2026-03-02T01:36:00+00:00,47.2761566822308,0,NORMAL,1,val,0.6990054845809937,lstm-ae-bharati-v1
BRT,BRT_POWER_001,2026-03-02T01:37:00+00:00,47.12701793213338,0,NORMAL,1,val,0.6947396397590637,lstm-ae-bharati-v1
BRT,BRT_POWER_001,2026-03-02T01:38:00+00:00,47.70034035583383,0,NORMAL,1,val,0.6919026970863342,lstm-ae-bharati-v1
BRT,BRT_POWER_001,2026-03-02T01:39:00+00:00,47.160404096380056,0,NORMAL,1,val,0.684346616268158,lstm-ae-bharati-v1
BRT,BRT_POWER_001,2026-03-02T01:40:00+00:00,46.41746206963754,0,NORMAL,1,val,0.6745494604110718,lstm-ae-bharati-v1
BRT,BRT_POWER_001,2026-03-02T01:41:00+00:00,46.91580041659686,0,NORMAL,1,val,0.6775328516960144,lstm-ae-bharati-v1
BRT,BRT_POWER_001,2026-03-02T01:42:00+00:00,46.44220203639401,0,NORMAL,1,val,0.66961669921875,lstm-ae-bharati-v1
BRT,BRT_POWER_001,2026-03-02T01:43:00+00:00,46.88942279253691,0,NORMAL,1,val,0.6669765114784241,lstm-ae-bharati-v1
BRT,BRT_POWER_001,2026-03-02T01:44:00+00:00,47.3348310440572,0,NORMAL,1,val,0.6665209531784058,lstm-ae-bharati-v1
BRT,BRT_POWER_001,2026-03-02T01:45:00+00:00,46.78909655732512,0,NORMAL,1,val,0.6596069931983948,lstm-ae-bharati-v1
BRT,BRT_POWER_001,2026-03-02T01:46:00+00:00,46.56462422654481,0,NORMAL,1,val,0.6489591002464294,lstm-ae-bharati-v1
BRT,BRT_POWER_001,2026-03-02T01:47:00+00:00,47.07524338931349,0,NORMAL,1,val,0.647252082824707,lstm-ae-bharati-v1
BRT,BRT_POWER_001,2026-03-02T01:48:00+00:00,47.04148123674687,0,NORMAL,1,val,0.6382430195808411,lstm-ae-bharati-v1
BRT,BRT_POWER_001,2026-03-02T01:49:00+00:00,45.948536745794655,0,NORMAL,1,val,0.611190676689148,lstm-ae-bharati-v1
BRT,BRT_POWER_001,2026-03-02T01:50:00+00:00,45.960175210523175,0,NORMAL,1,val,0.5778582096099854,lstm-ae-bharati-v1
BRT,BRT_POWER_001,2026-03-02T01:51:00+00:00,45.953794549883305,0,NORMAL,1,val,0.5484579801559448,lstm-ae-bharati-v1
BRT,BRT_POWER_001,2026-03-02T01:52:00+00:00,45.81070901172181,0,NORMAL,1,val,0.5138524174690247,lstm-ae-bharati-v1
BRT,BRT_POWER_001,2026-03-02T01:53:00+00:00,45.59002769512333,0,NORMAL,1,val,0.47755807638168335,lstm-ae-bharati-v1
BRT,BRT_POWER_001,2026-03-02T01:54:00+00:00,45.90731577223349,0,NORMAL,1,val,0.4423980116844177,lstm-ae-bharati-v1
BRT,BRT_POWER_001,2026-03-02T01:55:00+00:00,45.06670153644897,0,NORMAL,1,val,0.3970724642276764,lstm-ae-bharati-v1
BRT,BRT_POWER_001,2026-03-02T01:56:00+00:00,45.91726517194996,0,NORMAL,1,val,0.323301762342453,lstm-ae-bharati-v1
BRT,BRT_POWER_001,2026-03-02T01:57:00+00:00,45.74290218029561,0,NORMAL,1,val,0.2543342113494873,lstm-ae-bharati-v1
BRT,BRT_POWER_001,2026-03-02T01:58:00+00:00,46.46658107028991,0,NORMAL,1,val,0.1532130241394043,lstm-ae-bharati-v1
BRT,BRT_POWER_001,2026-03-02T01:59:00+00:00,46.176599731483165,0,NORMAL,0,val,0.00892430730164051,lstm-ae-bharati-v1
BRT,BRT_POWER_001,2026-03-02T02:00:00+00:00,45.317463788271226,0,NORMAL,0,val,0.008919552899897099,lstm-ae-bharati-v1
BRT,BRT_POWER_001,2026-03-02T02:01:00+00:00,44.78464558915056,0,NORMAL,0,val,0.009751669131219387,lstm-ae-bharati-v1
BRT,BRT_POWER_001,2026-03-02T02:02:00+00:00,45.0993701037823,0,NORMAL,0,val,0.010032331570982933,lstm-ae-bharati-v1
BRT,BRT_POWER_001,2026-03-02T02:03:00+00:00,44.71346470576045,0,NORMAL,0,val,0.010284858755767345,lstm-ae-bharati-v1
BRT,BRT_POWER_001,2026-03-02T02:04:00+00:00,44.860293596851875,0,NORMAL,0,val,0.010227862745523453,lstm-ae-bharati-v1
BRT,BRT_POWER_001,2026-03-02T02:05:00+00:00,44.06210093621031,0,NORMAL,0,val,0.011629949323832989,lstm-ae-bharati-v1
BRT,BRT_POWER_001,2026-03-02T02:06:00+00:00,43.78935579890327,0,NORMAL,0,val,0.01287857536226511,lstm-ae-bharati-v1
BRT,BRT_POWER_001,2026-03-02T02:07:00+00:00,43.753019944324954,0,NORMAL,0,val,0.01391966175287962,lstm-ae-bharati-v1
BRT,BRT_POWER_001,2026-03-02T02:08:00+00:00,43.952657856669255,0,NORMAL,0,val,0.012955049984157085,lstm-ae-bharati-v1
BRT,BRT_POWER_001,2026-03-02T02:09:00+00:00,44.22320430147368,0,NORMAL,0,val,0.012308387085795403,lstm-ae-bharati-v1
BRT,BRT_POWER_001,2026-03-02T02:10:00+00:00,43.55159301541624,0,NORMAL,0,val,0.01188865676522255,lstm-ae-bharati-v1
BRT,BRT_POWER_001,2026-03-02T02:11:00+00:00,43.56164951065421,0,NORMAL,0,val,0.011512813158333302,lstm-ae-bharati-v1
BRT,BRT_POWER_001,2026-03-02T02:12:00+00:00,43.75453080628994,0,NORMAL,0,val,0.010974233970046043,lstm-ae-bharati-v1
BRT,BRT_POWER_001,2026-03-02T02:13:00+00:00,43.178286928369786,0,NORMAL,0,val,0.0112924724817276,lstm-ae-bharati-v1
BRT,BRT_POWER_001,2026-03-02T02:14:00+00:00,43.039848201776735,0,NORMAL,0,val,0.010569336824119091,lstm-ae-bharati-v1
BRT,BRT_POWER_001,2026-03-02T02:15:00+00:00,43.51049392160253,0,NORMAL,0,val,0.010538371279835701,lstm-ae-bharati-v1
BRT,BRT_POWER_001,2026-03-02T02:16:00+00:00,43.544164419716495,0,NORMAL,0,val,0.011027088388800621,lstm-ae-bharati-v1
BRT,BRT_POWER_001,2026-03-02T02:17:00+00:00,42.5527947814571,0,NORMAL,0,val,0.01051405631005764,lstm-ae-bharati-v1
BRT,BRT_POWER_001,2026-03-02T02:18:00+00:00,42.5858784550312,0,NORMAL,0,val,0.009144569747149944,lstm-ae-bharati-v1
BRT,BRT_POWER_001,2026-03-02T02:19:00+00:00,41.71966096291384,0,NORMAL,0,val,0.010141009464859962,lstm-ae-bharati-v1
BRT,BRT_POWER_001,2026-03-02T02:54:00+00:00,38.013270708774265,0,NORMAL,0,val,0.013896665535867214,lstm-ae-bharati-v1
BRT,BRT_POWER_001,2026-03-02T02:55:00+00:00,38.61837505005414,0,NORMAL,0,val,0.012822065502405167,lstm-ae-bharati-v1
BRT,BRT_POWER_001,2026-03-02T02:56:00+00:00,38.718598697984945,0,NORMAL,0,val,0.01201446633785963,lstm-ae-bharati-v1
BRT,BRT_POWER_001,2026-03-02T02:57:00+00:00,38.32339996012236,0,NORMAL,0,val,0.01076891552656889,lstm-ae-bharati-v1
BRT,BRT_POWER_001,2026-03-02T02:58:00+00:00,38.355208965155406,0,NORMAL,0,val,0.009289859794080257,lstm-ae-bharati-v1
BRT,BRT_POWER_001,2026-03-02T02:59:00+00:00,38.538186664342795,0,NORMAL,0,val,0.008833503350615501,lstm-ae-bharati-v1
BRT,BRT_POWER_001,2026-03-02T03:00:00+00:00,38.04733501357864,0,NORMAL,0,val,0.008229715749621391,lstm-ae-bharati-v1
BRT,BRT_POWER_001,2026-03-02T03:01:00+00:00,38.39135679255701,0,NORMAL,0,val,0.006223679054528475,lstm-ae-bharati-v1
BRT,BRT_POWER_001,2026-03-02T03:02:00+00:00,38.54488328360654,0,NORMAL,0,val,0.006187310442328453,lstm-ae-bharati-v1
BRT,BRT_POWER_001,2026-03-02T03:03:00+00:00,37.99769907238847,0,NORMAL,0,val,0.006055749487131834,lstm-ae-bharati-v1
BRT,BRT_POWER_001,2026-03-02T03:04:00+00:00,37.98464495701478,0,NORMAL,0,val,0.0062185125425457954,lstm-ae-bharati-v1
BRT,BRT_POWER_001,2026-03-02T03:05:00+00:00,37.292930938060465,0,NORMAL,0,val,0.0060386997647583485,lstm-ae-bharati-v1
BRT,BRT_POWER_001,2026-03-02T03:06:00+00:00,37.53104467217963,0,NORMAL,0,val,0.0057416497729718685,lstm-ae-bharati-v1
BRT,BRT_POWER_001,2026-03-02T03:07:00+00:00,37.39588583592221,0,NORMAL,0,val,0.005483423825353384,lstm-ae-bharati-v1
BRT,BRT_POWER_001,2026-03-02T03:08:00+00:00,36.73293878836541,0,NORMAL,0,val,0.006313628982752562,lstm-ae-bharati-v1
BRT,BRT_POWER_001,2026-03-02T03:09:00+00:00,37.93011756939876,0,NORMAL,0,val,0.007226138841360807,lstm-ae-bharati-v1
BRT,BRT_POWER_001,2026-03-02T03:10:00+00:00,37.662474283142586,0,NORMAL,0,val,0.007330628111958504,lstm-ae-bharati-v1
BRT,BRT_POWER_001,2026-03-02T03:11:00+00:00,37.71158160868208,0,NORMAL,0,val,0.008140158839523792,lstm-ae-bharati-v1
BRT,BRT_POWER_001,2026-03-02T03:12:00+00:00,37.96780685860556,0,NORMAL,0,val,0.00832382868975401,lstm-ae-bharati-v1
BRT,BRT_POWER_001,2026-03-02T03:13:00+00:00,37.290560780178055,0,NORMAL,0,val,0.0076378281228244305,lstm-ae-bharati-v1
BRT,BRT_POWER_001,2026-03-02T03:14:00+00:00,37.337138224272415,0,NORMAL,0,val,0.00809556245803833,lstm-ae-bharati-v1
BRT,BRT_POWER_001,2026-03-02T03:15:00+00:00,37.23801789776262,0,NORMAL,0,val,0.007294878363609314,lstm-ae-bharati-v1
BRT,BRT_POWER_001,2026-03-02T03:16:00+00:00,36.988796930834546,0,NORMAL,0,val,0.006906250957399607,lstm-ae-bharati-v1
BRT,BRT_POWER_001,2026-03-02T03:17:00+00:00,37.02699961842608,0,NORMAL,0,val,0.006657203193753958,lstm-ae-bharati-v1
BRT,BRT_POWER_001,2026-03-02T03:18:00+00:00,36.55859497720966,0,NORMAL,0,val,0.007380235008895397,lstm-ae-bharati-v1
BRT,BRT_POWER_001,2026-03-02T03:19:00+00:00,36.776457403755586,0,NORMAL,0,val,0.007293539121747017,lstm-ae-bharati-v1
BRT,BRT_POWER_001,2026-03-02T03:20:00+00:00,36.776457403755586,1,STUCK_VALUE,1,val,0.0071750846691429615,lstm-ae-bharati-v1
BRT,BRT_POWER_001,2026-03-02T03:21:00+00:00,36.776457403755586,1,STUCK_VALUE,1,val,0.007074272725731134,lstm-ae-bharati-v1
BRT,BRT_POWER_001,2026-03-02T03:22:00+00:00,36.776457403755586,1,STUCK_VALUE,1,val,0.006918840575963259,lstm-ae-bharati-v1
BRT,BRT_POWER_001,2026-03-02T03:23:00+00:00,36.776457403755586,1,STUCK_VALUE,1,val,0.006530191283673048,lstm-ae-bharati-v1
BRT,BRT_POWER_001,2026-03-02T03:24:00+00:00,36.776457403755586,1,STUCK_VALUE,1,val,0.005682556424289942,lstm-ae-bharati-v1
BRT,BRT_POWER_001,2026-03-02T03:25:00+00:00,36.776457403755586,1,STUCK_VALUE,1,val,0.0057960394769907,lstm-ae-bharati-v1
BRT,BRT_POWER_001,2026-03-02T03:26:00+00:00,36.776457403755586,1,STUCK_VALUE,1,val,0.005686680320650339,lstm-ae-bharati-v1
BRT,BRT_POWER_001,2026-03-02T03:27:00+00:00,36.776457403755586,1,STUCK_VALUE,1,val,0.0057397279888391495,lstm-ae-bharati-v1
BRT,BRT_POWER_001,2026-03-02T03:28:00+00:00,36.776457403755586,1,STUCK_VALUE,1,val,0.005883489269763231,lstm-ae-bharati-v1
BRT,BRT_POWER_001,2026-03-02T03:29:00+00:00,36.776457403755586,1,STUCK_VALUE,1,val,0.0056525906547904015,lstm-ae-bharati-v1
BRT,BRT_POWER_001,2026-03-02T03:30:00+00:00,36.776457403755586,1,STUCK_VALUE,1,val,0.005830429960042238,lstm-ae-bharati-v1
BRT,BRT_POWER_001,2026-03-02T03:31:00+00:00,36.776457403755586,1,STUCK_VALUE,1,val,0.0058271982707083225,lstm-ae-bharati-v1
BRT,BRT_POWER_001,2026-03-02T03:32:00+00:00,36.776457403755586,1,STUCK_VALUE,1,val,0.005054109264165163,lstm-ae-bharati-v1
BRT,BRT_POWER_001,2026-03-02T03:33:00+00:00,36.776457403755586,1,STUCK_VALUE,1,val,0.005001718178391457,lstm-ae-bharati-v1
BRT,BRT_POWER_001,2026-03-02T03:34:00+00:00,36.776457403755586,1,STUCK_VALUE,1,val,0.004735956434160471,lstm-ae-bharati-v1
BRT,BRT_POWER_001,2026-03-02T03:35:00+00:00,36.776457403755586,1,STUCK_VALUE,1,val,0.0044831568375229836,lstm-ae-bharati-v1
BRT,BRT_POWER_001,2026-03-02T03:36:00+00:00,36.776457403755586,1,STUCK_VALUE,1,val,0.004306244198232889,lstm-ae-bharati-v1
BRT,BRT_POWER_001,2026-03-02T03:37:00+00:00,36.776457403755586,1,STUCK_VALUE,1,val,0.004076368175446987,lstm-ae-bharati-v1
BRT,BRT_POWER_001,2026-03-02T03:38:00+00:00,36.776457403755586,1,STUCK_VALUE,1,val,0.00277551612816751,lstm-ae-bharati-v1
BRT,BRT_POWER_001,2026-03-02T03:39:00+00:00,36.776457403755586,1,STUCK_VALUE,1,val,0.0024304045364260674,lstm-ae-bharati-v1
BRT,BRT_POWER_001,2026-03-02T03:40:00+00:00,36.776457403755586,1,STUCK_VALUE,1,val,0.0023881231900304556,lstm-ae-bharati-v1
BRT,BRT_POWER_001,2026-03-02T03:41:00+00:00,36.776457403755586,1,STUCK_VALUE,1,val,0.0021138254087418318,lstm-ae-bharati-v1
BRT,BRT_POWER_001,2026-03-02T03:42:00+00:00,36.776457403755586,1,STUCK_VALUE,1,val,0.0009673295426182449,lstm-ae-bharati-v1
BRT,BRT_POWER_001,2026-03-02T03:43:00+00:00,36.776457403755586,1,STUCK_VALUE,1,val,0.0009461954468861222,lstm-ae-bharati-v1
BRT,BRT_POWER_001,2026-03-02T03:44:00+00:00,36.29812516870898,0,NORMAL,1,val,0.00140886299777776,lstm-ae-bharati-v1
BRT,BRT_POWER_001,2026-03-02T03:45:00+00:00,36.318892979302944,0,NORMAL,1,val,0.0018669762648642063,lstm-ae-bharati-v1
BRT,BRT_POWER_001,2026-03-02T03:46:00+00:00,36.15726461254841,0,NORMAL,1,val,0.0025780254509299994,lstm-ae-bharati-v1
BRT,BRT_POWER_001,2026-03-02T03:47:00+00:00,36.55799279166128,0,NORMAL,1,val,0.0027171620167791843,lstm-ae-bharati-v1
BRT,BRT_POWER_001,2026-03-02T03:48:00+00:00,36.02301653116648,0,NORMAL,1,val,0.00310065527446568,lstm-ae-bharati-v1
BRT,BRT_POWER_001,2026-03-02T03:49:00+00:00,35.72500443021395,0,NORMAL,1,val,0.00434292946010828,lstm-ae-bharati-v1
BRT,BRT_POWER_001,2026-03-02T03:50:00+00:00,35.881010849263824,0,NORMAL,1,val,0.0048158299177885056,lstm-ae-bharati-v1
BRT,BRT_POWER_001,2026-03-02T03:51:00+00:00,35.766753284683595,0,NORMAL,1,val,0.005266821943223476,lstm-ae-bharati-v1
BRT,BRT_POWER_001,2026-03-02T03:52:00+00:00,36.28952222107041,0,NORMAL,1,val,0.005054100416600704,lstm-ae-bharati-v1
BRT,BRT_POWER_001,2026-03-02T03:53:00+00:00,36.08709895268956,0,NORMAL,1,val,0.0048447553999722,lstm-ae-bharati-v1
BRT,BRT_POWER_001,2026-03-02T03:54:00+00:00,36.24970638549015,0,NORMAL,1,val,0.004611749667674303,lstm-ae-bharati-v1
BRT,BRT_POWER_001,2026-03-02T03:55:00+00:00,36.48411578813175,0,NORMAL,1,val,0.004563105292618275,lstm-ae-bharati-v1
BRT,BRT_POWER_001,2026-03-02T03:56:00+00:00,36.58066862502042,0,NORMAL,1,val,0.004636215046048164,lstm-ae-bharati-v1
BRT,BRT_POWER_001,2026-03-02T03:57:00+00:00,37.0836054078348,0,NORMAL,1,val,0.005820614285767078,lstm-ae-bharati-v1
BRT,BRT_POWER_001,2026-03-02T03:58:00+00:00,35.47469643588022,0,NORMAL,1,val,0.006855970248579979,lstm-ae-bharati-v1
BRT,BRT_POWER_001,2026-03-02T03:59:00+00:00,36.228035650605186,0,NORMAL,1,val,0.006659226026386023,lstm-ae-bharati-v1
BRT,BRT_POWER_001,2026-03-02T04:00:00+00:00,36.66425198526725,0,NORMAL,1,val,0.006896189879626036,lstm-ae-bharati-v1
BRT,BRT_POWER_001,2026-03-02T04:01:00+00:00,37.095667517517136,0,NORMAL,1,val,0.00806601345539093,lstm-ae-bharati-v1
BRT,BRT_POWER_001,2026-03-02T04:02:00+00:00,36.420372930087,0,NORMAL,1,val,0.007904880680143833,lstm-ae-bharati-v1
BRT,BRT_POWER_001,2026-03-02T04:03:00+00:00,36.96591234226853,0,NORMAL,1,val,0.008399557322263718,lstm-ae-bharati-v1
BRT,BRT_POWER_001,2026-03-02T04:04:00+00:00,36.55940557359432,0,NORMAL,1,val,0.008251769468188286,lstm-ae-bharati-v1
BRT,BRT_POWER_001,2026-03-02T04:05:00+00:00,37.55015748388498,0,NORMAL,1,val,0.01000052411109209,lstm-ae-bharati-v1
BRT,BRT_POWER_001,2026-03-02T04:06:00+00:00,37.281237978858286,0,NORMAL,1,val,0.010336118750274181,lstm-ae-bharati-v1
BRT,BRT_POWER_001,2026-03-02T04:07:00+00:00,37.22375185233311,0,NORMAL,1,val,0.010254885070025921,lstm-ae-bharati-v1
BRT,BRT_POWER_001,2026-03-02T04:08:00+00:00,37.34262524874806,0,NORMAL,1,val,0.010076100006699562,lstm-ae-bharati-v1
BRT,BRT_POWER_001,2026-03-02T04:09:00+00:00,38.34803269772919,0,NORMAL,1,val,0.012279633432626724,lstm-ae-bharati-v1
BRT,BRT_POWER_001,2026-03-02T04:10:00+00:00,38.212728087361704,0,NORMAL,1,val,0.012767050415277481,lstm-ae-bharati-v1
BRT,BRT_POWER_001,2026-03-02T04:11:00+00:00,38.00099925755943,0,NORMAL,1,val,0.011989696882665157,lstm-ae-bharati-v1
BRT,BRT_POWER_001,2026-03-02T04:12:00+00:00,38.20185508339515,0,NORMAL,1,val,0.0108797000721097,lstm-ae-bharati-v1
BRT,BRT_POWER_001,2026-03-02T04:13:00+00:00,38.4448485128436,0,NORMAL,0,val,0.010035251267254353,lstm-ae-bharati-v1
BRT,BRT_POWER_001,2026-03-02T04:14:00+00:00,38.08033027647691,0,NORMAL,0,val,0.009562854655086994,lstm-ae-bharati-v1
BRT,BRT_POWER_001,2026-03-02T04:15:00+00:00,37.7420265679152,0,NORMAL,0,val,0.009892692789435387,lstm-ae-bharati-v1
BRT,BRT_POWER_001,2026-03-02T04:16:00+00:00,38.031668749864174,0,NORMAL,0,val,0.00944526307284832,lstm-ae-bharati-v1
BRT,BRT_POWER_001,2026-03-02T04:17:00+00:00,38.1778391553948,0,NORMAL,0,val,0.009168899618089199,lstm-ae-bharati-v1
BRT,BRT_POWER_001,2026-03-02T04:18:00+00:00,38.5984220162123,0,NORMAL,0,val,0.00945212971419096,lstm-ae-bharati-v1
BRT,BRT_POWER_001,2026-03-02T04:19:00+00:00,38.58691404535926,0,NORMAL,0,val,0.009242819622159004,lstm-ae-bharati-v1
BRT,BRT_PRESS_001,2026-03-01T23:49:00+00:00,984.5229437900624,0,NORMAL,0,val,0.0031286918092519045,lstm-ae-bharati-v1
BRT,BRT_PRESS_001,2026-03-01T23:50:00+00:00,984.4363997445522,0,NORMAL,0,val,0.0028911090921610594,lstm-ae-bharati-v1
BRT,BRT_PRESS_001,2026-03-01T23:51:00+00:00,984.4419106769394,0,NORMAL,0,val,0.0027512263040989637,lstm-ae-bharati-v1
BRT,BRT_PRESS_001,2026-03-01T23:52:00+00:00,984.777145573705,0,NORMAL,0,val,0.0031926266383379698,lstm-ae-bharati-v1
BRT,BRT_PRESS_001,2026-03-01T23:53:00+00:00,984.7116731810588,0,NORMAL,0,val,0.0032450298313051462,lstm-ae-bharati-v1
BRT,BRT_PRESS_001,2026-03-01T23:54:00+00:00,984.6892009846836,0,NORMAL,0,val,0.0030210090335458517,lstm-ae-bharati-v1
BRT,BRT_PRESS_001,2026-03-01T23:55:00+00:00,984.828331775542,0,NORMAL,0,val,0.0028139175847172737,lstm-ae-bharati-v1
BRT,BRT_PRESS_001,2026-03-01T23:56:00+00:00,985.0304157183144,0,NORMAL,0,val,0.0030705456156283617,lstm-ae-bharati-v1
BRT,BRT_PRESS_001,2026-03-01T23:57:00+00:00,985.0466481185498,0,NORMAL,0,val,0.0031637479551136494,lstm-ae-bharati-v1
BRT,BRT_PRESS_001,2026-03-01T23:58:00+00:00,985.1002477091746,0,NORMAL,0,val,0.0032268157228827477,lstm-ae-bharati-v1
BRT,BRT_PRESS_001,2026-03-01T23:59:00+00:00,985.1960948961224,0,NORMAL,0,val,0.0031449184753000736,lstm-ae-bharati-v1
BRT,BRT_PRESS_001,2026-03-02T00:00:00+00:00,992.8299916142416,1,SPIKE,1,val,0.5894172191619873,lstm-ae-bharati-v1
BRT,BRT_PRESS_001,2026-03-02T00:01:00+00:00,992.7837524817796,1,SPIKE,1,val,1.0889941453933716,lstm-ae-bharati-v1
BRT,BRT_PRESS_001,2026-03-02T00:02:00+00:00,992.8407905940882,1,SPIKE,1,val,1.5310646295547485,lstm-ae-bharati-v1
BRT,BRT_PRESS_001,2026-03-02T00:03:00+00:00,992.710330267875,1,SPIKE,1,val,1.90011465549469,lstm-ae-bharati-v1
BRT,BRT_PRESS_001,2026-03-02T00:04:00+00:00,992.9351013428331,1,SPIKE,1,val,2.2654998302459717,lstm-ae-bharati-v1
BRT,BRT_PRESS_001,2026-03-02T00:05:00+00:00,985.5050648851136,0,NORMAL,1,val,2.320119619369507,lstm-ae-bharati-v1
BRT,BRT_PRESS_001,2026-03-02T00:06:00+00:00,985.6222868563876,0,NORMAL,1,val,2.3799052238464355,lstm-ae-bharati-v1
BRT,BRT_PRESS_001,2026-03-02T00:07:00+00:00,985.7683154300156,0,NORMAL,1,val,2.4398109912872314,lstm-ae-bharati-v1
BRT,BRT_PRESS_001,2026-03-02T00:08:00+00:00,985.6205045888892,0,NORMAL,1,val,2.5213582515716553,lstm-ae-bharati-v1
BRT,BRT_PRESS_001,2026-03-02T00:09:00+00:00,985.6370660599756,0,NORMAL,1,val,2.6053106784820557,lstm-ae-bharati-v1
BRT,BRT_PRESS_001,2026-03-02T00:10:00+00:00,985.8632205072564,0,NORMAL,1,val,2.6688764095306396,lstm-ae-bharati-v1
BRT,BRT_PRESS_001,2026-03-02T00:11:00+00:00,986.0001285235006,0,NORMAL,1,val,2.720015287399292,lstm-ae-bharati-v1
BRT,BRT_PRESS_001,2026-03-02T00:12:00+00:00,985.91502881749,0,NORMAL,1,val,2.7719194889068604,lstm-ae-bharati-v1
BRT,BRT_PRESS_001,2026-03-02T00:13:00+00:00,986.0548201488508,0,NORMAL,1,val,2.804062604904175,lstm-ae-bharati-v1
BRT,BRT_PRESS_001,2026-03-02T00:14:00+00:00,985.9382237568932,0,NORMAL,1,val,2.8327200412750244,lstm-ae-bharati-v1
BRT,BRT_PRESS_001,2026-03-02T00:15:00+00:00,985.9722000504654,0,NORMAL,1,val,2.838752031326294,lstm-ae-bharati-v1
BRT,BRT_PRESS_001,2026-03-02T00:16:00+00:00,985.9251677430908,0,NORMAL,1,val,2.823681592941284,lstm-ae-bharati-v1
BRT,BRT_PRESS_001,2026-03-02T00:17:00+00:00,985.9453262272128,0,NORMAL,1,val,2.7759809494018555,lstm-ae-bharati-v1
BRT,BRT_PRESS_001,2026-03-02T00:18:00+00:00,985.9372328140396,0,NORMAL,1,val,2.704843759536743,lstm-ae-bharati-v1
BRT,BRT_PRESS_001,2026-03-02T00:19:00+00:00,985.9709279003588,0,NORMAL,1,val,2.615800380706787,lstm-ae-bharati-v1
BRT,BRT_PRESS_001,2026-03-02T00:20:00+00:00,986.173151010218,0,NORMAL,1,val,2.50081205368042,lstm-ae-bharati-v1
BRT,BRT_PRESS_001,2026-03-02T00:21:00+00:00,986.1282557707927,0,NORMAL,1,val,2.374452829360962,lstm-ae-bharati-v1
BRT,BRT_PRESS_001,2026-03-02T00:22:00+00:00,986.197159452816,0,NORMAL,1,val,2.262011766433716,lstm-ae-bharati-v1
BRT,BRT_PRESS_001,2026-03-02T00:23:00+00:00,986.4311287463004,0,NORMAL,1,val,2.1455957889556885,lstm-ae-bharati-v1
BRT,BRT_PRESS_001,2026-03-02T00:24:00+00:00,986.282622150687,0,NORMAL,1,val,2.0276167392730713,lstm-ae-bharati-v1
BRT,BRT_PRESS_001,2026-03-02T00:25:00+00:00,986.4834143419,0,NORMAL,1,val,1.9260681867599487,lstm-ae-bharati-v1
BRT,BRT_PRESS_001,2026-03-02T00:26:00+00:00,986.592553188094,0,NORMAL,1,val,1.8448899984359741,lstm-ae-bharati-v1
BRT,BRT_PRESS_001,2026-03-02T00:27:00+00:00,986.685703300354,0,NORMAL,1,val,1.7735172510147095,lstm-ae-bharati-v1
BRT,BRT_PRESS_001,2026-03-02T00:28:00+00:00,986.7576388564408,0,NORMAL,1,val,1.7163068056106567,lstm-ae-bharati-v1
BRT,BRT_PRESS_001,2026-03-02T00:29:00+00:00,986.8544714868992,0,NORMAL,1,val,1.709330677986145,lstm-ae-bharati-v1
BRT,BRT_PRESS_001,2026-03-02T00:30:00+00:00,986.867012551919,0,NORMAL,1,val,1.4892219305038452,lstm-ae-bharati-v1
BRT,BRT_PRESS_001,2026-03-02T00:31:00+00:00,986.8575793573972,0,NORMAL,1,val,1.2426068782806396,lstm-ae-bharati-v1
BRT,BRT_PRESS_001,2026-03-02T00:32:00+00:00,986.8710976446024,0,NORMAL,1,val,0.9265112280845642,lstm-ae-bharati-v1
BRT,BRT_PRESS_001,2026-03-02T00:33:00+00:00,987.0549583114127,0,NORMAL,1,val,0.5320323705673218,lstm-ae-bharati-v1
BRT,BRT_PRESS_001,2026-03-02T00:34:00+00:00,986.9325016904492,0,NORMAL,0,val,0.005806865636259317,lstm-ae-bharati-v1
BRT,BRT_PRESS_001,2026-03-02T00:35:00+00:00,987.1631437476158,0,NORMAL,0,val,0.005844586528837681,lstm-ae-bharati-v1
BRT,BRT_PRESS_001,2026-03-02T00:36:00+00:00,987.2314116056868,0,NORMAL,0,val,0.005903350654989481,lstm-ae-bharati-v1
BRT,BRT_PRESS_001,2026-03-02T00:37:00+00:00,987.2581454689196,0,NORMAL,0,val,0.005819820798933506,lstm-ae-bharati-v1
BRT,BRT_PRESS_001,2026-03-02T00:38:00+00:00,987.1703970695592,0,NORMAL,0,val,0.005828319117426872,lstm-ae-bharati-v1
BRT,BRT_PRESS_001,2026-03-02T00:39:00+00:00,987.2780525334364,0,NORMAL,0,val,0.005214424803853035,lstm-ae-bharati-v1
BRT,BRT_PRESS_001,2026-03-02T00:40:00+00:00,987.3372364495586,0,NORMAL,0,val,0.004357494879513979,lstm-ae-bharati-v1
BRT,BRT_PRESS_001,2026-03-02T00:41:00+00:00,987.2871025557008,0,NORMAL,0,val,0.003367580007761717,lstm-ae-bharati-v1
BRT,BRT_PRESS_001,2026-03-02T00:42:00+00:00,987.3437205239584,0,NORMAL,0,val,0.0026085074059665203,lstm-ae-bharati-v1
BRT,BRT_PRESS_001,2026-03-02T00:43:00+00:00,987.2667798950544,0,NORMAL,0,val,0.002221402944996953,lstm-ae-bharati-v1
BRT,BRT_PRESS_001,2026-03-02T00:44:00+00:00,987.28459535973,0,NORMAL,0,val,0.002390317153185606,lstm-ae-bharati-v1
BRT,BRT_PRESS_001,2026-03-02T00:45:00+00:00,987.3225835294865,0,NORMAL,0,val,0.0028215039055794477,lstm-ae-bharati-v1
BRT,BRT_PRESS_001,2026-03-02T00:46:00+00:00,987.3696990989392,0,NORMAL,0,val,0.00327869295142591,lstm-ae-bharati-v1
BRT,BRT_PRESS_001,2026-03-02T00:47:00+00:00,987.4424570712798,0,NORMAL,0,val,0.0036831435281783342,lstm-ae-bharati-v1
BRT,BRT_PRESS_001,2026-03-02T00:48:00+00:00,987.4478739076502,0,NORMAL,0,val,0.003772915806621313,lstm-ae-bharati-v1
BRT,BRT_PRESS_001,2026-03-02T00:49:00+00:00,987.3397853447046,0,NORMAL,0,val,0.0037573883309960365,lstm-ae-bharati-v1
BRT,BRT_PRESS_001,2026-03-02T00:50:00+00:00,987.3505001248144,0,NORMAL,0,val,0.004480042960494757,lstm-ae-bharati-v1
BRT,BRT_PRESS_001,2026-03-02T00:51:00+00:00,987.3411927060014,0,NORMAL,0,val,0.004407568834722042,lstm-ae-bharati-v1
BRT,BRT_PRESS_001,2026-03-02T00:52:00+00:00,987.2634702643738,0,NORMAL,0,val,0.004337682854384184,lstm-ae-bharati-v1
BRT,BRT_PRESS_001,2026-03-02T00:53:00+00:00,987.2140171274352,0,NORMAL,0,val,0.00545115489512682,lstm-ae-bharati-v1
BRT,BRT_PRESS_001,2026-03-02T00:54:00+00:00,987.3580791988408,0,NORMAL,0,val,0.0040004197508096695,lstm-ae-bharati-v1
BRT,BRT_PRESS_001,2026-03-02T00:55:00+00:00,987.2694457331444,0,NORMAL,0,val,0.0037051879335194826,lstm-ae-bharati-v1
BRT,BRT_PRESS_001,2026-03-02T00:56:00+00:00,987.2839873823748,0,NORMAL,0,val,0.0034035725984722376,lstm-ae-bharati-v1
BRT,BRT_PRESS_001,2026-03-02T00:57:00+00:00,987.3329909543592,0,NORMAL,0,val,0.003078851383179426,lstm-ae-bharati-v1
BRT,BRT_PRESS_001,2026-03-02T00:58:00+00:00,987.3161334857996,0,NORMAL,0,val,0.0028775534592568874,lstm-ae-bharati-v1
BRT,BRT_PRESS_001,2026-03-02T00:59:00+00:00,987.2920020980556,0,NORMAL,0,val,0.0029270232189446688,lstm-ae-bharati-v1
BRT,BRT_PRESS_001,2026-03-02T01:00:00+00:00,987.3945645653952,1,DRIFT,1,val,0.0028025356587022543,lstm-ae-bharati-v1
BRT,BRT_PRESS_001,2026-03-02T01:01:00+00:00,987.604293440763,1,DRIFT,1,val,0.0030611813999712467,lstm-ae-bharati-v1
BRT,BRT_PRESS_001,2026-03-02T01:02:00+00:00,987.8223257655447,1,DRIFT,1,val,0.004751039668917656,lstm-ae-bharati-v1
BRT,BRT_PRESS_001,2026-03-02T01:03:00+00:00,987.9219567662992,1,DRIFT,1,val,0.007434098981320858,lstm-ae-bharati-v1
BRT,BRT_PRESS_001,2026-03-02T01:04:00+00:00,988.0537914761134,1,DRIFT,1,val,0.010404876433312893,lstm-ae-bharati-v1
BRT,BRT_PRESS_001,2026-03-02T01:05:00+00:00,988.2381116524346,1,DRIFT,1,val,0.015223860740661621,lstm-ae-bharati-v1
BRT,BRT_PRESS_001,2026-03-02T01:06:00+00:00,988.253340742262,1,DRIFT,1,val,0.01870318502187729,lstm-ae-bharati-v1
BRT,BRT_PRESS_001,2026-03-02T01:07:00+00:00,988.389208838116,1,DRIFT,1,val,0.02248631976544857,lstm-ae-bharati-v1
BRT,BRT_PRESS_001,2026-03-02T01:08:00+00:00,988.3736034275024,1,DRIFT,1,val,0.02470838651061058,lstm-ae-bharati-v1
BRT,BRT_PRESS_001,2026-03-02T01:09:00+00:00,988.7622566236664,1,DRIFT,1,val,0.030707256868481636,lstm-ae-bharati-v1
BRT,BRT_PRESS_001,2026-03-02T01:10:00+00:00,988.7841619935368,1,DRIFT,1,val,0.03434649482369423,lstm-ae-bharati-v1
BRT,BRT_PRESS_001,2026-03-02T01:11:00+00:00,988.9415887772268,1,DRIFT,1,val,0.03879786655306816,lstm-ae-bharati-v1
BRT,BRT_PRESS_001,2026-03-02T01:12:00+00:00,989.0603262349948,1,DRIFT,1,val,0.04296879842877388,lstm-ae-bharati-v1
BRT,BRT_PRESS_001,2026-03-02T01:13:00+00:00,989.0795509669236,1,DRIFT,1,val,0.04602228105068207,lstm-ae-bharati-v1
BRT,BRT_PRESS_001,2026-03-02T01:14:00+00:00,989.4034962082488,1,DRIFT,1,val,0.05395619943737984,lstm-ae-bharati-v1
BRT,BRT_PRESS_001,2026-03-02T01:15:00+00:00,989.3490069359494,1,DRIFT,1,val,0.05852397903800011,lstm-ae-bharati-v1
BRT,BRT_PRESS_001,2026-03-02T01:16:00+00:00,989.3812958727138,1,DRIFT,1,val,0.06260554492473602,lstm-ae-bharati-v1
BRT,BRT_PRESS_001,2026-03-02T01:17:00+00:00,989.669961341998,1,DRIFT,1,val,0.07284510135650635,lstm-ae-bharati-v1
BRT,BRT_PRESS_001,2026-03-02T01:18:00+00:00,989.6083952797172,1,DRIFT,1,val,0.08077751845121384,lstm-ae-bharati-v1
BRT,BRT_PRESS_001,2026-03-02T01:19:00+00:00,989.8811208365896,1,DRIFT,1,val,0.09786593168973923,lstm-ae-bharati-v1
BRT,BRT_PRESS_001,2026-03-02T01:20:00+00:00,989.971285239566,1,DRIFT,1,val,0.1177811250090599,lstm-ae-bharati-v1
BRT,BRT_PRESS_001,2026-03-02T01:21:00+00:00,990.0994264329532,1,DRIFT,1,val,0.14300642907619476,lstm-ae-bharati-v1
BRT,BRT_PRESS_001,2026-03-02T01:22:00+00:00,990.3043365655438,1,DRIFT,1,val,0.17755581438541412,lstm-ae-bharati-v1
BRT,BRT_PRESS_001,2026-03-02T01:23:00+00:00,990.3807494118956,1,DRIFT,1,val,0.21577692031860352,lstm-ae-bharati-v1
BRT,BRT_PRESS_001,2026-03-02T01:24:00+00:00,990.4025490396104,1,DRIFT,1,val,0.25594353675842285,lstm-ae-bharati-v1
BRT,BRT_PRESS_001,2026-03-02T01:25:00+00:00,990.666051129246,1,DRIFT,1,val,0.3121493458747864,lstm-ae-bharati-v1
BRT,BRT_PRESS_001,2026-03-02T01:26:00+00:00,990.96153870852,1,DRIFT,1,val,0.3870883285999298,lstm-ae-bharati-v1
BRT,BRT_PRESS_001,2026-03-02T01:27:00+00:00,990.9588533143656,1,DRIFT,1,val,0.46151289343833923,lstm-ae-bharati-v1
BRT,BRT_PRESS_001,2026-03-02T01:28:00+00:00,990.9381066115104,1,DRIFT,1,val,0.5365946292877197,lstm-ae-bharati-v1
BRT,BRT_PRESS_001,2026-03-02T01:29:00+00:00,990.8887929774006,1,DRIFT,1,val,0.6112282872200012,lstm-ae-bharati-v1
BRT,BRT_PRESS_001,2026-03-02T01:30:00+00:00,987.0569026868852,0,NORMAL,1,val,0.576371431350708,lstm-ae-bharati-v1
BRT,BRT_PRESS_001,2026-03-02T01:31:00+00:00,987.1298915290348,0,NORMAL,1,val,0.5704715847969055,lstm-ae-bharati-v1
BRT,BRT_PRESS_001,2026-03-02T01:32:00+00:00,987.1735506342624,0,NORMAL,1,val,0.5697335004806519,lstm-ae-bharati-v1
BRT,BRT_PRESS_001,2026-03-02T01:33:00+00:00,987.0534400963752,0,NORMAL,1,val,0.5743785500526428,lstm-ae-bharati-v1
BRT,BRT_PRESS_001,2026-03-02T01:34:00+00:00,987.1475606577108,0,NORMAL,1,val,0.5805107355117798,lstm-ae-bharati-v1
BRT,BRT_PRESS_001,2026-03-02T01:35:00+00:00,987.1826406455244,0,NORMAL,1,val,0.5832245945930481,lstm-ae-bharati-v1
BRT,BRT_PRESS_001,2026-03-02T01:36:00+00:00,987.2329055081112,0,NORMAL,1,val,0.5831462740898132,lstm-ae-bharati-v1
BRT,BRT_PRESS_001,2026-03-02T01:37:00+00:00,987.1312439410544,0,NORMAL,1,val,0.5804309844970703,lstm-ae-bharati-v1
BRT,BRT_PRESS_001,2026-03-02T01:38:00+00:00,987.255055328124,0,NORMAL,1,val,0.5809293389320374,lstm-ae-bharati-v1
BRT,BRT_PRESS_001,2026-03-02T01:39:00+00:00,987.06159407862,0,NORMAL,1,val,0.5785201787948608,lstm-ae-bharati-v1
BRT,BRT_PRESS_001,2026-03-02T01:40:00+00:00,986.8936381592698,0,NORMAL,1,val,0.5795117616653442,lstm-ae-bharati-v1
BRT,BRT_PRESS_001,2026-03-02T01:41:00+00:00,986.8172743858264,0,NORMAL,1,val,0.5817230343818665,lstm-ae-bharati-v1
BRT,BRT_PRESS_001,2026-03-02T01:42:00+00:00,986.7170610734372,0,NORMAL,1,val,0.5844682455062866,lstm-ae-bharati-v1
BRT,BRT_PRESS_001,2026-03-02T01:43:00+00:00,986.9601965795432,0,NORMAL,1,val,0.5914022922515869,lstm-ae-bharati-v1
BRT,BRT_PRESS_001,2026-03-02T01:44:00+00:00,987.0247324081688,0,NORMAL,1,val,0.5914562940597534,lstm-ae-bharati-v1
BRT,BRT_PRESS_001,2026-03-02T01:45:00+00:00,986.9151382321612,0,NORMAL,1,val,0.5934880375862122,lstm-ae-bharati-v1
BRT,BRT_PRESS_001,2026-03-02T01:46:00+00:00,987.0029033828952,0,NORMAL,1,val,0.599430501461029,lstm-ae-bharati-v1
BRT,BRT_PRESS_001,2026-03-02T01:47:00+00:00,986.9248673745474,0,NORMAL,1,val,0.5966452360153198,lstm-ae-bharati-v1
BRT,BRT_PRESS_001,2026-03-02T01:48:00+00:00,986.8930469655852,0,NORMAL,1,val,0.5990060567855835,lstm-ae-bharati-v1
BRT,BRT_PRESS_001,2026-03-02T01:49:00+00:00,986.6790601137052,0,NORMAL,1,val,0.5913066267967224,lstm-ae-bharati-v1
BRT,BRT_PRESS_001,2026-03-02T01:50:00+00:00,986.7178820359974,0,NORMAL,1,val,0.5826101303100586,lstm-ae-bharati-v1
BRT,BRT_PRESS_001,2026-03-02T01:51:00+00:00,986.696915732368,0,NORMAL,1,val,0.569840133190155,lstm-ae-bharati-v1
BRT,BRT_PRESS_001,2026-03-02T01:52:00+00:00,986.6407699225932,0,NORMAL,1,val,0.5468019247055054,lstm-ae-bharati-v1
BRT,BRT_PRESS_001,2026-03-02T01:53:00+00:00,986.5693409709812,0,NORMAL,1,val,0.5181233882904053,lstm-ae-bharati-v1
BRT,BRT_PRESS_001,2026-03-02T01:54:00+00:00,986.4967141212376,0,NORMAL,1,val,0.4867924451828003,lstm-ae-bharati-v1
BRT,BRT_PRESS_001,2026-03-02T01:55:00+00:00,986.4979822028852,0,NORMAL,1,val,0.4369373917579651,lstm-ae-bharati-v1
BRT,BRT_PRESS_001,2026-03-02T01:56:00+00:00,986.2944973887328,0,NORMAL,1,val,0.3575652539730072,lstm-ae-bharati-v1
BRT,BRT_PRESS_001,2026-03-02T01:57:00+00:00,986.4016862240323,0,NORMAL,1,val,0.2611221373081207,lstm-ae-bharati-v1
BRT,BRT_PRESS_001,2026-03-02T01:58:00+00:00,986.3395664374382,0,NORMAL,1,val,0.14438170194625854,lstm-ae-bharati-v1
BRT,BRT_PRESS_001,2026-03-02T01:59:00+00:00,986.4032864985644,0,NORMAL,0,val,0.0038382201455533504,lstm-ae-bharati-v1
BRT,BRT_PRESS_001,2026-03-02T02:00:00+00:00,986.0696999508187,0,NORMAL,0,val,0.004374234937131405,lstm-ae-bharati-v1
BRT,BRT_PRESS_001,2026-03-02T02:01:00+00:00,986.1189637168555,0,NORMAL,0,val,0.004475056193768978,lstm-ae-bharati-v1
BRT,BRT_PRESS_001,2026-03-02T02:02:00+00:00,986.030227954691,0,NORMAL,0,val,0.004480370320379734,lstm-ae-bharati-v1
BRT,BRT_PRESS_001,2026-03-02T02:03:00+00:00,986.0979808668246,0,NORMAL,0,val,0.004134261514991522,lstm-ae-bharati-v1
BRT,BRT_PRESS_001,2026-03-02T02:04:00+00:00,985.968067382976,0,NORMAL,0,val,0.004080433864146471,lstm-ae-bharati-v1
BRT,BRT_PRESS_001,2026-03-02T02:05:00+00:00,985.9931660652924,0,NORMAL,0,val,0.0039370255544781685,lstm-ae-bharati-v1
BRT,BRT_PRESS_001,2026-03-02T02:06:00+00:00,985.90102704502,0,NORMAL,0,val,0.0035558207891881466,lstm-ae-bharati-v1
BRT,BRT_PRESS_001,2026-03-02T02:07:00+00:00,985.8927507527204,0,NORMAL,0,val,0.003474515164270997,lstm-ae-bharati-v1
BRT,BRT_PRESS_001,2026-03-02T02:08:00+00:00,985.8345960322584,0,NORMAL,0,val,0.0028611482121050358,lstm-ae-bharati-v1
BRT,BRT_PRESS_001,2026-03-02T02:09:00+00:00,985.8845968030054,0,NORMAL,0,val,0.0027105286717414856,lstm-ae-bharati-v1
BRT,BRT_PRESS_001,2026-03-02T02:10:00+00:00,985.682035028598,0,NORMAL,0,val,0.002545669674873352,lstm-ae-bharati-v1
BRT,BRT_PRESS_001,2026-03-02T02:11:00+00:00,985.6843346178936,0,NORMAL,0,val,0.0020971903577446938,lstm-ae-bharati-v1
BRT,BRT_PRESS_001,2026-03-02T02:12:00+00:00,985.7874134396644,0,NORMAL,0,val,0.001761992578394711,lstm-ae-bharati-v1
BRT,BRT_PRESS_001,2026-03-02T02:13:00+00:00,985.6499726126656,0,NORMAL,0,val,0.002068575005978346,lstm-ae-bharati-v1
BRT,BRT_PRESS_001,2026-03-02T02:14:00+00:00,985.378698668118,0,NORMAL,0,val,0.002436458133161068,lstm-ae-bharati-v1
BRT,BRT_PRESS_001,2026-03-02T02:15:00+00:00,985.3345450286868,0,NORMAL,0,val,0.0028551125433295965,lstm-ae-bharati-v1
BRT,BRT_PRESS_001,2026-03-02T02:16:00+00:00,985.3697244488028,0,NORMAL,0,val,0.0026446881238371134,lstm-ae-bharati-v1
BRT,BRT_PRESS_001,2026-03-02T02:17:00+00:00,985.1611592481884,0,NORMAL,0,val,0.0029036852065473795,lstm-ae-bharati-v1
BRT,BRT_PRESS_001,2026-03-02T02:18:00+00:00,985.1335818632274,0,NORMAL,0,val,0.002764479722827673,lstm-ae-bharati-v1
BRT,BRT_PRESS_001,2026-03-02T02:19:00+00:00,985.0347935512495,0,NORMAL,0,val,0.003005808684974909,lstm-ae-bharati-v1
BRT,BRT_PRESS_001,2026-03-02T02:54:00+00:00,983.7538400680742,0,NORMAL,0,val,0.004567853640764952,lstm-ae-bharati-v1
BRT,BRT_PRESS_001,2026-03-02T02:55:00+00:00,983.6288368027422,0,NORMAL,0,val,0.004297978710383177,lstm-ae-bharati-v1
BRT,BRT_PRESS_001,2026-03-02T02:56:00+00:00,983.391367286686,0,NORMAL,0,val,0.005382085684686899,lstm-ae-bharati-v1
BRT,BRT_PRESS_001,2026-03-02T02:57:00+00:00,983.4809845499182,0,NORMAL,0,val,0.005637064576148987,lstm-ae-bharati-v1
BRT,BRT_PRESS_001,2026-03-02T02:58:00+00:00,983.332505052554,0,NORMAL,0,val,0.00632781395688653,lstm-ae-bharati-v1
BRT,BRT_PRESS_001,2026-03-02T02:59:00+00:00,983.434043727314,0,NORMAL,0,val,0.006359344348311424,lstm-ae-bharati-v1
BRT,BRT_PRESS_001,2026-03-02T03:00:00+00:00,983.3578277914196,0,NORMAL,0,val,0.0066067310981452465,lstm-ae-bharati-v1
BRT,BRT_PRESS_001,2026-03-02T03:01:00+00:00,983.2427000848324,0,NORMAL,0,val,0.006956578232347965,lstm-ae-bharati-v1
BRT,BRT_PRESS_001,2026-03-02T03:02:00+00:00,983.285996520464,0,NORMAL,0,val,0.007143409922719002,lstm-ae-bharati-v1
BRT,BRT_PRESS_001,2026-03-02T03:03:00+00:00,983.1951142158944,0,NORMAL,0,val,0.007505512796342373,lstm-ae-bharati-v1
BRT,BRT_PRESS_001,2026-03-02T03:04:00+00:00,983.2512600832237,0,NORMAL,0,val,0.007563370745629072,lstm-ae-bharati-v1
BRT,BRT_PRESS_001,2026-03-02T03:05:00+00:00,983.2413077632413,0,NORMAL,0,val,0.0073975324630737305,lstm-ae-bharati-v1
BRT,BRT_PRESS_001,2026-03-02T03:06:00+00:00,983.2083753933716,0,NORMAL,0,val,0.007118337322026491,lstm-ae-bharati-v1
BRT,BRT_PRESS_001,2026-03-02T03:07:00+00:00,983.3076914570978,0,NORMAL,0,val,0.006696006748825312,lstm-ae-bharati-v1
BRT,BRT_PRESS_001,2026-03-02T03:08:00+00:00,983.2794929822954,0,NORMAL,0,val,0.0060074832290410995,lstm-ae-bharati-v1
BRT,BRT_PRESS_001,2026-03-02T03:09:00+00:00,983.2877457608236,0,NORMAL,0,val,0.005059406161308289,lstm-ae-bharati-v1
BRT,BRT_PRESS_001,2026-03-02T03:10:00+00:00,983.2137923682654,0,NORMAL,0,val,0.005160120315849781,lstm-ae-bharati-v1
BRT,BRT_PRESS_001,2026-03-02T03:11:00+00:00,983.2742168664812,0,NORMAL,0,val,0.0051351869478821754,lstm-ae-bharati-v1
BRT,BRT_PRESS_001,2026-03-02T03:12:00+00:00,983.1046137627192,0,NORMAL,0,val,0.00489563774317503,lstm-ae-bharati-v1
BRT,BRT_PRESS_001,2026-03-02T03:13:00+00:00,982.9669755755468,0,NORMAL,0,val,0.004671168513596058,lstm-ae-bharati-v1
BRT,BRT_PRESS_001,2026-03-02T03:14:00+00:00,983.0493606861812,0,NORMAL,0,val,0.004245832562446594,lstm-ae-bharati-v1
BRT,BRT_PRESS_001,2026-03-02T03:15:00+00:00,982.8743239774788,0,NORMAL,0,val,0.003969421610236168,lstm-ae-bharati-v1
BRT,BRT_PRESS_001,2026-03-02T03:16:00+00:00,982.8297412355926,0,NORMAL,0,val,0.0041982862167060375,lstm-ae-bharati-v1
BRT,BRT_PRESS_001,2026-03-02T03:17:00+00:00,982.8492096365768,0,NORMAL,0,val,0.004242042079567909,lstm-ae-bharati-v1
BRT,BRT_PRESS_001,2026-03-02T03:18:00+00:00,982.8940209796745,0,NORMAL,0,val,0.00351439556106925,lstm-ae-bharati-v1
BRT,BRT_PRESS_001,2026-03-02T03:19:00+00:00,982.9216886241554,0,NORMAL,0,val,0.0036279431078583,lstm-ae-bharati-v1
BRT,BRT_PRESS_001,2026-03-02T03:20:00+00:00,982.9216886241554,1,STUCK_VALUE,1,val,0.003801758401095867,lstm-ae-bharati-v1
BRT,BRT_PRESS_001,2026-03-02T03:21:00+00:00,982.9216886241554,1,STUCK_VALUE,1,val,0.0037275170907378197,lstm-ae-bharati-v1
BRT,BRT_PRESS_001,2026-03-02T03:22:00+00:00,982.9216886241554,1,STUCK_VALUE,1,val,0.0034794947132468224,lstm-ae-bharati-v1
BRT,BRT_PRESS_001,2026-03-02T03:23:00+00:00,982.9216886241554,1,STUCK_VALUE,1,val,0.0036369473673403263,lstm-ae-bharati-v1
BRT,BRT_PRESS_001,2026-03-02T03:24:00+00:00,982.9216886241554,1,STUCK_VALUE,1,val,0.003286981489509344,lstm-ae-bharati-v1
BRT,BRT_PRESS_001,2026-03-02T03:25:00+00:00,982.9216886241554,1,STUCK_VALUE,1,val,0.0030019201803952456,lstm-ae-bharati-v1
BRT,BRT_PRESS_001,2026-03-02T03:26:00+00:00,982.9216886241554,1,STUCK_VALUE,1,val,0.0029878392815589905,lstm-ae-bharati-v1
BRT,BRT_PRESS_001,2026-03-02T03:27:00+00:00,982.9216886241554,1,STUCK_VALUE,1,val,0.002883331384509802,lstm-ae-bharati-v1
BRT,BRT_PRESS_001,2026-03-02T03:28:00+00:00,982.9216886241554,1,STUCK_VALUE,1,val,0.0028997783083468676,lstm-ae-bharati-v1
BRT,BRT_PRESS_001,2026-03-02T03:29:00+00:00,982.9216886241554,1,STUCK_VALUE,1,val,0.002838405082002282,lstm-ae-bharati-v1
BRT,BRT_PRESS_001,2026-03-02T03:30:00+00:00,982.9216886241554,1,STUCK_VALUE,1,val,0.002756336238235235,lstm-ae-bharati-v1
BRT,BRT_PRESS_001,2026-03-02T03:31:00+00:00,982.9216886241554,1,STUCK_VALUE,1,val,0.0026745633222162724,lstm-ae-bharati-v1
BRT,BRT_PRESS_001,2026-03-02T03:32:00+00:00,982.9216886241554,1,STUCK_VALUE,1,val,0.0026035646442323923,lstm-ae-bharati-v1
BRT,BRT_PRESS_001,2026-03-02T03:33:00+00:00,982.9216886241554,1,STUCK_VALUE,1,val,0.002537169959396124,lstm-ae-bharati-v1
BRT,BRT_PRESS_001,2026-03-02T03:34:00+00:00,982.9216886241554,1,STUCK_VALUE,1,val,0.0025210282765328884,lstm-ae-bharati-v1
BRT,BRT_PRESS_001,2026-03-02T03:35:00+00:00,982.9216886241554,1,STUCK_VALUE,1,val,0.002517107641324401,lstm-ae-bharati-v1
BRT,BRT_PRESS_001,2026-03-02T03:36:00+00:00,982.9216886241554,1,STUCK_VALUE,1,val,0.002590014599263668,lstm-ae-bharati-v1
BRT,BRT_PRESS_001,2026-03-02T03:37:00+00:00,982.9216886241554,1,STUCK_VALUE,1,val,0.002433288376778364,lstm-ae-bharati-v1
BRT,BRT_PRESS_001,2026-03-02T03:38:00+00:00,982.9216886241554,1,STUCK_VALUE,1,val,0.002253216691315174,lstm-ae-bharati-v1
BRT,BRT_PRESS_001,2026-03-02T03:39:00+00:00,982.9216886241554,1,STUCK_VALUE,1,val,0.0019182830583304167,lstm-ae-bharati-v1
BRT,BRT_PRESS_001,2026-03-02T03:40:00+00:00,982.9216886241554,1,STUCK_VALUE,1,val,0.0017277426086366177,lstm-ae-bharati-v1
BRT,BRT_PRESS_001,2026-03-02T03:41:00+00:00,982.9216886241554,1,STUCK_VALUE,1,val,0.0010550671722739935,lstm-ae-bharati-v1
BRT,BRT_PRESS_001,2026-03-02T03:42:00+00:00,982.9216886241554,1,STUCK_VALUE,1,val,0.0009976119035854936,lstm-ae-bharati-v1
BRT,BRT_PRESS_001,2026-03-02T03:43:00+00:00,982.9216886241554,1,STUCK_VALUE,1,val,0.001061798888258636,lstm-ae-bharati-v1
BRT,BRT_PRESS_001,2026-03-02T03:44:00+00:00,982.3789992549812,0,NORMAL,1,val,0.004449808970093727,lstm-ae-bharati-v1
BRT,BRT_PRESS_001,2026-03-02T03:45:00+00:00,982.4172499364807,0,NORMAL,1,val,0.006658405531197786,lstm-ae-bharati-v1
BRT,BRT_PRESS_001,2026-03-02T03:46:00+00:00,982.59598068813,0,NORMAL,1,val,0.0068971156142652035,lstm-ae-bharati-v1
BRT,BRT_PRESS_001,2026-03-02T03:47:00+00:00,982.7974108453147,0,NORMAL,1,val,0.006539443042129278,lstm-ae-bharati-v1
BRT,BRT_PRESS_001,2026-03-02T03:48:00+00:00,982.7927122235884,0,NORMAL,1,val,0.006319083273410797,lstm-ae-bharati-v1
BRT,BRT_PRESS_001,2026-03-02T03:49:00+00:00,982.817949529202,0,NORMAL,1,val,0.006192386150360107,lstm-ae-bharati-v1
BRT,BRT_PRESS_001,2026-03-02T03:50:00+00:00,982.7457713678448,0,NORMAL,1,val,0.006080963183194399,lstm-ae-bharati-v1
BRT,BRT_PRESS_001,2026-03-02T03:51:00+00:00,982.7662675471578,0,NORMAL,1,val,0.005952409002929926,lstm-ae-bharati-v1
BRT,BRT_PRESS_001,2026-03-02T03:52:00+00:00,982.6603109878598,0,NORMAL,1,val,0.0059213945642113686,lstm-ae-bharati-v1
BRT,BRT_PRESS_001,2026-03-02T03:53:00+00:00,982.8724800016286,0,NORMAL,1,val,0.005916145164519548,lstm-ae-bharati-v1
BRT,BRT_PRESS_001,2026-03-02T03:54:00+00:00,982.8187011017512,0,NORMAL,1,val,0.005800263956189156,lstm-ae-bharati-v1
BRT,BRT_PRESS_001,2026-03-02T03:55:00+00:00,982.831913821828,0,NORMAL,1,val,0.005708577111363411,lstm-ae-bharati-v1
BRT,BRT_PRESS_001,2026-03-02T03:56:00+00:00,982.8547792563307,0,NORMAL,1,val,0.005650867708027363,lstm-ae-bharati-v1
BRT,BRT_PRESS_001,2026-03-02T03:57:00+00:00,982.8377638319346,0,NORMAL,1,val,0.00556242186576128,lstm-ae-bharati-v1
BRT,BRT_PRESS_001,2026-03-02T03:58:00+00:00,982.8326857606424,0,NORMAL,1,val,0.005468135233968496,lstm-ae-bharati-v1
BRT,BRT_PRESS_001,2026-03-02T03:59:00+00:00,982.7238126653882,0,NORMAL,1,val,0.005393267143517733,lstm-ae-bharati-v1
BRT,BRT_PRESS_001,2026-03-02T04:00:00+00:00,982.8455938052896,0,NORMAL,1,val,0.005332775879651308,lstm-ae-bharati-v1
BRT,BRT_PRESS_001,2026-03-02T04:01:00+00:00,982.830991808179,0,NORMAL,1,val,0.00525630684569478,lstm-ae-bharati-v1
BRT,BRT_PRESS_001,2026-03-02T04:02:00+00:00,982.9008065744404,0,NORMAL,1,val,0.005272042937576771,lstm-ae-bharati-v1
BRT,BRT_PRESS_001,2026-03-02T04:03:00+00:00,982.9670797712332,0,NORMAL,1,val,0.005395607091486454,lstm-ae-bharati-v1
BRT,BRT_PRESS_001,2026-03-02T04:04:00+00:00,982.9859003226454,0,NORMAL,1,val,0.005483326036483049,lstm-ae-bharati-v1
BRT,BRT_PRESS_001,2026-03-02T04:05:00+00:00,982.967974883824,0,NORMAL,1,val,0.005454447586089373,lstm-ae-bharati-v1
BRT,BRT_PRESS_001,2026-03-02T04:06:00+00:00,982.8700947078236,0,NORMAL,1,val,0.0053687370382249355,lstm-ae-bharati-v1
BRT,BRT_PRESS_001,2026-03-02T04:07:00+00:00,982.9709942456188,0,NORMAL,1,val,0.005249622277915478,lstm-ae-bharati-v1
BRT,BRT_PRESS_001,2026-03-02T04:08:00+00:00,982.9734821324014,0,NORMAL,1,val,0.005085540469735861,lstm-ae-bharati-v1
BRT,BRT_PRESS_001,2026-03-02T04:09:00+00:00,983.1194539102202,0,NORMAL,1,val,0.005070958752185106,lstm-ae-bharati-v1
BRT,BRT_PRESS_001,2026-03-02T04:10:00+00:00,983.2236120971226,0,NORMAL,1,val,0.005226938985288143,lstm-ae-bharati-v1
BRT,BRT_PRESS_001,2026-03-02T04:11:00+00:00,983.4012613836312,0,NORMAL,1,val,0.005740425083786249,lstm-ae-bharati-v1
BRT,BRT_PRESS_001,2026-03-02T04:12:00+00:00,983.197141212336,0,NORMAL,1,val,0.004920771811157465,lstm-ae-bharati-v1
BRT,BRT_PRESS_001,2026-03-02T04:13:00+00:00,983.429490468694,0,NORMAL,0,val,0.004925911780446768,lstm-ae-bharati-v1
BRT,BRT_PRESS_001,2026-03-02T04:14:00+00:00,983.603622956835,0,NORMAL,0,val,0.005066229961812496,lstm-ae-bharati-v1
BRT,BRT_PRESS_001,2026-03-02T04:15:00+00:00,983.6504711156344,0,NORMAL,0,val,0.005073730368167162,lstm-ae-bharati-v1
BRT,BRT_PRESS_001,2026-03-02T04:16:00+00:00,983.6869149589636,0,NORMAL,0,val,0.005379951559007168,lstm-ae-bharati-v1
BRT,BRT_PRESS_001,2026-03-02T04:17:00+00:00,983.7085547513686,0,NORMAL,0,val,0.0054507325403392315,lstm-ae-bharati-v1
BRT,BRT_PRESS_001,2026-03-02T04:18:00+00:00,983.6827189712404,0,NORMAL,0,val,0.005072000902146101,lstm-ae-bharati-v1
BRT,BRT_PRESS_001,2026-03-02T04:19:00+00:00,983.622920742386,0,NORMAL,0,val,0.004579524509608746,lstm-ae-bharati-v1
BRT,BRT_TEMP_001,2026-03-01T23:49:00+00:00,-10.112468688914172,0,NORMAL,0,val,0.0036575021222233772,lstm-ae-bharati-v1
BRT,BRT_TEMP_001,2026-03-01T23:50:00+00:00,-10.347040987835223,0,NORMAL,0,val,0.0038718697614967823,lstm-ae-bharati-v1
BRT,BRT_TEMP_001,2026-03-01T23:51:00+00:00,-10.072397657188466,0,NORMAL,0,val,0.0038963707629591227,lstm-ae-bharati-v1
BRT,BRT_TEMP_001,2026-03-01T23:52:00+00:00,-10.284989380730575,0,NORMAL,0,val,0.0045182364992797375,lstm-ae-bharati-v1
BRT,BRT_TEMP_001,2026-03-01T23:53:00+00:00,-10.333737826864557,0,NORMAL,0,val,0.005901085212826729,lstm-ae-bharati-v1
BRT,BRT_TEMP_001,2026-03-01T23:54:00+00:00,-10.390896580731736,0,NORMAL,0,val,0.007115730084478855,lstm-ae-bharati-v1
BRT,BRT_TEMP_001,2026-03-01T23:55:00+00:00,-10.143346491181134,0,NORMAL,0,val,0.007274638395756483,lstm-ae-bharati-v1
BRT,BRT_TEMP_001,2026-03-01T23:56:00+00:00,-10.241340694132685,0,NORMAL,0,val,0.00814561266452074,lstm-ae-bharati-v1
BRT,BRT_TEMP_001,2026-03-01T23:57:00+00:00,-10.369766874302975,0,NORMAL,0,val,0.009778487496078014,lstm-ae-bharati-v1
BRT,BRT_TEMP_001,2026-03-01T23:58:00+00:00,-10.443145725153125,0,NORMAL,0,val,0.01147461123764515,lstm-ae-bharati-v1
BRT,BRT_TEMP_001,2026-03-01T23:59:00+00:00,-10.016846139191657,0,NORMAL,0,val,0.01146905217319727,lstm-ae-bharati-v1
BRT,BRT_TEMP_001,2026-03-02T00:00:00+00:00,0.5603891444488234,1,SPIKE,1,val,0.5476822257041931,lstm-ae-bharati-v1
BRT,BRT_TEMP_001,2026-03-02T00:01:00+00:00,0.4771536173584731,1,SPIKE,1,val,0.9813758730888367,lstm-ae-bharati-v1
BRT,BRT_TEMP_001,2026-03-02T00:02:00+00:00,0.4327348545951448,1,SPIKE,1,val,1.3531520366668701,lstm-ae-bharati-v1
BRT,BRT_TEMP_001,2026-03-02T00:03:00+00:00,-9.93834799413031,0,NORMAL,1,val,1.3872029781341553,lstm-ae-bharati-v1
BRT,BRT_TEMP_001,2026-03-02T00:04:00+00:00,-9.713961089727407,0,NORMAL,1,val,1.4312220811843872,lstm-ae-bharati-v1
BRT,BRT_TEMP_001,2026-03-02T00:05:00+00:00,-9.754713006425106,0,NORMAL,1,val,1.4839693307876587,lstm-ae-bharati-v1
BRT,BRT_TEMP_001,2026-03-02T00:06:00+00:00,-9.465681346813252,0,NORMAL,1,val,1.524372935295105,lstm-ae-bharati-v1
BRT,BRT_TEMP_001,2026-03-02T00:07:00+00:00,-9.107131892215756,0,NORMAL,1,val,1.549438238143921,lstm-ae-bharati-v1
BRT,BRT_TEMP_001,2026-03-02T00:08:00+00:00,-9.232670503380737,0,NORMAL,1,val,1.5795689821243286,lstm-ae-bharati-v1
BRT,BRT_TEMP_001,2026-03-02T00:09:00+00:00,-9.171439868763915,0,NORMAL,1,val,1.6025936603546143,lstm-ae-bharati-v1
BRT,BRT_TEMP_001,2026-03-02T00:10:00+00:00,-9.296771533798337,0,NORMAL,1,val,1.6273128986358643,lstm-ae-bharati-v1
BRT,BRT_TEMP_001,2026-03-02T00:11:00+00:00,-8.940253610500497,0,NORMAL,1,val,1.637247920036316,lstm-ae-bharati-v1
BRT,BRT_TEMP_001,2026-03-02T00:12:00+00:00,-8.753988690029816,0,NORMAL,1,val,1.64306640625,lstm-ae-bharati-v1
BRT,BRT_TEMP_001,2026-03-02T00:13:00+00:00,-8.852358327841541,0,NORMAL,1,val,1.6500754356384277,lstm-ae-bharati-v1
BRT,BRT_TEMP_001,2026-03-02T00:14:00+00:00,-8.568716743572375,0,NORMAL,1,val,1.6512006521224976,lstm-ae-bharati-v1
BRT,BRT_TEMP_001,2026-03-02T00:15:00+00:00,-8.760443360629125,0,NORMAL,1,val,1.6518778800964355,lstm-ae-bharati-v1
BRT,BRT_TEMP_001,2026-03-02T00:16:00+00:00,-8.369510236146827,0,NORMAL,1,val,1.6435434818267822,lstm-ae-bharati-v1
BRT,BRT_TEMP_001,2026-03-02T00:17:00+00:00,-8.433823399160442,0,NORMAL,1,val,1.6343251466751099,lstm-ae-bharati-v1
BRT,BRT_TEMP_001,2026-03-02T00:18:00+00:00,-8.140442226071562,0,NORMAL,1,val,1.622852087020874,lstm-ae-bharati-v1
BRT,BRT_TEMP_001,2026-03-02T00:19:00+00:00,-7.958955408388312,0,NORMAL,1,val,1.6088289022445679,lstm-ae-bharati-v1
BRT,BRT_TEMP_001,2026-03-02T00:20:00+00:00,-7.897108093359628,0,NORMAL,1,val,1.5879499912261963,lstm-ae-bharati-v1
BRT,BRT_TEMP_001,2026-03-02T00:21:00+00:00,-8.085809825238346,0,NORMAL,1,val,1.569656491279602,lstm-ae-bharati-v1
BRT,BRT_TEMP_001,2026-03-02T00:22:00+00:00,-8.11315206625156,0,NORMAL,1,val,1.5414518117904663,lstm-ae-bharati-v1
BRT,BRT_TEMP_001,2026-03-02T00:23:00+00:00,-8.030133028722938,0,NORMAL,1,val,1.5054972171783447,lstm-ae-bharati-v1
BRT,BRT_TEMP_001,2026-03-02T00:24:00+00:00,-7.695937714526313,0,NORMAL,1,val,1.4632847309112549,lstm-ae-bharati-v1
BRT,BRT_TEMP_001,2026-03-02T00:25:00+00:00,-7.486476868224455,0,NORMAL,1,val,1.4265778064727783,lstm-ae-bharati-v1
BRT,BRT_TEMP_001,2026-03-02T00:26:00+00:00,-7.639843700336087,0,NORMAL,1,val,1.3814233541488647,lstm-ae-bharati-v1
BRT,BRT_TEMP_001,2026-03-02T00:27:00+00:00,-8.062282714874947,0,NORMAL,1,val,1.3246973752975464,lstm-ae-bharati-v1
BRT,BRT_TEMP_001,2026-03-02T00:28:00+00:00,-7.794271539206978,0,NORMAL,1,val,1.2629073858261108,lstm-ae-bharati-v1
BRT,BRT_TEMP_001,2026-03-02T00:29:00+00:00,-7.951128073235721,0,NORMAL,1,val,1.240363597869873,lstm-ae-bharati-v1
BRT,BRT_TEMP_001,2026-03-02T00:30:00+00:00,-8.134417646971032,0,NORMAL,1,val,0.9233186841011047,lstm-ae-bharati-v1
BRT,BRT_TEMP_001,2026-03-02T00:31:00+00:00,-7.833400408032716,0,NORMAL,1,val,0.5081961750984192,lstm-ae-bharati-v1
BRT,BRT_TEMP_001,2026-03-02T00:32:00+00:00,-7.629151807703653,0,NORMAL,0,val,0.010146656073629856,lstm-ae-bharati-v1
BRT,BRT_TEMP_001,2026-03-02T00:33:00+00:00,-7.840479793101396,0,NORMAL,0,val,0.010188328102231026,lstm-ae-bharati-v1
BRT,BRT_TEMP_001,2026-03-02T00:34:00+00:00,-7.986445115610161,0,NORMAL,0,val,0.01128353551030159,lstm-ae-bharati-v1
BRT,BRT_TEMP_001,2026-03-02T00:35:00+00:00,-7.733704638201168,0,NORMAL,0,val,0.009979612194001675,lstm-ae-bharati-v1
BRT,BRT_TEMP_001,2026-03-02T00:36:00+00:00,-7.760443055246312,0,NORMAL,0,val,0.00949682854115963,lstm-ae-bharati-v1
BRT,BRT_TEMP_001,2026-03-02T00:37:00+00:00,-7.641955076959196,0,NORMAL,0,val,0.009909797459840775,lstm-ae-bharati-v1
BRT,BRT_TEMP_001,2026-03-02T00:38:00+00:00,-7.476131557999478,0,NORMAL,0,val,0.009811708703637123,lstm-ae-bharati-v1
BRT,BRT_TEMP_001,2026-03-02T00:39:00+00:00,-7.3741168952959555,0,NORMAL,0,val,0.009785061702132225,lstm-ae-bharati-v1
BRT,BRT_TEMP_001,2026-03-02T00:40:00+00:00,-7.336194417616109,0,NORMAL,0,val,0.008103872649371624,lstm-ae-bharati-v1
BRT,BRT_TEMP_001,2026-03-02T00:41:00+00:00,-7.090968066777286,0,NORMAL,0,val,0.008545112796127796,lstm-ae-bharati-v1
BRT,BRT_TEMP_001,2026-03-02T00:42:00+00:00,-7.028428533234699,0,NORMAL,0,val,0.009495182894170284,lstm-ae-bharati-v1
BRT,BRT_TEMP_001,2026-03-02T00:43:00+00:00,-6.92112072283151,0,NORMAL,0,val,0.009810701943933964,lstm-ae-bharati-v1
BRT,BRT_TEMP_001,2026-03-02T00:44:00+00:00,-6.85548879584257,0,NORMAL,0,val,0.011031057685613632,lstm-ae-bharati-v1
BRT,BRT_TEMP_001,2026-03-02T00:45:00+00:00,-6.875751170744795,0,NORMAL,0,val,0.010598822496831417,lstm-ae-bharati-v1
BRT,BRT_TEMP_001,2026-03-02T00:46:00+00:00,-6.793389638916341,0,NORMAL,0,val,0.01131174061447382,lstm-ae-bharati-v1
BRT,BRT_TEMP_001,2026-03-02T00:47:00+00:00,-6.939648303773892,0,NORMAL,0,val,0.011024161241948605,lstm-ae-bharati-v1
BRT,BRT_TEMP_001,2026-03-02T00:48:00+00:00,-6.890487123105318,0,NORMAL,0,val,0.010784038342535496,lstm-ae-bharati-v1
BRT,BRT_TEMP_001,2026-03-02T00:49:00+00:00,-6.874050828419373,0,NORMAL,0,val,0.010339069180190563,lstm-ae-bharati-v1
BRT,BRT_TEMP_001,2026-03-02T00:50:00+00:00,-7.002290083926189,0,NORMAL,0,val,0.010095109231770039,lstm-ae-bharati-v1
BRT,BRT_TEMP_001,2026-03-02T00:51:00+00:00,-6.943931018361463,0,NORMAL,0,val,0.0098233288154006,lstm-ae-bharati-v1
BRT,BRT_TEMP_001,2026-03-02T00:52:00+00:00,-6.899394706119516,0,NORMAL,0,val,0.009215964935719967,lstm-ae-bharati-v1
BRT,BRT_TEMP_001,2026-03-02T00:53:00+00:00,-6.911216354078027,0,NORMAL,0,val,0.008285672403872013,lstm-ae-bharati-v1
BRT,BRT_TEMP_001,2026-03-02T00:54:00+00:00,-6.781412221090404,0,NORMAL,0,val,0.00664161192253232,lstm-ae-bharati-v1
BRT,BRT_TEMP_001,2026-03-02T00:55:00+00:00,-7.003739380996228,0,NORMAL,0,val,0.005198372527956963,lstm-ae-bharati-v1
BRT,BRT_TEMP_001,2026-03-02T00:56:00+00:00,-6.823782077781044,0,NORMAL,0,val,0.0043318262323737144,lstm-ae-bharati-v1
BRT,BRT_TEMP_001,2026-03-02T00:57:00+00:00,-6.887318324996474,0,NORMAL,0,val,0.004301037173718214,lstm-ae-bharati-v1
BRT,BRT_TEMP_001,2026-03-02T00:58:00+00:00,-6.918754985933236,0,NORMAL,0,val,0.004740845877677202,lstm-ae-bharati-v1
BRT,BRT_TEMP_001,2026-03-02T00:59:00+00:00,-6.9088973334758315,0,NORMAL,0,val,0.005235693883150816,lstm-ae-bharati-v1
BRT,BRT_TEMP_001,2026-03-02T01:00:00+00:00,-6.837816292803397,1,DRIFT,1,val,0.004560783971101046,lstm-ae-bharati-v1
BRT,BRT_TEMP_001,2026-03-02T01:01:00+00:00,-6.519575120699115,1,DRIFT,1,val,0.004787343554198742,lstm-ae-bharati-v1
BRT,BRT_TEMP_001,2026-03-02T01:02:00+00:00,-6.254759146748782,1,DRIFT,1,val,0.0064128730446100235,lstm-ae-bharati-v1
BRT,BRT_TEMP_001,2026-03-02T01:03:00+00:00,-6.211693198169115,1,DRIFT,1,val,0.007650111336261034,lstm-ae-bharati-v1
BRT,BRT_TEMP_001,2026-03-02T01:04:00+00:00,-5.889515774648599,1,DRIFT,1,val,0.009363041259348392,lstm-ae-bharati-v1
BRT,BRT_TEMP_001,2026-03-02T01:05:00+00:00,-5.4878532564367974,1,DRIFT,1,val,0.01462822500616312,lstm-ae-bharati-v1
BRT,BRT_TEMP_001,2026-03-02T01:06:00+00:00,-5.683025227750978,1,DRIFT,1,val,0.016390584409236908,lstm-ae-bharati-v1
BRT,BRT_TEMP_001,2026-03-02T01:07:00+00:00,-5.418933610511781,1,DRIFT,1,val,0.019572149962186813,lstm-ae-bharati-v1
BRT,BRT_TEMP_001,2026-03-02T01:08:00+00:00,-5.0217680269112215,1,DRIFT,1,val,0.025619205087423325,lstm-ae-bharati-v1
BRT,BRT_TEMP_001,2026-03-02T01:09:00+00:00,-4.987670028848668,1,DRIFT,1,val,0.030012097209692,lstm-ae-bharati-v1
BRT,BRT_TEMP_001,2026-03-02T01:10:00+00:00,-4.633609438696091,1,DRIFT,1,val,0.03641730174422264,lstm-ae-bharati-v1
BRT,BRT_TEMP_001,2026-03-02T01:11:00+00:00,-4.599297108133002,1,DRIFT,1,val,0.04061844199895859,lstm-ae-bharati-v1
BRT,BRT_TEMP_001,2026-03-02T01:12:00+00:00,-4.256300673245944,1,DRIFT,1,val,0.04690263792872429,lstm-ae-bharati-v1
BRT,BRT_TEMP_001,2026-03-02T01:13:00+00:00,-4.092324261088006,1,DRIFT,1,val,0.0527571402490139,lstm-ae-bharati-v1
BRT,BRT_TEMP_001,2026-03-02T01:14:00+00:00,-4.145183850734532,1,DRIFT,1,val,0.05560820549726486,lstm-ae-bharati-v1
BRT,BRT_TEMP_001,2026-03-02T01:15:00+00:00,-4.008861343015311,1,DRIFT,1,val,0.059246182441711426,lstm-ae-bharati-v1
BRT,BRT_TEMP_001,2026-03-02T01:16:00+00:00,-3.8143337242306097,1,DRIFT,1,val,0.06467913091182709,lstm-ae-bharati-v1
BRT,BRT_TEMP_001,2026-03-02T01:17:00+00:00,-3.560957471233339,1,DRIFT,1,val,0.0744473785161972,lstm-ae-bharati-v1
BRT,BRT_TEMP_001,2026-03-02T01:18:00+00:00,-3.407798914501727,1,DRIFT,1,val,0.08653053641319275,lstm-ae-bharati-v1
BRT,BRT_TEMP_001,2026-03-02T01:19:00+00:00,-3.346953715096906,1,DRIFT,1,val,0.09977386146783829,lstm-ae-bharati-v1
BRT,BRT_TEMP_001,2026-03-02T01:20:00+00:00,-3.42975334250366,1,DRIFT,1,val,0.11173295974731445,lstm-ae-bharati-v1
BRT,BRT_TEMP_001,2026-03-02T01:21:00+00:00,-3.422038536601324,1,DRIFT,1,val,0.12475962936878204,lstm-ae-bharati-v1
BRT,BRT_TEMP_001,2026-03-02T01:22:00+00:00,-3.2862550617555977,1,DRIFT,1,val,0.1420487016439438,lstm-ae-bharati-v1
BRT,BRT_TEMP_001,2026-03-02T01:23:00+00:00,-3.245165767381639,1,DRIFT,1,val,0.16140156984329224,lstm-ae-bharati-v1
BRT,BRT_TEMP_001,2026-03-02T01:24:00+00:00,-3.02512491851445,1,DRIFT,1,val,0.18820731341838837,lstm-ae-bharati-v1
BRT,BRT_TEMP_001,2026-03-02T01:25:00+00:00,-2.47410645443274,1,DRIFT,1,val,0.23391416668891907,lstm-ae-bharati-v1
BRT,BRT_TEMP_001,2026-03-02T01:26:00+00:00,-2.3058189052873796,1,DRIFT,1,val,0.2856177091598511,lstm-ae-bharati-v1
BRT,BRT_TEMP_001,2026-03-02T01:27:00+00:00,-2.3294454207471524,1,DRIFT,1,val,0.33698445558547974,lstm-ae-bharati-v1
BRT,BRT_TEMP_001,2026-03-02T01:28:00+00:00,-2.382268299138439,1,DRIFT,1,val,0.38827911019325256,lstm-ae-bharati-v1
BRT,BRT_TEMP_001,2026-03-02T01:29:00+00:00,-1.9971583328062683,1,DRIFT,1,val,0.4598373472690582,lstm-ae-bharati-v1
BRT,BRT_TEMP_001,2026-03-02T01:30:00+00:00,-7.0230119299907985,0,NORMAL,1,val,0.429330974817276,lstm-ae-bharati-v1
BRT,BRT_TEMP_001,2026-03-02T01:31:00+00:00,-7.1865263169667655,0,NORMAL,1,val,0.4280329644680023,lstm-ae-bharati-v1
BRT,BRT_TEMP_001,2026-03-02T01:32:00+00:00,-6.950729251459686,0,NORMAL,1,val,0.4317452311515808,lstm-ae-bharati-v1
BRT,BRT_TEMP_001,2026-03-02T01:33:00+00:00,-7.1801472968984115,0,NORMAL,1,val,0.4385949373245239,lstm-ae-bharati-v1
BRT,BRT_TEMP_001,2026-03-02T01:34:00+00:00,-6.9961575773512665,0,NORMAL,1,val,0.4445821940898895,lstm-ae-bharati-v1
BRT,BRT_TEMP_001,2026-03-02T01:35:00+00:00,-7.304249326441797,0,NORMAL,1,val,0.446787029504776,lstm-ae-bharati-v1
BRT,BRT_TEMP_001,2026-03-02T01:36:00+00:00,-7.02120294680393,0,NORMAL,1,val,0.4463726282119751,lstm-ae-bharati-v1
BRT,BRT_TEMP_001,2026-03-02T01:37:00+00:00,-7.344233739663154,0,NORMAL,1,val,0.4464579224586487,lstm-ae-bharati-v1
BRT,BRT_TEMP_001,2026-03-02T01:38:00+00:00,-7.330842300624982,0,NORMAL,1,val,0.4461827576160431,lstm-ae-bharati-v1
BRT,BRT_TEMP_001,2026-03-02T01:39:00+00:00,-7.387968632764397,0,NORMAL,1,val,0.4490264654159546,lstm-ae-bharati-v1
BRT,BRT_TEMP_001,2026-03-02T01:40:00+00:00,-7.34081065291536,0,NORMAL,1,val,0.45066383481025696,lstm-ae-bharati-v1
BRT,BRT_TEMP_001,2026-03-02T01:41:00+00:00,-7.276915190026997,0,NORMAL,1,val,0.4552147686481476,lstm-ae-bharati-v1
BRT,BRT_TEMP_001,2026-03-02T01:42:00+00:00,-7.346850052667534,0,NORMAL,1,val,0.45699483156204224,lstm-ae-bharati-v1
BRT,BRT_TEMP_001,2026-03-02T01:43:00+00:00,-7.3398015991869805,0,NORMAL,1,val,0.457209974527359,lstm-ae-bharati-v1
BRT,BRT_TEMP_001,2026-03-02T01:44:00+00:00,-7.325338312260809,0,NORMAL,1,val,0.4605478346347809,lstm-ae-bharati-v1
BRT,BRT_TEMP_001,2026-03-02T01:45:00+00:00,-7.438477017954655,0,NORMAL,1,val,0.4633054733276367,lstm-ae-bharati-v1
BRT,BRT_TEMP_001,2026-03-02T01:46:00+00:00,-7.41944097129093,0,NORMAL,1,val,0.46505966782569885,lstm-ae-bharati-v1
BRT,BRT_TEMP_001,2026-03-02T01:47:00+00:00,-7.596892608373731,0,NORMAL,1,val,0.4617235064506531,lstm-ae-bharati-v1
BRT,BRT_TEMP_001,2026-03-02T01:48:00+00:00,-7.77692539566328,0,NORMAL,1,val,0.4547831416130066,lstm-ae-bharati-v1
BRT,BRT_TEMP_001,2026-03-02T01:49:00+00:00,-7.646281264017711,0,NORMAL,1,val,0.44733232259750366,lstm-ae-bharati-v1
BRT,BRT_TEMP_001,2026-03-02T01:50:00+00:00,-7.980160118406161,0,NORMAL,1,val,0.44077402353286743,lstm-ae-bharati-v1
BRT,BRT_TEMP_001,2026-03-02T01:51:00+00:00,-8.13794163554368,0,NORMAL,1,val,0.4346385896205902,lstm-ae-bharati-v1
BRT,BRT_TEMP_001,2026-03-02T01:52:00+00:00,-8.00138320044002,0,NORMAL,1,val,0.425350159406662,lstm-ae-bharati-v1
BRT,BRT_TEMP_001,2026-03-02T01:53:00+00:00,-8.364138995709872,0,NORMAL,1,val,0.4141375422477722,lstm-ae-bharati-v1
BRT,BRT_TEMP_001,2026-03-02T01:54:00+00:00,-8.258047444923763,0,NORMAL,1,val,0.3958281874656677,lstm-ae-bharati-v1
BRT,BRT_TEMP_001,2026-03-02T01:55:00+00:00,-8.477545419745335,0,NORMAL,1,val,0.3528633713722229,lstm-ae-bharati-v1
BRT,BRT_TEMP_001,2026-03-02T01:56:00+00:00,-8.577511110313488,0,NORMAL,1,val,0.29293718934059143,lstm-ae-bharati-v1
BRT,BRT_TEMP_001,2026-03-02T01:57:00+00:00,-8.47488238343503,0,NORMAL,1,val,0.2197742462158203,lstm-ae-bharati-v1
BRT,BRT_TEMP_001,2026-03-02T01:58:00+00:00,-8.421913054223673,0,NORMAL,1,val,0.13382098078727722,lstm-ae-bharati-v1
BRT,BRT_TEMP_001,2026-03-02T01:59:00+00:00,-8.630031601050979,0,NORMAL,0,val,0.004387319553643465,lstm-ae-bharati-v1
BRT,BRT_TEMP_001,2026-03-02T02:00:00+00:00,-8.55238649968229,0,NORMAL,0,val,0.0038836447056382895,lstm-ae-bharati-v1
BRT,BRT_TEMP_001,2026-03-02T02:01:00+00:00,-8.650388300731326,0,NORMAL,0,val,0.0035056034103035927,lstm-ae-bharati-v1
BRT,BRT_TEMP_001,2026-03-02T02:02:00+00:00,-8.920723509122283,0,NORMAL,0,val,0.003243005368858576,lstm-ae-bharati-v1
BRT,BRT_TEMP_001,2026-03-02T02:03:00+00:00,-8.961965872957945,0,NORMAL,0,val,0.003088235855102539,lstm-ae-bharati-v1
BRT,BRT_TEMP_001,2026-03-02T02:04:00+00:00,-8.931409475341914,0,NORMAL,0,val,0.0026266342028975487,lstm-ae-bharati-v1
BRT,BRT_TEMP_001,2026-03-02T02:05:00+00:00,-9.001637539418637,0,NORMAL,0,val,0.002407676540315151,lstm-ae-bharati-v1
BRT,BRT_TEMP_001,2026-03-02T02:06:00+00:00,-9.252203509289672,0,NORMAL,0,val,0.002211101585999131,lstm-ae-bharati-v1
BRT,BRT_TEMP_001,2026-03-02T02:07:00+00:00,-9.474843263020777,0,NORMAL,0,val,0.0023522130213677883,lstm-ae-bharati-v1
BRT,BRT_TEMP_001,2026-03-02T02:08:00+00:00,-9.27053049398784,0,NORMAL,0,val,0.0022494939621537924,lstm-ae-bharati-v1
BRT,BRT_TEMP_001,2026-03-02T02:09:00+00:00,-9.427451846576195,0,NORMAL,0,val,0.002261836314573884,lstm-ae-bharati-v1
BRT,BRT_TEMP_001,2026-03-02T02:10:00+00:00,-9.478715283758246,0,NORMAL,0,val,0.0024967442732304335,lstm-ae-bharati-v1
BRT,BRT_TEMP_001,2026-03-02T02:11:00+00:00,-9.535796403855583,0,NORMAL,0,val,0.002731459913775325,lstm-ae-bharati-v1
BRT,BRT_TEMP_001,2026-03-02T02:12:00+00:00,-9.591737148568477,0,NORMAL,0,val,0.003036600537598133,lstm-ae-bharati-v1
BRT,BRT_TEMP_001,2026-03-02T02:13:00+00:00,-9.685873819410116,0,NORMAL,0,val,0.003250799374654889,lstm-ae-bharati-v1
BRT,BRT_TEMP_001,2026-03-02T02:14:00+00:00,-9.927168396817033,0,NORMAL,0,val,0.0032206110190600157,lstm-ae-bharati-v1
BRT,BRT_TEMP_001,2026-03-02T02:15:00+00:00,-10.224508417658605,0,NORMAL,0,val,0.0036523991730064154,lstm-ae-bharati-v1
BRT,BRT_TEMP_001,2026-03-02T02:16:00+00:00,-10.026451989610097,0,NORMAL,0,val,0.003119315020740032,lstm-ae-bharati-v1
BRT,BRT_TEMP_001,2026-03-02T02:17:00+00:00,-9.988050425084571,0,NORMAL,0,val,0.0028792580123990774,lstm-ae-bharati-v1
BRT,BRT_TEMP_001,2026-03-02T02:18:00+00:00,-10.205043733302986,0,NORMAL,0,val,0.00284411758184433,lstm-ae-bharati-v1
BRT,BRT_TEMP_001,2026-03-02T02:19:00+00:00,-10.411431424922336,0,NORMAL,0,val,0.002251216908916831,lstm-ae-bharati-v1
BRT,BRT_TEMP_001,2026-03-02T02:54:00+00:00,-12.515427905367895,0,NORMAL,0,val,0.005787643603980541,lstm-ae-bharati-v1
BRT,BRT_TEMP_001,2026-03-02T02:55:00+00:00,-12.231115462073062,0,NORMAL,0,val,0.004389197565615177,lstm-ae-bharati-v1
BRT,BRT_TEMP_001,2026-03-02T02:56:00+00:00,-11.97597207822496,0,NORMAL,0,val,0.004793567582964897,lstm-ae-bharati-v1
BRT,BRT_TEMP_001,2026-03-02T02:57:00+00:00,-12.406576793782715,0,NORMAL,0,val,0.00471474789083004,lstm-ae-bharati-v1
BRT,BRT_TEMP_001,2026-03-02T02:58:00+00:00,-12.321616586452166,0,NORMAL,0,val,0.004743047058582306,lstm-ae-bharati-v1
BRT,BRT_TEMP_001,2026-03-02T02:59:00+00:00,-12.513319796449396,0,NORMAL,0,val,0.0049834358505904675,lstm-ae-bharati-v1
BRT,BRT_TEMP_001,2026-03-02T03:00:00+00:00,-12.448202032827846,0,NORMAL,0,val,0.005013107787817717,lstm-ae-bharati-v1
BRT,BRT_TEMP_001,2026-03-02T03:01:00+00:00,-12.59721541907893,0,NORMAL,0,val,0.005205076653510332,lstm-ae-bharati-v1
BRT,BRT_TEMP_001,2026-03-02T03:02:00+00:00,-12.604757241605656,0,NORMAL,0,val,0.005099495407193899,lstm-ae-bharati-v1
BRT,BRT_TEMP_001,2026-03-02T03:03:00+00:00,-12.345806495194866,0,NORMAL,0,val,0.0047240545973181725,lstm-ae-bharati-v1
BRT,BRT_TEMP_001,2026-03-02T03:04:00+00:00,-12.503430200373217,0,NORMAL,0,val,0.004369836766272783,lstm-ae-bharati-v1
BRT,BRT_TEMP_001,2026-03-02T03:05:00+00:00,-12.236019112974828,0,NORMAL,0,val,0.004513873253017664,lstm-ae-bharati-v1
BRT,BRT_TEMP_001,2026-03-02T03:06:00+00:00,-12.72428379842122,0,NORMAL,0,val,0.004330321680754423,lstm-ae-bharati-v1
BRT,BRT_TEMP_001,2026-03-02T03:07:00+00:00,-12.725597908937509,0,NORMAL,0,val,0.004044090863317251,lstm-ae-bharati-v1
BRT,BRT_TEMP_001,2026-03-02T03:08:00+00:00,-12.518582846944357,0,NORMAL,0,val,0.003926437813788652,lstm-ae-bharati-v1
BRT,BRT_TEMP_001,2026-03-02T03:09:00+00:00,-12.534303191596056,0,NORMAL,0,val,0.003994303289800882,lstm-ae-bharati-v1
BRT,BRT_TEMP_001,2026-03-02T03:10:00+00:00,-12.69569412091329,0,NORMAL,0,val,0.004184366669505835,lstm-ae-bharati-v1
BRT,BRT_TEMP_001,2026-03-02T03:11:00+00:00,-12.774139245483996,0,NORMAL,0,val,0.00379627151414752,lstm-ae-bharati-v1
BRT,BRT_TEMP_001,2026-03-02T03:12:00+00:00,-12.997574489716316,0,NORMAL,0,val,0.004272456280887127,lstm-ae-bharati-v1
BRT,BRT_TEMP_001,2026-03-02T03:13:00+00:00,-12.98654613352799,0,NORMAL,0,val,0.004362079780548811,lstm-ae-bharati-v1
BRT,BRT_TEMP_001,2026-03-02T03:14:00+00:00,-13.005432553499856,0,NORMAL,0,val,0.004597633611410856,lstm-ae-bharati-v1
BRT,BRT_TEMP_001,2026-03-02T03:15:00+00:00,-13.061738841418318,0,NORMAL,0,val,0.004621900152415037,lstm-ae-bharati-v1
BRT,BRT_TEMP_001,2026-03-02T03:16:00+00:00,-13.162909247125752,0,NORMAL,0,val,0.005105296615511179,lstm-ae-bharati-v1
BRT,BRT_TEMP_001,2026-03-02T03:17:00+00:00,-12.93704513693016,0,NORMAL,0,val,0.004889447707682848,lstm-ae-bharati-v1
BRT,BRT_TEMP_001,2026-03-02T03:18:00+00:00,-13.087968118159203,0,NORMAL,0,val,0.004846407100558281,lstm-ae-bharati-v1
BRT,BRT_TEMP_001,2026-03-02T03:19:00+00:00,-13.307797984140665,0,NORMAL,0,val,0.005412771366536617,lstm-ae-bharati-v1
BRT,BRT_TEMP_001,2026-03-02T03:20:00+00:00,-13.307797984140665,1,STUCK_VALUE,1,val,0.0056174942292273045,lstm-ae-bharati-v1
BRT,BRT_TEMP_001,2026-03-02T03:21:00+00:00,-13.307797984140665,1,STUCK_VALUE,1,val,0.005668880417943001,lstm-ae-bharati-v1
BRT,BRT_TEMP_001,2026-03-02T03:22:00+00:00,-13.307797984140665,1,STUCK_VALUE,1,val,0.0055130841210484505,lstm-ae-bharati-v1
BRT,BRT_TEMP_001,2026-03-02T03:23:00+00:00,-13.307797984140665,1,STUCK_VALUE,1,val,0.005071857012808323,lstm-ae-bharati-v1
BRT,BRT_TEMP_001,2026-03-02T03:24:00+00:00,-13.307797984140665,1,STUCK_VALUE,1,val,0.004165146499872208,lstm-ae-bharati-v1
BRT,BRT_TEMP_001,2026-03-02T03:25:00+00:00,-13.307797984140665,1,STUCK_VALUE,1,val,0.004271558485925198,lstm-ae-bharati-v1
BRT,BRT_TEMP_001,2026-03-02T03:26:00+00:00,-13.307797984140665,1,STUCK_VALUE,1,val,0.003843547310680151,lstm-ae-bharati-v1
BRT,BRT_TEMP_001,2026-03-02T03:27:00+00:00,-13.307797984140665,1,STUCK_VALUE,1,val,0.003656820859760046,lstm-ae-bharati-v1
BRT,BRT_TEMP_001,2026-03-02T03:28:00+00:00,-13.307797984140665,1,STUCK_VALUE,1,val,0.0035034208558499813,lstm-ae-bharati-v1
BRT,BRT_TEMP_001,2026-03-02T03:29:00+00:00,-13.307797984140665,1,STUCK_VALUE,1,val,0.0032346060033887625,lstm-ae-bharati-v1
BRT,BRT_TEMP_001,2026-03-02T03:30:00+00:00,-13.307797984140665,1,STUCK_VALUE,1,val,0.003017161972820759,lstm-ae-bharati-v1
BRT,BRT_TEMP_001,2026-03-02T03:31:00+00:00,-13.307797984140665,1,STUCK_VALUE,1,val,0.0026880125515162945,lstm-ae-bharati-v1
BRT,BRT_TEMP_001,2026-03-02T03:32:00+00:00,-13.307797984140665,1,STUCK_VALUE,1,val,0.00264350650832057,lstm-ae-bharati-v1
BRT,BRT_TEMP_001,2026-03-02T03:33:00+00:00,-13.307797984140665,1,STUCK_VALUE,1,val,0.0026845375541597605,lstm-ae-bharati-v1
BRT,BRT_TEMP_001,2026-03-02T03:34:00+00:00,-13.307797984140665,1,STUCK_VALUE,1,val,0.0029355341102927923,lstm-ae-bharati-v1
BRT,BRT_TEMP_001,2026-03-02T03:35:00+00:00,-13.307797984140665,1,STUCK_VALUE,1,val,0.002076260279864073,lstm-ae-bharati-v1
BRT,BRT_TEMP_001,2026-03-02T03:36:00+00:00,-13.307797984140665,1,STUCK_VALUE,1,val,0.002064544940367341,lstm-ae-bharati-v1
BRT,BRT_TEMP_001,2026-03-02T03:37:00+00:00,-13.307797984140665,1,STUCK_VALUE,1,val,0.0021854527294635773,lstm-ae-bharati-v1
BRT,BRT_TEMP_001,2026-03-02T03:38:00+00:00,-13.307797984140665,1,STUCK_VALUE,1,val,0.0019057320896536112,lstm-ae-bharati-v1
BRT,BRT_TEMP_001,2026-03-02T03:39:00+00:00,-13.307797984140665,1,STUCK_VALUE,1,val,0.0013881028862670064,lstm-ae-bharati-v1
BRT,BRT_TEMP_001,2026-03-02T03:40:00+00:00,-13.307797984140665,1,STUCK_VALUE,1,val,0.0011032128240913153,lstm-ae-bharati-v1
BRT,BRT_TEMP_001,2026-03-02T03:41:00+00:00,-13.307797984140665,1,STUCK_VALUE,1,val,0.0008693835115991533,lstm-ae-bharati-v1
BRT,BRT_TEMP_001,2026-03-02T03:42:00+00:00,-13.307797984140665,1,STUCK_VALUE,1,val,0.0008624291513115168,lstm-ae-bharati-v1
BRT,BRT_TEMP_001,2026-03-02T03:43:00+00:00,-13.307797984140665,1,STUCK_VALUE,1,val,0.0008205582853406668,lstm-ae-bharati-v1
BRT,BRT_TEMP_001,2026-03-02T03:44:00+00:00,-13.294901118323194,0,NORMAL,1,val,0.0007695466047152877,lstm-ae-bharati-v1
BRT,BRT_TEMP_001,2026-03-02T03:45:00+00:00,-13.502899374538394,0,NORMAL,1,val,0.001100479974411428,lstm-ae-bharati-v1
BRT,BRT_TEMP_001,2026-03-02T03:46:00+00:00,-13.30389647759062,0,NORMAL,1,val,0.001122697489336133,lstm-ae-bharati-v1
BRT,BRT_TEMP_001,2026-03-02T03:47:00+00:00,-13.40853958525386,0,NORMAL,1,val,0.0010275804670527577,lstm-ae-bharati-v1
BRT,BRT_TEMP_001,2026-03-02T03:48:00+00:00,-13.435057521548492,0,NORMAL,1,val,0.0012144382344558835,lstm-ae-bharati-v1
BRT,BRT_TEMP_001,2026-03-02T03:49:00+00:00,-13.289847953797675,0,NORMAL,1,val,0.0011775624006986618,lstm-ae-bharati-v1
BRT,BRT_TEMP_001,2026-03-02T03:50:00+00:00,-13.241991566761325,0,NORMAL,1,val,0.0011393465101718903,lstm-ae-bharati-v1
BRT,BRT_TEMP_001,2026-03-02T03:51:00+00:00,-13.366099157637825,0,NORMAL,1,val,0.0011492075864225626,lstm-ae-bharati-v1
BRT,BRT_TEMP_001,2026-03-02T03:52:00+00:00,-13.318503212101454,0,NORMAL,1,val,0.001124209607951343,lstm-ae-bharati-v1
BRT,BRT_TEMP_001,2026-03-02T03:53:00+00:00,-13.507469082025656,0,NORMAL,1,val,0.0013606313150376081,lstm-ae-bharati-v1
BRT,BRT_TEMP_001,2026-03-02T03:54:00+00:00,-13.438182355591394,0,NORMAL,1,val,0.001421533990651369,lstm-ae-bharati-v1
BRT,BRT_TEMP_001,2026-03-02T03:55:00+00:00,-13.206272623390864,0,NORMAL,1,val,0.0014176464173942804,lstm-ae-bharati-v1
BRT,BRT_TEMP_001,2026-03-02T03:56:00+00:00,-13.388840569334787,0,NORMAL,1,val,0.0014109088806435466,lstm-ae-bharati-v1
BRT,BRT_TEMP_001,2026-03-02T03:57:00+00:00,-13.142235490259088,0,NORMAL,1,val,0.0014696198049932718,lstm-ae-bharati-v1
BRT,BRT_TEMP_001,2026-03-02T03:58:00+00:00,-13.30862905188377,0,NORMAL,1,val,0.0014249759260565042,lstm-ae-bharati-v1
BRT,BRT_TEMP_001,2026-03-02T03:59:00+00:00,-13.211827796996808,0,NORMAL,1,val,0.0013893625000491738,lstm-ae-bharati-v1
BRT,BRT_TEMP_001,2026-03-02T04:00:00+00:00,-13.382223065895156,0,NORMAL,1,val,0.0014367620460689068,lstm-ae-bharati-v1
BRT,BRT_TEMP_001,2026-03-02T04:01:00+00:00,-13.299695327393264,0,NORMAL,1,val,0.0014076090883463621,lstm-ae-bharati-v1
BRT,BRT_TEMP_001,2026-03-02T04:02:00+00:00,-13.336030560958948,0,NORMAL,1,val,0.0014059600653126836,lstm-ae-bharati-v1
BRT,BRT_TEMP_001,2026-03-02T04:03:00+00:00,-13.220737480368836,0,NORMAL,1,val,0.001370613812468946,lstm-ae-bharati-v1
BRT,BRT_TEMP_001,2026-03-02T04:04:00+00:00,-13.287552929042292,0,NORMAL,1,val,0.0013535303296521306,lstm-ae-bharati-v1
BRT,BRT_TEMP_001,2026-03-02T04:05:00+00:00,-13.029207895274766,0,NORMAL,1,val,0.0015015420503914356,lstm-ae-bharati-v1
BRT,BRT_TEMP_001,2026-03-02T04:06:00+00:00,-13.177528586580951,0,NORMAL,1,val,0.001472307019867003,lstm-ae-bharati-v1
BRT,BRT_TEMP_001,2026-03-02T04:07:00+00:00,-12.92126730166304,0,NORMAL,1,val,0.0017192286904901266,lstm-ae-bharati-v1
BRT,BRT_TEMP_001,2026-03-02T04:08:00+00:00,-12.64334911913321,0,NORMAL,1,val,0.0026910777669399977,lstm-ae-bharati-v1
BRT,BRT_TEMP_001,2026-03-02T04:09:00+00:00,-12.633963679475285,0,NORMAL,1,val,0.003312663407996297,lstm-ae-bharati-v1
BRT,BRT_TEMP_001,2026-03-02T04:10:00+00:00,-12.692220185009296,0,NORMAL,1,val,0.003497012425214052,lstm-ae-bharati-v1
BRT,BRT_TEMP_001,2026-03-02T04:11:00+00:00,-12.862386402660173,0,NORMAL,1,val,0.003412224818021059,lstm-ae-bharati-v1
BRT,BRT_TEMP_001,2026-03-02T04:12:00+00:00,-13.11676437473841,0,NORMAL,1,val,0.00375818251632154,lstm-ae-bharati-v1
BRT,BRT_TEMP_001,2026-03-02T04:13:00+00:00,-13.02536490909606,0,NORMAL,0,val,0.0038560142274945974,lstm-ae-bharati-v1
BRT,BRT_TEMP_001,2026-03-02T04:14:00+00:00,-12.789795817189646,0,NORMAL,0,val,0.003946730867028236,lstm-ae-bharati-v1
BRT,BRT_TEMP_001,2026-03-02T04:15:00+00:00,-12.884135316415124,0,NORMAL,0,val,0.003737017046660185,lstm-ae-bharati-v1
BRT,BRT_TEMP_001,2026-03-02T04:16:00+00:00,-12.835634469463145,0,NORMAL,0,val,0.0038065346889197826,lstm-ae-bharati-v1
BRT,BRT_TEMP_001,2026-03-02T04:17:00+00:00,-12.47251780230292,0,NORMAL,0,val,0.00412824098020792,lstm-ae-bharati-v1
BRT,BRT_TEMP_001,2026-03-02T04:18:00+00:00,-12.656132953462002,0,NORMAL,0,val,0.00404520146548748,lstm-ae-bharati-v1
BRT,BRT_TEMP_001,2026-03-02T04:19:00+00:00,-12.57257459451366,0,NORMAL,0,val,0.004021468572318554,lstm-ae-bharati-v1
BRT,BRT_VIB_001,2026-03-01T23:49:00+00:00,0.7004492780091096,0,NORMAL,0,val,0.02243197150528431,lstm-ae-bharati-v1
BRT,BRT_VIB_001,2026-03-01T23:50:00+00:00,0.7333547715920357,0,NORMAL,0,val,0.023449668660759926,lstm-ae-bharati-v1
BRT,BRT_VIB_001,2026-03-01T23:51:00+00:00,0.721613337583101,0,NORMAL,0,val,0.022204333916306496,lstm-ae-bharati-v1
BRT,BRT_VIB_001,2026-03-01T23:52:00+00:00,0.7611389468175225,0,NORMAL,0,val,0.027514047920703888,lstm-ae-bharati-v1
BRT,BRT_VIB_001,2026-03-01T23:53:00+00:00,0.7612038907575291,0,NORMAL,0,val,0.030979666858911514,lstm-ae-bharati-v1
BRT,BRT_VIB_001,2026-03-01T23:54:00+00:00,0.7881222396009466,0,NORMAL,0,val,0.04040336236357689,lstm-ae-bharati-v1
BRT,BRT_VIB_001,2026-03-01T23:55:00+00:00,0.7732746501463154,0,NORMAL,0,val,0.04336923360824585,lstm-ae-bharati-v1
BRT,BRT_VIB_001,2026-03-01T23:56:00+00:00,0.7604259395746786,0,NORMAL,0,val,0.04170193523168564,lstm-ae-bharati-v1
BRT,BRT_VIB_001,2026-03-01T23:57:00+00:00,0.7928967544145884,0,NORMAL,0,val,0.04683072492480278,lstm-ae-bharati-v1
BRT,BRT_VIB_001,2026-03-01T23:58:00+00:00,0.8044601979623384,0,NORMAL,0,val,0.05222431942820549,lstm-ae-bharati-v1
BRT,BRT_VIB_001,2026-03-01T23:59:00+00:00,0.7789695438476674,0,NORMAL,0,val,0.05058222636580467,lstm-ae-bharati-v1
BRT,BRT_VIB_001,2026-03-02T00:00:00+00:00,1.245670674118816,1,SPIKE,1,val,0.7977836728096008,lstm-ae-bharati-v1
BRT,BRT_VIB_001,2026-03-02T00:01:00+00:00,1.2471525225539326,1,SPIKE,1,val,1.4592044353485107,lstm-ae-bharati-v1
BRT,BRT_VIB_001,2026-03-02T00:02:00+00:00,1.2609776519957232,1,SPIKE,1,val,2.091770887374878,lstm-ae-bharati-v1
BRT,BRT_VIB_001,2026-03-02T00:03:00+00:00,1.2281165749356462,1,SPIKE,1,val,2.571849822998047,lstm-ae-bharati-v1
BRT,BRT_VIB_001,2026-03-02T00:04:00+00:00,1.2344388498552412,1,SPIKE,1,val,3.036365509033203,lstm-ae-bharati-v1
BRT,BRT_VIB_001,2026-03-02T00:05:00+00:00,0.7313595663623197,0,NORMAL,1,val,3.155003309249878,lstm-ae-bharati-v1
BRT,BRT_VIB_001,2026-03-02T00:06:00+00:00,0.7591071891608623,0,NORMAL,1,val,3.2633657455444336,lstm-ae-bharati-v1
BRT,BRT_VIB_001,2026-03-02T00:07:00+00:00,0.7716702828683687,0,NORMAL,1,val,3.371617555618286,lstm-ae-bharati-v1
BRT,BRT_VIB_001,2026-03-02T00:08:00+00:00,0.7816722802596378,0,NORMAL,1,val,3.4771809577941895,lstm-ae-bharati-v1
BRT,BRT_VIB_001,2026-03-02T00:09:00+00:00,0.8013676351486626,0,NORMAL,1,val,3.5525741577148438,lstm-ae-bharati-v1
BRT,BRT_VIB_001,2026-03-02T00:10:00+00:00,0.7678948049063385,0,NORMAL,1,val,3.6959071159362793,lstm-ae-bharati-v1
BRT,BRT_VIB_001,2026-03-02T00:11:00+00:00,0.759912553200155,0,NORMAL,1,val,3.8238439559936523,lstm-ae-bharati-v1
BRT,BRT_VIB_001,2026-03-02T00:12:00+00:00,0.776511462482206,0,NORMAL,1,val,3.889859437942505,lstm-ae-bharati-v1
BRT,BRT_VIB_001,2026-03-02T00:13:00+00:00,0.8070719765509032,0,NORMAL,1,val,3.89224910736084,lstm-ae-bharati-v1
BRT,BRT_VIB_001,2026-03-02T00:14:00+00:00,0.784469748786412,0,NORMAL,1,val,3.886460065841675,lstm-ae-bharati-v1
BRT,BRT_VIB_001,2026-03-02T00:15:00+00:00,0.7618998555138181,0,NORMAL,1,val,3.8715033531188965,lstm-ae-bharati-v1
BRT,BRT_VIB_001,2026-03-02T00:16:00+00:00,0.7823145215045363,0,NORMAL,1,val,3.8090782165527344,lstm-ae-bharati-v1
BRT,BRT_VIB_001,2026-03-02T00:17:00+00:00,0.7693522853989704,0,NORMAL,1,val,3.730264186859131,lstm-ae-bharati-v1
BRT,BRT_VIB_001,2026-03-02T00:18:00+00:00,0.7859510911303956,0,NORMAL,1,val,3.5790247917175293,lstm-ae-bharati-v1
BRT,BRT_VIB_001,2026-03-02T00:19:00+00:00,0.7728642756137428,0,NORMAL,1,val,3.4100961685180664,lstm-ae-bharati-v1
BRT,BRT_VIB_001,2026-03-02T00:20:00+00:00,0.7829015976475591,0,NORMAL,1,val,3.2714827060699463,lstm-ae-bharati-v1
BRT,BRT_VIB_001,2026-03-02T00:21:00+00:00,0.753905657301996,0,NORMAL,1,val,3.12491512298584,lstm-ae-bharati-v1
BRT,BRT_VIB_001,2026-03-02T00:22:00+00:00,0.7846837217188879,0,NORMAL,1,val,3.019862413406372,lstm-ae-bharati-v1
BRT,BRT_VIB_001,2026-03-02T00:23:00+00:00,0.7554472415310469,0,NORMAL,1,val,2.925725221633911,lstm-ae-bharati-v1
BRT,BRT_VIB_001,2026-03-02T00:24:00+00:00,0.7895789555339313,0,NORMAL,1,val,2.8594579696655273,lstm-ae-bharati-v1
BRT,BRT_VIB_001,2026-03-02T00:25:00+00:00,0.7753986763512402,0,NORMAL,1,val,2.787013530731201,lstm-ae-bharati-v1
BRT,BRT_VIB_001,2026-03-02T00:26:00+00:00,0.7774089514026793,0,NORMAL,1,val,2.7135016918182373,lstm-ae-bharati-v1
BRT,BRT_VIB_001,2026-03-02T00:27:00+00:00,0.7717270723631994,0,NORMAL,1,val,2.6809098720550537,lstm-ae-bharati-v1
BRT,BRT_VIB_001,2026-03-02T00:28:00+00:00,0.7498374462297664,0,NORMAL,1,val,2.6670608520507812,lstm-ae-bharati-v1
BRT,BRT_VIB_001,2026-03-02T00:29:00+00:00,0.7935831960757115,0,NORMAL,1,val,2.685115098953247,lstm-ae-bharati-v1
BRT,BRT_VIB_001,2026-03-02T00:30:00+00:00,0.8143292991801645,0,NORMAL,1,val,2.3035380840301514,lstm-ae-bharati-v1
BRT,BRT_VIB_001,2026-03-02T00:31:00+00:00,0.8041831568842627,0,NORMAL,1,val,1.8738093376159668,lstm-ae-bharati-v1
BRT,BRT_VIB_001,2026-03-02T00:32:00+00:00,0.8038840973875974,0,NORMAL,1,val,1.3254796266555786,lstm-ae-bharati-v1
BRT,BRT_VIB_001,2026-03-02T00:33:00+00:00,0.8374591406647457,0,NORMAL,1,val,0.7677522897720337,lstm-ae-bharati-v1
BRT,BRT_VIB_001,2026-03-02T00:34:00+00:00,0.8113559797843115,0,NORMAL,0,val,0.04097474366426468,lstm-ae-bharati-v1
BRT,BRT_VIB_001,2026-03-02T00:35:00+00:00,0.8114703398366145,0,NORMAL,0,val,0.03734811395406723,lstm-ae-bharati-v1
BRT,BRT_VIB_001,2026-03-02T00:36:00+00:00,0.8450059241232918,0,NORMAL,0,val,0.04394688084721565,lstm-ae-bharati-v1
BRT,BRT_VIB_001,2026-03-02T00:37:00+00:00,0.8446268989132028,0,NORMAL,0,val,0.04760865867137909,lstm-ae-bharati-v1
BRT,BRT_VIB_001,2026-03-02T00:38:00+00:00,0.8318281989257539,0,NORMAL,0,val,0.04650483280420303,lstm-ae-bharati-v1
BRT,BRT_VIB_001,2026-03-02T00:39:00+00:00,0.824757661056103,0,NORMAL,0,val,0.04056216776371002,lstm-ae-bharati-v1
BRT,BRT_VIB_001,2026-03-02T00:40:00+00:00,0.8212109109776559,0,NORMAL,0,val,0.04109340161085129,lstm-ae-bharati-v1
BRT,BRT_VIB_001,2026-03-02T00:41:00+00:00,0.820188994140626,0,NORMAL,0,val,0.041649915277957916,lstm-ae-bharati-v1
BRT,BRT_VIB_001,2026-03-02T00:42:00+00:00,0.8387111679661131,0,NORMAL,0,val,0.03970817103981972,lstm-ae-bharati-v1
BRT,BRT_VIB_001,2026-03-02T00:43:00+00:00,0.8236834215803872,0,NORMAL,0,val,0.032100602984428406,lstm-ae-bharati-v1
BRT,BRT_VIB_001,2026-03-02T00:44:00+00:00,0.8335743257502523,0,NORMAL,0,val,0.029351819306612015,lstm-ae-bharati-v1
BRT,BRT_VIB_001,2026-03-02T00:45:00+00:00,0.8316377984261302,0,NORMAL,0,val,0.029204878956079483,lstm-ae-bharati-v1
BRT,BRT_VIB_001,2026-03-02T00:46:00+00:00,0.8423126107203437,0,NORMAL,0,val,0.027127135545015335,lstm-ae-bharati-v1
BRT,BRT_VIB_001,2026-03-02T00:47:00+00:00,0.8271781183830603,0,NORMAL,0,val,0.027855221182107925,lstm-ae-bharati-v1
BRT,BRT_VIB_001,2026-03-02T00:48:00+00:00,0.8190833764039468,0,NORMAL,0,val,0.028838638216257095,lstm-ae-bharati-v1
BRT,BRT_VIB_001,2026-03-02T00:49:00+00:00,0.8275689590230064,0,NORMAL,0,val,0.029378557577729225,lstm-ae-bharati-v1
BRT,BRT_VIB_001,2026-03-02T00:50:00+00:00,0.8596900752731654,0,NORMAL,0,val,0.030002404004335403,lstm-ae-bharati-v1
BRT,BRT_VIB_001,2026-03-02T00:51:00+00:00,0.833851417512659,0,NORMAL,0,val,0.028737874701619148,lstm-ae-bharati-v1
BRT,BRT_VIB_001,2026-03-02T00:52:00+00:00,0.8567243133477983,0,NORMAL,0,val,0.029735799878835678,lstm-ae-bharati-v1
BRT,BRT_VIB_001,2026-03-02T00:53:00+00:00,0.8512183658542911,0,NORMAL,0,val,0.026805909350514412,lstm-ae-bharati-v1
BRT,BRT_VIB_001,2026-03-02T00:54:00+00:00,0.876678880292084,0,NORMAL,0,val,0.030075090005993843,lstm-ae-bharati-v1
BRT,BRT_VIB_001,2026-03-02T00:55:00+00:00,0.8854180452509922,0,NORMAL,0,val,0.03320642188191414,lstm-ae-bharati-v1
BRT,BRT_VIB_001,2026-03-02T00:56:00+00:00,0.912203158763013,0,NORMAL,0,val,0.04297273978590965,lstm-ae-bharati-v1
BRT,BRT_VIB_001,2026-03-02T00:57:00+00:00,0.9269374845402756,0,NORMAL,0,val,0.053714629262685776,lstm-ae-bharati-v1
BRT,BRT_VIB_001,2026-03-02T00:58:00+00:00,0.908380302792362,0,NORMAL,0,val,0.047053318470716476,lstm-ae-bharati-v1
BRT,BRT_VIB_001,2026-03-02T00:59:00+00:00,0.9385279493801456,0,NORMAL,0,val,0.057099103927612305,lstm-ae-bharati-v1
BRT,BRT_VIB_001,2026-03-02T01:00:00+00:00,0.928033418086069,1,DRIFT,1,val,0.06155606731772423,lstm-ae-bharati-v1
BRT,BRT_VIB_001,2026-03-02T01:01:00+00:00,0.9134521214829328,1,DRIFT,1,val,0.0624418742954731,lstm-ae-bharati-v1
BRT,BRT_VIB_001,2026-03-02T01:02:00+00:00,0.9367789774382304,1,DRIFT,1,val,0.06442803144454956,lstm-ae-bharati-v1
BRT,BRT_VIB_001,2026-03-02T01:03:00+00:00,0.9225049000550528,1,DRIFT,1,val,0.06132854148745537,lstm-ae-bharati-v1
BRT,BRT_VIB_001,2026-03-02T01:04:00+00:00,0.9198598597835242,1,DRIFT,1,val,0.05970432236790657,lstm-ae-bharati-v1
BRT,BRT_VIB_001,2026-03-02T01:05:00+00:00,0.9262869513039754,1,DRIFT,1,val,0.056303247809410095,lstm-ae-bharati-v1
BRT,BRT_VIB_001,2026-03-02T01:06:00+00:00,0.9143280383766388,1,DRIFT,1,val,0.04987386614084244,lstm-ae-bharati-v1
BRT,BRT_VIB_001,2026-03-02T01:07:00+00:00,0.9582175418535976,1,DRIFT,1,val,0.04772782325744629,lstm-ae-bharati-v1
BRT,BRT_VIB_001,2026-03-02T01:08:00+00:00,0.968468359349283,1,DRIFT,1,val,0.05150367692112923,lstm-ae-bharati-v1
BRT,BRT_VIB_001,2026-03-02T01:09:00+00:00,0.9724678003238544,1,DRIFT,1,val,0.05631153658032417,lstm-ae-bharati-v1
BRT,BRT_VIB_001,2026-03-02T01:10:00+00:00,0.9861102242640304,1,DRIFT,1,val,0.06478647887706757,lstm-ae-bharati-v1
BRT,BRT_VIB_001,2026-03-02T01:11:00+00:00,0.9865775482025794,1,DRIFT,1,val,0.07116792351007462,lstm-ae-bharati-v1
BRT,BRT_VIB_001,2026-03-02T01:12:00+00:00,1.0020850619808828,1,DRIFT,1,val,0.08492808789014816,lstm-ae-bharati-v1
BRT,BRT_VIB_001,2026-03-02T01:13:00+00:00,0.988050401092518,1,DRIFT,1,val,0.08969307690858841,lstm-ae-bharati-v1
BRT,BRT_VIB_001,2026-03-02T01:14:00+00:00,1.0246262705669194,1,DRIFT,1,val,0.1143975481390953,lstm-ae-bharati-v1
BRT,BRT_VIB_001,2026-03-02T01:15:00+00:00,1.0268599169205863,1,DRIFT,1,val,0.13779474794864655,lstm-ae-bharati-v1
BRT,BRT_VIB_001,2026-03-02T01:16:00+00:00,1.0170788927079488,1,DRIFT,1,val,0.15575018525123596,lstm-ae-bharati-v1
BRT,BRT_VIB_001,2026-03-02T01:17:00+00:00,1.029920582405866,1,DRIFT,1,val,0.17959031462669373,lstm-ae-bharati-v1
BRT,BRT_VIB_001,2026-03-02T01:18:00+00:00,1.0277674447648315,1,DRIFT,1,val,0.19740983843803406,lstm-ae-bharati-v1
BRT,BRT_VIB_001,2026-03-02T01:19:00+00:00,1.0363367522186788,1,DRIFT,1,val,0.22367750108242035,lstm-ae-bharati-v1
BRT,BRT_VIB_001,2026-03-02T01:20:00+00:00,1.0188286439220469,1,DRIFT,1,val,0.2438487708568573,lstm-ae-bharati-v1
BRT,BRT_VIB_001,2026-03-02T01:21:00+00:00,1.0298748209205284,1,DRIFT,1,val,0.26963967084884644,lstm-ae-bharati-v1
BRT,BRT_VIB_001,2026-03-02T01:22:00+00:00,1.0202818693584608,1,DRIFT,1,val,0.2935740649700165,lstm-ae-bharati-v1
BRT,BRT_VIB_001,2026-03-02T01:23:00+00:00,1.029011958975999,1,DRIFT,1,val,0.32630082964897156,lstm-ae-bharati-v1
BRT,BRT_VIB_001,2026-03-02T01:24:00+00:00,1.038400262640159,1,DRIFT,1,val,0.37207046151161194,lstm-ae-bharati-v1
BRT,BRT_VIB_001,2026-03-02T01:25:00+00:00,1.0383122273684142,1,DRIFT,1,val,0.41795146465301514,lstm-ae-bharati-v1
BRT,BRT_VIB_001,2026-03-02T01:26:00+00:00,1.0659379902809716,1,DRIFT,1,val,0.49516305327415466,lstm-ae-bharati-v1
BRT,BRT_VIB_001,2026-03-02T01:27:00+00:00,1.081937309563448,1,DRIFT,1,val,0.5864031314849854,lstm-ae-bharati-v1
BRT,BRT_VIB_001,2026-03-02T01:28:00+00:00,1.0908990453484209,1,DRIFT,1,val,0.6922527551651001,lstm-ae-bharati-v1
BRT,BRT_VIB_001,2026-03-02T01:29:00+00:00,1.1113899403222305,1,DRIFT,1,val,0.8202114701271057,lstm-ae-bharati-v1
BRT,BRT_VIB_001,2026-03-02T01:30:00+00:00,0.93828995638787,0,NORMAL,1,val,0.7603796124458313,lstm-ae-bharati-v1
BRT,BRT_VIB_001,2026-03-02T01:31:00+00:00,0.932018791671426,0,NORMAL,1,val,0.7402759790420532,lstm-ae-bharati-v1
BRT,BRT_VIB_001,2026-03-02T01:32:00+00:00,0.9365675674644628,0,NORMAL,1,val,0.7256291508674622,lstm-ae-bharati-v1
BRT,BRT_VIB_001,2026-03-02T01:33:00+00:00,0.922300190030328,0,NORMAL,1,val,0.7077500820159912,lstm-ae-bharati-v1
BRT,BRT_VIB_001,2026-03-02T01:34:00+00:00,0.9187072264496174,0,NORMAL,1,val,0.6921256184577942,lstm-ae-bharati-v1
BRT,BRT_VIB_001,2026-03-02T01:35:00+00:00,0.9163915900507168,0,NORMAL,1,val,0.6759544610977173,lstm-ae-bharati-v1
BRT,BRT_VIB_001,2026-03-02T01:36:00+00:00,0.9134249021412671,0,NORMAL,1,val,0.6633956432342529,lstm-ae-bharati-v1
BRT,BRT_VIB_001,2026-03-02T01:37:00+00:00,0.9017292178590092,0,NORMAL,1,val,0.6414728164672852,lstm-ae-bharati-v1
BRT,BRT_VIB_001,2026-03-02T01:38:00+00:00,0.9121746160958554,0,NORMAL,1,val,0.6299476623535156,lstm-ae-bharati-v1
BRT,BRT_VIB_001,2026-03-02T01:39:00+00:00,0.8951887782400205,0,NORMAL,1,val,0.6108537316322327,lstm-ae-bharati-v1
BRT,BRT_VIB_001,2026-03-02T01:40:00+00:00,0.880477708981732,0,NORMAL,1,val,0.5892378687858582,lstm-ae-bharati-v1
BRT,BRT_VIB_001,2026-03-02T01:41:00+00:00,0.8967547014640379,0,NORMAL,1,val,0.5836233496665955,lstm-ae-bharati-v1
BRT,BRT_VIB_001,2026-03-02T01:42:00+00:00,0.902592171613432,0,NORMAL,1,val,0.5736305117607117,lstm-ae-bharati-v1
BRT,BRT_VIB_001,2026-03-02T01:43:00+00:00,0.8874444737950529,0,NORMAL,1,val,0.5709476470947266,lstm-ae-bharati-v1
BRT,BRT_VIB_001,2026-03-02T01:44:00+00:00,0.8869027052422336,0,NORMAL,1,val,0.5512155890464783,lstm-ae-bharati-v1
BRT,BRT_VIB_001,2026-03-02T01:45:00+00:00,0.9127428008656874,0,NORMAL,1,val,0.5441576838493347,lstm-ae-bharati-v1
BRT,BRT_VIB_001,2026-03-02T01:46:00+00:00,0.8757647573250891,0,NORMAL,1,val,0.526084840297699,lstm-ae-bharati-v1
BRT,BRT_VIB_001,2026-03-02T01:47:00+00:00,0.9084672541236172,0,NORMAL,1,val,0.5195198059082031,lstm-ae-bharati-v1
BRT,BRT_VIB_001,2026-03-02T01:48:00+00:00,0.8811428359661644,0,NORMAL,1,val,0.4993060231208801,lstm-ae-bharati-v1
BRT,BRT_VIB_001,2026-03-02T01:49:00+00:00,0.8894180227760936,0,NORMAL,1,val,0.47767484188079834,lstm-ae-bharati-v1
BRT,BRT_VIB_001,2026-03-02T01:50:00+00:00,0.9047231333592688,0,NORMAL,1,val,0.4795707166194916,lstm-ae-bharati-v1
BRT,BRT_VIB_001,2026-03-02T01:51:00+00:00,0.886425407363986,0,NORMAL,1,val,0.4613713026046753,lstm-ae-bharati-v1
BRT,BRT_VIB_001,2026-03-02T01:52:00+00:00,0.8934055156882856,0,NORMAL,1,val,0.4574374556541443,lstm-ae-bharati-v1
BRT,BRT_VIB_001,2026-03-02T01:53:00+00:00,0.8638458499929782,0,NORMAL,1,val,0.4378608465194702,lstm-ae-bharati-v1
BRT,BRT_VIB_001,2026-03-02T01:54:00+00:00,0.8577648502990337,0,NORMAL,1,val,0.4131275713443756,lstm-ae-bharati-v1
BRT,BRT_VIB_001,2026-03-02T01:55:00+00:00,0.8507439439430522,0,NORMAL,1,val,0.391909658908844,lstm-ae-bharati-v1
BRT,BRT_VIB_001,2026-03-02T01:56:00+00:00,0.8627034939203498,0,NORMAL,1,val,0.34475502371788025,lstm-ae-bharati-v1
BRT,BRT_VIB_001,2026-03-02T01:57:00+00:00,0.8388410926011294,0,NORMAL,1,val,0.27247491478919983,lstm-ae-bharati-v1
BRT,BRT_VIB_001,2026-03-02T01:58:00+00:00,0.8578370486086426,0,NORMAL,1,val,0.17919877171516418,lstm-ae-bharati-v1
BRT,BRT_VIB_001,2026-03-02T01:59:00+00:00,0.8424042041730706,0,NORMAL,0,val,0.026103725656867027,lstm-ae-bharati-v1
BRT,BRT_VIB_001,2026-03-02T02:00:00+00:00,0.823745189666862,0,NORMAL,0,val,0.0255962572991848,lstm-ae-bharati-v1
BRT,BRT_VIB_001,2026-03-02T02:01:00+00:00,0.8435084465538141,0,NORMAL,0,val,0.024180952459573746,lstm-ae-bharati-v1
BRT,BRT_VIB_001,2026-03-02T02:02:00+00:00,0.8406817334591657,0,NORMAL,0,val,0.020134786143898964,lstm-ae-bharati-v1
BRT,BRT_VIB_001,2026-03-02T02:03:00+00:00,0.827062227503861,0,NORMAL,0,val,0.019148362800478935,lstm-ae-bharati-v1
BRT,BRT_VIB_001,2026-03-02T02:04:00+00:00,0.8365598638541677,0,NORMAL,0,val,0.018059803172945976,lstm-ae-bharati-v1
BRT,BRT_VIB_001,2026-03-02T02:05:00+00:00,0.8266949523861139,0,NORMAL,0,val,0.017000209540128708,lstm-ae-bharati-v1
BRT,BRT_VIB_001,2026-03-02T02:06:00+00:00,0.8233972017845512,0,NORMAL,0,val,0.015507681295275688,lstm-ae-bharati-v1
BRT,BRT_VIB_001,2026-03-02T02:07:00+00:00,0.814980809413486,0,NORMAL,0,val,0.015893317759037018,lstm-ae-bharati-v1
BRT,BRT_VIB_001,2026-03-02T02:08:00+00:00,0.8026297198051975,0,NORMAL,0,val,0.014860834926366806,lstm-ae-bharati-v1
BRT,BRT_VIB_001,2026-03-02T02:09:00+00:00,0.7857602110292875,0,NORMAL,0,val,0.015827594324946404,lstm-ae-bharati-v1
BRT,BRT_VIB_001,2026-03-02T02:10:00+00:00,0.7963411364192235,0,NORMAL,0,val,0.015271109528839588,lstm-ae-bharati-v1
BRT,BRT_VIB_001,2026-03-02T02:11:00+00:00,0.778953419870222,0,NORMAL,0,val,0.017235061153769493,lstm-ae-bharati-v1
BRT,BRT_VIB_001,2026-03-02T02:12:00+00:00,0.7678630387543961,0,NORMAL,0,val,0.018806882202625275,lstm-ae-bharati-v1
BRT,BRT_VIB_001,2026-03-02T02:13:00+00:00,0.7779531730614422,0,NORMAL,0,val,0.018939172849059105,lstm-ae-bharati-v1
BRT,BRT_VIB_001,2026-03-02T02:14:00+00:00,0.74353833608308,0,NORMAL,0,val,0.026069121435284615,lstm-ae-bharati-v1
BRT,BRT_VIB_001,2026-03-02T02:15:00+00:00,0.7334914935586434,0,NORMAL,0,val,0.02879188396036625,lstm-ae-bharati-v1
BRT,BRT_VIB_001,2026-03-02T02:16:00+00:00,0.7483514713620552,0,NORMAL,0,val,0.031154556199908257,lstm-ae-bharati-v1
BRT,BRT_VIB_001,2026-03-02T02:17:00+00:00,0.7536952496522196,0,NORMAL,0,val,0.027945850044488907,lstm-ae-bharati-v1
BRT,BRT_VIB_001,2026-03-02T02:18:00+00:00,0.734189534080908,0,NORMAL,0,val,0.029791828244924545,lstm-ae-bharati-v1
BRT,BRT_VIB_001,2026-03-02T02:19:00+00:00,0.7719957844273558,0,NORMAL,0,val,0.031423017382621765,lstm-ae-bharati-v1
BRT,BRT_VIB_001,2026-03-02T02:56:00+00:00,0.6396287044135758,0,NORMAL,0,val,0.02017664723098278,lstm-ae-bharati-v1
BRT,BRT_VIB_001,2026-03-02T02:57:00+00:00,0.6467773854527756,0,NORMAL,0,val,0.018856720998883247,lstm-ae-bharati-v1
BRT,BRT_VIB_001,2026-03-02T02:58:00+00:00,0.6183986605851246,0,NORMAL,0,val,0.019487643614411354,lstm-ae-bharati-v1
BRT,BRT_VIB_001,2026-03-02T02:59:00+00:00,0.6268412761998405,0,NORMAL,0,val,0.019077250733971596,lstm-ae-bharati-v1
BRT,BRT_VIB_001,2026-03-02T03:00:00+00:00,0.6365441885554289,0,NORMAL,0,val,0.01925532892346382,lstm-ae-bharati-v1
BRT,BRT_VIB_001,2026-03-02T03:01:00+00:00,0.6482312797785418,0,NORMAL,0,val,0.017424065619707108,lstm-ae-bharati-v1
BRT,BRT_VIB_001,2026-03-02T03:02:00+00:00,0.6538945039646346,0,NORMAL,0,val,0.020903486758470535,lstm-ae-bharati-v1
BRT,BRT_VIB_001,2026-03-02T03:03:00+00:00,0.6444273889669454,0,NORMAL,0,val,0.02268715389072895,lstm-ae-bharati-v1
BRT,BRT_VIB_001,2026-03-02T03:04:00+00:00,0.6463616148155101,0,NORMAL,0,val,0.023519160225987434,lstm-ae-bharati-v1
BRT,BRT_VIB_001,2026-03-02T03:05:00+00:00,0.6476494535207968,0,NORMAL,0,val,0.02528253383934498,lstm-ae-bharati-v1
BRT,BRT_VIB_001,2026-03-02T03:06:00+00:00,0.6593147789337871,0,NORMAL,0,val,0.028378581628203392,lstm-ae-bharati-v1
BRT,BRT_VIB_001,2026-03-02T03:07:00+00:00,0.6403551060709892,0,NORMAL,0,val,0.028075547888875008,lstm-ae-bharati-v1
BRT,BRT_VIB_001,2026-03-02T03:08:00+00:00,0.6389852096335483,0,NORMAL,0,val,0.028938325121998787,lstm-ae-bharati-v1
BRT,BRT_VIB_001,2026-03-02T03:09:00+00:00,0.6740006056716579,0,NORMAL,0,val,0.03215111047029495,lstm-ae-bharati-v1
BRT,BRT_VIB_001,2026-03-02T03:10:00+00:00,0.6560510532443109,0,NORMAL,0,val,0.03329506888985634,lstm-ae-bharati-v1
BRT,BRT_VIB_001,2026-03-02T03:11:00+00:00,0.6664424190084426,0,NORMAL,0,val,0.037053462117910385,lstm-ae-bharati-v1
BRT,BRT_VIB_001,2026-03-02T03:12:00+00:00,0.6535169580683599,0,NORMAL,0,val,0.037626493722200394,lstm-ae-bharati-v1
BRT,BRT_VIB_001,2026-03-02T03:13:00+00:00,0.6713641160236947,0,NORMAL,0,val,0.03129633143544197,lstm-ae-bharati-v1
BRT,BRT_VIB_001,2026-03-02T03:14:00+00:00,0.6499058973118755,0,NORMAL,0,val,0.03029000759124756,lstm-ae-bharati-v1
BRT,BRT_VIB_001,2026-03-02T03:15:00+00:00,0.6516049583952065,0,NORMAL,0,val,0.024423161521553993,lstm-ae-bharati-v1
BRT,BRT_VIB_001,2026-03-02T03:16:00+00:00,0.6316961675305147,0,NORMAL,0,val,0.022192779928445816,lstm-ae-bharati-v1
BRT,BRT_VIB_001,2026-03-02T03:17:00+00:00,0.6198379010313544,0,NORMAL,0,val,0.02338995598256588,lstm-ae-bharati-v1
BRT,BRT_VIB_001,2026-03-02T03:18:00+00:00,0.6086990404061677,0,NORMAL,0,val,0.024301106110215187,lstm-ae-bharati-v1
BRT,BRT_VIB_001,2026-03-02T03:19:00+00:00,0.6102833103047819,0,NORMAL,0,val,0.028636058792471886,lstm-ae-bharati-v1
BRT,BRT_VIB_001,2026-03-02T03:20:00+00:00,0.6102833103047819,1,STUCK_VALUE,1,val,0.03198184818029404,lstm-ae-bharati-v1
BRT,BRT_VIB_001,2026-03-02T03:21:00+00:00,0.6102833103047819,1,STUCK_VALUE,1,val,0.034502219408750534,lstm-ae-bharati-v1
BRT,BRT_VIB_001,2026-03-02T03:22:00+00:00,0.6102833103047819,1,STUCK_VALUE,1,val,0.03645922243595123,lstm-ae-bharati-v1
BRT,BRT_VIB_001,2026-03-02T03:23:00+00:00,0.6102833103047819,1,STUCK_VALUE,1,val,0.03805021941661835,lstm-ae-bharati-v1
BRT,BRT_VIB_001,2026-03-02T03:24:00+00:00,0.6102833103047819,1,STUCK_VALUE,1,val,0.038840848952531815,lstm-ae-bharati-v1
BRT,BRT_VIB_001,2026-03-02T03:25:00+00:00,0.6102833103047819,1,STUCK_VALUE,1,val,0.03929191455245018,lstm-ae-bharati-v1
BRT,BRT_VIB_001,2026-03-02T03:26:00+00:00,0.6102833103047819,1,STUCK_VALUE,1,val,0.03866982087492943,lstm-ae-bharati-v1
BRT,BRT_VIB_001,2026-03-02T03:27:00+00:00,0.6102833103047819,1,STUCK_VALUE,1,val,0.037818875163793564,lstm-ae-bharati-v1
BRT,BRT_VIB_001,2026-03-02T03:28:00+00:00,0.6102833103047819,1,STUCK_VALUE,1,val,0.031049443408846855,lstm-ae-bharati-v1
BRT,BRT_VIB_001,2026-03-02T03:29:00+00:00,0.6102833103047819,1,STUCK_VALUE,1,val,0.025697778910398483,lstm-ae-bharati-v1
BRT,BRT_VIB_001,2026-03-02T03:30:00+00:00,0.6102833103047819,1,STUCK_VALUE,1,val,0.02238754741847515,lstm-ae-bharati-v1
BRT,BRT_VIB_001,2026-03-02T03:31:00+00:00,0.6102833103047819,1,STUCK_VALUE,1,val,0.02110634557902813,lstm-ae-bharati-v1
BRT,BRT_VIB_001,2026-03-02T03:32:00+00:00,0.6102833103047819,1,STUCK_VALUE,1,val,0.02031457982957363,lstm-ae-bharati-v1
BRT,BRT_VIB_001,2026-03-02T03:33:00+00:00,0.6102833103047819,1,STUCK_VALUE,1,val,0.018804268911480904,lstm-ae-bharati-v1
BRT,BRT_VIB_001,2026-03-02T03:34:00+00:00,0.6102833103047819,1,STUCK_VALUE,1,val,0.017932899296283722,lstm-ae-bharati-v1
BRT,BRT_VIB_001,2026-03-02T03:35:00+00:00,0.6102833103047819,1,STUCK_VALUE,1,val,0.01772305928170681,lstm-ae-bharati-v1
BRT,BRT_VIB_001,2026-03-02T03:36:00+00:00,0.6102833103047819,1,STUCK_VALUE,1,val,0.01773456111550331,lstm-ae-bharati-v1
BRT,BRT_VIB_001,2026-03-02T03:37:00+00:00,0.6102833103047819,1,STUCK_VALUE,1,val,0.017067361623048782,lstm-ae-bharati-v1
BRT,BRT_VIB_001,2026-03-02T03:38:00+00:00,0.6102833103047819,1,STUCK_VALUE,1,val,0.017155500128865242,lstm-ae-bharati-v1
BRT,BRT_VIB_001,2026-03-02T03:39:00+00:00,0.6102833103047819,1,STUCK_VALUE,1,val,0.015791675075888634,lstm-ae-bharati-v1
BRT,BRT_VIB_001,2026-03-02T03:40:00+00:00,0.6102833103047819,1,STUCK_VALUE,1,val,0.0159473679959774,lstm-ae-bharati-v1
BRT,BRT_VIB_001,2026-03-02T03:41:00+00:00,0.6102833103047819,1,STUCK_VALUE,1,val,0.013899903744459152,lstm-ae-bharati-v1
BRT,BRT_VIB_001,2026-03-02T03:42:00+00:00,0.6102833103047819,1,STUCK_VALUE,1,val,0.01293568592518568,lstm-ae-bharati-v1
BRT,BRT_VIB_001,2026-03-02T03:43:00+00:00,0.6102833103047819,1,STUCK_VALUE,1,val,0.0069226413033902645,lstm-ae-bharati-v1
BRT,BRT_VIB_001,2026-03-02T03:44:00+00:00,0.5959215827281708,0,NORMAL,1,val,0.0052115353755652905,lstm-ae-bharati-v1
BRT,BRT_VIB_001,2026-03-02T03:45:00+00:00,0.5816622785143273,0,NORMAL,1,val,0.0046004909090697765,lstm-ae-bharati-v1
BRT,BRT_VIB_001,2026-03-02T03:46:00+00:00,0.6025948514623127,0,NORMAL,1,val,0.004358096979558468,lstm-ae-bharati-v1
BRT,BRT_VIB_001,2026-03-02T03:47:00+00:00,0.6115000294491652,0,NORMAL,1,val,0.004726821091026068,lstm-ae-bharati-v1
BRT,BRT_VIB_001,2026-03-02T03:48:00+00:00,0.608958043546275,0,NORMAL,1,val,0.004512051586061716,lstm-ae-bharati-v1
BRT,BRT_VIB_001,2026-03-02T03:49:00+00:00,0.62457470159467,0,NORMAL,1,val,0.005363696254789829,lstm-ae-bharati-v1
BRT,BRT_VIB_001,2026-03-02T03:50:00+00:00,0.6314303220372397,0,NORMAL,1,val,0.0067026992328464985,lstm-ae-bharati-v1
BRT,BRT_VIB_001,2026-03-02T03:51:00+00:00,0.6546870364853108,0,NORMAL,1,val,0.011947834864258766,lstm-ae-bharati-v1
BRT,BRT_VIB_001,2026-03-02T03:52:00+00:00,0.6434945518985221,0,NORMAL,1,val,0.013514328747987747,lstm-ae-bharati-v1
BRT,BRT_VIB_001,2026-03-02T03:53:00+00:00,0.659080198253955,0,NORMAL,1,val,0.01712409220635891,lstm-ae-bharati-v1
BRT,BRT_VIB_001,2026-03-02T03:54:00+00:00,0.6326820401345414,0,NORMAL,1,val,0.016881495714187622,lstm-ae-bharati-v1
BRT,BRT_VIB_001,2026-03-02T03:55:00+00:00,0.6580251728569704,0,NORMAL,1,val,0.018582375720143318,lstm-ae-bharati-v1
BRT,BRT_VIB_001,2026-03-02T03:56:00+00:00,0.6607078373036304,0,NORMAL,1,val,0.019766611978411674,lstm-ae-bharati-v1
BRT,BRT_VIB_001,2026-03-02T03:57:00+00:00,0.675321627564042,0,NORMAL,1,val,0.022414926439523697,lstm-ae-bharati-v1
BRT,BRT_VIB_001,2026-03-02T03:58:00+00:00,0.6687415445856814,0,NORMAL,1,val,0.02262156456708908,lstm-ae-bharati-v1
BRT,BRT_VIB_001,2026-03-02T03:59:00+00:00,0.6579221425441455,0,NORMAL,1,val,0.021608471870422363,lstm-ae-bharati-v1
BRT,BRT_VIB_001,2026-03-02T04:00:00+00:00,0.6812095515885704,0,NORMAL,1,val,0.021768394857645035,lstm-ae-bharati-v1
BRT,BRT_VIB_001,2026-03-02T04:01:00+00:00,0.6622350662246764,0,NORMAL,1,val,0.020610501989722252,lstm-ae-bharati-v1
BRT,BRT_VIB_001,2026-03-02T04:02:00+00:00,0.6543759059397078,0,NORMAL,1,val,0.020423850044608116,lstm-ae-bharati-v1
BRT,BRT_VIB_001,2026-03-02T04:03:00+00:00,0.6938861661214583,0,NORMAL,1,val,0.020680714398622513,lstm-ae-bharati-v1
BRT,BRT_VIB_001,2026-03-02T04:04:00+00:00,0.6757544368334225,0,NORMAL,1,val,0.01983143948018551,lstm-ae-bharati-v1
BRT,BRT_VIB_001,2026-03-02T04:05:00+00:00,0.6765962063633012,0,NORMAL,1,val,0.019411209970712662,lstm-ae-bharati-v1
BRT,BRT_VIB_001,2026-03-02T04:06:00+00:00,0.6811747955469858,0,NORMAL,1,val,0.019258152693510056,lstm-ae-bharati-v1
BRT,BRT_VIB_001,2026-03-02T04:07:00+00:00,0.6845625208037324,0,NORMAL,1,val,0.019450167194008827,lstm-ae-bharati-v1
BRT,BRT_VIB_001,2026-03-02T04:08:00+00:00,0.7071408369817623,0,NORMAL,1,val,0.020198944956064224,lstm-ae-bharati-v1
BRT,BRT_VIB_001,2026-03-02T04:09:00+00:00,0.7050644361784068,0,NORMAL,1,val,0.020771829411387444,lstm-ae-bharati-v1
BRT,BRT_VIB_001,2026-03-02T04:10:00+00:00,0.6907843515985698,0,NORMAL,1,val,0.02221475914120674,lstm-ae-bharati-v1
BRT,BRT_VIB_001,2026-03-02T04:11:00+00:00,0.6847024390416672,0,NORMAL,1,val,0.02482183650135994,lstm-ae-bharati-v1
BRT,BRT_VIB_001,2026-03-02T04:12:00+00:00,0.6806466396502516,0,NORMAL,1,val,0.028230881318449974,lstm-ae-bharati-v1
BRT,BRT_VIB_001,2026-03-02T04:13:00+00:00,0.6947196618916666,0,NORMAL,0,val,0.030243830755352974,lstm-ae-bharati-v1
BRT,BRT_VIB_001,2026-03-02T04:14:00+00:00,0.6892010059649827,0,NORMAL,0,val,0.031004773452878,lstm-ae-bharati-v1
BRT,BRT_VIB_001,2026-03-02T04:15:00+00:00,0.6954208901053288,0,NORMAL,0,val,0.024028416723012924,lstm-ae-bharati-v1
BRT,BRT_VIB_001,2026-03-02T04:16:00+00:00,0.7088275553251094,0,NORMAL,0,val,0.020740913227200508,lstm-ae-bharati-v1
BRT,BRT_VIB_001,2026-03-02T04:17:00+00:00,0.7304516198517315,0,NORMAL,0,val,0.020034631714224815,lstm-ae-bharati-v1
BRT,BRT_VIB_001,2026-03-02T04:18:00+00:00,0.7399284721864053,0,NORMAL,0,val,0.018477678298950195,lstm-ae-bharati-v1
BRT,BRT_VIB_001,2026-03-02T04:19:00+00:00,0.7151333766083295,0,NORMAL,0,val,0.017305446788668633,lstm-ae-bharati-v1
BRT,BRT_HUM_001,2026-03-02T04:49:00+00:00,60.411638064445505,0,NORMAL,0,test,0.006842602510005236,lstm-ae-bharati-v1
BRT,BRT_HUM_001,2026-03-02T04:50:00+00:00,60.30607764029049,0,NORMAL,0,test,0.007134758401662111,lstm-ae-bharati-v1
BRT,BRT_HUM_001,2026-03-02T04:51:00+00:00,61.54822507312308,0,NORMAL,0,test,0.007553921081125736,lstm-ae-bharati-v1
BRT,BRT_HUM_001,2026-03-02T04:52:00+00:00,61.24373935353801,0,NORMAL,0,test,0.007353486493229866,lstm-ae-bharati-v1
BRT,BRT_HUM_001,2026-03-02T04:53:00+00:00,62.43287787003341,0,NORMAL,0,test,0.009012560360133648,lstm-ae-bharati-v1
BRT,BRT_HUM_001,2026-03-02T04:54:00+00:00,62.61300554606915,0,NORMAL,0,test,0.009519724175333977,lstm-ae-bharati-v1
BRT,BRT_HUM_001,2026-03-02T04:55:00+00:00,61.970017557839014,0,NORMAL,0,test,0.009173016995191574,lstm-ae-bharati-v1
BRT,BRT_HUM_001,2026-03-02T04:56:00+00:00,61.69589839102811,0,NORMAL,0,test,0.009169296361505985,lstm-ae-bharati-v1
BRT,BRT_HUM_001,2026-03-02T04:57:00+00:00,62.24084688840389,0,NORMAL,0,test,0.00916045717895031,lstm-ae-bharati-v1
BRT,BRT_HUM_001,2026-03-02T04:58:00+00:00,63.330893670957856,0,NORMAL,0,test,0.010519450530409813,lstm-ae-bharati-v1
BRT,BRT_HUM_001,2026-03-02T04:59:00+00:00,63.67546737805778,0,NORMAL,0,test,0.01165385078638792,lstm-ae-bharati-v1
BRT,BRT_HUM_001,2026-03-02T05:00:00+00:00,39.618849863579605,1,SPIKE,1,test,0.6297270655632019,lstm-ae-bharati-v1
BRT,BRT_HUM_001,2026-03-02T05:01:00+00:00,40.172933129622685,1,SPIKE,1,test,1.0904839038848877,lstm-ae-bharati-v1
BRT,BRT_HUM_001,2026-03-02T05:02:00+00:00,39.287357008309854,1,SPIKE,1,test,1.3985077142715454,lstm-ae-bharati-v1
BRT,BRT_HUM_001,2026-03-02T05:03:00+00:00,63.36816127507065,0,NORMAL,1,test,1.490619421005249,lstm-ae-bharati-v1
BRT,BRT_HUM_001,2026-03-02T05:04:00+00:00,62.12562099846895,0,NORMAL,1,test,1.5322719812393188,lstm-ae-bharati-v1
BRT,BRT_HUM_001,2026-03-02T05:05:00+00:00,63.30571424784416,0,NORMAL,1,test,1.5895564556121826,lstm-ae-bharati-v1
BRT,BRT_HUM_001,2026-03-02T05:06:00+00:00,61.93523333064824,0,NORMAL,1,test,1.6130355596542358,lstm-ae-bharati-v1
BRT,BRT_HUM_001,2026-03-02T05:07:00+00:00,62.72868715940984,0,NORMAL,1,test,1.6470435857772827,lstm-ae-bharati-v1
BRT,BRT_HUM_001,2026-03-02T05:08:00+00:00,62.147340314416965,0,NORMAL,1,test,1.6711610555648804,lstm-ae-bharati-v1
BRT,BRT_HUM_001,2026-03-02T05:09:00+00:00,61.85775884898948,0,NORMAL,1,test,1.6893061399459839,lstm-ae-bharati-v1
BRT,BRT_HUM_001,2026-03-02T05:10:00+00:00,63.54641766083279,0,NORMAL,1,test,1.722779631614685,lstm-ae-bharati-v1
BRT,BRT_HUM_001,2026-03-02T05:11:00+00:00,63.20564957791113,0,NORMAL,1,test,1.7466728687286377,lstm-ae-bharati-v1
BRT,BRT_HUM_001,2026-03-02T05:12:00+00:00,62.99011679082909,0,NORMAL,1,test,1.7638298273086548,lstm-ae-bharati-v1
BRT,BRT_HUM_001,2026-03-02T05:13:00+00:00,62.4080494411605,0,NORMAL,1,test,1.7720777988433838,lstm-ae-bharati-v1
BRT,BRT_HUM_001,2026-03-02T05:14:00+00:00,62.57440768782354,0,NORMAL,1,test,1.7769930362701416,lstm-ae-bharati-v1
BRT,BRT_HUM_001,2026-03-02T05:15:00+00:00,63.15803248202196,0,NORMAL,1,test,1.7787140607833862,lstm-ae-bharati-v1
BRT,BRT_HUM_001,2026-03-02T05:16:00+00:00,63.7461033429106,0,NORMAL,1,test,1.7804960012435913,lstm-ae-bharati-v1
BRT,BRT_HUM_001,2026-03-02T05:17:00+00:00,63.092426487890414,0,NORMAL,1,test,1.777158260345459,lstm-ae-bharati-v1
BRT,BRT_HUM_001,2026-03-02T05:18:00+00:00,63.984216905042025,0,NORMAL,1,test,1.7739852666854858,lstm-ae-bharati-v1
BRT,BRT_HUM_001,2026-03-02T05:19:00+00:00,64.17720771420056,0,NORMAL,1,test,1.7657264471054077,lstm-ae-bharati-v1
BRT,BRT_HUM_001,2026-03-02T05:20:00+00:00,64.53910086206625,0,NORMAL,1,test,1.7549822330474854,lstm-ae-bharati-v1
BRT,BRT_HUM_001,2026-03-02T05:21:00+00:00,64.50326866701914,0,NORMAL,1,test,1.7297395467758179,lstm-ae-bharati-v1
BRT,BRT_HUM_001,2026-03-02T05:22:00+00:00,65.01679894529657,0,NORMAL,1,test,1.703268051147461,lstm-ae-bharati-v1
BRT,BRT_HUM_001,2026-03-02T05:23:00+00:00,65.10732105055469,0,NORMAL,1,test,1.658625841140747,lstm-ae-bharati-v1
BRT,BRT_HUM_001,2026-03-02T05:24:00+00:00,64.7925041097618,0,NORMAL,1,test,1.60894775390625,lstm-ae-bharati-v1
BRT,BRT_HUM_001,2026-03-02T05:25:00+00:00,65.01917017610077,0,NORMAL,1,test,1.5704091787338257,lstm-ae-bharati-v1
BRT,BRT_HUM_001,2026-03-02T05:26:00+00:00,65.12019888137472,0,NORMAL,1,test,1.5394648313522339,lstm-ae-bharati-v1
BRT,BRT_HUM_001,2026-03-02T05:27:00+00:00,65.62600368774456,0,NORMAL,1,test,1.5083197355270386,lstm-ae-bharati-v1
BRT,BRT_HUM_001,2026-03-02T05:28:00+00:00,66.05170168453908,0,NORMAL,1,test,1.4684923887252808,lstm-ae-bharati-v1
BRT,BRT_HUM_001,2026-03-02T05:29:00+00:00,65.71960333425356,0,NORMAL,1,test,1.4398728609085083,lstm-ae-bharati-v1
BRT,BRT_HUM_001,2026-03-02T05:30:00+00:00,65.38859791112587,0,NORMAL,1,test,1.029125452041626,lstm-ae-bharati-v1
BRT,BRT_HUM_001,2026-03-02T05:31:00+00:00,65.45108686129039,0,NORMAL,1,test,0.5983920693397522,lstm-ae-bharati-v1
BRT,BRT_HUM_001,2026-03-02T05:32:00+00:00,66.06078230830599,0,NORMAL,0,test,0.011210916563868523,lstm-ae-bharati-v1
BRT,BRT_HUM_001,2026-03-02T05:33:00+00:00,66.1231965745713,0,NORMAL,0,test,0.008465329185128212,lstm-ae-bharati-v1
BRT,BRT_HUM_001,2026-03-02T05:34:00+00:00,65.95524223761988,0,NORMAL,0,test,0.00785026978701353,lstm-ae-bharati-v1
BRT,BRT_HUM_001,2026-03-02T05:35:00+00:00,66.22646410206349,0,NORMAL,0,test,0.006007530260831118,lstm-ae-bharati-v1
BRT,BRT_HUM_001,2026-03-02T05:36:00+00:00,66.26520162349475,0,NORMAL,0,test,0.0056817298755049706,lstm-ae-bharati-v1
BRT,BRT_HUM_001,2026-03-02T05:37:00+00:00,65.38168070630238,0,NORMAL,0,test,0.00752229755744338,lstm-ae-bharati-v1
BRT,BRT_HUM_001,2026-03-02T05:38:00+00:00,65.62221509009882,0,NORMAL,0,test,0.008226608857512474,lstm-ae-bharati-v1
BRT,BRT_HUM_001,2026-03-02T05:39:00+00:00,66.35441034955075,0,NORMAL,0,test,0.0062034172005951405,lstm-ae-bharati-v1
BRT,BRT_HUM_001,2026-03-02T05:40:00+00:00,66.17389966051299,0,NORMAL,0,test,0.00604440039023757,lstm-ae-bharati-v1
BRT,BRT_HUM_001,2026-03-02T05:41:00+00:00,67.02998029204635,0,NORMAL,0,test,0.006788948550820351,lstm-ae-bharati-v1
BRT,BRT_HUM_001,2026-03-02T05:42:00+00:00,66.67078622055752,0,NORMAL,0,test,0.007699142675846815,lstm-ae-bharati-v1
BRT,BRT_HUM_001,2026-03-02T05:43:00+00:00,67.73711031671102,0,NORMAL,0,test,0.008396919816732407,lstm-ae-bharati-v1
BRT,BRT_HUM_001,2026-03-02T05:44:00+00:00,67.46026959238023,0,NORMAL,0,test,0.00770430825650692,lstm-ae-bharati-v1
BRT,BRT_HUM_001,2026-03-02T05:45:00+00:00,67.37856058043016,0,NORMAL,0,test,0.007620699238032103,lstm-ae-bharati-v1
BRT,BRT_HUM_001,2026-03-02T05:46:00+00:00,67.05419602472253,0,NORMAL,0,test,0.008274462074041367,lstm-ae-bharati-v1
BRT,BRT_HUM_001,2026-03-02T05:47:00+00:00,66.80656893047525,0,NORMAL,0,test,0.006856120191514492,lstm-ae-bharati-v1
BRT,BRT_HUM_001,2026-03-02T05:48:00+00:00,67.2510509083588,0,NORMAL,0,test,0.006626273039728403,lstm-ae-bharati-v1
BRT,BRT_HUM_001,2026-03-02T05:49:00+00:00,67.31620415549878,0,NORMAL,0,test,0.006399159785360098,lstm-ae-bharati-v1
BRT,BRT_HUM_001,2026-03-02T05:50:00+00:00,66.99727454157342,0,NORMAL,0,test,0.0065268282778561115,lstm-ae-bharati-v1
BRT,BRT_HUM_001,2026-03-02T05:51:00+00:00,67.89999920191391,0,NORMAL,0,test,0.006385060027241707,lstm-ae-bharati-v1
BRT,BRT_HUM_001,2026-03-02T05:52:00+00:00,67.85166887843978,0,NORMAL,0,test,0.0065924678929150105,lstm-ae-bharati-v1
BRT,BRT_HUM_001,2026-03-02T05:53:00+00:00,67.16248825670878,0,NORMAL,0,test,0.007036746479570866,lstm-ae-bharati-v1
BRT,BRT_HUM_001,2026-03-02T05:54:00+00:00,66.79209644298493,0,NORMAL,0,test,0.007627876475453377,lstm-ae-bharati-v1
BRT,BRT_HUM_001,2026-03-02T05:55:00+00:00,67.1476912430684,0,NORMAL,0,test,0.007381412200629711,lstm-ae-bharati-v1
BRT,BRT_HUM_001,2026-03-02T05:56:00+00:00,67.29632989855209,0,NORMAL,0,test,0.006865893490612507,lstm-ae-bharati-v1
BRT,BRT_HUM_001,2026-03-02T05:57:00+00:00,67.21410261939634,0,NORMAL,0,test,0.006702923681586981,lstm-ae-bharati-v1
BRT,BRT_HUM_001,2026-03-02T05:58:00+00:00,67.24322902969348,0,NORMAL,0,test,0.006534588523209095,lstm-ae-bharati-v1
BRT,BRT_HUM_001,2026-03-02T05:59:00+00:00,66.25127389798645,0,NORMAL,0,test,0.008751737885177135,lstm-ae-bharati-v1
BRT,BRT_HUM_001,2026-03-02T06:00:00+00:00,67.10374316880656,1,DRIFT,1,test,0.008241139352321625,lstm-ae-bharati-v1
BRT,BRT_HUM_001,2026-03-02T06:01:00+00:00,66.50069882429949,1,DRIFT,1,test,0.008686181157827377,lstm-ae-bharati-v1
BRT,BRT_HUM_001,2026-03-02T06:02:00+00:00,66.82491441569722,1,DRIFT,1,test,0.008668074384331703,lstm-ae-bharati-v1
BRT,BRT_HUM_001,2026-03-02T06:03:00+00:00,66.67764797954668,1,DRIFT,1,test,0.008824794553220272,lstm-ae-bharati-v1
BRT,BRT_HUM_001,2026-03-02T06:04:00+00:00,66.74210419853979,1,DRIFT,1,test,0.008762272074818611,lstm-ae-bharati-v1
BRT,BRT_HUM_001,2026-03-02T06:05:00+00:00,66.43721273940828,1,DRIFT,1,test,0.00925951637327671,lstm-ae-bharati-v1
BRT,BRT_HUM_001,2026-03-02T06:06:00+00:00,65.70527641057157,1,DRIFT,1,test,0.010591341182589531,lstm-ae-bharati-v1
BRT,BRT_HUM_001,2026-03-02T06:07:00+00:00,64.54126969338519,1,DRIFT,1,test,0.0130379693582654,lstm-ae-bharati-v1
BRT,BRT_HUM_001,2026-03-02T06:08:00+00:00,64.17287406756974,1,DRIFT,1,test,0.015296133235096931,lstm-ae-bharati-v1
BRT,BRT_HUM_001,2026-03-02T06:09:00+00:00,63.59212593828691,1,DRIFT,1,test,0.018984181806445122,lstm-ae-bharati-v1
BRT,BRT_HUM_001,2026-03-02T06:10:00+00:00,63.8306355541996,1,DRIFT,1,test,0.01922028511762619,lstm-ae-bharati-v1
BRT,BRT_HUM_001,2026-03-02T06:11:00+00:00,63.49121578172155,1,DRIFT,1,test,0.019738702103495598,lstm-ae-bharati-v1
BRT,BRT_HUM_001,2026-03-02T06:12:00+00:00,63.56560440113935,1,DRIFT,1,test,0.019420454278588295,lstm-ae-bharati-v1
BRT,BRT_HUM_001,2026-03-02T06:13:00+00:00,63.41798073121971,1,DRIFT,1,test,0.01868286356329918,lstm-ae-bharati-v1
BRT,BRT_HUM_001,2026-03-02T06:14:00+00:00,62.22260039195278,1,DRIFT,1,test,0.020602824166417122,lstm-ae-bharati-v1
BRT,BRT_HUM_001,2026-03-02T06:15:00+00:00,62.34604680812841,1,DRIFT,1,test,0.020212365314364433,lstm-ae-bharati-v1
BRT,BRT_HUM_001,2026-03-02T06:16:00+00:00,61.059737089180786,1,DRIFT,1,test,0.022860242053866386,lstm-ae-bharati-v1
BRT,BRT_HUM_001,2026-03-02T06:17:00+00:00,61.87983095566544,1,DRIFT,1,test,0.021313287317752838,lstm-ae-bharati-v1
BRT,BRT_HUM_001,2026-03-02T06:18:00+00:00,60.96225554525736,1,DRIFT,1,test,0.02222815714776516,lstm-ae-bharati-v1
BRT,BRT_HUM_001,2026-03-02T06:19:00+00:00,61.64313834981134,1,DRIFT,1,test,0.02066224068403244,lstm-ae-bharati-v1
BRT,BRT_HUM_001,2026-03-02T06:20:00+00:00,60.25205518437273,1,DRIFT,1,test,0.02288731373846531,lstm-ae-bharati-v1
BRT,BRT_HUM_001,2026-03-02T06:21:00+00:00,60.80793199261484,1,DRIFT,1,test,0.022375207394361496,lstm-ae-bharati-v1
BRT,BRT_HUM_001,2026-03-02T06:22:00+00:00,60.22613213298803,1,DRIFT,1,test,0.02186059020459652,lstm-ae-bharati-v1
BRT,BRT_HUM_001,2026-03-02T06:23:00+00:00,59.08340340071644,1,DRIFT,1,test,0.024384435266256332,lstm-ae-bharati-v1
BRT,BRT_HUM_001,2026-03-02T06:24:00+00:00,58.912615226234934,1,DRIFT,1,test,0.026889720931649208,lstm-ae-bharati-v1
BRT,BRT_HUM_001,2026-03-02T06:25:00+00:00,57.87174724764919,1,DRIFT,1,test,0.032651372253894806,lstm-ae-bharati-v1
BRT,BRT_HUM_001,2026-03-02T06:26:00+00:00,57.62887108370656,1,DRIFT,1,test,0.036969881504774094,lstm-ae-bharati-v1
BRT,BRT_HUM_001,2026-03-02T06:27:00+00:00,57.24453677619475,1,DRIFT,1,test,0.04096169397234917,lstm-ae-bharati-v1
BRT,BRT_HUM_001,2026-03-02T06:28:00+00:00,56.99917641522223,1,DRIFT,1,test,0.042691849172115326,lstm-ae-bharati-v1
BRT,BRT_HUM_001,2026-03-02T06:29:00+00:00,55.60400617759585,1,DRIFT,1,test,0.052232034504413605,lstm-ae-bharati-v1
BRT,BRT_HUM_001,2026-03-02T06:30:00+00:00,65.7333841000286,0,NORMAL,1,test,0.130923792719841,lstm-ae-bharati-v1
BRT,BRT_HUM_001,2026-03-02T06:31:00+00:00,64.7813082530494,0,NORMAL,1,test,0.1921221762895584,lstm-ae-bharati-v1
BRT,BRT_HUM_001,2026-03-02T06:32:00+00:00,65.19457367196205,0,NORMAL,1,test,0.243373841047287,lstm-ae-bharati-v1
BRT,BRT_HUM_001,2026-03-02T06:33:00+00:00,65.02454699611238,0,NORMAL,1,test,0.2759733200073242,lstm-ae-bharati-v1
BRT,BRT_HUM_001,2026-03-02T06:34:00+00:00,65.45219505394901,0,NORMAL,1,test,0.3008808195590973,lstm-ae-bharati-v1
BRT,BRT_HUM_001,2026-03-02T06:35:00+00:00,64.20799642496571,0,NORMAL,1,test,0.30508366227149963,lstm-ae-bharati-v1
BRT,BRT_HUM_001,2026-03-02T06:36:00+00:00,63.71660323819775,0,NORMAL,1,test,0.30433592200279236,lstm-ae-bharati-v1
BRT,BRT_HUM_001,2026-03-02T06:37:00+00:00,64.05384932832254,0,NORMAL,1,test,0.30690643191337585,lstm-ae-bharati-v1
BRT,BRT_HUM_001,2026-03-02T06:38:00+00:00,63.36407460355116,0,NORMAL,1,test,0.304862916469574,lstm-ae-bharati-v1
BRT,BRT_HUM_001,2026-03-02T06:39:00+00:00,63.33948113768922,0,NORMAL,1,test,0.30130478739738464,lstm-ae-bharati-v1
BRT,BRT_HUM_001,2026-03-02T06:40:00+00:00,63.47162395487935,0,NORMAL,1,test,0.2912164330482483,lstm-ae-bharati-v1
BRT,BRT_HUM_001,2026-03-02T06:41:00+00:00,63.728049749081826,0,NORMAL,1,test,0.2788982391357422,lstm-ae-bharati-v1
BRT,BRT_HUM_001,2026-03-02T06:42:00+00:00,63.596287234863624,0,NORMAL,1,test,0.262465238571167,lstm-ae-bharati-v1
BRT,BRT_HUM_001,2026-03-02T06:43:00+00:00,63.55699671651489,0,NORMAL,1,test,0.2441173642873764,lstm-ae-bharati-v1
BRT,BRT_HUM_001,2026-03-02T06:44:00+00:00,62.72582097031208,0,NORMAL,1,test,0.2379060834646225,lstm-ae-bharati-v1
BRT,BRT_HUM_001,2026-03-02T06:45:00+00:00,63.383011627229536,0,NORMAL,1,test,0.22523625195026398,lstm-ae-bharati-v1
BRT,BRT_HUM_001,2026-03-02T06:46:00+00:00,62.724408639265,0,NORMAL,1,test,0.22438886761665344,lstm-ae-bharati-v1
BRT,BRT_HUM_001,2026-03-02T06:47:00+00:00,62.91986777268317,0,NORMAL,1,test,0.21709729731082916,lstm-ae-bharati-v1
BRT,BRT_HUM_001,2026-03-02T06:48:00+00:00,63.22213801612872,0,NORMAL,1,test,0.21371714770793915,lstm-ae-bharati-v1
BRT,BRT_HUM_001,2026-03-02T06:49:00+00:00,62.59688285353667,0,NORMAL,1,test,0.2111462652683258,lstm-ae-bharati-v1
BRT,BRT_HUM_001,2026-03-02T06:50:00+00:00,62.63449460668673,0,NORMAL,1,test,0.21360673010349274,lstm-ae-bharati-v1
BRT,BRT_HUM_001,2026-03-02T06:51:00+00:00,62.582834389595874,0,NORMAL,1,test,0.21555493772029877,lstm-ae-bharati-v1
BRT,BRT_HUM_001,2026-03-02T06:52:00+00:00,61.63921912608837,0,NORMAL,1,test,0.223804771900177,lstm-ae-bharati-v1
BRT,BRT_HUM_001,2026-03-02T06:53:00+00:00,62.493153104072654,0,NORMAL,1,test,0.22519062459468842,lstm-ae-bharati-v1
BRT,BRT_HUM_001,2026-03-02T06:54:00+00:00,62.42977662951822,0,NORMAL,1,test,0.22428040206432343,lstm-ae-bharati-v1
BRT,BRT_HUM_001,2026-03-02T06:55:00+00:00,62.62172974698894,0,NORMAL,1,test,0.2123364806175232,lstm-ae-bharati-v1
BRT,BRT_HUM_001,2026-03-02T06:56:00+00:00,61.58666172816813,0,NORMAL,1,test,0.19365796446800232,lstm-ae-bharati-v1
BRT,BRT_HUM_001,2026-03-02T06:57:00+00:00,61.83017399047841,0,NORMAL,1,test,0.15959729254245758,lstm-ae-bharati-v1
BRT,BRT_HUM_001,2026-03-02T06:58:00+00:00,61.94134402717675,0,NORMAL,1,test,0.10688839107751846,lstm-ae-bharati-v1
BRT,BRT_HUM_001,2026-03-02T06:59:00+00:00,61.86897904214361,0,NORMAL,0,test,0.008202224038541317,lstm-ae-bharati-v1
BRT,BRT_HUM_001,2026-03-02T07:00:00+00:00,61.871011267448395,0,NORMAL,0,test,0.007305970881134272,lstm-ae-bharati-v1
BRT,BRT_HUM_001,2026-03-02T07:01:00+00:00,61.05182894822506,0,NORMAL,0,test,0.00779589032754302,lstm-ae-bharati-v1
BRT,BRT_HUM_001,2026-03-02T07:02:00+00:00,62.44690618747163,0,NORMAL,0,test,0.008149628527462482,lstm-ae-bharati-v1
BRT,BRT_HUM_001,2026-03-02T07:03:00+00:00,61.10758706254669,0,NORMAL,0,test,0.0076371533796191216,lstm-ae-bharati-v1
BRT,BRT_HUM_001,2026-03-02T07:04:00+00:00,61.628255428005865,0,NORMAL,0,test,0.005012795329093933,lstm-ae-bharati-v1
BRT,BRT_HUM_001,2026-03-02T07:05:00+00:00,61.62545459054852,0,NORMAL,0,test,0.004938922822475433,lstm-ae-bharati-v1
BRT,BRT_HUM_001,2026-03-02T07:06:00+00:00,61.7073507036817,0,NORMAL,0,test,0.0051955231465399265,lstm-ae-bharati-v1
BRT,BRT_HUM_001,2026-03-02T07:07:00+00:00,61.14693137092925,0,NORMAL,0,test,0.005200313404202461,lstm-ae-bharati-v1
BRT,BRT_HUM_001,2026-03-02T07:08:00+00:00,61.033147935595345,0,NORMAL,0,test,0.005409118719398975,lstm-ae-bharati-v1
BRT,BRT_HUM_001,2026-03-02T07:09:00+00:00,60.93842314653723,0,NORMAL,0,test,0.00556288193911314,lstm-ae-bharati-v1
BRT,BRT_HUM_001,2026-03-02T07:10:00+00:00,60.66141195840645,0,NORMAL,0,test,0.005785703659057617,lstm-ae-bharati-v1
BRT,BRT_HUM_001,2026-03-02T07:11:00+00:00,61.04598568124863,0,NORMAL,0,test,0.005508832633495331,lstm-ae-bharati-v1
BRT,BRT_HUM_001,2026-03-02T07:12:00+00:00,60.61429871587563,0,NORMAL,0,test,0.005427958443760872,lstm-ae-bharati-v1
BRT,BRT_HUM_001,2026-03-02T07:13:00+00:00,60.2552329357217,0,NORMAL,0,test,0.0054951380006968975,lstm-ae-bharati-v1
BRT,BRT_HUM_001,2026-03-02T07:14:00+00:00,59.381734903441235,0,NORMAL,0,test,0.00717556057497859,lstm-ae-bharati-v1
BRT,BRT_HUM_001,2026-03-02T07:15:00+00:00,59.911344451277465,0,NORMAL,0,test,0.0069692498072981834,lstm-ae-bharati-v1
BRT,BRT_HUM_001,2026-03-02T07:16:00+00:00,59.57333473257928,0,NORMAL,0,test,0.007180972024798393,lstm-ae-bharati-v1
BRT,BRT_HUM_001,2026-03-02T07:17:00+00:00,59.51583560763809,0,NORMAL,0,test,0.007199127692729235,lstm-ae-bharati-v1
BRT,BRT_HUM_001,2026-03-02T07:18:00+00:00,58.86812352956973,0,NORMAL,0,test,0.007816358469426632,lstm-ae-bharati-v1
BRT,BRT_HUM_001,2026-03-02T07:19:00+00:00,59.996973425125645,0,NORMAL,0,test,0.007645125035196543,lstm-ae-bharati-v1
BRT,BRT_HUM_001,2026-03-02T07:55:00+00:00,55.6586354413962,0,NORMAL,0,test,0.016219262033700943,lstm-ae-bharati-v1
BRT,BRT_HUM_001,2026-03-02T07:56:00+00:00,54.82785941714225,0,NORMAL,0,test,0.01680731028318405,lstm-ae-bharati-v1
BRT,BRT_HUM_001,2026-03-02T07:57:00+00:00,54.9290948241464,0,NORMAL,0,test,0.015150254592299461,lstm-ae-bharati-v1
BRT,BRT_HUM_001,2026-03-02T07:58:00+00:00,54.66805970890117,0,NORMAL,0,test,0.012718741782009602,lstm-ae-bharati-v1
BRT,BRT_HUM_001,2026-03-02T07:59:00+00:00,54.21971933145221,0,NORMAL,0,test,0.013140575960278511,lstm-ae-bharati-v1
BRT,BRT_HUM_001,2026-03-02T08:00:00+00:00,54.78487303878646,0,NORMAL,0,test,0.013645322993397713,lstm-ae-bharati-v1
BRT,BRT_HUM_001,2026-03-02T08:01:00+00:00,53.92729551645319,0,NORMAL,0,test,0.013759614899754524,lstm-ae-bharati-v1
BRT,BRT_HUM_001,2026-03-02T08:02:00+00:00,53.316649172501606,0,NORMAL,0,test,0.014507010579109192,lstm-ae-bharati-v1
BRT,BRT_HUM_001,2026-03-02T08:03:00+00:00,53.477823995001465,0,NORMAL,0,test,0.016262587159872055,lstm-ae-bharati-v1
BRT,BRT_HUM_001,2026-03-02T08:04:00+00:00,53.547539547868446,0,NORMAL,0,test,0.01761135272681713,lstm-ae-bharati-v1
BRT,BRT_HUM_001,2026-03-02T08:05:00+00:00,53.391617048679905,0,NORMAL,0,test,0.017366183921694756,lstm-ae-bharati-v1
BRT,BRT_HUM_001,2026-03-02T08:06:00+00:00,54.8779477368833,0,NORMAL,0,test,0.01728401891887188,lstm-ae-bharati-v1
BRT,BRT_HUM_001,2026-03-02T08:07:00+00:00,54.70503147265568,0,NORMAL,0,test,0.01724337786436081,lstm-ae-bharati-v1
BRT,BRT_HUM_001,2026-03-02T08:08:00+00:00,54.71492931355095,0,NORMAL,0,test,0.017347069457173347,lstm-ae-bharati-v1
BRT,BRT_HUM_001,2026-03-02T08:09:00+00:00,53.619407180385586,0,NORMAL,0,test,0.017590662464499474,lstm-ae-bharati-v1
BRT,BRT_HUM_001,2026-03-02T08:10:00+00:00,54.69036247816833,0,NORMAL,0,test,0.017492998391389847,lstm-ae-bharati-v1
BRT,BRT_HUM_001,2026-03-02T08:11:00+00:00,54.68365756757595,0,NORMAL,0,test,0.017197197303175926,lstm-ae-bharati-v1
BRT,BRT_HUM_001,2026-03-02T08:12:00+00:00,54.45181648643855,0,NORMAL,0,test,0.016732942312955856,lstm-ae-bharati-v1
BRT,BRT_HUM_001,2026-03-02T08:13:00+00:00,53.859342750950454,0,NORMAL,0,test,0.016086552292108536,lstm-ae-bharati-v1
BRT,BRT_HUM_001,2026-03-02T08:14:00+00:00,54.01422336926112,0,NORMAL,0,test,0.014964010566473007,lstm-ae-bharati-v1
BRT,BRT_HUM_001,2026-03-02T08:15:00+00:00,53.862220744890614,0,NORMAL,0,test,0.014466456137597561,lstm-ae-bharati-v1
BRT,BRT_HUM_001,2026-03-02T08:16:00+00:00,53.16482625860671,0,NORMAL,0,test,0.014252277091145515,lstm-ae-bharati-v1
BRT,BRT_HUM_001,2026-03-02T08:17:00+00:00,53.185867730507915,0,NORMAL,0,test,0.014378472231328487,lstm-ae-bharati-v1
BRT,BRT_HUM_001,2026-03-02T08:18:00+00:00,52.67308613770801,0,NORMAL,0,test,0.014853226952254772,lstm-ae-bharati-v1
BRT,BRT_HUM_001,2026-03-02T08:19:00+00:00,52.784823198901,0,NORMAL,0,test,0.014469683170318604,lstm-ae-bharati-v1
BRT,BRT_HUM_001,2026-03-02T08:20:00+00:00,52.784823198901,1,STUCK_VALUE,1,test,0.014916781336069107,lstm-ae-bharati-v1
BRT,BRT_HUM_001,2026-03-02T08:21:00+00:00,52.784823198901,1,STUCK_VALUE,1,test,0.014812626875936985,lstm-ae-bharati-v1
BRT,BRT_HUM_001,2026-03-02T08:22:00+00:00,52.784823198901,1,STUCK_VALUE,1,test,0.013361813500523567,lstm-ae-bharati-v1
BRT,BRT_HUM_001,2026-03-02T08:23:00+00:00,52.784823198901,1,STUCK_VALUE,1,test,0.013793325051665306,lstm-ae-bharati-v1
BRT,BRT_HUM_001,2026-03-02T08:24:00+00:00,52.784823198901,1,STUCK_VALUE,1,test,0.013637798838317394,lstm-ae-bharati-v1
BRT,BRT_HUM_001,2026-03-02T08:25:00+00:00,52.784823198901,1,STUCK_VALUE,1,test,0.013115481473505497,lstm-ae-bharati-v1
BRT,BRT_HUM_001,2026-03-02T08:26:00+00:00,52.784823198901,1,STUCK_VALUE,1,test,0.013254407793283463,lstm-ae-bharati-v1
BRT,BRT_HUM_001,2026-03-02T08:27:00+00:00,52.784823198901,1,STUCK_VALUE,1,test,0.013225837610661983,lstm-ae-bharati-v1
BRT,BRT_HUM_001,2026-03-02T08:28:00+00:00,52.784823198901,1,STUCK_VALUE,1,test,0.0131891630589962,lstm-ae-bharati-v1
BRT,BRT_HUM_001,2026-03-02T08:29:00+00:00,52.784823198901,1,STUCK_VALUE,1,test,0.0131384851410985,lstm-ae-bharati-v1
BRT,BRT_HUM_001,2026-03-02T08:30:00+00:00,52.784823198901,1,STUCK_VALUE,1,test,0.012902182526886463,lstm-ae-bharati-v1
BRT,BRT_HUM_001,2026-03-02T08:31:00+00:00,52.784823198901,1,STUCK_VALUE,1,test,0.012230543419718742,lstm-ae-bharati-v1
BRT,BRT_HUM_001,2026-03-02T08:32:00+00:00,52.784823198901,1,STUCK_VALUE,1,test,0.010174266062676907,lstm-ae-bharati-v1
BRT,BRT_HUM_001,2026-03-02T08:33:00+00:00,52.784823198901,1,STUCK_VALUE,1,test,0.0083953607827425,lstm-ae-bharati-v1
BRT,BRT_HUM_001,2026-03-02T08:34:00+00:00,52.784823198901,1,STUCK_VALUE,1,test,0.006819410715252161,lstm-ae-bharati-v1
BRT,BRT_HUM_001,2026-03-02T08:35:00+00:00,52.784823198901,1,STUCK_VALUE,1,test,0.005306029226630926,lstm-ae-bharati-v1
BRT,BRT_HUM_001,2026-03-02T08:36:00+00:00,52.784823198901,1,STUCK_VALUE,1,test,0.005348934791982174,lstm-ae-bharati-v1
BRT,BRT_HUM_001,2026-03-02T08:37:00+00:00,52.784823198901,1,STUCK_VALUE,1,test,0.00525749521329999,lstm-ae-bharati-v1
BRT,BRT_HUM_001,2026-03-02T08:38:00+00:00,52.784823198901,1,STUCK_VALUE,1,test,0.004806399345397949,lstm-ae-bharati-v1
BRT,BRT_HUM_001,2026-03-02T08:39:00+00:00,52.784823198901,1,STUCK_VALUE,1,test,0.004721902776509523,lstm-ae-bharati-v1
BRT,BRT_HUM_001,2026-03-02T08:40:00+00:00,52.784823198901,1,STUCK_VALUE,1,test,0.004103587940335274,lstm-ae-bharati-v1
BRT,BRT_HUM_001,2026-03-02T08:41:00+00:00,52.784823198901,1,STUCK_VALUE,1,test,0.00297308131121099,lstm-ae-bharati-v1
BRT,BRT_HUM_001,2026-03-02T08:42:00+00:00,52.784823198901,1,STUCK_VALUE,1,test,0.0019989502616226673,lstm-ae-bharati-v1
BRT,BRT_HUM_001,2026-03-02T08:43:00+00:00,52.784823198901,1,STUCK_VALUE,1,test,0.001774636679328978,lstm-ae-bharati-v1
BRT,BRT_HUM_001,2026-03-02T08:44:00+00:00,52.667115275941626,0,NORMAL,1,test,0.001167299342341721,lstm-ae-bharati-v1
BRT,BRT_HUM_001,2026-03-02T08:45:00+00:00,53.177097096135,0,NORMAL,1,test,0.0007946147816255689,lstm-ae-bharati-v1
BRT,BRT_HUM_001,2026-03-02T08:46:00+00:00,53.78070740625659,0,NORMAL,1,test,0.0014505767030641437,lstm-ae-bharati-v1
BRT,BRT_HUM_001,2026-03-02T08:47:00+00:00,53.00074144415019,0,NORMAL,1,test,0.0015345750143751502,lstm-ae-bharati-v1
BRT,BRT_HUM_001,2026-03-02T08:48:00+00:00,53.171266021743,0,NORMAL,1,test,0.0014200527220964432,lstm-ae-bharati-v1
BRT,BRT_HUM_001,2026-03-02T08:49:00+00:00,53.466473214381345,0,NORMAL,1,test,0.001459338003769517,lstm-ae-bharati-v1
BRT,BRT_HUM_001,2026-03-02T08:50:00+00:00,53.686598540592115,0,NORMAL,1,test,0.0015882615698501468,lstm-ae-bharati-v1
BRT,BRT_HUM_001,2026-03-02T08:51:00+00:00,53.60637277999089,0,NORMAL,1,test,0.0015842856373637915,lstm-ae-bharati-v1
BRT,BRT_HUM_001,2026-03-02T08:52:00+00:00,53.61533968321764,0,NORMAL,1,test,0.0015502598835155368,lstm-ae-bharati-v1
BRT,BRT_HUM_001,2026-03-02T08:53:00+00:00,53.99808627106439,0,NORMAL,1,test,0.0016935184830799699,lstm-ae-bharati-v1
BRT,BRT_HUM_001,2026-03-02T08:54:00+00:00,53.51792642013,0,NORMAL,1,test,0.0016673102509230375,lstm-ae-bharati-v1
BRT,BRT_HUM_001,2026-03-02T08:55:00+00:00,54.02434981518474,0,NORMAL,1,test,0.001692376215942204,lstm-ae-bharati-v1
BRT,BRT_HUM_001,2026-03-02T08:56:00+00:00,54.139748199958994,0,NORMAL,1,test,0.001704504364170134,lstm-ae-bharati-v1
BRT,BRT_HUM_001,2026-03-02T08:57:00+00:00,54.29341629773269,0,NORMAL,1,test,0.0017315291333943605,lstm-ae-bharati-v1
BRT,BRT_HUM_001,2026-03-02T08:58:00+00:00,53.69367909033068,0,NORMAL,1,test,0.0018874822417274117,lstm-ae-bharati-v1
BRT,BRT_HUM_001,2026-03-02T08:59:00+00:00,53.96254374586635,0,NORMAL,1,test,0.0019144437974318862,lstm-ae-bharati-v1
BRT,BRT_HUM_001,2026-03-02T09:00:00+00:00,53.72637577661855,0,NORMAL,1,test,0.002217290224507451,lstm-ae-bharati-v1
BRT,BRT_HUM_001,2026-03-02T09:01:00+00:00,54.19648225905762,0,NORMAL,1,test,0.0022637592628598213,lstm-ae-bharati-v1
BRT,BRT_HUM_001,2026-03-02T09:02:00+00:00,54.17474203726842,0,NORMAL,1,test,0.0023578207474201918,lstm-ae-bharati-v1
BRT,BRT_HUM_001,2026-03-02T09:03:00+00:00,54.54995715471104,0,NORMAL,1,test,0.0024548396468162537,lstm-ae-bharati-v1
BRT,BRT_HUM_001,2026-03-02T09:04:00+00:00,54.02751667715142,0,NORMAL,1,test,0.0028449581004679203,lstm-ae-bharati-v1
BRT,BRT_HUM_001,2026-03-02T09:05:00+00:00,54.85122847501872,0,NORMAL,1,test,0.0030598703306168318,lstm-ae-bharati-v1
BRT,BRT_HUM_001,2026-03-02T09:06:00+00:00,55.16879597069882,0,NORMAL,1,test,0.003418093314394355,lstm-ae-bharati-v1
BRT,BRT_HUM_001,2026-03-02T09:07:00+00:00,55.321877123497515,0,NORMAL,1,test,0.003758837701752782,lstm-ae-bharati-v1
BRT,BRT_HUM_001,2026-03-02T09:08:00+00:00,54.706843625038914,0,NORMAL,1,test,0.003949457313865423,lstm-ae-bharati-v1
BRT,BRT_HUM_001,2026-03-02T09:09:00+00:00,55.40126608857213,0,NORMAL,1,test,0.004127626307308674,lstm-ae-bharati-v1
BRT,BRT_HUM_001,2026-03-02T09:10:00+00:00,55.082678845214744,0,NORMAL,1,test,0.00413859449326992,lstm-ae-bharati-v1
BRT,BRT_HUM_001,2026-03-02T09:11:00+00:00,55.91325323992991,0,NORMAL,1,test,0.004449629690498114,lstm-ae-bharati-v1
BRT,BRT_HUM_001,2026-03-02T09:12:00+00:00,56.74488937096589,0,NORMAL,1,test,0.006037829909473658,lstm-ae-bharati-v1
BRT,BRT_HUM_001,2026-03-02T09:13:00+00:00,57.18734320715764,0,NORMAL,0,test,0.008221730589866638,lstm-ae-bharati-v1
BRT,BRT_HUM_001,2026-03-02T09:14:00+00:00,56.532486982056376,0,NORMAL,0,test,0.00792868435382843,lstm-ae-bharati-v1
BRT,BRT_HUM_001,2026-03-02T09:15:00+00:00,57.23032887959809,0,NORMAL,0,test,0.008252803236246109,lstm-ae-bharati-v1
BRT,BRT_HUM_001,2026-03-02T09:16:00+00:00,56.98338891316051,0,NORMAL,0,test,0.007792997173964977,lstm-ae-bharati-v1
BRT,BRT_HUM_001,2026-03-02T09:17:00+00:00,57.30061928470283,0,NORMAL,0,test,0.007676230743527412,lstm-ae-bharati-v1
BRT,BRT_HUM_001,2026-03-02T09:18:00+00:00,58.3697329743613,0,NORMAL,0,test,0.009019842371344566,lstm-ae-bharati-v1
BRT,BRT_HUM_001,2026-03-02T09:19:00+00:00,58.05227839344811,0,NORMAL,0,test,0.008730807341635227,lstm-ae-bharati-v1
BRT,BRT_POWER_001,2026-03-02T04:49:00+00:00,42.11338003438097,0,NORMAL,0,test,0.008111461997032166,lstm-ae-bharati-v1
BRT,BRT_POWER_001,2026-03-02T04:50:00+00:00,42.2899808882697,0,NORMAL,0,test,0.008167370222508907,lstm-ae-bharati-v1
BRT,BRT_POWER_001,2026-03-02T04:51:00+00:00,42.2786313559947,0,NORMAL,0,test,0.008187918923795223,lstm-ae-bharati-v1
BRT,BRT_POWER_001,2026-03-02T04:52:00+00:00,42.968208669393846,0,NORMAL,0,test,0.008302176371216774,lstm-ae-bharati-v1
BRT,BRT_POWER_001,2026-03-02T04:53:00+00:00,42.45203208724782,0,NORMAL,0,test,0.007650920655578375,lstm-ae-bharati-v1
BRT,BRT_POWER_001,2026-03-02T04:54:00+00:00,42.53392732418789,0,NORMAL,0,test,0.007820749655365944,lstm-ae-bharati-v1
BRT,BRT_POWER_001,2026-03-02T04:55:00+00:00,42.845340374449144,0,NORMAL,0,test,0.007799272891134024,lstm-ae-bharati-v1
BRT,BRT_POWER_001,2026-03-02T04:56:00+00:00,43.47766402872929,0,NORMAL,0,test,0.00829889066517353,lstm-ae-bharati-v1
BRT,BRT_POWER_001,2026-03-02T04:57:00+00:00,43.60258648123391,0,NORMAL,0,test,0.008479434065520763,lstm-ae-bharati-v1
BRT,BRT_POWER_001,2026-03-02T04:58:00+00:00,43.52521487043823,0,NORMAL,0,test,0.00850034411996603,lstm-ae-bharati-v1
BRT,BRT_POWER_001,2026-03-02T04:59:00+00:00,43.43017565009147,0,NORMAL,0,test,0.008410993963479996,lstm-ae-bharati-v1
BRT,BRT_POWER_001,2026-03-02T05:00:00+00:00,25.347579306730008,1,SPIKE,1,test,0.6155422329902649,lstm-ae-bharati-v1
BRT,BRT_POWER_001,2026-03-02T05:01:00+00:00,25.624288270906497,1,SPIKE,1,test,1.0725139379501343,lstm-ae-bharati-v1
BRT,BRT_POWER_001,2026-03-02T05:02:00+00:00,25.498279683832177,1,SPIKE,1,test,1.3554576635360718,lstm-ae-bharati-v1
BRT,BRT_POWER_001,2026-03-02T05:03:00+00:00,26.15102682606204,1,SPIKE,1,test,1.62355375289917,lstm-ae-bharati-v1
BRT,BRT_POWER_001,2026-03-02T05:04:00+00:00,25.601614695220892,1,SPIKE,1,test,1.9271167516708374,lstm-ae-bharati-v1
BRT,BRT_POWER_001,2026-03-02T05:05:00+00:00,44.089815497868344,0,NORMAL,1,test,1.9626823663711548,lstm-ae-bharati-v1
BRT,BRT_POWER_001,2026-03-02T05:06:00+00:00,43.925026019260386,0,NORMAL,1,test,2.1253018379211426,lstm-ae-bharati-v1
BRT,BRT_POWER_001,2026-03-02T05:07:00+00:00,43.981627915632345,0,NORMAL,1,test,2.2802681922912598,lstm-ae-bharati-v1
BRT,BRT_POWER_001,2026-03-02T05:08:00+00:00,44.12636655474613,0,NORMAL,1,test,2.3998496532440186,lstm-ae-bharati-v1
BRT,BRT_POWER_001,2026-03-02T05:09:00+00:00,44.3142146777878,0,NORMAL,1,test,2.5057294368743896,lstm-ae-bharati-v1
BRT,BRT_POWER_001,2026-03-02T05:10:00+00:00,45.04249576558528,0,NORMAL,1,test,2.6199162006378174,lstm-ae-bharati-v1
BRT,BRT_POWER_001,2026-03-02T05:11:00+00:00,44.37631255008056,0,NORMAL,1,test,2.697161912918091,lstm-ae-bharati-v1
BRT,BRT_POWER_001,2026-03-02T05:12:00+00:00,44.202208679235525,0,NORMAL,1,test,2.7565629482269287,lstm-ae-bharati-v1
BRT,BRT_POWER_001,2026-03-02T05:13:00+00:00,44.07006585532285,0,NORMAL,1,test,2.794060230255127,lstm-ae-bharati-v1
BRT,BRT_POWER_001,2026-03-02T05:14:00+00:00,43.492153187022666,0,NORMAL,1,test,2.8034281730651855,lstm-ae-bharati-v1
BRT,BRT_POWER_001,2026-03-02T05:15:00+00:00,43.82408506407851,0,NORMAL,1,test,2.802220344543457,lstm-ae-bharati-v1
BRT,BRT_POWER_001,2026-03-02T05:16:00+00:00,44.288865449527286,0,NORMAL,1,test,2.7939107418060303,lstm-ae-bharati-v1
BRT,BRT_POWER_001,2026-03-02T05:17:00+00:00,44.85073147912553,0,NORMAL,1,test,2.774038076400757,lstm-ae-bharati-v1
BRT,BRT_POWER_001,2026-03-02T05:18:00+00:00,45.31533814396998,0,NORMAL,1,test,2.7402985095977783,lstm-ae-bharati-v1
BRT,BRT_POWER_001,2026-03-02T05:19:00+00:00,45.225602745139675,0,NORMAL,1,test,2.7020797729492188,lstm-ae-bharati-v1
BRT,BRT_POWER_001,2026-03-02T05:20:00+00:00,45.576389333890305,0,NORMAL,1,test,2.654378652572632,lstm-ae-bharati-v1
BRT,BRT_POWER_001,2026-03-02T05:21:00+00:00,45.67227572899837,0,NORMAL,1,test,2.6013991832733154,lstm-ae-bharati-v1
BRT,BRT_POWER_001,2026-03-02T05:22:00+00:00,45.26625764005188,0,NORMAL,1,test,2.529405117034912,lstm-ae-bharati-v1
BRT,BRT_POWER_001,2026-03-02T05:23:00+00:00,45.10717274110304,0,NORMAL,1,test,2.467749834060669,lstm-ae-bharati-v1
BRT,BRT_POWER_001,2026-03-02T05:24:00+00:00,44.94954219143276,0,NORMAL,1,test,2.408721923828125,lstm-ae-bharati-v1
BRT,BRT_POWER_001,2026-03-02T05:25:00+00:00,45.289397883634194,0,NORMAL,1,test,2.3542580604553223,lstm-ae-bharati-v1
BRT,BRT_POWER_001,2026-03-02T05:26:00+00:00,45.93877092942339,0,NORMAL,1,test,2.3031530380249023,lstm-ae-bharati-v1
BRT,BRT_POWER_001,2026-03-02T05:27:00+00:00,45.71045969222048,0,NORMAL,1,test,2.2550208568573,lstm-ae-bharati-v1
BRT,BRT_POWER_001,2026-03-02T05:28:00+00:00,46.11483239313568,0,NORMAL,1,test,2.223479986190796,lstm-ae-bharati-v1
BRT,BRT_POWER_001,2026-03-02T05:29:00+00:00,45.37451037311384,0,NORMAL,1,test,2.2180848121643066,lstm-ae-bharati-v1
BRT,BRT_POWER_001,2026-03-02T05:30:00+00:00,45.55274433686176,0,NORMAL,1,test,1.8463475704193115,lstm-ae-bharati-v1
BRT,BRT_POWER_001,2026-03-02T05:31:00+00:00,46.49648745255519,0,NORMAL,1,test,1.4751579761505127,lstm-ae-bharati-v1
BRT,BRT_POWER_001,2026-03-02T05:32:00+00:00,46.47886709860068,0,NORMAL,1,test,1.0528347492218018,lstm-ae-bharati-v1
BRT,BRT_POWER_001,2026-03-02T05:33:00+00:00,46.44409161991392,0,NORMAL,1,test,0.6124688386917114,lstm-ae-bharati-v1
BRT,BRT_POWER_001,2026-03-02T05:34:00+00:00,46.639053523197475,0,NORMAL,0,test,0.01122333575040102,lstm-ae-bharati-v1
BRT,BRT_POWER_001,2026-03-02T05:35:00+00:00,47.45065195086114,0,NORMAL,0,test,0.012912309728562832,lstm-ae-bharati-v1
BRT,BRT_POWER_001,2026-03-02T05:36:00+00:00,47.458589785507755,0,NORMAL,0,test,0.013989194296300411,lstm-ae-bharati-v1
BRT,BRT_POWER_001,2026-03-02T05:37:00+00:00,47.15385165517779,0,NORMAL,0,test,0.013919186778366566,lstm-ae-bharati-v1
BRT,BRT_POWER_001,2026-03-02T05:38:00+00:00,47.6936090433673,0,NORMAL,0,test,0.014134078286588192,lstm-ae-bharati-v1
BRT,BRT_POWER_001,2026-03-02T05:39:00+00:00,47.56926345901335,0,NORMAL,0,test,0.013384477235376835,lstm-ae-bharati-v1
BRT,BRT_POWER_001,2026-03-02T05:40:00+00:00,47.74747757975789,0,NORMAL,0,test,0.011066553182899952,lstm-ae-bharati-v1
BRT,BRT_POWER_001,2026-03-02T05:41:00+00:00,47.87756166430635,0,NORMAL,0,test,0.01097058691084385,lstm-ae-bharati-v1
BRT,BRT_POWER_001,2026-03-02T05:42:00+00:00,47.371540758280474,0,NORMAL,0,test,0.011546069756150246,lstm-ae-bharati-v1
BRT,BRT_POWER_001,2026-03-02T05:43:00+00:00,47.25236565709819,0,NORMAL,0,test,0.012826669029891491,lstm-ae-bharati-v1
BRT,BRT_POWER_001,2026-03-02T05:44:00+00:00,48.0218985749265,0,NORMAL,0,test,0.011514677666127682,lstm-ae-bharati-v1
BRT,BRT_POWER_001,2026-03-02T05:45:00+00:00,46.85869357012752,0,NORMAL,0,test,0.012803729623556137,lstm-ae-bharati-v1
BRT,BRT_POWER_001,2026-03-02T05:46:00+00:00,46.61694917249488,0,NORMAL,0,test,0.014694931916892529,lstm-ae-bharati-v1
BRT,BRT_POWER_001,2026-03-02T05:47:00+00:00,46.72272155447936,0,NORMAL,0,test,0.015731191262602806,lstm-ae-bharati-v1
BRT,BRT_POWER_001,2026-03-02T05:48:00+00:00,47.26165584660222,0,NORMAL,0,test,0.014904447831213474,lstm-ae-bharati-v1
BRT,BRT_POWER_001,2026-03-02T05:49:00+00:00,48.25468140849926,0,NORMAL,0,test,0.014401290565729141,lstm-ae-bharati-v1
BRT,BRT_POWER_001,2026-03-02T05:50:00+00:00,48.29340766217641,0,NORMAL,0,test,0.014530723914504051,lstm-ae-bharati-v1
BRT,BRT_POWER_001,2026-03-02T05:51:00+00:00,48.09244609186883,0,NORMAL,0,test,0.014902661554515362,lstm-ae-bharati-v1
BRT,BRT_POWER_001,2026-03-02T05:52:00+00:00,48.224149472063345,0,NORMAL,0,test,0.015689285472035408,lstm-ae-bharati-v1
BRT,BRT_POWER_001,2026-03-02T05:53:00+00:00,48.22933733869276,0,NORMAL,0,test,0.016089264303445816,lstm-ae-bharati-v1
BRT,BRT_POWER_001,2026-03-02T05:54:00+00:00,48.594804018630654,0,NORMAL,0,test,0.015665855258703232,lstm-ae-bharati-v1
BRT,BRT_POWER_001,2026-03-02T05:55:00+00:00,48.65705066921072,0,NORMAL,0,test,0.015507864765822887,lstm-ae-bharati-v1
BRT,BRT_POWER_001,2026-03-02T05:56:00+00:00,47.75798932758049,0,NORMAL,0,test,0.016566237434744835,lstm-ae-bharati-v1
BRT,BRT_POWER_001,2026-03-02T05:57:00+00:00,48.13623923419089,0,NORMAL,0,test,0.016699522733688354,lstm-ae-bharati-v1
BRT,BRT_POWER_001,2026-03-02T05:58:00+00:00,47.14132720999511,0,NORMAL,0,test,0.020174166187644005,lstm-ae-bharati-v1
BRT,BRT_POWER_001,2026-03-02T05:59:00+00:00,48.33294530213623,0,NORMAL,0,test,0.017756318673491478,lstm-ae-bharati-v1
BRT,BRT_POWER_001,2026-03-02T06:00:00+00:00,47.8889224951933,1,DRIFT,1,test,0.015510763972997665,lstm-ae-bharati-v1
BRT,BRT_POWER_001,2026-03-02T06:01:00+00:00,47.501013345545374,1,DRIFT,1,test,0.016302933916449547,lstm-ae-bharati-v1
BRT,BRT_POWER_001,2026-03-02T06:02:00+00:00,46.46923440214282,1,DRIFT,1,test,0.020851336419582367,lstm-ae-bharati-v1
BRT,BRT_POWER_001,2026-03-02T06:03:00+00:00,46.35134092757481,1,DRIFT,1,test,0.023676393553614616,lstm-ae-bharati-v1
BRT,BRT_POWER_001,2026-03-02T06:04:00+00:00,46.22463222025466,1,DRIFT,1,test,0.026187054812908173,lstm-ae-bharati-v1
BRT,BRT_POWER_001,2026-03-02T06:05:00+00:00,45.90119902517427,1,DRIFT,1,test,0.029740894213318825,lstm-ae-bharati-v1
BRT,BRT_POWER_001,2026-03-02T06:06:00+00:00,45.25499184066005,1,DRIFT,1,test,0.03522679582238197,lstm-ae-bharati-v1
BRT,BRT_POWER_001,2026-03-02T06:07:00+00:00,44.95821687870301,1,DRIFT,1,test,0.04009225592017174,lstm-ae-bharati-v1
BRT,BRT_POWER_001,2026-03-02T06:08:00+00:00,45.399184443191295,1,DRIFT,1,test,0.04029708355665207,lstm-ae-bharati-v1
BRT,BRT_POWER_001,2026-03-02T06:09:00+00:00,44.467542464939086,1,DRIFT,1,test,0.04404257982969284,lstm-ae-bharati-v1
BRT,BRT_POWER_001,2026-03-02T06:10:00+00:00,44.29268842242761,1,DRIFT,1,test,0.04640251398086548,lstm-ae-bharati-v1
BRT,BRT_POWER_001,2026-03-02T06:11:00+00:00,44.03794259198318,1,DRIFT,1,test,0.04726004600524902,lstm-ae-bharati-v1
BRT,BRT_POWER_001,2026-03-02T06:12:00+00:00,43.53799717543215,1,DRIFT,1,test,0.047884657979011536,lstm-ae-bharati-v1
BRT,BRT_POWER_001,2026-03-02T06:13:00+00:00,43.29724642845506,1,DRIFT,1,test,0.04817585274577141,lstm-ae-bharati-v1
BRT,BRT_POWER_001,2026-03-02T06:14:00+00:00,42.9099809372081,1,DRIFT,1,test,0.047843221575021744,lstm-ae-bharati-v1
BRT,BRT_POWER_001,2026-03-02T06:15:00+00:00,43.17668429955291,1,DRIFT,1,test,0.04173731058835983,lstm-ae-bharati-v1
BRT,BRT_POWER_001,2026-03-02T06:16:00+00:00,42.777582689743184,1,DRIFT,1,test,0.03515571728348732,lstm-ae-bharati-v1
BRT,BRT_POWER_001,2026-03-02T06:17:00+00:00,42.40867805426176,1,DRIFT,1,test,0.031147940084338188,lstm-ae-bharati-v1
BRT,BRT_POWER_001,2026-03-02T06:18:00+00:00,42.26903237117246,1,DRIFT,1,test,0.03145391494035721,lstm-ae-bharati-v1
BRT,BRT_POWER_001,2026-03-02T06:19:00+00:00,41.812414593471935,1,DRIFT,1,test,0.03412749990820885,lstm-ae-bharati-v1
BRT,BRT_POWER_001,2026-03-02T06:20:00+00:00,41.48065782104429,1,DRIFT,1,test,0.036911770701408386,lstm-ae-bharati-v1
BRT,BRT_POWER_001,2026-03-02T06:21:00+00:00,41.27615590510874,1,DRIFT,1,test,0.040104739367961884,lstm-ae-bharati-v1
BRT,BRT_POWER_001,2026-03-02T06:22:00+00:00,41.25713822352609,1,DRIFT,1,test,0.04190778732299805,lstm-ae-bharati-v1
BRT,BRT_POWER_001,2026-03-02T06:23:00+00:00,40.81320569327277,1,DRIFT,1,test,0.044377315789461136,lstm-ae-bharati-v1
BRT,BRT_POWER_001,2026-03-02T06:24:00+00:00,40.336889667073834,1,DRIFT,1,test,0.0447915755212307,lstm-ae-bharati-v1
BRT,BRT_POWER_001,2026-03-02T06:25:00+00:00,40.19898311877221,1,DRIFT,1,test,0.04172682762145996,lstm-ae-bharati-v1
BRT,BRT_POWER_001,2026-03-02T06:26:00+00:00,39.28499668754501,1,DRIFT,1,test,0.04593644291162491,lstm-ae-bharati-v1
BRT,BRT_POWER_001,2026-03-02T06:27:00+00:00,38.868906447546706,1,DRIFT,1,test,0.0464201457798481,lstm-ae-bharati-v1
BRT,BRT_POWER_001,2026-03-02T06:28:00+00:00,39.264860307731546,1,DRIFT,1,test,0.04795055463910103,lstm-ae-bharati-v1
BRT,BRT_POWER_001,2026-03-02T06:29:00+00:00,38.0366951233086,1,DRIFT,1,test,0.04426313936710358,lstm-ae-bharati-v1
BRT,BRT_POWER_001,2026-03-02T06:30:00+00:00,46.654155797687395,0,NORMAL,1,test,0.14787116646766663,lstm-ae-bharati-v1
BRT,BRT_POWER_001,2026-03-02T06:31:00+00:00,46.2428519429442,0,NORMAL,1,test,0.2277694046497345,lstm-ae-bharati-v1
BRT,BRT_POWER_001,2026-03-02T06:32:00+00:00,47.10355037670339,0,NORMAL,1,test,0.307599812746048,lstm-ae-bharati-v1
BRT,BRT_POWER_001,2026-03-02T06:33:00+00:00,46.465641147554834,0,NORMAL,1,test,0.35202333331108093,lstm-ae-bharati-v1
BRT,BRT_POWER_001,2026-03-02T06:34:00+00:00,46.36816013577565,0,NORMAL,1,test,0.3821951150894165,lstm-ae-bharati-v1
BRT,BRT_POWER_001,2026-03-02T06:35:00+00:00,46.412073263080245,0,NORMAL,1,test,0.4025730788707733,lstm-ae-bharati-v1
BRT,BRT_POWER_001,2026-03-02T06:36:00+00:00,46.16742344291896,0,NORMAL,1,test,0.4126686155796051,lstm-ae-bharati-v1
BRT,BRT_POWER_001,2026-03-02T06:37:00+00:00,46.10014730699182,0,NORMAL,1,test,0.41323795914649963,lstm-ae-bharati-v1
BRT,BRT_POWER_001,2026-03-02T06:38:00+00:00,45.70884404662785,0,NORMAL,1,test,0.3966009020805359,lstm-ae-bharati-v1
BRT,BRT_POWER_001,2026-03-02T06:39:00+00:00,45.55264761857821,0,NORMAL,1,test,0.3840751647949219,lstm-ae-bharati-v1
BRT,BRT_POWER_001,2026-03-02T06:40:00+00:00,45.73459471559232,0,NORMAL,1,test,0.36668092012405396,lstm-ae-bharati-v1
BRT,BRT_POWER_001,2026-03-02T06:41:00+00:00,44.95066709803783,0,NORMAL,1,test,0.35207220911979675,lstm-ae-bharati-v1
BRT,BRT_POWER_001,2026-03-02T06:42:00+00:00,45.21227855742868,0,NORMAL,1,test,0.33595576882362366,lstm-ae-bharati-v1
BRT,BRT_POWER_001,2026-03-02T06:43:00+00:00,45.21770414783962,0,NORMAL,1,test,0.32121333479881287,lstm-ae-bharati-v1
BRT,BRT_POWER_001,2026-03-02T06:44:00+00:00,45.18624467382902,0,NORMAL,1,test,0.3099447190761566,lstm-ae-bharati-v1
BRT,BRT_POWER_001,2026-03-02T06:45:00+00:00,45.20426727456302,0,NORMAL,1,test,0.29568323493003845,lstm-ae-bharati-v1
BRT,BRT_POWER_001,2026-03-02T06:46:00+00:00,44.46612693911226,0,NORMAL,1,test,0.29281893372535706,lstm-ae-bharati-v1
BRT,BRT_POWER_001,2026-03-02T06:47:00+00:00,44.771964202673054,0,NORMAL,1,test,0.29011452198028564,lstm-ae-bharati-v1
BRT,BRT_POWER_001,2026-03-02T06:48:00+00:00,44.29879950702278,0,NORMAL,1,test,0.29421722888946533,lstm-ae-bharati-v1
BRT,BRT_POWER_001,2026-03-02T06:49:00+00:00,44.07637200713116,0,NORMAL,1,test,0.30335044860839844,lstm-ae-bharati-v1
BRT,BRT_POWER_001,2026-03-02T06:50:00+00:00,44.012777111038176,0,NORMAL,1,test,0.3134167492389679,lstm-ae-bharati-v1
BRT,BRT_POWER_001,2026-03-02T06:51:00+00:00,43.64511263158619,0,NORMAL,1,test,0.3254275321960449,lstm-ae-bharati-v1
BRT,BRT_POWER_001,2026-03-02T06:52:00+00:00,44.15743973504453,0,NORMAL,1,test,0.3309917151927948,lstm-ae-bharati-v1
BRT,BRT_POWER_001,2026-03-02T06:53:00+00:00,44.143095919694254,0,NORMAL,1,test,0.3325284719467163,lstm-ae-bharati-v1
BRT,BRT_POWER_001,2026-03-02T06:54:00+00:00,43.581874612315495,0,NORMAL,1,test,0.3289814293384552,lstm-ae-bharati-v1
BRT,BRT_POWER_001,2026-03-02T06:55:00+00:00,43.591890372178405,0,NORMAL,1,test,0.31733036041259766,lstm-ae-bharati-v1
BRT,BRT_POWER_001,2026-03-02T06:56:00+00:00,43.56928831862739,0,NORMAL,1,test,0.28098979592323303,lstm-ae-bharati-v1
BRT,BRT_POWER_001,2026-03-02T06:57:00+00:00,44.11585483021351,0,NORMAL,1,test,0.21728965640068054,lstm-ae-bharati-v1
BRT,BRT_POWER_001,2026-03-02T06:58:00+00:00,43.41799576298712,0,NORMAL,1,test,0.14078165590763092,lstm-ae-bharati-v1
BRT,BRT_POWER_001,2026-03-02T06:59:00+00:00,43.863591461387784,0,NORMAL,0,test,0.005751076154410839,lstm-ae-bharati-v1
BRT,BRT_POWER_001,2026-03-02T07:00:00+00:00,43.61837460355224,0,NORMAL,0,test,0.00636299978941679,lstm-ae-bharati-v1
BRT,BRT_POWER_001,2026-03-02T07:01:00+00:00,43.36041913954808,0,NORMAL,0,test,0.007170156575739384,lstm-ae-bharati-v1
BRT,BRT_POWER_001,2026-03-02T07:02:00+00:00,42.981549669739415,0,NORMAL,0,test,0.006199091672897339,lstm-ae-bharati-v1
BRT,BRT_POWER_001,2026-03-02T07:03:00+00:00,43.2303665879804,0,NORMAL,0,test,0.0065015507861971855,lstm-ae-bharati-v1
BRT,BRT_POWER_001,2026-03-02T07:04:00+00:00,42.539656204005965,0,NORMAL,0,test,0.006881202571094036,lstm-ae-bharati-v1
BRT,BRT_POWER_001,2026-03-02T07:05:00+00:00,42.6621174710382,0,NORMAL,0,test,0.0064575159922242165,lstm-ae-bharati-v1
BRT,BRT_POWER_001,2026-03-02T07:06:00+00:00,42.768483739336304,0,NORMAL,0,test,0.006218882277607918,lstm-ae-bharati-v1
BRT,BRT_POWER_001,2026-03-02T07:07:00+00:00,42.442985451540544,0,NORMAL,0,test,0.0058086467906832695,lstm-ae-bharati-v1
BRT,BRT_POWER_001,2026-03-02T07:08:00+00:00,42.88085541692696,0,NORMAL,0,test,0.005995670333504677,lstm-ae-bharati-v1
BRT,BRT_POWER_001,2026-03-02T07:09:00+00:00,42.58697568149307,0,NORMAL,0,test,0.006128581706434488,lstm-ae-bharati-v1
BRT,BRT_POWER_001,2026-03-02T07:10:00+00:00,42.03843322491733,0,NORMAL,0,test,0.005856105592101812,lstm-ae-bharati-v1
BRT,BRT_POWER_001,2026-03-02T07:11:00+00:00,42.17488304527733,0,NORMAL,0,test,0.0059780883602797985,lstm-ae-bharati-v1
BRT,BRT_POWER_001,2026-03-02T07:12:00+00:00,42.07708596712189,0,NORMAL,0,test,0.005884950514882803,lstm-ae-bharati-v1
BRT,BRT_POWER_001,2026-03-02T07:13:00+00:00,41.94830954602216,0,NORMAL,0,test,0.00556017505005002,lstm-ae-bharati-v1
BRT,BRT_POWER_001,2026-03-02T07:14:00+00:00,41.638341871355664,0,NORMAL,0,test,0.005212291143834591,lstm-ae-bharati-v1
BRT,BRT_POWER_001,2026-03-02T07:15:00+00:00,41.09658668238293,0,NORMAL,0,test,0.0052757589146494865,lstm-ae-bharati-v1
BRT,BRT_POWER_001,2026-03-02T07:16:00+00:00,41.31306783327795,0,NORMAL,0,test,0.005201905500143766,lstm-ae-bharati-v1
BRT,BRT_POWER_001,2026-03-02T07:17:00+00:00,40.770108163461884,0,NORMAL,0,test,0.005634230095893145,lstm-ae-bharati-v1
BRT,BRT_POWER_001,2026-03-02T07:18:00+00:00,40.64693168223024,0,NORMAL,0,test,0.005998282227665186,lstm-ae-bharati-v1
BRT,BRT_POWER_001,2026-03-02T07:19:00+00:00,40.55903659386847,0,NORMAL,0,test,0.005966587923467159,lstm-ae-bharati-v1
BRT,BRT_POWER_001,2026-03-02T07:54:00+00:00,37.36493953729705,0,NORMAL,0,test,0.006526412442326546,lstm-ae-bharati-v1
BRT,BRT_POWER_001,2026-03-02T07:55:00+00:00,37.26839774751283,0,NORMAL,0,test,0.005592238623648882,lstm-ae-bharati-v1
BRT,BRT_POWER_001,2026-03-02T07:56:00+00:00,36.51068882617585,0,NORMAL,0,test,0.0062792738899588585,lstm-ae-bharati-v1
BRT,BRT_POWER_001,2026-03-02T07:57:00+00:00,36.17233018420106,0,NORMAL,0,test,0.007892858237028122,lstm-ae-bharati-v1
BRT,BRT_POWER_001,2026-03-02T07:58:00+00:00,36.51581231844643,0,NORMAL,0,test,0.007729311008006334,lstm-ae-bharati-v1
BRT,BRT_POWER_001,2026-03-02T07:59:00+00:00,36.77262194517564,0,NORMAL,0,test,0.007925840094685555,lstm-ae-bharati-v1
BRT,BRT_POWER_001,2026-03-02T08:00:00+00:00,36.63900372240044,0,NORMAL,0,test,0.007838238030672073,lstm-ae-bharati-v1
BRT,BRT_POWER_001,2026-03-02T08:01:00+00:00,36.17641397665276,0,NORMAL,0,test,0.00807318277657032,lstm-ae-bharati-v1
BRT,BRT_POWER_001,2026-03-02T08:02:00+00:00,36.83723873743865,0,NORMAL,0,test,0.007843170315027237,lstm-ae-bharati-v1
BRT,BRT_POWER_001,2026-03-02T08:03:00+00:00,36.953009029284,0,NORMAL,0,test,0.007607349194586277,lstm-ae-bharati-v1
BRT,BRT_POWER_001,2026-03-02T08:04:00+00:00,36.45587595343488,0,NORMAL,0,test,0.007517993915826082,lstm-ae-bharati-v1
BRT,BRT_POWER_001,2026-03-02T08:05:00+00:00,36.89993982588321,0,NORMAL,0,test,0.0076550827361643314,lstm-ae-bharati-v1
BRT,BRT_POWER_001,2026-03-02T08:06:00+00:00,36.40448390473561,0,NORMAL,0,test,0.0074561526998877525,lstm-ae-bharati-v1
BRT,BRT_POWER_001,2026-03-02T08:07:00+00:00,36.56783688025711,0,NORMAL,0,test,0.007108657620847225,lstm-ae-bharati-v1
BRT,BRT_POWER_001,2026-03-02T08:08:00+00:00,36.23885900844913,0,NORMAL,0,test,0.006506120786070824,lstm-ae-bharati-v1
BRT,BRT_POWER_001,2026-03-02T08:09:00+00:00,36.03463376441607,0,NORMAL,0,test,0.006506310775876045,lstm-ae-bharati-v1
BRT,BRT_POWER_001,2026-03-02T08:10:00+00:00,36.02954106028302,0,NORMAL,0,test,0.006620744708925486,lstm-ae-bharati-v1
BRT,BRT_POWER_001,2026-03-02T08:11:00+00:00,35.653315328582366,0,NORMAL,0,test,0.007077294401824474,lstm-ae-bharati-v1
BRT,BRT_POWER_001,2026-03-02T08:12:00+00:00,35.72909884297882,0,NORMAL,0,test,0.006867271848022938,lstm-ae-bharati-v1
BRT,BRT_POWER_001,2026-03-02T08:13:00+00:00,35.762735175450956,0,NORMAL,0,test,0.00676695303991437,lstm-ae-bharati-v1
BRT,BRT_POWER_001,2026-03-02T08:14:00+00:00,36.49742883780253,0,NORMAL,0,test,0.007356933783739805,lstm-ae-bharati-v1
BRT,BRT_POWER_001,2026-03-02T08:15:00+00:00,36.25749135736229,0,NORMAL,0,test,0.007658274378627539,lstm-ae-bharati-v1
BRT,BRT_POWER_001,2026-03-02T08:16:00+00:00,36.579189760769744,0,NORMAL,0,test,0.007871233858168125,lstm-ae-bharati-v1
BRT,BRT_POWER_001,2026-03-02T08:17:00+00:00,36.68627498111303,0,NORMAL,0,test,0.008296851068735123,lstm-ae-bharati-v1
BRT,BRT_POWER_001,2026-03-02T08:18:00+00:00,37.02767089682008,0,NORMAL,0,test,0.00996485073119402,lstm-ae-bharati-v1
BRT,BRT_POWER_001,2026-03-02T08:19:00+00:00,36.33381438959988,0,NORMAL,0,test,0.00939903687685728,lstm-ae-bharati-v1
BRT,BRT_POWER_001,2026-03-02T08:20:00+00:00,36.33381438959988,1,STUCK_VALUE,1,test,0.009451593272387981,lstm-ae-bharati-v1
BRT,BRT_POWER_001,2026-03-02T08:21:00+00:00,36.33381438959988,1,STUCK_VALUE,1,test,0.008540203794836998,lstm-ae-bharati-v1
BRT,BRT_POWER_001,2026-03-02T08:22:00+00:00,36.33381438959988,1,STUCK_VALUE,1,test,0.007989772595465183,lstm-ae-bharati-v1
BRT,BRT_POWER_001,2026-03-02T08:23:00+00:00,36.33381438959988,1,STUCK_VALUE,1,test,0.007905090227723122,lstm-ae-bharati-v1
BRT,BRT_POWER_001,2026-03-02T08:24:00+00:00,36.33381438959988,1,STUCK_VALUE,1,test,0.007232301402837038,lstm-ae-bharati-v1
BRT,BRT_POWER_001,2026-03-02T08:25:00+00:00,36.33381438959988,1,STUCK_VALUE,1,test,0.0066200862638652325,lstm-ae-bharati-v1
BRT,BRT_POWER_001,2026-03-02T08:26:00+00:00,36.33381438959988,1,STUCK_VALUE,1,test,0.00659167068079114,lstm-ae-bharati-v1
BRT,BRT_POWER_001,2026-03-02T08:27:00+00:00,36.33381438959988,1,STUCK_VALUE,1,test,0.0060037956573069096,lstm-ae-bharati-v1
BRT,BRT_POWER_001,2026-03-02T08:28:00+00:00,36.33381438959988,1,STUCK_VALUE,1,test,0.005853135604411364,lstm-ae-bharati-v1
BRT,BRT_POWER_001,2026-03-02T08:29:00+00:00,36.33381438959988,1,STUCK_VALUE,1,test,0.00575865525752306,lstm-ae-bharati-v1
BRT,BRT_POWER_001,2026-03-02T08:30:00+00:00,36.33381438959988,1,STUCK_VALUE,1,test,0.005945560988038778,lstm-ae-bharati-v1
BRT,BRT_POWER_001,2026-03-02T08:31:00+00:00,36.33381438959988,1,STUCK_VALUE,1,test,0.005476769991219044,lstm-ae-bharati-v1
BRT,BRT_POWER_001,2026-03-02T08:32:00+00:00,36.33381438959988,1,STUCK_VALUE,1,test,0.005361021962016821,lstm-ae-bharati-v1
BRT,BRT_POWER_001,2026-03-02T08:33:00+00:00,36.33381438959988,1,STUCK_VALUE,1,test,0.005311773158609867,lstm-ae-bharati-v1
BRT,BRT_POWER_001,2026-03-02T08:34:00+00:00,36.33381438959988,1,STUCK_VALUE,1,test,0.005306594539433718,lstm-ae-bharati-v1
BRT,BRT_POWER_001,2026-03-02T08:35:00+00:00,36.33381438959988,1,STUCK_VALUE,1,test,0.005287914536893368,lstm-ae-bharati-v1
BRT,BRT_POWER_001,2026-03-02T08:36:00+00:00,36.33381438959988,1,STUCK_VALUE,1,test,0.005444273352622986,lstm-ae-bharati-v1
BRT,BRT_POWER_001,2026-03-02T08:37:00+00:00,36.33381438959988,1,STUCK_VALUE,1,test,0.005743635818362236,lstm-ae-bharati-v1
BRT,BRT_POWER_001,2026-03-02T08:38:00+00:00,36.33381438959988,1,STUCK_VALUE,1,test,0.006028143689036369,lstm-ae-bharati-v1
BRT,BRT_POWER_001,2026-03-02T08:39:00+00:00,36.33381438959988,1,STUCK_VALUE,1,test,0.0058998167514801025,lstm-ae-bharati-v1
BRT,BRT_POWER_001,2026-03-02T08:40:00+00:00,36.33381438959988,1,STUCK_VALUE,1,test,0.00579969584941864,lstm-ae-bharati-v1
BRT,BRT_POWER_001,2026-03-02T08:41:00+00:00,36.33381438959988,1,STUCK_VALUE,1,test,0.004411887843161821,lstm-ae-bharati-v1
BRT,BRT_POWER_001,2026-03-02T08:42:00+00:00,36.33381438959988,1,STUCK_VALUE,1,test,0.003069411963224411,lstm-ae-bharati-v1
BRT,BRT_POWER_001,2026-03-02T08:43:00+00:00,36.33381438959988,1,STUCK_VALUE,1,test,0.0013285933528095484,lstm-ae-bharati-v1
BRT,BRT_POWER_001,2026-03-02T08:44:00+00:00,36.454916040242736,0,NORMAL,1,test,0.0013134500477463007,lstm-ae-bharati-v1
BRT,BRT_POWER_001,2026-03-02T08:45:00+00:00,35.69470221428397,0,NORMAL,1,test,0.0018770241877064109,lstm-ae-bharati-v1
BRT,BRT_POWER_001,2026-03-02T08:46:00+00:00,36.05967927055036,0,NORMAL,1,test,0.0020991815254092216,lstm-ae-bharati-v1
BRT,BRT_POWER_001,2026-03-02T08:47:00+00:00,36.42433955225146,0,NORMAL,1,test,0.002074691466987133,lstm-ae-bharati-v1
BRT,BRT_POWER_001,2026-03-02T08:48:00+00:00,36.97556926001128,0,NORMAL,1,test,0.002523606177419424,lstm-ae-bharati-v1
BRT,BRT_POWER_001,2026-03-02T08:49:00+00:00,36.403160655479,0,NORMAL,1,test,0.002474433509632945,lstm-ae-bharati-v1
BRT,BRT_POWER_001,2026-03-02T08:50:00+00:00,36.869282463605785,0,NORMAL,1,test,0.002693134592846036,lstm-ae-bharati-v1
BRT,BRT_POWER_001,2026-03-02T08:51:00+00:00,36.7452332314931,0,NORMAL,1,test,0.002701413119211793,lstm-ae-bharati-v1
BRT,BRT_POWER_001,2026-03-02T08:52:00+00:00,37.029135804858285,0,NORMAL,1,test,0.0029458131175488234,lstm-ae-bharati-v1
BRT,BRT_POWER_001,2026-03-02T08:53:00+00:00,37.25103083050028,0,NORMAL,1,test,0.003390142461284995,lstm-ae-bharati-v1
BRT,BRT_POWER_001,2026-03-02T08:54:00+00:00,37.75360782624671,0,NORMAL,1,test,0.004801928531378508,lstm-ae-bharati-v1
BRT,BRT_POWER_001,2026-03-02T08:55:00+00:00,37.90203054868362,0,NORMAL,1,test,0.006069088354706764,lstm-ae-bharati-v1
BRT,BRT_POWER_001,2026-03-02T08:56:00+00:00,37.78170390898501,0,NORMAL,1,test,0.006484090816229582,lstm-ae-bharati-v1
BRT,BRT_POWER_001,2026-03-02T08:57:00+00:00,37.880148739448344,0,NORMAL,1,test,0.006730528082698584,lstm-ae-bharati-v1
BRT,BRT_POWER_001,2026-03-02T08:58:00+00:00,37.40966119027815,0,NORMAL,1,test,0.006463444326072931,lstm-ae-bharati-v1
BRT,BRT_POWER_001,2026-03-02T08:59:00+00:00,37.463625173756974,0,NORMAL,1,test,0.006204784847795963,lstm-ae-bharati-v1
BRT,BRT_POWER_001,2026-03-02T09:00:00+00:00,37.005544913916495,0,NORMAL,1,test,0.006766507867723703,lstm-ae-bharati-v1
BRT,BRT_POWER_001,2026-03-02T09:01:00+00:00,36.99658135917131,0,NORMAL,1,test,0.007475154474377632,lstm-ae-bharati-v1
BRT,BRT_POWER_001,2026-03-02T09:02:00+00:00,37.264773759189296,0,NORMAL,1,test,0.007745071314275265,lstm-ae-bharati-v1
BRT,BRT_POWER_001,2026-03-02T09:03:00+00:00,37.74629626565122,0,NORMAL,1,test,0.007734433747828007,lstm-ae-bharati-v1
BRT,BRT_POWER_001,2026-03-02T09:04:00+00:00,37.61368505527779,0,NORMAL,1,test,0.007858304306864738,lstm-ae-bharati-v1
BRT,BRT_POWER_001,2026-03-02T09:05:00+00:00,37.67527347453182,0,NORMAL,1,test,0.008057733997702599,lstm-ae-bharati-v1
BRT,BRT_POWER_001,2026-03-02T09:06:00+00:00,37.77508109907843,0,NORMAL,1,test,0.008290144614875317,lstm-ae-bharati-v1
BRT,BRT_POWER_001,2026-03-02T09:07:00+00:00,37.66617501092957,0,NORMAL,1,test,0.008745217695832253,lstm-ae-bharati-v1
BRT,BRT_POWER_001,2026-03-02T09:08:00+00:00,38.10387427918702,0,NORMAL,1,test,0.009017350152134895,lstm-ae-bharati-v1
BRT,BRT_POWER_001,2026-03-02T09:09:00+00:00,38.00940431964981,0,NORMAL,1,test,0.009340341202914715,lstm-ae-bharati-v1
BRT,BRT_POWER_001,2026-03-02T09:10:00+00:00,38.46911385941947,0,NORMAL,1,test,0.009771635755896568,lstm-ae-bharati-v1
BRT,BRT_POWER_001,2026-03-02T09:11:00+00:00,39.10592556267213,0,NORMAL,1,test,0.011149819940328598,lstm-ae-bharati-v1
BRT,BRT_POWER_001,2026-03-02T09:12:00+00:00,39.16227373039288,0,NORMAL,1,test,0.01203035656362772,lstm-ae-bharati-v1
BRT,BRT_POWER_001,2026-03-02T09:13:00+00:00,39.19101221536259,0,NORMAL,0,test,0.012268569320440292,lstm-ae-bharati-v1
BRT,BRT_POWER_001,2026-03-02T09:14:00+00:00,39.1386115859022,0,NORMAL,0,test,0.012876415625214577,lstm-ae-bharati-v1
BRT,BRT_POWER_001,2026-03-02T09:15:00+00:00,39.65565779531605,0,NORMAL,0,test,0.011944228783249855,lstm-ae-bharati-v1
BRT,BRT_POWER_001,2026-03-02T09:16:00+00:00,39.17717377346916,0,NORMAL,0,test,0.010914037004113197,lstm-ae-bharati-v1
BRT,BRT_POWER_001,2026-03-02T09:17:00+00:00,39.29673141035716,0,NORMAL,0,test,0.010120166465640068,lstm-ae-bharati-v1
BRT,BRT_POWER_001,2026-03-02T09:18:00+00:00,39.876973437818975,0,NORMAL,0,test,0.01046961359679699,lstm-ae-bharati-v1
BRT,BRT_POWER_001,2026-03-02T09:19:00+00:00,39.53012743880048,0,NORMAL,0,test,0.00948899146169424,lstm-ae-bharati-v1
BRT,BRT_PRESS_001,2026-03-02T04:49:00+00:00,985.0512579634092,0,NORMAL,0,test,0.003936311695724726,lstm-ae-bharati-v1
BRT,BRT_PRESS_001,2026-03-02T04:50:00+00:00,985.1168706192734,0,NORMAL,0,test,0.004171672277152538,lstm-ae-bharati-v1
BRT,BRT_PRESS_001,2026-03-02T04:51:00+00:00,985.1500085968356,0,NORMAL,0,test,0.004257334861904383,lstm-ae-bharati-v1
BRT,BRT_PRESS_001,2026-03-02T04:52:00+00:00,985.2473745034328,0,NORMAL,0,test,0.004446141887456179,lstm-ae-bharati-v1
BRT,BRT_PRESS_001,2026-03-02T04:53:00+00:00,985.2747743143744,0,NORMAL,0,test,0.004528721794486046,lstm-ae-bharati-v1
BRT,BRT_PRESS_001,2026-03-02T04:54:00+00:00,985.48780299034,0,NORMAL,0,test,0.005013426300138235,lstm-ae-bharati-v1
BRT,BRT_PRESS_001,2026-03-02T04:55:00+00:00,985.4351618629006,0,NORMAL,0,test,0.005049538798630238,lstm-ae-bharati-v1
BRT,BRT_PRESS_001,2026-03-02T04:56:00+00:00,985.5075670016224,0,NORMAL,0,test,0.005209323950111866,lstm-ae-bharati-v1
BRT,BRT_PRESS_001,2026-03-02T04:57:00+00:00,985.7810502659648,0,NORMAL,0,test,0.006205254700034857,lstm-ae-bharati-v1
BRT,BRT_PRESS_001,2026-03-02T04:58:00+00:00,985.6772220602542,0,NORMAL,0,test,0.006093766074627638,lstm-ae-bharati-v1
BRT,BRT_PRESS_001,2026-03-02T04:59:00+00:00,985.7680599910404,0,NORMAL,0,test,0.006083750165998936,lstm-ae-bharati-v1
BRT,BRT_PRESS_001,2026-03-02T05:00:00+00:00,978.5554479016116,1,SPIKE,1,test,0.4925839602947235,lstm-ae-bharati-v1
BRT,BRT_PRESS_001,2026-03-02T05:01:00+00:00,978.5343597514544,1,SPIKE,1,test,0.8816288709640503,lstm-ae-bharati-v1
BRT,BRT_PRESS_001,2026-03-02T05:02:00+00:00,978.5202451289208,1,SPIKE,1,test,1.1236908435821533,lstm-ae-bharati-v1
BRT,BRT_PRESS_001,2026-03-02T05:03:00+00:00,978.3518726288132,1,SPIKE,1,test,1.3461281061172485,lstm-ae-bharati-v1
BRT,BRT_PRESS_001,2026-03-02T05:04:00+00:00,985.9131658302624,0,NORMAL,1,test,1.4370306730270386,lstm-ae-bharati-v1
BRT,BRT_PRESS_001,2026-03-02T05:05:00+00:00,986.2309618541926,0,NORMAL,1,test,1.5627397298812866,lstm-ae-bharati-v1
BRT,BRT_PRESS_001,2026-03-02T05:06:00+00:00,986.2345267870568,0,NORMAL,1,test,1.6577602624893188,lstm-ae-bharati-v1
BRT,BRT_PRESS_001,2026-03-02T05:07:00+00:00,986.2920418310556,0,NORMAL,1,test,1.7369472980499268,lstm-ae-bharati-v1
BRT,BRT_PRESS_001,2026-03-02T05:08:00+00:00,986.3997977724816,0,NORMAL,1,test,1.8104267120361328,lstm-ae-bharati-v1
BRT,BRT_PRESS_001,2026-03-02T05:09:00+00:00,986.3116040606956,0,NORMAL,1,test,1.8694716691970825,lstm-ae-bharati-v1
BRT,BRT_PRESS_001,2026-03-02T05:10:00+00:00,986.180681726299,0,NORMAL,1,test,1.9136550426483154,lstm-ae-bharati-v1
BRT,BRT_PRESS_001,2026-03-02T05:11:00+00:00,986.3914201944118,0,NORMAL,1,test,1.956351637840271,lstm-ae-bharati-v1
BRT,BRT_PRESS_001,2026-03-02T05:12:00+00:00,986.388048823536,0,NORMAL,1,test,1.9889096021652222,lstm-ae-bharati-v1
BRT,BRT_PRESS_001,2026-03-02T05:13:00+00:00,986.4839710411972,0,NORMAL,1,test,2.013481378555298,lstm-ae-bharati-v1
BRT,BRT_PRESS_001,2026-03-02T05:14:00+00:00,986.3209540205196,0,NORMAL,1,test,2.02569580078125,lstm-ae-bharati-v1
BRT,BRT_PRESS_001,2026-03-02T05:15:00+00:00,986.521747759622,0,NORMAL,1,test,2.0325427055358887,lstm-ae-bharati-v1
BRT,BRT_PRESS_001,2026-03-02T05:16:00+00:00,986.4513845572392,0,NORMAL,1,test,2.0308127403259277,lstm-ae-bharati-v1
BRT,BRT_PRESS_001,2026-03-02T05:17:00+00:00,986.5926562185203,0,NORMAL,1,test,2.019996404647827,lstm-ae-bharati-v1
BRT,BRT_PRESS_001,2026-03-02T05:18:00+00:00,986.5818004521192,0,NORMAL,1,test,2.0046920776367188,lstm-ae-bharati-v1
BRT,BRT_PRESS_001,2026-03-02T05:19:00+00:00,986.6046806923238,0,NORMAL,1,test,1.9811040163040161,lstm-ae-bharati-v1
BRT,BRT_PRESS_001,2026-03-02T05:20:00+00:00,986.6034624888144,0,NORMAL,1,test,1.9521605968475342,lstm-ae-bharati-v1
BRT,BRT_PRESS_001,2026-03-02T05:21:00+00:00,986.7664630492492,0,NORMAL,1,test,1.9200221300125122,lstm-ae-bharati-v1
BRT,BRT_PRESS_001,2026-03-02T05:22:00+00:00,986.8134742525964,0,NORMAL,1,test,1.8842716217041016,lstm-ae-bharati-v1
BRT,BRT_PRESS_001,2026-03-02T05:23:00+00:00,986.8827199749664,0,NORMAL,1,test,1.8482252359390259,lstm-ae-bharati-v1
BRT,BRT_PRESS_001,2026-03-02T05:24:00+00:00,986.8766948323106,0,NORMAL,1,test,1.8066731691360474,lstm-ae-bharati-v1
BRT,BRT_PRESS_001,2026-03-02T05:25:00+00:00,986.8116557823948,0,NORMAL,1,test,1.7708913087844849,lstm-ae-bharati-v1
BRT,BRT_PRESS_001,2026-03-02T05:26:00+00:00,987.0043485852652,0,NORMAL,1,test,1.7417877912521362,lstm-ae-bharati-v1
BRT,BRT_PRESS_001,2026-03-02T05:27:00+00:00,987.1295647550296,0,NORMAL,1,test,1.7116304636001587,lstm-ae-bharati-v1
BRT,BRT_PRESS_001,2026-03-02T05:28:00+00:00,986.9792252865752,0,NORMAL,1,test,1.6887476444244385,lstm-ae-bharati-v1
BRT,BRT_PRESS_001,2026-03-02T05:29:00+00:00,987.056289754265,0,NORMAL,1,test,1.688456654548645,lstm-ae-bharati-v1
BRT,BRT_PRESS_001,2026-03-02T05:30:00+00:00,986.9900941536662,0,NORMAL,1,test,1.3638434410095215,lstm-ae-bharati-v1
BRT,BRT_PRESS_001,2026-03-02T05:31:00+00:00,987.0249550224136,0,NORMAL,1,test,1.00249183177948,lstm-ae-bharati-v1
BRT,BRT_PRESS_001,2026-03-02T05:32:00+00:00,987.1506136268264,0,NORMAL,1,test,0.5763669610023499,lstm-ae-bharati-v1
BRT,BRT_PRESS_001,2026-03-02T05:33:00+00:00,987.358099113112,0,NORMAL,0,test,0.0037778664845973253,lstm-ae-bharati-v1
BRT,BRT_PRESS_001,2026-03-02T05:34:00+00:00,987.3598744088732,0,NORMAL,0,test,0.0033004956785589457,lstm-ae-bharati-v1
BRT,BRT_PRESS_001,2026-03-02T05:35:00+00:00,987.4884764009277,0,NORMAL,0,test,0.0036973366513848305,lstm-ae-bharati-v1
BRT,BRT_PRESS_001,2026-03-02T05:36:00+00:00,987.4606039985604,0,NORMAL,0,test,0.0036970849614590406,lstm-ae-bharati-v1
BRT,BRT_PRESS_001,2026-03-02T05:37:00+00:00,987.6082752563408,0,NORMAL,0,test,0.003904922166839242,lstm-ae-bharati-v1
BRT,BRT_PRESS_001,2026-03-02T05:38:00+00:00,987.5183991574544,0,NORMAL,0,test,0.0037067316006869078,lstm-ae-bharati-v1
BRT,BRT_PRESS_001,2026-03-02T05:39:00+00:00,987.739106770392,0,NORMAL,0,test,0.004327923525124788,lstm-ae-bharati-v1
BRT,BRT_PRESS_001,2026-03-02T05:40:00+00:00,987.6989672287134,0,NORMAL,0,test,0.004151640925556421,lstm-ae-bharati-v1
BRT,BRT_PRESS_001,2026-03-02T05:41:00+00:00,987.7111347648688,0,NORMAL,0,test,0.00401765201240778,lstm-ae-bharati-v1
BRT,BRT_PRESS_001,2026-03-02T05:42:00+00:00,987.6397270783126,0,NORMAL,0,test,0.0037966088857501745,lstm-ae-bharati-v1
BRT,BRT_PRESS_001,2026-03-02T05:43:00+00:00,987.6763122857228,0,NORMAL,0,test,0.0037052545230835676,lstm-ae-bharati-v1
BRT,BRT_PRESS_001,2026-03-02T05:44:00+00:00,987.8803975670228,0,NORMAL,0,test,0.003393022809177637,lstm-ae-bharati-v1
BRT,BRT_PRESS_001,2026-03-02T05:45:00+00:00,987.6031761008056,0,NORMAL,0,test,0.003727608360350132,lstm-ae-bharati-v1
BRT,BRT_PRESS_001,2026-03-02T05:46:00+00:00,987.7463583504964,0,NORMAL,0,test,0.003323202719911933,lstm-ae-bharati-v1
BRT,BRT_PRESS_001,2026-03-02T05:47:00+00:00,987.696530346592,0,NORMAL,0,test,0.003434189595282078,lstm-ae-bharati-v1
BRT,BRT_PRESS_001,2026-03-02T05:48:00+00:00,987.8125261756096,0,NORMAL,0,test,0.003329671686515212,lstm-ae-bharati-v1
BRT,BRT_PRESS_001,2026-03-02T05:49:00+00:00,987.5975776187732,0,NORMAL,0,test,0.004026288166642189,lstm-ae-bharati-v1
BRT,BRT_PRESS_001,2026-03-02T05:50:00+00:00,987.7134497920968,0,NORMAL,0,test,0.003701114794239402,lstm-ae-bharati-v1
BRT,BRT_PRESS_001,2026-03-02T05:51:00+00:00,987.7190843440852,0,NORMAL,0,test,0.003768096910789609,lstm-ae-bharati-v1
BRT,BRT_PRESS_001,2026-03-02T05:52:00+00:00,987.700778445418,0,NORMAL,0,test,0.003992605488747358,lstm-ae-bharati-v1
BRT,BRT_PRESS_001,2026-03-02T05:53:00+00:00,987.9134380732067,0,NORMAL,0,test,0.004125476814806461,lstm-ae-bharati-v1
BRT,BRT_PRESS_001,2026-03-02T05:54:00+00:00,987.8617407961736,0,NORMAL,0,test,0.0042583453468978405,lstm-ae-bharati-v1
BRT,BRT_PRESS_001,2026-03-02T05:55:00+00:00,987.7619122022048,0,NORMAL,0,test,0.003931483719497919,lstm-ae-bharati-v1
BRT,BRT_PRESS_001,2026-03-02T05:56:00+00:00,987.8920557623968,0,NORMAL,0,test,0.004050907213240862,lstm-ae-bharati-v1
BRT,BRT_PRESS_001,2026-03-02T05:57:00+00:00,987.6938574849228,0,NORMAL,0,test,0.004686298780143261,lstm-ae-bharati-v1
BRT,BRT_PRESS_001,2026-03-02T05:58:00+00:00,987.66817395207,0,NORMAL,0,test,0.004901535343378782,lstm-ae-bharati-v1
BRT,BRT_PRESS_001,2026-03-02T05:59:00+00:00,987.7192452921556,0,NORMAL,0,test,0.004893505945801735,lstm-ae-bharati-v1
BRT,BRT_PRESS_001,2026-03-02T06:00:00+00:00,987.558585751989,1,DRIFT,1,test,0.004491881933063269,lstm-ae-bharati-v1
BRT,BRT_PRESS_001,2026-03-02T06:01:00+00:00,987.4823940340546,1,DRIFT,1,test,0.0038195813540369272,lstm-ae-bharati-v1
BRT,BRT_PRESS_001,2026-03-02T06:02:00+00:00,987.0135337594776,1,DRIFT,1,test,0.00748518155887723,lstm-ae-bharati-v1
BRT,BRT_PRESS_001,2026-03-02T06:03:00+00:00,987.0280775126046,1,DRIFT,1,test,0.009701285511255264,lstm-ae-bharati-v1
BRT,BRT_PRESS_001,2026-03-02T06:04:00+00:00,986.8974959959756,1,DRIFT,1,test,0.012119143269956112,lstm-ae-bharati-v1
BRT,BRT_PRESS_001,2026-03-02T06:05:00+00:00,986.7615924021616,1,DRIFT,1,test,0.01442796178162098,lstm-ae-bharati-v1
BRT,BRT_PRESS_001,2026-03-02T06:06:00+00:00,986.5242882211816,1,DRIFT,1,test,0.017969345673918724,lstm-ae-bharati-v1
BRT,BRT_PRESS_001,2026-03-02T06:07:00+00:00,986.3967380092532,1,DRIFT,1,test,0.02041293866932392,lstm-ae-bharati-v1
BRT,BRT_PRESS_001,2026-03-02T06:08:00+00:00,986.44891022565,1,DRIFT,1,test,0.020862670615315437,lstm-ae-bharati-v1
BRT,BRT_PRESS_001,2026-03-02T06:09:00+00:00,986.2207374980812,1,DRIFT,1,test,0.021933365613222122,lstm-ae-bharati-v1
BRT,BRT_PRESS_001,2026-03-02T06:10:00+00:00,986.1655264931682,1,DRIFT,1,test,0.021998822689056396,lstm-ae-bharati-v1
BRT,BRT_PRESS_001,2026-03-02T06:11:00+00:00,985.8386182786878,1,DRIFT,1,test,0.023703310638666153,lstm-ae-bharati-v1
BRT,BRT_PRESS_001,2026-03-02T06:12:00+00:00,985.7449323886356,1,DRIFT,1,test,0.024759657680988312,lstm-ae-bharati-v1
BRT,BRT_PRESS_001,2026-03-02T06:13:00+00:00,985.5970972170818,1,DRIFT,1,test,0.02695103920996189,lstm-ae-bharati-v1
BRT,BRT_PRESS_001,2026-03-02T06:14:00+00:00,985.424152575002,1,DRIFT,1,test,0.02851884812116623,lstm-ae-bharati-v1
BRT,BRT_PRESS_001,2026-03-02T06:15:00+00:00,985.1594021076402,1,DRIFT,1,test,0.033087633550167084,lstm-ae-bharati-v1
BRT,BRT_PRESS_001,2026-03-02T06:16:00+00:00,985.143486565619,1,DRIFT,1,test,0.03618945553898811,lstm-ae-bharati-v1
BRT,BRT_PRESS_001,2026-03-02T06:17:00+00:00,984.914730333622,1,DRIFT,1,test,0.041822273284196854,lstm-ae-bharati-v1
BRT,BRT_PRESS_001,2026-03-02T06:18:00+00:00,984.8359862031688,1,DRIFT,1,test,0.0458042211830616,lstm-ae-bharati-v1
BRT,BRT_PRESS_001,2026-03-02T06:19:00+00:00,984.7080917617428,1,DRIFT,1,test,0.051100414246320724,lstm-ae-bharati-v1
BRT,BRT_PRESS_001,2026-03-02T06:20:00+00:00,984.5880369471,1,DRIFT,1,test,0.056387703865766525,lstm-ae-bharati-v1
BRT,BRT_PRESS_001,2026-03-02T06:21:00+00:00,984.4856045249852,1,DRIFT,1,test,0.061261653900146484,lstm-ae-bharati-v1
BRT,BRT_PRESS_001,2026-03-02T06:22:00+00:00,984.454911289934,1,DRIFT,1,test,0.06536828726530075,lstm-ae-bharati-v1
BRT,BRT_PRESS_001,2026-03-02T06:23:00+00:00,984.1663015436806,1,DRIFT,1,test,0.06868741661310196,lstm-ae-bharati-v1
BRT,BRT_PRESS_001,2026-03-02T06:24:00+00:00,984.08572858414,1,DRIFT,1,test,0.07005560398101807,lstm-ae-bharati-v1
BRT,BRT_PRESS_001,2026-03-02T06:25:00+00:00,983.8302914241532,1,DRIFT,1,test,0.0732295960187912,lstm-ae-bharati-v1
BRT,BRT_PRESS_001,2026-03-02T06:26:00+00:00,983.8215676582124,1,DRIFT,1,test,0.06987857073545456,lstm-ae-bharati-v1
BRT,BRT_PRESS_001,2026-03-02T06:27:00+00:00,983.474739556153,1,DRIFT,1,test,0.0706167072057724,lstm-ae-bharati-v1
BRT,BRT_PRESS_001,2026-03-02T06:28:00+00:00,983.3546729440808,1,DRIFT,1,test,0.06925685703754425,lstm-ae-bharati-v1
BRT,BRT_PRESS_001,2026-03-02T06:29:00+00:00,983.17375006104,1,DRIFT,1,test,0.06480125337839127,lstm-ae-bharati-v1
BRT,BRT_PRESS_001,2026-03-02T06:30:00+00:00,986.807946150377,0,NORMAL,1,test,0.16676399111747742,lstm-ae-bharati-v1
BRT,BRT_PRESS_001,2026-03-02T06:31:00+00:00,986.9320520618456,0,NORMAL,1,test,0.2694922387599945,lstm-ae-bharati-v1
BRT,BRT_PRESS_001,2026-03-02T06:32:00+00:00,986.8077959656885,0,NORMAL,1,test,0.33997732400894165,lstm-ae-bharati-v1
BRT,BRT_PRESS_001,2026-03-02T06:33:00+00:00,986.705663063704,0,NORMAL,1,test,0.3831305503845215,lstm-ae-bharati-v1
BRT,BRT_PRESS_001,2026-03-02T06:34:00+00:00,986.791026767396,0,NORMAL,1,test,0.4182768166065216,lstm-ae-bharati-v1
BRT,BRT_PRESS_001,2026-03-02T06:35:00+00:00,986.7973586947928,0,NORMAL,1,test,0.4427383542060852,lstm-ae-bharati-v1
BRT,BRT_PRESS_001,2026-03-02T06:36:00+00:00,986.7722484459536,0,NORMAL,1,test,0.45701733231544495,lstm-ae-bharati-v1
BRT,BRT_PRESS_001,2026-03-02T06:37:00+00:00,986.656085806737,0,NORMAL,1,test,0.45718035101890564,lstm-ae-bharati-v1
BRT,BRT_PRESS_001,2026-03-02T06:38:00+00:00,986.6240747271572,0,NORMAL,1,test,0.44171851873397827,lstm-ae-bharati-v1
BRT,BRT_PRESS_001,2026-03-02T06:39:00+00:00,986.6312714601268,0,NORMAL,1,test,0.4227079451084137,lstm-ae-bharati-v1
BRT,BRT_PRESS_001,2026-03-02T06:40:00+00:00,986.7504496918638,0,NORMAL,1,test,0.3962405323982239,lstm-ae-bharati-v1
BRT,BRT_PRESS_001,2026-03-02T06:41:00+00:00,986.7425263030171,0,NORMAL,1,test,0.3738107681274414,lstm-ae-bharati-v1
BRT,BRT_PRESS_001,2026-03-02T06:42:00+00:00,986.635991719971,0,NORMAL,1,test,0.3494855761528015,lstm-ae-bharati-v1
BRT,BRT_PRESS_001,2026-03-02T06:43:00+00:00,986.6932982050886,0,NORMAL,1,test,0.32495421171188354,lstm-ae-bharati-v1
BRT,BRT_PRESS_001,2026-03-02T06:44:00+00:00,986.7068434023864,0,NORMAL,1,test,0.30400434136390686,lstm-ae-bharati-v1
BRT,BRT_PRESS_001,2026-03-02T06:45:00+00:00,986.6809372613568,0,NORMAL,1,test,0.2900964021682739,lstm-ae-bharati-v1
BRT,BRT_PRESS_001,2026-03-02T06:46:00+00:00,986.4330397496489,0,NORMAL,1,test,0.2805669903755188,lstm-ae-bharati-v1
BRT,BRT_PRESS_001,2026-03-02T06:47:00+00:00,986.4790857770377,0,NORMAL,1,test,0.27635708451271057,lstm-ae-bharati-v1
BRT,BRT_PRESS_001,2026-03-02T06:48:00+00:00,986.3983879947156,0,NORMAL,1,test,0.2765998840332031,lstm-ae-bharati-v1
BRT,BRT_PRESS_001,2026-03-02T06:49:00+00:00,986.3379430910256,0,NORMAL,1,test,0.2814598083496094,lstm-ae-bharati-v1
BRT,BRT_PRESS_001,2026-03-02T06:50:00+00:00,986.1800148402042,0,NORMAL,1,test,0.2916203737258911,lstm-ae-bharati-v1
BRT,BRT_PRESS_001,2026-03-02T06:51:00+00:00,986.165153342702,0,NORMAL,1,test,0.30319491028785706,lstm-ae-bharati-v1
BRT,BRT_PRESS_001,2026-03-02T06:52:00+00:00,986.170744351258,0,NORMAL,1,test,0.31431370973587036,lstm-ae-bharati-v1
BRT,BRT_PRESS_001,2026-03-02T06:53:00+00:00,985.8529556058792,0,NORMAL,1,test,0.3262779116630554,lstm-ae-bharati-v1
BRT,BRT_PRESS_001,2026-03-02T06:54:00+00:00,985.8796216753016,0,NORMAL,1,test,0.3303473889827728,lstm-ae-bharati-v1
BRT,BRT_PRESS_001,2026-03-02T06:55:00+00:00,985.6901084611764,0,NORMAL,1,test,0.32049140334129333,lstm-ae-bharati-v1
BRT,BRT_PRESS_001,2026-03-02T06:56:00+00:00,985.8438557565452,0,NORMAL,1,test,0.2949095368385315,lstm-ae-bharati-v1
BRT,BRT_PRESS_001,2026-03-02T06:57:00+00:00,985.8451731761888,0,NORMAL,1,test,0.23652321100234985,lstm-ae-bharati-v1
BRT,BRT_PRESS_001,2026-03-02T06:58:00+00:00,985.789648819553,0,NORMAL,1,test,0.14366038143634796,lstm-ae-bharati-v1
BRT,BRT_PRESS_001,2026-03-02T06:59:00+00:00,985.956167798895,0,NORMAL,0,test,0.0056431530974805355,lstm-ae-bharati-v1
BRT,BRT_PRESS_001,2026-03-02T07:00:00+00:00,985.8289116311712,0,NORMAL,0,test,0.005210629664361477,lstm-ae-bharati-v1
BRT,BRT_PRESS_001,2026-03-02T07:01:00+00:00,985.8120424192828,0,NORMAL,0,test,0.0049934773705899715,lstm-ae-bharati-v1
BRT,BRT_PRESS_001,2026-03-02T07:02:00+00:00,985.7140329925892,0,NORMAL,0,test,0.004631864372640848,lstm-ae-bharati-v1
BRT,BRT_PRESS_001,2026-03-02T07:03:00+00:00,985.6154842268716,0,NORMAL,0,test,0.0041611953638494015,lstm-ae-bharati-v1
BRT,BRT_PRESS_001,2026-03-02T07:04:00+00:00,985.644986872269,0,NORMAL,0,test,0.004086692351847887,lstm-ae-bharati-v1
BRT,BRT_PRESS_001,2026-03-02T07:05:00+00:00,985.5636445707584,0,NORMAL,0,test,0.004120151046663523,lstm-ae-bharati-v1
BRT,BRT_PRESS_001,2026-03-02T07:06:00+00:00,985.345295920896,0,NORMAL,0,test,0.004384642466902733,lstm-ae-bharati-v1
BRT,BRT_PRESS_001,2026-03-02T07:07:00+00:00,985.3714604835916,0,NORMAL,0,test,0.004428199026733637,lstm-ae-bharati-v1
BRT,BRT_PRESS_001,2026-03-02T07:08:00+00:00,985.3526134846778,0,NORMAL,0,test,0.0045146639458835125,lstm-ae-bharati-v1
BRT,BRT_PRESS_001,2026-03-02T07:09:00+00:00,985.4527834606132,0,NORMAL,0,test,0.0050588627345860004,lstm-ae-bharati-v1
BRT,BRT_PRESS_001,2026-03-02T07:10:00+00:00,985.2871188573174,0,NORMAL,0,test,0.00546762440353632,lstm-ae-bharati-v1
BRT,BRT_PRESS_001,2026-03-02T07:11:00+00:00,985.2079891258204,0,NORMAL,0,test,0.005708073731511831,lstm-ae-bharati-v1
BRT,BRT_PRESS_001,2026-03-02T07:12:00+00:00,985.2343884393438,0,NORMAL,0,test,0.006052686832845211,lstm-ae-bharati-v1
BRT,BRT_PRESS_001,2026-03-02T07:13:00+00:00,985.1462466019024,0,NORMAL,0,test,0.006006453651934862,lstm-ae-bharati-v1
BRT,BRT_PRESS_001,2026-03-02T07:14:00+00:00,984.9679513519798,0,NORMAL,0,test,0.005699141416698694,lstm-ae-bharati-v1
BRT,BRT_PRESS_001,2026-03-02T07:15:00+00:00,984.9002965151184,0,NORMAL,0,test,0.004990227520465851,lstm-ae-bharati-v1
BRT,BRT_PRESS_001,2026-03-02T07:16:00+00:00,984.8013197729232,0,NORMAL,0,test,0.005170749966055155,lstm-ae-bharati-v1
BRT,BRT_PRESS_001,2026-03-02T07:17:00+00:00,984.8684480810892,0,NORMAL,0,test,0.0046105035580694675,lstm-ae-bharati-v1
BRT,BRT_PRESS_001,2026-03-02T07:18:00+00:00,984.8009512681426,0,NORMAL,0,test,0.004177269991487265,lstm-ae-bharati-v1
BRT,BRT_PRESS_001,2026-03-02T07:19:00+00:00,984.580364293588,0,NORMAL,0,test,0.004196118097752333,lstm-ae-bharati-v1
BRT,BRT_PRESS_001,2026-03-02T07:57:00+00:00,983.2380725343622,0,NORMAL,0,test,0.00468751136213541,lstm-ae-bharati-v1
BRT,BRT_PRESS_001,2026-03-02T07:58:00+00:00,983.2376866432312,0,NORMAL,0,test,0.004687786102294922,lstm-ae-bharati-v1
BRT,BRT_PRESS_001,2026-03-02T07:59:00+00:00,983.0334611839528,0,NORMAL,0,test,0.0048051136545836926,lstm-ae-bharati-v1
BRT,BRT_PRESS_001,2026-03-02T08:00:00+00:00,982.8889366165234,0,NORMAL,0,test,0.005574039649218321,lstm-ae-bharati-v1
BRT,BRT_PRESS_001,2026-03-02T08:01:00+00:00,982.7763975558444,0,NORMAL,0,test,0.006496901158243418,lstm-ae-bharati-v1
BRT,BRT_PRESS_001,2026-03-02T08:02:00+00:00,982.726630875168,0,NORMAL,0,test,0.007135059218853712,lstm-ae-bharati-v1
BRT,BRT_PRESS_001,2026-03-02T08:03:00+00:00,982.8607975467688,0,NORMAL,0,test,0.006336977705359459,lstm-ae-bharati-v1
BRT,BRT_PRESS_001,2026-03-02T08:04:00+00:00,982.7597597876722,0,NORMAL,0,test,0.0054437159560620785,lstm-ae-bharati-v1
BRT,BRT_PRESS_001,2026-03-02T08:05:00+00:00,982.9059881136492,0,NORMAL,0,test,0.004806286655366421,lstm-ae-bharati-v1
BRT,BRT_PRESS_001,2026-03-02T08:06:00+00:00,982.7686570062176,0,NORMAL,0,test,0.004568444099277258,lstm-ae-bharati-v1
BRT,BRT_PRESS_001,2026-03-02T08:07:00+00:00,982.8214835080996,0,NORMAL,0,test,0.00443605799227953,lstm-ae-bharati-v1
BRT,BRT_PRESS_001,2026-03-02T08:08:00+00:00,982.9567315997411,0,NORMAL,0,test,0.004461741074919701,lstm-ae-bharati-v1
BRT,BRT_PRESS_001,2026-03-02T08:09:00+00:00,982.83466496886,0,NORMAL,0,test,0.004015825223177671,lstm-ae-bharati-v1
BRT,BRT_PRESS_001,2026-03-02T08:10:00+00:00,982.9435377036992,0,NORMAL,0,test,0.004398989491164684,lstm-ae-bharati-v1
BRT,BRT_PRESS_001,2026-03-02T08:11:00+00:00,982.6427166373828,0,NORMAL,0,test,0.004384061321616173,lstm-ae-bharati-v1
BRT,BRT_PRESS_001,2026-03-02T08:12:00+00:00,982.8536608679402,0,NORMAL,0,test,0.0044714948162436485,lstm-ae-bharati-v1
BRT,BRT_PRESS_001,2026-03-02T08:13:00+00:00,982.6605168548268,0,NORMAL,0,test,0.00428647268563509,lstm-ae-bharati-v1
BRT,BRT_PRESS_001,2026-03-02T08:14:00+00:00,982.6977979245128,0,NORMAL,0,test,0.0042345901019871235,lstm-ae-bharati-v1
BRT,BRT_PRESS_001,2026-03-02T08:15:00+00:00,982.777331957222,0,NORMAL,0,test,0.004449518863111734,lstm-ae-bharati-v1
BRT,BRT_PRESS_001,2026-03-02T08:16:00+00:00,982.5329990451106,0,NORMAL,0,test,0.004371403716504574,lstm-ae-bharati-v1
BRT,BRT_PRESS_001,2026-03-02T08:17:00+00:00,982.4278559423394,0,NORMAL,0,test,0.004745764192193747,lstm-ae-bharati-v1
BRT,BRT_PRESS_001,2026-03-02T08:18:00+00:00,982.4735363004656,0,NORMAL,0,test,0.00484461197629571,lstm-ae-bharati-v1
BRT,BRT_PRESS_001,2026-03-02T08:19:00+00:00,982.3447368952054,0,NORMAL,0,test,0.005082579329609871,lstm-ae-bharati-v1
BRT,BRT_PRESS_001,2026-03-02T08:20:00+00:00,982.3447368952054,1,STUCK_VALUE,1,test,0.005149927921593189,lstm-ae-bharati-v1
BRT,BRT_PRESS_001,2026-03-02T08:21:00+00:00,982.3447368952054,1,STUCK_VALUE,1,test,0.005353468935936689,lstm-ae-bharati-v1
BRT,BRT_PRESS_001,2026-03-02T08:22:00+00:00,982.3447368952054,1,STUCK_VALUE,1,test,0.005388783756643534,lstm-ae-bharati-v1
BRT,BRT_PRESS_001,2026-03-02T08:23:00+00:00,982.3447368952054,1,STUCK_VALUE,1,test,0.005368669982999563,lstm-ae-bharati-v1
BRT,BRT_PRESS_001,2026-03-02T08:24:00+00:00,982.3447368952054,1,STUCK_VALUE,1,test,0.005299193784594536,lstm-ae-bharati-v1
BRT,BRT_PRESS_001,2026-03-02T08:25:00+00:00,982.3447368952054,1,STUCK_VALUE,1,test,0.0052714478224515915,lstm-ae-bharati-v1
BRT,BRT_PRESS_001,2026-03-02T08:26:00+00:00,982.3447368952054,1,STUCK_VALUE,1,test,0.005423297174274921,lstm-ae-bharati-v1
BRT,BRT_PRESS_001,2026-03-02T08:27:00+00:00,982.3447368952054,1,STUCK_VALUE,1,test,0.005469237919896841,lstm-ae-bharati-v1
BRT,BRT_PRESS_001,2026-03-02T08:28:00+00:00,982.3447368952054,1,STUCK_VALUE,1,test,0.005197268910706043,lstm-ae-bharati-v1
BRT,BRT_PRESS_001,2026-03-02T08:29:00+00:00,982.3447368952054,1,STUCK_VALUE,1,test,0.005140939727425575,lstm-ae-bharati-v1
BRT,BRT_PRESS_001,2026-03-02T08:30:00+00:00,982.3447368952054,1,STUCK_VALUE,1,test,0.004887448623776436,lstm-ae-bharati-v1
BRT,BRT_PRESS_001,2026-03-02T08:31:00+00:00,982.3447368952054,1,STUCK_VALUE,1,test,0.004317117389291525,lstm-ae-bharati-v1
BRT,BRT_PRESS_001,2026-03-02T08:32:00+00:00,982.3447368952054,1,STUCK_VALUE,1,test,0.003636807668954134,lstm-ae-bharati-v1
BRT,BRT_PRESS_001,2026-03-02T08:33:00+00:00,982.3447368952054,1,STUCK_VALUE,1,test,0.0034992238506674767,lstm-ae-bharati-v1
BRT,BRT_PRESS_001,2026-03-02T08:34:00+00:00,982.3447368952054,1,STUCK_VALUE,1,test,0.0031950371339917183,lstm-ae-bharati-v1
BRT,BRT_PRESS_001,2026-03-02T08:35:00+00:00,982.3447368952054,1,STUCK_VALUE,1,test,0.003151153912767768,lstm-ae-bharati-v1
BRT,BRT_PRESS_001,2026-03-02T08:36:00+00:00,982.3447368952054,1,STUCK_VALUE,1,test,0.0030574838165193796,lstm-ae-bharati-v1
BRT,BRT_PRESS_001,2026-03-02T08:37:00+00:00,982.3447368952054,1,STUCK_VALUE,1,test,0.003109952202066779,lstm-ae-bharati-v1
BRT,BRT_PRESS_001,2026-03-02T08:38:00+00:00,982.3447368952054,1,STUCK_VALUE,1,test,0.002903830958530307,lstm-ae-bharati-v1
BRT,BRT_PRESS_001,2026-03-02T08:39:00+00:00,982.3447368952054,1,STUCK_VALUE,1,test,0.002775144297629595,lstm-ae-bharati-v1
BRT,BRT_PRESS_001,2026-03-02T08:40:00+00:00,982.3447368952054,1,STUCK_VALUE,1,test,0.002198426518589258,lstm-ae-bharati-v1
BRT,BRT_PRESS_001,2026-03-02T08:41:00+00:00,982.3447368952054,1,STUCK_VALUE,1,test,0.0020454884506762028,lstm-ae-bharati-v1
BRT,BRT_PRESS_001,2026-03-02T08:42:00+00:00,982.3447368952054,1,STUCK_VALUE,1,test,0.0015084139304235578,lstm-ae-bharati-v1
BRT,BRT_PRESS_001,2026-03-02T08:43:00+00:00,982.3447368952054,1,STUCK_VALUE,1,test,0.0014552598586305976,lstm-ae-bharati-v1
BRT,BRT_PRESS_001,2026-03-02T08:44:00+00:00,983.0508984082936,0,NORMAL,1,test,0.005413969047367573,lstm-ae-bharati-v1
BRT,BRT_PRESS_001,2026-03-02T08:45:00+00:00,983.025652226816,0,NORMAL,1,test,0.007059614639729261,lstm-ae-bharati-v1
BRT,BRT_PRESS_001,2026-03-02T08:46:00+00:00,982.8668569695812,0,NORMAL,1,test,0.007576151750981808,lstm-ae-bharati-v1
BRT,BRT_PRESS_001,2026-03-02T08:47:00+00:00,982.9174425759104,0,NORMAL,1,test,0.007881560362875462,lstm-ae-bharati-v1
BRT,BRT_PRESS_001,2026-03-02T08:48:00+00:00,982.964671844426,0,NORMAL,1,test,0.008207944221794605,lstm-ae-bharati-v1
BRT,BRT_PRESS_001,2026-03-02T08:49:00+00:00,982.9782843781704,0,NORMAL,1,test,0.008302319794893265,lstm-ae-bharati-v1
BRT,BRT_PRESS_001,2026-03-02T08:50:00+00:00,982.8200429222702,0,NORMAL,1,test,0.008064095862209797,lstm-ae-bharati-v1
BRT,BRT_PRESS_001,2026-03-02T08:51:00+00:00,982.7868514310234,0,NORMAL,1,test,0.007926116697490215,lstm-ae-bharati-v1
BRT,BRT_PRESS_001,2026-03-02T08:52:00+00:00,982.8335688180184,0,NORMAL,1,test,0.0077809919603168964,lstm-ae-bharati-v1
BRT,BRT_PRESS_001,2026-03-02T08:53:00+00:00,982.8821437826006,0,NORMAL,1,test,0.0076468694023787975,lstm-ae-bharati-v1
BRT,BRT_PRESS_001,2026-03-02T08:54:00+00:00,982.7187055913588,0,NORMAL,1,test,0.008235406130552292,lstm-ae-bharati-v1
BRT,BRT_PRESS_001,2026-03-02T08:55:00+00:00,983.1133797896016,0,NORMAL,1,test,0.008307022973895073,lstm-ae-bharati-v1
BRT,BRT_PRESS_001,2026-03-02T08:56:00+00:00,982.955566118296,0,NORMAL,1,test,0.008394048549234867,lstm-ae-bharati-v1
BRT,BRT_PRESS_001,2026-03-02T08:57:00+00:00,983.1102425003282,0,NORMAL,1,test,0.008456651121377945,lstm-ae-bharati-v1
BRT,BRT_PRESS_001,2026-03-02T08:58:00+00:00,983.035008523802,0,NORMAL,1,test,0.008681897073984146,lstm-ae-bharati-v1
BRT,BRT_PRESS_001,2026-03-02T08:59:00+00:00,983.074471201243,0,NORMAL,1,test,0.008973540738224983,lstm-ae-bharati-v1
BRT,BRT_PRESS_001,2026-03-02T09:00:00+00:00,983.0662224699424,0,NORMAL,1,test,0.009419905953109264,lstm-ae-bharati-v1
BRT,BRT_PRESS_001,2026-03-02T09:01:00+00:00,983.0591554193768,0,NORMAL,1,test,0.010014406405389309,lstm-ae-bharati-v1
BRT,BRT_PRESS_001,2026-03-02T09:02:00+00:00,983.2521499338266,0,NORMAL,1,test,0.01035701110959053,lstm-ae-bharati-v1
BRT,BRT_PRESS_001,2026-03-02T09:03:00+00:00,983.1906727421002,0,NORMAL,1,test,0.010768385604023933,lstm-ae-bharati-v1
BRT,BRT_PRESS_001,2026-03-02T09:04:00+00:00,983.07598287488,0,NORMAL,1,test,0.01157879177480936,lstm-ae-bharati-v1
BRT,BRT_PRESS_001,2026-03-02T09:05:00+00:00,983.0180669138308,0,NORMAL,1,test,0.012601927854120731,lstm-ae-bharati-v1
BRT,BRT_PRESS_001,2026-03-02T09:06:00+00:00,983.1507747614778,0,NORMAL,1,test,0.012857546098530293,lstm-ae-bharati-v1
BRT,BRT_PRESS_001,2026-03-02T09:07:00+00:00,983.2681407342948,0,NORMAL,1,test,0.012664919719099998,lstm-ae-bharati-v1
BRT,BRT_PRESS_001,2026-03-02T09:08:00+00:00,983.3254934289596,0,NORMAL,1,test,0.012147558853030205,lstm-ae-bharati-v1
BRT,BRT_PRESS_001,2026-03-02T09:09:00+00:00,983.4757763951634,0,NORMAL,1,test,0.01140427403151989,lstm-ae-bharati-v1
BRT,BRT_PRESS_001,2026-03-02T09:10:00+00:00,983.4134441701484,0,NORMAL,1,test,0.010081884451210499,lstm-ae-bharati-v1
BRT,BRT_PRESS_001,2026-03-02T09:11:00+00:00,983.3403671142944,0,NORMAL,1,test,0.008447771891951561,lstm-ae-bharati-v1
BRT,BRT_PRESS_001,2026-03-02T09:12:00+00:00,983.5717395813292,0,NORMAL,1,test,0.0068709272891283035,lstm-ae-bharati-v1
BRT,BRT_PRESS_001,2026-03-02T09:13:00+00:00,983.5397029164404,0,NORMAL,0,test,0.004088481888175011,lstm-ae-bharati-v1
BRT,BRT_PRESS_001,2026-03-02T09:14:00+00:00,983.5991552017306,0,NORMAL,0,test,0.003661506809294224,lstm-ae-bharati-v1
BRT,BRT_PRESS_001,2026-03-02T09:15:00+00:00,983.5603248095,0,NORMAL,0,test,0.0032990784384310246,lstm-ae-bharati-v1
BRT,BRT_PRESS_001,2026-03-02T09:16:00+00:00,983.9661254874218,0,NORMAL,0,test,0.004639765247702599,lstm-ae-bharati-v1
BRT,BRT_PRESS_001,2026-03-02T09:17:00+00:00,983.802241072207,0,NORMAL,0,test,0.004592853132635355,lstm-ae-bharati-v1
BRT,BRT_PRESS_001,2026-03-02T09:18:00+00:00,984.0389719312572,0,NORMAL,0,test,0.004949560388922691,lstm-ae-bharati-v1
BRT,BRT_PRESS_001,2026-03-02T09:19:00+00:00,984.0394823545216,0,NORMAL,0,test,0.0049019455909729,lstm-ae-bharati-v1
BRT,BRT_TEMP_001,2026-03-02T04:49:00+00:00,-10.16433284159128,0,NORMAL,0,test,0.0026374224107712507,lstm-ae-bharati-v1
BRT,BRT_TEMP_001,2026-03-02T04:50:00+00:00,-10.186388046125176,0,NORMAL,0,test,0.0026395239401608706,lstm-ae-bharati-v1
BRT,BRT_TEMP_001,2026-03-02T04:51:00+00:00,-9.949047290280616,0,NORMAL,0,test,0.002528398297727108,lstm-ae-bharati-v1
BRT,BRT_TEMP_001,2026-03-02T04:52:00+00:00,-9.65530064746484,0,NORMAL,0,test,0.0030394073110073805,lstm-ae-bharati-v1
BRT,BRT_TEMP_001,2026-03-02T04:53:00+00:00,-10.03954331125777,0,NORMAL,0,test,0.0027551164384931326,lstm-ae-bharati-v1
BRT,BRT_TEMP_001,2026-03-02T04:54:00+00:00,-9.946250706241726,0,NORMAL,0,test,0.00277447490952909,lstm-ae-bharati-v1
BRT,BRT_TEMP_001,2026-03-02T04:55:00+00:00,-9.818761803220172,0,NORMAL,0,test,0.002835360588505864,lstm-ae-bharati-v1
BRT,BRT_TEMP_001,2026-03-02T04:56:00+00:00,-9.860777139091956,0,NORMAL,0,test,0.003003787947818637,lstm-ae-bharati-v1
BRT,BRT_TEMP_001,2026-03-02T04:57:00+00:00,-9.569211772292403,0,NORMAL,0,test,0.0029480045195668936,lstm-ae-bharati-v1
BRT,BRT_TEMP_001,2026-03-02T04:58:00+00:00,-9.783399072567056,0,NORMAL,0,test,0.0031196302734315395,lstm-ae-bharati-v1
BRT,BRT_TEMP_001,2026-03-02T04:59:00+00:00,-9.654209054695777,0,NORMAL,0,test,0.0031351186335086823,lstm-ae-bharati-v1
BRT,BRT_TEMP_001,2026-03-02T05:00:00+00:00,-20.26173995692827,1,SPIKE,1,test,0.5792332291603088,lstm-ae-bharati-v1
BRT,BRT_TEMP_001,2026-03-02T05:01:00+00:00,-19.9401267496398,1,SPIKE,1,test,1.0133578777313232,lstm-ae-bharati-v1
BRT,BRT_TEMP_001,2026-03-02T05:02:00+00:00,-19.90493764302382,1,SPIKE,1,test,1.2690489292144775,lstm-ae-bharati-v1
BRT,BRT_TEMP_001,2026-03-02T05:03:00+00:00,-9.148130155092485,0,NORMAL,1,test,1.3452731370925903,lstm-ae-bharati-v1
BRT,BRT_TEMP_001,2026-03-02T05:04:00+00:00,-8.768616414449571,0,NORMAL,1,test,1.4136978387832642,lstm-ae-bharati-v1
BRT,BRT_TEMP_001,2026-03-02T05:05:00+00:00,-9.089205996880732,0,NORMAL,1,test,1.4583499431610107,lstm-ae-bharati-v1
BRT,BRT_TEMP_001,2026-03-02T05:06:00+00:00,-9.192943652114575,0,NORMAL,1,test,1.4956387281417847,lstm-ae-bharati-v1
BRT,BRT_TEMP_001,2026-03-02T05:07:00+00:00,-8.80594941174988,0,NORMAL,1,test,1.5402758121490479,lstm-ae-bharati-v1
BRT,BRT_TEMP_001,2026-03-02T05:08:00+00:00,-8.937787280843748,0,NORMAL,1,test,1.5768887996673584,lstm-ae-bharati-v1
BRT,BRT_TEMP_001,2026-03-02T05:09:00+00:00,-8.55551278717454,0,NORMAL,1,test,1.6187337636947632,lstm-ae-bharati-v1
BRT,BRT_TEMP_001,2026-03-02T05:10:00+00:00,-8.714002009570404,0,NORMAL,1,test,1.6499669551849365,lstm-ae-bharati-v1
BRT,BRT_TEMP_001,2026-03-02T05:11:00+00:00,-8.726343406447882,0,NORMAL,1,test,1.674570918083191,lstm-ae-bharati-v1
BRT,BRT_TEMP_001,2026-03-02T05:12:00+00:00,-8.656461344895954,0,NORMAL,1,test,1.6943211555480957,lstm-ae-bharati-v1
BRT,BRT_TEMP_001,2026-03-02T05:13:00+00:00,-8.526100240774818,0,NORMAL,1,test,1.7085801362991333,lstm-ae-bharati-v1
BRT,BRT_TEMP_001,2026-03-02T05:14:00+00:00,-8.440668345074862,0,NORMAL,1,test,1.7168316841125488,lstm-ae-bharati-v1
BRT,BRT_TEMP_001,2026-03-02T05:15:00+00:00,-8.331228721956222,0,NORMAL,1,test,1.7170454263687134,lstm-ae-bharati-v1
BRT,BRT_TEMP_001,2026-03-02T05:16:00+00:00,-8.065570864076346,0,NORMAL,1,test,1.7149022817611694,lstm-ae-bharati-v1
BRT,BRT_TEMP_001,2026-03-02T05:17:00+00:00,-7.901140041726202,0,NORMAL,1,test,1.7073652744293213,lstm-ae-bharati-v1
BRT,BRT_TEMP_001,2026-03-02T05:18:00+00:00,-7.769519133043449,0,NORMAL,1,test,1.6944822072982788,lstm-ae-bharati-v1
BRT,BRT_TEMP_001,2026-03-02T05:19:00+00:00,-7.935056460245479,0,NORMAL,1,test,1.6749612092971802,lstm-ae-bharati-v1
BRT,BRT_TEMP_001,2026-03-02T05:20:00+00:00,-7.848329852661981,0,NORMAL,1,test,1.6522786617279053,lstm-ae-bharati-v1
BRT,BRT_TEMP_001,2026-03-02T05:21:00+00:00,-7.734277459321167,0,NORMAL,1,test,1.6226887702941895,lstm-ae-bharati-v1
BRT,BRT_TEMP_001,2026-03-02T05:22:00+00:00,-7.778274260011538,0,NORMAL,1,test,1.5853191614151,lstm-ae-bharati-v1
BRT,BRT_TEMP_001,2026-03-02T05:23:00+00:00,-7.782676649248908,0,NORMAL,1,test,1.557990550994873,lstm-ae-bharati-v1
BRT,BRT_TEMP_001,2026-03-02T05:24:00+00:00,-7.882199774607339,0,NORMAL,1,test,1.531095266342163,lstm-ae-bharati-v1
BRT,BRT_TEMP_001,2026-03-02T05:25:00+00:00,-7.695150146081798,0,NORMAL,1,test,1.507595419883728,lstm-ae-bharati-v1
BRT,BRT_TEMP_001,2026-03-02T05:26:00+00:00,-7.765346960995012,0,NORMAL,1,test,1.4896870851516724,lstm-ae-bharati-v1
BRT,BRT_TEMP_001,2026-03-02T05:27:00+00:00,-7.6635951534811,0,NORMAL,1,test,1.472833514213562,lstm-ae-bharati-v1
BRT,BRT_TEMP_001,2026-03-02T05:28:00+00:00,-7.632207998376929,0,NORMAL,1,test,1.4657224416732788,lstm-ae-bharati-v1
BRT,BRT_TEMP_001,2026-03-02T05:29:00+00:00,-7.318641610159045,0,NORMAL,1,test,1.481136679649353,lstm-ae-bharati-v1
BRT,BRT_TEMP_001,2026-03-02T05:30:00+00:00,-7.432370588260487,0,NORMAL,1,test,1.039487600326538,lstm-ae-bharati-v1
BRT,BRT_TEMP_001,2026-03-02T05:31:00+00:00,-7.466622450206541,0,NORMAL,1,test,0.5783928036689758,lstm-ae-bharati-v1
BRT,BRT_TEMP_001,2026-03-02T05:32:00+00:00,-7.350836588782944,0,NORMAL,0,test,0.0035675009712576866,lstm-ae-bharati-v1
BRT,BRT_TEMP_001,2026-03-02T05:33:00+00:00,-7.1216053221424165,0,NORMAL,0,test,0.0033755451440811157,lstm-ae-bharati-v1
BRT,BRT_TEMP_001,2026-03-02T05:34:00+00:00,-6.913395105639754,0,NORMAL,0,test,0.003948562778532505,lstm-ae-bharati-v1
BRT,BRT_TEMP_001,2026-03-02T05:35:00+00:00,-7.059085090049537,0,NORMAL,0,test,0.004195764195173979,lstm-ae-bharati-v1
BRT,BRT_TEMP_001,2026-03-02T05:36:00+00:00,-7.145562794647895,0,NORMAL,0,test,0.003587839426472783,lstm-ae-bharati-v1
BRT,BRT_TEMP_001,2026-03-02T05:37:00+00:00,-6.940835237951489,0,NORMAL,0,test,0.003878061193972826,lstm-ae-bharati-v1
BRT,BRT_TEMP_001,2026-03-02T05:38:00+00:00,-7.062769627617165,0,NORMAL,0,test,0.0035532419569790363,lstm-ae-bharati-v1
BRT,BRT_TEMP_001,2026-03-02T05:39:00+00:00,-7.073807547761276,0,NORMAL,0,test,0.004046735819429159,lstm-ae-bharati-v1
BRT,BRT_TEMP_001,2026-03-02T05:40:00+00:00,-6.726849411281407,0,NORMAL,0,test,0.004407896194607019,lstm-ae-bharati-v1
BRT,BRT_TEMP_001,2026-03-02T05:41:00+00:00,-6.923371352039576,0,NORMAL,0,test,0.004431368783116341,lstm-ae-bharati-v1
BRT,BRT_TEMP_001,2026-03-02T05:42:00+00:00,-7.029735258001698,0,NORMAL,0,test,0.004380476661026478,lstm-ae-bharati-v1
BRT,BRT_TEMP_001,2026-03-02T05:43:00+00:00,-6.844025975286951,0,NORMAL,0,test,0.004064557142555714,lstm-ae-bharati-v1
BRT,BRT_TEMP_001,2026-03-02T05:44:00+00:00,-6.690618585857013,0,NORMAL,0,test,0.003681820584461093,lstm-ae-bharati-v1
BRT,BRT_TEMP_001,2026-03-02T05:45:00+00:00,-6.862368924753732,0,NORMAL,0,test,0.0031919097527861595,lstm-ae-bharati-v1
BRT,BRT_TEMP_001,2026-03-02T05:46:00+00:00,-6.639206771351953,0,NORMAL,0,test,0.002814131323248148,lstm-ae-bharati-v1
BRT,BRT_TEMP_001,2026-03-02T05:47:00+00:00,-6.729980403077608,0,NORMAL,0,test,0.0025584634859114885,lstm-ae-bharati-v1
BRT,BRT_TEMP_001,2026-03-02T05:48:00+00:00,-6.493881622739356,0,NORMAL,0,test,0.002433201065286994,lstm-ae-bharati-v1
BRT,BRT_TEMP_001,2026-03-02T05:49:00+00:00,-6.615493937800766,0,NORMAL,0,test,0.0023178632836788893,lstm-ae-bharati-v1
BRT,BRT_TEMP_001,2026-03-02T05:50:00+00:00,-6.753649277309074,0,NORMAL,0,test,0.002367827808484435,lstm-ae-bharati-v1
BRT,BRT_TEMP_001,2026-03-02T05:51:00+00:00,-6.519957646010187,0,NORMAL,0,test,0.002306995214894414,lstm-ae-bharati-v1
BRT,BRT_TEMP_001,2026-03-02T05:52:00+00:00,-6.6764297425600825,0,NORMAL,0,test,0.0026241401210427284,lstm-ae-bharati-v1
BRT,BRT_TEMP_001,2026-03-02T05:53:00+00:00,-6.572786463590736,0,NORMAL,0,test,0.002834379207342863,lstm-ae-bharati-v1
BRT,BRT_TEMP_001,2026-03-02T05:54:00+00:00,-6.961032985909734,0,NORMAL,0,test,0.0037810446228832006,lstm-ae-bharati-v1
BRT,BRT_TEMP_001,2026-03-02T05:55:00+00:00,-6.831482504946164,0,NORMAL,0,test,0.004220809321850538,lstm-ae-bharati-v1
BRT,BRT_TEMP_001,2026-03-02T05:56:00+00:00,-6.9963017891201345,0,NORMAL,0,test,0.0048077525570988655,lstm-ae-bharati-v1
BRT,BRT_TEMP_001,2026-03-02T05:57:00+00:00,-6.9254742799116435,0,NORMAL,0,test,0.004783023614436388,lstm-ae-bharati-v1
BRT,BRT_TEMP_001,2026-03-02T05:58:00+00:00,-6.759800217065609,0,NORMAL,0,test,0.004167631734162569,lstm-ae-bharati-v1
BRT,BRT_TEMP_001,2026-03-02T05:59:00+00:00,-6.874927999586754,0,NORMAL,0,test,0.004499044734984636,lstm-ae-bharati-v1
BRT,BRT_TEMP_001,2026-03-02T06:00:00+00:00,-7.062637864451988,1,DRIFT,1,test,0.004879388026893139,lstm-ae-bharati-v1
BRT,BRT_TEMP_001,2026-03-02T06:01:00+00:00,-7.224429867511272,1,DRIFT,1,test,0.005124538671225309,lstm-ae-bharati-v1
BRT,BRT_TEMP_001,2026-03-02T06:02:00+00:00,-7.360246619208626,1,DRIFT,1,test,0.005692848935723305,lstm-ae-bharati-v1
BRT,BRT_TEMP_001,2026-03-02T06:03:00+00:00,-7.50755991888693,1,DRIFT,1,test,0.007050150539726019,lstm-ae-bharati-v1
BRT,BRT_TEMP_001,2026-03-02T06:04:00+00:00,-7.591559974368994,1,DRIFT,1,test,0.008220957592129707,lstm-ae-bharati-v1
BRT,BRT_TEMP_001,2026-03-02T06:05:00+00:00,-8.317510198136809,1,DRIFT,1,test,0.014448626898229122,lstm-ae-bharati-v1
BRT,BRT_TEMP_001,2026-03-02T06:06:00+00:00,-8.24510528834936,1,DRIFT,1,test,0.01702890358865261,lstm-ae-bharati-v1
BRT,BRT_TEMP_001,2026-03-02T06:07:00+00:00,-8.306768366906176,1,DRIFT,1,test,0.01854090951383114,lstm-ae-bharati-v1
BRT,BRT_TEMP_001,2026-03-02T06:08:00+00:00,-8.498437022745566,1,DRIFT,1,test,0.019296985119581223,lstm-ae-bharati-v1
BRT,BRT_TEMP_001,2026-03-02T06:09:00+00:00,-8.526789610261229,1,DRIFT,1,test,0.018952812999486923,lstm-ae-bharati-v1
BRT,BRT_TEMP_001,2026-03-02T06:10:00+00:00,-8.90210014846378,1,DRIFT,1,test,0.020264696329832077,lstm-ae-bharati-v1
BRT,BRT_TEMP_001,2026-03-02T06:11:00+00:00,-9.318329218019992,1,DRIFT,1,test,0.022376667708158493,lstm-ae-bharati-v1
BRT,BRT_TEMP_001,2026-03-02T06:12:00+00:00,-9.480645196491423,1,DRIFT,1,test,0.023291267454624176,lstm-ae-bharati-v1
BRT,BRT_TEMP_001,2026-03-02T06:13:00+00:00,-9.620782540040244,1,DRIFT,1,test,0.02450176700949669,lstm-ae-bharati-v1
BRT,BRT_TEMP_001,2026-03-02T06:14:00+00:00,-9.630351810876045,1,DRIFT,1,test,0.02429914101958275,lstm-ae-bharati-v1
BRT,BRT_TEMP_001,2026-03-02T06:15:00+00:00,-10.04667525057901,1,DRIFT,1,test,0.02627520076930523,lstm-ae-bharati-v1
BRT,BRT_TEMP_001,2026-03-02T06:16:00+00:00,-10.09030360000552,1,DRIFT,1,test,0.027415085583925247,lstm-ae-bharati-v1
BRT,BRT_TEMP_001,2026-03-02T06:17:00+00:00,-10.159108022909525,1,DRIFT,1,test,0.028401939198374748,lstm-ae-bharati-v1
BRT,BRT_TEMP_001,2026-03-02T06:18:00+00:00,-10.158114934694565,1,DRIFT,1,test,0.02819838561117649,lstm-ae-bharati-v1
BRT,BRT_TEMP_001,2026-03-02T06:19:00+00:00,-10.571378927021511,1,DRIFT,1,test,0.02964402362704277,lstm-ae-bharati-v1
BRT,BRT_TEMP_001,2026-03-02T06:20:00+00:00,-10.830950686577566,1,DRIFT,1,test,0.0323714055120945,lstm-ae-bharati-v1
BRT,BRT_TEMP_001,2026-03-02T06:21:00+00:00,-10.916796896683088,1,DRIFT,1,test,0.033458054065704346,lstm-ae-bharati-v1
BRT,BRT_TEMP_001,2026-03-02T06:22:00+00:00,-11.131159748494332,1,DRIFT,1,test,0.035379808396101,lstm-ae-bharati-v1
BRT,BRT_TEMP_001,2026-03-02T06:23:00+00:00,-11.287006151390807,1,DRIFT,1,test,0.03571036085486412,lstm-ae-bharati-v1
BRT,BRT_TEMP_001,2026-03-02T06:24:00+00:00,-11.587615288678592,1,DRIFT,1,test,0.03856516256928444,lstm-ae-bharati-v1
BRT,BRT_TEMP_001,2026-03-02T06:25:00+00:00,-11.720248100184468,1,DRIFT,1,test,0.03995770961046219,lstm-ae-bharati-v1
BRT,BRT_TEMP_001,2026-03-02T06:26:00+00:00,-11.731623967259708,1,DRIFT,1,test,0.040722522884607315,lstm-ae-bharati-v1
BRT,BRT_TEMP_001,2026-03-02T06:27:00+00:00,-11.86535799643572,1,DRIFT,1,test,0.04024083912372589,lstm-ae-bharati-v1
BRT,BRT_TEMP_001,2026-03-02T06:28:00+00:00,-12.17010179912454,1,DRIFT,1,test,0.03777816519141197,lstm-ae-bharati-v1
BRT,BRT_TEMP_001,2026-03-02T06:29:00+00:00,-12.5543028849807,1,DRIFT,1,test,0.03661327809095383,lstm-ae-bharati-v1
BRT,BRT_TEMP_001,2026-03-02T06:30:00+00:00,-7.263124084910976,0,NORMAL,1,test,0.16484975814819336,lstm-ae-bharati-v1
BRT,BRT_TEMP_001,2026-03-02T06:31:00+00:00,-6.981325107770637,0,NORMAL,1,test,0.2842349112033844,lstm-ae-bharati-v1
BRT,BRT_TEMP_001,2026-03-02T06:32:00+00:00,-7.381365359251805,0,NORMAL,1,test,0.3497663736343384,lstm-ae-bharati-v1
BRT,BRT_TEMP_001,2026-03-02T06:33:00+00:00,-7.452729313870155,0,NORMAL,1,test,0.39494189620018005,lstm-ae-bharati-v1
BRT,BRT_TEMP_001,2026-03-02T06:34:00+00:00,-7.217734499089117,0,NORMAL,1,test,0.4322582483291626,lstm-ae-bharati-v1
BRT,BRT_TEMP_001,2026-03-02T06:35:00+00:00,-7.384943374302121,0,NORMAL,1,test,0.4590573012828827,lstm-ae-bharati-v1
BRT,BRT_TEMP_001,2026-03-02T06:36:00+00:00,-7.389517170282445,0,NORMAL,1,test,0.46750470995903015,lstm-ae-bharati-v1
BRT,BRT_TEMP_001,2026-03-02T06:37:00+00:00,-7.547275827410472,0,NORMAL,1,test,0.4601303040981293,lstm-ae-bharati-v1
BRT,BRT_TEMP_001,2026-03-02T06:38:00+00:00,-7.485839963693086,0,NORMAL,1,test,0.4459095001220703,lstm-ae-bharati-v1
BRT,BRT_TEMP_001,2026-03-02T06:39:00+00:00,-7.620566294574329,0,NORMAL,1,test,0.4226734936237335,lstm-ae-bharati-v1
BRT,BRT_TEMP_001,2026-03-02T06:40:00+00:00,-7.8653947031933775,0,NORMAL,1,test,0.4011520743370056,lstm-ae-bharati-v1
BRT,BRT_TEMP_001,2026-03-02T06:41:00+00:00,-7.788936795449173,0,NORMAL,1,test,0.38171783089637756,lstm-ae-bharati-v1
BRT,BRT_TEMP_001,2026-03-02T06:42:00+00:00,-7.727830274823944,0,NORMAL,1,test,0.36198118329048157,lstm-ae-bharati-v1
BRT,BRT_TEMP_001,2026-03-02T06:43:00+00:00,-7.771483789897038,0,NORMAL,1,test,0.34377866983413696,lstm-ae-bharati-v1
BRT,BRT_TEMP_001,2026-03-02T06:44:00+00:00,-8.139792468426707,0,NORMAL,1,test,0.3292658030986786,lstm-ae-bharati-v1
BRT,BRT_TEMP_001,2026-03-02T06:45:00+00:00,-8.639999833251574,0,NORMAL,1,test,0.329917311668396,lstm-ae-bharati-v1
BRT,BRT_TEMP_001,2026-03-02T06:46:00+00:00,-8.448693823403225,0,NORMAL,1,test,0.32781925797462463,lstm-ae-bharati-v1
BRT,BRT_TEMP_001,2026-03-02T06:47:00+00:00,-8.304808209378582,0,NORMAL,1,test,0.3261922597885132,lstm-ae-bharati-v1
BRT,BRT_TEMP_001,2026-03-02T06:48:00+00:00,-8.582808684907704,0,NORMAL,1,test,0.33088523149490356,lstm-ae-bharati-v1
BRT,BRT_TEMP_001,2026-03-02T06:49:00+00:00,-8.74231634840324,0,NORMAL,1,test,0.34338659048080444,lstm-ae-bharati-v1
BRT,BRT_TEMP_001,2026-03-02T06:50:00+00:00,-8.705512180264954,0,NORMAL,1,test,0.3558931350708008,lstm-ae-bharati-v1
BRT,BRT_TEMP_001,2026-03-02T06:51:00+00:00,-8.872749242383101,0,NORMAL,1,test,0.3690711557865143,lstm-ae-bharati-v1
BRT,BRT_TEMP_001,2026-03-02T06:52:00+00:00,-9.01673217909065,0,NORMAL,1,test,0.37957149744033813,lstm-ae-bharati-v1
BRT,BRT_TEMP_001,2026-03-02T06:53:00+00:00,-8.900064070696066,0,NORMAL,1,test,0.38099998235702515,lstm-ae-bharati-v1
BRT,BRT_TEMP_001,2026-03-02T06:54:00+00:00,-8.865933870117491,0,NORMAL,1,test,0.36907970905303955,lstm-ae-bharati-v1
BRT,BRT_TEMP_001,2026-03-02T06:55:00+00:00,-9.197049413516698,0,NORMAL,1,test,0.3465140759944916,lstm-ae-bharati-v1
BRT,BRT_TEMP_001,2026-03-02T06:56:00+00:00,-9.19494558056935,0,NORMAL,1,test,0.310200035572052,lstm-ae-bharati-v1
BRT,BRT_TEMP_001,2026-03-02T06:57:00+00:00,-9.033890644728189,0,NORMAL,1,test,0.24982896447181702,lstm-ae-bharati-v1
BRT,BRT_TEMP_001,2026-03-02T06:58:00+00:00,-9.105551625755828,0,NORMAL,1,test,0.15021201968193054,lstm-ae-bharati-v1
BRT,BRT_TEMP_001,2026-03-02T06:59:00+00:00,-9.219409199753436,0,NORMAL,0,test,0.003884121309965849,lstm-ae-bharati-v1
BRT,BRT_TEMP_001,2026-03-02T07:00:00+00:00,-9.38851115002826,0,NORMAL,0,test,0.004209097940474749,lstm-ae-bharati-v1
BRT,BRT_TEMP_001,2026-03-02T07:01:00+00:00,-9.353214052596346,0,NORMAL,0,test,0.004058006685227156,lstm-ae-bharati-v1
BRT,BRT_TEMP_001,2026-03-02T07:02:00+00:00,-9.481530725357944,0,NORMAL,0,test,0.0043753162026405334,lstm-ae-bharati-v1
BRT,BRT_TEMP_001,2026-03-02T07:03:00+00:00,-9.157800278668033,0,NORMAL,0,test,0.0061520473100245,lstm-ae-bharati-v1
BRT,BRT_TEMP_001,2026-03-02T07:04:00+00:00,-9.557679316828883,0,NORMAL,0,test,0.006375887431204319,lstm-ae-bharati-v1
BRT,BRT_TEMP_001,2026-03-02T07:05:00+00:00,-9.55358621770066,0,NORMAL,0,test,0.006909501273185015,lstm-ae-bharati-v1
BRT,BRT_TEMP_001,2026-03-02T07:06:00+00:00,-9.49165036064522,0,NORMAL,0,test,0.007360329385846853,lstm-ae-bharati-v1
BRT,BRT_TEMP_001,2026-03-02T07:07:00+00:00,-9.37336090518256,0,NORMAL,0,test,0.00845387764275074,lstm-ae-bharati-v1
BRT,BRT_TEMP_001,2026-03-02T07:08:00+00:00,-9.629290501126196,0,NORMAL,0,test,0.008310705423355103,lstm-ae-bharati-v1
BRT,BRT_TEMP_001,2026-03-02T07:09:00+00:00,-9.658966329074357,0,NORMAL,0,test,0.008125228807330132,lstm-ae-bharati-v1
BRT,BRT_TEMP_001,2026-03-02T07:10:00+00:00,-9.71344083878999,0,NORMAL,0,test,0.008309788070619106,lstm-ae-bharati-v1
BRT,BRT_TEMP_001,2026-03-02T07:11:00+00:00,-9.958599516940309,0,NORMAL,0,test,0.007821121253073215,lstm-ae-bharati-v1
BRT,BRT_TEMP_001,2026-03-02T07:12:00+00:00,-10.040007151018404,0,NORMAL,0,test,0.006307663861662149,lstm-ae-bharati-v1
BRT,BRT_TEMP_001,2026-03-02T07:13:00+00:00,-10.304600261996796,0,NORMAL,0,test,0.0049139466136693954,lstm-ae-bharati-v1
BRT,BRT_TEMP_001,2026-03-02T07:14:00+00:00,-10.482594616517757,0,NORMAL,0,test,0.005287715699523687,lstm-ae-bharati-v1
BRT,BRT_TEMP_001,2026-03-02T07:15:00+00:00,-10.543881295096815,0,NORMAL,0,test,0.005795137956738472,lstm-ae-bharati-v1
BRT,BRT_TEMP_001,2026-03-02T07:16:00+00:00,-10.693908378191288,0,NORMAL,0,test,0.00638625118881464,lstm-ae-bharati-v1
BRT,BRT_TEMP_001,2026-03-02T07:17:00+00:00,-10.435413986789708,0,NORMAL,0,test,0.005668864585459232,lstm-ae-bharati-v1
BRT,BRT_TEMP_001,2026-03-02T07:18:00+00:00,-10.543551856506031,0,NORMAL,0,test,0.00548599474132061,lstm-ae-bharati-v1
BRT,BRT_TEMP_001,2026-03-02T07:19:00+00:00,-10.606152905217929,0,NORMAL,0,test,0.005320345517247915,lstm-ae-bharati-v1
BRT,BRT_TEMP_001,2026-03-02T07:54:00+00:00,-13.402865881943391,0,NORMAL,0,test,0.005009320564568043,lstm-ae-bharati-v1
BRT,BRT_TEMP_001,2026-03-02T07:55:00+00:00,-13.50536383231817,0,NORMAL,0,test,0.004656374454498291,lstm-ae-bharati-v1
BRT,BRT_TEMP_001,2026-03-02T07:56:00+00:00,-13.582276385256415,0,NORMAL,0,test,0.004963719751685858,lstm-ae-bharati-v1
BRT,BRT_TEMP_001,2026-03-02T07:57:00+00:00,-13.530404857775054,0,NORMAL,0,test,0.004768333397805691,lstm-ae-bharati-v1
BRT,BRT_TEMP_001,2026-03-02T07:58:00+00:00,-13.4826288485153,0,NORMAL,0,test,0.004828260745853186,lstm-ae-bharati-v1
BRT,BRT_TEMP_001,2026-03-02T07:59:00+00:00,-13.614346325592544,0,NORMAL,0,test,0.004981521982699633,lstm-ae-bharati-v1
BRT,BRT_TEMP_001,2026-03-02T08:00:00+00:00,-13.730086517901183,0,NORMAL,0,test,0.004957543686032295,lstm-ae-bharati-v1
BRT,BRT_TEMP_001,2026-03-02T08:01:00+00:00,-13.701816670980405,0,NORMAL,0,test,0.00478652399033308,lstm-ae-bharati-v1
BRT,BRT_TEMP_001,2026-03-02T08:02:00+00:00,-13.970281006161986,0,NORMAL,0,test,0.0053102378733456135,lstm-ae-bharati-v1
BRT,BRT_TEMP_001,2026-03-02T08:03:00+00:00,-13.675953070645203,0,NORMAL,0,test,0.005409796256572008,lstm-ae-bharati-v1
BRT,BRT_TEMP_001,2026-03-02T08:04:00+00:00,-13.752395400385394,0,NORMAL,0,test,0.0051270765252411366,lstm-ae-bharati-v1
BRT,BRT_TEMP_001,2026-03-02T08:05:00+00:00,-13.77456071956068,0,NORMAL,0,test,0.004756256006658077,lstm-ae-bharati-v1
BRT,BRT_TEMP_001,2026-03-02T08:06:00+00:00,-13.83627939659815,0,NORMAL,0,test,0.004486002493649721,lstm-ae-bharati-v1
BRT,BRT_TEMP_001,2026-03-02T08:07:00+00:00,-14.157977036579345,0,NORMAL,0,test,0.004584128502756357,lstm-ae-bharati-v1
BRT,BRT_TEMP_001,2026-03-02T08:08:00+00:00,-14.067705137848495,0,NORMAL,0,test,0.004311374854296446,lstm-ae-bharati-v1
BRT,BRT_TEMP_001,2026-03-02T08:09:00+00:00,-13.921755327260549,0,NORMAL,0,test,0.004061869345605373,lstm-ae-bharati-v1
BRT,BRT_TEMP_001,2026-03-02T08:10:00+00:00,-14.11171925672094,0,NORMAL,0,test,0.0038816765882074833,lstm-ae-bharati-v1
BRT,BRT_TEMP_001,2026-03-02T08:11:00+00:00,-13.948341491628144,0,NORMAL,0,test,0.003799932776018977,lstm-ae-bharati-v1
BRT,BRT_TEMP_001,2026-03-02T08:12:00+00:00,-14.058806782903938,0,NORMAL,0,test,0.0035860599018633366,lstm-ae-bharati-v1
BRT,BRT_TEMP_001,2026-03-02T08:13:00+00:00,-13.842319629067283,0,NORMAL,0,test,0.004090086091309786,lstm-ae-bharati-v1
BRT,BRT_TEMP_001,2026-03-02T08:14:00+00:00,-14.032010272311616,0,NORMAL,0,test,0.004351000301539898,lstm-ae-bharati-v1
BRT,BRT_TEMP_001,2026-03-02T08:15:00+00:00,-13.884339257157643,0,NORMAL,0,test,0.004261562135070562,lstm-ae-bharati-v1
BRT,BRT_TEMP_001,2026-03-02T08:16:00+00:00,-13.773798425082088,0,NORMAL,0,test,0.005041654221713543,lstm-ae-bharati-v1
BRT,BRT_TEMP_001,2026-03-02T08:17:00+00:00,-13.94908385724841,0,NORMAL,0,test,0.005138956941664219,lstm-ae-bharati-v1
BRT,BRT_TEMP_001,2026-03-02T08:18:00+00:00,-14.038532996719209,0,NORMAL,0,test,0.005113671999424696,lstm-ae-bharati-v1
BRT,BRT_TEMP_001,2026-03-02T08:19:00+00:00,-13.9456864899748,0,NORMAL,0,test,0.005339193623512983,lstm-ae-bharati-v1
BRT,BRT_TEMP_001,2026-03-02T08:20:00+00:00,-13.9456864899748,1,STUCK_VALUE,1,test,0.004873437806963921,lstm-ae-bharati-v1
BRT,BRT_TEMP_001,2026-03-02T08:21:00+00:00,-13.9456864899748,1,STUCK_VALUE,1,test,0.003054591128602624,lstm-ae-bharati-v1
BRT,BRT_TEMP_001,2026-03-02T08:22:00+00:00,-13.9456864899748,1,STUCK_VALUE,1,test,0.0022548648994416,lstm-ae-bharati-v1
BRT,BRT_TEMP_001,2026-03-02T08:23:00+00:00,-13.9456864899748,1,STUCK_VALUE,1,test,0.0021519348956644535,lstm-ae-bharati-v1
BRT,BRT_TEMP_001,2026-03-02T08:24:00+00:00,-13.9456864899748,1,STUCK_VALUE,1,test,0.0020309777464717627,lstm-ae-bharati-v1
BRT,BRT_TEMP_001,2026-03-02T08:25:00+00:00,-13.9456864899748,1,STUCK_VALUE,1,test,0.0020050001330673695,lstm-ae-bharati-v1
BRT,BRT_TEMP_001,2026-03-02T08:26:00+00:00,-13.9456864899748,1,STUCK_VALUE,1,test,0.001951956539414823,lstm-ae-bharati-v1
BRT,BRT_TEMP_001,2026-03-02T08:27:00+00:00,-13.9456864899748,1,STUCK_VALUE,1,test,0.0018178243190050125,lstm-ae-bharati-v1
BRT,BRT_TEMP_001,2026-03-02T08:28:00+00:00,-13.9456864899748,1,STUCK_VALUE,1,test,0.0017009559087455273,lstm-ae-bharati-v1
BRT,BRT_TEMP_001,2026-03-02T08:29:00+00:00,-13.9456864899748,1,STUCK_VALUE,1,test,0.0017505389405414462,lstm-ae-bharati-v1
BRT,BRT_TEMP_001,2026-03-02T08:30:00+00:00,-13.9456864899748,1,STUCK_VALUE,1,test,0.0016783929895609617,lstm-ae-bharati-v1
BRT,BRT_TEMP_001,2026-03-02T08:31:00+00:00,-13.9456864899748,1,STUCK_VALUE,1,test,0.0020463732071220875,lstm-ae-bharati-v1
BRT,BRT_TEMP_001,2026-03-02T08:32:00+00:00,-13.9456864899748,1,STUCK_VALUE,1,test,0.0016215535579249263,lstm-ae-bharati-v1
BRT,BRT_TEMP_001,2026-03-02T08:33:00+00:00,-13.9456864899748,1,STUCK_VALUE,1,test,0.0017541947308927774,lstm-ae-bharati-v1
BRT,BRT_TEMP_001,2026-03-02T08:34:00+00:00,-13.9456864899748,1,STUCK_VALUE,1,test,0.0018561502220109105,lstm-ae-bharati-v1
BRT,BRT_TEMP_001,2026-03-02T08:35:00+00:00,-13.9456864899748,1,STUCK_VALUE,1,test,0.0019325676839798689,lstm-ae-bharati-v1
BRT,BRT_TEMP_001,2026-03-02T08:36:00+00:00,-13.9456864899748,1,STUCK_VALUE,1,test,0.0024823665153235197,lstm-ae-bharati-v1
BRT,BRT_TEMP_001,2026-03-02T08:37:00+00:00,-13.9456864899748,1,STUCK_VALUE,1,test,0.0020000471267849207,lstm-ae-bharati-v1
BRT,BRT_TEMP_001,2026-03-02T08:38:00+00:00,-13.9456864899748,1,STUCK_VALUE,1,test,0.0015902291052043438,lstm-ae-bharati-v1
BRT,BRT_TEMP_001,2026-03-02T08:39:00+00:00,-13.9456864899748,1,STUCK_VALUE,1,test,0.0018848683685064316,lstm-ae-bharati-v1
BRT,BRT_TEMP_001,2026-03-02T08:40:00+00:00,-13.9456864899748,1,STUCK_VALUE,1,test,0.0013064818922430277,lstm-ae-bharati-v1
BRT,BRT_TEMP_001,2026-03-02T08:41:00+00:00,-13.9456864899748,1,STUCK_VALUE,1,test,0.0014463127590715885,lstm-ae-bharati-v1
BRT,BRT_TEMP_001,2026-03-02T08:42:00+00:00,-13.9456864899748,1,STUCK_VALUE,1,test,0.0008753424626775086,lstm-ae-bharati-v1
BRT,BRT_TEMP_001,2026-03-02T08:43:00+00:00,-13.9456864899748,1,STUCK_VALUE,1,test,0.0012081284075975418,lstm-ae-bharati-v1
BRT,BRT_TEMP_001,2026-03-02T08:44:00+00:00,-13.99265149746902,0,NORMAL,1,test,0.0009449947392567992,lstm-ae-bharati-v1
BRT,BRT_TEMP_001,2026-03-02T08:45:00+00:00,-13.93370747971614,0,NORMAL,1,test,0.0008243960910476744,lstm-ae-bharati-v1
BRT,BRT_TEMP_001,2026-03-02T08:46:00+00:00,-13.861364351233304,0,NORMAL,1,test,0.0010310182115063071,lstm-ae-bharati-v1
BRT,BRT_TEMP_001,2026-03-02T08:47:00+00:00,-13.806264779640658,0,NORMAL,1,test,0.0011232347460463643,lstm-ae-bharati-v1
BRT,BRT_TEMP_001,2026-03-02T08:48:00+00:00,-13.73296233064333,0,NORMAL,1,test,0.000847491028252989,lstm-ae-bharati-v1
BRT,BRT_TEMP_001,2026-03-02T08:49:00+00:00,-13.631349832684782,0,NORMAL,1,test,0.0009143171482719481,lstm-ae-bharati-v1
BRT,BRT_TEMP_001,2026-03-02T08:50:00+00:00,-13.642137815742933,0,NORMAL,1,test,0.0009103398188017309,lstm-ae-bharati-v1
BRT,BRT_TEMP_001,2026-03-02T08:51:00+00:00,-13.41561100401681,0,NORMAL,1,test,0.00125297496560961,lstm-ae-bharati-v1
BRT,BRT_TEMP_001,2026-03-02T08:52:00+00:00,-13.334672192829071,0,NORMAL,1,test,0.001610758132301271,lstm-ae-bharati-v1
BRT,BRT_TEMP_001,2026-03-02T08:53:00+00:00,-12.95270411383313,0,NORMAL,1,test,0.003289941931143403,lstm-ae-bharati-v1
BRT,BRT_TEMP_001,2026-03-02T08:54:00+00:00,-13.26576472384538,0,NORMAL,1,test,0.003312239656224847,lstm-ae-bharati-v1
BRT,BRT_TEMP_001,2026-03-02T08:55:00+00:00,-13.024298686513248,0,NORMAL,1,test,0.0037746368907392025,lstm-ae-bharati-v1
BRT,BRT_TEMP_001,2026-03-02T08:56:00+00:00,-13.13516736149962,0,NORMAL,1,test,0.0037116743624210358,lstm-ae-bharati-v1
BRT,BRT_TEMP_001,2026-03-02T08:57:00+00:00,-13.10024351335764,0,NORMAL,1,test,0.0035869150888174772,lstm-ae-bharati-v1
BRT,BRT_TEMP_001,2026-03-02T08:58:00+00:00,-12.77481349653069,0,NORMAL,1,test,0.004031152930110693,lstm-ae-bharati-v1
BRT,BRT_TEMP_001,2026-03-02T08:59:00+00:00,-12.659971745520409,0,NORMAL,1,test,0.004454805515706539,lstm-ae-bharati-v1
BRT,BRT_TEMP_001,2026-03-02T09:00:00+00:00,-12.626954365831862,0,NORMAL,1,test,0.0045645167119801044,lstm-ae-bharati-v1
BRT,BRT_TEMP_001,2026-03-02T09:01:00+00:00,-12.676773808272104,0,NORMAL,1,test,0.00430672662332654,lstm-ae-bharati-v1
BRT,BRT_TEMP_001,2026-03-02T09:02:00+00:00,-12.617352189283364,0,NORMAL,1,test,0.004005116410553455,lstm-ae-bharati-v1
BRT,BRT_TEMP_001,2026-03-02T09:03:00+00:00,-12.679420000057702,0,NORMAL,1,test,0.003711007535457611,lstm-ae-bharati-v1
BRT,BRT_TEMP_001,2026-03-02T09:04:00+00:00,-12.624695049249627,0,NORMAL,1,test,0.0035122036933898926,lstm-ae-bharati-v1
BRT,BRT_TEMP_001,2026-03-02T09:05:00+00:00,-12.55899822839254,0,NORMAL,1,test,0.003426560200750828,lstm-ae-bharati-v1
BRT,BRT_TEMP_001,2026-03-02T09:06:00+00:00,-12.517906208771866,0,NORMAL,1,test,0.0035034255124628544,lstm-ae-bharati-v1
BRT,BRT_TEMP_001,2026-03-02T09:07:00+00:00,-12.351023752206949,0,NORMAL,1,test,0.003620666451752186,lstm-ae-bharati-v1
BRT,BRT_TEMP_001,2026-03-02T09:08:00+00:00,-12.268650425794617,0,NORMAL,1,test,0.003842119127511978,lstm-ae-bharati-v1
BRT,BRT_TEMP_001,2026-03-02T09:09:00+00:00,-12.534703017708756,0,NORMAL,1,test,0.004907866008579731,lstm-ae-bharati-v1
BRT,BRT_TEMP_001,2026-03-02T09:10:00+00:00,-12.284303737781258,0,NORMAL,1,test,0.00545786926522851,lstm-ae-bharati-v1
BRT,BRT_TEMP_001,2026-03-02T09:11:00+00:00,-12.285045569375002,0,NORMAL,1,test,0.006097897887229919,lstm-ae-bharati-v1
BRT,BRT_TEMP_001,2026-03-02T09:12:00+00:00,-12.103035664144578,0,NORMAL,1,test,0.006449234671890736,lstm-ae-bharati-v1
BRT,BRT_TEMP_001,2026-03-02T09:13:00+00:00,-11.970500874489629,0,NORMAL,0,test,0.006722926627844572,lstm-ae-bharati-v1
BRT,BRT_TEMP_001,2026-03-02T09:14:00+00:00,-11.748517903538737,0,NORMAL,0,test,0.006540094967931509,lstm-ae-bharati-v1
BRT,BRT_TEMP_001,2026-03-02T09:15:00+00:00,-11.768378521535755,0,NORMAL,0,test,0.006148847285658121,lstm-ae-bharati-v1
BRT,BRT_TEMP_001,2026-03-02T09:16:00+00:00,-11.486118191069096,0,NORMAL,0,test,0.00602328684180975,lstm-ae-bharati-v1
BRT,BRT_TEMP_001,2026-03-02T09:17:00+00:00,-11.551508791805755,0,NORMAL,0,test,0.005488797090947628,lstm-ae-bharati-v1
BRT,BRT_TEMP_001,2026-03-02T09:18:00+00:00,-11.567615082860284,0,NORMAL,0,test,0.004847342614084482,lstm-ae-bharati-v1
BRT,BRT_TEMP_001,2026-03-02T09:19:00+00:00,-11.344733452803911,0,NORMAL,0,test,0.004585599061101675,lstm-ae-bharati-v1
BRT,BRT_VIB_001,2026-03-02T04:49:00+00:00,0.7364493098984337,0,NORMAL,0,test,0.027741245925426483,lstm-ae-bharati-v1
BRT,BRT_VIB_001,2026-03-02T04:50:00+00:00,0.7397748959505773,0,NORMAL,0,test,0.02206343039870262,lstm-ae-bharati-v1
BRT,BRT_VIB_001,2026-03-02T04:51:00+00:00,0.7529747314755819,0,NORMAL,0,test,0.02207329496741295,lstm-ae-bharati-v1
BRT,BRT_VIB_001,2026-03-02T04:52:00+00:00,0.7503108069335306,0,NORMAL,0,test,0.021566176787018776,lstm-ae-bharati-v1
BRT,BRT_VIB_001,2026-03-02T04:53:00+00:00,0.7384276265244889,0,NORMAL,0,test,0.022070318460464478,lstm-ae-bharati-v1
BRT,BRT_VIB_001,2026-03-02T04:54:00+00:00,0.7579782167470502,0,NORMAL,0,test,0.016924003139138222,lstm-ae-bharati-v1
BRT,BRT_VIB_001,2026-03-02T04:55:00+00:00,0.7515959190229015,0,NORMAL,0,test,0.0168322641402483,lstm-ae-bharati-v1
BRT,BRT_VIB_001,2026-03-02T04:56:00+00:00,0.7813914860951389,0,NORMAL,0,test,0.01827055588364601,lstm-ae-bharati-v1
BRT,BRT_VIB_001,2026-03-02T04:57:00+00:00,0.7365225817154604,0,NORMAL,0,test,0.019261952489614487,lstm-ae-bharati-v1
BRT,BRT_VIB_001,2026-03-02T04:58:00+00:00,0.7492812487911118,0,NORMAL,0,test,0.019139835610985756,lstm-ae-bharati-v1
BRT,BRT_VIB_001,2026-03-02T04:59:00+00:00,0.7678977941633828,0,NORMAL,0,test,0.01916121505200863,lstm-ae-bharati-v1
BRT,BRT_VIB_001,2026-03-02T05:00:00+00:00,0.3008261616098445,1,SPIKE,1,test,0.7197097539901733,lstm-ae-bharati-v1
BRT,BRT_VIB_001,2026-03-02T05:01:00+00:00,0.3020942615882862,1,SPIKE,1,test,1.1889917850494385,lstm-ae-bharati-v1
BRT,BRT_VIB_001,2026-03-02T05:02:00+00:00,0.3043019756298196,1,SPIKE,1,test,1.6487648487091064,lstm-ae-bharati-v1
BRT,BRT_VIB_001,2026-03-02T05:03:00+00:00,0.3015936236808155,1,SPIKE,1,test,2.0981335639953613,lstm-ae-bharati-v1
BRT,BRT_VIB_001,2026-03-02T05:04:00+00:00,0.80603543872049,0,NORMAL,1,test,2.1257994174957275,lstm-ae-bharati-v1
BRT,BRT_VIB_001,2026-03-02T05:05:00+00:00,0.7862921106186158,0,NORMAL,1,test,2.2721714973449707,lstm-ae-bharati-v1
BRT,BRT_VIB_001,2026-03-02T05:06:00+00:00,0.8055231836651942,0,NORMAL,1,test,2.456772804260254,lstm-ae-bharati-v1
BRT,BRT_VIB_001,2026-03-02T05:07:00+00:00,0.810620471994183,0,NORMAL,1,test,2.6020073890686035,lstm-ae-bharati-v1
BRT,BRT_VIB_001,2026-03-02T05:08:00+00:00,0.8146884856216233,0,NORMAL,1,test,2.7251381874084473,lstm-ae-bharati-v1
BRT,BRT_VIB_001,2026-03-02T05:09:00+00:00,0.816858493089778,0,NORMAL,1,test,2.8317296504974365,lstm-ae-bharati-v1
BRT,BRT_VIB_001,2026-03-02T05:10:00+00:00,0.8308702168512705,0,NORMAL,1,test,2.927539110183716,lstm-ae-bharati-v1
BRT,BRT_VIB_001,2026-03-02T05:11:00+00:00,0.8225848622489582,0,NORMAL,1,test,2.9952173233032227,lstm-ae-bharati-v1
BRT,BRT_VIB_001,2026-03-02T05:12:00+00:00,0.8437408715323776,0,NORMAL,1,test,3.05682110786438,lstm-ae-bharati-v1
BRT,BRT_VIB_001,2026-03-02T05:13:00+00:00,0.8331543109617802,0,NORMAL,1,test,3.081833839416504,lstm-ae-bharati-v1
BRT,BRT_VIB_001,2026-03-02T05:14:00+00:00,0.8169924548272363,0,NORMAL,1,test,3.0847628116607666,lstm-ae-bharati-v1
BRT,BRT_VIB_001,2026-03-02T05:15:00+00:00,0.8302762009570095,0,NORMAL,1,test,3.0533950328826904,lstm-ae-bharati-v1
BRT,BRT_VIB_001,2026-03-02T05:16:00+00:00,0.8223799343114564,0,NORMAL,1,test,3.038804531097412,lstm-ae-bharati-v1
BRT,BRT_VIB_001,2026-03-02T05:17:00+00:00,0.8684558752360919,0,NORMAL,1,test,3.028982639312744,lstm-ae-bharati-v1
BRT,BRT_VIB_001,2026-03-02T05:18:00+00:00,0.8215215276176142,0,NORMAL,1,test,2.990400552749634,lstm-ae-bharati-v1
BRT,BRT_VIB_001,2026-03-02T05:19:00+00:00,0.821326599491238,0,NORMAL,1,test,2.9449212551116943,lstm-ae-bharati-v1
BRT,BRT_VIB_001,2026-03-02T05:20:00+00:00,0.8372547602514753,0,NORMAL,1,test,2.8988215923309326,lstm-ae-bharati-v1
BRT,BRT_VIB_001,2026-03-02T05:21:00+00:00,0.8435929959071156,0,NORMAL,1,test,2.846583843231201,lstm-ae-bharati-v1
BRT,BRT_VIB_001,2026-03-02T05:22:00+00:00,0.8072629321249093,0,NORMAL,1,test,2.791163682937622,lstm-ae-bharati-v1
BRT,BRT_VIB_001,2026-03-02T05:23:00+00:00,0.8329882195223408,0,NORMAL,1,test,2.7532708644866943,lstm-ae-bharati-v1
BRT,BRT_VIB_001,2026-03-02T05:24:00+00:00,0.854537251065222,0,NORMAL,1,test,2.7185750007629395,lstm-ae-bharati-v1
BRT,BRT_VIB_001,2026-03-02T05:25:00+00:00,0.8231858314761292,0,NORMAL,1,test,2.6835057735443115,lstm-ae-bharati-v1
BRT,BRT_VIB_001,2026-03-02T05:26:00+00:00,0.8484286993453233,0,NORMAL,1,test,2.6509652137756348,lstm-ae-bharati-v1
BRT,BRT_VIB_001,2026-03-02T05:27:00+00:00,0.8290504922561894,0,NORMAL,1,test,2.6442413330078125,lstm-ae-bharati-v1
BRT,BRT_VIB_001,2026-03-02T05:28:00+00:00,0.8216259983274931,0,NORMAL,1,test,2.6362290382385254,lstm-ae-bharati-v1
BRT,BRT_VIB_001,2026-03-02T05:29:00+00:00,0.8295409395406534,0,NORMAL,1,test,2.6510183811187744,lstm-ae-bharati-v1
BRT,BRT_VIB_001,2026-03-02T05:30:00+00:00,0.8310634420064834,0,NORMAL,1,test,2.1110281944274902,lstm-ae-bharati-v1
BRT,BRT_VIB_001,2026-03-02T05:31:00+00:00,0.8202982051733765,0,NORMAL,1,test,1.5318235158920288,lstm-ae-bharati-v1
BRT,BRT_VIB_001,2026-03-02T05:32:00+00:00,0.8071686968644121,0,NORMAL,1,test,0.886695921421051,lstm-ae-bharati-v1
BRT,BRT_VIB_001,2026-03-02T05:33:00+00:00,0.8324331364385458,0,NORMAL,0,test,0.023468803614377975,lstm-ae-bharati-v1
BRT,BRT_VIB_001,2026-03-02T05:34:00+00:00,0.8375629049187874,0,NORMAL,0,test,0.023971740156412125,lstm-ae-bharati-v1
BRT,BRT_VIB_001,2026-03-02T05:35:00+00:00,0.8314798669108323,0,NORMAL,0,test,0.020003842189908028,lstm-ae-bharati-v1
BRT,BRT_VIB_001,2026-03-02T05:36:00+00:00,0.8567365073446416,0,NORMAL,0,test,0.021659282967448235,lstm-ae-bharati-v1
BRT,BRT_VIB_001,2026-03-02T05:37:00+00:00,0.8569125811466154,0,NORMAL,0,test,0.023088308051228523,lstm-ae-bharati-v1
BRT,BRT_VIB_001,2026-03-02T05:38:00+00:00,0.8525690094715337,0,NORMAL,0,test,0.023643704131245613,lstm-ae-bharati-v1
BRT,BRT_VIB_001,2026-03-02T05:39:00+00:00,0.8461470532390366,0,NORMAL,0,test,0.023376109078526497,lstm-ae-bharati-v1
BRT,BRT_VIB_001,2026-03-02T05:40:00+00:00,0.8537408640065449,0,NORMAL,0,test,0.024242838844656944,lstm-ae-bharati-v1
BRT,BRT_VIB_001,2026-03-02T05:41:00+00:00,0.8497596907848187,0,NORMAL,0,test,0.024208934977650642,lstm-ae-bharati-v1
BRT,BRT_VIB_001,2026-03-02T05:42:00+00:00,0.8629940493680198,0,NORMAL,0,test,0.024780642241239548,lstm-ae-bharati-v1
BRT,BRT_VIB_001,2026-03-02T05:43:00+00:00,0.8661768904828195,0,NORMAL,0,test,0.02621450088918209,lstm-ae-bharati-v1
BRT,BRT_VIB_001,2026-03-02T05:44:00+00:00,0.8561950362798916,0,NORMAL,0,test,0.026100050657987595,lstm-ae-bharati-v1
BRT,BRT_VIB_001,2026-03-02T05:45:00+00:00,0.8745508424397725,0,NORMAL,0,test,0.027375655248761177,lstm-ae-bharati-v1
BRT,BRT_VIB_001,2026-03-02T05:46:00+00:00,0.8604217772955123,0,NORMAL,0,test,0.0267187412828207,lstm-ae-bharati-v1
BRT,BRT_VIB_001,2026-03-02T05:47:00+00:00,0.8798209249522911,0,NORMAL,0,test,0.020661119371652603,lstm-ae-bharati-v1
BRT,BRT_VIB_001,2026-03-02T05:48:00+00:00,0.8898222148794663,0,NORMAL,0,test,0.022583065554499626,lstm-ae-bharati-v1
BRT,BRT_VIB_001,2026-03-02T05:49:00+00:00,0.8708992443004823,0,NORMAL,0,test,0.02228790707886219,lstm-ae-bharati-v1
BRT,BRT_VIB_001,2026-03-02T05:50:00+00:00,0.8666969261339542,0,NORMAL,0,test,0.021126581355929375,lstm-ae-bharati-v1
BRT,BRT_VIB_001,2026-03-02T05:51:00+00:00,0.8656915878920924,0,NORMAL,0,test,0.01953321322798729,lstm-ae-bharati-v1
BRT,BRT_VIB_001,2026-03-02T05:52:00+00:00,0.8660519463296648,0,NORMAL,0,test,0.01791258715093136,lstm-ae-bharati-v1
BRT,BRT_VIB_001,2026-03-02T05:53:00+00:00,0.8990274754290559,0,NORMAL,0,test,0.01737653650343418,lstm-ae-bharati-v1
BRT,BRT_VIB_001,2026-03-02T05:54:00+00:00,0.8863412004401363,0,NORMAL,0,test,0.013421249575912952,lstm-ae-bharati-v1
BRT,BRT_VIB_001,2026-03-02T05:55:00+00:00,0.9180911844973378,0,NORMAL,0,test,0.01611953228712082,lstm-ae-bharati-v1
BRT,BRT_VIB_001,2026-03-02T05:56:00+00:00,0.9326896516224792,0,NORMAL,0,test,0.019603462889790535,lstm-ae-bharati-v1
BRT,BRT_VIB_001,2026-03-02T05:57:00+00:00,0.9077150619665108,0,NORMAL,0,test,0.019360331818461418,lstm-ae-bharati-v1
BRT,BRT_VIB_001,2026-03-02T05:58:00+00:00,0.9048039376993556,0,NORMAL,0,test,0.01903524436056614,lstm-ae-bharati-v1
BRT,BRT_VIB_001,2026-03-02T05:59:00+00:00,0.9086187954226074,0,NORMAL,0,test,0.018942026421427727,lstm-ae-bharati-v1
BRT,BRT_VIB_001,2026-03-02T06:00:00+00:00,0.9056690797385156,1,DRIFT,1,test,0.01940511353313923,lstm-ae-bharati-v1
BRT,BRT_VIB_001,2026-03-02T06:01:00+00:00,0.8841685342598355,1,DRIFT,1,test,0.022071024402976036,lstm-ae-bharati-v1
BRT,BRT_VIB_001,2026-03-02T06:02:00+00:00,0.8933502315179739,1,DRIFT,1,test,0.019678855314850807,lstm-ae-bharati-v1
BRT,BRT_VIB_001,2026-03-02T06:03:00+00:00,0.8655751046247734,1,DRIFT,1,test,0.02607216313481331,lstm-ae-bharati-v1
BRT,BRT_VIB_001,2026-03-02T06:04:00+00:00,0.8887706391870571,1,DRIFT,1,test,0.025902245193719864,lstm-ae-bharati-v1
BRT,BRT_VIB_001,2026-03-02T06:05:00+00:00,0.8766899784785951,1,DRIFT,1,test,0.02679266221821308,lstm-ae-bharati-v1
BRT,BRT_VIB_001,2026-03-02T06:06:00+00:00,0.8480733386733517,1,DRIFT,1,test,0.03664654865860939,lstm-ae-bharati-v1
BRT,BRT_VIB_001,2026-03-02T06:07:00+00:00,0.8643319263314764,1,DRIFT,1,test,0.03921973705291748,lstm-ae-bharati-v1
BRT,BRT_VIB_001,2026-03-02T06:08:00+00:00,0.8397348460417848,1,DRIFT,1,test,0.048207081854343414,lstm-ae-bharati-v1
BRT,BRT_VIB_001,2026-03-02T06:09:00+00:00,0.8468939137689218,1,DRIFT,1,test,0.0507744662463665,lstm-ae-bharati-v1
BRT,BRT_VIB_001,2026-03-02T06:10:00+00:00,0.8478531203810564,1,DRIFT,1,test,0.051809873431921005,lstm-ae-bharati-v1
BRT,BRT_VIB_001,2026-03-02T06:11:00+00:00,0.8343931550379011,1,DRIFT,1,test,0.053118739277124405,lstm-ae-bharati-v1
BRT,BRT_VIB_001,2026-03-02T06:12:00+00:00,0.8141855593352592,1,DRIFT,1,test,0.058637943118810654,lstm-ae-bharati-v1
BRT,BRT_VIB_001,2026-03-02T06:13:00+00:00,0.8117672855123521,1,DRIFT,1,test,0.06045088544487953,lstm-ae-bharati-v1
BRT,BRT_VIB_001,2026-03-02T06:14:00+00:00,0.8258368571216254,1,DRIFT,1,test,0.055673446506261826,lstm-ae-bharati-v1
BRT,BRT_VIB_001,2026-03-02T06:15:00+00:00,0.8027606493890317,1,DRIFT,1,test,0.054651904851198196,lstm-ae-bharati-v1
BRT,BRT_VIB_001,2026-03-02T06:16:00+00:00,0.7928206387082393,1,DRIFT,1,test,0.0514548160135746,lstm-ae-bharati-v1
BRT,BRT_VIB_001,2026-03-02T06:17:00+00:00,0.7749619730493281,1,DRIFT,1,test,0.053940702229738235,lstm-ae-bharati-v1
BRT,BRT_VIB_001,2026-03-02T06:18:00+00:00,0.7452123526021792,1,DRIFT,1,test,0.06344562023878098,lstm-ae-bharati-v1
BRT,BRT_VIB_001,2026-03-02T06:19:00+00:00,0.739161506795265,1,DRIFT,1,test,0.06921206414699554,lstm-ae-bharati-v1
BRT,BRT_VIB_001,2026-03-02T06:20:00+00:00,0.7226628415684351,1,DRIFT,1,test,0.07870970666408539,lstm-ae-bharati-v1
BRT,BRT_VIB_001,2026-03-02T06:21:00+00:00,0.698428667963569,1,DRIFT,1,test,0.09855254739522934,lstm-ae-bharati-v1
BRT,BRT_VIB_001,2026-03-02T06:22:00+00:00,0.7211118630778406,1,DRIFT,1,test,0.10543099790811539,lstm-ae-bharati-v1
BRT,BRT_VIB_001,2026-03-02T06:23:00+00:00,0.7010355349198492,1,DRIFT,1,test,0.12005329132080078,lstm-ae-bharati-v1
BRT,BRT_VIB_001,2026-03-02T06:24:00+00:00,0.6863441524092347,1,DRIFT,1,test,0.13992814719676971,lstm-ae-bharati-v1
BRT,BRT_VIB_001,2026-03-02T06:25:00+00:00,0.6704879472976861,1,DRIFT,1,test,0.15758366882801056,lstm-ae-bharati-v1
BRT,BRT_VIB_001,2026-03-02T06:26:00+00:00,0.6676596539145722,1,DRIFT,1,test,0.16051732003688812,lstm-ae-bharati-v1
BRT,BRT_VIB_001,2026-03-02T06:27:00+00:00,0.6635309862136403,1,DRIFT,1,test,0.16653980314731598,lstm-ae-bharati-v1
BRT,BRT_VIB_001,2026-03-02T06:28:00+00:00,0.6667863977344831,1,DRIFT,1,test,0.16551442444324493,lstm-ae-bharati-v1
BRT,BRT_VIB_001,2026-03-02T06:29:00+00:00,0.649220029220148,1,DRIFT,1,test,0.16396792232990265,lstm-ae-bharati-v1
BRT,BRT_VIB_001,2026-03-02T06:30:00+00:00,0.8241955413779465,0,NORMAL,1,test,0.22060810029506683,lstm-ae-bharati-v1
BRT,BRT_VIB_001,2026-03-02T06:31:00+00:00,0.8083097473764312,0,NORMAL,1,test,0.279541552066803,lstm-ae-bharati-v1
BRT,BRT_VIB_001,2026-03-02T06:32:00+00:00,0.8300672244263302,0,NORMAL,1,test,0.3529067933559418,lstm-ae-bharati-v1
BRT,BRT_VIB_001,2026-03-02T06:33:00+00:00,0.815437607196342,0,NORMAL,1,test,0.39989057183265686,lstm-ae-bharati-v1
BRT,BRT_VIB_001,2026-03-02T06:34:00+00:00,0.817576285546229,0,NORMAL,1,test,0.4254975914955139,lstm-ae-bharati-v1
BRT,BRT_VIB_001,2026-03-02T06:35:00+00:00,0.8193273090321034,0,NORMAL,1,test,0.4448571801185608,lstm-ae-bharati-v1
BRT,BRT_VIB_001,2026-03-02T06:36:00+00:00,0.8081596704053535,0,NORMAL,1,test,0.4608820974826813,lstm-ae-bharati-v1
BRT,BRT_VIB_001,2026-03-02T06:37:00+00:00,0.8151445852590575,0,NORMAL,1,test,0.46449366211891174,lstm-ae-bharati-v1
BRT,BRT_VIB_001,2026-03-02T06:38:00+00:00,0.8111605697881135,0,NORMAL,1,test,0.469159871339798,lstm-ae-bharati-v1
BRT,BRT_VIB_001,2026-03-02T06:39:00+00:00,0.8411922053276053,0,NORMAL,1,test,0.46890658140182495,lstm-ae-bharati-v1
BRT,BRT_VIB_001,2026-03-02T06:40:00+00:00,0.7892499136802359,0,NORMAL,1,test,0.44668298959732056,lstm-ae-bharati-v1
BRT,BRT_VIB_001,2026-03-02T06:41:00+00:00,0.8078512559860945,0,NORMAL,1,test,0.41841399669647217,lstm-ae-bharati-v1
BRT,BRT_VIB_001,2026-03-02T06:42:00+00:00,0.8304408249226347,0,NORMAL,1,test,0.3949403762817383,lstm-ae-bharati-v1
BRT,BRT_VIB_001,2026-03-02T06:43:00+00:00,0.8242562996248906,0,NORMAL,1,test,0.3654884994029999,lstm-ae-bharati-v1
BRT,BRT_VIB_001,2026-03-02T06:44:00+00:00,0.7864578143544793,0,NORMAL,1,test,0.32553932070732117,lstm-ae-bharati-v1
BRT,BRT_VIB_001,2026-03-02T06:45:00+00:00,0.8209906796869549,0,NORMAL,1,test,0.28484153747558594,lstm-ae-bharati-v1
BRT,BRT_VIB_001,2026-03-02T06:46:00+00:00,0.8204031752472039,0,NORMAL,1,test,0.24925139546394348,lstm-ae-bharati-v1
BRT,BRT_VIB_001,2026-03-02T06:47:00+00:00,0.7896158661840045,0,NORMAL,1,test,0.2326280176639557,lstm-ae-bharati-v1
BRT,BRT_VIB_001,2026-03-02T06:48:00+00:00,0.758073205725216,0,NORMAL,1,test,0.24708522856235504,lstm-ae-bharati-v1
BRT,BRT_VIB_001,2026-03-02T06:49:00+00:00,0.7722144751483624,0,NORMAL,1,test,0.2547147572040558,lstm-ae-bharati-v1
BRT,BRT_VIB_001,2026-03-02T06:50:00+00:00,0.7658779301501626,0,NORMAL,1,test,0.2697669267654419,lstm-ae-bharati-v1
BRT,BRT_VIB_001,2026-03-02T06:51:00+00:00,0.7703436370811328,0,NORMAL,1,test,0.28121140599250793,lstm-ae-bharati-v1
BRT,BRT_VIB_001,2026-03-02T06:52:00+00:00,0.7595006206365471,0,NORMAL,1,test,0.29499372839927673,lstm-ae-bharati-v1
BRT,BRT_VIB_001,2026-03-02T06:53:00+00:00,0.7502052151431151,0,NORMAL,1,test,0.3072025179862976,lstm-ae-bharati-v1
BRT,BRT_VIB_001,2026-03-02T06:54:00+00:00,0.738339698130209,0,NORMAL,1,test,0.3131185472011566,lstm-ae-bharati-v1
BRT,BRT_VIB_001,2026-03-02T06:55:00+00:00,0.778688253129704,0,NORMAL,1,test,0.29267555475234985,lstm-ae-bharati-v1
BRT,BRT_VIB_001,2026-03-02T06:56:00+00:00,0.7396529631950917,0,NORMAL,1,test,0.2652572989463806,lstm-ae-bharati-v1
BRT,BRT_VIB_001,2026-03-02T06:57:00+00:00,0.7254343131643621,0,NORMAL,1,test,0.219211608171463,lstm-ae-bharati-v1
BRT,BRT_VIB_001,2026-03-02T06:58:00+00:00,0.7331193965154116,0,NORMAL,1,test,0.14739586412906647,lstm-ae-bharati-v1
BRT,BRT_VIB_001,2026-03-02T06:59:00+00:00,0.7344940564544692,0,NORMAL,0,test,0.03120204247534275,lstm-ae-bharati-v1
BRT,BRT_VIB_001,2026-03-02T07:00:00+00:00,0.740664489160493,0,NORMAL,0,test,0.030468648299574852,lstm-ae-bharati-v1
BRT,BRT_VIB_001,2026-03-02T07:01:00+00:00,0.7165300306996402,0,NORMAL,0,test,0.028078187257051468,lstm-ae-bharati-v1
BRT,BRT_VIB_001,2026-03-02T07:02:00+00:00,0.7192322070051107,0,NORMAL,0,test,0.02757316455245018,lstm-ae-bharati-v1
BRT,BRT_VIB_001,2026-03-02T07:03:00+00:00,0.7238440731169216,0,NORMAL,0,test,0.02651202119886875,lstm-ae-bharati-v1
BRT,BRT_VIB_001,2026-03-02T07:04:00+00:00,0.7420057018324329,0,NORMAL,0,test,0.028905658051371574,lstm-ae-bharati-v1
BRT,BRT_VIB_001,2026-03-02T07:05:00+00:00,0.7177024720237589,0,NORMAL,0,test,0.028594454750418663,lstm-ae-bharati-v1
BRT,BRT_VIB_001,2026-03-02T07:06:00+00:00,0.73711317705806,0,NORMAL,0,test,0.030920661985874176,lstm-ae-bharati-v1
BRT,BRT_VIB_001,2026-03-02T07:07:00+00:00,0.747171069487577,0,NORMAL,0,test,0.03658536821603775,lstm-ae-bharati-v1
BRT,BRT_VIB_001,2026-03-02T07:08:00+00:00,0.7168094192824183,0,NORMAL,0,test,0.03714493289589882,lstm-ae-bharati-v1
BRT,BRT_VIB_001,2026-03-02T07:09:00+00:00,0.7360923515084759,0,NORMAL,0,test,0.03660742565989494,lstm-ae-bharati-v1
BRT,BRT_VIB_001,2026-03-02T07:10:00+00:00,0.7396284162305147,0,NORMAL,0,test,0.03978466987609863,lstm-ae-bharati-v1
BRT,BRT_VIB_001,2026-03-02T07:11:00+00:00,0.7370277995654524,0,NORMAL,0,test,0.04282347112894058,lstm-ae-bharati-v1
BRT,BRT_VIB_001,2026-03-02T07:12:00+00:00,0.7143340336414794,0,NORMAL,0,test,0.038672275841236115,lstm-ae-bharati-v1
BRT,BRT_VIB_001,2026-03-02T07:13:00+00:00,0.7172761852168394,0,NORMAL,0,test,0.034203603863716125,lstm-ae-bharati-v1
BRT,BRT_VIB_001,2026-03-02T07:14:00+00:00,0.7193587382560482,0,NORMAL,0,test,0.03505522385239601,lstm-ae-bharati-v1
BRT,BRT_VIB_001,2026-03-02T07:15:00+00:00,0.7155747771134999,0,NORMAL,0,test,0.028410736471414566,lstm-ae-bharati-v1
BRT,BRT_VIB_001,2026-03-02T07:16:00+00:00,0.7005276311229921,0,NORMAL,0,test,0.019871056079864502,lstm-ae-bharati-v1
BRT,BRT_VIB_001,2026-03-02T07:17:00+00:00,0.703900912424939,0,NORMAL,0,test,0.017765440046787262,lstm-ae-bharati-v1
BRT,BRT_VIB_001,2026-03-02T07:18:00+00:00,0.7036006904689263,0,NORMAL,0,test,0.018097883090376854,lstm-ae-bharati-v1
BRT,BRT_VIB_001,2026-03-02T07:19:00+00:00,0.6921030225091397,0,NORMAL,0,test,0.01864282600581646,lstm-ae-bharati-v1
BRT,BRT_VIB_001,2026-03-02T07:53:00+00:00,0.642245727398154,0,NORMAL,0,test,0.028030522167682648,lstm-ae-bharati-v1
BRT,BRT_VIB_001,2026-03-02T07:54:00+00:00,0.6486265492175356,0,NORMAL,0,test,0.025486834347248077,lstm-ae-bharati-v1
BRT,BRT_VIB_001,2026-03-02T07:55:00+00:00,0.6589258161532995,0,NORMAL,0,test,0.02718820609152317,lstm-ae-bharati-v1
BRT,BRT_VIB_001,2026-03-02T07:56:00+00:00,0.669505878829271,0,NORMAL,0,test,0.029240727424621582,lstm-ae-bharati-v1
BRT,BRT_VIB_001,2026-03-02T07:57:00+00:00,0.643502980640348,0,NORMAL,0,test,0.02714395336806774,lstm-ae-bharati-v1
BRT,BRT_VIB_001,2026-03-02T07:58:00+00:00,0.6286586738133068,0,NORMAL,0,test,0.024330712854862213,lstm-ae-bharati-v1
BRT,BRT_VIB_001,2026-03-02T07:59:00+00:00,0.6322372913116598,0,NORMAL,0,test,0.024765726178884506,lstm-ae-bharati-v1
BRT,BRT_VIB_001,2026-03-02T08:00:00+00:00,0.6393763354485446,0,NORMAL,0,test,0.023196151480078697,lstm-ae-bharati-v1
BRT,BRT_VIB_001,2026-03-02T08:01:00+00:00,0.6054479857177895,0,NORMAL,0,test,0.025894414633512497,lstm-ae-bharati-v1
BRT,BRT_VIB_001,2026-03-02T08:02:00+00:00,0.6369517879752894,0,NORMAL,0,test,0.025758402422070503,lstm-ae-bharati-v1
BRT,BRT_VIB_001,2026-03-02T08:03:00+00:00,0.6214480025105097,0,NORMAL,0,test,0.024241279810667038,lstm-ae-bharati-v1
BRT,BRT_VIB_001,2026-03-02T08:04:00+00:00,0.6065978703424404,0,NORMAL,0,test,0.027438942342996597,lstm-ae-bharati-v1
BRT,BRT_VIB_001,2026-03-02T08:05:00+00:00,0.6095596037961013,0,NORMAL,0,test,0.029851937666535378,lstm-ae-bharati-v1
BRT,BRT_VIB_001,2026-03-02T08:06:00+00:00,0.6224573329134202,0,NORMAL,0,test,0.02694954350590706,lstm-ae-bharati-v1
BRT,BRT_VIB_001,2026-03-02T08:07:00+00:00,0.6007224275356825,0,NORMAL,0,test,0.02841108664870262,lstm-ae-bharati-v1
BRT,BRT_VIB_001,2026-03-02T08:08:00+00:00,0.6096642008827826,0,NORMAL,0,test,0.02776605822145939,lstm-ae-bharati-v1
BRT,BRT_VIB_001,2026-03-02T08:09:00+00:00,0.6095401325386609,0,NORMAL,0,test,0.025522414594888687,lstm-ae-bharati-v1
BRT,BRT_VIB_001,2026-03-02T08:10:00+00:00,0.6165809396398958,0,NORMAL,0,test,0.020234374329447746,lstm-ae-bharati-v1
BRT,BRT_VIB_001,2026-03-02T08:11:00+00:00,0.6099787711820448,0,NORMAL,0,test,0.01987297460436821,lstm-ae-bharati-v1
BRT,BRT_VIB_001,2026-03-02T08:12:00+00:00,0.6155248032725874,0,NORMAL,0,test,0.018761878833174706,lstm-ae-bharati-v1
BRT,BRT_VIB_001,2026-03-02T08:13:00+00:00,0.6296705027188058,0,NORMAL,0,test,0.01750892400741577,lstm-ae-bharati-v1
BRT,BRT_VIB_001,2026-03-02T08:14:00+00:00,0.6318760898512532,0,NORMAL,0,test,0.01898401603102684,lstm-ae-bharati-v1
BRT,BRT_VIB_001,2026-03-02T08:15:00+00:00,0.6459321339754162,0,NORMAL,0,test,0.02256869338452816,lstm-ae-bharati-v1
BRT,BRT_VIB_001,2026-03-02T08:16:00+00:00,0.6290718000591451,0,NORMAL,0,test,0.02204405516386032,lstm-ae-bharati-v1
BRT,BRT_VIB_001,2026-03-02T08:17:00+00:00,0.6319341126790207,0,NORMAL,0,test,0.02223901078104973,lstm-ae-bharati-v1
BRT,BRT_VIB_001,2026-03-02T08:18:00+00:00,0.60092549232347,0,NORMAL,0,test,0.02267536148428917,lstm-ae-bharati-v1
BRT,BRT_VIB_001,2026-03-02T08:19:00+00:00,0.6243337461734442,0,NORMAL,0,test,0.023166006430983543,lstm-ae-bharati-v1
BRT,BRT_VIB_001,2026-03-02T08:20:00+00:00,0.6243337461734442,1,STUCK_VALUE,1,test,0.022624682635068893,lstm-ae-bharati-v1
BRT,BRT_VIB_001,2026-03-02T08:21:00+00:00,0.6243337461734442,1,STUCK_VALUE,1,test,0.02209671400487423,lstm-ae-bharati-v1
BRT,BRT_VIB_001,2026-03-02T08:22:00+00:00,0.6243337461734442,1,STUCK_VALUE,1,test,0.021994566544890404,lstm-ae-bharati-v1
BRT,BRT_VIB_001,2026-03-02T08:23:00+00:00,0.6243337461734442,1,STUCK_VALUE,1,test,0.022016679868102074,lstm-ae-bharati-v1
BRT,BRT_VIB_001,2026-03-02T08:24:00+00:00,0.6243337461734442,1,STUCK_VALUE,1,test,0.02174827642738819,lstm-ae-bharati-v1
BRT,BRT_VIB_001,2026-03-02T08:25:00+00:00,0.6243337461734442,1,STUCK_VALUE,1,test,0.019421998411417007,lstm-ae-bharati-v1
BRT,BRT_VIB_001,2026-03-02T08:26:00+00:00,0.6243337461734442,1,STUCK_VALUE,1,test,0.013533544726669788,lstm-ae-bharati-v1
BRT,BRT_VIB_001,2026-03-02T08:27:00+00:00,0.6243337461734442,1,STUCK_VALUE,1,test,0.012594743631780148,lstm-ae-bharati-v1
BRT,BRT_VIB_001,2026-03-02T08:28:00+00:00,0.6243337461734442,1,STUCK_VALUE,1,test,0.012587656266987324,lstm-ae-bharati-v1
BRT,BRT_VIB_001,2026-03-02T08:29:00+00:00,0.6243337461734442,1,STUCK_VALUE,1,test,0.012115532532334328,lstm-ae-bharati-v1
BRT,BRT_VIB_001,2026-03-02T08:30:00+00:00,0.6243337461734442,1,STUCK_VALUE,1,test,0.01193456444889307,lstm-ae-bharati-v1
BRT,BRT_VIB_001,2026-03-02T08:31:00+00:00,0.6243337461734442,1,STUCK_VALUE,1,test,0.010781009681522846,lstm-ae-bharati-v1
BRT,BRT_VIB_001,2026-03-02T08:32:00+00:00,0.6243337461734442,1,STUCK_VALUE,1,test,0.010253097862005234,lstm-ae-bharati-v1
BRT,BRT_VIB_001,2026-03-02T08:33:00+00:00,0.6243337461734442,1,STUCK_VALUE,1,test,0.010951962321996689,lstm-ae-bharati-v1
BRT,BRT_VIB_001,2026-03-02T08:34:00+00:00,0.6243337461734442,1,STUCK_VALUE,1,test,0.010628322139382362,lstm-ae-bharati-v1
BRT,BRT_VIB_001,2026-03-02T08:35:00+00:00,0.6243337461734442,1,STUCK_VALUE,1,test,0.010037404485046864,lstm-ae-bharati-v1
BRT,BRT_VIB_001,2026-03-02T08:36:00+00:00,0.6243337461734442,1,STUCK_VALUE,1,test,0.010659920983016491,lstm-ae-bharati-v1
BRT,BRT_VIB_001,2026-03-02T08:37:00+00:00,0.6243337461734442,1,STUCK_VALUE,1,test,0.0087904566898942,lstm-ae-bharati-v1
BRT,BRT_VIB_001,2026-03-02T08:38:00+00:00,0.6243337461734442,1,STUCK_VALUE,1,test,0.008012756705284119,lstm-ae-bharati-v1
BRT,BRT_VIB_001,2026-03-02T08:39:00+00:00,0.6243337461734442,1,STUCK_VALUE,1,test,0.006801964249461889,lstm-ae-bharati-v1
BRT,BRT_VIB_001,2026-03-02T08:40:00+00:00,0.6243337461734442,1,STUCK_VALUE,1,test,0.006338427774608135,lstm-ae-bharati-v1
BRT,BRT_VIB_001,2026-03-02T08:41:00+00:00,0.6243337461734442,1,STUCK_VALUE,1,test,0.0048593501560389996,lstm-ae-bharati-v1
BRT,BRT_VIB_001,2026-03-02T08:42:00+00:00,0.6243337461734442,1,STUCK_VALUE,1,test,0.003881376702338457,lstm-ae-bharati-v1
BRT,BRT_VIB_001,2026-03-02T08:43:00+00:00,0.6243337461734442,1,STUCK_VALUE,1,test,0.003992947284132242,lstm-ae-bharati-v1
BRT,BRT_VIB_001,2026-03-02T08:44:00+00:00,0.6697711697075689,0,NORMAL,1,test,0.009874640963971615,lstm-ae-bharati-v1
BRT,BRT_VIB_001,2026-03-02T08:45:00+00:00,0.6713410991571683,0,NORMAL,1,test,0.012949672527611256,lstm-ae-bharati-v1
BRT,BRT_VIB_001,2026-03-02T08:46:00+00:00,0.6737947771291455,0,NORMAL,1,test,0.01579776220023632,lstm-ae-bharati-v1
BRT,BRT_VIB_001,2026-03-02T08:47:00+00:00,0.6831973708342752,0,NORMAL,1,test,0.0200345441699028,lstm-ae-bharati-v1
BRT,BRT_VIB_001,2026-03-02T08:48:00+00:00,0.6778584600933842,0,NORMAL,1,test,0.019960224628448486,lstm-ae-bharati-v1
BRT,BRT_VIB_001,2026-03-02T08:49:00+00:00,0.6936919424618091,0,NORMAL,1,test,0.02311699278652668,lstm-ae-bharati-v1
BRT,BRT_VIB_001,2026-03-02T08:50:00+00:00,0.7048897162033254,0,NORMAL,1,test,0.0266361553221941,lstm-ae-bharati-v1
BRT,BRT_VIB_001,2026-03-02T08:51:00+00:00,0.6853723263319816,0,NORMAL,1,test,0.025557100772857666,lstm-ae-bharati-v1
BRT,BRT_VIB_001,2026-03-02T08:52:00+00:00,0.7033472194796351,0,NORMAL,1,test,0.025360791012644768,lstm-ae-bharati-v1
BRT,BRT_VIB_001,2026-03-02T08:53:00+00:00,0.7141856409027624,0,NORMAL,1,test,0.025338223204016685,lstm-ae-bharati-v1
BRT,BRT_VIB_001,2026-03-02T08:54:00+00:00,0.7081109505854638,0,NORMAL,1,test,0.023622220382094383,lstm-ae-bharati-v1
BRT,BRT_VIB_001,2026-03-02T08:55:00+00:00,0.6983783543169703,0,NORMAL,1,test,0.021788600832223892,lstm-ae-bharati-v1
BRT,BRT_VIB_001,2026-03-02T08:56:00+00:00,0.7025612453794378,0,NORMAL,1,test,0.02017183043062687,lstm-ae-bharati-v1
BRT,BRT_VIB_001,2026-03-02T08:57:00+00:00,0.709140379345165,0,NORMAL,1,test,0.018723895773291588,lstm-ae-bharati-v1
BRT,BRT_VIB_001,2026-03-02T08:58:00+00:00,0.6990051219675791,0,NORMAL,1,test,0.018698008731007576,lstm-ae-bharati-v1
BRT,BRT_VIB_001,2026-03-02T08:59:00+00:00,0.6754928022059754,0,NORMAL,1,test,0.024908622726798058,lstm-ae-bharati-v1
BRT,BRT_VIB_001,2026-03-02T09:00:00+00:00,0.6560568041323537,0,NORMAL,1,test,0.038882963359355927,lstm-ae-bharati-v1
BRT,BRT_VIB_001,2026-03-02T09:01:00+00:00,0.6769893731080064,0,NORMAL,1,test,0.04489034786820412,lstm-ae-bharati-v1
BRT,BRT_VIB_001,2026-03-02T09:02:00+00:00,0.662027322575557,0,NORMAL,1,test,0.0551840215921402,lstm-ae-bharati-v1
BRT,BRT_VIB_001,2026-03-02T09:03:00+00:00,0.6493311378678959,0,NORMAL,1,test,0.0683467835187912,lstm-ae-bharati-v1
BRT,BRT_VIB_001,2026-03-02T09:04:00+00:00,0.6403845688181112,0,NORMAL,1,test,0.0818835124373436,lstm-ae-bharati-v1
BRT,BRT_VIB_001,2026-03-02T09:05:00+00:00,0.6773509711264577,0,NORMAL,1,test,0.0829385444521904,lstm-ae-bharati-v1
BRT,BRT_VIB_001,2026-03-02T09:06:00+00:00,0.6527787653526251,0,NORMAL,1,test,0.08722210675477982,lstm-ae-bharati-v1
BRT,BRT_VIB_001,2026-03-02T09:07:00+00:00,0.6735776616001649,0,NORMAL,1,test,0.08538303524255753,lstm-ae-bharati-v1
BRT,BRT_VIB_001,2026-03-02T09:08:00+00:00,0.6448683903631734,0,NORMAL,1,test,0.08706603199243546,lstm-ae-bharati-v1
BRT,BRT_VIB_001,2026-03-02T09:09:00+00:00,0.6769787930971236,0,NORMAL,1,test,0.08148011565208435,lstm-ae-bharati-v1
BRT,BRT_VIB_001,2026-03-02T09:10:00+00:00,0.6813680706006596,0,NORMAL,1,test,0.07408443093299866,lstm-ae-bharati-v1
BRT,BRT_VIB_001,2026-03-02T09:11:00+00:00,0.6361244531706056,0,NORMAL,1,test,0.06993228942155838,lstm-ae-bharati-v1
BRT,BRT_VIB_001,2026-03-02T09:12:00+00:00,0.6419412816452197,0,NORMAL,1,test,0.05872368440032005,lstm-ae-bharati-v1
BRT,BRT_VIB_001,2026-03-02T09:13:00+00:00,0.6535082624250574,0,NORMAL,0,test,0.04085589200258255,lstm-ae-bharati-v1
BRT,BRT_VIB_001,2026-03-02T09:14:00+00:00,0.647387083660278,0,NORMAL,0,test,0.03701842203736305,lstm-ae-bharati-v1
BRT,BRT_VIB_001,2026-03-02T09:15:00+00:00,0.6871711074011211,0,NORMAL,0,test,0.036700714379549026,lstm-ae-bharati-v1
BRT,BRT_VIB_001,2026-03-02T09:16:00+00:00,0.6791257489722097,0,NORMAL,0,test,0.03536606952548027,lstm-ae-bharati-v1
BRT,BRT_VIB_001,2026-03-02T09:17:00+00:00,0.6972039779483868,0,NORMAL,0,test,0.03985552117228508,lstm-ae-bharati-v1
BRT,BRT_VIB_001,2026-03-02T09:18:00+00:00,0.7082575702307845,0,NORMAL,0,test,0.047182511538267136,lstm-ae-bharati-v1
BRT,BRT_VIB_001,2026-03-02T09:19:00+00:00,0.7325059398684166,0,NORMAL,0,test,0.06474297493696213,lstm-ae-bharati-v1
