station_id,sensor_id,timestamp,target_value,is_anomaly,anomaly_type,any_anomaly_in_window,split,reconstruction_error,model_version
MTR,HUM_001,2026-03-01T12:09:00+00:00,54.09438639243331,0,NORMAL,0,val,0.07003000378608704,lstm-ae-v1
MTR,HUM_001,2026-03-01T12:10:00+00:00,54.40512434974977,0,NORMAL,0,val,0.07048042863607407,lstm-ae-v1
MTR,HUM_001,2026-03-01T12:11:00+00:00,54.01188245213781,0,NORMAL,0,val,0.07403410971164703,lstm-ae-v1
MTR,HUM_001,2026-03-01T12:12:00+00:00,54.31897883734053,0,NORMAL,0,val,0.0664433017373085,lstm-ae-v1
MTR,HUM_001,2026-03-01T12:13:00+00:00,54.50798318889988,0,NORMAL,0,val,0.06426634639501572,lstm-ae-v1
MTR,HUM_001,2026-03-01T12:14:00+00:00,54.15544119999147,0,NORMAL,0,val,0.06300603598356247,lstm-ae-v1
MTR,HUM_001,2026-03-01T12:15:00+00:00,53.14291761346376,0,NORMAL,0,val,0.06768206506967545,lstm-ae-v1
MTR,HUM_001,2026-03-01T12:16:00+00:00,53.10318888962048,0,NORMAL,0,val,0.0732785314321518,lstm-ae-v1
MTR,HUM_001,2026-03-01T12:17:00+00:00,54.178945843699594,0,NORMAL,0,val,0.0710630714893341,lstm-ae-v1
MTR,HUM_001,2026-03-01T12:18:00+00:00,55.03767893924232,0,NORMAL,0,val,0.07587016373872757,lstm-ae-v1
MTR,HUM_001,2026-03-01T12:19:00+00:00,54.578745587394586,0,NORMAL,0,val,0.07486680895090103,lstm-ae-v1
MTR,HUM_001,2026-03-01T12:20:00+00:00,53.41388128854348,0,NORMAL,0,val,0.07941829413175583,lstm-ae-v1
MTR,HUM_001,2026-03-01T12:21:00+00:00,53.777157867721336,0,NORMAL,0,val,0.08182875066995621,lstm-ae-v1
MTR,HUM_001,2026-03-01T12:22:00+00:00,53.977677375659006,0,NORMAL,0,val,0.051793500781059265,lstm-ae-v1
MTR,HUM_001,2026-03-01T12:23:00+00:00,53.636129361881,0,NORMAL,0,val,0.04234721511602402,lstm-ae-v1
MTR,HUM_001,2026-03-01T12:24:00+00:00,53.76430597597529,0,NORMAL,0,val,0.03609098494052887,lstm-ae-v1
MTR,HUM_001,2026-03-01T12:25:00+00:00,53.18242273984516,0,NORMAL,0,val,0.03845907747745514,lstm-ae-v1
MTR,HUM_001,2026-03-01T12:26:00+00:00,52.51376484070887,0,NORMAL,0,val,0.03961857780814171,lstm-ae-v1
MTR,HUM_001,2026-03-01T12:27:00+00:00,54.2065739489037,0,NORMAL,0,val,0.03668249398469925,lstm-ae-v1
MTR,HUM_001,2026-03-01T12:28:00+00:00,53.73524080783879,0,NORMAL,0,val,0.03119339980185032,lstm-ae-v1
MTR,HUM_001,2026-03-01T12:29:00+00:00,53.76059705544072,0,NORMAL,0,val,0.0321502685546875,lstm-ae-v1
MTR,HUM_001,2026-03-01T12:30:00+00:00,54.25339496432289,0,NORMAL,0,val,0.032865628600120544,lstm-ae-v1
MTR,HUM_001,2026-03-01T12:31:00+00:00,54.736305110523695,0,NORMAL,0,val,0.03196416422724724,lstm-ae-v1
MTR,HUM_001,2026-03-01T12:32:00+00:00,54.13806795922315,0,NORMAL,0,val,0.031071888282895088,lstm-ae-v1
MTR,HUM_001,2026-03-01T12:33:00+00:00,52.019514610123544,0,NORMAL,0,val,0.04194090887904167,lstm-ae-v1
MTR,HUM_001,2026-03-01T12:34:00+00:00,53.21123012533133,0,NORMAL,0,val,0.04575272276997566,lstm-ae-v1
MTR,HUM_001,2026-03-01T12:35:00+00:00,53.103842500596,0,NORMAL,0,val,0.04432811588048935,lstm-ae-v1
MTR,HUM_001,2026-03-01T12:36:00+00:00,53.31075175674782,0,NORMAL,0,val,0.04958633333444595,lstm-ae-v1
MTR,HUM_001,2026-03-01T12:37:00+00:00,52.15966847742248,0,NORMAL,0,val,0.05117917060852051,lstm-ae-v1
MTR,HUM_001,2026-03-01T12:38:00+00:00,52.768396500456,0,NORMAL,0,val,0.04753804951906204,lstm-ae-v1
MTR,HUM_001,2026-03-01T12:39:00+00:00,53.309229640030246,0,NORMAL,0,val,0.04621972143650055,lstm-ae-v1
MTR,HUM_001,2026-03-01T12:40:00+00:00,53.246355392334394,0,NORMAL,0,val,0.04755314439535141,lstm-ae-v1
MTR,HUM_001,2026-03-01T12:41:00+00:00,53.55477117186402,0,NORMAL,0,val,0.04617777094244957,lstm-ae-v1
MTR,HUM_001,2026-03-01T12:42:00+00:00,53.5027034888155,0,NORMAL,0,val,0.04557204991579056,lstm-ae-v1
MTR,HUM_001,2026-03-01T12:43:00+00:00,55.130200726778405,0,NORMAL,0,val,0.05749689042568207,lstm-ae-v1
MTR,HUM_001,2026-03-01T12:44:00+00:00,54.57143196880306,0,NORMAL,0,val,0.065585657954216,lstm-ae-v1
MTR,HUM_001,2026-03-01T12:45:00+00:00,53.81803467895093,0,NORMAL,0,val,0.06297370046377182,lstm-ae-v1
MTR,HUM_001,2026-03-01T12:46:00+00:00,54.29619518942381,0,NORMAL,0,val,0.055807217955589294,lstm-ae-v1
MTR,HUM_001,2026-03-01T12:47:00+00:00,55.240749411006654,0,NORMAL,0,val,0.05719582363963127,lstm-ae-v1
MTR,HUM_001,2026-03-01T12:48:00+00:00,54.610944748090624,0,NORMAL,0,val,0.055513497442007065,lstm-ae-v1
MTR,HUM_001,2026-03-01T12:49:00+00:00,53.86867178051926,0,NORMAL,0,val,0.05904205143451691,lstm-ae-v1
MTR,HUM_001,2026-03-01T12:50:00+00:00,53.87756021720154,0,NORMAL,0,val,0.05709148943424225,lstm-ae-v1
MTR,HUM_001,2026-03-01T12:51:00+00:00,53.41409238348154,0,NORMAL,0,val,0.0585646778345108,lstm-ae-v1
MTR,HUM_001,2026-03-01T12:52:00+00:00,54.046063449792456,0,NORMAL,0,val,0.05967011675238609,lstm-ae-v1
MTR,HUM_001,2026-03-01T12:53:00+00:00,53.5550474701224,0,NORMAL,0,val,0.06155725568532944,lstm-ae-v1
MTR,HUM_001,2026-03-01T12:54:00+00:00,53.90864748615848,0,NORMAL,0,val,0.06586433947086334,lstm-ae-v1
MTR,HUM_001,2026-03-01T12:55:00+00:00,53.2076619589313,0,NORMAL,0,val,0.07320526242256165,lstm-ae-v1
MTR,HUM_001,2026-03-01T12:56:00+00:00,53.25433163866063,0,NORMAL,0,val,0.06390698254108429,lstm-ae-v1
MTR,HUM_001,2026-03-01T12:57:00+00:00,53.144418073578755,0,NORMAL,0,val,0.06871010363101959,lstm-ae-v1
MTR,HUM_001,2026-03-01T12:58:00+00:00,53.95475591655328,0,NORMAL,0,val,0.06680610030889511,lstm-ae-v1
MTR,HUM_001,2026-03-01T12:59:00+00:00,53.92358693727348,0,NORMAL,0,val,0.061861906200647354,lstm-ae-v1
MTR,HUM_001,2026-03-01T13:00:00+00:00,53.81206512033356,0,NORMAL,0,val,0.0572320893406868,lstm-ae-v1
MTR,HUM_001,2026-03-01T13:01:00+00:00,53.40996340610902,0,NORMAL,0,val,0.05966685712337494,lstm-ae-v1
MTR,HUM_001,2026-03-01T13:02:00+00:00,53.24228157833707,0,NORMAL,0,val,0.07377038151025772,lstm-ae-v1
MTR,HUM_001,2026-03-01T13:03:00+00:00,52.425097956019655,0,NORMAL,0,val,0.06442754715681076,lstm-ae-v1
MTR,HUM_001,2026-03-01T13:04:00+00:00,52.15058275934983,0,NORMAL,0,val,0.06942208856344223,lstm-ae-v1
MTR,HUM_001,2026-03-01T13:05:00+00:00,52.19120862794988,0,NORMAL,0,val,0.07040862739086151,lstm-ae-v1
MTR,HUM_001,2026-03-01T13:06:00+00:00,51.99654807413851,0,NORMAL,0,val,0.07917045801877975,lstm-ae-v1
MTR,HUM_001,2026-03-01T13:07:00+00:00,52.003741121244346,0,NORMAL,0,val,0.06917551159858704,lstm-ae-v1
MTR,HUM_001,2026-03-01T13:08:00+00:00,52.66519153393107,0,NORMAL,0,val,0.062094416469335556,lstm-ae-v1
MTR,HUM_001,2026-03-01T13:09:00+00:00,52.26357722404675,0,NORMAL,0,val,0.061496488749980927,lstm-ae-v1
MTR,HUM_001,2026-03-01T13:10:00+00:00,52.56952513100108,0,NORMAL,0,val,0.05736961215734482,lstm-ae-v1
MTR,HUM_001,2026-03-01T13:11:00+00:00,52.42645947660691,0,NORMAL,0,val,0.05571816489100456,lstm-ae-v1
MTR,HUM_001,2026-03-01T13:12:00+00:00,51.69112048268289,0,NORMAL,0,val,0.05208112299442291,lstm-ae-v1
MTR,HUM_001,2026-03-01T13:13:00+00:00,51.76484156694846,0,NORMAL,0,val,0.057683758437633514,lstm-ae-v1
MTR,HUM_001,2026-03-01T13:14:00+00:00,52.414038091889545,0,NORMAL,0,val,0.06259580701589584,lstm-ae-v1
MTR,HUM_001,2026-03-01T13:15:00+00:00,52.436633831818575,0,NORMAL,0,val,0.06143735721707344,lstm-ae-v1
MTR,HUM_001,2026-03-01T13:16:00+00:00,51.7265813832036,0,NORMAL,0,val,0.061721500009298325,lstm-ae-v1
MTR,HUM_001,2026-03-01T13:17:00+00:00,52.96164390767388,0,NORMAL,0,val,0.06292641907930374,lstm-ae-v1
MTR,HUM_001,2026-03-01T13:18:00+00:00,51.008935072991974,0,NORMAL,0,val,0.07357624173164368,lstm-ae-v1
MTR,HUM_001,2026-03-01T13:19:00+00:00,51.92774724496036,0,NORMAL,0,val,0.0803741067647934,lstm-ae-v1
MTR,HUM_001,2026-03-01T13:20:00+00:00,51.92774724496036,1,STUCK_VALUE,1,val,0.08776567876338959,lstm-ae-v1
MTR,HUM_001,2026-03-01T13:21:00+00:00,51.92774724496036,1,STUCK_VALUE,1,val,0.09012708067893982,lstm-ae-v1
MTR,HUM_001,2026-03-01T13:22:00+00:00,51.92774724496036,1,STUCK_VALUE,1,val,0.09894762188196182,lstm-ae-v1
MTR,HUM_001,2026-03-01T13:23:00+00:00,51.92774724496036,1,STUCK_VALUE,1,val,0.10497841984033585,lstm-ae-v1
MTR,HUM_001,2026-03-01T13:24:00+00:00,51.92774724496036,1,STUCK_VALUE,1,val,0.11784568428993225,lstm-ae-v1
MTR,HUM_001,2026-03-01T13:25:00+00:00,51.92774724496036,1,STUCK_VALUE,1,val,0.12587162852287292,lstm-ae-v1
MTR,HUM_001,2026-03-01T13:26:00+00:00,51.92774724496036,1,STUCK_VALUE,1,val,0.1350763887166977,lstm-ae-v1
MTR,HUM_001,2026-03-01T13:27:00+00:00,51.92774724496036,1,STUCK_VALUE,1,val,0.13978222012519836,lstm-ae-v1
MTR,HUM_001,2026-03-01T13:28:00+00:00,51.92774724496036,1,STUCK_VALUE,1,val,0.15310008823871613,lstm-ae-v1
MTR,HUM_001,2026-03-01T13:29:00+00:00,51.92774724496036,1,STUCK_VALUE,1,val,0.16707037389278412,lstm-ae-v1
MTR,HUM_001,2026-03-01T13:30:00+00:00,51.92774724496036,1,STUCK_VALUE,1,val,0.18118801712989807,lstm-ae-v1
MTR,HUM_001,2026-03-01T13:31:00+00:00,51.92774724496036,1,STUCK_VALUE,1,val,0.19219793379306793,lstm-ae-v1
MTR,HUM_001,2026-03-01T13:32:00+00:00,51.92774724496036,1,STUCK_VALUE,1,val,0.20523087680339813,lstm-ae-v1
MTR,HUM_001,2026-03-01T13:33:00+00:00,51.92774724496036,1,STUCK_VALUE,1,val,0.21076279878616333,lstm-ae-v1
MTR,HUM_001,2026-03-01T13:34:00+00:00,51.92774724496036,1,STUCK_VALUE,1,val,0.21250060200691223,lstm-ae-v1
MTR,HUM_001,2026-03-01T13:35:00+00:00,51.92774724496036,1,STUCK_VALUE,1,val,0.2157101035118103,lstm-ae-v1
MTR,HUM_001,2026-03-01T13:36:00+00:00,51.92774724496036,1,STUCK_VALUE,1,val,0.21526189148426056,lstm-ae-v1
MTR,HUM_001,2026-03-01T13:37:00+00:00,51.92774724496036,1,STUCK_VALUE,1,val,0.2114201933145523,lstm-ae-v1
MTR,HUM_001,2026-03-01T13:38:00+00:00,51.92774724496036,1,STUCK_VALUE,1,val,0.21751104295253754,lstm-ae-v1
MTR,HUM_001,2026-03-01T13:39:00+00:00,51.92774724496036,1,STUCK_VALUE,1,val,0.21743004024028778,lstm-ae-v1
MTR,HUM_001,2026-03-01T13:40:00+00:00,51.92774724496036,1,STUCK_VALUE,1,val,0.22201339900493622,lstm-ae-v1
MTR,HUM_001,2026-03-01T13:41:00+00:00,51.92774724496036,1,STUCK_VALUE,1,val,0.22904418408870697,lstm-ae-v1
MTR,HUM_001,2026-03-01T13:42:00+00:00,51.92774724496036,1,STUCK_VALUE,1,val,0.22590939700603485,lstm-ae-v1
MTR,HUM_001,2026-03-01T13:43:00+00:00,51.92774724496036,1,STUCK_VALUE,1,val,0.2198704332113266,lstm-ae-v1
MTR,HUM_001,2026-03-01T13:44:00+00:00,51.92774724496036,1,STUCK_VALUE,1,val,0.22192689776420593,lstm-ae-v1
MTR,HUM_001,2026-03-01T13:45:00+00:00,51.92774724496036,1,STUCK_VALUE,1,val,0.2272072285413742,lstm-ae-v1
MTR,HUM_001,2026-03-01T13:46:00+00:00,51.92774724496036,1,STUCK_VALUE,1,val,0.21955032646656036,lstm-ae-v1
MTR,HUM_001,2026-03-01T13:47:00+00:00,51.92774724496036,1,STUCK_VALUE,1,val,0.23368655145168304,lstm-ae-v1
MTR,HUM_001,2026-03-01T13:48:00+00:00,51.92774724496036,1,STUCK_VALUE,1,val,0.22045698761940002,lstm-ae-v1
MTR,HUM_001,2026-03-01T13:49:00+00:00,51.92774724496036,1,STUCK_VALUE,1,val,0.22045698761940002,lstm-ae-v1
MTR,HUM_001,2026-03-01T13:50:00+00:00,51.92774724496036,1,STUCK_VALUE,1,val,0.22045698761940002,lstm-ae-v1
MTR,HUM_001,2026-03-01T13:51:00+00:00,51.92774724496036,1,STUCK_VALUE,1,val,0.22045698761940002,lstm-ae-v1
MTR,HUM_001,2026-03-01T13:52:00+00:00,51.92774724496036,1,STUCK_VALUE,1,val,0.22045698761940002,lstm-ae-v1
MTR,HUM_001,2026-03-01T13:53:00+00:00,51.92774724496036,1,STUCK_VALUE,1,val,0.22045698761940002,lstm-ae-v1
MTR,HUM_001,2026-03-01T13:54:00+00:00,51.92774724496036,1,STUCK_VALUE,1,val,0.22045698761940002,lstm-ae-v1
MTR,HUM_001,2026-03-01T13:55:00+00:00,50.15513123550333,0,NORMAL,1,val,0.2480761557817459,lstm-ae-v1
MTR,HUM_001,2026-03-01T13:56:00+00:00,50.0029313734283,0,NORMAL,1,val,0.27921268343925476,lstm-ae-v1
MTR,HUM_001,2026-03-01T13:57:00+00:00,52.0232366642607,0,NORMAL,1,val,0.2853545546531677,lstm-ae-v1
MTR,HUM_001,2026-03-01T13:58:00+00:00,50.481144312565114,0,NORMAL,1,val,0.296092689037323,lstm-ae-v1
MTR,HUM_001,2026-03-01T13:59:00+00:00,50.25599341751692,0,NORMAL,1,val,0.30920568108558655,lstm-ae-v1
MTR,HUM_001,2026-03-01T14:00:00+00:00,51.12961885519844,0,NORMAL,1,val,0.31489819288253784,lstm-ae-v1
MTR,HUM_001,2026-03-01T14:01:00+00:00,52.083992050023085,0,NORMAL,1,val,0.3179328739643097,lstm-ae-v1
MTR,HUM_001,2026-03-01T14:02:00+00:00,51.22125041477189,0,NORMAL,1,val,0.31607210636138916,lstm-ae-v1
MTR,HUM_001,2026-03-01T14:03:00+00:00,52.05654727034401,0,NORMAL,1,val,0.31969135999679565,lstm-ae-v1
MTR,HUM_001,2026-03-01T14:04:00+00:00,51.41593711736121,0,NORMAL,1,val,0.3202952742576599,lstm-ae-v1
MTR,HUM_001,2026-03-01T14:05:00+00:00,52.49343050120043,0,NORMAL,1,val,0.3268960416316986,lstm-ae-v1
MTR,HUM_001,2026-03-01T14:06:00+00:00,52.565043499232566,0,NORMAL,1,val,0.3280382752418518,lstm-ae-v1
MTR,HUM_001,2026-03-01T14:07:00+00:00,52.83398428550095,0,NORMAL,1,val,0.326599657535553,lstm-ae-v1
MTR,HUM_001,2026-03-01T14:08:00+00:00,52.38190752435431,0,NORMAL,1,val,0.32078319787979126,lstm-ae-v1
MTR,HUM_001,2026-03-01T14:09:00+00:00,51.614472076417776,0,NORMAL,1,val,0.32017597556114197,lstm-ae-v1
MTR,POWER_001,2026-03-01T12:09:00+00:00,33.89529324004559,0,NORMAL,0,val,0.2865413427352905,lstm-ae-v1
MTR,POWER_001,2026-03-01T12:10:00+00:00,33.398244038235504,0,NORMAL,0,val,0.29883190989494324,lstm-ae-v1
MTR,POWER_001,2026-03-01T12:11:00+00:00,33.66094965944795,0,NORMAL,0,val,0.3163353502750397,lstm-ae-v1
MTR,POWER_001,2026-03-01T12:12:00+00:00,33.64265261142366,0,NORMAL,0,val,0.3324953019618988,lstm-ae-v1
MTR,POWER_001,2026-03-01T12:13:00+00:00,33.48176171598341,0,NORMAL,0,val,0.31538093090057373,lstm-ae-v1
MTR,POWER_001,2026-03-01T12:14:00+00:00,34.17663078782135,0,NORMAL,0,val,0.3213357627391815,lstm-ae-v1
MTR,POWER_001,2026-03-01T12:15:00+00:00,33.533322841930215,0,NORMAL,0,val,0.3172130286693573,lstm-ae-v1
MTR,POWER_001,2026-03-01T12:16:00+00:00,33.96093012704024,0,NORMAL,0,val,0.32085010409355164,lstm-ae-v1
MTR,POWER_001,2026-03-01T12:17:00+00:00,33.6290279343257,0,NORMAL,0,val,0.3071862757205963,lstm-ae-v1
MTR,POWER_001,2026-03-01T12:18:00+00:00,33.64024461652975,0,NORMAL,0,val,0.3080829977989197,lstm-ae-v1
MTR,POWER_001,2026-03-01T12:19:00+00:00,33.48588434446438,0,NORMAL,0,val,0.31866058707237244,lstm-ae-v1
MTR,POWER_001,2026-03-01T12:20:00+00:00,33.028239915185594,0,NORMAL,0,val,0.34259462356567383,lstm-ae-v1
MTR,POWER_001,2026-03-01T12:21:00+00:00,33.15161047615812,0,NORMAL,0,val,0.3621132969856262,lstm-ae-v1
MTR,POWER_001,2026-03-01T12:22:00+00:00,33.36289706754157,0,NORMAL,0,val,0.34708550572395325,lstm-ae-v1
MTR,POWER_001,2026-03-01T12:23:00+00:00,33.13106712466422,0,NORMAL,0,val,0.36441561579704285,lstm-ae-v1
MTR,POWER_001,2026-03-01T12:24:00+00:00,32.89796641054075,0,NORMAL,0,val,0.37986400723457336,lstm-ae-v1
MTR,POWER_001,2026-03-01T12:25:00+00:00,33.42673372395681,0,NORMAL,0,val,0.39556747674942017,lstm-ae-v1
MTR,POWER_001,2026-03-01T12:26:00+00:00,33.310533643037466,0,NORMAL,0,val,0.41592228412628174,lstm-ae-v1
MTR,POWER_001,2026-03-01T12:27:00+00:00,33.34343646107539,0,NORMAL,0,val,0.41991952061653137,lstm-ae-v1
MTR,POWER_001,2026-03-01T12:28:00+00:00,32.715636183636754,0,NORMAL,0,val,0.42432862520217896,lstm-ae-v1
MTR,POWER_001,2026-03-01T12:29:00+00:00,32.56338504231768,0,NORMAL,0,val,0.4243444502353668,lstm-ae-v1
MTR,POWER_001,2026-03-01T12:30:00+00:00,32.6664593421662,0,NORMAL,0,val,0.4002518355846405,lstm-ae-v1
MTR,POWER_001,2026-03-01T12:31:00+00:00,32.33547813939098,0,NORMAL,0,val,0.42826125025749207,lstm-ae-v1
MTR,POWER_001,2026-03-01T12:32:00+00:00,32.359482609158604,0,NORMAL,0,val,0.4370131492614746,lstm-ae-v1
MTR,POWER_001,2026-03-01T12:33:00+00:00,32.18913335501337,0,NORMAL,0,val,0.4732791483402252,lstm-ae-v1
MTR,POWER_001,2026-03-01T12:34:00+00:00,32.56638724074547,0,NORMAL,0,val,0.5012825727462769,lstm-ae-v1
MTR,POWER_001,2026-03-01T12:35:00+00:00,32.651645027963326,0,NORMAL,0,val,0.5146227478981018,lstm-ae-v1
MTR,POWER_001,2026-03-01T12:36:00+00:00,33.06712614222901,0,NORMAL,0,val,0.52910315990448,lstm-ae-v1
MTR,POWER_001,2026-03-01T12:37:00+00:00,33.08252960629529,0,NORMAL,0,val,0.5476447939872742,lstm-ae-v1
MTR,POWER_001,2026-03-01T12:38:00+00:00,32.480215683394185,0,NORMAL,0,val,0.5795961022377014,lstm-ae-v1
MTR,POWER_001,2026-03-01T12:39:00+00:00,32.080661857788584,0,NORMAL,0,val,0.625325620174408,lstm-ae-v1
MTR,POWER_001,2026-03-01T12:40:00+00:00,31.853993728715555,0,NORMAL,0,val,0.6701567769050598,lstm-ae-v1
MTR,POWER_001,2026-03-01T12:41:00+00:00,32.19696315410136,0,NORMAL,0,val,0.7142202258110046,lstm-ae-v1
MTR,POWER_001,2026-03-01T12:42:00+00:00,31.86407182432736,0,NORMAL,0,val,0.7658594846725464,lstm-ae-v1
MTR,POWER_001,2026-03-01T12:43:00+00:00,31.670785740388222,0,NORMAL,0,val,0.8218778967857361,lstm-ae-v1
MTR,POWER_001,2026-03-01T12:44:00+00:00,32.01918899108365,0,NORMAL,0,val,0.8855905532836914,lstm-ae-v1
MTR,POWER_001,2026-03-01T12:45:00+00:00,32.29275184595675,0,NORMAL,0,val,0.9199594855308533,lstm-ae-v1
MTR,POWER_001,2026-03-01T12:46:00+00:00,32.95228946652496,0,NORMAL,0,val,0.9434318542480469,lstm-ae-v1
MTR,POWER_001,2026-03-01T12:47:00+00:00,32.228315102740574,0,NORMAL,0,val,0.9704080820083618,lstm-ae-v1
MTR,POWER_001,2026-03-01T12:48:00+00:00,33.0749757306599,0,NORMAL,0,val,0.9881337285041809,lstm-ae-v1
MTR,POWER_001,2026-03-01T12:49:00+00:00,32.7097440845975,0,NORMAL,0,val,1.0022695064544678,lstm-ae-v1
MTR,POWER_001,2026-03-01T12:50:00+00:00,32.99057431242797,0,NORMAL,0,val,1.00240957736969,lstm-ae-v1
MTR,POWER_001,2026-03-01T12:51:00+00:00,33.359379253199975,0,NORMAL,0,val,1.002139925956726,lstm-ae-v1
MTR,POWER_001,2026-03-01T12:52:00+00:00,33.001741423776565,0,NORMAL,0,val,1.0113835334777832,lstm-ae-v1
MTR,POWER_001,2026-03-01T12:53:00+00:00,33.20569765676574,0,NORMAL,0,val,1.0218234062194824,lstm-ae-v1
MTR,POWER_001,2026-03-01T12:54:00+00:00,33.29630034998548,0,NORMAL,0,val,1.0205087661743164,lstm-ae-v1
MTR,POWER_001,2026-03-01T12:55:00+00:00,34.0285805439147,0,NORMAL,0,val,1.0433728694915771,lstm-ae-v1
MTR,POWER_001,2026-03-01T12:56:00+00:00,32.660071966427616,0,NORMAL,0,val,1.049074649810791,lstm-ae-v1
MTR,POWER_001,2026-03-01T12:57:00+00:00,32.593823626638425,0,NORMAL,0,val,1.077478289604187,lstm-ae-v1
MTR,POWER_001,2026-03-01T12:58:00+00:00,33.007988936931035,0,NORMAL,0,val,1.078208088874817,lstm-ae-v1
MTR,POWER_001,2026-03-01T12:59:00+00:00,32.70168112077379,0,NORMAL,0,val,1.0720264911651611,lstm-ae-v1
MTR,POWER_001,2026-03-01T13:00:00+00:00,32.84003164359968,0,NORMAL,0,val,1.0717811584472656,lstm-ae-v1
MTR,POWER_001,2026-03-01T13:01:00+00:00,32.805535025220394,0,NORMAL,0,val,1.0572353601455688,lstm-ae-v1
MTR,POWER_001,2026-03-01T13:02:00+00:00,33.01662230641019,0,NORMAL,0,val,1.039201259613037,lstm-ae-v1
MTR,POWER_001,2026-03-01T13:03:00+00:00,33.27748317012147,0,NORMAL,0,val,1.0015627145767212,lstm-ae-v1
MTR,POWER_001,2026-03-01T13:04:00+00:00,32.82712350637473,0,NORMAL,0,val,0.9863746166229248,lstm-ae-v1
MTR,POWER_001,2026-03-01T13:05:00+00:00,32.237982100351914,0,NORMAL,0,val,0.9967862963676453,lstm-ae-v1
MTR,POWER_001,2026-03-01T13:06:00+00:00,32.33656624150964,0,NORMAL,0,val,1.0248785018920898,lstm-ae-v1
MTR,POWER_001,2026-03-01T13:07:00+00:00,33.21216999283159,0,NORMAL,0,val,1.0342519283294678,lstm-ae-v1
MTR,POWER_001,2026-03-01T13:08:00+00:00,33.672951587501174,0,NORMAL,0,val,1.00840163230896,lstm-ae-v1
MTR,POWER_001,2026-03-01T13:09:00+00:00,33.949376991982604,0,NORMAL,0,val,0.9587354063987732,lstm-ae-v1
MTR,POWER_001,2026-03-01T13:10:00+00:00,33.183723216971984,0,NORMAL,0,val,0.9107196927070618,lstm-ae-v1
MTR,POWER_001,2026-03-01T13:11:00+00:00,32.70881784399975,0,NORMAL,0,val,0.9027203321456909,lstm-ae-v1
MTR,POWER_001,2026-03-01T13:12:00+00:00,33.1443543730184,0,NORMAL,0,val,0.8722216486930847,lstm-ae-v1
MTR,POWER_001,2026-03-01T13:13:00+00:00,33.08408579393107,0,NORMAL,0,val,0.822744607925415,lstm-ae-v1
MTR,POWER_001,2026-03-01T13:14:00+00:00,32.87632376789198,0,NORMAL,0,val,0.789262592792511,lstm-ae-v1
MTR,POWER_001,2026-03-01T13:15:00+00:00,32.56158229906389,0,NORMAL,0,val,0.7697635293006897,lstm-ae-v1
MTR,POWER_001,2026-03-01T13:16:00+00:00,32.490308116622636,0,NORMAL,0,val,0.7862216830253601,lstm-ae-v1
MTR,POWER_001,2026-03-01T13:17:00+00:00,32.03093553376947,0,NORMAL,0,val,0.7657466530799866,lstm-ae-v1
MTR,POWER_001,2026-03-01T13:18:00+00:00,32.61047483137478,0,NORMAL,0,val,0.7822745442390442,lstm-ae-v1
MTR,POWER_001,2026-03-01T13:19:00+00:00,32.681746375063476,0,NORMAL,0,val,0.7728942632675171,lstm-ae-v1
MTR,POWER_001,2026-03-01T13:20:00+00:00,32.681746375063476,1,STUCK_VALUE,1,val,0.7726373076438904,lstm-ae-v1
MTR,POWER_001,2026-03-01T13:21:00+00:00,32.681746375063476,1,STUCK_VALUE,1,val,0.7901368737220764,lstm-ae-v1
MTR,POWER_001,2026-03-01T13:22:00+00:00,32.681746375063476,1,STUCK_VALUE,1,val,0.7913710474967957,lstm-ae-v1
MTR,POWER_001,2026-03-01T13:23:00+00:00,32.681746375063476,1,STUCK_VALUE,1,val,0.8002863526344299,lstm-ae-v1
MTR,POWER_001,2026-03-01T13:24:00+00:00,32.681746375063476,1,STUCK_VALUE,1,val,0.809677243232727,lstm-ae-v1
MTR,POWER_001,2026-03-01T13:25:00+00:00,32.681746375063476,1,STUCK_VALUE,1,val,0.8543936610221863,lstm-ae-v1
MTR,POWER_001,2026-03-01T13:26:00+00:00,32.681746375063476,1,STUCK_VALUE,1,val,0.847935140132904,lstm-ae-v1
MTR,POWER_001,2026-03-01T13:27:00+00:00,32.681746375063476,1,STUCK_VALUE,1,val,0.8368303775787354,lstm-ae-v1
MTR,POWER_001,2026-03-01T13:28:00+00:00,32.681746375063476,1,STUCK_VALUE,1,val,0.8472856879234314,lstm-ae-v1
MTR,POWER_001,2026-03-01T13:29:00+00:00,32.681746375063476,1,STUCK_VALUE,1,val,0.8440867066383362,lstm-ae-v1
MTR,POWER_001,2026-03-01T13:30:00+00:00,32.681746375063476,1,STUCK_VALUE,1,val,0.8474823236465454,lstm-ae-v1
MTR,POWER_001,2026-03-01T13:31:00+00:00,32.681746375063476,1,STUCK_VALUE,1,val,0.8479860424995422,lstm-ae-v1
MTR,POWER_001,2026-03-01T13:32:00+00:00,32.681746375063476,1,STUCK_VALUE,1,val,0.8563831448554993,lstm-ae-v1
MTR,POWER_001,2026-03-01T13:33:00+00:00,32.681746375063476,1,STUCK_VALUE,1,val,0.8792683482170105,lstm-ae-v1
MTR,POWER_001,2026-03-01T13:34:00+00:00,32.681746375063476,1,STUCK_VALUE,1,val,0.8886827230453491,lstm-ae-v1
MTR,POWER_001,2026-03-01T13:35:00+00:00,32.681746375063476,1,STUCK_VALUE,1,val,0.8680773377418518,lstm-ae-v1
MTR,POWER_001,2026-03-01T13:36:00+00:00,32.681746375063476,1,STUCK_VALUE,1,val,0.8451815843582153,lstm-ae-v1
MTR,POWER_001,2026-03-01T13:37:00+00:00,32.681746375063476,1,STUCK_VALUE,1,val,0.856614887714386,lstm-ae-v1
MTR,POWER_001,2026-03-01T13:38:00+00:00,32.681746375063476,1,STUCK_VALUE,1,val,0.8832029700279236,lstm-ae-v1
MTR,POWER_001,2026-03-01T13:39:00+00:00,32.681746375063476,1,STUCK_VALUE,1,val,0.9251731634140015,lstm-ae-v1
MTR,POWER_001,2026-03-01T13:40:00+00:00,32.681746375063476,1,STUCK_VALUE,1,val,0.9456605315208435,lstm-ae-v1
MTR,POWER_001,2026-03-01T13:41:00+00:00,32.681746375063476,1,STUCK_VALUE,1,val,0.9428555965423584,lstm-ae-v1
MTR,POWER_001,2026-03-01T13:42:00+00:00,32.681746375063476,1,STUCK_VALUE,1,val,0.9595792293548584,lstm-ae-v1
MTR,POWER_001,2026-03-01T13:43:00+00:00,32.681746375063476,1,STUCK_VALUE,1,val,0.9761730432510376,lstm-ae-v1
MTR,POWER_001,2026-03-01T13:44:00+00:00,32.681746375063476,1,STUCK_VALUE,1,val,0.9867957234382629,lstm-ae-v1
MTR,POWER_001,2026-03-01T13:45:00+00:00,32.681746375063476,1,STUCK_VALUE,1,val,0.9839963316917419,lstm-ae-v1
MTR,POWER_001,2026-03-01T13:46:00+00:00,32.681746375063476,1,STUCK_VALUE,1,val,0.9803029894828796,lstm-ae-v1
MTR,POWER_001,2026-03-01T13:47:00+00:00,32.681746375063476,1,STUCK_VALUE,1,val,0.9474131464958191,lstm-ae-v1
MTR,POWER_001,2026-03-01T13:48:00+00:00,32.681746375063476,1,STUCK_VALUE,1,val,0.9440634250640869,lstm-ae-v1
MTR,POWER_001,2026-03-01T13:49:00+00:00,32.681746375063476,1,STUCK_VALUE,1,val,0.9440634250640869,lstm-ae-v1
MTR,POWER_001,2026-03-01T13:50:00+00:00,32.681746375063476,1,STUCK_VALUE,1,val,0.9440634250640869,lstm-ae-v1
MTR,POWER_001,2026-03-01T13:51:00+00:00,32.681746375063476,1,STUCK_VALUE,1,val,0.9440634250640869,lstm-ae-v1
MTR,POWER_001,2026-03-01T13:52:00+00:00,32.681746375063476,1,STUCK_VALUE,1,val,0.9440634250640869,lstm-ae-v1
MTR,POWER_001,2026-03-01T13:53:00+00:00,32.681746375063476,1,STUCK_VALUE,1,val,0.9440634250640869,lstm-ae-v1
MTR,POWER_001,2026-03-01T13:54:00+00:00,32.681746375063476,1,STUCK_VALUE,1,val,0.9440634250640869,lstm-ae-v1
MTR,POWER_001,2026-03-01T13:55:00+00:00,30.612757119544085,0,NORMAL,1,val,0.9896816611289978,lstm-ae-v1
MTR,POWER_001,2026-03-01T13:56:00+00:00,30.65297099914011,0,NORMAL,1,val,1.0728503465652466,lstm-ae-v1
MTR,POWER_001,2026-03-01T13:57:00+00:00,29.94188388939354,0,NORMAL,1,val,1.2266080379486084,lstm-ae-v1
MTR,POWER_001,2026-03-01T13:58:00+00:00,30.002005203360145,0,NORMAL,1,val,1.4051823616027832,lstm-ae-v1
MTR,POWER_001,2026-03-01T13:59:00+00:00,30.692457732068696,0,NORMAL,1,val,1.535126805305481,lstm-ae-v1
MTR,POWER_001,2026-03-01T14:00:00+00:00,30.185932055671895,0,NORMAL,1,val,1.6659384965896606,lstm-ae-v1
MTR,POWER_001,2026-03-01T14:01:00+00:00,30.63328027766259,0,NORMAL,1,val,1.7671282291412354,lstm-ae-v1
MTR,POWER_001,2026-03-01T14:02:00+00:00,30.69244974626434,0,NORMAL,1,val,1.8573648929595947,lstm-ae-v1
MTR,POWER_001,2026-03-01T14:03:00+00:00,31.173162102419173,0,NORMAL,1,val,1.935071587562561,lstm-ae-v1
MTR,POWER_001,2026-03-01T14:04:00+00:00,30.390918450081607,0,NORMAL,1,val,2.0333306789398193,lstm-ae-v1
MTR,POWER_001,2026-03-01T14:05:00+00:00,30.262495384063705,0,NORMAL,1,val,2.1624069213867188,lstm-ae-v1
MTR,POWER_001,2026-03-01T14:06:00+00:00,30.37847747029521,0,NORMAL,1,val,2.2898318767547607,lstm-ae-v1
MTR,POWER_001,2026-03-01T14:07:00+00:00,30.760163694483943,0,NORMAL,1,val,2.387988805770874,lstm-ae-v1
MTR,POWER_001,2026-03-01T14:08:00+00:00,30.85113620630622,0,NORMAL,1,val,2.470432996749878,lstm-ae-v1
MTR,POWER_001,2026-03-01T14:09:00+00:00,31.303097972463092,0,NORMAL,1,val,2.526721715927124,lstm-ae-v1
MTR,PRESS_001,2026-03-01T12:09:00+00:00,990.102145497679,0,NORMAL,0,val,0.04220115393400192,lstm-ae-v1
MTR,PRESS_001,2026-03-01T12:10:00+00:00,989.7380706206648,0,NORMAL,0,val,0.04249335452914238,lstm-ae-v1
MTR,PRESS_001,2026-03-01T12:11:00+00:00,989.9015580380668,0,NORMAL,0,val,0.039850689470767975,lstm-ae-v1
MTR,PRESS_001,2026-03-01T12:12:00+00:00,990.0130529083292,0,NORMAL,0,val,0.037752341479063034,lstm-ae-v1
MTR,PRESS_001,2026-03-01T12:13:00+00:00,989.8880262194132,0,NORMAL,0,val,0.037984609603881836,lstm-ae-v1
MTR,PRESS_001,2026-03-01T12:14:00+00:00,989.7418798762112,0,NORMAL,0,val,0.04199301823973656,lstm-ae-v1
MTR,PRESS_001,2026-03-01T12:15:00+00:00,989.6706883375808,0,NORMAL,0,val,0.04361533373594284,lstm-ae-v1
MTR,PRESS_001,2026-03-01T12:16:00+00:00,989.685392833726,0,NORMAL,0,val,0.04076962172985077,lstm-ae-v1
MTR,PRESS_001,2026-03-01T12:17:00+00:00,989.5012196177634,0,NORMAL,0,val,0.0437917523086071,lstm-ae-v1
MTR,PRESS_001,2026-03-01T12:18:00+00:00,989.4772156395328,0,NORMAL,0,val,0.04851729795336723,lstm-ae-v1
MTR,PRESS_001,2026-03-01T12:19:00+00:00,989.6076602964828,0,NORMAL,0,val,0.03494071215391159,lstm-ae-v1
MTR,PRESS_001,2026-03-01T12:20:00+00:00,989.6137633146594,0,NORMAL,0,val,0.03832963481545448,lstm-ae-v1
MTR,PRESS_001,2026-03-01T12:21:00+00:00,989.640067839628,0,NORMAL,0,val,0.036682792007923126,lstm-ae-v1
MTR,PRESS_001,2026-03-01T12:22:00+00:00,989.5295171264293,0,NORMAL,0,val,0.03925654664635658,lstm-ae-v1
MTR,PRESS_001,2026-03-01T12:23:00+00:00,989.7002886451004,0,NORMAL,0,val,0.043419789522886276,lstm-ae-v1
MTR,PRESS_001,2026-03-01T12:24:00+00:00,989.5567707501748,0,NORMAL,0,val,0.0425918884575367,lstm-ae-v1
MTR,PRESS_001,2026-03-01T12:25:00+00:00,989.9340801584948,0,NORMAL,0,val,0.05101775377988815,lstm-ae-v1
MTR,PRESS_001,2026-03-01T12:26:00+00:00,989.9518798895366,0,NORMAL,0,val,0.053862862288951874,lstm-ae-v1
MTR,PRESS_001,2026-03-01T12:27:00+00:00,989.8214128154176,0,NORMAL,0,val,0.05365467816591263,lstm-ae-v1
MTR,PRESS_001,2026-03-01T12:28:00+00:00,989.7612490759298,0,NORMAL,0,val,0.05285152047872543,lstm-ae-v1
MTR,PRESS_001,2026-03-01T12:29:00+00:00,989.8227645792424,0,NORMAL,0,val,0.05302295833826065,lstm-ae-v1
MTR,PRESS_001,2026-03-01T12:30:00+00:00,989.6747054650932,0,NORMAL,0,val,0.05023021996021271,lstm-ae-v1
MTR,PRESS_001,2026-03-01T12:31:00+00:00,989.7473622839996,0,NORMAL,0,val,0.04895031824707985,lstm-ae-v1
MTR,PRESS_001,2026-03-01T12:32:00+00:00,989.6669547281546,0,NORMAL,0,val,0.050378601998090744,lstm-ae-v1
MTR,PRESS_001,2026-03-01T12:33:00+00:00,989.8442408751677,0,NORMAL,0,val,0.05360717326402664,lstm-ae-v1
MTR,PRESS_001,2026-03-01T12:34:00+00:00,989.4196758879178,0,NORMAL,0,val,0.06401251256465912,lstm-ae-v1
MTR,PRESS_001,2026-03-01T12:35:00+00:00,989.6256143265014,0,NORMAL,0,val,0.0560908317565918,lstm-ae-v1
MTR,PRESS_001,2026-03-01T12:36:00+00:00,989.825327678404,0,NORMAL,0,val,0.06161223724484444,lstm-ae-v1
MTR,PRESS_001,2026-03-01T12:37:00+00:00,989.9023781317976,0,NORMAL,0,val,0.06015689671039581,lstm-ae-v1
MTR,PRESS_001,2026-03-01T12:38:00+00:00,989.7596172569332,0,NORMAL,0,val,0.056891512125730515,lstm-ae-v1
MTR,PRESS_001,2026-03-01T12:39:00+00:00,989.6992522639384,0,NORMAL,0,val,0.059874214231967926,lstm-ae-v1
MTR,PRESS_001,2026-03-01T12:40:00+00:00,989.95292533351,0,NORMAL,0,val,0.05396728217601776,lstm-ae-v1
MTR,PRESS_001,2026-03-01T12:41:00+00:00,990.0029087038512,0,NORMAL,0,val,0.04689736291766167,lstm-ae-v1
MTR,PRESS_001,2026-03-01T12:42:00+00:00,989.9237734801512,0,NORMAL,0,val,0.04014575481414795,lstm-ae-v1
MTR,PRESS_001,2026-03-01T12:43:00+00:00,989.868070968318,0,NORMAL,0,val,0.03850604221224785,lstm-ae-v1
MTR,PRESS_001,2026-03-01T12:44:00+00:00,989.7810330750846,0,NORMAL,0,val,0.04019107669591904,lstm-ae-v1
MTR,PRESS_001,2026-03-01T12:45:00+00:00,989.9464119025976,0,NORMAL,0,val,0.04003695771098137,lstm-ae-v1
MTR,PRESS_001,2026-03-01T12:46:00+00:00,990.0060659761826,0,NORMAL,0,val,0.044884443283081055,lstm-ae-v1
MTR,PRESS_001,2026-03-01T12:47:00+00:00,989.6886550628764,0,NORMAL,0,val,0.04883628338575363,lstm-ae-v1
MTR,PRESS_001,2026-03-01T12:48:00+00:00,989.5625874956304,0,NORMAL,0,val,0.053398292511701584,lstm-ae-v1
MTR,PRESS_001,2026-03-01T12:49:00+00:00,989.4742756702224,0,NORMAL,0,val,0.06650663167238235,lstm-ae-v1
MTR,PRESS_001,2026-03-01T12:50:00+00:00,989.5644248578426,0,NORMAL,0,val,0.07273884862661362,lstm-ae-v1
MTR,PRESS_001,2026-03-01T12:51:00+00:00,989.6090879405592,0,NORMAL,0,val,0.07721243053674698,lstm-ae-v1
MTR,PRESS_001,2026-03-01T12:52:00+00:00,989.4351452201456,0,NORMAL,0,val,0.07260651886463165,lstm-ae-v1
MTR,PRESS_001,2026-03-01T12:53:00+00:00,989.6907625918328,0,NORMAL,0,val,0.07139281928539276,lstm-ae-v1
MTR,PRESS_001,2026-03-01T12:54:00+00:00,989.5015855447464,0,NORMAL,0,val,0.05523199960589409,lstm-ae-v1
MTR,PRESS_001,2026-03-01T12:55:00+00:00,989.3288731400356,0,NORMAL,0,val,0.060674507170915604,lstm-ae-v1
MTR,PRESS_001,2026-03-01T12:56:00+00:00,989.2479346475624,0,NORMAL,0,val,0.07193554937839508,lstm-ae-v1
MTR,PRESS_001,2026-03-01T12:57:00+00:00,989.432366030196,0,NORMAL,0,val,0.07616864889860153,lstm-ae-v1
MTR,PRESS_001,2026-03-01T12:58:00+00:00,989.1570263196544,0,NORMAL,0,val,0.0887036994099617,lstm-ae-v1
MTR,PRESS_001,2026-03-01T12:59:00+00:00,989.366890224906,0,NORMAL,0,val,0.0992705449461937,lstm-ae-v1
MTR,PRESS_001,2026-03-01T13:00:00+00:00,989.2078791322969,0,NORMAL,0,val,0.1104675754904747,lstm-ae-v1
MTR,PRESS_001,2026-03-01T13:01:00+00:00,989.2223422338468,0,NORMAL,0,val,0.12521633505821228,lstm-ae-v1
MTR,PRESS_001,2026-03-01T13:02:00+00:00,989.0488433586316,0,NORMAL,0,val,0.14395619928836823,lstm-ae-v1
MTR,PRESS_001,2026-03-01T13:03:00+00:00,989.2290298305368,0,NORMAL,0,val,0.1646827757358551,lstm-ae-v1
MTR,PRESS_001,2026-03-01T13:04:00+00:00,989.6028550370164,0,NORMAL,0,val,0.15441451966762543,lstm-ae-v1
MTR,PRESS_001,2026-03-01T13:05:00+00:00,989.2376991602076,0,NORMAL,0,val,0.15158410370349884,lstm-ae-v1
MTR,PRESS_001,2026-03-01T13:06:00+00:00,989.3983363651778,0,NORMAL,0,val,0.1553139090538025,lstm-ae-v1
MTR,PRESS_001,2026-03-01T13:07:00+00:00,989.2199425872248,0,NORMAL,0,val,0.164963498711586,lstm-ae-v1
MTR,PRESS_001,2026-03-01T13:08:00+00:00,989.3814277820898,0,NORMAL,0,val,0.17080917954444885,lstm-ae-v1
MTR,PRESS_001,2026-03-01T13:09:00+00:00,989.4285722188272,0,NORMAL,0,val,0.16855494678020477,lstm-ae-v1
MTR,PRESS_001,2026-03-01T13:10:00+00:00,989.6483520961076,0,NORMAL,0,val,0.17469622194766998,lstm-ae-v1
MTR,PRESS_001,2026-03-01T13:11:00+00:00,989.6338075478038,0,NORMAL,0,val,0.18363139033317566,lstm-ae-v1
MTR,PRESS_001,2026-03-01T13:12:00+00:00,989.6280808618178,0,NORMAL,0,val,0.19737215340137482,lstm-ae-v1
MTR,PRESS_001,2026-03-01T13:13:00+00:00,989.602319246252,0,NORMAL,0,val,0.21230538189411163,lstm-ae-v1
MTR,PRESS_001,2026-03-01T13:14:00+00:00,989.5758606950384,0,NORMAL,0,val,0.21725855767726898,lstm-ae-v1
MTR,PRESS_001,2026-03-01T13:15:00+00:00,989.5628225940496,0,NORMAL,0,val,0.2153991013765335,lstm-ae-v1
MTR,PRESS_001,2026-03-01T13:16:00+00:00,989.6460102663492,0,NORMAL,0,val,0.20746484398841858,lstm-ae-v1
MTR,PRESS_001,2026-03-01T13:17:00+00:00,989.3177874020952,0,NORMAL,0,val,0.20948244631290436,lstm-ae-v1
MTR,PRESS_001,2026-03-01T13:18:00+00:00,989.273836863584,0,NORMAL,0,val,0.21736161410808563,lstm-ae-v1
MTR,PRESS_001,2026-03-01T13:19:00+00:00,989.402727010446,0,NORMAL,0,val,0.21272417902946472,lstm-ae-v1
MTR,PRESS_001,2026-03-01T13:20:00+00:00,989.402727010446,1,STUCK_VALUE,1,val,0.20788900554180145,lstm-ae-v1
MTR,PRESS_001,2026-03-01T13:21:00+00:00,989.402727010446,1,STUCK_VALUE,1,val,0.20700353384017944,lstm-ae-v1
MTR,PRESS_001,2026-03-01T13:22:00+00:00,989.402727010446,1,STUCK_VALUE,1,val,0.19755837321281433,lstm-ae-v1
MTR,PRESS_001,2026-03-01T13:23:00+00:00,989.402727010446,1,STUCK_VALUE,1,val,0.19926470518112183,lstm-ae-v1
MTR,PRESS_001,2026-03-01T13:24:00+00:00,989.402727010446,1,STUCK_VALUE,1,val,0.2058853805065155,lstm-ae-v1
MTR,PRESS_001,2026-03-01T13:25:00+00:00,989.402727010446,1,STUCK_VALUE,1,val,0.2105405181646347,lstm-ae-v1
MTR,PRESS_001,2026-03-01T13:26:00+00:00,989.402727010446,1,STUCK_VALUE,1,val,0.20941288769245148,lstm-ae-v1
MTR,PRESS_001,2026-03-01T13:27:00+00:00,989.402727010446,1,STUCK_VALUE,1,val,0.22291937470436096,lstm-ae-v1
MTR,PRESS_001,2026-03-01T13:28:00+00:00,989.402727010446,1,STUCK_VALUE,1,val,0.22026292979717255,lstm-ae-v1
MTR,PRESS_001,2026-03-01T13:29:00+00:00,989.402727010446,1,STUCK_VALUE,1,val,0.23182465136051178,lstm-ae-v1
MTR,PRESS_001,2026-03-01T13:30:00+00:00,989.402727010446,1,STUCK_VALUE,1,val,0.23428744077682495,lstm-ae-v1
MTR,PRESS_001,2026-03-01T13:31:00+00:00,989.402727010446,1,STUCK_VALUE,1,val,0.2374604195356369,lstm-ae-v1
MTR,PRESS_001,2026-03-01T13:32:00+00:00,989.402727010446,1,STUCK_VALUE,1,val,0.21448402106761932,lstm-ae-v1
MTR,PRESS_001,2026-03-01T13:33:00+00:00,989.402727010446,1,STUCK_VALUE,1,val,0.19696205854415894,lstm-ae-v1
MTR,PRESS_001,2026-03-01T13:34:00+00:00,989.402727010446,1,STUCK_VALUE,1,val,0.21267074346542358,lstm-ae-v1
MTR,PRESS_001,2026-03-01T13:35:00+00:00,989.402727010446,1,STUCK_VALUE,1,val,0.200278177857399,lstm-ae-v1
MTR,PRESS_001,2026-03-01T13:36:00+00:00,989.402727010446,1,STUCK_VALUE,1,val,0.2042732685804367,lstm-ae-v1
MTR,PRESS_001,2026-03-01T13:37:00+00:00,989.402727010446,1,STUCK_VALUE,1,val,0.18823176622390747,lstm-ae-v1
MTR,PRESS_001,2026-03-01T13:38:00+00:00,989.402727010446,1,STUCK_VALUE,1,val,0.1845378577709198,lstm-ae-v1
MTR,PRESS_001,2026-03-01T13:39:00+00:00,989.402727010446,1,STUCK_VALUE,1,val,0.17945191264152527,lstm-ae-v1
MTR,PRESS_001,2026-03-01T13:40:00+00:00,989.402727010446,1,STUCK_VALUE,1,val,0.1871996372938156,lstm-ae-v1
MTR,PRESS_001,2026-03-01T13:41:00+00:00,989.402727010446,1,STUCK_VALUE,1,val,0.19305916130542755,lstm-ae-v1
MTR,PRESS_001,2026-03-01T13:42:00+00:00,989.402727010446,1,STUCK_VALUE,1,val,0.19797493517398834,lstm-ae-v1
MTR,PRESS_001,2026-03-01T13:43:00+00:00,989.402727010446,1,STUCK_VALUE,1,val,0.20146165788173676,lstm-ae-v1
MTR,PRESS_001,2026-03-01T13:44:00+00:00,989.402727010446,1,STUCK_VALUE,1,val,0.2034887969493866,lstm-ae-v1
MTR,PRESS_001,2026-03-01T13:45:00+00:00,989.402727010446,1,STUCK_VALUE,1,val,0.2043108195066452,lstm-ae-v1
MTR,PRESS_001,2026-03-01T13:46:00+00:00,989.402727010446,1,STUCK_VALUE,1,val,0.21542377769947052,lstm-ae-v1
MTR,PRESS_001,2026-03-01T13:47:00+00:00,989.402727010446,1,STUCK_VALUE,1,val,0.21461661159992218,lstm-ae-v1
MTR,PRESS_001,2026-03-01T13:48:00+00:00,989.402727010446,1,STUCK_VALUE,1,val,0.20742058753967285,lstm-ae-v1
MTR,PRESS_001,2026-03-01T13:49:00+00:00,989.402727010446,1,STUCK_VALUE,1,val,0.20742058753967285,lstm-ae-v1
MTR,PRESS_001,2026-03-01T13:50:00+00:00,989.402727010446,1,STUCK_VALUE,1,val,0.20742058753967285,lstm-ae-v1
MTR,PRESS_001,2026-03-01T13:51:00+00:00,989.402727010446,1,STUCK_VALUE,1,val,0.20742058753967285,lstm-ae-v1
MTR,PRESS_001,2026-03-01T13:52:00+00:00,989.402727010446,1,STUCK_VALUE,1,val,0.20742058753967285,lstm-ae-v1
MTR,PRESS_001,2026-03-01T13:53:00+00:00,989.402727010446,1,STUCK_VALUE,1,val,0.20742058753967285,lstm-ae-v1
MTR,PRESS_001,2026-03-01T13:54:00+00:00,989.402727010446,1,STUCK_VALUE,1,val,0.20742058753967285,lstm-ae-v1
MTR,PRESS_001,2026-03-01T13:55:00+00:00,989.0583133294344,0,NORMAL,1,val,0.22870425879955292,lstm-ae-v1
MTR,PRESS_001,2026-03-01T13:56:00+00:00,989.2117425609068,0,NORMAL,1,val,0.2420094907283783,lstm-ae-v1
MTR,PRESS_001,2026-03-01T13:57:00+00:00,989.0531573066328,0,NORMAL,1,val,0.26113906502723694,lstm-ae-v1
MTR,PRESS_001,2026-03-01T13:58:00+00:00,988.9788013664648,0,NORMAL,1,val,0.28130218386650085,lstm-ae-v1
MTR,PRESS_001,2026-03-01T13:59:00+00:00,989.3196905763656,0,NORMAL,1,val,0.28734904527664185,lstm-ae-v1
MTR,PRESS_001,2026-03-01T14:00:00+00:00,989.1886977859876,0,NORMAL,1,val,0.2891845405101776,lstm-ae-v1
MTR,PRESS_001,2026-03-01T14:01:00+00:00,988.953854795264,0,NORMAL,1,val,0.29682496190071106,lstm-ae-v1
MTR,PRESS_001,2026-03-01T14:02:00+00:00,989.0724215792344,0,NORMAL,1,val,0.30368855595588684,lstm-ae-v1
MTR,PRESS_001,2026-03-01T14:03:00+00:00,989.0088660116056,0,NORMAL,1,val,0.31111395359039307,lstm-ae-v1
MTR,PRESS_001,2026-03-01T14:04:00+00:00,988.9867548842724,0,NORMAL,1,val,0.32278770208358765,lstm-ae-v1
MTR,PRESS_001,2026-03-01T14:05:00+00:00,988.9157000994796,0,NORMAL,1,val,0.34133875370025635,lstm-ae-v1
MTR,PRESS_001,2026-03-01T14:06:00+00:00,988.9305453756788,0,NORMAL,1,val,0.36487457156181335,lstm-ae-v1
MTR,PRESS_001,2026-03-01T14:07:00+00:00,988.8852527284912,0,NORMAL,1,val,0.3939644694328308,lstm-ae-v1
MTR,PRESS_001,2026-03-01T14:08:00+00:00,988.9822461327908,0,NORMAL,1,val,0.42051461338996887,lstm-ae-v1
MTR,PRESS_001,2026-03-01T14:09:00+00:00,988.7871579957672,0,NORMAL,1,val,0.45934879779815674,lstm-ae-v1
MTR,TEMP_001,2026-03-01T12:09:00+00:00,-15.862415485876406,0,NORMAL,0,val,0.06163490191102028,lstm-ae-v1
MTR,TEMP_001,2026-03-01T12:10:00+00:00,-15.82848301384144,0,NORMAL,0,val,0.06597825884819031,lstm-ae-v1
MTR,TEMP_001,2026-03-01T12:11:00+00:00,-15.80920213281396,0,NORMAL,0,val,0.07218731194734573,lstm-ae-v1
MTR,TEMP_001,2026-03-01T12:12:00+00:00,-15.77717255659956,0,NORMAL,0,val,0.08113515377044678,lstm-ae-v1
MTR,TEMP_001,2026-03-01T12:13:00+00:00,-15.96656863275748,0,NORMAL,0,val,0.07785414159297943,lstm-ae-v1
MTR,TEMP_001,2026-03-01T12:14:00+00:00,-15.808962949720195,0,NORMAL,0,val,0.08472251892089844,lstm-ae-v1
MTR,TEMP_001,2026-03-01T12:15:00+00:00,-15.594226740851171,0,NORMAL,0,val,0.09839081019163132,lstm-ae-v1
MTR,TEMP_001,2026-03-01T12:16:00+00:00,-15.840091355174136,0,NORMAL,0,val,0.10139235109090805,lstm-ae-v1
MTR,TEMP_001,2026-03-01T12:17:00+00:00,-15.602174770665918,0,NORMAL,0,val,0.11056248098611832,lstm-ae-v1
MTR,TEMP_001,2026-03-01T12:18:00+00:00,-15.859041777697891,0,NORMAL,0,val,0.1219039112329483,lstm-ae-v1
MTR,TEMP_001,2026-03-01T12:19:00+00:00,-15.952842077131471,0,NORMAL,0,val,0.13463851809501648,lstm-ae-v1
MTR,TEMP_001,2026-03-01T12:20:00+00:00,-15.920400874048564,0,NORMAL,0,val,0.14843815565109253,lstm-ae-v1
MTR,TEMP_001,2026-03-01T12:21:00+00:00,-15.543364842630544,0,NORMAL,0,val,0.15462501347064972,lstm-ae-v1
MTR,TEMP_001,2026-03-01T12:22:00+00:00,-15.7853102655387,0,NORMAL,0,val,0.16592086851596832,lstm-ae-v1
MTR,TEMP_001,2026-03-01T12:23:00+00:00,-16.22469157025758,0,NORMAL,0,val,0.18285605311393738,lstm-ae-v1
MTR,TEMP_001,2026-03-01T12:24:00+00:00,-15.933285886422464,0,NORMAL,0,val,0.19491355121135712,lstm-ae-v1
MTR,TEMP_001,2026-03-01T12:25:00+00:00,-16.041734584938364,0,NORMAL,0,val,0.21017366647720337,lstm-ae-v1
MTR,TEMP_001,2026-03-01T12:26:00+00:00,-15.839676783448592,0,NORMAL,0,val,0.21442316472530365,lstm-ae-v1
MTR,TEMP_001,2026-03-01T12:27:00+00:00,-15.67388997999948,0,NORMAL,0,val,0.2171858847141266,lstm-ae-v1
MTR,TEMP_001,2026-03-01T12:28:00+00:00,-15.835035020434823,0,NORMAL,0,val,0.2263382226228714,lstm-ae-v1
MTR,TEMP_001,2026-03-01T12:29:00+00:00,-15.739489550636796,0,NORMAL,0,val,0.22081296145915985,lstm-ae-v1
MTR,TEMP_001,2026-03-01T12:30:00+00:00,-15.979407290676727,0,NORMAL,0,val,0.2311924546957016,lstm-ae-v1
MTR,TEMP_001,2026-03-01T12:31:00+00:00,-15.995073340966936,0,NORMAL,0,val,0.23899616301059723,lstm-ae-v1
MTR,TEMP_001,2026-03-01T12:32:00+00:00,-16.107175506055952,0,NORMAL,0,val,0.24323336780071259,lstm-ae-v1
MTR,TEMP_001,2026-03-01T12:33:00+00:00,-15.897572611518774,0,NORMAL,0,val,0.25325971841812134,lstm-ae-v1
MTR,TEMP_001,2026-03-01T12:34:00+00:00,-15.502068761180697,0,NORMAL,0,val,0.2510609030723572,lstm-ae-v1
MTR,TEMP_001,2026-03-01T12:35:00+00:00,-15.476371685479927,0,NORMAL,0,val,0.24543729424476624,lstm-ae-v1
MTR,TEMP_001,2026-03-01T12:36:00+00:00,-15.439460289686158,0,NORMAL,0,val,0.23308736085891724,lstm-ae-v1
MTR,TEMP_001,2026-03-01T12:37:00+00:00,-15.297980919434323,0,NORMAL,0,val,0.22273404896259308,lstm-ae-v1
MTR,TEMP_001,2026-03-01T12:38:00+00:00,-15.720756402965266,0,NORMAL,0,val,0.21770836412906647,lstm-ae-v1
MTR,TEMP_001,2026-03-01T12:39:00+00:00,-15.549236738759616,0,NORMAL,0,val,0.20918099582195282,lstm-ae-v1
MTR,TEMP_001,2026-03-01T12:40:00+00:00,-15.628759390955208,0,NORMAL,0,val,0.2017202377319336,lstm-ae-v1
MTR,TEMP_001,2026-03-01T12:41:00+00:00,-15.542711977755625,0,NORMAL,0,val,0.19312149286270142,lstm-ae-v1
MTR,TEMP_001,2026-03-01T12:42:00+00:00,-15.483527166501666,0,NORMAL,0,val,0.1854320913553238,lstm-ae-v1
MTR,TEMP_001,2026-03-01T12:43:00+00:00,-15.517188548985352,0,NORMAL,0,val,0.17080757021903992,lstm-ae-v1
MTR,TEMP_001,2026-03-01T12:44:00+00:00,-15.52114269580004,0,NORMAL,0,val,0.15792685747146606,lstm-ae-v1
MTR,TEMP_001,2026-03-01T12:45:00+00:00,-15.60752863124122,0,NORMAL,0,val,0.1541295349597931,lstm-ae-v1
MTR,TEMP_001,2026-03-01T12:46:00+00:00,-15.780346892274023,0,NORMAL,0,val,0.14982467889785767,lstm-ae-v1
MTR,TEMP_001,2026-03-01T12:47:00+00:00,-15.577333502288385,0,NORMAL,0,val,0.14967265725135803,lstm-ae-v1
MTR,TEMP_001,2026-03-01T12:48:00+00:00,-15.977202178346472,0,NORMAL,0,val,0.15868674218654633,lstm-ae-v1
MTR,TEMP_001,2026-03-01T12:49:00+00:00,-15.31323135165001,0,NORMAL,0,val,0.14954504370689392,lstm-ae-v1
MTR,TEMP_001,2026-03-01T12:50:00+00:00,-15.629431165898795,0,NORMAL,0,val,0.14033904671669006,lstm-ae-v1
MTR,TEMP_001,2026-03-01T12:51:00+00:00,-15.458421085740024,0,NORMAL,0,val,0.14050698280334473,lstm-ae-v1
MTR,TEMP_001,2026-03-01T12:52:00+00:00,-15.664967089611952,0,NORMAL,0,val,0.14849838614463806,lstm-ae-v1
MTR,TEMP_001,2026-03-01T12:53:00+00:00,-15.152673647229376,0,NORMAL,0,val,0.1340603083372116,lstm-ae-v1
MTR,TEMP_001,2026-03-01T12:54:00+00:00,-15.278312575187917,0,NORMAL,0,val,0.1274062991142273,lstm-ae-v1
MTR,TEMP_001,2026-03-01T12:55:00+00:00,-15.41730115225154,0,NORMAL,0,val,0.1174747422337532,lstm-ae-v1
MTR,TEMP_001,2026-03-01T12:56:00+00:00,-15.798072625672262,0,NORMAL,0,val,0.12094540894031525,lstm-ae-v1
MTR,TEMP_001,2026-03-01T12:57:00+00:00,-15.579328177006966,0,NORMAL,0,val,0.12600260972976685,lstm-ae-v1
MTR,TEMP_001,2026-03-01T12:58:00+00:00,-15.798878996109435,0,NORMAL,0,val,0.13263441622257233,lstm-ae-v1
MTR,TEMP_001,2026-03-01T12:59:00+00:00,-15.603200823653534,0,NORMAL,0,val,0.14023622870445251,lstm-ae-v1
MTR,TEMP_001,2026-03-01T13:00:00+00:00,-15.73214867933026,0,NORMAL,0,val,0.14389722049236298,lstm-ae-v1
MTR,TEMP_001,2026-03-01T13:01:00+00:00,-15.871612726205797,0,NORMAL,0,val,0.14980021119117737,lstm-ae-v1
MTR,TEMP_001,2026-03-01T13:02:00+00:00,-16.080784668347473,0,NORMAL,0,val,0.1493982970714569,lstm-ae-v1
MTR,TEMP_001,2026-03-01T13:03:00+00:00,-15.82716196302585,0,NORMAL,0,val,0.14211764931678772,lstm-ae-v1
MTR,TEMP_001,2026-03-01T13:04:00+00:00,-15.63224152327747,0,NORMAL,0,val,0.14347600936889648,lstm-ae-v1
MTR,TEMP_001,2026-03-01T13:05:00+00:00,-15.573679271241671,0,NORMAL,0,val,0.14300960302352905,lstm-ae-v1
MTR,TEMP_001,2026-03-01T13:06:00+00:00,-15.623334792450256,0,NORMAL,0,val,0.14264777302742004,lstm-ae-v1
MTR,TEMP_001,2026-03-01T13:07:00+00:00,-16.06017813172301,0,NORMAL,0,val,0.1578533798456192,lstm-ae-v1
MTR,TEMP_001,2026-03-01T13:08:00+00:00,-15.938329794256134,0,NORMAL,0,val,0.15719148516654968,lstm-ae-v1
MTR,TEMP_001,2026-03-01T13:09:00+00:00,-15.88534750920726,0,NORMAL,0,val,0.1617431342601776,lstm-ae-v1
MTR,TEMP_001,2026-03-01T13:10:00+00:00,-16.363819956142496,0,NORMAL,0,val,0.16762351989746094,lstm-ae-v1
MTR,TEMP_001,2026-03-01T13:11:00+00:00,-16.282864704616856,0,NORMAL,0,val,0.17539134621620178,lstm-ae-v1
MTR,TEMP_001,2026-03-01T13:12:00+00:00,-16.21561277886343,0,NORMAL,0,val,0.1844736784696579,lstm-ae-v1
MTR,TEMP_001,2026-03-01T13:13:00+00:00,-16.281839504723735,0,NORMAL,0,val,0.1928197741508484,lstm-ae-v1
MTR,TEMP_001,2026-03-01T13:14:00+00:00,-16.699546470014745,0,NORMAL,0,val,0.21073517203330994,lstm-ae-v1
MTR,TEMP_001,2026-03-01T13:15:00+00:00,-16.5159763659273,0,NORMAL,0,val,0.22921380400657654,lstm-ae-v1
MTR,TEMP_001,2026-03-01T13:16:00+00:00,-16.436245714661364,0,NORMAL,0,val,0.2399546056985855,lstm-ae-v1
MTR,TEMP_001,2026-03-01T13:17:00+00:00,-16.328885722901106,0,NORMAL,0,val,0.25986284017562866,lstm-ae-v1
MTR,TEMP_001,2026-03-01T13:18:00+00:00,-16.312050630787322,0,NORMAL,0,val,0.2587035596370697,lstm-ae-v1
MTR,TEMP_001,2026-03-01T13:19:00+00:00,-16.320625852281246,0,NORMAL,0,val,0.2807294428348541,lstm-ae-v1
MTR,TEMP_001,2026-03-01T13:20:00+00:00,-16.320625852281246,1,STUCK_VALUE,1,val,0.294023722410202,lstm-ae-v1
MTR,TEMP_001,2026-03-01T13:21:00+00:00,-16.320625852281246,1,STUCK_VALUE,1,val,0.31321150064468384,lstm-ae-v1
MTR,TEMP_001,2026-03-01T13:22:00+00:00,-16.320625852281246,1,STUCK_VALUE,1,val,0.321880966424942,lstm-ae-v1
MTR,TEMP_001,2026-03-01T13:23:00+00:00,-16.320625852281246,1,STUCK_VALUE,1,val,0.34411466121673584,lstm-ae-v1
MTR,TEMP_001,2026-03-01T13:24:00+00:00,-16.320625852281246,1,STUCK_VALUE,1,val,0.3678772747516632,lstm-ae-v1
MTR,TEMP_001,2026-03-01T13:25:00+00:00,-16.320625852281246,1,STUCK_VALUE,1,val,0.3937802016735077,lstm-ae-v1
MTR,TEMP_001,2026-03-01T13:26:00+00:00,-16.320625852281246,1,STUCK_VALUE,1,val,0.40627220273017883,lstm-ae-v1
MTR,TEMP_001,2026-03-01T13:27:00+00:00,-16.320625852281246,1,STUCK_VALUE,1,val,0.4298301637172699,lstm-ae-v1
MTR,TEMP_001,2026-03-01T13:28:00+00:00,-16.320625852281246,1,STUCK_VALUE,1,val,0.4445253312587738,lstm-ae-v1
MTR,TEMP_001,2026-03-01T13:29:00+00:00,-16.320625852281246,1,STUCK_VALUE,1,val,0.4699022173881531,lstm-ae-v1
MTR,TEMP_001,2026-03-01T13:30:00+00:00,-16.320625852281246,1,STUCK_VALUE,1,val,0.49353402853012085,lstm-ae-v1
MTR,TEMP_001,2026-03-01T13:31:00+00:00,-16.320625852281246,1,STUCK_VALUE,1,val,0.513641893863678,lstm-ae-v1
MTR,TEMP_001,2026-03-01T13:32:00+00:00,-16.320625852281246,1,STUCK_VALUE,1,val,0.520154595375061,lstm-ae-v1
MTR,TEMP_001,2026-03-01T13:33:00+00:00,-16.320625852281246,1,STUCK_VALUE,1,val,0.5371859073638916,lstm-ae-v1
MTR,TEMP_001,2026-03-01T13:34:00+00:00,-16.320625852281246,1,STUCK_VALUE,1,val,0.5615652799606323,lstm-ae-v1
MTR,TEMP_001,2026-03-01T13:35:00+00:00,-16.320625852281246,1,STUCK_VALUE,1,val,0.5882269144058228,lstm-ae-v1
MTR,TEMP_001,2026-03-01T13:36:00+00:00,-16.320625852281246,1,STUCK_VALUE,1,val,0.6162453889846802,lstm-ae-v1
MTR,TEMP_001,2026-03-01T13:37:00+00:00,-16.320625852281246,1,STUCK_VALUE,1,val,0.623728334903717,lstm-ae-v1
MTR,TEMP_001,2026-03-01T13:38:00+00:00,-16.320625852281246,1,STUCK_VALUE,1,val,0.6364575624465942,lstm-ae-v1
MTR,TEMP_001,2026-03-01T13:39:00+00:00,-16.320625852281246,1,STUCK_VALUE,1,val,0.6564680337905884,lstm-ae-v1
MTR,TEMP_001,2026-03-01T13:40:00+00:00,-16.320625852281246,1,STUCK_VALUE,1,val,0.6534160375595093,lstm-ae-v1
MTR,TEMP_001,2026-03-01T13:41:00+00:00,-16.320625852281246,1,STUCK_VALUE,1,val,0.6541518568992615,lstm-ae-v1
MTR,TEMP_001,2026-03-01T13:42:00+00:00,-16.320625852281246,1,STUCK_VALUE,1,val,0.6602087616920471,lstm-ae-v1
MTR,TEMP_001,2026-03-01T13:43:00+00:00,-16.320625852281246,1,STUCK_VALUE,1,val,0.6680943369865417,lstm-ae-v1
MTR,TEMP_001,2026-03-01T13:44:00+00:00,-16.320625852281246,1,STUCK_VALUE,1,val,0.6490258574485779,lstm-ae-v1
MTR,TEMP_001,2026-03-01T13:45:00+00:00,-16.320625852281246,1,STUCK_VALUE,1,val,0.6395511627197266,lstm-ae-v1
MTR,TEMP_001,2026-03-01T13:46:00+00:00,-16.320625852281246,1,STUCK_VALUE,1,val,0.633169949054718,lstm-ae-v1
MTR,TEMP_001,2026-03-01T13:47:00+00:00,-16.320625852281246,1,STUCK_VALUE,1,val,0.6326068639755249,lstm-ae-v1
MTR,TEMP_001,2026-03-01T13:48:00+00:00,-16.320625852281246,1,STUCK_VALUE,1,val,0.6330707669258118,lstm-ae-v1
MTR,TEMP_001,2026-03-01T13:49:00+00:00,-16.320625852281246,1,STUCK_VALUE,1,val,0.6330707669258118,lstm-ae-v1
MTR,TEMP_001,2026-03-01T13:50:00+00:00,-16.320625852281246,1,STUCK_VALUE,1,val,0.6330707669258118,lstm-ae-v1
MTR,TEMP_001,2026-03-01T13:51:00+00:00,-16.320625852281246,1,STUCK_VALUE,1,val,0.6330707669258118,lstm-ae-v1
MTR,TEMP_001,2026-03-01T13:52:00+00:00,-16.320625852281246,1,STUCK_VALUE,1,val,0.6330707669258118,lstm-ae-v1
MTR,TEMP_001,2026-03-01T13:53:00+00:00,-16.320625852281246,1,STUCK_VALUE,1,val,0.6330707669258118,lstm-ae-v1
MTR,TEMP_001,2026-03-01T13:54:00+00:00,-16.320625852281246,1,STUCK_VALUE,1,val,0.6330707669258118,lstm-ae-v1
MTR,TEMP_001,2026-03-01T13:55:00+00:00,-17.70625348588636,0,NORMAL,1,val,0.6829854249954224,lstm-ae-v1
MTR,TEMP_001,2026-03-01T13:56:00+00:00,-17.714829155781622,0,NORMAL,1,val,0.7304579615592957,lstm-ae-v1
MTR,TEMP_001,2026-03-01T13:57:00+00:00,-17.63649149947038,0,NORMAL,1,val,0.7811306118965149,lstm-ae-v1
MTR,TEMP_001,2026-03-01T13:58:00+00:00,-17.21430107830574,0,NORMAL,1,val,0.82525634765625,lstm-ae-v1
MTR,TEMP_001,2026-03-01T13:59:00+00:00,-17.589133160798912,0,NORMAL,1,val,0.8967331647872925,lstm-ae-v1
MTR,TEMP_001,2026-03-01T14:00:00+00:00,-17.36638851480769,0,NORMAL,1,val,0.9713121056556702,lstm-ae-v1
MTR,TEMP_001,2026-03-01T14:01:00+00:00,-17.29475549376645,0,NORMAL,1,val,1.0422121286392212,lstm-ae-v1
MTR,TEMP_001,2026-03-01T14:02:00+00:00,-17.017145495025556,0,NORMAL,1,val,1.0938280820846558,lstm-ae-v1
MTR,TEMP_001,2026-03-01T14:03:00+00:00,-17.381619767383302,0,NORMAL,1,val,1.1615701913833618,lstm-ae-v1
MTR,TEMP_001,2026-03-01T14:04:00+00:00,-17.364591105884283,0,NORMAL,1,val,1.2320079803466797,lstm-ae-v1
MTR,TEMP_001,2026-03-01T14:05:00+00:00,-17.45288424935521,0,NORMAL,1,val,1.3035221099853516,lstm-ae-v1
MTR,TEMP_001,2026-03-01T14:06:00+00:00,-16.8749362417963,0,NORMAL,1,val,1.3453693389892578,lstm-ae-v1
MTR,TEMP_001,2026-03-01T14:07:00+00:00,-16.988238715333125,0,NORMAL,1,val,1.3738253116607666,lstm-ae-v1
MTR,TEMP_001,2026-03-01T14:08:00+00:00,-16.99295034309834,0,NORMAL,1,val,1.402395486831665,lstm-ae-v1
MTR,TEMP_001,2026-03-01T14:09:00+00:00,-16.78600815684893,0,NORMAL,1,val,1.4195748567581177,lstm-ae-v1
MTR,VIB_001,2026-03-01T12:09:00+00:00,0.810826411289903,0,NORMAL,0,val,0.20597542822360992,lstm-ae-v1
MTR,VIB_001,2026-03-01T12:10:00+00:00,0.833276474362578,0,NORMAL,0,val,0.19989809393882751,lstm-ae-v1
MTR,VIB_001,2026-03-01T12:11:00+00:00,0.8585753711486706,0,NORMAL,0,val,0.15160013735294342,lstm-ae-v1
MTR,VIB_001,2026-03-01T12:12:00+00:00,0.8471457488641579,0,NORMAL,0,val,0.1435099095106125,lstm-ae-v1
MTR,VIB_001,2026-03-01T12:13:00+00:00,0.8293384285128655,0,NORMAL,0,val,0.13317939639091492,lstm-ae-v1
MTR,VIB_001,2026-03-01T12:14:00+00:00,0.8351180460945837,0,NORMAL,0,val,0.12814608216285706,lstm-ae-v1
MTR,VIB_001,2026-03-01T12:15:00+00:00,0.8284559676219914,0,NORMAL,0,val,0.12816593050956726,lstm-ae-v1
MTR,VIB_001,2026-03-01T12:16:00+00:00,0.8261488781228975,0,NORMAL,0,val,0.1290883719921112,lstm-ae-v1
MTR,VIB_001,2026-03-01T12:17:00+00:00,0.7869478517397701,0,NORMAL,0,val,0.14433401823043823,lstm-ae-v1
MTR,VIB_001,2026-03-01T12:18:00+00:00,0.8199332708705496,0,NORMAL,0,val,0.1472162902355194,lstm-ae-v1
MTR,VIB_001,2026-03-01T12:19:00+00:00,0.7968638952342877,0,NORMAL,0,val,0.18161897361278534,lstm-ae-v1
MTR,VIB_001,2026-03-01T12:20:00+00:00,0.8163326015436243,0,NORMAL,0,val,0.1297290176153183,lstm-ae-v1
MTR,VIB_001,2026-03-01T12:21:00+00:00,0.7783833278295467,0,NORMAL,0,val,0.1450512856245041,lstm-ae-v1
MTR,VIB_001,2026-03-01T12:22:00+00:00,0.7910055801446656,0,NORMAL,0,val,0.16831748187541962,lstm-ae-v1
MTR,VIB_001,2026-03-01T12:23:00+00:00,0.7835129252618149,0,NORMAL,0,val,0.18922042846679688,lstm-ae-v1
MTR,VIB_001,2026-03-01T12:24:00+00:00,0.776680033968006,0,NORMAL,0,val,0.2334975302219391,lstm-ae-v1
MTR,VIB_001,2026-03-01T12:25:00+00:00,0.7567672168270125,0,NORMAL,0,val,0.29421332478523254,lstm-ae-v1
MTR,VIB_001,2026-03-01T12:26:00+00:00,0.8060885097197891,0,NORMAL,0,val,0.30284398794174194,lstm-ae-v1
MTR,VIB_001,2026-03-01T12:27:00+00:00,0.7835036494071541,0,NORMAL,0,val,0.32554715871810913,lstm-ae-v1
MTR,VIB_001,2026-03-01T12:28:00+00:00,0.781899954326771,0,NORMAL,0,val,0.3452175259590149,lstm-ae-v1
MTR,VIB_001,2026-03-01T12:29:00+00:00,0.7571224649188021,0,NORMAL,0,val,0.3831324279308319,lstm-ae-v1
MTR,VIB_001,2026-03-01T12:30:00+00:00,0.7864451203021862,0,NORMAL,0,val,0.4334474503993988,lstm-ae-v1
MTR,VIB_001,2026-03-01T12:31:00+00:00,0.7670074957534314,0,NORMAL,0,val,0.4696679711341858,lstm-ae-v1
MTR,VIB_001,2026-03-01T12:32:00+00:00,0.7574896957130755,0,NORMAL,0,val,0.5277698040008545,lstm-ae-v1
MTR,VIB_001,2026-03-01T12:33:00+00:00,0.763785327031581,0,NORMAL,0,val,0.5979301929473877,lstm-ae-v1
MTR,VIB_001,2026-03-01T12:34:00+00:00,0.7991909676960225,0,NORMAL,0,val,0.629885733127594,lstm-ae-v1
MTR,VIB_001,2026-03-01T12:35:00+00:00,0.775159827054246,0,NORMAL,0,val,0.6592850089073181,lstm-ae-v1
MTR,VIB_001,2026-03-01T12:36:00+00:00,0.7819247665431659,0,NORMAL,0,val,0.6707819700241089,lstm-ae-v1
MTR,VIB_001,2026-03-01T12:37:00+00:00,0.7777505516877247,0,NORMAL,0,val,0.708471953868866,lstm-ae-v1
MTR,VIB_001,2026-03-01T12:38:00+00:00,0.7331431770623027,0,NORMAL,0,val,0.8069268465042114,lstm-ae-v1
MTR,VIB_001,2026-03-01T12:39:00+00:00,0.7541714552379359,0,NORMAL,0,val,0.86985844373703,lstm-ae-v1
MTR,VIB_001,2026-03-01T12:40:00+00:00,0.7666378619810257,0,NORMAL,0,val,0.9283618927001953,lstm-ae-v1
MTR,VIB_001,2026-03-01T12:41:00+00:00,0.7967471152180217,0,NORMAL,0,val,0.9614354372024536,lstm-ae-v1
MTR,VIB_001,2026-03-01T12:42:00+00:00,0.76069348023843,0,NORMAL,0,val,1.0083991289138794,lstm-ae-v1
MTR,VIB_001,2026-03-01T12:43:00+00:00,0.7436609942252692,0,NORMAL,0,val,1.0983586311340332,lstm-ae-v1
MTR,VIB_001,2026-03-01T12:44:00+00:00,0.7822189636034266,0,NORMAL,0,val,1.147959589958191,lstm-ae-v1
MTR,VIB_001,2026-03-01T12:45:00+00:00,0.7401278124588956,0,NORMAL,0,val,1.2402689456939697,lstm-ae-v1
MTR,VIB_001,2026-03-01T12:46:00+00:00,0.7555021402343715,0,NORMAL,0,val,1.335014820098877,lstm-ae-v1
MTR,VIB_001,2026-03-01T12:47:00+00:00,0.7388574107851064,0,NORMAL,0,val,1.4107463359832764,lstm-ae-v1
MTR,VIB_001,2026-03-01T12:48:00+00:00,0.7222646860688272,0,NORMAL,0,val,1.572946310043335,lstm-ae-v1
MTR,VIB_001,2026-03-01T12:49:00+00:00,0.7140096950475225,0,NORMAL,0,val,1.7294129133224487,lstm-ae-v1
MTR,VIB_001,2026-03-01T12:50:00+00:00,0.7220916555063679,0,NORMAL,0,val,1.8989392518997192,lstm-ae-v1
MTR,VIB_001,2026-03-01T12:51:00+00:00,0.7326845407050208,0,NORMAL,0,val,1.9876240491867065,lstm-ae-v1
MTR,VIB_001,2026-03-01T12:52:00+00:00,0.7221452034303184,0,NORMAL,0,val,2.106708288192749,lstm-ae-v1
MTR,VIB_001,2026-03-01T12:53:00+00:00,0.7694325573749019,0,NORMAL,0,val,2.185269594192505,lstm-ae-v1
MTR,VIB_001,2026-03-01T12:54:00+00:00,0.7284930437526583,0,NORMAL,0,val,2.236340045928955,lstm-ae-v1
MTR,VIB_001,2026-03-01T12:55:00+00:00,0.7319812266535752,0,NORMAL,0,val,2.270925998687744,lstm-ae-v1
MTR,VIB_001,2026-03-01T12:56:00+00:00,0.7892180086441425,0,NORMAL,0,val,2.3800384998321533,lstm-ae-v1
MTR,VIB_001,2026-03-01T12:57:00+00:00,0.7194255563201103,0,NORMAL,0,val,2.428687334060669,lstm-ae-v1
MTR,VIB_001,2026-03-01T12:58:00+00:00,0.7169761167999896,0,NORMAL,0,val,2.5555503368377686,lstm-ae-v1
MTR,VIB_001,2026-03-01T12:59:00+00:00,0.7093857970294933,0,NORMAL,0,val,2.6586074829101562,lstm-ae-v1
MTR,VIB_001,2026-03-01T13:00:00+00:00,0.7447883545355433,0,NORMAL,0,val,2.768333673477173,lstm-ae-v1
MTR,VIB_001,2026-03-01T13:01:00+00:00,0.7406360575569958,0,NORMAL,0,val,2.8142082691192627,lstm-ae-v1
MTR,VIB_001,2026-03-01T13:02:00+00:00,0.7167086239938146,0,NORMAL,0,val,2.880679130554199,lstm-ae-v1
MTR,VIB_001,2026-03-01T13:03:00+00:00,0.7395175497759032,0,NORMAL,0,val,2.940403699874878,lstm-ae-v1
MTR,VIB_001,2026-03-01T13:04:00+00:00,0.7089687648840007,0,NORMAL,0,val,3.1202497482299805,lstm-ae-v1
MTR,VIB_001,2026-03-01T13:05:00+00:00,0.7457310000941461,0,NORMAL,0,val,3.2053894996643066,lstm-ae-v1
MTR,VIB_001,2026-03-01T13:06:00+00:00,0.7298417642464934,0,NORMAL,0,val,3.3019585609436035,lstm-ae-v1
MTR,VIB_001,2026-03-01T13:07:00+00:00,0.7467107990925609,0,NORMAL,0,val,3.3820221424102783,lstm-ae-v1
MTR,VIB_001,2026-03-01T13:08:00+00:00,0.7816766226453015,0,NORMAL,0,val,3.320892810821533,lstm-ae-v1
MTR,VIB_001,2026-03-01T13:09:00+00:00,0.7323712236669206,0,NORMAL,0,val,3.2999420166015625,lstm-ae-v1
MTR,VIB_001,2026-03-01T13:10:00+00:00,0.7674751878356939,0,NORMAL,0,val,3.3413679599761963,lstm-ae-v1
MTR,VIB_001,2026-03-01T13:11:00+00:00,0.7858992502612495,0,NORMAL,0,val,3.3836355209350586,lstm-ae-v1
MTR,VIB_001,2026-03-01T13:12:00+00:00,0.7923604457845663,0,NORMAL,0,val,3.2979211807250977,lstm-ae-v1
MTR,VIB_001,2026-03-01T13:13:00+00:00,0.7972342942682287,0,NORMAL,0,val,3.139512777328491,lstm-ae-v1
MTR,VIB_001,2026-03-01T13:14:00+00:00,0.7699942910718877,0,NORMAL,0,val,3.1068522930145264,lstm-ae-v1
MTR,VIB_001,2026-03-01T13:15:00+00:00,0.7718757320264681,0,NORMAL,0,val,3.0133373737335205,lstm-ae-v1
MTR,VIB_001,2026-03-01T13:16:00+00:00,0.7803145082723489,0,NORMAL,0,val,2.954843759536743,lstm-ae-v1
MTR,VIB_001,2026-03-01T13:17:00+00:00,0.7255616119685502,0,NORMAL,0,val,2.9717164039611816,lstm-ae-v1
MTR,VIB_001,2026-03-01T13:18:00+00:00,0.7428482715922242,0,NORMAL,0,val,2.946199893951416,lstm-ae-v1
MTR,VIB_001,2026-03-01T13:19:00+00:00,0.7618655022706583,0,NORMAL,0,val,2.841785192489624,lstm-ae-v1
MTR,VIB_001,2026-03-01T13:20:00+00:00,0.7618655022706583,1,STUCK_VALUE,1,val,2.7447149753570557,lstm-ae-v1
MTR,VIB_001,2026-03-01T13:21:00+00:00,0.7618655022706583,1,STUCK_VALUE,1,val,2.6795730590820312,lstm-ae-v1
MTR,VIB_001,2026-03-01T13:22:00+00:00,0.7618655022706583,1,STUCK_VALUE,1,val,2.5779032707214355,lstm-ae-v1
MTR,VIB_001,2026-03-01T13:23:00+00:00,0.7618655022706583,1,STUCK_VALUE,1,val,2.5979933738708496,lstm-ae-v1
MTR,VIB_001,2026-03-01T13:24:00+00:00,0.7618655022706583,1,STUCK_VALUE,1,val,2.526078701019287,lstm-ae-v1
MTR,VIB_001,2026-03-01T13:25:00+00:00,0.7618655022706583,1,STUCK_VALUE,1,val,2.4527688026428223,lstm-ae-v1
MTR,VIB_001,2026-03-01T13:26:00+00:00,0.7618655022706583,1,STUCK_VALUE,1,val,2.5116488933563232,lstm-ae-v1
MTR,VIB_001,2026-03-01T13:27:00+00:00,0.7618655022706583,1,STUCK_VALUE,1,val,2.427955150604248,lstm-ae-v1
MTR,VIB_001,2026-03-01T13:28:00+00:00,0.7618655022706583,1,STUCK_VALUE,1,val,2.3387880325317383,lstm-ae-v1
MTR,VIB_001,2026-03-01T13:29:00+00:00,0.7618655022706583,1,STUCK_VALUE,1,val,2.218519687652588,lstm-ae-v1
MTR,VIB_001,2026-03-01T13:30:00+00:00,0.7618655022706583,1,STUCK_VALUE,1,val,2.1944289207458496,lstm-ae-v1
MTR,VIB_001,2026-03-01T13:31:00+00:00,0.7618655022706583,1,STUCK_VALUE,1,val,2.166405200958252,lstm-ae-v1
MTR,VIB_001,2026-03-01T13:32:00+00:00,0.7618655022706583,1,STUCK_VALUE,1,val,2.070890188217163,lstm-ae-v1
MTR,VIB_001,2026-03-01T13:33:00+00:00,0.7618655022706583,1,STUCK_VALUE,1,val,2.040807008743286,lstm-ae-v1
MTR,VIB_001,2026-03-01T13:34:00+00:00,0.7618655022706583,1,STUCK_VALUE,1,val,1.918006181716919,lstm-ae-v1
MTR,VIB_001,2026-03-01T13:35:00+00:00,0.7618655022706583,1,STUCK_VALUE,1,val,1.8942477703094482,lstm-ae-v1
MTR,VIB_001,2026-03-01T13:36:00+00:00,0.7618655022706583,1,STUCK_VALUE,1,val,1.8253178596496582,lstm-ae-v1
MTR,VIB_001,2026-03-01T13:37:00+00:00,0.7618655022706583,1,STUCK_VALUE,1,val,1.789044737815857,lstm-ae-v1
MTR,VIB_001,2026-03-01T13:38:00+00:00,0.7618655022706583,1,STUCK_VALUE,1,val,1.828263759613037,lstm-ae-v1
MTR,VIB_001,2026-03-01T13:39:00+00:00,0.7618655022706583,1,STUCK_VALUE,1,val,1.7573531866073608,lstm-ae-v1
MTR,VIB_001,2026-03-01T13:40:00+00:00,0.7618655022706583,1,STUCK_VALUE,1,val,1.7579594850540161,lstm-ae-v1
MTR,VIB_001,2026-03-01T13:41:00+00:00,0.7618655022706583,1,STUCK_VALUE,1,val,1.7866709232330322,lstm-ae-v1
MTR,VIB_001,2026-03-01T13:42:00+00:00,0.7618655022706583,1,STUCK_VALUE,1,val,1.8240565061569214,lstm-ae-v1
MTR,VIB_001,2026-03-01T13:43:00+00:00,0.7618655022706583,1,STUCK_VALUE,1,val,1.8744018077850342,lstm-ae-v1
MTR,VIB_001,2026-03-01T13:44:00+00:00,0.7618655022706583,1,STUCK_VALUE,1,val,1.8856953382492065,lstm-ae-v1
MTR,VIB_001,2026-03-01T13:45:00+00:00,0.7618655022706583,1,STUCK_VALUE,1,val,1.9005610942840576,lstm-ae-v1
MTR,VIB_001,2026-03-01T13:46:00+00:00,0.7618655022706583,1,STUCK_VALUE,1,val,1.9425315856933594,lstm-ae-v1
MTR,VIB_001,2026-03-01T13:47:00+00:00,0.7618655022706583,1,STUCK_VALUE,1,val,1.8648585081100464,lstm-ae-v1
MTR,VIB_001,2026-03-01T13:48:00+00:00,0.7618655022706583,1,STUCK_VALUE,1,val,1.8249742984771729,lstm-ae-v1
MTR,VIB_001,2026-03-01T13:49:00+00:00,0.7618655022706583,1,STUCK_VALUE,1,val,1.8249742984771729,lstm-ae-v1
MTR,VIB_001,2026-03-01T13:50:00+00:00,0.7618655022706583,1,STUCK_VALUE,1,val,1.8249742984771729,lstm-ae-v1
MTR,VIB_001,2026-03-01T13:51:00+00:00,0.7618655022706583,1,STUCK_VALUE,1,val,1.8249742984771729,lstm-ae-v1
MTR,VIB_001,2026-03-01T13:52:00+00:00,0.7618655022706583,1,STUCK_VALUE,1,val,1.8249742984771729,lstm-ae-v1
MTR,VIB_001,2026-03-01T13:53:00+00:00,0.7618655022706583,1,STUCK_VALUE,1,val,1.8249742984771729,lstm-ae-v1
MTR,VIB_001,2026-03-01T13:54:00+00:00,0.7618655022706583,1,STUCK_VALUE,1,val,1.8249742984771729,lstm-ae-v1
MTR,VIB_001,2026-03-01T13:55:00+00:00,0.7329124735290418,0,NORMAL,1,val,1.8903478384017944,lstm-ae-v1
MTR,VIB_001,2026-03-01T13:56:00+00:00,0.7474869087039331,0,NORMAL,1,val,1.9408938884735107,lstm-ae-v1
MTR,VIB_001,2026-03-01T13:57:00+00:00,0.7109685698129666,0,NORMAL,1,val,2.0760557651519775,lstm-ae-v1
MTR,VIB_001,2026-03-01T13:58:00+00:00,0.7281067063027139,0,NORMAL,1,val,2.1805551052093506,lstm-ae-v1
MTR,VIB_001,2026-03-01T13:59:00+00:00,0.7592785604185565,0,NORMAL,1,val,2.2140583992004395,lstm-ae-v1
MTR,VIB_001,2026-03-01T14:00:00+00:00,0.7270559873878425,0,NORMAL,1,val,2.272059202194214,lstm-ae-v1
MTR,VIB_001,2026-03-01T14:01:00+00:00,0.7701606672679351,0,NORMAL,1,val,2.2940022945404053,lstm-ae-v1
MTR,VIB_001,2026-03-01T14:02:00+00:00,0.7631733006874643,0,NORMAL,1,val,2.281670570373535,lstm-ae-v1
MTR,VIB_001,2026-03-01T14:03:00+00:00,0.7755135371761729,0,NORMAL,1,val,2.254509687423706,lstm-ae-v1
MTR,VIB_001,2026-03-01T14:04:00+00:00,0.7607115795423316,0,NORMAL,1,val,2.235623836517334,lstm-ae-v1
MTR,VIB_001,2026-03-01T14:05:00+00:00,0.7827347907839078,0,NORMAL,1,val,2.1951475143432617,lstm-ae-v1
MTR,VIB_001,2026-03-01T14:06:00+00:00,0.7618125673576148,0,NORMAL,1,val,2.1675262451171875,lstm-ae-v1
MTR,VIB_001,2026-03-01T14:07:00+00:00,0.7695641455351676,0,NORMAL,1,val,2.142829179763794,lstm-ae-v1
MTR,VIB_001,2026-03-01T14:08:00+00:00,0.7392041523057585,0,NORMAL,1,val,2.1760542392730713,lstm-ae-v1
MTR,VIB_001,2026-03-01T14:09:00+00:00,0.7736302707150395,0,NORMAL,1,val,2.1634609699249268,lstm-ae-v1
MTR,HUM_001,2026-03-01T14:39:00+00:00,50.85705373743331,0,NORMAL,0,test,0.4633164405822754,lstm-ae-v1
MTR,HUM_001,2026-03-01T14:40:00+00:00,50.398348457752945,0,NORMAL,0,test,0.4816802442073822,lstm-ae-v1
MTR,HUM_001,2026-03-01T14:41:00+00:00,50.49813139619246,0,NORMAL,0,test,0.4901604950428009,lstm-ae-v1
MTR,HUM_001,2026-03-01T14:42:00+00:00,50.47611735579399,0,NORMAL,0,test,0.496322363615036,lstm-ae-v1
MTR,HUM_001,2026-03-01T14:43:00+00:00,50.58257533492979,0,NORMAL,0,test,0.5256520509719849,lstm-ae-v1
MTR,HUM_001,2026-03-01T14:44:00+00:00,50.54235722978382,0,NORMAL,0,test,0.5403483510017395,lstm-ae-v1
MTR,HUM_001,2026-03-01T14:45:00+00:00,50.46915360627664,0,NORMAL,0,test,0.5468283891677856,lstm-ae-v1
MTR,HUM_001,2026-03-01T14:46:00+00:00,49.2742772000667,0,NORMAL,0,test,0.5429052710533142,lstm-ae-v1
MTR,HUM_001,2026-03-01T14:47:00+00:00,50.3396348418253,0,NORMAL,0,test,0.5837041139602661,lstm-ae-v1
MTR,HUM_001,2026-03-01T14:48:00+00:00,49.94985971043304,0,NORMAL,0,test,0.5815259218215942,lstm-ae-v1
MTR,HUM_001,2026-03-01T14:49:00+00:00,48.84383146867947,0,NORMAL,0,test,0.6021962761878967,lstm-ae-v1
MTR,HUM_001,2026-03-01T14:50:00+00:00,49.30296687897759,0,NORMAL,0,test,0.6330368518829346,lstm-ae-v1
MTR,HUM_001,2026-03-01T14:51:00+00:00,49.37313010548592,0,NORMAL,0,test,0.6615442037582397,lstm-ae-v1
MTR,HUM_001,2026-03-01T14:52:00+00:00,49.24493708216162,0,NORMAL,0,test,0.7016428112983704,lstm-ae-v1
MTR,HUM_001,2026-03-01T14:53:00+00:00,47.55326943674899,0,NORMAL,0,test,0.7843793034553528,lstm-ae-v1
MTR,HUM_001,2026-03-01T14:54:00+00:00,47.565191511750854,0,NORMAL,0,test,0.8873527646064758,lstm-ae-v1
MTR,HUM_001,2026-03-01T14:55:00+00:00,47.81536940709294,0,NORMAL,0,test,0.9870887398719788,lstm-ae-v1
MTR,HUM_001,2026-03-01T14:56:00+00:00,47.50941969372751,0,NORMAL,0,test,1.0870206356048584,lstm-ae-v1
MTR,HUM_001,2026-03-01T14:57:00+00:00,47.60519987715346,0,NORMAL,0,test,1.1689096689224243,lstm-ae-v1
MTR,HUM_001,2026-03-01T14:58:00+00:00,47.80592383132485,0,NORMAL,0,test,1.237369418144226,lstm-ae-v1
MTR,HUM_001,2026-03-01T14:59:00+00:00,48.24801943850147,0,NORMAL,0,test,1.3217883110046387,lstm-ae-v1
MTR,HUM_001,2026-03-01T15:00:00+00:00,47.545751914460375,0,NORMAL,0,test,1.4291784763336182,lstm-ae-v1
MTR,HUM_001,2026-03-01T15:01:00+00:00,47.38342454592374,0,NORMAL,0,test,1.5380148887634277,lstm-ae-v1
MTR,HUM_001,2026-03-01T15:02:00+00:00,48.220995753734314,0,NORMAL,0,test,1.6313353776931763,lstm-ae-v1
MTR,HUM_001,2026-03-01T15:03:00+00:00,47.82075353294231,0,NORMAL,0,test,1.7198090553283691,lstm-ae-v1
MTR,HUM_001,2026-03-01T15:04:00+00:00,46.966478671991226,0,NORMAL,0,test,1.8071948289871216,lstm-ae-v1
MTR,HUM_001,2026-03-01T15:05:00+00:00,47.767727368455965,0,NORMAL,0,test,1.920055866241455,lstm-ae-v1
MTR,HUM_001,2026-03-01T15:06:00+00:00,46.669467924728416,0,NORMAL,0,test,2.0486209392547607,lstm-ae-v1
MTR,HUM_001,2026-03-01T15:07:00+00:00,46.845745479459914,0,NORMAL,0,test,2.1586384773254395,lstm-ae-v1
MTR,HUM_001,2026-03-01T15:08:00+00:00,47.59331716062109,0,NORMAL,0,test,2.233760356903076,lstm-ae-v1
MTR,HUM_001,2026-03-01T15:09:00+00:00,47.066432516390904,0,NORMAL,0,test,2.344849109649658,lstm-ae-v1
MTR,HUM_001,2026-03-01T15:10:00+00:00,48.08700462330307,0,NORMAL,0,test,2.4256627559661865,lstm-ae-v1
MTR,HUM_001,2026-03-01T15:11:00+00:00,47.62233569593917,0,NORMAL,0,test,2.505558490753174,lstm-ae-v1
MTR,HUM_001,2026-03-01T15:12:00+00:00,47.83726184478396,0,NORMAL,0,test,2.589000701904297,lstm-ae-v1
MTR,HUM_001,2026-03-01T15:13:00+00:00,46.73728884936976,0,NORMAL,0,test,2.7000327110290527,lstm-ae-v1
MTR,HUM_001,2026-03-01T15:14:00+00:00,46.48009247017171,0,NORMAL,0,test,2.843384265899658,lstm-ae-v1
MTR,HUM_001,2026-03-01T15:15:00+00:00,47.386666732640286,0,NORMAL,0,test,2.9675867557525635,lstm-ae-v1
MTR,HUM_001,2026-03-01T15:16:00+00:00,46.82375564493179,0,NORMAL,0,test,3.0518503189086914,lstm-ae-v1
MTR,HUM_001,2026-03-01T15:17:00+00:00,48.0907709597711,0,NORMAL,0,test,3.1495473384857178,lstm-ae-v1
MTR,HUM_001,2026-03-01T15:18:00+00:00,46.38147192087951,0,NORMAL,0,test,3.266373872756958,lstm-ae-v1
MTR,HUM_001,2026-03-01T15:19:00+00:00,47.2157678661767,0,NORMAL,0,test,3.344454050064087,lstm-ae-v1
MTR,HUM_001,2026-03-01T15:20:00+00:00,46.84684252599117,0,NORMAL,0,test,3.442573070526123,lstm-ae-v1
MTR,HUM_001,2026-03-01T15:21:00+00:00,46.87758359672366,0,NORMAL,0,test,3.5496597290039062,lstm-ae-v1
MTR,HUM_001,2026-03-01T15:22:00+00:00,46.427488470949115,0,NORMAL,0,test,3.6753878593444824,lstm-ae-v1
MTR,HUM_001,2026-03-01T15:23:00+00:00,46.409583001270185,0,NORMAL,0,test,3.7356529235839844,lstm-ae-v1
MTR,HUM_001,2026-03-01T15:24:00+00:00,45.69439303047958,0,NORMAL,0,test,3.8361220359802246,lstm-ae-v1
MTR,HUM_001,2026-03-01T15:25:00+00:00,45.25711817563164,0,NORMAL,0,test,3.991461992263794,lstm-ae-v1
MTR,HUM_001,2026-03-01T15:26:00+00:00,46.600120042767266,0,NORMAL,0,test,4.053154468536377,lstm-ae-v1
MTR,HUM_001,2026-03-01T15:27:00+00:00,46.42069472429421,0,NORMAL,0,test,4.107462406158447,lstm-ae-v1
MTR,HUM_001,2026-03-01T15:28:00+00:00,46.29115791015228,0,NORMAL,0,test,4.179343223571777,lstm-ae-v1
MTR,HUM_001,2026-03-01T15:29:00+00:00,45.42437819205771,0,NORMAL,0,test,4.332664489746094,lstm-ae-v1
MTR,HUM_001,2026-03-01T15:30:00+00:00,47.14337542616779,0,NORMAL,0,test,4.353661060333252,lstm-ae-v1
MTR,HUM_001,2026-03-01T15:31:00+00:00,46.34618236902559,0,NORMAL,0,test,4.387022972106934,lstm-ae-v1
MTR,HUM_001,2026-03-01T15:32:00+00:00,46.72294108612706,0,NORMAL,0,test,4.451724052429199,lstm-ae-v1
MTR,HUM_001,2026-03-01T15:33:00+00:00,45.18538828413256,0,NORMAL,0,test,4.594655990600586,lstm-ae-v1
MTR,HUM_001,2026-03-01T15:34:00+00:00,46.04517602374072,0,NORMAL,0,test,4.653134346008301,lstm-ae-v1
MTR,HUM_001,2026-03-01T15:35:00+00:00,47.19522691364169,0,NORMAL,0,test,4.670286655426025,lstm-ae-v1
MTR,HUM_001,2026-03-01T15:36:00+00:00,46.255300091518535,0,NORMAL,0,test,4.666787624359131,lstm-ae-v1
MTR,HUM_001,2026-03-01T15:37:00+00:00,46.179251265632125,0,NORMAL,0,test,4.6925506591796875,lstm-ae-v1
MTR,HUM_001,2026-03-01T15:38:00+00:00,45.352338855886224,0,NORMAL,0,test,4.819521903991699,lstm-ae-v1
MTR,HUM_001,2026-03-01T15:39:00+00:00,46.40064349437779,0,NORMAL,0,test,4.85708475112915,lstm-ae-v1
MTR,HUM_001,2026-03-01T15:40:00+00:00,46.18366455736825,0,NORMAL,0,test,4.94789981842041,lstm-ae-v1
MTR,HUM_001,2026-03-01T15:41:00+00:00,46.85652380596933,0,NORMAL,0,test,4.975683689117432,lstm-ae-v1
MTR,HUM_001,2026-03-01T15:42:00+00:00,47.19077453340449,0,NORMAL,0,test,4.9896464347839355,lstm-ae-v1
MTR,HUM_001,2026-03-01T15:43:00+00:00,47.055034824212065,0,NORMAL,0,test,4.950647830963135,lstm-ae-v1
MTR,HUM_001,2026-03-01T15:44:00+00:00,47.43590751422565,0,NORMAL,0,test,4.883397579193115,lstm-ae-v1
MTR,HUM_001,2026-03-01T15:45:00+00:00,46.46144247809553,0,NORMAL,0,test,4.91580867767334,lstm-ae-v1
MTR,HUM_001,2026-03-01T15:46:00+00:00,46.870450958271064,0,NORMAL,0,test,4.913965225219727,lstm-ae-v1
MTR,HUM_001,2026-03-01T15:47:00+00:00,46.80105064450012,0,NORMAL,0,test,4.981011867523193,lstm-ae-v1
MTR,HUM_001,2026-03-01T15:48:00+00:00,47.06363305760328,0,NORMAL,0,test,4.944102764129639,lstm-ae-v1
MTR,HUM_001,2026-03-01T15:49:00+00:00,46.442911905619525,0,NORMAL,0,test,4.983738422393799,lstm-ae-v1
MTR,HUM_001,2026-03-01T15:50:00+00:00,46.904769759146745,0,NORMAL,0,test,4.9917144775390625,lstm-ae-v1
MTR,HUM_001,2026-03-01T15:51:00+00:00,46.71999852746987,0,NORMAL,0,test,5.004315376281738,lstm-ae-v1
MTR,HUM_001,2026-03-01T15:52:00+00:00,46.40820383673814,0,NORMAL,0,test,5.010939598083496,lstm-ae-v1
MTR,HUM_001,2026-03-01T15:53:00+00:00,46.145777873693106,0,NORMAL,0,test,5.039016246795654,lstm-ae-v1
MTR,HUM_001,2026-03-01T15:54:00+00:00,46.48655531455063,0,NORMAL,0,test,5.0082197189331055,lstm-ae-v1
MTR,HUM_001,2026-03-01T15:55:00+00:00,46.53812350040737,0,NORMAL,0,test,4.936319828033447,lstm-ae-v1
MTR,HUM_001,2026-03-01T15:56:00+00:00,46.574205305787565,0,NORMAL,0,test,4.944138526916504,lstm-ae-v1
MTR,HUM_001,2026-03-01T15:57:00+00:00,45.593429885483,0,NORMAL,0,test,5.002015590667725,lstm-ae-v1
MTR,HUM_001,2026-03-01T15:58:00+00:00,46.23350978260694,0,NORMAL,0,test,5.027791976928711,lstm-ae-v1
MTR,HUM_001,2026-03-01T15:59:00+00:00,46.79391773966855,0,NORMAL,0,test,4.949305057525635,lstm-ae-v1
MTR,HUM_001,2026-03-01T16:00:00+00:00,45.96536169006231,0,NORMAL,0,test,5.016575336456299,lstm-ae-v1
MTR,HUM_001,2026-03-01T16:01:00+00:00,46.40367781301517,0,NORMAL,0,test,5.021294116973877,lstm-ae-v1
MTR,HUM_001,2026-03-01T16:02:00+00:00,47.207684021467415,0,NORMAL,0,test,4.994911193847656,lstm-ae-v1
MTR,HUM_001,2026-03-01T16:03:00+00:00,47.45563226564483,0,NORMAL,0,test,4.846797466278076,lstm-ae-v1
MTR,HUM_001,2026-03-01T16:04:00+00:00,47.988228376028495,0,NORMAL,0,test,4.729114055633545,lstm-ae-v1
MTR,HUM_001,2026-03-01T16:05:00+00:00,48.463243852858334,0,NORMAL,0,test,4.664217472076416,lstm-ae-v1
MTR,HUM_001,2026-03-01T16:06:00+00:00,47.003183701142966,0,NORMAL,0,test,4.589362621307373,lstm-ae-v1
MTR,HUM_001,2026-03-01T16:07:00+00:00,47.145326858439994,0,NORMAL,0,test,4.538763046264648,lstm-ae-v1
MTR,HUM_001,2026-03-01T16:08:00+00:00,47.16061112297211,0,NORMAL,0,test,4.43385648727417,lstm-ae-v1
MTR,HUM_001,2026-03-01T16:09:00+00:00,47.44729758900765,0,NORMAL,0,test,4.385008811950684,lstm-ae-v1
MTR,HUM_001,2026-03-01T16:10:00+00:00,47.30657526578912,0,NORMAL,0,test,4.321406364440918,lstm-ae-v1
MTR,HUM_001,2026-03-01T16:11:00+00:00,48.41165079068504,0,NORMAL,0,test,4.274470806121826,lstm-ae-v1
MTR,HUM_001,2026-03-01T16:12:00+00:00,47.3564661677209,0,NORMAL,0,test,4.246207237243652,lstm-ae-v1
MTR,HUM_001,2026-03-01T16:13:00+00:00,48.646905495663745,0,NORMAL,0,test,4.209859371185303,lstm-ae-v1
MTR,HUM_001,2026-03-01T16:14:00+00:00,47.53941569348205,0,NORMAL,0,test,4.187694072723389,lstm-ae-v1
MTR,HUM_001,2026-03-01T16:15:00+00:00,47.977358128729634,0,NORMAL,0,test,4.127615451812744,lstm-ae-v1
MTR,HUM_001,2026-03-01T16:16:00+00:00,47.28321050657432,0,NORMAL,0,test,4.098315238952637,lstm-ae-v1
MTR,HUM_001,2026-03-01T16:17:00+00:00,47.26116924315933,0,NORMAL,0,test,4.0809454917907715,lstm-ae-v1
MTR,HUM_001,2026-03-01T16:18:00+00:00,47.676423668724105,0,NORMAL,0,test,4.0718584060668945,lstm-ae-v1
MTR,HUM_001,2026-03-01T16:19:00+00:00,48.14395058254623,0,NORMAL,0,test,4.0087690353393555,lstm-ae-v1
MTR,HUM_001,2026-03-01T16:20:00+00:00,48.309049787620374,0,NORMAL,0,test,3.9557876586914062,lstm-ae-v1
MTR,HUM_001,2026-03-01T16:21:00+00:00,49.55713737676826,0,NORMAL,0,test,3.8587682247161865,lstm-ae-v1
MTR,HUM_001,2026-03-01T16:22:00+00:00,48.4643941678711,0,NORMAL,0,test,3.740767240524292,lstm-ae-v1
MTR,HUM_001,2026-03-01T16:23:00+00:00,49.26656659034946,0,NORMAL,0,test,3.602081298828125,lstm-ae-v1
MTR,HUM_001,2026-03-01T16:24:00+00:00,49.22505263095539,0,NORMAL,0,test,3.466982841491699,lstm-ae-v1
MTR,HUM_001,2026-03-01T16:25:00+00:00,49.554289427178915,0,NORMAL,0,test,3.323936700820923,lstm-ae-v1
MTR,HUM_001,2026-03-01T16:26:00+00:00,48.984501313072975,0,NORMAL,0,test,3.2035634517669678,lstm-ae-v1
MTR,HUM_001,2026-03-01T16:27:00+00:00,48.43117645889319,0,NORMAL,0,test,3.0625414848327637,lstm-ae-v1
MTR,HUM_001,2026-03-01T16:28:00+00:00,48.57418070400844,0,NORMAL,0,test,2.9602842330932617,lstm-ae-v1
MTR,HUM_001,2026-03-01T16:29:00+00:00,48.961505744529624,0,NORMAL,0,test,2.874553918838501,lstm-ae-v1
MTR,HUM_001,2026-03-01T16:30:00+00:00,49.353898832979205,0,NORMAL,0,test,2.7275052070617676,lstm-ae-v1
MTR,HUM_001,2026-03-01T16:31:00+00:00,48.572317156366154,0,NORMAL,0,test,2.623814105987549,lstm-ae-v1
MTR,HUM_001,2026-03-01T16:32:00+00:00,49.639053495907454,0,NORMAL,0,test,2.534980297088623,lstm-ae-v1
MTR,HUM_001,2026-03-01T16:33:00+00:00,49.32213586326192,0,NORMAL,0,test,2.452467203140259,lstm-ae-v1
MTR,HUM_001,2026-03-01T16:34:00+00:00,48.73147434918765,0,NORMAL,0,test,2.415646553039551,lstm-ae-v1
MTR,HUM_001,2026-03-01T16:35:00+00:00,49.57929399584229,0,NORMAL,0,test,2.3889129161834717,lstm-ae-v1
MTR,HUM_001,2026-03-01T16:36:00+00:00,49.14737819695988,0,NORMAL,0,test,2.3048832416534424,lstm-ae-v1
MTR,HUM_001,2026-03-01T16:37:00+00:00,48.54029698600832,0,NORMAL,0,test,2.251751184463501,lstm-ae-v1
MTR,HUM_001,2026-03-01T16:38:00+00:00,47.94239041981135,0,NORMAL,0,test,2.2290496826171875,lstm-ae-v1
MTR,HUM_001,2026-03-01T16:39:00+00:00,47.73967551368517,0,NORMAL,0,test,2.237025737762451,lstm-ae-v1
MTR,POWER_001,2026-03-01T14:39:00+00:00,30.206451614599025,0,NORMAL,0,test,2.8858256340026855,lstm-ae-v1
MTR,POWER_001,2026-03-01T14:40:00+00:00,30.27422456572337,0,NORMAL,0,test,2.9652748107910156,lstm-ae-v1
MTR,POWER_001,2026-03-01T14:41:00+00:00,30.331660801594392,0,NORMAL,0,test,3.0671119689941406,lstm-ae-v1
MTR,POWER_001,2026-03-01T14:42:00+00:00,31.39128631933873,0,NORMAL,0,test,3.1186227798461914,lstm-ae-v1
MTR,POWER_001,2026-03-01T14:43:00+00:00,31.696892225184513,0,NORMAL,0,test,3.1211965084075928,lstm-ae-v1
MTR,POWER_001,2026-03-01T14:44:00+00:00,31.152343606431376,0,NORMAL,0,test,3.1267850399017334,lstm-ae-v1
MTR,POWER_001,2026-03-01T14:45:00+00:00,31.367773984118557,0,NORMAL,0,test,3.163409471511841,lstm-ae-v1
MTR,POWER_001,2026-03-01T14:46:00+00:00,29.937709983064117,0,NORMAL,0,test,3.256964683532715,lstm-ae-v1
MTR,POWER_001,2026-03-01T14:47:00+00:00,31.04612297455397,0,NORMAL,0,test,3.3544628620147705,lstm-ae-v1
MTR,POWER_001,2026-03-01T14:48:00+00:00,31.34663907983523,0,NORMAL,0,test,3.379195213317871,lstm-ae-v1
MTR,POWER_001,2026-03-01T14:49:00+00:00,30.790292999787752,0,NORMAL,0,test,3.4376821517944336,lstm-ae-v1
MTR,POWER_001,2026-03-01T14:50:00+00:00,31.40973274325929,0,NORMAL,0,test,3.4395837783813477,lstm-ae-v1
MTR,POWER_001,2026-03-01T14:51:00+00:00,31.00758181911,0,NORMAL,0,test,3.4281129837036133,lstm-ae-v1
MTR,POWER_001,2026-03-01T14:52:00+00:00,30.87147051225764,0,NORMAL,0,test,3.4355826377868652,lstm-ae-v1
MTR,POWER_001,2026-03-01T14:53:00+00:00,31.314800204935786,0,NORMAL,0,test,3.4921891689300537,lstm-ae-v1
MTR,POWER_001,2026-03-01T14:54:00+00:00,31.47050525471294,0,NORMAL,0,test,3.455855369567871,lstm-ae-v1
MTR,POWER_001,2026-03-01T14:55:00+00:00,30.598381097079457,0,NORMAL,0,test,3.465475559234619,lstm-ae-v1
MTR,POWER_001,2026-03-01T14:56:00+00:00,30.55066748427516,0,NORMAL,0,test,3.4785115718841553,lstm-ae-v1
MTR,POWER_001,2026-03-01T14:57:00+00:00,31.278055554819563,0,NORMAL,0,test,3.4855668544769287,lstm-ae-v1
MTR,POWER_001,2026-03-01T14:58:00+00:00,31.613045000852154,0,NORMAL,0,test,3.526215076446533,lstm-ae-v1
MTR,POWER_001,2026-03-01T14:59:00+00:00,31.55495327820261,0,NORMAL,0,test,3.463124990463257,lstm-ae-v1
MTR,POWER_001,2026-03-01T15:00:00+00:00,31.76555275450362,0,NORMAL,0,test,3.4428939819335938,lstm-ae-v1
MTR,POWER_001,2026-03-01T15:01:00+00:00,32.18075936158091,0,NORMAL,0,test,3.3777096271514893,lstm-ae-v1
MTR,POWER_001,2026-03-01T15:02:00+00:00,31.083412301359314,0,NORMAL,0,test,3.3780181407928467,lstm-ae-v1
MTR,POWER_001,2026-03-01T15:03:00+00:00,30.180967415973587,0,NORMAL,0,test,3.4269583225250244,lstm-ae-v1
MTR,POWER_001,2026-03-01T15:04:00+00:00,30.6880874912062,0,NORMAL,0,test,3.4678690433502197,lstm-ae-v1
MTR,POWER_001,2026-03-01T15:05:00+00:00,31.107018042291973,0,NORMAL,0,test,3.4837076663970947,lstm-ae-v1
MTR,POWER_001,2026-03-01T15:06:00+00:00,30.604026006976472,0,NORMAL,0,test,3.48917293548584,lstm-ae-v1
MTR,POWER_001,2026-03-01T15:07:00+00:00,29.573739599929265,0,NORMAL,0,test,3.486793279647827,lstm-ae-v1
MTR,POWER_001,2026-03-01T15:08:00+00:00,30.205638241332547,0,NORMAL,0,test,3.5311574935913086,lstm-ae-v1
MTR,POWER_001,2026-03-01T15:09:00+00:00,30.548200950347876,0,NORMAL,0,test,3.51735258102417,lstm-ae-v1
MTR,POWER_001,2026-03-01T15:10:00+00:00,30.199808937524327,0,NORMAL,0,test,3.5182158946990967,lstm-ae-v1
MTR,POWER_001,2026-03-01T15:11:00+00:00,30.24698477485604,0,NORMAL,0,test,3.527433156967163,lstm-ae-v1
MTR,POWER_001,2026-03-01T15:12:00+00:00,30.24880686872427,0,NORMAL,0,test,3.6162633895874023,lstm-ae-v1
MTR,POWER_001,2026-03-01T15:13:00+00:00,29.946071354778063,0,NORMAL,0,test,3.751485586166382,lstm-ae-v1
MTR,POWER_001,2026-03-01T15:14:00+00:00,30.19203150622532,0,NORMAL,0,test,3.833925724029541,lstm-ae-v1
MTR,POWER_001,2026-03-01T15:15:00+00:00,30.244505063847036,0,NORMAL,0,test,3.9227397441864014,lstm-ae-v1
MTR,POWER_001,2026-03-01T15:16:00+00:00,30.21101953153209,0,NORMAL,0,test,3.891056776046753,lstm-ae-v1
MTR,POWER_001,2026-03-01T15:17:00+00:00,29.77303832565514,0,NORMAL,0,test,3.989605188369751,lstm-ae-v1
MTR,POWER_001,2026-03-01T15:18:00+00:00,30.21662704450568,0,NORMAL,0,test,4.076412200927734,lstm-ae-v1
MTR,POWER_001,2026-03-01T15:19:00+00:00,30.2829618816258,0,NORMAL,0,test,4.101503849029541,lstm-ae-v1
MTR,POWER_001,2026-03-01T15:20:00+00:00,30.569146968461364,0,NORMAL,0,test,4.146200180053711,lstm-ae-v1
MTR,POWER_001,2026-03-01T15:21:00+00:00,30.68518688145797,0,NORMAL,0,test,4.14685583114624,lstm-ae-v1
MTR,POWER_001,2026-03-01T15:22:00+00:00,30.4632437804723,0,NORMAL,0,test,4.152289867401123,lstm-ae-v1
MTR,POWER_001,2026-03-01T15:23:00+00:00,29.55647511059052,0,NORMAL,0,test,4.279125690460205,lstm-ae-v1
MTR,POWER_001,2026-03-01T15:24:00+00:00,29.317374907155383,0,NORMAL,0,test,4.468207836151123,lstm-ae-v1
MTR,POWER_001,2026-03-01T15:25:00+00:00,29.578293302656444,0,NORMAL,0,test,4.565998554229736,lstm-ae-v1
MTR,POWER_001,2026-03-01T15:26:00+00:00,29.00895603901719,0,NORMAL,0,test,4.7138566970825195,lstm-ae-v1
MTR,POWER_001,2026-03-01T15:27:00+00:00,29.212220547672818,0,NORMAL,0,test,4.90534782409668,lstm-ae-v1
MTR,POWER_001,2026-03-01T15:28:00+00:00,29.73399471321963,0,NORMAL,0,test,5.05589485168457,lstm-ae-v1
MTR,POWER_001,2026-03-01T15:29:00+00:00,28.96104738313398,0,NORMAL,0,test,5.283082962036133,lstm-ae-v1
MTR,POWER_001,2026-03-01T15:30:00+00:00,29.18274668367895,0,NORMAL,0,test,5.5128397941589355,lstm-ae-v1
MTR,POWER_001,2026-03-01T15:31:00+00:00,29.087900682224756,0,NORMAL,0,test,5.778595447540283,lstm-ae-v1
MTR,POWER_001,2026-03-01T15:32:00+00:00,29.234718399431333,0,NORMAL,0,test,5.94673490524292,lstm-ae-v1
MTR,POWER_001,2026-03-01T15:33:00+00:00,29.207532387675712,0,NORMAL,0,test,6.032987117767334,lstm-ae-v1
MTR,POWER_001,2026-03-01T15:34:00+00:00,29.69666816349456,0,NORMAL,0,test,6.10147762298584,lstm-ae-v1
MTR,POWER_001,2026-03-01T15:35:00+00:00,29.742105392021937,0,NORMAL,0,test,6.190826416015625,lstm-ae-v1
MTR,POWER_001,2026-03-01T15:36:00+00:00,29.88361379869176,0,NORMAL,0,test,6.22362756729126,lstm-ae-v1
MTR,POWER_001,2026-03-01T15:37:00+00:00,29.489355258754053,0,NORMAL,0,test,6.2053985595703125,lstm-ae-v1
MTR,POWER_001,2026-03-01T15:38:00+00:00,29.432496964141546,0,NORMAL,0,test,6.266307353973389,lstm-ae-v1
MTR,POWER_001,2026-03-01T15:39:00+00:00,29.169706836837012,0,NORMAL,0,test,6.394359111785889,lstm-ae-v1
MTR,POWER_001,2026-03-01T15:40:00+00:00,28.42638899932404,0,NORMAL,0,test,6.594664573669434,lstm-ae-v1
MTR,POWER_001,2026-03-01T15:41:00+00:00,29.224125334695835,0,NORMAL,0,test,6.700070858001709,lstm-ae-v1
MTR,POWER_001,2026-03-01T15:42:00+00:00,29.83812768578631,0,NORMAL,0,test,6.7087626457214355,lstm-ae-v1
MTR,POWER_001,2026-03-01T15:43:00+00:00,29.97378776138274,0,NORMAL,0,test,6.661976337432861,lstm-ae-v1
MTR,POWER_001,2026-03-01T15:44:00+00:00,30.57605636237453,0,NORMAL,0,test,6.576488018035889,lstm-ae-v1
MTR,POWER_001,2026-03-01T15:45:00+00:00,30.532349840703077,0,NORMAL,0,test,6.499471664428711,lstm-ae-v1
MTR,POWER_001,2026-03-01T15:46:00+00:00,30.818255126499583,0,NORMAL,0,test,6.406511306762695,lstm-ae-v1
MTR,POWER_001,2026-03-01T15:47:00+00:00,30.817440943788423,0,NORMAL,0,test,6.278114318847656,lstm-ae-v1
MTR,POWER_001,2026-03-01T15:48:00+00:00,30.41524370164236,0,NORMAL,0,test,6.238934516906738,lstm-ae-v1
MTR,POWER_001,2026-03-01T15:49:00+00:00,30.076099286092106,0,NORMAL,0,test,6.256676197052002,lstm-ae-v1
MTR,POWER_001,2026-03-01T15:50:00+00:00,30.544264612173393,0,NORMAL,0,test,6.270934581756592,lstm-ae-v1
MTR,POWER_001,2026-03-01T15:51:00+00:00,30.891421336553716,0,NORMAL,0,test,6.2583746910095215,lstm-ae-v1
MTR,POWER_001,2026-03-01T15:52:00+00:00,30.90131848847005,0,NORMAL,0,test,6.223397254943848,lstm-ae-v1
MTR,POWER_001,2026-03-01T15:53:00+00:00,30.13715295264032,0,NORMAL,0,test,6.168098449707031,lstm-ae-v1
MTR,POWER_001,2026-03-01T15:54:00+00:00,30.84573492001248,0,NORMAL,0,test,6.058951377868652,lstm-ae-v1
MTR,POWER_001,2026-03-01T15:55:00+00:00,30.364242964979304,0,NORMAL,0,test,5.994751930236816,lstm-ae-v1
MTR,POWER_001,2026-03-01T15:56:00+00:00,31.09917812516565,0,NORMAL,0,test,5.835794925689697,lstm-ae-v1
MTR,POWER_001,2026-03-01T15:57:00+00:00,30.90364986896648,0,NORMAL,0,test,5.689603805541992,lstm-ae-v1
MTR,POWER_001,2026-03-01T15:58:00+00:00,31.2576203360763,0,NORMAL,0,test,5.587764263153076,lstm-ae-v1
MTR,POWER_001,2026-03-01T15:59:00+00:00,30.535829682051293,0,NORMAL,0,test,5.435226917266846,lstm-ae-v1
MTR,POWER_001,2026-03-01T16:00:00+00:00,30.5789754329068,0,NORMAL,0,test,5.3290910720825195,lstm-ae-v1
MTR,POWER_001,2026-03-01T16:01:00+00:00,30.967851591763377,0,NORMAL,0,test,5.192260265350342,lstm-ae-v1
MTR,POWER_001,2026-03-01T16:02:00+00:00,30.98446391492976,0,NORMAL,0,test,5.057580947875977,lstm-ae-v1
MTR,POWER_001,2026-03-01T16:03:00+00:00,30.795122323793052,0,NORMAL,0,test,4.926229476928711,lstm-ae-v1
MTR,POWER_001,2026-03-01T16:04:00+00:00,30.591579134053777,0,NORMAL,0,test,4.859553813934326,lstm-ae-v1
MTR,POWER_001,2026-03-01T16:05:00+00:00,30.275122629889957,0,NORMAL,0,test,4.8225789070129395,lstm-ae-v1
MTR,POWER_001,2026-03-01T16:06:00+00:00,30.164052888250986,0,NORMAL,0,test,4.818570137023926,lstm-ae-v1
MTR,POWER_001,2026-03-01T16:07:00+00:00,30.279027370428416,0,NORMAL,0,test,4.771561145782471,lstm-ae-v1
MTR,POWER_001,2026-03-01T16:08:00+00:00,30.224934087182987,0,NORMAL,0,test,4.717527389526367,lstm-ae-v1
MTR,POWER_001,2026-03-01T16:09:00+00:00,29.249373741025728,0,NORMAL,0,test,4.727236747741699,lstm-ae-v1
MTR,POWER_001,2026-03-01T16:10:00+00:00,30.27694888266892,0,NORMAL,0,test,4.578134059906006,lstm-ae-v1
MTR,POWER_001,2026-03-01T16:11:00+00:00,29.814576205045785,0,NORMAL,0,test,4.527466773986816,lstm-ae-v1
MTR,POWER_001,2026-03-01T16:12:00+00:00,30.142590667960786,0,NORMAL,0,test,4.51088809967041,lstm-ae-v1
MTR,POWER_001,2026-03-01T16:13:00+00:00,29.155893759804,0,NORMAL,0,test,4.598531723022461,lstm-ae-v1
MTR,POWER_001,2026-03-01T16:14:00+00:00,30.145267353397593,0,NORMAL,0,test,4.650862216949463,lstm-ae-v1
MTR,POWER_001,2026-03-01T16:15:00+00:00,29.292826306511262,0,NORMAL,0,test,4.766756057739258,lstm-ae-v1
MTR,POWER_001,2026-03-01T16:16:00+00:00,29.39007520315168,0,NORMAL,0,test,4.908863544464111,lstm-ae-v1
MTR,POWER_001,2026-03-01T16:17:00+00:00,28.3565136997102,0,NORMAL,0,test,5.175905227661133,lstm-ae-v1
MTR,POWER_001,2026-03-01T16:18:00+00:00,28.98073095371019,0,NORMAL,0,test,5.337804317474365,lstm-ae-v1
MTR,POWER_001,2026-03-01T16:19:00+00:00,28.65777591447012,0,NORMAL,0,test,5.488121032714844,lstm-ae-v1
MTR,POWER_001,2026-03-01T16:20:00+00:00,29.28649830290933,0,NORMAL,0,test,5.5948309898376465,lstm-ae-v1
MTR,POWER_001,2026-03-01T16:21:00+00:00,28.855319286057185,0,NORMAL,0,test,5.770586967468262,lstm-ae-v1
MTR,POWER_001,2026-03-01T16:22:00+00:00,28.717084979705668,0,NORMAL,0,test,5.970152854919434,lstm-ae-v1
MTR,POWER_001,2026-03-01T16:23:00+00:00,29.03984475428025,0,NORMAL,0,test,6.05343770980835,lstm-ae-v1
MTR,POWER_001,2026-03-01T16:24:00+00:00,29.217419428052917,0,NORMAL,0,test,6.169814109802246,lstm-ae-v1
MTR,POWER_001,2026-03-01T16:25:00+00:00,29.14901648890452,0,NORMAL,0,test,6.2480340003967285,lstm-ae-v1
MTR,POWER_001,2026-03-01T16:26:00+00:00,30.036382561428503,0,NORMAL,0,test,6.283905982971191,lstm-ae-v1
MTR,POWER_001,2026-03-01T16:27:00+00:00,29.908498094809943,0,NORMAL,0,test,6.3086161613464355,lstm-ae-v1
MTR,POWER_001,2026-03-01T16:28:00+00:00,29.328212834978245,0,NORMAL,0,test,6.445862770080566,lstm-ae-v1
MTR,POWER_001,2026-03-01T16:29:00+00:00,29.57231082400653,0,NORMAL,0,test,6.509741306304932,lstm-ae-v1
MTR,POWER_001,2026-03-01T16:30:00+00:00,30.1154252010996,0,NORMAL,0,test,6.512343406677246,lstm-ae-v1
MTR,POWER_001,2026-03-01T16:31:00+00:00,30.033768284736865,0,NORMAL,0,test,6.553597450256348,lstm-ae-v1
MTR,POWER_001,2026-03-01T16:32:00+00:00,29.196114503686683,0,NORMAL,0,test,6.707056999206543,lstm-ae-v1
MTR,POWER_001,2026-03-01T16:33:00+00:00,29.832572661011714,0,NORMAL,0,test,6.790870666503906,lstm-ae-v1
MTR,POWER_001,2026-03-01T16:34:00+00:00,29.410779806199464,0,NORMAL,0,test,6.897706508636475,lstm-ae-v1
MTR,POWER_001,2026-03-01T16:35:00+00:00,29.175947265724712,0,NORMAL,0,test,7.017895698547363,lstm-ae-v1
MTR,POWER_001,2026-03-01T16:36:00+00:00,28.366563111702614,0,NORMAL,0,test,7.243372440338135,lstm-ae-v1
MTR,POWER_001,2026-03-01T16:37:00+00:00,29.16874705117752,0,NORMAL,0,test,7.383681297302246,lstm-ae-v1
MTR,POWER_001,2026-03-01T16:38:00+00:00,28.78327037034651,0,NORMAL,0,test,7.551483154296875,lstm-ae-v1
MTR,POWER_001,2026-03-01T16:39:00+00:00,28.959527652210443,0,NORMAL,0,test,7.5987162590026855,lstm-ae-v1
MTR,PRESS_001,2026-03-01T14:39:00+00:00,988.5612751842036,0,NORMAL,0,test,1.570360779762268,lstm-ae-v1
MTR,PRESS_001,2026-03-01T14:40:00+00:00,988.648463692433,0,NORMAL,0,test,1.5993200540542603,lstm-ae-v1
MTR,PRESS_001,2026-03-01T14:41:00+00:00,988.5922023569613,0,NORMAL,0,test,1.6373881101608276,lstm-ae-v1
MTR,PRESS_001,2026-03-01T14:42:00+00:00,988.6658259589648,0,NORMAL,0,test,1.65757417678833,lstm-ae-v1
MTR,PRESS_001,2026-03-01T14:43:00+00:00,988.6411750365947,0,NORMAL,0,test,1.6652435064315796,lstm-ae-v1
MTR,PRESS_001,2026-03-01T14:44:00+00:00,988.7160884741132,0,NORMAL,0,test,1.6715902090072632,lstm-ae-v1
MTR,PRESS_001,2026-03-01T14:45:00+00:00,988.7883512969458,0,NORMAL,0,test,1.6535884141921997,lstm-ae-v1
MTR,PRESS_001,2026-03-01T14:46:00+00:00,988.6948174327822,0,NORMAL,0,test,1.6641091108322144,lstm-ae-v1
MTR,PRESS_001,2026-03-01T14:47:00+00:00,988.7811544055588,0,NORMAL,0,test,1.662845253944397,lstm-ae-v1
MTR,PRESS_001,2026-03-01T14:48:00+00:00,988.805867818326,0,NORMAL,0,test,1.653224229812622,lstm-ae-v1
MTR,PRESS_001,2026-03-01T14:49:00+00:00,988.6919096154448,0,NORMAL,0,test,1.6708705425262451,lstm-ae-v1
MTR,PRESS_001,2026-03-01T14:50:00+00:00,988.5306852087314,0,NORMAL,0,test,1.7121256589889526,lstm-ae-v1
MTR,PRESS_001,2026-03-01T14:51:00+00:00,988.45129281064,0,NORMAL,0,test,1.7821543216705322,lstm-ae-v1
MTR,PRESS_001,2026-03-01T14:52:00+00:00,988.571155098952,0,NORMAL,0,test,1.8299181461334229,lstm-ae-v1
MTR,PRESS_001,2026-03-01T14:53:00+00:00,988.4687775707196,0,NORMAL,0,test,1.8790680170059204,lstm-ae-v1
MTR,PRESS_001,2026-03-01T14:54:00+00:00,988.6298484919524,0,NORMAL,0,test,1.9084677696228027,lstm-ae-v1
MTR,PRESS_001,2026-03-01T14:55:00+00:00,988.651549025638,0,NORMAL,0,test,1.901606798171997,lstm-ae-v1
MTR,PRESS_001,2026-03-01T14:56:00+00:00,988.5432016314012,0,NORMAL,0,test,1.9189629554748535,lstm-ae-v1
MTR,PRESS_001,2026-03-01T14:57:00+00:00,988.7894182001866,0,NORMAL,0,test,1.9498447179794312,lstm-ae-v1
MTR,PRESS_001,2026-03-01T14:58:00+00:00,988.416608306098,0,NORMAL,0,test,1.993001103401184,lstm-ae-v1
MTR,PRESS_001,2026-03-01T14:59:00+00:00,988.5285991208824,0,NORMAL,0,test,2.064251184463501,lstm-ae-v1
MTR,PRESS_001,2026-03-01T15:00:00+00:00,988.4139589950834,0,NORMAL,0,test,2.1233835220336914,lstm-ae-v1
MTR,PRESS_001,2026-03-01T15:01:00+00:00,988.5306143139992,0,NORMAL,0,test,2.164170742034912,lstm-ae-v1
MTR,PRESS_001,2026-03-01T15:02:00+00:00,988.59995410032,0,NORMAL,0,test,2.1809005737304688,lstm-ae-v1
MTR,PRESS_001,2026-03-01T15:03:00+00:00,988.5325448551476,0,NORMAL,0,test,2.195769786834717,lstm-ae-v1
MTR,PRESS_001,2026-03-01T15:04:00+00:00,988.6358394674412,0,NORMAL,0,test,2.1821017265319824,lstm-ae-v1
MTR,PRESS_001,2026-03-01T15:05:00+00:00,988.3134976266452,0,NORMAL,0,test,2.2289586067199707,lstm-ae-v1
MTR,PRESS_001,2026-03-01T15:06:00+00:00,988.456732094676,0,NORMAL,0,test,2.262824058532715,lstm-ae-v1
MTR,PRESS_001,2026-03-01T15:07:00+00:00,988.5733933853317,0,NORMAL,0,test,2.3031904697418213,lstm-ae-v1
MTR,PRESS_001,2026-03-01T15:08:00+00:00,988.599197330514,0,NORMAL,0,test,2.325970411300659,lstm-ae-v1
MTR,PRESS_001,2026-03-01T15:09:00+00:00,988.7433377039614,0,NORMAL,0,test,2.2980151176452637,lstm-ae-v1
MTR,PRESS_001,2026-03-01T15:10:00+00:00,988.5696891186986,0,NORMAL,0,test,2.2953927516937256,lstm-ae-v1
MTR,PRESS_001,2026-03-01T15:11:00+00:00,988.455954752734,0,NORMAL,0,test,2.309204339981079,lstm-ae-v1
MTR,PRESS_001,2026-03-01T15:12:00+00:00,988.4542310820832,0,NORMAL,0,test,2.342972755432129,lstm-ae-v1
MTR,PRESS_001,2026-03-01T15:13:00+00:00,988.3830330856716,0,NORMAL,0,test,2.3810088634490967,lstm-ae-v1
MTR,PRESS_001,2026-03-01T15:14:00+00:00,988.4117793613536,0,NORMAL,0,test,2.4302759170532227,lstm-ae-v1
MTR,PRESS_001,2026-03-01T15:15:00+00:00,988.4703027650564,0,NORMAL,0,test,2.4833247661590576,lstm-ae-v1
MTR,PRESS_001,2026-03-01T15:16:00+00:00,988.1950129377274,0,NORMAL,0,test,2.5499930381774902,lstm-ae-v1
MTR,PRESS_001,2026-03-01T15:17:00+00:00,988.6471078517552,0,NORMAL,0,test,2.6020071506500244,lstm-ae-v1
MTR,PRESS_001,2026-03-01T15:18:00+00:00,988.5376039128148,0,NORMAL,0,test,2.635293483734131,lstm-ae-v1
MTR,PRESS_001,2026-03-01T15:19:00+00:00,988.1773449814436,0,NORMAL,0,test,2.7021164894104004,lstm-ae-v1
MTR,PRESS_001,2026-03-01T15:20:00+00:00,988.4397097552296,0,NORMAL,0,test,2.7369279861450195,lstm-ae-v1
MTR,PRESS_001,2026-03-01T15:21:00+00:00,988.3474884967014,0,NORMAL,0,test,2.745128631591797,lstm-ae-v1
MTR,PRESS_001,2026-03-01T15:22:00+00:00,988.6052170402266,0,NORMAL,0,test,2.761814594268799,lstm-ae-v1
MTR,PRESS_001,2026-03-01T15:23:00+00:00,988.6752852031284,0,NORMAL,0,test,2.7300446033477783,lstm-ae-v1
MTR,PRESS_001,2026-03-01T15:24:00+00:00,988.4496441139828,0,NORMAL,0,test,2.7391276359558105,lstm-ae-v1
MTR,PRESS_001,2026-03-01T15:25:00+00:00,988.433291025257,0,NORMAL,0,test,2.7725484371185303,lstm-ae-v1
MTR,PRESS_001,2026-03-01T15:26:00+00:00,988.4927749182864,0,NORMAL,0,test,2.781122922897339,lstm-ae-v1
MTR,PRESS_001,2026-03-01T15:27:00+00:00,988.5491490490048,0,NORMAL,0,test,2.824916124343872,lstm-ae-v1
MTR,PRESS_001,2026-03-01T15:28:00+00:00,988.6080461333676,0,NORMAL,0,test,2.7909867763519287,lstm-ae-v1
MTR,PRESS_001,2026-03-01T15:29:00+00:00,988.3330720276584,0,NORMAL,0,test,2.80692195892334,lstm-ae-v1
MTR,PRESS_001,2026-03-01T15:30:00+00:00,988.5193364390392,0,NORMAL,0,test,2.79780650138855,lstm-ae-v1
MTR,PRESS_001,2026-03-01T15:31:00+00:00,988.0142417108842,0,NORMAL,0,test,2.859205961227417,lstm-ae-v1
MTR,PRESS_001,2026-03-01T15:32:00+00:00,988.3277284854072,0,NORMAL,0,test,2.929425001144409,lstm-ae-v1
MTR,PRESS_001,2026-03-01T15:33:00+00:00,988.1690165481176,0,NORMAL,0,test,2.9802002906799316,lstm-ae-v1
MTR,PRESS_001,2026-03-01T15:34:00+00:00,988.2051303209664,0,NORMAL,0,test,3.0610835552215576,lstm-ae-v1
MTR,PRESS_001,2026-03-01T15:35:00+00:00,988.1726631196458,0,NORMAL,0,test,3.0799968242645264,lstm-ae-v1
MTR,PRESS_001,2026-03-01T15:36:00+00:00,987.9419888945432,0,NORMAL,0,test,3.1721999645233154,lstm-ae-v1
MTR,PRESS_001,2026-03-01T15:37:00+00:00,988.0768058731124,0,NORMAL,0,test,3.286792516708374,lstm-ae-v1
MTR,PRESS_001,2026-03-01T15:38:00+00:00,988.0842927008488,0,NORMAL,0,test,3.397052526473999,lstm-ae-v1
MTR,PRESS_001,2026-03-01T15:39:00+00:00,987.927292776503,0,NORMAL,0,test,3.571470022201538,lstm-ae-v1
MTR,PRESS_001,2026-03-01T15:40:00+00:00,988.336177953882,0,NORMAL,0,test,3.6321263313293457,lstm-ae-v1
MTR,PRESS_001,2026-03-01T15:41:00+00:00,988.1507047149082,0,NORMAL,0,test,3.681198835372925,lstm-ae-v1
MTR,PRESS_001,2026-03-01T15:42:00+00:00,988.2194865635612,0,NORMAL,0,test,3.7246015071868896,lstm-ae-v1
MTR,PRESS_001,2026-03-01T15:43:00+00:00,988.4135260535598,0,NORMAL,0,test,3.7106330394744873,lstm-ae-v1
MTR,PRESS_001,2026-03-01T15:44:00+00:00,988.4491476742996,0,NORMAL,0,test,3.6860296726226807,lstm-ae-v1
MTR,PRESS_001,2026-03-01T15:45:00+00:00,988.2279214035894,0,NORMAL,0,test,3.7093358039855957,lstm-ae-v1
MTR,PRESS_001,2026-03-01T15:46:00+00:00,988.5602603644368,0,NORMAL,0,test,3.6407973766326904,lstm-ae-v1
MTR,PRESS_001,2026-03-01T15:47:00+00:00,988.2249592812128,0,NORMAL,0,test,3.6871745586395264,lstm-ae-v1
MTR,PRESS_001,2026-03-01T15:48:00+00:00,988.2807098781813,0,NORMAL,0,test,3.735055685043335,lstm-ae-v1
MTR,PRESS_001,2026-03-01T15:49:00+00:00,988.3352814174964,0,NORMAL,0,test,3.693567991256714,lstm-ae-v1
MTR,PRESS_001,2026-03-01T15:50:00+00:00,988.4775095861586,0,NORMAL,0,test,3.6936895847320557,lstm-ae-v1
MTR,PRESS_001,2026-03-01T15:51:00+00:00,988.4379032125306,0,NORMAL,0,test,3.6654226779937744,lstm-ae-v1
MTR,PRESS_001,2026-03-01T15:52:00+00:00,988.3225269392112,0,NORMAL,0,test,3.7027597427368164,lstm-ae-v1
MTR,PRESS_001,2026-03-01T15:53:00+00:00,988.4126195551164,0,NORMAL,0,test,3.7600274085998535,lstm-ae-v1
MTR,PRESS_001,2026-03-01T15:54:00+00:00,988.403472778132,0,NORMAL,0,test,3.769502878189087,lstm-ae-v1
MTR,PRESS_001,2026-03-01T15:55:00+00:00,988.413378312398,0,NORMAL,0,test,3.7758889198303223,lstm-ae-v1
MTR,PRESS_001,2026-03-01T15:56:00+00:00,988.2756416461384,0,NORMAL,0,test,3.8062832355499268,lstm-ae-v1
MTR,PRESS_001,2026-03-01T15:57:00+00:00,988.5345350235084,0,NORMAL,0,test,3.84053635597229,lstm-ae-v1
MTR,PRESS_001,2026-03-01T15:58:00+00:00,988.331252658475,0,NORMAL,0,test,3.88208270072937,lstm-ae-v1
MTR,PRESS_001,2026-03-01T15:59:00+00:00,988.097779309465,0,NORMAL,0,test,3.912701368331909,lstm-ae-v1
MTR,PRESS_001,2026-03-01T16:00:00+00:00,988.09953812088,0,NORMAL,0,test,4.01295280456543,lstm-ae-v1
MTR,PRESS_001,2026-03-01T16:01:00+00:00,988.0758233756046,0,NORMAL,0,test,4.005433559417725,lstm-ae-v1
MTR,PRESS_001,2026-03-01T16:02:00+00:00,987.9806531429532,0,NORMAL,0,test,4.097647666931152,lstm-ae-v1
MTR,PRESS_001,2026-03-01T16:03:00+00:00,988.1055015291628,0,NORMAL,0,test,4.136907577514648,lstm-ae-v1
MTR,PRESS_001,2026-03-01T16:04:00+00:00,988.0738957654788,0,NORMAL,0,test,4.181278705596924,lstm-ae-v1
MTR,PRESS_001,2026-03-01T16:05:00+00:00,987.9960617505484,0,NORMAL,0,test,4.238894939422607,lstm-ae-v1
MTR,PRESS_001,2026-03-01T16:06:00+00:00,987.9930923936676,0,NORMAL,0,test,4.241116523742676,lstm-ae-v1
MTR,PRESS_001,2026-03-01T16:07:00+00:00,988.0568750265624,0,NORMAL,0,test,4.257087707519531,lstm-ae-v1
MTR,PRESS_001,2026-03-01T16:08:00+00:00,988.1517373502948,0,NORMAL,0,test,4.242489814758301,lstm-ae-v1
MTR,PRESS_001,2026-03-01T16:09:00+00:00,988.2101573299874,0,NORMAL,0,test,4.159514427185059,lstm-ae-v1
MTR,PRESS_001,2026-03-01T16:10:00+00:00,988.0894612872476,0,NORMAL,0,test,4.202544212341309,lstm-ae-v1
MTR,PRESS_001,2026-03-01T16:11:00+00:00,987.9944199198532,0,NORMAL,0,test,4.233626365661621,lstm-ae-v1
MTR,PRESS_001,2026-03-01T16:12:00+00:00,987.7408535160268,0,NORMAL,0,test,4.36085844039917,lstm-ae-v1
MTR,PRESS_001,2026-03-01T16:13:00+00:00,988.1486573582902,0,NORMAL,0,test,4.423596382141113,lstm-ae-v1
MTR,PRESS_001,2026-03-01T16:14:00+00:00,988.2971798475792,0,NORMAL,0,test,4.4328765869140625,lstm-ae-v1
MTR,PRESS_001,2026-03-01T16:15:00+00:00,988.3931274953248,0,NORMAL,0,test,4.362032890319824,lstm-ae-v1
MTR,PRESS_001,2026-03-01T16:16:00+00:00,988.3001740195358,0,NORMAL,0,test,4.384583950042725,lstm-ae-v1
MTR,PRESS_001,2026-03-01T16:17:00+00:00,988.2150002305866,0,NORMAL,0,test,4.362321376800537,lstm-ae-v1
MTR,PRESS_001,2026-03-01T16:18:00+00:00,988.0314143410064,0,NORMAL,0,test,4.404050350189209,lstm-ae-v1
MTR,PRESS_001,2026-03-01T16:19:00+00:00,988.0784187574916,0,NORMAL,0,test,4.461712837219238,lstm-ae-v1
MTR,PRESS_001,2026-03-01T16:20:00+00:00,988.2144214373928,0,NORMAL,0,test,4.517035961151123,lstm-ae-v1
MTR,PRESS_001,2026-03-01T16:21:00+00:00,988.0829509757688,0,NORMAL,0,test,4.586238384246826,lstm-ae-v1
MTR,PRESS_001,2026-03-01T16:22:00+00:00,988.1332186504004,0,NORMAL,0,test,4.628445625305176,lstm-ae-v1
MTR,PRESS_001,2026-03-01T16:23:00+00:00,988.1290628035848,0,NORMAL,0,test,4.6900634765625,lstm-ae-v1
MTR,PRESS_001,2026-03-01T16:24:00+00:00,987.9994790131212,0,NORMAL,0,test,4.784140586853027,lstm-ae-v1
MTR,PRESS_001,2026-03-01T16:25:00+00:00,988.06764703104,0,NORMAL,0,test,4.8750224113464355,lstm-ae-v1
MTR,PRESS_001,2026-03-01T16:26:00+00:00,988.1587380343,0,NORMAL,0,test,4.906005859375,lstm-ae-v1
MTR,PRESS_001,2026-03-01T16:27:00+00:00,988.0451281915518,0,NORMAL,0,test,5.017701148986816,lstm-ae-v1
MTR,PRESS_001,2026-03-01T16:28:00+00:00,988.267876111699,0,NORMAL,0,test,5.039891719818115,lstm-ae-v1
MTR,PRESS_001,2026-03-01T16:29:00+00:00,987.9611225753772,0,NORMAL,0,test,5.069282054901123,lstm-ae-v1
MTR,PRESS_001,2026-03-01T16:30:00+00:00,987.7241385818731,0,NORMAL,0,test,5.195606708526611,lstm-ae-v1
MTR,PRESS_001,2026-03-01T16:31:00+00:00,987.9105806135168,0,NORMAL,0,test,5.271937370300293,lstm-ae-v1
MTR,PRESS_001,2026-03-01T16:32:00+00:00,988.030896058922,0,NORMAL,0,test,5.268080711364746,lstm-ae-v1
MTR,PRESS_001,2026-03-01T16:33:00+00:00,987.9743852815496,0,NORMAL,0,test,5.302537441253662,lstm-ae-v1
MTR,PRESS_001,2026-03-01T16:34:00+00:00,987.8293535367068,0,NORMAL,0,test,5.376980781555176,lstm-ae-v1
MTR,PRESS_001,2026-03-01T16:35:00+00:00,987.8537103691943,0,NORMAL,0,test,5.428690433502197,lstm-ae-v1
MTR,PRESS_001,2026-03-01T16:36:00+00:00,988.2161679585208,0,NORMAL,0,test,5.36152982711792,lstm-ae-v1
MTR,PRESS_001,2026-03-01T16:37:00+00:00,987.8056765958374,0,NORMAL,0,test,5.415123462677002,lstm-ae-v1
MTR,PRESS_001,2026-03-01T16:38:00+00:00,987.7671833373164,0,NORMAL,0,test,5.53166389465332,lstm-ae-v1
MTR,PRESS_001,2026-03-01T16:39:00+00:00,987.91324399082,0,NORMAL,0,test,5.612754821777344,lstm-ae-v1
MTR,TEMP_001,2026-03-01T14:39:00+00:00,-18.543333501723136,0,NORMAL,0,test,3.1671457290649414,lstm-ae-v1
MTR,TEMP_001,2026-03-01T14:40:00+00:00,-18.189637643126243,0,NORMAL,0,test,3.282191753387451,lstm-ae-v1
MTR,TEMP_001,2026-03-01T14:41:00+00:00,-17.9982234890514,0,NORMAL,0,test,3.3663036823272705,lstm-ae-v1
MTR,TEMP_001,2026-03-01T14:42:00+00:00,-18.373527945940623,0,NORMAL,0,test,3.4880943298339844,lstm-ae-v1
MTR,TEMP_001,2026-03-01T14:43:00+00:00,-18.409645459800853,0,NORMAL,0,test,3.637500762939453,lstm-ae-v1
MTR,TEMP_001,2026-03-01T14:44:00+00:00,-18.80748844109213,0,NORMAL,0,test,3.847346782684326,lstm-ae-v1
MTR,TEMP_001,2026-03-01T14:45:00+00:00,-18.45255234323235,0,NORMAL,0,test,3.995911121368408,lstm-ae-v1
MTR,TEMP_001,2026-03-01T14:46:00+00:00,-18.510609405231147,0,NORMAL,0,test,4.14826774597168,lstm-ae-v1
MTR,TEMP_001,2026-03-01T14:47:00+00:00,-18.375513852537505,0,NORMAL,0,test,4.298436641693115,lstm-ae-v1
MTR,TEMP_001,2026-03-01T14:48:00+00:00,-18.865538170168655,0,NORMAL,0,test,4.494785785675049,lstm-ae-v1
MTR,TEMP_001,2026-03-01T14:49:00+00:00,-18.727088533714415,0,NORMAL,0,test,4.659200668334961,lstm-ae-v1
MTR,TEMP_001,2026-03-01T14:50:00+00:00,-18.724702288162604,0,NORMAL,0,test,4.836488246917725,lstm-ae-v1
MTR,TEMP_001,2026-03-01T14:51:00+00:00,-19.01376496982669,0,NORMAL,0,test,5.01711893081665,lstm-ae-v1
MTR,TEMP_001,2026-03-01T14:52:00+00:00,-19.083719644066463,0,NORMAL,0,test,5.255465984344482,lstm-ae-v1
MTR,TEMP_001,2026-03-01T14:53:00+00:00,-19.20272128026573,0,NORMAL,0,test,5.509744167327881,lstm-ae-v1
MTR,TEMP_001,2026-03-01T14:54:00+00:00,-18.95029703973953,0,NORMAL,0,test,5.691160202026367,lstm-ae-v1
MTR,TEMP_001,2026-03-01T14:55:00+00:00,-18.87318403215961,0,NORMAL,0,test,5.853296756744385,lstm-ae-v1
MTR,TEMP_001,2026-03-01T14:56:00+00:00,-19.062109125877363,0,NORMAL,0,test,6.023893356323242,lstm-ae-v1
MTR,TEMP_001,2026-03-01T14:57:00+00:00,-18.85138519487229,0,NORMAL,0,test,6.166811943054199,lstm-ae-v1
MTR,TEMP_001,2026-03-01T14:58:00+00:00,-18.913918461445064,0,NORMAL,0,test,6.287973880767822,lstm-ae-v1
MTR,TEMP_001,2026-03-01T14:59:00+00:00,-19.13811989900425,0,NORMAL,0,test,6.465641498565674,lstm-ae-v1
MTR,TEMP_001,2026-03-01T15:00:00+00:00,-19.008103445560145,0,NORMAL,0,test,6.637153625488281,lstm-ae-v1
MTR,TEMP_001,2026-03-01T15:01:00+00:00,-18.754344824543235,0,NORMAL,0,test,6.711884021759033,lstm-ae-v1
MTR,TEMP_001,2026-03-01T15:02:00+00:00,-18.819818751981124,0,NORMAL,0,test,6.801146030426025,lstm-ae-v1
MTR,TEMP_001,2026-03-01T15:03:00+00:00,-18.75273012231662,0,NORMAL,0,test,6.870402812957764,lstm-ae-v1
MTR,TEMP_001,2026-03-01T15:04:00+00:00,-18.702051747741784,0,NORMAL,0,test,6.906770706176758,lstm-ae-v1
MTR,TEMP_001,2026-03-01T15:05:00+00:00,-18.740885737302495,0,NORMAL,0,test,6.907353401184082,lstm-ae-v1
MTR,TEMP_001,2026-03-01T15:06:00+00:00,-18.596356562251746,0,NORMAL,0,test,6.939235210418701,lstm-ae-v1
MTR,TEMP_001,2026-03-01T15:07:00+00:00,-18.70542740833608,0,NORMAL,0,test,7.01063346862793,lstm-ae-v1
MTR,TEMP_001,2026-03-01T15:08:00+00:00,-18.78046449286665,0,NORMAL,0,test,7.097443103790283,lstm-ae-v1
MTR,TEMP_001,2026-03-01T15:09:00+00:00,-18.75561105047272,0,NORMAL,0,test,7.122215747833252,lstm-ae-v1
MTR,TEMP_001,2026-03-01T15:10:00+00:00,-18.99231974042583,0,NORMAL,0,test,7.247588157653809,lstm-ae-v1
MTR,TEMP_001,2026-03-01T15:11:00+00:00,-18.76339601068542,0,NORMAL,0,test,7.363905906677246,lstm-ae-v1
MTR,TEMP_001,2026-03-01T15:12:00+00:00,-18.696082204586176,0,NORMAL,0,test,7.406904697418213,lstm-ae-v1
MTR,TEMP_001,2026-03-01T15:13:00+00:00,-19.238656094934345,0,NORMAL,0,test,7.555079936981201,lstm-ae-v1
MTR,TEMP_001,2026-03-01T15:14:00+00:00,-18.56096794374929,0,NORMAL,0,test,7.520994663238525,lstm-ae-v1
MTR,TEMP_001,2026-03-01T15:15:00+00:00,-19.0395295312613,0,NORMAL,0,test,7.616697788238525,lstm-ae-v1
MTR,TEMP_001,2026-03-01T15:16:00+00:00,-18.562080967355385,0,NORMAL,0,test,7.624456882476807,lstm-ae-v1
MTR,TEMP_001,2026-03-01T15:17:00+00:00,-18.29006654409787,0,NORMAL,0,test,7.589469909667969,lstm-ae-v1
MTR,TEMP_001,2026-03-01T15:18:00+00:00,-18.356220898550184,0,NORMAL,0,test,7.4863128662109375,lstm-ae-v1
MTR,TEMP_001,2026-03-01T15:19:00+00:00,-18.71850535285069,0,NORMAL,0,test,7.482861042022705,lstm-ae-v1
MTR,TEMP_001,2026-03-01T15:20:00+00:00,-18.707023497673553,0,NORMAL,0,test,7.4947967529296875,lstm-ae-v1
MTR,TEMP_001,2026-03-01T15:21:00+00:00,-18.503420257363285,0,NORMAL,0,test,7.419928550720215,lstm-ae-v1
MTR,TEMP_001,2026-03-01T15:22:00+00:00,-18.90953998994796,0,NORMAL,0,test,7.404511451721191,lstm-ae-v1
MTR,TEMP_001,2026-03-01T15:23:00+00:00,-18.544200148925793,0,NORMAL,0,test,7.309613227844238,lstm-ae-v1
MTR,TEMP_001,2026-03-01T15:24:00+00:00,-18.72994691343638,0,NORMAL,0,test,7.2795634269714355,lstm-ae-v1
MTR,TEMP_001,2026-03-01T15:25:00+00:00,-18.708035143213436,0,NORMAL,0,test,7.2642292976379395,lstm-ae-v1
MTR,TEMP_001,2026-03-01T15:26:00+00:00,-18.650360194119624,0,NORMAL,0,test,7.203956127166748,lstm-ae-v1
MTR,TEMP_001,2026-03-01T15:27:00+00:00,-18.68089383266787,0,NORMAL,0,test,7.181846618652344,lstm-ae-v1
MTR,TEMP_001,2026-03-01T15:28:00+00:00,-18.45191324395491,0,NORMAL,0,test,7.107750415802002,lstm-ae-v1
MTR,TEMP_001,2026-03-01T15:29:00+00:00,-18.474194211871787,0,NORMAL,0,test,6.993134498596191,lstm-ae-v1
MTR,TEMP_001,2026-03-01T15:30:00+00:00,-18.828068737826104,0,NORMAL,0,test,6.969233512878418,lstm-ae-v1
MTR,TEMP_001,2026-03-01T15:31:00+00:00,-18.611180451395125,0,NORMAL,0,test,6.95862340927124,lstm-ae-v1
MTR,TEMP_001,2026-03-01T15:32:00+00:00,-18.574267451118143,0,NORMAL,0,test,6.922398567199707,lstm-ae-v1
MTR,TEMP_001,2026-03-01T15:33:00+00:00,-18.12828534641038,0,NORMAL,0,test,6.8174943923950195,lstm-ae-v1
MTR,TEMP_001,2026-03-01T15:34:00+00:00,-18.491612182777597,0,NORMAL,0,test,6.771632671356201,lstm-ae-v1
MTR,TEMP_001,2026-03-01T15:35:00+00:00,-18.04446578584021,0,NORMAL,0,test,6.661336421966553,lstm-ae-v1
MTR,TEMP_001,2026-03-01T15:36:00+00:00,-18.41247731576056,0,NORMAL,0,test,6.622893333435059,lstm-ae-v1
MTR,TEMP_001,2026-03-01T15:37:00+00:00,-18.59991565093178,0,NORMAL,0,test,6.6175007820129395,lstm-ae-v1
MTR,TEMP_001,2026-03-01T15:38:00+00:00,-18.45994528939432,0,NORMAL,0,test,6.58333683013916,lstm-ae-v1
MTR,TEMP_001,2026-03-01T15:39:00+00:00,-18.415791497558654,0,NORMAL,0,test,6.540244102478027,lstm-ae-v1
MTR,TEMP_001,2026-03-01T15:40:00+00:00,-18.487423768927297,0,NORMAL,0,test,6.468199253082275,lstm-ae-v1
MTR,TEMP_001,2026-03-01T15:41:00+00:00,-18.2351501259507,0,NORMAL,0,test,6.393026351928711,lstm-ae-v1
MTR,TEMP_001,2026-03-01T15:42:00+00:00,-18.40135496736482,0,NORMAL,0,test,6.3489766120910645,lstm-ae-v1
MTR,TEMP_001,2026-03-01T15:43:00+00:00,-18.44731891079642,0,NORMAL,0,test,6.22840690612793,lstm-ae-v1
MTR,TEMP_001,2026-03-01T15:44:00+00:00,-18.20098380471533,0,NORMAL,0,test,6.181666851043701,lstm-ae-v1
MTR,TEMP_001,2026-03-01T15:45:00+00:00,-18.46934517919286,0,NORMAL,0,test,6.093388080596924,lstm-ae-v1
MTR,TEMP_001,2026-03-01T15:46:00+00:00,-18.321195051731863,0,NORMAL,0,test,6.066656112670898,lstm-ae-v1
MTR,TEMP_001,2026-03-01T15:47:00+00:00,-18.662630432217107,0,NORMAL,0,test,6.132187843322754,lstm-ae-v1
MTR,TEMP_001,2026-03-01T15:48:00+00:00,-18.639650597110094,0,NORMAL,0,test,6.1976728439331055,lstm-ae-v1
MTR,TEMP_001,2026-03-01T15:49:00+00:00,-18.616001460609382,0,NORMAL,0,test,6.201671123504639,lstm-ae-v1
MTR,TEMP_001,2026-03-01T15:50:00+00:00,-19.063265607712527,0,NORMAL,0,test,6.286400318145752,lstm-ae-v1
MTR,TEMP_001,2026-03-01T15:51:00+00:00,-18.99201558563627,0,NORMAL,0,test,6.400105953216553,lstm-ae-v1
MTR,TEMP_001,2026-03-01T15:52:00+00:00,-19.229882955198317,0,NORMAL,0,test,6.487435340881348,lstm-ae-v1
MTR,TEMP_001,2026-03-01T15:53:00+00:00,-19.19042980220913,0,NORMAL,0,test,6.623234748840332,lstm-ae-v1
MTR,TEMP_001,2026-03-01T15:54:00+00:00,-19.137922724484877,0,NORMAL,0,test,6.708107948303223,lstm-ae-v1
MTR,TEMP_001,2026-03-01T15:55:00+00:00,-19.17416142791184,0,NORMAL,0,test,6.793553829193115,lstm-ae-v1
MTR,TEMP_001,2026-03-01T15:56:00+00:00,-18.953838011553835,0,NORMAL,0,test,6.836567401885986,lstm-ae-v1
MTR,TEMP_001,2026-03-01T15:57:00+00:00,-19.030665581394565,0,NORMAL,0,test,6.879032611846924,lstm-ae-v1
MTR,TEMP_001,2026-03-01T15:58:00+00:00,-18.91277146592668,0,NORMAL,0,test,6.932047367095947,lstm-ae-v1
MTR,TEMP_001,2026-03-01T15:59:00+00:00,-18.924854483203937,0,NORMAL,0,test,6.9796223640441895,lstm-ae-v1
MTR,TEMP_001,2026-03-01T16:00:00+00:00,-18.67298131464371,0,NORMAL,0,test,6.919890880584717,lstm-ae-v1
MTR,TEMP_001,2026-03-01T16:01:00+00:00,-18.790639632204066,0,NORMAL,0,test,6.9132304191589355,lstm-ae-v1
MTR,TEMP_001,2026-03-01T16:02:00+00:00,-18.855068752292617,0,NORMAL,0,test,6.930865287780762,lstm-ae-v1
MTR,TEMP_001,2026-03-01T16:03:00+00:00,-18.874564827204757,0,NORMAL,0,test,7.023953914642334,lstm-ae-v1
MTR,TEMP_001,2026-03-01T16:04:00+00:00,-18.960756419535816,0,NORMAL,0,test,7.081860542297363,lstm-ae-v1
MTR,TEMP_001,2026-03-01T16:05:00+00:00,-18.936369254328746,0,NORMAL,0,test,7.203619956970215,lstm-ae-v1
MTR,TEMP_001,2026-03-01T16:06:00+00:00,-19.00302569291818,0,NORMAL,0,test,7.285345554351807,lstm-ae-v1
MTR,TEMP_001,2026-03-01T16:07:00+00:00,-19.127603235551337,0,NORMAL,0,test,7.365328788757324,lstm-ae-v1
MTR,TEMP_001,2026-03-01T16:08:00+00:00,-19.088082677185472,0,NORMAL,0,test,7.461442470550537,lstm-ae-v1
MTR,TEMP_001,2026-03-01T16:09:00+00:00,-18.919908409570933,0,NORMAL,0,test,7.527827739715576,lstm-ae-v1
MTR,TEMP_001,2026-03-01T16:10:00+00:00,-19.099300523902087,0,NORMAL,0,test,7.615703105926514,lstm-ae-v1
MTR,TEMP_001,2026-03-01T16:11:00+00:00,-19.12566616742992,0,NORMAL,0,test,7.7545342445373535,lstm-ae-v1
MTR,TEMP_001,2026-03-01T16:12:00+00:00,-19.051872150890045,0,NORMAL,0,test,7.85503625869751,lstm-ae-v1
MTR,TEMP_001,2026-03-01T16:13:00+00:00,-18.77515473854226,0,NORMAL,0,test,7.889864444732666,lstm-ae-v1
MTR,TEMP_001,2026-03-01T16:14:00+00:00,-19.30732705839742,0,NORMAL,0,test,8.068522453308105,lstm-ae-v1
MTR,TEMP_001,2026-03-01T16:15:00+00:00,-19.118996619448957,0,NORMAL,0,test,8.184795379638672,lstm-ae-v1
MTR,TEMP_001,2026-03-01T16:16:00+00:00,-19.38457388548656,0,NORMAL,0,test,8.375435829162598,lstm-ae-v1
MTR,TEMP_001,2026-03-01T16:17:00+00:00,-19.13509129426,0,NORMAL,0,test,8.463153839111328,lstm-ae-v1
MTR,TEMP_001,2026-03-01T16:18:00+00:00,-19.08784546986559,0,NORMAL,0,test,8.53358268737793,lstm-ae-v1
MTR,TEMP_001,2026-03-01T16:19:00+00:00,-19.19499527030987,0,NORMAL,0,test,8.629579544067383,lstm-ae-v1
MTR,TEMP_001,2026-03-01T16:20:00+00:00,-19.19471357050116,0,NORMAL,0,test,8.652167320251465,lstm-ae-v1
MTR,TEMP_001,2026-03-01T16:21:00+00:00,-19.44972470129499,0,NORMAL,0,test,8.74233341217041,lstm-ae-v1
MTR,TEMP_001,2026-03-01T16:22:00+00:00,-19.34122269647232,0,NORMAL,0,test,8.768242835998535,lstm-ae-v1
MTR,TEMP_001,2026-03-01T16:23:00+00:00,-19.30684468936781,0,NORMAL,0,test,8.784713745117188,lstm-ae-v1
MTR,TEMP_001,2026-03-01T16:24:00+00:00,-19.346183043384745,0,NORMAL,0,test,8.814932823181152,lstm-ae-v1
MTR,TEMP_001,2026-03-01T16:25:00+00:00,-19.217734145322723,0,NORMAL,0,test,8.808337211608887,lstm-ae-v1
MTR,TEMP_001,2026-03-01T16:26:00+00:00,-19.292535250852232,0,NORMAL,0,test,8.8530912399292,lstm-ae-v1
MTR,TEMP_001,2026-03-01T16:27:00+00:00,-19.3953256475373,0,NORMAL,0,test,8.909826278686523,lstm-ae-v1
MTR,TEMP_001,2026-03-01T16:28:00+00:00,-19.432028651641996,0,NORMAL,0,test,8.997870445251465,lstm-ae-v1
MTR,TEMP_001,2026-03-01T16:29:00+00:00,-19.5574541512967,0,NORMAL,0,test,9.11154556274414,lstm-ae-v1
MTR,TEMP_001,2026-03-01T16:30:00+00:00,-19.225873012541307,0,NORMAL,0,test,9.193377494812012,lstm-ae-v1
MTR,TEMP_001,2026-03-01T16:31:00+00:00,-19.06181006445483,0,NORMAL,0,test,9.209474563598633,lstm-ae-v1
MTR,TEMP_001,2026-03-01T16:32:00+00:00,-18.938340748935715,0,NORMAL,0,test,9.187291145324707,lstm-ae-v1
MTR,TEMP_001,2026-03-01T16:33:00+00:00,-18.722175978489226,0,NORMAL,0,test,9.119719505310059,lstm-ae-v1
MTR,TEMP_001,2026-03-01T16:34:00+00:00,-18.87588212169324,0,NORMAL,0,test,9.072942733764648,lstm-ae-v1
MTR,TEMP_001,2026-03-01T16:35:00+00:00,-18.817839658131614,0,NORMAL,0,test,9.032118797302246,lstm-ae-v1
MTR,TEMP_001,2026-03-01T16:36:00+00:00,-18.774964384699913,0,NORMAL,0,test,8.976350784301758,lstm-ae-v1
MTR,TEMP_001,2026-03-01T16:37:00+00:00,-18.84078272412395,0,NORMAL,0,test,8.917586326599121,lstm-ae-v1
MTR,TEMP_001,2026-03-01T16:38:00+00:00,-18.911589347846224,0,NORMAL,0,test,8.887803077697754,lstm-ae-v1
MTR,TEMP_001,2026-03-01T16:39:00+00:00,-18.46851130119512,0,NORMAL,0,test,8.803232192993164,lstm-ae-v1
MTR,VIB_001,2026-03-01T14:39:00+00:00,0.7543422840075181,0,NORMAL,0,test,2.0459365844726562,lstm-ae-v1
MTR,VIB_001,2026-03-01T14:40:00+00:00,0.7553417448536738,0,NORMAL,0,test,2.033611536026001,lstm-ae-v1
MTR,VIB_001,2026-03-01T14:41:00+00:00,0.7606147285022474,0,NORMAL,0,test,2.012524127960205,lstm-ae-v1
MTR,VIB_001,2026-03-01T14:42:00+00:00,0.7604171258184977,0,NORMAL,0,test,1.9318300485610962,lstm-ae-v1
MTR,VIB_001,2026-03-01T14:43:00+00:00,0.7646499986484774,0,NORMAL,0,test,1.9545323848724365,lstm-ae-v1
MTR,VIB_001,2026-03-01T14:44:00+00:00,0.7545205731397573,0,NORMAL,0,test,1.918894648551941,lstm-ae-v1
MTR,VIB_001,2026-03-01T14:45:00+00:00,0.7397007057662889,0,NORMAL,0,test,2.013425588607788,lstm-ae-v1
MTR,VIB_001,2026-03-01T14:46:00+00:00,0.7752863834413024,0,NORMAL,0,test,1.9756271839141846,lstm-ae-v1
MTR,VIB_001,2026-03-01T14:47:00+00:00,0.7825602300975322,0,NORMAL,0,test,1.9308327436447144,lstm-ae-v1
MTR,VIB_001,2026-03-01T14:48:00+00:00,0.7591295323066146,0,NORMAL,0,test,1.9381678104400635,lstm-ae-v1
MTR,VIB_001,2026-03-01T14:49:00+00:00,0.7130365910864794,0,NORMAL,0,test,2.111359119415283,lstm-ae-v1
MTR,VIB_001,2026-03-01T14:50:00+00:00,0.7026560128539314,0,NORMAL,0,test,2.294741153717041,lstm-ae-v1
MTR,VIB_001,2026-03-01T14:51:00+00:00,0.7530955265720175,0,NORMAL,0,test,2.394854784011841,lstm-ae-v1
MTR,VIB_001,2026-03-01T14:52:00+00:00,0.7609207503430366,0,NORMAL,0,test,2.411719560623169,lstm-ae-v1
MTR,VIB_001,2026-03-01T14:53:00+00:00,0.74156863515514,0,NORMAL,0,test,2.5224227905273438,lstm-ae-v1
MTR,VIB_001,2026-03-01T14:54:00+00:00,0.7497374503100255,0,NORMAL,0,test,2.601688861846924,lstm-ae-v1
MTR,VIB_001,2026-03-01T14:55:00+00:00,0.7292435500585166,0,NORMAL,0,test,2.686596155166626,lstm-ae-v1
MTR,VIB_001,2026-03-01T14:56:00+00:00,0.7571433753903402,0,NORMAL,0,test,2.726971387863159,lstm-ae-v1
MTR,VIB_001,2026-03-01T14:57:00+00:00,0.6954049608787183,0,NORMAL,0,test,2.8270115852355957,lstm-ae-v1
MTR,VIB_001,2026-03-01T14:58:00+00:00,0.7254043383768525,0,NORMAL,0,test,2.9218037128448486,lstm-ae-v1
MTR,VIB_001,2026-03-01T14:59:00+00:00,0.75416966283867,0,NORMAL,0,test,2.9336228370666504,lstm-ae-v1
MTR,VIB_001,2026-03-01T15:00:00+00:00,0.7761405395944483,0,NORMAL,0,test,2.8532731533050537,lstm-ae-v1
MTR,VIB_001,2026-03-01T15:01:00+00:00,0.7407545226317591,0,NORMAL,0,test,2.781524658203125,lstm-ae-v1
MTR,VIB_001,2026-03-01T15:02:00+00:00,0.7470299860417453,0,NORMAL,0,test,2.743138313293457,lstm-ae-v1
MTR,VIB_001,2026-03-01T15:03:00+00:00,0.7461484610865031,0,NORMAL,0,test,2.732036828994751,lstm-ae-v1
MTR,VIB_001,2026-03-01T15:04:00+00:00,0.7538608105547682,0,NORMAL,0,test,2.779254913330078,lstm-ae-v1
MTR,VIB_001,2026-03-01T15:05:00+00:00,0.7188389686940164,0,NORMAL,0,test,2.825199842453003,lstm-ae-v1
MTR,VIB_001,2026-03-01T15:06:00+00:00,0.7247399654034358,0,NORMAL,0,test,2.8993678092956543,lstm-ae-v1
MTR,VIB_001,2026-03-01T15:07:00+00:00,0.6996290746242189,0,NORMAL,0,test,3.014972448348999,lstm-ae-v1
MTR,VIB_001,2026-03-01T15:08:00+00:00,0.7104480185204598,0,NORMAL,0,test,3.167659044265747,lstm-ae-v1
MTR,VIB_001,2026-03-01T15:09:00+00:00,0.7072089627208175,0,NORMAL,0,test,3.3053512573242188,lstm-ae-v1
MTR,VIB_001,2026-03-01T15:10:00+00:00,0.6829171600694968,0,NORMAL,0,test,3.542915105819702,lstm-ae-v1
MTR,VIB_001,2026-03-01T15:11:00+00:00,0.651169476282187,0,NORMAL,0,test,3.97609543800354,lstm-ae-v1
MTR,VIB_001,2026-03-01T15:12:00+00:00,0.6549248998711242,0,NORMAL,0,test,4.417287349700928,lstm-ae-v1
MTR,VIB_001,2026-03-01T15:13:00+00:00,0.6798317546818037,0,NORMAL,0,test,4.730114936828613,lstm-ae-v1
MTR,VIB_001,2026-03-01T15:14:00+00:00,0.7013482823613917,0,NORMAL,0,test,4.8879780769348145,lstm-ae-v1
MTR,VIB_001,2026-03-01T15:15:00+00:00,0.6692682431211969,0,NORMAL,0,test,5.139132499694824,lstm-ae-v1
MTR,VIB_001,2026-03-01T15:16:00+00:00,0.7036093130492792,0,NORMAL,0,test,5.331999778747559,lstm-ae-v1
MTR,VIB_001,2026-03-01T15:17:00+00:00,0.6829496565215487,0,NORMAL,0,test,5.619603633880615,lstm-ae-v1
MTR,VIB_001,2026-03-01T15:18:00+00:00,0.657320889343998,0,NORMAL,0,test,6.000269412994385,lstm-ae-v1
MTR,VIB_001,2026-03-01T15:19:00+00:00,0.7068668205385772,0,NORMAL,0,test,5.975314140319824,lstm-ae-v1
MTR,VIB_001,2026-03-01T15:20:00+00:00,0.7043118223619829,0,NORMAL,0,test,5.886232376098633,lstm-ae-v1
MTR,VIB_001,2026-03-01T15:21:00+00:00,0.6844008869764112,0,NORMAL,0,test,6.07692813873291,lstm-ae-v1
MTR,VIB_001,2026-03-01T15:22:00+00:00,0.701598748773901,0,NORMAL,0,test,6.221399784088135,lstm-ae-v1
MTR,VIB_001,2026-03-01T15:23:00+00:00,0.6935806176664642,0,NORMAL,0,test,6.339414596557617,lstm-ae-v1
MTR,VIB_001,2026-03-01T15:24:00+00:00,0.6804190218487332,0,NORMAL,0,test,6.560385227203369,lstm-ae-v1
MTR,VIB_001,2026-03-01T15:25:00+00:00,0.6760766342578309,0,NORMAL,0,test,6.745108604431152,lstm-ae-v1
MTR,VIB_001,2026-03-01T15:26:00+00:00,0.6970950025181047,0,NORMAL,0,test,6.913058280944824,lstm-ae-v1
MTR,VIB_001,2026-03-01T15:27:00+00:00,0.7323129857278233,0,NORMAL,0,test,6.691247463226318,lstm-ae-v1
MTR,VIB_001,2026-03-01T15:28:00+00:00,0.7189658240441414,0,NORMAL,0,test,6.630776882171631,lstm-ae-v1
MTR,VIB_001,2026-03-01T15:29:00+00:00,0.7372104333992285,0,NORMAL,0,test,6.619077682495117,lstm-ae-v1
MTR,VIB_001,2026-03-01T15:30:00+00:00,0.7363053050028711,0,NORMAL,0,test,6.673102855682373,lstm-ae-v1
MTR,VIB_001,2026-03-01T15:31:00+00:00,0.7663341980384439,0,NORMAL,0,test,6.574522018432617,lstm-ae-v1
MTR,VIB_001,2026-03-01T15:32:00+00:00,0.7582967370924815,0,NORMAL,0,test,6.509174823760986,lstm-ae-v1
MTR,VIB_001,2026-03-01T15:33:00+00:00,0.7840270519150472,0,NORMAL,0,test,6.464652061462402,lstm-ae-v1
MTR,VIB_001,2026-03-01T15:34:00+00:00,0.7746210144378872,0,NORMAL,0,test,6.417018413543701,lstm-ae-v1
MTR,VIB_001,2026-03-01T15:35:00+00:00,0.7389890538291872,0,NORMAL,0,test,6.305785655975342,lstm-ae-v1
MTR,VIB_001,2026-03-01T15:36:00+00:00,0.7464666546255407,0,NORMAL,0,test,6.269757270812988,lstm-ae-v1
MTR,VIB_001,2026-03-01T15:37:00+00:00,0.7367958741863349,0,NORMAL,0,test,6.157241344451904,lstm-ae-v1
MTR,VIB_001,2026-03-01T15:38:00+00:00,0.695814073198242,0,NORMAL,0,test,6.19550895690918,lstm-ae-v1
MTR,VIB_001,2026-03-01T15:39:00+00:00,0.7420669040719001,0,NORMAL,0,test,6.182223320007324,lstm-ae-v1
MTR,VIB_001,2026-03-01T15:40:00+00:00,0.6991428450585395,0,NORMAL,0,test,6.110273838043213,lstm-ae-v1
MTR,VIB_001,2026-03-01T15:41:00+00:00,0.7306561134206524,0,NORMAL,0,test,5.8754377365112305,lstm-ae-v1
MTR,VIB_001,2026-03-01T15:42:00+00:00,0.7444128138617453,0,NORMAL,0,test,5.592223167419434,lstm-ae-v1
MTR,VIB_001,2026-03-01T15:43:00+00:00,0.7186098069266342,0,NORMAL,0,test,5.442759037017822,lstm-ae-v1
MTR,VIB_001,2026-03-01T15:44:00+00:00,0.7217707520328475,0,NORMAL,0,test,5.411077976226807,lstm-ae-v1
MTR,VIB_001,2026-03-01T15:45:00+00:00,0.7124886572047542,0,NORMAL,0,test,5.268269062042236,lstm-ae-v1
MTR,VIB_001,2026-03-01T15:46:00+00:00,0.7433519174886796,0,NORMAL,0,test,5.200384616851807,lstm-ae-v1
MTR,VIB_001,2026-03-01T15:47:00+00:00,0.7064262246992685,0,NORMAL,0,test,5.111839771270752,lstm-ae-v1
MTR,VIB_001,2026-03-01T15:48:00+00:00,0.7527056655732839,0,NORMAL,0,test,4.823800563812256,lstm-ae-v1
MTR,VIB_001,2026-03-01T15:49:00+00:00,0.7221674135834787,0,NORMAL,0,test,4.758107662200928,lstm-ae-v1
MTR,VIB_001,2026-03-01T15:50:00+00:00,0.7167707341501444,0,NORMAL,0,test,4.732351779937744,lstm-ae-v1
MTR,VIB_001,2026-03-01T15:51:00+00:00,0.7067695516140196,0,NORMAL,0,test,4.66608190536499,lstm-ae-v1
MTR,VIB_001,2026-03-01T15:52:00+00:00,0.7240883756746553,0,NORMAL,0,test,4.613440990447998,lstm-ae-v1
MTR,VIB_001,2026-03-01T15:53:00+00:00,0.6772810743673802,0,NORMAL,0,test,4.6926469802856445,lstm-ae-v1
MTR,VIB_001,2026-03-01T15:54:00+00:00,0.7007461607521107,0,NORMAL,0,test,4.647965431213379,lstm-ae-v1
MTR,VIB_001,2026-03-01T15:55:00+00:00,0.7380875736653879,0,NORMAL,0,test,4.413389682769775,lstm-ae-v1
MTR,VIB_001,2026-03-01T15:56:00+00:00,0.7218743947454108,0,NORMAL,0,test,4.28386116027832,lstm-ae-v1
MTR,VIB_001,2026-03-01T15:57:00+00:00,0.721389224798588,0,NORMAL,0,test,4.2939839363098145,lstm-ae-v1
MTR,VIB_001,2026-03-01T15:58:00+00:00,0.770271517039475,0,NORMAL,0,test,4.141302585601807,lstm-ae-v1
MTR,VIB_001,2026-03-01T15:59:00+00:00,0.7550535828633121,0,NORMAL,0,test,4.049784183502197,lstm-ae-v1
MTR,VIB_001,2026-03-01T16:00:00+00:00,0.7238538230733044,0,NORMAL,0,test,4.029394149780273,lstm-ae-v1
MTR,VIB_001,2026-03-01T16:01:00+00:00,0.7358582471905156,0,NORMAL,0,test,4.109193325042725,lstm-ae-v1
MTR,VIB_001,2026-03-01T16:02:00+00:00,0.7459672833263076,0,NORMAL,0,test,4.14492130279541,lstm-ae-v1
MTR,VIB_001,2026-03-01T16:03:00+00:00,0.7629259469681277,0,NORMAL,0,test,4.218866348266602,lstm-ae-v1
MTR,VIB_001,2026-03-01T16:04:00+00:00,0.719800845641285,0,NORMAL,0,test,4.305346488952637,lstm-ae-v1
MTR,VIB_001,2026-03-01T16:05:00+00:00,0.743072888949969,0,NORMAL,0,test,4.325540065765381,lstm-ae-v1
MTR,VIB_001,2026-03-01T16:06:00+00:00,0.7224584024642552,0,NORMAL,0,test,4.374338626861572,lstm-ae-v1
MTR,VIB_001,2026-03-01T16:07:00+00:00,0.7231539039020097,0,NORMAL,0,test,4.426079273223877,lstm-ae-v1
MTR,VIB_001,2026-03-01T16:08:00+00:00,0.7198526521890266,0,NORMAL,0,test,4.3412322998046875,lstm-ae-v1
MTR,VIB_001,2026-03-01T16:09:00+00:00,0.7288651925247008,0,NORMAL,0,test,4.402546405792236,lstm-ae-v1
MTR,VIB_001,2026-03-01T16:10:00+00:00,0.7489723139606903,0,NORMAL,0,test,4.274057865142822,lstm-ae-v1
MTR,VIB_001,2026-03-01T16:11:00+00:00,0.7691009765806893,0,NORMAL,0,test,4.215677738189697,lstm-ae-v1
MTR,VIB_001,2026-03-01T16:12:00+00:00,0.7524397793684898,0,NORMAL,0,test,4.1825785636901855,lstm-ae-v1
MTR,VIB_001,2026-03-01T16:13:00+00:00,0.7455825020910943,0,NORMAL,0,test,4.099634647369385,lstm-ae-v1
MTR,VIB_001,2026-03-01T16:14:00+00:00,0.7574389409105198,0,NORMAL,0,test,4.024950981140137,lstm-ae-v1
MTR,VIB_001,2026-03-01T16:15:00+00:00,0.7372564795683918,0,NORMAL,0,test,3.929870367050171,lstm-ae-v1
MTR,VIB_001,2026-03-01T16:16:00+00:00,0.7329751135877046,0,NORMAL,0,test,3.965972900390625,lstm-ae-v1
MTR,VIB_001,2026-03-01T16:17:00+00:00,0.7288714821303356,0,NORMAL,0,test,3.893204689025879,lstm-ae-v1
MTR,VIB_001,2026-03-01T16:18:00+00:00,0.7480669970035023,0,NORMAL,0,test,3.9417316913604736,lstm-ae-v1
MTR,VIB_001,2026-03-01T16:19:00+00:00,0.7315517923604018,0,NORMAL,0,test,3.905228853225708,lstm-ae-v1
MTR,VIB_001,2026-03-01T16:20:00+00:00,0.7379801029939712,0,NORMAL,0,test,3.8589894771575928,lstm-ae-v1
MTR,VIB_001,2026-03-01T16:21:00+00:00,0.7373515478064427,0,NORMAL,0,test,3.7691705226898193,lstm-ae-v1
MTR,VIB_001,2026-03-01T16:22:00+00:00,0.7419326950706708,0,NORMAL,0,test,3.736943244934082,lstm-ae-v1
MTR,VIB_001,2026-03-01T16:23:00+00:00,0.7312042423858482,0,NORMAL,0,test,3.535130739212036,lstm-ae-v1
MTR,VIB_001,2026-03-01T16:24:00+00:00,0.7148265209455117,0,NORMAL,0,test,3.457108974456787,lstm-ae-v1
MTR,VIB_001,2026-03-01T16:25:00+00:00,0.7500218191246075,0,NORMAL,0,test,3.4738917350769043,lstm-ae-v1
MTR,VIB_001,2026-03-01T16:26:00+00:00,0.7079063341655926,0,NORMAL,0,test,3.4676640033721924,lstm-ae-v1
MTR,VIB_001,2026-03-01T16:27:00+00:00,0.7606782967901498,0,NORMAL,0,test,3.418391466140747,lstm-ae-v1
MTR,VIB_001,2026-03-01T16:28:00+00:00,0.7039027628682247,0,NORMAL,0,test,3.5387115478515625,lstm-ae-v1
MTR,VIB_001,2026-03-01T16:29:00+00:00,0.7545043345385953,0,NORMAL,0,test,3.59902286529541,lstm-ae-v1
MTR,VIB_001,2026-03-01T16:30:00+00:00,0.7247177665222232,0,NORMAL,0,test,3.5608060359954834,lstm-ae-v1
MTR,VIB_001,2026-03-01T16:31:00+00:00,0.7352492859970524,0,NORMAL,0,test,3.5699615478515625,lstm-ae-v1
MTR,VIB_001,2026-03-01T16:32:00+00:00,0.7494757366704692,0,NORMAL,0,test,3.577667236328125,lstm-ae-v1
MTR,VIB_001,2026-03-01T16:33:00+00:00,0.731316676639483,0,NORMAL,0,test,3.640882968902588,lstm-ae-v1
MTR,VIB_001,2026-03-01T16:34:00+00:00,0.7415157776765773,0,NORMAL,0,test,3.583969831466675,lstm-ae-v1
MTR,VIB_001,2026-03-01T16:35:00+00:00,0.806889451679822,0,NORMAL,0,test,3.5665652751922607,lstm-ae-v1
MTR,VIB_001,2026-03-01T16:36:00+00:00,0.7627191606926154,0,NORMAL,0,test,3.398549795150757,lstm-ae-v1
MTR,VIB_001,2026-03-01T16:37:00+00:00,0.7568893171106281,0,NORMAL,0,test,3.289985179901123,lstm-ae-v1
MTR,VIB_001,2026-03-01T16:38:00+00:00,0.7702821781129361,0,NORMAL,0,test,3.160512685775757,lstm-ae-v1
MTR,VIB_001,2026-03-01T16:39:00+00:00,0.7447416137647098,0,NORMAL,0,test,3.0863113403320312,lstm-ae-v1
